% time-domain voltage integration by openEMS v0.37.0-rc1-2-g7b051bb @Sun Jul 12 15:41:09 2026
% start-coordinates: (0.0021848,0.00410016,-0.000762) m -> [61,110,14]
% stop-coordinates: (0.00241285,0.00410016,-0.000762) m -> [65,110,14]
% t/s	voltage
0	0
1.24019037945e-12	0
2.4803807589e-12	0
3.72057113836e-12	0
4.96076151781e-12	0
6.20095189726e-12	0
7.44114227671e-12	0
8.68133265617e-12	0
9.92152303562e-12	0
1.11617134151e-11	0
1.24019037945e-11	0
1.3642094174e-11	0
1.48822845534e-11	0
1.61224749329e-11	0
1.73626653123e-11	0
1.86028556918e-11	0
1.98430460712e-11	0
2.10832364507e-11	0
2.23234268301e-11	0
2.35636172096e-11	0
2.4803807589e-11	0
2.60439979685e-11	0
2.7284188348e-11	0
2.85243787274e-11	0
2.97645691069e-11	0
3.10047594863e-11	0
3.22449498658e-11	0
3.34851402452e-11	0
3.47253306247e-11	0
3.59655210041e-11	0
3.72057113836e-11	0
3.8445901763e-11	0
3.96860921425e-11	0
4.09262825219e-11	0
4.21664729014e-11	0
4.34066632808e-11	0
4.46468536603e-11	0
4.58870440397e-11	0
4.71272344192e-11	0
4.83674247986e-11	0
4.96076151781e-11	1.36613159645e-34
5.08478055575e-11	2.19461959418e-32
5.2087995937e-11	2.3657586471e-30
5.33281863164e-11	1.87180616711e-28
5.45683766959e-11	1.09936335605e-26
5.58085670754e-11	4.8386399554e-25
5.70487574548e-11	1.60936747841e-23
5.82889478343e-11	4.0759221185e-22
5.95291382137e-11	7.91545597043e-21
6.07693285932e-11	1.18663319174e-19
6.20095189726e-11	1.38243544735e-18
6.32497093521e-11	1.26015901909e-17
6.44898997315e-11	9.05014238466e-17
6.5730090111e-11	5.15288648727e-16
6.69702804904e-11	2.33403067932e-15
6.82104708699e-11	8.36995204489e-15
6.94506612493e-11	2.30998751147e-14
7.06908516288e-11	4.38603184974e-14
7.19310420082e-11	2.33228980427e-14
7.31712323877e-11	-2.31412884189e-13
7.44114227671e-11	-1.25035686015e-12
7.56516131466e-11	-4.119534683e-12
7.6891803526e-11	-1.03826387592e-11
7.81319939055e-11	-2.06870100477e-11
7.93721842849e-11	-3.03158886883e-11
8.06123746644e-11	-1.88611476697e-11
8.18525650439e-11	6.84339616225e-11
8.30927554233e-11	3.46475646784e-10
8.43329458028e-11	1.01211480863e-09
8.55731361822e-11	2.33297955954e-09
8.68133265617e-11	4.55275350753e-09
8.80535169411e-11	7.65036700656e-09
8.92937073206e-11	1.09108989621e-08
9.05338977e-11	1.23440925259e-08
9.17740880795e-11	8.13849465597e-09
9.30142784589e-11	-7.45051254025e-09
9.42544688384e-11	-4.11859493177e-08
9.54946592178e-11	-9.82882664147e-08
9.67348495973e-11	-1.77960915337e-07
9.79750399767e-11	-2.67637130236e-07
9.92152303562e-11	-3.37969023434e-07
1.00455420736e-10	-3.41972157258e-07
1.01695611115e-10	-2.22209740386e-07
1.02935801495e-10	7.15771566462e-08
1.04175991874e-10	5.55939152491e-07
1.05416182253e-10	1.18558547513e-06
1.06656372633e-10	1.83630743322e-06
1.07896563012e-10	2.31319663158e-06
1.09136753392e-10	2.39308761252e-06
1.10376943771e-10	1.89736820744e-06
1.11617134151e-10	7.74669693726e-07
1.1285732453e-10	-8.39801288066e-07
1.1409751491e-10	-2.62188726197e-06
1.15337705289e-10	-4.13008757505e-06
1.16577895669e-10	-4.93834318149e-06
1.17818086048e-10	-4.78609280208e-06
1.19058276427e-10	-3.68532448647e-06
1.20298466807e-10	-1.93417625383e-06
1.21538657186e-10	-2.24941327787e-08
1.22778847566e-10	1.53801754266e-06
1.24019037945e-10	2.39046391926e-06
1.25259228325e-10	2.44286016482e-06
1.26499418704e-10	1.86881678133e-06
1.27739609084e-10	1.00724679442e-06
1.28979799463e-10	2.14454505709e-07
1.30219989842e-10	-2.62797321682e-07
1.31460180222e-10	-3.44945352282e-07
1.32700370601e-10	-1.0086000124e-07
1.33940560981e-10	3.17685191931e-07
1.3518075136e-10	7.4568018249e-07
1.3642094174e-10	1.0492712903e-06
1.37661132119e-10	1.14101794679e-06
1.38901322499e-10	9.80554119678e-07
1.40141512878e-10	5.76114167927e-07
1.41381703258e-10	-1.03308104293e-08
1.42621893637e-10	-6.64285146001e-07
1.43862084016e-10	-1.23823620868e-06
1.45102274396e-10	-1.59154811286e-06
1.46342464775e-10	-1.63861191993e-06
1.47582655155e-10	-1.3843148281e-06
1.48822845534e-10	-9.27708939003e-07
1.50063035914e-10	-4.27022957439e-07
1.51303226293e-10	-3.65201215935e-08
1.52543416673e-10	1.59197366401e-07
1.53783607052e-10	1.83124731379e-07
1.55023797432e-10	1.54890383186e-07
1.56263987811e-10	2.31430654196e-07
1.5750417819e-10	5.24606640795e-07
1.5874436857e-10	1.03596438805e-06
1.59984558949e-10	1.64336489661e-06
1.61224749329e-10	2.14877917415e-06
1.62464939708e-10	2.36439501577e-06
1.63705130088e-10	2.19394709688e-06
1.64945320467e-10	1.67002767171e-06
1.66185510847e-10	9.32345301408e-07
1.67425701226e-10	1.62602386666e-07
1.68665891606e-10	-4.88652482034e-07
1.69906081985e-10	-9.48690200175e-07
1.71146272364e-10	-1.2264849687e-06
1.72386462744e-10	-1.38117113124e-06
1.73626653123e-10	-1.47757043578e-06
1.74866843503e-10	-1.5522751653e-06
1.76107033882e-10	-1.60324178466e-06
1.77347224262e-10	-1.60208701061e-06
1.78587414641e-10	-1.51827774175e-06
1.79827605021e-10	-1.34096620741e-06
1.810677954e-10	-1.08804796639e-06
1.82307985779e-10	-7.99316993039e-07
1.83548176159e-10	-5.18523975757e-07
1.84788366538e-10	-2.74113020282e-07
1.86028556918e-10	-6.80547893595e-08
1.87268747297e-10	1.22197988617e-07
1.88508937677e-10	3.30421105588e-07
1.89749128056e-10	5.83239490481e-07
1.90989318436e-10	8.84280069613e-07
1.92229508815e-10	1.20666028636e-06
1.93469699195e-10	1.49647947012e-06
1.94709889574e-10	1.68672217171e-06
1.95950079953e-10	1.71792333958e-06
1.97190270333e-10	1.5603244492e-06
1.98430460712e-10	1.22978401862e-06
1.99670651092e-10	7.89486115593e-07
2.00910841471e-10	3.33213275638e-07
2.02151031851e-10	-4.60741089725e-08
2.0339122223e-10	-2.90022754257e-07
2.0463141261e-10	-3.95182318869e-07
2.05871602989e-10	-4.08539953867e-07
2.07111793369e-10	-3.99534048512e-07
2.08351983748e-10	-4.22867440619e-07
2.09592174127e-10	-4.91854244444e-07
2.10832364507e-10	-5.75957713522e-07
2.12072554886e-10	-6.21677855861e-07
2.13312745266e-10	-5.83033681778e-07
2.14552935645e-10	-4.4371776653e-07
2.15793126025e-10	-2.21154575542e-07
2.17033316404e-10	4.51947941293e-08
2.18273506784e-10	3.10662155556e-07
2.19513697163e-10	5.37127938571e-07
2.20753887543e-10	6.96715801496e-07
2.21994077922e-10	7.70857944588e-07
2.23234268301e-10	7.5079896078e-07
2.24474458681e-10	6.41544218638e-07
2.2571464906e-10	4.65444941256e-07
2.2695483944e-10	2.59398291291e-07
2.28195029819e-10	6.3659347127e-08
2.29435220199e-10	-9.29135453021e-08
2.30675410578e-10	-2.02632094215e-07
2.31915600958e-10	-2.77748220867e-07
2.33155791337e-10	-3.38893070051e-07
2.34395981716e-10	-3.99486815184e-07
2.35636172096e-10	-4.55067151961e-07
2.36876362475e-10	-4.83563695752e-07
2.38116552855e-10	-4.56309329877e-07
2.39356743234e-10	-3.54432849292e-07
2.40596933614e-10	-1.82894337897e-07
2.41837123993e-10	2.44898514801e-08
2.43077314373e-10	2.12792457432e-07
2.44317504752e-10	3.25334546858e-07
2.45557695132e-10	3.27538359102e-07
2.46797885511e-10	2.25035432067e-07
2.4803807589e-10	6.60927064189e-08
2.4927826627e-10	-7.56871649799e-08
2.50518456649e-10	-1.33341316655e-07
2.51758647029e-10	-7.9201818437e-08
2.52998837408e-10	5.82713592934e-08
2.54239027788e-10	2.03472264815e-07
2.55479218167e-10	2.66292726536e-07
2.56719408547e-10	1.84143505777e-07
2.57959598926e-10	-4.63691831598e-08
2.59199789306e-10	-3.63493789735e-07
2.60439979685e-10	-6.62330286616e-07
2.61680170064e-10	-8.34484268353e-07
2.62920360444e-10	-8.08305642863e-07
2.64160550823e-10	-5.73939210824e-07
2.65400741203e-10	-1.85839441613e-07
2.66640931582e-10	2.556040819e-07
2.67881121962e-10	6.35057439524e-07
2.69121312341e-10	8.55810398548e-07
2.70361502721e-10	8.6697723134e-07
2.716016931e-10	6.77290628914e-07
2.7284188348e-10	3.52006537696e-07
2.74082073859e-10	-7.22949122789e-09
2.75322264238e-10	-2.94612117813e-07
2.76562454618e-10	-4.34652676518e-07
2.77802644997e-10	-4.05708213691e-07
2.79042835377e-10	-2.43297421321e-07
2.80283025756e-10	-2.19705069693e-08
2.81523216136e-10	1.75981245576e-07
2.82763406515e-10	2.90748811693e-07
2.84003596895e-10	3.01840223926e-07
2.85243787274e-10	2.26323457753e-07
2.86483977653e-10	1.03139623064e-07
2.87724168033e-10	-2.64895763102e-08
2.88964358412e-10	-1.32870400904e-07
2.90204548792e-10	-2.01462251326e-07
2.91444739171e-10	-2.28769586386e-07
2.92684929551e-10	-2.16272422193e-07
2.9392511993e-10	-1.67409016427e-07
2.9516531031e-10	-8.8724787517e-08
2.96405500689e-10	7.20354897954e-09
2.97645691069e-10	1.01395037255e-07
2.98885881448e-10	1.73369183898e-07
3.00126071827e-10	2.10072332862e-07
3.01366262207e-10	2.14363115703e-07
3.02606452586e-10	2.07296384502e-07
3.03846642966e-10	2.21111154275e-07
3.05086833345e-10	2.83786913968e-07
3.06327023725e-10	4.01421594631e-07
3.07567214104e-10	5.47215925906e-07
3.08807404484e-10	6.64191134092e-07
3.10047594863e-10	6.82959793608e-07
3.11287785243e-10	5.48747806306e-07
3.12527975622e-10	2.46863102404e-07
3.13768166001e-10	-1.84887811727e-07
3.15008356381e-10	-6.63170723669e-07
3.1624854676e-10	-1.08369903273e-06
3.1748873714e-10	-1.354121963e-06
3.18728927519e-10	-1.42245885115e-06
3.19969117899e-10	-1.29010835792e-06
3.21209308278e-10	-1.00549107174e-06
3.22449498658e-10	-6.42378438442e-07
3.23689689037e-10	-2.73447358978e-07
3.24929879416e-10	4.97710628267e-08
3.26170069796e-10	3.03603375329e-07
3.27410260175e-10	4.85712348564e-07
3.28650450555e-10	6.01799449385e-07
3.29890640934e-10	6.53884946189e-07
3.31130831314e-10	6.36704100998e-07
3.32371021693e-10	5.43698718047e-07
3.33611212073e-10	3.78455737859e-07
3.34851402452e-10	1.64032448069e-07
3.36091592832e-10	-5.59138682021e-08
3.37331783211e-10	-2.26579075502e-07
3.3857197359e-10	-2.99368327461e-07
3.3981216397e-10	-2.50076393371e-07
3.41052354349e-10	-9.00008050309e-08
3.42292544729e-10	1.35484981456e-07
3.43532735108e-10	3.61001074367e-07
3.44772925488e-10	5.22626400823e-07
3.46013115867e-10	5.78136152285e-07
3.47253306247e-10	5.18007333028e-07
3.48493496626e-10	3.63753731136e-07
3.49733687006e-10	1.56136513496e-07
3.50973877385e-10	-6.05395049647e-08
3.52214067764e-10	-2.51190751754e-07
3.53454258144e-10	-3.95385391982e-07
3.54694448523e-10	-4.85779594328e-07
3.55934638903e-10	-5.22926136171e-07
3.57174829282e-10	-5.10501863005e-07
3.58415019662e-10	-4.53160048153e-07
3.59655210041e-10	-3.56733291795e-07
3.60895400421e-10	-2.29096734472e-07
3.621355908e-10	-8.018584019e-08
3.6337578118e-10	7.87617482345e-08
3.64615971559e-10	2.35705332585e-07
3.65856161938e-10	3.77159430798e-07
3.67096352318e-10	4.87074508726e-07
3.68336542697e-10	5.47015666541e-07
3.69576733077e-10	5.39624721796e-07
3.70816923456e-10	4.55387763054e-07
3.72057113836e-10	2.99825387629e-07
3.73297304215e-10	9.7093606044e-08
3.74537494595e-10	-1.13136044533e-07
3.75777684974e-10	-2.85910303433e-07
3.77017875353e-10	-3.8495277721e-07
3.78258065733e-10	-3.94696222372e-07
3.79498256112e-10	-3.24981609623e-07
3.80738446492e-10	-2.05825321231e-07
3.81978636871e-10	-7.47443333893e-08
3.83218827251e-10	3.79733324785e-08
3.8445901763e-10	1.19349294891e-07
3.8569920801e-10	1.74614982029e-07
3.86939398389e-10	2.19116707001e-07
3.88179588769e-10	2.65497249075e-07
3.89419779148e-10	3.13009447694e-07
3.90659969527e-10	3.45032873383e-07
3.91900159907e-10	3.3656157683e-07
3.93140350286e-10	2.67799983078e-07
3.94380540666e-10	1.36970774278e-07
3.95620731045e-10	-3.49193109983e-08
3.96860921425e-10	-2.10373990228e-07
3.98101111804e-10	-3.49982066439e-07
3.99341302184e-10	-4.27751537302e-07
4.00581492563e-10	-4.39084722359e-07
4.01821682943e-10	-3.97842782718e-07
4.03061873322e-10	-3.24453015565e-07
4.04302063701e-10	-2.32550483759e-07
4.05542254081e-10	-1.22636738098e-07
4.0678244446e-10	1.31832313954e-08
4.0802263484e-10	1.78353900537e-07
4.09262825219e-10	3.59267804839e-07
4.10503015599e-10	5.21473040749e-07
4.11743205978e-10	6.18966616628e-07
4.12983396358e-10	6.13184589326e-07
4.14223586737e-10	4.92382959294e-07
4.15463777117e-10	2.81175662309e-07
4.16703967496e-10	3.44389468054e-08
4.17944157875e-10	-1.82317041464e-07
4.19184348255e-10	-3.17288701979e-07
4.20424538634e-10	-3.50303345442e-07
4.21664729014e-10	-2.96677782785e-07
4.22904919393e-10	-1.95909464651e-07
4.24145109773e-10	-9.13076680931e-08
4.25385300152e-10	-1.05791960747e-08
4.26625490532e-10	4.34689870765e-08
4.27865680911e-10	8.80854109653e-08
4.2910587129e-10	1.44949899195e-07
4.3034606167e-10	2.22103889058e-07
4.31586252049e-10	3.03140001989e-07
4.32826442429e-10	3.50075922029e-07
4.34066632808e-10	3.19570325757e-07
4.35306823188e-10	1.8549648928e-07
4.36547013567e-10	-4.30296100973e-08
4.37787203947e-10	-3.1759888941e-07
4.39027394326e-10	-5.63406786114e-07
4.40267584706e-10	-7.0473969771e-07
4.41507775085e-10	-6.92677829761e-07
4.42747965464e-10	-5.23344994008e-07
4.43988155844e-10	-2.39270292468e-07
4.45228346223e-10	8.62486633224e-08
4.46468536603e-10	3.74878595721e-07
4.47708726982e-10	5.68018549529e-07
4.48948917362e-10	6.41027263271e-07
4.50189107741e-10	6.02693177143e-07
4.51429298121e-10	4.82715755368e-07
4.526694885e-10	3.15086861491e-07
4.5390967888e-10	1.26083298468e-07
4.55149869259e-10	-6.80689389299e-08
4.56390059638e-10	-2.55007112315e-07
4.57630250018e-10	-4.17698597488e-07
4.58870440397e-10	-5.30893352391e-07
4.60110630777e-10	-5.66648324707e-07
4.61350821156e-10	-5.07405779615e-07
4.62591011536e-10	-3.59217548151e-07
4.63831201915e-10	-1.56475836732e-07
4.65071392295e-10	4.67024925399e-08
4.66311582674e-10	1.96066057612e-07
4.67551773054e-10	2.58921726726e-07
4.68791963433e-10	2.37011420268e-07
4.70032153812e-10	1.63355547755e-07
4.71272344192e-10	8.41475911173e-08
4.72512534571e-10	3.50024618179e-08
4.73752724951e-10	2.4032210888e-08
4.7499291533e-10	3.04982448185e-08
4.7623310571e-10	1.92242821662e-08
4.77473296089e-10	-3.72913220303e-08
4.78713486469e-10	-1.41227765482e-07
4.79953676848e-10	-2.65780240483e-07
4.81193867227e-10	-3.6672144077e-07
4.82434057607e-10	-4.02687582834e-07
4.83674247986e-10	-3.53711797629e-07
4.84914438366e-10	-2.29097505411e-07
4.86154628745e-10	-6.22736004985e-08
4.87394819125e-10	1.03320886069e-07
4.88635009504e-10	2.29918946104e-07
4.89875199884e-10	2.9596035489e-07
4.91115390263e-10	2.98625700168e-07
4.92355580643e-10	2.49668918428e-07
4.93595771022e-10	1.68387327193e-07
4.94835961401e-10	7.56045430705e-08
4.96076151781e-10	-1.00827024507e-08
4.9731634216e-10	-7.41526502424e-08
4.9855653254e-10	-1.07175080366e-07
4.99796722919e-10	-1.06046664783e-07
5.01036913299e-10	-7.48775113024e-08
5.02277103678e-10	-2.4337020843e-08
5.03517294058e-10	3.10973904405e-08
5.04757484437e-10	7.75370594397e-08
5.05997674817e-10	1.05974180542e-07
5.07237865196e-10	1.14530372741e-07
5.08478055575e-10	1.07695749207e-07
5.09718245955e-10	9.3190482886e-08
5.10958436334e-10	7.82076670092e-08
5.12198626714e-10	6.70057449526e-08
5.13438817093e-10	6.0521989198e-08
5.14679007473e-10	5.75523300128e-08
5.15919197852e-10	5.595314434e-08
5.17159388232e-10	5.25342214175e-08
5.18399578611e-10	4.23762189783e-08
5.19639768991e-10	1.88800233225e-08
5.2087995937e-10	-2.4031270307e-08
5.22120149749e-10	-8.75508465725e-08
5.23360340129e-10	-1.63510870621e-07
5.24600530508e-10	-2.32974045389e-07
5.25840720888e-10	-2.70450442486e-07
5.27080911267e-10	-2.53286042806e-07
5.28321101647e-10	-1.72683529698e-07
5.29561292026e-10	-4.09409945945e-08
5.30801482406e-10	1.09515474023e-07
5.32041672785e-10	2.36165092815e-07
5.33281863164e-10	3.01890874965e-07
5.34522053544e-10	2.89388747632e-07
5.35762243923e-10	2.07925980433e-07
5.37002434303e-10	8.93647484901e-08
5.38242624682e-10	-2.49491807214e-08
5.39482815062e-10	-1.00624884425e-07
5.40723005441e-10	-1.22595411156e-07
5.41963195821e-10	-9.83319772274e-08
5.432033862e-10	-5.08599922178e-08
5.4444357658e-10	-5.43321060364e-09
5.45683766959e-10	2.30762042808e-08
5.46923957338e-10	3.58924188149e-08
5.48164147718e-10	4.65481315715e-08
5.49404338097e-10	6.98014357425e-08
5.50644528477e-10	1.0997024269e-07
5.51884718856e-10	1.55376307376e-07
5.53124909236e-10	1.82683933758e-07
5.54365099615e-10	1.69216351154e-07
5.55605289995e-10	1.0641102044e-07
5.56845480374e-10	7.0884378367e-09
5.58085670754e-10	-9.80071526158e-08
5.59325861133e-10	-1.73216243127e-07
5.60566051512e-10	-1.93651956693e-07
5.61806241892e-10	-1.55650720757e-07
5.63046432271e-10	-7.71124764043e-08
5.64286622651e-10	1.19643550622e-08
5.6552681303e-10	8.31756876707e-08
5.6676700341e-10	1.20740260456e-07
5.68007193789e-10	1.25145302121e-07
5.69247384169e-10	1.08844790958e-07
5.70487574548e-10	8.76787309423e-08
5.71727764927e-10	7.26475128943e-08
5.72967955307e-10	6.58327747871e-08
5.74208145686e-10	6.18179303302e-08
5.75448336066e-10	5.2562220354e-08
5.76688526445e-10	3.2894685198e-08
5.77928716825e-10	3.85551213178e-09
5.79168907204e-10	-2.7607062858e-08
5.80409097584e-10	-5.21085250504e-08
5.81649287963e-10	-6.25379827923e-08
5.82889478343e-10	-5.75678482662e-08
5.84129668722e-10	-4.22641845965e-08
5.85369859101e-10	-2.56684931088e-08
5.86610049481e-10	-1.67334459622e-08
5.8785023986e-10	-2.05802752618e-08
5.8909043024e-10	-3.68643089388e-08
5.90330620619e-10	-6.05799197473e-08
5.91570810999e-10	-8.45186152176e-08
5.92811001378e-10	-1.01914409356e-07
5.94051191758e-10	-1.0828783914e-07
5.95291382137e-10	-1.02234760213e-07
5.96531572517e-10	-8.51320649531e-08
5.97771762896e-10	-6.0205525898e-08
5.99011953275e-10	-3.12291583704e-08
6.00252143655e-10	-1.02477715203e-09
6.01492334034e-10	2.95681816809e-08
6.02732524414e-10	6.16038358103e-08
6.03972714793e-10	9.63277937416e-08
6.05212905173e-10	1.32322673707e-07
6.06453095552e-10	1.6326447394e-07
6.07693285932e-10	1.78013975116e-07
6.08933476311e-10	1.64094297261e-07
6.10173666691e-10	1.13695476145e-07
6.1141385707e-10	2.94064133044e-08
6.12654047449e-10	-7.3481774443e-08
6.13894237829e-10	-1.70066757121e-07
6.15134428208e-10	-2.33859918097e-07
6.16374618588e-10	-2.46362713341e-07
6.17614808967e-10	-2.04301311868e-07
6.18854999347e-10	-1.2129276783e-07
6.20095189726e-10	-2.27600716052e-08
6.21335380106e-10	6.34230428176e-08
6.22575570485e-10	1.16809900419e-07
6.23815760864e-10	1.30644119523e-07
6.25055951244e-10	1.1203828798e-07
6.26296141623e-10	7.6585391362e-08
6.27536332003e-10	4.00639756926e-08
6.28776522382e-10	1.1489982632e-08
6.30016712762e-10	-9.41763256268e-09
6.31256903141e-10	-2.95683277862e-08
6.32497093521e-10	-5.62841213636e-08
6.337372839e-10	-9.11679949311e-08
6.3497747428e-10	-1.27555361829e-07
6.36217664659e-10	-1.52868651071e-07
6.37457855038e-10	-1.54625160675e-07
6.38698045418e-10	-1.26969386116e-07
6.39938235797e-10	-7.4197848754e-08
6.41178426177e-10	-9.5070051831e-09
6.42418616556e-10	5.03452297629e-08
6.43658806936e-10	9.16977986876e-08
6.44898997315e-10	1.08686590394e-07
6.46139187695e-10	1.03853402322e-07
6.47379378074e-10	8.47514174396e-08
6.48619568454e-10	5.88379149846e-08
6.49859758833e-10	2.9525401235e-08
6.51099949212e-10	-4.35007563304e-09
6.52340139592e-10	-4.54717765663e-08
6.53580329971e-10	-9.34602946145e-08
6.54820520351e-10	-1.41536412812e-07
6.5606071073e-10	-1.76820371678e-07
6.5730090111e-10	-1.84504912681e-07
6.58541091489e-10	-1.54176703404e-07
6.59781281869e-10	-8.53379562571e-08
6.61021472248e-10	1.0739440004e-08
6.62261662628e-10	1.13804482282e-07
6.63501853007e-10	2.00917908089e-07
6.64742043386e-10	2.53485069379e-07
6.65982233766e-10	2.62272568108e-07
6.67222424145e-10	2.28685841819e-07
6.68462614525e-10	1.6246501211e-07
6.69702804904e-10	7.75820279131e-08
6.70942995284e-10	-1.17143578171e-08
6.72183185663e-10	-9.33283050841e-08
6.73423376043e-10	-1.58143887319e-07
6.74663566422e-10	-1.99873177564e-07
6.75903756801e-10	-2.14901145767e-07
6.77143947181e-10	-2.02704573127e-07
6.7838413756e-10	-1.66208765862e-07
6.7962432794e-10	-1.11584904872e-07
6.80864518319e-10	-4.7295938721e-08
6.82104708699e-10	1.75664389701e-08
6.83344899078e-10	7.49699404778e-08
6.84585089458e-10	1.18995162168e-07
6.85825279837e-10	1.46141200474e-07
6.87065470217e-10	1.55154642911e-07
6.88305660596e-10	1.4664673742e-07
6.89545850975e-10	1.22597965557e-07
6.90786041355e-10	8.59078870263e-08
6.92026231734e-10	4.005382781e-08
6.93266422114e-10	-1.12294882282e-08
6.94506612493e-10	-6.38670183406e-08
6.95746802873e-10	-1.12911774153e-07
6.96986993252e-10	-1.52144249199e-07
6.98227183632e-10	-1.74272196674e-07
6.99467374011e-10	-1.72140204313e-07
7.00707564391e-10	-1.40860212383e-07
7.0194775477e-10	-8.03693636087e-08
7.03187945149e-10	2.78966538758e-09
7.04428135529e-10	9.55746344289e-08
7.05668325908e-10	1.80605631783e-07
7.06908516288e-10	2.40138412266e-07
7.08148706667e-10	2.60787711426e-07
7.09388897047e-10	2.373617356e-07
7.10629087426e-10	1.74589892765e-07
7.11869277806e-10	8.6054567916e-08
7.13109468185e-10	-9.28249521692e-09
7.14349658565e-10	-9.1945816294e-08
7.15589848944e-10	-1.46652176625e-07
7.16830039323e-10	-1.6515884127e-07
7.18070229703e-10	-1.46901772524e-07
7.19310420082e-10	-9.7712170799e-08
7.20550610462e-10	-2.7555843829e-08
7.21790800841e-10	5.16255491689e-08
7.23030991221e-10	1.27407844275e-07
7.242711816e-10	1.87933867579e-07
7.2551137198e-10	2.23142659905e-07
7.26751562359e-10	2.26388568336e-07
7.27991752738e-10	1.96196543456e-07
7.29231943118e-10	1.37440283154e-07
7.30472133497e-10	6.09535577567e-08
7.31712323877e-10	-1.88684778912e-08
7.32952514256e-10	-8.77552581713e-08
7.34192704636e-10	-1.35320314953e-07
7.35432895015e-10	-1.57533850853e-07
7.36673085395e-10	-1.56914827798e-07
7.37913275774e-10	-1.40409129656e-07
7.39153466154e-10	-1.15954637891e-07
7.40393656533e-10	-8.91840690187e-08
7.41633846912e-10	-6.1486352898e-08
7.42874037292e-10	-3.03931999568e-08
7.44114227671e-10	7.84683584776e-09
7.45354418051e-10	5.48233831665e-08
7.4659460843e-10	1.07156687079e-07
7.4783479881e-10	1.55925707901e-07
7.49074989189e-10	1.88882610885e-07
7.50315179569e-10	1.94840824363e-07
7.51555369948e-10	1.68365390962e-07
7.52795560328e-10	1.12592028145e-07
7.54035750707e-10	3.90106640324e-08
7.55275941086e-10	-3.59416509887e-08
7.56516131466e-10	-9.60909032344e-08
7.57756321845e-10	-1.30393477349e-07
7.58996512225e-10	-1.35638297039e-07
7.60236702604e-10	-1.16184091681e-07
7.61476892984e-10	-8.12512492843e-08
7.62717083363e-10	-4.10980716126e-08
7.63957273743e-10	-3.73865471914e-09
7.65197464122e-10	2.644561925e-08
7.66437654502e-10	4.81171187339e-08
7.67677844881e-10	6.11530328598e-08
7.6891803526e-10	6.47786064789e-08
7.7015822564e-10	5.70091041041e-08
7.71398416019e-10	3.58403702272e-08
7.72638606399e-10	1.56778817706e-09
7.73878796778e-10	-4.12948262252e-08
7.75118987158e-10	-8.39198719405e-08
7.76359177537e-10	-1.15370992759e-07
7.77599367917e-10	-1.26494605013e-07
7.78839558296e-10	-1.13675234559e-07
7.80079748675e-10	-8.05488138411e-08
7.81319939055e-10	-3.68616870361e-08
7.82560129434e-10	5.23794785323e-09
7.83800319814e-10	3.57750584712e-08
7.85040510193e-10	5.03833401666e-08
7.86280700573e-10	5.11551778715e-08
7.87520890952e-10	4.46315189251e-08
7.88761081332e-10	3.81035345498e-08
7.90001271711e-10	3.57506442228e-08
7.91241462091e-10	3.64757757332e-08
7.9248165247e-10	3.44459878399e-08
7.93721842849e-10	2.19875395668e-08
7.94962033229e-10	-6.31447494293e-09
7.96202223608e-10	-5.01797017272e-08
7.97442413988e-10	-1.02431399363e-07
7.98682604367e-10	-1.50759978723e-07
7.99922794747e-10	-1.81893197393e-07
8.01162985126e-10	-1.86406133196e-07
8.02403175506e-10	-1.62288657179e-07
8.03643365885e-10	-1.15802031075e-07
8.04883556265e-10	-5.92103397423e-08
8.06123746644e-10	-6.40028385845e-09
8.07363937023e-10	3.17336925626e-08
8.08604127403e-10	5.03190218382e-08
8.09844317782e-10	5.09042696883e-08
8.11084508162e-10	3.93466050852e-08
8.12324698541e-10	2.2397187216e-08
8.13564888921e-10	4.86229051466e-09
8.148050793e-10	-1.14334723911e-08
8.1604526968e-10	-2.67362940676e-08
8.17285460059e-10	-4.12251126569e-08
8.18525650439e-10	-5.31438142382e-08
8.19765840818e-10	-5.85147956755e-08
8.21006031197e-10	-5.28328056859e-08
8.22246221577e-10	-3.38134595879e-08
8.23486411956e-10	-3.67521635347e-09
8.24726602336e-10	3.03748950436e-08
8.25966792715e-10	5.81653507581e-08
8.27206983095e-10	7.03587836881e-08
8.28447173474e-10	6.23267650823e-08
8.29687363854e-10	3.63687941984e-08
8.30927554233e-10	1.1822925694e-09
8.32167744612e-10	-3.13042414213e-08
8.33407934992e-10	-5.04851849215e-08
8.34648125371e-10	-5.10788469299e-08
8.35888315751e-10	-3.48654749516e-08
8.3712850613e-10	-9.56351642323e-09
8.3836869651e-10	1.4694374828e-08
8.39608886889e-10	2.96577580272e-08
8.40849077269e-10	3.214682609e-08
8.42089267648e-10	2.48075866516e-08
8.43329458028e-10	1.4255118197e-08
8.44569648407e-10	7.75736375136e-09
8.45809838786e-10	9.90430648606e-09
8.47050029166e-10	2.07507124816e-08
8.48290219545e-10	3.6171035056e-08
8.49530409925e-10	4.98177916697e-08
8.50770600304e-10	5.57754322728e-08
8.52010790684e-10	5.08400641586e-08
8.53250981063e-10	3.55944949071e-08
8.54491171443e-10	1.40866633913e-08
8.55731361822e-10	-7.70729258193e-09
8.56971552202e-10	-2.38945272457e-08
8.58211742581e-10	-3.05531866474e-08
8.5945193296e-10	-2.68643676193e-08
8.6069212334e-10	-1.48361269936e-08
8.61932313719e-10	2.03485167605e-09
8.63172504099e-10	2.04427790251e-08
8.64412694478e-10	3.84901537309e-08
8.65652884858e-10	5.56455255207e-08
8.66893075237e-10	7.15566557119e-08
8.68133265617e-10	8.4567247427e-08
8.69373455996e-10	9.11617350496e-08
8.70613646375e-10	8.70561178701e-08
8.71853836755e-10	6.95683874952e-08
8.73094027134e-10	4.01835236197e-08
8.74334217514e-10	5.69328495459e-09
8.75574407893e-10	-2.31662293793e-08
8.76814598273e-10	-3.53100277906e-08
8.78054788652e-10	-2.38064847835e-08
8.79294979032e-10	1.07078030886e-08
8.80535169411e-10	5.92826863155e-08
8.81775359791e-10	1.07110409431e-07
8.8301555017e-10	1.38480245937e-07
8.84255740549e-10	1.42303425932e-07
8.85495930929e-10	1.16102205183e-07
8.86736121308e-10	6.68986119834e-08
8.87976311688e-10	8.59898996453e-09
8.89216502067e-10	-4.30032440768e-08
8.90456692447e-10	-7.56078302189e-08
8.91696882826e-10	-8.40452267781e-08
8.92937073206e-10	-7.09007306199e-08
8.94177263585e-10	-4.42497900544e-08
8.95417453965e-10	-1.38013394047e-08
8.96657644344e-10	1.26853143545e-08
8.97897834723e-10	3.13627825932e-08
8.99138025103e-10	4.21809502882e-08
9.00378215482e-10	4.72337458035e-08
9.01618405862e-10	4.86770255215e-08
9.02858596241e-10	4.72895695935e-08
9.04098786621e-10	4.22762362895e-08
9.05338977e-10	3.21617519283e-08
9.0657916738e-10	1.63229796346e-08
9.07819357759e-10	-3.72655642455e-09
9.09059548139e-10	-2.42161859454e-08
9.10299738518e-10	-4.03285786987e-08
9.11539928897e-10	-4.8380755846e-08
9.12780119277e-10	-4.79321013991e-08
9.14020309656e-10	-4.24908770391e-08
9.15260500036e-10	-3.81460880661e-08
9.16500690415e-10	-4.04299203005e-08
9.17740880795e-10	-5.09473183641e-08
9.18981071174e-10	-6.56776624197e-08
9.20221261554e-10	-7.60920393361e-08
9.21461451933e-10	-7.29657259058e-08
9.22701642312e-10	-5.11393372093e-08
9.23941832692e-10	-1.28732269289e-08
9.25182023071e-10	3.19203135035e-08
9.26422213451e-10	6.89735317749e-08
9.2766240383e-10	8.50918562278e-08
9.2890259421e-10	7.34509431055e-08
9.30142784589e-10	3.65752619302e-08
9.31382974969e-10	-1.43301259747e-08
9.32623165348e-10	-6.33436583186e-08
9.33863355728e-10	-9.55093053534e-08
9.35103546107e-10	-1.02025563997e-07
9.36343736486e-10	-8.29538340241e-08
9.37583926866e-10	-4.65292844254e-08
9.38824117245e-10	-5.4931050264e-09
9.40064307625e-10	2.77663443349e-08
9.41304498004e-10	4.52499748782e-08
9.42544688384e-10	4.51028019377e-08
9.43784878763e-10	3.06766194669e-08
9.45025069143e-10	7.8509364565e-09
9.46265259522e-10	-1.78689387731e-08
9.47505449902e-10	-4.31353450736e-08
9.48745640281e-10	-6.6828250489e-08
9.4998583066e-10	-8.87859750165e-08
9.5122602104e-10	-1.0818500229e-07
9.52466211419e-10	-1.22559432825e-07
9.53706401799e-10	-1.2807575267e-07
9.54946592178e-10	-1.21038883805e-07
9.56186782558e-10	-9.99765079612e-08
9.57426972937e-10	-6.72455522377e-08
9.58667163317e-10	-2.91710775535e-08
9.59907353696e-10	5.62827773276e-09
9.61147544076e-10	2.93335693513e-08
9.62387734455e-10	3.82090381557e-08
9.63627924834e-10	3.43938464376e-08
9.64868115214e-10	2.51077034719e-08
9.66108305593e-10	1.93761280354e-08
9.67348495973e-10	2.36149533261e-08
9.68588686352e-10	3.81718114895e-08
9.69828876732e-10	5.67160638454e-08
9.71069067111e-10	6.89346428828e-08
9.72309257491e-10	6.53306733156e-08
9.7354944787e-10	4.19501384741e-08
9.74789638249e-10	2.77184741826e-09
9.76029828629e-10	-4.13046743475e-08
9.77270019008e-10	-7.64946257448e-08
9.78510209388e-10	-9.13815556558e-08
9.79750399767e-10	-8.1175367761e-08
9.80990590147e-10	-4.94328817879e-08
9.82230780526e-10	-6.55610060685e-09
9.83470970906e-10	3.41337709209e-08
9.84711161285e-10	6.11388948357e-08
9.85951351665e-10	6.8550837895e-08
9.87191542044e-10	5.74079175308e-08
9.88431732423e-10	3.43678467907e-08
9.89671922803e-10	8.40779712519e-09
9.90912113182e-10	-1.2843996533e-08
9.92152303562e-10	-2.55463359355e-08
9.93392493941e-10	-2.99815980931e-08
9.94632684321e-10	-2.88904549173e-08
9.958728747e-10	-2.49051959056e-08
9.9711306508e-10	-1.85968223043e-08
9.98353255459e-10	-8.15223766271e-09
9.99593445839e-10	9.17257159117e-09
1.00083363622e-09	3.45806139279e-08
1.0020738266e-09	6.56694982837e-08
1.00331401698e-09	9.59955483992e-08
1.00455420736e-09	1.16842933551e-07
1.00579439774e-09	1.20594746633e-07
1.00703458812e-09	1.04249958888e-07
1.00827477849e-09	7.14561538828e-08
1.00951496887e-09	3.17139026151e-08
1.01075515925e-09	-3.1141164647e-09
1.01199534963e-09	-2.35191717213e-08
1.01323554001e-09	-2.62143191598e-08
1.01447573039e-09	-1.52454013858e-08
1.01571592077e-09	2.27866309155e-10
1.01695611115e-09	1.04931839884e-08
1.01819630153e-09	9.93931226212e-09
1.01943649191e-09	-4.62894417241e-10
1.02067668229e-09	-1.39034017632e-08
1.02191687267e-09	-2.12922275367e-08
1.02315706305e-09	-1.58416433305e-08
1.02439725343e-09	3.56271839808e-09
1.02563744381e-09	3.16902348807e-08
1.02687763419e-09	5.91109010628e-08
1.02811782457e-09	7.60630580743e-08
1.02935801495e-09	7.63574288243e-08
1.03059820532e-09	5.96352220938e-08
1.0318383957e-09	3.12149173176e-08
1.03307858608e-09	-2.25767182727e-10
1.03431877646e-09	-2.60410044639e-08
1.03555896684e-09	-4.06742022285e-08
1.03679915722e-09	-4.31735145412e-08
1.0380393476e-09	-3.66206718283e-08
1.03927953798e-09	-2.59722512386e-08
1.04051972836e-09	-1.54049353274e-08
1.04175991874e-09	-6.43750908136e-09
1.04300010912e-09	2.24873644705e-09
1.0442402995e-09	1.32518507279e-08
1.04548048988e-09	2.80861827129e-08
1.04672068026e-09	4.53255832866e-08
1.04796087064e-09	6.03216347983e-08
1.04920106102e-09	6.687121612e-08
1.0504412514e-09	6.01190697225e-08
1.05168144178e-09	3.92943504401e-08
1.05292163215e-09	8.83744566416e-09
1.05416182253e-09	-2.27585255086e-08
1.05540201291e-09	-4.60732363372e-08
1.05664220329e-09	-5.45984626399e-08
1.05788239367e-09	-4.74103156733e-08
1.05912258405e-09	-2.94768582876e-08
1.06036277443e-09	-9.41890565542e-09
1.06160296481e-09	4.30027202736e-09
1.06284315519e-09	6.94501645082e-09
1.06408334557e-09	-7.74504363421e-10
1.06532353595e-09	-1.3611100691e-08
1.06656372633e-09	-2.46670841531e-08
1.06780391671e-09	-2.88098496171e-08
1.06904410709e-09	-2.50605916019e-08
1.07028429747e-09	-1.68457097161e-08
1.07152448785e-09	-1.01266331987e-08
1.07276467823e-09	-1.04490816e-08
1.07400486861e-09	-2.02783683179e-08
1.07524505899e-09	-3.77846856026e-08
1.07648524936e-09	-5.75466563291e-08
1.07772543974e-09	-7.27941857903e-08
1.07896563012e-09	-7.81544029493e-08
1.0802058205e-09	-7.16377304144e-08
1.08144601088e-09	-5.5094877105e-08
1.08268620126e-09	-3.30775118407e-08
1.08392639164e-09	-1.06678100797e-08
1.08516658202e-09	8.59464321934e-09
1.0864067724e-09	2.36915103091e-08
1.08764696278e-09	3.56363494269e-08
1.08888715316e-09	4.59002058584e-08
1.09012734354e-09	5.46770326793e-08
1.09136753392e-09	5.99951528457e-08
1.0926077243e-09	5.83132200305e-08
1.09384791468e-09	4.63701135267e-08
1.09508810506e-09	2.33595323085e-08
1.09632829544e-09	-7.67670171875e-09
1.09756848582e-09	-4.01063817712e-08
1.09880867619e-09	-6.57278329541e-08
1.10004886657e-09	-7.77581821154e-08
1.10128905695e-09	-7.34465288588e-08
1.10252924733e-09	-5.51734382626e-08
1.10376943771e-09	-2.94773996323e-08
1.10500962809e-09	-4.39568415e-09
1.10624981847e-09	1.36153275321e-08
1.10749000885e-09	2.18213083159e-08
1.10873019923e-09	2.15098252543e-08
1.10997038961e-09	1.65088118731e-08
1.11121057999e-09	1.0804647399e-08
1.11245077037e-09	6.56547560762e-09
1.11369096075e-09	3.55371215788e-09
1.11493115113e-09	2.32887320539e-12
1.11617134151e-09	-5.75955028115e-09
1.11741153189e-09	-1.39309715985e-08
1.11865172227e-09	-2.29055572287e-08
1.11989191265e-09	-3.00339797477e-08
1.12113210302e-09	-3.29073674976e-08
1.1223722934e-09	-3.04076834823e-08
1.12361248378e-09	-2.2958360768e-08
1.12485267416e-09	-1.20619223498e-08
1.12609286454e-09	4.9451860662e-10
1.12733305492e-09	1.33096618171e-08
1.1285732453e-09	2.55107241998e-08
1.12981343568e-09	3.64669361375e-08
1.13105362606e-09	4.53842741166e-08
1.13229381644e-09	5.10651432251e-08
1.13353400682e-09	5.20217664501e-08
1.1347741972e-09	4.69457908103e-08
1.13601438758e-09	3.53918796492e-08
1.13725457796e-09	1.83176125379e-08
1.13849476834e-09	-1.79326140048e-09
1.13973495872e-09	-2.12576116709e-08
1.1409751491e-09	-3.60172189851e-08
1.14221533948e-09	-4.27001549674e-08
1.14345552985e-09	-3.94980115281e-08
1.14469572023e-09	-2.66353348266e-08
1.14593591061e-09	-6.31959518049e-09
1.14717610099e-09	1.7783251316e-08
1.14841629137e-09	4.13592298187e-08
1.14965648175e-09	6.02854957066e-08
1.15089667213e-09	7.13097563221e-08
1.15213686251e-09	7.25299145188e-08
1.15337705289e-09	6.36132888587e-08
1.15461724327e-09	4.57406725829e-08
1.15585743365e-09	2.1386214577e-08
1.15709762403e-09	-6.04412525584e-09
1.15833781441e-09	-3.26790376981e-08
1.15957800479e-09	-5.46944463053e-08
1.16081819517e-09	-6.8899379535e-08
1.16205838555e-09	-7.33158360688e-08
1.16329857593e-09	-6.76245024422e-08
1.16453876631e-09	-5.32928421393e-08
1.16577895669e-09	-3.32286207438e-08
1.16701914706e-09	-1.09901965306e-08
1.16825933744e-09	1.01755029958e-08
1.16949952782e-09	2.80890999349e-08
1.1707397182e-09	4.18387102741e-08
1.17197990858e-09	5.13757441034e-08
1.17322009896e-09	5.68314497684e-08
1.17446028934e-09	5.79679744206e-08
1.17570047972e-09	5.41311200308e-08
1.1769406701e-09	4.47407990656e-08
1.17818086048e-09	2.99759634892e-08
1.17942105086e-09	1.12689965137e-08
1.18066124124e-09	-8.74462968703e-09
1.18190143162e-09	-2.67912445562e-08
1.183141622e-09	-3.97697461629e-08
1.18438181238e-09	-4.55153981171e-08
1.18562200276e-09	-4.32169273701e-08
1.18686219314e-09	-3.35073204738e-08
1.18810238352e-09	-1.83495467709e-08
1.18934257389e-09	-6.99173954843e-10
1.19058276427e-09	1.59686817103e-08
1.19182295465e-09	2.82738694679e-08
1.19306314503e-09	3.36477681273e-08
1.19430333541e-09	3.09209382543e-08
1.19554352579e-09	2.05662027408e-08
1.19678371617e-09	4.45673187244e-09
1.19802390655e-09	-1.47123626615e-08
1.19926409693e-09	-3.4071899524e-08
1.20050428731e-09	-5.10712467872e-08
1.20174447769e-09	-6.35784518366e-08
1.20298466807e-09	-6.97415769579e-08
1.20422485845e-09	-6.79634917233e-08
1.20546504883e-09	-5.7112024443e-08
1.20670523921e-09	-3.7086151039e-08
1.20794542959e-09	-9.47832268228e-09
1.20918561997e-09	2.21025837632e-08
1.21042581035e-09	5.24102636845e-08
1.21166600072e-09	7.57684555097e-08
1.2129061911e-09	8.76874590716e-08
1.21414638148e-09	8.63132418871e-08
1.21538657186e-09	7.30548519456e-08
1.21662676224e-09	5.19716323311e-08
1.21786695262e-09	2.82012919683e-08
1.219107143e-09	6.12989975446e-09
1.22034733338e-09	-1.1883804385e-08
1.22158752376e-09	-2.56439751656e-08
1.22282771414e-09	-3.6159819583e-08
1.22406790452e-09	-4.42443477411e-08
1.2253080949e-09	-4.95075043183e-08
1.22654828528e-09	-5.03515860117e-08
1.22778847566e-09	-4.49145969306e-08
1.22902866604e-09	-3.24270326146e-08
1.23026885642e-09	-1.42272478243e-08
1.2315090468e-09	6.23197088379e-09
1.23274923718e-09	2.43638467179e-08
1.23398942756e-09	3.59461234112e-08
1.23522961793e-09	3.85177973961e-08
1.23646980831e-09	3.20710071833e-08
1.23770999869e-09	1.88493023412e-08
1.23895018907e-09	2.44976000596e-09
1.24019037945e-09	-1.33433690763e-08
1.24143056983e-09	-2.55844578856e-08
1.24267076021e-09	-3.27621649809e-08
1.24391095059e-09	-3.47903057474e-08
1.24515114097e-09	-3.24775113469e-08
1.24639133135e-09	-2.68091655542e-08
1.24763152173e-09	-1.83364345929e-08
1.24887171211e-09	-6.97989799292e-09
1.25011190249e-09	7.53547069188e-09
1.25135209287e-09	2.48726934604e-08
1.25259228325e-09	4.33679043788e-08
1.25383247363e-09	5.98767622151e-08
1.25507266401e-09	7.04336402535e-08
1.25631285439e-09	7.15549184349e-08
1.25755304476e-09	6.17094277899e-08
1.25879323514e-09	4.21918429083e-08
1.26003342552e-09	1.69877985012e-08
1.2612736159e-09	-8.33442170833e-09
1.26251380628e-09	-2.83821037783e-08
1.26375399666e-09	-3.96191897067e-08
1.26499418704e-09	-4.12823975005e-08
1.26623437742e-09	-3.5252230024e-08
1.2674745678e-09	-2.49947895714e-08
1.26871475818e-09	-1.4070284049e-08
1.26995494856e-09	-4.8395037977e-09
1.27119513894e-09	2.05827360711e-09
1.27243532932e-09	7.27621018992e-09
1.2736755197e-09	1.17472542804e-08
1.27491571008e-09	1.56670463269e-08
1.27615590046e-09	1.80088641777e-08
1.27739609084e-09	1.69102827297e-08
1.27863628122e-09	1.07186833853e-08
1.27987647159e-09	-9.01358515604e-10
1.28111666197e-09	-1.63438136358e-08
1.28235685235e-09	-3.22998916502e-08
1.28359704273e-09	-4.47760419853e-08
1.28483723311e-09	-5.04566899373e-08
1.28607742349e-09	-4.78507953261e-08
1.28731761387e-09	-3.77386566441e-08
1.28855780425e-09	-2.28292491578e-08
1.28979799463e-09	-6.76227246421e-09
1.29103818501e-09	7.18569703739e-09
1.29227837539e-09	1.71383609526e-08
1.29351856577e-09	2.30219519004e-08
1.29475875615e-09	2.61701962323e-08
1.29599894653e-09	2.82598775492e-08
1.29723913691e-09	3.01224392096e-08
1.29847932729e-09	3.10633794243e-08
1.29971951767e-09	2.91250175088e-08
1.30095970805e-09	2.22551332918e-08
1.30219989842e-09	9.74866198877e-09
1.3034400888e-09	-6.7992128594e-09
1.30468027918e-09	-2.36813517684e-08
1.30592046956e-09	-3.64528682795e-08
1.30716065994e-09	-4.17696752741e-08
1.30840085032e-09	-3.88315282152e-08
1.3096410407e-09	-2.96937745503e-08
1.31088123108e-09	-1.83058059822e-08
1.31212142146e-09	-8.81303474642e-09
1.31336161184e-09	-3.91442733783e-09
1.31460180222e-09	-4.05379974033e-09
1.3158419926e-09	-7.64388052854e-09
1.31708218298e-09	-1.20847042373e-08
1.31832237336e-09	-1.50911099173e-08
1.31956256374e-09	-1.56280062225e-08
1.32080275412e-09	-1.41277811672e-08
1.3220429445e-09	-1.20157985783e-08
1.32328313488e-09	-1.07806009675e-08
1.32452332526e-09	-1.10717167656e-08
1.32576351563e-09	-1.22671465208e-08
1.32700370601e-09	-1.273272765e-08
1.32824389639e-09	-1.06428220681e-08
1.32948408677e-09	-4.94230179005e-09
1.33072427715e-09	3.95864019342e-09
1.33196446753e-09	1.41401992337e-08
1.33320465791e-09	2.28511178868e-08
1.33444484829e-09	2.75530385174e-08
1.33568503867e-09	2.69215569837e-08
1.33692522905e-09	2.13923450065e-08
1.33816541943e-09	1.30089401473e-08
1.33940560981e-09	4.6374167284e-09
1.34064580019e-09	-1.14653322947e-09
1.34188599057e-09	-3.05445052584e-09
1.34312618095e-09	-1.57262097789e-09
1.34436637133e-09	1.30649170649e-09
1.34560656171e-09	3.06347419654e-09
1.34684675209e-09	1.90462354221e-09
1.34808694246e-09	-2.30393470968e-09
1.34932713284e-09	-7.89493714848e-09
1.35056732322e-09	-1.21761942751e-08
1.3518075136e-09	-1.28053434523e-08
1.35304770398e-09	-9.02559071925e-09
1.35428789436e-09	-2.09791303774e-09
1.35552808474e-09	5.27668209127e-09
1.35676827512e-09	1.02735573382e-08
1.3580084655e-09	1.13193461271e-08
1.35924865588e-09	8.83809792018e-09
1.36048884626e-09	4.98337787702e-09
1.36172903664e-09	2.55351606526e-09
1.36296922702e-09	3.68124414285e-09
1.3642094174e-09	8.84759776554e-09
1.36544960778e-09	1.66969671422e-08
1.36668979816e-09	2.46975666585e-08
1.36792998854e-09	3.02510008154e-08
1.36917017892e-09	3.17593724652e-08
1.37041036929e-09	2.91939681318e-08
1.37165055967e-09	2.39615709496e-08
1.37289075005e-09	1.81473516214e-08
1.37413094043e-09	1.34957323095e-08
1.37537113081e-09	1.06733237804e-08
1.37661132119e-09	9.09133535121e-09
1.37785151157e-09	7.38173244752e-09
1.37909170195e-09	4.36119229619e-09
1.38033189233e-09	-8.78881203925e-11
1.38157208271e-09	-4.67663552328e-09
1.38281227309e-09	-7.13086145687e-09
1.38405246347e-09	-5.25411297803e-09
1.38529265385e-09	1.86463181007e-09
1.38653284423e-09	1.30594745018e-08
1.38777303461e-09	2.52062279937e-08
1.38901322499e-09	3.42515740215e-08
1.39025341537e-09	3.67312882332e-08
1.39149360575e-09	3.12093226817e-08
1.39273379612e-09	1.89269300233e-08
1.3939739865e-09	3.36049083005e-09
1.39521417688e-09	-1.11292831617e-08
1.39645436726e-09	-2.1000322814e-08
1.39769455764e-09	-2.47957323563e-08
1.39893474802e-09	-2.34379970987e-08
1.4001749384e-09	-1.94173150891e-08
1.40141512878e-09	-1.53409513981e-08
1.40265531916e-09	-1.26303206782e-08
1.40389550954e-09	-1.09616099531e-08
1.40513569992e-09	-8.73683914104e-09
1.4063758903e-09	-4.26245944096e-09
1.40761608068e-09	3.0480717117e-09
1.40885627106e-09	1.20648457891e-08
1.41009646144e-09	2.02538146254e-08
1.41133665182e-09	2.47172293744e-08
1.4125768422e-09	2.3465412502e-08
1.41381703258e-09	1.63173758949e-08
1.41505722296e-09	5.00279839777e-09
1.41629741333e-09	-7.51616868744e-09
1.41753760371e-09	-1.81925861042e-08
1.41877779409e-09	-2.49892111448e-08
1.42001798447e-09	-2.74165543601e-08
1.42125817485e-09	-2.63359061226e-08
1.42249836523e-09	-2.31781649429e-08
1.42373855561e-09	-1.90519000576e-08
1.42497874599e-09	-1.42124056968e-08
1.42621893637e-09	-8.15595602166e-09
1.42745912675e-09	-3.00043254131e-10
1.42869931713e-09	9.1735444796e-09
1.42993950751e-09	1.87742268398e-08
1.43117969789e-09	2.58156831467e-08
1.43241988827e-09	2.72189528694e-08
1.43366007865e-09	2.07016346288e-08
1.43490026903e-09	5.90535936817e-09
1.43614045941e-09	-1.50875885119e-08
1.43738064979e-09	-3.80885509799e-08
1.43862084016e-09	-5.79346224328e-08
1.43986103054e-09	-7.00769646755e-08
1.44110122092e-09	-7.19863857412e-08
1.4423414113e-09	-6.38657962071e-08
1.44358160168e-09	-4.83797246709e-08
1.44482179206e-09	-2.95398718819e-08
1.44606198244e-09	-1.12703959498e-08
1.44730217282e-09	3.76664704982e-09
1.4485423632e-09	1.45800678197e-08
1.44978255358e-09	2.14695148326e-08
1.45102274396e-09	2.52016412183e-08
1.45226293434e-09	2.62010551033e-08
1.45350312472e-09	2.42567923525e-08
1.4547433151e-09	1.88081390462e-08
1.45598350548e-09	9.57852597239e-09
1.45722369586e-09	-2.79735173914e-09
1.45846388624e-09	-1.6569389194e-08
1.45970407662e-09	-2.91711268474e-08
1.46094426699e-09	-3.79321791755e-08
1.46218445737e-09	-4.09155211933e-08
1.46342464775e-09	-3.74977227047e-08
1.46466483813e-09	-2.85352355078e-08
1.46590502851e-09	-1.59911330844e-08
1.46714521889e-09	-2.22353074841e-09
1.46838540927e-09	1.07309722219e-08
1.46962559965e-09	2.16349955728e-08
1.47086579003e-09	3.00109506135e-08
1.47210598041e-09	3.56952876146e-08
1.47334617079e-09	3.83065876797e-08
1.47458636117e-09	3.6972701345e-08
1.47582655155e-09	3.05943128609e-08
1.47706674193e-09	1.85447084355e-08
1.47830693231e-09	1.47122142247e-09
1.47954712269e-09	-1.82766017875e-08
1.48078731307e-09	-3.69010590973e-08
1.48202750345e-09	-5.00489187871e-08
1.48326769382e-09	-5.40926965442e-08
1.4845078842e-09	-4.73135264301e-08
1.48574807458e-09	-3.05230418718e-08
1.48698826496e-09	-6.94118140743e-09
1.48822845534e-09	1.86556570192e-08
1.48946864572e-09	4.12417926476e-08
1.4907088361e-09	5.68610944995e-08
1.49194902648e-09	6.35007486594e-08
1.49318921686e-09	6.12724599947e-08
1.49442940724e-09	5.19428731138e-08
1.49566959762e-09	3.8070610664e-08
1.496909788e-09	2.22024820751e-08
1.49814997838e-09	6.44387943005e-09
1.49939016876e-09	-7.5672296207e-09
1.50063035914e-09	-1.84686965721e-08
1.50187054952e-09	-2.50781617694e-08
1.5031107399e-09	-2.65237671826e-08
1.50435093028e-09	-2.25543812515e-08
1.50559112066e-09	-1.37857965044e-08
1.50683131103e-09	-1.64991620366e-09
1.50807150141e-09	1.19210586957e-08
1.50931169179e-09	2.49885443449e-08
1.51055188217e-09	3.5999975001e-08
1.51179207255e-09	4.39314473688e-08
1.51303226293e-09	4.82375712707e-08
1.51427245331e-09	4.86526072763e-08
1.51551264369e-09	4.50683010911e-08
1.51675283407e-09	3.75290083454e-08
1.51799302445e-09	2.63132360345e-08
1.51923321483e-09	1.21137538889e-08
1.52047340521e-09	-3.83805209836e-09
1.52171359559e-09	-1.97290892512e-08
1.52295378597e-09	-3.32939635861e-08
1.52419397635e-09	-4.2179217008e-08
1.52543416673e-09	-4.44240426667e-08
1.52667435711e-09	-3.90158669816e-08
1.52791454749e-09	-2.62682477992e-08
1.52915473786e-09	-7.86762499594e-09
1.53039492824e-09	1.3357987827e-08
1.53163511862e-09	3.39507213454e-08
1.532875309e-09	5.04249078048e-08
1.53411549938e-09	5.98429048537e-08
1.53535568976e-09	6.03617653638e-08
1.53659588014e-09	5.16322331556e-08
1.53783607052e-09	3.50187026044e-08
1.5390762609e-09	1.34634186022e-08
1.54031645128e-09	-9.07837205411e-09
1.54155664166e-09	-2.84947545559e-08
1.54279683204e-09	-4.15108010188e-08
1.54403702242e-09	-4.64083584895e-08
1.5452772128e-09	-4.32667945915e-08
1.54651740318e-09	-3.37326548916e-08
1.54775759356e-09	-2.04184027464e-08
1.54899778394e-09	-6.23237506048e-09
1.55023797432e-09	6.22256818295e-09
1.55147816469e-09	1.50800800736e-08
1.55271835507e-09	1.94214742066e-08
1.55395854545e-09	1.92937505972e-08
1.55519873583e-09	1.54863060153e-08
1.55643892621e-09	9.14516529171e-09
1.55767911659e-09	1.35779992805e-09
1.55891930697e-09	-7.11683845189e-09
1.56015949735e-09	-1.58405624173e-08
1.56139968773e-09	-2.44712119457e-08
1.56263987811e-09	-3.24804179108e-08
1.56388006849e-09	-3.90157488539e-08
1.56512025887e-09	-4.30150817188e-08
1.56636044925e-09	-4.35129718923e-08
1.56760063963e-09	-3.99593482747e-08
1.56884083001e-09	-3.24036659727e-08
1.57008102039e-09	-2.15240920642e-08
1.57132121077e-09	-8.50611436842e-09
1.57256140115e-09	5.13136677593e-09
1.57380159152e-09	1.76992627221e-08
1.5750417819e-09	2.75248477344e-08
1.57628197228e-09	3.31427072453e-08
1.57752216266e-09	3.34904131094e-08
1.57876235304e-09	2.8100888283e-08
1.58000254342e-09	1.72508933804e-08
1.5812427338e-09	2.07585640344e-09
1.58248292418e-09	-1.54373620553e-08
1.58372311456e-09	-3.26034519382e-08
1.58496330494e-09	-4.63946632223e-08
1.58620349532e-09	-5.40826663453e-08
1.5874436857e-09	-5.39427169599e-08
1.58868387608e-09	-4.58408981885e-08
1.58992406646e-09	-3.14580326233e-08
1.59116425684e-09	-1.39370164298e-08
1.59240444722e-09	2.90705842731e-09
1.5936446376e-09	1.56254857941e-08
1.59488482798e-09	2.20300560017e-08
1.59612501836e-09	2.16520501528e-08
1.59736520873e-09	1.57118256183e-08
1.59860539911e-09	6.56399934407e-09
1.59984558949e-09	-3.07689743129e-09
1.60108577987e-09	-1.09059314912e-08
1.60232597025e-09	-1.56099939641e-08
1.60356616063e-09	-1.70160685542e-08
1.60480635101e-09	-1.58654140936e-08
1.60604654139e-09	-1.32915143336e-08
1.60728673177e-09	-1.02306777494e-08
1.60852692215e-09	-7.07704450598e-09
1.60976711253e-09	-3.65598473717e-09
1.61100730291e-09	4.55193837484e-10
1.61224749329e-09	5.47732215139e-09
1.61348768367e-09	1.11553254412e-08
1.61472787405e-09	1.67510763038e-08
1.61596806443e-09	2.13333213317e-08
1.61720825481e-09	2.4149966471e-08
1.61844844519e-09	2.48448872586e-08
1.61968863556e-09	2.34739931937e-08
1.62092882594e-09	2.0315092053e-08
1.62216901632e-09	1.56626565051e-08
1.6234092067e-09	9.75688474458e-09
1.62464939708e-09	2.85168452741e-09
1.62588958746e-09	-4.58755289312e-09
1.62712977784e-09	-1.17278439182e-08
1.62836996822e-09	-1.73658840641e-08
1.6296101586e-09	-2.01279253265e-08
1.63085034898e-09	-1.88629152298e-08
1.63209053936e-09	-1.30930153386e-08
1.63333072974e-09	-3.36045469229e-09
1.63457092012e-09	8.70346805737e-09
1.6358111105e-09	2.06710681905e-08
1.63705130088e-09	2.99323170694e-08
1.63829149126e-09	3.44502915084e-08
1.63953168164e-09	3.3383866338e-08
1.64077187202e-09	2.73616729274e-08
1.64201206239e-09	1.82850845576e-08
1.64325225277e-09	8.74793615324e-09
1.64449244315e-09	1.24474340557e-09
1.64573263353e-09	-2.55391605086e-09
1.64697282391e-09	-2.1973519948e-09
1.64821301429e-09	1.52563661704e-09
1.64945320467e-09	6.97942803551e-09
1.65069339505e-09	1.23132607444e-08
1.65193358543e-09	1.60746516098e-08
1.65317377581e-09	1.76218777348e-08
1.65441396619e-09	1.71736915799e-08
1.65565415657e-09	1.55435113669e-08
1.65689434695e-09	1.36864510836e-08
1.65813453733e-09	1.22566046201e-08
1.65937472771e-09	1.14112482796e-08
1.66061491809e-09	1.08432692825e-08
1.66185510847e-09	1.00098513922e-08
1.66309529885e-09	8.45198988575e-09
1.66433548922e-09	5.98009902708e-09
1.6655756796e-09	2.71162137189e-09
1.66681586998e-09	-1.0317992849e-09
1.66805606036e-09	-4.89939055992e-09
1.66929625074e-09	-8.61527438278e-09
1.67053644112e-09	-1.20060428266e-08
1.6717766315e-09	-1.49063916766e-08
1.67301682188e-09	-1.70373710695e-08
1.67425701226e-09	-1.79763435249e-08
1.67549720264e-09	-1.7202922642e-08
1.67673739302e-09	-1.43112126594e-08
1.6779775834e-09	-9.27373344783e-09
1.67921777378e-09	-2.60937466079e-09
1.68045796416e-09	4.59263249653e-09
1.68169815454e-09	1.0893858593e-08
1.68293834492e-09	1.48953160917e-08
1.6841785353e-09	1.56832409282e-08
1.68541872568e-09	1.31773183476e-08
1.68665891606e-09	8.21172529974e-09
1.68789910643e-09	2.33120303617e-09
1.68913929681e-09	-2.68867053621e-09
1.69037948719e-09	-5.44058403884e-09
1.69161967757e-09	-5.37587169225e-09
1.69285986795e-09	-3.01256822266e-09
1.69410005833e-09	2.58587679047e-10
1.69534024871e-09	2.72152989034e-09
1.69658043909e-09	3.02033351107e-09
1.69782062947e-09	7.05395721001e-10
1.69906081985e-09	-3.60053314941e-09
1.70030101023e-09	-8.49685632964e-09
1.70154120061e-09	-1.24191562589e-08
1.70278139099e-09	-1.43042895306e-08
1.70402158137e-09	-1.40180884678e-08
1.70526177175e-09	-1.23544210417e-08
1.70650196213e-09	-1.06303228442e-08
1.70774215251e-09	-1.00940327208e-08
1.70898234289e-09	-1.13966620585e-08
1.71022253326e-09	-1.43623211102e-08
1.71146272364e-09	-1.81295172208e-08
1.71270291402e-09	-2.15625040045e-08
1.7139431044e-09	-2.37214941023e-08
1.71518329478e-09	-2.41672908352e-08
1.71642348516e-09	-2.3001316185e-08
1.71766367554e-09	-2.06373178546e-08
1.71890386592e-09	-1.74501806338e-08
1.7201440563e-09	-1.35442170812e-08
1.72138424668e-09	-8.73672956203e-09
1.72262443706e-09	-2.78597275805e-09
1.72386462744e-09	4.23291213192e-09
1.72510481782e-09	1.16671889927e-08
1.7263450082e-09	1.82853416852e-08
1.72758519858e-09	2.2593331872e-08
1.72882538896e-09	2.33659900317e-08
1.73006557934e-09	2.01479870565e-08
1.73130576972e-09	1.3533637544e-08
1.73254596009e-09	5.05558889197e-09
1.73378615047e-09	-3.25179394522e-09
1.73502634085e-09	-9.47230305304e-09
1.73626653123e-09	-1.24224338593e-08
1.73750672161e-09	-1.198709354e-08
1.73874691199e-09	-9.09619646272e-09
1.73998710237e-09	-5.33166971683e-09
1.74122729275e-09	-2.27824875632e-09
1.74246748313e-09	-9.05943223217e-10
1.74370767351e-09	-1.22268101199e-09
1.74494786389e-09	-2.36407007859e-09
1.74618805427e-09	-3.1029928349e-09
1.74742824465e-09	-2.52819926105e-09
1.74866843503e-09	-5.77418599046e-10
1.74990862541e-09	1.87269555418e-09
1.75114881579e-09	3.40642208885e-09
1.75238900617e-09	2.77187287012e-09
1.75362919655e-09	-4.26185510494e-10
1.75486938692e-09	-5.42786848801e-09
1.7561095773e-09	-1.05467630185e-08
1.75734976768e-09	-1.38193601007e-08
1.75858995806e-09	-1.38192233212e-08
1.75983014844e-09	-1.02287711634e-08
1.76107033882e-09	-3.91427368296e-09
1.7623105292e-09	3.49662615529e-09
1.76355071958e-09	1.03367797655e-08
1.76479090996e-09	1.55687684966e-08
1.76603110034e-09	1.90831752622e-08
1.76727129072e-09	2.14861541892e-08
1.7685114811e-09	2.35236055079e-08
1.76975167148e-09	2.54678254041e-08
1.77099186186e-09	2.67899369355e-08
1.77223205224e-09	2.63406070289e-08
1.77347224262e-09	2.29757997072e-08
1.774712433e-09	1.62876896415e-08
1.77595262338e-09	7.07228220431e-09
1.77719281376e-09	-2.72791589317e-09
1.77843300413e-09	-1.06467558103e-08
1.77967319451e-09	-1.46056524652e-08
1.78091338489e-09	-1.37046236581e-08
1.78215357527e-09	-8.56396809024e-09
1.78339376565e-09	-1.07479328215e-09
1.78463395603e-09	6.31488117353e-09
1.78587414641e-09	1.14808189622e-08
1.78711433679e-09	1.33091870858e-08
1.78835452717e-09	1.19336523996e-08
1.78959471755e-09	8.47664149983e-09
1.79083490793e-09	4.42630565534e-09
1.79207509831e-09	9.38275443452e-10
1.79331528869e-09	-1.61695251633e-09
1.79455547907e-09	-3.67270519552e-09
1.79579566945e-09	-6.03818151035e-09
1.79703585983e-09	-9.25768672833e-09
1.79827605021e-09	-1.310453146e-08
1.79951624059e-09	-1.64652740331e-08
1.80075643096e-09	-1.77475152352e-08
1.80199662134e-09	-1.56088015846e-08
1.80323681172e-09	-9.64774904411e-09
1.8044770021e-09	-7.40744007799e-10
1.80571719248e-09	9.18447495835e-09
1.80695738286e-09	1.7839060229e-08
1.80819757324e-09	2.34125037135e-08
1.80943776362e-09	2.51842742216e-08
1.810677954e-09	2.3634043167e-08
1.81191814438e-09	2.00590191124e-08
1.81315833476e-09	1.58782502702e-08
1.81439852514e-09	1.1977466019e-08
1.81563871552e-09	8.42958036706e-09
1.8168789059e-09	4.65960170448e-09
1.81811909628e-09	-2.89766266537e-11
1.81935928666e-09	-5.83503234619e-09
1.82059947704e-09	-1.21068788328e-08
1.82183966742e-09	-1.74303478317e-08
1.82307985779e-09	-2.01602625705e-08
1.82432004817e-09	-1.91624809354e-08
1.82556023855e-09	-1.44193366136e-08
1.82680042893e-09	-7.21616000288e-09
1.82804061931e-09	2.37968863365e-10
1.82928080969e-09	5.58729018607e-09
1.83052100007e-09	7.17797099536e-09
1.83176119045e-09	4.64097432706e-09
1.83300138083e-09	-1.06610488493e-09
1.83424157121e-09	-8.12471745437e-09
1.83548176159e-09	-1.4592817843e-08
1.83672195197e-09	-1.90985305348e-08
1.83796214235e-09	-2.1183205634e-08
1.83920233273e-09	-2.1217115842e-08
1.84044252311e-09	-1.99684686564e-08
1.84168271349e-09	-1.80602697242e-08
1.84292290387e-09	-1.56154327247e-08
1.84416309425e-09	-1.22283466686e-08
1.84540328462e-09	-7.28519466975e-09
1.846643475e-09	-4.76946621086e-10
1.84788366538e-09	7.78002684498e-09
1.84912385576e-09	1.62371887047e-08
1.85036404614e-09	2.31310350873e-08
1.85160423652e-09	2.68106625789e-08
1.8528444269e-09	2.63842290238e-08
1.85408461728e-09	2.20993545685e-08
1.85532480766e-09	1.52493517813e-08
1.85656499804e-09	7.64863095082e-09
1.85780518842e-09	9.50281880963e-10
1.8590453788e-09	-3.90831711439e-09
1.86028556918e-09	-6.87374879238e-09
1.86152575956e-09	-8.52038373189e-09
1.86276594994e-09	-9.57456336437e-09
1.86400614032e-09	-1.04515032184e-08
1.8652463307e-09	-1.1047923465e-08
1.86648652108e-09	-1.08577342672e-08
1.86772671146e-09	-9.32000321363e-09
1.86896690183e-09	-6.23716184256e-09
1.87020709221e-09	-2.0359854358e-09
1.87144728259e-09	2.2398145838e-09
1.87268747297e-09	5.22132925784e-09
1.87392766335e-09	5.71122571458e-09
1.87516785373e-09	3.17280635098e-09
1.87640804411e-09	-1.99054964178e-09
1.87764823449e-09	-8.48860448599e-09
1.87888842487e-09	-1.45578580302e-08
1.88012861525e-09	-1.85603161729e-08
1.88136880563e-09	-1.95214320264e-08
1.88260899601e-09	-1.73916212542e-08
1.88384918639e-09	-1.2912947045e-08
1.88508937677e-09	-7.21251547375e-09
1.88632956715e-09	-1.31623517641e-09
1.88756975753e-09	4.19157386577e-09
1.88880994791e-09	9.20177745112e-09
1.89005013829e-09	1.3877022198e-08
1.89129032866e-09	1.83309420976e-08
1.89253051904e-09	2.23635503449e-08
1.89377070942e-09	2.54043868164e-08
1.8950108998e-09	2.66744932809e-08
1.89625109018e-09	2.550983913e-08
1.89749128056e-09	2.16939035624e-08
1.89873147094e-09	1.56510695515e-08
1.89997166132e-09	8.42061231854e-09
1.9012118517e-09	1.3693315648e-09
1.90245204208e-09	-4.24506019225e-09
1.90369223246e-09	-7.66428798205e-09
1.90493242284e-09	-8.83863005008e-09
1.90617261322e-09	-8.34713731468e-09
1.9074128036e-09	-7.06334302158e-09
1.90865299398e-09	-5.76789616069e-09
1.90989318436e-09	-4.8664010599e-09
1.91113337474e-09	-4.34737168487e-09
1.91237356512e-09	-3.95608540371e-09
1.91361375549e-09	-3.45687378722e-09
1.91485394587e-09	-2.85781887044e-09
1.91609413625e-09	-2.45483244843e-09
1.91733432663e-09	-2.71163574928e-09
1.91857451701e-09	-4.04041139435e-09
1.91981470739e-09	-6.54566101321e-09
1.92105489777e-09	-9.86560921845e-09
1.92229508815e-09	-1.31740829357e-08
1.92353527853e-09	-1.53660382196e-08
1.92477546891e-09	-1.54114703221e-08
1.92601565929e-09	-1.27405225259e-08
1.92725584967e-09	-7.5122716936e-09
1.92849604005e-09	-6.25710067093e-10
1.92973623043e-09	6.5811314176e-09
1.93097642081e-09	1.27950691153e-08
1.93221661119e-09	1.71653222747e-08
1.93345680157e-09	1.95199021391e-08
1.93469699195e-09	2.02494179202e-08
1.93593718233e-09	1.99710246118e-08
1.9371773727e-09	1.91514568648e-08
1.93841756308e-09	1.7869002944e-08
1.93965775346e-09	1.58294382047e-08
1.94089794384e-09	1.25814629826e-08
1.94213813422e-09	7.84326870118e-09
1.9433783246e-09	1.76964884413e-09
1.94461851498e-09	-4.97540803002e-09
1.94585870536e-09	-1.13392916168e-08
1.94709889574e-09	-1.61962323553e-08
1.94833908612e-09	-1.87381741235e-08
1.9495792765e-09	-1.87589954681e-08
1.95081946688e-09	-1.6731677821e-08
1.95205965726e-09	-1.36217344071e-08
1.95329984764e-09	-1.05029116515e-08
1.95454003802e-09	-8.15842693402e-09
1.9557802284e-09	-6.83329270945e-09
1.95702041878e-09	-6.26019391881e-09
1.95826060916e-09	-5.91837479025e-09
1.95950079953e-09	-5.35970939852e-09
1.96074098991e-09	-4.4726782833e-09
1.96198118029e-09	-3.51533024912e-09
1.96322137067e-09	-2.92412544178e-09
1.96446156105e-09	-3.03302397087e-09
1.96570175143e-09	-3.80174514092e-09
1.96694194181e-09	-4.72768091342e-09
1.96818213219e-09	-4.98183411191e-09
1.96942232257e-09	-3.71912284303e-09
1.97066251295e-09	-4.74993575722e-10
1.97190270333e-09	4.5668178128e-09
1.97314289371e-09	1.05379005522e-08
1.97438308409e-09	1.61264164245e-08
1.97562327447e-09	2.00493854852e-08
1.97686346485e-09	2.15138491466e-08
1.97810365523e-09	2.04834265105e-08
1.97934384561e-09	1.76244354666e-08
1.98058403599e-09	1.39361915341e-08
1.98182422636e-09	1.02865832519e-08
1.98306441674e-09	7.0568592081e-09
1.98430460712e-09	4.06806477393e-09
1.9855447975e-09	8.31079510766e-10
1.98678498788e-09	-3.07822758949e-09
1.98802517826e-09	-7.66671071073e-09
1.98926536864e-09	-1.23868556523e-08
1.99050555902e-09	-1.63026157018e-08
1.9917457494e-09	-1.84205095621e-08
1.99298593978e-09	-1.80969981223e-08
1.99422613016e-09	-1.53246608736e-08
1.99546632054e-09	-1.07712258002e-08
1.99670651092e-09	-5.58051466149e-09
1.9979467013e-09	-9.72026847901e-10
1.99918689168e-09	2.16509979389e-09
2.00042708206e-09	3.53994278335e-09
2.00166727244e-09	3.49571471769e-09
2.00290746282e-09	2.76466072258e-09
2.00414765319e-09	2.09924441719e-09
2.00538784357e-09	1.94758303929e-09
2.00662803395e-09	2.29285662678e-09
2.00786822433e-09	2.76618530859e-09
2.00910841471e-09	2.93958915543e-09
2.01034860509e-09	2.63743582529e-09
2.01158879547e-09	2.1285870011e-09
2.01282898585e-09	2.05714204005e-09
2.01406917623e-09	3.15391149308e-09
2.01530936661e-09	5.84813980575e-09
2.01654955699e-09	9.95010185356e-09
2.01778974737e-09	1.46037386628e-08
2.01902993775e-09	1.85217732263e-08
2.02027012813e-09	2.04470278486e-08
2.02151031851e-09	1.96512097705e-08
2.02275050889e-09	1.62091851053e-08
2.02399069927e-09	1.09540372328e-08
2.02523088965e-09	5.11292214123e-09
2.02647108003e-09	-2.07774734917e-10
2.0277112704e-09	-4.40608027841e-09
2.02895146078e-09	-7.49602968586e-09
2.03019165116e-09	-9.9049368707e-09
2.03143184154e-09	-1.2079913847e-08
2.03267203192e-09	-1.41567018108e-08
2.0339122223e-09	-1.58383985926e-08
2.03515241268e-09	-1.65414213438e-08
2.03639260306e-09	-1.57285242608e-08
2.03763279344e-09	-1.32214275084e-08
2.03887298382e-09	-9.37302757631e-09
2.0401131742e-09	-4.99274754873e-09
2.04135336458e-09	-1.06446811088e-09
2.04259355496e-09	1.58043510223e-09
2.04383374534e-09	2.5539311499e-09
2.04507393572e-09	2.00911975945e-09
2.0463141261e-09	5.28200344574e-10
2.04755431648e-09	-1.10676735832e-09
2.04879450686e-09	-2.21327453587e-09
2.05003469723e-09	-2.41807060486e-09
2.05127488761e-09	-1.72110034558e-09
2.05251507799e-09	-4.27107006012e-10
2.05375526837e-09	1.03986935729e-09
2.05499545875e-09	2.32389132937e-09
2.05623564913e-09	3.27759230867e-09
2.05747583951e-09	4.00727973027e-09
2.05871602989e-09	4.7771574474e-09
2.05995622027e-09	5.84149822958e-09
2.06119641065e-09	7.24619908521e-09
2.06243660103e-09	8.69119176627e-09
2.06367679141e-09	9.56904799843e-09
2.06491698179e-09	9.15962605763e-09
2.06615717217e-09	6.94107615828e-09
2.06739736255e-09	2.88094959e-09
2.06863755293e-09	-2.46955769723e-09
2.06987774331e-09	-8.10953548758e-09
2.07111793369e-09	-1.29300893326e-08
2.07235812406e-09	-1.61044471092e-08
2.07359831444e-09	-1.73293386307e-08
2.07483850482e-09	-1.68478420104e-08
2.0760786952e-09	-1.52485875038e-08
2.07731888558e-09	-1.31721019647e-08
2.07855907596e-09	-1.10735135506e-08
2.07979926634e-09	-9.12539122044e-09
2.08103945672e-09	-7.28250426629e-09
2.0822796471e-09	-5.42743461285e-09
2.08351983748e-09	-3.51236389973e-09
2.08476002786e-09	-1.63840485623e-09
2.08600021824e-09	-3.16303806064e-11
2.08724040862e-09	1.0674902351e-09
2.088480599e-09	1.52516650698e-09
2.08972078938e-09	1.41443942669e-09
2.09096097976e-09	1.03310779376e-09
2.09220117014e-09	8.06740535486e-10
2.09344136052e-09	1.13818221514e-09
2.09468155089e-09	2.24187821085e-09
2.09592174127e-09	4.04659455944e-09
2.09716193165e-09	6.2041233817e-09
2.09840212203e-09	8.18935852465e-09
2.09964231241e-09	9.48137013346e-09
2.10088250279e-09	9.73768132795e-09
2.10212269317e-09	8.91387574864e-09
2.10336288355e-09	7.30393900916e-09
2.10460307393e-09	5.44323569551e-09
2.10584326431e-09	3.91155707824e-09
2.10708345469e-09	3.09268510801e-09
2.10832364507e-09	2.97716140629e-09
2.10956383545e-09	3.13983952727e-09
2.11080402583e-09	2.91206109226e-09
2.11204421621e-09	1.70563585478e-09
2.11328440659e-09	-6.49709494538e-10
2.11452459697e-09	-3.76716080552e-09
2.11576478735e-09	-6.81095679855e-09
2.11700497773e-09	-8.83347417435e-09
2.1182451681e-09	-9.19447140646e-09
2.11948535848e-09	-7.82485976014e-09
2.12072554886e-09	-5.24761939458e-09
2.12196573924e-09	-2.34128461063e-09
2.12320592962e-09	2.72457958972e-11
2.12444612e-09	1.32545562026e-09
2.12568631038e-09	1.53296948746e-09
2.12692650076e-09	1.09143201421e-09
2.12816669114e-09	6.8960026578e-10
2.12940688152e-09	9.80957814978e-10
2.1306470719e-09	2.3116223935e-09
2.13188726228e-09	4.58847188023e-09
2.13312745266e-09	7.33375493667e-09
2.13436764304e-09	9.88884363284e-09
2.13560783342e-09	1.17014650192e-08
2.1368480238e-09	1.25509466153e-08
2.13808821418e-09	1.25991791444e-08
2.13932840456e-09	1.22421873749e-08
2.14056859493e-09	1.18359049228e-08
2.14180878531e-09	1.14696194764e-08
2.14304897569e-09	1.09028527318e-08
2.14428916607e-09	9.70402858069e-09
2.14552935645e-09	7.53874429549e-09
2.14676954683e-09	4.43218073354e-09
2.14800973721e-09	8.68332766801e-10
2.14924992759e-09	-2.32262703515e-09
2.15049011797e-09	-4.27231255928e-09
2.15173030835e-09	-4.44713460501e-09
2.15297049873e-09	-2.92873567065e-09
2.15421068911e-09	-4.69247488089e-10
2.15545087949e-09	1.73737543796e-09
2.15669106987e-09	2.49278878095e-09
2.15793126025e-09	1.09303649465e-09
2.15917145063e-09	-2.32756289242e-09
2.16041164101e-09	-6.80909428841e-09
2.16165183139e-09	-1.09253420755e-08
2.16289202176e-09	-1.33534991953e-08
2.16413221214e-09	-1.34211273206e-08
2.16537240252e-09	-1.13397450319e-08
2.1666125929e-09	-8.04181921055e-09
2.16785278328e-09	-4.70893957161e-09
2.16909297366e-09	-2.22532792193e-09
2.17033316404e-09	-8.23892190582e-10
2.17157335442e-09	-5.74650162524e-11
2.1728135448e-09	8.89964789363e-10
2.17405373518e-09	2.73704273135e-09
2.17529392556e-09	5.71179786801e-09
2.17653411594e-09	9.36434652044e-09
2.17777430632e-09	1.27070829414e-08
2.1790144967e-09	1.46094907283e-08
2.18025468708e-09	1.42606777498e-08
2.18149487746e-09	1.15306602044e-08
2.18273506784e-09	7.0433144872e-09
2.18397525822e-09	1.92650539965e-09
2.18521544859e-09	-2.65373073516e-09
2.18645563897e-09	-5.96116511709e-09
2.18769582935e-09	-7.91140741807e-09
2.18893601973e-09	-8.96988050503e-09
2.19017621011e-09	-9.77613134889e-09
2.19141640049e-09	-1.06986824955e-08
2.19265659087e-09	-1.16002898398e-08
2.19389678125e-09	-1.1915683551e-08
2.19513697163e-09	-1.101092717e-08
2.19637716201e-09	-8.63414928443e-09
2.19761735239e-09	-5.19702553214e-09
2.19885754277e-09	-1.7540995878e-09
2.20009773315e-09	3.55481193093e-10
2.20133792353e-09	5.28756101403e-11
2.20257811391e-09	-2.99286845307e-09
2.20381830429e-09	-8.12534051153e-09
2.20505849467e-09	-1.38461897503e-08
2.20629868505e-09	-1.83052439873e-08
2.20753887543e-09	-1.99522700584e-08
2.2087790658e-09	-1.80916519543e-08
2.21001925618e-09	-1.3111063013e-08
2.21125944656e-09	-6.29870761104e-09
2.21249963694e-09	6.82643920558e-10
2.21373982732e-09	6.43049202775e-09
2.2149800177e-09	1.02511430455e-08
2.21622020808e-09	1.22548513559e-08
2.21746039846e-09	1.30904664886e-08
2.21870058884e-09	1.34593860501e-08
2.21994077922e-09	1.36766422631e-08
2.2211809696e-09	1.35034037285e-08
2.22242115998e-09	1.23056080881e-08
2.22366135036e-09	9.45070000036e-09
2.22490154074e-09	4.74694916708e-09
2.22614173112e-09	-1.30058330772e-09
2.2273819215e-09	-7.55712137313e-09
2.22862211188e-09	-1.26213914875e-08
2.22986230226e-09	-1.53280788062e-08
2.23110249263e-09	-1.51880426014e-08
2.23234268301e-09	-1.25631470782e-08
2.23358287339e-09	-8.48611769744e-09
2.23482306377e-09	-4.22262863564e-09
2.23606325415e-09	-7.75851674573e-10
2.23730344453e-09	1.4522790609e-09
2.23854363491e-09	2.67399985487e-09
2.23978382529e-09	3.42229838912e-09
2.24102401567e-09	4.12361250701e-09
2.24226420605e-09	4.77210737593e-09
2.24350439643e-09	4.89767310041e-09
2.24474458681e-09	3.83243919932e-09
2.24598477719e-09	1.15729631434e-09
2.24722496757e-09	-2.91232771232e-09
2.24846515795e-09	-7.42025452194e-09
2.24970534833e-09	-1.09006951243e-08
2.25094553871e-09	-1.18797667259e-08
2.25218572909e-09	-9.43731981451e-09
2.25342591946e-09	-3.60349777795e-09
2.25466610984e-09	4.57396948095e-09
2.25590630022e-09	1.33426767412e-08
2.2571464906e-09	2.07933872343e-08
2.25838668098e-09	2.54438994318e-08
2.25962687136e-09	2.66507496072e-08
2.26086706174e-09	2.46775944124e-08
2.26210725212e-09	2.04393493242e-08
2.2633474425e-09	1.50666084053e-08
2.26458763288e-09	9.4838787934e-09
2.26582782326e-09	4.18327478213e-09
2.26706801364e-09	-7.35163513399e-10
2.26830820402e-09	-5.30677224386e-09
2.2695483944e-09	-9.41582212199e-09
2.27078858478e-09	-1.26445901527e-08
2.27202877516e-09	-1.43263996222e-08
2.27326896554e-09	-1.38208373635e-08
2.27450915592e-09	-1.08689421907e-08
2.27574934629e-09	-5.83113346497e-09
2.27698953667e-09	3.02163960519e-10
2.27822972705e-09	6.16430717582e-09
2.27946991743e-09	1.04390374123e-08
2.28071010781e-09	1.22899620481e-08
2.28195029819e-09	1.16018412655e-08
2.28319048857e-09	8.93880836017e-09
2.28443067895e-09	5.27306276421e-09
2.28567086933e-09	1.5891465921e-09
2.28691105971e-09	-1.45242849692e-09
2.28815125009e-09	-3.63566243777e-09
2.28939144047e-09	-5.08231429164e-09
2.29063163085e-09	-6.00040955812e-09
2.29187182123e-09	-6.42627606684e-09
2.29311201161e-09	-6.10180750371e-09
2.29435220199e-09	-4.567926426e-09
2.29559239237e-09	-1.43112025008e-09
2.29683258275e-09	3.33653477069e-09
2.29807277313e-09	9.20337472898e-09
2.2993129635e-09	1.50936265708e-08
2.30055315388e-09	1.96374680961e-08
2.30179334426e-09	2.15757887112e-08
2.30303353464e-09	2.01585694803e-08
2.30427372502e-09	1.53963619631e-08
2.3055139154e-09	8.08065880875e-09
2.30675410578e-09	-4.44179942827e-10
2.30799429616e-09	-8.66833305135e-09
2.30923448654e-09	-1.53131525238e-08
2.31047467692e-09	-1.96084661841e-08
2.3117148673e-09	-2.1375247794e-08
2.31295505768e-09	-2.09095940562e-08
2.31419524806e-09	-1.87400992502e-08
2.31543543844e-09	-1.53849284423e-08
2.31667562882e-09	-1.1227113017e-08
2.3179158192e-09	-6.52908338505e-09
2.31915600958e-09	-1.5637910411e-09
2.32039619996e-09	3.22172932776e-09
2.32163639033e-09	7.15714132404e-09
2.32287658071e-09	9.46621492304e-09
2.32411677109e-09	9.52266632215e-09
2.32535696147e-09	7.14102588173e-09
2.32659715185e-09	2.75547848427e-09
2.32783734223e-09	-2.61848917549e-09
2.32907753261e-09	-7.67338226293e-09
2.33031772299e-09	-1.12151322673e-08
2.33155791337e-09	-1.25228806214e-08
2.33279810375e-09	-1.15402304379e-08
2.33403829413e-09	-8.80099093603e-09
2.33527848451e-09	-5.14829484599e-09
2.33651867489e-09	-1.39860001358e-09
2.33775886527e-09	1.91086327317e-09
2.33899905565e-09	4.59916210671e-09
2.34023924603e-09	6.73092614978e-09
2.34147943641e-09	8.39515790219e-09
2.34271962679e-09	9.50849887715e-09
2.34395981716e-09	9.75439740092e-09
2.34520000754e-09	8.67460536735e-09
2.34644019792e-09	5.88804682788e-09
2.3476803883e-09	1.34935876361e-09
2.34892057868e-09	-4.50312787059e-09
2.35016076906e-09	-1.07714820397e-08
2.35140095944e-09	-1.62913889046e-08
2.35264114982e-09	-1.9945891605e-08
2.3538813402e-09	-2.09869008838e-08
2.35512153058e-09	-1.92463185389e-08
2.35636172096e-09	-1.51618952948e-08
2.35760191134e-09	-9.62671975469e-09
2.35884210172e-09	-3.71750724648e-09
2.3600822921e-09	1.60836943763e-09
2.36132248248e-09	5.73027980622e-09
2.36256267286e-09	8.42419445313e-09
2.36380286324e-09	9.77844771821e-09
2.36504305362e-09	1.00144281756e-08
2.36628324399e-09	9.30359977946e-09
2.36752343437e-09	7.69751795637e-09
2.36876362475e-09	5.20065712717e-09
2.37000381513e-09	1.93747956567e-09
2.37124400551e-09	-1.68624963992e-09
2.37248419589e-09	-4.95383473131e-09
2.37372438627e-09	-6.99070978882e-09
2.37496457665e-09	-7.07637226594e-09
2.37620476703e-09	-4.96820784512e-09
2.37744495741e-09	-1.06063066663e-09
2.37868514779e-09	3.68822450358e-09
2.37992533817e-09	8.07144306947e-09
2.38116552855e-09	1.10552645927e-08
2.38240571893e-09	1.21109500206e-08
2.38364590931e-09	1.13307130345e-08
2.38488609969e-09	9.28318133475e-09
2.38612629007e-09	6.70457300789e-09
2.38736648045e-09	4.17814594034e-09
2.38860667083e-09	1.93706403695e-09
2.3898468612e-09	-1.12620052173e-10
2.39108705158e-09	-2.20777859883e-09
2.39232724196e-09	-4.49197223862e-09
2.39356743234e-09	-6.82542411479e-09
2.39480762272e-09	-8.76309358411e-09
2.3960478131e-09	-9.70079427898e-09
2.39728800348e-09	-9.11945674531e-09
2.39852819386e-09	-6.83167844517e-09
2.39976838424e-09	-3.10676312454e-09
2.40100857462e-09	1.36500491466e-09
2.402248765e-09	5.67647551186e-09
2.40348895538e-09	8.99359708928e-09
2.40472914576e-09	1.07945891115e-08
2.40596933614e-09	1.10057734037e-08
2.40720952652e-09	9.96517568463e-09
2.4084497169e-09	8.23685342155e-09
2.40968990728e-09	6.38287539489e-09
2.41093009766e-09	4.77082495731e-09
2.41217028803e-09	3.50044254693e-09
2.41341047841e-09	2.46503656376e-09
2.41465066879e-09	1.50784379427e-09
2.41589085917e-09	5.91833276831e-10
2.41713104955e-09	-1.23165703331e-10
2.41837123993e-09	-3.31421910749e-10
2.41961143031e-09	2.5559472594e-10
2.42085162069e-09	1.69528449612e-09
2.42209181107e-09	3.68365510317e-09
2.42333200145e-09	5.59592644445e-09
2.42457219183e-09	6.68999533548e-09
2.42581238221e-09	6.40855091216e-09
2.42705257259e-09	4.6312185753e-09
2.42829276297e-09	1.75157652271e-09
2.42953295335e-09	-1.46750768482e-09
2.43077314373e-09	-4.20293100323e-09
2.43201333411e-09	-5.88903531495e-09
2.43325352449e-09	-6.41153913294e-09
2.43449371486e-09	-6.09242861715e-09
2.43573390524e-09	-5.47614159574e-09
2.43697409562e-09	-5.04095026832e-09
2.438214286e-09	-4.97752705719e-09
2.43945447638e-09	-5.12557601917e-09
2.44069466676e-09	-5.08714648184e-09
2.44193485714e-09	-4.45135134308e-09
2.44317504752e-09	-3.01528607638e-09
2.4444152379e-09	-9.00756330635e-10
2.44565542828e-09	1.48241083298e-09
2.44689561866e-09	3.5888850225e-09
2.44813580904e-09	4.946759391e-09
2.44937599942e-09	5.34229060989e-09
2.4506161898e-09	4.87814050265e-09
2.45185638018e-09	3.90792548322e-09
2.45309657056e-09	2.87865065118e-09
2.45433676094e-09	2.136645888e-09
2.45557695132e-09	1.79178430426e-09
2.45681714169e-09	1.6960627347e-09
2.45805733207e-09	1.54510360062e-09
2.45929752245e-09	1.03858524558e-09
2.46053771283e-09	3.20697860628e-11
2.46177790321e-09	-1.37965994185e-09
2.46301809359e-09	-2.90566601335e-09
2.46425828397e-09	-4.18950590886e-09
2.46549847435e-09	-4.95127217004e-09
2.46673866473e-09	-5.10279857258e-09
2.46797885511e-09	-4.78088585387e-09
2.46921904549e-09	-4.27768748201e-09
2.47045923587e-09	-3.91045340553e-09
2.47169942625e-09	-3.88586540723e-09
2.47293961663e-09	-4.21045620591e-09
2.47417980701e-09	-4.6848095403e-09
2.47541999739e-09	-5.00423791294e-09
2.47666018777e-09	-4.92257823392e-09
2.47790037815e-09	-4.38350300502e-09
2.47914056853e-09	-3.56692131387e-09
2.4803807589e-09	-2.81656048484e-09
2.48162094928e-09	-2.46086415134e-09
2.48286113966e-09	-2.62766036707e-09
2.48410133004e-09	-3.14963474746e-09
2.48534152042e-09	-3.61389135284e-09
2.4865817108e-09	-3.5289246525e-09
2.48782190118e-09	-2.54133977751e-09
2.48906209156e-09	-6.02598179689e-10
2.49030228194e-09	1.99906136089e-09
2.49154247232e-09	4.73602868034e-09
2.4927826627e-09	7.02376234951e-09
2.49402285308e-09	8.41048797273e-09
2.49526304346e-09	8.71000371827e-09
2.49650323384e-09	8.02629762653e-09
2.49774342422e-09	6.66715749276e-09
2.4989836146e-09	5.00643870804e-09
2.50022380498e-09	3.33525818075e-09
2.50146399536e-09	1.76723635725e-09
2.50270418573e-09	2.46033388107e-10
2.50394437611e-09	-1.35851797867e-09
2.50518456649e-09	-3.11745890214e-09
2.50642475687e-09	-4.9415175285e-09
2.50766494725e-09	-6.5570661123e-09
2.50890513763e-09	-7.58167828518e-09
2.51014532801e-09	-7.67754482212e-09
2.51138551839e-09	-6.69752664439e-09
2.51262570877e-09	-4.76642669778e-09
2.51386589915e-09	-2.28047949968e-09
2.51510608953e-09	1.99273222923e-10
2.51634627991e-09	2.11235889891e-09
2.51758647029e-09	3.05851374782e-09
2.51882666067e-09	2.91556168097e-09
2.52006685105e-09	1.86660126245e-09
2.52130704143e-09	3.3070850225e-10
2.52254723181e-09	-1.19102468166e-09
2.52378742219e-09	-2.28631416577e-09
2.52502761256e-09	-2.74237896281e-09
2.52626780294e-09	-2.5734577247e-09
2.52750799332e-09	-1.92916216335e-09
2.5287481837e-09	-9.47284792274e-10
2.52998837408e-09	3.46287026831e-10
2.53122856446e-09	2.04273925553e-09
2.53246875484e-09	4.24375395935e-09
2.53370894522e-09	6.90612356191e-09
2.5349491356e-09	9.72902125529e-09
2.53618932598e-09	1.21649700313e-08
2.53742951636e-09	1.35701023751e-08
2.53866970674e-09	1.3423732792e-08
2.53990989712e-09	1.15293108394e-08
2.5411500875e-09	8.11720168858e-09
2.54239027788e-09	3.79436154718e-09
2.54363046826e-09	-6.36351235594e-10
2.54487065864e-09	-4.41084541114e-09
2.54611084902e-09	-7.02375124728e-09
2.54735103939e-09	-8.34607849498e-09
2.54859122977e-09	-8.59823823252e-09
2.54983142015e-09	-8.19388001894e-09
2.55107161053e-09	-7.52343498611e-09
2.55231180091e-09	-6.78243594621e-09
2.55355199129e-09	-5.9152986398e-09
2.55479218167e-09	-4.71049871331e-09
2.55603237205e-09	-2.9943246771e-09
2.55727256243e-09	-8.12486564139e-10
2.55851275281e-09	1.49364499935e-09
2.55975294319e-09	3.36147210067e-09
2.56099313357e-09	4.21243046e-09
2.56223332395e-09	3.70043162778e-09
2.56347351433e-09	1.88866799977e-09
2.56471370471e-09	-7.17637615999e-10
2.56595389509e-09	-3.30784910574e-09
2.56719408547e-09	-5.02422181636e-09
2.56843427585e-09	-5.24779336653e-09
2.56967446623e-09	-3.80649139986e-09
2.5709146566e-09	-1.01348224257e-09
2.57215484698e-09	2.46583717334e-09
2.57339503736e-09	5.86684711923e-09
2.57463522774e-09	8.59243831641e-09
2.57587541812e-09	1.03632331605e-08
2.5771156085e-09	1.12048867962e-08
2.57835579888e-09	1.12899579685e-08
2.57959598926e-09	1.07388395953e-08
2.58083617964e-09	9.5000957101e-09
2.58207637002e-09	7.3769365061e-09
2.5833165604e-09	4.1978642229e-09
2.58455675078e-09	2.60189265966e-11
2.58579694116e-09	-4.7158844052e-09
2.58703713154e-09	-9.27775811732e-09
2.58827732192e-09	-1.27822812335e-08
2.5895175123e-09	-1.4518371616e-08
2.59075770268e-09	-1.41961489231e-08
2.59199789306e-09	-1.20611601817e-08
2.59323808343e-09	-8.81599759861e-09
2.59447827381e-09	-5.37669914147e-09
2.59571846419e-09	-2.55858084719e-09
2.59695865457e-09	-8.10436107113e-10
2.59819884495e-09	-1.15676303605e-10
2.59943903533e-09	-8.1379956593e-11
2.60067922571e-09	-1.76969824212e-10
2.60191941609e-09	-1.51622013556e-11
2.60315960647e-09	4.72056588263e-10
2.60439979685e-09	1.03585443001e-09
2.60563998723e-09	1.28731968141e-09
2.60688017761e-09	9.53119486113e-10
2.60812036799e-09	8.11462234213e-11
2.60936055837e-09	-9.12582676094e-10
2.61060074875e-09	-1.38655778525e-09
2.61184093913e-09	-7.40421654544e-10
2.61308112951e-09	1.30424840372e-09
2.61432131989e-09	4.53599607875e-09
2.61556151026e-09	8.27252355506e-09
2.61680170064e-09	1.15670653056e-08
2.61804189102e-09	1.35270952217e-08
2.6192820814e-09	1.3612156069e-08
2.62052227178e-09	1.18004598315e-08
2.62176246216e-09	8.55457749083e-09
2.62300265254e-09	4.60818833092e-09
2.62424284292e-09	6.77279080041e-10
2.6254830333e-09	-2.77715156427e-09
2.62672322368e-09	-5.62427793227e-09
2.62796341406e-09	-7.96494337152e-09
2.62920360444e-09	-9.9294242828e-09
2.63044379482e-09	-1.14853715427e-08
2.6316839852e-09	-1.23779897443e-08
2.63292417558e-09	-1.22388646995e-08
2.63416436596e-09	-1.07982849329e-08
2.63540455634e-09	-8.1021810372e-09
2.63664474672e-09	-4.60494264942e-09
2.63788493709e-09	-1.07424678875e-09
2.63912512747e-09	1.65701088961e-09
2.64036531785e-09	2.99876667942e-09
2.64160550823e-09	2.82378551097e-09
2.64284569861e-09	1.51735607412e-09
2.64408588899e-09	-1.76228080739e-10
2.64532607937e-09	-1.45151252129e-09
2.64656626975e-09	-1.73541289672e-09
2.64780646013e-09	-8.78767447698e-10
2.64904665051e-09	8.39740027514e-10
2.65028684089e-09	2.89042842438e-09
2.65152703127e-09	4.74496508751e-09
2.65276722165e-09	6.09868405776e-09
2.65400741203e-09	6.95617041746e-09
2.65524760241e-09	7.55555684684e-09
2.65648779279e-09	8.18222445353e-09
2.65772798317e-09	8.96126672867e-09
2.65896817355e-09	9.74095049067e-09
2.66020836393e-09	1.01169124189e-08
2.6614485543e-09	9.58260659711e-09
2.66268874468e-09	7.75530217823e-09
2.66392893506e-09	4.57223231498e-09
2.66516912544e-09	3.73035467099e-10
2.66640931582e-09	-4.16339923648e-09
2.6676495062e-09	-8.22425738622e-09
2.66888969658e-09	-1.1120961263e-08
2.67012988696e-09	-1.2501886304e-08
2.67137007734e-09	-1.24408402469e-08
2.67261026772e-09	-1.1352106033e-08
2.6738504581e-09	-9.79100267529e-09
2.67509064848e-09	-8.22321866156e-09
2.67633083886e-09	-6.86751644441e-09
2.67757102924e-09	-5.68457625416e-09
2.67881121962e-09	-4.49163500837e-09
2.68005141e-09	-3.13995807133e-09
2.68129160038e-09	-1.65428262755e-09
2.68253179076e-09	-2.54392576449e-10
2.68377198113e-09	7.48472298029e-10
2.68501217151e-09	1.12930398366e-09
2.68625236189e-09	9.0948951148e-10
2.68749255227e-09	4.02066446109e-10
2.68873274265e-09	1.16696628055e-10
2.68997293303e-09	5.55217809228e-10
2.69121312341e-09	1.98182786848e-09
2.69245331379e-09	4.28973689903e-09
2.69369350417e-09	7.01297031558e-09
2.69493369455e-09	9.48887601826e-09
2.69617388493e-09	1.11009821335e-08
2.69741407531e-09	1.14804983298e-08
2.69865426569e-09	1.06050263016e-08
2.69989445607e-09	8.75326866545e-09
2.70113464645e-09	6.35633135015e-09
2.70237483683e-09	3.82791798259e-09
2.70361502721e-09	1.43065791158e-09
2.70485521759e-09	-7.62925930764e-10
2.70609540796e-09	-2.82361548032e-09
2.70733559834e-09	-4.86465356886e-09
2.70857578872e-09	-6.9212253706e-09
2.7098159791e-09	-8.87711071318e-09
2.71105616948e-09	-1.0466629119e-08
2.71229635986e-09	-1.13520352008e-08
2.71353655024e-09	-1.12670477392e-08
2.71477674062e-09	-1.01538439878e-08
2.716016931e-09	-8.23113133208e-09
2.71725712138e-09	-5.95658367075e-09
2.71849731176e-09	-3.87207665931e-09
2.71973750214e-09	-2.40882688796e-09
2.72097769252e-09	-1.72465861037e-09
2.7222178829e-09	-1.64973906758e-09
2.72345807328e-09	-1.77605283258e-09
2.72469826366e-09	-1.62840296802e-09
2.72593845404e-09	-8.62155333237e-10
2.72717864442e-09	6.0362611437e-10
2.7284188348e-09	2.57922366798e-09
2.72965902517e-09	4.70356370519e-09
2.73089921555e-09	6.61114207823e-09
2.73213940593e-09	8.08084288373e-09
2.73337959631e-09	9.09756048273e-09
2.73461978669e-09	9.80361225533e-09
2.73585997707e-09	1.0359810787e-08
2.73710016745e-09	1.08037847557e-08
2.73834035783e-09	1.09830367023e-08
2.73958054821e-09	1.05978830156e-08
2.74082073859e-09	9.35161859061e-09
2.74206092897e-09	7.12685621629e-09
2.74330111935e-09	4.08846201339e-09
2.74454130973e-09	6.71387404005e-10
2.74578150011e-09	-2.55534601812e-09
2.74702169049e-09	-5.08508873898e-09
2.74826188087e-09	-6.63613108909e-09
2.74950207125e-09	-7.22127646569e-09
2.75074226163e-09	-7.09806169397e-09
2.751982452e-09	-6.64388732918e-09
2.75322264238e-09	-6.20498863402e-09
2.75446283276e-09	-5.97436755623e-09
2.75570302314e-09	-5.95094934441e-09
2.75694321352e-09	-5.97416593973e-09
2.7581834039e-09	-5.81794595833e-09
2.75942359428e-09	-5.31314986452e-09
2.76066378466e-09	-4.43608155765e-09
2.76190397504e-09	-3.32411187465e-09
2.76314416542e-09	-2.20817089613e-09
2.7643843558e-09	-1.28473004457e-09
2.76562454618e-09	-5.95523533264e-10
2.76686473656e-09	2.4143678376e-11
2.76810492694e-09	8.89338935828e-10
2.76934511732e-09	2.31258359684e-09
2.7705853077e-09	4.4365651708e-09
2.77182549808e-09	7.12099879063e-09
2.77306568846e-09	9.94296878165e-09
2.77430587883e-09	1.23234951133e-08
2.77554606921e-09	1.3717391889e-08
2.77678625959e-09	1.3798095333e-08
2.77802644997e-09	1.25608524693e-08
2.77926664035e-09	1.03064550228e-08
2.78050683073e-09	7.51983819658e-09
2.78174702111e-09	4.68325483949e-09
2.78298721149e-09	2.11684564322e-09
2.78422740187e-09	-8.68998831227e-11
2.78546759225e-09	-2.01990194015e-09
2.78670778263e-09	-3.82072912197e-09
2.78794797301e-09	-5.5271368038e-09
2.78918816339e-09	-7.01050550944e-09
2.79042835377e-09	-8.02457122973e-09
2.79166854415e-09	-8.34705704555e-09
2.79290873453e-09	-7.93557652923e-09
2.79414892491e-09	-7.00299462864e-09
2.79538911529e-09	-5.96530513874e-09
2.79662930566e-09	-5.27680160678e-09
2.79786949604e-09	-5.24147697467e-09
2.79910968642e-09	-5.88475818075e-09
2.8003498768e-09	-6.9352210641e-09
2.80159006718e-09	-7.93588228465e-09
2.80283025756e-09	-8.41447644895e-09
2.80407044794e-09	-8.04174538072e-09
2.80531063832e-09	-6.7304857243e-09
2.8065508287e-09	-4.63471588885e-09
2.80779101908e-09	-2.06452127616e-09
2.80903120946e-09	6.39342766229e-10
2.81027139984e-09	3.22071563863e-09
2.81151159022e-09	5.56070545166e-09
2.8127517806e-09	7.65429952754e-09
2.81399197098e-09	9.52449585867e-09
2.81523216136e-09	1.11181013285e-08
2.81647235174e-09	1.22523192703e-08
2.81771254212e-09	1.26369791298e-08
2.8189527325e-09	1.19753957861e-08
2.82019292287e-09	1.01092928473e-08
2.82143311325e-09	7.12658843049e-09
2.82267330363e-09	3.39209504929e-09
2.82391349401e-09	-5.25881956037e-10
2.82515368439e-09	-4.01260979999e-09
2.82639387477e-09	-6.57799681392e-09
2.82763406515e-09	-7.99447819055e-09
2.82887425553e-09	-8.33970781322e-09
2.83011444591e-09	-7.93078080985e-09
2.83135463629e-09	-7.1909389554e-09
2.83259482667e-09	-6.49015596821e-09
2.83383501705e-09	-6.0338349317e-09
2.83507520743e-09	-5.84290033023e-09
2.83631539781e-09	-5.82060472043e-09
2.83755558819e-09	-5.8677738779e-09
2.83879577857e-09	-5.96772165018e-09
2.84003596895e-09	-6.19516854483e-09
2.84127615933e-09	-6.64341037737e-09
2.8425163497e-09	-7.30159599449e-09
2.84375654008e-09	-7.97426802368e-09
2.84499673046e-09	-8.29445956363e-09
2.84623692084e-09	-7.82848530445e-09
2.84747711122e-09	-6.24757512391e-09
2.8487173016e-09	-3.47359713215e-09
2.84995749198e-09	2.64041392917e-10
2.85119768236e-09	4.4789869591e-09
2.85243787274e-09	8.56697746077e-09
2.85367806312e-09	1.19675445109e-08
2.8549182535e-09	1.42975031814e-08
2.85615844388e-09	1.54093129368e-08
2.85739863426e-09	1.53641377398e-08
2.85863882464e-09	1.43573168909e-08
2.85987901502e-09	1.26221237906e-08
2.8611192054e-09	1.03524043782e-08
2.86235939578e-09	7.68454677669e-09
2.86359958616e-09	4.72640071525e-09
2.86483977653e-09	1.6137470249e-09
2.86607996691e-09	-1.43820577669e-09
2.86732015729e-09	-4.13370554453e-09
2.86856034767e-09	-6.14876588534e-09
2.86980053805e-09	-7.22888104931e-09
2.87104072843e-09	-7.29035021241e-09
2.87228091881e-09	-6.47151632283e-09
2.87352110919e-09	-5.12157999344e-09
2.87476129957e-09	-3.70859376542e-09
2.87600148995e-09	-2.67974209489e-09
2.87724168033e-09	-2.33489708124e-09
2.87848187071e-09	-2.74111217058e-09
2.87972206109e-09	-3.73090558448e-09
2.88096225147e-09	-4.97597735238e-09
2.88220244185e-09	-6.10029454728e-09
2.88344263223e-09	-6.79722989005e-09
2.88468282261e-09	-6.88907242363e-09
2.88592301299e-09	-6.32646329768e-09
2.88716320336e-09	-5.14111814232e-09
2.88840339374e-09	-3.37267019868e-09
2.88964358412e-09	-1.03622069259e-09
2.8908837745e-09	1.85662429875e-09
2.89212396488e-09	5.23804899455e-09
2.89336415526e-09	8.90894924499e-09
2.89460434564e-09	1.2510876668e-08
2.89584453602e-09	1.55629455989e-08
2.8970847264e-09	1.75677734582e-08
2.89832491678e-09	1.81537069821e-08
2.89956510716e-09	1.71795724313e-08
2.90080529754e-09	1.47877290413e-08
2.90204548792e-09	1.13695470816e-08
2.9032856783e-09	7.45195816165e-09
2.90452586868e-09	3.56977114535e-09
2.90576605906e-09	1.4449367744e-10
2.90700624944e-09	-2.58571442036e-09
2.90824643982e-09	-4.56789994718e-09
2.9094866302e-09	-5.88490167708e-09
2.91072682057e-09	-6.67248756248e-09
2.91196701095e-09	-7.0553259901e-09
2.91320720133e-09	-7.11388903341e-09
2.91444739171e-09	-6.89174373125e-09
2.91568758209e-09	-6.44580305798e-09
2.91692777247e-09	-5.88554205372e-09
2.91816796285e-09	-5.37974803594e-09
2.91940815323e-09	-5.12559722443e-09
2.92064834361e-09	-5.27459320665e-09
2.92188853399e-09	-5.85483406201e-09
2.92312872437e-09	-6.72570343863e-09
2.92436891475e-09	-7.58833673675e-09
2.92560910513e-09	-8.0611267661e-09
2.92684929551e-09	-7.7892083894e-09
2.92808948589e-09	-6.55853638065e-09
2.92932967627e-09	-4.36874436627e-09
2.93056986665e-09	-1.43072059755e-09
2.93181005703e-09	1.89513002513e-09
2.9330502474e-09	5.20407089644e-09
2.93429043778e-09	8.1541526864e-09
2.93553062816e-09	1.0527879124e-08
2.93677081854e-09	1.22351399012e-08
2.93801100892e-09	1.32610598058e-08
2.9392511993e-09	1.35948265978e-08
2.94049138968e-09	1.31832647021e-08
2.94173158006e-09	1.19332337345e-08
2.94297177044e-09	9.77368308508e-09
2.94421196082e-09	6.74867917105e-09
2.9454521512e-09	3.08057940268e-09
2.94669234158e-09	-8.25595702914e-10
2.94793253196e-09	-4.45785364178e-09
2.94917272234e-09	-7.33893334992e-09
2.95041291272e-09	-9.16618725366e-09
2.9516531031e-09	-9.90068638185e-09
2.95289329348e-09	-9.76239733497e-09
2.95413348386e-09	-9.13738928965e-09
2.95537367423e-09	-8.43971525999e-09
2.95661386461e-09	-7.97062149616e-09
2.95785405499e-09	-7.84609466287e-09
2.95909424537e-09	-8.00019384073e-09
2.96033443575e-09	-8.24470069993e-09
2.96157462613e-09	-8.37334868109e-09
2.96281481651e-09	-8.24594037496e-09
2.96405500689e-09	-7.82347131523e-09
2.96529519727e-09	-7.15125703099e-09
2.96653538765e-09	-6.29578666977e-09
2.96777557803e-09	-5.27975063669e-09
2.96901576841e-09	-4.04270339427e-09
2.97025595879e-09	-2.45762263318e-09
2.97149614917e-09	-4.05846370399e-10
2.97273633955e-09	2.1376143633e-09
2.97397652993e-09	5.03257624462e-09
2.97521672031e-09	7.96104893119e-09
2.97645691069e-09	1.05020090402e-08
2.97769710106e-09	1.22501154776e-08
2.97893729144e-09	1.29467414567e-08
2.98017748182e-09	1.25635137849e-08
2.9814176722e-09	1.12978861821e-08
2.98265786258e-09	9.48946121682e-09
2.98389805296e-09	7.47942974222e-09
2.98513824334e-09	5.49054934851e-09
2.98637843372e-09	3.57368479253e-09
2.9876186241e-09	1.63793542618e-09
2.98885881448e-09	-4.37762916194e-10
2.99009900486e-09	-2.68122371527e-09
2.99133919524e-09	-4.95552726631e-09
2.99257938562e-09	-6.9750771825e-09
2.993819576e-09	-8.4117746102e-09
2.99505976638e-09	-9.03962493748e-09
2.99629995676e-09	-8.84743633911e-09
2.99754014714e-09	-8.06108702012e-09
2.99878033752e-09	-7.0570269628e-09
3.0000205279e-09	-6.212042436e-09
3.00126071827e-09	-5.75180597595e-09
3.00250090865e-09	-5.66373054012e-09
3.00374109903e-09	-5.71983671538e-09
3.00498128941e-09	-5.58571999765e-09
3.00622147979e-09	-4.96254237703e-09
3.00746167017e-09	-3.70699332342e-09
3.00870186055e-09	-1.8766357357e-09
3.00994205093e-09	3.08195982623e-10
3.01118224131e-09	2.55796500648e-09
3.01242243169e-09	4.62203009199e-09
3.01366262207e-09	6.36353830741e-09
3.01490281245e-09	7.77827080523e-09
3.01614300283e-09	8.95310903193e-09
3.01738319321e-09	9.97929050506e-09
3.01862338359e-09	1.08726270209e-08
3.01986357397e-09	1.15328266936e-08
3.02110376435e-09	1.17620945206e-08
3.02234395473e-09	1.13516079869e-08
3.0235841451e-09	1.0188058619e-08
3.02482433548e-09	8.33676350176e-09
3.02606452586e-09	6.05370187312e-09
3.02730471624e-09	3.70541647365e-09
3.02854490662e-09	1.63973791489e-09
3.029785097e-09	4.96227295366e-11
3.03102528738e-09	-1.09494041611e-09
3.03226547776e-09	-2.00764088687e-09
3.03350566814e-09	-2.97251953607e-09
3.03474585852e-09	-4.19055939949e-09
3.0359860489e-09	-5.6668004178e-09
3.03722623928e-09	-7.19656656489e-09
3.03846642966e-09	-8.44462055838e-09
3.03970662004e-09	-9.09188502263e-09
3.04094681042e-09	-8.97170759906e-09
3.0421870008e-09	-8.13790879128e-09
3.04342719118e-09	-6.83753476061e-09
3.04466738156e-09	-5.39074790362e-09
3.04590757193e-09	-4.05387562408e-09
3.04714776231e-09	-2.92108176536e-09
3.04838795269e-09	-1.90289869972e-09
3.04962814307e-09	-8.04662836362e-10
3.05086833345e-09	5.52843056056e-10
3.05210852383e-09	2.2246920417e-09
3.05334871421e-09	4.08938194418e-09
3.05458890459e-09	5.88908172228e-09
3.05582909497e-09	7.32734461995e-09
3.05706928535e-09	8.18555823123e-09
3.05830947573e-09	8.40523861623e-09
3.05954966611e-09	8.09448386097e-09
3.06078985649e-09	7.47340433982e-09
3.06203004687e-09	6.77489908618e-09
3.06327023725e-09	6.14910194985e-09
3.06451042763e-09	5.61487445427e-09
3.06575061801e-09	5.0642812166e-09
3.06699080839e-09	4.32522784255e-09
3.06823099876e-09	3.24998256085e-09
3.06947118914e-09	1.78910886106e-09
3.07071137952e-09	3.02409798592e-11
3.0719515699e-09	-1.82577516994e-09
3.07319176028e-09	-3.54251927792e-09
3.07443195066e-09	-4.93757013054e-09
3.07567214104e-09	-5.957846827e-09
3.07691233142e-09	-6.6961601819e-09
3.0781525218e-09	-7.33112381912e-09
3.07939271218e-09	-8.02636845876e-09
3.08063290256e-09	-8.82502027011e-09
3.08187309294e-09	-9.59972035197e-09
3.08311328332e-09	-1.00851319518e-08
3.0843534737e-09	-9.97902194211e-09
3.08559366408e-09	-9.07821950946e-09
3.08683385446e-09	-7.37171546028e-09
3.08807404484e-09	-5.06280167789e-09
3.08931423522e-09	-2.51162274312e-09
3.0905544256e-09	-1.07719872952e-10
3.09179461597e-09	1.85398485453e-09
3.09303480635e-09	3.25081689345e-09
3.09427499673e-09	4.14312290031e-09
3.09551518711e-09	4.70416544607e-09
3.09675537749e-09	5.11624742572e-09
3.09799556787e-09	5.48123030297e-09
3.09923575825e-09	5.78057063327e-09
3.10047594863e-09	5.91054089005e-09
3.10171613901e-09	5.75599956587e-09
3.10295632939e-09	5.27544363749e-09
3.10419651977e-09	4.54615123324e-09
3.10543671015e-09	3.73392727848e-09
3.10667690053e-09	3.0241094906e-09
3.10791709091e-09	2.52798421085e-09
3.10915728129e-09	2.22030788199e-09
3.11039747167e-09	1.94714075419e-09
3.11163766205e-09	1.48232126573e-09
3.11287785243e-09	6.24659504678e-10
3.1141180428e-09	-7.14531309121e-10
3.11535823318e-09	-2.46934758752e-09
3.11659842356e-09	-4.42461889349e-09
3.11783861394e-09	-6.28098190125e-09
3.11907880432e-09	-7.74569552942e-09
3.1203189947e-09	-8.61791227269e-09
3.12155918508e-09	-8.84845385851e-09
3.12279937546e-09	-8.53756754182e-09
3.12403956584e-09	-7.87811038627e-09
3.12527975622e-09	-7.06429725827e-09
3.1265199466e-09	-6.19706191918e-09
3.12776013698e-09	-5.24487653308e-09
3.12900032736e-09	-4.07099315369e-09
3.13024051774e-09	-2.52237536413e-09
3.13148070812e-09	-5.4725946691e-10
3.1327208985e-09	1.73566142014e-09
3.13396108888e-09	4.04012762134e-09
3.13520127926e-09	5.9957425691e-09
3.13644146963e-09	7.28537974393e-09
3.13768166001e-09	7.76127484503e-09
3.13892185039e-09	7.49920192611e-09
3.14016204077e-09	6.76400957467e-09
3.14140223115e-09	5.90005871937e-09
3.14264242153e-09	5.20192267039e-09
3.14388261191e-09	4.81136469554e-09
3.14512280229e-09	4.68886124372e-09
3.14636299267e-09	4.66758570683e-09
3.14760318305e-09	4.54831206032e-09
3.14884337343e-09	4.19904128135e-09
3.15008356381e-09	3.6058461772e-09
3.15132375419e-09	2.84726561772e-09
3.15256394457e-09	2.0266108236e-09
3.15380413495e-09	1.19206268467e-09
3.15504432533e-09	2.97595260934e-10
3.15628451571e-09	-7.68067359713e-10
3.15752470609e-09	-2.10849993021e-09
3.15876489646e-09	-3.72945224703e-09
3.16000508684e-09	-5.48954814938e-09
3.16124527722e-09	-7.11720971047e-09
3.1624854676e-09	-8.28065072067e-09
3.16372565798e-09	-8.69910132817e-09
3.16496584836e-09	-8.23945733863e-09
3.16620603874e-09	-6.96429813818e-09
3.16744622912e-09	-5.12201364655e-09
3.1686864195e-09	-3.0681966412e-09
3.16992660988e-09	-1.15305982817e-09
3.17116680026e-09	3.89082537022e-10
3.17240699064e-09	1.50827013379e-09
3.17364718102e-09	2.32729119309e-09
3.1748873714e-09	3.06252051496e-09
3.17612756178e-09	3.90336668543e-09
3.17736775216e-09	4.90262547226e-09
3.17860794254e-09	5.94162324896e-09
3.17984813292e-09	6.77785338965e-09
3.1810883233e-09	7.15771575344e-09
3.18232851367e-09	6.94422697123e-09
3.18356870405e-09	6.18631218474e-09
3.18480889443e-09	5.10601771975e-09
3.18604908481e-09	4.00677729884e-09
3.18728927519e-09	3.14485784636e-09
3.18852946557e-09	2.62976077026e-09
3.18976965595e-09	2.38797942531e-09
3.19100984633e-09	2.20996645983e-09
3.19225003671e-09	1.85247031603e-09
3.19349022709e-09	1.14349041347e-09
3.19473041747e-09	5.23599098107e-11
3.19597060785e-09	-1.30775777707e-09
3.19721079823e-09	-2.74201217287e-09
3.19845098861e-09	-4.0604726248e-09
3.19969117899e-09	-5.15108972143e-09
3.20093136937e-09	-6.00040012122e-09
3.20217155975e-09	-6.65202404271e-09
3.20341175013e-09	-7.13856074253e-09
3.2046519405e-09	-7.41942074445e-09
3.20589213088e-09	-7.37046834676e-09
3.20713232126e-09	-6.83732148676e-09
3.20837251164e-09	-5.71795233384e-09
3.20961270202e-09	-4.04433364576e-09
3.2108528924e-09	-2.01101552078e-09
3.21209308278e-09	6.73363465681e-11
3.21333327316e-09	1.84731582809e-09
3.21457346354e-09	3.07138531275e-09
3.21581365392e-09	3.65169688932e-09
3.2170538443e-09	3.69419300705e-09
3.21829403468e-09	3.45509232336e-09
3.21953422506e-09	3.2375750969e-09
3.22077441544e-09	3.27759674956e-09
3.22201460582e-09	3.65455588014e-09
3.2232547962e-09	4.26108076601e-09
3.22449498658e-09	4.85530787797e-09
3.22573517696e-09	5.16198728207e-09
3.22697536733e-09	4.98349084221e-09
3.22821555771e-09	4.27836482908e-09
3.22945574809e-09	3.16373949261e-09
3.23069593847e-09	1.85525983465e-09
3.23193612885e-09	5.72341021798e-10
3.23317631923e-09	-5.47296409581e-10
3.23441650961e-09	-1.48033268976e-09
3.23565669999e-09	-2.29842414545e-09
3.23689689037e-09	-3.10165015893e-09
3.23813708075e-09	-3.94776944468e-09
3.23937727113e-09	-4.81156742227e-09
3.24061746151e-09	-5.58123691707e-09
3.24185765189e-09	-6.10387423938e-09
3.24309784227e-09	-6.25171858726e-09
3.24433803265e-09	-5.97510174671e-09
3.24557822303e-09	-5.32458388491e-09
3.24681841341e-09	-4.42882280849e-09
3.24805860379e-09	-3.4372069635e-09
3.24929879416e-09	-2.45997350268e-09
3.25053898454e-09	-1.53232103395e-09
3.25177917492e-09	-6.23502402486e-10
3.2530193653e-09	3.15615693303e-10
3.25425955568e-09	1.29595272014e-09
3.25549974606e-09	2.25303686818e-09
3.25673993644e-09	3.06006123219e-09
3.25798012682e-09	3.58359641961e-09
3.2592203172e-09	3.75164760369e-09
3.26046050758e-09	3.60647106623e-09
3.26170069796e-09	3.30300903295e-09
3.26294088834e-09	3.05262620737e-09
3.26418107872e-09	3.03931685375e-09
3.2654212691e-09	3.33682226294e-09
3.26666145948e-09	3.86876231051e-09
3.26790164986e-09	4.42542796852e-09
3.26914184024e-09	4.72930766771e-09
3.27038203062e-09	4.53101789422e-09
3.271622221e-09	3.69346186968e-09
3.27286241137e-09	2.23985605063e-09
3.27410260175e-09	3.52466555942e-10
3.27534279213e-09	-1.68334995942e-09
3.27658298251e-09	-3.55809837149e-09
3.27782317289e-09	-5.01913832718e-09
3.27906336327e-09	-5.92668175647e-09
3.28030355365e-09	-6.26163099149e-09
3.28154374403e-09	-6.10128336742e-09
3.28278393441e-09	-5.56694684795e-09
3.28402412479e-09	-4.77274431088e-09
3.28526431517e-09	-3.80181880422e-09
3.28650450555e-09	-2.7038086492e-09
3.28774469593e-09	-1.52267809472e-09
3.28898488631e-09	-3.27311538983e-10
3.29022507669e-09	7.7753444655e-10
3.29146526707e-09	1.66229213727e-09
3.29270545745e-09	2.21577875492e-09
3.29394564783e-09	2.39057484919e-09
3.2951858382e-09	2.23252896725e-09
3.29642602858e-09	1.87839144239e-09
3.29766621896e-09	1.50841185376e-09
3.29890640934e-09	1.28575369795e-09
3.30014659972e-09	1.30263173859e-09
3.3013867901e-09	1.55521687195e-09
3.30262698048e-09	1.96539595709e-09
3.30386717086e-09	2.42592920752e-09
3.30510736124e-09	2.84822934682e-09
3.30634755162e-09	3.18967904867e-09
3.307587742e-09	3.44458495061e-09
3.30882793238e-09	3.61330448895e-09
3.31006812276e-09	3.66338992475e-09
3.31130831314e-09	3.51018719646e-09
3.31254850352e-09	3.03354527609e-09
3.3137886939e-09	2.11872522304e-09
3.31502888428e-09	7.16367895559e-10
3.31626907466e-09	-1.10891089367e-09
3.31750926503e-09	-3.16538212308e-09
3.31874945541e-09	-5.15929754474e-09
3.31998964579e-09	-6.75827949159e-09
3.32122983617e-09	-7.67164287652e-09
3.32247002655e-09	-7.72407182659e-09
3.32371021693e-09	-6.9008527781e-09
3.32495040731e-09	-5.34960048482e-09
3.32619059769e-09	-3.34169947269e-09
3.32743078807e-09	-1.20459101027e-09
3.32867097845e-09	7.55797008312e-10
3.32991116883e-09	2.31667351969e-09
3.33115135921e-09	3.3667812982e-09
3.33239154959e-09	3.89845389304e-09
3.33363173997e-09	3.9693747178e-09
3.33487193035e-09	3.65733371366e-09
3.33611212073e-09	3.03461974993e-09
3.33735231111e-09	2.16981840828e-09
3.33859250149e-09	1.15611197005e-09
3.33983269186e-09	1.35703347864e-10
3.34107288224e-09	-7.01379142265e-10
3.34231307262e-09	-1.15285649083e-09
3.343553263e-09	-1.07324880927e-09
3.34479345338e-09	-4.35265129495e-10
3.34603364376e-09	6.4342267625e-10
3.34727383414e-09	1.92085555795e-09
3.34851402452e-09	3.09922137953e-09
3.3497542149e-09	3.90838400532e-09
3.35099440528e-09	4.17475626291e-09
3.35223459566e-09	3.85073772868e-09
3.35347478604e-09	2.99891039779e-09
3.35471497642e-09	1.75195621899e-09
3.3559551668e-09	2.60609672731e-10
3.35719535718e-09	-1.34274923125e-09
3.35843554756e-09	-2.94765603592e-09
3.35967573794e-09	-4.45418280037e-09
3.36091592832e-09	-5.74607961212e-09
3.3621561187e-09	-6.672081998e-09
3.36339630907e-09	-7.05806102452e-09
3.36463649945e-09	-6.7451489949e-09
3.36587668983e-09	-5.651541235e-09
3.36711688021e-09	-3.82538650756e-09
3.36835707059e-09	-1.46890173636e-09
3.36959726097e-09	1.08265392484e-09
3.37083745135e-09	3.43523925972e-09
3.37207764173e-09	5.22655863033e-09
3.37331783211e-09	6.21155338276e-09
3.37455802249e-09	6.31667701478e-09
3.37579821287e-09	5.63868179926e-09
3.37703840325e-09	4.40175618177e-09
3.37827859363e-09	2.8859316048e-09
3.37951878401e-09	1.35529493184e-09
3.38075897439e-09	9.33870689113e-12
3.38199916477e-09	-1.03497406478e-09
3.38323935515e-09	-1.72356764971e-09
3.38447954553e-09	-2.03103781016e-09
3.3857197359e-09	-1.93617938349e-09
3.38695992628e-09	-1.42081102439e-09
3.38820011666e-09	-5.0071218699e-10
3.38944030704e-09	7.29421627266e-10
3.39068049742e-09	2.06994907326e-09
3.3919206878e-09	3.2336785194e-09
3.39316087818e-09	3.91264121102e-09
3.39440106856e-09	3.8693939719e-09
3.39564125894e-09	3.01996938568e-09
3.39688144932e-09	1.47175263643e-09
3.3981216397e-09	-5.05246816607e-10
3.39936183008e-09	-2.55680188133e-09
3.40060202046e-09	-4.34073949007e-09
3.40184221084e-09	-5.60973284491e-09
3.40308240122e-09	-6.25133445009e-09
3.4043225916e-09	-6.27339791226e-09
3.40556278198e-09	-5.75582653761e-09
3.40680297236e-09	-4.79549860932e-09
3.40804316273e-09	-3.46729206457e-09
3.40928335311e-09	-1.82420825667e-09
3.41052354349e-09	6.90990667462e-11
3.41176373387e-09	2.09040912358e-09
3.41300392425e-09	4.03552502526e-09
3.41424411463e-09	5.63522573049e-09
3.41548430501e-09	6.61193488849e-09
3.41672449539e-09	6.7673335824e-09
3.41796468577e-09	6.05444294699e-09
3.41920487615e-09	4.60211985187e-09
3.42044506653e-09	2.68956862337e-09
3.42168525691e-09	6.70740601949e-10
3.42292544729e-09	-1.11723150176e-09
3.42416563767e-09	-2.42982528542e-09
3.42540582805e-09	-3.15483988933e-09
3.42664601843e-09	-3.30534677406e-09
3.42788620881e-09	-2.98723210057e-09
3.42912639919e-09	-2.34752647876e-09
3.43036658956e-09	-1.52637687212e-09
3.43160677994e-09	-6.3755047075e-10
3.43284697032e-09	2.32045460971e-10
3.4340871607e-09	1.00164346262e-09
3.43532735108e-09	1.56972393417e-09
3.43656754146e-09	1.80750950318e-09
3.43780773184e-09	1.5816565696e-09
3.43904792222e-09	8.0937731517e-10
3.4402881126e-09	-4.82886092223e-10
3.44152830298e-09	-2.12628087359e-09
3.44276849336e-09	-3.82032611101e-09
3.44400868374e-09	-5.20753606903e-09
3.44524887412e-09	-5.97658100787e-09
3.4464890645e-09	-5.95137950032e-09
3.44772925488e-09	-5.14024056653e-09
3.44896944526e-09	-3.71803260402e-09
3.45020963564e-09	-1.95469157527e-09
3.45144982602e-09	-1.2335654373e-10
3.4526900164e-09	1.57197731221e-09
3.45393020677e-09	3.02315011913e-09
3.45517039715e-09	4.19992557399e-09
3.45641058753e-09	5.09723080411e-09
3.45765077791e-09	5.68233066156e-09
3.45889096829e-09	5.87741322278e-09
3.46013115867e-09	5.58165980102e-09
3.46137134905e-09	4.72372679861e-09
3.46261153943e-09	3.32395205804e-09
3.46385172981e-09	1.52795044672e-09
3.46509192019e-09	-4.08939430929e-10
3.46633211057e-09	-2.17908044386e-09
3.46757230095e-09	-3.50332796106e-09
3.46881249133e-09	-4.20398460488e-09
3.47005268171e-09	-4.24432222701e-09
3.47129287209e-09	-3.72338693211e-09
3.47253306247e-09	-2.83115264565e-09
3.47377325285e-09	-1.79148201829e-09
3.47501344323e-09	-8.05320726771e-10
3.4762536336e-09	-9.4493163294e-12
3.47749382398e-09	5.30978552793e-10
3.47873401436e-09	8.08809672015e-10
3.47997420474e-09	8.46159045609e-10
3.48121439512e-09	6.62825232201e-10
3.4824545855e-09	2.63598646383e-10
3.48369477588e-09	-3.51069028015e-10
3.48493496626e-09	-1.14977392884e-09
3.48617515664e-09	-2.03395994491e-09
3.48741534702e-09	-2.82904225046e-09
3.4886555374e-09	-3.30654992275e-09
3.48989572778e-09	-3.25256097056e-09
3.49113591816e-09	-2.55060719767e-09
3.49237610854e-09	-1.23424361009e-09
3.49361629892e-09	5.03919309058e-10
3.4948564893e-09	2.36578887036e-09
3.49609667968e-09	4.03860989096e-09
3.49733687006e-09	5.28466342908e-09
3.49857706043e-09	5.99689176095e-09
3.49981725081e-09	6.19321438577e-09
3.50105744119e-09	5.97123928081e-09
3.50229763157e-09	5.44178918593e-09
3.50353782195e-09	4.67028193896e-09
3.50477801233e-09	3.66488212e-09
3.50601820271e-09	2.40181610711e-09
3.50725839309e-09	8.76908670677e-10
3.50849858347e-09	-8.38775972289e-10
3.50973877385e-09	-2.5768711609e-09
3.51097896423e-09	-4.09064909723e-09
3.51221915461e-09	-5.11828973648e-09
3.51345934499e-09	-5.46569189908e-09
3.51469953537e-09	-5.07244785064e-09
3.51593972575e-09	-4.04278494015e-09
3.51717991613e-09	-2.61872354357e-09
3.51842010651e-09	-1.10690923094e-09
3.51966029689e-09	2.06448982909e-10
3.52090048727e-09	1.12889157744e-09
3.52214067764e-09	1.59501056807e-09
3.52338086802e-09	1.65262606378e-09
3.5246210584e-09	1.41573421042e-09
3.52586124878e-09	1.00665163705e-09
3.52710143916e-09	5.17265445754e-10
3.52834162954e-09	-1.41687789973e-12
3.52958181992e-09	-5.20853166153e-10
3.5308220103e-09	-9.95451887587e-10
3.53206220068e-09	-1.33450529793e-09
3.53330239106e-09	-1.40599305809e-09
3.53454258144e-09	-1.0704665071e-09
3.53578277182e-09	-2.42848085391e-10
3.5370229622e-09	1.04599716388e-09
3.53826315258e-09	2.62518115579e-09
3.53950334296e-09	4.20986656646e-09
3.54074353334e-09	5.4761135071e-09
3.54198372372e-09	6.15528544801e-09
3.5432239141e-09	6.11287787056e-09
3.54446410447e-09	5.37980066051e-09
3.54570429485e-09	4.11816342138e-09
3.54694448523e-09	2.55045343178e-09
3.54818467561e-09	8.8077947713e-10
3.54942486599e-09	-7.64047179691e-10
3.55066505637e-09	-2.33687638684e-09
3.55190524675e-09	-3.82864562276e-09
3.55314543713e-09	-5.2087764657e-09
3.55438562751e-09	-6.37640584777e-09
3.55562581789e-09	-7.15713766031e-09
3.55686600827e-09	-7.34689653559e-09
3.55810619865e-09	-6.79483047605e-09
3.55934638903e-09	-5.48709222503e-09
3.56058657941e-09	-3.58578117199e-09
3.56182676979e-09	-1.41346767624e-09
3.56306696017e-09	6.27160046118e-10
3.56430715055e-09	2.17092435695e-09
3.56554734093e-09	2.99138602777e-09
3.5667875313e-09	3.05665762146e-09
3.56802772168e-09	2.51499285286e-09
3.56926791206e-09	1.62372856827e-09
3.57050810244e-09	6.55511159242e-10
3.57174829282e-09	-1.82832551182e-10
3.5729884832e-09	-7.79350035895e-10
3.57422867358e-09	-1.10240658269e-09
3.57546886396e-09	-1.16044930609e-09
3.57670905434e-09	-9.55525519819e-10
3.57794924472e-09	-4.68586468239e-10
3.5791894351e-09	3.20414837024e-10
3.58042962548e-09	1.39286342182e-09
3.58166981586e-09	2.65107616415e-09
3.58291000624e-09	3.90258642069e-09
3.58415019662e-09	4.88317558611e-09
3.585390387e-09	5.32081806393e-09
3.58663057738e-09	5.01763619543e-09
3.58787076776e-09	3.91677390521e-09
3.58911095813e-09	2.13441314623e-09
3.59035114851e-09	-6.37631614175e-11
3.59159133889e-09	-2.33932548332e-09
3.59283152927e-09	-4.37467667647e-09
3.59407171965e-09	-5.94967619616e-09
3.59531191003e-09	-6.97584190412e-09
3.59655210041e-09	-7.47297068671e-09
3.59779229079e-09	-7.50673700978e-09
3.59903248117e-09	-7.12507575162e-09
3.60027267155e-09	-6.32742197526e-09
3.60151286193e-09	-5.08245628916e-09
3.60275305231e-09	-3.38390782062e-09
3.60399324269e-09	-1.31689445459e-09
3.60523343307e-09	9.06005756529e-10
3.60647362345e-09	2.96988297843e-09
3.60771381383e-09	4.5325859177e-09
3.60895400421e-09	5.32644706119e-09
3.61019419459e-09	5.25039767219e-09
3.61143438497e-09	4.40641756416e-09
3.61267457534e-09	3.07021555401e-09
3.61391476572e-09	1.6073584963e-09
3.6151549561e-09	3.67360013936e-10
3.61639514648e-09	-4.04350337935e-10
3.61763533686e-09	-6.13314024567e-10
3.61887552724e-09	-3.03802129287e-10
3.62011571762e-09	3.90668775108e-10
3.621355908e-09	1.30377271479e-09
3.62259609838e-09	2.28515564804e-09
3.62383628876e-09	3.21559712191e-09
3.62507647914e-09	3.99324318057e-09
3.62631666952e-09	4.5130406634e-09
3.6275568599e-09	4.65499722102e-09
3.62879705028e-09	4.29822893944e-09
3.63003724066e-09	3.35639638305e-09
3.63127743104e-09	1.82504950041e-09
3.63251762142e-09	-1.81158997525e-10
3.6337578118e-09	-2.42896724956e-09
3.63499800217e-09	-4.60172716599e-09
3.63623819255e-09	-6.36632402351e-09
3.63747838293e-09	-7.45618733422e-09
3.63871857331e-09	-7.73384034591e-09
3.63995876369e-09	-7.21572934737e-09
3.64119895407e-09	-6.0502047261e-09
3.64243914445e-09	-4.45805109495e-09
3.64367933483e-09	-2.66173541541e-09
3.64491952521e-09	-8.30038995869e-10
3.64615971559e-09	9.35167179805e-10
3.64739990597e-09	2.57389612401e-09
3.64864009635e-09	4.02661570753e-09
3.64988028673e-09	5.19870985149e-09
3.65112047711e-09	5.95882615473e-09
3.65236066749e-09	6.17784606805e-09
3.65360085787e-09	5.78862979772e-09
3.65484104825e-09	4.83656714678e-09
3.65608123863e-09	3.49680323586e-09
3.657321429e-09	2.04497946354e-09
3.65856161938e-09	7.87100579158e-10
3.65980180976e-09	-2.5041108076e-11
3.66104200014e-09	-2.60008046343e-10
3.66228219052e-09	6.54285089649e-11
3.6635223809e-09	7.99664515161e-10
3.66476257128e-09	1.70863156956e-09
3.66600276166e-09	2.54340051797e-09
3.66724295204e-09	3.09517375618e-09
3.66848314242e-09	3.23117180234e-09
3.6697233328e-09	2.90240548262e-09
3.67096352318e-09	2.12643416764e-09
3.67220371356e-09	9.6368032998e-10
3.67344390394e-09	-5.00225930122e-10
3.67468409432e-09	-2.15831949535e-09
3.6759242847e-09	-3.87706966531e-09
3.67716447508e-09	-5.48926981647e-09
3.67840466546e-09	-6.7960931327e-09
3.67964485583e-09	-7.59565788044e-09
3.68088504621e-09	-7.72707042795e-09
3.68212523659e-09	-7.11532321951e-09
3.68336542697e-09	-5.80653608528e-09
3.68460561735e-09	-3.96843702344e-09
3.68584580773e-09	-1.85594867252e-09
3.68708599811e-09	2.47664867781e-10
3.68832618849e-09	2.0961409275e-09
3.68956637887e-09	3.5265745324e-09
3.69080656925e-09	4.47951742366e-09
3.69204675963e-09	4.98357993761e-09
3.69328695001e-09	5.11514375301e-09
3.69452714039e-09	4.95775948073e-09
3.69576733077e-09	4.5698593798e-09
3.69700752115e-09	3.9793581208e-09
3.69824771153e-09	3.20403165111e-09
3.69948790191e-09	2.28209279252e-09
3.70072809229e-09	1.29737681709e-09
3.70196828267e-09	3.77845477129e-10
3.70320847304e-09	-3.31506110757e-10
3.70444866342e-09	-7.14892707532e-10
3.7056888538e-09	-7.34509612854e-10
3.70692904418e-09	-4.5263880144e-10
3.70816923456e-09	-2.07454392206e-11
3.70940942494e-09	3.60354624612e-10
3.71064961532e-09	4.99377067475e-10
3.7118898057e-09	2.68467414966e-10
3.71312999608e-09	-3.66263859519e-10
3.71437018646e-09	-1.34464132884e-09
3.71561037684e-09	-2.53769782965e-09
3.71685056722e-09	-3.78456155303e-09
3.7180907576e-09	-4.9303846561e-09
3.71933094798e-09	-5.84765075251e-09
3.72057113836e-09	-6.43926817423e-09
3.72181132874e-09	-6.63445731686e-09
3.72305151912e-09	-6.38204999959e-09
3.7242917095e-09	-5.65209351544e-09
3.72553189987e-09	-4.45150499795e-09
3.72677209025e-09	-2.84427284503e-09
3.72801228063e-09	-9.62781784852e-10
3.72925247101e-09	9.98979760025e-10
3.73049266139e-09	2.81493175991e-09
3.73173285177e-09	4.27426438687e-09
3.73297304215e-09	5.23126847396e-09
3.73421323253e-09	5.63755231386e-09
3.73545342291e-09	5.54582108014e-09
3.73669361329e-09	5.08712705294e-09
3.73793380367e-09	4.42622855035e-09
3.73917399405e-09	3.7104335715e-09
3.74041418443e-09	3.03374753097e-09
3.74165437481e-09	2.42220535296e-09
3.74289456519e-09	1.84615875365e-09
3.74413475557e-09	1.25500955461e-09
3.74537494595e-09	6.16989216662e-10
3.74661513633e-09	-5.05890529121e-11
3.7478553267e-09	-6.80910383632e-10
3.74909551708e-09	-1.18475314281e-09
3.75033570746e-09	-1.49454254528e-09
3.75157589784e-09	-1.60653121362e-09
3.75281608822e-09	-1.5921216151e-09
3.7540562786e-09	-1.574517558e-09
3.75529646898e-09	-1.68017819102e-09
3.75653665936e-09	-1.98484184644e-09
3.75777684974e-09	-2.48261095015e-09
3.75901704012e-09	-3.08837661001e-09
3.7602572305e-09	-3.67094510345e-09
3.76149742088e-09	-4.0985794203e-09
3.76273761126e-09	-4.27317276008e-09
3.76397780164e-09	-4.14711653907e-09
3.76521799202e-09	-3.71720920711e-09
3.7664581824e-09	-3.00447278168e-09
3.76769837278e-09	-2.03897043694e-09
3.76893856316e-09	-8.53462980843e-10
3.77017875353e-09	5.08747766137e-10
3.77141894391e-09	1.97860672291e-09
3.77265913429e-09	3.45025463755e-09
3.77389932467e-09	4.78193901143e-09
3.77513951505e-09	5.8188891483e-09
3.77637970543e-09	6.42854225408e-09
3.77761989581e-09	6.53806686568e-09
3.77886008619e-09	6.1624059744e-09
3.78010027657e-09	5.4034133834e-09
3.78134046695e-09	4.42158326619e-09
3.78258065733e-09	3.38946881673e-09
3.78382084771e-09	2.44141287742e-09
3.78506103809e-09	1.63973332135e-09
3.78630122847e-09	9.68406410617e-10
3.78754141885e-09	3.57856536071e-10
3.78878160923e-09	-2.72490321973e-10
3.79002179961e-09	-9.699202691e-10
3.79126198999e-09	-1.7179020706e-09
3.79250218037e-09	-2.43550191126e-09
3.79374237074e-09	-3.00835273359e-09
3.79498256112e-09	-3.33606925418e-09
3.7962227515e-09	-3.37852834598e-09
3.79746294188e-09	-3.18029858004e-09
3.79870313226e-09	-2.85655440968e-09
3.79994332264e-09	-2.54710125214e-09
3.80118351302e-09	-2.35928537817e-09
3.8024237034e-09	-2.32514374421e-09
3.80366389378e-09	-2.39276173875e-09
3.80490408416e-09	-2.45403397603e-09
3.80614427454e-09	-2.39346417685e-09
3.80738446492e-09	-2.13142284378e-09
3.8086246553e-09	-1.64323542273e-09
3.80986484568e-09	-9.52322970482e-10
3.81110503606e-09	-1.05604665637e-10
3.81234522644e-09	8.5087406565e-10
3.81358541682e-09	1.87970572441e-09
3.8148256072e-09	2.94451318883e-09
3.81606579757e-09	3.99304206367e-09
3.81730598795e-09	4.94262475392e-09
3.81854617833e-09	5.68112590305e-09
3.81978636871e-09	6.08403616376e-09
3.82102655909e-09	6.04730165943e-09
3.82226674947e-09	5.52339229909e-09
3.82350693985e-09	4.54566950747e-09
3.82474713023e-09	3.23338511521e-09
3.82598732061e-09	1.76680342578e-09
3.82722751099e-09	3.40264694892e-10
3.82846770137e-09	-8.90535784004e-10
3.82970789175e-09	-1.84905968315e-09
3.83094808213e-09	-2.54632454011e-09
3.83218827251e-09	-3.05678607426e-09
3.83342846289e-09	-3.4705393559e-09
3.83466865327e-09	-3.84380494101e-09
3.83590884365e-09	-4.172703294e-09
3.83714903403e-09	-4.3963283014e-09
3.8383892244e-09	-4.42939640521e-09
3.83962941478e-09	-4.20943807589e-09
3.84086960516e-09	-3.73411279675e-09
3.84210979554e-09	-3.07447931003e-09
3.84334998592e-09	-2.35814909266e-09
3.8445901763e-09	-1.726942922e-09
3.84583036668e-09	-1.28646475417e-09
3.84707055706e-09	-1.06675408784e-09
3.84831074744e-09	-1.01114241979e-09
3.84955093782e-09	-9.97089841248e-10
3.8507911282e-09	-8.80616593535e-10
3.85203131858e-09	-5.48586877314e-10
3.85327150896e-09	4.53727793184e-11
3.85451169934e-09	8.72558747478e-10
3.85575188972e-09	1.84611753662e-09
3.8569920801e-09	2.85468981787e-09
3.85823227048e-09	3.79435405318e-09
3.85947246086e-09	4.58436749673e-09
3.86071265123e-09	5.16495052283e-09
3.86195284161e-09	5.48429068825e-09
3.86319303199e-09	5.48687040247e-09
3.86443322237e-09	5.11537973091e-09
3.86567341275e-09	4.32867797162e-09
3.86691360313e-09	3.13038522881e-09
3.86815379351e-09	1.59340952932e-09
3.86939398389e-09	-1.34236134361e-10
3.87063417427e-09	-1.84816961735e-09
3.87187436465e-09	-3.33239896788e-09
3.87311455503e-09	-4.4143258493e-09
3.87435474541e-09	-5.00912095136e-09
3.87559493579e-09	-5.1391049749e-09
3.87683512617e-09	-4.91588492135e-09
3.87807531655e-09	-4.49344816911e-09
3.87931550693e-09	-4.01181360354e-09
3.88055569731e-09	-3.5523343711e-09
3.88179588769e-09	-3.12526268753e-09
3.88303607807e-09	-2.68865094077e-09
3.88427626844e-09	-2.18898763005e-09
3.88551645882e-09	-1.60329947929e-09
3.8867566492e-09	-9.59469934059e-10
3.88799683958e-09	-3.30328549236e-10
3.88923702996e-09	1.96539871183e-10
3.89047722034e-09	5.60080662404e-10
3.89171741072e-09	7.56711152072e-10
3.8929576011e-09	8.51153175718e-10
3.89419779148e-09	9.59570686798e-10
3.89543798186e-09	1.21004831155e-09
3.89667817224e-09	1.69524075333e-09
3.89791836262e-09	2.43159706259e-09
3.899158553e-09	3.34420913184e-09
3.90039874338e-09	4.2831079794e-09
3.90163893376e-09	5.06510028364e-09
3.90287912414e-09	5.52861217917e-09
3.90411931452e-09	5.57662993561e-09
3.9053595049e-09	5.19309095726e-09
3.90659969527e-09	4.43006381579e-09
3.90783988565e-09	3.37358563307e-09
3.90908007603e-09	2.10954295699e-09
3.91032026641e-09	7.05739466866e-10
3.91156045679e-09	-7.81689525609e-10
3.91280064717e-09	-2.28386154433e-09
3.91404083755e-09	-3.69678199164e-09
3.91528102793e-09	-4.87859713738e-09
3.91652121831e-09	-5.67444841115e-09
3.91776140869e-09	-5.96347921045e-09
3.91900159907e-09	-5.70691388591e-09
3.92024178945e-09	-4.97350455264e-09
3.92148197983e-09	-3.92912458125e-09
3.92272217021e-09	-2.7907163247e-09
3.92396236059e-09	-1.761875007e-09
3.92520255097e-09	-9.74626698791e-10
3.92644274135e-09	-4.59220481086e-10
3.92768293173e-09	-1.52568967876e-10
3.9289231221e-09	6.29095261127e-11
3.93016331248e-09	3.05060258304e-10
3.93140350286e-09	6.43907573095e-10
3.93264369324e-09	1.08214934236e-09
3.93388388362e-09	1.56559105957e-09
3.935124074e-09	2.01747918371e-09
3.93636426438e-09	2.38224104332e-09
3.93760445476e-09	2.65474461858e-09
3.93884464514e-09	2.88214063726e-09
3.94008483552e-09	3.13658515827e-09
3.9413250259e-09	3.47103407128e-09
3.94256521628e-09	3.87887283404e-09
3.94380540666e-09	4.27567570238e-09
3.94504559704e-09	4.51730164386e-09
3.94628578742e-09	4.44697734192e-09
3.9475259778e-09	3.95198290759e-09
3.94876616818e-09	3.01125455127e-09
3.95000635856e-09	1.70918443287e-09
3.95124654893e-09	2.09878262339e-10
3.95248673931e-09	-1.2940857691e-09
3.95372692969e-09	-2.64008218065e-09
3.95496712007e-09	-3.73329744896e-09
3.95620731045e-09	-4.55143411848e-09
3.95744750083e-09	-5.1167312054e-09
3.95868769121e-09	-5.45286255038e-09
3.95992788159e-09	-5.55373574906e-09
3.96116807197e-09	-5.37838695802e-09
3.96240826235e-09	-4.87756313117e-09
3.96364845273e-09	-4.03791450276e-09
3.96488864311e-09	-2.91811366737e-09
3.96612883349e-09	-1.65647440209e-09
3.96736902387e-09	-4.41031197673e-10
3.96860921425e-09	5.47718814747e-10
3.96984940463e-09	1.19705566293e-09
3.97108959501e-09	1.50081211348e-09
3.97232978539e-09	1.55783501377e-09
3.97356997577e-09	1.53080075005e-09
3.97481016614e-09	1.5833825362e-09
3.97605035652e-09	1.8191728679e-09
3.9772905469e-09	2.2463126359e-09
3.97853073728e-09	2.78164424827e-09
3.97977092766e-09	3.29020538592e-09
3.98101111804e-09	3.64117236362e-09
3.98225130842e-09	3.75761161076e-09
3.9834914988e-09	3.63938545966e-09
3.98473168918e-09	3.34862515494e-09
3.98597187956e-09	2.96760127583e-09
3.98721206994e-09	2.5512275903e-09
3.98845226032e-09	2.09720457667e-09
3.9896924507e-09	1.54862175861e-09
3.99093264108e-09	8.29792956569e-10
3.99217283146e-09	-1.02386267867e-10
3.99341302184e-09	-1.22017861093e-09
3.99465321222e-09	-2.41640618626e-09
3.9958934026e-09	-3.53104290252e-09
3.99713359297e-09	-4.40394987145e-09
3.99837378335e-09	-4.92669538499e-09
3.99961397373e-09	-5.07334291244e-09
4.00085416411e-09	-4.89801288417e-09
4.00209435449e-09	-4.5023348938e-09
4.00333454487e-09	-3.98859395512e-09
4.00457473525e-09	-3.4180968056e-09
4.00581492563e-09	-2.7962105964e-09
4.00705511601e-09	-2.08728884177e-09
4.00829530639e-09	-1.2513112907e-09
4.00953549677e-09	-2.8635845431e-10
4.01077568715e-09	7.46911837934e-10
4.01201587753e-09	1.73228889566e-09
4.01325606791e-09	2.53523060878e-09
4.01449625829e-09	3.05531319689e-09
4.01573644867e-09	3.26807553241e-09
4.01697663905e-09	3.23773113875e-09
4.01821682943e-09	3.09156497624e-09
4.0194570198e-09	2.96566013414e-09
4.02069721018e-09	2.94856258853e-09
4.02193740056e-09	3.04469041645e-09
4.02317759094e-09	3.17420001394e-09
4.02441778132e-09	3.20904267048e-09
4.0256579717e-09	3.02867525503e-09
4.02689816208e-09	2.57074933563e-09
4.02813835246e-09	1.8558412862e-09
4.02937854284e-09	9.78602726631e-10
4.03061873322e-09	6.87746795278e-11
4.0318589236e-09	-7.5948428796e-10
4.03309911398e-09	-1.44551931536e-09
4.03433930436e-09	-1.99303365478e-09
4.03557949474e-09	-2.45113376818e-09
4.03681968512e-09	-2.8759685744e-09
4.0380598755e-09	-3.29205768201e-09
4.03930006588e-09	-3.67357960718e-09
4.04054025626e-09	-3.95376481555e-09
4.04178044663e-09	-4.05426209271e-09
4.04302063701e-09	-3.92156251916e-09
4.04426082739e-09	-3.55222617987e-09
4.04550101777e-09	-2.99384200764e-09
4.04674120815e-09	-2.32472391337e-09
4.04798139853e-09	-1.62132998693e-09
4.04922158891e-09	-9.30527238596e-10
4.05046177929e-09	-2.57021629674e-10
4.05170196967e-09	4.2841920983e-10
4.05294216005e-09	1.16137330308e-09
4.05418235043e-09	1.95300481343e-09
4.05542254081e-09	2.76689390843e-09
4.05666273119e-09	3.51517104313e-09
4.05790292157e-09	4.08123734807e-09
4.05914311195e-09	4.36002883797e-09
4.06038330233e-09	4.29992558226e-09
4.06162349271e-09	3.92618709766e-09
4.06286368309e-09	3.33479660553e-09
4.06410387347e-09	2.65766206264e-09
4.06534406384e-09	2.01072597461e-09
4.06658425422e-09	1.45314361932e-09
4.0678244446e-09	9.7494118334e-10
4.06906463498e-09	5.14406767183e-10
4.07030482536e-09	-3.97389586515e-13
4.07154501574e-09	-6.08411113157e-10
4.07278520612e-09	-1.29155970641e-09
4.0740253965e-09	-1.97835831051e-09
4.07526558688e-09	-2.57145005289e-09
4.07650577726e-09	-2.98506522278e-09
4.07774596764e-09	-3.17850248899e-09
4.07898615802e-09	-3.16936674127e-09
4.0802263484e-09	-3.02284700049e-09
4.08146653878e-09	-2.82510276284e-09
4.08270672916e-09	-2.64849708831e-09
4.08394691954e-09	-2.52311055382e-09
4.08518710992e-09	-2.42730016642e-09
4.0864273003e-09	-2.29992550005e-09
4.08766749067e-09	-2.06700911942e-09
4.08890768105e-09	-1.67240046811e-09
4.09014787143e-09	-1.10067727155e-09
4.09138806181e-09	-3.8090070334e-10
4.09262825219e-09	4.27350536902e-10
4.09386844257e-09	1.25692765918e-09
4.09510863295e-09	2.05305383805e-09
4.09634882333e-09	2.78154693722e-09
4.09758901371e-09	3.42295808364e-09
4.09882920409e-09	3.95571059242e-09
4.10006939447e-09	4.34158842211e-09
4.10130958485e-09	4.52318110744e-09
4.10254977523e-09	4.43527331528e-09
4.10378996561e-09	4.02995370408e-09
4.10503015599e-09	3.30499033696e-09
4.10627034637e-09	2.32066160732e-09
4.10751053675e-09	1.19626859807e-09
4.10875072713e-09	8.30248829756e-11
4.1099909175e-09	-8.76034550457e-10
4.11123110788e-09	-1.58777198334e-09
4.11247129826e-09	-2.0335452211e-09
4.11371148864e-09	-2.26254984192e-09
4.11495167902e-09	-2.36375471974e-09
4.1161918694e-09	-2.42442468879e-09
4.11743205978e-09	-2.49390177953e-09
4.11867225016e-09	-2.57082929944e-09
4.11991244054e-09	-2.61462415607e-09
4.12115263092e-09	-2.57444054963e-09
4.1223928213e-09	-2.4187749581e-09
4.12363301168e-09	-2.15409021176e-09
4.12487320206e-09	-1.82482695621e-09
4.12611339244e-09	-1.49222419144e-09
4.12735358282e-09	-1.20727099151e-09
4.1285937732e-09	-9.86827508598e-10
4.12983396358e-09	-8.0065400837e-10
4.13107415396e-09	-5.79761967601e-10
4.13231434433e-09	-2.4173884422e-10
4.13355453471e-09	2.75970458291e-10
4.13479472509e-09	9.86664111524e-10
4.13603491547e-09	1.84185844354e-09
4.13727510585e-09	2.74014558266e-09
4.13851529623e-09	3.55672591379e-09
4.13975548661e-09	4.17877521475e-09
4.14099567699e-09	4.53121767885e-09
4.14223586737e-09	4.58637106071e-09
4.14347605775e-09	4.35450503433e-09
4.14471624813e-09	3.86460091706e-09
4.14595643851e-09	3.14888690123e-09
4.14719662889e-09	2.23987497994e-09
4.14843681927e-09	1.17924146836e-09
4.14967700965e-09	3.03184820999e-11
4.15091720003e-09	-1.11465268959e-09
4.15215739041e-09	-2.14186968162e-09
4.15339758079e-09	-2.93803059659e-09
4.15463777117e-09	-3.42015410437e-09
4.15587796154e-09	-3.56078216912e-09
4.15711815192e-09	-3.39928513116e-09
4.1583583423e-09	-3.03393965506e-09
4.15959853268e-09	-2.59233084998e-09
4.16083872306e-09	-2.19276125035e-09
4.16207891344e-09	-1.90999058236e-09
4.16331910382e-09	-1.75497413823e-09
4.1645592942e-09	-1.67983355004e-09
4.16579948458e-09	-1.60441018804e-09
4.16703967496e-09	-1.45327930245e-09
4.16827986534e-09	-1.18718962439e-09
4.16952005572e-09	-8.14082808109e-10
4.1707602461e-09	-3.79463526573e-10
4.17200043648e-09	6.2622791501e-11
4.17324062686e-09	4.80369834188e-10
4.17448081724e-09	8.78420350348e-10
4.17572100762e-09	1.29369338853e-09
4.176961198e-09	1.7703929156e-09
4.17820138837e-09	2.3277056671e-09
4.17944157875e-09	2.93715896049e-09
4.18068176913e-09	3.51847911917e-09
4.18192195951e-09	3.95930410679e-09
4.18316214989e-09	4.14785139569e-09
4.18440234027e-09	4.00755245655e-09
4.18564253065e-09	3.52151607874e-09
4.18688272103e-09	2.73311848153e-09
4.18812291141e-09	1.73022945971e-09
4.18936310179e-09	6.19351403497e-10
4.19060329217e-09	-5.0116769762e-10
4.19184348255e-09	-1.55427350157e-09
4.19308367293e-09	-2.48464085417e-09
4.19432386331e-09	-3.24910226501e-09
4.19556405369e-09	-3.80764036967e-09
4.19680424407e-09	-4.12346701228e-09
4.19804443445e-09	-4.17054413226e-09
4.19928462483e-09	-3.94949017934e-09
4.2005248152e-09	-3.49986578607e-09
4.20176500558e-09	-2.89981388901e-09
4.20300519596e-09	-2.25336396764e-09
4.20424538634e-09	-1.66510610855e-09
4.20548557672e-09	-1.21087215255e-09
4.2067257671e-09	-9.1503192523e-10
4.20796595748e-09	-7.43252730195e-10
4.20920614786e-09	-6.14739432969e-10
4.21044633824e-09	-4.31321103833e-10
4.21168652862e-09	-1.14390689629e-10
4.212926719e-09	3.64216354992e-10
4.21416690938e-09	9.71286495677e-10
4.21540709976e-09	1.62598146058e-09
4.21664729014e-09	2.23083665429e-09
4.21788748052e-09	2.70867234198e-09
4.2191276709e-09	3.02788499829e-09
4.22036786128e-09	3.20346543736e-09
4.22160805166e-09	3.27629565144e-09
4.22284824204e-09	3.28151916751e-09
4.22408843241e-09	3.22221324622e-09
4.22532862279e-09	3.06306968678e-09
4.22656881317e-09	2.74605235773e-09
4.22780900355e-09	2.22125379201e-09
4.22904919393e-09	1.47662536365e-09
4.23028938431e-09	5.51023171536e-10
4.23152957469e-09	-4.70395188079e-10
4.23276976507e-09	-1.48030981917e-09
4.23400995545e-09	-2.37893690858e-09
4.23525014583e-09	-3.09499348372e-09
4.23649033621e-09	-3.59597490673e-09
4.23773052659e-09	-3.88175019905e-09
4.23897071697e-09	-3.97040633704e-09
4.24021090735e-09	-3.88330234635e-09
4.24145109773e-09	-3.63518110058e-09
4.24269128811e-09	-3.23657850521e-09
4.24393147849e-09	-2.70022573745e-09
4.24517166887e-09	-2.05171998835e-09
4.24641185924e-09	-1.33735378327e-09
4.24765204962e-09	-6.18582858547e-10
4.24889224e-09	4.10560977576e-11
4.25013243038e-09	5.95486562838e-10
4.25137262076e-09	1.03352813807e-09
4.25261281114e-09	1.38300690344e-09
4.25385300152e-09	1.70075986627e-09
4.2550931919e-09	2.04705477569e-09
4.25633338228e-09	2.4566662038e-09
4.25757357266e-09	2.91883878178e-09
4.25881376304e-09	3.37216832236e-09
4.26005395342e-09	3.72307495944e-09
4.2612941438e-09	3.87855464412e-09
4.26253433418e-09	3.77978442989e-09
4.26377452456e-09	3.42557926469e-09
4.26501471494e-09	2.87207005401e-09
4.26625490532e-09	2.2113813003e-09
4.2674950957e-09	1.5372211698e-09
4.26873528607e-09	9.12140765696e-10
4.26997547645e-09	3.52270122794e-10
4.27121566683e-09	-1.68606828152e-10
4.27245585721e-09	-6.95992645461e-10
4.27369604759e-09	-1.26406163314e-09
4.27493623797e-09	-1.87375673311e-09
4.27617642835e-09	-2.48713352691e-09
4.27741661873e-09	-3.03940078661e-09
4.27865680911e-09	-3.46214679148e-09
4.27989699949e-09	-3.70735780963e-09
4.28113718987e-09	-3.759885292e-09
4.28237738025e-09	-3.63491398092e-09
4.28361757063e-09	-3.36396338563e-09
4.28485776101e-09	-2.97629934587e-09
4.28609795139e-09	-2.48564599459e-09
4.28733814177e-09	-1.88835194703e-09
4.28857833215e-09	-1.17525793264e-09
4.28981852253e-09	-3.49156981105e-10
4.2910587129e-09	5.60124668869e-10
4.29229890328e-09	1.48902661035e-09
4.29353909366e-09	2.3513734293e-09
4.29477928404e-09	3.06086284096e-09
