freq_Hz,S11_dB,S21_dB
1.000000000000000000e+06,-3.318935854369949112e+01,1.619848516929802210e-02
5.374375000000000000e+06,-3.316917159760642875e+01,1.614097626024018836e-02
9.748750000000000000e+06,-3.312165745898801106e+01,1.600474171918612326e-02
1.412312500000000000e+07,-3.304771827815650909e+01,1.579028022176759069e-02
1.849750000000000000e+07,-3.294871279494309846e+01,1.549837609639889008e-02
2.287187500000000000e+07,-3.282637732397640207e+01,1.513009553092829751e-02
2.724625000000000000e+07,-3.268273213303152858e+01,1.468678142299603868e-02
3.162062500000000000e+07,-3.251998294208443951e+01,1.417004690540658689e-02
3.599500000000000000e+07,-3.234042627242949663e+01,1.358176758535835013e-02
4.036937500000000000e+07,-3.214636530831671735e+01,1.292407254426003634e-02
4.474375000000000000e+07,-3.194004041252950898e+01,1.219933415175257496e-02
4.911812500000000000e+07,-3.172357600777267095e+01,1.141015675415341102e-02
5.349250000000000000e+07,-3.149894356148741892e+01,1.055936430388725034e-02
5.786687500000000000e+07,-3.126793905120011985e+01,9.649987001816242096e-03
6.224125000000000000e+07,-3.103217253314081603e+01,8.685247029444074021e-03
6.661562500000000000e+07,-3.079306718037744872e+01,7.668543452253035256e-03
7.099000000000000000e+07,-3.055186525104543449e+01,6.603436379305729909e-03
7.536437500000000000e+07,-3.030963875019943288e+01,5.493630466857402778e-03
7.973875000000000000e+07,-3.006730294596469832e+01,4.342957856650727505e-03
8.411312500000000000e+07,-2.982563131225476383e+01,3.155360640719416174e-03
8.848750000000000000e+07,-2.958527084828514475e+01,1.934872945864495476e-03
9.286187500000000000e+07,-2.934675704590748069e+01,6.856027313442228117e-04
9.723625000000000000e+07,-2.911052803250945686e+01,-5.882866071171991094e-04
1.016106250000000000e+08,-2.887693761292016603e+01,-1.882594734470527387e-03
1.059850000000000000e+08,-2.864626707645832937e+01,-3.193102883692052005e-03
1.103593750000000000e+08,-2.841873573474141779e+01,-4.515592284182076005e-03
1.147337500000000000e+08,-2.819451022174682819e+01,-5.845862424575105389e-03
1.191081250000000000e+08,-2.797371262837601336e+01,-7.179749066004815355e-03
1.234825000000000000e+08,-2.775642756643053843e+01,-8.513141925327892545e-03
1.278568750000000000e+08,-2.754270826697342045e+01,-9.842001951146428507e-03
1.322312500000000000e+08,-2.733258181972022527e+01,-1.116237811958432913e-02
1.366056250000000000e+08,-2.712605365642530586e+01,-1.247042368079115046e-02
1.409800000000000000e+08,-2.692311137441249258e+01,-1.376241179153378513e-02
1.453543750000000000e+08,-2.672372798794341264e+01,-1.503475047382239575e-02
1.497287500000000000e+08,-2.652786468604512748e+01,-1.628399684406691555e-02
1.541031250000000000e+08,-2.633547316638098579e+01,-1.750687056205948999e-02
1.584775000000000000e+08,-2.614649760614492280e+01,-1.870026645388302849e-02
1.628518750000000000e+08,-2.596087632301176029e+01,-1.986126626751440888e-02
1.672262500000000000e+08,-2.577854317198726264e+01,-2.098714952476724016e-02
1.716006250000000000e+08,-2.559942871760265248e+01,-2.207540343793952531e-02
1.759750000000000000e+08,-2.542346121526453473e+01,-2.312373186401705388e-02
1.803493750000000000e+08,-2.525056743065928089e+01,-2.413006327402675288e-02
1.847237500000000000e+08,-2.508067332185328269e+01,-2.509255771941605595e-02
1.890981250000000000e+08,-2.491370460506555773e+01,-2.600961278170613872e-02
1.934725000000000000e+08,-2.474958722194145722e+01,-2.687986849577262208e-02
1.978468750000000000e+08,-2.458824772346704179e+01,-2.770221124118156866e-02
2.022212500000000000e+08,-2.442961358336944855e+01,-2.847577659980915499e-02
2.065956250000000000e+08,-2.427361345189400410e+01,-2.919995118169820686e-02
2.109700000000000000e+08,-2.412017735919160444e+01,-2.987437342468267365e-02
2.153443750000000000e+08,-2.396923687613757536e+01,-3.049893337663986403e-02
2.197187500000000000e+08,-2.382072523921255680e+01,-3.107377147255856870e-02
2.240931250000000000e+08,-2.367457744505828288e+01,-3.159927632162136402e-02
2.284675000000000000e+08,-2.353073031946802374e+01,-3.207608152260308515e-02
2.328418750000000000e+08,-2.338912256484075414e+01,-3.250506152854574365e-02
2.372162500000000000e+08,-2.324969478951553370e+01,-3.288732658454048691e-02
2.415906250000000000e+08,-2.311238952188038809e+01,-3.322421676500843246e-02
2.459650000000000000e+08,-2.297715121170940478e+01,-3.351729513931497872e-02
2.503393750000000000e+08,-2.284392622080823188e+01,-3.376834009698857775e-02
2.547137500000000000e+08,-2.271266280473258803e+01,-3.397933686621681243e-02
2.590881250000000000e+08,-2.258331108707583468e+01,-3.415246826132996294e-02
2.634625000000000000e+08,-2.245582302759711979e+01,-3.429010469732512306e-02
2.678368750000000000e+08,-2.233015238526734692e+01,-3.439479351141735280e-02
2.722112500000000000e+08,-2.220625467715063905e+01,-3.446924763370011469e-02
2.765856250000000000e+08,-2.208408713390007705e+01,-3.451633365086866079e-02
2.809600000000000000e+08,-2.196360865253122086e+01,-3.453905930886830289e-02
2.853343750000000000e+08,-2.184477974703846570e+01,-3.454056050209879103e-02
2.897087500000000000e+08,-2.172756249733709311e+01,-3.452408779843095521e-02
2.940831250000000000e+08,-2.161192049694267681e+01,-3.449299255115992335e-02
2.984575000000000000e+08,-2.149781879974221255e+01,-3.445071265022749130e-02
3.028318750000000000e+08,-2.138522386615998272e+01,-3.440075796678485065e-02
3.072062500000000000e+08,-2.127410350898006541e+01,-3.434669554630882110e-02
3.115806250000000000e+08,-2.116442683905234645e+01,-3.429213460673424113e-02
3.159550000000000000e+08,-2.105616421107843905e+01,-3.424071139925857071e-02
3.203293750000000000e+08,-2.094928716965002735e+01,-3.419607399017116078e-02
3.247037500000000000e+08,-2.084376839569012674e+01,-3.416186702310430867e-02
3.290781250000000000e+08,-2.073958165343148252e+01,-3.414171652147897362e-02
3.334525000000000000e+08,-2.063670173805034835e+01,-3.413921479137087267e-02
3.378268750000000000e+08,-2.053510442406230041e+01,-3.415790548536112858e-02
3.422012500000000000e+08,-2.043476641457612075e+01,-3.420126888764745549e-02
3.465756250000000000e+08,-2.033566529149262081e+01,-3.427270748068639294e-02
3.509500000000000000e+08,-2.023777946672811368e+01,-3.437553185290161822e-02
3.553243750000000000e+08,-2.014108813453541202e+01,-3.451294700643493113e-02
3.596987500000000000e+08,-2.004557122498985677e+01,-3.468803912262507366e-02
3.640731250000000000e+08,-1.995120935870256318e+01,-3.490376284179695643e-02
3.684475000000000000e+08,-1.985798380281873676e+01,-3.516292911213624722e-02
3.728218750000000000e+08,-1.976587642835463043e+01,-3.546819366064857260e-02
3.771962500000000000e+08,-1.967486966892306910e+01,-3.582204613688642902e-02
3.815706250000000000e+08,-1.958494648089292767e+01,-3.622679997764833432e-02
3.859450000000000000e+08,-1.949609030502555029e+01,-3.668458303810567811e-02
3.903193750000000000e+08,-1.940828502962608226e+01,-3.719732903160987564e-02
3.946937500000000000e+08,-1.932151495524463769e+01,-3.776676981718619930e-02
3.990681250000000000e+08,-1.923576476095882626e+01,-3.839442856994425279e-02
4.034425000000000000e+08,-1.915101947226415291e+01,-3.908161386592137743e-02
4.078168750000000000e+08,-1.906726443059606524e+01,-3.982941470857092464e-02
4.121912500000000000e+08,-1.898448526450198059e+01,-4.063869651990277554e-02
4.165656250000000000e+08,-1.890266786247886444e+01,-4.151009811471404604e-02
4.209400000000000000e+08,-1.882179834748592384e+01,-4.244402967169185609e-02
4.253143750000000000e+08,-1.874186305313863699e+01,-4.344067171026062824e-02
4.296887500000000000e+08,-1.866284850158529096e+01,-4.449997507731116853e-02
4.340631250000000000e+08,-1.858474138306210577e+01,-4.562166194276562337e-02
4.384375000000000000e+08,-1.850752853711905033e+01,-4.680522779798523825e-02
4.428118750000000000e+08,-1.843119693550283245e+01,-4.804994444607740139e-02
4.471862500000000000e+08,-1.835573366667907180e+01,-4.935486396804789760e-02
4.515606250000000000e+08,-1.828112592197089725e+01,-5.071882364377542501e-02
4.559350000000000000e+08,-1.820736098328618624e+01,-5.214045180224297082e-02
4.603093750000000000e+08,-1.813442621240115926e+01,-5.361817457038252355e-02
4.646837500000000000e+08,-1.806230904176330299e+01,-5.515022348568009158e-02
4.690581250000000000e+08,-1.799099696677232174e+01,-5.673464393326482780e-02
4.734325000000000000e+08,-1.792047753949339750e+01,-5.836930436414116546e-02
4.778068750000000000e+08,-1.785073836375281786e+01,-6.005190624732863885e-02
4.821812500000000000e+08,-1.778176709156292290e+01,-6.177999470544197347e-02
4.865556250000000000e+08,-1.771355142081840839e+01,-6.355096977955555781e-02
4.909300000000000000e+08,-1.764607909420405463e+01,-6.536209826686385782e-02
4.953043750000000000e+08,-1.757933789925036550e+01,-6.721052607166065618e-02
4.996787500000000000e+08,-1.751331566947061091e+01,-6.909329100828096037e-02
5.040531250000000000e+08,-1.744800028651083323e+01,-7.100733599273847951e-02
5.084275000000000000e+08,-1.738337968324242411e+01,-7.294952255846147426e-02
5.128018750000000000e+08,-1.731944184772478934e+01,-7.491664463039367228e-02
5.171762500000000000e+08,-1.725617482796467073e+01,-7.690544249124602050e-02
5.215506250000000000e+08,-1.719356673739748587e+01,-7.891261687325194785e-02
5.259250000000000000e+08,-1.713160576101582677e+01,-8.093484310916450319e-02
5.302993750000000000e+08,-1.707028016206955101e+01,-8.296878527636841749e-02
5.346737500000000000e+08,-1.700957828926226156e+01,-8.501111026926473635e-02
5.390481250000000000e+08,-1.694948858436968209e+01,-8.705850173589853302e-02
5.434225000000000000e+08,-1.688999959020565100e+01,-8.910767381653647567e-02
5.477968750000000000e+08,-1.683109995886274035e+01,-9.115538462375086248e-02
5.521712500000000000e+08,-1.677277846015676843e+01,-9.319844940555836732e-02
5.565456250000000000e+08,-1.671502399020441487e+01,-9.523375333568208367e-02
5.609200000000000000e+08,-1.665782558006680603e+01,-9.725826387748304214e-02
5.652943750000000000e+08,-1.660117240439322117e+01,-9.926904267124643522e-02
5.696687500000000000e+08,-1.654505379000164567e+01,-1.012632568972304803e-01
5.740431250000000000e+08,-1.648945922433580336e+01,-1.032381900702885602e-01
5.784175000000000000e+08,-1.643437836374058847e+01,-1.051912522252839155e-01
5.827918750000000000e+08,-1.637980104150148719e+01,-1.071199894559202309e-01
5.871662500000000000e+08,-1.632571727559603758e+01,-1.090220927731670453e-01
5.915406250000000000e+08,-1.627211727610919567e+01,-1.108954062533055868e-01
5.959150000000000000e+08,-1.621899145226720407e+01,-1.127379344491886148e-01
6.002893750000000000e+08,-1.616633041904860946e+01,-1.145478490420150375e-01
6.046637500000000000e+08,-1.611412500333431552e+01,-1.163234947149341669e-01
6.090381250000000000e+08,-1.606236624956178716e+01,-1.180633942332566799e-01
6.134125000000000000e+08,-1.601104542485245830e+01,-1.197662527199312849e-01
6.177868750000000000e+08,-1.596015402358521307e+01,-1.214309611186415588e-01
6.221612500000000000e+08,-1.590968377139131107e+01,-1.230565988403665989e-01
6.265356250000000000e+08,-1.585962662855115113e+01,-1.246424355930150635e-01
6.309100000000000000e+08,-1.580997479277533557e+01,-1.261879323969325450e-01
6.352843750000000000e+08,-1.576072070135726122e+01,-1.276927417926828068e-01
6.396587500000000000e+08,-1.571185703268669975e+01,-1.291567072506306924e-01
6.440331250000000000e+08,-1.566337670711805075e+01,-1.305798617950412466e-01
6.484075000000000000e+08,-1.561527288718994377e+01,-1.319624258583609600e-01
6.527818750000000000e+08,-1.556753897719555013e+01,-1.333048043843377273e-01
6.571562500000000000e+08,-1.552016862210731318e+01,-1.346075832013007845e-01
6.615306250000000000e+08,-1.547315570586099476e+01,-1.358715246894924011e-01
6.659050000000000000e+08,-1.542649434900884131e+01,-1.370975627689917098e-01
6.702793750000000000e+08,-1.538017890575265056e+01,-1.382867972367305964e-01
6.746537500000000000e+08,-1.533420396037144862e+01,-1.394404874837759101e-01
6.790281250000000000e+08,-1.528856432306050195e+01,-1.405600456254194608e-01
6.834025000000000000e+08,-1.524325502520051856e+01,-1.416470290791512210e-01
6.877768750000000000e+08,-1.519827131407929599e+01,-1.427031326266637035e-01
6.921512500000000000e+08,-1.515360864708870636e+01,-1.437301799980700567e-01
6.965256250000000000e+08,-1.510926268542307582e+01,-1.447301150175771545e-01
7.009000000000000000e+08,-1.506522928730705146e+01,-1.457049923512498957e-01
7.052743750000000000e+08,-1.502150450078115185e+01,-1.466569678985273351e-01
7.096487500000000000e+08,-1.497808455607742495e+01,-1.475882888699948103e-01
7.140231250000000000e+08,-1.493496585761634776e+01,-1.485012835948250065e-01
7.183975000000000000e+08,-1.489214497565976458e+01,-1.493983511017067389e-01
7.227718750000000000e+08,-1.484961863765403223e+01,-1.502819505176882786e-01
7.271462500000000000e+08,-1.480738371929996333e+01,-1.511545903294523874e-01
7.315206250000000000e+08,-1.476543723538596709e+01,-1.520188175519018303e-01
7.358950000000000000e+08,-1.472377633042192890e+01,-1.528772068486211055e-01
7.402693750000000000e+08,-1.468239826911220014e+01,-1.537323496488163799e-01
7.446437500000000000e+08,-1.464130042670580067e+01,-1.545868433047873358e-01
7.490181250000000000e+08,-1.460048027926267622e+01,-1.554432803336687485e-01
7.533925000000000000e+08,-1.455993539387483438e+01,-1.563042377863109456e-01
7.577668750000000000e+08,-1.451966341888057777e+01,-1.571722667854788258e-01
7.621412500000000000e+08,-1.447966207411081641e+01,-1.580498822745725340e-01
7.665156250000000000e+08,-1.443992914120484272e+01,-1.589395530168220549e-01
7.708900000000000000e+08,-1.440046245403319247e+01,-1.598436918838109788e-01
7.752643750000000000e+08,-1.436125988926415076e+01,-1.607646464705947131e-01
7.796387500000000000e+08,-1.432231935710952264e+01,-1.617046900732611592e-01
7.840131250000000000e+08,-1.428363879228444233e+01,-1.626660130629953849e-01
7.883875000000000000e+08,-1.424521614521443702e+01,-1.636507146888657727e-01
7.927618750000000000e+08,-1.420704937352214436e+01,-1.646607953397534463e-01
7.971362500000000000e+08,-1.416913643382392785e+01,-1.656981492934660183e-01
8.015106250000000000e+08,-1.413147527386563240e+01,-1.667645579792707000e-01
8.058850000000000000e+08,-1.409406382502464972e+01,-1.678616837774929149e-01
8.102593750000000000e+08,-1.405689999520346944e+01,-1.689910643775283383e-01
8.146337500000000000e+08,-1.401998166213841301e+01,-1.701541077132473490e-01
8.190081250000000000e+08,-1.398330666714466375e+01,-1.713520874920743398e-01
8.233825000000000000e+08,-1.394687280931682771e+01,-1.725861393314686854e-01
8.277568750000000000e+08,-1.391067784020209963e+01,-1.738572575139507026e-01
8.321312500000000000e+08,-1.387471945896020387e+01,-1.751662923689045193e-01
8.365056250000000000e+08,-1.383899530802305655e+01,-1.765139482869332033e-01
8.408800000000000000e+08,-1.380350296926344988e+01,-1.779007823694938872e-01
8.452543750000000000e+08,-1.376823996068047862e+01,-1.793272037139999331e-01
8.496287500000000000e+08,-1.373320373360672164e+01,-1.807934733317456688e-01
8.540031250000000000e+08,-1.369839167043956074e+01,-1.822997046932607612e-01
8.583775000000000000e+08,-1.366380108289695094e+01,-1.838458648930765826e-01
8.627518750000000000e+08,-1.362942921079516090e+01,-1.854317764231966925e-01
8.671262500000000000e+08,-1.359527322134395177e+01,-1.870571195420074606e-01
8.715006250000000000e+08,-1.356133020895209818e+01,-1.887214352228513969e-01
8.758750000000000000e+08,-1.352759719553389850e+01,-1.904241286641551456e-01
8.802493750000000000e+08,-1.349407113130535762e+01,-1.921644733405430405e-01
8.846237500000000000e+08,-1.346074889605634795e+01,-1.939416155723068802e-01
8.889981250000000000e+08,-1.342762730088299428e+01,-1.957545795884501616e-01
8.933725000000000000e+08,-1.339470309036303597e+01,-1.976022730566161512e-01
8.977468750000000000e+08,-1.336197294515461031e+01,-1.994834930514053917e-01
9.021212500000000000e+08,-1.332943348499733816e+01,-2.013969324309304310e-01
9.064956250000000000e+08,-1.329708127209350543e+01,-2.033411865898780979e-01
9.108700000000000000e+08,-1.326491281484497797e+01,-2.053147605562379852e-01
9.152443750000000000e+08,-1.323292457192074068e+01,-2.073160763973996568e-01
9.196187500000000000e+08,-1.320111295662875150e+01,-2.093434809006120556e-01
9.239931250000000000e+08,-1.316947434156442753e+01,-2.113952534917126203e-01
9.283675000000000000e+08,-1.313800506350813535e+01,-2.134696143556884251e-01
9.327418750000000000e+08,-1.310670142854205800e+01,-2.155647327218098153e-01
9.371162500000000000e+08,-1.307555971735775557e+01,-2.176787352762225569e-01
9.414906250000000000e+08,-1.304457619072428365e+01,-2.198097146643740452e-01
9.458650000000000000e+08,-1.301374709508682770e+01,-2.219557380459566964e-01
9.502393750000000000e+08,-1.298306866826625772e+01,-2.241148556652666768e-01
9.546137500000000000e+08,-1.295253714522918109e+01,-2.262851094001786523e-01
9.589881250000000000e+08,-1.292214876389903999e+01,-2.284645412536068232e-01
9.633625000000000000e+08,-1.289189977097887763e+01,-2.306512017520062907e-01
9.677368750000000000e+08,-1.286178642775680991e+01,-2.328431582163559554e-01
9.721112500000000000e+08,-1.283180501586625155e+01,-2.350385028720454184e-01
9.764856250000000000e+08,-1.280195184297293309e+01,-2.372353607653046315e-01
9.808600000000000000e+08,-1.277222324836281331e+01,-2.394318974550595502e-01
9.852343750000000000e+08,-1.274261560840440843e+01,-2.416263264504431019e-01
9.896087500000000000e+08,-1.271312534186181686e+01,-2.438169163658212013e-01
9.939831250000000000e+08,-1.268374891503424529e+01,-2.460019977666710322e-01
9.983575000000000000e+08,-1.265448284670058321e+01,-2.481799696814442346e-01
1.002731875000000000e+09,-1.262532371284765276e+01,-2.503493057562474755e-01
1.007106250000000000e+09,-1.259626815116292420e+01,-2.525085600310628120e-01
1.011480625000000000e+09,-1.256731286527371694e+01,-2.546563723181721195e-01
1.015855000000000000e+09,-1.253845462871635874e+01,-2.567914731652993776e-01
1.020229375000000000e+09,-1.250969028862026100e+01,-2.589126883881194829e-01
1.024603750000000000e+09,-1.248101676909353586e+01,-2.610189431587325859e-01
1.028978125000000000e+09,-1.245243107429870655e+01,-2.631092656387601925e-01
1.033352500000000000e+09,-1.242393029120778891e+01,-2.651827901478168714e-01
1.037726875000000000e+09,-1.239551159202879660e+01,-2.672387598602266046e-01
1.042101250000000000e+09,-1.236717223629656637e+01,-2.692765290247744470e-01
1.046475625000000000e+09,-1.233890957262256194e+01,-2.712955647045499630e-01
1.050850000000000000e+09,-1.231072104010035062e+01,-2.732954480357233651e-01
1.055224375000000000e+09,-1.228260416936464416e+01,-2.752758750064273618e-01
1.059598750000000000e+09,-1.225455658330351838e+01,-2.772366567585341501e-01
1.063973125000000000e+09,-1.222657599742502832e+01,-2.791777194172906373e-01
1.068347500000000000e+09,-1.219866021988110383e+01,-2.810991034555960222e-01
1.072721875000000000e+09,-1.217080715115276135e+01,-2.830009626014939328e-01
1.077096250000000000e+09,-1.214301478340252416e+01,-2.848835622991915395e-01
1.081470625000000000e+09,-1.211528119950100724e+01,-2.867472777357207292e-01
1.085845000000000000e+09,-1.208760457173626612e+01,-2.885925914468626674e-01
1.090219375000000000e+09,-1.205998316021568861e+01,-2.904200905175672864e-01
1.094593750000000000e+09,-1.203241531097125616e+01,-2.922304633934833529e-01
1.098968125000000000e+09,-1.200489945378072321e+01,-2.940244963217702456e-01
1.103342500000000000e+09,-1.197743409971756812e+01,-2.958030694403336880e-01
1.107716875000000000e+09,-1.195001783844448084e+01,-2.975671525362082459e-01
1.112091250000000000e+09,-1.192264933526541171e+01,-2.993178004945026283e-01
1.116465625000000000e+09,-1.189532732795250070e+01,-3.010561484607208182e-01
1.120840000000000000e+09,-1.186805062336478400e+01,-3.027834067397429108e-01
1.125214375000000000e+09,-1.184081809387654260e+01,-3.045008554559288649e-01
1.129588750000000000e+09,-1.181362867363354496e+01,-3.062098389992033431e-01
1.133963125000000000e+09,-1.178648135465609315e+01,-3.079117602827381450e-01
1.138337500000000000e+09,-1.175937518280842475e+01,-3.096080748381767611e-01
1.142711875000000000e+09,-1.173230925365396082e+01,-3.113002847748116420e-01
1.147086250000000000e+09,-1.170528270821681360e+01,-3.129899326292920336e-01
1.151460625000000000e+09,-1.167829472866953111e+01,-3.146785951326733222e-01
1.155835000000000000e+09,-1.165134453396767000e+01,-3.163678769214839925e-01
1.160209375000000000e+09,-1.162443137545139393e+01,-3.180594042196335236e-01
1.164583750000000000e+09,-1.159755453243471024e+01,-3.197548185175553837e-01
1.168958125000000000e+09,-1.157071330780235385e+01,-3.214557702748854773e-01
1.173332500000000000e+09,-1.154390702363427224e+01,-3.231639126724545341e-01
1.177706875000000000e+09,-1.151713501687745023e+01,-3.248808954389569847e-01
1.182081250000000000e+09,-1.149039663508416531e+01,-3.266083587769342267e-01
1.186455625000000000e+09,-1.146369123223556130e+01,-3.283479274122611535e-01
1.190830000000000000e+09,-1.143701816466842480e+01,-3.301012047901646929e-01
1.195204375000000000e+09,-1.141037678712301684e+01,-3.318697674403732201e-01
1.199578750000000000e+09,-1.138376644892836254e+01,-3.336551595326311404e-01
1.203953125000000000e+09,-1.135718649034131644e+01,-3.354588876430030786e-01
1.208327500000000000e+09,-1.133063623905430539e+01,-3.372824157502934406e-01
1.212701875000000000e+09,-1.130411500688596860e+01,-3.391271604805206619e-01
1.217076250000000000e+09,-1.127762208666807098e+01,-3.409944866163558408e-01
1.221450625000000000e+09,-1.125115674934070320e+01,-3.428857028870038182e-01
1.225825000000000000e+09,-1.122471824126687956e+01,-3.448020580526625634e-01
1.230199375000000000e+09,-1.119830578177666425e+01,-3.467447372963180507e-01
1.234573750000000000e+09,-1.117191856094952840e+01,-3.487148589341288463e-01
1.238948125000000000e+09,-1.114555573764248564e+01,-3.507134714542321507e-01
1.243322500000000000e+09,-1.111921643777059643e+01,-3.527415508922577270e-01
1.247696875000000000e+09,-1.109289975284492158e+01,-3.547999985503008658e-01
1.252071250000000000e+09,-1.106660473877173878e+01,-3.568896390645454053e-01
1.256445625000000000e+09,-1.104033041491595313e+01,-3.590112188253120618e-01
1.260820000000000000e+09,-1.101407576342975503e+01,-3.611654047515142629e-01
1.265194375000000000e+09,-1.098783972884705129e+01,-3.633527834202374684e-01
1.269568750000000000e+09,-1.096162121794213107e+01,-3.655738605503644489e-01
1.273943125000000000e+09,-1.093541909985080807e+01,-3.678290608379796711e-01
1.278317500000000000e+09,-1.090923220644997116e+01,-3.701187281394382467e-01
1.282691875000000000e+09,-1.088305933299121975e+01,-3.724431259969303021e-01
1.287066250000000000e+09,-1.085689923898262421e+01,-3.748024384996146430e-01
1.291440625000000000e+09,-1.083075064931169074e+01,-3.771967714724091536e-01
1.295815000000000000e+09,-1.080461225560165950e+01,-3.796261539828004739e-01
1.300189375000000000e+09,-1.077848271779192046e+01,-3.820905401553197911e-01
1.304563750000000000e+09,-1.075236066593303264e+01,-3.845898112815474001e-01
1.308938125000000000e+09,-1.072624470218509174e+01,-3.871237782130024785e-01
1.313312500000000000e+09,-1.070013340300818960e+01,-3.896921840227952627e-01
1.317686875000000000e+09,-1.067402532153230332e+01,-3.922947069210722115e-01
1.322061250000000000e+09,-1.064791899009371612e+01,-3.949309634086702880e-01
1.326435625000000000e+09,-1.062181292292422974e+01,-3.976005116520739402e-01
1.330810000000000000e+09,-1.059570561897873908e+01,-4.003028550625751247e-01
1.335184375000000000e+09,-1.056959556488680185e+01,-4.030374460615343546e-01
1.339558750000000000e+09,-1.054348123801276316e+01,-4.058036900133517033e-01
1.343933125000000000e+09,-1.051736110960913706e+01,-4.086009493070757448e-01
1.348307500000000000e+09,-1.049123364804754921e+01,-4.114285475674325787e-01
1.352681875000000000e+09,-1.046509732211136523e+01,-4.142857739755660962e-01
1.357056250000000000e+09,-1.043895060433418465e+01,-4.171718876798183873e-01
1.361430625000000000e+09,-1.041279197436809767e+01,-4.200861222765986946e-01
1.365805000000000000e+09,-1.038661992236581177e+01,-4.230276903413914269e-01
1.370179375000000000e+09,-1.036043295236113337e+01,-4.259957879902717681e-01
1.374553750000000000e+09,-1.033422958563201632e+01,-4.289895994520404043e-01
1.378928125000000000e+09,-1.030800836403087217e+01,-4.320083016317132762e-01
1.383302500000000000e+09,-1.028176785326754583e+01,-4.350510686462337739e-01
1.387676875000000000e+09,-1.025550664613003349e+01,-4.381170763136483792e-01
1.392051250000000000e+09,-1.022922336562904988e+01,-4.412055065776346319e-01
1.396425625000000000e+09,-1.020291666805304942e+01,-4.443155518495576217e-01
1.400800000000000000e+09,-1.017658524592048686e+01,-4.474464192511002358e-01
1.405174375000000000e+09,-1.015022783081708724e+01,-4.505973347409455987e-01
1.409548750000000000e+09,-1.012384319610654515e+01,-4.537675471099124058e-01
1.413923125000000000e+09,-1.009743015950353140e+01,-4.569563318296477883e-01
1.418297500000000000e+09,-1.007098758549902762e+01,-4.601629947407187005e-01
1.422671875000000000e+09,-1.004451438762844262e+01,-4.633868755670575990e-01
1.427046250000000000e+09,-1.001800953057386145e+01,-4.666273512443592231e-01
1.431420625000000000e+09,-9.991472032092969968e+00,-4.698838390512559693e-01
1.435795000000000000e+09,-9.964900964767522851e+00,-4.731557995328977140e-01
1.440169375000000000e+09,-9.938295457565438085e+00,-4.764427392075831769e-01
1.444543750000000000e+09,-9.911654697211584875e+00,-4.797442130483581257e-01
1.448918125000000000e+09,-9.884977929362953830e+00,-4.830598267322138151e-01
1.453292500000000000e+09,-9.858264459584948014e+00,-4.863892386508956167e-01
1.457666875000000000e+09,-9.831513654126663226e+00,-4.897321616782179254e-01
1.462041250000000000e+09,-9.804724940493494856e+00,-4.930883646899894002e-01
1.466415625000000000e+09,-9.777897807816790632e+00,-4.964576738337425077e-01
1.470790000000000000e+09,-9.751031807020808628e+00,-4.998399735463170401e-01
1.475164375000000000e+09,-9.724126550788396273e+00,-5.032352073189181318e-01
1.479538750000000000e+09,-9.697181713327420738e+00,-5.066433782096991800e-01
1.483913125000000000e+09,-9.670197029941135725e+00,-5.100645491055897374e-01
1.488287500000000000e+09,-9.643172296406277155e+00,-5.134988427356435015e-01
1.492661875000000000e+09,-9.616107368163373081e+00,-5.169464414394667751e-01
1.497036250000000000e+09,-9.589002159324984120e+00,-5.204075866950867990e-01
1.501410625000000000e+09,-9.561856641507874954e+00,-5.238825784118166240e-01
1.505785000000000000e+09,-9.534670842496044685e+00,-5.273717739942441751e-01
1.510159375000000000e+09,-9.507444844742060752e+00,-5.308755871846165819e-01
1.514533750000000000e+09,-9.480178783715047075e+00,-5.343944866916562342e-01
1.518908125000000000e+09,-9.452872846103941740e+00,-5.379289946145113799e-01
1.523282500000000000e+09,-9.425527267885398075e+00,-5.414796846715610457e-01
1.527656875000000000e+09,-9.398142332266079535e+00,-5.450471802440974844e-01
1.532031250000000000e+09,-9.370718367509700997e+00,-5.486321522459700617e-01
1.536405625000000000e+09,-9.343255744659288098e+00,-5.522353168305664806e-01
1.540780000000000000e+09,-9.315754875165872306e+00,-5.558574329471264175e-01
1.545154375000000000e+09,-9.288216208434674215e+00,-5.594992997589606221e-01
1.549528750000000000e+09,-9.260640229300570070e+00,-5.631617539363599212e-01
1.553903125000000000e+09,-9.233027455444334564e+00,-5.668456668376021801e-01
1.558277500000000000e+09,-9.205378434761753326e+00,-5.705519415915096815e-01
1.562651875000000000e+09,-9.177693742697325519e+00,-5.742815100953755358e-01
1.567026250000000000e+09,-9.149973979554768988e+00,-5.780353299423175439e-01
1.571400625000000000e+09,-9.122219767796144296e+00,-5.818143812920439917e-01
1.575775000000000000e+09,-9.094431749341513438e+00,-5.856196636992584414e-01
1.580149375000000000e+09,-9.066610582880933578e+00,-5.894521929137921390e-01
1.584523750000000000e+09,-9.038756941210346341e+00,-5.933129976665292293e-01
1.588898125000000000e+09,-9.010871508602619429e+00,-5.972031164551463434e-01
1.593272500000000000e+09,-8.982954978224963583e+00,-6.011235943432262641e-01
1.597646875000000000e+09,-8.955008049613368826e+00,-6.050754797864625889e-01
1.602021250000000000e+09,-8.927031426214256271e+00,-6.090598214989930703e-01
1.606395625000000000e+09,-8.899025813003813568e+00,-6.130776653727586512e-01
1.610770000000000000e+09,-8.870991914193687933e+00,-6.171300514623162536e-01
1.615144375000000000e+09,-8.842930431032890226e+00,-6.212180110470875150e-01
1.619518750000000000e+09,-8.814842059713521749e+00,-6.253425637824150396e-01
1.623893125000000000e+09,-8.786727489388932000e+00,-6.295047149504927608e-01
1.628267500000000000e+09,-8.758587400311020232e+00,-6.337054528213512672e-01
1.632641875000000000e+09,-8.730422462093560654e+00,-6.379457461336147661e-01
1.637016250000000000e+09,-8.702233332107532249e+00,-6.422265417041194135e-01
1.641390625000000000e+09,-8.674020654013608222e+00,-6.465487621746024427e-01
1.645765000000000000e+09,-8.645785056436562144e+00,-6.509133039031345103e-01
1.650139375000000000e+09,-8.617527151785308703e+00,-6.553210350071370094e-01
1.654513750000000000e+09,-8.589247535221854690e+00,-6.597727935639484675e-01
1.658888125000000000e+09,-8.560946783781510305e+00,-6.642693859743910023e-01
1.663262500000000000e+09,-8.532625455646050128e+00,-6.688115854936613758e-01
1.667636875000000000e+09,-8.504284089570710137e+00,-6.734001309332825480e-01
1.672011250000000000e+09,-8.475923204465384941e+00,-6.780357255369650060e-01
1.676385625000000000e+09,-8.447543299129190331e+00,-6.827190360323588392e-01
1.680760000000000000e+09,-8.419144852137506518e+00,-6.874506918600188365e-01
1.685134375000000000e+09,-8.390728321879148410e+00,-6.922312845798206382e-01
1.689508750000000000e+09,-8.362294146741358958e+00,-6.970613674546054517e-01
1.693883125000000000e+09,-8.333842745438978739e+00,-7.019414552097489324e-01
1.698257500000000000e+09,-8.305374517484015229e+00,-7.068720239667924954e-01
1.702631875000000000e+09,-8.276889843790922185e+00,-7.118535113483579480e-01
1.707006250000000000e+09,-8.248389087412347109e+00,-7.168863167510158840e-01
1.711380625000000000e+09,-8.219872594399660670e+00,-7.219708017818998735e-01
1.715755000000000000e+09,-8.191340694781866105e+00,-7.271072908543712021e-01
1.720129375000000000e+09,-8.162793703656092248e+00,-7.322960719372517691e-01
1.724503750000000000e+09,-8.134231922382484825e+00,-7.375373974516247211e-01
1.728878125000000000e+09,-8.105655639875747553e+00,-7.428314853086676051e-01
1.733252500000000000e+09,-8.077065133985197320e+00,-7.481785200813152459e-01
1.737626875000000000e+09,-8.048460672955112472e+00,-7.535786543022983119e-01
1.742001250000000000e+09,-8.019842516956542156e+00,-7.590320098804264060e-01
1.746375625000000000e+09,-7.991210919681590141e+00,-7.645386796267518159e-01
1.750750000000000000e+09,-7.962566129991273556e+00,-7.700987288818370580e-01
1.755124375000000000e+09,-7.933908393607299381e+00,-7.757121972350553563e-01
1.759498750000000000e+09,-7.905237954838703729e+00,-7.813791003265901924e-01
1.763873125000000000e+09,-7.876555058333620352e+00,-7.870994317226048809e-01
1.768247500000000000e+09,-7.847859950846764576e+00,-7.928731648538589472e-01
1.772621875000000000e+09,-7.819152883013240185e+00,-7.987002550080053442e-01
1.776996250000000000e+09,-7.790434111119095562e+00,-8.045806413655864908e-01
1.781370625000000000e+09,-7.761703898859534156e+00,-8.105142490699641655e-01
1.785745000000000000e+09,-7.732962519075457841e+00,-8.165009913211230819e-01
1.790119375000000000e+09,-7.704210255459566170e+00,-8.225407714836794337e-01
1.794493750000000000e+09,-7.675447404223202597e+00,-8.286334851992481765e-01
1.798868125000000000e+09,-7.646674275715547253e+00,-8.347790224937849946e-01
1.803242500000000000e+09,-7.617891195987102293e+00,-8.409772698702973059e-01
1.807616875000000000e+09,-7.589098508289597866e+00,-8.472281123780283085e-01
1.811991250000000000e+09,-7.560296574504913991e+00,-8.535314356490951715e-01
1.816365625000000000e+09,-7.531485776496271711e+00,-8.598871278940755092e-01
1.820740000000000000e+09,-7.502666517374699140e+00,-8.662950818482897386e-01
1.825114375000000000e+09,-7.473839222675195515e+00,-8.727551966609856660e-01
1.829488750000000000e+09,-7.445004341436489703e+00,-8.792673797198795604e-01
1.833863125000000000e+09,-7.416162347179691139e+00,-8.858315484040966137e-01
1.838237500000000000e+09,-7.387313738781036143e+00,-8.924476317588847518e-01
1.842611875000000000e+09,-7.358459041234670650e+00,-8.991155720860086742e-01
1.846986250000000000e+09,-7.329598806302146663e+00,-9.058353264441855179e-01
1.851360625000000000e+09,-7.300733613045526482e+00,-9.126068680544884293e-01
1.855735000000000000e+09,-7.271864068241862711e+00,-9.194301876060579914e-01
1.860109375000000000e+09,-7.242990806677110704e+00,-9.263052944581209314e-01
1.864483750000000000e+09,-7.214114491318487588e+00,-9.332322177347763814e-01
1.868858125000000000e+09,-7.185235813364466928e+00,-9.402110073096338061e-01
1.873232500000000000e+09,-7.156355492172384203e+00,-9.472417346777965985e-01
1.877606875000000000e+09,-7.127474275064207276e+00,-9.543244937134310879e-01
1.881981250000000000e+09,-7.098592937011564352e+00,-9.614594013115977944e-01
1.886355625000000000e+09,-7.069712280201535748e+00,-9.686465979135848725e-01
1.890730000000000000e+09,-7.040833133485556061e+00,-9.758862479155916425e-01
1.895104375000000000e+09,-7.011956351713863889e+00,-9.831785399610533105e-01
1.899478750000000000e+09,-6.983082814959025164e+00,-9.905236871175381319e-01
1.903853125000000000e+09,-6.954213427631875888e+00,-9.979219269396042424e-01
1.908227500000000000e+09,-6.925349117494300266e+00,-1.005373521419478999e+00
1.912601875000000000e+09,-6.896490834573278050e+00,-1.012878756827986226e+00
1.916976250000000000e+09,-6.867639549981334746e+00,-1.020437943448598839e+00
1.921350625000000000e+09,-6.838796254648719319e+00,-1.028051415207843711e+00
1.925725000000000000e+09,-6.809961957973170499e+00,-1.035719529205923584e+00
1.930099375000000000e+09,-6.781137686393345909e+00,-1.043442665151540716e+00
1.934473750000000000e+09,-6.752324481892332031e+00,-1.051221224705605417e+00
1.938848125000000000e+09,-6.723523400438010000e+00,-1.059055630738581000e+00
1.943222500000000000e+09,-6.694735510367153530e+00,-1.066946326506704512e+00
1.947596875000000000e+09,-6.665961890720470073e+00,-1.074893774752613718e+00
1.951971250000000000e+09,-6.637203629535852301e+00,-1.082898456736102411e+00
1.956345625000000000e+09,-6.608461822107458694e+00,-1.090960871201027471e+00
1.960720000000000000e+09,-6.579737569218023552e+00,-1.099081533284517409e+00
1.965094375000000000e+09,-6.551031975352165304e+00,-1.107260973374994517e+00
1.969468750000000000e+09,-6.522346146898395425e+00,-1.115499735925365776e+00
1.973843125000000000e+09,-6.493681190347500021e+00,-1.123798378228135553e+00
1.978217500000000000e+09,-6.465038210494808091e+00,-1.132157469159044805e+00
1.982591875000000000e+09,-6.436418308654250353e+00,-1.140577587896099532e+00
1.986966250000000000e+09,-6.407822580891297193e+00,-1.149059322620618273e+00
1.991340625000000000e+09,-6.379252116282461138e+00,-1.157603269207091223e+00
1.995715000000000000e+09,-6.350707995208322743e+00,-1.166210029908548051e+00
2.000089375000000000e+09,-6.322191287687105365e+00,-1.174880212043988958e+00
2.004463750000000000e+09,-6.293703051755560551e+00,-1.183614426694312938e+00
2.008838125000000000e+09,-6.265244331903595310e+00,-1.192413287413194745e+00
2.013212500000000000e+09,-6.236816157568835450e+00,-1.201277408958893789e+00
2.017586875000000000e+09,-6.208419541696946098e+00,-1.210207406053114054e+00
2.021961250000000000e+09,-6.180055479373327998e+00,-1.219203892172456838e+00
2.026335625000000000e+09,-6.151724946531183846e+00,-1.228267478378129329e+00
2.030710000000000000e+09,-6.123428898740838733e+00,-1.237398772188873952e+00
2.035084375000000000e+09,-6.095168270084618811e+00,-1.246598376502200844e+00
2.039458750000000000e+09,-6.066943972121226381e+00,-1.255866888568404338e+00
2.043833125000000000e+09,-6.038756892943077048e+00,-1.265204899021563634e+00
2.048207500000000000e+09,-6.010607896329648092e+00,-1.274612990971492721e+00
2.052581875000000000e+09,-5.982497820999456373e+00,-1.284091739160072354e+00
2.056956250000000000e+09,-5.954427479962649983e+00,-1.293641709185164634e+00
2.061330625000000000e+09,-5.926397659975938481e+00,-1.303263456794794273e+00
2.065705000000000000e+09,-5.898409121101009234e+00,-1.312957527253962642e+00
2.070079375000000000e+09,-5.870462596366951225e+00,-1.322724454786071924e+00
2.074453750000000000e+09,-5.842558791537050489e+00,-1.332564762090429289e+00
2.078828125000000000e+09,-5.814698384979463341e+00,-1.342478959937017713e+00
2.083202500000000000e+09,-5.786882027641132353e+00,-1.352467546839178247e+00
2.087576875000000000e+09,-5.759110343123618136e+00,-1.362531008804622967e+00
2.091951250000000000e+09,-5.731383927859180716e+00,-1.372669819164548333e+00
2.096325625000000000e+09,-5.703703351384968201e+00,-1.382884438480509237e+00
2.100700000000000000e+09,-5.676069156712676644e+00,-1.393175314528038111e+00
2.105074375000000000e+09,-5.648481860790790066e+00,-1.403542882355922616e+00
2.109448750000000000e+09,-5.620941955055924311e+00,-1.413987564419357579e+00
2.113823125000000000e+09,-5.593449906069611899e+00,-1.424509770785144624e+00
2.118197500000000000e+09,-5.566006156236288582e+00,-1.435109899406610268e+00
2.122571875000000000e+09,-5.538611124598155300e+00,-1.445788336465585688e+00
2.126946250000000000e+09,-5.511265207702075841e+00,-1.456545456778604919e+00
2.131320625000000000e+09,-5.483968780533558629e+00,-1.467381624264099127e+00
2.135695000000000000e+09,-5.456722197512422490e+00,-1.478297192467141752e+00
2.140069375000000000e+09,-5.429525793544733858e+00,-1.489292505138104739e+00
2.144443750000000000e+09,-5.402379885125196068e+00,-1.500367896861244610e+00
2.148818125000000000e+09,-5.375284771484253099e+00,-1.511523693729278639e+00
2.153192500000000000e+09,-5.348240735773677201e+00,-1.522760214059564410e+00
2.157566875000000000e+09,-5.321248046284669186e+00,-1.534077769147575765e+00
2.161941250000000000e+09,-5.294306957692178628e+00,-1.545476664053172744e+00
2.166315625000000000e+09,-5.267417712319137024e+00,-1.556957198415043209e+00
2.170690000000000000e+09,-5.240580541414431082e+00,-1.568519667288696962e+00
2.175064375000000000e+09,-5.213795666438203469e+00,-1.580164362003308121e+00
2.179438750000000000e+09,-5.187063300348296657e+00,-1.591891571032683972e+00
2.183813125000000000e+09,-5.160383648881630592e+00,-1.603701580875673827e+00
2.188187500000000000e+09,-5.133756911824561620e+00,-1.615594676941433105e+00
2.192561875000000000e+09,-5.107183284266023193e+00,-1.627571144434774242e+00
2.196936250000000000e+09,-5.080662957827891901e+00,-1.639631269237286748e+00
2.201310625000000000e+09,-5.054196121866726621e+00,-1.651775338779652547e+00
2.205685000000000000e+09,-5.027782964641712482e+00,-1.664003642900993896e+00
2.210059375000000000e+09,-5.001423674443232770e+00,-1.676316474691029068e+00
2.214433750000000000e+09,-4.975118440677508858e+00,-1.688714131311102928e+00
2.218808125000000000e+09,-4.948867454902313057e+00,-1.701196914790336301e+00
2.223182500000000000e+09,-4.922670911809456484e+00,-1.713765132793244383e+00
2.227556875000000000e+09,-4.896529010149936134e+00,-1.726419099355512632e+00
2.231931250000000000e+09,-4.870441953597962836e+00,-1.739159135584778193e+00
2.236305625000000000e+09,-4.844409951550325388e+00,-1.751985570323522978e+00
2.240680000000000000e+09,-4.818433219858134109e+00,-1.764898740771511321e+00
2.245054375000000000e+09,-4.792511981487975525e+00,-1.777898993065262223e+00
2.249428750000000000e+09,-4.766646467110272845e+00,-1.790986682812687691e+00
2.253803125000000000e+09,-4.740836915612762326e+00,-1.804162175580905858e+00
2.258177500000000000e+09,-4.715083574537375810e+00,-1.817425847335819356e+00
2.262551875000000000e+09,-4.689386700439367672e+00,-1.830778084832221042e+00
2.266926250000000000e+09,-4.663746559167791794e+00,-1.844219285953504261e+00
2.271300625000000000e+09,-4.638163426066769901e+00,-1.857749860000388331e+00
2.275675000000000000e+09,-4.612637586097536158e+00,-1.871370227928264907e+00
2.280049375000000000e+09,-4.587169333881409905e+00,-1.885080822533193867e+00
2.284423750000000000e+09,-4.561758973664502115e+00,-1.898882088586842931e+00
2.288798125000000000e+09,-4.536406819205017094e+00,-1.912774482920849284e+00
2.293172500000000000e+09,-4.511113193584592729e+00,-1.926758474461467641e+00
2.297546875000000000e+09,-4.485878428945436980e+00,-1.940834544215669366e+00
2.301921250000000000e+09,-4.460702866155187962e+00,-1.955003185209947425e+00
2.306295625000000000e+09,-4.435586854402108870e+00,-1.969264902383631499e+00
2.310670000000000000e+09,-4.410530750723054894e+00,-1.983620212438396369e+00
2.315044375000000000e+09,-4.385534919467469095e+00,-1.998069643646219751e+00
2.319418750000000000e+09,-4.360599731700466108e+00,-2.012613735618055788e+00
2.323793125000000000e+09,-4.335725564548696731e+00,-2.027253039035773252e+00
2.328167500000000000e+09,-4.310912800492726404e+00,-2.041988115350051203e+00
2.332541875000000000e+09,-4.286161826609883541e+00,-2.056819536447167973e+00
2.336916250000000000e+09,-4.261473033771919106e+00,-2.071747884287707731e+00
2.341290625000000000e+09,-4.236846815801754929e+00,-2.086773750520395598e+00
2.345665000000000000e+09,-4.212283568593945482e+00,-2.101897736074370027e+00
2.350039375000000000e+09,-4.187783689203513404e+00,-2.117120450733267489e+00
2.354413750000000000e+09,-4.163347574907988680e+00,-2.132442512694712189e+00
2.358788125000000000e+09,-4.138975622247576425e+00,-2.147864548118683548e+00
2.363162500000000000e+09,-4.114668226048357802e+00,-2.163387190668391469e+00
2.367536875000000000e+09,-4.090425778433623982e+00,-2.179011081047362630e+00
2.371911250000000000e+09,-4.066248667828274321e+00,-2.194736866536317166e+00
2.376285625000000000e+09,-4.042137277961447950e+00,-2.210565200533416874e+00
2.380660000000000000e+09,-4.018091986872271981e+00,-2.226496742101669479e+00
2.385034375000000000e+09,-3.994113165923699249e+00,-2.242532155526799631e+00
2.389408750000000000e+09,-3.970201178829447564e+00,-2.258672109889250379e+00
2.393783125000000000e+09,-3.946356380698589739e+00,-2.274917278653633801e+00
2.398157500000000000e+09,-3.922579117102734436e+00,-2.291268339278896171e+00
2.402531875000000000e+09,-3.898869723170091284e+00,-2.307725972852411545e+00
2.406906250000000000e+09,-3.875228522710975732e+00,-2.324290863751014236e+00
2.411280625000000000e+09,-3.851655827378822394e+00,-2.340963699331828796e+00
2.415655000000000000e+09,-3.828151935870781841e+00,-2.357745169655654394e+00
2.420029375000000000e+09,-3.804717133171661825e+00,-2.374635967245317225e+00
2.424403750000000000e+09,-3.781351689844729691e+00,-2.391636786881513821e+00
2.428778125000000000e+09,-3.758055861372786133e+00,-2.408748325438057059e+00
2.433152500000000000e+09,-3.734829887552462591e+00,-2.425971281758586340e+00
2.437526875000000000e+09,-3.711673991944510309e+00,-2.443306356576414373e+00
2.441901250000000000e+09,-3.688588381382762460e+00,-2.460754252478860149e+00
2.446275625000000000e+09,-3.665573245543675807e+00,-2.478315673917459439e+00
2.450650000000000000e+09,-3.642628756578654148e+00,-2.495991327264835302e+00
2.455024375000000000e+09,-3.619755068810539100e+00,-2.513781920919123003e+00
2.459398750000000000e+09,-3.596952318495634238e+00,-2.531688165456295714e+00
2.463773125000000000e+09,-3.574220623652293316e+00,-2.549710773830689448e+00
2.468147500000000000e+09,-3.551560083956595282e+00,-2.567850461623664593e+00
2.472521875000000000e+09,-3.528970780705520394e+00,-2.586107947340142044e+00
2.476896250000000000e+09,-3.506452776847650998e+00,-2.604483952752407294e+00
2.481270625000000000e+09,-3.484006117081034581e+00,-2.622979203290585648e+00
2.485645000000000000e+09,-3.461630828017678407e+00,-2.641594428478517997e+00
2.490019375000000000e+09,-3.439326918413632139e+00,-2.660330362414027761e+00
2.494393750000000000e+09,-3.417094379463658793e+00,-2.679187744291969153e+00
2.498768125000000000e+09,-3.394933185158699462e+00,-2.698167318968389239e+00
2.503142500000000000e+09,-3.372843292704574392e+00,-2.717269837563939916e+00
2.507516875000000000e+09,-3.350824642999775005e+00,-2.736496058104410878e+00
2.511891250000000000e+09,-3.328877161170017196e+00,-2.755846746196134234e+00
2.516265625000000000e+09,-3.307000757156941528e+00,-2.775322675733767674e+00
2.520640000000000000e+09,-3.285195326358331336e+00,-2.794924629637926650e+00
2.525014375000000000e+09,-3.263460750316642400e+00,-2.814653400619819390e+00
2.529388750000000000e+09,-3.241796897452745796e+00,-2.834509791970063919e+00
2.533763125000000000e+09,-3.220203623841406682e+00,-2.854494618368715209e+00
2.538137500000000000e+09,-3.198680774025058682e+00,-2.874608706713359663e+00
2.542511875000000000e+09,-3.177228181862006728e+00,-2.894852896962095024e+00
2.546886250000000000e+09,-3.155845671405273833e+00,-2.915228042988292856e+00
2.551260625000000000e+09,-3.134533057808270851e+00,-2.935735013443681929e+00
2.555635000000000000e+09,-3.113290148252989997e+00,-2.956374692626597245e+00
2.560009375000000000e+09,-3.092116742896806159e+00,-2.977147981351965456e+00
2.564383750000000000e+09,-3.071012635833660465e+00,-2.998055797819832335e+00
2.568758125000000000e+09,-3.049977616065403296e+00,-3.019099078479015930e+00
2.573132500000000000e+09,-3.029011468479120062e+00,-3.040278778882721689e+00
2.577506875000000000e+09,-3.008113974826215120e+00,-3.061595874532947459e+00
2.581881250000000000e+09,-2.987284914699051441e+00,-3.083051361710422267e+00
2.586255625000000000e+09,-2.966524066501123880e+00,-3.104646258287266036e+00
2.590630000000000000e+09,-2.945831208406551660e+00,-3.126381604519236745e+00
2.595004375000000000e+09,-2.925206119305002073e+00,-3.148258463814907593e+00
2.599378750000000000e+09,-2.904648579728163593e+00,-3.170277923479046134e+00
2.603753125000000000e+09,-2.884158372753969246e+00,-3.192441095427700049e+00
2.608127500000000000e+09,-2.863735284884937116e+00,-3.214749116872575474e+00
2.612501875000000000e+09,-2.843379106897208075e+00,-3.237203150972636667e+00
2.616876250000000000e+09,-2.823089634656866131e+00,-3.259804387450779828e+00
2.621250625000000000e+09,-2.802866669900483387e+00,-3.282554043173911307e+00
2.625625000000000000e+09,-2.782710020976926657e+00,-3.305453362694762198e+00
2.629999375000000000e+09,-2.762619503547634192e+00,-3.328503618754015569e+00
2.634373750000000000e+09,-2.742594941242892048e+00,-3.351706112741657417e+00
2.638748125000000000e+09,-2.722636166271726221e+00,-3.375062175116569918e+00
2.643122500000000000e+09,-2.702743019983393946e+00,-3.398573165783592032e+00
2.647496875000000000e+09,-2.682915353378633849e+00,-3.422240474427731272e+00
2.651871250000000000e+09,-2.663153027568997189e+00,-3.446065520805085214e+00
2.656245625000000000e+09,-2.643455914183015398e+00,-3.470049754990608193e+00
2.660620000000000000e+09,-2.623823895718054189e+00,-3.494194657582946562e+00
2.664994375000000000e+09,-2.604256865837022872e+00,-3.518501739866783495e+00
2.669368750000000000e+09,-2.584754729609358925e+00,-3.542972543933427865e+00
2.673743125000000000e+09,-2.565317403696012022e+00,-3.567608642760636162e+00
2.678117500000000000e+09,-2.545944816478342698e+00,-3.592411640252841210e+00
2.682491875000000000e+09,-2.526636908131049797e+00,-3.617383171243177209e+00
2.686866250000000000e+09,-2.507393630639725313e+00,-3.642524901458997100e+00
2.691240625000000000e+09,-2.488214947763638829e+00,-3.667838527452722985e+00
2.695615000000000000e+09,-2.469100834944689016e+00,-3.693325776500111957e+00
2.699989375000000000e+09,-2.450051279163788287e+00,-3.718988406468155095e+00
2.704363750000000000e+09,-2.431066278745940945e+00,-3.744828205655205799e+00
2.708738125000000000e+09,-2.412145843115820032e+00,-3.770846992605815018e+00
2.713112500000000000e+09,-2.393289992505583719e+00,-3.797046615903252320e+00
2.717486875000000000e+09,-2.374498757616952282e+00,-3.823428953942609176e+00
2.721861250000000000e+09,-2.355772179239943309e+00,-3.849995914687629472e+00
2.726235625000000000e+09,-2.337110307830454925e+00,-3.876749435414520661e+00
2.730610000000000000e+09,-2.318513203049535676e+00,-3.903691482446211225e+00
2.734984375000000000e+09,-2.299980933266886574e+00,-3.930824050880410425e+00
2.739358750000000000e+09,-2.281513575031618224e+00,-3.958149164315225121e+00
2.743733125000000000e+09,-2.263111212513180259e+00,-3.985668874575878373e+00
2.748107500000000000e+09,-2.244773936915686718e+00,-4.013385261446348551e+00
2.752481875000000000e+09,-2.226501845868785967e+00,-4.041300432409634880e+00
2.756856250000000000e+09,-2.208295042798430252e+00,-4.069416522400572056e+00
2.761230625000000000e+09,-2.190153636280905758e+00,-4.097735693575002003e+00
2.765605000000000000e+09,-2.172077739383593720e+00,-4.126260135099032667e+00
2.769979375000000000e+09,-2.154067468995827461e+00,-4.154992062962462818e+00
2.774353750000000000e+09,-2.136122945153444697e+00,-4.183933719819886932e+00
2.778728125000000000e+09,-2.118244290360495885e+00,-4.213087374863574652e+00
2.783102500000000000e+09,-2.100431628911482385e+00,-4.242455323731492811e+00
2.787476875000000000e+09,-2.082685086217762382e+00,-4.272039888454392198e+00
2.791851250000000000e+09,-2.065004788141321157e+00,-4.301843417445383011e+00
2.796225625000000000e+09,-2.047390860339443286e+00,-4.331868285535425578e+00
2.800600000000000000e+09,-2.029843427623411412e+00,-4.362116894058266858e+00
2.804974375000000000e+09,-2.012362613334473860e+00,-4.392591670987738617e+00
2.809348750000000000e+09,-1.994948538740248578e+00,-4.423295071130845635e+00
2.813723125000000000e+09,-1.977601322454310084e+00,-4.454229576379324484e+00
2.818097500000000000e+09,-1.960321079882072270e+00,-4.485397696022589642e+00
2.822471875000000000e+09,-1.943107922695440637e+00,-4.516801967124626671e+00
2.826846250000000000e+09,-1.925961958338905600e+00,-4.548444954967346021e+00
2.831220625000000000e+09,-1.908883289569431874e+00,-4.580329253562470448e+00
2.835595000000000000e+09,-1.891872014032301763e+00,-4.612457486234321280e+00
2.839969375000000000e+09,-1.874928223875084843e+00,-4.644832306275022304e+00
2.844343750000000000e+09,-1.858052005401350515e+00,-4.677456397674106370e+00
2.848718125000000000e+09,-1.841243438766019480e+00,-4.710332475923721951e+00
2.853092500000000000e+09,-1.824502597713589136e+00,-4.743463288900875874e+00
2.857466875000000000e+09,-1.807829549360575383e+00,-4.776851617827663432e+00
2.861841250000000000e+09,-1.791224354023173593e+00,-4.810500278310302136e+00
2.866215625000000000e+09,-1.774687065090864380e+00,-4.844412121457631670e+00
2.870590000000000000e+09,-1.758217728946715575e+00,-4.878590035079505505e+00
2.874964375000000000e+09,-1.741816384934520068e+00,-4.913036944965114117e+00
2.879338750000000000e+09,-1.725483065373126124e+00,-4.947755816241484972e+00
2.883713125000000000e+09,-1.709217795617709701e+00,-4.982749654811732043e+00
2.888087500000000000e+09,-1.693020594167814474e+00,-5.018021508872764436e+00
2.892461875000000000e+09,-1.676891472821599560e+00,-5.053574470511891015e+00
2.896836250000000000e+09,-1.660830436875571525e+00,-5.089411677381399102e+00
2.901210625000000000e+09,-1.644837485368842778e+00,-5.125536314450448216e+00
2.905585000000000000e+09,-1.628912611370870733e+00,-5.161951615832873763e+00
2.909959375000000000e+09,-1.613055802311265996e+00,-5.198660866689907678e+00
2.914333750000000000e+09,-1.597267040350174749e+00,-5.235667405206303471e+00
2.918708125000000000e+09,-1.581546302787590896e+00,-5.272974624638392172e+00
2.923082500000000000e+09,-1.565893562509618420e+00,-5.310585975432471351e+00
2.927456875000000000e+09,-1.550308788469799692e+00,-5.348504967411810362e+00
2.931831250000000000e+09,-1.534791946203210022e+00,-5.386735172030441277e+00
2.936205625000000000e+09,-1.519342998371042253e+00,-5.425280224691984010e+00
2.940580000000000000e+09,-1.503961905333268678e+00,-5.464143827131421105e+00
2.944954375000000000e+09,-1.488648625746686882e+00,-5.503329749858043130e+00
2.949328750000000000e+09,-1.473403117185845268e+00,-5.542841834657600053e+00
2.953703125000000000e+09,-1.458225336783967263e+00,-5.582683997151521638e+00
2.958077500000000000e+09,-1.443115241891001599e+00,-5.622860229411563715e+00
2.962451875000000000e+09,-1.428072790746028664e+00,-5.663374602627725629e+00
2.966826250000000000e+09,-1.413097943160862346e+00,-5.704231269827776174e+00
2.971200625000000000e+09,-1.398190661212025621e+00,-5.745434468646579695e+00
2.975575000000000000e+09,-1.383350909937950179e+00,-5.786988524143479751e+00
2.979949375000000000e+09,-1.368578658038379858e+00,-5.828897851666471119e+00
2.984323750000000000e+09,-1.353873878572966483e+00,-5.871166959761342952e+00
2.988698125000000000e+09,-1.339236549655989705e+00,-5.913800453124967049e+00
2.993072500000000000e+09,-1.324666655144273175e+00,-5.956803035601405227e+00
2.997446875000000000e+09,-1.310164185315213725e+00,-6.000179513219999095e+00
3.001821250000000000e+09,-1.295729137532194652e+00,-6.043934797274921777e+00
3.006195625000000000e+09,-1.281361516894371277e+00,-6.088073907445556543e+00
3.010570000000000000e+09,-1.267061336868193555e+00,-6.132601974957790247e+00
3.014944375000000000e+09,-1.252828619897997431e+00,-6.177524245786063517e+00
3.019318750000000000e+09,-1.238663397993024828e+00,-6.222846083896790503e+00
3.023693125000000000e+09,-1.224565713288507940e+00,-6.268572974533786812e+00
3.028067500000000000e+09,-1.210535618578450823e+00,-6.314710527546681718e+00
3.032441875000000000e+09,-1.196573177817951361e+00,-6.361264480763852980e+00
3.036816250000000000e+09,-1.182678466592951061e+00,-6.408240703411516748e+00
3.041190625000000000e+09,-1.168851572555613449e+00,-6.455645199581124594e+00
3.045565000000000000e+09,-1.155092595823495882e+00,-6.503484111747778407e+00
3.049939375000000000e+09,-1.141401649341032165e+00,-6.551763724342325901e+00
3.054313750000000000e+09,-1.127778859201797879e+00,-6.600490467380910609e+00
3.058688125000000000e+09,-1.114224364930492150e+00,-6.649670920155493548e+00
3.063062500000000000e+09,-1.100738319723438607e+00,-6.699311814989879821e+00
3.067436875000000000e+09,-1.087320890646863880e+00,-6.749420041066025888e+00
3.071811250000000000e+09,-1.073972258792170953e+00,-6.800002648325875754e+00
3.076185625000000000e+09,-1.060692619387820113e+00,-6.851066851454739037e+00
3.080560000000000000e+09,-1.047482181867475770e+00,-6.902620033952398870e+00
3.084934375000000000e+09,-1.034341169894279711e+00,-6.954669752298972440e+00
3.089308750000000000e+09,-1.021269821341433737e+00,-7.007223740223118114e+00
3.093683125000000000e+09,-1.008268388229300871e+00,-7.060289913080555202e+00
3.098057500000000000e+09,-9.953371366194705416e-01,-7.113876372351770172e+00
3.102431875000000000e+09,-9.824763464665049462e-01,-7.167991410268117036e+00
3.106806250000000000e+09,-9.696863114281615292e-01,-7.222643514576346568e+00
3.111180625000000000e+09,-9.569673386350884270e-01,-7.277841373452420548e+00
3.115555000000000000e+09,-9.443197484211708348e-01,-7.333593880575591584e+00
3.119929375000000000e+09,-9.317438740159176280e-01,-7.389910140375349989e+00
3.124303750000000000e+09,-9.192400612003428506e-01,-7.446799473463539876e+00
3.128678125000000000e+09,-9.068086679279957485e-01,-7.504271422265635927e+00
3.133052500000000000e+09,-8.944500639129775443e-01,-7.562335756865397940e+00
3.137426875000000000e+09,-8.821646301868381057e-01,-7.621002481078081203e+00
3.141801250000000000e+09,-8.699527586264879098e-01,-7.680281838768530989e+00
3.146175625000000000e+09,-8.578148514551406922e-01,-7.740184320430851805e+00
3.150550000000000000e+09,-8.457513207187976612e-01,-7.800720670047656569e+00
3.154924375000000000e+09,-8.337625877404718500e-01,-7.861901892248011947e+00
3.159298750000000000e+09,-8.218490825546980183e-01,-7.923739259783653566e+00
3.163673125000000000e+09,-8.100112433248541910e-01,-7.986244321344726060e+00
3.168047500000000000e+09,-7.982495157459152946e-01,-8.049428909737075699e+00
3.172421875000000000e+09,-7.865643524352873284e-01,-8.113305150444434233e+00
3.176796250000000000e+09,-7.749562123143693970e-01,-8.177885470600051221e+00
3.181170625000000000e+09,-7.634255599836536899e-01,-8.243182608393752275e+00
3.185545000000000000e+09,-7.519728650940546988e-01,-8.309209622941525097e+00
3.189919375000000000e+09,-7.405986017171518609e-01,-8.375979904646841945e+00
3.194293750000000000e+09,-7.293032477171884631e-01,-8.443507186083561322e+00
3.198668125000000000e+09,-7.180872841274164031e-01,-8.511805553433049454e+00
3.203042500000000000e+09,-7.069511945335595904e-01,-8.580889458509023626e+00
3.207416875000000000e+09,-6.958954644669743672e-01,-8.650773731406010469e+00
3.211791250000000000e+09,-6.849205808100112813e-01,-8.721473593809566438e+00
3.216165625000000000e+09,-6.740270312162232047e-01,-8.793004673007940752e+00
3.220540000000000000e+09,-6.632153035476922032e-01,-8.865383016648069159e+00
3.224914375000000000e+09,-6.524858853319009944e-01,-8.938625108280662701e+00
3.229288750000000000e+09,-6.418392632402752929e-01,-9.012747883742322941e+00
3.233663125000000000e+09,-6.312759225906405813e-01,-9.087768748425538945e+00
3.238037500000000000e+09,-6.207963468754345016e-01,-9.163705595490378997e+00
3.242411875000000000e+09,-6.104010173176364074e-01,-9.240576825075523359e+00
3.246786250000000000e+09,-6.000904124560849651e-01,-9.318401364569876222e+00
3.251160625000000000e+09,-5.898650077617741960e-01,-9.397198690009826549e+00
3.255535000000000000e+09,-5.797252752865518222e-01,-9.476988848672387888e+00
3.259909375000000000e+09,-5.696716833454664730e-01,-9.557792482938245016e+00
3.264283750000000000e+09,-5.597046962338193543e-01,-9.639630855504961460e+00
3.268658125000000000e+09,-5.498247739799604350e-01,-9.722525876035392756e+00
3.273032500000000000e+09,-5.400323721344231220e-01,-9.806500129333347360e+00
3.277406875000000000e+09,-5.303279415961033028e-01,-9.891576905144701115e+00
3.281781250000000000e+09,-5.207119284757456557e-01,-9.977780229689798830e+00
3.286155625000000000e+09,-5.111847739971082660e-01,-1.006513489904109804e+01
3.290530000000000000e+09,-5.017469144355810595e-01,-1.015366651446853652e+01
3.294904375000000000e+09,-4.923987810944293608e-01,-1.024340151988506165e+01
3.299278750000000000e+09,-4.831408003179801236e-01,-1.033436724153516018e+01
3.303653125000000000e+09,-4.739733935414914279e-01,-1.042659193008063312e+01
3.308027500000000000e+09,-4.648969773768391600e-01,-1.052010480525100711e+01
3.312401875000000000e+09,-4.559119637332261776e-01,-1.061493610323937986e+01
3.316776250000000000e+09,-4.470187599718766780e-01,-1.071111712704015417e+01
3.321150625000000000e+09,-4.382177690933751757e-01,-1.080868029994211277e+01
3.325525000000000000e+09,-4.295093899565083362e-01,-1.090765922240836794e+01
3.329899375000000000e+09,-4.208940175268202633e-01,-1.100808873259578213e+01
3.334273750000000000e+09,-4.123720431533788311e-01,-1.111000497078878446e+01
3.338648125000000000e+09,-4.039438548719311850e-01,-1.121344544804742505e+01
3.343022500000000000e+09,-3.956098377323494786e-01,-1.131844911939772302e+01
3.347396875000000000e+09,-3.873703741485362562e-01,-1.142505646192221036e+01
3.351771250000000000e+09,-3.792258442683596464e-01,-1.153330955814334047e+01
3.356145625000000000e+09,-3.711766263615348116e-01,-1.164325218512983895e+01
3.360520000000000000e+09,-3.632230972229394395e-01,-1.175492990979785546e+01
3.364894375000000000e+09,-3.553656325890120482e-01,-1.186839019092644421e+01
3.369268750000000000e+09,-3.476046075646000988e-01,-1.198368248845763873e+01
3.373643125000000000e+09,-3.399403970577324907e-01,-1.210085838071089448e+01
3.378017500000000000e+09,-3.323733762197175756e-01,-1.221997169020622565e+01
3.382391875000000000e+09,-3.249039208877879115e-01,-1.234107861886306168e+01
3.386766250000000000e+09,-3.175324080277176497e-01,-1.246423789342435740e+01
3.391140625000000000e+09,-3.102592161736776877e-01,-1.258951092204633149e+01
3.395515000000000000e+09,-3.030847258625583573e-01,-1.271696196309880911e+01
3.399889375000000000e+09,-2.960093200602166297e-01,-1.284665830733680281e+01
3.404263750000000000e+09,-2.890333845768690568e-01,-1.297867047473603108e+01
3.408638125000000000e+09,-2.821573084691085809e-01,-1.311307242743422741e+01
3.413012500000000000e+09,-2.753814844259024897e-01,-1.324994180038842373e+01
3.417386875000000000e+09,-2.687063091361744371e-01,-1.338936015155077541e+01
3.421761250000000000e+09,-2.621321836354192358e-01,-1.353141323358391368e+01
3.426135625000000000e+09,-2.556595136292025283e-01,-1.367619128938482298e+01
3.430510000000000000e+09,-2.492887097910613248e-01,-1.382378937397295715e+01
3.434884375000000000e+09,-2.430201880329563580e-01,-1.397430770562209723e+01
3.439258750000000000e+09,-2.368543697460018527e-01,-1.412785204949206452e+01
3.443633125000000000e+09,-2.307916820098490918e-01,-1.428453413744675871e+01
3.448007500000000000e+09,-2.248325577687204369e-01,-1.444447212824250215e+01
3.452381875000000000e+09,-2.189774359727304776e-01,-1.460779111284749376e+01
3.456756250000000000e+09,-2.132267616828984191e-01,-1.477462367032064527e+01
3.461130625000000000e+09,-2.075809861386447297e-01,-1.494511048045589519e+01
3.465505000000000000e+09,-2.020405667865850241e-01,-1.511940100030612477e+01
3.469879375000000000e+09,-1.966059672697909599e-01,-1.529765421276160353e+01
3.474253750000000000e+09,-1.912776573766194754e-01,-1.548003945660719083e+01
3.478628125000000000e+09,-1.860561129486217324e-01,-1.566673734895000614e+01
3.483002500000000000e+09,-1.809418157471063271e-01,-1.585794081264772259e+01
3.487376875000000000e+09,-1.759352532780918132e-01,-1.605385622342872765e+01
3.491751250000000000e+09,-1.710369185757295574e-01,-1.625470469384934091e+01
3.496125625000000000e+09,-1.662473099442607349e-01,-1.646072351416830415e+01
3.500500000000000000e+09,-1.615669306589090637e-01,-1.667216777374200731e+01
3.504874375000000000e+09,-1.569962886262639412e-01,-1.688931219078967061e+01
3.509248750000000000e+09,-1.525358960048571744e-01,-1.711245318352338884e+01
3.513623125000000000e+09,-1.481862687868611417e-01,-1.734191122189372791e+01
3.517997500000000000e+09,-1.439479263420212207e-01,-1.757803350685592036e+01
3.522371875000000000e+09,-1.398213909250326237e-01,-1.782119703346676332e+01
3.526746250000000000e+09,-1.358071871479268333e-01,-1.807181210574725583e+01
3.531120625000000000e+09,-1.319058414189039630e-01,-1.833032638569708794e+01
3.535495000000000000e+09,-1.281178813495775504e-01,-1.859722957691948153e+01
3.539869375000000000e+09,-1.244438351323420983e-01,-1.887305886606447913e+01
3.544243750000000000e+09,-1.208842308901546259e-01,-1.915840527413361372e+01
3.548618125000000000e+09,-1.174395960006816009e-01,-1.945392110649689954e+01
3.552992500000000000e+09,-1.141104563973378561e-01,-1.976032873783370647e+01
3.557366875000000000e+09,-1.108973358495379952e-01,-2.007843102963982318e+01
3.561741250000000000e+09,-1.078007552247500639e-01,-2.040912375833558201e+01
3.566115625000000000e+09,-1.048212317349354050e-01,-2.075341053820773496e+01
3.570490000000000000e+09,-1.019592781701628287e-01,-2.111242086512440608e+01
3.574864375000000000e+09,-9.921540212209525866e-02,-2.148743209811969024e+01
3.579238750000000000e+09,-9.659010520023023072e-02,-2.187989645683811801e+01
3.583613125000000000e+09,-9.408388224379660159e-02,-2.229147447344065114e+01
3.587987500000000000e+09,-9.169722053218493096e-02,-2.272407684291553664e+01
3.592361875000000000e+09,-8.943059899683060421e-02,-2.317991733457238013e+01
3.596736250000000000e+09,-8.728448743752886818e-02,-2.366158046691297301e+01
3.601110625000000000e+09,-8.525934574608519390e-02,-2.417210917829070027e+01
3.605485000000000000e+09,-8.335562314015694529e-02,-2.471512002371422412e+01
3.609859375000000000e+09,-8.157375741026171023e-02,-2.529495695578085446e+01
3.614233750000000000e+09,-7.991417418262121430e-02,-2.591690029773186765e+01
3.618608125000000000e+09,-7.837728620073244890e-02,-2.658745649264597333e+01
3.622982500000000000e+09,-7.696349262826160387e-02,-2.731476918990796321e+01
3.627356875000000000e+09,-7.567317837583854845e-02,-2.810921812645364071e+01
3.631731250000000000e+09,-7.450671345437313853e-02,-2.898431891199896526e+01
3.636105625000000000e+09,-7.346445235702479815e-02,-2.995812498449189576e+01
3.640480000000000000e+09,-7.254673347239325165e-02,-3.105550926262579026e+01
3.644854375000000000e+09,-7.175387853078160627e-02,-3.231208010811597120e+01
3.649228750000000000e+09,-7.108619208563238256e-02,-3.378136243739268707e+01
3.653603125000000000e+09,-7.054396103203344759e-02,-3.554913209234634763e+01
3.657977500000000000e+09,-7.012745416375928964e-02,-3.776542500039067107e+01
3.662351875000000000e+09,-6.983692177061312512e-02,-4.072784100799864859e+01
3.666726250000000000e+09,-6.967259527708496991e-02,-4.514667357271886772e+01
3.671100625000000000e+09,-6.963468692376512115e-02,-5.272540127639915397e+01
3.675475000000000000e+09,-6.972338949225441451e-02,-5.050134362361323070e+01
3.679849375000000000e+09,-6.993887607443435850e-02,-4.383834253020641114e+01
3.684223750000000000e+09,-7.028129988661842298e-02,-3.988844909220438950e+01
3.688598125000000000e+09,-7.075079412899713815e-02,-3.714940141980004285e+01
3.692972500000000000e+09,-7.134747189052204064e-02,-3.506023057080501815e+01
3.697346875000000000e+09,-7.207142609916927789e-02,-3.337339620883346925e+01
3.701721250000000000e+09,-7.292272951741245179e-02,-3.195954734034739175e+01
3.706095625000000000e+09,-7.390143478245486675e-02,-3.074289865570199964e+01
3.710470000000000000e+09,-7.500757449058764736e-02,-2.967531811068402803e+01
3.714844375000000000e+09,-7.624116132485905806e-02,-2.872435783192145209e+01
3.719218750000000000e+09,-7.760218822507428116e-02,-2.786711760994469955e+01
3.723593125000000000e+09,-7.909062859896245912e-02,-2.708683822510584704e+01
3.727967500000000000e+09,-8.070643657302481455e-02,-2.637088812239110780e+01
3.732341875000000000e+09,-8.244954728176573377e-02,-2.570951193312864902e+01
3.736716250000000000e+09,-8.431987719331970887e-02,-2.509501951735925829e+01
3.741090625000000000e+09,-8.631732446993609087e-02,-2.452124181579234374e+01
3.745465000000000000e+09,-8.844176936106648568e-02,-2.398315473870512449e+01
3.749839375000000000e+09,-9.069307462708947609e-02,-2.347661247682136576e+01
3.754213750000000000e+09,-9.307108599143187888e-02,-2.299815415120670536e+01
3.758588125000000000e+09,-9.557563261854229442e-02,-2.254486087202309363e+01
3.762962500000000000e+09,-9.820652761556825094e-02,-2.211424822280303459e+01
3.767336875000000000e+09,-1.009635685548793127e-01,-2.170418413575793792e+01
3.771711250000000000e+09,-1.038465380149867778e-01,-2.131282528917740748e+01
3.776085625000000000e+09,-1.068552041371852723e-01,-2.093856723177817969e+01
3.780460000000000000e+09,-1.099893211950841443e-01,-2.058000482689061528e+01
3.784834375000000000e+09,-1.132486301743019369e-01,-2.023590055655592579e+01
3.789208750000000000e+09,-1.166328593595918756e-01,-1.990515888341989736e+01
3.793583125000000000e+09,-1.201417249264927212e-01,-1.958680533252055866e+01
3.797957500000000000e+09,-1.237749315348018186e-01,-1.927996928749580263e+01
3.802331875000000000e+09,-1.275321729210487365e-01,-1.898386973701991565e+01
3.806706250000000000e+09,-1.314131324872281903e-01,-1.869780338459185032e+01
3.811080625000000000e+09,-1.354174838831057881e-01,-1.842113466660909182e+01
3.815455000000000000e+09,-1.395448915794658407e-01,-1.815328732269462719e+01
3.819829375000000000e+09,-1.437950114297653070e-01,-1.789373723739295130e+01
3.824203750000000000e+09,-1.481674912175851566e-01,-1.764200632990485929e+01
3.828578125000000000e+09,-1.526619711876605889e-01,-1.739765731299166163e+01
3.832952500000000000e+09,-1.572780845581564779e-01,-1.716028917680540289e+01
3.837326875000000000e+09,-1.620154580119155530e-01,-1.692953328057417650e+01
3.841701250000000000e+09,-1.668737121648422028e-01,-1.670504995654737712e+01
3.846075625000000000e+09,-1.718524620093801469e-01,-1.648652554769584100e+01
3.850450000000000000e+09,-1.769513173313994325e-01,-1.627366981434573034e+01
3.854824375000000000e+09,-1.821698830989089690e-01,-1.606621365595094986e+01
3.859198750000000000e+09,-1.875077598211117302e-01,-1.586390710314176644e+01
3.863573125000000000e+09,-1.929645438766408039e-01,-1.566651754246402461e+01
3.867947500000000000e+09,-1.985398278097547375e-01,-1.547382814218297398e+01
3.872321875000000000e+09,-2.042332005937459449e-01,-1.528563645242800106e+01
3.876696250000000000e+09,-2.100442478606917573e-01,-1.510175315700864829e+01
3.881070625000000000e+09,-2.159725520970894874e-01,-1.492200095759761425e+01
3.885445000000000000e+09,-2.220176928050548726e-01,-1.474621357378240916e+01
3.889819375000000000e+09,-2.281792466288015964e-01,-1.457423484483893006e+01
3.894193750000000000e+09,-2.344567874465882107e-01,-1.440591792105268176e+01
3.898568125000000000e+09,-2.408498864282072049e-01,-1.424112453408181267e+01
3.902942500000000000e+09,-2.473581120585016391e-01,-1.407972433726543571e+01
3.907316875000000000e+09,-2.539810301274930127e-01,-1.392159430797893194e+01
3.911691250000000000e+09,-2.607182036878322728e-01,-1.376661820516040891e+01
3.916065625000000000e+09,-2.675691929806182645e-01,-1.361468607600359526e+01
3.920440000000000000e+09,-2.745335553305408016e-01,-1.346569380656365311e+01
3.924814375000000000e+09,-2.816108450117909001e-01,-1.331954271166405412e+01
3.929188750000000000e+09,-2.888006130860725773e-01,-1.317613916004941643e+01
3.933563125000000000e+09,-2.961024072143536578e-01,-1.303539423120930252e+01
3.937937500000000000e+09,-3.035157714440196441e-01,-1.289722340071383933e+01
3.942311875000000000e+09,-3.110402459733447311e-01,-1.276154625126411979e+01
3.946686250000000000e+09,-3.186753668952601593e-01,-1.262828620697638904e+01
3.951060625000000000e+09,-3.264206659225045160e-01,-1.249737028869299849e+01
3.955435000000000000e+09,-3.342756700962733474e-01,-1.236872888835569029e+01
3.959809375000000000e+09,-3.422399014808426010e-01,-1.224229556068711133e+01
3.964183750000000000e+09,-3.503128768462953624e-01,-1.211800683061253103e+01
3.968558125000000000e+09,-3.584941073419772861e-01,-1.199580201501806087e+01
3.972932500000000000e+09,-3.667830981630547660e-01,-1.187562305758517311e+01
3.977306875000000000e+09,-3.751793482127142587e-01,-1.175741437557001667e+01
3.981681250000000000e+09,-3.836823497625914126e-01,-1.164112271750850880e+01
3.986055625000000000e+09,-3.922915881139845684e-01,-1.152669703092879061e+01
3.990430000000000000e+09,-4.010065412623874392e-01,-1.141408833924245414e+01
3.994804375000000000e+09,-4.098266795679373908e-01,-1.130324962706440495e+01
3.999178750000000000e+09,-4.187514654343172937e-01,-1.119413573328319345e+01
4.003553125000000000e+09,-4.277803529985753084e-01,-1.108670325126638367e+01
4.007927500000000000e+09,-4.369127878343370686e-01,-1.098091043564217451e+01
4.012301875000000000e+09,-4.461482066708133964e-01,-1.087671711514978412e+01
4.016676250000000000e+09,-4.554860371298551924e-01,-1.077408461109590121e+01
4.021050625000000000e+09,-4.649256974833838041e-01,-1.067297566099620632e+01
4.025425000000000000e+09,-4.744665964331959418e-01,-1.057335434701732524e+01
4.029799375000000000e+09,-4.841081329153283930e-01,-1.047518602886766814e+01
4.034173750000000000e+09,-4.938496959307235867e-01,-1.037843728081608674e+01
4.038548125000000000e+09,-5.036906644041337922e-01,-1.028307583254358804e+01
4.042922500000000000e+09,-5.136304070727955029e-01,-1.018907051355840920e+01
4.047296875000000000e+09,-5.236682824063867425e-01,-1.009639120092651332e+01
4.051671250000000000e+09,-5.338036385597556555e-01,-1.000500877008949629e+01
4.056045625000000000e+09,-5.440358133593419243e-01,-9.914895048560721236e+00
4.060420000000000000e+09,-5.543641343246410447e-01,-9.826022772306009401e+00
4.064794375000000000e+09,-5.647879187253210809e-01,-9.738365544631285786e+00
4.069168750000000000e+09,-5.753064736747552921e-01,-9.651897797412479107e+00
4.073543125000000000e+09,-5.859190962606031228e-01,-9.566594754515623578e+00
4.077917500000000000e+09,-5.966250737124888515e-01,-9.482432397266782331e+00
4.082291875000000000e+09,-6.074236836072940404e-01,-9.399387431841205398e+00
4.086666250000000000e+09,-6.183141941116497842e-01,-9.317437258451136017e+00
4.091040625000000000e+09,-6.292958642617408893e-01,-9.236559942219987107e+00
4.095415000000000000e+09,-6.403679442798311250e-01,-9.156734185638629953e+00
4.099789375000000000e+09,-6.515296759269724181e-01,-9.077939302506951691e+00
4.104163750000000000e+09,-6.627802928912398528e-01,-9.000155193270076737e+00
4.108538125000000000e+09,-6.741190212104255508e-01,-8.923362321665418762e+00
4.112912500000000000e+09,-6.855450797282689468e-01,-8.847541692601740948e+00
4.117286875000000000e+09,-6.970576805828085920e-01,-8.772674831196773937e+00
4.121661250000000000e+09,-7.086560297255577456e-01,-8.698743762904864951e+00
4.126035625000000000e+09,-7.203393274699529947e-01,-8.625730994670325558e+00
4.130410000000000000e+09,-7.321067690672983241e-01,-8.553619497046300424e+00
4.134784375000000000e+09,-7.439575453084181778e-01,-8.482392687222626293e+00
4.139158750000000000e+09,-7.558908431491160318e-01,-8.412034412909637382e+00
4.143533125000000000e+09,-7.679058463572399074e-01,-8.342528937028280467e+00
4.147907500000000000e+09,-7.800017361792859205e-01,-8.273860923159514158e+00
4.152281875000000000e+09,-7.921776920242320497e-01,-8.206015421708968915e+00
4.156656250000000000e+09,-8.044328921622136974e-01,-8.138977856745508888e+00
4.161030625000000000e+09,-8.167665144356582863e-01,-8.072734013474361703e+00
4.165405000000000000e+09,-8.291777369803197129e-01,-8.007270026308123789e+00
4.169779375000000000e+09,-8.416657389537207656e-01,-7.942572367500694064e+00
4.174153750000000000e+09,-8.542297012684275659e-01,-7.878627836311410171e+00
4.178528125000000000e+09,-8.668688073273912442e-01,-7.815423548668326781e+00
4.182902500000000000e+09,-8.795822437590115062e-01,-7.752946927301191948e+00
4.187276875000000000e+09,-8.923692011490145237e-01,-7.691185692316659939e+00
4.191651250000000000e+09,-9.052288747666250579e-01,-7.630127852189369619e+00
4.196025625000000000e+09,-9.181604652825412494e-01,-7.569761695144148206e+00
4.200400000000000000e+09,-9.311631794759145375e-01,-7.510075780906033671e+00
4.204774375000000000e+09,-9.442362309280281085e-01,-7.451058932795872281e+00
4.209148750000000000e+09,-9.573788407000956013e-01,-7.392700230150631491e+00
4.213523125000000000e+09,-9.705902379927171530e-01,-7.334989001048666246e+00
4.217897500000000000e+09,-9.838696607849093390e-01,-7.277914815321134157e+00
4.222271875000000000e+09,-9.972163564501325128e-01,-7.221467477832201887e+00
4.226646250000000000e+09,-1.010629582347492450e+00,-7.165637022011028812e+00
4.231020625000000000e+09,-1.024108606385874864e+00,-7.110413703620094950e+00
4.235395000000000000e+09,-1.037652707559217680e+00,-7.055787994745111646e+00
4.239769375000000000e+09,-1.051261176451070423e+00,-7.001750577992222446e+00
4.244143750000000000e+09,-1.064933315706757311e+00,-6.948292340879905993e+00
4.248518125000000000e+09,-1.078668440471800993e+00,-6.895404370412897777e+00
4.252892500000000000e+09,-1.092465878794906864e+00,-6.843077947826716745e+00
4.257266875000000000e+09,-1.106324971994688600e+00,-6.791304543492163504e+00
4.261641250000000000e+09,-1.120245074988696965e+00,-6.740075811969276742e+00
4.266015625000000000e+09,-1.134225556584159689e+00,-6.689383587201975345e+00
4.270390000000000000e+09,-1.148265799729436321e+00,-6.639219877843828499e+00
4.274764375000000000e+09,-1.162365201725826136e+00,-6.589576862707610339e+00
4.279138750000000000e+09,-1.176523174399185301e+00,-6.540446886330587795e+00
4.283513125000000000e+09,-1.190739144231201863e+00,-6.491822454648721319e+00
4.287887500000000000e+09,-1.205012552450265506e+00,-6.443696230773607425e+00
4.292261875000000000e+09,-1.219342855081983146e+00,-6.396061030865914709e+00
4.296636250000000000e+09,-1.233729522959733593e+00,-6.348909820100376855e+00
4.301010625000000000e+09,-1.248172041695612355e+00,-6.302235708717327967e+00
4.305385000000000000e+09,-1.262669911612443130e+00,-6.256031948156218547e+00
4.309759375000000000e+09,-1.277222647637663355e+00,-6.210291927267693524e+00
4.314133750000000000e+09,-1.291829779159931801e+00,-6.165009168600203537e+00
4.318508125000000000e+09,-1.306490849849699876e+00,-6.120177324758476978e+00
4.322882500000000000e+09,-1.321205417444845098e+00,-6.075790174831029233e+00
4.327256875000000000e+09,-1.335973053502929275e+00,-6.031841620884328847e+00
4.331631250000000000e+09,-1.350793343121416745e+00,-5.988325684521869086e+00
4.336005625000000000e+09,-1.365665884627671023e+00,-5.945236503506334813e+00
4.340380000000000000e+09,-1.380590289240537061e+00,-5.902568328443723367e+00
4.344754375000000000e+09,-1.395566180705150927e+00,-5.860315519528315420e+00
4.349128750000000000e+09,-1.410593194903375647e+00,-5.818472543347699144e+00
4.353503125000000000e+09,-1.425670979441637343e+00,-5.777033969747634501e+00
4.357877500000000000e+09,-1.440799193218477381e+00,-5.735994468756211440e+00
4.362251875000000000e+09,-1.455977505974167752e+00,-5.695348807567444105e+00
4.366626250000000000e+09,-1.471205597824545297e+00,-5.655091847584422737e+00
4.371000625000000000e+09,-1.486483158781600755e+00,-5.615218541522431828e+00
4.375375000000000000e+09,-1.501809888263268888e+00,-5.575723930572439535e+00
4.379749375000000000e+09,-1.517185494594694983e+00,-5.536603141625731084e+00
4.384123750000000000e+09,-1.532609694503788367e+00,-5.497851384560349608e+00
4.388498125000000000e+09,-1.548082212613263842e+00,-5.459463949590293907e+00
4.392872500000000000e+09,-1.563602780931893088e+00,-5.421436204678347082e+00
4.397246875000000000e+09,-1.579171138347398973e+00,-5.383763593013735083e+00
4.401621250000000000e+09,-1.594787030123379079e+00,-5.346441630555467839e+00
4.405995625000000000e+09,-1.610450207402925660e+00,-5.309465903642660578e+00
4.410370000000000000e+09,-1.626160426721115382e+00,-5.272832066672886953e+00
4.414744375000000000e+09,-1.641917449528828232e+00,-5.236535839849640439e+00
4.419118750000000000e+09,-1.657721041730253031e+00,-5.200573007000190984e+00
4.423493125000000000e+09,-1.673570973236062631e+00,-5.164939413464696649e+00
4.427867500000000000e+09,-1.689467017534739046e+00,-5.129630964057843023e+00
4.432241875000000000e+09,-1.705408951283665653e+00,-5.094643621103800868e+00
4.436616250000000000e+09,-1.721396553922301065e+00,-5.059973402545510091e+00
4.440990625000000000e+09,-1.737429607308971002e+00,-5.025616380129127592e+00
4.445365000000000000e+09,-1.753507895383179527e+00,-4.991568677664376175e+00
4.449739375000000000e+09,-1.769631203854855617e+00,-4.957826469361338084e+00
4.454113750000000000e+09,-1.785799319922108275e+00,-4.924385978244306017e+00
4.458488125000000000e+09,-1.802012032018680099e+00,-4.891243474643022004e+00
4.462862500000000000e+09,-1.818269129592337219e+00,-4.858395274761612370e+00
4.467236875000000000e+09,-1.834570402915142173e+00,-4.825837739325241849e+00
4.471611250000000000e+09,-1.850915642926519222e+00,-4.793567272304477989e+00
4.475985625000000000e+09,-1.867304641109676089e+00,-4.761580319717314325e+00
4.480360000000000000e+09,-1.883737189402125090e+00,-4.729873368508211939e+00
4.484734375000000000e+09,-1.900213080140439548e+00,-4.698442945503861878e+00
4.489108750000000000e+09,-1.916732106039551242e+00,-4.667285616445015606e+00
4.493483125000000000e+09,-1.933294060206691922e+00,-4.636397985093259955e+00
4.497857500000000000e+09,-1.949898736189671133e+00,-4.605776692412071327e+00
4.502231875000000000e+09,-1.966545928059387549e+00,-4.575418415820632134e+00
4.506606250000000000e+09,-1.983235430525873699e+00,-4.545319868519178463e+00
4.510980625000000000e+09,-1.999967039087620302e+00,-4.515477798884510285e+00
4.515355000000000000e+09,-2.016740550212893890e+00,-4.485888989933513926e+00
4.519729375000000000e+09,-2.033555761552619412e+00,-4.456550258853316571e+00
4.524103750000000000e+09,-2.050412472183393398e+00,-4.427458456595756431e+00
4.528478125000000000e+09,-2.067310482879544331e+00,-4.398610467533962343e+00
4.532852500000000000e+09,-2.084249596412841132e+00,-4.370003209178938697e+00
4.537226875000000000e+09,-2.101229617878407563e+00,-4.341633631953415673e+00
4.541601250000000000e+09,-2.118250355045032673e+00,-4.313498719020485872e+00
4.545975625000000000e+09,-2.135311618728405136e+00,-4.285595486164279322e+00
4.550350000000000000e+09,-2.152413223185154045e+00,-4.257920981719736986e+00
4.554724375000000000e+09,-2.169554986525900730e+00,-4.230472286548563332e+00
4.559098750000000000e+09,-2.186736731145256574e+00,-4.203246514058252892e+00
4.563473125000000000e+09,-2.203958284166523285e+00,-4.176240810260985370e+00
4.567847500000000000e+09,-2.221219477899069705e+00,-4.149452353869271803e+00
4.572221875000000000e+09,-2.238520150305928436e+00,-4.122878356424734214e+00
4.576596250000000000e+09,-2.255860145479420265e+00,-4.096516062456971419e+00
4.580970625000000000e+09,-2.273239314122434518e+00,-4.070362749668773539e+00
4.585345000000000000e+09,-2.290657514032846453e+00,-4.044415729144509086e+00
4.589719375000000000e+09,-2.308114610588865911e+00,-4.018672345577845917e+00
4.594093750000000000e+09,-2.325610477232685991e+00,-3.993129977515610829e+00
4.598468125000000000e+09,-2.343144995950125153e+00,-3.967786037614106753e+00
4.602842500000000000e+09,-2.360718057743875331e+00,-3.942637972904392996e+00
4.607216875000000000e+09,-2.378329563097830945e+00,-3.917683265063138798e+00
4.611591250000000000e+09,-2.395979422430319694e+00,-3.892919430685561011e+00
4.615965625000000000e+09,-2.413667556533796610e+00,-3.868344021557075241e+00
4.620340000000000000e+09,-2.431393896998844006e+00,-3.843954624920359997e+00
4.624714375000000000e+09,-2.449158386620237771e+00,-3.819748863734508948e+00
4.629088750000000000e+09,-2.466960979782906627e+00,-3.795724396923283450e+00
4.633463125000000000e+09,-2.484801642826006240e+00,-3.771878919609198633e+00
4.637837500000000000e+09,-2.502680354382847305e+00,-3.748210163330587541e+00
4.642211875000000000e+09,-2.520597105695145501e+00,-3.724715896238897539e+00
4.646586250000000000e+09,-2.538551900899661540e+00,-3.701393923273252895e+00
4.650960625000000000e+09,-2.556544757285810654e+00,-3.678242086310071990e+00
4.655335000000000000e+09,-2.574575705522638813e+00,-3.655258264284989345e+00
4.659709375000000000e+09,-2.592644789853952858e+00,-3.632440373284990809e+00
4.664083750000000000e+09,-2.610752068260343783e+00,-3.609786366608694230e+00
4.668458125000000000e+09,-2.628897612587032917e+00,-3.587294234792631098e+00
4.672832500000000000e+09,-2.647081508636754510e+00,-3.564962005602150708e+00
4.677206875000000000e+09,-2.665303856226811874e+00,-3.542787743984945781e+00
4.681581250000000000e+09,-2.683564769209837664e+00,-3.520769551986146606e+00
4.685955625000000000e+09,-2.701864375457775580e+00,-3.498905568623734474e+00
4.690330000000000000e+09,-2.720202816808809931e+00,-3.477193969723082034e+00
4.694704375000000000e+09,-2.738580248977249720e+00,-3.455632967710221770e+00
4.699078750000000000e+09,-2.756996841426317513e+00,-3.434220811362832748e+00
4.703453125000000000e+09,-2.775452777204244548e+00,-3.412955785518918539e+00
4.707827500000000000e+09,-2.793948252743854610e+00,-3.391836210742786406e+00
4.712201875000000000e+09,-2.812483477626514627e+00,-3.370860442948409474e+00
4.716576250000000000e+09,-2.831058674310884982e+00,-3.350026872980537807e+00
4.720950625000000000e+09,-2.849674077827541563e+00,-3.329333926153717371e+00
4.725325000000000000e+09,-2.868329935440488754e+00,-3.308780061750126844e+00
4.729699375000000000e+09,-2.887026506276777038e+00,-3.288363772476894820e+00
4.734073750000000000e+09,-2.905764060925410508e+00,-3.268083583883972132e+00
4.738448125000000000e+09,-2.924542881007363704e+00,-3.247938053743708142e+00
4.742822500000000000e+09,-2.943363258717929476e+00,-3.227925771393600929e+00
4.747196875000000000e+09,-2.962225496343553921e+00,-3.208045357043751267e+00
4.751571250000000000e+09,-2.981129905754571485e+00,-3.188295461050580926e+00
4.755945625000000000e+09,-3.000076807876274732e+00,-3.168674763158996655e+00
4.760320000000000000e+09,-3.019066532140119996e+00,-3.149181971714711814e+00
4.764694375000000000e+09,-3.038099415917220991e+00,-3.129815822849121965e+00
4.769068750000000000e+09,-3.057175803936659442e+00,-3.110575079638895790e+00
4.773443125000000000e+09,-3.076296047690610269e+00,-3.091458531242709640e+00
4.777817500000000000e+09,-3.095460504828887238e+00,-3.072464992017778229e+00
4.782191875000000000e+09,-3.114669538545413285e+00,-3.053593300618554274e+00
4.786566250000000000e+09,-3.133923516958798228e+00,-3.034842319080561790e+00
4.790940625000000000e+09,-3.153222812489979265e+00,-3.016210931891986746e+00
4.795315000000000000e+09,-3.172567801239075891e+00,-2.997698045055857019e+00
4.799689375000000000e+09,-3.191958862364265403e+00,-2.979302585145824800e+00
4.804063750000000000e+09,-3.211396377465135288e+00,-2.961023498358330119e+00
4.808438125000000000e+09,-3.230880729973045096e+00,-2.942859749564174621e+00
4.812812500000000000e+09,-3.250412304550960307e+00,-2.924810321362484977e+00
4.817186875000000000e+09,-3.269991486505458234e+00,-2.906874213139898799e+00
4.821561250000000000e+09,-3.289618661212873718e+00,-2.889050440138059006e+00
4.825935625000000000e+09,-3.309294213562503195e+00,-2.871338032532217976e+00
4.830310000000000000e+09,-3.329018527418650120e+00,-2.853736034523854936e+00
4.834684375000000000e+09,-3.348791985104107916e+00,-2.836243503450135428e+00
4.839058750000000000e+09,-3.368614966906856800e+00,-2.818859508912899159e+00
4.843433125000000000e+09,-3.388487850612288632e+00,-2.801583131929916703e+00
4.847807500000000000e+09,-3.408411011062652651e+00,-2.784413464110909064e+00
4.852181875000000000e+09,-3.428384819745522005e+00,-2.767349606860894262e+00
4.856556250000000000e+09,-3.448409644413055197e+00,-2.750390670613104049e+00
4.860930625000000000e+09,-3.468485848733394050e+00,-2.733535774093824422e+00
4.865305000000000000e+09,-3.488613791975616607e+00,-2.716784043621180977e+00
4.869679375000000000e+09,-3.508793828729572351e+00,-2.700134612439852422e+00
4.874053750000000000e+09,-3.529026308661432410e+00,-2.683586620093592057e+00
4.878428125000000000e+09,-3.549311576305973936e+00,-2.667139211837017854e+00
4.882802500000000000e+09,-3.569649970896399793e+00,-2.650791538088447474e+00
4.887176875000000000e+09,-3.590041826231930244e+00,-2.634542753924788094e+00
4.891551250000000000e+09,-3.610487470583994885e+00,-2.618392018619899009e+00
4.895925625000000000e+09,-3.630987226640736143e+00,-2.602338495227120685e+00
4.900300000000000000e+09,-3.651541411490192068e+00,-2.586381350206984564e+00
4.904674375000000000e+09,-3.672150336641838209e+00,-2.570519753100483751e+00
4.909048750000000000e+09,-3.692814308086162178e+00,-2.554752876248487237e+00
4.913423125000000000e+09,-3.713533626391694042e+00,-2.539079894557268346e+00
4.917797500000000000e+09,-3.734308586838995581e+00,-2.523499985310370342e+00
4.922171875000000000e+09,-3.755139479590373419e+00,-2.508012328026536064e+00
4.926546250000000000e+09,-3.776026589894683649e+00,-2.492616104363251761e+00
4.930920625000000000e+09,-3.796970198325633650e+00,-2.477310498065480981e+00
4.935295000000000000e+09,-3.817970581052532619e+00,-2.462094694958703478e+00
4.939669375000000000e+09,-3.839028010141701586e+00,-2.446967882985439324e+00
4.944043750000000000e+09,-3.860142753886999678e+00,-2.431929252284020571e+00
4.948418125000000000e+09,-3.881315077167616145e+00,-2.416977995308446037e+00
4.952792500000000000e+09,-3.902545241831226974e+00,-2.402113306987829766e+00
4.957166875000000000e+09,-3.923833507100248141e+00,-2.387334384923719632e+00
4.961541250000000000e+09,-3.945180129999330543e+00,-2.372640429623748215e+00
4.965915625000000000e+09,-3.966585365801340579e+00,-2.358030644769508744e+00
4.970290000000000000e+09,-3.988049468489890614e+00,-2.343504237516703448e+00
4.974664375000000000e+09,-4.009572691235606889e+00,-2.329060418825355416e+00
4.979038750000000000e+09,-4.031155286883690181e+00,-2.314698403817922578e+00
4.983413125000000000e+09,-4.052797508450257880e+00,-2.300417412162733655e+00
4.987787500000000000e+09,-4.074499609624550267e+00,-2.286216668480452352e+00
4.992161875000000000e+09,-4.096261845274529634e+00,-2.272095402770909267e+00
4.996536250000000000e+09,-4.118084471953052272e+00,-2.258052850857646732e+00
5.000910625000000000e+09,-4.139967748401780057e+00,-2.244088254847580011e+00
5.005285000000000000e+09,-4.161911936050259442e+00,-2.230200863602989081e+00
5.009659375000000000e+09,-4.183917299507278642e+00,-2.216389933223028130e+00
5.014033750000000000e+09,-4.205984107041824238e+00,-2.202654727532044721e+00
5.018408125000000000e+09,-4.228112631051078374e+00,-2.188994518571798942e+00
5.022782500000000000e+09,-4.250303148512662332e+00,-2.175408587094953994e+00
5.027156875000000000e+09,-4.272555941418653802e+00,-2.161896223056817057e+00
5.031531250000000000e+09,-4.294871297188937120e+00,-2.148456726102815573e+00
5.035905625000000000e+09,-4.317249509061294788e+00,-2.135089406048840566e+00
5.040280000000000000e+09,-4.339690876456259616e+00,-2.121793583351835988e+00
5.044654375000000000e+09,-4.362195705314113603e+00,-2.108568589568088569e+00
5.049028750000000000e+09,-4.384764308402315791e+00,-2.095413767796565185e+00
5.053403125000000000e+09,-4.407397005591246142e+00,-2.082328473105064415e+00
5.057777500000000000e+09,-4.430094124096414454e+00,-2.069312072936706048e+00
5.062151875000000000e+09,-4.452855998685548933e+00,-2.056363947494452393e+00
5.066526250000000000e+09,-4.475682971849061609e+00,-2.043483490101822397e+00
5.070900625000000000e+09,-4.498575393932410016e+00,-2.030670107537482671e+00
5.075275000000000000e+09,-4.521533623229434085e+00,-2.017923220342241475e+00
5.079649375000000000e+09,-4.544558026035335985e+00,-2.005242263096289168e+00
5.084023750000000000e+09,-4.567648976658722049e+00,-1.992626684665595782e+00
5.088398125000000000e+09,-4.590806857392014884e+00,-1.980075948415665810e+00
5.092772500000000000e+09,-4.614032058439734740e+00,-1.967589532391748941e+00
5.097146875000000000e+09,-4.637324977804456516e+00,-1.955166929464195791e+00
5.101521250000000000e+09,-4.660686021130339363e+00,-1.942807647438155927e+00
5.105895625000000000e+09,-4.684115601504405646e+00,-1.930511209126958949e+00
5.110270000000000000e+09,-4.707614139215835714e+00,-1.918277152388538909e+00
5.114644375000000000e+09,-4.731182061473904632e+00,-1.906105030124572330e+00
5.119018750000000000e+09,-4.754819802085171965e+00,-1.893994410242206605e+00
5.123393125000000000e+09,-4.778527801090993954e+00,-1.881944875578327014e+00
5.127767500000000000e+09,-4.802306504366203654e+00,-1.869956023786545796e+00
5.132141875000000000e+09,-4.826156363180516884e+00,-1.858027467187328252e+00
5.136516250000000000e+09,-4.850077833724022014e+00,-1.846158832581707987e+00
5.140890625000000000e+09,-4.874071376598303473e+00,-1.834349761029540060e+00
5.145265000000000000e+09,-4.898137456275101442e+00,-1.822599907592707957e+00
5.149639375000000000e+09,-4.922276540524532784e+00,-1.810908941044996112e+00
5.154013750000000000e+09,-4.946489099814835200e+00,-1.799276543549211738e+00
5.158388125000000000e+09,-4.970775606685960746e+00,-1.787702410303350753e+00
5.162762500000000000e+09,-4.995136535099456765e+00,-1.776186249157172048e+00
5.167136875000000000e+09,-5.019572359767159320e+00,-1.764727780200786356e+00
5.171511250000000000e+09,-5.044083555461090995e+00,-1.753326735327105590e+00
5.175885625000000000e+09,-5.068670596307684129e+00,-1.741982857770162596e+00
5.180260000000000000e+09,-5.093333955068672481e+00,-1.730695901621056798e+00
5.184634375000000000e+09,-5.118074102412142778e+00,-1.719465631324000210e+00
5.189008750000000000e+09,-5.142891506175891969e+00,-1.708291821154366064e+00
5.193383125000000000e+09,-5.167786630626824973e+00,-1.697174254681182992e+00
5.197757500000000000e+09,-5.192759935719125863e+00,-1.686112724216552783e+00
5.202131875000000000e+09,-5.217811876354014444e+00,-1.675107030254050056e+00
5.206506250000000000e+09,-5.242942901644638276e+00,-1.664156980899087479e+00
5.210880625000000000e+09,-5.268153454188744256e+00,-1.653262391293301548e+00
5.215255000000000000e+09,-5.293443969352358280e+00,-1.642423083035728926e+00
5.219629375000000000e+09,-5.318814874567364015e+00,-1.631638883603221846e+00
5.224003750000000000e+09,-5.344266588645990801e+00,-1.620909625772604112e+00
5.228378125000000000e+09,-5.369799521115100838e+00,-1.610235147047221371e+00
5.232752500000000000e+09,-5.395414071572927739e+00,-1.599615289090188242e+00
5.237126875000000000e+09,-5.421110629071178799e+00,-1.589049897166836978e+00
5.241501250000000000e+09,-5.446889571524891949e+00,-1.578538819598799936e+00
5.245875625000000000e+09,-5.472751265152777655e+00,-1.568081907232000027e+00
5.250250000000000000e+09,-5.498696063950086810e+00,-1.557679012920776707e+00
5.254624375000000000e+09,-5.524724309196482608e+00,-1.547329991030289786e+00
5.258998750000000000e+09,-5.550836329000874869e+00,-1.537034696959344249e+00
5.263373125000000000e+09,-5.577032437884978933e+00,-1.526792986685437947e+00
5.267747500000000000e+09,-5.603312936407593980e+00,-1.516604716333906477e+00
5.272121875000000000e+09,-5.629678110830914406e+00,-1.506469741772925364e+00
5.276496250000000000e+09,-5.656128232830224256e+00,-1.496387918235776660e+00
5.280870625000000000e+09,-5.682663559248312346e+00,-1.486359099971956699e+00
5.285245000000000000e+09,-5.709284331895236875e+00,-1.476383139928131305e+00
5.289619375000000000e+09,-5.735990777394643914e+00,-1.466459889460405286e+00
5.293993750000000000e+09,-5.762783107076412392e+00,-1.456589198078373393e+00
5.298368125000000000e+09,-5.789661516916938311e+00,-1.446770913222085175e+00
5.302742500000000000e+09,-5.816626187526072300e+00,-1.437004880072327406e+00
5.307116875000000000e+09,-5.843677284181309162e+00,-1.427290941394640855e+00
5.311491250000000000e+09,-5.870814956908722237e+00,-1.417628937417451773e+00
5.315865625000000000e+09,-5.898039340609645187e+00,-1.408018705744011667e+00
5.320240000000000000e+09,-5.925350555232880012e+00,-1.398460081298468438e+00
5.324614375000000000e+09,-5.952748705991051992e+00,-1.388952896305513329e+00
5.328988750000000000e+09,-5.980233883619819224e+00,-1.379496980302962417e+00
5.333363125000000000e+09,-6.007806164678813232e+00,-1.370092160187021069e+00
5.337737500000000000e+09,-6.035465611892303350e+00,-1.360738260289005908e+00
5.342111875000000000e+09,-6.063212274528035906e+00,-1.351435102482852146e+00
5.346486250000000000e+09,-6.091046188811959361e+00,-1.342182506321919488e+00
5.350860625000000000e+09,-6.118967378376785504e+00,-1.332980289204060309e+00
5.355235000000000000e+09,-6.146975854742054324e+00,-1.323828266563370271e+00
5.359609375000000000e+09,-6.175071617822867509e+00,-1.314726252086978686e+00
5.363983750000000000e+09,-6.203254656465018613e+00,-1.305674057955287903e+00
5.368358125000000000e+09,-6.231524949003357960e+00,-1.296671495103569383e+00
5.372732500000000000e+09,-6.259882463840499511e+00,-1.287718373503209612e+00
5.377106875000000000e+09,-6.288327160043143849e+00,-1.278814502460341673e+00
5.381481250000000000e+09,-6.316858987952286064e+00,-1.269959690929828078e+00
5.385855625000000000e+09,-6.345477889804658211e+00,-1.261153747842183925e+00
5.390230000000000000e+09,-6.374183800361722163e+00,-1.252396482441336056e+00
5.394604375000000000e+09,-6.402976647542937272e+00,-1.243687704630611401e+00
5.398978750000000000e+09,-6.431856353060140030e+00,-1.235027225324830003e+00
5.403353125000000000e+09,-6.460822833049363112e+00,-1.226414856805730036e+00
5.407727500000000000e+09,-6.489875998696817305e+00,-1.217850413078497507e+00
5.412101875000000000e+09,-6.519015756855686128e+00,-1.209333710226924596e+00
5.416476250000000000e+09,-6.548242010650029421e+00,-1.200864566764483943e+00
5.420850625000000000e+09,-6.577554660063404945e+00,-1.192442803979303134e+00
5.425225000000000000e+09,-6.606953602507516621e+00,-1.184068246270152169e+00
5.429599375000000000e+09,-6.636438733369073084e+00,-1.175740721471534966e+00
5.433973750000000000e+09,-6.666009946531067598e+00,-1.167460061165243479e+00
5.438348125000000000e+09,-6.695667134865565195e+00,-1.159226100976344265e+00
5.442722500000000000e+09,-6.725410190695241042e+00,-1.151038680851420359e+00
5.447096875000000000e+09,-6.755239006221021469e+00,-1.142897645316894861e+00
5.451471250000000000e+09,-6.785153473913133837e+00,-1.134802843715774667e+00
5.455845625000000000e+09,-6.815153486863131604e+00,-1.126754130420676070e+00
5.460220000000000000e+09,-6.845238939094780761e+00,-1.118751365021595223e+00
5.464594375000000000e+09,-6.875409725831773677e+00,-1.110794412487065230e+00
5.468968750000000000e+09,-6.905665743720374117e+00,-1.102883143296826907e+00
5.473343125000000000e+09,-6.936006891005001229e+00,-1.095017433545175667e+00
5.477717500000000000e+09,-6.966433067656407019e+00,-1.087197165013744860e+00
5.482091875000000000e+09,-6.996944175449799630e+00,-1.079422225212854025e+00
5.486466250000000000e+09,-7.027540117992939983e+00,-1.071692507390523685e+00
5.490840625000000000e+09,-7.058220800703373321e+00,-1.064007910508800281e+00
5.495215000000000000e+09,-7.088986130733959001e+00,-1.056368339186890992e+00
5.499589375000000000e+09,-7.119836016846640803e+00,-1.048773703611020292e+00
5.503963750000000000e+09,-7.150770369234516366e+00,-1.041223919410786181e+00
5.508338125000000000e+09,-7.181789099292608114e+00,-1.033718907502529483e+00
5.512712500000000000e+09,-7.212892119337288577e+00,-1.026258593899793459e+00
5.517086875000000000e+09,-7.244079342275746569e+00,-1.018842909491604054e+00
5.521461250000000000e+09,-7.275350681226358418e+00,-1.011471789789445186e+00
5.525835625000000000e+09,-7.306706049090748500e+00,-1.004145174643392480e+00
5.530210000000000000e+09,-7.338145358079732894e+00,-9.968630079293081536e-01
5.534584375000000000e+09,-7.369668519194469525e+00,-9.896252372076170811e-01
5.538958750000000000e+09,-7.401275441664739496e+00,-9.824318133556657617e-01
5.543333125000000000e+09,-7.432966032346852714e+00,-9.752826901751526778e-01
5.547707500000000000e+09,-7.464740195083161112e+00,-9.681778239763432214e-01
5.552081875000000000e+09,-7.496597830026294318e+00,-9.611171731411622954e-01
5.556456250000000000e+09,-7.528538832930394165e+00,-9.541006976671837503e-01
5.560830625000000000e+09,-7.560563094412641405e+00,-9.471283586948411326e-01
5.565205000000000000e+09,-7.592670499188209909e+00,-9.402001180199660579e-01
5.569579375000000000e+09,-7.624860925281776503e+00,-9.333159375945031533e-01
5.573953750000000000e+09,-7.657134243219289260e+00,-9.264757790175608410e-01
5.578328125000000000e+09,-7.689490315203206805e+00,-9.196796030197194050e-01
5.582702500000000000e+09,-7.721928994275355507e+00,-9.129273689431876004e-01
5.587076875000000000e+09,-7.754450123470691736e+00,-9.062190342205409532e-01
5.591451250000000000e+09,-7.787053534966124069e+00,-8.995545538549754028e-01
5.595825625000000000e+09,-7.819739049228495276e+00,-8.929338799048476272e-01
5.600200000000000000e+09,-7.852506474164824724e+00,-8.863569609753768619e-01
5.604574375000000000e+09,-7.885355604280167796e+00,-8.798237417202375843e-01
5.608948750000000000e+09,-7.918286219845612095e+00,-8.733341623562295153e-01
5.613323125000000000e+09,-7.951298086081363792e+00,-8.668881581933097769e-01
5.617697500000000000e+09,-7.984390952358579874e+00,-8.604856591832975576e-01
5.622071875000000000e+09,-8.017564551423630448e+00,-8.541265894895051503e-01
5.626446250000000000e+09,-8.050818598649192026e+00,-8.478108670802735336e-01
5.630820625000000000e+09,-8.084152791314757280e+00,-8.415384033484940574e-01
5.635195000000000000e+09,-8.117566807921743788e+00,-8.353091027601309282e-01
5.639569375000000000e+09,-8.151060307545249017e+00,-8.291228625334925439e-01
5.643943750000000000e+09,-8.184632929226804521e+00,-8.229795723517767669e-01
5.648318125000000000e+09,-8.218284291410846265e+00,-8.168791141106729325e-01
5.652692500000000000e+09,-8.252013991427801898e+00,-8.108213617030523013e-01
5.657066875000000000e+09,-8.285821605027441805e+00,-8.048061808423911945e-01
5.661441250000000000e+09,-8.319706685963963011e+00,-7.988334289263293586e-01
5.665815625000000000e+09,-8.353668765636099280e+00,-7.929029549417844214e-01
5.670190000000000000e+09,-8.387707352784277148e+00,-7.870145994128192601e-01
5.674564375000000000e+09,-8.421821933246301128e+00,-7.811681943917238025e-01
5.678938750000000000e+09,-8.456011969774104742e+00,-7.753635634946574040e-01
5.683313125000000000e+09,-8.490276901911807172e+00,-7.696005219817757537e-01
5.687687500000000000e+09,-8.524616145937910616e+00,-7.638788768823008279e-01
5.692061875000000000e+09,-8.559029094870496124e+00,-7.581984271644327533e-01
5.696436250000000000e+09,-8.593515118538038067e+00,-7.525589639499692396e-01
5.700810625000000000e+09,-8.628073563714407257e+00,-7.469602707731552993e-01
5.705185000000000000e+09,-8.662703754319554861e+00,-7.414021238828338856e-01
5.709559375000000000e+09,-8.697404991684599906e+00,-7.358842925872389751e-01
5.713933750000000000e+09,-8.732176554880881625e+00,-7.304065396400896137e-01
5.718308125000000000e+09,-8.767017701113353212e+00,-7.249686216666028082e-01
5.722682500000000000e+09,-8.801927666174808707e+00,-7.195702896277128557e-01
5.727056875000000000e+09,-8.836905664962174001e+00,-7.142112893207239743e-01
5.731431250000000000e+09,-8.871950892051218673e+00,-7.088913619144416867e-01
5.735805625000000000e+09,-8.907062522328949683e+00,-7.036102445160739016e-01
5.740180000000000000e+09,-8.942239711680413095e+00,-6.983676707678976303e-01
5.744554375000000000e+09,-8.977481597728267815e+00,-6.931633714707917671e-01
5.748928750000000000e+09,-9.012787300622447262e+00,-6.879970752318348426e-01
5.753303125000000000e+09,-9.048155923876041840e+00,-6.828685091329210755e-01
5.757677500000000000e+09,-9.083586555245293681e+00,-6.777773994173377226e-01
5.762051875000000000e+09,-9.119078267649404879e+00,-6.727234721909619575e-01
5.766426250000000000e+09,-9.154630120127862369e+00,-6.677064541347111915e-01
5.770800625000000000e+09,-9.190241158829767443e+00,-6.627260732246560426e-01
5.775175000000000000e+09,-9.225910418033087979e+00,-6.577820594563428269e-01
5.779549375000000000e+09,-9.261636921188372895e+00,-6.528741455694363482e-01
5.783923750000000000e+09,-9.297419681984088413e+00,-6.480020677692936992e-01
5.788298125000000000e+09,-9.333257705427808304e+00,-6.431655664413716833e-01
5.792672500000000000e+09,-9.369149988940376872e+00,-6.383643868549514488e-01
5.797046875000000000e+09,-9.405095523457941198e+00,-6.335982798523031034e-01
5.801421250000000000e+09,-9.441093294537278524e+00,-6.288670025194509350e-01
5.805795625000000000e+09,-9.477142283460542771e+00,-6.241703188351442888e-01
5.810170000000000000e+09,-9.513241468334197037e+00,-6.195080002940795971e-01
5.814544375000000000e+09,-9.549389825179051883e+00,-6.148798265007734409e-01
5.818918750000000000e+09,-9.585586329004961215e+00,-6.102855857309504861e-01
5.823293125000000000e+09,-9.621829954867923362e+00,-6.057250754569177831e-01
5.827667500000000000e+09,-9.658119678904338201e+00,-6.011981028332934462e-01
5.832041875000000000e+09,-9.694454479338279640e+00,-5.967044851407807826e-01
5.836416250000000000e+09,-9.730833337457763577e+00,-5.922440501844470351e-01
5.840790625000000000e+09,-9.767255238556787234e+00,-5.878166366440058521e-01
5.845165000000000000e+09,-9.803719172838855300e+00,-5.834220943736014853e-01
5.849539375000000000e+09,-9.840224136278450828e+00,-5.790602846485635169e-01
5.853913750000000000e+09,-9.876769131437008298e+00,-5.747310803573708604e-01
5.858288125000000000e+09,-9.913353168231672896e+00,-5.704343661366251261e-01
5.862662500000000000e+09,-9.949975264651788720e+00,-5.661700384475981673e-01
5.867036875000000000e+09,-9.986634447422099825e+00,-5.619380055930741635e-01
5.871411250000000000e+09,-1.002332975260967984e+01,-5.577381876729896604e-01
5.875785625000000000e+09,-1.006006022617300388e+01,-5.535705164788378152e-01
5.880160000000000000e+09,-1.009682492445047330e+01,-5.494349353254681656e-01
5.884534375000000000e+09,-1.013362291458745901e+01,-5.453313988207140195e-01
5.888908750000000000e+09,-1.017045327490110118e+01,-5.412598725724200310e-01
5.893283125000000000e+09,-1.020731509518103941e+01,-5.372203328338369666e-01
5.897657500000000000e+09,-1.024420747692576583e+01,-5.332127660875356501e-01
5.902031875000000000e+09,-1.028112953351513603e+01,-5.292371685688886940e-01
5.906406250000000000e+09,-1.031808039031762192e+01,-5.252935457307601474e-01
5.910780625000000000e+09,-1.035505918473434761e+01,-5.213819116509277318e-01
5.915155000000000000e+09,-1.039206506617906456e+01,-5.175022883834401455e-01
5.919529375000000000e+09,-1.042909719599654039e+01,-5.136547052571645011e-01
5.923903750000000000e+09,-1.046615474731932949e+01,-5.098391981232972547e-01
5.928278125000000000e+09,-1.050323690486583672e+01,-5.060558085546470464e-01
5.932652500000000000e+09,-1.054034286468084680e+01,-5.023045829999119860e-01
5.937026875000000000e+09,-1.057747183382130629e+01,-4.985855718962411975e-01
5.941401250000000000e+09,-1.061462302998928742e+01,-4.948988287433212507e-01
5.945775625000000000e+09,-1.065179568111619446e+01,-4.912444091429598592e-01
5.950150000000000000e+09,-1.068898902490008673e+01,-4.876223698084550251e-01
5.954524375000000000e+09,-1.072620230829984145e+01,-4.840327675469485169e-01
5.958898750000000000e+09,-1.076343478699100586e+01,-4.804756582206567983e-01
5.963273125000000000e+09,-1.080068572478516842e+01,-4.769510956898012632e-01
5.967647500000000000e+09,-1.083795439301901808e+01,-4.734591307434717899e-01
5.972021875000000000e+09,-1.087524006991569969e+01,-4.699998100221786101e-01
5.976396250000000000e+09,-1.091254203992409444e+01,-4.665731749376434423e-01
5.980770625000000000e+09,-1.094985959304023737e+01,-4.631792605945172503e-01
5.985145000000000000e+09,-1.098719202411536422e+01,-4.598180947192223589e-01
5.989519375000000000e+09,-1.102453863215634478e+01,-4.564896966012871871e-01
5.993893750000000000e+09,-1.106189871962244808e+01,-4.531940760517698674e-01
5.998268125000000000e+09,-1.109927159172409006e+01,-4.499312323845915396e-01
6.002642500000000000e+09,-1.113665655572883217e+01,-4.467011534252510740e-01
6.007016875000000000e+09,-1.117405292027869024e+01,-4.435038145526686848e-01
6.011391250000000000e+09,-1.121145999472597055e+01,-4.403391777784850802e-01
6.015765625000000000e+09,-1.124887708849007062e+01,-4.372071908690914332e-01
6.020140000000000000e+09,-1.128630351044229840e+01,-4.341077865151903858e-01
6.024514375000000000e+09,-1.132373856832311532e+01,-4.310408815533078863e-01
6.028888750000000000e+09,-1.136118156819592784e+01,-4.280063762436557839e-01
6.033263125000000000e+09,-1.139863181394359160e+01,-4.250041536088471350e-01
6.037637500000000000e+09,-1.143608860681046124e+01,-4.220340788373568852e-01
6.042011875000000000e+09,-1.147355124499640411e+01,-4.190959987553466992e-01
6.046386250000000000e+09,-1.151101902330467119e+01,-4.161897413705130111e-01
6.050760625000000000e+09,-1.154849123285000445e+01,-4.133151154914951886e-01
6.055135000000000000e+09,-1.158596716082900535e+01,-4.104719104249605621e-01
6.059509375000000000e+09,-1.162344609035689480e+01,-4.076598957538821177e-01
6.063883750000000000e+09,-1.166092730037391156e+01,-4.048788211987215391e-01
6.068258125000000000e+09,-1.169841006562419850e+01,-4.021284165636841434e-01
6.072632500000000000e+09,-1.173589365670969187e+01,-3.994083917694122299e-01
6.077006875000000000e+09,-1.177337734022150961e+01,-3.967184369734439997e-01
6.081381250000000000e+09,-1.181086037895060059e+01,-3.940582227794067749e-01
6.085755625000000000e+09,-1.184834203217892323e+01,-3.914274005347031515e-01
6.090130000000000000e+09,-1.188582155605337576e+01,-3.888256027175101548e-01
6.094504375000000000e+09,-1.192329820404165908e+01,-3.862524434120936934e-01
6.098878750000000000e+09,-1.196077122747332666e+01,-3.837075188720632246e-01
6.103253125000000000e+09,-1.199823987616132825e+01,-3.811904081694342250e-01
6.107627500000000000e+09,-1.203570339911009057e+01,-3.787006739293913293e-01
6.112001875000000000e+09,-1.207316104530273115e+01,-3.762378631469786017e-01
6.116376250000000000e+09,-1.211061206457266337e+01,-3.738015080847261751e-01
6.120750625000000000e+09,-1.214805570855227934e+01,-3.713911272472230629e-01
6.125125000000000000e+09,-1.218549123170122250e+01,-3.690062264300926209e-01
6.129499375000000000e+09,-1.222291789240992621e+01,-3.666462998397048700e-01
6.133873750000000000e+09,-1.226033495417521202e+01,-3.643108312790026559e-01
6.138248125000000000e+09,-1.229774168684802049e+01,-3.619992953960576854e-01
6.142622500000000000e+09,-1.233513736794517968e+01,-3.597111589899249506e-01
6.146996875000000000e+09,-1.237252128402591289e+01,-3.574458823689957709e-01
6.151371250000000000e+09,-1.240989273212693789e+01,-3.552029207570133185e-01
6.155745625000000000e+09,-1.244725102125167737e+01,-3.529817257402828035e-01
6.160120000000000000e+09,-1.248459547390989677e+01,-3.507817467511672449e-01
6.164494375000000000e+09,-1.252192542770182371e+01,-3.486024325812629998e-01
6.168868750000000000e+09,-1.255924023694354474e+01,-3.464432329182635106e-01
6.173243125000000000e+09,-1.259653927432572651e+01,-3.443035998997684421e-01
6.177617500000000000e+09,-1.263382193260152597e+01,-3.421829896778800784e-01
6.181991875000000000e+09,-1.267108762629835184e+01,-3.400808639873509343e-01
6.186366250000000000e+09,-1.270833579344696496e+01,-3.379966917112391944e-01
6.190740625000000000e+09,-1.274556589732101841e+01,-3.359299504362234234e-01
6.195115000000000000e+09,-1.278277742818310259e+01,-3.338801279914827003e-01
6.199489375000000000e+09,-1.281996990502851475e+01,-3.318467239637432620e-01
6.203863750000000000e+09,-1.285714287732296057e+01,-3.298292511820044015e-01
6.208238125000000000e+09,-1.289429592672576952e+01,-3.278272371648182637e-01
6.212612500000000000e+09,-1.293142866879366082e+01,-3.258402255232524247e-01
6.216986875000000000e+09,-1.296854075465915557e+01,-3.238677773135087423e-01
6.221361250000000000e+09,-1.300563187267488807e+01,-3.219094723322257212e-01
6.225735625000000000e+09,-1.304270175002252685e+01,-3.199649103481989054e-01
6.230110000000000000e+09,-1.307975015427459198e+01,-3.180337122647076131e-01
6.234484375000000000e+09,-1.311677689490831789e+01,-3.161155212066277254e-01
6.238858750000000000e+09,-1.315378182476303515e+01,-3.142100035262256341e-01
6.243233125000000000e+09,-1.319076484143667827e+01,-3.123168497231146867e-01
6.247607500000000000e+09,-1.322772588861662335e+01,-3.104357752729797748e-01
6.251981875000000000e+09,-1.326466495733844297e+01,-3.085665213605359170e-01
6.256356250000000000e+09,-1.330158208716964552e+01,-3.067088555124398153e-01
6.260730625000000000e+09,-1.333847736731403444e+01,-3.048625721265334487e-01
6.265105000000000000e+09,-1.337535093762982008e+01,-3.030274928937768952e-01
6.269479375000000000e+09,-1.341220298956266710e+01,-3.012034671098642868e-01
6.273853750000000000e+09,-1.344903376698590058e+01,-2.993903718740971720e-01
6.278228125000000000e+09,-1.348584356694730246e+01,-2.975881121735932111e-01
6.282602500000000000e+09,-1.352263274031937534e+01,-2.957966208506053185e-01
6.286976875000000000e+09,-1.355940169235141113e+01,-2.940158584525978114e-01
6.291351250000000000e+09,-1.359615088312105691e+01,-2.922458129638990654e-01
6.295725625000000000e+09,-1.363288082788370481e+01,-2.904864994192273286e-01
6.300100000000000000e+09,-1.366959209732075031e+01,-2.887379593990528903e-01
6.304474375000000000e+09,-1.370628531768466729e+01,-2.870002604081904884e-01
6.308848750000000000e+09,-1.374296117084123914e+01,-2.852734951387824180e-01
6.313223125000000000e+09,-1.377962039420982876e+01,-2.835577806196566963e-01
6.317597500000000000e+09,-1.381626378060321869e+01,-2.818532572546256776e-01
6.321971875000000000e+09,-1.385289217796791483e+01,-2.801600877525776689e-01
6.326346250000000000e+09,-1.388950648902615015e+01,-2.784784559529800418e-01
6.330720625000000000e+09,-1.392610767082326184e+01,-2.768085655508250031e-01
6.335095000000000000e+09,-1.396269673418317758e+01,-2.751506387250634011e-01
6.339469375000000000e+09,-1.399927474307474284e+01,-2.735049146762218442e-01
6.343843750000000000e+09,-1.403584281389134603e+01,-2.718716480775247857e-01
6.348218125000000000e+09,-1.407240211465217428e+01,-2.702511074467009999e-01
6.352592500000000000e+09,-1.410895386412407149e+01,-2.686435734429488131e-01
6.356966875000000000e+09,-1.414549933087407396e+01,-2.670493370976500525e-01
6.361341250000000000e+09,-1.418203983225243725e+01,-2.654686979838972727e-01
6.365715625000000000e+09,-1.421857673331902383e+01,-2.639019623336743559e-01
6.370090000000000000e+09,-1.425511144571107636e+01,-2.623494411091708001e-01
6.374464375000000000e+09,-1.429164542646377711e+01,-2.608114480373219246e-01
6.378838750000000000e+09,-1.432818017678947520e+01,-2.592882976140888918e-01
6.383213125000000000e+09,-1.436471724082039003e+01,-2.577803030885748026e-01
6.387587500000000000e+09,-1.440125820432272263e+01,-2.562877744344633779e-01
6.391961875000000000e+09,-1.443780469339167283e+01,-2.548110163176707799e-01
6.396336250000000000e+09,-1.447435837312923290e+01,-2.533503260690537773e-01
6.400710625000000000e+09,-1.451092094631843743e+01,-2.519059916714795344e-01
6.405085000000000000e+09,-1.454749415209669827e+01,-2.504782897692280352e-01
6.409459375000000000e+09,-1.458407976463924527e+01,-2.490674837095892269e-01
6.413833750000000000e+09,-1.462067959185841914e+01,-2.476738216249251001e-01
6.418208125000000000e+09,-1.465729547412570177e+01,-2.462975345642833824e-01
6.422582500000000000e+09,-1.469392928302733736e+01,-2.449388346830176366e-01
6.426956875000000000e+09,-1.473058292015723936e+01,-2.435979134989330330e-01
6.431331250000000000e+09,-1.476725831595634197e+01,-2.422749402234763982e-01
6.435705625000000000e+09,-1.480395742860765651e+01,-2.409700601759518224e-01
6.440080000000000000e+09,-1.484068224298808580e+01,-2.396833932878467410e-01
6.444454375000000000e+09,-1.487743476969221490e+01,-2.384150327061914654e-01
6.448828750000000000e+09,-1.491421704412563898e+01,-2.371650435015487390e-01
6.453203125000000000e+09,-1.495103112568349601e+01,-2.359334614882483416e-01
6.457577500000000000e+09,-1.498787909701044896e+01,-2.347202921627641603e-01
6.461951875000000000e+09,-1.502476306335682565e+01,-2.335255097665431545e-01
6.466326250000000000e+09,-1.506168515202893410e+01,-2.323490564777159206e-01
6.470700625000000000e+09,-1.509864751194481514e+01,-2.311908417379155145e-01
6.475075000000000000e+09,-1.513565231329252470e+01,-2.300507417168498048e-01
6.479449375000000000e+09,-1.517270174730414034e+01,-2.289285989201371441e-01
6.483823750000000000e+09,-1.520979802613990728e+01,-2.278242219416609649e-01
6.488198125000000000e+09,-1.524694338289205220e+01,-2.267373853649849447e-01
6.492572500000000000e+09,-1.528414007170790612e+01,-2.256678298138538596e-01
6.496946875000000000e+09,-1.532139036803516419e+01,-2.246152621544547923e-01
6.501321250000000000e+09,-1.535869656899101265e+01,-2.235793558494283684e-01
6.505695625000000000e+09,-1.539606099385574467e+01,-2.225597514635492824e-01
6.510070000000000000e+09,-1.543348598469265909e+01,-2.215560573207079054e-01
6.514444375000000000e+09,-1.547097390709050835e+01,-2.205678503105050481e-01
6.518818750000000000e+09,-1.550852715103355450e+01,-2.195946768428412299e-01
6.523193125000000000e+09,-1.554614813189313338e+01,-2.186360539470636188e-01
6.527567500000000000e+09,-1.558383929154133263e+01,-2.176914705133283778e-01
6.531941875000000000e+09,-1.562160309958498594e+01,-2.167603886711240713e-01
6.536316250000000000e+09,-1.565944205471467043e+01,-2.158422453009174735e-01
6.540690625000000000e+09,-1.569735868617005892e+01,-2.149364536739143960e-01
6.545065000000000000e+09,-1.573535555531167063e+01,-2.140424052130054378e-01
6.549439375000000000e+09,-1.577343525730153928e+01,-2.131594713696176036e-01
6.553813750000000000e+09,-1.581160042288254530e+01,-2.122870056086879065e-01
6.558188125000000000e+09,-1.584985372025436590e+01,-2.114243454945418099e-01
6.562562500000000000e+09,-1.588819785703905474e+01,-2.105708148695241422e-01
6.566936875000000000e+09,-1.592663558233306276e+01,-2.097257261167398690e-01
6.571311250000000000e+09,-1.596516968883451426e+01,-2.088883824982071813e-01
6.575685625000000000e+09,-1.600380301504420544e+01,-2.080580805588659876e-01
6.580060000000000000e+09,-1.604253844752961555e+01,-2.072341125865378997e-01
6.584434375000000000e+09,-1.608137892324795004e+01,-2.064157691181571219e-01
6.588808750000000000e+09,-1.612032743191837980e+01,-2.056023414818569928e-01
6.593183125000000000e+09,-1.615938701843627356e+01,-2.047931243637147181e-01
6.597557500000000000e+09,-1.619856078532370702e+01,-2.039874183893356230e-01
6.601931875000000000e+09,-1.623785189520584993e+01,-2.031845327085866071e-01
6.606306250000000000e+09,-1.627726357330718088e+01,-2.023837875728184688e-01
6.610680625000000000e+09,-1.631679910995785932e+01,-2.015845168932633436e-01
6.615055000000000000e+09,-1.635646186310468408e+01,-2.007860707695524882e-01
6.619429375000000000e+09,-1.639625526081651685e+01,-1.999878179776126141e-01
6.623803750000000000e+09,-1.643618280377756946e+01,-1.991891484049451710e-01
6.628178125000000000e+09,-1.647624806776076056e+01,-1.983894754241652403e-01
6.632552500000000000e+09,-1.651645470607333266e+01,-1.975882381921705289e-01
6.636926875000000000e+09,-1.655680645196894218e+01,-1.967849038656885041e-01
6.641301250000000000e+09,-1.659730712101552896e+01,-1.959789697231434091e-01
6.645675625000000000e+09,-1.663796061341721355e+01,-1.951699651820468784e-01
6.650050000000000000e+09,-1.667877091628103869e+01,-1.943574537031245164e-01
6.654424375000000000e+09,-1.671974210582131448e+01,-1.935410345724471459e-01
6.658798750000000000e+09,-1.676087834949827737e+01,-1.927203445514685531e-01
6.663173125000000000e+09,-1.680218390808851581e+01,-1.918950593887965295e-01
6.667547500000000000e+09,-1.684366313767246126e+01,-1.910648951845536625e-01
6.671921875000000000e+09,-1.688532049154906645e+01,-1.902296096006491910e-01
6.676296250000000000e+09,-1.692716052206042932e+01,-1.893890029114704554e-01
6.680670625000000000e+09,-1.696918788233457320e+01,-1.885429188874437334e-01
6.685045000000000000e+09,-1.701140732793363952e+01,-1.876912455081990450e-01
6.689419375000000000e+09,-1.705382371841616873e+01,-1.868339154992890716e-01
6.693793750000000000e+09,-1.709644201880309566e+01,-1.859709066895487151e-01
6.698168125000000000e+09,-1.713926730095223760e+01,-1.851022421865966827e-01
6.702542500000000000e+09,-1.718230474484048997e+01,-1.842279903664351404e-01
6.706916875000000000e+09,-1.722555963975419502e+01,-1.833482646780117131e-01
6.711291250000000000e+09,-1.726903738538711153e+01,-1.824632232599818771e-01
6.715665625000000000e+09,-1.731274349285365233e+01,-1.815730683712168947e-01
6.720040000000000000e+09,-1.735668358561501279e+01,-1.806780456352065356e-01
6.724414375000000000e+09,-1.740086340032506484e+01,-1.797784431004814665e-01
6.728788750000000000e+09,-1.744528878759883028e+01,-1.788745901190497700e-01
6.733163125000000000e+09,-1.748996571270970080e+01,-1.779668560468873895e-01
6.737537500000000000e+09,-1.753490025622228643e+01,-1.770556487699848081e-01
6.741911875000000000e+09,-1.758009861456640976e+01,-1.761414130614710194e-01
6.746286250000000000e+09,-1.762556710055614673e+01,-1.752246287743652320e-01
6.750660625000000000e+09,-1.767131214387346105e+01,-1.743058088779287085e-01
6.755035000000000000e+09,-1.771734029150834644e+01,-1.733854973438135327e-01
6.759409375000000000e+09,-1.776365820818262975e+01,-1.724642668897014008e-01
6.763783750000000000e+09,-1.781027267675281323e+01,-1.715427165892996486e-01
6.768158125000000000e+09,-1.785719059861451541e+01,-1.706214693587244646e-01
6.772532500000000000e+09,-1.790441899410905435e+01,-1.697011693271148480e-01
6.776906875000000000e+09,-1.795196500295681830e+01,-1.687824791041972194e-01
6.781281250000000000e+09,-1.799983588471733498e+01,-1.678660769533556196e-01
6.785655625000000000e+09,-1.804803901929730614e+01,-1.669526538841195618e-01
6.790030000000000000e+09,-1.809658190751952844e+01,-1.660429106735353544e-01
6.794404375000000000e+09,-1.814547217176474803e+01,-1.651375548305895058e-01
6.798778750000000000e+09,-1.819471755669805546e+01,-1.642372975152333603e-01
6.803153125000000000e+09,-1.824432593010659787e+01,-1.633428504255564073e-01
6.807527500000000000e+09,-1.829430528384854782e+01,-1.624549226653658751e-01
6.811901875000000000e+09,-1.834466373494083768e+01,-1.615742176069143166e-01
6.816276250000000000e+09,-1.839540952679749353e+01,-1.607014297612318621e-01
6.820650625000000000e+09,-1.844655103063351831e+01,-1.598372416697689535e-01
6.825025000000000000e+09,-1.849809674705300822e+01,-1.589823208309785185e-01
6.829399375000000000e+09,-1.855005530783940060e+01,-1.581373166762232996e-01
6.833773750000000000e+09,-1.860243547796071084e+01,-1.573028576066211326e-01
6.838148125000000000e+09,-1.865524615781250262e+01,-1.564795481059668147e-01
6.842522500000000000e+09,-1.870849638570911466e+01,-1.556679659414801076e-01
6.846896875000000000e+09,-1.876219534064751571e+01,-1.548686594658335025e-01
6.851271250000000000e+09,-1.881635234535368539e+01,-1.540821450322084618e-01
6.855645625000000000e+09,-1.887097686963867460e+01,-1.533089045349994850e-01
6.860020000000000000e+09,-1.892607853406770246e+01,-1.525493830871460788e-01
6.864394375000000000e+09,-1.898166711397622208e+01,-1.518039868457438379e-01
6.868768750000000000e+09,-1.903775254383279858e+01,-1.510730809951741083e-01
6.873143125000000000e+09,-1.909434492198500877e+01,-1.503569878988216535e-01
6.877517500000000000e+09,-1.915145451578445090e+01,-1.496559854278673996e-01
6.881891875000000000e+09,-1.920909176712968858e+01,-1.489703054753088174e-01
6.886266250000000000e+09,-1.926726729842073738e+01,-1.483001326634627859e-01
6.890640625000000000e+09,-1.932599191896954594e+01,-1.476456032511994365e-01
6.895015000000000000e+09,-1.938527663185557515e+01,-1.470068042471864012e-01
6.899389375000000000e+09,-1.944513264126246810e+01,-1.463837727345366213e-01
6.903763750000000000e+09,-1.950557136030885985e+01,-1.457764954097183485e-01
6.908138125000000000e+09,-1.956660441938111461e+01,-1.451849083418610131e-01
6.912512500000000000e+09,-1.962824367499899125e+01,-1.446088969506193478e-01
6.916886875000000000e+09,-1.969050121922127516e+01,-1.440482962090131602e-01
6.921261250000000000e+09,-1.975338938961436952e+01,-1.435028910662444479e-01
6.925635625000000000e+09,-1.981692077979597499e+01,-1.429724170952080264e-01
6.930010000000000000e+09,-1.988110825058092601e+01,-1.424565613585796475e-01
6.934384375000000000e+09,-1.994596494173981327e+01,-1.419549634947168126e-01
6.938758750000000000e+09,-2.001150428438868545e+01,-1.414672170168840004e-01
6.943133125000000000e+09,-2.007774001404370878e+01,-1.409928708232911776e-01
6.947507500000000000e+09,-2.014468618433729574e+01,-1.405314309122048244e-01
6.951881875000000000e+09,-2.021235718144275850e+01,-1.400823622945120139e-01
6.956256250000000000e+09,-2.028076773921112164e+01,-1.396450910986443139e-01
6.960630625000000000e+09,-2.034993295505574906e+01,-1.392190068578441353e-01
6.965005000000000000e+09,-2.041986830660055929e+01,-1.388034649719927238e-01
6.969379375000000000e+09,-2.049058966912808089e+01,-1.383977893340075926e-01
6.973753750000000000e+09,-2.056211333384932516e+01,-1.380012751096073575e-01
6.978128125000000000e+09,-2.063445602702907777e+01,-1.376131916603676730e-01
6.982502500000000000e+09,-2.070763492999460809e+01,-1.372327855972117483e-01
6.986876875000000000e+09,-2.078166770007730335e+01,-1.368592839522626003e-01
6.991251250000000000e+09,-2.085657249250304801e+01,-1.364918974556925402e-01
6.995625625000000000e+09,-2.093236798329251513e+01,-1.361298239041519864e-01
7.000000000000000000e+09,-2.100907339320975353e+01,-1.357722516060705931e-01
