% time-domain voltage integration by openEMS v0.37.0-rc1-2-g7b051bb @Thu Jul 16 20:11:27 2026
% start-coordinates: (0.00275746,0.00537513,-0.000762) m -> [74,113,14]
% stop-coordinates: (0.00315333,0.00537513,-0.000762) m -> [80,113,14]
% t/s	voltage
0	0
1.05888632306e-12	0
2.11777264612e-12	0
3.17665896918e-12	0
4.23554529224e-12	0
5.2944316153e-12	0
6.35331793836e-12	0
7.41220426142e-12	0
8.47109058448e-12	0
9.52997690754e-12	0
1.05888632306e-11	0
1.16477495537e-11	0
1.27066358767e-11	-2.98875393655e-36
1.37655221998e-11	-9.67651273278e-32
1.48244085228e-11	-6.22660612494e-28
1.58832948459e-11	-8.63417459006e-25
1.6942181169e-11	-3.74919568463e-22
1.8001067492e-11	-6.36367784384e-20
1.90599538151e-11	-4.87533521857e-18
2.01188401381e-11	-1.86149449659e-16
2.11777264612e-11	-3.81017622526e-15
2.22366127843e-11	-4.43395210345e-14
2.32954991073e-11	-3.09620987974e-13
2.43543854304e-11	-1.37441230272e-12
2.54132717534e-11	-4.16202630086e-12
2.64721580765e-11	-9.40728918375e-12
2.75310443996e-11	-1.74080088452e-11
2.85899307226e-11	-2.70399388644e-11
2.96488170457e-11	-2.97222825778e-11
3.07077033687e-11	1.87446434242e-12
3.17665896918e-11	1.25696342224e-10
3.28254760149e-11	4.46279780492e-10
3.38843623379e-11	1.13205285424e-09
3.4943248661e-11	2.42179121202e-09
3.6002134984e-11	4.62896251885e-09
3.70610213071e-11	8.05119398928e-09
3.81199076301e-11	1.28004508104e-08
3.91787939532e-11	1.86298237947e-08
4.02376802763e-11	2.4527320841e-08
4.12965665993e-11	2.83806995682e-08
4.23554529224e-11	2.65062733984e-08
4.34143392454e-11	1.35440962334e-08
4.44732255685e-11	-1.71271281602e-08
4.55321118916e-11	-7.28140232553e-08
4.65909982146e-11	-1.59602915772e-07
4.76498845377e-11	-2.79829203365e-07
4.87087708607e-11	-4.291876472e-07
4.97676571838e-11	-5.93896459122e-07
5.08265435069e-11	-7.48951080709e-07
5.18854298299e-11	-8.5843050357e-07
5.2944316153e-11	-8.792047268e-07
5.4003202476e-11	-7.6798086468e-07
5.50620887991e-11	-4.91785520751e-07
5.61209751222e-11	-3.9145103603e-08
5.71798614452e-11	5.69140944151e-07
5.82387477683e-11	1.27512920756e-06
5.92976340913e-11	1.98597543033e-06
6.03565204144e-11	2.58595029834e-06
6.14154067375e-11	2.95754503554e-06
6.24742930605e-11	3.00725531588e-06
6.35331793836e-11	2.69083891169e-06
6.45920657066e-11	2.03017795286e-06
6.56509520297e-11	1.11603193886e-06
6.67098383528e-11	9.432274517e-08
6.77687246758e-11	-8.63318987854e-07
6.88276109989e-11	-1.59671959921e-06
6.98864973219e-11	-1.99313397786e-06
7.0945383645e-11	-2.01187162929e-06
7.20042699681e-11	-1.69111724801e-06
7.30631562911e-11	-1.13419257275e-06
7.41220426142e-11	-4.81506376104e-07
7.51809289372e-11	1.24930940704e-07
7.62398152603e-11	5.72691938316e-07
7.72987015834e-11	7.98913852407e-07
7.83575879064e-11	7.94927213832e-07
7.94164742295e-11	5.97464190122e-07
8.04753605525e-11	2.71932709239e-07
8.15342468756e-11	-1.05935352934e-07
8.25931331987e-11	-4.6517101282e-07
8.36520195217e-11	-7.48117916061e-07
8.47109058448e-11	-9.14729575641e-07
8.57697921678e-11	-9.43601655479e-07
8.68286784909e-11	-8.32031268772e-07
8.7887564814e-11	-5.96534661668e-07
8.8946451137e-11	-2.71343072455e-07
9.00053374601e-11	9.49626031144e-08
9.10642237831e-11	4.47017903582e-07
9.21231101062e-11	7.32376616241e-07
9.31819964293e-11	9.11931117287e-07
9.42408827523e-11	9.6708101438e-07
9.52997690754e-11	9.0214701487e-07
9.63586553984e-11	7.40376474795e-07
9.74175417215e-11	5.16096680059e-07
9.84764280446e-11	2.6527520447e-07
9.95353143676e-11	1.83172170765e-08
1.00594200691e-10	-2.03620150074e-07
1.01653087014e-10	-3.87777875588e-07
1.02711973337e-10	-5.26290506286e-07
1.0377085966e-10	-6.12837386171e-07
1.04829745983e-10	-6.41222044351e-07
1.05888632306e-10	-6.06464425346e-07
1.06947518629e-10	-5.08375929797e-07
1.08006404952e-10	-3.54680119941e-07
1.09065291275e-10	-1.62461290643e-07
1.10124177598e-10	4.40542780034e-08
1.11183063921e-10	2.38256655294e-07
1.12241950244e-10	3.97073588232e-07
1.13300836567e-10	5.05118720184e-07
1.1435972289e-10	5.56600475932e-07
1.15418609214e-10	5.52823106403e-07
1.16477495537e-10	4.9862603646e-07
1.1753638186e-10	3.98823779335e-07
1.18595268183e-10	2.56728869275e-07
1.19654154506e-10	7.61620642109e-08
1.20713040829e-10	-1.34526095152e-07
1.21771927152e-10	-3.58125650024e-07
1.22830813475e-10	-5.66880064667e-07
1.23889699798e-10	-7.24950666608e-07
1.24948586121e-10	-7.95081056992e-07
1.26007472444e-10	-7.48297978248e-07
1.27066358767e-10	-5.73769113998e-07
1.2812524509e-10	-2.85255516985e-07
1.29184131413e-10	7.80336177897e-08
1.30243017736e-10	4.56845963726e-07
1.31301904059e-10	7.83475478272e-07
1.32360790382e-10	9.96260759223e-07
1.33419676706e-10	1.05373529635e-06
1.34478563029e-10	9.44240206024e-07
1.35537449352e-10	6.88415209282e-07
1.36596335675e-10	3.33828756638e-07
1.37655221998e-10	-5.74683456378e-08
1.38714108321e-10	-4.23572757313e-07
1.39772994644e-10	-7.16123096822e-07
1.40831880967e-10	-9.08293017687e-07
1.4189076729e-10	-9.94967336965e-07
1.42949653613e-10	-9.8651747038e-07
1.44008539936e-10	-8.99817372613e-07
1.45067426259e-10	-7.49209412731e-07
1.46126312582e-10	-5.43443789525e-07
1.47185198905e-10	-2.87096547424e-07
1.48244085228e-10	1.30330835013e-08
1.49302971551e-10	3.4148926531e-07
1.50361857874e-10	6.7049759167e-07
1.51420744198e-10	9.62729018283e-07
1.52479630521e-10	1.17867642757e-06
1.53538516844e-10	1.28768244423e-06
1.54597403167e-10	1.27703554398e-06
1.5565628949e-10	1.15618929186e-06
1.56715175813e-10	9.53672788739e-07
1.57774062136e-10	7.08428629537e-07
1.58832948459e-10	4.57551912803e-07
1.59891834782e-10	2.26332912412e-07
1.60950721105e-10	2.32971406611e-08
1.62009607428e-10	-1.57708127446e-07
1.63068493751e-10	-3.29397497723e-07
1.64127380074e-10	-5.00514300228e-07
1.65186266397e-10	-6.67534077792e-07
1.6624515272e-10	-8.12185341204e-07
1.67304039043e-10	-9.05772694182e-07
1.68362925366e-10	-9.1963037363e-07
1.6942181169e-10	-8.36797497072e-07
1.70480698013e-10	-6.61195045382e-07
1.71539584336e-10	-4.20078471564e-07
1.72598470659e-10	-1.58749726253e-07
1.73657356982e-10	7.08886804812e-08
1.74716243305e-10	2.23695443502e-07
1.75775129628e-10	2.73130277506e-07
1.76834015951e-10	2.16905937656e-07
1.77892902274e-10	7.63396768022e-08
1.78951788597e-10	-1.10522583086e-07
1.8001067492e-10	-2.98193191028e-07
1.81069561243e-10	-4.4394564469e-07
1.82128447566e-10	-5.14682291453e-07
1.83187333889e-10	-4.91473482356e-07
1.84246220212e-10	-3.70490267798e-07
1.85305106535e-10	-1.6258555835e-07
1.86363992859e-10	1.08449389913e-07
1.87422879182e-10	4.0790542144e-07
1.88481765505e-10	6.93636575733e-07
1.89540651828e-10	9.20512221114e-07
1.90599538151e-10	1.04712869842e-06
1.91658424474e-10	1.04347775221e-06
1.92717310797e-10	8.98235249736e-07
1.9377619712e-10	6.23433855651e-07
1.94835083443e-10	2.5513220514e-07
1.95893969766e-10	-1.51734787401e-07
1.96952856089e-10	-5.32794764752e-07
1.98011742412e-10	-8.26796163977e-07
1.99070628735e-10	-9.87810381048e-07
2.00129515058e-10	-9.94353150929e-07
2.01188401381e-10	-8.52933698781e-07
2.02247287704e-10	-5.95635217593e-07
2.03306174027e-10	-2.72087346431e-07
2.04365060351e-10	6.12174806403e-08
2.05423946674e-10	3.51968786561e-07
2.06482832997e-10	5.60701948871e-07
2.0754171932e-10	6.6569541346e-07
2.08600605643e-10	6.63694748937e-07
2.09659491966e-10	5.6757139788e-07
2.10718378289e-10	4.02027804824e-07
2.11777264612e-10	1.98664809048e-07
2.12836150935e-10	-8.81493034122e-09
2.13895037258e-10	-1.88936926548e-07
2.14953923581e-10	-3.16576143078e-07
2.16012809904e-10	-3.76260352652e-07
2.17071696227e-10	-3.64538015774e-07
2.1813058255e-10	-2.90559784233e-07
2.19189468873e-10	-1.74011786314e-07
2.20248355196e-10	-4.09953839764e-08
2.21307241519e-10	8.19760508364e-08
2.22366127843e-10	1.73741567799e-07
2.23425014166e-10	2.2300685032e-07
2.24483900489e-10	2.29263566354e-07
2.25542786812e-10	2.01139970457e-07
2.26601673135e-10	1.51857559416e-07
2.27660559458e-10	9.42396476411e-08
2.28719445781e-10	3.68182080379e-08
2.29778332104e-10	-1.74378975704e-08
2.30837218427e-10	-6.98578195291e-08
2.3189610475e-10	-1.22362555643e-07
2.32954991073e-10	-1.74053439217e-07
2.34013877396e-10	-2.18630203719e-07
2.35072763719e-10	-2.4484685035e-07
2.36131650042e-10	-2.39431377835e-07
2.37190536365e-10	-1.91953251516e-07
2.38249422688e-10	-9.94295539236e-08
2.39308309011e-10	3.04612925994e-08
2.40367195335e-10	1.79656032273e-07
2.41426081658e-10	3.22884780246e-07
2.42484967981e-10	4.33524125043e-07
2.43543854304e-10	4.90118722496e-07
2.44602740627e-10	4.81859981249e-07
2.4566162695e-10	4.11372804265e-07
2.46720513273e-10	2.94355826824e-07
2.47779399596e-10	1.55778468347e-07
2.48838285919e-10	2.41409270352e-08
2.49897172242e-10	-7.51094528795e-08
2.50956058565e-10	-1.25062313394e-07
2.52014944888e-10	-1.20779146684e-07
2.53073831211e-10	-6.95469868361e-08
2.54132717534e-10	1.16519398019e-08
2.55191603857e-10	1.00933959413e-07
2.5625049018e-10	1.76960798015e-07
2.57309376504e-10	2.23701954738e-07
2.58368262827e-10	2.3309986652e-07
2.5942714915e-10	2.05166863054e-07
2.60486035473e-10	1.45851172917e-07
2.61544921796e-10	6.39863659835e-08
2.62603808119e-10	-3.164676321e-08
2.63662694442e-10	-1.33658642376e-07
2.64721580765e-10	-2.35728167652e-07
2.65780467088e-10	-3.3131462196e-07
2.66839353411e-10	-4.12188029486e-07
2.67898239734e-10	-4.68497344031e-07
2.68957126057e-10	-4.90417914278e-07
2.7001601238e-10	-4.71224296916e-07
2.71074898703e-10	-4.1038637022e-07
2.72133785026e-10	-3.15306195375e-07
2.73192671349e-10	-2.00405052553e-07
2.74251557672e-10	-8.39165279487e-08
2.75310443996e-10	1.70171260416e-08
2.76369330319e-10	9.07429633656e-08
2.77428216642e-10	1.33820391213e-07
2.78487102965e-10	1.5059781866e-07
2.79545989288e-10	1.50673820087e-07
2.80604875611e-10	1.44496392629e-07
2.81663761934e-10	1.3996729642e-07
2.82722648257e-10	1.40223106904e-07
2.8378153458e-10	1.4410200766e-07
2.84840420903e-10	1.48114008169e-07
2.85899307226e-10	1.49279788531e-07
2.86958193549e-10	1.46960664971e-07
2.88017079872e-10	1.4346667232e-07
2.89075966195e-10	1.42682531568e-07
2.90134852518e-10	1.47957183394e-07
2.91193738841e-10	1.59826281987e-07
2.92252625164e-10	1.7501487104e-07
2.93311511488e-10	1.86862612495e-07
2.94370397811e-10	1.87385684747e-07
2.95429284134e-10	1.69893072055e-07
2.96488170457e-10	1.31580374152e-07
2.9754705678e-10	7.47618233987e-08
2.98605943103e-10	6.6862967385e-09
2.99664829426e-10	-6.23271225741e-08
3.00723715749e-10	-1.2153034934e-07
3.01782602072e-10	-1.6261937219e-07
3.02841488395e-10	-1.81650017694e-07
3.03900374718e-10	-1.79791724619e-07
3.04959261041e-10	-1.62452664654e-07
3.06018147364e-10	-1.37454462035e-07
3.07077033687e-10	-1.12628094406e-07
3.0813592001e-10	-9.38198438938e-08
3.09194806333e-10	-8.36559168604e-08
3.10253692656e-10	-8.1627442583e-08
3.1131257898e-10	-8.50626000748e-08
3.12371465303e-10	-9.06840735837e-08
3.13430351626e-10	-9.61237880404e-08
3.14489237949e-10	-1.00726801122e-07
3.15548124272e-10	-1.0556964547e-07
3.16607010595e-10	-1.12638284477e-07
3.17665896918e-10	-1.23639520844e-07
3.18724783241e-10	-1.38948187178e-07
3.19783669564e-10	-1.57065259465e-07
3.20842555887e-10	-1.74734545055e-07
3.2190144221e-10	-1.87789780171e-07
3.22960328533e-10	-1.92181802916e-07
3.24019214856e-10	-1.85114842566e-07
3.25078101179e-10	-1.65708983424e-07
3.26136987502e-10	-1.35390866518e-07
3.27195873825e-10	-9.749381924e-08
3.28254760149e-10	-5.68406162138e-08
3.29313646472e-10	-1.86955488868e-08
3.30372532795e-10	1.19788775566e-08
3.31431419118e-10	3.14813899394e-08
3.32490305441e-10	3.78262010603e-08
3.33549191764e-10	3.11867578429e-08
3.34608078087e-10	1.35527705725e-08
3.3566696441e-10	-1.14479329488e-08
3.36725850733e-10	-3.95204162729e-08
3.37784737056e-10	-6.62368320192e-08
3.38843623379e-10	-8.79389134845e-08
3.39902509702e-10	-1.02037002847e-07
3.40961396025e-10	-1.07387153392e-07
3.42020282348e-10	-1.04067249929e-07
3.43079168671e-10	-9.33881230125e-08
3.44138054994e-10	-7.74042230312e-08
3.45196941317e-10	-5.88152007097e-08
3.46255827641e-10	-4.04973472534e-08
3.47314713964e-10	-2.52335478068e-08
3.48373600287e-10	-1.51207946997e-08
3.4943248661e-10	-1.12493226401e-08
3.50491372933e-10	-1.32285484788e-08
3.51550259256e-10	-1.93078579791e-08
3.52609145579e-10	-2.67140123356e-08
3.53668031902e-10	-3.24788800299e-08
3.54726918225e-10	-3.43664838809e-08
3.55785804548e-10	-3.15765544823e-08
3.56844690871e-10	-2.49587237544e-08
3.57903577194e-10	-1.66149299874e-08
3.58962463517e-10	-8.95702413628e-09
3.6002134984e-10	-3.65784945389e-09
3.61080236163e-10	-9.11476158438e-10
3.62139122486e-10	7.59930951499e-10
3.63198008809e-10	3.89883761387e-09
3.64256895133e-10	1.11018542137e-08
3.65315781456e-10	2.3764238466e-08
3.66374667779e-10	4.13501854979e-08
3.67433554102e-10	6.11226953495e-08
3.68492440425e-10	7.89332572637e-08
3.69551326748e-10	9.02642036671e-08
3.70610213071e-10	9.17703522063e-08
3.71669099394e-10	8.22331567285e-08
3.72727985717e-10	6.30703720361e-08
3.7378687204e-10	3.78435554005e-08
3.74845758363e-10	1.13110800726e-08
3.75904644686e-10	-1.20217614752e-08
3.76963531009e-10	-2.89544805909e-08
3.78022417332e-10	-3.83327896092e-08
3.79081303655e-10	-4.08958684694e-08
3.80140189978e-10	-3.87403864544e-08
3.81199076301e-10	-3.42994619373e-08
3.82257962625e-10	-2.96795668042e-08
3.83316848948e-10	-2.5987944352e-08
3.84375735271e-10	-2.35281397698e-08
3.85434621594e-10	-2.19268770918e-08
3.86493507917e-10	-2.07252528472e-08
3.8755239424e-10	-1.96064389169e-08
3.88611280563e-10	-1.86476099007e-08
3.89670166886e-10	-1.80573827002e-08
3.90729053209e-10	-1.81310750857e-08
3.91787939532e-10	-1.88682256486e-08
3.92846825855e-10	-2.00518592841e-08
3.93905712178e-10	-2.12118770326e-08
3.94964598501e-10	-2.18459743628e-08
3.96023484824e-10	-2.15097298861e-08
3.97082371147e-10	-1.99858619099e-08
3.9814125747e-10	-1.71737346566e-08
3.99200143794e-10	-1.31761480615e-08
4.00259030117e-10	-8.15688078193e-09
4.0131791644e-10	-2.40693687203e-09
4.02376802763e-10	3.69404928868e-09
4.03435689086e-10	9.65488285848e-09
4.04494575409e-10	1.4988621122e-08
4.05553461732e-10	1.923075299e-08
4.06612348055e-10	2.21385926258e-08
4.07671234378e-10	2.36826214195e-08
4.08730120701e-10	2.40103330551e-08
4.09789007024e-10	2.34212151895e-08
4.10847893347e-10	2.21825364743e-08
4.1190677967e-10	2.05473142945e-08
4.12965665993e-10	1.87309949773e-08
4.14024552316e-10	1.70009427647e-08
4.15083438639e-10	1.56863041445e-08
4.16142324962e-10	1.52149080557e-08
4.17201211286e-10	1.58654495652e-08
4.18260097609e-10	1.77216193942e-08
4.19318983932e-10	2.03986675329e-08
4.20377870255e-10	2.31056984656e-08
4.21436756578e-10	2.47586224855e-08
4.22495642901e-10	2.44068560917e-08
4.23554529224e-10	2.14994391179e-08
4.24613415547e-10	1.64216847898e-08
4.2567230187e-10	1.03494717241e-08
4.26731188193e-10	5.20613546023e-09
4.27790074516e-10	2.95541970063e-09
4.28848960839e-10	5.0029946852e-09
4.29907847162e-10	1.14606882873e-08
4.30966733485e-10	2.10399790923e-08
4.32025619808e-10	3.10888448318e-08
4.33084506131e-10	3.852318331e-08
4.34143392454e-10	4.06702382882e-08
4.35202278778e-10	3.63018213267e-08
4.36261165101e-10	2.60935442142e-08
4.37320051424e-10	1.25778918392e-08
4.38378937747e-10	-6.76880204664e-10
4.3943782407e-10	-1.00100070455e-08
4.40496710393e-10	-1.29426181994e-08
4.41555596716e-10	-8.74780436977e-09
4.42614483039e-10	1.30645064211e-09
4.43673369362e-10	1.44608234276e-08
4.44732255685e-10	2.72678688518e-08
4.45791142008e-10	3.66175154642e-08
4.46850028331e-10	4.03757485223e-08
4.47908914654e-10	3.79047746524e-08
4.48967800977e-10	2.99456077713e-08
4.500266873e-10	1.831436236e-08
4.51085573623e-10	5.40988341624e-09
4.52144459946e-10	-6.37388680724e-09
4.5320334627e-10	-1.50721602976e-08
4.54262232593e-10	-1.94113662921e-08
4.55321118916e-10	-1.90279555445e-08
4.56380005239e-10	-1.43923108431e-08
4.57438891562e-10	-6.68611805504e-09
4.58497777885e-10	2.35602673482e-09
4.59556664208e-10	1.08517638209e-08
4.60615550531e-10	1.70422984613e-08
4.61674436854e-10	1.96537877084e-08
4.62733323177e-10	1.81995852833e-08
4.637922095e-10	1.31022686589e-08
4.64851095823e-10	5.59127819738e-09
4.65909982146e-10	-2.41103387255e-09
4.66968868469e-10	-8.89638446244e-09
4.68027754792e-10	-1.21056142333e-08
4.69086641115e-10	-1.10662854991e-08
4.70145527439e-10	-5.83001236176e-09
4.71204413762e-10	2.49073395242e-09
4.72263300085e-10	1.2072262856e-08
4.73322186408e-10	2.07126276131e-08
4.74381072731e-10	2.65919934961e-08
4.75439959054e-10	2.85609025319e-08
4.76498845377e-10	2.65509534358e-08
4.775577317e-10	2.1460212607e-08
4.78616618023e-10	1.49230875435e-08
4.79675504346e-10	8.73405975321e-09
4.80734390669e-10	4.5051484765e-09
4.81793276992e-10	3.08562142504e-09
4.82852163315e-10	4.60151328152e-09
4.83911049638e-10	8.41258485096e-09
4.84969935961e-10	1.34766030557e-08
4.86028822284e-10	1.86460702434e-08
4.87087708607e-10	2.30602617002e-08
4.88146594931e-10	2.61546648783e-08
4.89205481254e-10	2.78504967977e-08
4.90264367577e-10	2.82413071817e-08
4.913232539e-10	2.75282001638e-08
4.92382140223e-10	2.58559600397e-08
4.93441026546e-10	2.32683088353e-08
4.94499912869e-10	1.9777454896e-08
4.95558799192e-10	1.55430747162e-08
4.96617685515e-10	1.08835603863e-08
4.97676571838e-10	6.41787201161e-09
4.98735458161e-10	2.92126696444e-09
4.99794344484e-10	1.14407968516e-09
5.00853230807e-10	1.65183039469e-09
5.0191211713e-10	4.58308024864e-09
5.02971003453e-10	9.55816220616e-09
5.04029889776e-10	1.5741127124e-08
5.05088776099e-10	2.19355913433e-08
5.06147662423e-10	2.68020576843e-08
5.07206548746e-10	2.92065276408e-08
5.08265435069e-10	2.83749503893e-08
5.09324321392e-10	2.42012181406e-08
5.10383207715e-10	1.73363527978e-08
5.11442094038e-10	9.12652653451e-09
5.12500980361e-10	1.43103548456e-09
5.13559866684e-10	-3.74333122832e-09
5.14618753007e-10	-4.85626791558e-09
5.1567763933e-10	-1.14560536058e-09
5.16736525653e-10	6.87626064422e-09
5.17795411976e-10	1.75459574647e-08
5.18854298299e-10	2.83293184467e-08
5.19913184622e-10	3.6517261659e-08
5.20972070945e-10	3.99222670477e-08
5.22030957268e-10	3.76586175577e-08
5.23089843591e-10	3.02929599183e-08
5.24148729915e-10	1.98735181645e-08
5.25207616238e-10	9.27205612289e-09
5.26266502561e-10	1.42427084016e-09
5.27325388884e-10	-1.52055151283e-09
5.28384275207e-10	1.28466855903e-09
5.2944316153e-10	9.04855984585e-09
5.30502047853e-10	1.97764370435e-08
5.31560934176e-10	3.06685230544e-08
5.32619820499e-10	3.90207959278e-08
5.33678706822e-10	4.28527302532e-08
5.34737593145e-10	4.14443626084e-08
5.35796479468e-10	3.54100198052e-08
5.36855365791e-10	2.66054869247e-08
5.37914252114e-10	1.7461720736e-08
5.38973138437e-10	1.0494844549e-08
5.4003202476e-10	7.55733919888e-09
5.41090911084e-10	9.41098715623e-09
5.42149797407e-10	1.55451481132e-08
5.4320868373e-10	2.43260013244e-08
5.44267570053e-10	3.33754539561e-08
5.45326456376e-10	4.02983082459e-08
5.46385342699e-10	4.32298594699e-08
5.47444229022e-10	4.14089933454e-08
5.48503115345e-10	3.54261813218e-08
5.49562001668e-10	2.70244757683e-08
5.50620887991e-10	1.86891773168e-08
5.51679774314e-10	1.29441516394e-08
5.52738660637e-10	1.15886376051e-08
5.5379754696e-10	1.51861385689e-08
5.54856433283e-10	2.28773440192e-08
5.55915319606e-10	3.25049300809e-08
5.56974205929e-10	4.13417104994e-08
5.58033092252e-10	4.67471139576e-08
5.59091978576e-10	4.7034891093e-08
5.60150864899e-10	4.19593297885e-08
5.61209751222e-10	3.28456353227e-08
5.62268637545e-10	2.21895273267e-08
5.63327523868e-10	1.30635600115e-08
5.64386410191e-10	8.09162536974e-09
5.65445296514e-10	8.81438033673e-09
5.66504182837e-10	1.51542317584e-08
5.6756306916e-10	2.54273125888e-08
5.68621955483e-10	3.68034611675e-08
5.69680841806e-10	4.6121352959e-08
5.70739728129e-10	5.06598720751e-08
5.71798614452e-10	4.90417551013e-08
5.72857500775e-10	4.14663887671e-08
5.73916387098e-10	2.97696296503e-08
5.74975273421e-10	1.68933105282e-08
5.76034159744e-10	6.13878992084e-09
5.77093046068e-10	2.44825659745e-10
5.78151932391e-10	7.80296244285e-10
5.79210818714e-10	7.57877074986e-09
5.80269705037e-10	1.89190070277e-08
5.8132859136e-10	3.18765931429e-08
5.82387477683e-10	4.31074984597e-08
5.83446364006e-10	4.9723449802e-08
5.84505250329e-10	5.00585368712e-08
5.85564136652e-10	4.40227621024e-08
5.86623022975e-10	3.32485423638e-08
5.87681909298e-10	2.05116112983e-08
5.88740795621e-10	9.08843433844e-09
5.89799681944e-10	1.86511446565e-09
5.90858568267e-10	5.76606956626e-10
5.9191745459e-10	5.3734693084e-09
5.92976340913e-10	1.48684755619e-08
5.94035227236e-10	2.64394472982e-08
5.9509411356e-10	3.70550174988e-08
5.96152999883e-10	4.40249390277e-08
5.97211886206e-10	4.56850071107e-08
5.98270772529e-10	4.1846371035e-08
5.99329658852e-10	3.37427583652e-08
6.00388545175e-10	2.36403012721e-08
6.01447431498e-10	1.42598255426e-08
6.02506317821e-10	7.98700483529e-09
6.03565204144e-10	6.28282237347e-09
6.04624090467e-10	9.41346844918e-09
6.0568297679e-10	1.63186882896e-08
6.06741863113e-10	2.50603219287e-08
6.07800749436e-10	3.32919729562e-08
6.08859635759e-10	3.88889829228e-08
6.09918522082e-10	4.04859974434e-08
6.10977408405e-10	3.78372422283e-08
6.12036294729e-10	3.17224346791e-08
6.13095181052e-10	2.38641679751e-08
6.14154067375e-10	1.62886011346e-08
6.15212953698e-10	1.08813332789e-08
6.16271840021e-10	8.86497719677e-09
6.17330726344e-10	1.05220688273e-08
6.18389612667e-10	1.51153663475e-08
6.1944849899e-10	2.12402082589e-08
6.20507385313e-10	2.70699330729e-08
6.21566271636e-10	3.10195307218e-08
6.22625157959e-10	3.20533910525e-08
6.23684044282e-10	2.99818807559e-08
6.24742930605e-10	2.54625340812e-08
6.25801816928e-10	1.98112273253e-08
6.26860703251e-10	1.45223301162e-08
6.27919589574e-10	1.09795531555e-08
6.28978475897e-10	9.94783039276e-09
6.30037362221e-10	1.14690586472e-08
6.31096248544e-10	1.48823412482e-08
6.32155134867e-10	1.90175813986e-08
6.3321402119e-10	2.25589723568e-08
6.34272907513e-10	2.447325953e-08
6.35331793836e-10	2.41631534781e-08
6.36390680159e-10	2.17293263383e-08
6.37449566482e-10	1.78249149885e-08
6.38508452805e-10	1.34559415832e-08
6.39567339128e-10	9.73818659045e-09
6.40626225451e-10	7.56582613226e-09
6.41685111774e-10	7.3772755127e-09
6.42743998097e-10	9.13136716241e-09
6.4380288442e-10	1.22602843988e-08
6.44861770743e-10	1.5867479719e-08
6.45920657066e-10	1.89979716403e-08
6.46979543389e-10	2.07992082446e-08
6.48038429713e-10	2.0789040156e-08
6.49097316036e-10	1.89623499125e-08
6.50156202359e-10	1.57118037469e-08
6.51215088682e-10	1.18018830264e-08
6.52273975005e-10	8.1467343982e-09
6.53332861328e-10	5.53914025758e-09
6.54391747651e-10	4.57327198333e-09
6.55450633974e-10	5.40699508778e-09
6.56509520297e-10	7.78753597719e-09
6.5756840662e-10	1.11309783057e-08
6.58627292943e-10	1.46396020861e-08
6.59686179266e-10	1.74751654258e-08
6.60745065589e-10	1.90429308988e-08
6.61803951912e-10	1.89618755142e-08
6.62862838235e-10	1.72952043798e-08
6.63921724558e-10	1.44153101678e-08
6.64980610881e-10	1.09444423524e-08
6.66039497205e-10	7.61620178036e-09
6.67098383528e-10	5.14970702192e-09
6.68157269851e-10	4.00906942366e-09
6.69216156174e-10	4.46716812499e-09
6.70275042497e-10	6.39976144301e-09
6.7133392882e-10	9.40265382221e-09
6.72392815143e-10	1.2852688025e-08
6.73451701466e-10	1.60100390723e-08
6.74510587789e-10	1.815636963e-08
6.75569474112e-10	1.88345282703e-08
6.76628360435e-10	1.78099213155e-08
6.77687246758e-10	1.52827104305e-08
6.78746133081e-10	1.17704753722e-08
6.79805019404e-10	8.02050148518e-09
6.80863905727e-10	4.88037990576e-09
6.8192279205e-10	3.08594111376e-09
6.82981678374e-10	3.03298290823e-09
6.84040564697e-10	4.77675718424e-09
6.8509945102e-10	7.88714676903e-09
6.86158337343e-10	1.16049623244e-08
6.87217223666e-10	1.5040850454e-08
6.88276109989e-10	1.73274335991e-08
6.89334996312e-10	1.78883264867e-08
6.90393882635e-10	1.65971081323e-08
6.91452768958e-10	1.37246440879e-08
6.92511655281e-10	9.96033122647e-09
6.93570541604e-10	6.19342656327e-09
6.94629427927e-10	3.25101781606e-09
6.9568831425e-10	1.79236110849e-09
6.96747200573e-10	2.07088506066e-09
6.97806086896e-10	3.91085930307e-09
6.98864973219e-10	6.81124240343e-09
6.99923859542e-10	1.00245692858e-08
7.00982745866e-10	1.27586470278e-08
7.02041632189e-10	1.44396732349e-08
7.03100518512e-10	1.47126223426e-08
7.04159404835e-10	1.36191569133e-08
7.05218291158e-10	1.15164332515e-08
7.06277177481e-10	8.92899820748e-09
7.07336063804e-10	6.46946676786e-09
7.08394950127e-10	4.67015257022e-09
7.0945383645e-10	3.79829648289e-09
7.10512722773e-10	3.94969118522e-09
7.11571609096e-10	4.92563273502e-09
7.12630495419e-10	6.37395947134e-09
7.13689381742e-10	7.90227128178e-09
7.14748268065e-10	9.15827302883e-09
7.15807154388e-10	9.89551623976e-09
7.16866040711e-10	1.01247538131e-08
7.17924927034e-10	9.92242110698e-09
7.18983813358e-10	9.54166629041e-09
7.20042699681e-10	9.2183828071e-09
7.21101586004e-10	9.09704156449e-09
7.22160472327e-10	9.20050841069e-09
7.2321935865e-10	9.43498590367e-09
7.24278244973e-10	9.54844858736e-09
7.25337131296e-10	9.37910027421e-09
7.26396017619e-10	8.79573769375e-09
7.27454903942e-10	7.84370229878e-09
7.28513790265e-10	6.77216471789e-09
7.29572676588e-10	5.91452786747e-09
7.30631562911e-10	5.61454097103e-09
7.31690449234e-10	6.15967038486e-09
7.32749335557e-10	7.55015719389e-09
7.3380822188e-10	9.59210022522e-09
7.34867108203e-10	1.18759088119e-08
7.35925994526e-10	1.3834061785e-08
7.3698488085e-10	1.49843104591e-08
7.38043767173e-10	1.49922790849e-08
7.39102653496e-10	1.3760785178e-08
7.40161539819e-10	1.15459386496e-08
7.41220426142e-10	8.81167783184e-09
7.42279312465e-10	6.15505274526e-09
7.43338198788e-10	4.2280265955e-09
7.44397085111e-10	3.47106926535e-09
7.45455971434e-10	4.10462340505e-09
7.46514857757e-10	6.0622652176e-09
7.4757374408e-10	8.93102675148e-09
7.48632630403e-10	1.21212774262e-08
7.49691516726e-10	1.49727107379e-08
7.50750403049e-10	1.68201846895e-08
7.51809289372e-10	1.728121235e-08
7.52868175695e-10	1.62237832058e-08
7.53927062019e-10	1.3839587476e-08
7.54985948342e-10	1.06516009346e-08
7.56044834665e-10	7.33575550305e-09
7.57103720988e-10	4.57714594004e-09
7.58162607311e-10	3.00908743756e-09
7.59221493634e-10	2.91012057507e-09
7.60280379957e-10	4.28405755315e-09
7.6133926628e-10	6.8000760578e-09
7.62398152603e-10	9.84324638464e-09
7.63457038926e-10	1.27251400528e-08
7.64515925249e-10	1.48371401831e-08
7.65574811572e-10	1.57107858945e-08
7.66633697895e-10	1.5266584219e-08
7.67692584218e-10	1.36739698453e-08
7.68751470541e-10	1.13458843432e-08
7.69810356864e-10	8.84775047671e-09
7.70869243187e-10	6.68675700921e-09
7.71928129511e-10	5.21088028282e-09
7.72987015834e-10	4.63374427717e-09
7.74045902157e-10	4.86287687895e-09
7.7510478848e-10	5.71970576457e-09
7.76163674803e-10	6.9398630731e-09
7.77222561126e-10	8.22300472159e-09
7.78281447449e-10	9.37690636249e-09
7.79340333772e-10	1.02970045268e-08
7.80399220095e-10	1.09008270188e-08
7.81458106418e-10	1.12434680455e-08
7.82516992741e-10	1.13331888318e-08
7.83575879064e-10	1.11642995404e-08
7.84634765387e-10	1.07583730258e-08
7.8569365171e-10	1.00646625478e-08
7.86752538033e-10	9.06113284405e-09
7.87811424356e-10	7.81633929803e-09
7.88870310679e-10	6.40254338435e-09
7.89929197003e-10	5.02614483366e-09
7.90988083326e-10	3.97420235609e-09
7.92046969649e-10	3.48491099866e-09
7.93105855972e-10	3.82336973193e-09
7.94164742295e-10	5.08702374669e-09
7.95223628618e-10	7.1578472316e-09
7.96282514941e-10	9.75738934095e-09
7.97341401264e-10	1.2380959924e-08
7.98400287587e-10	1.44063216911e-08
7.9945917391e-10	1.53237771361e-08
8.00518060233e-10	1.47202869893e-08
8.01576946556e-10	1.25479756585e-08
8.02635832879e-10	9.14108533312e-09
8.03694719202e-10	5.1242923238e-09
8.04753605525e-10	1.36938740902e-09
8.05812491848e-10	-1.22019381057e-09
8.06871378171e-10	-2.02828934204e-09
8.07930264495e-10	-7.36858518646e-10
8.08989150818e-10	2.42890907387e-09
8.10048037141e-10	6.78023517886e-09
8.11106923464e-10	1.13645984845e-08
8.12165809787e-10	1.51121891667e-08
8.1322469611e-10	1.71145470018e-08
8.14283582433e-10	1.69323315369e-08
8.15342468756e-10	1.45390586237e-08
8.16401355079e-10	1.04771085141e-08
8.17460241402e-10	5.65987506862e-09
8.18519127725e-10	1.1083826218e-09
8.19578014048e-10	-2.20266295481e-09
8.20636900371e-10	-3.5992398506e-09
8.21695786694e-10	-2.91710469669e-09
8.22754673017e-10	-3.70782994585e-10
8.2381355934e-10	3.37225623814e-09
8.24872445664e-10	7.41266864557e-09
8.25931331987e-10	1.08788428821e-08
8.2699021831e-10	1.30220847439e-08
8.28049104633e-10	1.34215365488e-08
8.29107990956e-10	1.21135445008e-08
8.30166877279e-10	9.42050254471e-09
8.31225763602e-10	5.99791238898e-09
8.32284649925e-10	2.61691962544e-09
8.33343536248e-10	-7.64963162259e-11
8.34402422571e-10	-1.58238723513e-09
8.35461308894e-10	-1.72974989887e-09
8.36520195217e-10	-7.01730805408e-10
8.3757908154e-10	1.13553210584e-09
8.38637967863e-10	3.23931204083e-09
8.39696854186e-10	5.0647700478e-09
8.40755740509e-10	6.27647478435e-09
8.41814626832e-10	6.67906280283e-09
8.42873513156e-10	6.33839281061e-09
8.43932399479e-10	5.52537157694e-09
8.44991285802e-10	4.51898327092e-09
8.46050172125e-10	3.60745207317e-09
8.47109058448e-10	2.97784330527e-09
8.48167944771e-10	2.58506538398e-09
8.49226831094e-10	2.35320588016e-09
8.50285717417e-10	2.09917014327e-09
8.5134460374e-10	1.65919096518e-09
8.52403490063e-10	1.02970432181e-09
8.53462376386e-10	2.96187963045e-10
8.54521262709e-10	-3.63093801553e-10
8.55580149032e-10	-6.51600436802e-10
8.56639035355e-10	-4.10297368997e-10
8.57697921678e-10	4.51549176522e-10
8.58756808001e-10	1.86666893748e-09
8.59815694324e-10	3.54445270356e-09
8.60874580648e-10	5.11839545747e-09
8.61933466971e-10	6.20475959501e-09
8.62992353294e-10	6.41108272026e-09
8.64051239617e-10	5.60749507938e-09
8.6511012594e-10	3.82591142101e-09
8.66169012263e-10	1.32963169641e-09
8.67227898586e-10	-1.37285362592e-09
8.68286784909e-10	-3.72539780968e-09
8.69345671232e-10	-5.20637347123e-09
8.70404557555e-10	-5.3833604241e-09
8.71463443878e-10	-4.17910744899e-09
8.72522330201e-10	-1.76739060886e-09
8.73581216524e-10	1.39627473125e-09
8.74640102847e-10	4.59530219432e-09
8.7569898917e-10	7.12477521425e-09
8.76757875493e-10	8.38769836919e-09
8.77816761816e-10	7.99925253814e-09
8.7887564814e-10	6.02158412022e-09
8.79934534463e-10	2.83094386822e-09
8.80993420786e-10	-9.16747247559e-10
8.82052307109e-10	-4.36721855901e-09
8.83111193432e-10	-6.78996286974e-09
8.84170079755e-10	-7.6710728325e-09
8.85228966078e-10	-6.80629674843e-09
8.86287852401e-10	-4.46240830398e-09
8.87346738724e-10	-1.18677699612e-09
8.88405625047e-10	2.2946275019e-09
8.8946451137e-10	5.16386972071e-09
8.90523397693e-10	6.84804246642e-09
8.91582284016e-10	7.02794855645e-09
8.92641170339e-10	5.69487357271e-09
8.93700056662e-10	3.22809146081e-09
8.94758942985e-10	1.7908212413e-10
8.95817829309e-10	-2.83452386562e-09
8.96876715632e-10	-5.17126080846e-09
8.97935601955e-10	-6.45549730338e-09
8.98994488278e-10	-6.50621329035e-09
9.00053374601e-10	-5.37921762689e-09
9.01112260924e-10	-3.41338948773e-09
9.02171147247e-10	-1.05107647586e-09
9.0323003357e-10	1.2385218684e-09
9.04288919893e-10	2.95106333814e-09
9.05347806216e-10	3.82169837443e-09
9.06406692539e-10	3.71626299178e-09
9.07465578862e-10	2.69356578708e-09
9.08524465185e-10	1.0472821256e-09
9.09583351508e-10	-8.675935248e-10
9.10642237831e-10	-2.67980765356e-09
9.11701124154e-10	-4.0006048474e-09
9.12760010477e-10	-4.6606835058e-09
9.13818896801e-10	-4.59183102652e-09
9.14877783124e-10	-3.86263637742e-09
9.15936669447e-10	-2.72329500617e-09
9.1699555577e-10	-1.42327926528e-09
9.18054442093e-10	-2.06206274278e-10
9.19113328416e-10	6.6995448772e-10
9.20172214739e-10	1.13011799918e-09
9.21231101062e-10	1.13232062962e-09
9.22289987385e-10	7.072116677e-10
9.23348873708e-10	9.2287809339e-12
9.24407760031e-10	-8.39128412589e-10
9.25466646354e-10	-1.70136814359e-09
9.26525532677e-10	-2.39224524912e-09
9.27584419e-10	-2.84745801937e-09
9.28643305323e-10	-2.98823044087e-09
9.29702191646e-10	-2.7738741859e-09
9.30761077969e-10	-2.29805830962e-09
9.31819964293e-10	-1.62840192719e-09
9.32878850616e-10	-8.97404962841e-10
9.33937736939e-10	-2.92501699944e-10
9.34996623262e-10	1.00141417728e-10
9.36055509585e-10	1.94930278516e-10
9.37114395908e-10	-3.9341214314e-11
9.38173282231e-10	-4.81436144423e-10
9.39232168554e-10	-1.04231243081e-09
9.40291054877e-10	-1.5773466075e-09
9.413499412e-10	-1.9217500577e-09
9.42408827523e-10	-2.03825392328e-09
9.43467713846e-10	-1.9077260327e-09
9.44526600169e-10	-1.55878517732e-09
9.45585486492e-10	-1.15291209565e-09
9.46644372815e-10	-7.661421636e-10
9.47703259138e-10	-5.05790256899e-10
9.48762145461e-10	-4.58611908866e-10
9.49821031785e-10	-5.83476739147e-10
9.50879918108e-10	-8.46088532569e-10
9.51938804431e-10	-1.19152893108e-09
9.52997690754e-10	-1.47943632345e-09
9.54056577077e-10	-1.67791385647e-09
9.551154634e-10	-1.73269882817e-09
9.56174349723e-10	-1.60501384405e-09
9.57233236046e-10	-1.35989585738e-09
9.58292122369e-10	-1.04003843038e-09
9.59351008692e-10	-6.96202713535e-10
9.60409895015e-10	-4.65423867849e-10
9.61468781338e-10	-3.68718706609e-10
9.62527667661e-10	-4.58880530796e-10
9.63586553984e-10	-7.59055977795e-10
9.64645440307e-10	-1.17510449982e-09
9.6570432663e-10	-1.63524052632e-09
9.66763212953e-10	-2.04796966885e-09
9.67822099277e-10	-2.2610248257e-09
9.688809856e-10	-2.2574162678e-09
9.69939871923e-10	-2.02130322202e-09
9.70998758246e-10	-1.58262899314e-09
9.72057644569e-10	-1.09502598655e-09
9.73116530892e-10	-6.5829853374e-10
9.74175417215e-10	-3.69199174705e-10
9.75234303538e-10	-3.37468086462e-10
9.76293189861e-10	-5.18061482602e-10
9.77352076184e-10	-8.67279269234e-10
9.78410962507e-10	-1.31674150056e-09
9.7946984883e-10	-1.7156780649e-09
9.80528735153e-10	-2.01297430114e-09
9.81587621476e-10	-2.17265965635e-09
9.82646507799e-10	-2.151055771e-09
9.83705394122e-10	-2.02292074758e-09
9.84764280446e-10	-1.82394675752e-09
9.85823166769e-10	-1.57126890665e-09
9.86882053092e-10	-1.35625843889e-09
9.87940939415e-10	-1.16493469038e-09
9.88999825738e-10	-1.01218959603e-09
9.90058712061e-10	-9.46037137517e-10
9.91117598384e-10	-9.32548843702e-10
9.92176484707e-10	-9.89837383933e-10
9.9323537103e-10	-1.14518628434e-09
9.94294257353e-10	-1.33031463276e-09
9.95353143676e-10	-1.56126397921e-09
9.96412029999e-10	-1.79135126177e-09
9.97470916322e-10	-1.94480732907e-09
9.98529802645e-10	-2.02627799262e-09
9.99588688968e-10	-2.00433367126e-09
1.00064757529e-09	-1.86028786819e-09
1.00170646161e-09	-1.68262957734e-09
1.00276534794e-09	-1.47459894295e-09
1.00382423426e-09	-1.2962292073e-09
1.00488312058e-09	-1.21541016487e-09
1.00594200691e-09	-1.20349306562e-09
1.00700089323e-09	-1.26859852484e-09
1.00805977955e-09	-1.40306589264e-09
1.00911866588e-09	-1.51605717563e-09
1.0101775522e-09	-1.61954454014e-09
1.01123643852e-09	-1.68234694231e-09
1.01229532485e-09	-1.66906165278e-09
1.01335421117e-09	-1.6376835027e-09
1.01441309749e-09	-1.58896761027e-09
1.01547198381e-09	-1.53551556192e-09
1.01653087014e-09	-1.5580624152e-09
1.01758975646e-09	-1.6323953439e-09
1.01864864278e-09	-1.77748971791e-09
1.01970752911e-09	-2.00674266093e-09
1.02076641543e-09	-2.23136813193e-09
1.02182530175e-09	-2.41782392718e-09
1.02288418808e-09	-2.50748410924e-09
1.0239430744e-09	-2.3968517171e-09
1.02500196072e-09	-2.1089605895e-09
1.02606084704e-09	-1.66256292067e-09
1.02711973337e-09	-1.12106872396e-09
1.02817861969e-09	-6.71394662088e-10
1.02923750601e-09	-4.3242296896e-10
1.03029639234e-09	-5.19148446888e-10
1.03135527866e-09	-1.02144382882e-09
1.03241416498e-09	-1.84270212977e-09
1.03347305131e-09	-2.84292975272e-09
1.03453193763e-09	-3.82404483079e-09
1.03559082395e-09	-4.4881918182e-09
1.03664971028e-09	-4.6753373395e-09
1.0377085966e-09	-4.28975793776e-09
1.03876748292e-09	-3.33716840273e-09
1.03982636924e-09	-2.04225249212e-09
1.04088525557e-09	-6.7396759007e-10
1.04194414189e-09	4.71947571301e-10
1.04300302821e-09	1.05418405949e-09
1.04406191454e-09	9.37846217353e-10
1.04512080086e-09	9.31653434955e-11
1.04617968718e-09	-1.36822035646e-09
1.04723857351e-09	-3.11506644091e-09
1.04829745983e-09	-4.79275721887e-09
1.04935634615e-09	-6.05159661271e-09
1.05041523248e-09	-6.54495013741e-09
1.0514741188e-09	-6.17753731502e-09
1.05253300512e-09	-4.98748298217e-09
1.05359189144e-09	-3.17716111753e-09
1.05465077777e-09	-1.16320101468e-09
1.05570966409e-09	6.35761235324e-10
1.05676855041e-09	1.83649288832e-09
1.05782743674e-09	2.10355365071e-09
1.05888632306e-09	1.39318039744e-09
1.05994520938e-09	-1.77650755218e-10
1.06100409571e-09	-2.31425187347e-09
1.06206298203e-09	-4.51598325402e-09
1.06312186835e-09	-6.32624097552e-09
1.06418075467e-09	-7.36088207054e-09
1.065239641e-09	-7.34405319891e-09
1.06629852732e-09	-6.3246439197e-09
1.06735741364e-09	-4.51813841895e-09
1.06841629997e-09	-2.2971579916e-09
1.06947518629e-09	-1.93839171277e-10
1.07053407261e-09	1.37139392203e-09
1.07159295894e-09	2.08535506918e-09
1.07265184526e-09	1.77927325651e-09
1.07371073158e-09	5.8963228397e-10
1.07476961791e-09	-1.21722312785e-09
1.07582850423e-09	-3.27361654451e-09
1.07688739055e-09	-5.10417974553e-09
1.07794627687e-09	-6.3798821226e-09
1.0790051632e-09	-6.87704099223e-09
1.08006404952e-09	-6.49499082295e-09
1.08112293584e-09	-5.39451674997e-09
1.08218182217e-09	-3.8125322066e-09
1.08324070849e-09	-2.05665816322e-09
1.08429959481e-09	-5.24721398276e-10
1.08535848114e-09	5.3323049188e-10
1.08641736746e-09	9.35074363426e-10
1.08747625378e-09	6.01560953828e-10
1.08853514011e-09	-3.26577112575e-10
1.08959402643e-09	-1.6543678788e-09
1.09065291275e-09	-3.13108253214e-09
1.09171179907e-09	-4.41798406192e-09
1.0927706854e-09	-5.32103033857e-09
1.09382957172e-09	-5.69101021863e-09
1.09488845804e-09	-5.46556191972e-09
1.09594734437e-09	-4.77116099407e-09
1.09700623069e-09	-3.75713038459e-09
1.09806511701e-09	-2.61257976364e-09
1.09912400334e-09	-1.60285947015e-09
1.10018288966e-09	-8.52886969382e-10
1.10124177598e-09	-4.76216222706e-10
1.10230066231e-09	-5.29067808661e-10
1.10335954863e-09	-9.22021028971e-10
1.10441843495e-09	-1.57797201694e-09
1.10547732127e-09	-2.38837470634e-09
1.1065362076e-09	-3.16946542622e-09
1.10759509392e-09	-3.85046977636e-09
1.10865398024e-09	-4.33095401209e-09
1.10971286657e-09	-4.52710754995e-09
1.11077175289e-09	-4.47004919191e-09
1.11183063921e-09	-4.15131984344e-09
1.11288952554e-09	-3.6066090392e-09
1.11394841186e-09	-2.96050306492e-09
1.11500729818e-09	-2.2611232886e-09
1.1160661845e-09	-1.62344333809e-09
1.11712507083e-09	-1.1716757703e-09
1.11818395715e-09	-9.31720624264e-10
1.11924284347e-09	-9.76280924159e-10
1.1203017298e-09	-1.3117447753e-09
1.12136061612e-09	-1.85022088622e-09
1.12241950244e-09	-2.55225608703e-09
1.12347838877e-09	-3.29420069001e-09
1.12453727509e-09	-3.92731464016e-09
1.12559616141e-09	-4.38999439578e-09
1.12665504774e-09	-4.55873364058e-09
1.12771393406e-09	-4.38598324326e-09
1.12877282038e-09	-3.91586399417e-09
1.1298317067e-09	-3.16751652685e-09
1.13089059303e-09	-2.26942184489e-09
1.13194947935e-09	-1.40051450992e-09
1.13300836567e-09	-6.74079856169e-10
1.134067252e-09	-2.7666766534e-10
1.13512613832e-09	-3.0376415272e-10
1.13618502464e-09	-7.38471939848e-10
1.13724391097e-09	-1.55829688042e-09
1.13830279729e-09	-2.59298862937e-09
1.13936168361e-09	-3.61622792822e-09
1.14042056994e-09	-4.46023806777e-09
1.14147945626e-09	-4.90207588411e-09
1.14253834258e-09	-4.84486739616e-09
1.1435972289e-09	-4.32010352491e-09
1.14465611523e-09	-3.38757254192e-09
1.14571500155e-09	-2.25324642278e-09
1.14677388787e-09	-1.16490887769e-09
1.1478327742e-09	-2.92949941215e-10
1.14889166052e-09	1.50999313747e-10
1.14995054684e-09	9.48273751189e-11
1.15100943317e-09	-4.12205301142e-10
1.15206831949e-09	-1.30251594233e-09
1.15312720581e-09	-2.37130365344e-09
1.15418609214e-09	-3.38823727408e-09
1.15524497846e-09	-4.20063958617e-09
1.15630386478e-09	-4.610410137e-09
1.1573627511e-09	-4.55638551888e-09
1.15842163743e-09	-4.08128145168e-09
1.15948052375e-09	-3.24062998658e-09
1.16053941007e-09	-2.22597285049e-09
1.1615982964e-09	-1.2449181408e-09
1.16265718272e-09	-4.42229201175e-10
1.16371606904e-09	-8.92592423585e-12
1.16477495537e-09	-5.96868734992e-12
1.16583384169e-09	-3.98012178771e-10
1.16689272801e-09	-1.14231490933e-09
1.16795161433e-09	-2.05523439933e-09
1.16901050066e-09	-2.94814080093e-09
1.17006938698e-09	-3.68555749808e-09
1.1711282733e-09	-4.08867120716e-09
1.17218715963e-09	-4.10288400476e-09
1.17324604595e-09	-3.76121872536e-09
1.17430493227e-09	-3.09524926523e-09
1.1753638186e-09	-2.27330330949e-09
1.17642270492e-09	-1.45334581869e-09
1.17748159124e-09	-7.52432366413e-10
1.17854047757e-09	-3.32356805272e-10
1.17959936389e-09	-2.45468248158e-10
1.18065825021e-09	-4.72481179181e-10
1.18171713653e-09	-1.00789289414e-09
1.18277602286e-09	-1.70787983061e-09
1.18383490918e-09	-2.44187819964e-09
1.1848937955e-09	-3.10248497726e-09
1.18595268183e-09	-3.52525700298e-09
1.18701156815e-09	-3.64890082039e-09
1.18807045447e-09	-3.46840314802e-09
1.1891293408e-09	-2.97459373799e-09
1.19018822712e-09	-2.30229127429e-09
1.19124711344e-09	-1.57673508971e-09
1.19230599977e-09	-9.14045353295e-10
1.19336488609e-09	-4.84063282513e-10
1.19442377241e-09	-3.48807129014e-10
1.19548265873e-09	-5.11116919621e-10
1.19654154506e-09	-9.69594283334e-10
1.19760043138e-09	-1.57991943833e-09
1.1986593177e-09	-2.21588873639e-09
1.19971820403e-09	-2.76867317961e-09
1.20077709035e-09	-3.08522410397e-09
1.20183597667e-09	-3.1322257843e-09
1.202894863e-09	-2.9239652366e-09
1.20395374932e-09	-2.47718048851e-09
1.20501263564e-09	-1.93558041817e-09
1.20607152196e-09	-1.40488215505e-09
1.20713040829e-09	-9.69441263377e-10
1.20818929461e-09	-7.49230451985e-10
1.20924818093e-09	-7.46888106917e-10
1.21030706726e-09	-9.32864291023e-10
1.21136595358e-09	-1.28589906084e-09
1.2124248399e-09	-1.67439361681e-09
1.21348372623e-09	-2.02277558592e-09
1.21454261255e-09	-2.27888520554e-09
1.21560149887e-09	-2.35783798042e-09
1.2166603852e-09	-2.28830325522e-09
1.21771927152e-09	-2.10858337735e-09
1.21877815784e-09	-1.84131818126e-09
1.21983704416e-09	-1.59616700413e-09
1.22089593049e-09	-1.41502579792e-09
1.22195481681e-09	-1.31105254431e-09
1.22301370313e-09	-1.33102232014e-09
1.22407258946e-09	-1.41327023001e-09
1.22513147578e-09	-1.51204505167e-09
1.2261903621e-09	-1.61022280232e-09
1.22724924843e-09	-1.62984269136e-09
1.22830813475e-09	-1.57784013632e-09
1.22936702107e-09	-1.49326545573e-09
1.2304259074e-09	-1.37410954837e-09
1.23148479372e-09	-1.31106707435e-09
1.23254368004e-09	-1.33961024218e-09
1.23360256636e-09	-1.4464429654e-09
1.23466145269e-09	-1.65132509056e-09
1.23572033901e-09	-1.88174824334e-09
1.23677922533e-09	-2.04951525196e-09
1.23783811166e-09	-2.12966957958e-09
1.23889699798e-09	-2.03824707112e-09
1.2399558843e-09	-1.78315774646e-09
1.24101477063e-09	-1.43311917888e-09
1.24207365695e-09	-1.02886445197e-09
1.24313254327e-09	-6.91619234106e-10
1.2441914296e-09	-5.22781283541e-10
1.24525031592e-09	-5.38691102142e-10
1.24630920224e-09	-7.87156385212e-10
1.24736808856e-09	-1.21026327154e-09
1.24842697489e-09	-1.6947034262e-09
1.24948586121e-09	-2.16594940594e-09
1.25054474753e-09	-2.48739355502e-09
1.25160363386e-09	-2.56677371024e-09
1.25266252018e-09	-2.40879685642e-09
1.2537214065e-09	-1.99689496883e-09
1.25478029283e-09	-1.42495595878e-09
1.25583917915e-09	-8.32211591306e-10
1.25689806547e-09	-3.10315544094e-10
1.25795695179e-09	-4.45985132505e-12
1.25901583812e-09	8.50725111017e-12
1.26007472444e-09	-2.50290019613e-10
1.26113361076e-09	-7.66333035224e-10
1.26219249709e-09	-1.41409059462e-09
1.26325138341e-09	-2.03310890345e-09
1.26431026973e-09	-2.52030177283e-09
1.26536915606e-09	-2.7331066299e-09
1.26642804238e-09	-2.61784034727e-09
1.2674869287e-09	-2.22238900893e-09
1.26854581503e-09	-1.59252069865e-09
1.26960470135e-09	-8.79262399001e-10
1.27066358767e-09	-2.51205153901e-10
1.27172247399e-09	1.93851018571e-10
1.27278136032e-09	3.31800285164e-10
1.27384024664e-09	1.419667231e-10
1.27489913296e-09	-3.03579865239e-10
1.27595801929e-09	-9.39987046533e-10
1.27701690561e-09	-1.60995218546e-09
1.27807579193e-09	-2.15845182006e-09
1.27913467826e-09	-2.50877010832e-09
1.28019356458e-09	-2.55809895489e-09
1.2812524509e-09	-2.30946070601e-09
1.28231133723e-09	-1.83872449211e-09
1.28337022355e-09	-1.20907086426e-09
1.28442910987e-09	-5.65585122139e-10
1.28548799619e-09	-4.34078736497e-11
1.28654688252e-09	2.94017404173e-10
1.28760576884e-09	3.50710138014e-10
1.28866465516e-09	1.34081985532e-10
1.28972354149e-09	-2.90641170853e-10
1.29078242781e-09	-8.68856493697e-10
1.29184131413e-09	-1.46380481347e-09
1.29290020046e-09	-1.94990164293e-09
1.29395908678e-09	-2.26525040392e-09
1.2950179731e-09	-2.31374673587e-09
1.29607685943e-09	-2.10212736107e-09
1.29713574575e-09	-1.6899610808e-09
1.29819463207e-09	-1.1262596411e-09
1.29925351839e-09	-5.43597019828e-10
1.30031240472e-09	-5.49103202144e-11
1.30137129104e-09	2.81349511397e-10
1.30243017736e-09	3.73970263177e-10
1.30348906369e-09	2.29106191917e-10
1.30454795001e-09	-1.04888641175e-10
1.30560683633e-09	-5.95572785533e-10
1.30666572266e-09	-1.12470343455e-09
1.30772460898e-09	-1.59871499372e-09
1.3087834953e-09	-1.95925811686e-09
1.30984238162e-09	-2.10944757495e-09
1.31090126795e-09	-2.03783942498e-09
1.31196015427e-09	-1.7656199211e-09
1.31301904059e-09	-1.30474837878e-09
1.31407792692e-09	-7.60817273765e-10
1.31513681324e-09	-2.23901879676e-10
1.31619569956e-09	2.32852728852e-10
1.31725458589e-09	4.91347384437e-10
1.31831347221e-09	5.1911808966e-10
1.31937235853e-09	3.15358855349e-10
1.32043124486e-09	-1.18294048168e-10
1.32149013118e-09	-6.72999149465e-10
1.3225490175e-09	-1.25413751606e-09
1.32360790382e-09	-1.76868343582e-09
1.32466679015e-09	-2.08435715909e-09
1.32572567647e-09	-2.15573095486e-09
1.32678456279e-09	-1.97075966657e-09
1.32784344912e-09	-1.53012885695e-09
1.32890233544e-09	-9.44395131541e-10
1.32996122176e-09	-3.10094332157e-10
1.33102010809e-09	2.7061896864e-10
1.33207899441e-09	6.59160306199e-10
1.33313788073e-09	8.03679456318e-10
1.33419676706e-09	6.79916071361e-10
1.33525565338e-09	2.80917830664e-10
1.3363145397e-09	-2.88862562342e-10
1.33737342602e-09	-9.39878421619e-10
1.33843231235e-09	-1.56092545833e-09
1.33949119867e-09	-2.00540778428e-09
1.34055008499e-09	-2.20568315001e-09
1.34160897132e-09	-2.11823589225e-09
1.34266785764e-09	-1.72732732284e-09
1.34372674396e-09	-1.13370279137e-09
1.34478563029e-09	-4.3129596769e-10
1.34584451661e-09	2.54211310856e-10
1.34690340293e-09	7.61601462451e-10
1.34796228925e-09	1.01404794284e-09
1.34902117558e-09	9.58594606471e-10
1.3500800619e-09	5.84557426769e-10
1.35113894822e-09	-2.72152612946e-12
1.35219783455e-09	-7.03617906994e-10
1.35325672087e-09	-1.38611690875e-09
1.35431560719e-09	-1.88983588501e-09
1.35537449352e-09	-2.1440273168e-09
1.35643337984e-09	-2.09633573001e-09
1.35749226616e-09	-1.74177343382e-09
1.35855115249e-09	-1.18199338511e-09
1.35961003881e-09	-5.0774853072e-10
1.36066892513e-09	1.56318329808e-10
1.36172781145e-09	6.60218810178e-10
1.36278669778e-09	9.39712072046e-10
1.3638455841e-09	9.37177821458e-10
1.36490447042e-09	6.44993107535e-10
1.36596335675e-09	1.51479283544e-10
1.36702224307e-09	-4.63695439684e-10
1.36808112939e-09	-1.08405950883e-09
1.36914001572e-09	-1.56585043543e-09
1.37019890204e-09	-1.84878365395e-09
1.37125778836e-09	-1.8704796878e-09
1.37231667469e-09	-1.62275902438e-09
1.37337556101e-09	-1.18767573554e-09
1.37443444733e-09	-6.3309904888e-10
1.37549333365e-09	-6.89456929048e-11
1.37655221998e-09	3.76100869198e-10
1.3776111063e-09	6.52764294007e-10
1.37866999262e-09	7.03167985644e-10
1.37972887895e-09	5.23805636019e-10
1.38078776527e-09	1.86160524496e-10
1.38184665159e-09	-2.58430696981e-10
1.38290553792e-09	-7.18397091815e-10
1.38396442424e-09	-1.09083161254e-09
1.38502331056e-09	-1.34324379397e-09
1.38608219689e-09	-1.4228914158e-09
1.38714108321e-09	-1.32314460777e-09
1.38819996953e-09	-1.0956541785e-09
1.38925885585e-09	-7.64964442485e-10
1.39031774218e-09	-3.97931732704e-10
1.3913766285e-09	-7.38878081982e-11
1.39243551482e-09	1.83209278911e-10
1.39349440115e-09	3.16792936718e-10
1.39455328747e-09	3.10231903318e-10
1.39561217379e-09	1.94452757715e-10
1.39667106012e-09	-2.60650698074e-11
1.39772994644e-09	-2.98153000552e-10
1.39878883276e-09	-5.57704200529e-10
1.39984771908e-09	-7.87120948281e-10
1.40090660541e-09	-9.29902845698e-10
1.40196549173e-09	-9.70853772375e-10
1.40302437805e-09	-9.31978827445e-10
1.40408326438e-09	-8.04151696621e-10
1.4051421507e-09	-6.27644956841e-10
1.40620103702e-09	-4.43221560148e-10
1.40725992335e-09	-2.52784564114e-10
1.40831880967e-09	-1.01573388589e-10
1.40937769599e-09	-2.51028256341e-13
1.41043658232e-09	6.27960549228e-11
1.41149546864e-09	5.93173539801e-11
1.41255435496e-09	7.87050502896e-12
1.41361324128e-09	-7.879201523e-11
1.41467212761e-09	-2.14417096925e-10
1.41573101393e-09	-3.60603175792e-10
1.41678990025e-09	-5.05705040343e-10
1.41784878658e-09	-6.44812876704e-10
1.4189076729e-09	-7.29581797754e-10
1.41996655922e-09	-7.62695281931e-10
1.42102544555e-09	-7.36943034374e-10
1.42208433187e-09	-6.32033259063e-10
1.42314321819e-09	-4.83048791938e-10
1.42420210452e-09	-3.0224641713e-10
1.42526099084e-09	-1.01228091014e-10
1.42631987716e-09	6.30171956284e-11
1.42737876348e-09	1.86718768919e-10
1.42843764981e-09	2.4725428302e-10
1.42949653613e-09	2.14061305574e-10
1.43055542245e-09	1.12887217803e-10
1.43161430878e-09	-5.61790822196e-11
1.4326731951e-09	-2.79145772469e-10
1.43373208142e-09	-4.96102638137e-10
1.43479096775e-09	-6.92358583659e-10
1.43584985407e-09	-8.25892854106e-10
1.43690874039e-09	-8.5090775051e-10
1.43796762672e-09	-7.78225473647e-10
1.43902651304e-09	-5.97963931842e-10
1.44008539936e-09	-3.28914779094e-10
1.44114428568e-09	-3.88630681455e-11
1.44220317201e-09	2.43281894955e-10
1.44326205833e-09	4.56116828335e-10
1.44432094465e-09	5.43401764558e-10
1.44537983098e-09	5.09074523855e-10
1.4464387173e-09	3.40109867353e-10
1.44749760362e-09	6.33063636235e-11
1.44855648995e-09	-2.48007817408e-10
1.44961537627e-09	-5.57906530002e-10
1.45067426259e-09	-7.96143376919e-10
1.45173314891e-09	-9.03418465037e-10
1.45279203524e-09	-8.80546788262e-10
1.45385092156e-09	-7.08886380152e-10
1.45490980788e-09	-4.19437668625e-10
1.45596869421e-09	-8.31469754159e-11
1.45702758053e-09	2.60984306215e-10
1.45808646685e-09	5.34116639805e-10
1.45914535318e-09	6.75536585004e-10
1.4602042395e-09	6.81035366989e-10
1.46126312582e-09	5.2934594208e-10
1.46232201215e-09	2.56977845253e-10
1.46338089847e-09	-6.27316193783e-11
1.46443978479e-09	-3.86814173574e-10
1.46549867111e-09	-6.32638493675e-10
1.46655755744e-09	-7.43561566485e-10
1.46761644376e-09	-7.21599065223e-10
1.46867533008e-09	-5.5077553629e-10
1.46973421641e-09	-2.79698358224e-10
1.47079310273e-09	1.71843546337e-11
1.47185198905e-09	3.00827561646e-10
1.47291087538e-09	4.96496951191e-10
1.4739697617e-09	5.66208357977e-10
1.47502864802e-09	5.29178301872e-10
1.47608753435e-09	3.79768577696e-10
1.47714642067e-09	1.74275954778e-10
1.47820530699e-09	-2.40446859472e-11
1.47926419331e-09	-1.92677875391e-10
1.48032307964e-09	-2.78048747221e-10
1.48138196596e-09	-2.68815854992e-10
1.48244085228e-09	-1.99340099982e-10
1.48349973861e-09	-7.00722275343e-11
1.48455862493e-09	6.43992313903e-11
1.48561751125e-09	1.60456840523e-10
1.48667639758e-09	2.18626020065e-10
1.4877352839e-09	2.10210621479e-10
1.48879417022e-09	1.5053544522e-10
1.48985305654e-09	8.5628773603e-11
1.49091194287e-09	1.85525577106e-11
1.49197082919e-09	-3.91665985668e-12
1.49302971551e-09	3.92960056855e-11
1.49408860184e-09	1.20608007305e-10
1.49514748816e-09	2.46510347725e-10
1.49620637448e-09	3.74304737379e-10
1.49726526081e-09	4.48895746963e-10
1.49832414713e-09	4.66803689453e-10
1.49938303345e-09	3.90114045234e-10
1.50044191978e-09	2.23384609421e-10
1.5015008061e-09	2.17363869959e-11
1.50255969242e-09	-1.94758926e-10
1.50361857874e-09	-3.56900755477e-10
1.50467746507e-09	-4.03456486969e-10
1.50573635139e-09	-3.36288583785e-10
1.50679523771e-09	-1.3376005685e-10
1.50785412404e-09	1.67770423422e-10
1.50891301036e-09	4.84375957746e-10
1.50997189668e-09	7.74031734541e-10
1.51103078301e-09	9.51665822535e-10
1.51208966933e-09	9.61655581555e-10
1.51314855565e-09	8.19972839627e-10
1.51420744198e-09	5.26123859756e-10
1.5152663283e-09	1.44706253924e-10
1.51632521462e-09	-2.22469608274e-10
1.51738410094e-09	-5.24672263968e-10
1.51844298727e-09	-6.75271203537e-10
1.51950187359e-09	-6.32966921932e-10
1.52056075991e-09	-4.31172295784e-10
1.52161964624e-09	-8.25901760176e-11
1.52267853256e-09	3.31780894425e-10
1.52373741888e-09	7.07705526126e-10
1.52479630521e-09	1.00020467603e-09
1.52585519153e-09	1.12677618624e-09
1.52691407785e-09	1.06230473029e-09
1.52797296418e-09	8.48009995558e-10
1.5290318505e-09	5.012520711e-10
1.53009073682e-09	1.06958267763e-10
1.53114962314e-09	-2.3825044021e-10
1.53220850947e-09	-4.98583195563e-10
1.53326739579e-09	-5.99183966332e-10
1.53432628211e-09	-5.27251613897e-10
1.53538516844e-09	-3.29483728495e-10
1.53644405476e-09	-2.07191598947e-11
1.53750294108e-09	3.17366889713e-10
1.53856182741e-09	6.03379173014e-10
1.53962071373e-09	8.173064725e-10
1.54067960005e-09	8.96576222986e-10
1.54173848637e-09	8.41368190396e-10
1.5427973727e-09	6.97195717825e-10
1.54385625902e-09	4.67874813545e-10
1.54491514534e-09	2.21951652803e-10
1.54597403167e-09	1.48669262665e-11
1.54703291799e-09	-1.5372251215e-10
1.54809180431e-09	-2.31965698386e-10
1.54915069064e-09	-2.27288320109e-10
1.55020957696e-09	-1.74228345726e-10
1.55126846328e-09	-5.42733935051e-11
1.55232734961e-09	8.36983386245e-11
1.55338623593e-09	2.13274609778e-10
1.55444512225e-09	3.49615579542e-10
1.55550400857e-09	4.44504325708e-10
1.5565628949e-09	5.02330489704e-10
1.55762178122e-09	5.40263752138e-10
1.55868066754e-09	5.17435811212e-10
1.55973955387e-09	4.65994494728e-10
1.56079844019e-09	3.91645708919e-10
1.56185732651e-09	2.70808290723e-10
1.56291621284e-09	1.52093219963e-10
1.56397509916e-09	3.26813521991e-11
1.56503398548e-09	-8.91604481218e-11
1.56609287181e-09	-1.57182778512e-10
1.56715175813e-09	-1.90269193196e-10
1.56821064445e-09	-1.76867489404e-10
1.56926953077e-09	-8.48691880662e-11
1.5703284171e-09	3.72989026817e-11
1.57138730342e-09	1.93470042938e-10
1.57244618974e-09	3.73119576902e-10
1.57350507607e-09	5.05841778187e-10
1.57456396239e-09	6.01740681588e-10
1.57562284871e-09	6.31784142363e-10
1.57668173504e-09	5.58731626937e-10
1.57774062136e-09	4.30929739809e-10
1.57879950768e-09	2.43117231208e-10
1.57985839401e-09	1.72348021271e-11
1.58091728033e-09	-1.68189903844e-10
1.58197616665e-09	-3.17280835285e-10
1.58303505297e-09	-3.9123310841e-10
1.5840939393e-09	-3.51065843063e-10
1.58515282562e-09	-2.45900671353e-10
1.58621171194e-09	-6.68420475219e-11
1.58727059827e-09	1.59718257717e-10
1.58832948459e-09	3.5531283471e-10
1.58938837091e-09	5.26119439681e-10
1.59044725724e-09	6.27865162639e-10
1.59150614356e-09	6.21936276785e-10
1.59256502988e-09	5.54560567606e-10
1.5936239162e-09	4.06943329728e-10
1.59468280253e-09	2.02214437903e-10
1.59574168885e-09	1.13155851876e-11
1.59680057517e-09	-1.8055397108e-10
1.5978594615e-09	-3.25198323131e-10
1.59891834782e-09	-3.82630285095e-10
1.59997723414e-09	-3.91561776059e-10
1.60103612047e-09	-3.14092729256e-10
1.60209500679e-09	-1.64592379222e-10
1.60315389311e-09	9.08969514241e-13
1.60421277944e-09	2.04953644334e-10
1.60527166576e-09	3.93540797172e-10
1.60633055208e-09	5.21463022068e-10
1.6073894384e-09	6.13082619394e-10
1.60844832473e-09	6.10897908648e-10
1.60950721105e-09	5.1824335448e-10
1.61056609737e-09	3.77941858365e-10
1.6116249837e-09	1.59807986072e-10
1.61268387002e-09	-7.77802362448e-11
1.61374275634e-09	-2.84847901343e-10
1.61480164267e-09	-4.73825102418e-10
1.61586052899e-09	-5.64038643916e-10
1.61691941531e-09	-5.4678836979e-10
1.61797830164e-09	-4.46456781267e-10
1.61903718796e-09	-2.21352857051e-10
1.62009607428e-09	6.41974537766e-11
1.6211549606e-09	3.56095198467e-10
1.62221384693e-09	6.47969237294e-10
1.62327273325e-09	8.34979935888e-10
1.62433161957e-09	8.91676642245e-10
1.6253905059e-09	8.24402955624e-10
1.62644939222e-09	5.83451540553e-10
1.62750827854e-09	2.41318255309e-10
1.62856716487e-09	-1.39295049887e-10
1.62962605119e-09	-5.30257259976e-10
1.63068493751e-09	-8.01809087875e-10
1.63174382383e-09	-9.16365268389e-10
1.63280271016e-09	-8.65962392071e-10
1.63386159648e-09	-5.99440462545e-10
1.6349204828e-09	-2.02334518931e-10
1.63597936913e-09	2.53299129067e-10
1.63703825545e-09	7.21547294136e-10
1.63809714177e-09	1.05625477115e-09
1.6391560281e-09	1.21286514165e-09
1.64021491442e-09	1.17637164593e-09
1.64127380074e-09	8.94423375641e-10
1.64233268707e-09	4.63706333748e-10
1.64339157339e-09	-3.92726302867e-11
1.64445045971e-09	-5.56359819326e-10
1.64550934603e-09	-9.27644489002e-10
1.64656823236e-09	-1.10747410548e-09
1.64762711868e-09	-1.07263799232e-09
1.648686005e-09	-7.73139927079e-10
1.64974489133e-09	-3.14523053435e-10
1.65080377765e-09	2.23496488677e-10
1.65186266397e-09	7.71915566189e-10
1.6529215503e-09	1.16231099745e-09
1.65398043662e-09	1.35202834345e-09
1.65503932294e-09	1.31546437632e-09
1.65609820927e-09	1.00919029383e-09
1.65715709559e-09	5.50719331249e-10
1.65821598191e-09	1.9624068863e-11
1.65927486823e-09	-5.09826281886e-10
1.66033375456e-09	-8.71688658755e-10
1.66139264088e-09	-1.03608343432e-09
1.6624515272e-09	-9.84099253476e-10
1.66351041353e-09	-6.79809049331e-10
1.66456929985e-09	-2.48107292523e-10
1.66562818617e-09	2.43068893138e-10
1.6666870725e-09	7.26420326669e-10
1.66774595882e-09	1.04958363528e-09
1.66880484514e-09	1.20119658664e-09
1.66986373147e-09	1.16496043367e-09
1.67092261779e-09	9.07050719257e-10
1.67198150411e-09	5.48788545857e-10
1.67304039043e-09	1.38833248283e-10
1.67409927676e-09	-2.68487209895e-10
1.67515816308e-09	-5.35927330292e-10
1.6762170494e-09	-6.69421976185e-10
1.67727593573e-09	-6.51946389235e-10
1.67833482205e-09	-4.48544600767e-10
1.67939370837e-09	-1.71006808323e-10
1.6804525947e-09	1.54943651659e-10
1.68151148102e-09	4.90614070203e-10
1.68257036734e-09	7.16306947784e-10
1.68362925366e-09	8.53396457667e-10
1.68468813999e-09	8.8245470653e-10
1.68574702631e-09	7.63771129675e-10
1.68680591263e-09	5.95866994635e-10
1.68786479896e-09	3.78505352061e-10
1.68892368528e-09	1.31197806959e-10
1.6899825716e-09	-4.45462879366e-11
1.69104145793e-09	-1.86652570136e-10
1.69210034425e-09	-2.67609363488e-10
1.69315923057e-09	-2.38098574711e-10
1.6942181169e-09	-1.77872687065e-10
1.69527700322e-09	-5.50588726087e-11
1.69633588954e-09	1.29123066406e-10
1.69739477586e-09	2.87689599573e-10
1.69845366219e-09	4.67877975946e-10
1.69951254851e-09	6.2732953901e-10
1.70057143483e-09	7.03107502775e-10
1.70163032116e-09	7.52824948214e-10
1.70268920748e-09	7.15156472236e-10
1.7037480938e-09	5.80586700244e-10
1.70480698013e-09	4.25109964591e-10
1.70586586645e-09	2.0259881793e-10
1.70692475277e-09	-2.65199336016e-11
1.7079836391e-09	-1.84130738868e-10
1.70904252542e-09	-3.09037335652e-10
1.71010141174e-09	-3.18501147331e-10
1.71116029806e-09	-1.98883854698e-10
1.71221918439e-09	-2.47939776349e-11
1.71327807071e-09	2.47950370305e-10
1.71433695703e-09	5.3970776806e-10
1.71539584336e-09	7.62650612801e-10
1.71645472968e-09	9.42649028279e-10
1.717513616e-09	9.81279869861e-10
1.71857250233e-09	8.6592645554e-10
1.71963138865e-09	6.7140462981e-10
1.72069027497e-09	3.57350541519e-10
1.7217491613e-09	2.20201946954e-11
1.72280804762e-09	-2.38604892788e-10
1.72386693394e-09	-4.4095437024e-10
1.72492582026e-09	-4.77021103173e-10
1.72598470659e-09	-3.42967175493e-10
1.72704359291e-09	-1.17739883815e-10
1.72810247923e-09	2.29954895403e-10
1.72916136556e-09	5.85335200448e-10
1.73022025188e-09	8.51303229299e-10
1.7312791382e-09	1.04184205707e-09
1.73233802453e-09	1.04924600952e-09
1.73339691085e-09	8.85009426854e-10
1.73445579717e-09	6.35795249782e-10
1.73551468349e-09	2.77879578722e-10
1.73657356982e-09	-6.46609189803e-11
1.73763245614e-09	-3.01203732095e-10
1.73869134246e-09	-4.53844413439e-10
1.73975022879e-09	-4.21763842601e-10
1.74080911511e-09	-2.35867539042e-10
1.74186800143e-09	1.25438561448e-11
1.74292688776e-09	3.47597142042e-10
1.74398577408e-09	6.42023115227e-10
1.7450446604e-09	8.21722030697e-10
1.74610354673e-09	9.21419503197e-10
1.74716243305e-09	8.47807990478e-10
1.74822131937e-09	6.49160791094e-10
1.74928020569e-09	4.15000662307e-10
1.75033909202e-09	1.18427505216e-10
1.75139797834e-09	-1.18007897724e-10
1.75245686466e-09	-2.38601969779e-10
1.75351575099e-09	-2.91189749396e-10
1.75457463731e-09	-1.90738516995e-10
1.75563352363e-09	1.69328526894e-13
1.75669240996e-09	1.95863370661e-10
1.75775129628e-09	4.30861183537e-10
1.7588101826e-09	5.88431820631e-10
1.75986906893e-09	6.35827175632e-10
1.76092795525e-09	6.32986895538e-10
1.76198684157e-09	5.04320741418e-10
1.76304572789e-09	3.24150243106e-10
1.76410461422e-09	1.71039269553e-10
1.76516350054e-09	-9.33372303058e-13
1.76622238686e-09	-8.47842746531e-11
1.76728127319e-09	-7.32256516707e-11
1.76834015951e-09	-3.89967990625e-11
1.76939904583e-09	8.82479809713e-11
1.77045793216e-09	2.26169676737e-10
1.77151681848e-09	3.12293725602e-10
1.7725757048e-09	4.06452763807e-10
1.77363459112e-09	4.13576530661e-10
1.77469347745e-09	3.4941556766e-10
1.77575236377e-09	2.91605340569e-10
1.77681125009e-09	1.69938616131e-10
1.77787013642e-09	6.73848889014e-11
1.77892902274e-09	2.99374821808e-11
1.77998790906e-09	-1.43989142441e-11
1.78104679539e-09	2.07790913382e-11
1.78210568171e-09	1.04086893618e-10
1.78316456803e-09	1.57673951152e-10
1.78422345436e-09	2.54764763105e-10
1.78528234068e-09	3.12634539784e-10
1.786341227e-09	3.00281886162e-10
1.78740011332e-09	2.98436950499e-10
1.78845899965e-09	2.23805912171e-10
1.78951788597e-09	1.21694670183e-10
1.79057677229e-09	6.57422137562e-11
1.79163565862e-09	-2.15238627702e-11
1.79269454494e-09	-5.57541599694e-11
1.79375343126e-09	-2.0816524394e-11
1.79481231759e-09	-2.71215298484e-12
1.79587120391e-09	8.10943525872e-11
1.79693009023e-09	1.75583884238e-10
1.79798897656e-09	2.14573650514e-10
1.79904786288e-09	2.80112785397e-10
1.8001067492e-09	2.8833460966e-10
1.80116563552e-09	2.35370444489e-10
1.80222452185e-09	2.07237643712e-10
1.80328340817e-09	1.18603470795e-10
1.80434229449e-09	2.91316261478e-11
1.80540118082e-09	-5.25187348038e-12
1.80646006714e-09	-7.08611847585e-11
1.80751895346e-09	-8.10001310816e-11
1.80857783979e-09	-4.00463824428e-11
1.80963672611e-09	-2.91613639703e-11
1.81069561243e-09	4.39954834716e-11
1.81175449876e-09	1.17055103457e-10
1.81281338508e-09	1.43325205653e-10
1.8138722714e-09	2.12099080486e-10
1.81493115772e-09	2.28664307975e-10
1.81599004405e-09	2.02625800687e-10
1.81704893037e-09	2.05631201303e-10
1.81810781669e-09	1.3789152372e-10
1.81916670302e-09	6.62370098006e-11
1.82022558934e-09	2.91330353938e-11
1.82128447566e-09	-5.84321614532e-11
1.82234336199e-09	-9.37801672256e-11
1.82340224831e-09	-9.02013474221e-11
1.82446113463e-09	-1.11257293309e-10
1.82552002095e-09	-5.24170377242e-11
1.82657890728e-09	1.34983283503e-11
1.8276377936e-09	5.52184393045e-11
1.82869667992e-09	1.54791762741e-10
1.82975556625e-09	2.02795096688e-10
1.83081445257e-09	2.16761279065e-10
1.83187333889e-09	2.50946216931e-10
1.83293222522e-09	1.97385562756e-10
1.83399111154e-09	1.3333310931e-10
1.83504999786e-09	8.28059643423e-11
1.83610888419e-09	-3.24595988109e-11
1.83716777051e-09	-9.45542004069e-11
1.83822665683e-09	-1.25917046755e-10
1.83928554315e-09	-1.72009061508e-10
1.84034442948e-09	-1.21510544682e-10
1.8414033158e-09	-5.84549943172e-11
1.84246220212e-09	-8.98183437348e-14
1.84352108845e-09	1.25573917584e-10
1.84457997477e-09	1.95174827688e-10
1.84563886109e-09	2.36554211983e-10
1.84669774742e-09	2.87559580314e-10
1.84775663374e-09	2.37661106073e-10
1.84881552006e-09	1.78014120805e-10
1.84987440639e-09	1.19572896723e-10
1.85093329271e-09	-4.99052557092e-12
1.85199217903e-09	-6.81712594361e-11
1.85305106535e-09	-1.07319513085e-10
1.85410995168e-09	-1.55109333363e-10
1.855168838e-09	-1.03523383442e-10
1.85622772432e-09	-5.00608654465e-11
1.85728661065e-09	1.78540103708e-12
1.85834549697e-09	1.17694446203e-10
1.85940438329e-09	1.69618990728e-10
1.86046326962e-09	2.06607328468e-10
1.86152215594e-09	2.56547569646e-10
1.86258104226e-09	2.13495164256e-10
1.86363992859e-09	1.81063747329e-10
1.86469881491e-09	1.50664729824e-10
1.86575770123e-09	5.80883280929e-11
1.86681658755e-09	2.86292978257e-11
1.86787547388e-09	1.54686365713e-12
1.8689343602e-09	-4.5560031442e-11
1.86999324652e-09	-9.21508355733e-12
1.87105213285e-09	4.81617957321e-12
1.87211101917e-09	1.70942418207e-11
1.87316990549e-09	8.98110136607e-11
1.87422879182e-09	1.03221258797e-10
1.87528767814e-09	1.27730261264e-10
1.87634656446e-09	1.80862795227e-10
1.87740545078e-09	1.61930160253e-10
1.87846433711e-09	1.79272268905e-10
1.87952322343e-09	1.98725867359e-10
1.88058210975e-09	1.57904773024e-10
1.88164099608e-09	1.71600776991e-10
1.8826998824e-09	1.57347997479e-10
1.88375876872e-09	1.03636331288e-10
1.88481765505e-09	1.09226756112e-10
1.88587654137e-09	6.6659728952e-11
1.88693542769e-09	2.42014758386e-11
1.88799431402e-09	4.51113842462e-11
1.88905320034e-09	1.9595570392e-11
1.89011208666e-09	4.01341947957e-11
1.89117097298e-09	1.087308776e-10
1.89222985931e-09	1.27170134666e-10
1.89328874563e-09	2.02073812544e-10
1.89434763195e-09	2.6934010057e-10
1.89540651828e-09	2.68780282753e-10
1.8964654046e-09	3.06308303374e-10
1.89752429092e-09	2.83824028516e-10
1.89858317725e-09	2.09710502436e-10
1.89964206357e-09	1.81417594489e-10
1.90070094989e-09	9.47548411262e-11
1.90175983622e-09	2.40479183333e-11
1.90281872254e-09	2.41155888661e-11
1.90387760886e-09	-1.03731230962e-11
1.90493649518e-09	2.32863768415e-11
1.90599538151e-09	1.05282978516e-10
1.90705426783e-09	1.41233891769e-10
1.90811315415e-09	2.36876405643e-10
1.90917204048e-09	3.08553143105e-10
1.9102309268e-09	3.10474238333e-10
1.91128981312e-09	3.4719365577e-10
1.91234869945e-09	3.12269462024e-10
1.91340758577e-09	2.36243665255e-10
1.91446647209e-09	2.07888744413e-10
1.91552535841e-09	1.20406339413e-10
1.91658424474e-09	6.39498885704e-11
1.91764313106e-09	7.32610899029e-11
1.91870201738e-09	4.43670857431e-11
1.91976090371e-09	8.56765977608e-11
1.92081979003e-09	1.55926160872e-10
1.92187867635e-09	1.72884311034e-10
1.92293756268e-09	2.45290525738e-10
1.923996449e-09	2.8040984465e-10
1.92505533532e-09	2.57340284499e-10
1.92611422165e-09	2.81381066017e-10
1.92717310797e-09	2.44258908239e-10
1.92823199429e-09	1.9552850658e-10
1.92929088061e-09	2.07168371e-10
1.93034976694e-09	1.64399232942e-10
1.93140865326e-09	1.58520556924e-10
1.93246753958e-09	1.95936036493e-10
1.93352642591e-09	1.70500417604e-10
1.93458531223e-09	1.95508406339e-10
1.93564419855e-09	2.15809536908e-10
1.93670308488e-09	1.7348920911e-10
1.9377619712e-09	1.90322327343e-10
1.93882085752e-09	1.73507591975e-10
1.93987974385e-09	1.30587499581e-10
1.94093863017e-09	1.62325528019e-10
1.94199751649e-09	1.51096595305e-10
1.94305640281e-09	1.57090070986e-10
1.94411528914e-09	2.23889691509e-10
1.94517417546e-09	2.27030574895e-10
1.94623306178e-09	2.60347325295e-10
1.94729194811e-09	3.05289332009e-10
1.94835083443e-09	2.65992710496e-10
1.94940972075e-09	2.63874080572e-10
1.95046860708e-09	2.3487090918e-10
1.9515274934e-09	1.46672343541e-10
1.95258637972e-09	1.2641831245e-10
1.95364526605e-09	7.74911237608e-11
1.95470415237e-09	2.97369421838e-11
1.95576303869e-09	7.19153287268e-11
1.95682192501e-09	7.90486144424e-11
1.95788081134e-09	1.20387214086e-10
1.95893969766e-09	2.15696396508e-10
1.95999858398e-09	2.38788678067e-10
1.96105747031e-09	2.90679277523e-10
1.96211635663e-09	3.33510032091e-10
1.96317524295e-09	2.86634741983e-10
1.96423412928e-09	2.779331678e-10
1.9652930156e-09	2.31889361879e-10
1.96635190192e-09	1.37280180279e-10
1.96741078824e-09	1.14227359342e-10
1.96846967457e-09	5.58530149214e-11
1.96952856089e-09	7.46068902187e-12
1.97058744721e-09	4.06869697439e-11
1.97164633354e-09	2.99358730079e-11
1.97270521986e-09	6.01059224094e-11
1.97376410618e-09	1.37151160221e-10
1.97482299251e-09	1.48758756181e-10
1.97588187883e-09	2.08462875434e-10
1.97694076515e-09	2.62696852119e-10
1.97799965148e-09	2.45253981186e-10
1.9790585378e-09	2.77121754363e-10
1.98011742412e-09	2.61042498381e-10
1.98117631044e-09	1.95323878599e-10
1.98223519677e-09	1.836226865e-10
1.98329408309e-09	1.08042614785e-10
1.98435296941e-09	3.34300018223e-11
1.98541185574e-09	2.04415332317e-11
1.98647074206e-09	-4.40025153901e-11
1.98752962838e-09	-5.23980416348e-11
1.98858851471e-09	-6.58217078932e-12
1.98964740103e-09	-1.47833915248e-12
1.99070628735e-09	8.18762817961e-11
1.99176517368e-09	1.6952838959e-10
1.99282406e-09	2.04752763355e-10
1.99388294632e-09	2.92568734864e-10
1.99494183264e-09	3.13616637868e-10
1.99600071897e-09	2.76152056083e-10
1.99705960529e-09	2.65901255875e-10
1.99811849161e-09	1.62936070885e-10
1.99917737794e-09	5.28289433683e-11
2.00023626426e-09	-1.1822999719e-11
2.00129515058e-09	-1.27504950174e-10
2.00235403691e-09	-1.65546672724e-10
2.00341292323e-09	-1.39635642025e-10
2.00447180955e-09	-1.29460979263e-10
2.00553069588e-09	-1.57909367006e-11
2.0065895822e-09	1.04213708843e-10
2.00764846852e-09	1.8207907404e-10
2.00870735484e-09	3.06880713549e-10
2.00976624117e-09	3.42780697923e-10
2.01082512749e-09	3.13900069132e-10
2.01188401381e-09	2.92857084069e-10
2.01294290014e-09	1.6483644831e-10
2.01400178646e-09	3.7299948205e-11
2.01506067278e-09	-4.88739917677e-11
2.01611955911e-09	-1.76899991183e-10
2.01717844543e-09	-2.09210699112e-10
2.01823733175e-09	-1.81345447339e-10
2.01929621807e-09	-1.60686144945e-10
2.0203551044e-09	-3.57627512673e-11
2.02141399072e-09	7.9239901099e-11
2.02247287704e-09	1.53796019323e-10
2.02353176337e-09	2.68924015001e-10
2.02459064969e-09	2.87777468522e-10
2.02564953601e-09	2.57131338791e-10
2.02670842234e-09	2.37829428026e-10
2.02776730866e-09	1.20062106524e-10
2.02882619498e-09	2.1728449606e-11
2.02988508131e-09	-3.87510410045e-11
2.03094396763e-09	-1.40588973623e-10
2.03200285395e-09	-1.48226820575e-10
2.03306174027e-09	-1.20309723121e-10
2.0341206266e-09	-1.09576682797e-10
2.03517951292e-09	-8.18705509203e-12
2.03623839924e-09	6.22580589513e-11
2.03729728557e-09	9.83992819951e-11
2.03835617189e-09	1.77391634368e-10
2.03941505821e-09	1.6824346083e-10
2.04047394454e-09	1.41015389903e-10
2.04153283086e-09	1.40781939058e-10
2.04259171718e-09	6.14514754187e-11
2.04365060351e-09	2.40199865206e-11
2.04470948983e-09	1.59935250807e-11
2.04576837615e-09	-3.95616278452e-11
2.04682726247e-09	-1.70131549907e-11
2.0478861488e-09	3.3977830315e-12
2.04894503512e-09	-1.23813050199e-11
2.05000392144e-09	4.1151401297e-11
2.05106280777e-09	4.53941101288e-11
2.05212169409e-09	2.87728965003e-11
2.05318058041e-09	6.61189349799e-11
2.05423946674e-09	3.53226900854e-11
2.05529835306e-09	2.36927505609e-11
2.05635723938e-09	5.448028053e-11
2.0574161257e-09	2.36822752164e-11
2.05847501203e-09	4.85599420917e-11
2.05953389835e-09	8.62356444933e-11
2.06059278467e-09	6.80129737252e-11
2.061651671e-09	1.10987758047e-10
2.06271055732e-09	1.20016834144e-10
2.06376944364e-09	8.21321093818e-11
2.06482832997e-09	9.82088594476e-11
2.06588721629e-09	5.23473217898e-11
2.06694610261e-09	-1.11895800785e-12
2.06800498894e-09	3.07208213946e-12
2.06906387526e-09	-4.7774505272e-11
2.07012276158e-09	-5.17335393274e-11
2.0711816479e-09	-6.27542343177e-12
2.07224053423e-09	-7.89715832333e-12
2.07329942055e-09	5.79845229991e-11
2.07435830687e-09	1.25319855188e-10
2.0754171932e-09	1.36102605314e-10
2.07647607952e-09	1.98550341099e-10
2.07753496584e-09	2.0530390582e-10
2.07859385217e-09	1.63616066876e-10
2.07965273849e-09	1.64544856907e-10
2.08071162481e-09	9.3319921235e-11
2.08177051114e-09	2.46095892146e-11
2.08282939746e-09	7.79707559368e-12
2.08388828378e-09	-6.11576414511e-11
2.0849471701e-09	-6.91583025656e-11
2.08600605643e-09	-3.29209584398e-11
2.08706494275e-09	-3.39850239964e-11
2.08812382907e-09	4.24171240666e-11
2.0891827154e-09	1.14998827301e-10
2.09024160172e-09	1.43462823652e-10
2.09130048804e-09	2.26603916187e-10
2.09235937437e-09	2.4697346078e-10
2.09341826069e-09	2.27032287935e-10
2.09447714701e-09	2.39662848595e-10
2.09553603334e-09	1.68482174392e-10
2.09659491966e-09	1.01456000719e-10
2.09765380598e-09	6.94254671113e-11
2.0987126923e-09	-2.05210975166e-11
2.09977157863e-09	-4.56612664346e-11
2.10083046495e-09	-3.6813481354e-11
2.10188935127e-09	-5.61076614856e-11
2.1029482376e-09	1.28481294614e-11
2.10400712392e-09	7.71211302285e-11
2.10506601024e-09	1.16156828947e-10
2.10612489657e-09	2.16536405126e-10
2.10718378289e-09	2.52607405479e-10
2.10824266921e-09	2.62109516383e-10
2.10930155553e-09	2.95391882829e-10
2.11036044186e-09	2.37470170264e-10
2.11141932818e-09	1.85147945586e-10
2.1124782145e-09	1.48196621641e-10
2.11353710083e-09	4.69507902608e-11
2.11459598715e-09	8.86044785719e-12
2.11565487347e-09	-1.07018948824e-11
2.1167137598e-09	-5.1483936038e-11
2.11777264612e-09	-7.30721581334e-13
2.11883153244e-09	4.24736938329e-11
2.11989041877e-09	7.88355960916e-11
2.12094930509e-09	1.81000409105e-10
2.12200819141e-09	2.22173076811e-10
2.12306707773e-09	2.53464922662e-10
2.12412596406e-09	3.04896625308e-10
2.12518485038e-09	2.65878501507e-10
2.1262437367e-09	2.38622708398e-10
2.12730262303e-09	2.1177358478e-10
2.12836150935e-09	1.18278998575e-10
2.12942039567e-09	8.37036030765e-11
2.130479282e-09	4.88250880698e-11
2.13153816832e-09	-6.79064508617e-12
2.13259705464e-09	2.31481630739e-11
2.13365594097e-09	3.45947558794e-11
2.13471482729e-09	5.07135270193e-11
2.13577371361e-09	1.31980234033e-10
2.13683259993e-09	1.57114849776e-10
2.13789148626e-09	1.93861593445e-10
2.13895037258e-09	2.54307205502e-10
2.1400092589e-09	2.36658139266e-10
2.14106814523e-09	2.45175789393e-10
2.14212703155e-09	2.45976225499e-10
2.14318591787e-09	1.82607851583e-10
2.1442448042e-09	1.70709625255e-10
2.14530369052e-09	1.34912507381e-10
2.14636257684e-09	7.21717833066e-11
2.14742146317e-09	7.81711613843e-11
2.14848034949e-09	4.89820154922e-11
2.14953923581e-09	3.08218315237e-11
2.15059812213e-09	7.48074041948e-11
2.15165700846e-09	7.07216394821e-11
2.15271589478e-09	1.02578908041e-10
2.1537747811e-09	1.64663244845e-10
2.15483366743e-09	1.67743108466e-10
2.15589255375e-09	2.14626644582e-10
2.15695144007e-09	2.48264625871e-10
2.1580103264e-09	2.23753680514e-10
2.15906921272e-09	2.42944466627e-10
2.16012809904e-09	2.1483257881e-10
2.16118698536e-09	1.53450264648e-10
2.16224587169e-09	1.40047166572e-10
2.16330475801e-09	7.47090549147e-11
2.16436364433e-09	2.46398877864e-11
2.16542253066e-09	2.85381748615e-11
2.16648141698e-09	-6.92469513805e-12
2.1675403033e-09	1.36706762447e-11
2.16859918963e-09	6.9488177365e-11
2.16965807595e-09	8.61325933537e-11
2.17071696227e-09	1.6114436955e-10
2.1717758486e-09	2.19130857557e-10
2.17283473492e-09	2.27337369416e-10
2.17389362124e-09	2.72406789834e-10
2.17495250756e-09	2.54316697909e-10
2.17601139389e-09	2.02508951448e-10
2.17707028021e-09	1.8275891564e-10
2.17812916653e-09	9.96503747575e-11
2.17918805286e-09	3.61423881275e-11
2.18024693918e-09	1.53651650864e-11
2.1813058255e-09	-4.16704539798e-11
2.18236471183e-09	-3.32452422796e-11
2.18342359815e-09	4.40920412161e-12
2.18448248447e-09	1.54084862274e-11
2.1855413708e-09	9.28658911922e-11
2.18660025712e-09	1.50118079426e-10
2.18765914344e-09	1.73279030014e-10
2.18871802976e-09	2.35329084344e-10
2.18977691609e-09	2.32162837566e-10
2.19083580241e-09	2.06582776059e-10
2.19189468873e-09	2.03567017409e-10
2.19295357506e-09	1.31262295738e-10
2.19401246138e-09	7.91034911185e-11
2.1950713477e-09	5.01838869939e-11
2.19613023403e-09	-2.16108691272e-11
2.19718912035e-09	-3.1452471053e-11
2.19824800667e-09	-2.77619002006e-11
2.19930689299e-09	-4.36075949656e-11
2.20036577932e-09	1.14593434568e-11
2.20142466564e-09	4.733581669e-11
2.20248355196e-09	7.23076108537e-11
2.20354243829e-09	1.4618684388e-10
2.20460132461e-09	1.63851930288e-10
2.20566021093e-09	1.78491721403e-10
2.20671909726e-09	2.10354596589e-10
2.20777798358e-09	1.70016548583e-10
2.2088368699e-09	1.4623204557e-10
2.20989575623e-09	1.18903775714e-10
2.21095464255e-09	3.68552136509e-11
2.21201352887e-09	3.32560118766e-12
2.21307241519e-09	-3.76034370742e-11
2.21413130152e-09	-9.25224029336e-11
2.21519018784e-09	-7.35525355899e-11
2.21624907416e-09	-6.74948343743e-11
2.21730796049e-09	-4.37423547904e-11
2.21836684681e-09	4.11504259487e-11
2.21942573313e-09	8.41756751108e-11
2.22048461946e-09	1.43889599021e-10
2.22154350578e-09	2.13147411179e-10
2.2226023921e-09	2.07451186438e-10
2.22366127843e-09	2.1130531179e-10
2.22472016475e-09	1.84862306019e-10
2.22577905107e-09	9.41843968268e-11
2.22683793739e-09	3.94525185091e-11
2.22789682372e-09	-3.96868610024e-11
2.22895571004e-09	-1.23800339771e-10
2.23001459636e-09	-1.32881430252e-10
2.23107348269e-09	-1.49395344186e-10
2.23213236901e-09	-1.25207250817e-10
2.23319125533e-09	-3.59243010773e-11
2.23425014166e-09	2.17684472607e-11
2.23530902798e-09	1.10551562262e-10
2.2363679143e-09	1.99967271908e-10
2.23742680063e-09	2.16141268078e-10
2.23848568695e-09	2.39357460935e-10
2.23954457327e-09	2.14518109873e-10
2.24060345959e-09	1.26160782342e-10
2.24166234592e-09	6.69152103519e-11
2.24272123224e-09	-2.76636285493e-11
2.24378011856e-09	-1.18533733176e-10
2.24483900489e-09	-1.39209639476e-10
2.24589789121e-09	-1.69757517939e-10
2.24695677753e-09	-1.48105734274e-10
2.24801566386e-09	-6.82349235708e-11
2.24907455018e-09	-1.68625688499e-11
2.2501334365e-09	7.38770563821e-11
2.25119232282e-09	1.57341912069e-10
2.25225120915e-09	1.7780950063e-10
2.25331009547e-09	2.13338808425e-10
2.25436898179e-09	1.96983295994e-10
2.25542786812e-09	1.31762735705e-10
2.25648675444e-09	9.41948524388e-11
2.25754564076e-09	1.31997596447e-11
2.25860452709e-09	-5.96370140771e-11
2.25966341341e-09	-8.03508776442e-11
2.26072229973e-09	-1.23666343659e-10
2.26178118606e-09	-1.17247699397e-10
2.26284007238e-09	-7.14174043254e-11
2.2638989587e-09	-5.14514091055e-11
2.26495784502e-09	1.71167487736e-11
2.26601673135e-09	7.90151616012e-11
2.26707561767e-09	1.01334712756e-10
2.26813450399e-09	1.54547824191e-10
2.26919339032e-09	1.61717650556e-10
2.27025227664e-09	1.3831605479e-10
2.27131116296e-09	1.38937494322e-10
2.27237004929e-09	8.52010033706e-11
2.27342893561e-09	3.58483470773e-11
2.27448782193e-09	1.24601038038e-11
2.27554670826e-09	-5.02367947589e-11
2.27660559458e-09	-7.04859612517e-11
2.2776644809e-09	-6.92737790416e-11
2.27872336722e-09	-8.82303995489e-11
2.27978225355e-09	-4.64681778299e-11
2.28084113987e-09	-5.86966006398e-12
2.28190002619e-09	2.33301081904e-11
2.28295891252e-09	9.92069447425e-11
2.28401779884e-09	1.35630839025e-10
2.28507668516e-09	1.58494915109e-10
2.28613557149e-09	1.95184606325e-10
2.28719445781e-09	1.64621573318e-10
2.28825334413e-09	1.31666353168e-10
2.28931223046e-09	9.71854237711e-11
2.29037111678e-09	1.10837717043e-11
2.2914300031e-09	-3.61933120193e-11
2.29248888942e-09	-7.40889561073e-11
2.29354777575e-09	-1.19340350969e-10
2.29460666207e-09	-9.13847452572e-11
2.29566554839e-09	-5.96448975279e-11
2.29672443472e-09	-1.66231666019e-11
2.29778332104e-09	7.90118985863e-11
2.29884220736e-09	1.34300639186e-10
2.29990109369e-09	1.84645933959e-10
2.30095998001e-09	2.3522045943e-10
2.30201886633e-09	2.10281558659e-10
2.30307775265e-09	1.83043336564e-10
2.30413663898e-09	1.36651264089e-10
2.3051955253e-09	4.04141524933e-11
2.30625441162e-09	-1.34748523103e-11
2.30731329795e-09	-6.68369733474e-11
2.30837218427e-09	-1.14663800156e-10
2.30943107059e-09	-8.72427540367e-11
2.31048995692e-09	-6.05576045039e-11
2.31154884324e-09	-1.05595033585e-11
2.31260772956e-09	8.53655887298e-11
2.31366661589e-09	1.35861983122e-10
2.31472550221e-09	1.89355089768e-10
2.31578438853e-09	2.32711743972e-10
2.31684327485e-09	2.03464791022e-10
2.31790216118e-09	1.81179637265e-10
2.3189610475e-09	1.33837634551e-10
2.32001993382e-09	4.8232367102e-11
2.32107882015e-09	1.11406021127e-11
2.32213770647e-09	-3.40311343558e-11
2.32319659279e-09	-6.61595014884e-11
2.32425547912e-09	-3.31806587956e-11
2.32531436544e-09	-1.62100000306e-11
2.32637325176e-09	2.52120436074e-11
2.32743213809e-09	9.64600066489e-11
2.32849102441e-09	1.18287737244e-10
2.32954991073e-09	1.5481807069e-10
2.33060879705e-09	1.7872005785e-10
2.33166768338e-09	1.47246104198e-10
2.3327265697e-09	1.41624816909e-10
2.33378545602e-09	1.11857616919e-10
2.33484434235e-09	5.9713305264e-11
2.33590322867e-09	5.57068002838e-11
2.33696211499e-09	2.88449077991e-11
2.33802100132e-09	1.33064467648e-11
2.33907988764e-09	4.23867846204e-11
2.34013877396e-09	3.6372259371e-11
2.34119766028e-09	5.40210439316e-11
2.34225654661e-09	8.71228323859e-11
2.34331543293e-09	7.40330583296e-11
2.34437431925e-09	9.24925821696e-11
2.34543320558e-09	1.00900572619e-10
2.3464920919e-09	7.62858311677e-11
2.34755097822e-09	9.59304692974e-11
2.34860986455e-09	9.14807795488e-11
2.34966875087e-09	7.83954845485e-11
2.35072763719e-09	1.0725321499e-10
2.35178652352e-09	9.52418395886e-11
2.35284540984e-09	9.11202445962e-11
2.35390429616e-09	1.07542255483e-10
2.35496318248e-09	7.29408165812e-11
2.35602206881e-09	6.3600336369e-11
2.35708095513e-09	5.79041051219e-11
2.35813984145e-09	1.63164823449e-11
2.35919872778e-09	2.43916948271e-11
2.3602576141e-09	2.58410081527e-11
2.36131650042e-09	1.6891985098e-11
2.36237538675e-09	6.2753160307e-11
2.36343427307e-09	8.01614261081e-11
2.36449315939e-09	9.84505402549e-11
2.36555204572e-09	1.46509611734e-10
2.36661093204e-09	1.38229477344e-10
2.36766981836e-09	1.37094811198e-10
2.36872870468e-09	1.37445292127e-10
2.36978759101e-09	8.0966843256e-11
2.37084647733e-09	5.636959996e-11
2.37190536365e-09	2.64696825656e-11
2.37296424998e-09	-2.79476003971e-11
2.3740231363e-09	-2.09495460259e-11
2.37508202262e-09	-2.33830170938e-11
2.37614090895e-09	-1.99601786922e-11
2.37719979527e-09	4.06439755983e-11
2.37825868159e-09	6.50706376802e-11
2.37931756792e-09	9.99054619415e-11
2.38037645424e-09	1.53020537214e-10
2.38143534056e-09	1.4195451932e-10
2.38249422688e-09	1.44469076459e-10
2.38355311321e-09	1.35275676078e-10
2.38461199953e-09	7.10599187999e-11
2.38567088585e-09	4.67985433392e-11
2.38672977218e-09	7.46312094155e-12
2.3877886585e-09	-4.61144507996e-11
2.38884754482e-09	-3.53233493887e-11
2.38990643115e-09	-4.39372845832e-11
2.39096531747e-09	-3.68771688533e-11
2.39202420379e-09	2.20620013144e-11
2.39308309011e-09	3.71014911502e-11
2.39414197644e-09	7.39224215694e-11
2.39520086276e-09	1.22027892131e-10
2.39625974908e-09	1.07158038085e-10
2.39731863541e-09	1.19444171567e-10
2.39837752173e-09	1.11751163011e-10
2.39943640805e-09	5.66219544125e-11
2.40049529438e-09	4.77904603911e-11
2.4015541807e-09	9.96800916548e-12
2.40261306702e-09	-3.60630518503e-11
2.40367195335e-09	-2.35882232258e-11
2.40473083967e-09	-4.62037717114e-11
2.40578972599e-09	-4.50682078462e-11
2.40684861231e-09	-1.56680695978e-12
2.40790749864e-09	-5.83804212655e-12
2.40896638496e-09	2.66127314413e-11
2.41002527128e-09	6.56737624352e-11
2.41108415761e-09	5.14345362091e-11
2.41214304393e-09	8.01183910881e-11
2.41320193025e-09	8.18764960345e-11
2.41426081658e-09	4.60872416619e-11
2.4153197029e-09	5.85551841389e-11
2.41637858922e-09	2.59394261713e-11
2.41743747555e-09	-1.11025126267e-11
2.41849636187e-09	-6.77692656766e-13
2.41955524819e-09	-4.06699027754e-11
2.42061413451e-09	-5.01407700082e-11
2.42167302084e-09	-2.74908354544e-11
2.42273190716e-09	-5.29710849836e-11
2.42379079348e-09	-2.52689037229e-11
2.42484967981e-09	4.72400823971e-12
2.42590856613e-09	-5.99630143715e-12
2.42696745245e-09	4.03777610306e-11
2.42802633878e-09	5.23334184148e-11
2.4290852251e-09	3.79748650738e-11
2.43014411142e-09	7.03438444646e-11
2.43120299775e-09	4.22237448998e-11
2.43226188407e-09	1.47971300469e-11
2.43332077039e-09	2.14735052656e-11
2.43437965671e-09	-3.43765289672e-11
2.43543854304e-09	-5.16197453705e-11
2.43649742936e-09	-4.77978271654e-11
2.43755631568e-09	-8.95652874783e-11
2.43861520201e-09	-6.38316491677e-11
2.43967408833e-09	-4.28090467805e-11
2.44073297465e-09	-5.04625798613e-11
2.44179186098e-09	9.23586337617e-12
2.4428507473e-09	2.49207494918e-11
2.44390963362e-09	2.65993301603e-11
2.44496851994e-09	7.23021104793e-11
2.44602740627e-09	4.53515090065e-11
2.44708629259e-09	2.92306543553e-11
2.44814517891e-09	3.51372151861e-11
2.44920406524e-09	-2.88310334808e-11
2.45026295156e-09	-4.41547753222e-11
2.45132183788e-09	-5.27288201166e-11
2.45238072421e-09	-1.03483866441e-10
2.45343961053e-09	-7.74172692099e-11
2.45449849685e-09	-6.82983472295e-11
2.45555738318e-09	-7.58746936808e-11
2.4566162695e-09	-1.19855502476e-11
2.45767515582e-09	-1.52553295517e-12
2.45873404214e-09	9.31508526997e-12
2.45979292847e-09	6.08636361796e-11
2.46085181479e-09	3.33278276938e-11
2.46191070111e-09	2.98920580129e-11
2.46296958744e-09	3.8355767347e-11
2.46402847376e-09	-2.46738349153e-11
2.46508736008e-09	-2.93407568207e-11
2.46614624641e-09	-4.20498532912e-11
2.46720513273e-09	-9.43309553733e-11
2.46826401905e-09	-6.59632526552e-11
2.46932290538e-09	-7.00459616525e-11
2.4703817917e-09	-8.11200689954e-11
2.47144067802e-09	-2.13316695037e-11
2.47249956434e-09	-2.47569144005e-11
2.47355845067e-09	-1.11221862883e-11
2.47461733699e-09	3.94807745524e-11
2.47567622331e-09	9.28620472618e-12
2.47673510964e-09	1.99481453491e-11
2.47779399596e-09	3.27556007491e-11
2.47885288228e-09	-2.33243065704e-11
2.47991176861e-09	-1.1548933576e-11
2.48097065493e-09	-2.4207634378e-11
2.48202954125e-09	-7.1373830457e-11
2.48308842757e-09	-3.78068245113e-11
2.4841473139e-09	-5.40481073525e-11
2.48520620022e-09	-6.78585850705e-11
2.48626508654e-09	-1.60190087107e-11
2.48732397287e-09	-3.69436859576e-11
2.48838285919e-09	-2.50706560546e-11
2.48944174551e-09	1.7794438503e-11
2.49050063184e-09	-1.90368205683e-11
2.49155951816e-09	2.577469271e-12
2.49261840448e-09	1.72076973439e-11
2.49367729081e-09	-3.01847490145e-11
2.49473617713e-09	-8.04274181976e-14
2.49579506345e-09	-1.00300140372e-11
2.49685394977e-09	-4.60479970127e-11
2.4979128361e-09	-3.64966227812e-12
2.49897172242e-09	-2.79719422538e-11
2.50003060874e-09	-3.97233838705e-11
2.50108949507e-09	4.59798242232e-12
2.50214838139e-09	-3.34002773356e-11
2.50320726771e-09	-2.44270463232e-11
2.50426615404e-09	4.48970591607e-12
2.50532504036e-09	-4.34338411591e-11
2.50638392668e-09	-1.69665479582e-11
2.50744281301e-09	-7.82435043405e-12
2.50850169933e-09	-4.85945589324e-11
2.50956058565e-09	-2.45447032924e-12
2.51061947197e-09	-8.91907240338e-12
2.5116783583e-09	-2.88789340748e-11
2.51273724462e-09	2.58847353274e-11
2.51379613094e-09	-3.1435813154e-13
2.51485501727e-09	-3.44277698797e-12
2.51591390359e-09	3.65136497427e-11
2.51697278991e-09	-1.46118852695e-11
2.51803167624e-09	-7.8469134402e-12
2.51909056256e-09	4.02648433259e-12
2.52014944888e-09	-5.77063058796e-11
2.52120833521e-09	-3.24032725565e-11
2.52226722153e-09	-3.63582735967e-11
2.52332610785e-09	-7.52989519695e-11
2.52438499417e-09	-1.92021363003e-11
2.5254438805e-09	-2.56380118958e-11
2.52650276682e-09	-2.79927596944e-11
2.52756165314e-09	4.11849859772e-11
2.52862053947e-09	1.86499927914e-11
2.52967942579e-09	3.18949029514e-11
2.53073831211e-09	7.19864905532e-11
2.53179719844e-09	1.38439841188e-11
2.53285608476e-09	2.21945203101e-11
2.53391497108e-09	1.70802363138e-11
2.5349738574e-09	-5.80377456164e-11
2.53603274373e-09	-3.77094618552e-11
2.53709163005e-09	-6.07647430637e-11
2.53815051637e-09	-1.02994930293e-10
2.5392094027e-09	-4.50215858518e-11
2.54026828902e-09	-5.74809262688e-11
2.54132717534e-09	-4.53359537411e-11
2.54238606167e-09	3.48993705029e-11
2.54344494799e-09	1.82520810531e-11
2.54450383431e-09	5.28938926079e-11
2.54556272064e-09	9.93130352261e-11
2.54662160696e-09	4.35490468556e-11
2.54768049328e-09	6.14922483592e-11
2.5487393796e-09	4.30210246767e-11
2.54979826593e-09	-4.16999772386e-11
2.55085715225e-09	-2.90523834373e-11
2.55191603857e-09	-7.64802509517e-11
2.5529749249e-09	-1.27357704244e-10
2.55403381122e-09	-7.6266476641e-11
2.55509269754e-09	-1.01602704548e-10
2.55615158387e-09	-7.88070312133e-11
2.55721047019e-09	7.61180690961e-12
2.55826935651e-09	-2.08059689811e-12
2.55932824284e-09	5.71554260084e-11
2.56038712916e-09	1.12427489193e-10
2.56144601548e-09	6.69297915701e-11
2.5625049018e-09	9.98678995404e-11
2.56356378813e-09	7.33452014401e-11
2.56462267445e-09	-1.49167705098e-11
2.56568156077e-09	-8.71956787373e-12
2.5667404471e-09	-8.16896823623e-11
2.56779933342e-09	-1.4280079029e-10
2.56885821974e-09	-1.05451012289e-10
2.56991710607e-09	-1.48756022257e-10
2.57097599239e-09	-1.20189922251e-10
2.57203487871e-09	-3.32568990792e-11
2.57309376504e-09	-3.77330341451e-11
2.57415265136e-09	4.58577845835e-11
2.57521153768e-09	1.09640761747e-10
2.576270424e-09	7.78842692379e-11
2.57732931033e-09	1.28692805544e-10
2.57838819665e-09	9.6461210547e-11
2.57944708297e-09	9.89395360345e-12
2.5805059693e-09	1.18697972458e-11
2.58156485562e-09	-8.23446571346e-11
2.58262374194e-09	-1.49293898424e-10
2.58368262827e-09	-1.25003649467e-10
2.58474151459e-09	-1.8565724999e-10
2.58580040091e-09	-1.53171616016e-10
2.58685928723e-09	-7.19786179444e-11
2.58791817356e-09	-7.61384540485e-11
2.58897705988e-09	2.42540421341e-11
2.5900359462e-09	8.90408745e-11
2.59109483253e-09	6.83519887825e-11
2.59215371885e-09	1.34791507816e-10
2.59321260517e-09	9.83235480881e-11
2.5942714915e-09	2.1034320878e-11
2.59533037782e-09	2.54311495907e-11
2.59638926414e-09	-8.09758501572e-11
2.59744815047e-09	-1.43562823088e-10
2.59850703679e-09	-1.27959668631e-10
2.59956592311e-09	-2.01119168194e-10
2.60062480943e-09	-1.64659908104e-10
2.60168369576e-09	-9.58828753157e-11
2.60274258208e-09	-1.06618779777e-10
2.6038014684e-09	-1.24003736966e-12
2.60486035473e-09	5.21954202949e-11
2.60591924105e-09	3.56858674284e-11
2.60697812737e-09	1.11112755281e-10
2.6080370137e-09	7.11190195277e-11
2.60909590002e-09	1.00327954495e-11
2.61015478634e-09	2.57977233326e-11
2.61121367267e-09	-7.89563961087e-11
2.61227255899e-09	-1.23704461605e-10
2.61333144531e-09	-1.0850309247e-10
2.61439033163e-09	-1.88478855787e-10
2.61544921796e-09	-1.4962768264e-10
2.61650810428e-09	-1.01619951061e-10
2.6175669906e-09	-1.27955430973e-10
2.61862587693e-09	-3.00194300841e-11
2.61968476325e-09	3.07807490434e-13
2.62074364957e-09	-1.8173017236e-11
2.6218025359e-09	6.21346429169e-11
2.62286142222e-09	2.09723813836e-11
2.62392030854e-09	-1.57337126726e-11
2.62497919486e-09	1.85076028938e-11
2.62603808119e-09	-7.39507734562e-11
2.62709696751e-09	-9.20757524045e-11
2.62815585383e-09	-7.30944977939e-11
2.62921474016e-09	-1.56347599797e-10
2.63027362648e-09	-1.16616356328e-10
2.6313325128e-09	-9.52088377755e-11
2.63239139913e-09	-1.4159138445e-10
2.63345028545e-09	-5.8694550522e-11
2.63450917177e-09	-5.69392970273e-11
2.6355680581e-09	-7.93574242777e-11
2.63662694442e-09	3.5723971524e-12
2.63768583074e-09	-3.71936049667e-11
2.63874471706e-09	-4.53734510901e-11
2.63980360339e-09	9.34442697916e-12
2.64086248971e-09	-6.69397558217e-11
2.64192137603e-09	-5.59136222565e-11
2.64298026236e-09	-3.47285305981e-11
2.64403914868e-09	-1.19954057104e-10
2.645098035e-09	-8.10712538768e-11
2.64615692133e-09	-8.75363436251e-11
2.64721580765e-09	-1.51396947062e-10
2.64827469397e-09	-8.2733023557e-11
2.6493335803e-09	-1.07358009201e-10
2.65039246662e-09	-1.28646624603e-10
2.65145135294e-09	-4.38337228927e-11
2.65251023926e-09	-8.40816513636e-11
2.65356912559e-09	-6.65551112486e-11
2.65462801191e-09	1.19089297885e-12
2.65568689823e-09	-6.35241902483e-11
2.65674578456e-09	-2.94722054921e-11
2.65780467088e-09	-1.13346474134e-11
2.6588635572e-09	-9.72070505686e-11
2.65992244353e-09	-5.67040797997e-11
2.66098132985e-09	-8.4905878335e-11
2.66204021617e-09	-1.55158294199e-10
2.6630991025e-09	-9.32992129735e-11
2.66415798882e-09	-1.35870779905e-10
2.66521687514e-09	-1.5085190562e-10
2.66627576146e-09	-6.60903494475e-11
2.66733464779e-09	-1.0961656409e-10
2.66839353411e-09	-7.41378148109e-11
2.66945242043e-09	-6.51549365675e-12
2.67051130676e-09	-6.9148417027e-11
2.67157019308e-09	-2.15999635712e-11
2.6726290794e-09	-1.21381574496e-11
2.67368796573e-09	-9.57634397128e-11
2.67474685205e-09	-4.82812372981e-11
2.67580573837e-09	-8.80568820985e-11
2.67686462469e-09	-1.50539363961e-10
2.67792351102e-09	-8.53745097621e-11
2.67898239734e-09	-1.37058933647e-10
2.68004128366e-09	-1.41198346418e-10
2.68110016999e-09	-6.11430815917e-11
2.68215905631e-09	-1.14656294875e-10
2.68321794263e-09	-7.26213950086e-11
2.68427682896e-09	-1.86054732818e-11
2.68533571528e-09	-8.80220349733e-11
2.6863946016e-09	-3.31569940774e-11
2.68745348793e-09	-3.45368063575e-11
2.68851237425e-09	-1.09956254171e-10
2.68957126057e-09	-4.94498543675e-11
2.69063014689e-09	-9.15764807735e-11
2.69168903322e-09	-1.35390268441e-10
2.69274791954e-09	-6.15914967682e-11
2.69380680586e-09	-1.18506426026e-10
2.69486569219e-09	-1.11102849143e-10
2.69592457851e-09	-4.135893494e-11
2.69698346483e-09	-1.08999123963e-10
2.69804235116e-09	-6.70874640563e-11
2.69910123748e-09	-3.40679075662e-11
2.7001601238e-09	-1.11601511019e-10
2.70121901013e-09	-5.25197780231e-11
2.70227789645e-09	-6.45188143363e-11
2.70333678277e-09	-1.27314039519e-10
2.70439566909e-09	-5.19363003125e-11
2.70545455542e-09	-9.26140501095e-11
2.70651344174e-09	-1.14550084696e-10
2.70757232806e-09	-3.39932559098e-11
2.70863121439e-09	-9.517881535e-11
2.70969010071e-09	-7.79939888715e-11
2.71074898703e-09	-2.18937185005e-11
2.71180787336e-09	-1.02987082404e-10
2.71286675968e-09	-6.09677642573e-11
2.713925646e-09	-4.84120159325e-11
2.71498453233e-09	-1.29508371041e-10
2.71604341865e-09	-6.4644858043e-11
2.71710230497e-09	-8.63041053553e-11
2.71816119129e-09	-1.34913290609e-10
2.71922007762e-09	-4.94824569774e-11
2.72027896394e-09	-9.33376310269e-11
2.72133785026e-09	-9.74849862292e-11
2.72239673659e-09	-1.71394903478e-11
2.72345562291e-09	-8.44972425362e-11
2.72451450923e-09	-5.72545812844e-11
2.72557339556e-09	-1.40106885512e-11
2.72663228188e-09	-1.00565134345e-10
2.7276911682e-09	-5.23177169989e-11
2.72875005452e-09	-5.39183162094e-11
2.72980894085e-09	-1.3110744608e-10
2.73086782717e-09	-5.9835139881e-11
2.73192671349e-09	-9.22526968011e-11
2.73298559982e-09	-1.3021883051e-10
2.73404448614e-09	-4.4183377226e-11
2.73510337246e-09	-9.79667310816e-11
2.73616225879e-09	-9.16184055705e-11
2.73722114511e-09	-1.86645553613e-11
2.73828003143e-09	-9.27713097315e-11
2.73933891776e-09	-5.41455907888e-11
2.74039780408e-09	-1.92206016728e-11
2.7414566904e-09	-1.01564690685e-10
2.74251557672e-09	-3.97457596349e-11
2.74357446305e-09	-4.87774972323e-11
2.74463334937e-09	-1.15505974577e-10
2.74569223569e-09	-3.90217446029e-11
2.74675112202e-09	-8.45611683974e-11
2.74781000834e-09	-1.16439208969e-10
2.74886889466e-09	-3.94652582099e-11
2.74992778099e-09	-1.09637231585e-10
2.75098666731e-09	-9.82087675072e-11
2.75204555363e-09	-3.72729019957e-11
2.75310443996e-09	-1.15460677477e-10
2.75416332628e-09	-6.23847800675e-11
2.7552222126e-09	-3.24364703933e-11
2.75628109892e-09	-1.03230694826e-10
2.75733998525e-09	-2.45151720105e-11
2.75839887157e-09	-3.82194701234e-11
2.75945775789e-09	-9.22857797125e-11
2.76051664422e-09	-1.29132217072e-11
2.76157553054e-09	-7.32892531385e-11
2.76263441686e-09	-1.00963556959e-10
2.76369330319e-09	-3.74929978286e-11
2.76475218951e-09	-1.24148571631e-10
2.76581107583e-09	-1.08152658704e-10
2.76686996215e-09	-6.15054993698e-11
2.76792884848e-09	-1.41424098127e-10
2.7689877348e-09	-7.45481541081e-11
2.77004662112e-09	-5.00460935714e-11
2.77110550745e-09	-1.06886931597e-10
2.77216439377e-09	-1.36385844025e-11
2.77322328009e-09	-3.28598749773e-11
2.77428216642e-09	-7.32674788895e-11
2.77534105274e-09	6.20981678622e-12
2.77639993906e-09	-6.65616780443e-11
2.77745882539e-09	-8.72251533154e-11
2.77851771171e-09	-3.65274765188e-11
2.77957659803e-09	-1.34937271426e-10
2.78063548435e-09	-1.12257014448e-10
2.78169437068e-09	-7.99153903859e-11
2.782753257e-09	-1.60251952333e-10
2.78381214332e-09	-8.36019322346e-11
2.78487102965e-09	-6.9612093867e-11
2.78592991597e-09	-1.15810366505e-10
2.78698880229e-09	-1.46846380542e-11
2.78804768862e-09	-4.16708195727e-11
2.78910657494e-09	-6.70267131728e-11
2.79016546126e-09	1.28763900584e-11
2.79122434759e-09	-6.68915513258e-11
2.79228323391e-09	-7.44581167555e-11
2.79334212023e-09	-3.28574011532e-11
2.79440100655e-09	-1.35931739823e-10
2.79545989288e-09	-1.04886121489e-10
2.7965187792e-09	-8.80230222478e-11
2.79757766552e-09	-1.69230697164e-10
2.79863655185e-09	-8.90482900091e-11
2.79969543817e-09	-9.10705668863e-11
2.80075432449e-09	-1.30885467395e-10
2.80181321082e-09	-2.85678535949e-11
2.80287209714e-09	-6.53745503912e-11
2.80393098346e-09	-7.47348329055e-11
2.80498986979e-09	6.46520337266e-12
2.80604875611e-09	-7.36487667727e-11
2.80710764243e-09	-6.2081623696e-11
2.80816652875e-09	-2.53427544792e-11
2.80922541508e-09	-1.27554010756e-10
2.8102843014e-09	-8.74034759499e-11
2.81134318772e-09	-8.77441882173e-11
2.81240207405e-09	-1.70264561131e-10
2.81346096037e-09	-9.2433212126e-11
2.81451984669e-09	-1.1492286376e-10
2.81557873302e-09	-1.50066709059e-10
2.81663761934e-09	-5.07975998505e-11
2.81769650566e-09	-9.62789882542e-11
2.81875539198e-09	-8.8011256269e-11
2.81981427831e-09	-6.32586398628e-12
2.82087316463e-09	-8.25979415073e-11
2.82193205095e-09	-5.03944182391e-11
2.82299093728e-09	-1.80614232338e-11
2.8240498236e-09	-1.15125959113e-10
2.82510870992e-09	-6.63347571317e-11
2.82616759625e-09	-8.37928806202e-11
2.82722648257e-09	-1.66019958198e-10
2.82828536889e-09	-9.34771010597e-11
2.82934425522e-09	-1.36600852157e-10
2.83040314154e-09	-1.66957553685e-10
2.83146202786e-09	-7.34878339822e-11
2.83252091418e-09	-1.27066470193e-10
2.83357980051e-09	-1.01686490825e-10
2.83463868683e-09	-2.14769476075e-11
2.83569757315e-09	-9.23166690661e-11
2.83675645948e-09	-4.0810783572e-11
2.8378153458e-09	-1.50653014369e-11
2.83887423212e-09	-1.05050199442e-10
2.83993311845e-09	-4.89574440016e-11
2.84099200477e-09	-8.19490434713e-11
2.84205089109e-09	-1.5965942804e-10
2.84310977742e-09	-9.14103946616e-11
2.84416866374e-09	-1.51395604386e-10
2.84522755006e-09	-1.74003386352e-10
2.84628643638e-09	-8.87571212273e-11
2.84734532271e-09	-1.49517500811e-10
2.84840420903e-09	-1.10264596932e-10
2.84946309535e-09	-3.67373371307e-11
2.85052198168e-09	-1.03391940842e-10
2.851580868e-09	-3.69225921538e-11
2.85263975432e-09	-1.94234366004e-11
2.85369864065e-09	-1.00356702115e-10
2.85475752697e-09	-3.67163237747e-11
2.85581641329e-09	-8.24703604019e-11
2.85687529962e-09	-1.50905985624e-10
2.85793418594e-09	-8.56683972893e-11
2.85899307226e-09	-1.58259723035e-10
2.86005195858e-09	-1.70679411576e-10
2.86111084491e-09	-9.48019570832e-11
2.86216973123e-09	-1.62158149755e-10
2.86322861755e-09	-1.11717855453e-10
2.86428750388e-09	-5.05449603613e-11
2.8653463902e-09	-1.14495028042e-10
2.86640527652e-09	-3.73660386487e-11
2.86746416285e-09	-3.07507045001e-11
2.86852304917e-09	-1.00524033542e-10
2.86958193549e-09	-3.01131051518e-11
2.87064082181e-09	-8.46021733572e-11
2.87169970814e-09	-1.38662652541e-10
2.87275859446e-09	-7.52671453267e-11
2.87381748078e-09	-1.56264881243e-10
2.87487636711e-09	-1.5727167138e-10
2.87593525343e-09	-9.35201972287e-11
2.87699413975e-09	-1.66520632353e-10
2.87805302608e-09	-1.08485451091e-10
2.8791119124e-09	-6.27983589609e-11
2.88017079872e-09	-1.24627582559e-10
2.88122968505e-09	-4.02774805695e-11
2.88228857137e-09	-4.50408577622e-11
2.88334745769e-09	-1.02046336659e-10
2.88440634401e-09	-2.6439046048e-11
2.88546523034e-09	-8.71107855988e-11
2.88652411666e-09	-1.24047438987e-10
2.88758300298e-09	-6.32883888525e-11
2.88864188931e-09	-1.492583869e-10
2.88970077563e-09	-1.38524282323e-10
2.89075966195e-09	-8.79211937629e-11
2.89181854828e-09	-1.65055195206e-10
2.8928774346e-09	-1.01350236797e-10
2.89393632092e-09	-7.27359563638e-11
2.89499520725e-09	-1.31146728893e-10
2.89605409357e-09	-4.32873066818e-11
2.89711297989e-09	-5.9583513904e-11
2.89817186621e-09	-1.0267475932e-10
2.89923075254e-09	-2.37616963866e-11
2.90028963886e-09	-8.8845730252e-11
2.90134852518e-09	-1.08059015728e-10
2.90240741151e-09	-5.1355018545e-11
2.90346629783e-09	-1.39773252e-10
2.90452518415e-09	-1.17310125156e-10
2.90558407048e-09	-8.12226559881e-11
2.9066429568e-09	-1.59735500868e-10
2.90770184312e-09	-9.20216776043e-11
2.90876072944e-09	-8.12270415859e-11
2.90981961577e-09	-1.34050678544e-10
2.91087850209e-09	-4.44913088576e-11
2.91193738841e-09	-7.18703451787e-11
2.91299627474e-09	-9.98714843464e-11
2.91405516106e-09	-2.11546276373e-11
2.91511404738e-09	-8.98486354761e-11
2.91617293371e-09	-9.18645767095e-11
2.91723182003e-09	-4.16020494963e-11
2.91829070635e-09	-1.30264552617e-10
2.91934959268e-09	-9.68204513958e-11
2.920408479e-09	-7.56447808038e-11
2.92146736532e-09	-1.5256116162e-10
2.92252625164e-09	-8.21334645261e-11
2.92358513797e-09	-8.76105828509e-11
2.92464402429e-09	-1.33244901224e-10
2.92570291061e-09	-4.44142780279e-11
2.92676179694e-09	-8.1752374835e-11
2.92782068326e-09	-9.47739577789e-11
2.92887956958e-09	-1.86174242255e-11
2.92993845591e-09	-8.91044026757e-11
2.93099734223e-09	-7.51341072691e-11
2.93205622855e-09	-3.35802844407e-11
2.93311511488e-09	-1.21014729487e-10
2.9341740012e-09	-7.8589332958e-11
2.93523288752e-09	-7.24416713681e-11
2.93629177384e-09	-1.45192548956e-10
2.93735066017e-09	-7.31616555533e-11
2.93840954649e-09	-9.34110237077e-11
2.93946843281e-09	-1.2913913168e-10
2.94052731914e-09	-4.28760336697e-11
2.94158620546e-09	-8.84994369454e-11
2.94264509178e-09	-8.69313622823e-11
2.94370397811e-09	-1.67370324414e-11
2.94476286443e-09	-8.83102419316e-11
2.94582175075e-09	-6.044042003e-11
2.94688063708e-09	-2.99413265448e-11
2.9479395234e-09	-1.13579149558e-10
2.94899840972e-09	-6.39375358213e-11
2.95005729604e-09	-7.2033700619e-11
2.95111618237e-09	-1.3784734465e-10
2.95217506869e-09	-6.57598027681e-11
2.95323395501e-09	-9.87518565185e-11
2.95429284134e-09	-1.2285756093e-10
2.95535172766e-09	-4.06087047669e-11
2.95641061398e-09	-9.24669377525e-11
2.95746950031e-09	-7.68650689972e-11
2.95852838663e-09	-1.5515648228e-11
2.95958727295e-09	-8.7365148102e-11
2.96064615927e-09	-4.86553909142e-11
2.9617050456e-09	-3.08716507219e-11
2.96276393192e-09	-1.09104997606e-10
2.96382281824e-09	-5.40666641232e-11
2.96488170457e-09	-7.48717528948e-11
2.96594059089e-09	-1.30319749783e-10
2.96699947721e-09	-5.840572546e-11
2.96805836354e-09	-1.01529478401e-10
2.96911724986e-09	-1.12728089884e-10
2.97017613618e-09	-3.76159851965e-11
2.97123502251e-09	-9.50701253832e-11
2.97229390883e-09	-6.76703792828e-11
2.97335279515e-09	-1.79587452765e-11
2.97441168147e-09	-8.87503551553e-11
2.9754705678e-09	-4.10364335828e-11
2.97652945412e-09	-3.6334536508e-11
2.97758834044e-09	-1.06924710405e-10
2.97864722677e-09	-4.73375065275e-11
2.97970611309e-09	-7.97986572654e-11
2.98076499941e-09	-1.22223751953e-10
2.98182388574e-09	-5.22718311777e-11
2.98288277206e-09	-1.03054571821e-10
2.98394165838e-09	-1.00989256888e-10
2.98500054471e-09	-3.52212683932e-11
2.98605943103e-09	-9.62643324429e-11
2.98711831735e-09	-5.90684497842e-11
2.98817720367e-09	-2.37868024973e-11
2.98923609e-09	-9.19828362783e-11
2.99029497632e-09	-3.79900592321e-11
2.99135386264e-09	-4.59688496036e-11
2.99241274897e-09	-1.05861014399e-10
2.99347163529e-09	-4.34504945045e-11
2.99453052161e-09	-8.44528978e-11
2.99558940794e-09	-1.1246863163e-10
2.99664829426e-09	-4.63756706648e-11
2.99770718058e-09	-1.03250871394e-10
2.99876606691e-09	-8.94427162543e-11
2.99982495323e-09	-3.52720869005e-11
3.00088383955e-09	-9.83609556651e-11
3.00194272587e-09	-5.29985734118e-11
3.0030016122e-09	-3.224235939e-11
3.00406049852e-09	-9.51973170432e-11
3.00511938484e-09	-3.61653435064e-11
3.00617827117e-09	-5.62135227689e-11
3.00723715749e-09	-1.03436722729e-10
3.00829604381e-09	-4.08052205306e-11
3.00935493014e-09	-8.9455665965e-11
3.01041381646e-09	-1.02869224423e-10
3.01147270278e-09	-4.39178426698e-11
3.0125315891e-09	-1.04717528052e-10
3.01359047543e-09	-7.93104002611e-11
3.01464936175e-09	-3.83457553904e-11
3.01570824807e-09	-1.00356722932e-10
3.0167671344e-09	-4.80130575055e-11
3.01782602072e-09	-4.13182784428e-11
3.01888490704e-09	-9.56467630792e-11
3.01994379337e-09	-3.35234379319e-11
3.02100267969e-09	-6.4353627028e-11
3.02206156601e-09	-9.84600794993e-11
3.02312045234e-09	-3.86534487144e-11
3.02417933866e-09	-9.45411717662e-11
3.02523822498e-09	-9.52344236457e-11
3.0262971113e-09	-4.60171065749e-11
3.02735599763e-09	-1.08684004504e-10
3.02841488395e-09	-7.29639400114e-11
3.02947377027e-09	-4.48353802002e-11
3.0305326566e-09	-1.01723005019e-10
3.03159154292e-09	-4.26575593425e-11
3.03265042924e-09	-4.78657898907e-11
3.03370931557e-09	-9.14491806933e-11
3.03476820189e-09	-2.87886845439e-11
3.03582708821e-09	-6.9326776958e-11
3.03688597454e-09	-9.09350893197e-11
3.03794486086e-09	-3.80039995784e-11
3.03900374718e-09	-9.98955024603e-11
3.0400626335e-09	-8.90763929631e-11
3.04112151983e-09	-5.13777280269e-11
3.04218040615e-09	-1.13616381928e-10
3.04323929247e-09	-6.85182553056e-11
3.0442981788e-09	-5.28492354046e-11
3.04535706512e-09	-1.01326546112e-10
3.04641595144e-09	-3.66835279601e-11
3.04747483777e-09	-5.26293045602e-11
3.04853372409e-09	-8.37131483925e-11
3.04959261041e-09	-2.2527781615e-11
3.05065149673e-09	-7.17903982789e-11
3.05171038306e-09	-8.11575286142e-11
3.05276926938e-09	-3.77128365429e-11
3.0538281557e-09	-1.03953890634e-10
3.05488704203e-09	-8.2536974217e-11
3.05594592835e-09	-5.80730205677e-11
3.05700481467e-09	-1.1690750451e-10
3.058063701e-09	-6.44527959649e-11
3.05912258732e-09	-6.11057823265e-11
3.06018147364e-09	-9.91766399908e-11
3.06124035997e-09	-3.20017074906e-11
3.06229924629e-09	-5.78316348802e-11
3.06335813261e-09	-7.49336729819e-11
3.06441701893e-09	-1.82765952979e-11
3.06547590526e-09	-7.30167827243e-11
3.06653479158e-09	-6.92607100145e-11
3.0675936779e-09	-3.63722785614e-11
3.06865256423e-09	-1.02848207381e-10
3.06971145055e-09	-7.21167262192e-11
3.07077033687e-09	-6.1630253418e-11
3.0718292232e-09	-1.1537606634e-10
3.07288810952e-09	-5.87423454063e-11
3.07394699584e-09	-6.9286212618e-11
3.07500588217e-09	-9.71472867428e-11
3.07606476849e-09	-3.12700202103e-11
3.07712365481e-09	-6.58177375448e-11
3.07818254113e-09	-6.84588210773e-11
3.07924142746e-09	-1.69121244786e-11
3.08030031378e-09	-7.37154911765e-11
3.0813592001e-09	-5.49199730832e-11
3.08241808643e-09	-3.15432153054e-11
3.08347697275e-09	-9.45353292175e-11
3.08453585907e-09	-5.51109938934e-11
3.0855947454e-09	-5.94228355758e-11
3.08665363172e-09	-1.07420718154e-10
3.08771251804e-09	-5.14695308942e-11
3.08877140437e-09	-7.75265806413e-11
3.08983029069e-09	-9.63386878952e-11
3.09088917701e-09	-3.6092445547e-11
3.09194806333e-09	-7.81500515343e-11
3.09300694966e-09	-6.57212695723e-11
3.09406583598e-09	-2.01771691802e-11
3.0951247223e-09	-7.29450666537e-11
3.09618360863e-09	-3.81827759514e-11
3.09724249495e-09	-2.30801249423e-11
3.09830138127e-09	-7.81688117013e-11
3.0993602676e-09	-3.2148009298e-11
3.10041915392e-09	-5.17815857467e-11
3.10147804024e-09	-9.34835707109e-11
3.10253692656e-09	-4.32305893557e-11
3.10359581289e-09	-8.58037278381e-11
3.10465469921e-09	-9.62400437121e-11
3.10571358553e-09	-4.54602737832e-11
3.10677247186e-09	-9.33403744921e-11
3.10783135818e-09	-6.53771494406e-11
3.1088902445e-09	-2.62218099339e-11
3.10994913083e-09	-7.16103634724e-11
3.11100801715e-09	-2.05838768339e-11
3.11206690347e-09	-1.3138423292e-11
3.1131257898e-09	-5.71688993888e-11
3.11418467612e-09	-6.64499781155e-12
3.11524356244e-09	-4.08499358472e-11
3.11630244876e-09	-7.57100068402e-11
3.11736133509e-09	-3.41726936462e-11
3.11842022141e-09	-9.16567126016e-11
3.11947910773e-09	-9.41976895791e-11
3.12053799406e-09	-5.56726962165e-11
3.12159688038e-09	-1.06946498532e-10
3.1226557667e-09	-6.51552453483e-11
3.12371465303e-09	-3.42157242209e-11
3.12477353935e-09	-7.00505070617e-11
3.12583242567e-09	-5.31399598803e-12
3.126891312e-09	-6.48918592472e-12
3.12795019832e-09	-3.72048313381e-11
3.12900908464e-09	1.60609095468e-11
3.13006797096e-09	-3.06191066425e-11
3.13112685729e-09	-5.52265767839e-11
3.13218574361e-09	-2.36424331447e-11
3.13324462993e-09	-9.26882433652e-11
3.13430351626e-09	-8.62877477803e-11
3.13536240258e-09	-6.21268006658e-11
3.1364212889e-09	-1.15068846812e-10
3.13748017523e-09	-6.28592642347e-11
3.13853906155e-09	-4.37014064259e-11
3.13959794787e-09	-6.96757929131e-11
3.1406568342e-09	3.83191612122e-12
3.14171572052e-09	-6.48664412115e-12
3.14277460684e-09	-2.23467741707e-11
3.14383349316e-09	3.18854400348e-11
3.14489237949e-09	-2.32128220725e-11
3.14595126581e-09	-3.41430638102e-11
3.14701015213e-09	-1.16861162674e-11
3.14806903846e-09	-8.69146655688e-11
3.14912792478e-09	-7.08623199182e-11
3.1501868111e-09	-6.20899809432e-11
3.15124569743e-09	-1.15689784141e-10
3.15230458375e-09	-5.74160233247e-11
3.15336347007e-09	-5.38152547698e-11
3.15442235639e-09	-7.14171647168e-11
3.15548124272e-09	5.45523251138e-12
3.15654012904e-09	-1.49477496353e-11
3.15759901536e-09	-1.46484986142e-11
3.15865790169e-09	3.91861588751e-11
3.15971678801e-09	-1.98220511728e-11
3.16077567433e-09	-1.3540871549e-11
3.16183456066e-09	8.78849293687e-13
3.16289344698e-09	-7.5012327079e-11
3.1639523333e-09	-4.8450196112e-11
3.16501121963e-09	-5.63701182087e-11
3.16607010595e-09	-1.08628932238e-10
3.16712899227e-09	-4.8703633574e-11
3.16818787859e-09	-6.39265957877e-11
3.16924676492e-09	-7.42546987439e-11
3.17030565124e-09	9.24341224222e-13
3.17136453756e-09	-3.03430739736e-11
3.17242342389e-09	-1.33410642559e-11
3.17348231021e-09	3.80107037425e-11
3.17454119653e-09	-2.1041809896e-11
3.17560008286e-09	4.67525172222e-12
3.17665896918e-09	1.16275059242e-11
3.1777178555e-09	-5.98447576217e-11
3.17877674183e-09	-2.29212727357e-11
3.17983562815e-09	-4.76256135223e-11
3.18089451447e-09	-9.56874761718e-11
3.18195340079e-09	-3.75937178523e-11
3.18301228712e-09	-7.20095328852e-11
3.18407117344e-09	-7.47062082335e-11
3.18513005976e-09	-6.35054292139e-12
3.18618894609e-09	-4.78284105029e-11
3.18724783241e-09	-1.51715764517e-11
3.18830671873e-09	3.02269963616e-11
3.18936560506e-09	-2.60184827107e-11
3.19042449138e-09	1.80867306809e-11
3.1914833777e-09	1.68926529666e-11
3.19254226402e-09	-4.61304046177e-11
3.19360115035e-09	5.22860183969e-13
3.19466003667e-09	-3.90637940832e-11
3.19571892299e-09	-7.95111823604e-11
3.19677780932e-09	-2.45455508674e-11
3.19783669564e-09	-7.6522032634e-11
3.19889558196e-09	-7.0064952104e-11
3.19995446829e-09	-1.18037170749e-11
3.20101335461e-09	-6.27957234822e-11
3.20207224093e-09	-1.63224926197e-11
3.20313112726e-09	1.86944350652e-11
3.20419001358e-09	-3.43205059641e-11
3.2052488999e-09	2.5585366074e-11
3.20630778622e-09	1.43888896024e-11
3.20736667255e-09	-3.68167009466e-11
3.20842555887e-09	1.87928440171e-11
3.20948444519e-09	-3.31634368404e-11
3.21054333152e-09	-6.14879102495e-11
3.21160221784e-09	-1.04023738408e-11
3.21266110416e-09	-7.6368120161e-11
3.21371999049e-09	-5.92783634679e-11
3.21477887681e-09	-1.4209148181e-11
3.21583776313e-09	-7.31245420119e-11
3.21689664946e-09	-1.52003561647e-11
3.21795553578e-09	5.42198252441e-12
3.2190144221e-09	-4.36559028944e-11
3.22007330842e-09	2.78695271478e-11
3.22113219475e-09	4.83181832218e-12
3.22219108107e-09	-3.26507876725e-11
3.22324996739e-09	2.96035390212e-11
3.22430885372e-09	-3.26778387336e-11
3.22536774004e-09	-4.40052334849e-11
3.22642662636e-09	2.96354252445e-12
3.22748551269e-09	-7.23971863362e-11
3.22854439901e-09	-4.25180684931e-11
3.22960328533e-09	-1.25035499532e-11
3.23066217166e-09	-7.69196425304e-11
3.23172105798e-09	-1.00935973989e-11
3.2327799443e-09	-7.59918191741e-12
3.23383883062e-09	-5.14546022977e-11
3.23489771695e-09	2.73687851353e-11
3.23595660327e-09	-9.16152939102e-12
3.23701548959e-09	-3.12709467966e-11
3.23807437592e-09	3.4426281487e-11
3.23913326224e-09	-3.61744525394e-11
3.24019214856e-09	-2.87540074216e-11
3.24125103489e-09	1.2550408629e-11
3.24230992121e-09	-6.83452608743e-11
3.24336880753e-09	-2.38546194516e-11
3.24442769385e-09	-9.3979743692e-12
3.24548658018e-09	-7.48773031425e-11
3.2465454665e-09	-1.74943826786e-13
3.24760435282e-09	-1.6764576706e-11
3.24866323915e-09	-5.42454059102e-11
3.24972212547e-09	2.76402868692e-11
3.25078101179e-09	-2.374376043e-11
3.25183989812e-09	-3.02109341233e-11
3.25289878444e-09	3.44502775916e-11
3.25395767076e-09	-4.33985627383e-11
3.25501655709e-09	-1.68673493142e-11
3.25607544341e-09	1.65489695515e-11
3.25713432973e-09	-6.55628017154e-11
3.25819321605e-09	-6.14015023721e-12
3.25925210238e-09	-7.11697801387e-12
3.2603109887e-09	-6.89692348371e-11
3.26136987502e-09	1.29738604842e-11
3.26242876135e-09	-2.20901187967e-11
3.26348764767e-09	-5.0120152386e-11
3.26454653399e-09	3.15350507751e-11
3.26560542032e-09	-3.5171577456e-11
3.26666430664e-09	-2.66727451757e-11
3.26772319296e-09	3.14777334786e-11
3.26878207929e-09	-5.33457757135e-11
3.26984096561e-09	-8.72940283426e-12
3.27089985193e-09	1.39031715828e-11
3.27195873825e-09	-6.5796734814e-11
3.27301762458e-09	8.76142810646e-12
3.2740765109e-09	-7.01903205697e-12
3.27513539722e-09	-5.9734715438e-11
3.27619428355e-09	2.87939237341e-11
3.27725316987e-09	-2.35473723853e-11
3.27831205619e-09	-3.899991983e-11
3.27937094252e-09	3.85449066328e-11
3.28042982884e-09	-4.24014846671e-11
3.28148871516e-09	-1.89629629273e-11
3.28254760149e-09	2.79491016919e-11
3.28360648781e-09	-6.27977223173e-11
3.28466537413e-09	-2.47188467611e-12
3.28572426045e-09	6.1031422971e-12
3.28678314678e-09	-6.7996551098e-11
3.2878420331e-09	2.00759318024e-11
3.28890091942e-09	-9.91389110562e-12
3.28995980575e-09	-4.92592765623e-11
3.29101869207e-09	4.39646043095e-11
3.29207757839e-09	-2.31885151272e-11
3.29313646472e-09	-2.32524847901e-11
3.29419535104e-09	4.79025331771e-11
3.29525423736e-09	-4.55542978556e-11
3.29631312368e-09	-7.30789137971e-12
3.29737201001e-09	2.49009730478e-11
3.29843089633e-09	-6.95113723526e-11
3.29948978265e-09	4.82118338307e-12
3.30054866898e-09	-3.27470852084e-12
3.3016075553e-09	-6.97017157533e-11
3.30266644162e-09	2.91720906329e-11
3.30372532795e-09	-1.59235710555e-11
3.30478421427e-09	-3.92178602961e-11
3.30584310059e-09	5.61873792935e-11
3.30690198692e-09	-2.35713431196e-11
3.30796087324e-09	-5.94791371104e-12
3.30901975956e-09	5.62855992283e-11
3.31007864588e-09	-4.56171678122e-11
3.31113753221e-09	7.91092018282e-12
3.31219641853e-09	2.36899899654e-11
3.31325530485e-09	-7.11389228775e-11
3.31431419118e-09	1.49320657835e-11
3.3153730775e-09	-1.17910329937e-11
3.31643196382e-09	-6.84424262057e-11
3.31749085015e-09	3.68577762712e-11
3.31854973647e-09	-2.44976040321e-11
3.31960862279e-09	-3.07096810004e-11
3.32066750912e-09	6.32850358489e-11
3.32172639544e-09	-2.74556023533e-11
3.32278528176e-09	9.86413923633e-12
3.32384416808e-09	6.15695255196e-11
3.32490305441e-09	-4.42623424891e-11
3.32596194073e-09	2.60919580213e-11
3.32702082705e-09	2.40561688408e-11
3.32807971338e-09	-6.68369136078e-11
3.3291385997e-09	2.90911931046e-11
3.33019748602e-09	-1.76742093183e-11
3.33125637235e-09	-6.29093240175e-11
3.33231525867e-09	4.35011637172e-11
3.33337414499e-09	-3.4661464237e-11
3.33443303131e-09	-2.34823162434e-11
3.33549191764e-09	6.45000493987e-11
3.33655080396e-09	-3.47923572548e-11
3.33760969028e-09	2.27868713482e-11
3.33866857661e-09	6.25290912798e-11
3.33972746293e-09	-4.21818429795e-11
3.34078634925e-09	4.5164013588e-11
3.34184523558e-09	2.5709829014e-11
3.3429041219e-09	-5.68958798532e-11
3.34396300822e-09	4.6333680382e-11
3.34502189455e-09	-2.09138312137e-11
3.34608078087e-09	-5.33997316851e-11
3.34713966719e-09	4.97737169406e-11
3.34819855351e-09	-4.52293146512e-11
3.34925743984e-09	-1.64788028058e-11
3.35031632616e-09	6.08843522473e-11
3.35137521248e-09	-4.4580528288e-11
3.35243409881e-09	3.31939037888e-11
3.35349298513e-09	5.89182968906e-11
3.35455187145e-09	-4.00183779344e-11
3.35561075778e-09	6.32859918984e-11
3.3566696441e-09	2.66636621636e-11
3.35772853042e-09	-4.3540931494e-11
3.35878741675e-09	6.45031593242e-11
3.35984630307e-09	-2.24887520715e-11
3.36090518939e-09	-4.00609760209e-11
3.36196407571e-09	5.52800246984e-11
3.36302296204e-09	-5.52352187426e-11
3.36408184836e-09	-9.08154172523e-12
3.36514073468e-09	5.44476119464e-11
3.36619962101e-09	-5.41843384397e-11
3.36725850733e-09	4.24304207221e-11
3.36831739365e-09	5.20631333184e-11
3.36937627998e-09	-3.77479228431e-11
3.3704351663e-09	7.9321899743e-11
3.37149405262e-09	2.48029704414e-11
3.37255293895e-09	-2.96736925396e-11
3.37361182527e-09	8.00549114846e-11
3.37467071159e-09	-2.47904149465e-11
3.37572959791e-09	-2.46862573786e-11
3.37678848424e-09	5.99589666112e-11
3.37784737056e-09	-6.2472886456e-11
3.37890625688e-09	1.32560585772e-12
3.37996514321e-09	4.71086055364e-11
3.38102402953e-09	-6.18973616936e-11
3.38208291585e-09	5.09719241641e-11
3.38314180218e-09	4.17324226391e-11
3.3842006885e-09	-3.61899280075e-11
3.38525957482e-09	9.1359251761e-11
3.38631846114e-09	1.91100373373e-11
3.38737734747e-09	-1.6584547971e-11
3.38843623379e-09	9.17016280619e-11
3.38949512011e-09	-2.80103684388e-11
3.39055400644e-09	-8.27424684758e-12
3.39161289276e-09	6.32640615513e-11
3.39267177908e-09	-6.72635647268e-11
3.39373066541e-09	1.41977230753e-11
3.39478955173e-09	3.99393070699e-11
3.39584843805e-09	-6.64521278716e-11
3.39690732438e-09	5.98537595355e-11
3.3979662107e-09	2.98894797801e-11
3.39902509702e-09	-3.44096679318e-11
3.40008398334e-09	9.8863490311e-11
3.40114286967e-09	9.38050505328e-12
3.40220175599e-09	-5.17335610115e-12
3.40326064231e-09	9.87732569346e-11
3.40431952864e-09	-3.24927181515e-11
3.40537841496e-09	8.78889170643e-12
3.40643730128e-09	6.53272108717e-11
3.40749618761e-09	-6.89542905738e-11
3.40855507393e-09	2.91054861961e-11
3.40961396025e-09	3.27994262067e-11
3.41067284658e-09	-6.74513530967e-11
3.4117317329e-09	6.83524434969e-11
3.41279061922e-09	1.6587320276e-11
3.41384950554e-09	-3.17097533127e-11
3.41490839187e-09	1.02860554275e-10
3.41596727819e-09	-2.86781362546e-12
3.41702616451e-09	4.83046957468e-12
3.41808505084e-09	1.01207694135e-10
3.41914393716e-09	-3.77611475075e-11
3.42020282348e-09	2.57132670191e-11
3.42126170981e-09	6.51747527475e-11
3.42232059613e-09	-6.83061427515e-11
3.42337948245e-09	4.51359890219e-11
3.42443836878e-09	2.57737253848e-11
3.4254972551e-09	-6.51798580387e-11
3.42655614142e-09	7.61725457016e-11
3.42761502774e-09	2.19681000821e-12
3.42867391407e-09	-2.78810440447e-11
3.42973280039e-09	1.03922109633e-10
3.43079168671e-09	-1.6068921584e-11
3.43185057304e-09	1.51490903155e-11
3.43290945936e-09	1.00162646406e-10
3.43396834568e-09	-4.2804303396e-11
3.43502723201e-09	4.2304499747e-11
3.43608611833e-09	6.24367098821e-11
3.43714500465e-09	-6.62106255239e-11
3.43820389097e-09	6.02931450426e-11
3.4392627773e-09	1.74708854155e-11
3.44032166362e-09	-6.03167512681e-11
3.44138054994e-09	8.33876470478e-11
3.44243943627e-09	-1.1895259517e-11
3.44349832259e-09	-2.17747152774e-11
3.44455720891e-09	1.03020801959e-10
3.44561609524e-09	-2.8801436713e-11
3.44667498156e-09	2.59419521455e-11
3.44773386788e-09	9.62372074392e-11
3.44879275421e-09	-4.71382992319e-11
3.44985164053e-09	5.81560485532e-11
3.45091052685e-09	5.74846567916e-11
3.45196941317e-09	-6.20036116634e-11
3.4530282995e-09	7.47250729176e-11
3.45408718582e-09	8.49501914126e-12
3.45514607214e-09	-5.33257880127e-11
3.45620495847e-09	8.91959323242e-11
3.45726384479e-09	-2.53132950798e-11
3.45832273111e-09	-1.35027327861e-11
3.45938161744e-09	1.00251667211e-10
3.46044050376e-09	-4.06053191288e-11
3.46149939008e-09	3.70856375123e-11
3.46255827641e-09	8.97556967985e-11
3.46361716273e-09	-5.04527418108e-11
3.46467604905e-09	7.3067322158e-11
3.46573493537e-09	5.04245234977e-11
3.4667938217e-09	-5.61603845026e-11
3.46785270802e-09	8.79192695209e-11
3.46891159434e-09	-7.89909153712e-13
3.46997048067e-09	-4.32515257333e-11
3.47102936699e-09	9.36493465241e-11
3.47208825331e-09	-3.76535146378e-11
3.47314713964e-09	-3.67301783606e-12
3.47420602596e-09	9.51058476764e-11
3.47526491228e-09	-5.07757285653e-11
3.4763237986e-09	4.87266277674e-11
3.47738268493e-09	8.10290827491e-11
3.47844157125e-09	-5.16577949037e-11
3.47950045757e-09	8.69648797419e-11
3.4805593439e-09	4.21251852845e-11
3.48161823022e-09	-4.76497846172e-11
3.48267711654e-09	9.99885669054e-11
3.48373600287e-09	-9.69062200276e-12
3.48479488919e-09	-3.09801130062e-11
3.48585377551e-09	9.6600566088e-11
3.48691266184e-09	-4.8448149572e-11
3.48797154816e-09	7.8306304583e-12
3.48903043448e-09	8.81274718999e-11
3.4900893208e-09	-5.96450018282e-11
3.49114820713e-09	5.97497312044e-11
3.49220709345e-09	6.99267926549e-11
3.49326597977e-09	-5.12719956552e-11
3.4943248661e-09	9.98572596139e-11
3.49538375242e-09	3.28595145885e-11
3.49644263874e-09	-3.67085129654e-11
3.49750152507e-09	1.10536721269e-10
3.49856041139e-09	-1.77104674242e-11
3.49961929771e-09	-1.61457674487e-11
3.50067818404e-09	9.83932380016e-11
3.50173707036e-09	-5.70513159284e-11
3.50279595668e-09	2.0737033618e-11
3.503854843e-09	7.94461133165e-11
3.50491372933e-09	-6.62577096053e-11
3.50597261565e-09	7.0324761639e-11
3.50703150197e-09	5.72211280095e-11
3.5080903883e-09	-4.90035084993e-11
3.50914927462e-09	1.10581981939e-10
3.51020816094e-09	2.26518192224e-11
3.51126704727e-09	-2.39627918203e-11
3.51232593359e-09	1.19527865904e-10
3.51338481991e-09	-2.44784223273e-11
3.51444370624e-09	1.04572860787e-12
3.51550259256e-09	9.86550806326e-11
3.51656147888e-09	-6.3422933138e-11
3.5176203652e-09	3.47067253409e-11
3.51867925153e-09	6.93615590311e-11
3.51973813785e-09	-7.02712634176e-11
3.52079702417e-09	8.0126610208e-11
3.5218559105e-09	4.26159099329e-11
3.52291479682e-09	-4.51247917071e-11
3.52397368314e-09	1.18779180935e-10
3.52503256947e-09	1.1730824645e-11
3.52609145579e-09	-1.00890381119e-11
3.52715034211e-09	1.25029493703e-10
3.52820922843e-09	-3.04670269048e-11
3.52926811476e-09	1.92483555136e-11
3.53032700108e-09	9.72671223079e-11
3.5313858874e-09	-6.64900925117e-11
3.53244477373e-09	4.98921754605e-11
3.53350366005e-09	5.87424995799e-11
3.53456254637e-09	-7.09125063357e-11
3.5356214327e-09	8.93816357733e-11
3.53668031902e-09	2.76709978715e-11
3.53773920534e-09	-3.96004949752e-11
3.53879809167e-09	1.24031422286e-10
3.53985697799e-09	-6.04166022766e-13
3.54091586431e-09	3.86408483335e-12
3.54197475063e-09	1.2742654501e-10
3.54303363696e-09	-3.5685540677e-11
3.54409252328e-09	3.82820832326e-11
3.5451514096e-09	9.44418753271e-11
3.54621029593e-09	-6.66342426115e-11
3.54726918225e-09	6.55592810941e-11
3.54832806857e-09	4.79102356746e-11
3.5493869549e-09	-6.77843590719e-11
3.55044584122e-09	9.75977961643e-11
3.55150472754e-09	1.24690418581e-11
3.55256361387e-09	-3.21707749416e-11
3.55362250019e-09	1.25921696681e-10
3.55468138651e-09	-1.33426199776e-11
3.55574027283e-09	1.76055472284e-11
3.55679915916e-09	1.25643538976e-10
3.55785804548e-09	-4.10069497889e-11
3.5589169318e-09	5.60174554312e-11
3.55997581813e-09	8.8765227807e-11
3.56103470445e-09	-6.44302024927e-11
3.56209359077e-09	8.11163328347e-11
3.5631524771e-09	3.73067744232e-11
3.56421136342e-09	-6.12314307331e-11
3.56527024974e-09	1.05441252084e-10
3.56632913607e-09	-2.05412705075e-12
3.56738802239e-09	-2.25414797505e-11
3.56844690871e-09	1.25368032795e-10
3.56950579503e-09	-2.5755489538e-11
3.57056468136e-09	3.08466919542e-11
3.57162356768e-09	1.19738025051e-10
3.572682454e-09	-4.57067899154e-11
3.57374134033e-09	7.20552055522e-11
3.57480022665e-09	8.02637878036e-11
3.57585911297e-09	-6.03657400488e-11
3.5769179993e-09	9.51942587257e-11
3.57797688562e-09	2.63531414572e-11
3.57903577194e-09	-5.14028142967e-11
3.58009465826e-09	1.12114025529e-10
3.58115354459e-09	-1.47878053119e-11
3.58221243091e-09	-1.07428415122e-11
3.58327131723e-09	1.22346298891e-10
3.58433020356e-09	-3.72550907225e-11
3.58538908988e-09	4.36133828705e-11
3.5864479762e-09	1.10310764863e-10
3.58750686253e-09	-5.0236126023e-11
3.58856574885e-09	8.55905251188e-11
3.58962463517e-09	6.87733125657e-11
3.5906835215e-09	-5.53320815273e-11
3.59174240782e-09	1.07117384407e-10
3.59280129414e-09	1.52544712972e-11
3.59386018046e-09	-3.92679413291e-11
3.59491906679e-09	1.16995119322e-10
3.59597795311e-09	-2.60787062518e-11
3.59703683943e-09	3.09919407845e-12
3.59809572576e-09	1.17583318082e-10
3.59915461208e-09	-4.64461364334e-11
3.6002134984e-09	5.62828238876e-11
3.60127238473e-09	9.80475900123e-11
3.60233127105e-09	-5.33347129482e-11
3.60339015737e-09	9.63814852581e-11
3.6044490437e-09	5.46952847597e-11
3.60550793002e-09	-4.89740481784e-11
3.60656681634e-09	1.15742123351e-10
3.60762570266e-09	3.15102327911e-12
3.60868458899e-09	-2.55068481527e-11
3.60974347531e-09	1.19643649155e-10
3.61080236163e-09	-3.5745224055e-11
3.61186124796e-09	1.83651945648e-11
3.61292013428e-09	1.10762896251e-10
3.6139790206e-09	-5.31543841061e-11
3.61503790693e-09	6.84989365576e-11
3.61609679325e-09	8.38151995725e-11
3.61715567957e-09	-5.42952586103e-11
3.61821456589e-09	1.05223990111e-10
3.61927345222e-09	3.9242908402e-11
3.62033233854e-09	-4.1397710455e-11
3.62139122486e-09	1.20737237916e-10
3.62245011119e-09	-9.54786748796e-12
3.62350899751e-09	-1.16576158449e-11
3.62456788383e-09	1.18654801262e-10
3.62562677016e-09	-4.42715772896e-11
3.62668565648e-09	3.36601449838e-11
3.6277445428e-09	1.0221023073e-10
3.62880342913e-09	-5.73019313206e-11
3.62986231545e-09	8.05270555099e-11
3.63092120177e-09	6.913006452e-11
3.63198008809e-09	-5.23785140694e-11
3.63303897442e-09	1.12474066519e-10
3.63409786074e-09	2.31779894756e-11
3.63515674706e-09	-3.23278669459e-11
3.63621563339e-09	1.22568875188e-10
3.63727451971e-09	-2.20287002615e-11
3.63833340603e-09	2.34279219288e-12
3.63939229236e-09	1.13956712122e-10
3.64045117868e-09	-5.17035075778e-11
3.641510065e-09	4.81307849479e-11
3.64256895133e-09	9.08328369117e-11
3.64362783765e-09	-5.87381008632e-11
3.64468672397e-09	9.1664335844e-11
3.64574561029e-09	5.41224417713e-11
3.64680449662e-09	-4.69750204447e-11
3.64786338294e-09	1.18055737929e-10
3.64892226926e-09	8.01526770303e-12
3.64998115559e-09	-2.16777151785e-11
3.65104004191e-09	1.21348748758e-10
3.65209892823e-09	-3.40372075143e-11
3.65315781456e-09	1.61430402466e-11
3.65421670088e-09	1.05945229152e-10
3.6552755872e-09	-5.77909561568e-11
3.65633447353e-09	6.11296490857e-11
3.65739335985e-09	7.76398780336e-11
3.65845224617e-09	-5.76946730272e-11
3.65951113249e-09	1.01536015706e-10
3.66057001882e-09	3.88552193892e-11
3.66162890514e-09	-3.89783487605e-11
3.66268779146e-09	1.22017848082e-10
3.66374667779e-09	-5.48988502228e-12
3.66480556411e-09	-8.51556065246e-12
3.66586445043e-09	1.17996951619e-10
3.66692333676e-09	-4.4033699213e-11
3.66798222308e-09	3.00669528337e-11
3.6690411094e-09	9.53775418019e-11
3.67009999572e-09	-6.21455595318e-11
3.67115888205e-09	7.27177927248e-11
3.67221776837e-09	6.22310206838e-11
3.67327665469e-09	-5.5118272495e-11
3.67433554102e-09	1.08553724169e-10
3.67539442734e-09	2.3567089686e-11
3.67645331366e-09	-2.87771586074e-11
3.67751219999e-09	1.24005079642e-10
3.67857108631e-09	-1.7482237229e-11
3.67962997263e-09	6.13997221122e-12
3.68068885896e-09	1.13214667675e-10
3.68174774528e-09	-5.08275329377e-11
3.6828066316e-09	4.44160624079e-11
3.68386551792e-09	8.30696180246e-11
3.68492440425e-09	-6.42201160956e-11
3.68598329057e-09	8.22865395614e-11
3.68704217689e-09	4.55319970095e-11
3.68810106322e-09	-5.05206170951e-11
3.68915994954e-09	1.12579351223e-10
3.69021883586e-09	7.70039544282e-12
3.69127772219e-09	-1.74363982454e-11
3.69233660851e-09	1.22855921617e-10
3.69339549483e-09	-2.72673619794e-11
3.69445438116e-09	2.23486190491e-11
3.69551326748e-09	1.06857912276e-10
3.6965721538e-09	-5.43577557098e-11
3.69763104012e-09	5.88108650321e-11
3.69868992645e-09	7.00586680683e-11
3.69974881277e-09	-6.26350522013e-11
3.70080769909e-09	9.0353646006e-11
3.70186658542e-09	2.8200362618e-11
3.70292547174e-09	-4.45460106519e-11
3.70398435806e-09	1.13294063367e-10
3.70504324439e-09	-7.77611742359e-12
3.70610213071e-09	-5.25299595489e-12
3.70716101703e-09	1.18770627014e-10
3.70821990336e-09	-3.55396437106e-11
3.70927878968e-09	3.84656312878e-11
3.710337676e-09	9.86478503051e-11
3.71139656232e-09	-5.46533248345e-11
3.71245544865e-09	7.30851342987e-11
3.71351433497e-09	5.69915078671e-11
3.71457322129e-09	-5.75937120261e-11
3.71563210762e-09	9.69081663874e-11
3.71669099394e-09	1.17010056158e-11
3.71774988026e-09	-3.57489709493e-11
3.71880876659e-09	1.11544934747e-10
3.71986765291e-09	-2.22132724541e-11
3.72092653923e-09	6.97124606305e-12
3.72198542555e-09	1.11428307553e-10
3.72304431188e-09	-4.22330228515e-11
3.7241031982e-09	5.3509584784e-11
3.72516208452e-09	8.81378546536e-11
3.72622097085e-09	-5.24946127149e-11
3.72727985717e-09	8.60271940489e-11
3.72833874349e-09	4.37880790655e-11
3.72939762982e-09	-4.96402130555e-11
3.73045651614e-09	1.02158787506e-10
3.73151540246e-09	-3.3732897118e-12
3.73257428879e-09	-2.47013597185e-11
3.73363317511e-09	1.07877743197e-10
3.73469206143e-09	-3.45164565332e-11
3.73575094775e-09	1.98441512788e-11
3.73680983408e-09	1.01155686258e-10
3.7378687204e-09	-4.73526587949e-11
3.73892760672e-09	6.63318592761e-11
3.73998649305e-09	7.47049045888e-11
3.74104537937e-09	-4.87891608624e-11
3.74210426569e-09	9.6098546655e-11
3.74316315202e-09	3.02448560988e-11
3.74422203834e-09	-3.85586596289e-11
3.74528092466e-09	1.06026278902e-10
3.74633981099e-09	-1.53557067235e-11
3.74739869731e-09	-1.08424384922e-11
3.74845758363e-09	1.02689062982e-10
3.74951646995e-09	-4.39490865575e-11
3.75057535628e-09	3.27393416197e-11
3.7516342426e-09	8.83962590625e-11
3.75269312892e-09	-5.09405169956e-11
3.75375201525e-09	7.67574406813e-11
3.75481090157e-09	5.89457328434e-11
3.75586978789e-09	-4.34991672673e-11
3.75692867422e-09	1.03288941636e-10
3.75798756054e-09	1.64672195151e-11
3.75904644686e-09	-2.55271756424e-11
3.76010533318e-09	1.07810668379e-10
3.76116421951e-09	-2.5177052717e-11
3.76222310583e-09	5.04034466074e-12
3.76328199215e-09	9.59498088621e-11
3.76434087848e-09	-5.01377891027e-11
3.7653997648e-09	4.55817055107e-11
3.76645865112e-09	7.37151780589e-11
3.76751753745e-09	-5.21867551885e-11
3.76857642377e-09	8.43250304652e-11
3.76963531009e-09	4.18251670277e-11
3.77069419642e-09	-3.72111674156e-11
3.77175308274e-09	1.06708177017e-10
3.77281196906e-09	3.0696326557e-12
3.77387085538e-09	-1.15256315776e-11
3.77492974171e-09	1.0638098822e-10
3.77598862803e-09	-3.27855388237e-11
3.77704751435e-09	2.13272539819e-11
3.77810640068e-09	8.76663177815e-11
3.779165287e-09	-5.28715258423e-11
3.78022417332e-09	5.791486778e-11
3.78128305965e-09	5.82677300506e-11
3.78234194597e-09	-5.05785546705e-11
3.78340083229e-09	8.9798054409e-11
3.78445971862e-09	2.42414569321e-11
3.78551860494e-09	-2.93066568192e-11
3.78657749126e-09	1.06555872632e-10
3.78763637758e-09	-1.04735985509e-11
3.78869526391e-09	2.55956627421e-12
3.78975415023e-09	1.01395194324e-10
3.79081303655e-09	-3.89137088438e-11
3.79187192288e-09	3.70004001396e-11
3.7929308092e-09	7.70533532812e-11
3.79398969552e-09	-5.28958734453e-11
3.79504858185e-09	6.88022928561e-11
3.79610746817e-09	4.27590428342e-11
3.79716635449e-09	-4.53575179667e-11
3.79822524082e-09	9.36767685991e-11
3.79928412714e-09	7.75025313024e-12
3.80034301346e-09	-1.92878753334e-11
3.80140189978e-09	1.03140636656e-10
3.80246078611e-09	-2.29423060411e-11
3.80351967243e-09	1.58271811455e-11
3.80457855875e-09	9.22352628302e-11
3.80563744508e-09	-4.45455988719e-11
3.8066963314e-09	5.01536412227e-11
3.80775521772e-09	6.36662571621e-11
3.80881410405e-09	-5.02953245729e-11
3.80987299037e-09	7.87628638525e-11
3.81093187669e-09	2.79817067954e-11
3.81199076301e-09	-3.64739840978e-11
3.81304964934e-09	9.62578211583e-11
3.81410853566e-09	-6.50319034734e-12
3.81516742198e-09	-7.12245887269e-12
3.81622630831e-09	9.72266954447e-11
3.81728519463e-09	-3.37346427919e-11
3.81834408095e-09	2.80687239944e-11
3.81940296728e-09	7.93420728423e-11
3.8204618536e-09	-4.87670250319e-11
3.82152073992e-09	6.08013387901e-11
3.82257962625e-09	4.85554547958e-11
3.82363851257e-09	-4.57554642775e-11
3.82469739889e-09	8.58702085133e-11
3.82575628521e-09	1.35504537278e-11
3.82681517154e-09	-2.4540069846e-11
3.82787405786e-09	9.72440175259e-11
3.82893294418e-09	-1.80795669234e-11
3.82999183051e-09	6.71922326806e-12
3.83105071683e-09	8.8954531241e-11
3.83210960315e-09	-4.20866017817e-11
3.83316848948e-09	3.94115942139e-11
3.8342273758e-09	6.37404044476e-11
3.83528626212e-09	-5.11488567429e-11
3.83634514845e-09	6.82957236771e-11
3.83740403477e-09	3.11400388982e-11
3.83846292109e-09	-3.95112181905e-11
3.83952180741e-09	8.98473439745e-11
3.84058069374e-09	-2.45275588034e-13
3.84163958006e-09	-1.11198721672e-11
3.84269846638e-09	9.54627757052e-11
3.84375735271e-09	-2.74490625542e-11
3.84481623903e-09	2.13856400037e-11
3.84587512535e-09	7.89910125157e-11
3.84693401168e-09	-4.73861003604e-11
3.847992898e-09	5.00735715912e-11
3.84905178432e-09	4.70482867075e-11
3.85011067065e-09	-5.08099070088e-11
3.85116955697e-09	7.35900884501e-11
3.85222844329e-09	1.30920604219e-11
3.85328732961e-09	-3.1613866852e-11
3.85434621594e-09	9.01968955254e-11
3.85540510226e-09	-1.38757601329e-11
3.85646398858e-09	2.92026797709e-12
3.85752287491e-09	9.04355939094e-11
3.85858176123e-09	-3.44874330916e-11
3.85964064755e-09	3.67671097561e-11
3.86069953388e-09	6.75840000283e-11
3.8617584202e-09	-4.86083653255e-11
3.86281730652e-09	6.03648507048e-11
3.86387619284e-09	3.02910847447e-11
3.86493507917e-09	-4.68053330469e-11
3.86599396549e-09	7.65333978917e-11
3.86705285181e-09	-4.61743187088e-12
3.86811173814e-09	-2.27932634247e-11
3.86917062446e-09	8.63786659387e-11
3.87022951078e-09	-2.67617218533e-11
3.87128839711e-09	1.62726449069e-11
3.87234728343e-09	8.15436017321e-11
3.87340616975e-09	-3.98044392586e-11
3.87446505608e-09	5.07313605187e-11
3.8755239424e-09	5.47827178586e-11
3.87658282872e-09	-4.61065295372e-11
3.87764171504e-09	7.01601506926e-11
3.87870060137e-09	1.4291963446e-11
3.87975948769e-09	-3.92209148731e-11
3.88081837401e-09	7.81357374635e-11
3.88187726034e-09	-2.07665737904e-11
3.88293614666e-09	-1.18215343656e-11
3.88399503298e-09	7.9210463709e-11
3.88505391931e-09	-3.89453534526e-11
3.88611280563e-09	2.86072966531e-11
3.88717169195e-09	6.92349988105e-11
3.88823057828e-09	-4.28818976855e-11
3.8892894646e-09	6.30364046551e-11
3.89034835092e-09	4.0686269024e-11
3.89140723724e-09	-4.0056084968e-11
3.89246612357e-09	7.84691582545e-11
3.89352500989e-09	-2.76208309696e-13
3.89458389621e-09	-2.78921728379e-11
3.89564278254e-09	7.75104453277e-11
3.89670166886e-09	-3.48368442383e-11
3.89776055518e-09	2.90170448433e-13
3.89881944151e-09	6.91954995906e-11
3.89987832783e-09	-4.88997441714e-11
3.90093721415e-09	3.97901559791e-11
3.90199610047e-09	5.36498415138e-11
3.9030549868e-09	-4.43034020386e-11
3.90411387312e-09	7.2942255968e-11
3.90517275944e-09	2.54607203376e-11
3.90623164577e-09	-3.10825627389e-11
3.90729053209e-09	8.45318346571e-11
3.90834941841e-09	-1.32866152976e-11
3.90940830474e-09	-1.35654547491e-11
3.91046719106e-09	7.50247312192e-11
3.91152607738e-09	-4.57492372978e-11
3.91258496371e-09	1.3833699377e-11
3.91364385003e-09	5.70810534256e-11
3.91470273635e-09	-5.56363905684e-11
3.91576162267e-09	4.98714262161e-11
3.916820509e-09	3.5937843413e-11
3.91787939532e-09	-4.32173747743e-11
3.91893828164e-09	7.98156601575e-11
3.91999716797e-09	8.94893057227e-12
3.92105605429e-09	-2.06037691249e-11
3.92211494061e-09	8.74645455888e-11
3.92317382694e-09	-2.48824245713e-11
3.92423271326e-09	2.71086473581e-12
3.92529159958e-09	7.08611455104e-11
3.92635048591e-09	-5.31397413052e-11
3.92740937223e-09	2.85882630503e-11
3.92846825855e-09	4.35082464847e-11
3.92952714487e-09	-5.89344937869e-11
3.9305860312e-09	5.8837478726e-11
3.93164491752e-09	1.7081471437e-11
3.93270380384e-09	-3.95479137177e-11
3.93376269017e-09	8.34379089258e-11
3.93482157649e-09	-8.04586106941e-12
3.93588046281e-09	-8.64590300395e-12
3.93693934914e-09	8.64662217694e-11
3.93799823546e-09	-3.55256928476e-11
3.93905712178e-09	1.94918777299e-11
3.94011600811e-09	6.38431694663e-11
3.94117489443e-09	-5.70799818002e-11
3.94223378075e-09	4.34391947326e-11
3.94329266707e-09	2.92689592181e-11
3.9443515534e-09	-5.79657973097e-11
3.94541043972e-09	6.65906325307e-11
3.94646932604e-09	-1.52552373945e-12
3.94752821237e-09	-3.29826131684e-11
3.94858709869e-09	8.42024314857e-11
3.94964598501e-09	-2.46876707445e-11
3.95070487134e-09	4.29683654109e-12
3.95176375766e-09	8.15832206479e-11
3.95282264398e-09	-4.4679320031e-11
3.9538815303e-09	3.61018550124e-11
3.95494041663e-09	5.37903762331e-11
3.95599930295e-09	-5.81116990465e-11
3.95705818927e-09	5.75327045119e-11
3.9581170756e-09	1.38312187224e-11
3.95917596192e-09	-5.27861231288e-11
3.96023484824e-09	7.31271908804e-11
3.96129373457e-09	-1.96663026576e-11
3.96235262089e-09	-2.37204582148e-11
3.96341150721e-09	8.16807340081e-11
3.96447039354e-09	-4.00582259421e-11
3.96552927986e-09	1.76563804809e-11
3.96658816618e-09	7.26133432896e-11
3.9676470525e-09	-5.18908923805e-11
3.96870593883e-09	5.18940068868e-11
3.96976482515e-09	4.12382263754e-11
3.97082371147e-09	-5.59614637616e-11
3.9718825978e-09	7.03311096428e-11
3.97294148412e-09	-2.00477243313e-12
3.97400037044e-09	-4.42529351921e-11
3.97505925677e-09	7.75359955819e-11
3.97611814309e-09	-3.66453303249e-11
3.97717702941e-09	-1.15181176229e-11
3.97823591574e-09	7.63252542765e-11
3.97929480206e-09	-5.35169785007e-11
3.98035368838e-09	3.16517385218e-11
3.9814125747e-09	6.06918200592e-11
3.98247146103e-09	-5.68810094512e-11
3.98353034735e-09	6.60256693069e-11
3.98458923367e-09	2.61157423811e-11
3.98564812e-09	-5.10498577005e-11
3.98670700632e-09	8.04279548777e-11
3.98776589264e-09	-1.78490066694e-11
3.98882477897e-09	-3.28045799075e-11
3.98988366529e-09	7.93002212832e-11
3.99094255161e-09	-5.14260548208e-11
3.99200143794e-09	2.73823585334e-12
3.99306032426e-09	6.80665444798e-11
3.99411921058e-09	-6.42456112181e-11
3.9951780969e-09	4.58616599558e-11
3.99623698323e-09	4.56024116038e-11
3.99729586955e-09	-5.92481133599e-11
3.99835475587e-09	7.80413398835e-11
3.9994136422e-09	8.93394624772e-12
4.00047252852e-09	-4.38220047272e-11
4.00153141484e-09	8.76293267549e-11
4.00259030117e-09	-3.37080543599e-11
4.00364918749e-09	-1.85261621582e-11
4.00470807381e-09	7.79301217741e-11
4.00576696013e-09	-6.46574534365e-11
4.00682584646e-09	1.81347717875e-11
4.00788473278e-09	5.70524660501e-11
4.0089436191e-09	-7.19026405256e-11
4.01000250543e-09	5.95853026208e-11
4.01106139175e-09	2.87408365336e-11
4.01212027807e-09	-5.82633702569e-11
4.0131791644e-09	8.78472893387e-11
4.01423805072e-09	-9.1145654392e-12
4.01529693704e-09	-3.37657226398e-11
4.01635582337e-09	9.11487029517e-11
4.01741470969e-09	-4.90381452892e-11
4.01847359601e-09	-2.81621319147e-12
4.01953248233e-09	7.30275777458e-11
4.02059136866e-09	-7.54405886719e-11
4.02165025498e-09	3.48264129124e-11
4.0227091413e-09	4.40819501128e-11
4.02376802763e-09	-7.59113334258e-11
4.02482691395e-09	7.23477866157e-11
4.02588580027e-09	9.96837616792e-12
4.0269446866e-09	-5.42155656306e-11
4.02800357292e-09	9.46934050269e-11
4.02906245924e-09	-2.81587615638e-11
4.03012134557e-09	-2.17586172604e-11
4.03118023189e-09	9.11497056218e-11
4.03223911821e-09	-6.35072118591e-11
4.03329800453e-09	1.45601805352e-11
4.03435689086e-09	6.53352289805e-11
4.03541577718e-09	-8.26557169063e-11
4.0364746635e-09	5.15527342495e-11
4.03753354983e-09	2.85597592667e-11
4.03859243615e-09	-7.65354312045e-11
4.03965132247e-09	8.31347839961e-11
4.0407102088e-09	-1.02967085813e-11
4.04176909512e-09	-4.73139658962e-11
4.04282798144e-09	9.8071492767e-11
4.04388686776e-09	-4.69109889822e-11
4.04494575409e-09	-7.49401105407e-12
4.04600464041e-09	8.77881790699e-11
4.04706352673e-09	-7.57335964774e-11
4.04812241306e-09	3.24533321223e-11
4.04918129938e-09	5.45897430992e-11
4.0502401857e-09	-8.70238471128e-11
4.05129907203e-09	6.75322795731e-11
4.05235795835e-09	1.12225295788e-11
4.05341684467e-09	-7.33149739919e-11
4.054475731e-09	9.2082323537e-11
4.05553461732e-09	-3.0966774609e-11
4.05659350364e-09	-3.74796565311e-11
4.05765238996e-09	9.83666377519e-11
4.05871127629e-09	-6.48799345412e-11
4.05977016261e-09	8.1703526323e-12
4.06082904893e-09	8.04330517121e-11
4.06188793526e-09	-8.57102793687e-11
4.06294682158e-09	5.10989636021e-11
4.0640057079e-09	4.12932661155e-11
