==============================================================================
Stage 07: design_sample_7063_wc_L1_ipc_top  (template sim_pkg_5844, pair 4, geometry='x_local_norm')
==============================================================================

  --- geometry sanity check [design_sample_7063_wc_L1_ipc_top] ---
    via_radius   = 11.815 mil
    antipad_rad  = 32.153 mil
    pitch        = 69.122 mil
    TDIEL/TMET   = 229.2 total, eps_r=3.934, tan_d=0.0211
    n_ports      = 20
    geometry looks physical (via < antipad < pitch/2, eps_r>1).

  building + simulating in OpenEMS (20 ports) ...
  ArrayModelBuilder v4 (CoaxialPort) for generated_from_sim_pkg_5844
    board (mil) : x[-69.1,207.4] y[-69.1,414.7] z[0,229.2]
    domain (mil): z[-100.0,329.2] (coax stubs of 100 mil above/below)
    coax launch : r_i=11.815 r_o=32.153 (air, Z0 ~ 60 ohm; renormalized to 50 ohm on output)
    mesh res    : 2.976 mil (20 cells/lambda @ 100 GHz)
    boundaries  : lateral PML_8 (infinite planes), z MUR (fallback)
    n_ports     : 20
    [excite port 1/20]
 ---------------------------------------------------------------------- 
 | openEMS 64bit -- version v0.37.0-rc1-2-g7b051bb
 | (C) 2010-2026 Thorsten Liebig <thorsten.liebig@gmx.de>  GPL license
 ---------------------------------------------------------------------- 
	Used external libraries:
		CSXCAD -- Version: v0.7.0-rc1-1-g5115701
		hdf5   -- Version: 1.10.10
		          compiled against: HDF5 library version: 1.10.10
		tinyxml -- compiled against: 2.6.2
		fparser
		boost  -- compiled against: 1_83
		vtk -- Version: 9.1.0
		       compiled against: 9.1.0

Create FDTD operator (compressed SSE + multi-threading)
FDTD simulation size: 155x236x131 --> 4.79198e+06 FDTD cells 
FDTD timestep is: 1.27264e-13 s; Nyquist rate: 39 timesteps @1.0074e+11 Hz
Excitation signal length is: 452 timesteps (5.75231e-11s)
Max. number of timesteps: 60000 ( --> 132.743 * Excitation signal length)
Create FDTD engine (compressed SSE + multi-threading)
Running FDTD engine... this may take a while... grab a cup of coffee?!?
[@        4s] Timestep:          198 || Speed:  236.6 MC/s (2.025e-02 s/TS) || Energy: ~3.98e-18 (- 0.00dB)
[@        8s] Timestep:          513 || Speed:  373.3 MC/s (1.284e-02 s/TS) || Energy: ~2.29e-17 (- 0.00dB)
[@       12s] Timestep:          846 || Speed:  391.7 MC/s (1.224e-02 s/TS) || Energy: ~1.13e-17 (- 3.07dB)
[@       16s] Timestep:         1179 || Speed:  395.7 MC/s (1.211e-02 s/TS) || Energy: ~3.82e-18 (- 7.77dB)
[@       20s] Timestep:         1521 || Speed:  405.3 MC/s (1.182e-02 s/TS) || Energy: ~1.39e-18 (-12.17dB)
[@       24s] Timestep:         1863 || Speed:  399.7 MC/s (1.199e-02 s/TS) || Energy: ~7.99e-19 (-14.56dB)
Multithreaded Engine: Best performance found using 5 threads.
[@       28s] Timestep:         2205 || Speed:  402.9 MC/s (1.189e-02 s/TS) || Energy: ~5.12e-19 (-16.50dB)
[@       32s] Timestep:         2547 || Speed:  404.3 MC/s (1.185e-02 s/TS) || Energy: ~3.12e-19 (-18.65dB)
[@       36s] Timestep:         2889 || Speed:  405.0 MC/s (1.183e-02 s/TS) || Energy: ~1.69e-19 (-21.30dB)
[@       40s] Timestep:         3240 || Speed:  409.9 MC/s (1.169e-02 s/TS) || Energy: ~1.45e-19 (-21.99dB)
[@       44s] Timestep:         3582 || Speed:  405.2 MC/s (1.183e-02 s/TS) || Energy: ~1.12e-19 (-23.11dB)
[@       48s] Timestep:         3924 || Speed:  402.6 MC/s (1.190e-02 s/TS) || Energy: ~6.77e-20 (-25.28dB)
[@       52s] Timestep:         4257 || Speed:  390.6 MC/s (1.227e-02 s/TS) || Energy: ~4.87e-20 (-26.72dB)
[@       56s] Timestep:         4590 || Speed:  393.2 MC/s (1.219e-02 s/TS) || Energy: ~3.66e-20 (-27.95dB)
[@     1m00s] Timestep:         4923 || Speed:  392.6 MC/s (1.221e-02 s/TS) || Energy: ~3.11e-20 (-28.67dB)
[@     1m04s] Timestep:         5256 || Speed:  392.4 MC/s (1.221e-02 s/TS) || Energy: ~2.62e-20 (-29.41dB)
[@     1m08s] Timestep:         5589 || Speed:  397.7 MC/s (1.205e-02 s/TS) || Energy: ~1.84e-20 (-30.94dB)
[@     1m13s] Timestep:         5922 || Speed:  392.3 MC/s (1.221e-02 s/TS) || Energy: ~1.11e-20 (-33.15dB)
[@     1m17s] Timestep:         6255 || Speed:  394.1 MC/s (1.216e-02 s/TS) || Energy: ~7.65e-21 (-34.75dB)
[@     1m21s] Timestep:         6588 || Speed:  394.7 MC/s (1.214e-02 s/TS) || Energy: ~7.15e-21 (-35.05dB)
[@     1m25s] Timestep:         6921 || Speed:  389.1 MC/s (1.232e-02 s/TS) || Energy: ~6.88e-21 (-35.22dB)
[@     1m29s] Timestep:         7254 || Speed:  389.9 MC/s (1.229e-02 s/TS) || Energy: ~5.22e-21 (-36.41dB)
[@     1m33s] Timestep:         7578 || Speed:  385.2 MC/s (1.244e-02 s/TS) || Energy: ~3.67e-21 (-37.94dB)
[@     1m37s] Timestep:         7911 || Speed:  391.9 MC/s (1.223e-02 s/TS) || Energy: ~2.37e-21 (-39.84dB)
[@     1m41s] Timestep:         8244 || Speed:  396.5 MC/s (1.209e-02 s/TS) || Energy: ~1.80e-21 (-41.04dB)
[@     1m45s] Timestep:         8568 || Speed:  386.4 MC/s (1.240e-02 s/TS) || Energy: ~1.46e-21 (-41.94dB)
[@     1m49s] Timestep:         8901 || Speed:  392.4 MC/s (1.221e-02 s/TS) || Energy: ~1.39e-21 (-42.16dB)
[@     1m53s] Timestep:         9225 || Speed:  387.3 MC/s (1.237e-02 s/TS) || Energy: ~1.22e-21 (-42.72dB)
[@     1m57s] Timestep:         9549 || Speed:  382.0 MC/s (1.255e-02 s/TS) || Energy: ~9.96e-22 (-43.61dB)
[@     2m01s] Timestep:         9864 || Speed:  370.8 MC/s (1.292e-02 s/TS) || Energy: ~7.84e-22 (-44.65dB)
[@     2m05s] Timestep:        10188 || Speed:  384.8 MC/s (1.245e-02 s/TS) || Energy: ~5.92e-22 (-45.86dB)
[@     2m09s] Timestep:        10521 || Speed:  389.3 MC/s (1.231e-02 s/TS) || Energy: ~4.34e-22 (-47.21dB)
[@     2m13s] Timestep:        10854 || Speed:  393.9 MC/s (1.217e-02 s/TS) || Energy: ~2.74e-22 (-49.21dB)
[@     2m17s] Timestep:        11187 || Speed:  391.6 MC/s (1.224e-02 s/TS) || Energy: ~1.97e-22 (-50.64dB)
Time for 11187 iterations with 4791980.00 cells : 137.95 sec
Speed: 388.59 MCells/s 
    [excite port 2/20]
 ---------------------------------------------------------------------- 
 | openEMS 64bit -- version v0.37.0-rc1-2-g7b051bb
 | (C) 2010-2026 Thorsten Liebig <thorsten.liebig@gmx.de>  GPL license
 ---------------------------------------------------------------------- 
	Used external libraries:
		CSXCAD -- Version: v0.7.0-rc1-1-g5115701
		hdf5   -- Version: 1.10.10
		          compiled against: HDF5 library version: 1.10.10
		tinyxml -- compiled against: 2.6.2
		fparser
		boost  -- compiled against: 1_83
		vtk -- Version: 9.1.0
		       compiled against: 9.1.0

Create FDTD operator (compressed SSE + multi-threading)
FDTD simulation size: 155x236x131 --> 4791980.00 FDTD cells 
FDTD timestep is: 0.00 s; Nyquist rate: 39 timesteps @100739890093.00 Hz
Excitation signal length is: 452 timesteps (0.00s)
Max. number of timesteps: 60000 ( --> 132.74 * Excitation signal length)
Create FDTD engine (compressed SSE + multi-threading)
Running FDTD engine... this may take a while... grab a cup of coffee?!?
[@        4s] Timestep:          198 || Speed:  235.1 MC/s (2.039e-02 s/TS) || Energy: ~3.98e-18 (- 0.00dB)
[@        8s] Timestep:          504 || Speed:  359.8 MC/s (1.332e-02 s/TS) || Energy: ~2.40e-17 (- 0.00dB)
[@       12s] Timestep:          810 || Speed:  363.4 MC/s (1.319e-02 s/TS) || Energy: ~1.23e-17 (- 2.91dB)
[@       16s] Timestep:         1125 || Speed:  373.6 MC/s (1.283e-02 s/TS) || Energy: ~4.14e-18 (- 7.64dB)
[@       20s] Timestep:         1449 || Speed:  379.8 MC/s (1.262e-02 s/TS) || Energy: ~1.67e-18 (-11.57dB)
[@       24s] Timestep:         1764 || Speed:  370.7 MC/s (1.293e-02 s/TS) || Energy: ~8.92e-19 (-14.30dB)
Multithreaded Engine: Best performance found using 5 threads.
[@       28s] Timestep:         2079 || Speed:  374.1 MC/s (1.281e-02 s/TS) || Energy: ~5.06e-19 (-16.76dB)
[@       32s] Timestep:         2394 || Speed:  374.4 MC/s (1.280e-02 s/TS) || Energy: ~3.28e-19 (-18.64dB)
[@       36s] Timestep:         2709 || Speed:  373.0 MC/s (1.285e-02 s/TS) || Energy: ~2.09e-19 (-20.61dB)
[@       40s] Timestep:         3024 || Speed:  376.6 MC/s (1.272e-02 s/TS) || Energy: ~1.37e-19 (-22.43dB)
[@       44s] Timestep:         3339 || Speed:  376.1 MC/s (1.274e-02 s/TS) || Energy: ~1.03e-19 (-23.68dB)
[@       48s] Timestep:         3663 || Speed:  380.6 MC/s (1.259e-02 s/TS) || Energy: ~7.51e-20 (-25.05dB)
[@       52s] Timestep:         3987 || Speed:  378.7 MC/s (1.265e-02 s/TS) || Energy: ~4.95e-20 (-26.86dB)
[@       56s] Timestep:         4302 || Speed:  376.0 MC/s (1.274e-02 s/TS) || Energy: ~3.82e-20 (-27.99dB)
[@     1m00s] Timestep:         4617 || Speed:  371.0 MC/s (1.292e-02 s/TS) || Energy: ~3.03e-20 (-28.99dB)
[@     1m04s] Timestep:         4932 || Speed:  374.0 MC/s (1.281e-02 s/TS) || Energy: ~2.34e-20 (-30.11dB)
[@     1m08s] Timestep:         5247 || Speed:  374.5 MC/s (1.279e-02 s/TS) || Energy: ~1.72e-20 (-31.46dB)
[@     1m12s] Timestep:         5562 || Speed:  369.8 MC/s (1.296e-02 s/TS) || Energy: ~1.29e-20 (-32.71dB)
[@     1m16s] Timestep:         5877 || Speed:  372.9 MC/s (1.285e-02 s/TS) || Energy: ~1.02e-20 (-33.73dB)
[@     1m21s] Timestep:         6174 || Speed:  350.0 MC/s (1.369e-02 s/TS) || Energy: ~7.73e-21 (-34.92dB)
[@     1m25s] Timestep:         6435 || Speed:  305.0 MC/s (1.571e-02 s/TS) || Energy: ~6.26e-21 (-35.84dB)
[@     1m29s] Timestep:         6705 || Speed:  322.1 MC/s (1.488e-02 s/TS) || Energy: ~5.00e-21 (-36.81dB)
[@     1m33s] Timestep:         7002 || Speed:  345.6 MC/s (1.387e-02 s/TS) || Energy: ~3.52e-21 (-38.34dB)
[@     1m37s] Timestep:         7299 || Speed:  351.9 MC/s (1.362e-02 s/TS) || Energy: ~2.66e-21 (-39.56dB)
[@     1m41s] Timestep:         7587 || Speed:  341.6 MC/s (1.403e-02 s/TS) || Energy: ~2.21e-21 (-40.37dB)
[@     1m45s] Timestep:         7884 || Speed:  350.0 MC/s (1.369e-02 s/TS) || Energy: ~1.88e-21 (-41.05dB)
[@     1m49s] Timestep:         8190 || Speed:  358.8 MC/s (1.336e-02 s/TS) || Energy: ~1.54e-21 (-41.94dB)
[@     1m53s] Timestep:         8496 || Speed:  361.4 MC/s (1.326e-02 s/TS) || Energy: ~1.25e-21 (-42.83dB)
[@     1m57s] Timestep:         8802 || Speed:  357.5 MC/s (1.340e-02 s/TS) || Energy: ~9.71e-22 (-43.93dB)
[@     2m01s] Timestep:         9099 || Speed:  355.3 MC/s (1.349e-02 s/TS) || Energy: ~7.08e-22 (-45.31dB)
[@     2m05s] Timestep:         9387 || Speed:  339.1 MC/s (1.413e-02 s/TS) || Energy: ~4.78e-22 (-47.01dB)
[@     2m09s] Timestep:         9675 || Speed:  344.0 MC/s (1.393e-02 s/TS) || Energy: ~4.97e-22 (-46.85dB)
[@     2m13s] Timestep:         9972 || Speed:  350.7 MC/s (1.366e-02 s/TS) || Energy: ~4.14e-22 (-47.63dB)
[@     2m17s] Timestep:        10287 || Speed:  374.9 MC/s (1.278e-02 s/TS) || Energy: ~3.19e-22 (-48.77dB)
[@     2m21s] Timestep:        10602 || Speed:  375.7 MC/s (1.276e-02 s/TS) || Energy: ~2.63e-22 (-49.60dB)
[@     2m25s] Timestep:        10917 || Speed:  376.8 MC/s (1.272e-02 s/TS) || Energy: ~2.23e-22 (-50.32dB)
Time for 10917 iterations with 4791980.00 cells : 145.84 sec
Speed: 358.71 MCells/s 
    [excite port 3/20]
 ---------------------------------------------------------------------- 
 | openEMS 64bit -- version v0.37.0-rc1-2-g7b051bb
 | (C) 2010-2026 Thorsten Liebig <thorsten.liebig@gmx.de>  GPL license
 ---------------------------------------------------------------------- 
	Used external libraries:
		CSXCAD -- Version: v0.7.0-rc1-1-g5115701
		hdf5   -- Version: 1.10.10
		          compiled against: HDF5 library version: 1.10.10
		tinyxml -- compiled against: 2.6.2
		fparser
		boost  -- compiled against: 1_83
		vtk -- Version: 9.1.0
		       compiled against: 9.1.0

Create FDTD operator (compressed SSE + multi-threading)
FDTD simulation size: 155x236x131 --> 4791980.00 FDTD cells 
FDTD timestep is: 0.00 s; Nyquist rate: 39 timesteps @100739890093.00 Hz
Excitation signal length is: 452 timesteps (0.00s)
Max. number of timesteps: 60000 ( --> 132.74 * Excitation signal length)
Create FDTD engine (compressed SSE + multi-threading)
Running FDTD engine... this may take a while... grab a cup of coffee?!?
[@        4s] Timestep:          198 || Speed:  231.3 MC/s (2.072e-02 s/TS) || Energy: ~4.00e-18 (- 0.00dB)
[@        8s] Timestep:          486 || Speed:  336.4 MC/s (1.425e-02 s/TS) || Energy: ~2.73e-17 (- 0.00dB)
[@       12s] Timestep:          783 || Speed:  353.8 MC/s (1.354e-02 s/TS) || Energy: ~1.26e-17 (- 3.36dB)
[@       16s] Timestep:         1071 || Speed:  342.9 MC/s (1.397e-02 s/TS) || Energy: ~4.28e-18 (- 8.04dB)
Multithreaded Engine: Best performance found using 3 threads.
[@       20s] Timestep:         1368 || Speed:  347.2 MC/s (1.380e-02 s/TS) || Energy: ~1.99e-18 (-11.36dB)
[@       24s] Timestep:         1665 || Speed:  350.2 MC/s (1.368e-02 s/TS) || Energy: ~1.07e-18 (-14.06dB)
[@       28s] Timestep:         1962 || Speed:  346.9 MC/s (1.381e-02 s/TS) || Energy: ~6.56e-19 (-16.19dB)
[@       32s] Timestep:         2259 || Speed:  348.5 MC/s (1.375e-02 s/TS) || Energy: ~4.48e-19 (-17.84dB)
[@       36s] Timestep:         2556 || Speed:  348.8 MC/s (1.374e-02 s/TS) || Energy: ~3.33e-19 (-19.13dB)
[@       40s] Timestep:         2853 || Speed:  346.6 MC/s (1.383e-02 s/TS) || Energy: ~2.57e-19 (-20.26dB)
[@       44s] Timestep:         3150 || Speed:  347.7 MC/s (1.378e-02 s/TS) || Energy: ~1.62e-19 (-22.25dB)
[@       48s] Timestep:         3447 || Speed:  349.0 MC/s (1.373e-02 s/TS) || Energy: ~1.19e-19 (-23.58dB)
[@       53s] Timestep:         3744 || Speed:  351.4 MC/s (1.364e-02 s/TS) || Energy: ~9.38e-20 (-24.64dB)
[@       57s] Timestep:         4041 || Speed:  347.4 MC/s (1.379e-02 s/TS) || Energy: ~6.27e-20 (-26.38dB)
[@     1m01s] Timestep:         4329 || Speed:  343.1 MC/s (1.397e-02 s/TS) || Energy: ~5.29e-20 (-27.12dB)
[@     1m05s] Timestep:         4626 || Speed:  345.4 MC/s (1.387e-02 s/TS) || Energy: ~4.29e-20 (-28.03dB)
[@     1m09s] Timestep:         4914 || Speed:  343.2 MC/s (1.396e-02 s/TS) || Energy: ~2.63e-20 (-30.15dB)
[@     1m13s] Timestep:         5211 || Speed:  348.7 MC/s (1.374e-02 s/TS) || Energy: ~2.02e-20 (-31.29dB)
[@     1m17s] Timestep:         5499 || Speed:  344.4 MC/s (1.391e-02 s/TS) || Energy: ~1.81e-20 (-31.78dB)
[@     1m21s] Timestep:         5796 || Speed:  348.4 MC/s (1.376e-02 s/TS) || Energy: ~1.33e-20 (-33.10dB)
[@     1m25s] Timestep:         6093 || Speed:  353.4 MC/s (1.356e-02 s/TS) || Energy: ~1.08e-20 (-34.04dB)
[@     1m29s] Timestep:         6390 || Speed:  350.6 MC/s (1.367e-02 s/TS) || Energy: ~8.81e-21 (-34.91dB)
[@     1m33s] Timestep:         6687 || Speed:  345.8 MC/s (1.386e-02 s/TS) || Energy: ~6.02e-21 (-36.56dB)
[@     1m37s] Timestep:         6975 || Speed:  342.4 MC/s (1.400e-02 s/TS) || Energy: ~4.60e-21 (-37.73dB)
[@     1m41s] Timestep:         7263 || Speed:  338.3 MC/s (1.416e-02 s/TS) || Energy: ~4.42e-21 (-37.90dB)
[@     1m45s] Timestep:         7551 || Speed:  339.5 MC/s (1.411e-02 s/TS) || Energy: ~3.00e-21 (-39.58dB)
[@     1m49s] Timestep:         7848 || Speed:  346.0 MC/s (1.385e-02 s/TS) || Energy: ~2.41e-21 (-40.54dB)
[@     1m53s] Timestep:         8136 || Speed:  342.5 MC/s (1.399e-02 s/TS) || Energy: ~1.83e-21 (-41.74dB)
[@     1m58s] Timestep:         8433 || Speed:  351.0 MC/s (1.365e-02 s/TS) || Energy: ~1.53e-21 (-42.51dB)
[@     2m02s] Timestep:         8730 || Speed:  347.9 MC/s (1.377e-02 s/TS) || Energy: ~1.35e-21 (-43.06dB)
[@     2m06s] Timestep:         9027 || Speed:  349.4 MC/s (1.372e-02 s/TS) || Energy: ~1.14e-21 (-43.79dB)
[@     2m10s] Timestep:         9315 || Speed:  343.8 MC/s (1.394e-02 s/TS) || Energy: ~6.96e-22 (-45.93dB)
[@     2m14s] Timestep:         9603 || Speed:  340.5 MC/s (1.407e-02 s/TS) || Energy: ~5.42e-22 (-47.02dB)
[@     2m18s] Timestep:         9891 || Speed:  340.0 MC/s (1.409e-02 s/TS) || Energy: ~5.20e-22 (-47.19dB)
[@     2m22s] Timestep:        10188 || Speed:  348.6 MC/s (1.375e-02 s/TS) || Energy: ~3.94e-22 (-48.40dB)
[@     2m26s] Timestep:        10485 || Speed:  349.9 MC/s (1.369e-02 s/TS) || Energy: ~2.95e-22 (-49.66dB)
[@     2m30s] Timestep:        10782 || Speed:  354.9 MC/s (1.350e-02 s/TS) || Energy: ~2.10e-22 (-51.14dB)
Time for 10782 iterations with 4791980.00 cells : 150.48 sec
Speed: 343.36 MCells/s 
    [excite port 4/20]
 ---------------------------------------------------------------------- 
 | openEMS 64bit -- version v0.37.0-rc1-2-g7b051bb
 | (C) 2010-2026 Thorsten Liebig <thorsten.liebig@gmx.de>  GPL license
 ---------------------------------------------------------------------- 
	Used external libraries:
		CSXCAD -- Version: v0.7.0-rc1-1-g5115701
		hdf5   -- Version: 1.10.10
		          compiled against: HDF5 library version: 1.10.10
		tinyxml -- compiled against: 2.6.2
		fparser
		boost  -- compiled against: 1_83
		vtk -- Version: 9.1.0
		       compiled against: 9.1.0

Create FDTD operator (compressed SSE + multi-threading)
FDTD simulation size: 155x236x131 --> 4791980.00 FDTD cells 
FDTD timestep is: 0.00 s; Nyquist rate: 39 timesteps @100739890093.00 Hz
Excitation signal length is: 452 timesteps (0.00s)
Max. number of timesteps: 60000 ( --> 132.74 * Excitation signal length)
Create FDTD engine (compressed SSE + multi-threading)
Running FDTD engine... this may take a while... grab a cup of coffee?!?
[@        4s] Timestep:          198 || Speed:  233.4 MC/s (2.053e-02 s/TS) || Energy: ~4.00e-18 (- 0.00dB)
[@        8s] Timestep:          486 || Speed:  334.3 MC/s (1.433e-02 s/TS) || Energy: ~2.70e-17 (- 0.00dB)
[@       12s] Timestep:          774 || Speed:  341.1 MC/s (1.405e-02 s/TS) || Energy: ~1.27e-17 (- 3.29dB)
[@       16s] Timestep:         1053 || Speed:  327.1 MC/s (1.465e-02 s/TS) || Energy: ~4.07e-18 (- 8.22dB)
Multithreaded Engine: Best performance found using 3 threads.
[@       20s] Timestep:         1341 || Speed:  338.0 MC/s (1.418e-02 s/TS) || Energy: ~1.77e-18 (-11.83dB)
[@       24s] Timestep:         1629 || Speed:  342.1 MC/s (1.401e-02 s/TS) || Energy: ~1.03e-18 (-14.18dB)
[@       28s] Timestep:         1926 || Speed:  349.7 MC/s (1.370e-02 s/TS) || Energy: ~6.40e-19 (-16.25dB)
[@       32s] Timestep:         2214 || Speed:  342.7 MC/s (1.398e-02 s/TS) || Energy: ~4.43e-19 (-17.85dB)
[@       36s] Timestep:         2502 || Speed:  343.1 MC/s (1.397e-02 s/TS) || Energy: ~2.96e-19 (-19.61dB)
[@       40s] Timestep:         2781 || Speed:  333.2 MC/s (1.438e-02 s/TS) || Energy: ~2.11e-19 (-21.07dB)
[@       44s] Timestep:         3069 || Speed:  344.8 MC/s (1.390e-02 s/TS) || Energy: ~1.60e-19 (-22.26dB)
[@       48s] Timestep:         3366 || Speed:  348.2 MC/s (1.376e-02 s/TS) || Energy: ~1.12e-19 (-23.82dB)
[@       52s] Timestep:         3672 || Speed:  361.1 MC/s (1.327e-02 s/TS) || Energy: ~8.16e-20 (-25.19dB)
[@       56s] Timestep:         3969 || Speed:  351.0 MC/s (1.365e-02 s/TS) || Energy: ~6.38e-20 (-26.26dB)
[@     1m00s] Timestep:         4266 || Speed:  348.2 MC/s (1.376e-02 s/TS) || Energy: ~4.51e-20 (-27.77dB)
[@     1m04s] Timestep:         4554 || Speed:  342.8 MC/s (1.398e-02 s/TS) || Energy: ~3.03e-20 (-29.49dB)
[@     1m08s] Timestep:         4851 || Speed:  352.9 MC/s (1.358e-02 s/TS) || Energy: ~2.63e-20 (-30.12dB)
[@     1m12s] Timestep:         5148 || Speed:  353.2 MC/s (1.357e-02 s/TS) || Energy: ~2.04e-20 (-31.22dB)
[@     1m17s] Timestep:         5445 || Speed:  346.5 MC/s (1.383e-02 s/TS) || Energy: ~1.53e-20 (-32.45dB)
[@     1m21s] Timestep:         5733 || Speed:  343.0 MC/s (1.397e-02 s/TS) || Energy: ~1.11e-20 (-33.88dB)
[@     1m25s] Timestep:         6039 || Speed:  356.8 MC/s (1.343e-02 s/TS) || Energy: ~7.16e-21 (-35.77dB)
[@     1m29s] Timestep:         6336 || Speed:  346.9 MC/s (1.381e-02 s/TS) || Energy: ~5.08e-21 (-37.25dB)
[@     1m33s] Timestep:         6633 || Speed:  351.9 MC/s (1.362e-02 s/TS) || Energy: ~5.48e-21 (-36.92dB)
[@     1m37s] Timestep:         6921 || Speed:  338.5 MC/s (1.416e-02 s/TS) || Energy: ~4.88e-21 (-37.43dB)
[@     1m41s] Timestep:         7200 || Speed:  331.4 MC/s (1.446e-02 s/TS) || Energy: ~3.32e-21 (-39.10dB)
[@     1m45s] Timestep:         7479 || Speed:  329.1 MC/s (1.456e-02 s/TS) || Energy: ~3.01e-21 (-39.53dB)
[@     1m49s] Timestep:         7767 || Speed:  342.2 MC/s (1.400e-02 s/TS) || Energy: ~2.27e-21 (-40.76dB)
[@     1m53s] Timestep:         8055 || Speed:  343.9 MC/s (1.394e-02 s/TS) || Energy: ~1.86e-21 (-41.63dB)
[@     1m57s] Timestep:         8361 || Speed:  364.8 MC/s (1.314e-02 s/TS) || Energy: ~1.36e-21 (-42.99dB)
[@     2m01s] Timestep:         8667 || Speed:  358.6 MC/s (1.336e-02 s/TS) || Energy: ~9.10e-22 (-44.73dB)
[@     2m05s] Timestep:         8937 || Speed:  318.4 MC/s (1.505e-02 s/TS) || Energy: ~1.06e-21 (-44.06dB)
[@     2m09s] Timestep:         9216 || Speed:  334.1 MC/s (1.434e-02 s/TS) || Energy: ~8.12e-22 (-45.22dB)
[@     2m13s] Timestep:         9495 || Speed:  329.0 MC/s (1.456e-02 s/TS) || Energy: ~5.42e-22 (-46.98dB)
[@     2m17s] Timestep:         9792 || Speed:  346.5 MC/s (1.383e-02 s/TS) || Energy: ~5.17e-22 (-47.18dB)
[@     2m21s] Timestep:        10080 || Speed:  343.7 MC/s (1.394e-02 s/TS) || Energy: ~4.46e-22 (-47.82dB)
[@     2m26s] Timestep:        10377 || Speed:  349.2 MC/s (1.372e-02 s/TS) || Energy: ~3.62e-22 (-48.73dB)
[@     2m30s] Timestep:        10674 || Speed:  347.6 MC/s (1.379e-02 s/TS) || Energy: ~2.42e-22 (-50.47dB)
Time for 10674 iterations with 4791980.00 cells : 150.10 sec
Speed: 340.77 MCells/s 
    [excite port 5/20]
 ---------------------------------------------------------------------- 
 | openEMS 64bit -- version v0.37.0-rc1-2-g7b051bb
 | (C) 2010-2026 Thorsten Liebig <thorsten.liebig@gmx.de>  GPL license
 ---------------------------------------------------------------------- 
	Used external libraries:
		CSXCAD -- Version: v0.7.0-rc1-1-g5115701
		hdf5   -- Version: 1.10.10
		          compiled against: HDF5 library version: 1.10.10
		tinyxml -- compiled against: 2.6.2
		fparser
		boost  -- compiled against: 1_83
		vtk -- Version: 9.1.0
		       compiled against: 9.1.0

Create FDTD operator (compressed SSE + multi-threading)
FDTD simulation size: 155x236x131 --> 4791980.00 FDTD cells 
FDTD timestep is: 0.00 s; Nyquist rate: 39 timesteps @100739890093.00 Hz
Excitation signal length is: 452 timesteps (0.00s)
Max. number of timesteps: 60000 ( --> 132.74 * Excitation signal length)
Create FDTD engine (compressed SSE + multi-threading)
Running FDTD engine... this may take a while... grab a cup of coffee?!?
[@        4s] Timestep:          198 || Speed:  228.7 MC/s (2.096e-02 s/TS) || Energy: ~4.00e-18 (- 0.00dB)
[@        8s] Timestep:          459 || Speed:  312.0 MC/s (1.536e-02 s/TS) || Energy: ~2.46e-17 (- 0.00dB)
[@       12s] Timestep:          747 || Speed:  340.0 MC/s (1.409e-02 s/TS) || Energy: ~1.07e-17 (- 3.64dB)
[@       16s] Timestep:         1044 || Speed:  346.8 MC/s (1.382e-02 s/TS) || Energy: ~3.97e-18 (- 7.93dB)
[@       20s] Timestep:         1341 || Speed:  355.3 MC/s (1.349e-02 s/TS) || Energy: ~1.70e-18 (-11.61dB)
[@       24s] Timestep:         1629 || Speed:  340.5 MC/s (1.407e-02 s/TS) || Energy: ~8.50e-19 (-14.62dB)
Multithreaded Engine: Best performance found using 5 threads.
[@       28s] Timestep:         1917 || Speed:  344.5 MC/s (1.391e-02 s/TS) || Energy: ~5.92e-19 (-16.19dB)
[@       32s] Timestep:         2214 || Speed:  346.8 MC/s (1.382e-02 s/TS) || Energy: ~3.40e-19 (-18.61dB)
[@       36s] Timestep:         2529 || Speed:  369.3 MC/s (1.298e-02 s/TS) || Energy: ~2.32e-19 (-20.26dB)
[@       40s] Timestep:         2835 || Speed:  357.0 MC/s (1.342e-02 s/TS) || Energy: ~1.96e-19 (-21.00dB)
[@       44s] Timestep:         3141 || Speed:  362.6 MC/s (1.322e-02 s/TS) || Energy: ~1.36e-19 (-22.58dB)
[@       48s] Timestep:         3447 || Speed:  365.6 MC/s (1.311e-02 s/TS) || Energy: ~9.46e-20 (-24.16dB)
[@       52s] Timestep:         3753 || Speed:  363.2 MC/s (1.319e-02 s/TS) || Energy: ~7.02e-20 (-25.45dB)
[@       56s] Timestep:         4068 || Speed:  367.2 MC/s (1.305e-02 s/TS) || Energy: ~4.86e-20 (-27.05dB)
[@     1m00s] Timestep:         4374 || Speed:  365.1 MC/s (1.312e-02 s/TS) || Energy: ~3.26e-20 (-28.78dB)
[@     1m04s] Timestep:         4680 || Speed:  361.5 MC/s (1.326e-02 s/TS) || Energy: ~2.53e-20 (-29.89dB)
[@     1m08s] Timestep:         4986 || Speed:  365.6 MC/s (1.311e-02 s/TS) || Energy: ~2.06e-20 (-30.79dB)
[@     1m13s] Timestep:         5292 || Speed:  357.2 MC/s (1.341e-02 s/TS) || Energy: ~1.73e-20 (-31.53dB)
[@     1m17s] Timestep:         5598 || Speed:  360.6 MC/s (1.329e-02 s/TS) || Energy: ~1.42e-20 (-32.40dB)
[@     1m21s] Timestep:         5904 || Speed:  360.7 MC/s (1.328e-02 s/TS) || Energy: ~1.05e-20 (-33.71dB)
[@     1m25s] Timestep:         6210 || Speed:  365.2 MC/s (1.312e-02 s/TS) || Energy: ~7.15e-21 (-35.37dB)
[@     1m29s] Timestep:         6516 || Speed:  357.6 MC/s (1.340e-02 s/TS) || Energy: ~5.33e-21 (-36.65dB)
[@     1m33s] Timestep:         6822 || Speed:  362.5 MC/s (1.322e-02 s/TS) || Energy: ~4.40e-21 (-37.48dB)
[@     1m37s] Timestep:         7128 || Speed:  362.6 MC/s (1.322e-02 s/TS) || Energy: ~3.48e-21 (-38.50dB)
[@     1m41s] Timestep:         7443 || Speed:  367.4 MC/s (1.304e-02 s/TS) || Energy: ~2.60e-21 (-39.76dB)
[@     1m45s] Timestep:         7749 || Speed:  358.8 MC/s (1.335e-02 s/TS) || Energy: ~1.80e-21 (-41.36dB)
[@     1m49s] Timestep:         8055 || Speed:  362.1 MC/s (1.323e-02 s/TS) || Energy: ~1.36e-21 (-42.59dB)
[@     1m53s] Timestep:         8361 || Speed:  366.3 MC/s (1.308e-02 s/TS) || Energy: ~1.22e-21 (-43.06dB)
[@     1m57s] Timestep:         8676 || Speed:  370.0 MC/s (1.295e-02 s/TS) || Energy: ~9.12e-22 (-44.32dB)
[@     2m01s] Timestep:         8991 || Speed:  367.3 MC/s (1.304e-02 s/TS) || Energy: ~6.65e-22 (-45.69dB)
[@     2m05s] Timestep:         9306 || Speed:  367.8 MC/s (1.303e-02 s/TS) || Energy: ~5.28e-22 (-46.69dB)
[@     2m09s] Timestep:         9612 || Speed:  366.5 MC/s (1.307e-02 s/TS) || Energy: ~4.01e-22 (-47.89dB)
[@     2m13s] Timestep:         9900 || Speed:  342.3 MC/s (1.400e-02 s/TS) || Energy: ~3.43e-22 (-48.56dB)
[@     2m18s] Timestep:        10170 || Speed:  319.1 MC/s (1.502e-02 s/TS) || Energy: ~2.62e-22 (-49.74dB)
[@     2m22s] Timestep:        10449 || Speed:  325.2 MC/s (1.474e-02 s/TS) || Energy: ~1.77e-22 (-51.44dB)
Time for 10449 iterations with 4791980.00 cells : 142.16 sec
Speed: 352.23 MCells/s 
    [excite port 6/20]
 ---------------------------------------------------------------------- 
 | openEMS 64bit -- version v0.37.0-rc1-2-g7b051bb
 | (C) 2010-2026 Thorsten Liebig <thorsten.liebig@gmx.de>  GPL license
 ---------------------------------------------------------------------- 
	Used external libraries:
		CSXCAD -- Version: v0.7.0-rc1-1-g5115701
		hdf5   -- Version: 1.10.10
		          compiled against: HDF5 library version: 1.10.10
		tinyxml -- compiled against: 2.6.2
		fparser
		boost  -- compiled against: 1_83
		vtk -- Version: 9.1.0
		       compiled against: 9.1.0

Create FDTD operator (compressed SSE + multi-threading)
FDTD simulation size: 155x236x131 --> 4791980.00 FDTD cells 
FDTD timestep is: 0.00 s; Nyquist rate: 39 timesteps @100739890093.00 Hz
Excitation signal length is: 452 timesteps (0.00s)
Max. number of timesteps: 60000 ( --> 132.74 * Excitation signal length)
Create FDTD engine (compressed SSE + multi-threading)
Running FDTD engine... this may take a while... grab a cup of coffee?!?
[@        4s] Timestep:          198 || Speed:  227.1 MC/s (2.110e-02 s/TS) || Energy: ~4.00e-18 (- 0.00dB)
[@        8s] Timestep:          477 || Speed:  331.0 MC/s (1.448e-02 s/TS) || Energy: ~2.52e-17 (- 0.00dB)
[@       12s] Timestep:          774 || Speed:  349.9 MC/s (1.369e-02 s/TS) || Energy: ~9.93e-18 (- 4.04dB)
[@       16s] Timestep:         1062 || Speed:  337.4 MC/s (1.420e-02 s/TS) || Energy: ~3.55e-18 (- 8.51dB)
Multithreaded Engine: Best performance found using 3 threads.
[@       20s] Timestep:         1350 || Speed:  342.3 MC/s (1.400e-02 s/TS) || Energy: ~1.48e-18 (-12.32dB)
[@       24s] Timestep:         1629 || Speed:  330.3 MC/s (1.451e-02 s/TS) || Energy: ~8.56e-19 (-14.69dB)
[@       28s] Timestep:         1926 || Speed:  349.0 MC/s (1.373e-02 s/TS) || Energy: ~5.11e-19 (-16.93dB)
[@       32s] Timestep:         2232 || Speed:  359.3 MC/s (1.334e-02 s/TS) || Energy: ~3.56e-19 (-18.50dB)
[@       36s] Timestep:         2529 || Speed:  347.1 MC/s (1.381e-02 s/TS) || Energy: ~2.74e-19 (-19.64dB)
[@       40s] Timestep:         2826 || Speed:  349.7 MC/s (1.370e-02 s/TS) || Energy: ~1.63e-19 (-21.89dB)
[@       44s] Timestep:         3123 || Speed:  345.8 MC/s (1.386e-02 s/TS) || Energy: ~1.10e-19 (-23.62dB)
[@       49s] Timestep:         3411 || Speed:  335.7 MC/s (1.427e-02 s/TS) || Energy: ~9.98e-20 (-24.02dB)
[@       53s] Timestep:         3690 || Speed:  332.7 MC/s (1.440e-02 s/TS) || Energy: ~7.10e-20 (-25.51dB)
[@       57s] Timestep:         3978 || Speed:  342.4 MC/s (1.400e-02 s/TS) || Energy: ~5.54e-20 (-26.58dB)
[@     1m01s] Timestep:         4266 || Speed:  338.8 MC/s (1.414e-02 s/TS) || Energy: ~3.41e-20 (-28.69dB)
[@     1m05s] Timestep:         4563 || Speed:  355.0 MC/s (1.350e-02 s/TS) || Energy: ~3.06e-20 (-29.16dB)
[@     1m09s] Timestep:         4860 || Speed:  348.2 MC/s (1.376e-02 s/TS) || Energy: ~2.57e-20 (-29.92dB)
[@     1m13s] Timestep:         5157 || Speed:  347.3 MC/s (1.380e-02 s/TS) || Energy: ~1.74e-20 (-31.62dB)
[@     1m17s] Timestep:         5454 || Speed:  345.6 MC/s (1.386e-02 s/TS) || Energy: ~1.40e-20 (-32.57dB)
[@     1m21s] Timestep:         5751 || Speed:  347.0 MC/s (1.381e-02 s/TS) || Energy: ~1.16e-20 (-33.38dB)
[@     1m25s] Timestep:         6048 || Speed:  348.6 MC/s (1.375e-02 s/TS) || Energy: ~7.65e-21 (-35.18dB)
[@     1m29s] Timestep:         6336 || Speed:  341.4 MC/s (1.404e-02 s/TS) || Energy: ~6.33e-21 (-36.00dB)
[@     1m33s] Timestep:         6633 || Speed:  345.9 MC/s (1.385e-02 s/TS) || Energy: ~4.59e-21 (-37.40dB)
[@     1m37s] Timestep:         6930 || Speed:  347.2 MC/s (1.380e-02 s/TS) || Energy: ~2.99e-21 (-39.26dB)
[@     1m41s] Timestep:         7227 || Speed:  346.3 MC/s (1.384e-02 s/TS) || Energy: ~2.35e-21 (-40.31dB)
[@     1m46s] Timestep:         7524 || Speed:  345.1 MC/s (1.388e-02 s/TS) || Energy: ~1.95e-21 (-41.11dB)
[@     1m50s] Timestep:         7821 || Speed:  351.5 MC/s (1.363e-02 s/TS) || Energy: ~1.51e-21 (-42.23dB)
[@     1m54s] Timestep:         8118 || Speed:  350.5 MC/s (1.367e-02 s/TS) || Energy: ~1.11e-21 (-43.56dB)
[@     1m58s] Timestep:         8415 || Speed:  345.2 MC/s (1.388e-02 s/TS) || Energy: ~8.94e-22 (-44.50dB)
[@     2m02s] Timestep:         8712 || Speed:  346.0 MC/s (1.385e-02 s/TS) || Energy: ~7.28e-22 (-45.39dB)
[@     2m06s] Timestep:         9009 || Speed:  352.9 MC/s (1.358e-02 s/TS) || Energy: ~5.88e-22 (-46.32dB)
[@     2m10s] Timestep:         9306 || Speed:  352.5 MC/s (1.359e-02 s/TS) || Energy: ~3.90e-22 (-48.10dB)
[@     2m14s] Timestep:         9603 || Speed:  352.3 MC/s (1.360e-02 s/TS) || Energy: ~3.02e-22 (-49.21dB)
[@     2m18s] Timestep:         9900 || Speed:  349.7 MC/s (1.370e-02 s/TS) || Energy: ~2.76e-22 (-49.61dB)
[@     2m22s] Timestep:        10188 || Speed:  343.5 MC/s (1.395e-02 s/TS) || Energy: ~1.78e-22 (-51.51dB)
Time for 10188 iterations with 4791980.00 cells : 142.67 sec
Speed: 342.19 MCells/s 
    [excite port 7/20]
 ---------------------------------------------------------------------- 
 | openEMS 64bit -- version v0.37.0-rc1-2-g7b051bb
 | (C) 2010-2026 Thorsten Liebig <thorsten.liebig@gmx.de>  GPL license
 ---------------------------------------------------------------------- 
	Used external libraries:
		CSXCAD -- Version: v0.7.0-rc1-1-g5115701
		hdf5   -- Version: 1.10.10
		          compiled against: HDF5 library version: 1.10.10
		tinyxml -- compiled against: 2.6.2
		fparser
		boost  -- compiled against: 1_83
		vtk -- Version: 9.1.0
		       compiled against: 9.1.0

Create FDTD operator (compressed SSE + multi-threading)
FDTD simulation size: 155x236x131 --> 4791980.00 FDTD cells 
FDTD timestep is: 0.00 s; Nyquist rate: 39 timesteps @100739890093.00 Hz
Excitation signal length is: 452 timesteps (0.00s)
Max. number of timesteps: 60000 ( --> 132.74 * Excitation signal length)
Create FDTD engine (compressed SSE + multi-threading)
Running FDTD engine... this may take a while... grab a cup of coffee?!?
[@        4s] Timestep:          198 || Speed:  232.7 MC/s (2.059e-02 s/TS) || Energy: ~4.00e-18 (- 0.00dB)
[@        8s] Timestep:          486 || Speed:  337.3 MC/s (1.421e-02 s/TS) || Energy: ~2.47e-17 (- 0.00dB)
[@       12s] Timestep:          774 || Speed:  341.8 MC/s (1.402e-02 s/TS) || Energy: ~9.37e-18 (- 4.22dB)
[@       16s] Timestep:         1080 || Speed:  355.9 MC/s (1.347e-02 s/TS) || Energy: ~3.00e-18 (- 9.17dB)
[@       20s] Timestep:         1377 || Speed:  354.3 MC/s (1.353e-02 s/TS) || Energy: ~1.27e-18 (-12.88dB)
Multithreaded Engine: Best performance found using 4 threads.
[@       24s] Timestep:         1674 || Speed:  351.1 MC/s (1.365e-02 s/TS) || Energy: ~7.21e-19 (-15.36dB)
[@       28s] Timestep:         1971 || Speed:  349.2 MC/s (1.372e-02 s/TS) || Energy: ~4.39e-19 (-17.51dB)
[@       32s] Timestep:         2268 || Speed:  351.1 MC/s (1.365e-02 s/TS) || Energy: ~2.70e-19 (-19.62dB)
[@       36s] Timestep:         2565 || Speed:  348.8 MC/s (1.374e-02 s/TS) || Energy: ~2.05e-19 (-20.81dB)
[@       40s] Timestep:         2844 || Speed:  328.5 MC/s (1.459e-02 s/TS) || Energy: ~1.42e-19 (-22.42dB)
[@       44s] Timestep:         3132 || Speed:  343.8 MC/s (1.394e-02 s/TS) || Energy: ~9.86e-20 (-23.99dB)
[@       48s] Timestep:         3429 || Speed:  354.6 MC/s (1.352e-02 s/TS) || Energy: ~7.49e-20 (-25.19dB)
[@       52s] Timestep:         3726 || Speed:  349.0 MC/s (1.373e-02 s/TS) || Energy: ~5.47e-20 (-26.55dB)
[@       56s] Timestep:         4005 || Speed:  333.7 MC/s (1.436e-02 s/TS) || Energy: ~4.60e-20 (-27.31dB)
[@     1m00s] Timestep:         4284 || Speed:  325.0 MC/s (1.475e-02 s/TS) || Energy: ~3.52e-20 (-28.47dB)
[@     1m04s] Timestep:         4581 || Speed:  355.0 MC/s (1.350e-02 s/TS) || Energy: ~2.86e-20 (-29.37dB)
[@     1m08s] Timestep:         4887 || Speed:  360.0 MC/s (1.331e-02 s/TS) || Energy: ~2.05e-20 (-30.81dB)
[@     1m13s] Timestep:         5193 || Speed:  358.3 MC/s (1.337e-02 s/TS) || Energy: ~1.54e-20 (-32.05dB)
[@     1m17s] Timestep:         5490 || Speed:  347.0 MC/s (1.381e-02 s/TS) || Energy: ~1.34e-20 (-32.67dB)
[@     1m21s] Timestep:         5778 || Speed:  340.4 MC/s (1.408e-02 s/TS) || Energy: ~9.85e-21 (-34.00dB)
[@     1m25s] Timestep:         6075 || Speed:  354.2 MC/s (1.353e-02 s/TS) || Energy: ~7.13e-21 (-35.40dB)
[@     1m29s] Timestep:         6372 || Speed:  353.3 MC/s (1.356e-02 s/TS) || Energy: ~5.95e-21 (-36.19dB)
[@     1m33s] Timestep:         6669 || Speed:  353.8 MC/s (1.354e-02 s/TS) || Energy: ~4.50e-21 (-37.40dB)
[@     1m37s] Timestep:         6966 || Speed:  351.0 MC/s (1.365e-02 s/TS) || Energy: ~3.05e-21 (-39.09dB)
[@     1m41s] Timestep:         7254 || Speed:  337.6 MC/s (1.419e-02 s/TS) || Energy: ~2.78e-21 (-39.50dB)
[@     1m45s] Timestep:         7551 || Speed:  353.1 MC/s (1.357e-02 s/TS) || Energy: ~1.95e-21 (-41.02dB)
[@     1m49s] Timestep:         7848 || Speed:  351.1 MC/s (1.365e-02 s/TS) || Energy: ~1.55e-21 (-42.04dB)
[@     1m53s] Timestep:         8145 || Speed:  349.7 MC/s (1.370e-02 s/TS) || Energy: ~1.37e-21 (-42.57dB)
[@     1m57s] Timestep:         8442 || Speed:  350.6 MC/s (1.367e-02 s/TS) || Energy: ~1.06e-21 (-43.69dB)
[@     2m01s] Timestep:         8730 || Speed:  337.9 MC/s (1.418e-02 s/TS) || Energy: ~9.04e-22 (-44.37dB)
[@     2m05s] Timestep:         9018 || Speed:  336.7 MC/s (1.423e-02 s/TS) || Energy: ~8.40e-22 (-44.69dB)
[@     2m09s] Timestep:         9297 || Speed:  330.5 MC/s (1.450e-02 s/TS) || Energy: ~5.51e-22 (-46.52dB)
[@     2m13s] Timestep:         9594 || Speed:  352.7 MC/s (1.359e-02 s/TS) || Energy: ~4.73e-22 (-47.18dB)
[@     2m17s] Timestep:         9900 || Speed:  363.1 MC/s (1.320e-02 s/TS) || Energy: ~4.05e-22 (-47.86dB)
[@     2m21s] Timestep:        10206 || Speed:  363.7 MC/s (1.317e-02 s/TS) || Energy: ~3.23e-22 (-48.85dB)
[@     2m26s] Timestep:        10512 || Speed:  362.4 MC/s (1.322e-02 s/TS) || Energy: ~2.44e-22 (-50.06dB)
Time for 10512 iterations with 4791980.00 cells : 146.04 sec
Speed: 344.93 MCells/s 
    [excite port 8/20]
 ---------------------------------------------------------------------- 
 | openEMS 64bit -- version v0.37.0-rc1-2-g7b051bb
 | (C) 2010-2026 Thorsten Liebig <thorsten.liebig@gmx.de>  GPL license
 ---------------------------------------------------------------------- 
	Used external libraries:
		CSXCAD -- Version: v0.7.0-rc1-1-g5115701
		hdf5   -- Version: 1.10.10
		          compiled against: HDF5 library version: 1.10.10
		tinyxml -- compiled against: 2.6.2
		fparser
		boost  -- compiled against: 1_83
		vtk -- Version: 9.1.0
		       compiled against: 9.1.0

Create FDTD operator (compressed SSE + multi-threading)
FDTD simulation size: 155x236x131 --> 4791980.00 FDTD cells 
FDTD timestep is: 0.00 s; Nyquist rate: 39 timesteps @100739890093.00 Hz
Excitation signal length is: 452 timesteps (0.00s)
Max. number of timesteps: 60000 ( --> 132.74 * Excitation signal length)
Create FDTD engine (compressed SSE + multi-threading)
Running FDTD engine... this may take a while... grab a cup of coffee?!?
[@        4s] Timestep:          207 || Speed:  238.7 MC/s (2.007e-02 s/TS) || Energy: ~5.88e-18 (- 0.00dB)
[@        8s] Timestep:          513 || Speed:  363.9 MC/s (1.317e-02 s/TS) || Energy: ~2.20e-17 (- 0.00dB)
[@       12s] Timestep:          828 || Speed:  371.1 MC/s (1.291e-02 s/TS) || Energy: ~6.88e-18 (- 5.04dB)
[@       16s] Timestep:         1107 || Speed:  325.7 MC/s (1.472e-02 s/TS) || Energy: ~2.56e-18 (- 9.34dB)
Multithreaded Engine: Best performance found using 3 threads.
[@       20s] Timestep:         1395 || Speed:  336.2 MC/s (1.425e-02 s/TS) || Energy: ~1.21e-18 (-12.57dB)
[@       24s] Timestep:         1683 || Speed:  337.1 MC/s (1.422e-02 s/TS) || Energy: ~6.36e-19 (-15.38dB)
[@       28s] Timestep:         1971 || Speed:  334.4 MC/s (1.433e-02 s/TS) || Energy: ~4.08e-19 (-17.31dB)
[@       32s] Timestep:         2259 || Speed:  335.0 MC/s (1.430e-02 s/TS) || Energy: ~2.86e-19 (-18.86dB)
[@       36s] Timestep:         2547 || Speed:  342.9 MC/s (1.398e-02 s/TS) || Energy: ~1.82e-19 (-20.82dB)
[@       40s] Timestep:         2835 || Speed:  344.8 MC/s (1.390e-02 s/TS) || Energy: ~1.24e-19 (-22.49dB)
[@       44s] Timestep:         3132 || Speed:  352.5 MC/s (1.360e-02 s/TS) || Energy: ~9.62e-20 (-23.59dB)
[@       48s] Timestep:         3429 || Speed:  354.3 MC/s (1.352e-02 s/TS) || Energy: ~6.73e-20 (-25.14dB)
[@       52s] Timestep:         3726 || Speed:  353.3 MC/s (1.356e-02 s/TS) || Energy: ~4.81e-20 (-26.59dB)
[@       56s] Timestep:         4023 || Speed:  349.1 MC/s (1.373e-02 s/TS) || Energy: ~3.63e-20 (-27.81dB)
[@     1m01s] Timestep:         4320 || Speed:  347.6 MC/s (1.379e-02 s/TS) || Energy: ~2.93e-20 (-28.75dB)
[@     1m05s] Timestep:         4617 || Speed:  353.1 MC/s (1.357e-02 s/TS) || Energy: ~2.00e-20 (-30.41dB)
[@     1m09s] Timestep:         4914 || Speed:  352.3 MC/s (1.360e-02 s/TS) || Energy: ~1.69e-20 (-31.14dB)
[@     1m13s] Timestep:         5211 || Speed:  345.3 MC/s (1.388e-02 s/TS) || Energy: ~1.21e-20 (-32.59dB)
[@     1m17s] Timestep:         5508 || Speed:  352.6 MC/s (1.359e-02 s/TS) || Energy: ~7.53e-21 (-34.65dB)
[@     1m21s] Timestep:         5805 || Speed:  348.0 MC/s (1.377e-02 s/TS) || Energy: ~6.68e-21 (-35.17dB)
[@     1m25s] Timestep:         6102 || Speed:  350.5 MC/s (1.367e-02 s/TS) || Energy: ~5.73e-21 (-35.83dB)
[@     1m29s] Timestep:         6408 || Speed:  359.9 MC/s (1.332e-02 s/TS) || Energy: ~4.15e-21 (-37.24dB)
[@     1m33s] Timestep:         6705 || Speed:  346.1 MC/s (1.385e-02 s/TS) || Energy: ~2.86e-21 (-38.85dB)
[@     1m37s] Timestep:         6993 || Speed:  342.4 MC/s (1.399e-02 s/TS) || Energy: ~2.53e-21 (-39.38dB)
[@     1m41s] Timestep:         7281 || Speed:  343.8 MC/s (1.394e-02 s/TS) || Energy: ~1.68e-21 (-41.17dB)
[@     1m45s] Timestep:         7551 || Speed:  315.9 MC/s (1.517e-02 s/TS) || Energy: ~1.39e-21 (-41.97dB)
[@     1m49s] Timestep:         7821 || Speed:  316.5 MC/s (1.514e-02 s/TS) || Energy: ~1.07e-21 (-43.12dB)
[@     1m53s] Timestep:         8082 || Speed:  310.6 MC/s (1.543e-02 s/TS) || Energy: ~9.61e-22 (-43.59dB)
[@     1m57s] Timestep:         8325 || Speed:  284.9 MC/s (1.682e-02 s/TS) || Energy: ~7.75e-22 (-44.52dB)
[@     2m02s] Timestep:         8595 || Speed:  320.1 MC/s (1.497e-02 s/TS) || Energy: ~6.59e-22 (-45.23dB)
[@     2m06s] Timestep:         8838 || Speed:  285.4 MC/s (1.679e-02 s/TS) || Energy: ~5.08e-22 (-46.36dB)
[@     2m10s] Timestep:         9135 || Speed:  352.5 MC/s (1.359e-02 s/TS) || Energy: ~4.29e-22 (-47.10dB)
[@     2m14s] Timestep:         9441 || Speed:  357.3 MC/s (1.341e-02 s/TS) || Energy: ~3.43e-22 (-48.06dB)
[@     2m18s] Timestep:         9684 || Speed:  289.4 MC/s (1.656e-02 s/TS) || Energy: ~2.30e-22 (-49.80dB)
[@     2m22s] Timestep:         9927 || Speed:  290.3 MC/s (1.651e-02 s/TS) || Energy: ~2.49e-22 (-49.46dB)
[@     2m26s] Timestep:        10215 || Speed:  342.0 MC/s (1.401e-02 s/TS) || Energy: ~1.61e-22 (-51.36dB)
Time for 10215 iterations with 4791980.00 cells : 146.33 sec
Speed: 334.52 MCells/s 
    [excite port 9/20]
 ---------------------------------------------------------------------- 
 | openEMS 64bit -- version v0.37.0-rc1-2-g7b051bb
 | (C) 2010-2026 Thorsten Liebig <thorsten.liebig@gmx.de>  GPL license
 ---------------------------------------------------------------------- 
	Used external libraries:
		CSXCAD -- Version: v0.7.0-rc1-1-g5115701
		hdf5   -- Version: 1.10.10
		          compiled against: HDF5 library version: 1.10.10
		tinyxml -- compiled against: 2.6.2
		fparser
		boost  -- compiled against: 1_83
		vtk -- Version: 9.1.0
		       compiled against: 9.1.0

Create FDTD operator (compressed SSE + multi-threading)
FDTD simulation size: 155x236x131 --> 4791980.00 FDTD cells 
FDTD timestep is: 0.00 s; Nyquist rate: 39 timesteps @100739890093.00 Hz
Excitation signal length is: 452 timesteps (0.00s)
Max. number of timesteps: 60000 ( --> 132.74 * Excitation signal length)
Create FDTD engine (compressed SSE + multi-threading)
Running FDTD engine... this may take a while... grab a cup of coffee?!?
[@        4s] Timestep:          189 || Speed:  226.3 MC/s (2.117e-02 s/TS) || Energy: ~3.59e-18 (- 0.00dB)
[@        8s] Timestep:          468 || Speed:  323.7 MC/s (1.480e-02 s/TS) || Energy: ~2.45e-17 (- 0.00dB)
[@       12s] Timestep:          756 || Speed:  341.4 MC/s (1.404e-02 s/TS) || Energy: ~9.28e-18 (- 4.22dB)
[@       16s] Timestep:         1053 || Speed:  349.5 MC/s (1.371e-02 s/TS) || Energy: ~2.50e-18 (- 9.91dB)
[@       20s] Timestep:         1359 || Speed:  362.9 MC/s (1.320e-02 s/TS) || Energy: ~1.26e-18 (-12.90dB)
[@       24s] Timestep:         1656 || Speed:  348.6 MC/s (1.375e-02 s/TS) || Energy: ~6.96e-19 (-15.48dB)
Multithreaded Engine: Best performance found using 5 threads.
[@       28s] Timestep:         1953 || Speed:  347.8 MC/s (1.378e-02 s/TS) || Energy: ~4.14e-19 (-17.73dB)
[@       32s] Timestep:         2250 || Speed:  349.8 MC/s (1.370e-02 s/TS) || Energy: ~2.53e-19 (-19.87dB)
[@       36s] Timestep:         2547 || Speed:  355.6 MC/s (1.348e-02 s/TS) || Energy: ~1.84e-19 (-21.25dB)
[@       40s] Timestep:         2853 || Speed:  356.9 MC/s (1.343e-02 s/TS) || Energy: ~1.25e-19 (-22.93dB)
[@       44s] Timestep:         3150 || Speed:  353.8 MC/s (1.354e-02 s/TS) || Energy: ~8.25e-20 (-24.74dB)
[@       48s] Timestep:         3447 || Speed:  355.3 MC/s (1.349e-02 s/TS) || Energy: ~7.33e-20 (-25.25dB)
[@       52s] Timestep:         3753 || Speed:  357.8 MC/s (1.339e-02 s/TS) || Energy: ~4.94e-20 (-26.97dB)
[@       56s] Timestep:         4059 || Speed:  356.5 MC/s (1.344e-02 s/TS) || Energy: ~3.49e-20 (-28.47dB)
[@     1m00s] Timestep:         4365 || Speed:  359.6 MC/s (1.333e-02 s/TS) || Energy: ~2.95e-20 (-29.21dB)
[@     1m05s] Timestep:         4671 || Speed:  357.4 MC/s (1.341e-02 s/TS) || Energy: ~2.22e-20 (-30.43dB)
[@     1m09s] Timestep:         4968 || Speed:  355.2 MC/s (1.349e-02 s/TS) || Energy: ~1.48e-20 (-32.19dB)
[@     1m13s] Timestep:         5256 || Speed:  335.0 MC/s (1.431e-02 s/TS) || Energy: ~1.27e-20 (-32.85dB)
[@     1m17s] Timestep:         5553 || Speed:  346.2 MC/s (1.384e-02 s/TS) || Energy: ~8.40e-21 (-34.66dB)
[@     1m21s] Timestep:         5859 || Speed:  358.5 MC/s (1.337e-02 s/TS) || Energy: ~6.57e-21 (-35.72dB)
[@     1m25s] Timestep:         6165 || Speed:  362.3 MC/s (1.323e-02 s/TS) || Energy: ~5.18e-21 (-36.76dB)
[@     1m29s] Timestep:         6462 || Speed:  352.1 MC/s (1.361e-02 s/TS) || Energy: ~3.82e-21 (-38.08dB)
[@     1m33s] Timestep:         6750 || Speed:  337.5 MC/s (1.420e-02 s/TS) || Energy: ~2.73e-21 (-39.54dB)
[@     1m37s] Timestep:         7029 || Speed:  329.3 MC/s (1.455e-02 s/TS) || Energy: ~2.46e-21 (-39.99dB)
[@     1m41s] Timestep:         7317 || Speed:  343.4 MC/s (1.395e-02 s/TS) || Energy: ~1.72e-21 (-41.54dB)
[@     1m45s] Timestep:         7614 || Speed:  346.7 MC/s (1.382e-02 s/TS) || Energy: ~1.47e-21 (-42.22dB)
[@     1m49s] Timestep:         7911 || Speed:  347.8 MC/s (1.378e-02 s/TS) || Energy: ~1.28e-21 (-42.81dB)
[@     1m53s] Timestep:         8208 || Speed:  347.4 MC/s (1.379e-02 s/TS) || Energy: ~9.00e-22 (-44.36dB)
[@     1m58s] Timestep:         8514 || Speed:  359.9 MC/s (1.331e-02 s/TS) || Energy: ~7.30e-22 (-45.27dB)
[@     2m02s] Timestep:         8811 || Speed:  354.7 MC/s (1.351e-02 s/TS) || Energy: ~6.63e-22 (-45.68dB)
[@     2m06s] Timestep:         9117 || Speed:  358.5 MC/s (1.337e-02 s/TS) || Energy: ~5.60e-22 (-46.42dB)
[@     2m10s] Timestep:         9405 || Speed:  339.8 MC/s (1.410e-02 s/TS) || Energy: ~3.97e-22 (-47.92dB)
[@     2m14s] Timestep:         9693 || Speed:  341.2 MC/s (1.404e-02 s/TS) || Energy: ~3.19e-22 (-48.87dB)
[@     2m18s] Timestep:         9981 || Speed:  343.5 MC/s (1.395e-02 s/TS) || Energy: ~2.27e-22 (-50.34dB)
Time for 9981 iterations with 4791980.00 cells : 138.25 sec
Speed: 345.97 MCells/s 
    [excite port 10/20]
 ---------------------------------------------------------------------- 
 | openEMS 64bit -- version v0.37.0-rc1-2-g7b051bb
 | (C) 2010-2026 Thorsten Liebig <thorsten.liebig@gmx.de>  GPL license
 ---------------------------------------------------------------------- 
	Used external libraries:
		CSXCAD -- Version: v0.7.0-rc1-1-g5115701
		hdf5   -- Version: 1.10.10
		          compiled against: HDF5 library version: 1.10.10
		tinyxml -- compiled against: 2.6.2
		fparser
		boost  -- compiled against: 1_83
		vtk -- Version: 9.1.0
		       compiled against: 9.1.0

Create FDTD operator (compressed SSE + multi-threading)
FDTD simulation size: 155x236x131 --> 4791980.00 FDTD cells 
FDTD timestep is: 0.00 s; Nyquist rate: 39 timesteps @100739890093.00 Hz
Excitation signal length is: 452 timesteps (0.00s)
Max. number of timesteps: 60000 ( --> 132.74 * Excitation signal length)
Create FDTD engine (compressed SSE + multi-threading)
Running FDTD engine... this may take a while... grab a cup of coffee?!?
[@        4s] Timestep:          162 || Speed:  191.9 MC/s (2.497e-02 s/TS) || Energy: ~2.23e-18 (- 0.00dB)
[@        8s] Timestep:          378 || Speed:  256.4 MC/s (1.869e-02 s/TS) || Energy: ~2.68e-17 (- 0.00dB)
[@       12s] Timestep:          612 || Speed:  278.5 MC/s (1.721e-02 s/TS) || Energy: ~1.60e-17 (- 2.23dB)
[@       16s] Timestep:          855 || Speed:  282.8 MC/s (1.694e-02 s/TS) || Energy: ~5.56e-18 (- 6.83dB)
[@       20s] Timestep:         1098 || Speed:  287.7 MC/s (1.666e-02 s/TS) || Energy: ~2.41e-18 (-10.46dB)
[@       24s] Timestep:         1350 || Speed:  292.8 MC/s (1.637e-02 s/TS) || Energy: ~1.03e-18 (-14.14dB)
[@       28s] Timestep:         1584 || Speed:  273.7 MC/s (1.751e-02 s/TS) || Energy: ~7.48e-19 (-15.54dB)
Multithreaded Engine: Best performance found using 6 threads.
[@       32s] Timestep:         1818 || Speed:  274.6 MC/s (1.745e-02 s/TS) || Energy: ~4.94e-19 (-17.34dB)
[@       36s] Timestep:         2061 || Speed:  287.8 MC/s (1.665e-02 s/TS) || Energy: ~3.23e-19 (-19.19dB)
[@       40s] Timestep:         2304 || Speed:  286.1 MC/s (1.675e-02 s/TS) || Energy: ~2.23e-19 (-20.79dB)
[@       44s] Timestep:         2547 || Speed:  287.9 MC/s (1.664e-02 s/TS) || Energy: ~1.66e-19 (-22.07dB)
[@       48s] Timestep:         2790 || Speed:  288.4 MC/s (1.661e-02 s/TS) || Energy: ~1.32e-19 (-23.06dB)
[@       52s] Timestep:         3033 || Speed:  287.4 MC/s (1.668e-02 s/TS) || Energy: ~8.40e-20 (-25.04dB)
[@       56s] Timestep:         3321 || Speed:  341.0 MC/s (1.405e-02 s/TS) || Energy: ~7.21e-20 (-25.70dB)
[@     1m00s] Timestep:         3618 || Speed:  350.3 MC/s (1.368e-02 s/TS) || Energy: ~4.31e-20 (-27.94dB)
[@     1m04s] Timestep:         3915 || Speed:  355.1 MC/s (1.350e-02 s/TS) || Energy: ~3.65e-20 (-28.66dB)
[@     1m08s] Timestep:         4212 || Speed:  354.2 MC/s (1.353e-02 s/TS) || Energy: ~3.03e-20 (-29.47dB)
[@     1m13s] Timestep:         4500 || Speed:  336.1 MC/s (1.426e-02 s/TS) || Energy: ~1.85e-20 (-31.60dB)
[@     1m17s] Timestep:         4788 || Speed:  342.6 MC/s (1.399e-02 s/TS) || Energy: ~1.64e-20 (-32.14dB)
[@     1m21s] Timestep:         5085 || Speed:  345.4 MC/s (1.387e-02 s/TS) || Energy: ~1.16e-20 (-33.65dB)
[@     1m25s] Timestep:         5373 || Speed:  342.9 MC/s (1.398e-02 s/TS) || Energy: ~9.00e-21 (-34.74dB)
[@     1m29s] Timestep:         5670 || Speed:  353.5 MC/s (1.356e-02 s/TS) || Energy: ~8.31e-21 (-35.09dB)
[@     1m33s] Timestep:         5967 || Speed:  350.2 MC/s (1.368e-02 s/TS) || Energy: ~5.70e-21 (-36.73dB)
[@     1m37s] Timestep:         6264 || Speed:  349.1 MC/s (1.373e-02 s/TS) || Energy: ~3.92e-21 (-38.35dB)
[@     1m41s] Timestep:         6561 || Speed:  351.1 MC/s (1.365e-02 s/TS) || Energy: ~3.47e-21 (-38.87dB)
[@     1m45s] Timestep:         6858 || Speed:  346.3 MC/s (1.384e-02 s/TS) || Energy: ~2.42e-21 (-40.44dB)
[@     1m49s] Timestep:         7146 || Speed:  344.0 MC/s (1.393e-02 s/TS) || Energy: ~1.61e-21 (-42.21dB)
[@     1m53s] Timestep:         7443 || Speed:  347.7 MC/s (1.378e-02 s/TS) || Energy: ~1.40e-21 (-42.82dB)
[@     1m57s] Timestep:         7740 || Speed:  345.6 MC/s (1.386e-02 s/TS) || Energy: ~9.72e-22 (-44.41dB)
[@     2m01s] Timestep:         8046 || Speed:  365.7 MC/s (1.310e-02 s/TS) || Energy: ~7.20e-22 (-45.71dB)
[@     2m05s] Timestep:         8352 || Speed:  365.3 MC/s (1.312e-02 s/TS) || Energy: ~6.17e-22 (-46.38dB)
[@     2m09s] Timestep:         8658 || Speed:  366.3 MC/s (1.308e-02 s/TS) || Energy: ~4.57e-22 (-47.68dB)
[@     2m13s] Timestep:         8964 || Speed:  363.6 MC/s (1.318e-02 s/TS) || Energy: ~3.61e-22 (-48.71dB)
[@     2m17s] Timestep:         9279 || Speed:  368.7 MC/s (1.300e-02 s/TS) || Energy: ~3.06e-22 (-49.43dB)
[@     2m22s] Timestep:         9594 || Speed:  367.2 MC/s (1.305e-02 s/TS) || Energy: ~2.57e-22 (-50.19dB)
Time for 9594 iterations with 4791980.00 cells : 142.06 sec
Speed: 323.62 MCells/s 
    [excite port 11/20]
 ---------------------------------------------------------------------- 
 | openEMS 64bit -- version v0.37.0-rc1-2-g7b051bb
 | (C) 2010-2026 Thorsten Liebig <thorsten.liebig@gmx.de>  GPL license
 ---------------------------------------------------------------------- 
	Used external libraries:
		CSXCAD -- Version: v0.7.0-rc1-1-g5115701
		hdf5   -- Version: 1.10.10
		          compiled against: HDF5 library version: 1.10.10
		tinyxml -- compiled against: 2.6.2
		fparser
		boost  -- compiled against: 1_83
		vtk -- Version: 9.1.0
		       compiled against: 9.1.0

Create FDTD operator (compressed SSE + multi-threading)
FDTD simulation size: 155x236x131 --> 4791980.00 FDTD cells 
FDTD timestep is: 0.00 s; Nyquist rate: 39 timesteps @100739890093.00 Hz
Excitation signal length is: 452 timesteps (0.00s)
Max. number of timesteps: 60000 ( --> 132.74 * Excitation signal length)
Create FDTD engine (compressed SSE + multi-threading)
Running FDTD engine... this may take a while... grab a cup of coffee?!?
[@        4s] Timestep:          207 || Speed:  243.4 MC/s (1.969e-02 s/TS) || Energy: ~5.81e-18 (- 0.00dB)
[@        8s] Timestep:          486 || Speed:  333.8 MC/s (1.436e-02 s/TS) || Energy: ~2.27e-17 (- 0.00dB)
[@       12s] Timestep:          783 || Speed:  345.3 MC/s (1.388e-02 s/TS) || Energy: ~6.80e-18 (- 5.24dB)
[@       16s] Timestep:         1080 || Speed:  349.1 MC/s (1.373e-02 s/TS) || Energy: ~2.34e-18 (- 9.87dB)
[@       20s] Timestep:         1377 || Speed:  352.7 MC/s (1.359e-02 s/TS) || Energy: ~1.04e-18 (-13.40dB)
[@       24s] Timestep:         1665 || Speed:  340.4 MC/s (1.408e-02 s/TS) || Energy: ~5.53e-19 (-16.14dB)
Multithreaded Engine: Best performance found using 5 threads.
[@       28s] Timestep:         1962 || Speed:  347.2 MC/s (1.380e-02 s/TS) || Energy: ~3.44e-19 (-18.20dB)
[@       32s] Timestep:         2268 || Speed:  359.9 MC/s (1.331e-02 s/TS) || Energy: ~2.25e-19 (-20.04dB)
[@       36s] Timestep:         2556 || Speed:  342.3 MC/s (1.400e-02 s/TS) || Energy: ~1.54e-19 (-21.69dB)
[@       40s] Timestep:         2871 || Speed:  370.0 MC/s (1.295e-02 s/TS) || Energy: ~1.13e-19 (-23.03dB)
[@       44s] Timestep:         3186 || Speed:  374.8 MC/s (1.278e-02 s/TS) || Energy: ~7.84e-20 (-24.62dB)
[@       48s] Timestep:         3492 || Speed:  359.4 MC/s (1.333e-02 s/TS) || Energy: ~5.64e-20 (-26.05dB)
[@       52s] Timestep:         3789 || Speed:  351.1 MC/s (1.365e-02 s/TS) || Energy: ~4.43e-20 (-27.10dB)
[@       56s] Timestep:         4068 || Speed:  329.0 MC/s (1.456e-02 s/TS) || Energy: ~3.25e-20 (-28.44dB)
[@     1m00s] Timestep:         4356 || Speed:  335.2 MC/s (1.430e-02 s/TS) || Energy: ~2.30e-20 (-29.95dB)
[@     1m05s] Timestep:         4644 || Speed:  339.7 MC/s (1.411e-02 s/TS) || Energy: ~2.06e-20 (-30.42dB)
[@     1m09s] Timestep:         4932 || Speed:  340.9 MC/s (1.406e-02 s/TS) || Energy: ~1.43e-20 (-32.01dB)
[@     1m13s] Timestep:         5238 || Speed:  361.3 MC/s (1.326e-02 s/TS) || Energy: ~9.66e-21 (-33.72dB)
[@     1m17s] Timestep:         5544 || Speed:  362.2 MC/s (1.323e-02 s/TS) || Energy: ~7.27e-21 (-34.95dB)
[@     1m21s] Timestep:         5859 || Speed:  367.1 MC/s (1.306e-02 s/TS) || Energy: ~5.67e-21 (-36.03dB)
[@     1m25s] Timestep:         6174 || Speed:  368.0 MC/s (1.302e-02 s/TS) || Energy: ~4.69e-21 (-36.85dB)
[@     1m29s] Timestep:         6480 || Speed:  363.0 MC/s (1.320e-02 s/TS) || Energy: ~3.63e-21 (-37.96dB)
[@     1m33s] Timestep:         6786 || Speed:  365.3 MC/s (1.312e-02 s/TS) || Energy: ~2.44e-21 (-39.69dB)
[@     1m37s] Timestep:         7092 || Speed:  357.0 MC/s (1.342e-02 s/TS) || Energy: ~1.79e-21 (-41.03dB)
[@     1m41s] Timestep:         7389 || Speed:  346.8 MC/s (1.382e-02 s/TS) || Energy: ~1.46e-21 (-41.93dB)
[@     1m45s] Timestep:         7686 || Speed:  355.3 MC/s (1.349e-02 s/TS) || Energy: ~1.15e-21 (-42.97dB)
[@     1m49s] Timestep:         7983 || Speed:  347.2 MC/s (1.380e-02 s/TS) || Energy: ~8.30e-22 (-44.37dB)
[@     1m53s] Timestep:         8280 || Speed:  347.3 MC/s (1.380e-02 s/TS) || Energy: ~7.28e-22 (-44.94dB)
[@     1m58s] Timestep:         8586 || Speed:  356.5 MC/s (1.344e-02 s/TS) || Energy: ~5.64e-22 (-46.05dB)
[@     2m02s] Timestep:         8883 || Speed:  347.3 MC/s (1.380e-02 s/TS) || Energy: ~3.88e-22 (-47.68dB)
[@     2m06s] Timestep:         9180 || Speed:  353.2 MC/s (1.357e-02 s/TS) || Energy: ~3.20e-22 (-48.51dB)
[@     2m10s] Timestep:         9486 || Speed:  356.3 MC/s (1.345e-02 s/TS) || Energy: ~2.67e-22 (-49.30dB)
[@     2m14s] Timestep:         9792 || Speed:  356.4 MC/s (1.344e-02 s/TS) || Energy: ~2.19e-22 (-50.15dB)
Time for 9792 iterations with 4791980.00 cells : 134.37 sec
Speed: 349.21 MCells/s 
    [excite port 12/20]
 ---------------------------------------------------------------------- 
 | openEMS 64bit -- version v0.37.0-rc1-2-g7b051bb
 | (C) 2010-2026 Thorsten Liebig <thorsten.liebig@gmx.de>  GPL license
 ---------------------------------------------------------------------- 
	Used external libraries:
		CSXCAD -- Version: v0.7.0-rc1-1-g5115701
		hdf5   -- Version: 1.10.10
		          compiled against: HDF5 library version: 1.10.10
		tinyxml -- compiled against: 2.6.2
		fparser
		boost  -- compiled against: 1_83
		vtk -- Version: 9.1.0
		       compiled against: 9.1.0

Create FDTD operator (compressed SSE + multi-threading)
FDTD simulation size: 155x236x131 --> 4791980.00 FDTD cells 
FDTD timestep is: 0.00 s; Nyquist rate: 39 timesteps @100739890093.00 Hz
Excitation signal length is: 452 timesteps (0.00s)
Max. number of timesteps: 60000 ( --> 132.74 * Excitation signal length)
Create FDTD engine (compressed SSE + multi-threading)
Running FDTD engine... this may take a while... grab a cup of coffee?!?
[@        4s] Timestep:          198 || Speed:  230.5 MC/s (2.079e-02 s/TS) || Energy: ~3.95e-18 (- 0.00dB)
[@        8s] Timestep:          495 || Speed:  344.1 MC/s (1.393e-02 s/TS) || Energy: ~2.15e-17 (- 0.00dB)
[@       12s] Timestep:          783 || Speed:  342.6 MC/s (1.399e-02 s/TS) || Energy: ~6.49e-18 (- 5.19dB)
Multithreaded Engine: Best performance found using 2 threads.
[@       16s] Timestep:         1071 || Speed:  337.3 MC/s (1.421e-02 s/TS) || Energy: ~2.21e-18 (- 9.87dB)
[@       20s] Timestep:         1368 || Speed:  349.0 MC/s (1.373e-02 s/TS) || Energy: ~9.69e-19 (-13.45dB)
[@       24s] Timestep:         1665 || Speed:  349.0 MC/s (1.373e-02 s/TS) || Energy: ~5.09e-19 (-16.25dB)
[@       28s] Timestep:         1971 || Speed:  356.1 MC/s (1.346e-02 s/TS) || Energy: ~3.04e-19 (-18.49dB)
[@       32s] Timestep:         2268 || Speed:  348.4 MC/s (1.375e-02 s/TS) || Energy: ~1.87e-19 (-20.59dB)
[@       36s] Timestep:         2556 || Speed:  344.8 MC/s (1.390e-02 s/TS) || Energy: ~1.29e-19 (-22.21dB)
[@       40s] Timestep:         2808 || Speed:  300.3 MC/s (1.596e-02 s/TS) || Energy: ~9.99e-20 (-23.32dB)
[@       44s] Timestep:         3060 || Speed:  296.6 MC/s (1.615e-02 s/TS) || Energy: ~7.72e-20 (-24.44dB)
[@       48s] Timestep:         3312 || Speed:  295.9 MC/s (1.619e-02 s/TS) || Energy: ~5.02e-20 (-26.31dB)
[@       53s] Timestep:         3564 || Speed:  293.0 MC/s (1.636e-02 s/TS) || Energy: ~4.39e-20 (-26.89dB)
[@       57s] Timestep:         3834 || Speed:  316.1 MC/s (1.516e-02 s/TS) || Energy: ~3.19e-20 (-28.28dB)
[@     1m01s] Timestep:         4095 || Speed:  311.2 MC/s (1.540e-02 s/TS) || Energy: ~2.66e-20 (-29.07dB)
[@     1m05s] Timestep:         4347 || Speed:  290.7 MC/s (1.649e-02 s/TS) || Energy: ~1.89e-20 (-30.55dB)
[@     1m09s] Timestep:         4599 || Speed:  296.2 MC/s (1.618e-02 s/TS) || Energy: ~1.68e-20 (-31.07dB)
[@     1m13s] Timestep:         4860 || Speed:  309.2 MC/s (1.550e-02 s/TS) || Energy: ~1.15e-20 (-32.71dB)
[@     1m17s] Timestep:         5103 || Speed:  283.3 MC/s (1.692e-02 s/TS) || Energy: ~9.66e-21 (-33.47dB)
[@     1m21s] Timestep:         5346 || Speed:  290.9 MC/s (1.647e-02 s/TS) || Energy: ~7.98e-21 (-34.30dB)
[@     1m25s] Timestep:         5598 || Speed:  301.4 MC/s (1.590e-02 s/TS) || Energy: ~5.63e-21 (-35.81dB)
[@     1m29s] Timestep:         5868 || Speed:  319.6 MC/s (1.500e-02 s/TS) || Energy: ~5.04e-21 (-36.29dB)
[@     1m33s] Timestep:         6129 || Speed:  309.6 MC/s (1.548e-02 s/TS) || Energy: ~3.68e-21 (-37.66dB)
[@     1m37s] Timestep:         6399 || Speed:  314.1 MC/s (1.526e-02 s/TS) || Energy: ~3.07e-21 (-38.44dB)
[@     1m41s] Timestep:         6642 || Speed:  287.9 MC/s (1.664e-02 s/TS) || Energy: ~2.38e-21 (-39.54dB)
[@     1m45s] Timestep:         6903 || Speed:  302.2 MC/s (1.586e-02 s/TS) || Energy: ~1.90e-21 (-40.54dB)
[@     1m49s] Timestep:         7146 || Speed:  287.0 MC/s (1.670e-02 s/TS) || Energy: ~1.70e-21 (-41.00dB)
[@     1m54s] Timestep:         7398 || Speed:  296.1 MC/s (1.619e-02 s/TS) || Energy: ~1.27e-21 (-42.29dB)
[@     1m58s] Timestep:         7641 || Speed:  288.9 MC/s (1.659e-02 s/TS) || Energy: ~9.89e-22 (-43.36dB)
[@     2m02s] Timestep:         7893 || Speed:  294.9 MC/s (1.625e-02 s/TS) || Energy: ~9.02e-22 (-43.76dB)
[@     2m06s] Timestep:         8154 || Speed:  309.9 MC/s (1.546e-02 s/TS) || Energy: ~7.26e-22 (-44.71dB)
[@     2m10s] Timestep:         8424 || Speed:  318.9 MC/s (1.503e-02 s/TS) || Energy: ~5.36e-22 (-46.02dB)
[@     2m14s] Timestep:         8676 || Speed:  299.2 MC/s (1.602e-02 s/TS) || Energy: ~5.21e-22 (-46.15dB)
[@     2m18s] Timestep:         8883 || Speed:  247.7 MC/s (1.934e-02 s/TS) || Energy: ~4.55e-22 (-46.74dB)
[@     2m22s] Timestep:         9099 || Speed:  253.3 MC/s (1.892e-02 s/TS) || Energy: ~3.91e-22 (-47.39dB)
[@     2m26s] Timestep:         9315 || Speed:  252.3 MC/s (1.899e-02 s/TS) || Energy: ~3.17e-22 (-48.30dB)
[@     2m30s] Timestep:         9540 || Speed:  257.3 MC/s (1.862e-02 s/TS) || Energy: ~2.31e-22 (-49.69dB)
[@     2m34s] Timestep:         9747 || Speed:  247.6 MC/s (1.936e-02 s/TS) || Energy: ~1.97e-22 (-50.37dB)
Time for 9747 iterations with 4791980.00 cells : 154.72 sec
Speed: 301.89 MCells/s 
    [excite port 13/20]
 ---------------------------------------------------------------------- 
 | openEMS 64bit -- version v0.37.0-rc1-2-g7b051bb
 | (C) 2010-2026 Thorsten Liebig <thorsten.liebig@gmx.de>  GPL license
 ---------------------------------------------------------------------- 
	Used external libraries:
		CSXCAD -- Version: v0.7.0-rc1-1-g5115701
		hdf5   -- Version: 1.10.10
		          compiled against: HDF5 library version: 1.10.10
		tinyxml -- compiled against: 2.6.2
		fparser
		boost  -- compiled against: 1_83
		vtk -- Version: 9.1.0
		       compiled against: 9.1.0

Create FDTD operator (compressed SSE + multi-threading)
FDTD simulation size: 155x236x131 --> 4791980.00 FDTD cells 
FDTD timestep is: 0.00 s; Nyquist rate: 39 timesteps @100739890093.00 Hz
Excitation signal length is: 452 timesteps (0.00s)
Max. number of timesteps: 60000 ( --> 132.74 * Excitation signal length)
Create FDTD engine (compressed SSE + multi-threading)
Running FDTD engine... this may take a while... grab a cup of coffee?!?
[@        4s] Timestep:          162 || Speed:  191.5 MC/s (2.502e-02 s/TS) || Energy: ~2.24e-18 (- 0.00dB)
[@        8s] Timestep:          378 || Speed:  258.2 MC/s (1.856e-02 s/TS) || Energy: ~2.82e-17 (- 0.00dB)
[@       12s] Timestep:          612 || Speed:  278.0 MC/s (1.724e-02 s/TS) || Energy: ~2.07e-17 (- 1.35dB)
[@       16s] Timestep:          891 || Speed:  326.6 MC/s (1.467e-02 s/TS) || Energy: ~5.74e-18 (- 6.91dB)
[@       20s] Timestep:         1143 || Speed:  294.6 MC/s (1.626e-02 s/TS) || Energy: ~1.95e-18 (-11.61dB)
Multithreaded Engine: Best performance found using 4 threads.
[@       24s] Timestep:         1377 || Speed:  278.0 MC/s (1.724e-02 s/TS) || Energy: ~1.24e-18 (-13.57dB)
[@       28s] Timestep:         1674 || Speed:  352.4 MC/s (1.360e-02 s/TS) || Energy: ~6.96e-19 (-16.08dB)
[@       32s] Timestep:         1962 || Speed:  340.6 MC/s (1.407e-02 s/TS) || Energy: ~5.29e-19 (-17.27dB)
[@       36s] Timestep:         2259 || Speed:  353.2 MC/s (1.357e-02 s/TS) || Energy: ~3.35e-19 (-19.25dB)
[@       40s] Timestep:         2547 || Speed:  339.7 MC/s (1.411e-02 s/TS) || Energy: ~2.14e-19 (-21.19dB)
[@       44s] Timestep:         2844 || Speed:  350.9 MC/s (1.366e-02 s/TS) || Energy: ~1.65e-19 (-22.33dB)
[@       48s] Timestep:         3150 || Speed:  365.0 MC/s (1.313e-02 s/TS) || Energy: ~1.20e-19 (-23.70dB)
[@       52s] Timestep:         3456 || Speed:  363.2 MC/s (1.319e-02 s/TS) || Energy: ~7.94e-20 (-25.51dB)
[@       56s] Timestep:         3762 || Speed:  356.6 MC/s (1.344e-02 s/TS) || Energy: ~5.19e-20 (-27.35dB)
[@     1m00s] Timestep:         4059 || Speed:  349.2 MC/s (1.372e-02 s/TS) || Energy: ~3.44e-20 (-29.14dB)
[@     1m04s] Timestep:         4356 || Speed:  350.4 MC/s (1.368e-02 s/TS) || Energy: ~2.74e-20 (-30.12dB)
[@     1m08s] Timestep:         4653 || Speed:  351.8 MC/s (1.362e-02 s/TS) || Energy: ~2.08e-20 (-31.32dB)
[@     1m13s] Timestep:         4959 || Speed:  357.0 MC/s (1.342e-02 s/TS) || Energy: ~1.65e-20 (-32.33dB)
[@     1m17s] Timestep:         5265 || Speed:  359.8 MC/s (1.332e-02 s/TS) || Energy: ~1.25e-20 (-33.55dB)
[@     1m21s] Timestep:         5580 || Speed:  370.6 MC/s (1.293e-02 s/TS) || Energy: ~9.74e-21 (-34.62dB)
[@     1m25s] Timestep:         5886 || Speed:  356.9 MC/s (1.343e-02 s/TS) || Energy: ~6.98e-21 (-36.06dB)
[@     1m29s] Timestep:         6192 || Speed:  359.0 MC/s (1.335e-02 s/TS) || Energy: ~5.47e-21 (-37.13dB)
[@     1m33s] Timestep:         6489 || Speed:  354.9 MC/s (1.350e-02 s/TS) || Energy: ~3.99e-21 (-38.50dB)
[@     1m37s] Timestep:         6786 || Speed:  349.5 MC/s (1.371e-02 s/TS) || Energy: ~3.01e-21 (-39.72dB)
[@     1m41s] Timestep:         7092 || Speed:  358.2 MC/s (1.338e-02 s/TS) || Energy: ~2.20e-21 (-41.08dB)
[@     1m45s] Timestep:         7344 || Speed:  296.9 MC/s (1.614e-02 s/TS) || Energy: ~1.93e-21 (-41.65dB)
[@     1m49s] Timestep:         7587 || Speed:  286.0 MC/s (1.676e-02 s/TS) || Energy: ~1.53e-21 (-42.67dB)
[@     1m53s] Timestep:         7830 || Speed:  282.0 MC/s (1.699e-02 s/TS) || Energy: ~1.22e-21 (-43.63dB)
[@     1m57s] Timestep:         8073 || Speed:  288.4 MC/s (1.662e-02 s/TS) || Energy: ~9.12e-22 (-44.90dB)
[@     2m01s] Timestep:         8307 || Speed:  275.1 MC/s (1.742e-02 s/TS) || Energy: ~8.48e-22 (-45.22dB)
[@     2m06s] Timestep:         8550 || Speed:  284.8 MC/s (1.683e-02 s/TS) || Energy: ~5.93e-22 (-46.77dB)
[@     2m10s] Timestep:         8784 || Speed:  279.9 MC/s (1.712e-02 s/TS) || Energy: ~5.42e-22 (-47.16dB)
[@     2m14s] Timestep:         9027 || Speed:  285.4 MC/s (1.679e-02 s/TS) || Energy: ~4.29e-22 (-48.18dB)
[@     2m18s] Timestep:         9270 || Speed:  286.6 MC/s (1.672e-02 s/TS) || Energy: ~3.76e-22 (-48.75dB)
[@     2m22s] Timestep:         9513 || Speed:  288.6 MC/s (1.661e-02 s/TS) || Energy: ~2.96e-22 (-49.79dB)
[@     2m26s] Timestep:         9765 || Speed:  291.3 MC/s (1.645e-02 s/TS) || Energy: ~2.51e-22 (-50.51dB)
Time for 9765 iterations with 4791980.00 cells : 146.34 sec
Speed: 319.76 MCells/s 
    [excite port 14/20]
 ---------------------------------------------------------------------- 
 | openEMS 64bit -- version v0.37.0-rc1-2-g7b051bb
 | (C) 2010-2026 Thorsten Liebig <thorsten.liebig@gmx.de>  GPL license
 ---------------------------------------------------------------------- 
	Used external libraries:
		CSXCAD -- Version: v0.7.0-rc1-1-g5115701
		hdf5   -- Version: 1.10.10
		          compiled against: HDF5 library version: 1.10.10
		tinyxml -- compiled against: 2.6.2
		fparser
		boost  -- compiled against: 1_83
		vtk -- Version: 9.1.0
		       compiled against: 9.1.0

Create FDTD operator (compressed SSE + multi-threading)
FDTD simulation size: 155x236x131 --> 4791980.00 FDTD cells 
FDTD timestep is: 0.00 s; Nyquist rate: 39 timesteps @100739890093.00 Hz
Excitation signal length is: 452 timesteps (0.00s)
Max. number of timesteps: 60000 ( --> 132.74 * Excitation signal length)
Create FDTD engine (compressed SSE + multi-threading)
Running FDTD engine... this may take a while... grab a cup of coffee?!?
[@        4s] Timestep:          171 || Speed:  194.0 MC/s (2.471e-02 s/TS) || Energy: ~3.12e-18 (- 0.00dB)
[@        8s] Timestep:          387 || Speed:  257.3 MC/s (1.863e-02 s/TS) || Energy: ~2.80e-17 (- 0.00dB)
[@       12s] Timestep:          621 || Speed:  279.0 MC/s (1.718e-02 s/TS) || Energy: ~1.98e-17 (- 1.50dB)
[@       16s] Timestep:          864 || Speed:  287.6 MC/s (1.666e-02 s/TS) || Energy: ~5.99e-18 (- 6.70dB)
[@       20s] Timestep:         1107 || Speed:  291.0 MC/s (1.647e-02 s/TS) || Energy: ~2.25e-18 (-10.94dB)
[@       24s] Timestep:         1341 || Speed:  278.7 MC/s (1.719e-02 s/TS) || Energy: ~1.09e-18 (-14.11dB)
Multithreaded Engine: Best performance found using 5 threads.
[@       28s] Timestep:         1584 || Speed:  288.3 MC/s (1.662e-02 s/TS) || Energy: ~7.62e-19 (-15.65dB)
[@       32s] Timestep:         1827 || Speed:  287.0 MC/s (1.670e-02 s/TS) || Energy: ~5.91e-19 (-16.75dB)
[@       36s] Timestep:         2070 || Speed:  284.3 MC/s (1.686e-02 s/TS) || Energy: ~3.51e-19 (-19.02dB)
[@       40s] Timestep:         2322 || Speed:  294.2 MC/s (1.629e-02 s/TS) || Energy: ~2.57e-19 (-20.36dB)
[@       44s] Timestep:         2565 || Speed:  282.6 MC/s (1.696e-02 s/TS) || Energy: ~2.09e-19 (-21.28dB)
[@       48s] Timestep:         2826 || Speed:  305.6 MC/s (1.568e-02 s/TS) || Energy: ~1.27e-19 (-23.42dB)
[@       52s] Timestep:         3141 || Speed:  375.3 MC/s (1.277e-02 s/TS) || Energy: ~9.34e-20 (-24.77dB)
[@       56s] Timestep:         3456 || Speed:  377.0 MC/s (1.271e-02 s/TS) || Energy: ~6.88e-20 (-26.09dB)
[@     1m00s] Timestep:         3771 || Speed:  375.0 MC/s (1.278e-02 s/TS) || Energy: ~4.85e-20 (-27.61dB)
[@     1m04s] Timestep:         4077 || Speed:  358.2 MC/s (1.338e-02 s/TS) || Energy: ~3.34e-20 (-29.23dB)
[@     1m09s] Timestep:         4329 || Speed:  298.8 MC/s (1.604e-02 s/TS) || Energy: ~2.35e-20 (-30.76dB)
[@     1m13s] Timestep:         4563 || Speed:  276.2 MC/s (1.735e-02 s/TS) || Energy: ~1.91e-20 (-31.65dB)
[@     1m17s] Timestep:         4806 || Speed:  286.3 MC/s (1.674e-02 s/TS) || Energy: ~1.30e-20 (-33.34dB)
[@     1m21s] Timestep:         5049 || Speed:  289.5 MC/s (1.655e-02 s/TS) || Energy: ~1.13e-20 (-33.92dB)
[@     1m25s] Timestep:         5292 || Speed:  286.7 MC/s (1.671e-02 s/TS) || Energy: ~8.20e-21 (-35.33dB)
[@     1m29s] Timestep:         5535 || Speed:  288.5 MC/s (1.661e-02 s/TS) || Energy: ~6.24e-21 (-36.51dB)
[@     1m33s] Timestep:         5778 || Speed:  284.6 MC/s (1.684e-02 s/TS) || Energy: ~5.55e-21 (-37.03dB)
[@     1m37s] Timestep:         6030 || Speed:  295.1 MC/s (1.624e-02 s/TS) || Energy: ~3.51e-21 (-39.01dB)
[@     1m41s] Timestep:         6273 || Speed:  290.5 MC/s (1.650e-02 s/TS) || Energy: ~2.96e-21 (-39.75dB)
[@     1m45s] Timestep:         6516 || Speed:  283.9 MC/s (1.688e-02 s/TS) || Energy: ~2.78e-21 (-40.03dB)
[@     1m49s] Timestep:         6759 || Speed:  282.2 MC/s (1.698e-02 s/TS) || Energy: ~1.85e-21 (-41.81dB)
[@     1m53s] Timestep:         7011 || Speed:  291.6 MC/s (1.643e-02 s/TS) || Energy: ~1.54e-21 (-42.59dB)
[@     1m57s] Timestep:         7263 || Speed:  296.9 MC/s (1.614e-02 s/TS) || Energy: ~1.35e-21 (-43.18dB)
[@     2m01s] Timestep:         7515 || Speed:  298.3 MC/s (1.606e-02 s/TS) || Energy: ~1.01e-21 (-44.42dB)
[@     2m05s] Timestep:         7758 || Speed:  289.9 MC/s (1.653e-02 s/TS) || Energy: ~7.81e-22 (-45.54dB)
[@     2m09s] Timestep:         8001 || Speed:  290.2 MC/s (1.651e-02 s/TS) || Energy: ~7.43e-22 (-45.76dB)
[@     2m14s] Timestep:         8244 || Speed:  282.9 MC/s (1.694e-02 s/TS) || Energy: ~5.71e-22 (-46.90dB)
[@     2m18s] Timestep:         8496 || Speed:  293.0 MC/s (1.636e-02 s/TS) || Energy: ~4.33e-22 (-48.10dB)
[@     2m22s] Timestep:         8748 || Speed:  297.1 MC/s (1.613e-02 s/TS) || Energy: ~3.91e-22 (-48.55dB)
[@     2m26s] Timestep:         9000 || Speed:  298.6 MC/s (1.605e-02 s/TS) || Energy: ~3.11e-22 (-49.54dB)
[@     2m30s] Timestep:         9243 || Speed:  290.3 MC/s (1.651e-02 s/TS) || Energy: ~2.45e-22 (-50.57dB)
Time for 9243 iterations with 4791980.00 cells : 150.35 sec
Speed: 294.58 MCells/s 
    [excite port 15/20]
 ---------------------------------------------------------------------- 
 | openEMS 64bit -- version v0.37.0-rc1-2-g7b051bb
 | (C) 2010-2026 Thorsten Liebig <thorsten.liebig@gmx.de>  GPL license
 ---------------------------------------------------------------------- 
	Used external libraries:
		CSXCAD -- Version: v0.7.0-rc1-1-g5115701
		hdf5   -- Version: 1.10.10
		          compiled against: HDF5 library version: 1.10.10
		tinyxml -- compiled against: 2.6.2
		fparser
		boost  -- compiled against: 1_83
		vtk -- Version: 9.1.0
		       compiled against: 9.1.0

Create FDTD operator (compressed SSE + multi-threading)
FDTD simulation size: 155x236x131 --> 4791980.00 FDTD cells 
FDTD timestep is: 0.00 s; Nyquist rate: 39 timesteps @100739890093.00 Hz
Excitation signal length is: 452 timesteps (0.00s)
Max. number of timesteps: 60000 ( --> 132.74 * Excitation signal length)
Create FDTD engine (compressed SSE + multi-threading)
Running FDTD engine... this may take a while... grab a cup of coffee?!?
[@        4s] Timestep:          171 || Speed:  194.5 MC/s (2.463e-02 s/TS) || Energy: ~3.10e-18 (- 0.00dB)
[@        8s] Timestep:          396 || Speed:  264.4 MC/s (1.812e-02 s/TS) || Energy: ~2.72e-17 (- 0.00dB)
[@       12s] Timestep:          639 || Speed:  280.6 MC/s (1.708e-02 s/TS) || Energy: ~1.38e-17 (- 2.94dB)
[@       16s] Timestep:          891 || Speed:  292.3 MC/s (1.640e-02 s/TS) || Energy: ~4.99e-18 (- 7.37dB)
[@       20s] Timestep:         1143 || Speed:  297.7 MC/s (1.610e-02 s/TS) || Energy: ~1.93e-18 (-11.49dB)
[@       24s] Timestep:         1386 || Speed:  286.6 MC/s (1.672e-02 s/TS) || Energy: ~1.17e-18 (-13.68dB)
Multithreaded Engine: Best performance found using 5 threads.
[@       28s] Timestep:         1629 || Speed:  282.8 MC/s (1.695e-02 s/TS) || Energy: ~6.80e-19 (-16.03dB)
[@       32s] Timestep:         1845 || Speed:  258.0 MC/s (1.857e-02 s/TS) || Energy: ~4.54e-19 (-17.78dB)
[@       36s] Timestep:         2097 || Speed:  301.3 MC/s (1.590e-02 s/TS) || Energy: ~3.38e-19 (-19.07dB)
[@       40s] Timestep:         2403 || Speed:  363.2 MC/s (1.319e-02 s/TS) || Energy: ~2.08e-19 (-21.16dB)
[@       44s] Timestep:         2664 || Speed:  305.3 MC/s (1.570e-02 s/TS) || Energy: ~1.69e-19 (-22.06dB)
[@       49s] Timestep:         2916 || Speed:  297.7 MC/s (1.610e-02 s/TS) || Energy: ~1.03e-19 (-24.22dB)
[@       53s] Timestep:         3168 || Speed:  293.8 MC/s (1.631e-02 s/TS) || Energy: ~8.30e-20 (-25.16dB)
[@       57s] Timestep:         3411 || Speed:  283.1 MC/s (1.693e-02 s/TS) || Energy: ~6.31e-20 (-26.35dB)
[@     1m01s] Timestep:         3654 || Speed:  289.2 MC/s (1.657e-02 s/TS) || Energy: ~5.79e-20 (-26.72dB)
[@     1m05s] Timestep:         3897 || Speed:  286.0 MC/s (1.676e-02 s/TS) || Energy: ~3.99e-20 (-28.34dB)
[@     1m09s] Timestep:         4149 || Speed:  292.3 MC/s (1.640e-02 s/TS) || Energy: ~2.90e-20 (-29.73dB)
[@     1m13s] Timestep:         4401 || Speed:  291.3 MC/s (1.645e-02 s/TS) || Energy: ~2.20e-20 (-30.93dB)
[@     1m17s] Timestep:         4644 || Speed:  288.0 MC/s (1.664e-02 s/TS) || Energy: ~2.12e-20 (-31.09dB)
[@     1m21s] Timestep:         4896 || Speed:  297.7 MC/s (1.610e-02 s/TS) || Energy: ~1.35e-20 (-33.05dB)
[@     1m25s] Timestep:         5148 || Speed:  297.4 MC/s (1.611e-02 s/TS) || Energy: ~1.04e-20 (-34.18dB)
[@     1m29s] Timestep:         5400 || Speed:  291.7 MC/s (1.643e-02 s/TS) || Energy: ~9.44e-21 (-34.60dB)
[@     1m34s] Timestep:         5652 || Speed:  291.7 MC/s (1.643e-02 s/TS) || Energy: ~7.24e-21 (-35.75dB)
[@     1m38s] Timestep:         5886 || Speed:  272.9 MC/s (1.756e-02 s/TS) || Energy: ~5.37e-21 (-37.05dB)
[@     1m42s] Timestep:         6129 || Speed:  285.7 MC/s (1.677e-02 s/TS) || Energy: ~4.22e-21 (-38.10dB)
[@     1m46s] Timestep:         6363 || Speed:  277.5 MC/s (1.727e-02 s/TS) || Energy: ~3.49e-21 (-38.92dB)
[@     1m50s] Timestep:         6615 || Speed:  295.4 MC/s (1.622e-02 s/TS) || Energy: ~3.12e-21 (-39.41dB)
[@     1m54s] Timestep:         6867 || Speed:  295.7 MC/s (1.621e-02 s/TS) || Energy: ~2.62e-21 (-40.17dB)
[@     1m58s] Timestep:         7119 || Speed:  295.1 MC/s (1.624e-02 s/TS) || Energy: ~1.83e-21 (-41.71dB)
[@     2m02s] Timestep:         7362 || Speed:  285.6 MC/s (1.678e-02 s/TS) || Energy: ~1.56e-21 (-42.42dB)
[@     2m06s] Timestep:         7596 || Speed:  277.3 MC/s (1.728e-02 s/TS) || Energy: ~1.28e-21 (-43.26dB)
[@     2m10s] Timestep:         7839 || Speed:  286.0 MC/s (1.676e-02 s/TS) || Energy: ~1.32e-21 (-43.15dB)
[@     2m14s] Timestep:         8082 || Speed:  290.7 MC/s (1.648e-02 s/TS) || Energy: ~8.06e-22 (-45.29dB)
[@     2m18s] Timestep:         8325 || Speed:  287.7 MC/s (1.665e-02 s/TS) || Energy: ~8.26e-22 (-45.18dB)
[@     2m22s] Timestep:         8568 || Speed:  289.1 MC/s (1.657e-02 s/TS) || Energy: ~5.34e-22 (-47.07dB)
[@     2m26s] Timestep:         8820 || Speed:  295.2 MC/s (1.623e-02 s/TS) || Energy: ~6.14e-22 (-46.47dB)
[@     2m31s] Timestep:         9063 || Speed:  282.5 MC/s (1.697e-02 s/TS) || Energy: ~4.11e-22 (-48.21dB)
[@     2m35s] Timestep:         9369 || Speed:  356.9 MC/s (1.343e-02 s/TS) || Energy: ~3.14e-22 (-49.38dB)
[@     2m39s] Timestep:         9675 || Speed:  366.3 MC/s (1.308e-02 s/TS) || Energy: ~2.18e-22 (-50.96dB)
Time for 9675 iterations with 4791980.00 cells : 159.15 sec
Speed: 291.32 MCells/s 
    [excite port 16/20]
 ---------------------------------------------------------------------- 
 | openEMS 64bit -- version v0.37.0-rc1-2-g7b051bb
 | (C) 2010-2026 Thorsten Liebig <thorsten.liebig@gmx.de>  GPL license
 ---------------------------------------------------------------------- 
	Used external libraries:
		CSXCAD -- Version: v0.7.0-rc1-1-g5115701
		hdf5   -- Version: 1.10.10
		          compiled against: HDF5 library version: 1.10.10
		tinyxml -- compiled against: 2.6.2
		fparser
		boost  -- compiled against: 1_83
		vtk -- Version: 9.1.0
		       compiled against: 9.1.0

Create FDTD operator (compressed SSE + multi-threading)
FDTD simulation size: 155x236x131 --> 4791980.00 FDTD cells 
FDTD timestep is: 0.00 s; Nyquist rate: 39 timesteps @100739890093.00 Hz
Excitation signal length is: 452 timesteps (0.00s)
Max. number of timesteps: 60000 ( --> 132.74 * Excitation signal length)
Create FDTD engine (compressed SSE + multi-threading)
Running FDTD engine... this may take a while... grab a cup of coffee?!?
[@        4s] Timestep:          189 || Speed:  215.0 MC/s (2.229e-02 s/TS) || Energy: ~3.59e-18 (- 0.00dB)
[@        8s] Timestep:          414 || Speed:  264.4 MC/s (1.813e-02 s/TS) || Energy: ~2.80e-17 (- 0.00dB)
[@       12s] Timestep:          657 || Speed:  283.3 MC/s (1.692e-02 s/TS) || Energy: ~1.26e-17 (- 3.48dB)
[@       16s] Timestep:          909 || Speed:  291.7 MC/s (1.643e-02 s/TS) || Energy: ~4.14e-18 (- 8.31dB)
[@       20s] Timestep:         1161 || Speed:  293.6 MC/s (1.632e-02 s/TS) || Energy: ~1.90e-18 (-11.70dB)
[@       24s] Timestep:         1395 || Speed:  276.2 MC/s (1.735e-02 s/TS) || Energy: ~1.21e-18 (-13.65dB)
Multithreaded Engine: Best performance found using 5 threads.
[@       28s] Timestep:         1629 || Speed:  273.7 MC/s (1.751e-02 s/TS) || Energy: ~7.02e-19 (-16.01dB)
[@       32s] Timestep:         1863 || Speed:  272.8 MC/s (1.756e-02 s/TS) || Energy: ~4.40e-19 (-18.04dB)
[@       37s] Timestep:         2106 || Speed:  282.1 MC/s (1.699e-02 s/TS) || Energy: ~3.20e-19 (-19.42dB)
[@       41s] Timestep:         2376 || Speed:  315.0 MC/s (1.521e-02 s/TS) || Energy: ~2.10e-19 (-21.25dB)
[@       45s] Timestep:         2682 || Speed:  362.0 MC/s (1.324e-02 s/TS) || Energy: ~1.45e-19 (-22.86dB)
[@       49s] Timestep:         2988 || Speed:  364.9 MC/s (1.313e-02 s/TS) || Energy: ~9.94e-20 (-24.50dB)
[@       53s] Timestep:         3303 || Speed:  368.0 MC/s (1.302e-02 s/TS) || Energy: ~6.67e-20 (-26.23dB)
[@       57s] Timestep:         3618 || Speed:  368.6 MC/s (1.300e-02 s/TS) || Energy: ~4.72e-20 (-27.74dB)
[@     1m01s] Timestep:         3933 || Speed:  366.9 MC/s (1.306e-02 s/TS) || Energy: ~3.30e-20 (-29.29dB)
[@     1m05s] Timestep:         4239 || Speed:  366.6 MC/s (1.307e-02 s/TS) || Energy: ~2.27e-20 (-30.92dB)
[@     1m09s] Timestep:         4491 || Speed:  296.1 MC/s (1.618e-02 s/TS) || Energy: ~1.88e-20 (-31.74dB)
[@     1m13s] Timestep:         4761 || Speed:  320.2 MC/s (1.496e-02 s/TS) || Energy: ~1.56e-20 (-32.54dB)
[@     1m17s] Timestep:         5067 || Speed:  366.2 MC/s (1.309e-02 s/TS) || Energy: ~1.31e-20 (-33.32dB)
[@     1m21s] Timestep:         5373 || Speed:  364.1 MC/s (1.316e-02 s/TS) || Energy: ~8.61e-21 (-35.12dB)
[@     1m25s] Timestep:         5670 || Speed:  347.0 MC/s (1.381e-02 s/TS) || Energy: ~5.49e-21 (-37.07dB)
[@     1m29s] Timestep:         5976 || Speed:  365.9 MC/s (1.310e-02 s/TS) || Energy: ~5.48e-21 (-37.08dB)
[@     1m33s] Timestep:         6282 || Speed:  361.6 MC/s (1.325e-02 s/TS) || Energy: ~5.00e-21 (-37.49dB)
[@     1m37s] Timestep:         6588 || Speed:  366.5 MC/s (1.307e-02 s/TS) || Energy: ~3.40e-21 (-39.15dB)
[@     1m41s] Timestep:         6894 || Speed:  366.1 MC/s (1.309e-02 s/TS) || Energy: ~2.05e-21 (-41.36dB)
[@     1m45s] Timestep:         7209 || Speed:  371.1 MC/s (1.291e-02 s/TS) || Energy: ~1.51e-21 (-42.67dB)
[@     1m49s] Timestep:         7524 || Speed:  372.3 MC/s (1.287e-02 s/TS) || Energy: ~1.28e-21 (-43.40dB)
[@     1m54s] Timestep:         7839 || Speed:  369.1 MC/s (1.298e-02 s/TS) || Energy: ~1.20e-21 (-43.68dB)
[@     1m58s] Timestep:         8136 || Speed:  348.8 MC/s (1.374e-02 s/TS) || Energy: ~1.08e-21 (-44.14dB)
[@     2m02s] Timestep:         8415 || Speed:  329.8 MC/s (1.453e-02 s/TS) || Energy: ~7.52e-22 (-45.71dB)
[@     2m06s] Timestep:         8658 || Speed:  286.6 MC/s (1.672e-02 s/TS) || Energy: ~5.45e-22 (-47.11dB)
[@     2m10s] Timestep:         8928 || Speed:  323.1 MC/s (1.483e-02 s/TS) || Energy: ~6.45e-22 (-46.38dB)
[@     2m14s] Timestep:         9189 || Speed:  311.9 MC/s (1.537e-02 s/TS) || Energy: ~3.73e-22 (-48.76dB)
[@     2m18s] Timestep:         9459 || Speed:  320.4 MC/s (1.496e-02 s/TS) || Energy: ~4.28e-22 (-48.16dB)
[@     2m22s] Timestep:         9738 || Speed:  331.2 MC/s (1.447e-02 s/TS) || Energy: ~2.65e-22 (-50.24dB)
Time for 9738 iterations with 4791980.00 cells : 142.36 sec
Speed: 327.78 MCells/s 
    [excite port 17/20]
 ---------------------------------------------------------------------- 
 | openEMS 64bit -- version v0.37.0-rc1-2-g7b051bb
 | (C) 2010-2026 Thorsten Liebig <thorsten.liebig@gmx.de>  GPL license
 ---------------------------------------------------------------------- 
	Used external libraries:
		CSXCAD -- Version: v0.7.0-rc1-1-g5115701
		hdf5   -- Version: 1.10.10
		          compiled against: HDF5 library version: 1.10.10
		tinyxml -- compiled against: 2.6.2
		fparser
		boost  -- compiled against: 1_83
		vtk -- Version: 9.1.0
		       compiled against: 9.1.0

Create FDTD operator (compressed SSE + multi-threading)
FDTD simulation size: 155x236x131 --> 4791980.00 FDTD cells 
FDTD timestep is: 0.00 s; Nyquist rate: 39 timesteps @100739890093.00 Hz
Excitation signal length is: 452 timesteps (0.00s)
Max. number of timesteps: 60000 ( --> 132.74 * Excitation signal length)
Create FDTD engine (compressed SSE + multi-threading)
Running FDTD engine... this may take a while... grab a cup of coffee?!?
[@        4s] Timestep:          198 || Speed:  230.8 MC/s (2.076e-02 s/TS) || Energy: ~4.00e-18 (- 0.00dB)
[@        8s] Timestep:          441 || Speed:  288.0 MC/s (1.664e-02 s/TS) || Energy: ~2.39e-17 (- 0.00dB)
[@       12s] Timestep:          720 || Speed:  333.3 MC/s (1.438e-02 s/TS) || Energy: ~1.02e-17 (- 3.71dB)
[@       16s] Timestep:         1017 || Speed:  349.4 MC/s (1.371e-02 s/TS) || Energy: ~3.49e-18 (- 8.36dB)
[@       20s] Timestep:         1323 || Speed:  360.6 MC/s (1.329e-02 s/TS) || Energy: ~1.46e-18 (-12.15dB)
[@       24s] Timestep:         1602 || Speed:  322.3 MC/s (1.487e-02 s/TS) || Energy: ~9.19e-19 (-14.16dB)
Multithreaded Engine: Best performance found using 5 threads.
[@       28s] Timestep:         1863 || Speed:  305.2 MC/s (1.570e-02 s/TS) || Energy: ~5.19e-19 (-16.64dB)
[@       32s] Timestep:         2115 || Speed:  293.7 MC/s (1.632e-02 s/TS) || Energy: ~4.01e-19 (-17.77dB)
[@       36s] Timestep:         2403 || Speed:  337.8 MC/s (1.419e-02 s/TS) || Energy: ~2.47e-19 (-19.87dB)
[@       40s] Timestep:         2655 || Speed:  298.8 MC/s (1.604e-02 s/TS) || Energy: ~1.94e-19 (-20.91dB)
[@       44s] Timestep:         2934 || Speed:  327.2 MC/s (1.465e-02 s/TS) || Energy: ~1.43e-19 (-22.25dB)
[@       48s] Timestep:         3186 || Speed:  301.4 MC/s (1.590e-02 s/TS) || Energy: ~8.82e-20 (-24.34dB)
[@       52s] Timestep:         3447 || Speed:  308.8 MC/s (1.552e-02 s/TS) || Energy: ~6.97e-20 (-25.36dB)
[@       57s] Timestep:         3699 || Speed:  292.8 MC/s (1.636e-02 s/TS) || Energy: ~6.78e-20 (-25.48dB)
[@     1m01s] Timestep:         3951 || Speed:  292.5 MC/s (1.638e-02 s/TS) || Energy: ~3.62e-20 (-28.20dB)
[@     1m05s] Timestep:         4212 || Speed:  303.0 MC/s (1.582e-02 s/TS) || Energy: ~4.12e-20 (-27.64dB)
[@     1m09s] Timestep:         4437 || Speed:  265.4 MC/s (1.805e-02 s/TS) || Energy: ~3.13e-20 (-28.83dB)
[@     1m13s] Timestep:         4671 || Speed:  268.3 MC/s (1.786e-02 s/TS) || Energy: ~2.15e-20 (-30.46dB)
[@     1m17s] Timestep:         4878 || Speed:  241.6 MC/s (1.984e-02 s/TS) || Energy: ~1.75e-20 (-31.37dB)
[@     1m21s] Timestep:         5103 || Speed:  266.3 MC/s (1.800e-02 s/TS) || Energy: ~1.29e-20 (-32.70dB)
[@     1m25s] Timestep:         5346 || Speed:  283.2 MC/s (1.692e-02 s/TS) || Energy: ~1.44e-20 (-32.20dB)
[@     1m29s] Timestep:         5607 || Speed:  310.1 MC/s (1.545e-02 s/TS) || Energy: ~9.76e-21 (-33.90dB)
[@     1m33s] Timestep:         5877 || Speed:  315.9 MC/s (1.517e-02 s/TS) || Energy: ~9.03e-21 (-34.23dB)
[@     1m37s] Timestep:         6102 || Speed:  266.7 MC/s (1.797e-02 s/TS) || Energy: ~8.21e-21 (-34.65dB)
[@     1m42s] Timestep:         6318 || Speed:  250.0 MC/s (1.917e-02 s/TS) || Energy: ~6.91e-21 (-35.40dB)
[@     1m46s] Timestep:         6525 || Speed:  242.6 MC/s (1.975e-02 s/TS) || Energy: ~5.83e-21 (-36.13dB)
[@     1m50s] Timestep:         6741 || Speed:  258.0 MC/s (1.858e-02 s/TS) || Energy: ~4.71e-21 (-37.06dB)
[@     1m54s] Timestep:         6957 || Speed:  257.1 MC/s (1.864e-02 s/TS) || Energy: ~3.76e-21 (-38.04dB)
[@     1m58s] Timestep:         7146 || Speed:  226.4 MC/s (2.117e-02 s/TS) || Energy: ~3.89e-21 (-37.89dB)
[@     2m02s] Timestep:         7362 || Speed:  256.1 MC/s (1.871e-02 s/TS) || Energy: ~3.26e-21 (-38.66dB)
[@     2m06s] Timestep:         7551 || Speed:  217.0 MC/s (2.209e-02 s/TS) || Energy: ~2.54e-21 (-39.74dB)
[@     2m10s] Timestep:         7758 || Speed:  239.3 MC/s (2.003e-02 s/TS) || Energy: ~2.10e-21 (-40.58dB)
[@     2m14s] Timestep:         7947 || Speed:  219.2 MC/s (2.186e-02 s/TS) || Energy: ~1.34e-21 (-42.53dB)
[@     2m18s] Timestep:         8190 || Speed:  289.0 MC/s (1.658e-02 s/TS) || Energy: ~1.77e-21 (-41.32dB)
[@     2m22s] Timestep:         8469 || Speed:  324.9 MC/s (1.475e-02 s/TS) || Energy: ~8.85e-22 (-44.32dB)
[@     2m26s] Timestep:         8757 || Speed:  337.6 MC/s (1.419e-02 s/TS) || Energy: ~7.22e-22 (-45.21dB)
[@     2m31s] Timestep:         9027 || Speed:  310.9 MC/s (1.542e-02 s/TS) || Energy: ~9.41e-22 (-44.06dB)
[@     2m35s] Timestep:         9252 || Speed:  262.7 MC/s (1.824e-02 s/TS) || Energy: ~8.13e-22 (-44.69dB)
[@     2m39s] Timestep:         9531 || Speed:  324.2 MC/s (1.478e-02 s/TS) || Energy: ~5.44e-22 (-46.43dB)
[@     2m43s] Timestep:         9810 || Speed:  327.0 MC/s (1.465e-02 s/TS) || Energy: ~3.48e-22 (-48.37dB)
[@     2m47s] Timestep:        10098 || Speed:  341.7 MC/s (1.402e-02 s/TS) || Energy: ~4.23e-22 (-47.53dB)
[@     2m51s] Timestep:        10377 || Speed:  333.8 MC/s (1.436e-02 s/TS) || Energy: ~3.31e-22 (-48.60dB)
[@     2m55s] Timestep:        10665 || Speed:  344.9 MC/s (1.390e-02 s/TS) || Energy: ~1.78e-22 (-51.29dB)
Time for 10665 iterations with 4791980.00 cells : 175.52 sec
Speed: 291.18 MCells/s 
    [excite port 18/20]
 ---------------------------------------------------------------------- 
 | openEMS 64bit -- version v0.37.0-rc1-2-g7b051bb
 | (C) 2010-2026 Thorsten Liebig <thorsten.liebig@gmx.de>  GPL license
 ---------------------------------------------------------------------- 
	Used external libraries:
		CSXCAD -- Version: v0.7.0-rc1-1-g5115701
		hdf5   -- Version: 1.10.10
		          compiled against: HDF5 library version: 1.10.10
		tinyxml -- compiled against: 2.6.2
		fparser
		boost  -- compiled against: 1_83
		vtk -- Version: 9.1.0
		       compiled against: 9.1.0

Create FDTD operator (compressed SSE + multi-threading)
FDTD simulation size: 155x236x131 --> 4791980.00 FDTD cells 
FDTD timestep is: 0.00 s; Nyquist rate: 39 timesteps @100739890093.00 Hz
Excitation signal length is: 452 timesteps (0.00s)
Max. number of timesteps: 60000 ( --> 132.74 * Excitation signal length)
Create FDTD engine (compressed SSE + multi-threading)
Running FDTD engine... this may take a while... grab a cup of coffee?!?
[@        4s] Timestep:          180 || Speed:  206.9 MC/s (2.316e-02 s/TS) || Energy: ~3.57e-18 (- 0.00dB)
[@        8s] Timestep:          432 || Speed:  297.8 MC/s (1.609e-02 s/TS) || Energy: ~2.46e-17 (- 0.00dB)
[@       12s] Timestep:          720 || Speed:  338.8 MC/s (1.415e-02 s/TS) || Energy: ~1.00e-17 (- 3.90dB)
[@       16s] Timestep:          999 || Speed:  327.6 MC/s (1.463e-02 s/TS) || Energy: ~3.46e-18 (- 8.52dB)
Multithreaded Engine: Best performance found using 3 threads.
[@       20s] Timestep:         1287 || Speed:  337.9 MC/s (1.418e-02 s/TS) || Energy: ~1.45e-18 (-12.29dB)
[@       24s] Timestep:         1557 || Speed:  320.8 MC/s (1.494e-02 s/TS) || Energy: ~9.17e-19 (-14.29dB)
[@       28s] Timestep:         1836 || Speed:  331.7 MC/s (1.445e-02 s/TS) || Energy: ~6.28e-19 (-15.93dB)
[@       32s] Timestep:         2106 || Speed:  314.0 MC/s (1.526e-02 s/TS) || Energy: ~3.73e-19 (-18.19dB)
[@       36s] Timestep:         2367 || Speed:  301.7 MC/s (1.588e-02 s/TS) || Energy: ~2.64e-19 (-19.69dB)
[@       40s] Timestep:         2637 || Speed:  322.4 MC/s (1.486e-02 s/TS) || Energy: ~1.64e-19 (-21.76dB)
[@       44s] Timestep:         2916 || Speed:  324.3 MC/s (1.478e-02 s/TS) || Energy: ~1.22e-19 (-23.05dB)
[@       48s] Timestep:         3195 || Speed:  331.7 MC/s (1.445e-02 s/TS) || Energy: ~1.05e-19 (-23.72dB)
[@       53s] Timestep:         3474 || Speed:  327.4 MC/s (1.464e-02 s/TS) || Energy: ~6.65e-20 (-25.68dB)
[@       57s] Timestep:         3744 || Speed:  312.6 MC/s (1.533e-02 s/TS) || Energy: ~4.82e-20 (-27.08dB)
[@     1m01s] Timestep:         4005 || Speed:  310.2 MC/s (1.545e-02 s/TS) || Energy: ~3.90e-20 (-28.00dB)
[@     1m05s] Timestep:         4266 || Speed:  312.6 MC/s (1.533e-02 s/TS) || Energy: ~2.60e-20 (-29.76dB)
[@     1m09s] Timestep:         4527 || Speed:  310.8 MC/s (1.542e-02 s/TS) || Energy: ~2.78e-20 (-29.47dB)
[@     1m13s] Timestep:         4797 || Speed:  318.0 MC/s (1.507e-02 s/TS) || Energy: ~1.45e-20 (-32.29dB)
[@     1m17s] Timestep:         5085 || Speed:  336.4 MC/s (1.424e-02 s/TS) || Energy: ~1.29e-20 (-32.81dB)
[@     1m21s] Timestep:         5355 || Speed:  316.1 MC/s (1.516e-02 s/TS) || Energy: ~1.13e-20 (-33.37dB)
[@     1m25s] Timestep:         5625 || Speed:  322.4 MC/s (1.487e-02 s/TS) || Energy: ~8.17e-21 (-34.79dB)
[@     1m29s] Timestep:         5895 || Speed:  319.4 MC/s (1.500e-02 s/TS) || Energy: ~7.60e-21 (-35.11dB)
[@     1m33s] Timestep:         6156 || Speed:  308.7 MC/s (1.552e-02 s/TS) || Energy: ~4.47e-21 (-37.41dB)
[@     1m37s] Timestep:         6426 || Speed:  318.1 MC/s (1.506e-02 s/TS) || Energy: ~4.32e-21 (-37.56dB)
[@     1m41s] Timestep:         6696 || Speed:  315.9 MC/s (1.517e-02 s/TS) || Energy: ~3.03e-21 (-39.10dB)
[@     1m45s] Timestep:         6966 || Speed:  318.8 MC/s (1.503e-02 s/TS) || Energy: ~2.39e-21 (-40.14dB)
[@     1m49s] Timestep:         7227 || Speed:  305.7 MC/s (1.567e-02 s/TS) || Energy: ~2.01e-21 (-40.88dB)
[@     1m54s] Timestep:         7488 || Speed:  305.2 MC/s (1.570e-02 s/TS) || Energy: ~1.47e-21 (-42.25dB)
[@     1m58s] Timestep:         7758 || Speed:  318.8 MC/s (1.503e-02 s/TS) || Energy: ~1.27e-21 (-42.88dB)
[@     2m02s] Timestep:         8019 || Speed:  310.1 MC/s (1.545e-02 s/TS) || Energy: ~1.04e-21 (-43.73dB)
[@     2m06s] Timestep:         8289 || Speed:  322.5 MC/s (1.486e-02 s/TS) || Energy: ~8.66e-22 (-44.54dB)
[@     2m10s] Timestep:         8559 || Speed:  313.5 MC/s (1.528e-02 s/TS) || Energy: ~5.75e-22 (-46.32dB)
[@     2m14s] Timestep:         8829 || Speed:  319.2 MC/s (1.501e-02 s/TS) || Energy: ~5.37e-22 (-46.61dB)
[@     2m18s] Timestep:         9099 || Speed:  321.6 MC/s (1.490e-02 s/TS) || Energy: ~4.00e-22 (-47.90dB)
[@     2m22s] Timestep:         9369 || Speed:  315.4 MC/s (1.520e-02 s/TS) || Energy: ~3.21e-22 (-48.85dB)
[@     2m26s] Timestep:         9639 || Speed:  321.8 MC/s (1.489e-02 s/TS) || Energy: ~2.32e-22 (-50.26dB)
Time for 9639 iterations with 4791980.00 cells : 146.47 sec
Speed: 315.36 MCells/s 
    [excite port 19/20]
 ---------------------------------------------------------------------- 
 | openEMS 64bit -- version v0.37.0-rc1-2-g7b051bb
 | (C) 2010-2026 Thorsten Liebig <thorsten.liebig@gmx.de>  GPL license
 ---------------------------------------------------------------------- 
	Used external libraries:
		CSXCAD -- Version: v0.7.0-rc1-1-g5115701
		hdf5   -- Version: 1.10.10
		          compiled against: HDF5 library version: 1.10.10
		tinyxml -- compiled against: 2.6.2
		fparser
		boost  -- compiled against: 1_83
		vtk -- Version: 9.1.0
		       compiled against: 9.1.0

Create FDTD operator (compressed SSE + multi-threading)
FDTD simulation size: 155x236x131 --> 4791980.00 FDTD cells 
FDTD timestep is: 0.00 s; Nyquist rate: 39 timesteps @100739890093.00 Hz
Excitation signal length is: 452 timesteps (0.00s)
Max. number of timesteps: 60000 ( --> 132.74 * Excitation signal length)
Create FDTD engine (compressed SSE + multi-threading)
Running FDTD engine... this may take a while... grab a cup of coffee?!?
[@        4s] Timestep:          180 || Speed:  214.5 MC/s (2.234e-02 s/TS) || Energy: ~3.60e-18 (- 0.00dB)
[@        8s] Timestep:          405 || Speed:  258.1 MC/s (1.857e-02 s/TS) || Energy: ~2.98e-17 (- 0.00dB)
[@       12s] Timestep:          603 || Speed:  233.9 MC/s (2.049e-02 s/TS) || Energy: ~2.21e-17 (- 1.30dB)
Multithreaded Engine: Best performance found using 2 threads.
[@       16s] Timestep:          792 || Speed:  221.8 MC/s (2.160e-02 s/TS) || Energy: ~1.16e-17 (- 4.09dB)
[@       20s] Timestep:         1008 || Speed:  255.5 MC/s (1.875e-02 s/TS) || Energy: ~4.90e-18 (- 7.83dB)
[@       24s] Timestep:         1269 || Speed:  305.8 MC/s (1.567e-02 s/TS) || Energy: ~2.54e-18 (-10.69dB)
[@       28s] Timestep:         1521 || Speed:  295.8 MC/s (1.620e-02 s/TS) || Energy: ~1.14e-18 (-14.15dB)
[@       32s] Timestep:         1800 || Speed:  328.0 MC/s (1.461e-02 s/TS) || Energy: ~7.62e-19 (-15.92dB)
[@       36s] Timestep:         2070 || Speed:  320.9 MC/s (1.493e-02 s/TS) || Energy: ~4.90e-19 (-17.84dB)
[@       40s] Timestep:         2349 || Speed:  327.7 MC/s (1.462e-02 s/TS) || Energy: ~3.06e-19 (-19.87dB)
[@       44s] Timestep:         2619 || Speed:  323.0 MC/s (1.483e-02 s/TS) || Energy: ~2.56e-19 (-20.65dB)
[@       48s] Timestep:         2898 || Speed:  330.1 MC/s (1.452e-02 s/TS) || Energy: ~1.39e-19 (-23.30dB)
[@       52s] Timestep:         3168 || Speed:  318.1 MC/s (1.507e-02 s/TS) || Energy: ~1.21e-19 (-23.91dB)
[@       57s] Timestep:         3429 || Speed:  297.6 MC/s (1.610e-02 s/TS) || Energy: ~8.65e-20 (-25.37dB)
[@     1m01s] Timestep:         3627 || Speed:  231.5 MC/s (2.070e-02 s/TS) || Energy: ~6.62e-20 (-26.53dB)
[@     1m05s] Timestep:         3834 || Speed:  245.6 MC/s (1.951e-02 s/TS) || Energy: ~5.40e-20 (-27.42dB)
[@     1m09s] Timestep:         4041 || Speed:  241.6 MC/s (1.984e-02 s/TS) || Energy: ~4.40e-20 (-28.30dB)
[@     1m13s] Timestep:         4239 || Speed:  230.3 MC/s (2.081e-02 s/TS) || Energy: ~3.47e-20 (-29.33dB)
[@     1m17s] Timestep:         4446 || Speed:  241.7 MC/s (1.982e-02 s/TS) || Energy: ~2.87e-20 (-30.16dB)
[@     1m21s] Timestep:         4653 || Speed:  246.3 MC/s (1.946e-02 s/TS) || Energy: ~2.40e-20 (-30.94dB)
[@     1m25s] Timestep:         4860 || Speed:  246.7 MC/s (1.942e-02 s/TS) || Energy: ~2.03e-20 (-31.65dB)
[@     1m29s] Timestep:         5076 || Speed:  248.8 MC/s (1.926e-02 s/TS) || Energy: ~1.73e-20 (-32.36dB)
[@     1m33s] Timestep:         5283 || Speed:  243.6 MC/s (1.967e-02 s/TS) || Energy: ~1.47e-20 (-33.06dB)
[@     1m37s] Timestep:         5490 || Speed:  243.1 MC/s (1.971e-02 s/TS) || Energy: ~1.22e-20 (-33.89dB)
[@     1m42s] Timestep:         5706 || Speed:  249.8 MC/s (1.918e-02 s/TS) || Energy: ~9.80e-21 (-34.83dB)
[@     1m46s] Timestep:         5913 || Speed:  242.7 MC/s (1.974e-02 s/TS) || Energy: ~7.43e-21 (-36.03dB)
[@     1m50s] Timestep:         6120 || Speed:  238.1 MC/s (2.013e-02 s/TS) || Energy: ~5.94e-21 (-37.00dB)
[@     1m54s] Timestep:         6336 || Speed:  250.0 MC/s (1.917e-02 s/TS) || Energy: ~4.97e-21 (-37.77dB)
[@     1m58s] Timestep:         6552 || Speed:  254.3 MC/s (1.885e-02 s/TS) || Energy: ~4.30e-21 (-38.41dB)
[@     2m02s] Timestep:         6768 || Speed:  250.7 MC/s (1.911e-02 s/TS) || Energy: ~3.65e-21 (-39.11dB)
[@     2m06s] Timestep:         6984 || Speed:  258.5 MC/s (1.854e-02 s/TS) || Energy: ~3.16e-21 (-39.73dB)
[@     2m10s] Timestep:         7200 || Speed:  257.0 MC/s (1.865e-02 s/TS) || Energy: ~2.80e-21 (-40.26dB)
[@     2m14s] Timestep:         7425 || Speed:  261.4 MC/s (1.834e-02 s/TS) || Energy: ~2.20e-21 (-41.32dB)
[@     2m18s] Timestep:         7641 || Speed:  258.5 MC/s (1.854e-02 s/TS) || Energy: ~1.68e-21 (-42.47dB)
[@     2m22s] Timestep:         7866 || Speed:  260.1 MC/s (1.842e-02 s/TS) || Energy: ~1.16e-21 (-44.10dB)
[@     2m27s] Timestep:         8082 || Speed:  249.5 MC/s (1.921e-02 s/TS) || Energy: ~9.42e-22 (-45.00dB)
[@     2m31s] Timestep:         8307 || Speed:  263.2 MC/s (1.821e-02 s/TS) || Energy: ~7.66e-22 (-45.90dB)
[@     2m35s] Timestep:         8532 || Speed:  262.7 MC/s (1.824e-02 s/TS) || Energy: ~7.78e-22 (-45.83dB)
[@     2m39s] Timestep:         8757 || Speed:  264.0 MC/s (1.815e-02 s/TS) || Energy: ~7.33e-22 (-46.09dB)
[@     2m43s] Timestep:         8973 || Speed:  251.3 MC/s (1.907e-02 s/TS) || Energy: ~5.93e-22 (-47.01dB)
[@     2m47s] Timestep:         9252 || Speed:  333.3 MC/s (1.438e-02 s/TS) || Energy: ~4.19e-22 (-48.52dB)
[@     2m51s] Timestep:         9531 || Speed:  333.3 MC/s (1.438e-02 s/TS) || Energy: ~3.33e-22 (-49.52dB)
[@     2m55s] Timestep:         9810 || Speed:  326.3 MC/s (1.469e-02 s/TS) || Energy: ~3.23e-22 (-49.65dB)
[@     2m59s] Timestep:        10026 || Speed:  255.8 MC/s (1.873e-02 s/TS) || Energy: ~2.70e-22 (-50.42dB)
Time for 10026 iterations with 4791980.00 cells : 179.67 sec
Speed: 267.40 MCells/s 
    [excite port 20/20]
 ---------------------------------------------------------------------- 
 | openEMS 64bit -- version v0.37.0-rc1-2-g7b051bb
 | (C) 2010-2026 Thorsten Liebig <thorsten.liebig@gmx.de>  GPL license
 ---------------------------------------------------------------------- 
	Used external libraries:
		CSXCAD -- Version: v0.7.0-rc1-1-g5115701
		hdf5   -- Version: 1.10.10
		          compiled against: HDF5 library version: 1.10.10
		tinyxml -- compiled against: 2.6.2
		fparser
		boost  -- compiled against: 1_83
		vtk -- Version: 9.1.0
		       compiled against: 9.1.0

Create FDTD operator (compressed SSE + multi-threading)
FDTD simulation size: 155x236x131 --> 4791980.00 FDTD cells 
FDTD timestep is: 0.00 s; Nyquist rate: 39 timesteps @100739890093.00 Hz
Excitation signal length is: 452 timesteps (0.00s)
Max. number of timesteps: 60000 ( --> 132.74 * Excitation signal length)
Create FDTD engine (compressed SSE + multi-threading)
Running FDTD engine... this may take a while... grab a cup of coffee?!?
[@        4s] Timestep:          198 || Speed:  231.0 MC/s (2.074e-02 s/TS) || Energy: ~4.03e-18 (- 0.00dB)
[@        8s] Timestep:          486 || Speed:  342.7 MC/s (1.398e-02 s/TS) || Energy: ~2.80e-17 (- 0.00dB)
[@       12s] Timestep:          765 || Speed:  328.2 MC/s (1.460e-02 s/TS) || Energy: ~1.31e-17 (- 3.30dB)
Multithreaded Engine: Best performance found using 2 threads.
[@       16s] Timestep:         1026 || Speed:  308.2 MC/s (1.555e-02 s/TS) || Energy: ~4.80e-18 (- 7.66dB)
[@       20s] Timestep:         1269 || Speed:  285.3 MC/s (1.680e-02 s/TS) || Energy: ~2.32e-18 (-10.82dB)
[@       24s] Timestep:         1512 || Speed:  286.7 MC/s (1.671e-02 s/TS) || Energy: ~1.07e-18 (-14.19dB)
[@       28s] Timestep:         1746 || Speed:  278.1 MC/s (1.723e-02 s/TS) || Energy: ~8.31e-19 (-15.28dB)
[@       32s] Timestep:         1989 || Speed:  287.9 MC/s (1.664e-02 s/TS) || Energy: ~4.83e-19 (-17.63dB)
[@       36s] Timestep:         2223 || Speed:  280.1 MC/s (1.711e-02 s/TS) || Energy: ~3.42e-19 (-19.13dB)
[@       40s] Timestep:         2475 || Speed:  295.5 MC/s (1.622e-02 s/TS) || Energy: ~2.41e-19 (-20.65dB)
[@       44s] Timestep:         2718 || Speed:  282.0 MC/s (1.699e-02 s/TS) || Energy: ~1.72e-19 (-22.12dB)
[@       48s] Timestep:         2961 || Speed:  289.7 MC/s (1.654e-02 s/TS) || Energy: ~1.30e-19 (-23.33dB)
[@       52s] Timestep:         3204 || Speed:  286.4 MC/s (1.673e-02 s/TS) || Energy: ~8.78e-20 (-25.04dB)
[@       56s] Timestep:         3447 || Speed:  281.6 MC/s (1.702e-02 s/TS) || Energy: ~7.81e-20 (-25.55dB)
[@     1m01s] Timestep:         3690 || Speed:  285.1 MC/s (1.681e-02 s/TS) || Energy: ~5.12e-20 (-27.38dB)
[@     1m05s] Timestep:         3933 || Speed:  284.1 MC/s (1.686e-02 s/TS) || Energy: ~4.33e-20 (-28.10dB)
[@     1m09s] Timestep:         4167 || Speed:  270.7 MC/s (1.770e-02 s/TS) || Energy: ~3.65e-20 (-28.85dB)
[@     1m13s] Timestep:         4401 || Speed:  274.4 MC/s (1.747e-02 s/TS) || Energy: ~2.62e-20 (-30.29dB)
[@     1m17s] Timestep:         4626 || Speed:  269.4 MC/s (1.779e-02 s/TS) || Energy: ~1.95e-20 (-31.56dB)
[@     1m21s] Timestep:         4860 || Speed:  272.3 MC/s (1.759e-02 s/TS) || Energy: ~1.56e-20 (-32.54dB)
[@     1m25s] Timestep:         5103 || Speed:  285.3 MC/s (1.680e-02 s/TS) || Energy: ~1.34e-20 (-33.19dB)
[@     1m29s] Timestep:         5346 || Speed:  289.0 MC/s (1.658e-02 s/TS) || Energy: ~9.59e-21 (-34.66dB)
[@     1m33s] Timestep:         5589 || Speed:  284.1 MC/s (1.686e-02 s/TS) || Energy: ~7.32e-21 (-35.83dB)
[@     1m37s] Timestep:         5832 || Speed:  279.9 MC/s (1.712e-02 s/TS) || Energy: ~6.64e-21 (-36.25dB)
[@     1m41s] Timestep:         6066 || Speed:  271.5 MC/s (1.765e-02 s/TS) || Energy: ~4.61e-21 (-37.84dB)
[@     1m45s] Timestep:         6300 || Speed:  279.3 MC/s (1.716e-02 s/TS) || Energy: ~3.58e-21 (-38.94dB)
[@     1m50s] Timestep:         6543 || Speed:  286.2 MC/s (1.675e-02 s/TS) || Energy: ~3.38e-21 (-39.18dB)
[@     1m54s] Timestep:         6786 || Speed:  281.3 MC/s (1.703e-02 s/TS) || Energy: ~2.50e-21 (-40.49dB)
[@     1m58s] Timestep:         7047 || Speed:  301.3 MC/s (1.590e-02 s/TS) || Energy: ~2.05e-21 (-41.35dB)
[@     2m02s] Timestep:         7299 || Speed:  293.4 MC/s (1.633e-02 s/TS) || Energy: ~1.85e-21 (-41.81dB)
[@     2m06s] Timestep:         7542 || Speed:  283.6 MC/s (1.690e-02 s/TS) || Energy: ~1.41e-21 (-42.99dB)
[@     2m10s] Timestep:         7785 || Speed:  286.7 MC/s (1.671e-02 s/TS) || Energy: ~1.25e-21 (-43.52dB)
[@     2m14s] Timestep:         8028 || Speed:  282.3 MC/s (1.697e-02 s/TS) || Energy: ~9.55e-22 (-44.67dB)
[@     2m18s] Timestep:         8262 || Speed:  275.4 MC/s (1.740e-02 s/TS) || Energy: ~7.97e-22 (-45.46dB)
[@     2m22s] Timestep:         8496 || Speed:  278.9 MC/s (1.718e-02 s/TS) || Energy: ~7.31e-22 (-45.84dB)
[@     2m26s] Timestep:         8721 || Speed:  264.3 MC/s (1.813e-02 s/TS) || Energy: ~6.14e-22 (-46.59dB)
[@     2m30s] Timestep:         8964 || Speed:  285.2 MC/s (1.680e-02 s/TS) || Energy: ~4.64e-22 (-47.81dB)
[@     2m35s] Timestep:         9207 || Speed:  287.7 MC/s (1.665e-02 s/TS) || Energy: ~4.03e-22 (-48.42dB)
[@     2m39s] Timestep:         9450 || Speed:  284.5 MC/s (1.684e-02 s/TS) || Energy: ~3.41e-22 (-49.14dB)
[@     2m43s] Timestep:         9684 || Speed:  277.4 MC/s (1.727e-02 s/TS) || Energy: ~2.86e-22 (-49.91dB)
[@     2m47s] Timestep:         9909 || Speed:  266.0 MC/s (1.801e-02 s/TS) || Energy: ~2.28e-22 (-50.90dB)
Time for 9909 iterations with 4791980.00 cells : 167.23 sec
Speed: 283.94 MCells/s 
    [renorm] analytic coax Z = 30.3 ohm -> 50 ohm
  saved design_sample_7063_wc_L1_ipc_top_openems_se.npz

==============================================================================
STAGE 07 RESULT  (mean floored dB, eye band)
==============================================================================
  [openems_vs_target]
    Sdd11  0-14    floored=  8.80 dB  lin=0.1218
    Sdd11  14-28   floored= 10.69 dB  lin=0.2320
    Sdd21  0-14    floored=  1.10 dB  lin=0.1085
    Sdd21  14-28   floored=  1.78 dB  lin=0.1110
  [openems_vs_pred]
    Sdd11  0-14    floored=  7.92 dB  lin=0.1155
    Sdd11  14-28   floored= 10.40 dB  lin=0.2294
    Sdd21  0-14    floored=  1.23 dB  lin=0.1219
    Sdd21  14-28   floored=  1.84 dB  lin=0.1148

  figure: design_sample_7063_wc_L1_ipc_top_overlay_20260805_225211.png
  table : design_sample_7063_wc_L1_ipc_top_validation_20260805_225211.csv

INTERPRETATION:
  openems_vs_target small  -> the design achieves its goal in real
     physics: the inverse model works. THE thesis result.
  openems_vs_pred within the stage-06 solver floor -> the forward
     surrogate was honest about this design.
  openems_vs_pred >> floor (esp. where TTO optimised) -> surrogate
     exploitation, caught in independent physics. Motivates latent TTO.
