==============================================================================
Stage 07: design_sample_2337_wc_L1_ipc_top  (template sim_pkg_2005, pair 6, geometry='x_local_norm')
==============================================================================

  --- geometry sanity check [design_sample_2337_wc_L1_ipc_top] ---
    via_radius   = 10.442 mil
    antipad_rad  = 22.819 mil
    pitch        = 56.232 mil
    TDIEL/TMET   = 175.4 total, eps_r=3.506, tan_d=0.0155
    n_ports      = 44
    geometry looks physical (via < antipad < pitch/2, eps_r>1).

  building + simulating in OpenEMS (44 ports) ...
  ArrayModelBuilder v4 (CoaxialPort) for generated_from_sim_pkg_2005
    board (mil) : x[-56.2,337.4] y[-56.2,393.6] z[0,175.4]
    domain (mil): z[-100.0,275.4] (coax stubs of 100 mil above/below)
    coax launch : r_i=10.442 r_o=22.819 (air, Z0 ~ 47 ohm; renormalized to 50 ohm on output)
    mesh res    : 3.152 mil (20 cells/lambda @ 100 GHz)
    boundaries  : lateral PML_8 (infinite planes), z PML_8
    n_ports     : 44
    [excite port 1/44]
 ---------------------------------------------------------------------- 
 | openEMS 64bit -- version v0.37.0-rc1-2-g7b051bb
 | (C) 2010-2026 Thorsten Liebig <thorsten.liebig@gmx.de>  GPL license
 ---------------------------------------------------------------------- 
	Used external libraries:
		CSXCAD -- Version: v0.7.0-rc1-1-g5115701
		hdf5   -- Version: 1.10.10
		          compiled against: HDF5 library version: 1.10.10
		tinyxml -- compiled against: 2.6.2
		fparser
		boost  -- compiled against: 1_83
		vtk -- Version: 9.1.0
		       compiled against: 9.1.0

Create FDTD operator (compressed SSE + multi-threading)
FDTD simulation size: 175x195x105 --> 3.58312e+06 FDTD cells 
FDTD timestep is: 2.04027e-13 s; Nyquist rate: 24 timesteps @1.0211e+11 Hz
Excitation signal length is: 282 timesteps (5.75357e-11s)
Max. number of timesteps: 60000 ( --> 212.766 * Excitation signal length)
Create FDTD engine (compressed SSE + multi-threading)
Running FDTD engine... this may take a while... grab a cup of coffee?!?
[@        4s] Timestep:          102 || Speed:   87.3 MC/s (4.106e-02 s/TS) || Energy: ~5.90e-19 (- 0.00dB)
[@        8s] Timestep:          264 || Speed:  142.4 MC/s (2.516e-02 s/TS) || Energy: ~5.76e-18 (- 0.00dB)
[@       12s] Timestep:          432 || Speed:  148.3 MC/s (2.416e-02 s/TS) || Energy: ~2.75e-18 (- 3.22dB)
[@       16s] Timestep:          636 || Speed:  177.7 MC/s (2.017e-02 s/TS) || Energy: ~1.78e-18 (- 5.11dB)
[@       20s] Timestep:          834 || Speed:  172.8 MC/s (2.074e-02 s/TS) || Energy: ~1.32e-18 (- 6.40dB)
Multithreaded Engine: Best performance found using 4 threads.
[@       24s] Timestep:         1038 || Speed:  177.6 MC/s (2.018e-02 s/TS) || Energy: ~1.63e-18 (- 5.50dB)
[@       28s] Timestep:         1236 || Speed:  176.9 MC/s (2.026e-02 s/TS) || Energy: ~9.81e-19 (- 7.69dB)
[@       32s] Timestep:         1434 || Speed:  175.9 MC/s (2.038e-02 s/TS) || Energy: ~1.29e-18 (- 6.51dB)
[@       36s] Timestep:         1632 || Speed:  173.7 MC/s (2.063e-02 s/TS) || Energy: ~6.95e-19 (- 9.18dB)
[@       40s] Timestep:         1830 || Speed:  174.1 MC/s (2.059e-02 s/TS) || Energy: ~9.18e-19 (- 7.98dB)
[@       44s] Timestep:         2022 || Speed:  171.9 MC/s (2.084e-02 s/TS) || Energy: ~5.90e-19 (- 9.90dB)
[@       48s] Timestep:         2220 || Speed:  173.5 MC/s (2.065e-02 s/TS) || Energy: ~4.69e-19 (-10.90dB)
[@       53s] Timestep:         2418 || Speed:  172.5 MC/s (2.077e-02 s/TS) || Energy: ~4.29e-19 (-11.28dB)
[@       57s] Timestep:         2616 || Speed:  174.6 MC/s (2.053e-02 s/TS) || Energy: ~2.79e-19 (-13.15dB)
[@     1m01s] Timestep:         2814 || Speed:  175.0 MC/s (2.048e-02 s/TS) || Energy: ~3.17e-19 (-12.59dB)
[@     1m05s] Timestep:         3012 || Speed:  174.7 MC/s (2.051e-02 s/TS) || Energy: ~1.67e-19 (-15.37dB)
[@     1m09s] Timestep:         3210 || Speed:  174.2 MC/s (2.057e-02 s/TS) || Energy: ~2.32e-19 (-13.95dB)
[@     1m13s] Timestep:         3408 || Speed:  174.1 MC/s (2.058e-02 s/TS) || Energy: ~1.14e-19 (-17.03dB)
[@     1m17s] Timestep:         3606 || Speed:  172.7 MC/s (2.074e-02 s/TS) || Energy: ~1.75e-19 (-15.18dB)
[@     1m21s] Timestep:         3804 || Speed:  174.4 MC/s (2.054e-02 s/TS) || Energy: ~7.86e-20 (-18.65dB)
[@     1m25s] Timestep:         4002 || Speed:  174.3 MC/s (2.056e-02 s/TS) || Energy: ~1.33e-19 (-16.37dB)
[@     1m29s] Timestep:         4200 || Speed:  175.0 MC/s (2.048e-02 s/TS) || Energy: ~5.64e-20 (-20.09dB)
[@     1m33s] Timestep:         4398 || Speed:  176.8 MC/s (2.027e-02 s/TS) || Energy: ~1.02e-19 (-17.54dB)
[@     1m37s] Timestep:         4596 || Speed:  175.7 MC/s (2.039e-02 s/TS) || Energy: ~4.21e-20 (-21.36dB)
[@     1m41s] Timestep:         4788 || Speed:  169.9 MC/s (2.109e-02 s/TS) || Energy: ~6.52e-20 (-19.46dB)
[@     1m45s] Timestep:         4986 || Speed:  173.3 MC/s (2.068e-02 s/TS) || Energy: ~4.63e-20 (-20.95dB)
[@     1m49s] Timestep:         5184 || Speed:  175.2 MC/s (2.045e-02 s/TS) || Energy: ~4.64e-20 (-20.94dB)
[@     1m54s] Timestep:         5382 || Speed:  174.7 MC/s (2.052e-02 s/TS) || Energy: ~3.98e-20 (-21.60dB)
[@     1m58s] Timestep:         5580 || Speed:  174.0 MC/s (2.059e-02 s/TS) || Energy: ~3.26e-20 (-22.48dB)
[@     2m02s] Timestep:         5778 || Speed:  173.5 MC/s (2.065e-02 s/TS) || Energy: ~3.40e-20 (-22.29dB)
[@     2m06s] Timestep:         5976 || Speed:  177.3 MC/s (2.021e-02 s/TS) || Energy: ~2.31e-20 (-23.98dB)
[@     2m10s] Timestep:         6180 || Speed:  178.5 MC/s (2.007e-02 s/TS) || Energy: ~1.99e-20 (-24.62dB)
[@     2m14s] Timestep:         6378 || Speed:  175.8 MC/s (2.038e-02 s/TS) || Energy: ~2.41e-20 (-23.78dB)
[@     2m18s] Timestep:         6576 || Speed:  176.1 MC/s (2.034e-02 s/TS) || Energy: ~1.68e-20 (-25.34dB)
[@     2m22s] Timestep:         6774 || Speed:  176.9 MC/s (2.025e-02 s/TS) || Energy: ~1.81e-20 (-25.03dB)
[@     2m26s] Timestep:         6972 || Speed:  176.4 MC/s (2.031e-02 s/TS) || Energy: ~1.42e-20 (-26.08dB)
[@     2m30s] Timestep:         7170 || Speed:  176.2 MC/s (2.034e-02 s/TS) || Energy: ~1.37e-20 (-26.25dB)
[@     2m34s] Timestep:         7368 || Speed:  176.7 MC/s (2.028e-02 s/TS) || Energy: ~1.19e-20 (-26.85dB)
[@     2m38s] Timestep:         7566 || Speed:  175.7 MC/s (2.039e-02 s/TS) || Energy: ~1.05e-20 (-27.40dB)
[@     2m42s] Timestep:         7764 || Speed:  176.1 MC/s (2.035e-02 s/TS) || Energy: ~9.87e-21 (-27.66dB)
[@     2m46s] Timestep:         7962 || Speed:  174.5 MC/s (2.054e-02 s/TS) || Energy: ~8.15e-21 (-28.49dB)
[@     2m50s] Timestep:         8160 || Speed:  177.2 MC/s (2.022e-02 s/TS) || Energy: ~8.11e-21 (-28.51dB)
[@     2m54s] Timestep:         8364 || Speed:  177.9 MC/s (2.014e-02 s/TS) || Energy: ~8.60e-21 (-28.26dB)
[@     2m58s] Timestep:         8562 || Speed:  176.8 MC/s (2.027e-02 s/TS) || Energy: ~4.70e-21 (-30.89dB)
[@     3m02s] Timestep:         8760 || Speed:  173.4 MC/s (2.066e-02 s/TS) || Energy: ~6.79e-21 (-29.29dB)
[@     3m06s] Timestep:         8958 || Speed:  174.9 MC/s (2.049e-02 s/TS) || Energy: ~3.94e-21 (-31.65dB)
[@     3m10s] Timestep:         9156 || Speed:  175.3 MC/s (2.044e-02 s/TS) || Energy: ~5.39e-21 (-30.29dB)
[@     3m14s] Timestep:         9360 || Speed:  177.5 MC/s (2.018e-02 s/TS) || Energy: ~2.81e-21 (-33.12dB)
[@     3m18s] Timestep:         9558 || Speed:  176.1 MC/s (2.035e-02 s/TS) || Energy: ~4.67e-21 (-30.91dB)
[@     3m23s] Timestep:         9756 || Speed:  175.6 MC/s (2.040e-02 s/TS) || Energy: ~2.42e-21 (-33.77dB)
[@     3m27s] Timestep:         9954 || Speed:  175.3 MC/s (2.044e-02 s/TS) || Energy: ~3.67e-21 (-31.95dB)
[@     3m31s] Timestep:        10152 || Speed:  175.4 MC/s (2.043e-02 s/TS) || Energy: ~2.08e-21 (-34.42dB)
[@     3m35s] Timestep:        10350 || Speed:  173.5 MC/s (2.066e-02 s/TS) || Energy: ~2.90e-21 (-32.99dB)
[@     3m39s] Timestep:        10548 || Speed:  174.6 MC/s (2.053e-02 s/TS) || Energy: ~1.79e-21 (-35.08dB)
[@     3m43s] Timestep:        10740 || Speed:  171.5 MC/s (2.089e-02 s/TS) || Energy: ~2.30e-21 (-33.99dB)
[@     3m47s] Timestep:        10938 || Speed:  176.2 MC/s (2.033e-02 s/TS) || Energy: ~1.49e-21 (-35.87dB)
[@     3m51s] Timestep:        11136 || Speed:  175.7 MC/s (2.039e-02 s/TS) || Energy: ~1.88e-21 (-34.86dB)
[@     3m55s] Timestep:        11334 || Speed:  176.7 MC/s (2.028e-02 s/TS) || Energy: ~1.22e-21 (-36.75dB)
[@     3m59s] Timestep:        11532 || Speed:  174.5 MC/s (2.054e-02 s/TS) || Energy: ~1.54e-21 (-35.72dB)
[@     4m03s] Timestep:        11730 || Speed:  175.9 MC/s (2.037e-02 s/TS) || Energy: ~9.91e-22 (-37.64dB)
[@     4m07s] Timestep:        11928 || Speed:  174.3 MC/s (2.056e-02 s/TS) || Energy: ~1.27e-21 (-36.57dB)
[@     4m11s] Timestep:        12126 || Speed:  172.2 MC/s (2.081e-02 s/TS) || Energy: ~8.08e-22 (-38.53dB)
[@     4m15s] Timestep:        12324 || Speed:  174.4 MC/s (2.054e-02 s/TS) || Energy: ~1.04e-21 (-37.42dB)
[@     4m19s] Timestep:        12522 || Speed:  176.9 MC/s (2.026e-02 s/TS) || Energy: ~6.58e-22 (-39.42dB)
[@     4m23s] Timestep:        12720 || Speed:  176.6 MC/s (2.028e-02 s/TS) || Energy: ~8.58e-22 (-38.27dB)
[@     4m27s] Timestep:        12918 || Speed:  175.9 MC/s (2.037e-02 s/TS) || Energy: ~5.38e-22 (-40.30dB)
[@     4m31s] Timestep:        13116 || Speed:  174.4 MC/s (2.054e-02 s/TS) || Energy: ~7.05e-22 (-39.13dB)
[@     4m35s] Timestep:        13314 || Speed:  174.5 MC/s (2.053e-02 s/TS) || Energy: ~4.41e-22 (-41.16dB)
[@     4m39s] Timestep:        13512 || Speed:  174.8 MC/s (2.050e-02 s/TS) || Energy: ~5.77e-22 (-39.99dB)
[@     4m44s] Timestep:        13710 || Speed:  174.9 MC/s (2.048e-02 s/TS) || Energy: ~3.62e-22 (-42.01dB)
[@     4m48s] Timestep:        13908 || Speed:  175.7 MC/s (2.039e-02 s/TS) || Energy: ~4.72e-22 (-40.86dB)
[@     4m52s] Timestep:        14106 || Speed:  175.5 MC/s (2.041e-02 s/TS) || Energy: ~2.99e-22 (-42.85dB)
[@     4m56s] Timestep:        14304 || Speed:  174.3 MC/s (2.056e-02 s/TS) || Energy: ~3.85e-22 (-41.75dB)
[@     5m00s] Timestep:        14502 || Speed:  175.6 MC/s (2.040e-02 s/TS) || Energy: ~2.48e-22 (-43.67dB)
[@     5m04s] Timestep:        14700 || Speed:  176.2 MC/s (2.034e-02 s/TS) || Energy: ~3.13e-22 (-42.65dB)
[@     5m08s] Timestep:        14898 || Speed:  174.9 MC/s (2.048e-02 s/TS) || Energy: ~2.06e-22 (-44.47dB)
[@     5m12s] Timestep:        15096 || Speed:  174.1 MC/s (2.059e-02 s/TS) || Energy: ~2.54e-22 (-43.56dB)
[@     5m16s] Timestep:        15294 || Speed:  172.7 MC/s (2.074e-02 s/TS) || Energy: ~1.72e-22 (-45.25dB)
[@     5m20s] Timestep:        15486 || Speed:  169.4 MC/s (2.115e-02 s/TS) || Energy: ~2.45e-22 (-43.71dB)
[@     5m24s] Timestep:        15678 || Speed:  171.6 MC/s (2.088e-02 s/TS) || Energy: ~1.11e-22 (-47.16dB)
[@     5m28s] Timestep:        15870 || Speed:  171.8 MC/s (2.086e-02 s/TS) || Energy: ~1.65e-22 (-45.43dB)
[@     5m32s] Timestep:        16062 || Speed:  170.0 MC/s (2.107e-02 s/TS) || Energy: ~1.64e-22 (-45.46dB)
[@     5m36s] Timestep:        16260 || Speed:  173.7 MC/s (2.063e-02 s/TS) || Energy: ~1.01e-22 (-47.57dB)
[@     5m40s] Timestep:        16452 || Speed:  172.0 MC/s (2.083e-02 s/TS) || Energy: ~1.54e-22 (-45.74dB)
[@     5m44s] Timestep:        16650 || Speed:  172.1 MC/s (2.082e-02 s/TS) || Energy: ~6.66e-23 (-49.37dB)
[@     5m48s] Timestep:        16842 || Speed:  170.6 MC/s (2.101e-02 s/TS) || Energy: ~1.22e-22 (-46.73dB)
[@     5m52s] Timestep:        17040 || Speed:  173.9 MC/s (2.060e-02 s/TS) || Energy: ~5.97e-23 (-49.85dB)
[@     5m57s] Timestep:        17238 || Speed:  172.2 MC/s (2.081e-02 s/TS) || Energy: ~1.03e-22 (-47.48dB)
[@     6m01s] Timestep:        17436 || Speed:  174.4 MC/s (2.055e-02 s/TS) || Energy: ~5.03e-23 (-50.59dB)
Time for 17436 iterations with 3583125.00 cells : 361.13 sec
Speed: 173.00 MCells/s 
    [excite port 2/44]
 ---------------------------------------------------------------------- 
 | openEMS 64bit -- version v0.37.0-rc1-2-g7b051bb
 | (C) 2010-2026 Thorsten Liebig <thorsten.liebig@gmx.de>  GPL license
 ---------------------------------------------------------------------- 
	Used external libraries:
		CSXCAD -- Version: v0.7.0-rc1-1-g5115701
		hdf5   -- Version: 1.10.10
		          compiled against: HDF5 library version: 1.10.10
		tinyxml -- compiled against: 2.6.2
		fparser
		boost  -- compiled against: 1_83
		vtk -- Version: 9.1.0
		       compiled against: 9.1.0

Create FDTD operator (compressed SSE + multi-threading)
FDTD simulation size: 175x195x105 --> 3583125.00 FDTD cells 
FDTD timestep is: 0.00 s; Nyquist rate: 24 timesteps @102110454074.00 Hz
Excitation signal length is: 282 timesteps (0.00s)
Max. number of timesteps: 60000 ( --> 212.77 * Excitation signal length)
Create FDTD engine (compressed SSE + multi-threading)
Running FDTD engine... this may take a while... grab a cup of coffee?!?
[@        4s] Timestep:          102 || Speed:   88.3 MC/s (4.059e-02 s/TS) || Energy: ~5.90e-19 (- 0.00dB)
[@        8s] Timestep:          252 || Speed:  130.8 MC/s (2.739e-02 s/TS) || Energy: ~6.13e-18 (- 0.00dB)
[@       12s] Timestep:          432 || Speed:  159.8 MC/s (2.242e-02 s/TS) || Energy: ~2.97e-18 (- 3.14dB)
[@       16s] Timestep:          624 || Speed:  168.6 MC/s (2.126e-02 s/TS) || Energy: ~1.65e-18 (- 5.71dB)
[@       20s] Timestep:          828 || Speed:  180.3 MC/s (1.987e-02 s/TS) || Energy: ~9.57e-19 (- 8.07dB)
[@       24s] Timestep:         1032 || Speed:  178.9 MC/s (2.003e-02 s/TS) || Energy: ~1.29e-18 (- 6.78dB)
Multithreaded Engine: Best performance found using 5 threads.
[@       28s] Timestep:         1236 || Speed:  178.2 MC/s (2.010e-02 s/TS) || Energy: ~9.04e-19 (- 8.31dB)
[@       32s] Timestep:         1440 || Speed:  181.1 MC/s (1.978e-02 s/TS) || Energy: ~7.76e-19 (- 8.98dB)
[@       36s] Timestep:         1650 || Speed:  182.9 MC/s (1.959e-02 s/TS) || Energy: ~8.42e-19 (- 8.62dB)
[@       40s] Timestep:         1854 || Speed:  182.7 MC/s (1.961e-02 s/TS) || Energy: ~5.59e-19 (-10.41dB)
[@       44s] Timestep:         2064 || Speed:  182.9 MC/s (1.959e-02 s/TS) || Energy: ~3.90e-19 (-11.97dB)
[@       48s] Timestep:         2274 || Speed:  184.5 MC/s (1.942e-02 s/TS) || Energy: ~3.82e-19 (-12.06dB)
[@       52s] Timestep:         2478 || Speed:  180.6 MC/s (1.984e-02 s/TS) || Energy: ~3.12e-19 (-12.93dB)
[@       57s] Timestep:         2688 || Speed:  183.3 MC/s (1.955e-02 s/TS) || Energy: ~2.05e-19 (-14.76dB)
[@     1m01s] Timestep:         2898 || Speed:  183.5 MC/s (1.952e-02 s/TS) || Energy: ~1.75e-19 (-15.45dB)
[@     1m05s] Timestep:         3102 || Speed:  181.9 MC/s (1.970e-02 s/TS) || Energy: ~1.81e-19 (-15.31dB)
[@     1m09s] Timestep:         3312 || Speed:  183.8 MC/s (1.950e-02 s/TS) || Energy: ~1.17e-19 (-17.19dB)
[@     1m13s] Timestep:         3522 || Speed:  183.2 MC/s (1.956e-02 s/TS) || Energy: ~8.58e-20 (-18.54dB)
[@     1m17s] Timestep:         3732 || Speed:  183.7 MC/s (1.950e-02 s/TS) || Energy: ~9.04e-20 (-18.32dB)
[@     1m21s] Timestep:         3936 || Speed:  182.4 MC/s (1.964e-02 s/TS) || Energy: ~8.08e-20 (-18.81dB)
[@     1m25s] Timestep:         4146 || Speed:  183.8 MC/s (1.949e-02 s/TS) || Energy: ~4.88e-20 (-20.99dB)
[@     1m29s] Timestep:         4356 || Speed:  183.5 MC/s (1.953e-02 s/TS) || Energy: ~4.39e-20 (-21.45dB)
[@     1m33s] Timestep:         4560 || Speed:  182.5 MC/s (1.964e-02 s/TS) || Energy: ~5.86e-20 (-20.20dB)
[@     1m37s] Timestep:         4764 || Speed:  179.8 MC/s (1.992e-02 s/TS) || Energy: ~2.96e-20 (-23.16dB)
[@     1m41s] Timestep:         4968 || Speed:  180.0 MC/s (1.991e-02 s/TS) || Energy: ~3.42e-20 (-22.54dB)
[@     1m45s] Timestep:         5178 || Speed:  181.4 MC/s (1.976e-02 s/TS) || Energy: ~3.91e-20 (-21.96dB)
[@     1m50s] Timestep:         5388 || Speed:  183.0 MC/s (1.958e-02 s/TS) || Energy: ~2.63e-20 (-23.68dB)
[@     1m54s] Timestep:         5598 || Speed:  182.8 MC/s (1.960e-02 s/TS) || Energy: ~1.38e-20 (-26.48dB)
[@     1m58s] Timestep:         5808 || Speed:  185.7 MC/s (1.929e-02 s/TS) || Energy: ~1.73e-20 (-25.51dB)
[@     2m02s] Timestep:         6018 || Speed:  185.0 MC/s (1.937e-02 s/TS) || Energy: ~2.29e-20 (-24.27dB)
[@     2m06s] Timestep:         6228 || Speed:  183.3 MC/s (1.955e-02 s/TS) || Energy: ~1.69e-20 (-25.60dB)
[@     2m10s] Timestep:         6438 || Speed:  182.7 MC/s (1.961e-02 s/TS) || Energy: ~8.50e-21 (-28.59dB)
[@     2m14s] Timestep:         6642 || Speed:  180.7 MC/s (1.983e-02 s/TS) || Energy: ~1.28e-20 (-26.81dB)
[@     2m18s] Timestep:         6852 || Speed:  183.7 MC/s (1.951e-02 s/TS) || Energy: ~1.35e-20 (-26.58dB)
[@     2m22s] Timestep:         7056 || Speed:  182.1 MC/s (1.967e-02 s/TS) || Energy: ~6.11e-21 (-30.02dB)
[@     2m26s] Timestep:         7266 || Speed:  182.9 MC/s (1.959e-02 s/TS) || Energy: ~6.54e-21 (-29.72dB)
[@     2m30s] Timestep:         7470 || Speed:  181.8 MC/s (1.971e-02 s/TS) || Energy: ~9.13e-21 (-28.27dB)
[@     2m34s] Timestep:         7680 || Speed:  184.4 MC/s (1.944e-02 s/TS) || Energy: ~5.72e-21 (-30.30dB)
[@     2m39s] Timestep:         7890 || Speed:  185.0 MC/s (1.937e-02 s/TS) || Energy: ~3.93e-21 (-31.94dB)
[@     2m43s] Timestep:         8100 || Speed:  184.7 MC/s (1.940e-02 s/TS) || Energy: ~5.06e-21 (-30.83dB)
[@     2m47s] Timestep:         8310 || Speed:  183.8 MC/s (1.949e-02 s/TS) || Energy: ~5.41e-21 (-30.54dB)
[@     2m51s] Timestep:         8520 || Speed:  183.5 MC/s (1.953e-02 s/TS) || Energy: ~3.78e-21 (-32.10dB)
[@     2m55s] Timestep:         8730 || Speed:  184.2 MC/s (1.946e-02 s/TS) || Energy: ~2.62e-21 (-33.69dB)
[@     2m59s] Timestep:         8934 || Speed:  179.7 MC/s (1.994e-02 s/TS) || Energy: ~3.48e-21 (-32.46dB)
[@     3m03s] Timestep:         9144 || Speed:  183.6 MC/s (1.951e-02 s/TS) || Energy: ~3.10e-21 (-32.96dB)
[@     3m07s] Timestep:         9354 || Speed:  184.9 MC/s (1.938e-02 s/TS) || Energy: ~2.13e-21 (-34.60dB)
[@     3m11s] Timestep:         9558 || Speed:  182.6 MC/s (1.963e-02 s/TS) || Energy: ~2.04e-21 (-34.79dB)
[@     3m15s] Timestep:         9768 || Speed:  182.7 MC/s (1.961e-02 s/TS) || Energy: ~2.18e-21 (-34.50dB)
[@     3m19s] Timestep:         9972 || Speed:  182.5 MC/s (1.963e-02 s/TS) || Energy: ~1.58e-21 (-35.88dB)
[@     3m23s] Timestep:        10176 || Speed:  180.7 MC/s (1.983e-02 s/TS) || Energy: ~1.38e-21 (-36.48dB)
[@     3m27s] Timestep:        10386 || Speed:  184.4 MC/s (1.943e-02 s/TS) || Energy: ~1.46e-21 (-36.22dB)
[@     3m31s] Timestep:        10596 || Speed:  183.6 MC/s (1.951e-02 s/TS) || Energy: ~1.30e-21 (-36.73dB)
[@     3m36s] Timestep:        10806 || Speed:  183.5 MC/s (1.952e-02 s/TS) || Energy: ~9.80e-22 (-37.96dB)
[@     3m40s] Timestep:        11016 || Speed:  183.9 MC/s (1.949e-02 s/TS) || Energy: ~7.94e-22 (-38.88dB)
[@     3m44s] Timestep:        11226 || Speed:  184.8 MC/s (1.939e-02 s/TS) || Energy: ~8.13e-22 (-38.77dB)
[@     3m48s] Timestep:        11436 || Speed:  183.1 MC/s (1.956e-02 s/TS) || Energy: ~8.31e-22 (-38.68dB)
[@     3m52s] Timestep:        11646 || Speed:  183.1 MC/s (1.957e-02 s/TS) || Energy: ~6.84e-22 (-39.53dB)
[@     3m56s] Timestep:        11856 || Speed:  182.9 MC/s (1.959e-02 s/TS) || Energy: ~4.86e-22 (-41.01dB)
[@     4m00s] Timestep:        12060 || Speed:  182.2 MC/s (1.967e-02 s/TS) || Energy: ~5.12e-22 (-40.79dB)
[@     4m04s] Timestep:        12270 || Speed:  184.0 MC/s (1.947e-02 s/TS) || Energy: ~5.34e-22 (-40.60dB)
[@     4m08s] Timestep:        12474 || Speed:  181.8 MC/s (1.970e-02 s/TS) || Energy: ~3.49e-22 (-42.45dB)
[@     4m12s] Timestep:        12684 || Speed:  183.6 MC/s (1.952e-02 s/TS) || Energy: ~2.85e-22 (-43.34dB)
[@     4m16s] Timestep:        12888 || Speed:  182.5 MC/s (1.964e-02 s/TS) || Energy: ~3.78e-22 (-42.11dB)
[@     4m20s] Timestep:        13092 || Speed:  181.5 MC/s (1.975e-02 s/TS) || Energy: ~2.57e-22 (-43.78dB)
[@     4m24s] Timestep:        13302 || Speed:  183.9 MC/s (1.948e-02 s/TS) || Energy: ~1.91e-22 (-45.07dB)
[@     4m28s] Timestep:        13512 || Speed:  185.2 MC/s (1.935e-02 s/TS) || Energy: ~2.22e-22 (-44.41dB)
[@     4m33s] Timestep:        13722 || Speed:  183.6 MC/s (1.952e-02 s/TS) || Energy: ~2.40e-22 (-44.08dB)
[@     4m37s] Timestep:        13932 || Speed:  185.1 MC/s (1.935e-02 s/TS) || Energy: ~1.82e-22 (-45.28dB)
[@     4m41s] Timestep:        14142 || Speed:  185.0 MC/s (1.937e-02 s/TS) || Energy: ~1.21e-22 (-47.03dB)
[@     4m45s] Timestep:        14352 || Speed:  184.5 MC/s (1.942e-02 s/TS) || Energy: ~1.21e-22 (-47.04dB)
[@     4m49s] Timestep:        14562 || Speed:  185.7 MC/s (1.930e-02 s/TS) || Energy: ~1.41e-22 (-46.39dB)
[@     4m53s] Timestep:        14772 || Speed:  183.6 MC/s (1.951e-02 s/TS) || Energy: ~1.25e-22 (-46.92dB)
[@     4m57s] Timestep:        14982 || Speed:  184.5 MC/s (1.942e-02 s/TS) || Energy: ~8.78e-23 (-48.44dB)
[@     5m01s] Timestep:        15186 || Speed:  182.6 MC/s (1.962e-02 s/TS) || Energy: ~7.97e-23 (-48.86dB)
[@     5m05s] Timestep:        15396 || Speed:  184.6 MC/s (1.941e-02 s/TS) || Energy: ~8.70e-23 (-48.48dB)
[@     5m09s] Timestep:        15600 || Speed:  182.2 MC/s (1.966e-02 s/TS) || Energy: ~6.94e-23 (-49.46dB)
[@     5m13s] Timestep:        15810 || Speed:  184.9 MC/s (1.938e-02 s/TS) || Energy: ~5.24e-23 (-50.69dB)
Time for 15810 iterations with 3583125.00 cells : 313.65 sec
Speed: 180.61 MCells/s 
    [excite port 3/44]
 ---------------------------------------------------------------------- 
 | openEMS 64bit -- version v0.37.0-rc1-2-g7b051bb
 | (C) 2010-2026 Thorsten Liebig <thorsten.liebig@gmx.de>  GPL license
 ---------------------------------------------------------------------- 
	Used external libraries:
		CSXCAD -- Version: v0.7.0-rc1-1-g5115701
		hdf5   -- Version: 1.10.10
		          compiled against: HDF5 library version: 1.10.10
		tinyxml -- compiled against: 2.6.2
		fparser
		boost  -- compiled against: 1_83
		vtk -- Version: 9.1.0
		       compiled against: 9.1.0

Create FDTD operator (compressed SSE + multi-threading)
FDTD simulation size: 175x195x105 --> 3583125.00 FDTD cells 
FDTD timestep is: 0.00 s; Nyquist rate: 24 timesteps @102110454074.00 Hz
Excitation signal length is: 282 timesteps (0.00s)
Max. number of timesteps: 60000 ( --> 212.77 * Excitation signal length)
Create FDTD engine (compressed SSE + multi-threading)
Running FDTD engine... this may take a while... grab a cup of coffee?!?
[@        4s] Timestep:          102 || Speed:   87.0 MC/s (4.120e-02 s/TS) || Energy: ~6.02e-19 (- 0.00dB)
[@        8s] Timestep:          252 || Speed:  131.9 MC/s (2.717e-02 s/TS) || Energy: ~5.81e-18 (- 0.00dB)
[@       12s] Timestep:          426 || Speed:  152.7 MC/s (2.346e-02 s/TS) || Energy: ~3.14e-18 (- 2.67dB)
[@       16s] Timestep:          618 || Speed:  167.7 MC/s (2.137e-02 s/TS) || Energy: ~1.85e-18 (- 4.98dB)
[@       20s] Timestep:          816 || Speed:  175.5 MC/s (2.042e-02 s/TS) || Energy: ~1.67e-18 (- 5.42dB)
[@       24s] Timestep:         1020 || Speed:  182.4 MC/s (1.965e-02 s/TS) || Energy: ~1.13e-18 (- 7.11dB)
[@       28s] Timestep:         1230 || Speed:  184.7 MC/s (1.940e-02 s/TS) || Energy: ~1.13e-18 (- 7.10dB)
[@       32s] Timestep:         1434 || Speed:  180.3 MC/s (1.987e-02 s/TS) || Energy: ~1.19e-18 (- 6.88dB)
Multithreaded Engine: Best performance found using 7 threads.
[@       36s] Timestep:         1644 || Speed:  185.5 MC/s (1.932e-02 s/TS) || Energy: ~8.39e-19 (- 8.40dB)
[@       40s] Timestep:         1854 || Speed:  186.1 MC/s (1.925e-02 s/TS) || Energy: ~5.51e-19 (-10.23dB)
[@       44s] Timestep:         2064 || Speed:  185.9 MC/s (1.927e-02 s/TS) || Energy: ~5.50e-19 (-10.24dB)
[@       48s] Timestep:         2274 || Speed:  182.8 MC/s (1.961e-02 s/TS) || Energy: ~5.47e-19 (-10.26dB)
[@       52s] Timestep:         2484 || Speed:  185.9 MC/s (1.928e-02 s/TS) || Energy: ~3.84e-19 (-11.80dB)
[@       56s] Timestep:         2694 || Speed:  186.0 MC/s (1.926e-02 s/TS) || Energy: ~2.22e-19 (-14.18dB)
[@     1m01s] Timestep:         2904 || Speed:  183.3 MC/s (1.954e-02 s/TS) || Energy: ~2.07e-19 (-14.49dB)
[@     1m05s] Timestep:         3114 || Speed:  184.6 MC/s (1.941e-02 s/TS) || Energy: ~2.38e-19 (-13.87dB)
[@     1m09s] Timestep:         3324 || Speed:  183.4 MC/s (1.954e-02 s/TS) || Energy: ~1.93e-19 (-14.78dB)
[@     1m13s] Timestep:         3534 || Speed:  183.1 MC/s (1.957e-02 s/TS) || Energy: ~1.21e-19 (-16.81dB)
[@     1m17s] Timestep:         3744 || Speed:  185.1 MC/s (1.936e-02 s/TS) || Energy: ~9.78e-20 (-17.74dB)
[@     1m21s] Timestep:         3954 || Speed:  185.4 MC/s (1.933e-02 s/TS) || Energy: ~1.03e-19 (-17.53dB)
[@     1m25s] Timestep:         4164 || Speed:  185.6 MC/s (1.930e-02 s/TS) || Energy: ~1.02e-19 (-17.57dB)
[@     1m29s] Timestep:         4374 || Speed:  185.4 MC/s (1.933e-02 s/TS) || Energy: ~8.20e-20 (-18.51dB)
[@     1m33s] Timestep:         4584 || Speed:  184.6 MC/s (1.941e-02 s/TS) || Energy: ~5.72e-20 (-20.07dB)
[@     1m37s] Timestep:         4788 || Speed:  180.2 MC/s (1.988e-02 s/TS) || Energy: ~5.75e-20 (-20.04dB)
[@     1m41s] Timestep:         4998 || Speed:  185.2 MC/s (1.934e-02 s/TS) || Energy: ~6.25e-20 (-19.68dB)
[@     1m45s] Timestep:         5208 || Speed:  185.2 MC/s (1.935e-02 s/TS) || Energy: ~5.17e-20 (-20.51dB)
[@     1m49s] Timestep:         5418 || Speed:  184.7 MC/s (1.940e-02 s/TS) || Energy: ~3.34e-20 (-22.41dB)
[@     1m53s] Timestep:         5622 || Speed:  182.7 MC/s (1.961e-02 s/TS) || Energy: ~3.63e-20 (-22.04dB)
[@     1m58s] Timestep:         5832 || Speed:  184.1 MC/s (1.946e-02 s/TS) || Energy: ~4.14e-20 (-21.47dB)
[@     2m02s] Timestep:         6042 || Speed:  185.3 MC/s (1.934e-02 s/TS) || Energy: ~3.15e-20 (-22.65dB)
[@     2m06s] Timestep:         6252 || Speed:  184.8 MC/s (1.939e-02 s/TS) || Energy: ~1.89e-20 (-24.87dB)
[@     2m10s] Timestep:         6462 || Speed:  185.3 MC/s (1.934e-02 s/TS) || Energy: ~1.94e-20 (-24.77dB)
[@     2m14s] Timestep:         6672 || Speed:  183.9 MC/s (1.948e-02 s/TS) || Energy: ~2.58e-20 (-23.52dB)
[@     2m18s] Timestep:         6882 || Speed:  185.0 MC/s (1.937e-02 s/TS) || Energy: ~2.30e-20 (-24.03dB)
[@     2m22s] Timestep:         7092 || Speed:  185.1 MC/s (1.936e-02 s/TS) || Energy: ~1.36e-20 (-26.31dB)
[@     2m26s] Timestep:         7296 || Speed:  182.0 MC/s (1.968e-02 s/TS) || Energy: ~1.43e-20 (-26.10dB)
[@     2m30s] Timestep:         7506 || Speed:  185.7 MC/s (1.930e-02 s/TS) || Energy: ~1.78e-20 (-25.14dB)
[@     2m34s] Timestep:         7716 || Speed:  185.1 MC/s (1.936e-02 s/TS) || Energy: ~1.38e-20 (-26.25dB)
[@     2m38s] Timestep:         7926 || Speed:  185.6 MC/s (1.930e-02 s/TS) || Energy: ~8.05e-21 (-28.58dB)
[@     2m42s] Timestep:         8136 || Speed:  185.4 MC/s (1.932e-02 s/TS) || Energy: ~8.30e-21 (-28.45dB)
[@     2m46s] Timestep:         8346 || Speed:  185.1 MC/s (1.936e-02 s/TS) || Energy: ~1.10e-20 (-27.21dB)
[@     2m50s] Timestep:         8556 || Speed:  185.1 MC/s (1.936e-02 s/TS) || Energy: ~9.71e-21 (-27.77dB)
[@     2m54s] Timestep:         8766 || Speed:  185.5 MC/s (1.932e-02 s/TS) || Energy: ~6.00e-21 (-29.86dB)
[@     2m58s] Timestep:         8976 || Speed:  186.1 MC/s (1.926e-02 s/TS) || Energy: ~5.19e-21 (-30.49dB)
[@     3m02s] Timestep:         9186 || Speed:  185.6 MC/s (1.930e-02 s/TS) || Energy: ~6.72e-21 (-29.37dB)
[@     3m07s] Timestep:         9396 || Speed:  185.7 MC/s (1.930e-02 s/TS) || Energy: ~6.49e-21 (-29.52dB)
[@     3m11s] Timestep:         9606 || Speed:  186.2 MC/s (1.925e-02 s/TS) || Energy: ~4.40e-21 (-31.21dB)
[@     3m15s] Timestep:         9816 || Speed:  185.3 MC/s (1.933e-02 s/TS) || Energy: ~3.48e-21 (-32.22dB)
[@     3m19s] Timestep:        10026 || Speed:  186.0 MC/s (1.926e-02 s/TS) || Energy: ~4.13e-21 (-31.48dB)
[@     3m23s] Timestep:        10230 || Speed:  182.2 MC/s (1.966e-02 s/TS) || Energy: ~3.86e-21 (-31.77dB)
[@     3m27s] Timestep:        10440 || Speed:  183.4 MC/s (1.953e-02 s/TS) || Energy: ~2.72e-21 (-33.30dB)
[@     3m31s] Timestep:        10650 || Speed:  184.6 MC/s (1.941e-02 s/TS) || Energy: ~2.62e-21 (-33.45dB)
[@     3m35s] Timestep:        10860 || Speed:  185.2 MC/s (1.934e-02 s/TS) || Energy: ~2.92e-21 (-32.99dB)
[@     3m39s] Timestep:        11064 || Speed:  181.9 MC/s (1.970e-02 s/TS) || Energy: ~2.27e-21 (-34.09dB)
[@     3m43s] Timestep:        11274 || Speed:  185.8 MC/s (1.928e-02 s/TS) || Energy: ~1.83e-21 (-35.02dB)
[@     3m47s] Timestep:        11484 || Speed:  183.9 MC/s (1.948e-02 s/TS) || Energy: ~1.95e-21 (-34.74dB)
[@     3m51s] Timestep:        11688 || Speed:  180.1 MC/s (1.990e-02 s/TS) || Energy: ~1.81e-21 (-35.06dB)
[@     3m55s] Timestep:        11898 || Speed:  183.9 MC/s (1.949e-02 s/TS) || Energy: ~1.37e-21 (-36.27dB)
[@     3m59s] Timestep:        12108 || Speed:  185.9 MC/s (1.927e-02 s/TS) || Energy: ~1.31e-21 (-36.48dB)
[@     4m03s] Timestep:        12312 || Speed:  182.5 MC/s (1.964e-02 s/TS) || Energy: ~1.39e-21 (-36.21dB)
[@     4m07s] Timestep:        12522 || Speed:  184.9 MC/s (1.938e-02 s/TS) || Energy: ~1.07e-21 (-37.34dB)
[@     4m11s] Timestep:        12732 || Speed:  185.7 MC/s (1.930e-02 s/TS) || Energy: ~8.84e-22 (-38.17dB)
[@     4m15s] Timestep:        12942 || Speed:  185.2 MC/s (1.935e-02 s/TS) || Energy: ~9.41e-22 (-37.91dB)
[@     4m20s] Timestep:        13152 || Speed:  185.4 MC/s (1.932e-02 s/TS) || Energy: ~9.19e-22 (-38.01dB)
[@     4m24s] Timestep:        13362 || Speed:  184.9 MC/s (1.938e-02 s/TS) || Energy: ~7.05e-22 (-39.16dB)
[@     4m28s] Timestep:        13572 || Speed:  185.7 MC/s (1.929e-02 s/TS) || Energy: ~5.56e-22 (-40.19dB)
[@     4m32s] Timestep:        13782 || Speed:  185.0 MC/s (1.937e-02 s/TS) || Energy: ~5.93e-22 (-39.91dB)
[@     4m36s] Timestep:        13992 || Speed:  185.2 MC/s (1.935e-02 s/TS) || Energy: ~6.09e-22 (-39.79dB)
[@     4m40s] Timestep:        14202 || Speed:  186.1 MC/s (1.925e-02 s/TS) || Energy: ~4.77e-22 (-40.86dB)
[@     4m44s] Timestep:        14412 || Speed:  182.9 MC/s (1.960e-02 s/TS) || Energy: ~3.49e-22 (-42.21dB)
[@     4m48s] Timestep:        14622 || Speed:  185.5 MC/s (1.931e-02 s/TS) || Energy: ~3.58e-22 (-42.11dB)
[@     4m52s] Timestep:        14832 || Speed:  184.8 MC/s (1.939e-02 s/TS) || Energy: ~3.95e-22 (-41.68dB)
[@     4m56s] Timestep:        15042 || Speed:  183.9 MC/s (1.948e-02 s/TS) || Energy: ~3.30e-22 (-42.46dB)
[@     5m00s] Timestep:        15252 || Speed:  184.9 MC/s (1.938e-02 s/TS) || Energy: ~2.28e-22 (-44.07dB)
[@     5m04s] Timestep:        15462 || Speed:  184.5 MC/s (1.943e-02 s/TS) || Energy: ~2.09e-22 (-44.45dB)
[@     5m08s] Timestep:        15672 || Speed:  186.0 MC/s (1.926e-02 s/TS) || Energy: ~2.44e-22 (-43.76dB)
[@     5m12s] Timestep:        15882 || Speed:  185.8 MC/s (1.929e-02 s/TS) || Energy: ~2.28e-22 (-44.06dB)
[@     5m16s] Timestep:        16092 || Speed:  186.2 MC/s (1.924e-02 s/TS) || Energy: ~1.58e-22 (-45.64dB)
[@     5m21s] Timestep:        16302 || Speed:  185.5 MC/s (1.932e-02 s/TS) || Energy: ~1.23e-22 (-46.74dB)
[@     5m25s] Timestep:        16512 || Speed:  183.0 MC/s (1.957e-02 s/TS) || Energy: ~1.43e-22 (-46.09dB)
[@     5m29s] Timestep:        16722 || Speed:  185.5 MC/s (1.931e-02 s/TS) || Energy: ~1.52e-22 (-45.81dB)
[@     5m33s] Timestep:        16932 || Speed:  185.8 MC/s (1.928e-02 s/TS) || Energy: ~1.16e-22 (-47.00dB)
[@     5m37s] Timestep:        17142 || Speed:  185.0 MC/s (1.937e-02 s/TS) || Energy: ~7.88e-23 (-48.68dB)
[@     5m41s] Timestep:        17352 || Speed:  186.0 MC/s (1.927e-02 s/TS) || Energy: ~8.17e-23 (-48.52dB)
[@     5m45s] Timestep:        17562 || Speed:  185.1 MC/s (1.936e-02 s/TS) || Energy: ~9.88e-23 (-47.69dB)
[@     5m49s] Timestep:        17772 || Speed:  185.4 MC/s (1.933e-02 s/TS) || Energy: ~8.92e-23 (-48.14dB)
[@     5m53s] Timestep:        17982 || Speed:  185.9 MC/s (1.927e-02 s/TS) || Energy: ~6.27e-23 (-49.67dB)
[@     5m57s] Timestep:        18192 || Speed:  185.2 MC/s (1.934e-02 s/TS) || Energy: ~5.60e-23 (-50.16dB)
Time for 18192 iterations with 3583125.00 cells : 357.59 sec
Speed: 182.29 MCells/s 
    [excite port 4/44]
 ---------------------------------------------------------------------- 
 | openEMS 64bit -- version v0.37.0-rc1-2-g7b051bb
 | (C) 2010-2026 Thorsten Liebig <thorsten.liebig@gmx.de>  GPL license
 ---------------------------------------------------------------------- 
	Used external libraries:
		CSXCAD -- Version: v0.7.0-rc1-1-g5115701
		hdf5   -- Version: 1.10.10
		          compiled against: HDF5 library version: 1.10.10
		tinyxml -- compiled against: 2.6.2
		fparser
		boost  -- compiled against: 1_83
		vtk -- Version: 9.1.0
		       compiled against: 9.1.0

Create FDTD operator (compressed SSE + multi-threading)
FDTD simulation size: 175x195x105 --> 3583125.00 FDTD cells 
FDTD timestep is: 0.00 s; Nyquist rate: 24 timesteps @102110454074.00 Hz
Excitation signal length is: 282 timesteps (0.00s)
Max. number of timesteps: 60000 ( --> 212.77 * Excitation signal length)
Create FDTD engine (compressed SSE + multi-threading)
Running FDTD engine... this may take a while... grab a cup of coffee?!?
[@        4s] Timestep:          102 || Speed:   86.2 MC/s (4.159e-02 s/TS) || Energy: ~6.02e-19 (- 0.00dB)
[@        8s] Timestep:          252 || Speed:  131.1 MC/s (2.734e-02 s/TS) || Energy: ~6.32e-18 (- 0.00dB)
[@       12s] Timestep:          426 || Speed:  154.5 MC/s (2.319e-02 s/TS) || Energy: ~3.34e-18 (- 2.77dB)
[@       16s] Timestep:          612 || Speed:  165.0 MC/s (2.172e-02 s/TS) || Energy: ~1.64e-18 (- 5.85dB)
[@       20s] Timestep:          816 || Speed:  180.4 MC/s (1.987e-02 s/TS) || Energy: ~1.32e-18 (- 6.79dB)
[@       24s] Timestep:         1026 || Speed:  183.2 MC/s (1.956e-02 s/TS) || Energy: ~1.17e-18 (- 7.34dB)
[@       28s] Timestep:         1230 || Speed:  180.2 MC/s (1.988e-02 s/TS) || Energy: ~7.18e-19 (- 9.44dB)
Multithreaded Engine: Best performance found using 6 threads.
[@       32s] Timestep:         1440 || Speed:  184.8 MC/s (1.939e-02 s/TS) || Energy: ~7.46e-19 (- 9.28dB)
[@       36s] Timestep:         1650 || Speed:  183.9 MC/s (1.948e-02 s/TS) || Energy: ~7.06e-19 (- 9.52dB)
[@       40s] Timestep:         1866 || Speed:  189.3 MC/s (1.892e-02 s/TS) || Energy: ~5.28e-19 (-10.78dB)
[@       44s] Timestep:         2082 || Speed:  189.2 MC/s (1.894e-02 s/TS) || Energy: ~3.70e-19 (-12.32dB)
[@       48s] Timestep:         2292 || Speed:  187.6 MC/s (1.910e-02 s/TS) || Energy: ~2.54e-19 (-13.95dB)
[@       53s] Timestep:         2508 || Speed:  188.7 MC/s (1.899e-02 s/TS) || Energy: ~2.11e-19 (-14.77dB)
[@       57s] Timestep:         2718 || Speed:  188.0 MC/s (1.906e-02 s/TS) || Energy: ~1.82e-19 (-15.42dB)
[@     1m01s] Timestep:         2934 || Speed:  188.8 MC/s (1.898e-02 s/TS) || Energy: ~1.49e-19 (-16.27dB)
[@     1m05s] Timestep:         3144 || Speed:  187.4 MC/s (1.912e-02 s/TS) || Energy: ~1.10e-19 (-17.59dB)
[@     1m09s] Timestep:         3354 || Speed:  185.6 MC/s (1.931e-02 s/TS) || Energy: ~8.82e-20 (-18.55dB)
[@     1m13s] Timestep:         3570 || Speed:  190.1 MC/s (1.885e-02 s/TS) || Energy: ~7.79e-20 (-19.09dB)
[@     1m17s] Timestep:         3780 || Speed:  187.5 MC/s (1.911e-02 s/TS) || Energy: ~7.56e-20 (-19.22dB)
[@     1m21s] Timestep:         3996 || Speed:  189.4 MC/s (1.891e-02 s/TS) || Energy: ~6.47e-20 (-19.90dB)
[@     1m25s] Timestep:         4212 || Speed:  189.3 MC/s (1.892e-02 s/TS) || Energy: ~5.17e-20 (-20.87dB)
[@     1m29s] Timestep:         4428 || Speed:  189.0 MC/s (1.896e-02 s/TS) || Energy: ~3.82e-20 (-22.19dB)
[@     1m33s] Timestep:         4644 || Speed:  189.2 MC/s (1.894e-02 s/TS) || Energy: ~2.77e-20 (-23.59dB)
[@     1m37s] Timestep:         4860 || Speed:  189.2 MC/s (1.894e-02 s/TS) || Energy: ~2.18e-20 (-24.63dB)
[@     1m41s] Timestep:         5076 || Speed:  189.2 MC/s (1.893e-02 s/TS) || Energy: ~1.97e-20 (-25.06dB)
[@     1m45s] Timestep:         5286 || Speed:  183.4 MC/s (1.954e-02 s/TS) || Energy: ~2.72e-20 (-23.67dB)
[@     1m50s] Timestep:         5502 || Speed:  189.6 MC/s (1.890e-02 s/TS) || Energy: ~2.72e-20 (-23.65dB)
[@     1m54s] Timestep:         5718 || Speed:  188.6 MC/s (1.900e-02 s/TS) || Energy: ~2.54e-20 (-23.95dB)
[@     1m58s] Timestep:         5934 || Speed:  189.2 MC/s (1.894e-02 s/TS) || Energy: ~2.18e-20 (-24.63dB)
[@     2m02s] Timestep:         6150 || Speed:  188.4 MC/s (1.902e-02 s/TS) || Energy: ~1.69e-20 (-25.72dB)
[@     2m06s] Timestep:         6366 || Speed:  188.5 MC/s (1.901e-02 s/TS) || Energy: ~1.20e-20 (-27.22dB)
[@     2m10s] Timestep:         6582 || Speed:  188.3 MC/s (1.903e-02 s/TS) || Energy: ~7.91e-21 (-29.02dB)
[@     2m14s] Timestep:         6798 || Speed:  188.6 MC/s (1.900e-02 s/TS) || Energy: ~5.37e-21 (-30.71dB)
[@     2m18s] Timestep:         7008 || Speed:  188.0 MC/s (1.906e-02 s/TS) || Energy: ~6.84e-21 (-29.66dB)
[@     2m22s] Timestep:         7218 || Speed:  185.8 MC/s (1.928e-02 s/TS) || Energy: ~1.14e-20 (-27.43dB)
[@     2m26s] Timestep:         7434 || Speed:  188.2 MC/s (1.903e-02 s/TS) || Energy: ~1.10e-20 (-27.59dB)
[@     2m30s] Timestep:         7650 || Speed:  188.5 MC/s (1.901e-02 s/TS) || Energy: ~9.52e-21 (-28.22dB)
[@     2m35s] Timestep:         7860 || Speed:  185.7 MC/s (1.930e-02 s/TS) || Energy: ~4.69e-21 (-31.29dB)
[@     2m39s] Timestep:         8070 || Speed:  184.2 MC/s (1.945e-02 s/TS) || Energy: ~2.31e-21 (-34.36dB)
[@     2m43s] Timestep:         8280 || Speed:  183.8 MC/s (1.950e-02 s/TS) || Energy: ~4.76e-21 (-31.24dB)
[@     2m47s] Timestep:         8490 || Speed:  186.6 MC/s (1.920e-02 s/TS) || Energy: ~6.55e-21 (-29.85dB)
[@     2m51s] Timestep:         8706 || Speed:  188.4 MC/s (1.902e-02 s/TS) || Energy: ~5.68e-21 (-30.47dB)
[@     2m55s] Timestep:         8922 || Speed:  188.3 MC/s (1.903e-02 s/TS) || Energy: ~4.41e-21 (-31.57dB)
[@     2m59s] Timestep:         9138 || Speed:  188.4 MC/s (1.902e-02 s/TS) || Energy: ~3.08e-21 (-33.12dB)
[@     3m03s] Timestep:         9354 || Speed:  187.6 MC/s (1.910e-02 s/TS) || Energy: ~1.99e-21 (-35.03dB)
[@     3m07s] Timestep:         9570 || Speed:  189.0 MC/s (1.896e-02 s/TS) || Energy: ~1.30e-21 (-36.86dB)
[@     3m11s] Timestep:         9786 || Speed:  189.6 MC/s (1.890e-02 s/TS) || Energy: ~1.05e-21 (-37.79dB)
[@     3m15s] Timestep:        10002 || Speed:  189.4 MC/s (1.892e-02 s/TS) || Energy: ~1.13e-21 (-37.47dB)
[@     3m20s] Timestep:        10218 || Speed:  189.8 MC/s (1.888e-02 s/TS) || Energy: ~1.39e-21 (-36.58dB)
[@     3m24s] Timestep:        10428 || Speed:  186.6 MC/s (1.921e-02 s/TS) || Energy: ~2.27e-21 (-34.46dB)
[@     3m28s] Timestep:        10644 || Speed:  188.4 MC/s (1.902e-02 s/TS) || Energy: ~2.17e-21 (-34.64dB)
[@     3m32s] Timestep:        10860 || Speed:  188.5 MC/s (1.901e-02 s/TS) || Energy: ~1.91e-21 (-35.20dB)
[@     3m36s] Timestep:        11076 || Speed:  188.3 MC/s (1.903e-02 s/TS) || Energy: ~1.55e-21 (-36.12dB)
[@     3m40s] Timestep:        11292 || Speed:  189.0 MC/s (1.896e-02 s/TS) || Energy: ~1.16e-21 (-37.37dB)
[@     3m44s] Timestep:        11508 || Speed:  188.3 MC/s (1.903e-02 s/TS) || Energy: ~8.14e-22 (-38.90dB)
[@     3m48s] Timestep:        11718 || Speed:  187.7 MC/s (1.908e-02 s/TS) || Energy: ~4.62e-22 (-41.36dB)
[@     3m52s] Timestep:        11934 || Speed:  189.3 MC/s (1.892e-02 s/TS) || Energy: ~4.88e-22 (-41.12dB)
[@     3m56s] Timestep:        12150 || Speed:  188.4 MC/s (1.902e-02 s/TS) || Energy: ~5.77e-22 (-40.40dB)
[@     4m00s] Timestep:        12360 || Speed:  186.8 MC/s (1.919e-02 s/TS) || Energy: ~9.13e-22 (-38.40dB)
[@     4m04s] Timestep:        12576 || Speed:  188.3 MC/s (1.903e-02 s/TS) || Energy: ~8.81e-22 (-38.56dB)
[@     4m09s] Timestep:        12786 || Speed:  183.5 MC/s (1.953e-02 s/TS) || Energy: ~6.06e-22 (-40.18dB)
[@     4m13s] Timestep:        13002 || Speed:  189.4 MC/s (1.892e-02 s/TS) || Energy: ~4.19e-22 (-41.79dB)
[@     4m17s] Timestep:        13218 || Speed:  188.9 MC/s (1.897e-02 s/TS) || Energy: ~2.71e-22 (-43.67dB)
[@     4m21s] Timestep:        13434 || Speed:  188.9 MC/s (1.897e-02 s/TS) || Energy: ~1.86e-22 (-45.32dB)
[@     4m25s] Timestep:        13650 || Speed:  189.0 MC/s (1.896e-02 s/TS) || Energy: ~1.65e-22 (-45.84dB)
[@     4m29s] Timestep:        13866 || Speed:  189.1 MC/s (1.895e-02 s/TS) || Energy: ~1.95e-22 (-45.10dB)
[@     4m33s] Timestep:        14082 || Speed:  190.0 MC/s (1.886e-02 s/TS) || Energy: ~2.52e-22 (-43.99dB)
[@     4m37s] Timestep:        14298 || Speed:  190.0 MC/s (1.886e-02 s/TS) || Energy: ~3.08e-22 (-43.12dB)
[@     4m41s] Timestep:        14514 || Speed:  189.0 MC/s (1.895e-02 s/TS) || Energy: ~3.41e-22 (-42.67dB)
[@     4m45s] Timestep:        14730 || Speed:  189.3 MC/s (1.893e-02 s/TS) || Energy: ~3.39e-22 (-42.70dB)
[@     4m49s] Timestep:        14940 || Speed:  187.6 MC/s (1.910e-02 s/TS) || Energy: ~2.38e-22 (-44.25dB)
[@     4m53s] Timestep:        15156 || Speed:  188.4 MC/s (1.901e-02 s/TS) || Energy: ~1.61e-22 (-45.95dB)
[@     4m58s] Timestep:        15366 || Speed:  184.7 MC/s (1.940e-02 s/TS) || Energy: ~6.82e-23 (-49.67dB)
[@     5m02s] Timestep:        15582 || Speed:  188.9 MC/s (1.897e-02 s/TS) || Energy: ~7.40e-23 (-49.31dB)
[@     5m06s] Timestep:        15798 || Speed:  188.6 MC/s (1.900e-02 s/TS) || Energy: ~9.68e-23 (-48.15dB)
[@     5m10s] Timestep:        16008 || Speed:  185.5 MC/s (1.932e-02 s/TS) || Energy: ~1.76e-22 (-45.56dB)
[@     5m14s] Timestep:        16218 || Speed:  187.0 MC/s (1.916e-02 s/TS) || Energy: ~1.60e-22 (-45.97dB)
[@     5m18s] Timestep:        16434 || Speed:  188.8 MC/s (1.898e-02 s/TS) || Energy: ~1.22e-22 (-47.15dB)
[@     5m22s] Timestep:        16650 || Speed:  188.5 MC/s (1.900e-02 s/TS) || Energy: ~8.61e-23 (-48.66dB)
[@     5m26s] Timestep:        16866 || Speed:  189.2 MC/s (1.894e-02 s/TS) || Energy: ~5.93e-23 (-50.28dB)
Time for 16866 iterations with 3583125.00 cells : 326.60 sec
Speed: 185.04 MCells/s 
    [excite port 5/44]
 ---------------------------------------------------------------------- 
 | openEMS 64bit -- version v0.37.0-rc1-2-g7b051bb
 | (C) 2010-2026 Thorsten Liebig <thorsten.liebig@gmx.de>  GPL license
 ---------------------------------------------------------------------- 
	Used external libraries:
		CSXCAD -- Version: v0.7.0-rc1-1-g5115701
		hdf5   -- Version: 1.10.10
		          compiled against: HDF5 library version: 1.10.10
		tinyxml -- compiled against: 2.6.2
		fparser
		boost  -- compiled against: 1_83
		vtk -- Version: 9.1.0
		       compiled against: 9.1.0

Create FDTD operator (compressed SSE + multi-threading)
FDTD simulation size: 175x195x105 --> 3583125.00 FDTD cells 
FDTD timestep is: 0.00 s; Nyquist rate: 24 timesteps @102110454074.00 Hz
Excitation signal length is: 282 timesteps (0.00s)
Max. number of timesteps: 60000 ( --> 212.77 * Excitation signal length)
Create FDTD engine (compressed SSE + multi-threading)
Running FDTD engine... this may take a while... grab a cup of coffee?!?
[@        4s] Timestep:          102 || Speed:   87.5 MC/s (4.095e-02 s/TS) || Energy: ~5.90e-19 (- 0.00dB)
[@        8s] Timestep:          264 || Speed:  142.3 MC/s (2.518e-02 s/TS) || Energy: ~6.18e-18 (- 0.00dB)
[@       12s] Timestep:          456 || Speed:  167.6 MC/s (2.138e-02 s/TS) || Energy: ~1.96e-18 (- 4.98dB)
[@       16s] Timestep:          660 || Speed:  178.0 MC/s (2.013e-02 s/TS) || Energy: ~1.09e-18 (- 7.52dB)
[@       20s] Timestep:          870 || Speed:  184.5 MC/s (1.942e-02 s/TS) || Energy: ~8.33e-19 (- 8.70dB)
[@       24s] Timestep:         1074 || Speed:  181.5 MC/s (1.974e-02 s/TS) || Energy: ~7.68e-19 (- 9.05dB)
Multithreaded Engine: Best performance found using 5 threads.
[@       28s] Timestep:         1284 || Speed:  184.4 MC/s (1.944e-02 s/TS) || Energy: ~6.86e-19 (- 9.55dB)
[@       32s] Timestep:         1494 || Speed:  185.6 MC/s (1.930e-02 s/TS) || Energy: ~5.34e-19 (-10.63dB)
[@       36s] Timestep:         1704 || Speed:  185.7 MC/s (1.930e-02 s/TS) || Energy: ~4.23e-19 (-11.64dB)
[@       40s] Timestep:         1914 || Speed:  185.6 MC/s (1.930e-02 s/TS) || Energy: ~4.24e-19 (-11.63dB)
[@       44s] Timestep:         2124 || Speed:  185.3 MC/s (1.934e-02 s/TS) || Energy: ~3.13e-19 (-12.95dB)
[@       48s] Timestep:         2328 || Speed:  179.1 MC/s (2.000e-02 s/TS) || Energy: ~2.01e-19 (-14.88dB)
[@       53s] Timestep:         2532 || Speed:  180.5 MC/s (1.985e-02 s/TS) || Energy: ~2.45e-19 (-14.02dB)
[@       57s] Timestep:         2742 || Speed:  185.4 MC/s (1.932e-02 s/TS) || Energy: ~1.68e-19 (-15.66dB)
[@     1m01s] Timestep:         2952 || Speed:  185.6 MC/s (1.931e-02 s/TS) || Energy: ~1.10e-19 (-17.51dB)
[@     1m05s] Timestep:         3162 || Speed:  186.0 MC/s (1.927e-02 s/TS) || Energy: ~1.08e-19 (-17.56dB)
[@     1m09s] Timestep:         3372 || Speed:  185.5 MC/s (1.931e-02 s/TS) || Energy: ~1.21e-19 (-17.07dB)
[@     1m13s] Timestep:         3582 || Speed:  183.5 MC/s (1.952e-02 s/TS) || Energy: ~9.68e-20 (-18.05dB)
[@     1m17s] Timestep:         3792 || Speed:  183.8 MC/s (1.949e-02 s/TS) || Energy: ~5.98e-20 (-20.14dB)
[@     1m21s] Timestep:         4002 || Speed:  185.6 MC/s (1.930e-02 s/TS) || Energy: ~5.22e-20 (-20.73dB)
[@     1m25s] Timestep:         4212 || Speed:  185.5 MC/s (1.931e-02 s/TS) || Energy: ~6.11e-20 (-20.05dB)
[@     1m29s] Timestep:         4422 || Speed:  185.6 MC/s (1.930e-02 s/TS) || Energy: ~5.48e-20 (-20.52dB)
[@     1m33s] Timestep:         4632 || Speed:  185.9 MC/s (1.927e-02 s/TS) || Energy: ~3.65e-20 (-22.29dB)
[@     1m37s] Timestep:         4842 || Speed:  183.5 MC/s (1.952e-02 s/TS) || Energy: ~2.88e-20 (-23.31dB)
[@     1m41s] Timestep:         5052 || Speed:  184.5 MC/s (1.942e-02 s/TS) || Energy: ~3.21e-20 (-22.84dB)
[@     1m45s] Timestep:         5262 || Speed:  183.8 MC/s (1.949e-02 s/TS) || Energy: ~3.17e-20 (-22.90dB)
[@     1m49s] Timestep:         5472 || Speed:  184.7 MC/s (1.940e-02 s/TS) || Energy: ~2.40e-20 (-24.11dB)
[@     1m54s] Timestep:         5682 || Speed:  185.0 MC/s (1.937e-02 s/TS) || Energy: ~1.77e-20 (-25.44dB)
[@     1m58s] Timestep:         5892 || Speed:  185.7 MC/s (1.930e-02 s/TS) || Energy: ~1.77e-20 (-25.43dB)
[@     2m02s] Timestep:         6096 || Speed:  181.0 MC/s (1.980e-02 s/TS) || Energy: ~1.79e-20 (-25.39dB)
[@     2m06s] Timestep:         6306 || Speed:  186.0 MC/s (1.926e-02 s/TS) || Energy: ~1.36e-20 (-26.59dB)
[@     2m10s] Timestep:         6516 || Speed:  184.3 MC/s (1.945e-02 s/TS) || Energy: ~1.15e-20 (-27.31dB)
[@     2m14s] Timestep:         6726 || Speed:  184.7 MC/s (1.940e-02 s/TS) || Energy: ~1.12e-20 (-27.41dB)
[@     2m18s] Timestep:         6936 || Speed:  183.8 MC/s (1.950e-02 s/TS) || Energy: ~1.05e-20 (-27.71dB)
[@     2m22s] Timestep:         7146 || Speed:  185.5 MC/s (1.931e-02 s/TS) || Energy: ~9.00e-21 (-28.37dB)
[@     2m26s] Timestep:         7356 || Speed:  185.0 MC/s (1.937e-02 s/TS) || Energy: ~7.62e-21 (-29.09dB)
[@     2m30s] Timestep:         7566 || Speed:  186.9 MC/s (1.917e-02 s/TS) || Energy: ~6.55e-21 (-29.75dB)
[@     2m34s] Timestep:         7776 || Speed:  185.5 MC/s (1.932e-02 s/TS) || Energy: ~6.02e-21 (-30.11dB)
[@     2m38s] Timestep:         7986 || Speed:  185.9 MC/s (1.927e-02 s/TS) || Energy: ~5.93e-21 (-30.18dB)
[@     2m42s] Timestep:         8190 || Speed:  178.7 MC/s (2.005e-02 s/TS) || Energy: ~4.82e-21 (-31.08dB)
[@     2m46s] Timestep:         8364 || Speed:  155.2 MC/s (2.308e-02 s/TS) || Energy: ~4.20e-21 (-31.67dB)
[@     2m50s] Timestep:         8556 || Speed:  170.6 MC/s (2.101e-02 s/TS) || Energy: ~4.66e-21 (-31.23dB)
[@     2m54s] Timestep:         8760 || Speed:  178.2 MC/s (2.011e-02 s/TS) || Energy: ~3.27e-21 (-32.76dB)
[@     2m59s] Timestep:         8964 || Speed:  179.0 MC/s (2.002e-02 s/TS) || Energy: ~3.14e-21 (-32.94dB)
[@     3m03s] Timestep:         9168 || Speed:  180.5 MC/s (1.986e-02 s/TS) || Energy: ~3.48e-21 (-32.50dB)
[@     3m07s] Timestep:         9378 || Speed:  183.1 MC/s (1.957e-02 s/TS) || Energy: ~2.30e-21 (-34.29dB)
[@     3m11s] Timestep:         9582 || Speed:  181.8 MC/s (1.971e-02 s/TS) || Energy: ~2.21e-21 (-34.46dB)
[@     3m15s] Timestep:         9792 || Speed:  183.0 MC/s (1.958e-02 s/TS) || Energy: ~2.73e-21 (-33.55dB)
[@     3m19s] Timestep:         9996 || Speed:  182.4 MC/s (1.965e-02 s/TS) || Energy: ~1.64e-21 (-35.76dB)
[@     3m23s] Timestep:        10200 || Speed:  182.3 MC/s (1.965e-02 s/TS) || Energy: ~1.56e-21 (-35.99dB)
[@     3m27s] Timestep:        10410 || Speed:  183.6 MC/s (1.952e-02 s/TS) || Energy: ~2.08e-21 (-34.72dB)
[@     3m31s] Timestep:        10620 || Speed:  182.9 MC/s (1.959e-02 s/TS) || Energy: ~1.63e-21 (-35.78dB)
[@     3m35s] Timestep:        10830 || Speed:  183.5 MC/s (1.952e-02 s/TS) || Energy: ~8.22e-22 (-38.76dB)
[@     3m39s] Timestep:        11034 || Speed:  182.3 MC/s (1.966e-02 s/TS) || Energy: ~1.27e-21 (-36.88dB)
[@     3m43s] Timestep:        11244 || Speed:  183.7 MC/s (1.951e-02 s/TS) || Energy: ~1.46e-21 (-36.26dB)
[@     3m47s] Timestep:        11454 || Speed:  183.0 MC/s (1.958e-02 s/TS) || Energy: ~8.77e-22 (-38.48dB)
[@     3m51s] Timestep:        11664 || Speed:  184.0 MC/s (1.947e-02 s/TS) || Energy: ~4.52e-22 (-41.36dB)
[@     3m56s] Timestep:        11874 || Speed:  183.8 MC/s (1.950e-02 s/TS) || Energy: ~7.37e-22 (-39.23dB)
[@     4m00s] Timestep:        12084 || Speed:  184.6 MC/s (1.941e-02 s/TS) || Energy: ~9.98e-22 (-37.92dB)
[@     4m04s] Timestep:        12294 || Speed:  184.0 MC/s (1.947e-02 s/TS) || Energy: ~6.72e-22 (-39.64dB)
[@     4m08s] Timestep:        12498 || Speed:  181.9 MC/s (1.970e-02 s/TS) || Energy: ~3.25e-22 (-42.80dB)
[@     4m12s] Timestep:        12708 || Speed:  183.5 MC/s (1.953e-02 s/TS) || Energy: ~6.10e-22 (-40.06dB)
[@     4m16s] Timestep:        12918 || Speed:  183.2 MC/s (1.956e-02 s/TS) || Energy: ~6.55e-22 (-39.75dB)
[@     4m20s] Timestep:        13128 || Speed:  183.6 MC/s (1.952e-02 s/TS) || Energy: ~3.49e-22 (-42.48dB)
[@     4m24s] Timestep:        13338 || Speed:  183.8 MC/s (1.949e-02 s/TS) || Energy: ~1.90e-22 (-45.12dB)
[@     4m28s] Timestep:        13542 || Speed:  182.1 MC/s (1.968e-02 s/TS) || Energy: ~4.61e-22 (-41.27dB)
[@     4m32s] Timestep:        13752 || Speed:  182.8 MC/s (1.960e-02 s/TS) || Energy: ~3.93e-22 (-41.96dB)
[@     4m36s] Timestep:        13956 || Speed:  182.6 MC/s (1.963e-02 s/TS) || Energy: ~1.42e-22 (-46.39dB)
[@     4m40s] Timestep:        14166 || Speed:  183.4 MC/s (1.953e-02 s/TS) || Energy: ~2.34e-22 (-44.21dB)
[@     4m44s] Timestep:        14376 || Speed:  183.8 MC/s (1.949e-02 s/TS) || Energy: ~3.18e-22 (-42.88dB)
[@     4m49s] Timestep:        14586 || Speed:  183.8 MC/s (1.949e-02 s/TS) || Energy: ~2.24e-22 (-44.41dB)
[@     4m53s] Timestep:        14796 || Speed:  183.9 MC/s (1.949e-02 s/TS) || Energy: ~1.06e-22 (-47.66dB)
[@     4m57s] Timestep:        15000 || Speed:  182.5 MC/s (1.963e-02 s/TS) || Energy: ~1.84e-22 (-45.25dB)
[@     5m01s] Timestep:        15210 || Speed:  183.9 MC/s (1.948e-02 s/TS) || Energy: ~2.06e-22 (-44.77dB)
[@     5m05s] Timestep:        15420 || Speed:  183.2 MC/s (1.956e-02 s/TS) || Energy: ~1.26e-22 (-46.91dB)
[@     5m09s] Timestep:        15624 || Speed:  182.3 MC/s (1.965e-02 s/TS) || Energy: ~8.63e-23 (-48.55dB)
[@     5m13s] Timestep:        15828 || Speed:  182.0 MC/s (1.969e-02 s/TS) || Energy: ~1.50e-22 (-46.14dB)
[@     5m17s] Timestep:        16032 || Speed:  181.3 MC/s (1.976e-02 s/TS) || Energy: ~7.16e-23 (-49.36dB)
[@     5m21s] Timestep:        16236 || Speed:  179.2 MC/s (2.000e-02 s/TS) || Energy: ~8.47e-23 (-48.63dB)
[@     5m25s] Timestep:        16434 || Speed:  176.9 MC/s (2.026e-02 s/TS) || Energy: ~8.19e-23 (-48.78dB)
[@     5m29s] Timestep:        16632 || Speed:  176.4 MC/s (2.031e-02 s/TS) || Energy: ~7.10e-23 (-49.39dB)
[@     5m33s] Timestep:        16830 || Speed:  177.0 MC/s (2.025e-02 s/TS) || Energy: ~6.62e-23 (-49.70dB)
[@     5m37s] Timestep:        17034 || Speed:  181.2 MC/s (1.978e-02 s/TS) || Energy: ~4.37e-23 (-51.51dB)
Time for 17034 iterations with 3583125.00 cells : 337.55 sec
Speed: 180.82 MCells/s 
    [excite port 6/44]
 ---------------------------------------------------------------------- 
 | openEMS 64bit -- version v0.37.0-rc1-2-g7b051bb
 | (C) 2010-2026 Thorsten Liebig <thorsten.liebig@gmx.de>  GPL license
 ---------------------------------------------------------------------- 
	Used external libraries:
		CSXCAD -- Version: v0.7.0-rc1-1-g5115701
		hdf5   -- Version: 1.10.10
		          compiled against: HDF5 library version: 1.10.10
		tinyxml -- compiled against: 2.6.2
		fparser
		boost  -- compiled against: 1_83
		vtk -- Version: 9.1.0
		       compiled against: 9.1.0

Create FDTD operator (compressed SSE + multi-threading)
FDTD simulation size: 175x195x105 --> 3583125.00 FDTD cells 
FDTD timestep is: 0.00 s; Nyquist rate: 24 timesteps @102110454074.00 Hz
Excitation signal length is: 282 timesteps (0.00s)
Max. number of timesteps: 60000 ( --> 212.77 * Excitation signal length)
Create FDTD engine (compressed SSE + multi-threading)
Running FDTD engine... this may take a while... grab a cup of coffee?!?
[@        4s] Timestep:          102 || Speed:   88.2 MC/s (4.063e-02 s/TS) || Energy: ~5.90e-19 (- 0.00dB)
[@        8s] Timestep:          252 || Speed:  131.9 MC/s (2.717e-02 s/TS) || Energy: ~6.39e-18 (- 0.00dB)
[@       12s] Timestep:          438 || Speed:  162.7 MC/s (2.203e-02 s/TS) || Energy: ~2.51e-18 (- 4.05dB)
[@       16s] Timestep:          636 || Speed:  174.4 MC/s (2.055e-02 s/TS) || Energy: ~1.51e-18 (- 6.27dB)
[@       20s] Timestep:          846 || Speed:  183.1 MC/s (1.957e-02 s/TS) || Energy: ~8.99e-19 (- 8.51dB)
[@       24s] Timestep:         1056 || Speed:  186.1 MC/s (1.925e-02 s/TS) || Energy: ~7.04e-19 (- 9.58dB)
[@       28s] Timestep:         1272 || Speed:  189.6 MC/s (1.890e-02 s/TS) || Energy: ~6.78e-19 (- 9.74dB)
[@       32s] Timestep:         1482 || Speed:  183.4 MC/s (1.954e-02 s/TS) || Energy: ~5.30e-19 (-10.81dB)
Multithreaded Engine: Best performance found using 7 threads.
[@       36s] Timestep:         1692 || Speed:  187.5 MC/s (1.911e-02 s/TS) || Energy: ~3.99e-19 (-12.04dB)
[@       40s] Timestep:         1908 || Speed:  189.1 MC/s (1.894e-02 s/TS) || Energy: ~3.87e-19 (-12.18dB)
[@       44s] Timestep:         2124 || Speed:  188.7 MC/s (1.899e-02 s/TS) || Energy: ~3.69e-19 (-12.38dB)
[@       49s] Timestep:         2334 || Speed:  184.1 MC/s (1.946e-02 s/TS) || Energy: ~3.11e-19 (-13.12dB)
[@       53s] Timestep:         2544 || Speed:  186.7 MC/s (1.919e-02 s/TS) || Energy: ~2.10e-19 (-14.83dB)
[@       57s] Timestep:         2760 || Speed:  188.7 MC/s (1.899e-02 s/TS) || Energy: ~1.67e-19 (-15.83dB)
[@     1m01s] Timestep:         2976 || Speed:  188.9 MC/s (1.897e-02 s/TS) || Energy: ~1.39e-19 (-16.62dB)
[@     1m05s] Timestep:         3192 || Speed:  188.5 MC/s (1.901e-02 s/TS) || Energy: ~1.14e-19 (-17.47dB)
[@     1m09s] Timestep:         3402 || Speed:  186.5 MC/s (1.921e-02 s/TS) || Energy: ~9.59e-20 (-18.23dB)
[@     1m13s] Timestep:         3612 || Speed:  185.1 MC/s (1.935e-02 s/TS) || Energy: ~9.47e-20 (-18.29dB)
[@     1m17s] Timestep:         3822 || Speed:  186.0 MC/s (1.927e-02 s/TS) || Energy: ~8.70e-20 (-18.66dB)
[@     1m21s] Timestep:         4038 || Speed:  188.1 MC/s (1.905e-02 s/TS) || Energy: ~6.94e-20 (-19.64dB)
[@     1m25s] Timestep:         4254 || Speed:  189.5 MC/s (1.891e-02 s/TS) || Energy: ~5.17e-20 (-20.92dB)
[@     1m29s] Timestep:         4470 || Speed:  189.7 MC/s (1.888e-02 s/TS) || Energy: ~3.78e-20 (-22.28dB)
[@     1m33s] Timestep:         4686 || Speed:  188.9 MC/s (1.897e-02 s/TS) || Energy: ~3.00e-20 (-23.27dB)
[@     1m37s] Timestep:         4896 || Speed:  187.4 MC/s (1.912e-02 s/TS) || Energy: ~3.58e-20 (-22.51dB)
[@     1m41s] Timestep:         5112 || Speed:  188.7 MC/s (1.899e-02 s/TS) || Energy: ~3.75e-20 (-22.31dB)
[@     1m46s] Timestep:         5322 || Speed:  183.1 MC/s (1.957e-02 s/TS) || Energy: ~3.71e-20 (-22.35dB)
[@     1m50s] Timestep:         5538 || Speed:  189.2 MC/s (1.894e-02 s/TS) || Energy: ~2.92e-20 (-23.41dB)
[@     1m54s] Timestep:         5748 || Speed:  187.5 MC/s (1.911e-02 s/TS) || Energy: ~1.53e-20 (-26.22dB)
[@     1m58s] Timestep:         5964 || Speed:  189.6 MC/s (1.890e-02 s/TS) || Energy: ~1.24e-20 (-27.13dB)
[@     2m02s] Timestep:         6180 || Speed:  189.1 MC/s (1.895e-02 s/TS) || Energy: ~1.27e-20 (-27.02dB)
[@     2m06s] Timestep:         6396 || Speed:  189.2 MC/s (1.894e-02 s/TS) || Energy: ~1.46e-20 (-26.41dB)
[@     2m10s] Timestep:         6612 || Speed:  189.0 MC/s (1.896e-02 s/TS) || Energy: ~1.63e-20 (-25.93dB)
[@     2m14s] Timestep:         6828 || Speed:  188.2 MC/s (1.904e-02 s/TS) || Energy: ~1.65e-20 (-25.87dB)
[@     2m18s] Timestep:         7044 || Speed:  189.0 MC/s (1.896e-02 s/TS) || Energy: ~1.49e-20 (-26.31dB)
[@     2m22s] Timestep:         7260 || Speed:  189.0 MC/s (1.896e-02 s/TS) || Energy: ~1.19e-20 (-27.29dB)
[@     2m26s] Timestep:         7470 || Speed:  187.9 MC/s (1.907e-02 s/TS) || Energy: ~5.90e-21 (-30.34dB)
[@     2m30s] Timestep:         7686 || Speed:  189.7 MC/s (1.889e-02 s/TS) || Energy: ~4.42e-21 (-31.60dB)
[@     2m35s] Timestep:         7896 || Speed:  183.2 MC/s (1.956e-02 s/TS) || Energy: ~6.24e-21 (-30.10dB)
[@     2m39s] Timestep:         8112 || Speed:  188.4 MC/s (1.902e-02 s/TS) || Energy: ~7.07e-21 (-29.56dB)
[@     2m43s] Timestep:         8328 || Speed:  189.7 MC/s (1.889e-02 s/TS) || Energy: ~7.21e-21 (-29.47dB)
[@     2m47s] Timestep:         8544 || Speed:  189.6 MC/s (1.890e-02 s/TS) || Energy: ~6.52e-21 (-29.91dB)
[@     2m51s] Timestep:         8760 || Speed:  189.5 MC/s (1.891e-02 s/TS) || Energy: ~5.23e-21 (-30.87dB)
[@     2m55s] Timestep:         8976 || Speed:  188.7 MC/s (1.899e-02 s/TS) || Energy: ~3.79e-21 (-32.27dB)
[@     2m59s] Timestep:         9192 || Speed:  189.2 MC/s (1.893e-02 s/TS) || Energy: ~2.58e-21 (-33.94dB)
[@     3m03s] Timestep:         9408 || Speed:  189.3 MC/s (1.893e-02 s/TS) || Energy: ~1.84e-21 (-35.40dB)
[@     3m07s] Timestep:         9624 || Speed:  189.9 MC/s (1.887e-02 s/TS) || Energy: ~1.59e-21 (-36.03dB)
[@     3m11s] Timestep:         9840 || Speed:  188.6 MC/s (1.900e-02 s/TS) || Energy: ~1.70e-21 (-35.76dB)
[@     3m15s] Timestep:        10056 || Speed:  189.4 MC/s (1.892e-02 s/TS) || Energy: ~1.94e-21 (-35.19dB)
[@     3m19s] Timestep:        10266 || Speed:  186.6 MC/s (1.921e-02 s/TS) || Energy: ~2.49e-21 (-34.08dB)
[@     3m24s] Timestep:        10482 || Speed:  189.0 MC/s (1.895e-02 s/TS) || Energy: ~2.21e-21 (-34.62dB)
[@     3m28s] Timestep:        10698 || Speed:  189.4 MC/s (1.892e-02 s/TS) || Energy: ~1.79e-21 (-35.52dB)
[@     3m32s] Timestep:        10914 || Speed:  188.3 MC/s (1.903e-02 s/TS) || Energy: ~1.36e-21 (-36.72dB)
[@     3m36s] Timestep:        11130 || Speed:  189.5 MC/s (1.891e-02 s/TS) || Energy: ~9.94e-22 (-38.08dB)
[@     3m40s] Timestep:        11346 || Speed:  189.0 MC/s (1.896e-02 s/TS) || Energy: ~7.43e-22 (-39.35dB)
[@     3m44s] Timestep:        11556 || Speed:  186.1 MC/s (1.925e-02 s/TS) || Energy: ~7.14e-22 (-39.52dB)
[@     3m48s] Timestep:        11772 || Speed:  189.6 MC/s (1.890e-02 s/TS) || Energy: ~7.74e-22 (-39.17dB)
[@     3m52s] Timestep:        11988 || Speed:  188.6 MC/s (1.900e-02 s/TS) || Energy: ~8.30e-22 (-38.86dB)
[@     3m56s] Timestep:        12204 || Speed:  189.1 MC/s (1.895e-02 s/TS) || Energy: ~8.48e-22 (-38.77dB)
[@     4m00s] Timestep:        12420 || Speed:  188.9 MC/s (1.897e-02 s/TS) || Energy: ~8.10e-22 (-38.97dB)
[@     4m04s] Timestep:        12636 || Speed:  189.1 MC/s (1.895e-02 s/TS) || Energy: ~7.18e-22 (-39.49dB)
[@     4m09s] Timestep:        12852 || Speed:  188.5 MC/s (1.901e-02 s/TS) || Energy: ~5.88e-22 (-40.36dB)
[@     4m13s] Timestep:        13062 || Speed:  187.3 MC/s (1.913e-02 s/TS) || Energy: ~3.14e-22 (-43.08dB)
[@     4m17s] Timestep:        13278 || Speed:  189.5 MC/s (1.891e-02 s/TS) || Energy: ~2.35e-22 (-44.34dB)
[@     4m21s] Timestep:        13494 || Speed:  189.4 MC/s (1.891e-02 s/TS) || Energy: ~2.09e-22 (-44.84dB)
[@     4m25s] Timestep:        13704 || Speed:  185.6 MC/s (1.931e-02 s/TS) || Energy: ~3.34e-22 (-42.82dB)
[@     4m29s] Timestep:        13914 || Speed:  185.5 MC/s (1.932e-02 s/TS) || Energy: ~4.02e-22 (-42.02dB)
[@     4m33s] Timestep:        14130 || Speed:  189.0 MC/s (1.896e-02 s/TS) || Energy: ~3.42e-22 (-42.71dB)
[@     4m37s] Timestep:        14346 || Speed:  189.5 MC/s (1.891e-02 s/TS) || Energy: ~2.62e-22 (-43.87dB)
[@     4m41s] Timestep:        14562 || Speed:  189.0 MC/s (1.896e-02 s/TS) || Energy: ~1.81e-22 (-45.48dB)
[@     4m45s] Timestep:        14778 || Speed:  188.8 MC/s (1.898e-02 s/TS) || Energy: ~1.18e-22 (-47.33dB)
[@     4m49s] Timestep:        14988 || Speed:  188.1 MC/s (1.905e-02 s/TS) || Energy: ~9.98e-23 (-48.06dB)
[@     4m53s] Timestep:        15204 || Speed:  189.5 MC/s (1.891e-02 s/TS) || Energy: ~1.23e-22 (-47.16dB)
[@     4m57s] Timestep:        15420 || Speed:  189.5 MC/s (1.891e-02 s/TS) || Energy: ~1.47e-22 (-46.38dB)
[@     5m02s] Timestep:        15636 || Speed:  189.0 MC/s (1.896e-02 s/TS) || Energy: ~1.60e-22 (-46.02dB)
[@     5m06s] Timestep:        15846 || Speed:  187.8 MC/s (1.908e-02 s/TS) || Energy: ~1.41e-22 (-46.55dB)
[@     5m10s] Timestep:        16056 || Speed:  187.8 MC/s (1.908e-02 s/TS) || Energy: ~6.57e-23 (-49.88dB)
[@     5m14s] Timestep:        16272 || Speed:  189.0 MC/s (1.896e-02 s/TS) || Energy: ~4.46e-23 (-51.56dB)
Time for 16272 iterations with 3583125.00 cells : 314.13 sec
Speed: 185.60 MCells/s 
    [excite port 7/44]
 ---------------------------------------------------------------------- 
 | openEMS 64bit -- version v0.37.0-rc1-2-g7b051bb
 | (C) 2010-2026 Thorsten Liebig <thorsten.liebig@gmx.de>  GPL license
 ---------------------------------------------------------------------- 
	Used external libraries:
		CSXCAD -- Version: v0.7.0-rc1-1-g5115701
		hdf5   -- Version: 1.10.10
		          compiled against: HDF5 library version: 1.10.10
		tinyxml -- compiled against: 2.6.2
		fparser
		boost  -- compiled against: 1_83
		vtk -- Version: 9.1.0
		       compiled against: 9.1.0

Create FDTD operator (compressed SSE + multi-threading)
FDTD simulation size: 175x195x105 --> 3583125.00 FDTD cells 
FDTD timestep is: 0.00 s; Nyquist rate: 24 timesteps @102110454074.00 Hz
Excitation signal length is: 282 timesteps (0.00s)
Max. number of timesteps: 60000 ( --> 212.77 * Excitation signal length)
Create FDTD engine (compressed SSE + multi-threading)
Running FDTD engine... this may take a while... grab a cup of coffee?!?
[@        4s] Timestep:          102 || Speed:   87.4 MC/s (4.102e-02 s/TS) || Energy: ~6.02e-19 (- 0.00dB)
[@        8s] Timestep:          246 || Speed:  128.8 MC/s (2.783e-02 s/TS) || Energy: ~5.76e-18 (- 0.00dB)
[@       12s] Timestep:          426 || Speed:  156.5 MC/s (2.289e-02 s/TS) || Energy: ~2.05e-18 (- 4.48dB)
[@       16s] Timestep:          618 || Speed:  169.2 MC/s (2.118e-02 s/TS) || Energy: ~1.17e-18 (- 6.94dB)
[@       20s] Timestep:          822 || Speed:  179.9 MC/s (1.992e-02 s/TS) || Energy: ~1.04e-18 (- 7.42dB)
[@       24s] Timestep:         1032 || Speed:  184.2 MC/s (1.945e-02 s/TS) || Energy: ~1.00e-18 (- 7.59dB)
[@       28s] Timestep:         1242 || Speed:  185.0 MC/s (1.937e-02 s/TS) || Energy: ~6.46e-19 (- 9.50dB)
[@       32s] Timestep:         1446 || Speed:  182.6 MC/s (1.962e-02 s/TS) || Energy: ~6.09e-19 (- 9.76dB)
Multithreaded Engine: Best performance found using 7 threads.
[@       36s] Timestep:         1662 || Speed:  188.2 MC/s (1.904e-02 s/TS) || Energy: ~5.10e-19 (-10.53dB)
[@       40s] Timestep:         1878 || Speed:  188.8 MC/s (1.898e-02 s/TS) || Energy: ~4.00e-19 (-11.58dB)
[@       44s] Timestep:         2082 || Speed:  181.3 MC/s (1.976e-02 s/TS) || Energy: ~3.20e-19 (-12.56dB)
[@       48s] Timestep:         2292 || Speed:  185.6 MC/s (1.930e-02 s/TS) || Energy: ~2.43e-19 (-13.75dB)
[@       52s] Timestep:         2502 || Speed:  187.6 MC/s (1.910e-02 s/TS) || Energy: ~1.82e-19 (-15.01dB)
[@       56s] Timestep:         2712 || Speed:  186.3 MC/s (1.924e-02 s/TS) || Energy: ~1.79e-19 (-15.06dB)
[@     1m01s] Timestep:         2928 || Speed:  188.7 MC/s (1.899e-02 s/TS) || Energy: ~1.60e-19 (-15.55dB)
[@     1m05s] Timestep:         3144 || Speed:  188.4 MC/s (1.902e-02 s/TS) || Energy: ~1.44e-19 (-16.01dB)
[@     1m09s] Timestep:         3360 || Speed:  189.8 MC/s (1.888e-02 s/TS) || Energy: ~1.22e-19 (-16.74dB)
[@     1m13s] Timestep:         3576 || Speed:  189.4 MC/s (1.891e-02 s/TS) || Energy: ~9.35e-20 (-17.89dB)
[@     1m17s] Timestep:         3792 || Speed:  188.6 MC/s (1.900e-02 s/TS) || Energy: ~6.69e-20 (-19.35dB)
[@     1m21s] Timestep:         4002 || Speed:  187.6 MC/s (1.910e-02 s/TS) || Energy: ~4.08e-20 (-21.50dB)
[@     1m25s] Timestep:         4218 || Speed:  188.6 MC/s (1.900e-02 s/TS) || Energy: ~3.82e-20 (-21.79dB)
[@     1m29s] Timestep:         4428 || Speed:  187.6 MC/s (1.910e-02 s/TS) || Energy: ~5.69e-20 (-20.05dB)
[@     1m33s] Timestep:         4644 || Speed:  189.6 MC/s (1.890e-02 s/TS) || Energy: ~5.81e-20 (-19.96dB)
[@     1m37s] Timestep:         4854 || Speed:  187.8 MC/s (1.908e-02 s/TS) || Energy: ~4.68e-20 (-20.90dB)
[@     1m41s] Timestep:         5064 || Speed:  185.2 MC/s (1.935e-02 s/TS) || Energy: ~2.26e-20 (-24.07dB)
[@     1m45s] Timestep:         5280 || Speed:  189.5 MC/s (1.890e-02 s/TS) || Energy: ~1.70e-20 (-25.30dB)
[@     1m49s] Timestep:         5496 || Speed:  189.3 MC/s (1.893e-02 s/TS) || Energy: ~1.66e-20 (-25.40dB)
[@     1m53s] Timestep:         5712 || Speed:  189.0 MC/s (1.896e-02 s/TS) || Energy: ~1.90e-20 (-24.81dB)
[@     1m58s] Timestep:         5928 || Speed:  188.7 MC/s (1.899e-02 s/TS) || Energy: ~2.21e-20 (-24.15dB)
[@     2m02s] Timestep:         6144 || Speed:  189.7 MC/s (1.889e-02 s/TS) || Energy: ~2.42e-20 (-23.77dB)
[@     2m06s] Timestep:         6360 || Speed:  189.5 MC/s (1.891e-02 s/TS) || Energy: ~2.40e-20 (-23.80dB)
[@     2m10s] Timestep:         6576 || Speed:  189.7 MC/s (1.889e-02 s/TS) || Energy: ~2.16e-20 (-24.27dB)
[@     2m14s] Timestep:         6786 || Speed:  187.1 MC/s (1.915e-02 s/TS) || Energy: ~1.36e-20 (-26.26dB)
[@     2m18s] Timestep:         6996 || Speed:  187.3 MC/s (1.913e-02 s/TS) || Energy: ~8.23e-21 (-28.45dB)
[@     2m22s] Timestep:         7206 || Speed:  186.5 MC/s (1.922e-02 s/TS) || Energy: ~1.05e-20 (-27.38dB)
[@     2m26s] Timestep:         7404 || Speed:  177.1 MC/s (2.023e-02 s/TS) || Energy: ~1.12e-20 (-27.10dB)
[@     2m30s] Timestep:         7608 || Speed:  181.2 MC/s (1.977e-02 s/TS) || Energy: ~6.77e-21 (-29.30dB)
[@     2m34s] Timestep:         7818 || Speed:  182.9 MC/s (1.959e-02 s/TS) || Energy: ~9.03e-21 (-28.05dB)
[@     2m38s] Timestep:         8028 || Speed:  185.9 MC/s (1.928e-02 s/TS) || Energy: ~9.65e-21 (-27.76dB)
[@     2m42s] Timestep:         8232 || Speed:  181.2 MC/s (1.977e-02 s/TS) || Energy: ~5.75e-21 (-30.01dB)
[@     2m46s] Timestep:         8442 || Speed:  184.1 MC/s (1.946e-02 s/TS) || Energy: ~4.93e-21 (-30.67dB)
[@     2m50s] Timestep:         8658 || Speed:  189.6 MC/s (1.890e-02 s/TS) || Energy: ~4.92e-21 (-30.68dB)
[@     2m54s] Timestep:         8874 || Speed:  188.8 MC/s (1.897e-02 s/TS) || Energy: ~4.94e-21 (-30.66dB)
[@     2m58s] Timestep:         9090 || Speed:  188.8 MC/s (1.898e-02 s/TS) || Energy: ~4.87e-21 (-30.72dB)
[@     3m03s] Timestep:         9306 || Speed:  189.2 MC/s (1.894e-02 s/TS) || Energy: ~4.64e-21 (-30.94dB)
[@     3m07s] Timestep:         9522 || Speed:  188.7 MC/s (1.899e-02 s/TS) || Energy: ~4.26e-21 (-31.30dB)
[@     3m11s] Timestep:         9738 || Speed:  189.9 MC/s (1.887e-02 s/TS) || Energy: ~3.79e-21 (-31.81dB)
[@     3m15s] Timestep:         9954 || Speed:  189.9 MC/s (1.887e-02 s/TS) || Energy: ~3.29e-21 (-32.44dB)
[@     3m19s] Timestep:        10164 || Speed:  186.5 MC/s (1.921e-02 s/TS) || Energy: ~2.45e-21 (-33.71dB)
[@     3m23s] Timestep:        10374 || Speed:  184.0 MC/s (1.947e-02 s/TS) || Energy: ~2.02e-21 (-34.55dB)
[@     3m27s] Timestep:        10584 || Speed:  187.6 MC/s (1.910e-02 s/TS) || Energy: ~2.12e-21 (-34.33dB)
[@     3m31s] Timestep:        10800 || Speed:  188.7 MC/s (1.899e-02 s/TS) || Energy: ~2.03e-21 (-34.53dB)
[@     3m35s] Timestep:        11016 || Speed:  188.8 MC/s (1.898e-02 s/TS) || Energy: ~1.91e-21 (-34.78dB)
[@     3m39s] Timestep:        11232 || Speed:  189.4 MC/s (1.892e-02 s/TS) || Energy: ~1.77e-21 (-35.13dB)
[@     3m43s] Timestep:        11448 || Speed:  188.9 MC/s (1.896e-02 s/TS) || Energy: ~1.59e-21 (-35.59dB)
[@     3m47s] Timestep:        11664 || Speed:  189.1 MC/s (1.895e-02 s/TS) || Energy: ~1.40e-21 (-36.16dB)
[@     3m51s] Timestep:        11874 || Speed:  187.5 MC/s (1.911e-02 s/TS) || Energy: ~1.04e-21 (-37.41dB)
[@     3m56s] Timestep:        12090 || Speed:  188.7 MC/s (1.899e-02 s/TS) || Energy: ~8.71e-22 (-38.20dB)
[@     4m00s] Timestep:        12300 || Speed:  186.7 MC/s (1.919e-02 s/TS) || Energy: ~7.67e-22 (-38.76dB)
[@     4m04s] Timestep:        12510 || Speed:  187.7 MC/s (1.909e-02 s/TS) || Energy: ~8.57e-22 (-38.27dB)
[@     4m08s] Timestep:        12726 || Speed:  189.0 MC/s (1.896e-02 s/TS) || Energy: ~8.24e-22 (-38.45dB)
[@     4m12s] Timestep:        12942 || Speed:  188.6 MC/s (1.899e-02 s/TS) || Energy: ~7.70e-22 (-38.74dB)
[@     4m16s] Timestep:        13158 || Speed:  188.8 MC/s (1.898e-02 s/TS) || Energy: ~6.94e-22 (-39.19dB)
[@     4m20s] Timestep:        13374 || Speed:  190.6 MC/s (1.880e-02 s/TS) || Energy: ~5.97e-22 (-39.84dB)
[@     4m24s] Timestep:        13590 || Speed:  188.8 MC/s (1.898e-02 s/TS) || Energy: ~4.92e-22 (-40.69dB)
[@     4m28s] Timestep:        13806 || Speed:  189.6 MC/s (1.889e-02 s/TS) || Energy: ~3.90e-22 (-41.69dB)
[@     4m32s] Timestep:        14022 || Speed:  188.9 MC/s (1.897e-02 s/TS) || Energy: ~3.05e-22 (-42.76dB)
[@     4m36s] Timestep:        14238 || Speed:  189.1 MC/s (1.895e-02 s/TS) || Energy: ~2.46e-22 (-43.70dB)
[@     4m40s] Timestep:        14454 || Speed:  188.6 MC/s (1.900e-02 s/TS) || Energy: ~2.14e-22 (-44.30dB)
[@     4m45s] Timestep:        14670 || Speed:  189.8 MC/s (1.888e-02 s/TS) || Energy: ~2.06e-22 (-44.46dB)
[@     4m49s] Timestep:        14886 || Speed:  189.2 MC/s (1.894e-02 s/TS) || Energy: ~2.13e-22 (-44.31dB)
[@     4m53s] Timestep:        15102 || Speed:  188.9 MC/s (1.896e-02 s/TS) || Energy: ~2.24e-22 (-44.11dB)
[@     4m57s] Timestep:        15312 || Speed:  186.9 MC/s (1.917e-02 s/TS) || Energy: ~2.47e-22 (-43.67dB)
[@     5m01s] Timestep:        15528 || Speed:  189.6 MC/s (1.890e-02 s/TS) || Energy: ~2.13e-22 (-44.31dB)
[@     5m05s] Timestep:        15744 || Speed:  188.7 MC/s (1.898e-02 s/TS) || Energy: ~1.72e-22 (-45.26dB)
[@     5m09s] Timestep:        15960 || Speed:  188.7 MC/s (1.899e-02 s/TS) || Energy: ~1.30e-22 (-46.46dB)
[@     5m13s] Timestep:        16170 || Speed:  188.1 MC/s (1.905e-02 s/TS) || Energy: ~7.87e-23 (-48.64dB)
[@     5m17s] Timestep:        16386 || Speed:  189.3 MC/s (1.893e-02 s/TS) || Energy: ~7.31e-23 (-48.96dB)
[@     5m21s] Timestep:        16596 || Speed:  187.3 MC/s (1.913e-02 s/TS) || Energy: ~1.04e-22 (-47.42dB)
[@     5m25s] Timestep:        16812 || Speed:  189.4 MC/s (1.891e-02 s/TS) || Energy: ~1.07e-22 (-47.30dB)
[@     5m29s] Timestep:        17028 || Speed:  189.3 MC/s (1.892e-02 s/TS) || Energy: ~1.03e-22 (-47.48dB)
[@     5m33s] Timestep:        17244 || Speed:  188.4 MC/s (1.902e-02 s/TS) || Energy: ~9.16e-23 (-47.98dB)
[@     5m37s] Timestep:        17460 || Speed:  189.1 MC/s (1.895e-02 s/TS) || Energy: ~7.58e-23 (-48.81dB)
[@     5m42s] Timestep:        17670 || Speed:  186.7 MC/s (1.919e-02 s/TS) || Energy: ~4.31e-23 (-51.26dB)
Time for 17670 iterations with 3583125.00 cells : 342.02 sec
Speed: 185.12 MCells/s 
    [excite port 8/44]
 ---------------------------------------------------------------------- 
 | openEMS 64bit -- version v0.37.0-rc1-2-g7b051bb
 | (C) 2010-2026 Thorsten Liebig <thorsten.liebig@gmx.de>  GPL license
 ---------------------------------------------------------------------- 
	Used external libraries:
		CSXCAD -- Version: v0.7.0-rc1-1-g5115701
		hdf5   -- Version: 1.10.10
		          compiled against: HDF5 library version: 1.10.10
		tinyxml -- compiled against: 2.6.2
		fparser
		boost  -- compiled against: 1_83
		vtk -- Version: 9.1.0
		       compiled against: 9.1.0

Create FDTD operator (compressed SSE + multi-threading)
FDTD simulation size: 175x195x105 --> 3583125.00 FDTD cells 
FDTD timestep is: 0.00 s; Nyquist rate: 24 timesteps @102110454074.00 Hz
Excitation signal length is: 282 timesteps (0.00s)
Max. number of timesteps: 60000 ( --> 212.77 * Excitation signal length)
Create FDTD engine (compressed SSE + multi-threading)
Running FDTD engine... this may take a while... grab a cup of coffee?!?
[@        4s] Timestep:          102 || Speed:   87.6 MC/s (4.092e-02 s/TS) || Energy: ~6.02e-19 (- 0.00dB)
[@        8s] Timestep:          252 || Speed:  132.2 MC/s (2.710e-02 s/TS) || Energy: ~6.40e-18 (- 0.00dB)
[@       12s] Timestep:          432 || Speed:  158.6 MC/s (2.259e-02 s/TS) || Energy: ~2.75e-18 (- 3.66dB)
[@       16s] Timestep:          624 || Speed:  168.4 MC/s (2.128e-02 s/TS) || Energy: ~1.54e-18 (- 6.19dB)
[@       20s] Timestep:          828 || Speed:  178.1 MC/s (2.012e-02 s/TS) || Energy: ~9.78e-19 (- 8.16dB)
[@       24s] Timestep:         1032 || Speed:  182.4 MC/s (1.964e-02 s/TS) || Energy: ~1.13e-18 (- 7.53dB)
[@       28s] Timestep:         1236 || Speed:  180.2 MC/s (1.989e-02 s/TS) || Energy: ~7.15e-19 (- 9.52dB)
Multithreaded Engine: Best performance found using 6 threads.
[@       32s] Timestep:         1446 || Speed:  186.7 MC/s (1.919e-02 s/TS) || Energy: ~7.11e-19 (- 9.54dB)
[@       36s] Timestep:         1656 || Speed:  187.9 MC/s (1.907e-02 s/TS) || Energy: ~7.14e-19 (- 9.53dB)
[@       40s] Timestep:         1872 || Speed:  188.1 MC/s (1.904e-02 s/TS) || Energy: ~5.29e-19 (-10.83dB)
[@       44s] Timestep:         2082 || Speed:  185.1 MC/s (1.936e-02 s/TS) || Energy: ~3.85e-19 (-12.21dB)
[@       48s] Timestep:         2292 || Speed:  187.5 MC/s (1.911e-02 s/TS) || Energy: ~3.60e-19 (-12.50dB)
[@       52s] Timestep:         2502 || Speed:  185.8 MC/s (1.928e-02 s/TS) || Energy: ~2.89e-19 (-13.46dB)
[@       56s] Timestep:         2718 || Speed:  188.6 MC/s (1.900e-02 s/TS) || Energy: ~2.20e-19 (-14.64dB)
[@     1m00s] Timestep:         2928 || Speed:  188.1 MC/s (1.905e-02 s/TS) || Energy: ~1.60e-19 (-16.01dB)
[@     1m04s] Timestep:         3138 || Speed:  188.1 MC/s (1.905e-02 s/TS) || Energy: ~1.48e-19 (-16.36dB)
[@     1m09s] Timestep:         3354 || Speed:  188.2 MC/s (1.904e-02 s/TS) || Energy: ~1.31e-19 (-16.90dB)
[@     1m13s] Timestep:         3564 || Speed:  186.1 MC/s (1.926e-02 s/TS) || Energy: ~1.15e-19 (-17.45dB)
[@     1m17s] Timestep:         3774 || Speed:  186.5 MC/s (1.921e-02 s/TS) || Energy: ~8.29e-20 (-18.88dB)
[@     1m21s] Timestep:         3984 || Speed:  188.0 MC/s (1.906e-02 s/TS) || Energy: ~5.79e-20 (-20.43dB)
[@     1m25s] Timestep:         4200 || Speed:  188.2 MC/s (1.904e-02 s/TS) || Energy: ~4.77e-20 (-21.28dB)
[@     1m29s] Timestep:         4416 || Speed:  187.8 MC/s (1.908e-02 s/TS) || Energy: ~4.28e-20 (-21.75dB)
[@     1m33s] Timestep:         4626 || Speed:  186.0 MC/s (1.926e-02 s/TS) || Energy: ~5.02e-20 (-21.05dB)
[@     1m37s] Timestep:         4836 || Speed:  184.9 MC/s (1.938e-02 s/TS) || Energy: ~4.82e-20 (-21.24dB)
[@     1m41s] Timestep:         5046 || Speed:  187.3 MC/s (1.913e-02 s/TS) || Energy: ~3.16e-20 (-23.07dB)
[@     1m45s] Timestep:         5262 || Speed:  188.1 MC/s (1.905e-02 s/TS) || Energy: ~2.28e-20 (-24.48dB)
[@     1m49s] Timestep:         5472 || Speed:  186.8 MC/s (1.919e-02 s/TS) || Energy: ~1.78e-20 (-25.56dB)
[@     1m53s] Timestep:         5682 || Speed:  187.1 MC/s (1.916e-02 s/TS) || Energy: ~2.57e-20 (-23.96dB)
[@     1m57s] Timestep:         5892 || Speed:  187.5 MC/s (1.911e-02 s/TS) || Energy: ~2.76e-20 (-23.65dB)
[@     2m01s] Timestep:         6102 || Speed:  187.8 MC/s (1.908e-02 s/TS) || Energy: ~1.72e-20 (-25.71dB)
[@     2m05s] Timestep:         6312 || Speed:  187.2 MC/s (1.914e-02 s/TS) || Energy: ~9.23e-21 (-28.41dB)
[@     2m09s] Timestep:         6522 || Speed:  187.9 MC/s (1.907e-02 s/TS) || Energy: ~1.27e-20 (-27.02dB)
[@     2m13s] Timestep:         6732 || Speed:  185.8 MC/s (1.928e-02 s/TS) || Energy: ~1.75e-20 (-25.62dB)
[@     2m17s] Timestep:         6942 || Speed:  186.2 MC/s (1.924e-02 s/TS) || Energy: ~1.38e-20 (-26.68dB)
[@     2m21s] Timestep:         7152 || Speed:  186.0 MC/s (1.926e-02 s/TS) || Energy: ~6.94e-21 (-29.65dB)
[@     2m25s] Timestep:         7362 || Speed:  187.7 MC/s (1.909e-02 s/TS) || Energy: ~6.37e-21 (-30.02dB)
[@     2m29s] Timestep:         7572 || Speed:  186.6 MC/s (1.920e-02 s/TS) || Energy: ~9.91e-21 (-28.10dB)
[@     2m33s] Timestep:         7788 || Speed:  188.4 MC/s (1.902e-02 s/TS) || Energy: ~9.80e-21 (-28.15dB)
[@     2m38s] Timestep:         7998 || Speed:  187.4 MC/s (1.912e-02 s/TS) || Energy: ~7.98e-21 (-29.04dB)
[@     2m42s] Timestep:         8208 || Speed:  187.2 MC/s (1.914e-02 s/TS) || Energy: ~4.70e-21 (-31.34dB)
[@     2m46s] Timestep:         8418 || Speed:  186.4 MC/s (1.923e-02 s/TS) || Energy: ~4.15e-21 (-31.88dB)
[@     2m50s] Timestep:         8628 || Speed:  186.6 MC/s (1.921e-02 s/TS) || Energy: ~5.40e-21 (-30.74dB)
[@     2m54s] Timestep:         8838 || Speed:  186.7 MC/s (1.919e-02 s/TS) || Energy: ~5.45e-21 (-30.70dB)
[@     2m58s] Timestep:         9048 || Speed:  187.8 MC/s (1.908e-02 s/TS) || Energy: ~4.09e-21 (-31.94dB)
[@     3m02s] Timestep:         9258 || Speed:  185.4 MC/s (1.933e-02 s/TS) || Energy: ~3.07e-21 (-33.20dB)
[@     3m06s] Timestep:         9468 || Speed:  187.5 MC/s (1.911e-02 s/TS) || Energy: ~3.00e-21 (-33.30dB)
[@     3m10s] Timestep:         9678 || Speed:  186.2 MC/s (1.924e-02 s/TS) || Energy: ~3.20e-21 (-33.01dB)
[@     3m14s] Timestep:         9888 || Speed:  186.7 MC/s (1.919e-02 s/TS) || Energy: ~3.09e-21 (-33.17dB)
[@     3m18s] Timestep:        10098 || Speed:  187.3 MC/s (1.913e-02 s/TS) || Energy: ~2.58e-21 (-33.94dB)
[@     3m22s] Timestep:        10308 || Speed:  185.3 MC/s (1.934e-02 s/TS) || Energy: ~1.99e-21 (-35.07dB)
[@     3m26s] Timestep:        10518 || Speed:  185.5 MC/s (1.931e-02 s/TS) || Energy: ~1.75e-21 (-35.64dB)
[@     3m30s] Timestep:        10728 || Speed:  187.0 MC/s (1.916e-02 s/TS) || Energy: ~1.94e-21 (-35.18dB)
[@     3m34s] Timestep:        10938 || Speed:  187.5 MC/s (1.911e-02 s/TS) || Energy: ~2.05e-21 (-34.96dB)
[@     3m38s] Timestep:        11148 || Speed:  187.2 MC/s (1.914e-02 s/TS) || Energy: ~1.62e-21 (-35.96dB)
[@     3m42s] Timestep:        11358 || Speed:  187.6 MC/s (1.910e-02 s/TS) || Energy: ~1.07e-21 (-37.77dB)
[@     3m46s] Timestep:        11568 || Speed:  186.9 MC/s (1.917e-02 s/TS) || Energy: ~1.04e-21 (-37.88dB)
[@     3m50s] Timestep:        11778 || Speed:  188.1 MC/s (1.905e-02 s/TS) || Energy: ~1.38e-21 (-36.65dB)
[@     3m54s] Timestep:        11988 || Speed:  185.6 MC/s (1.930e-02 s/TS) || Energy: ~1.36e-21 (-36.74dB)
[@     3m58s] Timestep:        12198 || Speed:  187.1 MC/s (1.916e-02 s/TS) || Energy: ~8.54e-22 (-38.75dB)
[@     4m02s] Timestep:        12408 || Speed:  186.4 MC/s (1.923e-02 s/TS) || Energy: ~5.47e-22 (-40.68dB)
[@     4m06s] Timestep:        12618 || Speed:  186.4 MC/s (1.922e-02 s/TS) || Energy: ~7.75e-22 (-39.17dB)
[@     4m10s] Timestep:        12828 || Speed:  186.2 MC/s (1.925e-02 s/TS) || Energy: ~1.02e-21 (-37.99dB)
[@     4m14s] Timestep:        13038 || Speed:  187.4 MC/s (1.912e-02 s/TS) || Energy: ~7.78e-22 (-39.15dB)
[@     4m18s] Timestep:        13248 || Speed:  187.4 MC/s (1.912e-02 s/TS) || Energy: ~3.76e-22 (-42.31dB)
[@     4m22s] Timestep:        13458 || Speed:  186.3 MC/s (1.924e-02 s/TS) || Energy: ~3.65e-22 (-42.44dB)
[@     4m26s] Timestep:        13668 || Speed:  186.0 MC/s (1.926e-02 s/TS) || Energy: ~6.40e-22 (-40.00dB)
[@     4m30s] Timestep:        13878 || Speed:  186.8 MC/s (1.919e-02 s/TS) || Energy: ~6.64e-22 (-39.84dB)
[@     4m34s] Timestep:        14088 || Speed:  187.7 MC/s (1.909e-02 s/TS) || Energy: ~3.58e-22 (-42.52dB)
[@     4m38s] Timestep:        14298 || Speed:  187.1 MC/s (1.915e-02 s/TS) || Energy: ~1.75e-22 (-45.64dB)
[@     4m42s] Timestep:        14508 || Speed:  186.9 MC/s (1.917e-02 s/TS) || Energy: ~3.30e-22 (-42.88dB)
[@     4m46s] Timestep:        14718 || Speed:  183.6 MC/s (1.952e-02 s/TS) || Energy: ~4.88e-22 (-41.18dB)
[@     4m51s] Timestep:        14928 || Speed:  183.5 MC/s (1.953e-02 s/TS) || Energy: ~3.54e-22 (-42.57dB)
[@     4m55s] Timestep:        15138 || Speed:  186.6 MC/s (1.920e-02 s/TS) || Energy: ~1.32e-22 (-46.86dB)
[@     4m59s] Timestep:        15348 || Speed:  186.3 MC/s (1.924e-02 s/TS) || Energy: ~1.40e-22 (-46.60dB)
[@     5m03s] Timestep:        15558 || Speed:  187.0 MC/s (1.916e-02 s/TS) || Energy: ~2.99e-22 (-43.31dB)
[@     5m07s] Timestep:        15768 || Speed:  187.1 MC/s (1.915e-02 s/TS) || Energy: ~3.06e-22 (-43.20dB)
[@     5m11s] Timestep:        15978 || Speed:  186.1 MC/s (1.925e-02 s/TS) || Energy: ~1.44e-22 (-46.49dB)
[@     5m15s] Timestep:        16188 || Speed:  187.4 MC/s (1.912e-02 s/TS) || Energy: ~6.19e-23 (-50.14dB)
Time for 16188 iterations with 3583125.00 cells : 315.28 sec
Speed: 183.97 MCells/s 
    [excite port 9/44]
 ---------------------------------------------------------------------- 
 | openEMS 64bit -- version v0.37.0-rc1-2-g7b051bb
 | (C) 2010-2026 Thorsten Liebig <thorsten.liebig@gmx.de>  GPL license
 ---------------------------------------------------------------------- 
	Used external libraries:
		CSXCAD -- Version: v0.7.0-rc1-1-g5115701
		hdf5   -- Version: 1.10.10
		          compiled against: HDF5 library version: 1.10.10
		tinyxml -- compiled against: 2.6.2
		fparser
		boost  -- compiled against: 1_83
		vtk -- Version: 9.1.0
		       compiled against: 9.1.0

Create FDTD operator (compressed SSE + multi-threading)
FDTD simulation size: 175x195x105 --> 3583125.00 FDTD cells 
FDTD timestep is: 0.00 s; Nyquist rate: 24 timesteps @102110454074.00 Hz
Excitation signal length is: 282 timesteps (0.00s)
Max. number of timesteps: 60000 ( --> 212.77 * Excitation signal length)
Create FDTD engine (compressed SSE + multi-threading)
Running FDTD engine... this may take a while... grab a cup of coffee?!?
[@        4s] Timestep:          102 || Speed:   87.1 MC/s (4.113e-02 s/TS) || Energy: ~5.90e-19 (- 0.00dB)
[@        8s] Timestep:          252 || Speed:  133.4 MC/s (2.686e-02 s/TS) || Energy: ~5.67e-18 (- 0.00dB)
[@       12s] Timestep:          426 || Speed:  155.5 MC/s (2.304e-02 s/TS) || Energy: ~1.86e-18 (- 4.85dB)
[@       16s] Timestep:          618 || Speed:  169.1 MC/s (2.119e-02 s/TS) || Energy: ~1.05e-18 (- 7.34dB)
[@       20s] Timestep:          822 || Speed:  180.0 MC/s (1.990e-02 s/TS) || Energy: ~9.09e-19 (- 7.95dB)
[@       24s] Timestep:         1026 || Speed:  182.2 MC/s (1.967e-02 s/TS) || Energy: ~7.81e-19 (- 8.61dB)
[@       28s] Timestep:         1230 || Speed:  181.8 MC/s (1.970e-02 s/TS) || Energy: ~6.34e-19 (- 9.52dB)
Multithreaded Engine: Best performance found using 6 threads.
[@       32s] Timestep:         1446 || Speed:  188.5 MC/s (1.901e-02 s/TS) || Energy: ~5.53e-19 (-10.11dB)
[@       36s] Timestep:         1656 || Speed:  187.4 MC/s (1.912e-02 s/TS) || Energy: ~4.15e-19 (-11.36dB)
[@       40s] Timestep:         1866 || Speed:  186.3 MC/s (1.923e-02 s/TS) || Energy: ~3.55e-19 (-12.04dB)
[@       44s] Timestep:         2076 || Speed:  187.9 MC/s (1.907e-02 s/TS) || Energy: ~2.81e-19 (-13.06dB)
[@       48s] Timestep:         2286 || Speed:  187.2 MC/s (1.914e-02 s/TS) || Energy: ~2.01e-19 (-14.52dB)
[@       52s] Timestep:         2496 || Speed:  187.5 MC/s (1.911e-02 s/TS) || Energy: ~1.78e-19 (-15.04dB)
[@       56s] Timestep:         2706 || Speed:  188.0 MC/s (1.906e-02 s/TS) || Energy: ~1.54e-19 (-15.66dB)
[@     1m00s] Timestep:         2916 || Speed:  187.8 MC/s (1.908e-02 s/TS) || Energy: ~1.23e-19 (-16.64dB)
[@     1m04s] Timestep:         3126 || Speed:  187.7 MC/s (1.909e-02 s/TS) || Energy: ~1.01e-19 (-17.48dB)
[@     1m08s] Timestep:         3336 || Speed:  186.9 MC/s (1.918e-02 s/TS) || Energy: ~8.77e-20 (-18.11dB)
[@     1m12s] Timestep:         3552 || Speed:  188.3 MC/s (1.903e-02 s/TS) || Energy: ~7.29e-20 (-18.91dB)
[@     1m16s] Timestep:         3762 || Speed:  187.7 MC/s (1.909e-02 s/TS) || Energy: ~5.94e-20 (-19.80dB)
[@     1m20s] Timestep:         3972 || Speed:  187.5 MC/s (1.911e-02 s/TS) || Energy: ~5.68e-20 (-20.00dB)
[@     1m24s] Timestep:         4182 || Speed:  184.5 MC/s (1.942e-02 s/TS) || Energy: ~5.13e-20 (-20.44dB)
[@     1m28s] Timestep:         4392 || Speed:  185.9 MC/s (1.928e-02 s/TS) || Energy: ~4.16e-20 (-21.35dB)
[@     1m32s] Timestep:         4602 || Speed:  187.8 MC/s (1.908e-02 s/TS) || Energy: ~3.32e-20 (-22.33dB)
[@     1m36s] Timestep:         4812 || Speed:  184.8 MC/s (1.939e-02 s/TS) || Energy: ~3.21e-20 (-22.48dB)
[@     1m40s] Timestep:         5022 || Speed:  187.4 MC/s (1.912e-02 s/TS) || Energy: ~3.37e-20 (-22.26dB)
[@     1m45s] Timestep:         5232 || Speed:  186.6 MC/s (1.920e-02 s/TS) || Energy: ~2.72e-20 (-23.19dB)
[@     1m49s] Timestep:         5442 || Speed:  187.2 MC/s (1.914e-02 s/TS) || Energy: ~1.83e-20 (-24.92dB)
[@     1m53s] Timestep:         5652 || Speed:  186.1 MC/s (1.926e-02 s/TS) || Energy: ~1.78e-20 (-25.04dB)
[@     1m57s] Timestep:         5862 || Speed:  187.6 MC/s (1.910e-02 s/TS) || Energy: ~2.15e-20 (-24.21dB)
[@     2m01s] Timestep:         6072 || Speed:  186.8 MC/s (1.918e-02 s/TS) || Energy: ~1.86e-20 (-24.85dB)
[@     2m05s] Timestep:         6282 || Speed:  184.7 MC/s (1.940e-02 s/TS) || Energy: ~1.12e-20 (-27.06dB)
[@     2m09s] Timestep:         6492 || Speed:  187.0 MC/s (1.916e-02 s/TS) || Energy: ~9.67e-21 (-27.69dB)
[@     2m13s] Timestep:         6702 || Speed:  187.3 MC/s (1.914e-02 s/TS) || Energy: ~1.34e-20 (-26.27dB)
[@     2m17s] Timestep:         6912 || Speed:  187.3 MC/s (1.913e-02 s/TS) || Energy: ~1.28e-20 (-26.47dB)
[@     2m21s] Timestep:         7122 || Speed:  186.1 MC/s (1.925e-02 s/TS) || Energy: ~7.41e-21 (-28.84dB)
[@     2m25s] Timestep:         7332 || Speed:  187.7 MC/s (1.909e-02 s/TS) || Energy: ~5.38e-21 (-30.23dB)
[@     2m29s] Timestep:         7542 || Speed:  187.1 MC/s (1.915e-02 s/TS) || Energy: ~7.87e-21 (-28.58dB)
[@     2m33s] Timestep:         7752 || Speed:  187.9 MC/s (1.907e-02 s/TS) || Energy: ~8.43e-21 (-28.28dB)
[@     2m37s] Timestep:         7962 || Speed:  183.3 MC/s (1.955e-02 s/TS) || Energy: ~5.23e-21 (-30.35dB)
[@     2m41s] Timestep:         8172 || Speed:  184.3 MC/s (1.945e-02 s/TS) || Energy: ~3.25e-21 (-32.42dB)
[@     2m45s] Timestep:         8382 || Speed:  187.3 MC/s (1.913e-02 s/TS) || Energy: ~4.44e-21 (-31.07dB)
[@     2m49s] Timestep:         8592 || Speed:  185.4 MC/s (1.932e-02 s/TS) || Energy: ~5.22e-21 (-30.36dB)
[@     2m53s] Timestep:         8802 || Speed:  187.7 MC/s (1.909e-02 s/TS) || Energy: ~3.70e-21 (-31.86dB)
[@     2m57s] Timestep:         9018 || Speed:  188.4 MC/s (1.902e-02 s/TS) || Energy: ~2.72e-21 (-33.20dB)
[@     3m01s] Timestep:         9234 || Speed:  188.3 MC/s (1.903e-02 s/TS) || Energy: ~2.10e-21 (-34.33dB)
[@     3m05s] Timestep:         9444 || Speed:  187.9 MC/s (1.907e-02 s/TS) || Energy: ~2.08e-21 (-34.36dB)
[@     3m09s] Timestep:         9654 || Speed:  187.0 MC/s (1.916e-02 s/TS) || Energy: ~2.53e-21 (-33.51dB)
[@     3m13s] Timestep:         9870 || Speed:  188.3 MC/s (1.903e-02 s/TS) || Energy: ~2.30e-21 (-33.92dB)
[@     3m18s] Timestep:        10086 || Speed:  188.2 MC/s (1.904e-02 s/TS) || Energy: ~1.97e-21 (-34.59dB)
[@     3m22s] Timestep:        10302 || Speed:  188.4 MC/s (1.901e-02 s/TS) || Energy: ~1.64e-21 (-35.39dB)
[@     3m26s] Timestep:        10512 || Speed:  185.8 MC/s (1.929e-02 s/TS) || Energy: ~1.24e-21 (-36.62dB)
[@     3m30s] Timestep:        10722 || Speed:  184.7 MC/s (1.940e-02 s/TS) || Energy: ~1.07e-21 (-37.23dB)
[@     3m34s] Timestep:        10932 || Speed:  187.7 MC/s (1.909e-02 s/TS) || Energy: ~1.03e-21 (-37.39dB)
[@     3m38s] Timestep:        11142 || Speed:  187.2 MC/s (1.914e-02 s/TS) || Energy: ~9.86e-22 (-37.60dB)
[@     3m42s] Timestep:        11358 || Speed:  188.4 MC/s (1.901e-02 s/TS) || Energy: ~8.89e-22 (-38.05dB)
[@     3m46s] Timestep:        11562 || Speed:  180.6 MC/s (1.984e-02 s/TS) || Energy: ~7.22e-22 (-38.95dB)
[@     3m50s] Timestep:        11772 || Speed:  184.8 MC/s (1.939e-02 s/TS) || Energy: ~5.53e-22 (-40.11dB)
[@     3m54s] Timestep:        11982 || Speed:  186.2 MC/s (1.924e-02 s/TS) || Energy: ~5.32e-22 (-40.28dB)
[@     3m58s] Timestep:        12192 || Speed:  186.5 MC/s (1.921e-02 s/TS) || Energy: ~5.90e-22 (-39.83dB)
[@     4m02s] Timestep:        12402 || Speed:  186.4 MC/s (1.922e-02 s/TS) || Energy: ~5.17e-22 (-40.41dB)
[@     4m06s] Timestep:        12612 || Speed:  187.9 MC/s (1.907e-02 s/TS) || Energy: ~3.32e-22 (-42.33dB)
[@     4m10s] Timestep:        12822 || Speed:  187.5 MC/s (1.911e-02 s/TS) || Energy: ~2.64e-22 (-43.32dB)
[@     4m14s] Timestep:        13032 || Speed:  187.1 MC/s (1.916e-02 s/TS) || Energy: ~3.46e-22 (-42.15dB)
[@     4m18s] Timestep:        13242 || Speed:  186.8 MC/s (1.918e-02 s/TS) || Energy: ~3.60e-22 (-41.97dB)
[@     4m22s] Timestep:        13452 || Speed:  185.1 MC/s (1.936e-02 s/TS) || Energy: ~2.32e-22 (-43.88dB)
[@     4m26s] Timestep:        13662 || Speed:  185.5 MC/s (1.931e-02 s/TS) || Energy: ~1.37e-22 (-46.17dB)
[@     4m30s] Timestep:        13866 || Speed:  182.5 MC/s (1.964e-02 s/TS) || Energy: ~2.36e-22 (-43.81dB)
[@     4m34s] Timestep:        14076 || Speed:  185.1 MC/s (1.936e-02 s/TS) || Energy: ~2.23e-22 (-44.05dB)
[@     4m38s] Timestep:        14286 || Speed:  187.0 MC/s (1.916e-02 s/TS) || Energy: ~1.26e-22 (-46.55dB)
[@     4m42s] Timestep:        14496 || Speed:  187.9 MC/s (1.907e-02 s/TS) || Energy: ~8.21e-23 (-48.40dB)
[@     4m46s] Timestep:        14706 || Speed:  187.4 MC/s (1.912e-02 s/TS) || Energy: ~1.23e-22 (-46.65dB)
[@     4m51s] Timestep:        14916 || Speed:  186.5 MC/s (1.922e-02 s/TS) || Energy: ~1.45e-22 (-45.93dB)
[@     4m55s] Timestep:        15126 || Speed:  187.2 MC/s (1.914e-02 s/TS) || Energy: ~9.90e-23 (-47.58dB)
[@     4m59s] Timestep:        15336 || Speed:  185.6 MC/s (1.931e-02 s/TS) || Energy: ~5.23e-23 (-50.36dB)
Time for 15336 iterations with 3583125.00 cells : 299.09 sec
Speed: 183.72 MCells/s 
    [excite port 10/44]
 ---------------------------------------------------------------------- 
 | openEMS 64bit -- version v0.37.0-rc1-2-g7b051bb
 | (C) 2010-2026 Thorsten Liebig <thorsten.liebig@gmx.de>  GPL license
 ---------------------------------------------------------------------- 
	Used external libraries:
		CSXCAD -- Version: v0.7.0-rc1-1-g5115701
		hdf5   -- Version: 1.10.10
		          compiled against: HDF5 library version: 1.10.10
		tinyxml -- compiled against: 2.6.2
		fparser
		boost  -- compiled against: 1_83
		vtk -- Version: 9.1.0
		       compiled against: 9.1.0

Create FDTD operator (compressed SSE + multi-threading)
FDTD simulation size: 175x195x105 --> 3583125.00 FDTD cells 
FDTD timestep is: 0.00 s; Nyquist rate: 24 timesteps @102110454074.00 Hz
Excitation signal length is: 282 timesteps (0.00s)
Max. number of timesteps: 60000 ( --> 212.77 * Excitation signal length)
Create FDTD engine (compressed SSE + multi-threading)
Running FDTD engine... this may take a while... grab a cup of coffee?!?
[@        4s] Timestep:          102 || Speed:   87.0 MC/s (4.117e-02 s/TS) || Energy: ~5.90e-19 (- 0.00dB)
[@        8s] Timestep:          252 || Speed:  131.2 MC/s (2.731e-02 s/TS) || Energy: ~6.31e-18 (- 0.00dB)
[@       12s] Timestep:          426 || Speed:  154.8 MC/s (2.314e-02 s/TS) || Energy: ~2.52e-18 (- 3.99dB)
[@       16s] Timestep:          618 || Speed:  170.8 MC/s (2.098e-02 s/TS) || Energy: ~1.27e-18 (- 6.95dB)
[@       20s] Timestep:          822 || Speed:  178.2 MC/s (2.011e-02 s/TS) || Energy: ~9.99e-19 (- 8.01dB)
[@       24s] Timestep:         1026 || Speed:  181.9 MC/s (1.969e-02 s/TS) || Energy: ~9.67e-19 (- 8.15dB)
[@       28s] Timestep:         1236 || Speed:  185.8 MC/s (1.929e-02 s/TS) || Energy: ~6.76e-19 (- 9.70dB)
[@       32s] Timestep:         1440 || Speed:  178.5 MC/s (2.007e-02 s/TS) || Energy: ~7.33e-19 (- 9.35dB)
Multithreaded Engine: Best performance found using 7 threads.
[@       36s] Timestep:         1650 || Speed:  184.7 MC/s (1.940e-02 s/TS) || Energy: ~5.49e-19 (-10.61dB)
[@       40s] Timestep:         1860 || Speed:  187.9 MC/s (1.907e-02 s/TS) || Energy: ~4.44e-19 (-11.53dB)
[@       44s] Timestep:         2076 || Speed:  188.3 MC/s (1.903e-02 s/TS) || Energy: ~4.13e-19 (-11.85dB)
[@       48s] Timestep:         2286 || Speed:  187.7 MC/s (1.909e-02 s/TS) || Energy: ~3.62e-19 (-12.42dB)
[@       52s] Timestep:         2496 || Speed:  185.6 MC/s (1.930e-02 s/TS) || Energy: ~1.96e-19 (-15.08dB)
[@       56s] Timestep:         2706 || Speed:  187.0 MC/s (1.916e-02 s/TS) || Energy: ~1.48e-19 (-16.30dB)
[@     1m00s] Timestep:         2916 || Speed:  187.8 MC/s (1.908e-02 s/TS) || Energy: ~2.03e-19 (-14.92dB)
[@     1m04s] Timestep:         3126 || Speed:  187.8 MC/s (1.908e-02 s/TS) || Energy: ~1.97e-19 (-15.05dB)
[@     1m08s] Timestep:         3330 || Speed:  182.3 MC/s (1.965e-02 s/TS) || Energy: ~7.50e-20 (-19.25dB)
[@     1m13s] Timestep:         3546 || Speed:  188.5 MC/s (1.901e-02 s/TS) || Energy: ~6.10e-20 (-20.15dB)
[@     1m17s] Timestep:         3756 || Speed:  186.8 MC/s (1.918e-02 s/TS) || Energy: ~1.01e-19 (-17.98dB)
[@     1m21s] Timestep:         3966 || Speed:  188.0 MC/s (1.906e-02 s/TS) || Energy: ~1.25e-19 (-17.05dB)
[@     1m25s] Timestep:         4176 || Speed:  187.7 MC/s (1.909e-02 s/TS) || Energy: ~7.95e-20 (-19.00dB)
[@     1m29s] Timestep:         4386 || Speed:  188.1 MC/s (1.905e-02 s/TS) || Energy: ~3.49e-20 (-22.57dB)
[@     1m33s] Timestep:         4596 || Speed:  186.1 MC/s (1.926e-02 s/TS) || Energy: ~4.99e-20 (-21.02dB)
[@     1m37s] Timestep:         4800 || Speed:  182.1 MC/s (1.967e-02 s/TS) || Energy: ~7.95e-20 (-19.00dB)
[@     1m41s] Timestep:         5010 || Speed:  187.3 MC/s (1.913e-02 s/TS) || Energy: ~4.32e-20 (-21.65dB)
[@     1m45s] Timestep:         5220 || Speed:  185.2 MC/s (1.935e-02 s/TS) || Energy: ~2.36e-20 (-24.27dB)
[@     1m49s] Timestep:         5430 || Speed:  184.3 MC/s (1.945e-02 s/TS) || Energy: ~4.10e-20 (-21.87dB)
[@     1m53s] Timestep:         5640 || Speed:  185.5 MC/s (1.932e-02 s/TS) || Energy: ~5.27e-20 (-20.79dB)
[@     1m57s] Timestep:         5850 || Speed:  186.6 MC/s (1.921e-02 s/TS) || Energy: ~3.57e-20 (-22.47dB)
[@     2m01s] Timestep:         6060 || Speed:  186.4 MC/s (1.922e-02 s/TS) || Energy: ~1.86e-20 (-25.31dB)
[@     2m05s] Timestep:         6270 || Speed:  185.4 MC/s (1.933e-02 s/TS) || Energy: ~2.30e-20 (-24.38dB)
[@     2m09s] Timestep:         6480 || Speed:  185.4 MC/s (1.933e-02 s/TS) || Energy: ~3.24e-20 (-22.90dB)
[@     2m13s] Timestep:         6696 || Speed:  188.5 MC/s (1.901e-02 s/TS) || Energy: ~3.01e-20 (-23.22dB)
[@     2m17s] Timestep:         6906 || Speed:  188.0 MC/s (1.906e-02 s/TS) || Energy: ~2.08e-20 (-24.82dB)
[@     2m21s] Timestep:         7116 || Speed:  187.3 MC/s (1.913e-02 s/TS) || Energy: ~1.29e-20 (-26.88dB)
[@     2m25s] Timestep:         7326 || Speed:  187.3 MC/s (1.914e-02 s/TS) || Energy: ~1.53e-20 (-26.15dB)
[@     2m29s] Timestep:         7536 || Speed:  187.9 MC/s (1.907e-02 s/TS) || Energy: ~1.90e-20 (-25.22dB)
[@     2m33s] Timestep:         7752 || Speed:  188.2 MC/s (1.904e-02 s/TS) || Energy: ~1.72e-20 (-25.64dB)
[@     2m37s] Timestep:         7962 || Speed:  187.2 MC/s (1.914e-02 s/TS) || Energy: ~1.23e-20 (-27.11dB)
[@     2m41s] Timestep:         8172 || Speed:  186.8 MC/s (1.919e-02 s/TS) || Energy: ~8.79e-21 (-28.56dB)
[@     2m45s] Timestep:         8382 || Speed:  187.1 MC/s (1.915e-02 s/TS) || Energy: ~9.94e-21 (-28.03dB)
[@     2m49s] Timestep:         8592 || Speed:  187.0 MC/s (1.917e-02 s/TS) || Energy: ~1.10e-20 (-27.57dB)
[@     2m53s] Timestep:         8802 || Speed:  187.5 MC/s (1.911e-02 s/TS) || Energy: ~8.97e-21 (-28.47dB)
[@     2m57s] Timestep:         9012 || Speed:  187.7 MC/s (1.909e-02 s/TS) || Energy: ~6.48e-21 (-29.89dB)
[@     3m01s] Timestep:         9222 || Speed:  187.1 MC/s (1.915e-02 s/TS) || Energy: ~6.30e-21 (-30.01dB)
[@     3m05s] Timestep:         9432 || Speed:  186.7 MC/s (1.919e-02 s/TS) || Energy: ~6.94e-21 (-29.59dB)
[@     3m09s] Timestep:         9642 || Speed:  187.7 MC/s (1.909e-02 s/TS) || Energy: ~6.18e-21 (-30.09dB)
[@     3m13s] Timestep:         9852 || Speed:  188.0 MC/s (1.906e-02 s/TS) || Energy: ~4.70e-21 (-31.28dB)
[@     3m17s] Timestep:        10062 || Speed:  186.9 MC/s (1.917e-02 s/TS) || Energy: ~4.15e-21 (-31.82dB)
[@     3m22s] Timestep:        10272 || Speed:  187.2 MC/s (1.914e-02 s/TS) || Energy: ~4.35e-21 (-31.62dB)
[@     3m26s] Timestep:        10482 || Speed:  183.0 MC/s (1.958e-02 s/TS) || Energy: ~4.10e-21 (-31.87dB)
[@     3m30s] Timestep:        10692 || Speed:  186.6 MC/s (1.920e-02 s/TS) || Energy: ~3.31e-21 (-32.80dB)
[@     3m34s] Timestep:        10902 || Speed:  187.6 MC/s (1.910e-02 s/TS) || Energy: ~2.78e-21 (-33.55dB)
[@     3m38s] Timestep:        11112 || Speed:  186.2 MC/s (1.925e-02 s/TS) || Energy: ~2.74e-21 (-33.63dB)
[@     3m42s] Timestep:        11322 || Speed:  187.2 MC/s (1.914e-02 s/TS) || Energy: ~2.66e-21 (-33.75dB)
[@     3m46s] Timestep:        11532 || Speed:  185.9 MC/s (1.928e-02 s/TS) || Energy: ~2.28e-21 (-34.43dB)
[@     3m50s] Timestep:        11742 || Speed:  187.2 MC/s (1.914e-02 s/TS) || Energy: ~1.88e-21 (-35.26dB)
[@     3m54s] Timestep:        11952 || Speed:  185.8 MC/s (1.929e-02 s/TS) || Energy: ~1.73e-21 (-35.62dB)
[@     3m58s] Timestep:        12162 || Speed:  186.1 MC/s (1.925e-02 s/TS) || Energy: ~1.69e-21 (-35.72dB)
[@     4m02s] Timestep:        12372 || Speed:  187.7 MC/s (1.909e-02 s/TS) || Energy: ~1.53e-21 (-36.16dB)
[@     4m06s] Timestep:        12582 || Speed:  187.4 MC/s (1.912e-02 s/TS) || Energy: ~1.27e-21 (-36.97dB)
[@     4m10s] Timestep:        12792 || Speed:  184.4 MC/s (1.943e-02 s/TS) || Energy: ~1.10e-21 (-37.60dB)
[@     4m14s] Timestep:        13002 || Speed:  185.4 MC/s (1.933e-02 s/TS) || Energy: ~1.06e-21 (-37.76dB)
[@     4m18s] Timestep:        13212 || Speed:  186.8 MC/s (1.919e-02 s/TS) || Energy: ~1.01e-21 (-37.98dB)
[@     4m22s] Timestep:        13422 || Speed:  186.3 MC/s (1.923e-02 s/TS) || Energy: ~8.56e-22 (-38.68dB)
[@     4m26s] Timestep:        13632 || Speed:  187.1 MC/s (1.915e-02 s/TS) || Energy: ~7.03e-22 (-39.53dB)
[@     4m30s] Timestep:        13842 || Speed:  187.3 MC/s (1.913e-02 s/TS) || Energy: ~6.50e-22 (-39.88dB)
[@     4m34s] Timestep:        14052 || Speed:  187.8 MC/s (1.908e-02 s/TS) || Energy: ~6.42e-22 (-39.92dB)
[@     4m38s] Timestep:        14262 || Speed:  183.8 MC/s (1.949e-02 s/TS) || Energy: ~5.74e-22 (-40.41dB)
[@     4m42s] Timestep:        14472 || Speed:  187.2 MC/s (1.914e-02 s/TS) || Energy: ~4.60e-22 (-41.38dB)
[@     4m46s] Timestep:        14682 || Speed:  187.4 MC/s (1.912e-02 s/TS) || Energy: ~3.96e-22 (-42.02dB)
[@     4m50s] Timestep:        14892 || Speed:  187.7 MC/s (1.909e-02 s/TS) || Energy: ~3.97e-22 (-42.01dB)
[@     4m54s] Timestep:        15102 || Speed:  187.4 MC/s (1.912e-02 s/TS) || Energy: ~3.78e-22 (-42.22dB)
[@     4m58s] Timestep:        15312 || Speed:  186.9 MC/s (1.917e-02 s/TS) || Energy: ~3.07e-22 (-43.14dB)
[@     5m02s] Timestep:        15522 || Speed:  187.5 MC/s (1.911e-02 s/TS) || Energy: ~2.45e-22 (-44.11dB)
[@     5m06s] Timestep:        15732 || Speed:  187.8 MC/s (1.908e-02 s/TS) || Energy: ~2.38e-22 (-44.24dB)
[@     5m10s] Timestep:        15942 || Speed:  187.7 MC/s (1.909e-02 s/TS) || Energy: ~2.41e-22 (-44.18dB)
[@     5m14s] Timestep:        16152 || Speed:  187.4 MC/s (1.912e-02 s/TS) || Energy: ~2.06e-22 (-44.86dB)
[@     5m18s] Timestep:        16362 || Speed:  187.9 MC/s (1.907e-02 s/TS) || Energy: ~1.57e-22 (-46.04dB)
[@     5m22s] Timestep:        16572 || Speed:  186.9 MC/s (1.917e-02 s/TS) || Energy: ~1.40e-22 (-46.53dB)
[@     5m26s] Timestep:        16782 || Speed:  188.0 MC/s (1.906e-02 s/TS) || Energy: ~1.47e-22 (-46.32dB)
[@     5m30s] Timestep:        16992 || Speed:  188.0 MC/s (1.906e-02 s/TS) || Energy: ~1.37e-22 (-46.63dB)
[@     5m35s] Timestep:        17208 || Speed:  188.4 MC/s (1.902e-02 s/TS) || Energy: ~1.17e-22 (-47.33dB)
[@     5m39s] Timestep:        17418 || Speed:  185.8 MC/s (1.928e-02 s/TS) || Energy: ~8.76e-23 (-48.58dB)
[@     5m43s] Timestep:        17628 || Speed:  186.4 MC/s (1.922e-02 s/TS) || Energy: ~7.85e-23 (-49.05dB)
[@     5m47s] Timestep:        17838 || Speed:  188.1 MC/s (1.905e-02 s/TS) || Energy: ~8.46e-23 (-48.73dB)
[@     5m51s] Timestep:        18048 || Speed:  187.7 MC/s (1.909e-02 s/TS) || Energy: ~8.05e-23 (-48.94dB)
[@     5m55s] Timestep:        18258 || Speed:  187.3 MC/s (1.913e-02 s/TS) || Energy: ~6.31e-23 (-50.00dB)
[@     5m59s] Timestep:        18468 || Speed:  188.1 MC/s (1.905e-02 s/TS) || Energy: ~5.23e-23 (-50.82dB)
Time for 18468 iterations with 3583125.00 cells : 359.15 sec
Speed: 184.25 MCells/s 
    [excite port 11/44]
 ---------------------------------------------------------------------- 
 | openEMS 64bit -- version v0.37.0-rc1-2-g7b051bb
 | (C) 2010-2026 Thorsten Liebig <thorsten.liebig@gmx.de>  GPL license
 ---------------------------------------------------------------------- 
	Used external libraries:
		CSXCAD -- Version: v0.7.0-rc1-1-g5115701
		hdf5   -- Version: 1.10.10
		          compiled against: HDF5 library version: 1.10.10
		tinyxml -- compiled against: 2.6.2
		fparser
		boost  -- compiled against: 1_83
		vtk -- Version: 9.1.0
		       compiled against: 9.1.0

Create FDTD operator (compressed SSE + multi-threading)
FDTD simulation size: 175x195x105 --> 3583125.00 FDTD cells 
FDTD timestep is: 0.00 s; Nyquist rate: 24 timesteps @102110454074.00 Hz
Excitation signal length is: 282 timesteps (0.00s)
Max. number of timesteps: 60000 ( --> 212.77 * Excitation signal length)
Create FDTD engine (compressed SSE + multi-threading)
Running FDTD engine... this may take a while... grab a cup of coffee?!?
[@        4s] Timestep:          102 || Speed:   86.0 MC/s (4.166e-02 s/TS) || Energy: ~6.02e-19 (- 0.00dB)
[@        8s] Timestep:          252 || Speed:  130.7 MC/s (2.742e-02 s/TS) || Energy: ~5.94e-18 (- 0.00dB)
[@       12s] Timestep:          426 || Speed:  155.2 MC/s (2.309e-02 s/TS) || Energy: ~1.59e-18 (- 5.72dB)
[@       16s] Timestep:          618 || Speed:  167.5 MC/s (2.139e-02 s/TS) || Energy: ~9.52e-19 (- 7.95dB)
[@       20s] Timestep:          822 || Speed:  179.1 MC/s (2.001e-02 s/TS) || Energy: ~8.77e-19 (- 8.31dB)
[@       24s] Timestep:         1026 || Speed:  182.4 MC/s (1.964e-02 s/TS) || Energy: ~6.62e-19 (- 9.53dB)
[@       28s] Timestep:         1230 || Speed:  178.9 MC/s (2.003e-02 s/TS) || Energy: ~5.66e-19 (-10.21dB)
Multithreaded Engine: Best performance found using 6 threads.
[@       32s] Timestep:         1434 || Speed:  179.8 MC/s (1.992e-02 s/TS) || Energy: ~5.54e-19 (-10.30dB)
[@       36s] Timestep:         1644 || Speed:  185.7 MC/s (1.929e-02 s/TS) || Energy: ~3.76e-19 (-11.98dB)
[@       40s] Timestep:         1854 || Speed:  187.6 MC/s (1.910e-02 s/TS) || Energy: ~2.68e-19 (-13.47dB)
[@       44s] Timestep:         2064 || Speed:  186.8 MC/s (1.918e-02 s/TS) || Energy: ~2.69e-19 (-13.44dB)
[@       48s] Timestep:         2274 || Speed:  185.3 MC/s (1.934e-02 s/TS) || Energy: ~2.47e-19 (-13.81dB)
[@       52s] Timestep:         2484 || Speed:  188.1 MC/s (1.905e-02 s/TS) || Energy: ~1.38e-19 (-16.35dB)
[@       56s] Timestep:         2694 || Speed:  187.5 MC/s (1.911e-02 s/TS) || Energy: ~1.00e-19 (-17.74dB)
[@     1m00s] Timestep:         2904 || Speed:  187.7 MC/s (1.909e-02 s/TS) || Energy: ~1.26e-19 (-16.74dB)
[@     1m04s] Timestep:         3114 || Speed:  187.8 MC/s (1.908e-02 s/TS) || Energy: ~1.07e-19 (-17.45dB)
[@     1m08s] Timestep:         3324 || Speed:  187.9 MC/s (1.907e-02 s/TS) || Energy: ~5.62e-20 (-20.24dB)
[@     1m12s] Timestep:         3534 || Speed:  186.4 MC/s (1.922e-02 s/TS) || Energy: ~4.82e-20 (-20.91dB)
[@     1m17s] Timestep:         3744 || Speed:  185.3 MC/s (1.933e-02 s/TS) || Energy: ~6.54e-20 (-19.58dB)
[@     1m21s] Timestep:         3954 || Speed:  187.0 MC/s (1.916e-02 s/TS) || Energy: ~5.56e-20 (-20.29dB)
[@     1m25s] Timestep:         4164 || Speed:  187.9 MC/s (1.907e-02 s/TS) || Energy: ~3.04e-20 (-22.91dB)
[@     1m29s] Timestep:         4374 || Speed:  188.0 MC/s (1.906e-02 s/TS) || Energy: ~2.47e-20 (-23.81dB)
[@     1m33s] Timestep:         4584 || Speed:  187.6 MC/s (1.910e-02 s/TS) || Energy: ~3.45e-20 (-22.36dB)
[@     1m37s] Timestep:         4794 || Speed:  184.0 MC/s (1.947e-02 s/TS) || Energy: ~3.30e-20 (-22.55dB)
[@     1m41s] Timestep:         5004 || Speed:  186.5 MC/s (1.921e-02 s/TS) || Energy: ~1.97e-20 (-24.79dB)
[@     1m45s] Timestep:         5214 || Speed:  186.9 MC/s (1.917e-02 s/TS) || Energy: ~1.41e-20 (-26.24dB)
[@     1m49s] Timestep:         5430 || Speed:  188.5 MC/s (1.900e-02 s/TS) || Energy: ~1.43e-20 (-26.17dB)
[@     1m53s] Timestep:         5640 || Speed:  187.6 MC/s (1.910e-02 s/TS) || Energy: ~1.87e-20 (-25.03dB)
[@     1m57s] Timestep:         5850 || Speed:  187.8 MC/s (1.908e-02 s/TS) || Energy: ~1.68e-20 (-25.50dB)
[@     2m01s] Timestep:         6066 || Speed:  188.4 MC/s (1.902e-02 s/TS) || Energy: ~1.33e-20 (-26.51dB)
[@     2m05s] Timestep:         6276 || Speed:  186.4 MC/s (1.923e-02 s/TS) || Energy: ~8.35e-21 (-28.52dB)
[@     2m09s] Timestep:         6486 || Speed:  187.4 MC/s (1.913e-02 s/TS) || Energy: ~8.27e-21 (-28.57dB)
[@     2m13s] Timestep:         6696 || Speed:  185.6 MC/s (1.930e-02 s/TS) || Energy: ~1.03e-20 (-27.60dB)
[@     2m17s] Timestep:         6906 || Speed:  185.9 MC/s (1.928e-02 s/TS) || Energy: ~9.35e-21 (-28.03dB)
[@     2m21s] Timestep:         7116 || Speed:  187.7 MC/s (1.909e-02 s/TS) || Energy: ~6.07e-21 (-29.91dB)
[@     2m25s] Timestep:         7326 || Speed:  187.4 MC/s (1.912e-02 s/TS) || Energy: ~4.77e-21 (-30.96dB)
[@     2m29s] Timestep:         7536 || Speed:  187.2 MC/s (1.914e-02 s/TS) || Energy: ~5.95e-21 (-30.00dB)
[@     2m33s] Timestep:         7746 || Speed:  185.8 MC/s (1.928e-02 s/TS) || Energy: ~6.33e-21 (-29.73dB)
[@     2m37s] Timestep:         7956 || Speed:  186.8 MC/s (1.918e-02 s/TS) || Energy: ~4.56e-21 (-31.15dB)
[@     2m41s] Timestep:         8166 || Speed:  186.1 MC/s (1.926e-02 s/TS) || Energy: ~2.98e-21 (-33.00dB)
[@     2m45s] Timestep:         8376 || Speed:  187.8 MC/s (1.907e-02 s/TS) || Energy: ~3.36e-21 (-32.48dB)
[@     2m49s] Timestep:         8586 || Speed:  187.8 MC/s (1.908e-02 s/TS) || Energy: ~4.11e-21 (-31.60dB)
[@     2m53s] Timestep:         8796 || Speed:  186.5 MC/s (1.921e-02 s/TS) || Energy: ~3.37e-21 (-32.46dB)
[@     2m57s] Timestep:         9006 || Speed:  185.7 MC/s (1.929e-02 s/TS) || Energy: ~2.06e-21 (-34.61dB)
[@     3m01s] Timestep:         9216 || Speed:  185.4 MC/s (1.932e-02 s/TS) || Energy: ~1.90e-21 (-34.94dB)
[@     3m05s] Timestep:         9426 || Speed:  186.9 MC/s (1.918e-02 s/TS) || Energy: ~2.53e-21 (-33.70dB)
[@     3m09s] Timestep:         9636 || Speed:  187.4 MC/s (1.912e-02 s/TS) || Energy: ~2.41e-21 (-33.92dB)
[@     3m14s] Timestep:         9852 || Speed:  188.2 MC/s (1.904e-02 s/TS) || Energy: ~1.93e-21 (-34.87dB)
[@     3m18s] Timestep:        10062 || Speed:  187.4 MC/s (1.912e-02 s/TS) || Energy: ~1.16e-21 (-37.08dB)
[@     3m22s] Timestep:        10272 || Speed:  186.0 MC/s (1.926e-02 s/TS) || Energy: ~1.17e-21 (-37.07dB)
[@     3m26s] Timestep:        10482 || Speed:  183.7 MC/s (1.950e-02 s/TS) || Energy: ~1.54e-21 (-35.86dB)
[@     3m30s] Timestep:        10692 || Speed:  187.8 MC/s (1.908e-02 s/TS) || Energy: ~1.39e-21 (-36.31dB)
[@     3m34s] Timestep:        10902 || Speed:  187.5 MC/s (1.911e-02 s/TS) || Energy: ~8.57e-22 (-38.41dB)
[@     3m38s] Timestep:        11112 || Speed:  188.1 MC/s (1.905e-02 s/TS) || Energy: ~6.99e-22 (-39.29dB)
[@     3m42s] Timestep:        11328 || Speed:  188.3 MC/s (1.903e-02 s/TS) || Energy: ~7.34e-22 (-39.08dB)
[@     3m46s] Timestep:        11538 || Speed:  186.0 MC/s (1.926e-02 s/TS) || Energy: ~9.31e-22 (-38.05dB)
[@     3m50s] Timestep:        11754 || Speed:  188.3 MC/s (1.903e-02 s/TS) || Energy: ~8.62e-22 (-38.39dB)
[@     3m54s] Timestep:        11964 || Speed:  186.7 MC/s (1.919e-02 s/TS) || Energy: ~6.18e-22 (-39.83dB)
[@     3m58s] Timestep:        12174 || Speed:  186.8 MC/s (1.919e-02 s/TS) || Energy: ~4.09e-22 (-41.62dB)
[@     4m02s] Timestep:        12378 || Speed:  179.8 MC/s (1.993e-02 s/TS) || Energy: ~5.74e-22 (-40.15dB)
[@     4m06s] Timestep:        12588 || Speed:  185.4 MC/s (1.933e-02 s/TS) || Energy: ~5.52e-22 (-40.32dB)
[@     4m10s] Timestep:        12798 || Speed:  186.5 MC/s (1.921e-02 s/TS) || Energy: ~3.69e-22 (-42.06dB)
[@     4m14s] Timestep:        13008 || Speed:  187.7 MC/s (1.908e-02 s/TS) || Energy: ~2.86e-22 (-43.18dB)
[@     4m18s] Timestep:        13218 || Speed:  187.7 MC/s (1.909e-02 s/TS) || Energy: ~3.51e-22 (-42.29dB)
[@     4m22s] Timestep:        13428 || Speed:  184.5 MC/s (1.942e-02 s/TS) || Energy: ~3.71e-22 (-42.04dB)
[@     4m26s] Timestep:        13638 || Speed:  188.0 MC/s (1.906e-02 s/TS) || Energy: ~2.75e-22 (-43.35dB)
[@     4m30s] Timestep:        13854 || Speed:  187.6 MC/s (1.910e-02 s/TS) || Energy: ~2.18e-22 (-44.36dB)
[@     4m35s] Timestep:        14070 || Speed:  188.4 MC/s (1.902e-02 s/TS) || Energy: ~1.81e-22 (-45.16dB)
[@     4m39s] Timestep:        14280 || Speed:  186.1 MC/s (1.925e-02 s/TS) || Energy: ~1.86e-22 (-45.04dB)
[@     4m43s] Timestep:        14490 || Speed:  187.9 MC/s (1.906e-02 s/TS) || Energy: ~2.15e-22 (-44.41dB)
[@     4m47s] Timestep:        14700 || Speed:  187.6 MC/s (1.910e-02 s/TS) || Energy: ~1.87e-22 (-45.03dB)
[@     4m51s] Timestep:        14910 || Speed:  187.5 MC/s (1.911e-02 s/TS) || Energy: ~1.33e-22 (-46.51dB)
[@     4m55s] Timestep:        15120 || Speed:  187.4 MC/s (1.912e-02 s/TS) || Energy: ~1.21e-22 (-46.91dB)
[@     4m59s] Timestep:        15330 || Speed:  187.0 MC/s (1.916e-02 s/TS) || Energy: ~1.39e-22 (-46.32dB)
[@     5m03s] Timestep:        15540 || Speed:  187.3 MC/s (1.913e-02 s/TS) || Energy: ~1.31e-22 (-46.56dB)
[@     5m07s] Timestep:        15750 || Speed:  188.0 MC/s (1.906e-02 s/TS) || Energy: ~9.86e-23 (-47.80dB)
[@     5m11s] Timestep:        15960 || Speed:  188.0 MC/s (1.906e-02 s/TS) || Energy: ~8.24e-23 (-48.58dB)
[@     5m15s] Timestep:        16170 || Speed:  187.2 MC/s (1.914e-02 s/TS) || Energy: ~9.03e-23 (-48.18dB)
[@     5m19s] Timestep:        16380 || Speed:  185.0 MC/s (1.937e-02 s/TS) || Energy: ~9.11e-23 (-48.14dB)
[@     5m23s] Timestep:        16590 || Speed:  187.9 MC/s (1.907e-02 s/TS) || Energy: ~7.33e-23 (-49.09dB)
[@     5m27s] Timestep:        16800 || Speed:  188.1 MC/s (1.905e-02 s/TS) || Energy: ~5.87e-23 (-50.05dB)
Time for 16800 iterations with 3583125.00 cells : 327.27 sec
Speed: 183.93 MCells/s 
    [excite port 12/44]
 ---------------------------------------------------------------------- 
 | openEMS 64bit -- version v0.37.0-rc1-2-g7b051bb
 | (C) 2010-2026 Thorsten Liebig <thorsten.liebig@gmx.de>  GPL license
 ---------------------------------------------------------------------- 
	Used external libraries:
		CSXCAD -- Version: v0.7.0-rc1-1-g5115701
		hdf5   -- Version: 1.10.10
		          compiled against: HDF5 library version: 1.10.10
		tinyxml -- compiled against: 2.6.2
		fparser
		boost  -- compiled against: 1_83
		vtk -- Version: 9.1.0
		       compiled against: 9.1.0

Create FDTD operator (compressed SSE + multi-threading)
FDTD simulation size: 175x195x105 --> 3583125.00 FDTD cells 
FDTD timestep is: 0.00 s; Nyquist rate: 24 timesteps @102110454074.00 Hz
Excitation signal length is: 282 timesteps (0.00s)
Max. number of timesteps: 60000 ( --> 212.77 * Excitation signal length)
Create FDTD engine (compressed SSE + multi-threading)
Running FDTD engine... this may take a while... grab a cup of coffee?!?
[@        4s] Timestep:          102 || Speed:   88.3 MC/s (4.057e-02 s/TS) || Energy: ~6.02e-19 (- 0.00dB)
[@        8s] Timestep:          252 || Speed:  128.9 MC/s (2.779e-02 s/TS) || Energy: ~6.51e-18 (- 0.00dB)
[@       12s] Timestep:          426 || Speed:  155.8 MC/s (2.299e-02 s/TS) || Energy: ~2.12e-18 (- 4.87dB)
[@       16s] Timestep:          618 || Speed:  168.5 MC/s (2.127e-02 s/TS) || Energy: ~1.16e-18 (- 7.50dB)
[@       20s] Timestep:          822 || Speed:  178.4 MC/s (2.009e-02 s/TS) || Energy: ~8.57e-19 (- 8.81dB)
[@       24s] Timestep:         1026 || Speed:  181.8 MC/s (1.971e-02 s/TS) || Energy: ~7.44e-19 (- 9.42dB)
[@       28s] Timestep:         1236 || Speed:  184.4 MC/s (1.944e-02 s/TS) || Energy: ~6.61e-19 (- 9.93dB)
[@       32s] Timestep:         1440 || Speed:  181.4 MC/s (1.976e-02 s/TS) || Energy: ~6.16e-19 (-10.24dB)
Multithreaded Engine: Best performance found using 7 threads.
[@       36s] Timestep:         1656 || Speed:  188.4 MC/s (1.901e-02 s/TS) || Energy: ~5.06e-19 (-11.09dB)
[@       40s] Timestep:         1866 || Speed:  186.3 MC/s (1.923e-02 s/TS) || Energy: ~4.94e-19 (-11.20dB)
[@       44s] Timestep:         2076 || Speed:  187.0 MC/s (1.916e-02 s/TS) || Energy: ~4.23e-19 (-11.87dB)
[@       48s] Timestep:         2286 || Speed:  184.8 MC/s (1.939e-02 s/TS) || Energy: ~2.47e-19 (-14.21dB)
[@       52s] Timestep:         2496 || Speed:  187.5 MC/s (1.911e-02 s/TS) || Energy: ~2.20e-19 (-14.72dB)
[@       56s] Timestep:         2712 || Speed:  188.6 MC/s (1.900e-02 s/TS) || Energy: ~2.18e-19 (-14.76dB)
[@     1m00s] Timestep:         2922 || Speed:  188.1 MC/s (1.905e-02 s/TS) || Energy: ~2.04e-19 (-15.03dB)
[@     1m04s] Timestep:         3132 || Speed:  187.5 MC/s (1.911e-02 s/TS) || Energy: ~1.30e-19 (-16.98dB)
[@     1m09s] Timestep:         3342 || Speed:  186.2 MC/s (1.924e-02 s/TS) || Energy: ~9.68e-20 (-18.27dB)
[@     1m13s] Timestep:         3552 || Speed:  186.8 MC/s (1.918e-02 s/TS) || Energy: ~1.06e-19 (-17.90dB)
[@     1m17s] Timestep:         3762 || Speed:  187.9 MC/s (1.907e-02 s/TS) || Energy: ~1.03e-19 (-18.00dB)
[@     1m21s] Timestep:         3978 || Speed:  188.2 MC/s (1.904e-02 s/TS) || Energy: ~8.72e-20 (-18.73dB)
[@     1m25s] Timestep:         4194 || Speed:  188.3 MC/s (1.903e-02 s/TS) || Energy: ~7.19e-20 (-19.57dB)
[@     1m29s] Timestep:         4404 || Speed:  187.6 MC/s (1.910e-02 s/TS) || Energy: ~5.44e-20 (-20.78dB)
[@     1m33s] Timestep:         4614 || Speed:  187.4 MC/s (1.912e-02 s/TS) || Energy: ~4.96e-20 (-21.18dB)
[@     1m37s] Timestep:         4818 || Speed:  182.3 MC/s (1.966e-02 s/TS) || Energy: ~5.20e-20 (-20.97dB)
[@     1m41s] Timestep:         5028 || Speed:  186.5 MC/s (1.921e-02 s/TS) || Energy: ~4.37e-20 (-21.73dB)
[@     1m45s] Timestep:         5244 || Speed:  188.6 MC/s (1.899e-02 s/TS) || Energy: ~3.77e-20 (-22.37dB)
[@     1m49s] Timestep:         5454 || Speed:  187.5 MC/s (1.911e-02 s/TS) || Energy: ~3.12e-20 (-23.19dB)
[@     1m53s] Timestep:         5664 || Speed:  186.6 MC/s (1.920e-02 s/TS) || Energy: ~2.89e-20 (-23.52dB)
[@     1m57s] Timestep:         5880 || Speed:  188.4 MC/s (1.902e-02 s/TS) || Energy: ~2.69e-20 (-23.84dB)
[@     2m01s] Timestep:         6090 || Speed:  187.6 MC/s (1.910e-02 s/TS) || Energy: ~2.67e-20 (-23.87dB)
[@     2m05s] Timestep:         6300 || Speed:  184.8 MC/s (1.938e-02 s/TS) || Energy: ~2.26e-20 (-24.60dB)
[@     2m09s] Timestep:         6510 || Speed:  186.7 MC/s (1.919e-02 s/TS) || Energy: ~1.72e-20 (-25.78dB)
[@     2m13s] Timestep:         6720 || Speed:  185.3 MC/s (1.933e-02 s/TS) || Energy: ~1.59e-20 (-26.11dB)
[@     2m17s] Timestep:         6930 || Speed:  185.3 MC/s (1.933e-02 s/TS) || Energy: ~1.71e-20 (-25.81dB)
[@     2m21s] Timestep:         7140 || Speed:  186.2 MC/s (1.925e-02 s/TS) || Energy: ~1.53e-20 (-26.29dB)
[@     2m25s] Timestep:         7350 || Speed:  187.9 MC/s (1.907e-02 s/TS) || Energy: ~1.12e-20 (-27.66dB)
[@     2m30s] Timestep:         7560 || Speed:  183.0 MC/s (1.958e-02 s/TS) || Energy: ~9.60e-21 (-28.31dB)
[@     2m34s] Timestep:         7764 || Speed:  181.9 MC/s (1.970e-02 s/TS) || Energy: ~1.16e-20 (-27.50dB)
[@     2m38s] Timestep:         7974 || Speed:  184.2 MC/s (1.946e-02 s/TS) || Energy: ~9.25e-21 (-28.47dB)
[@     2m42s] Timestep:         8184 || Speed:  187.0 MC/s (1.916e-02 s/TS) || Energy: ~6.67e-21 (-29.90dB)
[@     2m46s] Timestep:         8394 || Speed:  187.7 MC/s (1.909e-02 s/TS) || Energy: ~6.67e-21 (-29.89dB)
[@     2m50s] Timestep:         8604 || Speed:  187.2 MC/s (1.914e-02 s/TS) || Energy: ~7.36e-21 (-29.46dB)
[@     2m54s] Timestep:         8814 || Speed:  187.5 MC/s (1.911e-02 s/TS) || Energy: ~6.16e-21 (-30.24dB)
[@     2m58s] Timestep:         9024 || Speed:  187.8 MC/s (1.908e-02 s/TS) || Energy: ~4.33e-21 (-31.77dB)
[@     3m02s] Timestep:         9234 || Speed:  188.1 MC/s (1.905e-02 s/TS) || Energy: ~4.07e-21 (-32.03dB)
[@     3m06s] Timestep:         9444 || Speed:  187.8 MC/s (1.908e-02 s/TS) || Energy: ~4.60e-21 (-31.51dB)
[@     3m10s] Timestep:         9660 || Speed:  188.8 MC/s (1.898e-02 s/TS) || Energy: ~4.24e-21 (-31.86dB)
[@     3m14s] Timestep:         9876 || Speed:  189.1 MC/s (1.895e-02 s/TS) || Energy: ~3.68e-21 (-32.47dB)
[@     3m18s] Timestep:        10086 || Speed:  187.0 MC/s (1.916e-02 s/TS) || Energy: ~2.62e-21 (-33.95dB)
[@     3m22s] Timestep:        10296 || Speed:  183.7 MC/s (1.951e-02 s/TS) || Energy: ~2.15e-21 (-34.81dB)
[@     3m26s] Timestep:        10512 || Speed:  188.1 MC/s (1.905e-02 s/TS) || Energy: ~2.08e-21 (-34.96dB)
[@     3m30s] Timestep:        10722 || Speed:  187.8 MC/s (1.908e-02 s/TS) || Energy: ~2.33e-21 (-34.47dB)
[@     3m34s] Timestep:        10932 || Speed:  187.9 MC/s (1.907e-02 s/TS) || Energy: ~2.03e-21 (-35.07dB)
[@     3m38s] Timestep:        11148 || Speed:  188.1 MC/s (1.905e-02 s/TS) || Energy: ~1.64e-21 (-35.97dB)
[@     3m42s] Timestep:        11364 || Speed:  188.5 MC/s (1.900e-02 s/TS) || Energy: ~1.31e-21 (-36.95dB)
[@     3m46s] Timestep:        11574 || Speed:  187.7 MC/s (1.909e-02 s/TS) || Energy: ~1.05e-21 (-37.91dB)
[@     3m50s] Timestep:        11784 || Speed:  186.4 MC/s (1.923e-02 s/TS) || Energy: ~1.18e-21 (-37.41dB)
[@     3m54s] Timestep:        11994 || Speed:  186.0 MC/s (1.927e-02 s/TS) || Energy: ~1.21e-21 (-37.32dB)
[@     3m58s] Timestep:        12204 || Speed:  186.4 MC/s (1.922e-02 s/TS) || Energy: ~9.17e-22 (-38.51dB)
[@     4m03s] Timestep:        12420 || Speed:  188.4 MC/s (1.902e-02 s/TS) || Energy: ~7.26e-22 (-39.52dB)
[@     4m07s] Timestep:        12630 || Speed:  188.1 MC/s (1.905e-02 s/TS) || Energy: ~5.71e-22 (-40.57dB)
[@     4m11s] Timestep:        12840 || Speed:  187.5 MC/s (1.911e-02 s/TS) || Energy: ~6.59e-22 (-39.94dB)
[@     4m15s] Timestep:        13056 || Speed:  188.3 MC/s (1.903e-02 s/TS) || Energy: ~6.50e-22 (-40.00dB)
[@     4m19s] Timestep:        13266 || Speed:  187.9 MC/s (1.907e-02 s/TS) || Energy: ~6.05e-22 (-40.32dB)
[@     4m23s] Timestep:        13476 || Speed:  186.9 MC/s (1.918e-02 s/TS) || Energy: ~4.04e-22 (-42.07dB)
[@     4m27s] Timestep:        13686 || Speed:  188.0 MC/s (1.906e-02 s/TS) || Energy: ~2.99e-22 (-43.38dB)
[@     4m31s] Timestep:        13896 || Speed:  185.1 MC/s (1.936e-02 s/TS) || Energy: ~3.68e-22 (-42.48dB)
[@     4m35s] Timestep:        14106 || Speed:  186.6 MC/s (1.920e-02 s/TS) || Energy: ~4.11e-22 (-41.99dB)
[@     4m39s] Timestep:        14316 || Speed:  185.1 MC/s (1.935e-02 s/TS) || Energy: ~3.02e-22 (-43.34dB)
[@     4m43s] Timestep:        14526 || Speed:  186.4 MC/s (1.922e-02 s/TS) || Energy: ~1.79e-22 (-45.59dB)
[@     4m47s] Timestep:        14736 || Speed:  187.5 MC/s (1.911e-02 s/TS) || Energy: ~1.93e-22 (-45.27dB)
[@     4m51s] Timestep:        14946 || Speed:  185.4 MC/s (1.932e-02 s/TS) || Energy: ~2.61e-22 (-43.97dB)
[@     4m55s] Timestep:        15156 || Speed:  186.4 MC/s (1.922e-02 s/TS) || Energy: ~2.29e-22 (-44.53dB)
[@     4m59s] Timestep:        15366 || Speed:  183.6 MC/s (1.952e-02 s/TS) || Energy: ~1.29e-22 (-47.02dB)
[@     5m03s] Timestep:        15576 || Speed:  187.6 MC/s (1.910e-02 s/TS) || Energy: ~1.00e-22 (-48.12dB)
[@     5m07s] Timestep:        15792 || Speed:  188.2 MC/s (1.904e-02 s/TS) || Energy: ~1.09e-22 (-47.75dB)
[@     5m11s] Timestep:        16002 || Speed:  187.1 MC/s (1.915e-02 s/TS) || Energy: ~1.58e-22 (-46.15dB)
[@     5m15s] Timestep:        16218 || Speed:  188.1 MC/s (1.905e-02 s/TS) || Energy: ~1.51e-22 (-46.34dB)
[@     5m19s] Timestep:        16428 || Speed:  185.9 MC/s (1.927e-02 s/TS) || Energy: ~1.07e-22 (-47.83dB)
[@     5m24s] Timestep:        16644 || Speed:  188.4 MC/s (1.901e-02 s/TS) || Energy: ~7.75e-23 (-49.24dB)
[@     5m28s] Timestep:        16854 || Speed:  187.6 MC/s (1.910e-02 s/TS) || Energy: ~4.98e-23 (-51.16dB)
Time for 16854 iterations with 3583125.00 cells : 328.08 sec
Speed: 184.07 MCells/s 
    [excite port 13/44]
 ---------------------------------------------------------------------- 
 | openEMS 64bit -- version v0.37.0-rc1-2-g7b051bb
 | (C) 2010-2026 Thorsten Liebig <thorsten.liebig@gmx.de>  GPL license
 ---------------------------------------------------------------------- 
	Used external libraries:
		CSXCAD -- Version: v0.7.0-rc1-1-g5115701
		hdf5   -- Version: 1.10.10
		          compiled against: HDF5 library version: 1.10.10
		tinyxml -- compiled against: 2.6.2
		fparser
		boost  -- compiled against: 1_83
		vtk -- Version: 9.1.0
		       compiled against: 9.1.0

Create FDTD operator (compressed SSE + multi-threading)
FDTD simulation size: 175x195x105 --> 3583125.00 FDTD cells 
FDTD timestep is: 0.00 s; Nyquist rate: 24 timesteps @102110454074.00 Hz
Excitation signal length is: 282 timesteps (0.00s)
Max. number of timesteps: 60000 ( --> 212.77 * Excitation signal length)
Create FDTD engine (compressed SSE + multi-threading)
Running FDTD engine... this may take a while... grab a cup of coffee?!?
[@        4s] Timestep:          102 || Speed:   87.1 MC/s (4.113e-02 s/TS) || Energy: ~6.13e-19 (- 0.00dB)
[@        8s] Timestep:          246 || Speed:  127.8 MC/s (2.805e-02 s/TS) || Energy: ~5.90e-18 (- 0.00dB)
[@       12s] Timestep:          426 || Speed:  157.7 MC/s (2.272e-02 s/TS) || Energy: ~2.67e-18 (- 3.44dB)
[@       16s] Timestep:          612 || Speed:  165.5 MC/s (2.164e-02 s/TS) || Energy: ~1.70e-18 (- 5.40dB)
[@       20s] Timestep:          816 || Speed:  179.8 MC/s (1.992e-02 s/TS) || Energy: ~1.49e-18 (- 5.98dB)
[@       24s] Timestep:         1026 || Speed:  183.6 MC/s (1.951e-02 s/TS) || Energy: ~9.96e-19 (- 7.73dB)
[@       28s] Timestep:         1230 || Speed:  177.5 MC/s (2.019e-02 s/TS) || Energy: ~9.91e-19 (- 7.75dB)
Multithreaded Engine: Best performance found using 6 threads.
[@       32s] Timestep:         1440 || Speed:  187.6 MC/s (1.910e-02 s/TS) || Energy: ~8.09e-19 (- 8.63dB)
[@       36s] Timestep:         1650 || Speed:  187.5 MC/s (1.911e-02 s/TS) || Energy: ~5.89e-19 (-10.01dB)
[@       40s] Timestep:         1866 || Speed:  188.5 MC/s (1.901e-02 s/TS) || Energy: ~4.98e-19 (-10.74dB)
[@       44s] Timestep:         2082 || Speed:  188.3 MC/s (1.903e-02 s/TS) || Energy: ~4.18e-19 (-11.50dB)
[@       48s] Timestep:         2292 || Speed:  187.2 MC/s (1.914e-02 s/TS) || Energy: ~3.47e-19 (-12.30dB)
[@       52s] Timestep:         2508 || Speed:  188.8 MC/s (1.898e-02 s/TS) || Energy: ~2.85e-19 (-13.16dB)
[@       57s] Timestep:         2724 || Speed:  189.2 MC/s (1.894e-02 s/TS) || Energy: ~2.48e-19 (-13.77dB)
[@     1m01s] Timestep:         2940 || Speed:  188.9 MC/s (1.897e-02 s/TS) || Energy: ~2.26e-19 (-14.17dB)
[@     1m05s] Timestep:         3156 || Speed:  188.9 MC/s (1.897e-02 s/TS) || Energy: ~2.06e-19 (-14.56dB)
[@     1m09s] Timestep:         3366 || Speed:  187.6 MC/s (1.910e-02 s/TS) || Energy: ~1.69e-19 (-15.44dB)
[@     1m13s] Timestep:         3576 || Speed:  187.7 MC/s (1.909e-02 s/TS) || Energy: ~1.12e-19 (-17.23dB)
[@     1m17s] Timestep:         3792 || Speed:  188.5 MC/s (1.900e-02 s/TS) || Energy: ~8.84e-20 (-18.25dB)
[@     1m21s] Timestep:         4008 || Speed:  188.8 MC/s (1.898e-02 s/TS) || Energy: ~7.64e-20 (-18.88dB)
[@     1m25s] Timestep:         4224 || Speed:  189.0 MC/s (1.896e-02 s/TS) || Energy: ~7.27e-20 (-19.10dB)
[@     1m29s] Timestep:         4434 || Speed:  187.5 MC/s (1.911e-02 s/TS) || Energy: ~9.33e-20 (-18.01dB)
[@     1m33s] Timestep:         4644 || Speed:  185.5 MC/s (1.931e-02 s/TS) || Energy: ~8.56e-20 (-18.38dB)
[@     1m37s] Timestep:         4854 || Speed:  186.2 MC/s (1.925e-02 s/TS) || Energy: ~5.00e-20 (-20.72dB)
[@     1m41s] Timestep:         5064 || Speed:  186.2 MC/s (1.925e-02 s/TS) || Energy: ~3.47e-20 (-22.30dB)
[@     1m45s] Timestep:         5274 || Speed:  188.0 MC/s (1.906e-02 s/TS) || Energy: ~5.25e-20 (-20.51dB)
[@     1m49s] Timestep:         5484 || Speed:  186.7 MC/s (1.919e-02 s/TS) || Energy: ~6.15e-20 (-19.82dB)
[@     1m53s] Timestep:         5700 || Speed:  188.4 MC/s (1.902e-02 s/TS) || Energy: ~5.19e-20 (-20.56dB)
[@     1m57s] Timestep:         5910 || Speed:  188.0 MC/s (1.906e-02 s/TS) || Energy: ~2.67e-20 (-23.44dB)
[@     2m01s] Timestep:         6120 || Speed:  187.9 MC/s (1.907e-02 s/TS) || Energy: ~1.80e-20 (-25.17dB)
[@     2m05s] Timestep:         6330 || Speed:  188.1 MC/s (1.905e-02 s/TS) || Energy: ~3.08e-20 (-22.83dB)
[@     2m09s] Timestep:         6540 || Speed:  187.8 MC/s (1.907e-02 s/TS) || Energy: ~3.61e-20 (-22.13dB)
[@     2m13s] Timestep:         6750 || Speed:  184.0 MC/s (1.948e-02 s/TS) || Energy: ~2.27e-20 (-24.15dB)
[@     2m18s] Timestep:         6960 || Speed:  186.7 MC/s (1.919e-02 s/TS) || Energy: ~1.11e-20 (-27.26dB)
[@     2m22s] Timestep:         7170 || Speed:  184.8 MC/s (1.939e-02 s/TS) || Energy: ~1.55e-20 (-25.81dB)
[@     2m26s] Timestep:         7380 || Speed:  188.0 MC/s (1.906e-02 s/TS) || Energy: ~2.26e-20 (-24.17dB)
[@     2m30s] Timestep:         7590 || Speed:  188.1 MC/s (1.905e-02 s/TS) || Energy: ~1.81e-20 (-25.14dB)
[@     2m34s] Timestep:         7800 || Speed:  187.9 MC/s (1.907e-02 s/TS) || Energy: ~9.27e-21 (-28.04dB)
[@     2m38s] Timestep:         8010 || Speed:  187.7 MC/s (1.909e-02 s/TS) || Energy: ~8.23e-21 (-28.56dB)
[@     2m42s] Timestep:         8220 || Speed:  188.0 MC/s (1.906e-02 s/TS) || Energy: ~1.25e-20 (-26.74dB)
[@     2m46s] Timestep:         8430 || Speed:  188.1 MC/s (1.905e-02 s/TS) || Energy: ~1.27e-20 (-26.68dB)
[@     2m50s] Timestep:         8640 || Speed:  187.9 MC/s (1.907e-02 s/TS) || Energy: ~8.13e-21 (-28.61dB)
[@     2m54s] Timestep:         8850 || Speed:  187.7 MC/s (1.909e-02 s/TS) || Energy: ~5.45e-21 (-30.35dB)
[@     2m58s] Timestep:         9060 || Speed:  183.9 MC/s (1.949e-02 s/TS) || Energy: ~6.69e-21 (-29.46dB)
[@     3m02s] Timestep:         9270 || Speed:  186.6 MC/s (1.920e-02 s/TS) || Energy: ~7.81e-21 (-28.79dB)
[@     3m06s] Timestep:         9486 || Speed:  188.6 MC/s (1.900e-02 s/TS) || Energy: ~6.95e-21 (-29.29dB)
[@     3m10s] Timestep:         9696 || Speed:  188.1 MC/s (1.905e-02 s/TS) || Energy: ~5.18e-21 (-30.57dB)
[@     3m14s] Timestep:         9906 || Speed:  188.0 MC/s (1.906e-02 s/TS) || Energy: ~3.77e-21 (-31.95dB)
[@     3m18s] Timestep:        10116 || Speed:  187.6 MC/s (1.910e-02 s/TS) || Energy: ~3.77e-21 (-31.94dB)
[@     3m22s] Timestep:        10326 || Speed:  187.4 MC/s (1.912e-02 s/TS) || Energy: ~4.14e-21 (-31.54dB)
[@     3m26s] Timestep:        10542 || Speed:  188.6 MC/s (1.899e-02 s/TS) || Energy: ~3.80e-21 (-31.91dB)
[@     3m30s] Timestep:        10752 || Speed:  187.2 MC/s (1.914e-02 s/TS) || Energy: ~3.28e-21 (-32.55dB)
[@     3m34s] Timestep:        10962 || Speed:  186.8 MC/s (1.918e-02 s/TS) || Energy: ~2.53e-21 (-33.68dB)
[@     3m38s] Timestep:        11178 || Speed:  188.5 MC/s (1.901e-02 s/TS) || Energy: ~2.19e-21 (-34.31dB)
[@     3m42s] Timestep:        11382 || Speed:  181.1 MC/s (1.979e-02 s/TS) || Energy: ~2.20e-21 (-34.29dB)
[@     3m46s] Timestep:        11592 || Speed:  187.4 MC/s (1.912e-02 s/TS) || Energy: ~2.24e-21 (-34.22dB)
[@     3m50s] Timestep:        11802 || Speed:  185.2 MC/s (1.935e-02 s/TS) || Energy: ~1.94e-21 (-34.84dB)
[@     3m54s] Timestep:        12012 || Speed:  187.7 MC/s (1.909e-02 s/TS) || Energy: ~1.48e-21 (-36.00dB)
[@     3m58s] Timestep:        12222 || Speed:  187.5 MC/s (1.911e-02 s/TS) || Energy: ~1.27e-21 (-36.67dB)
[@     4m02s] Timestep:        12432 || Speed:  185.6 MC/s (1.930e-02 s/TS) || Energy: ~1.34e-21 (-36.43dB)
[@     4m06s] Timestep:        12642 || Speed:  187.9 MC/s (1.907e-02 s/TS) || Energy: ~1.37e-21 (-36.35dB)
[@     4m10s] Timestep:        12852 || Speed:  184.4 MC/s (1.943e-02 s/TS) || Energy: ~1.13e-21 (-37.17dB)
[@     4m14s] Timestep:        13062 || Speed:  187.1 MC/s (1.915e-02 s/TS) || Energy: ~8.34e-22 (-38.50dB)
[@     4m19s] Timestep:        13278 || Speed:  188.4 MC/s (1.902e-02 s/TS) || Energy: ~7.19e-22 (-39.14dB)
[@     4m23s] Timestep:        13494 || Speed:  188.2 MC/s (1.904e-02 s/TS) || Energy: ~6.46e-22 (-39.61dB)
[@     4m27s] Timestep:        13704 || Speed:  187.5 MC/s (1.911e-02 s/TS) || Energy: ~7.18e-22 (-39.15dB)
[@     4m31s] Timestep:        13914 || Speed:  187.4 MC/s (1.913e-02 s/TS) || Energy: ~7.62e-22 (-38.89dB)
[@     4m35s] Timestep:        14130 || Speed:  188.3 MC/s (1.903e-02 s/TS) || Energy: ~6.85e-22 (-39.36dB)
[@     4m39s] Timestep:        14340 || Speed:  188.1 MC/s (1.905e-02 s/TS) || Energy: ~5.01e-22 (-40.71dB)
[@     4m43s] Timestep:        14550 || Speed:  187.6 MC/s (1.910e-02 s/TS) || Energy: ~3.58e-22 (-42.17dB)
[@     4m47s] Timestep:        14760 || Speed:  186.6 MC/s (1.920e-02 s/TS) || Energy: ~3.91e-22 (-41.79dB)
[@     4m51s] Timestep:        14970 || Speed:  187.8 MC/s (1.908e-02 s/TS) || Energy: ~4.64e-22 (-41.04dB)
[@     4m55s] Timestep:        15180 || Speed:  187.1 MC/s (1.915e-02 s/TS) || Energy: ~4.01e-22 (-41.68dB)
[@     4m59s] Timestep:        15396 || Speed:  188.2 MC/s (1.904e-02 s/TS) || Energy: ~3.24e-22 (-42.60dB)
[@     5m03s] Timestep:        15612 || Speed:  189.0 MC/s (1.896e-02 s/TS) || Energy: ~2.51e-22 (-43.71dB)
[@     5m07s] Timestep:        15822 || Speed:  187.1 MC/s (1.915e-02 s/TS) || Energy: ~1.75e-22 (-45.28dB)
[@     5m11s] Timestep:        16038 || Speed:  188.3 MC/s (1.903e-02 s/TS) || Energy: ~1.69e-22 (-45.42dB)
[@     5m15s] Timestep:        16254 || Speed:  188.5 MC/s (1.901e-02 s/TS) || Energy: ~1.78e-22 (-45.20dB)
[@     5m19s] Timestep:        16464 || Speed:  188.0 MC/s (1.906e-02 s/TS) || Energy: ~2.36e-22 (-43.99dB)
[@     5m23s] Timestep:        16680 || Speed:  188.2 MC/s (1.904e-02 s/TS) || Energy: ~2.23e-22 (-44.24dB)
[@     5m27s] Timestep:        16890 || Speed:  187.2 MC/s (1.914e-02 s/TS) || Energy: ~1.61e-22 (-45.66dB)
[@     5m31s] Timestep:        17100 || Speed:  187.9 MC/s (1.907e-02 s/TS) || Energy: ~8.94e-23 (-48.20dB)
[@     5m35s] Timestep:        17310 || Speed:  186.5 MC/s (1.921e-02 s/TS) || Energy: ~9.73e-23 (-47.83dB)
[@     5m40s] Timestep:        17526 || Speed:  188.3 MC/s (1.903e-02 s/TS) || Energy: ~1.09e-22 (-47.36dB)
[@     5m44s] Timestep:        17736 || Speed:  187.7 MC/s (1.909e-02 s/TS) || Energy: ~1.37e-22 (-46.35dB)
[@     5m48s] Timestep:        17952 || Speed:  188.3 MC/s (1.903e-02 s/TS) || Energy: ~1.23e-22 (-46.80dB)
[@     5m52s] Timestep:        18162 || Speed:  187.9 MC/s (1.907e-02 s/TS) || Energy: ~7.73e-23 (-48.83dB)
[@     5m56s] Timestep:        18378 || Speed:  188.5 MC/s (1.901e-02 s/TS) || Energy: ~5.66e-23 (-50.19dB)
Time for 18378 iterations with 3583125.00 cells : 356.34 sec
Speed: 184.80 MCells/s 
    [excite port 14/44]
 ---------------------------------------------------------------------- 
 | openEMS 64bit -- version v0.37.0-rc1-2-g7b051bb
 | (C) 2010-2026 Thorsten Liebig <thorsten.liebig@gmx.de>  GPL license
 ---------------------------------------------------------------------- 
	Used external libraries:
		CSXCAD -- Version: v0.7.0-rc1-1-g5115701
		hdf5   -- Version: 1.10.10
		          compiled against: HDF5 library version: 1.10.10
		tinyxml -- compiled against: 2.6.2
		fparser
		boost  -- compiled against: 1_83
		vtk -- Version: 9.1.0
		       compiled against: 9.1.0

Create FDTD operator (compressed SSE + multi-threading)
FDTD simulation size: 175x195x105 --> 3583125.00 FDTD cells 
FDTD timestep is: 0.00 s; Nyquist rate: 24 timesteps @102110454074.00 Hz
Excitation signal length is: 282 timesteps (0.00s)
Max. number of timesteps: 60000 ( --> 212.77 * Excitation signal length)
Create FDTD engine (compressed SSE + multi-threading)
Running FDTD engine... this may take a while... grab a cup of coffee?!?
[@        4s] Timestep:          102 || Speed:   88.0 MC/s (4.072e-02 s/TS) || Energy: ~6.13e-19 (- 0.00dB)
[@        8s] Timestep:          264 || Speed:  143.3 MC/s (2.500e-02 s/TS) || Energy: ~7.09e-18 (- 0.00dB)
[@       12s] Timestep:          456 || Speed:  167.4 MC/s (2.141e-02 s/TS) || Energy: ~2.86e-18 (- 3.94dB)
[@       16s] Timestep:          660 || Speed:  177.9 MC/s (2.014e-02 s/TS) || Energy: ~1.43e-18 (- 6.94dB)
[@       20s] Timestep:          864 || Speed:  181.7 MC/s (1.972e-02 s/TS) || Energy: ~1.35e-18 (- 7.21dB)
[@       24s] Timestep:         1068 || Speed:  179.5 MC/s (1.996e-02 s/TS) || Energy: ~1.14e-18 (- 7.93dB)
Multithreaded Engine: Best performance found using 5 threads.
[@       28s] Timestep:         1278 || Speed:  183.2 MC/s (1.956e-02 s/TS) || Energy: ~6.18e-19 (-10.59dB)
[@       32s] Timestep:         1488 || Speed:  183.1 MC/s (1.957e-02 s/TS) || Energy: ~6.96e-19 (-10.08dB)
[@       36s] Timestep:         1698 || Speed:  183.8 MC/s (1.949e-02 s/TS) || Energy: ~6.63e-19 (-10.29dB)
[@       40s] Timestep:         1908 || Speed:  183.7 MC/s (1.951e-02 s/TS) || Energy: ~4.70e-19 (-11.78dB)
[@       45s] Timestep:         2118 || Speed:  183.7 MC/s (1.950e-02 s/TS) || Energy: ~3.31e-19 (-13.30dB)
[@       49s] Timestep:         2328 || Speed:  186.0 MC/s (1.926e-02 s/TS) || Energy: ~2.91e-19 (-13.86dB)
[@       53s] Timestep:         2538 || Speed:  185.0 MC/s (1.936e-02 s/TS) || Energy: ~2.44e-19 (-14.63dB)
[@       57s] Timestep:         2748 || Speed:  183.0 MC/s (1.958e-02 s/TS) || Energy: ~1.69e-19 (-16.23dB)
[@     1m01s] Timestep:         2958 || Speed:  186.2 MC/s (1.925e-02 s/TS) || Energy: ~1.39e-19 (-17.06dB)
[@     1m05s] Timestep:         3168 || Speed:  184.7 MC/s (1.940e-02 s/TS) || Energy: ~1.30e-19 (-17.37dB)
[@     1m09s] Timestep:         3378 || Speed:  183.6 MC/s (1.952e-02 s/TS) || Energy: ~9.87e-20 (-18.56dB)
[@     1m13s] Timestep:         3588 || Speed:  185.4 MC/s (1.933e-02 s/TS) || Energy: ~6.74e-20 (-20.22dB)
[@     1m17s] Timestep:         3798 || Speed:  184.6 MC/s (1.941e-02 s/TS) || Energy: ~7.00e-20 (-20.06dB)
[@     1m21s] Timestep:         4008 || Speed:  184.8 MC/s (1.939e-02 s/TS) || Energy: ~7.61e-20 (-19.69dB)
[@     1m25s] Timestep:         4218 || Speed:  184.6 MC/s (1.941e-02 s/TS) || Energy: ~5.66e-20 (-20.97dB)
[@     1m29s] Timestep:         4428 || Speed:  185.1 MC/s (1.935e-02 s/TS) || Energy: ~3.49e-20 (-23.08dB)
[@     1m33s] Timestep:         4638 || Speed:  185.1 MC/s (1.936e-02 s/TS) || Energy: ~3.53e-20 (-23.02dB)
[@     1m37s] Timestep:         4848 || Speed:  185.0 MC/s (1.937e-02 s/TS) || Energy: ~4.37e-20 (-22.09dB)
[@     1m41s] Timestep:         5052 || Speed:  181.9 MC/s (1.970e-02 s/TS) || Energy: ~3.06e-20 (-23.65dB)
[@     1m46s] Timestep:         5262 || Speed:  185.0 MC/s (1.937e-02 s/TS) || Energy: ~2.00e-20 (-25.49dB)
[@     1m50s] Timestep:         5472 || Speed:  185.8 MC/s (1.928e-02 s/TS) || Energy: ~2.34e-20 (-24.81dB)
[@     1m54s] Timestep:         5682 || Speed:  185.8 MC/s (1.928e-02 s/TS) || Energy: ~2.79e-20 (-24.05dB)
[@     1m58s] Timestep:         5892 || Speed:  184.5 MC/s (1.942e-02 s/TS) || Energy: ~2.27e-20 (-24.94dB)
[@     2m02s] Timestep:         6102 || Speed:  185.7 MC/s (1.930e-02 s/TS) || Energy: ~1.41e-20 (-27.00dB)
[@     2m06s] Timestep:         6312 || Speed:  184.8 MC/s (1.939e-02 s/TS) || Energy: ~1.24e-20 (-27.58dB)
[@     2m10s] Timestep:         6522 || Speed:  185.8 MC/s (1.929e-02 s/TS) || Energy: ~1.59e-20 (-26.50dB)
[@     2m14s] Timestep:         6732 || Speed:  183.0 MC/s (1.958e-02 s/TS) || Energy: ~1.57e-20 (-26.54dB)
[@     2m18s] Timestep:         6942 || Speed:  185.3 MC/s (1.933e-02 s/TS) || Energy: ~1.08e-20 (-28.19dB)
[@     2m22s] Timestep:         7152 || Speed:  185.5 MC/s (1.932e-02 s/TS) || Energy: ~7.47e-21 (-29.77dB)
[@     2m26s] Timestep:         7362 || Speed:  186.1 MC/s (1.925e-02 s/TS) || Energy: ~8.62e-21 (-29.15dB)
[@     2m30s] Timestep:         7572 || Speed:  185.7 MC/s (1.930e-02 s/TS) || Energy: ~9.87e-21 (-28.56dB)
[@     2m34s] Timestep:         7782 || Speed:  185.3 MC/s (1.933e-02 s/TS) || Energy: ~7.94e-21 (-29.50dB)
[@     2m38s] Timestep:         7962 || Speed:  158.2 MC/s (2.264e-02 s/TS) || Energy: ~7.81e-21 (-29.58dB)
[@     2m42s] Timestep:         8154 || Speed:  169.4 MC/s (2.115e-02 s/TS) || Energy: ~5.54e-21 (-31.07dB)
[@     2m47s] Timestep:         8358 || Speed:  177.8 MC/s (2.016e-02 s/TS) || Energy: ~6.24e-21 (-30.55dB)
[@     2m51s] Timestep:         8562 || Speed:  180.7 MC/s (1.983e-02 s/TS) || Energy: ~3.81e-21 (-32.69dB)
[@     2m55s] Timestep:         8766 || Speed:  179.1 MC/s (2.001e-02 s/TS) || Energy: ~4.41e-21 (-32.06dB)
[@     2m59s] Timestep:         8964 || Speed:  177.1 MC/s (2.023e-02 s/TS) || Energy: ~3.60e-21 (-32.94dB)
[@     3m03s] Timestep:         9168 || Speed:  182.3 MC/s (1.965e-02 s/TS) || Energy: ~2.98e-21 (-33.76dB)
[@     3m07s] Timestep:         9378 || Speed:  183.1 MC/s (1.957e-02 s/TS) || Energy: ~3.33e-21 (-33.28dB)
[@     3m11s] Timestep:         9588 || Speed:  183.3 MC/s (1.955e-02 s/TS) || Energy: ~3.05e-21 (-33.66dB)
[@     3m15s] Timestep:         9798 || Speed:  184.1 MC/s (1.947e-02 s/TS) || Energy: ~2.25e-21 (-34.97dB)
[@     3m19s] Timestep:        10002 || Speed:  182.3 MC/s (1.965e-02 s/TS) || Energy: ~1.92e-21 (-35.67dB)
[@     3m23s] Timestep:        10212 || Speed:  182.9 MC/s (1.959e-02 s/TS) || Energy: ~2.08e-21 (-35.33dB)
[@     3m27s] Timestep:        10416 || Speed:  182.6 MC/s (1.963e-02 s/TS) || Energy: ~1.72e-21 (-36.15dB)
[@     3m31s] Timestep:        10620 || Speed:  181.8 MC/s (1.971e-02 s/TS) || Energy: ~1.29e-21 (-37.41dB)
[@     3m35s] Timestep:        10830 || Speed:  183.2 MC/s (1.956e-02 s/TS) || Energy: ~1.39e-21 (-37.09dB)
[@     3m39s] Timestep:        11040 || Speed:  183.4 MC/s (1.954e-02 s/TS) || Energy: ~1.37e-21 (-37.15dB)
[@     3m43s] Timestep:        11250 || Speed:  183.7 MC/s (1.951e-02 s/TS) || Energy: ~1.06e-21 (-38.24dB)
[@     3m47s] Timestep:        11460 || Speed:  184.3 MC/s (1.944e-02 s/TS) || Energy: ~7.79e-22 (-39.59dB)
[@     3m52s] Timestep:        11670 || Speed:  183.4 MC/s (1.954e-02 s/TS) || Energy: ~7.65e-22 (-39.67dB)
[@     3m56s] Timestep:        11874 || Speed:  182.5 MC/s (1.964e-02 s/TS) || Energy: ~8.57e-22 (-39.18dB)
[@     4m00s] Timestep:        12078 || Speed:  182.2 MC/s (1.966e-02 s/TS) || Energy: ~5.61e-22 (-41.02dB)
[@     4m04s] Timestep:        12288 || Speed:  184.7 MC/s (1.940e-02 s/TS) || Energy: ~5.10e-22 (-41.43dB)
[@     4m08s] Timestep:        12498 || Speed:  183.6 MC/s (1.952e-02 s/TS) || Energy: ~5.71e-22 (-40.94dB)
[@     4m12s] Timestep:        12708 || Speed:  183.7 MC/s (1.950e-02 s/TS) || Energy: ~5.27e-22 (-41.28dB)
[@     4m16s] Timestep:        12918 || Speed:  183.8 MC/s (1.950e-02 s/TS) || Energy: ~3.79e-22 (-42.72dB)
[@     4m20s] Timestep:        13128 || Speed:  183.3 MC/s (1.955e-02 s/TS) || Energy: ~3.00e-22 (-43.74dB)
[@     4m24s] Timestep:        13332 || Speed:  180.7 MC/s (1.983e-02 s/TS) || Energy: ~3.66e-22 (-42.87dB)
[@     4m28s] Timestep:        13536 || Speed:  181.9 MC/s (1.969e-02 s/TS) || Energy: ~2.80e-22 (-44.04dB)
[@     4m32s] Timestep:        13740 || Speed:  182.1 MC/s (1.968e-02 s/TS) || Energy: ~2.28e-22 (-44.93dB)
[@     4m36s] Timestep:        13944 || Speed:  182.6 MC/s (1.963e-02 s/TS) || Energy: ~2.61e-22 (-44.33dB)
[@     4m40s] Timestep:        14148 || Speed:  180.7 MC/s (1.983e-02 s/TS) || Energy: ~1.82e-22 (-45.89dB)
[@     4m44s] Timestep:        14352 || Speed:  182.4 MC/s (1.964e-02 s/TS) || Energy: ~1.77e-22 (-46.02dB)
[@     4m48s] Timestep:        14562 || Speed:  182.8 MC/s (1.960e-02 s/TS) || Energy: ~1.80e-22 (-45.96dB)
[@     4m52s] Timestep:        14772 || Speed:  183.4 MC/s (1.954e-02 s/TS) || Energy: ~1.48e-22 (-46.80dB)
[@     4m56s] Timestep:        14976 || Speed:  182.6 MC/s (1.962e-02 s/TS) || Energy: ~1.14e-22 (-47.94dB)
[@     5m01s] Timestep:        15186 || Speed:  183.3 MC/s (1.954e-02 s/TS) || Energy: ~1.15e-22 (-47.90dB)
[@     5m05s] Timestep:        15390 || Speed:  181.7 MC/s (1.972e-02 s/TS) || Energy: ~1.05e-22 (-48.28dB)
[@     5m09s] Timestep:        15600 || Speed:  184.8 MC/s (1.939e-02 s/TS) || Energy: ~8.45e-23 (-49.23dB)
[@     5m13s] Timestep:        15810 || Speed:  183.4 MC/s (1.953e-02 s/TS) || Energy: ~7.54e-23 (-49.73dB)
[@     5m17s] Timestep:        16020 || Speed:  183.1 MC/s (1.957e-02 s/TS) || Energy: ~7.22e-23 (-49.92dB)
[@     5m21s] Timestep:        16224 || Speed:  181.6 MC/s (1.973e-02 s/TS) || Energy: ~6.39e-23 (-50.45dB)
Time for 16224 iterations with 3583125.00 cells : 321.37 sec
Speed: 180.89 MCells/s 
    [excite port 15/44]
 ---------------------------------------------------------------------- 
 | openEMS 64bit -- version v0.37.0-rc1-2-g7b051bb
 | (C) 2010-2026 Thorsten Liebig <thorsten.liebig@gmx.de>  GPL license
 ---------------------------------------------------------------------- 
	Used external libraries:
		CSXCAD -- Version: v0.7.0-rc1-1-g5115701
		hdf5   -- Version: 1.10.10
		          compiled against: HDF5 library version: 1.10.10
		tinyxml -- compiled against: 2.6.2
		fparser
		boost  -- compiled against: 1_83
		vtk -- Version: 9.1.0
		       compiled against: 9.1.0

Create FDTD operator (compressed SSE + multi-threading)
FDTD simulation size: 175x195x105 --> 3583125.00 FDTD cells 
FDTD timestep is: 0.00 s; Nyquist rate: 24 timesteps @102110454074.00 Hz
Excitation signal length is: 282 timesteps (0.00s)
Max. number of timesteps: 60000 ( --> 212.77 * Excitation signal length)
Create FDTD engine (compressed SSE + multi-threading)
Running FDTD engine... this may take a while... grab a cup of coffee?!?
[@        4s] Timestep:          102 || Speed:   88.0 MC/s (4.073e-02 s/TS) || Energy: ~6.02e-19 (- 0.00dB)
[@        8s] Timestep:          258 || Speed:  136.4 MC/s (2.628e-02 s/TS) || Energy: ~5.87e-18 (- 0.00dB)
[@       12s] Timestep:          444 || Speed:  164.5 MC/s (2.178e-02 s/TS) || Energy: ~2.92e-18 (- 3.04dB)
[@       16s] Timestep:          636 || Speed:  169.6 MC/s (2.112e-02 s/TS) || Energy: ~1.82e-18 (- 5.09dB)
[@       20s] Timestep:          840 || Speed:  179.2 MC/s (1.999e-02 s/TS) || Energy: ~1.20e-18 (- 6.88dB)
[@       24s] Timestep:         1050 || Speed:  187.2 MC/s (1.914e-02 s/TS) || Energy: ~1.39e-18 (- 6.25dB)
[@       28s] Timestep:         1260 || Speed:  187.6 MC/s (1.910e-02 s/TS) || Energy: ~1.22e-18 (- 6.82dB)
[@       32s] Timestep:         1464 || Speed:  180.5 MC/s (1.985e-02 s/TS) || Energy: ~8.41e-19 (- 8.44dB)
Multithreaded Engine: Best performance found using 7 threads.
[@       36s] Timestep:         1674 || Speed:  187.6 MC/s (1.910e-02 s/TS) || Energy: ~7.93e-19 (- 8.69dB)
[@       40s] Timestep:         1890 || Speed:  188.4 MC/s (1.902e-02 s/TS) || Energy: ~5.81e-19 (-10.04dB)
[@       44s] Timestep:         2100 || Speed:  188.1 MC/s (1.905e-02 s/TS) || Energy: ~4.79e-19 (-10.88dB)
[@       48s] Timestep:         2310 || Speed:  188.1 MC/s (1.905e-02 s/TS) || Energy: ~4.41e-19 (-11.24dB)
[@       52s] Timestep:         2526 || Speed:  188.3 MC/s (1.903e-02 s/TS) || Energy: ~3.55e-19 (-12.18dB)
[@       56s] Timestep:         2736 || Speed:  186.1 MC/s (1.925e-02 s/TS) || Energy: ~1.94e-19 (-14.81dB)
[@     1m00s] Timestep:         2946 || Speed:  186.0 MC/s (1.926e-02 s/TS) || Energy: ~1.53e-19 (-15.84dB)
[@     1m04s] Timestep:         3156 || Speed:  187.4 MC/s (1.912e-02 s/TS) || Energy: ~2.16e-19 (-14.34dB)
[@     1m08s] Timestep:         3366 || Speed:  187.8 MC/s (1.908e-02 s/TS) || Energy: ~1.95e-19 (-14.79dB)
[@     1m12s] Timestep:         3576 || Speed:  187.8 MC/s (1.908e-02 s/TS) || Energy: ~9.37e-20 (-17.97dB)
[@     1m16s] Timestep:         3786 || Speed:  183.3 MC/s (1.955e-02 s/TS) || Energy: ~6.29e-20 (-19.70dB)
[@     1m21s] Timestep:         4002 || Speed:  188.2 MC/s (1.903e-02 s/TS) || Energy: ~7.21e-20 (-19.10dB)
[@     1m25s] Timestep:         4218 || Speed:  188.6 MC/s (1.900e-02 s/TS) || Energy: ~8.53e-20 (-18.38dB)
[@     1m29s] Timestep:         4428 || Speed:  188.1 MC/s (1.905e-02 s/TS) || Energy: ~1.03e-19 (-17.55dB)
[@     1m33s] Timestep:         4638 || Speed:  185.3 MC/s (1.934e-02 s/TS) || Energy: ~6.05e-20 (-19.87dB)
[@     1m37s] Timestep:         4848 || Speed:  187.7 MC/s (1.909e-02 s/TS) || Energy: ~2.86e-20 (-23.12dB)
[@     1m41s] Timestep:         5064 || Speed:  188.2 MC/s (1.904e-02 s/TS) || Energy: ~2.93e-20 (-23.01dB)
[@     1m45s] Timestep:         5280 || Speed:  187.6 MC/s (1.910e-02 s/TS) || Energy: ~3.46e-20 (-22.30dB)
[@     1m49s] Timestep:         5496 || Speed:  188.6 MC/s (1.900e-02 s/TS) || Energy: ~3.95e-20 (-21.72dB)
[@     1m53s] Timestep:         5706 || Speed:  187.8 MC/s (1.908e-02 s/TS) || Energy: ~4.49e-20 (-21.17dB)
[@     1m57s] Timestep:         5916 || Speed:  187.9 MC/s (1.907e-02 s/TS) || Energy: ~2.92e-20 (-23.03dB)
[@     2m01s] Timestep:         6126 || Speed:  187.9 MC/s (1.907e-02 s/TS) || Energy: ~1.70e-20 (-25.39dB)
[@     2m05s] Timestep:         6336 || Speed:  183.4 MC/s (1.954e-02 s/TS) || Energy: ~2.06e-20 (-24.55dB)
[@     2m09s] Timestep:         6546 || Speed:  183.3 MC/s (1.955e-02 s/TS) || Energy: ~2.57e-20 (-23.59dB)
[@     2m13s] Timestep:         6756 || Speed:  185.8 MC/s (1.928e-02 s/TS) || Energy: ~2.06e-20 (-24.55dB)
[@     2m17s] Timestep:         6966 || Speed:  185.1 MC/s (1.935e-02 s/TS) || Energy: ~1.28e-20 (-26.61dB)
[@     2m21s] Timestep:         7176 || Speed:  188.0 MC/s (1.906e-02 s/TS) || Energy: ~1.16e-20 (-27.03dB)
[@     2m25s] Timestep:         7386 || Speed:  188.1 MC/s (1.905e-02 s/TS) || Energy: ~1.41e-20 (-26.20dB)
[@     2m29s] Timestep:         7596 || Speed:  187.5 MC/s (1.911e-02 s/TS) || Energy: ~1.34e-20 (-26.40dB)
[@     2m33s] Timestep:         7806 || Speed:  187.5 MC/s (1.911e-02 s/TS) || Energy: ~9.83e-21 (-27.76dB)
[@     2m37s] Timestep:         8016 || Speed:  187.6 MC/s (1.910e-02 s/TS) || Energy: ~7.42e-21 (-28.98dB)
[@     2m41s] Timestep:         8226 || Speed:  187.6 MC/s (1.910e-02 s/TS) || Energy: ~7.62e-21 (-28.87dB)
[@     2m46s] Timestep:         8436 || Speed:  187.2 MC/s (1.915e-02 s/TS) || Energy: ~8.18e-21 (-28.56dB)
[@     2m50s] Timestep:         8646 || Speed:  186.0 MC/s (1.926e-02 s/TS) || Energy: ~7.13e-21 (-29.15dB)
[@     2m54s] Timestep:         8856 || Speed:  187.9 MC/s (1.907e-02 s/TS) || Energy: ~5.23e-21 (-30.50dB)
[@     2m58s] Timestep:         9066 || Speed:  186.8 MC/s (1.918e-02 s/TS) || Energy: ~4.32e-21 (-31.33dB)
[@     3m02s] Timestep:         9276 || Speed:  187.3 MC/s (1.914e-02 s/TS) || Energy: ~4.69e-21 (-30.98dB)
[@     3m06s] Timestep:         9486 || Speed:  186.5 MC/s (1.921e-02 s/TS) || Energy: ~4.81e-21 (-30.86dB)
[@     3m10s] Timestep:         9696 || Speed:  187.1 MC/s (1.915e-02 s/TS) || Energy: ~3.80e-21 (-31.89dB)
[@     3m14s] Timestep:         9906 || Speed:  187.2 MC/s (1.914e-02 s/TS) || Energy: ~2.70e-21 (-33.37dB)
[@     3m18s] Timestep:        10116 || Speed:  187.0 MC/s (1.916e-02 s/TS) || Energy: ~2.63e-21 (-33.49dB)
[@     3m22s] Timestep:        10326 || Speed:  187.7 MC/s (1.909e-02 s/TS) || Energy: ~3.00e-21 (-32.91dB)
[@     3m26s] Timestep:        10536 || Speed:  187.9 MC/s (1.907e-02 s/TS) || Energy: ~2.69e-21 (-33.39dB)
[@     3m30s] Timestep:        10746 || Speed:  187.2 MC/s (1.914e-02 s/TS) || Energy: ~1.86e-21 (-34.99dB)
[@     3m34s] Timestep:        10956 || Speed:  185.9 MC/s (1.927e-02 s/TS) || Energy: ~1.52e-21 (-35.88dB)
[@     3m38s] Timestep:        11166 || Speed:  187.0 MC/s (1.916e-02 s/TS) || Energy: ~1.76e-21 (-35.24dB)
[@     3m42s] Timestep:        11376 || Speed:  187.3 MC/s (1.913e-02 s/TS) || Energy: ~1.79e-21 (-35.16dB)
[@     3m46s] Timestep:        11586 || Speed:  187.9 MC/s (1.906e-02 s/TS) || Energy: ~1.33e-21 (-36.45dB)
[@     3m50s] Timestep:        11796 || Speed:  187.6 MC/s (1.910e-02 s/TS) || Energy: ~9.52e-22 (-37.90dB)
[@     3m54s] Timestep:        12006 || Speed:  187.8 MC/s (1.907e-02 s/TS) || Energy: ~9.98e-22 (-37.70dB)
[@     3m58s] Timestep:        12222 || Speed:  188.5 MC/s (1.901e-02 s/TS) || Energy: ~9.89e-22 (-37.73dB)
[@     4m02s] Timestep:        12432 || Speed:  186.8 MC/s (1.918e-02 s/TS) || Energy: ~9.94e-22 (-37.71dB)
[@     4m06s] Timestep:        12648 || Speed:  188.2 MC/s (1.904e-02 s/TS) || Energy: ~8.50e-22 (-38.39dB)
[@     4m10s] Timestep:        12858 || Speed:  187.7 MC/s (1.909e-02 s/TS) || Energy: ~6.08e-22 (-39.85dB)
[@     4m14s] Timestep:        13074 || Speed:  188.3 MC/s (1.903e-02 s/TS) || Energy: ~5.05e-22 (-40.65dB)
[@     4m18s] Timestep:        13284 || Speed:  185.1 MC/s (1.936e-02 s/TS) || Energy: ~4.76e-22 (-40.91dB)
[@     4m22s] Timestep:        13500 || Speed:  187.6 MC/s (1.910e-02 s/TS) || Energy: ~4.60e-22 (-41.06dB)
[@     4m26s] Timestep:        13710 || Speed:  186.6 MC/s (1.920e-02 s/TS) || Energy: ~4.73e-22 (-40.94dB)
[@     4m30s] Timestep:        13920 || Speed:  188.1 MC/s (1.905e-02 s/TS) || Energy: ~3.93e-22 (-41.74dB)
[@     4m34s] Timestep:        14130 || Speed:  187.9 MC/s (1.907e-02 s/TS) || Energy: ~2.96e-22 (-42.97dB)
[@     4m39s] Timestep:        14346 || Speed:  188.3 MC/s (1.902e-02 s/TS) || Energy: ~2.58e-22 (-43.58dB)
[@     4m43s] Timestep:        14556 || Speed:  187.8 MC/s (1.908e-02 s/TS) || Energy: ~2.50e-22 (-43.70dB)
[@     4m47s] Timestep:        14766 || Speed:  186.3 MC/s (1.923e-02 s/TS) || Energy: ~2.52e-22 (-43.66dB)
[@     4m51s] Timestep:        14976 || Speed:  184.8 MC/s (1.939e-02 s/TS) || Energy: ~2.20e-22 (-44.26dB)
[@     4m55s] Timestep:        15186 || Speed:  188.0 MC/s (1.905e-02 s/TS) || Energy: ~1.73e-22 (-45.30dB)
[@     4m59s] Timestep:        15396 || Speed:  185.8 MC/s (1.929e-02 s/TS) || Energy: ~1.49e-22 (-45.95dB)
[@     5m03s] Timestep:        15606 || Speed:  184.0 MC/s (1.947e-02 s/TS) || Energy: ~1.46e-22 (-46.04dB)
[@     5m07s] Timestep:        15816 || Speed:  187.3 MC/s (1.913e-02 s/TS) || Energy: ~1.38e-22 (-46.28dB)
[@     5m11s] Timestep:        16026 || Speed:  187.7 MC/s (1.909e-02 s/TS) || Energy: ~1.17e-22 (-46.99dB)
[@     5m15s] Timestep:        16236 || Speed:  187.2 MC/s (1.914e-02 s/TS) || Energy: ~9.66e-23 (-47.84dB)
[@     5m19s] Timestep:        16446 || Speed:  187.8 MC/s (1.908e-02 s/TS) || Energy: ~8.59e-23 (-48.35dB)
[@     5m23s] Timestep:        16656 || Speed:  187.0 MC/s (1.916e-02 s/TS) || Energy: ~8.18e-23 (-48.56dB)
[@     5m27s] Timestep:        16866 || Speed:  187.2 MC/s (1.914e-02 s/TS) || Energy: ~7.63e-23 (-48.86dB)
[@     5m31s] Timestep:        17076 || Speed:  187.5 MC/s (1.911e-02 s/TS) || Energy: ~6.66e-23 (-49.45dB)
[@     5m35s] Timestep:        17286 || Speed:  187.7 MC/s (1.909e-02 s/TS) || Energy: ~5.56e-23 (-50.23dB)
Time for 17286 iterations with 3583125.00 cells : 335.42 sec
Speed: 184.66 MCells/s 
    [excite port 16/44]
 ---------------------------------------------------------------------- 
 | openEMS 64bit -- version v0.37.0-rc1-2-g7b051bb
 | (C) 2010-2026 Thorsten Liebig <thorsten.liebig@gmx.de>  GPL license
 ---------------------------------------------------------------------- 
	Used external libraries:
		CSXCAD -- Version: v0.7.0-rc1-1-g5115701
		hdf5   -- Version: 1.10.10
		          compiled against: HDF5 library version: 1.10.10
		tinyxml -- compiled against: 2.6.2
		fparser
		boost  -- compiled against: 1_83
		vtk -- Version: 9.1.0
		       compiled against: 9.1.0

Create FDTD operator (compressed SSE + multi-threading)
FDTD simulation size: 175x195x105 --> 3583125.00 FDTD cells 
FDTD timestep is: 0.00 s; Nyquist rate: 24 timesteps @102110454074.00 Hz
Excitation signal length is: 282 timesteps (0.00s)
Max. number of timesteps: 60000 ( --> 212.77 * Excitation signal length)
Create FDTD engine (compressed SSE + multi-threading)
Running FDTD engine... this may take a while... grab a cup of coffee?!?
[@        4s] Timestep:          102 || Speed:   88.3 MC/s (4.056e-02 s/TS) || Energy: ~6.02e-19 (- 0.00dB)
[@        8s] Timestep:          258 || Speed:  135.5 MC/s (2.644e-02 s/TS) || Energy: ~6.72e-18 (- 0.00dB)
[@       12s] Timestep:          438 || Speed:  158.5 MC/s (2.260e-02 s/TS) || Energy: ~2.97e-18 (- 3.55dB)
[@       16s] Timestep:          630 || Speed:  167.5 MC/s (2.139e-02 s/TS) || Energy: ~1.79e-18 (- 5.74dB)
[@       20s] Timestep:          828 || Speed:  176.0 MC/s (2.036e-02 s/TS) || Energy: ~1.05e-18 (- 8.08dB)
[@       24s] Timestep:         1026 || Speed:  175.3 MC/s (2.044e-02 s/TS) || Energy: ~1.22e-18 (- 7.41dB)
Multithreaded Engine: Best performance found using 5 threads.
[@       28s] Timestep:         1230 || Speed:  178.1 MC/s (2.012e-02 s/TS) || Energy: ~8.07e-19 (- 9.20dB)
[@       32s] Timestep:         1434 || Speed:  182.5 MC/s (1.963e-02 s/TS) || Energy: ~8.31e-19 (- 9.07dB)
[@       36s] Timestep:         1638 || Speed:  181.3 MC/s (1.976e-02 s/TS) || Energy: ~6.75e-19 (- 9.98dB)
[@       40s] Timestep:         1842 || Speed:  181.7 MC/s (1.972e-02 s/TS) || Energy: ~5.73e-19 (-10.69dB)
[@       44s] Timestep:         2046 || Speed:  182.5 MC/s (1.963e-02 s/TS) || Energy: ~3.86e-19 (-12.41dB)
[@       48s] Timestep:         2256 || Speed:  183.0 MC/s (1.958e-02 s/TS) || Energy: ~4.70e-19 (-11.55dB)
[@       52s] Timestep:         2460 || Speed:  181.9 MC/s (1.970e-02 s/TS) || Energy: ~3.27e-19 (-13.12dB)
[@       56s] Timestep:         2670 || Speed:  182.9 MC/s (1.959e-02 s/TS) || Energy: ~2.08e-19 (-15.09dB)
[@     1m01s] Timestep:         2880 || Speed:  183.5 MC/s (1.953e-02 s/TS) || Energy: ~2.26e-19 (-14.73dB)
[@     1m05s] Timestep:         3090 || Speed:  183.2 MC/s (1.956e-02 s/TS) || Energy: ~2.29e-19 (-14.67dB)
[@     1m09s] Timestep:         3300 || Speed:  184.3 MC/s (1.945e-02 s/TS) || Energy: ~1.69e-19 (-15.99dB)
[@     1m13s] Timestep:         3504 || Speed:  180.3 MC/s (1.987e-02 s/TS) || Energy: ~1.17e-19 (-17.58dB)
[@     1m17s] Timestep:         3714 || Speed:  183.3 MC/s (1.955e-02 s/TS) || Energy: ~1.21e-19 (-17.45dB)
[@     1m21s] Timestep:         3918 || Speed:  181.5 MC/s (1.974e-02 s/TS) || Energy: ~1.07e-19 (-17.98dB)
[@     1m25s] Timestep:         4122 || Speed:  182.1 MC/s (1.968e-02 s/TS) || Energy: ~8.20e-20 (-19.13dB)
[@     1m29s] Timestep:         4332 || Speed:  183.9 MC/s (1.949e-02 s/TS) || Energy: ~7.72e-20 (-19.39dB)
[@     1m33s] Timestep:         4536 || Speed:  182.2 MC/s (1.967e-02 s/TS) || Energy: ~7.03e-20 (-19.80dB)
[@     1m37s] Timestep:         4740 || Speed:  182.5 MC/s (1.964e-02 s/TS) || Energy: ~6.01e-20 (-20.48dB)
[@     1m41s] Timestep:         4944 || Speed:  180.2 MC/s (1.988e-02 s/TS) || Energy: ~5.06e-20 (-21.23dB)
[@     1m45s] Timestep:         5154 || Speed:  182.9 MC/s (1.959e-02 s/TS) || Energy: ~4.65e-20 (-21.60dB)
[@     1m49s] Timestep:         5358 || Speed:  182.0 MC/s (1.969e-02 s/TS) || Energy: ~4.35e-20 (-21.88dB)
[@     1m53s] Timestep:         5562 || Speed:  181.1 MC/s (1.978e-02 s/TS) || Energy: ~3.38e-20 (-22.98dB)
[@     1m57s] Timestep:         5766 || Speed:  182.2 MC/s (1.967e-02 s/TS) || Energy: ~3.46e-20 (-22.88dB)
[@     2m01s] Timestep:         5970 || Speed:  181.7 MC/s (1.972e-02 s/TS) || Energy: ~3.03e-20 (-23.46dB)
[@     2m05s] Timestep:         6180 || Speed:  182.8 MC/s (1.960e-02 s/TS) || Energy: ~2.34e-20 (-24.59dB)
[@     2m10s] Timestep:         6390 || Speed:  182.8 MC/s (1.960e-02 s/TS) || Energy: ~2.21e-20 (-24.83dB)
[@     2m14s] Timestep:         6594 || Speed:  182.3 MC/s (1.965e-02 s/TS) || Energy: ~2.33e-20 (-24.60dB)
[@     2m18s] Timestep:         6798 || Speed:  181.3 MC/s (1.977e-02 s/TS) || Energy: ~1.66e-20 (-26.08dB)
[@     2m22s] Timestep:         7002 || Speed:  182.5 MC/s (1.963e-02 s/TS) || Energy: ~1.75e-20 (-25.84dB)
[@     2m26s] Timestep:         7206 || Speed:  181.6 MC/s (1.973e-02 s/TS) || Energy: ~1.59e-20 (-26.26dB)
[@     2m30s] Timestep:         7410 || Speed:  181.4 MC/s (1.975e-02 s/TS) || Energy: ~1.19e-20 (-27.52dB)
[@     2m34s] Timestep:         7614 || Speed:  181.6 MC/s (1.973e-02 s/TS) || Energy: ~1.36e-20 (-26.92dB)
[@     2m38s] Timestep:         7824 || Speed:  182.9 MC/s (1.959e-02 s/TS) || Energy: ~1.16e-20 (-27.61dB)
[@     2m42s] Timestep:         8028 || Speed:  182.6 MC/s (1.962e-02 s/TS) || Energy: ~8.58e-21 (-28.94dB)
[@     2m46s] Timestep:         8238 || Speed:  183.4 MC/s (1.954e-02 s/TS) || Energy: ~9.11e-21 (-28.68dB)
[@     2m50s] Timestep:         8448 || Speed:  182.8 MC/s (1.960e-02 s/TS) || Energy: ~9.02e-21 (-28.72dB)
[@     2m54s] Timestep:         8658 || Speed:  183.7 MC/s (1.951e-02 s/TS) || Energy: ~7.03e-21 (-29.80dB)
[@     2m58s] Timestep:         8862 || Speed:  180.0 MC/s (1.990e-02 s/TS) || Energy: ~5.81e-21 (-30.63dB)
[@     3m02s] Timestep:         9066 || Speed:  182.3 MC/s (1.966e-02 s/TS) || Energy: ~6.67e-21 (-30.03dB)
[@     3m06s] Timestep:         9270 || Speed:  182.0 MC/s (1.968e-02 s/TS) || Energy: ~4.59e-21 (-31.65dB)
[@     3m10s] Timestep:         9474 || Speed:  182.1 MC/s (1.968e-02 s/TS) || Energy: ~4.72e-21 (-31.53dB)
[@     3m14s] Timestep:         9678 || Speed:  182.0 MC/s (1.968e-02 s/TS) || Energy: ~4.75e-21 (-31.51dB)
[@     3m18s] Timestep:         9882 || Speed:  181.9 MC/s (1.970e-02 s/TS) || Energy: ~3.13e-21 (-33.32dB)
[@     3m22s] Timestep:        10086 || Speed:  182.3 MC/s (1.966e-02 s/TS) || Energy: ~3.86e-21 (-32.40dB)
[@     3m26s] Timestep:        10290 || Speed:  182.1 MC/s (1.967e-02 s/TS) || Energy: ~3.16e-21 (-33.27dB)
[@     3m30s] Timestep:        10494 || Speed:  179.6 MC/s (1.995e-02 s/TS) || Energy: ~2.32e-21 (-34.62dB)
[@     3m34s] Timestep:        10698 || Speed:  182.2 MC/s (1.966e-02 s/TS) || Energy: ~3.04e-21 (-33.44dB)
[@     3m38s] Timestep:        10902 || Speed:  182.3 MC/s (1.966e-02 s/TS) || Energy: ~2.01e-21 (-35.24dB)
[@     3m42s] Timestep:        11106 || Speed:  182.1 MC/s (1.968e-02 s/TS) || Energy: ~1.88e-21 (-35.53dB)
[@     3m46s] Timestep:        11310 || Speed:  181.5 MC/s (1.974e-02 s/TS) || Energy: ~2.26e-21 (-34.74dB)
[@     3m50s] Timestep:        11514 || Speed:  181.2 MC/s (1.978e-02 s/TS) || Energy: ~1.26e-21 (-37.27dB)
[@     3m54s] Timestep:        11718 || Speed:  181.5 MC/s (1.974e-02 s/TS) || Energy: ~1.59e-21 (-36.25dB)
[@     3m58s] Timestep:        11922 || Speed:  181.4 MC/s (1.975e-02 s/TS) || Energy: ~1.55e-21 (-36.37dB)
[@     4m03s] Timestep:        12126 || Speed:  180.1 MC/s (1.989e-02 s/TS) || Energy: ~8.43e-22 (-39.02dB)
[@     4m07s] Timestep:        12336 || Speed:  183.1 MC/s (1.957e-02 s/TS) || Energy: ~1.08e-21 (-37.94dB)
[@     4m11s] Timestep:        12540 || Speed:  180.5 MC/s (1.985e-02 s/TS) || Energy: ~1.21e-21 (-37.44dB)
[@     4m15s] Timestep:        12744 || Speed:  182.7 MC/s (1.961e-02 s/TS) || Energy: ~5.74e-22 (-40.68dB)
[@     4m19s] Timestep:        12948 || Speed:  180.9 MC/s (1.981e-02 s/TS) || Energy: ~9.42e-22 (-38.53dB)
[@     4m23s] Timestep:        13152 || Speed:  181.9 MC/s (1.970e-02 s/TS) || Energy: ~7.72e-22 (-39.39dB)
[@     4m27s] Timestep:        13356 || Speed:  182.7 MC/s (1.961e-02 s/TS) || Energy: ~4.15e-22 (-42.09dB)
[@     4m31s] Timestep:        13566 || Speed:  184.2 MC/s (1.945e-02 s/TS) || Energy: ~6.42e-22 (-40.20dB)
[@     4m35s] Timestep:        13770 || Speed:  179.3 MC/s (1.998e-02 s/TS) || Energy: ~6.15e-22 (-40.38dB)
[@     4m39s] Timestep:        13974 || Speed:  179.5 MC/s (1.997e-02 s/TS) || Energy: ~2.68e-22 (-43.98dB)
[@     4m43s] Timestep:        14184 || Speed:  183.0 MC/s (1.958e-02 s/TS) || Energy: ~4.23e-22 (-42.00dB)
[@     4m47s] Timestep:        14394 || Speed:  183.4 MC/s (1.953e-02 s/TS) || Energy: ~5.33e-22 (-41.01dB)
[@     4m51s] Timestep:        14604 || Speed:  184.1 MC/s (1.946e-02 s/TS) || Energy: ~3.61e-22 (-42.70dB)
[@     4m55s] Timestep:        14814 || Speed:  183.8 MC/s (1.949e-02 s/TS) || Energy: ~1.66e-22 (-46.06dB)
[@     4m59s] Timestep:        15024 || Speed:  183.4 MC/s (1.953e-02 s/TS) || Energy: ~2.08e-22 (-45.10dB)
[@     5m04s] Timestep:        15234 || Speed:  183.5 MC/s (1.953e-02 s/TS) || Energy: ~3.30e-22 (-43.09dB)
[@     5m08s] Timestep:        15438 || Speed:  182.7 MC/s (1.961e-02 s/TS) || Energy: ~2.02e-22 (-45.21dB)
[@     5m12s] Timestep:        15642 || Speed:  181.9 MC/s (1.970e-02 s/TS) || Energy: ~1.29e-22 (-47.18dB)
[@     5m16s] Timestep:        15846 || Speed:  182.5 MC/s (1.963e-02 s/TS) || Energy: ~2.56e-22 (-44.19dB)
[@     5m20s] Timestep:        16056 || Speed:  182.4 MC/s (1.964e-02 s/TS) || Energy: ~1.67e-22 (-46.05dB)
[@     5m24s] Timestep:        16266 || Speed:  183.5 MC/s (1.952e-02 s/TS) || Energy: ~7.42e-23 (-49.57dB)
[@     5m28s] Timestep:        16470 || Speed:  182.0 MC/s (1.968e-02 s/TS) || Energy: ~1.49e-22 (-46.55dB)
[@     5m32s] Timestep:        16680 || Speed:  184.1 MC/s (1.946e-02 s/TS) || Energy: ~1.64e-22 (-46.13dB)
[@     5m36s] Timestep:        16890 || Speed:  183.4 MC/s (1.953e-02 s/TS) || Energy: ~9.49e-23 (-48.50dB)
[@     5m40s] Timestep:        17094 || Speed:  182.5 MC/s (1.964e-02 s/TS) || Energy: ~6.26e-23 (-50.31dB)
Time for 17094 iterations with 3583125.00 cells : 340.53 sec
Speed: 179.86 MCells/s 
    [excite port 17/44]
 ---------------------------------------------------------------------- 
 | openEMS 64bit -- version v0.37.0-rc1-2-g7b051bb
 | (C) 2010-2026 Thorsten Liebig <thorsten.liebig@gmx.de>  GPL license
 ---------------------------------------------------------------------- 
	Used external libraries:
		CSXCAD -- Version: v0.7.0-rc1-1-g5115701
		hdf5   -- Version: 1.10.10
		          compiled against: HDF5 library version: 1.10.10
		tinyxml -- compiled against: 2.6.2
		fparser
		boost  -- compiled against: 1_83
		vtk -- Version: 9.1.0
		       compiled against: 9.1.0

Create FDTD operator (compressed SSE + multi-threading)
FDTD simulation size: 175x195x105 --> 3583125.00 FDTD cells 
FDTD timestep is: 0.00 s; Nyquist rate: 24 timesteps @102110454074.00 Hz
Excitation signal length is: 282 timesteps (0.00s)
Max. number of timesteps: 60000 ( --> 212.77 * Excitation signal length)
Create FDTD engine (compressed SSE + multi-threading)
Running FDTD engine... this may take a while... grab a cup of coffee?!?
[@        4s] Timestep:          102 || Speed:   87.6 MC/s (4.091e-02 s/TS) || Energy: ~6.02e-19 (- 0.00dB)
[@        8s] Timestep:          252 || Speed:  129.1 MC/s (2.775e-02 s/TS) || Energy: ~5.69e-18 (- 0.00dB)
[@       12s] Timestep:          432 || Speed:  156.3 MC/s (2.293e-02 s/TS) || Energy: ~2.85e-18 (- 3.00dB)
[@       16s] Timestep:          624 || Speed:  169.0 MC/s (2.120e-02 s/TS) || Energy: ~1.63e-18 (- 5.42dB)
[@       20s] Timestep:          822 || Speed:  176.8 MC/s (2.026e-02 s/TS) || Energy: ~1.38e-18 (- 6.16dB)
[@       24s] Timestep:         1026 || Speed:  181.8 MC/s (1.971e-02 s/TS) || Energy: ~1.21e-18 (- 6.72dB)
[@       28s] Timestep:         1224 || Speed:  176.6 MC/s (2.029e-02 s/TS) || Energy: ~8.03e-19 (- 8.50dB)
Multithreaded Engine: Best performance found using 6 threads.
[@       32s] Timestep:         1434 || Speed:  187.3 MC/s (1.913e-02 s/TS) || Energy: ~9.08e-19 (- 7.97dB)
[@       36s] Timestep:         1644 || Speed:  186.9 MC/s (1.917e-02 s/TS) || Energy: ~7.59e-19 (- 8.75dB)
[@       40s] Timestep:         1854 || Speed:  187.9 MC/s (1.907e-02 s/TS) || Energy: ~4.59e-19 (-10.93dB)
[@       44s] Timestep:         2064 || Speed:  187.9 MC/s (1.907e-02 s/TS) || Energy: ~3.27e-19 (-12.41dB)
[@       48s] Timestep:         2274 || Speed:  187.9 MC/s (1.907e-02 s/TS) || Energy: ~3.44e-19 (-12.18dB)
[@       52s] Timestep:         2490 || Speed:  188.4 MC/s (1.902e-02 s/TS) || Energy: ~3.00e-19 (-12.79dB)
[@       56s] Timestep:         2700 || Speed:  188.0 MC/s (1.906e-02 s/TS) || Energy: ~2.37e-19 (-13.80dB)
[@     1m00s] Timestep:         2916 || Speed:  188.8 MC/s (1.898e-02 s/TS) || Energy: ~1.70e-19 (-15.25dB)
[@     1m04s] Timestep:         3126 || Speed:  186.6 MC/s (1.920e-02 s/TS) || Energy: ~1.04e-19 (-17.37dB)
[@     1m08s] Timestep:         3336 || Speed:  187.8 MC/s (1.908e-02 s/TS) || Energy: ~1.12e-19 (-17.06dB)
[@     1m12s] Timestep:         3546 || Speed:  188.1 MC/s (1.905e-02 s/TS) || Energy: ~1.20e-19 (-16.77dB)
[@     1m16s] Timestep:         3756 || Speed:  187.9 MC/s (1.907e-02 s/TS) || Energy: ~8.37e-20 (-18.32dB)
[@     1m20s] Timestep:         3966 || Speed:  187.5 MC/s (1.911e-02 s/TS) || Energy: ~5.39e-20 (-20.23dB)
[@     1m25s] Timestep:         4182 || Speed:  188.2 MC/s (1.904e-02 s/TS) || Energy: ~4.67e-20 (-20.86dB)
[@     1m29s] Timestep:         4398 || Speed:  188.9 MC/s (1.897e-02 s/TS) || Energy: ~4.37e-20 (-21.15dB)
[@     1m33s] Timestep:         4608 || Speed:  186.9 MC/s (1.917e-02 s/TS) || Energy: ~4.70e-20 (-20.83dB)
[@     1m37s] Timestep:         4818 || Speed:  186.0 MC/s (1.927e-02 s/TS) || Energy: ~3.98e-20 (-21.55dB)
[@     1m41s] Timestep:         5034 || Speed:  188.0 MC/s (1.906e-02 s/TS) || Energy: ~3.15e-20 (-22.57dB)
[@     1m45s] Timestep:         5250 || Speed:  188.2 MC/s (1.904e-02 s/TS) || Energy: ~2.50e-20 (-23.57dB)
[@     1m49s] Timestep:         5460 || Speed:  187.8 MC/s (1.908e-02 s/TS) || Energy: ~2.11e-20 (-24.31dB)
[@     1m53s] Timestep:         5670 || Speed:  187.5 MC/s (1.911e-02 s/TS) || Energy: ~2.06e-20 (-24.41dB)
[@     1m57s] Timestep:         5886 || Speed:  188.2 MC/s (1.904e-02 s/TS) || Energy: ~1.81e-20 (-24.98dB)
[@     2m01s] Timestep:         6096 || Speed:  186.2 MC/s (1.924e-02 s/TS) || Energy: ~1.59e-20 (-25.54dB)
[@     2m05s] Timestep:         6312 || Speed:  188.5 MC/s (1.901e-02 s/TS) || Energy: ~1.39e-20 (-26.13dB)
[@     2m09s] Timestep:         6528 || Speed:  188.8 MC/s (1.898e-02 s/TS) || Energy: ~1.23e-20 (-26.64dB)
[@     2m13s] Timestep:         6738 || Speed:  186.4 MC/s (1.922e-02 s/TS) || Energy: ~1.05e-20 (-27.36dB)
[@     2m17s] Timestep:         6948 || Speed:  188.0 MC/s (1.906e-02 s/TS) || Energy: ~7.97e-21 (-28.54dB)
[@     2m21s] Timestep:         7158 || Speed:  186.6 MC/s (1.921e-02 s/TS) || Energy: ~7.03e-21 (-29.08dB)
[@     2m25s] Timestep:         7368 || Speed:  187.7 MC/s (1.909e-02 s/TS) || Energy: ~7.80e-21 (-28.63dB)
[@     2m29s] Timestep:         7584 || Speed:  188.4 MC/s (1.902e-02 s/TS) || Energy: ~7.45e-21 (-28.83dB)
[@     2m34s] Timestep:         7794 || Speed:  186.3 MC/s (1.924e-02 s/TS) || Energy: ~5.89e-21 (-29.85dB)
[@     2m38s] Timestep:         8004 || Speed:  188.0 MC/s (1.906e-02 s/TS) || Energy: ~3.52e-21 (-32.08dB)
[@     2m42s] Timestep:         8214 || Speed:  187.4 MC/s (1.912e-02 s/TS) || Energy: ~3.49e-21 (-32.12dB)
[@     2m46s] Timestep:         8424 || Speed:  184.8 MC/s (1.939e-02 s/TS) || Energy: ~4.82e-21 (-30.72dB)
[@     2m50s] Timestep:         8634 || Speed:  187.2 MC/s (1.914e-02 s/TS) || Energy: ~4.29e-21 (-31.22dB)
[@     2m54s] Timestep:         8844 || Speed:  187.5 MC/s (1.911e-02 s/TS) || Energy: ~2.26e-21 (-34.01dB)
[@     2m58s] Timestep:         9054 || Speed:  186.6 MC/s (1.920e-02 s/TS) || Energy: ~1.71e-21 (-35.21dB)
[@     3m02s] Timestep:         9264 || Speed:  187.1 MC/s (1.915e-02 s/TS) || Energy: ~2.89e-21 (-32.95dB)
[@     3m06s] Timestep:         9474 || Speed:  185.2 MC/s (1.935e-02 s/TS) || Energy: ~3.14e-21 (-32.59dB)
[@     3m10s] Timestep:         9684 || Speed:  184.7 MC/s (1.940e-02 s/TS) || Energy: ~1.75e-21 (-35.12dB)
[@     3m14s] Timestep:         9894 || Speed:  187.3 MC/s (1.913e-02 s/TS) || Energy: ~8.90e-22 (-38.05dB)
[@     3m18s] Timestep:        10104 || Speed:  185.7 MC/s (1.929e-02 s/TS) || Energy: ~1.58e-21 (-35.57dB)
[@     3m22s] Timestep:        10314 || Speed:  185.4 MC/s (1.933e-02 s/TS) || Energy: ~2.16e-21 (-34.20dB)
[@     3m26s] Timestep:        10524 || Speed:  185.7 MC/s (1.930e-02 s/TS) || Energy: ~1.45e-21 (-35.93dB)
[@     3m30s] Timestep:        10734 || Speed:  184.5 MC/s (1.942e-02 s/TS) || Energy: ~5.95e-22 (-39.80dB)
[@     3m34s] Timestep:        10944 || Speed:  184.6 MC/s (1.941e-02 s/TS) || Energy: ~8.02e-22 (-38.51dB)
[@     3m38s] Timestep:        11154 || Speed:  183.2 MC/s (1.956e-02 s/TS) || Energy: ~1.37e-21 (-36.19dB)
[@     3m42s] Timestep:        11358 || Speed:  178.8 MC/s (2.004e-02 s/TS) || Energy: ~8.06e-22 (-38.49dB)
[@     3m46s] Timestep:        11562 || Speed:  182.4 MC/s (1.965e-02 s/TS) || Energy: ~5.26e-22 (-40.34dB)
[@     3m50s] Timestep:        11772 || Speed:  186.3 MC/s (1.923e-02 s/TS) || Energy: ~9.64e-22 (-37.71dB)
[@     3m54s] Timestep:        11982 || Speed:  185.6 MC/s (1.930e-02 s/TS) || Energy: ~9.15e-22 (-37.94dB)
[@     3m59s] Timestep:        12192 || Speed:  184.0 MC/s (1.947e-02 s/TS) || Energy: ~4.50e-22 (-41.02dB)
[@     4m03s] Timestep:        12402 || Speed:  184.7 MC/s (1.940e-02 s/TS) || Energy: ~2.91e-22 (-42.91dB)
[@     4m07s] Timestep:        12612 || Speed:  186.2 MC/s (1.925e-02 s/TS) || Energy: ~5.37e-22 (-40.25dB)
[@     4m11s] Timestep:        12822 || Speed:  186.1 MC/s (1.926e-02 s/TS) || Energy: ~6.43e-22 (-39.47dB)
[@     4m15s] Timestep:        13032 || Speed:  185.6 MC/s (1.930e-02 s/TS) || Energy: ~4.05e-22 (-41.47dB)
[@     4m19s] Timestep:        13242 || Speed:  185.2 MC/s (1.935e-02 s/TS) || Energy: ~2.05e-22 (-44.43dB)
[@     4m23s] Timestep:        13452 || Speed:  184.6 MC/s (1.941e-02 s/TS) || Energy: ~2.86e-22 (-42.99dB)
[@     4m27s] Timestep:        13662 || Speed:  184.8 MC/s (1.939e-02 s/TS) || Energy: ~4.10e-22 (-41.42dB)
[@     4m31s] Timestep:        13872 || Speed:  185.9 MC/s (1.928e-02 s/TS) || Energy: ~3.32e-22 (-42.34dB)
[@     4m35s] Timestep:        14082 || Speed:  185.4 MC/s (1.932e-02 s/TS) || Energy: ~1.76e-22 (-45.10dB)
[@     4m39s] Timestep:        14286 || Speed:  180.8 MC/s (1.982e-02 s/TS) || Energy: ~2.22e-22 (-44.09dB)
[@     4m43s] Timestep:        14496 || Speed:  187.0 MC/s (1.916e-02 s/TS) || Energy: ~2.75e-22 (-43.15dB)
[@     4m47s] Timestep:        14706 || Speed:  188.1 MC/s (1.905e-02 s/TS) || Energy: ~2.05e-22 (-44.42dB)
[@     4m51s] Timestep:        14898 || Speed:  168.0 MC/s (2.133e-02 s/TS) || Energy: ~1.97e-22 (-44.60dB)
[@     4m55s] Timestep:        15108 || Speed:  187.0 MC/s (1.916e-02 s/TS) || Energy: ~1.99e-22 (-44.55dB)
[@     4m59s] Timestep:        15318 || Speed:  187.1 MC/s (1.915e-02 s/TS) || Energy: ~1.31e-22 (-46.38dB)
[@     5m03s] Timestep:        15528 || Speed:  188.0 MC/s (1.906e-02 s/TS) || Energy: ~9.00e-23 (-48.01dB)
[@     5m07s] Timestep:        15744 || Speed:  188.8 MC/s (1.898e-02 s/TS) || Energy: ~8.85e-23 (-48.08dB)
[@     5m11s] Timestep:        15954 || Speed:  186.2 MC/s (1.925e-02 s/TS) || Energy: ~1.16e-22 (-46.91dB)
[@     5m15s] Timestep:        16164 || Speed:  186.8 MC/s (1.918e-02 s/TS) || Energy: ~1.18e-22 (-46.84dB)
[@     5m19s] Timestep:        16374 || Speed:  187.7 MC/s (1.909e-02 s/TS) || Energy: ~8.45e-23 (-48.28dB)
[@     5m24s] Timestep:        16584 || Speed:  184.7 MC/s (1.940e-02 s/TS) || Energy: ~6.10e-23 (-49.69dB)
[@     5m28s] Timestep:        16794 || Speed:  187.3 MC/s (1.913e-02 s/TS) || Energy: ~6.77e-23 (-49.24dB)
[@     5m32s] Timestep:        17004 || Speed:  186.3 MC/s (1.923e-02 s/TS) || Energy: ~7.71e-23 (-48.68dB)
[@     5m36s] Timestep:        17214 || Speed:  187.9 MC/s (1.907e-02 s/TS) || Energy: ~6.64e-23 (-49.33dB)
[@     5m40s] Timestep:        17424 || Speed:  187.2 MC/s (1.914e-02 s/TS) || Energy: ~4.85e-23 (-50.69dB)
Time for 17424 iterations with 3583125.00 cells : 340.13 sec
Speed: 183.55 MCells/s 
    [excite port 18/44]
 ---------------------------------------------------------------------- 
 | openEMS 64bit -- version v0.37.0-rc1-2-g7b051bb
 | (C) 2010-2026 Thorsten Liebig <thorsten.liebig@gmx.de>  GPL license
 ---------------------------------------------------------------------- 
	Used external libraries:
		CSXCAD -- Version: v0.7.0-rc1-1-g5115701
		hdf5   -- Version: 1.10.10
		          compiled against: HDF5 library version: 1.10.10
		tinyxml -- compiled against: 2.6.2
		fparser
		boost  -- compiled against: 1_83
		vtk -- Version: 9.1.0
		       compiled against: 9.1.0

Create FDTD operator (compressed SSE + multi-threading)
FDTD simulation size: 175x195x105 --> 3583125.00 FDTD cells 
FDTD timestep is: 0.00 s; Nyquist rate: 24 timesteps @102110454074.00 Hz
Excitation signal length is: 282 timesteps (0.00s)
Max. number of timesteps: 60000 ( --> 212.77 * Excitation signal length)
Create FDTD engine (compressed SSE + multi-threading)
Running FDTD engine... this may take a while... grab a cup of coffee?!?
[@        4s] Timestep:          102 || Speed:   87.5 MC/s (4.094e-02 s/TS) || Energy: ~6.02e-19 (- 0.00dB)
[@        8s] Timestep:          252 || Speed:  129.5 MC/s (2.766e-02 s/TS) || Energy: ~6.37e-18 (- 0.00dB)
[@       12s] Timestep:          420 || Speed:  149.8 MC/s (2.393e-02 s/TS) || Energy: ~3.47e-18 (- 2.64dB)
[@       16s] Timestep:          606 || Speed:  164.6 MC/s (2.177e-02 s/TS) || Energy: ~1.94e-18 (- 5.17dB)
[@       20s] Timestep:          804 || Speed:  176.7 MC/s (2.027e-02 s/TS) || Energy: ~1.38e-18 (- 6.63dB)
[@       24s] Timestep:         1008 || Speed:  181.4 MC/s (1.975e-02 s/TS) || Energy: ~8.38e-19 (- 8.81dB)
[@       28s] Timestep:         1212 || Speed:  178.4 MC/s (2.009e-02 s/TS) || Energy: ~9.22e-19 (- 8.39dB)
Multithreaded Engine: Best performance found using 6 threads.
[@       32s] Timestep:         1422 || Speed:  186.9 MC/s (1.917e-02 s/TS) || Energy: ~6.91e-19 (- 9.64dB)
[@       36s] Timestep:         1632 || Speed:  186.8 MC/s (1.919e-02 s/TS) || Energy: ~4.62e-19 (-11.40dB)
[@       40s] Timestep:         1842 || Speed:  187.7 MC/s (1.909e-02 s/TS) || Energy: ~4.27e-19 (-11.73dB)
[@       44s] Timestep:         2052 || Speed:  187.6 MC/s (1.910e-02 s/TS) || Energy: ~3.91e-19 (-12.12dB)
[@       48s] Timestep:         2262 || Speed:  188.0 MC/s (1.906e-02 s/TS) || Energy: ~2.84e-19 (-13.50dB)
[@       52s] Timestep:         2478 || Speed:  188.2 MC/s (1.904e-02 s/TS) || Energy: ~2.17e-19 (-14.68dB)
[@       56s] Timestep:         2688 || Speed:  186.8 MC/s (1.918e-02 s/TS) || Energy: ~1.86e-19 (-15.34dB)
[@     1m00s] Timestep:         2898 || Speed:  187.8 MC/s (1.908e-02 s/TS) || Energy: ~1.75e-19 (-15.61dB)
[@     1m04s] Timestep:         3114 || Speed:  188.1 MC/s (1.904e-02 s/TS) || Energy: ~1.46e-19 (-16.40dB)
[@     1m08s] Timestep:         3324 || Speed:  186.8 MC/s (1.918e-02 s/TS) || Energy: ~1.10e-19 (-17.64dB)
[@     1m12s] Timestep:         3534 || Speed:  187.2 MC/s (1.914e-02 s/TS) || Energy: ~9.15e-20 (-18.42dB)
[@     1m16s] Timestep:         3744 || Speed:  187.5 MC/s (1.910e-02 s/TS) || Energy: ~8.45e-20 (-18.77dB)
[@     1m20s] Timestep:         3954 || Speed:  186.5 MC/s (1.921e-02 s/TS) || Energy: ~6.62e-20 (-19.83dB)
[@     1m24s] Timestep:         4164 || Speed:  187.0 MC/s (1.916e-02 s/TS) || Energy: ~5.21e-20 (-20.88dB)
[@     1m29s] Timestep:         4374 || Speed:  187.1 MC/s (1.915e-02 s/TS) || Energy: ~5.20e-20 (-20.88dB)
[@     1m33s] Timestep:         4584 || Speed:  187.5 MC/s (1.911e-02 s/TS) || Energy: ~4.99e-20 (-21.06dB)
[@     1m37s] Timestep:         4794 || Speed:  185.2 MC/s (1.935e-02 s/TS) || Energy: ~3.62e-20 (-22.46dB)
[@     1m41s] Timestep:         5004 || Speed:  186.3 MC/s (1.923e-02 s/TS) || Energy: ~2.68e-20 (-23.75dB)
[@     1m45s] Timestep:         5214 || Speed:  186.9 MC/s (1.918e-02 s/TS) || Energy: ~2.88e-20 (-23.44dB)
[@     1m49s] Timestep:         5424 || Speed:  187.5 MC/s (1.911e-02 s/TS) || Energy: ~2.95e-20 (-23.34dB)
[@     1m53s] Timestep:         5634 || Speed:  186.9 MC/s (1.917e-02 s/TS) || Energy: ~2.26e-20 (-24.50dB)
[@     1m57s] Timestep:         5844 || Speed:  186.5 MC/s (1.921e-02 s/TS) || Energy: ~1.64e-20 (-25.89dB)
[@     2m01s] Timestep:         6054 || Speed:  186.8 MC/s (1.918e-02 s/TS) || Energy: ~1.60e-20 (-25.99dB)
[@     2m05s] Timestep:         6264 || Speed:  187.2 MC/s (1.914e-02 s/TS) || Energy: ~1.65e-20 (-25.87dB)
[@     2m09s] Timestep:         6474 || Speed:  186.7 MC/s (1.919e-02 s/TS) || Energy: ~1.42e-20 (-26.52dB)
[@     2m13s] Timestep:         6684 || Speed:  185.8 MC/s (1.928e-02 s/TS) || Energy: ~1.13e-20 (-27.50dB)
[@     2m17s] Timestep:         6894 || Speed:  185.8 MC/s (1.928e-02 s/TS) || Energy: ~9.91e-21 (-28.08dB)
[@     2m21s] Timestep:         7110 || Speed:  188.7 MC/s (1.899e-02 s/TS) || Energy: ~8.92e-21 (-28.54dB)
[@     2m25s] Timestep:         7320 || Speed:  185.2 MC/s (1.935e-02 s/TS) || Energy: ~7.92e-21 (-29.05dB)
[@     2m29s] Timestep:         7530 || Speed:  187.5 MC/s (1.911e-02 s/TS) || Energy: ~7.41e-21 (-29.34dB)
[@     2m33s] Timestep:         7740 || Speed:  187.7 MC/s (1.909e-02 s/TS) || Energy: ~7.14e-21 (-29.50dB)
[@     2m37s] Timestep:         7950 || Speed:  187.8 MC/s (1.908e-02 s/TS) || Energy: ~6.03e-21 (-30.24dB)
[@     2m41s] Timestep:         8166 || Speed:  188.5 MC/s (1.901e-02 s/TS) || Energy: ~5.01e-21 (-31.04dB)
[@     2m45s] Timestep:         8376 || Speed:  186.9 MC/s (1.917e-02 s/TS) || Energy: ~3.81e-21 (-32.24dB)
[@     2m49s] Timestep:         8586 || Speed:  187.1 MC/s (1.915e-02 s/TS) || Energy: ~4.08e-21 (-31.93dB)
[@     2m53s] Timestep:         8796 || Speed:  186.9 MC/s (1.917e-02 s/TS) || Energy: ~4.55e-21 (-31.46dB)
[@     2m57s] Timestep:         9012 || Speed:  188.9 MC/s (1.897e-02 s/TS) || Energy: ~4.12e-21 (-31.89dB)
[@     3m01s] Timestep:         9228 || Speed:  189.1 MC/s (1.894e-02 s/TS) || Energy: ~3.49e-21 (-32.61dB)
[@     3m05s] Timestep:         9438 || Speed:  187.4 MC/s (1.912e-02 s/TS) || Energy: ~2.17e-21 (-34.67dB)
[@     3m10s] Timestep:         9654 || Speed:  189.0 MC/s (1.896e-02 s/TS) || Energy: ~1.72e-21 (-35.70dB)
[@     3m14s] Timestep:         9864 || Speed:  185.1 MC/s (1.936e-02 s/TS) || Energy: ~1.89e-21 (-35.28dB)
[@     3m18s] Timestep:        10080 || Speed:  188.5 MC/s (1.901e-02 s/TS) || Energy: ~2.02e-21 (-34.99dB)
[@     3m22s] Timestep:        10290 || Speed:  184.4 MC/s (1.943e-02 s/TS) || Energy: ~2.29e-21 (-34.44dB)
[@     3m26s] Timestep:        10500 || Speed:  187.9 MC/s (1.907e-02 s/TS) || Energy: ~1.65e-21 (-35.86dB)
[@     3m30s] Timestep:        10710 || Speed:  188.1 MC/s (1.905e-02 s/TS) || Energy: ~9.81e-22 (-38.12dB)
[@     3m34s] Timestep:        10920 || Speed:  186.9 MC/s (1.917e-02 s/TS) || Energy: ~1.08e-21 (-37.72dB)
[@     3m38s] Timestep:        11130 || Speed:  187.1 MC/s (1.915e-02 s/TS) || Energy: ~1.43e-21 (-36.50dB)
[@     3m42s] Timestep:        11340 || Speed:  185.9 MC/s (1.927e-02 s/TS) || Energy: ~1.26e-21 (-37.03dB)
[@     3m46s] Timestep:        11550 || Speed:  186.9 MC/s (1.917e-02 s/TS) || Energy: ~7.72e-22 (-39.16dB)
[@     3m50s] Timestep:        11766 || Speed:  188.8 MC/s (1.898e-02 s/TS) || Energy: ~6.08e-22 (-40.20dB)
[@     3m54s] Timestep:        11976 || Speed:  187.4 MC/s (1.912e-02 s/TS) || Energy: ~6.13e-22 (-40.17dB)
[@     3m58s] Timestep:        12186 || Speed:  187.0 MC/s (1.916e-02 s/TS) || Energy: ~7.98e-22 (-39.02dB)
[@     4m02s] Timestep:        12402 || Speed:  188.7 MC/s (1.899e-02 s/TS) || Energy: ~7.60e-22 (-39.23dB)
[@     4m06s] Timestep:        12612 || Speed:  187.5 MC/s (1.911e-02 s/TS) || Energy: ~6.16e-22 (-40.14dB)
[@     4m10s] Timestep:        12828 || Speed:  188.5 MC/s (1.901e-02 s/TS) || Energy: ~4.89e-22 (-41.15dB)
[@     4m14s] Timestep:        13044 || Speed:  187.6 MC/s (1.910e-02 s/TS) || Energy: ~3.83e-22 (-42.21dB)
[@     4m18s] Timestep:        13254 || Speed:  186.8 MC/s (1.918e-02 s/TS) || Energy: ~2.93e-22 (-43.37dB)
[@     4m23s] Timestep:        13464 || Speed:  186.1 MC/s (1.926e-02 s/TS) || Energy: ~3.55e-22 (-42.54dB)
[@     4m27s] Timestep:        13674 || Speed:  187.4 MC/s (1.912e-02 s/TS) || Energy: ~3.94e-22 (-42.08dB)
[@     4m31s] Timestep:        13884 || Speed:  187.6 MC/s (1.910e-02 s/TS) || Energy: ~3.10e-22 (-43.13dB)
[@     4m35s] Timestep:        14100 || Speed:  188.3 MC/s (1.903e-02 s/TS) || Energy: ~2.45e-22 (-44.14dB)
[@     4m39s] Timestep:        14316 || Speed:  188.3 MC/s (1.902e-02 s/TS) || Energy: ~1.93e-22 (-45.19dB)
[@     4m43s] Timestep:        14532 || Speed:  188.7 MC/s (1.899e-02 s/TS) || Energy: ~1.55e-22 (-46.13dB)
[@     4m47s] Timestep:        14742 || Speed:  187.8 MC/s (1.908e-02 s/TS) || Energy: ~1.54e-22 (-46.17dB)
[@     4m51s] Timestep:        14958 || Speed:  188.4 MC/s (1.902e-02 s/TS) || Energy: ~1.58e-22 (-46.06dB)
[@     4m55s] Timestep:        15174 || Speed:  188.5 MC/s (1.901e-02 s/TS) || Energy: ~1.60e-22 (-45.99dB)
[@     4m59s] Timestep:        15390 || Speed:  188.6 MC/s (1.900e-02 s/TS) || Energy: ~1.57e-22 (-46.08dB)
[@     5m03s] Timestep:        15606 || Speed:  188.7 MC/s (1.899e-02 s/TS) || Energy: ~1.46e-22 (-46.38dB)
[@     5m07s] Timestep:        15816 || Speed:  187.2 MC/s (1.914e-02 s/TS) || Energy: ~1.13e-22 (-47.52dB)
[@     5m11s] Timestep:        16026 || Speed:  186.6 MC/s (1.920e-02 s/TS) || Energy: ~7.28e-23 (-49.42dB)
[@     5m15s] Timestep:        16236 || Speed:  187.7 MC/s (1.909e-02 s/TS) || Energy: ~7.11e-23 (-49.52dB)
[@     5m19s] Timestep:        16452 || Speed:  188.6 MC/s (1.900e-02 s/TS) || Energy: ~7.30e-23 (-49.41dB)
[@     5m23s] Timestep:        16662 || Speed:  188.1 MC/s (1.905e-02 s/TS) || Energy: ~8.43e-23 (-48.78dB)
[@     5m28s] Timestep:        16878 || Speed:  189.3 MC/s (1.893e-02 s/TS) || Energy: ~7.64e-23 (-49.21dB)
[@     5m32s] Timestep:        17094 || Speed:  189.2 MC/s (1.894e-02 s/TS) || Energy: ~6.62e-23 (-49.83dB)
[@     5m36s] Timestep:        17310 || Speed:  188.2 MC/s (1.904e-02 s/TS) || Energy: ~5.60e-23 (-50.56dB)
Time for 17310 iterations with 3583125.00 cells : 336.24 sec
Speed: 184.46 MCells/s 
    [excite port 19/44]
 ---------------------------------------------------------------------- 
 | openEMS 64bit -- version v0.37.0-rc1-2-g7b051bb
 | (C) 2010-2026 Thorsten Liebig <thorsten.liebig@gmx.de>  GPL license
 ---------------------------------------------------------------------- 
	Used external libraries:
		CSXCAD -- Version: v0.7.0-rc1-1-g5115701
		hdf5   -- Version: 1.10.10
		          compiled against: HDF5 library version: 1.10.10
		tinyxml -- compiled against: 2.6.2
		fparser
		boost  -- compiled against: 1_83
		vtk -- Version: 9.1.0
		       compiled against: 9.1.0

Create FDTD operator (compressed SSE + multi-threading)
FDTD simulation size: 175x195x105 --> 3583125.00 FDTD cells 
FDTD timestep is: 0.00 s; Nyquist rate: 24 timesteps @102110454074.00 Hz
Excitation signal length is: 282 timesteps (0.00s)
Max. number of timesteps: 60000 ( --> 212.77 * Excitation signal length)
Create FDTD engine (compressed SSE + multi-threading)
Running FDTD engine... this may take a while... grab a cup of coffee?!?
[@        4s] Timestep:          102 || Speed:   88.0 MC/s (4.070e-02 s/TS) || Energy: ~5.90e-19 (- 0.00dB)
[@        8s] Timestep:          252 || Speed:  130.4 MC/s (2.748e-02 s/TS) || Energy: ~5.55e-18 (- 0.00dB)
[@       12s] Timestep:          426 || Speed:  154.9 MC/s (2.313e-02 s/TS) || Energy: ~2.60e-18 (- 3.29dB)
[@       16s] Timestep:          618 || Speed:  169.9 MC/s (2.109e-02 s/TS) || Energy: ~1.34e-18 (- 6.18dB)
[@       20s] Timestep:          822 || Speed:  179.6 MC/s (1.995e-02 s/TS) || Energy: ~9.61e-19 (- 7.62dB)
[@       24s] Timestep:         1032 || Speed:  183.5 MC/s (1.952e-02 s/TS) || Energy: ~8.90e-19 (- 7.95dB)
[@       28s] Timestep:         1236 || Speed:  179.8 MC/s (1.993e-02 s/TS) || Energy: ~5.58e-19 (- 9.98dB)
Multithreaded Engine: Best performance found using 6 threads.
[@       32s] Timestep:         1446 || Speed:  187.4 MC/s (1.912e-02 s/TS) || Energy: ~4.33e-19 (-11.08dB)
[@       36s] Timestep:         1656 || Speed:  187.2 MC/s (1.914e-02 s/TS) || Energy: ~5.14e-19 (-10.33dB)
[@       40s] Timestep:         1872 || Speed:  188.5 MC/s (1.901e-02 s/TS) || Energy: ~4.48e-19 (-10.93dB)
[@       44s] Timestep:         2082 || Speed:  188.0 MC/s (1.906e-02 s/TS) || Energy: ~3.16e-19 (-12.45dB)
[@       48s] Timestep:         2298 || Speed:  188.4 MC/s (1.902e-02 s/TS) || Energy: ~2.28e-19 (-13.86dB)
[@       52s] Timestep:         2508 || Speed:  187.0 MC/s (1.916e-02 s/TS) || Energy: ~1.59e-19 (-15.43dB)
[@       56s] Timestep:         2724 || Speed:  188.3 MC/s (1.903e-02 s/TS) || Energy: ~1.29e-19 (-16.35dB)
[@     1m00s] Timestep:         2934 || Speed:  187.8 MC/s (1.908e-02 s/TS) || Energy: ~1.16e-19 (-16.79dB)
[@     1m05s] Timestep:         3144 || Speed:  185.8 MC/s (1.929e-02 s/TS) || Energy: ~1.10e-19 (-17.02dB)
[@     1m09s] Timestep:         3354 || Speed:  187.4 MC/s (1.912e-02 s/TS) || Energy: ~8.59e-20 (-18.10dB)
[@     1m13s] Timestep:         3564 || Speed:  186.5 MC/s (1.921e-02 s/TS) || Energy: ~5.70e-20 (-19.88dB)
[@     1m17s] Timestep:         3774 || Speed:  188.0 MC/s (1.906e-02 s/TS) || Energy: ~4.90e-20 (-20.54dB)
[@     1m21s] Timestep:         3990 || Speed:  188.2 MC/s (1.904e-02 s/TS) || Energy: ~4.48e-20 (-20.93dB)
[@     1m25s] Timestep:         4200 || Speed:  185.1 MC/s (1.936e-02 s/TS) || Energy: ~4.36e-20 (-21.05dB)
[@     1m29s] Timestep:         4410 || Speed:  187.1 MC/s (1.916e-02 s/TS) || Energy: ~3.49e-20 (-22.02dB)
[@     1m33s] Timestep:         4620 || Speed:  186.0 MC/s (1.926e-02 s/TS) || Energy: ~2.59e-20 (-23.30dB)
[@     1m37s] Timestep:         4830 || Speed:  183.9 MC/s (1.949e-02 s/TS) || Energy: ~2.26e-20 (-23.90dB)
[@     1m41s] Timestep:         5040 || Speed:  186.3 MC/s (1.924e-02 s/TS) || Energy: ~2.20e-20 (-24.02dB)
[@     1m45s] Timestep:         5250 || Speed:  188.0 MC/s (1.906e-02 s/TS) || Energy: ~1.90e-20 (-24.66dB)
[@     1m49s] Timestep:         5460 || Speed:  186.4 MC/s (1.923e-02 s/TS) || Energy: ~1.47e-20 (-25.77dB)
[@     1m53s] Timestep:         5670 || Speed:  185.5 MC/s (1.932e-02 s/TS) || Energy: ~1.28e-20 (-26.37dB)
[@     1m57s] Timestep:         5880 || Speed:  187.2 MC/s (1.915e-02 s/TS) || Energy: ~1.20e-20 (-26.66dB)
[@     2m01s] Timestep:         6090 || Speed:  187.3 MC/s (1.913e-02 s/TS) || Energy: ~9.91e-21 (-27.49dB)
[@     2m05s] Timestep:         6300 || Speed:  187.4 MC/s (1.912e-02 s/TS) || Energy: ~7.92e-21 (-28.46dB)
[@     2m09s] Timestep:         6510 || Speed:  187.4 MC/s (1.912e-02 s/TS) || Energy: ~7.50e-21 (-28.69dB)
[@     2m13s] Timestep:         6726 || Speed:  188.3 MC/s (1.903e-02 s/TS) || Energy: ~6.95e-21 (-29.03dB)
[@     2m17s] Timestep:         6942 || Speed:  189.1 MC/s (1.894e-02 s/TS) || Energy: ~6.30e-21 (-29.45dB)
[@     2m21s] Timestep:         7152 || Speed:  187.6 MC/s (1.910e-02 s/TS) || Energy: ~4.96e-21 (-30.49dB)
[@     2m25s] Timestep:         7362 || Speed:  186.1 MC/s (1.925e-02 s/TS) || Energy: ~3.45e-21 (-32.07dB)
[@     2m29s] Timestep:         7578 || Speed:  188.5 MC/s (1.901e-02 s/TS) || Energy: ~2.91e-21 (-32.81dB)
[@     2m34s] Timestep:         7794 || Speed:  188.4 MC/s (1.902e-02 s/TS) || Energy: ~2.72e-21 (-33.10dB)
[@     2m38s] Timestep:         8010 || Speed:  188.4 MC/s (1.902e-02 s/TS) || Energy: ~2.76e-21 (-33.04dB)
[@     2m42s] Timestep:         8220 || Speed:  187.9 MC/s (1.907e-02 s/TS) || Energy: ~3.16e-21 (-32.45dB)
[@     2m46s] Timestep:         8436 || Speed:  188.3 MC/s (1.903e-02 s/TS) || Energy: ~2.75e-21 (-33.06dB)
[@     2m50s] Timestep:         8646 || Speed:  187.2 MC/s (1.914e-02 s/TS) || Energy: ~1.62e-21 (-35.35dB)
[@     2m54s] Timestep:         8862 || Speed:  188.5 MC/s (1.901e-02 s/TS) || Energy: ~1.11e-21 (-37.00dB)
[@     2m58s] Timestep:         9078 || Speed:  188.7 MC/s (1.899e-02 s/TS) || Energy: ~8.44e-22 (-38.18dB)
[@     3m02s] Timestep:         9294 || Speed:  188.7 MC/s (1.898e-02 s/TS) || Energy: ~8.25e-22 (-38.28dB)
[@     3m06s] Timestep:         9504 || Speed:  187.8 MC/s (1.908e-02 s/TS) || Energy: ~1.38e-21 (-36.05dB)
[@     3m10s] Timestep:         9714 || Speed:  187.4 MC/s (1.912e-02 s/TS) || Energy: ~1.40e-21 (-35.98dB)
[@     3m14s] Timestep:         9924 || Speed:  187.7 MC/s (1.909e-02 s/TS) || Energy: ~7.33e-22 (-38.79dB)
[@     3m18s] Timestep:        10134 || Speed:  186.2 MC/s (1.924e-02 s/TS) || Energy: ~4.20e-22 (-41.22dB)
[@     3m22s] Timestep:        10344 || Speed:  185.8 MC/s (1.929e-02 s/TS) || Energy: ~7.45e-22 (-38.72dB)
[@     3m26s] Timestep:        10560 || Speed:  188.6 MC/s (1.900e-02 s/TS) || Energy: ~8.18e-22 (-38.32dB)
[@     3m30s] Timestep:        10770 || Speed:  186.6 MC/s (1.920e-02 s/TS) || Energy: ~7.43e-22 (-38.74dB)
[@     3m34s] Timestep:        10980 || Speed:  186.1 MC/s (1.926e-02 s/TS) || Energy: ~3.66e-22 (-41.81dB)
[@     3m38s] Timestep:        11190 || Speed:  187.3 MC/s (1.913e-02 s/TS) || Energy: ~2.71e-22 (-43.12dB)
[@     3m43s] Timestep:        11406 || Speed:  188.6 MC/s (1.900e-02 s/TS) || Energy: ~3.18e-22 (-42.42dB)
[@     3m47s] Timestep:        11622 || Speed:  188.2 MC/s (1.904e-02 s/TS) || Energy: ~3.67e-22 (-41.80dB)
[@     3m51s] Timestep:        11832 || Speed:  188.1 MC/s (1.905e-02 s/TS) || Energy: ~4.20e-22 (-41.22dB)
[@     3m55s] Timestep:        12042 || Speed:  187.4 MC/s (1.912e-02 s/TS) || Energy: ~2.83e-22 (-42.93dB)
[@     3m59s] Timestep:        12252 || Speed:  187.6 MC/s (1.910e-02 s/TS) || Energy: ~1.78e-22 (-44.95dB)
[@     4m03s] Timestep:        12468 || Speed:  188.7 MC/s (1.899e-02 s/TS) || Energy: ~1.71e-22 (-45.12dB)
[@     4m07s] Timestep:        12678 || Speed:  188.1 MC/s (1.905e-02 s/TS) || Energy: ~2.12e-22 (-44.17dB)
[@     4m11s] Timestep:        12888 || Speed:  187.2 MC/s (1.914e-02 s/TS) || Energy: ~2.13e-22 (-44.16dB)
[@     4m15s] Timestep:        13098 || Speed:  187.7 MC/s (1.909e-02 s/TS) || Energy: ~1.63e-22 (-45.33dB)
[@     4m19s] Timestep:        13314 || Speed:  188.3 MC/s (1.903e-02 s/TS) || Energy: ~1.37e-22 (-46.07dB)
[@     4m23s] Timestep:        13530 || Speed:  188.5 MC/s (1.901e-02 s/TS) || Energy: ~1.20e-22 (-46.66dB)
[@     4m27s] Timestep:        13746 || Speed:  188.5 MC/s (1.901e-02 s/TS) || Energy: ~1.07e-22 (-47.16dB)
[@     4m31s] Timestep:        13962 || Speed:  188.6 MC/s (1.900e-02 s/TS) || Energy: ~9.52e-23 (-47.66dB)
[@     4m35s] Timestep:        14178 || Speed:  187.9 MC/s (1.907e-02 s/TS) || Energy: ~8.43e-23 (-48.19dB)
[@     4m39s] Timestep:        14388 || Speed:  188.0 MC/s (1.905e-02 s/TS) || Energy: ~8.22e-23 (-48.30dB)
[@     4m43s] Timestep:        14604 || Speed:  188.3 MC/s (1.903e-02 s/TS) || Energy: ~7.83e-23 (-48.50dB)
[@     4m47s] Timestep:        14814 || Speed:  188.1 MC/s (1.905e-02 s/TS) || Energy: ~7.78e-23 (-48.53dB)
[@     4m52s] Timestep:        15030 || Speed:  188.4 MC/s (1.901e-02 s/TS) || Energy: ~6.85e-23 (-49.09dB)
[@     4m56s] Timestep:        15246 || Speed:  188.3 MC/s (1.903e-02 s/TS) || Energy: ~5.73e-23 (-49.87dB)
[@     5m00s] Timestep:        15456 || Speed:  187.5 MC/s (1.911e-02 s/TS) || Energy: ~4.09e-23 (-51.33dB)
Time for 15456 iterations with 3583125.00 cells : 300.23 sec
Speed: 184.46 MCells/s 
    [excite port 20/44]
 ---------------------------------------------------------------------- 
 | openEMS 64bit -- version v0.37.0-rc1-2-g7b051bb
 | (C) 2010-2026 Thorsten Liebig <thorsten.liebig@gmx.de>  GPL license
 ---------------------------------------------------------------------- 
	Used external libraries:
		CSXCAD -- Version: v0.7.0-rc1-1-g5115701
		hdf5   -- Version: 1.10.10
		          compiled against: HDF5 library version: 1.10.10
		tinyxml -- compiled against: 2.6.2
		fparser
		boost  -- compiled against: 1_83
		vtk -- Version: 9.1.0
		       compiled against: 9.1.0

Create FDTD operator (compressed SSE + multi-threading)
FDTD simulation size: 175x195x105 --> 3583125.00 FDTD cells 
FDTD timestep is: 0.00 s; Nyquist rate: 24 timesteps @102110454074.00 Hz
Excitation signal length is: 282 timesteps (0.00s)
Max. number of timesteps: 60000 ( --> 212.77 * Excitation signal length)
Create FDTD engine (compressed SSE + multi-threading)
Running FDTD engine... this may take a while... grab a cup of coffee?!?
[@        4s] Timestep:          102 || Speed:   86.9 MC/s (4.123e-02 s/TS) || Energy: ~5.90e-19 (- 0.00dB)
[@        8s] Timestep:          252 || Speed:  129.9 MC/s (2.759e-02 s/TS) || Energy: ~6.23e-18 (- 0.00dB)
[@       12s] Timestep:          432 || Speed:  157.5 MC/s (2.275e-02 s/TS) || Energy: ~2.98e-18 (- 3.20dB)
[@       16s] Timestep:          624 || Speed:  168.2 MC/s (2.130e-02 s/TS) || Energy: ~1.54e-18 (- 6.08dB)
[@       20s] Timestep:          828 || Speed:  179.6 MC/s (1.996e-02 s/TS) || Energy: ~8.97e-19 (- 8.42dB)
[@       24s] Timestep:         1038 || Speed:  183.3 MC/s (1.954e-02 s/TS) || Energy: ~7.67e-19 (- 9.10dB)
[@       28s] Timestep:         1248 || Speed:  186.7 MC/s (1.919e-02 s/TS) || Energy: ~6.93e-19 (- 9.54dB)
[@       32s] Timestep:         1452 || Speed:  181.7 MC/s (1.972e-02 s/TS) || Energy: ~5.13e-19 (-10.85dB)
Multithreaded Engine: Best performance found using 7 threads.
[@       36s] Timestep:         1662 || Speed:  187.5 MC/s (1.911e-02 s/TS) || Energy: ~4.42e-19 (-11.49dB)
[@       40s] Timestep:         1872 || Speed:  185.0 MC/s (1.936e-02 s/TS) || Energy: ~3.02e-19 (-13.14dB)
[@       44s] Timestep:         2088 || Speed:  188.5 MC/s (1.901e-02 s/TS) || Energy: ~2.26e-19 (-14.39dB)
[@       48s] Timestep:         2298 || Speed:  186.5 MC/s (1.921e-02 s/TS) || Energy: ~2.44e-19 (-14.08dB)
[@       52s] Timestep:         2502 || Speed:  182.2 MC/s (1.967e-02 s/TS) || Energy: ~1.89e-19 (-15.18dB)
[@       56s] Timestep:         2712 || Speed:  187.8 MC/s (1.908e-02 s/TS) || Energy: ~1.27e-19 (-16.91dB)
[@     1m00s] Timestep:         2922 || Speed:  187.9 MC/s (1.907e-02 s/TS) || Energy: ~1.13e-19 (-17.40dB)
[@     1m05s] Timestep:         3132 || Speed:  187.4 MC/s (1.912e-02 s/TS) || Energy: ~1.09e-19 (-17.58dB)
[@     1m09s] Timestep:         3342 || Speed:  187.7 MC/s (1.909e-02 s/TS) || Energy: ~9.22e-20 (-18.30dB)
[@     1m13s] Timestep:         3552 || Speed:  184.8 MC/s (1.939e-02 s/TS) || Energy: ~6.12e-20 (-20.08dB)
[@     1m17s] Timestep:         3762 || Speed:  188.0 MC/s (1.905e-02 s/TS) || Energy: ~4.67e-20 (-21.26dB)
[@     1m21s] Timestep:         3972 || Speed:  185.8 MC/s (1.928e-02 s/TS) || Energy: ~4.64e-20 (-21.28dB)
[@     1m25s] Timestep:         4182 || Speed:  186.7 MC/s (1.919e-02 s/TS) || Energy: ~4.32e-20 (-21.59dB)
[@     1m29s] Timestep:         4392 || Speed:  186.9 MC/s (1.917e-02 s/TS) || Energy: ~3.17e-20 (-22.93dB)
[@     1m33s] Timestep:         4602 || Speed:  187.6 MC/s (1.910e-02 s/TS) || Energy: ~2.26e-20 (-24.39dB)
[@     1m37s] Timestep:         4812 || Speed:  183.4 MC/s (1.953e-02 s/TS) || Energy: ~2.13e-20 (-24.65dB)
[@     1m41s] Timestep:         5022 || Speed:  186.5 MC/s (1.921e-02 s/TS) || Energy: ~2.06e-20 (-24.81dB)
[@     1m45s] Timestep:         5232 || Speed:  187.5 MC/s (1.911e-02 s/TS) || Energy: ~1.62e-20 (-25.85dB)
[@     1m49s] Timestep:         5442 || Speed:  185.8 MC/s (1.929e-02 s/TS) || Energy: ~1.22e-20 (-27.07dB)
[@     1m53s] Timestep:         5652 || Speed:  184.8 MC/s (1.939e-02 s/TS) || Energy: ~1.13e-20 (-27.42dB)
[@     1m57s] Timestep:         5856 || Speed:  182.6 MC/s (1.962e-02 s/TS) || Energy: ~1.05e-20 (-27.72dB)
[@     2m01s] Timestep:         6066 || Speed:  184.2 MC/s (1.945e-02 s/TS) || Energy: ~8.04e-21 (-28.89dB)
[@     2m05s] Timestep:         6276 || Speed:  186.8 MC/s (1.918e-02 s/TS) || Energy: ~7.06e-21 (-29.46dB)
[@     2m09s] Timestep:         6486 || Speed:  187.0 MC/s (1.916e-02 s/TS) || Energy: ~6.75e-21 (-29.65dB)
[@     2m13s] Timestep:         6696 || Speed:  187.5 MC/s (1.911e-02 s/TS) || Energy: ~5.60e-21 (-30.46dB)
[@     2m17s] Timestep:         6906 || Speed:  186.9 MC/s (1.917e-02 s/TS) || Energy: ~4.39e-21 (-31.52dB)
[@     2m21s] Timestep:         7116 || Speed:  187.2 MC/s (1.914e-02 s/TS) || Energy: ~4.09e-21 (-31.83dB)
[@     2m25s] Timestep:         7326 || Speed:  186.3 MC/s (1.923e-02 s/TS) || Energy: ~3.90e-21 (-32.03dB)
[@     2m29s] Timestep:         7536 || Speed:  187.3 MC/s (1.913e-02 s/TS) || Energy: ~3.14e-21 (-32.98dB)
[@     2m33s] Timestep:         7746 || Speed:  187.6 MC/s (1.909e-02 s/TS) || Energy: ~2.44e-21 (-34.06dB)
[@     2m37s] Timestep:         7956 || Speed:  183.1 MC/s (1.957e-02 s/TS) || Energy: ~2.37e-21 (-34.20dB)
[@     2m41s] Timestep:         8166 || Speed:  187.8 MC/s (1.908e-02 s/TS) || Energy: ~2.31e-21 (-34.31dB)
[@     2m45s] Timestep:         8376 || Speed:  187.8 MC/s (1.907e-02 s/TS) || Energy: ~1.82e-21 (-35.35dB)
[@     2m49s] Timestep:         8586 || Speed:  187.9 MC/s (1.906e-02 s/TS) || Energy: ~1.39e-21 (-36.52dB)
[@     2m53s] Timestep:         8796 || Speed:  188.0 MC/s (1.906e-02 s/TS) || Energy: ~1.38e-21 (-36.54dB)
[@     2m57s] Timestep:         9006 || Speed:  186.4 MC/s (1.923e-02 s/TS) || Energy: ~1.38e-21 (-36.54dB)
[@     3m02s] Timestep:         9222 || Speed:  188.3 MC/s (1.903e-02 s/TS) || Energy: ~1.18e-21 (-37.21dB)
[@     3m06s] Timestep:         9432 || Speed:  187.8 MC/s (1.908e-02 s/TS) || Energy: ~8.52e-22 (-38.64dB)
[@     3m10s] Timestep:         9642 || Speed:  187.5 MC/s (1.911e-02 s/TS) || Energy: ~7.10e-22 (-39.43dB)
[@     3m14s] Timestep:         9852 || Speed:  184.9 MC/s (1.937e-02 s/TS) || Energy: ~7.79e-22 (-39.03dB)
[@     3m18s] Timestep:        10062 || Speed:  187.6 MC/s (1.910e-02 s/TS) || Energy: ~7.25e-22 (-39.34dB)
[@     3m22s] Timestep:        10272 || Speed:  187.7 MC/s (1.909e-02 s/TS) || Energy: ~5.06e-22 (-40.90dB)
[@     3m26s] Timestep:        10482 || Speed:  183.4 MC/s (1.954e-02 s/TS) || Energy: ~3.97e-22 (-41.95dB)
[@     3m30s] Timestep:        10692 || Speed:  187.5 MC/s (1.911e-02 s/TS) || Energy: ~4.56e-22 (-41.35dB)
[@     3m34s] Timestep:        10902 || Speed:  185.8 MC/s (1.928e-02 s/TS) || Energy: ~4.53e-22 (-41.39dB)
[@     3m38s] Timestep:        11112 || Speed:  184.0 MC/s (1.948e-02 s/TS) || Energy: ~3.11e-22 (-43.01dB)
[@     3m42s] Timestep:        11322 || Speed:  187.9 MC/s (1.907e-02 s/TS) || Energy: ~2.18e-22 (-44.57dB)
[@     3m46s] Timestep:        11532 || Speed:  185.1 MC/s (1.936e-02 s/TS) || Energy: ~2.57e-22 (-43.84dB)
[@     3m50s] Timestep:        11742 || Speed:  183.7 MC/s (1.950e-02 s/TS) || Energy: ~2.84e-22 (-43.42dB)
[@     3m54s] Timestep:        11952 || Speed:  187.5 MC/s (1.911e-02 s/TS) || Energy: ~2.03e-22 (-44.87dB)
[@     3m58s] Timestep:        12162 || Speed:  188.0 MC/s (1.906e-02 s/TS) || Energy: ~1.21e-22 (-47.11dB)
[@     4m02s] Timestep:        12378 || Speed:  188.3 MC/s (1.903e-02 s/TS) || Energy: ~1.07e-22 (-47.67dB)
[@     4m06s] Timestep:        12588 || Speed:  187.8 MC/s (1.908e-02 s/TS) || Energy: ~1.45e-22 (-46.34dB)
[@     4m10s] Timestep:        12798 || Speed:  187.5 MC/s (1.911e-02 s/TS) || Energy: ~1.56e-22 (-46.01dB)
[@     4m14s] Timestep:        13008 || Speed:  184.9 MC/s (1.937e-02 s/TS) || Energy: ~1.01e-22 (-47.89dB)
[@     4m18s] Timestep:        13218 || Speed:  187.9 MC/s (1.907e-02 s/TS) || Energy: ~5.77e-23 (-50.34dB)
Time for 13218 iterations with 3583125.00 cells : 258.77 sec
Speed: 183.02 MCells/s 
    [excite port 21/44]
 ---------------------------------------------------------------------- 
 | openEMS 64bit -- version v0.37.0-rc1-2-g7b051bb
 | (C) 2010-2026 Thorsten Liebig <thorsten.liebig@gmx.de>  GPL license
 ---------------------------------------------------------------------- 
	Used external libraries:
		CSXCAD -- Version: v0.7.0-rc1-1-g5115701
		hdf5   -- Version: 1.10.10
		          compiled against: HDF5 library version: 1.10.10
		tinyxml -- compiled against: 2.6.2
		fparser
		boost  -- compiled against: 1_83
		vtk -- Version: 9.1.0
		       compiled against: 9.1.0

Create FDTD operator (compressed SSE + multi-threading)
FDTD simulation size: 175x195x105 --> 3583125.00 FDTD cells 
FDTD timestep is: 0.00 s; Nyquist rate: 24 timesteps @102110454074.00 Hz
Excitation signal length is: 282 timesteps (0.00s)
Max. number of timesteps: 60000 ( --> 212.77 * Excitation signal length)
Create FDTD engine (compressed SSE + multi-threading)
Running FDTD engine... this may take a while... grab a cup of coffee?!?
[@        4s] Timestep:          102 || Speed:   87.9 MC/s (4.078e-02 s/TS) || Energy: ~5.90e-19 (- 0.00dB)
[@        8s] Timestep:          252 || Speed:  130.9 MC/s (2.738e-02 s/TS) || Energy: ~5.55e-18 (- 0.00dB)
[@       12s] Timestep:          426 || Speed:  153.8 MC/s (2.329e-02 s/TS) || Energy: ~2.76e-18 (- 3.04dB)
[@       16s] Timestep:          618 || Speed:  169.6 MC/s (2.112e-02 s/TS) || Energy: ~1.43e-18 (- 5.89dB)
[@       20s] Timestep:          822 || Speed:  178.8 MC/s (2.004e-02 s/TS) || Energy: ~1.06e-18 (- 7.20dB)
[@       24s] Timestep:         1032 || Speed:  186.2 MC/s (1.924e-02 s/TS) || Energy: ~7.51e-19 (- 8.69dB)
[@       28s] Timestep:         1242 || Speed:  187.7 MC/s (1.909e-02 s/TS) || Energy: ~5.70e-19 (- 9.88dB)
[@       32s] Timestep:         1446 || Speed:  181.4 MC/s (1.976e-02 s/TS) || Energy: ~5.73e-19 (- 9.86dB)
Multithreaded Engine: Best performance found using 7 threads.
[@       36s] Timestep:         1656 || Speed:  187.8 MC/s (1.908e-02 s/TS) || Energy: ~3.52e-19 (-11.98dB)
[@       40s] Timestep:         1866 || Speed:  187.3 MC/s (1.913e-02 s/TS) || Energy: ~2.51e-19 (-13.44dB)
[@       44s] Timestep:         2082 || Speed:  188.5 MC/s (1.901e-02 s/TS) || Energy: ~2.02e-19 (-14.39dB)
[@       48s] Timestep:         2292 || Speed:  187.8 MC/s (1.908e-02 s/TS) || Energy: ~2.01e-19 (-14.42dB)
[@       52s] Timestep:         2502 || Speed:  187.6 MC/s (1.910e-02 s/TS) || Energy: ~1.64e-19 (-15.29dB)
[@       56s] Timestep:         2718 || Speed:  188.6 MC/s (1.899e-02 s/TS) || Energy: ~1.18e-19 (-16.73dB)
[@     1m00s] Timestep:         2928 || Speed:  187.4 MC/s (1.912e-02 s/TS) || Energy: ~7.28e-20 (-18.82dB)
[@     1m04s] Timestep:         3138 || Speed:  187.8 MC/s (1.908e-02 s/TS) || Energy: ~7.12e-20 (-18.91dB)
[@     1m08s] Timestep:         3348 || Speed:  187.6 MC/s (1.910e-02 s/TS) || Energy: ~7.52e-20 (-18.68dB)
[@     1m12s] Timestep:         3564 || Speed:  188.4 MC/s (1.902e-02 s/TS) || Energy: ~6.38e-20 (-19.39dB)
[@     1m17s] Timestep:         3780 || Speed:  188.1 MC/s (1.905e-02 s/TS) || Energy: ~5.06e-20 (-20.40dB)
[@     1m21s] Timestep:         3990 || Speed:  186.6 MC/s (1.920e-02 s/TS) || Energy: ~3.14e-20 (-22.48dB)
[@     1m25s] Timestep:         4200 || Speed:  187.0 MC/s (1.916e-02 s/TS) || Energy: ~2.83e-20 (-22.93dB)
[@     1m29s] Timestep:         4410 || Speed:  188.1 MC/s (1.905e-02 s/TS) || Energy: ~3.44e-20 (-22.08dB)
[@     1m33s] Timestep:         4620 || Speed:  186.0 MC/s (1.926e-02 s/TS) || Energy: ~3.01e-20 (-22.66dB)
[@     1m37s] Timestep:         4830 || Speed:  184.5 MC/s (1.942e-02 s/TS) || Energy: ~1.78e-20 (-24.94dB)
[@     1m41s] Timestep:         5040 || Speed:  184.6 MC/s (1.941e-02 s/TS) || Energy: ~1.44e-20 (-25.86dB)
[@     1m45s] Timestep:         5250 || Speed:  185.9 MC/s (1.928e-02 s/TS) || Energy: ~1.96e-20 (-24.53dB)
[@     1m49s] Timestep:         5460 || Speed:  186.6 MC/s (1.920e-02 s/TS) || Energy: ~1.97e-20 (-24.50dB)
[@     1m53s] Timestep:         5670 || Speed:  184.2 MC/s (1.945e-02 s/TS) || Energy: ~1.20e-20 (-26.64dB)
[@     1m57s] Timestep:         5880 || Speed:  187.1 MC/s (1.915e-02 s/TS) || Energy: ~7.57e-21 (-28.65dB)
[@     2m01s] Timestep:         6096 || Speed:  188.2 MC/s (1.904e-02 s/TS) || Energy: ~7.81e-21 (-28.51dB)
[@     2m05s] Timestep:         6306 || Speed:  183.0 MC/s (1.958e-02 s/TS) || Energy: ~1.20e-20 (-26.66dB)
[@     2m09s] Timestep:         6516 || Speed:  188.1 MC/s (1.905e-02 s/TS) || Energy: ~1.15e-20 (-26.83dB)
[@     2m13s] Timestep:         6732 || Speed:  188.4 MC/s (1.902e-02 s/TS) || Energy: ~9.00e-21 (-27.90dB)
[@     2m17s] Timestep:         6942 || Speed:  187.6 MC/s (1.910e-02 s/TS) || Energy: ~4.44e-21 (-30.96dB)
[@     2m21s] Timestep:         7152 || Speed:  186.2 MC/s (1.924e-02 s/TS) || Energy: ~4.54e-21 (-30.87dB)
[@     2m25s] Timestep:         7362 || Speed:  188.0 MC/s (1.906e-02 s/TS) || Energy: ~7.30e-21 (-28.81dB)
[@     2m29s] Timestep:         7572 || Speed:  187.7 MC/s (1.909e-02 s/TS) || Energy: ~6.89e-21 (-29.06dB)
[@     2m33s] Timestep:         7782 || Speed:  187.0 MC/s (1.917e-02 s/TS) || Energy: ~3.64e-21 (-31.83dB)
[@     2m37s] Timestep:         7992 || Speed:  188.0 MC/s (1.906e-02 s/TS) || Energy: ~2.41e-21 (-33.63dB)
[@     2m42s] Timestep:         8208 || Speed:  188.4 MC/s (1.902e-02 s/TS) || Energy: ~2.69e-21 (-33.14dB)
[@     2m46s] Timestep:         8418 || Speed:  188.0 MC/s (1.906e-02 s/TS) || Energy: ~4.34e-21 (-31.07dB)
[@     2m50s] Timestep:         8628 || Speed:  187.0 MC/s (1.916e-02 s/TS) || Energy: ~4.08e-21 (-31.33dB)
[@     2m54s] Timestep:         8838 || Speed:  185.6 MC/s (1.931e-02 s/TS) || Energy: ~2.18e-21 (-34.06dB)
[@     2m58s] Timestep:         9048 || Speed:  185.5 MC/s (1.932e-02 s/TS) || Energy: ~1.42e-21 (-35.91dB)
[@     3m02s] Timestep:         9264 || Speed:  188.4 MC/s (1.902e-02 s/TS) || Energy: ~1.58e-21 (-35.46dB)
[@     3m06s] Timestep:         9474 || Speed:  187.5 MC/s (1.911e-02 s/TS) || Energy: ~2.54e-21 (-33.40dB)
[@     3m10s] Timestep:         9684 || Speed:  187.9 MC/s (1.907e-02 s/TS) || Energy: ~2.41e-21 (-33.63dB)
[@     3m14s] Timestep:         9894 || Speed:  186.9 MC/s (1.917e-02 s/TS) || Energy: ~1.30e-21 (-36.29dB)
[@     3m18s] Timestep:        10104 || Speed:  187.5 MC/s (1.911e-02 s/TS) || Energy: ~8.45e-22 (-38.17dB)
[@     3m22s] Timestep:        10314 || Speed:  188.0 MC/s (1.906e-02 s/TS) || Energy: ~1.36e-21 (-36.09dB)
[@     3m26s] Timestep:        10524 || Speed:  184.4 MC/s (1.944e-02 s/TS) || Energy: ~1.64e-21 (-35.30dB)
[@     3m30s] Timestep:        10734 || Speed:  186.6 MC/s (1.920e-02 s/TS) || Energy: ~1.10e-21 (-37.04dB)
[@     3m34s] Timestep:        10950 || Speed:  188.5 MC/s (1.901e-02 s/TS) || Energy: ~7.68e-22 (-38.59dB)
[@     3m38s] Timestep:        11160 || Speed:  186.3 MC/s (1.924e-02 s/TS) || Energy: ~5.11e-22 (-40.35dB)
[@     3m42s] Timestep:        11370 || Speed:  187.8 MC/s (1.908e-02 s/TS) || Energy: ~7.90e-22 (-38.46dB)
[@     3m46s] Timestep:        11586 || Speed:  188.3 MC/s (1.903e-02 s/TS) || Energy: ~8.38e-22 (-38.21dB)
[@     3m50s] Timestep:        11796 || Speed:  186.2 MC/s (1.924e-02 s/TS) || Energy: ~7.83e-22 (-38.51dB)
[@     3m54s] Timestep:        12006 || Speed:  188.1 MC/s (1.905e-02 s/TS) || Energy: ~4.45e-22 (-40.96dB)
[@     3m58s] Timestep:        12216 || Speed:  187.5 MC/s (1.911e-02 s/TS) || Energy: ~3.16e-22 (-42.44dB)
[@     4m02s] Timestep:        12426 || Speed:  188.1 MC/s (1.905e-02 s/TS) || Energy: ~4.58e-22 (-40.83dB)
[@     4m06s] Timestep:        12636 || Speed:  187.8 MC/s (1.908e-02 s/TS) || Energy: ~5.10e-22 (-40.36dB)
[@     4m10s] Timestep:        12852 || Speed:  188.5 MC/s (1.901e-02 s/TS) || Energy: ~4.27e-22 (-41.14dB)
[@     4m14s] Timestep:        13068 || Speed:  188.2 MC/s (1.904e-02 s/TS) || Energy: ~3.32e-22 (-42.24dB)
[@     4m19s] Timestep:        13284 || Speed:  188.6 MC/s (1.900e-02 s/TS) || Energy: ~2.47e-22 (-43.52dB)
[@     4m23s] Timestep:        13494 || Speed:  188.0 MC/s (1.906e-02 s/TS) || Energy: ~1.75e-22 (-45.02dB)
[@     4m27s] Timestep:        13704 || Speed:  187.8 MC/s (1.908e-02 s/TS) || Energy: ~2.21e-22 (-44.00dB)
[@     4m31s] Timestep:        13914 || Speed:  187.9 MC/s (1.907e-02 s/TS) || Energy: ~2.42e-22 (-43.61dB)
[@     4m35s] Timestep:        14124 || Speed:  187.9 MC/s (1.907e-02 s/TS) || Energy: ~1.76e-22 (-44.98dB)
[@     4m39s] Timestep:        14334 || Speed:  187.9 MC/s (1.907e-02 s/TS) || Energy: ~1.19e-22 (-46.67dB)
[@     4m43s] Timestep:        14550 || Speed:  188.1 MC/s (1.905e-02 s/TS) || Energy: ~1.11e-22 (-47.00dB)
[@     4m47s] Timestep:        14760 || Speed:  187.4 MC/s (1.912e-02 s/TS) || Energy: ~1.31e-22 (-46.25dB)
[@     4m51s] Timestep:        14970 || Speed:  187.8 MC/s (1.908e-02 s/TS) || Energy: ~1.28e-22 (-46.37dB)
[@     4m55s] Timestep:        15186 || Speed:  188.3 MC/s (1.903e-02 s/TS) || Energy: ~1.05e-22 (-47.21dB)
[@     4m59s] Timestep:        15402 || Speed:  188.4 MC/s (1.902e-02 s/TS) || Energy: ~8.33e-23 (-48.23dB)
[@     5m03s] Timestep:        15618 || Speed:  188.2 MC/s (1.904e-02 s/TS) || Energy: ~6.62e-23 (-49.23dB)
[@     5m07s] Timestep:        15828 || Speed:  187.3 MC/s (1.913e-02 s/TS) || Energy: ~6.05e-23 (-49.62dB)
[@     5m11s] Timestep:        16038 || Speed:  185.9 MC/s (1.928e-02 s/TS) || Energy: ~6.90e-23 (-49.05dB)
[@     5m15s] Timestep:        16248 || Speed:  187.6 MC/s (1.910e-02 s/TS) || Energy: ~6.11e-23 (-49.58dB)
[@     5m19s] Timestep:        16458 || Speed:  187.6 MC/s (1.910e-02 s/TS) || Energy: ~4.19e-23 (-51.22dB)
Time for 16458 iterations with 3583125.00 cells : 319.67 sec
Speed: 184.48 MCells/s 
    [excite port 22/44]
 ---------------------------------------------------------------------- 
 | openEMS 64bit -- version v0.37.0-rc1-2-g7b051bb
 | (C) 2010-2026 Thorsten Liebig <thorsten.liebig@gmx.de>  GPL license
 ---------------------------------------------------------------------- 
	Used external libraries:
		CSXCAD -- Version: v0.7.0-rc1-1-g5115701
		hdf5   -- Version: 1.10.10
		          compiled against: HDF5 library version: 1.10.10
		tinyxml -- compiled against: 2.6.2
		fparser
		boost  -- compiled against: 1_83
		vtk -- Version: 9.1.0
		       compiled against: 9.1.0

Create FDTD operator (compressed SSE + multi-threading)
FDTD simulation size: 175x195x105 --> 3583125.00 FDTD cells 
FDTD timestep is: 0.00 s; Nyquist rate: 24 timesteps @102110454074.00 Hz
Excitation signal length is: 282 timesteps (0.00s)
Max. number of timesteps: 60000 ( --> 212.77 * Excitation signal length)
Create FDTD engine (compressed SSE + multi-threading)
Running FDTD engine... this may take a while... grab a cup of coffee?!?
[@        4s] Timestep:          102 || Speed:   86.8 MC/s (4.128e-02 s/TS) || Energy: ~5.90e-19 (- 0.00dB)
[@        8s] Timestep:          246 || Speed:  128.2 MC/s (2.795e-02 s/TS) || Energy: ~5.84e-18 (- 0.00dB)
[@       12s] Timestep:          420 || Speed:  155.5 MC/s (2.304e-02 s/TS) || Energy: ~3.67e-18 (- 2.02dB)
[@       16s] Timestep:          612 || Speed:  166.5 MC/s (2.152e-02 s/TS) || Energy: ~1.91e-18 (- 4.85dB)
[@       20s] Timestep:          816 || Speed:  178.3 MC/s (2.010e-02 s/TS) || Energy: ~1.29e-18 (- 6.55dB)
[@       24s] Timestep:         1020 || Speed:  182.4 MC/s (1.965e-02 s/TS) || Energy: ~9.77e-19 (- 7.77dB)
[@       28s] Timestep:         1224 || Speed:  177.1 MC/s (2.023e-02 s/TS) || Energy: ~7.17e-19 (- 9.11dB)
Multithreaded Engine: Best performance found using 6 threads.
[@       32s] Timestep:         1434 || Speed:  183.5 MC/s (1.952e-02 s/TS) || Energy: ~5.60e-19 (-10.18dB)
[@       36s] Timestep:         1644 || Speed:  185.5 MC/s (1.932e-02 s/TS) || Energy: ~4.83e-19 (-10.83dB)
[@       40s] Timestep:         1860 || Speed:  189.0 MC/s (1.895e-02 s/TS) || Energy: ~4.76e-19 (-10.89dB)
[@       44s] Timestep:         2070 || Speed:  187.9 MC/s (1.907e-02 s/TS) || Energy: ~4.86e-19 (-10.80dB)
[@       48s] Timestep:         2280 || Speed:  186.7 MC/s (1.919e-02 s/TS) || Energy: ~3.06e-19 (-12.81dB)
[@       52s] Timestep:         2490 || Speed:  185.4 MC/s (1.933e-02 s/TS) || Energy: ~2.09e-19 (-14.46dB)
[@       56s] Timestep:         2700 || Speed:  186.2 MC/s (1.924e-02 s/TS) || Energy: ~2.27e-19 (-14.11dB)
[@     1m01s] Timestep:         2910 || Speed:  188.0 MC/s (1.906e-02 s/TS) || Energy: ~2.23e-19 (-14.18dB)
[@     1m05s] Timestep:         3120 || Speed:  187.8 MC/s (1.908e-02 s/TS) || Energy: ~1.74e-19 (-15.26dB)
[@     1m09s] Timestep:         3330 || Speed:  187.3 MC/s (1.913e-02 s/TS) || Energy: ~1.16e-19 (-17.01dB)
[@     1m13s] Timestep:         3540 || Speed:  187.2 MC/s (1.914e-02 s/TS) || Energy: ~9.57e-20 (-17.86dB)
[@     1m17s] Timestep:         3756 || Speed:  188.1 MC/s (1.904e-02 s/TS) || Energy: ~9.21e-20 (-18.02dB)
[@     1m21s] Timestep:         3966 || Speed:  186.3 MC/s (1.924e-02 s/TS) || Energy: ~1.12e-19 (-17.17dB)
[@     1m25s] Timestep:         4176 || Speed:  186.8 MC/s (1.918e-02 s/TS) || Energy: ~9.47e-20 (-17.90dB)
[@     1m29s] Timestep:         4386 || Speed:  188.1 MC/s (1.905e-02 s/TS) || Energy: ~5.52e-20 (-20.25dB)
[@     1m33s] Timestep:         4602 || Speed:  188.4 MC/s (1.901e-02 s/TS) || Energy: ~4.22e-20 (-21.41dB)
[@     1m37s] Timestep:         4818 || Speed:  188.2 MC/s (1.904e-02 s/TS) || Energy: ~3.75e-20 (-21.93dB)
[@     1m41s] Timestep:         5034 || Speed:  189.1 MC/s (1.895e-02 s/TS) || Energy: ~3.85e-20 (-21.82dB)
[@     1m45s] Timestep:         5244 || Speed:  183.5 MC/s (1.952e-02 s/TS) || Energy: ~5.43e-20 (-20.32dB)
[@     1m49s] Timestep:         5454 || Speed:  187.3 MC/s (1.913e-02 s/TS) || Energy: ~5.01e-20 (-20.67dB)
[@     1m53s] Timestep:         5664 || Speed:  186.6 MC/s (1.920e-02 s/TS) || Energy: ~2.94e-20 (-22.98dB)
[@     1m57s] Timestep:         5874 || Speed:  187.8 MC/s (1.908e-02 s/TS) || Energy: ~2.07e-20 (-24.52dB)
[@     2m01s] Timestep:         6084 || Speed:  187.8 MC/s (1.908e-02 s/TS) || Energy: ~2.92e-20 (-23.02dB)
[@     2m05s] Timestep:         6300 || Speed:  188.7 MC/s (1.899e-02 s/TS) || Energy: ~3.03e-20 (-22.85dB)
[@     2m09s] Timestep:         6516 || Speed:  188.9 MC/s (1.896e-02 s/TS) || Energy: ~2.93e-20 (-23.00dB)
[@     2m13s] Timestep:         6726 || Speed:  183.8 MC/s (1.950e-02 s/TS) || Energy: ~2.26e-20 (-24.12dB)
[@     2m18s] Timestep:         6930 || Speed:  180.8 MC/s (1.982e-02 s/TS) || Energy: ~1.18e-20 (-26.96dB)
[@     2m22s] Timestep:         7140 || Speed:  186.9 MC/s (1.917e-02 s/TS) || Energy: ~1.62e-20 (-25.56dB)
[@     2m26s] Timestep:         7350 || Speed:  186.3 MC/s (1.923e-02 s/TS) || Energy: ~1.86e-20 (-24.97dB)
[@     2m30s] Timestep:         7560 || Speed:  187.9 MC/s (1.907e-02 s/TS) || Energy: ~1.31e-20 (-26.48dB)
[@     2m34s] Timestep:         7770 || Speed:  185.7 MC/s (1.929e-02 s/TS) || Energy: ~7.82e-21 (-28.74dB)
[@     2m38s] Timestep:         7980 || Speed:  186.7 MC/s (1.919e-02 s/TS) || Energy: ~8.65e-21 (-28.29dB)
[@     2m42s] Timestep:         8190 || Speed:  187.2 MC/s (1.914e-02 s/TS) || Energy: ~1.09e-20 (-27.29dB)
[@     2m46s] Timestep:         8400 || Speed:  187.9 MC/s (1.907e-02 s/TS) || Energy: ~9.13e-21 (-28.06dB)
[@     2m50s] Timestep:         8616 || Speed:  188.1 MC/s (1.905e-02 s/TS) || Energy: ~7.08e-21 (-29.16dB)
[@     2m54s] Timestep:         8832 || Speed:  188.3 MC/s (1.903e-02 s/TS) || Energy: ~5.43e-21 (-30.32dB)
[@     2m58s] Timestep:         9048 || Speed:  188.7 MC/s (1.899e-02 s/TS) || Energy: ~4.37e-21 (-31.26dB)
[@     3m02s] Timestep:         9252 || Speed:  182.3 MC/s (1.966e-02 s/TS) || Energy: ~5.19e-21 (-30.51dB)
[@     3m06s] Timestep:         9462 || Speed:  187.4 MC/s (1.912e-02 s/TS) || Energy: ~5.18e-21 (-30.52dB)
[@     3m10s] Timestep:         9678 || Speed:  188.7 MC/s (1.898e-02 s/TS) || Energy: ~4.36e-21 (-31.27dB)
[@     3m14s] Timestep:         9894 || Speed:  188.3 MC/s (1.903e-02 s/TS) || Energy: ~3.54e-21 (-32.18dB)
[@     3m18s] Timestep:        10104 || Speed:  187.9 MC/s (1.906e-02 s/TS) || Energy: ~2.60e-21 (-33.52dB)
[@     3m22s] Timestep:        10314 || Speed:  187.7 MC/s (1.909e-02 s/TS) || Energy: ~2.56e-21 (-33.58dB)
[@     3m26s] Timestep:        10524 || Speed:  186.6 MC/s (1.921e-02 s/TS) || Energy: ~2.73e-21 (-33.30dB)
[@     3m30s] Timestep:        10734 || Speed:  187.1 MC/s (1.915e-02 s/TS) || Energy: ~2.37e-21 (-33.92dB)
[@     3m34s] Timestep:        10944 || Speed:  184.7 MC/s (1.940e-02 s/TS) || Energy: ~1.77e-21 (-35.18dB)
[@     3m38s] Timestep:        11154 || Speed:  185.2 MC/s (1.934e-02 s/TS) || Energy: ~1.53e-21 (-35.81dB)
[@     3m43s] Timestep:        11370 || Speed:  188.8 MC/s (1.898e-02 s/TS) || Energy: ~1.44e-21 (-36.07dB)
[@     3m47s] Timestep:        11586 || Speed:  188.2 MC/s (1.904e-02 s/TS) || Energy: ~1.39e-21 (-36.25dB)
[@     3m51s] Timestep:        11802 || Speed:  188.1 MC/s (1.904e-02 s/TS) || Energy: ~1.33e-21 (-36.43dB)
[@     3m55s] Timestep:        12012 || Speed:  187.8 MC/s (1.908e-02 s/TS) || Energy: ~1.26e-21 (-36.65dB)
[@     3m59s] Timestep:        12222 || Speed:  185.8 MC/s (1.929e-02 s/TS) || Energy: ~9.43e-22 (-37.92dB)
[@     4m03s] Timestep:        12432 || Speed:  186.1 MC/s (1.925e-02 s/TS) || Energy: ~7.13e-22 (-39.13dB)
[@     4m07s] Timestep:        12648 || Speed:  188.2 MC/s (1.904e-02 s/TS) || Energy: ~6.54e-22 (-39.51dB)
[@     4m11s] Timestep:        12858 || Speed:  186.2 MC/s (1.924e-02 s/TS) || Energy: ~7.73e-22 (-38.79dB)
[@     4m15s] Timestep:        13068 || Speed:  187.6 MC/s (1.910e-02 s/TS) || Energy: ~7.71e-22 (-38.80dB)
[@     4m19s] Timestep:        13278 || Speed:  185.8 MC/s (1.928e-02 s/TS) || Energy: ~5.38e-22 (-40.36dB)
[@     4m23s] Timestep:        13488 || Speed:  187.2 MC/s (1.914e-02 s/TS) || Energy: ~3.67e-22 (-42.03dB)
[@     4m27s] Timestep:        13698 || Speed:  187.7 MC/s (1.909e-02 s/TS) || Energy: ~4.37e-22 (-41.26dB)
[@     4m31s] Timestep:        13908 || Speed:  187.7 MC/s (1.909e-02 s/TS) || Energy: ~5.24e-22 (-40.47dB)
[@     4m35s] Timestep:        14118 || Speed:  186.8 MC/s (1.918e-02 s/TS) || Energy: ~4.06e-22 (-41.58dB)
[@     4m39s] Timestep:        14334 || Speed:  188.3 MC/s (1.903e-02 s/TS) || Energy: ~3.03e-22 (-42.85dB)
[@     4m43s] Timestep:        14544 || Speed:  187.3 MC/s (1.913e-02 s/TS) || Energy: ~1.89e-22 (-44.90dB)
[@     4m47s] Timestep:        14754 || Speed:  187.8 MC/s (1.908e-02 s/TS) || Energy: ~2.52e-22 (-43.66dB)
[@     4m51s] Timestep:        14970 || Speed:  188.2 MC/s (1.904e-02 s/TS) || Energy: ~2.73e-22 (-43.31dB)
[@     4m55s] Timestep:        15180 || Speed:  187.5 MC/s (1.911e-02 s/TS) || Energy: ~2.82e-22 (-43.16dB)
[@     5m00s] Timestep:        15396 || Speed:  188.5 MC/s (1.901e-02 s/TS) || Energy: ~2.29e-22 (-44.06dB)
[@     5m04s] Timestep:        15612 || Speed:  188.4 MC/s (1.902e-02 s/TS) || Energy: ~1.71e-22 (-45.33dB)
[@     5m08s] Timestep:        15822 || Speed:  185.8 MC/s (1.929e-02 s/TS) || Energy: ~9.21e-23 (-48.02dB)
[@     5m12s] Timestep:        16032 || Speed:  184.8 MC/s (1.939e-02 s/TS) || Energy: ~1.16e-22 (-47.01dB)
[@     5m16s] Timestep:        16242 || Speed:  186.8 MC/s (1.918e-02 s/TS) || Energy: ~1.63e-22 (-45.55dB)
[@     5m20s] Timestep:        16452 || Speed:  186.2 MC/s (1.924e-02 s/TS) || Energy: ~1.34e-22 (-46.40dB)
[@     5m24s] Timestep:        16662 || Speed:  188.0 MC/s (1.906e-02 s/TS) || Energy: ~7.11e-23 (-49.14dB)
[@     5m28s] Timestep:        16872 || Speed:  186.4 MC/s (1.922e-02 s/TS) || Energy: ~6.20e-23 (-49.75dB)
[@     5m32s] Timestep:        17082 || Speed:  187.5 MC/s (1.911e-02 s/TS) || Energy: ~9.46e-23 (-47.91dB)
[@     5m36s] Timestep:        17298 || Speed:  189.0 MC/s (1.896e-02 s/TS) || Energy: ~9.59e-23 (-47.85dB)
[@     5m40s] Timestep:        17514 || Speed:  188.2 MC/s (1.904e-02 s/TS) || Energy: ~8.94e-23 (-48.16dB)
[@     5m44s] Timestep:        17724 || Speed:  186.9 MC/s (1.917e-02 s/TS) || Energy: ~6.31e-23 (-49.66dB)
[@     5m48s] Timestep:        17934 || Speed:  185.9 MC/s (1.927e-02 s/TS) || Energy: ~4.03e-23 (-51.61dB)
Time for 17934 iterations with 3583125.00 cells : 348.68 sec
Speed: 184.29 MCells/s 
    [excite port 23/44]
 ---------------------------------------------------------------------- 
 | openEMS 64bit -- version v0.37.0-rc1-2-g7b051bb
 | (C) 2010-2026 Thorsten Liebig <thorsten.liebig@gmx.de>  GPL license
 ---------------------------------------------------------------------- 
	Used external libraries:
		CSXCAD -- Version: v0.7.0-rc1-1-g5115701
		hdf5   -- Version: 1.10.10
		          compiled against: HDF5 library version: 1.10.10
		tinyxml -- compiled against: 2.6.2
		fparser
		boost  -- compiled against: 1_83
		vtk -- Version: 9.1.0
		       compiled against: 9.1.0

Create FDTD operator (compressed SSE + multi-threading)
FDTD simulation size: 175x195x105 --> 3583125.00 FDTD cells 
FDTD timestep is: 0.00 s; Nyquist rate: 24 timesteps @102110454074.00 Hz
Excitation signal length is: 282 timesteps (0.00s)
Max. number of timesteps: 60000 ( --> 212.77 * Excitation signal length)
Create FDTD engine (compressed SSE + multi-threading)
Running FDTD engine... this may take a while... grab a cup of coffee?!?
[@        4s] Timestep:          102 || Speed:   86.2 MC/s (4.156e-02 s/TS) || Energy: ~6.02e-19 (- 0.00dB)
[@        8s] Timestep:          264 || Speed:  140.2 MC/s (2.556e-02 s/TS) || Energy: ~5.92e-18 (- 0.00dB)
[@       12s] Timestep:          450 || Speed:  165.0 MC/s (2.172e-02 s/TS) || Energy: ~2.83e-18 (- 3.20dB)
[@       16s] Timestep:          654 || Speed:  177.5 MC/s (2.019e-02 s/TS) || Energy: ~1.74e-18 (- 5.33dB)
[@       20s] Timestep:          834 || Speed:  156.0 MC/s (2.297e-02 s/TS) || Energy: ~1.23e-18 (- 6.83dB)
Multithreaded Engine: Best performance found using 4 threads.
[@       24s] Timestep:         1026 || Speed:  168.1 MC/s (2.131e-02 s/TS) || Energy: ~1.17e-18 (- 7.04dB)
[@       28s] Timestep:         1218 || Speed:  169.3 MC/s (2.116e-02 s/TS) || Energy: ~1.43e-18 (- 6.17dB)
[@       32s] Timestep:         1410 || Speed:  168.7 MC/s (2.124e-02 s/TS) || Energy: ~7.62e-19 (- 8.90dB)
[@       36s] Timestep:         1608 || Speed:  177.0 MC/s (2.025e-02 s/TS) || Energy: ~8.51e-19 (- 8.42dB)
[@       40s] Timestep:         1806 || Speed:  175.1 MC/s (2.046e-02 s/TS) || Energy: ~5.59e-19 (-10.25dB)
[@       45s] Timestep:         2010 || Speed:  178.1 MC/s (2.012e-02 s/TS) || Energy: ~5.82e-19 (-10.07dB)
[@       49s] Timestep:         2208 || Speed:  176.9 MC/s (2.025e-02 s/TS) || Energy: ~2.87e-19 (-13.15dB)
[@       53s] Timestep:         2406 || Speed:  176.3 MC/s (2.033e-02 s/TS) || Energy: ~3.47e-19 (-12.32dB)
[@       57s] Timestep:         2598 || Speed:  171.7 MC/s (2.086e-02 s/TS) || Energy: ~2.49e-19 (-13.76dB)
[@     1m01s] Timestep:         2790 || Speed:  168.3 MC/s (2.129e-02 s/TS) || Energy: ~1.50e-19 (-15.96dB)
[@     1m05s] Timestep:         2988 || Speed:  174.1 MC/s (2.058e-02 s/TS) || Energy: ~1.90e-19 (-14.94dB)
[@     1m09s] Timestep:         3186 || Speed:  176.4 MC/s (2.032e-02 s/TS) || Energy: ~1.04e-19 (-17.54dB)
[@     1m13s] Timestep:         3390 || Speed:  178.2 MC/s (2.011e-02 s/TS) || Energy: ~1.13e-19 (-17.21dB)
[@     1m17s] Timestep:         3588 || Speed:  177.0 MC/s (2.025e-02 s/TS) || Energy: ~8.50e-20 (-18.43dB)
[@     1m21s] Timestep:         3792 || Speed:  177.7 MC/s (2.016e-02 s/TS) || Energy: ~6.95e-20 (-19.30dB)
[@     1m25s] Timestep:         3996 || Speed:  177.8 MC/s (2.015e-02 s/TS) || Energy: ~7.18e-20 (-19.16dB)
[@     1m29s] Timestep:         4194 || Speed:  176.6 MC/s (2.029e-02 s/TS) || Energy: ~4.99e-20 (-20.75dB)
[@     1m33s] Timestep:         4398 || Speed:  178.0 MC/s (2.013e-02 s/TS) || Energy: ~4.84e-20 (-20.88dB)
[@     1m37s] Timestep:         4602 || Speed:  178.6 MC/s (2.006e-02 s/TS) || Energy: ~4.27e-20 (-21.42dB)
[@     1m41s] Timestep:         4800 || Speed:  177.0 MC/s (2.024e-02 s/TS) || Energy: ~3.32e-20 (-22.51dB)
[@     1m45s] Timestep:         5004 || Speed:  178.8 MC/s (2.004e-02 s/TS) || Energy: ~3.21e-20 (-22.66dB)
[@     1m50s] Timestep:         5208 || Speed:  180.0 MC/s (1.991e-02 s/TS) || Energy: ~2.82e-20 (-23.22dB)
[@     1m54s] Timestep:         5406 || Speed:  175.1 MC/s (2.046e-02 s/TS) || Energy: ~2.21e-20 (-24.27dB)
[@     1m58s] Timestep:         5610 || Speed:  177.6 MC/s (2.018e-02 s/TS) || Energy: ~2.39e-20 (-23.95dB)
[@     2m02s] Timestep:         5814 || Speed:  178.9 MC/s (2.003e-02 s/TS) || Energy: ~1.59e-20 (-25.71dB)
[@     2m06s] Timestep:         6012 || Speed:  176.0 MC/s (2.036e-02 s/TS) || Energy: ~1.86e-20 (-25.03dB)
[@     2m10s] Timestep:         6216 || Speed:  177.7 MC/s (2.016e-02 s/TS) || Energy: ~1.41e-20 (-26.22dB)
[@     2m14s] Timestep:         6414 || Speed:  177.0 MC/s (2.024e-02 s/TS) || Energy: ~1.31e-20 (-26.56dB)
[@     2m18s] Timestep:         6612 || Speed:  176.5 MC/s (2.030e-02 s/TS) || Energy: ~1.09e-20 (-27.37dB)
[@     2m22s] Timestep:         6816 || Speed:  177.9 MC/s (2.014e-02 s/TS) || Energy: ~8.74e-21 (-28.31dB)
[@     2m26s] Timestep:         7020 || Speed:  178.5 MC/s (2.007e-02 s/TS) || Energy: ~1.10e-20 (-27.32dB)
[@     2m30s] Timestep:         7218 || Speed:  176.5 MC/s (2.030e-02 s/TS) || Energy: ~6.25e-21 (-29.77dB)
[@     2m34s] Timestep:         7404 || Speed:  165.9 MC/s (2.160e-02 s/TS) || Energy: ~6.57e-21 (-29.55dB)
[@     2m38s] Timestep:         7578 || Speed:  151.2 MC/s (2.371e-02 s/TS) || Energy: ~5.54e-21 (-30.29dB)
[@     2m42s] Timestep:         7770 || Speed:  167.5 MC/s (2.139e-02 s/TS) || Energy: ~7.08e-21 (-29.22dB)
[@     2m46s] Timestep:         7962 || Speed:  170.4 MC/s (2.102e-02 s/TS) || Energy: ~4.75e-21 (-30.96dB)
[@     2m50s] Timestep:         8154 || Speed:  171.9 MC/s (2.085e-02 s/TS) || Energy: ~4.33e-21 (-31.36dB)
[@     2m55s] Timestep:         8352 || Speed:  173.3 MC/s (2.067e-02 s/TS) || Energy: ~4.65e-21 (-31.05dB)
[@     2m59s] Timestep:         8550 || Speed:  174.0 MC/s (2.059e-02 s/TS) || Energy: ~3.38e-21 (-32.43dB)
[@     3m03s] Timestep:         8748 || Speed:  173.8 MC/s (2.062e-02 s/TS) || Energy: ~3.80e-21 (-31.93dB)
[@     3m07s] Timestep:         8946 || Speed:  175.4 MC/s (2.043e-02 s/TS) || Energy: ~2.66e-21 (-33.47dB)
[@     3m11s] Timestep:         9144 || Speed:  175.5 MC/s (2.042e-02 s/TS) || Energy: ~3.10e-21 (-32.80dB)
[@     3m15s] Timestep:         9342 || Speed:  174.6 MC/s (2.052e-02 s/TS) || Energy: ~2.14e-21 (-34.43dB)
[@     3m19s] Timestep:         9534 || Speed:  171.9 MC/s (2.084e-02 s/TS) || Energy: ~2.45e-21 (-33.84dB)
[@     3m23s] Timestep:         9732 || Speed:  172.5 MC/s (2.077e-02 s/TS) || Energy: ~1.83e-21 (-35.10dB)
[@     3m27s] Timestep:         9924 || Speed:  171.9 MC/s (2.085e-02 s/TS) || Energy: ~1.70e-21 (-35.42dB)
[@     3m31s] Timestep:        10116 || Speed:  171.9 MC/s (2.085e-02 s/TS) || Energy: ~1.85e-21 (-35.06dB)
[@     3m35s] Timestep:        10314 || Speed:  176.0 MC/s (2.036e-02 s/TS) || Energy: ~1.25e-21 (-36.77dB)
[@     3m39s] Timestep:        10512 || Speed:  173.2 MC/s (2.069e-02 s/TS) || Energy: ~1.51e-21 (-35.93dB)
[@     3m43s] Timestep:        10704 || Speed:  171.8 MC/s (2.086e-02 s/TS) || Energy: ~1.08e-21 (-37.40dB)
[@     3m47s] Timestep:        10902 || Speed:  173.3 MC/s (2.067e-02 s/TS) || Energy: ~1.15e-21 (-37.11dB)
[@     3m51s] Timestep:        11100 || Speed:  173.6 MC/s (2.063e-02 s/TS) || Energy: ~8.81e-22 (-38.28dB)
[@     3m55s] Timestep:        11298 || Speed:  173.0 MC/s (2.071e-02 s/TS) || Energy: ~9.25e-22 (-38.06dB)
[@     3m59s] Timestep:        11496 || Speed:  173.0 MC/s (2.072e-02 s/TS) || Energy: ~7.23e-22 (-39.13dB)
[@     4m04s] Timestep:        11694 || Speed:  175.1 MC/s (2.047e-02 s/TS) || Energy: ~7.45e-22 (-39.00dB)
[@     4m08s] Timestep:        11892 || Speed:  173.2 MC/s (2.069e-02 s/TS) || Energy: ~5.85e-22 (-40.05dB)
[@     4m12s] Timestep:        12090 || Speed:  172.3 MC/s (2.080e-02 s/TS) || Energy: ~6.05e-22 (-39.90dB)
[@     4m16s] Timestep:        12288 || Speed:  173.8 MC/s (2.061e-02 s/TS) || Energy: ~4.69e-22 (-41.01dB)
[@     4m20s] Timestep:        12480 || Speed:  171.4 MC/s (2.090e-02 s/TS) || Energy: ~4.25e-22 (-41.44dB)
[@     4m24s] Timestep:        12678 || Speed:  172.2 MC/s (2.081e-02 s/TS) || Energy: ~4.45e-22 (-41.24dB)
[@     4m28s] Timestep:        12876 || Speed:  173.8 MC/s (2.061e-02 s/TS) || Energy: ~3.48e-22 (-42.31dB)
[@     4m32s] Timestep:        13074 || Speed:  173.6 MC/s (2.064e-02 s/TS) || Energy: ~3.57e-22 (-42.20dB)
[@     4m36s] Timestep:        13272 || Speed:  173.2 MC/s (2.069e-02 s/TS) || Energy: ~2.86e-22 (-43.15dB)
[@     4m40s] Timestep:        13470 || Speed:  173.1 MC/s (2.070e-02 s/TS) || Energy: ~2.85e-22 (-43.18dB)
[@     4m44s] Timestep:        13662 || Speed:  171.7 MC/s (2.087e-02 s/TS) || Energy: ~1.96e-22 (-44.79dB)
[@     4m48s] Timestep:        13860 || Speed:  173.6 MC/s (2.063e-02 s/TS) || Energy: ~2.69e-22 (-43.43dB)
[@     4m53s] Timestep:        14058 || Speed:  173.4 MC/s (2.066e-02 s/TS) || Energy: ~1.57e-22 (-45.77dB)
[@     4m57s] Timestep:        14256 || Speed:  173.7 MC/s (2.063e-02 s/TS) || Energy: ~2.21e-22 (-44.29dB)
[@     5m01s] Timestep:        14454 || Speed:  172.8 MC/s (2.074e-02 s/TS) || Energy: ~1.25e-22 (-46.75dB)
[@     5m05s] Timestep:        14652 || Speed:  172.8 MC/s (2.073e-02 s/TS) || Energy: ~1.81e-22 (-45.14dB)
[@     5m09s] Timestep:        14844 || Speed:  170.5 MC/s (2.102e-02 s/TS) || Energy: ~8.93e-23 (-48.21dB)
[@     5m13s] Timestep:        15036 || Speed:  171.6 MC/s (2.088e-02 s/TS) || Energy: ~1.43e-22 (-46.16dB)
[@     5m17s] Timestep:        15228 || Speed:  171.1 MC/s (2.094e-02 s/TS) || Energy: ~1.18e-22 (-47.01dB)
[@     5m21s] Timestep:        15426 || Speed:  172.8 MC/s (2.073e-02 s/TS) || Energy: ~8.96e-23 (-48.20dB)
[@     5m25s] Timestep:        15624 || Speed:  174.9 MC/s (2.048e-02 s/TS) || Energy: ~9.57e-23 (-47.92dB)
[@     5m29s] Timestep:        15822 || Speed:  173.1 MC/s (2.070e-02 s/TS) || Energy: ~7.31e-23 (-49.08dB)
[@     5m33s] Timestep:        16020 || Speed:  173.3 MC/s (2.068e-02 s/TS) || Energy: ~7.81e-23 (-48.80dB)
[@     5m37s] Timestep:        16218 || Speed:  172.9 MC/s (2.073e-02 s/TS) || Energy: ~5.98e-23 (-49.96dB)
[@     5m41s] Timestep:        16416 || Speed:  173.3 MC/s (2.068e-02 s/TS) || Energy: ~6.41e-23 (-49.65dB)
[@     5m46s] Timestep:        16614 || Speed:  172.4 MC/s (2.079e-02 s/TS) || Energy: ~4.93e-23 (-50.79dB)
Time for 16614 iterations with 3583125.00 cells : 346.05 sec
Speed: 172.03 MCells/s 
    [excite port 24/44]
 ---------------------------------------------------------------------- 
 | openEMS 64bit -- version v0.37.0-rc1-2-g7b051bb
 | (C) 2010-2026 Thorsten Liebig <thorsten.liebig@gmx.de>  GPL license
 ---------------------------------------------------------------------- 
	Used external libraries:
		CSXCAD -- Version: v0.7.0-rc1-1-g5115701
		hdf5   -- Version: 1.10.10
		          compiled against: HDF5 library version: 1.10.10
		tinyxml -- compiled against: 2.6.2
		fparser
		boost  -- compiled against: 1_83
		vtk -- Version: 9.1.0
		       compiled against: 9.1.0

Create FDTD operator (compressed SSE + multi-threading)
FDTD simulation size: 175x195x105 --> 3583125.00 FDTD cells 
FDTD timestep is: 0.00 s; Nyquist rate: 24 timesteps @102110454074.00 Hz
Excitation signal length is: 282 timesteps (0.00s)
Max. number of timesteps: 60000 ( --> 212.77 * Excitation signal length)
Create FDTD engine (compressed SSE + multi-threading)
Running FDTD engine... this may take a while... grab a cup of coffee?!?
[@        4s] Timestep:          102 || Speed:   86.6 MC/s (4.139e-02 s/TS) || Energy: ~6.02e-19 (- 0.00dB)
[@        8s] Timestep:          246 || Speed:  128.1 MC/s (2.797e-02 s/TS) || Energy: ~5.77e-18 (- 0.00dB)
[@       12s] Timestep:          426 || Speed:  157.7 MC/s (2.273e-02 s/TS) || Energy: ~3.23e-18 (- 2.52dB)
[@       16s] Timestep:          618 || Speed:  171.4 MC/s (2.091e-02 s/TS) || Energy: ~1.66e-18 (- 5.40dB)
[@       20s] Timestep:          822 || Speed:  182.0 MC/s (1.968e-02 s/TS) || Energy: ~1.27e-18 (- 6.58dB)
[@       24s] Timestep:         1032 || Speed:  185.8 MC/s (1.928e-02 s/TS) || Energy: ~1.47e-18 (- 5.94dB)
[@       28s] Timestep:         1242 || Speed:  187.5 MC/s (1.911e-02 s/TS) || Energy: ~9.90e-19 (- 7.65dB)
[@       32s] Timestep:         1440 || Speed:  174.9 MC/s (2.049e-02 s/TS) || Energy: ~9.17e-19 (- 7.99dB)
Multithreaded Engine: Best performance found using 7 threads.
[@       36s] Timestep:         1650 || Speed:  186.6 MC/s (1.920e-02 s/TS) || Energy: ~9.56e-19 (- 7.81dB)
[@       40s] Timestep:         1866 || Speed:  189.1 MC/s (1.895e-02 s/TS) || Energy: ~7.07e-19 (- 9.12dB)
[@       44s] Timestep:         2076 || Speed:  187.8 MC/s (1.907e-02 s/TS) || Energy: ~3.40e-19 (-12.30dB)
[@       48s] Timestep:         2286 || Speed:  185.1 MC/s (1.936e-02 s/TS) || Energy: ~2.96e-19 (-12.90dB)
[@       52s] Timestep:         2496 || Speed:  187.8 MC/s (1.908e-02 s/TS) || Energy: ~3.95e-19 (-11.64dB)
[@       56s] Timestep:         2706 || Speed:  187.2 MC/s (1.914e-02 s/TS) || Energy: ~2.92e-19 (-12.96dB)
[@     1m00s] Timestep:         2916 || Speed:  186.7 MC/s (1.919e-02 s/TS) || Energy: ~1.40e-19 (-16.15dB)
[@     1m04s] Timestep:         3126 || Speed:  187.9 MC/s (1.907e-02 s/TS) || Energy: ~1.24e-19 (-16.68dB)
[@     1m08s] Timestep:         3336 || Speed:  187.7 MC/s (1.909e-02 s/TS) || Energy: ~1.76e-19 (-15.15dB)
[@     1m12s] Timestep:         3546 || Speed:  187.2 MC/s (1.914e-02 s/TS) || Energy: ~1.42e-19 (-16.10dB)
[@     1m16s] Timestep:         3756 || Speed:  187.5 MC/s (1.911e-02 s/TS) || Energy: ~6.32e-20 (-19.60dB)
[@     1m20s] Timestep:         3966 || Speed:  187.7 MC/s (1.909e-02 s/TS) || Energy: ~5.30e-20 (-20.37dB)
[@     1m24s] Timestep:         4176 || Speed:  184.8 MC/s (1.939e-02 s/TS) || Energy: ~8.49e-20 (-18.32dB)
[@     1m28s] Timestep:         4386 || Speed:  186.8 MC/s (1.918e-02 s/TS) || Energy: ~7.76e-20 (-18.72dB)
[@     1m32s] Timestep:         4596 || Speed:  184.9 MC/s (1.938e-02 s/TS) || Energy: ~3.67e-20 (-21.97dB)
[@     1m37s] Timestep:         4806 || Speed:  183.8 MC/s (1.949e-02 s/TS) || Energy: ~2.29e-20 (-24.02dB)
[@     1m41s] Timestep:         5016 || Speed:  185.9 MC/s (1.927e-02 s/TS) || Energy: ~4.13e-20 (-21.45dB)
[@     1m45s] Timestep:         5226 || Speed:  186.9 MC/s (1.917e-02 s/TS) || Energy: ~4.64e-20 (-20.95dB)
[@     1m49s] Timestep:         5436 || Speed:  186.7 MC/s (1.919e-02 s/TS) || Energy: ~2.58e-20 (-23.49dB)
[@     1m53s] Timestep:         5646 || Speed:  185.8 MC/s (1.928e-02 s/TS) || Energy: ~1.13e-20 (-27.08dB)
[@     1m57s] Timestep:         5856 || Speed:  187.2 MC/s (1.914e-02 s/TS) || Energy: ~1.92e-20 (-24.78dB)
[@     2m01s] Timestep:         6066 || Speed:  187.4 MC/s (1.912e-02 s/TS) || Energy: ~2.72e-20 (-23.27dB)
[@     2m05s] Timestep:         6282 || Speed:  188.5 MC/s (1.901e-02 s/TS) || Energy: ~2.36e-20 (-23.88dB)
[@     2m09s] Timestep:         6492 || Speed:  187.9 MC/s (1.907e-02 s/TS) || Energy: ~1.25e-20 (-26.66dB)
[@     2m13s] Timestep:         6702 || Speed:  186.5 MC/s (1.921e-02 s/TS) || Energy: ~6.44e-21 (-29.52dB)
[@     2m17s] Timestep:         6912 || Speed:  187.6 MC/s (1.910e-02 s/TS) || Energy: ~1.11e-20 (-27.18dB)
[@     2m21s] Timestep:         7122 || Speed:  186.0 MC/s (1.927e-02 s/TS) || Energy: ~1.42e-20 (-26.09dB)
[@     2m25s] Timestep:         7332 || Speed:  188.0 MC/s (1.906e-02 s/TS) || Energy: ~9.75e-21 (-27.72dB)
[@     2m29s] Timestep:         7542 || Speed:  187.3 MC/s (1.913e-02 s/TS) || Energy: ~5.02e-21 (-30.61dB)
[@     2m33s] Timestep:         7752 || Speed:  188.1 MC/s (1.905e-02 s/TS) || Energy: ~5.74e-21 (-30.02dB)
[@     2m37s] Timestep:         7962 || Speed:  187.7 MC/s (1.909e-02 s/TS) || Energy: ~7.89e-21 (-28.64dB)
[@     2m41s] Timestep:         8172 || Speed:  187.3 MC/s (1.913e-02 s/TS) || Energy: ~6.84e-21 (-29.26dB)
[@     2m45s] Timestep:         8382 || Speed:  187.5 MC/s (1.911e-02 s/TS) || Energy: ~4.33e-21 (-31.25dB)
[@     2m49s] Timestep:         8592 || Speed:  187.8 MC/s (1.908e-02 s/TS) || Energy: ~3.56e-21 (-32.09dB)
[@     2m53s] Timestep:         8802 || Speed:  187.9 MC/s (1.907e-02 s/TS) || Energy: ~4.19e-21 (-31.39dB)
[@     2m57s] Timestep:         9012 || Speed:  185.8 MC/s (1.928e-02 s/TS) || Energy: ~4.25e-21 (-31.33dB)
[@     3m01s] Timestep:         9222 || Speed:  187.3 MC/s (1.913e-02 s/TS) || Energy: ~3.44e-21 (-32.25dB)
[@     3m05s] Timestep:         9432 || Speed:  186.7 MC/s (1.919e-02 s/TS) || Energy: ~2.65e-21 (-33.39dB)
[@     3m09s] Timestep:         9642 || Speed:  187.3 MC/s (1.913e-02 s/TS) || Energy: ~2.36e-21 (-33.89dB)
[@     3m13s] Timestep:         9852 || Speed:  187.5 MC/s (1.911e-02 s/TS) || Energy: ~2.41e-21 (-33.80dB)
[@     3m17s] Timestep:        10062 || Speed:  187.8 MC/s (1.908e-02 s/TS) || Energy: ~2.39e-21 (-33.83dB)
[@     3m21s] Timestep:        10272 || Speed:  187.5 MC/s (1.911e-02 s/TS) || Energy: ~2.03e-21 (-34.53dB)
[@     3m25s] Timestep:        10482 || Speed:  187.8 MC/s (1.908e-02 s/TS) || Energy: ~1.54e-21 (-35.72dB)
[@     3m29s] Timestep:        10692 || Speed:  187.6 MC/s (1.910e-02 s/TS) || Energy: ~1.35e-21 (-36.30dB)
[@     3m33s] Timestep:        10902 || Speed:  185.2 MC/s (1.935e-02 s/TS) || Energy: ~1.46e-21 (-35.97dB)
[@     3m37s] Timestep:        11112 || Speed:  187.5 MC/s (1.911e-02 s/TS) || Energy: ~1.44e-21 (-36.03dB)
[@     3m41s] Timestep:        11322 || Speed:  185.9 MC/s (1.928e-02 s/TS) || Energy: ~1.13e-21 (-37.07dB)
[@     3m45s] Timestep:        11532 || Speed:  186.1 MC/s (1.925e-02 s/TS) || Energy: ~8.59e-22 (-38.27dB)
[@     3m49s] Timestep:        11742 || Speed:  187.6 MC/s (1.910e-02 s/TS) || Energy: ~8.39e-22 (-38.37dB)
[@     3m53s] Timestep:        11952 || Speed:  186.9 MC/s (1.917e-02 s/TS) || Energy: ~8.96e-22 (-38.09dB)
[@     3m57s] Timestep:        12162 || Speed:  186.7 MC/s (1.919e-02 s/TS) || Energy: ~8.15e-22 (-38.50dB)
[@     4m01s] Timestep:        12366 || Speed:  182.5 MC/s (1.964e-02 s/TS) || Energy: ~5.84e-22 (-39.95dB)
[@     4m06s] Timestep:        12576 || Speed:  182.6 MC/s (1.962e-02 s/TS) || Energy: ~5.38e-22 (-40.31dB)
[@     4m10s] Timestep:        12786 || Speed:  185.7 MC/s (1.930e-02 s/TS) || Energy: ~5.57e-22 (-40.15dB)
[@     4m14s] Timestep:        12996 || Speed:  184.9 MC/s (1.938e-02 s/TS) || Energy: ~5.44e-22 (-40.26dB)
[@     4m18s] Timestep:        13206 || Speed:  185.0 MC/s (1.937e-02 s/TS) || Energy: ~4.50e-22 (-41.08dB)
[@     4m22s] Timestep:        13416 || Speed:  187.1 MC/s (1.915e-02 s/TS) || Energy: ~3.30e-22 (-42.42dB)
[@     4m26s] Timestep:        13626 || Speed:  187.5 MC/s (1.911e-02 s/TS) || Energy: ~2.93e-22 (-42.94dB)
[@     4m30s] Timestep:        13836 || Speed:  187.5 MC/s (1.911e-02 s/TS) || Energy: ~3.46e-22 (-42.22dB)
[@     4m34s] Timestep:        14046 || Speed:  187.0 MC/s (1.916e-02 s/TS) || Energy: ~3.54e-22 (-42.12dB)
[@     4m38s] Timestep:        14256 || Speed:  187.1 MC/s (1.915e-02 s/TS) || Energy: ~2.47e-22 (-43.68dB)
[@     4m42s] Timestep:        14466 || Speed:  187.8 MC/s (1.908e-02 s/TS) || Energy: ~1.51e-22 (-45.83dB)
[@     4m46s] Timestep:        14682 || Speed:  188.8 MC/s (1.898e-02 s/TS) || Energy: ~1.35e-22 (-46.32dB)
[@     4m50s] Timestep:        14898 || Speed:  188.5 MC/s (1.901e-02 s/TS) || Energy: ~1.42e-22 (-46.10dB)
[@     4m54s] Timestep:        15114 || Speed:  188.8 MC/s (1.898e-02 s/TS) || Energy: ~1.62e-22 (-45.51dB)
[@     4m58s] Timestep:        15324 || Speed:  185.2 MC/s (1.935e-02 s/TS) || Energy: ~2.16e-22 (-44.26dB)
[@     5m02s] Timestep:        15534 || Speed:  187.5 MC/s (1.911e-02 s/TS) || Energy: ~1.54e-22 (-45.73dB)
[@     5m06s] Timestep:        15744 || Speed:  187.2 MC/s (1.914e-02 s/TS) || Energy: ~6.32e-23 (-49.60dB)
[@     5m10s] Timestep:        15954 || Speed:  187.9 MC/s (1.907e-02 s/TS) || Energy: ~7.27e-23 (-49.00dB)
[@     5m14s] Timestep:        16164 || Speed:  187.1 MC/s (1.915e-02 s/TS) || Energy: ~1.37e-22 (-46.24dB)
[@     5m18s] Timestep:        16374 || Speed:  184.6 MC/s (1.941e-02 s/TS) || Energy: ~1.29e-22 (-46.51dB)
[@     5m22s] Timestep:        16584 || Speed:  188.0 MC/s (1.906e-02 s/TS) || Energy: ~5.58e-23 (-50.15dB)
Time for 16584 iterations with 3583125.00 cells : 322.84 sec
Speed: 184.06 MCells/s 
    [excite port 25/44]
 ---------------------------------------------------------------------- 
 | openEMS 64bit -- version v0.37.0-rc1-2-g7b051bb
 | (C) 2010-2026 Thorsten Liebig <thorsten.liebig@gmx.de>  GPL license
 ---------------------------------------------------------------------- 
	Used external libraries:
		CSXCAD -- Version: v0.7.0-rc1-1-g5115701
		hdf5   -- Version: 1.10.10
		          compiled against: HDF5 library version: 1.10.10
		tinyxml -- compiled against: 2.6.2
		fparser
		boost  -- compiled against: 1_83
		vtk -- Version: 9.1.0
		       compiled against: 9.1.0

Create FDTD operator (compressed SSE + multi-threading)
FDTD simulation size: 175x195x105 --> 3583125.00 FDTD cells 
FDTD timestep is: 0.00 s; Nyquist rate: 24 timesteps @102110454074.00 Hz
Excitation signal length is: 282 timesteps (0.00s)
Max. number of timesteps: 60000 ( --> 212.77 * Excitation signal length)
Create FDTD engine (compressed SSE + multi-threading)
Running FDTD engine... this may take a while... grab a cup of coffee?!?
[@        4s] Timestep:          102 || Speed:   87.8 MC/s (4.079e-02 s/TS) || Energy: ~6.02e-19 (- 0.00dB)
[@        8s] Timestep:          252 || Speed:  130.1 MC/s (2.755e-02 s/TS) || Energy: ~5.85e-18 (- 0.00dB)
[@       12s] Timestep:          426 || Speed:  154.4 MC/s (2.321e-02 s/TS) || Energy: ~2.38e-18 (- 3.92dB)
[@       16s] Timestep:          618 || Speed:  168.6 MC/s (2.125e-02 s/TS) || Energy: ~1.24e-18 (- 6.76dB)
[@       20s] Timestep:          822 || Speed:  180.7 MC/s (1.983e-02 s/TS) || Energy: ~8.64e-19 (- 8.31dB)
[@       24s] Timestep:         1026 || Speed:  182.4 MC/s (1.964e-02 s/TS) || Energy: ~7.07e-19 (- 9.18dB)
[@       28s] Timestep:         1230 || Speed:  180.2 MC/s (1.989e-02 s/TS) || Energy: ~4.99e-19 (-10.69dB)
Multithreaded Engine: Best performance found using 6 threads.
[@       32s] Timestep:         1440 || Speed:  186.7 MC/s (1.919e-02 s/TS) || Energy: ~4.56e-19 (-11.08dB)
[@       36s] Timestep:         1656 || Speed:  188.1 MC/s (1.905e-02 s/TS) || Energy: ~4.32e-19 (-11.32dB)
[@       40s] Timestep:         1866 || Speed:  187.7 MC/s (1.909e-02 s/TS) || Energy: ~3.39e-19 (-12.37dB)
[@       44s] Timestep:         2076 || Speed:  186.7 MC/s (1.919e-02 s/TS) || Energy: ~2.29e-19 (-14.08dB)
[@       48s] Timestep:         2292 || Speed:  188.9 MC/s (1.897e-02 s/TS) || Energy: ~1.87e-19 (-14.97dB)
[@       52s] Timestep:         2502 || Speed:  187.2 MC/s (1.914e-02 s/TS) || Energy: ~1.68e-19 (-15.41dB)
[@       56s] Timestep:         2712 || Speed:  187.7 MC/s (1.909e-02 s/TS) || Energy: ~1.60e-19 (-15.63dB)
[@     1m00s] Timestep:         2928 || Speed:  188.4 MC/s (1.902e-02 s/TS) || Energy: ~1.35e-19 (-16.37dB)
[@     1m05s] Timestep:         3144 || Speed:  188.2 MC/s (1.904e-02 s/TS) || Energy: ~1.04e-19 (-17.51dB)
[@     1m09s] Timestep:         3360 || Speed:  188.5 MC/s (1.901e-02 s/TS) || Energy: ~7.70e-20 (-18.81dB)
[@     1m13s] Timestep:         3576 || Speed:  188.5 MC/s (1.900e-02 s/TS) || Energy: ~5.80e-20 (-20.04dB)
[@     1m17s] Timestep:         3792 || Speed:  188.2 MC/s (1.904e-02 s/TS) || Energy: ~4.77e-20 (-20.88dB)
[@     1m21s] Timestep:         4002 || Speed:  186.9 MC/s (1.917e-02 s/TS) || Energy: ~5.05e-20 (-20.64dB)
[@     1m25s] Timestep:         4218 || Speed:  188.2 MC/s (1.904e-02 s/TS) || Energy: ~4.90e-20 (-20.77dB)
[@     1m29s] Timestep:         4428 || Speed:  188.1 MC/s (1.905e-02 s/TS) || Energy: ~4.46e-20 (-21.18dB)
[@     1m33s] Timestep:         4638 || Speed:  187.8 MC/s (1.908e-02 s/TS) || Energy: ~3.04e-20 (-22.84dB)
[@     1m37s] Timestep:         4848 || Speed:  186.9 MC/s (1.917e-02 s/TS) || Energy: ~2.51e-20 (-23.67dB)
[@     1m41s] Timestep:         5058 || Speed:  186.5 MC/s (1.921e-02 s/TS) || Energy: ~3.00e-20 (-22.90dB)
[@     1m45s] Timestep:         5274 || Speed:  188.3 MC/s (1.903e-02 s/TS) || Energy: ~2.90e-20 (-23.06dB)
[@     1m49s] Timestep:         5484 || Speed:  187.9 MC/s (1.907e-02 s/TS) || Energy: ~2.32e-20 (-24.01dB)
[@     1m53s] Timestep:         5694 || Speed:  186.6 MC/s (1.920e-02 s/TS) || Energy: ~1.47e-20 (-25.99dB)
[@     1m57s] Timestep:         5904 || Speed:  187.9 MC/s (1.907e-02 s/TS) || Energy: ~1.49e-20 (-25.95dB)
[@     2m01s] Timestep:         6120 || Speed:  188.3 MC/s (1.903e-02 s/TS) || Energy: ~1.58e-20 (-25.70dB)
[@     2m05s] Timestep:         6330 || Speed:  187.5 MC/s (1.911e-02 s/TS) || Energy: ~1.71e-20 (-25.34dB)
[@     2m09s] Timestep:         6540 || Speed:  187.5 MC/s (1.911e-02 s/TS) || Energy: ~1.21e-20 (-26.84dB)
[@     2m13s] Timestep:         6750 || Speed:  187.6 MC/s (1.910e-02 s/TS) || Energy: ~8.17e-21 (-28.55dB)
[@     2m17s] Timestep:         6960 || Speed:  187.7 MC/s (1.909e-02 s/TS) || Energy: ~9.62e-21 (-27.84dB)
[@     2m21s] Timestep:         7170 || Speed:  186.8 MC/s (1.918e-02 s/TS) || Energy: ~1.10e-20 (-27.25dB)
[@     2m26s] Timestep:         7386 || Speed:  188.9 MC/s (1.897e-02 s/TS) || Energy: ~9.65e-21 (-27.83dB)
[@     2m30s] Timestep:         7596 || Speed:  187.8 MC/s (1.908e-02 s/TS) || Energy: ~6.55e-21 (-29.51dB)
[@     2m34s] Timestep:         7806 || Speed:  186.6 MC/s (1.920e-02 s/TS) || Energy: ~5.16e-21 (-30.55dB)
[@     2m38s] Timestep:         8016 || Speed:  187.8 MC/s (1.908e-02 s/TS) || Energy: ~6.14e-21 (-29.79dB)
[@     2m42s] Timestep:         8226 || Speed:  187.7 MC/s (1.909e-02 s/TS) || Energy: ~6.22e-21 (-29.74dB)
[@     2m46s] Timestep:         8436 || Speed:  188.1 MC/s (1.905e-02 s/TS) || Energy: ~4.57e-21 (-31.07dB)
[@     2m50s] Timestep:         8646 || Speed:  187.7 MC/s (1.909e-02 s/TS) || Energy: ~3.52e-21 (-32.21dB)
[@     2m54s] Timestep:         8862 || Speed:  188.5 MC/s (1.901e-02 s/TS) || Energy: ~3.38e-21 (-32.39dB)
[@     2m58s] Timestep:         9078 || Speed:  188.3 MC/s (1.903e-02 s/TS) || Energy: ~3.36e-21 (-32.41dB)
[@     3m02s] Timestep:         9288 || Speed:  188.1 MC/s (1.905e-02 s/TS) || Energy: ~3.47e-21 (-32.27dB)
[@     3m06s] Timestep:         9498 || Speed:  186.3 MC/s (1.924e-02 s/TS) || Energy: ~2.79e-21 (-33.21dB)
[@     3m10s] Timestep:         9708 || Speed:  185.6 MC/s (1.930e-02 s/TS) || Energy: ~2.17e-21 (-34.32dB)
[@     3m14s] Timestep:         9924 || Speed:  188.3 MC/s (1.903e-02 s/TS) || Energy: ~1.98e-21 (-34.70dB)
[@     3m18s] Timestep:        10140 || Speed:  188.6 MC/s (1.899e-02 s/TS) || Energy: ~1.91e-21 (-34.86dB)
[@     3m22s] Timestep:        10350 || Speed:  186.2 MC/s (1.925e-02 s/TS) || Energy: ~1.98e-21 (-34.71dB)
[@     3m26s] Timestep:        10566 || Speed:  188.5 MC/s (1.901e-02 s/TS) || Energy: ~1.77e-21 (-35.20dB)
[@     3m30s] Timestep:        10776 || Speed:  185.5 MC/s (1.932e-02 s/TS) || Energy: ~1.36e-21 (-36.33dB)
[@     3m34s] Timestep:        10986 || Speed:  186.7 MC/s (1.920e-02 s/TS) || Energy: ~1.12e-21 (-37.19dB)
[@     3m38s] Timestep:        11196 || Speed:  187.6 MC/s (1.910e-02 s/TS) || Energy: ~1.18e-21 (-36.97dB)
[@     3m42s] Timestep:        11406 || Speed:  187.6 MC/s (1.910e-02 s/TS) || Energy: ~1.17e-21 (-37.00dB)
[@     3m46s] Timestep:        11616 || Speed:  187.4 MC/s (1.912e-02 s/TS) || Energy: ~9.10e-22 (-38.08dB)
[@     3m50s] Timestep:        11826 || Speed:  187.8 MC/s (1.908e-02 s/TS) || Energy: ~6.93e-22 (-39.27dB)
[@     3m54s] Timestep:        12036 || Speed:  186.4 MC/s (1.922e-02 s/TS) || Energy: ~7.15e-22 (-39.13dB)
[@     3m58s] Timestep:        12246 || Speed:  187.8 MC/s (1.908e-02 s/TS) || Energy: ~7.66e-22 (-38.83dB)
[@     4m02s] Timestep:        12456 || Speed:  188.0 MC/s (1.906e-02 s/TS) || Energy: ~6.28e-22 (-39.69dB)
[@     4m06s] Timestep:        12666 || Speed:  187.9 MC/s (1.907e-02 s/TS) || Energy: ~4.37e-22 (-41.26dB)
[@     4m11s] Timestep:        12882 || Speed:  188.7 MC/s (1.899e-02 s/TS) || Energy: ~3.73e-22 (-41.96dB)
[@     4m15s] Timestep:        13098 || Speed:  188.6 MC/s (1.900e-02 s/TS) || Energy: ~3.45e-22 (-42.29dB)
[@     4m19s] Timestep:        13314 || Speed:  188.9 MC/s (1.897e-02 s/TS) || Energy: ~3.43e-22 (-42.33dB)
[@     4m23s] Timestep:        13530 || Speed:  188.9 MC/s (1.897e-02 s/TS) || Energy: ~3.48e-22 (-42.25dB)
[@     4m27s] Timestep:        13746 || Speed:  188.4 MC/s (1.902e-02 s/TS) || Energy: ~3.47e-22 (-42.27dB)
[@     4m31s] Timestep:        13956 || Speed:  183.3 MC/s (1.954e-02 s/TS) || Energy: ~3.16e-22 (-42.67dB)
[@     4m35s] Timestep:        14166 || Speed:  185.4 MC/s (1.932e-02 s/TS) || Energy: ~2.02e-22 (-44.62dB)
[@     4m39s] Timestep:        14382 || Speed:  188.4 MC/s (1.902e-02 s/TS) || Energy: ~1.55e-22 (-45.76dB)
[@     4m43s] Timestep:        14592 || Speed:  186.5 MC/s (1.921e-02 s/TS) || Energy: ~1.55e-22 (-45.77dB)
[@     4m47s] Timestep:        14802 || Speed:  185.9 MC/s (1.927e-02 s/TS) || Energy: ~2.04e-22 (-44.57dB)
[@     4m51s] Timestep:        15012 || Speed:  188.1 MC/s (1.905e-02 s/TS) || Energy: ~1.86e-22 (-44.98dB)
[@     4m55s] Timestep:        15222 || Speed:  186.7 MC/s (1.920e-02 s/TS) || Energy: ~1.10e-22 (-47.24dB)
[@     4m59s] Timestep:        15438 || Speed:  188.4 MC/s (1.902e-02 s/TS) || Energy: ~8.23e-23 (-48.52dB)
[@     5m03s] Timestep:        15648 || Speed:  186.2 MC/s (1.924e-02 s/TS) || Energy: ~8.48e-23 (-48.39dB)
[@     5m07s] Timestep:        15858 || Speed:  187.9 MC/s (1.906e-02 s/TS) || Energy: ~1.20e-22 (-46.89dB)
[@     5m12s] Timestep:        16074 || Speed:  188.3 MC/s (1.903e-02 s/TS) || Energy: ~1.15e-22 (-47.06dB)
[@     5m16s] Timestep:        16290 || Speed:  189.2 MC/s (1.894e-02 s/TS) || Energy: ~1.02e-22 (-47.60dB)
[@     5m20s] Timestep:        16506 || Speed:  189.2 MC/s (1.893e-02 s/TS) || Energy: ~8.24e-23 (-48.51dB)
[@     5m24s] Timestep:        16716 || Speed:  187.9 MC/s (1.907e-02 s/TS) || Energy: ~4.37e-23 (-51.27dB)
Time for 16716 iterations with 3583125.00 cells : 324.27 sec
Speed: 184.71 MCells/s 
    [excite port 26/44]
 ---------------------------------------------------------------------- 
 | openEMS 64bit -- version v0.37.0-rc1-2-g7b051bb
 | (C) 2010-2026 Thorsten Liebig <thorsten.liebig@gmx.de>  GPL license
 ---------------------------------------------------------------------- 
	Used external libraries:
		CSXCAD -- Version: v0.7.0-rc1-1-g5115701
		hdf5   -- Version: 1.10.10
		          compiled against: HDF5 library version: 1.10.10
		tinyxml -- compiled against: 2.6.2
		fparser
		boost  -- compiled against: 1_83
		vtk -- Version: 9.1.0
		       compiled against: 9.1.0

Create FDTD operator (compressed SSE + multi-threading)
FDTD simulation size: 175x195x105 --> 3583125.00 FDTD cells 
FDTD timestep is: 0.00 s; Nyquist rate: 24 timesteps @102110454074.00 Hz
Excitation signal length is: 282 timesteps (0.00s)
Max. number of timesteps: 60000 ( --> 212.77 * Excitation signal length)
Create FDTD engine (compressed SSE + multi-threading)
Running FDTD engine... this may take a while... grab a cup of coffee?!?
[@        4s] Timestep:          102 || Speed:   87.8 MC/s (4.083e-02 s/TS) || Energy: ~6.02e-19 (- 0.00dB)
[@        8s] Timestep:          252 || Speed:  129.6 MC/s (2.765e-02 s/TS) || Energy: ~6.56e-18 (- 0.00dB)
[@       12s] Timestep:          432 || Speed:  157.9 MC/s (2.269e-02 s/TS) || Energy: ~2.75e-18 (- 3.78dB)
[@       16s] Timestep:          624 || Speed:  170.3 MC/s (2.103e-02 s/TS) || Energy: ~1.38e-18 (- 6.76dB)
[@       20s] Timestep:          828 || Speed:  179.3 MC/s (1.999e-02 s/TS) || Energy: ~8.88e-19 (- 8.68dB)
[@       24s] Timestep:         1032 || Speed:  181.0 MC/s (1.979e-02 s/TS) || Energy: ~7.02e-19 (- 9.70dB)
[@       28s] Timestep:         1242 || Speed:  184.6 MC/s (1.941e-02 s/TS) || Energy: ~5.06e-19 (-11.12dB)
[@       32s] Timestep:         1446 || Speed:  178.0 MC/s (2.013e-02 s/TS) || Energy: ~4.07e-19 (-12.07dB)
Multithreaded Engine: Best performance found using 7 threads.
[@       36s] Timestep:         1656 || Speed:  184.7 MC/s (1.940e-02 s/TS) || Energy: ~3.17e-19 (-13.16dB)
[@       40s] Timestep:         1872 || Speed:  188.4 MC/s (1.902e-02 s/TS) || Energy: ~2.41e-19 (-14.34dB)
[@       44s] Timestep:         2082 || Speed:  188.1 MC/s (1.905e-02 s/TS) || Energy: ~2.35e-19 (-14.45dB)
[@       48s] Timestep:         2292 || Speed:  185.9 MC/s (1.927e-02 s/TS) || Energy: ~2.01e-19 (-15.13dB)
[@       52s] Timestep:         2502 || Speed:  187.7 MC/s (1.909e-02 s/TS) || Energy: ~1.10e-19 (-17.76dB)
[@       57s] Timestep:         2712 || Speed:  186.3 MC/s (1.924e-02 s/TS) || Energy: ~7.98e-20 (-19.15dB)
[@     1m01s] Timestep:         2922 || Speed:  186.8 MC/s (1.918e-02 s/TS) || Energy: ~1.00e-19 (-18.15dB)
[@     1m05s] Timestep:         3132 || Speed:  187.9 MC/s (1.907e-02 s/TS) || Energy: ~8.81e-20 (-18.72dB)
[@     1m09s] Timestep:         3342 || Speed:  187.5 MC/s (1.911e-02 s/TS) || Energy: ~4.71e-20 (-21.44dB)
[@     1m13s] Timestep:         3552 || Speed:  186.8 MC/s (1.918e-02 s/TS) || Energy: ~3.36e-20 (-22.90dB)
[@     1m17s] Timestep:         3762 || Speed:  186.1 MC/s (1.925e-02 s/TS) || Energy: ~4.53e-20 (-21.61dB)
[@     1m21s] Timestep:         3972 || Speed:  188.0 MC/s (1.906e-02 s/TS) || Energy: ~4.23e-20 (-21.91dB)
[@     1m25s] Timestep:         4182 || Speed:  187.9 MC/s (1.907e-02 s/TS) || Energy: ~2.44e-20 (-24.29dB)
[@     1m29s] Timestep:         4392 || Speed:  185.9 MC/s (1.927e-02 s/TS) || Energy: ~1.77e-20 (-25.69dB)
[@     1m33s] Timestep:         4602 || Speed:  187.1 MC/s (1.915e-02 s/TS) || Energy: ~2.27e-20 (-24.60dB)
[@     1m37s] Timestep:         4812 || Speed:  185.5 MC/s (1.932e-02 s/TS) || Energy: ~2.21e-20 (-24.72dB)
[@     1m41s] Timestep:         5022 || Speed:  186.7 MC/s (1.919e-02 s/TS) || Energy: ~1.42e-20 (-26.66dB)
[@     1m45s] Timestep:         5232 || Speed:  186.5 MC/s (1.922e-02 s/TS) || Energy: ~1.04e-20 (-27.99dB)
[@     1m49s] Timestep:         5442 || Speed:  187.3 MC/s (1.913e-02 s/TS) || Energy: ~1.25e-20 (-27.21dB)
[@     1m53s] Timestep:         5652 || Speed:  186.1 MC/s (1.925e-02 s/TS) || Energy: ~1.21e-20 (-27.33dB)
[@     1m57s] Timestep:         5862 || Speed:  187.7 MC/s (1.909e-02 s/TS) || Energy: ~8.31e-21 (-28.98dB)
[@     2m01s] Timestep:         6072 || Speed:  187.0 MC/s (1.916e-02 s/TS) || Energy: ~6.37e-21 (-30.13dB)
[@     2m05s] Timestep:         6282 || Speed:  186.1 MC/s (1.925e-02 s/TS) || Energy: ~7.11e-21 (-29.65dB)
[@     2m09s] Timestep:         6492 || Speed:  186.4 MC/s (1.922e-02 s/TS) || Energy: ~6.91e-21 (-29.77dB)
[@     2m13s] Timestep:         6702 || Speed:  187.4 MC/s (1.912e-02 s/TS) || Energy: ~5.00e-21 (-31.18dB)
[@     2m17s] Timestep:         6912 || Speed:  185.5 MC/s (1.932e-02 s/TS) || Energy: ~3.83e-21 (-32.34dB)
[@     2m21s] Timestep:         7122 || Speed:  187.5 MC/s (1.911e-02 s/TS) || Energy: ~4.20e-21 (-31.94dB)
[@     2m25s] Timestep:         7332 || Speed:  188.0 MC/s (1.906e-02 s/TS) || Energy: ~4.19e-21 (-31.95dB)
[@     2m29s] Timestep:         7542 || Speed:  187.2 MC/s (1.914e-02 s/TS) || Energy: ~3.10e-21 (-33.26dB)
[@     2m33s] Timestep:         7752 || Speed:  186.9 MC/s (1.917e-02 s/TS) || Energy: ~2.34e-21 (-34.48dB)
[@     2m37s] Timestep:         7962 || Speed:  187.6 MC/s (1.910e-02 s/TS) || Energy: ~2.50e-21 (-34.19dB)
[@     2m41s] Timestep:         8172 || Speed:  186.8 MC/s (1.918e-02 s/TS) || Energy: ~2.58e-21 (-34.06dB)
[@     2m45s] Timestep:         8382 || Speed:  188.0 MC/s (1.906e-02 s/TS) || Energy: ~2.01e-21 (-35.14dB)
[@     2m49s] Timestep:         8592 || Speed:  187.8 MC/s (1.908e-02 s/TS) || Energy: ~1.47e-21 (-36.51dB)
[@     2m53s] Timestep:         8796 || Speed:  182.6 MC/s (1.963e-02 s/TS) || Energy: ~1.69e-21 (-35.89dB)
[@     2m57s] Timestep:         9006 || Speed:  187.4 MC/s (1.912e-02 s/TS) || Energy: ~1.59e-21 (-36.15dB)
[@     3m01s] Timestep:         9216 || Speed:  187.0 MC/s (1.916e-02 s/TS) || Energy: ~1.17e-21 (-37.47dB)
[@     3m05s] Timestep:         9426 || Speed:  186.4 MC/s (1.922e-02 s/TS) || Energy: ~9.38e-22 (-38.45dB)
[@     3m09s] Timestep:         9636 || Speed:  186.4 MC/s (1.923e-02 s/TS) || Energy: ~1.00e-21 (-38.16dB)
[@     3m13s] Timestep:         9846 || Speed:  187.0 MC/s (1.916e-02 s/TS) || Energy: ~1.01e-21 (-38.13dB)
[@     3m17s] Timestep:        10062 || Speed:  188.2 MC/s (1.904e-02 s/TS) || Energy: ~8.76e-22 (-38.74dB)
[@     3m21s] Timestep:        10272 || Speed:  185.2 MC/s (1.935e-02 s/TS) || Energy: ~6.54e-22 (-40.01dB)
[@     3m26s] Timestep:        10482 || Speed:  187.3 MC/s (1.913e-02 s/TS) || Energy: ~5.49e-22 (-40.77dB)
[@     3m30s] Timestep:        10692 || Speed:  184.1 MC/s (1.947e-02 s/TS) || Energy: ~5.79e-22 (-40.54dB)
[@     3m34s] Timestep:        10896 || Speed:  178.6 MC/s (2.006e-02 s/TS) || Energy: ~5.34e-22 (-40.89dB)
[@     3m38s] Timestep:        11106 || Speed:  183.6 MC/s (1.951e-02 s/TS) || Energy: ~4.09e-22 (-42.05dB)
[@     3m42s] Timestep:        11316 || Speed:  183.9 MC/s (1.948e-02 s/TS) || Energy: ~3.73e-22 (-42.46dB)
[@     3m46s] Timestep:        11532 || Speed:  188.2 MC/s (1.904e-02 s/TS) || Energy: ~3.54e-22 (-42.68dB)
[@     3m50s] Timestep:        11742 || Speed:  184.3 MC/s (1.944e-02 s/TS) || Energy: ~3.51e-22 (-42.72dB)
[@     3m54s] Timestep:        11952 || Speed:  187.4 MC/s (1.912e-02 s/TS) || Energy: ~2.95e-22 (-43.47dB)
[@     3m58s] Timestep:        12162 || Speed:  186.2 MC/s (1.925e-02 s/TS) || Energy: ~2.38e-22 (-44.40dB)
[@     4m02s] Timestep:        12372 || Speed:  186.3 MC/s (1.923e-02 s/TS) || Energy: ~2.24e-22 (-44.66dB)
[@     4m06s] Timestep:        12582 || Speed:  183.9 MC/s (1.948e-02 s/TS) || Energy: ~2.19e-22 (-44.76dB)
[@     4m10s] Timestep:        12786 || Speed:  181.7 MC/s (1.972e-02 s/TS) || Energy: ~1.81e-22 (-45.60dB)
[@     4m14s] Timestep:        12990 || Speed:  182.5 MC/s (1.963e-02 s/TS) || Energy: ~1.64e-22 (-46.02dB)
[@     4m18s] Timestep:        13200 || Speed:  185.9 MC/s (1.928e-02 s/TS) || Energy: ~1.57e-22 (-46.20dB)
[@     4m22s] Timestep:        13410 || Speed:  182.9 MC/s (1.959e-02 s/TS) || Energy: ~1.35e-22 (-46.86dB)
[@     4m26s] Timestep:        13620 || Speed:  187.1 MC/s (1.915e-02 s/TS) || Energy: ~1.13e-22 (-47.65dB)
[@     4m30s] Timestep:        13830 || Speed:  187.4 MC/s (1.912e-02 s/TS) || Energy: ~1.06e-22 (-47.92dB)
[@     4m35s] Timestep:        14040 || Speed:  186.7 MC/s (1.919e-02 s/TS) || Energy: ~1.02e-22 (-48.07dB)
[@     4m39s] Timestep:        14250 || Speed:  187.2 MC/s (1.914e-02 s/TS) || Energy: ~8.75e-23 (-48.75dB)
[@     4m43s] Timestep:        14460 || Speed:  187.7 MC/s (1.909e-02 s/TS) || Energy: ~7.11e-23 (-49.65dB)
[@     4m47s] Timestep:        14670 || Speed:  187.9 MC/s (1.907e-02 s/TS) || Energy: ~6.66e-23 (-49.93dB)
[@     4m51s] Timestep:        14880 || Speed:  187.3 MC/s (1.913e-02 s/TS) || Energy: ~6.69e-23 (-49.92dB)
[@     4m55s] Timestep:        15090 || Speed:  187.5 MC/s (1.911e-02 s/TS) || Energy: ~5.87e-23 (-50.48dB)
Time for 15090 iterations with 3583125.00 cells : 295.09 sec
Speed: 183.23 MCells/s 
    [excite port 27/44]
 ---------------------------------------------------------------------- 
 | openEMS 64bit -- version v0.37.0-rc1-2-g7b051bb
 | (C) 2010-2026 Thorsten Liebig <thorsten.liebig@gmx.de>  GPL license
 ---------------------------------------------------------------------- 
	Used external libraries:
		CSXCAD -- Version: v0.7.0-rc1-1-g5115701
		hdf5   -- Version: 1.10.10
		          compiled against: HDF5 library version: 1.10.10
		tinyxml -- compiled against: 2.6.2
		fparser
		boost  -- compiled against: 1_83
		vtk -- Version: 9.1.0
		       compiled against: 9.1.0

Create FDTD operator (compressed SSE + multi-threading)
FDTD simulation size: 175x195x105 --> 3583125.00 FDTD cells 
FDTD timestep is: 0.00 s; Nyquist rate: 24 timesteps @102110454074.00 Hz
Excitation signal length is: 282 timesteps (0.00s)
Max. number of timesteps: 60000 ( --> 212.77 * Excitation signal length)
Create FDTD engine (compressed SSE + multi-threading)
Running FDTD engine... this may take a while... grab a cup of coffee?!?
[@        4s] Timestep:          102 || Speed:   87.5 MC/s (4.094e-02 s/TS) || Energy: ~6.13e-19 (- 0.00dB)
[@        8s] Timestep:          252 || Speed:  130.1 MC/s (2.754e-02 s/TS) || Energy: ~5.85e-18 (- 0.00dB)
[@       12s] Timestep:          432 || Speed:  156.2 MC/s (2.293e-02 s/TS) || Energy: ~2.39e-18 (- 3.89dB)
[@       16s] Timestep:          624 || Speed:  168.7 MC/s (2.124e-02 s/TS) || Energy: ~1.31e-18 (- 6.51dB)
[@       20s] Timestep:          822 || Speed:  176.6 MC/s (2.029e-02 s/TS) || Energy: ~8.26e-19 (- 8.50dB)
[@       24s] Timestep:         1032 || Speed:  184.6 MC/s (1.941e-02 s/TS) || Energy: ~7.47e-19 (- 8.94dB)
[@       28s] Timestep:         1242 || Speed:  187.2 MC/s (1.914e-02 s/TS) || Energy: ~6.41e-19 (- 9.60dB)
[@       32s] Timestep:         1446 || Speed:  180.9 MC/s (1.981e-02 s/TS) || Energy: ~4.39e-19 (-11.24dB)
Multithreaded Engine: Best performance found using 7 threads.
[@       36s] Timestep:         1656 || Speed:  188.0 MC/s (1.906e-02 s/TS) || Energy: ~4.25e-19 (-11.39dB)
[@       40s] Timestep:         1866 || Speed:  186.8 MC/s (1.918e-02 s/TS) || Energy: ~3.53e-19 (-12.19dB)
[@       44s] Timestep:         2076 || Speed:  186.3 MC/s (1.923e-02 s/TS) || Energy: ~2.58e-19 (-13.56dB)
[@       48s] Timestep:         2286 || Speed:  187.2 MC/s (1.914e-02 s/TS) || Energy: ~2.25e-19 (-14.16dB)
[@       52s] Timestep:         2496 || Speed:  186.6 MC/s (1.920e-02 s/TS) || Energy: ~1.79e-19 (-15.14dB)
[@       56s] Timestep:         2706 || Speed:  186.3 MC/s (1.923e-02 s/TS) || Energy: ~1.33e-19 (-16.43dB)
[@     1m00s] Timestep:         2916 || Speed:  187.6 MC/s (1.910e-02 s/TS) || Energy: ~1.15e-19 (-17.08dB)
[@     1m04s] Timestep:         3126 || Speed:  187.2 MC/s (1.914e-02 s/TS) || Energy: ~1.02e-19 (-17.61dB)
[@     1m08s] Timestep:         3336 || Speed:  187.6 MC/s (1.910e-02 s/TS) || Energy: ~7.98e-20 (-18.65dB)
[@     1m12s] Timestep:         3546 || Speed:  186.0 MC/s (1.926e-02 s/TS) || Energy: ~6.17e-20 (-19.77dB)
[@     1m16s] Timestep:         3756 || Speed:  187.6 MC/s (1.910e-02 s/TS) || Energy: ~5.76e-20 (-20.06dB)
[@     1m20s] Timestep:         3966 || Speed:  187.7 MC/s (1.909e-02 s/TS) || Energy: ~5.15e-20 (-20.55dB)
[@     1m24s] Timestep:         4176 || Speed:  187.7 MC/s (1.909e-02 s/TS) || Energy: ~3.68e-20 (-22.02dB)
[@     1m28s] Timestep:         4386 || Speed:  186.7 MC/s (1.919e-02 s/TS) || Energy: ~3.10e-20 (-22.75dB)
[@     1m32s] Timestep:         4596 || Speed:  187.7 MC/s (1.909e-02 s/TS) || Energy: ~3.36e-20 (-22.41dB)
[@     1m37s] Timestep:         4806 || Speed:  184.1 MC/s (1.947e-02 s/TS) || Energy: ~2.85e-20 (-23.13dB)
[@     1m41s] Timestep:         5010 || Speed:  180.5 MC/s (1.986e-02 s/TS) || Energy: ~1.72e-20 (-25.33dB)
[@     1m45s] Timestep:         5220 || Speed:  185.9 MC/s (1.927e-02 s/TS) || Energy: ~2.02e-20 (-24.62dB)
[@     1m49s] Timestep:         5430 || Speed:  187.8 MC/s (1.908e-02 s/TS) || Energy: ~2.10e-20 (-24.46dB)
[@     1m53s] Timestep:         5640 || Speed:  183.7 MC/s (1.950e-02 s/TS) || Energy: ~1.37e-20 (-26.32dB)
[@     1m57s] Timestep:         5844 || Speed:  181.7 MC/s (1.972e-02 s/TS) || Energy: ~1.04e-20 (-27.49dB)
[@     2m01s] Timestep:         6054 || Speed:  184.8 MC/s (1.939e-02 s/TS) || Energy: ~1.37e-20 (-26.30dB)
[@     2m05s] Timestep:         6264 || Speed:  187.3 MC/s (1.913e-02 s/TS) || Energy: ~1.16e-20 (-27.01dB)
[@     2m09s] Timestep:         6474 || Speed:  183.0 MC/s (1.958e-02 s/TS) || Energy: ~6.40e-21 (-29.61dB)
[@     2m13s] Timestep:         6684 || Speed:  185.6 MC/s (1.931e-02 s/TS) || Energy: ~5.54e-21 (-30.23dB)
[@     2m17s] Timestep:         6894 || Speed:  187.5 MC/s (1.911e-02 s/TS) || Energy: ~7.90e-21 (-28.69dB)
[@     2m21s] Timestep:         7104 || Speed:  187.1 MC/s (1.915e-02 s/TS) || Energy: ~7.39e-21 (-28.99dB)
[@     2m25s] Timestep:         7314 || Speed:  185.8 MC/s (1.929e-02 s/TS) || Energy: ~4.25e-21 (-31.39dB)
[@     2m29s] Timestep:         7524 || Speed:  187.7 MC/s (1.909e-02 s/TS) || Energy: ~3.12e-21 (-32.73dB)
[@     2m33s] Timestep:         7734 || Speed:  187.2 MC/s (1.914e-02 s/TS) || Energy: ~4.41e-21 (-31.23dB)
[@     2m37s] Timestep:         7944 || Speed:  187.5 MC/s (1.911e-02 s/TS) || Energy: ~4.66e-21 (-30.99dB)
[@     2m41s] Timestep:         8154 || Speed:  187.7 MC/s (1.909e-02 s/TS) || Energy: ~3.01e-21 (-32.88dB)
[@     2m45s] Timestep:         8364 || Speed:  187.2 MC/s (1.914e-02 s/TS) || Energy: ~1.92e-21 (-34.83dB)
[@     2m49s] Timestep:         8574 || Speed:  185.9 MC/s (1.928e-02 s/TS) || Energy: ~2.41e-21 (-33.85dB)
[@     2m53s] Timestep:         8784 || Speed:  186.4 MC/s (1.922e-02 s/TS) || Energy: ~2.83e-21 (-33.15dB)
[@     2m57s] Timestep:         8994 || Speed:  187.8 MC/s (1.908e-02 s/TS) || Energy: ~2.14e-21 (-34.36dB)
[@     3m01s] Timestep:         9204 || Speed:  185.2 MC/s (1.934e-02 s/TS) || Energy: ~1.33e-21 (-36.44dB)
[@     3m05s] Timestep:         9414 || Speed:  187.1 MC/s (1.915e-02 s/TS) || Energy: ~1.33e-21 (-36.45dB)
[@     3m09s] Timestep:         9624 || Speed:  186.9 MC/s (1.917e-02 s/TS) || Energy: ~1.64e-21 (-35.52dB)
[@     3m13s] Timestep:         9834 || Speed:  186.9 MC/s (1.917e-02 s/TS) || Energy: ~1.48e-21 (-35.98dB)
[@     3m17s] Timestep:        10038 || Speed:  182.7 MC/s (1.962e-02 s/TS) || Energy: ~8.62e-22 (-38.32dB)
[@     3m22s] Timestep:        10248 || Speed:  184.1 MC/s (1.947e-02 s/TS) || Energy: ~9.05e-22 (-38.11dB)
[@     3m26s] Timestep:        10458 || Speed:  184.9 MC/s (1.938e-02 s/TS) || Energy: ~1.04e-21 (-37.50dB)
[@     3m30s] Timestep:        10668 || Speed:  187.6 MC/s (1.910e-02 s/TS) || Energy: ~9.05e-22 (-38.11dB)
[@     3m34s] Timestep:        10878 || Speed:  187.4 MC/s (1.912e-02 s/TS) || Energy: ~6.31e-22 (-39.67dB)
[@     3m38s] Timestep:        11088 || Speed:  187.3 MC/s (1.913e-02 s/TS) || Energy: ~5.16e-22 (-40.55dB)
[@     3m42s] Timestep:        11298 || Speed:  187.6 MC/s (1.910e-02 s/TS) || Energy: ~5.76e-22 (-40.07dB)
[@     3m46s] Timestep:        11508 || Speed:  185.5 MC/s (1.931e-02 s/TS) || Energy: ~5.99e-22 (-39.90dB)
[@     3m50s] Timestep:        11718 || Speed:  187.4 MC/s (1.912e-02 s/TS) || Energy: ~4.79e-22 (-40.87dB)
[@     3m54s] Timestep:        11928 || Speed:  187.0 MC/s (1.916e-02 s/TS) || Energy: ~3.35e-22 (-42.42dB)
[@     3m58s] Timestep:        12138 || Speed:  187.2 MC/s (1.914e-02 s/TS) || Energy: ~3.07e-22 (-42.80dB)
[@     4m02s] Timestep:        12348 || Speed:  185.2 MC/s (1.934e-02 s/TS) || Energy: ~3.57e-22 (-42.14dB)
[@     4m06s] Timestep:        12558 || Speed:  187.4 MC/s (1.912e-02 s/TS) || Energy: ~3.48e-22 (-42.26dB)
[@     4m10s] Timestep:        12762 || Speed:  179.2 MC/s (1.999e-02 s/TS) || Energy: ~2.08e-22 (-44.49dB)
[@     4m14s] Timestep:        12972 || Speed:  183.8 MC/s (1.950e-02 s/TS) || Energy: ~1.92e-22 (-44.85dB)
[@     4m18s] Timestep:        13182 || Speed:  186.4 MC/s (1.922e-02 s/TS) || Energy: ~2.36e-22 (-43.94dB)
[@     4m22s] Timestep:        13392 || Speed:  187.7 MC/s (1.908e-02 s/TS) || Energy: ~2.30e-22 (-44.05dB)
[@     4m26s] Timestep:        13596 || Speed:  182.6 MC/s (1.962e-02 s/TS) || Energy: ~1.26e-22 (-46.67dB)
[@     4m30s] Timestep:        13806 || Speed:  187.6 MC/s (1.910e-02 s/TS) || Energy: ~1.22e-22 (-46.80dB)
[@     4m34s] Timestep:        14022 || Speed:  188.3 MC/s (1.903e-02 s/TS) || Energy: ~1.27e-22 (-46.63dB)
[@     4m38s] Timestep:        14232 || Speed:  187.0 MC/s (1.916e-02 s/TS) || Energy: ~1.54e-22 (-45.80dB)
[@     4m42s] Timestep:        14442 || Speed:  187.3 MC/s (1.913e-02 s/TS) || Energy: ~1.24e-22 (-46.75dB)
[@     4m46s] Timestep:        14652 || Speed:  185.8 MC/s (1.928e-02 s/TS) || Energy: ~7.24e-23 (-49.07dB)
[@     4m50s] Timestep:        14862 || Speed:  187.7 MC/s (1.909e-02 s/TS) || Energy: ~6.46e-23 (-49.57dB)
[@     4m54s] Timestep:        15072 || Speed:  187.4 MC/s (1.912e-02 s/TS) || Energy: ~9.02e-23 (-48.12dB)
[@     4m58s] Timestep:        15282 || Speed:  188.0 MC/s (1.906e-02 s/TS) || Energy: ~9.20e-23 (-48.03dB)
[@     5m02s] Timestep:        15492 || Speed:  183.3 MC/s (1.954e-02 s/TS) || Energy: ~5.98e-23 (-49.91dB)
[@     5m06s] Timestep:        15702 || Speed:  187.9 MC/s (1.907e-02 s/TS) || Energy: ~3.73e-23 (-51.95dB)
Time for 15702 iterations with 3583125.00 cells : 306.91 sec
Speed: 183.32 MCells/s 
    [excite port 28/44]
 ---------------------------------------------------------------------- 
 | openEMS 64bit -- version v0.37.0-rc1-2-g7b051bb
 | (C) 2010-2026 Thorsten Liebig <thorsten.liebig@gmx.de>  GPL license
 ---------------------------------------------------------------------- 
	Used external libraries:
		CSXCAD -- Version: v0.7.0-rc1-1-g5115701
		hdf5   -- Version: 1.10.10
		          compiled against: HDF5 library version: 1.10.10
		tinyxml -- compiled against: 2.6.2
		fparser
		boost  -- compiled against: 1_83
		vtk -- Version: 9.1.0
		       compiled against: 9.1.0

Create FDTD operator (compressed SSE + multi-threading)
FDTD simulation size: 175x195x105 --> 3583125.00 FDTD cells 
FDTD timestep is: 0.00 s; Nyquist rate: 24 timesteps @102110454074.00 Hz
Excitation signal length is: 282 timesteps (0.00s)
Max. number of timesteps: 60000 ( --> 212.77 * Excitation signal length)
Create FDTD engine (compressed SSE + multi-threading)
Running FDTD engine... this may take a while... grab a cup of coffee?!?
[@        4s] Timestep:          102 || Speed:   87.3 MC/s (4.105e-02 s/TS) || Energy: ~6.13e-19 (- 0.00dB)
[@        8s] Timestep:          252 || Speed:  129.5 MC/s (2.767e-02 s/TS) || Energy: ~6.54e-18 (- 0.00dB)
[@       12s] Timestep:          426 || Speed:  153.7 MC/s (2.332e-02 s/TS) || Energy: ~3.10e-18 (- 3.25dB)
[@       16s] Timestep:          618 || Speed:  167.0 MC/s (2.146e-02 s/TS) || Energy: ~1.65e-18 (- 5.97dB)
[@       20s] Timestep:          822 || Speed:  178.8 MC/s (2.004e-02 s/TS) || Energy: ~9.63e-19 (- 8.32dB)
[@       24s] Timestep:         1026 || Speed:  181.7 MC/s (1.972e-02 s/TS) || Energy: ~7.81e-19 (- 9.23dB)
[@       28s] Timestep:         1236 || Speed:  186.7 MC/s (1.920e-02 s/TS) || Energy: ~5.36e-19 (-10.86dB)
[@       32s] Timestep:         1440 || Speed:  179.6 MC/s (1.995e-02 s/TS) || Energy: ~5.26e-19 (-10.94dB)
Multithreaded Engine: Best performance found using 7 threads.
[@       36s] Timestep:         1650 || Speed:  185.1 MC/s (1.935e-02 s/TS) || Energy: ~5.26e-19 (-10.95dB)
[@       40s] Timestep:         1860 || Speed:  185.9 MC/s (1.927e-02 s/TS) || Energy: ~3.23e-19 (-13.06dB)
[@       44s] Timestep:         2070 || Speed:  187.3 MC/s (1.913e-02 s/TS) || Energy: ~2.29e-19 (-14.57dB)
[@       48s] Timestep:         2280 || Speed:  187.0 MC/s (1.917e-02 s/TS) || Energy: ~2.31e-19 (-14.53dB)
[@       52s] Timestep:         2490 || Speed:  188.0 MC/s (1.905e-02 s/TS) || Energy: ~1.93e-19 (-15.30dB)
[@       56s] Timestep:         2700 || Speed:  184.0 MC/s (1.948e-02 s/TS) || Energy: ~1.27e-19 (-17.13dB)
[@     1m00s] Timestep:         2910 || Speed:  187.8 MC/s (1.908e-02 s/TS) || Energy: ~1.00e-19 (-18.15dB)
[@     1m04s] Timestep:         3120 || Speed:  187.3 MC/s (1.913e-02 s/TS) || Energy: ~9.97e-20 (-18.17dB)
[@     1m09s] Timestep:         3330 || Speed:  186.5 MC/s (1.921e-02 s/TS) || Energy: ~8.48e-20 (-18.87dB)
[@     1m13s] Timestep:         3540 || Speed:  187.8 MC/s (1.908e-02 s/TS) || Energy: ~6.18e-20 (-20.25dB)
[@     1m17s] Timestep:         3750 || Speed:  187.7 MC/s (1.909e-02 s/TS) || Energy: ~4.85e-20 (-21.30dB)
[@     1m21s] Timestep:         3960 || Speed:  187.5 MC/s (1.911e-02 s/TS) || Energy: ~4.59e-20 (-21.54dB)
[@     1m25s] Timestep:         4170 || Speed:  187.6 MC/s (1.910e-02 s/TS) || Energy: ~4.39e-20 (-21.74dB)
[@     1m29s] Timestep:         4380 || Speed:  185.8 MC/s (1.928e-02 s/TS) || Energy: ~3.58e-20 (-22.62dB)
[@     1m33s] Timestep:         4590 || Speed:  187.5 MC/s (1.911e-02 s/TS) || Energy: ~2.72e-20 (-23.82dB)
[@     1m37s] Timestep:         4800 || Speed:  183.2 MC/s (1.956e-02 s/TS) || Energy: ~2.30e-20 (-24.53dB)
[@     1m41s] Timestep:         5010 || Speed:  187.0 MC/s (1.916e-02 s/TS) || Energy: ~2.23e-20 (-24.67dB)
[@     1m45s] Timestep:         5220 || Speed:  187.4 MC/s (1.912e-02 s/TS) || Energy: ~2.16e-20 (-24.82dB)
[@     1m49s] Timestep:         5430 || Speed:  187.1 MC/s (1.915e-02 s/TS) || Energy: ~1.78e-20 (-25.65dB)
[@     1m53s] Timestep:         5640 || Speed:  187.8 MC/s (1.908e-02 s/TS) || Energy: ~1.24e-20 (-27.24dB)
[@     1m57s] Timestep:         5850 || Speed:  186.4 MC/s (1.922e-02 s/TS) || Energy: ~1.08e-20 (-27.81dB)
[@     2m01s] Timestep:         6060 || Speed:  186.4 MC/s (1.922e-02 s/TS) || Energy: ~1.28e-20 (-27.08dB)
[@     2m05s] Timestep:         6270 || Speed:  186.1 MC/s (1.925e-02 s/TS) || Energy: ~1.22e-20 (-27.30dB)
[@     2m09s] Timestep:         6480 || Speed:  187.2 MC/s (1.914e-02 s/TS) || Energy: ~7.73e-21 (-29.27dB)
[@     2m13s] Timestep:         6690 || Speed:  185.5 MC/s (1.931e-02 s/TS) || Energy: ~5.30e-21 (-30.91dB)
[@     2m17s] Timestep:         6900 || Speed:  187.7 MC/s (1.909e-02 s/TS) || Energy: ~7.23e-21 (-29.57dB)
[@     2m21s] Timestep:         7110 || Speed:  187.4 MC/s (1.912e-02 s/TS) || Energy: ~8.29e-21 (-28.97dB)
[@     2m25s] Timestep:         7320 || Speed:  187.0 MC/s (1.916e-02 s/TS) || Energy: ~5.41e-21 (-30.82dB)
[@     2m29s] Timestep:         7530 || Speed:  185.1 MC/s (1.936e-02 s/TS) || Energy: ~2.87e-21 (-33.58dB)
[@     2m33s] Timestep:         7740 || Speed:  187.4 MC/s (1.912e-02 s/TS) || Energy: ~3.94e-21 (-32.20dB)
[@     2m37s] Timestep:         7950 || Speed:  185.5 MC/s (1.932e-02 s/TS) || Energy: ~5.35e-21 (-30.87dB)
[@     2m41s] Timestep:         8160 || Speed:  184.1 MC/s (1.946e-02 s/TS) || Energy: ~3.91e-21 (-32.23dB)
[@     2m45s] Timestep:         8370 || Speed:  186.2 MC/s (1.924e-02 s/TS) || Energy: ~1.92e-21 (-35.33dB)
[@     2m49s] Timestep:         8580 || Speed:  187.5 MC/s (1.911e-02 s/TS) || Energy: ~2.20e-21 (-34.74dB)
[@     2m53s] Timestep:         8790 || Speed:  186.6 MC/s (1.920e-02 s/TS) || Energy: ~3.26e-21 (-33.02dB)
[@     2m57s] Timestep:         9000 || Speed:  186.6 MC/s (1.920e-02 s/TS) || Energy: ~2.74e-21 (-33.78dB)
[@     3m01s] Timestep:         9210 || Speed:  187.0 MC/s (1.916e-02 s/TS) || Energy: ~1.49e-21 (-36.43dB)
[@     3m05s] Timestep:         9420 || Speed:  185.1 MC/s (1.935e-02 s/TS) || Energy: ~1.36e-21 (-36.81dB)
[@     3m09s] Timestep:         9630 || Speed:  187.8 MC/s (1.908e-02 s/TS) || Energy: ~1.92e-21 (-35.32dB)
[@     3m13s] Timestep:         9840 || Speed:  187.8 MC/s (1.908e-02 s/TS) || Energy: ~1.79e-21 (-35.62dB)
[@     3m17s] Timestep:        10050 || Speed:  187.9 MC/s (1.907e-02 s/TS) || Energy: ~1.16e-21 (-37.50dB)
[@     3m22s] Timestep:        10260 || Speed:  186.3 MC/s (1.924e-02 s/TS) || Energy: ~9.74e-22 (-38.27dB)
[@     3m26s] Timestep:        10470 || Speed:  183.9 MC/s (1.948e-02 s/TS) || Energy: ~1.16e-21 (-37.51dB)
[@     3m30s] Timestep:        10674 || Speed:  181.8 MC/s (1.971e-02 s/TS) || Energy: ~1.02e-21 (-38.05dB)
[@     3m34s] Timestep:        10866 || Speed:  170.7 MC/s (2.100e-02 s/TS) || Energy: ~9.68e-22 (-38.30dB)
[@     3m38s] Timestep:        11064 || Speed:  176.9 MC/s (2.025e-02 s/TS) || Energy: ~7.55e-22 (-39.38dB)
[@     3m42s] Timestep:        11274 || Speed:  183.7 MC/s (1.950e-02 s/TS) || Energy: ~7.15e-22 (-39.61dB)
[@     3m46s] Timestep:        11484 || Speed:  185.8 MC/s (1.929e-02 s/TS) || Energy: ~7.11e-22 (-39.64dB)
[@     3m50s] Timestep:        11694 || Speed:  187.6 MC/s (1.910e-02 s/TS) || Energy: ~5.97e-22 (-40.40dB)
[@     3m54s] Timestep:        11904 || Speed:  187.3 MC/s (1.913e-02 s/TS) || Energy: ~5.08e-22 (-41.10dB)
[@     3m58s] Timestep:        12114 || Speed:  186.2 MC/s (1.924e-02 s/TS) || Energy: ~5.21e-22 (-40.98dB)
[@     4m02s] Timestep:        12324 || Speed:  185.2 MC/s (1.935e-02 s/TS) || Energy: ~4.95e-22 (-41.21dB)
[@     4m06s] Timestep:        12534 || Speed:  186.2 MC/s (1.925e-02 s/TS) || Energy: ~3.80e-22 (-42.36dB)
[@     4m10s] Timestep:        12744 || Speed:  187.6 MC/s (1.910e-02 s/TS) || Energy: ~3.17e-22 (-43.15dB)
[@     4m14s] Timestep:        12954 || Speed:  185.0 MC/s (1.937e-02 s/TS) || Energy: ~3.53e-22 (-42.67dB)
[@     4m18s] Timestep:        13164 || Speed:  187.2 MC/s (1.914e-02 s/TS) || Energy: ~3.55e-22 (-42.65dB)
[@     4m22s] Timestep:        13374 || Speed:  187.4 MC/s (1.912e-02 s/TS) || Energy: ~2.64e-22 (-43.93dB)
[@     4m26s] Timestep:        13584 || Speed:  185.4 MC/s (1.932e-02 s/TS) || Energy: ~1.96e-22 (-45.24dB)
[@     4m30s] Timestep:        13794 || Speed:  187.4 MC/s (1.912e-02 s/TS) || Energy: ~2.19e-22 (-44.76dB)
[@     4m34s] Timestep:        14004 || Speed:  186.6 MC/s (1.920e-02 s/TS) || Energy: ~2.45e-22 (-44.27dB)
[@     4m38s] Timestep:        14214 || Speed:  187.2 MC/s (1.914e-02 s/TS) || Energy: ~1.97e-22 (-45.21dB)
[@     4m42s] Timestep:        14424 || Speed:  184.5 MC/s (1.942e-02 s/TS) || Energy: ~1.32e-22 (-46.96dB)
[@     4m46s] Timestep:        14634 || Speed:  187.6 MC/s (1.910e-02 s/TS) || Energy: ~1.27e-22 (-47.12dB)
[@     4m50s] Timestep:        14844 || Speed:  187.6 MC/s (1.910e-02 s/TS) || Energy: ~1.55e-22 (-46.25dB)
[@     4m54s] Timestep:        15054 || Speed:  187.6 MC/s (1.910e-02 s/TS) || Energy: ~1.45e-22 (-46.54dB)
[@     4m58s] Timestep:        15264 || Speed:  187.5 MC/s (1.911e-02 s/TS) || Energy: ~9.95e-23 (-48.18dB)
[@     5m02s] Timestep:        15474 || Speed:  188.0 MC/s (1.906e-02 s/TS) || Energy: ~7.52e-23 (-49.39dB)
[@     5m06s] Timestep:        15684 || Speed:  186.0 MC/s (1.926e-02 s/TS) || Energy: ~8.89e-23 (-48.67dB)
[@     5m10s] Timestep:        15888 || Speed:  179.0 MC/s (2.002e-02 s/TS) || Energy: ~9.57e-23 (-48.35dB)
[@     5m15s] Timestep:        16098 || Speed:  187.1 MC/s (1.915e-02 s/TS) || Energy: ~6.41e-23 (-50.09dB)
Time for 16098 iterations with 3583125.00 cells : 315.02 sec
Speed: 183.10 MCells/s 
    [excite port 29/44]
 ---------------------------------------------------------------------- 
 | openEMS 64bit -- version v0.37.0-rc1-2-g7b051bb
 | (C) 2010-2026 Thorsten Liebig <thorsten.liebig@gmx.de>  GPL license
 ---------------------------------------------------------------------- 
	Used external libraries:
		CSXCAD -- Version: v0.7.0-rc1-1-g5115701
		hdf5   -- Version: 1.10.10
		          compiled against: HDF5 library version: 1.10.10
		tinyxml -- compiled against: 2.6.2
		fparser
		boost  -- compiled against: 1_83
		vtk -- Version: 9.1.0
		       compiled against: 9.1.0

Create FDTD operator (compressed SSE + multi-threading)
FDTD simulation size: 175x195x105 --> 3583125.00 FDTD cells 
FDTD timestep is: 0.00 s; Nyquist rate: 24 timesteps @102110454074.00 Hz
Excitation signal length is: 282 timesteps (0.00s)
Max. number of timesteps: 60000 ( --> 212.77 * Excitation signal length)
Create FDTD engine (compressed SSE + multi-threading)
Running FDTD engine... this may take a while... grab a cup of coffee?!?
[@        4s] Timestep:          102 || Speed:   87.8 MC/s (4.079e-02 s/TS) || Energy: ~6.13e-19 (- 0.00dB)
[@        8s] Timestep:          252 || Speed:  129.2 MC/s (2.773e-02 s/TS) || Energy: ~5.77e-18 (- 0.00dB)
[@       12s] Timestep:          426 || Speed:  155.5 MC/s (2.305e-02 s/TS) || Energy: ~3.23e-18 (- 2.52dB)
[@       16s] Timestep:          618 || Speed:  168.5 MC/s (2.127e-02 s/TS) || Energy: ~1.81e-18 (- 5.03dB)
[@       20s] Timestep:          822 || Speed:  177.7 MC/s (2.017e-02 s/TS) || Energy: ~1.44e-18 (- 6.04dB)
[@       24s] Timestep:         1032 || Speed:  184.1 MC/s (1.946e-02 s/TS) || Energy: ~1.08e-18 (- 7.28dB)
[@       28s] Timestep:         1242 || Speed:  187.4 MC/s (1.912e-02 s/TS) || Energy: ~8.23e-19 (- 8.46dB)
[@       32s] Timestep:         1446 || Speed:  181.6 MC/s (1.973e-02 s/TS) || Energy: ~9.54e-19 (- 7.82dB)
Multithreaded Engine: Best performance found using 7 threads.
[@       36s] Timestep:         1656 || Speed:  187.1 MC/s (1.916e-02 s/TS) || Energy: ~6.63e-19 (- 9.40dB)
[@       40s] Timestep:         1866 || Speed:  187.4 MC/s (1.912e-02 s/TS) || Energy: ~4.64e-19 (-10.95dB)
[@       44s] Timestep:         2076 || Speed:  186.6 MC/s (1.920e-02 s/TS) || Energy: ~5.29e-19 (-10.38dB)
[@       48s] Timestep:         2286 || Speed:  186.9 MC/s (1.917e-02 s/TS) || Energy: ~4.37e-19 (-11.20dB)
[@       52s] Timestep:         2496 || Speed:  187.1 MC/s (1.915e-02 s/TS) || Energy: ~2.61e-19 (-13.44dB)
[@       56s] Timestep:         2706 || Speed:  187.6 MC/s (1.910e-02 s/TS) || Energy: ~2.56e-19 (-13.52dB)
[@     1m00s] Timestep:         2916 || Speed:  186.7 MC/s (1.919e-02 s/TS) || Energy: ~2.62e-19 (-13.43dB)
[@     1m04s] Timestep:         3126 || Speed:  187.2 MC/s (1.914e-02 s/TS) || Energy: ~1.84e-19 (-14.97dB)
[@     1m08s] Timestep:         3336 || Speed:  186.8 MC/s (1.918e-02 s/TS) || Energy: ~1.25e-19 (-16.66dB)
[@     1m12s] Timestep:         3546 || Speed:  187.1 MC/s (1.915e-02 s/TS) || Energy: ~1.39e-19 (-16.19dB)
[@     1m16s] Timestep:         3756 || Speed:  187.0 MC/s (1.916e-02 s/TS) || Energy: ~1.40e-19 (-16.14dB)
[@     1m20s] Timestep:         3966 || Speed:  187.3 MC/s (1.913e-02 s/TS) || Energy: ~8.99e-20 (-18.08dB)
[@     1m24s] Timestep:         4176 || Speed:  187.3 MC/s (1.913e-02 s/TS) || Energy: ~5.97e-20 (-19.86dB)
[@     1m28s] Timestep:         4386 || Speed:  186.7 MC/s (1.919e-02 s/TS) || Energy: ~7.66e-20 (-18.77dB)
[@     1m33s] Timestep:         4596 || Speed:  183.0 MC/s (1.958e-02 s/TS) || Energy: ~8.27e-20 (-18.44dB)
[@     1m37s] Timestep:         4800 || Speed:  180.6 MC/s (1.984e-02 s/TS) || Energy: ~4.03e-20 (-21.56dB)
[@     1m41s] Timestep:         5010 || Speed:  185.1 MC/s (1.936e-02 s/TS) || Energy: ~3.79e-20 (-21.83dB)
[@     1m45s] Timestep:         5220 || Speed:  187.2 MC/s (1.915e-02 s/TS) || Energy: ~5.25e-20 (-20.41dB)
[@     1m49s] Timestep:         5430 || Speed:  186.1 MC/s (1.926e-02 s/TS) || Energy: ~4.70e-20 (-20.89dB)
[@     1m53s] Timestep:         5640 || Speed:  182.9 MC/s (1.959e-02 s/TS) || Energy: ~2.62e-20 (-23.43dB)
[@     1m57s] Timestep:         5850 || Speed:  185.8 MC/s (1.928e-02 s/TS) || Energy: ~1.99e-20 (-24.63dB)
[@     2m01s] Timestep:         6060 || Speed:  187.3 MC/s (1.913e-02 s/TS) || Energy: ~2.86e-20 (-23.05dB)
[@     2m05s] Timestep:         6270 || Speed:  186.9 MC/s (1.917e-02 s/TS) || Energy: ~2.95e-20 (-22.91dB)
[@     2m09s] Timestep:         6480 || Speed:  183.6 MC/s (1.952e-02 s/TS) || Energy: ~1.83e-20 (-24.99dB)
[@     2m13s] Timestep:         6690 || Speed:  185.2 MC/s (1.934e-02 s/TS) || Energy: ~1.15e-20 (-26.99dB)
[@     2m17s] Timestep:         6900 || Speed:  185.8 MC/s (1.928e-02 s/TS) || Energy: ~1.52e-20 (-25.81dB)
[@     2m21s] Timestep:         7110 || Speed:  185.6 MC/s (1.931e-02 s/TS) || Energy: ~1.79e-20 (-25.08dB)
[@     2m25s] Timestep:         7320 || Speed:  185.5 MC/s (1.932e-02 s/TS) || Energy: ~1.30e-20 (-26.47dB)
[@     2m29s] Timestep:         7530 || Speed:  186.9 MC/s (1.917e-02 s/TS) || Energy: ~7.46e-21 (-28.89dB)
[@     2m33s] Timestep:         7740 || Speed:  187.4 MC/s (1.912e-02 s/TS) || Energy: ~8.03e-21 (-28.56dB)
[@     2m37s] Timestep:         7950 || Speed:  185.7 MC/s (1.930e-02 s/TS) || Energy: ~1.05e-20 (-27.39dB)
[@     2m41s] Timestep:         8160 || Speed:  187.2 MC/s (1.914e-02 s/TS) || Energy: ~8.88e-21 (-28.13dB)
[@     2m45s] Timestep:         8370 || Speed:  185.7 MC/s (1.930e-02 s/TS) || Energy: ~5.15e-21 (-30.49dB)
[@     2m49s] Timestep:         8580 || Speed:  187.0 MC/s (1.916e-02 s/TS) || Energy: ~4.42e-21 (-31.16dB)
[@     2m54s] Timestep:         8784 || Speed:  179.9 MC/s (1.991e-02 s/TS) || Energy: ~6.77e-21 (-29.31dB)
[@     2m58s] Timestep:         8994 || Speed:  186.0 MC/s (1.926e-02 s/TS) || Energy: ~4.99e-21 (-30.63dB)
[@     3m02s] Timestep:         9204 || Speed:  186.5 MC/s (1.922e-02 s/TS) || Energy: ~2.95e-21 (-32.92dB)
[@     3m06s] Timestep:         9414 || Speed:  187.5 MC/s (1.911e-02 s/TS) || Energy: ~3.13e-21 (-32.66dB)
[@     3m10s] Timestep:         9624 || Speed:  185.7 MC/s (1.929e-02 s/TS) || Energy: ~4.05e-21 (-31.54dB)
[@     3m14s] Timestep:         9834 || Speed:  185.9 MC/s (1.928e-02 s/TS) || Energy: ~3.45e-21 (-32.24dB)
[@     3m18s] Timestep:        10044 || Speed:  186.7 MC/s (1.919e-02 s/TS) || Energy: ~2.05e-21 (-34.49dB)
[@     3m22s] Timestep:        10242 || Speed:  176.5 MC/s (2.030e-02 s/TS) || Energy: ~2.77e-21 (-33.19dB)
[@     3m26s] Timestep:        10452 || Speed:  185.6 MC/s (1.930e-02 s/TS) || Energy: ~2.53e-21 (-33.58dB)
[@     3m30s] Timestep:        10662 || Speed:  187.8 MC/s (1.908e-02 s/TS) || Energy: ~1.55e-21 (-35.71dB)
[@     3m34s] Timestep:        10872 || Speed:  186.3 MC/s (1.923e-02 s/TS) || Energy: ~1.17e-21 (-36.91dB)
[@     3m38s] Timestep:        11082 || Speed:  186.9 MC/s (1.917e-02 s/TS) || Energy: ~1.56e-21 (-35.68dB)
[@     3m42s] Timestep:        11292 || Speed:  185.0 MC/s (1.937e-02 s/TS) || Energy: ~1.67e-21 (-35.40dB)
[@     3m46s] Timestep:        11502 || Speed:  186.9 MC/s (1.917e-02 s/TS) || Energy: ~1.14e-21 (-37.04dB)
[@     3m50s] Timestep:        11712 || Speed:  187.3 MC/s (1.913e-02 s/TS) || Energy: ~7.20e-22 (-39.04dB)
[@     3m54s] Timestep:        11922 || Speed:  187.6 MC/s (1.910e-02 s/TS) || Energy: ~8.47e-22 (-38.33dB)
[@     3m58s] Timestep:        12132 || Speed:  185.5 MC/s (1.932e-02 s/TS) || Energy: ~1.04e-21 (-37.44dB)
[@     4m02s] Timestep:        12342 || Speed:  186.9 MC/s (1.917e-02 s/TS) || Energy: ~8.31e-22 (-38.42dB)
[@     4m06s] Timestep:        12552 || Speed:  186.2 MC/s (1.925e-02 s/TS) || Energy: ~4.95e-22 (-40.67dB)
[@     4m10s] Timestep:        12762 || Speed:  187.2 MC/s (1.914e-02 s/TS) || Energy: ~4.63e-22 (-40.95dB)
[@     4m14s] Timestep:        12972 || Speed:  185.0 MC/s (1.936e-02 s/TS) || Energy: ~6.15e-22 (-39.72dB)
[@     4m18s] Timestep:        13182 || Speed:  187.0 MC/s (1.917e-02 s/TS) || Energy: ~5.78e-22 (-39.99dB)
[@     4m22s] Timestep:        13392 || Speed:  187.6 MC/s (1.910e-02 s/TS) || Energy: ~3.66e-22 (-41.98dB)
[@     4m26s] Timestep:        13602 || Speed:  187.4 MC/s (1.912e-02 s/TS) || Energy: ~2.72e-22 (-43.27dB)
[@     4m30s] Timestep:        13812 || Speed:  186.4 MC/s (1.922e-02 s/TS) || Energy: ~3.50e-22 (-42.18dB)
[@     4m34s] Timestep:        14022 || Speed:  187.6 MC/s (1.910e-02 s/TS) || Energy: ~3.80e-22 (-41.82dB)
[@     4m38s] Timestep:        14232 || Speed:  187.6 MC/s (1.910e-02 s/TS) || Energy: ~2.72e-22 (-43.27dB)
[@     4m42s] Timestep:        14442 || Speed:  187.8 MC/s (1.908e-02 s/TS) || Energy: ~1.78e-22 (-45.11dB)
[@     4m46s] Timestep:        14652 || Speed:  187.7 MC/s (1.909e-02 s/TS) || Energy: ~1.98e-22 (-44.64dB)
[@     4m50s] Timestep:        14862 || Speed:  187.8 MC/s (1.908e-02 s/TS) || Energy: ~2.36e-22 (-43.87dB)
[@     4m54s] Timestep:        15072 || Speed:  187.0 MC/s (1.916e-02 s/TS) || Energy: ~1.94e-22 (-44.72dB)
[@     4m58s] Timestep:        15282 || Speed:  185.7 MC/s (1.930e-02 s/TS) || Energy: ~1.27e-22 (-46.59dB)
[@     5m03s] Timestep:        15492 || Speed:  183.4 MC/s (1.954e-02 s/TS) || Energy: ~1.18e-22 (-46.91dB)
[@     5m07s] Timestep:        15696 || Speed:  181.1 MC/s (1.979e-02 s/TS) || Energy: ~1.53e-22 (-45.76dB)
[@     5m11s] Timestep:        15906 || Speed:  185.8 MC/s (1.928e-02 s/TS) || Energy: ~1.16e-22 (-46.96dB)
[@     5m15s] Timestep:        16116 || Speed:  186.6 MC/s (1.920e-02 s/TS) || Energy: ~8.15e-23 (-48.50dB)
[@     5m19s] Timestep:        16326 || Speed:  183.3 MC/s (1.954e-02 s/TS) || Energy: ~8.54e-23 (-48.30dB)
[@     5m23s] Timestep:        16530 || Speed:  182.5 MC/s (1.964e-02 s/TS) || Energy: ~9.71e-23 (-47.74dB)
[@     5m27s] Timestep:        16740 || Speed:  187.2 MC/s (1.914e-02 s/TS) || Energy: ~7.06e-23 (-49.12dB)
[@     5m31s] Timestep:        16950 || Speed:  187.5 MC/s (1.911e-02 s/TS) || Energy: ~5.60e-23 (-50.13dB)
Time for 16950 iterations with 3583125.00 cells : 331.31 sec
Speed: 183.32 MCells/s 
    [excite port 30/44]
 ---------------------------------------------------------------------- 
 | openEMS 64bit -- version v0.37.0-rc1-2-g7b051bb
 | (C) 2010-2026 Thorsten Liebig <thorsten.liebig@gmx.de>  GPL license
 ---------------------------------------------------------------------- 
	Used external libraries:
		CSXCAD -- Version: v0.7.0-rc1-1-g5115701
		hdf5   -- Version: 1.10.10
		          compiled against: HDF5 library version: 1.10.10
		tinyxml -- compiled against: 2.6.2
		fparser
		boost  -- compiled against: 1_83
		vtk -- Version: 9.1.0
		       compiled against: 9.1.0

Create FDTD operator (compressed SSE + multi-threading)
FDTD simulation size: 175x195x105 --> 3583125.00 FDTD cells 
FDTD timestep is: 0.00 s; Nyquist rate: 24 timesteps @102110454074.00 Hz
Excitation signal length is: 282 timesteps (0.00s)
Max. number of timesteps: 60000 ( --> 212.77 * Excitation signal length)
Create FDTD engine (compressed SSE + multi-threading)
Running FDTD engine... this may take a while... grab a cup of coffee?!?
[@        4s] Timestep:          102 || Speed:   87.8 MC/s (4.082e-02 s/TS) || Energy: ~6.13e-19 (- 0.00dB)
[@        8s] Timestep:          252 || Speed:  132.0 MC/s (2.715e-02 s/TS) || Energy: ~6.35e-18 (- 0.00dB)
[@       12s] Timestep:          426 || Speed:  152.9 MC/s (2.343e-02 s/TS) || Energy: ~3.76e-18 (- 2.28dB)
[@       16s] Timestep:          618 || Speed:  168.7 MC/s (2.124e-02 s/TS) || Energy: ~2.11e-18 (- 4.79dB)
[@       20s] Timestep:          822 || Speed:  180.3 MC/s (1.987e-02 s/TS) || Energy: ~1.48e-18 (- 6.34dB)
[@       24s] Timestep:         1026 || Speed:  181.3 MC/s (1.976e-02 s/TS) || Energy: ~1.34e-18 (- 6.75dB)
[@       28s] Timestep:         1230 || Speed:  178.9 MC/s (2.003e-02 s/TS) || Energy: ~7.92e-19 (- 9.04dB)
Multithreaded Engine: Best performance found using 6 threads.
[@       32s] Timestep:         1440 || Speed:  186.1 MC/s (1.926e-02 s/TS) || Energy: ~9.40e-19 (- 8.30dB)
[@       36s] Timestep:         1650 || Speed:  187.8 MC/s (1.908e-02 s/TS) || Energy: ~8.67e-19 (- 8.65dB)
[@       40s] Timestep:         1860 || Speed:  187.0 MC/s (1.916e-02 s/TS) || Energy: ~5.49e-19 (-10.63dB)
[@       44s] Timestep:         2076 || Speed:  188.2 MC/s (1.904e-02 s/TS) || Energy: ~3.96e-19 (-12.05dB)
[@       48s] Timestep:         2286 || Speed:  187.0 MC/s (1.916e-02 s/TS) || Energy: ~3.72e-19 (-12.33dB)
[@       52s] Timestep:         2496 || Speed:  186.6 MC/s (1.920e-02 s/TS) || Energy: ~3.37e-19 (-12.76dB)
[@       56s] Timestep:         2706 || Speed:  187.1 MC/s (1.915e-02 s/TS) || Energy: ~2.46e-19 (-14.12dB)
[@     1m00s] Timestep:         2916 || Speed:  188.0 MC/s (1.906e-02 s/TS) || Energy: ~2.07e-19 (-14.87dB)
[@     1m04s] Timestep:         3126 || Speed:  187.7 MC/s (1.909e-02 s/TS) || Energy: ~1.89e-19 (-15.27dB)
[@     1m08s] Timestep:         3336 || Speed:  187.9 MC/s (1.907e-02 s/TS) || Energy: ~1.50e-19 (-16.27dB)
[@     1m12s] Timestep:         3546 || Speed:  186.0 MC/s (1.926e-02 s/TS) || Energy: ~1.15e-19 (-17.44dB)
[@     1m16s] Timestep:         3756 || Speed:  187.7 MC/s (1.909e-02 s/TS) || Energy: ~1.15e-19 (-17.41dB)
[@     1m20s] Timestep:         3966 || Speed:  187.5 MC/s (1.911e-02 s/TS) || Energy: ~1.15e-19 (-17.42dB)
[@     1m24s] Timestep:         4176 || Speed:  187.8 MC/s (1.908e-02 s/TS) || Energy: ~8.55e-20 (-18.71dB)
[@     1m29s] Timestep:         4386 || Speed:  183.5 MC/s (1.953e-02 s/TS) || Energy: ~5.88e-20 (-20.34dB)
[@     1m33s] Timestep:         4596 || Speed:  187.8 MC/s (1.908e-02 s/TS) || Energy: ~6.23e-20 (-20.09dB)
[@     1m37s] Timestep:         4800 || Speed:  182.0 MC/s (1.969e-02 s/TS) || Energy: ~6.82e-20 (-19.69dB)
[@     1m41s] Timestep:         5010 || Speed:  184.2 MC/s (1.945e-02 s/TS) || Energy: ~4.54e-20 (-21.46dB)
[@     1m45s] Timestep:         5220 || Speed:  186.3 MC/s (1.923e-02 s/TS) || Energy: ~3.44e-20 (-22.66dB)
[@     1m49s] Timestep:         5430 || Speed:  185.1 MC/s (1.936e-02 s/TS) || Energy: ~4.08e-20 (-21.92dB)
[@     1m53s] Timestep:         5640 || Speed:  187.2 MC/s (1.914e-02 s/TS) || Energy: ~4.31e-20 (-21.69dB)
[@     1m57s] Timestep:         5850 || Speed:  186.8 MC/s (1.918e-02 s/TS) || Energy: ~3.17e-20 (-23.02dB)
[@     2m01s] Timestep:         6060 || Speed:  187.9 MC/s (1.907e-02 s/TS) || Energy: ~2.14e-20 (-24.72dB)
[@     2m05s] Timestep:         6270 || Speed:  188.1 MC/s (1.905e-02 s/TS) || Energy: ~2.23e-20 (-24.56dB)
[@     2m09s] Timestep:         6480 || Speed:  184.5 MC/s (1.942e-02 s/TS) || Energy: ~2.54e-20 (-23.99dB)
[@     2m13s] Timestep:         6690 || Speed:  187.7 MC/s (1.909e-02 s/TS) || Energy: ~2.18e-20 (-24.64dB)
[@     2m17s] Timestep:         6900 || Speed:  187.3 MC/s (1.913e-02 s/TS) || Energy: ~1.55e-20 (-26.11dB)
[@     2m21s] Timestep:         7110 || Speed:  184.8 MC/s (1.939e-02 s/TS) || Energy: ~1.32e-20 (-26.83dB)
[@     2m25s] Timestep:         7320 || Speed:  184.3 MC/s (1.944e-02 s/TS) || Energy: ~1.40e-20 (-26.58dB)
[@     2m29s] Timestep:         7530 || Speed:  187.9 MC/s (1.907e-02 s/TS) || Energy: ~1.40e-20 (-26.58dB)
[@     2m33s] Timestep:         7740 || Speed:  187.8 MC/s (1.908e-02 s/TS) || Energy: ~1.18e-20 (-27.31dB)
[@     2m37s] Timestep:         7950 || Speed:  187.5 MC/s (1.911e-02 s/TS) || Energy: ~9.05e-21 (-28.47dB)
[@     2m41s] Timestep:         8160 || Speed:  187.8 MC/s (1.908e-02 s/TS) || Energy: ~7.70e-21 (-29.17dB)
[@     2m45s] Timestep:         8370 || Speed:  187.9 MC/s (1.907e-02 s/TS) || Energy: ~8.06e-21 (-28.97dB)
[@     2m49s] Timestep:         8580 || Speed:  186.9 MC/s (1.917e-02 s/TS) || Energy: ~8.40e-21 (-28.79dB)
[@     2m53s] Timestep:         8790 || Speed:  186.7 MC/s (1.920e-02 s/TS) || Energy: ~6.93e-21 (-29.62dB)
[@     2m57s] Timestep:         9000 || Speed:  187.7 MC/s (1.909e-02 s/TS) || Energy: ~4.70e-21 (-31.31dB)
[@     3m01s] Timestep:         9216 || Speed:  188.2 MC/s (1.904e-02 s/TS) || Energy: ~3.90e-21 (-32.12dB)
[@     3m05s] Timestep:         9432 || Speed:  188.2 MC/s (1.904e-02 s/TS) || Energy: ~3.54e-21 (-32.54dB)
[@     3m09s] Timestep:         9642 || Speed:  187.2 MC/s (1.914e-02 s/TS) || Energy: ~4.56e-21 (-31.44dB)
[@     3m13s] Timestep:         9852 || Speed:  187.8 MC/s (1.908e-02 s/TS) || Energy: ~4.84e-21 (-31.18dB)
[@     3m17s] Timestep:        10062 || Speed:  188.0 MC/s (1.906e-02 s/TS) || Energy: ~3.27e-21 (-32.88dB)
[@     3m21s] Timestep:        10272 || Speed:  186.8 MC/s (1.919e-02 s/TS) || Energy: ~2.01e-21 (-35.00dB)
[@     3m26s] Timestep:        10482 || Speed:  183.9 MC/s (1.949e-02 s/TS) || Energy: ~2.53e-21 (-33.99dB)
[@     3m30s] Timestep:        10692 || Speed:  184.8 MC/s (1.939e-02 s/TS) || Energy: ~3.23e-21 (-32.94dB)
[@     3m34s] Timestep:        10908 || Speed:  188.8 MC/s (1.898e-02 s/TS) || Energy: ~2.90e-21 (-33.40dB)
[@     3m38s] Timestep:        11118 || Speed:  185.5 MC/s (1.931e-02 s/TS) || Energy: ~1.84e-21 (-35.39dB)
[@     3m42s] Timestep:        11334 || Speed:  188.4 MC/s (1.902e-02 s/TS) || Energy: ~1.33e-21 (-36.80dB)
[@     3m46s] Timestep:        11544 || Speed:  188.0 MC/s (1.905e-02 s/TS) || Energy: ~1.13e-21 (-37.51dB)
[@     3m50s] Timestep:        11754 || Speed:  187.1 MC/s (1.915e-02 s/TS) || Energy: ~1.62e-21 (-35.93dB)
[@     3m54s] Timestep:        11964 || Speed:  187.3 MC/s (1.913e-02 s/TS) || Energy: ~1.63e-21 (-35.92dB)
[@     3m58s] Timestep:        12174 || Speed:  186.7 MC/s (1.919e-02 s/TS) || Energy: ~1.04e-21 (-37.86dB)
[@     4m02s] Timestep:        12390 || Speed:  188.4 MC/s (1.902e-02 s/TS) || Energy: ~7.93e-22 (-39.04dB)
[@     4m06s] Timestep:        12600 || Speed:  187.1 MC/s (1.915e-02 s/TS) || Energy: ~7.13e-22 (-39.50dB)
[@     4m10s] Timestep:        12810 || Speed:  185.6 MC/s (1.931e-02 s/TS) || Energy: ~9.03e-22 (-38.48dB)
[@     4m14s] Timestep:        13020 || Speed:  187.5 MC/s (1.911e-02 s/TS) || Energy: ~8.65e-22 (-38.66dB)
[@     4m18s] Timestep:        13230 || Speed:  187.7 MC/s (1.909e-02 s/TS) || Energy: ~6.18e-22 (-40.12dB)
[@     4m22s] Timestep:        13440 || Speed:  187.0 MC/s (1.916e-02 s/TS) || Energy: ~4.78e-22 (-41.23dB)
[@     4m26s] Timestep:        13650 || Speed:  187.3 MC/s (1.913e-02 s/TS) || Energy: ~5.00e-22 (-41.04dB)
[@     4m30s] Timestep:        13860 || Speed:  187.3 MC/s (1.913e-02 s/TS) || Energy: ~5.11e-22 (-40.95dB)
[@     4m34s] Timestep:        14070 || Speed:  187.3 MC/s (1.913e-02 s/TS) || Energy: ~4.42e-22 (-41.58dB)
[@     4m38s] Timestep:        14280 || Speed:  187.6 MC/s (1.910e-02 s/TS) || Energy: ~3.56e-22 (-42.52dB)
[@     4m42s] Timestep:        14490 || Speed:  187.7 MC/s (1.909e-02 s/TS) || Energy: ~3.01e-22 (-43.25dB)
[@     4m46s] Timestep:        14700 || Speed:  186.3 MC/s (1.924e-02 s/TS) || Energy: ~2.81e-22 (-43.54dB)
[@     4m50s] Timestep:        14910 || Speed:  187.2 MC/s (1.914e-02 s/TS) || Energy: ~2.81e-22 (-43.55dB)
[@     4m54s] Timestep:        15120 || Speed:  186.4 MC/s (1.923e-02 s/TS) || Energy: ~2.61e-22 (-43.86dB)
[@     4m58s] Timestep:        15330 || Speed:  188.1 MC/s (1.905e-02 s/TS) || Energy: ~2.06e-22 (-44.89dB)
[@     5m02s] Timestep:        15540 || Speed:  187.9 MC/s (1.907e-02 s/TS) || Energy: ~1.59e-22 (-46.01dB)
[@     5m06s] Timestep:        15756 || Speed:  188.5 MC/s (1.901e-02 s/TS) || Energy: ~1.42e-22 (-46.52dB)
[@     5m10s] Timestep:        15966 || Speed:  187.3 MC/s (1.913e-02 s/TS) || Energy: ~1.57e-22 (-46.07dB)
[@     5m14s] Timestep:        16176 || Speed:  187.6 MC/s (1.910e-02 s/TS) || Energy: ~1.61e-22 (-45.97dB)
[@     5m19s] Timestep:        16392 || Speed:  188.3 MC/s (1.903e-02 s/TS) || Energy: ~1.40e-22 (-46.57dB)
[@     5m23s] Timestep:        16602 || Speed:  188.1 MC/s (1.905e-02 s/TS) || Energy: ~9.70e-23 (-48.16dB)
[@     5m27s] Timestep:        16818 || Speed:  188.2 MC/s (1.903e-02 s/TS) || Energy: ~7.79e-23 (-49.11dB)
[@     5m31s] Timestep:        17028 || Speed:  187.9 MC/s (1.906e-02 s/TS) || Energy: ~7.31e-23 (-49.39dB)
[@     5m35s] Timestep:        17238 || Speed:  185.2 MC/s (1.935e-02 s/TS) || Energy: ~8.80e-23 (-48.59dB)
[@     5m39s] Timestep:        17448 || Speed:  183.2 MC/s (1.956e-02 s/TS) || Energy: ~8.31e-23 (-48.83dB)
[@     5m43s] Timestep:        17658 || Speed:  187.0 MC/s (1.916e-02 s/TS) || Energy: ~5.84e-23 (-50.36dB)
Time for 17658 iterations with 3583125.00 cells : 343.39 sec
Speed: 184.25 MCells/s 
    [excite port 31/44]
 ---------------------------------------------------------------------- 
 | openEMS 64bit -- version v0.37.0-rc1-2-g7b051bb
 | (C) 2010-2026 Thorsten Liebig <thorsten.liebig@gmx.de>  GPL license
 ---------------------------------------------------------------------- 
	Used external libraries:
		CSXCAD -- Version: v0.7.0-rc1-1-g5115701
		hdf5   -- Version: 1.10.10
		          compiled against: HDF5 library version: 1.10.10
		tinyxml -- compiled against: 2.6.2
		fparser
		boost  -- compiled against: 1_83
		vtk -- Version: 9.1.0
		       compiled against: 9.1.0

Create FDTD operator (compressed SSE + multi-threading)
FDTD simulation size: 175x195x105 --> 3583125.00 FDTD cells 
FDTD timestep is: 0.00 s; Nyquist rate: 24 timesteps @102110454074.00 Hz
Excitation signal length is: 282 timesteps (0.00s)
Max. number of timesteps: 60000 ( --> 212.77 * Excitation signal length)
Create FDTD engine (compressed SSE + multi-threading)
Running FDTD engine... this may take a while... grab a cup of coffee?!?
[@        4s] Timestep:          102 || Speed:   87.6 MC/s (4.092e-02 s/TS) || Energy: ~6.02e-19 (- 0.00dB)
[@        8s] Timestep:          246 || Speed:  128.9 MC/s (2.780e-02 s/TS) || Energy: ~5.75e-18 (- 0.00dB)
[@       12s] Timestep:          420 || Speed:  154.1 MC/s (2.324e-02 s/TS) || Energy: ~3.51e-18 (- 2.14dB)
[@       16s] Timestep:          612 || Speed:  168.3 MC/s (2.129e-02 s/TS) || Energy: ~2.15e-18 (- 4.28dB)
[@       20s] Timestep:          816 || Speed:  180.6 MC/s (1.984e-02 s/TS) || Energy: ~1.78e-18 (- 5.08dB)
[@       24s] Timestep:         1020 || Speed:  182.1 MC/s (1.968e-02 s/TS) || Energy: ~1.20e-18 (- 6.82dB)
[@       28s] Timestep:         1224 || Speed:  177.7 MC/s (2.017e-02 s/TS) || Energy: ~1.26e-18 (- 6.60dB)
Multithreaded Engine: Best performance found using 6 threads.
[@       32s] Timestep:         1434 || Speed:  185.5 MC/s (1.932e-02 s/TS) || Energy: ~1.16e-18 (- 6.95dB)
[@       36s] Timestep:         1644 || Speed:  187.8 MC/s (1.908e-02 s/TS) || Energy: ~8.27e-19 (- 8.42dB)
[@       40s] Timestep:         1854 || Speed:  187.3 MC/s (1.913e-02 s/TS) || Energy: ~6.07e-19 (- 9.77dB)
[@       44s] Timestep:         2064 || Speed:  187.0 MC/s (1.916e-02 s/TS) || Energy: ~5.57e-19 (-10.14dB)
[@       48s] Timestep:         2274 || Speed:  187.5 MC/s (1.911e-02 s/TS) || Energy: ~5.28e-19 (-10.37dB)
[@       52s] Timestep:         2484 || Speed:  187.6 MC/s (1.910e-02 s/TS) || Energy: ~3.99e-19 (-11.59dB)
[@       56s] Timestep:         2700 || Speed:  188.7 MC/s (1.899e-02 s/TS) || Energy: ~3.01e-19 (-12.81dB)
[@     1m00s] Timestep:         2916 || Speed:  188.9 MC/s (1.897e-02 s/TS) || Energy: ~2.19e-19 (-14.20dB)
[@     1m04s] Timestep:         3126 || Speed:  187.5 MC/s (1.911e-02 s/TS) || Energy: ~1.86e-19 (-14.91dB)
[@     1m08s] Timestep:         3336 || Speed:  187.9 MC/s (1.907e-02 s/TS) || Energy: ~2.13e-19 (-14.32dB)
[@     1m12s] Timestep:         3546 || Speed:  187.8 MC/s (1.908e-02 s/TS) || Energy: ~1.75e-19 (-15.17dB)
[@     1m16s] Timestep:         3762 || Speed:  188.8 MC/s (1.898e-02 s/TS) || Energy: ~1.30e-19 (-16.46dB)
[@     1m20s] Timestep:         3972 || Speed:  185.7 MC/s (1.930e-02 s/TS) || Energy: ~8.96e-20 (-18.07dB)
[@     1m25s] Timestep:         4188 || Speed:  188.1 MC/s (1.904e-02 s/TS) || Energy: ~8.61e-20 (-18.25dB)
[@     1m29s] Timestep:         4392 || Speed:  180.0 MC/s (1.990e-02 s/TS) || Energy: ~9.73e-20 (-17.72dB)
[@     1m33s] Timestep:         4602 || Speed:  183.7 MC/s (1.950e-02 s/TS) || Energy: ~7.05e-20 (-19.12dB)
[@     1m37s] Timestep:         4812 || Speed:  183.0 MC/s (1.958e-02 s/TS) || Energy: ~5.84e-20 (-19.93dB)
[@     1m41s] Timestep:         5022 || Speed:  183.3 MC/s (1.954e-02 s/TS) || Energy: ~6.11e-20 (-19.74dB)
[@     1m45s] Timestep:         5232 || Speed:  187.5 MC/s (1.911e-02 s/TS) || Energy: ~5.33e-20 (-20.34dB)
[@     1m49s] Timestep:         5442 || Speed:  187.7 MC/s (1.909e-02 s/TS) || Energy: ~3.92e-20 (-21.67dB)
[@     1m53s] Timestep:         5652 || Speed:  186.3 MC/s (1.923e-02 s/TS) || Energy: ~3.72e-20 (-21.90dB)
[@     1m57s] Timestep:         5862 || Speed:  187.7 MC/s (1.909e-02 s/TS) || Energy: ~3.91e-20 (-21.68dB)
[@     2m01s] Timestep:         6078 || Speed:  188.5 MC/s (1.901e-02 s/TS) || Energy: ~3.44e-20 (-22.24dB)
[@     2m05s] Timestep:         6288 || Speed:  187.8 MC/s (1.908e-02 s/TS) || Energy: ~2.47e-20 (-23.67dB)
[@     2m09s] Timestep:         6498 || Speed:  187.7 MC/s (1.909e-02 s/TS) || Energy: ~2.05e-20 (-24.49dB)
[@     2m13s] Timestep:         6708 || Speed:  183.5 MC/s (1.953e-02 s/TS) || Energy: ~2.29e-20 (-24.00dB)
[@     2m17s] Timestep:         6918 || Speed:  186.8 MC/s (1.918e-02 s/TS) || Energy: ~2.16e-20 (-24.25dB)
[@     2m21s] Timestep:         7134 || Speed:  188.4 MC/s (1.902e-02 s/TS) || Energy: ~1.78e-20 (-25.10dB)
[@     2m26s] Timestep:         7350 || Speed:  188.2 MC/s (1.904e-02 s/TS) || Energy: ~1.42e-20 (-26.06dB)
[@     2m30s] Timestep:         7560 || Speed:  183.7 MC/s (1.950e-02 s/TS) || Energy: ~1.13e-20 (-27.06dB)
[@     2m34s] Timestep:         7770 || Speed:  185.3 MC/s (1.934e-02 s/TS) || Energy: ~1.21e-20 (-26.78dB)
[@     2m38s] Timestep:         7980 || Speed:  187.5 MC/s (1.911e-02 s/TS) || Energy: ~1.18e-20 (-26.89dB)
[@     2m42s] Timestep:         8190 || Speed:  187.3 MC/s (1.913e-02 s/TS) || Energy: ~9.22e-21 (-27.95dB)
[@     2m46s] Timestep:         8400 || Speed:  188.0 MC/s (1.906e-02 s/TS) || Energy: ~7.76e-21 (-28.70dB)
[@     2m50s] Timestep:         8616 || Speed:  188.3 MC/s (1.903e-02 s/TS) || Energy: ~7.38e-21 (-28.92dB)
[@     2m54s] Timestep:         8826 || Speed:  187.7 MC/s (1.909e-02 s/TS) || Energy: ~7.28e-21 (-28.98dB)
[@     2m58s] Timestep:         9036 || Speed:  186.6 MC/s (1.920e-02 s/TS) || Energy: ~6.06e-21 (-29.78dB)
[@     3m02s] Timestep:         9246 || Speed:  187.5 MC/s (1.911e-02 s/TS) || Energy: ~5.09e-21 (-30.53dB)
[@     3m06s] Timestep:         9462 || Speed:  188.1 MC/s (1.905e-02 s/TS) || Energy: ~4.78e-21 (-30.81dB)
[@     3m10s] Timestep:         9678 || Speed:  188.3 MC/s (1.902e-02 s/TS) || Energy: ~4.66e-21 (-30.92dB)
[@     3m14s] Timestep:         9888 || Speed:  187.9 MC/s (1.906e-02 s/TS) || Energy: ~4.54e-21 (-31.03dB)
[@     3m18s] Timestep:        10098 || Speed:  188.1 MC/s (1.905e-02 s/TS) || Energy: ~3.42e-21 (-32.26dB)
[@     3m22s] Timestep:        10314 || Speed:  188.3 MC/s (1.903e-02 s/TS) || Energy: ~2.76e-21 (-33.20dB)
[@     3m26s] Timestep:        10524 || Speed:  187.6 MC/s (1.910e-02 s/TS) || Energy: ~2.61e-21 (-33.43dB)
[@     3m30s] Timestep:        10740 || Speed:  188.2 MC/s (1.904e-02 s/TS) || Energy: ~2.68e-21 (-33.31dB)
[@     3m34s] Timestep:        10950 || Speed:  188.0 MC/s (1.906e-02 s/TS) || Energy: ~3.01e-21 (-32.82dB)
[@     3m38s] Timestep:        11160 || Speed:  187.2 MC/s (1.914e-02 s/TS) || Energy: ~2.29e-21 (-34.00dB)
[@     3m42s] Timestep:        11370 || Speed:  187.8 MC/s (1.908e-02 s/TS) || Energy: ~1.47e-21 (-35.94dB)
[@     3m46s] Timestep:        11580 || Speed:  186.4 MC/s (1.922e-02 s/TS) || Energy: ~1.61e-21 (-35.54dB)
[@     3m50s] Timestep:        11790 || Speed:  187.9 MC/s (1.907e-02 s/TS) || Energy: ~2.06e-21 (-34.45dB)
[@     3m55s] Timestep:        12006 || Speed:  188.3 MC/s (1.903e-02 s/TS) || Energy: ~1.94e-21 (-34.73dB)
[@     3m59s] Timestep:        12216 || Speed:  187.0 MC/s (1.917e-02 s/TS) || Energy: ~1.36e-21 (-36.26dB)
[@     4m03s] Timestep:        12426 || Speed:  186.8 MC/s (1.919e-02 s/TS) || Energy: ~8.31e-22 (-38.40dB)
[@     4m07s] Timestep:        12636 || Speed:  188.0 MC/s (1.906e-02 s/TS) || Energy: ~1.00e-21 (-37.59dB)
[@     4m11s] Timestep:        12846 || Speed:  187.7 MC/s (1.909e-02 s/TS) || Energy: ~1.31e-21 (-36.42dB)
[@     4m15s] Timestep:        13062 || Speed:  188.3 MC/s (1.903e-02 s/TS) || Energy: ~1.22e-21 (-36.75dB)
[@     4m19s] Timestep:        13272 || Speed:  187.5 MC/s (1.911e-02 s/TS) || Energy: ~8.26e-22 (-38.43dB)
[@     4m23s] Timestep:        13482 || Speed:  187.8 MC/s (1.908e-02 s/TS) || Energy: ~4.97e-22 (-40.64dB)
[@     4m27s] Timestep:        13692 || Speed:  188.0 MC/s (1.906e-02 s/TS) || Energy: ~6.17e-22 (-39.70dB)
[@     4m31s] Timestep:        13902 || Speed:  188.1 MC/s (1.905e-02 s/TS) || Energy: ~8.12e-22 (-38.51dB)
[@     4m35s] Timestep:        14118 || Speed:  188.3 MC/s (1.902e-02 s/TS) || Energy: ~7.50e-22 (-38.85dB)
[@     4m39s] Timestep:        14328 || Speed:  187.8 MC/s (1.908e-02 s/TS) || Energy: ~5.10e-22 (-40.52dB)
[@     4m43s] Timestep:        14538 || Speed:  187.5 MC/s (1.911e-02 s/TS) || Energy: ~3.05e-22 (-42.75dB)
[@     4m47s] Timestep:        14748 || Speed:  185.7 MC/s (1.929e-02 s/TS) || Energy: ~3.72e-22 (-41.90dB)
[@     4m51s] Timestep:        14958 || Speed:  187.9 MC/s (1.907e-02 s/TS) || Energy: ~4.91e-22 (-40.69dB)
[@     4m55s] Timestep:        15168 || Speed:  187.1 MC/s (1.915e-02 s/TS) || Energy: ~4.10e-22 (-41.47dB)
[@     4m59s] Timestep:        15378 || Speed:  187.6 MC/s (1.910e-02 s/TS) || Energy: ~2.37e-22 (-43.85dB)
[@     5m03s] Timestep:        15594 || Speed:  188.2 MC/s (1.904e-02 s/TS) || Energy: ~1.89e-22 (-44.84dB)
[@     5m07s] Timestep:        15804 || Speed:  187.5 MC/s (1.911e-02 s/TS) || Energy: ~2.20e-22 (-44.17dB)
[@     5m11s] Timestep:        16014 || Speed:  187.5 MC/s (1.911e-02 s/TS) || Energy: ~2.93e-22 (-42.94dB)
[@     5m15s] Timestep:        16218 || Speed:  182.5 MC/s (1.963e-02 s/TS) || Energy: ~1.98e-22 (-44.62dB)
[@     5m19s] Timestep:        16428 || Speed:  187.7 MC/s (1.909e-02 s/TS) || Energy: ~1.28e-22 (-46.54dB)
[@     5m23s] Timestep:        16638 || Speed:  187.4 MC/s (1.912e-02 s/TS) || Energy: ~1.61e-22 (-45.53dB)
[@     5m27s] Timestep:        16848 || Speed:  186.1 MC/s (1.925e-02 s/TS) || Energy: ~2.01e-22 (-44.57dB)
[@     5m31s] Timestep:        17058 || Speed:  186.1 MC/s (1.926e-02 s/TS) || Energy: ~1.61e-22 (-45.52dB)
[@     5m35s] Timestep:        17268 || Speed:  185.1 MC/s (1.936e-02 s/TS) || Energy: ~9.82e-23 (-47.68dB)
[@     5m39s] Timestep:        17478 || Speed:  186.8 MC/s (1.918e-02 s/TS) || Energy: ~9.44e-23 (-47.85dB)
[@     5m43s] Timestep:        17688 || Speed:  186.7 MC/s (1.919e-02 s/TS) || Energy: ~1.30e-22 (-46.47dB)
[@     5m47s] Timestep:        17898 || Speed:  187.3 MC/s (1.913e-02 s/TS) || Energy: ~1.33e-22 (-46.37dB)
[@     5m51s] Timestep:        18108 || Speed:  187.9 MC/s (1.907e-02 s/TS) || Energy: ~9.95e-23 (-47.62dB)
[@     5m55s] Timestep:        18318 || Speed:  187.5 MC/s (1.911e-02 s/TS) || Energy: ~8.53e-23 (-48.29dB)
[@     5m59s] Timestep:        18528 || Speed:  187.6 MC/s (1.910e-02 s/TS) || Energy: ~1.08e-22 (-47.27dB)
[@     6m03s] Timestep:        18738 || Speed:  186.2 MC/s (1.925e-02 s/TS) || Energy: ~1.28e-22 (-46.52dB)
[@     6m07s] Timestep:        18954 || Speed:  189.0 MC/s (1.895e-02 s/TS) || Energy: ~1.46e-22 (-45.95dB)
[@     6m12s] Timestep:        19170 || Speed:  188.3 MC/s (1.903e-02 s/TS) || Energy: ~1.70e-22 (-45.30dB)
[@     6m16s] Timestep:        19380 || Speed:  186.3 MC/s (1.924e-02 s/TS) || Energy: ~1.83e-22 (-44.97dB)
[@     6m20s] Timestep:        19596 || Speed:  188.4 MC/s (1.902e-02 s/TS) || Energy: ~2.39e-22 (-43.82dB)
[@     6m24s] Timestep:        19806 || Speed:  187.2 MC/s (1.914e-02 s/TS) || Energy: ~3.06e-22 (-42.75dB)
[@     6m28s] Timestep:        20022 || Speed:  188.5 MC/s (1.901e-02 s/TS) || Energy: ~4.15e-22 (-41.42dB)
[@     6m32s] Timestep:        20238 || Speed:  188.2 MC/s (1.904e-02 s/TS) || Energy: ~5.29e-22 (-40.36dB)
[@     6m36s] Timestep:        20454 || Speed:  188.2 MC/s (1.904e-02 s/TS) || Energy: ~6.43e-22 (-39.52dB)
[@     6m40s] Timestep:        20664 || Speed:  187.9 MC/s (1.907e-02 s/TS) || Energy: ~9.18e-22 (-37.97dB)
[@     6m44s] Timestep:        20874 || Speed:  187.6 MC/s (1.910e-02 s/TS) || Energy: ~1.28e-21 (-36.52dB)
[@     6m48s] Timestep:        21084 || Speed:  187.2 MC/s (1.914e-02 s/TS) || Energy: ~1.73e-21 (-35.23dB)
[@     6m52s] Timestep:        21300 || Speed:  188.6 MC/s (1.900e-02 s/TS) || Energy: ~2.30e-21 (-33.98dB)
[@     6m56s] Timestep:        21510 || Speed:  186.6 MC/s (1.920e-02 s/TS) || Energy: ~3.14e-21 (-32.63dB)
[@     7m00s] Timestep:        21726 || Speed:  189.1 MC/s (1.895e-02 s/TS) || Energy: ~4.14e-21 (-31.43dB)
[@     7m04s] Timestep:        21942 || Speed:  188.4 MC/s (1.902e-02 s/TS) || Energy: ~5.13e-21 (-30.50dB)
[@     7m09s] Timestep:        22158 || Speed:  188.2 MC/s (1.904e-02 s/TS) || Energy: ~6.26e-21 (-29.63dB)
[@     7m13s] Timestep:        22368 || Speed:  187.1 MC/s (1.915e-02 s/TS) || Energy: ~9.15e-21 (-27.99dB)
[@     7m17s] Timestep:        22584 || Speed:  188.2 MC/s (1.904e-02 s/TS) || Energy: ~1.12e-20 (-27.10dB)
[@     7m21s] Timestep:        22794 || Speed:  187.8 MC/s (1.908e-02 s/TS) || Energy: ~1.63e-20 (-25.47dB)
[@     7m25s] Timestep:        23010 || Speed:  188.4 MC/s (1.901e-02 s/TS) || Energy: ~2.02e-20 (-24.55dB)
[@     7m29s] Timestep:        23226 || Speed:  188.8 MC/s (1.898e-02 s/TS) || Energy: ~2.67e-20 (-23.33dB)
[@     7m33s] Timestep:        23442 || Speed:  188.4 MC/s (1.901e-02 s/TS) || Energy: ~3.88e-20 (-21.72dB)
[@     7m37s] Timestep:        23652 || Speed:  187.2 MC/s (1.914e-02 s/TS) || Energy: ~4.91e-20 (-20.69dB)
[@     7m41s] Timestep:        23862 || Speed:  188.0 MC/s (1.906e-02 s/TS) || Energy: ~6.57e-20 (-19.43dB)
[@     7m45s] Timestep:        24078 || Speed:  188.3 MC/s (1.902e-02 s/TS) || Energy: ~9.03e-20 (-18.04dB)
[@     7m49s] Timestep:        24294 || Speed:  188.9 MC/s (1.897e-02 s/TS) || Energy: ~1.34e-19 (-16.33dB)
[@     7m53s] Timestep:        24510 || Speed:  188.9 MC/s (1.897e-02 s/TS) || Energy: ~2.01e-19 (-14.57dB)
[@     7m57s] Timestep:        24726 || Speed:  188.1 MC/s (1.905e-02 s/TS) || Energy: ~2.89e-19 (-12.99dB)
[@     8m01s] Timestep:        24936 || Speed:  187.6 MC/s (1.910e-02 s/TS) || Energy: ~3.72e-19 (-11.89dB)
[@     8m06s] Timestep:        25146 || Speed:  186.6 MC/s (1.921e-02 s/TS) || Energy: ~4.63e-19 (-10.94dB)
[@     8m10s] Timestep:        25362 || Speed:  188.2 MC/s (1.904e-02 s/TS) || Energy: ~6.88e-19 (- 9.22dB)
[@     8m14s] Timestep:        25578 || Speed:  188.3 MC/s (1.903e-02 s/TS) || Energy: ~9.64e-19 (- 7.76dB)
[@     8m18s] Timestep:        25794 || Speed:  188.7 MC/s (1.899e-02 s/TS) || Energy: ~1.26e-18 (- 6.60dB)
[@     8m22s] Timestep:        26004 || Speed:  188.0 MC/s (1.906e-02 s/TS) || Energy: ~1.75e-18 (- 5.16dB)
[@     8m26s] Timestep:        26214 || Speed:  188.1 MC/s (1.905e-02 s/TS) || Energy: ~2.33e-18 (- 3.92dB)
[@     8m30s] Timestep:        26424 || Speed:  187.3 MC/s (1.913e-02 s/TS) || Energy: ~2.97e-18 (- 2.87dB)
[@     8m34s] Timestep:        26640 || Speed:  188.3 MC/s (1.903e-02 s/TS) || Energy: ~4.28e-18 (- 1.29dB)
[@     8m38s] Timestep:        26850 || Speed:  187.4 MC/s (1.912e-02 s/TS) || Energy: ~5.50e-18 (- 0.19dB)
[@     8m42s] Timestep:        27066 || Speed:  188.2 MC/s (1.904e-02 s/TS) || Energy: ~7.83e-18 (- 0.00dB)
[@     8m46s] Timestep:        27276 || Speed:  188.0 MC/s (1.906e-02 s/TS) || Energy: ~1.02e-17 (- 0.00dB)
[@     8m50s] Timestep:        27486 || Speed:  187.6 MC/s (1.910e-02 s/TS) || Energy: ~1.27e-17 (- 0.00dB)
[@     8m54s] Timestep:        27696 || Speed:  187.4 MC/s (1.912e-02 s/TS) || Energy: ~1.57e-17 (- 0.00dB)
[@     8m58s] Timestep:        27906 || Speed:  187.7 MC/s (1.909e-02 s/TS) || Energy: ~1.98e-17 (- 0.00dB)
[@     9m02s] Timestep:        28116 || Speed:  188.1 MC/s (1.905e-02 s/TS) || Energy: ~2.62e-17 (- 0.00dB)
[@     9m06s] Timestep:        28326 || Speed:  187.3 MC/s (1.914e-02 s/TS) || Energy: ~3.68e-17 (- 0.00dB)
[@     9m10s] Timestep:        28536 || Speed:  186.1 MC/s (1.925e-02 s/TS) || Energy: ~5.37e-17 (- 0.00dB)
[@     9m14s] Timestep:        28752 || Speed:  188.5 MC/s (1.901e-02 s/TS) || Energy: ~6.61e-17 (- 0.00dB)
[@     9m18s] Timestep:        28962 || Speed:  187.3 MC/s (1.913e-02 s/TS) || Energy: ~9.58e-17 (- 0.00dB)
[@     9m22s] Timestep:        29172 || Speed:  188.1 MC/s (1.905e-02 s/TS) || Energy: ~1.40e-16 (- 0.00dB)
[@     9m26s] Timestep:        29382 || Speed:  185.5 MC/s (1.932e-02 s/TS) || Energy: ~2.01e-16 (- 0.00dB)
[@     9m30s] Timestep:        29598 || Speed:  189.0 MC/s (1.895e-02 s/TS) || Energy: ~2.51e-16 (- 0.00dB)
[@     9m34s] Timestep:        29808 || Speed:  188.0 MC/s (1.906e-02 s/TS) || Energy: ~3.61e-16 (- 0.00dB)
[@     9m39s] Timestep:        30018 || Speed:  186.8 MC/s (1.918e-02 s/TS) || Energy: ~5.01e-16 (- 0.00dB)
[@     9m43s] Timestep:        30228 || Speed:  187.3 MC/s (1.913e-02 s/TS) || Energy: ~6.63e-16 (- 0.00dB)
[@     9m47s] Timestep:        30438 || Speed:  187.6 MC/s (1.910e-02 s/TS) || Energy: ~8.40e-16 (- 0.00dB)
[@     9m51s] Timestep:        30648 || Speed:  187.9 MC/s (1.907e-02 s/TS) || Energy: ~1.04e-15 (- 0.00dB)
[@     9m55s] Timestep:        30858 || Speed:  186.7 MC/s (1.920e-02 s/TS) || Energy: ~1.29e-15 (- 0.00dB)
[@     9m59s] Timestep:        31068 || Speed:  185.1 MC/s (1.935e-02 s/TS) || Energy: ~1.67e-15 (- 0.00dB)
[@    10m03s] Timestep:        31278 || Speed:  187.0 MC/s (1.916e-02 s/TS) || Energy: ~2.30e-15 (- 0.00dB)
[@    10m07s] Timestep:        31488 || Speed:  187.7 MC/s (1.909e-02 s/TS) || Energy: ~3.32e-15 (- 0.00dB)
[@    10m11s] Timestep:        31698 || Speed:  187.9 MC/s (1.906e-02 s/TS) || Energy: ~4.86e-15 (- 0.00dB)
[@    10m15s] Timestep:        31908 || Speed:  186.6 MC/s (1.920e-02 s/TS) || Energy: ~6.98e-15 (- 0.00dB)
[@    10m19s] Timestep:        32118 || Speed:  187.8 MC/s (1.907e-02 s/TS) || Energy: ~9.65e-15 (- 0.00dB)
[@    10m23s] Timestep:        32328 || Speed:  187.1 MC/s (1.915e-02 s/TS) || Energy: ~1.27e-14 (- 0.00dB)
[@    10m27s] Timestep:        32538 || Speed:  187.6 MC/s (1.910e-02 s/TS) || Energy: ~1.61e-14 (- 0.00dB)
[@    10m31s] Timestep:        32748 || Speed:  186.1 MC/s (1.925e-02 s/TS) || Energy: ~1.99e-14 (- 0.00dB)
[@    10m35s] Timestep:        32958 || Speed:  184.4 MC/s (1.943e-02 s/TS) || Energy: ~2.47e-14 (- 0.00dB)
[@    10m39s] Timestep:        33174 || Speed:  188.5 MC/s (1.901e-02 s/TS) || Energy: ~3.69e-14 (- 0.00dB)
[@    10m43s] Timestep:        33384 || Speed:  187.8 MC/s (1.908e-02 s/TS) || Energy: ~4.58e-14 (- 0.00dB)
[@    10m47s] Timestep:        33594 || Speed:  187.0 MC/s (1.916e-02 s/TS) || Energy: ~5.88e-14 (- 0.00dB)
[@    10m51s] Timestep:        33804 || Speed:  187.2 MC/s (1.914e-02 s/TS) || Energy: ~8.01e-14 (- 0.00dB)
[@    10m55s] Timestep:        34014 || Speed:  187.3 MC/s (1.913e-02 s/TS) || Energy: ~1.15e-13 (- 0.00dB)
[@    10m59s] Timestep:        34224 || Speed:  187.1 MC/s (1.915e-02 s/TS) || Energy: ~1.68e-13 (- 0.00dB)
[@    11m03s] Timestep:        34434 || Speed:  187.5 MC/s (1.911e-02 s/TS) || Energy: ~2.43e-13 (- 0.00dB)
[@    11m07s] Timestep:        34644 || Speed:  187.8 MC/s (1.908e-02 s/TS) || Energy: ~3.38e-13 (- 0.00dB)
[@    11m11s] Timestep:        34854 || Speed:  185.7 MC/s (1.929e-02 s/TS) || Energy: ~4.49e-13 (- 0.00dB)
[@    11m15s] Timestep:        35064 || Speed:  187.6 MC/s (1.910e-02 s/TS) || Energy: ~5.71e-13 (- 0.00dB)
[@    11m19s] Timestep:        35268 || Speed:  181.2 MC/s (1.977e-02 s/TS) || Energy: ~6.19e-13 (- 0.00dB)
[@    11m23s] Timestep:        35478 || Speed:  187.2 MC/s (1.914e-02 s/TS) || Energy: ~8.60e-13 (- 0.00dB)
[@    11m27s] Timestep:        35688 || Speed:  185.9 MC/s (1.927e-02 s/TS) || Energy: ~1.25e-12 (- 0.00dB)
[@    11m31s] Timestep:        35898 || Speed:  187.4 MC/s (1.912e-02 s/TS) || Energy: ~1.82e-12 (- 0.00dB)
[@    11m35s] Timestep:        36108 || Speed:  185.5 MC/s (1.932e-02 s/TS) || Energy: ~2.61e-12 (- 0.00dB)
[@    11m39s] Timestep:        36318 || Speed:  183.0 MC/s (1.958e-02 s/TS) || Energy: ~3.58e-12 (- 0.00dB)
[@    11m43s] Timestep:        36528 || Speed:  187.7 MC/s (1.909e-02 s/TS) || Energy: ~4.68e-12 (- 0.00dB)
[@    11m47s] Timestep:        36738 || Speed:  186.9 MC/s (1.917e-02 s/TS) || Energy: ~5.88e-12 (- 0.00dB)
[@    11m52s] Timestep:        36948 || Speed:  186.2 MC/s (1.924e-02 s/TS) || Energy: ~7.26e-12 (- 0.00dB)
[@    11m56s] Timestep:        37164 || Speed:  188.3 MC/s (1.903e-02 s/TS) || Energy: ~1.09e-11 (- 0.00dB)
[@    12m00s] Timestep:        37380 || Speed:  188.3 MC/s (1.903e-02 s/TS) || Energy: ~1.58e-11 (- 0.00dB)
[@    12m04s] Timestep:        37590 || Speed:  187.2 MC/s (1.914e-02 s/TS) || Energy: ~2.02e-11 (- 0.00dB)
[@    12m08s] Timestep:        37800 || Speed:  187.6 MC/s (1.910e-02 s/TS) || Energy: ~2.51e-11 (- 0.00dB)
[@    12m12s] Timestep:        38016 || Speed:  188.2 MC/s (1.904e-02 s/TS) || Energy: ~3.75e-11 (- 0.00dB)
[@    12m16s] Timestep:        38226 || Speed:  187.7 MC/s (1.909e-02 s/TS) || Energy: ~4.67e-11 (- 0.00dB)
[@    12m20s] Timestep:        38436 || Speed:  184.3 MC/s (1.944e-02 s/TS) || Energy: ~5.77e-11 (- 0.00dB)
[@    12m24s] Timestep:        38646 || Speed:  186.9 MC/s (1.917e-02 s/TS) || Energy: ~7.30e-11 (- 0.00dB)
[@    12m28s] Timestep:        38856 || Speed:  188.1 MC/s (1.905e-02 s/TS) || Energy: ~9.75e-11 (- 0.00dB)
[@    12m32s] Timestep:        39066 || Speed:  188.1 MC/s (1.905e-02 s/TS) || Energy: ~1.38e-10 (- 0.00dB)
[@    12m36s] Timestep:        39276 || Speed:  187.4 MC/s (1.912e-02 s/TS) || Energy: ~2.01e-10 (- 0.00dB)
[@    12m40s] Timestep:        39486 || Speed:  187.9 MC/s (1.906e-02 s/TS) || Energy: ~2.93e-10 (- 0.00dB)
[@    12m44s] Timestep:        39702 || Speed:  188.3 MC/s (1.903e-02 s/TS) || Energy: ~3.60e-10 (- 0.00dB)
[@    12m48s] Timestep:        39912 || Speed:  187.9 MC/s (1.907e-02 s/TS) || Energy: ~5.25e-10 (- 0.00dB)
[@    12m52s] Timestep:        40122 || Speed:  187.4 MC/s (1.912e-02 s/TS) || Energy: ~7.48e-10 (- 0.00dB)
[@    12m56s] Timestep:        40338 || Speed:  188.8 MC/s (1.898e-02 s/TS) || Energy: ~9.40e-10 (- 0.00dB)
[@    13m00s] Timestep:        40548 || Speed:  187.9 MC/s (1.907e-02 s/TS) || Energy: ~1.35e-09 (- 0.00dB)
[@    13m04s] Timestep:        40758 || Speed:  184.7 MC/s (1.940e-02 s/TS) || Energy: ~1.86e-09 (- 0.00dB)
[@    13m08s] Timestep:        40968 || Speed:  187.5 MC/s (1.911e-02 s/TS) || Energy: ~2.45e-09 (- 0.00dB)
[@    13m12s] Timestep:        41178 || Speed:  187.8 MC/s (1.908e-02 s/TS) || Energy: ~3.09e-09 (- 0.00dB)
[@    13m16s] Timestep:        41388 || Speed:  188.0 MC/s (1.906e-02 s/TS) || Energy: ~3.81e-09 (- 0.00dB)
[@    13m20s] Timestep:        41598 || Speed:  186.8 MC/s (1.918e-02 s/TS) || Energy: ~4.75e-09 (- 0.00dB)
[@    13m24s] Timestep:        41808 || Speed:  186.7 MC/s (1.919e-02 s/TS) || Energy: ~6.20e-09 (- 0.00dB)
[@    13m28s] Timestep:        42018 || Speed:  184.7 MC/s (1.940e-02 s/TS) || Energy: ~8.59e-09 (- 0.00dB)
[@    13m32s] Timestep:        42228 || Speed:  187.4 MC/s (1.912e-02 s/TS) || Energy: ~1.24e-08 (- 0.00dB)
[@    13m36s] Timestep:        42438 || Speed:  187.8 MC/s (1.908e-02 s/TS) || Energy: ~1.82e-08 (- 0.00dB)
[@    13m41s] Timestep:        42654 || Speed:  188.4 MC/s (1.902e-02 s/TS) || Energy: ~2.22e-08 (- 0.00dB)
[@    13m45s] Timestep:        42870 || Speed:  188.3 MC/s (1.903e-02 s/TS) || Energy: ~2.79e-08 (- 0.00dB)
[@    13m49s] Timestep:        43080 || Speed:  187.7 MC/s (1.909e-02 s/TS) || Energy: ~3.97e-08 (- 0.00dB)
[@    13m53s] Timestep:        43290 || Speed:  187.1 MC/s (1.915e-02 s/TS) || Energy: ~5.81e-08 (- 0.00dB)
[@    13m57s] Timestep:        43500 || Speed:  186.7 MC/s (1.920e-02 s/TS) || Energy: ~8.43e-08 (- 0.00dB)
[@    14m01s] Timestep:        43710 || Speed:  187.4 MC/s (1.912e-02 s/TS) || Energy: ~1.18e-07 (- 0.00dB)
[@    14m05s] Timestep:        43926 || Speed:  188.7 MC/s (1.899e-02 s/TS) || Energy: ~1.51e-07 (- 0.00dB)
[@    14m09s] Timestep:        44136 || Speed:  187.8 MC/s (1.908e-02 s/TS) || Energy: ~2.14e-07 (- 0.00dB)
[@    14m13s] Timestep:        44346 || Speed:  187.5 MC/s (1.911e-02 s/TS) || Energy: ~2.90e-07 (- 0.00dB)
[@    14m17s] Timestep:        44556 || Speed:  188.0 MC/s (1.906e-02 s/TS) || Energy: ~3.76e-07 (- 0.00dB)
[@    14m21s] Timestep:        44766 || Speed:  185.8 MC/s (1.928e-02 s/TS) || Energy: ~4.69e-07 (- 0.00dB)
[@    14m25s] Timestep:        44976 || Speed:  187.8 MC/s (1.908e-02 s/TS) || Energy: ~5.79e-07 (- 0.00dB)
[@    14m29s] Timestep:        45168 || Speed:  168.2 MC/s (2.130e-02 s/TS) || Energy: ~9.00e-07 (- 0.00dB)
[@    14m33s] Timestep:        45348 || Speed:  157.4 MC/s (2.276e-02 s/TS) || Energy: ~9.72e-07 (- 0.00dB)
[@    14m37s] Timestep:        45558 || Speed:  184.3 MC/s (1.944e-02 s/TS) || Energy: ~1.23e-06 (- 0.00dB)
[@    14m41s] Timestep:        45768 || Speed:  184.0 MC/s (1.947e-02 s/TS) || Energy: ~1.65e-06 (- 0.00dB)
[@    14m45s] Timestep:        45978 || Speed:  184.2 MC/s (1.945e-02 s/TS) || Energy: ~2.34e-06 (- 0.00dB)
[@    14m49s] Timestep:        46188 || Speed:  184.4 MC/s (1.943e-02 s/TS) || Energy: ~3.42e-06 (- 0.00dB)
[@    14m54s] Timestep:        46392 || Speed:  182.1 MC/s (1.967e-02 s/TS) || Energy: ~5.13e-06 (- 0.00dB)
[@    14m58s] Timestep:        46602 || Speed:  183.8 MC/s (1.949e-02 s/TS) || Energy: ~6.53e-06 (- 0.00dB)
[@    15m02s] Timestep:        46806 || Speed:  181.8 MC/s (1.971e-02 s/TS) || Energy: ~7.07e-06 (- 0.00dB)
[@    15m06s] Timestep:        47016 || Speed:  184.7 MC/s (1.940e-02 s/TS) || Energy: ~9.79e-06 (- 0.00dB)
[@    15m10s] Timestep:        47226 || Speed:  184.6 MC/s (1.941e-02 s/TS) || Energy: ~1.42e-05 (- 0.00dB)
[@    15m14s] Timestep:        47436 || Speed:  183.5 MC/s (1.952e-02 s/TS) || Energy: ~2.08e-05 (- 0.00dB)
[@    15m18s] Timestep:        47646 || Speed:  184.1 MC/s (1.946e-02 s/TS) || Energy: ~2.97e-05 (- 0.00dB)
[@    15m22s] Timestep:        47856 || Speed:  184.3 MC/s (1.944e-02 s/TS) || Energy: ~4.08e-05 (- 0.00dB)
[@    15m26s] Timestep:        48066 || Speed:  183.6 MC/s (1.952e-02 s/TS) || Energy: ~5.35e-05 (- 0.00dB)
[@    15m30s] Timestep:        48270 || Speed:  178.6 MC/s (2.006e-02 s/TS) || Energy: ~5.64e-05 (- 0.00dB)
[@    15m34s] Timestep:        48474 || Speed:  179.7 MC/s (1.994e-02 s/TS) || Energy: ~8.63e-05 (- 0.00dB)
[@    15m38s] Timestep:        48684 || Speed:  183.5 MC/s (1.953e-02 s/TS) || Energy: ~1.25e-04 (- 0.00dB)
[@    15m42s] Timestep:        48888 || Speed:  181.6 MC/s (1.973e-02 s/TS) || Energy: ~1.62e-04 (- 0.00dB)
[@    15m46s] Timestep:        49098 || Speed:  184.7 MC/s (1.940e-02 s/TS) || Energy: ~2.00e-04 (- 0.00dB)
[@    15m51s] Timestep:        49308 || Speed:  183.6 MC/s (1.952e-02 s/TS) || Energy: ~2.49e-04 (- 0.00dB)
[@    15m55s] Timestep:        49518 || Speed:  182.4 MC/s (1.965e-02 s/TS) || Energy: ~3.23e-04 (- 0.00dB)
[@    15m59s] Timestep:        49728 || Speed:  184.0 MC/s (1.947e-02 s/TS) || Energy: ~4.43e-04 (- 0.00dB)
[@    16m03s] Timestep:        49938 || Speed:  184.8 MC/s (1.939e-02 s/TS) || Energy: ~6.40e-04 (- 0.00dB)
[@    16m07s] Timestep:        50142 || Speed:  179.7 MC/s (1.994e-02 s/TS) || Energy: ~1.02e-03 (- 0.00dB)
[@    16m11s] Timestep:        50352 || Speed:  184.5 MC/s (1.942e-02 s/TS) || Energy: ~1.33e-03 (- 0.00dB)
[@    16m15s] Timestep:        50556 || Speed:  181.8 MC/s (1.971e-02 s/TS) || Energy: ~1.41e-03 (- 0.00dB)
[@    16m19s] Timestep:        50760 || Speed:  182.1 MC/s (1.968e-02 s/TS) || Energy: ~2.18e-03 (- 0.00dB)
[@    16m23s] Timestep:        50964 || Speed:  182.5 MC/s (1.963e-02 s/TS) || Energy: ~3.18e-03 (- 0.00dB)
[@    16m27s] Timestep:        51168 || Speed:  181.1 MC/s (1.979e-02 s/TS) || Energy: ~3.36e-03 (- 0.00dB)
[@    16m31s] Timestep:        51378 || Speed:  184.3 MC/s (1.944e-02 s/TS) || Energy: ~4.43e-03 (- 0.00dB)
[@    16m35s] Timestep:        51588 || Speed:  183.6 MC/s (1.952e-02 s/TS) || Energy: ~6.22e-03 (- 0.00dB)
[@    16m39s] Timestep:        51786 || Speed:  177.3 MC/s (2.021e-02 s/TS) || Energy: ~9.67e-03 (- 0.00dB)
[@    16m43s] Timestep:        51990 || Speed:  177.7 MC/s (2.017e-02 s/TS) || Energy: ~1.05e-02 (- 0.00dB)
[@    16m47s] Timestep:        52200 || Speed:  184.3 MC/s (1.944e-02 s/TS) || Energy: ~1.45e-02 (- 0.00dB)
[@    16m52s] Timestep:        52410 || Speed:  185.2 MC/s (1.935e-02 s/TS) || Energy: ~2.11e-02 (- 0.00dB)
[@    16m56s] Timestep:        52620 || Speed:  183.9 MC/s (1.949e-02 s/TS) || Energy: ~3.08e-02 (- 0.00dB)
[@    17m00s] Timestep:        52824 || Speed:  177.2 MC/s (2.022e-02 s/TS) || Energy: ~4.29e-02 (- 0.00dB)
[@    17m04s] Timestep:        53004 || Speed:  156.7 MC/s (2.287e-02 s/TS) || Energy: ~4.62e-02 (- 0.00dB)
[@    17m08s] Timestep:        53208 || Speed:  180.5 MC/s (1.985e-02 s/TS) || Energy: ~6.39e-02 (- 0.00dB)
[@    17m12s] Timestep:        53418 || Speed:  186.2 MC/s (1.924e-02 s/TS) || Energy: ~9.36e-02 (- 0.00dB)
[@    17m16s] Timestep:        53628 || Speed:  186.5 MC/s (1.922e-02 s/TS) || Energy: ~1.35e-01 (- 0.00dB)
[@    17m20s] Timestep:        53838 || Speed:  187.0 MC/s (1.916e-02 s/TS) || Energy: ~1.86e-01 (- 0.00dB)
[@    17m24s] Timestep:        54048 || Speed:  183.3 MC/s (1.955e-02 s/TS) || Energy: ~2.46e-01 (- 0.00dB)
[@    17m28s] Timestep:        54258 || Speed:  187.5 MC/s (1.911e-02 s/TS) || Energy: ~3.11e-01 (- 0.00dB)
[@    17m32s] Timestep:        54468 || Speed:  187.6 MC/s (1.910e-02 s/TS) || Energy: ~3.84e-01 (- 0.00dB)
[@    17m36s] Timestep:        54678 || Speed:  182.8 MC/s (1.960e-02 s/TS) || Energy: ~4.78e-01 (- 0.00dB)
[@    17m40s] Timestep:        54882 || Speed:  182.0 MC/s (1.968e-02 s/TS) || Energy: ~6.94e-01 (- 0.00dB)
[@    17m44s] Timestep:        55092 || Speed:  188.0 MC/s (1.906e-02 s/TS) || Energy: ~1.01e+00 (- 0.00dB)
[@    17m48s] Timestep:        55308 || Speed:  188.0 MC/s (1.906e-02 s/TS) || Energy: ~1.24e+00 (- 0.00dB)
[@    17m52s] Timestep:        55518 || Speed:  186.2 MC/s (1.924e-02 s/TS) || Energy: ~1.81e+00 (- 0.00dB)
[@    17m56s] Timestep:        55728 || Speed:  187.7 MC/s (1.908e-02 s/TS) || Energy: ~2.60e+00 (- 0.00dB)
[@    18m00s] Timestep:        55938 || Speed:  188.1 MC/s (1.905e-02 s/TS) || Energy: ~3.59e+00 (- 0.00dB)
[@    18m04s] Timestep:        56148 || Speed:  186.9 MC/s (1.917e-02 s/TS) || Energy: ~4.71e+00 (- 0.00dB)
[@    18m09s] Timestep:        56358 || Speed:  187.4 MC/s (1.912e-02 s/TS) || Energy: ~5.95e+00 (- 0.00dB)
[@    18m13s] Timestep:        56568 || Speed:  187.9 MC/s (1.907e-02 s/TS) || Energy: ~7.34e+00 (- 0.00dB)
[@    18m17s] Timestep:        56778 || Speed:  186.7 MC/s (1.919e-02 s/TS) || Energy: ~9.16e+00 (- 0.00dB)
[@    18m21s] Timestep:        56988 || Speed:  186.5 MC/s (1.922e-02 s/TS) || Energy: ~1.20e+01 (- 0.00dB)
[@    18m25s] Timestep:        57198 || Speed:  187.3 MC/s (1.913e-02 s/TS) || Energy: ~1.66e+01 (- 0.00dB)
[@    18m29s] Timestep:        57408 || Speed:  186.6 MC/s (1.920e-02 s/TS) || Energy: ~2.40e+01 (- 0.00dB)
[@    18m33s] Timestep:        57624 || Speed:  188.2 MC/s (1.904e-02 s/TS) || Energy: ~2.98e+01 (- 0.00dB)
[@    18m37s] Timestep:        57834 || Speed:  187.3 MC/s (1.913e-02 s/TS) || Energy: ~4.29e+01 (- 0.00dB)
[@    18m41s] Timestep:        58044 || Speed:  184.1 MC/s (1.946e-02 s/TS) || Energy: ~6.28e+01 (- 0.00dB)
[@    18m45s] Timestep:        58254 || Speed:  184.7 MC/s (1.940e-02 s/TS) || Energy: ~9.06e+01 (- 0.00dB)
[@    18m49s] Timestep:        58464 || Speed:  187.2 MC/s (1.914e-02 s/TS) || Energy: ~1.26e+02 (- 0.00dB)
[@    18m53s] Timestep:        58680 || Speed:  188.2 MC/s (1.904e-02 s/TS) || Energy: ~1.63e+02 (- 0.00dB)
[@    18m57s] Timestep:        58890 || Speed:  188.0 MC/s (1.906e-02 s/TS) || Energy: ~2.28e+02 (- 0.00dB)
[@    19m01s] Timestep:        59100 || Speed:  187.7 MC/s (1.909e-02 s/TS) || Energy: ~3.06e+02 (- 0.00dB)
[@    19m05s] Timestep:        59310 || Speed:  187.5 MC/s (1.911e-02 s/TS) || Energy: ~3.91e+02 (- 0.00dB)
[@    19m09s] Timestep:        59526 || Speed:  188.4 MC/s (1.902e-02 s/TS) || Energy: ~5.60e+02 (- 0.00dB)
[@    19m13s] Timestep:        59742 || Speed:  188.2 MC/s (1.904e-02 s/TS) || Energy: ~7.47e+02 (- 0.00dB)
[@    19m17s] Timestep:        59958 || Speed:  188.2 MC/s (1.904e-02 s/TS) || Energy: ~9.34e+02 (- 0.00dB)
RunFDTD: Warning: Max. number of timesteps was reached before the end-criteria of -50dB was reached... 
	You may want to choose a higher number of max. timesteps... 
Time for 60000 iterations with 3583125.00 cells : 1158.71 sec
Speed: 185.54 MCells/s 
    [excite port 32/44]
 ---------------------------------------------------------------------- 
 | openEMS 64bit -- version v0.37.0-rc1-2-g7b051bb
 | (C) 2010-2026 Thorsten Liebig <thorsten.liebig@gmx.de>  GPL license
 ---------------------------------------------------------------------- 
	Used external libraries:
		CSXCAD -- Version: v0.7.0-rc1-1-g5115701
		hdf5   -- Version: 1.10.10
		          compiled against: HDF5 library version: 1.10.10
		tinyxml -- compiled against: 2.6.2
		fparser
		boost  -- compiled against: 1_83
		vtk -- Version: 9.1.0
		       compiled against: 9.1.0

Create FDTD operator (compressed SSE + multi-threading)
FDTD simulation size: 175x195x105 --> 3583125.00 FDTD cells 
FDTD timestep is: 0.00 s; Nyquist rate: 24 timesteps @102110454074.00 Hz
Excitation signal length is: 282 timesteps (0.00s)
Max. number of timesteps: 60000 ( --> 212.77 * Excitation signal length)
Create FDTD engine (compressed SSE + multi-threading)
Running FDTD engine... this may take a while... grab a cup of coffee?!?
[@        4s] Timestep:          102 || Speed:   86.5 MC/s (4.143e-02 s/TS) || Energy: ~6.02e-19 (- 0.00dB)
[@        8s] Timestep:          264 || Speed:  142.1 MC/s (2.521e-02 s/TS) || Energy: ~7.01e-18 (- 0.00dB)
[@       12s] Timestep:          450 || Speed:  163.0 MC/s (2.198e-02 s/TS) || Energy: ~3.60e-18 (- 2.90dB)
[@       16s] Timestep:          648 || Speed:  175.4 MC/s (2.043e-02 s/TS) || Energy: ~2.03e-18 (- 5.39dB)
[@       20s] Timestep:          852 || Speed:  182.2 MC/s (1.967e-02 s/TS) || Energy: ~1.54e-18 (- 6.58dB)
[@       24s] Timestep:         1062 || Speed:  185.0 MC/s (1.937e-02 s/TS) || Energy: ~1.12e-18 (- 7.98dB)
[@       28s] Timestep:         1272 || Speed:  186.4 MC/s (1.922e-02 s/TS) || Energy: ~8.95e-19 (- 8.94dB)
[@       32s] Timestep:         1476 || Speed:  180.0 MC/s (1.991e-02 s/TS) || Energy: ~7.97e-19 (- 9.44dB)
Multithreaded Engine: Best performance found using 7 threads.
[@       36s] Timestep:         1686 || Speed:  183.4 MC/s (1.954e-02 s/TS) || Energy: ~7.11e-19 (- 9.94dB)
[@       40s] Timestep:         1896 || Speed:  186.8 MC/s (1.918e-02 s/TS) || Energy: ~5.74e-19 (-10.86dB)
[@       44s] Timestep:         2106 || Speed:  187.0 MC/s (1.917e-02 s/TS) || Energy: ~3.70e-19 (-12.78dB)
[@       48s] Timestep:         2316 || Speed:  186.7 MC/s (1.919e-02 s/TS) || Energy: ~3.34e-19 (-13.21dB)
[@       52s] Timestep:         2526 || Speed:  184.5 MC/s (1.942e-02 s/TS) || Energy: ~3.57e-19 (-12.92dB)
[@       56s] Timestep:         2736 || Speed:  185.8 MC/s (1.928e-02 s/TS) || Energy: ~2.89e-19 (-13.85dB)
[@     1m00s] Timestep:         2946 || Speed:  185.9 MC/s (1.927e-02 s/TS) || Energy: ~1.86e-19 (-15.75dB)
[@     1m05s] Timestep:         3156 || Speed:  186.7 MC/s (1.919e-02 s/TS) || Energy: ~1.61e-19 (-16.39dB)
[@     1m09s] Timestep:         3366 || Speed:  185.8 MC/s (1.928e-02 s/TS) || Energy: ~1.81e-19 (-15.89dB)
[@     1m13s] Timestep:         3576 || Speed:  186.1 MC/s (1.925e-02 s/TS) || Energy: ~1.52e-19 (-16.65dB)
[@     1m17s] Timestep:         3786 || Speed:  186.0 MC/s (1.927e-02 s/TS) || Energy: ~9.47e-20 (-18.70dB)
[@     1m21s] Timestep:         3990 || Speed:  180.0 MC/s (1.991e-02 s/TS) || Energy: ~1.01e-19 (-18.39dB)
[@     1m25s] Timestep:         4200 || Speed:  184.2 MC/s (1.945e-02 s/TS) || Energy: ~1.04e-19 (-18.31dB)
[@     1m29s] Timestep:         4410 || Speed:  187.6 MC/s (1.910e-02 s/TS) || Energy: ~7.47e-20 (-19.72dB)
[@     1m33s] Timestep:         4620 || Speed:  187.7 MC/s (1.909e-02 s/TS) || Energy: ~5.23e-20 (-21.28dB)
[@     1m37s] Timestep:         4830 || Speed:  183.7 MC/s (1.950e-02 s/TS) || Energy: ~5.57e-20 (-21.00dB)
[@     1m41s] Timestep:         5040 || Speed:  186.5 MC/s (1.922e-02 s/TS) || Energy: ~6.22e-20 (-20.52dB)
[@     1m45s] Timestep:         5250 || Speed:  184.7 MC/s (1.940e-02 s/TS) || Energy: ~4.97e-20 (-21.49dB)
[@     1m49s] Timestep:         5460 || Speed:  184.6 MC/s (1.941e-02 s/TS) || Energy: ~3.14e-20 (-23.49dB)
[@     1m53s] Timestep:         5670 || Speed:  185.9 MC/s (1.928e-02 s/TS) || Energy: ~3.10e-20 (-23.54dB)
[@     1m57s] Timestep:         5880 || Speed:  183.1 MC/s (1.957e-02 s/TS) || Energy: ~4.00e-20 (-22.44dB)
[@     2m01s] Timestep:         6090 || Speed:  185.4 MC/s (1.932e-02 s/TS) || Energy: ~3.48e-20 (-23.04dB)
[@     2m05s] Timestep:         6300 || Speed:  185.7 MC/s (1.930e-02 s/TS) || Energy: ~2.01e-20 (-25.42dB)
[@     2m09s] Timestep:         6510 || Speed:  187.1 MC/s (1.915e-02 s/TS) || Energy: ~1.70e-20 (-26.15dB)
[@     2m13s] Timestep:         6720 || Speed:  186.7 MC/s (1.920e-02 s/TS) || Energy: ~2.49e-20 (-24.50dB)
[@     2m17s] Timestep:         6930 || Speed:  186.9 MC/s (1.917e-02 s/TS) || Energy: ~2.48e-20 (-24.51dB)
[@     2m21s] Timestep:         7140 || Speed:  186.1 MC/s (1.925e-02 s/TS) || Energy: ~1.42e-20 (-26.93dB)
[@     2m26s] Timestep:         7350 || Speed:  186.9 MC/s (1.917e-02 s/TS) || Energy: ~9.39e-21 (-28.73dB)
[@     2m30s] Timestep:         7560 || Speed:  186.5 MC/s (1.921e-02 s/TS) || Energy: ~1.49e-20 (-26.73dB)
[@     2m34s] Timestep:         7770 || Speed:  186.5 MC/s (1.922e-02 s/TS) || Energy: ~1.74e-20 (-26.06dB)
[@     2m38s] Timestep:         7980 || Speed:  188.0 MC/s (1.906e-02 s/TS) || Energy: ~1.09e-20 (-28.10dB)
[@     2m42s] Timestep:         8190 || Speed:  186.9 MC/s (1.917e-02 s/TS) || Energy: ~5.55e-21 (-31.01dB)
[@     2m46s] Timestep:         8400 || Speed:  186.7 MC/s (1.919e-02 s/TS) || Energy: ~8.28e-21 (-29.28dB)
[@     2m50s] Timestep:         8610 || Speed:  185.9 MC/s (1.928e-02 s/TS) || Energy: ~1.16e-20 (-27.81dB)
[@     2m54s] Timestep:         8820 || Speed:  186.7 MC/s (1.920e-02 s/TS) || Energy: ~8.53e-21 (-29.15dB)
[@     2m58s] Timestep:         9030 || Speed:  186.1 MC/s (1.926e-02 s/TS) || Energy: ~3.90e-21 (-32.55dB)
[@     3m02s] Timestep:         9240 || Speed:  187.1 MC/s (1.915e-02 s/TS) || Energy: ~4.39e-21 (-32.03dB)
[@     3m06s] Timestep:         9450 || Speed:  186.4 MC/s (1.923e-02 s/TS) || Energy: ~7.24e-21 (-29.86dB)
[@     3m10s] Timestep:         9660 || Speed:  186.9 MC/s (1.917e-02 s/TS) || Energy: ~6.48e-21 (-30.34dB)
[@     3m14s] Timestep:         9870 || Speed:  186.2 MC/s (1.924e-02 s/TS) || Energy: ~3.20e-21 (-33.41dB)
[@     3m18s] Timestep:        10080 || Speed:  186.9 MC/s (1.917e-02 s/TS) || Energy: ~2.37e-21 (-34.71dB)
[@     3m22s] Timestep:        10290 || Speed:  187.1 MC/s (1.915e-02 s/TS) || Energy: ~4.15e-21 (-32.28dB)
[@     3m26s] Timestep:        10500 || Speed:  185.9 MC/s (1.927e-02 s/TS) || Energy: ~4.60e-21 (-31.83dB)
[@     3m30s] Timestep:        10710 || Speed:  187.3 MC/s (1.913e-02 s/TS) || Energy: ~2.75e-21 (-34.06dB)
[@     3m34s] Timestep:        10920 || Speed:  186.8 MC/s (1.918e-02 s/TS) || Energy: ~1.50e-21 (-36.69dB)
[@     3m38s] Timestep:        11130 || Speed:  187.1 MC/s (1.915e-02 s/TS) || Energy: ~2.23e-21 (-34.98dB)
[@     3m42s] Timestep:        11340 || Speed:  186.5 MC/s (1.922e-02 s/TS) || Energy: ~2.98e-21 (-33.72dB)
[@     3m46s] Timestep:        11550 || Speed:  188.0 MC/s (1.906e-02 s/TS) || Energy: ~2.24e-21 (-34.95dB)
[@     3m50s] Timestep:        11760 || Speed:  187.1 MC/s (1.915e-02 s/TS) || Energy: ~1.17e-21 (-37.77dB)
[@     3m54s] Timestep:        11970 || Speed:  187.4 MC/s (1.912e-02 s/TS) || Energy: ~1.19e-21 (-37.69dB)
[@     3m58s] Timestep:        12180 || Speed:  187.1 MC/s (1.915e-02 s/TS) || Energy: ~1.76e-21 (-36.00dB)
[@     4m02s] Timestep:        12390 || Speed:  185.8 MC/s (1.928e-02 s/TS) || Energy: ~1.65e-21 (-36.27dB)
[@     4m06s] Timestep:        12600 || Speed:  186.7 MC/s (1.919e-02 s/TS) || Energy: ~9.91e-22 (-38.49dB)
[@     4m10s] Timestep:        12810 || Speed:  186.9 MC/s (1.917e-02 s/TS) || Energy: ~7.16e-22 (-39.91dB)
[@     4m14s] Timestep:        13020 || Speed:  186.7 MC/s (1.919e-02 s/TS) || Energy: ~9.76e-22 (-38.56dB)
[@     4m18s] Timestep:        13230 || Speed:  187.5 MC/s (1.911e-02 s/TS) || Energy: ~1.10e-21 (-38.05dB)
[@     4m22s] Timestep:        13440 || Speed:  188.0 MC/s (1.906e-02 s/TS) || Energy: ~8.01e-22 (-39.42dB)
[@     4m26s] Timestep:        13650 || Speed:  188.1 MC/s (1.905e-02 s/TS) || Energy: ~5.10e-22 (-41.38dB)
[@     4m30s] Timestep:        13860 || Speed:  187.6 MC/s (1.910e-02 s/TS) || Energy: ~5.42e-22 (-41.11dB)
[@     4m34s] Timestep:        14070 || Speed:  187.0 MC/s (1.916e-02 s/TS) || Energy: ~6.65e-22 (-40.23dB)
[@     4m38s] Timestep:        14280 || Speed:  187.5 MC/s (1.911e-02 s/TS) || Energy: ~5.86e-22 (-40.78dB)
[@     4m42s] Timestep:        14490 || Speed:  186.8 MC/s (1.918e-02 s/TS) || Energy: ~3.95e-22 (-42.49dB)
[@     4m46s] Timestep:        14700 || Speed:  187.5 MC/s (1.911e-02 s/TS) || Energy: ~3.29e-22 (-43.28dB)
[@     4m50s] Timestep:        14910 || Speed:  187.7 MC/s (1.909e-02 s/TS) || Energy: ~3.82e-22 (-42.63dB)
[@     4m54s] Timestep:        15120 || Speed:  187.8 MC/s (1.908e-02 s/TS) || Energy: ~3.85e-22 (-42.60dB)
[@     4m58s] Timestep:        15330 || Speed:  186.4 MC/s (1.922e-02 s/TS) || Energy: ~2.98e-22 (-43.72dB)
[@     5m02s] Timestep:        15540 || Speed:  187.4 MC/s (1.912e-02 s/TS) || Energy: ~2.25e-22 (-44.93dB)
[@     5m06s] Timestep:        15750 || Speed:  186.9 MC/s (1.917e-02 s/TS) || Energy: ~2.23e-22 (-44.98dB)
[@     5m11s] Timestep:        15960 || Speed:  186.9 MC/s (1.917e-02 s/TS) || Energy: ~2.34e-22 (-44.77dB)
[@     5m15s] Timestep:        16170 || Speed:  186.3 MC/s (1.924e-02 s/TS) || Energy: ~2.06e-22 (-45.31dB)
[@     5m19s] Timestep:        16380 || Speed:  188.0 MC/s (1.906e-02 s/TS) || Energy: ~1.63e-22 (-46.34dB)
[@     5m23s] Timestep:        16590 || Speed:  187.1 MC/s (1.915e-02 s/TS) || Energy: ~1.41e-22 (-46.96dB)
[@     5m27s] Timestep:        16800 || Speed:  187.0 MC/s (1.916e-02 s/TS) || Energy: ~1.38e-22 (-47.07dB)
[@     5m31s] Timestep:        17010 || Speed:  183.9 MC/s (1.948e-02 s/TS) || Energy: ~1.31e-22 (-47.29dB)
[@     5m35s] Timestep:        17220 || Speed:  186.0 MC/s (1.926e-02 s/TS) || Energy: ~1.15e-22 (-47.85dB)
[@     5m39s] Timestep:        17430 || Speed:  185.7 MC/s (1.930e-02 s/TS) || Energy: ~9.82e-23 (-48.54dB)
[@     5m43s] Timestep:        17640 || Speed:  186.8 MC/s (1.918e-02 s/TS) || Energy: ~8.63e-23 (-49.09dB)
[@     5m47s] Timestep:        17850 || Speed:  186.6 MC/s (1.920e-02 s/TS) || Energy: ~8.05e-23 (-49.40dB)
[@     5m51s] Timestep:        18060 || Speed:  186.7 MC/s (1.919e-02 s/TS) || Energy: ~7.84e-23 (-49.51dB)
[@     5m55s] Timestep:        18270 || Speed:  184.4 MC/s (1.943e-02 s/TS) || Energy: ~7.39e-23 (-49.77dB)
[@     5m59s] Timestep:        18480 || Speed:  186.4 MC/s (1.922e-02 s/TS) || Energy: ~6.43e-23 (-50.37dB)
Time for 18480 iterations with 3583125.00 cells : 359.50 sec
Speed: 184.19 MCells/s 
    [excite port 33/44]
 ---------------------------------------------------------------------- 
 | openEMS 64bit -- version v0.37.0-rc1-2-g7b051bb
 | (C) 2010-2026 Thorsten Liebig <thorsten.liebig@gmx.de>  GPL license
 ---------------------------------------------------------------------- 
	Used external libraries:
		CSXCAD -- Version: v0.7.0-rc1-1-g5115701
		hdf5   -- Version: 1.10.10
		          compiled against: HDF5 library version: 1.10.10
		tinyxml -- compiled against: 2.6.2
		fparser
		boost  -- compiled against: 1_83
		vtk -- Version: 9.1.0
		       compiled against: 9.1.0

Create FDTD operator (compressed SSE + multi-threading)
FDTD simulation size: 175x195x105 --> 3583125.00 FDTD cells 
FDTD timestep is: 0.00 s; Nyquist rate: 24 timesteps @102110454074.00 Hz
Excitation signal length is: 282 timesteps (0.00s)
Max. number of timesteps: 60000 ( --> 212.77 * Excitation signal length)
Create FDTD engine (compressed SSE + multi-threading)
Running FDTD engine... this may take a while... grab a cup of coffee?!?
[@        4s] Timestep:           96 || Speed:   85.7 MC/s (4.182e-02 s/TS) || Energy: ~3.50e-19 (- 0.00dB)
[@        8s] Timestep:          246 || Speed:  129.8 MC/s (2.761e-02 s/TS) || Energy: ~5.87e-18 (- 0.00dB)
[@       12s] Timestep:          426 || Speed:  156.4 MC/s (2.290e-02 s/TS) || Energy: ~2.21e-18 (- 4.24dB)
[@       16s] Timestep:          618 || Speed:  167.4 MC/s (2.140e-02 s/TS) || Energy: ~1.34e-18 (- 6.43dB)
[@       20s] Timestep:          822 || Speed:  178.0 MC/s (2.013e-02 s/TS) || Energy: ~1.10e-18 (- 7.26dB)
[@       24s] Timestep:         1032 || Speed:  182.8 MC/s (1.960e-02 s/TS) || Energy: ~9.83e-19 (- 7.76dB)
[@       28s] Timestep:         1236 || Speed:  177.5 MC/s (2.019e-02 s/TS) || Energy: ~8.47e-19 (- 8.41dB)
Multithreaded Engine: Best performance found using 6 threads.
[@       32s] Timestep:         1440 || Speed:  182.1 MC/s (1.968e-02 s/TS) || Energy: ~5.85e-19 (-10.01dB)
[@       36s] Timestep:         1650 || Speed:  187.4 MC/s (1.912e-02 s/TS) || Energy: ~6.45e-19 (- 9.59dB)
[@       40s] Timestep:         1860 || Speed:  187.5 MC/s (1.911e-02 s/TS) || Energy: ~5.37e-19 (-10.39dB)
[@       44s] Timestep:         2070 || Speed:  186.2 MC/s (1.924e-02 s/TS) || Energy: ~2.76e-19 (-13.28dB)
[@       48s] Timestep:         2280 || Speed:  188.0 MC/s (1.906e-02 s/TS) || Energy: ~2.09e-19 (-14.48dB)
[@       52s] Timestep:         2490 || Speed:  186.6 MC/s (1.920e-02 s/TS) || Energy: ~2.47e-19 (-13.75dB)
[@       56s] Timestep:         2700 || Speed:  186.7 MC/s (1.919e-02 s/TS) || Energy: ~2.16e-19 (-14.33dB)
[@     1m00s] Timestep:         2910 || Speed:  187.5 MC/s (1.911e-02 s/TS) || Energy: ~1.06e-19 (-17.42dB)
[@     1m04s] Timestep:         3120 || Speed:  187.3 MC/s (1.913e-02 s/TS) || Energy: ~6.10e-20 (-19.83dB)
[@     1m08s] Timestep:         3330 || Speed:  186.3 MC/s (1.924e-02 s/TS) || Energy: ~1.03e-19 (-17.54dB)
[@     1m12s] Timestep:         3540 || Speed:  187.2 MC/s (1.914e-02 s/TS) || Energy: ~1.08e-19 (-17.34dB)
[@     1m17s] Timestep:         3756 || Speed:  188.1 MC/s (1.905e-02 s/TS) || Energy: ~7.85e-20 (-18.74dB)
[@     1m21s] Timestep:         3966 || Speed:  187.4 MC/s (1.912e-02 s/TS) || Energy: ~3.63e-20 (-22.08dB)
[@     1m25s] Timestep:         4182 || Speed:  188.5 MC/s (1.900e-02 s/TS) || Energy: ~2.84e-20 (-23.15dB)
[@     1m29s] Timestep:         4392 || Speed:  187.6 MC/s (1.910e-02 s/TS) || Energy: ~3.58e-20 (-22.15dB)
[@     1m33s] Timestep:         4602 || Speed:  187.6 MC/s (1.910e-02 s/TS) || Energy: ~3.95e-20 (-21.72dB)
[@     1m37s] Timestep:         4812 || Speed:  185.5 MC/s (1.931e-02 s/TS) || Energy: ~2.99e-20 (-22.92dB)
[@     1m41s] Timestep:         5022 || Speed:  187.9 MC/s (1.907e-02 s/TS) || Energy: ~2.08e-20 (-24.49dB)
[@     1m45s] Timestep:         5238 || Speed:  188.2 MC/s (1.904e-02 s/TS) || Energy: ~1.82e-20 (-25.07dB)
[@     1m49s] Timestep:         5448 || Speed:  187.2 MC/s (1.914e-02 s/TS) || Energy: ~1.73e-20 (-25.29dB)
[@     1m53s] Timestep:         5664 || Speed:  188.7 MC/s (1.899e-02 s/TS) || Energy: ~1.53e-20 (-25.83dB)
[@     1m57s] Timestep:         5880 || Speed:  188.4 MC/s (1.901e-02 s/TS) || Energy: ~1.32e-20 (-26.49dB)
[@     2m01s] Timestep:         6096 || Speed:  188.8 MC/s (1.897e-02 s/TS) || Energy: ~1.14e-20 (-27.13dB)
[@     2m05s] Timestep:         6306 || Speed:  187.2 MC/s (1.915e-02 s/TS) || Energy: ~1.16e-20 (-27.06dB)
[@     2m09s] Timestep:         6516 || Speed:  186.2 MC/s (1.924e-02 s/TS) || Energy: ~1.07e-20 (-27.39dB)
[@     2m13s] Timestep:         6726 || Speed:  187.1 MC/s (1.915e-02 s/TS) || Energy: ~7.45e-21 (-28.96dB)
[@     2m17s] Timestep:         6936 || Speed:  187.0 MC/s (1.916e-02 s/TS) || Energy: ~5.51e-21 (-30.28dB)
[@     2m21s] Timestep:         7146 || Speed:  188.1 MC/s (1.905e-02 s/TS) || Energy: ~6.79e-21 (-29.36dB)
[@     2m25s] Timestep:         7356 || Speed:  187.9 MC/s (1.907e-02 s/TS) || Energy: ~7.52e-21 (-28.92dB)
[@     2m29s] Timestep:         7572 || Speed:  188.3 MC/s (1.903e-02 s/TS) || Energy: ~6.45e-21 (-29.59dB)
[@     2m34s] Timestep:         7788 || Speed:  188.6 MC/s (1.900e-02 s/TS) || Energy: ~4.99e-21 (-30.71dB)
[@     2m38s] Timestep:         7998 || Speed:  186.9 MC/s (1.917e-02 s/TS) || Energy: ~2.54e-21 (-33.64dB)
[@     2m42s] Timestep:         8214 || Speed:  189.0 MC/s (1.895e-02 s/TS) || Energy: ~2.11e-21 (-34.44dB)
[@     2m46s] Timestep:         8430 || Speed:  188.3 MC/s (1.903e-02 s/TS) || Energy: ~2.26e-21 (-34.15dB)
[@     2m50s] Timestep:         8646 || Speed:  188.2 MC/s (1.904e-02 s/TS) || Energy: ~2.69e-21 (-33.38dB)
[@     2m54s] Timestep:         8856 || Speed:  187.6 MC/s (1.909e-02 s/TS) || Energy: ~3.69e-21 (-32.02dB)
[@     2m58s] Timestep:         9072 || Speed:  187.8 MC/s (1.908e-02 s/TS) || Energy: ~3.25e-21 (-32.57dB)
[@     3m02s] Timestep:         9282 || Speed:  188.0 MC/s (1.906e-02 s/TS) || Energy: ~1.72e-21 (-35.33dB)
[@     3m06s] Timestep:         9492 || Speed:  187.4 MC/s (1.912e-02 s/TS) || Energy: ~9.56e-22 (-37.88dB)
[@     3m10s] Timestep:         9702 || Speed:  187.6 MC/s (1.910e-02 s/TS) || Energy: ~1.74e-21 (-35.27dB)
[@     3m14s] Timestep:         9912 || Speed:  186.7 MC/s (1.919e-02 s/TS) || Energy: ~2.18e-21 (-34.31dB)
[@     3m18s] Timestep:        10122 || Speed:  187.6 MC/s (1.909e-02 s/TS) || Energy: ~1.34e-21 (-36.43dB)
[@     3m22s] Timestep:        10332 || Speed:  187.5 MC/s (1.911e-02 s/TS) || Energy: ~6.24e-22 (-39.73dB)
[@     3m26s] Timestep:        10542 || Speed:  186.6 MC/s (1.920e-02 s/TS) || Energy: ~9.66e-22 (-37.84dB)
[@     3m30s] Timestep:        10752 || Speed:  187.3 MC/s (1.913e-02 s/TS) || Energy: ~1.38e-21 (-36.30dB)
[@     3m34s] Timestep:        10962 || Speed:  187.4 MC/s (1.912e-02 s/TS) || Energy: ~9.94e-22 (-37.71dB)
[@     3m38s] Timestep:        11172 || Speed:  187.8 MC/s (1.908e-02 s/TS) || Energy: ~4.70e-22 (-40.96dB)
[@     3m42s] Timestep:        11382 || Speed:  187.6 MC/s (1.910e-02 s/TS) || Energy: ~5.58e-22 (-40.22dB)
[@     3m46s] Timestep:        11592 || Speed:  187.5 MC/s (1.911e-02 s/TS) || Energy: ~8.44e-22 (-38.42dB)
[@     3m50s] Timestep:        11802 || Speed:  188.0 MC/s (1.906e-02 s/TS) || Energy: ~6.98e-22 (-39.25dB)
[@     3m54s] Timestep:        12012 || Speed:  185.3 MC/s (1.934e-02 s/TS) || Energy: ~3.63e-22 (-42.09dB)
[@     3m58s] Timestep:        12222 || Speed:  186.8 MC/s (1.919e-02 s/TS) || Energy: ~3.45e-22 (-42.31dB)
[@     4m02s] Timestep:        12432 || Speed:  187.2 MC/s (1.914e-02 s/TS) || Energy: ~5.14e-22 (-40.58dB)
[@     4m06s] Timestep:        12642 || Speed:  186.8 MC/s (1.918e-02 s/TS) || Energy: ~4.71e-22 (-40.95dB)
[@     4m10s] Timestep:        12852 || Speed:  187.5 MC/s (1.911e-02 s/TS) || Energy: ~2.72e-22 (-43.34dB)
[@     4m14s] Timestep:        13062 || Speed:  186.9 MC/s (1.917e-02 s/TS) || Energy: ~2.23e-22 (-44.19dB)
[@     4m18s] Timestep:        13278 || Speed:  188.4 MC/s (1.902e-02 s/TS) || Energy: ~2.45e-22 (-43.79dB)
[@     4m23s] Timestep:        13488 || Speed:  187.0 MC/s (1.917e-02 s/TS) || Energy: ~3.13e-22 (-42.73dB)
[@     4m27s] Timestep:        13698 || Speed:  187.7 MC/s (1.909e-02 s/TS) || Energy: ~2.51e-22 (-43.69dB)
[@     4m31s] Timestep:        13908 || Speed:  187.4 MC/s (1.912e-02 s/TS) || Energy: ~1.52e-22 (-45.86dB)
[@     4m35s] Timestep:        14118 || Speed:  185.9 MC/s (1.927e-02 s/TS) || Energy: ~1.51e-22 (-45.89dB)
[@     4m39s] Timestep:        14328 || Speed:  187.7 MC/s (1.909e-02 s/TS) || Energy: ~1.95e-22 (-44.79dB)
[@     4m43s] Timestep:        14538 || Speed:  187.2 MC/s (1.914e-02 s/TS) || Energy: ~1.73e-22 (-45.29dB)
[@     4m47s] Timestep:        14748 || Speed:  187.4 MC/s (1.912e-02 s/TS) || Energy: ~1.11e-22 (-47.22dB)
[@     4m51s] Timestep:        14958 || Speed:  186.9 MC/s (1.917e-02 s/TS) || Energy: ~9.36e-23 (-47.97dB)
[@     4m55s] Timestep:        15168 || Speed:  187.3 MC/s (1.914e-02 s/TS) || Energy: ~1.17e-22 (-47.00dB)
[@     4m59s] Timestep:        15378 || Speed:  185.9 MC/s (1.927e-02 s/TS) || Energy: ~1.18e-22 (-46.98dB)
[@     5m03s] Timestep:        15594 || Speed:  188.5 MC/s (1.901e-02 s/TS) || Energy: ~9.92e-23 (-47.72dB)
[@     5m07s] Timestep:        15810 || Speed:  188.3 MC/s (1.903e-02 s/TS) || Energy: ~8.02e-23 (-48.64dB)
[@     5m11s] Timestep:        16026 || Speed:  189.1 MC/s (1.895e-02 s/TS) || Energy: ~6.38e-23 (-49.64dB)
[@     5m15s] Timestep:        16236 || Speed:  187.8 MC/s (1.908e-02 s/TS) || Energy: ~4.92e-23 (-50.76dB)
Time for 16236 iterations with 3583125.00 cells : 315.54 sec
Speed: 184.37 MCells/s 
    [excite port 34/44]
 ---------------------------------------------------------------------- 
 | openEMS 64bit -- version v0.37.0-rc1-2-g7b051bb
 | (C) 2010-2026 Thorsten Liebig <thorsten.liebig@gmx.de>  GPL license
 ---------------------------------------------------------------------- 
	Used external libraries:
		CSXCAD -- Version: v0.7.0-rc1-1-g5115701
		hdf5   -- Version: 1.10.10
		          compiled against: HDF5 library version: 1.10.10
		tinyxml -- compiled against: 2.6.2
		fparser
		boost  -- compiled against: 1_83
		vtk -- Version: 9.1.0
		       compiled against: 9.1.0

Create FDTD operator (compressed SSE + multi-threading)
FDTD simulation size: 175x195x105 --> 3583125.00 FDTD cells 
FDTD timestep is: 0.00 s; Nyquist rate: 24 timesteps @102110454074.00 Hz
Excitation signal length is: 282 timesteps (0.00s)
Max. number of timesteps: 60000 ( --> 212.77 * Excitation signal length)
Create FDTD engine (compressed SSE + multi-threading)
Running FDTD engine... this may take a while... grab a cup of coffee?!?
[@        4s] Timestep:          102 || Speed:   87.6 MC/s (4.092e-02 s/TS) || Energy: ~6.13e-19 (- 0.00dB)
[@        8s] Timestep:          252 || Speed:  132.7 MC/s (2.700e-02 s/TS) || Energy: ~6.47e-18 (- 0.00dB)
[@       12s] Timestep:          426 || Speed:  155.0 MC/s (2.311e-02 s/TS) || Energy: ~3.02e-18 (- 3.30dB)
[@       16s] Timestep:          618 || Speed:  167.0 MC/s (2.145e-02 s/TS) || Energy: ~1.63e-18 (- 5.98dB)
[@       20s] Timestep:          822 || Speed:  180.4 MC/s (1.986e-02 s/TS) || Energy: ~1.24e-18 (- 7.18dB)
[@       24s] Timestep:         1026 || Speed:  178.2 MC/s (2.011e-02 s/TS) || Energy: ~1.04e-18 (- 7.95dB)
Multithreaded Engine: Best performance found using 5 threads.
[@       28s] Timestep:         1230 || Speed:  178.7 MC/s (2.005e-02 s/TS) || Energy: ~7.67e-19 (- 9.26dB)
[@       32s] Timestep:         1434 || Speed:  181.1 MC/s (1.978e-02 s/TS) || Energy: ~9.40e-19 (- 8.38dB)
[@       36s] Timestep:         1638 || Speed:  182.6 MC/s (1.962e-02 s/TS) || Energy: ~5.33e-19 (-10.84dB)
[@       40s] Timestep:         1848 || Speed:  183.2 MC/s (1.956e-02 s/TS) || Energy: ~6.32e-19 (-10.10dB)
[@       44s] Timestep:         2052 || Speed:  182.5 MC/s (1.964e-02 s/TS) || Energy: ~4.22e-19 (-11.85dB)
[@       48s] Timestep:         2256 || Speed:  182.3 MC/s (1.966e-02 s/TS) || Energy: ~3.63e-19 (-12.51dB)
[@       52s] Timestep:         2466 || Speed:  183.2 MC/s (1.956e-02 s/TS) || Energy: ~3.88e-19 (-12.21dB)
[@       56s] Timestep:         2676 || Speed:  183.5 MC/s (1.953e-02 s/TS) || Energy: ~2.68e-19 (-13.83dB)
[@     1m01s] Timestep:         2886 || Speed:  183.4 MC/s (1.954e-02 s/TS) || Energy: ~1.66e-19 (-15.92dB)
[@     1m05s] Timestep:         3090 || Speed:  181.9 MC/s (1.970e-02 s/TS) || Energy: ~1.97e-19 (-15.17dB)
[@     1m09s] Timestep:         3300 || Speed:  184.0 MC/s (1.947e-02 s/TS) || Energy: ~1.75e-19 (-15.67dB)
[@     1m13s] Timestep:         3510 || Speed:  182.9 MC/s (1.959e-02 s/TS) || Energy: ~1.10e-19 (-17.68dB)
[@     1m17s] Timestep:         3714 || Speed:  180.4 MC/s (1.986e-02 s/TS) || Energy: ~8.79e-20 (-18.67dB)
[@     1m21s] Timestep:         3918 || Speed:  182.4 MC/s (1.964e-02 s/TS) || Energy: ~1.03e-19 (-17.98dB)
[@     1m25s] Timestep:         4122 || Speed:  180.4 MC/s (1.986e-02 s/TS) || Energy: ~5.46e-20 (-20.73dB)
[@     1m29s] Timestep:         4332 || Speed:  183.1 MC/s (1.956e-02 s/TS) || Energy: ~4.81e-20 (-21.29dB)
[@     1m33s] Timestep:         4536 || Speed:  181.3 MC/s (1.976e-02 s/TS) || Energy: ~6.13e-20 (-20.23dB)
[@     1m37s] Timestep:         4740 || Speed:  180.7 MC/s (1.983e-02 s/TS) || Energy: ~3.41e-20 (-22.78dB)
[@     1m41s] Timestep:         4944 || Speed:  181.1 MC/s (1.979e-02 s/TS) || Energy: ~3.44e-20 (-22.74dB)
[@     1m45s] Timestep:         5148 || Speed:  182.1 MC/s (1.968e-02 s/TS) || Energy: ~3.50e-20 (-22.67dB)
[@     1m49s] Timestep:         5352 || Speed:  181.7 MC/s (1.972e-02 s/TS) || Energy: ~1.95e-20 (-25.22dB)
[@     1m53s] Timestep:         5556 || Speed:  180.4 MC/s (1.986e-02 s/TS) || Energy: ~2.39e-20 (-24.33dB)
[@     1m57s] Timestep:         5760 || Speed:  181.8 MC/s (1.971e-02 s/TS) || Energy: ~1.93e-20 (-25.25dB)
[@     2m01s] Timestep:         5970 || Speed:  183.0 MC/s (1.958e-02 s/TS) || Energy: ~1.28e-20 (-27.02dB)
[@     2m05s] Timestep:         6174 || Speed:  181.1 MC/s (1.978e-02 s/TS) || Energy: ~1.42e-20 (-26.59dB)
[@     2m09s] Timestep:         6378 || Speed:  182.4 MC/s (1.965e-02 s/TS) || Energy: ~1.24e-20 (-27.17dB)
[@     2m13s] Timestep:         6582 || Speed:  181.8 MC/s (1.971e-02 s/TS) || Energy: ~8.33e-21 (-28.90dB)
[@     2m17s] Timestep:         6786 || Speed:  180.0 MC/s (1.990e-02 s/TS) || Energy: ~9.55e-21 (-28.30dB)
[@     2m21s] Timestep:         6990 || Speed:  182.2 MC/s (1.967e-02 s/TS) || Energy: ~7.22e-21 (-29.52dB)
[@     2m26s] Timestep:         7194 || Speed:  181.8 MC/s (1.970e-02 s/TS) || Energy: ~5.86e-21 (-30.43dB)
[@     2m30s] Timestep:         7398 || Speed:  181.7 MC/s (1.972e-02 s/TS) || Energy: ~6.25e-21 (-30.15dB)
[@     2m34s] Timestep:         7602 || Speed:  182.6 MC/s (1.962e-02 s/TS) || Energy: ~4.40e-21 (-31.67dB)
[@     2m38s] Timestep:         7806 || Speed:  182.1 MC/s (1.968e-02 s/TS) || Energy: ~4.29e-21 (-31.78dB)
[@     2m42s] Timestep:         8010 || Speed:  182.5 MC/s (1.964e-02 s/TS) || Energy: ~3.96e-21 (-32.13dB)
[@     2m46s] Timestep:         8220 || Speed:  183.5 MC/s (1.953e-02 s/TS) || Energy: ~2.97e-21 (-33.38dB)
[@     2m50s] Timestep:         8430 || Speed:  183.7 MC/s (1.950e-02 s/TS) || Energy: ~2.65e-21 (-33.87dB)
[@     2m54s] Timestep:         8640 || Speed:  183.1 MC/s (1.957e-02 s/TS) || Energy: ~2.74e-21 (-33.73dB)
[@     2m58s] Timestep:         8850 || Speed:  183.1 MC/s (1.957e-02 s/TS) || Energy: ~2.39e-21 (-34.33dB)
[@     3m02s] Timestep:         9060 || Speed:  182.9 MC/s (1.959e-02 s/TS) || Energy: ~1.76e-21 (-35.65dB)
[@     3m06s] Timestep:         9264 || Speed:  182.4 MC/s (1.964e-02 s/TS) || Energy: ~1.76e-21 (-35.64dB)
[@     3m10s] Timestep:         9468 || Speed:  182.2 MC/s (1.967e-02 s/TS) || Energy: ~1.70e-21 (-35.81dB)
[@     3m14s] Timestep:         9672 || Speed:  182.7 MC/s (1.961e-02 s/TS) || Energy: ~1.15e-21 (-37.50dB)
[@     3m18s] Timestep:         9882 || Speed:  183.3 MC/s (1.954e-02 s/TS) || Energy: ~1.24e-21 (-37.18dB)
[@     3m22s] Timestep:        10086 || Speed:  181.6 MC/s (1.973e-02 s/TS) || Energy: ~1.24e-21 (-37.18dB)
[@     3m26s] Timestep:        10296 || Speed:  184.7 MC/s (1.940e-02 s/TS) || Energy: ~8.46e-22 (-38.83dB)
[@     3m30s] Timestep:        10500 || Speed:  181.5 MC/s (1.974e-02 s/TS) || Energy: ~8.59e-22 (-38.77dB)
[@     3m34s] Timestep:        10704 || Speed:  181.0 MC/s (1.979e-02 s/TS) || Energy: ~9.21e-22 (-38.46dB)
[@     3m38s] Timestep:        10908 || Speed:  182.1 MC/s (1.967e-02 s/TS) || Energy: ~5.44e-22 (-40.75dB)
[@     3m42s] Timestep:        11118 || Speed:  183.2 MC/s (1.956e-02 s/TS) || Energy: ~5.85e-22 (-40.43dB)
[@     3m46s] Timestep:        11322 || Speed:  182.7 MC/s (1.961e-02 s/TS) || Energy: ~6.88e-22 (-39.73dB)
[@     3m51s] Timestep:        11526 || Speed:  181.6 MC/s (1.973e-02 s/TS) || Energy: ~3.92e-22 (-42.17dB)
[@     3m55s] Timestep:        11730 || Speed:  182.5 MC/s (1.964e-02 s/TS) || Energy: ~4.87e-22 (-41.23dB)
[@     3m59s] Timestep:        11934 || Speed:  181.6 MC/s (1.973e-02 s/TS) || Energy: ~4.62e-22 (-41.46dB)
[@     4m03s] Timestep:        12144 || Speed:  183.0 MC/s (1.958e-02 s/TS) || Energy: ~2.95e-22 (-43.41dB)
[@     4m07s] Timestep:        12348 || Speed:  181.7 MC/s (1.972e-02 s/TS) || Energy: ~3.28e-22 (-42.95dB)
[@     4m11s] Timestep:        12552 || Speed:  181.2 MC/s (1.978e-02 s/TS) || Energy: ~3.52e-22 (-42.64dB)
[@     4m15s] Timestep:        12756 || Speed:  180.7 MC/s (1.983e-02 s/TS) || Energy: ~1.99e-22 (-45.12dB)
[@     4m19s] Timestep:        12960 || Speed:  179.7 MC/s (1.994e-02 s/TS) || Energy: ~2.68e-22 (-43.83dB)
[@     4m23s] Timestep:        13164 || Speed:  181.5 MC/s (1.974e-02 s/TS) || Energy: ~2.33e-22 (-44.44dB)
[@     4m27s] Timestep:        13368 || Speed:  181.1 MC/s (1.979e-02 s/TS) || Energy: ~1.47e-22 (-46.44dB)
[@     4m31s] Timestep:        13578 || Speed:  182.8 MC/s (1.960e-02 s/TS) || Energy: ~1.80e-22 (-45.56dB)
[@     4m35s] Timestep:        13782 || Speed:  181.4 MC/s (1.975e-02 s/TS) || Energy: ~1.80e-22 (-45.56dB)
[@     4m39s] Timestep:        13992 || Speed:  184.0 MC/s (1.948e-02 s/TS) || Energy: ~1.16e-22 (-47.45dB)
[@     4m43s] Timestep:        14196 || Speed:  182.2 MC/s (1.967e-02 s/TS) || Energy: ~1.20e-22 (-47.32dB)
[@     4m47s] Timestep:        14400 || Speed:  182.0 MC/s (1.969e-02 s/TS) || Energy: ~1.36e-22 (-46.79dB)
[@     4m51s] Timestep:        14604 || Speed:  181.4 MC/s (1.975e-02 s/TS) || Energy: ~7.80e-23 (-49.19dB)
[@     4m55s] Timestep:        14808 || Speed:  179.1 MC/s (2.000e-02 s/TS) || Energy: ~9.89e-23 (-48.16dB)
[@     4m59s] Timestep:        15012 || Speed:  182.7 MC/s (1.961e-02 s/TS) || Energy: ~9.00e-23 (-48.56dB)
[@     5m03s] Timestep:        15222 || Speed:  183.1 MC/s (1.957e-02 s/TS) || Energy: ~5.97e-23 (-50.35dB)
Time for 15222 iterations with 3583125.00 cells : 303.89 sec
Speed: 179.48 MCells/s 
    [excite port 35/44]
 ---------------------------------------------------------------------- 
 | openEMS 64bit -- version v0.37.0-rc1-2-g7b051bb
 | (C) 2010-2026 Thorsten Liebig <thorsten.liebig@gmx.de>  GPL license
 ---------------------------------------------------------------------- 
	Used external libraries:
		CSXCAD -- Version: v0.7.0-rc1-1-g5115701
		hdf5   -- Version: 1.10.10
		          compiled against: HDF5 library version: 1.10.10
		tinyxml -- compiled against: 2.6.2
		fparser
		boost  -- compiled against: 1_83
		vtk -- Version: 9.1.0
		       compiled against: 9.1.0

Create FDTD operator (compressed SSE + multi-threading)
FDTD simulation size: 175x195x105 --> 3583125.00 FDTD cells 
FDTD timestep is: 0.00 s; Nyquist rate: 24 timesteps @102110454074.00 Hz
Excitation signal length is: 282 timesteps (0.00s)
Max. number of timesteps: 60000 ( --> 212.77 * Excitation signal length)
Create FDTD engine (compressed SSE + multi-threading)
Running FDTD engine... this may take a while... grab a cup of coffee?!?
[@        4s] Timestep:          102 || Speed:   87.9 MC/s (4.075e-02 s/TS) || Energy: ~6.02e-19 (- 0.00dB)
[@        8s] Timestep:          252 || Speed:  129.9 MC/s (2.759e-02 s/TS) || Energy: ~5.79e-18 (- 0.00dB)
[@       12s] Timestep:          432 || Speed:  156.0 MC/s (2.297e-02 s/TS) || Energy: ~2.00e-18 (- 4.61dB)
[@       16s] Timestep:          624 || Speed:  168.6 MC/s (2.125e-02 s/TS) || Energy: ~1.21e-18 (- 6.81dB)
[@       20s] Timestep:          828 || Speed:  178.1 MC/s (2.012e-02 s/TS) || Energy: ~9.89e-19 (- 7.67dB)
[@       24s] Timestep:         1038 || Speed:  185.4 MC/s (1.933e-02 s/TS) || Energy: ~9.99e-19 (- 7.63dB)
[@       28s] Timestep:         1248 || Speed:  186.2 MC/s (1.924e-02 s/TS) || Energy: ~8.27e-19 (- 8.45dB)
[@       32s] Timestep:         1452 || Speed:  181.7 MC/s (1.973e-02 s/TS) || Energy: ~5.47e-19 (-10.24dB)
Multithreaded Engine: Best performance found using 7 threads.
[@       36s] Timestep:         1662 || Speed:  187.9 MC/s (1.907e-02 s/TS) || Energy: ~4.88e-19 (-10.74dB)
[@       40s] Timestep:         1878 || Speed:  188.2 MC/s (1.904e-02 s/TS) || Energy: ~4.91e-19 (-10.71dB)
[@       44s] Timestep:         2088 || Speed:  186.5 MC/s (1.922e-02 s/TS) || Energy: ~4.64e-19 (-10.96dB)
[@       48s] Timestep:         2298 || Speed:  187.8 MC/s (1.908e-02 s/TS) || Energy: ~2.14e-19 (-14.32dB)
[@       52s] Timestep:         2508 || Speed:  187.6 MC/s (1.910e-02 s/TS) || Energy: ~1.45e-19 (-16.00dB)
[@       56s] Timestep:         2718 || Speed:  187.6 MC/s (1.910e-02 s/TS) || Energy: ~2.25e-19 (-14.10dB)
[@     1m00s] Timestep:         2928 || Speed:  187.4 MC/s (1.912e-02 s/TS) || Energy: ~1.90e-19 (-14.84dB)
[@     1m05s] Timestep:         3144 || Speed:  188.3 MC/s (1.903e-02 s/TS) || Energy: ~1.24e-19 (-16.68dB)
[@     1m09s] Timestep:         3360 || Speed:  188.0 MC/s (1.906e-02 s/TS) || Energy: ~7.09e-20 (-19.12dB)
[@     1m13s] Timestep:         3576 || Speed:  188.0 MC/s (1.905e-02 s/TS) || Energy: ~3.94e-20 (-21.67dB)
[@     1m17s] Timestep:         3786 || Speed:  186.5 MC/s (1.922e-02 s/TS) || Energy: ~5.29e-20 (-20.39dB)
[@     1m21s] Timestep:         3996 || Speed:  187.5 MC/s (1.911e-02 s/TS) || Energy: ~8.70e-20 (-18.23dB)
[@     1m25s] Timestep:         4212 || Speed:  188.6 MC/s (1.899e-02 s/TS) || Energy: ~7.53e-20 (-18.86dB)
[@     1m29s] Timestep:         4422 || Speed:  187.4 MC/s (1.912e-02 s/TS) || Energy: ~3.55e-20 (-22.12dB)
[@     1m33s] Timestep:         4638 || Speed:  188.3 MC/s (1.903e-02 s/TS) || Energy: ~1.89e-20 (-24.86dB)
[@     1m37s] Timestep:         4848 || Speed:  185.6 MC/s (1.931e-02 s/TS) || Energy: ~2.07e-20 (-24.47dB)
[@     1m41s] Timestep:         5058 || Speed:  187.5 MC/s (1.911e-02 s/TS) || Energy: ~3.85e-20 (-21.78dB)
[@     1m45s] Timestep:         5268 || Speed:  186.5 MC/s (1.921e-02 s/TS) || Energy: ~3.03e-20 (-22.81dB)
[@     1m49s] Timestep:         5484 || Speed:  188.1 MC/s (1.905e-02 s/TS) || Energy: ~1.90e-20 (-24.83dB)
[@     1m53s] Timestep:         5700 || Speed:  187.7 MC/s (1.909e-02 s/TS) || Energy: ~1.11e-20 (-27.17dB)
[@     1m57s] Timestep:         5910 || Speed:  187.9 MC/s (1.907e-02 s/TS) || Energy: ~9.93e-21 (-27.66dB)
[@     2m01s] Timestep:         6120 || Speed:  186.2 MC/s (1.924e-02 s/TS) || Energy: ~1.72e-20 (-25.28dB)
[@     2m06s] Timestep:         6336 || Speed:  188.2 MC/s (1.904e-02 s/TS) || Energy: ~1.62e-20 (-25.52dB)
[@     2m10s] Timestep:         6546 || Speed:  187.6 MC/s (1.910e-02 s/TS) || Energy: ~1.03e-20 (-27.51dB)
[@     2m14s] Timestep:         6756 || Speed:  187.9 MC/s (1.907e-02 s/TS) || Energy: ~5.18e-21 (-30.48dB)
[@     2m18s] Timestep:         6966 || Speed:  187.8 MC/s (1.908e-02 s/TS) || Energy: ~7.33e-21 (-28.97dB)
[@     2m22s] Timestep:         7176 || Speed:  187.2 MC/s (1.914e-02 s/TS) || Energy: ~9.17e-21 (-28.00dB)
[@     2m26s] Timestep:         7386 || Speed:  186.5 MC/s (1.921e-02 s/TS) || Energy: ~6.04e-21 (-29.82dB)
[@     2m30s] Timestep:         7596 || Speed:  184.3 MC/s (1.945e-02 s/TS) || Energy: ~3.36e-21 (-32.36dB)
[@     2m34s] Timestep:         7806 || Speed:  187.5 MC/s (1.911e-02 s/TS) || Energy: ~4.38e-21 (-31.21dB)
[@     2m38s] Timestep:         8016 || Speed:  187.2 MC/s (1.914e-02 s/TS) || Energy: ~5.20e-21 (-30.46dB)
[@     2m42s] Timestep:         8226 || Speed:  187.5 MC/s (1.911e-02 s/TS) || Energy: ~3.56e-21 (-32.11dB)
[@     2m46s] Timestep:         8442 || Speed:  188.2 MC/s (1.903e-02 s/TS) || Energy: ~2.51e-21 (-33.62dB)
[@     2m50s] Timestep:         8658 || Speed:  188.2 MC/s (1.904e-02 s/TS) || Energy: ~1.93e-21 (-34.76dB)
[@     2m54s] Timestep:         8868 || Speed:  187.5 MC/s (1.911e-02 s/TS) || Energy: ~2.18e-21 (-34.23dB)
[@     2m58s] Timestep:         9078 || Speed:  183.5 MC/s (1.952e-02 s/TS) || Energy: ~2.55e-21 (-33.55dB)
[@     3m02s] Timestep:         9288 || Speed:  185.3 MC/s (1.934e-02 s/TS) || Energy: ~1.92e-21 (-34.80dB)
[@     3m06s] Timestep:         9498 || Speed:  187.8 MC/s (1.908e-02 s/TS) || Energy: ~1.25e-21 (-36.66dB)
[@     3m10s] Timestep:         9708 || Speed:  186.9 MC/s (1.918e-02 s/TS) || Energy: ~1.32e-21 (-36.42dB)
[@     3m14s] Timestep:         9918 || Speed:  186.9 MC/s (1.917e-02 s/TS) || Energy: ~1.45e-21 (-36.02dB)
[@     3m18s] Timestep:        10128 || Speed:  187.8 MC/s (1.908e-02 s/TS) || Energy: ~1.13e-21 (-37.09dB)
[@     3m22s] Timestep:        10338 || Speed:  186.1 MC/s (1.926e-02 s/TS) || Energy: ~8.16e-22 (-38.51dB)
[@     3m26s] Timestep:        10548 || Speed:  188.1 MC/s (1.905e-02 s/TS) || Energy: ~8.11e-22 (-38.53dB)
[@     3m30s] Timestep:        10758 || Speed:  186.9 MC/s (1.918e-02 s/TS) || Energy: ~8.16e-22 (-38.51dB)
[@     3m34s] Timestep:        10974 || Speed:  188.4 MC/s (1.902e-02 s/TS) || Energy: ~6.94e-22 (-39.21dB)
[@     3m38s] Timestep:        11184 || Speed:  187.7 MC/s (1.909e-02 s/TS) || Energy: ~5.45e-22 (-40.26dB)
[@     3m42s] Timestep:        11394 || Speed:  187.1 MC/s (1.915e-02 s/TS) || Energy: ~4.89e-22 (-40.73dB)
[@     3m47s] Timestep:        11604 || Speed:  184.6 MC/s (1.941e-02 s/TS) || Energy: ~4.63e-22 (-40.97dB)
[@     3m51s] Timestep:        11820 || Speed:  188.3 MC/s (1.903e-02 s/TS) || Energy: ~3.98e-22 (-41.63dB)
[@     3m55s] Timestep:        12030 || Speed:  185.9 MC/s (1.928e-02 s/TS) || Energy: ~3.20e-22 (-42.58dB)
[@     3m59s] Timestep:        12240 || Speed:  187.1 MC/s (1.915e-02 s/TS) || Energy: ~3.02e-22 (-42.82dB)
[@     4m03s] Timestep:        12450 || Speed:  185.9 MC/s (1.927e-02 s/TS) || Energy: ~2.96e-22 (-42.91dB)
[@     4m07s] Timestep:        12660 || Speed:  184.5 MC/s (1.943e-02 s/TS) || Energy: ~2.32e-22 (-43.97dB)
[@     4m11s] Timestep:        12870 || Speed:  186.5 MC/s (1.921e-02 s/TS) || Energy: ~1.75e-22 (-45.20dB)
[@     4m15s] Timestep:        13080 || Speed:  186.9 MC/s (1.917e-02 s/TS) || Energy: ~1.85e-22 (-44.94dB)
[@     4m19s] Timestep:        13290 || Speed:  187.1 MC/s (1.915e-02 s/TS) || Energy: ~1.93e-22 (-44.76dB)
[@     4m23s] Timestep:        13500 || Speed:  187.6 MC/s (1.910e-02 s/TS) || Energy: ~1.41e-22 (-46.14dB)
[@     4m27s] Timestep:        13710 || Speed:  188.0 MC/s (1.906e-02 s/TS) || Energy: ~9.52e-23 (-47.84dB)
[@     4m31s] Timestep:        13920 || Speed:  187.6 MC/s (1.910e-02 s/TS) || Energy: ~1.09e-22 (-47.23dB)
[@     4m35s] Timestep:        14136 || Speed:  188.4 MC/s (1.902e-02 s/TS) || Energy: ~1.13e-22 (-47.10dB)
[@     4m39s] Timestep:        14346 || Speed:  187.2 MC/s (1.914e-02 s/TS) || Energy: ~1.05e-22 (-47.40dB)
[@     4m43s] Timestep:        14556 || Speed:  187.4 MC/s (1.912e-02 s/TS) || Energy: ~6.34e-23 (-49.60dB)
[@     4m47s] Timestep:        14766 || Speed:  185.7 MC/s (1.930e-02 s/TS) || Energy: ~4.90e-23 (-50.73dB)
Time for 14766 iterations with 3583125.00 cells : 287.63 sec
Speed: 183.95 MCells/s 
    [excite port 36/44]
 ---------------------------------------------------------------------- 
 | openEMS 64bit -- version v0.37.0-rc1-2-g7b051bb
 | (C) 2010-2026 Thorsten Liebig <thorsten.liebig@gmx.de>  GPL license
 ---------------------------------------------------------------------- 
	Used external libraries:
		CSXCAD -- Version: v0.7.0-rc1-1-g5115701
		hdf5   -- Version: 1.10.10
		          compiled against: HDF5 library version: 1.10.10
		tinyxml -- compiled against: 2.6.2
		fparser
		boost  -- compiled against: 1_83
		vtk -- Version: 9.1.0
		       compiled against: 9.1.0

Create FDTD operator (compressed SSE + multi-threading)
FDTD simulation size: 175x195x105 --> 3583125.00 FDTD cells 
FDTD timestep is: 0.00 s; Nyquist rate: 24 timesteps @102110454074.00 Hz
Excitation signal length is: 282 timesteps (0.00s)
Max. number of timesteps: 60000 ( --> 212.77 * Excitation signal length)
Create FDTD engine (compressed SSE + multi-threading)
Running FDTD engine... this may take a while... grab a cup of coffee?!?
[@        4s] Timestep:          102 || Speed:   88.2 MC/s (4.061e-02 s/TS) || Energy: ~6.02e-19 (- 0.00dB)
[@        8s] Timestep:          252 || Speed:  129.5 MC/s (2.766e-02 s/TS) || Energy: ~6.41e-18 (- 0.00dB)
[@       12s] Timestep:          426 || Speed:  155.6 MC/s (2.302e-02 s/TS) || Energy: ~2.71e-18 (- 3.74dB)
[@       16s] Timestep:          618 || Speed:  167.1 MC/s (2.144e-02 s/TS) || Energy: ~1.43e-18 (- 6.52dB)
[@       20s] Timestep:          822 || Speed:  179.3 MC/s (1.999e-02 s/TS) || Energy: ~1.08e-18 (- 7.71dB)
[@       24s] Timestep:         1032 || Speed:  186.9 MC/s (1.917e-02 s/TS) || Energy: ~1.04e-18 (- 7.90dB)
[@       28s] Timestep:         1242 || Speed:  187.4 MC/s (1.912e-02 s/TS) || Energy: ~8.03e-19 (- 9.02dB)
[@       32s] Timestep:         1446 || Speed:  181.5 MC/s (1.975e-02 s/TS) || Energy: ~7.00e-19 (- 9.61dB)
Multithreaded Engine: Best performance found using 7 threads.
[@       36s] Timestep:         1656 || Speed:  187.2 MC/s (1.914e-02 s/TS) || Energy: ~5.85e-19 (-10.40dB)
[@       40s] Timestep:         1866 || Speed:  187.6 MC/s (1.910e-02 s/TS) || Energy: ~4.13e-19 (-11.90dB)
[@       44s] Timestep:         2076 || Speed:  186.3 MC/s (1.924e-02 s/TS) || Energy: ~3.84e-19 (-12.23dB)
[@       48s] Timestep:         2292 || Speed:  188.3 MC/s (1.903e-02 s/TS) || Energy: ~3.40e-19 (-12.76dB)
[@       52s] Timestep:         2508 || Speed:  188.5 MC/s (1.900e-02 s/TS) || Energy: ~2.97e-19 (-13.34dB)
[@       56s] Timestep:         2724 || Speed:  188.3 MC/s (1.903e-02 s/TS) || Energy: ~2.46e-19 (-14.17dB)
[@     1m00s] Timestep:         2934 || Speed:  187.0 MC/s (1.916e-02 s/TS) || Energy: ~1.51e-19 (-16.29dB)
[@     1m04s] Timestep:         3144 || Speed:  187.5 MC/s (1.911e-02 s/TS) || Energy: ~1.12e-19 (-17.56dB)
[@     1m09s] Timestep:         3354 || Speed:  187.6 MC/s (1.910e-02 s/TS) || Energy: ~1.34e-19 (-16.81dB)
[@     1m13s] Timestep:         3570 || Speed:  188.6 MC/s (1.900e-02 s/TS) || Energy: ~1.26e-19 (-17.05dB)
[@     1m17s] Timestep:         3786 || Speed:  188.2 MC/s (1.904e-02 s/TS) || Energy: ~1.10e-19 (-17.63dB)
[@     1m21s] Timestep:         3996 || Speed:  187.7 MC/s (1.909e-02 s/TS) || Energy: ~7.35e-20 (-19.41dB)
[@     1m25s] Timestep:         4206 || Speed:  187.9 MC/s (1.907e-02 s/TS) || Energy: ~4.58e-20 (-21.46dB)
[@     1m29s] Timestep:         4416 || Speed:  187.2 MC/s (1.914e-02 s/TS) || Energy: ~5.26e-20 (-20.86dB)
[@     1m33s] Timestep:         4626 || Speed:  185.5 MC/s (1.932e-02 s/TS) || Energy: ~5.91e-20 (-20.35dB)
[@     1m37s] Timestep:         4824 || Speed:  176.1 MC/s (2.034e-02 s/TS) || Energy: ~3.05e-20 (-23.22dB)
[@     1m41s] Timestep:         5034 || Speed:  186.2 MC/s (1.924e-02 s/TS) || Energy: ~3.37e-20 (-22.78dB)
[@     1m45s] Timestep:         5244 || Speed:  187.3 MC/s (1.913e-02 s/TS) || Energy: ~3.72e-20 (-22.37dB)
[@     1m49s] Timestep:         5454 || Speed:  187.7 MC/s (1.909e-02 s/TS) || Energy: ~2.86e-20 (-23.50dB)
[@     1m53s] Timestep:         5664 || Speed:  187.8 MC/s (1.908e-02 s/TS) || Energy: ~1.94e-20 (-25.18dB)
[@     1m57s] Timestep:         5874 || Speed:  187.8 MC/s (1.908e-02 s/TS) || Energy: ~1.83e-20 (-25.45dB)
[@     2m01s] Timestep:         6084 || Speed:  185.6 MC/s (1.931e-02 s/TS) || Energy: ~1.96e-20 (-25.14dB)
[@     2m05s] Timestep:         6294 || Speed:  187.2 MC/s (1.914e-02 s/TS) || Energy: ~1.68e-20 (-25.80dB)
[@     2m09s] Timestep:         6504 || Speed:  187.0 MC/s (1.916e-02 s/TS) || Energy: ~1.22e-20 (-27.19dB)
[@     2m13s] Timestep:         6714 || Speed:  187.6 MC/s (1.910e-02 s/TS) || Energy: ~1.05e-20 (-27.84dB)
[@     2m17s] Timestep:         6930 || Speed:  188.2 MC/s (1.904e-02 s/TS) || Energy: ~9.72e-21 (-28.19dB)
[@     2m21s] Timestep:         7146 || Speed:  188.5 MC/s (1.901e-02 s/TS) || Energy: ~8.88e-21 (-28.58dB)
[@     2m25s] Timestep:         7356 || Speed:  187.4 MC/s (1.912e-02 s/TS) || Energy: ~8.42e-21 (-28.81dB)
[@     2m29s] Timestep:         7566 || Speed:  187.2 MC/s (1.914e-02 s/TS) || Energy: ~7.16e-21 (-29.52dB)
[@     2m33s] Timestep:         7782 || Speed:  188.2 MC/s (1.904e-02 s/TS) || Energy: ~6.05e-21 (-30.25dB)
[@     2m37s] Timestep:         7992 || Speed:  187.9 MC/s (1.907e-02 s/TS) || Energy: ~4.78e-21 (-31.27dB)
[@     2m41s] Timestep:         8202 || Speed:  186.2 MC/s (1.925e-02 s/TS) || Energy: ~4.40e-21 (-31.63dB)
[@     2m45s] Timestep:         8412 || Speed:  187.5 MC/s (1.911e-02 s/TS) || Energy: ~4.51e-21 (-31.53dB)
[@     2m50s] Timestep:         8628 || Speed:  188.2 MC/s (1.904e-02 s/TS) || Energy: ~4.11e-21 (-31.93dB)
[@     2m54s] Timestep:         8838 || Speed:  187.0 MC/s (1.916e-02 s/TS) || Energy: ~3.27e-21 (-32.93dB)
[@     2m58s] Timestep:         9048 || Speed:  188.1 MC/s (1.905e-02 s/TS) || Energy: ~2.37e-21 (-34.32dB)
[@     3m02s] Timestep:         9258 || Speed:  188.1 MC/s (1.905e-02 s/TS) || Energy: ~2.37e-21 (-34.32dB)
[@     3m06s] Timestep:         9474 || Speed:  188.2 MC/s (1.904e-02 s/TS) || Energy: ~2.36e-21 (-34.34dB)
[@     3m10s] Timestep:         9684 || Speed:  187.3 MC/s (1.913e-02 s/TS) || Energy: ~2.37e-21 (-34.31dB)
[@     3m14s] Timestep:         9894 || Speed:  186.5 MC/s (1.921e-02 s/TS) || Energy: ~1.67e-21 (-35.83dB)
[@     3m18s] Timestep:        10110 || Speed:  188.2 MC/s (1.903e-02 s/TS) || Energy: ~1.27e-21 (-37.02dB)
[@     3m22s] Timestep:        10320 || Speed:  184.4 MC/s (1.943e-02 s/TS) || Energy: ~1.14e-21 (-37.49dB)
[@     3m26s] Timestep:        10536 || Speed:  188.1 MC/s (1.904e-02 s/TS) || Energy: ~1.19e-21 (-37.30dB)
[@     3m30s] Timestep:        10746 || Speed:  186.7 MC/s (1.919e-02 s/TS) || Energy: ~1.39e-21 (-36.63dB)
[@     3m34s] Timestep:        10956 || Speed:  186.7 MC/s (1.920e-02 s/TS) || Energy: ~1.04e-21 (-37.91dB)
[@     3m38s] Timestep:        11166 || Speed:  187.7 MC/s (1.909e-02 s/TS) || Energy: ~6.18e-22 (-40.15dB)
[@     3m42s] Timestep:        11376 || Speed:  186.5 MC/s (1.921e-02 s/TS) || Energy: ~6.96e-22 (-39.64dB)
[@     3m46s] Timestep:        11586 || Speed:  185.3 MC/s (1.934e-02 s/TS) || Energy: ~8.99e-22 (-38.53dB)
[@     3m50s] Timestep:        11796 || Speed:  187.3 MC/s (1.913e-02 s/TS) || Energy: ~7.11e-22 (-39.55dB)
[@     3m54s] Timestep:        12006 || Speed:  185.0 MC/s (1.936e-02 s/TS) || Energy: ~3.89e-22 (-42.17dB)
[@     3m58s] Timestep:        12216 || Speed:  185.3 MC/s (1.934e-02 s/TS) || Energy: ~3.95e-22 (-42.11dB)
[@     4m02s] Timestep:        12426 || Speed:  187.9 MC/s (1.907e-02 s/TS) || Energy: ~5.65e-22 (-40.55dB)
[@     4m06s] Timestep:        12636 || Speed:  186.9 MC/s (1.917e-02 s/TS) || Energy: ~4.93e-22 (-41.14dB)
[@     4m10s] Timestep:        12846 || Speed:  187.0 MC/s (1.916e-02 s/TS) || Energy: ~2.63e-22 (-43.86dB)
[@     4m14s] Timestep:        13056 || Speed:  187.5 MC/s (1.911e-02 s/TS) || Energy: ~2.19e-22 (-44.67dB)
[@     4m18s] Timestep:        13266 || Speed:  187.3 MC/s (1.913e-02 s/TS) || Energy: ~3.39e-22 (-42.76dB)
[@     4m23s] Timestep:        13482 || Speed:  188.4 MC/s (1.902e-02 s/TS) || Energy: ~3.42e-22 (-42.73dB)
[@     4m27s] Timestep:        13692 || Speed:  187.5 MC/s (1.911e-02 s/TS) || Energy: ~2.65e-22 (-43.83dB)
[@     4m31s] Timestep:        13902 || Speed:  188.1 MC/s (1.905e-02 s/TS) || Energy: ~1.34e-22 (-46.80dB)
[@     4m35s] Timestep:        14112 || Speed:  187.8 MC/s (1.908e-02 s/TS) || Energy: ~1.34e-22 (-46.79dB)
[@     4m39s] Timestep:        14328 || Speed:  188.4 MC/s (1.902e-02 s/TS) || Energy: ~1.55e-22 (-46.15dB)
[@     4m43s] Timestep:        14538 || Speed:  186.9 MC/s (1.918e-02 s/TS) || Energy: ~2.00e-22 (-45.05dB)
[@     4m47s] Timestep:        14748 || Speed:  186.6 MC/s (1.920e-02 s/TS) || Energy: ~1.44e-22 (-46.47dB)
[@     4m51s] Timestep:        14958 || Speed:  188.0 MC/s (1.906e-02 s/TS) || Energy: ~7.37e-23 (-49.39dB)
[@     4m55s] Timestep:        15168 || Speed:  187.5 MC/s (1.911e-02 s/TS) || Energy: ~8.25e-23 (-48.90dB)
[@     4m59s] Timestep:        15384 || Speed:  188.7 MC/s (1.898e-02 s/TS) || Energy: ~9.46e-23 (-48.31dB)
[@     5m03s] Timestep:        15594 || Speed:  187.6 MC/s (1.910e-02 s/TS) || Energy: ~1.16e-22 (-47.42dB)
[@     5m07s] Timestep:        15804 || Speed:  187.4 MC/s (1.912e-02 s/TS) || Energy: ~8.15e-23 (-48.95dB)
[@     5m11s] Timestep:        16014 || Speed:  187.3 MC/s (1.913e-02 s/TS) || Energy: ~4.36e-23 (-51.67dB)
Time for 16014 iterations with 3583125.00 cells : 311.41 sec
Speed: 184.26 MCells/s 
    [excite port 37/44]
 ---------------------------------------------------------------------- 
 | openEMS 64bit -- version v0.37.0-rc1-2-g7b051bb
 | (C) 2010-2026 Thorsten Liebig <thorsten.liebig@gmx.de>  GPL license
 ---------------------------------------------------------------------- 
	Used external libraries:
		CSXCAD -- Version: v0.7.0-rc1-1-g5115701
		hdf5   -- Version: 1.10.10
		          compiled against: HDF5 library version: 1.10.10
		tinyxml -- compiled against: 2.6.2
		fparser
		boost  -- compiled against: 1_83
		vtk -- Version: 9.1.0
		       compiled against: 9.1.0

Create FDTD operator (compressed SSE + multi-threading)
FDTD simulation size: 175x195x105 --> 3583125.00 FDTD cells 
FDTD timestep is: 0.00 s; Nyquist rate: 24 timesteps @102110454074.00 Hz
Excitation signal length is: 282 timesteps (0.00s)
Max. number of timesteps: 60000 ( --> 212.77 * Excitation signal length)
Create FDTD engine (compressed SSE + multi-threading)
Running FDTD engine... this may take a while... grab a cup of coffee?!?
[@        4s] Timestep:          102 || Speed:   87.2 MC/s (4.108e-02 s/TS) || Energy: ~5.90e-19 (- 0.00dB)
[@        8s] Timestep:          252 || Speed:  129.0 MC/s (2.777e-02 s/TS) || Energy: ~5.59e-18 (- 0.00dB)
[@       12s] Timestep:          426 || Speed:  153.6 MC/s (2.334e-02 s/TS) || Energy: ~2.62e-18 (- 3.29dB)
[@       16s] Timestep:          618 || Speed:  168.2 MC/s (2.131e-02 s/TS) || Energy: ~1.36e-18 (- 6.14dB)
[@       20s] Timestep:          822 || Speed:  177.5 MC/s (2.019e-02 s/TS) || Energy: ~1.10e-18 (- 7.04dB)
[@       24s] Timestep:         1032 || Speed:  183.7 MC/s (1.950e-02 s/TS) || Energy: ~1.06e-18 (- 7.21dB)
[@       28s] Timestep:         1242 || Speed:  186.2 MC/s (1.925e-02 s/TS) || Energy: ~7.23e-19 (- 8.88dB)
[@       32s] Timestep:         1446 || Speed:  177.8 MC/s (2.015e-02 s/TS) || Energy: ~6.26e-19 (- 9.51dB)
Multithreaded Engine: Best performance found using 7 threads.
[@       36s] Timestep:         1656 || Speed:  187.2 MC/s (1.914e-02 s/TS) || Energy: ~5.77e-19 (- 9.86dB)
[@       40s] Timestep:         1866 || Speed:  183.2 MC/s (1.956e-02 s/TS) || Energy: ~4.05e-19 (-11.39dB)
[@       45s] Timestep:         2076 || Speed:  185.3 MC/s (1.933e-02 s/TS) || Energy: ~3.26e-19 (-12.34dB)
[@       49s] Timestep:         2286 || Speed:  187.6 MC/s (1.910e-02 s/TS) || Energy: ~2.64e-19 (-13.25dB)
[@       53s] Timestep:         2496 || Speed:  187.2 MC/s (1.914e-02 s/TS) || Energy: ~1.92e-19 (-14.64dB)
[@       57s] Timestep:         2706 || Speed:  186.0 MC/s (1.926e-02 s/TS) || Energy: ~1.69e-19 (-15.19dB)
[@     1m01s] Timestep:         2916 || Speed:  186.8 MC/s (1.918e-02 s/TS) || Energy: ~1.56e-19 (-15.54dB)
[@     1m05s] Timestep:         3126 || Speed:  187.7 MC/s (1.909e-02 s/TS) || Energy: ~1.14e-19 (-16.91dB)
[@     1m09s] Timestep:         3336 || Speed:  186.9 MC/s (1.918e-02 s/TS) || Energy: ~8.02e-20 (-18.43dB)
[@     1m13s] Timestep:         3546 || Speed:  187.5 MC/s (1.911e-02 s/TS) || Energy: ~7.81e-20 (-18.55dB)
[@     1m17s] Timestep:         3756 || Speed:  186.5 MC/s (1.921e-02 s/TS) || Energy: ~7.69e-20 (-18.61dB)
[@     1m21s] Timestep:         3966 || Speed:  187.2 MC/s (1.914e-02 s/TS) || Energy: ~5.99e-20 (-19.70dB)
[@     1m25s] Timestep:         4176 || Speed:  186.4 MC/s (1.922e-02 s/TS) || Energy: ~4.11e-20 (-21.34dB)
[@     1m29s] Timestep:         4386 || Speed:  183.4 MC/s (1.954e-02 s/TS) || Energy: ~3.56e-20 (-21.95dB)
[@     1m33s] Timestep:         4596 || Speed:  187.9 MC/s (1.907e-02 s/TS) || Energy: ~3.98e-20 (-21.47dB)
[@     1m37s] Timestep:         4806 || Speed:  183.7 MC/s (1.950e-02 s/TS) || Energy: ~3.77e-20 (-21.71dB)
[@     1m41s] Timestep:         5016 || Speed:  186.9 MC/s (1.917e-02 s/TS) || Energy: ~2.61e-20 (-23.31dB)
[@     1m45s] Timestep:         5226 || Speed:  187.5 MC/s (1.911e-02 s/TS) || Energy: ~1.84e-20 (-24.82dB)
[@     1m49s] Timestep:         5436 || Speed:  187.1 MC/s (1.915e-02 s/TS) || Energy: ~2.04e-20 (-24.37dB)
[@     1m53s] Timestep:         5646 || Speed:  186.9 MC/s (1.917e-02 s/TS) || Energy: ~2.33e-20 (-23.79dB)
[@     1m57s] Timestep:         5856 || Speed:  187.4 MC/s (1.913e-02 s/TS) || Energy: ~1.83e-20 (-24.86dB)
[@     2m01s] Timestep:         6066 || Speed:  186.3 MC/s (1.924e-02 s/TS) || Energy: ~1.07e-20 (-27.18dB)
[@     2m05s] Timestep:         6276 || Speed:  186.0 MC/s (1.927e-02 s/TS) || Energy: ~1.02e-20 (-27.39dB)
[@     2m09s] Timestep:         6486 || Speed:  187.3 MC/s (1.913e-02 s/TS) || Energy: ~1.39e-20 (-26.04dB)
[@     2m13s] Timestep:         6696 || Speed:  187.8 MC/s (1.907e-02 s/TS) || Energy: ~1.32e-20 (-26.27dB)
[@     2m17s] Timestep:         6906 || Speed:  187.4 MC/s (1.912e-02 s/TS) || Energy: ~7.82e-21 (-28.54dB)
[@     2m21s] Timestep:         7116 || Speed:  187.1 MC/s (1.916e-02 s/TS) || Energy: ~5.27e-21 (-30.25dB)
[@     2m25s] Timestep:         7326 || Speed:  187.5 MC/s (1.911e-02 s/TS) || Energy: ~7.71e-21 (-28.60dB)
[@     2m29s] Timestep:         7536 || Speed:  188.0 MC/s (1.906e-02 s/TS) || Energy: ~9.07e-21 (-27.90dB)
[@     2m33s] Timestep:         7746 || Speed:  185.9 MC/s (1.927e-02 s/TS) || Energy: ~6.07e-21 (-29.64dB)
[@     2m37s] Timestep:         7956 || Speed:  188.0 MC/s (1.906e-02 s/TS) || Energy: ~3.13e-21 (-32.52dB)
[@     2m41s] Timestep:         8166 || Speed:  187.8 MC/s (1.908e-02 s/TS) || Energy: ~3.97e-21 (-31.48dB)
[@     2m45s] Timestep:         8376 || Speed:  186.3 MC/s (1.924e-02 s/TS) || Energy: ~5.76e-21 (-29.87dB)
[@     2m49s] Timestep:         8586 || Speed:  187.6 MC/s (1.910e-02 s/TS) || Energy: ~4.68e-21 (-30.77dB)
[@     2m53s] Timestep:         8796 || Speed:  185.6 MC/s (1.930e-02 s/TS) || Energy: ~2.28e-21 (-33.89dB)
[@     2m58s] Timestep:         9012 || Speed:  188.3 MC/s (1.903e-02 s/TS) || Energy: ~1.72e-21 (-35.12dB)
[@     3m02s] Timestep:         9228 || Speed:  188.3 MC/s (1.903e-02 s/TS) || Energy: ~1.66e-21 (-35.27dB)
[@     3m06s] Timestep:         9438 || Speed:  187.2 MC/s (1.914e-02 s/TS) || Energy: ~2.78e-21 (-33.03dB)
[@     3m10s] Timestep:         9648 || Speed:  184.6 MC/s (1.941e-02 s/TS) || Energy: ~3.08e-21 (-32.59dB)
[@     3m14s] Timestep:         9864 || Speed:  188.7 MC/s (1.899e-02 s/TS) || Energy: ~2.51e-21 (-33.48dB)
[@     3m18s] Timestep:        10074 || Speed:  185.8 MC/s (1.929e-02 s/TS) || Energy: ~1.29e-21 (-36.36dB)
[@     3m22s] Timestep:        10284 || Speed:  184.2 MC/s (1.945e-02 s/TS) || Energy: ~1.04e-21 (-37.29dB)
[@     3m26s] Timestep:        10494 || Speed:  186.2 MC/s (1.924e-02 s/TS) || Energy: ~1.66e-21 (-35.28dB)
[@     3m30s] Timestep:        10704 || Speed:  186.6 MC/s (1.920e-02 s/TS) || Energy: ~1.74e-21 (-35.08dB)
[@     3m34s] Timestep:        10914 || Speed:  187.3 MC/s (1.913e-02 s/TS) || Energy: ~1.07e-21 (-37.19dB)
[@     3m38s] Timestep:        11124 || Speed:  187.4 MC/s (1.913e-02 s/TS) || Energy: ~6.65e-22 (-39.25dB)
[@     3m42s] Timestep:        11334 || Speed:  186.8 MC/s (1.918e-02 s/TS) || Energy: ~9.05e-22 (-37.91dB)
[@     3m46s] Timestep:        11544 || Speed:  185.2 MC/s (1.935e-02 s/TS) || Energy: ~1.11e-21 (-37.03dB)
[@     3m50s] Timestep:        11754 || Speed:  186.3 MC/s (1.923e-02 s/TS) || Energy: ~8.37e-22 (-38.25dB)
[@     3m54s] Timestep:        11964 || Speed:  187.8 MC/s (1.908e-02 s/TS) || Energy: ~4.98e-22 (-40.50dB)
[@     3m58s] Timestep:        12174 || Speed:  187.7 MC/s (1.909e-02 s/TS) || Energy: ~5.11e-22 (-40.39dB)
[@     4m02s] Timestep:        12384 || Speed:  186.6 MC/s (1.920e-02 s/TS) || Energy: ~6.65e-22 (-39.25dB)
[@     4m06s] Timestep:        12588 || Speed:  182.4 MC/s (1.965e-02 s/TS) || Energy: ~5.07e-22 (-40.42dB)
[@     4m10s] Timestep:        12804 || Speed:  188.4 MC/s (1.902e-02 s/TS) || Energy: ~3.95e-22 (-41.51dB)
[@     4m14s] Timestep:        13014 || Speed:  187.3 MC/s (1.913e-02 s/TS) || Energy: ~3.21e-22 (-42.41dB)
[@     4m18s] Timestep:        13224 || Speed:  186.6 MC/s (1.920e-02 s/TS) || Energy: ~3.90e-22 (-41.57dB)
[@     4m22s] Timestep:        13434 || Speed:  187.0 MC/s (1.916e-02 s/TS) || Energy: ~4.00e-22 (-41.45dB)
[@     4m26s] Timestep:        13644 || Speed:  186.4 MC/s (1.922e-02 s/TS) || Energy: ~3.01e-22 (-42.69dB)
[@     4m31s] Timestep:        13854 || Speed:  184.2 MC/s (1.946e-02 s/TS) || Energy: ~2.26e-22 (-43.93dB)
[@     4m35s] Timestep:        14064 || Speed:  184.9 MC/s (1.938e-02 s/TS) || Energy: ~2.38e-22 (-43.71dB)
[@     4m39s] Timestep:        14274 || Speed:  188.1 MC/s (1.905e-02 s/TS) || Energy: ~2.52e-22 (-43.45dB)
[@     4m43s] Timestep:        14484 || Speed:  187.6 MC/s (1.910e-02 s/TS) || Energy: ~2.12e-22 (-44.20dB)
[@     4m47s] Timestep:        14694 || Speed:  187.2 MC/s (1.914e-02 s/TS) || Energy: ~1.66e-22 (-45.28dB)
[@     4m51s] Timestep:        14904 || Speed:  187.0 MC/s (1.916e-02 s/TS) || Energy: ~1.57e-22 (-45.51dB)
[@     4m55s] Timestep:        15120 || Speed:  188.2 MC/s (1.904e-02 s/TS) || Energy: ~1.51e-22 (-45.68dB)
[@     4m59s] Timestep:        15330 || Speed:  187.7 MC/s (1.909e-02 s/TS) || Energy: ~1.44e-22 (-45.88dB)
[@     5m03s] Timestep:        15540 || Speed:  187.4 MC/s (1.912e-02 s/TS) || Energy: ~1.21e-22 (-46.64dB)
[@     5m07s] Timestep:        15756 || Speed:  188.2 MC/s (1.904e-02 s/TS) || Energy: ~1.06e-22 (-47.20dB)
[@     5m11s] Timestep:        15966 || Speed:  188.1 MC/s (1.905e-02 s/TS) || Energy: ~1.01e-22 (-47.44dB)
[@     5m15s] Timestep:        16176 || Speed:  186.6 MC/s (1.920e-02 s/TS) || Energy: ~9.74e-23 (-47.59dB)
[@     5m19s] Timestep:        16386 || Speed:  185.8 MC/s (1.928e-02 s/TS) || Energy: ~8.33e-23 (-48.27dB)
[@     5m23s] Timestep:        16596 || Speed:  187.3 MC/s (1.913e-02 s/TS) || Energy: ~7.14e-23 (-48.94dB)
[@     5m27s] Timestep:        16806 || Speed:  186.6 MC/s (1.921e-02 s/TS) || Energy: ~7.31e-23 (-48.84dB)
[@     5m31s] Timestep:        17016 || Speed:  187.8 MC/s (1.908e-02 s/TS) || Energy: ~7.47e-23 (-48.74dB)
[@     5m35s] Timestep:        17226 || Speed:  187.8 MC/s (1.908e-02 s/TS) || Energy: ~6.42e-23 (-49.40dB)
[@     5m39s] Timestep:        17436 || Speed:  187.0 MC/s (1.916e-02 s/TS) || Energy: ~5.46e-23 (-50.10dB)
Time for 17436 iterations with 3583125.00 cells : 339.63 sec
Speed: 183.95 MCells/s 
    [excite port 38/44]
 ---------------------------------------------------------------------- 
 | openEMS 64bit -- version v0.37.0-rc1-2-g7b051bb
 | (C) 2010-2026 Thorsten Liebig <thorsten.liebig@gmx.de>  GPL license
 ---------------------------------------------------------------------- 
	Used external libraries:
		CSXCAD -- Version: v0.7.0-rc1-1-g5115701
		hdf5   -- Version: 1.10.10
		          compiled against: HDF5 library version: 1.10.10
		tinyxml -- compiled against: 2.6.2
		fparser
		boost  -- compiled against: 1_83
		vtk -- Version: 9.1.0
		       compiled against: 9.1.0

Create FDTD operator (compressed SSE + multi-threading)
FDTD simulation size: 175x195x105 --> 3583125.00 FDTD cells 
FDTD timestep is: 0.00 s; Nyquist rate: 24 timesteps @102110454074.00 Hz
Excitation signal length is: 282 timesteps (0.00s)
Max. number of timesteps: 60000 ( --> 212.77 * Excitation signal length)
Create FDTD engine (compressed SSE + multi-threading)
Running FDTD engine... this may take a while... grab a cup of coffee?!?
[@        4s] Timestep:          102 || Speed:   87.5 MC/s (4.097e-02 s/TS) || Energy: ~5.90e-19 (- 0.00dB)
[@        8s] Timestep:          252 || Speed:  129.4 MC/s (2.769e-02 s/TS) || Energy: ~6.18e-18 (- 0.00dB)
[@       12s] Timestep:          426 || Speed:  154.3 MC/s (2.322e-02 s/TS) || Energy: ~3.03e-18 (- 3.09dB)
[@       16s] Timestep:          618 || Speed:  168.5 MC/s (2.126e-02 s/TS) || Energy: ~1.48e-18 (- 6.19dB)
[@       20s] Timestep:          822 || Speed:  177.7 MC/s (2.016e-02 s/TS) || Energy: ~1.03e-18 (- 7.77dB)
[@       24s] Timestep:         1026 || Speed:  181.0 MC/s (1.980e-02 s/TS) || Energy: ~1.06e-18 (- 7.66dB)
[@       28s] Timestep:         1230 || Speed:  178.2 MC/s (2.011e-02 s/TS) || Energy: ~5.69e-19 (-10.35dB)
Multithreaded Engine: Best performance found using 6 threads.
[@       32s] Timestep:         1440 || Speed:  188.1 MC/s (1.905e-02 s/TS) || Energy: ~6.55e-19 (- 9.75dB)
[@       36s] Timestep:         1656 || Speed:  188.4 MC/s (1.902e-02 s/TS) || Energy: ~5.91e-19 (-10.19dB)
[@       40s] Timestep:         1866 || Speed:  188.0 MC/s (1.906e-02 s/TS) || Energy: ~4.61e-19 (-11.27dB)
[@       44s] Timestep:         2076 || Speed:  186.1 MC/s (1.926e-02 s/TS) || Energy: ~3.49e-19 (-12.48dB)
[@       48s] Timestep:         2292 || Speed:  188.9 MC/s (1.897e-02 s/TS) || Energy: ~2.88e-19 (-13.31dB)
[@       52s] Timestep:         2502 || Speed:  186.5 MC/s (1.921e-02 s/TS) || Energy: ~2.45e-19 (-14.01dB)
[@       57s] Timestep:         2718 || Speed:  188.6 MC/s (1.900e-02 s/TS) || Energy: ~2.04e-19 (-14.80dB)
[@     1m01s] Timestep:         2934 || Speed:  188.6 MC/s (1.900e-02 s/TS) || Energy: ~1.69e-19 (-15.63dB)
[@     1m05s] Timestep:         3144 || Speed:  187.6 MC/s (1.910e-02 s/TS) || Energy: ~1.32e-19 (-16.71dB)
[@     1m09s] Timestep:         3354 || Speed:  187.9 MC/s (1.907e-02 s/TS) || Energy: ~1.18e-19 (-17.19dB)
[@     1m13s] Timestep:         3570 || Speed:  188.4 MC/s (1.902e-02 s/TS) || Energy: ~1.09e-19 (-17.52dB)
[@     1m17s] Timestep:         3786 || Speed:  188.4 MC/s (1.901e-02 s/TS) || Energy: ~1.03e-19 (-17.79dB)
[@     1m21s] Timestep:         4002 || Speed:  188.7 MC/s (1.899e-02 s/TS) || Energy: ~9.62e-20 (-18.07dB)
[@     1m25s] Timestep:         4212 || Speed:  187.9 MC/s (1.907e-02 s/TS) || Energy: ~7.66e-20 (-19.06dB)
[@     1m29s] Timestep:         4422 || Speed:  186.3 MC/s (1.923e-02 s/TS) || Energy: ~4.87e-20 (-21.03dB)
[@     1m33s] Timestep:         4632 || Speed:  187.9 MC/s (1.907e-02 s/TS) || Energy: ~4.79e-20 (-21.11dB)
[@     1m37s] Timestep:         4836 || Speed:  181.3 MC/s (1.976e-02 s/TS) || Energy: ~6.60e-20 (-19.71dB)
[@     1m41s] Timestep:         5046 || Speed:  187.7 MC/s (1.909e-02 s/TS) || Energy: ~4.59e-20 (-21.28dB)
[@     1m45s] Timestep:         5256 || Speed:  187.0 MC/s (1.916e-02 s/TS) || Energy: ~2.91e-20 (-23.27dB)
[@     1m49s] Timestep:         5472 || Speed:  188.4 MC/s (1.902e-02 s/TS) || Energy: ~2.68e-20 (-23.63dB)
[@     1m53s] Timestep:         5682 || Speed:  187.3 MC/s (1.913e-02 s/TS) || Energy: ~3.65e-20 (-22.29dB)
[@     1m57s] Timestep:         5892 || Speed:  187.5 MC/s (1.911e-02 s/TS) || Energy: ~4.04e-20 (-21.84dB)
[@     2m01s] Timestep:         6108 || Speed:  188.3 MC/s (1.903e-02 s/TS) || Energy: ~3.50e-20 (-22.47dB)
[@     2m06s] Timestep:         6324 || Speed:  188.6 MC/s (1.900e-02 s/TS) || Energy: ~2.84e-20 (-23.37dB)
[@     2m10s] Timestep:         6534 || Speed:  186.3 MC/s (1.923e-02 s/TS) || Energy: ~1.69e-20 (-25.63dB)
[@     2m14s] Timestep:         6744 || Speed:  187.5 MC/s (1.911e-02 s/TS) || Energy: ~1.58e-20 (-25.91dB)
[@     2m18s] Timestep:         6954 || Speed:  187.6 MC/s (1.910e-02 s/TS) || Energy: ~2.19e-20 (-24.50dB)
[@     2m22s] Timestep:         7164 || Speed:  187.1 MC/s (1.915e-02 s/TS) || Energy: ~2.21e-20 (-24.47dB)
[@     2m26s] Timestep:         7380 || Speed:  188.8 MC/s (1.897e-02 s/TS) || Energy: ~1.85e-20 (-25.23dB)
[@     2m30s] Timestep:         7590 || Speed:  185.9 MC/s (1.927e-02 s/TS) || Energy: ~1.09e-20 (-27.52dB)
[@     2m34s] Timestep:         7806 || Speed:  188.7 MC/s (1.899e-02 s/TS) || Energy: ~8.52e-21 (-28.60dB)
[@     2m38s] Timestep:         8016 || Speed:  185.1 MC/s (1.936e-02 s/TS) || Energy: ~9.20e-21 (-28.27dB)
[@     2m42s] Timestep:         8232 || Speed:  188.2 MC/s (1.904e-02 s/TS) || Energy: ~1.01e-20 (-27.88dB)
[@     2m46s] Timestep:         8442 || Speed:  187.7 MC/s (1.909e-02 s/TS) || Energy: ~1.25e-20 (-26.92dB)
[@     2m50s] Timestep:         8652 || Speed:  186.6 MC/s (1.921e-02 s/TS) || Energy: ~9.61e-21 (-28.08dB)
[@     2m54s] Timestep:         8862 || Speed:  187.5 MC/s (1.911e-02 s/TS) || Energy: ~5.15e-21 (-30.78dB)
[@     2m58s] Timestep:         9078 || Speed:  187.7 MC/s (1.909e-02 s/TS) || Energy: ~4.15e-21 (-31.73dB)
[@     3m02s] Timestep:         9294 || Speed:  187.6 MC/s (1.910e-02 s/TS) || Energy: ~3.95e-21 (-31.94dB)
[@     3m06s] Timestep:         9504 || Speed:  187.5 MC/s (1.911e-02 s/TS) || Energy: ~6.17e-21 (-30.01dB)
[@     3m10s] Timestep:         9714 || Speed:  187.4 MC/s (1.912e-02 s/TS) || Energy: ~7.03e-21 (-29.44dB)
[@     3m14s] Timestep:         9924 || Speed:  187.8 MC/s (1.908e-02 s/TS) || Energy: ~4.65e-21 (-31.23dB)
[@     3m18s] Timestep:        10140 || Speed:  188.3 MC/s (1.903e-02 s/TS) || Energy: ~3.32e-21 (-32.70dB)
[@     3m23s] Timestep:        10350 || Speed:  183.6 MC/s (1.952e-02 s/TS) || Energy: ~2.21e-21 (-34.47dB)
[@     3m27s] Timestep:        10560 || Speed:  187.1 MC/s (1.915e-02 s/TS) || Energy: ~3.45e-21 (-32.53dB)
[@     3m31s] Timestep:        10770 || Speed:  187.8 MC/s (1.908e-02 s/TS) || Energy: ~4.24e-21 (-31.63dB)
[@     3m35s] Timestep:        10980 || Speed:  187.2 MC/s (1.914e-02 s/TS) || Energy: ~3.01e-21 (-33.12dB)
[@     3m39s] Timestep:        11190 || Speed:  186.6 MC/s (1.921e-02 s/TS) || Energy: ~1.54e-21 (-36.02dB)
[@     3m43s] Timestep:        11400 || Speed:  184.7 MC/s (1.939e-02 s/TS) || Energy: ~1.66e-21 (-35.70dB)
[@     3m47s] Timestep:        11610 || Speed:  187.6 MC/s (1.910e-02 s/TS) || Energy: ~2.54e-21 (-33.86dB)
[@     3m51s] Timestep:        11826 || Speed:  188.4 MC/s (1.902e-02 s/TS) || Energy: ~2.49e-21 (-33.94dB)
[@     3m55s] Timestep:        12036 || Speed:  185.4 MC/s (1.933e-02 s/TS) || Energy: ~1.96e-21 (-34.98dB)
[@     3m59s] Timestep:        12252 || Speed:  188.5 MC/s (1.901e-02 s/TS) || Energy: ~1.48e-21 (-36.20dB)
[@     4m03s] Timestep:        12462 || Speed:  187.9 MC/s (1.907e-02 s/TS) || Energy: ~8.20e-22 (-38.77dB)
[@     4m07s] Timestep:        12678 || Speed:  188.3 MC/s (1.903e-02 s/TS) || Energy: ~7.49e-22 (-39.16dB)
[@     4m11s] Timestep:        12888 || Speed:  188.0 MC/s (1.906e-02 s/TS) || Energy: ~1.12e-21 (-37.43dB)
[@     4m15s] Timestep:        13098 || Speed:  188.0 MC/s (1.906e-02 s/TS) || Energy: ~1.36e-21 (-36.56dB)
[@     4m19s] Timestep:        13314 || Speed:  188.3 MC/s (1.903e-02 s/TS) || Energy: ~1.21e-21 (-37.07dB)
[@     4m23s] Timestep:        13524 || Speed:  186.7 MC/s (1.919e-02 s/TS) || Energy: ~7.58e-22 (-39.11dB)
[@     4m27s] Timestep:        13740 || Speed:  188.2 MC/s (1.904e-02 s/TS) || Energy: ~5.53e-22 (-40.48dB)
[@     4m31s] Timestep:        13956 || Speed:  188.3 MC/s (1.903e-02 s/TS) || Energy: ~4.17e-22 (-41.70dB)
[@     4m36s] Timestep:        14172 || Speed:  188.9 MC/s (1.897e-02 s/TS) || Energy: ~3.54e-22 (-42.42dB)
[@     4m40s] Timestep:        14388 || Speed:  188.3 MC/s (1.903e-02 s/TS) || Energy: ~3.52e-22 (-42.44dB)
[@     4m44s] Timestep:        14604 || Speed:  188.6 MC/s (1.900e-02 s/TS) || Energy: ~3.90e-22 (-42.00dB)
[@     4m48s] Timestep:        14820 || Speed:  188.4 MC/s (1.902e-02 s/TS) || Energy: ~4.42e-22 (-41.46dB)
[@     4m52s] Timestep:        15030 || Speed:  187.7 MC/s (1.909e-02 s/TS) || Energy: ~5.65e-22 (-40.39dB)
[@     4m56s] Timestep:        15246 || Speed:  188.7 MC/s (1.899e-02 s/TS) || Energy: ~5.07e-22 (-40.86dB)
[@     5m00s] Timestep:        15462 || Speed:  188.6 MC/s (1.900e-02 s/TS) || Energy: ~4.19e-22 (-41.68dB)
[@     5m04s] Timestep:        15678 || Speed:  188.9 MC/s (1.897e-02 s/TS) || Energy: ~3.19e-22 (-42.86dB)
[@     5m08s] Timestep:        15888 || Speed:  187.6 MC/s (1.910e-02 s/TS) || Energy: ~1.51e-22 (-46.10dB)
[@     5m12s] Timestep:        16104 || Speed:  189.0 MC/s (1.896e-02 s/TS) || Energy: ~1.27e-22 (-46.86dB)
[@     5m16s] Timestep:        16314 || Speed:  186.3 MC/s (1.923e-02 s/TS) || Energy: ~2.10e-22 (-44.68dB)
[@     5m20s] Timestep:        16530 || Speed:  188.9 MC/s (1.896e-02 s/TS) || Energy: ~2.38e-22 (-44.14dB)
[@     5m25s] Timestep:        16746 || Speed:  188.4 MC/s (1.902e-02 s/TS) || Energy: ~2.50e-22 (-43.92dB)
[@     5m29s] Timestep:        16956 || Speed:  187.9 MC/s (1.907e-02 s/TS) || Energy: ~2.17e-22 (-44.53dB)
[@     5m33s] Timestep:        17166 || Speed:  186.6 MC/s (1.920e-02 s/TS) || Energy: ~1.04e-22 (-47.72dB)
[@     5m37s] Timestep:        17376 || Speed:  187.7 MC/s (1.909e-02 s/TS) || Energy: ~7.16e-23 (-49.36dB)
[@     5m41s] Timestep:        17586 || Speed:  187.6 MC/s (1.910e-02 s/TS) || Energy: ~1.36e-22 (-46.58dB)
[@     5m45s] Timestep:        17802 || Speed:  188.7 MC/s (1.898e-02 s/TS) || Energy: ~1.49e-22 (-46.18dB)
[@     5m49s] Timestep:        18012 || Speed:  187.8 MC/s (1.908e-02 s/TS) || Energy: ~1.44e-22 (-46.32dB)
[@     5m53s] Timestep:        18222 || Speed:  188.0 MC/s (1.906e-02 s/TS) || Energy: ~7.59e-23 (-49.11dB)
[@     5m57s] Timestep:        18432 || Speed:  187.8 MC/s (1.908e-02 s/TS) || Energy: ~4.59e-23 (-51.29dB)
Time for 18432 iterations with 3583125.00 cells : 357.25 sec
Speed: 184.87 MCells/s 
    [excite port 39/44]
 ---------------------------------------------------------------------- 
 | openEMS 64bit -- version v0.37.0-rc1-2-g7b051bb
 | (C) 2010-2026 Thorsten Liebig <thorsten.liebig@gmx.de>  GPL license
 ---------------------------------------------------------------------- 
	Used external libraries:
		CSXCAD -- Version: v0.7.0-rc1-1-g5115701
		hdf5   -- Version: 1.10.10
		          compiled against: HDF5 library version: 1.10.10
		tinyxml -- compiled against: 2.6.2
		fparser
		boost  -- compiled against: 1_83
		vtk -- Version: 9.1.0
		       compiled against: 9.1.0

Create FDTD operator (compressed SSE + multi-threading)
FDTD simulation size: 175x195x105 --> 3583125.00 FDTD cells 
FDTD timestep is: 0.00 s; Nyquist rate: 24 timesteps @102110454074.00 Hz
Excitation signal length is: 282 timesteps (0.00s)
Max. number of timesteps: 60000 ( --> 212.77 * Excitation signal length)
Create FDTD engine (compressed SSE + multi-threading)
Running FDTD engine... this may take a while... grab a cup of coffee?!?
[@        4s] Timestep:          102 || Speed:   87.1 MC/s (4.114e-02 s/TS) || Energy: ~6.02e-19 (- 0.00dB)
[@        8s] Timestep:          252 || Speed:  129.3 MC/s (2.771e-02 s/TS) || Energy: ~5.88e-18 (- 0.00dB)
[@       12s] Timestep:          426 || Speed:  154.4 MC/s (2.321e-02 s/TS) || Energy: ~2.11e-18 (- 4.45dB)
[@       16s] Timestep:          618 || Speed:  167.8 MC/s (2.135e-02 s/TS) || Energy: ~1.10e-18 (- 7.27dB)
[@       20s] Timestep:          822 || Speed:  180.0 MC/s (1.991e-02 s/TS) || Energy: ~9.25e-19 (- 8.03dB)
[@       24s] Timestep:         1032 || Speed:  183.5 MC/s (1.953e-02 s/TS) || Energy: ~8.13e-19 (- 8.59dB)
[@       28s] Timestep:         1224 || Speed:  171.9 MC/s (2.084e-02 s/TS) || Energy: ~6.98e-19 (- 9.26dB)
Multithreaded Engine: Best performance found using 6 threads.
[@       32s] Timestep:         1428 || Speed:  181.8 MC/s (1.971e-02 s/TS) || Energy: ~5.37e-19 (-10.40dB)
[@       36s] Timestep:         1638 || Speed:  186.8 MC/s (1.918e-02 s/TS) || Energy: ~3.83e-19 (-11.87dB)
[@       40s] Timestep:         1848 || Speed:  186.4 MC/s (1.922e-02 s/TS) || Energy: ~3.11e-19 (-12.76dB)
[@       44s] Timestep:         2058 || Speed:  186.9 MC/s (1.917e-02 s/TS) || Energy: ~3.20e-19 (-12.65dB)
[@       48s] Timestep:         2274 || Speed:  188.5 MC/s (1.901e-02 s/TS) || Energy: ~2.62e-19 (-13.52dB)
[@       52s] Timestep:         2490 || Speed:  188.5 MC/s (1.901e-02 s/TS) || Energy: ~2.01e-19 (-14.67dB)
[@       56s] Timestep:         2700 || Speed:  188.0 MC/s (1.906e-02 s/TS) || Energy: ~1.26e-19 (-16.69dB)
[@     1m01s] Timestep:         2910 || Speed:  187.1 MC/s (1.916e-02 s/TS) || Energy: ~9.15e-20 (-18.08dB)
[@     1m05s] Timestep:         3120 || Speed:  187.3 MC/s (1.913e-02 s/TS) || Energy: ~9.76e-20 (-17.80dB)
[@     1m09s] Timestep:         3330 || Speed:  186.8 MC/s (1.918e-02 s/TS) || Energy: ~9.47e-20 (-17.93dB)
[@     1m13s] Timestep:         3540 || Speed:  185.9 MC/s (1.927e-02 s/TS) || Energy: ~7.38e-20 (-19.01dB)
[@     1m17s] Timestep:         3750 || Speed:  187.9 MC/s (1.907e-02 s/TS) || Energy: ~4.98e-20 (-20.72dB)
[@     1m21s] Timestep:         3960 || Speed:  187.7 MC/s (1.909e-02 s/TS) || Energy: ~4.07e-20 (-21.60dB)
[@     1m25s] Timestep:         4170 || Speed:  186.7 MC/s (1.920e-02 s/TS) || Energy: ~4.61e-20 (-21.06dB)
[@     1m29s] Timestep:         4380 || Speed:  186.3 MC/s (1.924e-02 s/TS) || Energy: ~4.76e-20 (-20.92dB)
[@     1m33s] Timestep:         4590 || Speed:  187.9 MC/s (1.906e-02 s/TS) || Energy: ~3.25e-20 (-22.58dB)
[@     1m37s] Timestep:         4800 || Speed:  185.6 MC/s (1.930e-02 s/TS) || Energy: ~1.96e-20 (-24.76dB)
[@     1m41s] Timestep:         5010 || Speed:  187.7 MC/s (1.908e-02 s/TS) || Energy: ~2.39e-20 (-23.91dB)
[@     1m45s] Timestep:         5226 || Speed:  188.5 MC/s (1.900e-02 s/TS) || Energy: ~2.56e-20 (-23.61dB)
[@     1m49s] Timestep:         5442 || Speed:  188.6 MC/s (1.900e-02 s/TS) || Energy: ~2.57e-20 (-23.60dB)
[@     1m53s] Timestep:         5658 || Speed:  187.8 MC/s (1.908e-02 s/TS) || Energy: ~2.36e-20 (-23.97dB)
[@     1m57s] Timestep:         5874 || Speed:  188.3 MC/s (1.903e-02 s/TS) || Energy: ~1.97e-20 (-24.75dB)
[@     2m01s] Timestep:         6090 || Speed:  188.3 MC/s (1.903e-02 s/TS) || Energy: ~1.48e-20 (-25.98dB)
[@     2m05s] Timestep:         6306 || Speed:  188.1 MC/s (1.905e-02 s/TS) || Energy: ~1.03e-20 (-27.58dB)
[@     2m09s] Timestep:         6516 || Speed:  186.6 MC/s (1.920e-02 s/TS) || Energy: ~6.77e-21 (-29.39dB)
[@     2m13s] Timestep:         6726 || Speed:  187.5 MC/s (1.911e-02 s/TS) || Energy: ~1.04e-20 (-27.54dB)
[@     2m18s] Timestep:         6936 || Speed:  184.8 MC/s (1.939e-02 s/TS) || Energy: ~1.16e-20 (-27.06dB)
[@     2m22s] Timestep:         7146 || Speed:  185.9 MC/s (1.928e-02 s/TS) || Energy: ~7.20e-21 (-29.12dB)
[@     2m26s] Timestep:         7356 || Speed:  184.4 MC/s (1.943e-02 s/TS) || Energy: ~4.14e-21 (-31.52dB)
[@     2m30s] Timestep:         7572 || Speed:  188.3 MC/s (1.903e-02 s/TS) || Energy: ~4.14e-21 (-31.52dB)
[@     2m34s] Timestep:         7782 || Speed:  188.1 MC/s (1.905e-02 s/TS) || Energy: ~6.33e-21 (-29.68dB)
[@     2m38s] Timestep:         7992 || Speed:  188.0 MC/s (1.906e-02 s/TS) || Energy: ~6.17e-21 (-29.79dB)
[@     2m42s] Timestep:         8202 || Speed:  186.5 MC/s (1.921e-02 s/TS) || Energy: ~3.48e-21 (-32.28dB)
[@     2m46s] Timestep:         8412 || Speed:  187.7 MC/s (1.909e-02 s/TS) || Energy: ~2.49e-21 (-33.74dB)
[@     2m50s] Timestep:         8622 || Speed:  183.0 MC/s (1.958e-02 s/TS) || Energy: ~3.69e-21 (-32.03dB)
[@     2m54s] Timestep:         8832 || Speed:  184.4 MC/s (1.943e-02 s/TS) || Energy: ~3.90e-21 (-31.78dB)
[@     2m58s] Timestep:         9042 || Speed:  186.1 MC/s (1.926e-02 s/TS) || Energy: ~2.42e-21 (-33.86dB)
[@     3m02s] Timestep:         9252 || Speed:  187.9 MC/s (1.906e-02 s/TS) || Energy: ~1.57e-21 (-35.73dB)
[@     3m06s] Timestep:         9462 || Speed:  187.7 MC/s (1.909e-02 s/TS) || Energy: ~2.14e-21 (-34.39dB)
[@     3m10s] Timestep:         9678 || Speed:  188.3 MC/s (1.903e-02 s/TS) || Energy: ~2.24e-21 (-34.20dB)
[@     3m14s] Timestep:         9888 || Speed:  187.5 MC/s (1.911e-02 s/TS) || Energy: ~2.01e-21 (-34.66dB)
[@     3m18s] Timestep:        10098 || Speed:  185.6 MC/s (1.931e-02 s/TS) || Energy: ~1.20e-21 (-36.90dB)
[@     3m22s] Timestep:        10308 || Speed:  187.4 MC/s (1.912e-02 s/TS) || Energy: ~1.00e-21 (-37.69dB)
[@     3m26s] Timestep:        10518 || Speed:  187.4 MC/s (1.912e-02 s/TS) || Energy: ~1.32e-21 (-36.48dB)
[@     3m30s] Timestep:        10734 || Speed:  188.5 MC/s (1.901e-02 s/TS) || Energy: ~1.28e-21 (-36.63dB)
[@     3m34s] Timestep:        10950 || Speed:  188.8 MC/s (1.898e-02 s/TS) || Energy: ~1.13e-21 (-37.16dB)
[@     3m39s] Timestep:        11160 || Speed:  184.0 MC/s (1.948e-02 s/TS) || Energy: ~7.62e-22 (-38.87dB)
[@     3m43s] Timestep:        11370 || Speed:  185.4 MC/s (1.933e-02 s/TS) || Energy: ~5.62e-22 (-40.20dB)
[@     3m47s] Timestep:        11580 || Speed:  187.4 MC/s (1.912e-02 s/TS) || Energy: ~6.70e-22 (-39.43dB)
[@     3m51s] Timestep:        11796 || Speed:  187.9 MC/s (1.907e-02 s/TS) || Energy: ~6.64e-22 (-39.47dB)
[@     3m55s] Timestep:        12012 || Speed:  187.7 MC/s (1.909e-02 s/TS) || Energy: ~6.12e-22 (-39.83dB)
[@     3m59s] Timestep:        12222 || Speed:  187.1 MC/s (1.915e-02 s/TS) || Energy: ~4.64e-22 (-41.03dB)
[@     4m03s] Timestep:        12432 || Speed:  186.0 MC/s (1.927e-02 s/TS) || Energy: ~3.29e-22 (-42.53dB)
[@     4m07s] Timestep:        12648 || Speed:  188.6 MC/s (1.900e-02 s/TS) || Energy: ~3.01e-22 (-42.91dB)
[@     4m11s] Timestep:        12858 || Speed:  186.6 MC/s (1.921e-02 s/TS) || Energy: ~3.40e-22 (-42.38dB)
[@     4m15s] Timestep:        13068 || Speed:  188.1 MC/s (1.905e-02 s/TS) || Energy: ~3.27e-22 (-42.56dB)
[@     4m19s] Timestep:        13284 || Speed:  189.0 MC/s (1.895e-02 s/TS) || Energy: ~2.72e-22 (-43.35dB)
[@     4m23s] Timestep:        13500 || Speed:  188.8 MC/s (1.898e-02 s/TS) || Energy: ~2.20e-22 (-44.27dB)
[@     4m27s] Timestep:        13716 || Speed:  188.4 MC/s (1.902e-02 s/TS) || Energy: ~1.79e-22 (-45.17dB)
[@     4m32s] Timestep:        13932 || Speed:  188.2 MC/s (1.904e-02 s/TS) || Energy: ~1.52e-22 (-45.89dB)
[@     4m36s] Timestep:        14142 || Speed:  187.9 MC/s (1.907e-02 s/TS) || Energy: ~1.48e-22 (-46.00dB)
[@     4m40s] Timestep:        14352 || Speed:  185.6 MC/s (1.931e-02 s/TS) || Energy: ~1.52e-22 (-45.89dB)
[@     4m44s] Timestep:        14562 || Speed:  188.1 MC/s (1.905e-02 s/TS) || Energy: ~1.29e-22 (-46.58dB)
[@     4m48s] Timestep:        14778 || Speed:  188.1 MC/s (1.905e-02 s/TS) || Energy: ~1.08e-22 (-47.37dB)
[@     4m52s] Timestep:        14994 || Speed:  188.3 MC/s (1.902e-02 s/TS) || Energy: ~9.05e-23 (-48.13dB)
[@     4m56s] Timestep:        15210 || Speed:  188.5 MC/s (1.901e-02 s/TS) || Energy: ~7.73e-23 (-48.81dB)
[@     5m00s] Timestep:        15426 || Speed:  188.1 MC/s (1.905e-02 s/TS) || Energy: ~6.77e-23 (-49.39dB)
[@     5m04s] Timestep:        15636 || Speed:  188.0 MC/s (1.905e-02 s/TS) || Energy: ~6.42e-23 (-49.62dB)
[@     5m08s] Timestep:        15846 || Speed:  187.6 MC/s (1.910e-02 s/TS) || Energy: ~6.21e-23 (-49.77dB)
[@     5m12s] Timestep:        16056 || Speed:  188.0 MC/s (1.906e-02 s/TS) || Energy: ~5.40e-23 (-50.37dB)
Time for 16056 iterations with 3583125.00 cells : 312.53 sec
Speed: 184.08 MCells/s 
    [excite port 40/44]
 ---------------------------------------------------------------------- 
 | openEMS 64bit -- version v0.37.0-rc1-2-g7b051bb
 | (C) 2010-2026 Thorsten Liebig <thorsten.liebig@gmx.de>  GPL license
 ---------------------------------------------------------------------- 
	Used external libraries:
		CSXCAD -- Version: v0.7.0-rc1-1-g5115701
		hdf5   -- Version: 1.10.10
		          compiled against: HDF5 library version: 1.10.10
		tinyxml -- compiled against: 2.6.2
		fparser
		boost  -- compiled against: 1_83
		vtk -- Version: 9.1.0
		       compiled against: 9.1.0

Create FDTD operator (compressed SSE + multi-threading)
FDTD simulation size: 175x195x105 --> 3583125.00 FDTD cells 
FDTD timestep is: 0.00 s; Nyquist rate: 24 timesteps @102110454074.00 Hz
Excitation signal length is: 282 timesteps (0.00s)
Max. number of timesteps: 60000 ( --> 212.77 * Excitation signal length)
Create FDTD engine (compressed SSE + multi-threading)
Running FDTD engine... this may take a while... grab a cup of coffee?!?
[@        4s] Timestep:          102 || Speed:   88.5 MC/s (4.050e-02 s/TS) || Energy: ~6.02e-19 (- 0.00dB)
[@        8s] Timestep:          258 || Speed:  139.2 MC/s (2.574e-02 s/TS) || Energy: ~6.91e-18 (- 0.00dB)
[@       12s] Timestep:          450 || Speed:  166.4 MC/s (2.153e-02 s/TS) || Energy: ~2.53e-18 (- 4.36dB)
[@       16s] Timestep:          648 || Speed:  175.9 MC/s (2.037e-02 s/TS) || Energy: ~1.30e-18 (- 7.26dB)
[@       20s] Timestep:          858 || Speed:  184.6 MC/s (1.941e-02 s/TS) || Energy: ~1.08e-18 (- 8.05dB)
[@       24s] Timestep:         1068 || Speed:  184.1 MC/s (1.946e-02 s/TS) || Energy: ~8.04e-19 (- 9.34dB)
Multithreaded Engine: Best performance found using 5 threads.
[@       28s] Timestep:         1278 || Speed:  185.0 MC/s (1.937e-02 s/TS) || Energy: ~5.04e-19 (-11.37dB)
[@       32s] Timestep:         1488 || Speed:  183.5 MC/s (1.953e-02 s/TS) || Energy: ~6.09e-19 (-10.55dB)
[@       36s] Timestep:         1698 || Speed:  183.2 MC/s (1.956e-02 s/TS) || Energy: ~5.86e-19 (-10.71dB)
[@       40s] Timestep:         1908 || Speed:  183.0 MC/s (1.958e-02 s/TS) || Energy: ~3.48e-19 (-12.97dB)
[@       44s] Timestep:         2112 || Speed:  182.5 MC/s (1.963e-02 s/TS) || Energy: ~2.97e-19 (-13.67dB)
[@       48s] Timestep:         2322 || Speed:  184.0 MC/s (1.947e-02 s/TS) || Energy: ~3.02e-19 (-13.59dB)
[@       53s] Timestep:         2520 || Speed:  172.2 MC/s (2.081e-02 s/TS) || Energy: ~1.79e-19 (-15.87dB)
[@       57s] Timestep:         2724 || Speed:  181.5 MC/s (1.975e-02 s/TS) || Energy: ~1.81e-19 (-15.81dB)
[@     1m01s] Timestep:         2928 || Speed:  182.2 MC/s (1.967e-02 s/TS) || Energy: ~1.68e-19 (-16.14dB)
[@     1m05s] Timestep:         3132 || Speed:  182.0 MC/s (1.969e-02 s/TS) || Energy: ~1.01e-19 (-18.36dB)
[@     1m09s] Timestep:         3342 || Speed:  182.9 MC/s (1.959e-02 s/TS) || Energy: ~1.01e-19 (-18.36dB)
[@     1m13s] Timestep:         3552 || Speed:  184.2 MC/s (1.945e-02 s/TS) || Energy: ~1.13e-19 (-17.86dB)
[@     1m17s] Timestep:         3762 || Speed:  183.7 MC/s (1.950e-02 s/TS) || Energy: ~9.05e-20 (-18.83dB)
[@     1m21s] Timestep:         3972 || Speed:  185.0 MC/s (1.937e-02 s/TS) || Energy: ~5.59e-20 (-20.92dB)
[@     1m25s] Timestep:         4182 || Speed:  184.6 MC/s (1.941e-02 s/TS) || Energy: ~4.81e-20 (-21.57dB)
[@     1m29s] Timestep:         4392 || Speed:  184.7 MC/s (1.940e-02 s/TS) || Energy: ~6.12e-20 (-20.53dB)
[@     1m33s] Timestep:         4602 || Speed:  183.6 MC/s (1.951e-02 s/TS) || Energy: ~5.84e-20 (-20.73dB)
[@     1m37s] Timestep:         4812 || Speed:  184.1 MC/s (1.946e-02 s/TS) || Energy: ~3.69e-20 (-22.73dB)
[@     1m41s] Timestep:         5022 || Speed:  184.7 MC/s (1.940e-02 s/TS) || Energy: ~2.64e-20 (-24.18dB)
[@     1m45s] Timestep:         5232 || Speed:  184.5 MC/s (1.942e-02 s/TS) || Energy: ~3.32e-20 (-23.19dB)
[@     1m50s] Timestep:         5442 || Speed:  185.9 MC/s (1.928e-02 s/TS) || Energy: ~3.54e-20 (-22.90dB)
[@     1m54s] Timestep:         5652 || Speed:  184.5 MC/s (1.942e-02 s/TS) || Energy: ~2.54e-20 (-24.34dB)
[@     1m58s] Timestep:         5862 || Speed:  183.8 MC/s (1.949e-02 s/TS) || Energy: ~1.77e-20 (-25.91dB)
[@     2m02s] Timestep:         6072 || Speed:  186.0 MC/s (1.926e-02 s/TS) || Energy: ~1.91e-20 (-25.57dB)
[@     2m06s] Timestep:         6276 || Speed:  182.6 MC/s (1.962e-02 s/TS) || Energy: ~2.05e-20 (-25.28dB)
[@     2m10s] Timestep:         6486 || Speed:  185.0 MC/s (1.937e-02 s/TS) || Energy: ~1.52e-20 (-26.58dB)
[@     2m14s] Timestep:         6696 || Speed:  183.4 MC/s (1.954e-02 s/TS) || Energy: ~1.28e-20 (-27.31dB)
[@     2m18s] Timestep:         6906 || Speed:  185.3 MC/s (1.934e-02 s/TS) || Energy: ~1.29e-20 (-27.29dB)
[@     2m22s] Timestep:         7116 || Speed:  185.0 MC/s (1.937e-02 s/TS) || Energy: ~1.21e-20 (-27.58dB)
[@     2m26s] Timestep:         7326 || Speed:  185.5 MC/s (1.932e-02 s/TS) || Energy: ~1.05e-20 (-28.18dB)
[@     2m30s] Timestep:         7536 || Speed:  185.5 MC/s (1.931e-02 s/TS) || Energy: ~9.27e-21 (-28.72dB)
[@     2m34s] Timestep:         7734 || Speed:  176.7 MC/s (2.027e-02 s/TS) || Energy: ~7.97e-21 (-29.38dB)
[@     2m38s] Timestep:         7878 || Speed:  127.2 MC/s (2.817e-02 s/TS) || Energy: ~7.31e-21 (-29.75dB)
[@     2m42s] Timestep:         8070 || Speed:  171.5 MC/s (2.089e-02 s/TS) || Energy: ~7.60e-21 (-29.59dB)
[@     2m46s] Timestep:         8274 || Speed:  178.3 MC/s (2.010e-02 s/TS) || Energy: ~5.75e-21 (-30.80dB)
[@     2m50s] Timestep:         8478 || Speed:  181.8 MC/s (1.970e-02 s/TS) || Energy: ~5.39e-21 (-31.08dB)
[@     2m54s] Timestep:         8682 || Speed:  181.7 MC/s (1.972e-02 s/TS) || Energy: ~5.75e-21 (-30.79dB)
[@     2m58s] Timestep:         8886 || Speed:  179.0 MC/s (2.002e-02 s/TS) || Energy: ~3.60e-21 (-32.83dB)
[@     3m03s] Timestep:         9090 || Speed:  178.9 MC/s (2.002e-02 s/TS) || Energy: ~4.46e-21 (-31.90dB)
[@     3m07s] Timestep:         9294 || Speed:  181.6 MC/s (1.973e-02 s/TS) || Energy: ~3.85e-21 (-32.54dB)
[@     3m11s] Timestep:         9498 || Speed:  182.6 MC/s (1.962e-02 s/TS) || Energy: ~2.45e-21 (-34.50dB)
[@     3m15s] Timestep:         9708 || Speed:  182.9 MC/s (1.959e-02 s/TS) || Energy: ~3.21e-21 (-33.33dB)
[@     3m19s] Timestep:         9912 || Speed:  181.9 MC/s (1.970e-02 s/TS) || Energy: ~2.88e-21 (-33.80dB)
[@     3m23s] Timestep:        10122 || Speed:  183.4 MC/s (1.954e-02 s/TS) || Energy: ~1.62e-21 (-36.30dB)
[@     3m27s] Timestep:        10332 || Speed:  183.0 MC/s (1.958e-02 s/TS) || Energy: ~1.67e-21 (-36.18dB)
[@     3m31s] Timestep:        10542 || Speed:  183.8 MC/s (1.950e-02 s/TS) || Energy: ~2.35e-21 (-34.68dB)
[@     3m35s] Timestep:        10752 || Speed:  183.8 MC/s (1.949e-02 s/TS) || Energy: ~2.03e-21 (-35.31dB)
[@     3m39s] Timestep:        10962 || Speed:  184.0 MC/s (1.947e-02 s/TS) || Energy: ~1.06e-21 (-38.13dB)
[@     3m43s] Timestep:        11172 || Speed:  182.8 MC/s (1.960e-02 s/TS) || Energy: ~8.71e-22 (-38.99dB)
[@     3m47s] Timestep:        11376 || Speed:  182.1 MC/s (1.968e-02 s/TS) || Energy: ~1.61e-21 (-36.32dB)
[@     3m51s] Timestep:        11580 || Speed:  182.3 MC/s (1.965e-02 s/TS) || Energy: ~7.79e-22 (-39.48dB)
[@     3m55s] Timestep:        11790 || Speed:  182.9 MC/s (1.959e-02 s/TS) || Energy: ~5.65e-22 (-40.87dB)
[@     4m00s] Timestep:        12000 || Speed:  183.5 MC/s (1.952e-02 s/TS) || Energy: ~9.38e-22 (-38.67dB)
[@     4m04s] Timestep:        12204 || Speed:  182.1 MC/s (1.968e-02 s/TS) || Energy: ~8.47e-22 (-39.11dB)
[@     4m08s] Timestep:        12408 || Speed:  182.5 MC/s (1.963e-02 s/TS) || Energy: ~3.70e-22 (-42.71dB)
[@     4m12s] Timestep:        12612 || Speed:  182.1 MC/s (1.967e-02 s/TS) || Energy: ~7.86e-22 (-39.44dB)
[@     4m16s] Timestep:        12822 || Speed:  183.9 MC/s (1.948e-02 s/TS) || Energy: ~6.34e-22 (-40.37dB)
[@     4m20s] Timestep:        13026 || Speed:  181.4 MC/s (1.975e-02 s/TS) || Energy: ~2.49e-22 (-44.43dB)
[@     4m24s] Timestep:        13236 || Speed:  183.3 MC/s (1.954e-02 s/TS) || Energy: ~3.92e-22 (-42.46dB)
[@     4m28s] Timestep:        13440 || Speed:  182.4 MC/s (1.965e-02 s/TS) || Energy: ~4.70e-22 (-41.67dB)
[@     4m32s] Timestep:        13644 || Speed:  181.5 MC/s (1.974e-02 s/TS) || Energy: ~1.76e-22 (-45.94dB)
[@     4m36s] Timestep:        13854 || Speed:  183.0 MC/s (1.958e-02 s/TS) || Energy: ~2.43e-22 (-44.53dB)
[@     4m40s] Timestep:        14064 || Speed:  183.3 MC/s (1.955e-02 s/TS) || Energy: ~3.43e-22 (-43.04dB)
[@     4m44s] Timestep:        14274 || Speed:  183.1 MC/s (1.957e-02 s/TS) || Energy: ~2.68e-22 (-44.12dB)
[@     4m48s] Timestep:        14484 || Speed:  182.9 MC/s (1.959e-02 s/TS) || Energy: ~1.29e-22 (-47.29dB)
[@     4m52s] Timestep:        14688 || Speed:  182.1 MC/s (1.968e-02 s/TS) || Energy: ~1.70e-22 (-46.09dB)
[@     4m56s] Timestep:        14892 || Speed:  180.2 MC/s (1.989e-02 s/TS) || Energy: ~2.03e-22 (-45.33dB)
[@     5m00s] Timestep:        15096 || Speed:  180.5 MC/s (1.985e-02 s/TS) || Energy: ~7.67e-23 (-49.54dB)
[@     5m04s] Timestep:        15300 || Speed:  180.8 MC/s (1.981e-02 s/TS) || Energy: ~1.46e-22 (-46.75dB)
[@     5m08s] Timestep:        15504 || Speed:  181.2 MC/s (1.978e-02 s/TS) || Energy: ~1.23e-22 (-47.49dB)
[@     5m13s] Timestep:        15708 || Speed:  180.7 MC/s (1.983e-02 s/TS) || Energy: ~5.49e-23 (-51.00dB)
Time for 15708 iterations with 3583125.00 cells : 313.04 sec
Speed: 179.80 MCells/s 
    [excite port 41/44]
 ---------------------------------------------------------------------- 
 | openEMS 64bit -- version v0.37.0-rc1-2-g7b051bb
 | (C) 2010-2026 Thorsten Liebig <thorsten.liebig@gmx.de>  GPL license
 ---------------------------------------------------------------------- 
	Used external libraries:
		CSXCAD -- Version: v0.7.0-rc1-1-g5115701
		hdf5   -- Version: 1.10.10
		          compiled against: HDF5 library version: 1.10.10
		tinyxml -- compiled against: 2.6.2
		fparser
		boost  -- compiled against: 1_83
		vtk -- Version: 9.1.0
		       compiled against: 9.1.0

Create FDTD operator (compressed SSE + multi-threading)
FDTD simulation size: 175x195x105 --> 3583125.00 FDTD cells 
FDTD timestep is: 0.00 s; Nyquist rate: 24 timesteps @102110454074.00 Hz
Excitation signal length is: 282 timesteps (0.00s)
Max. number of timesteps: 60000 ( --> 212.77 * Excitation signal length)
Create FDTD engine (compressed SSE + multi-threading)
Running FDTD engine... this may take a while... grab a cup of coffee?!?
[@        4s] Timestep:           96 || Speed:   85.7 MC/s (4.180e-02 s/TS) || Energy: ~3.50e-19 (- 0.00dB)
[@        8s] Timestep:          246 || Speed:  134.0 MC/s (2.674e-02 s/TS) || Energy: ~5.83e-18 (- 0.00dB)
[@       12s] Timestep:          432 || Speed:  161.7 MC/s (2.216e-02 s/TS) || Energy: ~2.85e-18 (- 3.11dB)
[@       16s] Timestep:          624 || Speed:  171.3 MC/s (2.091e-02 s/TS) || Energy: ~1.72e-18 (- 5.31dB)
[@       20s] Timestep:          828 || Speed:  182.5 MC/s (1.964e-02 s/TS) || Energy: ~1.58e-18 (- 5.68dB)
[@       24s] Timestep:         1038 || Speed:  186.5 MC/s (1.921e-02 s/TS) || Energy: ~1.41e-18 (- 6.17dB)
[@       28s] Timestep:         1254 || Speed:  188.2 MC/s (1.904e-02 s/TS) || Energy: ~1.03e-18 (- 7.53dB)
[@       32s] Timestep:         1464 || Speed:  183.0 MC/s (1.958e-02 s/TS) || Energy: ~8.53e-19 (- 8.35dB)
Multithreaded Engine: Best performance found using 7 threads.
[@       36s] Timestep:         1668 || Speed:  178.3 MC/s (2.010e-02 s/TS) || Energy: ~9.25e-19 (- 8.00dB)
[@       40s] Timestep:         1872 || Speed:  180.5 MC/s (1.986e-02 s/TS) || Energy: ~5.32e-19 (-10.40dB)
[@       44s] Timestep:         2082 || Speed:  188.0 MC/s (1.905e-02 s/TS) || Energy: ~4.74e-19 (-10.90dB)
[@       48s] Timestep:         2298 || Speed:  188.6 MC/s (1.900e-02 s/TS) || Energy: ~4.32e-19 (-11.30dB)
[@       52s] Timestep:         2508 || Speed:  187.2 MC/s (1.914e-02 s/TS) || Energy: ~3.80e-19 (-11.86dB)
[@       56s] Timestep:         2724 || Speed:  188.5 MC/s (1.901e-02 s/TS) || Energy: ~2.75e-19 (-13.27dB)
[@     1m00s] Timestep:         2940 || Speed:  188.4 MC/s (1.902e-02 s/TS) || Energy: ~1.86e-19 (-14.96dB)
[@     1m04s] Timestep:         3150 || Speed:  187.5 MC/s (1.911e-02 s/TS) || Energy: ~1.35e-19 (-16.34dB)
[@     1m08s] Timestep:         3360 || Speed:  187.5 MC/s (1.911e-02 s/TS) || Energy: ~1.59e-19 (-15.65dB)
[@     1m12s] Timestep:         3570 || Speed:  187.8 MC/s (1.908e-02 s/TS) || Energy: ~1.46e-19 (-16.03dB)
[@     1m16s] Timestep:         3774 || Speed:  181.1 MC/s (1.979e-02 s/TS) || Energy: ~8.12e-20 (-18.56dB)
[@     1m20s] Timestep:         3984 || Speed:  187.9 MC/s (1.907e-02 s/TS) || Energy: ~8.88e-20 (-18.18dB)
[@     1m25s] Timestep:         4194 || Speed:  187.1 MC/s (1.915e-02 s/TS) || Energy: ~9.56e-20 (-17.86dB)
[@     1m29s] Timestep:         4404 || Speed:  186.8 MC/s (1.918e-02 s/TS) || Energy: ~6.55e-20 (-19.50dB)
[@     1m33s] Timestep:         4614 || Speed:  185.8 MC/s (1.928e-02 s/TS) || Energy: ~4.39e-20 (-21.24dB)
[@     1m37s] Timestep:         4824 || Speed:  185.2 MC/s (1.935e-02 s/TS) || Energy: ~5.22e-20 (-20.48dB)
[@     1m41s] Timestep:         5040 || Speed:  188.4 MC/s (1.902e-02 s/TS) || Energy: ~5.15e-20 (-20.54dB)
[@     1m45s] Timestep:         5256 || Speed:  189.0 MC/s (1.895e-02 s/TS) || Energy: ~4.61e-20 (-21.02dB)
[@     1m49s] Timestep:         5466 || Speed:  188.0 MC/s (1.906e-02 s/TS) || Energy: ~3.24e-20 (-22.55dB)
[@     1m53s] Timestep:         5676 || Speed:  187.1 MC/s (1.915e-02 s/TS) || Energy: ~2.36e-20 (-23.93dB)
[@     1m57s] Timestep:         5892 || Speed:  188.7 MC/s (1.899e-02 s/TS) || Energy: ~2.26e-20 (-24.12dB)
[@     2m01s] Timestep:         6102 || Speed:  186.7 MC/s (1.919e-02 s/TS) || Energy: ~2.53e-20 (-23.62dB)
[@     2m05s] Timestep:         6318 || Speed:  188.4 MC/s (1.902e-02 s/TS) || Energy: ~2.25e-20 (-24.13dB)
[@     2m09s] Timestep:         6534 || Speed:  188.9 MC/s (1.897e-02 s/TS) || Energy: ~1.86e-20 (-24.97dB)
[@     2m13s] Timestep:         6750 || Speed:  188.4 MC/s (1.902e-02 s/TS) || Energy: ~1.45e-20 (-26.04dB)
[@     2m17s] Timestep:         6960 || Speed:  188.0 MC/s (1.906e-02 s/TS) || Energy: ~1.12e-20 (-27.18dB)
[@     2m21s] Timestep:         7170 || Speed:  187.2 MC/s (1.914e-02 s/TS) || Energy: ~1.23e-20 (-26.77dB)
[@     2m25s] Timestep:         7386 || Speed:  188.3 MC/s (1.903e-02 s/TS) || Energy: ~1.19e-20 (-26.91dB)
[@     2m29s] Timestep:         7596 || Speed:  187.6 MC/s (1.910e-02 s/TS) || Energy: ~9.96e-21 (-27.68dB)
[@     2m33s] Timestep:         7806 || Speed:  188.1 MC/s (1.905e-02 s/TS) || Energy: ~6.62e-21 (-29.45dB)
[@     2m37s] Timestep:         8016 || Speed:  187.5 MC/s (1.911e-02 s/TS) || Energy: ~6.18e-21 (-29.75dB)
[@     2m41s] Timestep:         8226 || Speed:  188.1 MC/s (1.905e-02 s/TS) || Energy: ~7.35e-21 (-29.00dB)
[@     2m46s] Timestep:         8442 || Speed:  188.2 MC/s (1.904e-02 s/TS) || Energy: ~6.82e-21 (-29.32dB)
[@     2m50s] Timestep:         8658 || Speed:  188.3 MC/s (1.903e-02 s/TS) || Energy: ~5.84e-21 (-29.99dB)
[@     2m54s] Timestep:         8874 || Speed:  188.0 MC/s (1.905e-02 s/TS) || Energy: ~4.65e-21 (-30.99dB)
[@     2m58s] Timestep:         9090 || Speed:  189.1 MC/s (1.895e-02 s/TS) || Energy: ~3.51e-21 (-32.21dB)
[@     3m02s] Timestep:         9306 || Speed:  189.2 MC/s (1.894e-02 s/TS) || Energy: ~2.65e-21 (-33.43dB)
[@     3m06s] Timestep:         9516 || Speed:  188.0 MC/s (1.906e-02 s/TS) || Energy: ~2.40e-21 (-33.87dB)
[@     3m10s] Timestep:         9732 || Speed:  188.8 MC/s (1.897e-02 s/TS) || Energy: ~2.47e-21 (-33.73dB)
[@     3m14s] Timestep:         9942 || Speed:  188.0 MC/s (1.906e-02 s/TS) || Energy: ~2.87e-21 (-33.08dB)
[@     3m18s] Timestep:        10152 || Speed:  187.3 MC/s (1.913e-02 s/TS) || Energy: ~2.24e-21 (-34.15dB)
[@     3m22s] Timestep:        10362 || Speed:  188.1 MC/s (1.905e-02 s/TS) || Energy: ~1.41e-21 (-36.16dB)
[@     3m26s] Timestep:        10572 || Speed:  188.1 MC/s (1.905e-02 s/TS) || Energy: ~1.36e-21 (-36.32dB)
[@     3m30s] Timestep:        10788 || Speed:  188.8 MC/s (1.898e-02 s/TS) || Energy: ~1.39e-21 (-36.23dB)
[@     3m34s] Timestep:        10998 || Speed:  186.1 MC/s (1.925e-02 s/TS) || Energy: ~1.54e-21 (-35.80dB)
[@     3m38s] Timestep:        11208 || Speed:  187.6 MC/s (1.910e-02 s/TS) || Energy: ~1.19e-21 (-36.90dB)
[@     3m42s] Timestep:        11424 || Speed:  188.1 MC/s (1.905e-02 s/TS) || Energy: ~9.32e-22 (-37.97dB)
[@     3m47s] Timestep:        11640 || Speed:  188.2 MC/s (1.904e-02 s/TS) || Energy: ~7.38e-22 (-38.98dB)
[@     3m51s] Timestep:        11856 || Speed:  188.5 MC/s (1.901e-02 s/TS) || Energy: ~6.18e-22 (-39.75dB)
[@     3m55s] Timestep:        12072 || Speed:  188.9 MC/s (1.897e-02 s/TS) || Energy: ~5.57e-22 (-40.20dB)
[@     3m59s] Timestep:        12288 || Speed:  188.7 MC/s (1.898e-02 s/TS) || Energy: ~5.32e-22 (-40.40dB)
[@     4m03s] Timestep:        12498 || Speed:  185.5 MC/s (1.932e-02 s/TS) || Energy: ~5.95e-22 (-39.91dB)
[@     4m07s] Timestep:        12714 || Speed:  188.5 MC/s (1.900e-02 s/TS) || Energy: ~5.47e-22 (-40.28dB)
[@     4m11s] Timestep:        12930 || Speed:  188.4 MC/s (1.902e-02 s/TS) || Energy: ~4.81e-22 (-40.84dB)
[@     4m15s] Timestep:        13146 || Speed:  188.8 MC/s (1.898e-02 s/TS) || Energy: ~4.07e-22 (-41.57dB)
[@     4m19s] Timestep:        13356 || Speed:  186.3 MC/s (1.923e-02 s/TS) || Energy: ~2.94e-22 (-42.98dB)
[@     4m23s] Timestep:        13572 || Speed:  188.2 MC/s (1.904e-02 s/TS) || Energy: ~2.46e-22 (-43.76dB)
[@     4m27s] Timestep:        13788 || Speed:  188.5 MC/s (1.901e-02 s/TS) || Energy: ~2.17e-22 (-44.30dB)
[@     4m31s] Timestep:        13998 || Speed:  187.8 MC/s (1.908e-02 s/TS) || Energy: ~2.29e-22 (-44.07dB)
[@     4m36s] Timestep:        14214 || Speed:  188.1 MC/s (1.905e-02 s/TS) || Energy: ~2.18e-22 (-44.27dB)
[@     4m40s] Timestep:        14430 || Speed:  188.7 MC/s (1.898e-02 s/TS) || Energy: ~2.02e-22 (-44.61dB)
[@     4m44s] Timestep:        14646 || Speed:  188.7 MC/s (1.899e-02 s/TS) || Energy: ~1.79e-22 (-45.13dB)
[@     4m48s] Timestep:        14856 || Speed:  185.9 MC/s (1.928e-02 s/TS) || Energy: ~1.35e-22 (-46.34dB)
[@     4m52s] Timestep:        15072 || Speed:  188.3 MC/s (1.903e-02 s/TS) || Energy: ~1.10e-22 (-47.25dB)
[@     4m56s] Timestep:        15288 || Speed:  188.5 MC/s (1.900e-02 s/TS) || Energy: ~9.24e-23 (-48.00dB)
[@     5m00s] Timestep:        15504 || Speed:  188.2 MC/s (1.904e-02 s/TS) || Energy: ~8.30e-23 (-48.47dB)
[@     5m04s] Timestep:        15714 || Speed:  185.7 MC/s (1.929e-02 s/TS) || Energy: ~9.03e-23 (-48.10dB)
[@     5m08s] Timestep:        15924 || Speed:  186.2 MC/s (1.924e-02 s/TS) || Energy: ~8.71e-23 (-48.26dB)
[@     5m12s] Timestep:        16134 || Speed:  187.1 MC/s (1.915e-02 s/TS) || Energy: ~6.48e-23 (-49.55dB)
[@     5m16s] Timestep:        16344 || Speed:  187.6 MC/s (1.910e-02 s/TS) || Energy: ~5.06e-23 (-50.62dB)
Time for 16344 iterations with 3583125.00 cells : 316.77 sec
Speed: 184.87 MCells/s 
    [excite port 42/44]
 ---------------------------------------------------------------------- 
 | openEMS 64bit -- version v0.37.0-rc1-2-g7b051bb
 | (C) 2010-2026 Thorsten Liebig <thorsten.liebig@gmx.de>  GPL license
 ---------------------------------------------------------------------- 
	Used external libraries:
		CSXCAD -- Version: v0.7.0-rc1-1-g5115701
		hdf5   -- Version: 1.10.10
		          compiled against: HDF5 library version: 1.10.10
		tinyxml -- compiled against: 2.6.2
		fparser
		boost  -- compiled against: 1_83
		vtk -- Version: 9.1.0
		       compiled against: 9.1.0

Create FDTD operator (compressed SSE + multi-threading)
FDTD simulation size: 175x195x105 --> 3583125.00 FDTD cells 
FDTD timestep is: 0.00 s; Nyquist rate: 24 timesteps @102110454074.00 Hz
Excitation signal length is: 282 timesteps (0.00s)
Max. number of timesteps: 60000 ( --> 212.77 * Excitation signal length)
Create FDTD engine (compressed SSE + multi-threading)
Running FDTD engine... this may take a while... grab a cup of coffee?!?
[@        4s] Timestep:          102 || Speed:   86.4 MC/s (4.149e-02 s/TS) || Energy: ~6.13e-19 (- 0.00dB)
[@        8s] Timestep:          252 || Speed:  129.4 MC/s (2.769e-02 s/TS) || Energy: ~6.29e-18 (- 0.00dB)
[@       12s] Timestep:          432 || Speed:  155.9 MC/s (2.298e-02 s/TS) || Energy: ~3.08e-18 (- 3.10dB)
[@       16s] Timestep:          618 || Speed:  166.3 MC/s (2.155e-02 s/TS) || Energy: ~1.71e-18 (- 5.66dB)
[@       20s] Timestep:          822 || Speed:  178.8 MC/s (2.004e-02 s/TS) || Energy: ~1.37e-18 (- 6.61dB)
[@       24s] Timestep:         1032 || Speed:  183.7 MC/s (1.950e-02 s/TS) || Energy: ~1.37e-18 (- 6.61dB)
[@       28s] Timestep:         1242 || Speed:  186.7 MC/s (1.919e-02 s/TS) || Energy: ~9.43e-19 (- 8.24dB)
[@       32s] Timestep:         1446 || Speed:  182.4 MC/s (1.965e-02 s/TS) || Energy: ~7.63e-19 (- 9.16dB)
Multithreaded Engine: Best performance found using 7 threads.
[@       36s] Timestep:         1656 || Speed:  187.3 MC/s (1.913e-02 s/TS) || Energy: ~8.00e-19 (- 8.96dB)
[@       40s] Timestep:         1866 || Speed:  187.9 MC/s (1.907e-02 s/TS) || Energy: ~6.02e-19 (-10.19dB)
[@       44s] Timestep:         2082 || Speed:  188.2 MC/s (1.904e-02 s/TS) || Energy: ~4.05e-19 (-11.92dB)
[@       48s] Timestep:         2292 || Speed:  187.5 MC/s (1.911e-02 s/TS) || Energy: ~3.01e-19 (-13.20dB)
[@       52s] Timestep:         2502 || Speed:  187.9 MC/s (1.907e-02 s/TS) || Energy: ~3.75e-19 (-12.24dB)
[@       57s] Timestep:         2718 || Speed:  188.2 MC/s (1.904e-02 s/TS) || Energy: ~3.30e-19 (-12.80dB)
[@     1m01s] Timestep:         2934 || Speed:  188.1 MC/s (1.905e-02 s/TS) || Energy: ~2.57e-19 (-13.88dB)
[@     1m05s] Timestep:         3144 || Speed:  187.7 MC/s (1.909e-02 s/TS) || Energy: ~1.59e-19 (-15.97dB)
[@     1m09s] Timestep:         3360 || Speed:  187.9 MC/s (1.907e-02 s/TS) || Energy: ~1.25e-19 (-17.03dB)
[@     1m13s] Timestep:         3576 || Speed:  188.4 MC/s (1.902e-02 s/TS) || Energy: ~1.11e-19 (-17.52dB)
[@     1m17s] Timestep:         3792 || Speed:  188.6 MC/s (1.900e-02 s/TS) || Energy: ~1.04e-19 (-17.80dB)
[@     1m21s] Timestep:         4008 || Speed:  188.8 MC/s (1.898e-02 s/TS) || Energy: ~9.81e-20 (-18.07dB)
[@     1m25s] Timestep:         4218 || Speed:  186.9 MC/s (1.917e-02 s/TS) || Energy: ~8.70e-20 (-18.59dB)
[@     1m29s] Timestep:         4428 || Speed:  187.0 MC/s (1.916e-02 s/TS) || Energy: ~7.14e-20 (-19.45dB)
[@     1m33s] Timestep:         4638 || Speed:  185.5 MC/s (1.932e-02 s/TS) || Energy: ~6.38e-20 (-19.94dB)
[@     1m37s] Timestep:         4842 || Speed:  182.4 MC/s (1.965e-02 s/TS) || Energy: ~5.32e-20 (-20.73dB)
[@     1m41s] Timestep:         5052 || Speed:  184.8 MC/s (1.939e-02 s/TS) || Energy: ~4.65e-20 (-21.31dB)
[@     1m45s] Timestep:         5262 || Speed:  188.1 MC/s (1.905e-02 s/TS) || Energy: ~4.58e-20 (-21.38dB)
[@     1m49s] Timestep:         5472 || Speed:  187.1 MC/s (1.916e-02 s/TS) || Energy: ~4.03e-20 (-21.93dB)
[@     1m53s] Timestep:         5682 || Speed:  185.4 MC/s (1.932e-02 s/TS) || Energy: ~2.90e-20 (-23.37dB)
[@     1m57s] Timestep:         5898 || Speed:  188.1 MC/s (1.905e-02 s/TS) || Energy: ~2.33e-20 (-24.31dB)
[@     2m02s] Timestep:         6114 || Speed:  188.4 MC/s (1.902e-02 s/TS) || Energy: ~2.09e-20 (-24.79dB)
[@     2m06s] Timestep:         6324 || Speed:  187.9 MC/s (1.907e-02 s/TS) || Energy: ~2.50e-20 (-24.02dB)
[@     2m10s] Timestep:         6534 || Speed:  185.9 MC/s (1.927e-02 s/TS) || Energy: ~2.35e-20 (-24.28dB)
[@     2m14s] Timestep:         6744 || Speed:  186.8 MC/s (1.919e-02 s/TS) || Energy: ~1.49e-20 (-26.24dB)
[@     2m18s] Timestep:         6954 || Speed:  187.9 MC/s (1.907e-02 s/TS) || Energy: ~1.17e-20 (-27.30dB)
[@     2m22s] Timestep:         7164 || Speed:  185.9 MC/s (1.927e-02 s/TS) || Energy: ~1.53e-20 (-26.14dB)
[@     2m26s] Timestep:         7374 || Speed:  187.2 MC/s (1.914e-02 s/TS) || Energy: ~1.49e-20 (-26.27dB)
[@     2m30s] Timestep:         7584 || Speed:  187.8 MC/s (1.908e-02 s/TS) || Energy: ~8.96e-21 (-28.47dB)
[@     2m34s] Timestep:         7794 || Speed:  187.8 MC/s (1.908e-02 s/TS) || Energy: ~6.81e-21 (-29.65dB)
[@     2m38s] Timestep:         8004 || Speed:  187.2 MC/s (1.914e-02 s/TS) || Energy: ~9.55e-21 (-28.18dB)
[@     2m42s] Timestep:         8220 || Speed:  188.7 MC/s (1.899e-02 s/TS) || Energy: ~9.58e-21 (-28.18dB)
[@     2m46s] Timestep:         8436 || Speed:  188.4 MC/s (1.902e-02 s/TS) || Energy: ~8.49e-21 (-28.70dB)
[@     2m50s] Timestep:         8646 || Speed:  187.5 MC/s (1.911e-02 s/TS) || Energy: ~4.95e-21 (-31.04dB)
[@     2m54s] Timestep:         8856 || Speed:  186.0 MC/s (1.927e-02 s/TS) || Energy: ~3.37e-21 (-32.71dB)
[@     2m58s] Timestep:         9072 || Speed:  188.5 MC/s (1.901e-02 s/TS) || Energy: ~3.74e-21 (-32.26dB)
[@     3m02s] Timestep:         9288 || Speed:  188.5 MC/s (1.901e-02 s/TS) || Energy: ~4.38e-21 (-31.57dB)
[@     3m06s] Timestep:         9504 || Speed:  188.8 MC/s (1.897e-02 s/TS) || Energy: ~4.74e-21 (-31.23dB)
[@     3m10s] Timestep:         9720 || Speed:  189.0 MC/s (1.895e-02 s/TS) || Energy: ~4.50e-21 (-31.46dB)
[@     3m15s] Timestep:         9936 || Speed:  188.7 MC/s (1.899e-02 s/TS) || Energy: ~3.70e-21 (-32.30dB)
[@     3m19s] Timestep:        10146 || Speed:  187.3 MC/s (1.914e-02 s/TS) || Energy: ~1.77e-21 (-35.50dB)
[@     3m23s] Timestep:        10362 || Speed:  188.7 MC/s (1.899e-02 s/TS) || Energy: ~1.23e-21 (-37.07dB)
[@     3m27s] Timestep:        10578 || Speed:  188.8 MC/s (1.898e-02 s/TS) || Energy: ~1.18e-21 (-37.27dB)
[@     3m31s] Timestep:        10794 || Speed:  188.5 MC/s (1.901e-02 s/TS) || Energy: ~1.44e-21 (-36.40dB)
[@     3m35s] Timestep:        11004 || Speed:  188.0 MC/s (1.906e-02 s/TS) || Energy: ~2.23e-21 (-34.50dB)
[@     3m39s] Timestep:        11214 || Speed:  188.0 MC/s (1.906e-02 s/TS) || Energy: ~1.73e-21 (-35.60dB)
[@     3m43s] Timestep:        11430 || Speed:  188.1 MC/s (1.905e-02 s/TS) || Energy: ~1.17e-21 (-37.29dB)
[@     3m47s] Timestep:        11640 || Speed:  186.3 MC/s (1.923e-02 s/TS) || Energy: ~6.10e-22 (-40.13dB)
[@     3m51s] Timestep:        11856 || Speed:  188.5 MC/s (1.901e-02 s/TS) || Energy: ~6.62e-22 (-39.78dB)
[@     3m55s] Timestep:        12066 || Speed:  186.6 MC/s (1.920e-02 s/TS) || Energy: ~1.13e-21 (-37.46dB)
[@     3m59s] Timestep:        12282 || Speed:  188.1 MC/s (1.905e-02 s/TS) || Energy: ~1.12e-21 (-37.49dB)
[@     4m03s] Timestep:        12498 || Speed:  189.0 MC/s (1.895e-02 s/TS) || Energy: ~9.85e-22 (-38.05dB)
[@     4m07s] Timestep:        12714 || Speed:  188.6 MC/s (1.900e-02 s/TS) || Energy: ~7.74e-22 (-39.10dB)
[@     4m11s] Timestep:        12924 || Speed:  187.5 MC/s (1.911e-02 s/TS) || Energy: ~3.99e-22 (-41.98dB)
[@     4m16s] Timestep:        13140 || Speed:  188.2 MC/s (1.903e-02 s/TS) || Energy: ~3.20e-22 (-42.93dB)
[@     4m20s] Timestep:        13350 || Speed:  187.5 MC/s (1.911e-02 s/TS) || Energy: ~4.20e-22 (-41.75dB)
[@     4m24s] Timestep:        13566 || Speed:  188.6 MC/s (1.900e-02 s/TS) || Energy: ~4.53e-22 (-41.43dB)
[@     4m28s] Timestep:        13782 || Speed:  188.9 MC/s (1.896e-02 s/TS) || Energy: ~4.51e-22 (-41.44dB)
[@     4m32s] Timestep:        13992 || Speed:  185.4 MC/s (1.933e-02 s/TS) || Energy: ~3.83e-22 (-42.15dB)
[@     4m36s] Timestep:        14202 || Speed:  187.7 MC/s (1.909e-02 s/TS) || Energy: ~2.35e-22 (-44.28dB)
[@     4m40s] Timestep:        14412 || Speed:  186.0 MC/s (1.927e-02 s/TS) || Energy: ~1.96e-22 (-45.06dB)
[@     4m44s] Timestep:        14622 || Speed:  186.6 MC/s (1.921e-02 s/TS) || Energy: ~2.49e-22 (-44.02dB)
[@     4m48s] Timestep:        14832 || Speed:  187.7 MC/s (1.909e-02 s/TS) || Energy: ~2.55e-22 (-43.91dB)
[@     4m52s] Timestep:        15042 || Speed:  188.0 MC/s (1.906e-02 s/TS) || Energy: ~1.84e-22 (-45.35dB)
[@     4m56s] Timestep:        15252 || Speed:  188.0 MC/s (1.906e-02 s/TS) || Energy: ~1.24e-22 (-47.06dB)
[@     5m00s] Timestep:        15462 || Speed:  187.7 MC/s (1.909e-02 s/TS) || Energy: ~1.32e-22 (-46.77dB)
[@     5m04s] Timestep:        15672 || Speed:  186.1 MC/s (1.926e-02 s/TS) || Energy: ~1.59e-22 (-45.98dB)
[@     5m08s] Timestep:        15882 || Speed:  187.5 MC/s (1.911e-02 s/TS) || Energy: ~1.38e-22 (-46.60dB)
[@     5m12s] Timestep:        16098 || Speed:  188.8 MC/s (1.897e-02 s/TS) || Energy: ~1.10e-22 (-47.59dB)
[@     5m16s] Timestep:        16308 || Speed:  187.2 MC/s (1.914e-02 s/TS) || Energy: ~6.84e-23 (-49.64dB)
[@     5m20s] Timestep:        16518 || Speed:  186.9 MC/s (1.917e-02 s/TS) || Energy: ~7.17e-23 (-49.43dB)
[@     5m24s] Timestep:        16728 || Speed:  185.8 MC/s (1.928e-02 s/TS) || Energy: ~9.27e-23 (-48.31dB)
[@     5m28s] Timestep:        16938 || Speed:  184.4 MC/s (1.943e-02 s/TS) || Energy: ~8.12e-23 (-48.89dB)
[@     5m32s] Timestep:        17148 || Speed:  187.7 MC/s (1.909e-02 s/TS) || Energy: ~4.77e-23 (-51.20dB)
Time for 17148 iterations with 3583125.00 cells : 332.81 sec
Speed: 184.62 MCells/s 
    [excite port 43/44]
 ---------------------------------------------------------------------- 
 | openEMS 64bit -- version v0.37.0-rc1-2-g7b051bb
 | (C) 2010-2026 Thorsten Liebig <thorsten.liebig@gmx.de>  GPL license
 ---------------------------------------------------------------------- 
	Used external libraries:
		CSXCAD -- Version: v0.7.0-rc1-1-g5115701
		hdf5   -- Version: 1.10.10
		          compiled against: HDF5 library version: 1.10.10
		tinyxml -- compiled against: 2.6.2
		fparser
		boost  -- compiled against: 1_83
		vtk -- Version: 9.1.0
		       compiled against: 9.1.0

Create FDTD operator (compressed SSE + multi-threading)
FDTD simulation size: 175x195x105 --> 3583125.00 FDTD cells 
FDTD timestep is: 0.00 s; Nyquist rate: 24 timesteps @102110454074.00 Hz
Excitation signal length is: 282 timesteps (0.00s)
Max. number of timesteps: 60000 ( --> 212.77 * Excitation signal length)
Create FDTD engine (compressed SSE + multi-threading)
Running FDTD engine... this may take a while... grab a cup of coffee?!?
[@        4s] Timestep:          102 || Speed:   87.4 MC/s (4.100e-02 s/TS) || Energy: ~6.02e-19 (- 0.00dB)
[@        8s] Timestep:          252 || Speed:  131.2 MC/s (2.731e-02 s/TS) || Energy: ~5.67e-18 (- 0.00dB)
[@       12s] Timestep:          426 || Speed:  155.7 MC/s (2.301e-02 s/TS) || Energy: ~2.49e-18 (- 3.57dB)
[@       16s] Timestep:          612 || Speed:  166.5 MC/s (2.152e-02 s/TS) || Energy: ~1.55e-18 (- 5.62dB)
[@       20s] Timestep:          810 || Speed:  176.6 MC/s (2.029e-02 s/TS) || Energy: ~1.32e-18 (- 6.32dB)
[@       24s] Timestep:         1020 || Speed:  183.8 MC/s (1.950e-02 s/TS) || Energy: ~7.92e-19 (- 8.55dB)
[@       28s] Timestep:         1224 || Speed:  179.3 MC/s (1.998e-02 s/TS) || Energy: ~9.90e-19 (- 7.58dB)
Multithreaded Engine: Best performance found using 6 threads.
[@       32s] Timestep:         1434 || Speed:  186.9 MC/s (1.917e-02 s/TS) || Energy: ~7.93e-19 (- 8.54dB)
[@       36s] Timestep:         1650 || Speed:  188.8 MC/s (1.898e-02 s/TS) || Energy: ~5.88e-19 (- 9.84dB)
[@       40s] Timestep:         1866 || Speed:  188.8 MC/s (1.898e-02 s/TS) || Energy: ~4.10e-19 (-11.40dB)
[@       44s] Timestep:         2076 || Speed:  187.9 MC/s (1.907e-02 s/TS) || Energy: ~3.24e-19 (-12.44dB)
[@       48s] Timestep:         2292 || Speed:  188.8 MC/s (1.898e-02 s/TS) || Energy: ~2.95e-19 (-12.83dB)
[@       52s] Timestep:         2502 || Speed:  187.8 MC/s (1.908e-02 s/TS) || Energy: ~2.88e-19 (-12.94dB)
[@       56s] Timestep:         2712 || Speed:  187.8 MC/s (1.908e-02 s/TS) || Energy: ~1.99e-19 (-14.54dB)
[@     1m00s] Timestep:         2928 || Speed:  188.7 MC/s (1.898e-02 s/TS) || Energy: ~1.45e-19 (-15.91dB)
[@     1m05s] Timestep:         3144 || Speed:  188.6 MC/s (1.900e-02 s/TS) || Energy: ~1.16e-19 (-16.88dB)
[@     1m09s] Timestep:         3354 || Speed:  187.8 MC/s (1.907e-02 s/TS) || Energy: ~1.06e-19 (-17.30dB)
[@     1m13s] Timestep:         3564 || Speed:  187.6 MC/s (1.910e-02 s/TS) || Energy: ~9.13e-20 (-17.93dB)
[@     1m17s] Timestep:         3774 || Speed:  187.6 MC/s (1.910e-02 s/TS) || Energy: ~7.29e-20 (-18.91dB)
[@     1m21s] Timestep:         3984 || Speed:  187.7 MC/s (1.909e-02 s/TS) || Energy: ~6.94e-20 (-19.12dB)
[@     1m25s] Timestep:         4194 || Speed:  188.0 MC/s (1.906e-02 s/TS) || Energy: ~6.18e-20 (-19.63dB)
[@     1m29s] Timestep:         4404 || Speed:  188.0 MC/s (1.906e-02 s/TS) || Energy: ~4.26e-20 (-21.24dB)
[@     1m33s] Timestep:         4614 || Speed:  186.5 MC/s (1.921e-02 s/TS) || Energy: ~3.52e-20 (-22.07dB)
[@     1m37s] Timestep:         4824 || Speed:  186.8 MC/s (1.918e-02 s/TS) || Energy: ~4.16e-20 (-21.35dB)
[@     1m41s] Timestep:         5034 || Speed:  186.2 MC/s (1.924e-02 s/TS) || Energy: ~4.07e-20 (-21.43dB)
[@     1m45s] Timestep:         5244 || Speed:  187.0 MC/s (1.916e-02 s/TS) || Energy: ~2.59e-20 (-23.40dB)
[@     1m49s] Timestep:         5454 || Speed:  187.4 MC/s (1.912e-02 s/TS) || Energy: ~1.69e-20 (-25.26dB)
[@     1m53s] Timestep:         5664 || Speed:  188.0 MC/s (1.906e-02 s/TS) || Energy: ~2.34e-20 (-23.84dB)
[@     1m57s] Timestep:         5880 || Speed:  189.0 MC/s (1.896e-02 s/TS) || Energy: ~2.50e-20 (-23.55dB)
[@     2m01s] Timestep:         6096 || Speed:  188.7 MC/s (1.899e-02 s/TS) || Energy: ~2.48e-20 (-23.59dB)
[@     2m05s] Timestep:         6306 || Speed:  187.3 MC/s (1.913e-02 s/TS) || Energy: ~1.86e-20 (-24.83dB)
[@     2m09s] Timestep:         6516 || Speed:  187.5 MC/s (1.911e-02 s/TS) || Energy: ~8.85e-21 (-28.07dB)
[@     2m13s] Timestep:         6726 || Speed:  187.5 MC/s (1.911e-02 s/TS) || Energy: ~9.28e-21 (-27.86dB)
[@     2m17s] Timestep:         6936 || Speed:  186.0 MC/s (1.926e-02 s/TS) || Energy: ~1.54e-20 (-25.65dB)
[@     2m21s] Timestep:         7146 || Speed:  187.9 MC/s (1.907e-02 s/TS) || Energy: ~1.44e-20 (-25.96dB)
[@     2m25s] Timestep:         7356 || Speed:  186.3 MC/s (1.923e-02 s/TS) || Energy: ~7.08e-21 (-29.03dB)
[@     2m29s] Timestep:         7566 || Speed:  187.1 MC/s (1.915e-02 s/TS) || Energy: ~4.56e-21 (-30.95dB)
[@     2m33s] Timestep:         7782 || Speed:  188.2 MC/s (1.903e-02 s/TS) || Energy: ~5.42e-21 (-30.19dB)
[@     2m37s] Timestep:         7992 || Speed:  187.3 MC/s (1.913e-02 s/TS) || Energy: ~9.51e-21 (-27.75dB)
[@     2m41s] Timestep:         8202 || Speed:  186.9 MC/s (1.917e-02 s/TS) || Energy: ~8.68e-21 (-28.15dB)
[@     2m45s] Timestep:         8418 || Speed:  188.3 MC/s (1.902e-02 s/TS) || Energy: ~6.41e-21 (-29.47dB)
[@     2m49s] Timestep:         8634 || Speed:  188.3 MC/s (1.903e-02 s/TS) || Energy: ~4.23e-21 (-31.27dB)
[@     2m53s] Timestep:         8844 || Speed:  187.3 MC/s (1.913e-02 s/TS) || Energy: ~2.12e-21 (-34.26dB)
[@     2m57s] Timestep:         9054 || Speed:  187.8 MC/s (1.908e-02 s/TS) || Energy: ~4.15e-21 (-31.35dB)
[@     3m01s] Timestep:         9264 || Speed:  187.4 MC/s (1.912e-02 s/TS) || Energy: ~5.67e-21 (-30.00dB)
[@     3m05s] Timestep:         9474 || Speed:  187.5 MC/s (1.911e-02 s/TS) || Energy: ~3.76e-21 (-31.79dB)
[@     3m10s] Timestep:         9684 || Speed:  187.4 MC/s (1.912e-02 s/TS) || Energy: ~1.50e-21 (-35.77dB)
[@     3m14s] Timestep:         9894 || Speed:  188.1 MC/s (1.905e-02 s/TS) || Energy: ~2.01e-21 (-34.51dB)
[@     3m18s] Timestep:        10110 || Speed:  188.5 MC/s (1.901e-02 s/TS) || Energy: ~2.53e-21 (-33.49dB)
[@     3m22s] Timestep:        10320 || Speed:  187.6 MC/s (1.910e-02 s/TS) || Energy: ~3.37e-21 (-32.26dB)
[@     3m26s] Timestep:        10530 || Speed:  185.7 MC/s (1.929e-02 s/TS) || Energy: ~2.22e-21 (-34.07dB)
[@     3m30s] Timestep:        10746 || Speed:  188.4 MC/s (1.902e-02 s/TS) || Energy: ~1.48e-21 (-35.83dB)
[@     3m34s] Timestep:        10956 || Speed:  185.6 MC/s (1.931e-02 s/TS) || Energy: ~8.27e-22 (-38.36dB)
[@     3m38s] Timestep:        11172 || Speed:  188.4 MC/s (1.902e-02 s/TS) || Energy: ~9.54e-22 (-37.74dB)
[@     3m42s] Timestep:        11382 || Speed:  186.5 MC/s (1.922e-02 s/TS) || Energy: ~1.72e-21 (-35.19dB)
[@     3m46s] Timestep:        11598 || Speed:  188.9 MC/s (1.896e-02 s/TS) || Energy: ~1.73e-21 (-35.14dB)
[@     3m50s] Timestep:        11808 || Speed:  185.8 MC/s (1.929e-02 s/TS) || Energy: ~1.33e-21 (-36.29dB)
[@     3m54s] Timestep:        12018 || Speed:  186.7 MC/s (1.919e-02 s/TS) || Energy: ~6.28e-22 (-39.55dB)
[@     3m58s] Timestep:        12228 || Speed:  187.6 MC/s (1.910e-02 s/TS) || Energy: ~6.02e-22 (-39.74dB)
[@     4m02s] Timestep:        12438 || Speed:  186.6 MC/s (1.920e-02 s/TS) || Energy: ~1.01e-21 (-37.51dB)
[@     4m06s] Timestep:        12648 || Speed:  187.4 MC/s (1.912e-02 s/TS) || Energy: ~1.01e-21 (-37.51dB)
[@     4m10s] Timestep:        12864 || Speed:  188.6 MC/s (1.900e-02 s/TS) || Energy: ~8.00e-22 (-38.50dB)
[@     4m14s] Timestep:        13080 || Speed:  188.4 MC/s (1.901e-02 s/TS) || Energy: ~5.91e-22 (-39.82dB)
[@     4m18s] Timestep:        13290 || Speed:  187.7 MC/s (1.909e-02 s/TS) || Energy: ~3.33e-22 (-42.32dB)
[@     4m23s] Timestep:        13500 || Speed:  185.2 MC/s (1.935e-02 s/TS) || Energy: ~4.37e-22 (-41.13dB)
[@     4m27s] Timestep:        13710 || Speed:  187.5 MC/s (1.911e-02 s/TS) || Energy: ~5.87e-22 (-39.84dB)
[@     4m31s] Timestep:        13920 || Speed:  187.8 MC/s (1.908e-02 s/TS) || Energy: ~4.80e-22 (-40.72dB)
[@     4m35s] Timestep:        14130 || Speed:  188.0 MC/s (1.906e-02 s/TS) || Energy: ~2.75e-22 (-43.14dB)
[@     4m39s] Timestep:        14340 || Speed:  188.1 MC/s (1.905e-02 s/TS) || Energy: ~2.47e-22 (-43.60dB)
[@     4m43s] Timestep:        14556 || Speed:  188.5 MC/s (1.901e-02 s/TS) || Energy: ~2.68e-22 (-43.26dB)
[@     4m47s] Timestep:        14766 || Speed:  186.1 MC/s (1.926e-02 s/TS) || Energy: ~3.39e-22 (-42.23dB)
[@     4m51s] Timestep:        14976 || Speed:  187.5 MC/s (1.911e-02 s/TS) || Energy: ~2.86e-22 (-42.97dB)
[@     4m55s] Timestep:        15186 || Speed:  187.1 MC/s (1.915e-02 s/TS) || Energy: ~1.83e-22 (-44.90dB)
[@     4m59s] Timestep:        15396 || Speed:  187.4 MC/s (1.912e-02 s/TS) || Energy: ~1.62e-22 (-45.45dB)
[@     5m03s] Timestep:        15606 || Speed:  188.1 MC/s (1.905e-02 s/TS) || Energy: ~2.00e-22 (-44.53dB)
[@     5m07s] Timestep:        15816 || Speed:  187.8 MC/s (1.908e-02 s/TS) || Energy: ~1.99e-22 (-44.55dB)
[@     5m11s] Timestep:        16032 || Speed:  188.1 MC/s (1.904e-02 s/TS) || Energy: ~1.69e-22 (-45.25dB)
[@     5m15s] Timestep:        16242 || Speed:  187.7 MC/s (1.909e-02 s/TS) || Energy: ~1.23e-22 (-46.65dB)
[@     5m19s] Timestep:        16452 || Speed:  188.1 MC/s (1.905e-02 s/TS) || Energy: ~1.07e-22 (-47.25dB)
[@     5m23s] Timestep:        16668 || Speed:  188.3 MC/s (1.903e-02 s/TS) || Energy: ~1.03e-22 (-47.39dB)
[@     5m27s] Timestep:        16878 || Speed:  185.8 MC/s (1.929e-02 s/TS) || Energy: ~1.10e-22 (-47.12dB)
[@     5m31s] Timestep:        17094 || Speed:  188.3 MC/s (1.903e-02 s/TS) || Energy: ~1.01e-22 (-47.49dB)
[@     5m35s] Timestep:        17310 || Speed:  188.8 MC/s (1.898e-02 s/TS) || Energy: ~9.13e-23 (-47.93dB)
[@     5m39s] Timestep:        17520 || Speed:  187.8 MC/s (1.908e-02 s/TS) || Energy: ~7.91e-23 (-48.55dB)
[@     5m43s] Timestep:        17730 || Speed:  187.8 MC/s (1.908e-02 s/TS) || Energy: ~6.88e-23 (-49.16dB)
[@     5m47s] Timestep:        17940 || Speed:  188.1 MC/s (1.905e-02 s/TS) || Energy: ~6.44e-23 (-49.44dB)
[@     5m51s] Timestep:        18150 || Speed:  187.7 MC/s (1.909e-02 s/TS) || Energy: ~6.47e-23 (-49.43dB)
[@     5m55s] Timestep:        18366 || Speed:  188.4 MC/s (1.902e-02 s/TS) || Energy: ~6.28e-23 (-49.55dB)
[@     5m59s] Timestep:        18582 || Speed:  188.2 MC/s (1.904e-02 s/TS) || Energy: ~6.20e-23 (-49.61dB)
[@     6m03s] Timestep:        18792 || Speed:  188.0 MC/s (1.906e-02 s/TS) || Energy: ~6.63e-23 (-49.32dB)
[@     6m07s] Timestep:        19002 || Speed:  188.1 MC/s (1.905e-02 s/TS) || Energy: ~6.78e-23 (-49.22dB)
[@     6m12s] Timestep:        19218 || Speed:  188.4 MC/s (1.902e-02 s/TS) || Energy: ~6.94e-23 (-49.12dB)
[@     6m16s] Timestep:        19428 || Speed:  187.6 MC/s (1.910e-02 s/TS) || Energy: ~8.19e-23 (-48.40dB)
[@     6m20s] Timestep:        19638 || Speed:  186.3 MC/s (1.924e-02 s/TS) || Energy: ~1.07e-22 (-47.25dB)
[@     6m24s] Timestep:        19848 || Speed:  187.8 MC/s (1.908e-02 s/TS) || Energy: ~1.35e-22 (-46.24dB)
[@     6m28s] Timestep:        20064 || Speed:  189.0 MC/s (1.896e-02 s/TS) || Energy: ~1.68e-22 (-45.28dB)
[@     6m32s] Timestep:        20274 || Speed:  187.7 MC/s (1.909e-02 s/TS) || Energy: ~2.11e-22 (-44.29dB)
[@     6m36s] Timestep:        20490 || Speed:  188.3 MC/s (1.903e-02 s/TS) || Energy: ~2.70e-22 (-43.21dB)
[@     6m40s] Timestep:        20700 || Speed:  187.9 MC/s (1.907e-02 s/TS) || Energy: ~3.64e-22 (-41.92dB)
[@     6m44s] Timestep:        20910 || Speed:  187.0 MC/s (1.916e-02 s/TS) || Energy: ~4.76e-22 (-40.75dB)
[@     6m48s] Timestep:        21120 || Speed:  187.7 MC/s (1.909e-02 s/TS) || Energy: ~5.95e-22 (-39.79dB)
[@     6m52s] Timestep:        21336 || Speed:  188.4 MC/s (1.901e-02 s/TS) || Energy: ~8.58e-22 (-38.20dB)
[@     6m56s] Timestep:        21552 || Speed:  188.5 MC/s (1.901e-02 s/TS) || Energy: ~1.16e-21 (-36.87dB)
[@     7m00s] Timestep:        21768 || Speed:  188.8 MC/s (1.898e-02 s/TS) || Energy: ~1.48e-21 (-35.84dB)
[@     7m04s] Timestep:        21978 || Speed:  187.7 MC/s (1.909e-02 s/TS) || Energy: ~2.09e-21 (-34.34dB)
[@     7m08s] Timestep:        22188 || Speed:  186.7 MC/s (1.920e-02 s/TS) || Energy: ~2.83e-21 (-33.01dB)
[@     7m12s] Timestep:        22386 || Speed:  176.6 MC/s (2.028e-02 s/TS) || Energy: ~2.90e-21 (-32.92dB)
[@     7m16s] Timestep:        22578 || Speed:  170.7 MC/s (2.099e-02 s/TS) || Energy: ~3.93e-21 (-31.59dB)
[@     7m20s] Timestep:        22788 || Speed:  184.2 MC/s (1.946e-02 s/TS) || Energy: ~5.01e-21 (-30.53dB)
[@     7m24s] Timestep:        22998 || Speed:  183.3 MC/s (1.955e-02 s/TS) || Energy: ~6.76e-21 (-29.23dB)
[@     7m28s] Timestep:        23202 || Speed:  182.0 MC/s (1.969e-02 s/TS) || Energy: ~1.14e-20 (-26.97dB)
[@     7m33s] Timestep:        23412 || Speed:  183.4 MC/s (1.953e-02 s/TS) || Energy: ~1.57e-20 (-25.56dB)
[@     7m37s] Timestep:        23616 || Speed:  182.6 MC/s (1.962e-02 s/TS) || Energy: ~1.75e-20 (-25.11dB)
[@     7m41s] Timestep:        23820 || Speed:  182.0 MC/s (1.969e-02 s/TS) || Energy: ~2.24e-20 (-24.04dB)
[@     7m45s] Timestep:        24024 || Speed:  182.5 MC/s (1.963e-02 s/TS) || Energy: ~3.71e-20 (-21.85dB)
[@     7m49s] Timestep:        24234 || Speed:  183.6 MC/s (1.952e-02 s/TS) || Energy: ~4.94e-20 (-20.60dB)
[@     7m53s] Timestep:        24438 || Speed:  181.2 MC/s (1.977e-02 s/TS) || Energy: ~5.21e-20 (-20.36dB)
[@     7m57s] Timestep:        24642 || Speed:  182.1 MC/s (1.968e-02 s/TS) || Energy: ~7.56e-20 (-18.75dB)
[@     8m01s] Timestep:        24852 || Speed:  183.4 MC/s (1.954e-02 s/TS) || Energy: ~1.10e-19 (-17.11dB)
[@     8m05s] Timestep:        25062 || Speed:  182.9 MC/s (1.959e-02 s/TS) || Energy: ~1.57e-19 (-15.58dB)
[@     8m09s] Timestep:        25266 || Speed:  181.8 MC/s (1.971e-02 s/TS) || Energy: ~1.87e-19 (-14.81dB)
[@     8m13s] Timestep:        25476 || Speed:  187.4 MC/s (1.912e-02 s/TS) || Energy: ~2.31e-19 (-13.90dB)
[@     8m17s] Timestep:        25686 || Speed:  187.0 MC/s (1.916e-02 s/TS) || Energy: ~2.92e-19 (-12.87dB)
[@     8m21s] Timestep:        25902 || Speed:  188.7 MC/s (1.899e-02 s/TS) || Energy: ~4.28e-19 (-11.22dB)
[@     8m25s] Timestep:        26118 || Speed:  188.9 MC/s (1.897e-02 s/TS) || Energy: ~6.44e-19 (- 9.45dB)
[@     8m29s] Timestep:        26334 || Speed:  188.4 MC/s (1.902e-02 s/TS) || Energy: ~9.37e-19 (- 7.82dB)
[@     8m33s] Timestep:        26544 || Speed:  186.6 MC/s (1.920e-02 s/TS) || Energy: ~1.19e-18 (- 6.77dB)
[@     8m37s] Timestep:        26754 || Speed:  186.3 MC/s (1.924e-02 s/TS) || Energy: ~1.47e-18 (- 5.85dB)
[@     8m41s] Timestep:        26964 || Speed:  187.9 MC/s (1.907e-02 s/TS) || Energy: ~1.82e-18 (- 4.92dB)
[@     8m45s] Timestep:        27174 || Speed:  188.0 MC/s (1.906e-02 s/TS) || Energy: ~2.34e-18 (- 3.84dB)
[@     8m50s] Timestep:        27390 || Speed:  188.7 MC/s (1.899e-02 s/TS) || Energy: ~3.38e-18 (- 2.25dB)
[@     8m54s] Timestep:        27606 || Speed:  188.1 MC/s (1.905e-02 s/TS) || Energy: ~5.08e-18 (- 0.47dB)
[@     8m58s] Timestep:        27822 || Speed:  187.7 MC/s (1.909e-02 s/TS) || Energy: ~7.48e-18 (- 0.00dB)
[@     9m02s] Timestep:        28032 || Speed:  184.8 MC/s (1.939e-02 s/TS) || Energy: ~9.42e-18 (- 0.00dB)
[@     9m06s] Timestep:        28236 || Speed:  180.6 MC/s (1.984e-02 s/TS) || Energy: ~1.04e-17 (- 0.00dB)
[@     9m10s] Timestep:        28446 || Speed:  184.1 MC/s (1.947e-02 s/TS) || Energy: ~1.45e-17 (- 0.00dB)
[@     9m14s] Timestep:        28656 || Speed:  187.7 MC/s (1.909e-02 s/TS) || Energy: ~2.12e-17 (- 0.00dB)
[@     9m18s] Timestep:        28872 || Speed:  188.7 MC/s (1.899e-02 s/TS) || Energy: ~2.60e-17 (- 0.00dB)
[@     9m22s] Timestep:        29082 || Speed:  183.9 MC/s (1.948e-02 s/TS) || Energy: ~3.77e-17 (- 0.00dB)
[@     9m26s] Timestep:        29298 || Speed:  188.1 MC/s (1.905e-02 s/TS) || Energy: ~4.67e-17 (- 0.00dB)
[@     9m30s] Timestep:        29508 || Speed:  186.9 MC/s (1.917e-02 s/TS) || Energy: ~6.70e-17 (- 0.00dB)
[@     9m34s] Timestep:        29718 || Speed:  188.0 MC/s (1.906e-02 s/TS) || Energy: ~9.81e-17 (- 0.00dB)
[@     9m38s] Timestep:        29928 || Speed:  187.6 MC/s (1.910e-02 s/TS) || Energy: ~1.41e-16 (- 0.00dB)
[@     9m42s] Timestep:        30138 || Speed:  187.5 MC/s (1.911e-02 s/TS) || Energy: ~1.96e-16 (- 0.00dB)
[@     9m46s] Timestep:        30354 || Speed:  189.0 MC/s (1.896e-02 s/TS) || Energy: ~2.53e-16 (- 0.00dB)
[@     9m50s] Timestep:        30564 || Speed:  187.1 MC/s (1.916e-02 s/TS) || Energy: ~3.56e-16 (- 0.00dB)
[@     9m54s] Timestep:        30774 || Speed:  186.7 MC/s (1.919e-02 s/TS) || Energy: ~4.77e-16 (- 0.00dB)
[@     9m59s] Timestep:        30990 || Speed:  188.3 MC/s (1.903e-02 s/TS) || Energy: ~6.42e-16 (- 0.00dB)
[@    10m03s] Timestep:        31206 || Speed:  187.6 MC/s (1.910e-02 s/TS) || Energy: ~8.08e-16 (- 0.00dB)
[@    10m07s] Timestep:        31416 || Speed:  186.7 MC/s (1.919e-02 s/TS) || Energy: ~1.16e-15 (- 0.00dB)
[@    10m11s] Timestep:        31632 || Speed:  188.9 MC/s (1.897e-02 s/TS) || Energy: ~1.44e-15 (- 0.00dB)
[@    10m15s] Timestep:        31848 || Speed:  188.2 MC/s (1.904e-02 s/TS) || Energy: ~1.75e-15 (- 0.00dB)
[@    10m19s] Timestep:        32058 || Speed:  183.8 MC/s (1.949e-02 s/TS) || Energy: ~2.56e-15 (- 0.00dB)
[@    10m23s] Timestep:        32268 || Speed:  186.9 MC/s (1.918e-02 s/TS) || Energy: ~3.71e-15 (- 0.00dB)
[@    10m27s] Timestep:        32478 || Speed:  187.9 MC/s (1.907e-02 s/TS) || Energy: ~5.21e-15 (- 0.00dB)
[@    10m31s] Timestep:        32688 || Speed:  186.6 MC/s (1.920e-02 s/TS) || Energy: ~6.98e-15 (- 0.00dB)
[@    10m35s] Timestep:        32904 || Speed:  188.3 MC/s (1.903e-02 s/TS) || Energy: ~9.40e-15 (- 0.00dB)
[@    10m39s] Timestep:        33114 || Speed:  187.4 MC/s (1.912e-02 s/TS) || Energy: ~1.27e-14 (- 0.00dB)
[@    10m43s] Timestep:        33324 || Speed:  187.4 MC/s (1.912e-02 s/TS) || Energy: ~1.65e-14 (- 0.00dB)
[@    10m47s] Timestep:        33534 || Speed:  186.6 MC/s (1.920e-02 s/TS) || Energy: ~2.06e-14 (- 0.00dB)
[@    10m51s] Timestep:        33744 || Speed:  187.4 MC/s (1.912e-02 s/TS) || Energy: ~2.54e-14 (- 0.00dB)
[@    10m55s] Timestep:        33954 || Speed:  187.0 MC/s (1.916e-02 s/TS) || Energy: ~3.19e-14 (- 0.00dB)
[@    10m59s] Timestep:        34164 || Speed:  184.3 MC/s (1.944e-02 s/TS) || Energy: ~4.24e-14 (- 0.00dB)
[@    11m04s] Timestep:        34374 || Speed:  183.7 MC/s (1.950e-02 s/TS) || Energy: ~5.97e-14 (- 0.00dB)
[@    11m08s] Timestep:        34578 || Speed:  182.2 MC/s (1.967e-02 s/TS) || Energy: ~9.91e-14 (- 0.00dB)
[@    11m12s] Timestep:        34794 || Speed:  188.3 MC/s (1.903e-02 s/TS) || Energy: ~1.27e-13 (- 0.00dB)
[@    11m16s] Timestep:        35004 || Speed:  185.2 MC/s (1.935e-02 s/TS) || Energy: ~1.79e-13 (- 0.00dB)
[@    11m20s] Timestep:        35214 || Speed:  187.8 MC/s (1.908e-02 s/TS) || Energy: ~2.42e-13 (- 0.00dB)
[@    11m24s] Timestep:        35430 || Speed:  188.2 MC/s (1.904e-02 s/TS) || Energy: ~3.23e-13 (- 0.00dB)
[@    11m28s] Timestep:        35646 || Speed:  188.6 MC/s (1.900e-02 s/TS) || Energy: ~4.03e-13 (- 0.00dB)
[@    11m32s] Timestep:        35862 || Speed:  188.7 MC/s (1.899e-02 s/TS) || Energy: ~4.90e-13 (- 0.00dB)
[@    11m36s] Timestep:        36072 || Speed:  187.5 MC/s (1.911e-02 s/TS) || Energy: ~7.17e-13 (- 0.00dB)
[@    11m40s] Timestep:        36288 || Speed:  188.7 MC/s (1.899e-02 s/TS) || Energy: ~8.75e-13 (- 0.00dB)
[@    11m44s] Timestep:        36504 || Speed:  188.2 MC/s (1.904e-02 s/TS) || Energy: ~1.13e-12 (- 0.00dB)
[@    11m48s] Timestep:        36714 || Speed:  186.3 MC/s (1.923e-02 s/TS) || Energy: ~1.56e-12 (- 0.00dB)
[@    11m52s] Timestep:        36930 || Speed:  188.6 MC/s (1.900e-02 s/TS) || Energy: ~2.05e-12 (- 0.00dB)
[@    11m56s] Timestep:        37146 || Speed:  188.8 MC/s (1.897e-02 s/TS) || Energy: ~2.93e-12 (- 0.00dB)
[@    12m01s] Timestep:        37362 || Speed:  188.2 MC/s (1.904e-02 s/TS) || Energy: ~4.40e-12 (- 0.00dB)
[@    12m05s] Timestep:        37578 || Speed:  188.8 MC/s (1.898e-02 s/TS) || Energy: ~6.50e-12 (- 0.00dB)
[@    12m09s] Timestep:        37794 || Speed:  187.5 MC/s (1.911e-02 s/TS) || Energy: ~9.05e-12 (- 0.00dB)
[@    12m13s] Timestep:        38004 || Speed:  185.4 MC/s (1.932e-02 s/TS) || Energy: ~1.20e-11 (- 0.00dB)
[@    12m17s] Timestep:        38214 || Speed:  188.0 MC/s (1.906e-02 s/TS) || Energy: ~1.51e-11 (- 0.00dB)
[@    12m21s] Timestep:        38430 || Speed:  188.5 MC/s (1.901e-02 s/TS) || Energy: ~2.19e-11 (- 0.00dB)
[@    12m25s] Timestep:        38640 || Speed:  188.0 MC/s (1.906e-02 s/TS) || Energy: ~2.80e-11 (- 0.00dB)
[@    12m29s] Timestep:        38850 || Speed:  188.0 MC/s (1.906e-02 s/TS) || Energy: ~3.47e-11 (- 0.00dB)
[@    12m33s] Timestep:        39060 || Speed:  186.7 MC/s (1.919e-02 s/TS) || Energy: ~4.28e-11 (- 0.00dB)
[@    12m37s] Timestep:        39276 || Speed:  187.8 MC/s (1.908e-02 s/TS) || Energy: ~6.44e-11 (- 0.00dB)
[@    12m41s] Timestep:        39486 || Speed:  188.0 MC/s (1.906e-02 s/TS) || Energy: ~7.94e-11 (- 0.00dB)
[@    12m45s] Timestep:        39702 || Speed:  188.2 MC/s (1.904e-02 s/TS) || Energy: ~1.19e-10 (- 0.00dB)
[@    12m49s] Timestep:        39912 || Speed:  186.9 MC/s (1.917e-02 s/TS) || Energy: ~1.47e-10 (- 0.00dB)
[@    12m53s] Timestep:        40128 || Speed:  188.3 MC/s (1.903e-02 s/TS) || Energy: ~2.21e-10 (- 0.00dB)
[@    12m58s] Timestep:        40344 || Speed:  188.4 MC/s (1.902e-02 s/TS) || Energy: ~3.21e-10 (- 0.00dB)
[@    13m02s] Timestep:        40554 || Speed:  185.3 MC/s (1.933e-02 s/TS) || Energy: ~4.09e-10 (- 0.00dB)
[@    13m06s] Timestep:        40764 || Speed:  185.9 MC/s (1.927e-02 s/TS) || Energy: ~5.07e-10 (- 0.00dB)
[@    13m10s] Timestep:        40980 || Speed:  189.0 MC/s (1.896e-02 s/TS) || Energy: ~7.56e-10 (- 0.00dB)
[@    13m14s] Timestep:        41190 || Speed:  187.6 MC/s (1.910e-02 s/TS) || Energy: ~9.42e-10 (- 0.00dB)
[@    13m18s] Timestep:        41406 || Speed:  188.7 MC/s (1.899e-02 s/TS) || Energy: ~1.39e-09 (- 0.00dB)
[@    13m22s] Timestep:        41616 || Speed:  186.3 MC/s (1.924e-02 s/TS) || Energy: ~1.75e-09 (- 0.00dB)
[@    13m26s] Timestep:        41826 || Speed:  187.6 MC/s (1.910e-02 s/TS) || Energy: ~2.15e-09 (- 0.00dB)
[@    13m30s] Timestep:        42042 || Speed:  188.2 MC/s (1.903e-02 s/TS) || Energy: ~3.24e-09 (- 0.00dB)
[@    13m34s] Timestep:        42252 || Speed:  184.9 MC/s (1.937e-02 s/TS) || Energy: ~4.00e-09 (- 0.00dB)
[@    13m38s] Timestep:        42462 || Speed:  188.0 MC/s (1.906e-02 s/TS) || Energy: ~4.96e-09 (- 0.00dB)
[@    13m42s] Timestep:        42672 || Speed:  188.0 MC/s (1.905e-02 s/TS) || Energy: ~6.42e-09 (- 0.00dB)
[@    13m46s] Timestep:        42882 || Speed:  188.0 MC/s (1.905e-02 s/TS) || Energy: ~8.83e-09 (- 0.00dB)
[@    13m50s] Timestep:        43098 || Speed:  188.9 MC/s (1.897e-02 s/TS) || Energy: ~1.17e-08 (- 0.00dB)
[@    13m54s] Timestep:        43308 || Speed:  186.6 MC/s (1.921e-02 s/TS) || Energy: ~1.59e-08 (- 0.00dB)
[@    13m58s] Timestep:        43524 || Speed:  188.8 MC/s (1.897e-02 s/TS) || Energy: ~2.15e-08 (- 0.00dB)
[@    14m02s] Timestep:        43740 || Speed:  189.3 MC/s (1.892e-02 s/TS) || Energy: ~3.15e-08 (- 0.00dB)
[@    14m06s] Timestep:        43956 || Speed:  188.4 MC/s (1.902e-02 s/TS) || Energy: ~4.74e-08 (- 0.00dB)
[@    14m11s] Timestep:        44172 || Speed:  188.9 MC/s (1.897e-02 s/TS) || Energy: ~6.87e-08 (- 0.00dB)
[@    14m15s] Timestep:        44388 || Speed:  187.7 MC/s (1.909e-02 s/TS) || Energy: ~9.31e-08 (- 0.00dB)
[@    14m19s] Timestep:        44598 || Speed:  187.2 MC/s (1.914e-02 s/TS) || Energy: ~1.26e-07 (- 0.00dB)
[@    14m23s] Timestep:        44808 || Speed:  186.3 MC/s (1.923e-02 s/TS) || Energy: ~1.62e-07 (- 0.00dB)
[@    14m27s] Timestep:        45024 || Speed:  188.7 MC/s (1.899e-02 s/TS) || Energy: ~2.29e-07 (- 0.00dB)
[@    14m31s] Timestep:        45234 || Speed:  187.5 MC/s (1.911e-02 s/TS) || Energy: ~2.98e-07 (- 0.00dB)
[@    14m35s] Timestep:        45444 || Speed:  187.8 MC/s (1.908e-02 s/TS) || Energy: ~3.74e-07 (- 0.00dB)
[@    14m39s] Timestep:        45660 || Speed:  188.9 MC/s (1.896e-02 s/TS) || Energy: ~5.49e-07 (- 0.00dB)
[@    14m43s] Timestep:        45870 || Speed:  187.7 MC/s (1.909e-02 s/TS) || Energy: ~6.93e-07 (- 0.00dB)
[@    14m47s] Timestep:        46086 || Speed:  188.6 MC/s (1.900e-02 s/TS) || Energy: ~1.01e-06 (- 0.00dB)
[@    14m51s] Timestep:        46302 || Speed:  188.4 MC/s (1.902e-02 s/TS) || Energy: ~1.36e-06 (- 0.00dB)
[@    14m55s] Timestep:        46518 || Speed:  189.1 MC/s (1.895e-02 s/TS) || Energy: ~1.73e-06 (- 0.00dB)
[@    14m59s] Timestep:        46734 || Speed:  188.2 MC/s (1.904e-02 s/TS) || Energy: ~2.11e-06 (- 0.00dB)
[@    15m04s] Timestep:        46950 || Speed:  188.9 MC/s (1.897e-02 s/TS) || Energy: ~2.62e-06 (- 0.00dB)
[@    15m08s] Timestep:        47148 || Speed:  173.4 MC/s (2.067e-02 s/TS) || Energy: ~4.37e-06 (- 0.00dB)
[@    15m12s] Timestep:        47340 || Speed:  169.1 MC/s (2.119e-02 s/TS) || Energy: ~5.75e-06 (- 0.00dB)
[@    15m16s] Timestep:        47550 || Speed:  182.9 MC/s (1.959e-02 s/TS) || Energy: ~7.92e-06 (- 0.00dB)
[@    15m20s] Timestep:        47760 || Speed:  183.4 MC/s (1.953e-02 s/TS) || Energy: ~1.04e-05 (- 0.00dB)
[@    15m24s] Timestep:        47970 || Speed:  183.3 MC/s (1.955e-02 s/TS) || Energy: ~1.31e-05 (- 0.00dB)
[@    15m28s] Timestep:        48180 || Speed:  183.4 MC/s (1.953e-02 s/TS) || Energy: ~1.62e-05 (- 0.00dB)
[@    15m32s] Timestep:        48384 || Speed:  179.4 MC/s (1.997e-02 s/TS) || Energy: ~2.02e-05 (- 0.00dB)
[@    15m36s] Timestep:        48588 || Speed:  182.5 MC/s (1.963e-02 s/TS) || Energy: ~3.37e-05 (- 0.00dB)
[@    15m40s] Timestep:        48798 || Speed:  183.1 MC/s (1.957e-02 s/TS) || Energy: ~4.53e-05 (- 0.00dB)
[@    15m44s] Timestep:        49002 || Speed:  181.5 MC/s (1.974e-02 s/TS) || Energy: ~4.81e-05 (- 0.00dB)
[@    15m48s] Timestep:        49206 || Speed:  181.4 MC/s (1.975e-02 s/TS) || Energy: ~6.81e-05 (- 0.00dB)
[@    15m52s] Timestep:        49404 || Speed:  176.4 MC/s (2.032e-02 s/TS) || Energy: ~9.34e-05 (- 0.00dB)
[@    15m56s] Timestep:        49614 || Speed:  183.0 MC/s (1.958e-02 s/TS) || Energy: ~1.15e-04 (- 0.00dB)
[@    16m00s] Timestep:        49818 || Speed:  181.4 MC/s (1.975e-02 s/TS) || Energy: ~1.58e-04 (- 0.00dB)
[@    16m05s] Timestep:        50022 || Speed:  181.4 MC/s (1.975e-02 s/TS) || Energy: ~2.54e-04 (- 0.00dB)
[@    16m09s] Timestep:        50232 || Speed:  183.5 MC/s (1.953e-02 s/TS) || Energy: ~3.32e-04 (- 0.00dB)
[@    16m13s] Timestep:        50442 || Speed:  183.6 MC/s (1.952e-02 s/TS) || Energy: ~4.16e-04 (- 0.00dB)
[@    16m17s] Timestep:        50652 || Speed:  187.2 MC/s (1.914e-02 s/TS) || Energy: ~5.13e-04 (- 0.00dB)
[@    16m21s] Timestep:        50862 || Speed:  186.3 MC/s (1.923e-02 s/TS) || Energy: ~6.41e-04 (- 0.00dB)
[@    16m25s] Timestep:        51072 || Speed:  187.9 MC/s (1.907e-02 s/TS) || Energy: ~8.39e-04 (- 0.00dB)
[@    16m29s] Timestep:        51288 || Speed:  188.3 MC/s (1.903e-02 s/TS) || Energy: ~1.18e-03 (- 0.00dB)
[@    16m33s] Timestep:        51498 || Speed:  187.5 MC/s (1.911e-02 s/TS) || Energy: ~1.53e-03 (- 0.00dB)
[@    16m37s] Timestep:        51708 || Speed:  187.8 MC/s (1.908e-02 s/TS) || Energy: ~2.09e-03 (- 0.00dB)
[@    16m41s] Timestep:        51918 || Speed:  187.8 MC/s (1.908e-02 s/TS) || Energy: ~3.01e-03 (- 0.00dB)
[@    16m45s] Timestep:        52128 || Speed:  187.5 MC/s (1.911e-02 s/TS) || Energy: ~4.41e-03 (- 0.00dB)
[@    16m49s] Timestep:        52338 || Speed:  187.5 MC/s (1.911e-02 s/TS) || Energy: ~6.34e-03 (- 0.00dB)
[@    16m53s] Timestep:        52548 || Speed:  188.0 MC/s (1.906e-02 s/TS) || Energy: ~8.76e-03 (- 0.00dB)
[@    16m57s] Timestep:        52758 || Speed:  183.6 MC/s (1.952e-02 s/TS) || Energy: ~1.16e-02 (- 0.00dB)
[@    17m01s] Timestep:        52968 || Speed:  187.8 MC/s (1.908e-02 s/TS) || Energy: ~1.46e-02 (- 0.00dB)
[@    17m05s] Timestep:        53178 || Speed:  188.0 MC/s (1.906e-02 s/TS) || Energy: ~1.80e-02 (- 0.00dB)
[@    17m09s] Timestep:        53388 || Speed:  185.9 MC/s (1.927e-02 s/TS) || Energy: ~2.24e-02 (- 0.00dB)
[@    17m13s] Timestep:        53598 || Speed:  186.8 MC/s (1.918e-02 s/TS) || Energy: ~2.90e-02 (- 0.00dB)
[@    17m17s] Timestep:        53808 || Speed:  187.3 MC/s (1.913e-02 s/TS) || Energy: ~3.99e-02 (- 0.00dB)
[@    17m21s] Timestep:        54018 || Speed:  187.5 MC/s (1.911e-02 s/TS) || Energy: ~5.75e-02 (- 0.00dB)
[@    17m25s] Timestep:        54234 || Speed:  188.6 MC/s (1.899e-02 s/TS) || Energy: ~7.17e-02 (- 0.00dB)
[@    17m29s] Timestep:        54444 || Speed:  188.1 MC/s (1.905e-02 s/TS) || Energy: ~1.02e-01 (- 0.00dB)
[@    17m33s] Timestep:        54654 || Speed:  188.1 MC/s (1.905e-02 s/TS) || Energy: ~1.50e-01 (- 0.00dB)
[@    17m37s] Timestep:        54870 || Speed:  187.5 MC/s (1.911e-02 s/TS) || Energy: ~1.83e-01 (- 0.00dB)
[@    17m41s] Timestep:        55080 || Speed:  186.8 MC/s (1.918e-02 s/TS) || Energy: ~2.67e-01 (- 0.00dB)
[@    17m46s] Timestep:        55296 || Speed:  188.1 MC/s (1.905e-02 s/TS) || Energy: ~3.26e-01 (- 0.00dB)
[@    17m50s] Timestep:        55506 || Speed:  186.8 MC/s (1.918e-02 s/TS) || Energy: ~4.74e-01 (- 0.00dB)
[@    17m54s] Timestep:        55722 || Speed:  188.4 MC/s (1.902e-02 s/TS) || Energy: ~5.85e-01 (- 0.00dB)
[@    17m58s] Timestep:        55938 || Speed:  188.9 MC/s (1.897e-02 s/TS) || Energy: ~7.74e-01 (- 0.00dB)
[@    18m02s] Timestep:        56148 || Speed:  187.9 MC/s (1.907e-02 s/TS) || Energy: ~1.05e+00 (- 0.00dB)
[@    18m06s] Timestep:        56358 || Speed:  187.4 MC/s (1.912e-02 s/TS) || Energy: ~1.50e+00 (- 0.00dB)
[@    18m10s] Timestep:        56574 || Speed:  188.9 MC/s (1.897e-02 s/TS) || Energy: ~1.89e+00 (- 0.00dB)
[@    18m14s] Timestep:        56784 || Speed:  188.1 MC/s (1.905e-02 s/TS) || Energy: ~2.68e+00 (- 0.00dB)
[@    18m18s] Timestep:        56994 || Speed:  184.3 MC/s (1.944e-02 s/TS) || Energy: ~3.91e+00 (- 0.00dB)
[@    18m22s] Timestep:        57210 || Speed:  188.2 MC/s (1.904e-02 s/TS) || Energy: ~4.79e+00 (- 0.00dB)
[@    18m26s] Timestep:        57426 || Speed:  189.1 MC/s (1.895e-02 s/TS) || Energy: ~6.22e+00 (- 0.00dB)
[@    18m30s] Timestep:        57636 || Speed:  186.2 MC/s (1.924e-02 s/TS) || Energy: ~8.57e+00 (- 0.00dB)
[@    18m34s] Timestep:        57846 || Speed:  186.4 MC/s (1.922e-02 s/TS) || Energy: ~1.24e+01 (- 0.00dB)
[@    18m38s] Timestep:        58062 || Speed:  188.4 MC/s (1.902e-02 s/TS) || Energy: ~1.54e+01 (- 0.00dB)
[@    18m42s] Timestep:        58278 || Speed:  188.5 MC/s (1.901e-02 s/TS) || Energy: ~2.07e+01 (- 0.00dB)
[@    18m47s] Timestep:        58488 || Speed:  185.4 MC/s (1.933e-02 s/TS) || Energy: ~2.77e+01 (- 0.00dB)
[@    18m51s] Timestep:        58704 || Speed:  187.9 MC/s (1.906e-02 s/TS) || Energy: ~3.81e+01 (- 0.00dB)
[@    18m55s] Timestep:        58914 || Speed:  185.9 MC/s (1.928e-02 s/TS) || Energy: ~5.02e+01 (- 0.00dB)
[@    18m59s] Timestep:        59130 || Speed:  189.1 MC/s (1.895e-02 s/TS) || Energy: ~7.02e+01 (- 0.00dB)
[@    19m03s] Timestep:        59340 || Speed:  188.0 MC/s (1.906e-02 s/TS) || Energy: ~9.11e+01 (- 0.00dB)
[@    19m07s] Timestep:        59550 || Speed:  187.5 MC/s (1.911e-02 s/TS) || Energy: ~1.26e+02 (- 0.00dB)
[@    19m11s] Timestep:        59766 || Speed:  188.9 MC/s (1.897e-02 s/TS) || Energy: ~1.66e+02 (- 0.00dB)
[@    19m15s] Timestep:        59982 || Speed:  188.4 MC/s (1.902e-02 s/TS) || Energy: ~2.40e+02 (- 0.00dB)
RunFDTD: Warning: Max. number of timesteps was reached before the end-criteria of -50dB was reached... 
	You may want to choose a higher number of max. timesteps... 
Time for 60000 iterations with 3583125.00 cells : 1155.88 sec
Speed: 185.99 MCells/s 
    [excite port 44/44]
 ---------------------------------------------------------------------- 
 | openEMS 64bit -- version v0.37.0-rc1-2-g7b051bb
 | (C) 2010-2026 Thorsten Liebig <thorsten.liebig@gmx.de>  GPL license
 ---------------------------------------------------------------------- 
	Used external libraries:
		CSXCAD -- Version: v0.7.0-rc1-1-g5115701
		hdf5   -- Version: 1.10.10
		          compiled against: HDF5 library version: 1.10.10
		tinyxml -- compiled against: 2.6.2
		fparser
		boost  -- compiled against: 1_83
		vtk -- Version: 9.1.0
		       compiled against: 9.1.0

Create FDTD operator (compressed SSE + multi-threading)
FDTD simulation size: 175x195x105 --> 3583125.00 FDTD cells 
FDTD timestep is: 0.00 s; Nyquist rate: 24 timesteps @102110454074.00 Hz
Excitation signal length is: 282 timesteps (0.00s)
Max. number of timesteps: 60000 ( --> 212.77 * Excitation signal length)
Create FDTD engine (compressed SSE + multi-threading)
Running FDTD engine... this may take a while... grab a cup of coffee?!?
[@        4s] Timestep:          102 || Speed:   87.8 MC/s (4.083e-02 s/TS) || Energy: ~6.02e-19 (- 0.00dB)
[@        8s] Timestep:          258 || Speed:  137.5 MC/s (2.606e-02 s/TS) || Energy: ~6.70e-18 (- 0.00dB)
[@       12s] Timestep:          444 || Speed:  161.7 MC/s (2.216e-02 s/TS) || Energy: ~2.70e-18 (- 3.94dB)
[@       16s] Timestep:          642 || Speed:  174.9 MC/s (2.049e-02 s/TS) || Energy: ~1.62e-18 (- 6.18dB)
[@       20s] Timestep:          846 || Speed:  182.6 MC/s (1.962e-02 s/TS) || Energy: ~1.10e-18 (- 7.86dB)
[@       24s] Timestep:         1056 || Speed:  187.5 MC/s (1.911e-02 s/TS) || Energy: ~6.17e-19 (-10.36dB)
[@       28s] Timestep:         1272 || Speed:  188.4 MC/s (1.902e-02 s/TS) || Energy: ~5.47e-19 (-10.88dB)
[@       32s] Timestep:         1476 || Speed:  181.9 MC/s (1.970e-02 s/TS) || Energy: ~7.87e-19 (- 9.30dB)
Multithreaded Engine: Best performance found using 7 threads.
[@       36s] Timestep:         1692 || Speed:  188.9 MC/s (1.897e-02 s/TS) || Energy: ~6.15e-19 (-10.37dB)
[@       40s] Timestep:         1902 || Speed:  183.5 MC/s (1.953e-02 s/TS) || Energy: ~3.83e-19 (-12.43dB)
[@       44s] Timestep:         2118 || Speed:  188.4 MC/s (1.901e-02 s/TS) || Energy: ~2.66e-19 (-14.01dB)
[@       48s] Timestep:         2328 || Speed:  187.7 MC/s (1.909e-02 s/TS) || Energy: ~2.07e-19 (-15.10dB)
[@       52s] Timestep:         2544 || Speed:  188.9 MC/s (1.896e-02 s/TS) || Energy: ~2.05e-19 (-15.14dB)
[@       57s] Timestep:         2760 || Speed:  188.8 MC/s (1.898e-02 s/TS) || Energy: ~1.94e-19 (-15.38dB)
[@     1m01s] Timestep:         2976 || Speed:  188.9 MC/s (1.897e-02 s/TS) || Energy: ~1.72e-19 (-15.90dB)
[@     1m05s] Timestep:         3192 || Speed:  189.2 MC/s (1.894e-02 s/TS) || Energy: ~1.37e-19 (-16.89dB)
[@     1m09s] Timestep:         3408 || Speed:  188.2 MC/s (1.904e-02 s/TS) || Energy: ~1.08e-19 (-17.93dB)
[@     1m13s] Timestep:         3618 || Speed:  188.0 MC/s (1.906e-02 s/TS) || Energy: ~7.83e-20 (-19.33dB)
[@     1m17s] Timestep:         3828 || Speed:  187.9 MC/s (1.907e-02 s/TS) || Energy: ~6.26e-20 (-20.30dB)
[@     1m21s] Timestep:         4044 || Speed:  188.5 MC/s (1.901e-02 s/TS) || Energy: ~5.38e-20 (-20.95dB)
[@     1m25s] Timestep:         4254 || Speed:  185.9 MC/s (1.927e-02 s/TS) || Energy: ~4.94e-20 (-21.32dB)
[@     1m29s] Timestep:         4458 || Speed:  181.6 MC/s (1.974e-02 s/TS) || Energy: ~5.03e-20 (-21.25dB)
[@     1m33s] Timestep:         4662 || Speed:  182.5 MC/s (1.963e-02 s/TS) || Energy: ~3.49e-20 (-22.84dB)
[@     1m37s] Timestep:         4872 || Speed:  184.2 MC/s (1.946e-02 s/TS) || Energy: ~2.78e-20 (-23.83dB)
[@     1m41s] Timestep:         5076 || Speed:  182.1 MC/s (1.968e-02 s/TS) || Energy: ~3.52e-20 (-22.80dB)
[@     1m45s] Timestep:         5286 || Speed:  186.9 MC/s (1.917e-02 s/TS) || Energy: ~2.87e-20 (-23.68dB)
[@     1m49s] Timestep:         5496 || Speed:  185.9 MC/s (1.928e-02 s/TS) || Energy: ~1.79e-20 (-25.75dB)
[@     1m53s] Timestep:         5700 || Speed:  180.1 MC/s (1.989e-02 s/TS) || Energy: ~2.03e-20 (-25.19dB)
[@     1m57s] Timestep:         5904 || Speed:  180.0 MC/s (1.991e-02 s/TS) || Energy: ~2.11e-20 (-25.02dB)
[@     2m01s] Timestep:         6114 || Speed:  184.5 MC/s (1.942e-02 s/TS) || Energy: ~1.23e-20 (-27.37dB)
[@     2m05s] Timestep:         6324 || Speed:  187.8 MC/s (1.908e-02 s/TS) || Energy: ~9.94e-21 (-28.29dB)
[@     2m09s] Timestep:         6534 || Speed:  187.2 MC/s (1.914e-02 s/TS) || Energy: ~1.39e-20 (-26.83dB)
[@     2m13s] Timestep:         6744 || Speed:  187.7 MC/s (1.909e-02 s/TS) || Energy: ~1.40e-20 (-26.82dB)
[@     2m17s] Timestep:         6954 || Speed:  186.5 MC/s (1.922e-02 s/TS) || Energy: ~8.54e-21 (-28.95dB)
[@     2m22s] Timestep:         7170 || Speed:  188.7 MC/s (1.899e-02 s/TS) || Energy: ~6.15e-21 (-30.38dB)
[@     2m26s] Timestep:         7386 || Speed:  188.2 MC/s (1.904e-02 s/TS) || Energy: ~4.89e-21 (-31.37dB)
[@     2m30s] Timestep:         7596 || Speed:  187.3 MC/s (1.913e-02 s/TS) || Energy: ~6.05e-21 (-30.45dB)
[@     2m34s] Timestep:         7806 || Speed:  188.0 MC/s (1.906e-02 s/TS) || Energy: ~7.53e-21 (-29.50dB)
[@     2m38s] Timestep:         8016 || Speed:  186.8 MC/s (1.918e-02 s/TS) || Energy: ~5.87e-21 (-30.58dB)
[@     2m42s] Timestep:         8226 || Speed:  187.8 MC/s (1.908e-02 s/TS) || Energy: ~3.48e-21 (-32.85dB)
[@     2m46s] Timestep:         8442 || Speed:  188.3 MC/s (1.903e-02 s/TS) || Energy: ~2.92e-21 (-33.62dB)
[@     2m50s] Timestep:         8658 || Speed:  188.6 MC/s (1.900e-02 s/TS) || Energy: ~2.73e-21 (-33.90dB)
[@     2m54s] Timestep:         8874 || Speed:  188.6 MC/s (1.900e-02 s/TS) || Energy: ~2.73e-21 (-33.91dB)
[@     2m58s] Timestep:         9090 || Speed:  188.3 MC/s (1.903e-02 s/TS) || Energy: ~2.75e-21 (-33.88dB)
[@     3m02s] Timestep:         9306 || Speed:  188.7 MC/s (1.899e-02 s/TS) || Energy: ~2.70e-21 (-33.95dB)
[@     3m06s] Timestep:         9516 || Speed:  186.5 MC/s (1.921e-02 s/TS) || Energy: ~2.71e-21 (-33.94dB)
[@     3m10s] Timestep:         9732 || Speed:  188.4 MC/s (1.902e-02 s/TS) || Energy: ~2.35e-21 (-34.56dB)
[@     3m15s] Timestep:         9942 || Speed:  185.1 MC/s (1.936e-02 s/TS) || Energy: ~1.68e-21 (-36.00dB)
[@     3m19s] Timestep:        10158 || Speed:  188.4 MC/s (1.902e-02 s/TS) || Energy: ~1.36e-21 (-36.91dB)
[@     3m23s] Timestep:        10368 || Speed:  187.5 MC/s (1.911e-02 s/TS) || Energy: ~1.12e-21 (-37.78dB)
[@     3m27s] Timestep:        10578 || Speed:  186.9 MC/s (1.917e-02 s/TS) || Energy: ~1.32e-21 (-37.05dB)
[@     3m31s] Timestep:        10788 || Speed:  187.5 MC/s (1.911e-02 s/TS) || Energy: ~1.44e-21 (-36.69dB)
[@     3m35s] Timestep:        11004 || Speed:  188.6 MC/s (1.900e-02 s/TS) || Energy: ~1.28e-21 (-37.20dB)
[@     3m39s] Timestep:        11214 || Speed:  186.9 MC/s (1.918e-02 s/TS) || Energy: ~8.44e-22 (-39.00dB)
[@     3m43s] Timestep:        11430 || Speed:  188.3 MC/s (1.902e-02 s/TS) || Energy: ~6.30e-22 (-40.27dB)
[@     3m47s] Timestep:        11640 || Speed:  186.4 MC/s (1.923e-02 s/TS) || Energy: ~5.20e-22 (-41.10dB)
[@     3m51s] Timestep:        11856 || Speed:  188.3 MC/s (1.903e-02 s/TS) || Energy: ~5.52e-22 (-40.84dB)
[@     3m55s] Timestep:        12066 || Speed:  183.7 MC/s (1.951e-02 s/TS) || Energy: ~7.75e-22 (-39.37dB)
[@     3m59s] Timestep:        12276 || Speed:  188.0 MC/s (1.906e-02 s/TS) || Energy: ~6.82e-22 (-39.92dB)
[@     4m03s] Timestep:        12486 || Speed:  187.6 MC/s (1.910e-02 s/TS) || Energy: ~3.65e-22 (-42.64dB)
[@     4m07s] Timestep:        12702 || Speed:  188.9 MC/s (1.897e-02 s/TS) || Energy: ~2.63e-22 (-44.06dB)
[@     4m11s] Timestep:        12918 || Speed:  188.3 MC/s (1.903e-02 s/TS) || Energy: ~2.21e-22 (-44.82dB)
[@     4m15s] Timestep:        13134 || Speed:  188.6 MC/s (1.900e-02 s/TS) || Energy: ~2.30e-22 (-44.65dB)
[@     4m19s] Timestep:        13344 || Speed:  187.2 MC/s (1.914e-02 s/TS) || Energy: ~3.85e-22 (-42.41dB)
[@     4m24s] Timestep:        13554 || Speed:  186.0 MC/s (1.926e-02 s/TS) || Energy: ~4.04e-22 (-42.20dB)
[@     4m28s] Timestep:        13770 || Speed:  188.2 MC/s (1.904e-02 s/TS) || Energy: ~3.28e-22 (-43.10dB)
[@     4m32s] Timestep:        13980 || Speed:  187.7 MC/s (1.909e-02 s/TS) || Energy: ~1.60e-22 (-46.23dB)
[@     4m36s] Timestep:        14190 || Speed:  187.0 MC/s (1.916e-02 s/TS) || Energy: ~1.27e-22 (-47.22dB)
[@     4m40s] Timestep:        14406 || Speed:  188.9 MC/s (1.897e-02 s/TS) || Energy: ~1.49e-22 (-46.53dB)
[@     4m44s] Timestep:        14616 || Speed:  186.1 MC/s (1.925e-02 s/TS) || Energy: ~2.34e-22 (-44.57dB)
[@     4m48s] Timestep:        14826 || Speed:  186.4 MC/s (1.922e-02 s/TS) || Energy: ~2.06e-22 (-45.12dB)
[@     4m52s] Timestep:        15036 || Speed:  187.8 MC/s (1.908e-02 s/TS) || Energy: ~1.04e-22 (-48.11dB)
[@     4m56s] Timestep:        15252 || Speed:  188.3 MC/s (1.903e-02 s/TS) || Energy: ~7.30e-23 (-49.63dB)
[@     5m00s] Timestep:        15462 || Speed:  187.6 MC/s (1.910e-02 s/TS) || Energy: ~8.32e-23 (-49.06dB)
[@     5m04s] Timestep:        15678 || Speed:  188.5 MC/s (1.901e-02 s/TS) || Energy: ~9.95e-23 (-48.29dB)
[@     5m08s] Timestep:        15894 || Speed:  187.6 MC/s (1.910e-02 s/TS) || Energy: ~1.13e-22 (-47.73dB)
[@     5m12s] Timestep:        16104 || Speed:  186.6 MC/s (1.921e-02 s/TS) || Energy: ~1.24e-22 (-47.34dB)
[@     5m16s] Timestep:        16314 || Speed:  187.9 MC/s (1.907e-02 s/TS) || Energy: ~7.44e-23 (-49.55dB)
[@     5m20s] Timestep:        16524 || Speed:  186.5 MC/s (1.922e-02 s/TS) || Energy: ~3.96e-23 (-52.28dB)
Time for 16524 iterations with 3583125.00 cells : 320.80 sec
Speed: 184.56 MCells/s 
    [renorm] analytic coax Z = 25.0 ohm -> 50 ohm
  saved design_sample_2337_wc_L1_ipc_top_openems_se.npz

==============================================================================
STAGE 07 RESULT  (mean floored dB, eye band)
==============================================================================
  [openems_vs_target]
    Sdd11  0-14    floored=  5.92 dB  lin=0.1285
    Sdd11  14-28   floored= 16.91 dB  lin=0.4342
    Sdd21  0-14    floored=  0.60 dB  lin=0.0622
    Sdd21  14-28   floored=  1.44 dB  lin=0.1140
  [openems_vs_pred]
    Sdd11  0-14    floored=  5.58 dB  lin=0.1217
    Sdd11  14-28   floored= 17.29 dB  lin=0.4372
    Sdd21  0-14    floored=  0.85 dB  lin=0.0888
    Sdd21  14-28   floored=  1.54 dB  lin=0.1223

  figure: design_sample_2337_wc_L1_ipc_top_overlay_20260802_122203.png
  table : design_sample_2337_wc_L1_ipc_top_validation_20260802_122203.csv

INTERPRETATION:
  openems_vs_target small  -> the design achieves its goal in real
     physics: the inverse model works. THE thesis result.
  openems_vs_pred within the stage-06 solver floor -> the forward
     surrogate was honest about this design.
  openems_vs_pred >> floor (esp. where TTO optimised) -> surrogate
     exploitation, caught in independent physics. Motivates latent TTO.
