==============================================================================
Stage 07: design_sample_11742_wc_L1_ipc_top  (template sim_pkg_9773, pair 6, geometry='x_local_norm')
==============================================================================

  --- geometry sanity check [design_sample_11742_wc_L1_ipc_top] ---
    via_radius   = 7.987 mil
    antipad_rad  = 20.025 mil
    pitch        = 54.927 mil
    TDIEL/TMET   = 538.1 total, eps_r=4.102, tan_d=0.0157
    n_ports      = 24
    geometry looks physical (via < antipad < pitch/2, eps_r>1).

  building + simulating in OpenEMS (24 ports) ...
  ArrayModelBuilder v4 (CoaxialPort) for generated_from_sim_pkg_9773
    board (mil) : x[-54.9,219.7] y[-54.9,329.6] z[0,538.1]
    domain (mil): z[-100.0,638.1] (coax stubs of 100 mil above/below)
    coax launch : r_i=7.987 r_o=20.025 (air, Z0 ~ 55 ohm; renormalized to 50 ohm on output)
    mesh res    : 2.914 mil (20 cells/lambda @ 100 GHz)
    boundaries  : lateral PML_8 (infinite planes), z MUR (fallback)
    n_ports     : 24
    [excite port 1/24]
 ---------------------------------------------------------------------- 
 | openEMS 64bit -- version v0.37.0-rc1-2-g7b051bb
 | (C) 2010-2026 Thorsten Liebig <thorsten.liebig@gmx.de>  GPL license
 ---------------------------------------------------------------------- 
	Used external libraries:
		CSXCAD -- Version: v0.7.0-rc1-1-g5115701
		hdf5   -- Version: 1.10.10
		          compiled against: HDF5 library version: 1.10.10
		tinyxml -- compiled against: 2.6.2
		fparser
		boost  -- compiled against: 1_83
		vtk -- Version: 9.1.0
		       compiled against: 9.1.0

Create FDTD operator (compressed SSE + multi-threading)
FDTD simulation size: 163x215x253 --> 8.86638e+06 FDTD cells 
FDTD timestep is: 1.37051e-13 s; Nyquist rate: 36 timesteps @1.01341e+11 Hz
Excitation signal length is: 420 timesteps (5.75614e-11s)
Max. number of timesteps: 30000 ( --> 71.4286 * Excitation signal length)
Create FDTD engine (compressed SSE + multi-threading)
Running FDTD engine... this may take a while... grab a cup of coffee?!?
[@        4s] Timestep:           90 || Speed:  197.5 MC/s (4.488e-02 s/TS) || Energy: ~8.69e-21 (- 0.00dB)
[@        8s] Timestep:          234 || Speed:  308.3 MC/s (2.876e-02 s/TS) || Energy: ~2.45e-17 (- 0.00dB)
[@       12s] Timestep:          513 || Speed:  600.4 MC/s (1.477e-02 s/TS) || Energy: ~2.18e-17 (- 0.50dB)
[@       16s] Timestep:          684 || Speed:  379.0 MC/s (2.339e-02 s/TS) || Energy: ~1.78e-17 (- 1.38dB)
Multithreaded Engine: Best performance found using 3 threads.
[@       20s] Timestep:          855 || Speed:  362.0 MC/s (2.450e-02 s/TS) || Energy: ~1.39e-17 (- 2.46dB)
[@       24s] Timestep:         1026 || Speed:  370.2 MC/s (2.395e-02 s/TS) || Energy: ~9.67e-18 (- 4.03dB)
[@       28s] Timestep:         1197 || Speed:  373.6 MC/s (2.373e-02 s/TS) || Energy: ~6.26e-18 (- 5.92dB)
[@       32s] Timestep:         1359 || Speed:  353.3 MC/s (2.510e-02 s/TS) || Energy: ~4.49e-18 (- 7.36dB)
[@       36s] Timestep:         1530 || Speed:  362.0 MC/s (2.449e-02 s/TS) || Energy: ~3.14e-18 (- 8.92dB)
[@       41s] Timestep:         1800 || Speed:  578.3 MC/s (1.533e-02 s/TS) || Energy: ~2.03e-18 (-10.80dB)
[@       45s] Timestep:         1971 || Speed:  364.4 MC/s (2.433e-02 s/TS) || Energy: ~1.52e-18 (-12.08dB)
[@       49s] Timestep:         2142 || Speed:  361.5 MC/s (2.453e-02 s/TS) || Energy: ~1.09e-18 (-13.49dB)
[@       53s] Timestep:         2313 || Speed:  364.7 MC/s (2.431e-02 s/TS) || Energy: ~8.79e-19 (-14.44dB)
[@       57s] Timestep:         2484 || Speed:  366.8 MC/s (2.417e-02 s/TS) || Energy: ~6.97e-19 (-15.45dB)
[@     1m01s] Timestep:         2664 || Speed:  379.6 MC/s (2.336e-02 s/TS) || Energy: ~5.62e-19 (-16.39dB)
[@     1m06s] Timestep:         2835 || Speed:  364.2 MC/s (2.435e-02 s/TS) || Energy: ~4.32e-19 (-17.53dB)
[@     1m10s] Timestep:         3006 || Speed:  369.5 MC/s (2.400e-02 s/TS) || Energy: ~3.63e-19 (-18.29dB)
[@     1m14s] Timestep:         3285 || Speed:  588.6 MC/s (1.506e-02 s/TS) || Energy: ~2.83e-19 (-19.37dB)
[@     1m18s] Timestep:         3456 || Speed:  366.7 MC/s (2.418e-02 s/TS) || Energy: ~2.38e-19 (-20.12dB)
[@     1m22s] Timestep:         3627 || Speed:  376.2 MC/s (2.357e-02 s/TS) || Energy: ~1.97e-19 (-20.95dB)
[@     1m26s] Timestep:         3798 || Speed:  378.1 MC/s (2.345e-02 s/TS) || Energy: ~1.83e-19 (-21.26dB)
[@     1m30s] Timestep:         3969 || Speed:  369.5 MC/s (2.399e-02 s/TS) || Energy: ~1.54e-19 (-22.00dB)
[@     1m34s] Timestep:         4140 || Speed:  374.8 MC/s (2.365e-02 s/TS) || Energy: ~1.26e-19 (-22.89dB)
[@     1m38s] Timestep:         4311 || Speed:  373.9 MC/s (2.371e-02 s/TS) || Energy: ~1.11e-19 (-23.45dB)
[@     1m42s] Timestep:         4581 || Speed:  588.7 MC/s (1.506e-02 s/TS) || Energy: ~9.20e-20 (-24.24dB)
[@     1m46s] Timestep:         4752 || Speed:  371.8 MC/s (2.384e-02 s/TS) || Energy: ~8.52e-20 (-24.58dB)
[@     1m50s] Timestep:         4923 || Speed:  374.8 MC/s (2.366e-02 s/TS) || Energy: ~6.48e-20 (-25.77dB)
[@     1m54s] Timestep:         5094 || Speed:  372.9 MC/s (2.377e-02 s/TS) || Energy: ~6.07e-20 (-26.05dB)
[@     1m59s] Timestep:         5265 || Speed:  371.8 MC/s (2.385e-02 s/TS) || Energy: ~5.86e-20 (-26.20dB)
[@     2m03s] Timestep:         5436 || Speed:  376.4 MC/s (2.356e-02 s/TS) || Energy: ~4.67e-20 (-27.19dB)
[@     2m07s] Timestep:         5607 || Speed:  368.9 MC/s (2.403e-02 s/TS) || Energy: ~4.21e-20 (-27.64dB)
[@     2m11s] Timestep:         5877 || Speed:  583.4 MC/s (1.520e-02 s/TS) || Energy: ~3.32e-20 (-28.67dB)
[@     2m15s] Timestep:         6048 || Speed:  367.3 MC/s (2.414e-02 s/TS) || Energy: ~3.27e-20 (-28.74dB)
[@     2m19s] Timestep:         6219 || Speed:  360.9 MC/s (2.456e-02 s/TS) || Energy: ~2.98e-20 (-29.14dB)
[@     2m23s] Timestep:         6390 || Speed:  374.6 MC/s (2.367e-02 s/TS) || Energy: ~2.42e-20 (-30.05dB)
[@     2m27s] Timestep:         6561 || Speed:  367.0 MC/s (2.416e-02 s/TS) || Energy: ~2.42e-20 (-30.05dB)
[@     2m31s] Timestep:         6732 || Speed:  366.0 MC/s (2.422e-02 s/TS) || Energy: ~1.97e-20 (-30.93dB)
[@     2m36s] Timestep:         6903 || Speed:  361.5 MC/s (2.453e-02 s/TS) || Energy: ~1.75e-20 (-31.45dB)
[@     2m40s] Timestep:         7173 || Speed:  592.0 MC/s (1.498e-02 s/TS) || Energy: ~1.59e-20 (-31.88dB)
[@     2m44s] Timestep:         7335 || Speed:  351.8 MC/s (2.521e-02 s/TS) || Energy: ~1.25e-20 (-32.92dB)
[@     2m48s] Timestep:         7497 || Speed:  358.2 MC/s (2.475e-02 s/TS) || Energy: ~1.44e-20 (-32.31dB)
[@     2m52s] Timestep:         7668 || Speed:  365.1 MC/s (2.428e-02 s/TS) || Energy: ~1.25e-20 (-32.91dB)
[@     2m56s] Timestep:         7839 || Speed:  374.3 MC/s (2.369e-02 s/TS) || Energy: ~1.23e-20 (-32.97dB)
[@     3m00s] Timestep:         8010 || Speed:  369.1 MC/s (2.402e-02 s/TS) || Energy: ~1.00e-20 (-33.88dB)
[@     3m04s] Timestep:         8181 || Speed:  376.2 MC/s (2.357e-02 s/TS) || Energy: ~8.57e-21 (-34.55dB)
[@     3m08s] Timestep:         8352 || Speed:  372.6 MC/s (2.380e-02 s/TS) || Energy: ~8.68e-21 (-34.50dB)
[@     3m12s] Timestep:         8631 || Speed:  596.1 MC/s (1.487e-02 s/TS) || Energy: ~6.35e-21 (-35.86dB)
[@     3m16s] Timestep:         8802 || Speed:  377.1 MC/s (2.351e-02 s/TS) || Energy: ~6.23e-21 (-35.94dB)
[@     3m20s] Timestep:         8973 || Speed:  369.5 MC/s (2.400e-02 s/TS) || Energy: ~5.70e-21 (-36.33dB)
[@     3m25s] Timestep:         9153 || Speed:  378.2 MC/s (2.344e-02 s/TS) || Energy: ~4.44e-21 (-37.41dB)
[@     3m29s] Timestep:         9324 || Speed:  369.2 MC/s (2.401e-02 s/TS) || Energy: ~4.67e-21 (-37.19dB)
[@     3m33s] Timestep:         9495 || Speed:  367.8 MC/s (2.410e-02 s/TS) || Energy: ~4.28e-21 (-37.56dB)
[@     3m37s] Timestep:         9666 || Speed:  376.6 MC/s (2.354e-02 s/TS) || Energy: ~3.97e-21 (-37.90dB)
[@     3m41s] Timestep:         9945 || Speed:  613.7 MC/s (1.445e-02 s/TS) || Energy: ~3.88e-21 (-38.00dB)
[@     3m45s] Timestep:        10125 || Speed:  380.3 MC/s (2.332e-02 s/TS) || Energy: ~2.98e-21 (-39.14dB)
[@     3m49s] Timestep:        10296 || Speed:  378.9 MC/s (2.340e-02 s/TS) || Energy: ~2.42e-21 (-40.05dB)
[@     3m53s] Timestep:        10467 || Speed:  366.3 MC/s (2.421e-02 s/TS) || Energy: ~2.58e-21 (-39.77dB)
[@     3m57s] Timestep:        10638 || Speed:  371.7 MC/s (2.385e-02 s/TS) || Energy: ~2.27e-21 (-40.33dB)
[@     4m01s] Timestep:        10809 || Speed:  375.6 MC/s (2.361e-02 s/TS) || Energy: ~2.42e-21 (-40.05dB)
[@     4m06s] Timestep:        10980 || Speed:  362.4 MC/s (2.447e-02 s/TS) || Energy: ~1.97e-21 (-40.93dB)
[@     4m10s] Timestep:        11259 || Speed:  590.0 MC/s (1.503e-02 s/TS) || Energy: ~1.56e-21 (-41.94dB)
[@     4m14s] Timestep:        11430 || Speed:  371.9 MC/s (2.384e-02 s/TS) || Energy: ~1.63e-21 (-41.75dB)
[@     4m18s] Timestep:        11601 || Speed:  377.4 MC/s (2.349e-02 s/TS) || Energy: ~1.23e-21 (-43.00dB)
[@     4m22s] Timestep:        11772 || Speed:  371.0 MC/s (2.390e-02 s/TS) || Energy: ~1.32e-21 (-42.67dB)
[@     4m26s] Timestep:        11943 || Speed:  373.6 MC/s (2.373e-02 s/TS) || Energy: ~1.33e-21 (-42.64dB)
[@     4m30s] Timestep:        12114 || Speed:  369.9 MC/s (2.397e-02 s/TS) || Energy: ~9.42e-22 (-44.14dB)
[@     4m34s] Timestep:        12294 || Speed:  381.8 MC/s (2.322e-02 s/TS) || Energy: ~9.21e-22 (-44.24dB)
[@     4m38s] Timestep:        12465 || Speed:  369.2 MC/s (2.401e-02 s/TS) || Energy: ~7.76e-22 (-44.98dB)
[@     4m43s] Timestep:        12636 || Speed:  365.7 MC/s (2.424e-02 s/TS) || Energy: ~7.58e-22 (-45.09dB)
[@     4m47s] Timestep:        12816 || Speed:  381.3 MC/s (2.325e-02 s/TS) || Energy: ~8.65e-22 (-44.51dB)
[@     4m51s] Timestep:        12987 || Speed:  367.1 MC/s (2.415e-02 s/TS) || Energy: ~6.79e-22 (-45.57dB)
[@     4m55s] Timestep:        13311 || Speed:  710.5 MC/s (1.248e-02 s/TS) || Energy: ~5.64e-22 (-46.37dB)
[@     4m59s] Timestep:        13482 || Speed:  366.2 MC/s (2.422e-02 s/TS) || Energy: ~5.36e-22 (-46.59dB)
[@     5m03s] Timestep:        13653 || Speed:  369.9 MC/s (2.397e-02 s/TS) || Energy: ~5.78e-22 (-46.26dB)
[@     5m07s] Timestep:        13824 || Speed:  372.0 MC/s (2.384e-02 s/TS) || Energy: ~4.49e-22 (-47.36dB)
[@     5m11s] Timestep:        13995 || Speed:  368.2 MC/s (2.408e-02 s/TS) || Energy: ~4.59e-22 (-47.27dB)
[@     5m16s] Timestep:        14166 || Speed:  366.9 MC/s (2.417e-02 s/TS) || Energy: ~3.98e-22 (-47.88dB)
[@     5m20s] Timestep:        14337 || Speed:  366.6 MC/s (2.419e-02 s/TS) || Energy: ~2.93e-22 (-49.22dB)
[@     5m24s] Timestep:        14616 || Speed:  590.1 MC/s (1.502e-02 s/TS) || Energy: ~3.33e-22 (-48.66dB)
[@     5m28s] Timestep:        14787 || Speed:  377.6 MC/s (2.348e-02 s/TS) || Energy: ~2.29e-22 (-50.29dB)
Time for 14787 iterations with 8866385.00 cells : 328.35 sec
Speed: 399.29 MCells/s 
    [excite port 2/24]
 ---------------------------------------------------------------------- 
 | openEMS 64bit -- version v0.37.0-rc1-2-g7b051bb
 | (C) 2010-2026 Thorsten Liebig <thorsten.liebig@gmx.de>  GPL license
 ---------------------------------------------------------------------- 
	Used external libraries:
		CSXCAD -- Version: v0.7.0-rc1-1-g5115701
		hdf5   -- Version: 1.10.10
		          compiled against: HDF5 library version: 1.10.10
		tinyxml -- compiled against: 2.6.2
		fparser
		boost  -- compiled against: 1_83
		vtk -- Version: 9.1.0
		       compiled against: 9.1.0

Create FDTD operator (compressed SSE + multi-threading)
FDTD simulation size: 163x215x253 --> 8866385.00 FDTD cells 
FDTD timestep is: 0.00 s; Nyquist rate: 36 timesteps @101341000663.00 Hz
Excitation signal length is: 420 timesteps (0.00s)
Max. number of timesteps: 30000 ( --> 71.43 * Excitation signal length)
Create FDTD engine (compressed SSE + multi-threading)
Running FDTD engine... this may take a while... grab a cup of coffee?!?
[@        4s] Timestep:          108 || Speed:  233.2 MC/s (3.802e-02 s/TS) || Energy: ~1.16e-20 (- 0.00dB)
[@        8s] Timestep:          369 || Speed:  563.1 MC/s (1.575e-02 s/TS) || Energy: ~2.87e-17 (- 0.00dB)
[@       12s] Timestep:          540 || Speed:  371.0 MC/s (2.390e-02 s/TS) || Energy: ~2.27e-17 (- 1.01dB)
Multithreaded Engine: Best performance found using 2 threads.
[@       16s] Timestep:          702 || Speed:  352.0 MC/s (2.519e-02 s/TS) || Energy: ~1.79e-17 (- 2.05dB)
[@       20s] Timestep:          864 || Speed:  355.3 MC/s (2.495e-02 s/TS) || Energy: ~1.31e-17 (- 3.41dB)
[@       24s] Timestep:         1026 || Speed:  347.4 MC/s (2.553e-02 s/TS) || Energy: ~9.97e-18 (- 4.59dB)
[@       28s] Timestep:         1188 || Speed:  349.7 MC/s (2.536e-02 s/TS) || Energy: ~6.63e-18 (- 6.35dB)
[@       32s] Timestep:         1350 || Speed:  348.4 MC/s (2.545e-02 s/TS) || Energy: ~4.63e-18 (- 7.92dB)
[@       36s] Timestep:         1611 || Speed:  562.3 MC/s (1.577e-02 s/TS) || Energy: ~2.93e-18 (- 9.90dB)
[@       40s] Timestep:         1773 || Speed:  352.8 MC/s (2.513e-02 s/TS) || Energy: ~2.31e-18 (-10.94dB)
[@       45s] Timestep:         1935 || Speed:  352.6 MC/s (2.514e-02 s/TS) || Energy: ~1.77e-18 (-12.10dB)
[@       49s] Timestep:         2097 || Speed:  349.2 MC/s (2.539e-02 s/TS) || Energy: ~1.36e-18 (-13.25dB)
[@       53s] Timestep:         2259 || Speed:  351.2 MC/s (2.525e-02 s/TS) || Energy: ~1.06e-18 (-14.33dB)
[@       57s] Timestep:         2421 || Speed:  348.9 MC/s (2.542e-02 s/TS) || Energy: ~8.53e-19 (-15.26dB)
[@     1m01s] Timestep:         2583 || Speed:  355.6 MC/s (2.493e-02 s/TS) || Energy: ~6.68e-19 (-16.33dB)
[@     1m05s] Timestep:         2745 || Speed:  348.5 MC/s (2.544e-02 s/TS) || Energy: ~5.29e-19 (-17.34dB)
[@     1m09s] Timestep:         3006 || Speed:  563.4 MC/s (1.574e-02 s/TS) || Energy: ~4.01e-19 (-18.55dB)
[@     1m13s] Timestep:         3168 || Speed:  350.9 MC/s (2.527e-02 s/TS) || Energy: ~3.44e-19 (-19.21dB)
[@     1m17s] Timestep:         3330 || Speed:  350.8 MC/s (2.528e-02 s/TS) || Energy: ~2.71e-19 (-20.25dB)
[@     1m21s] Timestep:         3492 || Speed:  352.9 MC/s (2.513e-02 s/TS) || Energy: ~2.06e-19 (-21.43dB)
[@     1m25s] Timestep:         3654 || Speed:  353.9 MC/s (2.505e-02 s/TS) || Energy: ~1.99e-19 (-21.58dB)
[@     1m30s] Timestep:         3816 || Speed:  348.4 MC/s (2.545e-02 s/TS) || Energy: ~1.82e-19 (-21.97dB)
[@     1m34s] Timestep:         3978 || Speed:  348.9 MC/s (2.541e-02 s/TS) || Energy: ~1.47e-19 (-22.89dB)
[@     1m38s] Timestep:         4239 || Speed:  565.7 MC/s (1.567e-02 s/TS) || Energy: ~1.14e-19 (-24.01dB)
[@     1m42s] Timestep:         4401 || Speed:  352.6 MC/s (2.514e-02 s/TS) || Energy: ~9.84e-20 (-24.64dB)
[@     1m46s] Timestep:         4563 || Speed:  351.8 MC/s (2.520e-02 s/TS) || Energy: ~9.97e-20 (-24.58dB)
[@     1m50s] Timestep:         4725 || Speed:  351.3 MC/s (2.524e-02 s/TS) || Energy: ~9.09e-20 (-24.98dB)
[@     1m54s] Timestep:         4887 || Speed:  352.2 MC/s (2.517e-02 s/TS) || Energy: ~7.25e-20 (-25.97dB)
[@     1m58s] Timestep:         5049 || Speed:  351.4 MC/s (2.523e-02 s/TS) || Energy: ~6.96e-20 (-26.14dB)
[@     2m02s] Timestep:         5211 || Speed:  356.0 MC/s (2.491e-02 s/TS) || Energy: ~6.70e-20 (-26.31dB)
[@     2m06s] Timestep:         5472 || Speed:  548.5 MC/s (1.617e-02 s/TS) || Energy: ~5.07e-20 (-27.53dB)
[@     2m11s] Timestep:         5634 || Speed:  351.9 MC/s (2.520e-02 s/TS) || Energy: ~4.47e-20 (-28.07dB)
[@     2m15s] Timestep:         5796 || Speed:  354.7 MC/s (2.500e-02 s/TS) || Energy: ~4.29e-20 (-28.25dB)
[@     2m19s] Timestep:         5958 || Speed:  345.7 MC/s (2.565e-02 s/TS) || Energy: ~3.79e-20 (-28.79dB)
[@     2m23s] Timestep:         6120 || Speed:  352.3 MC/s (2.517e-02 s/TS) || Energy: ~3.59e-20 (-29.02dB)
[@     2m27s] Timestep:         6282 || Speed:  349.0 MC/s (2.540e-02 s/TS) || Energy: ~3.30e-20 (-29.38dB)
[@     2m31s] Timestep:         6444 || Speed:  347.9 MC/s (2.549e-02 s/TS) || Energy: ~2.96e-20 (-29.86dB)
[@     2m35s] Timestep:         6705 || Speed:  547.9 MC/s (1.618e-02 s/TS) || Energy: ~2.65e-20 (-30.34dB)
[@     2m39s] Timestep:         6867 || Speed:  350.8 MC/s (2.527e-02 s/TS) || Energy: ~2.09e-20 (-31.37dB)
[@     2m43s] Timestep:         7029 || Speed:  348.7 MC/s (2.543e-02 s/TS) || Energy: ~1.91e-20 (-31.77dB)
[@     2m48s] Timestep:         7191 || Speed:  352.5 MC/s (2.515e-02 s/TS) || Energy: ~2.05e-20 (-31.45dB)
[@     2m52s] Timestep:         7353 || Speed:  353.2 MC/s (2.510e-02 s/TS) || Energy: ~1.82e-20 (-31.97dB)
[@     2m56s] Timestep:         7515 || Speed:  351.6 MC/s (2.522e-02 s/TS) || Energy: ~1.54e-20 (-32.71dB)
[@     3m00s] Timestep:         7677 || Speed:  355.2 MC/s (2.496e-02 s/TS) || Energy: ~1.31e-20 (-33.39dB)
[@     3m04s] Timestep:         7839 || Speed:  352.9 MC/s (2.512e-02 s/TS) || Energy: ~1.17e-20 (-33.89dB)
[@     3m08s] Timestep:         8091 || Speed:  546.9 MC/s (1.621e-02 s/TS) || Energy: ~1.28e-20 (-33.50dB)
[@     3m12s] Timestep:         8253 || Speed:  348.0 MC/s (2.548e-02 s/TS) || Energy: ~1.16e-20 (-33.94dB)
[@     3m16s] Timestep:         8415 || Speed:  353.1 MC/s (2.511e-02 s/TS) || Energy: ~7.81e-21 (-35.65dB)
[@     3m20s] Timestep:         8577 || Speed:  352.4 MC/s (2.516e-02 s/TS) || Energy: ~7.16e-21 (-36.02dB)
[@     3m24s] Timestep:         8739 || Speed:  353.4 MC/s (2.509e-02 s/TS) || Energy: ~8.28e-21 (-35.39dB)
[@     3m28s] Timestep:         8901 || Speed:  351.8 MC/s (2.520e-02 s/TS) || Energy: ~8.09e-21 (-35.49dB)
[@     3m32s] Timestep:         9063 || Speed:  350.5 MC/s (2.530e-02 s/TS) || Energy: ~6.56e-21 (-36.40dB)
[@     3m37s] Timestep:         9324 || Speed:  567.0 MC/s (1.564e-02 s/TS) || Energy: ~4.89e-21 (-37.68dB)
[@     3m41s] Timestep:         9486 || Speed:  350.3 MC/s (2.531e-02 s/TS) || Energy: ~4.19e-21 (-38.35dB)
[@     3m45s] Timestep:         9648 || Speed:  353.9 MC/s (2.505e-02 s/TS) || Energy: ~4.69e-21 (-37.86dB)
[@     3m49s] Timestep:         9810 || Speed:  353.1 MC/s (2.511e-02 s/TS) || Energy: ~4.59e-21 (-37.95dB)
[@     3m53s] Timestep:         9972 || Speed:  350.6 MC/s (2.529e-02 s/TS) || Energy: ~4.11e-21 (-38.43dB)
[@     3m57s] Timestep:        10134 || Speed:  349.4 MC/s (2.537e-02 s/TS) || Energy: ~3.43e-21 (-39.22dB)
[@     4m01s] Timestep:        10296 || Speed:  351.6 MC/s (2.522e-02 s/TS) || Energy: ~2.81e-21 (-40.09dB)
[@     4m05s] Timestep:        10557 || Speed:  564.2 MC/s (1.571e-02 s/TS) || Energy: ~2.72e-21 (-40.23dB)
[@     4m09s] Timestep:        10719 || Speed:  353.1 MC/s (2.511e-02 s/TS) || Energy: ~3.01e-21 (-39.79dB)
[@     4m13s] Timestep:        10881 || Speed:  357.2 MC/s (2.482e-02 s/TS) || Energy: ~2.61e-21 (-40.41dB)
[@     4m17s] Timestep:        11043 || Speed:  352.2 MC/s (2.517e-02 s/TS) || Energy: ~2.22e-21 (-41.10dB)
[@     4m22s] Timestep:        11205 || Speed:  339.4 MC/s (2.612e-02 s/TS) || Energy: ~1.94e-21 (-41.70dB)
[@     4m26s] Timestep:        11367 || Speed:  353.0 MC/s (2.512e-02 s/TS) || Energy: ~1.86e-21 (-41.89dB)
[@     4m30s] Timestep:        11529 || Speed:  354.8 MC/s (2.499e-02 s/TS) || Energy: ~2.08e-21 (-41.40dB)
[@     4m34s] Timestep:        11691 || Speed:  355.7 MC/s (2.493e-02 s/TS) || Energy: ~1.85e-21 (-41.90dB)
[@     4m38s] Timestep:        11952 || Speed:  555.1 MC/s (1.597e-02 s/TS) || Energy: ~1.41e-21 (-43.09dB)
[@     4m42s] Timestep:        12114 || Speed:  348.0 MC/s (2.547e-02 s/TS) || Energy: ~1.25e-21 (-43.61dB)
[@     4m46s] Timestep:        12276 || Speed:  355.6 MC/s (2.493e-02 s/TS) || Energy: ~1.21e-21 (-43.74dB)
[@     4m50s] Timestep:        12438 || Speed:  346.8 MC/s (2.557e-02 s/TS) || Energy: ~1.25e-21 (-43.60dB)
[@     4m54s] Timestep:        12600 || Speed:  354.6 MC/s (2.500e-02 s/TS) || Energy: ~1.14e-21 (-44.01dB)
[@     4m58s] Timestep:        12762 || Speed:  345.3 MC/s (2.568e-02 s/TS) || Energy: ~9.10e-22 (-44.98dB)
[@     5m02s] Timestep:        12924 || Speed:  352.0 MC/s (2.519e-02 s/TS) || Energy: ~8.79e-22 (-45.13dB)
[@     5m07s] Timestep:        13185 || Speed:  571.1 MC/s (1.553e-02 s/TS) || Energy: ~8.51e-22 (-45.27dB)
[@     5m11s] Timestep:        13347 || Speed:  351.4 MC/s (2.523e-02 s/TS) || Energy: ~7.50e-22 (-45.82dB)
[@     5m15s] Timestep:        13509 || Speed:  351.5 MC/s (2.522e-02 s/TS) || Energy: ~6.75e-22 (-46.28dB)
[@     5m19s] Timestep:        13671 || Speed:  353.6 MC/s (2.508e-02 s/TS) || Energy: ~6.36e-22 (-46.54dB)
[@     5m23s] Timestep:        13833 || Speed:  355.0 MC/s (2.498e-02 s/TS) || Energy: ~6.01e-22 (-46.78dB)
[@     5m27s] Timestep:        13995 || Speed:  352.4 MC/s (2.516e-02 s/TS) || Energy: ~5.52e-22 (-47.15dB)
[@     5m31s] Timestep:        14157 || Speed:  355.0 MC/s (2.498e-02 s/TS) || Energy: ~4.72e-22 (-47.83dB)
[@     5m35s] Timestep:        14418 || Speed:  559.4 MC/s (1.585e-02 s/TS) || Energy: ~4.00e-22 (-48.55dB)
[@     5m39s] Timestep:        14580 || Speed:  352.4 MC/s (2.516e-02 s/TS) || Energy: ~4.45e-22 (-48.09dB)
[@     5m43s] Timestep:        14742 || Speed:  355.9 MC/s (2.491e-02 s/TS) || Energy: ~4.15e-22 (-48.39dB)
[@     5m47s] Timestep:        14904 || Speed:  356.0 MC/s (2.491e-02 s/TS) || Energy: ~3.19e-22 (-49.53dB)
[@     5m51s] Timestep:        15066 || Speed:  353.2 MC/s (2.510e-02 s/TS) || Energy: ~2.77e-22 (-50.15dB)
Time for 15066 iterations with 8866385.00 cells : 351.77 sec
Speed: 379.73 MCells/s 
    [excite port 3/24]
 ---------------------------------------------------------------------- 
 | openEMS 64bit -- version v0.37.0-rc1-2-g7b051bb
 | (C) 2010-2026 Thorsten Liebig <thorsten.liebig@gmx.de>  GPL license
 ---------------------------------------------------------------------- 
	Used external libraries:
		CSXCAD -- Version: v0.7.0-rc1-1-g5115701
		hdf5   -- Version: 1.10.10
		          compiled against: HDF5 library version: 1.10.10
		tinyxml -- compiled against: 2.6.2
		fparser
		boost  -- compiled against: 1_83
		vtk -- Version: 9.1.0
		       compiled against: 9.1.0

Create FDTD operator (compressed SSE + multi-threading)
FDTD simulation size: 163x215x253 --> 8866385.00 FDTD cells 
FDTD timestep is: 0.00 s; Nyquist rate: 36 timesteps @101341000663.00 Hz
Excitation signal length is: 420 timesteps (0.00s)
Max. number of timesteps: 30000 ( --> 71.43 * Excitation signal length)
Create FDTD engine (compressed SSE + multi-threading)
Running FDTD engine... this may take a while... grab a cup of coffee?!?
[@        4s] Timestep:          108 || Speed:  228.9 MC/s (3.873e-02 s/TS) || Energy: ~1.16e-20 (- 0.00dB)
[@        8s] Timestep:          270 || Speed:  345.4 MC/s (2.567e-02 s/TS) || Energy: ~3.02e-17 (- 0.00dB)
[@       12s] Timestep:          441 || Speed:  366.6 MC/s (2.419e-02 s/TS) || Energy: ~2.43e-17 (- 0.95dB)
[@       16s] Timestep:          612 || Speed:  370.1 MC/s (2.395e-02 s/TS) || Energy: ~2.05e-17 (- 1.68dB)
[@       20s] Timestep:          792 || Speed:  381.8 MC/s (2.322e-02 s/TS) || Energy: ~1.63e-17 (- 2.68dB)
[@       24s] Timestep:         1089 || Speed:  631.4 MC/s (1.404e-02 s/TS) || Energy: ~8.66e-18 (- 5.43dB)
[@       29s] Timestep:         1269 || Speed:  388.8 MC/s (2.280e-02 s/TS) || Energy: ~5.60e-18 (- 7.32dB)
Multithreaded Engine: Best performance found using 6 threads.
[@       33s] Timestep:         1458 || Speed:  398.5 MC/s (2.225e-02 s/TS) || Energy: ~3.86e-18 (- 8.94dB)
[@       37s] Timestep:         1638 || Speed:  393.0 MC/s (2.256e-02 s/TS) || Energy: ~2.63e-18 (-10.60dB)
[@       41s] Timestep:         1818 || Speed:  395.6 MC/s (2.241e-02 s/TS) || Energy: ~1.88e-18 (-12.06dB)
[@       45s] Timestep:         1998 || Speed:  395.8 MC/s (2.240e-02 s/TS) || Energy: ~1.52e-18 (-12.98dB)
[@       49s] Timestep:         2187 || Speed:  399.5 MC/s (2.219e-02 s/TS) || Energy: ~1.14e-18 (-14.25dB)
[@       53s] Timestep:         2484 || Speed:  639.1 MC/s (1.387e-02 s/TS) || Energy: ~7.71e-19 (-15.93dB)
[@       57s] Timestep:         2673 || Speed:  401.9 MC/s (2.206e-02 s/TS) || Energy: ~6.31e-19 (-16.80dB)
[@     1m01s] Timestep:         2853 || Speed:  397.6 MC/s (2.230e-02 s/TS) || Energy: ~5.22e-19 (-17.63dB)
[@     1m06s] Timestep:         3042 || Speed:  400.8 MC/s (2.212e-02 s/TS) || Energy: ~4.30e-19 (-18.47dB)
[@     1m10s] Timestep:         3222 || Speed:  398.0 MC/s (2.228e-02 s/TS) || Energy: ~3.79e-19 (-19.01dB)
[@     1m14s] Timestep:         3402 || Speed:  398.8 MC/s (2.223e-02 s/TS) || Energy: ~3.19e-19 (-19.76dB)
[@     1m18s] Timestep:         3591 || Speed:  399.4 MC/s (2.220e-02 s/TS) || Energy: ~2.74e-19 (-20.43dB)
[@     1m22s] Timestep:         3879 || Speed:  637.6 MC/s (1.390e-02 s/TS) || Energy: ~2.21e-19 (-21.35dB)
[@     1m26s] Timestep:         4059 || Speed:  398.9 MC/s (2.222e-02 s/TS) || Energy: ~1.74e-19 (-22.40dB)
[@     1m30s] Timestep:         4248 || Speed:  401.4 MC/s (2.209e-02 s/TS) || Energy: ~1.46e-19 (-23.16dB)
[@     1m34s] Timestep:         4428 || Speed:  397.7 MC/s (2.229e-02 s/TS) || Energy: ~1.24e-19 (-23.86dB)
[@     1m38s] Timestep:         4617 || Speed:  400.8 MC/s (2.212e-02 s/TS) || Energy: ~1.13e-19 (-24.27dB)
[@     1m42s] Timestep:         4797 || Speed:  397.5 MC/s (2.230e-02 s/TS) || Energy: ~1.10e-19 (-24.40dB)
[@     1m46s] Timestep:         4986 || Speed:  400.3 MC/s (2.215e-02 s/TS) || Energy: ~1.01e-19 (-24.77dB)
[@     1m50s] Timestep:         5283 || Speed:  639.1 MC/s (1.387e-02 s/TS) || Energy: ~8.25e-20 (-25.64dB)
[@     1m55s] Timestep:         5472 || Speed:  401.2 MC/s (2.210e-02 s/TS) || Energy: ~7.45e-20 (-26.08dB)
[@     1m59s] Timestep:         5661 || Speed:  401.2 MC/s (2.210e-02 s/TS) || Energy: ~6.48e-20 (-26.69dB)
[@     2m03s] Timestep:         5841 || Speed:  397.7 MC/s (2.230e-02 s/TS) || Energy: ~5.64e-20 (-27.29dB)
[@     2m07s] Timestep:         6030 || Speed:  402.7 MC/s (2.202e-02 s/TS) || Energy: ~5.00e-20 (-27.81dB)
[@     2m11s] Timestep:         6210 || Speed:  398.5 MC/s (2.225e-02 s/TS) || Energy: ~4.56e-20 (-28.21dB)
[@     2m15s] Timestep:         6399 || Speed:  400.0 MC/s (2.217e-02 s/TS) || Energy: ~4.16e-20 (-28.61dB)
[@     2m19s] Timestep:         6588 || Speed:  400.9 MC/s (2.212e-02 s/TS) || Energy: ~3.83e-20 (-28.97dB)
[@     2m23s] Timestep:         6885 || Speed:  645.7 MC/s (1.373e-02 s/TS) || Energy: ~3.13e-20 (-29.85dB)
[@     2m27s] Timestep:         7065 || Speed:  398.9 MC/s (2.223e-02 s/TS) || Energy: ~2.77e-20 (-30.37dB)
[@     2m32s] Timestep:         7254 || Speed:  402.1 MC/s (2.205e-02 s/TS) || Energy: ~2.38e-20 (-31.04dB)
[@     2m36s] Timestep:         7443 || Speed:  399.6 MC/s (2.219e-02 s/TS) || Energy: ~2.04e-20 (-31.70dB)
[@     2m40s] Timestep:         7632 || Speed:  402.7 MC/s (2.202e-02 s/TS) || Energy: ~1.75e-20 (-32.38dB)
[@     2m44s] Timestep:         7812 || Speed:  397.2 MC/s (2.232e-02 s/TS) || Energy: ~1.47e-20 (-33.13dB)
[@     2m48s] Timestep:         8001 || Speed:  401.3 MC/s (2.209e-02 s/TS) || Energy: ~1.24e-20 (-33.87dB)
[@     2m52s] Timestep:         8298 || Speed:  643.8 MC/s (1.377e-02 s/TS) || Energy: ~1.04e-20 (-34.64dB)
[@     2m56s] Timestep:         8487 || Speed:  403.7 MC/s (2.196e-02 s/TS) || Energy: ~9.60e-21 (-34.98dB)
[@     3m01s] Timestep:         8676 || Speed:  400.5 MC/s (2.214e-02 s/TS) || Energy: ~9.16e-21 (-35.18dB)
[@     3m05s] Timestep:         8865 || Speed:  403.1 MC/s (2.199e-02 s/TS) || Energy: ~8.90e-21 (-35.31dB)
[@     3m09s] Timestep:         9054 || Speed:  399.6 MC/s (2.219e-02 s/TS) || Energy: ~8.71e-21 (-35.40dB)
[@     3m13s] Timestep:         9234 || Speed:  398.8 MC/s (2.223e-02 s/TS) || Energy: ~8.28e-21 (-35.62dB)
[@     3m17s] Timestep:         9423 || Speed:  400.8 MC/s (2.212e-02 s/TS) || Energy: ~7.66e-21 (-35.96dB)
[@     3m21s] Timestep:         9720 || Speed:  645.3 MC/s (1.374e-02 s/TS) || Energy: ~6.87e-21 (-36.43dB)
[@     3m25s] Timestep:         9900 || Speed:  397.4 MC/s (2.231e-02 s/TS) || Energy: ~5.93e-21 (-37.07dB)
[@     3m29s] Timestep:        10089 || Speed:  402.5 MC/s (2.203e-02 s/TS) || Energy: ~5.36e-21 (-37.51dB)
[@     3m33s] Timestep:        10269 || Speed:  397.0 MC/s (2.233e-02 s/TS) || Energy: ~4.78e-21 (-38.01dB)
[@     3m37s] Timestep:        10449 || Speed:  396.0 MC/s (2.239e-02 s/TS) || Energy: ~4.13e-21 (-38.64dB)
[@     3m42s] Timestep:        10638 || Speed:  403.3 MC/s (2.199e-02 s/TS) || Energy: ~3.78e-21 (-39.03dB)
[@     3m46s] Timestep:        10827 || Speed:  402.5 MC/s (2.203e-02 s/TS) || Energy: ~3.51e-21 (-39.35dB)
[@     3m50s] Timestep:        11124 || Speed:  631.7 MC/s (1.404e-02 s/TS) || Energy: ~2.90e-21 (-40.18dB)
[@     3m54s] Timestep:        11295 || Speed:  375.9 MC/s (2.358e-02 s/TS) || Energy: ~3.01e-21 (-40.02dB)
[@     3m58s] Timestep:        11475 || Speed:  386.7 MC/s (2.293e-02 s/TS) || Energy: ~2.89e-21 (-40.20dB)
[@     4m02s] Timestep:        11655 || Speed:  393.4 MC/s (2.254e-02 s/TS) || Energy: ~2.58e-21 (-40.69dB)
[@     4m06s] Timestep:        11844 || Speed:  402.0 MC/s (2.205e-02 s/TS) || Energy: ~2.35e-21 (-41.09dB)
[@     4m10s] Timestep:        12033 || Speed:  400.8 MC/s (2.212e-02 s/TS) || Energy: ~2.10e-21 (-41.59dB)
[@     4m15s] Timestep:        12222 || Speed:  400.6 MC/s (2.213e-02 s/TS) || Energy: ~1.88e-21 (-42.07dB)
[@     4m19s] Timestep:        12411 || Speed:  400.0 MC/s (2.216e-02 s/TS) || Energy: ~1.71e-21 (-42.47dB)
[@     4m23s] Timestep:        12708 || Speed:  636.2 MC/s (1.394e-02 s/TS) || Energy: ~1.35e-21 (-43.49dB)
[@     4m27s] Timestep:        12897 || Speed:  399.8 MC/s (2.218e-02 s/TS) || Energy: ~1.16e-21 (-44.16dB)
[@     4m31s] Timestep:        13077 || Speed:  398.7 MC/s (2.224e-02 s/TS) || Energy: ~1.07e-21 (-44.51dB)
[@     4m35s] Timestep:        13257 || Speed:  398.9 MC/s (2.223e-02 s/TS) || Energy: ~1.05e-21 (-44.58dB)
[@     4m39s] Timestep:        13446 || Speed:  401.8 MC/s (2.206e-02 s/TS) || Energy: ~9.74e-22 (-44.92dB)
[@     4m44s] Timestep:        13635 || Speed:  400.9 MC/s (2.211e-02 s/TS) || Energy: ~8.94e-22 (-45.29dB)
[@     4m48s] Timestep:        13824 || Speed:  400.2 MC/s (2.216e-02 s/TS) || Energy: ~8.20e-22 (-45.67dB)
[@     4m52s] Timestep:        14013 || Speed:  400.3 MC/s (2.215e-02 s/TS) || Energy: ~7.57e-22 (-46.01dB)
[@     4m56s] Timestep:        14202 || Speed:  402.2 MC/s (2.205e-02 s/TS) || Energy: ~6.89e-22 (-46.42dB)
[@     5m00s] Timestep:        14391 || Speed:  402.5 MC/s (2.203e-02 s/TS) || Energy: ~6.02e-22 (-47.01dB)
[@     5m04s] Timestep:        14571 || Speed:  398.9 MC/s (2.223e-02 s/TS) || Energy: ~5.16e-22 (-47.67dB)
[@     5m08s] Timestep:        14922 || Speed:  755.3 MC/s (1.174e-02 s/TS) || Energy: ~4.69e-22 (-48.09dB)
[@     5m12s] Timestep:        15102 || Speed:  397.9 MC/s (2.228e-02 s/TS) || Energy: ~4.22e-22 (-48.55dB)
[@     5m17s] Timestep:        15291 || Speed:  402.5 MC/s (2.203e-02 s/TS) || Energy: ~3.82e-22 (-48.98dB)
[@     5m21s] Timestep:        15480 || Speed:  400.3 MC/s (2.215e-02 s/TS) || Energy: ~3.50e-22 (-49.36dB)
[@     5m25s] Timestep:        15669 || Speed:  401.8 MC/s (2.207e-02 s/TS) || Energy: ~3.20e-22 (-49.75dB)
[@     5m29s] Timestep:        15858 || Speed:  402.0 MC/s (2.206e-02 s/TS) || Energy: ~2.89e-22 (-50.19dB)
Time for 15858 iterations with 8866385.00 cells : 329.55 sec
Speed: 426.65 MCells/s 
    [excite port 4/24]
 ---------------------------------------------------------------------- 
 | openEMS 64bit -- version v0.37.0-rc1-2-g7b051bb
 | (C) 2010-2026 Thorsten Liebig <thorsten.liebig@gmx.de>  GPL license
 ---------------------------------------------------------------------- 
	Used external libraries:
		CSXCAD -- Version: v0.7.0-rc1-1-g5115701
		hdf5   -- Version: 1.10.10
		          compiled against: HDF5 library version: 1.10.10
		tinyxml -- compiled against: 2.6.2
		fparser
		boost  -- compiled against: 1_83
		vtk -- Version: 9.1.0
		       compiled against: 9.1.0

Create FDTD operator (compressed SSE + multi-threading)
FDTD simulation size: 163x215x253 --> 8866385.00 FDTD cells 
FDTD timestep is: 0.00 s; Nyquist rate: 36 timesteps @101341000663.00 Hz
Excitation signal length is: 420 timesteps (0.00s)
Max. number of timesteps: 30000 ( --> 71.43 * Excitation signal length)
Create FDTD engine (compressed SSE + multi-threading)
Running FDTD engine... this may take a while... grab a cup of coffee?!?
[@        4s] Timestep:          108 || Speed:  230.0 MC/s (3.854e-02 s/TS) || Energy: ~1.16e-20 (- 0.00dB)
[@        8s] Timestep:          270 || Speed:  343.6 MC/s (2.581e-02 s/TS) || Energy: ~3.02e-17 (- 0.00dB)
[@       12s] Timestep:          540 || Speed:  595.2 MC/s (1.490e-02 s/TS) || Energy: ~2.18e-17 (- 1.41dB)
[@       16s] Timestep:          711 || Speed:  366.8 MC/s (2.417e-02 s/TS) || Energy: ~1.85e-17 (- 2.13dB)
Multithreaded Engine: Best performance found using 3 threads.
[@       20s] Timestep:          882 || Speed:  372.0 MC/s (2.383e-02 s/TS) || Energy: ~1.30e-17 (- 3.64dB)
[@       24s] Timestep:         1053 || Speed:  368.2 MC/s (2.408e-02 s/TS) || Energy: ~9.39e-18 (- 5.07dB)
[@       28s] Timestep:         1224 || Speed:  364.3 MC/s (2.434e-02 s/TS) || Energy: ~6.41e-18 (- 6.73dB)
[@       33s] Timestep:         1395 || Speed:  364.1 MC/s (2.435e-02 s/TS) || Energy: ~4.53e-18 (- 8.24dB)
[@       37s] Timestep:         1566 || Speed:  363.9 MC/s (2.437e-02 s/TS) || Energy: ~3.32e-18 (- 9.58dB)
[@       41s] Timestep:         1737 || Speed:  372.3 MC/s (2.382e-02 s/TS) || Energy: ~2.50e-18 (-10.82dB)
[@       45s] Timestep:         2007 || Speed:  591.8 MC/s (1.498e-02 s/TS) || Energy: ~1.53e-18 (-12.96dB)
[@       49s] Timestep:         2178 || Speed:  361.5 MC/s (2.453e-02 s/TS) || Energy: ~1.10e-18 (-14.40dB)
[@       53s] Timestep:         2349 || Speed:  371.1 MC/s (2.389e-02 s/TS) || Energy: ~8.38e-19 (-15.56dB)
[@       57s] Timestep:         2520 || Speed:  361.0 MC/s (2.456e-02 s/TS) || Energy: ~7.03e-19 (-16.33dB)
[@     1m01s] Timestep:         2691 || Speed:  365.8 MC/s (2.424e-02 s/TS) || Energy: ~6.13e-19 (-16.92dB)
[@     1m06s] Timestep:         2862 || Speed:  365.6 MC/s (2.425e-02 s/TS) || Energy: ~5.27e-19 (-17.58dB)
[@     1m10s] Timestep:         3033 || Speed:  369.5 MC/s (2.400e-02 s/TS) || Energy: ~4.32e-19 (-18.44dB)
[@     1m14s] Timestep:         3312 || Speed:  590.7 MC/s (1.501e-02 s/TS) || Energy: ~3.06e-19 (-19.94dB)
[@     1m18s] Timestep:         3483 || Speed:  364.8 MC/s (2.431e-02 s/TS) || Energy: ~2.59e-19 (-20.66dB)
[@     1m22s] Timestep:         3654 || Speed:  366.0 MC/s (2.423e-02 s/TS) || Energy: ~2.16e-19 (-21.46dB)
[@     1m26s] Timestep:         3825 || Speed:  369.3 MC/s (2.401e-02 s/TS) || Energy: ~1.75e-19 (-22.37dB)
[@     1m30s] Timestep:         3996 || Speed:  368.6 MC/s (2.405e-02 s/TS) || Energy: ~1.46e-19 (-23.15dB)
[@     1m35s] Timestep:         4167 || Speed:  364.2 MC/s (2.434e-02 s/TS) || Energy: ~1.26e-19 (-23.79dB)
[@     1m39s] Timestep:         4338 || Speed:  368.0 MC/s (2.410e-02 s/TS) || Energy: ~1.11e-19 (-24.34dB)
[@     1m43s] Timestep:         4617 || Speed:  590.6 MC/s (1.501e-02 s/TS) || Energy: ~8.08e-20 (-25.72dB)
[@     1m47s] Timestep:         4788 || Speed:  369.9 MC/s (2.397e-02 s/TS) || Energy: ~7.49e-20 (-26.05dB)
[@     1m51s] Timestep:         4959 || Speed:  369.4 MC/s (2.400e-02 s/TS) || Energy: ~6.67e-20 (-26.55dB)
[@     1m55s] Timestep:         5130 || Speed:  373.2 MC/s (2.376e-02 s/TS) || Energy: ~5.79e-20 (-27.17dB)
[@     1m59s] Timestep:         5301 || Speed:  363.6 MC/s (2.438e-02 s/TS) || Energy: ~4.78e-20 (-28.00dB)
[@     2m03s] Timestep:         5472 || Speed:  367.1 MC/s (2.416e-02 s/TS) || Energy: ~3.81e-20 (-28.99dB)
[@     2m08s] Timestep:         5643 || Speed:  360.5 MC/s (2.459e-02 s/TS) || Energy: ~3.07e-20 (-29.93dB)
[@     2m12s] Timestep:         5913 || Speed:  598.2 MC/s (1.482e-02 s/TS) || Energy: ~2.72e-20 (-30.45dB)
[@     2m16s] Timestep:         6084 || Speed:  367.5 MC/s (2.412e-02 s/TS) || Energy: ~2.56e-20 (-30.71dB)
[@     2m20s] Timestep:         6255 || Speed:  365.7 MC/s (2.425e-02 s/TS) || Energy: ~2.33e-20 (-31.13dB)
[@     2m24s] Timestep:         6417 || Speed:  357.9 MC/s (2.477e-02 s/TS) || Energy: ~1.95e-20 (-31.89dB)
[@     2m28s] Timestep:         6588 || Speed:  370.7 MC/s (2.392e-02 s/TS) || Energy: ~1.71e-20 (-32.46dB)
[@     2m32s] Timestep:         6759 || Speed:  363.9 MC/s (2.436e-02 s/TS) || Energy: ~1.62e-20 (-32.71dB)
[@     2m36s] Timestep:         6930 || Speed:  371.9 MC/s (2.384e-02 s/TS) || Energy: ~1.60e-20 (-32.76dB)
[@     2m40s] Timestep:         7101 || Speed:  374.5 MC/s (2.367e-02 s/TS) || Energy: ~1.49e-20 (-33.06dB)
[@     2m44s] Timestep:         7380 || Speed:  598.5 MC/s (1.481e-02 s/TS) || Energy: ~1.19e-20 (-34.06dB)
[@     2m49s] Timestep:         7551 || Speed:  368.3 MC/s (2.407e-02 s/TS) || Energy: ~9.94e-21 (-34.82dB)
[@     2m53s] Timestep:         7722 || Speed:  369.6 MC/s (2.399e-02 s/TS) || Energy: ~8.94e-21 (-35.28dB)
[@     2m57s] Timestep:         7893 || Speed:  369.4 MC/s (2.400e-02 s/TS) || Energy: ~9.00e-21 (-35.25dB)
[@     3m01s] Timestep:         8064 || Speed:  371.2 MC/s (2.389e-02 s/TS) || Energy: ~8.76e-21 (-35.37dB)
[@     3m05s] Timestep:         8235 || Speed:  360.4 MC/s (2.460e-02 s/TS) || Energy: ~7.56e-21 (-36.01dB)
[@     3m09s] Timestep:         8406 || Speed:  367.2 MC/s (2.415e-02 s/TS) || Energy: ~6.18e-21 (-36.89dB)
[@     3m13s] Timestep:         8676 || Speed:  592.9 MC/s (1.495e-02 s/TS) || Energy: ~5.18e-21 (-37.65dB)
[@     3m17s] Timestep:         8847 || Speed:  367.6 MC/s (2.412e-02 s/TS) || Energy: ~5.05e-21 (-37.76dB)
[@     3m21s] Timestep:         9018 || Speed:  365.5 MC/s (2.426e-02 s/TS) || Energy: ~4.93e-21 (-37.87dB)
[@     3m25s] Timestep:         9180 || Speed:  358.4 MC/s (2.474e-02 s/TS) || Energy: ~4.05e-21 (-38.72dB)
[@     3m30s] Timestep:         9351 || Speed:  366.6 MC/s (2.418e-02 s/TS) || Energy: ~3.31e-21 (-39.60dB)
[@     3m34s] Timestep:         9522 || Speed:  364.0 MC/s (2.436e-02 s/TS) || Energy: ~3.14e-21 (-39.83dB)
[@     3m38s] Timestep:         9693 || Speed:  366.5 MC/s (2.419e-02 s/TS) || Energy: ~3.29e-21 (-39.62dB)
[@     3m42s] Timestep:         9963 || Speed:  592.7 MC/s (1.496e-02 s/TS) || Energy: ~2.91e-21 (-40.16dB)
[@     3m46s] Timestep:        10134 || Speed:  367.7 MC/s (2.411e-02 s/TS) || Energy: ~2.56e-21 (-40.72dB)
[@     3m50s] Timestep:        10305 || Speed:  367.6 MC/s (2.412e-02 s/TS) || Energy: ~2.17e-21 (-41.43dB)
[@     3m54s] Timestep:        10476 || Speed:  360.5 MC/s (2.460e-02 s/TS) || Energy: ~1.94e-21 (-41.91dB)
[@     3m59s] Timestep:        10647 || Speed:  370.3 MC/s (2.395e-02 s/TS) || Energy: ~1.83e-21 (-42.18dB)
[@     4m03s] Timestep:        10818 || Speed:  362.1 MC/s (2.448e-02 s/TS) || Energy: ~1.62e-21 (-42.69dB)
[@     4m07s] Timestep:        10989 || Speed:  364.2 MC/s (2.435e-02 s/TS) || Energy: ~1.33e-21 (-43.56dB)
[@     4m11s] Timestep:        11259 || Speed:  580.1 MC/s (1.529e-02 s/TS) || Energy: ~1.08e-21 (-44.46dB)
[@     4m15s] Timestep:        11430 || Speed:  363.9 MC/s (2.437e-02 s/TS) || Energy: ~1.02e-21 (-44.71dB)
[@     4m19s] Timestep:        11601 || Speed:  362.1 MC/s (2.448e-02 s/TS) || Energy: ~1.07e-21 (-44.49dB)
[@     4m23s] Timestep:        11772 || Speed:  370.2 MC/s (2.395e-02 s/TS) || Energy: ~1.08e-21 (-44.47dB)
[@     4m28s] Timestep:        11943 || Speed:  361.4 MC/s (2.453e-02 s/TS) || Energy: ~1.00e-21 (-44.78dB)
[@     4m32s] Timestep:        12114 || Speed:  370.8 MC/s (2.391e-02 s/TS) || Energy: ~9.07e-22 (-45.22dB)
[@     4m36s] Timestep:        12285 || Speed:  362.8 MC/s (2.444e-02 s/TS) || Energy: ~8.07e-22 (-45.73dB)
[@     4m40s] Timestep:        12555 || Speed:  595.8 MC/s (1.488e-02 s/TS) || Energy: ~7.16e-22 (-46.25dB)
[@     4m44s] Timestep:        12726 || Speed:  370.1 MC/s (2.396e-02 s/TS) || Energy: ~6.16e-22 (-46.90dB)
[@     4m48s] Timestep:        12897 || Speed:  374.2 MC/s (2.370e-02 s/TS) || Energy: ~5.28e-22 (-47.57dB)
[@     4m52s] Timestep:        13059 || Speed:  358.2 MC/s (2.476e-02 s/TS) || Energy: ~4.82e-22 (-47.97dB)
[@     4m56s] Timestep:        13230 || Speed:  371.2 MC/s (2.388e-02 s/TS) || Energy: ~4.70e-22 (-48.08dB)
[@     5m00s] Timestep:        13401 || Speed:  365.0 MC/s (2.429e-02 s/TS) || Energy: ~4.48e-22 (-48.28dB)
[@     5m04s] Timestep:        13572 || Speed:  365.6 MC/s (2.425e-02 s/TS) || Energy: ~3.98e-22 (-48.79dB)
[@     5m09s] Timestep:        13743 || Speed:  366.6 MC/s (2.419e-02 s/TS) || Energy: ~3.57e-22 (-49.27dB)
[@     5m13s] Timestep:        14013 || Speed:  589.0 MC/s (1.505e-02 s/TS) || Energy: ~3.20e-22 (-49.75dB)
[@     5m17s] Timestep:        14184 || Speed:  367.8 MC/s (2.411e-02 s/TS) || Energy: ~3.20e-22 (-49.75dB)
[@     5m21s] Timestep:        14355 || Speed:  361.2 MC/s (2.455e-02 s/TS) || Energy: ~2.93e-22 (-50.12dB)
Time for 14355 iterations with 8866385.00 cells : 321.50 sec
Speed: 395.89 MCells/s 
    [excite port 5/24]
 ---------------------------------------------------------------------- 
 | openEMS 64bit -- version v0.37.0-rc1-2-g7b051bb
 | (C) 2010-2026 Thorsten Liebig <thorsten.liebig@gmx.de>  GPL license
 ---------------------------------------------------------------------- 
	Used external libraries:
		CSXCAD -- Version: v0.7.0-rc1-1-g5115701
		hdf5   -- Version: 1.10.10
		          compiled against: HDF5 library version: 1.10.10
		tinyxml -- compiled against: 2.6.2
		fparser
		boost  -- compiled against: 1_83
		vtk -- Version: 9.1.0
		       compiled against: 9.1.0

Create FDTD operator (compressed SSE + multi-threading)
FDTD simulation size: 163x215x253 --> 8866385.00 FDTD cells 
FDTD timestep is: 0.00 s; Nyquist rate: 36 timesteps @101341000663.00 Hz
Excitation signal length is: 420 timesteps (0.00s)
Max. number of timesteps: 30000 ( --> 71.43 * Excitation signal length)
Create FDTD engine (compressed SSE + multi-threading)
Running FDTD engine... this may take a while... grab a cup of coffee?!?
[@        4s] Timestep:          108 || Speed:  228.5 MC/s (3.879e-02 s/TS) || Energy: ~1.17e-20 (- 0.00dB)
[@        8s] Timestep:          270 || Speed:  344.7 MC/s (2.572e-02 s/TS) || Energy: ~3.06e-17 (- 0.00dB)
[@       12s] Timestep:          594 || Speed:  695.8 MC/s (1.274e-02 s/TS) || Energy: ~1.97e-17 (- 1.93dB)
[@       16s] Timestep:          765 || Speed:  359.6 MC/s (2.465e-02 s/TS) || Energy: ~1.48e-17 (- 3.17dB)
Multithreaded Engine: Best performance found using 3 threads.
[@       20s] Timestep:          936 || Speed:  364.4 MC/s (2.433e-02 s/TS) || Energy: ~1.08e-17 (- 4.54dB)
[@       24s] Timestep:         1107 || Speed:  371.7 MC/s (2.385e-02 s/TS) || Energy: ~7.85e-18 (- 5.91dB)
[@       29s] Timestep:         1278 || Speed:  369.0 MC/s (2.403e-02 s/TS) || Energy: ~5.17e-18 (- 7.73dB)
[@       33s] Timestep:         1449 || Speed:  369.1 MC/s (2.402e-02 s/TS) || Energy: ~3.62e-18 (- 9.28dB)
[@       37s] Timestep:         1620 || Speed:  361.3 MC/s (2.454e-02 s/TS) || Energy: ~2.74e-18 (-10.48dB)
[@       41s] Timestep:         1890 || Speed:  578.0 MC/s (1.534e-02 s/TS) || Energy: ~1.71e-18 (-12.52dB)
[@       45s] Timestep:         2061 || Speed:  366.1 MC/s (2.422e-02 s/TS) || Energy: ~1.32e-18 (-13.65dB)
[@       49s] Timestep:         2232 || Speed:  362.7 MC/s (2.445e-02 s/TS) || Energy: ~1.10e-18 (-14.46dB)
[@       53s] Timestep:         2403 || Speed:  364.4 MC/s (2.433e-02 s/TS) || Energy: ~8.98e-19 (-15.33dB)
[@       58s] Timestep:         2574 || Speed:  363.6 MC/s (2.438e-02 s/TS) || Energy: ~7.43e-19 (-16.15dB)
[@     1m02s] Timestep:         2745 || Speed:  361.8 MC/s (2.451e-02 s/TS) || Energy: ~6.45e-19 (-16.77dB)
[@     1m06s] Timestep:         2907 || Speed:  358.6 MC/s (2.472e-02 s/TS) || Energy: ~5.12e-19 (-17.77dB)
[@     1m10s] Timestep:         3177 || Speed:  578.7 MC/s (1.532e-02 s/TS) || Energy: ~3.90e-19 (-18.95dB)
[@     1m14s] Timestep:         3348 || Speed:  366.6 MC/s (2.418e-02 s/TS) || Energy: ~3.18e-19 (-19.84dB)
[@     1m18s] Timestep:         3519 || Speed:  367.7 MC/s (2.411e-02 s/TS) || Energy: ~2.37e-19 (-21.11dB)
[@     1m22s] Timestep:         3690 || Speed:  366.6 MC/s (2.418e-02 s/TS) || Energy: ~2.02e-19 (-21.81dB)
[@     1m27s] Timestep:         3861 || Speed:  362.8 MC/s (2.444e-02 s/TS) || Energy: ~1.75e-19 (-22.42dB)
[@     1m31s] Timestep:         4032 || Speed:  369.4 MC/s (2.400e-02 s/TS) || Energy: ~1.53e-19 (-23.02dB)
[@     1m35s] Timestep:         4203 || Speed:  365.6 MC/s (2.425e-02 s/TS) || Energy: ~1.41e-19 (-23.36dB)
[@     1m39s] Timestep:         4473 || Speed:  582.1 MC/s (1.523e-02 s/TS) || Energy: ~1.13e-19 (-24.34dB)
[@     1m43s] Timestep:         4644 || Speed:  363.2 MC/s (2.441e-02 s/TS) || Energy: ~1.04e-19 (-24.71dB)
[@     1m47s] Timestep:         4815 || Speed:  369.2 MC/s (2.402e-02 s/TS) || Energy: ~9.53e-20 (-25.07dB)
[@     1m51s] Timestep:         4986 || Speed:  377.6 MC/s (2.348e-02 s/TS) || Energy: ~9.29e-20 (-25.18dB)
[@     1m55s] Timestep:         5157 || Speed:  365.9 MC/s (2.423e-02 s/TS) || Energy: ~8.48e-20 (-25.58dB)
[@     2m00s] Timestep:         5328 || Speed:  362.8 MC/s (2.444e-02 s/TS) || Energy: ~7.14e-20 (-26.33dB)
[@     2m04s] Timestep:         5499 || Speed:  367.3 MC/s (2.414e-02 s/TS) || Energy: ~6.26e-20 (-26.90dB)
[@     2m08s] Timestep:         5670 || Speed:  363.8 MC/s (2.437e-02 s/TS) || Energy: ~5.26e-20 (-27.65dB)
[@     2m12s] Timestep:         5940 || Speed:  594.4 MC/s (1.492e-02 s/TS) || Energy: ~4.59e-20 (-28.24dB)
[@     2m16s] Timestep:         6111 || Speed:  358.6 MC/s (2.473e-02 s/TS) || Energy: ~3.99e-20 (-28.85dB)
[@     2m20s] Timestep:         6282 || Speed:  369.6 MC/s (2.399e-02 s/TS) || Energy: ~3.27e-20 (-29.72dB)
[@     2m24s] Timestep:         6453 || Speed:  369.5 MC/s (2.399e-02 s/TS) || Energy: ~3.00e-20 (-30.09dB)
[@     2m28s] Timestep:         6624 || Speed:  367.7 MC/s (2.411e-02 s/TS) || Energy: ~3.05e-20 (-30.02dB)
[@     2m33s] Timestep:         6795 || Speed:  363.3 MC/s (2.441e-02 s/TS) || Energy: ~2.98e-20 (-30.12dB)
[@     2m37s] Timestep:         6966 || Speed:  370.4 MC/s (2.394e-02 s/TS) || Energy: ~2.65e-20 (-30.63dB)
[@     2m41s] Timestep:         7236 || Speed:  588.9 MC/s (1.506e-02 s/TS) || Energy: ~2.28e-20 (-31.29dB)
[@     2m45s] Timestep:         7407 || Speed:  374.1 MC/s (2.370e-02 s/TS) || Energy: ~2.25e-20 (-31.33dB)
[@     2m49s] Timestep:         7578 || Speed:  356.9 MC/s (2.484e-02 s/TS) || Energy: ~1.98e-20 (-31.90dB)
[@     2m53s] Timestep:         7749 || Speed:  369.0 MC/s (2.403e-02 s/TS) || Energy: ~1.67e-20 (-32.62dB)
[@     2m57s] Timestep:         7920 || Speed:  363.1 MC/s (2.442e-02 s/TS) || Energy: ~1.45e-20 (-33.26dB)
[@     3m01s] Timestep:         8082 || Speed:  358.8 MC/s (2.471e-02 s/TS) || Energy: ~1.07e-20 (-34.57dB)
[@     3m05s] Timestep:         8253 || Speed:  370.9 MC/s (2.390e-02 s/TS) || Energy: ~9.80e-21 (-34.95dB)
[@     3m10s] Timestep:         8523 || Speed:  581.8 MC/s (1.524e-02 s/TS) || Energy: ~8.57e-21 (-35.53dB)
[@     3m14s] Timestep:         8694 || Speed:  364.5 MC/s (2.433e-02 s/TS) || Energy: ~8.16e-21 (-35.75dB)
[@     3m18s] Timestep:         8865 || Speed:  366.1 MC/s (2.422e-02 s/TS) || Energy: ~7.99e-21 (-35.84dB)
[@     3m22s] Timestep:         9036 || Speed:  364.7 MC/s (2.431e-02 s/TS) || Energy: ~7.86e-21 (-35.91dB)
[@     3m26s] Timestep:         9207 || Speed:  362.9 MC/s (2.443e-02 s/TS) || Energy: ~7.35e-21 (-36.20dB)
[@     3m30s] Timestep:         9378 || Speed:  367.4 MC/s (2.413e-02 s/TS) || Energy: ~6.39e-21 (-36.81dB)
[@     3m34s] Timestep:         9549 || Speed:  366.8 MC/s (2.417e-02 s/TS) || Energy: ~5.81e-21 (-37.22dB)
[@     3m38s] Timestep:         9819 || Speed:  593.2 MC/s (1.495e-02 s/TS) || Energy: ~4.73e-21 (-38.11dB)
[@     3m43s] Timestep:         9990 || Speed:  369.9 MC/s (2.397e-02 s/TS) || Energy: ~4.03e-21 (-38.81dB)
[@     3m47s] Timestep:        10161 || Speed:  365.1 MC/s (2.429e-02 s/TS) || Energy: ~3.98e-21 (-38.86dB)
[@     3m51s] Timestep:        10332 || Speed:  362.3 MC/s (2.447e-02 s/TS) || Energy: ~3.48e-21 (-39.45dB)
[@     3m55s] Timestep:        10503 || Speed:  367.4 MC/s (2.413e-02 s/TS) || Energy: ~3.08e-21 (-39.98dB)
[@     3m59s] Timestep:        10674 || Speed:  363.5 MC/s (2.439e-02 s/TS) || Energy: ~3.10e-21 (-39.95dB)
[@     4m03s] Timestep:        10845 || Speed:  369.4 MC/s (2.400e-02 s/TS) || Energy: ~2.98e-21 (-40.13dB)
[@     4m07s] Timestep:        11115 || Speed:  585.8 MC/s (1.514e-02 s/TS) || Energy: ~2.55e-21 (-40.80dB)
[@     4m12s] Timestep:        11286 || Speed:  360.5 MC/s (2.459e-02 s/TS) || Energy: ~2.50e-21 (-40.88dB)
[@     4m16s] Timestep:        11457 || Speed:  366.8 MC/s (2.417e-02 s/TS) || Energy: ~2.42e-21 (-41.03dB)
[@     4m20s] Timestep:        11628 || Speed:  359.6 MC/s (2.466e-02 s/TS) || Energy: ~2.04e-21 (-41.76dB)
[@     4m24s] Timestep:        11790 || Speed:  358.6 MC/s (2.473e-02 s/TS) || Energy: ~1.56e-21 (-42.92dB)
[@     4m28s] Timestep:        11961 || Speed:  365.6 MC/s (2.425e-02 s/TS) || Energy: ~1.42e-21 (-43.33dB)
[@     4m32s] Timestep:        12132 || Speed:  363.3 MC/s (2.441e-02 s/TS) || Energy: ~1.22e-21 (-44.01dB)
[@     4m36s] Timestep:        12303 || Speed:  367.7 MC/s (2.412e-02 s/TS) || Energy: ~1.21e-21 (-44.02dB)
[@     4m41s] Timestep:        12573 || Speed:  578.5 MC/s (1.533e-02 s/TS) || Energy: ~1.05e-21 (-44.66dB)
[@     4m45s] Timestep:        12744 || Speed:  365.2 MC/s (2.428e-02 s/TS) || Energy: ~1.02e-21 (-44.78dB)
[@     4m49s] Timestep:        12915 || Speed:  360.6 MC/s (2.459e-02 s/TS) || Energy: ~1.08e-21 (-44.53dB)
[@     4m53s] Timestep:        13086 || Speed:  363.6 MC/s (2.438e-02 s/TS) || Energy: ~9.72e-22 (-44.99dB)
[@     4m57s] Timestep:        13248 || Speed:  357.4 MC/s (2.481e-02 s/TS) || Energy: ~8.04e-22 (-45.81dB)
[@     5m01s] Timestep:        13410 || Speed:  359.0 MC/s (2.470e-02 s/TS) || Energy: ~7.01e-22 (-46.40dB)
[@     5m05s] Timestep:        13581 || Speed:  364.6 MC/s (2.432e-02 s/TS) || Energy: ~6.25e-22 (-46.90dB)
[@     5m09s] Timestep:        13851 || Speed:  587.8 MC/s (1.509e-02 s/TS) || Energy: ~5.30e-22 (-47.62dB)
[@     5m13s] Timestep:        14022 || Speed:  362.8 MC/s (2.444e-02 s/TS) || Energy: ~4.87e-22 (-47.99dB)
[@     5m18s] Timestep:        14193 || Speed:  365.5 MC/s (2.426e-02 s/TS) || Energy: ~4.63e-22 (-48.21dB)
[@     5m22s] Timestep:        14364 || Speed:  360.4 MC/s (2.460e-02 s/TS) || Energy: ~3.87e-22 (-48.99dB)
[@     5m26s] Timestep:        14535 || Speed:  363.3 MC/s (2.441e-02 s/TS) || Energy: ~3.85e-22 (-49.00dB)
[@     5m30s] Timestep:        14706 || Speed:  366.3 MC/s (2.420e-02 s/TS) || Energy: ~3.90e-22 (-48.95dB)
[@     5m34s] Timestep:        14877 || Speed:  360.0 MC/s (2.463e-02 s/TS) || Energy: ~3.45e-22 (-49.48dB)
[@     5m39s] Timestep:        15147 || Speed:  578.7 MC/s (1.532e-02 s/TS) || Energy: ~3.16e-22 (-49.86dB)
[@     5m43s] Timestep:        15318 || Speed:  364.6 MC/s (2.432e-02 s/TS) || Energy: ~2.84e-22 (-50.33dB)
Time for 15318 iterations with 8866385.00 cells : 343.18 sec
Speed: 395.76 MCells/s 
    [excite port 6/24]
 ---------------------------------------------------------------------- 
 | openEMS 64bit -- version v0.37.0-rc1-2-g7b051bb
 | (C) 2010-2026 Thorsten Liebig <thorsten.liebig@gmx.de>  GPL license
 ---------------------------------------------------------------------- 
	Used external libraries:
		CSXCAD -- Version: v0.7.0-rc1-1-g5115701
		hdf5   -- Version: 1.10.10
		          compiled against: HDF5 library version: 1.10.10
		tinyxml -- compiled against: 2.6.2
		fparser
		boost  -- compiled against: 1_83
		vtk -- Version: 9.1.0
		       compiled against: 9.1.0

Create FDTD operator (compressed SSE + multi-threading)
FDTD simulation size: 163x215x253 --> 8866385.00 FDTD cells 
FDTD timestep is: 0.00 s; Nyquist rate: 36 timesteps @101341000663.00 Hz
Excitation signal length is: 420 timesteps (0.00s)
Max. number of timesteps: 30000 ( --> 71.43 * Excitation signal length)
Create FDTD engine (compressed SSE + multi-threading)
Running FDTD engine... this may take a while... grab a cup of coffee?!?
[@        4s] Timestep:          108 || Speed:  225.3 MC/s (3.936e-02 s/TS) || Energy: ~1.17e-20 (- 0.00dB)
[@        8s] Timestep:          270 || Speed:  341.6 MC/s (2.595e-02 s/TS) || Energy: ~3.06e-17 (- 0.00dB)
[@       12s] Timestep:          441 || Speed:  368.0 MC/s (2.410e-02 s/TS) || Energy: ~2.61e-17 (- 0.69dB)
[@       16s] Timestep:          612 || Speed:  373.8 MC/s (2.372e-02 s/TS) || Energy: ~2.00e-17 (- 1.85dB)
[@       20s] Timestep:          792 || Speed:  380.7 MC/s (2.329e-02 s/TS) || Energy: ~1.40e-17 (- 3.40dB)
[@       25s] Timestep:         1143 || Speed:  742.6 MC/s (1.194e-02 s/TS) || Energy: ~7.50e-18 (- 6.11dB)
[@       29s] Timestep:         1323 || Speed:  386.8 MC/s (2.292e-02 s/TS) || Energy: ~5.06e-18 (- 7.81dB)
Multithreaded Engine: Best performance found using 6 threads.
[@       33s] Timestep:         1503 || Speed:  398.7 MC/s (2.224e-02 s/TS) || Energy: ~3.60e-18 (- 9.29dB)
[@       37s] Timestep:         1683 || Speed:  389.5 MC/s (2.276e-02 s/TS) || Energy: ~2.68e-18 (-10.58dB)
[@       41s] Timestep:         1863 || Speed:  396.3 MC/s (2.237e-02 s/TS) || Energy: ~2.11e-18 (-11.61dB)
[@       45s] Timestep:         2043 || Speed:  395.7 MC/s (2.240e-02 s/TS) || Energy: ~1.65e-18 (-12.68dB)
[@       49s] Timestep:         2223 || Speed:  383.8 MC/s (2.310e-02 s/TS) || Energy: ~1.31e-18 (-13.69dB)
[@       53s] Timestep:         2511 || Speed:  623.9 MC/s (1.421e-02 s/TS) || Energy: ~8.78e-19 (-15.42dB)
[@       57s] Timestep:         2700 || Speed:  397.7 MC/s (2.230e-02 s/TS) || Energy: ~6.38e-19 (-16.81dB)
[@     1m01s] Timestep:         2880 || Speed:  395.9 MC/s (2.240e-02 s/TS) || Energy: ~5.02e-19 (-17.85dB)
[@     1m05s] Timestep:         3060 || Speed:  397.7 MC/s (2.230e-02 s/TS) || Energy: ~3.97e-19 (-18.87dB)
[@     1m09s] Timestep:         3240 || Speed:  388.3 MC/s (2.283e-02 s/TS) || Energy: ~3.27e-19 (-19.71dB)
[@     1m13s] Timestep:         3420 || Speed:  392.9 MC/s (2.257e-02 s/TS) || Energy: ~2.62e-19 (-20.67dB)
[@     1m18s] Timestep:         3600 || Speed:  393.7 MC/s (2.252e-02 s/TS) || Energy: ~2.13e-19 (-21.57dB)
[@     1m22s] Timestep:         3897 || Speed:  629.2 MC/s (1.409e-02 s/TS) || Energy: ~1.99e-19 (-21.86dB)
[@     1m26s] Timestep:         4077 || Speed:  397.6 MC/s (2.230e-02 s/TS) || Energy: ~1.69e-19 (-22.59dB)
[@     1m30s] Timestep:         4257 || Speed:  396.0 MC/s (2.239e-02 s/TS) || Energy: ~1.49e-19 (-23.12dB)
[@     1m34s] Timestep:         4437 || Speed:  397.3 MC/s (2.231e-02 s/TS) || Energy: ~1.32e-19 (-23.66dB)
[@     1m38s] Timestep:         4617 || Speed:  395.5 MC/s (2.242e-02 s/TS) || Energy: ~1.12e-19 (-24.35dB)
[@     1m42s] Timestep:         4797 || Speed:  387.8 MC/s (2.286e-02 s/TS) || Energy: ~9.64e-20 (-25.02dB)
[@     1m46s] Timestep:         4977 || Speed:  391.5 MC/s (2.265e-02 s/TS) || Energy: ~8.31e-20 (-25.66dB)
[@     1m50s] Timestep:         5157 || Speed:  394.9 MC/s (2.245e-02 s/TS) || Energy: ~7.32e-20 (-26.21dB)
[@     1m54s] Timestep:         5337 || Speed:  396.0 MC/s (2.239e-02 s/TS) || Energy: ~6.53e-20 (-26.71dB)
[@     1m58s] Timestep:         5517 || Speed:  397.2 MC/s (2.232e-02 s/TS) || Energy: ~5.85e-20 (-27.18dB)
[@     2m02s] Timestep:         5706 || Speed:  400.5 MC/s (2.214e-02 s/TS) || Energy: ~5.12e-20 (-27.77dB)
[@     2m06s] Timestep:         6048 || Speed:  754.8 MC/s (1.175e-02 s/TS) || Energy: ~4.23e-20 (-28.59dB)
[@     2m10s] Timestep:         6228 || Speed:  395.5 MC/s (2.242e-02 s/TS) || Energy: ~3.82e-20 (-29.04dB)
[@     2m14s] Timestep:         6408 || Speed:  397.6 MC/s (2.230e-02 s/TS) || Energy: ~3.38e-20 (-29.56dB)
[@     2m18s] Timestep:         6588 || Speed:  395.1 MC/s (2.244e-02 s/TS) || Energy: ~2.95e-20 (-30.15dB)
[@     2m22s] Timestep:         6768 || Speed:  396.9 MC/s (2.234e-02 s/TS) || Energy: ~2.54e-20 (-30.81dB)
[@     2m26s] Timestep:         6948 || Speed:  396.4 MC/s (2.237e-02 s/TS) || Energy: ~2.21e-20 (-31.40dB)
[@     2m30s] Timestep:         7128 || Speed:  396.8 MC/s (2.235e-02 s/TS) || Energy: ~1.97e-20 (-31.90dB)
[@     2m35s] Timestep:         7416 || Speed:  621.5 MC/s (1.427e-02 s/TS) || Energy: ~1.70e-20 (-32.56dB)
[@     2m39s] Timestep:         7596 || Speed:  395.1 MC/s (2.244e-02 s/TS) || Energy: ~1.59e-20 (-32.84dB)
[@     2m43s] Timestep:         7776 || Speed:  396.8 MC/s (2.234e-02 s/TS) || Energy: ~1.47e-20 (-33.17dB)
[@     2m47s] Timestep:         7956 || Speed:  396.8 MC/s (2.234e-02 s/TS) || Energy: ~1.33e-20 (-33.63dB)
[@     2m51s] Timestep:         8136 || Speed:  398.4 MC/s (2.226e-02 s/TS) || Energy: ~1.17e-20 (-34.17dB)
[@     2m55s] Timestep:         8316 || Speed:  396.0 MC/s (2.239e-02 s/TS) || Energy: ~1.02e-20 (-34.75dB)
[@     2m59s] Timestep:         8496 || Speed:  396.5 MC/s (2.236e-02 s/TS) || Energy: ~9.02e-21 (-35.31dB)
[@     3m03s] Timestep:         8676 || Speed:  396.7 MC/s (2.235e-02 s/TS) || Energy: ~7.97e-21 (-35.84dB)
[@     3m07s] Timestep:         8973 || Speed:  633.4 MC/s (1.400e-02 s/TS) || Energy: ~6.22e-21 (-36.92dB)
[@     3m11s] Timestep:         9153 || Speed:  395.2 MC/s (2.244e-02 s/TS) || Energy: ~5.60e-21 (-37.37dB)
[@     3m15s] Timestep:         9333 || Speed:  397.3 MC/s (2.232e-02 s/TS) || Energy: ~5.06e-21 (-37.81dB)
[@     3m19s] Timestep:         9513 || Speed:  386.4 MC/s (2.294e-02 s/TS) || Energy: ~4.59e-21 (-38.24dB)
[@     3m23s] Timestep:         9693 || Speed:  398.6 MC/s (2.224e-02 s/TS) || Energy: ~4.14e-21 (-38.68dB)
[@     3m27s] Timestep:         9873 || Speed:  396.1 MC/s (2.238e-02 s/TS) || Energy: ~3.69e-21 (-39.18dB)
[@     3m31s] Timestep:        10053 || Speed:  394.2 MC/s (2.249e-02 s/TS) || Energy: ~3.27e-21 (-39.71dB)
[@     3m35s] Timestep:        10350 || Speed:  629.9 MC/s (1.408e-02 s/TS) || Energy: ~3.37e-21 (-39.58dB)
[@     3m39s] Timestep:        10530 || Speed:  398.2 MC/s (2.227e-02 s/TS) || Energy: ~3.01e-21 (-40.07dB)
[@     3m43s] Timestep:        10710 || Speed:  394.3 MC/s (2.249e-02 s/TS) || Energy: ~2.65e-21 (-40.63dB)
[@     3m47s] Timestep:        10890 || Speed:  393.3 MC/s (2.255e-02 s/TS) || Energy: ~2.34e-21 (-41.16dB)
[@     3m52s] Timestep:        11070 || Speed:  385.9 MC/s (2.298e-02 s/TS) || Energy: ~2.10e-21 (-41.64dB)
[@     3m56s] Timestep:        11250 || Speed:  398.0 MC/s (2.228e-02 s/TS) || Energy: ~1.88e-21 (-42.10dB)
[@     4m00s] Timestep:        11430 || Speed:  393.4 MC/s (2.254e-02 s/TS) || Energy: ~1.69e-21 (-42.57dB)
[@     4m04s] Timestep:        11727 || Speed:  637.4 MC/s (1.391e-02 s/TS) || Energy: ~1.51e-21 (-43.05dB)
[@     4m08s] Timestep:        11907 || Speed:  395.4 MC/s (2.243e-02 s/TS) || Energy: ~1.38e-21 (-43.45dB)
[@     4m12s] Timestep:        12087 || Speed:  397.9 MC/s (2.228e-02 s/TS) || Energy: ~1.24e-21 (-43.93dB)
[@     4m16s] Timestep:        12267 || Speed:  398.6 MC/s (2.224e-02 s/TS) || Energy: ~1.11e-21 (-44.39dB)
[@     4m20s] Timestep:        12447 || Speed:  392.4 MC/s (2.259e-02 s/TS) || Energy: ~1.02e-21 (-44.77dB)
[@     4m24s] Timestep:        12627 || Speed:  397.3 MC/s (2.231e-02 s/TS) || Energy: ~9.36e-22 (-45.14dB)
[@     4m28s] Timestep:        12807 || Speed:  396.9 MC/s (2.234e-02 s/TS) || Energy: ~8.48e-22 (-45.57dB)
[@     4m32s] Timestep:        12987 || Speed:  397.6 MC/s (2.230e-02 s/TS) || Energy: ~7.50e-22 (-46.11dB)
[@     4m36s] Timestep:        13284 || Speed:  629.8 MC/s (1.408e-02 s/TS) || Energy: ~4.53e-22 (-48.29dB)
[@     4m40s] Timestep:        13464 || Speed:  391.4 MC/s (2.265e-02 s/TS) || Energy: ~4.01e-22 (-48.82dB)
[@     4m44s] Timestep:        13644 || Speed:  396.2 MC/s (2.238e-02 s/TS) || Energy: ~3.61e-22 (-49.29dB)
[@     4m48s] Timestep:        13824 || Speed:  397.5 MC/s (2.231e-02 s/TS) || Energy: ~3.34e-22 (-49.62dB)
[@     4m52s] Timestep:        14004 || Speed:  396.5 MC/s (2.236e-02 s/TS) || Energy: ~3.16e-22 (-49.86dB)
[@     4m56s] Timestep:        14184 || Speed:  398.0 MC/s (2.228e-02 s/TS) || Energy: ~3.01e-22 (-50.07dB)
Time for 14184 iterations with 8866385.00 cells : 296.80 sec
Speed: 423.72 MCells/s 
    [excite port 7/24]
 ---------------------------------------------------------------------- 
 | openEMS 64bit -- version v0.37.0-rc1-2-g7b051bb
 | (C) 2010-2026 Thorsten Liebig <thorsten.liebig@gmx.de>  GPL license
 ---------------------------------------------------------------------- 
	Used external libraries:
		CSXCAD -- Version: v0.7.0-rc1-1-g5115701
		hdf5   -- Version: 1.10.10
		          compiled against: HDF5 library version: 1.10.10
		tinyxml -- compiled against: 2.6.2
		fparser
		boost  -- compiled against: 1_83
		vtk -- Version: 9.1.0
		       compiled against: 9.1.0

Create FDTD operator (compressed SSE + multi-threading)
FDTD simulation size: 163x215x253 --> 8866385.00 FDTD cells 
FDTD timestep is: 0.00 s; Nyquist rate: 36 timesteps @101341000663.00 Hz
Excitation signal length is: 420 timesteps (0.00s)
Max. number of timesteps: 30000 ( --> 71.43 * Excitation signal length)
Create FDTD engine (compressed SSE + multi-threading)
Running FDTD engine... this may take a while... grab a cup of coffee?!?
[@        4s] Timestep:          108 || Speed:  227.8 MC/s (3.892e-02 s/TS) || Energy: ~1.17e-20 (- 0.00dB)
[@        8s] Timestep:          270 || Speed:  348.0 MC/s (2.548e-02 s/TS) || Energy: ~3.07e-17 (- 0.00dB)
[@       12s] Timestep:          441 || Speed:  368.9 MC/s (2.404e-02 s/TS) || Energy: ~2.45e-17 (- 0.97dB)
[@       16s] Timestep:          612 || Speed:  376.7 MC/s (2.354e-02 s/TS) || Energy: ~2.04e-17 (- 1.76dB)
[@       20s] Timestep:          900 || Speed:  616.0 MC/s (1.439e-02 s/TS) || Energy: ~1.33e-17 (- 3.63dB)
[@       24s] Timestep:         1080 || Speed:  394.4 MC/s (2.248e-02 s/TS) || Energy: ~9.22e-18 (- 5.22dB)
Multithreaded Engine: Best performance found using 5 threads.
[@       28s] Timestep:         1260 || Speed:  382.7 MC/s (2.317e-02 s/TS) || Energy: ~5.70e-18 (- 7.30dB)
[@       33s] Timestep:         1440 || Speed:  380.2 MC/s (2.332e-02 s/TS) || Energy: ~4.10e-18 (- 8.73dB)
[@       37s] Timestep:         1620 || Speed:  380.4 MC/s (2.331e-02 s/TS) || Energy: ~2.98e-18 (-10.12dB)
[@       41s] Timestep:         1800 || Speed:  387.9 MC/s (2.286e-02 s/TS) || Energy: ~2.15e-18 (-11.55dB)
[@       45s] Timestep:         1980 || Speed:  391.5 MC/s (2.265e-02 s/TS) || Energy: ~1.70e-18 (-12.56dB)
[@       49s] Timestep:         2160 || Speed:  385.3 MC/s (2.301e-02 s/TS) || Energy: ~1.22e-18 (-14.02dB)
[@       53s] Timestep:         2439 || Speed:  618.2 MC/s (1.434e-02 s/TS) || Energy: ~8.00e-19 (-15.83dB)
[@       57s] Timestep:         2619 || Speed:  384.0 MC/s (2.309e-02 s/TS) || Energy: ~6.54e-19 (-16.71dB)
[@     1m01s] Timestep:         2799 || Speed:  389.3 MC/s (2.278e-02 s/TS) || Energy: ~5.38e-19 (-17.56dB)
[@     1m05s] Timestep:         2979 || Speed:  384.3 MC/s (2.307e-02 s/TS) || Energy: ~4.46e-19 (-18.37dB)
[@     1m10s] Timestep:         3159 || Speed:  383.8 MC/s (2.310e-02 s/TS) || Energy: ~3.80e-19 (-19.06dB)
[@     1m14s] Timestep:         3339 || Speed:  385.2 MC/s (2.302e-02 s/TS) || Energy: ~3.05e-19 (-20.02dB)
[@     1m18s] Timestep:         3519 || Speed:  383.3 MC/s (2.313e-02 s/TS) || Energy: ~2.36e-19 (-21.14dB)
[@     1m22s] Timestep:         3807 || Speed:  611.9 MC/s (1.449e-02 s/TS) || Energy: ~1.80e-19 (-22.32dB)
[@     1m26s] Timestep:         3987 || Speed:  388.9 MC/s (2.280e-02 s/TS) || Energy: ~1.62e-19 (-22.78dB)
[@     1m30s] Timestep:         4167 || Speed:  383.9 MC/s (2.310e-02 s/TS) || Energy: ~1.41e-19 (-23.37dB)
[@     1m35s] Timestep:         4347 || Speed:  385.3 MC/s (2.301e-02 s/TS) || Energy: ~1.18e-19 (-24.13dB)
[@     1m39s] Timestep:         4527 || Speed:  386.3 MC/s (2.295e-02 s/TS) || Energy: ~1.06e-19 (-24.60dB)
[@     1m43s] Timestep:         4707 || Speed:  388.1 MC/s (2.284e-02 s/TS) || Energy: ~9.35e-20 (-25.16dB)
[@     1m47s] Timestep:         4887 || Speed:  384.0 MC/s (2.309e-02 s/TS) || Energy: ~8.19e-20 (-25.73dB)
[@     1m51s] Timestep:         5175 || Speed:  619.3 MC/s (1.432e-02 s/TS) || Energy: ~6.85e-20 (-26.51dB)
[@     1m55s] Timestep:         5355 || Speed:  381.7 MC/s (2.323e-02 s/TS) || Energy: ~6.66e-20 (-26.63dB)
[@     1m59s] Timestep:         5535 || Speed:  382.3 MC/s (2.319e-02 s/TS) || Energy: ~5.96e-20 (-27.11dB)
[@     2m04s] Timestep:         5715 || Speed:  383.0 MC/s (2.315e-02 s/TS) || Energy: ~5.10e-20 (-27.79dB)
[@     2m08s] Timestep:         5895 || Speed:  382.4 MC/s (2.319e-02 s/TS) || Energy: ~4.63e-20 (-28.21dB)
[@     2m12s] Timestep:         6075 || Speed:  381.6 MC/s (2.324e-02 s/TS) || Energy: ~4.10e-20 (-28.74dB)
[@     2m16s] Timestep:         6246 || Speed:  378.2 MC/s (2.344e-02 s/TS) || Energy: ~3.68e-20 (-29.21dB)
[@     2m20s] Timestep:         6525 || Speed:  617.9 MC/s (1.435e-02 s/TS) || Energy: ~3.18e-20 (-29.84dB)
[@     2m24s] Timestep:         6705 || Speed:  382.6 MC/s (2.318e-02 s/TS) || Energy: ~2.97e-20 (-30.13dB)
[@     2m28s] Timestep:         6885 || Speed:  386.0 MC/s (2.297e-02 s/TS) || Energy: ~2.46e-20 (-30.95dB)
[@     2m32s] Timestep:         7065 || Speed:  385.2 MC/s (2.302e-02 s/TS) || Energy: ~2.14e-20 (-31.56dB)
[@     2m37s] Timestep:         7245 || Speed:  381.0 MC/s (2.327e-02 s/TS) || Energy: ~2.05e-20 (-31.74dB)
[@     2m41s] Timestep:         7425 || Speed:  384.1 MC/s (2.308e-02 s/TS) || Energy: ~1.90e-20 (-32.08dB)
[@     2m45s] Timestep:         7605 || Speed:  384.6 MC/s (2.305e-02 s/TS) || Energy: ~1.73e-20 (-32.48dB)
[@     2m49s] Timestep:         7893 || Speed:  621.2 MC/s (1.427e-02 s/TS) || Energy: ~1.54e-20 (-32.98dB)
[@     2m53s] Timestep:         8064 || Speed:  378.2 MC/s (2.344e-02 s/TS) || Energy: ~1.39e-20 (-33.43dB)
[@     2m57s] Timestep:         8244 || Speed:  384.5 MC/s (2.306e-02 s/TS) || Energy: ~1.16e-20 (-34.21dB)
[@     3m01s] Timestep:         8424 || Speed:  380.2 MC/s (2.332e-02 s/TS) || Energy: ~1.11e-20 (-34.40dB)
[@     3m05s] Timestep:         8604 || Speed:  387.6 MC/s (2.287e-02 s/TS) || Energy: ~1.07e-20 (-34.59dB)
[@     3m10s] Timestep:         8784 || Speed:  385.7 MC/s (2.299e-02 s/TS) || Energy: ~8.82e-21 (-35.41dB)
[@     3m14s] Timestep:         8964 || Speed:  385.0 MC/s (2.303e-02 s/TS) || Energy: ~7.53e-21 (-36.09dB)
[@     3m18s] Timestep:         9144 || Speed:  382.0 MC/s (2.321e-02 s/TS) || Energy: ~7.24e-21 (-36.27dB)
[@     3m22s] Timestep:         9432 || Speed:  610.0 MC/s (1.454e-02 s/TS) || Energy: ~5.97e-21 (-37.11dB)
[@     3m26s] Timestep:         9612 || Speed:  385.3 MC/s (2.301e-02 s/TS) || Energy: ~5.12e-21 (-37.77dB)
[@     3m30s] Timestep:         9792 || Speed:  383.7 MC/s (2.311e-02 s/TS) || Energy: ~5.32e-21 (-37.60dB)
[@     3m35s] Timestep:         9972 || Speed:  382.6 MC/s (2.317e-02 s/TS) || Energy: ~5.55e-21 (-37.42dB)
[@     3m39s] Timestep:        10143 || Speed:  368.9 MC/s (2.404e-02 s/TS) || Energy: ~4.79e-21 (-38.06dB)
[@     3m43s] Timestep:        10323 || Speed:  388.9 MC/s (2.280e-02 s/TS) || Energy: ~4.32e-21 (-38.51dB)
[@     3m47s] Timestep:        10503 || Speed:  387.3 MC/s (2.289e-02 s/TS) || Energy: ~4.09e-21 (-38.74dB)
[@     3m51s] Timestep:        10782 || Speed:  618.0 MC/s (1.435e-02 s/TS) || Energy: ~3.30e-21 (-39.68dB)
[@     3m55s] Timestep:        10962 || Speed:  385.9 MC/s (2.298e-02 s/TS) || Energy: ~3.01e-21 (-40.07dB)
[@     3m59s] Timestep:        11142 || Speed:  385.5 MC/s (2.300e-02 s/TS) || Energy: ~2.87e-21 (-40.29dB)
[@     4m03s] Timestep:        11322 || Speed:  383.3 MC/s (2.313e-02 s/TS) || Energy: ~2.31e-21 (-41.23dB)
[@     4m08s] Timestep:        11502 || Speed:  383.9 MC/s (2.310e-02 s/TS) || Energy: ~1.87e-21 (-42.13dB)
[@     4m12s] Timestep:        11682 || Speed:  383.0 MC/s (2.315e-02 s/TS) || Energy: ~1.98e-21 (-41.90dB)
[@     4m16s] Timestep:        11862 || Speed:  387.3 MC/s (2.290e-02 s/TS) || Energy: ~2.00e-21 (-41.85dB)
[@     4m20s] Timestep:        12141 || Speed:  598.6 MC/s (1.481e-02 s/TS) || Energy: ~1.60e-21 (-42.83dB)
[@     4m24s] Timestep:        12321 || Speed:  383.2 MC/s (2.314e-02 s/TS) || Energy: ~1.50e-21 (-43.11dB)
[@     4m28s] Timestep:        12501 || Speed:  384.3 MC/s (2.307e-02 s/TS) || Energy: ~1.38e-21 (-43.47dB)
[@     4m32s] Timestep:        12681 || Speed:  380.4 MC/s (2.331e-02 s/TS) || Energy: ~1.09e-21 (-44.50dB)
[@     4m37s] Timestep:        12861 || Speed:  384.9 MC/s (2.303e-02 s/TS) || Energy: ~9.49e-22 (-45.09dB)
[@     4m41s] Timestep:        13041 || Speed:  387.3 MC/s (2.289e-02 s/TS) || Energy: ~9.87e-22 (-44.92dB)
[@     4m45s] Timestep:        13221 || Speed:  381.9 MC/s (2.322e-02 s/TS) || Energy: ~9.06e-22 (-45.29dB)
[@     4m49s] Timestep:        13509 || Speed:  610.8 MC/s (1.452e-02 s/TS) || Energy: ~6.32e-22 (-46.86dB)
[@     4m53s] Timestep:        13689 || Speed:  384.9 MC/s (2.304e-02 s/TS) || Energy: ~6.12e-22 (-47.00dB)
[@     4m57s] Timestep:        13869 || Speed:  377.8 MC/s (2.347e-02 s/TS) || Energy: ~5.81e-22 (-47.22dB)
[@     5m02s] Timestep:        14049 || Speed:  384.2 MC/s (2.308e-02 s/TS) || Energy: ~4.89e-22 (-47.97dB)
[@     5m06s] Timestep:        14229 || Speed:  386.7 MC/s (2.293e-02 s/TS) || Energy: ~4.78e-22 (-48.07dB)
[@     5m10s] Timestep:        14409 || Speed:  383.1 MC/s (2.314e-02 s/TS) || Energy: ~5.03e-22 (-47.85dB)
[@     5m14s] Timestep:        14589 || Speed:  385.7 MC/s (2.299e-02 s/TS) || Energy: ~4.20e-22 (-48.63dB)
[@     5m18s] Timestep:        14877 || Speed:  616.4 MC/s (1.438e-02 s/TS) || Energy: ~3.54e-22 (-49.38dB)
[@     5m22s] Timestep:        15057 || Speed:  385.4 MC/s (2.301e-02 s/TS) || Energy: ~3.20e-22 (-49.81dB)
[@     5m26s] Timestep:        15237 || Speed:  384.5 MC/s (2.306e-02 s/TS) || Energy: ~2.97e-22 (-50.13dB)
Time for 15237 iterations with 8866385.00 cells : 326.96 sec
Speed: 413.19 MCells/s 
    [excite port 8/24]
 ---------------------------------------------------------------------- 
 | openEMS 64bit -- version v0.37.0-rc1-2-g7b051bb
 | (C) 2010-2026 Thorsten Liebig <thorsten.liebig@gmx.de>  GPL license
 ---------------------------------------------------------------------- 
	Used external libraries:
		CSXCAD -- Version: v0.7.0-rc1-1-g5115701
		hdf5   -- Version: 1.10.10
		          compiled against: HDF5 library version: 1.10.10
		tinyxml -- compiled against: 2.6.2
		fparser
		boost  -- compiled against: 1_83
		vtk -- Version: 9.1.0
		       compiled against: 9.1.0

Create FDTD operator (compressed SSE + multi-threading)
FDTD simulation size: 163x215x253 --> 8866385.00 FDTD cells 
FDTD timestep is: 0.00 s; Nyquist rate: 36 timesteps @101341000663.00 Hz
Excitation signal length is: 420 timesteps (0.00s)
Max. number of timesteps: 30000 ( --> 71.43 * Excitation signal length)
Create FDTD engine (compressed SSE + multi-threading)
Running FDTD engine... this may take a while... grab a cup of coffee?!?
[@        4s] Timestep:          108 || Speed:  223.6 MC/s (3.965e-02 s/TS) || Energy: ~1.17e-20 (- 0.00dB)
[@        8s] Timestep:          270 || Speed:  348.5 MC/s (2.544e-02 s/TS) || Energy: ~3.06e-17 (- 0.00dB)
[@       12s] Timestep:          441 || Speed:  363.3 MC/s (2.441e-02 s/TS) || Energy: ~2.50e-17 (- 0.88dB)
[@       16s] Timestep:          612 || Speed:  371.6 MC/s (2.386e-02 s/TS) || Energy: ~2.06e-17 (- 1.72dB)
[@       20s] Timestep:          792 || Speed:  381.0 MC/s (2.327e-02 s/TS) || Energy: ~1.63e-17 (- 2.74dB)
[@       24s] Timestep:          972 || Speed:  395.9 MC/s (2.240e-02 s/TS) || Energy: ~1.25e-17 (- 3.89dB)
[@       28s] Timestep:         1143 || Speed:  376.2 MC/s (2.357e-02 s/TS) || Energy: ~8.35e-18 (- 5.64dB)
Multithreaded Engine: Best performance found using 6 threads.
[@       33s] Timestep:         1440 || Speed:  635.1 MC/s (1.396e-02 s/TS) || Energy: ~4.24e-18 (- 8.58dB)
[@       37s] Timestep:         1620 || Speed:  393.1 MC/s (2.255e-02 s/TS) || Energy: ~3.20e-18 (- 9.81dB)
[@       41s] Timestep:         1800 || Speed:  396.9 MC/s (2.234e-02 s/TS) || Energy: ~2.44e-18 (-10.99dB)
[@       45s] Timestep:         1980 || Speed:  398.4 MC/s (2.226e-02 s/TS) || Energy: ~1.94e-18 (-11.97dB)
[@       49s] Timestep:         2160 || Speed:  395.1 MC/s (2.244e-02 s/TS) || Energy: ~1.48e-18 (-13.16dB)
[@       53s] Timestep:         2340 || Speed:  396.3 MC/s (2.237e-02 s/TS) || Energy: ~1.15e-18 (-14.27dB)
[@       57s] Timestep:         2520 || Speed:  392.9 MC/s (2.257e-02 s/TS) || Energy: ~9.39e-19 (-15.13dB)
[@     1m01s] Timestep:         2817 || Speed:  636.4 MC/s (1.393e-02 s/TS) || Energy: ~5.99e-19 (-17.08dB)
[@     1m05s] Timestep:         2997 || Speed:  396.2 MC/s (2.238e-02 s/TS) || Energy: ~5.04e-19 (-17.84dB)
[@     1m09s] Timestep:         3177 || Speed:  395.5 MC/s (2.242e-02 s/TS) || Energy: ~4.12e-19 (-18.71dB)
[@     1m13s] Timestep:         3357 || Speed:  393.8 MC/s (2.251e-02 s/TS) || Energy: ~3.61e-19 (-19.28dB)
[@     1m17s] Timestep:         3537 || Speed:  394.2 MC/s (2.249e-02 s/TS) || Energy: ~3.19e-19 (-19.82dB)
[@     1m21s] Timestep:         3717 || Speed:  384.2 MC/s (2.308e-02 s/TS) || Energy: ~2.75e-19 (-20.47dB)
[@     1m25s] Timestep:         3897 || Speed:  388.6 MC/s (2.282e-02 s/TS) || Energy: ~2.21e-19 (-21.41dB)
[@     1m30s] Timestep:         4194 || Speed:  629.9 MC/s (1.408e-02 s/TS) || Energy: ~2.01e-19 (-21.83dB)
[@     1m34s] Timestep:         4374 || Speed:  391.7 MC/s (2.263e-02 s/TS) || Energy: ~1.73e-19 (-22.47dB)
[@     1m38s] Timestep:         4554 || Speed:  395.9 MC/s (2.240e-02 s/TS) || Energy: ~1.50e-19 (-23.11dB)
[@     1m42s] Timestep:         4734 || Speed:  398.0 MC/s (2.228e-02 s/TS) || Energy: ~1.29e-19 (-23.75dB)
[@     1m46s] Timestep:         4914 || Speed:  395.6 MC/s (2.241e-02 s/TS) || Energy: ~1.12e-19 (-24.37dB)
[@     1m50s] Timestep:         5094 || Speed:  397.0 MC/s (2.233e-02 s/TS) || Energy: ~9.51e-20 (-25.08dB)
[@     1m54s] Timestep:         5274 || Speed:  395.2 MC/s (2.243e-02 s/TS) || Energy: ~7.88e-20 (-25.89dB)
[@     1m58s] Timestep:         5454 || Speed:  394.2 MC/s (2.249e-02 s/TS) || Energy: ~6.77e-20 (-26.55dB)
[@     2m02s] Timestep:         5742 || Speed:  636.2 MC/s (1.394e-02 s/TS) || Energy: ~6.43e-20 (-26.78dB)
[@     2m06s] Timestep:         5922 || Speed:  385.7 MC/s (2.299e-02 s/TS) || Energy: ~5.60e-20 (-27.38dB)
[@     2m10s] Timestep:         6102 || Speed:  386.5 MC/s (2.294e-02 s/TS) || Energy: ~4.92e-20 (-27.94dB)
[@     2m14s] Timestep:         6282 || Speed:  391.6 MC/s (2.264e-02 s/TS) || Energy: ~4.43e-20 (-28.39dB)
[@     2m18s] Timestep:         6462 || Speed:  392.7 MC/s (2.258e-02 s/TS) || Energy: ~4.04e-20 (-28.80dB)
[@     2m22s] Timestep:         6642 || Speed:  396.2 MC/s (2.238e-02 s/TS) || Energy: ~3.62e-20 (-29.27dB)
[@     2m26s] Timestep:         6822 || Speed:  393.9 MC/s (2.251e-02 s/TS) || Energy: ~3.20e-20 (-29.81dB)
[@     2m30s] Timestep:         7119 || Speed:  633.8 MC/s (1.399e-02 s/TS) || Energy: ~2.79e-20 (-30.41dB)
[@     2m34s] Timestep:         7299 || Speed:  395.1 MC/s (2.244e-02 s/TS) || Energy: ~2.42e-20 (-31.01dB)
[@     2m38s] Timestep:         7479 || Speed:  398.8 MC/s (2.223e-02 s/TS) || Energy: ~2.11e-20 (-31.61dB)
[@     2m42s] Timestep:         7659 || Speed:  396.3 MC/s (2.237e-02 s/TS) || Energy: ~1.89e-20 (-32.10dB)
[@     2m47s] Timestep:         7839 || Speed:  391.2 MC/s (2.267e-02 s/TS) || Energy: ~1.72e-20 (-32.51dB)
[@     2m51s] Timestep:         8019 || Speed:  390.1 MC/s (2.273e-02 s/TS) || Energy: ~1.55e-20 (-32.96dB)
[@     2m55s] Timestep:         8199 || Speed:  397.3 MC/s (2.231e-02 s/TS) || Energy: ~1.38e-20 (-33.45dB)
[@     2m59s] Timestep:         8496 || Speed:  632.5 MC/s (1.402e-02 s/TS) || Energy: ~1.07e-20 (-34.55dB)
[@     3m03s] Timestep:         8676 || Speed:  398.7 MC/s (2.224e-02 s/TS) || Energy: ~9.21e-21 (-35.21dB)
[@     3m07s] Timestep:         8856 || Speed:  393.5 MC/s (2.253e-02 s/TS) || Energy: ~8.08e-21 (-35.78dB)
[@     3m11s] Timestep:         9036 || Speed:  397.7 MC/s (2.230e-02 s/TS) || Energy: ~7.45e-21 (-36.14dB)
[@     3m15s] Timestep:         9225 || Speed:  400.4 MC/s (2.214e-02 s/TS) || Energy: ~6.43e-21 (-36.77dB)
[@     3m19s] Timestep:         9405 || Speed:  396.0 MC/s (2.239e-02 s/TS) || Energy: ~6.13e-21 (-36.98dB)
[@     3m23s] Timestep:         9585 || Speed:  398.3 MC/s (2.226e-02 s/TS) || Energy: ~5.76e-21 (-37.25dB)
[@     3m27s] Timestep:         9765 || Speed:  396.8 MC/s (2.234e-02 s/TS) || Energy: ~5.23e-21 (-37.67dB)
[@     3m31s] Timestep:        10062 || Speed:  636.4 MC/s (1.393e-02 s/TS) || Energy: ~4.49e-21 (-38.34dB)
[@     3m35s] Timestep:        10242 || Speed:  397.2 MC/s (2.232e-02 s/TS) || Energy: ~3.90e-21 (-38.94dB)
[@     3m39s] Timestep:        10422 || Speed:  397.9 MC/s (2.228e-02 s/TS) || Energy: ~3.43e-21 (-39.51dB)
[@     3m43s] Timestep:        10602 || Speed:  396.5 MC/s (2.236e-02 s/TS) || Energy: ~3.09e-21 (-39.96dB)
[@     3m47s] Timestep:        10782 || Speed:  397.4 MC/s (2.231e-02 s/TS) || Energy: ~2.87e-21 (-40.27dB)
[@     3m51s] Timestep:        10962 || Speed:  395.1 MC/s (2.244e-02 s/TS) || Energy: ~2.71e-21 (-40.52dB)
[@     3m55s] Timestep:        11142 || Speed:  398.0 MC/s (2.227e-02 s/TS) || Energy: ~2.53e-21 (-40.83dB)
[@     4m00s] Timestep:        11439 || Speed:  637.3 MC/s (1.391e-02 s/TS) || Energy: ~2.26e-21 (-41.31dB)
[@     4m04s] Timestep:        11619 || Speed:  395.0 MC/s (2.245e-02 s/TS) || Energy: ~2.04e-21 (-41.77dB)
[@     4m08s] Timestep:        11799 || Speed:  394.6 MC/s (2.247e-02 s/TS) || Energy: ~1.83e-21 (-42.24dB)
[@     4m12s] Timestep:        11979 || Speed:  395.4 MC/s (2.242e-02 s/TS) || Energy: ~1.68e-21 (-42.60dB)
[@     4m16s] Timestep:        12159 || Speed:  390.2 MC/s (2.272e-02 s/TS) || Energy: ~1.60e-21 (-42.81dB)
[@     4m20s] Timestep:        12348 || Speed:  400.2 MC/s (2.216e-02 s/TS) || Energy: ~1.47e-21 (-43.20dB)
[@     4m24s] Timestep:        12528 || Speed:  397.3 MC/s (2.232e-02 s/TS) || Energy: ~1.42e-21 (-43.33dB)
[@     4m28s] Timestep:        12825 || Speed:  636.2 MC/s (1.394e-02 s/TS) || Energy: ~9.99e-22 (-44.86dB)
[@     4m32s] Timestep:        13005 || Speed:  395.3 MC/s (2.243e-02 s/TS) || Energy: ~9.36e-22 (-45.15dB)
[@     4m36s] Timestep:        13194 || Speed:  401.2 MC/s (2.210e-02 s/TS) || Energy: ~7.94e-22 (-45.86dB)
[@     4m40s] Timestep:        13374 || Speed:  394.4 MC/s (2.248e-02 s/TS) || Energy: ~6.99e-22 (-46.41dB)
[@     4m45s] Timestep:        13563 || Speed:  398.7 MC/s (2.224e-02 s/TS) || Energy: ~6.00e-22 (-47.07dB)
[@     4m49s] Timestep:        13743 || Speed:  396.4 MC/s (2.236e-02 s/TS) || Energy: ~5.44e-22 (-47.50dB)
[@     4m53s] Timestep:        13923 || Speed:  398.1 MC/s (2.227e-02 s/TS) || Energy: ~5.24e-22 (-47.66dB)
[@     4m57s] Timestep:        14220 || Speed:  638.2 MC/s (1.389e-02 s/TS) || Energy: ~4.74e-22 (-48.10dB)
[@     5m01s] Timestep:        14400 || Speed:  388.0 MC/s (2.285e-02 s/TS) || Energy: ~4.53e-22 (-48.29dB)
[@     5m05s] Timestep:        14580 || Speed:  396.4 MC/s (2.237e-02 s/TS) || Energy: ~4.36e-22 (-48.47dB)
[@     5m09s] Timestep:        14760 || Speed:  398.3 MC/s (2.226e-02 s/TS) || Energy: ~4.01e-22 (-48.83dB)
[@     5m13s] Timestep:        14940 || Speed:  395.6 MC/s (2.241e-02 s/TS) || Energy: ~3.58e-22 (-49.32dB)
[@     5m17s] Timestep:        15129 || Speed:  397.6 MC/s (2.230e-02 s/TS) || Energy: ~3.26e-22 (-49.73dB)
[@     5m21s] Timestep:        15318 || Speed:  399.8 MC/s (2.218e-02 s/TS) || Energy: ~2.92e-22 (-50.20dB)
Time for 15318 iterations with 8866385.00 cells : 321.82 sec
Speed: 422.02 MCells/s 
    [excite port 9/24]
 ---------------------------------------------------------------------- 
 | openEMS 64bit -- version v0.37.0-rc1-2-g7b051bb
 | (C) 2010-2026 Thorsten Liebig <thorsten.liebig@gmx.de>  GPL license
 ---------------------------------------------------------------------- 
	Used external libraries:
		CSXCAD -- Version: v0.7.0-rc1-1-g5115701
		hdf5   -- Version: 1.10.10
		          compiled against: HDF5 library version: 1.10.10
		tinyxml -- compiled against: 2.6.2
		fparser
		boost  -- compiled against: 1_83
		vtk -- Version: 9.1.0
		       compiled against: 9.1.0

Create FDTD operator (compressed SSE + multi-threading)
FDTD simulation size: 163x215x253 --> 8866385.00 FDTD cells 
FDTD timestep is: 0.00 s; Nyquist rate: 36 timesteps @101341000663.00 Hz
Excitation signal length is: 420 timesteps (0.00s)
Max. number of timesteps: 30000 ( --> 71.43 * Excitation signal length)
Create FDTD engine (compressed SSE + multi-threading)
Running FDTD engine... this may take a while... grab a cup of coffee?!?
[@        4s] Timestep:          108 || Speed:  224.9 MC/s (3.942e-02 s/TS) || Energy: ~1.15e-20 (- 0.00dB)
[@        8s] Timestep:          270 || Speed:  343.8 MC/s (2.579e-02 s/TS) || Energy: ~2.96e-17 (- 0.00dB)
[@       12s] Timestep:          441 || Speed:  364.0 MC/s (2.436e-02 s/TS) || Energy: ~2.20e-17 (- 1.29dB)
[@       16s] Timestep:          612 || Speed:  372.6 MC/s (2.380e-02 s/TS) || Energy: ~1.52e-17 (- 2.90dB)
[@       20s] Timestep:          900 || Speed:  614.4 MC/s (1.443e-02 s/TS) || Energy: ~8.58e-18 (- 5.38dB)
[@       24s] Timestep:         1080 || Speed:  394.9 MC/s (2.245e-02 s/TS) || Energy: ~6.16e-18 (- 6.82dB)
Multithreaded Engine: Best performance found using 5 threads.
[@       28s] Timestep:         1260 || Speed:  386.7 MC/s (2.293e-02 s/TS) || Energy: ~3.78e-18 (- 8.94dB)
[@       33s] Timestep:         1440 || Speed:  384.8 MC/s (2.304e-02 s/TS) || Energy: ~2.52e-18 (-10.70dB)
[@       37s] Timestep:         1620 || Speed:  383.7 MC/s (2.311e-02 s/TS) || Energy: ~1.87e-18 (-11.99dB)
[@       41s] Timestep:         1800 || Speed:  385.8 MC/s (2.298e-02 s/TS) || Energy: ~1.38e-18 (-13.32dB)
[@       45s] Timestep:         1980 || Speed:  385.1 MC/s (2.302e-02 s/TS) || Energy: ~1.10e-18 (-14.28dB)
[@       49s] Timestep:         2259 || Speed:  616.7 MC/s (1.438e-02 s/TS) || Energy: ~7.20e-19 (-16.14dB)
[@       53s] Timestep:         2439 || Speed:  385.9 MC/s (2.298e-02 s/TS) || Energy: ~5.66e-19 (-17.19dB)
[@       57s] Timestep:         2619 || Speed:  382.3 MC/s (2.319e-02 s/TS) || Energy: ~4.71e-19 (-17.98dB)
[@     1m02s] Timestep:         2799 || Speed:  386.7 MC/s (2.293e-02 s/TS) || Energy: ~3.74e-19 (-18.99dB)
[@     1m06s] Timestep:         2979 || Speed:  384.8 MC/s (2.304e-02 s/TS) || Energy: ~3.16e-19 (-19.71dB)
[@     1m10s] Timestep:         3159 || Speed:  385.1 MC/s (2.302e-02 s/TS) || Energy: ~2.82e-19 (-20.21dB)
[@     1m14s] Timestep:         3339 || Speed:  393.7 MC/s (2.252e-02 s/TS) || Energy: ~2.39e-19 (-20.93dB)
[@     1m18s] Timestep:         3519 || Speed:  384.0 MC/s (2.309e-02 s/TS) || Energy: ~1.90e-19 (-21.93dB)
[@     1m22s] Timestep:         3807 || Speed:  628.4 MC/s (1.411e-02 s/TS) || Energy: ~1.41e-19 (-23.23dB)
[@     1m26s] Timestep:         3987 || Speed:  387.4 MC/s (2.289e-02 s/TS) || Energy: ~1.22e-19 (-23.84dB)
[@     1m30s] Timestep:         4167 || Speed:  386.5 MC/s (2.294e-02 s/TS) || Energy: ~1.01e-19 (-24.69dB)
[@     1m34s] Timestep:         4347 || Speed:  384.7 MC/s (2.305e-02 s/TS) || Energy: ~8.79e-20 (-25.27dB)
[@     1m39s] Timestep:         4518 || Speed:  374.5 MC/s (2.367e-02 s/TS) || Energy: ~8.45e-20 (-25.44dB)
[@     1m43s] Timestep:         4689 || Speed:  378.6 MC/s (2.342e-02 s/TS) || Energy: ~6.74e-20 (-26.42dB)
[@     1m47s] Timestep:         4869 || Speed:  384.2 MC/s (2.308e-02 s/TS) || Energy: ~5.71e-20 (-27.15dB)
[@     1m51s] Timestep:         5157 || Speed:  609.7 MC/s (1.454e-02 s/TS) || Energy: ~5.56e-20 (-27.26dB)
[@     1m55s] Timestep:         5328 || Speed:  378.2 MC/s (2.345e-02 s/TS) || Energy: ~4.32e-20 (-28.35dB)
[@     1m59s] Timestep:         5508 || Speed:  382.3 MC/s (2.319e-02 s/TS) || Energy: ~3.83e-20 (-28.88dB)
[@     2m03s] Timestep:         5688 || Speed:  380.1 MC/s (2.333e-02 s/TS) || Energy: ~3.92e-20 (-28.78dB)
[@     2m07s] Timestep:         5868 || Speed:  381.3 MC/s (2.325e-02 s/TS) || Energy: ~3.68e-20 (-29.06dB)
[@     2m12s] Timestep:         6048 || Speed:  379.5 MC/s (2.336e-02 s/TS) || Energy: ~3.08e-20 (-29.83dB)
[@     2m16s] Timestep:         6228 || Speed:  383.7 MC/s (2.311e-02 s/TS) || Energy: ~2.87e-20 (-30.13dB)
[@     2m20s] Timestep:         6516 || Speed:  614.2 MC/s (1.444e-02 s/TS) || Energy: ~2.58e-20 (-30.60dB)
[@     2m24s] Timestep:         6696 || Speed:  384.2 MC/s (2.308e-02 s/TS) || Energy: ~2.24e-20 (-31.22dB)
[@     2m28s] Timestep:         6876 || Speed:  386.9 MC/s (2.292e-02 s/TS) || Energy: ~1.87e-20 (-31.99dB)
[@     2m32s] Timestep:         7056 || Speed:  380.7 MC/s (2.329e-02 s/TS) || Energy: ~1.73e-20 (-32.33dB)
[@     2m37s] Timestep:         7236 || Speed:  382.1 MC/s (2.320e-02 s/TS) || Energy: ~1.50e-20 (-32.95dB)
[@     2m41s] Timestep:         7416 || Speed:  384.0 MC/s (2.309e-02 s/TS) || Energy: ~1.19e-20 (-33.94dB)
[@     2m45s] Timestep:         7596 || Speed:  383.5 MC/s (2.312e-02 s/TS) || Energy: ~1.14e-20 (-34.16dB)
[@     2m49s] Timestep:         7884 || Speed:  615.9 MC/s (1.440e-02 s/TS) || Energy: ~1.11e-20 (-34.25dB)
[@     2m53s] Timestep:         8064 || Speed:  383.1 MC/s (2.314e-02 s/TS) || Energy: ~9.95e-21 (-34.73dB)
[@     2m57s] Timestep:         8244 || Speed:  385.8 MC/s (2.298e-02 s/TS) || Energy: ~9.11e-21 (-35.12dB)
[@     3m02s] Timestep:         8424 || Speed:  379.5 MC/s (2.336e-02 s/TS) || Energy: ~9.27e-21 (-35.04dB)
[@     3m06s] Timestep:         8604 || Speed:  384.4 MC/s (2.306e-02 s/TS) || Energy: ~8.34e-21 (-35.50dB)
[@     3m10s] Timestep:         8784 || Speed:  380.4 MC/s (2.331e-02 s/TS) || Energy: ~6.63e-21 (-36.50dB)
[@     3m14s] Timestep:         8964 || Speed:  388.7 MC/s (2.281e-02 s/TS) || Energy: ~6.26e-21 (-36.75dB)
[@     3m18s] Timestep:         9252 || Speed:  614.7 MC/s (1.442e-02 s/TS) || Energy: ~5.25e-21 (-37.51dB)
[@     3m22s] Timestep:         9432 || Speed:  381.6 MC/s (2.323e-02 s/TS) || Energy: ~4.68e-21 (-38.01dB)
[@     3m27s] Timestep:         9612 || Speed:  385.2 MC/s (2.302e-02 s/TS) || Energy: ~4.22e-21 (-38.46dB)
[@     3m31s] Timestep:         9792 || Speed:  386.7 MC/s (2.293e-02 s/TS) || Energy: ~4.40e-21 (-38.28dB)
[@     3m35s] Timestep:         9972 || Speed:  391.0 MC/s (2.267e-02 s/TS) || Energy: ~4.21e-21 (-38.47dB)
[@     3m39s] Timestep:        10152 || Speed:  391.1 MC/s (2.267e-02 s/TS) || Energy: ~3.60e-21 (-39.15dB)
[@     3m43s] Timestep:        10332 || Speed:  386.2 MC/s (2.296e-02 s/TS) || Energy: ~3.49e-21 (-39.28dB)
[@     3m47s] Timestep:        10512 || Speed:  386.2 MC/s (2.296e-02 s/TS) || Energy: ~3.52e-21 (-39.24dB)
[@     3m51s] Timestep:        10800 || Speed:  622.9 MC/s (1.423e-02 s/TS) || Energy: ~2.54e-21 (-40.67dB)
[@     3m55s] Timestep:        10971 || Speed:  374.1 MC/s (2.370e-02 s/TS) || Energy: ~2.50e-21 (-40.73dB)
[@     3m59s] Timestep:        11151 || Speed:  381.5 MC/s (2.324e-02 s/TS) || Energy: ~2.43e-21 (-40.85dB)
[@     4m03s] Timestep:        11322 || Speed:  374.7 MC/s (2.366e-02 s/TS) || Energy: ~2.05e-21 (-41.60dB)
[@     4m08s] Timestep:        11493 || Speed:  374.6 MC/s (2.367e-02 s/TS) || Energy: ~1.94e-21 (-41.84dB)
[@     4m12s] Timestep:        11664 || Speed:  378.5 MC/s (2.342e-02 s/TS) || Energy: ~1.90e-21 (-41.93dB)
[@     4m16s] Timestep:        11844 || Speed:  381.2 MC/s (2.326e-02 s/TS) || Energy: ~1.47e-21 (-43.04dB)
[@     4m20s] Timestep:        12123 || Speed:  618.3 MC/s (1.434e-02 s/TS) || Energy: ~1.25e-21 (-43.73dB)
[@     4m24s] Timestep:        12303 || Speed:  381.3 MC/s (2.325e-02 s/TS) || Energy: ~1.15e-21 (-44.09dB)
[@     4m28s] Timestep:        12474 || Speed:  375.0 MC/s (2.364e-02 s/TS) || Energy: ~8.46e-22 (-45.44dB)
[@     4m32s] Timestep:        12654 || Speed:  381.8 MC/s (2.322e-02 s/TS) || Energy: ~8.09e-22 (-45.63dB)
[@     4m36s] Timestep:        12825 || Speed:  374.3 MC/s (2.369e-02 s/TS) || Energy: ~9.26e-22 (-45.05dB)
[@     4m40s] Timestep:        13005 || Speed:  381.0 MC/s (2.327e-02 s/TS) || Energy: ~7.97e-22 (-45.70dB)
[@     4m44s] Timestep:        13176 || Speed:  378.9 MC/s (2.340e-02 s/TS) || Energy: ~7.55e-22 (-45.93dB)
[@     4m49s] Timestep:        13464 || Speed:  613.8 MC/s (1.444e-02 s/TS) || Energy: ~6.72e-22 (-46.44dB)
[@     4m53s] Timestep:        13644 || Speed:  383.4 MC/s (2.312e-02 s/TS) || Energy: ~5.92e-22 (-46.99dB)
[@     4m57s] Timestep:        13815 || Speed:  374.4 MC/s (2.368e-02 s/TS) || Energy: ~5.73e-22 (-47.13dB)
[@     5m01s] Timestep:        13995 || Speed:  381.3 MC/s (2.325e-02 s/TS) || Energy: ~5.83e-22 (-47.05dB)
[@     5m05s] Timestep:        14175 || Speed:  379.3 MC/s (2.338e-02 s/TS) || Energy: ~5.12e-22 (-47.62dB)
[@     5m09s] Timestep:        14346 || Speed:  377.6 MC/s (2.348e-02 s/TS) || Energy: ~4.32e-22 (-48.36dB)
[@     5m13s] Timestep:        14517 || Speed:  378.7 MC/s (2.341e-02 s/TS) || Energy: ~4.32e-22 (-48.36dB)
[@     5m17s] Timestep:        14796 || Speed:  613.7 MC/s (1.445e-02 s/TS) || Energy: ~3.48e-22 (-49.30dB)
[@     5m21s] Timestep:        14967 || Speed:  377.8 MC/s (2.347e-02 s/TS) || Energy: ~2.84e-22 (-50.18dB)
Time for 14967 iterations with 8866385.00 cells : 321.69 sec
Speed: 412.51 MCells/s 
    [excite port 10/24]
 ---------------------------------------------------------------------- 
 | openEMS 64bit -- version v0.37.0-rc1-2-g7b051bb
 | (C) 2010-2026 Thorsten Liebig <thorsten.liebig@gmx.de>  GPL license
 ---------------------------------------------------------------------- 
	Used external libraries:
		CSXCAD -- Version: v0.7.0-rc1-1-g5115701
		hdf5   -- Version: 1.10.10
		          compiled against: HDF5 library version: 1.10.10
		tinyxml -- compiled against: 2.6.2
		fparser
		boost  -- compiled against: 1_83
		vtk -- Version: 9.1.0
		       compiled against: 9.1.0

Create FDTD operator (compressed SSE + multi-threading)
FDTD simulation size: 163x215x253 --> 8866385.00 FDTD cells 
FDTD timestep is: 0.00 s; Nyquist rate: 36 timesteps @101341000663.00 Hz
Excitation signal length is: 420 timesteps (0.00s)
Max. number of timesteps: 30000 ( --> 71.43 * Excitation signal length)
Create FDTD engine (compressed SSE + multi-threading)
Running FDTD engine... this may take a while... grab a cup of coffee?!?
[@        4s] Timestep:          108 || Speed:  221.7 MC/s (3.999e-02 s/TS) || Energy: ~1.15e-20 (- 0.00dB)
[@        8s] Timestep:          369 || Speed:  554.3 MC/s (1.600e-02 s/TS) || Energy: ~2.67e-17 (- 0.00dB)
[@       12s] Timestep:          540 || Speed:  366.7 MC/s (2.418e-02 s/TS) || Energy: ~1.87e-17 (- 1.56dB)
Multithreaded Engine: Best performance found using 2 threads.
[@       16s] Timestep:          702 || Speed:  343.3 MC/s (2.582e-02 s/TS) || Energy: ~1.31e-17 (- 3.08dB)
[@       20s] Timestep:          864 || Speed:  348.7 MC/s (2.543e-02 s/TS) || Energy: ~8.97e-18 (- 4.74dB)
[@       25s] Timestep:         1026 || Speed:  342.4 MC/s (2.589e-02 s/TS) || Energy: ~7.09e-18 (- 5.76dB)
[@       29s] Timestep:         1188 || Speed:  350.6 MC/s (2.529e-02 s/TS) || Energy: ~4.98e-18 (- 7.29dB)
[@       33s] Timestep:         1350 || Speed:  340.6 MC/s (2.603e-02 s/TS) || Energy: ~3.47e-18 (- 8.86dB)
[@       37s] Timestep:         1611 || Speed:  560.2 MC/s (1.583e-02 s/TS) || Energy: ~2.12e-18 (-11.00dB)
[@       41s] Timestep:         1773 || Speed:  345.4 MC/s (2.567e-02 s/TS) || Energy: ~1.59e-18 (-12.25dB)
[@       45s] Timestep:         1935 || Speed:  347.9 MC/s (2.549e-02 s/TS) || Energy: ~1.24e-18 (-13.35dB)
[@       50s] Timestep:         2097 || Speed:  346.2 MC/s (2.561e-02 s/TS) || Energy: ~1.02e-18 (-14.20dB)
[@       54s] Timestep:         2259 || Speed:  351.5 MC/s (2.522e-02 s/TS) || Energy: ~8.24e-19 (-15.11dB)
[@       58s] Timestep:         2421 || Speed:  346.5 MC/s (2.559e-02 s/TS) || Energy: ~6.78e-19 (-15.96dB)
[@     1m02s] Timestep:         2583 || Speed:  344.1 MC/s (2.577e-02 s/TS) || Energy: ~5.45e-19 (-16.91dB)
[@     1m06s] Timestep:         2745 || Speed:  346.4 MC/s (2.560e-02 s/TS) || Energy: ~4.31e-19 (-17.92dB)
[@     1m10s] Timestep:         3006 || Speed:  558.1 MC/s (1.589e-02 s/TS) || Energy: ~3.05e-19 (-19.43dB)
[@     1m14s] Timestep:         3168 || Speed:  347.0 MC/s (2.555e-02 s/TS) || Energy: ~2.57e-19 (-20.16dB)
[@     1m18s] Timestep:         3330 || Speed:  349.3 MC/s (2.538e-02 s/TS) || Energy: ~2.39e-19 (-20.48dB)
[@     1m22s] Timestep:         3483 || Speed:  338.9 MC/s (2.616e-02 s/TS) || Energy: ~2.10e-19 (-21.05dB)
[@     1m27s] Timestep:         3645 || Speed:  350.1 MC/s (2.533e-02 s/TS) || Energy: ~1.82e-19 (-21.67dB)
[@     1m31s] Timestep:         3807 || Speed:  342.1 MC/s (2.591e-02 s/TS) || Energy: ~1.59e-19 (-22.26dB)
[@     1m35s] Timestep:         3969 || Speed:  340.6 MC/s (2.603e-02 s/TS) || Energy: ~1.30e-19 (-23.12dB)
[@     1m39s] Timestep:         4230 || Speed:  551.9 MC/s (1.607e-02 s/TS) || Energy: ~1.06e-19 (-24.02dB)
[@     1m43s] Timestep:         4392 || Speed:  352.9 MC/s (2.513e-02 s/TS) || Energy: ~9.60e-20 (-24.44dB)
[@     1m47s] Timestep:         4554 || Speed:  350.4 MC/s (2.530e-02 s/TS) || Energy: ~8.70e-20 (-24.88dB)
[@     1m51s] Timestep:         4716 || Speed:  346.2 MC/s (2.561e-02 s/TS) || Energy: ~8.25e-20 (-25.10dB)
[@     1m56s] Timestep:         4878 || Speed:  348.3 MC/s (2.546e-02 s/TS) || Energy: ~6.81e-20 (-25.94dB)
[@     2m00s] Timestep:         5040 || Speed:  345.5 MC/s (2.566e-02 s/TS) || Energy: ~5.40e-20 (-26.95dB)
[@     2m04s] Timestep:         5202 || Speed:  344.8 MC/s (2.572e-02 s/TS) || Energy: ~4.80e-20 (-27.45dB)
[@     2m08s] Timestep:         5463 || Speed:  555.5 MC/s (1.596e-02 s/TS) || Energy: ~3.75e-20 (-28.53dB)
[@     2m12s] Timestep:         5625 || Speed:  340.3 MC/s (2.605e-02 s/TS) || Energy: ~3.29e-20 (-29.09dB)
[@     2m16s] Timestep:         5787 || Speed:  348.8 MC/s (2.542e-02 s/TS) || Energy: ~3.55e-20 (-28.76dB)
[@     2m21s] Timestep:         5949 || Speed:  345.7 MC/s (2.565e-02 s/TS) || Energy: ~3.25e-20 (-29.15dB)
[@     2m25s] Timestep:         6111 || Speed:  350.8 MC/s (2.527e-02 s/TS) || Energy: ~2.82e-20 (-29.77dB)
[@     2m29s] Timestep:         6273 || Speed:  349.6 MC/s (2.536e-02 s/TS) || Energy: ~2.77e-20 (-29.85dB)
[@     2m33s] Timestep:         6435 || Speed:  344.6 MC/s (2.573e-02 s/TS) || Energy: ~2.37e-20 (-30.51dB)
[@     2m37s] Timestep:         6687 || Speed:  536.4 MC/s (1.653e-02 s/TS) || Energy: ~1.73e-20 (-31.90dB)
[@     2m41s] Timestep:         6849 || Speed:  350.6 MC/s (2.529e-02 s/TS) || Energy: ~1.44e-20 (-32.70dB)
[@     2m45s] Timestep:         7011 || Speed:  346.9 MC/s (2.556e-02 s/TS) || Energy: ~1.40e-20 (-32.82dB)
[@     2m50s] Timestep:         7173 || Speed:  346.5 MC/s (2.559e-02 s/TS) || Energy: ~1.54e-20 (-32.39dB)
[@     2m54s] Timestep:         7326 || Speed:  333.9 MC/s (2.656e-02 s/TS) || Energy: ~1.40e-20 (-32.81dB)
[@     2m58s] Timestep:         7488 || Speed:  350.4 MC/s (2.531e-02 s/TS) || Energy: ~1.04e-20 (-34.09dB)
[@     3m02s] Timestep:         7641 || Speed:  329.3 MC/s (2.693e-02 s/TS) || Energy: ~9.81e-21 (-34.35dB)
[@     3m06s] Timestep:         7902 || Speed:  558.2 MC/s (1.588e-02 s/TS) || Energy: ~8.49e-21 (-34.98dB)
[@     3m10s] Timestep:         8064 || Speed:  342.8 MC/s (2.587e-02 s/TS) || Energy: ~7.79e-21 (-35.35dB)
[@     3m14s] Timestep:         8226 || Speed:  349.1 MC/s (2.540e-02 s/TS) || Energy: ~7.46e-21 (-35.54dB)
[@     3m18s] Timestep:         8388 || Speed:  351.0 MC/s (2.526e-02 s/TS) || Energy: ~6.55e-21 (-36.11dB)
[@     3m23s] Timestep:         8550 || Speed:  344.6 MC/s (2.573e-02 s/TS) || Energy: ~6.72e-21 (-35.99dB)
[@     3m27s] Timestep:         8712 || Speed:  352.6 MC/s (2.515e-02 s/TS) || Energy: ~6.82e-21 (-35.93dB)
[@     3m31s] Timestep:         8865 || Speed:  335.2 MC/s (2.645e-02 s/TS) || Energy: ~4.26e-21 (-37.98dB)
[@     3m35s] Timestep:         9027 || Speed:  348.2 MC/s (2.546e-02 s/TS) || Energy: ~3.76e-21 (-38.52dB)
[@     3m39s] Timestep:         9288 || Speed:  550.1 MC/s (1.612e-02 s/TS) || Energy: ~3.62e-21 (-38.69dB)
[@     3m43s] Timestep:         9450 || Speed:  349.5 MC/s (2.537e-02 s/TS) || Energy: ~3.60e-21 (-38.71dB)
[@     3m47s] Timestep:         9603 || Speed:  329.2 MC/s (2.694e-02 s/TS) || Energy: ~3.97e-21 (-38.28dB)
[@     3m51s] Timestep:         9756 || Speed:  329.2 MC/s (2.694e-02 s/TS) || Energy: ~2.99e-21 (-39.51dB)
[@     3m56s] Timestep:         9918 || Speed:  341.9 MC/s (2.593e-02 s/TS) || Energy: ~2.55e-21 (-40.20dB)
[@     4m00s] Timestep:        10071 || Speed:  337.4 MC/s (2.628e-02 s/TS) || Energy: ~2.59e-21 (-40.14dB)
[@     4m04s] Timestep:        10233 || Speed:  344.2 MC/s (2.576e-02 s/TS) || Energy: ~2.29e-21 (-40.66dB)
[@     4m08s] Timestep:        10494 || Speed:  556.4 MC/s (1.594e-02 s/TS) || Energy: ~2.05e-21 (-41.14dB)
[@     4m12s] Timestep:        10656 || Speed:  343.9 MC/s (2.578e-02 s/TS) || Energy: ~2.03e-21 (-41.20dB)
[@     4m16s] Timestep:        10818 || Speed:  347.6 MC/s (2.551e-02 s/TS) || Energy: ~1.71e-21 (-41.95dB)
[@     4m20s] Timestep:        10980 || Speed:  342.2 MC/s (2.591e-02 s/TS) || Energy: ~1.59e-21 (-42.25dB)
[@     4m25s] Timestep:        11142 || Speed:  346.8 MC/s (2.557e-02 s/TS) || Energy: ~1.46e-21 (-42.62dB)
[@     4m29s] Timestep:        11304 || Speed:  345.0 MC/s (2.570e-02 s/TS) || Energy: ~1.20e-21 (-43.48dB)
[@     4m33s] Timestep:        11466 || Speed:  346.4 MC/s (2.560e-02 s/TS) || Energy: ~1.14e-21 (-43.70dB)
[@     4m37s] Timestep:        11727 || Speed:  550.6 MC/s (1.610e-02 s/TS) || Energy: ~1.06e-21 (-44.00dB)
[@     4m41s] Timestep:        11889 || Speed:  346.4 MC/s (2.560e-02 s/TS) || Energy: ~1.01e-21 (-44.25dB)
[@     4m45s] Timestep:        12042 || Speed:  336.1 MC/s (2.638e-02 s/TS) || Energy: ~9.95e-22 (-44.29dB)
[@     4m49s] Timestep:        12204 || Speed:  349.5 MC/s (2.537e-02 s/TS) || Energy: ~7.99e-22 (-45.24dB)
[@     4m53s] Timestep:        12366 || Speed:  351.0 MC/s (2.526e-02 s/TS) || Energy: ~6.72e-22 (-46.00dB)
[@     4m58s] Timestep:        12528 || Speed:  347.1 MC/s (2.555e-02 s/TS) || Energy: ~7.00e-22 (-45.82dB)
[@     5m02s] Timestep:        12690 || Speed:  347.5 MC/s (2.551e-02 s/TS) || Energy: ~6.48e-22 (-46.15dB)
[@     5m06s] Timestep:        12951 || Speed:  558.9 MC/s (1.586e-02 s/TS) || Energy: ~5.26e-22 (-47.06dB)
[@     5m10s] Timestep:        13104 || Speed:  338.4 MC/s (2.620e-02 s/TS) || Energy: ~5.81e-22 (-46.63dB)
[@     5m14s] Timestep:        13266 || Speed:  338.6 MC/s (2.618e-02 s/TS) || Energy: ~4.71e-22 (-47.54dB)
[@     5m18s] Timestep:        13428 || Speed:  340.3 MC/s (2.605e-02 s/TS) || Energy: ~4.22e-22 (-48.02dB)
[@     5m22s] Timestep:        13590 || Speed:  345.6 MC/s (2.565e-02 s/TS) || Energy: ~3.84e-22 (-48.43dB)
[@     5m27s] Timestep:        13752 || Speed:  347.3 MC/s (2.553e-02 s/TS) || Energy: ~3.14e-22 (-49.29dB)
[@     5m31s] Timestep:        13914 || Speed:  347.7 MC/s (2.550e-02 s/TS) || Energy: ~3.17e-22 (-49.25dB)
[@     5m35s] Timestep:        14175 || Speed:  556.5 MC/s (1.593e-02 s/TS) || Energy: ~3.00e-22 (-49.50dB)
[@     5m39s] Timestep:        14337 || Speed:  344.3 MC/s (2.575e-02 s/TS) || Energy: ~2.54e-22 (-50.21dB)
Time for 14337 iterations with 8866385.00 cells : 339.56 sec
Speed: 374.36 MCells/s 
    [excite port 11/24]
 ---------------------------------------------------------------------- 
 | openEMS 64bit -- version v0.37.0-rc1-2-g7b051bb
 | (C) 2010-2026 Thorsten Liebig <thorsten.liebig@gmx.de>  GPL license
 ---------------------------------------------------------------------- 
	Used external libraries:
		CSXCAD -- Version: v0.7.0-rc1-1-g5115701
		hdf5   -- Version: 1.10.10
		          compiled against: HDF5 library version: 1.10.10
		tinyxml -- compiled against: 2.6.2
		fparser
		boost  -- compiled against: 1_83
		vtk -- Version: 9.1.0
		       compiled against: 9.1.0

Create FDTD operator (compressed SSE + multi-threading)
FDTD simulation size: 163x215x253 --> 8866385.00 FDTD cells 
FDTD timestep is: 0.00 s; Nyquist rate: 36 timesteps @101341000663.00 Hz
Excitation signal length is: 420 timesteps (0.00s)
Max. number of timesteps: 30000 ( --> 71.43 * Excitation signal length)
Create FDTD engine (compressed SSE + multi-threading)
Running FDTD engine... this may take a while... grab a cup of coffee?!?
[@        4s] Timestep:          162 || Speed:  341.3 MC/s (2.598e-02 s/TS) || Energy: ~3.02e-18 (- 0.00dB)
[@        8s] Timestep:          324 || Speed:  348.7 MC/s (2.543e-02 s/TS) || Energy: ~2.75e-17 (- 0.00dB)
[@       12s] Timestep:          495 || Speed:  369.5 MC/s (2.400e-02 s/TS) || Energy: ~1.88e-17 (- 1.65dB)
[@       16s] Timestep:          666 || Speed:  367.1 MC/s (2.415e-02 s/TS) || Energy: ~1.37e-17 (- 3.04dB)
Multithreaded Engine: Best performance found using 3 threads.
[@       20s] Timestep:          828 || Speed:  358.0 MC/s (2.476e-02 s/TS) || Energy: ~1.06e-17 (- 4.15dB)
[@       24s] Timestep:          990 || Speed:  358.7 MC/s (2.472e-02 s/TS) || Energy: ~7.62e-18 (- 5.57dB)
[@       28s] Timestep:         1161 || Speed:  366.5 MC/s (2.419e-02 s/TS) || Energy: ~5.04e-18 (- 7.36dB)
[@       32s] Timestep:         1323 || Speed:  354.4 MC/s (2.502e-02 s/TS) || Energy: ~3.33e-18 (- 9.16dB)
[@       36s] Timestep:         1593 || Speed:  578.1 MC/s (1.534e-02 s/TS) || Energy: ~2.15e-18 (-11.07dB)
[@       40s] Timestep:         1755 || Speed:  358.0 MC/s (2.476e-02 s/TS) || Energy: ~1.65e-18 (-12.21dB)
[@       45s] Timestep:         1926 || Speed:  367.8 MC/s (2.411e-02 s/TS) || Energy: ~1.19e-18 (-13.62dB)
[@       49s] Timestep:         2088 || Speed:  357.1 MC/s (2.483e-02 s/TS) || Energy: ~9.48e-19 (-14.62dB)
[@       53s] Timestep:         2259 || Speed:  366.1 MC/s (2.422e-02 s/TS) || Energy: ~7.18e-19 (-15.83dB)
[@       57s] Timestep:         2430 || Speed:  369.9 MC/s (2.397e-02 s/TS) || Energy: ~5.67e-19 (-16.85dB)
[@     1m01s] Timestep:         2601 || Speed:  363.9 MC/s (2.437e-02 s/TS) || Energy: ~4.61e-19 (-17.75dB)
[@     1m05s] Timestep:         2871 || Speed:  567.9 MC/s (1.561e-02 s/TS) || Energy: ~3.34e-19 (-19.15dB)
[@     1m09s] Timestep:         3033 || Speed:  356.4 MC/s (2.488e-02 s/TS) || Energy: ~2.55e-19 (-20.32dB)
[@     1m13s] Timestep:         3195 || Speed:  356.3 MC/s (2.489e-02 s/TS) || Energy: ~2.24e-19 (-20.88dB)
[@     1m17s] Timestep:         3366 || Speed:  360.5 MC/s (2.460e-02 s/TS) || Energy: ~2.03e-19 (-21.30dB)
[@     1m22s] Timestep:         3537 || Speed:  366.8 MC/s (2.417e-02 s/TS) || Energy: ~1.75e-19 (-21.97dB)
[@     1m26s] Timestep:         3708 || Speed:  365.9 MC/s (2.423e-02 s/TS) || Energy: ~1.50e-19 (-22.62dB)
[@     1m30s] Timestep:         3879 || Speed:  362.8 MC/s (2.444e-02 s/TS) || Energy: ~1.32e-19 (-23.18dB)
[@     1m34s] Timestep:         4149 || Speed:  578.6 MC/s (1.532e-02 s/TS) || Energy: ~1.07e-19 (-24.11dB)
[@     1m38s] Timestep:         4320 || Speed:  366.3 MC/s (2.421e-02 s/TS) || Energy: ~8.73e-20 (-24.98dB)
[@     1m42s] Timestep:         4491 || Speed:  372.1 MC/s (2.383e-02 s/TS) || Energy: ~6.99e-20 (-25.95dB)
[@     1m46s] Timestep:         4662 || Speed:  371.4 MC/s (2.387e-02 s/TS) || Energy: ~7.00e-20 (-25.94dB)
[@     1m50s] Timestep:         4833 || Speed:  370.1 MC/s (2.396e-02 s/TS) || Energy: ~6.55e-20 (-26.23dB)
[@     1m55s] Timestep:         5004 || Speed:  366.5 MC/s (2.419e-02 s/TS) || Energy: ~5.90e-20 (-26.68dB)
[@     1m59s] Timestep:         5166 || Speed:  350.5 MC/s (2.530e-02 s/TS) || Energy: ~5.39e-20 (-27.08dB)
[@     2m03s] Timestep:         5436 || Speed:  579.0 MC/s (1.531e-02 s/TS) || Energy: ~4.33e-20 (-28.02dB)
[@     2m07s] Timestep:         5598 || Speed:  356.4 MC/s (2.488e-02 s/TS) || Energy: ~3.61e-20 (-28.81dB)
[@     2m11s] Timestep:         5769 || Speed:  365.7 MC/s (2.425e-02 s/TS) || Energy: ~3.15e-20 (-29.41dB)
[@     2m15s] Timestep:         5940 || Speed:  362.1 MC/s (2.449e-02 s/TS) || Energy: ~3.20e-20 (-29.33dB)
[@     2m19s] Timestep:         6111 || Speed:  368.1 MC/s (2.409e-02 s/TS) || Energy: ~2.77e-20 (-29.96dB)
[@     2m23s] Timestep:         6282 || Speed:  361.6 MC/s (2.452e-02 s/TS) || Energy: ~2.20e-20 (-30.97dB)
[@     2m27s] Timestep:         6444 || Speed:  358.0 MC/s (2.476e-02 s/TS) || Energy: ~2.34e-20 (-30.70dB)
[@     2m32s] Timestep:         6714 || Speed:  594.0 MC/s (1.493e-02 s/TS) || Energy: ~2.05e-20 (-31.26dB)
[@     2m36s] Timestep:         6885 || Speed:  365.7 MC/s (2.424e-02 s/TS) || Energy: ~1.77e-20 (-31.90dB)
[@     2m40s] Timestep:         7047 || Speed:  357.0 MC/s (2.484e-02 s/TS) || Energy: ~1.26e-20 (-33.40dB)
[@     2m44s] Timestep:         7218 || Speed:  365.1 MC/s (2.428e-02 s/TS) || Energy: ~1.30e-20 (-33.25dB)
[@     2m48s] Timestep:         7389 || Speed:  372.8 MC/s (2.378e-02 s/TS) || Energy: ~1.29e-20 (-33.27dB)
[@     2m52s] Timestep:         7560 || Speed:  363.2 MC/s (2.441e-02 s/TS) || Energy: ~1.10e-20 (-33.96dB)
[@     2m56s] Timestep:         7731 || Speed:  362.2 MC/s (2.448e-02 s/TS) || Energy: ~1.07e-20 (-34.10dB)
[@     3m00s] Timestep:         7893 || Speed:  350.0 MC/s (2.533e-02 s/TS) || Energy: ~9.32e-21 (-34.69dB)
[@     3m04s] Timestep:         8154 || Speed:  572.4 MC/s (1.549e-02 s/TS) || Energy: ~8.39e-21 (-35.15dB)
[@     3m09s] Timestep:         8325 || Speed:  363.7 MC/s (2.438e-02 s/TS) || Energy: ~7.63e-21 (-35.57dB)
[@     3m13s] Timestep:         8496 || Speed:  366.6 MC/s (2.418e-02 s/TS) || Energy: ~7.31e-21 (-35.75dB)
[@     3m17s] Timestep:         8667 || Speed:  361.5 MC/s (2.453e-02 s/TS) || Energy: ~6.63e-21 (-36.17dB)
[@     3m21s] Timestep:         8829 || Speed:  353.7 MC/s (2.507e-02 s/TS) || Energy: ~5.24e-21 (-37.19dB)
[@     3m25s] Timestep:         8991 || Speed:  355.1 MC/s (2.497e-02 s/TS) || Energy: ~5.33e-21 (-37.12dB)
[@     3m29s] Timestep:         9162 || Speed:  373.9 MC/s (2.371e-02 s/TS) || Energy: ~4.50e-21 (-37.85dB)
[@     3m33s] Timestep:         9432 || Speed:  571.7 MC/s (1.551e-02 s/TS) || Energy: ~4.08e-21 (-38.28dB)
[@     3m37s] Timestep:         9603 || Speed:  362.5 MC/s (2.446e-02 s/TS) || Energy: ~3.98e-21 (-38.40dB)
[@     3m42s] Timestep:         9774 || Speed:  362.9 MC/s (2.443e-02 s/TS) || Energy: ~3.93e-21 (-38.45dB)
[@     3m46s] Timestep:         9936 || Speed:  353.5 MC/s (2.508e-02 s/TS) || Energy: ~3.32e-21 (-39.17dB)
[@     3m50s] Timestep:        10107 || Speed:  361.6 MC/s (2.452e-02 s/TS) || Energy: ~2.56e-21 (-40.30dB)
[@     3m54s] Timestep:        10278 || Speed:  362.6 MC/s (2.446e-02 s/TS) || Energy: ~2.59e-21 (-40.26dB)
[@     3m58s] Timestep:        10440 || Speed:  356.9 MC/s (2.484e-02 s/TS) || Energy: ~2.36e-21 (-40.67dB)
[@     4m02s] Timestep:        10710 || Speed:  573.2 MC/s (1.547e-02 s/TS) || Energy: ~2.08e-21 (-41.20dB)
[@     4m06s] Timestep:        10881 || Speed:  365.6 MC/s (2.425e-02 s/TS) || Energy: ~1.97e-21 (-41.44dB)
[@     4m10s] Timestep:        11052 || Speed:  372.9 MC/s (2.378e-02 s/TS) || Energy: ~1.85e-21 (-41.71dB)
[@     4m15s] Timestep:        11223 || Speed:  370.2 MC/s (2.395e-02 s/TS) || Energy: ~1.82e-21 (-41.79dB)
[@     4m19s] Timestep:        11385 || Speed:  355.0 MC/s (2.497e-02 s/TS) || Energy: ~1.49e-21 (-42.67dB)
[@     4m23s] Timestep:        11547 || Speed:  354.8 MC/s (2.499e-02 s/TS) || Energy: ~1.45e-21 (-42.78dB)
[@     4m27s] Timestep:        11718 || Speed:  366.6 MC/s (2.419e-02 s/TS) || Energy: ~1.22e-21 (-43.53dB)
[@     4m31s] Timestep:        11988 || Speed:  589.7 MC/s (1.503e-02 s/TS) || Energy: ~1.14e-21 (-43.82dB)
[@     4m35s] Timestep:        12150 || Speed:  357.5 MC/s (2.480e-02 s/TS) || Energy: ~1.13e-21 (-43.86dB)
[@     4m39s] Timestep:        12312 || Speed:  356.2 MC/s (2.489e-02 s/TS) || Energy: ~8.76e-22 (-44.97dB)
[@     4m43s] Timestep:        12474 || Speed:  357.2 MC/s (2.482e-02 s/TS) || Energy: ~7.45e-22 (-45.67dB)
[@     4m47s] Timestep:        12636 || Speed:  355.6 MC/s (2.493e-02 s/TS) || Energy: ~8.47e-22 (-45.11dB)
[@     4m51s] Timestep:        12807 || Speed:  359.3 MC/s (2.467e-02 s/TS) || Energy: ~8.38e-22 (-45.16dB)
[@     4m55s] Timestep:        12978 || Speed:  368.0 MC/s (2.410e-02 s/TS) || Energy: ~6.21e-22 (-46.46dB)
[@     4m59s] Timestep:        13149 || Speed:  363.4 MC/s (2.440e-02 s/TS) || Energy: ~5.74e-22 (-46.80dB)
[@     5m04s] Timestep:        13419 || Speed:  567.7 MC/s (1.562e-02 s/TS) || Energy: ~5.09e-22 (-47.32dB)
[@     5m08s] Timestep:        13590 || Speed:  361.3 MC/s (2.454e-02 s/TS) || Energy: ~4.62e-22 (-47.75dB)
[@     5m12s] Timestep:        13752 || Speed:  355.2 MC/s (2.496e-02 s/TS) || Energy: ~4.34e-22 (-48.01dB)
[@     5m16s] Timestep:        13923 || Speed:  362.4 MC/s (2.447e-02 s/TS) || Energy: ~3.97e-22 (-48.40dB)
[@     5m20s] Timestep:        14094 || Speed:  360.9 MC/s (2.457e-02 s/TS) || Energy: ~4.41e-22 (-47.94dB)
[@     5m24s] Timestep:        14256 || Speed:  354.9 MC/s (2.498e-02 s/TS) || Energy: ~3.69e-22 (-48.72dB)
[@     5m28s] Timestep:        14418 || Speed:  358.0 MC/s (2.477e-02 s/TS) || Energy: ~3.26e-22 (-49.26dB)
[@     5m33s] Timestep:        14688 || Speed:  571.5 MC/s (1.551e-02 s/TS) || Energy: ~2.66e-22 (-50.14dB)
Time for 14688 iterations with 8866385.00 cells : 333.09 sec
Speed: 390.98 MCells/s 
    [excite port 12/24]
 ---------------------------------------------------------------------- 
 | openEMS 64bit -- version v0.37.0-rc1-2-g7b051bb
 | (C) 2010-2026 Thorsten Liebig <thorsten.liebig@gmx.de>  GPL license
 ---------------------------------------------------------------------- 
	Used external libraries:
		CSXCAD -- Version: v0.7.0-rc1-1-g5115701
		hdf5   -- Version: 1.10.10
		          compiled against: HDF5 library version: 1.10.10
		tinyxml -- compiled against: 2.6.2
		fparser
		boost  -- compiled against: 1_83
		vtk -- Version: 9.1.0
		       compiled against: 9.1.0

Create FDTD operator (compressed SSE + multi-threading)
FDTD simulation size: 163x215x253 --> 8866385.00 FDTD cells 
FDTD timestep is: 0.00 s; Nyquist rate: 36 timesteps @101341000663.00 Hz
Excitation signal length is: 420 timesteps (0.00s)
Max. number of timesteps: 30000 ( --> 71.43 * Excitation signal length)
Create FDTD engine (compressed SSE + multi-threading)
Running FDTD engine... this may take a while... grab a cup of coffee?!?
[@        4s] Timestep:           99 || Speed:  218.8 MC/s (4.052e-02 s/TS) || Energy: ~1.04e-20 (- 0.00dB)
[@        8s] Timestep:          360 || Speed:  549.6 MC/s (1.613e-02 s/TS) || Energy: ~2.79e-17 (- 0.00dB)
[@       12s] Timestep:          522 || Speed:  353.5 MC/s (2.508e-02 s/TS) || Energy: ~1.85e-17 (- 1.78dB)
Multithreaded Engine: Best performance found using 2 threads.
[@       16s] Timestep:          684 || Speed:  350.9 MC/s (2.527e-02 s/TS) || Energy: ~1.26e-17 (- 3.44dB)
[@       20s] Timestep:          846 || Speed:  348.0 MC/s (2.548e-02 s/TS) || Energy: ~1.00e-17 (- 4.44dB)
[@       24s] Timestep:         1008 || Speed:  348.8 MC/s (2.542e-02 s/TS) || Energy: ~7.63e-18 (- 5.63dB)
[@       28s] Timestep:         1161 || Speed:  335.9 MC/s (2.640e-02 s/TS) || Energy: ~5.49e-18 (- 7.07dB)
[@       32s] Timestep:         1323 || Speed:  345.7 MC/s (2.565e-02 s/TS) || Energy: ~3.84e-18 (- 8.62dB)
[@       37s] Timestep:         1584 || Speed:  551.6 MC/s (1.607e-02 s/TS) || Energy: ~2.30e-18 (-10.84dB)
[@       41s] Timestep:         1746 || Speed:  350.7 MC/s (2.528e-02 s/TS) || Energy: ~1.77e-18 (-11.97dB)
[@       45s] Timestep:         1908 || Speed:  349.9 MC/s (2.534e-02 s/TS) || Energy: ~1.45e-18 (-12.85dB)
[@       49s] Timestep:         2070 || Speed:  354.0 MC/s (2.505e-02 s/TS) || Energy: ~1.15e-18 (-13.85dB)
[@       53s] Timestep:         2232 || Speed:  341.8 MC/s (2.594e-02 s/TS) || Energy: ~9.00e-19 (-14.92dB)
[@       57s] Timestep:         2394 || Speed:  342.0 MC/s (2.593e-02 s/TS) || Energy: ~7.08e-19 (-15.96dB)
[@     1m01s] Timestep:         2556 || Speed:  354.1 MC/s (2.504e-02 s/TS) || Energy: ~5.42e-19 (-17.12dB)
[@     1m05s] Timestep:         2817 || Speed:  556.0 MC/s (1.595e-02 s/TS) || Energy: ~3.72e-19 (-18.76dB)
[@     1m10s] Timestep:         2979 || Speed:  348.3 MC/s (2.546e-02 s/TS) || Energy: ~3.02e-19 (-19.65dB)
[@     1m14s] Timestep:         3141 || Speed:  351.1 MC/s (2.525e-02 s/TS) || Energy: ~2.76e-19 (-20.06dB)
[@     1m18s] Timestep:         3303 || Speed:  346.4 MC/s (2.560e-02 s/TS) || Energy: ~2.41e-19 (-20.64dB)
[@     1m22s] Timestep:         3465 || Speed:  349.8 MC/s (2.535e-02 s/TS) || Energy: ~2.09e-19 (-21.26dB)
[@     1m26s] Timestep:         3627 || Speed:  346.2 MC/s (2.561e-02 s/TS) || Energy: ~1.65e-19 (-22.28dB)
[@     1m30s] Timestep:         3789 || Speed:  350.1 MC/s (2.532e-02 s/TS) || Energy: ~1.26e-19 (-23.47dB)
[@     1m34s] Timestep:         4050 || Speed:  552.3 MC/s (1.605e-02 s/TS) || Energy: ~1.01e-19 (-24.42dB)
[@     1m38s] Timestep:         4212 || Speed:  352.5 MC/s (2.515e-02 s/TS) || Energy: ~8.72e-20 (-25.05dB)
[@     1m43s] Timestep:         4374 || Speed:  345.3 MC/s (2.568e-02 s/TS) || Energy: ~8.48e-20 (-25.18dB)
[@     1m47s] Timestep:         4536 || Speed:  348.5 MC/s (2.544e-02 s/TS) || Energy: ~8.19e-20 (-25.33dB)
[@     1m51s] Timestep:         4698 || Speed:  351.2 MC/s (2.524e-02 s/TS) || Energy: ~6.54e-20 (-26.31dB)
[@     1m55s] Timestep:         4860 || Speed:  347.4 MC/s (2.552e-02 s/TS) || Energy: ~5.32e-20 (-27.20dB)
[@     1m59s] Timestep:         5013 || Speed:  335.7 MC/s (2.641e-02 s/TS) || Energy: ~5.12e-20 (-27.36dB)
[@     2m03s] Timestep:         5274 || Speed:  550.5 MC/s (1.611e-02 s/TS) || Energy: ~4.04e-20 (-28.40dB)
[@     2m07s] Timestep:         5436 || Speed:  348.8 MC/s (2.542e-02 s/TS) || Energy: ~3.63e-20 (-28.86dB)
[@     2m11s] Timestep:         5598 || Speed:  347.6 MC/s (2.551e-02 s/TS) || Energy: ~3.42e-20 (-29.12dB)
[@     2m15s] Timestep:         5760 || Speed:  350.6 MC/s (2.529e-02 s/TS) || Energy: ~3.14e-20 (-29.49dB)
[@     2m20s] Timestep:         5922 || Speed:  345.2 MC/s (2.569e-02 s/TS) || Energy: ~3.02e-20 (-29.66dB)
[@     2m24s] Timestep:         6084 || Speed:  346.3 MC/s (2.561e-02 s/TS) || Energy: ~2.56e-20 (-30.37dB)
[@     2m28s] Timestep:         6237 || Speed:  335.1 MC/s (2.646e-02 s/TS) || Energy: ~1.89e-20 (-31.69dB)
[@     2m32s] Timestep:         6399 || Speed:  343.9 MC/s (2.578e-02 s/TS) || Energy: ~1.77e-20 (-31.98dB)
[@     2m36s] Timestep:         6660 || Speed:  556.8 MC/s (1.592e-02 s/TS) || Energy: ~1.47e-20 (-32.79dB)
[@     2m40s] Timestep:         6822 || Speed:  352.3 MC/s (2.517e-02 s/TS) || Energy: ~1.73e-20 (-32.09dB)
[@     2m44s] Timestep:         6984 || Speed:  350.1 MC/s (2.533e-02 s/TS) || Energy: ~1.69e-20 (-32.17dB)
[@     2m48s] Timestep:         7146 || Speed:  351.8 MC/s (2.520e-02 s/TS) || Energy: ~1.24e-20 (-33.53dB)
[@     2m53s] Timestep:         7308 || Speed:  345.1 MC/s (2.569e-02 s/TS) || Energy: ~9.80e-21 (-34.55dB)
[@     2m57s] Timestep:         7470 || Speed:  344.5 MC/s (2.574e-02 s/TS) || Energy: ~9.61e-21 (-34.63dB)
[@     3m01s] Timestep:         7632 || Speed:  344.7 MC/s (2.572e-02 s/TS) || Energy: ~9.10e-21 (-34.87dB)
[@     3m05s] Timestep:         7893 || Speed:  550.1 MC/s (1.612e-02 s/TS) || Energy: ~8.05e-21 (-35.40dB)
[@     3m09s] Timestep:         8055 || Speed:  342.9 MC/s (2.586e-02 s/TS) || Energy: ~6.85e-21 (-36.10dB)
[@     3m13s] Timestep:         8217 || Speed:  351.3 MC/s (2.524e-02 s/TS) || Energy: ~6.05e-21 (-36.64dB)
[@     3m18s] Timestep:         8379 || Speed:  343.2 MC/s (2.584e-02 s/TS) || Energy: ~6.32e-21 (-36.45dB)
[@     3m22s] Timestep:         8541 || Speed:  341.7 MC/s (2.594e-02 s/TS) || Energy: ~6.15e-21 (-36.57dB)
[@     3m26s] Timestep:         8703 || Speed:  349.1 MC/s (2.539e-02 s/TS) || Energy: ~5.04e-21 (-37.44dB)
[@     3m30s] Timestep:         8865 || Speed:  345.8 MC/s (2.564e-02 s/TS) || Energy: ~4.12e-21 (-38.31dB)
[@     3m34s] Timestep:         9126 || Speed:  557.8 MC/s (1.590e-02 s/TS) || Energy: ~3.29e-21 (-39.28dB)
[@     3m38s] Timestep:         9288 || Speed:  348.3 MC/s (2.546e-02 s/TS) || Energy: ~3.14e-21 (-39.49dB)
[@     3m42s] Timestep:         9450 || Speed:  349.9 MC/s (2.534e-02 s/TS) || Energy: ~3.50e-21 (-39.02dB)
[@     3m46s] Timestep:         9603 || Speed:  336.7 MC/s (2.633e-02 s/TS) || Energy: ~3.11e-21 (-39.54dB)
[@     3m51s] Timestep:         9765 || Speed:  350.0 MC/s (2.534e-02 s/TS) || Energy: ~2.62e-21 (-40.28dB)
[@     3m55s] Timestep:         9927 || Speed:  346.5 MC/s (2.559e-02 s/TS) || Energy: ~2.36e-21 (-40.73dB)
[@     3m59s] Timestep:        10089 || Speed:  351.4 MC/s (2.523e-02 s/TS) || Energy: ~2.14e-21 (-41.16dB)
[@     4m03s] Timestep:        10350 || Speed:  553.5 MC/s (1.602e-02 s/TS) || Energy: ~1.99e-21 (-41.47dB)
[@     4m07s] Timestep:        10512 || Speed:  348.6 MC/s (2.543e-02 s/TS) || Energy: ~1.89e-21 (-41.68dB)
[@     4m11s] Timestep:        10674 || Speed:  350.0 MC/s (2.533e-02 s/TS) || Energy: ~1.61e-21 (-42.39dB)
[@     4m15s] Timestep:        10836 || Speed:  350.0 MC/s (2.533e-02 s/TS) || Energy: ~1.44e-21 (-42.86dB)
[@     4m19s] Timestep:        10998 || Speed:  348.7 MC/s (2.542e-02 s/TS) || Energy: ~1.30e-21 (-43.31dB)
[@     4m24s] Timestep:        11160 || Speed:  347.0 MC/s (2.555e-02 s/TS) || Energy: ~1.37e-21 (-43.10dB)
[@     4m28s] Timestep:        11322 || Speed:  348.7 MC/s (2.543e-02 s/TS) || Energy: ~1.40e-21 (-43.00dB)
[@     4m32s] Timestep:        11484 || Speed:  344.6 MC/s (2.573e-02 s/TS) || Energy: ~1.03e-21 (-44.33dB)
[@     4m36s] Timestep:        11736 || Speed:  553.7 MC/s (1.601e-02 s/TS) || Energy: ~8.05e-22 (-45.40dB)
[@     4m40s] Timestep:        11898 || Speed:  347.5 MC/s (2.552e-02 s/TS) || Energy: ~9.49e-22 (-44.69dB)
[@     4m44s] Timestep:        12060 || Speed:  350.3 MC/s (2.531e-02 s/TS) || Energy: ~9.50e-22 (-44.68dB)
[@     4m48s] Timestep:        12222 || Speed:  349.3 MC/s (2.539e-02 s/TS) || Energy: ~7.98e-22 (-45.44dB)
[@     4m52s] Timestep:        12375 || Speed:  335.8 MC/s (2.640e-02 s/TS) || Energy: ~6.36e-22 (-46.42dB)
[@     4m56s] Timestep:        12537 || Speed:  349.5 MC/s (2.537e-02 s/TS) || Energy: ~6.59e-22 (-46.27dB)
[@     5m00s] Timestep:        12699 || Speed:  351.9 MC/s (2.519e-02 s/TS) || Energy: ~6.54e-22 (-46.30dB)
[@     5m05s] Timestep:        12951 || Speed:  553.3 MC/s (1.602e-02 s/TS) || Energy: ~5.05e-22 (-47.43dB)
[@     5m09s] Timestep:        13113 || Speed:  340.8 MC/s (2.601e-02 s/TS) || Energy: ~4.53e-22 (-47.90dB)
[@     5m13s] Timestep:        13275 || Speed:  348.8 MC/s (2.542e-02 s/TS) || Energy: ~4.42e-22 (-48.00dB)
[@     5m17s] Timestep:        13437 || Speed:  347.2 MC/s (2.554e-02 s/TS) || Energy: ~4.18e-22 (-48.25dB)
[@     5m21s] Timestep:        13599 || Speed:  349.9 MC/s (2.534e-02 s/TS) || Energy: ~3.95e-22 (-48.49dB)
[@     5m25s] Timestep:        13761 || Speed:  350.9 MC/s (2.527e-02 s/TS) || Energy: ~3.21e-22 (-49.39dB)
[@     5m29s] Timestep:        13923 || Speed:  348.4 MC/s (2.545e-02 s/TS) || Energy: ~2.36e-22 (-50.73dB)
Time for 13923 iterations with 8866385.00 cells : 329.82 sec
Speed: 374.29 MCells/s 
    [excite port 13/24]
 ---------------------------------------------------------------------- 
 | openEMS 64bit -- version v0.37.0-rc1-2-g7b051bb
 | (C) 2010-2026 Thorsten Liebig <thorsten.liebig@gmx.de>  GPL license
 ---------------------------------------------------------------------- 
	Used external libraries:
		CSXCAD -- Version: v0.7.0-rc1-1-g5115701
		hdf5   -- Version: 1.10.10
		          compiled against: HDF5 library version: 1.10.10
		tinyxml -- compiled against: 2.6.2
		fparser
		boost  -- compiled against: 1_83
		vtk -- Version: 9.1.0
		       compiled against: 9.1.0

Create FDTD operator (compressed SSE + multi-threading)
FDTD simulation size: 163x215x253 --> 8866385.00 FDTD cells 
FDTD timestep is: 0.00 s; Nyquist rate: 36 timesteps @101341000663.00 Hz
Excitation signal length is: 420 timesteps (0.00s)
Max. number of timesteps: 30000 ( --> 71.43 * Excitation signal length)
Create FDTD engine (compressed SSE + multi-threading)
Running FDTD engine... this may take a while... grab a cup of coffee?!?
[@        4s] Timestep:           99 || Speed:  215.9 MC/s (4.106e-02 s/TS) || Energy: ~1.03e-20 (- 0.00dB)
[@        8s] Timestep:          261 || Speed:  346.6 MC/s (2.558e-02 s/TS) || Energy: ~2.88e-17 (- 0.00dB)
[@       12s] Timestep:          432 || Speed:  378.4 MC/s (2.343e-02 s/TS) || Energy: ~2.08e-17 (- 1.40dB)
[@       16s] Timestep:          702 || Speed:  586.3 MC/s (1.512e-02 s/TS) || Energy: ~9.53e-18 (- 4.80dB)
[@       20s] Timestep:          882 || Speed:  381.9 MC/s (2.322e-02 s/TS) || Energy: ~5.95e-18 (- 6.84dB)
Multithreaded Engine: Best performance found using 4 threads.
[@       24s] Timestep:         1053 || Speed:  361.5 MC/s (2.453e-02 s/TS) || Energy: ~3.92e-18 (- 8.65dB)
[@       28s] Timestep:         1224 || Speed:  370.2 MC/s (2.395e-02 s/TS) || Energy: ~2.55e-18 (-10.53dB)
[@       32s] Timestep:         1395 || Speed:  370.0 MC/s (2.396e-02 s/TS) || Energy: ~1.87e-18 (-11.88dB)
[@       36s] Timestep:         1566 || Speed:  370.6 MC/s (2.393e-02 s/TS) || Energy: ~1.35e-18 (-13.30dB)
[@       41s] Timestep:         1737 || Speed:  370.0 MC/s (2.396e-02 s/TS) || Energy: ~9.91e-19 (-14.63dB)
[@       45s] Timestep:         1908 || Speed:  371.7 MC/s (2.385e-02 s/TS) || Energy: ~7.40e-19 (-15.90dB)
[@       49s] Timestep:         2187 || Speed:  595.2 MC/s (1.490e-02 s/TS) || Energy: ~5.01e-19 (-17.59dB)
[@       53s] Timestep:         2358 || Speed:  366.6 MC/s (2.418e-02 s/TS) || Energy: ~3.95e-19 (-18.62dB)
[@       57s] Timestep:         2529 || Speed:  366.3 MC/s (2.420e-02 s/TS) || Energy: ~3.43e-19 (-19.23dB)
[@     1m01s] Timestep:         2700 || Speed:  372.8 MC/s (2.379e-02 s/TS) || Energy: ~2.99e-19 (-19.84dB)
[@     1m05s] Timestep:         2871 || Speed:  368.8 MC/s (2.404e-02 s/TS) || Energy: ~2.51e-19 (-20.59dB)
[@     1m09s] Timestep:         3042 || Speed:  372.0 MC/s (2.383e-02 s/TS) || Energy: ~1.97e-19 (-21.64dB)
[@     1m13s] Timestep:         3213 || Speed:  369.3 MC/s (2.401e-02 s/TS) || Energy: ~1.62e-19 (-22.50dB)
[@     1m17s] Timestep:         3483 || Speed:  594.3 MC/s (1.492e-02 s/TS) || Energy: ~1.27e-19 (-23.56dB)
[@     1m22s] Timestep:         3654 || Speed:  369.4 MC/s (2.400e-02 s/TS) || Energy: ~1.16e-19 (-23.93dB)
[@     1m26s] Timestep:         3825 || Speed:  368.7 MC/s (2.405e-02 s/TS) || Energy: ~1.02e-19 (-24.51dB)
[@     1m30s] Timestep:         3996 || Speed:  366.5 MC/s (2.419e-02 s/TS) || Energy: ~8.87e-20 (-25.11dB)
[@     1m34s] Timestep:         4167 || Speed:  365.2 MC/s (2.428e-02 s/TS) || Energy: ~7.97e-20 (-25.58dB)
[@     1m38s] Timestep:         4338 || Speed:  369.0 MC/s (2.403e-02 s/TS) || Energy: ~7.27e-20 (-25.98dB)
[@     1m42s] Timestep:         4509 || Speed:  367.6 MC/s (2.412e-02 s/TS) || Energy: ~6.37e-20 (-26.55dB)
[@     1m46s] Timestep:         4779 || Speed:  598.3 MC/s (1.482e-02 s/TS) || Energy: ~5.16e-20 (-27.47dB)
[@     1m50s] Timestep:         4950 || Speed:  370.2 MC/s (2.395e-02 s/TS) || Energy: ~4.18e-20 (-28.37dB)
[@     1m54s] Timestep:         5112 || Speed:  356.3 MC/s (2.489e-02 s/TS) || Energy: ~4.00e-20 (-28.57dB)
[@     1m58s] Timestep:         5283 || Speed:  367.1 MC/s (2.416e-02 s/TS) || Energy: ~4.02e-20 (-28.54dB)
[@     2m03s] Timestep:         5454 || Speed:  368.7 MC/s (2.405e-02 s/TS) || Energy: ~3.75e-20 (-28.85dB)
[@     2m07s] Timestep:         5625 || Speed:  363.0 MC/s (2.442e-02 s/TS) || Energy: ~3.14e-20 (-29.62dB)
[@     2m11s] Timestep:         5796 || Speed:  370.4 MC/s (2.394e-02 s/TS) || Energy: ~2.66e-20 (-30.33dB)
[@     2m15s] Timestep:         5967 || Speed:  365.6 MC/s (2.425e-02 s/TS) || Energy: ~2.52e-20 (-30.58dB)
[@     2m19s] Timestep:         6246 || Speed:  591.8 MC/s (1.498e-02 s/TS) || Energy: ~2.34e-20 (-30.90dB)
[@     2m23s] Timestep:         6417 || Speed:  369.3 MC/s (2.401e-02 s/TS) || Energy: ~2.07e-20 (-31.43dB)
[@     2m27s] Timestep:         6588 || Speed:  366.5 MC/s (2.419e-02 s/TS) || Energy: ~1.60e-20 (-32.54dB)
[@     2m32s] Timestep:         6759 || Speed:  365.7 MC/s (2.425e-02 s/TS) || Energy: ~1.25e-20 (-33.61dB)
[@     2m36s] Timestep:         6930 || Speed:  362.3 MC/s (2.447e-02 s/TS) || Energy: ~1.21e-20 (-33.77dB)
[@     2m40s] Timestep:         7092 || Speed:  358.8 MC/s (2.471e-02 s/TS) || Energy: ~1.51e-20 (-32.80dB)
[@     2m44s] Timestep:         7263 || Speed:  363.7 MC/s (2.438e-02 s/TS) || Energy: ~1.39e-20 (-33.17dB)
[@     2m48s] Timestep:         7533 || Speed:  593.3 MC/s (1.494e-02 s/TS) || Energy: ~1.07e-20 (-34.31dB)
[@     2m52s] Timestep:         7704 || Speed:  370.1 MC/s (2.395e-02 s/TS) || Energy: ~8.95e-21 (-35.07dB)
[@     2m56s] Timestep:         7875 || Speed:  367.5 MC/s (2.412e-02 s/TS) || Energy: ~8.15e-21 (-35.48dB)
[@     3m00s] Timestep:         8046 || Speed:  371.6 MC/s (2.386e-02 s/TS) || Energy: ~7.71e-21 (-35.72dB)
[@     3m04s] Timestep:         8217 || Speed:  367.8 MC/s (2.411e-02 s/TS) || Energy: ~7.06e-21 (-36.10dB)
[@     3m09s] Timestep:         8388 || Speed:  366.1 MC/s (2.422e-02 s/TS) || Energy: ~6.16e-21 (-36.70dB)
[@     3m13s] Timestep:         8559 || Speed:  369.6 MC/s (2.399e-02 s/TS) || Energy: ~5.49e-21 (-37.20dB)
[@     3m17s] Timestep:         8829 || Speed:  588.0 MC/s (1.508e-02 s/TS) || Energy: ~4.88e-21 (-37.71dB)
[@     3m21s] Timestep:         9000 || Speed:  366.3 MC/s (2.420e-02 s/TS) || Energy: ~4.66e-21 (-37.91dB)
[@     3m25s] Timestep:         9171 || Speed:  367.4 MC/s (2.413e-02 s/TS) || Energy: ~4.16e-21 (-38.40dB)
[@     3m29s] Timestep:         9342 || Speed:  368.6 MC/s (2.406e-02 s/TS) || Energy: ~3.66e-21 (-38.95dB)
[@     3m33s] Timestep:         9513 || Speed:  370.1 MC/s (2.396e-02 s/TS) || Energy: ~3.46e-21 (-39.20dB)
[@     3m37s] Timestep:         9684 || Speed:  367.6 MC/s (2.412e-02 s/TS) || Energy: ~3.46e-21 (-39.19dB)
[@     3m41s] Timestep:         9855 || Speed:  367.4 MC/s (2.414e-02 s/TS) || Energy: ~3.28e-21 (-39.44dB)
[@     3m45s] Timestep:        10125 || Speed:  598.0 MC/s (1.483e-02 s/TS) || Energy: ~2.71e-21 (-40.26dB)
[@     3m50s] Timestep:        10296 || Speed:  368.8 MC/s (2.404e-02 s/TS) || Energy: ~2.05e-21 (-41.48dB)
[@     3m54s] Timestep:        10467 || Speed:  361.7 MC/s (2.451e-02 s/TS) || Energy: ~1.69e-21 (-42.32dB)
[@     3m58s] Timestep:        10638 || Speed:  368.7 MC/s (2.405e-02 s/TS) || Energy: ~1.67e-21 (-42.37dB)
[@     4m02s] Timestep:        10809 || Speed:  367.4 MC/s (2.413e-02 s/TS) || Energy: ~1.64e-21 (-42.43dB)
[@     4m06s] Timestep:        10980 || Speed:  369.9 MC/s (2.397e-02 s/TS) || Energy: ~1.46e-21 (-42.96dB)
[@     4m10s] Timestep:        11151 || Speed:  369.6 MC/s (2.399e-02 s/TS) || Energy: ~1.26e-21 (-43.57dB)
[@     4m14s] Timestep:        11322 || Speed:  367.2 MC/s (2.415e-02 s/TS) || Energy: ~1.21e-21 (-43.76dB)
[@     4m18s] Timestep:        11592 || Speed:  588.9 MC/s (1.506e-02 s/TS) || Energy: ~1.15e-21 (-44.00dB)
[@     4m22s] Timestep:        11763 || Speed:  370.3 MC/s (2.394e-02 s/TS) || Energy: ~1.10e-21 (-44.19dB)
[@     4m27s] Timestep:        11934 || Speed:  368.0 MC/s (2.410e-02 s/TS) || Energy: ~9.18e-22 (-44.96dB)
[@     4m31s] Timestep:        12105 || Speed:  368.2 MC/s (2.408e-02 s/TS) || Energy: ~7.57e-22 (-45.80dB)
[@     4m35s] Timestep:        12276 || Speed:  365.7 MC/s (2.424e-02 s/TS) || Energy: ~7.33e-22 (-45.94dB)
[@     4m39s] Timestep:        12447 || Speed:  370.0 MC/s (2.396e-02 s/TS) || Energy: ~7.83e-22 (-45.65dB)
[@     4m43s] Timestep:        12618 || Speed:  370.1 MC/s (2.396e-02 s/TS) || Energy: ~7.67e-22 (-45.74dB)
[@     4m47s] Timestep:        12897 || Speed:  594.0 MC/s (1.493e-02 s/TS) || Energy: ~6.84e-22 (-46.24dB)
[@     4m51s] Timestep:        13068 || Speed:  367.8 MC/s (2.410e-02 s/TS) || Energy: ~5.49e-22 (-47.19dB)
[@     4m55s] Timestep:        13239 || Speed:  369.8 MC/s (2.397e-02 s/TS) || Energy: ~4.09e-22 (-48.47dB)
[@     5m00s] Timestep:        13410 || Speed:  366.6 MC/s (2.418e-02 s/TS) || Energy: ~3.59e-22 (-49.03dB)
[@     5m04s] Timestep:        13581 || Speed:  364.6 MC/s (2.432e-02 s/TS) || Energy: ~3.76e-22 (-48.84dB)
[@     5m08s] Timestep:        13752 || Speed:  365.7 MC/s (2.425e-02 s/TS) || Energy: ~3.85e-22 (-48.73dB)
[@     5m12s] Timestep:        13923 || Speed:  366.2 MC/s (2.421e-02 s/TS) || Energy: ~3.69e-22 (-48.92dB)
[@     5m16s] Timestep:        14193 || Speed:  592.8 MC/s (1.496e-02 s/TS) || Energy: ~3.26e-22 (-49.46dB)
[@     5m20s] Timestep:        14364 || Speed:  365.8 MC/s (2.424e-02 s/TS) || Energy: ~3.28e-22 (-49.43dB)
[@     5m24s] Timestep:        14535 || Speed:  368.4 MC/s (2.406e-02 s/TS) || Energy: ~3.05e-22 (-49.75dB)
[@     5m28s] Timestep:        14706 || Speed:  366.6 MC/s (2.419e-02 s/TS) || Energy: ~2.44e-22 (-50.71dB)
Time for 14706 iterations with 8866385.00 cells : 328.92 sec
Speed: 396.41 MCells/s 
    [excite port 14/24]
 ---------------------------------------------------------------------- 
 | openEMS 64bit -- version v0.37.0-rc1-2-g7b051bb
 | (C) 2010-2026 Thorsten Liebig <thorsten.liebig@gmx.de>  GPL license
 ---------------------------------------------------------------------- 
	Used external libraries:
		CSXCAD -- Version: v0.7.0-rc1-1-g5115701
		hdf5   -- Version: 1.10.10
		          compiled against: HDF5 library version: 1.10.10
		tinyxml -- compiled against: 2.6.2
		fparser
		boost  -- compiled against: 1_83
		vtk -- Version: 9.1.0
		       compiled against: 9.1.0

Create FDTD operator (compressed SSE + multi-threading)
FDTD simulation size: 163x215x253 --> 8866385.00 FDTD cells 
FDTD timestep is: 0.00 s; Nyquist rate: 36 timesteps @101341000663.00 Hz
Excitation signal length is: 420 timesteps (0.00s)
Max. number of timesteps: 30000 ( --> 71.43 * Excitation signal length)
Create FDTD engine (compressed SSE + multi-threading)
Running FDTD engine... this may take a while... grab a cup of coffee?!?
[@        4s] Timestep:          108 || Speed:  217.8 MC/s (4.072e-02 s/TS) || Energy: ~1.15e-20 (- 0.00dB)
[@        8s] Timestep:          270 || Speed:  354.2 MC/s (2.503e-02 s/TS) || Energy: ~2.95e-17 (- 0.00dB)
[@       12s] Timestep:          441 || Speed:  365.6 MC/s (2.425e-02 s/TS) || Energy: ~2.11e-17 (- 1.46dB)
[@       16s] Timestep:          612 || Speed:  371.9 MC/s (2.384e-02 s/TS) || Energy: ~1.24e-17 (- 3.74dB)
[@       20s] Timestep:          792 || Speed:  381.0 MC/s (2.327e-02 s/TS) || Energy: ~7.24e-18 (- 6.10dB)
[@       24s] Timestep:         1080 || Speed:  630.6 MC/s (1.406e-02 s/TS) || Energy: ~3.95e-18 (- 8.72dB)
[@       29s] Timestep:         1260 || Speed:  383.9 MC/s (2.309e-02 s/TS) || Energy: ~2.73e-18 (-10.32dB)
Multithreaded Engine: Best performance found using 6 threads.
[@       33s] Timestep:         1440 || Speed:  394.0 MC/s (2.250e-02 s/TS) || Energy: ~1.95e-18 (-11.79dB)
[@       37s] Timestep:         1620 || Speed:  392.6 MC/s (2.259e-02 s/TS) || Energy: ~1.44e-18 (-13.11dB)
[@       41s] Timestep:         1800 || Speed:  396.9 MC/s (2.234e-02 s/TS) || Energy: ~1.07e-18 (-14.40dB)
[@       45s] Timestep:         1980 || Speed:  398.2 MC/s (2.226e-02 s/TS) || Energy: ~7.81e-19 (-15.76dB)
[@       49s] Timestep:         2160 || Speed:  397.8 MC/s (2.229e-02 s/TS) || Energy: ~5.56e-19 (-17.24dB)
[@       53s] Timestep:         2340 || Speed:  396.9 MC/s (2.234e-02 s/TS) || Energy: ~4.65e-19 (-18.02dB)
[@       57s] Timestep:         2637 || Speed:  639.3 MC/s (1.387e-02 s/TS) || Energy: ~3.53e-19 (-19.21dB)
[@     1m01s] Timestep:         2826 || Speed:  399.7 MC/s (2.218e-02 s/TS) || Energy: ~2.60e-19 (-20.54dB)
[@     1m05s] Timestep:         3015 || Speed:  400.0 MC/s (2.217e-02 s/TS) || Energy: ~2.05e-19 (-21.57dB)
[@     1m09s] Timestep:         3195 || Speed:  396.0 MC/s (2.239e-02 s/TS) || Energy: ~1.75e-19 (-22.27dB)
[@     1m13s] Timestep:         3375 || Speed:  397.3 MC/s (2.232e-02 s/TS) || Energy: ~1.56e-19 (-22.75dB)
[@     1m17s] Timestep:         3564 || Speed:  401.4 MC/s (2.209e-02 s/TS) || Energy: ~1.29e-19 (-23.60dB)
[@     1m21s] Timestep:         3735 || Speed:  378.8 MC/s (2.341e-02 s/TS) || Energy: ~1.13e-19 (-24.17dB)
[@     1m26s] Timestep:         4032 || Speed:  640.3 MC/s (1.385e-02 s/TS) || Energy: ~8.20e-20 (-25.55dB)
[@     1m30s] Timestep:         4221 || Speed:  399.8 MC/s (2.217e-02 s/TS) || Energy: ~7.24e-20 (-26.09dB)
[@     1m34s] Timestep:         4401 || Speed:  395.3 MC/s (2.243e-02 s/TS) || Energy: ~6.18e-20 (-26.78dB)
[@     1m38s] Timestep:         4581 || Speed:  397.5 MC/s (2.231e-02 s/TS) || Energy: ~5.32e-20 (-27.43dB)
[@     1m42s] Timestep:         4770 || Speed:  399.3 MC/s (2.221e-02 s/TS) || Energy: ~4.57e-20 (-28.09dB)
[@     1m46s] Timestep:         4950 || Speed:  392.7 MC/s (2.258e-02 s/TS) || Energy: ~4.03e-20 (-28.64dB)
[@     1m50s] Timestep:         5139 || Speed:  401.9 MC/s (2.206e-02 s/TS) || Energy: ~3.76e-20 (-28.94dB)
[@     1m54s] Timestep:         5436 || Speed:  636.4 MC/s (1.393e-02 s/TS) || Energy: ~3.37e-20 (-29.42dB)
[@     1m58s] Timestep:         5616 || Speed:  390.3 MC/s (2.272e-02 s/TS) || Energy: ~2.92e-20 (-30.03dB)
[@     2m03s] Timestep:         5805 || Speed:  399.4 MC/s (2.220e-02 s/TS) || Energy: ~2.49e-20 (-30.72dB)
[@     2m07s] Timestep:         5994 || Speed:  399.1 MC/s (2.222e-02 s/TS) || Energy: ~2.16e-20 (-31.35dB)
[@     2m11s] Timestep:         6174 || Speed:  398.4 MC/s (2.225e-02 s/TS) || Energy: ~1.93e-20 (-31.83dB)
[@     2m15s] Timestep:         6363 || Speed:  398.3 MC/s (2.226e-02 s/TS) || Energy: ~1.61e-20 (-32.64dB)
[@     2m19s] Timestep:         6543 || Speed:  397.9 MC/s (2.229e-02 s/TS) || Energy: ~1.41e-20 (-33.19dB)
[@     2m23s] Timestep:         6723 || Speed:  398.0 MC/s (2.228e-02 s/TS) || Energy: ~1.26e-20 (-33.69dB)
[@     2m27s] Timestep:         7020 || Speed:  638.3 MC/s (1.389e-02 s/TS) || Energy: ~1.06e-20 (-34.43dB)
[@     2m31s] Timestep:         7200 || Speed:  398.6 MC/s (2.224e-02 s/TS) || Energy: ~9.57e-21 (-34.88dB)
[@     2m35s] Timestep:         7389 || Speed:  401.0 MC/s (2.211e-02 s/TS) || Energy: ~8.83e-21 (-35.23dB)
[@     2m39s] Timestep:         7569 || Speed:  396.8 MC/s (2.235e-02 s/TS) || Energy: ~7.87e-21 (-35.73dB)
[@     2m43s] Timestep:         7749 || Speed:  396.9 MC/s (2.234e-02 s/TS) || Energy: ~7.06e-21 (-36.20dB)
[@     2m47s] Timestep:         7929 || Speed:  398.0 MC/s (2.228e-02 s/TS) || Energy: ~6.37e-21 (-36.65dB)
[@     2m51s] Timestep:         8109 || Speed:  398.1 MC/s (2.227e-02 s/TS) || Energy: ~5.79e-21 (-37.06dB)
[@     2m56s] Timestep:         8406 || Speed:  634.2 MC/s (1.398e-02 s/TS) || Energy: ~4.72e-21 (-37.95dB)
[@     3m00s] Timestep:         8586 || Speed:  392.8 MC/s (2.257e-02 s/TS) || Energy: ~4.19e-21 (-38.47dB)
[@     3m04s] Timestep:         8766 || Speed:  393.7 MC/s (2.252e-02 s/TS) || Energy: ~3.72e-21 (-38.99dB)
[@     3m08s] Timestep:         8937 || Speed:  378.1 MC/s (2.345e-02 s/TS) || Energy: ~3.40e-21 (-39.38dB)
[@     3m12s] Timestep:         9117 || Speed:  385.7 MC/s (2.299e-02 s/TS) || Energy: ~3.04e-21 (-39.86dB)
[@     3m16s] Timestep:         9297 || Speed:  391.8 MC/s (2.263e-02 s/TS) || Energy: ~2.74e-21 (-40.31dB)
[@     3m20s] Timestep:         9477 || Speed:  389.8 MC/s (2.275e-02 s/TS) || Energy: ~2.50e-21 (-40.71dB)
[@     3m24s] Timestep:         9765 || Speed:  631.8 MC/s (1.403e-02 s/TS) || Energy: ~2.41e-21 (-40.87dB)
[@     3m28s] Timestep:         9945 || Speed:  392.6 MC/s (2.259e-02 s/TS) || Energy: ~2.24e-21 (-41.19dB)
[@     3m32s] Timestep:        10125 || Speed:  386.8 MC/s (2.292e-02 s/TS) || Energy: ~2.06e-21 (-41.55dB)
[@     3m36s] Timestep:        10305 || Speed:  391.7 MC/s (2.264e-02 s/TS) || Energy: ~1.89e-21 (-41.93dB)
[@     3m41s] Timestep:        10485 || Speed:  385.9 MC/s (2.298e-02 s/TS) || Energy: ~1.72e-21 (-42.34dB)
[@     3m45s] Timestep:        10665 || Speed:  381.6 MC/s (2.324e-02 s/TS) || Energy: ~1.56e-21 (-42.77dB)
[@     3m49s] Timestep:        10845 || Speed:  386.1 MC/s (2.296e-02 s/TS) || Energy: ~1.41e-21 (-43.21dB)
[@     3m53s] Timestep:        11133 || Speed:  637.4 MC/s (1.391e-02 s/TS) || Energy: ~9.16e-22 (-45.07dB)
[@     3m57s] Timestep:        11313 || Speed:  395.4 MC/s (2.242e-02 s/TS) || Energy: ~8.14e-22 (-45.59dB)
[@     4m01s] Timestep:        11493 || Speed:  398.8 MC/s (2.223e-02 s/TS) || Energy: ~7.31e-22 (-46.05dB)
[@     4m05s] Timestep:        11682 || Speed:  400.8 MC/s (2.212e-02 s/TS) || Energy: ~6.25e-22 (-46.74dB)
[@     4m09s] Timestep:        11871 || Speed:  401.1 MC/s (2.210e-02 s/TS) || Energy: ~6.08e-22 (-46.85dB)
[@     4m13s] Timestep:        12060 || Speed:  399.7 MC/s (2.218e-02 s/TS) || Energy: ~6.26e-22 (-46.72dB)
[@     4m17s] Timestep:        12240 || Speed:  398.8 MC/s (2.223e-02 s/TS) || Energy: ~5.85e-22 (-47.02dB)
[@     4m22s] Timestep:        12429 || Speed:  399.6 MC/s (2.219e-02 s/TS) || Energy: ~5.73e-22 (-47.11dB)
[@     4m26s] Timestep:        12726 || Speed:  645.6 MC/s (1.373e-02 s/TS) || Energy: ~4.52e-22 (-48.14dB)
[@     4m30s] Timestep:        12906 || Speed:  397.0 MC/s (2.233e-02 s/TS) || Energy: ~4.08e-22 (-48.58dB)
[@     4m34s] Timestep:        13095 || Speed:  400.9 MC/s (2.212e-02 s/TS) || Energy: ~3.41e-22 (-49.37dB)
[@     4m38s] Timestep:        13284 || Speed:  399.5 MC/s (2.220e-02 s/TS) || Energy: ~2.92e-22 (-50.03dB)
Time for 13284 iterations with 8866385.00 cells : 278.61 sec
Speed: 422.75 MCells/s 
    [excite port 15/24]
 ---------------------------------------------------------------------- 
 | openEMS 64bit -- version v0.37.0-rc1-2-g7b051bb
 | (C) 2010-2026 Thorsten Liebig <thorsten.liebig@gmx.de>  GPL license
 ---------------------------------------------------------------------- 
	Used external libraries:
		CSXCAD -- Version: v0.7.0-rc1-1-g5115701
		hdf5   -- Version: 1.10.10
		          compiled against: HDF5 library version: 1.10.10
		tinyxml -- compiled against: 2.6.2
		fparser
		boost  -- compiled against: 1_83
		vtk -- Version: 9.1.0
		       compiled against: 9.1.0

Create FDTD operator (compressed SSE + multi-threading)
FDTD simulation size: 163x215x253 --> 8866385.00 FDTD cells 
FDTD timestep is: 0.00 s; Nyquist rate: 36 timesteps @101341000663.00 Hz
Excitation signal length is: 420 timesteps (0.00s)
Max. number of timesteps: 30000 ( --> 71.43 * Excitation signal length)
Create FDTD engine (compressed SSE + multi-threading)
Running FDTD engine... this may take a while... grab a cup of coffee?!?
[@        4s] Timestep:          108 || Speed:  231.8 MC/s (3.825e-02 s/TS) || Energy: ~1.16e-20 (- 0.00dB)
[@        8s] Timestep:          414 || Speed:  649.7 MC/s (1.365e-02 s/TS) || Energy: ~2.23e-17 (- 0.00dB)
[@       12s] Timestep:          585 || Speed:  371.9 MC/s (2.384e-02 s/TS) || Energy: ~1.55e-17 (- 1.57dB)
Multithreaded Engine: Best performance found using 2 threads.
[@       16s] Timestep:          747 || Speed:  347.3 MC/s (2.553e-02 s/TS) || Energy: ~1.19e-17 (- 2.71dB)
[@       20s] Timestep:          909 || Speed:  344.7 MC/s (2.572e-02 s/TS) || Energy: ~7.92e-18 (- 4.50dB)
[@       24s] Timestep:         1071 || Speed:  349.0 MC/s (2.540e-02 s/TS) || Energy: ~5.62e-18 (- 5.98dB)
[@       28s] Timestep:         1233 || Speed:  346.5 MC/s (2.559e-02 s/TS) || Energy: ~3.65e-18 (- 7.86dB)
[@       33s] Timestep:         1395 || Speed:  345.5 MC/s (2.566e-02 s/TS) || Energy: ~2.52e-18 (- 9.47dB)
[@       37s] Timestep:         1656 || Speed:  549.2 MC/s (1.615e-02 s/TS) || Energy: ~1.57e-18 (-11.51dB)
[@       41s] Timestep:         1818 || Speed:  345.6 MC/s (2.565e-02 s/TS) || Energy: ~1.23e-18 (-12.60dB)
[@       45s] Timestep:         1980 || Speed:  344.2 MC/s (2.576e-02 s/TS) || Energy: ~9.43e-19 (-13.74dB)
[@       49s] Timestep:         2142 || Speed:  349.1 MC/s (2.540e-02 s/TS) || Energy: ~7.54e-19 (-14.71dB)
[@       53s] Timestep:         2304 || Speed:  343.5 MC/s (2.581e-02 s/TS) || Energy: ~6.10e-19 (-15.63dB)
[@       58s] Timestep:         2466 || Speed:  342.5 MC/s (2.588e-02 s/TS) || Energy: ~4.75e-19 (-16.72dB)
[@     1m02s] Timestep:         2628 || Speed:  344.1 MC/s (2.576e-02 s/TS) || Energy: ~4.00e-19 (-17.46dB)
[@     1m06s] Timestep:         2889 || Speed:  550.5 MC/s (1.611e-02 s/TS) || Energy: ~2.85e-19 (-18.94dB)
[@     1m10s] Timestep:         3051 || Speed:  345.8 MC/s (2.564e-02 s/TS) || Energy: ~2.38e-19 (-19.71dB)
[@     1m14s] Timestep:         3204 || Speed:  336.9 MC/s (2.632e-02 s/TS) || Energy: ~2.11e-19 (-20.23dB)
[@     1m18s] Timestep:         3366 || Speed:  346.3 MC/s (2.561e-02 s/TS) || Energy: ~1.85e-19 (-20.80dB)
[@     1m22s] Timestep:         3528 || Speed:  345.9 MC/s (2.563e-02 s/TS) || Energy: ~1.59e-19 (-21.46dB)
[@     1m27s] Timestep:         3690 || Speed:  343.9 MC/s (2.578e-02 s/TS) || Energy: ~1.35e-19 (-22.20dB)
[@     1m31s] Timestep:         3852 || Speed:  347.3 MC/s (2.553e-02 s/TS) || Energy: ~1.04e-19 (-23.30dB)
[@     1m35s] Timestep:         4113 || Speed:  549.3 MC/s (1.614e-02 s/TS) || Energy: ~8.73e-20 (-24.07dB)
[@     1m39s] Timestep:         4275 || Speed:  342.8 MC/s (2.586e-02 s/TS) || Energy: ~8.44e-20 (-24.22dB)
[@     1m43s] Timestep:         4437 || Speed:  346.4 MC/s (2.560e-02 s/TS) || Energy: ~7.31e-20 (-24.85dB)
[@     1m48s] Timestep:         4599 || Speed:  343.0 MC/s (2.585e-02 s/TS) || Energy: ~5.65e-20 (-25.96dB)
[@     1m52s] Timestep:         4761 || Speed:  347.9 MC/s (2.548e-02 s/TS) || Energy: ~4.84e-20 (-26.63dB)
[@     1m56s] Timestep:         4923 || Speed:  347.0 MC/s (2.555e-02 s/TS) || Energy: ~4.59e-20 (-26.87dB)
[@     2m00s] Timestep:         5085 || Speed:  342.9 MC/s (2.586e-02 s/TS) || Energy: ~4.41e-20 (-27.04dB)
[@     2m04s] Timestep:         5346 || Speed:  547.7 MC/s (1.619e-02 s/TS) || Energy: ~3.66e-20 (-27.85dB)
[@     2m08s] Timestep:         5508 || Speed:  346.2 MC/s (2.561e-02 s/TS) || Energy: ~3.07e-20 (-28.61dB)
[@     2m13s] Timestep:         5670 || Speed:  346.3 MC/s (2.561e-02 s/TS) || Energy: ~2.60e-20 (-29.34dB)
[@     2m17s] Timestep:         5832 || Speed:  343.0 MC/s (2.585e-02 s/TS) || Energy: ~2.42e-20 (-29.64dB)
[@     2m21s] Timestep:         5994 || Speed:  348.0 MC/s (2.548e-02 s/TS) || Energy: ~2.35e-20 (-29.77dB)
[@     2m25s] Timestep:         6156 || Speed:  345.0 MC/s (2.570e-02 s/TS) || Energy: ~2.14e-20 (-30.19dB)
[@     2m29s] Timestep:         6318 || Speed:  350.4 MC/s (2.530e-02 s/TS) || Energy: ~1.69e-20 (-31.21dB)
[@     2m33s] Timestep:         6480 || Speed:  342.1 MC/s (2.591e-02 s/TS) || Energy: ~1.46e-20 (-31.84dB)
[@     2m37s] Timestep:         6741 || Speed:  554.1 MC/s (1.600e-02 s/TS) || Energy: ~1.39e-20 (-32.04dB)
[@     2m42s] Timestep:         6903 || Speed:  348.1 MC/s (2.547e-02 s/TS) || Energy: ~1.41e-20 (-31.98dB)
[@     2m46s] Timestep:         7065 || Speed:  350.3 MC/s (2.531e-02 s/TS) || Energy: ~1.15e-20 (-32.86dB)
[@     2m50s] Timestep:         7227 || Speed:  342.9 MC/s (2.585e-02 s/TS) || Energy: ~8.41e-21 (-34.23dB)
[@     2m54s] Timestep:         7389 || Speed:  349.9 MC/s (2.534e-02 s/TS) || Energy: ~7.70e-21 (-34.62dB)
[@     2m58s] Timestep:         7551 || Speed:  342.7 MC/s (2.587e-02 s/TS) || Energy: ~9.02e-21 (-33.93dB)
[@     3m02s] Timestep:         7713 || Speed:  343.4 MC/s (2.582e-02 s/TS) || Energy: ~8.91e-21 (-33.98dB)
[@     3m07s] Timestep:         7974 || Speed:  550.2 MC/s (1.612e-02 s/TS) || Energy: ~7.07e-21 (-34.99dB)
[@     3m11s] Timestep:         8136 || Speed:  346.9 MC/s (2.556e-02 s/TS) || Energy: ~5.25e-21 (-36.28dB)
[@     3m15s] Timestep:         8298 || Speed:  346.6 MC/s (2.558e-02 s/TS) || Energy: ~4.51e-21 (-36.94dB)
[@     3m19s] Timestep:         8460 || Speed:  347.6 MC/s (2.551e-02 s/TS) || Energy: ~4.87e-21 (-36.61dB)
[@     3m23s] Timestep:         8622 || Speed:  348.5 MC/s (2.544e-02 s/TS) || Energy: ~4.96e-21 (-36.53dB)
[@     3m27s] Timestep:         8775 || Speed:  325.5 MC/s (2.724e-02 s/TS) || Energy: ~4.28e-21 (-37.17dB)
[@     3m31s] Timestep:         8937 || Speed:  345.7 MC/s (2.565e-02 s/TS) || Energy: ~3.47e-21 (-38.08dB)
[@     3m36s] Timestep:         9198 || Speed:  549.0 MC/s (1.615e-02 s/TS) || Energy: ~2.94e-21 (-38.80dB)
[@     3m40s] Timestep:         9360 || Speed:  345.2 MC/s (2.569e-02 s/TS) || Energy: ~3.15e-21 (-38.51dB)
[@     3m44s] Timestep:         9522 || Speed:  344.1 MC/s (2.577e-02 s/TS) || Energy: ~3.05e-21 (-38.64dB)
[@     3m48s] Timestep:         9684 || Speed:  345.9 MC/s (2.564e-02 s/TS) || Energy: ~2.35e-21 (-39.78dB)
[@     3m52s] Timestep:         9846 || Speed:  341.4 MC/s (2.597e-02 s/TS) || Energy: ~1.98e-21 (-40.51dB)
[@     3m57s] Timestep:        10008 || Speed:  342.4 MC/s (2.590e-02 s/TS) || Energy: ~2.22e-21 (-40.02dB)
[@     4m01s] Timestep:        10170 || Speed:  344.4 MC/s (2.575e-02 s/TS) || Energy: ~2.10e-21 (-40.26dB)
[@     4m05s] Timestep:        10431 || Speed:  552.4 MC/s (1.605e-02 s/TS) || Energy: ~1.56e-21 (-41.54dB)
[@     4m09s] Timestep:        10593 || Speed:  348.6 MC/s (2.543e-02 s/TS) || Energy: ~1.31e-21 (-42.31dB)
[@     4m13s] Timestep:        10755 || Speed:  347.9 MC/s (2.549e-02 s/TS) || Energy: ~1.43e-21 (-41.94dB)
[@     4m17s] Timestep:        10917 || Speed:  347.6 MC/s (2.551e-02 s/TS) || Energy: ~1.47e-21 (-41.82dB)
[@     4m21s] Timestep:        11079 || Speed:  344.5 MC/s (2.573e-02 s/TS) || Energy: ~1.13e-21 (-42.95dB)
[@     4m26s] Timestep:        11241 || Speed:  346.6 MC/s (2.558e-02 s/TS) || Energy: ~9.21e-22 (-43.84dB)
[@     4m30s] Timestep:        11403 || Speed:  345.7 MC/s (2.565e-02 s/TS) || Energy: ~9.65e-22 (-43.64dB)
[@     4m34s] Timestep:        11664 || Speed:  545.5 MC/s (1.625e-02 s/TS) || Energy: ~9.16e-22 (-43.87dB)
[@     4m38s] Timestep:        11826 || Speed:  339.4 MC/s (2.612e-02 s/TS) || Energy: ~8.55e-22 (-44.16dB)
[@     4m42s] Timestep:        11988 || Speed:  344.5 MC/s (2.574e-02 s/TS) || Energy: ~7.48e-22 (-44.75dB)
[@     4m47s] Timestep:        12150 || Speed:  346.7 MC/s (2.557e-02 s/TS) || Energy: ~6.26e-22 (-45.52dB)
[@     4m51s] Timestep:        12312 || Speed:  345.7 MC/s (2.564e-02 s/TS) || Energy: ~6.28e-22 (-45.51dB)
[@     4m55s] Timestep:        12474 || Speed:  343.5 MC/s (2.581e-02 s/TS) || Energy: ~6.33e-22 (-45.47dB)
[@     4m59s] Timestep:        12636 || Speed:  346.6 MC/s (2.558e-02 s/TS) || Energy: ~5.72e-22 (-45.91dB)
[@     5m03s] Timestep:        12897 || Speed:  552.6 MC/s (1.604e-02 s/TS) || Energy: ~4.83e-22 (-46.65dB)
[@     5m07s] Timestep:        13059 || Speed:  345.8 MC/s (2.564e-02 s/TS) || Energy: ~3.98e-22 (-47.48dB)
[@     5m12s] Timestep:        13221 || Speed:  346.7 MC/s (2.557e-02 s/TS) || Energy: ~3.75e-22 (-47.74dB)
[@     5m16s] Timestep:        13383 || Speed:  344.2 MC/s (2.576e-02 s/TS) || Energy: ~4.30e-22 (-47.15dB)
[@     5m20s] Timestep:        13545 || Speed:  344.6 MC/s (2.573e-02 s/TS) || Energy: ~4.11e-22 (-47.35dB)
[@     5m24s] Timestep:        13707 || Speed:  347.8 MC/s (2.549e-02 s/TS) || Energy: ~2.92e-22 (-48.83dB)
[@     5m28s] Timestep:        13869 || Speed:  345.0 MC/s (2.570e-02 s/TS) || Energy: ~2.56e-22 (-49.40dB)
[@     5m32s] Timestep:        14130 || Speed:  555.5 MC/s (1.596e-02 s/TS) || Energy: ~2.59e-22 (-49.35dB)
[@     5m36s] Timestep:        14292 || Speed:  347.9 MC/s (2.548e-02 s/TS) || Energy: ~2.80e-22 (-49.01dB)
[@     5m41s] Timestep:        14454 || Speed:  345.5 MC/s (2.566e-02 s/TS) || Energy: ~2.33e-22 (-49.81dB)
[@     5m45s] Timestep:        14616 || Speed:  340.5 MC/s (2.604e-02 s/TS) || Energy: ~1.86e-22 (-50.79dB)
Time for 14616 iterations with 8866385.00 cells : 345.32 sec
Speed: 375.28 MCells/s 
    [excite port 16/24]
 ---------------------------------------------------------------------- 
 | openEMS 64bit -- version v0.37.0-rc1-2-g7b051bb
 | (C) 2010-2026 Thorsten Liebig <thorsten.liebig@gmx.de>  GPL license
 ---------------------------------------------------------------------- 
	Used external libraries:
		CSXCAD -- Version: v0.7.0-rc1-1-g5115701
		hdf5   -- Version: 1.10.10
		          compiled against: HDF5 library version: 1.10.10
		tinyxml -- compiled against: 2.6.2
		fparser
		boost  -- compiled against: 1_83
		vtk -- Version: 9.1.0
		       compiled against: 9.1.0

Create FDTD operator (compressed SSE + multi-threading)
FDTD simulation size: 163x215x253 --> 8866385.00 FDTD cells 
FDTD timestep is: 0.00 s; Nyquist rate: 36 timesteps @101341000663.00 Hz
Excitation signal length is: 420 timesteps (0.00s)
Max. number of timesteps: 30000 ( --> 71.43 * Excitation signal length)
Create FDTD engine (compressed SSE + multi-threading)
Running FDTD engine... this may take a while... grab a cup of coffee?!?
[@        4s] Timestep:          108 || Speed:  229.0 MC/s (3.872e-02 s/TS) || Energy: ~1.16e-20 (- 0.00dB)
[@        8s] Timestep:          270 || Speed:  342.1 MC/s (2.592e-02 s/TS) || Energy: ~3.00e-17 (- 0.00dB)
[@       12s] Timestep:          441 || Speed:  360.6 MC/s (2.459e-02 s/TS) || Energy: ~2.31e-17 (- 1.13dB)
[@       16s] Timestep:          612 || Speed:  367.8 MC/s (2.411e-02 s/TS) || Energy: ~1.58e-17 (- 2.78dB)
[@       20s] Timestep:          792 || Speed:  387.3 MC/s (2.289e-02 s/TS) || Energy: ~9.65e-18 (- 4.93dB)
[@       24s] Timestep:          972 || Speed:  397.8 MC/s (2.229e-02 s/TS) || Energy: ~6.65e-18 (- 6.55dB)
[@       28s] Timestep:         1260 || Speed:  634.7 MC/s (1.397e-02 s/TS) || Energy: ~3.72e-18 (- 9.08dB)
[@       32s] Timestep:         1431 || Speed:  373.3 MC/s (2.375e-02 s/TS) || Energy: ~2.48e-18 (-10.84dB)
Multithreaded Engine: Best performance found using 7 threads.
[@       37s] Timestep:         1611 || Speed:  379.7 MC/s (2.335e-02 s/TS) || Energy: ~1.75e-18 (-12.34dB)
[@       41s] Timestep:         1791 || Speed:  383.2 MC/s (2.314e-02 s/TS) || Energy: ~1.40e-18 (-13.31dB)
[@       45s] Timestep:         1971 || Speed:  383.3 MC/s (2.313e-02 s/TS) || Energy: ~1.04e-18 (-14.62dB)
[@       49s] Timestep:         2151 || Speed:  383.5 MC/s (2.312e-02 s/TS) || Energy: ~7.66e-19 (-15.94dB)
[@       53s] Timestep:         2331 || Speed:  383.1 MC/s (2.314e-02 s/TS) || Energy: ~6.01e-19 (-16.99dB)
[@       57s] Timestep:         2619 || Speed:  630.2 MC/s (1.407e-02 s/TS) || Energy: ~4.30e-19 (-18.45dB)
[@     1m01s] Timestep:         2799 || Speed:  389.4 MC/s (2.277e-02 s/TS) || Energy: ~3.41e-19 (-19.45dB)
[@     1m06s] Timestep:         2979 || Speed:  392.0 MC/s (2.262e-02 s/TS) || Energy: ~2.78e-19 (-20.34dB)
[@     1m10s] Timestep:         3150 || Speed:  374.7 MC/s (2.366e-02 s/TS) || Energy: ~2.28e-19 (-21.20dB)
[@     1m14s] Timestep:         3330 || Speed:  391.5 MC/s (2.265e-02 s/TS) || Energy: ~1.81e-19 (-22.20dB)
[@     1m18s] Timestep:         3510 || Speed:  390.6 MC/s (2.270e-02 s/TS) || Energy: ~1.44e-19 (-23.21dB)
[@     1m22s] Timestep:         3690 || Speed:  390.6 MC/s (2.270e-02 s/TS) || Energy: ~1.14e-19 (-24.20dB)
[@     1m26s] Timestep:         3978 || Speed:  630.3 MC/s (1.407e-02 s/TS) || Energy: ~9.45e-20 (-25.02dB)
[@     1m30s] Timestep:         4158 || Speed:  394.6 MC/s (2.247e-02 s/TS) || Energy: ~8.29e-20 (-25.59dB)
[@     1m34s] Timestep:         4338 || Speed:  387.7 MC/s (2.287e-02 s/TS) || Energy: ~7.04e-20 (-26.30dB)
[@     1m38s] Timestep:         4518 || Speed:  390.4 MC/s (2.271e-02 s/TS) || Energy: ~6.10e-20 (-26.93dB)
[@     1m42s] Timestep:         4698 || Speed:  391.2 MC/s (2.266e-02 s/TS) || Energy: ~5.13e-20 (-27.67dB)
[@     1m46s] Timestep:         4878 || Speed:  391.4 MC/s (2.265e-02 s/TS) || Energy: ~4.48e-20 (-28.26dB)
[@     1m50s] Timestep:         5058 || Speed:  385.9 MC/s (2.297e-02 s/TS) || Energy: ~4.01e-20 (-28.75dB)
[@     1m55s] Timestep:         5337 || Speed:  600.5 MC/s (1.476e-02 s/TS) || Energy: ~3.44e-20 (-29.41dB)
[@     1m59s] Timestep:         5508 || Speed:  373.5 MC/s (2.374e-02 s/TS) || Energy: ~2.84e-20 (-30.24dB)
[@     2m03s] Timestep:         5688 || Speed:  381.8 MC/s (2.322e-02 s/TS) || Energy: ~2.40e-20 (-30.97dB)
[@     2m07s] Timestep:         5868 || Speed:  388.6 MC/s (2.281e-02 s/TS) || Energy: ~2.09e-20 (-31.58dB)
[@     2m11s] Timestep:         6048 || Speed:  391.3 MC/s (2.266e-02 s/TS) || Energy: ~1.86e-20 (-32.07dB)
[@     2m15s] Timestep:         6228 || Speed:  392.9 MC/s (2.257e-02 s/TS) || Energy: ~1.67e-20 (-32.55dB)
[@     2m19s] Timestep:         6408 || Speed:  383.6 MC/s (2.312e-02 s/TS) || Energy: ~1.48e-20 (-33.08dB)
[@     2m23s] Timestep:         6588 || Speed:  382.0 MC/s (2.321e-02 s/TS) || Energy: ~1.28e-20 (-33.69dB)
[@     2m27s] Timestep:         6876 || Speed:  614.8 MC/s (1.442e-02 s/TS) || Energy: ~1.15e-20 (-34.15dB)
[@     2m32s] Timestep:         7056 || Speed:  383.5 MC/s (2.312e-02 s/TS) || Energy: ~1.01e-20 (-34.75dB)
[@     2m36s] Timestep:         7236 || Speed:  389.8 MC/s (2.275e-02 s/TS) || Energy: ~8.71e-21 (-35.38dB)
[@     2m40s] Timestep:         7416 || Speed:  391.4 MC/s (2.265e-02 s/TS) || Energy: ~7.66e-21 (-35.94dB)
[@     2m44s] Timestep:         7596 || Speed:  391.4 MC/s (2.265e-02 s/TS) || Energy: ~6.88e-21 (-36.40dB)
[@     2m48s] Timestep:         7776 || Speed:  391.1 MC/s (2.267e-02 s/TS) || Energy: ~6.23e-21 (-36.83dB)
[@     2m52s] Timestep:         7956 || Speed:  389.6 MC/s (2.276e-02 s/TS) || Energy: ~5.58e-21 (-37.31dB)
[@     2m56s] Timestep:         8244 || Speed:  614.6 MC/s (1.443e-02 s/TS) || Energy: ~4.63e-21 (-38.13dB)
[@     3m00s] Timestep:         8424 || Speed:  388.1 MC/s (2.285e-02 s/TS) || Energy: ~4.05e-21 (-38.71dB)
[@     3m04s] Timestep:         8604 || Speed:  392.1 MC/s (2.261e-02 s/TS) || Energy: ~3.59e-21 (-39.22dB)
[@     3m08s] Timestep:         8784 || Speed:  390.9 MC/s (2.268e-02 s/TS) || Energy: ~3.25e-21 (-39.67dB)
[@     3m13s] Timestep:         8964 || Speed:  390.2 MC/s (2.272e-02 s/TS) || Energy: ~2.99e-21 (-40.02dB)
[@     3m17s] Timestep:         9144 || Speed:  393.1 MC/s (2.255e-02 s/TS) || Energy: ~2.78e-21 (-40.33dB)
[@     3m21s] Timestep:         9324 || Speed:  388.5 MC/s (2.283e-02 s/TS) || Energy: ~2.57e-21 (-40.68dB)
[@     3m25s] Timestep:         9612 || Speed:  633.2 MC/s (1.400e-02 s/TS) || Energy: ~2.05e-21 (-41.66dB)
[@     3m29s] Timestep:         9792 || Speed:  392.7 MC/s (2.258e-02 s/TS) || Energy: ~1.82e-21 (-42.18dB)
[@     3m33s] Timestep:         9972 || Speed:  392.4 MC/s (2.260e-02 s/TS) || Energy: ~1.62e-21 (-42.67dB)
[@     3m37s] Timestep:        10143 || Speed:  366.8 MC/s (2.417e-02 s/TS) || Energy: ~1.50e-21 (-43.03dB)
[@     3m41s] Timestep:        10323 || Speed:  393.5 MC/s (2.253e-02 s/TS) || Energy: ~1.34e-21 (-43.50dB)
[@     3m45s] Timestep:        10503 || Speed:  390.2 MC/s (2.272e-02 s/TS) || Energy: ~1.21e-21 (-43.95dB)
[@     3m49s] Timestep:        10683 || Speed:  391.2 MC/s (2.267e-02 s/TS) || Energy: ~1.10e-21 (-44.35dB)
[@     3m53s] Timestep:        10863 || Speed:  385.8 MC/s (2.298e-02 s/TS) || Energy: ~1.02e-21 (-44.70dB)
[@     3m57s] Timestep:        11151 || Speed:  625.5 MC/s (1.417e-02 s/TS) || Energy: ~7.36e-22 (-46.11dB)
[@     4m02s] Timestep:        11331 || Speed:  386.3 MC/s (2.295e-02 s/TS) || Energy: ~6.65e-22 (-46.55dB)
[@     4m06s] Timestep:        11511 || Speed:  392.7 MC/s (2.258e-02 s/TS) || Energy: ~6.05e-22 (-46.96dB)
[@     4m10s] Timestep:        11691 || Speed:  386.3 MC/s (2.295e-02 s/TS) || Energy: ~5.56e-22 (-47.33dB)
[@     4m14s] Timestep:        11871 || Speed:  392.0 MC/s (2.262e-02 s/TS) || Energy: ~5.19e-22 (-47.63dB)
[@     4m18s] Timestep:        12051 || Speed:  391.5 MC/s (2.265e-02 s/TS) || Energy: ~4.91e-22 (-47.87dB)
[@     4m22s] Timestep:        12231 || Speed:  387.9 MC/s (2.286e-02 s/TS) || Energy: ~4.66e-22 (-48.09dB)
[@     4m26s] Timestep:        12519 || Speed:  633.7 MC/s (1.399e-02 s/TS) || Energy: ~4.39e-22 (-48.35dB)
[@     4m30s] Timestep:        12699 || Speed:  389.3 MC/s (2.277e-02 s/TS) || Energy: ~4.05e-22 (-48.70dB)
[@     4m34s] Timestep:        12879 || Speed:  387.0 MC/s (2.291e-02 s/TS) || Energy: ~3.70e-22 (-49.09dB)
[@     4m38s] Timestep:        13050 || Speed:  378.9 MC/s (2.340e-02 s/TS) || Energy: ~3.27e-22 (-49.64dB)
[@     4m42s] Timestep:        13230 || Speed:  388.3 MC/s (2.283e-02 s/TS) || Energy: ~3.04e-22 (-49.95dB)
[@     4m47s] Timestep:        13410 || Speed:  390.5 MC/s (2.270e-02 s/TS) || Energy: ~2.88e-22 (-50.19dB)
Time for 13410 iterations with 8866385.00 cells : 287.05 sec
Speed: 414.21 MCells/s 
    [excite port 17/24]
 ---------------------------------------------------------------------- 
 | openEMS 64bit -- version v0.37.0-rc1-2-g7b051bb
 | (C) 2010-2026 Thorsten Liebig <thorsten.liebig@gmx.de>  GPL license
 ---------------------------------------------------------------------- 
	Used external libraries:
		CSXCAD -- Version: v0.7.0-rc1-1-g5115701
		hdf5   -- Version: 1.10.10
		          compiled against: HDF5 library version: 1.10.10
		tinyxml -- compiled against: 2.6.2
		fparser
		boost  -- compiled against: 1_83
		vtk -- Version: 9.1.0
		       compiled against: 9.1.0

Create FDTD operator (compressed SSE + multi-threading)
FDTD simulation size: 163x215x253 --> 8866385.00 FDTD cells 
FDTD timestep is: 0.00 s; Nyquist rate: 36 timesteps @101341000663.00 Hz
Excitation signal length is: 420 timesteps (0.00s)
Max. number of timesteps: 30000 ( --> 71.43 * Excitation signal length)
Create FDTD engine (compressed SSE + multi-threading)
Running FDTD engine... this may take a while... grab a cup of coffee?!?
[@        4s] Timestep:          108 || Speed:  228.3 MC/s (3.884e-02 s/TS) || Energy: ~1.17e-20 (- 0.00dB)
[@        8s] Timestep:          270 || Speed:  339.9 MC/s (2.608e-02 s/TS) || Energy: ~3.06e-17 (- 0.00dB)
[@       12s] Timestep:          441 || Speed:  369.0 MC/s (2.403e-02 s/TS) || Energy: ~2.27e-17 (- 1.30dB)
[@       16s] Timestep:          711 || Speed:  593.6 MC/s (1.494e-02 s/TS) || Energy: ~1.48e-17 (- 3.16dB)
[@       20s] Timestep:          891 || Speed:  383.6 MC/s (2.311e-02 s/TS) || Energy: ~9.22e-18 (- 5.21dB)
Multithreaded Engine: Best performance found using 4 threads.
[@       24s] Timestep:         1062 || Speed:  365.2 MC/s (2.428e-02 s/TS) || Energy: ~6.62e-18 (- 6.64dB)
[@       29s] Timestep:         1233 || Speed:  366.0 MC/s (2.423e-02 s/TS) || Energy: ~4.36e-18 (- 8.46dB)
[@       33s] Timestep:         1395 || Speed:  353.8 MC/s (2.506e-02 s/TS) || Energy: ~3.18e-18 (- 9.83dB)
[@       37s] Timestep:         1566 || Speed:  364.1 MC/s (2.435e-02 s/TS) || Energy: ~2.35e-18 (-11.14dB)
[@       41s] Timestep:         1737 || Speed:  368.5 MC/s (2.406e-02 s/TS) || Energy: ~1.74e-18 (-12.45dB)
[@       45s] Timestep:         1908 || Speed:  364.3 MC/s (2.434e-02 s/TS) || Energy: ~1.35e-18 (-13.55dB)
[@       49s] Timestep:         2178 || Speed:  596.4 MC/s (1.487e-02 s/TS) || Energy: ~8.73e-19 (-15.44dB)
[@       53s] Timestep:         2349 || Speed:  366.5 MC/s (2.419e-02 s/TS) || Energy: ~7.14e-19 (-16.32dB)
[@       57s] Timestep:         2520 || Speed:  368.8 MC/s (2.404e-02 s/TS) || Energy: ~6.10e-19 (-17.00dB)
[@     1m01s] Timestep:         2691 || Speed:  370.6 MC/s (2.393e-02 s/TS) || Energy: ~5.34e-19 (-17.58dB)
[@     1m05s] Timestep:         2862 || Speed:  369.6 MC/s (2.399e-02 s/TS) || Energy: ~4.86e-19 (-17.99dB)
[@     1m10s] Timestep:         3033 || Speed:  368.6 MC/s (2.406e-02 s/TS) || Energy: ~4.15e-19 (-18.67dB)
[@     1m14s] Timestep:         3204 || Speed:  376.4 MC/s (2.356e-02 s/TS) || Energy: ~3.22e-19 (-19.77dB)
[@     1m18s] Timestep:         3483 || Speed:  591.0 MC/s (1.500e-02 s/TS) || Energy: ~2.66e-19 (-20.60dB)
[@     1m22s] Timestep:         3654 || Speed:  371.3 MC/s (2.388e-02 s/TS) || Energy: ~2.22e-19 (-21.39dB)
[@     1m26s] Timestep:         3825 || Speed:  360.2 MC/s (2.462e-02 s/TS) || Energy: ~1.84e-19 (-22.20dB)
[@     1m30s] Timestep:         3996 || Speed:  361.1 MC/s (2.455e-02 s/TS) || Energy: ~1.63e-19 (-22.73dB)
[@     1m34s] Timestep:         4167 || Speed:  371.1 MC/s (2.389e-02 s/TS) || Energy: ~1.39e-19 (-23.43dB)
[@     1m39s] Timestep:         4338 || Speed:  364.4 MC/s (2.433e-02 s/TS) || Energy: ~1.19e-19 (-24.10dB)
[@     1m43s] Timestep:         4509 || Speed:  364.2 MC/s (2.434e-02 s/TS) || Energy: ~1.09e-19 (-24.47dB)
[@     1m47s] Timestep:         4788 || Speed:  588.6 MC/s (1.506e-02 s/TS) || Energy: ~9.07e-20 (-25.28dB)
[@     1m51s] Timestep:         4959 || Speed:  366.7 MC/s (2.418e-02 s/TS) || Energy: ~8.46e-20 (-25.58dB)
[@     1m55s] Timestep:         5130 || Speed:  367.0 MC/s (2.416e-02 s/TS) || Energy: ~7.93e-20 (-25.86dB)
[@     1m59s] Timestep:         5301 || Speed:  365.6 MC/s (2.425e-02 s/TS) || Energy: ~7.12e-20 (-26.33dB)
[@     2m03s] Timestep:         5472 || Speed:  366.4 MC/s (2.420e-02 s/TS) || Energy: ~6.31e-20 (-26.85dB)
[@     2m08s] Timestep:         5643 || Speed:  365.1 MC/s (2.429e-02 s/TS) || Energy: ~5.14e-20 (-27.75dB)
[@     2m12s] Timestep:         5814 || Speed:  369.9 MC/s (2.397e-02 s/TS) || Energy: ~4.34e-20 (-28.48dB)
[@     2m16s] Timestep:         6084 || Speed:  584.2 MC/s (1.518e-02 s/TS) || Energy: ~3.82e-20 (-29.04dB)
[@     2m20s] Timestep:         6255 || Speed:  368.3 MC/s (2.408e-02 s/TS) || Energy: ~3.32e-20 (-29.64dB)
[@     2m24s] Timestep:         6426 || Speed:  368.1 MC/s (2.409e-02 s/TS) || Energy: ~3.25e-20 (-29.74dB)
[@     2m28s] Timestep:         6597 || Speed:  369.3 MC/s (2.401e-02 s/TS) || Energy: ~2.97e-20 (-30.13dB)
[@     2m32s] Timestep:         6768 || Speed:  370.2 MC/s (2.395e-02 s/TS) || Energy: ~2.54e-20 (-30.80dB)
[@     2m36s] Timestep:         6939 || Speed:  360.9 MC/s (2.457e-02 s/TS) || Energy: ~2.39e-20 (-31.07dB)
[@     2m41s] Timestep:         7110 || Speed:  372.2 MC/s (2.382e-02 s/TS) || Energy: ~2.26e-20 (-31.32dB)
[@     2m45s] Timestep:         7281 || Speed:  360.7 MC/s (2.458e-02 s/TS) || Energy: ~2.21e-20 (-31.42dB)
[@     2m49s] Timestep:         7551 || Speed:  586.8 MC/s (1.511e-02 s/TS) || Energy: ~1.95e-20 (-31.95dB)
[@     2m53s] Timestep:         7722 || Speed:  366.2 MC/s (2.421e-02 s/TS) || Energy: ~1.73e-20 (-32.46dB)
[@     2m57s] Timestep:         7893 || Speed:  369.3 MC/s (2.401e-02 s/TS) || Energy: ~1.52e-20 (-33.04dB)
[@     3m01s] Timestep:         8064 || Speed:  363.1 MC/s (2.442e-02 s/TS) || Energy: ~1.33e-20 (-33.63dB)
[@     3m05s] Timestep:         8235 || Speed:  361.3 MC/s (2.454e-02 s/TS) || Energy: ~1.26e-20 (-33.84dB)
[@     3m10s] Timestep:         8406 || Speed:  366.9 MC/s (2.416e-02 s/TS) || Energy: ~1.18e-20 (-34.14dB)
[@     3m14s] Timestep:         8577 || Speed:  365.2 MC/s (2.428e-02 s/TS) || Energy: ~9.53e-21 (-35.06dB)
[@     3m18s] Timestep:         8847 || Speed:  586.8 MC/s (1.511e-02 s/TS) || Energy: ~8.51e-21 (-35.56dB)
[@     3m22s] Timestep:         9018 || Speed:  363.7 MC/s (2.438e-02 s/TS) || Energy: ~7.42e-21 (-36.15dB)
[@     3m26s] Timestep:         9189 || Speed:  367.1 MC/s (2.415e-02 s/TS) || Energy: ~6.71e-21 (-36.59dB)
[@     3m30s] Timestep:         9360 || Speed:  368.9 MC/s (2.404e-02 s/TS) || Energy: ~7.11e-21 (-36.34dB)
[@     3m34s] Timestep:         9531 || Speed:  366.6 MC/s (2.419e-02 s/TS) || Energy: ~6.71e-21 (-36.59dB)
[@     3m39s] Timestep:         9702 || Speed:  362.6 MC/s (2.446e-02 s/TS) || Energy: ~5.72e-21 (-37.28dB)
[@     3m43s] Timestep:         9873 || Speed:  367.0 MC/s (2.416e-02 s/TS) || Energy: ~4.56e-21 (-38.26dB)
[@     3m47s] Timestep:        10143 || Speed:  588.9 MC/s (1.506e-02 s/TS) || Energy: ~3.48e-21 (-39.44dB)
[@     3m51s] Timestep:        10314 || Speed:  365.7 MC/s (2.424e-02 s/TS) || Energy: ~3.59e-21 (-39.31dB)
[@     3m55s] Timestep:        10485 || Speed:  370.0 MC/s (2.397e-02 s/TS) || Energy: ~4.01e-21 (-38.82dB)
[@     3m59s] Timestep:        10656 || Speed:  363.3 MC/s (2.441e-02 s/TS) || Energy: ~3.95e-21 (-38.89dB)
[@     4m03s] Timestep:        10827 || Speed:  365.0 MC/s (2.429e-02 s/TS) || Energy: ~3.48e-21 (-39.44dB)
[@     4m07s] Timestep:        10998 || Speed:  365.3 MC/s (2.427e-02 s/TS) || Energy: ~2.89e-21 (-40.24dB)
[@     4m12s] Timestep:        11169 || Speed:  369.6 MC/s (2.399e-02 s/TS) || Energy: ~2.57e-21 (-40.76dB)
[@     4m16s] Timestep:        11439 || Speed:  594.1 MC/s (1.492e-02 s/TS) || Energy: ~2.09e-21 (-41.66dB)
[@     4m20s] Timestep:        11610 || Speed:  368.5 MC/s (2.406e-02 s/TS) || Energy: ~1.96e-21 (-41.93dB)
[@     4m24s] Timestep:        11781 || Speed:  365.4 MC/s (2.426e-02 s/TS) || Energy: ~2.16e-21 (-41.52dB)
[@     4m28s] Timestep:        11952 || Speed:  367.4 MC/s (2.413e-02 s/TS) || Energy: ~1.94e-21 (-41.97dB)
[@     4m32s] Timestep:        12114 || Speed:  358.0 MC/s (2.477e-02 s/TS) || Energy: ~1.61e-21 (-42.80dB)
[@     4m36s] Timestep:        12285 || Speed:  364.2 MC/s (2.434e-02 s/TS) || Energy: ~1.48e-21 (-43.14dB)
[@     4m40s] Timestep:        12456 || Speed:  369.1 MC/s (2.402e-02 s/TS) || Energy: ~1.41e-21 (-43.36dB)
[@     4m44s] Timestep:        12627 || Speed:  365.8 MC/s (2.424e-02 s/TS) || Energy: ~1.38e-21 (-43.45dB)
[@     4m48s] Timestep:        12897 || Speed:  592.6 MC/s (1.496e-02 s/TS) || Energy: ~1.13e-21 (-44.32dB)
[@     4m53s] Timestep:        13068 || Speed:  366.8 MC/s (2.417e-02 s/TS) || Energy: ~1.02e-21 (-44.76dB)
[@     4m57s] Timestep:        13239 || Speed:  367.7 MC/s (2.411e-02 s/TS) || Energy: ~9.84e-22 (-44.93dB)
[@     5m01s] Timestep:        13410 || Speed:  368.4 MC/s (2.407e-02 s/TS) || Energy: ~8.71e-22 (-45.46dB)
[@     5m05s] Timestep:        13581 || Speed:  367.8 MC/s (2.410e-02 s/TS) || Energy: ~7.98e-22 (-45.84dB)
[@     5m09s] Timestep:        13752 || Speed:  368.3 MC/s (2.407e-02 s/TS) || Energy: ~7.26e-22 (-46.25dB)
[@     5m13s] Timestep:        13923 || Speed:  372.8 MC/s (2.378e-02 s/TS) || Energy: ~6.47e-22 (-46.75dB)
[@     5m17s] Timestep:        14193 || Speed:  595.1 MC/s (1.490e-02 s/TS) || Energy: ~5.38e-22 (-47.55dB)
[@     5m21s] Timestep:        14364 || Speed:  365.7 MC/s (2.424e-02 s/TS) || Energy: ~4.47e-22 (-48.35dB)
[@     5m25s] Timestep:        14535 || Speed:  369.6 MC/s (2.399e-02 s/TS) || Energy: ~4.80e-22 (-48.04dB)
[@     5m29s] Timestep:        14706 || Speed:  367.2 MC/s (2.415e-02 s/TS) || Energy: ~4.99e-22 (-47.87dB)
[@     5m34s] Timestep:        14877 || Speed:  367.6 MC/s (2.412e-02 s/TS) || Energy: ~4.40e-22 (-48.42dB)
[@     5m38s] Timestep:        15048 || Speed:  370.2 MC/s (2.395e-02 s/TS) || Energy: ~3.94e-22 (-48.90dB)
[@     5m42s] Timestep:        15219 || Speed:  367.7 MC/s (2.411e-02 s/TS) || Energy: ~3.31e-22 (-49.65dB)
[@     5m46s] Timestep:        15489 || Speed:  573.1 MC/s (1.547e-02 s/TS) || Energy: ~2.80e-22 (-50.39dB)
Time for 15489 iterations with 8866385.00 cells : 346.52 sec
Speed: 396.32 MCells/s 
    [excite port 18/24]
 ---------------------------------------------------------------------- 
 | openEMS 64bit -- version v0.37.0-rc1-2-g7b051bb
 | (C) 2010-2026 Thorsten Liebig <thorsten.liebig@gmx.de>  GPL license
 ---------------------------------------------------------------------- 
	Used external libraries:
		CSXCAD -- Version: v0.7.0-rc1-1-g5115701
		hdf5   -- Version: 1.10.10
		          compiled against: HDF5 library version: 1.10.10
		tinyxml -- compiled against: 2.6.2
		fparser
		boost  -- compiled against: 1_83
		vtk -- Version: 9.1.0
		       compiled against: 9.1.0

Create FDTD operator (compressed SSE + multi-threading)
FDTD simulation size: 163x215x253 --> 8866385.00 FDTD cells 
FDTD timestep is: 0.00 s; Nyquist rate: 36 timesteps @101341000663.00 Hz
Excitation signal length is: 420 timesteps (0.00s)
Max. number of timesteps: 30000 ( --> 71.43 * Excitation signal length)
Create FDTD engine (compressed SSE + multi-threading)
Running FDTD engine... this may take a while... grab a cup of coffee?!?
[@        4s] Timestep:           99 || Speed:  217.1 MC/s (4.084e-02 s/TS) || Energy: ~1.05e-20 (- 0.00dB)
[@        8s] Timestep:          252 || Speed:  333.9 MC/s (2.656e-02 s/TS) || Energy: ~2.73e-17 (- 0.00dB)
[@       12s] Timestep:          531 || Speed:  599.4 MC/s (1.479e-02 s/TS) || Energy: ~1.97e-17 (- 1.41dB)
[@       16s] Timestep:          702 || Speed:  371.5 MC/s (2.387e-02 s/TS) || Energy: ~1.47e-17 (- 2.68dB)
Multithreaded Engine: Best performance found using 3 threads.
[@       20s] Timestep:          873 || Speed:  366.0 MC/s (2.422e-02 s/TS) || Energy: ~9.83e-18 (- 4.43dB)
[@       24s] Timestep:         1035 || Speed:  345.9 MC/s (2.563e-02 s/TS) || Energy: ~7.13e-18 (- 5.83dB)
[@       28s] Timestep:         1206 || Speed:  360.0 MC/s (2.463e-02 s/TS) || Energy: ~4.66e-18 (- 7.68dB)
[@       32s] Timestep:         1377 || Speed:  370.7 MC/s (2.392e-02 s/TS) || Energy: ~3.19e-18 (- 9.31dB)
[@       36s] Timestep:         1548 || Speed:  374.9 MC/s (2.365e-02 s/TS) || Energy: ~2.22e-18 (-10.90dB)
[@       41s] Timestep:         1827 || Speed:  597.9 MC/s (1.483e-02 s/TS) || Energy: ~1.50e-18 (-12.59dB)
[@       45s] Timestep:         1998 || Speed:  371.6 MC/s (2.386e-02 s/TS) || Energy: ~1.16e-18 (-13.72dB)
[@       49s] Timestep:         2169 || Speed:  367.7 MC/s (2.411e-02 s/TS) || Energy: ~8.95e-19 (-14.84dB)
[@       53s] Timestep:         2340 || Speed:  368.9 MC/s (2.403e-02 s/TS) || Energy: ~7.36e-19 (-15.69dB)
[@       57s] Timestep:         2511 || Speed:  376.8 MC/s (2.353e-02 s/TS) || Energy: ~6.28e-19 (-16.38dB)
[@     1m01s] Timestep:         2682 || Speed:  377.8 MC/s (2.347e-02 s/TS) || Energy: ~5.22e-19 (-17.18dB)
[@     1m05s] Timestep:         2853 || Speed:  378.1 MC/s (2.345e-02 s/TS) || Energy: ~4.45e-19 (-17.88dB)
[@     1m09s] Timestep:         3024 || Speed:  370.7 MC/s (2.392e-02 s/TS) || Energy: ~3.67e-19 (-18.71dB)
[@     1m13s] Timestep:         3303 || Speed:  588.2 MC/s (1.507e-02 s/TS) || Energy: ~2.52e-19 (-20.35dB)
[@     1m17s] Timestep:         3474 || Speed:  374.5 MC/s (2.368e-02 s/TS) || Energy: ~2.20e-19 (-20.93dB)
[@     1m21s] Timestep:         3645 || Speed:  372.1 MC/s (2.383e-02 s/TS) || Energy: ~2.00e-19 (-21.35dB)
[@     1m25s] Timestep:         3807 || Speed:  351.7 MC/s (2.521e-02 s/TS) || Energy: ~1.93e-19 (-21.51dB)
[@     1m30s] Timestep:         3978 || Speed:  367.9 MC/s (2.410e-02 s/TS) || Energy: ~1.66e-19 (-22.15dB)
[@     1m34s] Timestep:         4149 || Speed:  366.1 MC/s (2.422e-02 s/TS) || Energy: ~1.40e-19 (-22.90dB)
[@     1m38s] Timestep:         4320 || Speed:  369.6 MC/s (2.399e-02 s/TS) || Energy: ~1.19e-19 (-23.59dB)
[@     1m42s] Timestep:         4599 || Speed:  605.0 MC/s (1.465e-02 s/TS) || Energy: ~9.82e-20 (-24.44dB)
[@     1m46s] Timestep:         4770 || Speed:  376.0 MC/s (2.358e-02 s/TS) || Energy: ~8.62e-20 (-25.00dB)
[@     1m50s] Timestep:         4950 || Speed:  382.8 MC/s (2.316e-02 s/TS) || Energy: ~7.54e-20 (-25.59dB)
[@     1m54s] Timestep:         5121 || Speed:  374.9 MC/s (2.365e-02 s/TS) || Energy: ~6.97e-20 (-25.92dB)
[@     1m58s] Timestep:         5292 || Speed:  368.2 MC/s (2.408e-02 s/TS) || Energy: ~6.29e-20 (-26.37dB)
[@     2m02s] Timestep:         5463 || Speed:  374.2 MC/s (2.369e-02 s/TS) || Energy: ~5.32e-20 (-27.10dB)
[@     2m06s] Timestep:         5634 || Speed:  371.7 MC/s (2.385e-02 s/TS) || Energy: ~4.44e-20 (-27.88dB)
[@     2m11s] Timestep:         5913 || Speed:  596.6 MC/s (1.486e-02 s/TS) || Energy: ~3.62e-20 (-28.78dB)
[@     2m15s] Timestep:         6084 || Speed:  368.3 MC/s (2.407e-02 s/TS) || Energy: ~3.32e-20 (-29.15dB)
[@     2m19s] Timestep:         6255 || Speed:  374.5 MC/s (2.367e-02 s/TS) || Energy: ~3.05e-20 (-29.51dB)
[@     2m23s] Timestep:         6426 || Speed:  374.6 MC/s (2.367e-02 s/TS) || Energy: ~2.69e-20 (-30.06dB)
[@     2m27s] Timestep:         6588 || Speed:  356.2 MC/s (2.489e-02 s/TS) || Energy: ~2.42e-20 (-30.52dB)
[@     2m31s] Timestep:         6759 || Speed:  364.8 MC/s (2.431e-02 s/TS) || Energy: ~2.25e-20 (-30.84dB)
[@     2m35s] Timestep:         6930 || Speed:  370.1 MC/s (2.396e-02 s/TS) || Energy: ~2.09e-20 (-31.15dB)
[@     2m39s] Timestep:         7209 || Speed:  600.7 MC/s (1.476e-02 s/TS) || Energy: ~1.67e-20 (-32.12dB)
[@     2m43s] Timestep:         7380 || Speed:  364.3 MC/s (2.434e-02 s/TS) || Energy: ~1.59e-20 (-32.34dB)
[@     2m47s] Timestep:         7551 || Speed:  367.5 MC/s (2.413e-02 s/TS) || Energy: ~1.46e-20 (-32.71dB)
[@     2m52s] Timestep:         7722 || Speed:  364.5 MC/s (2.433e-02 s/TS) || Energy: ~1.30e-20 (-33.23dB)
[@     2m56s] Timestep:         7902 || Speed:  384.0 MC/s (2.309e-02 s/TS) || Energy: ~1.14e-20 (-33.79dB)
[@     3m00s] Timestep:         8064 || Speed:  354.4 MC/s (2.502e-02 s/TS) || Energy: ~1.01e-20 (-34.30dB)
[@     3m04s] Timestep:         8244 || Speed:  379.8 MC/s (2.335e-02 s/TS) || Energy: ~9.35e-21 (-34.65dB)
[@     3m08s] Timestep:         8415 || Speed:  373.9 MC/s (2.371e-02 s/TS) || Energy: ~8.13e-21 (-35.26dB)
[@     3m12s] Timestep:         8685 || Speed:  584.2 MC/s (1.518e-02 s/TS) || Energy: ~6.38e-21 (-36.31dB)
[@     3m16s] Timestep:         8856 || Speed:  368.2 MC/s (2.408e-02 s/TS) || Energy: ~5.42e-21 (-37.01dB)
[@     3m20s] Timestep:         9027 || Speed:  364.6 MC/s (2.432e-02 s/TS) || Energy: ~5.15e-21 (-37.24dB)
[@     3m25s] Timestep:         9198 || Speed:  367.5 MC/s (2.413e-02 s/TS) || Energy: ~5.09e-21 (-37.29dB)
[@     3m29s] Timestep:         9369 || Speed:  367.5 MC/s (2.413e-02 s/TS) || Energy: ~4.65e-21 (-37.68dB)
[@     3m33s] Timestep:         9540 || Speed:  365.5 MC/s (2.426e-02 s/TS) || Energy: ~4.07e-21 (-38.26dB)
[@     3m37s] Timestep:         9711 || Speed:  364.5 MC/s (2.432e-02 s/TS) || Energy: ~3.73e-21 (-38.65dB)
[@     3m41s] Timestep:         9981 || Speed:  590.3 MC/s (1.502e-02 s/TS) || Energy: ~3.22e-21 (-39.28dB)
[@     3m45s] Timestep:        10152 || Speed:  371.2 MC/s (2.389e-02 s/TS) || Energy: ~3.03e-21 (-39.55dB)
[@     3m49s] Timestep:        10323 || Speed:  365.2 MC/s (2.428e-02 s/TS) || Energy: ~2.86e-21 (-39.80dB)
[@     3m53s] Timestep:        10494 || Speed:  374.9 MC/s (2.365e-02 s/TS) || Energy: ~2.65e-21 (-40.13dB)
[@     3m58s] Timestep:        10665 || Speed:  361.7 MC/s (2.451e-02 s/TS) || Energy: ~2.28e-21 (-40.78dB)
[@     4m02s] Timestep:        10827 || Speed:  348.8 MC/s (2.542e-02 s/TS) || Energy: ~1.68e-21 (-42.10dB)
[@     4m06s] Timestep:        10998 || Speed:  369.7 MC/s (2.398e-02 s/TS) || Energy: ~1.56e-21 (-42.41dB)
[@     4m10s] Timestep:        11268 || Speed:  583.0 MC/s (1.521e-02 s/TS) || Energy: ~1.37e-21 (-42.98dB)
[@     4m14s] Timestep:        11439 || Speed:  368.8 MC/s (2.404e-02 s/TS) || Energy: ~1.41e-21 (-42.86dB)
[@     4m18s] Timestep:        11610 || Speed:  367.6 MC/s (2.412e-02 s/TS) || Energy: ~1.43e-21 (-42.80dB)
[@     4m22s] Timestep:        11781 || Speed:  369.4 MC/s (2.400e-02 s/TS) || Energy: ~1.39e-21 (-42.92dB)
[@     4m26s] Timestep:        11952 || Speed:  369.3 MC/s (2.401e-02 s/TS) || Energy: ~1.34e-21 (-43.10dB)
[@     4m30s] Timestep:        12123 || Speed:  362.9 MC/s (2.443e-02 s/TS) || Energy: ~1.19e-21 (-43.59dB)
[@     4m35s] Timestep:        12294 || Speed:  370.6 MC/s (2.392e-02 s/TS) || Energy: ~9.69e-22 (-44.49dB)
[@     4m39s] Timestep:        12564 || Speed:  585.1 MC/s (1.515e-02 s/TS) || Energy: ~7.94e-22 (-45.36dB)
[@     4m43s] Timestep:        12735 || Speed:  365.8 MC/s (2.424e-02 s/TS) || Energy: ~6.58e-22 (-46.18dB)
[@     4m47s] Timestep:        12906 || Speed:  367.8 MC/s (2.410e-02 s/TS) || Energy: ~6.02e-22 (-46.56dB)
[@     4m51s] Timestep:        13077 || Speed:  361.8 MC/s (2.450e-02 s/TS) || Energy: ~6.04e-22 (-46.55dB)
[@     4m55s] Timestep:        13230 || Speed:  325.3 MC/s (2.726e-02 s/TS) || Energy: ~7.46e-22 (-45.63dB)
[@     4m59s] Timestep:        13347 || Speed:  248.9 MC/s (3.562e-02 s/TS) || Energy: ~5.54e-22 (-46.92dB)
[@     5m03s] Timestep:        13473 || Speed:  277.6 MC/s (3.194e-02 s/TS) || Energy: ~5.10e-22 (-47.28dB)
[@     5m08s] Timestep:        13599 || Speed:  269.9 MC/s (3.286e-02 s/TS) || Energy: ~5.97e-22 (-46.60dB)
[@     5m12s] Timestep:        13851 || Speed:  549.4 MC/s (1.614e-02 s/TS) || Energy: ~4.59e-22 (-47.74dB)
[@     5m16s] Timestep:        13995 || Speed:  304.6 MC/s (2.911e-02 s/TS) || Energy: ~4.26e-22 (-48.06dB)
[@     5m20s] Timestep:        14148 || Speed:  328.1 MC/s (2.702e-02 s/TS) || Energy: ~3.99e-22 (-48.35dB)
[@     5m24s] Timestep:        14310 || Speed:  350.3 MC/s (2.531e-02 s/TS) || Energy: ~3.62e-22 (-48.78dB)
[@     5m28s] Timestep:        14463 || Speed:  330.6 MC/s (2.682e-02 s/TS) || Energy: ~3.43e-22 (-49.00dB)
[@     5m32s] Timestep:        14634 || Speed:  365.6 MC/s (2.425e-02 s/TS) || Energy: ~2.92e-22 (-49.71dB)
[@     5m36s] Timestep:        14796 || Speed:  356.0 MC/s (2.491e-02 s/TS) || Energy: ~2.69e-22 (-50.07dB)
Time for 14796 iterations with 8866385.00 cells : 336.92 sec
Speed: 389.37 MCells/s 
    [excite port 19/24]
 ---------------------------------------------------------------------- 
 | openEMS 64bit -- version v0.37.0-rc1-2-g7b051bb
 | (C) 2010-2026 Thorsten Liebig <thorsten.liebig@gmx.de>  GPL license
 ---------------------------------------------------------------------- 
	Used external libraries:
		CSXCAD -- Version: v0.7.0-rc1-1-g5115701
		hdf5   -- Version: 1.10.10
		          compiled against: HDF5 library version: 1.10.10
		tinyxml -- compiled against: 2.6.2
		fparser
		boost  -- compiled against: 1_83
		vtk -- Version: 9.1.0
		       compiled against: 9.1.0

Create FDTD operator (compressed SSE + multi-threading)
FDTD simulation size: 163x215x253 --> 8866385.00 FDTD cells 
FDTD timestep is: 0.00 s; Nyquist rate: 36 timesteps @101341000663.00 Hz
Excitation signal length is: 420 timesteps (0.00s)
Max. number of timesteps: 30000 ( --> 71.43 * Excitation signal length)
Create FDTD engine (compressed SSE + multi-threading)
Running FDTD engine... this may take a while... grab a cup of coffee?!?
[@        4s] Timestep:          108 || Speed:  227.4 MC/s (3.899e-02 s/TS) || Energy: ~1.15e-20 (- 0.00dB)
[@        8s] Timestep:          261 || Speed:  323.4 MC/s (2.742e-02 s/TS) || Energy: ~2.88e-17 (- 0.00dB)
[@       12s] Timestep:          531 || Speed:  579.2 MC/s (1.531e-02 s/TS) || Energy: ~1.61e-17 (- 2.51dB)
[@       16s] Timestep:          684 || Speed:  334.1 MC/s (2.654e-02 s/TS) || Energy: ~9.53e-18 (- 4.80dB)
Multithreaded Engine: Best performance found using 3 threads.
[@       20s] Timestep:          819 || Speed:  289.3 MC/s (3.065e-02 s/TS) || Energy: ~7.42e-18 (- 5.89dB)
[@       24s] Timestep:          963 || Speed:  311.0 MC/s (2.851e-02 s/TS) || Energy: ~5.39e-18 (- 7.28dB)
[@       28s] Timestep:         1116 || Speed:  332.8 MC/s (2.664e-02 s/TS) || Energy: ~4.06e-18 (- 8.50dB)
[@       33s] Timestep:         1269 || Speed:  329.5 MC/s (2.691e-02 s/TS) || Energy: ~2.79e-18 (-10.13dB)
[@       37s] Timestep:         1431 || Speed:  340.5 MC/s (2.604e-02 s/TS) || Energy: ~2.07e-18 (-11.44dB)
[@       41s] Timestep:         1683 || Speed:  554.3 MC/s (1.599e-02 s/TS) || Energy: ~1.33e-18 (-13.35dB)
[@       45s] Timestep:         1836 || Speed:  338.6 MC/s (2.619e-02 s/TS) || Energy: ~1.06e-18 (-14.35dB)
[@       49s] Timestep:         1998 || Speed:  348.3 MC/s (2.546e-02 s/TS) || Energy: ~8.72e-19 (-15.18dB)
[@       53s] Timestep:         2151 || Speed:  337.9 MC/s (2.624e-02 s/TS) || Energy: ~6.96e-19 (-16.17dB)
[@       57s] Timestep:         2313 || Speed:  358.4 MC/s (2.474e-02 s/TS) || Energy: ~5.54e-19 (-17.15dB)
[@     1m01s] Timestep:         2484 || Speed:  365.3 MC/s (2.427e-02 s/TS) || Energy: ~4.38e-19 (-18.18dB)
[@     1m05s] Timestep:         2655 || Speed:  363.2 MC/s (2.441e-02 s/TS) || Energy: ~3.60e-19 (-19.02dB)
[@     1m09s] Timestep:         2916 || Speed:  578.2 MC/s (1.533e-02 s/TS) || Energy: ~2.73e-19 (-20.22dB)
[@     1m13s] Timestep:         3078 || Speed:  354.3 MC/s (2.502e-02 s/TS) || Energy: ~2.27e-19 (-21.02dB)
[@     1m17s] Timestep:         3240 || Speed:  350.4 MC/s (2.530e-02 s/TS) || Energy: ~1.84e-19 (-21.93dB)
[@     1m21s] Timestep:         3393 || Speed:  333.3 MC/s (2.660e-02 s/TS) || Energy: ~1.80e-19 (-22.03dB)
[@     1m26s] Timestep:         3555 || Speed:  345.4 MC/s (2.567e-02 s/TS) || Energy: ~1.53e-19 (-22.76dB)
[@     1m30s] Timestep:         3717 || Speed:  354.6 MC/s (2.500e-02 s/TS) || Energy: ~1.40e-19 (-23.13dB)
[@     1m34s] Timestep:         3879 || Speed:  347.2 MC/s (2.554e-02 s/TS) || Energy: ~1.12e-19 (-24.10dB)
[@     1m38s] Timestep:         4140 || Speed:  551.5 MC/s (1.608e-02 s/TS) || Energy: ~9.10e-20 (-25.00dB)
[@     1m42s] Timestep:         4302 || Speed:  352.3 MC/s (2.516e-02 s/TS) || Energy: ~7.98e-20 (-25.57dB)
[@     1m46s] Timestep:         4464 || Speed:  344.5 MC/s (2.574e-02 s/TS) || Energy: ~6.96e-20 (-26.16dB)
[@     1m50s] Timestep:         4626 || Speed:  348.5 MC/s (2.544e-02 s/TS) || Energy: ~6.38e-20 (-26.54dB)
[@     1m55s] Timestep:         4797 || Speed:  367.6 MC/s (2.412e-02 s/TS) || Energy: ~5.63e-20 (-27.08dB)
[@     1m59s] Timestep:         4968 || Speed:  363.9 MC/s (2.437e-02 s/TS) || Energy: ~5.30e-20 (-27.35dB)
[@     2m03s] Timestep:         5139 || Speed:  366.7 MC/s (2.418e-02 s/TS) || Energy: ~4.79e-20 (-27.79dB)
[@     2m07s] Timestep:         5310 || Speed:  367.7 MC/s (2.411e-02 s/TS) || Energy: ~4.12e-20 (-28.44dB)
[@     2m11s] Timestep:         5580 || Speed:  584.0 MC/s (1.518e-02 s/TS) || Energy: ~3.46e-20 (-29.20dB)
[@     2m15s] Timestep:         5751 || Speed:  369.1 MC/s (2.402e-02 s/TS) || Energy: ~2.93e-20 (-29.92dB)
[@     2m19s] Timestep:         5922 || Speed:  368.5 MC/s (2.406e-02 s/TS) || Energy: ~2.51e-20 (-30.59dB)
[@     2m23s] Timestep:         6093 || Speed:  378.1 MC/s (2.345e-02 s/TS) || Energy: ~2.09e-20 (-31.38dB)
[@     2m27s] Timestep:         6264 || Speed:  369.2 MC/s (2.401e-02 s/TS) || Energy: ~1.83e-20 (-31.96dB)
[@     2m32s] Timestep:         6435 || Speed:  366.1 MC/s (2.422e-02 s/TS) || Energy: ~1.74e-20 (-32.19dB)
[@     2m36s] Timestep:         6597 || Speed:  357.3 MC/s (2.481e-02 s/TS) || Energy: ~1.60e-20 (-32.56dB)
[@     2m40s] Timestep:         6876 || Speed:  589.5 MC/s (1.504e-02 s/TS) || Energy: ~1.38e-20 (-33.19dB)
[@     2m44s] Timestep:         7047 || Speed:  368.2 MC/s (2.408e-02 s/TS) || Energy: ~1.33e-20 (-33.36dB)
[@     2m48s] Timestep:         7218 || Speed:  372.3 MC/s (2.381e-02 s/TS) || Energy: ~1.16e-20 (-33.96dB)
[@     2m52s] Timestep:         7389 || Speed:  376.2 MC/s (2.357e-02 s/TS) || Energy: ~1.02e-20 (-34.52dB)
[@     2m56s] Timestep:         7551 || Speed:  343.3 MC/s (2.583e-02 s/TS) || Energy: ~8.21e-21 (-35.44dB)
[@     3m00s] Timestep:         7722 || Speed:  370.1 MC/s (2.396e-02 s/TS) || Energy: ~7.35e-21 (-35.93dB)
[@     3m04s] Timestep:         7893 || Speed:  370.1 MC/s (2.395e-02 s/TS) || Energy: ~6.76e-21 (-36.29dB)
[@     3m09s] Timestep:         8163 || Speed:  573.8 MC/s (1.545e-02 s/TS) || Energy: ~5.64e-21 (-37.08dB)
[@     3m13s] Timestep:         8334 || Speed:  366.2 MC/s (2.421e-02 s/TS) || Energy: ~5.41e-21 (-37.25dB)
[@     3m17s] Timestep:         8505 || Speed:  367.7 MC/s (2.411e-02 s/TS) || Energy: ~5.14e-21 (-37.48dB)
[@     3m21s] Timestep:         8676 || Speed:  364.5 MC/s (2.433e-02 s/TS) || Energy: ~4.67e-21 (-37.90dB)
[@     3m25s] Timestep:         8847 || Speed:  363.3 MC/s (2.440e-02 s/TS) || Energy: ~4.39e-21 (-38.17dB)
[@     3m29s] Timestep:         9018 || Speed:  359.9 MC/s (2.463e-02 s/TS) || Energy: ~4.02e-21 (-38.54dB)
[@     3m33s] Timestep:         9189 || Speed:  365.0 MC/s (2.429e-02 s/TS) || Energy: ~3.50e-21 (-39.15dB)
[@     3m37s] Timestep:         9450 || Speed:  576.8 MC/s (1.537e-02 s/TS) || Energy: ~2.96e-21 (-39.88dB)
[@     3m42s] Timestep:         9621 || Speed:  364.2 MC/s (2.435e-02 s/TS) || Energy: ~2.84e-21 (-40.06dB)
[@     3m46s] Timestep:         9792 || Speed:  361.4 MC/s (2.453e-02 s/TS) || Energy: ~2.71e-21 (-40.27dB)
[@     3m50s] Timestep:         9963 || Speed:  364.2 MC/s (2.435e-02 s/TS) || Energy: ~2.52e-21 (-40.58dB)
[@     3m54s] Timestep:        10134 || Speed:  364.3 MC/s (2.434e-02 s/TS) || Energy: ~2.38e-21 (-40.83dB)
[@     3m58s] Timestep:        10296 || Speed:  356.0 MC/s (2.491e-02 s/TS) || Energy: ~2.37e-21 (-40.85dB)
[@     4m02s] Timestep:        10467 || Speed:  363.0 MC/s (2.442e-02 s/TS) || Energy: ~2.07e-21 (-41.44dB)
[@     4m07s] Timestep:        10638 || Speed:  366.4 MC/s (2.420e-02 s/TS) || Energy: ~1.70e-21 (-42.28dB)
[@     4m11s] Timestep:        10908 || Speed:  582.9 MC/s (1.521e-02 s/TS) || Energy: ~1.56e-21 (-42.66dB)
[@     4m15s] Timestep:        11079 || Speed:  365.1 MC/s (2.429e-02 s/TS) || Energy: ~1.33e-21 (-43.34dB)
[@     4m19s] Timestep:        11250 || Speed:  365.0 MC/s (2.429e-02 s/TS) || Energy: ~1.14e-21 (-44.03dB)
[@     4m23s] Timestep:        11421 || Speed:  367.1 MC/s (2.416e-02 s/TS) || Energy: ~1.04e-21 (-44.40dB)
[@     4m27s] Timestep:        11592 || Speed:  367.3 MC/s (2.414e-02 s/TS) || Energy: ~1.06e-21 (-44.32dB)
[@     4m31s] Timestep:        11763 || Speed:  364.8 MC/s (2.431e-02 s/TS) || Energy: ~1.07e-21 (-44.30dB)
[@     4m35s] Timestep:        11925 || Speed:  357.4 MC/s (2.481e-02 s/TS) || Energy: ~8.32e-22 (-45.39dB)
[@     4m39s] Timestep:        12186 || Speed:  578.4 MC/s (1.533e-02 s/TS) || Energy: ~6.64e-22 (-46.37dB)
[@     4m43s] Timestep:        12348 || Speed:  358.6 MC/s (2.472e-02 s/TS) || Energy: ~6.51e-22 (-46.45dB)
[@     4m48s] Timestep:        12519 || Speed:  362.0 MC/s (2.450e-02 s/TS) || Energy: ~6.56e-22 (-46.42dB)
[@     4m52s] Timestep:        12681 || Speed:  358.9 MC/s (2.470e-02 s/TS) || Energy: ~6.88e-22 (-46.21dB)
[@     4m56s] Timestep:        12843 || Speed:  354.9 MC/s (2.498e-02 s/TS) || Energy: ~6.29e-22 (-46.61dB)
[@     5m00s] Timestep:        13014 || Speed:  367.4 MC/s (2.413e-02 s/TS) || Energy: ~5.45e-22 (-47.23dB)
[@     5m04s] Timestep:        13185 || Speed:  360.3 MC/s (2.461e-02 s/TS) || Energy: ~4.83e-22 (-47.75dB)
[@     5m08s] Timestep:        13455 || Speed:  582.0 MC/s (1.523e-02 s/TS) || Energy: ~4.57e-22 (-48.00dB)
[@     5m12s] Timestep:        13626 || Speed:  362.6 MC/s (2.445e-02 s/TS) || Energy: ~4.47e-22 (-48.08dB)
[@     5m16s] Timestep:        13797 || Speed:  359.5 MC/s (2.467e-02 s/TS) || Energy: ~4.15e-22 (-48.41dB)
[@     5m21s] Timestep:        13968 || Speed:  364.3 MC/s (2.434e-02 s/TS) || Energy: ~3.66e-22 (-48.96dB)
[@     5m25s] Timestep:        14139 || Speed:  370.6 MC/s (2.392e-02 s/TS) || Energy: ~3.22e-22 (-49.51dB)
[@     5m29s] Timestep:        14310 || Speed:  369.2 MC/s (2.402e-02 s/TS) || Energy: ~3.12e-22 (-49.64dB)
[@     5m33s] Timestep:        14481 || Speed:  366.8 MC/s (2.417e-02 s/TS) || Energy: ~2.98e-22 (-49.85dB)
[@     5m37s] Timestep:        14760 || Speed:  588.7 MC/s (1.506e-02 s/TS) || Energy: ~2.67e-22 (-50.33dB)
Time for 14760 iterations with 8866385.00 cells : 337.67 sec
Speed: 387.57 MCells/s 
    [excite port 20/24]
 ---------------------------------------------------------------------- 
 | openEMS 64bit -- version v0.37.0-rc1-2-g7b051bb
 | (C) 2010-2026 Thorsten Liebig <thorsten.liebig@gmx.de>  GPL license
 ---------------------------------------------------------------------- 
	Used external libraries:
		CSXCAD -- Version: v0.7.0-rc1-1-g5115701
		hdf5   -- Version: 1.10.10
		          compiled against: HDF5 library version: 1.10.10
		tinyxml -- compiled against: 2.6.2
		fparser
		boost  -- compiled against: 1_83
		vtk -- Version: 9.1.0
		       compiled against: 9.1.0

Create FDTD operator (compressed SSE + multi-threading)
FDTD simulation size: 163x215x253 --> 8866385.00 FDTD cells 
FDTD timestep is: 0.00 s; Nyquist rate: 36 timesteps @101341000663.00 Hz
Excitation signal length is: 420 timesteps (0.00s)
Max. number of timesteps: 30000 ( --> 71.43 * Excitation signal length)
Create FDTD engine (compressed SSE + multi-threading)
Running FDTD engine... this may take a while... grab a cup of coffee?!?
[@        4s] Timestep:          108 || Speed:  222.8 MC/s (3.979e-02 s/TS) || Energy: ~1.15e-20 (- 0.00dB)
[@        8s] Timestep:          360 || Speed:  548.7 MC/s (1.616e-02 s/TS) || Energy: ~2.70e-17 (- 0.00dB)
[@       12s] Timestep:          531 || Speed:  360.6 MC/s (2.459e-02 s/TS) || Energy: ~1.63e-17 (- 2.19dB)
Multithreaded Engine: Best performance found using 2 threads.
[@       16s] Timestep:          693 || Speed:  345.0 MC/s (2.570e-02 s/TS) || Energy: ~9.92e-18 (- 4.35dB)
[@       20s] Timestep:          846 || Speed:  334.1 MC/s (2.654e-02 s/TS) || Energy: ~7.11e-18 (- 5.80dB)
[@       24s] Timestep:         1008 || Speed:  344.5 MC/s (2.573e-02 s/TS) || Energy: ~5.28e-18 (- 7.09dB)
[@       29s] Timestep:         1170 || Speed:  352.6 MC/s (2.515e-02 s/TS) || Energy: ~3.87e-18 (- 8.43dB)
[@       33s] Timestep:         1323 || Speed:  331.1 MC/s (2.678e-02 s/TS) || Energy: ~2.70e-18 (-10.00dB)
[@       37s] Timestep:         1575 || Speed:  533.3 MC/s (1.663e-02 s/TS) || Energy: ~1.74e-18 (-11.90dB)
[@       41s] Timestep:         1737 || Speed:  343.8 MC/s (2.579e-02 s/TS) || Energy: ~1.38e-18 (-12.93dB)
[@       45s] Timestep:         1890 || Speed:  337.7 MC/s (2.626e-02 s/TS) || Energy: ~1.08e-18 (-13.99dB)
[@       49s] Timestep:         2052 || Speed:  343.7 MC/s (2.580e-02 s/TS) || Energy: ~8.05e-19 (-15.26dB)
[@       53s] Timestep:         2214 || Speed:  344.6 MC/s (2.573e-02 s/TS) || Energy: ~6.39e-19 (-16.26dB)
[@       58s] Timestep:         2376 || Speed:  344.2 MC/s (2.576e-02 s/TS) || Energy: ~5.37e-19 (-17.01dB)
[@     1m02s] Timestep:         2529 || Speed:  330.6 MC/s (2.682e-02 s/TS) || Energy: ~4.20e-19 (-18.08dB)
[@     1m06s] Timestep:         2691 || Speed:  346.6 MC/s (2.558e-02 s/TS) || Energy: ~3.51e-19 (-18.86dB)
[@     1m10s] Timestep:         2844 || Speed:  338.1 MC/s (2.623e-02 s/TS) || Energy: ~3.22e-19 (-19.24dB)
[@     1m14s] Timestep:         3006 || Speed:  344.1 MC/s (2.577e-02 s/TS) || Energy: ~2.70e-19 (-20.00dB)
[@     1m18s] Timestep:         3168 || Speed:  346.7 MC/s (2.557e-02 s/TS) || Energy: ~2.22e-19 (-20.86dB)
[@     1m22s] Timestep:         3465 || Speed:  646.3 MC/s (1.372e-02 s/TS) || Energy: ~1.41e-19 (-22.81dB)
[@     1m26s] Timestep:         3627 || Speed:  340.0 MC/s (2.608e-02 s/TS) || Energy: ~1.27e-19 (-23.28dB)
[@     1m31s] Timestep:         3789 || Speed:  344.5 MC/s (2.573e-02 s/TS) || Energy: ~1.04e-19 (-24.13dB)
[@     1m35s] Timestep:         3951 || Speed:  344.0 MC/s (2.577e-02 s/TS) || Energy: ~8.95e-20 (-24.80dB)
[@     1m39s] Timestep:         4104 || Speed:  329.4 MC/s (2.692e-02 s/TS) || Energy: ~8.02e-20 (-25.27dB)
[@     1m43s] Timestep:         4266 || Speed:  343.0 MC/s (2.585e-02 s/TS) || Energy: ~7.35e-20 (-25.65dB)
[@     1m47s] Timestep:         4410 || Speed:  305.2 MC/s (2.905e-02 s/TS) || Energy: ~6.13e-20 (-26.44dB)
[@     1m51s] Timestep:         4635 || Speed:  474.0 MC/s (1.870e-02 s/TS) || Energy: ~5.18e-20 (-27.18dB)
[@     1m56s] Timestep:         4788 || Speed:  330.0 MC/s (2.687e-02 s/TS) || Energy: ~5.04e-20 (-27.29dB)
[@     2m00s] Timestep:         4941 || Speed:  319.5 MC/s (2.775e-02 s/TS) || Energy: ~4.03e-20 (-28.26dB)
[@     2m04s] Timestep:         5094 || Speed:  324.0 MC/s (2.737e-02 s/TS) || Energy: ~3.33e-20 (-29.10dB)
[@     2m08s] Timestep:         5247 || Speed:  329.1 MC/s (2.694e-02 s/TS) || Energy: ~3.17e-20 (-29.30dB)
[@     2m12s] Timestep:         5400 || Speed:  319.7 MC/s (2.773e-02 s/TS) || Energy: ~3.21e-20 (-29.26dB)
[@     2m16s] Timestep:         5553 || Speed:  328.9 MC/s (2.696e-02 s/TS) || Energy: ~2.22e-20 (-30.85dB)
[@     2m21s] Timestep:         5796 || Speed:  524.2 MC/s (1.691e-02 s/TS) || Energy: ~1.89e-20 (-31.55dB)
[@     2m25s] Timestep:         5940 || Speed:  305.8 MC/s (2.899e-02 s/TS) || Energy: ~2.22e-20 (-30.86dB)
[@     2m29s] Timestep:         6093 || Speed:  328.1 MC/s (2.702e-02 s/TS) || Energy: ~1.71e-20 (-32.00dB)
[@     2m33s] Timestep:         6237 || Speed:  300.8 MC/s (2.947e-02 s/TS) || Energy: ~1.47e-20 (-32.66dB)
[@     2m37s] Timestep:         6372 || Speed:  292.2 MC/s (3.034e-02 s/TS) || Energy: ~1.57e-20 (-32.34dB)
[@     2m41s] Timestep:         6507 || Speed:  290.7 MC/s (3.050e-02 s/TS) || Energy: ~1.17e-20 (-33.63dB)
[@     2m45s] Timestep:         6651 || Speed:  310.0 MC/s (2.860e-02 s/TS) || Energy: ~1.32e-20 (-33.13dB)
[@     2m50s] Timestep:         6885 || Speed:  505.2 MC/s (1.755e-02 s/TS) || Energy: ~9.57e-21 (-34.51dB)
[@     2m54s] Timestep:         7038 || Speed:  323.0 MC/s (2.745e-02 s/TS) || Energy: ~8.83e-21 (-34.86dB)
[@     2m58s] Timestep:         7182 || Speed:  310.9 MC/s (2.852e-02 s/TS) || Energy: ~9.35e-21 (-34.61dB)
[@     3m02s] Timestep:         7326 || Speed:  302.4 MC/s (2.932e-02 s/TS) || Energy: ~6.39e-21 (-36.26dB)
[@     3m06s] Timestep:         7470 || Speed:  308.7 MC/s (2.872e-02 s/TS) || Energy: ~8.21e-21 (-35.17dB)
[@     3m10s] Timestep:         7623 || Speed:  321.0 MC/s (2.762e-02 s/TS) || Energy: ~7.03e-21 (-35.85dB)
[@     3m15s] Timestep:         7767 || Speed:  306.1 MC/s (2.897e-02 s/TS) || Energy: ~5.05e-21 (-37.28dB)
[@     3m19s] Timestep:         8001 || Speed:  492.5 MC/s (1.800e-02 s/TS) || Energy: ~5.66e-21 (-36.79dB)
[@     3m23s] Timestep:         8145 || Speed:  314.6 MC/s (2.819e-02 s/TS) || Energy: ~4.89e-21 (-37.42dB)
[@     3m27s] Timestep:         8298 || Speed:  328.3 MC/s (2.700e-02 s/TS) || Energy: ~3.81e-21 (-38.51dB)
[@     3m31s] Timestep:         8451 || Speed:  326.9 MC/s (2.712e-02 s/TS) || Energy: ~3.95e-21 (-38.35dB)
[@     3m35s] Timestep:         8604 || Speed:  329.1 MC/s (2.694e-02 s/TS) || Energy: ~4.24e-21 (-38.05dB)
[@     3m39s] Timestep:         8748 || Speed:  318.5 MC/s (2.783e-02 s/TS) || Energy: ~2.93e-21 (-39.65dB)
[@     3m43s] Timestep:         8901 || Speed:  328.7 MC/s (2.697e-02 s/TS) || Energy: ~2.99e-21 (-39.56dB)
[@     3m48s] Timestep:         9144 || Speed:  527.3 MC/s (1.681e-02 s/TS) || Energy: ~3.07e-21 (-39.44dB)
[@     3m52s] Timestep:         9297 || Speed:  323.7 MC/s (2.739e-02 s/TS) || Energy: ~2.40e-21 (-40.51dB)
[@     3m56s] Timestep:         9450 || Speed:  327.0 MC/s (2.712e-02 s/TS) || Energy: ~2.02e-21 (-41.26dB)
[@     4m00s] Timestep:         9603 || Speed:  329.6 MC/s (2.690e-02 s/TS) || Energy: ~2.32e-21 (-40.66dB)
[@     4m04s] Timestep:         9756 || Speed:  319.1 MC/s (2.778e-02 s/TS) || Energy: ~2.09e-21 (-41.12dB)
[@     4m08s] Timestep:         9900 || Speed:  319.1 MC/s (2.779e-02 s/TS) || Energy: ~1.58e-21 (-42.34dB)
[@     4m12s] Timestep:        10044 || Speed:  316.0 MC/s (2.806e-02 s/TS) || Energy: ~1.86e-21 (-41.62dB)
[@     4m16s] Timestep:        10188 || Speed:  315.4 MC/s (2.812e-02 s/TS) || Energy: ~1.49e-21 (-42.59dB)
[@     4m21s] Timestep:        10431 || Speed:  516.2 MC/s (1.718e-02 s/TS) || Energy: ~1.16e-21 (-43.67dB)
[@     4m25s] Timestep:        10584 || Speed:  329.4 MC/s (2.692e-02 s/TS) || Energy: ~1.38e-21 (-42.91dB)
[@     4m29s] Timestep:        10737 || Speed:  327.6 MC/s (2.706e-02 s/TS) || Energy: ~1.26e-21 (-43.33dB)
[@     4m33s] Timestep:        10890 || Speed:  322.9 MC/s (2.746e-02 s/TS) || Energy: ~9.16e-22 (-44.70dB)
[@     4m37s] Timestep:        11025 || Speed:  283.1 MC/s (3.132e-02 s/TS) || Energy: ~1.09e-21 (-43.95dB)
[@     4m41s] Timestep:        11160 || Speed:  288.1 MC/s (3.078e-02 s/TS) || Energy: ~8.29e-22 (-45.13dB)
[@     4m45s] Timestep:        11313 || Speed:  330.3 MC/s (2.684e-02 s/TS) || Energy: ~7.51e-22 (-45.56dB)
[@     4m50s] Timestep:        11547 || Speed:  513.6 MC/s (1.726e-02 s/TS) || Energy: ~8.85e-22 (-44.85dB)
[@     4m54s] Timestep:        11700 || Speed:  323.9 MC/s (2.737e-02 s/TS) || Energy: ~6.25e-22 (-46.36dB)
[@     4m58s] Timestep:        11853 || Speed:  335.0 MC/s (2.647e-02 s/TS) || Energy: ~5.19e-22 (-47.17dB)
[@     5m02s] Timestep:        11997 || Speed:  313.2 MC/s (2.831e-02 s/TS) || Energy: ~6.98e-22 (-45.88dB)
[@     5m06s] Timestep:        12141 || Speed:  310.4 MC/s (2.856e-02 s/TS) || Energy: ~4.56e-22 (-47.73dB)
[@     5m10s] Timestep:        12285 || Speed:  304.0 MC/s (2.917e-02 s/TS) || Energy: ~5.14e-22 (-47.21dB)
[@     5m14s] Timestep:        12429 || Speed:  304.9 MC/s (2.908e-02 s/TS) || Energy: ~4.95e-22 (-47.37dB)
[@     5m18s] Timestep:        12663 || Speed:  517.4 MC/s (1.714e-02 s/TS) || Energy: ~3.54e-22 (-48.83dB)
[@     5m22s] Timestep:        12807 || Speed:  319.0 MC/s (2.779e-02 s/TS) || Energy: ~4.21e-22 (-48.07dB)
[@     5m26s] Timestep:        12960 || Speed:  329.0 MC/s (2.695e-02 s/TS) || Energy: ~3.64e-22 (-48.70dB)
[@     5m31s] Timestep:        13113 || Speed:  332.6 MC/s (2.666e-02 s/TS) || Energy: ~3.00e-22 (-49.55dB)
[@     5m35s] Timestep:        13266 || Speed:  335.4 MC/s (2.644e-02 s/TS) || Energy: ~2.99e-22 (-49.56dB)
[@     5m39s] Timestep:        13419 || Speed:  326.3 MC/s (2.718e-02 s/TS) || Energy: ~3.16e-22 (-49.32dB)
[@     5m43s] Timestep:        13572 || Speed:  330.7 MC/s (2.681e-02 s/TS) || Energy: ~2.41e-22 (-50.50dB)
Time for 13572 iterations with 8866385.00 cells : 343.36 sec
Speed: 350.46 MCells/s 
    [excite port 21/24]
 ---------------------------------------------------------------------- 
 | openEMS 64bit -- version v0.37.0-rc1-2-g7b051bb
 | (C) 2010-2026 Thorsten Liebig <thorsten.liebig@gmx.de>  GPL license
 ---------------------------------------------------------------------- 
	Used external libraries:
		CSXCAD -- Version: v0.7.0-rc1-1-g5115701
		hdf5   -- Version: 1.10.10
		          compiled against: HDF5 library version: 1.10.10
		tinyxml -- compiled against: 2.6.2
		fparser
		boost  -- compiled against: 1_83
		vtk -- Version: 9.1.0
		       compiled against: 9.1.0

Create FDTD operator (compressed SSE + multi-threading)
FDTD simulation size: 163x215x253 --> 8866385.00 FDTD cells 
FDTD timestep is: 0.00 s; Nyquist rate: 36 timesteps @101341000663.00 Hz
Excitation signal length is: 420 timesteps (0.00s)
Max. number of timesteps: 30000 ( --> 71.43 * Excitation signal length)
Create FDTD engine (compressed SSE + multi-threading)
Running FDTD engine... this may take a while... grab a cup of coffee?!?
[@        4s] Timestep:           99 || Speed:  212.8 MC/s (4.167e-02 s/TS) || Energy: ~1.05e-20 (- 0.00dB)
[@        8s] Timestep:          243 || Speed:  303.4 MC/s (2.922e-02 s/TS) || Energy: ~2.58e-17 (- 0.00dB)
[@       12s] Timestep:          486 || Speed:  527.7 MC/s (1.680e-02 s/TS) || Energy: ~2.31e-17 (- 0.48dB)
[@       16s] Timestep:          648 || Speed:  349.2 MC/s (2.539e-02 s/TS) || Energy: ~2.04e-17 (- 1.01dB)
Multithreaded Engine: Best performance found using 3 threads.
[@       20s] Timestep:          810 || Speed:  341.8 MC/s (2.594e-02 s/TS) || Energy: ~1.53e-17 (- 2.27dB)
[@       24s] Timestep:          972 || Speed:  339.9 MC/s (2.609e-02 s/TS) || Energy: ~1.08e-17 (- 3.78dB)
[@       29s] Timestep:         1134 || Speed:  343.5 MC/s (2.581e-02 s/TS) || Energy: ~7.74e-18 (- 5.23dB)
[@       33s] Timestep:         1296 || Speed:  347.9 MC/s (2.549e-02 s/TS) || Energy: ~5.24e-18 (- 6.92dB)
[@       37s] Timestep:         1449 || Speed:  335.5 MC/s (2.643e-02 s/TS) || Energy: ~3.99e-18 (- 8.10dB)
[@       41s] Timestep:         1602 || Speed:  335.8 MC/s (2.640e-02 s/TS) || Energy: ~3.10e-18 (- 9.20dB)
[@       45s] Timestep:         1854 || Speed:  556.6 MC/s (1.593e-02 s/TS) || Energy: ~1.98e-18 (-11.15dB)
[@       49s] Timestep:         2016 || Speed:  348.9 MC/s (2.541e-02 s/TS) || Energy: ~1.44e-18 (-12.52dB)
[@       53s] Timestep:         2178 || Speed:  352.5 MC/s (2.516e-02 s/TS) || Energy: ~1.22e-18 (-13.25dB)
[@       57s] Timestep:         2340 || Speed:  343.0 MC/s (2.585e-02 s/TS) || Energy: ~1.08e-18 (-13.80dB)
[@     1m01s] Timestep:         2502 || Speed:  352.4 MC/s (2.516e-02 s/TS) || Energy: ~8.27e-19 (-14.94dB)
[@     1m05s] Timestep:         2664 || Speed:  354.7 MC/s (2.500e-02 s/TS) || Energy: ~6.65e-19 (-15.89dB)
[@     1m09s] Timestep:         2826 || Speed:  353.7 MC/s (2.507e-02 s/TS) || Energy: ~6.04e-19 (-16.30dB)
[@     1m14s] Timestep:         3087 || Speed:  568.4 MC/s (1.560e-02 s/TS) || Energy: ~4.47e-19 (-17.62dB)
[@     1m18s] Timestep:         3240 || Speed:  336.6 MC/s (2.634e-02 s/TS) || Energy: ~3.68e-19 (-18.46dB)
[@     1m22s] Timestep:         3393 || Speed:  327.5 MC/s (2.707e-02 s/TS) || Energy: ~3.27e-19 (-18.96dB)
[@     1m26s] Timestep:         3546 || Speed:  327.0 MC/s (2.711e-02 s/TS) || Energy: ~2.88e-19 (-19.52dB)
[@     1m30s] Timestep:         3699 || Speed:  324.7 MC/s (2.731e-02 s/TS) || Energy: ~2.67e-19 (-19.84dB)
[@     1m34s] Timestep:         3852 || Speed:  335.7 MC/s (2.641e-02 s/TS) || Energy: ~2.04e-19 (-21.02dB)
[@     1m38s] Timestep:         4014 || Speed:  351.7 MC/s (2.521e-02 s/TS) || Energy: ~2.09e-19 (-20.90dB)
[@     1m42s] Timestep:         4275 || Speed:  576.9 MC/s (1.537e-02 s/TS) || Energy: ~1.78e-19 (-21.61dB)
[@     1m46s] Timestep:         4437 || Speed:  348.3 MC/s (2.546e-02 s/TS) || Energy: ~1.16e-19 (-23.48dB)
[@     1m50s] Timestep:         4590 || Speed:  335.9 MC/s (2.640e-02 s/TS) || Energy: ~1.40e-19 (-22.64dB)
[@     1m55s] Timestep:         4752 || Speed:  339.8 MC/s (2.609e-02 s/TS) || Energy: ~1.23e-19 (-23.22dB)
[@     1m59s] Timestep:         4905 || Speed:  334.1 MC/s (2.654e-02 s/TS) || Energy: ~9.42e-20 (-24.37dB)
[@     2m03s] Timestep:         5067 || Speed:  343.3 MC/s (2.582e-02 s/TS) || Energy: ~9.79e-20 (-24.21dB)
[@     2m07s] Timestep:         5220 || Speed:  335.6 MC/s (2.642e-02 s/TS) || Energy: ~7.85e-20 (-25.16dB)
[@     2m11s] Timestep:         5472 || Speed:  550.6 MC/s (1.610e-02 s/TS) || Energy: ~7.75e-20 (-25.22dB)
[@     2m15s] Timestep:         5634 || Speed:  343.0 MC/s (2.585e-02 s/TS) || Energy: ~6.14e-20 (-26.23dB)
[@     2m19s] Timestep:         5787 || Speed:  324.0 MC/s (2.737e-02 s/TS) || Energy: ~6.27e-20 (-26.14dB)
[@     2m23s] Timestep:         5913 || Speed:  269.3 MC/s (3.293e-02 s/TS) || Energy: ~5.01e-20 (-27.12dB)
[@     2m28s] Timestep:         6039 || Speed:  264.6 MC/s (3.351e-02 s/TS) || Energy: ~5.50e-20 (-26.71dB)
[@     2m32s] Timestep:         6156 || Speed:  252.7 MC/s (3.508e-02 s/TS) || Energy: ~4.96e-20 (-27.16dB)
[@     2m36s] Timestep:         6300 || Speed:  307.1 MC/s (2.887e-02 s/TS) || Energy: ~4.57e-20 (-27.51dB)
[@     2m40s] Timestep:         6444 || Speed:  303.2 MC/s (2.924e-02 s/TS) || Energy: ~3.98e-20 (-28.11dB)
[@     2m44s] Timestep:         6669 || Speed:  492.1 MC/s (1.802e-02 s/TS) || Energy: ~3.52e-20 (-28.65dB)
[@     2m48s] Timestep:         6813 || Speed:  314.2 MC/s (2.822e-02 s/TS) || Energy: ~3.44e-20 (-28.75dB)
[@     2m52s] Timestep:         6957 || Speed:  318.1 MC/s (2.788e-02 s/TS) || Energy: ~3.11e-20 (-29.18dB)
[@     2m56s] Timestep:         7101 || Speed:  316.1 MC/s (2.805e-02 s/TS) || Energy: ~2.83e-20 (-29.60dB)
[@     3m00s] Timestep:         7254 || Speed:  322.1 MC/s (2.753e-02 s/TS) || Energy: ~2.88e-20 (-29.51dB)
[@     3m05s] Timestep:         7398 || Speed:  312.3 MC/s (2.839e-02 s/TS) || Energy: ~2.30e-20 (-30.50dB)
[@     3m09s] Timestep:         7533 || Speed:  298.3 MC/s (2.972e-02 s/TS) || Energy: ~2.41e-20 (-30.30dB)
[@     3m13s] Timestep:         7758 || Speed:  473.6 MC/s (1.872e-02 s/TS) || Energy: ~1.96e-20 (-31.18dB)
[@     3m17s] Timestep:         7902 || Speed:  312.8 MC/s (2.835e-02 s/TS) || Energy: ~1.85e-20 (-31.44dB)
[@     3m21s] Timestep:         8055 || Speed:  322.6 MC/s (2.748e-02 s/TS) || Energy: ~1.82e-20 (-31.51dB)
[@     3m25s] Timestep:         8199 || Speed:  313.2 MC/s (2.831e-02 s/TS) || Energy: ~1.36e-20 (-32.79dB)
[@     3m29s] Timestep:         8352 || Speed:  323.4 MC/s (2.742e-02 s/TS) || Energy: ~1.55e-20 (-32.20dB)
[@     3m33s] Timestep:         8496 || Speed:  318.9 MC/s (2.780e-02 s/TS) || Energy: ~1.12e-20 (-33.62dB)
[@     3m38s] Timestep:         8649 || Speed:  323.9 MC/s (2.738e-02 s/TS) || Energy: ~1.22e-20 (-33.26dB)
[@     3m42s] Timestep:         8874 || Speed:  498.7 MC/s (1.778e-02 s/TS) || Energy: ~8.95e-21 (-34.59dB)
[@     3m46s] Timestep:         9018 || Speed:  309.8 MC/s (2.862e-02 s/TS) || Energy: ~9.99e-21 (-34.12dB)
[@     3m50s] Timestep:         9162 || Speed:  315.3 MC/s (2.812e-02 s/TS) || Energy: ~8.45e-21 (-34.84dB)
[@     3m54s] Timestep:         9315 || Speed:  320.5 MC/s (2.766e-02 s/TS) || Energy: ~7.77e-21 (-35.21dB)
[@     3m58s] Timestep:         9468 || Speed:  320.3 MC/s (2.769e-02 s/TS) || Energy: ~7.20e-21 (-35.54dB)
[@     4m02s] Timestep:         9612 || Speed:  308.8 MC/s (2.871e-02 s/TS) || Energy: ~6.93e-21 (-35.71dB)
[@     4m06s] Timestep:         9756 || Speed:  308.3 MC/s (2.876e-02 s/TS) || Energy: ~5.83e-21 (-36.46dB)
[@     4m11s] Timestep:         9999 || Speed:  512.1 MC/s (1.731e-02 s/TS) || Energy: ~6.02e-21 (-36.31dB)
[@     4m15s] Timestep:        10143 || Speed:  317.2 MC/s (2.795e-02 s/TS) || Energy: ~4.72e-21 (-37.37dB)
[@     4m19s] Timestep:        10296 || Speed:  322.4 MC/s (2.750e-02 s/TS) || Energy: ~5.06e-21 (-37.07dB)
[@     4m23s] Timestep:        10449 || Speed:  319.0 MC/s (2.779e-02 s/TS) || Energy: ~4.57e-21 (-37.51dB)
[@     4m27s] Timestep:        10593 || Speed:  312.2 MC/s (2.840e-02 s/TS) || Energy: ~4.05e-21 (-38.03dB)
[@     4m31s] Timestep:        10737 || Speed:  304.2 MC/s (2.914e-02 s/TS) || Energy: ~4.16e-21 (-37.92dB)
[@     4m36s] Timestep:        10881 || Speed:  311.9 MC/s (2.843e-02 s/TS) || Energy: ~3.45e-21 (-38.73dB)
[@     4m40s] Timestep:        11034 || Speed:  329.0 MC/s (2.695e-02 s/TS) || Energy: ~3.36e-21 (-38.85dB)
[@     4m44s] Timestep:        11277 || Speed:  515.0 MC/s (1.722e-02 s/TS) || Energy: ~3.42e-21 (-38.78dB)
[@     4m48s] Timestep:        11430 || Speed:  326.0 MC/s (2.720e-02 s/TS) || Energy: ~2.21e-21 (-40.68dB)
[@     4m52s] Timestep:        11583 || Speed:  320.1 MC/s (2.770e-02 s/TS) || Energy: ~3.03e-21 (-39.30dB)
[@     4m56s] Timestep:        11727 || Speed:  310.6 MC/s (2.854e-02 s/TS) || Energy: ~1.91e-21 (-41.30dB)
[@     5m00s] Timestep:        11871 || Speed:  311.7 MC/s (2.845e-02 s/TS) || Energy: ~2.66e-21 (-39.86dB)
[@     5m05s] Timestep:        12024 || Speed:  323.4 MC/s (2.742e-02 s/TS) || Energy: ~1.87e-21 (-41.39dB)
[@     5m09s] Timestep:        12177 || Speed:  327.9 MC/s (2.704e-02 s/TS) || Energy: ~1.80e-21 (-41.57dB)
[@     5m13s] Timestep:        12420 || Speed:  527.9 MC/s (1.680e-02 s/TS) || Energy: ~1.91e-21 (-41.30dB)
[@     5m17s] Timestep:        12573 || Speed:  329.8 MC/s (2.689e-02 s/TS) || Energy: ~1.31e-21 (-42.95dB)
[@     5m21s] Timestep:        12726 || Speed:  323.8 MC/s (2.739e-02 s/TS) || Energy: ~1.62e-21 (-42.03dB)
[@     5m25s] Timestep:        12870 || Speed:  309.1 MC/s (2.869e-02 s/TS) || Energy: ~1.23e-21 (-43.23dB)
[@     5m29s] Timestep:        13023 || Speed:  327.0 MC/s (2.712e-02 s/TS) || Energy: ~1.27e-21 (-43.07dB)
[@     5m34s] Timestep:        13176 || Speed:  322.2 MC/s (2.752e-02 s/TS) || Energy: ~1.20e-21 (-43.33dB)
[@     5m38s] Timestep:        13329 || Speed:  322.1 MC/s (2.753e-02 s/TS) || Energy: ~1.02e-21 (-44.01dB)
[@     5m42s] Timestep:        13572 || Speed:  515.2 MC/s (1.721e-02 s/TS) || Energy: ~9.59e-22 (-44.30dB)
[@     5m46s] Timestep:        13725 || Speed:  321.2 MC/s (2.760e-02 s/TS) || Energy: ~9.72e-22 (-44.24dB)
[@     5m50s] Timestep:        13878 || Speed:  322.2 MC/s (2.752e-02 s/TS) || Energy: ~6.33e-22 (-46.10dB)
[@     5m55s] Timestep:        14031 || Speed:  321.0 MC/s (2.762e-02 s/TS) || Energy: ~8.76e-22 (-44.69dB)
[@     5m59s] Timestep:        14184 || Speed:  325.6 MC/s (2.723e-02 s/TS) || Energy: ~6.51e-22 (-45.98dB)
[@     6m03s] Timestep:        14337 || Speed:  321.7 MC/s (2.756e-02 s/TS) || Energy: ~5.45e-22 (-46.75dB)
[@     6m07s] Timestep:        14490 || Speed:  322.4 MC/s (2.750e-02 s/TS) || Energy: ~6.79e-22 (-45.79dB)
[@     6m11s] Timestep:        14724 || Speed:  518.3 MC/s (1.711e-02 s/TS) || Energy: ~4.47e-22 (-47.61dB)
[@     6m15s] Timestep:        14868 || Speed:  310.0 MC/s (2.860e-02 s/TS) || Energy: ~4.94e-22 (-47.18dB)
[@     6m20s] Timestep:        15012 || Speed:  311.9 MC/s (2.843e-02 s/TS) || Energy: ~4.11e-22 (-47.97dB)
[@     6m24s] Timestep:        15156 || Speed:  318.0 MC/s (2.789e-02 s/TS) || Energy: ~3.98e-22 (-48.12dB)
[@     6m28s] Timestep:        15300 || Speed:  309.7 MC/s (2.863e-02 s/TS) || Energy: ~3.84e-22 (-48.28dB)
[@     6m32s] Timestep:        15444 || Speed:  318.9 MC/s (2.780e-02 s/TS) || Energy: ~3.16e-22 (-49.12dB)
[@     6m36s] Timestep:        15588 || Speed:  317.8 MC/s (2.790e-02 s/TS) || Energy: ~3.62e-22 (-48.52dB)
[@     6m40s] Timestep:        15822 || Speed:  488.0 MC/s (1.817e-02 s/TS) || Energy: ~2.45e-22 (-50.22dB)
Time for 15822 iterations with 8866385.00 cells : 400.43 sec
Speed: 350.34 MCells/s 
    [excite port 22/24]
 ---------------------------------------------------------------------- 
 | openEMS 64bit -- version v0.37.0-rc1-2-g7b051bb
 | (C) 2010-2026 Thorsten Liebig <thorsten.liebig@gmx.de>  GPL license
 ---------------------------------------------------------------------- 
	Used external libraries:
		CSXCAD -- Version: v0.7.0-rc1-1-g5115701
		hdf5   -- Version: 1.10.10
		          compiled against: HDF5 library version: 1.10.10
		tinyxml -- compiled against: 2.6.2
		fparser
		boost  -- compiled against: 1_83
		vtk -- Version: 9.1.0
		       compiled against: 9.1.0

Create FDTD operator (compressed SSE + multi-threading)
FDTD simulation size: 163x215x253 --> 8866385.00 FDTD cells 
FDTD timestep is: 0.00 s; Nyquist rate: 36 timesteps @101341000663.00 Hz
Excitation signal length is: 420 timesteps (0.00s)
Max. number of timesteps: 30000 ( --> 71.43 * Excitation signal length)
Create FDTD engine (compressed SSE + multi-threading)
Running FDTD engine... this may take a while... grab a cup of coffee?!?
[@        4s] Timestep:           99 || Speed:  202.0 MC/s (4.388e-02 s/TS) || Energy: ~1.05e-20 (- 0.00dB)
[@        8s] Timestep:          315 || Speed:  472.3 MC/s (1.877e-02 s/TS) || Energy: ~2.72e-17 (- 0.00dB)
[@       12s] Timestep:          459 || Speed:  305.9 MC/s (2.899e-02 s/TS) || Energy: ~2.71e-17 (- 0.01dB)
Multithreaded Engine: Best performance found using 2 threads.
[@       16s] Timestep:          585 || Speed:  277.7 MC/s (3.192e-02 s/TS) || Energy: ~2.18e-17 (- 0.96dB)
[@       20s] Timestep:          720 || Speed:  282.9 MC/s (3.134e-02 s/TS) || Energy: ~1.85e-17 (- 1.69dB)
[@       24s] Timestep:          855 || Speed:  290.8 MC/s (3.049e-02 s/TS) || Energy: ~1.42e-17 (- 2.81dB)
[@       29s] Timestep:          990 || Speed:  285.5 MC/s (3.106e-02 s/TS) || Energy: ~1.08e-17 (- 4.00dB)
[@       33s] Timestep:         1125 || Speed:  285.2 MC/s (3.109e-02 s/TS) || Energy: ~8.16e-18 (- 5.23dB)
[@       37s] Timestep:         1260 || Speed:  287.0 MC/s (3.090e-02 s/TS) || Energy: ~5.68e-18 (- 6.81dB)
[@       41s] Timestep:         1476 || Speed:  453.7 MC/s (1.954e-02 s/TS) || Energy: ~3.85e-18 (- 8.49dB)
[@       45s] Timestep:         1611 || Speed:  286.7 MC/s (3.093e-02 s/TS) || Energy: ~2.94e-18 (- 9.67dB)
[@       50s] Timestep:         1746 || Speed:  285.9 MC/s (3.101e-02 s/TS) || Energy: ~2.65e-18 (-10.12dB)
[@       54s] Timestep:         1881 || Speed:  285.5 MC/s (3.105e-02 s/TS) || Energy: ~2.02e-18 (-11.29dB)
[@       58s] Timestep:         2016 || Speed:  289.8 MC/s (3.059e-02 s/TS) || Energy: ~1.59e-18 (-12.33dB)
[@     1m02s] Timestep:         2151 || Speed:  288.6 MC/s (3.072e-02 s/TS) || Energy: ~1.35e-18 (-13.03dB)
[@     1m06s] Timestep:         2286 || Speed:  286.7 MC/s (3.093e-02 s/TS) || Energy: ~1.09e-18 (-13.98dB)
[@     1m10s] Timestep:         2502 || Speed:  458.1 MC/s (1.935e-02 s/TS) || Energy: ~8.64e-19 (-14.98dB)
[@     1m15s] Timestep:         2637 || Speed:  288.2 MC/s (3.077e-02 s/TS) || Energy: ~6.84e-19 (-16.00dB)
[@     1m19s] Timestep:         2772 || Speed:  293.6 MC/s (3.020e-02 s/TS) || Energy: ~5.98e-19 (-16.58dB)
[@     1m23s] Timestep:         2907 || Speed:  286.4 MC/s (3.096e-02 s/TS) || Energy: ~4.82e-19 (-17.52dB)
[@     1m27s] Timestep:         3042 || Speed:  286.5 MC/s (3.095e-02 s/TS) || Energy: ~4.12e-19 (-18.20dB)
[@     1m31s] Timestep:         3177 || Speed:  287.8 MC/s (3.080e-02 s/TS) || Energy: ~3.63e-19 (-18.75dB)
[@     1m35s] Timestep:         3312 || Speed:  283.0 MC/s (3.132e-02 s/TS) || Energy: ~2.87e-19 (-19.77dB)
[@     1m40s] Timestep:         3528 || Speed:  451.2 MC/s (1.965e-02 s/TS) || Energy: ~2.37e-19 (-20.60dB)
[@     1m44s] Timestep:         3663 || Speed:  283.1 MC/s (3.132e-02 s/TS) || Energy: ~1.96e-19 (-21.42dB)
[@     1m48s] Timestep:         3789 || Speed:  276.9 MC/s (3.203e-02 s/TS) || Energy: ~1.69e-19 (-22.07dB)
[@     1m52s] Timestep:         3924 || Speed:  288.1 MC/s (3.077e-02 s/TS) || Energy: ~1.61e-19 (-22.27dB)
[@     1m56s] Timestep:         4059 || Speed:  286.7 MC/s (3.093e-02 s/TS) || Energy: ~1.27e-19 (-23.32dB)
[@     2m00s] Timestep:         4194 || Speed:  289.6 MC/s (3.062e-02 s/TS) || Energy: ~1.24e-19 (-23.42dB)
[@     2m05s] Timestep:         4329 || Speed:  285.6 MC/s (3.104e-02 s/TS) || Energy: ~1.03e-19 (-24.23dB)
[@     2m09s] Timestep:         4545 || Speed:  455.4 MC/s (1.947e-02 s/TS) || Energy: ~8.43e-20 (-25.09dB)
[@     2m13s] Timestep:         4671 || Speed:  273.6 MC/s (3.241e-02 s/TS) || Energy: ~8.45e-20 (-25.08dB)
[@     2m17s] Timestep:         4797 || Speed:  275.4 MC/s (3.219e-02 s/TS) || Energy: ~6.69e-20 (-26.10dB)
[@     2m21s] Timestep:         4932 || Speed:  284.5 MC/s (3.117e-02 s/TS) || Energy: ~6.76e-20 (-26.05dB)
[@     2m25s] Timestep:         5058 || Speed:  277.1 MC/s (3.200e-02 s/TS) || Energy: ~5.60e-20 (-26.87dB)
[@     2m29s] Timestep:         5184 || Speed:  277.5 MC/s (3.195e-02 s/TS) || Energy: ~5.14e-20 (-27.24dB)
[@     2m33s] Timestep:         5319 || Speed:  286.0 MC/s (3.100e-02 s/TS) || Energy: ~5.01e-20 (-27.35dB)
[@     2m37s] Timestep:         5526 || Speed:  453.7 MC/s (1.954e-02 s/TS) || Energy: ~3.76e-20 (-28.60dB)
[@     2m41s] Timestep:         5652 || Speed:  275.4 MC/s (3.219e-02 s/TS) || Energy: ~3.75e-20 (-28.61dB)
[@     2m46s] Timestep:         5787 || Speed:  285.5 MC/s (3.106e-02 s/TS) || Energy: ~3.50e-20 (-28.91dB)
[@     2m50s] Timestep:         5913 || Speed:  279.1 MC/s (3.177e-02 s/TS) || Energy: ~3.08e-20 (-29.46dB)
[@     2m54s] Timestep:         6048 || Speed:  283.0 MC/s (3.133e-02 s/TS) || Energy: ~2.78e-20 (-29.91dB)
[@     2m58s] Timestep:         6183 || Speed:  287.2 MC/s (3.087e-02 s/TS) || Energy: ~2.66e-20 (-30.10dB)
[@     3m02s] Timestep:         6318 || Speed:  287.5 MC/s (3.084e-02 s/TS) || Energy: ~2.24e-20 (-30.84dB)
[@     3m06s] Timestep:         6525 || Speed:  452.4 MC/s (1.960e-02 s/TS) || Energy: ~2.20e-20 (-30.93dB)
[@     3m10s] Timestep:         6660 || Speed:  286.3 MC/s (3.097e-02 s/TS) || Energy: ~1.84e-20 (-31.71dB)
[@     3m15s] Timestep:         6795 || Speed:  282.6 MC/s (3.138e-02 s/TS) || Energy: ~1.75e-20 (-31.93dB)
[@     3m19s] Timestep:         6930 || Speed:  286.4 MC/s (3.096e-02 s/TS) || Energy: ~1.61e-20 (-32.28dB)
[@     3m23s] Timestep:         7065 || Speed:  284.8 MC/s (3.114e-02 s/TS) || Energy: ~1.49e-20 (-32.62dB)
[@     3m27s] Timestep:         7200 || Speed:  284.5 MC/s (3.117e-02 s/TS) || Energy: ~1.30e-20 (-33.22dB)
[@     3m31s] Timestep:         7335 || Speed:  287.7 MC/s (3.082e-02 s/TS) || Energy: ~1.32e-20 (-33.13dB)
[@     3m36s] Timestep:         7470 || Speed:  282.3 MC/s (3.141e-02 s/TS) || Energy: ~1.06e-20 (-34.08dB)
[@     3m40s] Timestep:         7686 || Speed:  448.6 MC/s (1.976e-02 s/TS) || Energy: ~1.07e-20 (-34.07dB)
[@     3m44s] Timestep:         7821 || Speed:  286.6 MC/s (3.093e-02 s/TS) || Energy: ~8.93e-21 (-34.84dB)
[@     3m48s] Timestep:         7956 || Speed:  289.3 MC/s (3.064e-02 s/TS) || Energy: ~8.90e-21 (-34.86dB)
[@     3m52s] Timestep:         8091 || Speed:  286.2 MC/s (3.098e-02 s/TS) || Energy: ~7.75e-21 (-35.46dB)
[@     3m57s] Timestep:         8226 || Speed:  284.8 MC/s (3.113e-02 s/TS) || Energy: ~7.28e-21 (-35.72dB)
[@     4m01s] Timestep:         8361 || Speed:  287.5 MC/s (3.084e-02 s/TS) || Energy: ~7.04e-21 (-35.87dB)
[@     4m05s] Timestep:         8496 || Speed:  285.3 MC/s (3.107e-02 s/TS) || Energy: ~5.62e-21 (-36.85dB)
[@     4m09s] Timestep:         8712 || Speed:  454.1 MC/s (1.953e-02 s/TS) || Energy: ~6.05e-21 (-36.53dB)
[@     4m13s] Timestep:         8847 || Speed:  289.3 MC/s (3.065e-02 s/TS) || Energy: ~4.62e-21 (-37.70dB)
[@     4m17s] Timestep:         8982 || Speed:  290.1 MC/s (3.057e-02 s/TS) || Energy: ~4.63e-21 (-37.70dB)
[@     4m22s] Timestep:         9117 || Speed:  283.9 MC/s (3.123e-02 s/TS) || Energy: ~4.50e-21 (-37.82dB)
[@     4m26s] Timestep:         9252 || Speed:  285.0 MC/s (3.111e-02 s/TS) || Energy: ~3.61e-21 (-38.78dB)
[@     4m30s] Timestep:         9387 || Speed:  289.8 MC/s (3.059e-02 s/TS) || Energy: ~3.98e-21 (-38.35dB)
[@     4m34s] Timestep:         9522 || Speed:  285.9 MC/s (3.101e-02 s/TS) || Energy: ~3.23e-21 (-39.26dB)
[@     4m38s] Timestep:         9729 || Speed:  458.1 MC/s (1.936e-02 s/TS) || Energy: ~3.04e-21 (-39.52dB)
[@     4m42s] Timestep:         9864 || Speed:  286.4 MC/s (3.096e-02 s/TS) || Energy: ~2.66e-21 (-40.10dB)
[@     4m47s] Timestep:         9999 || Speed:  287.4 MC/s (3.085e-02 s/TS) || Energy: ~2.88e-21 (-39.76dB)
[@     4m51s] Timestep:        10134 || Speed:  286.1 MC/s (3.099e-02 s/TS) || Energy: ~2.00e-21 (-41.35dB)
[@     4m55s] Timestep:        10269 || Speed:  285.8 MC/s (3.103e-02 s/TS) || Energy: ~2.63e-21 (-40.14dB)
[@     4m59s] Timestep:        10404 || Speed:  290.4 MC/s (3.053e-02 s/TS) || Energy: ~1.69e-21 (-42.07dB)
[@     5m03s] Timestep:        10539 || Speed:  287.2 MC/s (3.087e-02 s/TS) || Energy: ~2.12e-21 (-41.09dB)
[@     5m07s] Timestep:        10755 || Speed:  454.7 MC/s (1.950e-02 s/TS) || Energy: ~1.79e-21 (-41.82dB)
[@     5m12s] Timestep:        10890 || Speed:  286.4 MC/s (3.096e-02 s/TS) || Energy: ~1.41e-21 (-42.86dB)
[@     5m16s] Timestep:        11025 || Speed:  281.2 MC/s (3.153e-02 s/TS) || Energy: ~1.56e-21 (-42.42dB)
[@     5m20s] Timestep:        11160 || Speed:  286.5 MC/s (3.095e-02 s/TS) || Energy: ~1.26e-21 (-43.36dB)
[@     5m24s] Timestep:        11295 || Speed:  285.9 MC/s (3.101e-02 s/TS) || Energy: ~1.29e-21 (-43.23dB)
[@     5m28s] Timestep:        11430 || Speed:  287.0 MC/s (3.089e-02 s/TS) || Energy: ~1.12e-21 (-43.84dB)
[@     5m33s] Timestep:        11565 || Speed:  281.2 MC/s (3.154e-02 s/TS) || Energy: ~1.12e-21 (-43.85dB)
[@     5m37s] Timestep:        11781 || Speed:  453.4 MC/s (1.956e-02 s/TS) || Energy: ~9.46e-22 (-44.59dB)
[@     5m41s] Timestep:        11916 || Speed:  286.0 MC/s (3.100e-02 s/TS) || Energy: ~9.27e-22 (-44.68dB)
[@     5m45s] Timestep:        12051 || Speed:  287.4 MC/s (3.086e-02 s/TS) || Energy: ~8.53e-22 (-45.04dB)
[@     5m49s] Timestep:        12186 || Speed:  281.1 MC/s (3.154e-02 s/TS) || Energy: ~7.73e-22 (-45.46dB)
[@     5m54s] Timestep:        12321 || Speed:  280.5 MC/s (3.161e-02 s/TS) || Energy: ~7.46e-22 (-45.62dB)
[@     5m58s] Timestep:        12456 || Speed:  286.9 MC/s (3.091e-02 s/TS) || Energy: ~7.10e-22 (-45.84dB)
[@     6m02s] Timestep:        12591 || Speed:  287.2 MC/s (3.087e-02 s/TS) || Energy: ~6.01e-22 (-46.56dB)
[@     6m06s] Timestep:        12798 || Speed:  454.4 MC/s (1.951e-02 s/TS) || Energy: ~6.48e-22 (-46.23dB)
[@     6m10s] Timestep:        12933 || Speed:  285.6 MC/s (3.105e-02 s/TS) || Energy: ~5.21e-22 (-47.18dB)
[@     6m15s] Timestep:        13068 || Speed:  284.2 MC/s (3.119e-02 s/TS) || Energy: ~5.13e-22 (-47.25dB)
[@     6m19s] Timestep:        13203 || Speed:  286.6 MC/s (3.093e-02 s/TS) || Energy: ~4.81e-22 (-47.53dB)
[@     6m23s] Timestep:        13338 || Speed:  288.1 MC/s (3.078e-02 s/TS) || Energy: ~4.58e-22 (-47.74dB)
[@     6m27s] Timestep:        13473 || Speed:  289.2 MC/s (3.066e-02 s/TS) || Energy: ~3.90e-22 (-48.43dB)
[@     6m31s] Timestep:        13608 || Speed:  284.2 MC/s (3.120e-02 s/TS) || Energy: ~4.35e-22 (-47.97dB)
[@     6m35s] Timestep:        13806 || Speed:  424.8 MC/s (2.087e-02 s/TS) || Energy: ~3.74e-22 (-48.62dB)
[@     6m40s] Timestep:        13941 || Speed:  280.3 MC/s (3.163e-02 s/TS) || Energy: ~3.03e-22 (-49.53dB)
[@     6m44s] Timestep:        14076 || Speed:  284.3 MC/s (3.119e-02 s/TS) || Energy: ~3.28e-22 (-49.19dB)
[@     6m48s] Timestep:        14202 || Speed:  277.6 MC/s (3.194e-02 s/TS) || Energy: ~3.01e-22 (-49.56dB)
[@     6m52s] Timestep:        14337 || Speed:  289.4 MC/s (3.063e-02 s/TS) || Energy: ~2.52e-22 (-50.33dB)
Time for 14337 iterations with 8866385.00 cells : 412.51 sec
Speed: 308.16 MCells/s 
    [excite port 23/24]
 ---------------------------------------------------------------------- 
 | openEMS 64bit -- version v0.37.0-rc1-2-g7b051bb
 | (C) 2010-2026 Thorsten Liebig <thorsten.liebig@gmx.de>  GPL license
 ---------------------------------------------------------------------- 
	Used external libraries:
		CSXCAD -- Version: v0.7.0-rc1-1-g5115701
		hdf5   -- Version: 1.10.10
		          compiled against: HDF5 library version: 1.10.10
		tinyxml -- compiled against: 2.6.2
		fparser
		boost  -- compiled against: 1_83
		vtk -- Version: 9.1.0
		       compiled against: 9.1.0

Create FDTD operator (compressed SSE + multi-threading)
FDTD simulation size: 163x215x253 --> 8866385.00 FDTD cells 
FDTD timestep is: 0.00 s; Nyquist rate: 36 timesteps @101341000663.00 Hz
Excitation signal length is: 420 timesteps (0.00s)
Max. number of timesteps: 30000 ( --> 71.43 * Excitation signal length)
Create FDTD engine (compressed SSE + multi-threading)
Running FDTD engine... this may take a while... grab a cup of coffee?!?
[@        4s] Timestep:           99 || Speed:  202.7 MC/s (4.374e-02 s/TS) || Energy: ~1.06e-20 (- 0.00dB)
[@        8s] Timestep:          234 || Speed:  280.4 MC/s (3.162e-02 s/TS) || Energy: ~2.49e-17 (- 0.00dB)
[@       12s] Timestep:          378 || Speed:  312.7 MC/s (2.836e-02 s/TS) || Energy: ~2.86e-17 (- 0.00dB)
[@       16s] Timestep:          531 || Speed:  323.2 MC/s (2.744e-02 s/TS) || Energy: ~2.33e-17 (- 0.88dB)
[@       21s] Timestep:          783 || Speed:  535.1 MC/s (1.657e-02 s/TS) || Energy: ~1.50e-17 (- 2.79dB)
[@       25s] Timestep:          936 || Speed:  335.4 MC/s (2.643e-02 s/TS) || Energy: ~1.23e-17 (- 3.65dB)
Multithreaded Engine: Best performance found using 5 threads.
[@       29s] Timestep:         1098 || Speed:  341.9 MC/s (2.593e-02 s/TS) || Energy: ~8.04e-18 (- 5.51dB)
[@       33s] Timestep:         1260 || Speed:  341.4 MC/s (2.597e-02 s/TS) || Energy: ~5.14e-18 (- 7.45dB)
[@       37s] Timestep:         1422 || Speed:  341.3 MC/s (2.598e-02 s/TS) || Energy: ~3.77e-18 (- 8.80dB)
[@       41s] Timestep:         1584 || Speed:  345.0 MC/s (2.570e-02 s/TS) || Energy: ~2.88e-18 (- 9.96dB)
[@       45s] Timestep:         1737 || Speed:  331.4 MC/s (2.676e-02 s/TS) || Energy: ~2.15e-18 (-11.24dB)
[@       50s] Timestep:         1989 || Speed:  538.3 MC/s (1.647e-02 s/TS) || Energy: ~1.50e-18 (-12.80dB)
[@       54s] Timestep:         2151 || Speed:  339.6 MC/s (2.611e-02 s/TS) || Energy: ~1.10e-18 (-14.16dB)
[@       58s] Timestep:         2313 || Speed:  340.5 MC/s (2.604e-02 s/TS) || Energy: ~8.76e-19 (-15.13dB)
[@     1m02s] Timestep:         2475 || Speed:  344.0 MC/s (2.577e-02 s/TS) || Energy: ~7.18e-19 (-16.00dB)
[@     1m06s] Timestep:         2637 || Speed:  344.6 MC/s (2.573e-02 s/TS) || Energy: ~6.16e-19 (-16.66dB)
[@     1m11s] Timestep:         2799 || Speed:  344.4 MC/s (2.574e-02 s/TS) || Energy: ~5.03e-19 (-17.54dB)
[@     1m15s] Timestep:         2952 || Speed:  335.6 MC/s (2.642e-02 s/TS) || Energy: ~4.20e-19 (-18.32dB)
[@     1m19s] Timestep:         3204 || Speed:  555.0 MC/s (1.598e-02 s/TS) || Energy: ~3.19e-19 (-19.52dB)
[@     1m23s] Timestep:         3366 || Speed:  342.2 MC/s (2.591e-02 s/TS) || Energy: ~2.76e-19 (-20.15dB)
[@     1m27s] Timestep:         3528 || Speed:  343.3 MC/s (2.583e-02 s/TS) || Energy: ~2.33e-19 (-20.88dB)
[@     1m31s] Timestep:         3681 || Speed:  336.0 MC/s (2.639e-02 s/TS) || Energy: ~2.16e-19 (-21.22dB)
[@     1m35s] Timestep:         3843 || Speed:  345.0 MC/s (2.570e-02 s/TS) || Energy: ~1.74e-19 (-22.14dB)
[@     1m39s] Timestep:         3987 || Speed:  310.9 MC/s (2.852e-02 s/TS) || Energy: ~1.55e-19 (-22.66dB)
[@     1m43s] Timestep:         4131 || Speed:  316.8 MC/s (2.799e-02 s/TS) || Energy: ~1.42e-19 (-23.02dB)
[@     1m48s] Timestep:         4383 || Speed:  534.3 MC/s (1.659e-02 s/TS) || Energy: ~1.29e-19 (-23.45dB)
[@     1m52s] Timestep:         4536 || Speed:  334.3 MC/s (2.652e-02 s/TS) || Energy: ~9.63e-20 (-24.72dB)
[@     1m56s] Timestep:         4689 || Speed:  335.7 MC/s (2.641e-02 s/TS) || Energy: ~8.65e-20 (-25.19dB)
[@     2m00s] Timestep:         4851 || Speed:  345.9 MC/s (2.564e-02 s/TS) || Energy: ~8.72e-20 (-25.15dB)
[@     2m04s] Timestep:         5004 || Speed:  339.1 MC/s (2.615e-02 s/TS) || Energy: ~7.19e-20 (-25.99dB)
[@     2m08s] Timestep:         5148 || Speed:  316.2 MC/s (2.804e-02 s/TS) || Energy: ~7.30e-20 (-25.92dB)
[@     2m12s] Timestep:         5301 || Speed:  328.4 MC/s (2.700e-02 s/TS) || Energy: ~5.60e-20 (-27.07dB)
[@     2m16s] Timestep:         5463 || Speed:  341.5 MC/s (2.596e-02 s/TS) || Energy: ~5.36e-20 (-27.26dB)
[@     2m20s] Timestep:         5715 || Speed:  533.1 MC/s (1.663e-02 s/TS) || Energy: ~4.97e-20 (-27.59dB)
[@     2m25s] Timestep:         5877 || Speed:  340.0 MC/s (2.608e-02 s/TS) || Energy: ~4.15e-20 (-28.38dB)
[@     2m29s] Timestep:         6030 || Speed:  337.3 MC/s (2.628e-02 s/TS) || Energy: ~3.91e-20 (-28.63dB)
[@     2m33s] Timestep:         6174 || Speed:  316.5 MC/s (2.801e-02 s/TS) || Energy: ~3.57e-20 (-29.03dB)
[@     2m37s] Timestep:         6327 || Speed:  338.4 MC/s (2.620e-02 s/TS) || Energy: ~3.43e-20 (-29.20dB)
[@     2m41s] Timestep:         6489 || Speed:  341.8 MC/s (2.594e-02 s/TS) || Energy: ~2.68e-20 (-30.28dB)
[@     2m45s] Timestep:         6642 || Speed:  331.2 MC/s (2.677e-02 s/TS) || Energy: ~2.66e-20 (-30.30dB)
[@     2m49s] Timestep:         6894 || Speed:  549.2 MC/s (1.614e-02 s/TS) || Energy: ~2.41e-20 (-30.74dB)
[@     2m53s] Timestep:         7056 || Speed:  341.3 MC/s (2.598e-02 s/TS) || Energy: ~2.11e-20 (-31.32dB)
[@     2m57s] Timestep:         7209 || Speed:  322.4 MC/s (2.750e-02 s/TS) || Energy: ~2.10e-20 (-31.34dB)
[@     3m02s] Timestep:         7362 || Speed:  327.3 MC/s (2.709e-02 s/TS) || Energy: ~1.59e-20 (-32.53dB)
[@     3m06s] Timestep:         7515 || Speed:  333.5 MC/s (2.658e-02 s/TS) || Energy: ~1.74e-20 (-32.16dB)
[@     3m10s] Timestep:         7668 || Speed:  325.7 MC/s (2.723e-02 s/TS) || Energy: ~1.49e-20 (-32.81dB)
[@     3m14s] Timestep:         7821 || Speed:  328.5 MC/s (2.699e-02 s/TS) || Energy: ~1.35e-20 (-33.24dB)
[@     3m18s] Timestep:         8073 || Speed:  535.3 MC/s (1.656e-02 s/TS) || Energy: ~1.25e-20 (-33.58dB)
[@     3m22s] Timestep:         8226 || Speed:  321.9 MC/s (2.755e-02 s/TS) || Energy: ~1.07e-20 (-34.26dB)
[@     3m27s] Timestep:         8388 || Speed:  340.4 MC/s (2.605e-02 s/TS) || Energy: ~9.87e-21 (-34.62dB)
[@     3m31s] Timestep:         8541 || Speed:  338.4 MC/s (2.620e-02 s/TS) || Energy: ~9.27e-21 (-34.89dB)
[@     3m35s] Timestep:         8694 || Speed:  338.1 MC/s (2.622e-02 s/TS) || Energy: ~8.96e-21 (-35.04dB)
[@     3m39s] Timestep:         8856 || Speed:  339.9 MC/s (2.609e-02 s/TS) || Energy: ~7.30e-21 (-35.92dB)
[@     3m43s] Timestep:         9009 || Speed:  338.5 MC/s (2.619e-02 s/TS) || Energy: ~6.78e-21 (-36.24dB)
[@     3m47s] Timestep:         9261 || Speed:  556.6 MC/s (1.593e-02 s/TS) || Energy: ~6.23e-21 (-36.61dB)
[@     3m51s] Timestep:         9423 || Speed:  348.1 MC/s (2.547e-02 s/TS) || Energy: ~5.64e-21 (-37.04dB)
[@     3m55s] Timestep:         9576 || Speed:  338.2 MC/s (2.622e-02 s/TS) || Energy: ~4.41e-21 (-38.12dB)
[@     3m59s] Timestep:         9738 || Speed:  344.4 MC/s (2.575e-02 s/TS) || Energy: ~5.04e-21 (-37.53dB)
[@     4m03s] Timestep:         9900 || Speed:  345.3 MC/s (2.568e-02 s/TS) || Energy: ~4.47e-21 (-38.05dB)
[@     4m08s] Timestep:        10062 || Speed:  340.9 MC/s (2.601e-02 s/TS) || Energy: ~4.00e-21 (-38.54dB)
[@     4m12s] Timestep:        10215 || Speed:  335.2 MC/s (2.645e-02 s/TS) || Energy: ~2.85e-21 (-40.00dB)
[@     4m16s] Timestep:        10476 || Speed:  546.1 MC/s (1.624e-02 s/TS) || Energy: ~3.37e-21 (-39.28dB)
[@     4m20s] Timestep:        10629 || Speed:  338.4 MC/s (2.620e-02 s/TS) || Energy: ~3.16e-21 (-39.56dB)
[@     4m24s] Timestep:        10791 || Speed:  343.1 MC/s (2.584e-02 s/TS) || Energy: ~2.39e-21 (-40.77dB)
[@     4m28s] Timestep:        10944 || Speed:  337.8 MC/s (2.625e-02 s/TS) || Energy: ~2.33e-21 (-40.88dB)
[@     4m32s] Timestep:        11097 || Speed:  334.6 MC/s (2.650e-02 s/TS) || Energy: ~2.63e-21 (-40.36dB)
[@     4m36s] Timestep:        11250 || Speed:  336.6 MC/s (2.634e-02 s/TS) || Energy: ~1.90e-21 (-41.76dB)
[@     4m40s] Timestep:        11412 || Speed:  343.7 MC/s (2.580e-02 s/TS) || Energy: ~1.78e-21 (-42.04dB)
[@     4m44s] Timestep:        11574 || Speed:  341.5 MC/s (2.596e-02 s/TS) || Energy: ~1.92e-21 (-41.72dB)
[@     4m49s] Timestep:        11817 || Speed:  508.8 MC/s (1.743e-02 s/TS) || Energy: ~1.46e-21 (-42.91dB)
[@     4m53s] Timestep:        11970 || Speed:  326.5 MC/s (2.715e-02 s/TS) || Energy: ~1.49e-21 (-42.82dB)
[@     4m57s] Timestep:        12132 || Speed:  341.0 MC/s (2.600e-02 s/TS) || Energy: ~1.41e-21 (-43.06dB)
[@     5m01s] Timestep:        12285 || Speed:  334.1 MC/s (2.654e-02 s/TS) || Energy: ~1.14e-21 (-44.00dB)
[@     5m05s] Timestep:        12447 || Speed:  342.7 MC/s (2.587e-02 s/TS) || Energy: ~1.09e-21 (-44.17dB)
[@     5m09s] Timestep:        12600 || Speed:  333.0 MC/s (2.663e-02 s/TS) || Energy: ~1.17e-21 (-43.86dB)
[@     5m13s] Timestep:        12753 || Speed:  338.7 MC/s (2.618e-02 s/TS) || Energy: ~8.44e-22 (-45.29dB)
[@     5m18s] Timestep:        12996 || Speed:  522.8 MC/s (1.696e-02 s/TS) || Energy: ~9.05e-22 (-44.99dB)
[@     5m22s] Timestep:        13158 || Speed:  341.6 MC/s (2.596e-02 s/TS) || Energy: ~7.60e-22 (-45.75dB)
[@     5m26s] Timestep:        13311 || Speed:  333.5 MC/s (2.658e-02 s/TS) || Energy: ~6.93e-22 (-46.15dB)
[@     5m30s] Timestep:        13473 || Speed:  340.5 MC/s (2.604e-02 s/TS) || Energy: ~7.10e-22 (-46.04dB)
[@     5m34s] Timestep:        13635 || Speed:  342.6 MC/s (2.588e-02 s/TS) || Energy: ~7.02e-22 (-46.09dB)
[@     5m38s] Timestep:        13797 || Speed:  339.5 MC/s (2.612e-02 s/TS) || Energy: ~5.12e-22 (-47.47dB)
[@     5m42s] Timestep:        13941 || Speed:  317.3 MC/s (2.795e-02 s/TS) || Energy: ~5.55e-22 (-47.11dB)
[@     5m47s] Timestep:        14193 || Speed:  528.6 MC/s (1.677e-02 s/TS) || Energy: ~5.81e-22 (-46.91dB)
[@     5m51s] Timestep:        14346 || Speed:  326.3 MC/s (2.717e-02 s/TS) || Energy: ~3.03e-22 (-49.75dB)
[@     5m55s] Timestep:        14499 || Speed:  338.6 MC/s (2.619e-02 s/TS) || Energy: ~4.85e-22 (-47.70dB)
[@     5m59s] Timestep:        14661 || Speed:  342.7 MC/s (2.587e-02 s/TS) || Energy: ~4.12e-22 (-48.40dB)
[@     6m03s] Timestep:        14823 || Speed:  340.9 MC/s (2.601e-02 s/TS) || Energy: ~3.50e-22 (-49.12dB)
[@     6m07s] Timestep:        14976 || Speed:  338.4 MC/s (2.620e-02 s/TS) || Energy: ~2.69e-22 (-50.26dB)
Time for 14976 iterations with 8866385.00 cells : 367.78 sec
Speed: 361.04 MCells/s 
    [excite port 24/24]
 ---------------------------------------------------------------------- 
 | openEMS 64bit -- version v0.37.0-rc1-2-g7b051bb
 | (C) 2010-2026 Thorsten Liebig <thorsten.liebig@gmx.de>  GPL license
 ---------------------------------------------------------------------- 
	Used external libraries:
		CSXCAD -- Version: v0.7.0-rc1-1-g5115701
		hdf5   -- Version: 1.10.10
		          compiled against: HDF5 library version: 1.10.10
		tinyxml -- compiled against: 2.6.2
		fparser
		boost  -- compiled against: 1_83
		vtk -- Version: 9.1.0
		       compiled against: 9.1.0

Create FDTD operator (compressed SSE + multi-threading)
FDTD simulation size: 163x215x253 --> 8866385.00 FDTD cells 
FDTD timestep is: 0.00 s; Nyquist rate: 36 timesteps @101341000663.00 Hz
Excitation signal length is: 420 timesteps (0.00s)
Max. number of timesteps: 30000 ( --> 71.43 * Excitation signal length)
Create FDTD engine (compressed SSE + multi-threading)
Running FDTD engine... this may take a while... grab a cup of coffee?!?
[@        4s] Timestep:           99 || Speed:  203.7 MC/s (4.353e-02 s/TS) || Energy: ~1.06e-20 (- 0.00dB)
[@        8s] Timestep:          234 || Speed:  288.4 MC/s (3.074e-02 s/TS) || Energy: ~2.48e-17 (- 0.00dB)
[@       12s] Timestep:          378 || Speed:  314.9 MC/s (2.816e-02 s/TS) || Energy: ~2.79e-17 (- 0.00dB)
[@       16s] Timestep:          531 || Speed:  324.8 MC/s (2.730e-02 s/TS) || Energy: ~2.27e-17 (- 0.89dB)
[@       20s] Timestep:          693 || Speed:  339.6 MC/s (2.611e-02 s/TS) || Energy: ~1.72e-17 (- 2.11dB)
[@       24s] Timestep:          846 || Speed:  337.1 MC/s (2.630e-02 s/TS) || Energy: ~1.38e-17 (- 3.06dB)
Multithreaded Engine: Best performance found using 5 threads.
[@       28s] Timestep:         1143 || Speed:  654.4 MC/s (1.355e-02 s/TS) || Energy: ~7.67e-18 (- 5.61dB)
[@       33s] Timestep:         1296 || Speed:  336.4 MC/s (2.635e-02 s/TS) || Energy: ~5.29e-18 (- 7.22dB)
[@       37s] Timestep:         1449 || Speed:  338.2 MC/s (2.621e-02 s/TS) || Energy: ~3.71e-18 (- 8.77dB)
[@       41s] Timestep:         1602 || Speed:  338.9 MC/s (2.617e-02 s/TS) || Energy: ~3.02e-18 (- 9.66dB)
[@       45s] Timestep:         1764 || Speed:  342.7 MC/s (2.587e-02 s/TS) || Energy: ~2.35e-18 (-10.74dB)
[@       49s] Timestep:         1917 || Speed:  338.7 MC/s (2.618e-02 s/TS) || Energy: ~1.82e-18 (-11.86dB)
[@       53s] Timestep:         2079 || Speed:  342.2 MC/s (2.591e-02 s/TS) || Energy: ~1.42e-18 (-12.93dB)
[@       57s] Timestep:         2331 || Speed:  551.9 MC/s (1.606e-02 s/TS) || Energy: ~9.98e-19 (-14.46dB)
[@     1m01s] Timestep:         2493 || Speed:  342.5 MC/s (2.588e-02 s/TS) || Energy: ~8.18e-19 (-15.33dB)
[@     1m05s] Timestep:         2646 || Speed:  336.3 MC/s (2.637e-02 s/TS) || Energy: ~6.72e-19 (-16.18dB)
[@     1m09s] Timestep:         2808 || Speed:  342.7 MC/s (2.587e-02 s/TS) || Energy: ~5.20e-19 (-17.30dB)
[@     1m14s] Timestep:         2970 || Speed:  343.3 MC/s (2.583e-02 s/TS) || Energy: ~4.19e-19 (-18.24dB)
[@     1m18s] Timestep:         3132 || Speed:  341.0 MC/s (2.600e-02 s/TS) || Energy: ~3.44e-19 (-19.09dB)
[@     1m22s] Timestep:         3294 || Speed:  343.9 MC/s (2.578e-02 s/TS) || Energy: ~3.13e-19 (-19.50dB)
[@     1m26s] Timestep:         3546 || Speed:  552.8 MC/s (1.604e-02 s/TS) || Energy: ~2.63e-19 (-20.26dB)
[@     1m30s] Timestep:         3708 || Speed:  342.6 MC/s (2.588e-02 s/TS) || Energy: ~2.00e-19 (-21.44dB)
[@     1m34s] Timestep:         3870 || Speed:  341.1 MC/s (2.599e-02 s/TS) || Energy: ~1.64e-19 (-22.31dB)
[@     1m39s] Timestep:         4032 || Speed:  341.3 MC/s (2.598e-02 s/TS) || Energy: ~1.59e-19 (-22.45dB)
[@     1m43s] Timestep:         4185 || Speed:  338.1 MC/s (2.622e-02 s/TS) || Energy: ~1.44e-19 (-22.87dB)
[@     1m47s] Timestep:         4347 || Speed:  339.1 MC/s (2.614e-02 s/TS) || Energy: ~1.15e-19 (-23.85dB)
[@     1m51s] Timestep:         4509 || Speed:  346.6 MC/s (2.558e-02 s/TS) || Energy: ~9.65e-20 (-24.61dB)
[@     1m55s] Timestep:         4662 || Speed:  338.2 MC/s (2.621e-02 s/TS) || Energy: ~1.01e-19 (-24.42dB)
[@     1m59s] Timestep:         4905 || Speed:  525.8 MC/s (1.686e-02 s/TS) || Energy: ~7.44e-20 (-25.74dB)
[@     2m03s] Timestep:         5067 || Speed:  342.5 MC/s (2.589e-02 s/TS) || Energy: ~6.18e-20 (-26.55dB)
[@     2m07s] Timestep:         5220 || Speed:  338.9 MC/s (2.617e-02 s/TS) || Energy: ~6.90e-20 (-26.07dB)
[@     2m12s] Timestep:         5382 || Speed:  340.1 MC/s (2.607e-02 s/TS) || Energy: ~5.58e-20 (-26.99dB)
[@     2m16s] Timestep:         5544 || Speed:  343.4 MC/s (2.582e-02 s/TS) || Energy: ~4.55e-20 (-27.88dB)
[@     2m20s] Timestep:         5697 || Speed:  331.2 MC/s (2.677e-02 s/TS) || Energy: ~4.62e-20 (-27.81dB)
[@     2m24s] Timestep:         5832 || Speed:  297.4 MC/s (2.982e-02 s/TS) || Energy: ~4.20e-20 (-28.23dB)
[@     2m28s] Timestep:         6084 || Speed:  538.5 MC/s (1.647e-02 s/TS) || Energy: ~3.54e-20 (-28.97dB)
[@     2m32s] Timestep:         6246 || Speed:  339.9 MC/s (2.609e-02 s/TS) || Energy: ~3.26e-20 (-29.33dB)
[@     2m36s] Timestep:         6399 || Speed:  333.9 MC/s (2.656e-02 s/TS) || Energy: ~3.19e-20 (-29.42dB)
[@     2m40s] Timestep:         6552 || Speed:  329.7 MC/s (2.689e-02 s/TS) || Energy: ~2.52e-20 (-30.44dB)
[@     2m44s] Timestep:         6705 || Speed:  338.9 MC/s (2.616e-02 s/TS) || Energy: ~2.59e-20 (-30.32dB)
[@     2m48s] Timestep:         6858 || Speed:  335.0 MC/s (2.647e-02 s/TS) || Energy: ~2.37e-20 (-30.72dB)
[@     2m53s] Timestep:         7020 || Speed:  341.1 MC/s (2.599e-02 s/TS) || Energy: ~2.15e-20 (-31.13dB)
[@     2m57s] Timestep:         7272 || Speed:  543.6 MC/s (1.631e-02 s/TS) || Energy: ~1.87e-20 (-31.74dB)
[@     3m01s] Timestep:         7434 || Speed:  340.1 MC/s (2.607e-02 s/TS) || Energy: ~1.54e-20 (-32.59dB)
[@     3m05s] Timestep:         7587 || Speed:  337.9 MC/s (2.624e-02 s/TS) || Energy: ~1.47e-20 (-32.79dB)
[@     3m09s] Timestep:         7749 || Speed:  340.1 MC/s (2.607e-02 s/TS) || Energy: ~1.45e-20 (-32.85dB)
[@     3m13s] Timestep:         7902 || Speed:  337.1 MC/s (2.630e-02 s/TS) || Energy: ~1.34e-20 (-33.18dB)
[@     3m17s] Timestep:         8055 || Speed:  337.1 MC/s (2.630e-02 s/TS) || Energy: ~1.05e-20 (-34.25dB)
[@     3m21s] Timestep:         8217 || Speed:  339.8 MC/s (2.609e-02 s/TS) || Energy: ~1.01e-20 (-34.43dB)
[@     3m26s] Timestep:         8469 || Speed:  547.9 MC/s (1.618e-02 s/TS) || Energy: ~1.13e-20 (-33.94dB)
[@     3m30s] Timestep:         8622 || Speed:  336.4 MC/s (2.636e-02 s/TS) || Energy: ~8.05e-21 (-35.40dB)
[@     3m34s] Timestep:         8784 || Speed:  344.3 MC/s (2.575e-02 s/TS) || Energy: ~6.14e-21 (-36.58dB)
[@     3m38s] Timestep:         8946 || Speed:  340.4 MC/s (2.605e-02 s/TS) || Energy: ~6.95e-21 (-36.04dB)
[@     3m42s] Timestep:         9108 || Speed:  339.9 MC/s (2.608e-02 s/TS) || Energy: ~7.62e-21 (-35.64dB)
[@     3m46s] Timestep:         9261 || Speed:  337.9 MC/s (2.624e-02 s/TS) || Energy: ~6.36e-21 (-36.42dB)
[@     3m50s] Timestep:         9423 || Speed:  341.6 MC/s (2.595e-02 s/TS) || Energy: ~4.76e-21 (-37.68dB)
[@     3m55s] Timestep:         9675 || Speed:  543.1 MC/s (1.633e-02 s/TS) || Energy: ~4.53e-21 (-37.90dB)
[@     3m59s] Timestep:         9828 || Speed:  337.9 MC/s (2.624e-02 s/TS) || Energy: ~4.95e-21 (-37.51dB)
[@     4m03s] Timestep:         9990 || Speed:  343.9 MC/s (2.578e-02 s/TS) || Energy: ~4.02e-21 (-38.41dB)
[@     4m07s] Timestep:        10152 || Speed:  340.9 MC/s (2.601e-02 s/TS) || Energy: ~3.48e-21 (-39.04dB)
[@     4m11s] Timestep:        10314 || Speed:  345.9 MC/s (2.563e-02 s/TS) || Energy: ~3.35e-21 (-39.20dB)
[@     4m15s] Timestep:        10476 || Speed:  343.2 MC/s (2.583e-02 s/TS) || Energy: ~3.03e-21 (-39.64dB)
[@     4m20s] Timestep:        10638 || Speed:  340.1 MC/s (2.607e-02 s/TS) || Energy: ~2.89e-21 (-39.85dB)
[@     4m24s] Timestep:        10800 || Speed:  340.9 MC/s (2.601e-02 s/TS) || Energy: ~2.70e-21 (-40.14dB)
[@     4m28s] Timestep:        11052 || Speed:  554.5 MC/s (1.599e-02 s/TS) || Energy: ~2.61e-21 (-40.29dB)
[@     4m32s] Timestep:        11214 || Speed:  339.5 MC/s (2.612e-02 s/TS) || Energy: ~2.21e-21 (-41.01dB)
[@     4m36s] Timestep:        11376 || Speed:  347.3 MC/s (2.553e-02 s/TS) || Energy: ~1.56e-21 (-42.52dB)
[@     4m40s] Timestep:        11520 || Speed:  310.9 MC/s (2.852e-02 s/TS) || Energy: ~2.21e-21 (-41.01dB)
[@     4m44s] Timestep:        11673 || Speed:  323.5 MC/s (2.740e-02 s/TS) || Energy: ~1.78e-21 (-41.96dB)
[@     4m48s] Timestep:        11826 || Speed:  338.0 MC/s (2.624e-02 s/TS) || Energy: ~1.25e-21 (-43.47dB)
[@     4m53s] Timestep:        11988 || Speed:  339.5 MC/s (2.611e-02 s/TS) || Energy: ~1.61e-21 (-42.39dB)
[@     4m57s] Timestep:        12240 || Speed:  556.8 MC/s (1.593e-02 s/TS) || Energy: ~1.59e-21 (-42.45dB)
[@     5m01s] Timestep:        12402 || Speed:  343.2 MC/s (2.583e-02 s/TS) || Energy: ~1.21e-21 (-43.62dB)
[@     5m05s] Timestep:        12555 || Speed:  338.3 MC/s (2.621e-02 s/TS) || Energy: ~8.63e-22 (-45.10dB)
[@     5m09s] Timestep:        12717 || Speed:  339.8 MC/s (2.610e-02 s/TS) || Energy: ~1.08e-21 (-44.14dB)
[@     5m13s] Timestep:        12879 || Speed:  345.2 MC/s (2.569e-02 s/TS) || Energy: ~1.11e-21 (-44.00dB)
[@     5m17s] Timestep:        13041 || Speed:  339.9 MC/s (2.608e-02 s/TS) || Energy: ~8.82e-22 (-45.00dB)
[@     5m21s] Timestep:        13194 || Speed:  338.8 MC/s (2.617e-02 s/TS) || Energy: ~7.41e-22 (-45.76dB)
[@     5m26s] Timestep:        13446 || Speed:  554.4 MC/s (1.599e-02 s/TS) || Energy: ~6.70e-22 (-46.19dB)
[@     5m30s] Timestep:        13608 || Speed:  340.6 MC/s (2.603e-02 s/TS) || Energy: ~6.64e-22 (-46.24dB)
[@     5m34s] Timestep:        13761 || Speed:  337.0 MC/s (2.631e-02 s/TS) || Energy: ~6.46e-22 (-46.35dB)
[@     5m38s] Timestep:        13923 || Speed:  343.4 MC/s (2.582e-02 s/TS) || Energy: ~5.55e-22 (-47.01dB)
[@     5m42s] Timestep:        14085 || Speed:  342.2 MC/s (2.591e-02 s/TS) || Energy: ~4.87e-22 (-47.58dB)
[@     5m46s] Timestep:        14238 || Speed:  336.2 MC/s (2.637e-02 s/TS) || Energy: ~4.75e-22 (-47.69dB)
[@     5m50s] Timestep:        14400 || Speed:  341.3 MC/s (2.598e-02 s/TS) || Energy: ~4.74e-22 (-47.70dB)
[@     5m54s] Timestep:        14652 || Speed:  547.3 MC/s (1.620e-02 s/TS) || Energy: ~4.36e-22 (-48.06dB)
[@     5m59s] Timestep:        14814 || Speed:  340.1 MC/s (2.607e-02 s/TS) || Energy: ~3.52e-22 (-48.98dB)
[@     6m03s] Timestep:        14976 || Speed:  341.2 MC/s (2.598e-02 s/TS) || Energy: ~3.00e-22 (-49.68dB)
[@     6m07s] Timestep:        15138 || Speed:  341.2 MC/s (2.599e-02 s/TS) || Energy: ~3.02e-22 (-49.65dB)
[@     6m11s] Timestep:        15300 || Speed:  343.8 MC/s (2.579e-02 s/TS) || Energy: ~3.07e-22 (-49.59dB)
[@     6m16s] Timestep:        15462 || Speed:  338.7 MC/s (2.618e-02 s/TS) || Energy: ~2.70e-22 (-50.13dB)
Time for 15462 iterations with 8866385.00 cells : 376.05 sec
Speed: 364.56 MCells/s 
    [renorm] analytic coax Z = 27.2 ohm -> 50 ohm
  saved design_sample_11742_wc_L1_ipc_top_openems_se.npz

==============================================================================
STAGE 07 RESULT  (mean floored dB, eye band)
==============================================================================
  [openems_vs_target]
    Sdd11  0-14    floored=  9.14 dB  lin=0.1353
    Sdd11  14-28   floored=  9.75 dB  lin=0.3025
    Sdd21  0-14    floored=  1.29 dB  lin=0.1202
    Sdd21  14-28   floored=  0.52 dB  lin=0.0240
  [openems_vs_pred]
    Sdd11  0-14    floored=  8.31 dB  lin=0.1228
    Sdd11  14-28   floored=  9.89 dB  lin=0.3131
    Sdd21  0-14    floored=  1.40 dB  lin=0.1334
    Sdd21  14-28   floored=  1.15 dB  lin=0.0504

  figure: design_sample_11742_wc_L1_ipc_top_overlay_20260808_160459.png
  table : design_sample_11742_wc_L1_ipc_top_validation_20260808_160459.csv

INTERPRETATION:
  openems_vs_target small  -> the design achieves its goal in real
     physics: the inverse model works. THE thesis result.
  openems_vs_pred within the stage-06 solver floor -> the forward
     surrogate was honest about this design.
  openems_vs_pred >> floor (esp. where TTO optimised) -> surrogate
     exploitation, caught in independent physics. Motivates latent TTO.
