==============================================================================
Stage 07: design_sample_42  (template sim_pkg_0033, pair 1, geometry='x_local_norm')
==============================================================================

  --- geometry sanity check [design_sample_42] ---
    via_radius   = 7.684 mil
    antipad_rad  = 18.645 mil
    pitch        = 56.946 mil
    TDIEL/TMET   = 626.0 total, eps_r=3.916, tan_d=0.0295
    n_ports      = 40
    geometry looks physical (via < antipad < pitch/2, eps_r>1).

  building + simulating in OpenEMS (40 ports) ...
  ArrayModelBuilder v4 (CoaxialPort) for generated_from_sim_pkg_0033
    board (mil) : x[-56.9,398.6] y[-56.9,284.7] z[0,626.0]
    domain (mil): z[-100.0,726.0] (coax stubs of 100 mil above/below)
    coax launch : r_i=7.684 r_o=18.645 (air, Z0 ~ 53 ohm; renormalized to 50 ohm on output)
    mesh res    : 2.982 mil (20 cells/lambda @ 100 GHz)
    boundaries  : lateral PML_8 (infinite planes), z PML_8
    n_ports     : 40
    [excite port 1/40]
 ---------------------------------------------------------------------- 
 | openEMS 64bit -- version v0.37.0-rc1-2-g7b051bb
 | (C) 2010-2026 Thorsten Liebig <thorsten.liebig@gmx.de>  GPL license
 ---------------------------------------------------------------------- 
	Used external libraries:
		CSXCAD -- Version: v0.7.0-rc1-1-g5115701
		hdf5   -- Version: 1.10.10
		          compiled against: HDF5 library version: 1.10.10
		tinyxml -- compiled against: 2.6.2
		fparser
		boost  -- compiled against: 1_83
		vtk -- Version: 9.1.0
		       compiled against: 9.1.0

Create FDTD operator (compressed SSE + multi-threading)
FDTD simulation size: 244x196x271 --> 1.29603e+07 FDTD cells 
FDTD timestep is: 1.44328e-13 s; Nyquist rate: 34 timesteps @1.01892e+11 Hz
Excitation signal length is: 398 timesteps (5.74426e-11s)
Max. number of timesteps: 60000 ( --> 150.754 * Excitation signal length)
Create FDTD engine (compressed SSE + multi-threading)
Running FDTD engine... this may take a while... grab a cup of coffee?!?
[@        4s] Timestep:           24 || Speed:   64.2 MC/s (2.018e-01 s/TS) || Energy: ~4.72e-25 (- 0.00dB)
[@        8s] Timestep:           56 || Speed:  100.8 MC/s (1.285e-01 s/TS) || Energy: ~2.43e-22 (- 0.00dB)
[@       13s] Timestep:           96 || Speed:  127.1 MC/s (1.020e-01 s/TS) || Energy: ~8.30e-21 (- 0.00dB)
[@       17s] Timestep:          144 || Speed:  148.7 MC/s (8.713e-02 s/TS) || Energy: ~1.75e-18 (- 0.00dB)
[@       21s] Timestep:          192 || Speed:  154.5 MC/s (8.391e-02 s/TS) || Energy: ~7.14e-18 (- 0.00dB)
[@       25s] Timestep:          240 || Speed:  154.6 MC/s (8.385e-02 s/TS) || Energy: ~1.81e-17 (- 0.00dB)
[@       29s] Timestep:          296 || Speed:  163.4 MC/s (7.933e-02 s/TS) || Energy: ~1.83e-17 (- 0.00dB)
[@       33s] Timestep:          344 || Speed:  148.7 MC/s (8.717e-02 s/TS) || Energy: ~2.05e-17 (- 0.00dB)
Multithreaded Engine: Best performance found using 7 threads.
[@       38s] Timestep:          400 || Speed:  169.2 MC/s (7.658e-02 s/TS) || Energy: ~1.70e-17 (- 0.81dB)
[@       42s] Timestep:          456 || Speed:  165.5 MC/s (7.830e-02 s/TS) || Energy: ~1.37e-17 (- 1.74dB)
[@       46s] Timestep:          512 || Speed:  173.9 MC/s (7.454e-02 s/TS) || Energy: ~1.46e-17 (- 1.48dB)
[@       51s] Timestep:          568 || Speed:  160.6 MC/s (8.069e-02 s/TS) || Energy: ~1.28e-17 (- 2.05dB)
[@       55s] Timestep:          624 || Speed:  172.0 MC/s (7.536e-02 s/TS) || Energy: ~1.08e-17 (- 2.77dB)
[@       59s] Timestep:          680 || Speed:  172.9 MC/s (7.498e-02 s/TS) || Energy: ~9.93e-18 (- 3.15dB)
[@     1m03s] Timestep:          736 || Speed:  175.5 MC/s (7.383e-02 s/TS) || Energy: ~9.62e-18 (- 3.29dB)
[@     1m08s] Timestep:          792 || Speed:  172.8 MC/s (7.499e-02 s/TS) || Energy: ~8.52e-18 (- 3.81dB)
[@     1m12s] Timestep:          856 || Speed:  196.7 MC/s (6.590e-02 s/TS) || Energy: ~7.41e-18 (- 4.42dB)
[@     1m16s] Timestep:          912 || Speed:  170.9 MC/s (7.581e-02 s/TS) || Energy: ~6.62e-18 (- 4.91dB)
[@     1m20s] Timestep:          968 || Speed:  170.6 MC/s (7.598e-02 s/TS) || Energy: ~6.07e-18 (- 5.29dB)
[@     1m24s] Timestep:         1024 || Speed:  172.3 MC/s (7.521e-02 s/TS) || Energy: ~5.55e-18 (- 5.68dB)
[@     1m29s] Timestep:         1080 || Speed:  170.1 MC/s (7.621e-02 s/TS) || Energy: ~4.94e-18 (- 6.18dB)
[@     1m33s] Timestep:         1136 || Speed:  172.3 MC/s (7.524e-02 s/TS) || Energy: ~4.41e-18 (- 6.68dB)
[@     1m37s] Timestep:         1192 || Speed:  179.2 MC/s (7.234e-02 s/TS) || Energy: ~3.83e-18 (- 7.29dB)
[@     1m42s] Timestep:         1256 || Speed:  180.8 MC/s (7.168e-02 s/TS) || Energy: ~3.02e-18 (- 8.32dB)
[@     1m46s] Timestep:         1312 || Speed:  166.9 MC/s (7.767e-02 s/TS) || Energy: ~2.66e-18 (- 8.88dB)
[@     1m50s] Timestep:         1368 || Speed:  176.4 MC/s (7.347e-02 s/TS) || Energy: ~2.41e-18 (- 9.29dB)
[@     1m54s] Timestep:         1424 || Speed:  180.4 MC/s (7.184e-02 s/TS) || Energy: ~2.18e-18 (- 9.74dB)
[@     1m58s] Timestep:         1480 || Speed:  177.9 MC/s (7.285e-02 s/TS) || Energy: ~2.00e-18 (-10.10dB)
[@     2m02s] Timestep:         1536 || Speed:  180.8 MC/s (7.168e-02 s/TS) || Energy: ~1.87e-18 (-10.41dB)
[@     2m06s] Timestep:         1592 || Speed:  181.2 MC/s (7.152e-02 s/TS) || Energy: ~1.72e-18 (-10.77dB)
[@     2m11s] Timestep:         1656 || Speed:  182.8 MC/s (7.090e-02 s/TS) || Energy: ~1.55e-18 (-11.23dB)
[@     2m15s] Timestep:         1720 || Speed:  205.0 MC/s (6.323e-02 s/TS) || Energy: ~1.26e-18 (-12.12dB)
[@     2m19s] Timestep:         1776 || Speed:  176.5 MC/s (7.342e-02 s/TS) || Energy: ~1.10e-18 (-12.69dB)
[@     2m23s] Timestep:         1840 || Speed:  183.0 MC/s (7.082e-02 s/TS) || Energy: ~1.04e-18 (-12.97dB)
[@     2m28s] Timestep:         1904 || Speed:  181.3 MC/s (7.150e-02 s/TS) || Energy: ~1.05e-18 (-12.91dB)
[@     2m32s] Timestep:         1960 || Speed:  180.4 MC/s (7.185e-02 s/TS) || Energy: ~9.78e-19 (-13.22dB)
[@     2m36s] Timestep:         2016 || Speed:  181.0 MC/s (7.161e-02 s/TS) || Energy: ~8.80e-19 (-13.68dB)
[@     2m40s] Timestep:         2072 || Speed:  179.6 MC/s (7.218e-02 s/TS) || Energy: ~8.08e-19 (-14.05dB)
[@     2m44s] Timestep:         2136 || Speed:  198.6 MC/s (6.526e-02 s/TS) || Energy: ~6.76e-19 (-14.82dB)
[@     2m48s] Timestep:         2192 || Speed:  174.9 MC/s (7.410e-02 s/TS) || Energy: ~5.89e-19 (-15.41dB)
[@     2m52s] Timestep:         2248 || Speed:  176.6 MC/s (7.338e-02 s/TS) || Energy: ~5.10e-19 (-16.04dB)
[@     2m57s] Timestep:         2304 || Speed:  176.4 MC/s (7.348e-02 s/TS) || Energy: ~4.89e-19 (-16.22dB)
[@     3m01s] Timestep:         2360 || Speed:  167.4 MC/s (7.742e-02 s/TS) || Energy: ~4.56e-19 (-16.53dB)
[@     3m05s] Timestep:         2416 || Speed:  163.7 MC/s (7.918e-02 s/TS) || Energy: ~4.26e-19 (-16.83dB)
[@     3m10s] Timestep:         2472 || Speed:  166.0 MC/s (7.809e-02 s/TS) || Energy: ~4.20e-19 (-16.88dB)
[@     3m14s] Timestep:         2528 || Speed:  168.9 MC/s (7.673e-02 s/TS) || Energy: ~4.00e-19 (-17.10dB)
[@     3m18s] Timestep:         2592 || Speed:  187.4 MC/s (6.914e-02 s/TS) || Energy: ~3.64e-19 (-17.51dB)
[@     3m23s] Timestep:         2648 || Speed:  169.0 MC/s (7.669e-02 s/TS) || Energy: ~3.34e-19 (-17.88dB)
[@     3m27s] Timestep:         2704 || Speed:  170.0 MC/s (7.624e-02 s/TS) || Energy: ~3.15e-19 (-18.13dB)
[@     3m31s] Timestep:         2760 || Speed:  167.9 MC/s (7.718e-02 s/TS) || Energy: ~2.79e-19 (-18.66dB)
[@     3m36s] Timestep:         2816 || Speed:  168.1 MC/s (7.711e-02 s/TS) || Energy: ~2.35e-19 (-19.40dB)
[@     3m40s] Timestep:         2872 || Speed:  167.7 MC/s (7.728e-02 s/TS) || Energy: ~2.17e-19 (-19.75dB)
[@     3m44s] Timestep:         2928 || Speed:  168.2 MC/s (7.704e-02 s/TS) || Energy: ~2.15e-19 (-19.79dB)
[@     3m49s] Timestep:         2992 || Speed:  184.0 MC/s (7.046e-02 s/TS) || Energy: ~2.19e-19 (-19.71dB)
[@     3m53s] Timestep:         3048 || Speed:  164.6 MC/s (7.873e-02 s/TS) || Energy: ~2.04e-19 (-20.01dB)
[@     3m58s] Timestep:         3104 || Speed:  165.7 MC/s (7.820e-02 s/TS) || Energy: ~1.93e-19 (-20.27dB)
[@     4m02s] Timestep:         3160 || Speed:  167.3 MC/s (7.747e-02 s/TS) || Energy: ~1.82e-19 (-20.52dB)
[@     4m06s] Timestep:         3216 || Speed:  166.4 MC/s (7.789e-02 s/TS) || Energy: ~1.68e-19 (-20.88dB)
[@     4m11s] Timestep:         3272 || Speed:  164.7 MC/s (7.869e-02 s/TS) || Energy: ~1.53e-19 (-21.28dB)
[@     4m15s] Timestep:         3328 || Speed:  166.7 MC/s (7.776e-02 s/TS) || Energy: ~1.38e-19 (-21.72dB)
[@     4m20s] Timestep:         3392 || Speed:  184.4 MC/s (7.027e-02 s/TS) || Energy: ~1.16e-19 (-22.49dB)
[@     4m24s] Timestep:         3448 || Speed:  164.4 MC/s (7.885e-02 s/TS) || Energy: ~1.05e-19 (-22.92dB)
[@     4m28s] Timestep:         3504 || Speed:  164.7 MC/s (7.869e-02 s/TS) || Energy: ~1.00e-19 (-23.12dB)
[@     4m33s] Timestep:         3560 || Speed:  164.6 MC/s (7.872e-02 s/TS) || Energy: ~9.99e-20 (-23.12dB)
[@     4m37s] Timestep:         3616 || Speed:  164.1 MC/s (7.899e-02 s/TS) || Energy: ~9.57e-20 (-23.31dB)
[@     4m42s] Timestep:         3672 || Speed:  164.4 MC/s (7.883e-02 s/TS) || Energy: ~9.03e-20 (-23.56dB)
[@     4m46s] Timestep:         3728 || Speed:  163.9 MC/s (7.907e-02 s/TS) || Energy: ~8.84e-20 (-23.65dB)
[@     4m51s] Timestep:         3792 || Speed:  182.8 MC/s (7.091e-02 s/TS) || Energy: ~8.26e-20 (-23.95dB)
[@     4m55s] Timestep:         3848 || Speed:  167.5 MC/s (7.738e-02 s/TS) || Energy: ~7.35e-20 (-24.46dB)
[@     4m59s] Timestep:         3904 || Speed:  163.3 MC/s (7.935e-02 s/TS) || Energy: ~6.40e-20 (-25.06dB)
[@     5m04s] Timestep:         3960 || Speed:  163.2 MC/s (7.943e-02 s/TS) || Energy: ~6.00e-20 (-25.34dB)
[@     5m08s] Timestep:         4016 || Speed:  163.9 MC/s (7.906e-02 s/TS) || Energy: ~5.67e-20 (-25.59dB)
[@     5m13s] Timestep:         4072 || Speed:  165.1 MC/s (7.850e-02 s/TS) || Energy: ~5.12e-20 (-26.03dB)
[@     5m17s] Timestep:         4128 || Speed:  163.7 MC/s (7.915e-02 s/TS) || Energy: ~4.74e-20 (-26.37dB)
[@     5m22s] Timestep:         4184 || Speed:  162.6 MC/s (7.969e-02 s/TS) || Energy: ~4.68e-20 (-26.41dB)
[@     5m26s] Timestep:         4240 || Speed:  181.3 MC/s (7.148e-02 s/TS) || Energy: ~4.56e-20 (-26.53dB)
[@     5m30s] Timestep:         4296 || Speed:  161.6 MC/s (8.019e-02 s/TS) || Energy: ~4.26e-20 (-26.83dB)
[@     5m35s] Timestep:         4352 || Speed:  156.8 MC/s (8.268e-02 s/TS) || Energy: ~4.10e-20 (-26.99dB)
[@     5m39s] Timestep:         4400 || Speed:  143.4 MC/s (9.036e-02 s/TS) || Energy: ~3.91e-20 (-27.20dB)
[@     5m43s] Timestep:         4448 || Speed:  151.4 MC/s (8.561e-02 s/TS) || Energy: ~3.43e-20 (-27.76dB)
[@     5m47s] Timestep:         4496 || Speed:  149.4 MC/s (8.675e-02 s/TS) || Energy: ~3.33e-20 (-27.90dB)
[@     5m51s] Timestep:         4584 || Speed:  274.6 MC/s (4.719e-02 s/TS) || Energy: ~3.00e-20 (-28.35dB)
[@     5m56s] Timestep:         4696 || Speed:  337.6 MC/s (3.839e-02 s/TS) || Energy: ~2.58e-20 (-29.00dB)
[@     6m00s] Timestep:         4800 || Speed:  313.1 MC/s (4.139e-02 s/TS) || Energy: ~2.32e-20 (-29.46dB)
[@     6m04s] Timestep:         4896 || Speed:  306.0 MC/s (4.236e-02 s/TS) || Energy: ~2.05e-20 (-30.00dB)
[@     6m08s] Timestep:         4992 || Speed:  309.7 MC/s (4.185e-02 s/TS) || Energy: ~2.02e-20 (-30.06dB)
[@     6m12s] Timestep:         5088 || Speed:  308.8 MC/s (4.197e-02 s/TS) || Energy: ~1.95e-20 (-30.21dB)
[@     6m16s] Timestep:         5184 || Speed:  306.3 MC/s (4.231e-02 s/TS) || Energy: ~1.59e-20 (-31.10dB)
[@     6m20s] Timestep:         5280 || Speed:  309.4 MC/s (4.189e-02 s/TS) || Energy: ~1.31e-20 (-31.93dB)
[@     6m25s] Timestep:         5384 || Speed:  312.8 MC/s (4.144e-02 s/TS) || Energy: ~1.25e-20 (-32.13dB)
[@     6m29s] Timestep:         5504 || Speed:  369.0 MC/s (3.512e-02 s/TS) || Energy: ~1.14e-20 (-32.55dB)
[@     6m33s] Timestep:         5608 || Speed:  315.2 MC/s (4.112e-02 s/TS) || Energy: ~1.08e-20 (-32.80dB)
[@     6m37s] Timestep:         5712 || Speed:  313.5 MC/s (4.133e-02 s/TS) || Energy: ~9.55e-21 (-33.32dB)
[@     6m42s] Timestep:         5816 || Speed:  312.8 MC/s (4.143e-02 s/TS) || Energy: ~8.39e-21 (-33.88dB)
[@     6m46s] Timestep:         5912 || Speed:  307.8 MC/s (4.211e-02 s/TS) || Energy: ~7.24e-21 (-34.52dB)
[@     6m50s] Timestep:         6016 || Speed:  311.1 MC/s (4.166e-02 s/TS) || Energy: ~6.54e-21 (-34.97dB)
[@     6m54s] Timestep:         6120 || Speed:  313.5 MC/s (4.134e-02 s/TS) || Energy: ~5.82e-21 (-35.47dB)
[@     6m58s] Timestep:         6232 || Speed:  356.7 MC/s (3.633e-02 s/TS) || Energy: ~5.64e-21 (-35.60dB)
[@     7m03s] Timestep:         6336 || Speed:  313.9 MC/s (4.129e-02 s/TS) || Energy: ~5.01e-21 (-36.12dB)
[@     7m07s] Timestep:         6440 || Speed:  313.3 MC/s (4.137e-02 s/TS) || Energy: ~4.63e-21 (-36.46dB)
[@     7m11s] Timestep:         6536 || Speed:  311.0 MC/s (4.168e-02 s/TS) || Energy: ~3.91e-21 (-37.20dB)
[@     7m15s] Timestep:         6632 || Speed:  306.6 MC/s (4.227e-02 s/TS) || Energy: ~3.26e-21 (-37.98dB)
[@     7m19s] Timestep:         6720 || Speed:  274.8 MC/s (4.716e-02 s/TS) || Energy: ~3.26e-21 (-37.98dB)
[@     7m23s] Timestep:         6816 || Speed:  294.1 MC/s (4.407e-02 s/TS) || Energy: ~3.22e-21 (-38.04dB)
[@     7m27s] Timestep:         6912 || Speed:  310.6 MC/s (4.172e-02 s/TS) || Energy: ~2.96e-21 (-38.41dB)
[@     7m31s] Timestep:         7024 || Speed:  357.9 MC/s (3.621e-02 s/TS) || Energy: ~2.73e-21 (-38.76dB)
[@     7m36s] Timestep:         7120 || Speed:  306.1 MC/s (4.235e-02 s/TS) || Energy: ~2.47e-21 (-39.20dB)
[@     7m40s] Timestep:         7216 || Speed:  306.9 MC/s (4.223e-02 s/TS) || Energy: ~2.07e-21 (-39.95dB)
[@     7m44s] Timestep:         7312 || Speed:  304.6 MC/s (4.255e-02 s/TS) || Energy: ~1.77e-21 (-40.65dB)
[@     7m48s] Timestep:         7408 || Speed:  291.6 MC/s (4.445e-02 s/TS) || Energy: ~1.58e-21 (-41.13dB)
[@     7m52s] Timestep:         7504 || Speed:  291.0 MC/s (4.454e-02 s/TS) || Energy: ~1.47e-21 (-41.44dB)
[@     7m56s] Timestep:         7600 || Speed:  298.9 MC/s (4.336e-02 s/TS) || Energy: ~1.48e-21 (-41.42dB)
[@     8m01s] Timestep:         7720 || Speed:  359.2 MC/s (3.609e-02 s/TS) || Energy: ~1.20e-21 (-42.34dB)
[@     8m05s] Timestep:         7816 || Speed:  306.3 MC/s (4.232e-02 s/TS) || Energy: ~1.08e-21 (-42.79dB)
[@     8m09s] Timestep:         7912 || Speed:  306.1 MC/s (4.235e-02 s/TS) || Energy: ~1.08e-21 (-42.78dB)
[@     8m13s] Timestep:         8008 || Speed:  305.4 MC/s (4.244e-02 s/TS) || Energy: ~1.09e-21 (-42.76dB)
[@     8m17s] Timestep:         8104 || Speed:  301.2 MC/s (4.302e-02 s/TS) || Energy: ~9.93e-22 (-43.15dB)
[@     8m21s] Timestep:         8200 || Speed:  294.9 MC/s (4.395e-02 s/TS) || Energy: ~8.38e-22 (-43.89dB)
[@     8m25s] Timestep:         8296 || Speed:  299.3 MC/s (4.331e-02 s/TS) || Energy: ~7.04e-22 (-44.64dB)
[@     8m30s] Timestep:         8392 || Speed:  302.2 MC/s (4.289e-02 s/TS) || Energy: ~6.35e-22 (-45.09dB)
[@     8m34s] Timestep:         8504 || Speed:  358.9 MC/s (3.611e-02 s/TS) || Energy: ~5.96e-22 (-45.37dB)
[@     8m38s] Timestep:         8600 || Speed:  304.6 MC/s (4.255e-02 s/TS) || Energy: ~5.24e-22 (-45.92dB)
[@     8m42s] Timestep:         8696 || Speed:  307.9 MC/s (4.210e-02 s/TS) || Energy: ~5.12e-22 (-46.03dB)
[@     8m46s] Timestep:         8792 || Speed:  304.1 MC/s (4.262e-02 s/TS) || Energy: ~5.00e-22 (-46.13dB)
[@     8m50s] Timestep:         8888 || Speed:  308.3 MC/s (4.204e-02 s/TS) || Energy: ~4.74e-22 (-46.37dB)
[@     8m54s] Timestep:         8984 || Speed:  305.4 MC/s (4.243e-02 s/TS) || Energy: ~4.40e-22 (-46.69dB)
[@     8m58s] Timestep:         9080 || Speed:  307.7 MC/s (4.212e-02 s/TS) || Energy: ~3.78e-22 (-47.35dB)
[@     9m02s] Timestep:         9176 || Speed:  299.6 MC/s (4.327e-02 s/TS) || Energy: ~3.12e-22 (-48.18dB)
[@     9m06s] Timestep:         9288 || Speed:  360.0 MC/s (3.600e-02 s/TS) || Energy: ~3.36e-22 (-47.86dB)
[@     9m10s] Timestep:         9384 || Speed:  308.9 MC/s (4.196e-02 s/TS) || Energy: ~2.89e-22 (-48.51dB)
[@     9m14s] Timestep:         9480 || Speed:  309.4 MC/s (4.189e-02 s/TS) || Energy: ~2.38e-22 (-49.36dB)
[@     9m18s] Timestep:         9576 || Speed:  306.7 MC/s (4.226e-02 s/TS) || Energy: ~2.10e-22 (-49.90dB)
[@     9m22s] Timestep:         9672 || Speed:  306.0 MC/s (4.235e-02 s/TS) || Energy: ~2.16e-22 (-49.78dB)
[@     9m26s] Timestep:         9768 || Speed:  307.0 MC/s (4.222e-02 s/TS) || Energy: ~2.27e-22 (-49.56dB)
[@     9m30s] Timestep:         9864 || Speed:  301.9 MC/s (4.293e-02 s/TS) || Energy: ~2.14e-22 (-49.82dB)
[@     9m35s] Timestep:         9976 || Speed:  356.8 MC/s (3.632e-02 s/TS) || Energy: ~1.79e-22 (-50.59dB)
Time for 9976 iterations with 12960304.00 cells : 575.06 sec
Speed: 224.83 MCells/s 
    [excite port 2/40]
 ---------------------------------------------------------------------- 
 | openEMS 64bit -- version v0.37.0-rc1-2-g7b051bb
 | (C) 2010-2026 Thorsten Liebig <thorsten.liebig@gmx.de>  GPL license
 ---------------------------------------------------------------------- 
	Used external libraries:
		CSXCAD -- Version: v0.7.0-rc1-1-g5115701
		hdf5   -- Version: 1.10.10
		          compiled against: HDF5 library version: 1.10.10
		tinyxml -- compiled against: 2.6.2
		fparser
		boost  -- compiled against: 1_83
		vtk -- Version: 9.1.0
		       compiled against: 9.1.0

Create FDTD operator (compressed SSE + multi-threading)
FDTD simulation size: 244x196x271 --> 12960304.00 FDTD cells 
FDTD timestep is: 0.00 s; Nyquist rate: 34 timesteps @101891945817.00 Hz
Excitation signal length is: 398 timesteps (0.00s)
Max. number of timesteps: 60000 ( --> 150.75 * Excitation signal length)
Create FDTD engine (compressed SSE + multi-threading)
Running FDTD engine... this may take a while... grab a cup of coffee?!?
[@        4s] Timestep:           48 || Speed:  129.8 MC/s (9.987e-02 s/TS) || Energy: ~4.53e-23 (- 0.00dB)
[@        9s] Timestep:          120 || Speed:  212.6 MC/s (6.096e-02 s/TS) || Energy: ~1.63e-19 (- 0.00dB)
[@       13s] Timestep:          199 || Speed:  252.4 MC/s (5.135e-02 s/TS) || Energy: ~1.08e-17 (- 0.00dB)
[@       17s] Timestep:          288 || Speed:  275.5 MC/s (4.705e-02 s/TS) || Energy: ~1.84e-17 (- 0.00dB)
[@       21s] Timestep:          384 || Speed:  290.7 MC/s (4.458e-02 s/TS) || Energy: ~1.61e-17 (- 0.58dB)
[@       25s] Timestep:          480 || Speed:  308.4 MC/s (4.202e-02 s/TS) || Energy: ~1.59e-17 (- 0.64dB)
[@       29s] Timestep:          576 || Speed:  301.0 MC/s (4.305e-02 s/TS) || Energy: ~1.31e-17 (- 1.49dB)
Multithreaded Engine: Best performance found using 6 threads.
[@       34s] Timestep:          688 || Speed:  343.8 MC/s (3.770e-02 s/TS) || Energy: ~1.00e-17 (- 2.64dB)
[@       38s] Timestep:          776 || Speed:  277.9 MC/s (4.664e-02 s/TS) || Energy: ~8.99e-18 (- 3.12dB)
[@       42s] Timestep:          864 || Speed:  284.4 MC/s (4.557e-02 s/TS) || Energy: ~7.62e-18 (- 3.83dB)
[@       46s] Timestep:          960 || Speed:  294.8 MC/s (4.396e-02 s/TS) || Energy: ~6.38e-18 (- 4.61dB)
[@       50s] Timestep:         1056 || Speed:  303.4 MC/s (4.272e-02 s/TS) || Energy: ~5.23e-18 (- 5.47dB)
[@       54s] Timestep:         1152 || Speed:  304.0 MC/s (4.263e-02 s/TS) || Energy: ~4.28e-18 (- 6.34dB)
[@       58s] Timestep:         1248 || Speed:  309.0 MC/s (4.194e-02 s/TS) || Energy: ~3.61e-18 (- 7.08dB)
[@     1m02s] Timestep:         1360 || Speed:  359.9 MC/s (3.601e-02 s/TS) || Energy: ~2.68e-18 (- 8.36dB)
[@     1m06s] Timestep:         1456 || Speed:  305.4 MC/s (4.244e-02 s/TS) || Energy: ~2.42e-18 (- 8.82dB)
[@     1m10s] Timestep:         1552 || Speed:  308.7 MC/s (4.199e-02 s/TS) || Energy: ~2.10e-18 (- 9.43dB)
[@     1m14s] Timestep:         1648 || Speed:  306.0 MC/s (4.236e-02 s/TS) || Energy: ~1.73e-18 (-10.27dB)
[@     1m18s] Timestep:         1744 || Speed:  306.9 MC/s (4.223e-02 s/TS) || Energy: ~1.39e-18 (-11.21dB)
[@     1m22s] Timestep:         1840 || Speed:  308.6 MC/s (4.200e-02 s/TS) || Energy: ~1.17e-18 (-11.97dB)
[@     1m27s] Timestep:         1944 || Speed:  311.1 MC/s (4.167e-02 s/TS) || Energy: ~1.01e-18 (-12.62dB)
[@     1m31s] Timestep:         2040 || Speed:  309.3 MC/s (4.190e-02 s/TS) || Energy: ~9.35e-19 (-12.95dB)
[@     1m35s] Timestep:         2160 || Speed:  360.6 MC/s (3.594e-02 s/TS) || Energy: ~7.62e-19 (-13.83dB)
[@     1m39s] Timestep:         2264 || Speed:  311.1 MC/s (4.166e-02 s/TS) || Energy: ~6.38e-19 (-14.60dB)
[@     1m43s] Timestep:         2360 || Speed:  308.1 MC/s (4.206e-02 s/TS) || Energy: ~5.44e-19 (-15.30dB)
[@     1m48s] Timestep:         2456 || Speed:  305.4 MC/s (4.244e-02 s/TS) || Energy: ~5.30e-19 (-15.41dB)
[@     1m52s] Timestep:         2552 || Speed:  304.1 MC/s (4.261e-02 s/TS) || Energy: ~4.82e-19 (-15.82dB)
[@     1m56s] Timestep:         2648 || Speed:  307.1 MC/s (4.220e-02 s/TS) || Energy: ~4.18e-19 (-16.44dB)
[@     2m00s] Timestep:         2744 || Speed:  310.1 MC/s (4.179e-02 s/TS) || Energy: ~3.66e-19 (-17.02dB)
[@     2m04s] Timestep:         2840 || Speed:  307.0 MC/s (4.221e-02 s/TS) || Energy: ~3.25e-19 (-17.53dB)
[@     2m08s] Timestep:         2960 || Speed:  359.9 MC/s (3.601e-02 s/TS) || Energy: ~2.67e-19 (-18.39dB)
[@     2m12s] Timestep:         3056 || Speed:  309.0 MC/s (4.194e-02 s/TS) || Energy: ~2.43e-19 (-18.79dB)
[@     2m16s] Timestep:         3152 || Speed:  302.6 MC/s (4.283e-02 s/TS) || Energy: ~2.28e-19 (-19.07dB)
[@     2m20s] Timestep:         3248 || Speed:  306.5 MC/s (4.229e-02 s/TS) || Energy: ~2.02e-19 (-19.59dB)
[@     2m24s] Timestep:         3344 || Speed:  304.6 MC/s (4.255e-02 s/TS) || Energy: ~1.71e-19 (-20.32dB)
[@     2m28s] Timestep:         3440 || Speed:  306.1 MC/s (4.234e-02 s/TS) || Energy: ~1.44e-19 (-21.08dB)
[@     2m33s] Timestep:         3536 || Speed:  290.5 MC/s (4.462e-02 s/TS) || Energy: ~1.25e-19 (-21.68dB)
[@     2m37s] Timestep:         3648 || Speed:  359.5 MC/s (3.605e-02 s/TS) || Energy: ~1.11e-19 (-22.18dB)
[@     2m41s] Timestep:         3752 || Speed:  311.4 MC/s (4.162e-02 s/TS) || Energy: ~1.02e-19 (-22.55dB)
[@     2m45s] Timestep:         3848 || Speed:  308.1 MC/s (4.207e-02 s/TS) || Energy: ~8.44e-20 (-23.39dB)
[@     2m49s] Timestep:         3944 || Speed:  306.3 MC/s (4.231e-02 s/TS) || Energy: ~7.40e-20 (-23.96dB)
[@     2m53s] Timestep:         4040 || Speed:  304.3 MC/s (4.259e-02 s/TS) || Energy: ~7.43e-20 (-23.94dB)
[@     2m57s] Timestep:         4136 || Speed:  309.8 MC/s (4.183e-02 s/TS) || Energy: ~7.37e-20 (-23.98dB)
[@     3m01s] Timestep:         4232 || Speed:  306.9 MC/s (4.223e-02 s/TS) || Energy: ~6.59e-20 (-24.47dB)
[@     3m05s] Timestep:         4328 || Speed:  307.4 MC/s (4.216e-02 s/TS) || Energy: ~5.48e-20 (-25.27dB)
[@     3m09s] Timestep:         4440 || Speed:  359.4 MC/s (3.606e-02 s/TS) || Energy: ~5.43e-20 (-25.31dB)
[@     3m13s] Timestep:         4536 || Speed:  307.4 MC/s (4.216e-02 s/TS) || Energy: ~4.30e-20 (-26.32dB)
[@     3m18s] Timestep:         4632 || Speed:  296.1 MC/s (4.377e-02 s/TS) || Energy: ~3.25e-20 (-27.54dB)
[@     3m22s] Timestep:         4728 || Speed:  301.0 MC/s (4.305e-02 s/TS) || Energy: ~2.69e-20 (-28.35dB)
[@     3m26s] Timestep:         4824 || Speed:  298.3 MC/s (4.345e-02 s/TS) || Energy: ~2.73e-20 (-28.29dB)
[@     3m30s] Timestep:         4920 || Speed:  300.8 MC/s (4.309e-02 s/TS) || Energy: ~2.98e-20 (-27.90dB)
[@     3m34s] Timestep:         5016 || Speed:  290.3 MC/s (4.465e-02 s/TS) || Energy: ~2.96e-20 (-27.94dB)
[@     3m39s] Timestep:         5112 || Speed:  295.4 MC/s (4.387e-02 s/TS) || Energy: ~2.49e-20 (-28.68dB)
[@     3m43s] Timestep:         5224 || Speed:  352.4 MC/s (3.678e-02 s/TS) || Energy: ~2.49e-20 (-28.69dB)
[@     3m47s] Timestep:         5320 || Speed:  296.9 MC/s (4.365e-02 s/TS) || Energy: ~2.08e-20 (-29.46dB)
[@     3m51s] Timestep:         5416 || Speed:  299.5 MC/s (4.327e-02 s/TS) || Energy: ~1.49e-20 (-30.93dB)
[@     3m55s] Timestep:         5512 || Speed:  288.7 MC/s (4.490e-02 s/TS) || Energy: ~1.09e-20 (-32.26dB)
[@     4m00s] Timestep:         5608 || Speed:  289.9 MC/s (4.470e-02 s/TS) || Energy: ~1.03e-20 (-32.52dB)
[@     4m04s] Timestep:         5704 || Speed:  290.4 MC/s (4.462e-02 s/TS) || Energy: ~1.18e-20 (-31.94dB)
[@     4m08s] Timestep:         5800 || Speed:  300.3 MC/s (4.316e-02 s/TS) || Energy: ~1.28e-20 (-31.57dB)
[@     4m12s] Timestep:         5912 || Speed:  346.1 MC/s (3.745e-02 s/TS) || Energy: ~9.59e-21 (-32.83dB)
[@     4m16s] Timestep:         6000 || Speed:  276.4 MC/s (4.690e-02 s/TS) || Energy: ~1.10e-20 (-32.23dB)
[@     4m21s] Timestep:         6096 || Speed:  284.0 MC/s (4.564e-02 s/TS) || Energy: ~8.48e-21 (-33.37dB)
[@     4m25s] Timestep:         6192 || Speed:  300.3 MC/s (4.316e-02 s/TS) || Energy: ~6.09e-21 (-34.81dB)
[@     4m29s] Timestep:         6288 || Speed:  309.4 MC/s (4.188e-02 s/TS) || Energy: ~5.17e-21 (-35.52dB)
[@     4m33s] Timestep:         6384 || Speed:  293.2 MC/s (4.421e-02 s/TS) || Energy: ~5.27e-21 (-35.43dB)
[@     4m37s] Timestep:         6480 || Speed:  293.1 MC/s (4.422e-02 s/TS) || Energy: ~5.78e-21 (-35.04dB)
[@     4m42s] Timestep:         6576 || Speed:  299.7 MC/s (4.324e-02 s/TS) || Energy: ~6.02e-21 (-34.86dB)
[@     4m46s] Timestep:         6688 || Speed:  344.5 MC/s (3.763e-02 s/TS) || Energy: ~4.85e-21 (-35.79dB)
[@     4m50s] Timestep:         6784 || Speed:  303.3 MC/s (4.273e-02 s/TS) || Energy: ~4.83e-21 (-35.82dB)
[@     4m54s] Timestep:         6880 || Speed:  303.0 MC/s (4.277e-02 s/TS) || Energy: ~4.25e-21 (-36.37dB)
[@     4m58s] Timestep:         6976 || Speed:  295.9 MC/s (4.381e-02 s/TS) || Energy: ~3.43e-21 (-37.30dB)
[@     5m02s] Timestep:         7072 || Speed:  294.2 MC/s (4.405e-02 s/TS) || Energy: ~2.64e-21 (-38.44dB)
[@     5m07s] Timestep:         7168 || Speed:  297.2 MC/s (4.361e-02 s/TS) || Energy: ~2.30e-21 (-39.03dB)
[@     5m11s] Timestep:         7264 || Speed:  303.5 MC/s (4.270e-02 s/TS) || Energy: ~2.44e-21 (-38.78dB)
[@     5m15s] Timestep:         7376 || Speed:  361.7 MC/s (3.583e-02 s/TS) || Energy: ~1.94e-21 (-39.77dB)
[@     5m19s] Timestep:         7472 || Speed:  305.8 MC/s (4.238e-02 s/TS) || Energy: ~1.98e-21 (-39.68dB)
[@     5m23s] Timestep:         7568 || Speed:  308.7 MC/s (4.199e-02 s/TS) || Energy: ~2.07e-21 (-39.50dB)
[@     5m27s] Timestep:         7664 || Speed:  306.4 MC/s (4.229e-02 s/TS) || Energy: ~2.03e-21 (-39.58dB)
[@     5m31s] Timestep:         7760 || Speed:  307.8 MC/s (4.210e-02 s/TS) || Energy: ~1.75e-21 (-40.21dB)
[@     5m35s] Timestep:         7856 || Speed:  305.1 MC/s (4.248e-02 s/TS) || Energy: ~1.39e-21 (-41.23dB)
[@     5m39s] Timestep:         7952 || Speed:  307.0 MC/s (4.222e-02 s/TS) || Energy: ~1.14e-21 (-42.09dB)
[@     5m43s] Timestep:         8048 || Speed:  307.2 MC/s (4.219e-02 s/TS) || Energy: ~1.09e-21 (-42.30dB)
[@     5m47s] Timestep:         8160 || Speed:  353.6 MC/s (3.665e-02 s/TS) || Energy: ~9.39e-22 (-42.93dB)
[@     5m51s] Timestep:         8256 || Speed:  304.3 MC/s (4.259e-02 s/TS) || Energy: ~8.93e-22 (-43.15dB)
[@     5m55s] Timestep:         8352 || Speed:  305.4 MC/s (4.244e-02 s/TS) || Energy: ~9.37e-22 (-42.94dB)
[@     5m59s] Timestep:         8448 || Speed:  305.2 MC/s (4.247e-02 s/TS) || Energy: ~9.26e-22 (-42.99dB)
[@     6m04s] Timestep:         8544 || Speed:  308.7 MC/s (4.198e-02 s/TS) || Energy: ~8.24e-22 (-43.49dB)
[@     6m08s] Timestep:         8640 || Speed:  306.1 MC/s (4.233e-02 s/TS) || Energy: ~6.86e-22 (-44.29dB)
[@     6m12s] Timestep:         8736 || Speed:  308.5 MC/s (4.201e-02 s/TS) || Energy: ~5.83e-22 (-45.00dB)
[@     6m16s] Timestep:         8832 || Speed:  306.8 MC/s (4.224e-02 s/TS) || Energy: ~5.44e-22 (-45.30dB)
[@     6m20s] Timestep:         8944 || Speed:  349.9 MC/s (3.704e-02 s/TS) || Energy: ~5.38e-22 (-45.34dB)
[@     6m24s] Timestep:         9040 || Speed:  307.4 MC/s (4.216e-02 s/TS) || Energy: ~4.55e-22 (-46.07dB)
[@     6m28s] Timestep:         9136 || Speed:  306.3 MC/s (4.231e-02 s/TS) || Energy: ~4.15e-22 (-46.47dB)
[@     6m32s] Timestep:         9232 || Speed:  307.0 MC/s (4.221e-02 s/TS) || Energy: ~4.01e-22 (-46.62dB)
[@     6m36s] Timestep:         9328 || Speed:  305.5 MC/s (4.243e-02 s/TS) || Energy: ~3.82e-22 (-46.83dB)
[@     6m40s] Timestep:         9424 || Speed:  308.3 MC/s (4.204e-02 s/TS) || Energy: ~3.51e-22 (-47.20dB)
[@     6m44s] Timestep:         9520 || Speed:  308.6 MC/s (4.200e-02 s/TS) || Energy: ~3.25e-22 (-47.53dB)
[@     6m48s] Timestep:         9632 || Speed:  354.1 MC/s (3.660e-02 s/TS) || Energy: ~2.96e-22 (-47.94dB)
[@     6m52s] Timestep:         9728 || Speed:  306.3 MC/s (4.232e-02 s/TS) || Energy: ~2.70e-22 (-48.35dB)
[@     6m56s] Timestep:         9824 || Speed:  296.7 MC/s (4.368e-02 s/TS) || Energy: ~2.46e-22 (-48.74dB)
[@     7m01s] Timestep:         9920 || Speed:  302.5 MC/s (4.284e-02 s/TS) || Energy: ~2.23e-22 (-49.17dB)
[@     7m05s] Timestep:        10016 || Speed:  300.2 MC/s (4.317e-02 s/TS) || Energy: ~1.94e-22 (-49.77dB)
[@     7m09s] Timestep:        10112 || Speed:  300.4 MC/s (4.315e-02 s/TS) || Energy: ~1.72e-22 (-50.30dB)
Time for 10112 iterations with 12960304.00 cells : 429.39 sec
Speed: 305.21 MCells/s 
    [excite port 3/40]
 ---------------------------------------------------------------------- 
 | openEMS 64bit -- version v0.37.0-rc1-2-g7b051bb
 | (C) 2010-2026 Thorsten Liebig <thorsten.liebig@gmx.de>  GPL license
 ---------------------------------------------------------------------- 
	Used external libraries:
		CSXCAD -- Version: v0.7.0-rc1-1-g5115701
		hdf5   -- Version: 1.10.10
		          compiled against: HDF5 library version: 1.10.10
		tinyxml -- compiled against: 2.6.2
		fparser
		boost  -- compiled against: 1_83
		vtk -- Version: 9.1.0
		       compiled against: 9.1.0

Create FDTD operator (compressed SSE + multi-threading)
FDTD simulation size: 244x196x271 --> 12960304.00 FDTD cells 
FDTD timestep is: 0.00 s; Nyquist rate: 34 timesteps @101891945817.00 Hz
Excitation signal length is: 398 timesteps (0.00s)
Max. number of timesteps: 60000 ( --> 150.75 * Excitation signal length)
Create FDTD engine (compressed SSE + multi-threading)
Running FDTD engine... this may take a while... grab a cup of coffee?!?
[@        4s] Timestep:           40 || Speed:  122.1 MC/s (1.061e-01 s/TS) || Energy: ~4.99e-24 (- 0.00dB)
[@        8s] Timestep:          104 || Speed:  200.7 MC/s (6.459e-02 s/TS) || Energy: ~1.06e-20 (- 0.00dB)
[@       12s] Timestep:          184 || Speed:  237.6 MC/s (5.454e-02 s/TS) || Energy: ~4.21e-18 (- 0.00dB)
[@       17s] Timestep:          288 || Speed:  308.2 MC/s (4.205e-02 s/TS) || Energy: ~1.83e-17 (- 0.00dB)
[@       21s] Timestep:          376 || Speed:  284.4 MC/s (4.558e-02 s/TS) || Energy: ~1.57e-17 (- 0.65dB)
Multithreaded Engine: Best performance found using 4 threads.
[@       25s] Timestep:          456 || Speed:  258.5 MC/s (5.014e-02 s/TS) || Energy: ~1.35e-17 (- 1.33dB)
[@       29s] Timestep:          536 || Speed:  248.9 MC/s (5.208e-02 s/TS) || Energy: ~1.32e-17 (- 1.41dB)
[@       33s] Timestep:          624 || Speed:  261.6 MC/s (4.955e-02 s/TS) || Energy: ~1.07e-17 (- 2.35dB)
[@       37s] Timestep:          712 || Speed:  265.3 MC/s (4.885e-02 s/TS) || Energy: ~9.46e-18 (- 2.86dB)
[@       42s] Timestep:          800 || Speed:  263.7 MC/s (4.915e-02 s/TS) || Energy: ~7.80e-18 (- 3.70dB)
[@       46s] Timestep:          896 || Speed:  309.0 MC/s (4.194e-02 s/TS) || Energy: ~6.80e-18 (- 4.29dB)
[@       50s] Timestep:          984 || Speed:  265.4 MC/s (4.883e-02 s/TS) || Energy: ~5.82e-18 (- 4.97dB)
[@       54s] Timestep:         1072 || Speed:  267.1 MC/s (4.852e-02 s/TS) || Energy: ~4.84e-18 (- 5.77dB)
[@       59s] Timestep:         1160 || Speed:  266.2 MC/s (4.869e-02 s/TS) || Energy: ~3.86e-18 (- 6.76dB)
[@     1m03s] Timestep:         1248 || Speed:  263.1 MC/s (4.926e-02 s/TS) || Energy: ~3.26e-18 (- 7.49dB)
[@     1m07s] Timestep:         1336 || Speed:  265.6 MC/s (4.880e-02 s/TS) || Energy: ~2.78e-18 (- 8.18dB)
[@     1m12s] Timestep:         1424 || Speed:  260.5 MC/s (4.976e-02 s/TS) || Energy: ~2.20e-18 (- 9.20dB)
[@     1m16s] Timestep:         1512 || Speed:  265.8 MC/s (4.875e-02 s/TS) || Energy: ~1.83e-18 (- 9.99dB)
[@     1m20s] Timestep:         1616 || Speed:  309.6 MC/s (4.186e-02 s/TS) || Energy: ~1.51e-18 (-10.83dB)
[@     1m25s] Timestep:         1704 || Speed:  266.6 MC/s (4.861e-02 s/TS) || Energy: ~1.44e-18 (-11.04dB)
[@     1m29s] Timestep:         1792 || Speed:  264.3 MC/s (4.903e-02 s/TS) || Energy: ~1.22e-18 (-11.75dB)
[@     1m33s] Timestep:         1872 || Speed:  258.9 MC/s (5.005e-02 s/TS) || Energy: ~1.02e-18 (-12.53dB)
[@     1m37s] Timestep:         1960 || Speed:  264.4 MC/s (4.901e-02 s/TS) || Energy: ~9.80e-19 (-12.71dB)
[@     1m42s] Timestep:         2048 || Speed:  265.3 MC/s (4.886e-02 s/TS) || Energy: ~8.31e-19 (-13.43dB)
[@     1m46s] Timestep:         2136 || Speed:  263.1 MC/s (4.926e-02 s/TS) || Energy: ~6.64e-19 (-14.40dB)
[@     1m50s] Timestep:         2240 || Speed:  311.9 MC/s (4.155e-02 s/TS) || Energy: ~5.54e-19 (-15.18dB)
[@     1m54s] Timestep:         2328 || Speed:  266.0 MC/s (4.873e-02 s/TS) || Energy: ~5.41e-19 (-15.29dB)
[@     1m59s] Timestep:         2416 || Speed:  266.0 MC/s (4.872e-02 s/TS) || Energy: ~4.97e-19 (-15.66dB)
[@     2m03s] Timestep:         2504 || Speed:  267.0 MC/s (4.855e-02 s/TS) || Energy: ~3.83e-19 (-16.79dB)
[@     2m07s] Timestep:         2592 || Speed:  264.7 MC/s (4.896e-02 s/TS) || Energy: ~3.53e-19 (-17.14dB)
[@     2m12s] Timestep:         2680 || Speed:  265.6 MC/s (4.880e-02 s/TS) || Energy: ~3.63e-19 (-17.02dB)
[@     2m16s] Timestep:         2768 || Speed:  265.6 MC/s (4.879e-02 s/TS) || Energy: ~2.86e-19 (-18.05dB)
[@     2m20s] Timestep:         2856 || Speed:  267.0 MC/s (4.854e-02 s/TS) || Energy: ~2.26e-19 (-19.09dB)
[@     2m25s] Timestep:         2960 || Speed:  308.8 MC/s (4.197e-02 s/TS) || Energy: ~1.94e-19 (-19.74dB)
[@     2m29s] Timestep:         3048 || Speed:  266.0 MC/s (4.872e-02 s/TS) || Energy: ~2.15e-19 (-19.29dB)
[@     2m33s] Timestep:         3136 || Speed:  267.2 MC/s (4.851e-02 s/TS) || Energy: ~1.97e-19 (-19.67dB)
[@     2m37s] Timestep:         3224 || Speed:  265.9 MC/s (4.875e-02 s/TS) || Energy: ~1.47e-19 (-20.96dB)
[@     2m42s] Timestep:         3312 || Speed:  264.8 MC/s (4.894e-02 s/TS) || Energy: ~1.44e-19 (-21.05dB)
[@     2m46s] Timestep:         3400 || Speed:  266.7 MC/s (4.859e-02 s/TS) || Energy: ~1.44e-19 (-21.05dB)
[@     2m50s] Timestep:         3488 || Speed:  263.9 MC/s (4.912e-02 s/TS) || Energy: ~1.08e-19 (-22.27dB)
[@     2m55s] Timestep:         3592 || Speed:  307.9 MC/s (4.209e-02 s/TS) || Energy: ~9.55e-20 (-22.82dB)
[@     2m59s] Timestep:         3680 || Speed:  264.0 MC/s (4.910e-02 s/TS) || Energy: ~8.47e-20 (-23.34dB)
[@     3m03s] Timestep:         3768 || Speed:  265.8 MC/s (4.876e-02 s/TS) || Energy: ~9.36e-20 (-22.90dB)
[@     3m08s] Timestep:         3856 || Speed:  265.3 MC/s (4.885e-02 s/TS) || Energy: ~7.74e-20 (-23.73dB)
[@     3m12s] Timestep:         3944 || Speed:  264.9 MC/s (4.893e-02 s/TS) || Energy: ~6.11e-20 (-24.76dB)
[@     3m16s] Timestep:         4032 || Speed:  264.8 MC/s (4.895e-02 s/TS) || Energy: ~6.47e-20 (-24.51dB)
[@     3m21s] Timestep:         4120 || Speed:  265.7 MC/s (4.877e-02 s/TS) || Energy: ~5.86e-20 (-24.94dB)
[@     3m25s] Timestep:         4224 || Speed:  308.8 MC/s (4.197e-02 s/TS) || Energy: ~5.45e-20 (-25.25dB)
[@     3m29s] Timestep:         4312 || Speed:  265.3 MC/s (4.885e-02 s/TS) || Energy: ~4.10e-20 (-26.49dB)
[@     3m33s] Timestep:         4400 || Speed:  265.4 MC/s (4.884e-02 s/TS) || Energy: ~4.13e-20 (-26.46dB)
[@     3m38s] Timestep:         4488 || Speed:  266.9 MC/s (4.856e-02 s/TS) || Energy: ~4.22e-20 (-26.36dB)
[@     3m42s] Timestep:         4576 || Speed:  265.9 MC/s (4.875e-02 s/TS) || Energy: ~3.34e-20 (-27.38dB)
[@     3m46s] Timestep:         4664 || Speed:  263.5 MC/s (4.918e-02 s/TS) || Energy: ~3.01e-20 (-27.83dB)
[@     3m51s] Timestep:         4752 || Speed:  266.2 MC/s (4.869e-02 s/TS) || Energy: ~3.14e-20 (-27.66dB)
[@     3m55s] Timestep:         4840 || Speed:  266.7 MC/s (4.859e-02 s/TS) || Energy: ~2.67e-20 (-28.36dB)
[@     3m59s] Timestep:         4944 || Speed:  308.5 MC/s (4.201e-02 s/TS) || Energy: ~2.41e-20 (-28.80dB)
[@     4m04s] Timestep:         5032 || Speed:  262.8 MC/s (4.932e-02 s/TS) || Energy: ~2.00e-20 (-29.61dB)
[@     4m08s] Timestep:         5120 || Speed:  265.3 MC/s (4.885e-02 s/TS) || Energy: ~2.02e-20 (-29.56dB)
[@     4m12s] Timestep:         5208 || Speed:  267.4 MC/s (4.847e-02 s/TS) || Energy: ~1.90e-20 (-29.84dB)
[@     4m17s] Timestep:         5296 || Speed:  264.6 MC/s (4.898e-02 s/TS) || Energy: ~1.60e-20 (-30.57dB)
[@     4m21s] Timestep:         5384 || Speed:  264.3 MC/s (4.903e-02 s/TS) || Energy: ~1.51e-20 (-30.82dB)
[@     4m25s] Timestep:         5472 || Speed:  263.1 MC/s (4.927e-02 s/TS) || Energy: ~1.43e-20 (-31.06dB)
[@     4m29s] Timestep:         5568 || Speed:  308.2 MC/s (4.205e-02 s/TS) || Energy: ~1.29e-20 (-31.53dB)
[@     4m34s] Timestep:         5656 || Speed:  262.6 MC/s (4.936e-02 s/TS) || Energy: ~1.15e-20 (-32.01dB)
[@     4m38s] Timestep:         5744 || Speed:  266.3 MC/s (4.867e-02 s/TS) || Energy: ~1.10e-20 (-32.21dB)
[@     4m42s] Timestep:         5832 || Speed:  264.7 MC/s (4.896e-02 s/TS) || Energy: ~1.03e-20 (-32.50dB)
[@     4m46s] Timestep:         5920 || Speed:  262.9 MC/s (4.930e-02 s/TS) || Energy: ~8.64e-21 (-33.25dB)
[@     4m51s] Timestep:         6008 || Speed:  266.4 MC/s (4.864e-02 s/TS) || Energy: ~7.65e-21 (-33.78dB)
[@     4m55s] Timestep:         6096 || Speed:  264.0 MC/s (4.909e-02 s/TS) || Energy: ~7.71e-21 (-33.75dB)
[@     4m59s] Timestep:         6200 || Speed:  311.2 MC/s (4.164e-02 s/TS) || Energy: ~7.06e-21 (-34.13dB)
[@     5m04s] Timestep:         6288 || Speed:  266.5 MC/s (4.863e-02 s/TS) || Energy: ~6.36e-21 (-34.59dB)
[@     5m08s] Timestep:         6376 || Speed:  261.3 MC/s (4.959e-02 s/TS) || Energy: ~5.31e-21 (-35.37dB)
[@     5m12s] Timestep:         6464 || Speed:  264.6 MC/s (4.898e-02 s/TS) || Energy: ~4.95e-21 (-35.67dB)
[@     5m17s] Timestep:         6552 || Speed:  260.4 MC/s (4.978e-02 s/TS) || Energy: ~4.93e-21 (-35.69dB)
[@     5m21s] Timestep:         6640 || Speed:  263.0 MC/s (4.928e-02 s/TS) || Energy: ~4.43e-21 (-36.15dB)
[@     5m25s] Timestep:         6728 || Speed:  261.4 MC/s (4.958e-02 s/TS) || Energy: ~4.06e-21 (-36.53dB)
[@     5m30s] Timestep:         6816 || Speed:  265.0 MC/s (4.891e-02 s/TS) || Energy: ~3.97e-21 (-36.63dB)
[@     5m34s] Timestep:         6912 || Speed:  306.7 MC/s (4.225e-02 s/TS) || Energy: ~3.44e-21 (-37.26dB)
[@     5m38s] Timestep:         7000 || Speed:  261.8 MC/s (4.951e-02 s/TS) || Energy: ~2.94e-21 (-37.94dB)
[@     5m42s] Timestep:         7080 || Speed:  259.2 MC/s (5.001e-02 s/TS) || Energy: ~2.87e-21 (-38.04dB)
[@     5m46s] Timestep:         7160 || Speed:  258.6 MC/s (5.011e-02 s/TS) || Energy: ~2.66e-21 (-38.38dB)
[@     5m50s] Timestep:         7248 || Speed:  263.7 MC/s (4.915e-02 s/TS) || Energy: ~2.40e-21 (-38.81dB)
[@     5m55s] Timestep:         7336 || Speed:  264.0 MC/s (4.909e-02 s/TS) || Energy: ~2.45e-21 (-38.72dB)
[@     5m59s] Timestep:         7424 || Speed:  263.1 MC/s (4.925e-02 s/TS) || Energy: ~2.23e-21 (-39.13dB)
[@     6m03s] Timestep:         7528 || Speed:  310.1 MC/s (4.179e-02 s/TS) || Energy: ~1.97e-21 (-39.68dB)
[@     6m08s] Timestep:         7616 || Speed:  264.8 MC/s (4.895e-02 s/TS) || Energy: ~1.68e-21 (-40.37dB)
[@     6m12s] Timestep:         7704 || Speed:  264.9 MC/s (4.892e-02 s/TS) || Energy: ~1.68e-21 (-40.38dB)
[@     6m16s] Timestep:         7792 || Speed:  260.9 MC/s (4.968e-02 s/TS) || Energy: ~1.66e-21 (-40.42dB)
[@     6m21s] Timestep:         7880 || Speed:  263.4 MC/s (4.921e-02 s/TS) || Energy: ~1.39e-21 (-41.18dB)
[@     6m25s] Timestep:         7968 || Speed:  262.7 MC/s (4.934e-02 s/TS) || Energy: ~1.25e-21 (-41.66dB)
[@     6m29s] Timestep:         8056 || Speed:  267.0 MC/s (4.854e-02 s/TS) || Energy: ~1.21e-21 (-41.80dB)
[@     6m34s] Timestep:         8160 || Speed:  313.4 MC/s (4.135e-02 s/TS) || Energy: ~1.14e-21 (-42.07dB)
[@     6m38s] Timestep:         8248 || Speed:  267.1 MC/s (4.852e-02 s/TS) || Energy: ~1.03e-21 (-42.48dB)
[@     6m42s] Timestep:         8336 || Speed:  267.8 MC/s (4.839e-02 s/TS) || Energy: ~9.16e-22 (-43.00dB)
[@     6m47s] Timestep:         8424 || Speed:  261.4 MC/s (4.958e-02 s/TS) || Energy: ~8.93e-22 (-43.11dB)
[@     6m51s] Timestep:         8512 || Speed:  264.6 MC/s (4.897e-02 s/TS) || Energy: ~7.99e-22 (-43.60dB)
[@     6m55s] Timestep:         8592 || Speed:  249.6 MC/s (5.192e-02 s/TS) || Energy: ~6.88e-22 (-44.24dB)
[@     6m59s] Timestep:         8672 || Speed:  255.7 MC/s (5.069e-02 s/TS) || Energy: ~6.92e-22 (-44.22dB)
[@     7m03s] Timestep:         8760 || Speed:  261.9 MC/s (4.948e-02 s/TS) || Energy: ~5.96e-22 (-44.87dB)
[@     7m08s] Timestep:         8856 || Speed:  305.9 MC/s (4.236e-02 s/TS) || Energy: ~5.68e-22 (-45.07dB)
[@     7m12s] Timestep:         8944 || Speed:  266.0 MC/s (4.873e-02 s/TS) || Energy: ~5.67e-22 (-45.08dB)
[@     7m16s] Timestep:         9032 || Speed:  259.7 MC/s (4.991e-02 s/TS) || Energy: ~5.35e-22 (-45.34dB)
[@     7m21s] Timestep:         9120 || Speed:  261.8 MC/s (4.951e-02 s/TS) || Energy: ~4.64e-22 (-45.95dB)
[@     7m25s] Timestep:         9200 || Speed:  258.5 MC/s (5.014e-02 s/TS) || Energy: ~4.51e-22 (-46.07dB)
[@     7m29s] Timestep:         9288 || Speed:  260.6 MC/s (4.974e-02 s/TS) || Energy: ~4.17e-22 (-46.42dB)
[@     7m33s] Timestep:         9376 || Speed:  266.0 MC/s (4.873e-02 s/TS) || Energy: ~3.68e-22 (-46.96dB)
[@     7m37s] Timestep:         9472 || Speed:  310.5 MC/s (4.175e-02 s/TS) || Energy: ~3.31e-22 (-47.42dB)
[@     7m42s] Timestep:         9560 || Speed:  261.8 MC/s (4.950e-02 s/TS) || Energy: ~3.16e-22 (-47.62dB)
[@     7m46s] Timestep:         9648 || Speed:  261.8 MC/s (4.951e-02 s/TS) || Energy: ~2.94e-22 (-47.94dB)
[@     7m50s] Timestep:         9736 || Speed:  263.4 MC/s (4.920e-02 s/TS) || Energy: ~2.65e-22 (-48.38dB)
[@     7m55s] Timestep:         9824 || Speed:  262.2 MC/s (4.943e-02 s/TS) || Energy: ~2.53e-22 (-48.59dB)
[@     7m59s] Timestep:         9912 || Speed:  262.1 MC/s (4.944e-02 s/TS) || Energy: ~2.44e-22 (-48.75dB)
[@     8m03s] Timestep:        10000 || Speed:  264.3 MC/s (4.904e-02 s/TS) || Energy: ~2.19e-22 (-49.22dB)
[@     8m08s] Timestep:        10088 || Speed:  265.2 MC/s (4.888e-02 s/TS) || Energy: ~1.92e-22 (-49.80dB)
[@     8m12s] Timestep:        10192 || Speed:  307.0 MC/s (4.221e-02 s/TS) || Energy: ~1.74e-22 (-50.21dB)
Time for 10192 iterations with 12960304.00 cells : 492.52 sec
Speed: 268.19 MCells/s 
    [excite port 4/40]
 ---------------------------------------------------------------------- 
 | openEMS 64bit -- version v0.37.0-rc1-2-g7b051bb
 | (C) 2010-2026 Thorsten Liebig <thorsten.liebig@gmx.de>  GPL license
 ---------------------------------------------------------------------- 
	Used external libraries:
		CSXCAD -- Version: v0.7.0-rc1-1-g5115701
		hdf5   -- Version: 1.10.10
		          compiled against: HDF5 library version: 1.10.10
		tinyxml -- compiled against: 2.6.2
		fparser
		boost  -- compiled against: 1_83
		vtk -- Version: 9.1.0
		       compiled against: 9.1.0

Create FDTD operator (compressed SSE + multi-threading)
FDTD simulation size: 244x196x271 --> 12960304.00 FDTD cells 
FDTD timestep is: 0.00 s; Nyquist rate: 34 timesteps @101891945817.00 Hz
Excitation signal length is: 398 timesteps (0.00s)
Max. number of timesteps: 60000 ( --> 150.75 * Excitation signal length)
Create FDTD engine (compressed SSE + multi-threading)
Running FDTD engine... this may take a while... grab a cup of coffee?!?
[@        4s] Timestep:           40 || Speed:  123.4 MC/s (1.050e-01 s/TS) || Energy: ~4.99e-24 (- 0.00dB)
[@        8s] Timestep:          104 || Speed:  204.4 MC/s (6.341e-02 s/TS) || Energy: ~1.06e-20 (- 0.00dB)
[@       12s] Timestep:          184 || Speed:  239.8 MC/s (5.404e-02 s/TS) || Energy: ~4.20e-18 (- 0.00dB)
[@       16s] Timestep:          272 || Speed:  269.3 MC/s (4.812e-02 s/TS) || Energy: ~1.78e-17 (- 0.00dB)
[@       21s] Timestep:          368 || Speed:  289.6 MC/s (4.475e-02 s/TS) || Energy: ~1.66e-17 (- 0.29dB)
[@       25s] Timestep:          464 || Speed:  300.8 MC/s (4.309e-02 s/TS) || Energy: ~1.39e-17 (- 1.07dB)
[@       29s] Timestep:          576 || Speed:  343.1 MC/s (3.777e-02 s/TS) || Energy: ~1.28e-17 (- 1.42dB)
[@       33s] Timestep:          672 || Speed:  295.3 MC/s (4.389e-02 s/TS) || Energy: ~1.06e-17 (- 2.23dB)
Multithreaded Engine: Best performance found using 7 threads.
[@       37s] Timestep:          768 || Speed:  301.2 MC/s (4.303e-02 s/TS) || Energy: ~8.52e-18 (- 3.19dB)
[@       41s] Timestep:          864 || Speed:  304.8 MC/s (4.252e-02 s/TS) || Energy: ~7.36e-18 (- 3.83dB)
[@       45s] Timestep:          960 || Speed:  305.3 MC/s (4.245e-02 s/TS) || Energy: ~6.23e-18 (- 4.55dB)
[@       50s] Timestep:         1056 || Speed:  303.1 MC/s (4.276e-02 s/TS) || Energy: ~4.93e-18 (- 5.57dB)
[@       54s] Timestep:         1152 || Speed:  305.2 MC/s (4.247e-02 s/TS) || Energy: ~4.11e-18 (- 6.36dB)
[@       58s] Timestep:         1264 || Speed:  358.8 MC/s (3.613e-02 s/TS) || Energy: ~3.00e-18 (- 7.73dB)
[@     1m02s] Timestep:         1360 || Speed:  303.3 MC/s (4.274e-02 s/TS) || Energy: ~2.53e-18 (- 8.46dB)
[@     1m06s] Timestep:         1456 || Speed:  303.2 MC/s (4.274e-02 s/TS) || Energy: ~2.29e-18 (- 8.90dB)
[@     1m10s] Timestep:         1552 || Speed:  304.7 MC/s (4.253e-02 s/TS) || Energy: ~2.10e-18 (- 9.27dB)
[@     1m14s] Timestep:         1648 || Speed:  305.9 MC/s (4.237e-02 s/TS) || Energy: ~1.73e-18 (-10.11dB)
[@     1m18s] Timestep:         1744 || Speed:  307.0 MC/s (4.222e-02 s/TS) || Energy: ~1.39e-18 (-11.06dB)
[@     1m22s] Timestep:         1840 || Speed:  306.1 MC/s (4.234e-02 s/TS) || Energy: ~1.05e-18 (-12.27dB)
[@     1m26s] Timestep:         1936 || Speed:  305.2 MC/s (4.247e-02 s/TS) || Energy: ~9.08e-19 (-12.91dB)
[@     1m30s] Timestep:         2048 || Speed:  358.1 MC/s (3.619e-02 s/TS) || Energy: ~7.72e-19 (-13.62dB)
[@     1m34s] Timestep:         2144 || Speed:  303.4 MC/s (4.272e-02 s/TS) || Energy: ~6.42e-19 (-14.42dB)
[@     1m38s] Timestep:         2240 || Speed:  305.9 MC/s (4.236e-02 s/TS) || Energy: ~6.62e-19 (-14.29dB)
[@     1m43s] Timestep:         2336 || Speed:  304.8 MC/s (4.252e-02 s/TS) || Energy: ~6.94e-19 (-14.08dB)
[@     1m47s] Timestep:         2432 || Speed:  307.3 MC/s (4.217e-02 s/TS) || Energy: ~6.34e-19 (-14.47dB)
[@     1m51s] Timestep:         2528 || Speed:  306.6 MC/s (4.227e-02 s/TS) || Energy: ~5.22e-19 (-15.32dB)
[@     1m55s] Timestep:         2624 || Speed:  307.4 MC/s (4.216e-02 s/TS) || Energy: ~3.75e-19 (-16.76dB)
[@     1m59s] Timestep:         2720 || Speed:  306.2 MC/s (4.232e-02 s/TS) || Energy: ~2.89e-19 (-17.89dB)
[@     2m03s] Timestep:         2832 || Speed:  357.8 MC/s (3.622e-02 s/TS) || Energy: ~2.99e-19 (-17.74dB)
[@     2m07s] Timestep:         2928 || Speed:  304.5 MC/s (4.256e-02 s/TS) || Energy: ~2.27e-19 (-18.94dB)
[@     2m11s] Timestep:         3024 || Speed:  305.9 MC/s (4.237e-02 s/TS) || Energy: ~2.06e-19 (-19.37dB)
[@     2m15s] Timestep:         3120 || Speed:  306.5 MC/s (4.228e-02 s/TS) || Energy: ~2.20e-19 (-19.08dB)
[@     2m19s] Timestep:         3216 || Speed:  307.2 MC/s (4.219e-02 s/TS) || Energy: ~2.21e-19 (-19.05dB)
[@     2m23s] Timestep:         3312 || Speed:  307.5 MC/s (4.215e-02 s/TS) || Energy: ~2.05e-19 (-19.38dB)
[@     2m27s] Timestep:         3408 || Speed:  305.5 MC/s (4.243e-02 s/TS) || Energy: ~1.68e-19 (-20.25dB)
[@     2m31s] Timestep:         3520 || Speed:  354.2 MC/s (3.659e-02 s/TS) || Energy: ~1.54e-19 (-20.63dB)
[@     2m35s] Timestep:         3616 || Speed:  305.0 MC/s (4.250e-02 s/TS) || Energy: ~1.27e-19 (-21.45dB)
[@     2m39s] Timestep:         3712 || Speed:  306.4 MC/s (4.230e-02 s/TS) || Energy: ~1.02e-19 (-22.40dB)
[@     2m44s] Timestep:         3808 || Speed:  306.1 MC/s (4.234e-02 s/TS) || Energy: ~8.25e-20 (-23.33dB)
[@     2m48s] Timestep:         3904 || Speed:  308.4 MC/s (4.203e-02 s/TS) || Energy: ~7.41e-20 (-23.80dB)
[@     2m52s] Timestep:         4000 || Speed:  306.2 MC/s (4.232e-02 s/TS) || Energy: ~7.58e-20 (-23.70dB)
[@     2m56s] Timestep:         4096 || Speed:  306.1 MC/s (4.234e-02 s/TS) || Energy: ~7.79e-20 (-23.58dB)
[@     3m00s] Timestep:         4192 || Speed:  306.2 MC/s (4.232e-02 s/TS) || Energy: ~7.03e-20 (-24.03dB)
[@     3m04s] Timestep:         4304 || Speed:  358.6 MC/s (3.614e-02 s/TS) || Energy: ~5.59e-20 (-25.02dB)
[@     3m08s] Timestep:         4400 || Speed:  308.3 MC/s (4.203e-02 s/TS) || Energy: ~5.48e-20 (-25.11dB)
[@     3m12s] Timestep:         4496 || Speed:  305.8 MC/s (4.239e-02 s/TS) || Energy: ~4.85e-20 (-25.64dB)
[@     3m16s] Timestep:         4592 || Speed:  305.8 MC/s (4.238e-02 s/TS) || Energy: ~3.93e-20 (-26.55dB)
[@     3m20s] Timestep:         4688 || Speed:  305.6 MC/s (4.240e-02 s/TS) || Energy: ~3.30e-20 (-27.31dB)
[@     3m24s] Timestep:         4784 || Speed:  306.1 MC/s (4.234e-02 s/TS) || Energy: ~2.96e-20 (-27.78dB)
[@     3m28s] Timestep:         4880 || Speed:  306.2 MC/s (4.233e-02 s/TS) || Energy: ~2.78e-20 (-28.06dB)
[@     3m32s] Timestep:         4976 || Speed:  304.3 MC/s (4.259e-02 s/TS) || Energy: ~2.76e-20 (-28.10dB)
[@     3m37s] Timestep:         5096 || Speed:  360.3 MC/s (3.597e-02 s/TS) || Energy: ~2.08e-20 (-29.31dB)
[@     3m41s] Timestep:         5192 || Speed:  309.5 MC/s (4.188e-02 s/TS) || Energy: ~1.91e-20 (-29.69dB)
[@     3m45s] Timestep:         5288 || Speed:  305.1 MC/s (4.249e-02 s/TS) || Energy: ~1.90e-20 (-29.71dB)
[@     3m49s] Timestep:         5384 || Speed:  302.4 MC/s (4.286e-02 s/TS) || Energy: ~1.87e-20 (-29.78dB)
[@     3m53s] Timestep:         5480 || Speed:  306.4 MC/s (4.230e-02 s/TS) || Energy: ~1.72e-20 (-30.14dB)
[@     3m57s] Timestep:         5576 || Speed:  306.7 MC/s (4.226e-02 s/TS) || Energy: ~1.54e-20 (-30.61dB)
[@     4m01s] Timestep:         5672 || Speed:  305.3 MC/s (4.245e-02 s/TS) || Energy: ~1.38e-20 (-31.10dB)
[@     4m05s] Timestep:         5768 || Speed:  305.6 MC/s (4.240e-02 s/TS) || Energy: ~1.16e-20 (-31.84dB)
[@     4m09s] Timestep:         5888 || Speed:  361.4 MC/s (3.586e-02 s/TS) || Energy: ~1.16e-20 (-31.83dB)
[@     4m13s] Timestep:         5984 || Speed:  302.8 MC/s (4.280e-02 s/TS) || Energy: ~1.02e-20 (-32.40dB)
[@     4m18s] Timestep:         6080 || Speed:  297.0 MC/s (4.364e-02 s/TS) || Energy: ~8.60e-21 (-33.15dB)
[@     4m22s] Timestep:         6176 || Speed:  302.8 MC/s (4.280e-02 s/TS) || Energy: ~7.26e-21 (-33.89dB)
[@     4m26s] Timestep:         6272 || Speed:  306.0 MC/s (4.235e-02 s/TS) || Energy: ~6.59e-21 (-34.31dB)
[@     4m30s] Timestep:         6368 || Speed:  308.4 MC/s (4.203e-02 s/TS) || Energy: ~6.64e-21 (-34.27dB)
[@     4m34s] Timestep:         6464 || Speed:  303.1 MC/s (4.276e-02 s/TS) || Energy: ~6.86e-21 (-34.13dB)
[@     4m38s] Timestep:         6584 || Speed:  360.6 MC/s (3.594e-02 s/TS) || Energy: ~4.56e-21 (-35.90dB)
[@     4m42s] Timestep:         6680 || Speed:  306.8 MC/s (4.224e-02 s/TS) || Energy: ~4.85e-21 (-35.64dB)
[@     4m46s] Timestep:         6776 || Speed:  304.0 MC/s (4.263e-02 s/TS) || Energy: ~5.05e-21 (-35.46dB)
[@     4m51s] Timestep:         6872 || Speed:  301.9 MC/s (4.292e-02 s/TS) || Energy: ~4.87e-21 (-35.62dB)
[@     4m55s] Timestep:         6968 || Speed:  300.6 MC/s (4.312e-02 s/TS) || Energy: ~4.34e-21 (-36.12dB)
[@     4m59s] Timestep:         7064 || Speed:  302.1 MC/s (4.290e-02 s/TS) || Energy: ~3.46e-21 (-37.11dB)
[@     5m03s] Timestep:         7160 || Speed:  299.6 MC/s (4.326e-02 s/TS) || Energy: ~2.62e-21 (-38.32dB)
[@     5m07s] Timestep:         7256 || Speed:  303.4 MC/s (4.272e-02 s/TS) || Energy: ~2.36e-21 (-38.76dB)
[@     5m11s] Timestep:         7368 || Speed:  356.7 MC/s (3.633e-02 s/TS) || Energy: ~2.25e-21 (-38.97dB)
[@     5m15s] Timestep:         7464 || Speed:  303.2 MC/s (4.275e-02 s/TS) || Energy: ~1.98e-21 (-39.53dB)
[@     5m19s] Timestep:         7560 || Speed:  303.8 MC/s (4.266e-02 s/TS) || Energy: ~2.09e-21 (-39.30dB)
[@     5m23s] Timestep:         7656 || Speed:  302.4 MC/s (4.286e-02 s/TS) || Energy: ~2.23e-21 (-39.01dB)
[@     5m28s] Timestep:         7752 || Speed:  301.0 MC/s (4.305e-02 s/TS) || Energy: ~2.20e-21 (-39.07dB)
[@     5m32s] Timestep:         7848 || Speed:  299.8 MC/s (4.323e-02 s/TS) || Energy: ~1.94e-21 (-39.63dB)
[@     5m36s] Timestep:         7944 || Speed:  301.2 MC/s (4.302e-02 s/TS) || Energy: ~1.53e-21 (-40.64dB)
[@     5m40s] Timestep:         8040 || Speed:  301.9 MC/s (4.293e-02 s/TS) || Energy: ~1.21e-21 (-41.66dB)
[@     5m44s] Timestep:         8152 || Speed:  356.4 MC/s (3.637e-02 s/TS) || Energy: ~1.28e-21 (-41.43dB)
[@     5m48s] Timestep:         8248 || Speed:  298.2 MC/s (4.347e-02 s/TS) || Energy: ~1.01e-21 (-42.47dB)
[@     5m52s] Timestep:         8344 || Speed:  304.8 MC/s (4.252e-02 s/TS) || Energy: ~9.08e-22 (-42.91dB)
[@     5m56s] Timestep:         8440 || Speed:  305.3 MC/s (4.245e-02 s/TS) || Energy: ~9.28e-22 (-42.82dB)
[@     6m01s] Timestep:         8536 || Speed:  300.6 MC/s (4.311e-02 s/TS) || Energy: ~9.70e-22 (-42.63dB)
[@     6m05s] Timestep:         8632 || Speed:  300.2 MC/s (4.317e-02 s/TS) || Energy: ~9.79e-22 (-42.59dB)
[@     6m09s] Timestep:         8728 || Speed:  289.6 MC/s (4.476e-02 s/TS) || Energy: ~8.78e-22 (-43.06dB)
[@     6m13s] Timestep:         8840 || Speed:  352.3 MC/s (3.678e-02 s/TS) || Energy: ~7.99e-22 (-43.47dB)
[@     6m17s] Timestep:         8936 || Speed:  302.1 MC/s (4.290e-02 s/TS) || Energy: ~7.53e-22 (-43.73dB)
[@     6m21s] Timestep:         9032 || Speed:  302.3 MC/s (4.288e-02 s/TS) || Energy: ~6.31e-22 (-44.49dB)
[@     6m25s] Timestep:         9128 || Speed:  303.6 MC/s (4.269e-02 s/TS) || Energy: ~4.94e-22 (-45.56dB)
[@     6m30s] Timestep:         9224 || Speed:  291.0 MC/s (4.454e-02 s/TS) || Energy: ~4.13e-22 (-46.33dB)
[@     6m34s] Timestep:         9320 || Speed:  300.8 MC/s (4.309e-02 s/TS) || Energy: ~4.05e-22 (-46.42dB)
[@     6m38s] Timestep:         9416 || Speed:  296.9 MC/s (4.366e-02 s/TS) || Energy: ~4.27e-22 (-46.20dB)
[@     6m42s] Timestep:         9512 || Speed:  303.0 MC/s (4.277e-02 s/TS) || Energy: ~4.32e-22 (-46.14dB)
[@     6m46s] Timestep:         9624 || Speed:  356.9 MC/s (3.631e-02 s/TS) || Energy: ~3.51e-22 (-47.04dB)
[@     6m50s] Timestep:         9720 || Speed:  304.0 MC/s (4.264e-02 s/TS) || Energy: ~3.76e-22 (-46.74dB)
[@     6m54s] Timestep:         9816 || Speed:  303.0 MC/s (4.278e-02 s/TS) || Energy: ~3.59e-22 (-46.95dB)
[@     6m59s] Timestep:         9912 || Speed:  301.8 MC/s (4.294e-02 s/TS) || Energy: ~3.08e-22 (-47.62dB)
[@     7m03s] Timestep:        10008 || Speed:  303.4 MC/s (4.271e-02 s/TS) || Energy: ~2.43e-22 (-48.64dB)
[@     7m07s] Timestep:        10104 || Speed:  299.4 MC/s (4.329e-02 s/TS) || Energy: ~1.92e-22 (-49.67dB)
[@     7m11s] Timestep:        10200 || Speed:  303.8 MC/s (4.267e-02 s/TS) || Energy: ~1.77e-22 (-50.01dB)
Time for 10200 iterations with 12960304.00 cells : 431.37 sec
Speed: 306.45 MCells/s 
    [excite port 5/40]
 ---------------------------------------------------------------------- 
 | openEMS 64bit -- version v0.37.0-rc1-2-g7b051bb
 | (C) 2010-2026 Thorsten Liebig <thorsten.liebig@gmx.de>  GPL license
 ---------------------------------------------------------------------- 
	Used external libraries:
		CSXCAD -- Version: v0.7.0-rc1-1-g5115701
		hdf5   -- Version: 1.10.10
		          compiled against: HDF5 library version: 1.10.10
		tinyxml -- compiled against: 2.6.2
		fparser
		boost  -- compiled against: 1_83
		vtk -- Version: 9.1.0
		       compiled against: 9.1.0

Create FDTD operator (compressed SSE + multi-threading)
FDTD simulation size: 244x196x271 --> 12960304.00 FDTD cells 
FDTD timestep is: 0.00 s; Nyquist rate: 34 timesteps @101891945817.00 Hz
Excitation signal length is: 398 timesteps (0.00s)
Max. number of timesteps: 60000 ( --> 150.75 * Excitation signal length)
Create FDTD engine (compressed SSE + multi-threading)
Running FDTD engine... this may take a while... grab a cup of coffee?!?
[@        4s] Timestep:           40 || Speed:  121.2 MC/s (1.069e-01 s/TS) || Energy: ~4.99e-24 (- 0.00dB)
[@        8s] Timestep:          104 || Speed:  205.2 MC/s (6.316e-02 s/TS) || Energy: ~1.07e-20 (- 0.00dB)
[@       12s] Timestep:          199 || Speed:  288.9 MC/s (4.486e-02 s/TS) || Energy: ~1.12e-17 (- 0.00dB)
[@       16s] Timestep:          288 || Speed:  272.1 MC/s (4.763e-02 s/TS) || Energy: ~1.85e-17 (- 0.00dB)
Multithreaded Engine: Best performance found using 3 threads.
[@       21s] Timestep:          368 || Speed:  242.3 MC/s (5.349e-02 s/TS) || Energy: ~1.65e-17 (- 0.49dB)
[@       25s] Timestep:          448 || Speed:  243.5 MC/s (5.322e-02 s/TS) || Energy: ~1.42e-17 (- 1.15dB)
[@       29s] Timestep:          528 || Speed:  244.7 MC/s (5.297e-02 s/TS) || Energy: ~1.27e-17 (- 1.64dB)
[@       33s] Timestep:          608 || Speed:  246.4 MC/s (5.260e-02 s/TS) || Energy: ~1.04e-17 (- 2.49dB)
[@       38s] Timestep:          688 || Speed:  243.0 MC/s (5.334e-02 s/TS) || Energy: ~8.30e-18 (- 3.49dB)
[@       42s] Timestep:          784 || Speed:  287.0 MC/s (4.515e-02 s/TS) || Energy: ~6.76e-18 (- 4.38dB)
[@       46s] Timestep:          864 || Speed:  242.8 MC/s (5.337e-02 s/TS) || Energy: ~6.02e-18 (- 4.88dB)
[@       50s] Timestep:          944 || Speed:  243.3 MC/s (5.327e-02 s/TS) || Energy: ~5.03e-18 (- 5.66dB)
[@       55s] Timestep:         1024 || Speed:  241.9 MC/s (5.357e-02 s/TS) || Energy: ~4.36e-18 (- 6.28dB)
[@       59s] Timestep:         1104 || Speed:  241.8 MC/s (5.361e-02 s/TS) || Energy: ~3.59e-18 (- 7.13dB)
[@     1m03s] Timestep:         1184 || Speed:  243.5 MC/s (5.322e-02 s/TS) || Energy: ~3.19e-18 (- 7.64dB)
[@     1m08s] Timestep:         1264 || Speed:  243.4 MC/s (5.326e-02 s/TS) || Energy: ~2.40e-18 (- 8.89dB)
[@     1m12s] Timestep:         1360 || Speed:  288.7 MC/s (4.489e-02 s/TS) || Energy: ~2.05e-18 (- 9.56dB)
[@     1m16s] Timestep:         1440 || Speed:  246.8 MC/s (5.250e-02 s/TS) || Energy: ~1.92e-18 (- 9.85dB)
[@     1m20s] Timestep:         1520 || Speed:  246.7 MC/s (5.254e-02 s/TS) || Energy: ~1.48e-18 (-10.98dB)
[@     1m25s] Timestep:         1600 || Speed:  243.0 MC/s (5.334e-02 s/TS) || Energy: ~1.48e-18 (-10.99dB)
[@     1m29s] Timestep:         1680 || Speed:  243.4 MC/s (5.326e-02 s/TS) || Energy: ~1.11e-18 (-12.24dB)
[@     1m33s] Timestep:         1760 || Speed:  243.4 MC/s (5.324e-02 s/TS) || Energy: ~1.08e-18 (-12.37dB)
[@     1m37s] Timestep:         1840 || Speed:  244.8 MC/s (5.293e-02 s/TS) || Energy: ~8.60e-19 (-13.34dB)
[@     1m42s] Timestep:         1920 || Speed:  244.2 MC/s (5.307e-02 s/TS) || Energy: ~7.58e-19 (-13.89dB)
[@     1m46s] Timestep:         2016 || Speed:  290.3 MC/s (4.464e-02 s/TS) || Energy: ~6.88e-19 (-14.30dB)
[@     1m50s] Timestep:         2096 || Speed:  247.1 MC/s (5.244e-02 s/TS) || Energy: ~5.69e-19 (-15.13dB)
[@     1m54s] Timestep:         2176 || Speed:  244.0 MC/s (5.312e-02 s/TS) || Energy: ~5.36e-19 (-15.39dB)
[@     1m58s] Timestep:         2256 || Speed:  244.6 MC/s (5.298e-02 s/TS) || Energy: ~4.68e-19 (-15.98dB)
[@     2m03s] Timestep:         2336 || Speed:  244.4 MC/s (5.304e-02 s/TS) || Energy: ~3.99e-19 (-16.68dB)
[@     2m07s] Timestep:         2416 || Speed:  245.0 MC/s (5.291e-02 s/TS) || Energy: ~3.81e-19 (-16.87dB)
[@     2m11s] Timestep:         2496 || Speed:  245.1 MC/s (5.288e-02 s/TS) || Energy: ~3.04e-19 (-17.85dB)
[@     2m16s] Timestep:         2592 || Speed:  283.4 MC/s (4.572e-02 s/TS) || Energy: ~2.75e-19 (-18.29dB)
[@     2m20s] Timestep:         2672 || Speed:  246.1 MC/s (5.267e-02 s/TS) || Energy: ~2.56e-19 (-18.60dB)
[@     2m24s] Timestep:         2752 || Speed:  244.6 MC/s (5.299e-02 s/TS) || Energy: ~2.04e-19 (-19.59dB)
[@     2m28s] Timestep:         2832 || Speed:  245.1 MC/s (5.289e-02 s/TS) || Energy: ~2.09e-19 (-19.49dB)
[@     2m32s] Timestep:         2912 || Speed:  245.9 MC/s (5.270e-02 s/TS) || Energy: ~1.66e-19 (-20.48dB)
[@     2m37s] Timestep:         2992 || Speed:  245.8 MC/s (5.272e-02 s/TS) || Energy: ~1.72e-19 (-20.33dB)
[@     2m41s] Timestep:         3072 || Speed:  245.1 MC/s (5.288e-02 s/TS) || Energy: ~1.41e-19 (-21.17dB)
[@     2m45s] Timestep:         3152 || Speed:  245.4 MC/s (5.281e-02 s/TS) || Energy: ~1.39e-19 (-21.25dB)
[@     2m50s] Timestep:         3248 || Speed:  285.3 MC/s (4.542e-02 s/TS) || Energy: ~1.34e-19 (-21.42dB)
[@     2m54s] Timestep:         3328 || Speed:  244.0 MC/s (5.312e-02 s/TS) || Energy: ~1.07e-19 (-22.38dB)
[@     2m58s] Timestep:         3408 || Speed:  244.6 MC/s (5.300e-02 s/TS) || Energy: ~1.07e-19 (-22.38dB)
[@     3m02s] Timestep:         3488 || Speed:  245.2 MC/s (5.285e-02 s/TS) || Energy: ~8.85e-20 (-23.21dB)
[@     3m06s] Timestep:         3568 || Speed:  243.7 MC/s (5.318e-02 s/TS) || Energy: ~8.23e-20 (-23.53dB)
[@     3m11s] Timestep:         3648 || Speed:  242.0 MC/s (5.355e-02 s/TS) || Energy: ~7.51e-20 (-23.93dB)
[@     3m15s] Timestep:         3728 || Speed:  246.2 MC/s (5.265e-02 s/TS) || Energy: ~6.48e-20 (-24.56dB)
[@     3m19s] Timestep:         3824 || Speed:  289.3 MC/s (4.481e-02 s/TS) || Energy: ~6.34e-20 (-24.66dB)
[@     3m23s] Timestep:         3904 || Speed:  245.7 MC/s (5.274e-02 s/TS) || Energy: ~5.55e-20 (-25.24dB)
[@     3m28s] Timestep:         3984 || Speed:  245.7 MC/s (5.275e-02 s/TS) || Energy: ~5.09e-20 (-25.62dB)
[@     3m32s] Timestep:         4064 || Speed:  246.2 MC/s (5.265e-02 s/TS) || Energy: ~4.81e-20 (-25.86dB)
[@     3m36s] Timestep:         4144 || Speed:  246.5 MC/s (5.257e-02 s/TS) || Energy: ~4.06e-20 (-26.60dB)
[@     3m40s] Timestep:         4224 || Speed:  245.4 MC/s (5.282e-02 s/TS) || Energy: ~4.18e-20 (-26.47dB)
[@     3m45s] Timestep:         4304 || Speed:  246.4 MC/s (5.260e-02 s/TS) || Energy: ~3.29e-20 (-27.50dB)
[@     3m49s] Timestep:         4400 || Speed:  284.6 MC/s (4.554e-02 s/TS) || Energy: ~3.07e-20 (-27.81dB)
[@     3m53s] Timestep:         4480 || Speed:  238.1 MC/s (5.443e-02 s/TS) || Energy: ~2.99e-20 (-27.92dB)
[@     3m58s] Timestep:         4560 || Speed:  232.8 MC/s (5.568e-02 s/TS) || Energy: ~2.51e-20 (-28.69dB)
[@     4m02s] Timestep:         4640 || Speed:  232.7 MC/s (5.571e-02 s/TS) || Energy: ~2.60e-20 (-28.53dB)
[@     4m06s] Timestep:         4712 || Speed:  224.5 MC/s (5.773e-02 s/TS) || Energy: ~2.18e-20 (-29.29dB)
[@     4m10s] Timestep:         4784 || Speed:  232.4 MC/s (5.577e-02 s/TS) || Energy: ~2.02e-20 (-29.64dB)
[@     4m15s] Timestep:         4864 || Speed:  239.3 MC/s (5.416e-02 s/TS) || Energy: ~1.91e-20 (-29.88dB)
[@     4m19s] Timestep:         4944 || Speed:  240.6 MC/s (5.387e-02 s/TS) || Energy: ~1.80e-20 (-30.13dB)
[@     4m23s] Timestep:         5040 || Speed:  282.0 MC/s (4.596e-02 s/TS) || Energy: ~1.59e-20 (-30.67dB)
[@     4m28s] Timestep:         5120 || Speed:  244.6 MC/s (5.299e-02 s/TS) || Energy: ~1.51e-20 (-30.88dB)
[@     4m32s] Timestep:         5200 || Speed:  242.2 MC/s (5.351e-02 s/TS) || Energy: ~1.35e-20 (-31.38dB)
[@     4m36s] Timestep:         5280 || Speed:  234.7 MC/s (5.523e-02 s/TS) || Energy: ~1.21e-20 (-31.86dB)
[@     4m40s] Timestep:         5352 || Speed:  232.2 MC/s (5.583e-02 s/TS) || Energy: ~1.13e-20 (-32.15dB)
[@     4m44s] Timestep:         5424 || Speed:  229.6 MC/s (5.645e-02 s/TS) || Energy: ~1.11e-20 (-32.21dB)
[@     4m49s] Timestep:         5504 || Speed:  237.1 MC/s (5.466e-02 s/TS) || Energy: ~9.59e-21 (-32.86dB)
[@     4m53s] Timestep:         5600 || Speed:  283.4 MC/s (4.574e-02 s/TS) || Energy: ~8.17e-21 (-33.56dB)
[@     4m58s] Timestep:         5680 || Speed:  237.7 MC/s (5.453e-02 s/TS) || Energy: ~8.09e-21 (-33.60dB)
[@     5m02s] Timestep:         5760 || Speed:  244.4 MC/s (5.303e-02 s/TS) || Energy: ~7.20e-21 (-34.11dB)
[@     5m06s] Timestep:         5840 || Speed:  235.4 MC/s (5.505e-02 s/TS) || Energy: ~6.96e-21 (-34.26dB)
[@     5m11s] Timestep:         5920 || Speed:  238.6 MC/s (5.432e-02 s/TS) || Energy: ~6.44e-21 (-34.59dB)
[@     5m15s] Timestep:         6000 || Speed:  244.1 MC/s (5.309e-02 s/TS) || Energy: ~5.94e-21 (-34.94dB)
[@     5m19s] Timestep:         6080 || Speed:  242.6 MC/s (5.343e-02 s/TS) || Energy: ~5.67e-21 (-35.15dB)
[@     5m23s] Timestep:         6168 || Speed:  281.9 MC/s (4.598e-02 s/TS) || Energy: ~4.91e-21 (-35.77dB)
[@     5m27s] Timestep:         6248 || Speed:  241.7 MC/s (5.362e-02 s/TS) || Energy: ~4.66e-21 (-36.00dB)
[@     5m32s] Timestep:         6328 || Speed:  239.5 MC/s (5.412e-02 s/TS) || Energy: ~4.16e-21 (-36.49dB)
[@     5m36s] Timestep:         6408 || Speed:  244.0 MC/s (5.312e-02 s/TS) || Energy: ~3.81e-21 (-36.87dB)
[@     5m40s] Timestep:         6488 || Speed:  247.4 MC/s (5.238e-02 s/TS) || Energy: ~3.56e-21 (-37.17dB)
[@     5m44s] Timestep:         6568 || Speed:  246.3 MC/s (5.262e-02 s/TS) || Energy: ~3.15e-21 (-37.69dB)
[@     5m49s] Timestep:         6648 || Speed:  242.9 MC/s (5.335e-02 s/TS) || Energy: ~3.09e-21 (-37.78dB)
[@     5m53s] Timestep:         6728 || Speed:  245.4 MC/s (5.282e-02 s/TS) || Energy: ~2.70e-21 (-38.37dB)
[@     5m57s] Timestep:         6816 || Speed:  282.8 MC/s (4.582e-02 s/TS) || Energy: ~2.77e-21 (-38.26dB)
[@     6m01s] Timestep:         6896 || Speed:  237.6 MC/s (5.456e-02 s/TS) || Energy: ~2.55e-21 (-38.61dB)
[@     6m06s] Timestep:         6976 || Speed:  235.6 MC/s (5.500e-02 s/TS) || Energy: ~2.40e-21 (-38.88dB)
[@     6m10s] Timestep:         7056 || Speed:  242.7 MC/s (5.340e-02 s/TS) || Energy: ~2.29e-21 (-39.08dB)
[@     6m14s] Timestep:         7136 || Speed:  244.6 MC/s (5.298e-02 s/TS) || Energy: ~2.03e-21 (-39.61dB)
[@     6m18s] Timestep:         7216 || Speed:  248.0 MC/s (5.227e-02 s/TS) || Energy: ~1.97e-21 (-39.73dB)
[@     6m23s] Timestep:         7296 || Speed:  244.6 MC/s (5.299e-02 s/TS) || Energy: ~1.66e-21 (-40.48dB)
[@     6m27s] Timestep:         7392 || Speed:  285.4 MC/s (4.541e-02 s/TS) || Energy: ~1.43e-21 (-41.11dB)
[@     6m31s] Timestep:         7472 || Speed:  243.1 MC/s (5.331e-02 s/TS) || Energy: ~1.40e-21 (-41.22dB)
[@     6m36s] Timestep:         7552 || Speed:  241.9 MC/s (5.358e-02 s/TS) || Energy: ~1.22e-21 (-41.81dB)
[@     6m40s] Timestep:         7632 || Speed:  239.6 MC/s (5.410e-02 s/TS) || Energy: ~1.26e-21 (-41.68dB)
[@     6m44s] Timestep:         7712 || Speed:  242.9 MC/s (5.336e-02 s/TS) || Energy: ~1.07e-21 (-42.37dB)
[@     6m48s] Timestep:         7792 || Speed:  242.2 MC/s (5.352e-02 s/TS) || Energy: ~1.12e-21 (-42.19dB)
[@     6m53s] Timestep:         7872 || Speed:  245.8 MC/s (5.273e-02 s/TS) || Energy: ~9.47e-22 (-42.92dB)
[@     6m57s] Timestep:         7952 || Speed:  240.6 MC/s (5.387e-02 s/TS) || Energy: ~9.59e-22 (-42.86dB)
[@     7m01s] Timestep:         8040 || Speed:  280.7 MC/s (4.617e-02 s/TS) || Energy: ~8.52e-22 (-43.38dB)
[@     7m05s] Timestep:         8120 || Speed:  241.2 MC/s (5.374e-02 s/TS) || Energy: ~7.44e-22 (-43.96dB)
[@     7m10s] Timestep:         8200 || Speed:  244.3 MC/s (5.306e-02 s/TS) || Energy: ~7.36e-22 (-44.01dB)
[@     7m14s] Timestep:         8280 || Speed:  240.8 MC/s (5.382e-02 s/TS) || Energy: ~6.26e-22 (-44.72dB)
[@     7m18s] Timestep:         8360 || Speed:  243.6 MC/s (5.319e-02 s/TS) || Energy: ~6.48e-22 (-44.56dB)
[@     7m22s] Timestep:         8440 || Speed:  244.1 MC/s (5.310e-02 s/TS) || Energy: ~5.50e-22 (-45.28dB)
[@     7m27s] Timestep:         8520 || Speed:  243.5 MC/s (5.323e-02 s/TS) || Energy: ~5.76e-22 (-45.08dB)
[@     7m31s] Timestep:         8616 || Speed:  285.6 MC/s (4.538e-02 s/TS) || Energy: ~5.40e-22 (-45.36dB)
[@     7m35s] Timestep:         8696 || Speed:  245.1 MC/s (5.288e-02 s/TS) || Energy: ~4.56e-22 (-46.09dB)
[@     7m39s] Timestep:         8776 || Speed:  244.8 MC/s (5.294e-02 s/TS) || Energy: ~4.55e-22 (-46.10dB)
[@     7m44s] Timestep:         8856 || Speed:  245.3 MC/s (5.282e-02 s/TS) || Energy: ~3.75e-22 (-46.94dB)
[@     7m48s] Timestep:         8936 || Speed:  245.4 MC/s (5.281e-02 s/TS) || Energy: ~3.71e-22 (-46.99dB)
[@     7m52s] Timestep:         9016 || Speed:  244.5 MC/s (5.302e-02 s/TS) || Energy: ~3.10e-22 (-47.76dB)
[@     7m56s] Timestep:         9096 || Speed:  244.4 MC/s (5.302e-02 s/TS) || Energy: ~3.01e-22 (-47.90dB)
[@     8m01s] Timestep:         9176 || Speed:  239.2 MC/s (5.418e-02 s/TS) || Energy: ~2.62e-22 (-48.49dB)
[@     8m05s] Timestep:         9272 || Speed:  287.8 MC/s (4.503e-02 s/TS) || Energy: ~2.51e-22 (-48.68dB)
[@     8m09s] Timestep:         9352 || Speed:  246.4 MC/s (5.260e-02 s/TS) || Energy: ~2.59e-22 (-48.55dB)
[@     8m13s] Timestep:         9432 || Speed:  245.2 MC/s (5.285e-02 s/TS) || Energy: ~2.34e-22 (-48.99dB)
[@     8m18s] Timestep:         9512 || Speed:  245.3 MC/s (5.283e-02 s/TS) || Energy: ~2.32e-22 (-49.03dB)
[@     8m22s] Timestep:         9592 || Speed:  243.7 MC/s (5.319e-02 s/TS) || Energy: ~2.14e-22 (-49.37dB)
[@     8m26s] Timestep:         9672 || Speed:  243.7 MC/s (5.318e-02 s/TS) || Energy: ~2.02e-22 (-49.63dB)
[@     8m30s] Timestep:         9752 || Speed:  244.0 MC/s (5.312e-02 s/TS) || Energy: ~1.90e-22 (-49.90dB)
[@     8m35s] Timestep:         9848 || Speed:  284.1 MC/s (4.562e-02 s/TS) || Energy: ~1.57e-22 (-50.72dB)
Time for 9848 iterations with 12960304.00 cells : 515.34 sec
Speed: 247.67 MCells/s 
    [excite port 6/40]
 ---------------------------------------------------------------------- 
 | openEMS 64bit -- version v0.37.0-rc1-2-g7b051bb
 | (C) 2010-2026 Thorsten Liebig <thorsten.liebig@gmx.de>  GPL license
 ---------------------------------------------------------------------- 
	Used external libraries:
		CSXCAD -- Version: v0.7.0-rc1-1-g5115701
		hdf5   -- Version: 1.10.10
		          compiled against: HDF5 library version: 1.10.10
		tinyxml -- compiled against: 2.6.2
		fparser
		boost  -- compiled against: 1_83
		vtk -- Version: 9.1.0
		       compiled against: 9.1.0

Create FDTD operator (compressed SSE + multi-threading)
FDTD simulation size: 244x196x271 --> 12960304.00 FDTD cells 
FDTD timestep is: 0.00 s; Nyquist rate: 34 timesteps @101891945817.00 Hz
Excitation signal length is: 398 timesteps (0.00s)
Max. number of timesteps: 60000 ( --> 150.75 * Excitation signal length)
Create FDTD engine (compressed SSE + multi-threading)
Running FDTD engine... this may take a while... grab a cup of coffee?!?
[@        4s] Timestep:           48 || Speed:  143.2 MC/s (9.053e-02 s/TS) || Energy: ~4.63e-23 (- 0.00dB)
[@        8s] Timestep:          112 || Speed:  201.4 MC/s (6.436e-02 s/TS) || Energy: ~4.10e-20 (- 0.00dB)
[@       12s] Timestep:          192 || Speed:  238.2 MC/s (5.442e-02 s/TS) || Energy: ~7.43e-18 (- 0.00dB)
[@       17s] Timestep:          280 || Speed:  264.1 MC/s (4.908e-02 s/TS) || Energy: ~1.85e-17 (- 0.00dB)
[@       21s] Timestep:          376 || Speed:  287.2 MC/s (4.513e-02 s/TS) || Energy: ~1.66e-17 (- 0.47dB)
[@       25s] Timestep:          472 || Speed:  301.3 MC/s (4.301e-02 s/TS) || Energy: ~1.34e-17 (- 1.37dB)
[@       29s] Timestep:          568 || Speed:  301.0 MC/s (4.305e-02 s/TS) || Energy: ~1.12e-17 (- 2.15dB)
Multithreaded Engine: Best performance found using 6 threads.
[@       33s] Timestep:          680 || Speed:  352.8 MC/s (3.674e-02 s/TS) || Energy: ~9.10e-18 (- 3.07dB)
[@       37s] Timestep:          776 || Speed:  300.0 MC/s (4.320e-02 s/TS) || Energy: ~7.03e-18 (- 4.19dB)
[@       42s] Timestep:          872 || Speed:  299.4 MC/s (4.329e-02 s/TS) || Energy: ~6.05e-18 (- 4.84dB)
[@       46s] Timestep:          968 || Speed:  300.7 MC/s (4.309e-02 s/TS) || Energy: ~4.99e-18 (- 5.68dB)
[@       50s] Timestep:         1064 || Speed:  300.6 MC/s (4.311e-02 s/TS) || Energy: ~4.05e-18 (- 6.58dB)
[@       54s] Timestep:         1160 || Speed:  300.0 MC/s (4.321e-02 s/TS) || Energy: ~3.26e-18 (- 7.53dB)
[@       58s] Timestep:         1256 || Speed:  298.1 MC/s (4.347e-02 s/TS) || Energy: ~2.64e-18 (- 8.45dB)
[@     1m02s] Timestep:         1352 || Speed:  300.1 MC/s (4.319e-02 s/TS) || Energy: ~2.39e-18 (- 8.87dB)
[@     1m06s] Timestep:         1464 || Speed:  354.8 MC/s (3.653e-02 s/TS) || Energy: ~1.66e-18 (-10.45dB)
[@     1m11s] Timestep:         1560 || Speed:  300.1 MC/s (4.319e-02 s/TS) || Energy: ~1.52e-18 (-10.85dB)
[@     1m15s] Timestep:         1656 || Speed:  300.1 MC/s (4.319e-02 s/TS) || Energy: ~1.41e-18 (-11.17dB)
[@     1m19s] Timestep:         1752 || Speed:  300.2 MC/s (4.317e-02 s/TS) || Energy: ~1.25e-18 (-11.70dB)
[@     1m23s] Timestep:         1848 || Speed:  301.2 MC/s (4.303e-02 s/TS) || Energy: ~9.76e-19 (-12.77dB)
[@     1m27s] Timestep:         1944 || Speed:  302.1 MC/s (4.290e-02 s/TS) || Energy: ~7.27e-19 (-14.05dB)
[@     1m31s] Timestep:         2040 || Speed:  297.7 MC/s (4.354e-02 s/TS) || Energy: ~6.22e-19 (-14.72dB)
[@     1m35s] Timestep:         2136 || Speed:  300.8 MC/s (4.309e-02 s/TS) || Energy: ~5.99e-19 (-14.89dB)
[@     1m40s] Timestep:         2248 || Speed:  352.1 MC/s (3.681e-02 s/TS) || Energy: ~4.66e-19 (-15.98dB)
[@     1m44s] Timestep:         2344 || Speed:  300.1 MC/s (4.319e-02 s/TS) || Energy: ~4.26e-19 (-16.36dB)
[@     1m48s] Timestep:         2440 || Speed:  301.0 MC/s (4.306e-02 s/TS) || Energy: ~4.15e-19 (-16.48dB)
[@     1m52s] Timestep:         2536 || Speed:  299.7 MC/s (4.324e-02 s/TS) || Energy: ~4.03e-19 (-16.61dB)
[@     1m56s] Timestep:         2632 || Speed:  300.5 MC/s (4.313e-02 s/TS) || Energy: ~3.56e-19 (-17.15dB)
[@     2m00s] Timestep:         2728 || Speed:  297.1 MC/s (4.363e-02 s/TS) || Energy: ~2.82e-19 (-18.16dB)
[@     2m05s] Timestep:         2824 || Speed:  299.0 MC/s (4.334e-02 s/TS) || Energy: ~2.12e-19 (-19.40dB)
[@     2m09s] Timestep:         2936 || Speed:  355.9 MC/s (3.642e-02 s/TS) || Energy: ~2.20e-19 (-19.24dB)
[@     2m13s] Timestep:         3032 || Speed:  301.4 MC/s (4.300e-02 s/TS) || Energy: ~1.70e-19 (-20.35dB)
[@     2m17s] Timestep:         3128 || Speed:  299.7 MC/s (4.325e-02 s/TS) || Energy: ~1.39e-19 (-21.23dB)
[@     2m21s] Timestep:         3224 || Speed:  301.0 MC/s (4.306e-02 s/TS) || Energy: ~1.35e-19 (-21.36dB)
[@     2m25s] Timestep:         3320 || Speed:  299.1 MC/s (4.333e-02 s/TS) || Energy: ~1.35e-19 (-21.36dB)
[@     2m29s] Timestep:         3416 || Speed:  296.2 MC/s (4.376e-02 s/TS) || Energy: ~1.31e-19 (-21.47dB)
[@     2m34s] Timestep:         3512 || Speed:  298.3 MC/s (4.345e-02 s/TS) || Energy: ~1.18e-19 (-21.96dB)
[@     2m38s] Timestep:         3608 || Speed:  300.0 MC/s (4.320e-02 s/TS) || Energy: ~9.44e-20 (-22.91dB)
[@     2m42s] Timestep:         3720 || Speed:  354.5 MC/s (3.656e-02 s/TS) || Energy: ~9.11e-20 (-23.06dB)
[@     2m46s] Timestep:         3816 || Speed:  299.6 MC/s (4.326e-02 s/TS) || Energy: ~7.35e-20 (-24.00dB)
[@     2m50s] Timestep:         3912 || Speed:  297.7 MC/s (4.353e-02 s/TS) || Energy: ~5.89e-20 (-24.96dB)
[@     2m54s] Timestep:         4008 || Speed:  288.9 MC/s (4.486e-02 s/TS) || Energy: ~5.12e-20 (-25.57dB)
[@     2m59s] Timestep:         4104 || Speed:  289.8 MC/s (4.472e-02 s/TS) || Energy: ~4.96e-20 (-25.71dB)
[@     3m03s] Timestep:         4200 || Speed:  294.7 MC/s (4.397e-02 s/TS) || Energy: ~5.02e-20 (-25.65dB)
[@     3m07s] Timestep:         4296 || Speed:  298.4 MC/s (4.344e-02 s/TS) || Energy: ~4.77e-20 (-25.88dB)
[@     3m11s] Timestep:         4408 || Speed:  357.6 MC/s (3.624e-02 s/TS) || Energy: ~3.85e-20 (-26.80dB)
[@     3m15s] Timestep:         4504 || Speed:  304.9 MC/s (4.251e-02 s/TS) || Energy: ~3.81e-20 (-26.85dB)
[@     3m19s] Timestep:         4600 || Speed:  303.8 MC/s (4.266e-02 s/TS) || Energy: ~3.39e-20 (-27.36dB)
[@     3m24s] Timestep:         4696 || Speed:  299.5 MC/s (4.328e-02 s/TS) || Energy: ~2.75e-20 (-28.26dB)
[@     3m28s] Timestep:         4792 || Speed:  298.6 MC/s (4.341e-02 s/TS) || Energy: ~2.29e-20 (-29.06dB)
[@     3m32s] Timestep:         4888 || Speed:  295.8 MC/s (4.381e-02 s/TS) || Energy: ~2.07e-20 (-29.50dB)
[@     3m36s] Timestep:         4984 || Speed:  299.3 MC/s (4.330e-02 s/TS) || Energy: ~1.93e-20 (-29.81dB)
[@     3m40s] Timestep:         5080 || Speed:  301.4 MC/s (4.300e-02 s/TS) || Energy: ~1.81e-20 (-30.07dB)
[@     3m44s] Timestep:         5192 || Speed:  353.0 MC/s (3.672e-02 s/TS) || Energy: ~1.56e-20 (-30.72dB)
[@     3m48s] Timestep:         5288 || Speed:  301.4 MC/s (4.300e-02 s/TS) || Energy: ~1.59e-20 (-30.65dB)
[@     3m53s] Timestep:         5384 || Speed:  301.2 MC/s (4.303e-02 s/TS) || Energy: ~1.46e-20 (-31.03dB)
[@     3m57s] Timestep:         5480 || Speed:  299.3 MC/s (4.330e-02 s/TS) || Energy: ~1.23e-20 (-31.75dB)
[@     4m01s] Timestep:         5576 || Speed:  299.1 MC/s (4.333e-02 s/TS) || Energy: ~1.10e-20 (-32.25dB)
[@     4m05s] Timestep:         5672 || Speed:  298.2 MC/s (4.346e-02 s/TS) || Energy: ~9.87e-21 (-32.72dB)
[@     4m09s] Timestep:         5768 || Speed:  300.6 MC/s (4.311e-02 s/TS) || Energy: ~8.55e-21 (-33.34dB)
[@     4m13s] Timestep:         5864 || Speed:  299.8 MC/s (4.322e-02 s/TS) || Energy: ~7.69e-21 (-33.80dB)
[@     4m17s] Timestep:         5976 || Speed:  352.7 MC/s (3.674e-02 s/TS) || Energy: ~6.64e-21 (-34.44dB)
[@     4m22s] Timestep:         6072 || Speed:  298.6 MC/s (4.340e-02 s/TS) || Energy: ~6.54e-21 (-34.51dB)
[@     4m26s] Timestep:         6168 || Speed:  301.6 MC/s (4.297e-02 s/TS) || Energy: ~6.40e-21 (-34.60dB)
[@     4m30s] Timestep:         6264 || Speed:  298.9 MC/s (4.337e-02 s/TS) || Energy: ~5.86e-21 (-34.98dB)
[@     4m34s] Timestep:         6360 || Speed:  301.2 MC/s (4.303e-02 s/TS) || Energy: ~5.13e-21 (-35.56dB)
[@     4m38s] Timestep:         6456 || Speed:  300.6 MC/s (4.311e-02 s/TS) || Energy: ~4.48e-21 (-36.14dB)
[@     4m42s] Timestep:         6552 || Speed:  302.1 MC/s (4.291e-02 s/TS) || Energy: ~4.08e-21 (-36.55dB)
[@     4m46s] Timestep:         6664 || Speed:  355.8 MC/s (3.642e-02 s/TS) || Energy: ~3.91e-21 (-36.74dB)
[@     4m50s] Timestep:         6760 || Speed:  302.9 MC/s (4.279e-02 s/TS) || Energy: ~3.22e-21 (-37.59dB)
[@     4m55s] Timestep:         6856 || Speed:  300.0 MC/s (4.321e-02 s/TS) || Energy: ~2.79e-21 (-38.21dB)
[@     4m59s] Timestep:         6952 || Speed:  301.1 MC/s (4.304e-02 s/TS) || Energy: ~2.76e-21 (-38.26dB)
[@     5m03s] Timestep:         7048 || Speed:  299.3 MC/s (4.331e-02 s/TS) || Energy: ~2.75e-21 (-38.27dB)
[@     5m07s] Timestep:         7144 || Speed:  299.5 MC/s (4.328e-02 s/TS) || Energy: ~2.49e-21 (-38.70dB)
[@     5m11s] Timestep:         7240 || Speed:  302.0 MC/s (4.291e-02 s/TS) || Energy: ~2.13e-21 (-39.38dB)
[@     5m15s] Timestep:         7336 || Speed:  302.1 MC/s (4.289e-02 s/TS) || Energy: ~1.92e-21 (-39.84dB)
[@     5m19s] Timestep:         7448 || Speed:  355.0 MC/s (3.651e-02 s/TS) || Energy: ~1.97e-21 (-39.72dB)
[@     5m24s] Timestep:         7544 || Speed:  300.7 MC/s (4.309e-02 s/TS) || Energy: ~1.68e-21 (-40.41dB)
[@     5m28s] Timestep:         7640 || Speed:  299.9 MC/s (4.321e-02 s/TS) || Energy: ~1.38e-21 (-41.27dB)
[@     5m32s] Timestep:         7736 || Speed:  299.6 MC/s (4.326e-02 s/TS) || Energy: ~1.21e-21 (-41.82dB)
[@     5m36s] Timestep:         7832 || Speed:  301.6 MC/s (4.298e-02 s/TS) || Energy: ~1.22e-21 (-41.80dB)
[@     5m40s] Timestep:         7928 || Speed:  300.8 MC/s (4.309e-02 s/TS) || Energy: ~1.24e-21 (-41.72dB)
[@     5m44s] Timestep:         8024 || Speed:  296.5 MC/s (4.370e-02 s/TS) || Energy: ~1.12e-21 (-42.19dB)
[@     5m48s] Timestep:         8136 || Speed:  354.8 MC/s (3.652e-02 s/TS) || Energy: ~8.31e-22 (-43.47dB)
[@     5m53s] Timestep:         8232 || Speed:  299.9 MC/s (4.322e-02 s/TS) || Energy: ~8.93e-22 (-43.15dB)
[@     5m57s] Timestep:         8328 || Speed:  297.3 MC/s (4.359e-02 s/TS) || Energy: ~9.02e-22 (-43.11dB)
[@     6m01s] Timestep:         8424 || Speed:  300.0 MC/s (4.320e-02 s/TS) || Energy: ~7.63e-22 (-43.83dB)
[@     6m05s] Timestep:         8520 || Speed:  300.8 MC/s (4.308e-02 s/TS) || Energy: ~6.21e-22 (-44.73dB)
[@     6m09s] Timestep:         8616 || Speed:  300.4 MC/s (4.314e-02 s/TS) || Energy: ~5.68e-22 (-45.12dB)
[@     6m13s] Timestep:         8712 || Speed:  299.8 MC/s (4.324e-02 s/TS) || Energy: ~5.55e-22 (-45.22dB)
[@     6m17s] Timestep:         8808 || Speed:  301.2 MC/s (4.303e-02 s/TS) || Energy: ~5.32e-22 (-45.40dB)
[@     6m22s] Timestep:         8920 || Speed:  352.9 MC/s (3.672e-02 s/TS) || Energy: ~4.54e-22 (-46.09dB)
[@     6m26s] Timestep:         9016 || Speed:  301.4 MC/s (4.300e-02 s/TS) || Energy: ~3.91e-22 (-46.74dB)
[@     6m30s] Timestep:         9112 || Speed:  298.9 MC/s (4.336e-02 s/TS) || Energy: ~3.66e-22 (-47.02dB)
[@     6m34s] Timestep:         9208 || Speed:  301.2 MC/s (4.303e-02 s/TS) || Energy: ~3.68e-22 (-47.00dB)
[@     6m38s] Timestep:         9304 || Speed:  299.9 MC/s (4.322e-02 s/TS) || Energy: ~3.61e-22 (-47.08dB)
[@     6m42s] Timestep:         9400 || Speed:  300.5 MC/s (4.312e-02 s/TS) || Energy: ~3.26e-22 (-47.53dB)
[@     6m46s] Timestep:         9496 || Speed:  299.4 MC/s (4.329e-02 s/TS) || Energy: ~2.77e-22 (-48.24dB)
[@     6m51s] Timestep:         9592 || Speed:  298.0 MC/s (4.349e-02 s/TS) || Energy: ~2.37e-22 (-48.92dB)
[@     6m55s] Timestep:         9704 || Speed:  353.7 MC/s (3.665e-02 s/TS) || Energy: ~2.54e-22 (-48.62dB)
[@     6m59s] Timestep:         9800 || Speed:  300.3 MC/s (4.316e-02 s/TS) || Energy: ~2.21e-22 (-49.21dB)
[@     7m03s] Timestep:         9896 || Speed:  299.3 MC/s (4.330e-02 s/TS) || Energy: ~1.82e-22 (-50.06dB)
Time for 9896 iterations with 12960304.00 cells : 423.48 sec
Speed: 302.86 MCells/s 
    [excite port 7/40]
 ---------------------------------------------------------------------- 
 | openEMS 64bit -- version v0.37.0-rc1-2-g7b051bb
 | (C) 2010-2026 Thorsten Liebig <thorsten.liebig@gmx.de>  GPL license
 ---------------------------------------------------------------------- 
	Used external libraries:
		CSXCAD -- Version: v0.7.0-rc1-1-g5115701
		hdf5   -- Version: 1.10.10
		          compiled against: HDF5 library version: 1.10.10
		tinyxml -- compiled against: 2.6.2
		fparser
		boost  -- compiled against: 1_83
		vtk -- Version: 9.1.0
		       compiled against: 9.1.0

Create FDTD operator (compressed SSE + multi-threading)
FDTD simulation size: 244x196x271 --> 12960304.00 FDTD cells 
FDTD timestep is: 0.00 s; Nyquist rate: 34 timesteps @101891945817.00 Hz
Excitation signal length is: 398 timesteps (0.00s)
Max. number of timesteps: 60000 ( --> 150.75 * Excitation signal length)
Create FDTD engine (compressed SSE + multi-threading)
Running FDTD engine... this may take a while... grab a cup of coffee?!?
[@        4s] Timestep:           40 || Speed:  115.3 MC/s (1.124e-01 s/TS) || Energy: ~4.93e-24 (- 0.00dB)
[@        8s] Timestep:          104 || Speed:  203.2 MC/s (6.379e-02 s/TS) || Energy: ~1.05e-20 (- 0.00dB)
[@       12s] Timestep:          184 || Speed:  238.8 MC/s (5.427e-02 s/TS) || Energy: ~4.15e-18 (- 0.00dB)
[@       17s] Timestep:          272 || Speed:  267.3 MC/s (4.849e-02 s/TS) || Energy: ~1.76e-17 (- 0.00dB)
[@       21s] Timestep:          368 || Speed:  292.0 MC/s (4.438e-02 s/TS) || Energy: ~1.64e-17 (- 0.31dB)
[@       25s] Timestep:          480 || Speed:  357.6 MC/s (3.624e-02 s/TS) || Energy: ~1.59e-17 (- 0.42dB)
[@       29s] Timestep:          576 || Speed:  306.0 MC/s (4.236e-02 s/TS) || Energy: ~1.24e-17 (- 1.50dB)
Multithreaded Engine: Best performance found using 6 threads.
[@       33s] Timestep:          672 || Speed:  298.5 MC/s (4.342e-02 s/TS) || Energy: ~1.03e-17 (- 2.33dB)
[@       37s] Timestep:          768 || Speed:  299.6 MC/s (4.326e-02 s/TS) || Energy: ~8.02e-18 (- 3.40dB)
[@       42s] Timestep:          864 || Speed:  301.3 MC/s (4.302e-02 s/TS) || Energy: ~6.57e-18 (- 4.27dB)
[@       46s] Timestep:          960 || Speed:  302.1 MC/s (4.291e-02 s/TS) || Energy: ~5.73e-18 (- 4.86dB)
[@       50s] Timestep:         1056 || Speed:  300.9 MC/s (4.307e-02 s/TS) || Energy: ~4.67e-18 (- 5.75dB)
[@       54s] Timestep:         1152 || Speed:  301.0 MC/s (4.306e-02 s/TS) || Energy: ~3.84e-18 (- 6.60dB)
[@       58s] Timestep:         1264 || Speed:  358.2 MC/s (3.619e-02 s/TS) || Energy: ~2.92e-18 (- 7.80dB)
[@     1m02s] Timestep:         1360 || Speed:  299.2 MC/s (4.331e-02 s/TS) || Energy: ~2.47e-18 (- 8.51dB)
[@     1m06s] Timestep:         1456 || Speed:  302.3 MC/s (4.287e-02 s/TS) || Energy: ~1.99e-18 (- 9.46dB)
[@     1m10s] Timestep:         1552 || Speed:  300.5 MC/s (4.313e-02 s/TS) || Energy: ~1.73e-18 (-10.05dB)
[@     1m15s] Timestep:         1648 || Speed:  299.9 MC/s (4.322e-02 s/TS) || Energy: ~1.55e-18 (-10.54dB)
[@     1m19s] Timestep:         1744 || Speed:  298.4 MC/s (4.344e-02 s/TS) || Energy: ~1.26e-18 (-11.46dB)
[@     1m23s] Timestep:         1840 || Speed:  299.2 MC/s (4.332e-02 s/TS) || Energy: ~1.02e-18 (-12.35dB)
[@     1m27s] Timestep:         1936 || Speed:  300.3 MC/s (4.316e-02 s/TS) || Energy: ~8.81e-19 (-12.99dB)
[@     1m31s] Timestep:         2048 || Speed:  358.8 MC/s (3.612e-02 s/TS) || Energy: ~7.66e-19 (-13.60dB)
[@     1m35s] Timestep:         2144 || Speed:  301.6 MC/s (4.298e-02 s/TS) || Energy: ~6.52e-19 (-14.30dB)
[@     1m39s] Timestep:         2240 || Speed:  292.9 MC/s (4.425e-02 s/TS) || Energy: ~5.45e-19 (-15.08dB)
[@     1m44s] Timestep:         2336 || Speed:  294.0 MC/s (4.408e-02 s/TS) || Energy: ~4.83e-19 (-15.61dB)
[@     1m48s] Timestep:         2432 || Speed:  301.4 MC/s (4.300e-02 s/TS) || Energy: ~4.46e-19 (-15.95dB)
[@     1m52s] Timestep:         2528 || Speed:  300.6 MC/s (4.312e-02 s/TS) || Energy: ~3.90e-19 (-16.53dB)
[@     1m56s] Timestep:         2624 || Speed:  300.4 MC/s (4.314e-02 s/TS) || Energy: ~3.55e-19 (-16.94dB)
[@     2m00s] Timestep:         2736 || Speed:  357.4 MC/s (3.626e-02 s/TS) || Energy: ~2.96e-19 (-17.73dB)
[@     2m04s] Timestep:         2832 || Speed:  298.6 MC/s (4.340e-02 s/TS) || Energy: ~2.69e-19 (-18.15dB)
[@     2m08s] Timestep:         2928 || Speed:  301.4 MC/s (4.300e-02 s/TS) || Energy: ~2.31e-19 (-18.81dB)
[@     2m13s] Timestep:         3024 || Speed:  298.3 MC/s (4.345e-02 s/TS) || Energy: ~1.87e-19 (-19.73dB)
[@     2m17s] Timestep:         3120 || Speed:  300.4 MC/s (4.314e-02 s/TS) || Energy: ~1.62e-19 (-20.34dB)
[@     2m21s] Timestep:         3216 || Speed:  296.9 MC/s (4.366e-02 s/TS) || Energy: ~1.54e-19 (-20.57dB)
[@     2m25s] Timestep:         3312 || Speed:  297.3 MC/s (4.360e-02 s/TS) || Energy: ~1.42e-19 (-20.91dB)
[@     2m29s] Timestep:         3408 || Speed:  295.2 MC/s (4.390e-02 s/TS) || Energy: ~1.32e-19 (-21.25dB)
[@     2m33s] Timestep:         3520 || Speed:  352.7 MC/s (3.675e-02 s/TS) || Energy: ~1.12e-19 (-21.96dB)
[@     2m38s] Timestep:         3616 || Speed:  300.0 MC/s (4.320e-02 s/TS) || Energy: ~1.04e-19 (-22.26dB)
[@     2m42s] Timestep:         3712 || Speed:  297.7 MC/s (4.353e-02 s/TS) || Energy: ~9.07e-20 (-22.87dB)
[@     2m46s] Timestep:         3808 || Speed:  296.5 MC/s (4.371e-02 s/TS) || Energy: ~7.74e-20 (-23.55dB)
[@     2m50s] Timestep:         3904 || Speed:  298.6 MC/s (4.341e-02 s/TS) || Energy: ~6.95e-20 (-24.02dB)
[@     2m54s] Timestep:         4000 || Speed:  301.0 MC/s (4.306e-02 s/TS) || Energy: ~6.18e-20 (-24.54dB)
[@     2m58s] Timestep:         4096 || Speed:  301.1 MC/s (4.304e-02 s/TS) || Energy: ~5.59e-20 (-24.97dB)
[@     3m03s] Timestep:         4208 || Speed:  351.1 MC/s (3.691e-02 s/TS) || Energy: ~5.03e-20 (-25.43dB)
[@     3m07s] Timestep:         4304 || Speed:  300.4 MC/s (4.314e-02 s/TS) || Energy: ~4.49e-20 (-25.92dB)
[@     3m11s] Timestep:         4400 || Speed:  301.2 MC/s (4.303e-02 s/TS) || Energy: ~4.08e-20 (-26.33dB)
[@     3m15s] Timestep:         4496 || Speed:  300.9 MC/s (4.307e-02 s/TS) || Energy: ~3.80e-20 (-26.65dB)
[@     3m19s] Timestep:         4592 || Speed:  299.0 MC/s (4.335e-02 s/TS) || Energy: ~3.33e-20 (-27.22dB)
[@     3m23s] Timestep:         4688 || Speed:  300.9 MC/s (4.307e-02 s/TS) || Energy: ~2.81e-20 (-27.96dB)
[@     3m27s] Timestep:         4784 || Speed:  300.9 MC/s (4.307e-02 s/TS) || Energy: ~2.68e-20 (-28.16dB)
[@     3m32s] Timestep:         4880 || Speed:  299.9 MC/s (4.322e-02 s/TS) || Energy: ~2.63e-20 (-28.24dB)
[@     3m36s] Timestep:         4992 || Speed:  353.4 MC/s (3.668e-02 s/TS) || Energy: ~2.13e-20 (-29.16dB)
[@     3m40s] Timestep:         5088 || Speed:  302.5 MC/s (4.284e-02 s/TS) || Energy: ~2.02e-20 (-29.40dB)
[@     3m44s] Timestep:         5184 || Speed:  302.4 MC/s (4.285e-02 s/TS) || Energy: ~1.87e-20 (-29.73dB)
[@     3m48s] Timestep:         5280 || Speed:  299.1 MC/s (4.333e-02 s/TS) || Energy: ~1.59e-20 (-30.44dB)
[@     3m52s] Timestep:         5376 || Speed:  297.3 MC/s (4.360e-02 s/TS) || Energy: ~1.32e-20 (-31.23dB)
[@     3m56s] Timestep:         5472 || Speed:  288.6 MC/s (4.490e-02 s/TS) || Energy: ~1.22e-20 (-31.58dB)
[@     4m01s] Timestep:         5568 || Speed:  299.3 MC/s (4.331e-02 s/TS) || Energy: ~1.24e-20 (-31.52dB)
[@     4m05s] Timestep:         5664 || Speed:  299.3 MC/s (4.331e-02 s/TS) || Energy: ~1.18e-20 (-31.74dB)
[@     4m09s] Timestep:         5776 || Speed:  356.4 MC/s (3.636e-02 s/TS) || Energy: ~9.46e-21 (-32.69dB)
[@     4m13s] Timestep:         5872 || Speed:  302.6 MC/s (4.283e-02 s/TS) || Energy: ~9.83e-21 (-32.52dB)
[@     4m17s] Timestep:         5968 || Speed:  301.3 MC/s (4.301e-02 s/TS) || Energy: ~8.72e-21 (-33.04dB)
[@     4m21s] Timestep:         6064 || Speed:  302.3 MC/s (4.288e-02 s/TS) || Energy: ~7.05e-21 (-33.96dB)
[@     4m25s] Timestep:         6160 || Speed:  298.6 MC/s (4.341e-02 s/TS) || Energy: ~6.13e-21 (-34.57dB)
[@     4m30s] Timestep:         6256 || Speed:  301.8 MC/s (4.295e-02 s/TS) || Energy: ~5.66e-21 (-34.92dB)
[@     4m34s] Timestep:         6352 || Speed:  300.8 MC/s (4.309e-02 s/TS) || Energy: ~5.12e-21 (-35.35dB)
[@     4m38s] Timestep:         6464 || Speed:  353.6 MC/s (3.665e-02 s/TS) || Energy: ~4.22e-21 (-36.19dB)
[@     4m42s] Timestep:         6560 || Speed:  298.6 MC/s (4.341e-02 s/TS) || Energy: ~4.32e-21 (-36.09dB)
[@     4m46s] Timestep:         6656 || Speed:  298.6 MC/s (4.341e-02 s/TS) || Energy: ~4.28e-21 (-36.13dB)
[@     4m50s] Timestep:         6752 || Speed:  297.1 MC/s (4.363e-02 s/TS) || Energy: ~3.98e-21 (-36.45dB)
[@     4m54s] Timestep:         6848 || Speed:  298.2 MC/s (4.346e-02 s/TS) || Energy: ~3.67e-21 (-36.80dB)
[@     4m59s] Timestep:         6944 || Speed:  300.6 MC/s (4.311e-02 s/TS) || Energy: ~3.26e-21 (-37.32dB)
[@     5m03s] Timestep:         7040 || Speed:  296.8 MC/s (4.367e-02 s/TS) || Energy: ~2.57e-21 (-38.34dB)
[@     5m07s] Timestep:         7136 || Speed:  300.4 MC/s (4.314e-02 s/TS) || Energy: ~2.06e-21 (-39.30dB)
[@     5m11s] Timestep:         7248 || Speed:  354.2 MC/s (3.659e-02 s/TS) || Energy: ~2.17e-21 (-39.08dB)
[@     5m15s] Timestep:         7344 || Speed:  300.2 MC/s (4.317e-02 s/TS) || Energy: ~1.88e-21 (-39.69dB)
[@     5m19s] Timestep:         7440 || Speed:  297.8 MC/s (4.352e-02 s/TS) || Energy: ~1.69e-21 (-40.18dB)
[@     5m24s] Timestep:         7536 || Speed:  289.6 MC/s (4.476e-02 s/TS) || Energy: ~1.82e-21 (-39.84dB)
[@     5m28s] Timestep:         7632 || Speed:  300.8 MC/s (4.308e-02 s/TS) || Energy: ~1.94e-21 (-39.58dB)
[@     5m32s] Timestep:         7728 || Speed:  300.4 MC/s (4.314e-02 s/TS) || Energy: ~1.64e-21 (-40.29dB)
[@     5m36s] Timestep:         7824 || Speed:  298.1 MC/s (4.348e-02 s/TS) || Energy: ~1.21e-21 (-41.61dB)
[@     5m40s] Timestep:         7936 || Speed:  354.6 MC/s (3.654e-02 s/TS) || Energy: ~1.43e-21 (-40.90dB)
[@     5m44s] Timestep:         8032 || Speed:  301.1 MC/s (4.304e-02 s/TS) || Energy: ~1.12e-21 (-41.94dB)
[@     5m48s] Timestep:         8128 || Speed:  301.8 MC/s (4.295e-02 s/TS) || Energy: ~8.15e-22 (-43.33dB)
[@     5m53s] Timestep:         8224 || Speed:  301.3 MC/s (4.302e-02 s/TS) || Energy: ~7.77e-22 (-43.54dB)
[@     5m57s] Timestep:         8320 || Speed:  303.7 MC/s (4.267e-02 s/TS) || Energy: ~8.49e-22 (-43.15dB)
[@     6m01s] Timestep:         8416 || Speed:  300.4 MC/s (4.314e-02 s/TS) || Energy: ~8.18e-22 (-43.32dB)
[@     6m05s] Timestep:         8512 || Speed:  300.2 MC/s (4.318e-02 s/TS) || Energy: ~7.63e-22 (-43.62dB)
[@     6m09s] Timestep:         8608 || Speed:  301.8 MC/s (4.294e-02 s/TS) || Energy: ~7.36e-22 (-43.77dB)
[@     6m13s] Timestep:         8720 || Speed:  357.5 MC/s (3.625e-02 s/TS) || Energy: ~6.71e-22 (-44.18dB)
[@     6m17s] Timestep:         8816 || Speed:  299.2 MC/s (4.332e-02 s/TS) || Energy: ~5.54e-22 (-45.01dB)
[@     6m21s] Timestep:         8912 || Speed:  301.0 MC/s (4.305e-02 s/TS) || Energy: ~4.83e-22 (-45.60dB)
[@     6m26s] Timestep:         9008 || Speed:  301.1 MC/s (4.305e-02 s/TS) || Energy: ~4.23e-22 (-46.18dB)
[@     6m30s] Timestep:         9104 || Speed:  299.2 MC/s (4.332e-02 s/TS) || Energy: ~3.58e-22 (-46.90dB)
[@     6m34s] Timestep:         9200 || Speed:  298.0 MC/s (4.349e-02 s/TS) || Energy: ~3.46e-22 (-47.06dB)
[@     6m38s] Timestep:         9296 || Speed:  298.8 MC/s (4.338e-02 s/TS) || Energy: ~3.78e-22 (-46.67dB)
[@     6m42s] Timestep:         9392 || Speed:  299.8 MC/s (4.323e-02 s/TS) || Energy: ~3.80e-22 (-46.65dB)
[@     6m46s] Timestep:         9504 || Speed:  359.2 MC/s (3.608e-02 s/TS) || Energy: ~3.03e-22 (-47.62dB)
[@     6m50s] Timestep:         9600 || Speed:  301.9 MC/s (4.294e-02 s/TS) || Energy: ~3.06e-22 (-47.59dB)
[@     6m55s] Timestep:         9696 || Speed:  300.8 MC/s (4.309e-02 s/TS) || Energy: ~2.80e-22 (-47.97dB)
[@     6m59s] Timestep:         9792 || Speed:  301.5 MC/s (4.299e-02 s/TS) || Energy: ~2.25e-22 (-48.92dB)
[@     7m03s] Timestep:         9888 || Speed:  299.5 MC/s (4.327e-02 s/TS) || Energy: ~1.76e-22 (-50.00dB)
[@     7m07s] Timestep:         9984 || Speed:  300.7 MC/s (4.310e-02 s/TS) || Energy: ~1.62e-22 (-50.35dB)
Time for 9984 iterations with 12960304.00 cells : 427.46 sec
Speed: 302.71 MCells/s 
    [excite port 8/40]
 ---------------------------------------------------------------------- 
 | openEMS 64bit -- version v0.37.0-rc1-2-g7b051bb
 | (C) 2010-2026 Thorsten Liebig <thorsten.liebig@gmx.de>  GPL license
 ---------------------------------------------------------------------- 
	Used external libraries:
		CSXCAD -- Version: v0.7.0-rc1-1-g5115701
		hdf5   -- Version: 1.10.10
		          compiled against: HDF5 library version: 1.10.10
		tinyxml -- compiled against: 2.6.2
		fparser
		boost  -- compiled against: 1_83
		vtk -- Version: 9.1.0
		       compiled against: 9.1.0

Create FDTD operator (compressed SSE + multi-threading)
FDTD simulation size: 244x196x271 --> 12960304.00 FDTD cells 
FDTD timestep is: 0.00 s; Nyquist rate: 34 timesteps @101891945817.00 Hz
Excitation signal length is: 398 timesteps (0.00s)
Max. number of timesteps: 60000 ( --> 150.75 * Excitation signal length)
Create FDTD engine (compressed SSE + multi-threading)
Running FDTD engine... this may take a while... grab a cup of coffee?!?
[@        4s] Timestep:           40 || Speed:  120.2 MC/s (1.078e-01 s/TS) || Energy: ~4.93e-24 (- 0.00dB)
[@        8s] Timestep:          120 || Speed:  233.0 MC/s (5.562e-02 s/TS) || Energy: ~1.65e-19 (- 0.00dB)
[@       13s] Timestep:          199 || Speed:  239.7 MC/s (5.406e-02 s/TS) || Energy: ~1.09e-17 (- 0.00dB)
[@       17s] Timestep:          288 || Speed:  270.6 MC/s (4.790e-02 s/TS) || Energy: ~1.86e-17 (- 0.00dB)
[@       21s] Timestep:          384 || Speed:  292.2 MC/s (4.435e-02 s/TS) || Energy: ~1.61e-17 (- 0.63dB)
[@       25s] Timestep:          480 || Speed:  301.2 MC/s (4.303e-02 s/TS) || Energy: ~1.59e-17 (- 0.70dB)
[@       29s] Timestep:          576 || Speed:  303.9 MC/s (4.265e-02 s/TS) || Energy: ~1.26e-17 (- 1.69dB)
[@       33s] Timestep:          672 || Speed:  300.0 MC/s (4.320e-02 s/TS) || Energy: ~1.04e-17 (- 2.53dB)
Multithreaded Engine: Best performance found using 7 threads.
[@       38s] Timestep:          768 || Speed:  303.7 MC/s (4.267e-02 s/TS) || Energy: ~8.42e-18 (- 3.45dB)
[@       42s] Timestep:          880 || Speed:  360.6 MC/s (3.594e-02 s/TS) || Energy: ~6.84e-18 (- 4.36dB)
[@       46s] Timestep:          976 || Speed:  307.5 MC/s (4.215e-02 s/TS) || Energy: ~5.78e-18 (- 5.08dB)
[@       50s] Timestep:         1072 || Speed:  307.3 MC/s (4.217e-02 s/TS) || Energy: ~4.68e-18 (- 6.00dB)
[@       54s] Timestep:         1168 || Speed:  308.8 MC/s (4.197e-02 s/TS) || Energy: ~3.73e-18 (- 6.99dB)
[@       58s] Timestep:         1264 || Speed:  306.6 MC/s (4.227e-02 s/TS) || Energy: ~3.05e-18 (- 7.87dB)
[@     1m02s] Timestep:         1360 || Speed:  304.1 MC/s (4.261e-02 s/TS) || Energy: ~2.60e-18 (- 8.55dB)
[@     1m06s] Timestep:         1456 || Speed:  306.7 MC/s (4.226e-02 s/TS) || Energy: ~2.33e-18 (- 9.04dB)
[@     1m10s] Timestep:         1568 || Speed:  360.8 MC/s (3.592e-02 s/TS) || Energy: ~1.72e-18 (-10.34dB)
[@     1m14s] Timestep:         1664 || Speed:  303.5 MC/s (4.270e-02 s/TS) || Energy: ~1.65e-18 (-10.52dB)
[@     1m18s] Timestep:         1760 || Speed:  307.7 MC/s (4.212e-02 s/TS) || Energy: ~1.51e-18 (-10.93dB)
[@     1m22s] Timestep:         1856 || Speed:  308.5 MC/s (4.201e-02 s/TS) || Energy: ~1.24e-18 (-11.79dB)
[@     1m26s] Timestep:         1952 || Speed:  305.8 MC/s (4.238e-02 s/TS) || Energy: ~9.69e-19 (-12.84dB)
[@     1m30s] Timestep:         2048 || Speed:  307.2 MC/s (4.219e-02 s/TS) || Energy: ~7.87e-19 (-13.75dB)
[@     1m34s] Timestep:         2144 || Speed:  307.4 MC/s (4.216e-02 s/TS) || Energy: ~6.95e-19 (-14.28dB)
[@     1m38s] Timestep:         2240 || Speed:  298.4 MC/s (4.343e-02 s/TS) || Energy: ~6.35e-19 (-14.68dB)
[@     1m42s] Timestep:         2352 || Speed:  360.1 MC/s (3.599e-02 s/TS) || Energy: ~4.86e-19 (-15.83dB)
[@     1m47s] Timestep:         2448 || Speed:  300.9 MC/s (4.308e-02 s/TS) || Energy: ~4.64e-19 (-16.04dB)
[@     1m51s] Timestep:         2544 || Speed:  305.5 MC/s (4.243e-02 s/TS) || Energy: ~4.47e-19 (-16.20dB)
[@     1m55s] Timestep:         2640 || Speed:  305.6 MC/s (4.241e-02 s/TS) || Energy: ~4.19e-19 (-16.49dB)
[@     1m59s] Timestep:         2736 || Speed:  305.8 MC/s (4.239e-02 s/TS) || Energy: ~3.61e-19 (-17.13dB)
[@     2m03s] Timestep:         2832 || Speed:  307.7 MC/s (4.213e-02 s/TS) || Energy: ~2.96e-19 (-18.00dB)
[@     2m07s] Timestep:         2928 || Speed:  307.9 MC/s (4.209e-02 s/TS) || Energy: ~2.35e-19 (-18.99dB)
[@     2m11s] Timestep:         3024 || Speed:  303.9 MC/s (4.265e-02 s/TS) || Energy: ~1.93e-19 (-19.86dB)
[@     2m15s] Timestep:         3144 || Speed:  361.7 MC/s (3.583e-02 s/TS) || Energy: ~2.03e-19 (-19.62dB)
[@     2m19s] Timestep:         3240 || Speed:  307.8 MC/s (4.211e-02 s/TS) || Energy: ~1.64e-19 (-20.57dB)
[@     2m23s] Timestep:         3336 || Speed:  304.5 MC/s (4.256e-02 s/TS) || Energy: ~1.30e-19 (-21.56dB)
[@     2m27s] Timestep:         3432 || Speed:  307.2 MC/s (4.218e-02 s/TS) || Energy: ~1.18e-19 (-22.00dB)
[@     2m31s] Timestep:         3528 || Speed:  309.7 MC/s (4.185e-02 s/TS) || Energy: ~1.27e-19 (-21.66dB)
[@     2m36s] Timestep:         3624 || Speed:  307.2 MC/s (4.219e-02 s/TS) || Energy: ~1.26e-19 (-21.69dB)
[@     2m40s] Timestep:         3720 || Speed:  307.0 MC/s (4.222e-02 s/TS) || Energy: ~1.09e-19 (-22.31dB)
[@     2m44s] Timestep:         3816 || Speed:  309.1 MC/s (4.193e-02 s/TS) || Energy: ~8.82e-20 (-23.25dB)
[@     2m48s] Timestep:         3928 || Speed:  361.7 MC/s (3.583e-02 s/TS) || Energy: ~8.83e-20 (-23.24dB)
[@     2m52s] Timestep:         4024 || Speed:  308.0 MC/s (4.208e-02 s/TS) || Energy: ~6.98e-20 (-24.26dB)
[@     2m56s] Timestep:         4120 || Speed:  307.7 MC/s (4.212e-02 s/TS) || Energy: ~5.63e-20 (-25.20dB)
[@     3m00s] Timestep:         4216 || Speed:  305.7 MC/s (4.240e-02 s/TS) || Energy: ~4.68e-20 (-26.00dB)
[@     3m04s] Timestep:         4312 || Speed:  308.8 MC/s (4.197e-02 s/TS) || Energy: ~4.51e-20 (-26.16dB)
[@     3m08s] Timestep:         4408 || Speed:  307.1 MC/s (4.220e-02 s/TS) || Energy: ~4.82e-20 (-25.88dB)
[@     3m12s] Timestep:         4504 || Speed:  308.0 MC/s (4.209e-02 s/TS) || Energy: ~4.63e-20 (-26.05dB)
[@     3m16s] Timestep:         4616 || Speed:  361.7 MC/s (3.583e-02 s/TS) || Energy: ~3.72e-20 (-27.00dB)
[@     3m20s] Timestep:         4712 || Speed:  309.3 MC/s (4.190e-02 s/TS) || Energy: ~3.65e-20 (-27.08dB)
[@     3m24s] Timestep:         4808 || Speed:  308.8 MC/s (4.198e-02 s/TS) || Energy: ~3.24e-20 (-27.60dB)
[@     3m28s] Timestep:         4904 || Speed:  307.5 MC/s (4.215e-02 s/TS) || Energy: ~2.54e-20 (-28.65dB)
[@     3m32s] Timestep:         5000 || Speed:  307.3 MC/s (4.218e-02 s/TS) || Energy: ~1.99e-20 (-29.71dB)
[@     3m36s] Timestep:         5096 || Speed:  308.4 MC/s (4.202e-02 s/TS) || Energy: ~1.79e-20 (-30.17dB)
[@     3m40s] Timestep:         5192 || Speed:  306.8 MC/s (4.224e-02 s/TS) || Energy: ~1.85e-20 (-30.04dB)
[@     3m44s] Timestep:         5288 || Speed:  305.3 MC/s (4.245e-02 s/TS) || Energy: ~1.89e-20 (-29.93dB)
[@     3m48s] Timestep:         5400 || Speed:  361.9 MC/s (3.581e-02 s/TS) || Energy: ~1.50e-20 (-30.95dB)
[@     3m52s] Timestep:         5496 || Speed:  308.5 MC/s (4.201e-02 s/TS) || Energy: ~1.43e-20 (-31.16dB)
[@     3m56s] Timestep:         5592 || Speed:  306.7 MC/s (4.226e-02 s/TS) || Energy: ~1.33e-20 (-31.47dB)
[@     4m00s] Timestep:         5688 || Speed:  307.0 MC/s (4.221e-02 s/TS) || Energy: ~1.19e-20 (-31.95dB)
[@     4m04s] Timestep:         5784 || Speed:  305.9 MC/s (4.236e-02 s/TS) || Energy: ~1.08e-20 (-32.36dB)
[@     4m08s] Timestep:         5880 || Speed:  307.5 MC/s (4.215e-02 s/TS) || Energy: ~9.52e-21 (-32.92dB)
[@     4m13s] Timestep:         5976 || Speed:  308.3 MC/s (4.204e-02 s/TS) || Energy: ~7.86e-21 (-33.75dB)
[@     4m17s] Timestep:         6072 || Speed:  306.9 MC/s (4.223e-02 s/TS) || Energy: ~7.11e-21 (-34.19dB)
[@     4m21s] Timestep:         6184 || Speed:  362.1 MC/s (3.579e-02 s/TS) || Energy: ~7.04e-21 (-34.23dB)
[@     4m25s] Timestep:         6280 || Speed:  309.0 MC/s (4.194e-02 s/TS) || Energy: ~6.07e-21 (-34.88dB)
[@     4m29s] Timestep:         6376 || Speed:  304.1 MC/s (4.261e-02 s/TS) || Energy: ~5.47e-21 (-35.33dB)
[@     4m33s] Timestep:         6472 || Speed:  308.0 MC/s (4.208e-02 s/TS) || Energy: ~5.42e-21 (-35.37dB)
[@     4m37s] Timestep:         6568 || Speed:  308.4 MC/s (4.202e-02 s/TS) || Energy: ~5.14e-21 (-35.59dB)
[@     4m41s] Timestep:         6664 || Speed:  301.4 MC/s (4.301e-02 s/TS) || Energy: ~4.58e-21 (-36.09dB)
[@     4m45s] Timestep:         6760 || Speed:  307.0 MC/s (4.222e-02 s/TS) || Energy: ~3.93e-21 (-36.77dB)
[@     4m49s] Timestep:         6856 || Speed:  306.9 MC/s (4.222e-02 s/TS) || Energy: ~3.32e-21 (-37.50dB)
[@     4m53s] Timestep:         6976 || Speed:  360.7 MC/s (3.593e-02 s/TS) || Energy: ~3.47e-21 (-37.30dB)
[@     4m57s] Timestep:         7072 || Speed:  307.5 MC/s (4.214e-02 s/TS) || Energy: ~3.07e-21 (-37.83dB)
[@     5m01s] Timestep:         7168 || Speed:  309.6 MC/s (4.186e-02 s/TS) || Energy: ~2.49e-21 (-38.74dB)
[@     5m05s] Timestep:         7264 || Speed:  309.3 MC/s (4.190e-02 s/TS) || Energy: ~2.17e-21 (-39.35dB)
[@     5m09s] Timestep:         7360 || Speed:  307.0 MC/s (4.222e-02 s/TS) || Energy: ~2.15e-21 (-39.38dB)
[@     5m13s] Timestep:         7456 || Speed:  307.7 MC/s (4.212e-02 s/TS) || Energy: ~2.13e-21 (-39.43dB)
[@     5m18s] Timestep:         7552 || Speed:  309.7 MC/s (4.185e-02 s/TS) || Energy: ~1.98e-21 (-39.74dB)
[@     5m22s] Timestep:         7648 || Speed:  309.5 MC/s (4.187e-02 s/TS) || Energy: ~1.75e-21 (-40.28dB)
[@     5m26s] Timestep:         7768 || Speed:  361.4 MC/s (3.586e-02 s/TS) || Energy: ~1.55e-21 (-40.82dB)
[@     5m30s] Timestep:         7864 || Speed:  308.2 MC/s (4.205e-02 s/TS) || Energy: ~1.46e-21 (-41.06dB)
[@     5m34s] Timestep:         7960 || Speed:  307.1 MC/s (4.220e-02 s/TS) || Energy: ~1.30e-21 (-41.57dB)
[@     5m38s] Timestep:         8056 || Speed:  306.3 MC/s (4.231e-02 s/TS) || Energy: ~1.13e-21 (-42.16dB)
[@     5m42s] Timestep:         8152 || Speed:  301.3 MC/s (4.301e-02 s/TS) || Energy: ~1.01e-21 (-42.64dB)
[@     5m46s] Timestep:         8248 || Speed:  308.1 MC/s (4.207e-02 s/TS) || Energy: ~9.10e-22 (-43.11dB)
[@     5m50s] Timestep:         8344 || Speed:  309.0 MC/s (4.195e-02 s/TS) || Energy: ~8.17e-22 (-43.59dB)
[@     5m54s] Timestep:         8456 || Speed:  358.4 MC/s (3.616e-02 s/TS) || Energy: ~6.76e-22 (-44.41dB)
[@     5m58s] Timestep:         8552 || Speed:  307.6 MC/s (4.213e-02 s/TS) || Energy: ~6.56e-22 (-44.54dB)
[@     6m02s] Timestep:         8648 || Speed:  307.8 MC/s (4.210e-02 s/TS) || Energy: ~6.64e-22 (-44.48dB)
[@     6m06s] Timestep:         8744 || Speed:  308.8 MC/s (4.196e-02 s/TS) || Energy: ~6.79e-22 (-44.39dB)
[@     6m10s] Timestep:         8840 || Speed:  304.2 MC/s (4.260e-02 s/TS) || Energy: ~6.35e-22 (-44.68dB)
[@     6m14s] Timestep:         8936 || Speed:  309.6 MC/s (4.186e-02 s/TS) || Energy: ~5.22e-22 (-45.53dB)
[@     6m18s] Timestep:         9032 || Speed:  308.8 MC/s (4.197e-02 s/TS) || Energy: ~4.12e-22 (-46.56dB)
[@     6m23s] Timestep:         9128 || Speed:  307.0 MC/s (4.222e-02 s/TS) || Energy: ~3.66e-22 (-47.07dB)
[@     6m27s] Timestep:         9248 || Speed:  358.1 MC/s (3.619e-02 s/TS) || Energy: ~4.06e-22 (-46.62dB)
[@     6m31s] Timestep:         9344 || Speed:  305.8 MC/s (4.238e-02 s/TS) || Energy: ~3.17e-22 (-47.70dB)
[@     6m35s] Timestep:         9440 || Speed:  309.5 MC/s (4.187e-02 s/TS) || Energy: ~2.71e-22 (-48.37dB)
[@     6m39s] Timestep:         9536 || Speed:  306.4 MC/s (4.230e-02 s/TS) || Energy: ~2.71e-22 (-48.38dB)
[@     6m43s] Timestep:         9632 || Speed:  307.1 MC/s (4.221e-02 s/TS) || Energy: ~2.87e-22 (-48.12dB)
[@     6m47s] Timestep:         9728 || Speed:  309.6 MC/s (4.186e-02 s/TS) || Energy: ~2.90e-22 (-48.09dB)
[@     6m51s] Timestep:         9824 || Speed:  305.9 MC/s (4.236e-02 s/TS) || Energy: ~2.60e-22 (-48.56dB)
[@     6m55s] Timestep:         9920 || Speed:  308.8 MC/s (4.198e-02 s/TS) || Energy: ~2.10e-22 (-49.48dB)
[@     6m59s] Timestep:        10032 || Speed:  361.5 MC/s (3.585e-02 s/TS) || Energy: ~2.21e-22 (-49.26dB)
[@     7m03s] Timestep:        10128 || Speed:  307.6 MC/s (4.213e-02 s/TS) || Energy: ~1.91e-22 (-49.91dB)
[@     7m07s] Timestep:        10224 || Speed:  308.5 MC/s (4.202e-02 s/TS) || Energy: ~1.50e-22 (-50.95dB)
Time for 10224 iterations with 12960304.00 cells : 427.80 sec
Speed: 309.74 MCells/s 
    [excite port 9/40]
 ---------------------------------------------------------------------- 
 | openEMS 64bit -- version v0.37.0-rc1-2-g7b051bb
 | (C) 2010-2026 Thorsten Liebig <thorsten.liebig@gmx.de>  GPL license
 ---------------------------------------------------------------------- 
	Used external libraries:
		CSXCAD -- Version: v0.7.0-rc1-1-g5115701
		hdf5   -- Version: 1.10.10
		          compiled against: HDF5 library version: 1.10.10
		tinyxml -- compiled against: 2.6.2
		fparser
		boost  -- compiled against: 1_83
		vtk -- Version: 9.1.0
		       compiled against: 9.1.0

Create FDTD operator (compressed SSE + multi-threading)
FDTD simulation size: 244x196x271 --> 12960304.00 FDTD cells 
FDTD timestep is: 0.00 s; Nyquist rate: 34 timesteps @101891945817.00 Hz
Excitation signal length is: 398 timesteps (0.00s)
Max. number of timesteps: 60000 ( --> 150.75 * Excitation signal length)
Create FDTD engine (compressed SSE + multi-threading)
Running FDTD engine... this may take a while... grab a cup of coffee?!?
[@        4s] Timestep:           40 || Speed:  121.1 MC/s (1.070e-01 s/TS) || Energy: ~4.90e-24 (- 0.00dB)
[@        8s] Timestep:          104 || Speed:  203.3 MC/s (6.376e-02 s/TS) || Energy: ~1.03e-20 (- 0.00dB)
[@       12s] Timestep:          184 || Speed:  241.4 MC/s (5.370e-02 s/TS) || Energy: ~4.09e-18 (- 0.00dB)
[@       16s] Timestep:          272 || Speed:  263.3 MC/s (4.922e-02 s/TS) || Energy: ~1.73e-17 (- 0.00dB)
[@       21s] Timestep:          368 || Speed:  297.5 MC/s (4.356e-02 s/TS) || Energy: ~1.61e-17 (- 0.31dB)
[@       25s] Timestep:          464 || Speed:  296.4 MC/s (4.372e-02 s/TS) || Energy: ~1.41e-17 (- 0.87dB)
Multithreaded Engine: Best performance found using 5 threads.
[@       29s] Timestep:          552 || Speed:  285.1 MC/s (4.546e-02 s/TS) || Energy: ~1.27e-17 (- 1.33dB)
[@       33s] Timestep:          648 || Speed:  285.8 MC/s (4.534e-02 s/TS) || Energy: ~1.10e-17 (- 1.94dB)
[@       37s] Timestep:          736 || Speed:  284.8 MC/s (4.551e-02 s/TS) || Energy: ~8.73e-18 (- 2.96dB)
[@       41s] Timestep:          824 || Speed:  280.0 MC/s (4.628e-02 s/TS) || Energy: ~7.82e-18 (- 3.44dB)
[@       45s] Timestep:          912 || Speed:  282.3 MC/s (4.592e-02 s/TS) || Energy: ~6.55e-18 (- 4.21dB)
[@       49s] Timestep:         1016 || Speed:  335.2 MC/s (3.866e-02 s/TS) || Energy: ~5.13e-18 (- 5.27dB)
[@       54s] Timestep:         1112 || Speed:  285.6 MC/s (4.537e-02 s/TS) || Energy: ~4.36e-18 (- 5.97dB)
[@       58s] Timestep:         1208 || Speed:  286.5 MC/s (4.524e-02 s/TS) || Energy: ~3.35e-18 (- 7.12dB)
[@     1m02s] Timestep:         1304 || Speed:  287.4 MC/s (4.509e-02 s/TS) || Energy: ~2.70e-18 (- 8.06dB)
[@     1m07s] Timestep:         1400 || Speed:  288.6 MC/s (4.490e-02 s/TS) || Energy: ~2.38e-18 (- 8.61dB)
[@     1m11s] Timestep:         1496 || Speed:  288.9 MC/s (4.486e-02 s/TS) || Energy: ~2.01e-18 (- 9.33dB)
[@     1m15s] Timestep:         1584 || Speed:  284.6 MC/s (4.553e-02 s/TS) || Energy: ~1.62e-18 (-10.29dB)
[@     1m19s] Timestep:         1672 || Speed:  283.8 MC/s (4.566e-02 s/TS) || Energy: ~1.32e-18 (-11.17dB)
[@     1m23s] Timestep:         1776 || Speed:  330.2 MC/s (3.925e-02 s/TS) || Energy: ~1.07e-18 (-12.10dB)
[@     1m27s] Timestep:         1872 || Speed:  286.6 MC/s (4.521e-02 s/TS) || Energy: ~1.03e-18 (-12.23dB)
[@     1m32s] Timestep:         1968 || Speed:  289.9 MC/s (4.471e-02 s/TS) || Energy: ~9.23e-19 (-12.72dB)
[@     1m36s] Timestep:         2064 || Speed:  288.5 MC/s (4.493e-02 s/TS) || Energy: ~7.84e-19 (-13.43dB)
[@     1m40s] Timestep:         2160 || Speed:  287.0 MC/s (4.516e-02 s/TS) || Energy: ~6.16e-19 (-14.48dB)
[@     1m45s] Timestep:         2256 || Speed:  287.0 MC/s (4.515e-02 s/TS) || Energy: ~4.89e-19 (-15.48dB)
[@     1m49s] Timestep:         2352 || Speed:  286.3 MC/s (4.527e-02 s/TS) || Energy: ~4.36e-19 (-15.98dB)
[@     1m53s] Timestep:         2456 || Speed:  336.9 MC/s (3.847e-02 s/TS) || Energy: ~3.70e-19 (-16.69dB)
[@     1m57s] Timestep:         2552 || Speed:  291.4 MC/s (4.448e-02 s/TS) || Energy: ~3.53e-19 (-16.90dB)
[@     2m02s] Timestep:         2648 || Speed:  286.9 MC/s (4.517e-02 s/TS) || Energy: ~3.27e-19 (-17.23dB)
[@     2m06s] Timestep:         2744 || Speed:  285.8 MC/s (4.534e-02 s/TS) || Energy: ~2.91e-19 (-17.73dB)
[@     2m10s] Timestep:         2840 || Speed:  286.9 MC/s (4.518e-02 s/TS) || Energy: ~2.47e-19 (-18.44dB)
[@     2m15s] Timestep:         2936 || Speed:  287.0 MC/s (4.515e-02 s/TS) || Energy: ~1.99e-19 (-19.38dB)
[@     2m19s] Timestep:         3024 || Speed:  282.2 MC/s (4.593e-02 s/TS) || Energy: ~1.69e-19 (-20.09dB)
[@     2m23s] Timestep:         3120 || Speed:  287.6 MC/s (4.507e-02 s/TS) || Energy: ~1.59e-19 (-20.37dB)
[@     2m27s] Timestep:         3224 || Speed:  332.4 MC/s (3.899e-02 s/TS) || Energy: ~1.45e-19 (-20.75dB)
[@     2m31s] Timestep:         3312 || Speed:  283.6 MC/s (4.570e-02 s/TS) || Energy: ~1.39e-19 (-20.95dB)
[@     2m35s] Timestep:         3400 || Speed:  284.1 MC/s (4.561e-02 s/TS) || Energy: ~1.06e-19 (-22.12dB)
[@     2m40s] Timestep:         3496 || Speed:  286.3 MC/s (4.527e-02 s/TS) || Energy: ~8.75e-20 (-22.95dB)
[@     2m44s] Timestep:         3584 || Speed:  283.3 MC/s (4.575e-02 s/TS) || Energy: ~8.82e-20 (-22.92dB)
[@     2m48s] Timestep:         3680 || Speed:  285.5 MC/s (4.540e-02 s/TS) || Energy: ~8.50e-20 (-23.08dB)
[@     2m52s] Timestep:         3776 || Speed:  288.8 MC/s (4.487e-02 s/TS) || Energy: ~7.65e-20 (-23.54dB)
[@     2m56s] Timestep:         3880 || Speed:  335.6 MC/s (3.862e-02 s/TS) || Energy: ~6.38e-20 (-24.33dB)
[@     3m01s] Timestep:         3976 || Speed:  287.7 MC/s (4.504e-02 s/TS) || Energy: ~5.39e-20 (-25.06dB)
[@     3m05s] Timestep:         4072 || Speed:  289.0 MC/s (4.484e-02 s/TS) || Energy: ~4.83e-20 (-25.54dB)
[@     3m09s] Timestep:         4168 || Speed:  285.7 MC/s (4.536e-02 s/TS) || Energy: ~4.37e-20 (-25.97dB)
[@     3m14s] Timestep:         4264 || Speed:  285.4 MC/s (4.541e-02 s/TS) || Energy: ~4.08e-20 (-26.26dB)
[@     3m18s] Timestep:         4360 || Speed:  287.3 MC/s (4.511e-02 s/TS) || Energy: ~3.69e-20 (-26.70dB)
[@     3m22s] Timestep:         4456 || Speed:  285.7 MC/s (4.536e-02 s/TS) || Energy: ~3.29e-20 (-27.20dB)
[@     3m26s] Timestep:         4560 || Speed:  332.6 MC/s (3.896e-02 s/TS) || Energy: ~3.03e-20 (-27.56dB)
[@     3m30s] Timestep:         4648 || Speed:  284.8 MC/s (4.551e-02 s/TS) || Energy: ~2.59e-20 (-28.24dB)
[@     3m35s] Timestep:         4744 || Speed:  287.5 MC/s (4.508e-02 s/TS) || Energy: ~2.29e-20 (-28.78dB)
[@     3m39s] Timestep:         4840 || Speed:  287.6 MC/s (4.506e-02 s/TS) || Energy: ~2.13e-20 (-29.08dB)
[@     3m43s] Timestep:         4936 || Speed:  286.1 MC/s (4.529e-02 s/TS) || Energy: ~1.94e-20 (-29.49dB)
[@     3m47s] Timestep:         5024 || Speed:  277.6 MC/s (4.668e-02 s/TS) || Energy: ~1.72e-20 (-30.01dB)
[@     3m52s] Timestep:         5120 || Speed:  287.6 MC/s (4.506e-02 s/TS) || Energy: ~1.60e-20 (-30.32dB)
[@     3m56s] Timestep:         5216 || Speed:  286.9 MC/s (4.518e-02 s/TS) || Energy: ~1.42e-20 (-30.84dB)
[@     4m00s] Timestep:         5328 || Speed:  333.6 MC/s (3.885e-02 s/TS) || Energy: ~1.21e-20 (-31.56dB)
[@     4m04s] Timestep:         5416 || Speed:  284.9 MC/s (4.550e-02 s/TS) || Energy: ~1.16e-20 (-31.73dB)
[@     4m09s] Timestep:         5512 || Speed:  291.3 MC/s (4.449e-02 s/TS) || Energy: ~1.06e-20 (-32.10dB)
[@     4m13s] Timestep:         5608 || Speed:  289.7 MC/s (4.473e-02 s/TS) || Energy: ~9.68e-21 (-32.51dB)
[@     4m17s] Timestep:         5704 || Speed:  287.3 MC/s (4.511e-02 s/TS) || Energy: ~8.48e-21 (-33.09dB)
[@     4m22s] Timestep:         5800 || Speed:  286.4 MC/s (4.525e-02 s/TS) || Energy: ~7.26e-21 (-33.76dB)
[@     4m26s] Timestep:         5896 || Speed:  287.3 MC/s (4.510e-02 s/TS) || Energy: ~6.86e-21 (-34.01dB)
[@     4m30s] Timestep:         6008 || Speed:  334.4 MC/s (3.876e-02 s/TS) || Energy: ~6.15e-21 (-34.48dB)
[@     4m35s] Timestep:         6104 || Speed:  289.3 MC/s (4.480e-02 s/TS) || Energy: ~5.59e-21 (-34.90dB)
[@     4m39s] Timestep:         6200 || Speed:  289.6 MC/s (4.476e-02 s/TS) || Energy: ~5.29e-21 (-35.13dB)
[@     4m43s] Timestep:         6296 || Speed:  286.3 MC/s (4.527e-02 s/TS) || Energy: ~4.84e-21 (-35.52dB)
[@     4m48s] Timestep:         6392 || Speed:  287.7 MC/s (4.504e-02 s/TS) || Energy: ~4.28e-21 (-36.06dB)
[@     4m52s] Timestep:         6488 || Speed:  286.0 MC/s (4.532e-02 s/TS) || Energy: ~3.75e-21 (-36.63dB)
[@     4m56s] Timestep:         6584 || Speed:  288.5 MC/s (4.492e-02 s/TS) || Energy: ~3.30e-21 (-37.18dB)
[@     5m01s] Timestep:         6680 || Speed:  289.2 MC/s (4.481e-02 s/TS) || Energy: ~3.10e-21 (-37.46dB)
[@     5m05s] Timestep:         6792 || Speed:  334.0 MC/s (3.880e-02 s/TS) || Energy: ~2.83e-21 (-37.86dB)
[@     5m09s] Timestep:         6888 || Speed:  289.8 MC/s (4.472e-02 s/TS) || Energy: ~2.53e-21 (-38.34dB)
[@     5m14s] Timestep:         6984 || Speed:  287.8 MC/s (4.504e-02 s/TS) || Energy: ~2.33e-21 (-38.70dB)
[@     5m18s] Timestep:         7080 || Speed:  289.7 MC/s (4.474e-02 s/TS) || Energy: ~2.27e-21 (-38.80dB)
[@     5m22s] Timestep:         7176 || Speed:  289.8 MC/s (4.472e-02 s/TS) || Energy: ~2.11e-21 (-39.14dB)
[@     5m26s] Timestep:         7272 || Speed:  286.9 MC/s (4.518e-02 s/TS) || Energy: ~1.76e-21 (-39.91dB)
[@     5m31s] Timestep:         7368 || Speed:  287.6 MC/s (4.506e-02 s/TS) || Energy: ~1.51e-21 (-40.58dB)
[@     5m35s] Timestep:         7472 || Speed:  336.1 MC/s (3.856e-02 s/TS) || Energy: ~1.44e-21 (-40.79dB)
[@     5m39s] Timestep:         7568 || Speed:  287.3 MC/s (4.511e-02 s/TS) || Energy: ~1.29e-21 (-41.25dB)
[@     5m43s] Timestep:         7656 || Speed:  283.7 MC/s (4.568e-02 s/TS) || Energy: ~1.27e-21 (-41.32dB)
[@     5m48s] Timestep:         7752 || Speed:  285.5 MC/s (4.539e-02 s/TS) || Energy: ~1.16e-21 (-41.74dB)
[@     5m52s] Timestep:         7840 || Speed:  285.0 MC/s (4.547e-02 s/TS) || Energy: ~9.94e-22 (-42.40dB)
[@     5m56s] Timestep:         7936 || Speed:  287.5 MC/s (4.508e-02 s/TS) || Energy: ~9.09e-22 (-42.79dB)
[@     6m00s] Timestep:         8032 || Speed:  286.5 MC/s (4.523e-02 s/TS) || Energy: ~8.60e-22 (-43.03dB)
[@     6m04s] Timestep:         8136 || Speed:  336.1 MC/s (3.856e-02 s/TS) || Energy: ~7.41e-22 (-43.67dB)
[@     6m09s] Timestep:         8232 || Speed:  286.6 MC/s (4.522e-02 s/TS) || Energy: ~6.95e-22 (-43.95dB)
[@     6m13s] Timestep:         8328 || Speed:  285.7 MC/s (4.536e-02 s/TS) || Energy: ~6.76e-22 (-44.07dB)
[@     6m17s] Timestep:         8424 || Speed:  288.2 MC/s (4.497e-02 s/TS) || Energy: ~6.43e-22 (-44.29dB)
[@     6m21s] Timestep:         8512 || Speed:  283.2 MC/s (4.576e-02 s/TS) || Energy: ~5.63e-22 (-44.87dB)
[@     6m26s] Timestep:         8608 || Speed:  288.2 MC/s (4.497e-02 s/TS) || Energy: ~5.15e-22 (-45.26dB)
[@     6m30s] Timestep:         8704 || Speed:  288.3 MC/s (4.495e-02 s/TS) || Energy: ~4.54e-22 (-45.80dB)
[@     6m34s] Timestep:         8800 || Speed:  289.2 MC/s (4.481e-02 s/TS) || Energy: ~4.03e-22 (-46.32dB)
[@     6m38s] Timestep:         8904 || Speed:  326.7 MC/s (3.967e-02 s/TS) || Energy: ~3.80e-22 (-46.57dB)
[@     6m43s] Timestep:         9000 || Speed:  288.7 MC/s (4.489e-02 s/TS) || Energy: ~3.86e-22 (-46.50dB)
[@     6m47s] Timestep:         9096 || Speed:  292.8 MC/s (4.426e-02 s/TS) || Energy: ~3.60e-22 (-46.81dB)
[@     6m51s] Timestep:         9192 || Speed:  289.4 MC/s (4.479e-02 s/TS) || Energy: ~3.33e-22 (-47.15dB)
[@     6m55s] Timestep:         9288 || Speed:  287.2 MC/s (4.512e-02 s/TS) || Energy: ~2.98e-22 (-47.62dB)
[@     7m00s] Timestep:         9384 || Speed:  288.0 MC/s (4.501e-02 s/TS) || Energy: ~2.43e-22 (-48.51dB)
[@     7m04s] Timestep:         9480 || Speed:  287.6 MC/s (4.506e-02 s/TS) || Energy: ~2.09e-22 (-49.18dB)
[@     7m08s] Timestep:         9584 || Speed:  325.2 MC/s (3.985e-02 s/TS) || Energy: ~2.07e-22 (-49.21dB)
[@     7m13s] Timestep:         9680 || Speed:  290.9 MC/s (4.455e-02 s/TS) || Energy: ~1.97e-22 (-49.43dB)
[@     7m17s] Timestep:         9776 || Speed:  289.1 MC/s (4.484e-02 s/TS) || Energy: ~1.89e-22 (-49.60dB)
[@     7m21s] Timestep:         9872 || Speed:  286.7 MC/s (4.520e-02 s/TS) || Energy: ~1.89e-22 (-49.62dB)
[@     7m25s] Timestep:         9960 || Speed:  285.1 MC/s (4.547e-02 s/TS) || Energy: ~1.65e-22 (-50.20dB)
Time for 9960 iterations with 12960304.00 cells : 445.71 sec
Speed: 289.62 MCells/s 
    [excite port 10/40]
 ---------------------------------------------------------------------- 
 | openEMS 64bit -- version v0.37.0-rc1-2-g7b051bb
 | (C) 2010-2026 Thorsten Liebig <thorsten.liebig@gmx.de>  GPL license
 ---------------------------------------------------------------------- 
	Used external libraries:
		CSXCAD -- Version: v0.7.0-rc1-1-g5115701
		hdf5   -- Version: 1.10.10
		          compiled against: HDF5 library version: 1.10.10
		tinyxml -- compiled against: 2.6.2
		fparser
		boost  -- compiled against: 1_83
		vtk -- Version: 9.1.0
		       compiled against: 9.1.0

Create FDTD operator (compressed SSE + multi-threading)
FDTD simulation size: 244x196x271 --> 12960304.00 FDTD cells 
FDTD timestep is: 0.00 s; Nyquist rate: 34 timesteps @101891945817.00 Hz
Excitation signal length is: 398 timesteps (0.00s)
Max. number of timesteps: 60000 ( --> 150.75 * Excitation signal length)
Create FDTD engine (compressed SSE + multi-threading)
Running FDTD engine... this may take a while... grab a cup of coffee?!?
[@        4s] Timestep:           40 || Speed:  119.1 MC/s (1.088e-01 s/TS) || Energy: ~4.90e-24 (- 0.00dB)
[@        8s] Timestep:          104 || Speed:  202.0 MC/s (6.415e-02 s/TS) || Energy: ~1.03e-20 (- 0.00dB)
[@       12s] Timestep:          192 || Speed:  277.5 MC/s (4.670e-02 s/TS) || Energy: ~7.13e-18 (- 0.00dB)
[@       16s] Timestep:          280 || Speed:  269.8 MC/s (4.804e-02 s/TS) || Energy: ~1.79e-17 (- 0.00dB)
Multithreaded Engine: Best performance found using 3 threads.
[@       21s] Timestep:          360 || Speed:  240.5 MC/s (5.390e-02 s/TS) || Energy: ~1.77e-17 (- 0.04dB)
[@       25s] Timestep:          440 || Speed:  234.1 MC/s (5.537e-02 s/TS) || Energy: ~1.64e-17 (- 0.37dB)
[@       29s] Timestep:          520 || Speed:  235.2 MC/s (5.509e-02 s/TS) || Energy: ~1.37e-17 (- 1.17dB)
[@       34s] Timestep:          600 || Speed:  239.5 MC/s (5.412e-02 s/TS) || Energy: ~1.23e-17 (- 1.63dB)
[@       38s] Timestep:          680 || Speed:  240.7 MC/s (5.385e-02 s/TS) || Energy: ~9.61e-18 (- 2.70dB)
[@       42s] Timestep:          760 || Speed:  239.5 MC/s (5.411e-02 s/TS) || Energy: ~8.50e-18 (- 3.23dB)
[@       46s] Timestep:          848 || Speed:  279.4 MC/s (4.639e-02 s/TS) || Energy: ~7.35e-18 (- 3.86dB)
[@       51s] Timestep:          928 || Speed:  240.9 MC/s (5.380e-02 s/TS) || Energy: ~6.46e-18 (- 4.42dB)
[@       55s] Timestep:         1008 || Speed:  240.1 MC/s (5.399e-02 s/TS) || Energy: ~5.20e-18 (- 5.36dB)
[@     1m00s] Timestep:         1088 || Speed:  234.9 MC/s (5.517e-02 s/TS) || Energy: ~4.71e-18 (- 5.80dB)
[@     1m04s] Timestep:         1168 || Speed:  242.9 MC/s (5.335e-02 s/TS) || Energy: ~3.73e-18 (- 6.81dB)
[@     1m08s] Timestep:         1248 || Speed:  238.2 MC/s (5.441e-02 s/TS) || Energy: ~3.39e-18 (- 7.22dB)
[@     1m12s] Timestep:         1328 || Speed:  242.2 MC/s (5.351e-02 s/TS) || Energy: ~2.58e-18 (- 8.42dB)
[@     1m16s] Timestep:         1416 || Speed:  281.3 MC/s (4.607e-02 s/TS) || Energy: ~2.28e-18 (- 8.95dB)
[@     1m21s] Timestep:         1496 || Speed:  241.0 MC/s (5.379e-02 s/TS) || Energy: ~2.15e-18 (- 9.21dB)
[@     1m25s] Timestep:         1576 || Speed:  242.7 MC/s (5.339e-02 s/TS) || Energy: ~1.62e-18 (-10.43dB)
[@     1m29s] Timestep:         1656 || Speed:  241.6 MC/s (5.363e-02 s/TS) || Energy: ~1.74e-18 (-10.13dB)
[@     1m34s] Timestep:         1736 || Speed:  243.6 MC/s (5.321e-02 s/TS) || Energy: ~1.23e-18 (-11.63dB)
[@     1m38s] Timestep:         1816 || Speed:  239.7 MC/s (5.408e-02 s/TS) || Energy: ~1.37e-18 (-11.15dB)
[@     1m42s] Timestep:         1896 || Speed:  238.0 MC/s (5.446e-02 s/TS) || Energy: ~9.44e-19 (-12.78dB)
[@     1m47s] Timestep:         1976 || Speed:  243.1 MC/s (5.331e-02 s/TS) || Energy: ~1.06e-18 (-12.25dB)
[@     1m51s] Timestep:         2072 || Speed:  280.2 MC/s (4.625e-02 s/TS) || Energy: ~9.15e-19 (-12.91dB)
[@     1m55s] Timestep:         2152 || Speed:  241.0 MC/s (5.378e-02 s/TS) || Energy: ~6.40e-19 (-14.46dB)
[@     2m00s] Timestep:         2232 || Speed:  239.6 MC/s (5.410e-02 s/TS) || Energy: ~7.20e-19 (-13.95dB)
[@     2m04s] Timestep:         2312 || Speed:  240.3 MC/s (5.393e-02 s/TS) || Energy: ~5.20e-19 (-15.36dB)
[@     2m08s] Timestep:         2392 || Speed:  240.0 MC/s (5.400e-02 s/TS) || Energy: ~5.62e-19 (-15.03dB)
[@     2m13s] Timestep:         2472 || Speed:  239.0 MC/s (5.422e-02 s/TS) || Energy: ~4.24e-19 (-16.25dB)
[@     2m17s] Timestep:         2552 || Speed:  241.9 MC/s (5.358e-02 s/TS) || Energy: ~4.32e-19 (-16.17dB)
[@     2m21s] Timestep:         2640 || Speed:  279.6 MC/s (4.635e-02 s/TS) || Energy: ~3.86e-19 (-16.66dB)
[@     2m25s] Timestep:         2720 || Speed:  240.4 MC/s (5.392e-02 s/TS) || Energy: ~3.04e-19 (-17.70dB)
[@     2m30s] Timestep:         2800 || Speed:  238.6 MC/s (5.433e-02 s/TS) || Energy: ~3.08e-19 (-17.64dB)
[@     2m34s] Timestep:         2880 || Speed:  239.5 MC/s (5.411e-02 s/TS) || Energy: ~2.36e-19 (-18.79dB)
[@     2m38s] Timestep:         2960 || Speed:  239.2 MC/s (5.419e-02 s/TS) || Energy: ~2.40e-19 (-18.72dB)
[@     2m43s] Timestep:         3040 || Speed:  239.6 MC/s (5.410e-02 s/TS) || Energy: ~1.87e-19 (-19.82dB)
[@     2m47s] Timestep:         3120 || Speed:  238.5 MC/s (5.434e-02 s/TS) || Energy: ~1.91e-19 (-19.71dB)
[@     2m51s] Timestep:         3200 || Speed:  240.4 MC/s (5.391e-02 s/TS) || Energy: ~1.52e-19 (-20.70dB)
[@     2m56s] Timestep:         3280 || Speed:  240.8 MC/s (5.382e-02 s/TS) || Energy: ~1.54e-19 (-20.65dB)
[@     3m00s] Timestep:         3360 || Speed:  239.6 MC/s (5.410e-02 s/TS) || Energy: ~1.30e-19 (-21.38dB)
[@     3m04s] Timestep:         3440 || Speed:  245.8 MC/s (5.274e-02 s/TS) || Energy: ~1.23e-19 (-21.64dB)
[@     3m08s] Timestep:         3536 || Speed:  290.9 MC/s (4.455e-02 s/TS) || Energy: ~1.18e-19 (-21.82dB)
[@     3m13s] Timestep:         3616 || Speed:  241.0 MC/s (5.377e-02 s/TS) || Energy: ~9.53e-20 (-22.73dB)
[@     3m17s] Timestep:         3696 || Speed:  239.4 MC/s (5.414e-02 s/TS) || Energy: ~9.41e-20 (-22.79dB)
[@     3m21s] Timestep:         3776 || Speed:  241.3 MC/s (5.370e-02 s/TS) || Energy: ~8.09e-20 (-23.45dB)
[@     3m26s] Timestep:         3856 || Speed:  235.8 MC/s (5.497e-02 s/TS) || Energy: ~7.48e-20 (-23.79dB)
[@     3m30s] Timestep:         3936 || Speed:  240.4 MC/s (5.392e-02 s/TS) || Energy: ~6.86e-20 (-24.16dB)
[@     3m34s] Timestep:         4016 || Speed:  239.9 MC/s (5.403e-02 s/TS) || Energy: ~6.23e-20 (-24.58dB)
[@     3m39s] Timestep:         4104 || Speed:  274.2 MC/s (4.727e-02 s/TS) || Energy: ~6.09e-20 (-24.68dB)
[@     3m43s] Timestep:         4184 || Speed:  240.9 MC/s (5.380e-02 s/TS) || Energy: ~5.15e-20 (-25.41dB)
[@     3m47s] Timestep:         4264 || Speed:  239.7 MC/s (5.408e-02 s/TS) || Energy: ~5.06e-20 (-25.48dB)
[@     3m51s] Timestep:         4344 || Speed:  240.1 MC/s (5.399e-02 s/TS) || Energy: ~4.31e-20 (-26.18dB)
[@     3m56s] Timestep:         4424 || Speed:  237.7 MC/s (5.453e-02 s/TS) || Energy: ~4.15e-20 (-26.35dB)
[@     4m00s] Timestep:         4504 || Speed:  241.3 MC/s (5.372e-02 s/TS) || Energy: ~3.64e-20 (-26.92dB)
[@     4m04s] Timestep:         4584 || Speed:  241.2 MC/s (5.373e-02 s/TS) || Energy: ~3.41e-20 (-27.20dB)
[@     4m09s] Timestep:         4672 || Speed:  275.8 MC/s (4.699e-02 s/TS) || Energy: ~3.12e-20 (-27.58dB)
[@     4m13s] Timestep:         4752 || Speed:  239.6 MC/s (5.409e-02 s/TS) || Energy: ~2.71e-20 (-28.19dB)
[@     4m17s] Timestep:         4832 || Speed:  237.4 MC/s (5.459e-02 s/TS) || Energy: ~2.55e-20 (-28.46dB)
[@     4m22s] Timestep:         4912 || Speed:  239.3 MC/s (5.416e-02 s/TS) || Energy: ~2.20e-20 (-29.09dB)
[@     4m26s] Timestep:         4992 || Speed:  240.0 MC/s (5.399e-02 s/TS) || Energy: ~2.12e-20 (-29.26dB)
[@     4m30s] Timestep:         5072 || Speed:  239.7 MC/s (5.406e-02 s/TS) || Energy: ~1.84e-20 (-29.87dB)
[@     4m35s] Timestep:         5152 || Speed:  240.1 MC/s (5.399e-02 s/TS) || Energy: ~1.79e-20 (-30.01dB)
[@     4m39s] Timestep:         5232 || Speed:  240.1 MC/s (5.398e-02 s/TS) || Energy: ~1.58e-20 (-30.53dB)
[@     4m43s] Timestep:         5320 || Speed:  274.4 MC/s (4.723e-02 s/TS) || Energy: ~1.50e-20 (-30.77dB)
[@     4m47s] Timestep:         5400 || Speed:  241.4 MC/s (5.369e-02 s/TS) || Energy: ~1.33e-20 (-31.27dB)
[@     4m52s] Timestep:         5480 || Speed:  240.0 MC/s (5.400e-02 s/TS) || Energy: ~1.25e-20 (-31.54dB)
[@     4m56s] Timestep:         5560 || Speed:  240.6 MC/s (5.386e-02 s/TS) || Energy: ~1.13e-20 (-31.99dB)
[@     5m00s] Timestep:         5640 || Speed:  241.4 MC/s (5.368e-02 s/TS) || Energy: ~1.05e-20 (-32.33dB)
[@     5m05s] Timestep:         5720 || Speed:  240.6 MC/s (5.386e-02 s/TS) || Energy: ~9.56e-21 (-32.72dB)
[@     5m09s] Timestep:         5800 || Speed:  236.2 MC/s (5.488e-02 s/TS) || Energy: ~8.54e-21 (-33.21dB)
[@     5m13s] Timestep:         5888 || Speed:  278.7 MC/s (4.650e-02 s/TS) || Energy: ~8.15e-21 (-33.41dB)
[@     5m17s] Timestep:         5968 || Speed:  238.1 MC/s (5.444e-02 s/TS) || Energy: ~6.60e-21 (-34.33dB)
[@     5m22s] Timestep:         6048 || Speed:  242.1 MC/s (5.354e-02 s/TS) || Energy: ~6.78e-21 (-34.21dB)
[@     5m26s] Timestep:         6128 || Speed:  237.9 MC/s (5.449e-02 s/TS) || Energy: ~5.50e-21 (-35.12dB)
[@     5m30s] Timestep:         6208 || Speed:  240.2 MC/s (5.395e-02 s/TS) || Energy: ~5.65e-21 (-35.00dB)
[@     5m35s] Timestep:         6288 || Speed:  240.8 MC/s (5.382e-02 s/TS) || Energy: ~4.75e-21 (-35.76dB)
[@     5m39s] Timestep:         6368 || Speed:  242.9 MC/s (5.336e-02 s/TS) || Energy: ~4.68e-21 (-35.82dB)
[@     5m43s] Timestep:         6448 || Speed:  243.4 MC/s (5.325e-02 s/TS) || Energy: ~4.18e-21 (-36.32dB)
[@     5m47s] Timestep:         6536 || Speed:  278.1 MC/s (4.660e-02 s/TS) || Energy: ~3.68e-21 (-36.86dB)
[@     5m52s] Timestep:         6616 || Speed:  242.0 MC/s (5.356e-02 s/TS) || Energy: ~4.00e-21 (-36.50dB)
[@     5m56s] Timestep:         6696 || Speed:  244.9 MC/s (5.293e-02 s/TS) || Energy: ~3.13e-21 (-37.57dB)
[@     6m00s] Timestep:         6776 || Speed:  243.5 MC/s (5.323e-02 s/TS) || Energy: ~3.45e-21 (-37.14dB)
[@     6m04s] Timestep:         6856 || Speed:  241.4 MC/s (5.369e-02 s/TS) || Energy: ~2.71e-21 (-38.20dB)
[@     6m09s] Timestep:         6936 || Speed:  243.0 MC/s (5.333e-02 s/TS) || Energy: ~2.89e-21 (-37.92dB)
[@     6m13s] Timestep:         7016 || Speed:  242.2 MC/s (5.351e-02 s/TS) || Energy: ~2.34e-21 (-38.83dB)
[@     6m17s] Timestep:         7104 || Speed:  275.2 MC/s (4.710e-02 s/TS) || Energy: ~2.15e-21 (-39.20dB)
[@     6m21s] Timestep:         7184 || Speed:  245.4 MC/s (5.281e-02 s/TS) || Energy: ~2.22e-21 (-39.07dB)
[@     6m26s] Timestep:         7264 || Speed:  242.8 MC/s (5.339e-02 s/TS) || Energy: ~1.74e-21 (-40.11dB)
[@     6m30s] Timestep:         7344 || Speed:  240.5 MC/s (5.388e-02 s/TS) || Energy: ~1.91e-21 (-39.71dB)
[@     6m34s] Timestep:         7424 || Speed:  240.9 MC/s (5.379e-02 s/TS) || Energy: ~1.45e-21 (-40.90dB)
[@     6m38s] Timestep:         7504 || Speed:  241.1 MC/s (5.376e-02 s/TS) || Energy: ~1.63e-21 (-40.42dB)
[@     6m43s] Timestep:         7584 || Speed:  241.0 MC/s (5.379e-02 s/TS) || Energy: ~1.26e-21 (-41.54dB)
[@     6m47s] Timestep:         7672 || Speed:  272.7 MC/s (4.752e-02 s/TS) || Energy: ~1.29e-21 (-41.41dB)
[@     6m51s] Timestep:         7752 || Speed:  247.7 MC/s (5.231e-02 s/TS) || Energy: ~1.24e-21 (-41.60dB)
[@     6m55s] Timestep:         7832 || Speed:  240.6 MC/s (5.386e-02 s/TS) || Energy: ~1.08e-21 (-42.21dB)
[@     7m00s] Timestep:         7912 || Speed:  242.1 MC/s (5.352e-02 s/TS) || Energy: ~1.11e-21 (-42.08dB)
[@     7m04s] Timestep:         7992 || Speed:  242.0 MC/s (5.355e-02 s/TS) || Energy: ~9.10e-22 (-42.93dB)
[@     7m08s] Timestep:         8072 || Speed:  241.6 MC/s (5.365e-02 s/TS) || Energy: ~9.81e-22 (-42.61dB)
[@     7m13s] Timestep:         8152 || Speed:  242.0 MC/s (5.355e-02 s/TS) || Energy: ~7.89e-22 (-43.55dB)
[@     7m17s] Timestep:         8232 || Speed:  245.9 MC/s (5.270e-02 s/TS) || Energy: ~8.53e-22 (-43.21dB)
[@     7m21s] Timestep:         8320 || Speed:  274.0 MC/s (4.730e-02 s/TS) || Energy: ~7.08e-22 (-44.03dB)
[@     7m25s] Timestep:         8400 || Speed:  244.2 MC/s (5.308e-02 s/TS) || Energy: ~6.65e-22 (-44.30dB)
[@     7m30s] Timestep:         8480 || Speed:  240.5 MC/s (5.389e-02 s/TS) || Energy: ~6.17e-22 (-44.62dB)
[@     7m34s] Timestep:         8560 || Speed:  239.7 MC/s (5.407e-02 s/TS) || Energy: ~5.52e-22 (-45.10dB)
[@     7m38s] Timestep:         8640 || Speed:  241.9 MC/s (5.357e-02 s/TS) || Energy: ~5.45e-22 (-45.16dB)
[@     7m42s] Timestep:         8720 || Speed:  240.4 MC/s (5.391e-02 s/TS) || Energy: ~4.70e-22 (-45.80dB)
[@     7m47s] Timestep:         8800 || Speed:  244.1 MC/s (5.309e-02 s/TS) || Energy: ~4.85e-22 (-45.67dB)
[@     7m51s] Timestep:         8888 || Speed:  273.6 MC/s (4.736e-02 s/TS) || Energy: ~4.15e-22 (-46.34dB)
[@     7m55s] Timestep:         8968 || Speed:  244.6 MC/s (5.299e-02 s/TS) || Energy: ~4.25e-22 (-46.24dB)
[@     7m59s] Timestep:         9048 || Speed:  243.7 MC/s (5.318e-02 s/TS) || Energy: ~3.80e-22 (-46.73dB)
[@     8m04s] Timestep:         9128 || Speed:  239.6 MC/s (5.408e-02 s/TS) || Energy: ~3.70e-22 (-46.84dB)
[@     8m08s] Timestep:         9208 || Speed:  241.7 MC/s (5.361e-02 s/TS) || Energy: ~3.40e-22 (-47.21dB)
[@     8m12s] Timestep:         9288 || Speed:  245.6 MC/s (5.278e-02 s/TS) || Energy: ~3.14e-22 (-47.56dB)
[@     8m16s] Timestep:         9368 || Speed:  244.0 MC/s (5.311e-02 s/TS) || Energy: ~2.96e-22 (-47.81dB)
[@     8m21s] Timestep:         9448 || Speed:  242.8 MC/s (5.337e-02 s/TS) || Energy: ~2.60e-22 (-48.37dB)
[@     8m25s] Timestep:         9536 || Speed:  273.4 MC/s (4.740e-02 s/TS) || Energy: ~2.50e-22 (-48.54dB)
[@     8m29s] Timestep:         9616 || Speed:  239.6 MC/s (5.410e-02 s/TS) || Energy: ~2.08e-22 (-49.34dB)
[@     8m33s] Timestep:         9696 || Speed:  247.8 MC/s (5.230e-02 s/TS) || Energy: ~2.07e-22 (-49.37dB)
[@     8m38s] Timestep:         9776 || Speed:  245.3 MC/s (5.282e-02 s/TS) || Energy: ~1.76e-22 (-50.06dB)
Time for 9776 iterations with 12960304.00 cells : 518.14 sec
Speed: 244.53 MCells/s 
    [excite port 11/40]
 ---------------------------------------------------------------------- 
 | openEMS 64bit -- version v0.37.0-rc1-2-g7b051bb
 | (C) 2010-2026 Thorsten Liebig <thorsten.liebig@gmx.de>  GPL license
 ---------------------------------------------------------------------- 
	Used external libraries:
		CSXCAD -- Version: v0.7.0-rc1-1-g5115701
		hdf5   -- Version: 1.10.10
		          compiled against: HDF5 library version: 1.10.10
		tinyxml -- compiled against: 2.6.2
		fparser
		boost  -- compiled against: 1_83
		vtk -- Version: 9.1.0
		       compiled against: 9.1.0

Create FDTD operator (compressed SSE + multi-threading)
FDTD simulation size: 244x196x271 --> 12960304.00 FDTD cells 
FDTD timestep is: 0.00 s; Nyquist rate: 34 timesteps @101891945817.00 Hz
Excitation signal length is: 398 timesteps (0.00s)
Max. number of timesteps: 60000 ( --> 150.75 * Excitation signal length)
Create FDTD engine (compressed SSE + multi-threading)
Running FDTD engine... this may take a while... grab a cup of coffee?!?
[@        4s] Timestep:           40 || Speed:  119.3 MC/s (1.087e-01 s/TS) || Energy: ~4.93e-24 (- 0.00dB)
[@        8s] Timestep:          104 || Speed:  196.0 MC/s (6.614e-02 s/TS) || Energy: ~1.05e-20 (- 0.00dB)
[@       12s] Timestep:          184 || Speed:  236.4 MC/s (5.482e-02 s/TS) || Energy: ~4.15e-18 (- 0.00dB)
[@       17s] Timestep:          280 || Speed:  301.4 MC/s (4.301e-02 s/TS) || Energy: ~1.78e-17 (- 0.00dB)
[@       21s] Timestep:          376 || Speed:  286.8 MC/s (4.520e-02 s/TS) || Energy: ~1.64e-17 (- 0.35dB)
Multithreaded Engine: Best performance found using 4 threads.
[@       25s] Timestep:          464 || Speed:  260.0 MC/s (4.985e-02 s/TS) || Energy: ~1.46e-17 (- 0.84dB)
[@       30s] Timestep:          552 || Speed:  260.9 MC/s (4.968e-02 s/TS) || Energy: ~1.33e-17 (- 1.26dB)
[@       34s] Timestep:          640 || Speed:  264.6 MC/s (4.898e-02 s/TS) || Energy: ~1.12e-17 (- 2.02dB)
[@       38s] Timestep:          728 || Speed:  265.7 MC/s (4.878e-02 s/TS) || Energy: ~1.06e-17 (- 2.23dB)
[@       43s] Timestep:          816 || Speed:  264.5 MC/s (4.901e-02 s/TS) || Energy: ~8.78e-18 (- 3.06dB)
[@       47s] Timestep:          912 || Speed:  295.1 MC/s (4.391e-02 s/TS) || Energy: ~6.96e-18 (- 4.07dB)
[@       51s] Timestep:         1000 || Speed:  265.7 MC/s (4.879e-02 s/TS) || Energy: ~5.73e-18 (- 4.91dB)
[@       55s] Timestep:         1088 || Speed:  264.5 MC/s (4.901e-02 s/TS) || Energy: ~5.12e-18 (- 5.40dB)
[@     1m00s] Timestep:         1176 || Speed:  263.7 MC/s (4.915e-02 s/TS) || Energy: ~4.27e-18 (- 6.19dB)
[@     1m04s] Timestep:         1264 || Speed:  264.3 MC/s (4.904e-02 s/TS) || Energy: ~3.15e-18 (- 7.51dB)
[@     1m08s] Timestep:         1352 || Speed:  264.8 MC/s (4.894e-02 s/TS) || Energy: ~2.80e-18 (- 8.03dB)
[@     1m13s] Timestep:         1440 || Speed:  264.5 MC/s (4.901e-02 s/TS) || Energy: ~2.46e-18 (- 8.58dB)
[@     1m17s] Timestep:         1536 || Speed:  294.8 MC/s (4.396e-02 s/TS) || Energy: ~1.99e-18 (- 9.50dB)
[@     1m21s] Timestep:         1624 || Speed:  264.7 MC/s (4.896e-02 s/TS) || Energy: ~1.53e-18 (-10.65dB)
[@     1m26s] Timestep:         1712 || Speed:  264.4 MC/s (4.901e-02 s/TS) || Energy: ~1.44e-18 (-10.92dB)
[@     1m30s] Timestep:         1800 || Speed:  266.0 MC/s (4.873e-02 s/TS) || Energy: ~1.31e-18 (-11.31dB)
[@     1m34s] Timestep:         1888 || Speed:  268.2 MC/s (4.832e-02 s/TS) || Energy: ~1.00e-18 (-12.47dB)
[@     1m38s] Timestep:         1976 || Speed:  266.5 MC/s (4.863e-02 s/TS) || Energy: ~9.04e-19 (-12.93dB)
[@     1m43s] Timestep:         2064 || Speed:  262.7 MC/s (4.934e-02 s/TS) || Energy: ~8.22e-19 (-13.35dB)
[@     1m47s] Timestep:         2152 || Speed:  265.4 MC/s (4.883e-02 s/TS) || Energy: ~6.31e-19 (-14.49dB)
[@     1m51s] Timestep:         2248 || Speed:  297.5 MC/s (4.357e-02 s/TS) || Energy: ~5.47e-19 (-15.11dB)
[@     1m55s] Timestep:         2336 || Speed:  265.1 MC/s (4.888e-02 s/TS) || Energy: ~5.11e-19 (-15.41dB)
[@     2m00s] Timestep:         2424 || Speed:  265.1 MC/s (4.889e-02 s/TS) || Energy: ~4.29e-19 (-16.17dB)
[@     2m04s] Timestep:         2512 || Speed:  265.9 MC/s (4.874e-02 s/TS) || Energy: ~3.68e-19 (-16.84dB)
[@     2m08s] Timestep:         2600 || Speed:  262.9 MC/s (4.930e-02 s/TS) || Energy: ~3.39e-19 (-17.19dB)
[@     2m12s] Timestep:         2680 || Speed:  254.6 MC/s (5.091e-02 s/TS) || Energy: ~3.01e-19 (-17.71dB)
[@     2m17s] Timestep:         2760 || Speed:  252.8 MC/s (5.126e-02 s/TS) || Energy: ~2.71e-19 (-18.16dB)
[@     2m21s] Timestep:         2856 || Speed:  292.0 MC/s (4.438e-02 s/TS) || Energy: ~2.33e-19 (-18.81dB)
[@     2m25s] Timestep:         2944 || Speed:  261.5 MC/s (4.956e-02 s/TS) || Energy: ~2.09e-19 (-19.30dB)
[@     2m29s] Timestep:         3024 || Speed:  258.3 MC/s (5.018e-02 s/TS) || Energy: ~1.91e-19 (-19.67dB)
[@     2m33s] Timestep:         3104 || Speed:  250.0 MC/s (5.184e-02 s/TS) || Energy: ~1.70e-19 (-20.18dB)
[@     2m37s] Timestep:         3184 || Speed:  257.2 MC/s (5.038e-02 s/TS) || Energy: ~1.53e-19 (-20.64dB)
[@     2m41s] Timestep:         3264 || Speed:  258.3 MC/s (5.018e-02 s/TS) || Energy: ~1.30e-19 (-21.34dB)
[@     2m45s] Timestep:         3344 || Speed:  256.3 MC/s (5.057e-02 s/TS) || Energy: ~1.20e-19 (-21.70dB)
[@     2m49s] Timestep:         3424 || Speed:  258.5 MC/s (5.014e-02 s/TS) || Energy: ~1.06e-19 (-22.24dB)
[@     2m54s] Timestep:         3520 || Speed:  292.3 MC/s (4.434e-02 s/TS) || Energy: ~1.02e-19 (-22.42dB)
[@     2m58s] Timestep:         3608 || Speed:  260.7 MC/s (4.970e-02 s/TS) || Energy: ~9.30e-20 (-22.81dB)
[@     3m02s] Timestep:         3688 || Speed:  252.3 MC/s (5.137e-02 s/TS) || Energy: ~7.94e-20 (-23.49dB)
[@     3m06s] Timestep:         3768 || Speed:  247.4 MC/s (5.239e-02 s/TS) || Energy: ~7.44e-20 (-23.78dB)
[@     3m10s] Timestep:         3848 || Speed:  253.8 MC/s (5.107e-02 s/TS) || Energy: ~6.53e-20 (-24.35dB)
[@     3m15s] Timestep:         3928 || Speed:  250.2 MC/s (5.180e-02 s/TS) || Energy: ~6.04e-20 (-24.68dB)
[@     3m19s] Timestep:         4008 || Speed:  254.8 MC/s (5.087e-02 s/TS) || Energy: ~5.46e-20 (-25.12dB)
[@     3m23s] Timestep:         4088 || Speed:  252.3 MC/s (5.138e-02 s/TS) || Energy: ~4.94e-20 (-25.56dB)
[@     3m27s] Timestep:         4184 || Speed:  286.2 MC/s (4.528e-02 s/TS) || Energy: ~4.63e-20 (-25.84dB)
[@     3m31s] Timestep:         4264 || Speed:  254.1 MC/s (5.101e-02 s/TS) || Energy: ~4.12e-20 (-26.34dB)
[@     3m35s] Timestep:         4344 || Speed:  257.8 MC/s (5.027e-02 s/TS) || Energy: ~3.78e-20 (-26.72dB)
[@     3m39s] Timestep:         4424 || Speed:  246.0 MC/s (5.268e-02 s/TS) || Energy: ~3.46e-20 (-27.11dB)
[@     3m44s] Timestep:         4504 || Speed:  254.4 MC/s (5.095e-02 s/TS) || Energy: ~3.12e-20 (-27.54dB)
[@     3m48s] Timestep:         4584 || Speed:  258.5 MC/s (5.014e-02 s/TS) || Energy: ~2.90e-20 (-27.87dB)
[@     3m52s] Timestep:         4672 || Speed:  261.8 MC/s (4.950e-02 s/TS) || Energy: ~2.56e-20 (-28.40dB)
[@     3m56s] Timestep:         4768 || Speed:  281.7 MC/s (4.601e-02 s/TS) || Energy: ~2.43e-20 (-28.63dB)
[@     4m01s] Timestep:         4856 || Speed:  261.8 MC/s (4.951e-02 s/TS) || Energy: ~2.32e-20 (-28.85dB)
[@     4m05s] Timestep:         4944 || Speed:  260.6 MC/s (4.972e-02 s/TS) || Energy: ~2.04e-20 (-29.40dB)
[@     4m09s] Timestep:         5032 || Speed:  266.2 MC/s (4.869e-02 s/TS) || Energy: ~1.74e-20 (-30.08dB)
[@     4m14s] Timestep:         5120 || Speed:  261.4 MC/s (4.958e-02 s/TS) || Energy: ~1.64e-20 (-30.35dB)
[@     4m18s] Timestep:         5208 || Speed:  265.3 MC/s (4.886e-02 s/TS) || Energy: ~1.50e-20 (-30.73dB)
[@     4m22s] Timestep:         5296 || Speed:  265.5 MC/s (4.882e-02 s/TS) || Energy: ~1.30e-20 (-31.35dB)
[@     4m27s] Timestep:         5384 || Speed:  266.3 MC/s (4.866e-02 s/TS) || Energy: ~1.22e-20 (-31.61dB)
[@     4m31s] Timestep:         5480 || Speed:  299.0 MC/s (4.334e-02 s/TS) || Energy: ~1.18e-20 (-31.76dB)
[@     4m35s] Timestep:         5568 || Speed:  265.7 MC/s (4.878e-02 s/TS) || Energy: ~1.07e-20 (-32.20dB)
[@     4m39s] Timestep:         5656 || Speed:  265.6 MC/s (4.880e-02 s/TS) || Energy: ~9.38e-21 (-32.77dB)
[@     4m44s] Timestep:         5744 || Speed:  266.9 MC/s (4.855e-02 s/TS) || Energy: ~8.73e-21 (-33.09dB)
[@     4m48s] Timestep:         5832 || Speed:  266.3 MC/s (4.866e-02 s/TS) || Energy: ~7.75e-21 (-33.60dB)
[@     4m52s] Timestep:         5920 || Speed:  266.9 MC/s (4.855e-02 s/TS) || Energy: ~6.58e-21 (-34.31dB)
[@     4m56s] Timestep:         6008 || Speed:  266.0 MC/s (4.873e-02 s/TS) || Energy: ~6.28e-21 (-34.51dB)
[@     5m01s] Timestep:         6104 || Speed:  301.0 MC/s (4.305e-02 s/TS) || Energy: ~6.18e-21 (-34.58dB)
[@     5m05s] Timestep:         6192 || Speed:  268.1 MC/s (4.834e-02 s/TS) || Energy: ~5.71e-21 (-34.93dB)
[@     5m09s] Timestep:         6280 || Speed:  266.6 MC/s (4.861e-02 s/TS) || Energy: ~5.13e-21 (-35.39dB)
[@     5m13s] Timestep:         6368 || Speed:  266.2 MC/s (4.869e-02 s/TS) || Energy: ~4.93e-21 (-35.57dB)
[@     5m18s] Timestep:         6456 || Speed:  266.1 MC/s (4.871e-02 s/TS) || Energy: ~4.43e-21 (-36.03dB)
[@     5m22s] Timestep:         6544 || Speed:  266.1 MC/s (4.871e-02 s/TS) || Energy: ~3.77e-21 (-36.73dB)
[@     5m26s] Timestep:         6632 || Speed:  267.4 MC/s (4.847e-02 s/TS) || Energy: ~3.59e-21 (-36.94dB)
[@     5m30s] Timestep:         6728 || Speed:  299.4 MC/s (4.329e-02 s/TS) || Energy: ~3.25e-21 (-37.37dB)
[@     5m35s] Timestep:         6816 || Speed:  271.0 MC/s (4.782e-02 s/TS) || Energy: ~2.82e-21 (-37.99dB)
[@     5m39s] Timestep:         6904 || Speed:  267.0 MC/s (4.855e-02 s/TS) || Energy: ~2.48e-21 (-38.56dB)
[@     5m43s] Timestep:         6992 || Speed:  267.6 MC/s (4.843e-02 s/TS) || Energy: ~2.50e-21 (-38.52dB)
[@     5m47s] Timestep:         7080 || Speed:  265.9 MC/s (4.874e-02 s/TS) || Energy: ~2.31e-21 (-38.85dB)
[@     5m52s] Timestep:         7168 || Speed:  267.2 MC/s (4.851e-02 s/TS) || Energy: ~2.04e-21 (-39.40dB)
[@     5m56s] Timestep:         7256 || Speed:  264.6 MC/s (4.898e-02 s/TS) || Energy: ~2.00e-21 (-39.48dB)
[@     6m00s] Timestep:         7344 || Speed:  266.4 MC/s (4.865e-02 s/TS) || Energy: ~1.83e-21 (-39.87dB)
[@     6m04s] Timestep:         7440 || Speed:  296.5 MC/s (4.371e-02 s/TS) || Energy: ~1.60e-21 (-40.46dB)
[@     6m09s] Timestep:         7528 || Speed:  269.2 MC/s (4.815e-02 s/TS) || Energy: ~1.46e-21 (-40.86dB)
[@     6m13s] Timestep:         7616 || Speed:  267.3 MC/s (4.848e-02 s/TS) || Energy: ~1.48e-21 (-40.78dB)
[@     6m17s] Timestep:         7704 || Speed:  262.1 MC/s (4.944e-02 s/TS) || Energy: ~1.33e-21 (-41.27dB)
[@     6m22s] Timestep:         7792 || Speed:  266.1 MC/s (4.870e-02 s/TS) || Energy: ~1.11e-21 (-42.06dB)
[@     6m26s] Timestep:         7880 || Speed:  266.4 MC/s (4.864e-02 s/TS) || Energy: ~1.08e-21 (-42.17dB)
[@     6m30s] Timestep:         7968 || Speed:  266.4 MC/s (4.865e-02 s/TS) || Energy: ~1.01e-21 (-42.44dB)
[@     6m34s] Timestep:         8064 || Speed:  295.1 MC/s (4.392e-02 s/TS) || Energy: ~9.08e-22 (-42.91dB)
[@     6m39s] Timestep:         8152 || Speed:  269.4 MC/s (4.811e-02 s/TS) || Energy: ~7.98e-22 (-43.47dB)
[@     6m43s] Timestep:         8240 || Speed:  268.8 MC/s (4.822e-02 s/TS) || Energy: ~7.80e-22 (-43.57dB)
[@     6m47s] Timestep:         8328 || Speed:  265.2 MC/s (4.887e-02 s/TS) || Energy: ~6.92e-22 (-44.09dB)
[@     6m51s] Timestep:         8416 || Speed:  267.0 MC/s (4.853e-02 s/TS) || Energy: ~6.01e-22 (-44.71dB)
[@     6m56s] Timestep:         8504 || Speed:  265.7 MC/s (4.877e-02 s/TS) || Energy: ~6.07e-22 (-44.66dB)
[@     7m00s] Timestep:         8592 || Speed:  266.2 MC/s (4.869e-02 s/TS) || Energy: ~5.77e-22 (-44.88dB)
[@     7m04s] Timestep:         8680 || Speed:  266.7 MC/s (4.860e-02 s/TS) || Energy: ~4.92e-22 (-45.58dB)
[@     7m09s] Timestep:         8776 || Speed:  295.9 MC/s (4.380e-02 s/TS) || Energy: ~4.52e-22 (-45.94dB)
[@     7m13s] Timestep:         8864 || Speed:  267.7 MC/s (4.842e-02 s/TS) || Energy: ~4.62e-22 (-45.85dB)
[@     7m17s] Timestep:         8952 || Speed:  265.7 MC/s (4.877e-02 s/TS) || Energy: ~4.28e-22 (-46.18dB)
[@     7m21s] Timestep:         9040 || Speed:  266.7 MC/s (4.860e-02 s/TS) || Energy: ~3.79e-22 (-46.71dB)
[@     7m26s] Timestep:         9128 || Speed:  268.0 MC/s (4.836e-02 s/TS) || Energy: ~3.66e-22 (-46.86dB)
[@     7m30s] Timestep:         9216 || Speed:  266.1 MC/s (4.870e-02 s/TS) || Energy: ~3.39e-22 (-47.19dB)
[@     7m34s] Timestep:         9304 || Speed:  268.5 MC/s (4.827e-02 s/TS) || Energy: ~2.84e-22 (-47.97dB)
[@     7m38s] Timestep:         9400 || Speed:  295.2 MC/s (4.390e-02 s/TS) || Energy: ~2.43e-22 (-48.64dB)
[@     7m43s] Timestep:         9488 || Speed:  266.8 MC/s (4.858e-02 s/TS) || Energy: ~2.44e-22 (-48.61dB)
[@     7m47s] Timestep:         9576 || Speed:  264.6 MC/s (4.898e-02 s/TS) || Energy: ~2.32e-22 (-48.84dB)
[@     7m51s] Timestep:         9664 || Speed:  266.4 MC/s (4.865e-02 s/TS) || Energy: ~2.15e-22 (-49.17dB)
[@     7m55s] Timestep:         9752 || Speed:  266.4 MC/s (4.865e-02 s/TS) || Energy: ~2.12e-22 (-49.24dB)
[@     8m00s] Timestep:         9840 || Speed:  266.8 MC/s (4.858e-02 s/TS) || Energy: ~2.01e-22 (-49.47dB)
[@     8m04s] Timestep:         9928 || Speed:  266.6 MC/s (4.861e-02 s/TS) || Energy: ~1.76e-22 (-50.05dB)
Time for 9928 iterations with 12960304.00 cells : 484.55 sec
Speed: 265.55 MCells/s 
    [excite port 12/40]
 ---------------------------------------------------------------------- 
 | openEMS 64bit -- version v0.37.0-rc1-2-g7b051bb
 | (C) 2010-2026 Thorsten Liebig <thorsten.liebig@gmx.de>  GPL license
 ---------------------------------------------------------------------- 
	Used external libraries:
		CSXCAD -- Version: v0.7.0-rc1-1-g5115701
		hdf5   -- Version: 1.10.10
		          compiled against: HDF5 library version: 1.10.10
		tinyxml -- compiled against: 2.6.2
		fparser
		boost  -- compiled against: 1_83
		vtk -- Version: 9.1.0
		       compiled against: 9.1.0

Create FDTD operator (compressed SSE + multi-threading)
FDTD simulation size: 244x196x271 --> 12960304.00 FDTD cells 
FDTD timestep is: 0.00 s; Nyquist rate: 34 timesteps @101891945817.00 Hz
Excitation signal length is: 398 timesteps (0.00s)
Max. number of timesteps: 60000 ( --> 150.75 * Excitation signal length)
Create FDTD engine (compressed SSE + multi-threading)
Running FDTD engine... this may take a while... grab a cup of coffee?!?
[@        4s] Timestep:           40 || Speed:  120.3 MC/s (1.077e-01 s/TS) || Energy: ~4.93e-24 (- 0.00dB)
[@        8s] Timestep:          104 || Speed:  199.3 MC/s (6.503e-02 s/TS) || Energy: ~1.05e-20 (- 0.00dB)
[@       12s] Timestep:          192 || Speed:  268.8 MC/s (4.822e-02 s/TS) || Energy: ~7.23e-18 (- 0.00dB)
[@       17s] Timestep:          280 || Speed:  263.9 MC/s (4.912e-02 s/TS) || Energy: ~1.81e-17 (- 0.00dB)
Multithreaded Engine: Best performance found using 3 threads.
[@       21s] Timestep:          360 || Speed:  239.6 MC/s (5.408e-02 s/TS) || Energy: ~1.79e-17 (- 0.04dB)
[@       25s] Timestep:          440 || Speed:  240.2 MC/s (5.396e-02 s/TS) || Energy: ~1.71e-17 (- 0.23dB)
[@       29s] Timestep:          520 || Speed:  241.3 MC/s (5.370e-02 s/TS) || Energy: ~1.43e-17 (- 1.02dB)
[@       34s] Timestep:          600 || Speed:  240.4 MC/s (5.391e-02 s/TS) || Energy: ~1.36e-17 (- 1.24dB)
[@       38s] Timestep:          680 || Speed:  239.7 MC/s (5.407e-02 s/TS) || Energy: ~1.11e-17 (- 2.12dB)
[@       42s] Timestep:          768 || Speed:  263.5 MC/s (4.918e-02 s/TS) || Energy: ~9.28e-18 (- 2.89dB)
[@       47s] Timestep:          848 || Speed:  241.8 MC/s (5.360e-02 s/TS) || Energy: ~7.99e-18 (- 3.55dB)
[@       51s] Timestep:          928 || Speed:  244.9 MC/s (5.291e-02 s/TS) || Energy: ~7.03e-18 (- 4.10dB)
[@       55s] Timestep:         1008 || Speed:  242.8 MC/s (5.338e-02 s/TS) || Energy: ~5.69e-18 (- 5.02dB)
[@     1m00s] Timestep:         1088 || Speed:  240.2 MC/s (5.395e-02 s/TS) || Energy: ~5.40e-18 (- 5.25dB)
[@     1m04s] Timestep:         1168 || Speed:  237.2 MC/s (5.463e-02 s/TS) || Energy: ~4.13e-18 (- 6.41dB)
[@     1m08s] Timestep:         1248 || Speed:  242.6 MC/s (5.343e-02 s/TS) || Energy: ~3.86e-18 (- 6.70dB)
[@     1m12s] Timestep:         1328 || Speed:  241.6 MC/s (5.365e-02 s/TS) || Energy: ~2.89e-18 (- 7.96dB)
[@     1m17s] Timestep:         1416 || Speed:  261.4 MC/s (4.958e-02 s/TS) || Energy: ~2.50e-18 (- 8.60dB)
[@     1m21s] Timestep:         1496 || Speed:  239.3 MC/s (5.416e-02 s/TS) || Energy: ~2.56e-18 (- 8.49dB)
[@     1m25s] Timestep:         1576 || Speed:  241.5 MC/s (5.366e-02 s/TS) || Energy: ~1.88e-18 (- 9.84dB)
[@     1m30s] Timestep:         1656 || Speed:  240.8 MC/s (5.383e-02 s/TS) || Energy: ~2.06e-18 (- 9.44dB)
[@     1m34s] Timestep:         1736 || Speed:  238.4 MC/s (5.436e-02 s/TS) || Energy: ~1.48e-18 (-10.87dB)
[@     1m38s] Timestep:         1816 || Speed:  240.0 MC/s (5.401e-02 s/TS) || Energy: ~1.60e-18 (-10.54dB)
[@     1m43s] Timestep:         1896 || Speed:  241.4 MC/s (5.368e-02 s/TS) || Energy: ~1.18e-18 (-11.86dB)
[@     1m47s] Timestep:         1984 || Speed:  263.3 MC/s (4.922e-02 s/TS) || Energy: ~1.09e-18 (-12.19dB)
[@     1m51s] Timestep:         2064 || Speed:  238.6 MC/s (5.432e-02 s/TS) || Energy: ~9.66e-19 (-12.72dB)
[@     1m56s] Timestep:         2144 || Speed:  241.5 MC/s (5.367e-02 s/TS) || Energy: ~8.02e-19 (-13.53dB)
[@     2m00s] Timestep:         2224 || Speed:  239.8 MC/s (5.404e-02 s/TS) || Energy: ~7.63e-19 (-13.74dB)
[@     2m04s] Timestep:         2304 || Speed:  236.0 MC/s (5.493e-02 s/TS) || Energy: ~6.37e-19 (-14.53dB)
[@     2m09s] Timestep:         2384 || Speed:  236.4 MC/s (5.483e-02 s/TS) || Energy: ~6.25e-19 (-14.61dB)
[@     2m13s] Timestep:         2464 || Speed:  237.3 MC/s (5.462e-02 s/TS) || Energy: ~5.03e-19 (-15.55dB)
[@     2m17s] Timestep:         2552 || Speed:  267.4 MC/s (4.846e-02 s/TS) || Energy: ~4.93e-19 (-15.64dB)
[@     2m22s] Timestep:         2632 || Speed:  239.8 MC/s (5.406e-02 s/TS) || Energy: ~3.95e-19 (-16.61dB)
[@     2m26s] Timestep:         2712 || Speed:  238.9 MC/s (5.424e-02 s/TS) || Energy: ~3.77e-19 (-16.80dB)
[@     2m30s] Timestep:         2792 || Speed:  239.1 MC/s (5.420e-02 s/TS) || Energy: ~3.16e-19 (-17.57dB)
[@     2m35s] Timestep:         2872 || Speed:  240.5 MC/s (5.389e-02 s/TS) || Energy: ~2.96e-19 (-17.86dB)
[@     2m39s] Timestep:         2952 || Speed:  241.4 MC/s (5.368e-02 s/TS) || Energy: ~2.55e-19 (-18.51dB)
[@     2m43s] Timestep:         3032 || Speed:  239.6 MC/s (5.409e-02 s/TS) || Energy: ~2.29e-19 (-18.97dB)
[@     2m48s] Timestep:         3112 || Speed:  235.9 MC/s (5.494e-02 s/TS) || Energy: ~2.11e-19 (-19.33dB)
[@     2m52s] Timestep:         3200 || Speed:  265.5 MC/s (4.882e-02 s/TS) || Energy: ~1.77e-19 (-20.08dB)
[@     2m56s] Timestep:         3280 || Speed:  242.4 MC/s (5.346e-02 s/TS) || Energy: ~1.78e-19 (-20.06dB)
[@     3m01s] Timestep:         3360 || Speed:  243.8 MC/s (5.315e-02 s/TS) || Energy: ~1.48e-19 (-20.87dB)
[@     3m05s] Timestep:         3440 || Speed:  240.8 MC/s (5.382e-02 s/TS) || Energy: ~1.44e-19 (-20.99dB)
[@     3m09s] Timestep:         3520 || Speed:  238.8 MC/s (5.427e-02 s/TS) || Energy: ~1.20e-19 (-21.76dB)
[@     3m14s] Timestep:         3600 || Speed:  239.8 MC/s (5.405e-02 s/TS) || Energy: ~1.17e-19 (-21.89dB)
[@     3m18s] Timestep:         3680 || Speed:  237.6 MC/s (5.455e-02 s/TS) || Energy: ~1.01e-19 (-22.54dB)
[@     3m22s] Timestep:         3768 || Speed:  265.6 MC/s (4.879e-02 s/TS) || Energy: ~9.22e-20 (-22.92dB)
[@     3m27s] Timestep:         3848 || Speed:  239.8 MC/s (5.404e-02 s/TS) || Energy: ~8.75e-20 (-23.15dB)
[@     3m31s] Timestep:         3928 || Speed:  240.1 MC/s (5.399e-02 s/TS) || Energy: ~7.66e-20 (-23.73dB)
[@     3m35s] Timestep:         4008 || Speed:  238.6 MC/s (5.431e-02 s/TS) || Energy: ~7.33e-20 (-23.92dB)
[@     3m40s] Timestep:         4088 || Speed:  237.3 MC/s (5.461e-02 s/TS) || Energy: ~6.26e-20 (-24.61dB)
[@     3m44s] Timestep:         4168 || Speed:  241.3 MC/s (5.370e-02 s/TS) || Energy: ~6.02e-20 (-24.78dB)
[@     3m48s] Timestep:         4248 || Speed:  240.0 MC/s (5.400e-02 s/TS) || Energy: ~5.21e-20 (-25.40dB)
[@     3m53s] Timestep:         4328 || Speed:  240.3 MC/s (5.393e-02 s/TS) || Energy: ~5.11e-20 (-25.49dB)
[@     3m57s] Timestep:         4416 || Speed:  263.0 MC/s (4.927e-02 s/TS) || Energy: ~4.38e-20 (-26.16dB)
[@     4m01s] Timestep:         4496 || Speed:  238.9 MC/s (5.426e-02 s/TS) || Energy: ~4.20e-20 (-26.34dB)
[@     4m06s] Timestep:         4576 || Speed:  239.9 MC/s (5.402e-02 s/TS) || Energy: ~3.63e-20 (-26.98dB)
[@     4m10s] Timestep:         4656 || Speed:  239.9 MC/s (5.403e-02 s/TS) || Energy: ~3.44e-20 (-27.20dB)
[@     4m14s] Timestep:         4736 || Speed:  238.9 MC/s (5.424e-02 s/TS) || Energy: ~3.04e-20 (-27.75dB)
[@     4m19s] Timestep:         4816 || Speed:  239.4 MC/s (5.414e-02 s/TS) || Energy: ~2.83e-20 (-28.05dB)
[@     4m23s] Timestep:         4896 || Speed:  239.8 MC/s (5.405e-02 s/TS) || Energy: ~2.59e-20 (-28.44dB)
[@     4m27s] Timestep:         4984 || Speed:  265.7 MC/s (4.878e-02 s/TS) || Energy: ~2.33e-20 (-28.89dB)
[@     4m31s] Timestep:         5064 || Speed:  243.8 MC/s (5.316e-02 s/TS) || Energy: ~2.39e-20 (-28.79dB)
[@     4m36s] Timestep:         5144 || Speed:  241.5 MC/s (5.366e-02 s/TS) || Energy: ~2.00e-20 (-29.57dB)
[@     4m40s] Timestep:         5224 || Speed:  241.0 MC/s (5.379e-02 s/TS) || Energy: ~2.04e-20 (-29.47dB)
[@     4m44s] Timestep:         5304 || Speed:  238.8 MC/s (5.427e-02 s/TS) || Energy: ~1.71e-20 (-30.25dB)
[@     4m49s] Timestep:         5384 || Speed:  238.5 MC/s (5.435e-02 s/TS) || Energy: ~1.71e-20 (-30.24dB)
[@     4m53s] Timestep:         5464 || Speed:  239.0 MC/s (5.422e-02 s/TS) || Energy: ~1.44e-20 (-30.98dB)
[@     4m57s] Timestep:         5552 || Speed:  266.6 MC/s (4.860e-02 s/TS) || Energy: ~1.34e-20 (-31.30dB)
[@     5m02s] Timestep:         5632 || Speed:  242.9 MC/s (5.337e-02 s/TS) || Energy: ~1.31e-20 (-31.41dB)
[@     5m06s] Timestep:         5712 || Speed:  242.5 MC/s (5.345e-02 s/TS) || Energy: ~1.14e-20 (-32.01dB)
[@     5m10s] Timestep:         5792 || Speed:  239.3 MC/s (5.416e-02 s/TS) || Energy: ~1.16e-20 (-31.94dB)
[@     5m14s] Timestep:         5872 || Speed:  239.7 MC/s (5.407e-02 s/TS) || Energy: ~9.61e-21 (-32.74dB)
[@     5m19s] Timestep:         5952 || Speed:  238.8 MC/s (5.427e-02 s/TS) || Energy: ~1.01e-20 (-32.51dB)
[@     5m23s] Timestep:         6032 || Speed:  239.3 MC/s (5.415e-02 s/TS) || Energy: ~8.23e-21 (-33.41dB)
[@     5m28s] Timestep:         6112 || Speed:  239.0 MC/s (5.423e-02 s/TS) || Energy: ~8.82e-21 (-33.11dB)
[@     5m32s] Timestep:         6200 || Speed:  262.9 MC/s (4.930e-02 s/TS) || Energy: ~7.21e-21 (-33.99dB)
[@     5m36s] Timestep:         6280 || Speed:  244.1 MC/s (5.308e-02 s/TS) || Energy: ~6.91e-21 (-34.18dB)
[@     5m40s] Timestep:         6360 || Speed:  240.1 MC/s (5.398e-02 s/TS) || Energy: ~6.46e-21 (-34.47dB)
[@     5m45s] Timestep:         6440 || Speed:  239.7 MC/s (5.407e-02 s/TS) || Energy: ~5.73e-21 (-34.99dB)
[@     5m49s] Timestep:         6520 || Speed:  237.4 MC/s (5.460e-02 s/TS) || Energy: ~5.74e-21 (-34.98dB)
[@     5m53s] Timestep:         6600 || Speed:  239.2 MC/s (5.418e-02 s/TS) || Energy: ~4.77e-21 (-35.78dB)
[@     5m58s] Timestep:         6680 || Speed:  241.9 MC/s (5.358e-02 s/TS) || Energy: ~5.12e-21 (-35.48dB)
[@     6m02s] Timestep:         6768 || Speed:  261.0 MC/s (4.966e-02 s/TS) || Energy: ~4.06e-21 (-36.48dB)
[@     6m06s] Timestep:         6848 || Speed:  240.1 MC/s (5.397e-02 s/TS) || Energy: ~4.34e-21 (-36.20dB)
[@     6m11s] Timestep:         6928 || Speed:  239.8 MC/s (5.404e-02 s/TS) || Energy: ~3.62e-21 (-36.99dB)
[@     6m15s] Timestep:         7008 || Speed:  240.5 MC/s (5.389e-02 s/TS) || Energy: ~3.56e-21 (-37.05dB)
[@     6m19s] Timestep:         7088 || Speed:  240.1 MC/s (5.398e-02 s/TS) || Energy: ~3.21e-21 (-37.51dB)
[@     6m24s] Timestep:         7168 || Speed:  239.8 MC/s (5.404e-02 s/TS) || Energy: ~2.85e-21 (-38.02dB)
[@     6m28s] Timestep:         7248 || Speed:  240.1 MC/s (5.397e-02 s/TS) || Energy: ~2.83e-21 (-38.05dB)
[@     6m32s] Timestep:         7336 || Speed:  261.1 MC/s (4.965e-02 s/TS) || Energy: ~2.12e-21 (-39.30dB)
[@     6m37s] Timestep:         7416 || Speed:  240.5 MC/s (5.390e-02 s/TS) || Energy: ~2.47e-21 (-38.65dB)
[@     6m41s] Timestep:         7496 || Speed:  241.8 MC/s (5.359e-02 s/TS) || Energy: ~1.84e-21 (-39.93dB)
[@     6m45s] Timestep:         7576 || Speed:  239.0 MC/s (5.422e-02 s/TS) || Energy: ~2.07e-21 (-39.41dB)
[@     6m50s] Timestep:         7656 || Speed:  240.2 MC/s (5.396e-02 s/TS) || Energy: ~1.69e-21 (-40.29dB)
[@     6m54s] Timestep:         7736 || Speed:  241.6 MC/s (5.365e-02 s/TS) || Energy: ~1.73e-21 (-40.20dB)
[@     6m58s] Timestep:         7816 || Speed:  244.3 MC/s (5.305e-02 s/TS) || Energy: ~1.60e-21 (-40.52dB)
[@     7m02s] Timestep:         7896 || Speed:  239.3 MC/s (5.417e-02 s/TS) || Energy: ~1.45e-21 (-40.97dB)
[@     7m07s] Timestep:         7976 || Speed:  243.2 MC/s (5.329e-02 s/TS) || Energy: ~1.52e-21 (-40.76dB)
[@     7m11s] Timestep:         8056 || Speed:  247.3 MC/s (5.240e-02 s/TS) || Energy: ~1.22e-21 (-41.72dB)
[@     7m15s] Timestep:         8136 || Speed:  245.5 MC/s (5.279e-02 s/TS) || Energy: ~1.41e-21 (-41.07dB)
[@     7m19s] Timestep:         8216 || Speed:  243.9 MC/s (5.314e-02 s/TS) || Energy: ~1.06e-21 (-42.33dB)
[@     7m24s] Timestep:         8296 || Speed:  244.8 MC/s (5.294e-02 s/TS) || Energy: ~1.27e-21 (-41.54dB)
[@     7m28s] Timestep:         8376 || Speed:  245.4 MC/s (5.280e-02 s/TS) || Energy: ~9.39e-22 (-42.84dB)
[@     7m32s] Timestep:         8456 || Speed:  244.6 MC/s (5.298e-02 s/TS) || Energy: ~1.11e-21 (-42.14dB)
[@     7m36s] Timestep:         8544 || Speed:  268.9 MC/s (4.820e-02 s/TS) || Energy: ~9.32e-22 (-42.88dB)
[@     7m40s] Timestep:         8624 || Speed:  253.4 MC/s (5.115e-02 s/TS) || Energy: ~8.12e-22 (-43.48dB)
[@     7m45s] Timestep:         8704 || Speed:  239.4 MC/s (5.413e-02 s/TS) || Energy: ~8.70e-22 (-43.18dB)
[@     7m49s] Timestep:         8784 || Speed:  239.1 MC/s (5.419e-02 s/TS) || Energy: ~6.81e-22 (-44.24dB)
[@     7m53s] Timestep:         8864 || Speed:  241.5 MC/s (5.366e-02 s/TS) || Energy: ~7.81e-22 (-43.64dB)
[@     7m58s] Timestep:         8944 || Speed:  237.9 MC/s (5.449e-02 s/TS) || Energy: ~5.77e-22 (-44.96dB)
[@     8m02s] Timestep:         9024 || Speed:  239.9 MC/s (5.401e-02 s/TS) || Energy: ~6.80e-22 (-44.25dB)
[@     8m06s] Timestep:         9104 || Speed:  239.4 MC/s (5.414e-02 s/TS) || Energy: ~5.07e-22 (-45.52dB)
[@     8m11s] Timestep:         9184 || Speed:  247.5 MC/s (5.236e-02 s/TS) || Energy: ~5.67e-22 (-45.04dB)
[@     8m15s] Timestep:         9264 || Speed:  246.5 MC/s (5.259e-02 s/TS) || Energy: ~4.54e-22 (-46.00dB)
[@     8m19s] Timestep:         9344 || Speed:  242.2 MC/s (5.350e-02 s/TS) || Energy: ~4.63e-22 (-45.92dB)
[@     8m23s] Timestep:         9424 || Speed:  243.0 MC/s (5.334e-02 s/TS) || Energy: ~4.14e-22 (-46.40dB)
[@     8m28s] Timestep:         9504 || Speed:  246.5 MC/s (5.258e-02 s/TS) || Energy: ~3.73e-22 (-46.85dB)
[@     8m32s] Timestep:         9584 || Speed:  244.6 MC/s (5.298e-02 s/TS) || Energy: ~3.78e-22 (-46.79dB)
[@     8m36s] Timestep:         9664 || Speed:  240.9 MC/s (5.381e-02 s/TS) || Energy: ~3.08e-22 (-47.69dB)
[@     8m40s] Timestep:         9744 || Speed:  239.9 MC/s (5.403e-02 s/TS) || Energy: ~3.42e-22 (-47.23dB)
[@     8m45s] Timestep:         9824 || Speed:  253.4 MC/s (5.114e-02 s/TS) || Energy: ~2.63e-22 (-48.36dB)
[@     8m49s] Timestep:         9904 || Speed:  245.5 MC/s (5.280e-02 s/TS) || Energy: ~3.03e-22 (-47.76dB)
[@     8m53s] Timestep:         9984 || Speed:  247.5 MC/s (5.236e-02 s/TS) || Energy: ~2.36e-22 (-48.84dB)
[@     8m57s] Timestep:        10064 || Speed:  244.1 MC/s (5.310e-02 s/TS) || Energy: ~2.62e-22 (-48.39dB)
[@     9m01s] Timestep:        10144 || Speed:  244.9 MC/s (5.293e-02 s/TS) || Energy: ~2.19e-22 (-49.16dB)
[@     9m06s] Timestep:        10224 || Speed:  242.8 MC/s (5.338e-02 s/TS) || Energy: ~2.21e-22 (-49.12dB)
[@     9m10s] Timestep:        10304 || Speed:  244.0 MC/s (5.313e-02 s/TS) || Energy: ~2.05e-22 (-49.46dB)
[@     9m14s] Timestep:        10384 || Speed:  249.0 MC/s (5.205e-02 s/TS) || Energy: ~1.85e-22 (-49.89dB)
[@     9m18s] Timestep:        10464 || Speed:  251.4 MC/s (5.155e-02 s/TS) || Energy: ~1.89e-22 (-49.80dB)
[@     9m22s] Timestep:        10544 || Speed:  246.9 MC/s (5.250e-02 s/TS) || Energy: ~1.55e-22 (-50.66dB)
Time for 10544 iterations with 12960304.00 cells : 562.94 sec
Speed: 242.75 MCells/s 
    [excite port 13/40]
 ---------------------------------------------------------------------- 
 | openEMS 64bit -- version v0.37.0-rc1-2-g7b051bb
 | (C) 2010-2026 Thorsten Liebig <thorsten.liebig@gmx.de>  GPL license
 ---------------------------------------------------------------------- 
	Used external libraries:
		CSXCAD -- Version: v0.7.0-rc1-1-g5115701
		hdf5   -- Version: 1.10.10
		          compiled against: HDF5 library version: 1.10.10
		tinyxml -- compiled against: 2.6.2
		fparser
		boost  -- compiled against: 1_83
		vtk -- Version: 9.1.0
		       compiled against: 9.1.0

Create FDTD operator (compressed SSE + multi-threading)
FDTD simulation size: 244x196x271 --> 12960304.00 FDTD cells 
FDTD timestep is: 0.00 s; Nyquist rate: 34 timesteps @101891945817.00 Hz
Excitation signal length is: 398 timesteps (0.00s)
Max. number of timesteps: 60000 ( --> 150.75 * Excitation signal length)
Create FDTD engine (compressed SSE + multi-threading)
Running FDTD engine... this may take a while... grab a cup of coffee?!?
[@        4s] Timestep:           40 || Speed:  123.1 MC/s (1.053e-01 s/TS) || Energy: ~4.99e-24 (- 0.00dB)
[@        8s] Timestep:          104 || Speed:  201.3 MC/s (6.439e-02 s/TS) || Energy: ~1.06e-20 (- 0.00dB)
[@       12s] Timestep:          184 || Speed:  244.4 MC/s (5.302e-02 s/TS) || Energy: ~4.21e-18 (- 0.00dB)
[@       16s] Timestep:          272 || Speed:  273.7 MC/s (4.735e-02 s/TS) || Energy: ~1.76e-17 (- 0.00dB)
[@       21s] Timestep:          368 || Speed:  288.7 MC/s (4.490e-02 s/TS) || Energy: ~1.60e-17 (- 0.41dB)
[@       25s] Timestep:          464 || Speed:  301.8 MC/s (4.295e-02 s/TS) || Energy: ~1.37e-17 (- 1.09dB)
[@       29s] Timestep:          560 || Speed:  309.8 MC/s (4.184e-02 s/TS) || Energy: ~1.22e-17 (- 1.58dB)
[@       33s] Timestep:          664 || Speed:  313.1 MC/s (4.139e-02 s/TS) || Energy: ~9.61e-18 (- 2.62dB)
[@       37s] Timestep:          760 || Speed:  286.8 MC/s (4.519e-02 s/TS) || Energy: ~7.36e-18 (- 3.78dB)
Multithreaded Engine: Best performance found using 8 threads.
[@       41s] Timestep:          856 || Speed:  306.0 MC/s (4.236e-02 s/TS) || Energy: ~5.89e-18 (- 4.74dB)
[@       46s] Timestep:          952 || Speed:  303.3 MC/s (4.272e-02 s/TS) || Energy: ~5.05e-18 (- 5.41dB)
[@       50s] Timestep:         1048 || Speed:  304.6 MC/s (4.255e-02 s/TS) || Energy: ~4.20e-18 (- 6.22dB)
[@       54s] Timestep:         1144 || Speed:  302.4 MC/s (4.286e-02 s/TS) || Energy: ~3.46e-18 (- 7.06dB)
[@       58s] Timestep:         1240 || Speed:  305.9 MC/s (4.236e-02 s/TS) || Energy: ~2.84e-18 (- 7.91dB)
[@     1m02s] Timestep:         1336 || Speed:  305.7 MC/s (4.239e-02 s/TS) || Energy: ~2.33e-18 (- 8.77dB)
[@     1m06s] Timestep:         1440 || Speed:  314.1 MC/s (4.127e-02 s/TS) || Energy: ~1.95e-18 (- 9.55dB)
[@     1m10s] Timestep:         1536 || Speed:  307.4 MC/s (4.216e-02 s/TS) || Energy: ~1.62e-18 (-10.34dB)
[@     1m14s] Timestep:         1632 || Speed:  305.8 MC/s (4.238e-02 s/TS) || Energy: ~1.29e-18 (-11.34dB)
[@     1m18s] Timestep:         1728 || Speed:  303.6 MC/s (4.268e-02 s/TS) || Energy: ~1.06e-18 (-12.20dB)
[@     1m22s] Timestep:         1824 || Speed:  303.2 MC/s (4.275e-02 s/TS) || Energy: ~9.33e-19 (-12.75dB)
[@     1m27s] Timestep:         1920 || Speed:  296.5 MC/s (4.371e-02 s/TS) || Energy: ~8.35e-19 (-13.23dB)
[@     1m31s] Timestep:         2016 || Speed:  303.2 MC/s (4.274e-02 s/TS) || Energy: ~7.68e-19 (-13.59dB)
[@     1m35s] Timestep:         2112 || Speed:  307.4 MC/s (4.217e-02 s/TS) || Energy: ~6.46e-19 (-14.34dB)
[@     1m39s] Timestep:         2216 || Speed:  311.8 MC/s (4.157e-02 s/TS) || Energy: ~5.67e-19 (-14.91dB)
[@     1m43s] Timestep:         2312 || Speed:  308.3 MC/s (4.204e-02 s/TS) || Energy: ~4.54e-19 (-15.87dB)
[@     1m47s] Timestep:         2408 || Speed:  304.5 MC/s (4.256e-02 s/TS) || Energy: ~3.57e-19 (-16.91dB)
[@     1m51s] Timestep:         2504 || Speed:  300.7 MC/s (4.310e-02 s/TS) || Energy: ~3.11e-19 (-17.52dB)
[@     1m55s] Timestep:         2600 || Speed:  304.5 MC/s (4.256e-02 s/TS) || Energy: ~2.89e-19 (-17.83dB)
[@     2m00s] Timestep:         2696 || Speed:  306.8 MC/s (4.225e-02 s/TS) || Energy: ~2.69e-19 (-18.15dB)
[@     2m04s] Timestep:         2792 || Speed:  297.9 MC/s (4.351e-02 s/TS) || Energy: ~2.37e-19 (-18.69dB)
[@     2m08s] Timestep:         2896 || Speed:  312.0 MC/s (4.154e-02 s/TS) || Energy: ~2.25e-19 (-18.93dB)
[@     2m12s] Timestep:         3000 || Speed:  312.1 MC/s (4.152e-02 s/TS) || Energy: ~1.82e-19 (-19.84dB)
[@     2m17s] Timestep:         3104 || Speed:  311.5 MC/s (4.161e-02 s/TS) || Energy: ~1.62e-19 (-20.35dB)
[@     2m21s] Timestep:         3200 || Speed:  310.3 MC/s (4.176e-02 s/TS) || Energy: ~1.50e-19 (-20.67dB)
[@     2m25s] Timestep:         3296 || Speed:  308.3 MC/s (4.204e-02 s/TS) || Energy: ~1.22e-19 (-21.60dB)
[@     2m29s] Timestep:         3392 || Speed:  306.7 MC/s (4.226e-02 s/TS) || Energy: ~1.02e-19 (-22.34dB)
[@     2m33s] Timestep:         3488 || Speed:  306.4 MC/s (4.229e-02 s/TS) || Energy: ~9.17e-20 (-22.82dB)
[@     2m37s] Timestep:         3584 || Speed:  309.6 MC/s (4.187e-02 s/TS) || Energy: ~8.32e-20 (-23.25dB)
[@     2m41s] Timestep:         3688 || Speed:  315.9 MC/s (4.103e-02 s/TS) || Energy: ~7.21e-20 (-23.87dB)
[@     2m45s] Timestep:         3792 || Speed:  313.3 MC/s (4.137e-02 s/TS) || Energy: ~6.64e-20 (-24.23dB)
[@     2m50s] Timestep:         3896 || Speed:  314.2 MC/s (4.125e-02 s/TS) || Energy: ~5.76e-20 (-24.84dB)
[@     2m54s] Timestep:         3992 || Speed:  310.2 MC/s (4.179e-02 s/TS) || Energy: ~5.53e-20 (-25.02dB)
[@     2m58s] Timestep:         4088 || Speed:  304.0 MC/s (4.263e-02 s/TS) || Energy: ~5.19e-20 (-25.30dB)
[@     3m02s] Timestep:         4184 || Speed:  306.9 MC/s (4.223e-02 s/TS) || Energy: ~4.75e-20 (-25.68dB)
[@     3m06s] Timestep:         4280 || Speed:  309.4 MC/s (4.189e-02 s/TS) || Energy: ~4.04e-20 (-26.38dB)
[@     3m10s] Timestep:         4376 || Speed:  310.4 MC/s (4.175e-02 s/TS) || Energy: ~3.38e-20 (-27.16dB)
[@     3m14s] Timestep:         4480 || Speed:  318.1 MC/s (4.074e-02 s/TS) || Energy: ~3.01e-20 (-27.66dB)
[@     3m18s] Timestep:         4584 || Speed:  312.2 MC/s (4.152e-02 s/TS) || Energy: ~2.71e-20 (-28.11dB)
[@     3m23s] Timestep:         4688 || Speed:  311.3 MC/s (4.164e-02 s/TS) || Energy: ~2.41e-20 (-28.62dB)
[@     3m27s] Timestep:         4784 || Speed:  308.5 MC/s (4.201e-02 s/TS) || Energy: ~2.16e-20 (-29.11dB)
[@     3m31s] Timestep:         4880 || Speed:  308.3 MC/s (4.203e-02 s/TS) || Energy: ~2.05e-20 (-29.32dB)
[@     3m35s] Timestep:         4976 || Speed:  305.8 MC/s (4.238e-02 s/TS) || Energy: ~1.92e-20 (-29.61dB)
[@     3m39s] Timestep:         5072 || Speed:  308.9 MC/s (4.196e-02 s/TS) || Energy: ~1.82e-20 (-29.85dB)
[@     3m43s] Timestep:         5168 || Speed:  310.2 MC/s (4.178e-02 s/TS) || Energy: ~1.62e-20 (-30.35dB)
[@     3m47s] Timestep:         5272 || Speed:  313.7 MC/s (4.132e-02 s/TS) || Energy: ~1.44e-20 (-30.87dB)
[@     3m52s] Timestep:         5376 || Speed:  312.4 MC/s (4.149e-02 s/TS) || Energy: ~1.25e-20 (-31.46dB)
[@     3m56s] Timestep:         5472 || Speed:  304.9 MC/s (4.251e-02 s/TS) || Energy: ~1.10e-20 (-32.02dB)
[@     4m00s] Timestep:         5568 || Speed:  309.2 MC/s (4.192e-02 s/TS) || Energy: ~9.96e-21 (-32.46dB)
[@     4m04s] Timestep:         5664 || Speed:  304.3 MC/s (4.259e-02 s/TS) || Energy: ~9.30e-21 (-32.76dB)
[@     4m08s] Timestep:         5760 || Speed:  305.9 MC/s (4.237e-02 s/TS) || Energy: ~8.74e-21 (-33.03dB)
[@     4m12s] Timestep:         5856 || Speed:  305.6 MC/s (4.241e-02 s/TS) || Energy: ~7.92e-21 (-33.46dB)
[@     4m16s] Timestep:         5960 || Speed:  315.1 MC/s (4.114e-02 s/TS) || Energy: ~7.20e-21 (-33.87dB)
[@     4m20s] Timestep:         6064 || Speed:  314.7 MC/s (4.118e-02 s/TS) || Energy: ~6.31e-21 (-34.45dB)
[@     4m24s] Timestep:         6160 || Speed:  309.0 MC/s (4.194e-02 s/TS) || Energy: ~5.58e-21 (-34.98dB)
[@     4m28s] Timestep:         6256 || Speed:  310.0 MC/s (4.180e-02 s/TS) || Energy: ~4.99e-21 (-35.47dB)
[@     4m33s] Timestep:         6352 || Speed:  307.7 MC/s (4.212e-02 s/TS) || Energy: ~4.45e-21 (-35.96dB)
[@     4m37s] Timestep:         6448 || Speed:  309.0 MC/s (4.195e-02 s/TS) || Energy: ~4.12e-21 (-36.29dB)
[@     4m41s] Timestep:         6544 || Speed:  307.6 MC/s (4.214e-02 s/TS) || Energy: ~3.98e-21 (-36.45dB)
[@     4m45s] Timestep:         6640 || Speed:  308.2 MC/s (4.205e-02 s/TS) || Energy: ~3.73e-21 (-36.73dB)
[@     4m49s] Timestep:         6744 || Speed:  313.9 MC/s (4.129e-02 s/TS) || Energy: ~3.41e-21 (-37.12dB)
[@     4m53s] Timestep:         6848 || Speed:  315.3 MC/s (4.110e-02 s/TS) || Energy: ~3.05e-21 (-37.61dB)
[@     4m57s] Timestep:         6944 || Speed:  310.6 MC/s (4.173e-02 s/TS) || Energy: ~2.62e-21 (-38.27dB)
[@     5m02s] Timestep:         7048 || Speed:  311.2 MC/s (4.164e-02 s/TS) || Energy: ~2.41e-21 (-38.63dB)
[@     5m06s] Timestep:         7144 || Speed:  307.4 MC/s (4.216e-02 s/TS) || Energy: ~1.91e-21 (-39.63dB)
[@     5m10s] Timestep:         7240 || Speed:  306.2 MC/s (4.232e-02 s/TS) || Energy: ~1.67e-21 (-40.22dB)
[@     5m14s] Timestep:         7336 || Speed:  309.5 MC/s (4.187e-02 s/TS) || Energy: ~1.73e-21 (-40.06dB)
[@     5m18s] Timestep:         7432 || Speed:  309.3 MC/s (4.191e-02 s/TS) || Energy: ~1.79e-21 (-39.91dB)
[@     5m22s] Timestep:         7536 || Speed:  316.2 MC/s (4.098e-02 s/TS) || Energy: ~1.59e-21 (-40.44dB)
[@     5m26s] Timestep:         7640 || Speed:  312.3 MC/s (4.150e-02 s/TS) || Energy: ~1.44e-21 (-40.88dB)
[@     5m31s] Timestep:         7744 || Speed:  311.7 MC/s (4.158e-02 s/TS) || Energy: ~1.29e-21 (-41.35dB)
[@     5m35s] Timestep:         7840 || Speed:  307.3 MC/s (4.217e-02 s/TS) || Energy: ~1.25e-21 (-41.46dB)
[@     5m39s] Timestep:         7936 || Speed:  309.9 MC/s (4.182e-02 s/TS) || Energy: ~1.12e-21 (-41.95dB)
[@     5m43s] Timestep:         8032 || Speed:  309.9 MC/s (4.182e-02 s/TS) || Energy: ~9.19e-22 (-42.81dB)
[@     5m47s] Timestep:         8128 || Speed:  309.7 MC/s (4.185e-02 s/TS) || Energy: ~7.44e-22 (-43.73dB)
[@     5m51s] Timestep:         8224 || Speed:  310.1 MC/s (4.179e-02 s/TS) || Energy: ~6.55e-22 (-44.28dB)
[@     5m55s] Timestep:         8328 || Speed:  314.3 MC/s (4.124e-02 s/TS) || Energy: ~5.83e-22 (-44.79dB)
[@     5m59s] Timestep:         8432 || Speed:  314.4 MC/s (4.123e-02 s/TS) || Energy: ~5.55e-22 (-45.00dB)
[@     6m03s] Timestep:         8528 || Speed:  310.2 MC/s (4.179e-02 s/TS) || Energy: ~5.88e-22 (-44.75dB)
[@     6m08s] Timestep:         8632 || Speed:  311.5 MC/s (4.161e-02 s/TS) || Energy: ~5.03e-22 (-45.43dB)
[@     6m12s] Timestep:         8728 || Speed:  310.2 MC/s (4.178e-02 s/TS) || Energy: ~5.12e-22 (-45.35dB)
[@     6m16s] Timestep:         8832 || Speed:  311.4 MC/s (4.162e-02 s/TS) || Energy: ~5.02e-22 (-45.43dB)
[@     6m20s] Timestep:         8928 || Speed:  305.7 MC/s (4.239e-02 s/TS) || Energy: ~5.07e-22 (-45.40dB)
[@     6m24s] Timestep:         9032 || Speed:  312.1 MC/s (4.153e-02 s/TS) || Energy: ~4.30e-22 (-46.11dB)
[@     6m29s] Timestep:         9136 || Speed:  316.3 MC/s (4.098e-02 s/TS) || Energy: ~4.01e-22 (-46.41dB)
[@     6m33s] Timestep:         9240 || Speed:  311.4 MC/s (4.162e-02 s/TS) || Energy: ~3.75e-22 (-46.70dB)
[@     6m37s] Timestep:         9336 || Speed:  309.8 MC/s (4.183e-02 s/TS) || Energy: ~3.16e-22 (-47.44dB)
[@     6m41s] Timestep:         9432 || Speed:  310.4 MC/s (4.175e-02 s/TS) || Energy: ~2.56e-22 (-48.36dB)
[@     6m45s] Timestep:         9528 || Speed:  309.4 MC/s (4.189e-02 s/TS) || Energy: ~2.13e-22 (-49.16dB)
[@     6m49s] Timestep:         9624 || Speed:  310.1 MC/s (4.180e-02 s/TS) || Energy: ~1.91e-22 (-49.64dB)
[@     6m53s] Timestep:         9720 || Speed:  309.0 MC/s (4.194e-02 s/TS) || Energy: ~1.94e-22 (-49.58dB)
[@     6m57s] Timestep:         9816 || Speed:  309.5 MC/s (4.188e-02 s/TS) || Energy: ~2.09e-22 (-49.24dB)
[@     7m01s] Timestep:         9920 || Speed:  315.3 MC/s (4.110e-02 s/TS) || Energy: ~1.90e-22 (-49.66dB)
[@     7m05s] Timestep:        10016 || Speed:  310.8 MC/s (4.169e-02 s/TS) || Energy: ~1.92e-22 (-49.61dB)
[@     7m10s] Timestep:        10120 || Speed:  312.1 MC/s (4.153e-02 s/TS) || Energy: ~1.76e-22 (-49.98dB)
[@     7m14s] Timestep:        10216 || Speed:  307.7 MC/s (4.211e-02 s/TS) || Energy: ~1.58e-22 (-50.45dB)
Time for 10216 iterations with 12960304.00 cells : 434.20 sec
Speed: 304.93 MCells/s 
    [excite port 14/40]
 ---------------------------------------------------------------------- 
 | openEMS 64bit -- version v0.37.0-rc1-2-g7b051bb
 | (C) 2010-2026 Thorsten Liebig <thorsten.liebig@gmx.de>  GPL license
 ---------------------------------------------------------------------- 
	Used external libraries:
		CSXCAD -- Version: v0.7.0-rc1-1-g5115701
		hdf5   -- Version: 1.10.10
		          compiled against: HDF5 library version: 1.10.10
		tinyxml -- compiled against: 2.6.2
		fparser
		boost  -- compiled against: 1_83
		vtk -- Version: 9.1.0
		       compiled against: 9.1.0

Create FDTD operator (compressed SSE + multi-threading)
FDTD simulation size: 244x196x271 --> 12960304.00 FDTD cells 
FDTD timestep is: 0.00 s; Nyquist rate: 34 timesteps @101891945817.00 Hz
Excitation signal length is: 398 timesteps (0.00s)
Max. number of timesteps: 60000 ( --> 150.75 * Excitation signal length)
Create FDTD engine (compressed SSE + multi-threading)
Running FDTD engine... this may take a while... grab a cup of coffee?!?
[@        4s] Timestep:           40 || Speed:  121.7 MC/s (1.065e-01 s/TS) || Energy: ~4.99e-24 (- 0.00dB)
[@        8s] Timestep:          104 || Speed:  202.5 MC/s (6.399e-02 s/TS) || Energy: ~1.06e-20 (- 0.00dB)
[@       12s] Timestep:          184 || Speed:  241.4 MC/s (5.369e-02 s/TS) || Energy: ~4.20e-18 (- 0.00dB)
[@       16s] Timestep:          272 || Speed:  278.6 MC/s (4.652e-02 s/TS) || Energy: ~1.77e-17 (- 0.00dB)
[@       20s] Timestep:          368 || Speed:  301.2 MC/s (4.303e-02 s/TS) || Energy: ~1.65e-17 (- 0.30dB)
[@       25s] Timestep:          472 || Speed:  311.5 MC/s (4.161e-02 s/TS) || Energy: ~1.45e-17 (- 0.88dB)
[@       29s] Timestep:          576 || Speed:  313.8 MC/s (4.130e-02 s/TS) || Energy: ~1.21e-17 (- 1.64dB)
[@       33s] Timestep:          672 || Speed:  307.1 MC/s (4.221e-02 s/TS) || Energy: ~9.50e-18 (- 2.71dB)
Multithreaded Engine: Best performance found using 7 threads.
[@       37s] Timestep:          776 || Speed:  311.6 MC/s (4.160e-02 s/TS) || Energy: ~7.35e-18 (- 3.82dB)
[@       42s] Timestep:          880 || Speed:  311.8 MC/s (4.156e-02 s/TS) || Energy: ~5.97e-18 (- 4.72dB)
[@       46s] Timestep:          984 || Speed:  314.3 MC/s (4.124e-02 s/TS) || Energy: ~5.12e-18 (- 5.39dB)
[@       50s] Timestep:         1088 || Speed:  313.6 MC/s (4.133e-02 s/TS) || Energy: ~3.98e-18 (- 6.48dB)
[@       55s] Timestep:         1192 || Speed:  315.4 MC/s (4.109e-02 s/TS) || Energy: ~3.23e-18 (- 7.39dB)
[@       59s] Timestep:         1296 || Speed:  314.1 MC/s (4.126e-02 s/TS) || Energy: ~2.56e-18 (- 8.40dB)
[@     1m03s] Timestep:         1400 || Speed:  312.1 MC/s (4.152e-02 s/TS) || Energy: ~2.09e-18 (- 9.27dB)
[@     1m07s] Timestep:         1504 || Speed:  312.6 MC/s (4.145e-02 s/TS) || Energy: ~1.74e-18 (-10.08dB)
[@     1m12s] Timestep:         1600 || Speed:  307.3 MC/s (4.218e-02 s/TS) || Energy: ~1.50e-18 (-10.71dB)
[@     1m16s] Timestep:         1696 || Speed:  302.1 MC/s (4.290e-02 s/TS) || Energy: ~1.23e-18 (-11.58dB)
[@     1m20s] Timestep:         1792 || Speed:  303.2 MC/s (4.274e-02 s/TS) || Energy: ~9.95e-19 (-12.50dB)
[@     1m24s] Timestep:         1888 || Speed:  309.2 MC/s (4.191e-02 s/TS) || Energy: ~8.08e-19 (-13.41dB)
[@     1m28s] Timestep:         1984 || Speed:  304.4 MC/s (4.258e-02 s/TS) || Energy: ~7.53e-19 (-13.72dB)
[@     1m32s] Timestep:         2080 || Speed:  308.8 MC/s (4.197e-02 s/TS) || Energy: ~7.14e-19 (-13.95dB)
[@     1m36s] Timestep:         2176 || Speed:  310.5 MC/s (4.173e-02 s/TS) || Energy: ~6.42e-19 (-14.41dB)
[@     1m40s] Timestep:         2272 || Speed:  310.1 MC/s (4.179e-02 s/TS) || Energy: ~5.60e-19 (-15.00dB)
[@     1m44s] Timestep:         2376 || Speed:  312.1 MC/s (4.153e-02 s/TS) || Energy: ~4.92e-19 (-15.57dB)
[@     1m48s] Timestep:         2472 || Speed:  306.4 MC/s (4.230e-02 s/TS) || Energy: ~4.02e-19 (-16.44dB)
[@     1m53s] Timestep:         2576 || Speed:  317.3 MC/s (4.084e-02 s/TS) || Energy: ~3.51e-19 (-17.03dB)
[@     1m57s] Timestep:         2680 || Speed:  313.0 MC/s (4.141e-02 s/TS) || Energy: ~3.10e-19 (-17.57dB)
[@     2m01s] Timestep:         2784 || Speed:  314.4 MC/s (4.123e-02 s/TS) || Energy: ~2.74e-19 (-18.11dB)
[@     2m05s] Timestep:         2888 || Speed:  313.4 MC/s (4.136e-02 s/TS) || Energy: ~2.32e-19 (-18.82dB)
[@     2m10s] Timestep:         2992 || Speed:  312.4 MC/s (4.149e-02 s/TS) || Energy: ~2.16e-19 (-19.14dB)
[@     2m14s] Timestep:         3088 || Speed:  307.9 MC/s (4.210e-02 s/TS) || Energy: ~1.85e-19 (-19.82dB)
[@     2m18s] Timestep:         3184 || Speed:  311.0 MC/s (4.167e-02 s/TS) || Energy: ~1.46e-19 (-20.84dB)
[@     2m22s] Timestep:         3288 || Speed:  315.3 MC/s (4.111e-02 s/TS) || Energy: ~1.30e-19 (-21.34dB)
[@     2m26s] Timestep:         3392 || Speed:  316.9 MC/s (4.090e-02 s/TS) || Energy: ~1.24e-19 (-21.55dB)
[@     2m31s] Timestep:         3496 || Speed:  315.3 MC/s (4.110e-02 s/TS) || Energy: ~1.01e-19 (-22.46dB)
[@     2m35s] Timestep:         3600 || Speed:  311.5 MC/s (4.161e-02 s/TS) || Energy: ~9.18e-20 (-22.86dB)
[@     2m39s] Timestep:         3696 || Speed:  310.6 MC/s (4.172e-02 s/TS) || Energy: ~8.01e-20 (-23.45dB)
[@     2m43s] Timestep:         3800 || Speed:  311.7 MC/s (4.158e-02 s/TS) || Energy: ~6.84e-20 (-24.13dB)
[@     2m47s] Timestep:         3896 || Speed:  309.3 MC/s (4.190e-02 s/TS) || Energy: ~6.01e-20 (-24.70dB)
[@     2m51s] Timestep:         3992 || Speed:  308.9 MC/s (4.196e-02 s/TS) || Energy: ~5.96e-20 (-24.73dB)
[@     2m55s] Timestep:         4088 || Speed:  308.7 MC/s (4.198e-02 s/TS) || Energy: ~5.69e-20 (-24.93dB)
[@     2m59s] Timestep:         4184 || Speed:  307.9 MC/s (4.210e-02 s/TS) || Energy: ~5.27e-20 (-25.26dB)
[@     3m03s] Timestep:         4280 || Speed:  309.4 MC/s (4.189e-02 s/TS) || Energy: ~4.56e-20 (-25.90dB)
[@     3m08s] Timestep:         4384 || Speed:  311.4 MC/s (4.162e-02 s/TS) || Energy: ~4.04e-20 (-26.42dB)
[@     3m12s] Timestep:         4488 || Speed:  311.6 MC/s (4.160e-02 s/TS) || Energy: ~3.61e-20 (-26.90dB)
[@     3m16s] Timestep:         4592 || Speed:  313.5 MC/s (4.135e-02 s/TS) || Energy: ~3.29e-20 (-27.30dB)
[@     3m20s] Timestep:         4688 || Speed:  309.8 MC/s (4.183e-02 s/TS) || Energy: ~2.75e-20 (-28.10dB)
[@     3m25s] Timestep:         4792 || Speed:  312.6 MC/s (4.146e-02 s/TS) || Energy: ~2.47e-20 (-28.55dB)
[@     3m29s] Timestep:         4896 || Speed:  316.8 MC/s (4.091e-02 s/TS) || Energy: ~2.29e-20 (-28.89dB)
[@     3m33s] Timestep:         5000 || Speed:  315.1 MC/s (4.113e-02 s/TS) || Energy: ~1.95e-20 (-29.58dB)
[@     3m37s] Timestep:         5096 || Speed:  309.1 MC/s (4.192e-02 s/TS) || Energy: ~1.67e-20 (-30.26dB)
[@     3m42s] Timestep:         5200 || Speed:  311.6 MC/s (4.159e-02 s/TS) || Energy: ~1.57e-20 (-30.53dB)
[@     3m46s] Timestep:         5296 || Speed:  307.8 MC/s (4.211e-02 s/TS) || Energy: ~1.41e-20 (-30.99dB)
[@     3m50s] Timestep:         5392 || Speed:  307.7 MC/s (4.212e-02 s/TS) || Energy: ~1.28e-20 (-31.42dB)
[@     3m54s] Timestep:         5488 || Speed:  309.0 MC/s (4.194e-02 s/TS) || Energy: ~1.21e-20 (-31.65dB)
[@     3m58s] Timestep:         5592 || Speed:  313.0 MC/s (4.140e-02 s/TS) || Energy: ~1.12e-20 (-31.98dB)
[@     4m02s] Timestep:         5696 || Speed:  319.4 MC/s (4.057e-02 s/TS) || Energy: ~9.55e-21 (-32.68dB)
[@     4m07s] Timestep:         5800 || Speed:  312.9 MC/s (4.142e-02 s/TS) || Energy: ~8.66e-21 (-33.11dB)
[@     4m11s] Timestep:         5904 || Speed:  314.6 MC/s (4.120e-02 s/TS) || Energy: ~7.87e-21 (-33.52dB)
[@     4m15s] Timestep:         6008 || Speed:  315.0 MC/s (4.114e-02 s/TS) || Energy: ~7.16e-21 (-33.93dB)
[@     4m19s] Timestep:         6104 || Speed:  310.1 MC/s (4.180e-02 s/TS) || Energy: ~6.58e-21 (-34.30dB)
[@     4m23s] Timestep:         6200 || Speed:  310.4 MC/s (4.175e-02 s/TS) || Energy: ~6.14e-21 (-34.60dB)
[@     4m27s] Timestep:         6304 || Speed:  313.3 MC/s (4.136e-02 s/TS) || Energy: ~5.46e-21 (-35.11dB)
[@     4m32s] Timestep:         6408 || Speed:  314.3 MC/s (4.124e-02 s/TS) || Energy: ~4.84e-21 (-35.63dB)
[@     4m36s] Timestep:         6504 || Speed:  311.0 MC/s (4.167e-02 s/TS) || Energy: ~4.59e-21 (-35.86dB)
[@     4m40s] Timestep:         6608 || Speed:  313.0 MC/s (4.141e-02 s/TS) || Energy: ~4.18e-21 (-36.27dB)
[@     4m44s] Timestep:         6712 || Speed:  315.5 MC/s (4.108e-02 s/TS) || Energy: ~3.69e-21 (-36.81dB)
[@     4m48s] Timestep:         6808 || Speed:  305.3 MC/s (4.246e-02 s/TS) || Energy: ~3.46e-21 (-37.10dB)
[@     4m52s] Timestep:         6904 || Speed:  309.2 MC/s (4.191e-02 s/TS) || Energy: ~3.03e-21 (-37.67dB)
[@     4m57s] Timestep:         7008 || Speed:  313.2 MC/s (4.138e-02 s/TS) || Energy: ~2.64e-21 (-38.27dB)
[@     5m01s] Timestep:         7112 || Speed:  312.5 MC/s (4.147e-02 s/TS) || Energy: ~2.52e-21 (-38.47dB)
[@     5m05s] Timestep:         7216 || Speed:  318.2 MC/s (4.073e-02 s/TS) || Energy: ~2.32e-21 (-38.82dB)
[@     5m09s] Timestep:         7320 || Speed:  315.5 MC/s (4.107e-02 s/TS) || Energy: ~2.00e-21 (-39.47dB)
[@     5m14s] Timestep:         7424 || Speed:  314.3 MC/s (4.124e-02 s/TS) || Energy: ~1.93e-21 (-39.63dB)
[@     5m18s] Timestep:         7528 || Speed:  310.8 MC/s (4.170e-02 s/TS) || Energy: ~1.73e-21 (-40.10dB)
[@     5m22s] Timestep:         7624 || Speed:  310.1 MC/s (4.179e-02 s/TS) || Energy: ~1.40e-21 (-41.02dB)
[@     5m26s] Timestep:         7728 || Speed:  314.1 MC/s (4.127e-02 s/TS) || Energy: ~1.37e-21 (-41.10dB)
[@     5m31s] Timestep:         7832 || Speed:  312.5 MC/s (4.147e-02 s/TS) || Energy: ~1.25e-21 (-41.50dB)
[@     5m35s] Timestep:         7936 || Speed:  312.7 MC/s (4.144e-02 s/TS) || Energy: ~1.07e-21 (-42.18dB)
[@     5m39s] Timestep:         8040 || Speed:  318.8 MC/s (4.065e-02 s/TS) || Energy: ~1.05e-21 (-42.26dB)
[@     5m44s] Timestep:         8144 || Speed:  316.1 MC/s (4.100e-02 s/TS) || Energy: ~9.25e-22 (-42.82dB)
[@     5m48s] Timestep:         8248 || Speed:  314.1 MC/s (4.127e-02 s/TS) || Energy: ~8.53e-22 (-43.17dB)
[@     5m52s] Timestep:         8344 || Speed:  308.5 MC/s (4.201e-02 s/TS) || Energy: ~7.65e-22 (-43.65dB)
[@     5m56s] Timestep:         8448 || Speed:  312.0 MC/s (4.155e-02 s/TS) || Energy: ~6.45e-22 (-44.38dB)
[@     6m00s] Timestep:         8552 || Speed:  313.7 MC/s (4.131e-02 s/TS) || Energy: ~5.72e-22 (-44.91dB)
[@     6m05s] Timestep:         8656 || Speed:  312.2 MC/s (4.152e-02 s/TS) || Energy: ~5.72e-22 (-44.91dB)
[@     6m09s] Timestep:         8760 || Speed:  316.0 MC/s (4.102e-02 s/TS) || Energy: ~4.98e-22 (-45.51dB)
[@     6m13s] Timestep:         8864 || Speed:  317.9 MC/s (4.077e-02 s/TS) || Energy: ~4.61e-22 (-45.85dB)
[@     6m18s] Timestep:         8968 || Speed:  314.6 MC/s (4.120e-02 s/TS) || Energy: ~4.50e-22 (-45.95dB)
[@     6m22s] Timestep:         9064 || Speed:  308.4 MC/s (4.203e-02 s/TS) || Energy: ~3.63e-22 (-46.89dB)
[@     6m26s] Timestep:         9168 || Speed:  313.9 MC/s (4.129e-02 s/TS) || Energy: ~3.16e-22 (-47.49dB)
[@     6m30s] Timestep:         9272 || Speed:  314.0 MC/s (4.128e-02 s/TS) || Energy: ~3.16e-22 (-47.49dB)
[@     6m35s] Timestep:         9376 || Speed:  311.9 MC/s (4.155e-02 s/TS) || Energy: ~2.86e-22 (-47.92dB)
[@     6m39s] Timestep:         9480 || Speed:  312.5 MC/s (4.148e-02 s/TS) || Energy: ~2.59e-22 (-48.35dB)
[@     6m43s] Timestep:         9584 || Speed:  317.2 MC/s (4.086e-02 s/TS) || Energy: ~2.46e-22 (-48.57dB)
[@     6m47s] Timestep:         9688 || Speed:  312.5 MC/s (4.147e-02 s/TS) || Energy: ~2.16e-22 (-49.13dB)
[@     6m52s] Timestep:         9792 || Speed:  311.4 MC/s (4.162e-02 s/TS) || Energy: ~2.00e-22 (-49.46dB)
[@     6m56s] Timestep:         9896 || Speed:  313.6 MC/s (4.133e-02 s/TS) || Energy: ~2.01e-22 (-49.45dB)
[@     7m00s] Timestep:        10000 || Speed:  313.8 MC/s (4.130e-02 s/TS) || Energy: ~1.77e-22 (-50.00dB)
Time for 10000 iterations with 12960304.00 cells : 420.83 sec
Speed: 307.97 MCells/s 
    [excite port 15/40]
 ---------------------------------------------------------------------- 
 | openEMS 64bit -- version v0.37.0-rc1-2-g7b051bb
 | (C) 2010-2026 Thorsten Liebig <thorsten.liebig@gmx.de>  GPL license
 ---------------------------------------------------------------------- 
	Used external libraries:
		CSXCAD -- Version: v0.7.0-rc1-1-g5115701
		hdf5   -- Version: 1.10.10
		          compiled against: HDF5 library version: 1.10.10
		tinyxml -- compiled against: 2.6.2
		fparser
		boost  -- compiled against: 1_83
		vtk -- Version: 9.1.0
		       compiled against: 9.1.0

Create FDTD operator (compressed SSE + multi-threading)
FDTD simulation size: 244x196x271 --> 12960304.00 FDTD cells 
FDTD timestep is: 0.00 s; Nyquist rate: 34 timesteps @101891945817.00 Hz
Excitation signal length is: 398 timesteps (0.00s)
Max. number of timesteps: 60000 ( --> 150.75 * Excitation signal length)
Create FDTD engine (compressed SSE + multi-threading)
Running FDTD engine... this may take a while... grab a cup of coffee?!?
[@        4s] Timestep:           40 || Speed:  122.9 MC/s (1.054e-01 s/TS) || Energy: ~5.03e-24 (- 0.00dB)
[@        8s] Timestep:          104 || Speed:  203.9 MC/s (6.355e-02 s/TS) || Energy: ~1.08e-20 (- 0.00dB)
[@       12s] Timestep:          184 || Speed:  244.6 MC/s (5.299e-02 s/TS) || Energy: ~4.27e-18 (- 0.00dB)
[@       16s] Timestep:          272 || Speed:  272.8 MC/s (4.751e-02 s/TS) || Energy: ~1.78e-17 (- 0.00dB)
[@       20s] Timestep:          368 || Speed:  299.8 MC/s (4.323e-02 s/TS) || Energy: ~1.62e-17 (- 0.42dB)
[@       24s] Timestep:          464 || Speed:  307.2 MC/s (4.219e-02 s/TS) || Energy: ~1.42e-17 (- 1.00dB)
[@       28s] Timestep:          560 || Speed:  307.6 MC/s (4.214e-02 s/TS) || Energy: ~1.26e-17 (- 1.50dB)
[@       32s] Timestep:          656 || Speed:  307.8 MC/s (4.211e-02 s/TS) || Energy: ~1.13e-17 (- 1.97dB)
[@       37s] Timestep:          752 || Speed:  299.4 MC/s (4.328e-02 s/TS) || Energy: ~8.34e-18 (- 3.30dB)
Multithreaded Engine: Best performance found using 8 threads.
[@       41s] Timestep:          848 || Speed:  306.3 MC/s (4.232e-02 s/TS) || Energy: ~6.87e-18 (- 4.14dB)
[@       45s] Timestep:          944 || Speed:  309.1 MC/s (4.192e-02 s/TS) || Energy: ~5.65e-18 (- 4.99dB)
[@       49s] Timestep:         1040 || Speed:  309.9 MC/s (4.182e-02 s/TS) || Energy: ~4.86e-18 (- 5.65dB)
[@       53s] Timestep:         1144 || Speed:  313.2 MC/s (4.138e-02 s/TS) || Energy: ~3.90e-18 (- 6.60dB)
[@       57s] Timestep:         1248 || Speed:  311.1 MC/s (4.166e-02 s/TS) || Energy: ~2.99e-18 (- 7.76dB)
[@     1m02s] Timestep:         1352 || Speed:  311.6 MC/s (4.160e-02 s/TS) || Energy: ~2.47e-18 (- 8.59dB)
[@     1m06s] Timestep:         1448 || Speed:  308.4 MC/s (4.202e-02 s/TS) || Energy: ~2.10e-18 (- 9.29dB)
[@     1m10s] Timestep:         1544 || Speed:  309.6 MC/s (4.186e-02 s/TS) || Energy: ~1.87e-18 (- 9.80dB)
[@     1m14s] Timestep:         1640 || Speed:  310.2 MC/s (4.179e-02 s/TS) || Energy: ~1.52e-18 (-10.69dB)
[@     1m18s] Timestep:         1736 || Speed:  310.0 MC/s (4.180e-02 s/TS) || Energy: ~1.22e-18 (-11.67dB)
[@     1m22s] Timestep:         1832 || Speed:  310.3 MC/s (4.177e-02 s/TS) || Energy: ~9.87e-19 (-12.57dB)
[@     1m26s] Timestep:         1936 || Speed:  313.5 MC/s (4.134e-02 s/TS) || Energy: ~8.60e-19 (-13.17dB)
[@     1m30s] Timestep:         2040 || Speed:  312.1 MC/s (4.153e-02 s/TS) || Energy: ~6.90e-19 (-14.13dB)
[@     1m34s] Timestep:         2136 || Speed:  310.3 MC/s (4.177e-02 s/TS) || Energy: ~6.16e-19 (-14.62dB)
[@     1m39s] Timestep:         2240 || Speed:  312.1 MC/s (4.152e-02 s/TS) || Energy: ~4.98e-19 (-15.54dB)
[@     1m43s] Timestep:         2336 || Speed:  310.7 MC/s (4.171e-02 s/TS) || Energy: ~4.49e-19 (-15.99dB)
[@     1m47s] Timestep:         2432 || Speed:  310.4 MC/s (4.176e-02 s/TS) || Energy: ~4.17e-19 (-16.31dB)
[@     1m51s] Timestep:         2528 || Speed:  305.4 MC/s (4.243e-02 s/TS) || Energy: ~3.90e-19 (-16.61dB)
[@     1m55s] Timestep:         2624 || Speed:  309.5 MC/s (4.188e-02 s/TS) || Energy: ~3.40e-19 (-17.20dB)
[@     1m59s] Timestep:         2728 || Speed:  313.8 MC/s (4.130e-02 s/TS) || Energy: ~2.86e-19 (-17.95dB)
[@     2m03s] Timestep:         2832 || Speed:  313.3 MC/s (4.136e-02 s/TS) || Energy: ~2.52e-19 (-18.50dB)
[@     2m07s] Timestep:         2928 || Speed:  311.0 MC/s (4.167e-02 s/TS) || Energy: ~2.10e-19 (-19.30dB)
[@     2m11s] Timestep:         3024 || Speed:  310.4 MC/s (4.175e-02 s/TS) || Energy: ~1.62e-19 (-20.43dB)
[@     2m15s] Timestep:         3120 || Speed:  310.6 MC/s (4.173e-02 s/TS) || Energy: ~1.39e-19 (-21.10dB)
[@     2m19s] Timestep:         3216 || Speed:  310.1 MC/s (4.180e-02 s/TS) || Energy: ~1.34e-19 (-21.23dB)
[@     2m24s] Timestep:         3312 || Speed:  309.2 MC/s (4.191e-02 s/TS) || Energy: ~1.33e-19 (-21.27dB)
[@     2m28s] Timestep:         3408 || Speed:  310.8 MC/s (4.171e-02 s/TS) || Energy: ~1.24e-19 (-21.58dB)
[@     2m32s] Timestep:         3512 || Speed:  315.4 MC/s (4.109e-02 s/TS) || Energy: ~1.01e-19 (-22.46dB)
[@     2m36s] Timestep:         3616 || Speed:  311.5 MC/s (4.161e-02 s/TS) || Energy: ~9.56e-20 (-22.71dB)
[@     2m40s] Timestep:         3720 || Speed:  311.5 MC/s (4.160e-02 s/TS) || Energy: ~8.25e-20 (-23.35dB)
[@     2m45s] Timestep:         3816 || Speed:  305.3 MC/s (4.245e-02 s/TS) || Energy: ~7.20e-20 (-23.94dB)
[@     2m49s] Timestep:         3912 || Speed:  309.5 MC/s (4.187e-02 s/TS) || Energy: ~5.99e-20 (-24.74dB)
[@     2m53s] Timestep:         4008 || Speed:  310.0 MC/s (4.181e-02 s/TS) || Energy: ~4.97e-20 (-25.55dB)
[@     2m57s] Timestep:         4104 || Speed:  306.7 MC/s (4.225e-02 s/TS) || Energy: ~4.65e-20 (-25.84dB)
[@     3m01s] Timestep:         4208 || Speed:  313.3 MC/s (4.137e-02 s/TS) || Energy: ~4.14e-20 (-26.34dB)
[@     3m05s] Timestep:         4312 || Speed:  313.1 MC/s (4.140e-02 s/TS) || Energy: ~3.63e-20 (-26.92dB)
[@     3m09s] Timestep:         4408 || Speed:  310.8 MC/s (4.170e-02 s/TS) || Energy: ~3.35e-20 (-27.26dB)
[@     3m13s] Timestep:         4504 || Speed:  309.7 MC/s (4.184e-02 s/TS) || Energy: ~3.00e-20 (-27.74dB)
[@     3m17s] Timestep:         4600 || Speed:  306.9 MC/s (4.223e-02 s/TS) || Energy: ~2.84e-20 (-27.98dB)
[@     3m21s] Timestep:         4696 || Speed:  310.1 MC/s (4.179e-02 s/TS) || Energy: ~2.72e-20 (-28.17dB)
[@     3m25s] Timestep:         4792 || Speed:  306.4 MC/s (4.229e-02 s/TS) || Energy: ~2.39e-20 (-28.72dB)
[@     3m29s] Timestep:         4888 || Speed:  310.1 MC/s (4.180e-02 s/TS) || Energy: ~2.00e-20 (-29.51dB)
[@     3m34s] Timestep:         4992 || Speed:  313.7 MC/s (4.131e-02 s/TS) || Energy: ~1.89e-20 (-29.76dB)
[@     3m38s] Timestep:         5088 || Speed:  301.8 MC/s (4.295e-02 s/TS) || Energy: ~1.69e-20 (-30.23dB)
[@     3m42s] Timestep:         5184 || Speed:  307.7 MC/s (4.212e-02 s/TS) || Energy: ~1.42e-20 (-31.00dB)
[@     3m46s] Timestep:         5280 || Speed:  309.2 MC/s (4.191e-02 s/TS) || Energy: ~1.27e-20 (-31.47dB)
[@     3m50s] Timestep:         5376 || Speed:  310.6 MC/s (4.172e-02 s/TS) || Energy: ~1.25e-20 (-31.56dB)
[@     3m54s] Timestep:         5472 || Speed:  303.8 MC/s (4.266e-02 s/TS) || Energy: ~1.18e-20 (-31.79dB)
[@     3m58s] Timestep:         5568 || Speed:  306.8 MC/s (4.224e-02 s/TS) || Energy: ~1.09e-20 (-32.15dB)
[@     4m02s] Timestep:         5664 || Speed:  310.6 MC/s (4.173e-02 s/TS) || Energy: ~9.54e-21 (-32.72dB)
[@     4m06s] Timestep:         5768 || Speed:  311.4 MC/s (4.161e-02 s/TS) || Energy: ~8.83e-21 (-33.05dB)
[@     4m11s] Timestep:         5872 || Speed:  311.8 MC/s (4.157e-02 s/TS) || Energy: ~7.94e-21 (-33.52dB)
[@     4m15s] Timestep:         5968 || Speed:  310.0 MC/s (4.181e-02 s/TS) || Energy: ~6.31e-21 (-34.51dB)
[@     4m19s] Timestep:         6064 || Speed:  307.4 MC/s (4.216e-02 s/TS) || Energy: ~5.52e-21 (-35.09dB)
[@     4m23s] Timestep:         6160 || Speed:  309.3 MC/s (4.190e-02 s/TS) || Energy: ~5.42e-21 (-35.18dB)
[@     4m27s] Timestep:         6256 || Speed:  305.4 MC/s (4.243e-02 s/TS) || Energy: ~5.34e-21 (-35.24dB)
[@     4m31s] Timestep:         6352 || Speed:  309.7 MC/s (4.185e-02 s/TS) || Energy: ~5.03e-21 (-35.50dB)
[@     4m35s] Timestep:         6448 || Speed:  308.5 MC/s (4.201e-02 s/TS) || Energy: ~4.51e-21 (-35.97dB)
[@     4m39s] Timestep:         6552 || Speed:  315.7 MC/s (4.105e-02 s/TS) || Energy: ~4.15e-21 (-36.33dB)
[@     4m43s] Timestep:         6656 || Speed:  312.8 MC/s (4.143e-02 s/TS) || Energy: ~3.87e-21 (-36.63dB)
[@     4m48s] Timestep:         6760 || Speed:  309.2 MC/s (4.192e-02 s/TS) || Energy: ~3.39e-21 (-37.22dB)
[@     4m52s] Timestep:         6856 || Speed:  310.6 MC/s (4.173e-02 s/TS) || Energy: ~2.83e-21 (-37.99dB)
[@     4m56s] Timestep:         6952 || Speed:  307.1 MC/s (4.221e-02 s/TS) || Energy: ~2.44e-21 (-38.64dB)
[@     5m00s] Timestep:         7048 || Speed:  308.5 MC/s (4.201e-02 s/TS) || Energy: ~2.23e-21 (-39.03dB)
[@     5m04s] Timestep:         7144 || Speed:  310.6 MC/s (4.172e-02 s/TS) || Energy: ~2.10e-21 (-39.29dB)
[@     5m08s] Timestep:         7240 || Speed:  310.1 MC/s (4.180e-02 s/TS) || Energy: ~1.99e-21 (-39.53dB)
[@     5m12s] Timestep:         7344 || Speed:  312.3 MC/s (4.149e-02 s/TS) || Energy: ~1.74e-21 (-40.12dB)
[@     5m17s] Timestep:         7448 || Speed:  312.9 MC/s (4.142e-02 s/TS) || Energy: ~1.69e-21 (-40.25dB)
[@     5m21s] Timestep:         7544 || Speed:  311.0 MC/s (4.168e-02 s/TS) || Energy: ~1.65e-21 (-40.34dB)
[@     5m25s] Timestep:         7640 || Speed:  310.5 MC/s (4.174e-02 s/TS) || Energy: ~1.41e-21 (-41.01dB)
[@     5m29s] Timestep:         7736 || Speed:  306.8 MC/s (4.225e-02 s/TS) || Energy: ~1.16e-21 (-41.88dB)
[@     5m33s] Timestep:         7832 || Speed:  308.5 MC/s (4.201e-02 s/TS) || Energy: ~1.05e-21 (-42.31dB)
[@     5m37s] Timestep:         7928 || Speed:  310.0 MC/s (4.181e-02 s/TS) || Energy: ~1.03e-21 (-42.40dB)
[@     5m41s] Timestep:         8024 || Speed:  309.4 MC/s (4.189e-02 s/TS) || Energy: ~9.75e-22 (-42.62dB)
[@     5m45s] Timestep:         8128 || Speed:  314.8 MC/s (4.117e-02 s/TS) || Energy: ~8.15e-22 (-43.40dB)
[@     5m49s] Timestep:         8232 || Speed:  311.6 MC/s (4.160e-02 s/TS) || Energy: ~7.29e-22 (-43.89dB)
[@     5m53s] Timestep:         8328 || Speed:  311.0 MC/s (4.168e-02 s/TS) || Energy: ~7.00e-22 (-44.06dB)
[@     5m57s] Timestep:         8424 || Speed:  306.5 MC/s (4.228e-02 s/TS) || Energy: ~6.67e-22 (-44.27dB)
[@     6m02s] Timestep:         8528 || Speed:  311.2 MC/s (4.165e-02 s/TS) || Energy: ~5.99e-22 (-44.74dB)
[@     6m06s] Timestep:         8624 || Speed:  310.4 MC/s (4.176e-02 s/TS) || Energy: ~5.45e-22 (-45.15dB)
[@     6m10s] Timestep:         8720 || Speed:  305.0 MC/s (4.249e-02 s/TS) || Energy: ~5.05e-22 (-45.48dB)
[@     6m14s] Timestep:         8816 || Speed:  310.8 MC/s (4.170e-02 s/TS) || Energy: ~4.71e-22 (-45.78dB)
[@     6m18s] Timestep:         8920 || Speed:  313.2 MC/s (4.138e-02 s/TS) || Energy: ~4.42e-22 (-46.06dB)
[@     6m22s] Timestep:         9024 || Speed:  312.2 MC/s (4.151e-02 s/TS) || Energy: ~4.11e-22 (-46.38dB)
[@     6m26s] Timestep:         9120 || Speed:  306.7 MC/s (4.226e-02 s/TS) || Energy: ~3.61e-22 (-46.94dB)
[@     6m30s] Timestep:         9216 || Speed:  310.6 MC/s (4.173e-02 s/TS) || Energy: ~3.11e-22 (-47.59dB)
[@     6m35s] Timestep:         9312 || Speed:  305.9 MC/s (4.236e-02 s/TS) || Energy: ~2.72e-22 (-48.17dB)
[@     6m39s] Timestep:         9408 || Speed:  309.2 MC/s (4.192e-02 s/TS) || Energy: ~2.51e-22 (-48.52dB)
[@     6m43s] Timestep:         9504 || Speed:  307.8 MC/s (4.210e-02 s/TS) || Energy: ~2.56e-22 (-48.42dB)
[@     6m47s] Timestep:         9608 || Speed:  314.1 MC/s (4.126e-02 s/TS) || Energy: ~2.45e-22 (-48.63dB)
[@     6m51s] Timestep:         9712 || Speed:  310.6 MC/s (4.172e-02 s/TS) || Energy: ~2.11e-22 (-49.27dB)
[@     6m55s] Timestep:         9808 || Speed:  310.9 MC/s (4.169e-02 s/TS) || Energy: ~2.06e-22 (-49.36dB)
[@     6m59s] Timestep:         9904 || Speed:  309.4 MC/s (4.188e-02 s/TS) || Energy: ~1.99e-22 (-49.52dB)
[@     7m03s] Timestep:        10000 || Speed:  305.7 MC/s (4.239e-02 s/TS) || Energy: ~1.78e-22 (-50.01dB)
Time for 10000 iterations with 12960304.00 cells : 423.82 sec
Speed: 305.80 MCells/s 
    [excite port 16/40]
 ---------------------------------------------------------------------- 
 | openEMS 64bit -- version v0.37.0-rc1-2-g7b051bb
 | (C) 2010-2026 Thorsten Liebig <thorsten.liebig@gmx.de>  GPL license
 ---------------------------------------------------------------------- 
	Used external libraries:
		CSXCAD -- Version: v0.7.0-rc1-1-g5115701
		hdf5   -- Version: 1.10.10
		          compiled against: HDF5 library version: 1.10.10
		tinyxml -- compiled against: 2.6.2
		fparser
		boost  -- compiled against: 1_83
		vtk -- Version: 9.1.0
		       compiled against: 9.1.0

Create FDTD operator (compressed SSE + multi-threading)
FDTD simulation size: 244x196x271 --> 12960304.00 FDTD cells 
FDTD timestep is: 0.00 s; Nyquist rate: 34 timesteps @101891945817.00 Hz
Excitation signal length is: 398 timesteps (0.00s)
Max. number of timesteps: 60000 ( --> 150.75 * Excitation signal length)
Create FDTD engine (compressed SSE + multi-threading)
Running FDTD engine... this may take a while... grab a cup of coffee?!?
[@        4s] Timestep:           40 || Speed:  121.2 MC/s (1.070e-01 s/TS) || Energy: ~5.03e-24 (- 0.00dB)
[@        8s] Timestep:          104 || Speed:  201.7 MC/s (6.425e-02 s/TS) || Energy: ~1.08e-20 (- 0.00dB)
[@       12s] Timestep:          184 || Speed:  243.1 MC/s (5.332e-02 s/TS) || Energy: ~4.26e-18 (- 0.00dB)
[@       16s] Timestep:          272 || Speed:  277.2 MC/s (4.675e-02 s/TS) || Energy: ~1.80e-17 (- 0.00dB)
[@       20s] Timestep:          368 || Speed:  295.9 MC/s (4.380e-02 s/TS) || Energy: ~1.67e-17 (- 0.31dB)
[@       25s] Timestep:          464 || Speed:  308.2 MC/s (4.206e-02 s/TS) || Energy: ~1.39e-17 (- 1.10dB)
[@       29s] Timestep:          560 || Speed:  310.8 MC/s (4.170e-02 s/TS) || Energy: ~1.28e-17 (- 1.46dB)
[@       33s] Timestep:          656 || Speed:  309.8 MC/s (4.184e-02 s/TS) || Energy: ~1.16e-17 (- 1.89dB)
Multithreaded Engine: Best performance found using 7 threads.
[@       37s] Timestep:          760 || Speed:  311.8 MC/s (4.156e-02 s/TS) || Energy: ~8.35e-18 (- 3.33dB)
[@       41s] Timestep:          864 || Speed:  312.5 MC/s (4.147e-02 s/TS) || Energy: ~6.79e-18 (- 4.22dB)
[@       45s] Timestep:          968 || Speed:  313.4 MC/s (4.136e-02 s/TS) || Energy: ~5.74e-18 (- 4.96dB)
[@       50s] Timestep:         1072 || Speed:  314.0 MC/s (4.128e-02 s/TS) || Energy: ~4.57e-18 (- 5.95dB)
[@       54s] Timestep:         1176 || Speed:  313.3 MC/s (4.136e-02 s/TS) || Energy: ~3.69e-18 (- 6.87dB)
[@       58s] Timestep:         1280 || Speed:  309.7 MC/s (4.184e-02 s/TS) || Energy: ~2.97e-18 (- 7.81dB)
[@     1m03s] Timestep:         1384 || Speed:  311.1 MC/s (4.166e-02 s/TS) || Energy: ~2.34e-18 (- 8.85dB)
[@     1m07s] Timestep:         1488 || Speed:  312.9 MC/s (4.141e-02 s/TS) || Energy: ~1.95e-18 (- 9.64dB)
[@     1m11s] Timestep:         1592 || Speed:  312.6 MC/s (4.147e-02 s/TS) || Energy: ~1.59e-18 (-10.52dB)
[@     1m15s] Timestep:         1688 || Speed:  308.9 MC/s (4.196e-02 s/TS) || Energy: ~1.25e-18 (-11.59dB)
[@     1m19s] Timestep:         1784 || Speed:  310.1 MC/s (4.180e-02 s/TS) || Energy: ~1.12e-18 (-12.04dB)
[@     1m24s] Timestep:         1888 || Speed:  313.8 MC/s (4.130e-02 s/TS) || Energy: ~9.84e-19 (-12.61dB)
[@     1m28s] Timestep:         1992 || Speed:  312.5 MC/s (4.147e-02 s/TS) || Energy: ~8.07e-19 (-13.47dB)
[@     1m32s] Timestep:         2096 || Speed:  312.7 MC/s (4.144e-02 s/TS) || Energy: ~7.11e-19 (-14.02dB)
[@     1m37s] Timestep:         2200 || Speed:  311.9 MC/s (4.156e-02 s/TS) || Energy: ~6.13e-19 (-14.67dB)
[@     1m41s] Timestep:         2296 || Speed:  311.0 MC/s (4.167e-02 s/TS) || Energy: ~5.84e-19 (-14.88dB)
[@     1m45s] Timestep:         2400 || Speed:  311.9 MC/s (4.155e-02 s/TS) || Energy: ~5.04e-19 (-15.52dB)
[@     1m49s] Timestep:         2504 || Speed:  314.2 MC/s (4.124e-02 s/TS) || Energy: ~4.43e-19 (-16.08dB)
[@     1m54s] Timestep:         2608 || Speed:  314.1 MC/s (4.126e-02 s/TS) || Energy: ~3.75e-19 (-16.80dB)
[@     1m58s] Timestep:         2712 || Speed:  314.3 MC/s (4.124e-02 s/TS) || Energy: ~3.41e-19 (-17.22dB)
[@     2m02s] Timestep:         2816 || Speed:  313.4 MC/s (4.135e-02 s/TS) || Energy: ~3.00e-19 (-17.77dB)
[@     2m06s] Timestep:         2920 || Speed:  313.0 MC/s (4.141e-02 s/TS) || Energy: ~2.61e-19 (-18.38dB)
[@     2m11s] Timestep:         3024 || Speed:  312.3 MC/s (4.150e-02 s/TS) || Energy: ~2.34e-19 (-18.85dB)
[@     2m15s] Timestep:         3128 || Speed:  311.3 MC/s (4.163e-02 s/TS) || Energy: ~2.01e-19 (-19.52dB)
[@     2m19s] Timestep:         3224 || Speed:  308.4 MC/s (4.203e-02 s/TS) || Energy: ~1.79e-19 (-20.01dB)
[@     2m23s] Timestep:         3328 || Speed:  311.5 MC/s (4.161e-02 s/TS) || Energy: ~1.62e-19 (-20.46dB)
[@     2m28s] Timestep:         3424 || Speed:  306.7 MC/s (4.225e-02 s/TS) || Energy: ~1.36e-19 (-21.20dB)
[@     2m32s] Timestep:         3528 || Speed:  312.0 MC/s (4.154e-02 s/TS) || Energy: ~1.16e-19 (-21.90dB)
[@     2m36s] Timestep:         3632 || Speed:  313.4 MC/s (4.135e-02 s/TS) || Energy: ~1.05e-19 (-22.34dB)
[@     2m40s] Timestep:         3736 || Speed:  311.7 MC/s (4.157e-02 s/TS) || Energy: ~9.34e-20 (-22.84dB)
[@     2m45s] Timestep:         3840 || Speed:  311.7 MC/s (4.158e-02 s/TS) || Energy: ~8.30e-20 (-23.35dB)
[@     2m49s] Timestep:         3944 || Speed:  312.3 MC/s (4.150e-02 s/TS) || Energy: ~7.38e-20 (-23.86dB)
[@     2m53s] Timestep:         4040 || Speed:  308.2 MC/s (4.206e-02 s/TS) || Energy: ~6.43e-20 (-24.46dB)
[@     2m57s] Timestep:         4144 || Speed:  313.8 MC/s (4.131e-02 s/TS) || Energy: ~5.41e-20 (-25.21dB)
[@     3m02s] Timestep:         4248 || Speed:  314.0 MC/s (4.128e-02 s/TS) || Energy: ~5.08e-20 (-25.49dB)
[@     3m06s] Timestep:         4344 || Speed:  310.7 MC/s (4.172e-02 s/TS) || Energy: ~4.80e-20 (-25.73dB)
[@     3m10s] Timestep:         4448 || Speed:  312.0 MC/s (4.155e-02 s/TS) || Energy: ~4.14e-20 (-26.37dB)
[@     3m14s] Timestep:         4552 || Speed:  313.2 MC/s (4.138e-02 s/TS) || Energy: ~3.85e-20 (-26.68dB)
[@     3m19s] Timestep:         4656 || Speed:  311.9 MC/s (4.156e-02 s/TS) || Energy: ~3.27e-20 (-27.40dB)
[@     3m23s] Timestep:         4752 || Speed:  310.8 MC/s (4.170e-02 s/TS) || Energy: ~3.10e-20 (-27.62dB)
[@     3m27s] Timestep:         4856 || Speed:  313.7 MC/s (4.132e-02 s/TS) || Energy: ~2.99e-20 (-27.79dB)
[@     3m31s] Timestep:         4960 || Speed:  315.4 MC/s (4.109e-02 s/TS) || Energy: ~2.65e-20 (-28.31dB)
[@     3m36s] Timestep:         5064 || Speed:  313.7 MC/s (4.132e-02 s/TS) || Energy: ~2.30e-20 (-28.93dB)
[@     3m40s] Timestep:         5168 || Speed:  312.7 MC/s (4.145e-02 s/TS) || Energy: ~2.06e-20 (-29.40dB)
[@     3m44s] Timestep:         5264 || Speed:  308.0 MC/s (4.208e-02 s/TS) || Energy: ~1.83e-20 (-29.91dB)
[@     3m48s] Timestep:         5368 || Speed:  312.3 MC/s (4.150e-02 s/TS) || Energy: ~1.75e-20 (-30.11dB)
[@     3m52s] Timestep:         5464 || Speed:  309.0 MC/s (4.194e-02 s/TS) || Energy: ~1.59e-20 (-30.53dB)
[@     3m57s] Timestep:         5568 || Speed:  311.4 MC/s (4.162e-02 s/TS) || Energy: ~1.33e-20 (-31.30dB)
[@     4m01s] Timestep:         5672 || Speed:  317.0 MC/s (4.089e-02 s/TS) || Energy: ~1.20e-20 (-31.73dB)
[@     4m05s] Timestep:         5776 || Speed:  314.9 MC/s (4.115e-02 s/TS) || Energy: ~1.08e-20 (-32.20dB)
[@     4m09s] Timestep:         5880 || Speed:  313.4 MC/s (4.135e-02 s/TS) || Energy: ~1.01e-20 (-32.50dB)
[@     4m14s] Timestep:         5984 || Speed:  312.0 MC/s (4.153e-02 s/TS) || Energy: ~8.70e-21 (-33.15dB)
[@     4m18s] Timestep:         6088 || Speed:  312.2 MC/s (4.152e-02 s/TS) || Energy: ~7.68e-21 (-33.69dB)
[@     4m22s] Timestep:         6184 || Speed:  309.6 MC/s (4.186e-02 s/TS) || Energy: ~7.39e-21 (-33.86dB)
[@     4m26s] Timestep:         6288 || Speed:  311.6 MC/s (4.160e-02 s/TS) || Energy: ~6.51e-21 (-34.41dB)
[@     4m31s] Timestep:         6392 || Speed:  315.0 MC/s (4.114e-02 s/TS) || Energy: ~5.80e-21 (-34.91dB)
[@     4m35s] Timestep:         6496 || Speed:  314.9 MC/s (4.115e-02 s/TS) || Energy: ~5.40e-21 (-35.22dB)
[@     4m39s] Timestep:         6592 || Speed:  310.0 MC/s (4.181e-02 s/TS) || Energy: ~5.29e-21 (-35.31dB)
[@     4m43s] Timestep:         6688 || Speed:  308.1 MC/s (4.206e-02 s/TS) || Energy: ~5.07e-21 (-35.50dB)
[@     4m47s] Timestep:         6784 || Speed:  310.4 MC/s (4.175e-02 s/TS) || Energy: ~4.53e-21 (-35.98dB)
[@     4m51s] Timestep:         6888 || Speed:  310.6 MC/s (4.173e-02 s/TS) || Energy: ~4.32e-21 (-36.19dB)
[@     4m56s] Timestep:         6992 || Speed:  311.1 MC/s (4.166e-02 s/TS) || Energy: ~3.92e-21 (-36.61dB)
[@     5m00s] Timestep:         7096 || Speed:  312.2 MC/s (4.152e-02 s/TS) || Energy: ~3.46e-21 (-37.15dB)
[@     5m04s] Timestep:         7200 || Speed:  312.0 MC/s (4.154e-02 s/TS) || Energy: ~3.31e-21 (-37.35dB)
[@     5m09s] Timestep:         7304 || Speed:  312.5 MC/s (4.148e-02 s/TS) || Energy: ~3.00e-21 (-37.78dB)
[@     5m13s] Timestep:         7408 || Speed:  313.2 MC/s (4.138e-02 s/TS) || Energy: ~2.73e-21 (-38.18dB)
[@     5m17s] Timestep:         7512 || Speed:  313.6 MC/s (4.133e-02 s/TS) || Energy: ~2.56e-21 (-38.46dB)
[@     5m21s] Timestep:         7608 || Speed:  309.5 MC/s (4.188e-02 s/TS) || Energy: ~1.98e-21 (-39.59dB)
[@     5m25s] Timestep:         7704 || Speed:  309.0 MC/s (4.195e-02 s/TS) || Energy: ~1.52e-21 (-40.72dB)
[@     5m30s] Timestep:         7808 || Speed:  311.6 MC/s (4.159e-02 s/TS) || Energy: ~1.49e-21 (-40.80dB)
[@     5m34s] Timestep:         7912 || Speed:  311.7 MC/s (4.158e-02 s/TS) || Energy: ~1.31e-21 (-41.37dB)
[@     5m38s] Timestep:         8016 || Speed:  316.8 MC/s (4.091e-02 s/TS) || Energy: ~1.17e-21 (-41.85dB)
[@     5m42s] Timestep:         8120 || Speed:  314.3 MC/s (4.124e-02 s/TS) || Energy: ~1.09e-21 (-42.15dB)
[@     5m47s] Timestep:         8224 || Speed:  313.9 MC/s (4.128e-02 s/TS) || Energy: ~9.78e-22 (-42.64dB)
[@     5m51s] Timestep:         8328 || Speed:  313.3 MC/s (4.137e-02 s/TS) || Energy: ~9.27e-22 (-42.87dB)
[@     5m55s] Timestep:         8424 || Speed:  309.8 MC/s (4.184e-02 s/TS) || Energy: ~7.87e-22 (-43.58dB)
[@     5m59s] Timestep:         8528 || Speed:  312.3 MC/s (4.150e-02 s/TS) || Energy: ~6.90e-22 (-44.15dB)
[@     6m04s] Timestep:         8632 || Speed:  312.8 MC/s (4.143e-02 s/TS) || Energy: ~6.34e-22 (-44.53dB)
[@     6m08s] Timestep:         8736 || Speed:  314.4 MC/s (4.122e-02 s/TS) || Energy: ~5.84e-22 (-44.88dB)
[@     6m12s] Timestep:         8840 || Speed:  316.0 MC/s (4.101e-02 s/TS) || Energy: ~5.38e-22 (-45.23dB)
[@     6m17s] Timestep:         8944 || Speed:  310.6 MC/s (4.172e-02 s/TS) || Energy: ~5.02e-22 (-45.53dB)
[@     6m21s] Timestep:         9040 || Speed:  310.2 MC/s (4.178e-02 s/TS) || Energy: ~4.98e-22 (-45.57dB)
[@     6m25s] Timestep:         9136 || Speed:  309.7 MC/s (4.184e-02 s/TS) || Energy: ~5.53e-22 (-45.11dB)
[@     6m29s] Timestep:         9240 || Speed:  312.2 MC/s (4.152e-02 s/TS) || Energy: ~5.10e-22 (-45.47dB)
[@     6m33s] Timestep:         9344 || Speed:  312.9 MC/s (4.143e-02 s/TS) || Energy: ~4.68e-22 (-45.84dB)
[@     6m37s] Timestep:         9440 || Speed:  308.6 MC/s (4.200e-02 s/TS) || Energy: ~4.96e-22 (-45.59dB)
[@     6m41s] Timestep:         9536 || Speed:  302.0 MC/s (4.292e-02 s/TS) || Energy: ~4.55e-22 (-45.96dB)
[@     6m46s] Timestep:         9640 || Speed:  312.8 MC/s (4.144e-02 s/TS) || Energy: ~4.22e-22 (-46.29dB)
[@     6m50s] Timestep:         9736 || Speed:  310.7 MC/s (4.171e-02 s/TS) || Energy: ~3.48e-22 (-47.13dB)
[@     6m54s] Timestep:         9832 || Speed:  304.9 MC/s (4.250e-02 s/TS) || Energy: ~2.64e-22 (-48.33dB)
[@     6m58s] Timestep:         9928 || Speed:  306.5 MC/s (4.229e-02 s/TS) || Energy: ~2.16e-22 (-49.20dB)
[@     7m02s] Timestep:        10024 || Speed:  307.8 MC/s (4.211e-02 s/TS) || Energy: ~2.25e-22 (-49.01dB)
[@     7m06s] Timestep:        10120 || Speed:  308.9 MC/s (4.196e-02 s/TS) || Energy: ~2.54e-22 (-48.49dB)
[@     7m10s] Timestep:        10224 || Speed:  312.1 MC/s (4.152e-02 s/TS) || Energy: ~2.29e-22 (-48.95dB)
[@     7m14s] Timestep:        10328 || Speed:  317.0 MC/s (4.088e-02 s/TS) || Energy: ~2.06e-22 (-49.40dB)
[@     7m19s] Timestep:        10432 || Speed:  314.4 MC/s (4.122e-02 s/TS) || Energy: ~1.90e-22 (-49.76dB)
[@     7m23s] Timestep:        10528 || Speed:  310.7 MC/s (4.171e-02 s/TS) || Energy: ~2.00e-22 (-49.53dB)
[@     7m27s] Timestep:        10632 || Speed:  313.3 MC/s (4.137e-02 s/TS) || Energy: ~1.86e-22 (-49.85dB)
[@     7m31s] Timestep:        10728 || Speed:  309.1 MC/s (4.193e-02 s/TS) || Energy: ~1.73e-22 (-50.17dB)
Time for 10728 iterations with 12960304.00 cells : 451.63 sec
Speed: 307.86 MCells/s 
    [excite port 17/40]
 ---------------------------------------------------------------------- 
 | openEMS 64bit -- version v0.37.0-rc1-2-g7b051bb
 | (C) 2010-2026 Thorsten Liebig <thorsten.liebig@gmx.de>  GPL license
 ---------------------------------------------------------------------- 
	Used external libraries:
		CSXCAD -- Version: v0.7.0-rc1-1-g5115701
		hdf5   -- Version: 1.10.10
		          compiled against: HDF5 library version: 1.10.10
		tinyxml -- compiled against: 2.6.2
		fparser
		boost  -- compiled against: 1_83
		vtk -- Version: 9.1.0
		       compiled against: 9.1.0

Create FDTD operator (compressed SSE + multi-threading)
FDTD simulation size: 244x196x271 --> 12960304.00 FDTD cells 
FDTD timestep is: 0.00 s; Nyquist rate: 34 timesteps @101891945817.00 Hz
Excitation signal length is: 398 timesteps (0.00s)
Max. number of timesteps: 60000 ( --> 150.75 * Excitation signal length)
Create FDTD engine (compressed SSE + multi-threading)
Running FDTD engine... this may take a while... grab a cup of coffee?!?
[@        4s] Timestep:           40 || Speed:  121.3 MC/s (1.068e-01 s/TS) || Energy: ~5.03e-24 (- 0.00dB)
[@        8s] Timestep:          104 || Speed:  202.8 MC/s (6.392e-02 s/TS) || Energy: ~1.08e-20 (- 0.00dB)
[@       12s] Timestep:          184 || Speed:  243.0 MC/s (5.334e-02 s/TS) || Energy: ~4.27e-18 (- 0.00dB)
[@       16s] Timestep:          272 || Speed:  264.3 MC/s (4.903e-02 s/TS) || Energy: ~1.79e-17 (- 0.00dB)
[@       21s] Timestep:          368 || Speed:  298.5 MC/s (4.342e-02 s/TS) || Energy: ~1.67e-17 (- 0.32dB)
[@       25s] Timestep:          464 || Speed:  310.2 MC/s (4.178e-02 s/TS) || Energy: ~1.41e-17 (- 1.05dB)
[@       29s] Timestep:          568 || Speed:  315.2 MC/s (4.111e-02 s/TS) || Energy: ~1.24e-17 (- 1.60dB)
[@       33s] Timestep:          664 || Speed:  308.7 MC/s (4.198e-02 s/TS) || Energy: ~1.10e-17 (- 2.10dB)
Multithreaded Engine: Best performance found using 7 threads.
[@       37s] Timestep:          760 || Speed:  307.9 MC/s (4.210e-02 s/TS) || Energy: ~8.27e-18 (- 3.35dB)
[@       41s] Timestep:          864 || Speed:  311.6 MC/s (4.159e-02 s/TS) || Energy: ~7.07e-18 (- 4.04dB)
[@       46s] Timestep:          968 || Speed:  312.8 MC/s (4.143e-02 s/TS) || Energy: ~5.86e-18 (- 4.85dB)
[@       50s] Timestep:         1072 || Speed:  316.5 MC/s (4.095e-02 s/TS) || Energy: ~4.77e-18 (- 5.74dB)
[@       54s] Timestep:         1176 || Speed:  318.6 MC/s (4.068e-02 s/TS) || Energy: ~3.83e-18 (- 6.70dB)
[@       58s] Timestep:         1280 || Speed:  313.1 MC/s (4.140e-02 s/TS) || Energy: ~3.06e-18 (- 7.67dB)
[@     1m03s] Timestep:         1384 || Speed:  314.0 MC/s (4.128e-02 s/TS) || Energy: ~2.44e-18 (- 8.66dB)
[@     1m07s] Timestep:         1488 || Speed:  315.0 MC/s (4.114e-02 s/TS) || Energy: ~2.03e-18 (- 9.46dB)
[@     1m11s] Timestep:         1592 || Speed:  315.4 MC/s (4.109e-02 s/TS) || Energy: ~1.69e-18 (-10.26dB)
[@     1m16s] Timestep:         1696 || Speed:  314.5 MC/s (4.122e-02 s/TS) || Energy: ~1.41e-18 (-11.05dB)
[@     1m20s] Timestep:         1800 || Speed:  314.6 MC/s (4.120e-02 s/TS) || Energy: ~1.17e-18 (-11.85dB)
[@     1m24s] Timestep:         1904 || Speed:  315.5 MC/s (4.107e-02 s/TS) || Energy: ~9.79e-19 (-12.62dB)
[@     1m28s] Timestep:         2008 || Speed:  315.1 MC/s (4.113e-02 s/TS) || Energy: ~8.16e-19 (-13.41dB)
[@     1m32s] Timestep:         2104 || Speed:  306.3 MC/s (4.232e-02 s/TS) || Energy: ~6.73e-19 (-14.25dB)
[@     1m37s] Timestep:         2200 || Speed:  302.6 MC/s (4.284e-02 s/TS) || Energy: ~5.28e-19 (-15.31dB)
[@     1m41s] Timestep:         2296 || Speed:  308.7 MC/s (4.199e-02 s/TS) || Energy: ~4.78e-19 (-15.74dB)
[@     1m45s] Timestep:         2392 || Speed:  310.9 MC/s (4.169e-02 s/TS) || Energy: ~4.31e-19 (-16.18dB)
[@     1m49s] Timestep:         2496 || Speed:  311.3 MC/s (4.164e-02 s/TS) || Energy: ~3.53e-19 (-17.05dB)
[@     1m53s] Timestep:         2600 || Speed:  313.4 MC/s (4.135e-02 s/TS) || Energy: ~3.13e-19 (-17.57dB)
[@     1m58s] Timestep:         2704 || Speed:  313.9 MC/s (4.128e-02 s/TS) || Energy: ~2.73e-19 (-18.17dB)
[@     2m02s] Timestep:         2808 || Speed:  313.7 MC/s (4.131e-02 s/TS) || Energy: ~2.38e-19 (-18.77dB)
[@     2m06s] Timestep:         2912 || Speed:  311.8 MC/s (4.156e-02 s/TS) || Energy: ~2.01e-19 (-19.50dB)
[@     2m10s] Timestep:         3016 || Speed:  311.5 MC/s (4.160e-02 s/TS) || Energy: ~1.82e-19 (-19.93dB)
[@     2m15s] Timestep:         3120 || Speed:  315.2 MC/s (4.112e-02 s/TS) || Energy: ~1.59e-19 (-20.53dB)
[@     2m19s] Timestep:         3224 || Speed:  312.8 MC/s (4.143e-02 s/TS) || Energy: ~1.36e-19 (-21.19dB)
[@     2m23s] Timestep:         3320 || Speed:  310.0 MC/s (4.181e-02 s/TS) || Energy: ~1.25e-19 (-21.56dB)
[@     2m27s] Timestep:         3424 || Speed:  313.2 MC/s (4.138e-02 s/TS) || Energy: ~1.12e-19 (-22.03dB)
[@     2m32s] Timestep:         3528 || Speed:  315.1 MC/s (4.113e-02 s/TS) || Energy: ~9.70e-20 (-22.67dB)
[@     2m36s] Timestep:         3632 || Speed:  315.1 MC/s (4.113e-02 s/TS) || Energy: ~8.47e-20 (-23.25dB)
[@     2m40s] Timestep:         3736 || Speed:  314.1 MC/s (4.126e-02 s/TS) || Energy: ~7.64e-20 (-23.70dB)
[@     2m44s] Timestep:         3840 || Speed:  315.0 MC/s (4.115e-02 s/TS) || Energy: ~6.46e-20 (-24.43dB)
[@     2m49s] Timestep:         3944 || Speed:  314.5 MC/s (4.121e-02 s/TS) || Energy: ~5.79e-20 (-24.91dB)
[@     2m53s] Timestep:         4040 || Speed:  305.3 MC/s (4.244e-02 s/TS) || Energy: ~5.08e-20 (-25.47dB)
[@     2m57s] Timestep:         4136 || Speed:  309.6 MC/s (4.186e-02 s/TS) || Energy: ~4.68e-20 (-25.83dB)
[@     3m01s] Timestep:         4240 || Speed:  313.2 MC/s (4.138e-02 s/TS) || Energy: ~4.09e-20 (-26.41dB)
[@     3m05s] Timestep:         4344 || Speed:  315.2 MC/s (4.112e-02 s/TS) || Energy: ~3.43e-20 (-27.17dB)
[@     3m10s] Timestep:         4448 || Speed:  313.6 MC/s (4.133e-02 s/TS) || Energy: ~3.23e-20 (-27.44dB)
[@     3m14s] Timestep:         4552 || Speed:  314.8 MC/s (4.117e-02 s/TS) || Energy: ~2.95e-20 (-27.84dB)
[@     3m18s] Timestep:         4648 || Speed:  304.0 MC/s (4.263e-02 s/TS) || Energy: ~2.58e-20 (-28.42dB)
[@     3m22s] Timestep:         4744 || Speed:  309.6 MC/s (4.187e-02 s/TS) || Energy: ~2.29e-20 (-28.93dB)
[@     3m26s] Timestep:         4840 || Speed:  310.4 MC/s (4.175e-02 s/TS) || Energy: ~2.18e-20 (-29.14dB)
[@     3m30s] Timestep:         4944 || Speed:  312.8 MC/s (4.144e-02 s/TS) || Energy: ~2.00e-20 (-29.52dB)
[@     3m35s] Timestep:         5048 || Speed:  315.2 MC/s (4.111e-02 s/TS) || Energy: ~1.65e-20 (-30.35dB)
[@     3m39s] Timestep:         5152 || Speed:  314.6 MC/s (4.120e-02 s/TS) || Energy: ~1.56e-20 (-30.61dB)
[@     3m43s] Timestep:         5256 || Speed:  315.2 MC/s (4.112e-02 s/TS) || Energy: ~1.45e-20 (-30.92dB)
[@     3m48s] Timestep:         5360 || Speed:  312.1 MC/s (4.153e-02 s/TS) || Energy: ~1.22e-20 (-31.66dB)
[@     3m52s] Timestep:         5464 || Speed:  311.9 MC/s (4.155e-02 s/TS) || Energy: ~1.14e-20 (-31.94dB)
[@     3m56s] Timestep:         5568 || Speed:  313.1 MC/s (4.139e-02 s/TS) || Energy: ~1.05e-20 (-32.33dB)
[@     4m01s] Timestep:         5672 || Speed:  311.9 MC/s (4.155e-02 s/TS) || Energy: ~9.28e-21 (-32.86dB)
[@     4m05s] Timestep:         5776 || Speed:  312.1 MC/s (4.152e-02 s/TS) || Energy: ~8.19e-21 (-33.40dB)
[@     4m09s] Timestep:         5880 || Speed:  316.3 MC/s (4.097e-02 s/TS) || Energy: ~7.70e-21 (-33.67dB)
[@     4m13s] Timestep:         5984 || Speed:  316.0 MC/s (4.102e-02 s/TS) || Energy: ~7.10e-21 (-34.02dB)
[@     4m18s] Timestep:         6088 || Speed:  312.8 MC/s (4.144e-02 s/TS) || Energy: ~6.17e-21 (-34.63dB)
[@     4m22s] Timestep:         6192 || Speed:  315.2 MC/s (4.111e-02 s/TS) || Energy: ~5.31e-21 (-35.28dB)
[@     4m26s] Timestep:         6296 || Speed:  313.3 MC/s (4.137e-02 s/TS) || Energy: ~5.35e-21 (-35.25dB)
[@     4m31s] Timestep:         6400 || Speed:  313.5 MC/s (4.134e-02 s/TS) || Energy: ~4.76e-21 (-35.75dB)
[@     4m35s] Timestep:         6504 || Speed:  313.9 MC/s (4.129e-02 s/TS) || Energy: ~3.80e-21 (-36.73dB)
[@     4m39s] Timestep:         6608 || Speed:  317.6 MC/s (4.080e-02 s/TS) || Energy: ~3.96e-21 (-36.55dB)
[@     4m43s] Timestep:         6712 || Speed:  316.1 MC/s (4.099e-02 s/TS) || Energy: ~3.51e-21 (-37.08dB)
[@     4m48s] Timestep:         6816 || Speed:  316.1 MC/s (4.100e-02 s/TS) || Energy: ~2.91e-21 (-37.89dB)
[@     4m52s] Timestep:         6920 || Speed:  314.6 MC/s (4.120e-02 s/TS) || Energy: ~2.88e-21 (-37.94dB)
[@     4m56s] Timestep:         7024 || Speed:  315.3 MC/s (4.110e-02 s/TS) || Energy: ~2.57e-21 (-38.43dB)
[@     5m01s] Timestep:         7128 || Speed:  312.9 MC/s (4.142e-02 s/TS) || Energy: ~2.29e-21 (-38.94dB)
[@     5m05s] Timestep:         7232 || Speed:  312.8 MC/s (4.143e-02 s/TS) || Energy: ~2.07e-21 (-39.36dB)
[@     5m09s] Timestep:         7336 || Speed:  314.8 MC/s (4.117e-02 s/TS) || Energy: ~1.92e-21 (-39.71dB)
[@     5m13s] Timestep:         7440 || Speed:  318.7 MC/s (4.067e-02 s/TS) || Energy: ~1.70e-21 (-40.22dB)
[@     5m18s] Timestep:         7544 || Speed:  314.0 MC/s (4.128e-02 s/TS) || Energy: ~1.56e-21 (-40.60dB)
[@     5m22s] Timestep:         7648 || Speed:  313.7 MC/s (4.131e-02 s/TS) || Energy: ~1.45e-21 (-40.92dB)
[@     5m26s] Timestep:         7752 || Speed:  315.9 MC/s (4.103e-02 s/TS) || Energy: ~1.27e-21 (-41.51dB)
[@     5m30s] Timestep:         7856 || Speed:  312.3 MC/s (4.151e-02 s/TS) || Energy: ~1.17e-21 (-41.86dB)
[@     5m35s] Timestep:         7960 || Speed:  313.2 MC/s (4.139e-02 s/TS) || Energy: ~1.08e-21 (-42.22dB)
[@     5m39s] Timestep:         8064 || Speed:  315.3 MC/s (4.111e-02 s/TS) || Energy: ~9.59e-22 (-42.71dB)
[@     5m43s] Timestep:         8168 || Speed:  318.4 MC/s (4.070e-02 s/TS) || Energy: ~8.92e-22 (-43.03dB)
[@     5m48s] Timestep:         8272 || Speed:  313.1 MC/s (4.140e-02 s/TS) || Energy: ~7.96e-22 (-43.52dB)
[@     5m52s] Timestep:         8376 || Speed:  314.9 MC/s (4.116e-02 s/TS) || Energy: ~6.93e-22 (-44.12dB)
[@     5m56s] Timestep:         8480 || Speed:  315.5 MC/s (4.107e-02 s/TS) || Energy: ~6.89e-22 (-44.15dB)
[@     6m00s] Timestep:         8584 || Speed:  314.7 MC/s (4.119e-02 s/TS) || Energy: ~6.04e-22 (-44.72dB)
[@     6m05s] Timestep:         8688 || Speed:  314.9 MC/s (4.116e-02 s/TS) || Energy: ~5.02e-22 (-45.53dB)
[@     6m09s] Timestep:         8792 || Speed:  313.4 MC/s (4.136e-02 s/TS) || Energy: ~5.23e-22 (-45.35dB)
[@     6m13s] Timestep:         8896 || Speed:  316.7 MC/s (4.092e-02 s/TS) || Energy: ~4.58e-22 (-45.92dB)
[@     6m18s] Timestep:         9000 || Speed:  318.1 MC/s (4.074e-02 s/TS) || Energy: ~3.81e-22 (-46.72dB)
[@     6m22s] Timestep:         9104 || Speed:  315.6 MC/s (4.107e-02 s/TS) || Energy: ~3.90e-22 (-46.62dB)
[@     6m26s] Timestep:         9208 || Speed:  315.6 MC/s (4.107e-02 s/TS) || Energy: ~3.49e-22 (-47.11dB)
[@     6m30s] Timestep:         9312 || Speed:  313.3 MC/s (4.136e-02 s/TS) || Energy: ~2.99e-22 (-47.78dB)
[@     6m34s] Timestep:         9408 || Speed:  309.0 MC/s (4.195e-02 s/TS) || Energy: ~2.95e-22 (-47.84dB)
[@     6m39s] Timestep:         9512 || Speed:  313.9 MC/s (4.128e-02 s/TS) || Energy: ~2.72e-22 (-48.19dB)
[@     6m43s] Timestep:         9608 || Speed:  310.5 MC/s (4.174e-02 s/TS) || Energy: ~2.46e-22 (-48.62dB)
[@     6m47s] Timestep:         9712 || Speed:  318.5 MC/s (4.069e-02 s/TS) || Energy: ~2.34e-22 (-48.83dB)
[@     6m51s] Timestep:         9816 || Speed:  315.8 MC/s (4.104e-02 s/TS) || Energy: ~2.12e-22 (-49.27dB)
[@     6m56s] Timestep:         9920 || Speed:  312.8 MC/s (4.143e-02 s/TS) || Energy: ~1.91e-22 (-49.71dB)
[@     7m00s] Timestep:        10024 || Speed:  314.1 MC/s (4.127e-02 s/TS) || Energy: ~1.85e-22 (-49.85dB)
[@     7m04s] Timestep:        10128 || Speed:  313.1 MC/s (4.140e-02 s/TS) || Energy: ~1.63e-22 (-50.41dB)
Time for 10128 iterations with 12960304.00 cells : 424.62 sec
Speed: 309.13 MCells/s 
    [excite port 18/40]
 ---------------------------------------------------------------------- 
 | openEMS 64bit -- version v0.37.0-rc1-2-g7b051bb
 | (C) 2010-2026 Thorsten Liebig <thorsten.liebig@gmx.de>  GPL license
 ---------------------------------------------------------------------- 
	Used external libraries:
		CSXCAD -- Version: v0.7.0-rc1-1-g5115701
		hdf5   -- Version: 1.10.10
		          compiled against: HDF5 library version: 1.10.10
		tinyxml -- compiled against: 2.6.2
		fparser
		boost  -- compiled against: 1_83
		vtk -- Version: 9.1.0
		       compiled against: 9.1.0

Create FDTD operator (compressed SSE + multi-threading)
FDTD simulation size: 244x196x271 --> 12960304.00 FDTD cells 
FDTD timestep is: 0.00 s; Nyquist rate: 34 timesteps @101891945817.00 Hz
Excitation signal length is: 398 timesteps (0.00s)
Max. number of timesteps: 60000 ( --> 150.75 * Excitation signal length)
Create FDTD engine (compressed SSE + multi-threading)
Running FDTD engine... this may take a while... grab a cup of coffee?!?
[@        4s] Timestep:           40 || Speed:  122.9 MC/s (1.055e-01 s/TS) || Energy: ~5.03e-24 (- 0.00dB)
[@        8s] Timestep:          104 || Speed:  205.0 MC/s (6.322e-02 s/TS) || Energy: ~1.08e-20 (- 0.00dB)
[@       12s] Timestep:          184 || Speed:  245.9 MC/s (5.270e-02 s/TS) || Energy: ~4.26e-18 (- 0.00dB)
[@       16s] Timestep:          272 || Speed:  275.9 MC/s (4.697e-02 s/TS) || Energy: ~1.80e-17 (- 0.00dB)
[@       20s] Timestep:          368 || Speed:  299.1 MC/s (4.333e-02 s/TS) || Energy: ~1.70e-17 (- 0.26dB)
[@       24s] Timestep:          464 || Speed:  309.6 MC/s (4.186e-02 s/TS) || Energy: ~1.39e-17 (- 1.14dB)
[@       29s] Timestep:          568 || Speed:  311.8 MC/s (4.157e-02 s/TS) || Energy: ~1.24e-17 (- 1.63dB)
[@       33s] Timestep:          664 || Speed:  299.0 MC/s (4.334e-02 s/TS) || Energy: ~1.15e-17 (- 1.94dB)
Multithreaded Engine: Best performance found using 7 threads.
[@       37s] Timestep:          760 || Speed:  308.3 MC/s (4.204e-02 s/TS) || Energy: ~8.76e-18 (- 3.14dB)
[@       41s] Timestep:          856 || Speed:  310.3 MC/s (4.176e-02 s/TS) || Energy: ~7.23e-18 (- 3.97dB)
[@       45s] Timestep:          960 || Speed:  314.3 MC/s (4.123e-02 s/TS) || Energy: ~5.94e-18 (- 4.83dB)
[@       49s] Timestep:         1064 || Speed:  316.3 MC/s (4.098e-02 s/TS) || Energy: ~4.90e-18 (- 5.66dB)
[@       54s] Timestep:         1168 || Speed:  312.1 MC/s (4.152e-02 s/TS) || Energy: ~3.77e-18 (- 6.80dB)
[@       58s] Timestep:         1272 || Speed:  314.2 MC/s (4.125e-02 s/TS) || Energy: ~2.98e-18 (- 7.83dB)
[@     1m02s] Timestep:         1376 || Speed:  313.5 MC/s (4.134e-02 s/TS) || Energy: ~2.40e-18 (- 8.76dB)
[@     1m07s] Timestep:         1480 || Speed:  314.6 MC/s (4.120e-02 s/TS) || Energy: ~1.99e-18 (- 9.56dB)
[@     1m11s] Timestep:         1584 || Speed:  312.4 MC/s (4.148e-02 s/TS) || Energy: ~1.62e-18 (-10.46dB)
[@     1m15s] Timestep:         1688 || Speed:  314.3 MC/s (4.124e-02 s/TS) || Energy: ~1.37e-18 (-11.18dB)
[@     1m19s] Timestep:         1792 || Speed:  317.2 MC/s (4.086e-02 s/TS) || Energy: ~1.15e-18 (-11.97dB)
[@     1m24s] Timestep:         1896 || Speed:  314.8 MC/s (4.117e-02 s/TS) || Energy: ~9.99e-19 (-12.57dB)
[@     1m28s] Timestep:         2000 || Speed:  316.0 MC/s (4.102e-02 s/TS) || Energy: ~8.34e-19 (-13.35dB)
[@     1m32s] Timestep:         2104 || Speed:  314.3 MC/s (4.124e-02 s/TS) || Energy: ~7.09e-19 (-14.06dB)
[@     1m37s] Timestep:         2208 || Speed:  315.5 MC/s (4.107e-02 s/TS) || Energy: ~6.29e-19 (-14.58dB)
[@     1m41s] Timestep:         2312 || Speed:  315.1 MC/s (4.113e-02 s/TS) || Energy: ~5.39e-19 (-15.25dB)
[@     1m45s] Timestep:         2416 || Speed:  314.3 MC/s (4.123e-02 s/TS) || Energy: ~4.55e-19 (-15.99dB)
[@     1m49s] Timestep:         2520 || Speed:  316.2 MC/s (4.099e-02 s/TS) || Energy: ~3.99e-19 (-16.56dB)
[@     1m54s] Timestep:         2624 || Speed:  314.4 MC/s (4.122e-02 s/TS) || Energy: ~3.49e-19 (-17.13dB)
[@     1m58s] Timestep:         2728 || Speed:  314.7 MC/s (4.118e-02 s/TS) || Energy: ~3.11e-19 (-17.64dB)
[@     2m02s] Timestep:         2832 || Speed:  314.1 MC/s (4.126e-02 s/TS) || Energy: ~2.68e-19 (-18.29dB)
[@     2m07s] Timestep:         2936 || Speed:  314.2 MC/s (4.125e-02 s/TS) || Energy: ~2.30e-19 (-18.95dB)
[@     2m11s] Timestep:         3040 || Speed:  314.7 MC/s (4.118e-02 s/TS) || Energy: ~2.05e-19 (-19.45dB)
[@     2m15s] Timestep:         3144 || Speed:  309.2 MC/s (4.192e-02 s/TS) || Energy: ~1.81e-19 (-19.98dB)
[@     2m19s] Timestep:         3248 || Speed:  312.8 MC/s (4.144e-02 s/TS) || Energy: ~1.58e-19 (-20.57dB)
[@     2m24s] Timestep:         3352 || Speed:  314.8 MC/s (4.117e-02 s/TS) || Energy: ~1.37e-19 (-21.18dB)
[@     2m28s] Timestep:         3456 || Speed:  316.1 MC/s (4.100e-02 s/TS) || Energy: ~1.22e-19 (-21.69dB)
[@     2m32s] Timestep:         3560 || Speed:  312.0 MC/s (4.153e-02 s/TS) || Energy: ~1.11e-19 (-22.12dB)
[@     2m37s] Timestep:         3664 || Speed:  312.5 MC/s (4.148e-02 s/TS) || Energy: ~9.77e-20 (-22.67dB)
[@     2m41s] Timestep:         3768 || Speed:  313.1 MC/s (4.140e-02 s/TS) || Energy: ~8.74e-20 (-23.15dB)
[@     2m45s] Timestep:         3872 || Speed:  314.1 MC/s (4.126e-02 s/TS) || Energy: ~7.70e-20 (-23.70dB)
[@     2m50s] Timestep:         3976 || Speed:  313.6 MC/s (4.133e-02 s/TS) || Energy: ~7.05e-20 (-24.08dB)
[@     2m54s] Timestep:         4080 || Speed:  313.7 MC/s (4.132e-02 s/TS) || Energy: ~6.17e-20 (-24.66dB)
[@     2m58s] Timestep:         4176 || Speed:  308.3 MC/s (4.204e-02 s/TS) || Energy: ~5.83e-20 (-24.91dB)
[@     3m02s] Timestep:         4280 || Speed:  315.2 MC/s (4.112e-02 s/TS) || Energy: ~5.32e-20 (-25.30dB)
[@     3m06s] Timestep:         4384 || Speed:  313.5 MC/s (4.134e-02 s/TS) || Energy: ~4.63e-20 (-25.91dB)
[@     3m11s] Timestep:         4488 || Speed:  314.2 MC/s (4.125e-02 s/TS) || Energy: ~4.10e-20 (-26.44dB)
[@     3m15s] Timestep:         4592 || Speed:  313.3 MC/s (4.137e-02 s/TS) || Energy: ~3.82e-20 (-26.75dB)
[@     3m19s] Timestep:         4696 || Speed:  314.6 MC/s (4.120e-02 s/TS) || Energy: ~3.47e-20 (-27.16dB)
[@     3m24s] Timestep:         4800 || Speed:  313.5 MC/s (4.134e-02 s/TS) || Energy: ~3.04e-20 (-27.73dB)
[@     3m28s] Timestep:         4904 || Speed:  317.4 MC/s (4.084e-02 s/TS) || Energy: ~2.71e-20 (-28.24dB)
[@     3m32s] Timestep:         5008 || Speed:  316.2 MC/s (4.099e-02 s/TS) || Energy: ~2.54e-20 (-28.52dB)
[@     3m36s] Timestep:         5104 || Speed:  310.3 MC/s (4.176e-02 s/TS) || Energy: ~2.06e-20 (-29.43dB)
[@     3m40s] Timestep:         5208 || Speed:  313.7 MC/s (4.131e-02 s/TS) || Energy: ~1.79e-20 (-30.03dB)
[@     3m45s] Timestep:         5312 || Speed:  314.5 MC/s (4.121e-02 s/TS) || Energy: ~1.62e-20 (-30.48dB)
[@     3m49s] Timestep:         5416 || Speed:  314.7 MC/s (4.118e-02 s/TS) || Energy: ~1.50e-20 (-30.81dB)
[@     3m53s] Timestep:         5512 || Speed:  310.8 MC/s (4.171e-02 s/TS) || Energy: ~1.17e-20 (-31.90dB)
[@     3m57s] Timestep:         5616 || Speed:  315.1 MC/s (4.113e-02 s/TS) || Energy: ~1.03e-20 (-32.44dB)
[@     4m02s] Timestep:         5720 || Speed:  317.1 MC/s (4.088e-02 s/TS) || Energy: ~9.47e-21 (-32.80dB)
[@     4m06s] Timestep:         5824 || Speed:  315.5 MC/s (4.107e-02 s/TS) || Energy: ~8.67e-21 (-33.18dB)
[@     4m10s] Timestep:         5928 || Speed:  312.0 MC/s (4.154e-02 s/TS) || Energy: ~7.67e-21 (-33.72dB)
[@     4m14s] Timestep:         6024 || Speed:  310.0 MC/s (4.181e-02 s/TS) || Energy: ~6.81e-21 (-34.23dB)
[@     4m18s] Timestep:         6120 || Speed:  307.0 MC/s (4.222e-02 s/TS) || Energy: ~7.29e-21 (-33.94dB)
[@     4m23s] Timestep:         6224 || Speed:  310.7 MC/s (4.171e-02 s/TS) || Energy: ~6.62e-21 (-34.35dB)
[@     4m27s] Timestep:         6328 || Speed:  315.4 MC/s (4.109e-02 s/TS) || Energy: ~5.76e-21 (-34.96dB)
[@     4m31s] Timestep:         6432 || Speed:  314.4 MC/s (4.122e-02 s/TS) || Energy: ~5.24e-21 (-35.37dB)
[@     4m35s] Timestep:         6536 || Speed:  315.4 MC/s (4.109e-02 s/TS) || Energy: ~4.96e-21 (-35.61dB)
[@     4m39s] Timestep:         6632 || Speed:  310.7 MC/s (4.171e-02 s/TS) || Energy: ~5.24e-21 (-35.37dB)
[@     4m44s] Timestep:         6736 || Speed:  314.6 MC/s (4.120e-02 s/TS) || Energy: ~4.46e-21 (-36.07dB)
[@     4m48s] Timestep:         6840 || Speed:  314.8 MC/s (4.117e-02 s/TS) || Energy: ~4.08e-21 (-36.46dB)
[@     4m52s] Timestep:         6944 || Speed:  312.1 MC/s (4.153e-02 s/TS) || Energy: ~3.90e-21 (-36.66dB)
[@     4m57s] Timestep:         7048 || Speed:  313.1 MC/s (4.139e-02 s/TS) || Energy: ~3.39e-21 (-37.27dB)
[@     5m01s] Timestep:         7152 || Speed:  314.6 MC/s (4.120e-02 s/TS) || Energy: ~2.96e-21 (-37.85dB)
[@     5m05s] Timestep:         7256 || Speed:  318.1 MC/s (4.075e-02 s/TS) || Energy: ~2.81e-21 (-38.08dB)
[@     5m09s] Timestep:         7360 || Speed:  315.8 MC/s (4.103e-02 s/TS) || Energy: ~2.49e-21 (-38.59dB)
[@     5m14s] Timestep:         7464 || Speed:  315.5 MC/s (4.108e-02 s/TS) || Energy: ~2.27e-21 (-39.01dB)
[@     5m18s] Timestep:         7568 || Speed:  314.6 MC/s (4.120e-02 s/TS) || Energy: ~2.10e-21 (-39.35dB)
[@     5m22s] Timestep:         7664 || Speed:  309.7 MC/s (4.184e-02 s/TS) || Energy: ~1.93e-21 (-39.71dB)
[@     5m26s] Timestep:         7768 || Speed:  312.4 MC/s (4.148e-02 s/TS) || Energy: ~1.72e-21 (-40.21dB)
[@     5m31s] Timestep:         7872 || Speed:  314.8 MC/s (4.117e-02 s/TS) || Energy: ~1.64e-21 (-40.42dB)
[@     5m35s] Timestep:         7976 || Speed:  315.2 MC/s (4.112e-02 s/TS) || Energy: ~1.47e-21 (-40.88dB)
[@     5m39s] Timestep:         8080 || Speed:  314.7 MC/s (4.118e-02 s/TS) || Energy: ~1.26e-21 (-41.57dB)
[@     5m43s] Timestep:         8184 || Speed:  314.8 MC/s (4.117e-02 s/TS) || Energy: ~1.15e-21 (-41.95dB)
[@     5m48s] Timestep:         8288 || Speed:  315.0 MC/s (4.114e-02 s/TS) || Energy: ~1.09e-21 (-42.19dB)
[@     5m52s] Timestep:         8392 || Speed:  313.1 MC/s (4.139e-02 s/TS) || Energy: ~9.74e-22 (-42.68dB)
[@     5m56s] Timestep:         8488 || Speed:  310.5 MC/s (4.175e-02 s/TS) || Energy: ~8.75e-22 (-43.14dB)
[@     6m00s] Timestep:         8592 || Speed:  314.4 MC/s (4.122e-02 s/TS) || Energy: ~7.66e-22 (-43.72dB)
[@     6m05s] Timestep:         8696 || Speed:  312.9 MC/s (4.143e-02 s/TS) || Energy: ~7.20e-22 (-43.99dB)
[@     6m09s] Timestep:         8800 || Speed:  316.3 MC/s (4.098e-02 s/TS) || Energy: ~6.87e-22 (-44.19dB)
[@     6m13s] Timestep:         8904 || Speed:  315.4 MC/s (4.110e-02 s/TS) || Energy: ~5.75e-22 (-44.96dB)
[@     6m17s] Timestep:         9008 || Speed:  315.7 MC/s (4.106e-02 s/TS) || Energy: ~5.17e-22 (-45.43dB)
[@     6m22s] Timestep:         9112 || Speed:  315.2 MC/s (4.111e-02 s/TS) || Energy: ~5.00e-22 (-45.57dB)
[@     6m26s] Timestep:         9208 || Speed:  307.8 MC/s (4.210e-02 s/TS) || Energy: ~4.82e-22 (-45.73dB)
[@     6m30s] Timestep:         9312 || Speed:  314.0 MC/s (4.127e-02 s/TS) || Energy: ~4.43e-22 (-46.10dB)
[@     6m34s] Timestep:         9416 || Speed:  313.6 MC/s (4.132e-02 s/TS) || Energy: ~3.82e-22 (-46.74dB)
[@     6m39s] Timestep:         9520 || Speed:  315.3 MC/s (4.110e-02 s/TS) || Energy: ~3.54e-22 (-47.07dB)
[@     6m43s] Timestep:         9624 || Speed:  316.2 MC/s (4.099e-02 s/TS) || Energy: ~3.45e-22 (-47.19dB)
[@     6m47s] Timestep:         9728 || Speed:  315.8 MC/s (4.104e-02 s/TS) || Energy: ~2.94e-22 (-47.89dB)
[@     6m51s] Timestep:         9832 || Speed:  314.8 MC/s (4.117e-02 s/TS) || Energy: ~2.75e-22 (-48.17dB)
[@     6m56s] Timestep:         9936 || Speed:  311.5 MC/s (4.160e-02 s/TS) || Energy: ~2.50e-22 (-48.58dB)
[@     7m00s] Timestep:        10040 || Speed:  313.2 MC/s (4.138e-02 s/TS) || Energy: ~2.25e-22 (-49.04dB)
[@     7m04s] Timestep:        10144 || Speed:  313.7 MC/s (4.131e-02 s/TS) || Energy: ~2.17e-22 (-49.20dB)
[@     7m09s] Timestep:        10248 || Speed:  312.3 MC/s (4.150e-02 s/TS) || Energy: ~1.89e-22 (-49.79dB)
[@     7m13s] Timestep:        10352 || Speed:  317.4 MC/s (4.083e-02 s/TS) || Energy: ~1.73e-22 (-50.19dB)
Time for 10352 iterations with 12960304.00 cells : 433.35 sec
Speed: 309.60 MCells/s 
    [excite port 19/40]
 ---------------------------------------------------------------------- 
 | openEMS 64bit -- version v0.37.0-rc1-2-g7b051bb
 | (C) 2010-2026 Thorsten Liebig <thorsten.liebig@gmx.de>  GPL license
 ---------------------------------------------------------------------- 
	Used external libraries:
		CSXCAD -- Version: v0.7.0-rc1-1-g5115701
		hdf5   -- Version: 1.10.10
		          compiled against: HDF5 library version: 1.10.10
		tinyxml -- compiled against: 2.6.2
		fparser
		boost  -- compiled against: 1_83
		vtk -- Version: 9.1.0
		       compiled against: 9.1.0

Create FDTD operator (compressed SSE + multi-threading)
FDTD simulation size: 244x196x271 --> 12960304.00 FDTD cells 
FDTD timestep is: 0.00 s; Nyquist rate: 34 timesteps @101891945817.00 Hz
Excitation signal length is: 398 timesteps (0.00s)
Max. number of timesteps: 60000 ( --> 150.75 * Excitation signal length)
Create FDTD engine (compressed SSE + multi-threading)
Running FDTD engine... this may take a while... grab a cup of coffee?!?
[@        4s] Timestep:           40 || Speed:  123.2 MC/s (1.052e-01 s/TS) || Energy: ~4.79e-24 (- 0.00dB)
[@        8s] Timestep:          104 || Speed:  205.1 MC/s (6.319e-02 s/TS) || Energy: ~1.01e-20 (- 0.00dB)
[@       12s] Timestep:          184 || Speed:  243.8 MC/s (5.316e-02 s/TS) || Energy: ~3.97e-18 (- 0.00dB)
[@       16s] Timestep:          272 || Speed:  270.7 MC/s (4.788e-02 s/TS) || Energy: ~1.69e-17 (- 0.00dB)
[@       20s] Timestep:          368 || Speed:  297.8 MC/s (4.352e-02 s/TS) || Energy: ~1.53e-17 (- 0.42dB)
[@       24s] Timestep:          464 || Speed:  308.9 MC/s (4.196e-02 s/TS) || Energy: ~1.23e-17 (- 1.37dB)
[@       29s] Timestep:          568 || Speed:  315.2 MC/s (4.111e-02 s/TS) || Energy: ~9.98e-18 (- 2.28dB)
[@       33s] Timestep:          664 || Speed:  309.2 MC/s (4.192e-02 s/TS) || Energy: ~7.73e-18 (- 3.39dB)
Multithreaded Engine: Best performance found using 7 threads.
[@       37s] Timestep:          768 || Speed:  314.1 MC/s (4.127e-02 s/TS) || Energy: ~6.13e-18 (- 4.40dB)
[@       41s] Timestep:          872 || Speed:  314.2 MC/s (4.124e-02 s/TS) || Energy: ~4.92e-18 (- 5.35dB)
[@       45s] Timestep:          968 || Speed:  310.1 MC/s (4.179e-02 s/TS) || Energy: ~4.20e-18 (- 6.04dB)
[@       50s] Timestep:         1072 || Speed:  314.6 MC/s (4.119e-02 s/TS) || Energy: ~3.36e-18 (- 7.01dB)
[@       54s] Timestep:         1176 || Speed:  314.3 MC/s (4.124e-02 s/TS) || Energy: ~2.81e-18 (- 7.78dB)
[@       58s] Timestep:         1280 || Speed:  312.8 MC/s (4.144e-02 s/TS) || Energy: ~2.20e-18 (- 8.85dB)
[@     1m02s] Timestep:         1384 || Speed:  313.9 MC/s (4.128e-02 s/TS) || Energy: ~1.67e-18 (-10.05dB)
[@     1m07s] Timestep:         1488 || Speed:  314.4 MC/s (4.122e-02 s/TS) || Energy: ~1.50e-18 (-10.53dB)
[@     1m11s] Timestep:         1592 || Speed:  314.9 MC/s (4.115e-02 s/TS) || Energy: ~1.16e-18 (-11.62dB)
[@     1m15s] Timestep:         1696 || Speed:  312.9 MC/s (4.143e-02 s/TS) || Energy: ~9.79e-19 (-12.37dB)
[@     1m20s] Timestep:         1800 || Speed:  314.1 MC/s (4.127e-02 s/TS) || Energy: ~8.43e-19 (-13.02dB)
[@     1m24s] Timestep:         1904 || Speed:  313.6 MC/s (4.133e-02 s/TS) || Energy: ~7.04e-19 (-13.80dB)
[@     1m28s] Timestep:         2008 || Speed:  312.4 MC/s (4.148e-02 s/TS) || Energy: ~5.56e-19 (-14.82dB)
[@     1m33s] Timestep:         2112 || Speed:  313.1 MC/s (4.140e-02 s/TS) || Energy: ~5.16e-19 (-15.15dB)
[@     1m37s] Timestep:         2216 || Speed:  314.1 MC/s (4.127e-02 s/TS) || Energy: ~4.26e-19 (-15.98dB)
[@     1m41s] Timestep:         2320 || Speed:  316.4 MC/s (4.096e-02 s/TS) || Energy: ~3.43e-19 (-16.93dB)
[@     1m45s] Timestep:         2424 || Speed:  312.7 MC/s (4.144e-02 s/TS) || Energy: ~3.11e-19 (-17.34dB)
[@     1m50s] Timestep:         2528 || Speed:  311.0 MC/s (4.167e-02 s/TS) || Energy: ~2.72e-19 (-17.93dB)
[@     1m54s] Timestep:         2624 || Speed:  308.0 MC/s (4.208e-02 s/TS) || Energy: ~2.11e-19 (-19.04dB)
[@     1m58s] Timestep:         2728 || Speed:  313.9 MC/s (4.129e-02 s/TS) || Energy: ~1.80e-19 (-19.72dB)
[@     2m02s] Timestep:         2832 || Speed:  311.8 MC/s (4.157e-02 s/TS) || Energy: ~1.71e-19 (-19.94dB)
[@     2m07s] Timestep:         2936 || Speed:  313.0 MC/s (4.140e-02 s/TS) || Energy: ~1.38e-19 (-20.87dB)
[@     2m11s] Timestep:         3040 || Speed:  314.6 MC/s (4.119e-02 s/TS) || Energy: ~1.24e-19 (-21.33dB)
[@     2m15s] Timestep:         3144 || Speed:  313.4 MC/s (4.135e-02 s/TS) || Energy: ~1.15e-19 (-21.67dB)
[@     2m20s] Timestep:         3248 || Speed:  314.0 MC/s (4.128e-02 s/TS) || Energy: ~9.79e-20 (-22.36dB)
[@     2m24s] Timestep:         3352 || Speed:  314.2 MC/s (4.124e-02 s/TS) || Energy: ~8.46e-20 (-23.00dB)
[@     2m28s] Timestep:         3456 || Speed:  314.3 MC/s (4.124e-02 s/TS) || Energy: ~7.90e-20 (-23.30dB)
[@     2m32s] Timestep:         3560 || Speed:  313.3 MC/s (4.137e-02 s/TS) || Energy: ~6.94e-20 (-23.86dB)
[@     2m37s] Timestep:         3664 || Speed:  313.0 MC/s (4.140e-02 s/TS) || Energy: ~5.98e-20 (-24.51dB)
[@     2m41s] Timestep:         3768 || Speed:  313.5 MC/s (4.134e-02 s/TS) || Energy: ~5.52e-20 (-24.85dB)
[@     2m45s] Timestep:         3872 || Speed:  310.6 MC/s (4.172e-02 s/TS) || Energy: ~4.88e-20 (-25.39dB)
[@     2m50s] Timestep:         3976 || Speed:  315.2 MC/s (4.112e-02 s/TS) || Energy: ~4.29e-20 (-25.95dB)
[@     2m54s] Timestep:         4080 || Speed:  314.0 MC/s (4.127e-02 s/TS) || Energy: ~3.92e-20 (-26.35dB)
[@     2m58s] Timestep:         4184 || Speed:  313.2 MC/s (4.138e-02 s/TS) || Energy: ~3.43e-20 (-26.92dB)
[@     3m02s] Timestep:         4280 || Speed:  310.3 MC/s (4.177e-02 s/TS) || Energy: ~3.34e-20 (-27.04dB)
[@     3m07s] Timestep:         4384 || Speed:  313.7 MC/s (4.132e-02 s/TS) || Energy: ~3.05e-20 (-27.43dB)
[@     3m11s] Timestep:         4488 || Speed:  311.8 MC/s (4.156e-02 s/TS) || Energy: ~2.62e-20 (-28.09dB)
[@     3m15s] Timestep:         4584 || Speed:  310.1 MC/s (4.179e-02 s/TS) || Energy: ~2.72e-20 (-27.93dB)
[@     3m19s] Timestep:         4688 || Speed:  315.4 MC/s (4.110e-02 s/TS) || Energy: ~2.37e-20 (-28.54dB)
[@     3m24s] Timestep:         4792 || Speed:  314.9 MC/s (4.115e-02 s/TS) || Energy: ~2.04e-20 (-29.17dB)
[@     3m28s] Timestep:         4896 || Speed:  314.1 MC/s (4.126e-02 s/TS) || Energy: ~1.92e-20 (-29.44dB)
[@     3m32s] Timestep:         5000 || Speed:  312.7 MC/s (4.145e-02 s/TS) || Energy: ~1.68e-20 (-30.01dB)
[@     3m36s] Timestep:         5096 || Speed:  310.5 MC/s (4.174e-02 s/TS) || Energy: ~1.50e-20 (-30.51dB)
[@     3m40s] Timestep:         5200 || Speed:  313.1 MC/s (4.139e-02 s/TS) || Energy: ~1.37e-20 (-30.91dB)
[@     3m45s] Timestep:         5304 || Speed:  312.2 MC/s (4.151e-02 s/TS) || Energy: ~1.27e-20 (-31.25dB)
[@     3m49s] Timestep:         5408 || Speed:  313.2 MC/s (4.139e-02 s/TS) || Energy: ~1.06e-20 (-32.03dB)
[@     3m53s] Timestep:         5512 || Speed:  316.5 MC/s (4.095e-02 s/TS) || Energy: ~9.67e-21 (-32.42dB)
[@     3m58s] Timestep:         5616 || Speed:  314.2 MC/s (4.125e-02 s/TS) || Energy: ~8.84e-21 (-32.81dB)
[@     4m02s] Timestep:         5720 || Speed:  312.5 MC/s (4.147e-02 s/TS) || Energy: ~7.53e-21 (-33.51dB)
[@     4m06s] Timestep:         5824 || Speed:  314.0 MC/s (4.128e-02 s/TS) || Energy: ~7.07e-21 (-33.78dB)
[@     4m11s] Timestep:         5928 || Speed:  312.1 MC/s (4.152e-02 s/TS) || Energy: ~6.17e-21 (-34.37dB)
[@     4m15s] Timestep:         6032 || Speed:  311.6 MC/s (4.159e-02 s/TS) || Energy: ~5.35e-21 (-34.99dB)
[@     4m19s] Timestep:         6128 || Speed:  308.3 MC/s (4.204e-02 s/TS) || Energy: ~4.98e-21 (-35.30dB)
[@     4m23s] Timestep:         6232 || Speed:  316.3 MC/s (4.098e-02 s/TS) || Energy: ~4.62e-21 (-35.63dB)
[@     4m27s] Timestep:         6336 || Speed:  313.6 MC/s (4.133e-02 s/TS) || Energy: ~4.02e-21 (-36.23dB)
[@     4m32s] Timestep:         6440 || Speed:  314.1 MC/s (4.126e-02 s/TS) || Energy: ~3.46e-21 (-36.88dB)
[@     4m36s] Timestep:         6544 || Speed:  312.7 MC/s (4.145e-02 s/TS) || Energy: ~3.35e-21 (-37.03dB)
[@     4m40s] Timestep:         6648 || Speed:  314.2 MC/s (4.125e-02 s/TS) || Energy: ~2.97e-21 (-37.54dB)
[@     4m45s] Timestep:         6752 || Speed:  313.7 MC/s (4.131e-02 s/TS) || Energy: ~2.53e-21 (-38.25dB)
[@     4m49s] Timestep:         6856 || Speed:  311.4 MC/s (4.162e-02 s/TS) || Energy: ~2.46e-21 (-38.36dB)
[@     4m53s] Timestep:         6960 || Speed:  313.7 MC/s (4.131e-02 s/TS) || Energy: ~2.13e-21 (-38.98dB)
[@     4m58s] Timestep:         7064 || Speed:  311.0 MC/s (4.167e-02 s/TS) || Energy: ~1.89e-21 (-39.51dB)
[@     5m02s] Timestep:         7160 || Speed:  305.9 MC/s (4.236e-02 s/TS) || Energy: ~1.85e-21 (-39.60dB)
[@     5m06s] Timestep:         7256 || Speed:  294.0 MC/s (4.408e-02 s/TS) || Energy: ~1.73e-21 (-39.88dB)
[@     5m10s] Timestep:         7352 || Speed:  307.8 MC/s (4.210e-02 s/TS) || Energy: ~1.53e-21 (-40.43dB)
[@     5m14s] Timestep:         7456 || Speed:  313.5 MC/s (4.134e-02 s/TS) || Energy: ~1.35e-21 (-40.96dB)
[@     5m18s] Timestep:         7552 || Speed:  303.0 MC/s (4.278e-02 s/TS) || Energy: ~1.30e-21 (-41.14dB)
[@     5m23s] Timestep:         7656 || Speed:  312.4 MC/s (4.148e-02 s/TS) || Energy: ~1.16e-21 (-41.63dB)
[@     5m27s] Timestep:         7760 || Speed:  314.0 MC/s (4.127e-02 s/TS) || Energy: ~9.60e-22 (-42.45dB)
[@     5m31s] Timestep:         7864 || Speed:  311.5 MC/s (4.161e-02 s/TS) || Energy: ~9.65e-22 (-42.43dB)
[@     5m35s] Timestep:         7960 || Speed:  308.8 MC/s (4.197e-02 s/TS) || Energy: ~8.49e-22 (-42.98dB)
[@     5m40s] Timestep:         8064 || Speed:  313.3 MC/s (4.137e-02 s/TS) || Energy: ~7.67e-22 (-43.42dB)
[@     5m44s] Timestep:         8168 || Speed:  312.6 MC/s (4.146e-02 s/TS) || Energy: ~6.87e-22 (-43.91dB)
[@     5m48s] Timestep:         8264 || Speed:  310.8 MC/s (4.170e-02 s/TS) || Energy: ~6.16e-22 (-44.38dB)
[@     5m52s] Timestep:         8360 || Speed:  310.7 MC/s (4.171e-02 s/TS) || Energy: ~6.11e-22 (-44.42dB)
[@     5m56s] Timestep:         8464 || Speed:  313.3 MC/s (4.137e-02 s/TS) || Energy: ~5.64e-22 (-44.76dB)
[@     6m00s] Timestep:         8568 || Speed:  315.5 MC/s (4.108e-02 s/TS) || Energy: ~4.98e-22 (-45.30dB)
[@     6m05s] Timestep:         8672 || Speed:  315.4 MC/s (4.109e-02 s/TS) || Energy: ~4.60e-22 (-45.64dB)
[@     6m09s] Timestep:         8776 || Speed:  313.1 MC/s (4.139e-02 s/TS) || Energy: ~4.31e-22 (-45.93dB)
[@     6m13s] Timestep:         8880 || Speed:  314.7 MC/s (4.118e-02 s/TS) || Energy: ~3.85e-22 (-46.42dB)
[@     6m17s] Timestep:         8976 || Speed:  308.7 MC/s (4.199e-02 s/TS) || Energy: ~3.51e-22 (-46.82dB)
[@     6m21s] Timestep:         9072 || Speed:  307.5 MC/s (4.215e-02 s/TS) || Energy: ~3.37e-22 (-47.00dB)
[@     6m26s] Timestep:         9176 || Speed:  311.2 MC/s (4.165e-02 s/TS) || Energy: ~3.16e-22 (-47.28dB)
[@     6m30s] Timestep:         9272 || Speed:  311.0 MC/s (4.167e-02 s/TS) || Energy: ~2.60e-22 (-48.12dB)
[@     6m34s] Timestep:         9376 || Speed:  315.4 MC/s (4.109e-02 s/TS) || Energy: ~2.45e-22 (-48.38dB)
[@     6m38s] Timestep:         9472 || Speed:  310.3 MC/s (4.177e-02 s/TS) || Energy: ~2.28e-22 (-48.69dB)
[@     6m42s] Timestep:         9576 || Speed:  312.9 MC/s (4.142e-02 s/TS) || Energy: ~2.03e-22 (-49.20dB)
[@     6m47s] Timestep:         9680 || Speed:  312.3 MC/s (4.151e-02 s/TS) || Energy: ~1.79e-22 (-49.73dB)
[@     6m51s] Timestep:         9784 || Speed:  311.7 MC/s (4.157e-02 s/TS) || Energy: ~1.69e-22 (-50.01dB)
Time for 9784 iterations with 12960304.00 cells : 411.50 sec
Speed: 308.15 MCells/s 
    [excite port 20/40]
 ---------------------------------------------------------------------- 
 | openEMS 64bit -- version v0.37.0-rc1-2-g7b051bb
 | (C) 2010-2026 Thorsten Liebig <thorsten.liebig@gmx.de>  GPL license
 ---------------------------------------------------------------------- 
	Used external libraries:
		CSXCAD -- Version: v0.7.0-rc1-1-g5115701
		hdf5   -- Version: 1.10.10
		          compiled against: HDF5 library version: 1.10.10
		tinyxml -- compiled against: 2.6.2
		fparser
		boost  -- compiled against: 1_83
		vtk -- Version: 9.1.0
		       compiled against: 9.1.0

Create FDTD operator (compressed SSE + multi-threading)
FDTD simulation size: 244x196x271 --> 12960304.00 FDTD cells 
FDTD timestep is: 0.00 s; Nyquist rate: 34 timesteps @101891945817.00 Hz
Excitation signal length is: 398 timesteps (0.00s)
Max. number of timesteps: 60000 ( --> 150.75 * Excitation signal length)
Create FDTD engine (compressed SSE + multi-threading)
Running FDTD engine... this may take a while... grab a cup of coffee?!?
[@        4s] Timestep:           40 || Speed:  121.7 MC/s (1.065e-01 s/TS) || Energy: ~4.79e-24 (- 0.00dB)
[@        8s] Timestep:          104 || Speed:  201.1 MC/s (6.444e-02 s/TS) || Energy: ~1.01e-20 (- 0.00dB)
[@       12s] Timestep:          184 || Speed:  236.0 MC/s (5.491e-02 s/TS) || Energy: ~3.96e-18 (- 0.00dB)
[@       17s] Timestep:          272 || Speed:  266.9 MC/s (4.856e-02 s/TS) || Energy: ~1.71e-17 (- 0.00dB)
[@       21s] Timestep:          368 || Speed:  294.2 MC/s (4.405e-02 s/TS) || Energy: ~1.58e-17 (- 0.34dB)
[@       25s] Timestep:          464 || Speed:  308.5 MC/s (4.201e-02 s/TS) || Energy: ~1.24e-17 (- 1.40dB)
[@       29s] Timestep:          560 || Speed:  305.0 MC/s (4.249e-02 s/TS) || Energy: ~1.02e-17 (- 2.22dB)
Multithreaded Engine: Best performance found using 6 threads.
[@       33s] Timestep:          656 || Speed:  306.2 MC/s (4.232e-02 s/TS) || Energy: ~8.49e-18 (- 3.03dB)
[@       37s] Timestep:          752 || Speed:  307.3 MC/s (4.217e-02 s/TS) || Energy: ~6.01e-18 (- 4.54dB)
[@       41s] Timestep:          848 || Speed:  305.8 MC/s (4.238e-02 s/TS) || Energy: ~5.20e-18 (- 5.16dB)
[@       45s] Timestep:          944 || Speed:  307.1 MC/s (4.220e-02 s/TS) || Energy: ~4.35e-18 (- 5.94dB)
[@       49s] Timestep:         1040 || Speed:  307.7 MC/s (4.212e-02 s/TS) || Energy: ~3.78e-18 (- 6.54dB)
[@       53s] Timestep:         1136 || Speed:  309.0 MC/s (4.194e-02 s/TS) || Energy: ~2.98e-18 (- 7.58dB)
[@       57s] Timestep:         1232 || Speed:  307.9 MC/s (4.209e-02 s/TS) || Energy: ~2.39e-18 (- 8.54dB)
[@     1m01s] Timestep:         1328 || Speed:  306.2 MC/s (4.233e-02 s/TS) || Energy: ~1.83e-18 (- 9.71dB)
[@     1m05s] Timestep:         1424 || Speed:  307.9 MC/s (4.210e-02 s/TS) || Energy: ~1.53e-18 (-10.47dB)
[@     1m09s] Timestep:         1520 || Speed:  304.2 MC/s (4.260e-02 s/TS) || Energy: ~1.36e-18 (-10.99dB)
[@     1m13s] Timestep:         1616 || Speed:  307.9 MC/s (4.210e-02 s/TS) || Energy: ~1.27e-18 (-11.29dB)
[@     1m18s] Timestep:         1712 || Speed:  307.7 MC/s (4.212e-02 s/TS) || Energy: ~1.08e-18 (-11.99dB)
[@     1m22s] Timestep:         1808 || Speed:  306.5 MC/s (4.229e-02 s/TS) || Energy: ~8.82e-19 (-12.87dB)
[@     1m26s] Timestep:         1904 || Speed:  308.4 MC/s (4.203e-02 s/TS) || Energy: ~6.93e-19 (-13.91dB)
[@     1m30s] Timestep:         2000 || Speed:  307.5 MC/s (4.215e-02 s/TS) || Energy: ~6.49e-19 (-14.20dB)
[@     1m34s] Timestep:         2096 || Speed:  306.8 MC/s (4.225e-02 s/TS) || Energy: ~6.48e-19 (-14.21dB)
[@     1m38s] Timestep:         2192 || Speed:  296.8 MC/s (4.366e-02 s/TS) || Energy: ~5.98e-19 (-14.55dB)
[@     1m42s] Timestep:         2288 || Speed:  298.8 MC/s (4.337e-02 s/TS) || Energy: ~4.88e-19 (-15.44dB)
[@     1m46s] Timestep:         2384 || Speed:  296.0 MC/s (4.378e-02 s/TS) || Energy: ~3.70e-19 (-16.64dB)
[@     1m50s] Timestep:         2480 || Speed:  301.4 MC/s (4.300e-02 s/TS) || Energy: ~3.05e-19 (-17.47dB)
[@     1m54s] Timestep:         2576 || Speed:  307.0 MC/s (4.221e-02 s/TS) || Energy: ~2.91e-19 (-17.68dB)
[@     1m59s] Timestep:         2672 || Speed:  305.5 MC/s (4.243e-02 s/TS) || Energy: ~2.83e-19 (-17.81dB)
[@     2m03s] Timestep:         2768 || Speed:  304.2 MC/s (4.260e-02 s/TS) || Energy: ~2.76e-19 (-17.92dB)
[@     2m07s] Timestep:         2864 || Speed:  307.7 MC/s (4.212e-02 s/TS) || Energy: ~2.44e-19 (-18.45dB)
[@     2m11s] Timestep:         2960 || Speed:  305.9 MC/s (4.236e-02 s/TS) || Energy: ~1.91e-19 (-19.52dB)
[@     2m15s] Timestep:         3056 || Speed:  304.7 MC/s (4.254e-02 s/TS) || Energy: ~1.46e-19 (-20.67dB)
[@     2m19s] Timestep:         3152 || Speed:  303.6 MC/s (4.269e-02 s/TS) || Energy: ~1.31e-19 (-21.16dB)
[@     2m23s] Timestep:         3248 || Speed:  306.9 MC/s (4.223e-02 s/TS) || Energy: ~1.34e-19 (-21.05dB)
[@     2m27s] Timestep:         3344 || Speed:  305.6 MC/s (4.241e-02 s/TS) || Energy: ~1.33e-19 (-21.07dB)
[@     2m31s] Timestep:         3440 || Speed:  307.0 MC/s (4.222e-02 s/TS) || Energy: ~1.20e-19 (-21.52dB)
[@     2m35s] Timestep:         3536 || Speed:  306.3 MC/s (4.232e-02 s/TS) || Energy: ~1.03e-19 (-22.20dB)
[@     2m39s] Timestep:         3632 || Speed:  308.1 MC/s (4.206e-02 s/TS) || Energy: ~8.08e-20 (-23.25dB)
[@     2m43s] Timestep:         3728 || Speed:  308.0 MC/s (4.209e-02 s/TS) || Energy: ~6.22e-20 (-24.39dB)
[@     2m47s] Timestep:         3824 || Speed:  306.0 MC/s (4.236e-02 s/TS) || Energy: ~6.33e-20 (-24.31dB)
[@     2m51s] Timestep:         3920 || Speed:  309.0 MC/s (4.194e-02 s/TS) || Energy: ~6.95e-20 (-23.90dB)
[@     2m55s] Timestep:         4016 || Speed:  307.3 MC/s (4.218e-02 s/TS) || Energy: ~6.40e-20 (-24.26dB)
[@     2m59s] Timestep:         4112 || Speed:  310.2 MC/s (4.178e-02 s/TS) || Energy: ~5.53e-20 (-24.90dB)
[@     3m03s] Timestep:         4208 || Speed:  305.2 MC/s (4.247e-02 s/TS) || Energy: ~4.64e-20 (-25.66dB)
[@     3m08s] Timestep:         4304 || Speed:  306.1 MC/s (4.234e-02 s/TS) || Energy: ~3.69e-20 (-26.65dB)
[@     3m12s] Timestep:         4400 || Speed:  306.5 MC/s (4.228e-02 s/TS) || Energy: ~3.24e-20 (-27.22dB)
[@     3m16s] Timestep:         4496 || Speed:  306.2 MC/s (4.233e-02 s/TS) || Energy: ~3.24e-20 (-27.21dB)
[@     3m20s] Timestep:         4592 || Speed:  298.5 MC/s (4.342e-02 s/TS) || Energy: ~3.27e-20 (-27.18dB)
[@     3m24s] Timestep:         4688 || Speed:  303.1 MC/s (4.276e-02 s/TS) || Energy: ~3.18e-20 (-27.29dB)
[@     3m28s] Timestep:         4784 || Speed:  301.2 MC/s (4.302e-02 s/TS) || Energy: ~2.76e-20 (-27.92dB)
[@     3m32s] Timestep:         4880 || Speed:  305.0 MC/s (4.249e-02 s/TS) || Energy: ~2.14e-20 (-29.02dB)
[@     3m36s] Timestep:         4976 || Speed:  307.3 MC/s (4.218e-02 s/TS) || Energy: ~1.82e-20 (-29.73dB)
[@     3m40s] Timestep:         5072 || Speed:  306.3 MC/s (4.232e-02 s/TS) || Energy: ~1.82e-20 (-29.73dB)
[@     3m44s] Timestep:         5168 || Speed:  305.8 MC/s (4.239e-02 s/TS) || Energy: ~1.78e-20 (-29.81dB)
[@     3m48s] Timestep:         5264 || Speed:  305.9 MC/s (4.237e-02 s/TS) || Energy: ~1.63e-20 (-30.20dB)
[@     3m52s] Timestep:         5360 || Speed:  303.8 MC/s (4.266e-02 s/TS) || Energy: ~1.45e-20 (-30.70dB)
[@     3m57s] Timestep:         5456 || Speed:  306.1 MC/s (4.234e-02 s/TS) || Energy: ~1.29e-20 (-31.22dB)
[@     4m01s] Timestep:         5552 || Speed:  304.5 MC/s (4.257e-02 s/TS) || Energy: ~1.13e-20 (-31.79dB)
[@     4m05s] Timestep:         5648 || Speed:  307.3 MC/s (4.218e-02 s/TS) || Energy: ~1.02e-20 (-32.25dB)
[@     4m09s] Timestep:         5744 || Speed:  307.7 MC/s (4.213e-02 s/TS) || Energy: ~9.65e-21 (-32.48dB)
[@     4m13s] Timestep:         5840 || Speed:  307.4 MC/s (4.216e-02 s/TS) || Energy: ~9.14e-21 (-32.72dB)
[@     4m17s] Timestep:         5936 || Speed:  308.1 MC/s (4.206e-02 s/TS) || Energy: ~8.32e-21 (-33.12dB)
[@     4m21s] Timestep:         6032 || Speed:  307.4 MC/s (4.216e-02 s/TS) || Energy: ~7.44e-21 (-33.60dB)
[@     4m25s] Timestep:         6128 || Speed:  301.3 MC/s (4.302e-02 s/TS) || Energy: ~6.55e-21 (-34.16dB)
[@     4m29s] Timestep:         6224 || Speed:  303.9 MC/s (4.265e-02 s/TS) || Energy: ~5.83e-21 (-34.67dB)
[@     4m33s] Timestep:         6320 || Speed:  301.5 MC/s (4.299e-02 s/TS) || Energy: ~5.50e-21 (-34.92dB)
[@     4m37s] Timestep:         6416 || Speed:  307.8 MC/s (4.211e-02 s/TS) || Energy: ~5.27e-21 (-35.10dB)
[@     4m41s] Timestep:         6512 || Speed:  304.7 MC/s (4.254e-02 s/TS) || Energy: ~4.78e-21 (-35.53dB)
[@     4m45s] Timestep:         6608 || Speed:  306.9 MC/s (4.222e-02 s/TS) || Energy: ~4.25e-21 (-36.03dB)
[@     4m49s] Timestep:         6704 || Speed:  306.8 MC/s (4.225e-02 s/TS) || Energy: ~3.87e-21 (-36.44dB)
[@     4m53s] Timestep:         6800 || Speed:  308.8 MC/s (4.197e-02 s/TS) || Energy: ~3.58e-21 (-36.79dB)
[@     4m57s] Timestep:         6896 || Speed:  308.2 MC/s (4.205e-02 s/TS) || Energy: ~3.24e-21 (-37.22dB)
[@     5m02s] Timestep:         6992 || Speed:  307.4 MC/s (4.216e-02 s/TS) || Energy: ~2.93e-21 (-37.66dB)
[@     5m06s] Timestep:         7088 || Speed:  303.8 MC/s (4.266e-02 s/TS) || Energy: ~2.69e-21 (-38.03dB)
[@     5m10s] Timestep:         7184 || Speed:  307.8 MC/s (4.210e-02 s/TS) || Energy: ~2.56e-21 (-38.25dB)
[@     5m14s] Timestep:         7280 || Speed:  306.7 MC/s (4.225e-02 s/TS) || Energy: ~2.36e-21 (-38.60dB)
[@     5m18s] Timestep:         7376 || Speed:  301.2 MC/s (4.303e-02 s/TS) || Energy: ~2.12e-21 (-39.05dB)
[@     5m22s] Timestep:         7472 || Speed:  307.0 MC/s (4.222e-02 s/TS) || Energy: ~1.92e-21 (-39.48dB)
[@     5m26s] Timestep:         7568 || Speed:  307.9 MC/s (4.209e-02 s/TS) || Energy: ~1.74e-21 (-39.92dB)
[@     5m30s] Timestep:         7664 || Speed:  307.0 MC/s (4.222e-02 s/TS) || Energy: ~1.55e-21 (-40.43dB)
[@     5m34s] Timestep:         7760 || Speed:  305.0 MC/s (4.249e-02 s/TS) || Energy: ~1.41e-21 (-40.82dB)
[@     5m38s] Timestep:         7856 || Speed:  306.6 MC/s (4.227e-02 s/TS) || Energy: ~1.37e-21 (-40.96dB)
[@     5m42s] Timestep:         7952 || Speed:  300.6 MC/s (4.311e-02 s/TS) || Energy: ~1.30e-21 (-41.18dB)
[@     5m46s] Timestep:         8048 || Speed:  299.0 MC/s (4.335e-02 s/TS) || Energy: ~1.17e-21 (-41.64dB)
[@     5m51s] Timestep:         8144 || Speed:  301.5 MC/s (4.299e-02 s/TS) || Energy: ~1.03e-21 (-42.20dB)
[@     5m55s] Timestep:         8240 || Speed:  305.3 MC/s (4.244e-02 s/TS) || Energy: ~9.45e-22 (-42.57dB)
[@     5m59s] Timestep:         8336 || Speed:  304.4 MC/s (4.258e-02 s/TS) || Energy: ~8.38e-22 (-43.09dB)
[@     6m03s] Timestep:         8432 || Speed:  305.8 MC/s (4.238e-02 s/TS) || Energy: ~7.48e-22 (-43.59dB)
[@     6m07s] Timestep:         8528 || Speed:  305.7 MC/s (4.240e-02 s/TS) || Energy: ~7.43e-22 (-43.61dB)
[@     6m11s] Timestep:         8624 || Speed:  305.8 MC/s (4.238e-02 s/TS) || Energy: ~7.70e-22 (-43.46dB)
[@     6m15s] Timestep:         8720 || Speed:  304.4 MC/s (4.258e-02 s/TS) || Energy: ~7.07e-22 (-43.83dB)
[@     6m19s] Timestep:         8816 || Speed:  306.5 MC/s (4.228e-02 s/TS) || Energy: ~5.73e-22 (-44.74dB)
[@     6m23s] Timestep:         8912 || Speed:  306.5 MC/s (4.229e-02 s/TS) || Energy: ~4.65e-22 (-45.65dB)
[@     6m27s] Timestep:         9008 || Speed:  306.8 MC/s (4.225e-02 s/TS) || Energy: ~4.37e-22 (-45.92dB)
[@     6m31s] Timestep:         9104 || Speed:  306.3 MC/s (4.232e-02 s/TS) || Energy: ~4.46e-22 (-45.83dB)
[@     6m35s] Timestep:         9200 || Speed:  306.5 MC/s (4.228e-02 s/TS) || Energy: ~4.54e-22 (-45.76dB)
[@     6m40s] Timestep:         9296 || Speed:  298.0 MC/s (4.349e-02 s/TS) || Energy: ~4.36e-22 (-45.92dB)
[@     6m44s] Timestep:         9392 || Speed:  306.6 MC/s (4.227e-02 s/TS) || Energy: ~3.93e-22 (-46.38dB)
[@     6m48s] Timestep:         9488 || Speed:  309.3 MC/s (4.191e-02 s/TS) || Energy: ~3.30e-22 (-47.14dB)
[@     6m52s] Timestep:         9584 || Speed:  304.7 MC/s (4.253e-02 s/TS) || Energy: ~2.69e-22 (-48.03dB)
[@     6m56s] Timestep:         9680 || Speed:  306.4 MC/s (4.230e-02 s/TS) || Energy: ~2.37e-22 (-48.58dB)
[@     7m00s] Timestep:         9776 || Speed:  299.1 MC/s (4.333e-02 s/TS) || Energy: ~2.45e-22 (-48.44dB)
[@     7m04s] Timestep:         9872 || Speed:  299.1 MC/s (4.333e-02 s/TS) || Energy: ~2.71e-22 (-48.00dB)
[@     7m08s] Timestep:         9968 || Speed:  301.2 MC/s (4.304e-02 s/TS) || Energy: ~2.67e-22 (-48.06dB)
[@     7m12s] Timestep:        10064 || Speed:  304.3 MC/s (4.259e-02 s/TS) || Energy: ~2.27e-22 (-48.77dB)
[@     7m16s] Timestep:        10160 || Speed:  304.8 MC/s (4.252e-02 s/TS) || Energy: ~1.74e-22 (-49.91dB)
[@     7m20s] Timestep:        10256 || Speed:  301.4 MC/s (4.299e-02 s/TS) || Energy: ~1.44e-22 (-50.73dB)
Time for 10256 iterations with 12960304.00 cells : 440.99 sec
Speed: 301.41 MCells/s 
    [excite port 21/40]
 ---------------------------------------------------------------------- 
 | openEMS 64bit -- version v0.37.0-rc1-2-g7b051bb
 | (C) 2010-2026 Thorsten Liebig <thorsten.liebig@gmx.de>  GPL license
 ---------------------------------------------------------------------- 
	Used external libraries:
		CSXCAD -- Version: v0.7.0-rc1-1-g5115701
		hdf5   -- Version: 1.10.10
		          compiled against: HDF5 library version: 1.10.10
		tinyxml -- compiled against: 2.6.2
		fparser
		boost  -- compiled against: 1_83
		vtk -- Version: 9.1.0
		       compiled against: 9.1.0

Create FDTD operator (compressed SSE + multi-threading)
FDTD simulation size: 244x196x271 --> 12960304.00 FDTD cells 
FDTD timestep is: 0.00 s; Nyquist rate: 34 timesteps @101891945817.00 Hz
Excitation signal length is: 398 timesteps (0.00s)
Max. number of timesteps: 60000 ( --> 150.75 * Excitation signal length)
Create FDTD engine (compressed SSE + multi-threading)
Running FDTD engine... this may take a while... grab a cup of coffee?!?
[@        4s] Timestep:           40 || Speed:  120.6 MC/s (1.075e-01 s/TS) || Energy: ~4.96e-24 (- 0.00dB)
[@        8s] Timestep:          104 || Speed:  200.0 MC/s (6.482e-02 s/TS) || Energy: ~1.06e-20 (- 0.00dB)
[@       12s] Timestep:          184 || Speed:  242.6 MC/s (5.342e-02 s/TS) || Energy: ~4.21e-18 (- 0.00dB)
[@       16s] Timestep:          272 || Speed:  270.5 MC/s (4.791e-02 s/TS) || Energy: ~1.77e-17 (- 0.00dB)
[@       21s] Timestep:          368 || Speed:  293.7 MC/s (4.413e-02 s/TS) || Energy: ~1.61e-17 (- 0.43dB)
[@       25s] Timestep:          464 || Speed:  306.6 MC/s (4.227e-02 s/TS) || Energy: ~1.27e-17 (- 1.47dB)
[@       29s] Timestep:          568 || Speed:  313.5 MC/s (4.134e-02 s/TS) || Energy: ~1.01e-17 (- 2.46dB)
[@       33s] Timestep:          672 || Speed:  311.1 MC/s (4.166e-02 s/TS) || Energy: ~7.91e-18 (- 3.51dB)
Multithreaded Engine: Best performance found using 7 threads.
[@       38s] Timestep:          776 || Speed:  314.2 MC/s (4.125e-02 s/TS) || Energy: ~5.93e-18 (- 4.76dB)
[@       42s] Timestep:          880 || Speed:  311.6 MC/s (4.159e-02 s/TS) || Energy: ~5.15e-18 (- 5.37dB)
[@       46s] Timestep:          984 || Speed:  311.4 MC/s (4.162e-02 s/TS) || Energy: ~4.37e-18 (- 6.08dB)
[@       51s] Timestep:         1088 || Speed:  313.1 MC/s (4.139e-02 s/TS) || Energy: ~3.54e-18 (- 7.00dB)
[@       55s] Timestep:         1192 || Speed:  315.4 MC/s (4.109e-02 s/TS) || Energy: ~3.03e-18 (- 7.67dB)
[@       59s] Timestep:         1296 || Speed:  313.7 MC/s (4.131e-02 s/TS) || Energy: ~2.42e-18 (- 8.65dB)
[@     1m03s] Timestep:         1400 || Speed:  312.7 MC/s (4.145e-02 s/TS) || Energy: ~2.01e-18 (- 9.45dB)
[@     1m08s] Timestep:         1504 || Speed:  316.1 MC/s (4.100e-02 s/TS) || Energy: ~1.67e-18 (-10.25dB)
[@     1m12s] Timestep:         1600 || Speed:  309.2 MC/s (4.191e-02 s/TS) || Energy: ~1.50e-18 (-10.72dB)
[@     1m16s] Timestep:         1704 || Speed:  312.2 MC/s (4.152e-02 s/TS) || Energy: ~1.21e-18 (-11.66dB)
[@     1m20s] Timestep:         1808 || Speed:  312.6 MC/s (4.145e-02 s/TS) || Energy: ~1.07e-18 (-12.20dB)
[@     1m25s] Timestep:         1912 || Speed:  315.5 MC/s (4.108e-02 s/TS) || Energy: ~8.87e-19 (-13.01dB)
[@     1m29s] Timestep:         2016 || Speed:  315.2 MC/s (4.112e-02 s/TS) || Energy: ~7.47e-19 (-13.76dB)
[@     1m33s] Timestep:         2120 || Speed:  314.9 MC/s (4.116e-02 s/TS) || Energy: ~6.62e-19 (-14.28dB)
[@     1m37s] Timestep:         2216 || Speed:  310.9 MC/s (4.169e-02 s/TS) || Energy: ~5.54e-19 (-15.06dB)
[@     1m42s] Timestep:         2320 || Speed:  315.4 MC/s (4.109e-02 s/TS) || Energy: ~4.68e-19 (-15.79dB)
[@     1m46s] Timestep:         2424 || Speed:  312.6 MC/s (4.145e-02 s/TS) || Energy: ~4.18e-19 (-16.28dB)
[@     1m50s] Timestep:         2520 || Speed:  310.1 MC/s (4.179e-02 s/TS) || Energy: ~3.27e-19 (-17.35dB)
[@     1m54s] Timestep:         2624 || Speed:  315.1 MC/s (4.113e-02 s/TS) || Energy: ~2.90e-19 (-17.87dB)
[@     1m58s] Timestep:         2728 || Speed:  314.0 MC/s (4.127e-02 s/TS) || Energy: ~2.56e-19 (-18.41dB)
[@     2m03s] Timestep:         2832 || Speed:  314.1 MC/s (4.127e-02 s/TS) || Energy: ~2.19e-19 (-19.10dB)
[@     2m07s] Timestep:         2936 || Speed:  315.5 MC/s (4.107e-02 s/TS) || Energy: ~1.94e-19 (-19.61dB)
[@     2m11s] Timestep:         3040 || Speed:  313.2 MC/s (4.138e-02 s/TS) || Energy: ~1.72e-19 (-20.14dB)
[@     2m16s] Timestep:         3144 || Speed:  315.2 MC/s (4.112e-02 s/TS) || Energy: ~1.44e-19 (-20.92dB)
[@     2m20s] Timestep:         3248 || Speed:  312.0 MC/s (4.153e-02 s/TS) || Energy: ~1.31e-19 (-21.31dB)
[@     2m24s] Timestep:         3352 || Speed:  314.6 MC/s (4.119e-02 s/TS) || Energy: ~1.15e-19 (-21.88dB)
[@     2m28s] Timestep:         3456 || Speed:  315.3 MC/s (4.110e-02 s/TS) || Energy: ~9.57e-20 (-22.68dB)
[@     2m33s] Timestep:         3560 || Speed:  314.8 MC/s (4.117e-02 s/TS) || Energy: ~9.10e-20 (-22.90dB)
[@     2m37s] Timestep:         3664 || Speed:  313.6 MC/s (4.133e-02 s/TS) || Energy: ~7.68e-20 (-23.64dB)
[@     2m41s] Timestep:         3768 || Speed:  313.7 MC/s (4.131e-02 s/TS) || Energy: ~6.74e-20 (-24.20dB)
[@     2m45s] Timestep:         3864 || Speed:  310.3 MC/s (4.177e-02 s/TS) || Energy: ~6.09e-20 (-24.64dB)
[@     2m49s] Timestep:         3960 || Speed:  310.5 MC/s (4.174e-02 s/TS) || Energy: ~5.36e-20 (-25.20dB)
[@     2m54s] Timestep:         4064 || Speed:  314.6 MC/s (4.119e-02 s/TS) || Energy: ~4.56e-20 (-25.90dB)
[@     2m58s] Timestep:         4160 || Speed:  309.3 MC/s (4.190e-02 s/TS) || Energy: ~4.52e-20 (-25.94dB)
[@     3m02s] Timestep:         4264 || Speed:  313.8 MC/s (4.129e-02 s/TS) || Energy: ~3.81e-20 (-26.68dB)
[@     3m06s] Timestep:         4360 || Speed:  307.9 MC/s (4.209e-02 s/TS) || Energy: ~3.48e-20 (-27.07dB)
[@     3m10s] Timestep:         4456 || Speed:  308.8 MC/s (4.198e-02 s/TS) || Energy: ~3.36e-20 (-27.22dB)
[@     3m14s] Timestep:         4560 || Speed:  311.3 MC/s (4.163e-02 s/TS) || Energy: ~2.90e-20 (-27.86dB)
[@     3m19s] Timestep:         4664 || Speed:  313.3 MC/s (4.137e-02 s/TS) || Energy: ~2.49e-20 (-28.53dB)
[@     3m23s] Timestep:         4768 || Speed:  315.3 MC/s (4.111e-02 s/TS) || Energy: ~2.37e-20 (-28.73dB)
[@     3m27s] Timestep:         4872 || Speed:  313.9 MC/s (4.129e-02 s/TS) || Energy: ~2.04e-20 (-29.40dB)
[@     3m31s] Timestep:         4976 || Speed:  314.1 MC/s (4.126e-02 s/TS) || Energy: ~1.74e-20 (-30.08dB)
[@     3m36s] Timestep:         5080 || Speed:  314.8 MC/s (4.117e-02 s/TS) || Energy: ~1.69e-20 (-30.22dB)
[@     3m40s] Timestep:         5184 || Speed:  315.0 MC/s (4.114e-02 s/TS) || Energy: ~1.43e-20 (-30.93dB)
[@     3m44s] Timestep:         5280 || Speed:  309.1 MC/s (4.194e-02 s/TS) || Energy: ~1.23e-20 (-31.58dB)
[@     3m48s] Timestep:         5384 || Speed:  312.5 MC/s (4.147e-02 s/TS) || Energy: ~1.17e-20 (-31.81dB)
[@     3m53s] Timestep:         5488 || Speed:  316.6 MC/s (4.093e-02 s/TS) || Energy: ~1.05e-20 (-32.29dB)
[@     3m57s] Timestep:         5592 || Speed:  314.1 MC/s (4.126e-02 s/TS) || Energy: ~8.91e-21 (-32.99dB)
[@     4m01s] Timestep:         5696 || Speed:  315.4 MC/s (4.110e-02 s/TS) || Energy: ~8.46e-21 (-33.21dB)
[@     4m05s] Timestep:         5792 || Speed:  306.4 MC/s (4.230e-02 s/TS) || Energy: ~7.41e-21 (-33.79dB)
[@     4m10s] Timestep:         5896 || Speed:  310.0 MC/s (4.181e-02 s/TS) || Energy: ~6.61e-21 (-34.29dB)
[@     4m14s] Timestep:         6000 || Speed:  311.7 MC/s (4.158e-02 s/TS) || Energy: ~5.86e-21 (-34.81dB)
[@     4m18s] Timestep:         6096 || Speed:  303.1 MC/s (4.276e-02 s/TS) || Energy: ~5.21e-21 (-35.33dB)
[@     4m22s] Timestep:         6192 || Speed:  292.7 MC/s (4.428e-02 s/TS) || Energy: ~4.88e-21 (-35.61dB)
[@     4m26s] Timestep:         6288 || Speed:  305.6 MC/s (4.240e-02 s/TS) || Energy: ~4.34e-21 (-36.12dB)
[@     4m31s] Timestep:         6392 || Speed:  314.7 MC/s (4.118e-02 s/TS) || Energy: ~3.85e-21 (-36.64dB)
[@     4m35s] Timestep:         6496 || Speed:  311.6 MC/s (4.159e-02 s/TS) || Energy: ~3.49e-21 (-37.06dB)
[@     4m39s] Timestep:         6592 || Speed:  305.8 MC/s (4.238e-02 s/TS) || Energy: ~3.28e-21 (-37.33dB)
[@     4m43s] Timestep:         6688 || Speed:  300.5 MC/s (4.312e-02 s/TS) || Energy: ~3.14e-21 (-37.52dB)
[@     4m47s] Timestep:         6784 || Speed:  299.6 MC/s (4.326e-02 s/TS) || Energy: ~2.67e-21 (-38.23dB)
[@     4m52s] Timestep:         6888 || Speed:  311.9 MC/s (4.155e-02 s/TS) || Energy: ~2.54e-21 (-38.44dB)
[@     4m56s] Timestep:         6992 || Speed:  313.8 MC/s (4.130e-02 s/TS) || Energy: ~2.33e-21 (-38.82dB)
[@     5m00s] Timestep:         7096 || Speed:  314.2 MC/s (4.125e-02 s/TS) || Energy: ~1.96e-21 (-39.57dB)
[@     5m05s] Timestep:         7200 || Speed:  312.4 MC/s (4.148e-02 s/TS) || Energy: ~1.96e-21 (-39.56dB)
[@     5m09s] Timestep:         7296 || Speed:  310.7 MC/s (4.171e-02 s/TS) || Energy: ~1.66e-21 (-40.28dB)
[@     5m13s] Timestep:         7400 || Speed:  312.3 MC/s (4.149e-02 s/TS) || Energy: ~1.48e-21 (-40.80dB)
[@     5m17s] Timestep:         7504 || Speed:  313.9 MC/s (4.129e-02 s/TS) || Energy: ~1.49e-21 (-40.77dB)
[@     5m21s] Timestep:         7608 || Speed:  312.2 MC/s (4.151e-02 s/TS) || Energy: ~1.15e-21 (-41.88dB)
[@     5m26s] Timestep:         7712 || Speed:  315.7 MC/s (4.106e-02 s/TS) || Energy: ~1.17e-21 (-41.80dB)
[@     5m30s] Timestep:         7808 || Speed:  310.5 MC/s (4.173e-02 s/TS) || Energy: ~1.10e-21 (-42.07dB)
[@     5m34s] Timestep:         7912 || Speed:  312.1 MC/s (4.153e-02 s/TS) || Energy: ~8.32e-22 (-43.29dB)
[@     5m38s] Timestep:         8016 || Speed:  312.8 MC/s (4.144e-02 s/TS) || Energy: ~8.35e-22 (-43.27dB)
[@     5m43s] Timestep:         8120 || Speed:  314.2 MC/s (4.124e-02 s/TS) || Energy: ~8.02e-22 (-43.45dB)
[@     5m47s] Timestep:         8224 || Speed:  314.0 MC/s (4.127e-02 s/TS) || Energy: ~6.20e-22 (-44.57dB)
[@     5m51s] Timestep:         8328 || Speed:  312.2 MC/s (4.152e-02 s/TS) || Energy: ~6.43e-22 (-44.41dB)
[@     5m56s] Timestep:         8432 || Speed:  315.6 MC/s (4.106e-02 s/TS) || Energy: ~5.81e-22 (-44.85dB)
[@     6m00s] Timestep:         8536 || Speed:  314.3 MC/s (4.124e-02 s/TS) || Energy: ~4.70e-22 (-45.77dB)
[@     6m04s] Timestep:         8640 || Speed:  314.6 MC/s (4.120e-02 s/TS) || Energy: ~4.95e-22 (-45.54dB)
[@     6m08s] Timestep:         8744 || Speed:  313.6 MC/s (4.132e-02 s/TS) || Energy: ~4.20e-22 (-46.26dB)
[@     6m13s] Timestep:         8848 || Speed:  313.9 MC/s (4.129e-02 s/TS) || Energy: ~3.63e-22 (-46.89dB)
[@     6m17s] Timestep:         8952 || Speed:  314.3 MC/s (4.124e-02 s/TS) || Energy: ~3.74e-22 (-46.76dB)
[@     6m21s] Timestep:         9048 || Speed:  307.4 MC/s (4.216e-02 s/TS) || Energy: ~3.13e-22 (-47.54dB)
[@     6m25s] Timestep:         9144 || Speed:  310.2 MC/s (4.178e-02 s/TS) || Energy: ~2.55e-22 (-48.42dB)
[@     6m29s] Timestep:         9240 || Speed:  291.9 MC/s (4.440e-02 s/TS) || Energy: ~2.46e-22 (-48.58dB)
[@     6m33s] Timestep:         9336 || Speed:  302.4 MC/s (4.286e-02 s/TS) || Energy: ~2.60e-22 (-48.34dB)
[@     6m38s] Timestep:         9432 || Speed:  303.5 MC/s (4.270e-02 s/TS) || Energy: ~2.32e-22 (-48.83dB)
[@     6m42s] Timestep:         9528 || Speed:  302.7 MC/s (4.282e-02 s/TS) || Energy: ~1.91e-22 (-49.67dB)
[@     6m46s] Timestep:         9624 || Speed:  292.5 MC/s (4.431e-02 s/TS) || Energy: ~1.83e-22 (-49.86dB)
[@     6m50s] Timestep:         9720 || Speed:  297.8 MC/s (4.352e-02 s/TS) || Energy: ~1.81e-22 (-49.90dB)
[@     6m54s] Timestep:         9816 || Speed:  299.9 MC/s (4.322e-02 s/TS) || Energy: ~1.51e-22 (-50.70dB)
Time for 9816 iterations with 12960304.00 cells : 414.76 sec
Speed: 306.73 MCells/s 
    [excite port 22/40]
 ---------------------------------------------------------------------- 
 | openEMS 64bit -- version v0.37.0-rc1-2-g7b051bb
 | (C) 2010-2026 Thorsten Liebig <thorsten.liebig@gmx.de>  GPL license
 ---------------------------------------------------------------------- 
	Used external libraries:
		CSXCAD -- Version: v0.7.0-rc1-1-g5115701
		hdf5   -- Version: 1.10.10
		          compiled against: HDF5 library version: 1.10.10
		tinyxml -- compiled against: 2.6.2
		fparser
		boost  -- compiled against: 1_83
		vtk -- Version: 9.1.0
		       compiled against: 9.1.0

Create FDTD operator (compressed SSE + multi-threading)
FDTD simulation size: 244x196x271 --> 12960304.00 FDTD cells 
FDTD timestep is: 0.00 s; Nyquist rate: 34 timesteps @101891945817.00 Hz
Excitation signal length is: 398 timesteps (0.00s)
Max. number of timesteps: 60000 ( --> 150.75 * Excitation signal length)
Create FDTD engine (compressed SSE + multi-threading)
Running FDTD engine... this may take a while... grab a cup of coffee?!?
[@        4s] Timestep:           40 || Speed:  122.8 MC/s (1.055e-01 s/TS) || Energy: ~4.96e-24 (- 0.00dB)
[@        8s] Timestep:          104 || Speed:  200.5 MC/s (6.464e-02 s/TS) || Energy: ~1.06e-20 (- 0.00dB)
[@       12s] Timestep:          184 || Speed:  244.4 MC/s (5.302e-02 s/TS) || Energy: ~4.20e-18 (- 0.00dB)
[@       16s] Timestep:          272 || Speed:  271.3 MC/s (4.777e-02 s/TS) || Energy: ~1.79e-17 (- 0.00dB)
[@       21s] Timestep:          368 || Speed:  289.2 MC/s (4.482e-02 s/TS) || Energy: ~1.66e-17 (- 0.31dB)
[@       25s] Timestep:          464 || Speed:  298.8 MC/s (4.337e-02 s/TS) || Energy: ~1.26e-17 (- 1.52dB)
[@       29s] Timestep:          560 || Speed:  310.4 MC/s (4.175e-02 s/TS) || Energy: ~1.03e-17 (- 2.38dB)
[@       33s] Timestep:          656 || Speed:  304.2 MC/s (4.260e-02 s/TS) || Energy: ~8.61e-18 (- 3.17dB)
Multithreaded Engine: Best performance found using 7 threads.
[@       37s] Timestep:          760 || Speed:  313.6 MC/s (4.133e-02 s/TS) || Energy: ~6.45e-18 (- 4.43dB)
[@       41s] Timestep:          864 || Speed:  313.6 MC/s (4.133e-02 s/TS) || Energy: ~5.08e-18 (- 5.46dB)
[@       46s] Timestep:          960 || Speed:  306.8 MC/s (4.224e-02 s/TS) || Energy: ~4.42e-18 (- 6.06dB)
[@       50s] Timestep:         1064 || Speed:  312.1 MC/s (4.153e-02 s/TS) || Energy: ~3.67e-18 (- 6.88dB)
[@       54s] Timestep:         1160 || Speed:  306.8 MC/s (4.225e-02 s/TS) || Energy: ~2.99e-18 (- 7.76dB)
[@       58s] Timestep:         1264 || Speed:  313.3 MC/s (4.136e-02 s/TS) || Energy: ~2.42e-18 (- 8.68dB)
[@     1m02s] Timestep:         1368 || Speed:  313.2 MC/s (4.138e-02 s/TS) || Energy: ~1.92e-18 (- 9.69dB)
[@     1m07s] Timestep:         1472 || Speed:  314.3 MC/s (4.124e-02 s/TS) || Energy: ~1.61e-18 (-10.45dB)
[@     1m11s] Timestep:         1576 || Speed:  312.7 MC/s (4.144e-02 s/TS) || Energy: ~1.28e-18 (-11.44dB)
[@     1m15s] Timestep:         1680 || Speed:  312.2 MC/s (4.151e-02 s/TS) || Energy: ~1.14e-18 (-11.93dB)
[@     1m20s] Timestep:         1784 || Speed:  313.4 MC/s (4.135e-02 s/TS) || Energy: ~9.36e-19 (-12.81dB)
[@     1m24s] Timestep:         1880 || Speed:  307.6 MC/s (4.213e-02 s/TS) || Energy: ~8.74e-19 (-13.11dB)
[@     1m28s] Timestep:         1984 || Speed:  312.3 MC/s (4.149e-02 s/TS) || Energy: ~8.03e-19 (-13.47dB)
[@     1m32s] Timestep:         2088 || Speed:  313.2 MC/s (4.138e-02 s/TS) || Energy: ~6.53e-19 (-14.37dB)
[@     1m37s] Timestep:         2192 || Speed:  313.7 MC/s (4.132e-02 s/TS) || Energy: ~5.58e-19 (-15.06dB)
[@     1m41s] Timestep:         2296 || Speed:  312.8 MC/s (4.143e-02 s/TS) || Energy: ~5.19e-19 (-15.37dB)
[@     1m45s] Timestep:         2400 || Speed:  311.5 MC/s (4.160e-02 s/TS) || Energy: ~4.22e-19 (-16.26dB)
[@     1m49s] Timestep:         2496 || Speed:  309.8 MC/s (4.183e-02 s/TS) || Energy: ~4.11e-19 (-16.38dB)
[@     1m53s] Timestep:         2592 || Speed:  309.2 MC/s (4.192e-02 s/TS) || Energy: ~3.80e-19 (-16.73dB)
[@     1m58s] Timestep:         2696 || Speed:  312.7 MC/s (4.145e-02 s/TS) || Energy: ~3.35e-19 (-17.27dB)
[@     2m02s] Timestep:         2800 || Speed:  313.3 MC/s (4.137e-02 s/TS) || Energy: ~2.91e-19 (-17.89dB)
[@     2m06s] Timestep:         2896 || Speed:  304.5 MC/s (4.257e-02 s/TS) || Energy: ~2.44e-19 (-18.65dB)
[@     2m10s] Timestep:         3000 || Speed:  313.5 MC/s (4.134e-02 s/TS) || Energy: ~2.22e-19 (-19.06dB)
[@     2m15s] Timestep:         3104 || Speed:  313.0 MC/s (4.140e-02 s/TS) || Energy: ~1.90e-19 (-19.74dB)
[@     2m19s] Timestep:         3208 || Speed:  314.2 MC/s (4.125e-02 s/TS) || Energy: ~1.68e-19 (-20.26dB)
[@     2m23s] Timestep:         3304 || Speed:  309.9 MC/s (4.183e-02 s/TS) || Energy: ~1.42e-19 (-21.00dB)
[@     2m27s] Timestep:         3408 || Speed:  313.4 MC/s (4.135e-02 s/TS) || Energy: ~1.23e-19 (-21.63dB)
[@     2m32s] Timestep:         3512 || Speed:  313.7 MC/s (4.132e-02 s/TS) || Energy: ~1.08e-19 (-22.18dB)
[@     2m36s] Timestep:         3616 || Speed:  313.7 MC/s (4.131e-02 s/TS) || Energy: ~9.61e-20 (-22.70dB)
[@     2m40s] Timestep:         3720 || Speed:  313.5 MC/s (4.135e-02 s/TS) || Energy: ~8.67e-20 (-23.14dB)
[@     2m44s] Timestep:         3816 || Speed:  308.7 MC/s (4.198e-02 s/TS) || Energy: ~7.43e-20 (-23.81dB)
[@     2m48s] Timestep:         3912 || Speed:  309.3 MC/s (4.191e-02 s/TS) || Energy: ~6.78e-20 (-24.21dB)
[@     2m52s] Timestep:         4008 || Speed:  306.7 MC/s (4.225e-02 s/TS) || Energy: ~6.07e-20 (-24.69dB)
[@     2m56s] Timestep:         4104 || Speed:  306.3 MC/s (4.231e-02 s/TS) || Energy: ~5.71e-20 (-24.96dB)
[@     3m00s] Timestep:         4200 || Speed:  310.5 MC/s (4.173e-02 s/TS) || Energy: ~5.31e-20 (-25.27dB)
[@     3m04s] Timestep:         4296 || Speed:  300.9 MC/s (4.307e-02 s/TS) || Energy: ~4.50e-20 (-25.99dB)
[@     3m09s] Timestep:         4392 || Speed:  306.5 MC/s (4.228e-02 s/TS) || Energy: ~3.86e-20 (-26.66dB)
[@     3m13s] Timestep:         4488 || Speed:  298.8 MC/s (4.337e-02 s/TS) || Energy: ~3.53e-20 (-27.04dB)
[@     3m17s] Timestep:         4584 || Speed:  302.9 MC/s (4.279e-02 s/TS) || Energy: ~3.30e-20 (-27.34dB)
[@     3m21s] Timestep:         4688 || Speed:  314.6 MC/s (4.120e-02 s/TS) || Energy: ~2.96e-20 (-27.82dB)
[@     3m25s] Timestep:         4784 || Speed:  310.7 MC/s (4.171e-02 s/TS) || Energy: ~2.89e-20 (-27.91dB)
[@     3m29s] Timestep:         4888 || Speed:  314.3 MC/s (4.124e-02 s/TS) || Energy: ~2.47e-20 (-28.59dB)
[@     3m33s] Timestep:         4984 || Speed:  310.1 MC/s (4.179e-02 s/TS) || Energy: ~2.18e-20 (-29.15dB)
[@     3m37s] Timestep:         5080 || Speed:  310.0 MC/s (4.181e-02 s/TS) || Energy: ~2.07e-20 (-29.36dB)
[@     3m42s] Timestep:         5176 || Speed:  300.9 MC/s (4.308e-02 s/TS) || Energy: ~1.80e-20 (-29.98dB)
[@     3m46s] Timestep:         5272 || Speed:  301.5 MC/s (4.299e-02 s/TS) || Energy: ~1.44e-20 (-30.94dB)
[@     3m50s] Timestep:         5368 || Speed:  305.3 MC/s (4.245e-02 s/TS) || Energy: ~1.32e-20 (-31.30dB)
[@     3m54s] Timestep:         5464 || Speed:  310.0 MC/s (4.181e-02 s/TS) || Energy: ~1.45e-20 (-30.90dB)
[@     3m58s] Timestep:         5560 || Speed:  308.2 MC/s (4.205e-02 s/TS) || Energy: ~1.42e-20 (-31.01dB)
[@     4m02s] Timestep:         5656 || Speed:  308.1 MC/s (4.207e-02 s/TS) || Energy: ~1.15e-20 (-31.92dB)
[@     4m06s] Timestep:         5752 || Speed:  309.9 MC/s (4.183e-02 s/TS) || Energy: ~9.70e-21 (-32.65dB)
[@     4m10s] Timestep:         5856 || Speed:  312.2 MC/s (4.151e-02 s/TS) || Energy: ~9.38e-21 (-32.80dB)
[@     4m14s] Timestep:         5952 || Speed:  304.1 MC/s (4.261e-02 s/TS) || Energy: ~7.54e-21 (-33.75dB)
[@     4m18s] Timestep:         6048 || Speed:  300.1 MC/s (4.319e-02 s/TS) || Energy: ~6.81e-21 (-34.19dB)
[@     4m22s] Timestep:         6144 || Speed:  306.9 MC/s (4.222e-02 s/TS) || Energy: ~7.14e-21 (-33.98dB)
[@     4m27s] Timestep:         6240 || Speed:  305.2 MC/s (4.247e-02 s/TS) || Energy: ~7.09e-21 (-34.02dB)
[@     4m31s] Timestep:         6344 || Speed:  313.1 MC/s (4.140e-02 s/TS) || Energy: ~5.63e-21 (-35.02dB)
[@     4m35s] Timestep:         6448 || Speed:  312.9 MC/s (4.142e-02 s/TS) || Energy: ~5.78e-21 (-34.90dB)
[@     4m39s] Timestep:         6544 || Speed:  310.7 MC/s (4.171e-02 s/TS) || Energy: ~5.48e-21 (-35.13dB)
[@     4m43s] Timestep:         6640 || Speed:  309.3 MC/s (4.190e-02 s/TS) || Energy: ~4.42e-21 (-36.07dB)
[@     4m47s] Timestep:         6744 || Speed:  313.9 MC/s (4.129e-02 s/TS) || Energy: ~4.25e-21 (-36.24dB)
[@     4m52s] Timestep:         6848 || Speed:  313.0 MC/s (4.140e-02 s/TS) || Energy: ~4.08e-21 (-36.41dB)
[@     4m56s] Timestep:         6944 || Speed:  309.2 MC/s (4.192e-02 s/TS) || Energy: ~3.17e-21 (-37.52dB)
[@     5m00s] Timestep:         7040 || Speed:  308.5 MC/s (4.202e-02 s/TS) || Energy: ~2.64e-21 (-38.31dB)
[@     5m04s] Timestep:         7136 || Speed:  309.8 MC/s (4.184e-02 s/TS) || Energy: ~2.54e-21 (-38.47dB)
[@     5m08s] Timestep:         7240 || Speed:  313.5 MC/s (4.134e-02 s/TS) || Energy: ~2.25e-21 (-38.99dB)
[@     5m12s] Timestep:         7344 || Speed:  314.4 MC/s (4.122e-02 s/TS) || Energy: ~2.03e-21 (-39.45dB)
[@     5m16s] Timestep:         7440 || Speed:  310.4 MC/s (4.175e-02 s/TS) || Energy: ~2.02e-21 (-39.46dB)
[@     5m21s] Timestep:         7544 || Speed:  314.0 MC/s (4.128e-02 s/TS) || Energy: ~1.79e-21 (-40.00dB)
[@     5m25s] Timestep:         7640 || Speed:  301.1 MC/s (4.305e-02 s/TS) || Energy: ~1.79e-21 (-40.00dB)
[@     5m29s] Timestep:         7736 || Speed:  309.7 MC/s (4.185e-02 s/TS) || Energy: ~1.81e-21 (-39.95dB)
[@     5m33s] Timestep:         7840 || Speed:  313.7 MC/s (4.131e-02 s/TS) || Energy: ~1.62e-21 (-40.42dB)
[@     5m37s] Timestep:         7944 || Speed:  314.0 MC/s (4.127e-02 s/TS) || Energy: ~1.45e-21 (-40.92dB)
[@     5m42s] Timestep:         8048 || Speed:  314.5 MC/s (4.121e-02 s/TS) || Energy: ~1.36e-21 (-41.18dB)
[@     5m46s] Timestep:         8152 || Speed:  312.8 MC/s (4.144e-02 s/TS) || Energy: ~1.24e-21 (-41.59dB)
[@     5m50s] Timestep:         8248 || Speed:  310.8 MC/s (4.170e-02 s/TS) || Energy: ~1.09e-21 (-42.15dB)
[@     5m54s] Timestep:         8352 || Speed:  311.9 MC/s (4.155e-02 s/TS) || Energy: ~1.02e-21 (-42.44dB)
[@     5m58s] Timestep:         8448 || Speed:  310.5 MC/s (4.174e-02 s/TS) || Energy: ~9.10e-22 (-42.93dB)
[@     6m03s] Timestep:         8552 || Speed:  314.3 MC/s (4.123e-02 s/TS) || Energy: ~8.07e-22 (-43.45dB)
[@     6m07s] Timestep:         8648 || Speed:  310.9 MC/s (4.168e-02 s/TS) || Energy: ~6.51e-22 (-44.39dB)
[@     6m11s] Timestep:         8752 || Speed:  314.2 MC/s (4.125e-02 s/TS) || Energy: ~6.28e-22 (-44.54dB)
[@     6m15s] Timestep:         8856 || Speed:  313.3 MC/s (4.136e-02 s/TS) || Energy: ~5.78e-22 (-44.90dB)
[@     6m20s] Timestep:         8960 || Speed:  313.8 MC/s (4.130e-02 s/TS) || Energy: ~5.14e-22 (-45.41dB)
[@     6m24s] Timestep:         9064 || Speed:  313.1 MC/s (4.139e-02 s/TS) || Energy: ~4.78e-22 (-45.72dB)
[@     6m28s] Timestep:         9168 || Speed:  312.2 MC/s (4.151e-02 s/TS) || Energy: ~4.55e-22 (-45.94dB)
[@     6m32s] Timestep:         9272 || Speed:  314.4 MC/s (4.122e-02 s/TS) || Energy: ~4.01e-22 (-46.49dB)
[@     6m37s] Timestep:         9376 || Speed:  312.9 MC/s (4.142e-02 s/TS) || Energy: ~3.58e-22 (-46.98dB)
[@     6m41s] Timestep:         9472 || Speed:  310.0 MC/s (4.181e-02 s/TS) || Energy: ~3.35e-22 (-47.27dB)
[@     6m45s] Timestep:         9568 || Speed:  310.7 MC/s (4.171e-02 s/TS) || Energy: ~3.20e-22 (-47.48dB)
[@     6m49s] Timestep:         9672 || Speed:  312.7 MC/s (4.145e-02 s/TS) || Energy: ~2.65e-22 (-48.29dB)
[@     6m53s] Timestep:         9776 || Speed:  313.3 MC/s (4.137e-02 s/TS) || Energy: ~2.46e-22 (-48.61dB)
[@     6m58s] Timestep:         9880 || Speed:  313.2 MC/s (4.138e-02 s/TS) || Energy: ~2.45e-22 (-48.63dB)
[@     7m02s] Timestep:         9984 || Speed:  314.6 MC/s (4.120e-02 s/TS) || Energy: ~2.09e-22 (-49.31dB)
[@     7m06s] Timestep:        10088 || Speed:  313.0 MC/s (4.140e-02 s/TS) || Energy: ~1.89e-22 (-49.76dB)
[@     7m11s] Timestep:        10192 || Speed:  314.8 MC/s (4.116e-02 s/TS) || Energy: ~1.83e-22 (-49.90dB)
[@     7m15s] Timestep:        10296 || Speed:  315.3 MC/s (4.111e-02 s/TS) || Energy: ~1.64e-22 (-50.36dB)
Time for 10296 iterations with 12960304.00 cells : 435.38 sec
Speed: 306.49 MCells/s 
    [excite port 23/40]
 ---------------------------------------------------------------------- 
 | openEMS 64bit -- version v0.37.0-rc1-2-g7b051bb
 | (C) 2010-2026 Thorsten Liebig <thorsten.liebig@gmx.de>  GPL license
 ---------------------------------------------------------------------- 
	Used external libraries:
		CSXCAD -- Version: v0.7.0-rc1-1-g5115701
		hdf5   -- Version: 1.10.10
		          compiled against: HDF5 library version: 1.10.10
		tinyxml -- compiled against: 2.6.2
		fparser
		boost  -- compiled against: 1_83
		vtk -- Version: 9.1.0
		       compiled against: 9.1.0

Create FDTD operator (compressed SSE + multi-threading)
FDTD simulation size: 244x196x271 --> 12960304.00 FDTD cells 
FDTD timestep is: 0.00 s; Nyquist rate: 34 timesteps @101891945817.00 Hz
Excitation signal length is: 398 timesteps (0.00s)
Max. number of timesteps: 60000 ( --> 150.75 * Excitation signal length)
Create FDTD engine (compressed SSE + multi-threading)
Running FDTD engine... this may take a while... grab a cup of coffee?!?
[@        4s] Timestep:           40 || Speed:  122.5 MC/s (1.058e-01 s/TS) || Energy: ~4.90e-24 (- 0.00dB)
[@        8s] Timestep:          104 || Speed:  201.2 MC/s (6.442e-02 s/TS) || Energy: ~1.03e-20 (- 0.00dB)
[@       12s] Timestep:          184 || Speed:  243.6 MC/s (5.320e-02 s/TS) || Energy: ~4.08e-18 (- 0.00dB)
[@       16s] Timestep:          272 || Speed:  272.9 MC/s (4.750e-02 s/TS) || Energy: ~1.72e-17 (- 0.00dB)
[@       21s] Timestep:          368 || Speed:  294.9 MC/s (4.395e-02 s/TS) || Energy: ~1.58e-17 (- 0.38dB)
[@       25s] Timestep:          464 || Speed:  309.3 MC/s (4.191e-02 s/TS) || Energy: ~1.39e-17 (- 0.92dB)
[@       29s] Timestep:          560 || Speed:  307.8 MC/s (4.211e-02 s/TS) || Energy: ~1.20e-17 (- 1.56dB)
Multithreaded Engine: Best performance found using 6 threads.
[@       33s] Timestep:          656 || Speed:  300.6 MC/s (4.312e-02 s/TS) || Energy: ~9.71e-18 (- 2.49dB)
[@       37s] Timestep:          752 || Speed:  308.3 MC/s (4.204e-02 s/TS) || Energy: ~6.90e-18 (- 3.97dB)
[@       41s] Timestep:          848 || Speed:  305.5 MC/s (4.243e-02 s/TS) || Energy: ~5.51e-18 (- 4.95dB)
[@       45s] Timestep:          944 || Speed:  305.7 MC/s (4.239e-02 s/TS) || Energy: ~4.72e-18 (- 5.62dB)
[@       49s] Timestep:         1040 || Speed:  308.5 MC/s (4.201e-02 s/TS) || Energy: ~4.12e-18 (- 6.21dB)
[@       53s] Timestep:         1136 || Speed:  310.0 MC/s (4.181e-02 s/TS) || Energy: ~3.39e-18 (- 7.06dB)
[@       57s] Timestep:         1232 || Speed:  303.6 MC/s (4.269e-02 s/TS) || Energy: ~2.68e-18 (- 8.08dB)
[@     1m01s] Timestep:         1328 || Speed:  308.5 MC/s (4.201e-02 s/TS) || Energy: ~2.12e-18 (- 9.09dB)
[@     1m05s] Timestep:         1424 || Speed:  307.8 MC/s (4.211e-02 s/TS) || Energy: ~1.75e-18 (- 9.94dB)
[@     1m09s] Timestep:         1520 || Speed:  306.1 MC/s (4.234e-02 s/TS) || Energy: ~1.52e-18 (-10.54dB)
[@     1m13s] Timestep:         1616 || Speed:  308.9 MC/s (4.196e-02 s/TS) || Energy: ~1.26e-18 (-11.36dB)
[@     1m17s] Timestep:         1712 || Speed:  307.6 MC/s (4.213e-02 s/TS) || Energy: ~1.08e-18 (-12.04dB)
[@     1m21s] Timestep:         1808 || Speed:  307.3 MC/s (4.217e-02 s/TS) || Energy: ~9.16e-19 (-12.74dB)
[@     1m25s] Timestep:         1904 || Speed:  308.0 MC/s (4.207e-02 s/TS) || Energy: ~7.56e-19 (-13.58dB)
[@     1m29s] Timestep:         2000 || Speed:  307.7 MC/s (4.212e-02 s/TS) || Energy: ~6.40e-19 (-14.30dB)
[@     1m33s] Timestep:         2096 || Speed:  302.2 MC/s (4.289e-02 s/TS) || Energy: ~5.92e-19 (-14.64dB)
[@     1m38s] Timestep:         2192 || Speed:  299.9 MC/s (4.321e-02 s/TS) || Energy: ~5.39e-19 (-15.05dB)
[@     1m42s] Timestep:         2288 || Speed:  302.6 MC/s (4.283e-02 s/TS) || Energy: ~4.62e-19 (-15.71dB)
[@     1m46s] Timestep:         2384 || Speed:  306.8 MC/s (4.225e-02 s/TS) || Energy: ~3.75e-19 (-16.62dB)
[@     1m50s] Timestep:         2480 || Speed:  305.4 MC/s (4.244e-02 s/TS) || Energy: ~2.98e-19 (-17.63dB)
[@     1m54s] Timestep:         2576 || Speed:  308.0 MC/s (4.208e-02 s/TS) || Energy: ~2.55e-19 (-18.29dB)
[@     1m58s] Timestep:         2672 || Speed:  307.7 MC/s (4.212e-02 s/TS) || Energy: ~2.45e-19 (-18.47dB)
[@     2m02s] Timestep:         2768 || Speed:  306.9 MC/s (4.223e-02 s/TS) || Energy: ~2.49e-19 (-18.41dB)
[@     2m06s] Timestep:         2864 || Speed:  306.7 MC/s (4.226e-02 s/TS) || Energy: ~2.26e-19 (-18.82dB)
[@     2m10s] Timestep:         2960 || Speed:  306.6 MC/s (4.227e-02 s/TS) || Energy: ~1.83e-19 (-19.75dB)
[@     2m14s] Timestep:         3056 || Speed:  310.0 MC/s (4.181e-02 s/TS) || Energy: ~1.49e-19 (-20.64dB)
[@     2m18s] Timestep:         3152 || Speed:  309.2 MC/s (4.191e-02 s/TS) || Energy: ~1.20e-19 (-21.57dB)
[@     2m22s] Timestep:         3248 || Speed:  307.1 MC/s (4.220e-02 s/TS) || Energy: ~1.07e-19 (-22.09dB)
[@     2m26s] Timestep:         3344 || Speed:  309.2 MC/s (4.192e-02 s/TS) || Energy: ~1.07e-19 (-22.06dB)
[@     2m30s] Timestep:         3440 || Speed:  309.1 MC/s (4.193e-02 s/TS) || Energy: ~1.07e-19 (-22.08dB)
[@     2m34s] Timestep:         3536 || Speed:  307.9 MC/s (4.210e-02 s/TS) || Energy: ~9.77e-20 (-22.47dB)
[@     2m38s] Timestep:         3632 || Speed:  303.5 MC/s (4.270e-02 s/TS) || Energy: ~7.91e-20 (-23.38dB)
[@     2m43s] Timestep:         3728 || Speed:  304.5 MC/s (4.256e-02 s/TS) || Energy: ~6.02e-20 (-24.57dB)
[@     2m47s] Timestep:         3824 || Speed:  305.8 MC/s (4.238e-02 s/TS) || Energy: ~5.05e-20 (-25.33dB)
[@     2m51s] Timestep:         3920 || Speed:  304.7 MC/s (4.253e-02 s/TS) || Energy: ~5.00e-20 (-25.38dB)
[@     2m55s] Timestep:         4016 || Speed:  298.2 MC/s (4.346e-02 s/TS) || Energy: ~5.12e-20 (-25.27dB)
[@     2m59s] Timestep:         4112 || Speed:  308.2 MC/s (4.204e-02 s/TS) || Energy: ~4.82e-20 (-25.53dB)
[@     3m03s] Timestep:         4208 || Speed:  308.8 MC/s (4.197e-02 s/TS) || Energy: ~4.29e-20 (-26.04dB)
[@     3m07s] Timestep:         4304 || Speed:  306.7 MC/s (4.226e-02 s/TS) || Energy: ~3.47e-20 (-26.97dB)
[@     3m11s] Timestep:         4400 || Speed:  306.7 MC/s (4.226e-02 s/TS) || Energy: ~2.73e-20 (-28.00dB)
[@     3m15s] Timestep:         4496 || Speed:  309.3 MC/s (4.190e-02 s/TS) || Energy: ~2.44e-20 (-28.48dB)
[@     3m19s] Timestep:         4592 || Speed:  309.9 MC/s (4.181e-02 s/TS) || Energy: ~2.37e-20 (-28.61dB)
[@     3m23s] Timestep:         4688 || Speed:  308.5 MC/s (4.201e-02 s/TS) || Energy: ~2.48e-20 (-28.41dB)
[@     3m27s] Timestep:         4784 || Speed:  308.7 MC/s (4.199e-02 s/TS) || Energy: ~2.44e-20 (-28.49dB)
[@     3m31s] Timestep:         4880 || Speed:  308.4 MC/s (4.202e-02 s/TS) || Energy: ~1.95e-20 (-29.47dB)
[@     3m35s] Timestep:         4976 || Speed:  308.3 MC/s (4.204e-02 s/TS) || Energy: ~1.53e-20 (-30.53dB)
[@     3m39s] Timestep:         5072 || Speed:  301.2 MC/s (4.303e-02 s/TS) || Energy: ~1.37e-20 (-31.01dB)
[@     3m43s] Timestep:         5168 || Speed:  306.6 MC/s (4.227e-02 s/TS) || Energy: ~1.20e-20 (-31.55dB)
[@     3m47s] Timestep:         5264 || Speed:  308.4 MC/s (4.202e-02 s/TS) || Energy: ~1.16e-20 (-31.71dB)
[@     3m51s] Timestep:         5360 || Speed:  309.0 MC/s (4.195e-02 s/TS) || Energy: ~1.23e-20 (-31.45dB)
[@     3m55s] Timestep:         5456 || Speed:  308.4 MC/s (4.202e-02 s/TS) || Energy: ~1.15e-20 (-31.75dB)
[@     4m00s] Timestep:         5552 || Speed:  307.3 MC/s (4.217e-02 s/TS) || Energy: ~9.42e-21 (-32.62dB)
[@     4m04s] Timestep:         5648 || Speed:  301.5 MC/s (4.299e-02 s/TS) || Energy: ~7.60e-21 (-33.56dB)
[@     4m08s] Timestep:         5744 || Speed:  299.9 MC/s (4.321e-02 s/TS) || Energy: ~6.27e-21 (-34.39dB)
[@     4m12s] Timestep:         5840 || Speed:  305.3 MC/s (4.245e-02 s/TS) || Energy: ~5.93e-21 (-34.63dB)
[@     4m16s] Timestep:         5936 || Speed:  307.4 MC/s (4.216e-02 s/TS) || Energy: ~6.21e-21 (-34.43dB)
[@     4m20s] Timestep:         6032 || Speed:  307.2 MC/s (4.219e-02 s/TS) || Energy: ~6.09e-21 (-34.52dB)
[@     4m24s] Timestep:         6128 || Speed:  309.1 MC/s (4.192e-02 s/TS) || Energy: ~5.58e-21 (-34.90dB)
[@     4m28s] Timestep:         6224 || Speed:  307.7 MC/s (4.212e-02 s/TS) || Energy: ~4.85e-21 (-35.50dB)
[@     4m32s] Timestep:         6320 || Speed:  305.8 MC/s (4.239e-02 s/TS) || Energy: ~3.72e-21 (-36.66dB)
[@     4m36s] Timestep:         6416 || Speed:  307.4 MC/s (4.216e-02 s/TS) || Energy: ~2.96e-21 (-37.65dB)
[@     4m40s] Timestep:         6512 || Speed:  303.3 MC/s (4.273e-02 s/TS) || Energy: ~3.10e-21 (-37.44dB)
[@     4m44s] Timestep:         6608 || Speed:  309.3 MC/s (4.191e-02 s/TS) || Energy: ~3.32e-21 (-37.15dB)
[@     4m48s] Timestep:         6704 || Speed:  308.0 MC/s (4.207e-02 s/TS) || Energy: ~3.09e-21 (-37.46dB)
[@     4m52s] Timestep:         6800 || Speed:  308.2 MC/s (4.205e-02 s/TS) || Energy: ~2.73e-21 (-37.99dB)
[@     4m56s] Timestep:         6896 || Speed:  305.7 MC/s (4.240e-02 s/TS) || Energy: ~2.34e-21 (-38.67dB)
[@     5m00s] Timestep:         6992 || Speed:  308.0 MC/s (4.208e-02 s/TS) || Energy: ~1.91e-21 (-39.55dB)
[@     5m05s] Timestep:         7088 || Speed:  295.9 MC/s (4.380e-02 s/TS) || Energy: ~1.62e-21 (-40.26dB)
[@     5m09s] Timestep:         7184 || Speed:  293.0 MC/s (4.424e-02 s/TS) || Energy: ~1.58e-21 (-40.37dB)
[@     5m13s] Timestep:         7280 || Speed:  297.8 MC/s (4.352e-02 s/TS) || Energy: ~1.64e-21 (-40.22dB)
[@     5m17s] Timestep:         7376 || Speed:  305.6 MC/s (4.241e-02 s/TS) || Energy: ~1.60e-21 (-40.32dB)
[@     5m21s] Timestep:         7472 || Speed:  306.3 MC/s (4.232e-02 s/TS) || Energy: ~1.42e-21 (-40.85dB)
[@     5m25s] Timestep:         7568 || Speed:  308.5 MC/s (4.202e-02 s/TS) || Energy: ~1.17e-21 (-41.67dB)
[@     5m29s] Timestep:         7664 || Speed:  309.0 MC/s (4.194e-02 s/TS) || Energy: ~9.70e-22 (-42.50dB)
[@     5m33s] Timestep:         7760 || Speed:  309.3 MC/s (4.191e-02 s/TS) || Energy: ~8.45e-22 (-43.09dB)
[@     5m37s] Timestep:         7856 || Speed:  306.4 MC/s (4.230e-02 s/TS) || Energy: ~8.06e-22 (-43.30dB)
[@     5m41s] Timestep:         7952 || Speed:  306.9 MC/s (4.222e-02 s/TS) || Energy: ~8.37e-22 (-43.14dB)
[@     5m46s] Timestep:         8048 || Speed:  299.7 MC/s (4.324e-02 s/TS) || Energy: ~8.48e-22 (-43.08dB)
[@     5m50s] Timestep:         8144 || Speed:  304.9 MC/s (4.251e-02 s/TS) || Energy: ~7.61e-22 (-43.55dB)
[@     5m54s] Timestep:         8240 || Speed:  306.4 MC/s (4.230e-02 s/TS) || Energy: ~5.84e-22 (-44.70dB)
[@     5m58s] Timestep:         8336 || Speed:  308.0 MC/s (4.207e-02 s/TS) || Energy: ~4.57e-22 (-45.76dB)
[@     6m02s] Timestep:         8432 || Speed:  304.3 MC/s (4.260e-02 s/TS) || Energy: ~4.49e-22 (-45.84dB)
[@     6m06s] Timestep:         8528 || Speed:  301.7 MC/s (4.296e-02 s/TS) || Energy: ~4.68e-22 (-45.66dB)
[@     6m10s] Timestep:         8624 || Speed:  299.6 MC/s (4.325e-02 s/TS) || Energy: ~4.52e-22 (-45.81dB)
[@     6m14s] Timestep:         8720 || Speed:  309.1 MC/s (4.193e-02 s/TS) || Energy: ~4.29e-22 (-46.04dB)
[@     6m18s] Timestep:         8816 || Speed:  307.5 MC/s (4.215e-02 s/TS) || Energy: ~3.93e-22 (-46.42dB)
[@     6m22s] Timestep:         8912 || Speed:  303.0 MC/s (4.277e-02 s/TS) || Energy: ~3.17e-22 (-47.35dB)
[@     6m26s] Timestep:         9008 || Speed:  304.1 MC/s (4.261e-02 s/TS) || Energy: ~2.44e-22 (-48.49dB)
[@     6m30s] Timestep:         9104 || Speed:  307.3 MC/s (4.217e-02 s/TS) || Energy: ~2.32e-22 (-48.71dB)
[@     6m34s] Timestep:         9200 || Speed:  306.2 MC/s (4.233e-02 s/TS) || Energy: ~2.60e-22 (-48.21dB)
[@     6m39s] Timestep:         9296 || Speed:  307.9 MC/s (4.209e-02 s/TS) || Energy: ~2.60e-22 (-48.21dB)
[@     6m43s] Timestep:         9392 || Speed:  306.3 MC/s (4.231e-02 s/TS) || Energy: ~2.27e-22 (-48.81dB)
[@     6m47s] Timestep:         9488 || Speed:  309.0 MC/s (4.194e-02 s/TS) || Energy: ~1.98e-22 (-49.39dB)
[@     6m51s] Timestep:         9584 || Speed:  308.2 MC/s (4.206e-02 s/TS) || Energy: ~1.70e-22 (-50.07dB)
Time for 9584 iterations with 12960304.00 cells : 411.17 sec
Speed: 302.09 MCells/s 
    [excite port 24/40]
 ---------------------------------------------------------------------- 
 | openEMS 64bit -- version v0.37.0-rc1-2-g7b051bb
 | (C) 2010-2026 Thorsten Liebig <thorsten.liebig@gmx.de>  GPL license
 ---------------------------------------------------------------------- 
	Used external libraries:
		CSXCAD -- Version: v0.7.0-rc1-1-g5115701
		hdf5   -- Version: 1.10.10
		          compiled against: HDF5 library version: 1.10.10
		tinyxml -- compiled against: 2.6.2
		fparser
		boost  -- compiled against: 1_83
		vtk -- Version: 9.1.0
		       compiled against: 9.1.0

Create FDTD operator (compressed SSE + multi-threading)
FDTD simulation size: 244x196x271 --> 12960304.00 FDTD cells 
FDTD timestep is: 0.00 s; Nyquist rate: 34 timesteps @101891945817.00 Hz
Excitation signal length is: 398 timesteps (0.00s)
Max. number of timesteps: 60000 ( --> 150.75 * Excitation signal length)
Create FDTD engine (compressed SSE + multi-threading)
Running FDTD engine... this may take a while... grab a cup of coffee?!?
[@        4s] Timestep:           40 || Speed:  122.5 MC/s (1.058e-01 s/TS) || Energy: ~4.90e-24 (- 0.00dB)
[@        8s] Timestep:          104 || Speed:  202.8 MC/s (6.392e-02 s/TS) || Energy: ~1.03e-20 (- 0.00dB)
[@       12s] Timestep:          184 || Speed:  243.0 MC/s (5.333e-02 s/TS) || Energy: ~4.08e-18 (- 0.00dB)
[@       16s] Timestep:          272 || Speed:  272.7 MC/s (4.752e-02 s/TS) || Energy: ~1.74e-17 (- 0.00dB)
[@       20s] Timestep:          368 || Speed:  296.3 MC/s (4.374e-02 s/TS) || Energy: ~1.66e-17 (- 0.22dB)
[@       25s] Timestep:          464 || Speed:  304.9 MC/s (4.251e-02 s/TS) || Energy: ~1.35e-17 (- 1.10dB)
[@       29s] Timestep:          568 || Speed:  313.3 MC/s (4.137e-02 s/TS) || Energy: ~1.19e-17 (- 1.66dB)
[@       33s] Timestep:          664 || Speed:  308.9 MC/s (4.195e-02 s/TS) || Energy: ~9.67e-18 (- 2.55dB)
Multithreaded Engine: Best performance found using 7 threads.
[@       37s] Timestep:          768 || Speed:  315.3 MC/s (4.111e-02 s/TS) || Energy: ~6.75e-18 (- 4.11dB)
[@       41s] Timestep:          872 || Speed:  313.0 MC/s (4.140e-02 s/TS) || Energy: ~5.47e-18 (- 5.03dB)
[@       46s] Timestep:          976 || Speed:  315.3 MC/s (4.110e-02 s/TS) || Energy: ~4.51e-18 (- 5.87dB)
[@       50s] Timestep:         1080 || Speed:  313.0 MC/s (4.141e-02 s/TS) || Energy: ~3.74e-18 (- 6.68dB)
[@       54s] Timestep:         1184 || Speed:  314.1 MC/s (4.126e-02 s/TS) || Energy: ~3.04e-18 (- 7.57dB)
[@       59s] Timestep:         1288 || Speed:  314.4 MC/s (4.123e-02 s/TS) || Energy: ~2.39e-18 (- 8.63dB)
[@     1m03s] Timestep:         1392 || Speed:  313.7 MC/s (4.131e-02 s/TS) || Energy: ~1.88e-18 (- 9.65dB)
[@     1m07s] Timestep:         1496 || Speed:  315.0 MC/s (4.114e-02 s/TS) || Energy: ~1.61e-18 (-10.35dB)
[@     1m11s] Timestep:         1600 || Speed:  314.3 MC/s (4.123e-02 s/TS) || Energy: ~1.31e-18 (-11.23dB)
[@     1m16s] Timestep:         1704 || Speed:  311.8 MC/s (4.156e-02 s/TS) || Energy: ~1.10e-18 (-12.00dB)
[@     1m20s] Timestep:         1800 || Speed:  310.2 MC/s (4.178e-02 s/TS) || Energy: ~9.53e-19 (-12.61dB)
[@     1m24s] Timestep:         1904 || Speed:  313.9 MC/s (4.129e-02 s/TS) || Energy: ~8.11e-19 (-13.32dB)
[@     1m28s] Timestep:         2000 || Speed:  310.5 MC/s (4.174e-02 s/TS) || Energy: ~6.93e-19 (-14.00dB)
[@     1m32s] Timestep:         2104 || Speed:  312.2 MC/s (4.151e-02 s/TS) || Energy: ~5.87e-19 (-14.72dB)
[@     1m37s] Timestep:         2208 || Speed:  315.5 MC/s (4.108e-02 s/TS) || Energy: ~5.14e-19 (-15.30dB)
[@     1m41s] Timestep:         2312 || Speed:  314.4 MC/s (4.123e-02 s/TS) || Energy: ~4.38e-19 (-15.99dB)
[@     1m45s] Timestep:         2416 || Speed:  314.1 MC/s (4.126e-02 s/TS) || Energy: ~3.89e-19 (-16.50dB)
[@     1m50s] Timestep:         2520 || Speed:  313.0 MC/s (4.140e-02 s/TS) || Energy: ~3.42e-19 (-17.07dB)
[@     1m54s] Timestep:         2624 || Speed:  314.7 MC/s (4.118e-02 s/TS) || Energy: ~2.99e-19 (-17.66dB)
[@     1m58s] Timestep:         2728 || Speed:  314.6 MC/s (4.120e-02 s/TS) || Energy: ~2.63e-19 (-18.21dB)
[@     2m02s] Timestep:         2832 || Speed:  313.6 MC/s (4.133e-02 s/TS) || Energy: ~2.34e-19 (-18.71dB)
[@     2m07s] Timestep:         2936 || Speed:  314.9 MC/s (4.116e-02 s/TS) || Energy: ~1.97e-19 (-19.46dB)
[@     2m11s] Timestep:         3040 || Speed:  312.1 MC/s (4.153e-02 s/TS) || Energy: ~1.78e-19 (-19.90dB)
[@     2m15s] Timestep:         3136 || Speed:  310.1 MC/s (4.179e-02 s/TS) || Energy: ~1.51e-19 (-20.60dB)
[@     2m19s] Timestep:         3240 || Speed:  312.3 MC/s (4.150e-02 s/TS) || Energy: ~1.31e-19 (-21.22dB)
[@     2m24s] Timestep:         3344 || Speed:  312.6 MC/s (4.146e-02 s/TS) || Energy: ~1.18e-19 (-21.68dB)
[@     2m28s] Timestep:         3448 || Speed:  314.1 MC/s (4.127e-02 s/TS) || Energy: ~1.04e-19 (-22.23dB)
[@     2m32s] Timestep:         3552 || Speed:  313.6 MC/s (4.133e-02 s/TS) || Energy: ~9.06e-20 (-22.83dB)
[@     2m37s] Timestep:         3656 || Speed:  314.7 MC/s (4.118e-02 s/TS) || Energy: ~8.20e-20 (-23.27dB)
[@     2m41s] Timestep:         3760 || Speed:  313.8 MC/s (4.130e-02 s/TS) || Energy: ~7.34e-20 (-23.75dB)
[@     2m45s] Timestep:         3864 || Speed:  313.0 MC/s (4.141e-02 s/TS) || Energy: ~6.36e-20 (-24.38dB)
[@     2m49s] Timestep:         3968 || Speed:  314.1 MC/s (4.126e-02 s/TS) || Energy: ~5.58e-20 (-24.94dB)
[@     2m54s] Timestep:         4072 || Speed:  312.8 MC/s (4.143e-02 s/TS) || Energy: ~5.07e-20 (-25.36dB)
[@     2m58s] Timestep:         4168 || Speed:  309.7 MC/s (4.184e-02 s/TS) || Energy: ~4.73e-20 (-25.65dB)
[@     3m02s] Timestep:         4272 || Speed:  313.9 MC/s (4.129e-02 s/TS) || Energy: ~4.26e-20 (-26.12dB)
[@     3m06s] Timestep:         4376 || Speed:  314.6 MC/s (4.119e-02 s/TS) || Energy: ~3.76e-20 (-26.66dB)
[@     3m11s] Timestep:         4480 || Speed:  314.1 MC/s (4.126e-02 s/TS) || Energy: ~3.34e-20 (-27.17dB)
[@     3m15s] Timestep:         4584 || Speed:  314.6 MC/s (4.119e-02 s/TS) || Energy: ~3.03e-20 (-27.59dB)
[@     3m19s] Timestep:         4688 || Speed:  313.7 MC/s (4.132e-02 s/TS) || Energy: ~2.79e-20 (-27.95dB)
[@     3m24s] Timestep:         4792 || Speed:  313.8 MC/s (4.130e-02 s/TS) || Energy: ~2.43e-20 (-28.56dB)
[@     3m28s] Timestep:         4896 || Speed:  311.5 MC/s (4.161e-02 s/TS) || Energy: ~2.20e-20 (-28.99dB)
[@     3m32s] Timestep:         5000 || Speed:  315.3 MC/s (4.110e-02 s/TS) || Energy: ~2.03e-20 (-29.32dB)
[@     3m36s] Timestep:         5104 || Speed:  314.4 MC/s (4.123e-02 s/TS) || Energy: ~1.76e-20 (-29.94dB)
[@     3m41s] Timestep:         5208 || Speed:  313.9 MC/s (4.129e-02 s/TS) || Energy: ~1.62e-20 (-30.32dB)
[@     3m45s] Timestep:         5304 || Speed:  310.6 MC/s (4.173e-02 s/TS) || Energy: ~1.56e-20 (-30.48dB)
[@     3m49s] Timestep:         5408 || Speed:  315.6 MC/s (4.107e-02 s/TS) || Energy: ~1.42e-20 (-30.89dB)
[@     3m53s] Timestep:         5512 || Speed:  311.5 MC/s (4.161e-02 s/TS) || Energy: ~1.21e-20 (-31.60dB)
[@     3m58s] Timestep:         5616 || Speed:  315.8 MC/s (4.105e-02 s/TS) || Energy: ~1.13e-20 (-31.87dB)
[@     4m02s] Timestep:         5720 || Speed:  314.7 MC/s (4.118e-02 s/TS) || Energy: ~1.08e-20 (-32.08dB)
[@     4m06s] Timestep:         5824 || Speed:  314.6 MC/s (4.120e-02 s/TS) || Energy: ~8.79e-21 (-32.97dB)
[@     4m10s] Timestep:         5920 || Speed:  310.0 MC/s (4.181e-02 s/TS) || Energy: ~7.65e-21 (-33.57dB)
[@     4m14s] Timestep:         6024 || Speed:  313.5 MC/s (4.134e-02 s/TS) || Energy: ~7.52e-21 (-33.65dB)
[@     4m19s] Timestep:         6120 || Speed:  308.8 MC/s (4.196e-02 s/TS) || Energy: ~5.67e-21 (-34.87dB)
[@     4m23s] Timestep:         6216 || Speed:  306.6 MC/s (4.227e-02 s/TS) || Energy: ~4.50e-21 (-35.87dB)
[@     4m27s] Timestep:         6320 || Speed:  314.7 MC/s (4.118e-02 s/TS) || Energy: ~4.39e-21 (-35.98dB)
[@     4m31s] Timestep:         6424 || Speed:  316.0 MC/s (4.101e-02 s/TS) || Energy: ~3.91e-21 (-36.49dB)
[@     4m35s] Timestep:         6528 || Speed:  314.5 MC/s (4.121e-02 s/TS) || Energy: ~3.40e-21 (-37.10dB)
[@     4m40s] Timestep:         6632 || Speed:  313.4 MC/s (4.136e-02 s/TS) || Energy: ~3.20e-21 (-37.36dB)
[@     4m44s] Timestep:         6736 || Speed:  315.6 MC/s (4.107e-02 s/TS) || Energy: ~2.89e-21 (-37.80dB)
[@     4m48s] Timestep:         6832 || Speed:  310.8 MC/s (4.170e-02 s/TS) || Energy: ~2.73e-21 (-38.05dB)
[@     4m52s] Timestep:         6936 || Speed:  311.8 MC/s (4.156e-02 s/TS) || Energy: ~2.42e-21 (-38.56dB)
[@     4m57s] Timestep:         7040 || Speed:  315.6 MC/s (4.107e-02 s/TS) || Energy: ~2.21e-21 (-38.97dB)
[@     5m01s] Timestep:         7144 || Speed:  314.3 MC/s (4.124e-02 s/TS) || Energy: ~2.02e-21 (-39.36dB)
[@     5m05s] Timestep:         7248 || Speed:  313.6 MC/s (4.133e-02 s/TS) || Energy: ~1.82e-21 (-39.82dB)
[@     5m09s] Timestep:         7352 || Speed:  315.3 MC/s (4.111e-02 s/TS) || Energy: ~1.63e-21 (-40.30dB)
[@     5m14s] Timestep:         7456 || Speed:  314.4 MC/s (4.123e-02 s/TS) || Energy: ~1.45e-21 (-40.78dB)
[@     5m18s] Timestep:         7552 || Speed:  308.7 MC/s (4.199e-02 s/TS) || Energy: ~1.57e-21 (-40.46dB)
[@     5m22s] Timestep:         7648 || Speed:  309.3 MC/s (4.190e-02 s/TS) || Energy: ~1.65e-21 (-40.23dB)
[@     5m26s] Timestep:         7752 || Speed:  314.4 MC/s (4.122e-02 s/TS) || Energy: ~1.44e-21 (-40.82dB)
[@     5m30s] Timestep:         7856 || Speed:  313.9 MC/s (4.129e-02 s/TS) || Energy: ~1.33e-21 (-41.17dB)
[@     5m35s] Timestep:         7960 || Speed:  313.8 MC/s (4.130e-02 s/TS) || Energy: ~1.20e-21 (-41.61dB)
[@     5m39s] Timestep:         8064 || Speed:  315.0 MC/s (4.114e-02 s/TS) || Energy: ~1.08e-21 (-42.06dB)
[@     5m43s] Timestep:         8160 || Speed:  301.4 MC/s (4.301e-02 s/TS) || Energy: ~1.07e-21 (-42.11dB)
[@     5m47s] Timestep:         8256 || Speed:  299.7 MC/s (4.324e-02 s/TS) || Energy: ~9.06e-22 (-42.83dB)
[@     5m51s] Timestep:         8352 || Speed:  311.0 MC/s (4.167e-02 s/TS) || Energy: ~7.15e-22 (-43.86dB)
[@     5m55s] Timestep:         8456 || Speed:  314.6 MC/s (4.120e-02 s/TS) || Energy: ~6.99e-22 (-43.96dB)
[@     6m00s] Timestep:         8552 || Speed:  306.5 MC/s (4.228e-02 s/TS) || Energy: ~5.50e-22 (-45.00dB)
[@     6m04s] Timestep:         8648 || Speed:  308.5 MC/s (4.201e-02 s/TS) || Energy: ~4.70e-22 (-45.69dB)
[@     6m08s] Timestep:         8744 || Speed:  304.8 MC/s (4.253e-02 s/TS) || Energy: ~5.15e-22 (-45.29dB)
[@     6m12s] Timestep:         8840 || Speed:  302.3 MC/s (4.287e-02 s/TS) || Energy: ~5.79e-22 (-44.78dB)
[@     6m16s] Timestep:         8944 || Speed:  312.1 MC/s (4.153e-02 s/TS) || Energy: ~5.10e-22 (-45.33dB)
[@     6m20s] Timestep:         9048 || Speed:  314.1 MC/s (4.126e-02 s/TS) || Energy: ~4.44e-22 (-45.93dB)
[@     6m25s] Timestep:         9152 || Speed:  313.5 MC/s (4.134e-02 s/TS) || Energy: ~4.22e-22 (-46.15dB)
[@     6m29s] Timestep:         9256 || Speed:  315.2 MC/s (4.112e-02 s/TS) || Energy: ~3.83e-22 (-46.58dB)
[@     6m33s] Timestep:         9360 || Speed:  313.7 MC/s (4.132e-02 s/TS) || Energy: ~3.37e-22 (-47.13dB)
[@     6m38s] Timestep:         9464 || Speed:  315.0 MC/s (4.114e-02 s/TS) || Energy: ~3.18e-22 (-47.39dB)
[@     6m42s] Timestep:         9568 || Speed:  314.5 MC/s (4.121e-02 s/TS) || Energy: ~2.85e-22 (-47.86dB)
[@     6m46s] Timestep:         9664 || Speed:  307.7 MC/s (4.212e-02 s/TS) || Energy: ~2.82e-22 (-47.91dB)
[@     6m50s] Timestep:         9760 || Speed:  310.7 MC/s (4.171e-02 s/TS) || Energy: ~2.62e-22 (-48.22dB)
[@     6m54s] Timestep:         9856 || Speed:  307.7 MC/s (4.212e-02 s/TS) || Energy: ~2.20e-22 (-48.98dB)
[@     6m58s] Timestep:         9960 || Speed:  314.9 MC/s (4.116e-02 s/TS) || Energy: ~1.96e-22 (-49.48dB)
[@     7m02s] Timestep:        10064 || Speed:  315.4 MC/s (4.110e-02 s/TS) || Energy: ~1.84e-22 (-49.77dB)
[@     7m07s] Timestep:        10168 || Speed:  313.4 MC/s (4.135e-02 s/TS) || Energy: ~1.74e-22 (-50.01dB)
Time for 10168 iterations with 12960304.00 cells : 427.28 sec
Speed: 308.41 MCells/s 
    [excite port 25/40]
 ---------------------------------------------------------------------- 
 | openEMS 64bit -- version v0.37.0-rc1-2-g7b051bb
 | (C) 2010-2026 Thorsten Liebig <thorsten.liebig@gmx.de>  GPL license
 ---------------------------------------------------------------------- 
	Used external libraries:
		CSXCAD -- Version: v0.7.0-rc1-1-g5115701
		hdf5   -- Version: 1.10.10
		          compiled against: HDF5 library version: 1.10.10
		tinyxml -- compiled against: 2.6.2
		fparser
		boost  -- compiled against: 1_83
		vtk -- Version: 9.1.0
		       compiled against: 9.1.0

Create FDTD operator (compressed SSE + multi-threading)
FDTD simulation size: 244x196x271 --> 12960304.00 FDTD cells 
FDTD timestep is: 0.00 s; Nyquist rate: 34 timesteps @101891945817.00 Hz
Excitation signal length is: 398 timesteps (0.00s)
Max. number of timesteps: 60000 ( --> 150.75 * Excitation signal length)
Create FDTD engine (compressed SSE + multi-threading)
Running FDTD engine... this may take a while... grab a cup of coffee?!?
[@        4s] Timestep:           40 || Speed:  122.5 MC/s (1.058e-01 s/TS) || Energy: ~4.93e-24 (- 0.00dB)
[@        8s] Timestep:          104 || Speed:  199.5 MC/s (6.495e-02 s/TS) || Energy: ~1.05e-20 (- 0.00dB)
[@       12s] Timestep:          184 || Speed:  248.6 MC/s (5.213e-02 s/TS) || Energy: ~4.15e-18 (- 0.00dB)
[@       16s] Timestep:          272 || Speed:  272.1 MC/s (4.763e-02 s/TS) || Energy: ~1.75e-17 (- 0.00dB)
[@       20s] Timestep:          368 || Speed:  296.1 MC/s (4.377e-02 s/TS) || Energy: ~1.57e-17 (- 0.47dB)
[@       24s] Timestep:          464 || Speed:  310.3 MC/s (4.177e-02 s/TS) || Energy: ~1.25e-17 (- 1.47dB)
[@       29s] Timestep:          568 || Speed:  313.3 MC/s (4.137e-02 s/TS) || Energy: ~1.01e-17 (- 2.37dB)
[@       33s] Timestep:          664 || Speed:  307.8 MC/s (4.211e-02 s/TS) || Energy: ~8.34e-18 (- 3.22dB)
Multithreaded Engine: Best performance found using 7 threads.
[@       37s] Timestep:          760 || Speed:  308.4 MC/s (4.202e-02 s/TS) || Energy: ~6.46e-18 (- 4.32dB)
[@       41s] Timestep:          856 || Speed:  307.3 MC/s (4.217e-02 s/TS) || Energy: ~5.32e-18 (- 5.17dB)
[@       45s] Timestep:          960 || Speed:  313.6 MC/s (4.132e-02 s/TS) || Energy: ~4.55e-18 (- 5.85dB)
[@       50s] Timestep:         1064 || Speed:  310.5 MC/s (4.175e-02 s/TS) || Energy: ~3.59e-18 (- 6.87dB)
[@       54s] Timestep:         1160 || Speed:  302.9 MC/s (4.279e-02 s/TS) || Energy: ~2.95e-18 (- 7.73dB)
[@       58s] Timestep:         1256 || Speed:  299.4 MC/s (4.329e-02 s/TS) || Energy: ~2.38e-18 (- 8.65dB)
[@     1m02s] Timestep:         1352 || Speed:  307.2 MC/s (4.218e-02 s/TS) || Energy: ~2.12e-18 (- 9.16dB)
[@     1m06s] Timestep:         1448 || Speed:  309.8 MC/s (4.183e-02 s/TS) || Energy: ~1.68e-18 (-10.17dB)
[@     1m10s] Timestep:         1544 || Speed:  304.5 MC/s (4.256e-02 s/TS) || Energy: ~1.40e-18 (-10.98dB)
[@     1m14s] Timestep:         1640 || Speed:  310.3 MC/s (4.177e-02 s/TS) || Energy: ~1.13e-18 (-11.91dB)
[@     1m18s] Timestep:         1744 || Speed:  311.0 MC/s (4.167e-02 s/TS) || Energy: ~9.62e-19 (-12.59dB)
[@     1m22s] Timestep:         1840 || Speed:  309.4 MC/s (4.188e-02 s/TS) || Energy: ~7.44e-19 (-13.71dB)
[@     1m27s] Timestep:         1944 || Speed:  313.5 MC/s (4.135e-02 s/TS) || Energy: ~6.35e-19 (-14.40dB)
[@     1m31s] Timestep:         2040 || Speed:  307.1 MC/s (4.221e-02 s/TS) || Energy: ~5.69e-19 (-14.88dB)
[@     1m35s] Timestep:         2136 || Speed:  305.1 MC/s (4.248e-02 s/TS) || Energy: ~5.20e-19 (-15.27dB)
[@     1m39s] Timestep:         2240 || Speed:  313.7 MC/s (4.131e-02 s/TS) || Energy: ~4.45e-19 (-15.94dB)
[@     1m43s] Timestep:         2344 || Speed:  312.8 MC/s (4.143e-02 s/TS) || Energy: ~3.77e-19 (-16.66dB)
[@     1m48s] Timestep:         2448 || Speed:  311.9 MC/s (4.155e-02 s/TS) || Energy: ~3.31e-19 (-17.23dB)
[@     1m52s] Timestep:         2544 || Speed:  309.1 MC/s (4.193e-02 s/TS) || Energy: ~3.03e-19 (-17.61dB)
[@     1m56s] Timestep:         2648 || Speed:  312.6 MC/s (4.146e-02 s/TS) || Energy: ~2.65e-19 (-18.19dB)
[@     2m00s] Timestep:         2752 || Speed:  313.1 MC/s (4.140e-02 s/TS) || Energy: ~2.25e-19 (-18.90dB)
[@     2m05s] Timestep:         2856 || Speed:  313.0 MC/s (4.140e-02 s/TS) || Energy: ~2.01e-19 (-19.39dB)
[@     2m09s] Timestep:         2960 || Speed:  314.4 MC/s (4.122e-02 s/TS) || Energy: ~1.70e-19 (-20.11dB)
[@     2m13s] Timestep:         3064 || Speed:  312.8 MC/s (4.144e-02 s/TS) || Energy: ~1.52e-19 (-20.62dB)
[@     2m18s] Timestep:         3168 || Speed:  313.9 MC/s (4.129e-02 s/TS) || Energy: ~1.35e-19 (-21.11dB)
[@     2m22s] Timestep:         3272 || Speed:  311.5 MC/s (4.160e-02 s/TS) || Energy: ~1.14e-19 (-21.86dB)
[@     2m26s] Timestep:         3376 || Speed:  314.8 MC/s (4.117e-02 s/TS) || Energy: ~1.05e-19 (-22.22dB)
[@     2m30s] Timestep:         3472 || Speed:  308.0 MC/s (4.208e-02 s/TS) || Energy: ~9.67e-20 (-22.57dB)
[@     2m34s] Timestep:         3576 || Speed:  314.9 MC/s (4.115e-02 s/TS) || Energy: ~7.98e-20 (-23.40dB)
[@     2m39s] Timestep:         3680 || Speed:  312.5 MC/s (4.147e-02 s/TS) || Energy: ~7.62e-20 (-23.60dB)
[@     2m43s] Timestep:         3784 || Speed:  312.0 MC/s (4.154e-02 s/TS) || Energy: ~6.25e-20 (-24.47dB)
[@     2m47s] Timestep:         3888 || Speed:  313.9 MC/s (4.129e-02 s/TS) || Energy: ~5.75e-20 (-24.83dB)
[@     2m52s] Timestep:         3992 || Speed:  311.3 MC/s (4.163e-02 s/TS) || Energy: ~5.11e-20 (-25.34dB)
[@     2m56s] Timestep:         4096 || Speed:  311.8 MC/s (4.157e-02 s/TS) || Energy: ~4.29e-20 (-26.10dB)
[@     3m00s] Timestep:         4200 || Speed:  314.4 MC/s (4.122e-02 s/TS) || Energy: ~4.05e-20 (-26.35dB)
[@     3m04s] Timestep:         4296 || Speed:  303.1 MC/s (4.276e-02 s/TS) || Energy: ~3.48e-20 (-27.01dB)
[@     3m08s] Timestep:         4392 || Speed:  306.4 MC/s (4.230e-02 s/TS) || Energy: ~2.91e-20 (-27.78dB)
[@     3m13s] Timestep:         4496 || Speed:  315.3 MC/s (4.110e-02 s/TS) || Energy: ~2.77e-20 (-28.00dB)
[@     3m17s] Timestep:         4592 || Speed:  310.0 MC/s (4.181e-02 s/TS) || Energy: ~2.20e-20 (-29.00dB)
[@     3m21s] Timestep:         4696 || Speed:  312.3 MC/s (4.151e-02 s/TS) || Energy: ~2.05e-20 (-29.30dB)
[@     3m25s] Timestep:         4800 || Speed:  314.6 MC/s (4.120e-02 s/TS) || Energy: ~1.84e-20 (-29.77dB)
[@     3m30s] Timestep:         4904 || Speed:  314.7 MC/s (4.119e-02 s/TS) || Energy: ~1.57e-20 (-30.46dB)
[@     3m34s] Timestep:         5008 || Speed:  313.1 MC/s (4.139e-02 s/TS) || Energy: ~1.55e-20 (-30.51dB)
[@     3m38s] Timestep:         5112 || Speed:  314.1 MC/s (4.126e-02 s/TS) || Energy: ~1.28e-20 (-31.35dB)
[@     3m43s] Timestep:         5216 || Speed:  314.3 MC/s (4.123e-02 s/TS) || Energy: ~1.20e-20 (-31.62dB)
[@     3m47s] Timestep:         5320 || Speed:  314.8 MC/s (4.116e-02 s/TS) || Energy: ~1.11e-20 (-31.97dB)
[@     3m51s] Timestep:         5424 || Speed:  312.2 MC/s (4.151e-02 s/TS) || Energy: ~9.38e-21 (-32.70dB)
[@     3m55s] Timestep:         5528 || Speed:  313.3 MC/s (4.137e-02 s/TS) || Energy: ~9.19e-21 (-32.79dB)
[@     4m00s] Timestep:         5632 || Speed:  312.9 MC/s (4.142e-02 s/TS) || Energy: ~7.48e-21 (-33.68dB)
[@     4m04s] Timestep:         5736 || Speed:  313.4 MC/s (4.135e-02 s/TS) || Energy: ~7.47e-21 (-33.69dB)
[@     4m08s] Timestep:         5840 || Speed:  313.5 MC/s (4.134e-02 s/TS) || Energy: ~6.34e-21 (-34.40dB)
[@     4m12s] Timestep:         5936 || Speed:  310.8 MC/s (4.170e-02 s/TS) || Energy: ~5.20e-21 (-35.26dB)
[@     4m17s] Timestep:         6040 || Speed:  314.0 MC/s (4.128e-02 s/TS) || Energy: ~5.35e-21 (-35.14dB)
[@     4m21s] Timestep:         6144 || Speed:  312.0 MC/s (4.154e-02 s/TS) || Energy: ~4.58e-21 (-35.82dB)
[@     4m25s] Timestep:         6248 || Speed:  315.0 MC/s (4.115e-02 s/TS) || Energy: ~3.92e-21 (-36.50dB)
[@     4m30s] Timestep:         6352 || Speed:  313.2 MC/s (4.138e-02 s/TS) || Energy: ~3.85e-21 (-36.57dB)
[@     4m34s] Timestep:         6456 || Speed:  314.7 MC/s (4.118e-02 s/TS) || Energy: ~3.33e-21 (-37.21dB)
[@     4m38s] Timestep:         6560 || Speed:  312.9 MC/s (4.142e-02 s/TS) || Energy: ~3.00e-21 (-37.65dB)
[@     4m42s] Timestep:         6664 || Speed:  315.9 MC/s (4.103e-02 s/TS) || Energy: ~2.83e-21 (-37.91dB)
[@     4m47s] Timestep:         6768 || Speed:  314.0 MC/s (4.128e-02 s/TS) || Energy: ~2.43e-21 (-38.57dB)
[@     4m51s] Timestep:         6872 || Speed:  311.7 MC/s (4.157e-02 s/TS) || Energy: ~2.32e-21 (-38.77dB)
[@     4m55s] Timestep:         6976 || Speed:  311.0 MC/s (4.168e-02 s/TS) || Energy: ~1.97e-21 (-39.48dB)
[@     4m59s] Timestep:         7072 || Speed:  308.0 MC/s (4.208e-02 s/TS) || Energy: ~1.88e-21 (-39.69dB)
[@     5m04s] Timestep:         7176 || Speed:  313.2 MC/s (4.138e-02 s/TS) || Energy: ~1.72e-21 (-40.07dB)
[@     5m08s] Timestep:         7280 || Speed:  314.1 MC/s (4.126e-02 s/TS) || Energy: ~1.45e-21 (-40.80dB)
[@     5m12s] Timestep:         7384 || Speed:  314.2 MC/s (4.124e-02 s/TS) || Energy: ~1.43e-21 (-40.86dB)
[@     5m17s] Timestep:         7488 || Speed:  314.3 MC/s (4.123e-02 s/TS) || Energy: ~1.23e-21 (-41.51dB)
[@     5m21s] Timestep:         7592 || Speed:  314.0 MC/s (4.127e-02 s/TS) || Energy: ~1.13e-21 (-41.88dB)
[@     5m25s] Timestep:         7696 || Speed:  314.5 MC/s (4.121e-02 s/TS) || Energy: ~9.90e-22 (-42.47dB)
[@     5m29s] Timestep:         7800 || Speed:  313.5 MC/s (4.134e-02 s/TS) || Energy: ~9.50e-22 (-42.65dB)
[@     5m34s] Timestep:         7904 || Speed:  314.2 MC/s (4.124e-02 s/TS) || Energy: ~8.38e-22 (-43.19dB)
[@     5m38s] Timestep:         8008 || Speed:  313.9 MC/s (4.129e-02 s/TS) || Energy: ~7.47e-22 (-43.69dB)
[@     5m42s] Timestep:         8112 || Speed:  314.7 MC/s (4.118e-02 s/TS) || Energy: ~6.99e-22 (-43.98dB)
[@     5m46s] Timestep:         8208 || Speed:  308.3 MC/s (4.203e-02 s/TS) || Energy: ~6.21e-22 (-44.49dB)
[@     5m50s] Timestep:         8304 || Speed:  307.7 MC/s (4.212e-02 s/TS) || Energy: ~5.94e-22 (-44.69dB)
[@     5m55s] Timestep:         8408 || Speed:  311.4 MC/s (4.162e-02 s/TS) || Energy: ~5.36e-22 (-45.14dB)
[@     5m59s] Timestep:         8512 || Speed:  311.5 MC/s (4.161e-02 s/TS) || Energy: ~4.80e-22 (-45.61dB)
[@     6m03s] Timestep:         8616 || Speed:  314.1 MC/s (4.127e-02 s/TS) || Energy: ~4.42e-22 (-45.97dB)
[@     6m08s] Timestep:         8720 || Speed:  314.3 MC/s (4.124e-02 s/TS) || Energy: ~3.94e-22 (-46.47dB)
[@     6m12s] Timestep:         8824 || Speed:  313.4 MC/s (4.136e-02 s/TS) || Energy: ~3.75e-22 (-46.68dB)
[@     6m16s] Timestep:         8928 || Speed:  313.7 MC/s (4.131e-02 s/TS) || Energy: ~3.19e-22 (-47.39dB)
[@     6m21s] Timestep:         9032 || Speed:  313.3 MC/s (4.136e-02 s/TS) || Energy: ~3.05e-22 (-47.58dB)
[@     6m25s] Timestep:         9136 || Speed:  312.4 MC/s (4.149e-02 s/TS) || Energy: ~2.83e-22 (-47.90dB)
[@     6m29s] Timestep:         9240 || Speed:  313.5 MC/s (4.134e-02 s/TS) || Energy: ~2.40e-22 (-48.62dB)
[@     6m33s] Timestep:         9344 || Speed:  313.0 MC/s (4.140e-02 s/TS) || Energy: ~2.35e-22 (-48.72dB)
[@     6m37s] Timestep:         9440 || Speed:  308.5 MC/s (4.202e-02 s/TS) || Energy: ~2.24e-22 (-48.93dB)
[@     6m42s] Timestep:         9544 || Speed:  312.9 MC/s (4.142e-02 s/TS) || Energy: ~1.91e-22 (-49.60dB)
[@     6m46s] Timestep:         9648 || Speed:  314.5 MC/s (4.121e-02 s/TS) || Energy: ~1.81e-22 (-49.86dB)
[@     6m50s] Timestep:         9752 || Speed:  314.6 MC/s (4.119e-02 s/TS) || Energy: ~1.70e-22 (-50.13dB)
Time for 9752 iterations with 12960304.00 cells : 410.85 sec
Speed: 307.63 MCells/s 
    [excite port 26/40]
 ---------------------------------------------------------------------- 
 | openEMS 64bit -- version v0.37.0-rc1-2-g7b051bb
 | (C) 2010-2026 Thorsten Liebig <thorsten.liebig@gmx.de>  GPL license
 ---------------------------------------------------------------------- 
	Used external libraries:
		CSXCAD -- Version: v0.7.0-rc1-1-g5115701
		hdf5   -- Version: 1.10.10
		          compiled against: HDF5 library version: 1.10.10
		tinyxml -- compiled against: 2.6.2
		fparser
		boost  -- compiled against: 1_83
		vtk -- Version: 9.1.0
		       compiled against: 9.1.0

Create FDTD operator (compressed SSE + multi-threading)
FDTD simulation size: 244x196x271 --> 12960304.00 FDTD cells 
FDTD timestep is: 0.00 s; Nyquist rate: 34 timesteps @101891945817.00 Hz
Excitation signal length is: 398 timesteps (0.00s)
Max. number of timesteps: 60000 ( --> 150.75 * Excitation signal length)
Create FDTD engine (compressed SSE + multi-threading)
Running FDTD engine... this may take a while... grab a cup of coffee?!?
[@        4s] Timestep:           40 || Speed:  121.7 MC/s (1.065e-01 s/TS) || Energy: ~4.93e-24 (- 0.00dB)
[@        8s] Timestep:          104 || Speed:  200.2 MC/s (6.473e-02 s/TS) || Energy: ~1.05e-20 (- 0.00dB)
[@       12s] Timestep:          184 || Speed:  243.2 MC/s (5.329e-02 s/TS) || Energy: ~4.14e-18 (- 0.00dB)
[@       16s] Timestep:          272 || Speed:  271.3 MC/s (4.777e-02 s/TS) || Energy: ~1.76e-17 (- 0.00dB)
[@       21s] Timestep:          368 || Speed:  297.4 MC/s (4.358e-02 s/TS) || Energy: ~1.62e-17 (- 0.37dB)
[@       25s] Timestep:          464 || Speed:  307.5 MC/s (4.215e-02 s/TS) || Energy: ~1.25e-17 (- 1.48dB)
[@       29s] Timestep:          560 || Speed:  309.5 MC/s (4.187e-02 s/TS) || Energy: ~1.05e-17 (- 2.26dB)
[@       33s] Timestep:          656 || Speed:  307.5 MC/s (4.215e-02 s/TS) || Energy: ~8.80e-18 (- 3.02dB)
Multithreaded Engine: Best performance found using 7 threads.
[@       37s] Timestep:          752 || Speed:  310.4 MC/s (4.175e-02 s/TS) || Energy: ~6.46e-18 (- 4.36dB)
[@       41s] Timestep:          848 || Speed:  309.1 MC/s (4.192e-02 s/TS) || Energy: ~5.45e-18 (- 5.10dB)
[@       45s] Timestep:          952 || Speed:  312.6 MC/s (4.146e-02 s/TS) || Energy: ~4.44e-18 (- 5.99dB)
[@       49s] Timestep:         1056 || Speed:  314.0 MC/s (4.128e-02 s/TS) || Energy: ~3.72e-18 (- 6.76dB)
[@       54s] Timestep:         1160 || Speed:  312.5 MC/s (4.147e-02 s/TS) || Energy: ~3.01e-18 (- 7.68dB)
[@       58s] Timestep:         1264 || Speed:  313.4 MC/s (4.135e-02 s/TS) || Energy: ~2.26e-18 (- 8.92dB)
[@     1m02s] Timestep:         1368 || Speed:  312.7 MC/s (4.145e-02 s/TS) || Energy: ~1.85e-18 (- 9.80dB)
[@     1m07s] Timestep:         1472 || Speed:  312.0 MC/s (4.154e-02 s/TS) || Energy: ~1.45e-18 (-10.83dB)
[@     1m11s] Timestep:         1576 || Speed:  313.8 MC/s (4.130e-02 s/TS) || Energy: ~1.18e-18 (-11.76dB)
[@     1m15s] Timestep:         1680 || Speed:  313.8 MC/s (4.131e-02 s/TS) || Energy: ~1.01e-18 (-12.40dB)
[@     1m19s] Timestep:         1784 || Speed:  314.2 MC/s (4.124e-02 s/TS) || Energy: ~8.83e-19 (-13.00dB)
[@     1m24s] Timestep:         1888 || Speed:  314.2 MC/s (4.125e-02 s/TS) || Energy: ~7.32e-19 (-13.82dB)
[@     1m28s] Timestep:         1984 || Speed:  308.9 MC/s (4.196e-02 s/TS) || Energy: ~6.89e-19 (-14.08dB)
[@     1m32s] Timestep:         2088 || Speed:  314.8 MC/s (4.117e-02 s/TS) || Energy: ~6.14e-19 (-14.58dB)
[@     1m36s] Timestep:         2192 || Speed:  311.5 MC/s (4.160e-02 s/TS) || Energy: ~4.99e-19 (-15.48dB)
[@     1m41s] Timestep:         2296 || Speed:  311.7 MC/s (4.158e-02 s/TS) || Energy: ~4.34e-19 (-16.09dB)
[@     1m45s] Timestep:         2400 || Speed:  312.1 MC/s (4.152e-02 s/TS) || Energy: ~3.72e-19 (-16.76dB)
[@     1m49s] Timestep:         2504 || Speed:  314.5 MC/s (4.121e-02 s/TS) || Energy: ~3.13e-19 (-17.51dB)
[@     1m54s] Timestep:         2608 || Speed:  314.5 MC/s (4.121e-02 s/TS) || Energy: ~2.77e-19 (-18.04dB)
[@     1m58s] Timestep:         2712 || Speed:  312.3 MC/s (4.149e-02 s/TS) || Energy: ~2.38e-19 (-18.70dB)
[@     2m02s] Timestep:         2816 || Speed:  312.3 MC/s (4.150e-02 s/TS) || Energy: ~2.01e-19 (-19.44dB)
[@     2m07s] Timestep:         2920 || Speed:  312.1 MC/s (4.152e-02 s/TS) || Energy: ~1.80e-19 (-19.90dB)
[@     2m11s] Timestep:         3024 || Speed:  313.8 MC/s (4.130e-02 s/TS) || Energy: ~1.56e-19 (-20.53dB)
[@     2m15s] Timestep:         3120 || Speed:  309.4 MC/s (4.189e-02 s/TS) || Energy: ~1.50e-19 (-20.70dB)
[@     2m19s] Timestep:         3224 || Speed:  314.3 MC/s (4.124e-02 s/TS) || Energy: ~1.33e-19 (-21.21dB)
[@     2m23s] Timestep:         3320 || Speed:  310.0 MC/s (4.181e-02 s/TS) || Energy: ~1.29e-19 (-21.36dB)
[@     2m27s] Timestep:         3424 || Speed:  313.9 MC/s (4.128e-02 s/TS) || Energy: ~1.13e-19 (-21.94dB)
[@     2m32s] Timestep:         3528 || Speed:  314.1 MC/s (4.126e-02 s/TS) || Energy: ~1.01e-19 (-22.41dB)
[@     2m36s] Timestep:         3632 || Speed:  311.7 MC/s (4.158e-02 s/TS) || Energy: ~8.48e-20 (-23.18dB)
[@     2m40s] Timestep:         3736 || Speed:  312.0 MC/s (4.154e-02 s/TS) || Energy: ~7.72e-20 (-23.59dB)
[@     2m44s] Timestep:         3832 || Speed:  305.9 MC/s (4.237e-02 s/TS) || Energy: ~7.38e-20 (-23.78dB)
[@     2m48s] Timestep:         3928 || Speed:  308.9 MC/s (4.196e-02 s/TS) || Energy: ~6.38e-20 (-24.41dB)
[@     2m53s] Timestep:         4032 || Speed:  311.8 MC/s (4.156e-02 s/TS) || Energy: ~5.45e-20 (-25.09dB)
[@     2m57s] Timestep:         4136 || Speed:  314.5 MC/s (4.121e-02 s/TS) || Energy: ~4.94e-20 (-25.52dB)
[@     3m01s] Timestep:         4232 || Speed:  307.4 MC/s (4.216e-02 s/TS) || Energy: ~4.06e-20 (-26.37dB)
[@     3m05s] Timestep:         4336 || Speed:  313.4 MC/s (4.136e-02 s/TS) || Energy: ~3.71e-20 (-26.76dB)
[@     3m09s] Timestep:         4432 || Speed:  310.8 MC/s (4.171e-02 s/TS) || Energy: ~3.04e-20 (-27.63dB)
[@     3m14s] Timestep:         4536 || Speed:  314.7 MC/s (4.118e-02 s/TS) || Energy: ~2.71e-20 (-28.14dB)
[@     3m18s] Timestep:         4640 || Speed:  313.9 MC/s (4.129e-02 s/TS) || Energy: ~2.41e-20 (-28.64dB)
[@     3m22s] Timestep:         4744 || Speed:  314.1 MC/s (4.127e-02 s/TS) || Energy: ~2.19e-20 (-29.06dB)
[@     3m27s] Timestep:         4848 || Speed:  314.4 MC/s (4.122e-02 s/TS) || Energy: ~2.04e-20 (-29.36dB)
[@     3m31s] Timestep:         4952 || Speed:  314.1 MC/s (4.126e-02 s/TS) || Energy: ~1.78e-20 (-29.97dB)
[@     3m35s] Timestep:         5056 || Speed:  313.9 MC/s (4.129e-02 s/TS) || Energy: ~1.72e-20 (-30.11dB)
[@     3m39s] Timestep:         5152 || Speed:  310.8 MC/s (4.170e-02 s/TS) || Energy: ~1.43e-20 (-30.91dB)
[@     3m43s] Timestep:         5256 || Speed:  312.4 MC/s (4.149e-02 s/TS) || Energy: ~1.15e-20 (-31.86dB)
[@     3m48s] Timestep:         5352 || Speed:  309.3 MC/s (4.190e-02 s/TS) || Energy: ~1.06e-20 (-32.19dB)
[@     3m52s] Timestep:         5456 || Speed:  312.9 MC/s (4.142e-02 s/TS) || Energy: ~1.06e-20 (-32.19dB)
[@     3m56s] Timestep:         5552 || Speed:  307.5 MC/s (4.215e-02 s/TS) || Energy: ~1.03e-20 (-32.32dB)
[@     4m00s] Timestep:         5656 || Speed:  311.0 MC/s (4.167e-02 s/TS) || Energy: ~8.61e-21 (-33.11dB)
[@     4m05s] Timestep:         5760 || Speed:  311.6 MC/s (4.160e-02 s/TS) || Energy: ~8.10e-21 (-33.38dB)
[@     4m09s] Timestep:         5856 || Speed:  309.4 MC/s (4.189e-02 s/TS) || Energy: ~8.61e-21 (-33.11dB)
[@     4m13s] Timestep:         5960 || Speed:  313.9 MC/s (4.129e-02 s/TS) || Energy: ~7.16e-21 (-33.91dB)
[@     4m17s] Timestep:         6064 || Speed:  312.3 MC/s (4.150e-02 s/TS) || Energy: ~6.72e-21 (-34.19dB)
[@     4m21s] Timestep:         6168 || Speed:  312.1 MC/s (4.153e-02 s/TS) || Energy: ~6.34e-21 (-34.44dB)
[@     4m26s] Timestep:         6272 || Speed:  313.3 MC/s (4.137e-02 s/TS) || Energy: ~4.90e-21 (-35.56dB)
[@     4m30s] Timestep:         6368 || Speed:  309.1 MC/s (4.193e-02 s/TS) || Energy: ~5.27e-21 (-35.25dB)
[@     4m34s] Timestep:         6472 || Speed:  312.3 MC/s (4.150e-02 s/TS) || Energy: ~5.27e-21 (-35.24dB)
[@     4m38s] Timestep:         6568 || Speed:  304.7 MC/s (4.253e-02 s/TS) || Energy: ~4.58e-21 (-35.85dB)
[@     4m42s] Timestep:         6664 || Speed:  308.7 MC/s (4.198e-02 s/TS) || Energy: ~3.67e-21 (-36.82dB)
[@     4m47s] Timestep:         6768 || Speed:  313.2 MC/s (4.138e-02 s/TS) || Energy: ~3.69e-21 (-36.79dB)
[@     4m51s] Timestep:         6872 || Speed:  313.1 MC/s (4.139e-02 s/TS) || Energy: ~3.21e-21 (-37.40dB)
[@     4m55s] Timestep:         6976 || Speed:  314.9 MC/s (4.116e-02 s/TS) || Energy: ~2.96e-21 (-37.75dB)
[@     4m59s] Timestep:         7080 || Speed:  314.7 MC/s (4.118e-02 s/TS) || Energy: ~2.85e-21 (-37.91dB)
[@     5m04s] Timestep:         7184 || Speed:  313.8 MC/s (4.130e-02 s/TS) || Energy: ~2.39e-21 (-38.68dB)
[@     5m08s] Timestep:         7288 || Speed:  311.2 MC/s (4.165e-02 s/TS) || Energy: ~2.35e-21 (-38.74dB)
[@     5m12s] Timestep:         7392 || Speed:  309.8 MC/s (4.183e-02 s/TS) || Energy: ~2.15e-21 (-39.14dB)
[@     5m17s] Timestep:         7496 || Speed:  314.1 MC/s (4.127e-02 s/TS) || Energy: ~1.84e-21 (-39.82dB)
[@     5m21s] Timestep:         7600 || Speed:  312.0 MC/s (4.155e-02 s/TS) || Energy: ~1.84e-21 (-39.82dB)
[@     5m25s] Timestep:         7704 || Speed:  313.5 MC/s (4.134e-02 s/TS) || Energy: ~1.61e-21 (-40.39dB)
[@     5m29s] Timestep:         7800 || Speed:  310.3 MC/s (4.177e-02 s/TS) || Energy: ~1.25e-21 (-41.49dB)
[@     5m34s] Timestep:         7904 || Speed:  313.9 MC/s (4.129e-02 s/TS) || Energy: ~1.23e-21 (-41.56dB)
[@     5m38s] Timestep:         8000 || Speed:  311.0 MC/s (4.167e-02 s/TS) || Energy: ~9.67e-22 (-42.61dB)
[@     5m42s] Timestep:         8104 || Speed:  312.2 MC/s (4.151e-02 s/TS) || Energy: ~8.55e-22 (-43.14dB)
[@     5m46s] Timestep:         8208 || Speed:  313.7 MC/s (4.131e-02 s/TS) || Energy: ~7.67e-22 (-43.61dB)
[@     5m51s] Timestep:         8312 || Speed:  311.6 MC/s (4.160e-02 s/TS) || Energy: ~7.41e-22 (-43.77dB)
[@     5m55s] Timestep:         8408 || Speed:  306.2 MC/s (4.233e-02 s/TS) || Energy: ~5.86e-22 (-44.78dB)
[@     5m59s] Timestep:         8512 || Speed:  313.1 MC/s (4.140e-02 s/TS) || Energy: ~5.20e-22 (-45.30dB)
[@     6m03s] Timestep:         8616 || Speed:  314.1 MC/s (4.126e-02 s/TS) || Energy: ~4.86e-22 (-45.60dB)
[@     6m08s] Timestep:         8720 || Speed:  312.8 MC/s (4.144e-02 s/TS) || Energy: ~4.47e-22 (-45.96dB)
[@     6m12s] Timestep:         8824 || Speed:  313.3 MC/s (4.137e-02 s/TS) || Energy: ~4.04e-22 (-46.40dB)
[@     6m16s] Timestep:         8928 || Speed:  313.7 MC/s (4.131e-02 s/TS) || Energy: ~3.79e-22 (-46.68dB)
[@     6m20s] Timestep:         9032 || Speed:  313.8 MC/s (4.130e-02 s/TS) || Energy: ~3.55e-22 (-46.96dB)
[@     6m25s] Timestep:         9136 || Speed:  315.7 MC/s (4.106e-02 s/TS) || Energy: ~3.20e-22 (-47.41dB)
[@     6m29s] Timestep:         9240 || Speed:  314.6 MC/s (4.119e-02 s/TS) || Energy: ~2.96e-22 (-47.75dB)
[@     6m33s] Timestep:         9344 || Speed:  313.5 MC/s (4.134e-02 s/TS) || Energy: ~2.82e-22 (-47.96dB)
[@     6m37s] Timestep:         9440 || Speed:  308.6 MC/s (4.200e-02 s/TS) || Energy: ~2.23e-22 (-48.97dB)
[@     6m41s] Timestep:         9536 || Speed:  310.1 MC/s (4.180e-02 s/TS) || Energy: ~2.25e-22 (-48.95dB)
[@     6m46s] Timestep:         9640 || Speed:  314.0 MC/s (4.128e-02 s/TS) || Energy: ~2.08e-22 (-49.28dB)
[@     6m50s] Timestep:         9744 || Speed:  313.7 MC/s (4.132e-02 s/TS) || Energy: ~1.79e-22 (-49.93dB)
[@     6m54s] Timestep:         9848 || Speed:  314.6 MC/s (4.120e-02 s/TS) || Energy: ~1.70e-22 (-50.15dB)
Time for 9848 iterations with 12960304.00 cells : 414.68 sec
Speed: 307.79 MCells/s 
    [excite port 27/40]
 ---------------------------------------------------------------------- 
 | openEMS 64bit -- version v0.37.0-rc1-2-g7b051bb
 | (C) 2010-2026 Thorsten Liebig <thorsten.liebig@gmx.de>  GPL license
 ---------------------------------------------------------------------- 
	Used external libraries:
		CSXCAD -- Version: v0.7.0-rc1-1-g5115701
		hdf5   -- Version: 1.10.10
		          compiled against: HDF5 library version: 1.10.10
		tinyxml -- compiled against: 2.6.2
		fparser
		boost  -- compiled against: 1_83
		vtk -- Version: 9.1.0
		       compiled against: 9.1.0

Create FDTD operator (compressed SSE + multi-threading)
FDTD simulation size: 244x196x271 --> 12960304.00 FDTD cells 
FDTD timestep is: 0.00 s; Nyquist rate: 34 timesteps @101891945817.00 Hz
Excitation signal length is: 398 timesteps (0.00s)
Max. number of timesteps: 60000 ( --> 150.75 * Excitation signal length)
Create FDTD engine (compressed SSE + multi-threading)
Running FDTD engine... this may take a while... grab a cup of coffee?!?
[@        4s] Timestep:           40 || Speed:  118.6 MC/s (1.092e-01 s/TS) || Energy: ~4.86e-24 (- 0.00dB)
[@        8s] Timestep:          104 || Speed:  202.0 MC/s (6.417e-02 s/TS) || Energy: ~1.02e-20 (- 0.00dB)
[@       12s] Timestep:          184 || Speed:  247.9 MC/s (5.229e-02 s/TS) || Energy: ~4.02e-18 (- 0.00dB)
[@       16s] Timestep:          272 || Speed:  271.8 MC/s (4.768e-02 s/TS) || Energy: ~1.70e-17 (- 0.00dB)
[@       21s] Timestep:          368 || Speed:  293.1 MC/s (4.421e-02 s/TS) || Energy: ~1.61e-17 (- 0.25dB)
[@       25s] Timestep:          464 || Speed:  307.8 MC/s (4.211e-02 s/TS) || Energy: ~1.39e-17 (- 0.89dB)
[@       29s] Timestep:          560 || Speed:  309.2 MC/s (4.191e-02 s/TS) || Energy: ~1.22e-17 (- 1.46dB)
[@       33s] Timestep:          656 || Speed:  310.5 MC/s (4.174e-02 s/TS) || Energy: ~1.09e-17 (- 1.92dB)
[@       37s] Timestep:          752 || Speed:  298.7 MC/s (4.339e-02 s/TS) || Energy: ~8.16e-18 (- 3.19dB)
Multithreaded Engine: Best performance found using 8 threads.
[@       41s] Timestep:          856 || Speed:  311.9 MC/s (4.155e-02 s/TS) || Energy: ~7.06e-18 (- 3.82dB)
[@       45s] Timestep:          960 || Speed:  311.2 MC/s (4.165e-02 s/TS) || Energy: ~5.89e-18 (- 4.60dB)
[@       50s] Timestep:         1056 || Speed:  310.0 MC/s (4.181e-02 s/TS) || Energy: ~4.56e-18 (- 5.71dB)
[@       54s] Timestep:         1160 || Speed:  312.1 MC/s (4.153e-02 s/TS) || Energy: ~3.63e-18 (- 6.70dB)
[@       58s] Timestep:         1264 || Speed:  311.8 MC/s (4.156e-02 s/TS) || Energy: ~2.79e-18 (- 7.85dB)
[@     1m02s] Timestep:         1360 || Speed:  310.6 MC/s (4.173e-02 s/TS) || Energy: ~2.18e-18 (- 8.92dB)
[@     1m06s] Timestep:         1464 || Speed:  311.4 MC/s (4.162e-02 s/TS) || Energy: ~1.78e-18 (- 9.81dB)
[@     1m11s] Timestep:         1560 || Speed:  305.9 MC/s (4.237e-02 s/TS) || Energy: ~1.55e-18 (-10.40dB)
[@     1m15s] Timestep:         1664 || Speed:  311.5 MC/s (4.161e-02 s/TS) || Energy: ~1.24e-18 (-11.38dB)
[@     1m19s] Timestep:         1760 || Speed:  306.6 MC/s (4.227e-02 s/TS) || Energy: ~1.15e-18 (-11.69dB)
[@     1m23s] Timestep:         1856 || Speed:  310.7 MC/s (4.171e-02 s/TS) || Energy: ~1.02e-18 (-12.22dB)
[@     1m27s] Timestep:         1952 || Speed:  310.6 MC/s (4.173e-02 s/TS) || Energy: ~9.03e-19 (-12.75dB)
[@     1m31s] Timestep:         2048 || Speed:  310.8 MC/s (4.171e-02 s/TS) || Energy: ~6.94e-19 (-13.89dB)
[@     1m35s] Timestep:         2152 || Speed:  311.2 MC/s (4.165e-02 s/TS) || Energy: ~5.77e-19 (-14.70dB)
[@     1m40s] Timestep:         2256 || Speed:  308.2 MC/s (4.206e-02 s/TS) || Energy: ~4.95e-19 (-15.36dB)
[@     1m44s] Timestep:         2352 || Speed:  308.3 MC/s (4.204e-02 s/TS) || Energy: ~3.78e-19 (-16.54dB)
[@     1m48s] Timestep:         2456 || Speed:  311.3 MC/s (4.164e-02 s/TS) || Energy: ~3.39e-19 (-17.01dB)
[@     1m52s] Timestep:         2552 || Speed:  309.8 MC/s (4.184e-02 s/TS) || Energy: ~2.80e-19 (-17.83dB)
[@     1m56s] Timestep:         2648 || Speed:  310.6 MC/s (4.173e-02 s/TS) || Energy: ~2.93e-19 (-17.63dB)
[@     2m00s] Timestep:         2744 || Speed:  310.9 MC/s (4.169e-02 s/TS) || Energy: ~2.88e-19 (-17.71dB)
[@     2m04s] Timestep:         2840 || Speed:  310.1 MC/s (4.180e-02 s/TS) || Energy: ~2.61e-19 (-18.13dB)
[@     2m08s] Timestep:         2936 || Speed:  310.8 MC/s (4.170e-02 s/TS) || Energy: ~2.30e-19 (-18.69dB)
[@     2m12s] Timestep:         3040 || Speed:  312.3 MC/s (4.149e-02 s/TS) || Energy: ~1.99e-19 (-19.32dB)
[@     2m17s] Timestep:         3144 || Speed:  312.2 MC/s (4.151e-02 s/TS) || Energy: ~1.77e-19 (-19.84dB)
[@     2m21s] Timestep:         3240 || Speed:  302.8 MC/s (4.281e-02 s/TS) || Energy: ~1.33e-19 (-21.08dB)
[@     2m25s] Timestep:         3336 || Speed:  310.7 MC/s (4.172e-02 s/TS) || Energy: ~1.08e-19 (-21.98dB)
[@     2m29s] Timestep:         3432 || Speed:  310.8 MC/s (4.170e-02 s/TS) || Energy: ~9.58e-20 (-22.49dB)
[@     2m33s] Timestep:         3528 || Speed:  310.4 MC/s (4.176e-02 s/TS) || Energy: ~9.64e-20 (-22.47dB)
[@     2m37s] Timestep:         3632 || Speed:  312.0 MC/s (4.155e-02 s/TS) || Energy: ~8.49e-20 (-23.02dB)
[@     2m41s] Timestep:         3736 || Speed:  311.6 MC/s (4.159e-02 s/TS) || Energy: ~7.42e-20 (-23.60dB)
[@     2m46s] Timestep:         3840 || Speed:  311.5 MC/s (4.161e-02 s/TS) || Energy: ~6.51e-20 (-24.17dB)
[@     2m50s] Timestep:         3936 || Speed:  308.1 MC/s (4.207e-02 s/TS) || Energy: ~6.80e-20 (-23.98dB)
[@     2m54s] Timestep:         4032 || Speed:  305.2 MC/s (4.246e-02 s/TS) || Energy: ~6.37e-20 (-24.26dB)
[@     2m58s] Timestep:         4136 || Speed:  311.5 MC/s (4.160e-02 s/TS) || Energy: ~5.79e-20 (-24.68dB)
[@     3m02s] Timestep:         4232 || Speed:  310.9 MC/s (4.169e-02 s/TS) || Energy: ~4.96e-20 (-25.35dB)
[@     3m06s] Timestep:         4328 || Speed:  306.3 MC/s (4.231e-02 s/TS) || Energy: ~3.67e-20 (-26.66dB)
[@     3m11s] Timestep:         4432 || Speed:  311.6 MC/s (4.160e-02 s/TS) || Energy: ~3.24e-20 (-27.21dB)
[@     3m15s] Timestep:         4536 || Speed:  312.6 MC/s (4.147e-02 s/TS) || Energy: ~3.09e-20 (-27.41dB)
[@     3m19s] Timestep:         4632 || Speed:  309.1 MC/s (4.194e-02 s/TS) || Energy: ~2.40e-20 (-28.51dB)
[@     3m23s] Timestep:         4728 || Speed:  311.0 MC/s (4.167e-02 s/TS) || Energy: ~2.14e-20 (-29.01dB)
[@     3m27s] Timestep:         4832 || Speed:  306.6 MC/s (4.227e-02 s/TS) || Energy: ~1.90e-20 (-29.51dB)
[@     3m31s] Timestep:         4928 || Speed:  308.9 MC/s (4.195e-02 s/TS) || Energy: ~1.88e-20 (-29.56dB)
[@     3m36s] Timestep:         5032 || Speed:  311.5 MC/s (4.161e-02 s/TS) || Energy: ~1.78e-20 (-29.81dB)
[@     3m40s] Timestep:         5136 || Speed:  311.5 MC/s (4.161e-02 s/TS) || Energy: ~1.51e-20 (-30.53dB)
[@     3m44s] Timestep:         5240 || Speed:  311.2 MC/s (4.165e-02 s/TS) || Energy: ~1.28e-20 (-31.22dB)
[@     3m48s] Timestep:         5336 || Speed:  310.7 MC/s (4.171e-02 s/TS) || Energy: ~1.35e-20 (-31.02dB)
[@     3m52s] Timestep:         5432 || Speed:  308.0 MC/s (4.208e-02 s/TS) || Energy: ~1.28e-20 (-31.25dB)
[@     3m57s] Timestep:         5536 || Speed:  311.8 MC/s (4.157e-02 s/TS) || Energy: ~1.04e-20 (-32.14dB)
[@     4m01s] Timestep:         5632 || Speed:  305.9 MC/s (4.236e-02 s/TS) || Energy: ~9.41e-21 (-32.57dB)
[@     4m05s] Timestep:         5736 || Speed:  311.3 MC/s (4.163e-02 s/TS) || Energy: ~8.59e-21 (-32.97dB)
[@     4m09s] Timestep:         5840 || Speed:  310.9 MC/s (4.169e-02 s/TS) || Energy: ~7.58e-21 (-33.51dB)
[@     4m14s] Timestep:         5944 || Speed:  312.8 MC/s (4.143e-02 s/TS) || Energy: ~6.62e-21 (-34.10dB)
[@     4m18s] Timestep:         6048 || Speed:  311.8 MC/s (4.156e-02 s/TS) || Energy: ~6.03e-21 (-34.50dB)
[@     4m22s] Timestep:         6144 || Speed:  307.4 MC/s (4.217e-02 s/TS) || Energy: ~5.65e-21 (-34.79dB)
[@     4m26s] Timestep:         6248 || Speed:  311.8 MC/s (4.157e-02 s/TS) || Energy: ~4.81e-21 (-35.49dB)
[@     4m31s] Timestep:         6344 || Speed:  305.9 MC/s (4.236e-02 s/TS) || Energy: ~4.09e-21 (-36.19dB)
[@     4m35s] Timestep:         6440 || Speed:  306.3 MC/s (4.231e-02 s/TS) || Energy: ~3.81e-21 (-36.49dB)
[@     4m39s] Timestep:         6544 || Speed:  311.7 MC/s (4.159e-02 s/TS) || Energy: ~3.58e-21 (-36.77dB)
[@     4m43s] Timestep:         6648 || Speed:  311.5 MC/s (4.161e-02 s/TS) || Energy: ~3.13e-21 (-37.36dB)
[@     4m47s] Timestep:         6744 || Speed:  310.8 MC/s (4.170e-02 s/TS) || Energy: ~2.72e-21 (-37.97dB)
[@     4m51s] Timestep:         6840 || Speed:  307.7 MC/s (4.211e-02 s/TS) || Energy: ~2.44e-21 (-38.44dB)
[@     4m56s] Timestep:         6944 || Speed:  312.1 MC/s (4.152e-02 s/TS) || Energy: ~2.24e-21 (-38.81dB)
[@     5m00s] Timestep:         7048 || Speed:  311.2 MC/s (4.165e-02 s/TS) || Energy: ~1.98e-21 (-39.34dB)
[@     5m04s] Timestep:         7144 || Speed:  309.5 MC/s (4.187e-02 s/TS) || Energy: ~1.78e-21 (-39.80dB)
[@     5m08s] Timestep:         7240 || Speed:  306.4 MC/s (4.230e-02 s/TS) || Energy: ~1.79e-21 (-39.78dB)
[@     5m12s] Timestep:         7336 || Speed:  310.5 MC/s (4.174e-02 s/TS) || Energy: ~1.78e-21 (-39.79dB)
[@     5m16s] Timestep:         7432 || Speed:  310.8 MC/s (4.171e-02 s/TS) || Energy: ~1.56e-21 (-40.38dB)
[@     5m20s] Timestep:         7528 || Speed:  306.9 MC/s (4.223e-02 s/TS) || Energy: ~1.31e-21 (-41.14dB)
[@     5m24s] Timestep:         7624 || Speed:  301.4 MC/s (4.300e-02 s/TS) || Energy: ~1.14e-21 (-41.75dB)
[@     5m28s] Timestep:         7720 || Speed:  306.8 MC/s (4.225e-02 s/TS) || Energy: ~1.02e-21 (-42.24dB)
[@     5m32s] Timestep:         7816 || Speed:  308.1 MC/s (4.207e-02 s/TS) || Energy: ~9.69e-22 (-42.44dB)
[@     5m37s] Timestep:         7920 || Speed:  312.3 MC/s (4.150e-02 s/TS) || Energy: ~9.12e-22 (-42.71dB)
[@     5m41s] Timestep:         8016 || Speed:  303.1 MC/s (4.275e-02 s/TS) || Energy: ~8.94e-22 (-42.79dB)
[@     5m45s] Timestep:         8120 || Speed:  311.5 MC/s (4.161e-02 s/TS) || Energy: ~7.76e-22 (-43.41dB)
[@     5m49s] Timestep:         8216 || Speed:  306.2 MC/s (4.233e-02 s/TS) || Energy: ~7.94e-22 (-43.31dB)
[@     5m53s] Timestep:         8312 || Speed:  308.8 MC/s (4.197e-02 s/TS) || Energy: ~7.07e-22 (-43.81dB)
[@     5m57s] Timestep:         8408 || Speed:  310.8 MC/s (4.170e-02 s/TS) || Energy: ~5.51e-22 (-44.89dB)
[@     6m01s] Timestep:         8504 || Speed:  309.6 MC/s (4.186e-02 s/TS) || Energy: ~4.66e-22 (-45.62dB)
[@     6m06s] Timestep:         8608 || Speed:  311.8 MC/s (4.157e-02 s/TS) || Energy: ~4.47e-22 (-45.81dB)
[@     6m10s] Timestep:         8704 || Speed:  310.4 MC/s (4.175e-02 s/TS) || Energy: ~4.01e-22 (-46.27dB)
[@     6m14s] Timestep:         8800 || Speed:  310.6 MC/s (4.173e-02 s/TS) || Energy: ~4.03e-22 (-46.25dB)
[@     6m18s] Timestep:         8896 || Speed:  310.9 MC/s (4.169e-02 s/TS) || Energy: ~4.10e-22 (-46.18dB)
[@     6m22s] Timestep:         8992 || Speed:  295.8 MC/s (4.382e-02 s/TS) || Energy: ~3.82e-22 (-46.48dB)
[@     6m26s] Timestep:         9088 || Speed:  306.1 MC/s (4.234e-02 s/TS) || Energy: ~3.29e-22 (-47.14dB)
[@     6m30s] Timestep:         9184 || Speed:  310.4 MC/s (4.175e-02 s/TS) || Energy: ~2.77e-22 (-47.88dB)
[@     6m34s] Timestep:         9280 || Speed:  310.5 MC/s (4.174e-02 s/TS) || Energy: ~2.39e-22 (-48.52dB)
[@     6m38s] Timestep:         9376 || Speed:  310.0 MC/s (4.181e-02 s/TS) || Energy: ~2.29e-22 (-48.70dB)
[@     6m42s] Timestep:         9472 || Speed:  311.0 MC/s (4.167e-02 s/TS) || Energy: ~2.35e-22 (-48.59dB)
[@     6m46s] Timestep:         9568 || Speed:  310.7 MC/s (4.172e-02 s/TS) || Energy: ~2.26e-22 (-48.77dB)
[@     6m50s] Timestep:         9672 || Speed:  311.7 MC/s (4.159e-02 s/TS) || Energy: ~2.05e-22 (-49.19dB)
[@     6m54s] Timestep:         9768 || Speed:  302.4 MC/s (4.286e-02 s/TS) || Energy: ~1.98e-22 (-49.35dB)
[@     6m58s] Timestep:         9864 || Speed:  307.3 MC/s (4.218e-02 s/TS) || Energy: ~1.68e-22 (-50.06dB)
Time for 9864 iterations with 12960304.00 cells : 418.83 sec
Speed: 305.23 MCells/s 
    [excite port 28/40]
 ---------------------------------------------------------------------- 
 | openEMS 64bit -- version v0.37.0-rc1-2-g7b051bb
 | (C) 2010-2026 Thorsten Liebig <thorsten.liebig@gmx.de>  GPL license
 ---------------------------------------------------------------------- 
	Used external libraries:
		CSXCAD -- Version: v0.7.0-rc1-1-g5115701
		hdf5   -- Version: 1.10.10
		          compiled against: HDF5 library version: 1.10.10
		tinyxml -- compiled against: 2.6.2
		fparser
		boost  -- compiled against: 1_83
		vtk -- Version: 9.1.0
		       compiled against: 9.1.0

Create FDTD operator (compressed SSE + multi-threading)
FDTD simulation size: 244x196x271 --> 12960304.00 FDTD cells 
FDTD timestep is: 0.00 s; Nyquist rate: 34 timesteps @101891945817.00 Hz
Excitation signal length is: 398 timesteps (0.00s)
Max. number of timesteps: 60000 ( --> 150.75 * Excitation signal length)
Create FDTD engine (compressed SSE + multi-threading)
Running FDTD engine... this may take a while... grab a cup of coffee?!?
[@        4s] Timestep:           40 || Speed:  119.3 MC/s (1.087e-01 s/TS) || Energy: ~4.86e-24 (- 0.00dB)
[@        8s] Timestep:          104 || Speed:  199.3 MC/s (6.501e-02 s/TS) || Energy: ~1.02e-20 (- 0.00dB)
[@       12s] Timestep:          184 || Speed:  240.6 MC/s (5.388e-02 s/TS) || Energy: ~4.02e-18 (- 0.00dB)
[@       17s] Timestep:          272 || Speed:  268.3 MC/s (4.830e-02 s/TS) || Energy: ~1.72e-17 (- 0.00dB)
[@       21s] Timestep:          368 || Speed:  294.6 MC/s (4.399e-02 s/TS) || Energy: ~1.64e-17 (- 0.21dB)
[@       25s] Timestep:          464 || Speed:  308.7 MC/s (4.198e-02 s/TS) || Energy: ~1.36e-17 (- 1.02dB)
[@       29s] Timestep:          560 || Speed:  307.3 MC/s (4.218e-02 s/TS) || Energy: ~1.22e-17 (- 1.49dB)
Multithreaded Engine: Best performance found using 6 threads.
[@       33s] Timestep:          656 || Speed:  300.1 MC/s (4.319e-02 s/TS) || Energy: ~1.14e-17 (- 1.79dB)
[@       37s] Timestep:          752 || Speed:  306.0 MC/s (4.235e-02 s/TS) || Energy: ~8.71e-18 (- 2.96dB)
[@       41s] Timestep:          848 || Speed:  304.3 MC/s (4.260e-02 s/TS) || Energy: ~7.30e-18 (- 3.72dB)
[@       45s] Timestep:          944 || Speed:  304.7 MC/s (4.254e-02 s/TS) || Energy: ~6.17e-18 (- 4.45dB)
[@       49s] Timestep:         1040 || Speed:  306.3 MC/s (4.231e-02 s/TS) || Energy: ~5.06e-18 (- 5.31dB)
[@       53s] Timestep:         1136 || Speed:  305.7 MC/s (4.240e-02 s/TS) || Energy: ~4.44e-18 (- 5.88dB)
[@       57s] Timestep:         1232 || Speed:  303.5 MC/s (4.270e-02 s/TS) || Energy: ~3.53e-18 (- 6.88dB)
[@     1m02s] Timestep:         1328 || Speed:  304.9 MC/s (4.250e-02 s/TS) || Energy: ~2.69e-18 (- 8.06dB)
[@     1m06s] Timestep:         1424 || Speed:  299.1 MC/s (4.333e-02 s/TS) || Energy: ~1.99e-18 (- 9.37dB)
[@     1m10s] Timestep:         1520 || Speed:  306.4 MC/s (4.230e-02 s/TS) || Energy: ~1.57e-18 (-10.39dB)
[@     1m14s] Timestep:         1616 || Speed:  307.7 MC/s (4.212e-02 s/TS) || Energy: ~1.50e-18 (-10.60dB)
[@     1m18s] Timestep:         1712 || Speed:  305.7 MC/s (4.239e-02 s/TS) || Energy: ~1.48e-18 (-10.66dB)
[@     1m22s] Timestep:         1808 || Speed:  308.6 MC/s (4.199e-02 s/TS) || Energy: ~1.32e-18 (-11.16dB)
[@     1m26s] Timestep:         1904 || Speed:  305.6 MC/s (4.241e-02 s/TS) || Energy: ~1.07e-18 (-12.07dB)
[@     1m30s] Timestep:         2000 || Speed:  303.8 MC/s (4.266e-02 s/TS) || Energy: ~8.06e-19 (-13.29dB)
[@     1m34s] Timestep:         2096 || Speed:  306.7 MC/s (4.226e-02 s/TS) || Energy: ~6.39e-19 (-14.30dB)
[@     1m38s] Timestep:         2192 || Speed:  301.7 MC/s (4.296e-02 s/TS) || Energy: ~5.73e-19 (-14.78dB)
[@     1m42s] Timestep:         2288 || Speed:  307.1 MC/s (4.220e-02 s/TS) || Energy: ~6.05e-19 (-14.54dB)
[@     1m46s] Timestep:         2384 || Speed:  306.7 MC/s (4.226e-02 s/TS) || Energy: ~5.95e-19 (-14.61dB)
[@     1m50s] Timestep:         2480 || Speed:  306.5 MC/s (4.229e-02 s/TS) || Energy: ~5.15e-19 (-15.24dB)
[@     1m55s] Timestep:         2576 || Speed:  306.4 MC/s (4.230e-02 s/TS) || Energy: ~4.21e-19 (-16.11dB)
[@     1m59s] Timestep:         2672 || Speed:  302.4 MC/s (4.285e-02 s/TS) || Energy: ~3.11e-19 (-17.43dB)
[@     2m03s] Timestep:         2768 || Speed:  305.3 MC/s (4.244e-02 s/TS) || Energy: ~2.43e-19 (-18.50dB)
[@     2m07s] Timestep:         2864 || Speed:  305.7 MC/s (4.240e-02 s/TS) || Energy: ~2.44e-19 (-18.49dB)
[@     2m11s] Timestep:         2960 || Speed:  302.5 MC/s (4.284e-02 s/TS) || Energy: ~2.55e-19 (-18.29dB)
[@     2m15s] Timestep:         3056 || Speed:  304.7 MC/s (4.254e-02 s/TS) || Energy: ~2.47e-19 (-18.43dB)
[@     2m19s] Timestep:         3152 || Speed:  304.4 MC/s (4.258e-02 s/TS) || Energy: ~2.13e-19 (-19.07dB)
[@     2m23s] Timestep:         3248 || Speed:  307.8 MC/s (4.211e-02 s/TS) || Energy: ~1.67e-19 (-20.13dB)
[@     2m27s] Timestep:         3344 || Speed:  305.2 MC/s (4.246e-02 s/TS) || Energy: ~1.28e-19 (-21.30dB)
[@     2m31s] Timestep:         3440 || Speed:  304.4 MC/s (4.257e-02 s/TS) || Energy: ~1.08e-19 (-22.01dB)
[@     2m35s] Timestep:         3536 || Speed:  306.1 MC/s (4.234e-02 s/TS) || Energy: ~1.05e-19 (-22.15dB)
[@     2m39s] Timestep:         3632 || Speed:  299.7 MC/s (4.324e-02 s/TS) || Energy: ~1.09e-19 (-21.97dB)
[@     2m44s] Timestep:         3728 || Speed:  306.5 MC/s (4.228e-02 s/TS) || Energy: ~1.08e-19 (-22.01dB)
[@     2m48s] Timestep:         3824 || Speed:  305.8 MC/s (4.238e-02 s/TS) || Energy: ~9.47e-20 (-22.59dB)
[@     2m52s] Timestep:         3920 || Speed:  306.4 MC/s (4.230e-02 s/TS) || Energy: ~7.63e-20 (-23.53dB)
[@     2m56s] Timestep:         4016 || Speed:  306.6 MC/s (4.227e-02 s/TS) || Energy: ~5.61e-20 (-24.87dB)
[@     3m00s] Timestep:         4112 || Speed:  304.8 MC/s (4.253e-02 s/TS) || Energy: ~4.72e-20 (-25.62dB)
[@     3m04s] Timestep:         4208 || Speed:  307.0 MC/s (4.222e-02 s/TS) || Energy: ~4.95e-20 (-25.41dB)
[@     3m08s] Timestep:         4304 || Speed:  305.6 MC/s (4.241e-02 s/TS) || Energy: ~5.27e-20 (-25.14dB)
[@     3m12s] Timestep:         4400 || Speed:  303.6 MC/s (4.269e-02 s/TS) || Energy: ~4.89e-20 (-25.47dB)
[@     3m16s] Timestep:         4496 || Speed:  306.1 MC/s (4.234e-02 s/TS) || Energy: ~4.24e-20 (-26.09dB)
[@     3m20s] Timestep:         4592 || Speed:  309.8 MC/s (4.184e-02 s/TS) || Energy: ~3.47e-20 (-26.95dB)
[@     3m24s] Timestep:         4688 || Speed:  308.2 MC/s (4.206e-02 s/TS) || Energy: ~2.74e-20 (-27.97dB)
[@     3m28s] Timestep:         4784 || Speed:  304.4 MC/s (4.258e-02 s/TS) || Energy: ~2.26e-20 (-28.82dB)
[@     3m32s] Timestep:         4880 || Speed:  306.1 MC/s (4.234e-02 s/TS) || Energy: ~2.29e-20 (-28.76dB)
[@     3m36s] Timestep:         4976 || Speed:  306.4 MC/s (4.229e-02 s/TS) || Energy: ~2.51e-20 (-28.37dB)
[@     3m40s] Timestep:         5072 || Speed:  300.9 MC/s (4.308e-02 s/TS) || Energy: ~2.42e-20 (-28.52dB)
[@     3m45s] Timestep:         5168 || Speed:  305.4 MC/s (4.243e-02 s/TS) || Energy: ~2.01e-20 (-29.32dB)
[@     3m49s] Timestep:         5264 || Speed:  310.6 MC/s (4.173e-02 s/TS) || Energy: ~1.53e-20 (-30.52dB)
[@     3m53s] Timestep:         5360 || Speed:  308.4 MC/s (4.203e-02 s/TS) || Energy: ~1.20e-20 (-31.58dB)
[@     3m57s] Timestep:         5456 || Speed:  307.3 MC/s (4.218e-02 s/TS) || Energy: ~1.15e-20 (-31.74dB)
[@     4m01s] Timestep:         5552 || Speed:  304.3 MC/s (4.259e-02 s/TS) || Energy: ~1.25e-20 (-31.39dB)
[@     4m05s] Timestep:         5648 || Speed:  306.2 MC/s (4.232e-02 s/TS) || Energy: ~1.25e-20 (-31.39dB)
[@     4m09s] Timestep:         5744 || Speed:  300.9 MC/s (4.307e-02 s/TS) || Energy: ~1.10e-20 (-31.95dB)
[@     4m13s] Timestep:         5840 || Speed:  305.8 MC/s (4.238e-02 s/TS) || Energy: ~9.12e-21 (-32.76dB)
[@     4m17s] Timestep:         5936 || Speed:  306.3 MC/s (4.232e-02 s/TS) || Energy: ~7.65e-21 (-33.52dB)
[@     4m21s] Timestep:         6032 || Speed:  306.6 MC/s (4.227e-02 s/TS) || Energy: ~6.36e-21 (-34.32dB)
[@     4m25s] Timestep:         6128 || Speed:  309.0 MC/s (4.194e-02 s/TS) || Energy: ~5.62e-21 (-34.86dB)
[@     4m29s] Timestep:         6224 || Speed:  305.9 MC/s (4.237e-02 s/TS) || Energy: ~5.82e-21 (-34.71dB)
[@     4m33s] Timestep:         6320 || Speed:  305.5 MC/s (4.242e-02 s/TS) || Energy: ~6.10e-21 (-34.51dB)
[@     4m37s] Timestep:         6416 || Speed:  300.8 MC/s (4.309e-02 s/TS) || Energy: ~5.67e-21 (-34.83dB)
[@     4m41s] Timestep:         6512 || Speed:  307.6 MC/s (4.213e-02 s/TS) || Energy: ~4.66e-21 (-35.67dB)
[@     4m46s] Timestep:         6608 || Speed:  306.3 MC/s (4.231e-02 s/TS) || Energy: ~3.63e-21 (-36.75dB)
[@     4m50s] Timestep:         6704 || Speed:  307.3 MC/s (4.218e-02 s/TS) || Energy: ~3.11e-21 (-37.43dB)
[@     4m54s] Timestep:         6800 || Speed:  306.4 MC/s (4.230e-02 s/TS) || Energy: ~3.04e-21 (-37.54dB)
[@     4m58s] Timestep:         6896 || Speed:  306.4 MC/s (4.230e-02 s/TS) || Energy: ~3.04e-21 (-37.53dB)
[@     5m02s] Timestep:         6992 || Speed:  299.5 MC/s (4.327e-02 s/TS) || Energy: ~2.92e-21 (-37.70dB)
[@     5m06s] Timestep:         7088 || Speed:  299.0 MC/s (4.334e-02 s/TS) || Energy: ~2.76e-21 (-37.94dB)
[@     5m10s] Timestep:         7184 || Speed:  308.8 MC/s (4.197e-02 s/TS) || Energy: ~2.46e-21 (-38.46dB)
[@     5m14s] Timestep:         7280 || Speed:  307.7 MC/s (4.212e-02 s/TS) || Energy: ~1.96e-21 (-39.44dB)
[@     5m18s] Timestep:         7376 || Speed:  306.4 MC/s (4.230e-02 s/TS) || Energy: ~1.58e-21 (-40.37dB)
[@     5m22s] Timestep:         7472 || Speed:  307.7 MC/s (4.213e-02 s/TS) || Energy: ~1.53e-21 (-40.52dB)
[@     5m26s] Timestep:         7568 || Speed:  310.5 MC/s (4.174e-02 s/TS) || Energy: ~1.57e-21 (-40.39dB)
[@     5m30s] Timestep:         7664 || Speed:  304.7 MC/s (4.253e-02 s/TS) || Energy: ~1.54e-21 (-40.50dB)
[@     5m34s] Timestep:         7760 || Speed:  302.3 MC/s (4.287e-02 s/TS) || Energy: ~1.41e-21 (-40.86dB)
[@     5m38s] Timestep:         7856 || Speed:  307.5 MC/s (4.215e-02 s/TS) || Energy: ~1.21e-21 (-41.53dB)
[@     5m43s] Timestep:         7952 || Speed:  305.8 MC/s (4.239e-02 s/TS) || Energy: ~9.74e-22 (-42.47dB)
[@     5m47s] Timestep:         8040 || Speed:  279.2 MC/s (4.642e-02 s/TS) || Energy: ~8.83e-22 (-42.90dB)
[@     5m51s] Timestep:         8136 || Speed:  303.3 MC/s (4.273e-02 s/TS) || Energy: ~9.24e-22 (-42.70dB)
[@     5m55s] Timestep:         8232 || Speed:  301.2 MC/s (4.303e-02 s/TS) || Energy: ~9.27e-22 (-42.69dB)
[@     5m59s] Timestep:         8328 || Speed:  297.3 MC/s (4.360e-02 s/TS) || Energy: ~8.00e-22 (-43.33dB)
[@     6m03s] Timestep:         8424 || Speed:  303.6 MC/s (4.269e-02 s/TS) || Energy: ~6.37e-22 (-44.32dB)
[@     6m07s] Timestep:         8520 || Speed:  305.4 MC/s (4.243e-02 s/TS) || Energy: ~5.52e-22 (-44.94dB)
[@     6m11s] Timestep:         8616 || Speed:  305.1 MC/s (4.248e-02 s/TS) || Energy: ~5.26e-22 (-45.15dB)
[@     6m15s] Timestep:         8712 || Speed:  303.1 MC/s (4.275e-02 s/TS) || Energy: ~4.98e-22 (-45.38dB)
[@     6m19s] Timestep:         8808 || Speed:  304.5 MC/s (4.256e-02 s/TS) || Energy: ~4.76e-22 (-45.58dB)
[@     6m24s] Timestep:         8904 || Speed:  305.7 MC/s (4.240e-02 s/TS) || Energy: ~4.65e-22 (-45.68dB)
[@     6m28s] Timestep:         9000 || Speed:  303.3 MC/s (4.273e-02 s/TS) || Energy: ~4.29e-22 (-46.03dB)
[@     6m32s] Timestep:         9096 || Speed:  304.2 MC/s (4.260e-02 s/TS) || Energy: ~3.56e-22 (-46.84dB)
[@     6m36s] Timestep:         9192 || Speed:  306.7 MC/s (4.226e-02 s/TS) || Energy: ~2.92e-22 (-47.71dB)
[@     6m40s] Timestep:         9288 || Speed:  306.8 MC/s (4.225e-02 s/TS) || Energy: ~2.68e-22 (-48.07dB)
[@     6m44s] Timestep:         9384 || Speed:  306.2 MC/s (4.233e-02 s/TS) || Energy: ~2.67e-22 (-48.09dB)
[@     6m48s] Timestep:         9480 || Speed:  307.1 MC/s (4.220e-02 s/TS) || Energy: ~2.58e-22 (-48.24dB)
[@     6m52s] Timestep:         9576 || Speed:  303.7 MC/s (4.268e-02 s/TS) || Energy: ~2.40e-22 (-48.55dB)
[@     6m56s] Timestep:         9672 || Speed:  305.4 MC/s (4.243e-02 s/TS) || Energy: ~2.23e-22 (-48.87dB)
[@     7m00s] Timestep:         9768 || Speed:  304.2 MC/s (4.260e-02 s/TS) || Energy: ~2.01e-22 (-49.32dB)
[@     7m04s] Timestep:         9864 || Speed:  305.7 MC/s (4.239e-02 s/TS) || Energy: ~1.67e-22 (-50.12dB)
Time for 9864 iterations with 12960304.00 cells : 424.80 sec
Speed: 300.94 MCells/s 
    [excite port 29/40]
 ---------------------------------------------------------------------- 
 | openEMS 64bit -- version v0.37.0-rc1-2-g7b051bb
 | (C) 2010-2026 Thorsten Liebig <thorsten.liebig@gmx.de>  GPL license
 ---------------------------------------------------------------------- 
	Used external libraries:
		CSXCAD -- Version: v0.7.0-rc1-1-g5115701
		hdf5   -- Version: 1.10.10
		          compiled against: HDF5 library version: 1.10.10
		tinyxml -- compiled against: 2.6.2
		fparser
		boost  -- compiled against: 1_83
		vtk -- Version: 9.1.0
		       compiled against: 9.1.0

Create FDTD operator (compressed SSE + multi-threading)
FDTD simulation size: 244x196x271 --> 12960304.00 FDTD cells 
FDTD timestep is: 0.00 s; Nyquist rate: 34 timesteps @101891945817.00 Hz
Excitation signal length is: 398 timesteps (0.00s)
Max. number of timesteps: 60000 ( --> 150.75 * Excitation signal length)
Create FDTD engine (compressed SSE + multi-threading)
Running FDTD engine... this may take a while... grab a cup of coffee?!?
[@        4s] Timestep:           40 || Speed:  119.7 MC/s (1.082e-01 s/TS) || Energy: ~5.12e-24 (- 0.00dB)
[@        8s] Timestep:          104 || Speed:  198.8 MC/s (6.520e-02 s/TS) || Energy: ~1.11e-20 (- 0.00dB)
[@       12s] Timestep:          184 || Speed:  242.7 MC/s (5.340e-02 s/TS) || Energy: ~4.43e-18 (- 0.00dB)
[@       17s] Timestep:          272 || Speed:  267.8 MC/s (4.840e-02 s/TS) || Energy: ~1.85e-17 (- 0.00dB)
[@       21s] Timestep:          368 || Speed:  293.6 MC/s (4.415e-02 s/TS) || Energy: ~1.67e-17 (- 0.44dB)
[@       25s] Timestep:          464 || Speed:  307.1 MC/s (4.220e-02 s/TS) || Energy: ~1.38e-17 (- 1.27dB)
[@       29s] Timestep:          560 || Speed:  300.0 MC/s (4.320e-02 s/TS) || Energy: ~1.24e-17 (- 1.74dB)
Multithreaded Engine: Best performance found using 6 threads.
[@       33s] Timestep:          656 || Speed:  293.2 MC/s (4.420e-02 s/TS) || Energy: ~1.07e-17 (- 2.37dB)
[@       37s] Timestep:          752 || Speed:  306.2 MC/s (4.233e-02 s/TS) || Energy: ~8.18e-18 (- 3.54dB)
[@       41s] Timestep:          848 || Speed:  301.1 MC/s (4.304e-02 s/TS) || Energy: ~6.19e-18 (- 4.75dB)
[@       45s] Timestep:          944 || Speed:  308.1 MC/s (4.207e-02 s/TS) || Energy: ~5.13e-18 (- 5.57dB)
[@       49s] Timestep:         1040 || Speed:  307.1 MC/s (4.220e-02 s/TS) || Energy: ~4.67e-18 (- 5.98dB)
[@       54s] Timestep:         1136 || Speed:  306.2 MC/s (4.233e-02 s/TS) || Energy: ~3.84e-18 (- 6.82dB)
[@       58s] Timestep:         1232 || Speed:  307.8 MC/s (4.211e-02 s/TS) || Energy: ~3.08e-18 (- 7.78dB)
[@     1m02s] Timestep:         1328 || Speed:  305.2 MC/s (4.247e-02 s/TS) || Energy: ~2.38e-18 (- 8.90dB)
[@     1m06s] Timestep:         1424 || Speed:  301.8 MC/s (4.294e-02 s/TS) || Energy: ~1.92e-18 (- 9.84dB)
[@     1m10s] Timestep:         1520 || Speed:  308.7 MC/s (4.198e-02 s/TS) || Energy: ~1.55e-18 (-10.76dB)
[@     1m14s] Timestep:         1616 || Speed:  304.5 MC/s (4.256e-02 s/TS) || Energy: ~1.24e-18 (-11.75dB)
[@     1m18s] Timestep:         1712 || Speed:  306.6 MC/s (4.227e-02 s/TS) || Energy: ~1.11e-18 (-12.21dB)
[@     1m22s] Timestep:         1808 || Speed:  308.1 MC/s (4.207e-02 s/TS) || Energy: ~1.02e-18 (-12.60dB)
[@     1m26s] Timestep:         1904 || Speed:  305.1 MC/s (4.248e-02 s/TS) || Energy: ~8.89e-19 (-13.18dB)
[@     1m30s] Timestep:         2000 || Speed:  299.4 MC/s (4.329e-02 s/TS) || Energy: ~7.14e-19 (-14.13dB)
[@     1m34s] Timestep:         2096 || Speed:  305.6 MC/s (4.241e-02 s/TS) || Energy: ~5.67e-19 (-15.13dB)
[@     1m38s] Timestep:         2192 || Speed:  305.4 MC/s (4.244e-02 s/TS) || Energy: ~4.70e-19 (-15.95dB)
[@     1m42s] Timestep:         2288 || Speed:  306.4 MC/s (4.229e-02 s/TS) || Energy: ~4.08e-19 (-16.56dB)
[@     1m47s] Timestep:         2384 || Speed:  306.9 MC/s (4.223e-02 s/TS) || Energy: ~3.68e-19 (-17.01dB)
[@     1m51s] Timestep:         2480 || Speed:  303.2 MC/s (4.275e-02 s/TS) || Energy: ~3.56e-19 (-17.16dB)
[@     1m55s] Timestep:         2576 || Speed:  308.1 MC/s (4.207e-02 s/TS) || Energy: ~3.07e-19 (-17.80dB)
[@     1m59s] Timestep:         2672 || Speed:  305.0 MC/s (4.249e-02 s/TS) || Energy: ~2.44e-19 (-18.79dB)
[@     2m03s] Timestep:         2768 || Speed:  303.2 MC/s (4.274e-02 s/TS) || Energy: ~1.96e-19 (-19.75dB)
[@     2m07s] Timestep:         2864 || Speed:  307.5 MC/s (4.214e-02 s/TS) || Energy: ~1.66e-19 (-20.47dB)
[@     2m11s] Timestep:         2960 || Speed:  306.0 MC/s (4.236e-02 s/TS) || Energy: ~1.58e-19 (-20.67dB)
[@     2m15s] Timestep:         3056 || Speed:  301.2 MC/s (4.302e-02 s/TS) || Energy: ~1.53e-19 (-20.83dB)
[@     2m19s] Timestep:         3152 || Speed:  307.1 MC/s (4.220e-02 s/TS) || Energy: ~1.39e-19 (-21.23dB)
[@     2m23s] Timestep:         3248 || Speed:  305.7 MC/s (4.240e-02 s/TS) || Energy: ~1.20e-19 (-21.87dB)
[@     2m27s] Timestep:         3344 || Speed:  306.4 MC/s (4.229e-02 s/TS) || Energy: ~9.52e-20 (-22.88dB)
[@     2m31s] Timestep:         3440 || Speed:  306.5 MC/s (4.228e-02 s/TS) || Energy: ~7.80e-20 (-23.75dB)
[@     2m35s] Timestep:         3536 || Speed:  307.8 MC/s (4.211e-02 s/TS) || Energy: ~7.20e-20 (-24.09dB)
[@     2m39s] Timestep:         3632 || Speed:  301.2 MC/s (4.303e-02 s/TS) || Energy: ~6.91e-20 (-24.27dB)
[@     2m44s] Timestep:         3728 || Speed:  305.5 MC/s (4.242e-02 s/TS) || Energy: ~6.74e-20 (-24.39dB)
[@     2m48s] Timestep:         3824 || Speed:  306.0 MC/s (4.235e-02 s/TS) || Energy: ~6.14e-20 (-24.79dB)
[@     2m52s] Timestep:         3920 || Speed:  307.9 MC/s (4.210e-02 s/TS) || Energy: ~4.87e-20 (-25.80dB)
[@     2m56s] Timestep:         4016 || Speed:  305.5 MC/s (4.242e-02 s/TS) || Energy: ~3.86e-20 (-26.80dB)
[@     3m00s] Timestep:         4112 || Speed:  300.3 MC/s (4.316e-02 s/TS) || Energy: ~3.60e-20 (-27.11dB)
[@     3m04s] Timestep:         4208 || Speed:  304.7 MC/s (4.253e-02 s/TS) || Energy: ~3.45e-20 (-27.29dB)
[@     3m08s] Timestep:         4304 || Speed:  305.7 MC/s (4.239e-02 s/TS) || Energy: ~3.29e-20 (-27.50dB)
[@     3m12s] Timestep:         4400 || Speed:  304.3 MC/s (4.259e-02 s/TS) || Energy: ~3.19e-20 (-27.63dB)
[@     3m16s] Timestep:         4496 || Speed:  306.9 MC/s (4.222e-02 s/TS) || Energy: ~2.72e-20 (-28.32dB)
[@     3m20s] Timestep:         4592 || Speed:  296.9 MC/s (4.365e-02 s/TS) || Energy: ~2.19e-20 (-29.26dB)
[@     3m24s] Timestep:         4688 || Speed:  305.7 MC/s (4.239e-02 s/TS) || Energy: ~1.83e-20 (-30.04dB)
[@     3m29s] Timestep:         4784 || Speed:  304.3 MC/s (4.259e-02 s/TS) || Energy: ~1.75e-20 (-30.23dB)
[@     3m33s] Timestep:         4880 || Speed:  304.9 MC/s (4.250e-02 s/TS) || Energy: ~1.74e-20 (-30.26dB)
[@     3m37s] Timestep:         4976 || Speed:  306.5 MC/s (4.229e-02 s/TS) || Energy: ~1.65e-20 (-30.48dB)
[@     3m41s] Timestep:         5072 || Speed:  301.0 MC/s (4.306e-02 s/TS) || Energy: ~1.51e-20 (-30.87dB)
[@     3m45s] Timestep:         5168 || Speed:  306.2 MC/s (4.232e-02 s/TS) || Energy: ~1.28e-20 (-31.60dB)
[@     3m49s] Timestep:         5264 || Speed:  305.8 MC/s (4.238e-02 s/TS) || Energy: ~1.04e-20 (-32.52dB)
[@     3m53s] Timestep:         5360 || Speed:  304.7 MC/s (4.253e-02 s/TS) || Energy: ~9.31e-21 (-32.98dB)
[@     3m57s] Timestep:         5456 || Speed:  304.2 MC/s (4.260e-02 s/TS) || Energy: ~9.13e-21 (-33.06dB)
[@     4m01s] Timestep:         5552 || Speed:  300.5 MC/s (4.312e-02 s/TS) || Energy: ~8.72e-21 (-33.26dB)
[@     4m05s] Timestep:         5648 || Speed:  304.1 MC/s (4.262e-02 s/TS) || Energy: ~8.31e-21 (-33.47dB)
[@     4m09s] Timestep:         5744 || Speed:  305.9 MC/s (4.237e-02 s/TS) || Energy: ~7.38e-21 (-33.99dB)
[@     4m13s] Timestep:         5840 || Speed:  305.3 MC/s (4.245e-02 s/TS) || Energy: ~6.08e-21 (-34.83dB)
[@     4m18s] Timestep:         5936 || Speed:  307.3 MC/s (4.217e-02 s/TS) || Energy: ~5.37e-21 (-35.37dB)
[@     4m22s] Timestep:         6032 || Speed:  302.9 MC/s (4.278e-02 s/TS) || Energy: ~5.10e-21 (-35.60dB)
[@     4m26s] Timestep:         6128 || Speed:  305.6 MC/s (4.241e-02 s/TS) || Energy: ~4.69e-21 (-35.96dB)
[@     4m30s] Timestep:         6224 || Speed:  306.1 MC/s (4.235e-02 s/TS) || Energy: ~4.38e-21 (-36.26dB)
[@     4m34s] Timestep:         6320 || Speed:  304.6 MC/s (4.255e-02 s/TS) || Energy: ~4.17e-21 (-36.47dB)
[@     4m38s] Timestep:         6416 || Speed:  305.1 MC/s (4.248e-02 s/TS) || Energy: ~3.81e-21 (-36.86dB)
[@     4m42s] Timestep:         6512 || Speed:  301.0 MC/s (4.306e-02 s/TS) || Energy: ~3.28e-21 (-37.51dB)
[@     4m46s] Timestep:         6608 || Speed:  307.7 MC/s (4.212e-02 s/TS) || Energy: ~2.82e-21 (-38.17dB)
[@     4m50s] Timestep:         6704 || Speed:  308.3 MC/s (4.204e-02 s/TS) || Energy: ~2.58e-21 (-38.55dB)
[@     4m54s] Timestep:         6800 || Speed:  306.7 MC/s (4.225e-02 s/TS) || Energy: ~2.49e-21 (-38.71dB)
[@     4m58s] Timestep:         6896 || Speed:  300.9 MC/s (4.307e-02 s/TS) || Energy: ~2.37e-21 (-38.93dB)
[@     5m02s] Timestep:         6992 || Speed:  307.5 MC/s (4.215e-02 s/TS) || Energy: ~2.15e-21 (-39.33dB)
[@     5m06s] Timestep:         7088 || Speed:  302.4 MC/s (4.285e-02 s/TS) || Energy: ~1.93e-21 (-39.82dB)
[@     5m11s] Timestep:         7184 || Speed:  302.8 MC/s (4.281e-02 s/TS) || Energy: ~1.74e-21 (-40.26dB)
[@     5m15s] Timestep:         7280 || Speed:  306.7 MC/s (4.226e-02 s/TS) || Energy: ~1.60e-21 (-40.63dB)
[@     5m19s] Timestep:         7376 || Speed:  301.7 MC/s (4.296e-02 s/TS) || Energy: ~1.47e-21 (-41.00dB)
[@     5m23s] Timestep:         7472 || Speed:  306.2 MC/s (4.232e-02 s/TS) || Energy: ~1.32e-21 (-41.46dB)
[@     5m27s] Timestep:         7568 || Speed:  304.8 MC/s (4.253e-02 s/TS) || Energy: ~1.21e-21 (-41.84dB)
[@     5m31s] Timestep:         7664 || Speed:  307.8 MC/s (4.211e-02 s/TS) || Energy: ~1.15e-21 (-42.06dB)
[@     5m35s] Timestep:         7760 || Speed:  301.4 MC/s (4.300e-02 s/TS) || Energy: ~1.06e-21 (-42.41dB)
[@     5m39s] Timestep:         7856 || Speed:  305.0 MC/s (4.249e-02 s/TS) || Energy: ~9.38e-22 (-42.95dB)
[@     5m43s] Timestep:         7952 || Speed:  307.4 MC/s (4.216e-02 s/TS) || Energy: ~8.58e-22 (-43.33dB)
[@     5m47s] Timestep:         8048 || Speed:  308.1 MC/s (4.207e-02 s/TS) || Energy: ~8.02e-22 (-43.63dB)
[@     5m51s] Timestep:         8144 || Speed:  307.3 MC/s (4.217e-02 s/TS) || Energy: ~7.35e-22 (-44.01dB)
[@     5m55s] Timestep:         8240 || Speed:  302.3 MC/s (4.288e-02 s/TS) || Energy: ~6.70e-22 (-44.41dB)
[@     5m59s] Timestep:         8336 || Speed:  307.4 MC/s (4.216e-02 s/TS) || Energy: ~6.12e-22 (-44.80dB)
[@     6m04s] Timestep:         8432 || Speed:  304.6 MC/s (4.254e-02 s/TS) || Energy: ~5.72e-22 (-45.09dB)
[@     6m08s] Timestep:         8528 || Speed:  305.9 MC/s (4.236e-02 s/TS) || Energy: ~5.44e-22 (-45.31dB)
[@     6m12s] Timestep:         8624 || Speed:  306.5 MC/s (4.228e-02 s/TS) || Energy: ~4.87e-22 (-45.79dB)
[@     6m16s] Timestep:         8720 || Speed:  303.0 MC/s (4.277e-02 s/TS) || Energy: ~4.23e-22 (-46.41dB)
[@     6m20s] Timestep:         8816 || Speed:  306.5 MC/s (4.228e-02 s/TS) || Energy: ~4.07e-22 (-46.58dB)
[@     6m24s] Timestep:         8912 || Speed:  304.3 MC/s (4.259e-02 s/TS) || Energy: ~4.07e-22 (-46.58dB)
[@     6m28s] Timestep:         9008 || Speed:  308.1 MC/s (4.206e-02 s/TS) || Energy: ~3.64e-22 (-47.05dB)
[@     6m32s] Timestep:         9104 || Speed:  297.4 MC/s (4.358e-02 s/TS) || Energy: ~3.13e-22 (-47.72dB)
[@     6m36s] Timestep:         9200 || Speed:  303.0 MC/s (4.277e-02 s/TS) || Energy: ~2.97e-22 (-47.95dB)
[@     6m40s] Timestep:         9296 || Speed:  305.4 MC/s (4.244e-02 s/TS) || Energy: ~2.87e-22 (-48.10dB)
[@     6m44s] Timestep:         9392 || Speed:  308.2 MC/s (4.205e-02 s/TS) || Energy: ~2.56e-22 (-48.59dB)
[@     6m48s] Timestep:         9488 || Speed:  308.1 MC/s (4.207e-02 s/TS) || Energy: ~2.28e-22 (-49.09dB)
[@     6m53s] Timestep:         9584 || Speed:  296.6 MC/s (4.369e-02 s/TS) || Energy: ~2.22e-22 (-49.21dB)
[@     6m57s] Timestep:         9680 || Speed:  305.7 MC/s (4.239e-02 s/TS) || Energy: ~2.16e-22 (-49.33dB)
[@     7m01s] Timestep:         9776 || Speed:  306.6 MC/s (4.227e-02 s/TS) || Energy: ~1.91e-22 (-49.87dB)
[@     7m05s] Timestep:         9872 || Speed:  305.6 MC/s (4.241e-02 s/TS) || Energy: ~1.64e-22 (-50.51dB)
Time for 9872 iterations with 12960304.00 cells : 425.33 sec
Speed: 300.81 MCells/s 
    [excite port 30/40]
 ---------------------------------------------------------------------- 
 | openEMS 64bit -- version v0.37.0-rc1-2-g7b051bb
 | (C) 2010-2026 Thorsten Liebig <thorsten.liebig@gmx.de>  GPL license
 ---------------------------------------------------------------------- 
	Used external libraries:
		CSXCAD -- Version: v0.7.0-rc1-1-g5115701
		hdf5   -- Version: 1.10.10
		          compiled against: HDF5 library version: 1.10.10
		tinyxml -- compiled against: 2.6.2
		fparser
		boost  -- compiled against: 1_83
		vtk -- Version: 9.1.0
		       compiled against: 9.1.0

Create FDTD operator (compressed SSE + multi-threading)
FDTD simulation size: 244x196x271 --> 12960304.00 FDTD cells 
FDTD timestep is: 0.00 s; Nyquist rate: 34 timesteps @101891945817.00 Hz
Excitation signal length is: 398 timesteps (0.00s)
Max. number of timesteps: 60000 ( --> 150.75 * Excitation signal length)
Create FDTD engine (compressed SSE + multi-threading)
Running FDTD engine... this may take a while... grab a cup of coffee?!?
[@        4s] Timestep:           40 || Speed:  117.7 MC/s (1.101e-01 s/TS) || Energy: ~5.12e-24 (- 0.00dB)
[@        8s] Timestep:          104 || Speed:  196.4 MC/s (6.600e-02 s/TS) || Energy: ~1.11e-20 (- 0.00dB)
[@       12s] Timestep:          184 || Speed:  241.7 MC/s (5.362e-02 s/TS) || Energy: ~4.42e-18 (- 0.00dB)
[@       17s] Timestep:          272 || Speed:  269.0 MC/s (4.817e-02 s/TS) || Energy: ~1.86e-17 (- 0.00dB)
[@       21s] Timestep:          368 || Speed:  295.8 MC/s (4.381e-02 s/TS) || Energy: ~1.71e-17 (- 0.37dB)
[@       25s] Timestep:          464 || Speed:  306.1 MC/s (4.233e-02 s/TS) || Energy: ~1.36e-17 (- 1.34dB)
[@       29s] Timestep:          560 || Speed:  304.5 MC/s (4.256e-02 s/TS) || Energy: ~1.29e-17 (- 1.59dB)
Multithreaded Engine: Best performance found using 6 threads.
[@       33s] Timestep:          656 || Speed:  306.3 MC/s (4.232e-02 s/TS) || Energy: ~1.09e-17 (- 2.33dB)
[@       37s] Timestep:          752 || Speed:  305.3 MC/s (4.246e-02 s/TS) || Energy: ~8.10e-18 (- 3.60dB)
[@       41s] Timestep:          848 || Speed:  306.3 MC/s (4.232e-02 s/TS) || Energy: ~6.67e-18 (- 4.44dB)
[@       45s] Timestep:          944 || Speed:  301.5 MC/s (4.299e-02 s/TS) || Energy: ~5.48e-18 (- 5.30dB)
[@       49s] Timestep:         1040 || Speed:  306.7 MC/s (4.225e-02 s/TS) || Energy: ~4.74e-18 (- 5.93dB)
[@       53s] Timestep:         1136 || Speed:  305.3 MC/s (4.246e-02 s/TS) || Energy: ~4.03e-18 (- 6.64dB)
[@       58s] Timestep:         1232 || Speed:  304.6 MC/s (4.254e-02 s/TS) || Energy: ~3.30e-18 (- 7.51dB)
[@     1m02s] Timestep:         1328 || Speed:  306.5 MC/s (4.228e-02 s/TS) || Energy: ~2.49e-18 (- 8.73dB)
[@     1m06s] Timestep:         1424 || Speed:  301.0 MC/s (4.305e-02 s/TS) || Energy: ~1.94e-18 (- 9.80dB)
[@     1m10s] Timestep:         1520 || Speed:  307.1 MC/s (4.220e-02 s/TS) || Energy: ~1.62e-18 (-10.59dB)
[@     1m14s] Timestep:         1616 || Speed:  307.8 MC/s (4.211e-02 s/TS) || Energy: ~1.50e-18 (-10.91dB)
[@     1m18s] Timestep:         1712 || Speed:  309.4 MC/s (4.188e-02 s/TS) || Energy: ~1.36e-18 (-11.37dB)
[@     1m22s] Timestep:         1808 || Speed:  304.9 MC/s (4.250e-02 s/TS) || Energy: ~1.21e-18 (-11.88dB)
[@     1m26s] Timestep:         1904 || Speed:  301.7 MC/s (4.295e-02 s/TS) || Energy: ~9.98e-19 (-12.70dB)
[@     1m30s] Timestep:         2000 || Speed:  306.4 MC/s (4.230e-02 s/TS) || Energy: ~7.95e-19 (-13.68dB)
[@     1m34s] Timestep:         2096 || Speed:  305.9 MC/s (4.237e-02 s/TS) || Energy: ~6.38e-19 (-14.64dB)
[@     1m38s] Timestep:         2192 || Speed:  307.5 MC/s (4.214e-02 s/TS) || Energy: ~5.59e-19 (-15.21dB)
[@     1m42s] Timestep:         2288 || Speed:  301.1 MC/s (4.304e-02 s/TS) || Energy: ~5.48e-19 (-15.30dB)
[@     1m47s] Timestep:         2384 || Speed:  300.3 MC/s (4.316e-02 s/TS) || Energy: ~5.20e-19 (-15.53dB)
[@     1m51s] Timestep:         2480 || Speed:  304.8 MC/s (4.252e-02 s/TS) || Energy: ~4.46e-19 (-16.19dB)
[@     1m55s] Timestep:         2576 || Speed:  303.5 MC/s (4.270e-02 s/TS) || Energy: ~3.54e-19 (-17.20dB)
[@     1m59s] Timestep:         2672 || Speed:  305.6 MC/s (4.241e-02 s/TS) || Energy: ~2.83e-19 (-18.17dB)
[@     2m03s] Timestep:         2768 || Speed:  299.5 MC/s (4.328e-02 s/TS) || Energy: ~2.60e-19 (-18.54dB)
[@     2m07s] Timestep:         2864 || Speed:  306.2 MC/s (4.232e-02 s/TS) || Energy: ~2.48e-19 (-18.75dB)
[@     2m11s] Timestep:         2960 || Speed:  304.5 MC/s (4.256e-02 s/TS) || Energy: ~2.28e-19 (-19.12dB)
[@     2m15s] Timestep:         3056 || Speed:  306.8 MC/s (4.224e-02 s/TS) || Energy: ~2.05e-19 (-19.56dB)
[@     2m19s] Timestep:         3152 || Speed:  301.9 MC/s (4.293e-02 s/TS) || Energy: ~1.78e-19 (-20.19dB)
[@     2m23s] Timestep:         3248 || Speed:  306.4 MC/s (4.230e-02 s/TS) || Energy: ~1.52e-19 (-20.86dB)
[@     2m27s] Timestep:         3344 || Speed:  305.0 MC/s (4.249e-02 s/TS) || Energy: ~1.30e-19 (-21.54dB)
[@     2m31s] Timestep:         3440 || Speed:  306.5 MC/s (4.229e-02 s/TS) || Energy: ~1.17e-19 (-22.01dB)
[@     2m36s] Timestep:         3536 || Speed:  304.5 MC/s (4.257e-02 s/TS) || Energy: ~1.07e-19 (-22.40dB)
[@     2m40s] Timestep:         3632 || Speed:  299.6 MC/s (4.326e-02 s/TS) || Energy: ~9.88e-20 (-22.74dB)
[@     2m44s] Timestep:         3728 || Speed:  305.0 MC/s (4.249e-02 s/TS) || Energy: ~9.35e-20 (-22.98dB)
[@     2m48s] Timestep:         3824 || Speed:  306.9 MC/s (4.223e-02 s/TS) || Energy: ~8.42e-20 (-23.43dB)
[@     2m52s] Timestep:         3920 || Speed:  306.7 MC/s (4.226e-02 s/TS) || Energy: ~7.00e-20 (-24.24dB)
[@     2m56s] Timestep:         4016 || Speed:  302.6 MC/s (4.283e-02 s/TS) || Energy: ~5.96e-20 (-24.93dB)
[@     3m00s] Timestep:         4112 || Speed:  300.7 MC/s (4.310e-02 s/TS) || Energy: ~5.68e-20 (-25.15dB)
[@     3m04s] Timestep:         4200 || Speed:  283.6 MC/s (4.570e-02 s/TS) || Energy: ~5.44e-20 (-25.33dB)
[@     3m08s] Timestep:         4296 || Speed:  305.4 MC/s (4.243e-02 s/TS) || Energy: ~4.92e-20 (-25.77dB)
[@     3m12s] Timestep:         4392 || Speed:  305.2 MC/s (4.247e-02 s/TS) || Energy: ~4.34e-20 (-26.31dB)
[@     3m16s] Timestep:         4488 || Speed:  301.0 MC/s (4.305e-02 s/TS) || Energy: ~3.71e-20 (-27.00dB)
[@     3m20s] Timestep:         4584 || Speed:  307.7 MC/s (4.212e-02 s/TS) || Energy: ~3.42e-20 (-27.35dB)
[@     3m25s] Timestep:         4680 || Speed:  308.5 MC/s (4.200e-02 s/TS) || Energy: ~3.18e-20 (-27.66dB)
[@     3m29s] Timestep:         4776 || Speed:  306.8 MC/s (4.224e-02 s/TS) || Energy: ~2.80e-20 (-28.22dB)
[@     3m33s] Timestep:         4872 || Speed:  306.3 MC/s (4.231e-02 s/TS) || Energy: ~2.53e-20 (-28.66dB)
[@     3m37s] Timestep:         4968 || Speed:  299.6 MC/s (4.325e-02 s/TS) || Energy: ~2.37e-20 (-28.94dB)
[@     3m41s] Timestep:         5064 || Speed:  304.6 MC/s (4.254e-02 s/TS) || Energy: ~2.15e-20 (-29.35dB)
[@     3m45s] Timestep:         5160 || Speed:  306.4 MC/s (4.229e-02 s/TS) || Energy: ~1.95e-20 (-29.78dB)
[@     3m49s] Timestep:         5256 || Speed:  307.0 MC/s (4.222e-02 s/TS) || Energy: ~1.74e-20 (-30.28dB)
[@     3m53s] Timestep:         5352 || Speed:  302.4 MC/s (4.285e-02 s/TS) || Energy: ~1.46e-20 (-31.04dB)
[@     3m57s] Timestep:         5448 || Speed:  305.5 MC/s (4.243e-02 s/TS) || Energy: ~1.33e-20 (-31.46dB)
[@     4m01s] Timestep:         5544 || Speed:  306.4 MC/s (4.229e-02 s/TS) || Energy: ~1.32e-20 (-31.48dB)
[@     4m05s] Timestep:         5640 || Speed:  304.1 MC/s (4.261e-02 s/TS) || Energy: ~1.23e-20 (-31.79dB)
[@     4m09s] Timestep:         5736 || Speed:  307.9 MC/s (4.209e-02 s/TS) || Energy: ~1.10e-20 (-32.26dB)
[@     4m13s] Timestep:         5832 || Speed:  301.7 MC/s (4.296e-02 s/TS) || Energy: ~1.03e-20 (-32.56dB)
[@     4m18s] Timestep:         5928 || Speed:  306.0 MC/s (4.235e-02 s/TS) || Energy: ~8.96e-21 (-33.16dB)
[@     4m22s] Timestep:         6024 || Speed:  305.9 MC/s (4.237e-02 s/TS) || Energy: ~7.28e-21 (-34.07dB)
[@     4m26s] Timestep:         6120 || Speed:  305.0 MC/s (4.249e-02 s/TS) || Energy: ~6.64e-21 (-34.46dB)
[@     4m30s] Timestep:         6216 || Speed:  305.3 MC/s (4.244e-02 s/TS) || Energy: ~6.72e-21 (-34.42dB)
[@     4m34s] Timestep:         6312 || Speed:  299.3 MC/s (4.330e-02 s/TS) || Energy: ~6.57e-21 (-34.51dB)
[@     4m38s] Timestep:         6408 || Speed:  304.1 MC/s (4.262e-02 s/TS) || Energy: ~5.97e-21 (-34.93dB)
[@     4m42s] Timestep:         6504 || Speed:  305.4 MC/s (4.244e-02 s/TS) || Energy: ~5.28e-21 (-35.46dB)
[@     4m46s] Timestep:         6600 || Speed:  306.7 MC/s (4.226e-02 s/TS) || Energy: ~4.73e-21 (-35.94dB)
[@     4m50s] Timestep:         6696 || Speed:  300.9 MC/s (4.308e-02 s/TS) || Energy: ~4.17e-21 (-36.48dB)
[@     4m54s] Timestep:         6792 || Speed:  306.3 MC/s (4.231e-02 s/TS) || Energy: ~3.58e-21 (-37.15dB)
[@     4m58s] Timestep:         6888 || Speed:  303.2 MC/s (4.275e-02 s/TS) || Energy: ~3.28e-21 (-37.53dB)
[@     5m03s] Timestep:         6984 || Speed:  305.2 MC/s (4.246e-02 s/TS) || Energy: ~3.31e-21 (-37.49dB)
[@     5m07s] Timestep:         7080 || Speed:  303.2 MC/s (4.275e-02 s/TS) || Energy: ~3.34e-21 (-37.46dB)
[@     5m11s] Timestep:         7176 || Speed:  294.9 MC/s (4.394e-02 s/TS) || Energy: ~3.05e-21 (-37.85dB)
[@     5m15s] Timestep:         7272 || Speed:  301.7 MC/s (4.296e-02 s/TS) || Energy: ~2.57e-21 (-38.58dB)
[@     5m19s] Timestep:         7368 || Speed:  308.1 MC/s (4.207e-02 s/TS) || Energy: ~2.14e-21 (-39.39dB)
[@     5m23s] Timestep:         7464 || Speed:  306.4 MC/s (4.230e-02 s/TS) || Energy: ~1.90e-21 (-39.90dB)
[@     5m27s] Timestep:         7560 || Speed:  301.8 MC/s (4.295e-02 s/TS) || Energy: ~1.83e-21 (-40.06dB)
[@     5m31s] Timestep:         7656 || Speed:  306.5 MC/s (4.228e-02 s/TS) || Energy: ~1.83e-21 (-40.06dB)
[@     5m35s] Timestep:         7752 || Speed:  306.0 MC/s (4.236e-02 s/TS) || Energy: ~1.78e-21 (-40.19dB)
[@     5m39s] Timestep:         7848 || Speed:  305.6 MC/s (4.241e-02 s/TS) || Energy: ~1.64e-21 (-40.54dB)
[@     5m43s] Timestep:         7944 || Speed:  305.7 MC/s (4.239e-02 s/TS) || Energy: ~1.44e-21 (-41.10dB)
[@     5m48s] Timestep:         8040 || Speed:  303.3 MC/s (4.274e-02 s/TS) || Energy: ~1.21e-21 (-41.85dB)
[@     5m52s] Timestep:         8136 || Speed:  306.6 MC/s (4.227e-02 s/TS) || Energy: ~1.02e-21 (-42.59dB)
[@     5m56s] Timestep:         8232 || Speed:  305.6 MC/s (4.241e-02 s/TS) || Energy: ~9.84e-22 (-42.76dB)
[@     6m00s] Timestep:         8328 || Speed:  307.7 MC/s (4.212e-02 s/TS) || Energy: ~1.04e-21 (-42.51dB)
[@     6m04s] Timestep:         8424 || Speed:  301.6 MC/s (4.298e-02 s/TS) || Energy: ~1.05e-21 (-42.50dB)
[@     6m08s] Timestep:         8520 || Speed:  304.5 MC/s (4.256e-02 s/TS) || Energy: ~9.33e-22 (-42.99dB)
[@     6m12s] Timestep:         8616 || Speed:  306.8 MC/s (4.224e-02 s/TS) || Energy: ~7.98e-22 (-43.67dB)
[@     6m16s] Timestep:         8712 || Speed:  305.9 MC/s (4.237e-02 s/TS) || Energy: ~6.86e-22 (-44.33dB)
[@     6m20s] Timestep:         8808 || Speed:  308.8 MC/s (4.197e-02 s/TS) || Energy: ~5.88e-22 (-44.99dB)
[@     6m24s] Timestep:         8904 || Speed:  302.0 MC/s (4.291e-02 s/TS) || Energy: ~5.42e-22 (-45.35dB)
[@     6m28s] Timestep:         9000 || Speed:  307.8 MC/s (4.211e-02 s/TS) || Energy: ~5.90e-22 (-44.98dB)
[@     6m32s] Timestep:         9096 || Speed:  306.7 MC/s (4.226e-02 s/TS) || Energy: ~6.36e-22 (-44.65dB)
[@     6m36s] Timestep:         9192 || Speed:  305.9 MC/s (4.236e-02 s/TS) || Energy: ~5.88e-22 (-45.00dB)
[@     6m40s] Timestep:         9288 || Speed:  305.3 MC/s (4.245e-02 s/TS) || Energy: ~4.60e-22 (-46.06dB)
[@     6m45s] Timestep:         9384 || Speed:  301.7 MC/s (4.295e-02 s/TS) || Energy: ~3.56e-22 (-47.17dB)
[@     6m49s] Timestep:         9480 || Speed:  307.4 MC/s (4.217e-02 s/TS) || Energy: ~3.22e-22 (-47.61dB)
[@     6m53s] Timestep:         9576 || Speed:  306.9 MC/s (4.223e-02 s/TS) || Energy: ~3.36e-22 (-47.43dB)
[@     6m57s] Timestep:         9672 || Speed:  303.6 MC/s (4.269e-02 s/TS) || Energy: ~3.59e-22 (-47.13dB)
[@     7m01s] Timestep:         9768 || Speed:  300.3 MC/s (4.316e-02 s/TS) || Energy: ~3.64e-22 (-47.07dB)
[@     7m05s] Timestep:         9864 || Speed:  305.9 MC/s (4.236e-02 s/TS) || Energy: ~3.40e-22 (-47.38dB)
[@     7m09s] Timestep:         9960 || Speed:  304.8 MC/s (4.252e-02 s/TS) || Energy: ~2.81e-22 (-48.20dB)
[@     7m13s] Timestep:        10056 || Speed:  305.8 MC/s (4.238e-02 s/TS) || Energy: ~2.16e-22 (-49.35dB)
[@     7m17s] Timestep:        10152 || Speed:  301.1 MC/s (4.304e-02 s/TS) || Energy: ~1.85e-22 (-50.03dB)
Time for 10152 iterations with 12960304.00 cells : 437.78 sec
Speed: 300.54 MCells/s 
    [excite port 31/40]
 ---------------------------------------------------------------------- 
 | openEMS 64bit -- version v0.37.0-rc1-2-g7b051bb
 | (C) 2010-2026 Thorsten Liebig <thorsten.liebig@gmx.de>  GPL license
 ---------------------------------------------------------------------- 
	Used external libraries:
		CSXCAD -- Version: v0.7.0-rc1-1-g5115701
		hdf5   -- Version: 1.10.10
		          compiled against: HDF5 library version: 1.10.10
		tinyxml -- compiled against: 2.6.2
		fparser
		boost  -- compiled against: 1_83
		vtk -- Version: 9.1.0
		       compiled against: 9.1.0

Create FDTD operator (compressed SSE + multi-threading)
FDTD simulation size: 244x196x271 --> 12960304.00 FDTD cells 
FDTD timestep is: 0.00 s; Nyquist rate: 34 timesteps @101891945817.00 Hz
Excitation signal length is: 398 timesteps (0.00s)
Max. number of timesteps: 60000 ( --> 150.75 * Excitation signal length)
Create FDTD engine (compressed SSE + multi-threading)
Running FDTD engine... this may take a while... grab a cup of coffee?!?
[@        4s] Timestep:           40 || Speed:  119.2 MC/s (1.087e-01 s/TS) || Energy: ~4.90e-24 (- 0.00dB)
[@        8s] Timestep:          104 || Speed:  197.4 MC/s (6.567e-02 s/TS) || Energy: ~1.03e-20 (- 0.00dB)
[@       12s] Timestep:          184 || Speed:  240.6 MC/s (5.386e-02 s/TS) || Energy: ~4.05e-18 (- 0.00dB)
[@       17s] Timestep:          272 || Speed:  267.9 MC/s (4.838e-02 s/TS) || Energy: ~1.70e-17 (- 0.00dB)
[@       21s] Timestep:          368 || Speed:  288.0 MC/s (4.500e-02 s/TS) || Energy: ~1.51e-17 (- 0.51dB)
[@       25s] Timestep:          464 || Speed:  296.8 MC/s (4.367e-02 s/TS) || Energy: ~1.22e-17 (- 1.42dB)
[@       29s] Timestep:          560 || Speed:  307.9 MC/s (4.210e-02 s/TS) || Energy: ~1.00e-17 (- 2.28dB)
[@       33s] Timestep:          656 || Speed:  309.0 MC/s (4.194e-02 s/TS) || Energy: ~8.27e-18 (- 3.12dB)
[@       37s] Timestep:          752 || Speed:  293.1 MC/s (4.422e-02 s/TS) || Energy: ~6.03e-18 (- 4.50dB)
Multithreaded Engine: Best performance found using 8 threads.
[@       41s] Timestep:          848 || Speed:  307.6 MC/s (4.213e-02 s/TS) || Energy: ~4.82e-18 (- 5.47dB)
[@       46s] Timestep:          944 || Speed:  308.8 MC/s (4.197e-02 s/TS) || Energy: ~4.15e-18 (- 6.11dB)
[@       50s] Timestep:         1040 || Speed:  310.6 MC/s (4.173e-02 s/TS) || Energy: ~3.67e-18 (- 6.65dB)
[@       54s] Timestep:         1136 || Speed:  298.8 MC/s (4.338e-02 s/TS) || Energy: ~3.00e-18 (- 7.52dB)
[@       58s] Timestep:         1232 || Speed:  308.6 MC/s (4.200e-02 s/TS) || Energy: ~2.46e-18 (- 8.39dB)
[@     1m02s] Timestep:         1328 || Speed:  308.3 MC/s (4.204e-02 s/TS) || Energy: ~1.89e-18 (- 9.54dB)
[@     1m06s] Timestep:         1424 || Speed:  308.8 MC/s (4.197e-02 s/TS) || Energy: ~1.58e-18 (-10.31dB)
[@     1m10s] Timestep:         1520 || Speed:  303.6 MC/s (4.270e-02 s/TS) || Energy: ~1.22e-18 (-11.44dB)
[@     1m14s] Timestep:         1616 || Speed:  308.1 MC/s (4.206e-02 s/TS) || Energy: ~1.06e-18 (-12.02dB)
[@     1m18s] Timestep:         1712 || Speed:  310.0 MC/s (4.181e-02 s/TS) || Energy: ~1.01e-18 (-12.25dB)
[@     1m22s] Timestep:         1808 || Speed:  307.1 MC/s (4.220e-02 s/TS) || Energy: ~9.00e-19 (-12.75dB)
[@     1m26s] Timestep:         1904 || Speed:  302.6 MC/s (4.283e-02 s/TS) || Energy: ~7.07e-19 (-13.80dB)
[@     1m30s] Timestep:         2000 || Speed:  308.1 MC/s (4.206e-02 s/TS) || Energy: ~5.62e-19 (-14.80dB)
[@     1m34s] Timestep:         2096 || Speed:  298.5 MC/s (4.342e-02 s/TS) || Energy: ~4.82e-19 (-15.46dB)
[@     1m38s] Timestep:         2192 || Speed:  309.4 MC/s (4.188e-02 s/TS) || Energy: ~4.28e-19 (-15.98dB)
[@     1m42s] Timestep:         2288 || Speed:  308.8 MC/s (4.197e-02 s/TS) || Energy: ~3.92e-19 (-16.36dB)
[@     1m46s] Timestep:         2384 || Speed:  303.7 MC/s (4.267e-02 s/TS) || Energy: ~3.45e-19 (-16.92dB)
[@     1m51s] Timestep:         2480 || Speed:  303.6 MC/s (4.269e-02 s/TS) || Energy: ~2.92e-19 (-17.64dB)
[@     1m55s] Timestep:         2576 || Speed:  307.2 MC/s (4.219e-02 s/TS) || Energy: ~2.42e-19 (-18.46dB)
[@     1m59s] Timestep:         2672 || Speed:  308.4 MC/s (4.203e-02 s/TS) || Energy: ~2.09e-19 (-19.09dB)
[@     2m03s] Timestep:         2768 || Speed:  303.7 MC/s (4.267e-02 s/TS) || Energy: ~1.91e-19 (-19.48dB)
[@     2m07s] Timestep:         2864 || Speed:  308.5 MC/s (4.200e-02 s/TS) || Energy: ~1.82e-19 (-19.69dB)
[@     2m11s] Timestep:         2960 || Speed:  308.6 MC/s (4.199e-02 s/TS) || Energy: ~1.63e-19 (-20.18dB)
[@     2m15s] Timestep:         3056 || Speed:  309.4 MC/s (4.189e-02 s/TS) || Energy: ~1.32e-19 (-21.10dB)
[@     2m19s] Timestep:         3152 || Speed:  302.6 MC/s (4.283e-02 s/TS) || Energy: ~1.11e-19 (-21.86dB)
[@     2m23s] Timestep:         3248 || Speed:  307.0 MC/s (4.221e-02 s/TS) || Energy: ~9.77e-20 (-22.40dB)
[@     2m27s] Timestep:         3344 || Speed:  309.2 MC/s (4.192e-02 s/TS) || Energy: ~9.63e-20 (-22.46dB)
[@     2m31s] Timestep:         3440 || Speed:  303.6 MC/s (4.269e-02 s/TS) || Energy: ~9.33e-20 (-22.59dB)
[@     2m35s] Timestep:         3536 || Speed:  308.0 MC/s (4.208e-02 s/TS) || Energy: ~8.68e-20 (-22.91dB)
[@     2m39s] Timestep:         3632 || Speed:  309.2 MC/s (4.192e-02 s/TS) || Energy: ~6.99e-20 (-23.85dB)
[@     2m43s] Timestep:         3728 || Speed:  309.1 MC/s (4.192e-02 s/TS) || Energy: ~5.24e-20 (-25.10dB)
[@     2m47s] Timestep:         3824 || Speed:  302.7 MC/s (4.281e-02 s/TS) || Energy: ~4.63e-20 (-25.64dB)
[@     2m51s] Timestep:         3920 || Speed:  306.6 MC/s (4.226e-02 s/TS) || Energy: ~4.90e-20 (-25.40dB)
[@     2m55s] Timestep:         4016 || Speed:  300.9 MC/s (4.307e-02 s/TS) || Energy: ~4.92e-20 (-25.37dB)
[@     3m00s] Timestep:         4112 || Speed:  303.6 MC/s (4.269e-02 s/TS) || Energy: ~4.58e-20 (-25.69dB)
[@     3m04s] Timestep:         4208 || Speed:  308.2 MC/s (4.205e-02 s/TS) || Energy: ~3.89e-20 (-26.39dB)
[@     3m08s] Timestep:         4304 || Speed:  308.3 MC/s (4.204e-02 s/TS) || Energy: ~3.03e-20 (-27.48dB)
[@     3m12s] Timestep:         4400 || Speed:  308.7 MC/s (4.199e-02 s/TS) || Energy: ~2.46e-20 (-28.39dB)
[@     3m16s] Timestep:         4496 || Speed:  303.7 MC/s (4.268e-02 s/TS) || Energy: ~2.35e-20 (-28.59dB)
[@     3m20s] Timestep:         4592 || Speed:  305.3 MC/s (4.245e-02 s/TS) || Energy: ~2.56e-20 (-28.22dB)
[@     3m24s] Timestep:         4688 || Speed:  306.3 MC/s (4.232e-02 s/TS) || Energy: ~2.61e-20 (-28.13dB)
[@     3m28s] Timestep:         4784 || Speed:  302.8 MC/s (4.280e-02 s/TS) || Energy: ~2.22e-20 (-28.84dB)
[@     3m32s] Timestep:         4880 || Speed:  309.3 MC/s (4.190e-02 s/TS) || Energy: ~1.67e-20 (-30.06dB)
[@     3m36s] Timestep:         4976 || Speed:  307.6 MC/s (4.213e-02 s/TS) || Energy: ~1.40e-20 (-30.85dB)
[@     3m40s] Timestep:         5072 || Speed:  303.3 MC/s (4.274e-02 s/TS) || Energy: ~1.36e-20 (-30.97dB)
[@     3m44s] Timestep:         5168 || Speed:  310.0 MC/s (4.181e-02 s/TS) || Energy: ~1.33e-20 (-31.07dB)
[@     3m48s] Timestep:         5264 || Speed:  307.7 MC/s (4.212e-02 s/TS) || Energy: ~1.30e-20 (-31.15dB)
[@     3m52s] Timestep:         5360 || Speed:  302.7 MC/s (4.281e-02 s/TS) || Energy: ~1.26e-20 (-31.28dB)
[@     3m56s] Timestep:         5456 || Speed:  306.5 MC/s (4.229e-02 s/TS) || Energy: ~1.09e-20 (-31.93dB)
[@     4m00s] Timestep:         5552 || Speed:  309.1 MC/s (4.193e-02 s/TS) || Energy: ~8.38e-21 (-33.06dB)
[@     4m05s] Timestep:         5648 || Speed:  303.3 MC/s (4.273e-02 s/TS) || Energy: ~6.80e-21 (-33.97dB)
[@     4m09s] Timestep:         5744 || Speed:  307.6 MC/s (4.213e-02 s/TS) || Energy: ~6.91e-21 (-33.90dB)
[@     4m13s] Timestep:         5840 || Speed:  307.9 MC/s (4.209e-02 s/TS) || Energy: ~7.56e-21 (-33.51dB)
[@     4m17s] Timestep:         5936 || Speed:  301.9 MC/s (4.293e-02 s/TS) || Energy: ~7.15e-21 (-33.75dB)
[@     4m21s] Timestep:         6032 || Speed:  307.6 MC/s (4.214e-02 s/TS) || Energy: ~5.89e-21 (-34.60dB)
[@     4m25s] Timestep:         6128 || Speed:  307.5 MC/s (4.215e-02 s/TS) || Energy: ~4.83e-21 (-35.46dB)
[@     4m29s] Timestep:         6224 || Speed:  303.4 MC/s (4.271e-02 s/TS) || Energy: ~4.33e-21 (-35.93dB)
[@     4m33s] Timestep:         6320 || Speed:  307.1 MC/s (4.220e-02 s/TS) || Energy: ~4.11e-21 (-36.16dB)
[@     4m37s] Timestep:         6416 || Speed:  309.5 MC/s (4.187e-02 s/TS) || Energy: ~4.03e-21 (-36.24dB)
[@     4m41s] Timestep:         6512 || Speed:  302.5 MC/s (4.284e-02 s/TS) || Energy: ~3.86e-21 (-36.43dB)
[@     4m45s] Timestep:         6608 || Speed:  309.3 MC/s (4.190e-02 s/TS) || Energy: ~3.48e-21 (-36.88dB)
[@     4m49s] Timestep:         6704 || Speed:  308.1 MC/s (4.206e-02 s/TS) || Energy: ~3.06e-21 (-37.44dB)
[@     4m53s] Timestep:         6800 || Speed:  299.6 MC/s (4.325e-02 s/TS) || Energy: ~2.64e-21 (-38.08dB)
[@     4m57s] Timestep:         6896 || Speed:  308.9 MC/s (4.195e-02 s/TS) || Energy: ~2.32e-21 (-38.64dB)
[@     5m01s] Timestep:         6992 || Speed:  310.2 MC/s (4.178e-02 s/TS) || Energy: ~2.24e-21 (-38.80dB)
[@     5m06s] Timestep:         7088 || Speed:  301.3 MC/s (4.301e-02 s/TS) || Energy: ~2.23e-21 (-38.82dB)
[@     5m10s] Timestep:         7184 || Speed:  309.0 MC/s (4.195e-02 s/TS) || Energy: ~2.04e-21 (-39.19dB)
[@     5m14s] Timestep:         7280 || Speed:  295.6 MC/s (4.385e-02 s/TS) || Energy: ~1.74e-21 (-39.89dB)
[@     5m18s] Timestep:         7376 || Speed:  307.3 MC/s (4.217e-02 s/TS) || Energy: ~1.54e-21 (-40.41dB)
[@     5m22s] Timestep:         7472 || Speed:  309.4 MC/s (4.189e-02 s/TS) || Energy: ~1.46e-21 (-40.65dB)
[@     5m26s] Timestep:         7568 || Speed:  298.6 MC/s (4.340e-02 s/TS) || Energy: ~1.34e-21 (-41.01dB)
[@     5m30s] Timestep:         7664 || Speed:  306.8 MC/s (4.224e-02 s/TS) || Energy: ~1.18e-21 (-41.58dB)
[@     5m34s] Timestep:         7760 || Speed:  309.0 MC/s (4.194e-02 s/TS) || Energy: ~1.09e-21 (-41.92dB)
[@     5m38s] Timestep:         7856 || Speed:  303.0 MC/s (4.278e-02 s/TS) || Energy: ~1.06e-21 (-42.05dB)
[@     5m42s] Timestep:         7952 || Speed:  309.6 MC/s (4.186e-02 s/TS) || Energy: ~9.70e-22 (-42.43dB)
[@     5m46s] Timestep:         8048 || Speed:  304.2 MC/s (4.260e-02 s/TS) || Energy: ~8.65e-22 (-42.93dB)
[@     5m50s] Timestep:         8144 || Speed:  309.1 MC/s (4.193e-02 s/TS) || Energy: ~7.90e-22 (-43.32dB)
[@     5m54s] Timestep:         8240 || Speed:  308.5 MC/s (4.201e-02 s/TS) || Energy: ~7.29e-22 (-43.67dB)
[@     5m58s] Timestep:         8336 || Speed:  303.5 MC/s (4.271e-02 s/TS) || Energy: ~6.75e-22 (-44.00dB)
[@     6m02s] Timestep:         8432 || Speed:  308.8 MC/s (4.197e-02 s/TS) || Energy: ~6.09e-22 (-44.45dB)
[@     6m07s] Timestep:         8528 || Speed:  303.7 MC/s (4.268e-02 s/TS) || Energy: ~5.43e-22 (-44.95dB)
[@     6m11s] Timestep:         8624 || Speed:  309.3 MC/s (4.191e-02 s/TS) || Energy: ~5.20e-22 (-45.13dB)
[@     6m15s] Timestep:         8720 || Speed:  303.8 MC/s (4.266e-02 s/TS) || Energy: ~5.17e-22 (-45.16dB)
[@     6m19s] Timestep:         8816 || Speed:  307.3 MC/s (4.218e-02 s/TS) || Energy: ~4.71e-22 (-45.56dB)
[@     6m23s] Timestep:         8912 || Speed:  304.2 MC/s (4.260e-02 s/TS) || Energy: ~3.98e-22 (-46.29dB)
[@     6m27s] Timestep:         9008 || Speed:  297.0 MC/s (4.363e-02 s/TS) || Energy: ~3.53e-22 (-46.82dB)
[@     6m31s] Timestep:         9104 || Speed:  309.2 MC/s (4.192e-02 s/TS) || Energy: ~3.37e-22 (-47.02dB)
[@     6m35s] Timestep:         9200 || Speed:  303.4 MC/s (4.271e-02 s/TS) || Energy: ~3.23e-22 (-47.20dB)
[@     6m39s] Timestep:         9296 || Speed:  309.3 MC/s (4.191e-02 s/TS) || Energy: ~3.05e-22 (-47.46dB)
[@     6m43s] Timestep:         9392 || Speed:  303.8 MC/s (4.266e-02 s/TS) || Energy: ~2.87e-22 (-47.71dB)
[@     6m47s] Timestep:         9488 || Speed:  305.8 MC/s (4.239e-02 s/TS) || Energy: ~2.67e-22 (-48.03dB)
[@     6m51s] Timestep:         9584 || Speed:  303.3 MC/s (4.273e-02 s/TS) || Energy: ~2.31e-22 (-48.66dB)
[@     6m55s] Timestep:         9680 || Speed:  307.0 MC/s (4.222e-02 s/TS) || Energy: ~1.95e-22 (-49.39dB)
[@     7m00s] Timestep:         9776 || Speed:  309.3 MC/s (4.190e-02 s/TS) || Energy: ~1.89e-22 (-49.53dB)
[@     7m04s] Timestep:         9872 || Speed:  302.2 MC/s (4.289e-02 s/TS) || Energy: ~2.00e-22 (-49.28dB)
[@     7m08s] Timestep:         9968 || Speed:  309.1 MC/s (4.193e-02 s/TS) || Energy: ~1.92e-22 (-49.47dB)
[@     7m12s] Timestep:        10064 || Speed:  302.3 MC/s (4.288e-02 s/TS) || Energy: ~1.65e-22 (-50.11dB)
Time for 10064 iterations with 12960304.00 cells : 432.28 sec
Speed: 301.73 MCells/s 
    [excite port 32/40]
 ---------------------------------------------------------------------- 
 | openEMS 64bit -- version v0.37.0-rc1-2-g7b051bb
 | (C) 2010-2026 Thorsten Liebig <thorsten.liebig@gmx.de>  GPL license
 ---------------------------------------------------------------------- 
	Used external libraries:
		CSXCAD -- Version: v0.7.0-rc1-1-g5115701
		hdf5   -- Version: 1.10.10
		          compiled against: HDF5 library version: 1.10.10
		tinyxml -- compiled against: 2.6.2
		fparser
		boost  -- compiled against: 1_83
		vtk -- Version: 9.1.0
		       compiled against: 9.1.0

Create FDTD operator (compressed SSE + multi-threading)
FDTD simulation size: 244x196x271 --> 12960304.00 FDTD cells 
FDTD timestep is: 0.00 s; Nyquist rate: 34 timesteps @101891945817.00 Hz
Excitation signal length is: 398 timesteps (0.00s)
Max. number of timesteps: 60000 ( --> 150.75 * Excitation signal length)
Create FDTD engine (compressed SSE + multi-threading)
Running FDTD engine... this may take a while... grab a cup of coffee?!?
[@        4s] Timestep:           40 || Speed:  118.8 MC/s (1.091e-01 s/TS) || Energy: ~4.90e-24 (- 0.00dB)
[@        8s] Timestep:          104 || Speed:  195.0 MC/s (6.645e-02 s/TS) || Energy: ~1.03e-20 (- 0.00dB)
[@       12s] Timestep:          184 || Speed:  237.2 MC/s (5.465e-02 s/TS) || Energy: ~4.05e-18 (- 0.00dB)
[@       17s] Timestep:          272 || Speed:  264.1 MC/s (4.907e-02 s/TS) || Energy: ~1.72e-17 (- 0.00dB)
[@       21s] Timestep:          368 || Speed:  292.5 MC/s (4.431e-02 s/TS) || Energy: ~1.54e-17 (- 0.47dB)
[@       25s] Timestep:          464 || Speed:  296.9 MC/s (4.365e-02 s/TS) || Energy: ~1.22e-17 (- 1.49dB)
[@       29s] Timestep:          560 || Speed:  305.8 MC/s (4.238e-02 s/TS) || Energy: ~1.01e-17 (- 2.28dB)
[@       34s] Timestep:          656 || Speed:  296.1 MC/s (4.377e-02 s/TS) || Energy: ~8.13e-18 (- 3.24dB)
Multithreaded Engine: Best performance found using 7 threads.
[@       38s] Timestep:          760 || Speed:  311.0 MC/s (4.168e-02 s/TS) || Energy: ~5.97e-18 (- 4.59dB)
[@       42s] Timestep:          856 || Speed:  304.4 MC/s (4.257e-02 s/TS) || Energy: ~4.81e-18 (- 5.52dB)
[@       46s] Timestep:          952 || Speed:  307.9 MC/s (4.210e-02 s/TS) || Energy: ~3.99e-18 (- 6.34dB)
[@       50s] Timestep:         1048 || Speed:  302.5 MC/s (4.284e-02 s/TS) || Energy: ~3.37e-18 (- 7.07dB)
[@       54s] Timestep:         1144 || Speed:  306.6 MC/s (4.226e-02 s/TS) || Energy: ~2.89e-18 (- 7.74dB)
[@       58s] Timestep:         1240 || Speed:  303.5 MC/s (4.270e-02 s/TS) || Energy: ~2.40e-18 (- 8.55dB)
[@     1m02s] Timestep:         1336 || Speed:  302.2 MC/s (4.288e-02 s/TS) || Energy: ~1.98e-18 (- 9.39dB)
[@     1m06s] Timestep:         1432 || Speed:  306.7 MC/s (4.226e-02 s/TS) || Energy: ~1.60e-18 (-10.30dB)
[@     1m11s] Timestep:         1528 || Speed:  304.9 MC/s (4.251e-02 s/TS) || Energy: ~1.24e-18 (-11.41dB)
[@     1m15s] Timestep:         1624 || Speed:  309.3 MC/s (4.190e-02 s/TS) || Energy: ~1.09e-18 (-11.98dB)
[@     1m19s] Timestep:         1720 || Speed:  301.2 MC/s (4.302e-02 s/TS) || Energy: ~1.06e-18 (-12.10dB)
[@     1m23s] Timestep:         1816 || Speed:  310.6 MC/s (4.173e-02 s/TS) || Energy: ~9.56e-19 (-12.54dB)
[@     1m27s] Timestep:         1912 || Speed:  305.2 MC/s (4.246e-02 s/TS) || Energy: ~8.14e-19 (-13.24dB)
[@     1m31s] Timestep:         2008 || Speed:  307.9 MC/s (4.209e-02 s/TS) || Energy: ~7.01e-19 (-13.88dB)
[@     1m35s] Timestep:         2104 || Speed:  310.1 MC/s (4.180e-02 s/TS) || Energy: ~6.03e-19 (-14.54dB)
[@     1m39s] Timestep:         2200 || Speed:  304.5 MC/s (4.256e-02 s/TS) || Energy: ~5.12e-19 (-15.25dB)
[@     1m43s] Timestep:         2296 || Speed:  310.6 MC/s (4.173e-02 s/TS) || Energy: ~4.55e-19 (-15.77dB)
[@     1m47s] Timestep:         2392 || Speed:  302.0 MC/s (4.291e-02 s/TS) || Energy: ~3.90e-19 (-16.44dB)
[@     1m51s] Timestep:         2488 || Speed:  310.2 MC/s (4.179e-02 s/TS) || Energy: ~3.37e-19 (-17.07dB)
[@     1m55s] Timestep:         2584 || Speed:  305.3 MC/s (4.246e-02 s/TS) || Energy: ~3.09e-19 (-17.45dB)
[@     1m59s] Timestep:         2680 || Speed:  309.0 MC/s (4.195e-02 s/TS) || Energy: ~2.78e-19 (-17.91dB)
[@     2m03s] Timestep:         2776 || Speed:  304.2 MC/s (4.261e-02 s/TS) || Energy: ~2.58e-19 (-18.22dB)
[@     2m07s] Timestep:         2872 || Speed:  310.2 MC/s (4.178e-02 s/TS) || Energy: ~2.29e-19 (-18.74dB)
[@     2m11s] Timestep:         2968 || Speed:  310.8 MC/s (4.171e-02 s/TS) || Energy: ~1.95e-19 (-19.45dB)
[@     2m16s] Timestep:         3064 || Speed:  289.5 MC/s (4.477e-02 s/TS) || Energy: ~1.59e-19 (-20.34dB)
[@     2m20s] Timestep:         3160 || Speed:  306.9 MC/s (4.222e-02 s/TS) || Energy: ~1.37e-19 (-20.98dB)
[@     2m24s] Timestep:         3256 || Speed:  305.3 MC/s (4.245e-02 s/TS) || Energy: ~1.30e-19 (-21.20dB)
[@     2m28s] Timestep:         3352 || Speed:  309.3 MC/s (4.190e-02 s/TS) || Energy: ~1.29e-19 (-21.25dB)
[@     2m32s] Timestep:         3448 || Speed:  298.9 MC/s (4.335e-02 s/TS) || Energy: ~1.21e-19 (-21.50dB)
[@     2m36s] Timestep:         3544 || Speed:  298.2 MC/s (4.347e-02 s/TS) || Energy: ~1.10e-19 (-21.95dB)
[@     2m40s] Timestep:         3640 || Speed:  295.6 MC/s (4.385e-02 s/TS) || Energy: ~8.85e-20 (-22.87dB)
[@     2m44s] Timestep:         3736 || Speed:  309.6 MC/s (4.186e-02 s/TS) || Energy: ~7.00e-20 (-23.89dB)
[@     2m48s] Timestep:         3832 || Speed:  304.8 MC/s (4.252e-02 s/TS) || Energy: ~6.44e-20 (-24.25dB)
[@     2m52s] Timestep:         3928 || Speed:  299.1 MC/s (4.333e-02 s/TS) || Energy: ~6.49e-20 (-24.22dB)
[@     2m57s] Timestep:         4024 || Speed:  306.5 MC/s (4.228e-02 s/TS) || Energy: ~6.61e-20 (-24.14dB)
[@     3m01s] Timestep:         4120 || Speed:  300.7 MC/s (4.310e-02 s/TS) || Energy: ~6.32e-20 (-24.33dB)
[@     3m05s] Timestep:         4216 || Speed:  306.4 MC/s (4.229e-02 s/TS) || Energy: ~5.26e-20 (-25.13dB)
[@     3m09s] Timestep:         4312 || Speed:  301.9 MC/s (4.293e-02 s/TS) || Energy: ~3.96e-20 (-26.36dB)
[@     3m13s] Timestep:         4408 || Speed:  307.8 MC/s (4.210e-02 s/TS) || Energy: ~3.32e-20 (-27.13dB)
[@     3m17s] Timestep:         4504 || Speed:  301.5 MC/s (4.298e-02 s/TS) || Energy: ~3.34e-20 (-27.10dB)
[@     3m21s] Timestep:         4600 || Speed:  291.0 MC/s (4.454e-02 s/TS) || Energy: ~3.64e-20 (-26.73dB)
[@     3m25s] Timestep:         4688 || Speed:  280.0 MC/s (4.629e-02 s/TS) || Energy: ~3.52e-20 (-26.88dB)
[@     3m30s] Timestep:         4760 || Speed:  222.3 MC/s (5.831e-02 s/TS) || Energy: ~2.84e-20 (-27.81dB)
[@     3m34s] Timestep:         4840 || Speed:  232.2 MC/s (5.582e-02 s/TS) || Energy: ~2.76e-20 (-27.93dB)
[@     3m38s] Timestep:         4912 || Speed:  223.1 MC/s (5.808e-02 s/TS) || Energy: ~2.63e-20 (-28.14dB)
[@     3m43s] Timestep:         4992 || Speed:  241.5 MC/s (5.367e-02 s/TS) || Energy: ~2.12e-20 (-29.08dB)
[@     3m47s] Timestep:         5080 || Speed:  280.8 MC/s (4.615e-02 s/TS) || Energy: ~1.69e-20 (-30.06dB)
[@     3m51s] Timestep:         5168 || Speed:  277.3 MC/s (4.675e-02 s/TS) || Energy: ~2.23e-20 (-28.85dB)
[@     3m55s] Timestep:         5264 || Speed:  289.7 MC/s (4.474e-02 s/TS) || Energy: ~2.10e-20 (-29.13dB)
[@     3m59s] Timestep:         5352 || Speed:  283.9 MC/s (4.565e-02 s/TS) || Energy: ~1.35e-20 (-31.05dB)
[@     4m03s] Timestep:         5448 || Speed:  288.5 MC/s (4.492e-02 s/TS) || Energy: ~1.10e-20 (-31.91dB)
[@     4m07s] Timestep:         5536 || Speed:  275.4 MC/s (4.706e-02 s/TS) || Energy: ~1.46e-20 (-30.71dB)
[@     4m12s] Timestep:         5624 || Speed:  275.7 MC/s (4.701e-02 s/TS) || Energy: ~1.42e-20 (-30.82dB)
[@     4m16s] Timestep:         5712 || Speed:  277.4 MC/s (4.672e-02 s/TS) || Energy: ~9.30e-21 (-32.66dB)
[@     4m20s] Timestep:         5800 || Speed:  274.4 MC/s (4.723e-02 s/TS) || Energy: ~1.08e-20 (-32.01dB)
[@     4m24s] Timestep:         5888 || Speed:  279.3 MC/s (4.640e-02 s/TS) || Energy: ~1.19e-20 (-31.57dB)
[@     4m28s] Timestep:         5976 || Speed:  271.4 MC/s (4.776e-02 s/TS) || Energy: ~7.59e-21 (-33.54dB)
[@     4m32s] Timestep:         6064 || Speed:  269.2 MC/s (4.814e-02 s/TS) || Energy: ~7.03e-21 (-33.88dB)
[@     4m37s] Timestep:         6152 || Speed:  267.2 MC/s (4.850e-02 s/TS) || Energy: ~9.04e-21 (-32.78dB)
[@     4m41s] Timestep:         6240 || Speed:  275.5 MC/s (4.704e-02 s/TS) || Energy: ~6.71e-21 (-34.08dB)
[@     4m45s] Timestep:         6328 || Speed:  273.5 MC/s (4.740e-02 s/TS) || Energy: ~5.34e-21 (-35.06dB)
[@     4m49s] Timestep:         6416 || Speed:  271.8 MC/s (4.769e-02 s/TS) || Energy: ~7.25e-21 (-33.74dB)
[@     4m53s] Timestep:         6504 || Speed:  266.4 MC/s (4.865e-02 s/TS) || Energy: ~6.11e-21 (-34.48dB)
[@     4m58s] Timestep:         6592 || Speed:  278.9 MC/s (4.647e-02 s/TS) || Energy: ~3.89e-21 (-36.45dB)
[@     5m02s] Timestep:         6680 || Speed:  274.9 MC/s (4.714e-02 s/TS) || Energy: ~4.88e-21 (-35.46dB)
[@     5m06s] Timestep:         6768 || Speed:  278.3 MC/s (4.657e-02 s/TS) || Energy: ~4.97e-21 (-35.38dB)
[@     5m10s] Timestep:         6856 || Speed:  274.1 MC/s (4.728e-02 s/TS) || Energy: ~3.16e-21 (-37.35dB)
[@     5m14s] Timestep:         6944 || Speed:  273.9 MC/s (4.732e-02 s/TS) || Energy: ~3.50e-21 (-36.90dB)
[@     5m18s] Timestep:         7032 || Speed:  266.3 MC/s (4.866e-02 s/TS) || Energy: ~4.23e-21 (-36.08dB)
[@     5m23s] Timestep:         7120 || Speed:  275.2 MC/s (4.709e-02 s/TS) || Energy: ~2.98e-21 (-37.60dB)
[@     5m27s] Timestep:         7208 || Speed:  274.6 MC/s (4.720e-02 s/TS) || Energy: ~2.51e-21 (-38.34dB)
[@     5m31s] Timestep:         7296 || Speed:  276.0 MC/s (4.696e-02 s/TS) || Energy: ~3.21e-21 (-37.29dB)
[@     5m35s] Timestep:         7384 || Speed:  270.3 MC/s (4.795e-02 s/TS) || Energy: ~2.57e-21 (-38.24dB)
[@     5m39s] Timestep:         7472 || Speed:  276.8 MC/s (4.681e-02 s/TS) || Energy: ~1.80e-21 (-39.80dB)
[@     5m43s] Timestep:         7560 || Speed:  276.2 MC/s (4.692e-02 s/TS) || Energy: ~2.27e-21 (-38.78dB)
[@     5m47s] Timestep:         7648 || Speed:  274.1 MC/s (4.727e-02 s/TS) || Energy: ~2.23e-21 (-38.86dB)
[@     5m52s] Timestep:         7736 || Speed:  276.3 MC/s (4.691e-02 s/TS) || Energy: ~1.54e-21 (-40.48dB)
[@     5m56s] Timestep:         7824 || Speed:  267.5 MC/s (4.845e-02 s/TS) || Energy: ~1.66e-21 (-40.14dB)
[@     6m00s] Timestep:         7912 || Speed:  272.8 MC/s (4.750e-02 s/TS) || Energy: ~1.85e-21 (-39.66dB)
[@     6m04s] Timestep:         8000 || Speed:  262.9 MC/s (4.930e-02 s/TS) || Energy: ~1.36e-21 (-41.00dB)
[@     6m09s] Timestep:         8088 || Speed:  263.9 MC/s (4.912e-02 s/TS) || Energy: ~1.20e-21 (-41.53dB)
[@     6m13s] Timestep:         8176 || Speed:  272.3 MC/s (4.759e-02 s/TS) || Energy: ~1.46e-21 (-40.70dB)
[@     6m17s] Timestep:         8264 || Speed:  266.9 MC/s (4.855e-02 s/TS) || Energy: ~1.23e-21 (-41.44dB)
[@     6m21s] Timestep:         8352 || Speed:  272.3 MC/s (4.759e-02 s/TS) || Energy: ~9.40e-22 (-42.61dB)
[@     6m26s] Timestep:         8440 || Speed:  263.7 MC/s (4.915e-02 s/TS) || Energy: ~1.08e-21 (-42.02dB)
[@     6m30s] Timestep:         8528 || Speed:  263.0 MC/s (4.929e-02 s/TS) || Energy: ~1.06e-21 (-42.11dB)
[@     6m34s] Timestep:         8616 || Speed:  266.2 MC/s (4.869e-02 s/TS) || Energy: ~7.83e-22 (-43.41dB)
[@     6m39s] Timestep:         8704 || Speed:  262.6 MC/s (4.935e-02 s/TS) || Energy: ~7.76e-22 (-43.44dB)
[@     6m43s] Timestep:         8792 || Speed:  261.7 MC/s (4.953e-02 s/TS) || Energy: ~8.61e-22 (-42.99dB)
[@     6m47s] Timestep:         8880 || Speed:  270.0 MC/s (4.800e-02 s/TS) || Energy: ~6.86e-22 (-43.98dB)
[@     6m51s] Timestep:         8960 || Speed:  259.0 MC/s (5.004e-02 s/TS) || Energy: ~6.45e-22 (-44.25dB)
[@     6m56s] Timestep:         9048 || Speed:  259.9 MC/s (4.987e-02 s/TS) || Energy: ~6.96e-22 (-43.92dB)
[@     7m00s] Timestep:         9136 || Speed:  269.3 MC/s (4.813e-02 s/TS) || Energy: ~5.37e-22 (-45.04dB)
[@     7m04s] Timestep:         9224 || Speed:  271.7 MC/s (4.769e-02 s/TS) || Energy: ~4.75e-22 (-45.58dB)
[@     7m08s] Timestep:         9312 || Speed:  263.2 MC/s (4.924e-02 s/TS) || Energy: ~5.57e-22 (-44.89dB)
[@     7m12s] Timestep:         9400 || Speed:  278.0 MC/s (4.661e-02 s/TS) || Energy: ~4.89e-22 (-45.45dB)
[@     7m17s] Timestep:         9488 || Speed:  278.4 MC/s (4.655e-02 s/TS) || Energy: ~3.77e-22 (-46.58dB)
[@     7m21s] Timestep:         9584 || Speed:  287.0 MC/s (4.516e-02 s/TS) || Energy: ~3.69e-22 (-46.67dB)
[@     7m25s] Timestep:         9680 || Speed:  284.5 MC/s (4.555e-02 s/TS) || Energy: ~3.85e-22 (-46.49dB)
[@     7m30s] Timestep:         9768 || Speed:  265.9 MC/s (4.874e-02 s/TS) || Energy: ~3.95e-22 (-46.38dB)
[@     7m34s] Timestep:         9856 || Speed:  266.9 MC/s (4.856e-02 s/TS) || Energy: ~2.88e-22 (-47.74dB)
[@     7m38s] Timestep:         9944 || Speed:  270.4 MC/s (4.794e-02 s/TS) || Energy: ~2.79e-22 (-47.88dB)
[@     7m42s] Timestep:        10032 || Speed:  263.6 MC/s (4.916e-02 s/TS) || Energy: ~3.28e-22 (-47.19dB)
[@     7m46s] Timestep:        10120 || Speed:  277.8 MC/s (4.666e-02 s/TS) || Energy: ~2.60e-22 (-48.20dB)
[@     7m51s] Timestep:        10216 || Speed:  290.9 MC/s (4.456e-02 s/TS) || Energy: ~2.09e-22 (-49.14dB)
[@     7m55s] Timestep:        10312 || Speed:  293.8 MC/s (4.411e-02 s/TS) || Energy: ~1.88e-22 (-49.60dB)
[@     7m59s] Timestep:        10408 || Speed:  287.9 MC/s (4.501e-02 s/TS) || Energy: ~1.95e-22 (-49.44dB)
[@     8m04s] Timestep:        10504 || Speed:  296.3 MC/s (4.375e-02 s/TS) || Energy: ~2.15e-22 (-49.02dB)
[@     8m08s] Timestep:        10600 || Speed:  296.9 MC/s (4.365e-02 s/TS) || Energy: ~2.17e-22 (-48.97dB)
[@     8m12s] Timestep:        10696 || Speed:  297.6 MC/s (4.356e-02 s/TS) || Energy: ~1.91e-22 (-49.54dB)
[@     8m16s] Timestep:        10792 || Speed:  299.7 MC/s (4.324e-02 s/TS) || Energy: ~1.49e-22 (-50.61dB)
Time for 10792 iterations with 12960304.00 cells : 496.54 sec
Speed: 281.68 MCells/s 
    [excite port 33/40]
 ---------------------------------------------------------------------- 
 | openEMS 64bit -- version v0.37.0-rc1-2-g7b051bb
 | (C) 2010-2026 Thorsten Liebig <thorsten.liebig@gmx.de>  GPL license
 ---------------------------------------------------------------------- 
	Used external libraries:
		CSXCAD -- Version: v0.7.0-rc1-1-g5115701
		hdf5   -- Version: 1.10.10
		          compiled against: HDF5 library version: 1.10.10
		tinyxml -- compiled against: 2.6.2
		fparser
		boost  -- compiled against: 1_83
		vtk -- Version: 9.1.0
		       compiled against: 9.1.0

Create FDTD operator (compressed SSE + multi-threading)
FDTD simulation size: 244x196x271 --> 12960304.00 FDTD cells 
FDTD timestep is: 0.00 s; Nyquist rate: 34 timesteps @101891945817.00 Hz
Excitation signal length is: 398 timesteps (0.00s)
Max. number of timesteps: 60000 ( --> 150.75 * Excitation signal length)
Create FDTD engine (compressed SSE + multi-threading)
Running FDTD engine... this may take a while... grab a cup of coffee?!?
[@        4s] Timestep:           40 || Speed:  110.4 MC/s (1.174e-01 s/TS) || Energy: ~5.07e-24 (- 0.00dB)
[@        8s] Timestep:           96 || Speed:  176.7 MC/s (7.335e-02 s/TS) || Energy: ~8.82e-21 (- 0.00dB)
[@       13s] Timestep:          168 || Speed:  220.3 MC/s (5.883e-02 s/TS) || Energy: ~2.62e-18 (- 0.00dB)
[@       17s] Timestep:          248 || Speed:  239.6 MC/s (5.409e-02 s/TS) || Energy: ~1.89e-17 (- 0.00dB)
[@       21s] Timestep:          328 || Speed:  258.6 MC/s (5.012e-02 s/TS) || Energy: ~2.09e-17 (- 0.00dB)
[@       25s] Timestep:          408 || Speed:  253.6 MC/s (5.110e-02 s/TS) || Energy: ~1.87e-17 (- 0.49dB)
Multithreaded Engine: Best performance found using 5 threads.
[@       29s] Timestep:          488 || Speed:  253.0 MC/s (5.123e-02 s/TS) || Energy: ~1.62e-17 (- 1.11dB)
[@       33s] Timestep:          568 || Speed:  251.9 MC/s (5.144e-02 s/TS) || Energy: ~1.31e-17 (- 2.04dB)
[@       37s] Timestep:          648 || Speed:  255.6 MC/s (5.071e-02 s/TS) || Energy: ~1.06e-17 (- 2.94dB)
[@       41s] Timestep:          728 || Speed:  254.9 MC/s (5.084e-02 s/TS) || Energy: ~8.97e-18 (- 3.69dB)
[@       45s] Timestep:          808 || Speed:  253.4 MC/s (5.115e-02 s/TS) || Energy: ~7.07e-18 (- 4.72dB)
[@       49s] Timestep:          888 || Speed:  257.1 MC/s (5.040e-02 s/TS) || Energy: ~6.40e-18 (- 5.15dB)
[@       54s] Timestep:          968 || Speed:  252.8 MC/s (5.128e-02 s/TS) || Energy: ~5.33e-18 (- 5.94dB)
[@       58s] Timestep:         1048 || Speed:  252.0 MC/s (5.143e-02 s/TS) || Energy: ~4.73e-18 (- 6.46dB)
[@     1m02s] Timestep:         1128 || Speed:  253.8 MC/s (5.106e-02 s/TS) || Energy: ~4.17e-18 (- 7.01dB)
[@     1m06s] Timestep:         1208 || Speed:  256.9 MC/s (5.045e-02 s/TS) || Energy: ~3.39e-18 (- 7.91dB)
[@     1m10s] Timestep:         1296 || Speed:  265.6 MC/s (4.880e-02 s/TS) || Energy: ~2.82e-18 (- 8.71dB)
[@     1m14s] Timestep:         1376 || Speed:  252.8 MC/s (5.126e-02 s/TS) || Energy: ~2.26e-18 (- 9.67dB)
[@     1m18s] Timestep:         1456 || Speed:  259.0 MC/s (5.003e-02 s/TS) || Energy: ~2.11e-18 (- 9.97dB)
[@     1m22s] Timestep:         1536 || Speed:  253.6 MC/s (5.110e-02 s/TS) || Energy: ~1.74e-18 (-10.81dB)
[@     1m27s] Timestep:         1624 || Speed:  259.1 MC/s (5.001e-02 s/TS) || Energy: ~1.51e-18 (-11.42dB)
[@     1m31s] Timestep:         1704 || Speed:  251.3 MC/s (5.158e-02 s/TS) || Energy: ~1.30e-18 (-12.09dB)
[@     1m35s] Timestep:         1784 || Speed:  253.4 MC/s (5.116e-02 s/TS) || Energy: ~1.20e-18 (-12.42dB)
[@     1m39s] Timestep:         1864 || Speed:  256.4 MC/s (5.055e-02 s/TS) || Energy: ~1.05e-18 (-13.02dB)
[@     1m43s] Timestep:         1944 || Speed:  252.1 MC/s (5.142e-02 s/TS) || Energy: ~9.20e-19 (-13.57dB)
[@     1m47s] Timestep:         2024 || Speed:  257.4 MC/s (5.035e-02 s/TS) || Energy: ~8.72e-19 (-13.80dB)
[@     1m51s] Timestep:         2104 || Speed:  252.5 MC/s (5.134e-02 s/TS) || Energy: ~7.10e-19 (-14.70dB)
[@     1m55s] Timestep:         2184 || Speed:  247.2 MC/s (5.242e-02 s/TS) || Energy: ~7.17e-19 (-14.65dB)
[@     2m00s] Timestep:         2264 || Speed:  248.3 MC/s (5.220e-02 s/TS) || Energy: ~5.44e-19 (-15.86dB)
[@     2m04s] Timestep:         2344 || Speed:  248.4 MC/s (5.218e-02 s/TS) || Energy: ~5.93e-19 (-15.48dB)
[@     2m08s] Timestep:         2432 || Speed:  258.2 MC/s (5.020e-02 s/TS) || Energy: ~4.65e-19 (-16.54dB)
[@     2m12s] Timestep:         2520 || Speed:  263.9 MC/s (4.911e-02 s/TS) || Energy: ~4.19e-19 (-16.99dB)
[@     2m17s] Timestep:         2608 || Speed:  262.2 MC/s (4.943e-02 s/TS) || Energy: ~4.17e-19 (-17.01dB)
[@     2m21s] Timestep:         2696 || Speed:  265.8 MC/s (4.877e-02 s/TS) || Energy: ~3.27e-19 (-18.06dB)
[@     2m25s] Timestep:         2784 || Speed:  265.9 MC/s (4.874e-02 s/TS) || Energy: ~2.85e-19 (-18.66dB)
[@     2m30s] Timestep:         2872 || Speed:  263.0 MC/s (4.927e-02 s/TS) || Energy: ~2.95e-19 (-18.52dB)
[@     2m34s] Timestep:         2960 || Speed:  262.9 MC/s (4.930e-02 s/TS) || Energy: ~2.40e-19 (-19.42dB)
[@     2m38s] Timestep:         3040 || Speed:  257.1 MC/s (5.040e-02 s/TS) || Energy: ~2.16e-19 (-19.86dB)
[@     2m42s] Timestep:         3128 || Speed:  265.9 MC/s (4.874e-02 s/TS) || Energy: ~2.16e-19 (-19.86dB)
[@     2m47s] Timestep:         3216 || Speed:  261.0 MC/s (4.965e-02 s/TS) || Energy: ~1.72e-19 (-20.86dB)
[@     2m51s] Timestep:         3304 || Speed:  265.3 MC/s (4.885e-02 s/TS) || Energy: ~1.52e-19 (-21.40dB)
[@     2m55s] Timestep:         3392 || Speed:  262.1 MC/s (4.945e-02 s/TS) || Energy: ~1.49e-19 (-21.47dB)
[@     3m00s] Timestep:         3480 || Speed:  258.4 MC/s (5.015e-02 s/TS) || Energy: ~1.24e-19 (-22.26dB)
[@     3m04s] Timestep:         3568 || Speed:  262.7 MC/s (4.934e-02 s/TS) || Energy: ~1.11e-19 (-22.74dB)
[@     3m09s] Timestep:         3656 || Speed:  260.4 MC/s (4.978e-02 s/TS) || Energy: ~1.07e-19 (-22.91dB)
[@     3m13s] Timestep:         3744 || Speed:  257.6 MC/s (5.032e-02 s/TS) || Energy: ~9.22e-20 (-23.56dB)
[@     3m17s] Timestep:         3832 || Speed:  262.8 MC/s (4.932e-02 s/TS) || Energy: ~8.34e-20 (-24.00dB)
[@     3m21s] Timestep:         3912 || Speed:  258.0 MC/s (5.023e-02 s/TS) || Energy: ~8.02e-20 (-24.17dB)
[@     3m26s] Timestep:         4000 || Speed:  257.0 MC/s (5.043e-02 s/TS) || Energy: ~6.89e-20 (-24.83dB)
[@     3m30s] Timestep:         4080 || Speed:  242.8 MC/s (5.338e-02 s/TS) || Energy: ~6.86e-20 (-24.85dB)
[@     3m34s] Timestep:         4160 || Speed:  258.1 MC/s (5.022e-02 s/TS) || Energy: ~5.70e-20 (-25.65dB)
[@     3m38s] Timestep:         4240 || Speed:  247.3 MC/s (5.242e-02 s/TS) || Energy: ~5.79e-20 (-25.59dB)
[@     3m43s] Timestep:         4328 || Speed:  260.6 MC/s (4.973e-02 s/TS) || Energy: ~4.93e-20 (-26.28dB)
[@     3m47s] Timestep:         4408 || Speed:  252.7 MC/s (5.129e-02 s/TS) || Energy: ~4.54e-20 (-26.65dB)
[@     3m51s] Timestep:         4488 || Speed:  255.6 MC/s (5.070e-02 s/TS) || Energy: ~4.23e-20 (-26.95dB)
[@     3m55s] Timestep:         4576 || Speed:  274.8 MC/s (4.716e-02 s/TS) || Energy: ~3.41e-20 (-27.89dB)
[@     3m59s] Timestep:         4664 || Speed:  271.0 MC/s (4.782e-02 s/TS) || Energy: ~3.54e-20 (-27.72dB)
[@     4m03s] Timestep:         4752 || Speed:  270.9 MC/s (4.784e-02 s/TS) || Energy: ~3.21e-20 (-28.14dB)
[@     4m08s] Timestep:         4840 || Speed:  271.1 MC/s (4.781e-02 s/TS) || Energy: ~2.49e-20 (-29.24dB)
[@     4m12s] Timestep:         4928 || Speed:  273.6 MC/s (4.737e-02 s/TS) || Energy: ~2.66e-20 (-28.96dB)
[@     4m16s] Timestep:         5016 || Speed:  270.4 MC/s (4.793e-02 s/TS) || Energy: ~2.60e-20 (-29.07dB)
[@     4m20s] Timestep:         5104 || Speed:  274.2 MC/s (4.727e-02 s/TS) || Energy: ~1.91e-20 (-30.40dB)
[@     4m24s] Timestep:         5192 || Speed:  270.6 MC/s (4.789e-02 s/TS) || Energy: ~1.87e-20 (-30.50dB)
[@     4m28s] Timestep:         5272 || Speed:  258.9 MC/s (5.006e-02 s/TS) || Energy: ~1.85e-20 (-30.53dB)
[@     4m32s] Timestep:         5352 || Speed:  255.9 MC/s (5.065e-02 s/TS) || Energy: ~1.50e-20 (-31.46dB)
[@     4m37s] Timestep:         5440 || Speed:  273.0 MC/s (4.747e-02 s/TS) || Energy: ~1.69e-20 (-30.93dB)
[@     4m41s] Timestep:         5512 || Speed:  227.1 MC/s (5.707e-02 s/TS) || Energy: ~1.20e-20 (-32.41dB)
[@     4m45s] Timestep:         5584 || Speed:  215.2 MC/s (6.021e-02 s/TS) || Energy: ~1.34e-20 (-31.93dB)
[@     4m49s] Timestep:         5656 || Speed:  211.1 MC/s (6.139e-02 s/TS) || Energy: ~1.26e-20 (-32.21dB)
[@     4m54s] Timestep:         5728 || Speed:  224.9 MC/s (5.763e-02 s/TS) || Energy: ~9.29e-21 (-33.53dB)
[@     4m58s] Timestep:         5800 || Speed:  228.9 MC/s (5.662e-02 s/TS) || Energy: ~1.17e-20 (-32.55dB)
[@     5m02s] Timestep:         5880 || Speed:  252.3 MC/s (5.137e-02 s/TS) || Energy: ~7.73e-21 (-34.33dB)
[@     5m06s] Timestep:         5960 || Speed:  251.7 MC/s (5.149e-02 s/TS) || Energy: ~1.00e-20 (-33.21dB)
[@     5m10s] Timestep:         6048 || Speed:  262.6 MC/s (4.936e-02 s/TS) || Energy: ~7.64e-21 (-34.38dB)
[@     5m14s] Timestep:         6136 || Speed:  267.2 MC/s (4.850e-02 s/TS) || Energy: ~6.34e-21 (-35.19dB)
[@     5m19s] Timestep:         6224 || Speed:  267.5 MC/s (4.846e-02 s/TS) || Energy: ~7.77e-21 (-34.31dB)
[@     5m23s] Timestep:         6304 || Speed:  258.5 MC/s (5.013e-02 s/TS) || Energy: ~5.50e-21 (-35.81dB)
[@     5m27s] Timestep:         6384 || Speed:  249.1 MC/s (5.202e-02 s/TS) || Energy: ~6.24e-21 (-35.26dB)
[@     5m31s] Timestep:         6472 || Speed:  270.4 MC/s (4.793e-02 s/TS) || Energy: ~5.79e-21 (-35.58dB)
[@     5m35s] Timestep:         6560 || Speed:  273.2 MC/s (4.745e-02 s/TS) || Energy: ~3.86e-21 (-37.35dB)
[@     5m39s] Timestep:         6648 || Speed:  275.2 MC/s (4.709e-02 s/TS) || Energy: ~4.32e-21 (-36.86dB)
[@     5m44s] Timestep:         6736 || Speed:  266.0 MC/s (4.873e-02 s/TS) || Energy: ~4.61e-21 (-36.57dB)
[@     5m48s] Timestep:         6816 || Speed:  258.4 MC/s (5.015e-02 s/TS) || Energy: ~3.02e-21 (-38.41dB)
[@     5m52s] Timestep:         6896 || Speed:  252.4 MC/s (5.134e-02 s/TS) || Energy: ~4.06e-21 (-37.13dB)
[@     5m56s] Timestep:         6976 || Speed:  254.6 MC/s (5.090e-02 s/TS) || Energy: ~2.64e-21 (-39.00dB)
[@     6m00s] Timestep:         7056 || Speed:  252.6 MC/s (5.131e-02 s/TS) || Energy: ~3.46e-21 (-37.83dB)
[@     6m04s] Timestep:         7136 || Speed:  238.2 MC/s (5.441e-02 s/TS) || Energy: ~2.40e-21 (-39.40dB)
[@     6m09s] Timestep:         7216 || Speed:  243.4 MC/s (5.325e-02 s/TS) || Energy: ~2.84e-21 (-38.68dB)
[@     6m13s] Timestep:         7296 || Speed:  241.7 MC/s (5.362e-02 s/TS) || Energy: ~2.24e-21 (-39.71dB)
[@     6m17s] Timestep:         7376 || Speed:  236.9 MC/s (5.471e-02 s/TS) || Energy: ~2.27e-21 (-39.66dB)
[@     6m22s] Timestep:         7456 || Speed:  234.6 MC/s (5.525e-02 s/TS) || Energy: ~2.08e-21 (-40.03dB)
[@     6m26s] Timestep:         7528 || Speed:  212.7 MC/s (6.094e-02 s/TS) || Energy: ~2.12e-21 (-39.94dB)
[@     6m30s] Timestep:         7600 || Speed:  218.3 MC/s (5.937e-02 s/TS) || Energy: ~1.51e-21 (-41.41dB)
[@     6m35s] Timestep:         7672 || Speed:  209.5 MC/s (6.187e-02 s/TS) || Energy: ~1.92e-21 (-40.37dB)
[@     6m39s] Timestep:         7744 || Speed:  226.6 MC/s (5.721e-02 s/TS) || Energy: ~1.48e-21 (-41.52dB)
[@     6m43s] Timestep:         7808 || Speed:  203.0 MC/s (6.385e-02 s/TS) || Energy: ~1.23e-21 (-42.31dB)
[@     6m47s] Timestep:         7872 || Speed:  196.9 MC/s (6.583e-02 s/TS) || Energy: ~1.39e-21 (-41.78dB)
[@     6m52s] Timestep:         7928 || Speed:  167.7 MC/s (7.729e-02 s/TS) || Energy: ~1.39e-21 (-41.77dB)
[@     6m56s] Timestep:         7992 || Speed:  195.8 MC/s (6.619e-02 s/TS) || Energy: ~1.38e-21 (-41.80dB)
[@     7m00s] Timestep:         8056 || Speed:  199.3 MC/s (6.504e-02 s/TS) || Energy: ~1.10e-21 (-42.78dB)
[@     7m04s] Timestep:         8120 || Speed:  205.7 MC/s (6.300e-02 s/TS) || Energy: ~9.49e-22 (-43.44dB)
[@     7m08s] Timestep:         8184 || Speed:  197.5 MC/s (6.562e-02 s/TS) || Energy: ~1.04e-21 (-43.03dB)
[@     7m12s] Timestep:         8256 || Speed:  219.5 MC/s (5.903e-02 s/TS) || Energy: ~1.02e-21 (-43.12dB)
[@     7m17s] Timestep:         8320 || Speed:  201.3 MC/s (6.438e-02 s/TS) || Energy: ~7.87e-22 (-44.25dB)
[@     7m21s] Timestep:         8392 || Speed:  208.9 MC/s (6.204e-02 s/TS) || Energy: ~8.50e-22 (-43.92dB)
[@     7m26s] Timestep:         8464 || Speed:  207.3 MC/s (6.252e-02 s/TS) || Energy: ~8.35e-22 (-44.00dB)
[@     7m30s] Timestep:         8544 || Speed:  255.8 MC/s (5.066e-02 s/TS) || Energy: ~7.00e-22 (-44.76dB)
[@     7m34s] Timestep:         8632 || Speed:  271.1 MC/s (4.781e-02 s/TS) || Energy: ~5.92e-22 (-45.49dB)
[@     7m38s] Timestep:         8720 || Speed:  273.3 MC/s (4.742e-02 s/TS) || Energy: ~6.78e-22 (-44.90dB)
[@     7m42s] Timestep:         8808 || Speed:  275.8 MC/s (4.699e-02 s/TS) || Energy: ~6.06e-22 (-45.39dB)
[@     7m46s] Timestep:         8896 || Speed:  268.4 MC/s (4.829e-02 s/TS) || Energy: ~4.87e-22 (-46.34dB)
[@     7m51s] Timestep:         8984 || Speed:  263.4 MC/s (4.920e-02 s/TS) || Energy: ~5.10e-22 (-46.14dB)
[@     7m55s] Timestep:         9064 || Speed:  253.1 MC/s (5.120e-02 s/TS) || Energy: ~4.60e-22 (-46.58dB)
[@     7m59s] Timestep:         9144 || Speed:  250.6 MC/s (5.171e-02 s/TS) || Energy: ~4.13e-22 (-47.06dB)
[@     8m03s] Timestep:         9224 || Speed:  257.6 MC/s (5.032e-02 s/TS) || Energy: ~4.17e-22 (-47.01dB)
[@     8m07s] Timestep:         9304 || Speed:  256.8 MC/s (5.047e-02 s/TS) || Energy: ~3.41e-22 (-47.89dB)
[@     8m11s] Timestep:         9392 || Speed:  276.4 MC/s (4.690e-02 s/TS) || Energy: ~3.56e-22 (-47.69dB)
[@     8m15s] Timestep:         9480 || Speed:  269.1 MC/s (4.816e-02 s/TS) || Energy: ~3.17e-22 (-48.20dB)
[@     8m20s] Timestep:         9560 || Speed:  243.6 MC/s (5.321e-02 s/TS) || Energy: ~2.69e-22 (-48.92dB)
[@     8m24s] Timestep:         9624 || Speed:  202.0 MC/s (6.417e-02 s/TS) || Energy: ~2.56e-22 (-49.13dB)
[@     8m28s] Timestep:         9688 || Speed:  204.4 MC/s (6.339e-02 s/TS) || Energy: ~2.79e-22 (-48.75dB)
[@     8m32s] Timestep:         9752 || Speed:  189.9 MC/s (6.824e-02 s/TS) || Energy: ~2.71e-22 (-48.88dB)
[@     8m36s] Timestep:         9816 || Speed:  193.7 MC/s (6.689e-02 s/TS) || Energy: ~2.27e-22 (-49.64dB)
[@     8m41s] Timestep:         9888 || Speed:  204.7 MC/s (6.331e-02 s/TS) || Energy: ~2.21e-22 (-49.77dB)
[@     8m45s] Timestep:         9952 || Speed:  193.1 MC/s (6.712e-02 s/TS) || Energy: ~2.22e-22 (-49.74dB)
[@     8m50s] Timestep:        10016 || Speed:  196.2 MC/s (6.605e-02 s/TS) || Energy: ~1.95e-22 (-50.31dB)
Time for 10016 iterations with 12960304.00 cells : 530.03 sec
Speed: 244.91 MCells/s 
    [excite port 34/40]
 ---------------------------------------------------------------------- 
 | openEMS 64bit -- version v0.37.0-rc1-2-g7b051bb
 | (C) 2010-2026 Thorsten Liebig <thorsten.liebig@gmx.de>  GPL license
 ---------------------------------------------------------------------- 
	Used external libraries:
		CSXCAD -- Version: v0.7.0-rc1-1-g5115701
		hdf5   -- Version: 1.10.10
		          compiled against: HDF5 library version: 1.10.10
		tinyxml -- compiled against: 2.6.2
		fparser
		boost  -- compiled against: 1_83
		vtk -- Version: 9.1.0
		       compiled against: 9.1.0

Create FDTD operator (compressed SSE + multi-threading)
FDTD simulation size: 244x196x271 --> 12960304.00 FDTD cells 
FDTD timestep is: 0.00 s; Nyquist rate: 34 timesteps @101891945817.00 Hz
Excitation signal length is: 398 timesteps (0.00s)
Max. number of timesteps: 60000 ( --> 150.75 * Excitation signal length)
Create FDTD engine (compressed SSE + multi-threading)
Running FDTD engine... this may take a while... grab a cup of coffee?!?
[@        4s] Timestep:           40 || Speed:  114.4 MC/s (1.133e-01 s/TS) || Energy: ~5.07e-24 (- 0.00dB)
[@        8s] Timestep:          104 || Speed:  198.3 MC/s (6.536e-02 s/TS) || Energy: ~1.09e-20 (- 0.00dB)
[@       13s] Timestep:          184 || Speed:  239.6 MC/s (5.410e-02 s/TS) || Energy: ~4.34e-18 (- 0.00dB)
[@       17s] Timestep:          272 || Speed:  261.1 MC/s (4.964e-02 s/TS) || Energy: ~1.84e-17 (- 0.00dB)
[@       21s] Timestep:          360 || Speed:  269.9 MC/s (4.803e-02 s/TS) || Energy: ~1.97e-17 (- 0.00dB)
[@       25s] Timestep:          448 || Speed:  277.3 MC/s (4.674e-02 s/TS) || Energy: ~1.56e-17 (- 1.03dB)
[@       29s] Timestep:          536 || Speed:  283.8 MC/s (4.566e-02 s/TS) || Energy: ~1.36e-17 (- 1.61dB)
[@       34s] Timestep:          624 || Speed:  267.3 MC/s (4.848e-02 s/TS) || Energy: ~1.10e-17 (- 2.56dB)
Multithreaded Engine: Best performance found using 7 threads.
[@       38s] Timestep:          712 || Speed:  273.3 MC/s (4.743e-02 s/TS) || Energy: ~8.82e-18 (- 3.50dB)
[@       42s] Timestep:          800 || Speed:  275.4 MC/s (4.706e-02 s/TS) || Energy: ~7.65e-18 (- 4.12dB)
[@       46s] Timestep:          888 || Speed:  280.5 MC/s (4.621e-02 s/TS) || Energy: ~6.73e-18 (- 4.67dB)
[@       50s] Timestep:          976 || Speed:  281.0 MC/s (4.612e-02 s/TS) || Energy: ~5.59e-18 (- 5.48dB)
[@       54s] Timestep:         1072 || Speed:  292.7 MC/s (4.428e-02 s/TS) || Energy: ~4.78e-18 (- 6.16dB)
[@       58s] Timestep:         1160 || Speed:  277.7 MC/s (4.667e-02 s/TS) || Energy: ~4.05e-18 (- 6.88dB)
[@     1m02s] Timestep:         1248 || Speed:  280.3 MC/s (4.624e-02 s/TS) || Energy: ~3.22e-18 (- 7.88dB)
[@     1m06s] Timestep:         1336 || Speed:  278.8 MC/s (4.649e-02 s/TS) || Energy: ~2.68e-18 (- 8.67dB)
[@     1m11s] Timestep:         1432 || Speed:  295.7 MC/s (4.382e-02 s/TS) || Energy: ~2.28e-18 (- 9.37dB)
[@     1m15s] Timestep:         1520 || Speed:  281.0 MC/s (4.612e-02 s/TS) || Energy: ~2.02e-18 (- 9.91dB)
[@     1m19s] Timestep:         1608 || Speed:  275.4 MC/s (4.706e-02 s/TS) || Energy: ~1.62e-18 (-10.87dB)
[@     1m23s] Timestep:         1696 || Speed:  281.9 MC/s (4.598e-02 s/TS) || Energy: ~1.51e-18 (-11.16dB)
[@     1m27s] Timestep:         1784 || Speed:  280.6 MC/s (4.619e-02 s/TS) || Energy: ~1.41e-18 (-11.46dB)
[@     1m31s] Timestep:         1880 || Speed:  287.9 MC/s (4.502e-02 s/TS) || Energy: ~1.15e-18 (-12.33dB)
[@     1m35s] Timestep:         1968 || Speed:  275.3 MC/s (4.708e-02 s/TS) || Energy: ~9.57e-19 (-13.15dB)
[@     1m40s] Timestep:         2056 || Speed:  272.0 MC/s (4.764e-02 s/TS) || Energy: ~1.02e-18 (-12.86dB)
[@     1m44s] Timestep:         2144 || Speed:  270.3 MC/s (4.795e-02 s/TS) || Energy: ~8.72e-19 (-13.55dB)
[@     1m48s] Timestep:         2232 || Speed:  268.3 MC/s (4.831e-02 s/TS) || Energy: ~6.63e-19 (-14.74dB)
[@     1m52s] Timestep:         2320 || Speed:  279.0 MC/s (4.645e-02 s/TS) || Energy: ~7.03e-19 (-14.48dB)
[@     1m56s] Timestep:         2408 || Speed:  276.5 MC/s (4.687e-02 s/TS) || Energy: ~6.51e-19 (-14.82dB)
[@     2m00s] Timestep:         2496 || Speed:  275.4 MC/s (4.705e-02 s/TS) || Energy: ~4.62e-19 (-16.31dB)
[@     2m05s] Timestep:         2584 || Speed:  277.9 MC/s (4.664e-02 s/TS) || Energy: ~4.81e-19 (-16.13dB)
[@     2m09s] Timestep:         2672 || Speed:  269.6 MC/s (4.807e-02 s/TS) || Energy: ~4.96e-19 (-16.00dB)
[@     2m13s] Timestep:         2760 || Speed:  268.1 MC/s (4.834e-02 s/TS) || Energy: ~3.64e-19 (-17.34dB)
[@     2m17s] Timestep:         2848 || Speed:  277.6 MC/s (4.668e-02 s/TS) || Energy: ~3.09e-19 (-18.06dB)
[@     2m22s] Timestep:         2944 || Speed:  286.4 MC/s (4.525e-02 s/TS) || Energy: ~2.99e-19 (-18.20dB)
[@     2m26s] Timestep:         3032 || Speed:  273.3 MC/s (4.742e-02 s/TS) || Energy: ~2.96e-19 (-18.25dB)
[@     2m30s] Timestep:         3120 || Speed:  269.1 MC/s (4.816e-02 s/TS) || Energy: ~2.22e-19 (-19.50dB)
[@     2m34s] Timestep:         3208 || Speed:  266.8 MC/s (4.857e-02 s/TS) || Energy: ~2.05e-19 (-19.83dB)
[@     2m38s] Timestep:         3296 || Speed:  267.0 MC/s (4.854e-02 s/TS) || Energy: ~2.16e-19 (-19.61dB)
[@     2m43s] Timestep:         3384 || Speed:  267.4 MC/s (4.847e-02 s/TS) || Energy: ~1.73e-19 (-20.58dB)
[@     2m47s] Timestep:         3472 || Speed:  268.1 MC/s (4.833e-02 s/TS) || Energy: ~1.40e-19 (-21.49dB)
[@     2m51s] Timestep:         3560 || Speed:  270.0 MC/s (4.801e-02 s/TS) || Energy: ~1.47e-19 (-21.27dB)
[@     2m55s] Timestep:         3648 || Speed:  268.2 MC/s (4.833e-02 s/TS) || Energy: ~1.41e-19 (-21.47dB)
[@     3m00s] Timestep:         3736 || Speed:  267.8 MC/s (4.840e-02 s/TS) || Energy: ~1.11e-19 (-22.49dB)
[@     3m04s] Timestep:         3824 || Speed:  269.0 MC/s (4.817e-02 s/TS) || Energy: ~1.02e-19 (-22.85dB)
[@     3m08s] Timestep:         3912 || Speed:  265.9 MC/s (4.873e-02 s/TS) || Energy: ~1.02e-19 (-22.86dB)
[@     3m13s] Timestep:         4008 || Speed:  291.4 MC/s (4.447e-02 s/TS) || Energy: ~9.17e-20 (-23.33dB)
[@     3m17s] Timestep:         4104 || Speed:  287.9 MC/s (4.501e-02 s/TS) || Energy: ~7.86e-20 (-24.00dB)
[@     3m21s] Timestep:         4192 || Speed:  280.3 MC/s (4.624e-02 s/TS) || Energy: ~6.32e-20 (-24.95dB)
[@     3m25s] Timestep:         4280 || Speed:  266.8 MC/s (4.858e-02 s/TS) || Energy: ~6.45e-20 (-24.86dB)
[@     3m29s] Timestep:         4368 || Speed:  283.1 MC/s (4.577e-02 s/TS) || Energy: ~6.06e-20 (-25.13dB)
[@     3m34s] Timestep:         4464 || Speed:  289.2 MC/s (4.481e-02 s/TS) || Energy: ~5.08e-20 (-25.90dB)
[@     3m38s] Timestep:         4552 || Speed:  274.6 MC/s (4.720e-02 s/TS) || Energy: ~4.16e-20 (-26.76dB)
[@     3m42s] Timestep:         4640 || Speed:  263.3 MC/s (4.923e-02 s/TS) || Energy: ~4.42e-20 (-26.51dB)
[@     3m46s] Timestep:         4728 || Speed:  264.2 MC/s (4.905e-02 s/TS) || Energy: ~4.03e-20 (-26.91dB)
[@     3m50s] Timestep:         4816 || Speed:  279.5 MC/s (4.637e-02 s/TS) || Energy: ~3.04e-20 (-28.13dB)
[@     3m55s] Timestep:         4904 || Speed:  273.1 MC/s (4.746e-02 s/TS) || Energy: ~3.01e-20 (-28.17dB)
[@     3m59s] Timestep:         4992 || Speed:  266.3 MC/s (4.866e-02 s/TS) || Energy: ~3.12e-20 (-28.01dB)
[@     4m03s] Timestep:         5080 || Speed:  257.5 MC/s (5.033e-02 s/TS) || Energy: ~2.41e-20 (-29.13dB)
[@     4m07s] Timestep:         5168 || Speed:  273.5 MC/s (4.739e-02 s/TS) || Energy: ~2.11e-20 (-29.71dB)
[@     4m12s] Timestep:         5256 || Speed:  283.4 MC/s (4.574e-02 s/TS) || Energy: ~2.23e-20 (-29.47dB)
[@     4m16s] Timestep:         5344 || Speed:  267.9 MC/s (4.838e-02 s/TS) || Energy: ~1.85e-20 (-30.28dB)
[@     4m20s] Timestep:         5432 || Speed:  260.0 MC/s (4.984e-02 s/TS) || Energy: ~1.49e-20 (-31.21dB)
[@     4m24s] Timestep:         5520 || Speed:  264.7 MC/s (4.896e-02 s/TS) || Energy: ~1.63e-20 (-30.83dB)
[@     4m29s] Timestep:         5608 || Speed:  263.9 MC/s (4.911e-02 s/TS) || Energy: ~1.49e-20 (-31.21dB)
[@     4m33s] Timestep:         5696 || Speed:  265.2 MC/s (4.887e-02 s/TS) || Energy: ~1.15e-20 (-32.35dB)
[@     4m37s] Timestep:         5776 || Speed:  258.8 MC/s (5.007e-02 s/TS) || Energy: ~1.27e-20 (-31.93dB)
[@     4m41s] Timestep:         5864 || Speed:  269.3 MC/s (4.812e-02 s/TS) || Energy: ~1.06e-20 (-32.71dB)
[@     4m45s] Timestep:         5952 || Speed:  279.8 MC/s (4.631e-02 s/TS) || Energy: ~8.31e-21 (-33.76dB)
[@     4m50s] Timestep:         6040 || Speed:  269.2 MC/s (4.815e-02 s/TS) || Energy: ~8.98e-21 (-33.42dB)
[@     4m54s] Timestep:         6128 || Speed:  283.2 MC/s (4.576e-02 s/TS) || Energy: ~8.49e-21 (-33.67dB)
[@     4m58s] Timestep:         6216 || Speed:  283.7 MC/s (4.568e-02 s/TS) || Energy: ~6.70e-21 (-34.70dB)
[@     5m02s] Timestep:         6304 || Speed:  282.9 MC/s (4.580e-02 s/TS) || Energy: ~6.67e-21 (-34.71dB)
[@     5m06s] Timestep:         6400 || Speed:  289.6 MC/s (4.475e-02 s/TS) || Energy: ~6.13e-21 (-35.08dB)
[@     5m10s] Timestep:         6488 || Speed:  284.0 MC/s (4.563e-02 s/TS) || Energy: ~5.21e-21 (-35.79dB)
[@     5m14s] Timestep:         6584 || Speed:  287.4 MC/s (4.510e-02 s/TS) || Energy: ~4.51e-21 (-36.41dB)
[@     5m18s] Timestep:         6672 || Speed:  284.3 MC/s (4.558e-02 s/TS) || Energy: ~4.23e-21 (-36.70dB)
[@     5m22s] Timestep:         6760 || Speed:  282.6 MC/s (4.586e-02 s/TS) || Energy: ~4.36e-21 (-36.56dB)
[@     5m26s] Timestep:         6848 || Speed:  284.9 MC/s (4.549e-02 s/TS) || Energy: ~3.37e-21 (-37.68dB)
[@     5m31s] Timestep:         6936 || Speed:  272.4 MC/s (4.757e-02 s/TS) || Energy: ~2.87e-21 (-38.38dB)
[@     5m35s] Timestep:         7024 || Speed:  284.3 MC/s (4.558e-02 s/TS) || Energy: ~3.22e-21 (-37.87dB)
[@     5m39s] Timestep:         7112 || Speed:  267.1 MC/s (4.852e-02 s/TS) || Energy: ~2.83e-21 (-38.43dB)
[@     5m43s] Timestep:         7200 || Speed:  265.2 MC/s (4.886e-02 s/TS) || Energy: ~2.20e-21 (-39.53dB)
[@     5m48s] Timestep:         7288 || Speed:  261.9 MC/s (4.949e-02 s/TS) || Energy: ~2.34e-21 (-39.26dB)
[@     5m52s] Timestep:         7376 || Speed:  261.3 MC/s (4.959e-02 s/TS) || Energy: ~2.23e-21 (-39.46dB)
[@     5m56s] Timestep:         7464 || Speed:  265.6 MC/s (4.879e-02 s/TS) || Energy: ~1.66e-21 (-40.77dB)
[@     6m01s] Timestep:         7552 || Speed:  262.8 MC/s (4.932e-02 s/TS) || Energy: ~1.60e-21 (-40.91dB)
[@     6m05s] Timestep:         7640 || Speed:  264.1 MC/s (4.907e-02 s/TS) || Energy: ~1.73e-21 (-40.57dB)
[@     6m09s] Timestep:         7720 || Speed:  254.9 MC/s (5.085e-02 s/TS) || Energy: ~1.24e-21 (-42.03dB)
[@     6m13s] Timestep:         7808 || Speed:  261.7 MC/s (4.952e-02 s/TS) || Energy: ~1.31e-21 (-41.78dB)
[@     6m18s] Timestep:         7896 || Speed:  261.8 MC/s (4.951e-02 s/TS) || Energy: ~1.36e-21 (-41.61dB)
[@     6m22s] Timestep:         7984 || Speed:  262.0 MC/s (4.946e-02 s/TS) || Energy: ~1.01e-21 (-42.90dB)
[@     6m26s] Timestep:         8072 || Speed:  270.3 MC/s (4.795e-02 s/TS) || Energy: ~9.00e-22 (-43.41dB)
[@     6m30s] Timestep:         8160 || Speed:  267.7 MC/s (4.841e-02 s/TS) || Energy: ~1.02e-21 (-42.87dB)
[@     6m35s] Timestep:         8248 || Speed:  269.0 MC/s (4.818e-02 s/TS) || Energy: ~8.56e-22 (-43.63dB)
[@     6m39s] Timestep:         8336 || Speed:  267.9 MC/s (4.838e-02 s/TS) || Energy: ~6.68e-22 (-44.70dB)
[@     6m43s] Timestep:         8424 || Speed:  271.8 MC/s (4.769e-02 s/TS) || Energy: ~7.62e-22 (-44.13dB)
[@     6m47s] Timestep:         8512 || Speed:  272.6 MC/s (4.754e-02 s/TS) || Energy: ~7.17e-22 (-44.40dB)
[@     6m52s] Timestep:         8600 || Speed:  272.5 MC/s (4.756e-02 s/TS) || Energy: ~5.04e-22 (-45.93dB)
[@     6m56s] Timestep:         8688 || Speed:  272.8 MC/s (4.751e-02 s/TS) || Energy: ~5.14e-22 (-45.84dB)
[@     7m00s] Timestep:         8776 || Speed:  267.1 MC/s (4.852e-02 s/TS) || Energy: ~5.86e-22 (-45.27dB)
[@     7m04s] Timestep:         8864 || Speed:  265.9 MC/s (4.875e-02 s/TS) || Energy: ~4.51e-22 (-46.41dB)
[@     7m08s] Timestep:         8952 || Speed:  271.2 MC/s (4.779e-02 s/TS) || Energy: ~3.80e-22 (-47.15dB)
[@     7m12s] Timestep:         9040 || Speed:  282.8 MC/s (4.582e-02 s/TS) || Energy: ~4.45e-22 (-46.47dB)
[@     7m17s] Timestep:         9128 || Speed:  275.1 MC/s (4.712e-02 s/TS) || Energy: ~3.76e-22 (-47.21dB)
[@     7m21s] Timestep:         9216 || Speed:  280.3 MC/s (4.623e-02 s/TS) || Energy: ~2.57e-22 (-48.85dB)
[@     7m25s] Timestep:         9304 || Speed:  267.5 MC/s (4.844e-02 s/TS) || Energy: ~2.99e-22 (-48.20dB)
[@     7m29s] Timestep:         9392 || Speed:  264.7 MC/s (4.897e-02 s/TS) || Energy: ~3.19e-22 (-47.92dB)
[@     7m34s] Timestep:         9480 || Speed:  268.0 MC/s (4.837e-02 s/TS) || Energy: ~2.31e-22 (-49.32dB)
[@     7m38s] Timestep:         9568 || Speed:  268.1 MC/s (4.834e-02 s/TS) || Energy: ~2.26e-22 (-49.42dB)
[@     7m42s] Timestep:         9656 || Speed:  264.4 MC/s (4.902e-02 s/TS) || Energy: ~2.65e-22 (-48.73dB)
[@     7m46s] Timestep:         9744 || Speed:  267.2 MC/s (4.851e-02 s/TS) || Energy: ~1.98e-22 (-49.99dB)
[@     7m50s] Timestep:         9824 || Speed:  257.9 MC/s (5.025e-02 s/TS) || Energy: ~1.79e-22 (-50.42dB)
Time for 9824 iterations with 12960304.00 cells : 470.91 sec
Speed: 270.38 MCells/s 
    [excite port 35/40]
 ---------------------------------------------------------------------- 
 | openEMS 64bit -- version v0.37.0-rc1-2-g7b051bb
 | (C) 2010-2026 Thorsten Liebig <thorsten.liebig@gmx.de>  GPL license
 ---------------------------------------------------------------------- 
	Used external libraries:
		CSXCAD -- Version: v0.7.0-rc1-1-g5115701
		hdf5   -- Version: 1.10.10
		          compiled against: HDF5 library version: 1.10.10
		tinyxml -- compiled against: 2.6.2
		fparser
		boost  -- compiled against: 1_83
		vtk -- Version: 9.1.0
		       compiled against: 9.1.0

Create FDTD operator (compressed SSE + multi-threading)
FDTD simulation size: 244x196x271 --> 12960304.00 FDTD cells 
FDTD timestep is: 0.00 s; Nyquist rate: 34 timesteps @101891945817.00 Hz
Excitation signal length is: 398 timesteps (0.00s)
Max. number of timesteps: 60000 ( --> 150.75 * Excitation signal length)
Create FDTD engine (compressed SSE + multi-threading)
Running FDTD engine... this may take a while... grab a cup of coffee?!?
[@        4s] Timestep:           40 || Speed:  108.9 MC/s (1.190e-01 s/TS) || Energy: ~4.81e-24 (- 0.00dB)
[@        9s] Timestep:          104 || Speed:  188.1 MC/s (6.891e-02 s/TS) || Energy: ~1.02e-20 (- 0.00dB)
[@       13s] Timestep:          176 || Speed:  230.9 MC/s (5.612e-02 s/TS) || Energy: ~2.63e-18 (- 0.00dB)
[@       17s] Timestep:          256 || Speed:  255.3 MC/s (5.077e-02 s/TS) || Energy: ~1.72e-17 (- 0.00dB)
[@       21s] Timestep:          344 || Speed:  277.7 MC/s (4.666e-02 s/TS) || Energy: ~2.05e-17 (- 0.00dB)
[@       25s] Timestep:          440 || Speed:  291.7 MC/s (4.443e-02 s/TS) || Energy: ~1.37e-17 (- 1.73dB)
[@       29s] Timestep:          536 || Speed:  298.9 MC/s (4.336e-02 s/TS) || Energy: ~9.88e-18 (- 3.16dB)
[@       34s] Timestep:          632 || Speed:  292.6 MC/s (4.430e-02 s/TS) || Energy: ~7.51e-18 (- 4.35dB)
Multithreaded Engine: Best performance found using 7 threads.
[@       38s] Timestep:          728 || Speed:  297.2 MC/s (4.361e-02 s/TS) || Energy: ~6.26e-18 (- 5.14dB)
[@       42s] Timestep:          824 || Speed:  293.3 MC/s (4.419e-02 s/TS) || Energy: ~5.21e-18 (- 5.94dB)
[@       46s] Timestep:          912 || Speed:  277.4 MC/s (4.672e-02 s/TS) || Energy: ~4.08e-18 (- 7.00dB)
[@       50s] Timestep:         1000 || Speed:  281.4 MC/s (4.606e-02 s/TS) || Energy: ~3.50e-18 (- 7.67dB)
[@       54s] Timestep:         1096 || Speed:  288.3 MC/s (4.496e-02 s/TS) || Energy: ~3.19e-18 (- 8.08dB)
[@       59s] Timestep:         1192 || Speed:  297.0 MC/s (4.364e-02 s/TS) || Energy: ~2.70e-18 (- 8.79dB)
[@     1m03s] Timestep:         1288 || Speed:  292.8 MC/s (4.426e-02 s/TS) || Energy: ~2.22e-18 (- 9.65dB)
[@     1m07s] Timestep:         1384 || Speed:  310.3 MC/s (4.177e-02 s/TS) || Energy: ~1.75e-18 (-10.67dB)
[@     1m11s] Timestep:         1480 || Speed:  308.0 MC/s (4.208e-02 s/TS) || Energy: ~1.41e-18 (-11.60dB)
[@     1m15s] Timestep:         1576 || Speed:  296.6 MC/s (4.370e-02 s/TS) || Energy: ~1.20e-18 (-12.32dB)
[@     1m19s] Timestep:         1664 || Speed:  280.4 MC/s (4.622e-02 s/TS) || Energy: ~1.08e-18 (-12.78dB)
[@     1m23s] Timestep:         1752 || Speed:  283.0 MC/s (4.580e-02 s/TS) || Energy: ~8.87e-19 (-13.63dB)
[@     1m27s] Timestep:         1840 || Speed:  283.5 MC/s (4.572e-02 s/TS) || Energy: ~7.06e-19 (-14.62dB)
[@     1m32s] Timestep:         1936 || Speed:  286.4 MC/s (4.525e-02 s/TS) || Energy: ~6.52e-19 (-14.97dB)
[@     1m36s] Timestep:         2024 || Speed:  278.7 MC/s (4.651e-02 s/TS) || Energy: ~5.97e-19 (-15.35dB)
[@     1m40s] Timestep:         2112 || Speed:  271.1 MC/s (4.781e-02 s/TS) || Energy: ~5.03e-19 (-16.10dB)
[@     1m44s] Timestep:         2200 || Speed:  277.6 MC/s (4.669e-02 s/TS) || Energy: ~4.20e-19 (-16.88dB)
[@     1m48s] Timestep:         2296 || Speed:  286.0 MC/s (4.532e-02 s/TS) || Energy: ~3.77e-19 (-17.35dB)
[@     1m53s] Timestep:         2392 || Speed:  285.7 MC/s (4.536e-02 s/TS) || Energy: ~3.36e-19 (-17.85dB)
[@     1m57s] Timestep:         2488 || Speed:  290.5 MC/s (4.461e-02 s/TS) || Energy: ~2.95e-19 (-18.42dB)
[@     2m01s] Timestep:         2584 || Speed:  287.7 MC/s (4.505e-02 s/TS) || Energy: ~2.47e-19 (-19.18dB)
[@     2m06s] Timestep:         2680 || Speed:  286.3 MC/s (4.527e-02 s/TS) || Energy: ~2.18e-19 (-19.73dB)
[@     2m10s] Timestep:         2776 || Speed:  290.7 MC/s (4.459e-02 s/TS) || Energy: ~1.85e-19 (-20.44dB)
[@     2m14s] Timestep:         2872 || Speed:  288.5 MC/s (4.492e-02 s/TS) || Energy: ~1.56e-19 (-21.18dB)
[@     2m19s] Timestep:         2968 || Speed:  287.3 MC/s (4.511e-02 s/TS) || Energy: ~1.53e-19 (-21.26dB)
[@     2m23s] Timestep:         3056 || Speed:  278.0 MC/s (4.662e-02 s/TS) || Energy: ~1.45e-19 (-21.50dB)
[@     2m27s] Timestep:         3144 || Speed:  282.9 MC/s (4.581e-02 s/TS) || Energy: ~1.18e-19 (-22.41dB)
[@     2m31s] Timestep:         3240 || Speed:  289.5 MC/s (4.476e-02 s/TS) || Energy: ~9.77e-20 (-23.21dB)
[@     2m35s] Timestep:         3336 || Speed:  288.9 MC/s (4.486e-02 s/TS) || Energy: ~9.37e-20 (-23.40dB)
[@     2m40s] Timestep:         3432 || Speed:  291.6 MC/s (4.444e-02 s/TS) || Energy: ~8.77e-20 (-23.68dB)
[@     2m44s] Timestep:         3528 || Speed:  291.1 MC/s (4.452e-02 s/TS) || Energy: ~7.78e-20 (-24.20dB)
[@     2m48s] Timestep:         3624 || Speed:  288.1 MC/s (4.498e-02 s/TS) || Energy: ~6.62e-20 (-24.90dB)
[@     2m53s] Timestep:         3720 || Speed:  287.4 MC/s (4.509e-02 s/TS) || Energy: ~5.32e-20 (-25.85dB)
[@     2m57s] Timestep:         3808 || Speed:  277.0 MC/s (4.678e-02 s/TS) || Energy: ~5.04e-20 (-26.08dB)
[@     3m01s] Timestep:         3896 || Speed:  268.6 MC/s (4.824e-02 s/TS) || Energy: ~5.17e-20 (-25.97dB)
[@     3m05s] Timestep:         3984 || Speed:  273.0 MC/s (4.747e-02 s/TS) || Energy: ~4.06e-20 (-27.02dB)
[@     3m09s] Timestep:         4072 || Speed:  282.6 MC/s (4.586e-02 s/TS) || Energy: ~3.62e-20 (-27.53dB)
[@     3m13s] Timestep:         4160 || Speed:  282.2 MC/s (4.593e-02 s/TS) || Energy: ~3.83e-20 (-27.28dB)
[@     3m17s] Timestep:         4248 || Speed:  276.1 MC/s (4.694e-02 s/TS) || Energy: ~3.11e-20 (-28.18dB)
[@     3m21s] Timestep:         4336 || Speed:  272.9 MC/s (4.748e-02 s/TS) || Energy: ~2.66e-20 (-28.86dB)
[@     3m26s] Timestep:         4424 || Speed:  280.6 MC/s (4.619e-02 s/TS) || Energy: ~2.91e-20 (-28.48dB)
[@     3m30s] Timestep:         4512 || Speed:  280.8 MC/s (4.615e-02 s/TS) || Energy: ~2.50e-20 (-29.13dB)
[@     3m34s] Timestep:         4600 || Speed:  273.1 MC/s (4.745e-02 s/TS) || Energy: ~1.90e-20 (-30.33dB)
[@     3m38s] Timestep:         4696 || Speed:  286.0 MC/s (4.532e-02 s/TS) || Energy: ~1.79e-20 (-30.57dB)
[@     3m42s] Timestep:         4792 || Speed:  287.2 MC/s (4.513e-02 s/TS) || Energy: ~1.80e-20 (-30.57dB)
[@     3m47s] Timestep:         4880 || Speed:  278.2 MC/s (4.658e-02 s/TS) || Energy: ~1.71e-20 (-30.77dB)
[@     3m51s] Timestep:         4968 || Speed:  277.4 MC/s (4.672e-02 s/TS) || Energy: ~1.29e-20 (-32.01dB)
[@     3m55s] Timestep:         5056 || Speed:  283.0 MC/s (4.579e-02 s/TS) || Energy: ~1.33e-20 (-31.88dB)
[@     3m59s] Timestep:         5144 || Speed:  285.0 MC/s (4.548e-02 s/TS) || Energy: ~1.41e-20 (-31.62dB)
[@     4m03s] Timestep:         5232 || Speed:  272.5 MC/s (4.757e-02 s/TS) || Energy: ~1.04e-20 (-32.96dB)
[@     4m07s] Timestep:         5328 || Speed:  288.1 MC/s (4.499e-02 s/TS) || Energy: ~8.26e-21 (-33.94dB)
[@     4m11s] Timestep:         5424 || Speed:  294.6 MC/s (4.399e-02 s/TS) || Energy: ~8.12e-21 (-34.02dB)
[@     4m16s] Timestep:         5520 || Speed:  297.5 MC/s (4.356e-02 s/TS) || Energy: ~8.46e-21 (-33.84dB)
[@     4m20s] Timestep:         5616 || Speed:  286.9 MC/s (4.518e-02 s/TS) || Energy: ~8.32e-21 (-33.91dB)
[@     4m24s] Timestep:         5712 || Speed:  289.6 MC/s (4.476e-02 s/TS) || Energy: ~7.52e-21 (-34.35dB)
[@     4m29s] Timestep:         5808 || Speed:  289.8 MC/s (4.473e-02 s/TS) || Energy: ~6.10e-21 (-35.26dB)
[@     4m33s] Timestep:         5904 || Speed:  295.1 MC/s (4.392e-02 s/TS) || Energy: ~4.73e-21 (-36.37dB)
[@     4m37s] Timestep:         6000 || Speed:  296.4 MC/s (4.373e-02 s/TS) || Energy: ~4.21e-21 (-36.87dB)
[@     4m41s] Timestep:         6096 || Speed:  289.8 MC/s (4.472e-02 s/TS) || Energy: ~4.37e-21 (-36.71dB)
[@     4m46s] Timestep:         6192 || Speed:  285.9 MC/s (4.533e-02 s/TS) || Energy: ~4.35e-21 (-36.73dB)
[@     4m50s] Timestep:         6288 || Speed:  286.0 MC/s (4.531e-02 s/TS) || Energy: ~4.07e-21 (-37.02dB)
[@     4m54s] Timestep:         6376 || Speed:  284.0 MC/s (4.564e-02 s/TS) || Energy: ~3.16e-21 (-38.11dB)
[@     4m58s] Timestep:         6464 || Speed:  283.2 MC/s (4.577e-02 s/TS) || Energy: ~2.72e-21 (-38.77dB)
[@     5m02s] Timestep:         6560 || Speed:  291.2 MC/s (4.451e-02 s/TS) || Energy: ~2.84e-21 (-38.57dB)
[@     5m06s] Timestep:         6648 || Speed:  269.8 MC/s (4.804e-02 s/TS) || Energy: ~2.95e-21 (-38.41dB)
[@     5m11s] Timestep:         6736 || Speed:  276.8 MC/s (4.682e-02 s/TS) || Energy: ~2.17e-21 (-39.75dB)
[@     5m15s] Timestep:         6832 || Speed:  288.9 MC/s (4.486e-02 s/TS) || Energy: ~1.81e-21 (-40.53dB)
[@     5m19s] Timestep:         6920 || Speed:  281.2 MC/s (4.608e-02 s/TS) || Energy: ~2.02e-21 (-40.05dB)
[@     5m23s] Timestep:         7016 || Speed:  285.8 MC/s (4.534e-02 s/TS) || Energy: ~2.04e-21 (-40.01dB)
[@     5m28s] Timestep:         7112 || Speed:  292.9 MC/s (4.426e-02 s/TS) || Energy: ~1.83e-21 (-40.49dB)
[@     5m32s] Timestep:         7208 || Speed:  299.5 MC/s (4.328e-02 s/TS) || Energy: ~1.47e-21 (-41.45dB)
[@     5m36s] Timestep:         7304 || Speed:  300.1 MC/s (4.318e-02 s/TS) || Energy: ~1.20e-21 (-42.32dB)
[@     5m40s] Timestep:         7400 || Speed:  301.2 MC/s (4.303e-02 s/TS) || Energy: ~1.12e-21 (-42.64dB)
[@     5m44s] Timestep:         7496 || Speed:  305.3 MC/s (4.246e-02 s/TS) || Energy: ~1.11e-21 (-42.67dB)
[@     5m48s] Timestep:         7592 || Speed:  300.5 MC/s (4.312e-02 s/TS) || Energy: ~1.07e-21 (-42.82dB)
[@     5m52s] Timestep:         7688 || Speed:  304.9 MC/s (4.251e-02 s/TS) || Energy: ~1.03e-21 (-42.99dB)
[@     5m56s] Timestep:         7784 || Speed:  306.5 MC/s (4.229e-02 s/TS) || Energy: ~9.54e-22 (-43.32dB)
[@     6m00s] Timestep:         7880 || Speed:  303.9 MC/s (4.265e-02 s/TS) || Energy: ~7.74e-22 (-44.22dB)
[@     6m05s] Timestep:         7976 || Speed:  298.1 MC/s (4.348e-02 s/TS) || Energy: ~6.02e-22 (-45.32dB)
[@     6m09s] Timestep:         8072 || Speed:  289.8 MC/s (4.472e-02 s/TS) || Energy: ~5.92e-22 (-45.39dB)
[@     6m13s] Timestep:         8160 || Speed:  276.7 MC/s (4.684e-02 s/TS) || Energy: ~6.72e-22 (-44.84dB)
[@     6m17s] Timestep:         8248 || Speed:  281.9 MC/s (4.598e-02 s/TS) || Energy: ~6.04e-22 (-45.30dB)
[@     6m21s] Timestep:         8344 || Speed:  295.2 MC/s (4.391e-02 s/TS) || Energy: ~4.73e-22 (-46.36dB)
[@     6m26s] Timestep:         8440 || Speed:  294.6 MC/s (4.399e-02 s/TS) || Energy: ~3.99e-22 (-47.10dB)
[@     6m30s] Timestep:         8536 || Speed:  292.4 MC/s (4.432e-02 s/TS) || Energy: ~4.08e-22 (-47.01dB)
[@     6m34s] Timestep:         8632 || Speed:  284.8 MC/s (4.551e-02 s/TS) || Energy: ~4.09e-22 (-47.00dB)
[@     6m38s] Timestep:         8728 || Speed:  300.3 MC/s (4.316e-02 s/TS) || Energy: ~3.67e-22 (-47.46dB)
[@     6m42s] Timestep:         8824 || Speed:  297.1 MC/s (4.363e-02 s/TS) || Energy: ~3.26e-22 (-47.97dB)
[@     6m47s] Timestep:         8920 || Speed:  300.2 MC/s (4.317e-02 s/TS) || Energy: ~3.03e-22 (-48.30dB)
[@     6m51s] Timestep:         9016 || Speed:  304.1 MC/s (4.262e-02 s/TS) || Energy: ~2.66e-22 (-48.87dB)
[@     6m55s] Timestep:         9112 || Speed:  298.2 MC/s (4.346e-02 s/TS) || Energy: ~2.31e-22 (-49.47dB)
[@     6m59s] Timestep:         9208 || Speed:  296.0 MC/s (4.378e-02 s/TS) || Energy: ~2.22e-22 (-49.64dB)
[@     7m03s] Timestep:         9304 || Speed:  297.0 MC/s (4.364e-02 s/TS) || Energy: ~2.17e-22 (-49.75dB)
[@     7m07s] Timestep:         9400 || Speed:  296.6 MC/s (4.370e-02 s/TS) || Energy: ~1.97e-22 (-50.17dB)
Time for 9400 iterations with 12960304.00 cells : 427.98 sec
Speed: 284.65 MCells/s 
    [excite port 36/40]
 ---------------------------------------------------------------------- 
 | openEMS 64bit -- version v0.37.0-rc1-2-g7b051bb
 | (C) 2010-2026 Thorsten Liebig <thorsten.liebig@gmx.de>  GPL license
 ---------------------------------------------------------------------- 
	Used external libraries:
		CSXCAD -- Version: v0.7.0-rc1-1-g5115701
		hdf5   -- Version: 1.10.10
		          compiled against: HDF5 library version: 1.10.10
		tinyxml -- compiled against: 2.6.2
		fparser
		boost  -- compiled against: 1_83
		vtk -- Version: 9.1.0
		       compiled against: 9.1.0

Create FDTD operator (compressed SSE + multi-threading)
FDTD simulation size: 244x196x271 --> 12960304.00 FDTD cells 
FDTD timestep is: 0.00 s; Nyquist rate: 34 timesteps @101891945817.00 Hz
Excitation signal length is: 398 timesteps (0.00s)
Max. number of timesteps: 60000 ( --> 150.75 * Excitation signal length)
Create FDTD engine (compressed SSE + multi-threading)
Running FDTD engine... this may take a while... grab a cup of coffee?!?
[@        4s] Timestep:           40 || Speed:  116.0 MC/s (1.117e-01 s/TS) || Energy: ~4.81e-24 (- 0.00dB)
[@        8s] Timestep:          104 || Speed:  193.9 MC/s (6.682e-02 s/TS) || Energy: ~1.02e-20 (- 0.00dB)
[@       13s] Timestep:          184 || Speed:  235.3 MC/s (5.507e-02 s/TS) || Energy: ~4.02e-18 (- 0.00dB)
[@       17s] Timestep:          272 || Speed:  265.4 MC/s (4.883e-02 s/TS) || Energy: ~1.73e-17 (- 0.00dB)
[@       21s] Timestep:          368 || Speed:  286.1 MC/s (4.530e-02 s/TS) || Energy: ~1.62e-17 (- 0.29dB)
[@       25s] Timestep:          464 || Speed:  298.0 MC/s (4.349e-02 s/TS) || Energy: ~1.24e-17 (- 1.46dB)
[@       30s] Timestep:          560 || Speed:  301.7 MC/s (4.296e-02 s/TS) || Energy: ~9.97e-18 (- 2.39dB)
[@       34s] Timestep:          656 || Speed:  300.1 MC/s (4.319e-02 s/TS) || Energy: ~7.92e-18 (- 3.39dB)
Multithreaded Engine: Best performance found using 7 threads.
[@       38s] Timestep:          752 || Speed:  300.7 MC/s (4.311e-02 s/TS) || Energy: ~5.57e-18 (- 4.92dB)
[@       42s] Timestep:          848 || Speed:  302.0 MC/s (4.292e-02 s/TS) || Energy: ~4.81e-18 (- 5.56dB)
[@       46s] Timestep:          944 || Speed:  304.4 MC/s (4.257e-02 s/TS) || Energy: ~4.06e-18 (- 6.29dB)
[@       50s] Timestep:         1040 || Speed:  302.3 MC/s (4.287e-02 s/TS) || Energy: ~3.57e-18 (- 6.85dB)
[@       54s] Timestep:         1136 || Speed:  301.2 MC/s (4.303e-02 s/TS) || Energy: ~3.02e-18 (- 7.57dB)
[@       58s] Timestep:         1232 || Speed:  301.6 MC/s (4.297e-02 s/TS) || Energy: ~2.33e-18 (- 8.71dB)
[@     1m02s] Timestep:         1320 || Speed:  283.9 MC/s (4.565e-02 s/TS) || Energy: ~1.89e-18 (- 9.61dB)
[@     1m07s] Timestep:         1392 || Speed:  216.6 MC/s (5.984e-02 s/TS) || Energy: ~1.72e-18 (-10.02dB)
[@     1m11s] Timestep:         1464 || Speed:  219.6 MC/s (5.903e-02 s/TS) || Energy: ~1.51e-18 (-10.60dB)
[@     1m15s] Timestep:         1544 || Speed:  256.1 MC/s (5.061e-02 s/TS) || Energy: ~1.29e-18 (-11.26dB)
[@     1m19s] Timestep:         1608 || Speed:  203.1 MC/s (6.382e-02 s/TS) || Energy: ~1.24e-18 (-11.43dB)
[@     1m24s] Timestep:         1672 || Speed:  190.5 MC/s (6.803e-02 s/TS) || Energy: ~1.11e-18 (-11.92dB)
[@     1m28s] Timestep:         1752 || Speed:  237.6 MC/s (5.455e-02 s/TS) || Energy: ~9.34e-19 (-12.67dB)
[@     1m32s] Timestep:         1832 || Speed:  250.8 MC/s (5.168e-02 s/TS) || Energy: ~8.63e-19 (-13.01dB)
[@     1m36s] Timestep:         1912 || Speed:  249.7 MC/s (5.191e-02 s/TS) || Energy: ~7.36e-19 (-13.71dB)
[@     1m40s] Timestep:         1992 || Speed:  245.4 MC/s (5.282e-02 s/TS) || Energy: ~6.62e-19 (-14.17dB)
[@     1m45s] Timestep:         2072 || Speed:  247.8 MC/s (5.230e-02 s/TS) || Energy: ~5.99e-19 (-14.60dB)
[@     1m49s] Timestep:         2152 || Speed:  240.1 MC/s (5.398e-02 s/TS) || Energy: ~5.24e-19 (-15.18dB)
[@     1m53s] Timestep:         2232 || Speed:  242.5 MC/s (5.345e-02 s/TS) || Energy: ~4.93e-19 (-15.44dB)
[@     1m57s] Timestep:         2312 || Speed:  243.2 MC/s (5.330e-02 s/TS) || Energy: ~4.12e-19 (-16.23dB)
[@     2m01s] Timestep:         2392 || Speed:  257.5 MC/s (5.033e-02 s/TS) || Energy: ~4.11e-19 (-16.24dB)
[@     2m06s] Timestep:         2480 || Speed:  260.9 MC/s (4.968e-02 s/TS) || Energy: ~3.17e-19 (-17.36dB)
[@     2m10s] Timestep:         2568 || Speed:  264.4 MC/s (4.901e-02 s/TS) || Energy: ~3.13e-19 (-17.42dB)
[@     2m14s] Timestep:         2656 || Speed:  279.0 MC/s (4.645e-02 s/TS) || Energy: ~2.99e-19 (-17.61dB)
[@     2m18s] Timestep:         2744 || Speed:  271.0 MC/s (4.782e-02 s/TS) || Energy: ~2.29e-19 (-18.78dB)
[@     2m23s] Timestep:         2832 || Speed:  270.6 MC/s (4.789e-02 s/TS) || Energy: ~2.23e-19 (-18.90dB)
[@     2m27s] Timestep:         2920 || Speed:  276.6 MC/s (4.686e-02 s/TS) || Energy: ~2.30e-19 (-18.76dB)
[@     2m31s] Timestep:         3008 || Speed:  274.4 MC/s (4.724e-02 s/TS) || Energy: ~1.73e-19 (-19.99dB)
[@     2m35s] Timestep:         3096 || Speed:  280.5 MC/s (4.620e-02 s/TS) || Energy: ~1.49e-19 (-20.63dB)
[@     2m39s] Timestep:         3192 || Speed:  290.3 MC/s (4.465e-02 s/TS) || Energy: ~1.48e-19 (-20.68dB)
[@     2m43s] Timestep:         3280 || Speed:  283.5 MC/s (4.572e-02 s/TS) || Energy: ~1.44e-19 (-20.80dB)
[@     2m47s] Timestep:         3368 || Speed:  277.7 MC/s (4.667e-02 s/TS) || Energy: ~1.05e-19 (-22.18dB)
[@     2m52s] Timestep:         3464 || Speed:  286.9 MC/s (4.517e-02 s/TS) || Energy: ~9.62e-20 (-22.54dB)
[@     2m56s] Timestep:         3552 || Speed:  279.0 MC/s (4.646e-02 s/TS) || Energy: ~1.09e-19 (-22.01dB)
[@     3m00s] Timestep:         3640 || Speed:  283.7 MC/s (4.568e-02 s/TS) || Energy: ~9.03e-20 (-22.82dB)
[@     3m04s] Timestep:         3736 || Speed:  286.4 MC/s (4.525e-02 s/TS) || Energy: ~7.20e-20 (-23.80dB)
[@     3m08s] Timestep:         3824 || Speed:  280.0 MC/s (4.629e-02 s/TS) || Energy: ~6.90e-20 (-23.99dB)
[@     3m13s] Timestep:         3912 || Speed:  265.1 MC/s (4.890e-02 s/TS) || Energy: ~7.87e-20 (-23.42dB)
[@     3m17s] Timestep:         4008 || Speed:  287.6 MC/s (4.506e-02 s/TS) || Energy: ~6.57e-20 (-24.20dB)
[@     3m21s] Timestep:         4096 || Speed:  277.1 MC/s (4.678e-02 s/TS) || Energy: ~4.60e-20 (-25.75dB)
[@     3m25s] Timestep:         4184 || Speed:  274.9 MC/s (4.714e-02 s/TS) || Energy: ~5.17e-20 (-25.24dB)
[@     3m29s] Timestep:         4272 || Speed:  278.2 MC/s (4.658e-02 s/TS) || Energy: ~5.45e-20 (-25.01dB)
[@     3m33s] Timestep:         4360 || Speed:  284.3 MC/s (4.559e-02 s/TS) || Energy: ~3.64e-20 (-26.76dB)
[@     3m37s] Timestep:         4448 || Speed:  285.1 MC/s (4.547e-02 s/TS) || Energy: ~3.44e-20 (-27.01dB)
[@     3m42s] Timestep:         4544 || Speed:  288.7 MC/s (4.489e-02 s/TS) || Energy: ~3.85e-20 (-26.52dB)
[@     3m46s] Timestep:         4640 || Speed:  287.6 MC/s (4.506e-02 s/TS) || Energy: ~3.83e-20 (-26.54dB)
[@     3m50s] Timestep:         4736 || Speed:  288.3 MC/s (4.495e-02 s/TS) || Energy: ~3.27e-20 (-27.23dB)
[@     3m54s] Timestep:         4824 || Speed:  278.3 MC/s (4.656e-02 s/TS) || Energy: ~2.24e-20 (-28.87dB)
[@     3m59s] Timestep:         4920 || Speed:  290.0 MC/s (4.469e-02 s/TS) || Energy: ~2.12e-20 (-29.12dB)
[@     4m03s] Timestep:         5008 || Speed:  283.0 MC/s (4.580e-02 s/TS) || Energy: ~2.61e-20 (-28.21dB)
[@     4m07s] Timestep:         5104 || Speed:  298.3 MC/s (4.345e-02 s/TS) || Energy: ~2.43e-20 (-28.53dB)
[@     4m11s] Timestep:         5200 || Speed:  296.0 MC/s (4.379e-02 s/TS) || Energy: ~1.98e-20 (-29.41dB)
[@     4m15s] Timestep:         5296 || Speed:  299.5 MC/s (4.327e-02 s/TS) || Energy: ~1.54e-20 (-30.49dB)
[@     4m19s] Timestep:         5392 || Speed:  299.1 MC/s (4.333e-02 s/TS) || Energy: ~1.33e-20 (-31.13dB)
[@     4m24s] Timestep:         5488 || Speed:  298.3 MC/s (4.345e-02 s/TS) || Energy: ~1.33e-20 (-31.14dB)
[@     4m28s] Timestep:         5584 || Speed:  298.1 MC/s (4.347e-02 s/TS) || Energy: ~1.40e-20 (-30.90dB)
[@     4m32s] Timestep:         5672 || Speed:  279.4 MC/s (4.638e-02 s/TS) || Energy: ~1.36e-20 (-31.04dB)
[@     4m36s] Timestep:         5768 || Speed:  297.5 MC/s (4.357e-02 s/TS) || Energy: ~1.10e-20 (-31.96dB)
[@     4m40s] Timestep:         5864 || Speed:  294.5 MC/s (4.400e-02 s/TS) || Energy: ~8.96e-21 (-32.85dB)
[@     4m44s] Timestep:         5960 || Speed:  296.4 MC/s (4.373e-02 s/TS) || Energy: ~8.13e-21 (-33.27dB)
[@     4m49s] Timestep:         6056 || Speed:  290.3 MC/s (4.465e-02 s/TS) || Energy: ~8.31e-21 (-33.18dB)
[@     4m53s] Timestep:         6152 || Speed:  292.6 MC/s (4.430e-02 s/TS) || Energy: ~8.70e-21 (-32.98dB)
[@     4m57s] Timestep:         6248 || Speed:  294.3 MC/s (4.403e-02 s/TS) || Energy: ~8.39e-21 (-33.14dB)
[@     5m01s] Timestep:         6344 || Speed:  295.7 MC/s (4.384e-02 s/TS) || Energy: ~6.99e-21 (-33.93dB)
[@     5m06s] Timestep:         6440 || Speed:  298.5 MC/s (4.342e-02 s/TS) || Energy: ~5.65e-21 (-34.85dB)
[@     5m10s] Timestep:         6536 || Speed:  300.1 MC/s (4.319e-02 s/TS) || Energy: ~5.09e-21 (-35.31dB)
[@     5m14s] Timestep:         6632 || Speed:  298.5 MC/s (4.341e-02 s/TS) || Energy: ~4.82e-21 (-35.54dB)
[@     5m18s] Timestep:         6728 || Speed:  301.1 MC/s (4.304e-02 s/TS) || Energy: ~4.59e-21 (-35.75dB)
[@     5m22s] Timestep:         6824 || Speed:  303.2 MC/s (4.274e-02 s/TS) || Energy: ~4.59e-21 (-35.76dB)
[@     5m26s] Timestep:         6920 || Speed:  302.9 MC/s (4.278e-02 s/TS) || Energy: ~4.36e-21 (-35.98dB)
[@     5m30s] Timestep:         7016 || Speed:  303.6 MC/s (4.269e-02 s/TS) || Energy: ~3.78e-21 (-36.60dB)
[@     5m34s] Timestep:         7112 || Speed:  301.8 MC/s (4.295e-02 s/TS) || Energy: ~3.25e-21 (-37.26dB)
[@     5m38s] Timestep:         7208 || Speed:  304.2 MC/s (4.260e-02 s/TS) || Energy: ~2.92e-21 (-37.72dB)
[@     5m43s] Timestep:         7304 || Speed:  300.4 MC/s (4.314e-02 s/TS) || Energy: ~2.62e-21 (-38.19dB)
[@     5m47s] Timestep:         7400 || Speed:  301.1 MC/s (4.304e-02 s/TS) || Energy: ~2.50e-21 (-38.40dB)
[@     5m51s] Timestep:         7496 || Speed:  301.8 MC/s (4.294e-02 s/TS) || Energy: ~2.47e-21 (-38.44dB)
[@     5m55s] Timestep:         7592 || Speed:  298.0 MC/s (4.350e-02 s/TS) || Energy: ~2.32e-21 (-38.73dB)
[@     5m59s] Timestep:         7688 || Speed:  303.1 MC/s (4.276e-02 s/TS) || Energy: ~2.06e-21 (-39.24dB)
[@     6m03s] Timestep:         7784 || Speed:  302.9 MC/s (4.279e-02 s/TS) || Energy: ~1.86e-21 (-39.69dB)
[@     6m07s] Timestep:         7880 || Speed:  302.2 MC/s (4.288e-02 s/TS) || Energy: ~1.66e-21 (-40.17dB)
[@     6m12s] Timestep:         7976 || Speed:  297.6 MC/s (4.354e-02 s/TS) || Energy: ~1.46e-21 (-40.74dB)
[@     6m16s] Timestep:         8072 || Speed:  302.3 MC/s (4.288e-02 s/TS) || Energy: ~1.33e-21 (-41.15dB)
[@     6m20s] Timestep:         8168 || Speed:  301.7 MC/s (4.295e-02 s/TS) || Energy: ~1.29e-21 (-41.29dB)
[@     6m24s] Timestep:         8264 || Speed:  301.0 MC/s (4.306e-02 s/TS) || Energy: ~1.25e-21 (-41.40dB)
[@     6m28s] Timestep:         8360 || Speed:  303.6 MC/s (4.268e-02 s/TS) || Energy: ~1.17e-21 (-41.68dB)
[@     6m32s] Timestep:         8456 || Speed:  303.3 MC/s (4.273e-02 s/TS) || Energy: ~1.04e-21 (-42.19dB)
[@     6m36s] Timestep:         8552 || Speed:  302.0 MC/s (4.292e-02 s/TS) || Energy: ~9.15e-22 (-42.76dB)
[@     6m40s] Timestep:         8648 || Speed:  301.3 MC/s (4.302e-02 s/TS) || Energy: ~8.01e-22 (-43.34dB)
[@     6m45s] Timestep:         8744 || Speed:  298.8 MC/s (4.338e-02 s/TS) || Energy: ~6.99e-22 (-43.93dB)
[@     6m49s] Timestep:         8840 || Speed:  300.1 MC/s (4.319e-02 s/TS) || Energy: ~6.68e-22 (-44.13dB)
[@     6m53s] Timestep:         8936 || Speed:  301.8 MC/s (4.295e-02 s/TS) || Energy: ~6.92e-22 (-43.98dB)
[@     6m57s] Timestep:         9032 || Speed:  301.4 MC/s (4.300e-02 s/TS) || Energy: ~6.75e-22 (-44.08dB)
[@     7m01s] Timestep:         9128 || Speed:  302.5 MC/s (4.285e-02 s/TS) || Energy: ~5.78e-22 (-44.76dB)
[@     7m05s] Timestep:         9224 || Speed:  304.9 MC/s (4.251e-02 s/TS) || Energy: ~4.78e-22 (-45.58dB)
[@     7m09s] Timestep:         9320 || Speed:  298.0 MC/s (4.349e-02 s/TS) || Energy: ~4.26e-22 (-46.08dB)
[@     7m13s] Timestep:         9416 || Speed:  299.2 MC/s (4.332e-02 s/TS) || Energy: ~3.98e-22 (-46.38dB)
[@     7m18s] Timestep:         9512 || Speed:  298.7 MC/s (4.338e-02 s/TS) || Energy: ~3.71e-22 (-46.68dB)
[@     7m22s] Timestep:         9608 || Speed:  302.2 MC/s (4.288e-02 s/TS) || Energy: ~3.69e-22 (-46.70dB)
[@     7m26s] Timestep:         9704 || Speed:  301.8 MC/s (4.294e-02 s/TS) || Energy: ~3.67e-22 (-46.73dB)
[@     7m30s] Timestep:         9800 || Speed:  302.7 MC/s (4.281e-02 s/TS) || Energy: ~3.23e-22 (-47.28dB)
[@     7m34s] Timestep:         9896 || Speed:  302.5 MC/s (4.284e-02 s/TS) || Energy: ~2.62e-22 (-48.20dB)
[@     7m38s] Timestep:         9992 || Speed:  301.3 MC/s (4.301e-02 s/TS) || Energy: ~2.28e-22 (-48.79dB)
[@     7m42s] Timestep:        10088 || Speed:  300.2 MC/s (4.317e-02 s/TS) || Energy: ~2.18e-22 (-48.98dB)
[@     7m47s] Timestep:        10184 || Speed:  302.1 MC/s (4.291e-02 s/TS) || Energy: ~2.11e-22 (-49.13dB)
[@     7m51s] Timestep:        10280 || Speed:  302.3 MC/s (4.287e-02 s/TS) || Energy: ~2.04e-22 (-49.28dB)
[@     7m55s] Timestep:        10376 || Speed:  299.7 MC/s (4.325e-02 s/TS) || Energy: ~1.95e-22 (-49.47dB)
[@     7m59s] Timestep:        10472 || Speed:  300.5 MC/s (4.313e-02 s/TS) || Energy: ~1.74e-22 (-49.96dB)
[@     8m03s] Timestep:        10568 || Speed:  301.4 MC/s (4.301e-02 s/TS) || Energy: ~1.47e-22 (-50.70dB)
Time for 10568 iterations with 12960304.00 cells : 483.55 sec
Speed: 283.25 MCells/s 
    [excite port 37/40]
 ---------------------------------------------------------------------- 
 | openEMS 64bit -- version v0.37.0-rc1-2-g7b051bb
 | (C) 2010-2026 Thorsten Liebig <thorsten.liebig@gmx.de>  GPL license
 ---------------------------------------------------------------------- 
	Used external libraries:
		CSXCAD -- Version: v0.7.0-rc1-1-g5115701
		hdf5   -- Version: 1.10.10
		          compiled against: HDF5 library version: 1.10.10
		tinyxml -- compiled against: 2.6.2
		fparser
		boost  -- compiled against: 1_83
		vtk -- Version: 9.1.0
		       compiled against: 9.1.0

Create FDTD operator (compressed SSE + multi-threading)
FDTD simulation size: 244x196x271 --> 12960304.00 FDTD cells 
FDTD timestep is: 0.00 s; Nyquist rate: 34 timesteps @101891945817.00 Hz
Excitation signal length is: 398 timesteps (0.00s)
Max. number of timesteps: 60000 ( --> 150.75 * Excitation signal length)
Create FDTD engine (compressed SSE + multi-threading)
Running FDTD engine... this may take a while... grab a cup of coffee?!?
[@        4s] Timestep:           40 || Speed:  115.7 MC/s (1.120e-01 s/TS) || Energy: ~5.03e-24 (- 0.00dB)
[@        8s] Timestep:          104 || Speed:  195.7 MC/s (6.623e-02 s/TS) || Energy: ~1.07e-20 (- 0.00dB)
[@       13s] Timestep:          184 || Speed:  235.6 MC/s (5.501e-02 s/TS) || Energy: ~4.27e-18 (- 0.00dB)
[@       17s] Timestep:          272 || Speed:  264.4 MC/s (4.901e-02 s/TS) || Energy: ~1.78e-17 (- 0.00dB)
[@       21s] Timestep:          360 || Speed:  284.9 MC/s (4.549e-02 s/TS) || Energy: ~1.72e-17 (- 0.15dB)
[@       25s] Timestep:          456 || Speed:  298.4 MC/s (4.344e-02 s/TS) || Energy: ~1.25e-17 (- 1.52dB)
[@       29s] Timestep:          552 || Speed:  287.6 MC/s (4.506e-02 s/TS) || Energy: ~1.01e-17 (- 2.44dB)
Multithreaded Engine: Best performance found using 6 threads.
[@       34s] Timestep:          648 || Speed:  296.5 MC/s (4.371e-02 s/TS) || Energy: ~7.77e-18 (- 3.60dB)
[@       38s] Timestep:          744 || Speed:  295.9 MC/s (4.379e-02 s/TS) || Energy: ~5.54e-18 (- 5.07dB)
[@       42s] Timestep:          840 || Speed:  294.4 MC/s (4.402e-02 s/TS) || Energy: ~4.32e-18 (- 6.15dB)
[@       46s] Timestep:          936 || Speed:  297.1 MC/s (4.362e-02 s/TS) || Energy: ~3.27e-18 (- 7.35dB)
[@       50s] Timestep:         1032 || Speed:  298.8 MC/s (4.338e-02 s/TS) || Energy: ~2.80e-18 (- 8.03dB)
[@       55s] Timestep:         1128 || Speed:  296.5 MC/s (4.371e-02 s/TS) || Energy: ~2.44e-18 (- 8.63dB)
[@       59s] Timestep:         1224 || Speed:  296.9 MC/s (4.366e-02 s/TS) || Energy: ~1.94e-18 (- 9.62dB)
[@     1m03s] Timestep:         1320 || Speed:  296.6 MC/s (4.370e-02 s/TS) || Energy: ~1.55e-18 (-10.59dB)
[@     1m07s] Timestep:         1416 || Speed:  291.7 MC/s (4.444e-02 s/TS) || Energy: ~1.31e-18 (-11.32dB)
[@     1m12s] Timestep:         1512 || Speed:  289.1 MC/s (4.483e-02 s/TS) || Energy: ~1.10e-18 (-12.11dB)
[@     1m16s] Timestep:         1608 || Speed:  294.2 MC/s (4.406e-02 s/TS) || Energy: ~9.07e-19 (-12.93dB)
[@     1m20s] Timestep:         1704 || Speed:  296.0 MC/s (4.378e-02 s/TS) || Energy: ~7.56e-19 (-13.72dB)
[@     1m24s] Timestep:         1800 || Speed:  298.8 MC/s (4.338e-02 s/TS) || Energy: ~6.98e-19 (-14.06dB)
[@     1m28s] Timestep:         1896 || Speed:  298.7 MC/s (4.338e-02 s/TS) || Energy: ~6.79e-19 (-14.18dB)
[@     1m33s] Timestep:         1992 || Speed:  297.9 MC/s (4.350e-02 s/TS) || Energy: ~5.68e-19 (-14.96dB)
[@     1m37s] Timestep:         2088 || Speed:  294.4 MC/s (4.402e-02 s/TS) || Energy: ~4.62e-19 (-15.86dB)
[@     1m41s] Timestep:         2184 || Speed:  296.9 MC/s (4.365e-02 s/TS) || Energy: ~3.71e-19 (-16.81dB)
[@     1m45s] Timestep:         2280 || Speed:  297.1 MC/s (4.362e-02 s/TS) || Energy: ~3.19e-19 (-17.47dB)
[@     1m49s] Timestep:         2376 || Speed:  298.7 MC/s (4.340e-02 s/TS) || Energy: ~3.14e-19 (-17.54dB)
[@     1m53s] Timestep:         2472 || Speed:  296.1 MC/s (4.377e-02 s/TS) || Energy: ~3.13e-19 (-17.55dB)
[@     1m58s] Timestep:         2568 || Speed:  300.0 MC/s (4.321e-02 s/TS) || Energy: ~2.74e-19 (-18.12dB)
[@     2m02s] Timestep:         2664 || Speed:  298.3 MC/s (4.345e-02 s/TS) || Energy: ~2.30e-19 (-18.88dB)
[@     2m06s] Timestep:         2760 || Speed:  297.2 MC/s (4.361e-02 s/TS) || Energy: ~1.88e-19 (-19.77dB)
[@     2m10s] Timestep:         2856 || Speed:  296.9 MC/s (4.365e-02 s/TS) || Energy: ~1.53e-19 (-20.66dB)
[@     2m14s] Timestep:         2952 || Speed:  297.3 MC/s (4.360e-02 s/TS) || Energy: ~1.41e-19 (-21.00dB)
[@     2m19s] Timestep:         3048 || Speed:  294.4 MC/s (4.402e-02 s/TS) || Energy: ~1.43e-19 (-20.96dB)
[@     2m23s] Timestep:         3144 || Speed:  299.9 MC/s (4.322e-02 s/TS) || Energy: ~1.40e-19 (-21.06dB)
[@     2m27s] Timestep:         3240 || Speed:  297.7 MC/s (4.353e-02 s/TS) || Energy: ~1.20e-19 (-21.71dB)
[@     2m31s] Timestep:         3336 || Speed:  298.1 MC/s (4.348e-02 s/TS) || Energy: ~9.30e-20 (-22.82dB)
[@     2m35s] Timestep:         3432 || Speed:  299.8 MC/s (4.323e-02 s/TS) || Energy: ~7.76e-20 (-23.60dB)
[@     2m39s] Timestep:         3528 || Speed:  296.0 MC/s (4.379e-02 s/TS) || Energy: ~7.28e-20 (-23.89dB)
[@     2m44s] Timestep:         3624 || Speed:  297.3 MC/s (4.360e-02 s/TS) || Energy: ~6.90e-20 (-24.12dB)
[@     2m48s] Timestep:         3720 || Speed:  299.1 MC/s (4.333e-02 s/TS) || Energy: ~6.59e-20 (-24.32dB)
[@     2m52s] Timestep:         3816 || Speed:  297.6 MC/s (4.355e-02 s/TS) || Energy: ~6.13e-20 (-24.63dB)
[@     2m56s] Timestep:         3912 || Speed:  297.9 MC/s (4.350e-02 s/TS) || Energy: ~5.09e-20 (-25.43dB)
[@     3m00s] Timestep:         4008 || Speed:  295.5 MC/s (4.385e-02 s/TS) || Energy: ~4.04e-20 (-26.44dB)
[@     3m05s] Timestep:         4104 || Speed:  298.6 MC/s (4.341e-02 s/TS) || Energy: ~3.53e-20 (-27.02dB)
[@     3m09s] Timestep:         4200 || Speed:  297.2 MC/s (4.361e-02 s/TS) || Energy: ~3.52e-20 (-27.04dB)
[@     3m13s] Timestep:         4296 || Speed:  300.3 MC/s (4.316e-02 s/TS) || Energy: ~3.50e-20 (-27.07dB)
[@     3m17s] Timestep:         4392 || Speed:  299.3 MC/s (4.330e-02 s/TS) || Energy: ~3.16e-20 (-27.51dB)
[@     3m21s] Timestep:         4488 || Speed:  298.0 MC/s (4.350e-02 s/TS) || Energy: ~2.65e-20 (-28.27dB)
[@     3m25s] Timestep:         4584 || Speed:  297.8 MC/s (4.353e-02 s/TS) || Energy: ~2.19e-20 (-29.10dB)
[@     3m30s] Timestep:         4680 || Speed:  299.0 MC/s (4.334e-02 s/TS) || Energy: ~1.94e-20 (-29.63dB)
[@     3m34s] Timestep:         4776 || Speed:  297.7 MC/s (4.353e-02 s/TS) || Energy: ~1.80e-20 (-29.95dB)
[@     3m38s] Timestep:         4872 || Speed:  297.3 MC/s (4.360e-02 s/TS) || Energy: ~1.70e-20 (-30.21dB)
[@     3m42s] Timestep:         4968 || Speed:  300.2 MC/s (4.318e-02 s/TS) || Energy: ~1.61e-20 (-30.44dB)
[@     3m46s] Timestep:         5064 || Speed:  299.7 MC/s (4.324e-02 s/TS) || Energy: ~1.47e-20 (-30.84dB)
[@     3m50s] Timestep:         5160 || Speed:  295.1 MC/s (4.392e-02 s/TS) || Energy: ~1.20e-20 (-31.71dB)
[@     3m55s] Timestep:         5256 || Speed:  295.8 MC/s (4.382e-02 s/TS) || Energy: ~1.02e-20 (-32.44dB)
[@     3m59s] Timestep:         5352 || Speed:  297.5 MC/s (4.357e-02 s/TS) || Energy: ~9.79e-21 (-32.60dB)
[@     4m03s] Timestep:         5448 || Speed:  298.5 MC/s (4.342e-02 s/TS) || Energy: ~9.10e-21 (-32.91dB)
[@     4m07s] Timestep:         5544 || Speed:  296.4 MC/s (4.372e-02 s/TS) || Energy: ~8.10e-21 (-33.42dB)
[@     4m11s] Timestep:         5640 || Speed:  289.0 MC/s (4.484e-02 s/TS) || Energy: ~7.29e-21 (-33.88dB)
[@     4m16s] Timestep:         5736 || Speed:  296.7 MC/s (4.368e-02 s/TS) || Energy: ~6.53e-21 (-34.35dB)
[@     4m20s] Timestep:         5832 || Speed:  293.2 MC/s (4.420e-02 s/TS) || Energy: ~5.98e-21 (-34.74dB)
[@     4m24s] Timestep:         5928 || Speed:  299.2 MC/s (4.332e-02 s/TS) || Energy: ~5.51e-21 (-35.09dB)
[@     4m28s] Timestep:         6024 || Speed:  298.2 MC/s (4.346e-02 s/TS) || Energy: ~4.88e-21 (-35.62dB)
[@     4m32s] Timestep:         6120 || Speed:  295.5 MC/s (4.385e-02 s/TS) || Energy: ~4.35e-21 (-36.12dB)
[@     4m37s] Timestep:         6216 || Speed:  298.1 MC/s (4.348e-02 s/TS) || Energy: ~3.87e-21 (-36.62dB)
[@     4m41s] Timestep:         6312 || Speed:  288.6 MC/s (4.490e-02 s/TS) || Energy: ~3.35e-21 (-37.25dB)
[@     4m45s] Timestep:         6408 || Speed:  293.4 MC/s (4.418e-02 s/TS) || Energy: ~3.17e-21 (-37.50dB)
[@     4m49s] Timestep:         6504 || Speed:  298.8 MC/s (4.337e-02 s/TS) || Energy: ~3.14e-21 (-37.54dB)
[@     4m54s] Timestep:         6600 || Speed:  297.1 MC/s (4.362e-02 s/TS) || Energy: ~2.88e-21 (-37.92dB)
[@     4m58s] Timestep:         6696 || Speed:  296.8 MC/s (4.367e-02 s/TS) || Energy: ~2.41e-21 (-38.68dB)
[@     5m02s] Timestep:         6792 || Speed:  295.8 MC/s (4.382e-02 s/TS) || Energy: ~2.05e-21 (-39.39dB)
[@     5m06s] Timestep:         6888 || Speed:  296.9 MC/s (4.365e-02 s/TS) || Energy: ~1.83e-21 (-39.87dB)
[@     5m10s] Timestep:         6984 || Speed:  297.9 MC/s (4.351e-02 s/TS) || Energy: ~1.67e-21 (-40.29dB)
[@     5m14s] Timestep:         7080 || Speed:  297.1 MC/s (4.362e-02 s/TS) || Energy: ~1.59e-21 (-40.48dB)
[@     5m19s] Timestep:         7176 || Speed:  299.6 MC/s (4.326e-02 s/TS) || Energy: ~1.58e-21 (-40.52dB)
[@     5m23s] Timestep:         7272 || Speed:  297.6 MC/s (4.355e-02 s/TS) || Energy: ~1.46e-21 (-40.85dB)
[@     5m27s] Timestep:         7368 || Speed:  295.9 MC/s (4.380e-02 s/TS) || Energy: ~1.20e-21 (-41.73dB)
[@     5m31s] Timestep:         7464 || Speed:  296.4 MC/s (4.373e-02 s/TS) || Energy: ~9.54e-22 (-42.71dB)
[@     5m35s] Timestep:         7560 || Speed:  297.3 MC/s (4.360e-02 s/TS) || Energy: ~8.64e-22 (-43.14dB)
[@     5m40s] Timestep:         7656 || Speed:  296.5 MC/s (4.372e-02 s/TS) || Energy: ~8.63e-22 (-43.14dB)
[@     5m44s] Timestep:         7752 || Speed:  297.9 MC/s (4.350e-02 s/TS) || Energy: ~8.40e-22 (-43.26dB)
[@     5m48s] Timestep:         7848 || Speed:  297.7 MC/s (4.354e-02 s/TS) || Energy: ~7.92e-22 (-43.52dB)
[@     5m52s] Timestep:         7944 || Speed:  297.4 MC/s (4.357e-02 s/TS) || Energy: ~7.03e-22 (-44.03dB)
[@     5m56s] Timestep:         8040 || Speed:  297.1 MC/s (4.363e-02 s/TS) || Energy: ~5.67e-22 (-44.97dB)
[@     6m00s] Timestep:         8136 || Speed:  300.2 MC/s (4.318e-02 s/TS) || Energy: ~4.76e-22 (-45.73dB)
[@     6m05s] Timestep:         8232 || Speed:  297.1 MC/s (4.363e-02 s/TS) || Energy: ~4.62e-22 (-45.86dB)
[@     6m09s] Timestep:         8328 || Speed:  297.1 MC/s (4.363e-02 s/TS) || Energy: ~4.54e-22 (-45.94dB)
[@     6m13s] Timestep:         8424 || Speed:  293.0 MC/s (4.424e-02 s/TS) || Energy: ~4.29e-22 (-46.18dB)
[@     6m17s] Timestep:         8520 || Speed:  298.3 MC/s (4.344e-02 s/TS) || Energy: ~3.93e-22 (-46.56dB)
[@     6m21s] Timestep:         8616 || Speed:  298.0 MC/s (4.350e-02 s/TS) || Energy: ~3.32e-22 (-47.30dB)
[@     6m26s] Timestep:         8712 || Speed:  298.6 MC/s (4.341e-02 s/TS) || Energy: ~2.84e-22 (-47.97dB)
[@     6m30s] Timestep:         8808 || Speed:  295.4 MC/s (4.387e-02 s/TS) || Energy: ~2.69e-22 (-48.21dB)
[@     6m34s] Timestep:         8904 || Speed:  297.3 MC/s (4.360e-02 s/TS) || Energy: ~2.52e-22 (-48.49dB)
[@     6m38s] Timestep:         9000 || Speed:  297.1 MC/s (4.363e-02 s/TS) || Energy: ~2.32e-22 (-48.85dB)
[@     6m42s] Timestep:         9096 || Speed:  297.9 MC/s (4.351e-02 s/TS) || Energy: ~2.19e-22 (-49.10dB)
[@     6m47s] Timestep:         9192 || Speed:  298.0 MC/s (4.349e-02 s/TS) || Energy: ~2.00e-22 (-49.49dB)
[@     6m51s] Timestep:         9288 || Speed:  297.7 MC/s (4.354e-02 s/TS) || Energy: ~1.67e-22 (-50.27dB)
Time for 9288 iterations with 12960304.00 cells : 411.22 sec
Speed: 292.73 MCells/s 
    [excite port 38/40]
 ---------------------------------------------------------------------- 
 | openEMS 64bit -- version v0.37.0-rc1-2-g7b051bb
 | (C) 2010-2026 Thorsten Liebig <thorsten.liebig@gmx.de>  GPL license
 ---------------------------------------------------------------------- 
	Used external libraries:
		CSXCAD -- Version: v0.7.0-rc1-1-g5115701
		hdf5   -- Version: 1.10.10
		          compiled against: HDF5 library version: 1.10.10
		tinyxml -- compiled against: 2.6.2
		fparser
		boost  -- compiled against: 1_83
		vtk -- Version: 9.1.0
		       compiled against: 9.1.0

Create FDTD operator (compressed SSE + multi-threading)
FDTD simulation size: 244x196x271 --> 12960304.00 FDTD cells 
FDTD timestep is: 0.00 s; Nyquist rate: 34 timesteps @101891945817.00 Hz
Excitation signal length is: 398 timesteps (0.00s)
Max. number of timesteps: 60000 ( --> 150.75 * Excitation signal length)
Create FDTD engine (compressed SSE + multi-threading)
Running FDTD engine... this may take a while... grab a cup of coffee?!?
[@        4s] Timestep:           40 || Speed:  117.3 MC/s (1.105e-01 s/TS) || Energy: ~5.03e-24 (- 0.00dB)
[@        8s] Timestep:          104 || Speed:  195.7 MC/s (6.623e-02 s/TS) || Energy: ~1.07e-20 (- 0.00dB)
[@       13s] Timestep:          184 || Speed:  236.7 MC/s (5.475e-02 s/TS) || Energy: ~4.26e-18 (- 0.00dB)
[@       17s] Timestep:          272 || Speed:  263.1 MC/s (4.926e-02 s/TS) || Energy: ~1.79e-17 (- 0.00dB)
[@       21s] Timestep:          360 || Speed:  282.7 MC/s (4.584e-02 s/TS) || Energy: ~1.81e-17 (- 0.00dB)
[@       25s] Timestep:          456 || Speed:  298.2 MC/s (4.347e-02 s/TS) || Energy: ~1.24e-17 (- 1.62dB)
[@       29s] Timestep:          552 || Speed:  303.1 MC/s (4.276e-02 s/TS) || Energy: ~1.00e-17 (- 2.57dB)
[@       33s] Timestep:          648 || Speed:  297.3 MC/s (4.359e-02 s/TS) || Energy: ~7.94e-18 (- 3.57dB)
Multithreaded Engine: Best performance found using 7 threads.
[@       37s] Timestep:          744 || Speed:  303.0 MC/s (4.278e-02 s/TS) || Energy: ~5.62e-18 (- 5.07dB)
[@       42s] Timestep:          840 || Speed:  301.4 MC/s (4.300e-02 s/TS) || Energy: ~3.98e-18 (- 6.57dB)
[@       46s] Timestep:          936 || Speed:  300.9 MC/s (4.308e-02 s/TS) || Energy: ~3.24e-18 (- 7.47dB)
[@       50s] Timestep:         1032 || Speed:  302.2 MC/s (4.288e-02 s/TS) || Energy: ~2.83e-18 (- 8.05dB)
[@       54s] Timestep:         1128 || Speed:  303.0 MC/s (4.278e-02 s/TS) || Energy: ~2.32e-18 (- 8.92dB)
[@       58s] Timestep:         1224 || Speed:  303.5 MC/s (4.270e-02 s/TS) || Energy: ~1.96e-18 (- 9.65dB)
[@     1m02s] Timestep:         1320 || Speed:  300.5 MC/s (4.313e-02 s/TS) || Energy: ~1.51e-18 (-10.79dB)
[@     1m06s] Timestep:         1416 || Speed:  303.8 MC/s (4.266e-02 s/TS) || Energy: ~1.20e-18 (-11.79dB)
[@     1m10s] Timestep:         1512 || Speed:  303.1 MC/s (4.276e-02 s/TS) || Energy: ~1.05e-18 (-12.34dB)
[@     1m15s] Timestep:         1608 || Speed:  301.4 MC/s (4.300e-02 s/TS) || Energy: ~9.00e-19 (-13.03dB)
[@     1m19s] Timestep:         1704 || Speed:  301.4 MC/s (4.299e-02 s/TS) || Energy: ~7.77e-19 (-13.67dB)
[@     1m23s] Timestep:         1800 || Speed:  299.8 MC/s (4.324e-02 s/TS) || Energy: ~7.36e-19 (-13.90dB)
[@     1m27s] Timestep:         1896 || Speed:  305.3 MC/s (4.246e-02 s/TS) || Energy: ~6.70e-19 (-14.31dB)
[@     1m31s] Timestep:         1992 || Speed:  302.2 MC/s (4.289e-02 s/TS) || Energy: ~5.79e-19 (-14.94dB)
[@     1m35s] Timestep:         2088 || Speed:  301.7 MC/s (4.295e-02 s/TS) || Energy: ~4.85e-19 (-15.71dB)
[@     1m39s] Timestep:         2184 || Speed:  302.5 MC/s (4.284e-02 s/TS) || Energy: ~4.17e-19 (-16.37dB)
[@     1m43s] Timestep:         2280 || Speed:  300.8 MC/s (4.309e-02 s/TS) || Energy: ~3.76e-19 (-16.82dB)
[@     1m47s] Timestep:         2376 || Speed:  303.2 MC/s (4.275e-02 s/TS) || Energy: ~3.40e-19 (-17.26dB)
[@     1m52s] Timestep:         2472 || Speed:  302.6 MC/s (4.283e-02 s/TS) || Energy: ~3.15e-19 (-17.59dB)
[@     1m56s] Timestep:         2568 || Speed:  300.8 MC/s (4.308e-02 s/TS) || Energy: ~2.86e-19 (-18.00dB)
[@     2m00s] Timestep:         2664 || Speed:  303.2 MC/s (4.274e-02 s/TS) || Energy: ~2.60e-19 (-18.43dB)
[@     2m04s] Timestep:         2760 || Speed:  299.1 MC/s (4.334e-02 s/TS) || Energy: ~2.23e-19 (-19.09dB)
[@     2m08s] Timestep:         2856 || Speed:  301.9 MC/s (4.292e-02 s/TS) || Energy: ~1.76e-19 (-20.12dB)
[@     2m12s] Timestep:         2952 || Speed:  302.5 MC/s (4.284e-02 s/TS) || Energy: ~1.47e-19 (-20.90dB)
[@     2m16s] Timestep:         3048 || Speed:  298.8 MC/s (4.338e-02 s/TS) || Energy: ~1.45e-19 (-20.95dB)
[@     2m21s] Timestep:         3144 || Speed:  298.0 MC/s (4.350e-02 s/TS) || Energy: ~1.42e-19 (-21.04dB)
[@     2m25s] Timestep:         3240 || Speed:  293.9 MC/s (4.410e-02 s/TS) || Energy: ~1.28e-19 (-21.49dB)
[@     2m29s] Timestep:         3336 || Speed:  288.6 MC/s (4.490e-02 s/TS) || Energy: ~1.16e-19 (-21.92dB)
[@     2m33s] Timestep:         3432 || Speed:  297.9 MC/s (4.350e-02 s/TS) || Energy: ~1.02e-19 (-22.49dB)
[@     2m37s] Timestep:         3528 || Speed:  301.0 MC/s (4.305e-02 s/TS) || Energy: ~7.85e-20 (-23.62dB)
[@     2m42s] Timestep:         3624 || Speed:  299.7 MC/s (4.324e-02 s/TS) || Energy: ~6.31e-20 (-24.57dB)
[@     2m46s] Timestep:         3720 || Speed:  300.8 MC/s (4.308e-02 s/TS) || Energy: ~6.12e-20 (-24.70dB)
[@     2m50s] Timestep:         3816 || Speed:  300.9 MC/s (4.307e-02 s/TS) || Energy: ~6.42e-20 (-24.50dB)
[@     2m54s] Timestep:         3912 || Speed:  299.1 MC/s (4.334e-02 s/TS) || Energy: ~6.01e-20 (-24.78dB)
[@     2m58s] Timestep:         4008 || Speed:  300.9 MC/s (4.308e-02 s/TS) || Energy: ~5.40e-20 (-25.25dB)
[@     3m02s] Timestep:         4104 || Speed:  298.8 MC/s (4.337e-02 s/TS) || Energy: ~4.61e-20 (-25.93dB)
[@     3m06s] Timestep:         4200 || Speed:  303.4 MC/s (4.272e-02 s/TS) || Energy: ~3.54e-20 (-27.08dB)
[@     3m11s] Timestep:         4296 || Speed:  302.8 MC/s (4.280e-02 s/TS) || Energy: ~2.96e-20 (-27.86dB)
[@     3m15s] Timestep:         4392 || Speed:  304.3 MC/s (4.259e-02 s/TS) || Energy: ~2.92e-20 (-27.92dB)
[@     3m19s] Timestep:         4488 || Speed:  302.3 MC/s (4.287e-02 s/TS) || Energy: ~2.98e-20 (-27.83dB)
[@     3m23s] Timestep:         4584 || Speed:  297.2 MC/s (4.360e-02 s/TS) || Energy: ~2.82e-20 (-28.08dB)
[@     3m27s] Timestep:         4680 || Speed:  298.9 MC/s (4.336e-02 s/TS) || Energy: ~2.44e-20 (-28.70dB)
[@     3m31s] Timestep:         4776 || Speed:  301.3 MC/s (4.301e-02 s/TS) || Energy: ~2.03e-20 (-29.50dB)
[@     3m35s] Timestep:         4872 || Speed:  299.4 MC/s (4.329e-02 s/TS) || Energy: ~1.71e-20 (-30.23dB)
[@     3m39s] Timestep:         4968 || Speed:  302.3 MC/s (4.287e-02 s/TS) || Energy: ~1.51e-20 (-30.78dB)
[@     3m44s] Timestep:         5064 || Speed:  301.0 MC/s (4.306e-02 s/TS) || Energy: ~1.43e-20 (-31.02dB)
[@     3m48s] Timestep:         5160 || Speed:  301.8 MC/s (4.294e-02 s/TS) || Energy: ~1.43e-20 (-31.01dB)
[@     3m52s] Timestep:         5256 || Speed:  298.7 MC/s (4.339e-02 s/TS) || Energy: ~1.33e-20 (-31.34dB)
[@     3m56s] Timestep:         5352 || Speed:  294.4 MC/s (4.402e-02 s/TS) || Energy: ~1.11e-20 (-32.13dB)
[@     4m00s] Timestep:         5448 || Speed:  301.3 MC/s (4.302e-02 s/TS) || Energy: ~9.17e-21 (-32.95dB)
[@     4m04s] Timestep:         5536 || Speed:  282.0 MC/s (4.596e-02 s/TS) || Energy: ~8.60e-21 (-33.23dB)
[@     4m08s] Timestep:         5624 || Speed:  278.7 MC/s (4.650e-02 s/TS) || Energy: ~8.72e-21 (-33.16dB)
[@     4m13s] Timestep:         5720 || Speed:  286.2 MC/s (4.529e-02 s/TS) || Energy: ~7.92e-21 (-33.59dB)
[@     4m17s] Timestep:         5816 || Speed:  302.3 MC/s (4.288e-02 s/TS) || Energy: ~6.55e-21 (-34.41dB)
[@     4m21s] Timestep:         5912 || Speed:  287.2 MC/s (4.513e-02 s/TS) || Energy: ~5.48e-21 (-35.18dB)
[@     4m25s] Timestep:         6008 || Speed:  290.9 MC/s (4.455e-02 s/TS) || Energy: ~5.35e-21 (-35.28dB)
[@     4m30s] Timestep:         6104 || Speed:  296.5 MC/s (4.371e-02 s/TS) || Energy: ~5.30e-21 (-35.33dB)
[@     4m34s] Timestep:         6200 || Speed:  286.4 MC/s (4.526e-02 s/TS) || Energy: ~4.67e-21 (-35.87dB)
[@     4m38s] Timestep:         6296 || Speed:  298.9 MC/s (4.336e-02 s/TS) || Energy: ~4.04e-21 (-36.50dB)
[@     4m42s] Timestep:         6392 || Speed:  292.9 MC/s (4.425e-02 s/TS) || Energy: ~3.77e-21 (-36.81dB)
[@     4m47s] Timestep:         6488 || Speed:  290.5 MC/s (4.461e-02 s/TS) || Energy: ~3.36e-21 (-37.31dB)
[@     4m51s] Timestep:         6584 || Speed:  298.8 MC/s (4.337e-02 s/TS) || Energy: ~2.83e-21 (-38.06dB)
[@     4m55s] Timestep:         6680 || Speed:  291.6 MC/s (4.445e-02 s/TS) || Energy: ~2.66e-21 (-38.31dB)
[@     4m59s] Timestep:         6768 || Speed:  281.6 MC/s (4.602e-02 s/TS) || Energy: ~2.66e-21 (-38.32dB)
[@     5m03s] Timestep:         6856 || Speed:  281.6 MC/s (4.603e-02 s/TS) || Energy: ~2.34e-21 (-38.87dB)
[@     5m07s] Timestep:         6944 || Speed:  283.0 MC/s (4.580e-02 s/TS) || Energy: ~2.10e-21 (-39.35dB)
[@     5m11s] Timestep:         7040 || Speed:  293.9 MC/s (4.409e-02 s/TS) || Energy: ~1.90e-21 (-39.78dB)
[@     5m16s] Timestep:         7136 || Speed:  291.2 MC/s (4.451e-02 s/TS) || Energy: ~1.79e-21 (-40.04dB)
[@     5m20s] Timestep:         7232 || Speed:  289.7 MC/s (4.474e-02 s/TS) || Energy: ~1.65e-21 (-40.39dB)
[@     5m24s] Timestep:         7328 || Speed:  291.7 MC/s (4.443e-02 s/TS) || Energy: ~1.45e-21 (-40.94dB)
[@     5m29s] Timestep:         7424 || Speed:  290.2 MC/s (4.466e-02 s/TS) || Energy: ~1.31e-21 (-41.41dB)
[@     5m33s] Timestep:         7520 || Speed:  287.3 MC/s (4.510e-02 s/TS) || Energy: ~1.20e-21 (-41.76dB)
[@     5m37s] Timestep:         7608 || Speed:  275.7 MC/s (4.701e-02 s/TS) || Energy: ~1.12e-21 (-42.09dB)
[@     5m41s] Timestep:         7696 || Speed:  270.2 MC/s (4.797e-02 s/TS) || Energy: ~1.04e-21 (-42.40dB)
[@     5m45s] Timestep:         7784 || Speed:  284.4 MC/s (4.556e-02 s/TS) || Energy: ~9.24e-22 (-42.91dB)
[@     5m49s] Timestep:         7872 || Speed:  279.5 MC/s (4.636e-02 s/TS) || Energy: ~7.94e-22 (-43.57dB)
[@     5m54s] Timestep:         7968 || Speed:  286.3 MC/s (4.527e-02 s/TS) || Energy: ~7.47e-22 (-43.84dB)
[@     5m58s] Timestep:         8056 || Speed:  282.6 MC/s (4.587e-02 s/TS) || Energy: ~7.47e-22 (-43.84dB)
[@     6m02s] Timestep:         8152 || Speed:  289.7 MC/s (4.474e-02 s/TS) || Energy: ~6.91e-22 (-44.18dB)
[@     6m06s] Timestep:         8248 || Speed:  298.9 MC/s (4.336e-02 s/TS) || Energy: ~5.87e-22 (-44.88dB)
[@     6m10s] Timestep:         8344 || Speed:  294.1 MC/s (4.407e-02 s/TS) || Energy: ~5.26e-22 (-45.36dB)
[@     6m15s] Timestep:         8440 || Speed:  295.9 MC/s (4.379e-02 s/TS) || Energy: ~4.86e-22 (-45.71dB)
[@     6m19s] Timestep:         8536 || Speed:  298.8 MC/s (4.337e-02 s/TS) || Energy: ~4.27e-22 (-46.27dB)
[@     6m23s] Timestep:         8632 || Speed:  297.2 MC/s (4.360e-02 s/TS) || Energy: ~3.87e-22 (-46.69dB)
[@     6m27s] Timestep:         8728 || Speed:  300.1 MC/s (4.318e-02 s/TS) || Energy: ~3.86e-22 (-46.70dB)
[@     6m31s] Timestep:         8824 || Speed:  301.5 MC/s (4.299e-02 s/TS) || Energy: ~3.68e-22 (-46.91dB)
[@     6m35s] Timestep:         8920 || Speed:  296.8 MC/s (4.367e-02 s/TS) || Energy: ~3.15e-22 (-47.59dB)
[@     6m40s] Timestep:         9016 || Speed:  289.2 MC/s (4.482e-02 s/TS) || Energy: ~2.75e-22 (-48.18dB)
[@     6m44s] Timestep:         9112 || Speed:  285.1 MC/s (4.545e-02 s/TS) || Energy: ~2.59e-22 (-48.45dB)
[@     6m48s] Timestep:         9208 || Speed:  286.3 MC/s (4.526e-02 s/TS) || Energy: ~2.30e-22 (-48.95dB)
[@     6m53s] Timestep:         9304 || Speed:  301.1 MC/s (4.305e-02 s/TS) || Energy: ~2.00e-22 (-49.56dB)
[@     6m57s] Timestep:         9392 || Speed:  274.9 MC/s (4.714e-02 s/TS) || Energy: ~2.00e-22 (-49.56dB)
[@     7m01s] Timestep:         9488 || Speed:  293.4 MC/s (4.418e-02 s/TS) || Energy: ~1.95e-22 (-49.67dB)
[@     7m05s] Timestep:         9584 || Speed:  289.2 MC/s (4.481e-02 s/TS) || Energy: ~1.76e-22 (-50.13dB)
Time for 9584 iterations with 12960304.00 cells : 425.81 sec
Speed: 291.71 MCells/s 
    [excite port 39/40]
 ---------------------------------------------------------------------- 
 | openEMS 64bit -- version v0.37.0-rc1-2-g7b051bb
 | (C) 2010-2026 Thorsten Liebig <thorsten.liebig@gmx.de>  GPL license
 ---------------------------------------------------------------------- 
	Used external libraries:
		CSXCAD -- Version: v0.7.0-rc1-1-g5115701
		hdf5   -- Version: 1.10.10
		          compiled against: HDF5 library version: 1.10.10
		tinyxml -- compiled against: 2.6.2
		fparser
		boost  -- compiled against: 1_83
		vtk -- Version: 9.1.0
		       compiled against: 9.1.0

Create FDTD operator (compressed SSE + multi-threading)
FDTD simulation size: 244x196x271 --> 12960304.00 FDTD cells 
FDTD timestep is: 0.00 s; Nyquist rate: 34 timesteps @101891945817.00 Hz
Excitation signal length is: 398 timesteps (0.00s)
Max. number of timesteps: 60000 ( --> 150.75 * Excitation signal length)
Create FDTD engine (compressed SSE + multi-threading)
Running FDTD engine... this may take a while... grab a cup of coffee?!?
[@        4s] Timestep:           40 || Speed:  112.2 MC/s (1.155e-01 s/TS) || Energy: ~4.79e-24 (- 0.00dB)
[@        8s] Timestep:          104 || Speed:  194.0 MC/s (6.679e-02 s/TS) || Energy: ~1.00e-20 (- 0.00dB)
[@       13s] Timestep:          184 || Speed:  235.3 MC/s (5.509e-02 s/TS) || Energy: ~3.97e-18 (- 0.00dB)
[@       17s] Timestep:          272 || Speed:  260.7 MC/s (4.971e-02 s/TS) || Energy: ~1.68e-17 (- 0.00dB)
[@       21s] Timestep:          360 || Speed:  279.8 MC/s (4.632e-02 s/TS) || Energy: ~1.56e-17 (- 0.31dB)
[@       26s] Timestep:          456 || Speed:  288.0 MC/s (4.500e-02 s/TS) || Energy: ~1.11e-17 (- 1.79dB)
[@       30s] Timestep:          552 || Speed:  294.3 MC/s (4.404e-02 s/TS) || Energy: ~8.43e-18 (- 3.00dB)
[@       34s] Timestep:          648 || Speed:  293.2 MC/s (4.420e-02 s/TS) || Energy: ~6.35e-18 (- 4.23dB)
Multithreaded Engine: Best performance found using 7 threads.
[@       38s] Timestep:          744 || Speed:  289.2 MC/s (4.482e-02 s/TS) || Energy: ~4.30e-18 (- 5.92dB)
[@       43s] Timestep:          840 || Speed:  295.0 MC/s (4.393e-02 s/TS) || Energy: ~3.09e-18 (- 7.36dB)
[@       47s] Timestep:          936 || Speed:  297.9 MC/s (4.350e-02 s/TS) || Energy: ~2.62e-18 (- 8.07dB)
[@       51s] Timestep:         1032 || Speed:  299.5 MC/s (4.327e-02 s/TS) || Energy: ~2.30e-18 (- 8.63dB)
[@       55s] Timestep:         1128 || Speed:  296.0 MC/s (4.378e-02 s/TS) || Energy: ~1.82e-18 (- 9.64dB)
[@       59s] Timestep:         1224 || Speed:  294.4 MC/s (4.402e-02 s/TS) || Energy: ~1.39e-18 (-10.84dB)
[@     1m04s] Timestep:         1320 || Speed:  296.3 MC/s (4.374e-02 s/TS) || Energy: ~1.19e-18 (-11.48dB)
[@     1m08s] Timestep:         1416 || Speed:  298.9 MC/s (4.336e-02 s/TS) || Energy: ~9.80e-19 (-12.34dB)
[@     1m12s] Timestep:         1512 || Speed:  295.2 MC/s (4.391e-02 s/TS) || Energy: ~8.34e-19 (-13.04dB)
[@     1m16s] Timestep:         1608 || Speed:  295.1 MC/s (4.392e-02 s/TS) || Energy: ~6.84e-19 (-13.90dB)
[@     1m20s] Timestep:         1704 || Speed:  300.0 MC/s (4.321e-02 s/TS) || Energy: ~6.15e-19 (-14.37dB)
[@     1m24s] Timestep:         1800 || Speed:  296.7 MC/s (4.368e-02 s/TS) || Energy: ~5.24e-19 (-15.06dB)
[@     1m29s] Timestep:         1896 || Speed:  299.5 MC/s (4.328e-02 s/TS) || Energy: ~4.33e-19 (-15.89dB)
[@     1m33s] Timestep:         1992 || Speed:  306.2 MC/s (4.233e-02 s/TS) || Energy: ~3.74e-19 (-16.52dB)
[@     1m37s] Timestep:         2088 || Speed:  304.3 MC/s (4.259e-02 s/TS) || Energy: ~3.42e-19 (-16.92dB)
[@     1m41s] Timestep:         2184 || Speed:  305.9 MC/s (4.236e-02 s/TS) || Energy: ~3.09e-19 (-17.35dB)
[@     1m45s] Timestep:         2280 || Speed:  303.5 MC/s (4.270e-02 s/TS) || Energy: ~2.52e-19 (-18.25dB)
[@     1m49s] Timestep:         2376 || Speed:  306.1 MC/s (4.234e-02 s/TS) || Energy: ~2.17e-19 (-18.88dB)
[@     1m53s] Timestep:         2472 || Speed:  307.1 MC/s (4.221e-02 s/TS) || Energy: ~1.87e-19 (-19.54dB)
[@     1m57s] Timestep:         2568 || Speed:  303.9 MC/s (4.265e-02 s/TS) || Energy: ~1.60e-19 (-20.21dB)
[@     2m01s] Timestep:         2664 || Speed:  306.1 MC/s (4.235e-02 s/TS) || Energy: ~1.54e-19 (-20.38dB)
[@     2m05s] Timestep:         2760 || Speed:  306.2 MC/s (4.232e-02 s/TS) || Energy: ~1.46e-19 (-20.61dB)
[@     2m09s] Timestep:         2856 || Speed:  306.9 MC/s (4.224e-02 s/TS) || Energy: ~1.30e-19 (-21.11dB)
[@     2m13s] Timestep:         2952 || Speed:  306.5 MC/s (4.229e-02 s/TS) || Energy: ~1.07e-19 (-21.96dB)
[@     2m17s] Timestep:         3048 || Speed:  302.3 MC/s (4.287e-02 s/TS) || Energy: ~8.48e-20 (-22.97dB)
[@     2m22s] Timestep:         3144 || Speed:  302.4 MC/s (4.286e-02 s/TS) || Energy: ~7.02e-20 (-23.79dB)
[@     2m26s] Timestep:         3240 || Speed:  306.0 MC/s (4.235e-02 s/TS) || Energy: ~6.91e-20 (-23.86dB)
[@     2m30s] Timestep:         3336 || Speed:  305.4 MC/s (4.244e-02 s/TS) || Energy: ~7.01e-20 (-23.80dB)
[@     2m34s] Timestep:         3432 || Speed:  306.3 MC/s (4.232e-02 s/TS) || Energy: ~6.81e-20 (-23.92dB)
[@     2m38s] Timestep:         3528 || Speed:  302.9 MC/s (4.279e-02 s/TS) || Energy: ~5.80e-20 (-24.62dB)
[@     2m42s] Timestep:         3624 || Speed:  306.5 MC/s (4.229e-02 s/TS) || Energy: ~4.30e-20 (-25.92dB)
[@     2m46s] Timestep:         3720 || Speed:  304.8 MC/s (4.252e-02 s/TS) || Energy: ~3.45e-20 (-26.88dB)
[@     2m50s] Timestep:         3816 || Speed:  306.1 MC/s (4.233e-02 s/TS) || Energy: ~3.10e-20 (-27.34dB)
[@     2m54s] Timestep:         3912 || Speed:  306.3 MC/s (4.231e-02 s/TS) || Energy: ~3.15e-20 (-27.27dB)
[@     2m58s] Timestep:         4008 || Speed:  306.0 MC/s (4.235e-02 s/TS) || Energy: ~3.49e-20 (-26.82dB)
[@     3m02s] Timestep:         4104 || Speed:  302.8 MC/s (4.280e-02 s/TS) || Energy: ~3.15e-20 (-27.27dB)
[@     3m06s] Timestep:         4200 || Speed:  304.4 MC/s (4.257e-02 s/TS) || Energy: ~2.39e-20 (-28.48dB)
[@     3m11s] Timestep:         4296 || Speed:  307.2 MC/s (4.219e-02 s/TS) || Energy: ~1.85e-20 (-29.58dB)
[@     3m15s] Timestep:         4392 || Speed:  300.7 MC/s (4.310e-02 s/TS) || Energy: ~1.53e-20 (-30.39dB)
[@     3m19s] Timestep:         4488 || Speed:  301.7 MC/s (4.296e-02 s/TS) || Energy: ~1.44e-20 (-30.68dB)
[@     3m23s] Timestep:         4584 || Speed:  305.7 MC/s (4.240e-02 s/TS) || Energy: ~1.56e-20 (-30.32dB)
[@     3m27s] Timestep:         4680 || Speed:  305.1 MC/s (4.247e-02 s/TS) || Energy: ~1.67e-20 (-30.02dB)
[@     3m31s] Timestep:         4776 || Speed:  309.0 MC/s (4.195e-02 s/TS) || Energy: ~1.44e-20 (-30.67dB)
[@     3m35s] Timestep:         4872 || Speed:  303.6 MC/s (4.269e-02 s/TS) || Energy: ~9.84e-21 (-32.33dB)
[@     3m39s] Timestep:         4968 || Speed:  305.0 MC/s (4.250e-02 s/TS) || Energy: ~7.75e-21 (-33.36dB)
[@     3m43s] Timestep:         5064 || Speed:  306.6 MC/s (4.226e-02 s/TS) || Energy: ~7.95e-21 (-33.25dB)
[@     3m47s] Timestep:         5160 || Speed:  305.6 MC/s (4.241e-02 s/TS) || Energy: ~7.51e-21 (-33.50dB)
[@     3m51s] Timestep:         5256 || Speed:  306.6 MC/s (4.227e-02 s/TS) || Energy: ~7.39e-21 (-33.57dB)
[@     3m55s] Timestep:         5352 || Speed:  298.6 MC/s (4.340e-02 s/TS) || Energy: ~7.93e-21 (-33.26dB)
[@     4m00s] Timestep:         5448 || Speed:  295.0 MC/s (4.393e-02 s/TS) || Energy: ~6.77e-21 (-33.95dB)
[@     4m04s] Timestep:         5544 || Speed:  297.7 MC/s (4.354e-02 s/TS) || Energy: ~4.56e-21 (-35.66dB)
[@     4m08s] Timestep:         5640 || Speed:  297.5 MC/s (4.356e-02 s/TS) || Energy: ~3.63e-21 (-36.66dB)
[@     4m12s] Timestep:         5736 || Speed:  302.1 MC/s (4.291e-02 s/TS) || Energy: ~3.97e-21 (-36.26dB)
[@     4m16s] Timestep:         5832 || Speed:  299.6 MC/s (4.326e-02 s/TS) || Energy: ~4.19e-21 (-36.03dB)
[@     4m20s] Timestep:         5928 || Speed:  298.2 MC/s (4.346e-02 s/TS) || Energy: ~3.89e-21 (-36.36dB)
[@     4m25s] Timestep:         6024 || Speed:  298.5 MC/s (4.341e-02 s/TS) || Energy: ~3.53e-21 (-36.77dB)
[@     4m29s] Timestep:         6120 || Speed:  295.9 MC/s (4.380e-02 s/TS) || Energy: ~3.11e-21 (-37.33dB)
[@     4m33s] Timestep:         6216 || Speed:  296.5 MC/s (4.372e-02 s/TS) || Energy: ~2.44e-21 (-38.38dB)
[@     4m37s] Timestep:         6312 || Speed:  298.8 MC/s (4.338e-02 s/TS) || Energy: ~1.94e-21 (-39.37dB)
[@     4m41s] Timestep:         6408 || Speed:  295.3 MC/s (4.388e-02 s/TS) || Energy: ~1.99e-21 (-39.28dB)
[@     4m46s] Timestep:         6504 || Speed:  303.5 MC/s (4.270e-02 s/TS) || Energy: ~2.19e-21 (-38.85dB)
[@     4m50s] Timestep:         6600 || Speed:  304.5 MC/s (4.257e-02 s/TS) || Energy: ~2.02e-21 (-39.20dB)
[@     4m54s] Timestep:         6696 || Speed:  304.9 MC/s (4.250e-02 s/TS) || Energy: ~1.63e-21 (-40.12dB)
[@     4m58s] Timestep:         6792 || Speed:  305.5 MC/s (4.243e-02 s/TS) || Energy: ~1.42e-21 (-40.72dB)
[@     5m02s] Timestep:         6888 || Speed:  306.9 MC/s (4.222e-02 s/TS) || Energy: ~1.31e-21 (-41.09dB)
[@     5m06s] Timestep:         6984 || Speed:  307.6 MC/s (4.213e-02 s/TS) || Energy: ~1.09e-21 (-41.89dB)
[@     5m10s] Timestep:         7080 || Speed:  306.2 MC/s (4.232e-02 s/TS) || Energy: ~1.01e-21 (-42.23dB)
[@     5m14s] Timestep:         7176 || Speed:  305.9 MC/s (4.237e-02 s/TS) || Energy: ~1.09e-21 (-41.88dB)
[@     5m18s] Timestep:         7272 || Speed:  305.7 MC/s (4.240e-02 s/TS) || Energy: ~1.00e-21 (-42.25dB)
[@     5m22s] Timestep:         7368 || Speed:  306.5 MC/s (4.229e-02 s/TS) || Energy: ~7.80e-22 (-43.34dB)
[@     5m26s] Timestep:         7464 || Speed:  305.9 MC/s (4.237e-02 s/TS) || Energy: ~7.10e-22 (-43.74dB)
[@     5m30s] Timestep:         7560 || Speed:  306.6 MC/s (4.227e-02 s/TS) || Energy: ~7.08e-22 (-43.76dB)
[@     5m34s] Timestep:         7656 || Speed:  301.3 MC/s (4.302e-02 s/TS) || Energy: ~5.93e-22 (-44.52dB)
[@     5m39s] Timestep:         7752 || Speed:  301.3 MC/s (4.301e-02 s/TS) || Energy: ~5.05e-22 (-45.22dB)
[@     5m43s] Timestep:         7848 || Speed:  305.8 MC/s (4.239e-02 s/TS) || Energy: ~5.28e-22 (-45.03dB)
[@     5m47s] Timestep:         7944 || Speed:  308.8 MC/s (4.196e-02 s/TS) || Energy: ~5.07e-22 (-45.21dB)
[@     5m51s] Timestep:         8040 || Speed:  306.7 MC/s (4.226e-02 s/TS) || Energy: ~4.19e-22 (-46.03dB)
[@     5m55s] Timestep:         8136 || Speed:  308.5 MC/s (4.201e-02 s/TS) || Energy: ~3.68e-22 (-46.59dB)
[@     5m59s] Timestep:         8232 || Speed:  307.2 MC/s (4.218e-02 s/TS) || Energy: ~3.51e-22 (-46.80dB)
[@     6m03s] Timestep:         8328 || Speed:  309.0 MC/s (4.194e-02 s/TS) || Energy: ~3.23e-22 (-47.16dB)
[@     6m07s] Timestep:         8424 || Speed:  303.8 MC/s (4.267e-02 s/TS) || Energy: ~2.87e-22 (-47.68dB)
[@     6m11s] Timestep:         8520 || Speed:  304.3 MC/s (4.260e-02 s/TS) || Energy: ~2.56e-22 (-48.18dB)
[@     6m15s] Timestep:         8616 || Speed:  308.3 MC/s (4.204e-02 s/TS) || Energy: ~2.43e-22 (-48.41dB)
[@     6m19s] Timestep:         8712 || Speed:  302.9 MC/s (4.279e-02 s/TS) || Energy: ~2.37e-22 (-48.50dB)
[@     6m23s] Timestep:         8808 || Speed:  304.0 MC/s (4.263e-02 s/TS) || Energy: ~2.11e-22 (-49.00dB)
[@     6m27s] Timestep:         8904 || Speed:  307.1 MC/s (4.220e-02 s/TS) || Energy: ~1.79e-22 (-49.72dB)
[@     6m31s] Timestep:         9000 || Speed:  309.2 MC/s (4.192e-02 s/TS) || Energy: ~1.65e-22 (-50.09dB)
Time for 9000 iterations with 12960304.00 cells : 391.79 sec
Speed: 297.72 MCells/s 
    [excite port 40/40]
 ---------------------------------------------------------------------- 
 | openEMS 64bit -- version v0.37.0-rc1-2-g7b051bb
 | (C) 2010-2026 Thorsten Liebig <thorsten.liebig@gmx.de>  GPL license
 ---------------------------------------------------------------------- 
	Used external libraries:
		CSXCAD -- Version: v0.7.0-rc1-1-g5115701
		hdf5   -- Version: 1.10.10
		          compiled against: HDF5 library version: 1.10.10
		tinyxml -- compiled against: 2.6.2
		fparser
		boost  -- compiled against: 1_83
		vtk -- Version: 9.1.0
		       compiled against: 9.1.0

Create FDTD operator (compressed SSE + multi-threading)
FDTD simulation size: 244x196x271 --> 12960304.00 FDTD cells 
FDTD timestep is: 0.00 s; Nyquist rate: 34 timesteps @101891945817.00 Hz
Excitation signal length is: 398 timesteps (0.00s)
Max. number of timesteps: 60000 ( --> 150.75 * Excitation signal length)
Create FDTD engine (compressed SSE + multi-threading)
Running FDTD engine... this may take a while... grab a cup of coffee?!?
[@        4s] Timestep:           40 || Speed:  118.2 MC/s (1.097e-01 s/TS) || Energy: ~4.79e-24 (- 0.00dB)
[@        8s] Timestep:          104 || Speed:  200.5 MC/s (6.465e-02 s/TS) || Energy: ~1.00e-20 (- 0.00dB)
[@       12s] Timestep:          184 || Speed:  239.2 MC/s (5.417e-02 s/TS) || Energy: ~3.96e-18 (- 0.00dB)
[@       17s] Timestep:          272 || Speed:  266.8 MC/s (4.857e-02 s/TS) || Energy: ~1.70e-17 (- 0.00dB)
[@       21s] Timestep:          368 || Speed:  290.0 MC/s (4.468e-02 s/TS) || Energy: ~1.53e-17 (- 0.45dB)
[@       25s] Timestep:          464 || Speed:  304.6 MC/s (4.255e-02 s/TS) || Energy: ~1.11e-17 (- 1.83dB)
[@       29s] Timestep:          560 || Speed:  310.1 MC/s (4.179e-02 s/TS) || Energy: ~8.52e-18 (- 3.00dB)
[@       33s] Timestep:          656 || Speed:  306.0 MC/s (4.236e-02 s/TS) || Energy: ~6.22e-18 (- 4.37dB)
Multithreaded Engine: Best performance found using 7 threads.
[@       37s] Timestep:          752 || Speed:  310.0 MC/s (4.181e-02 s/TS) || Energy: ~4.05e-18 (- 6.23dB)
[@       41s] Timestep:          848 || Speed:  309.6 MC/s (4.186e-02 s/TS) || Energy: ~3.06e-18 (- 7.44dB)
[@       45s] Timestep:          944 || Speed:  309.6 MC/s (4.186e-02 s/TS) || Energy: ~2.67e-18 (- 8.04dB)
[@       49s] Timestep:         1040 || Speed:  310.1 MC/s (4.179e-02 s/TS) || Energy: ~2.11e-18 (- 9.05dB)
[@       53s] Timestep:         1136 || Speed:  305.9 MC/s (4.237e-02 s/TS) || Energy: ~1.75e-18 (- 9.88dB)
[@       57s] Timestep:         1232 || Speed:  309.1 MC/s (4.193e-02 s/TS) || Energy: ~1.39e-18 (-10.88dB)
[@     1m02s] Timestep:         1336 || Speed:  311.0 MC/s (4.167e-02 s/TS) || Energy: ~1.19e-18 (-11.53dB)
[@     1m06s] Timestep:         1432 || Speed:  309.8 MC/s (4.184e-02 s/TS) || Energy: ~9.36e-19 (-12.59dB)
[@     1m10s] Timestep:         1536 || Speed:  310.1 MC/s (4.179e-02 s/TS) || Energy: ~7.39e-19 (-13.62dB)
[@     1m14s] Timestep:         1632 || Speed:  304.6 MC/s (4.255e-02 s/TS) || Energy: ~6.51e-19 (-14.17dB)
[@     1m18s] Timestep:         1728 || Speed:  299.7 MC/s (4.325e-02 s/TS) || Energy: ~5.66e-19 (-14.78dB)
[@     1m22s] Timestep:         1824 || Speed:  305.0 MC/s (4.249e-02 s/TS) || Energy: ~4.89e-19 (-15.41dB)
[@     1m26s] Timestep:         1920 || Speed:  302.8 MC/s (4.280e-02 s/TS) || Energy: ~4.43e-19 (-15.84dB)
[@     1m30s] Timestep:         2016 || Speed:  304.2 MC/s (4.261e-02 s/TS) || Energy: ~3.81e-19 (-16.49dB)
[@     1m34s] Timestep:         2112 || Speed:  309.1 MC/s (4.193e-02 s/TS) || Energy: ~3.20e-19 (-17.25dB)
[@     1m38s] Timestep:         2208 || Speed:  310.4 MC/s (4.175e-02 s/TS) || Energy: ~2.71e-19 (-17.98dB)
[@     1m43s] Timestep:         2304 || Speed:  309.7 MC/s (4.184e-02 s/TS) || Energy: ~2.46e-19 (-18.40dB)
[@     1m47s] Timestep:         2400 || Speed:  310.4 MC/s (4.175e-02 s/TS) || Energy: ~2.26e-19 (-18.76dB)
[@     1m51s] Timestep:         2488 || Speed:  265.7 MC/s (4.878e-02 s/TS) || Energy: ~1.90e-19 (-19.52dB)
[@     1m55s] Timestep:         2568 || Speed:  254.0 MC/s (5.103e-02 s/TS) || Energy: ~1.60e-19 (-20.26dB)
[@     1m59s] Timestep:         2648 || Speed:  243.5 MC/s (5.322e-02 s/TS) || Energy: ~1.57e-19 (-20.35dB)
[@     2m03s] Timestep:         2728 || Speed:  249.0 MC/s (5.204e-02 s/TS) || Energy: ~1.25e-19 (-21.33dB)
[@     2m08s] Timestep:         2816 || Speed:  270.7 MC/s (4.787e-02 s/TS) || Energy: ~1.34e-19 (-21.04dB)
[@     2m12s] Timestep:         2912 || Speed:  289.0 MC/s (4.485e-02 s/TS) || Energy: ~1.17e-19 (-21.64dB)
[@     2m16s] Timestep:         3000 || Speed:  279.5 MC/s (4.637e-02 s/TS) || Energy: ~8.74e-20 (-22.89dB)
[@     2m20s] Timestep:         3088 || Speed:  262.8 MC/s (4.932e-02 s/TS) || Energy: ~8.50e-20 (-23.01dB)
[@     2m25s] Timestep:         3184 || Speed:  288.9 MC/s (4.487e-02 s/TS) || Energy: ~8.61e-20 (-22.95dB)
[@     2m29s] Timestep:         3272 || Speed:  268.8 MC/s (4.822e-02 s/TS) || Energy: ~7.36e-20 (-23.64dB)
[@     2m33s] Timestep:         3352 || Speed:  248.4 MC/s (5.217e-02 s/TS) || Energy: ~5.74e-20 (-24.71dB)
[@     2m37s] Timestep:         3440 || Speed:  273.7 MC/s (4.734e-02 s/TS) || Energy: ~6.12e-20 (-24.44dB)
[@     2m41s] Timestep:         3528 || Speed:  265.4 MC/s (4.884e-02 s/TS) || Energy: ~5.22e-20 (-25.12dB)
[@     2m45s] Timestep:         3616 || Speed:  283.1 MC/s (4.577e-02 s/TS) || Energy: ~4.29e-20 (-25.98dB)
[@     2m49s] Timestep:         3704 || Speed:  284.1 MC/s (4.562e-02 s/TS) || Energy: ~4.57e-20 (-25.71dB)
[@     2m54s] Timestep:         3792 || Speed:  276.6 MC/s (4.686e-02 s/TS) || Energy: ~4.01e-20 (-26.27dB)
[@     2m58s] Timestep:         3888 || Speed:  294.4 MC/s (4.403e-02 s/TS) || Energy: ~3.34e-20 (-27.06dB)
[@     3m02s] Timestep:         3984 || Speed:  286.7 MC/s (4.521e-02 s/TS) || Energy: ~2.90e-20 (-27.68dB)
[@     3m07s] Timestep:         4080 || Speed:  285.8 MC/s (4.534e-02 s/TS) || Energy: ~2.51e-20 (-28.30dB)
[@     3m11s] Timestep:         4176 || Speed:  283.7 MC/s (4.569e-02 s/TS) || Energy: ~2.47e-20 (-28.37dB)
[@     3m15s] Timestep:         4264 || Speed:  273.9 MC/s (4.732e-02 s/TS) || Energy: ~2.47e-20 (-28.38dB)
[@     3m19s] Timestep:         4352 || Speed:  279.7 MC/s (4.633e-02 s/TS) || Energy: ~1.99e-20 (-29.32dB)
[@     3m23s] Timestep:         4440 || Speed:  283.6 MC/s (4.571e-02 s/TS) || Energy: ~1.93e-20 (-29.46dB)
[@     3m28s] Timestep:         4536 || Speed:  285.3 MC/s (4.543e-02 s/TS) || Energy: ~1.82e-20 (-29.71dB)
[@     3m32s] Timestep:         4632 || Speed:  286.0 MC/s (4.532e-02 s/TS) || Energy: ~1.57e-20 (-30.34dB)
[@     3m36s] Timestep:         4720 || Speed:  276.6 MC/s (4.686e-02 s/TS) || Energy: ~1.27e-20 (-31.27dB)
[@     3m40s] Timestep:         4816 || Speed:  286.0 MC/s (4.532e-02 s/TS) || Energy: ~1.18e-20 (-31.59dB)
[@     3m44s] Timestep:         4904 || Speed:  282.6 MC/s (4.586e-02 s/TS) || Energy: ~1.23e-20 (-31.41dB)
[@     3m48s] Timestep:         4992 || Speed:  278.1 MC/s (4.660e-02 s/TS) || Energy: ~1.16e-20 (-31.65dB)
[@     3m53s] Timestep:         5080 || Speed:  267.7 MC/s (4.842e-02 s/TS) || Energy: ~9.43e-21 (-32.56dB)
[@     3m57s] Timestep:         5168 || Speed:  278.6 MC/s (4.652e-02 s/TS) || Energy: ~8.88e-21 (-32.82dB)
[@     4m01s] Timestep:         5264 || Speed:  287.2 MC/s (4.513e-02 s/TS) || Energy: ~7.91e-21 (-33.32dB)
[@     4m05s] Timestep:         5360 || Speed:  289.6 MC/s (4.476e-02 s/TS) || Energy: ~7.04e-21 (-33.83dB)
[@     4m10s] Timestep:         5456 || Speed:  290.0 MC/s (4.469e-02 s/TS) || Energy: ~6.64e-21 (-34.08dB)
[@     4m14s] Timestep:         5552 || Speed:  293.3 MC/s (4.418e-02 s/TS) || Energy: ~6.13e-21 (-34.43dB)
[@     4m18s] Timestep:         5648 || Speed:  296.9 MC/s (4.366e-02 s/TS) || Energy: ~5.08e-21 (-35.25dB)
[@     4m22s] Timestep:         5744 || Speed:  293.2 MC/s (4.420e-02 s/TS) || Energy: ~4.27e-21 (-36.00dB)
[@     4m27s] Timestep:         5840 || Speed:  292.5 MC/s (4.431e-02 s/TS) || Energy: ~4.32e-21 (-35.95dB)
[@     4m31s] Timestep:         5936 || Speed:  293.3 MC/s (4.419e-02 s/TS) || Energy: ~4.52e-21 (-35.75dB)
[@     4m35s] Timestep:         6032 || Speed:  291.9 MC/s (4.441e-02 s/TS) || Energy: ~4.00e-21 (-36.29dB)
[@     4m39s] Timestep:         6128 || Speed:  297.2 MC/s (4.361e-02 s/TS) || Energy: ~3.19e-21 (-37.27dB)
[@     4m44s] Timestep:         6224 || Speed:  286.9 MC/s (4.518e-02 s/TS) || Energy: ~2.67e-21 (-38.04dB)
[@     4m48s] Timestep:         6320 || Speed:  294.7 MC/s (4.398e-02 s/TS) || Energy: ~2.51e-21 (-38.31dB)
[@     4m52s] Timestep:         6416 || Speed:  291.4 MC/s (4.447e-02 s/TS) || Energy: ~2.56e-21 (-38.22dB)
[@     4m56s] Timestep:         6504 || Speed:  281.4 MC/s (4.605e-02 s/TS) || Energy: ~2.55e-21 (-38.23dB)
[@     5m00s] Timestep:         6600 || Speed:  298.3 MC/s (4.344e-02 s/TS) || Energy: ~2.23e-21 (-38.81dB)
[@     5m04s] Timestep:         6688 || Speed:  283.5 MC/s (4.572e-02 s/TS) || Energy: ~1.84e-21 (-39.65dB)
[@     5m09s] Timestep:         6784 || Speed:  288.6 MC/s (4.491e-02 s/TS) || Energy: ~1.62e-21 (-40.21dB)
[@     5m13s] Timestep:         6872 || Speed:  281.7 MC/s (4.601e-02 s/TS) || Energy: ~1.59e-21 (-40.28dB)
[@     5m17s] Timestep:         6968 || Speed:  287.0 MC/s (4.516e-02 s/TS) || Energy: ~1.46e-21 (-40.65dB)
[@     5m21s] Timestep:         7064 || Speed:  286.7 MC/s (4.521e-02 s/TS) || Energy: ~1.37e-21 (-40.93dB)
[@     5m26s] Timestep:         7152 || Speed:  282.4 MC/s (4.590e-02 s/TS) || Energy: ~1.27e-21 (-41.25dB)
[@     5m30s] Timestep:         7248 || Speed:  290.8 MC/s (4.457e-02 s/TS) || Energy: ~1.16e-21 (-41.66dB)
[@     5m34s] Timestep:         7344 || Speed:  286.0 MC/s (4.532e-02 s/TS) || Energy: ~9.73e-22 (-42.42dB)
[@     5m38s] Timestep:         7440 || Speed:  293.3 MC/s (4.419e-02 s/TS) || Energy: ~8.88e-22 (-42.82dB)
[@     5m43s] Timestep:         7536 || Speed:  286.7 MC/s (4.520e-02 s/TS) || Energy: ~8.69e-22 (-42.91dB)
[@     5m47s] Timestep:         7632 || Speed:  286.5 MC/s (4.523e-02 s/TS) || Energy: ~7.96e-22 (-43.29dB)
[@     5m51s] Timestep:         7728 || Speed:  294.7 MC/s (4.398e-02 s/TS) || Energy: ~7.05e-22 (-43.82dB)
[@     5m56s] Timestep:         7824 || Speed:  287.0 MC/s (4.515e-02 s/TS) || Energy: ~6.24e-22 (-44.35dB)
[@     6m00s] Timestep:         7912 || Speed:  271.4 MC/s (4.775e-02 s/TS) || Energy: ~5.68e-22 (-44.76dB)
[@     6m04s] Timestep:         8000 || Speed:  278.5 MC/s (4.654e-02 s/TS) || Energy: ~5.00e-22 (-45.32dB)
[@     6m08s] Timestep:         8096 || Speed:  287.2 MC/s (4.512e-02 s/TS) || Energy: ~4.80e-22 (-45.49dB)
[@     6m13s] Timestep:         8192 || Speed:  290.5 MC/s (4.461e-02 s/TS) || Energy: ~4.85e-22 (-45.44dB)
[@     6m17s] Timestep:         8288 || Speed:  289.7 MC/s (4.473e-02 s/TS) || Energy: ~4.46e-22 (-45.81dB)
[@     6m21s] Timestep:         8376 || Speed:  282.1 MC/s (4.594e-02 s/TS) || Energy: ~3.90e-22 (-46.39dB)
[@     6m25s] Timestep:         8464 || Speed:  281.8 MC/s (4.600e-02 s/TS) || Energy: ~3.43e-22 (-46.95dB)
[@     6m29s] Timestep:         8560 || Speed:  288.9 MC/s (4.486e-02 s/TS) || Energy: ~2.97e-22 (-47.57dB)
[@     6m33s] Timestep:         8648 || Speed:  280.8 MC/s (4.616e-02 s/TS) || Energy: ~2.80e-22 (-47.84dB)
[@     6m38s] Timestep:         8744 || Speed:  292.6 MC/s (4.430e-02 s/TS) || Energy: ~2.86e-22 (-47.74dB)
[@     6m42s] Timestep:         8840 || Speed:  296.9 MC/s (4.365e-02 s/TS) || Energy: ~2.74e-22 (-47.93dB)
[@     6m46s] Timestep:         8936 || Speed:  301.6 MC/s (4.297e-02 s/TS) || Energy: ~2.25e-22 (-48.78dB)
[@     6m50s] Timestep:         9032 || Speed:  296.3 MC/s (4.375e-02 s/TS) || Energy: ~1.93e-22 (-49.45dB)
[@     6m54s] Timestep:         9128 || Speed:  288.1 MC/s (4.499e-02 s/TS) || Energy: ~1.95e-22 (-49.40dB)
[@     6m59s] Timestep:         9224 || Speed:  290.3 MC/s (4.464e-02 s/TS) || Energy: ~1.94e-22 (-49.43dB)
[@     7m03s] Timestep:         9320 || Speed:  289.5 MC/s (4.477e-02 s/TS) || Energy: ~1.73e-22 (-49.92dB)
[@     7m07s] Timestep:         9408 || Speed:  274.0 MC/s (4.730e-02 s/TS) || Energy: ~1.51e-22 (-50.50dB)
Time for 9408 iterations with 12960304.00 cells : 427.66 sec
Speed: 285.11 MCells/s 
    [renorm] analytic coax Z = 26.9 ohm -> 50 ohm
  saved design_sample_42_openems_se.npz

==============================================================================
STAGE 07 RESULT  (mean floored dB, eye band)
==============================================================================
  [openems_vs_target]
    Sdd11  0-14    floored=  8.45 dB  lin=0.1159
    Sdd11  14-28   floored= 12.09 dB  lin=0.3330
    Sdd21  0-14    floored=  2.88 dB  lin=0.2368
    Sdd21  14-28   floored=  3.11 dB  lin=0.1478
  [openems_vs_pred]
    Sdd11  0-14    floored=  7.72 dB  lin=0.1091
    Sdd11  14-28   floored= 12.20 dB  lin=0.3339
    Sdd21  0-14    floored=  3.32 dB  lin=0.2798
    Sdd21  14-28   floored=  1.89 dB  lin=0.0953

  figure: design_sample_42_overlay_20260713_211036.png
  table : design_sample_42_validation_20260713_211036.csv

INTERPRETATION:
  openems_vs_target small  -> the design achieves its goal in real
     physics: the inverse model works. THE thesis result.
  openems_vs_pred within the stage-06 solver floor -> the forward
     surrogate was honest about this design.
  openems_vs_pred >> floor (esp. where TTO optimised) -> surrogate
     exploitation, caught in independent physics. Motivates latent TTO.
