==============================================================================
Stage 04 v4 (CoaxialPort): build array model  (sim_pkg_2005)
==============================================================================
GeometryDescription  sim_id=sim_pkg_2005  source=sim_folder
  via_radius   = 12.446 um
  antipad_rad  = 23.563 um
  pitch        = 62.400 um
  TDIEL/TMET   = 49.903 / 1.611 um
  eps_r        = 3.0041
  sigma        = 5.449e+07 S/m
  tan(delta)   = 0.01558
  layers(metal)= 8  (stackup entries: 15)
  grid         = 6 x 7
  S/G/P vias   = 22/16/4  (total placed: 42)
  n_ports      = 44  (11 diff pairs)
  total_thick  = 187.55 um

  ArrayModelBuilder v4 (CoaxialPort) for sim_pkg_2005
    board (mil) : x[-62.4,374.4] y[-62.4,436.8] z[0,187.5]
    domain (mil): z[-100.0,287.5] (coax stubs of 100 mil above/below)
    coax launch : r_i=12.446 r_o=23.563 (air, Z0 ~ 38 ohm; renormalized to 50 ohm on output)
    mesh res    : 3.405 mil (20 cells/lambda @ 100 GHz)
    boundaries  : lateral PML_8 (infinite planes), z PML_8
    n_ports     : 44

Full 16-port solve (est. ~8 min/port with the v4 mesh).

    [excite port 1/44]
 ---------------------------------------------------------------------- 
 | openEMS 64bit -- version v0.37.0-rc1-2-g7b051bb
 | (C) 2010-2026 Thorsten Liebig <thorsten.liebig@gmx.de>  GPL license
 ---------------------------------------------------------------------- 
	Used external libraries:
		CSXCAD -- Version: v0.7.0-rc1-1-g5115701
		hdf5   -- Version: 1.10.10
		          compiled against: HDF5 library version: 1.10.10
		tinyxml -- compiled against: 2.6.2
		fparser
		boost  -- compiled against: 1_83
		vtk -- Version: 9.1.0
		       compiled against: 9.1.0

Create FDTD operator (compressed SSE + multi-threading)
FDTD simulation size: 184x205x105 --> 3.9606e+06 FDTD cells 
FDTD timestep is: 2.01181e-13 s; Nyquist rate: 24 timesteps @1.03555e+11 Hz
Excitation signal length is: 286 timesteps (5.75377e-11s)
Max. number of timesteps: 60000 ( --> 209.79 * Excitation signal length)
Create FDTD engine (compressed SSE + multi-threading)
Running FDTD engine... this may take a while... grab a cup of coffee?!?
[@        4s] Timestep:           96 || Speed:   90.6 MC/s (4.372e-02 s/TS) || Energy: ~2.10e-19 (- 0.00dB)
[@        8s] Timestep:          246 || Speed:  148.2 MC/s (2.672e-02 s/TS) || Energy: ~3.73e-18 (- 0.00dB)
[@       12s] Timestep:          414 || Speed:  166.0 MC/s (2.386e-02 s/TS) || Energy: ~2.23e-18 (- 2.23dB)
[@       16s] Timestep:          600 || Speed:  178.6 MC/s (2.218e-02 s/TS) || Energy: ~1.15e-18 (- 5.10dB)
[@       20s] Timestep:          786 || Speed:  180.8 MC/s (2.191e-02 s/TS) || Energy: ~8.74e-19 (- 6.30dB)
[@       24s] Timestep:          972 || Speed:  181.0 MC/s (2.188e-02 s/TS) || Energy: ~7.71e-19 (- 6.85dB)
[@       28s] Timestep:         1170 || Speed:  195.1 MC/s (2.031e-02 s/TS) || Energy: ~9.94e-19 (- 5.74dB)
[@       32s] Timestep:         1368 || Speed:  190.9 MC/s (2.075e-02 s/TS) || Energy: ~8.32e-19 (- 6.51dB)
Multithreaded Engine: Best performance found using 7 threads.
[@       36s] Timestep:         1560 || Speed:  185.2 MC/s (2.139e-02 s/TS) || Energy: ~6.18e-19 (- 7.81dB)
[@       40s] Timestep:         1758 || Speed:  192.6 MC/s (2.057e-02 s/TS) || Energy: ~4.16e-19 (- 9.52dB)
[@       44s] Timestep:         1956 || Speed:  192.2 MC/s (2.061e-02 s/TS) || Energy: ~4.19e-19 (- 9.49dB)
[@       48s] Timestep:         2154 || Speed:  192.5 MC/s (2.057e-02 s/TS) || Energy: ~3.80e-19 (- 9.92dB)
[@       53s] Timestep:         2352 || Speed:  191.9 MC/s (2.064e-02 s/TS) || Energy: ~2.68e-19 (-11.44dB)
[@       57s] Timestep:         2544 || Speed:  188.7 MC/s (2.099e-02 s/TS) || Energy: ~2.10e-19 (-12.49dB)
[@     1m01s] Timestep:         2742 || Speed:  192.0 MC/s (2.063e-02 s/TS) || Energy: ~1.99e-19 (-12.72dB)
[@     1m05s] Timestep:         2940 || Speed:  190.9 MC/s (2.074e-02 s/TS) || Energy: ~1.64e-19 (-13.56dB)
[@     1m09s] Timestep:         3132 || Speed:  187.7 MC/s (2.110e-02 s/TS) || Energy: ~1.24e-19 (-14.78dB)
[@     1m13s] Timestep:         3324 || Speed:  189.0 MC/s (2.096e-02 s/TS) || Energy: ~9.66e-20 (-15.87dB)
[@     1m17s] Timestep:         3522 || Speed:  192.1 MC/s (2.062e-02 s/TS) || Energy: ~1.00e-19 (-15.72dB)
[@     1m21s] Timestep:         3720 || Speed:  192.3 MC/s (2.059e-02 s/TS) || Energy: ~1.13e-19 (-15.18dB)
[@     1m25s] Timestep:         3918 || Speed:  192.6 MC/s (2.056e-02 s/TS) || Energy: ~8.69e-20 (-16.33dB)
[@     1m29s] Timestep:         4116 || Speed:  191.9 MC/s (2.064e-02 s/TS) || Energy: ~5.89e-20 (-18.02dB)
[@     1m33s] Timestep:         4314 || Speed:  192.3 MC/s (2.059e-02 s/TS) || Energy: ~6.53e-20 (-17.57dB)
[@     1m37s] Timestep:         4512 || Speed:  191.6 MC/s (2.067e-02 s/TS) || Energy: ~7.19e-20 (-17.15dB)
[@     1m41s] Timestep:         4704 || Speed:  188.4 MC/s (2.103e-02 s/TS) || Energy: ~6.16e-20 (-17.82dB)
[@     1m45s] Timestep:         4902 || Speed:  192.4 MC/s (2.059e-02 s/TS) || Energy: ~4.17e-20 (-19.51dB)
[@     1m50s] Timestep:         5100 || Speed:  192.6 MC/s (2.056e-02 s/TS) || Energy: ~4.09e-20 (-19.60dB)
[@     1m54s] Timestep:         5298 || Speed:  192.2 MC/s (2.061e-02 s/TS) || Energy: ~4.94e-20 (-18.78dB)
[@     1m58s] Timestep:         5496 || Speed:  191.3 MC/s (2.071e-02 s/TS) || Energy: ~4.12e-20 (-19.57dB)
[@     2m02s] Timestep:         5694 || Speed:  191.9 MC/s (2.063e-02 s/TS) || Energy: ~2.76e-20 (-21.31dB)
[@     2m06s] Timestep:         5892 || Speed:  193.3 MC/s (2.049e-02 s/TS) || Energy: ~3.04e-20 (-20.89dB)
[@     2m10s] Timestep:         6090 || Speed:  191.2 MC/s (2.071e-02 s/TS) || Energy: ~3.75e-20 (-19.97dB)
[@     2m14s] Timestep:         6288 || Speed:  192.7 MC/s (2.056e-02 s/TS) || Energy: ~2.99e-20 (-20.96dB)
[@     2m18s] Timestep:         6486 || Speed:  191.3 MC/s (2.070e-02 s/TS) || Energy: ~1.85e-20 (-23.04dB)
[@     2m22s] Timestep:         6684 || Speed:  191.5 MC/s (2.068e-02 s/TS) || Energy: ~2.11e-20 (-22.48dB)
[@     2m26s] Timestep:         6882 || Speed:  191.1 MC/s (2.073e-02 s/TS) || Energy: ~2.81e-20 (-21.23dB)
[@     2m30s] Timestep:         7080 || Speed:  191.8 MC/s (2.065e-02 s/TS) || Energy: ~2.32e-20 (-22.07dB)
[@     2m34s] Timestep:         7272 || Speed:  188.9 MC/s (2.097e-02 s/TS) || Energy: ~1.73e-20 (-23.33dB)
[@     2m39s] Timestep:         7470 || Speed:  190.2 MC/s (2.082e-02 s/TS) || Energy: ~1.16e-20 (-25.09dB)
[@     2m43s] Timestep:         7662 || Speed:  185.2 MC/s (2.139e-02 s/TS) || Energy: ~1.24e-20 (-24.78dB)
[@     2m47s] Timestep:         7854 || Speed:  189.5 MC/s (2.090e-02 s/TS) || Energy: ~1.46e-20 (-24.07dB)
[@     2m51s] Timestep:         8052 || Speed:  190.5 MC/s (2.080e-02 s/TS) || Energy: ~1.83e-20 (-23.08dB)
[@     2m55s] Timestep:         8244 || Speed:  189.5 MC/s (2.090e-02 s/TS) || Energy: ~1.63e-20 (-23.60dB)
[@     2m59s] Timestep:         8442 || Speed:  192.3 MC/s (2.060e-02 s/TS) || Energy: ~9.75e-21 (-25.83dB)
[@     3m03s] Timestep:         8640 || Speed:  191.7 MC/s (2.067e-02 s/TS) || Energy: ~7.35e-21 (-27.05dB)
[@     3m07s] Timestep:         8838 || Speed:  189.8 MC/s (2.087e-02 s/TS) || Energy: ~1.09e-20 (-25.33dB)
[@     3m11s] Timestep:         9030 || Speed:  189.0 MC/s (2.096e-02 s/TS) || Energy: ~1.17e-20 (-25.04dB)
[@     3m15s] Timestep:         9222 || Speed:  189.0 MC/s (2.096e-02 s/TS) || Energy: ~1.11e-20 (-25.25dB)
[@     3m19s] Timestep:         9420 || Speed:  191.5 MC/s (2.068e-02 s/TS) || Energy: ~7.66e-21 (-26.87dB)
[@     3m23s] Timestep:         9612 || Speed:  189.8 MC/s (2.087e-02 s/TS) || Energy: ~5.69e-21 (-28.17dB)
[@     3m27s] Timestep:         9810 || Speed:  191.4 MC/s (2.069e-02 s/TS) || Energy: ~4.96e-21 (-28.76dB)
[@     3m31s] Timestep:        10008 || Speed:  191.8 MC/s (2.065e-02 s/TS) || Energy: ~6.91e-21 (-27.32dB)
[@     3m36s] Timestep:        10206 || Speed:  191.4 MC/s (2.070e-02 s/TS) || Energy: ~6.86e-21 (-27.35dB)
[@     3m40s] Timestep:        10404 || Speed:  190.9 MC/s (2.075e-02 s/TS) || Energy: ~4.55e-21 (-29.14dB)
[@     3m44s] Timestep:        10596 || Speed:  188.7 MC/s (2.099e-02 s/TS) || Energy: ~3.62e-21 (-30.13dB)
[@     3m48s] Timestep:        10794 || Speed:  190.9 MC/s (2.074e-02 s/TS) || Energy: ~3.70e-21 (-30.03dB)
[@     3m52s] Timestep:        10992 || Speed:  191.5 MC/s (2.068e-02 s/TS) || Energy: ~4.56e-21 (-29.13dB)
[@     3m56s] Timestep:        11190 || Speed:  192.1 MC/s (2.062e-02 s/TS) || Energy: ~4.04e-21 (-29.66dB)
[@     4m00s] Timestep:        11388 || Speed:  190.8 MC/s (2.076e-02 s/TS) || Energy: ~2.83e-21 (-31.20dB)
[@     4m04s] Timestep:        11580 || Speed:  185.7 MC/s (2.133e-02 s/TS) || Energy: ~2.47e-21 (-31.80dB)
[@     4m08s] Timestep:        11778 || Speed:  190.1 MC/s (2.084e-02 s/TS) || Energy: ~2.63e-21 (-31.53dB)
[@     4m12s] Timestep:        11976 || Speed:  190.8 MC/s (2.076e-02 s/TS) || Energy: ~2.81e-21 (-31.24dB)
[@     4m16s] Timestep:        12174 || Speed:  191.8 MC/s (2.065e-02 s/TS) || Energy: ~2.37e-21 (-31.97dB)
[@     4m21s] Timestep:        12372 || Speed:  192.6 MC/s (2.057e-02 s/TS) || Energy: ~1.87e-21 (-33.00dB)
[@     4m25s] Timestep:        12564 || Speed:  188.5 MC/s (2.101e-02 s/TS) || Energy: ~1.72e-21 (-33.37dB)
[@     4m29s] Timestep:        12756 || Speed:  190.1 MC/s (2.084e-02 s/TS) || Energy: ~1.63e-21 (-33.59dB)
[@     4m33s] Timestep:        12948 || Speed:  190.1 MC/s (2.084e-02 s/TS) || Energy: ~1.55e-21 (-33.81dB)
[@     4m37s] Timestep:        13146 || Speed:  191.4 MC/s (2.069e-02 s/TS) || Energy: ~1.49e-21 (-33.98dB)
[@     4m41s] Timestep:        13344 || Speed:  192.1 MC/s (2.062e-02 s/TS) || Energy: ~1.34e-21 (-34.44dB)
[@     4m45s] Timestep:        13542 || Speed:  192.1 MC/s (2.061e-02 s/TS) || Energy: ~1.18e-21 (-34.99dB)
[@     4m49s] Timestep:        13740 || Speed:  190.8 MC/s (2.076e-02 s/TS) || Energy: ~1.04e-21 (-35.53dB)
[@     4m53s] Timestep:        13938 || Speed:  191.8 MC/s (2.065e-02 s/TS) || Energy: ~9.53e-22 (-35.93dB)
[@     4m57s] Timestep:        14130 || Speed:  186.5 MC/s (2.124e-02 s/TS) || Energy: ~8.87e-22 (-36.24dB)
[@     5m01s] Timestep:        14328 || Speed:  192.8 MC/s (2.054e-02 s/TS) || Energy: ~8.73e-22 (-36.31dB)
[@     5m05s] Timestep:        14526 || Speed:  191.8 MC/s (2.065e-02 s/TS) || Energy: ~7.77e-22 (-36.81dB)
[@     5m09s] Timestep:        14724 || Speed:  191.0 MC/s (2.074e-02 s/TS) || Energy: ~6.22e-22 (-37.78dB)
[@     5m13s] Timestep:        14916 || Speed:  190.1 MC/s (2.084e-02 s/TS) || Energy: ~5.45e-22 (-38.35dB)
[@     5m17s] Timestep:        15114 || Speed:  190.8 MC/s (2.076e-02 s/TS) || Energy: ~5.53e-22 (-38.29dB)
[@     5m22s] Timestep:        15306 || Speed:  188.1 MC/s (2.105e-02 s/TS) || Energy: ~5.50e-22 (-38.32dB)
[@     5m26s] Timestep:        15504 || Speed:  191.7 MC/s (2.066e-02 s/TS) || Energy: ~5.25e-22 (-38.52dB)
[@     5m30s] Timestep:        15702 || Speed:  192.0 MC/s (2.063e-02 s/TS) || Energy: ~3.91e-22 (-39.79dB)
[@     5m34s] Timestep:        15900 || Speed:  191.5 MC/s (2.069e-02 s/TS) || Energy: ~3.19e-22 (-40.68dB)
[@     5m38s] Timestep:        16098 || Speed:  192.3 MC/s (2.060e-02 s/TS) || Energy: ~3.64e-22 (-40.11dB)
[@     5m42s] Timestep:        16296 || Speed:  191.8 MC/s (2.065e-02 s/TS) || Energy: ~3.73e-22 (-40.00dB)
[@     5m46s] Timestep:        16488 || Speed:  189.1 MC/s (2.094e-02 s/TS) || Energy: ~3.21e-22 (-40.66dB)
[@     5m50s] Timestep:        16686 || Speed:  192.3 MC/s (2.060e-02 s/TS) || Energy: ~2.17e-22 (-42.34dB)
[@     5m54s] Timestep:        16884 || Speed:  191.7 MC/s (2.066e-02 s/TS) || Energy: ~1.98e-22 (-42.76dB)
[@     5m58s] Timestep:        17082 || Speed:  191.9 MC/s (2.063e-02 s/TS) || Energy: ~2.43e-22 (-41.86dB)
[@     6m02s] Timestep:        17274 || Speed:  188.7 MC/s (2.099e-02 s/TS) || Energy: ~2.36e-22 (-41.99dB)
[@     6m06s] Timestep:        17448 || Speed:  166.7 MC/s (2.375e-02 s/TS) || Energy: ~1.64e-22 (-43.57dB)
[@     6m10s] Timestep:        17622 || Speed:  168.4 MC/s (2.352e-02 s/TS) || Energy: ~1.26e-22 (-44.71dB)
[@     6m15s] Timestep:        17808 || Speed:  182.1 MC/s (2.175e-02 s/TS) || Energy: ~1.16e-22 (-45.08dB)
[@     6m19s] Timestep:        17982 || Speed:  171.8 MC/s (2.306e-02 s/TS) || Energy: ~1.54e-22 (-43.83dB)
[@     6m23s] Timestep:        18168 || Speed:  183.2 MC/s (2.162e-02 s/TS) || Energy: ~1.43e-22 (-44.17dB)
[@     6m27s] Timestep:        18354 || Speed:  183.2 MC/s (2.162e-02 s/TS) || Energy: ~1.32e-22 (-44.53dB)
[@     6m31s] Timestep:        18540 || Speed:  178.4 MC/s (2.220e-02 s/TS) || Energy: ~1.21e-22 (-44.89dB)
[@     6m35s] Timestep:        18726 || Speed:  183.7 MC/s (2.156e-02 s/TS) || Energy: ~1.11e-22 (-45.26dB)
[@     6m39s] Timestep:        18918 || Speed:  184.3 MC/s (2.149e-02 s/TS) || Energy: ~8.90e-23 (-46.22dB)
[@     6m43s] Timestep:        19104 || Speed:  183.3 MC/s (2.161e-02 s/TS) || Energy: ~8.24e-23 (-46.56dB)
[@     6m47s] Timestep:        19290 || Speed:  183.1 MC/s (2.163e-02 s/TS) || Energy: ~7.61e-23 (-46.90dB)
[@     6m51s] Timestep:        19476 || Speed:  181.0 MC/s (2.188e-02 s/TS) || Energy: ~7.02e-23 (-47.25dB)
[@     6m55s] Timestep:        19668 || Speed:  189.1 MC/s (2.094e-02 s/TS) || Energy: ~5.33e-23 (-48.45dB)
[@     6m59s] Timestep:        19866 || Speed:  191.2 MC/s (2.071e-02 s/TS) || Energy: ~3.64e-23 (-50.11dB)
Time for 19866 iterations with 3960600.00 cells : 419.60 sec
Speed: 187.52 MCells/s 
    [excite port 2/44]
 ---------------------------------------------------------------------- 
 | openEMS 64bit -- version v0.37.0-rc1-2-g7b051bb
 | (C) 2010-2026 Thorsten Liebig <thorsten.liebig@gmx.de>  GPL license
 ---------------------------------------------------------------------- 
	Used external libraries:
		CSXCAD -- Version: v0.7.0-rc1-1-g5115701
		hdf5   -- Version: 1.10.10
		          compiled against: HDF5 library version: 1.10.10
		tinyxml -- compiled against: 2.6.2
		fparser
		boost  -- compiled against: 1_83
		vtk -- Version: 9.1.0
		       compiled against: 9.1.0

Create FDTD operator (compressed SSE + multi-threading)
FDTD simulation size: 184x205x105 --> 3960600.00 FDTD cells 
FDTD timestep is: 0.00 s; Nyquist rate: 24 timesteps @103555373668.00 Hz
Excitation signal length is: 286 timesteps (0.00s)
Max. number of timesteps: 60000 ( --> 209.79 * Excitation signal length)
Create FDTD engine (compressed SSE + multi-threading)
Running FDTD engine... this may take a while... grab a cup of coffee?!?
[@        4s] Timestep:           96 || Speed:   91.9 MC/s (4.308e-02 s/TS) || Energy: ~2.10e-19 (- 0.00dB)
[@        8s] Timestep:          246 || Speed:  147.3 MC/s (2.689e-02 s/TS) || Energy: ~3.58e-18 (- 0.00dB)
[@       12s] Timestep:          414 || Speed:  165.8 MC/s (2.388e-02 s/TS) || Energy: ~2.03e-18 (- 2.46dB)
[@       16s] Timestep:          600 || Speed:  178.5 MC/s (2.219e-02 s/TS) || Energy: ~1.02e-18 (- 5.47dB)
[@       20s] Timestep:          792 || Speed:  185.7 MC/s (2.133e-02 s/TS) || Energy: ~7.75e-19 (- 6.64dB)
[@       24s] Timestep:          984 || Speed:  186.4 MC/s (2.125e-02 s/TS) || Energy: ~8.12e-19 (- 6.44dB)
[@       28s] Timestep:         1176 || Speed:  187.5 MC/s (2.112e-02 s/TS) || Energy: ~7.99e-19 (- 6.51dB)
[@       32s] Timestep:         1362 || Speed:  182.7 MC/s (2.168e-02 s/TS) || Energy: ~6.24e-19 (- 7.59dB)
Multithreaded Engine: Best performance found using 7 threads.
[@       36s] Timestep:         1554 || Speed:  185.7 MC/s (2.133e-02 s/TS) || Energy: ~5.71e-19 (- 7.97dB)
[@       40s] Timestep:         1746 || Speed:  186.6 MC/s (2.122e-02 s/TS) || Energy: ~4.78e-19 (- 8.75dB)
[@       44s] Timestep:         1938 || Speed:  185.1 MC/s (2.140e-02 s/TS) || Energy: ~3.69e-19 (- 9.86dB)
[@       48s] Timestep:         2130 || Speed:  186.8 MC/s (2.120e-02 s/TS) || Energy: ~2.66e-19 (-11.29dB)
[@       53s] Timestep:         2322 || Speed:  185.9 MC/s (2.130e-02 s/TS) || Energy: ~2.00e-19 (-12.53dB)
[@       57s] Timestep:         2508 || Speed:  179.9 MC/s (2.202e-02 s/TS) || Energy: ~1.71e-19 (-13.20dB)
[@     1m01s] Timestep:         2700 || Speed:  187.3 MC/s (2.114e-02 s/TS) || Energy: ~1.42e-19 (-14.00dB)
[@     1m05s] Timestep:         2892 || Speed:  185.6 MC/s (2.134e-02 s/TS) || Energy: ~1.33e-19 (-14.30dB)
[@     1m09s] Timestep:         3084 || Speed:  187.4 MC/s (2.113e-02 s/TS) || Energy: ~1.28e-19 (-14.48dB)
[@     1m13s] Timestep:         3276 || Speed:  187.8 MC/s (2.109e-02 s/TS) || Energy: ~1.15e-19 (-14.92dB)
[@     1m17s] Timestep:         3468 || Speed:  184.1 MC/s (2.151e-02 s/TS) || Energy: ~9.63e-20 (-15.70dB)
[@     1m21s] Timestep:         3654 || Speed:  183.4 MC/s (2.159e-02 s/TS) || Energy: ~8.30e-20 (-16.34dB)
[@     1m25s] Timestep:         3840 || Speed:  181.2 MC/s (2.186e-02 s/TS) || Energy: ~7.25e-20 (-16.93dB)
[@     1m29s] Timestep:         4032 || Speed:  185.2 MC/s (2.138e-02 s/TS) || Energy: ~5.51e-20 (-18.12dB)
[@     1m33s] Timestep:         4224 || Speed:  185.9 MC/s (2.130e-02 s/TS) || Energy: ~4.09e-20 (-19.42dB)
[@     1m37s] Timestep:         4416 || Speed:  187.7 MC/s (2.110e-02 s/TS) || Energy: ~3.40e-20 (-20.22dB)
[@     1m41s] Timestep:         4608 || Speed:  187.3 MC/s (2.114e-02 s/TS) || Energy: ~3.39e-20 (-20.24dB)
[@     1m45s] Timestep:         4800 || Speed:  187.7 MC/s (2.110e-02 s/TS) || Energy: ~3.66e-20 (-19.90dB)
[@     1m49s] Timestep:         4992 || Speed:  187.6 MC/s (2.111e-02 s/TS) || Energy: ~3.78e-20 (-19.76dB)
[@     1m54s] Timestep:         5184 || Speed:  188.3 MC/s (2.103e-02 s/TS) || Energy: ~3.45e-20 (-20.16dB)
[@     1m58s] Timestep:         5376 || Speed:  187.4 MC/s (2.113e-02 s/TS) || Energy: ~2.70e-20 (-21.23dB)
[@     2m02s] Timestep:         5568 || Speed:  187.0 MC/s (2.118e-02 s/TS) || Energy: ~1.80e-20 (-22.98dB)
[@     2m06s] Timestep:         5760 || Speed:  187.5 MC/s (2.112e-02 s/TS) || Energy: ~1.12e-20 (-25.06dB)
[@     2m10s] Timestep:         5952 || Speed:  187.8 MC/s (2.109e-02 s/TS) || Energy: ~8.48e-21 (-26.25dB)
[@     2m14s] Timestep:         6144 || Speed:  185.2 MC/s (2.138e-02 s/TS) || Energy: ~9.91e-21 (-25.58dB)
[@     2m18s] Timestep:         6336 || Speed:  187.1 MC/s (2.117e-02 s/TS) || Energy: ~1.33e-20 (-24.28dB)
[@     2m22s] Timestep:         6528 || Speed:  187.4 MC/s (2.113e-02 s/TS) || Energy: ~1.61e-20 (-23.48dB)
[@     2m26s] Timestep:         6720 || Speed:  187.3 MC/s (2.115e-02 s/TS) || Energy: ~1.61e-20 (-23.46dB)
[@     2m30s] Timestep:         6912 || Speed:  185.5 MC/s (2.135e-02 s/TS) || Energy: ~1.33e-20 (-24.29dB)
[@     2m34s] Timestep:         7104 || Speed:  187.6 MC/s (2.111e-02 s/TS) || Energy: ~8.95e-21 (-26.02dB)
[@     2m38s] Timestep:         7296 || Speed:  185.1 MC/s (2.139e-02 s/TS) || Energy: ~4.97e-21 (-28.58dB)
[@     2m42s] Timestep:         7488 || Speed:  186.9 MC/s (2.119e-02 s/TS) || Energy: ~2.84e-21 (-31.01dB)
[@     2m46s] Timestep:         7680 || Speed:  187.1 MC/s (2.117e-02 s/TS) || Energy: ~2.93e-21 (-30.86dB)
[@     2m50s] Timestep:         7872 || Speed:  187.8 MC/s (2.109e-02 s/TS) || Energy: ~4.49e-21 (-29.01dB)
[@     2m55s] Timestep:         8064 || Speed:  186.9 MC/s (2.119e-02 s/TS) || Energy: ~6.20e-21 (-27.61dB)
[@     2m59s] Timestep:         8256 || Speed:  184.2 MC/s (2.150e-02 s/TS) || Energy: ~6.94e-21 (-27.12dB)
[@     3m03s] Timestep:         8448 || Speed:  187.5 MC/s (2.112e-02 s/TS) || Energy: ~6.33e-21 (-27.52dB)
[@     3m07s] Timestep:         8640 || Speed:  185.8 MC/s (2.131e-02 s/TS) || Energy: ~4.75e-21 (-28.77dB)
[@     3m11s] Timestep:         8826 || Speed:  182.7 MC/s (2.168e-02 s/TS) || Energy: ~4.39e-21 (-29.12dB)
[@     3m15s] Timestep:         9012 || Speed:  184.2 MC/s (2.151e-02 s/TS) || Energy: ~4.05e-21 (-29.46dB)
[@     3m19s] Timestep:         9204 || Speed:  187.2 MC/s (2.115e-02 s/TS) || Energy: ~2.65e-21 (-31.31dB)
[@     3m23s] Timestep:         9396 || Speed:  187.8 MC/s (2.109e-02 s/TS) || Energy: ~1.67e-21 (-33.31dB)
[@     3m27s] Timestep:         9588 || Speed:  187.4 MC/s (2.113e-02 s/TS) || Energy: ~1.43e-21 (-33.97dB)
[@     3m31s] Timestep:         9780 || Speed:  187.6 MC/s (2.111e-02 s/TS) || Energy: ~1.81e-21 (-32.96dB)
[@     3m35s] Timestep:         9972 || Speed:  187.0 MC/s (2.118e-02 s/TS) || Energy: ~2.39e-21 (-31.75dB)
[@     3m39s] Timestep:        10164 || Speed:  187.1 MC/s (2.116e-02 s/TS) || Energy: ~2.74e-21 (-31.16dB)
[@     3m43s] Timestep:        10356 || Speed:  187.1 MC/s (2.117e-02 s/TS) || Energy: ~2.62e-21 (-31.36dB)
[@     3m47s] Timestep:        10548 || Speed:  188.3 MC/s (2.103e-02 s/TS) || Energy: ~2.08e-21 (-32.36dB)
[@     3m51s] Timestep:        10740 || Speed:  187.7 MC/s (2.110e-02 s/TS) || Energy: ~1.38e-21 (-34.12dB)
[@     3m55s] Timestep:        10932 || Speed:  186.3 MC/s (2.126e-02 s/TS) || Energy: ~8.53e-22 (-36.23dB)
[@     4m00s] Timestep:        11124 || Speed:  186.8 MC/s (2.120e-02 s/TS) || Energy: ~6.69e-22 (-37.28dB)
[@     4m04s] Timestep:        11316 || Speed:  186.8 MC/s (2.120e-02 s/TS) || Energy: ~8.24e-22 (-36.38dB)
[@     4m08s] Timestep:        11508 || Speed:  185.6 MC/s (2.134e-02 s/TS) || Energy: ~1.14e-21 (-34.95dB)
[@     4m12s] Timestep:        11700 || Speed:  188.4 MC/s (2.102e-02 s/TS) || Energy: ~1.40e-21 (-34.07dB)
[@     4m16s] Timestep:        11892 || Speed:  187.5 MC/s (2.112e-02 s/TS) || Energy: ~1.44e-21 (-33.95dB)
[@     4m20s] Timestep:        12084 || Speed:  187.2 MC/s (2.116e-02 s/TS) || Energy: ~1.23e-21 (-34.64dB)
[@     4m24s] Timestep:        12276 || Speed:  187.2 MC/s (2.115e-02 s/TS) || Energy: ~8.76e-22 (-36.11dB)
[@     4m28s] Timestep:        12468 || Speed:  187.1 MC/s (2.117e-02 s/TS) || Energy: ~5.36e-22 (-38.24dB)
[@     4m32s] Timestep:        12660 || Speed:  186.5 MC/s (2.124e-02 s/TS) || Energy: ~3.41e-22 (-40.20dB)
[@     4m36s] Timestep:        12852 || Speed:  188.4 MC/s (2.103e-02 s/TS) || Energy: ~3.34e-22 (-40.30dB)
[@     4m40s] Timestep:        13044 || Speed:  187.7 MC/s (2.110e-02 s/TS) || Energy: ~4.63e-22 (-38.88dB)
[@     4m44s] Timestep:        13236 || Speed:  187.6 MC/s (2.111e-02 s/TS) || Energy: ~6.21e-22 (-37.61dB)
[@     4m48s] Timestep:        13428 || Speed:  187.8 MC/s (2.109e-02 s/TS) || Energy: ~7.08e-22 (-37.04dB)
[@     4m52s] Timestep:        13620 || Speed:  187.9 MC/s (2.108e-02 s/TS) || Energy: ~6.75e-22 (-37.24dB)
[@     4m56s] Timestep:        13812 || Speed:  187.6 MC/s (2.111e-02 s/TS) || Energy: ~5.41e-22 (-38.20dB)
[@     5m00s] Timestep:        14004 || Speed:  187.6 MC/s (2.111e-02 s/TS) || Energy: ~3.70e-22 (-39.85dB)
[@     5m04s] Timestep:        14196 || Speed:  187.5 MC/s (2.112e-02 s/TS) || Energy: ~2.35e-22 (-41.82dB)
[@     5m09s] Timestep:        14388 || Speed:  187.5 MC/s (2.113e-02 s/TS) || Energy: ~1.79e-22 (-43.01dB)
[@     5m13s] Timestep:        14580 || Speed:  187.3 MC/s (2.115e-02 s/TS) || Energy: ~2.00e-22 (-42.52dB)
[@     5m17s] Timestep:        14772 || Speed:  186.1 MC/s (2.128e-02 s/TS) || Energy: ~2.63e-22 (-41.34dB)
[@     5m21s] Timestep:        14964 || Speed:  187.7 MC/s (2.110e-02 s/TS) || Energy: ~3.17e-22 (-40.52dB)
[@     5m25s] Timestep:        15156 || Speed:  188.1 MC/s (2.105e-02 s/TS) || Energy: ~3.29e-22 (-40.36dB)
[@     5m29s] Timestep:        15348 || Speed:  187.4 MC/s (2.114e-02 s/TS) || Energy: ~2.92e-22 (-40.88dB)
[@     5m33s] Timestep:        15540 || Speed:  187.6 MC/s (2.111e-02 s/TS) || Energy: ~2.24e-22 (-42.03dB)
[@     5m37s] Timestep:        15732 || Speed:  188.0 MC/s (2.107e-02 s/TS) || Energy: ~1.56e-22 (-43.60dB)
[@     5m41s] Timestep:        15924 || Speed:  187.4 MC/s (2.114e-02 s/TS) || Energy: ~1.13e-22 (-45.00dB)
[@     5m45s] Timestep:        16116 || Speed:  187.9 MC/s (2.108e-02 s/TS) || Energy: ~1.04e-22 (-45.38dB)
[@     5m49s] Timestep:        16308 || Speed:  187.7 MC/s (2.110e-02 s/TS) || Energy: ~1.19e-22 (-44.78dB)
[@     5m53s] Timestep:        16500 || Speed:  187.7 MC/s (2.110e-02 s/TS) || Energy: ~1.40e-22 (-44.07dB)
[@     5m57s] Timestep:        16692 || Speed:  188.0 MC/s (2.106e-02 s/TS) || Energy: ~1.51e-22 (-43.75dB)
[@     6m01s] Timestep:        16884 || Speed:  187.5 MC/s (2.113e-02 s/TS) || Energy: ~1.43e-22 (-44.00dB)
[@     6m05s] Timestep:        17076 || Speed:  187.3 MC/s (2.114e-02 s/TS) || Energy: ~1.19e-22 (-44.78dB)
[@     6m09s] Timestep:        17268 || Speed:  187.5 MC/s (2.112e-02 s/TS) || Energy: ~9.11e-23 (-45.94dB)
[@     6m13s] Timestep:        17460 || Speed:  186.3 MC/s (2.126e-02 s/TS) || Energy: ~6.92e-23 (-47.14dB)
[@     6m17s] Timestep:        17652 || Speed:  187.7 MC/s (2.110e-02 s/TS) || Energy: ~5.92e-23 (-47.81dB)
[@     6m21s] Timestep:        17844 || Speed:  188.9 MC/s (2.097e-02 s/TS) || Energy: ~6.01e-23 (-47.75dB)
[@     6m26s] Timestep:        18036 || Speed:  187.7 MC/s (2.110e-02 s/TS) || Energy: ~6.57e-23 (-47.36dB)
[@     6m30s] Timestep:        18228 || Speed:  185.7 MC/s (2.132e-02 s/TS) || Energy: ~6.93e-23 (-47.13dB)
[@     6m34s] Timestep:        18420 || Speed:  187.4 MC/s (2.113e-02 s/TS) || Energy: ~6.68e-23 (-47.29dB)
[@     6m38s] Timestep:        18612 || Speed:  188.0 MC/s (2.107e-02 s/TS) || Energy: ~5.83e-23 (-47.88dB)
[@     6m42s] Timestep:        18804 || Speed:  187.5 MC/s (2.112e-02 s/TS) || Energy: ~4.72e-23 (-48.79dB)
[@     6m46s] Timestep:        18996 || Speed:  187.8 MC/s (2.109e-02 s/TS) || Energy: ~3.76e-23 (-49.78dB)
[@     6m50s] Timestep:        19188 || Speed:  188.3 MC/s (2.103e-02 s/TS) || Energy: ~3.22e-23 (-50.46dB)
Time for 19188 iterations with 3960600.00 cells : 410.38 sec
Speed: 185.18 MCells/s 
    [excite port 3/44]
 ---------------------------------------------------------------------- 
 | openEMS 64bit -- version v0.37.0-rc1-2-g7b051bb
 | (C) 2010-2026 Thorsten Liebig <thorsten.liebig@gmx.de>  GPL license
 ---------------------------------------------------------------------- 
	Used external libraries:
		CSXCAD -- Version: v0.7.0-rc1-1-g5115701
		hdf5   -- Version: 1.10.10
		          compiled against: HDF5 library version: 1.10.10
		tinyxml -- compiled against: 2.6.2
		fparser
		boost  -- compiled against: 1_83
		vtk -- Version: 9.1.0
		       compiled against: 9.1.0

Create FDTD operator (compressed SSE + multi-threading)
FDTD simulation size: 184x205x105 --> 3960600.00 FDTD cells 
FDTD timestep is: 0.00 s; Nyquist rate: 24 timesteps @103555373668.00 Hz
Excitation signal length is: 286 timesteps (0.00s)
Max. number of timesteps: 60000 ( --> 209.79 * Excitation signal length)
Create FDTD engine (compressed SSE + multi-threading)
Running FDTD engine... this may take a while... grab a cup of coffee?!?
[@        4s] Timestep:           96 || Speed:   90.4 MC/s (4.379e-02 s/TS) || Energy: ~2.15e-19 (- 0.00dB)
[@        8s] Timestep:          246 || Speed:  146.0 MC/s (2.712e-02 s/TS) || Energy: ~3.92e-18 (- 0.00dB)
[@       12s] Timestep:          414 || Speed:  166.1 MC/s (2.384e-02 s/TS) || Energy: ~2.39e-18 (- 2.14dB)
[@       16s] Timestep:          600 || Speed:  178.8 MC/s (2.215e-02 s/TS) || Energy: ~1.24e-18 (- 5.01dB)
[@       20s] Timestep:          792 || Speed:  184.3 MC/s (2.149e-02 s/TS) || Energy: ~1.02e-18 (- 5.87dB)
[@       24s] Timestep:          984 || Speed:  184.7 MC/s (2.144e-02 s/TS) || Energy: ~1.15e-18 (- 5.31dB)
[@       28s] Timestep:         1170 || Speed:  182.3 MC/s (2.173e-02 s/TS) || Energy: ~1.00e-18 (- 5.91dB)
Multithreaded Engine: Best performance found using 6 threads.
[@       32s] Timestep:         1356 || Speed:  183.6 MC/s (2.157e-02 s/TS) || Energy: ~8.63e-19 (- 6.57dB)
[@       36s] Timestep:         1548 || Speed:  185.4 MC/s (2.136e-02 s/TS) || Energy: ~7.85e-19 (- 6.98dB)
[@       40s] Timestep:         1740 || Speed:  185.5 MC/s (2.135e-02 s/TS) || Energy: ~6.53e-19 (- 7.78dB)
[@       44s] Timestep:         1932 || Speed:  185.4 MC/s (2.136e-02 s/TS) || Energy: ~5.19e-19 (- 8.78dB)
[@       49s] Timestep:         2124 || Speed:  187.2 MC/s (2.116e-02 s/TS) || Energy: ~4.10e-19 (- 9.81dB)
[@       53s] Timestep:         2316 || Speed:  185.3 MC/s (2.137e-02 s/TS) || Energy: ~3.41e-19 (-10.61dB)
[@       57s] Timestep:         2508 || Speed:  186.5 MC/s (2.124e-02 s/TS) || Energy: ~2.92e-19 (-11.28dB)
[@     1m01s] Timestep:         2700 || Speed:  186.1 MC/s (2.128e-02 s/TS) || Energy: ~2.49e-19 (-11.97dB)
[@     1m05s] Timestep:         2886 || Speed:  181.0 MC/s (2.188e-02 s/TS) || Energy: ~2.18e-19 (-12.54dB)
[@     1m09s] Timestep:         3078 || Speed:  186.7 MC/s (2.121e-02 s/TS) || Energy: ~1.82e-19 (-13.34dB)
[@     1m13s] Timestep:         3270 || Speed:  185.7 MC/s (2.133e-02 s/TS) || Energy: ~1.40e-19 (-14.48dB)
[@     1m17s] Timestep:         3462 || Speed:  185.7 MC/s (2.133e-02 s/TS) || Energy: ~1.04e-19 (-15.78dB)
[@     1m21s] Timestep:         3654 || Speed:  185.8 MC/s (2.131e-02 s/TS) || Energy: ~7.92e-20 (-16.95dB)
[@     1m25s] Timestep:         3846 || Speed:  186.5 MC/s (2.123e-02 s/TS) || Energy: ~6.98e-20 (-17.50dB)
[@     1m29s] Timestep:         4038 || Speed:  186.2 MC/s (2.127e-02 s/TS) || Energy: ~7.30e-20 (-17.30dB)
[@     1m33s] Timestep:         4224 || Speed:  183.6 MC/s (2.157e-02 s/TS) || Energy: ~6.16e-20 (-18.04dB)
[@     1m38s] Timestep:         4416 || Speed:  185.8 MC/s (2.131e-02 s/TS) || Energy: ~6.77e-20 (-17.63dB)
[@     1m42s] Timestep:         4608 || Speed:  185.4 MC/s (2.136e-02 s/TS) || Energy: ~7.05e-20 (-17.45dB)
[@     1m46s] Timestep:         4800 || Speed:  187.0 MC/s (2.118e-02 s/TS) || Energy: ~6.59e-20 (-17.75dB)
[@     1m50s] Timestep:         4992 || Speed:  185.7 MC/s (2.132e-02 s/TS) || Energy: ~5.47e-20 (-18.55dB)
[@     1m54s] Timestep:         5184 || Speed:  185.0 MC/s (2.141e-02 s/TS) || Energy: ~4.06e-20 (-19.85dB)
[@     1m58s] Timestep:         5370 || Speed:  183.0 MC/s (2.165e-02 s/TS) || Energy: ~3.72e-20 (-20.22dB)
[@     2m02s] Timestep:         5562 || Speed:  184.2 MC/s (2.151e-02 s/TS) || Energy: ~2.61e-20 (-21.77dB)
[@     2m06s] Timestep:         5754 || Speed:  186.2 MC/s (2.127e-02 s/TS) || Energy: ~1.94e-20 (-23.06dB)
[@     2m10s] Timestep:         5946 || Speed:  186.7 MC/s (2.122e-02 s/TS) || Energy: ~1.78e-20 (-23.43dB)
[@     2m14s] Timestep:         6126 || Speed:  172.1 MC/s (2.302e-02 s/TS) || Energy: ~1.63e-20 (-23.81dB)
[@     2m18s] Timestep:         6294 || Speed:  163.6 MC/s (2.421e-02 s/TS) || Energy: ~2.81e-20 (-21.44dB)
[@     2m22s] Timestep:         6480 || Speed:  183.1 MC/s (2.164e-02 s/TS) || Energy: ~2.54e-20 (-21.89dB)
[@     2m26s] Timestep:         6672 || Speed:  187.4 MC/s (2.113e-02 s/TS) || Energy: ~2.16e-20 (-22.58dB)
[@     2m31s] Timestep:         6864 || Speed:  188.9 MC/s (2.096e-02 s/TS) || Energy: ~1.68e-20 (-23.67dB)
[@     2m35s] Timestep:         7056 || Speed:  188.9 MC/s (2.097e-02 s/TS) || Energy: ~1.25e-20 (-24.97dB)
[@     2m39s] Timestep:         7248 || Speed:  189.7 MC/s (2.087e-02 s/TS) || Energy: ~9.54e-21 (-26.14dB)
[@     2m43s] Timestep:         7440 || Speed:  185.2 MC/s (2.138e-02 s/TS) || Energy: ~8.23e-21 (-26.78dB)
[@     2m47s] Timestep:         7632 || Speed:  189.5 MC/s (2.090e-02 s/TS) || Energy: ~8.11e-21 (-26.84dB)
[@     2m51s] Timestep:         7830 || Speed:  189.7 MC/s (2.088e-02 s/TS) || Energy: ~1.04e-20 (-25.78dB)
[@     2m55s] Timestep:         8022 || Speed:  189.0 MC/s (2.095e-02 s/TS) || Energy: ~1.02e-20 (-25.83dB)
[@     2m59s] Timestep:         8214 || Speed:  190.0 MC/s (2.085e-02 s/TS) || Energy: ~9.60e-21 (-26.11dB)
[@     3m03s] Timestep:         8412 || Speed:  190.2 MC/s (2.082e-02 s/TS) || Energy: ~7.58e-21 (-27.14dB)
[@     3m07s] Timestep:         8604 || Speed:  189.8 MC/s (2.087e-02 s/TS) || Energy: ~6.13e-21 (-28.06dB)
[@     3m11s] Timestep:         8796 || Speed:  190.0 MC/s (2.084e-02 s/TS) || Energy: ~4.89e-21 (-29.04dB)
[@     3m15s] Timestep:         8994 || Speed:  190.2 MC/s (2.082e-02 s/TS) || Energy: ~4.07e-21 (-29.83dB)
[@     3m19s] Timestep:         9186 || Speed:  190.0 MC/s (2.084e-02 s/TS) || Energy: ~4.17e-21 (-29.73dB)
[@     3m23s] Timestep:         9378 || Speed:  189.1 MC/s (2.095e-02 s/TS) || Energy: ~4.52e-21 (-29.38dB)
[@     3m27s] Timestep:         9576 || Speed:  190.4 MC/s (2.080e-02 s/TS) || Energy: ~5.37e-21 (-28.63dB)
[@     3m31s] Timestep:         9768 || Speed:  190.0 MC/s (2.085e-02 s/TS) || Energy: ~4.86e-21 (-29.07dB)
[@     3m35s] Timestep:         9966 || Speed:  190.2 MC/s (2.083e-02 s/TS) || Energy: ~2.98e-21 (-31.20dB)
[@     3m39s] Timestep:        10164 || Speed:  191.1 MC/s (2.073e-02 s/TS) || Energy: ~1.92e-21 (-33.09dB)
[@     3m43s] Timestep:        10356 || Speed:  189.8 MC/s (2.086e-02 s/TS) || Energy: ~2.08e-21 (-32.76dB)
[@     3m48s] Timestep:        10554 || Speed:  190.8 MC/s (2.076e-02 s/TS) || Energy: ~3.31e-21 (-30.73dB)
[@     3m52s] Timestep:        10746 || Speed:  189.9 MC/s (2.086e-02 s/TS) || Energy: ~3.38e-21 (-30.64dB)
[@     3m56s] Timestep:        10938 || Speed:  188.4 MC/s (2.102e-02 s/TS) || Energy: ~3.03e-21 (-31.12dB)
[@     4m00s] Timestep:        11130 || Speed:  188.7 MC/s (2.098e-02 s/TS) || Energy: ~2.37e-21 (-32.19dB)
[@     4m04s] Timestep:        11322 || Speed:  190.1 MC/s (2.084e-02 s/TS) || Energy: ~1.63e-21 (-33.82dB)
[@     4m08s] Timestep:        11514 || Speed:  188.6 MC/s (2.100e-02 s/TS) || Energy: ~1.06e-21 (-35.68dB)
[@     4m12s] Timestep:        11706 || Speed:  190.0 MC/s (2.085e-02 s/TS) || Energy: ~8.20e-22 (-36.80dB)
[@     4m16s] Timestep:        11904 || Speed:  190.3 MC/s (2.081e-02 s/TS) || Energy: ~1.35e-21 (-34.63dB)
[@     4m20s] Timestep:        12102 || Speed:  190.4 MC/s (2.080e-02 s/TS) || Energy: ~1.85e-21 (-33.26dB)
[@     4m24s] Timestep:        12294 || Speed:  189.5 MC/s (2.090e-02 s/TS) || Energy: ~1.62e-21 (-33.84dB)
[@     4m28s] Timestep:        12486 || Speed:  188.6 MC/s (2.100e-02 s/TS) || Energy: ~1.22e-21 (-35.06dB)
[@     4m32s] Timestep:        12678 || Speed:  189.6 MC/s (2.088e-02 s/TS) || Energy: ~8.20e-22 (-36.80dB)
[@     4m36s] Timestep:        12870 || Speed:  185.2 MC/s (2.139e-02 s/TS) || Energy: ~5.51e-22 (-38.52dB)
[@     4m40s] Timestep:        13044 || Speed:  171.0 MC/s (2.316e-02 s/TS) || Energy: ~1.04e-21 (-35.78dB)
[@     4m44s] Timestep:        13230 || Speed:  179.2 MC/s (2.210e-02 s/TS) || Energy: ~9.69e-22 (-36.07dB)
[@     4m48s] Timestep:        13422 || Speed:  185.1 MC/s (2.140e-02 s/TS) || Energy: ~7.00e-22 (-37.48dB)
[@     4m52s] Timestep:        13614 || Speed:  188.5 MC/s (2.101e-02 s/TS) || Energy: ~4.73e-22 (-39.19dB)
[@     4m56s] Timestep:        13806 || Speed:  188.6 MC/s (2.100e-02 s/TS) || Energy: ~3.58e-22 (-40.40dB)
[@     5m00s] Timestep:        13998 || Speed:  186.0 MC/s (2.129e-02 s/TS) || Energy: ~3.62e-22 (-40.34dB)
[@     5m05s] Timestep:        14190 || Speed:  188.7 MC/s (2.099e-02 s/TS) || Energy: ~4.38e-22 (-39.52dB)
[@     5m09s] Timestep:        14382 || Speed:  189.7 MC/s (2.087e-02 s/TS) || Energy: ~5.16e-22 (-38.81dB)
[@     5m13s] Timestep:        14574 || Speed:  188.2 MC/s (2.104e-02 s/TS) || Energy: ~5.39e-22 (-38.62dB)
[@     5m17s] Timestep:        14772 || Speed:  190.2 MC/s (2.082e-02 s/TS) || Energy: ~4.17e-22 (-39.73dB)
[@     5m21s] Timestep:        14964 || Speed:  189.8 MC/s (2.087e-02 s/TS) || Energy: ~2.99e-22 (-41.17dB)
[@     5m25s] Timestep:        15156 || Speed:  187.9 MC/s (2.108e-02 s/TS) || Energy: ~2.22e-22 (-42.47dB)
[@     5m29s] Timestep:        15348 || Speed:  189.3 MC/s (2.092e-02 s/TS) || Energy: ~2.02e-22 (-42.87dB)
[@     5m33s] Timestep:        15540 || Speed:  188.6 MC/s (2.100e-02 s/TS) || Energy: ~2.27e-22 (-42.37dB)
[@     5m37s] Timestep:        15732 || Speed:  189.9 MC/s (2.086e-02 s/TS) || Energy: ~2.64e-22 (-41.71dB)
[@     5m41s] Timestep:        15930 || Speed:  190.7 MC/s (2.077e-02 s/TS) || Energy: ~2.85e-22 (-41.38dB)
[@     5m45s] Timestep:        16122 || Speed:  188.1 MC/s (2.106e-02 s/TS) || Energy: ~2.32e-22 (-42.28dB)
[@     5m49s] Timestep:        16320 || Speed:  189.9 MC/s (2.086e-02 s/TS) || Energy: ~1.35e-22 (-44.62dB)
[@     5m53s] Timestep:        16512 || Speed:  188.7 MC/s (2.098e-02 s/TS) || Energy: ~1.21e-22 (-45.11dB)
[@     5m57s] Timestep:        16704 || Speed:  189.8 MC/s (2.086e-02 s/TS) || Energy: ~1.34e-22 (-44.65dB)
[@     6m01s] Timestep:        16896 || Speed:  189.7 MC/s (2.087e-02 s/TS) || Energy: ~1.58e-22 (-43.94dB)
[@     6m05s] Timestep:        17094 || Speed:  190.9 MC/s (2.075e-02 s/TS) || Energy: ~1.77e-22 (-43.45dB)
[@     6m09s] Timestep:        17286 || Speed:  190.0 MC/s (2.084e-02 s/TS) || Energy: ~1.45e-22 (-44.31dB)
[@     6m13s] Timestep:        17478 || Speed:  189.7 MC/s (2.088e-02 s/TS) || Energy: ~1.06e-22 (-45.69dB)
[@     6m17s] Timestep:        17670 || Speed:  189.4 MC/s (2.092e-02 s/TS) || Energy: ~7.38e-23 (-47.25dB)
[@     6m21s] Timestep:        17862 || Speed:  190.1 MC/s (2.083e-02 s/TS) || Energy: ~6.06e-23 (-48.11dB)
[@     6m25s] Timestep:        18054 || Speed:  188.6 MC/s (2.100e-02 s/TS) || Energy: ~6.64e-23 (-47.71dB)
[@     6m29s] Timestep:        18252 || Speed:  190.5 MC/s (2.080e-02 s/TS) || Energy: ~1.06e-22 (-45.68dB)
[@     6m34s] Timestep:        18450 || Speed:  190.6 MC/s (2.078e-02 s/TS) || Energy: ~9.79e-23 (-46.02dB)
[@     6m38s] Timestep:        18648 || Speed:  190.2 MC/s (2.082e-02 s/TS) || Energy: ~5.07e-23 (-48.88dB)
[@     6m42s] Timestep:        18846 || Speed:  190.9 MC/s (2.075e-02 s/TS) || Energy: ~4.36e-23 (-49.53dB)
[@     6m46s] Timestep:        19044 || Speed:  190.4 MC/s (2.080e-02 s/TS) || Energy: ~7.48e-23 (-47.20dB)
[@     6m50s] Timestep:        19242 || Speed:  190.7 MC/s (2.077e-02 s/TS) || Energy: ~7.46e-23 (-47.20dB)
[@     6m54s] Timestep:        19440 || Speed:  190.6 MC/s (2.078e-02 s/TS) || Energy: ~3.96e-23 (-49.96dB)
[@     6m58s] Timestep:        19632 || Speed:  190.0 MC/s (2.084e-02 s/TS) || Energy: ~2.78e-23 (-51.49dB)
Time for 19632 iterations with 3960600.00 cells : 418.60 sec
Speed: 185.75 MCells/s 
    [excite port 4/44]
 ---------------------------------------------------------------------- 
 | openEMS 64bit -- version v0.37.0-rc1-2-g7b051bb
 | (C) 2010-2026 Thorsten Liebig <thorsten.liebig@gmx.de>  GPL license
 ---------------------------------------------------------------------- 
	Used external libraries:
		CSXCAD -- Version: v0.7.0-rc1-1-g5115701
		hdf5   -- Version: 1.10.10
		          compiled against: HDF5 library version: 1.10.10
		tinyxml -- compiled against: 2.6.2
		fparser
		boost  -- compiled against: 1_83
		vtk -- Version: 9.1.0
		       compiled against: 9.1.0

Create FDTD operator (compressed SSE + multi-threading)
FDTD simulation size: 184x205x105 --> 3960600.00 FDTD cells 
FDTD timestep is: 0.00 s; Nyquist rate: 24 timesteps @103555373668.00 Hz
Excitation signal length is: 286 timesteps (0.00s)
Max. number of timesteps: 60000 ( --> 209.79 * Excitation signal length)
Create FDTD engine (compressed SSE + multi-threading)
Running FDTD engine... this may take a while... grab a cup of coffee?!?
[@        4s] Timestep:           96 || Speed:   89.6 MC/s (4.419e-02 s/TS) || Energy: ~2.15e-19 (- 0.00dB)
[@        8s] Timestep:          234 || Speed:  136.6 MC/s (2.899e-02 s/TS) || Energy: ~4.22e-18 (- 0.00dB)
[@       12s] Timestep:          396 || Speed:  159.2 MC/s (2.487e-02 s/TS) || Energy: ~2.29e-18 (- 2.65dB)
[@       16s] Timestep:          570 || Speed:  170.4 MC/s (2.324e-02 s/TS) || Energy: ~1.44e-18 (- 4.68dB)
[@       20s] Timestep:          762 || Speed:  185.3 MC/s (2.137e-02 s/TS) || Energy: ~1.09e-18 (- 5.86dB)
[@       24s] Timestep:          954 || Speed:  189.0 MC/s (2.096e-02 s/TS) || Energy: ~9.18e-19 (- 6.63dB)
[@       28s] Timestep:         1146 || Speed:  189.8 MC/s (2.087e-02 s/TS) || Energy: ~7.00e-19 (- 7.80dB)
[@       32s] Timestep:         1338 || Speed:  184.7 MC/s (2.144e-02 s/TS) || Energy: ~5.47e-19 (- 8.88dB)
Multithreaded Engine: Best performance found using 7 threads.
[@       36s] Timestep:         1530 || Speed:  189.5 MC/s (2.090e-02 s/TS) || Energy: ~3.95e-19 (-10.29dB)
[@       40s] Timestep:         1722 || Speed:  189.7 MC/s (2.087e-02 s/TS) || Energy: ~3.28e-19 (-11.10dB)
[@       44s] Timestep:         1914 || Speed:  189.5 MC/s (2.090e-02 s/TS) || Energy: ~3.09e-19 (-11.35dB)
[@       48s] Timestep:         2112 || Speed:  190.5 MC/s (2.079e-02 s/TS) || Energy: ~3.55e-19 (-10.75dB)
[@       52s] Timestep:         2304 || Speed:  189.3 MC/s (2.092e-02 s/TS) || Energy: ~3.16e-19 (-11.26dB)
[@       56s] Timestep:         2496 || Speed:  188.1 MC/s (2.106e-02 s/TS) || Energy: ~2.51e-19 (-12.25dB)
[@     1m00s] Timestep:         2688 || Speed:  189.8 MC/s (2.087e-02 s/TS) || Energy: ~1.87e-19 (-13.53dB)
[@     1m04s] Timestep:         2880 || Speed:  189.8 MC/s (2.087e-02 s/TS) || Energy: ~1.37e-19 (-14.90dB)
[@     1m08s] Timestep:         3072 || Speed:  189.5 MC/s (2.090e-02 s/TS) || Energy: ~1.10e-19 (-15.83dB)
[@     1m12s] Timestep:         3264 || Speed:  189.4 MC/s (2.091e-02 s/TS) || Energy: ~1.05e-19 (-16.05dB)
[@     1m16s] Timestep:         3456 || Speed:  189.0 MC/s (2.096e-02 s/TS) || Energy: ~1.10e-19 (-15.86dB)
[@     1m20s] Timestep:         3648 || Speed:  189.7 MC/s (2.088e-02 s/TS) || Energy: ~1.16e-19 (-15.62dB)
[@     1m24s] Timestep:         3840 || Speed:  187.5 MC/s (2.113e-02 s/TS) || Energy: ~1.14e-19 (-15.67dB)
[@     1m28s] Timestep:         4032 || Speed:  188.4 MC/s (2.102e-02 s/TS) || Energy: ~1.05e-19 (-16.06dB)
[@     1m32s] Timestep:         4224 || Speed:  188.5 MC/s (2.102e-02 s/TS) || Energy: ~8.83e-20 (-16.80dB)
[@     1m37s] Timestep:         4416 || Speed:  188.8 MC/s (2.097e-02 s/TS) || Energy: ~6.95e-20 (-17.84dB)
[@     1m41s] Timestep:         4608 || Speed:  189.1 MC/s (2.095e-02 s/TS) || Energy: ~5.27e-20 (-19.04dB)
[@     1m45s] Timestep:         4800 || Speed:  189.2 MC/s (2.094e-02 s/TS) || Energy: ~4.01e-20 (-20.22dB)
[@     1m49s] Timestep:         4998 || Speed:  189.8 MC/s (2.087e-02 s/TS) || Energy: ~3.32e-20 (-21.04dB)
[@     1m53s] Timestep:         5190 || Speed:  185.9 MC/s (2.131e-02 s/TS) || Energy: ~3.35e-20 (-21.00dB)
[@     1m57s] Timestep:         5382 || Speed:  189.2 MC/s (2.094e-02 s/TS) || Energy: ~3.47e-20 (-20.86dB)
[@     2m01s] Timestep:         5574 || Speed:  187.6 MC/s (2.112e-02 s/TS) || Energy: ~3.51e-20 (-20.80dB)
[@     2m05s] Timestep:         5766 || Speed:  189.9 MC/s (2.086e-02 s/TS) || Energy: ~3.41e-20 (-20.93dB)
[@     2m09s] Timestep:         5958 || Speed:  186.2 MC/s (2.127e-02 s/TS) || Energy: ~3.13e-20 (-21.30dB)
[@     2m13s] Timestep:         6150 || Speed:  184.2 MC/s (2.150e-02 s/TS) || Energy: ~2.71e-20 (-21.93dB)
[@     2m17s] Timestep:         6342 || Speed:  187.4 MC/s (2.114e-02 s/TS) || Energy: ~2.20e-20 (-22.83dB)
[@     2m21s] Timestep:         6534 || Speed:  189.4 MC/s (2.091e-02 s/TS) || Energy: ~1.70e-20 (-23.95dB)
[@     2m25s] Timestep:         6726 || Speed:  189.9 MC/s (2.085e-02 s/TS) || Energy: ~1.29e-20 (-25.15dB)
[@     2m29s] Timestep:         6918 || Speed:  188.8 MC/s (2.098e-02 s/TS) || Energy: ~1.02e-20 (-26.16dB)
[@     2m33s] Timestep:         7110 || Speed:  189.7 MC/s (2.088e-02 s/TS) || Energy: ~9.14e-21 (-26.65dB)
[@     2m37s] Timestep:         7302 || Speed:  189.5 MC/s (2.089e-02 s/TS) || Energy: ~9.31e-21 (-26.57dB)
[@     2m41s] Timestep:         7494 || Speed:  187.6 MC/s (2.112e-02 s/TS) || Energy: ~1.01e-20 (-26.20dB)
[@     2m45s] Timestep:         7686 || Speed:  189.8 MC/s (2.087e-02 s/TS) || Energy: ~1.09e-20 (-25.90dB)
[@     2m49s] Timestep:         7878 || Speed:  189.4 MC/s (2.091e-02 s/TS) || Energy: ~1.10e-20 (-25.86dB)
[@     2m53s] Timestep:         8070 || Speed:  189.8 MC/s (2.087e-02 s/TS) || Energy: ~1.02e-20 (-26.17dB)
[@     2m57s] Timestep:         8262 || Speed:  189.7 MC/s (2.088e-02 s/TS) || Energy: ~8.68e-21 (-26.87dB)
[@     3m01s] Timestep:         8460 || Speed:  190.3 MC/s (2.081e-02 s/TS) || Energy: ~5.32e-21 (-29.00dB)
[@     3m05s] Timestep:         8652 || Speed:  187.9 MC/s (2.108e-02 s/TS) || Energy: ~4.21e-21 (-30.01dB)
[@     3m10s] Timestep:         8850 || Speed:  190.6 MC/s (2.077e-02 s/TS) || Energy: ~4.66e-21 (-29.57dB)
[@     3m14s] Timestep:         9042 || Speed:  189.6 MC/s (2.089e-02 s/TS) || Energy: ~5.16e-21 (-29.13dB)
[@     3m18s] Timestep:         9234 || Speed:  189.7 MC/s (2.087e-02 s/TS) || Energy: ~5.40e-21 (-28.93dB)
[@     3m22s] Timestep:         9426 || Speed:  186.8 MC/s (2.120e-02 s/TS) || Energy: ~5.19e-21 (-29.10dB)
[@     3m26s] Timestep:         9618 || Speed:  189.5 MC/s (2.090e-02 s/TS) || Energy: ~4.54e-21 (-29.68dB)
[@     3m30s] Timestep:         9810 || Speed:  189.4 MC/s (2.091e-02 s/TS) || Energy: ~3.66e-21 (-30.62dB)
[@     3m34s] Timestep:         9996 || Speed:  183.7 MC/s (2.156e-02 s/TS) || Energy: ~3.45e-21 (-30.88dB)
[@     3m38s] Timestep:        10188 || Speed:  188.2 MC/s (2.105e-02 s/TS) || Energy: ~2.67e-21 (-31.99dB)
[@     3m42s] Timestep:        10380 || Speed:  189.7 MC/s (2.087e-02 s/TS) || Energy: ~2.10e-21 (-33.04dB)
[@     3m46s] Timestep:        10572 || Speed:  189.8 MC/s (2.086e-02 s/TS) || Energy: ~1.83e-21 (-33.62dB)
[@     3m50s] Timestep:        10764 || Speed:  186.3 MC/s (2.126e-02 s/TS) || Energy: ~1.85e-21 (-33.58dB)
[@     3m54s] Timestep:        10956 || Speed:  188.3 MC/s (2.104e-02 s/TS) || Energy: ~2.00e-21 (-33.24dB)
[@     3m58s] Timestep:        11148 || Speed:  189.8 MC/s (2.086e-02 s/TS) || Energy: ~2.13e-21 (-32.97dB)
[@     4m02s] Timestep:        11340 || Speed:  189.7 MC/s (2.087e-02 s/TS) || Energy: ~2.11e-21 (-33.02dB)
[@     4m06s] Timestep:        11532 || Speed:  188.2 MC/s (2.105e-02 s/TS) || Energy: ~1.91e-21 (-33.45dB)
[@     4m10s] Timestep:        11724 || Speed:  189.6 MC/s (2.089e-02 s/TS) || Energy: ~1.58e-21 (-34.26dB)
[@     4m14s] Timestep:        11916 || Speed:  189.3 MC/s (2.092e-02 s/TS) || Energy: ~1.24e-21 (-35.31dB)
[@     4m18s] Timestep:        12108 || Speed:  189.9 MC/s (2.086e-02 s/TS) || Energy: ~9.81e-22 (-36.34dB)
[@     4m22s] Timestep:        12300 || Speed:  189.4 MC/s (2.091e-02 s/TS) || Energy: ~8.53e-22 (-36.95dB)
[@     4m26s] Timestep:        12492 || Speed:  189.3 MC/s (2.092e-02 s/TS) || Energy: ~8.48e-22 (-36.97dB)
[@     4m30s] Timestep:        12684 || Speed:  188.1 MC/s (2.105e-02 s/TS) || Energy: ~9.09e-22 (-36.67dB)
[@     4m34s] Timestep:        12876 || Speed:  189.6 MC/s (2.089e-02 s/TS) || Energy: ~9.63e-22 (-36.42dB)
[@     4m38s] Timestep:        13068 || Speed:  189.2 MC/s (2.094e-02 s/TS) || Energy: ~9.58e-22 (-36.44dB)
[@     4m42s] Timestep:        13260 || Speed:  188.7 MC/s (2.099e-02 s/TS) || Energy: ~8.77e-22 (-36.82dB)
[@     4m46s] Timestep:        13452 || Speed:  189.6 MC/s (2.089e-02 s/TS) || Energy: ~7.42e-22 (-37.55dB)
[@     4m50s] Timestep:        13644 || Speed:  188.1 MC/s (2.106e-02 s/TS) || Energy: ~5.95e-22 (-38.51dB)
[@     4m54s] Timestep:        13836 || Speed:  188.2 MC/s (2.105e-02 s/TS) || Energy: ~4.76e-22 (-39.48dB)
[@     4m58s] Timestep:        14022 || Speed:  183.3 MC/s (2.161e-02 s/TS) || Energy: ~4.50e-22 (-39.73dB)
[@     5m02s] Timestep:        14214 || Speed:  188.0 MC/s (2.106e-02 s/TS) || Energy: ~3.81e-22 (-40.44dB)
[@     5m06s] Timestep:        14406 || Speed:  188.9 MC/s (2.097e-02 s/TS) || Energy: ~3.59e-22 (-40.70dB)
[@     5m10s] Timestep:        14598 || Speed:  188.7 MC/s (2.099e-02 s/TS) || Energy: ~3.67e-22 (-40.61dB)
[@     5m14s] Timestep:        14790 || Speed:  188.9 MC/s (2.097e-02 s/TS) || Energy: ~3.81e-22 (-40.45dB)
[@     5m18s] Timestep:        14982 || Speed:  189.7 MC/s (2.088e-02 s/TS) || Energy: ~3.80e-22 (-40.46dB)
[@     5m22s] Timestep:        15174 || Speed:  189.6 MC/s (2.089e-02 s/TS) || Energy: ~3.55e-22 (-40.76dB)
[@     5m26s] Timestep:        15366 || Speed:  190.0 MC/s (2.084e-02 s/TS) || Energy: ~3.10e-22 (-41.34dB)
[@     5m30s] Timestep:        15564 || Speed:  190.5 MC/s (2.079e-02 s/TS) || Energy: ~2.27e-22 (-42.70dB)
[@     5m34s] Timestep:        15756 || Speed:  190.1 MC/s (2.084e-02 s/TS) || Energy: ~1.96e-22 (-43.33dB)
[@     5m39s] Timestep:        15948 || Speed:  187.6 MC/s (2.111e-02 s/TS) || Energy: ~1.84e-22 (-43.61dB)
[@     5m43s] Timestep:        16140 || Speed:  189.9 MC/s (2.086e-02 s/TS) || Energy: ~1.84e-22 (-43.60dB)
[@     5m47s] Timestep:        16332 || Speed:  189.7 MC/s (2.087e-02 s/TS) || Energy: ~1.87e-22 (-43.53dB)
[@     5m51s] Timestep:        16524 || Speed:  186.8 MC/s (2.120e-02 s/TS) || Energy: ~1.85e-22 (-43.59dB)
[@     5m55s] Timestep:        16716 || Speed:  189.0 MC/s (2.096e-02 s/TS) || Energy: ~1.72e-22 (-43.89dB)
[@     5m59s] Timestep:        16908 || Speed:  189.6 MC/s (2.089e-02 s/TS) || Energy: ~1.51e-22 (-44.46dB)
[@     6m03s] Timestep:        17100 || Speed:  188.5 MC/s (2.101e-02 s/TS) || Energy: ~1.26e-22 (-45.25dB)
[@     6m07s] Timestep:        17292 || Speed:  189.5 MC/s (2.090e-02 s/TS) || Energy: ~1.03e-22 (-46.12dB)
[@     6m11s] Timestep:        17484 || Speed:  189.0 MC/s (2.095e-02 s/TS) || Energy: ~8.65e-23 (-46.89dB)
[@     6m15s] Timestep:        17676 || Speed:  189.8 MC/s (2.086e-02 s/TS) || Energy: ~7.80e-23 (-47.34dB)
[@     6m19s] Timestep:        17868 || Speed:  189.4 MC/s (2.091e-02 s/TS) || Energy: ~7.64e-23 (-47.43dB)
[@     6m23s] Timestep:        18060 || Speed:  189.4 MC/s (2.091e-02 s/TS) || Energy: ~7.82e-23 (-47.32dB)
[@     6m27s] Timestep:        18252 || Speed:  189.3 MC/s (2.092e-02 s/TS) || Energy: ~7.96e-23 (-47.25dB)
[@     6m31s] Timestep:        18444 || Speed:  189.8 MC/s (2.087e-02 s/TS) || Energy: ~7.76e-23 (-47.36dB)
[@     6m35s] Timestep:        18636 || Speed:  189.3 MC/s (2.092e-02 s/TS) || Energy: ~7.12e-23 (-47.73dB)
[@     6m39s] Timestep:        18828 || Speed:  189.1 MC/s (2.094e-02 s/TS) || Energy: ~6.10e-23 (-48.40dB)
[@     6m43s] Timestep:        19020 || Speed:  189.4 MC/s (2.091e-02 s/TS) || Energy: ~4.95e-23 (-49.31dB)
[@     6m47s] Timestep:        19212 || Speed:  189.3 MC/s (2.092e-02 s/TS) || Energy: ~3.93e-23 (-50.31dB)
Time for 19212 iterations with 3960600.00 cells : 407.33 sec
Speed: 186.81 MCells/s 
    [excite port 5/44]
 ---------------------------------------------------------------------- 
 | openEMS 64bit -- version v0.37.0-rc1-2-g7b051bb
 | (C) 2010-2026 Thorsten Liebig <thorsten.liebig@gmx.de>  GPL license
 ---------------------------------------------------------------------- 
	Used external libraries:
		CSXCAD -- Version: v0.7.0-rc1-1-g5115701
		hdf5   -- Version: 1.10.10
		          compiled against: HDF5 library version: 1.10.10
		tinyxml -- compiled against: 2.6.2
		fparser
		boost  -- compiled against: 1_83
		vtk -- Version: 9.1.0
		       compiled against: 9.1.0

Create FDTD operator (compressed SSE + multi-threading)
FDTD simulation size: 184x205x105 --> 3960600.00 FDTD cells 
FDTD timestep is: 0.00 s; Nyquist rate: 24 timesteps @103555373668.00 Hz
Excitation signal length is: 286 timesteps (0.00s)
Max. number of timesteps: 60000 ( --> 209.79 * Excitation signal length)
Create FDTD engine (compressed SSE + multi-threading)
Running FDTD engine... this may take a while... grab a cup of coffee?!?
[@        4s] Timestep:           90 || Speed:   88.4 MC/s (4.480e-02 s/TS) || Energy: ~8.74e-20 (- 0.00dB)
[@        8s] Timestep:          228 || Speed:  133.5 MC/s (2.967e-02 s/TS) || Energy: ~4.70e-18 (- 0.00dB)
[@       12s] Timestep:          384 || Speed:  154.0 MC/s (2.571e-02 s/TS) || Energy: ~1.75e-18 (- 4.28dB)
[@       16s] Timestep:          552 || Speed:  165.2 MC/s (2.397e-02 s/TS) || Energy: ~8.51e-19 (- 7.42dB)
[@       20s] Timestep:          738 || Speed:  179.6 MC/s (2.205e-02 s/TS) || Energy: ~5.36e-19 (- 9.43dB)
[@       24s] Timestep:          924 || Speed:  182.5 MC/s (2.171e-02 s/TS) || Energy: ~4.50e-19 (-10.19dB)
[@       28s] Timestep:         1110 || Speed:  180.4 MC/s (2.195e-02 s/TS) || Energy: ~4.04e-19 (-10.66dB)
Multithreaded Engine: Best performance found using 6 threads.
[@       32s] Timestep:         1302 || Speed:  185.3 MC/s (2.137e-02 s/TS) || Energy: ~4.08e-19 (-10.61dB)
[@       36s] Timestep:         1494 || Speed:  186.5 MC/s (2.124e-02 s/TS) || Energy: ~3.70e-19 (-11.04dB)
[@       40s] Timestep:         1686 || Speed:  188.4 MC/s (2.103e-02 s/TS) || Energy: ~3.28e-19 (-11.56dB)
[@       44s] Timestep:         1878 || Speed:  187.1 MC/s (2.117e-02 s/TS) || Energy: ~2.89e-19 (-12.11dB)
[@       48s] Timestep:         2070 || Speed:  186.5 MC/s (2.123e-02 s/TS) || Energy: ~2.60e-19 (-12.56dB)
[@       52s] Timestep:         2262 || Speed:  188.2 MC/s (2.105e-02 s/TS) || Energy: ~2.40e-19 (-12.92dB)
[@       56s] Timestep:         2454 || Speed:  189.2 MC/s (2.093e-02 s/TS) || Energy: ~2.16e-19 (-13.37dB)
[@     1m00s] Timestep:         2646 || Speed:  189.4 MC/s (2.091e-02 s/TS) || Energy: ~1.78e-19 (-14.21dB)
[@     1m04s] Timestep:         2838 || Speed:  189.9 MC/s (2.085e-02 s/TS) || Energy: ~1.39e-19 (-15.28dB)
[@     1m08s] Timestep:         3036 || Speed:  190.3 MC/s (2.081e-02 s/TS) || Energy: ~9.31e-20 (-17.03dB)
[@     1m12s] Timestep:         3228 || Speed:  189.0 MC/s (2.095e-02 s/TS) || Energy: ~8.71e-20 (-17.32dB)
[@     1m17s] Timestep:         3420 || Speed:  188.5 MC/s (2.101e-02 s/TS) || Energy: ~9.27e-20 (-17.05dB)
[@     1m21s] Timestep:         3612 || Speed:  187.9 MC/s (2.108e-02 s/TS) || Energy: ~1.00e-19 (-16.70dB)
[@     1m25s] Timestep:         3804 || Speed:  189.5 MC/s (2.090e-02 s/TS) || Energy: ~1.02e-19 (-16.63dB)
[@     1m29s] Timestep:         3996 || Speed:  189.9 MC/s (2.086e-02 s/TS) || Energy: ~9.39e-20 (-16.99dB)
[@     1m33s] Timestep:         4188 || Speed:  187.1 MC/s (2.117e-02 s/TS) || Energy: ~7.68e-20 (-17.86dB)
[@     1m37s] Timestep:         4380 || Speed:  188.6 MC/s (2.100e-02 s/TS) || Energy: ~5.69e-20 (-19.16dB)
[@     1m41s] Timestep:         4572 || Speed:  189.7 MC/s (2.088e-02 s/TS) || Energy: ~4.11e-20 (-20.58dB)
[@     1m45s] Timestep:         4764 || Speed:  189.3 MC/s (2.092e-02 s/TS) || Energy: ~3.36e-20 (-21.46dB)
[@     1m49s] Timestep:         4962 || Speed:  190.8 MC/s (2.075e-02 s/TS) || Energy: ~4.65e-20 (-20.04dB)
[@     1m53s] Timestep:         5154 || Speed:  189.9 MC/s (2.085e-02 s/TS) || Energy: ~5.29e-20 (-19.48dB)
[@     1m57s] Timestep:         5346 || Speed:  188.1 MC/s (2.105e-02 s/TS) || Energy: ~5.41e-20 (-19.39dB)
[@     2m01s] Timestep:         5538 || Speed:  188.9 MC/s (2.097e-02 s/TS) || Energy: ~4.88e-20 (-19.84dB)
[@     2m05s] Timestep:         5730 || Speed:  189.4 MC/s (2.091e-02 s/TS) || Energy: ~3.89e-20 (-20.82dB)
[@     2m09s] Timestep:         5922 || Speed:  188.3 MC/s (2.104e-02 s/TS) || Energy: ~2.83e-20 (-22.20dB)
[@     2m13s] Timestep:         6114 || Speed:  187.0 MC/s (2.118e-02 s/TS) || Energy: ~2.06e-20 (-23.59dB)
[@     2m17s] Timestep:         6306 || Speed:  189.1 MC/s (2.094e-02 s/TS) || Energy: ~1.76e-20 (-24.25dB)
[@     2m21s] Timestep:         6498 || Speed:  189.1 MC/s (2.094e-02 s/TS) || Energy: ~1.90e-20 (-23.94dB)
[@     2m25s] Timestep:         6690 || Speed:  189.3 MC/s (2.093e-02 s/TS) || Energy: ~2.23e-20 (-23.23dB)
[@     2m29s] Timestep:         6882 || Speed:  189.1 MC/s (2.094e-02 s/TS) || Energy: ~2.51e-20 (-22.73dB)
[@     2m33s] Timestep:         7074 || Speed:  188.4 MC/s (2.102e-02 s/TS) || Energy: ~2.54e-20 (-22.68dB)
[@     2m37s] Timestep:         7266 || Speed:  188.0 MC/s (2.107e-02 s/TS) || Energy: ~2.29e-20 (-23.12dB)
[@     2m41s] Timestep:         7458 || Speed:  188.8 MC/s (2.098e-02 s/TS) || Energy: ~1.87e-20 (-24.01dB)
[@     2m45s] Timestep:         7650 || Speed:  186.0 MC/s (2.129e-02 s/TS) || Energy: ~1.43e-20 (-25.16dB)
[@     2m49s] Timestep:         7842 || Speed:  186.0 MC/s (2.129e-02 s/TS) || Energy: ~1.13e-20 (-26.20dB)
[@     2m53s] Timestep:         8034 || Speed:  188.4 MC/s (2.102e-02 s/TS) || Energy: ~9.99e-21 (-26.72dB)
[@     2m57s] Timestep:         8226 || Speed:  189.4 MC/s (2.091e-02 s/TS) || Energy: ~1.01e-20 (-26.65dB)
[@     3m01s] Timestep:         8418 || Speed:  189.6 MC/s (2.089e-02 s/TS) || Energy: ~1.09e-20 (-26.36dB)
[@     3m05s] Timestep:         8610 || Speed:  189.7 MC/s (2.088e-02 s/TS) || Energy: ~1.13e-20 (-26.21dB)
[@     3m09s] Timestep:         8802 || Speed:  188.7 MC/s (2.098e-02 s/TS) || Energy: ~1.09e-20 (-26.36dB)
[@     3m13s] Timestep:         8994 || Speed:  189.1 MC/s (2.094e-02 s/TS) || Energy: ~9.76e-21 (-26.83dB)
[@     3m17s] Timestep:         9186 || Speed:  189.1 MC/s (2.094e-02 s/TS) || Energy: ~8.30e-21 (-27.53dB)
[@     3m22s] Timestep:         9378 || Speed:  186.9 MC/s (2.119e-02 s/TS) || Energy: ~6.99e-21 (-28.27dB)
[@     3m26s] Timestep:         9570 || Speed:  189.1 MC/s (2.094e-02 s/TS) || Energy: ~6.08e-21 (-28.88dB)
[@     3m30s] Timestep:         9762 || Speed:  188.7 MC/s (2.099e-02 s/TS) || Energy: ~5.61e-21 (-29.23dB)
[@     3m34s] Timestep:         9954 || Speed:  189.8 MC/s (2.087e-02 s/TS) || Energy: ~5.39e-21 (-29.40dB)
[@     3m38s] Timestep:        10146 || Speed:  189.0 MC/s (2.096e-02 s/TS) || Energy: ~5.20e-21 (-29.56dB)
[@     3m42s] Timestep:        10338 || Speed:  189.4 MC/s (2.091e-02 s/TS) || Energy: ~4.89e-21 (-29.83dB)
[@     3m46s] Timestep:        10530 || Speed:  188.6 MC/s (2.101e-02 s/TS) || Energy: ~4.44e-21 (-30.25dB)
[@     3m50s] Timestep:        10722 || Speed:  189.6 MC/s (2.089e-02 s/TS) || Energy: ~3.94e-21 (-30.76dB)
[@     3m54s] Timestep:        10914 || Speed:  189.7 MC/s (2.088e-02 s/TS) || Energy: ~3.52e-21 (-31.26dB)
[@     3m58s] Timestep:        11106 || Speed:  189.3 MC/s (2.092e-02 s/TS) || Energy: ~3.21e-21 (-31.66dB)
[@     4m02s] Timestep:        11298 || Speed:  189.9 MC/s (2.086e-02 s/TS) || Energy: ~3.00e-21 (-31.95dB)
[@     4m06s] Timestep:        11496 || Speed:  190.2 MC/s (2.083e-02 s/TS) || Energy: ~2.83e-21 (-32.19dB)
[@     4m10s] Timestep:        11688 || Speed:  188.4 MC/s (2.102e-02 s/TS) || Energy: ~2.55e-21 (-32.65dB)
[@     4m14s] Timestep:        11880 || Speed:  189.3 MC/s (2.093e-02 s/TS) || Energy: ~2.24e-21 (-33.22dB)
[@     4m18s] Timestep:        12072 || Speed:  189.7 MC/s (2.088e-02 s/TS) || Energy: ~1.96e-21 (-33.80dB)
[@     4m22s] Timestep:        12264 || Speed:  189.8 MC/s (2.087e-02 s/TS) || Energy: ~1.75e-21 (-34.28dB)
[@     4m26s] Timestep:        12462 || Speed:  190.3 MC/s (2.081e-02 s/TS) || Energy: ~1.72e-21 (-34.37dB)
[@     4m30s] Timestep:        12660 || Speed:  190.6 MC/s (2.078e-02 s/TS) || Energy: ~1.65e-21 (-34.53dB)
[@     4m34s] Timestep:        12852 || Speed:  189.7 MC/s (2.088e-02 s/TS) || Energy: ~1.47e-21 (-35.06dB)
[@     4m38s] Timestep:        13050 || Speed:  190.5 MC/s (2.079e-02 s/TS) || Energy: ~1.18e-21 (-35.99dB)
[@     4m42s] Timestep:        13242 || Speed:  190.0 MC/s (2.084e-02 s/TS) || Energy: ~1.05e-21 (-36.52dB)
[@     4m46s] Timestep:        13434 || Speed:  189.4 MC/s (2.091e-02 s/TS) || Energy: ~9.77e-22 (-36.82dB)
[@     4m50s] Timestep:        13626 || Speed:  189.4 MC/s (2.091e-02 s/TS) || Energy: ~9.46e-22 (-36.96dB)
[@     4m54s] Timestep:        13818 || Speed:  189.7 MC/s (2.088e-02 s/TS) || Energy: ~9.13e-22 (-37.11dB)
[@     4m58s] Timestep:        14010 || Speed:  189.1 MC/s (2.095e-02 s/TS) || Energy: ~8.50e-22 (-37.42dB)
[@     5m02s] Timestep:        14202 || Speed:  189.8 MC/s (2.086e-02 s/TS) || Energy: ~7.51e-22 (-37.96dB)
[@     5m06s] Timestep:        14400 || Speed:  190.3 MC/s (2.081e-02 s/TS) || Energy: ~5.79e-22 (-39.09dB)
[@     5m11s] Timestep:        14598 || Speed:  190.2 MC/s (2.082e-02 s/TS) || Energy: ~5.18e-22 (-39.58dB)
[@     5m15s] Timestep:        14790 || Speed:  188.1 MC/s (2.105e-02 s/TS) || Energy: ~5.08e-22 (-39.66dB)
[@     5m19s] Timestep:        14988 || Speed:  190.2 MC/s (2.083e-02 s/TS) || Energy: ~5.19e-22 (-39.57dB)
[@     5m23s] Timestep:        15180 || Speed:  189.3 MC/s (2.092e-02 s/TS) || Energy: ~4.57e-22 (-40.12dB)
[@     5m27s] Timestep:        15372 || Speed:  189.6 MC/s (2.089e-02 s/TS) || Energy: ~3.78e-22 (-40.94dB)
[@     5m31s] Timestep:        15564 || Speed:  187.5 MC/s (2.112e-02 s/TS) || Energy: ~3.03e-22 (-41.90dB)
[@     5m35s] Timestep:        15756 || Speed:  188.3 MC/s (2.103e-02 s/TS) || Energy: ~2.52e-22 (-42.71dB)
[@     5m39s] Timestep:        15948 || Speed:  189.9 MC/s (2.086e-02 s/TS) || Energy: ~2.30e-22 (-43.11dB)
[@     5m43s] Timestep:        16146 || Speed:  190.3 MC/s (2.081e-02 s/TS) || Energy: ~2.66e-22 (-42.47dB)
[@     5m47s] Timestep:        16344 || Speed:  190.2 MC/s (2.082e-02 s/TS) || Energy: ~2.58e-22 (-42.61dB)
[@     5m51s] Timestep:        16536 || Speed:  189.9 MC/s (2.086e-02 s/TS) || Energy: ~2.12e-22 (-43.46dB)
[@     5m55s] Timestep:        16728 || Speed:  189.4 MC/s (2.091e-02 s/TS) || Energy: ~1.63e-22 (-44.59dB)
[@     5m59s] Timestep:        16920 || Speed:  189.3 MC/s (2.092e-02 s/TS) || Energy: ~1.26e-22 (-45.72dB)
[@     6m03s] Timestep:        17112 || Speed:  190.0 MC/s (2.085e-02 s/TS) || Energy: ~1.07e-22 (-46.42dB)
[@     6m07s] Timestep:        17310 || Speed:  190.1 MC/s (2.084e-02 s/TS) || Energy: ~1.31e-22 (-45.55dB)
[@     6m11s] Timestep:        17502 || Speed:  187.2 MC/s (2.116e-02 s/TS) || Energy: ~1.37e-22 (-45.35dB)
[@     6m15s] Timestep:        17694 || Speed:  190.0 MC/s (2.084e-02 s/TS) || Energy: ~1.32e-22 (-45.52dB)
[@     6m19s] Timestep:        17886 || Speed:  186.4 MC/s (2.125e-02 s/TS) || Energy: ~1.14e-22 (-46.13dB)
[@     6m23s] Timestep:        18078 || Speed:  189.9 MC/s (2.086e-02 s/TS) || Energy: ~8.98e-23 (-47.19dB)
[@     6m27s] Timestep:        18270 || Speed:  189.6 MC/s (2.089e-02 s/TS) || Energy: ~6.59e-23 (-48.53dB)
[@     6m31s] Timestep:        18462 || Speed:  190.0 MC/s (2.084e-02 s/TS) || Energy: ~4.96e-23 (-49.77dB)
[@     6m35s] Timestep:        18654 || Speed:  189.6 MC/s (2.089e-02 s/TS) || Energy: ~4.34e-23 (-50.35dB)
Time for 18654 iterations with 3960600.00 cells : 395.97 sec
Speed: 186.58 MCells/s 
    [excite port 6/44]
 ---------------------------------------------------------------------- 
 | openEMS 64bit -- version v0.37.0-rc1-2-g7b051bb
 | (C) 2010-2026 Thorsten Liebig <thorsten.liebig@gmx.de>  GPL license
 ---------------------------------------------------------------------- 
	Used external libraries:
		CSXCAD -- Version: v0.7.0-rc1-1-g5115701
		hdf5   -- Version: 1.10.10
		          compiled against: HDF5 library version: 1.10.10
		tinyxml -- compiled against: 2.6.2
		fparser
		boost  -- compiled against: 1_83
		vtk -- Version: 9.1.0
		       compiled against: 9.1.0

Create FDTD operator (compressed SSE + multi-threading)
FDTD simulation size: 184x205x105 --> 3960600.00 FDTD cells 
FDTD timestep is: 0.00 s; Nyquist rate: 24 timesteps @103555373668.00 Hz
Excitation signal length is: 286 timesteps (0.00s)
Max. number of timesteps: 60000 ( --> 209.79 * Excitation signal length)
Create FDTD engine (compressed SSE + multi-threading)
Running FDTD engine... this may take a while... grab a cup of coffee?!?
[@        4s] Timestep:           90 || Speed:   88.7 MC/s (4.465e-02 s/TS) || Energy: ~8.73e-20 (- 0.00dB)
[@        8s] Timestep:          228 || Speed:  133.7 MC/s (2.963e-02 s/TS) || Energy: ~4.21e-18 (- 0.00dB)
[@       12s] Timestep:          390 || Speed:  157.0 MC/s (2.523e-02 s/TS) || Energy: ~1.66e-18 (- 4.04dB)
[@       16s] Timestep:          564 || Speed:  168.7 MC/s (2.348e-02 s/TS) || Energy: ~8.40e-19 (- 7.00dB)
[@       20s] Timestep:          750 || Speed:  180.9 MC/s (2.190e-02 s/TS) || Energy: ~4.91e-19 (- 9.33dB)
[@       24s] Timestep:          942 || Speed:  184.9 MC/s (2.142e-02 s/TS) || Energy: ~3.91e-19 (-10.32dB)
[@       28s] Timestep:         1128 || Speed:  181.0 MC/s (2.189e-02 s/TS) || Energy: ~3.14e-19 (-11.27dB)
Multithreaded Engine: Best performance found using 6 threads.
[@       32s] Timestep:         1320 || Speed:  189.8 MC/s (2.087e-02 s/TS) || Energy: ~2.87e-19 (-11.67dB)
[@       36s] Timestep:         1512 || Speed:  189.2 MC/s (2.093e-02 s/TS) || Energy: ~2.63e-19 (-12.04dB)
[@       40s] Timestep:         1710 || Speed:  190.6 MC/s (2.078e-02 s/TS) || Energy: ~2.32e-19 (-12.59dB)
[@       44s] Timestep:         1902 || Speed:  189.7 MC/s (2.087e-02 s/TS) || Energy: ~1.85e-19 (-13.56dB)
[@       48s] Timestep:         2100 || Speed:  190.7 MC/s (2.077e-02 s/TS) || Energy: ~1.38e-19 (-14.83dB)
[@       52s] Timestep:         2292 || Speed:  189.4 MC/s (2.092e-02 s/TS) || Energy: ~1.17e-19 (-15.55dB)
[@       56s] Timestep:         2490 || Speed:  190.6 MC/s (2.078e-02 s/TS) || Energy: ~1.10e-19 (-15.83dB)
[@     1m01s] Timestep:         2688 || Speed:  190.2 MC/s (2.083e-02 s/TS) || Energy: ~9.34e-20 (-16.53dB)
[@     1m05s] Timestep:         2880 || Speed:  189.8 MC/s (2.087e-02 s/TS) || Energy: ~7.59e-20 (-17.44dB)
[@     1m09s] Timestep:         3072 || Speed:  190.1 MC/s (2.083e-02 s/TS) || Energy: ~6.22e-20 (-18.30dB)
[@     1m13s] Timestep:         3270 || Speed:  189.9 MC/s (2.086e-02 s/TS) || Energy: ~4.90e-20 (-19.34dB)
[@     1m17s] Timestep:         3462 || Speed:  189.9 MC/s (2.086e-02 s/TS) || Energy: ~4.27e-20 (-19.93dB)
[@     1m21s] Timestep:         3660 || Speed:  190.6 MC/s (2.078e-02 s/TS) || Energy: ~4.23e-20 (-19.98dB)
[@     1m25s] Timestep:         3858 || Speed:  190.7 MC/s (2.077e-02 s/TS) || Energy: ~4.38e-20 (-19.83dB)
[@     1m29s] Timestep:         4050 || Speed:  188.8 MC/s (2.098e-02 s/TS) || Energy: ~4.03e-20 (-20.18dB)
[@     1m33s] Timestep:         4248 || Speed:  190.3 MC/s (2.081e-02 s/TS) || Energy: ~3.18e-20 (-21.22dB)
[@     1m37s] Timestep:         4440 || Speed:  186.4 MC/s (2.124e-02 s/TS) || Energy: ~2.55e-20 (-22.17dB)
[@     1m41s] Timestep:         4632 || Speed:  189.6 MC/s (2.089e-02 s/TS) || Energy: ~2.06e-20 (-23.10dB)
[@     1m45s] Timestep:         4824 || Speed:  189.8 MC/s (2.087e-02 s/TS) || Energy: ~1.81e-20 (-23.67dB)
[@     1m49s] Timestep:         5016 || Speed:  189.0 MC/s (2.096e-02 s/TS) || Energy: ~1.76e-20 (-23.77dB)
[@     1m53s] Timestep:         5214 || Speed:  190.4 MC/s (2.080e-02 s/TS) || Energy: ~2.14e-20 (-22.93dB)
[@     1m57s] Timestep:         5412 || Speed:  190.2 MC/s (2.082e-02 s/TS) || Energy: ~2.00e-20 (-23.24dB)
[@     2m01s] Timestep:         5604 || Speed:  187.8 MC/s (2.109e-02 s/TS) || Energy: ~1.63e-20 (-24.12dB)
[@     2m05s] Timestep:         5796 || Speed:  189.7 MC/s (2.088e-02 s/TS) || Energy: ~1.28e-20 (-25.16dB)
[@     2m10s] Timestep:         5994 || Speed:  190.7 MC/s (2.077e-02 s/TS) || Energy: ~1.05e-20 (-26.02dB)
[@     2m14s] Timestep:         6186 || Speed:  189.9 MC/s (2.086e-02 s/TS) || Energy: ~1.08e-20 (-25.90dB)
[@     2m18s] Timestep:         6384 || Speed:  191.6 MC/s (2.067e-02 s/TS) || Energy: ~1.25e-20 (-25.27dB)
[@     2m22s] Timestep:         6582 || Speed:  190.2 MC/s (2.083e-02 s/TS) || Energy: ~1.07e-20 (-25.94dB)
[@     2m26s] Timestep:         6774 || Speed:  189.2 MC/s (2.094e-02 s/TS) || Energy: ~8.71e-21 (-26.84dB)
[@     2m30s] Timestep:         6966 || Speed:  188.3 MC/s (2.103e-02 s/TS) || Energy: ~7.25e-21 (-27.64dB)
[@     2m34s] Timestep:         7164 || Speed:  190.2 MC/s (2.082e-02 s/TS) || Energy: ~6.98e-21 (-27.80dB)
[@     2m38s] Timestep:         7356 || Speed:  189.4 MC/s (2.091e-02 s/TS) || Energy: ~7.14e-21 (-27.70dB)
[@     2m42s] Timestep:         7548 || Speed:  189.2 MC/s (2.093e-02 s/TS) || Energy: ~7.10e-21 (-27.73dB)
[@     2m46s] Timestep:         7740 || Speed:  188.6 MC/s (2.100e-02 s/TS) || Energy: ~6.65e-21 (-28.01dB)
[@     2m50s] Timestep:         7932 || Speed:  190.0 MC/s (2.085e-02 s/TS) || Energy: ~5.84e-21 (-28.57dB)
[@     2m54s] Timestep:         8130 || Speed:  189.6 MC/s (2.089e-02 s/TS) || Energy: ~4.61e-21 (-29.61dB)
[@     2m58s] Timestep:         8328 || Speed:  190.2 MC/s (2.082e-02 s/TS) || Energy: ~4.42e-21 (-29.79dB)
[@     3m02s] Timestep:         8520 || Speed:  189.6 MC/s (2.089e-02 s/TS) || Energy: ~4.43e-21 (-29.78dB)
[@     3m06s] Timestep:         8712 || Speed:  188.8 MC/s (2.097e-02 s/TS) || Energy: ~4.32e-21 (-29.88dB)
[@     3m10s] Timestep:         8904 || Speed:  188.3 MC/s (2.103e-02 s/TS) || Energy: ~4.01e-21 (-30.21dB)
[@     3m14s] Timestep:         9096 || Speed:  189.8 MC/s (2.086e-02 s/TS) || Energy: ~3.52e-21 (-30.78dB)
[@     3m18s] Timestep:         9288 || Speed:  189.9 MC/s (2.085e-02 s/TS) || Energy: ~3.01e-21 (-31.46dB)
[@     3m22s] Timestep:         9480 || Speed:  187.9 MC/s (2.108e-02 s/TS) || Energy: ~2.61e-21 (-32.08dB)
[@     3m27s] Timestep:         9672 || Speed:  187.2 MC/s (2.116e-02 s/TS) || Energy: ~2.39e-21 (-32.45dB)
[@     3m31s] Timestep:         9864 || Speed:  186.4 MC/s (2.124e-02 s/TS) || Energy: ~2.34e-21 (-32.55dB)
[@     3m35s] Timestep:        10056 || Speed:  186.9 MC/s (2.119e-02 s/TS) || Energy: ~2.34e-21 (-32.55dB)
[@     3m39s] Timestep:        10248 || Speed:  189.3 MC/s (2.093e-02 s/TS) || Energy: ~2.29e-21 (-32.64dB)
[@     3m43s] Timestep:        10440 || Speed:  189.7 MC/s (2.088e-02 s/TS) || Energy: ~2.13e-21 (-32.95dB)
[@     3m47s] Timestep:        10632 || Speed:  189.0 MC/s (2.096e-02 s/TS) || Energy: ~1.87e-21 (-33.51dB)
[@     3m51s] Timestep:        10830 || Speed:  190.4 MC/s (2.080e-02 s/TS) || Energy: ~1.46e-21 (-34.60dB)
[@     3m55s] Timestep:        11022 || Speed:  189.4 MC/s (2.091e-02 s/TS) || Energy: ~1.32e-21 (-35.03dB)
[@     3m59s] Timestep:        11208 || Speed:  183.3 MC/s (2.161e-02 s/TS) || Energy: ~1.22e-21 (-35.39dB)
[@     4m03s] Timestep:        11400 || Speed:  185.4 MC/s (2.136e-02 s/TS) || Energy: ~1.17e-21 (-35.55dB)
[@     4m07s] Timestep:        11598 || Speed:  190.6 MC/s (2.078e-02 s/TS) || Energy: ~1.27e-21 (-35.20dB)
[@     4m11s] Timestep:        11790 || Speed:  190.0 MC/s (2.085e-02 s/TS) || Energy: ~1.20e-21 (-35.44dB)
[@     4m15s] Timestep:        11988 || Speed:  190.3 MC/s (2.082e-02 s/TS) || Energy: ~9.90e-22 (-36.28dB)
[@     4m19s] Timestep:        12180 || Speed:  189.5 MC/s (2.090e-02 s/TS) || Energy: ~8.43e-22 (-36.98dB)
[@     4m23s] Timestep:        12372 || Speed:  185.1 MC/s (2.139e-02 s/TS) || Energy: ~7.49e-22 (-37.49dB)
[@     4m27s] Timestep:        12558 || Speed:  183.6 MC/s (2.157e-02 s/TS) || Energy: ~6.95e-22 (-37.82dB)
[@     4m31s] Timestep:        12750 || Speed:  189.0 MC/s (2.096e-02 s/TS) || Energy: ~6.56e-22 (-38.07dB)
[@     4m35s] Timestep:        12942 || Speed:  189.2 MC/s (2.093e-02 s/TS) || Energy: ~6.48e-22 (-38.12dB)
[@     4m39s] Timestep:        13134 || Speed:  188.7 MC/s (2.098e-02 s/TS) || Energy: ~6.38e-22 (-38.19dB)
[@     4m43s] Timestep:        13326 || Speed:  189.7 MC/s (2.088e-02 s/TS) || Energy: ~6.04e-22 (-38.43dB)
[@     4m47s] Timestep:        13518 || Speed:  190.0 MC/s (2.085e-02 s/TS) || Energy: ~5.42e-22 (-38.90dB)
[@     4m52s] Timestep:        13716 || Speed:  190.1 MC/s (2.084e-02 s/TS) || Energy: ~4.32e-22 (-39.89dB)
[@     4m56s] Timestep:        13914 || Speed:  190.4 MC/s (2.080e-02 s/TS) || Energy: ~3.98e-22 (-40.24dB)
[@     5m00s] Timestep:        14112 || Speed:  190.3 MC/s (2.081e-02 s/TS) || Energy: ~4.21e-22 (-40.00dB)
[@     5m04s] Timestep:        14310 || Speed:  190.3 MC/s (2.082e-02 s/TS) || Energy: ~3.76e-22 (-40.49dB)
[@     5m08s] Timestep:        14508 || Speed:  191.0 MC/s (2.074e-02 s/TS) || Energy: ~2.90e-22 (-41.61dB)
[@     5m12s] Timestep:        14700 || Speed:  188.9 MC/s (2.097e-02 s/TS) || Energy: ~2.58e-22 (-42.13dB)
[@     5m16s] Timestep:        14892 || Speed:  189.5 MC/s (2.090e-02 s/TS) || Energy: ~2.49e-22 (-42.28dB)
[@     5m20s] Timestep:        15090 || Speed:  190.8 MC/s (2.076e-02 s/TS) || Energy: ~2.77e-22 (-41.81dB)
[@     5m24s] Timestep:        15288 || Speed:  190.3 MC/s (2.081e-02 s/TS) || Energy: ~2.46e-22 (-42.33dB)
[@     5m28s] Timestep:        15486 || Speed:  190.8 MC/s (2.076e-02 s/TS) || Energy: ~1.74e-22 (-43.82dB)
[@     5m33s] Timestep:        15684 || Speed:  190.6 MC/s (2.078e-02 s/TS) || Energy: ~1.62e-22 (-44.15dB)
[@     5m37s] Timestep:        15876 || Speed:  190.1 MC/s (2.083e-02 s/TS) || Energy: ~1.69e-22 (-43.95dB)
[@     5m41s] Timestep:        16074 || Speed:  190.3 MC/s (2.081e-02 s/TS) || Energy: ~1.87e-22 (-43.52dB)
[@     5m45s] Timestep:        16266 || Speed:  189.8 MC/s (2.087e-02 s/TS) || Energy: ~1.65e-22 (-44.06dB)
[@     5m49s] Timestep:        16464 || Speed:  191.4 MC/s (2.069e-02 s/TS) || Energy: ~1.08e-22 (-45.89dB)
[@     5m53s] Timestep:        16662 || Speed:  190.8 MC/s (2.076e-02 s/TS) || Energy: ~8.89e-23 (-46.75dB)
[@     5m57s] Timestep:        16860 || Speed:  190.3 MC/s (2.081e-02 s/TS) || Energy: ~1.17e-22 (-45.57dB)
[@     6m01s] Timestep:        17052 || Speed:  189.9 MC/s (2.085e-02 s/TS) || Energy: ~1.19e-22 (-45.48dB)
[@     6m05s] Timestep:        17250 || Speed:  190.3 MC/s (2.081e-02 s/TS) || Energy: ~9.72e-23 (-46.36dB)
[@     6m09s] Timestep:        17448 || Speed:  190.5 MC/s (2.079e-02 s/TS) || Energy: ~5.77e-23 (-48.63dB)
[@     6m13s] Timestep:        17640 || Speed:  189.0 MC/s (2.096e-02 s/TS) || Energy: ~4.90e-23 (-49.34dB)
[@     6m17s] Timestep:        17838 || Speed:  191.0 MC/s (2.073e-02 s/TS) || Energy: ~6.52e-23 (-48.10dB)
[@     6m21s] Timestep:        18036 || Speed:  190.6 MC/s (2.078e-02 s/TS) || Energy: ~7.70e-23 (-47.38dB)
[@     6m26s] Timestep:        18234 || Speed:  192.0 MC/s (2.063e-02 s/TS) || Energy: ~5.51e-23 (-48.83dB)
[@     6m30s] Timestep:        18432 || Speed:  191.3 MC/s (2.071e-02 s/TS) || Energy: ~3.33e-23 (-51.01dB)
Time for 18432 iterations with 3960600.00 cells : 390.15 sec
Speed: 187.11 MCells/s 
    [excite port 7/44]
 ---------------------------------------------------------------------- 
 | openEMS 64bit -- version v0.37.0-rc1-2-g7b051bb
 | (C) 2010-2026 Thorsten Liebig <thorsten.liebig@gmx.de>  GPL license
 ---------------------------------------------------------------------- 
	Used external libraries:
		CSXCAD -- Version: v0.7.0-rc1-1-g5115701
		hdf5   -- Version: 1.10.10
		          compiled against: HDF5 library version: 1.10.10
		tinyxml -- compiled against: 2.6.2
		fparser
		boost  -- compiled against: 1_83
		vtk -- Version: 9.1.0
		       compiled against: 9.1.0

Create FDTD operator (compressed SSE + multi-threading)
FDTD simulation size: 184x205x105 --> 3960600.00 FDTD cells 
FDTD timestep is: 0.00 s; Nyquist rate: 24 timesteps @103555373668.00 Hz
Excitation signal length is: 286 timesteps (0.00s)
Max. number of timesteps: 60000 ( --> 209.79 * Excitation signal length)
Create FDTD engine (compressed SSE + multi-threading)
Running FDTD engine... this may take a while... grab a cup of coffee?!?
[@        4s] Timestep:           90 || Speed:   86.8 MC/s (4.562e-02 s/TS) || Energy: ~8.82e-20 (- 0.00dB)
[@        8s] Timestep:          228 || Speed:  132.2 MC/s (2.995e-02 s/TS) || Energy: ~4.71e-18 (- 0.00dB)
[@       12s] Timestep:          384 || Speed:  154.4 MC/s (2.565e-02 s/TS) || Energy: ~1.87e-18 (- 4.02dB)
[@       16s] Timestep:          558 || Speed:  168.4 MC/s (2.352e-02 s/TS) || Energy: ~9.17e-19 (- 7.11dB)
[@       20s] Timestep:          744 || Speed:  180.6 MC/s (2.193e-02 s/TS) || Energy: ~6.95e-19 (- 8.32dB)
[@       24s] Timestep:          936 || Speed:  184.9 MC/s (2.142e-02 s/TS) || Energy: ~7.38e-19 (- 8.05dB)
[@       28s] Timestep:         1122 || Speed:  179.5 MC/s (2.206e-02 s/TS) || Energy: ~7.33e-19 (- 8.08dB)
Multithreaded Engine: Best performance found using 6 threads.
[@       32s] Timestep:         1314 || Speed:  188.5 MC/s (2.101e-02 s/TS) || Energy: ~7.09e-19 (- 8.23dB)
[@       36s] Timestep:         1506 || Speed:  189.0 MC/s (2.095e-02 s/TS) || Energy: ~5.66e-19 (- 9.20dB)
[@       40s] Timestep:         1704 || Speed:  190.2 MC/s (2.082e-02 s/TS) || Energy: ~3.06e-19 (-11.88dB)
[@       44s] Timestep:         1902 || Speed:  191.0 MC/s (2.074e-02 s/TS) || Energy: ~1.98e-19 (-13.78dB)
[@       48s] Timestep:         2094 || Speed:  190.0 MC/s (2.084e-02 s/TS) || Energy: ~1.99e-19 (-13.74dB)
[@       52s] Timestep:         2286 || Speed:  189.9 MC/s (2.085e-02 s/TS) || Energy: ~2.21e-19 (-13.30dB)
[@       57s] Timestep:         2484 || Speed:  190.2 MC/s (2.082e-02 s/TS) || Energy: ~2.42e-19 (-12.89dB)
[@     1m01s] Timestep:         2676 || Speed:  188.4 MC/s (2.102e-02 s/TS) || Energy: ~1.95e-19 (-13.83dB)
[@     1m05s] Timestep:         2868 || Speed:  188.9 MC/s (2.097e-02 s/TS) || Energy: ~1.41e-19 (-15.23dB)
[@     1m09s] Timestep:         3066 || Speed:  190.5 MC/s (2.079e-02 s/TS) || Energy: ~8.11e-20 (-17.64dB)
[@     1m13s] Timestep:         3258 || Speed:  188.4 MC/s (2.103e-02 s/TS) || Energy: ~7.60e-20 (-17.92dB)
[@     1m17s] Timestep:         3450 || Speed:  189.2 MC/s (2.093e-02 s/TS) || Energy: ~8.35e-20 (-17.52dB)
[@     1m21s] Timestep:         3642 || Speed:  189.7 MC/s (2.088e-02 s/TS) || Energy: ~9.11e-20 (-17.14dB)
[@     1m25s] Timestep:         3834 || Speed:  188.8 MC/s (2.097e-02 s/TS) || Energy: ~9.22e-20 (-17.08dB)
[@     1m29s] Timestep:         4026 || Speed:  190.1 MC/s (2.084e-02 s/TS) || Energy: ~8.39e-20 (-17.49dB)
[@     1m33s] Timestep:         4224 || Speed:  190.3 MC/s (2.081e-02 s/TS) || Energy: ~5.94e-20 (-18.99dB)
[@     1m37s] Timestep:         4416 || Speed:  186.5 MC/s (2.124e-02 s/TS) || Energy: ~4.65e-20 (-20.06dB)
[@     1m41s] Timestep:         4608 || Speed:  186.7 MC/s (2.122e-02 s/TS) || Energy: ~3.99e-20 (-20.72dB)
[@     1m45s] Timestep:         4800 || Speed:  188.1 MC/s (2.105e-02 s/TS) || Energy: ~3.80e-20 (-20.93dB)
[@     1m49s] Timestep:         4992 || Speed:  189.0 MC/s (2.096e-02 s/TS) || Energy: ~3.79e-20 (-20.95dB)
[@     1m53s] Timestep:         5190 || Speed:  190.1 MC/s (2.083e-02 s/TS) || Energy: ~3.75e-20 (-20.99dB)
[@     1m57s] Timestep:         5382 || Speed:  189.7 MC/s (2.088e-02 s/TS) || Energy: ~3.29e-20 (-21.57dB)
[@     2m01s] Timestep:         5574 || Speed:  187.9 MC/s (2.108e-02 s/TS) || Energy: ~2.83e-20 (-22.22dB)
[@     2m05s] Timestep:         5772 || Speed:  191.1 MC/s (2.073e-02 s/TS) || Energy: ~2.65e-20 (-22.49dB)
[@     2m10s] Timestep:         5970 || Speed:  190.5 MC/s (2.079e-02 s/TS) || Energy: ~2.69e-20 (-22.43dB)
[@     2m14s] Timestep:         6162 || Speed:  189.8 MC/s (2.086e-02 s/TS) || Energy: ~2.46e-20 (-22.82dB)
[@     2m18s] Timestep:         6354 || Speed:  188.9 MC/s (2.097e-02 s/TS) || Energy: ~2.08e-20 (-23.56dB)
[@     2m22s] Timestep:         6546 || Speed:  189.9 MC/s (2.086e-02 s/TS) || Energy: ~1.64e-20 (-24.58dB)
[@     2m26s] Timestep:         6738 || Speed:  189.9 MC/s (2.086e-02 s/TS) || Energy: ~1.28e-20 (-25.66dB)
[@     2m30s] Timestep:         6936 || Speed:  190.2 MC/s (2.082e-02 s/TS) || Energy: ~1.34e-20 (-25.46dB)
[@     2m34s] Timestep:         7134 || Speed:  190.8 MC/s (2.076e-02 s/TS) || Energy: ~1.82e-20 (-24.14dB)
[@     2m38s] Timestep:         7332 || Speed:  190.1 MC/s (2.083e-02 s/TS) || Energy: ~1.60e-20 (-24.69dB)
[@     2m42s] Timestep:         7530 || Speed:  190.7 MC/s (2.077e-02 s/TS) || Energy: ~8.69e-21 (-27.34dB)
[@     2m46s] Timestep:         7722 || Speed:  188.9 MC/s (2.096e-02 s/TS) || Energy: ~6.47e-21 (-28.62dB)
[@     2m50s] Timestep:         7914 || Speed:  188.8 MC/s (2.098e-02 s/TS) || Energy: ~6.25e-21 (-28.77dB)
[@     2m54s] Timestep:         8112 || Speed:  191.1 MC/s (2.072e-02 s/TS) || Energy: ~1.09e-20 (-26.38dB)
[@     2m58s] Timestep:         8310 || Speed:  190.9 MC/s (2.075e-02 s/TS) || Energy: ~1.22e-20 (-25.86dB)
[@     3m02s] Timestep:         8508 || Speed:  190.3 MC/s (2.081e-02 s/TS) || Energy: ~7.01e-21 (-28.28dB)
[@     3m06s] Timestep:         8700 || Speed:  189.1 MC/s (2.094e-02 s/TS) || Energy: ~4.44e-21 (-30.25dB)
[@     3m10s] Timestep:         8892 || Speed:  189.5 MC/s (2.090e-02 s/TS) || Energy: ~3.21e-21 (-31.67dB)
[@     3m15s] Timestep:         9078 || Speed:  183.2 MC/s (2.162e-02 s/TS) || Energy: ~2.99e-21 (-31.98dB)
[@     3m19s] Timestep:         9270 || Speed:  189.4 MC/s (2.091e-02 s/TS) || Energy: ~2.91e-21 (-32.09dB)
[@     3m23s] Timestep:         9462 || Speed:  187.1 MC/s (2.117e-02 s/TS) || Energy: ~3.84e-21 (-30.88dB)
[@     3m27s] Timestep:         9654 || Speed:  190.0 MC/s (2.085e-02 s/TS) || Energy: ~5.09e-21 (-29.67dB)
[@     3m31s] Timestep:         9846 || Speed:  189.9 MC/s (2.086e-02 s/TS) || Energy: ~5.94e-21 (-28.99dB)
[@     3m35s] Timestep:        10038 || Speed:  188.0 MC/s (2.106e-02 s/TS) || Energy: ~5.98e-21 (-28.96dB)
[@     3m39s] Timestep:        10230 || Speed:  189.7 MC/s (2.088e-02 s/TS) || Energy: ~5.19e-21 (-29.58dB)
[@     3m43s] Timestep:        10422 || Speed:  189.9 MC/s (2.086e-02 s/TS) || Energy: ~3.91e-21 (-30.82dB)
[@     3m47s] Timestep:        10614 || Speed:  185.5 MC/s (2.136e-02 s/TS) || Energy: ~2.61e-21 (-32.57dB)
[@     3m51s] Timestep:        10800 || Speed:  179.4 MC/s (2.208e-02 s/TS) || Energy: ~2.61e-21 (-32.57dB)
[@     3m55s] Timestep:        10992 || Speed:  187.2 MC/s (2.116e-02 s/TS) || Energy: ~1.71e-21 (-34.39dB)
[@     3m59s] Timestep:        11184 || Speed:  186.4 MC/s (2.125e-02 s/TS) || Energy: ~1.33e-21 (-35.50dB)
[@     4m03s] Timestep:        11376 || Speed:  189.6 MC/s (2.089e-02 s/TS) || Energy: ~1.41e-21 (-35.24dB)
[@     4m07s] Timestep:        11568 || Speed:  189.2 MC/s (2.093e-02 s/TS) || Energy: ~1.75e-21 (-34.29dB)
[@     4m11s] Timestep:        11760 || Speed:  186.6 MC/s (2.122e-02 s/TS) || Energy: ~2.09e-21 (-33.53dB)
[@     4m15s] Timestep:        11934 || Speed:  167.3 MC/s (2.367e-02 s/TS) || Energy: ~1.11e-21 (-36.29dB)
[@     4m19s] Timestep:        12120 || Speed:  181.5 MC/s (2.183e-02 s/TS) || Energy: ~1.05e-21 (-36.51dB)
[@     4m23s] Timestep:        12306 || Speed:  183.9 MC/s (2.153e-02 s/TS) || Energy: ~1.01e-21 (-36.69dB)
[@     4m27s] Timestep:        12492 || Speed:  183.3 MC/s (2.160e-02 s/TS) || Energy: ~9.73e-22 (-36.85dB)
[@     4m31s] Timestep:        12684 || Speed:  184.3 MC/s (2.149e-02 s/TS) || Energy: ~9.63e-22 (-36.90dB)
[@     4m35s] Timestep:        12870 || Speed:  184.0 MC/s (2.153e-02 s/TS) || Energy: ~9.05e-22 (-37.16dB)
[@     4m39s] Timestep:        13056 || Speed:  182.3 MC/s (2.173e-02 s/TS) || Energy: ~8.56e-22 (-37.41dB)
[@     4m44s] Timestep:        13248 || Speed:  185.3 MC/s (2.137e-02 s/TS) || Energy: ~8.95e-22 (-37.22dB)
[@     4m48s] Timestep:        13440 || Speed:  189.1 MC/s (2.095e-02 s/TS) || Energy: ~9.34e-22 (-37.03dB)
[@     4m52s] Timestep:        13632 || Speed:  189.9 MC/s (2.086e-02 s/TS) || Energy: ~9.14e-22 (-37.13dB)
[@     4m56s] Timestep:        13824 || Speed:  189.4 MC/s (2.091e-02 s/TS) || Energy: ~8.20e-22 (-37.59dB)
[@     5m00s] Timestep:        14016 || Speed:  189.3 MC/s (2.092e-02 s/TS) || Energy: ~6.88e-22 (-38.36dB)
[@     5m04s] Timestep:        14208 || Speed:  190.0 MC/s (2.085e-02 s/TS) || Energy: ~5.68e-22 (-39.19dB)
[@     5m08s] Timestep:        14400 || Speed:  189.9 MC/s (2.085e-02 s/TS) || Energy: ~5.01e-22 (-39.73dB)
[@     5m12s] Timestep:        14598 || Speed:  190.1 MC/s (2.083e-02 s/TS) || Energy: ~5.66e-22 (-39.21dB)
[@     5m16s] Timestep:        14796 || Speed:  190.5 MC/s (2.079e-02 s/TS) || Energy: ~5.87e-22 (-39.05dB)
[@     5m20s] Timestep:        14988 || Speed:  190.1 MC/s (2.084e-02 s/TS) || Energy: ~5.05e-22 (-39.70dB)
[@     5m24s] Timestep:        15180 || Speed:  189.8 MC/s (2.086e-02 s/TS) || Energy: ~3.97e-22 (-40.75dB)
[@     5m28s] Timestep:        15372 || Speed:  189.7 MC/s (2.087e-02 s/TS) || Energy: ~2.99e-22 (-41.97dB)
[@     5m32s] Timestep:        15570 || Speed:  190.2 MC/s (2.083e-02 s/TS) || Energy: ~2.81e-22 (-42.25dB)
[@     5m36s] Timestep:        15768 || Speed:  190.3 MC/s (2.081e-02 s/TS) || Energy: ~4.02e-22 (-40.69dB)
[@     5m40s] Timestep:        15966 || Speed:  190.6 MC/s (2.078e-02 s/TS) || Energy: ~3.86e-22 (-40.87dB)
[@     5m44s] Timestep:        16158 || Speed:  190.0 MC/s (2.085e-02 s/TS) || Energy: ~3.01e-22 (-41.95dB)
[@     5m48s] Timestep:        16350 || Speed:  189.6 MC/s (2.089e-02 s/TS) || Energy: ~2.11e-22 (-43.50dB)
[@     5m52s] Timestep:        16548 || Speed:  190.4 MC/s (2.080e-02 s/TS) || Energy: ~1.41e-22 (-45.24dB)
[@     5m57s] Timestep:        16746 || Speed:  190.3 MC/s (2.081e-02 s/TS) || Energy: ~2.41e-22 (-42.92dB)
[@     6m01s] Timestep:        16932 || Speed:  184.0 MC/s (2.152e-02 s/TS) || Energy: ~2.11e-22 (-43.50dB)
[@     6m05s] Timestep:        17130 || Speed:  190.2 MC/s (2.082e-02 s/TS) || Energy: ~2.71e-22 (-42.40dB)
[@     6m09s] Timestep:        17322 || Speed:  188.4 MC/s (2.102e-02 s/TS) || Energy: ~2.34e-22 (-43.03dB)
[@     6m13s] Timestep:        17520 || Speed:  190.3 MC/s (2.081e-02 s/TS) || Energy: ~1.16e-22 (-46.10dB)
[@     6m17s] Timestep:        17712 || Speed:  190.0 MC/s (2.084e-02 s/TS) || Energy: ~7.77e-23 (-47.83dB)
[@     6m21s] Timestep:        17904 || Speed:  186.6 MC/s (2.122e-02 s/TS) || Energy: ~7.13e-23 (-48.20dB)
[@     6m25s] Timestep:        18096 || Speed:  185.8 MC/s (2.131e-02 s/TS) || Energy: ~9.04e-23 (-47.17dB)
[@     6m29s] Timestep:        18288 || Speed:  188.3 MC/s (2.104e-02 s/TS) || Energy: ~1.20e-22 (-45.96dB)
[@     6m33s] Timestep:        18480 || Speed:  189.1 MC/s (2.094e-02 s/TS) || Energy: ~1.42e-22 (-45.22dB)
[@     6m37s] Timestep:        18672 || Speed:  189.9 MC/s (2.086e-02 s/TS) || Energy: ~1.45e-22 (-45.11dB)
[@     6m41s] Timestep:        18864 || Speed:  188.8 MC/s (2.097e-02 s/TS) || Energy: ~1.29e-22 (-45.62dB)
[@     6m45s] Timestep:        19056 || Speed:  189.5 MC/s (2.090e-02 s/TS) || Energy: ~1.00e-22 (-46.72dB)
[@     6m49s] Timestep:        19248 || Speed:  188.4 MC/s (2.103e-02 s/TS) || Energy: ~6.95e-23 (-48.31dB)
[@     6m53s] Timestep:        19440 || Speed:  189.3 MC/s (2.093e-02 s/TS) || Energy: ~4.76e-23 (-49.96dB)
[@     6m57s] Timestep:        19632 || Speed:  187.8 MC/s (2.109e-02 s/TS) || Energy: ~3.93e-23 (-50.79dB)
Time for 19632 iterations with 3960600.00 cells : 417.67 sec
Speed: 186.16 MCells/s 
    [excite port 8/44]
 ---------------------------------------------------------------------- 
 | openEMS 64bit -- version v0.37.0-rc1-2-g7b051bb
 | (C) 2010-2026 Thorsten Liebig <thorsten.liebig@gmx.de>  GPL license
 ---------------------------------------------------------------------- 
	Used external libraries:
		CSXCAD -- Version: v0.7.0-rc1-1-g5115701
		hdf5   -- Version: 1.10.10
		          compiled against: HDF5 library version: 1.10.10
		tinyxml -- compiled against: 2.6.2
		fparser
		boost  -- compiled against: 1_83
		vtk -- Version: 9.1.0
		       compiled against: 9.1.0

Create FDTD operator (compressed SSE + multi-threading)
FDTD simulation size: 184x205x105 --> 3960600.00 FDTD cells 
FDTD timestep is: 0.00 s; Nyquist rate: 24 timesteps @103555373668.00 Hz
Excitation signal length is: 286 timesteps (0.00s)
Max. number of timesteps: 60000 ( --> 209.79 * Excitation signal length)
Create FDTD engine (compressed SSE + multi-threading)
Running FDTD engine... this may take a while... grab a cup of coffee?!?
[@        4s] Timestep:           90 || Speed:   87.2 MC/s (4.543e-02 s/TS) || Energy: ~8.82e-20 (- 0.00dB)
[@        8s] Timestep:          240 || Speed:  143.7 MC/s (2.756e-02 s/TS) || Energy: ~4.15e-18 (- 0.00dB)
[@       12s] Timestep:          408 || Speed:  161.8 MC/s (2.447e-02 s/TS) || Energy: ~1.82e-18 (- 3.58dB)
[@       16s] Timestep:          588 || Speed:  176.6 MC/s (2.242e-02 s/TS) || Energy: ~8.17e-19 (- 7.06dB)
[@       20s] Timestep:          780 || Speed:  184.7 MC/s (2.144e-02 s/TS) || Energy: ~3.84e-19 (-10.34dB)
[@       24s] Timestep:          972 || Speed:  187.9 MC/s (2.108e-02 s/TS) || Energy: ~3.05e-19 (-11.33dB)
[@       28s] Timestep:         1170 || Speed:  189.7 MC/s (2.088e-02 s/TS) || Energy: ~4.51e-19 (- 9.63dB)
[@       32s] Timestep:         1356 || Speed:  182.9 MC/s (2.165e-02 s/TS) || Energy: ~3.58e-19 (-10.65dB)
Multithreaded Engine: Best performance found using 7 threads.
[@       36s] Timestep:         1548 || Speed:  187.7 MC/s (2.110e-02 s/TS) || Energy: ~3.72e-19 (-10.47dB)
[@       40s] Timestep:         1740 || Speed:  187.7 MC/s (2.110e-02 s/TS) || Energy: ~3.55e-19 (-10.68dB)
[@       44s] Timestep:         1932 || Speed:  186.8 MC/s (2.120e-02 s/TS) || Energy: ~2.98e-19 (-11.44dB)
[@       48s] Timestep:         2124 || Speed:  188.3 MC/s (2.103e-02 s/TS) || Energy: ~2.21e-19 (-12.74dB)
[@       52s] Timestep:         2316 || Speed:  188.5 MC/s (2.101e-02 s/TS) || Energy: ~1.49e-19 (-14.44dB)
[@       56s] Timestep:         2508 || Speed:  189.2 MC/s (2.094e-02 s/TS) || Energy: ~9.90e-20 (-16.22dB)
[@     1m00s] Timestep:         2700 || Speed:  189.2 MC/s (2.093e-02 s/TS) || Energy: ~7.67e-20 (-17.33dB)
[@     1m04s] Timestep:         2892 || Speed:  189.7 MC/s (2.088e-02 s/TS) || Energy: ~7.46e-20 (-17.45dB)
[@     1m09s] Timestep:         3084 || Speed:  187.6 MC/s (2.111e-02 s/TS) || Energy: ~8.10e-20 (-17.10dB)
[@     1m13s] Timestep:         3276 || Speed:  189.4 MC/s (2.092e-02 s/TS) || Energy: ~8.41e-20 (-16.93dB)
[@     1m17s] Timestep:         3468 || Speed:  188.2 MC/s (2.104e-02 s/TS) || Energy: ~7.81e-20 (-17.26dB)
[@     1m21s] Timestep:         3660 || Speed:  189.2 MC/s (2.094e-02 s/TS) || Energy: ~6.36e-20 (-18.14dB)
[@     1m25s] Timestep:         3858 || Speed:  190.5 MC/s (2.079e-02 s/TS) || Energy: ~3.55e-20 (-20.67dB)
[@     1m29s] Timestep:         4056 || Speed:  188.0 MC/s (2.107e-02 s/TS) || Energy: ~3.03e-20 (-21.36dB)
[@     1m33s] Timestep:         4248 || Speed:  185.7 MC/s (2.132e-02 s/TS) || Energy: ~3.39e-20 (-20.88dB)
[@     1m37s] Timestep:         4440 || Speed:  185.7 MC/s (2.133e-02 s/TS) || Energy: ~3.71e-20 (-20.49dB)
[@     1m41s] Timestep:         4632 || Speed:  188.3 MC/s (2.103e-02 s/TS) || Energy: ~3.67e-20 (-20.53dB)
[@     1m45s] Timestep:         4824 || Speed:  188.4 MC/s (2.102e-02 s/TS) || Energy: ~3.19e-20 (-21.15dB)
[@     1m49s] Timestep:         5016 || Speed:  189.2 MC/s (2.093e-02 s/TS) || Energy: ~2.43e-20 (-22.32dB)
[@     1m53s] Timestep:         5208 || Speed:  189.3 MC/s (2.092e-02 s/TS) || Energy: ~1.68e-20 (-23.94dB)
[@     1m57s] Timestep:         5400 || Speed:  188.4 MC/s (2.102e-02 s/TS) || Energy: ~1.15e-20 (-25.59dB)
[@     2m01s] Timestep:         5592 || Speed:  188.9 MC/s (2.097e-02 s/TS) || Energy: ~9.35e-21 (-26.47dB)
[@     2m05s] Timestep:         5784 || Speed:  189.7 MC/s (2.088e-02 s/TS) || Energy: ~9.94e-21 (-26.21dB)
[@     2m09s] Timestep:         5976 || Speed:  189.0 MC/s (2.095e-02 s/TS) || Energy: ~1.19e-20 (-25.44dB)
[@     2m13s] Timestep:         6168 || Speed:  189.6 MC/s (2.089e-02 s/TS) || Energy: ~1.36e-20 (-24.84dB)
[@     2m17s] Timestep:         6360 || Speed:  188.8 MC/s (2.097e-02 s/TS) || Energy: ~1.42e-20 (-24.67dB)
[@     2m21s] Timestep:         6552 || Speed:  188.3 MC/s (2.103e-02 s/TS) || Energy: ~1.32e-20 (-24.97dB)
[@     2m25s] Timestep:         6744 || Speed:  189.1 MC/s (2.094e-02 s/TS) || Energy: ~1.11e-20 (-25.71dB)
[@     2m29s] Timestep:         6936 || Speed:  187.6 MC/s (2.111e-02 s/TS) || Energy: ~8.63e-21 (-26.82dB)
[@     2m34s] Timestep:         7134 || Speed:  190.1 MC/s (2.083e-02 s/TS) || Energy: ~5.06e-21 (-29.14dB)
[@     2m38s] Timestep:         7326 || Speed:  189.9 MC/s (2.085e-02 s/TS) || Energy: ~4.64e-21 (-29.52dB)
[@     2m42s] Timestep:         7518 || Speed:  189.1 MC/s (2.094e-02 s/TS) || Energy: ~4.89e-21 (-29.29dB)
[@     2m46s] Timestep:         7710 || Speed:  189.2 MC/s (2.094e-02 s/TS) || Energy: ~5.40e-21 (-28.85dB)
[@     2m50s] Timestep:         7902 || Speed:  189.4 MC/s (2.091e-02 s/TS) || Energy: ~5.80e-21 (-28.55dB)
[@     2m54s] Timestep:         8094 || Speed:  188.9 MC/s (2.096e-02 s/TS) || Energy: ~5.86e-21 (-28.50dB)
[@     2m58s] Timestep:         8286 || Speed:  189.7 MC/s (2.088e-02 s/TS) || Energy: ~5.53e-21 (-28.76dB)
[@     3m02s] Timestep:         8478 || Speed:  189.1 MC/s (2.094e-02 s/TS) || Energy: ~4.90e-21 (-29.28dB)
[@     3m06s] Timestep:         8670 || Speed:  188.5 MC/s (2.101e-02 s/TS) || Energy: ~4.13e-21 (-30.02dB)
[@     3m10s] Timestep:         8862 || Speed:  189.2 MC/s (2.094e-02 s/TS) || Energy: ~3.38e-21 (-30.90dB)
[@     3m14s] Timestep:         9054 || Speed:  189.8 MC/s (2.087e-02 s/TS) || Energy: ~2.77e-21 (-31.76dB)
[@     3m18s] Timestep:         9246 || Speed:  189.2 MC/s (2.093e-02 s/TS) || Energy: ~2.37e-21 (-32.43dB)
[@     3m22s] Timestep:         9438 || Speed:  188.9 MC/s (2.097e-02 s/TS) || Energy: ~2.19e-21 (-32.78dB)
[@     3m26s] Timestep:         9630 || Speed:  188.4 MC/s (2.103e-02 s/TS) || Energy: ~2.16e-21 (-32.84dB)
[@     3m30s] Timestep:         9822 || Speed:  187.3 MC/s (2.115e-02 s/TS) || Energy: ~2.22e-21 (-32.73dB)
[@     3m34s] Timestep:        10008 || Speed:  183.3 MC/s (2.160e-02 s/TS) || Energy: ~1.96e-21 (-33.25dB)
[@     3m38s] Timestep:        10200 || Speed:  189.4 MC/s (2.091e-02 s/TS) || Energy: ~2.02e-21 (-33.13dB)
[@     3m42s] Timestep:        10392 || Speed:  188.4 MC/s (2.102e-02 s/TS) || Energy: ~2.03e-21 (-33.11dB)
[@     3m46s] Timestep:        10584 || Speed:  188.9 MC/s (2.096e-02 s/TS) || Energy: ~1.96e-21 (-33.26dB)
[@     3m50s] Timestep:        10776 || Speed:  186.6 MC/s (2.123e-02 s/TS) || Energy: ~1.80e-21 (-33.63dB)
[@     3m54s] Timestep:        10968 || Speed:  187.8 MC/s (2.108e-02 s/TS) || Energy: ~1.58e-21 (-34.19dB)
[@     3m58s] Timestep:        11160 || Speed:  189.3 MC/s (2.092e-02 s/TS) || Energy: ~1.35e-21 (-34.89dB)
[@     4m02s] Timestep:        11352 || Speed:  189.6 MC/s (2.089e-02 s/TS) || Energy: ~1.14e-21 (-35.61dB)
[@     4m06s] Timestep:        11544 || Speed:  189.7 MC/s (2.087e-02 s/TS) || Energy: ~9.89e-22 (-36.23dB)
[@     4m10s] Timestep:        11736 || Speed:  187.2 MC/s (2.116e-02 s/TS) || Energy: ~9.01e-22 (-36.63dB)
[@     4m14s] Timestep:        11928 || Speed:  185.8 MC/s (2.131e-02 s/TS) || Energy: ~8.60e-22 (-36.83dB)
[@     4m18s] Timestep:        12120 || Speed:  189.2 MC/s (2.094e-02 s/TS) || Energy: ~8.45e-22 (-36.91dB)
[@     4m22s] Timestep:        12312 || Speed:  188.1 MC/s (2.105e-02 s/TS) || Energy: ~8.31e-22 (-36.98dB)
[@     4m26s] Timestep:        12504 || Speed:  188.3 MC/s (2.104e-02 s/TS) || Energy: ~8.05e-22 (-37.12dB)
[@     4m30s] Timestep:        12696 || Speed:  187.8 MC/s (2.108e-02 s/TS) || Energy: ~7.62e-22 (-37.36dB)
[@     4m34s] Timestep:        12888 || Speed:  188.9 MC/s (2.096e-02 s/TS) || Energy: ~7.05e-22 (-37.70dB)
[@     4m39s] Timestep:        13080 || Speed:  188.9 MC/s (2.097e-02 s/TS) || Energy: ~6.40e-22 (-38.12dB)
[@     4m43s] Timestep:        13272 || Speed:  188.1 MC/s (2.106e-02 s/TS) || Energy: ~5.72e-22 (-38.61dB)
[@     4m47s] Timestep:        13464 || Speed:  186.7 MC/s (2.121e-02 s/TS) || Energy: ~5.06e-22 (-39.14dB)
[@     4m51s] Timestep:        13656 || Speed:  189.8 MC/s (2.087e-02 s/TS) || Energy: ~4.45e-22 (-39.70dB)
[@     4m55s] Timestep:        13848 || Speed:  189.4 MC/s (2.092e-02 s/TS) || Energy: ~3.94e-22 (-40.23dB)
[@     4m59s] Timestep:        14040 || Speed:  189.0 MC/s (2.096e-02 s/TS) || Energy: ~3.55e-22 (-40.67dB)
[@     5m03s] Timestep:        14232 || Speed:  189.1 MC/s (2.094e-02 s/TS) || Energy: ~3.32e-22 (-40.98dB)
[@     5m07s] Timestep:        14424 || Speed:  189.0 MC/s (2.096e-02 s/TS) || Energy: ~3.21e-22 (-41.11dB)
[@     5m11s] Timestep:        14616 || Speed:  184.7 MC/s (2.144e-02 s/TS) || Energy: ~3.18e-22 (-41.15dB)
[@     5m15s] Timestep:        14808 || Speed:  188.3 MC/s (2.104e-02 s/TS) || Energy: ~3.15e-22 (-41.20dB)
[@     5m19s] Timestep:        15000 || Speed:  189.3 MC/s (2.092e-02 s/TS) || Energy: ~3.04e-22 (-41.36dB)
[@     5m23s] Timestep:        15192 || Speed:  188.4 MC/s (2.103e-02 s/TS) || Energy: ~2.80e-22 (-41.71dB)
[@     5m27s] Timestep:        15384 || Speed:  188.6 MC/s (2.100e-02 s/TS) || Energy: ~2.45e-22 (-42.29dB)
[@     5m31s] Timestep:        15576 || Speed:  187.3 MC/s (2.114e-02 s/TS) || Energy: ~2.06e-22 (-43.05dB)
[@     5m35s] Timestep:        15762 || Speed:  183.8 MC/s (2.155e-02 s/TS) || Energy: ~1.96e-22 (-43.27dB)
[@     5m39s] Timestep:        15948 || Speed:  182.9 MC/s (2.166e-02 s/TS) || Energy: ~1.86e-22 (-43.49dB)
[@     5m43s] Timestep:        16140 || Speed:  187.3 MC/s (2.115e-02 s/TS) || Energy: ~1.53e-22 (-44.34dB)
[@     5m47s] Timestep:        16332 || Speed:  188.1 MC/s (2.105e-02 s/TS) || Energy: ~1.27e-22 (-45.15dB)
[@     5m51s] Timestep:        16524 || Speed:  186.9 MC/s (2.119e-02 s/TS) || Energy: ~1.13e-22 (-45.66dB)
[@     5m55s] Timestep:        16716 || Speed:  188.7 MC/s (2.099e-02 s/TS) || Energy: ~1.09e-22 (-45.79dB)
[@     5m59s] Timestep:        16902 || Speed:  183.3 MC/s (2.161e-02 s/TS) || Energy: ~9.90e-23 (-46.22dB)
[@     6m03s] Timestep:        17094 || Speed:  189.1 MC/s (2.094e-02 s/TS) || Energy: ~1.01e-22 (-46.13dB)
[@     6m07s] Timestep:        17286 || Speed:  188.9 MC/s (2.097e-02 s/TS) || Energy: ~1.04e-22 (-46.00dB)
[@     6m11s] Timestep:        17478 || Speed:  188.8 MC/s (2.098e-02 s/TS) || Energy: ~1.03e-22 (-46.03dB)
[@     6m15s] Timestep:        17670 || Speed:  188.9 MC/s (2.097e-02 s/TS) || Energy: ~9.66e-23 (-46.33dB)
[@     6m19s] Timestep:        17862 || Speed:  189.3 MC/s (2.093e-02 s/TS) || Energy: ~8.46e-23 (-46.91dB)
[@     6m23s] Timestep:        18054 || Speed:  188.5 MC/s (2.101e-02 s/TS) || Energy: ~7.07e-23 (-47.68dB)
[@     6m27s] Timestep:        18246 || Speed:  188.7 MC/s (2.099e-02 s/TS) || Energy: ~5.88e-23 (-48.48dB)
[@     6m31s] Timestep:        18438 || Speed:  188.8 MC/s (2.097e-02 s/TS) || Energy: ~5.12e-23 (-49.09dB)
[@     6m35s] Timestep:        18630 || Speed:  189.1 MC/s (2.094e-02 s/TS) || Energy: ~4.79e-23 (-49.37dB)
[@     6m40s] Timestep:        18822 || Speed:  189.6 MC/s (2.089e-02 s/TS) || Energy: ~4.74e-23 (-49.43dB)
[@     6m44s] Timestep:        19014 || Speed:  188.6 MC/s (2.100e-02 s/TS) || Energy: ~4.70e-23 (-49.46dB)
[@     6m48s] Timestep:        19200 || Speed:  181.5 MC/s (2.182e-02 s/TS) || Energy: ~4.31e-23 (-49.84dB)
[@     6m52s] Timestep:        19392 || Speed:  189.6 MC/s (2.088e-02 s/TS) || Energy: ~4.13e-23 (-50.02dB)
Time for 19392 iterations with 3960600.00 cells : 412.11 sec
Speed: 186.37 MCells/s 
    [excite port 9/44]
 ---------------------------------------------------------------------- 
 | openEMS 64bit -- version v0.37.0-rc1-2-g7b051bb
 | (C) 2010-2026 Thorsten Liebig <thorsten.liebig@gmx.de>  GPL license
 ---------------------------------------------------------------------- 
	Used external libraries:
		CSXCAD -- Version: v0.7.0-rc1-1-g5115701
		hdf5   -- Version: 1.10.10
		          compiled against: HDF5 library version: 1.10.10
		tinyxml -- compiled against: 2.6.2
		fparser
		boost  -- compiled against: 1_83
		vtk -- Version: 9.1.0
		       compiled against: 9.1.0

Create FDTD operator (compressed SSE + multi-threading)
FDTD simulation size: 184x205x105 --> 3960600.00 FDTD cells 
FDTD timestep is: 0.00 s; Nyquist rate: 24 timesteps @103555373668.00 Hz
Excitation signal length is: 286 timesteps (0.00s)
Max. number of timesteps: 60000 ( --> 209.79 * Excitation signal length)
Create FDTD engine (compressed SSE + multi-threading)
Running FDTD engine... this may take a while... grab a cup of coffee?!?
[@        4s] Timestep:           90 || Speed:   86.1 MC/s (4.599e-02 s/TS) || Energy: ~8.66e-20 (- 0.00dB)
[@        8s] Timestep:          222 || Speed:  130.3 MC/s (3.039e-02 s/TS) || Energy: ~4.84e-18 (- 0.00dB)
[@       12s] Timestep:          378 || Speed:  153.6 MC/s (2.579e-02 s/TS) || Energy: ~1.70e-18 (- 4.54dB)
[@       16s] Timestep:          552 || Speed:  169.6 MC/s (2.335e-02 s/TS) || Energy: ~7.98e-19 (- 7.83dB)
[@       20s] Timestep:          738 || Speed:  179.8 MC/s (2.203e-02 s/TS) || Energy: ~5.53e-19 (- 9.42dB)
[@       24s] Timestep:          924 || Speed:  183.9 MC/s (2.154e-02 s/TS) || Energy: ~4.95e-19 (- 9.90dB)
[@       28s] Timestep:         1110 || Speed:  178.3 MC/s (2.221e-02 s/TS) || Energy: ~4.50e-19 (-10.31dB)
Multithreaded Engine: Best performance found using 6 threads.
[@       32s] Timestep:         1296 || Speed:  183.6 MC/s (2.157e-02 s/TS) || Energy: ~3.83e-19 (-11.02dB)
[@       36s] Timestep:         1488 || Speed:  188.5 MC/s (2.101e-02 s/TS) || Energy: ~4.02e-19 (-10.80dB)
[@       40s] Timestep:         1680 || Speed:  187.3 MC/s (2.115e-02 s/TS) || Energy: ~3.92e-19 (-10.92dB)
[@       44s] Timestep:         1872 || Speed:  189.8 MC/s (2.087e-02 s/TS) || Energy: ~3.54e-19 (-11.36dB)
[@       48s] Timestep:         2064 || Speed:  189.2 MC/s (2.094e-02 s/TS) || Energy: ~2.97e-19 (-12.12dB)
[@       52s] Timestep:         2256 || Speed:  189.8 MC/s (2.086e-02 s/TS) || Energy: ~2.34e-19 (-13.16dB)
[@       56s] Timestep:         2448 || Speed:  190.1 MC/s (2.084e-02 s/TS) || Energy: ~1.79e-19 (-14.32dB)
[@     1m00s] Timestep:         2640 || Speed:  189.0 MC/s (2.096e-02 s/TS) || Energy: ~1.35e-19 (-15.56dB)
[@     1m04s] Timestep:         2832 || Speed:  189.4 MC/s (2.091e-02 s/TS) || Energy: ~1.07e-19 (-16.54dB)
[@     1m08s] Timestep:         3024 || Speed:  188.7 MC/s (2.099e-02 s/TS) || Energy: ~9.36e-20 (-17.14dB)
[@     1m12s] Timestep:         3216 || Speed:  189.8 MC/s (2.087e-02 s/TS) || Energy: ~9.04e-20 (-17.28dB)
[@     1m16s] Timestep:         3408 || Speed:  189.7 MC/s (2.088e-02 s/TS) || Energy: ~9.39e-20 (-17.12dB)
[@     1m20s] Timestep:         3600 || Speed:  188.6 MC/s (2.100e-02 s/TS) || Energy: ~9.79e-20 (-16.94dB)
[@     1m24s] Timestep:         3792 || Speed:  189.7 MC/s (2.087e-02 s/TS) || Energy: ~9.94e-20 (-16.88dB)
[@     1m28s] Timestep:         3984 || Speed:  189.6 MC/s (2.089e-02 s/TS) || Energy: ~9.61e-20 (-17.02dB)
[@     1m32s] Timestep:         4176 || Speed:  189.1 MC/s (2.095e-02 s/TS) || Energy: ~8.82e-20 (-17.40dB)
[@     1m36s] Timestep:         4362 || Speed:  182.9 MC/s (2.165e-02 s/TS) || Energy: ~8.08e-20 (-17.78dB)
[@     1m40s] Timestep:         4554 || Speed:  189.2 MC/s (2.093e-02 s/TS) || Energy: ~7.31e-20 (-18.21dB)
[@     1m44s] Timestep:         4746 || Speed:  187.7 MC/s (2.110e-02 s/TS) || Energy: ~6.33e-20 (-18.83dB)
[@     1m48s] Timestep:         4938 || Speed:  189.0 MC/s (2.095e-02 s/TS) || Energy: ~5.27e-20 (-19.63dB)
[@     1m52s] Timestep:         5130 || Speed:  187.8 MC/s (2.109e-02 s/TS) || Energy: ~4.25e-20 (-20.56dB)
[@     1m56s] Timestep:         5322 || Speed:  189.0 MC/s (2.096e-02 s/TS) || Energy: ~3.41e-20 (-21.52dB)
[@     2m00s] Timestep:         5514 || Speed:  189.4 MC/s (2.092e-02 s/TS) || Energy: ~2.83e-20 (-22.33dB)
[@     2m05s] Timestep:         5706 || Speed:  187.1 MC/s (2.117e-02 s/TS) || Energy: ~2.59e-20 (-22.71dB)
[@     2m09s] Timestep:         5898 || Speed:  188.1 MC/s (2.106e-02 s/TS) || Energy: ~2.68e-20 (-22.56dB)
[@     2m13s] Timestep:         6090 || Speed:  184.8 MC/s (2.143e-02 s/TS) || Energy: ~2.99e-20 (-22.09dB)
[@     2m17s] Timestep:         6282 || Speed:  188.7 MC/s (2.099e-02 s/TS) || Energy: ~3.34e-20 (-21.62dB)
[@     2m21s] Timestep:         6480 || Speed:  190.3 MC/s (2.081e-02 s/TS) || Energy: ~3.57e-20 (-21.32dB)
[@     2m25s] Timestep:         6672 || Speed:  189.0 MC/s (2.095e-02 s/TS) || Energy: ~3.00e-20 (-22.08dB)
[@     2m29s] Timestep:         6864 || Speed:  186.9 MC/s (2.119e-02 s/TS) || Energy: ~2.26e-20 (-23.31dB)
[@     2m33s] Timestep:         7056 || Speed:  188.8 MC/s (2.098e-02 s/TS) || Energy: ~1.56e-20 (-24.92dB)
[@     2m37s] Timestep:         7248 || Speed:  188.1 MC/s (2.105e-02 s/TS) || Energy: ~1.08e-20 (-26.50dB)
[@     2m41s] Timestep:         7440 || Speed:  188.6 MC/s (2.101e-02 s/TS) || Energy: ~9.26e-21 (-27.18dB)
[@     2m45s] Timestep:         7632 || Speed:  189.3 MC/s (2.092e-02 s/TS) || Energy: ~1.06e-20 (-26.58dB)
[@     2m49s] Timestep:         7824 || Speed:  187.6 MC/s (2.111e-02 s/TS) || Energy: ~1.36e-20 (-25.50dB)
[@     2m53s] Timestep:         8016 || Speed:  189.5 MC/s (2.090e-02 s/TS) || Energy: ~1.65e-20 (-24.67dB)
[@     2m57s] Timestep:         8208 || Speed:  188.8 MC/s (2.097e-02 s/TS) || Energy: ~1.79e-20 (-24.33dB)
[@     3m01s] Timestep:         8400 || Speed:  188.8 MC/s (2.098e-02 s/TS) || Energy: ~1.70e-20 (-24.54dB)
[@     3m05s] Timestep:         8592 || Speed:  188.5 MC/s (2.101e-02 s/TS) || Energy: ~1.42e-20 (-25.34dB)
[@     3m09s] Timestep:         8784 || Speed:  188.3 MC/s (2.104e-02 s/TS) || Energy: ~1.04e-20 (-26.69dB)
[@     3m13s] Timestep:         8976 || Speed:  189.1 MC/s (2.095e-02 s/TS) || Energy: ~6.80e-21 (-28.52dB)
[@     3m17s] Timestep:         9168 || Speed:  188.2 MC/s (2.104e-02 s/TS) || Energy: ~4.45e-21 (-30.36dB)
[@     3m21s] Timestep:         9360 || Speed:  184.7 MC/s (2.144e-02 s/TS) || Energy: ~3.71e-21 (-31.16dB)
[@     3m26s] Timestep:         9552 || Speed:  186.4 MC/s (2.124e-02 s/TS) || Energy: ~4.32e-21 (-30.49dB)
[@     3m30s] Timestep:         9744 || Speed:  188.7 MC/s (2.099e-02 s/TS) || Energy: ~5.63e-21 (-29.35dB)
[@     3m34s] Timestep:         9936 || Speed:  188.7 MC/s (2.099e-02 s/TS) || Energy: ~6.84e-21 (-28.49dB)
[@     3m38s] Timestep:        10128 || Speed:  188.3 MC/s (2.104e-02 s/TS) || Energy: ~7.39e-21 (-28.16dB)
[@     3m42s] Timestep:        10320 || Speed:  188.6 MC/s (2.100e-02 s/TS) || Energy: ~7.04e-21 (-28.37dB)
[@     3m46s] Timestep:        10512 || Speed:  188.8 MC/s (2.098e-02 s/TS) || Energy: ~5.96e-21 (-29.09dB)
[@     3m50s] Timestep:        10704 || Speed:  189.3 MC/s (2.092e-02 s/TS) || Energy: ~4.55e-21 (-30.27dB)
[@     3m54s] Timestep:        10896 || Speed:  189.2 MC/s (2.094e-02 s/TS) || Energy: ~3.24e-21 (-31.74dB)
[@     3m58s] Timestep:        11088 || Speed:  187.9 MC/s (2.108e-02 s/TS) || Energy: ~2.34e-21 (-33.15dB)
[@     4m02s] Timestep:        11280 || Speed:  186.9 MC/s (2.119e-02 s/TS) || Energy: ~1.97e-21 (-33.91dB)
[@     4m06s] Timestep:        11472 || Speed:  189.2 MC/s (2.093e-02 s/TS) || Energy: ~2.01e-21 (-33.81dB)
[@     4m10s] Timestep:        11664 || Speed:  188.3 MC/s (2.103e-02 s/TS) || Energy: ~2.29e-21 (-33.26dB)
[@     4m14s] Timestep:        11856 || Speed:  189.9 MC/s (2.086e-02 s/TS) || Energy: ~2.56e-21 (-32.76dB)
[@     4m18s] Timestep:        12048 || Speed:  189.9 MC/s (2.086e-02 s/TS) || Energy: ~2.69e-21 (-32.55dB)
[@     4m22s] Timestep:        12240 || Speed:  189.4 MC/s (2.091e-02 s/TS) || Energy: ~2.62e-21 (-32.67dB)
[@     4m26s] Timestep:        12432 || Speed:  188.8 MC/s (2.098e-02 s/TS) || Energy: ~2.38e-21 (-33.09dB)
[@     4m30s] Timestep:        12624 || Speed:  189.9 MC/s (2.086e-02 s/TS) || Energy: ~2.04e-21 (-33.75dB)
[@     4m34s] Timestep:        12816 || Speed:  189.0 MC/s (2.095e-02 s/TS) || Energy: ~1.69e-21 (-34.57dB)
[@     4m38s] Timestep:        13008 || Speed:  189.4 MC/s (2.091e-02 s/TS) || Energy: ~1.38e-21 (-35.44dB)
[@     4m42s] Timestep:        13200 || Speed:  188.9 MC/s (2.097e-02 s/TS) || Energy: ~1.14e-21 (-36.26dB)
[@     4m46s] Timestep:        13392 || Speed:  189.8 MC/s (2.087e-02 s/TS) || Energy: ~9.84e-22 (-36.92dB)
[@     4m50s] Timestep:        13584 || Speed:  188.9 MC/s (2.097e-02 s/TS) || Energy: ~8.98e-22 (-37.32dB)
[@     4m54s] Timestep:        13776 || Speed:  189.4 MC/s (2.091e-02 s/TS) || Energy: ~8.74e-22 (-37.43dB)
[@     4m58s] Timestep:        13968 || Speed:  189.9 MC/s (2.086e-02 s/TS) || Energy: ~8.96e-22 (-37.33dB)
[@     5m02s] Timestep:        14154 || Speed:  183.8 MC/s (2.154e-02 s/TS) || Energy: ~7.72e-22 (-37.97dB)
[@     5m06s] Timestep:        14346 || Speed:  186.3 MC/s (2.125e-02 s/TS) || Energy: ~8.16e-22 (-37.73dB)
[@     5m10s] Timestep:        14538 || Speed:  188.4 MC/s (2.102e-02 s/TS) || Energy: ~8.68e-22 (-37.46dB)
[@     5m14s] Timestep:        14730 || Speed:  189.1 MC/s (2.094e-02 s/TS) || Energy: ~8.93e-22 (-37.34dB)
[@     5m18s] Timestep:        14922 || Speed:  189.2 MC/s (2.093e-02 s/TS) || Energy: ~8.65e-22 (-37.48dB)
[@     5m22s] Timestep:        15114 || Speed:  188.7 MC/s (2.098e-02 s/TS) || Energy: ~7.73e-22 (-37.96dB)
[@     5m26s] Timestep:        15306 || Speed:  189.6 MC/s (2.089e-02 s/TS) || Energy: ~6.35e-22 (-38.82dB)
[@     5m30s] Timestep:        15498 || Speed:  188.9 MC/s (2.096e-02 s/TS) || Energy: ~4.83e-22 (-40.00dB)
[@     5m34s] Timestep:        15690 || Speed:  189.9 MC/s (2.085e-02 s/TS) || Energy: ~3.58e-22 (-41.31dB)
[@     5m38s] Timestep:        15882 || Speed:  189.2 MC/s (2.094e-02 s/TS) || Energy: ~2.88e-22 (-42.26dB)
[@     5m42s] Timestep:        16074 || Speed:  189.2 MC/s (2.094e-02 s/TS) || Energy: ~2.83e-22 (-42.33dB)
[@     5m46s] Timestep:        16266 || Speed:  189.5 MC/s (2.090e-02 s/TS) || Energy: ~3.28e-22 (-41.68dB)
[@     5m50s] Timestep:        16458 || Speed:  187.2 MC/s (2.115e-02 s/TS) || Energy: ~3.93e-22 (-40.91dB)
[@     5m54s] Timestep:        16650 || Speed:  187.9 MC/s (2.108e-02 s/TS) || Energy: ~4.41e-22 (-40.40dB)
[@     5m58s] Timestep:        16842 || Speed:  188.6 MC/s (2.100e-02 s/TS) || Energy: ~4.49e-22 (-40.33dB)
[@     6m03s] Timestep:        17034 || Speed:  189.2 MC/s (2.094e-02 s/TS) || Energy: ~4.09e-22 (-40.73dB)
[@     6m07s] Timestep:        17226 || Speed:  189.8 MC/s (2.087e-02 s/TS) || Energy: ~3.35e-22 (-41.60dB)
[@     6m11s] Timestep:        17418 || Speed:  188.8 MC/s (2.098e-02 s/TS) || Energy: ~2.51e-22 (-42.85dB)
[@     6m15s] Timestep:        17610 || Speed:  189.4 MC/s (2.091e-02 s/TS) || Energy: ~1.84e-22 (-44.21dB)
[@     6m19s] Timestep:        17802 || Speed:  188.7 MC/s (2.099e-02 s/TS) || Energy: ~1.49e-22 (-45.11dB)
[@     6m23s] Timestep:        17994 || Speed:  190.0 MC/s (2.084e-02 s/TS) || Energy: ~1.50e-22 (-45.09dB)
[@     6m27s] Timestep:        18186 || Speed:  189.1 MC/s (2.095e-02 s/TS) || Energy: ~1.76e-22 (-44.40dB)
[@     6m31s] Timestep:        18378 || Speed:  189.9 MC/s (2.086e-02 s/TS) || Energy: ~2.08e-22 (-43.67dB)
[@     6m35s] Timestep:        18570 || Speed:  189.6 MC/s (2.089e-02 s/TS) || Energy: ~2.29e-22 (-43.24dB)
[@     6m39s] Timestep:        18762 || Speed:  189.2 MC/s (2.094e-02 s/TS) || Energy: ~2.30e-22 (-43.22dB)
[@     6m43s] Timestep:        18954 || Speed:  189.4 MC/s (2.092e-02 s/TS) || Energy: ~2.11e-22 (-43.60dB)
[@     6m47s] Timestep:        19146 || Speed:  189.1 MC/s (2.095e-02 s/TS) || Energy: ~1.79e-22 (-44.31dB)
[@     6m51s] Timestep:        19338 || Speed:  189.8 MC/s (2.086e-02 s/TS) || Energy: ~1.47e-22 (-45.18dB)
[@     6m55s] Timestep:        19530 || Speed:  189.3 MC/s (2.092e-02 s/TS) || Energy: ~1.23e-22 (-45.94dB)
[@     6m59s] Timestep:        19722 || Speed:  189.6 MC/s (2.089e-02 s/TS) || Energy: ~1.13e-22 (-46.31dB)
[@     7m03s] Timestep:        19914 || Speed:  187.0 MC/s (2.118e-02 s/TS) || Energy: ~1.15e-22 (-46.24dB)
[@     7m07s] Timestep:        20106 || Speed:  186.5 MC/s (2.123e-02 s/TS) || Energy: ~1.24e-22 (-45.93dB)
[@     7m11s] Timestep:        20298 || Speed:  189.9 MC/s (2.086e-02 s/TS) || Energy: ~1.32e-22 (-45.64dB)
[@     7m15s] Timestep:        20490 || Speed:  189.0 MC/s (2.096e-02 s/TS) || Energy: ~1.36e-22 (-45.53dB)
[@     7m19s] Timestep:        20682 || Speed:  189.5 MC/s (2.090e-02 s/TS) || Energy: ~1.33e-22 (-45.61dB)
[@     7m23s] Timestep:        20874 || Speed:  189.5 MC/s (2.090e-02 s/TS) || Energy: ~1.26e-22 (-45.85dB)
[@     7m27s] Timestep:        21066 || Speed:  189.8 MC/s (2.087e-02 s/TS) || Energy: ~1.18e-22 (-46.15dB)
[@     7m31s] Timestep:        21258 || Speed:  189.2 MC/s (2.093e-02 s/TS) || Energy: ~1.11e-22 (-46.40dB)
[@     7m35s] Timestep:        21450 || Speed:  189.8 MC/s (2.087e-02 s/TS) || Energy: ~1.07e-22 (-46.55dB)
[@     7m39s] Timestep:        21642 || Speed:  188.9 MC/s (2.097e-02 s/TS) || Energy: ~1.06e-22 (-46.59dB)
[@     7m43s] Timestep:        21834 || Speed:  189.4 MC/s (2.091e-02 s/TS) || Energy: ~1.07e-22 (-46.57dB)
[@     7m47s] Timestep:        22026 || Speed:  188.7 MC/s (2.099e-02 s/TS) || Energy: ~1.07e-22 (-46.56dB)
[@     7m51s] Timestep:        22218 || Speed:  189.7 MC/s (2.088e-02 s/TS) || Energy: ~1.06e-22 (-46.58dB)
[@     7m55s] Timestep:        22410 || Speed:  190.0 MC/s (2.085e-02 s/TS) || Energy: ~1.05e-22 (-46.63dB)
[@     7m59s] Timestep:        22602 || Speed:  187.2 MC/s (2.116e-02 s/TS) || Energy: ~1.04e-22 (-46.68dB)
[@     8m03s] Timestep:        22794 || Speed:  189.8 MC/s (2.087e-02 s/TS) || Energy: ~1.04e-22 (-46.69dB)
[@     8m07s] Timestep:        22986 || Speed:  189.3 MC/s (2.093e-02 s/TS) || Energy: ~1.05e-22 (-46.65dB)
[@     8m11s] Timestep:        23178 || Speed:  189.4 MC/s (2.091e-02 s/TS) || Energy: ~1.07e-22 (-46.57dB)
[@     8m15s] Timestep:        23376 || Speed:  190.3 MC/s (2.081e-02 s/TS) || Energy: ~1.09e-22 (-46.48dB)
[@     8m19s] Timestep:        23568 || Speed:  189.2 MC/s (2.094e-02 s/TS) || Energy: ~1.08e-22 (-46.50dB)
[@     8m23s] Timestep:        23760 || Speed:  189.5 MC/s (2.090e-02 s/TS) || Energy: ~1.07e-22 (-46.56dB)
[@     8m27s] Timestep:        23946 || Speed:  184.0 MC/s (2.153e-02 s/TS) || Energy: ~1.08e-22 (-46.51dB)
[@     8m31s] Timestep:        24138 || Speed:  189.3 MC/s (2.093e-02 s/TS) || Energy: ~1.07e-22 (-46.56dB)
[@     8m35s] Timestep:        24330 || Speed:  189.6 MC/s (2.089e-02 s/TS) || Energy: ~1.06e-22 (-46.58dB)
[@     8m39s] Timestep:        24522 || Speed:  189.6 MC/s (2.089e-02 s/TS) || Energy: ~1.07e-22 (-46.54dB)
[@     8m43s] Timestep:        24720 || Speed:  189.5 MC/s (2.090e-02 s/TS) || Energy: ~1.12e-22 (-46.35dB)
[@     8m47s] Timestep:        24912 || Speed:  189.8 MC/s (2.087e-02 s/TS) || Energy: ~1.15e-22 (-46.23dB)
[@     8m52s] Timestep:        25104 || Speed:  186.8 MC/s (2.120e-02 s/TS) || Energy: ~1.17e-22 (-46.15dB)
[@     8m56s] Timestep:        25296 || Speed:  188.9 MC/s (2.097e-02 s/TS) || Energy: ~1.18e-22 (-46.12dB)
[@     9m00s] Timestep:        25494 || Speed:  190.3 MC/s (2.081e-02 s/TS) || Energy: ~1.16e-22 (-46.21dB)
[@     9m04s] Timestep:        25662 || Speed:  164.3 MC/s (2.410e-02 s/TS) || Energy: ~1.20e-22 (-46.05dB)
[@     9m08s] Timestep:        25830 || Speed:  164.9 MC/s (2.402e-02 s/TS) || Energy: ~1.17e-22 (-46.17dB)
[@     9m12s] Timestep:        26022 || Speed:  185.0 MC/s (2.141e-02 s/TS) || Energy: ~1.19e-22 (-46.10dB)
[@     9m16s] Timestep:        26214 || Speed:  186.0 MC/s (2.129e-02 s/TS) || Energy: ~1.21e-22 (-46.01dB)
[@     9m20s] Timestep:        26406 || Speed:  185.4 MC/s (2.136e-02 s/TS) || Energy: ~1.24e-22 (-45.91dB)
[@     9m24s] Timestep:        26598 || Speed:  186.5 MC/s (2.124e-02 s/TS) || Energy: ~1.26e-22 (-45.83dB)
[@     9m28s] Timestep:        26790 || Speed:  186.2 MC/s (2.127e-02 s/TS) || Energy: ~1.28e-22 (-45.78dB)
[@     9m32s] Timestep:        26982 || Speed:  186.5 MC/s (2.124e-02 s/TS) || Energy: ~1.28e-22 (-45.76dB)
[@     9m36s] Timestep:        27174 || Speed:  186.0 MC/s (2.129e-02 s/TS) || Energy: ~1.29e-22 (-45.75dB)
[@     9m40s] Timestep:        27360 || Speed:  183.2 MC/s (2.162e-02 s/TS) || Energy: ~1.30e-22 (-45.70dB)
[@     9m45s] Timestep:        27552 || Speed:  185.0 MC/s (2.141e-02 s/TS) || Energy: ~1.30e-22 (-45.69dB)
[@     9m49s] Timestep:        27738 || Speed:  184.0 MC/s (2.153e-02 s/TS) || Energy: ~1.32e-22 (-45.65dB)
[@     9m53s] Timestep:        27930 || Speed:  185.8 MC/s (2.132e-02 s/TS) || Energy: ~1.32e-22 (-45.63dB)
[@     9m57s] Timestep:        28122 || Speed:  186.4 MC/s (2.124e-02 s/TS) || Energy: ~1.33e-22 (-45.61dB)
[@    10m01s] Timestep:        28314 || Speed:  186.1 MC/s (2.128e-02 s/TS) || Energy: ~1.34e-22 (-45.57dB)
[@    10m05s] Timestep:        28506 || Speed:  185.6 MC/s (2.134e-02 s/TS) || Energy: ~1.35e-22 (-45.53dB)
[@    10m09s] Timestep:        28698 || Speed:  185.7 MC/s (2.133e-02 s/TS) || Energy: ~1.37e-22 (-45.50dB)
[@    10m13s] Timestep:        28890 || Speed:  186.3 MC/s (2.126e-02 s/TS) || Energy: ~1.37e-22 (-45.46dB)
[@    10m17s] Timestep:        29076 || Speed:  181.5 MC/s (2.182e-02 s/TS) || Energy: ~1.38e-22 (-45.45dB)
[@    10m21s] Timestep:        29268 || Speed:  186.0 MC/s (2.129e-02 s/TS) || Energy: ~1.39e-22 (-45.43dB)
[@    10m25s] Timestep:        29460 || Speed:  186.3 MC/s (2.126e-02 s/TS) || Energy: ~1.39e-22 (-45.41dB)
[@    10m29s] Timestep:        29652 || Speed:  185.0 MC/s (2.141e-02 s/TS) || Energy: ~1.40e-22 (-45.40dB)
[@    10m33s] Timestep:        29838 || Speed:  184.1 MC/s (2.152e-02 s/TS) || Energy: ~1.40e-22 (-45.38dB)
[@    10m38s] Timestep:        30030 || Speed:  184.9 MC/s (2.142e-02 s/TS) || Energy: ~1.40e-22 (-45.37dB)
[@    10m42s] Timestep:        30216 || Speed:  183.3 MC/s (2.161e-02 s/TS) || Energy: ~1.41e-22 (-45.36dB)
[@    10m46s] Timestep:        30408 || Speed:  184.5 MC/s (2.146e-02 s/TS) || Energy: ~1.41e-22 (-45.35dB)
[@    10m50s] Timestep:        30600 || Speed:  185.2 MC/s (2.138e-02 s/TS) || Energy: ~1.42e-22 (-45.34dB)
[@    10m54s] Timestep:        30792 || Speed:  184.6 MC/s (2.145e-02 s/TS) || Energy: ~1.42e-22 (-45.33dB)
[@    10m58s] Timestep:        30984 || Speed:  185.2 MC/s (2.139e-02 s/TS) || Energy: ~1.42e-22 (-45.31dB)
[@    11m02s] Timestep:        31176 || Speed:  186.1 MC/s (2.129e-02 s/TS) || Energy: ~1.43e-22 (-45.30dB)
[@    11m06s] Timestep:        31362 || Speed:  181.6 MC/s (2.181e-02 s/TS) || Energy: ~1.43e-22 (-45.29dB)
[@    11m10s] Timestep:        31554 || Speed:  187.1 MC/s (2.117e-02 s/TS) || Energy: ~1.43e-22 (-45.29dB)
[@    11m14s] Timestep:        31746 || Speed:  186.2 MC/s (2.127e-02 s/TS) || Energy: ~1.44e-22 (-45.28dB)
[@    11m18s] Timestep:        31938 || Speed:  184.7 MC/s (2.144e-02 s/TS) || Energy: ~1.44e-22 (-45.27dB)
[@    11m22s] Timestep:        32130 || Speed:  186.5 MC/s (2.124e-02 s/TS) || Energy: ~1.44e-22 (-45.26dB)
[@    11m27s] Timestep:        32322 || Speed:  185.1 MC/s (2.140e-02 s/TS) || Energy: ~1.45e-22 (-45.25dB)
[@    11m31s] Timestep:        32514 || Speed:  186.5 MC/s (2.124e-02 s/TS) || Energy: ~1.45e-22 (-45.24dB)
[@    11m35s] Timestep:        32706 || Speed:  184.2 MC/s (2.150e-02 s/TS) || Energy: ~1.45e-22 (-45.22dB)
[@    11m39s] Timestep:        32874 || Speed:  160.5 MC/s (2.468e-02 s/TS) || Energy: ~1.46e-22 (-45.22dB)
[@    11m43s] Timestep:        33048 || Speed:  170.3 MC/s (2.325e-02 s/TS) || Energy: ~1.46e-22 (-45.20dB)
[@    11m47s] Timestep:        33240 || Speed:  188.3 MC/s (2.103e-02 s/TS) || Energy: ~1.46e-22 (-45.19dB)
[@    11m51s] Timestep:        33426 || Speed:  183.0 MC/s (2.165e-02 s/TS) || Energy: ~1.47e-22 (-45.18dB)
[@    11m55s] Timestep:        33618 || Speed:  188.5 MC/s (2.101e-02 s/TS) || Energy: ~1.47e-22 (-45.17dB)
[@    11m59s] Timestep:        33810 || Speed:  188.8 MC/s (2.097e-02 s/TS) || Energy: ~1.48e-22 (-45.15dB)
[@    12m03s] Timestep:        33996 || Speed:  183.4 MC/s (2.159e-02 s/TS) || Energy: ~1.48e-22 (-45.14dB)
[@    12m07s] Timestep:        34188 || Speed:  185.0 MC/s (2.141e-02 s/TS) || Energy: ~1.49e-22 (-45.13dB)
[@    12m11s] Timestep:        34386 || Speed:  189.7 MC/s (2.088e-02 s/TS) || Energy: ~1.49e-22 (-45.11dB)
[@    12m15s] Timestep:        34578 || Speed:  189.6 MC/s (2.089e-02 s/TS) || Energy: ~1.50e-22 (-45.09dB)
[@    12m19s] Timestep:        34770 || Speed:  188.7 MC/s (2.098e-02 s/TS) || Energy: ~1.50e-22 (-45.07dB)
[@    12m23s] Timestep:        34962 || Speed:  189.3 MC/s (2.092e-02 s/TS) || Energy: ~1.51e-22 (-45.06dB)
[@    12m27s] Timestep:        35154 || Speed:  189.1 MC/s (2.094e-02 s/TS) || Energy: ~1.51e-22 (-45.04dB)
[@    12m31s] Timestep:        35346 || Speed:  188.6 MC/s (2.100e-02 s/TS) || Energy: ~1.52e-22 (-45.03dB)
[@    12m36s] Timestep:        35538 || Speed:  188.7 MC/s (2.098e-02 s/TS) || Energy: ~1.53e-22 (-45.01dB)
[@    12m40s] Timestep:        35730 || Speed:  189.1 MC/s (2.095e-02 s/TS) || Energy: ~1.53e-22 (-45.00dB)
[@    12m44s] Timestep:        35922 || Speed:  189.7 MC/s (2.087e-02 s/TS) || Energy: ~1.54e-22 (-44.98dB)
[@    12m48s] Timestep:        36114 || Speed:  188.7 MC/s (2.099e-02 s/TS) || Energy: ~1.54e-22 (-44.97dB)
[@    12m52s] Timestep:        36306 || Speed:  187.9 MC/s (2.108e-02 s/TS) || Energy: ~1.55e-22 (-44.95dB)
[@    12m56s] Timestep:        36504 || Speed:  189.9 MC/s (2.085e-02 s/TS) || Energy: ~1.55e-22 (-44.94dB)
[@    13m00s] Timestep:        36696 || Speed:  188.4 MC/s (2.102e-02 s/TS) || Energy: ~1.56e-22 (-44.92dB)
[@    13m04s] Timestep:        36888 || Speed:  189.4 MC/s (2.091e-02 s/TS) || Energy: ~1.56e-22 (-44.91dB)
[@    13m08s] Timestep:        37080 || Speed:  188.0 MC/s (2.106e-02 s/TS) || Energy: ~1.57e-22 (-44.90dB)
[@    13m12s] Timestep:        37272 || Speed:  189.4 MC/s (2.091e-02 s/TS) || Energy: ~1.57e-22 (-44.89dB)
[@    13m16s] Timestep:        37464 || Speed:  189.4 MC/s (2.091e-02 s/TS) || Energy: ~1.57e-22 (-44.88dB)
[@    13m20s] Timestep:        37656 || Speed:  189.1 MC/s (2.094e-02 s/TS) || Energy: ~1.58e-22 (-44.87dB)
[@    13m24s] Timestep:        37848 || Speed:  186.9 MC/s (2.119e-02 s/TS) || Energy: ~1.58e-22 (-44.87dB)
[@    13m28s] Timestep:        38040 || Speed:  186.3 MC/s (2.126e-02 s/TS) || Energy: ~1.58e-22 (-44.86dB)
[@    13m32s] Timestep:        38232 || Speed:  188.9 MC/s (2.097e-02 s/TS) || Energy: ~1.58e-22 (-44.86dB)
[@    13m36s] Timestep:        38424 || Speed:  185.8 MC/s (2.132e-02 s/TS) || Energy: ~1.58e-22 (-44.85dB)
[@    13m40s] Timestep:        38616 || Speed:  185.5 MC/s (2.135e-02 s/TS) || Energy: ~1.58e-22 (-44.85dB)
[@    13m44s] Timestep:        38808 || Speed:  186.7 MC/s (2.121e-02 s/TS) || Energy: ~1.58e-22 (-44.86dB)
[@    13m48s] Timestep:        39000 || Speed:  189.1 MC/s (2.094e-02 s/TS) || Energy: ~1.58e-22 (-44.86dB)
[@    13m52s] Timestep:        39192 || Speed:  189.0 MC/s (2.096e-02 s/TS) || Energy: ~1.58e-22 (-44.86dB)
[@    13m56s] Timestep:        39384 || Speed:  189.4 MC/s (2.091e-02 s/TS) || Energy: ~1.58e-22 (-44.87dB)
[@    14m00s] Timestep:        39576 || Speed:  190.0 MC/s (2.084e-02 s/TS) || Energy: ~1.57e-22 (-44.88dB)
[@    14m04s] Timestep:        39768 || Speed:  189.9 MC/s (2.085e-02 s/TS) || Energy: ~1.57e-22 (-44.89dB)
[@    14m08s] Timestep:        39960 || Speed:  189.3 MC/s (2.092e-02 s/TS) || Energy: ~1.57e-22 (-44.90dB)
[@    14m12s] Timestep:        40152 || Speed:  189.2 MC/s (2.094e-02 s/TS) || Energy: ~1.56e-22 (-44.91dB)
[@    14m16s] Timestep:        40344 || Speed:  189.6 MC/s (2.089e-02 s/TS) || Energy: ~1.56e-22 (-44.93dB)
[@    14m20s] Timestep:        40536 || Speed:  189.3 MC/s (2.093e-02 s/TS) || Energy: ~1.55e-22 (-44.95dB)
[@    14m24s] Timestep:        40728 || Speed:  188.5 MC/s (2.101e-02 s/TS) || Energy: ~1.54e-22 (-44.97dB)
[@    14m29s] Timestep:        40920 || Speed:  189.8 MC/s (2.087e-02 s/TS) || Energy: ~1.53e-22 (-44.99dB)
[@    14m33s] Timestep:        41112 || Speed:  189.5 MC/s (2.090e-02 s/TS) || Energy: ~1.53e-22 (-45.01dB)
[@    14m37s] Timestep:        41304 || Speed:  187.4 MC/s (2.114e-02 s/TS) || Energy: ~1.52e-22 (-45.04dB)
[@    14m41s] Timestep:        41496 || Speed:  188.1 MC/s (2.106e-02 s/TS) || Energy: ~1.51e-22 (-45.06dB)
[@    14m45s] Timestep:        41688 || Speed:  189.4 MC/s (2.091e-02 s/TS) || Energy: ~1.50e-22 (-45.09dB)
[@    14m49s] Timestep:        41880 || Speed:  188.8 MC/s (2.098e-02 s/TS) || Energy: ~1.49e-22 (-45.12dB)
[@    14m53s] Timestep:        42072 || Speed:  188.6 MC/s (2.100e-02 s/TS) || Energy: ~1.48e-22 (-45.15dB)
[@    14m57s] Timestep:        42264 || Speed:  189.6 MC/s (2.089e-02 s/TS) || Energy: ~1.47e-22 (-45.18dB)
[@    15m01s] Timestep:        42456 || Speed:  189.9 MC/s (2.085e-02 s/TS) || Energy: ~1.45e-22 (-45.22dB)
[@    15m05s] Timestep:        42648 || Speed:  190.0 MC/s (2.084e-02 s/TS) || Energy: ~1.44e-22 (-45.26dB)
[@    15m09s] Timestep:        42840 || Speed:  187.6 MC/s (2.111e-02 s/TS) || Energy: ~1.43e-22 (-45.29dB)
[@    15m13s] Timestep:        43032 || Speed:  188.2 MC/s (2.104e-02 s/TS) || Energy: ~1.42e-22 (-45.33dB)
[@    15m17s] Timestep:        43224 || Speed:  188.2 MC/s (2.105e-02 s/TS) || Energy: ~1.41e-22 (-45.37dB)
[@    15m21s] Timestep:        43416 || Speed:  189.7 MC/s (2.088e-02 s/TS) || Energy: ~1.39e-22 (-45.41dB)
[@    15m25s] Timestep:        43608 || Speed:  190.0 MC/s (2.084e-02 s/TS) || Energy: ~1.38e-22 (-45.45dB)
[@    15m29s] Timestep:        43800 || Speed:  189.2 MC/s (2.093e-02 s/TS) || Energy: ~1.37e-22 (-45.49dB)
[@    15m33s] Timestep:        43998 || Speed:  190.3 MC/s (2.082e-02 s/TS) || Energy: ~1.35e-22 (-45.53dB)
[@    15m37s] Timestep:        44190 || Speed:  189.5 MC/s (2.090e-02 s/TS) || Energy: ~1.34e-22 (-45.58dB)
[@    15m41s] Timestep:        44382 || Speed:  188.9 MC/s (2.096e-02 s/TS) || Energy: ~1.33e-22 (-45.62dB)
[@    15m45s] Timestep:        44574 || Speed:  189.1 MC/s (2.094e-02 s/TS) || Energy: ~1.32e-22 (-45.66dB)
[@    15m49s] Timestep:        44766 || Speed:  189.3 MC/s (2.093e-02 s/TS) || Energy: ~1.30e-22 (-45.70dB)
[@    15m53s] Timestep:        44958 || Speed:  189.2 MC/s (2.093e-02 s/TS) || Energy: ~1.29e-22 (-45.75dB)
[@    15m57s] Timestep:        45150 || Speed:  188.7 MC/s (2.099e-02 s/TS) || Energy: ~1.28e-22 (-45.79dB)
[@    16m01s] Timestep:        45342 || Speed:  188.9 MC/s (2.096e-02 s/TS) || Energy: ~1.26e-22 (-45.83dB)
[@    16m05s] Timestep:        45534 || Speed:  189.3 MC/s (2.092e-02 s/TS) || Energy: ~1.25e-22 (-45.87dB)
[@    16m09s] Timestep:        45726 || Speed:  189.7 MC/s (2.088e-02 s/TS) || Energy: ~1.24e-22 (-45.92dB)
[@    16m13s] Timestep:        45918 || Speed:  189.5 MC/s (2.089e-02 s/TS) || Energy: ~1.23e-22 (-45.96dB)
[@    16m17s] Timestep:        46110 || Speed:  187.8 MC/s (2.109e-02 s/TS) || Energy: ~1.21e-22 (-46.00dB)
[@    16m21s] Timestep:        46302 || Speed:  189.7 MC/s (2.088e-02 s/TS) || Energy: ~1.20e-22 (-46.04dB)
[@    16m25s] Timestep:        46494 || Speed:  189.4 MC/s (2.091e-02 s/TS) || Energy: ~1.19e-22 (-46.08dB)
[@    16m29s] Timestep:        46686 || Speed:  189.1 MC/s (2.094e-02 s/TS) || Energy: ~1.18e-22 (-46.12dB)
[@    16m33s] Timestep:        46878 || Speed:  189.5 MC/s (2.090e-02 s/TS) || Energy: ~1.17e-22 (-46.16dB)
[@    16m37s] Timestep:        47070 || Speed:  189.2 MC/s (2.093e-02 s/TS) || Energy: ~1.16e-22 (-46.20dB)
[@    16m41s] Timestep:        47262 || Speed:  189.6 MC/s (2.089e-02 s/TS) || Energy: ~1.15e-22 (-46.23dB)
[@    16m45s] Timestep:        47454 || Speed:  189.3 MC/s (2.093e-02 s/TS) || Energy: ~1.14e-22 (-46.26dB)
[@    16m49s] Timestep:        47646 || Speed:  189.5 MC/s (2.090e-02 s/TS) || Energy: ~1.13e-22 (-46.30dB)
[@    16m53s] Timestep:        47838 || Speed:  189.8 MC/s (2.087e-02 s/TS) || Energy: ~1.12e-22 (-46.34dB)
[@    16m57s] Timestep:        48030 || Speed:  187.4 MC/s (2.113e-02 s/TS) || Energy: ~1.12e-22 (-46.37dB)
[@    17m01s] Timestep:        48222 || Speed:  188.3 MC/s (2.103e-02 s/TS) || Energy: ~1.11e-22 (-46.40dB)
[@    17m05s] Timestep:        48414 || Speed:  188.2 MC/s (2.105e-02 s/TS) || Energy: ~1.10e-22 (-46.42dB)
[@    17m10s] Timestep:        48606 || Speed:  187.6 MC/s (2.111e-02 s/TS) || Energy: ~1.10e-22 (-46.45dB)
[@    17m14s] Timestep:        48798 || Speed:  190.0 MC/s (2.085e-02 s/TS) || Energy: ~1.09e-22 (-46.48dB)
[@    17m18s] Timestep:        48990 || Speed:  189.5 MC/s (2.090e-02 s/TS) || Energy: ~1.08e-22 (-46.51dB)
[@    17m22s] Timestep:        49182 || Speed:  189.5 MC/s (2.090e-02 s/TS) || Energy: ~1.08e-22 (-46.52dB)
[@    17m26s] Timestep:        49374 || Speed:  189.4 MC/s (2.091e-02 s/TS) || Energy: ~1.08e-22 (-46.53dB)
[@    17m30s] Timestep:        49566 || Speed:  188.4 MC/s (2.102e-02 s/TS) || Energy: ~1.07e-22 (-46.55dB)
[@    17m34s] Timestep:        49758 || Speed:  189.0 MC/s (2.096e-02 s/TS) || Energy: ~1.06e-22 (-46.58dB)
[@    17m38s] Timestep:        49950 || Speed:  189.5 MC/s (2.090e-02 s/TS) || Energy: ~1.06e-22 (-46.60dB)
[@    17m42s] Timestep:        50142 || Speed:  189.3 MC/s (2.092e-02 s/TS) || Energy: ~1.06e-22 (-46.60dB)
[@    17m46s] Timestep:        50334 || Speed:  189.4 MC/s (2.092e-02 s/TS) || Energy: ~1.06e-22 (-46.59dB)
[@    17m50s] Timestep:        50526 || Speed:  189.4 MC/s (2.091e-02 s/TS) || Energy: ~1.06e-22 (-46.61dB)
[@    17m54s] Timestep:        50718 || Speed:  189.0 MC/s (2.095e-02 s/TS) || Energy: ~1.05e-22 (-46.63dB)
[@    17m58s] Timestep:        50910 || Speed:  187.1 MC/s (2.116e-02 s/TS) || Energy: ~1.05e-22 (-46.64dB)
[@    18m02s] Timestep:        51102 || Speed:  189.6 MC/s (2.089e-02 s/TS) || Energy: ~1.05e-22 (-46.62dB)
[@    18m06s] Timestep:        51294 || Speed:  189.0 MC/s (2.096e-02 s/TS) || Energy: ~1.06e-22 (-46.60dB)
[@    18m10s] Timestep:        51486 || Speed:  188.7 MC/s (2.099e-02 s/TS) || Energy: ~1.06e-22 (-46.61dB)
[@    18m14s] Timestep:        51678 || Speed:  189.6 MC/s (2.089e-02 s/TS) || Energy: ~1.05e-22 (-46.62dB)
[@    18m18s] Timestep:        51870 || Speed:  189.3 MC/s (2.093e-02 s/TS) || Energy: ~1.05e-22 (-46.62dB)
[@    18m22s] Timestep:        52062 || Speed:  187.7 MC/s (2.110e-02 s/TS) || Energy: ~1.06e-22 (-46.58dB)
[@    18m26s] Timestep:        52254 || Speed:  187.9 MC/s (2.108e-02 s/TS) || Energy: ~1.07e-22 (-46.55dB)
[@    18m30s] Timestep:        52446 || Speed:  189.1 MC/s (2.094e-02 s/TS) || Energy: ~1.07e-22 (-46.54dB)
[@    18m34s] Timestep:        52638 || Speed:  188.8 MC/s (2.098e-02 s/TS) || Energy: ~1.07e-22 (-46.55dB)
[@    18m38s] Timestep:        52830 || Speed:  189.0 MC/s (2.095e-02 s/TS) || Energy: ~1.07e-22 (-46.54dB)
[@    18m42s] Timestep:        53022 || Speed:  189.7 MC/s (2.088e-02 s/TS) || Energy: ~1.09e-22 (-46.48dB)
[@    18m46s] Timestep:        53214 || Speed:  189.0 MC/s (2.095e-02 s/TS) || Energy: ~1.10e-22 (-46.43dB)
[@    18m50s] Timestep:        53406 || Speed:  187.6 MC/s (2.111e-02 s/TS) || Energy: ~1.11e-22 (-46.41dB)
[@    18m54s] Timestep:        53598 || Speed:  185.4 MC/s (2.136e-02 s/TS) || Energy: ~1.10e-22 (-46.41dB)
[@    18m58s] Timestep:        53790 || Speed:  188.7 MC/s (2.099e-02 s/TS) || Energy: ~1.11e-22 (-46.39dB)
[@    19m02s] Timestep:        53982 || Speed:  189.1 MC/s (2.095e-02 s/TS) || Energy: ~1.13e-22 (-46.31dB)
[@    19m06s] Timestep:        54174 || Speed:  189.2 MC/s (2.093e-02 s/TS) || Energy: ~1.15e-22 (-46.23dB)
[@    19m10s] Timestep:        54372 || Speed:  190.1 MC/s (2.084e-02 s/TS) || Energy: ~1.14e-22 (-46.26dB)
[@    19m14s] Timestep:        54564 || Speed:  190.0 MC/s (2.085e-02 s/TS) || Energy: ~1.17e-22 (-46.17dB)
[@    19m18s] Timestep:        54756 || Speed:  188.9 MC/s (2.097e-02 s/TS) || Energy: ~1.20e-22 (-46.07dB)
[@    19m22s] Timestep:        54948 || Speed:  189.2 MC/s (2.093e-02 s/TS) || Energy: ~1.21e-22 (-46.03dB)
[@    19m27s] Timestep:        55140 || Speed:  189.4 MC/s (2.091e-02 s/TS) || Energy: ~1.21e-22 (-46.03dB)
[@    19m31s] Timestep:        55332 || Speed:  189.4 MC/s (2.092e-02 s/TS) || Energy: ~1.22e-22 (-45.99dB)
[@    19m35s] Timestep:        55524 || Speed:  188.7 MC/s (2.099e-02 s/TS) || Energy: ~1.25e-22 (-45.87dB)
[@    19m39s] Timestep:        55716 || Speed:  188.7 MC/s (2.099e-02 s/TS) || Energy: ~1.29e-22 (-45.74dB)
[@    19m43s] Timestep:        55908 || Speed:  189.7 MC/s (2.088e-02 s/TS) || Energy: ~1.31e-22 (-45.69dB)
[@    19m47s] Timestep:        56100 || Speed:  189.2 MC/s (2.094e-02 s/TS) || Energy: ~1.31e-22 (-45.69dB)
[@    19m51s] Timestep:        56292 || Speed:  188.3 MC/s (2.103e-02 s/TS) || Energy: ~1.32e-22 (-45.63dB)
[@    19m55s] Timestep:        56484 || Speed:  189.1 MC/s (2.094e-02 s/TS) || Energy: ~1.37e-22 (-45.49dB)
[@    19m59s] Timestep:        56676 || Speed:  189.9 MC/s (2.086e-02 s/TS) || Energy: ~1.42e-22 (-45.33dB)
[@    20m03s] Timestep:        56868 || Speed:  189.9 MC/s (2.086e-02 s/TS) || Energy: ~1.44e-22 (-45.26dB)
[@    20m07s] Timestep:        57060 || Speed:  185.4 MC/s (2.137e-02 s/TS) || Energy: ~1.44e-22 (-45.25dB)
[@    20m11s] Timestep:        57252 || Speed:  187.2 MC/s (2.116e-02 s/TS) || Energy: ~1.46e-22 (-45.19dB)
[@    20m15s] Timestep:        57444 || Speed:  189.9 MC/s (2.085e-02 s/TS) || Energy: ~1.53e-22 (-45.01dB)
[@    20m19s] Timestep:        57636 || Speed:  189.7 MC/s (2.088e-02 s/TS) || Energy: ~1.60e-22 (-44.81dB)
[@    20m23s] Timestep:        57828 || Speed:  187.1 MC/s (2.116e-02 s/TS) || Energy: ~1.63e-22 (-44.73dB)
[@    20m27s] Timestep:        58020 || Speed:  189.3 MC/s (2.092e-02 s/TS) || Energy: ~1.63e-22 (-44.73dB)
[@    20m31s] Timestep:        58212 || Speed:  189.4 MC/s (2.091e-02 s/TS) || Energy: ~1.66e-22 (-44.65dB)
[@    20m35s] Timestep:        58410 || Speed:  190.2 MC/s (2.083e-02 s/TS) || Energy: ~1.77e-22 (-44.36dB)
[@    20m39s] Timestep:        58602 || Speed:  189.8 MC/s (2.087e-02 s/TS) || Energy: ~1.77e-22 (-44.36dB)
[@    20m43s] Timestep:        58794 || Speed:  189.3 MC/s (2.092e-02 s/TS) || Energy: ~1.80e-22 (-44.29dB)
[@    20m47s] Timestep:        58986 || Speed:  189.3 MC/s (2.092e-02 s/TS) || Energy: ~1.90e-22 (-44.06dB)
[@    20m51s] Timestep:        59178 || Speed:  189.0 MC/s (2.096e-02 s/TS) || Energy: ~2.02e-22 (-43.80dB)
[@    20m55s] Timestep:        59370 || Speed:  189.6 MC/s (2.089e-02 s/TS) || Energy: ~2.07e-22 (-43.68dB)
[@    20m59s] Timestep:        59562 || Speed:  190.0 MC/s (2.085e-02 s/TS) || Energy: ~2.07e-22 (-43.68dB)
[@    21m03s] Timestep:        59754 || Speed:  189.9 MC/s (2.086e-02 s/TS) || Energy: ~2.11e-22 (-43.60dB)
[@    21m07s] Timestep:        59946 || Speed:  189.0 MC/s (2.096e-02 s/TS) || Energy: ~2.24e-22 (-43.34dB)
RunFDTD: Warning: Max. number of timesteps was reached before the end-criteria of -50dB was reached... 
	You may want to choose a higher number of max. timesteps... 
Time for 60000 iterations with 3960600.00 cells : 1268.81 sec
Speed: 187.29 MCells/s 
    [excite port 10/44]
 ---------------------------------------------------------------------- 
 | openEMS 64bit -- version v0.37.0-rc1-2-g7b051bb
 | (C) 2010-2026 Thorsten Liebig <thorsten.liebig@gmx.de>  GPL license
 ---------------------------------------------------------------------- 
	Used external libraries:
		CSXCAD -- Version: v0.7.0-rc1-1-g5115701
		hdf5   -- Version: 1.10.10
		          compiled against: HDF5 library version: 1.10.10
		tinyxml -- compiled against: 2.6.2
		fparser
		boost  -- compiled against: 1_83
		vtk -- Version: 9.1.0
		       compiled against: 9.1.0

Create FDTD operator (compressed SSE + multi-threading)
FDTD simulation size: 184x205x105 --> 3960600.00 FDTD cells 
FDTD timestep is: 0.00 s; Nyquist rate: 24 timesteps @103555373668.00 Hz
Excitation signal length is: 286 timesteps (0.00s)
Max. number of timesteps: 60000 ( --> 209.79 * Excitation signal length)
Create FDTD engine (compressed SSE + multi-threading)
Running FDTD engine... this may take a while... grab a cup of coffee?!?
[@        4s] Timestep:           90 || Speed:   87.2 MC/s (4.542e-02 s/TS) || Energy: ~8.66e-20 (- 0.00dB)
[@        8s] Timestep:          222 || Speed:  128.8 MC/s (3.074e-02 s/TS) || Energy: ~4.25e-18 (- 0.00dB)
[@       12s] Timestep:          378 || Speed:  154.3 MC/s (2.567e-02 s/TS) || Energy: ~1.79e-18 (- 3.75dB)
[@       16s] Timestep:          552 || Speed:  168.1 MC/s (2.356e-02 s/TS) || Energy: ~8.08e-19 (- 7.21dB)
[@       20s] Timestep:          738 || Speed:  178.7 MC/s (2.217e-02 s/TS) || Energy: ~4.55e-19 (- 9.71dB)
[@       24s] Timestep:          924 || Speed:  182.6 MC/s (2.169e-02 s/TS) || Energy: ~3.28e-19 (-11.12dB)
[@       28s] Timestep:         1110 || Speed:  179.7 MC/s (2.204e-02 s/TS) || Energy: ~2.64e-19 (-12.06dB)
Multithreaded Engine: Best performance found using 6 threads.
[@       32s] Timestep:         1296 || Speed:  180.5 MC/s (2.195e-02 s/TS) || Energy: ~2.53e-19 (-12.26dB)
[@       36s] Timestep:         1482 || Speed:  183.9 MC/s (2.153e-02 s/TS) || Energy: ~2.52e-19 (-12.27dB)
[@       40s] Timestep:         1668 || Speed:  180.9 MC/s (2.189e-02 s/TS) || Energy: ~2.41e-19 (-12.47dB)
[@       44s] Timestep:         1860 || Speed:  187.4 MC/s (2.113e-02 s/TS) || Energy: ~1.86e-19 (-13.60dB)
[@       48s] Timestep:         2052 || Speed:  189.3 MC/s (2.092e-02 s/TS) || Energy: ~1.53e-19 (-14.45dB)
[@       52s] Timestep:         2244 || Speed:  189.4 MC/s (2.091e-02 s/TS) || Energy: ~1.35e-19 (-14.99dB)
[@       56s] Timestep:         2436 || Speed:  189.1 MC/s (2.095e-02 s/TS) || Energy: ~1.18e-19 (-15.55dB)
[@     1m00s] Timestep:         2628 || Speed:  189.4 MC/s (2.091e-02 s/TS) || Energy: ~9.93e-20 (-16.31dB)
[@     1m04s] Timestep:         2820 || Speed:  189.2 MC/s (2.094e-02 s/TS) || Energy: ~7.72e-20 (-17.41dB)
[@     1m08s] Timestep:         3012 || Speed:  188.8 MC/s (2.098e-02 s/TS) || Energy: ~5.69e-20 (-18.73dB)
[@     1m12s] Timestep:         3204 || Speed:  189.7 MC/s (2.087e-02 s/TS) || Energy: ~4.22e-20 (-20.03dB)
[@     1m16s] Timestep:         3396 || Speed:  189.4 MC/s (2.092e-02 s/TS) || Energy: ~3.45e-20 (-20.90dB)
[@     1m20s] Timestep:         3588 || Speed:  188.8 MC/s (2.097e-02 s/TS) || Energy: ~3.20e-20 (-21.23dB)
[@     1m24s] Timestep:         3780 || Speed:  187.2 MC/s (2.115e-02 s/TS) || Energy: ~3.15e-20 (-21.30dB)
[@     1m29s] Timestep:         3972 || Speed:  186.0 MC/s (2.129e-02 s/TS) || Energy: ~3.01e-20 (-21.49dB)
[@     1m33s] Timestep:         4164 || Speed:  187.3 MC/s (2.115e-02 s/TS) || Energy: ~2.66e-20 (-22.04dB)
[@     1m37s] Timestep:         4356 || Speed:  189.5 MC/s (2.090e-02 s/TS) || Energy: ~2.11e-20 (-23.05dB)
[@     1m41s] Timestep:         4548 || Speed:  188.8 MC/s (2.097e-02 s/TS) || Energy: ~1.54e-20 (-24.40dB)
[@     1m45s] Timestep:         4740 || Speed:  188.4 MC/s (2.102e-02 s/TS) || Energy: ~1.11e-20 (-25.84dB)
[@     1m49s] Timestep:         4932 || Speed:  189.1 MC/s (2.094e-02 s/TS) || Energy: ~8.99e-21 (-26.75dB)
[@     1m53s] Timestep:         5124 || Speed:  188.7 MC/s (2.098e-02 s/TS) || Energy: ~8.88e-21 (-26.80dB)
[@     1m57s] Timestep:         5316 || Speed:  187.8 MC/s (2.108e-02 s/TS) || Energy: ~9.81e-21 (-26.37dB)
[@     2m01s] Timestep:         5508 || Speed:  189.0 MC/s (2.096e-02 s/TS) || Energy: ~1.06e-20 (-26.04dB)
[@     2m05s] Timestep:         5700 || Speed:  188.5 MC/s (2.101e-02 s/TS) || Energy: ~1.04e-20 (-26.12dB)
[@     2m09s] Timestep:         5892 || Speed:  189.8 MC/s (2.086e-02 s/TS) || Energy: ~9.03e-21 (-26.73dB)
[@     2m13s] Timestep:         6084 || Speed:  189.3 MC/s (2.093e-02 s/TS) || Energy: ~6.98e-21 (-27.84dB)
[@     2m17s] Timestep:         6276 || Speed:  188.2 MC/s (2.104e-02 s/TS) || Energy: ~4.94e-21 (-29.35dB)
[@     2m21s] Timestep:         6468 || Speed:  189.1 MC/s (2.095e-02 s/TS) || Energy: ~3.53e-21 (-30.81dB)
[@     2m25s] Timestep:         6660 || Speed:  188.4 MC/s (2.102e-02 s/TS) || Energy: ~3.01e-21 (-31.50dB)
[@     2m29s] Timestep:         6852 || Speed:  189.2 MC/s (2.094e-02 s/TS) || Energy: ~3.23e-21 (-31.19dB)
[@     2m33s] Timestep:         7044 || Speed:  189.7 MC/s (2.088e-02 s/TS) || Energy: ~3.78e-21 (-30.51dB)
[@     2m37s] Timestep:         7236 || Speed:  189.3 MC/s (2.092e-02 s/TS) || Energy: ~4.18e-21 (-30.07dB)
[@     2m41s] Timestep:         7428 || Speed:  189.7 MC/s (2.088e-02 s/TS) || Energy: ~4.13e-21 (-30.12dB)
[@     2m45s] Timestep:         7620 || Speed:  189.4 MC/s (2.091e-02 s/TS) || Energy: ~3.61e-21 (-30.71dB)
[@     2m49s] Timestep:         7812 || Speed:  189.9 MC/s (2.085e-02 s/TS) || Energy: ~2.80e-21 (-31.81dB)
[@     2m53s] Timestep:         8004 || Speed:  187.8 MC/s (2.109e-02 s/TS) || Energy: ~2.03e-21 (-33.20dB)
[@     2m57s] Timestep:         8196 || Speed:  189.3 MC/s (2.092e-02 s/TS) || Energy: ~1.55e-21 (-34.39dB)
[@     3m01s] Timestep:         8388 || Speed:  189.3 MC/s (2.092e-02 s/TS) || Energy: ~1.44e-21 (-34.71dB)
[@     3m05s] Timestep:         8580 || Speed:  189.2 MC/s (2.093e-02 s/TS) || Energy: ~1.61e-21 (-34.22dB)
[@     3m09s] Timestep:         8772 || Speed:  189.3 MC/s (2.092e-02 s/TS) || Energy: ~1.86e-21 (-33.59dB)
[@     3m13s] Timestep:         8964 || Speed:  187.5 MC/s (2.112e-02 s/TS) || Energy: ~1.98e-21 (-33.31dB)
[@     3m17s] Timestep:         9156 || Speed:  189.2 MC/s (2.093e-02 s/TS) || Energy: ~1.88e-21 (-33.55dB)
[@     3m21s] Timestep:         9348 || Speed:  188.8 MC/s (2.098e-02 s/TS) || Energy: ~1.56e-21 (-34.35dB)
[@     3m25s] Timestep:         9540 || Speed:  188.9 MC/s (2.097e-02 s/TS) || Energy: ~1.17e-21 (-35.62dB)
[@     3m29s] Timestep:         9732 || Speed:  189.6 MC/s (2.089e-02 s/TS) || Energy: ~8.46e-22 (-37.01dB)
[@     3m33s] Timestep:         9924 || Speed:  188.7 MC/s (2.099e-02 s/TS) || Energy: ~7.02e-22 (-37.82dB)
[@     3m37s] Timestep:        10116 || Speed:  189.8 MC/s (2.086e-02 s/TS) || Energy: ~7.44e-22 (-37.57dB)
[@     3m41s] Timestep:        10308 || Speed:  188.9 MC/s (2.096e-02 s/TS) || Energy: ~8.93e-22 (-36.77dB)
[@     3m45s] Timestep:        10500 || Speed:  189.1 MC/s (2.094e-02 s/TS) || Energy: ~1.03e-21 (-36.15dB)
[@     3m49s] Timestep:        10692 || Speed:  189.2 MC/s (2.093e-02 s/TS) || Energy: ~1.06e-21 (-36.01dB)
[@     3m53s] Timestep:        10884 || Speed:  189.3 MC/s (2.092e-02 s/TS) || Energy: ~9.61e-22 (-36.46dB)
[@     3m57s] Timestep:        11076 || Speed:  189.5 MC/s (2.090e-02 s/TS) || Energy: ~7.58e-22 (-37.49dB)
[@     4m01s] Timestep:        11268 || Speed:  189.3 MC/s (2.092e-02 s/TS) || Energy: ~5.40e-22 (-38.96dB)
[@     4m05s] Timestep:        11460 || Speed:  189.1 MC/s (2.094e-02 s/TS) || Energy: ~3.87e-22 (-40.41dB)
[@     4m09s] Timestep:        11652 || Speed:  189.3 MC/s (2.092e-02 s/TS) || Energy: ~3.44e-22 (-40.92dB)
[@     4m14s] Timestep:        11844 || Speed:  187.4 MC/s (2.114e-02 s/TS) || Energy: ~3.99e-22 (-40.28dB)
[@     4m18s] Timestep:        12036 || Speed:  188.9 MC/s (2.097e-02 s/TS) || Energy: ~5.00e-22 (-39.30dB)
[@     4m22s] Timestep:        12228 || Speed:  188.6 MC/s (2.100e-02 s/TS) || Energy: ~5.81e-22 (-38.64dB)
[@     4m26s] Timestep:        12420 || Speed:  189.1 MC/s (2.094e-02 s/TS) || Energy: ~5.96e-22 (-38.53dB)
[@     4m30s] Timestep:        12612 || Speed:  188.1 MC/s (2.105e-02 s/TS) || Energy: ~5.35e-22 (-39.00dB)
[@     4m34s] Timestep:        12804 || Speed:  189.5 MC/s (2.090e-02 s/TS) || Energy: ~4.25e-22 (-40.00dB)
[@     4m38s] Timestep:        12996 || Speed:  187.3 MC/s (2.115e-02 s/TS) || Energy: ~3.10e-22 (-41.38dB)
[@     4m42s] Timestep:        13188 || Speed:  186.6 MC/s (2.122e-02 s/TS) || Energy: ~2.32e-22 (-42.63dB)
[@     4m46s] Timestep:        13380 || Speed:  188.8 MC/s (2.098e-02 s/TS) || Energy: ~2.11e-22 (-43.04dB)
[@     4m50s] Timestep:        13572 || Speed:  188.8 MC/s (2.098e-02 s/TS) || Energy: ~2.40e-22 (-42.49dB)
[@     4m54s] Timestep:        13764 || Speed:  188.3 MC/s (2.103e-02 s/TS) || Energy: ~2.90e-22 (-41.66dB)
[@     4m58s] Timestep:        13956 || Speed:  188.7 MC/s (2.099e-02 s/TS) || Energy: ~3.29e-22 (-41.11dB)
[@     5m02s] Timestep:        14148 || Speed:  187.1 MC/s (2.117e-02 s/TS) || Energy: ~3.35e-22 (-41.03dB)
[@     5m06s] Timestep:        14340 || Speed:  189.0 MC/s (2.095e-02 s/TS) || Energy: ~3.06e-22 (-41.43dB)
[@     5m10s] Timestep:        14532 || Speed:  189.8 MC/s (2.087e-02 s/TS) || Energy: ~2.53e-22 (-42.25dB)
[@     5m14s] Timestep:        14724 || Speed:  188.6 MC/s (2.100e-02 s/TS) || Energy: ~1.99e-22 (-43.29dB)
[@     5m18s] Timestep:        14916 || Speed:  187.6 MC/s (2.111e-02 s/TS) || Energy: ~1.63e-22 (-44.15dB)
[@     5m22s] Timestep:        15108 || Speed:  189.0 MC/s (2.096e-02 s/TS) || Energy: ~1.53e-22 (-44.43dB)
[@     5m26s] Timestep:        15300 || Speed:  189.1 MC/s (2.094e-02 s/TS) || Energy: ~1.64e-22 (-44.14dB)
[@     5m30s] Timestep:        15492 || Speed:  188.8 MC/s (2.098e-02 s/TS) || Energy: ~1.83e-22 (-43.66dB)
[@     5m34s] Timestep:        15684 || Speed:  188.2 MC/s (2.104e-02 s/TS) || Energy: ~1.96e-22 (-43.37dB)
[@     5m38s] Timestep:        15876 || Speed:  189.4 MC/s (2.091e-02 s/TS) || Energy: ~1.93e-22 (-43.42dB)
[@     5m42s] Timestep:        16068 || Speed:  189.5 MC/s (2.090e-02 s/TS) || Energy: ~1.76e-22 (-43.82dB)
[@     5m46s] Timestep:        16260 || Speed:  187.8 MC/s (2.109e-02 s/TS) || Energy: ~1.51e-22 (-44.50dB)
[@     5m50s] Timestep:        16452 || Speed:  189.9 MC/s (2.086e-02 s/TS) || Energy: ~1.27e-22 (-45.25dB)
[@     5m54s] Timestep:        16644 || Speed:  189.5 MC/s (2.090e-02 s/TS) || Energy: ~1.12e-22 (-45.80dB)
[@     5m58s] Timestep:        16836 || Speed:  188.4 MC/s (2.102e-02 s/TS) || Energy: ~1.08e-22 (-45.93dB)
[@     6m02s] Timestep:        17028 || Speed:  189.3 MC/s (2.092e-02 s/TS) || Energy: ~1.13e-22 (-45.75dB)
[@     6m06s] Timestep:        17220 || Speed:  189.2 MC/s (2.094e-02 s/TS) || Energy: ~1.20e-22 (-45.51dB)
[@     6m10s] Timestep:        17412 || Speed:  189.3 MC/s (2.092e-02 s/TS) || Energy: ~1.22e-22 (-45.42dB)
[@     6m14s] Timestep:        17604 || Speed:  189.1 MC/s (2.094e-02 s/TS) || Energy: ~1.17e-22 (-45.60dB)
[@     6m18s] Timestep:        17796 || Speed:  188.5 MC/s (2.101e-02 s/TS) || Energy: ~1.06e-22 (-46.03dB)
[@     6m23s] Timestep:        17988 || Speed:  186.0 MC/s (2.129e-02 s/TS) || Energy: ~9.28e-23 (-46.61dB)
[@     6m27s] Timestep:        18180 || Speed:  188.0 MC/s (2.107e-02 s/TS) || Energy: ~8.19e-23 (-47.15dB)
[@     6m31s] Timestep:        18372 || Speed:  188.6 MC/s (2.100e-02 s/TS) || Energy: ~7.65e-23 (-47.45dB)
[@     6m35s] Timestep:        18564 || Speed:  188.7 MC/s (2.099e-02 s/TS) || Energy: ~7.66e-23 (-47.44dB)
[@     6m39s] Timestep:        18756 || Speed:  188.8 MC/s (2.098e-02 s/TS) || Energy: ~8.00e-23 (-47.25dB)
[@     6m43s] Timestep:        18948 || Speed:  187.6 MC/s (2.112e-02 s/TS) || Energy: ~8.34e-23 (-47.07dB)
[@     6m47s] Timestep:        19140 || Speed:  188.3 MC/s (2.103e-02 s/TS) || Energy: ~8.39e-23 (-47.05dB)
[@     6m51s] Timestep:        19332 || Speed:  188.7 MC/s (2.099e-02 s/TS) || Energy: ~8.07e-23 (-47.22dB)
[@     6m55s] Timestep:        19524 || Speed:  186.6 MC/s (2.122e-02 s/TS) || Energy: ~7.48e-23 (-47.55dB)
[@     6m59s] Timestep:        19716 || Speed:  186.8 MC/s (2.121e-02 s/TS) || Energy: ~6.84e-23 (-47.93dB)
[@     7m03s] Timestep:        19902 || Speed:  182.7 MC/s (2.167e-02 s/TS) || Energy: ~6.79e-23 (-47.96dB)
[@     7m07s] Timestep:        20094 || Speed:  188.7 MC/s (2.099e-02 s/TS) || Energy: ~6.36e-23 (-48.25dB)
[@     7m11s] Timestep:        20286 || Speed:  186.9 MC/s (2.119e-02 s/TS) || Energy: ~6.20e-23 (-48.36dB)
[@     7m15s] Timestep:        20472 || Speed:  181.9 MC/s (2.178e-02 s/TS) || Energy: ~6.18e-23 (-48.38dB)
[@     7m19s] Timestep:        20664 || Speed:  186.0 MC/s (2.130e-02 s/TS) || Energy: ~6.27e-23 (-48.31dB)
[@     7m23s] Timestep:        20856 || Speed:  187.4 MC/s (2.113e-02 s/TS) || Energy: ~6.54e-23 (-48.13dB)
[@     7m27s] Timestep:        21048 || Speed:  190.1 MC/s (2.084e-02 s/TS) || Energy: ~6.82e-23 (-47.95dB)
[@     7m31s] Timestep:        21240 || Speed:  190.0 MC/s (2.084e-02 s/TS) || Energy: ~6.99e-23 (-47.84dB)
[@     7m35s] Timestep:        21432 || Speed:  189.7 MC/s (2.088e-02 s/TS) || Energy: ~7.00e-23 (-47.83dB)
[@     7m39s] Timestep:        21624 || Speed:  187.7 MC/s (2.110e-02 s/TS) || Energy: ~6.88e-23 (-47.91dB)
[@     7m43s] Timestep:        21816 || Speed:  189.0 MC/s (2.096e-02 s/TS) || Energy: ~6.71e-23 (-48.01dB)
[@     7m47s] Timestep:        22008 || Speed:  188.5 MC/s (2.102e-02 s/TS) || Energy: ~6.61e-23 (-48.08dB)
[@     7m51s] Timestep:        22200 || Speed:  188.2 MC/s (2.105e-02 s/TS) || Energy: ~6.64e-23 (-48.06dB)
[@     7m55s] Timestep:        22392 || Speed:  188.4 MC/s (2.102e-02 s/TS) || Energy: ~6.80e-23 (-47.96dB)
[@     8m00s] Timestep:        22584 || Speed:  188.4 MC/s (2.102e-02 s/TS) || Energy: ~7.04e-23 (-47.81dB)
[@     8m04s] Timestep:        22776 || Speed:  187.9 MC/s (2.107e-02 s/TS) || Energy: ~7.29e-23 (-47.66dB)
[@     8m08s] Timestep:        22968 || Speed:  188.9 MC/s (2.097e-02 s/TS) || Energy: ~7.48e-23 (-47.54dB)
[@     8m12s] Timestep:        23160 || Speed:  188.9 MC/s (2.097e-02 s/TS) || Energy: ~7.60e-23 (-47.48dB)
[@     8m16s] Timestep:        23352 || Speed:  188.4 MC/s (2.102e-02 s/TS) || Energy: ~7.66e-23 (-47.44dB)
[@     8m20s] Timestep:        23544 || Speed:  187.1 MC/s (2.117e-02 s/TS) || Energy: ~7.71e-23 (-47.41dB)
[@     8m24s] Timestep:        23736 || Speed:  187.6 MC/s (2.111e-02 s/TS) || Energy: ~7.79e-23 (-47.37dB)
[@     8m28s] Timestep:        23928 || Speed:  188.4 MC/s (2.102e-02 s/TS) || Energy: ~7.94e-23 (-47.29dB)
[@     8m32s] Timestep:        24120 || Speed:  185.3 MC/s (2.138e-02 s/TS) || Energy: ~8.14e-23 (-47.18dB)
[@     8m36s] Timestep:        24294 || Speed:  168.9 MC/s (2.345e-02 s/TS) || Energy: ~8.32e-23 (-47.09dB)
[@     8m40s] Timestep:        24480 || Speed:  180.9 MC/s (2.190e-02 s/TS) || Energy: ~8.50e-23 (-46.99dB)
[@     8m44s] Timestep:        24666 || Speed:  183.1 MC/s (2.163e-02 s/TS) || Energy: ~8.68e-23 (-46.90dB)
[@     8m48s] Timestep:        24852 || Speed:  182.8 MC/s (2.167e-02 s/TS) || Energy: ~8.86e-23 (-46.81dB)
[@     8m52s] Timestep:        25038 || Speed:  182.6 MC/s (2.169e-02 s/TS) || Energy: ~9.05e-23 (-46.72dB)
[@     8m56s] Timestep:        25224 || Speed:  182.3 MC/s (2.172e-02 s/TS) || Energy: ~9.23e-23 (-46.63dB)
[@     9m00s] Timestep:        25410 || Speed:  183.2 MC/s (2.161e-02 s/TS) || Energy: ~9.42e-23 (-46.54dB)
[@     9m04s] Timestep:        25596 || Speed:  183.9 MC/s (2.154e-02 s/TS) || Energy: ~9.60e-23 (-46.46dB)
[@     9m08s] Timestep:        25782 || Speed:  182.3 MC/s (2.173e-02 s/TS) || Energy: ~9.78e-23 (-46.38dB)
[@     9m12s] Timestep:        25974 || Speed:  183.6 MC/s (2.158e-02 s/TS) || Energy: ~9.94e-23 (-46.31dB)
[@     9m16s] Timestep:        26160 || Speed:  184.0 MC/s (2.152e-02 s/TS) || Energy: ~1.01e-22 (-46.23dB)
[@     9m20s] Timestep:        26346 || Speed:  182.2 MC/s (2.174e-02 s/TS) || Energy: ~1.03e-22 (-46.16dB)
[@     9m24s] Timestep:        26532 || Speed:  183.4 MC/s (2.160e-02 s/TS) || Energy: ~1.05e-22 (-46.09dB)
[@     9m28s] Timestep:        26718 || Speed:  182.9 MC/s (2.165e-02 s/TS) || Energy: ~1.06e-22 (-46.02dB)
[@     9m32s] Timestep:        26904 || Speed:  183.7 MC/s (2.156e-02 s/TS) || Energy: ~1.08e-22 (-45.95dB)
[@     9m37s] Timestep:        27096 || Speed:  185.5 MC/s (2.135e-02 s/TS) || Energy: ~1.09e-22 (-45.90dB)
[@     9m41s] Timestep:        27288 || Speed:  187.6 MC/s (2.112e-02 s/TS) || Energy: ~1.11e-22 (-45.84dB)
[@     9m45s] Timestep:        27480 || Speed:  188.9 MC/s (2.096e-02 s/TS) || Energy: ~1.12e-22 (-45.78dB)
[@     9m49s] Timestep:        27672 || Speed:  185.7 MC/s (2.133e-02 s/TS) || Energy: ~1.14e-22 (-45.72dB)
[@     9m53s] Timestep:        27864 || Speed:  188.3 MC/s (2.103e-02 s/TS) || Energy: ~1.15e-22 (-45.67dB)
[@     9m57s] Timestep:        28056 || Speed:  188.4 MC/s (2.102e-02 s/TS) || Energy: ~1.17e-22 (-45.62dB)
[@    10m01s] Timestep:        28248 || Speed:  189.4 MC/s (2.092e-02 s/TS) || Energy: ~1.18e-22 (-45.58dB)
[@    10m05s] Timestep:        28440 || Speed:  188.2 MC/s (2.105e-02 s/TS) || Energy: ~1.19e-22 (-45.54dB)
[@    10m09s] Timestep:        28632 || Speed:  188.2 MC/s (2.105e-02 s/TS) || Energy: ~1.19e-22 (-45.51dB)
[@    10m13s] Timestep:        28824 || Speed:  187.2 MC/s (2.116e-02 s/TS) || Energy: ~1.20e-22 (-45.48dB)
[@    10m17s] Timestep:        29016 || Speed:  188.7 MC/s (2.099e-02 s/TS) || Energy: ~1.21e-22 (-45.45dB)
[@    10m21s] Timestep:        29208 || Speed:  186.1 MC/s (2.128e-02 s/TS) || Energy: ~1.22e-22 (-45.42dB)
[@    10m25s] Timestep:        29400 || Speed:  186.4 MC/s (2.125e-02 s/TS) || Energy: ~1.23e-22 (-45.40dB)
[@    10m29s] Timestep:        29592 || Speed:  187.4 MC/s (2.113e-02 s/TS) || Energy: ~1.23e-22 (-45.37dB)
[@    10m33s] Timestep:        29784 || Speed:  186.9 MC/s (2.119e-02 s/TS) || Energy: ~1.24e-22 (-45.35dB)
[@    10m37s] Timestep:        29976 || Speed:  187.3 MC/s (2.114e-02 s/TS) || Energy: ~1.24e-22 (-45.33dB)
[@    10m41s] Timestep:        30168 || Speed:  187.0 MC/s (2.118e-02 s/TS) || Energy: ~1.25e-22 (-45.32dB)
[@    10m45s] Timestep:        30360 || Speed:  188.7 MC/s (2.099e-02 s/TS) || Energy: ~1.25e-22 (-45.30dB)
[@    10m50s] Timestep:        30552 || Speed:  188.6 MC/s (2.100e-02 s/TS) || Energy: ~1.26e-22 (-45.29dB)
[@    10m54s] Timestep:        30744 || Speed:  187.9 MC/s (2.108e-02 s/TS) || Energy: ~1.26e-22 (-45.28dB)
[@    10m58s] Timestep:        30936 || Speed:  188.2 MC/s (2.105e-02 s/TS) || Energy: ~1.27e-22 (-45.26dB)
[@    11m02s] Timestep:        31128 || Speed:  189.8 MC/s (2.087e-02 s/TS) || Energy: ~1.27e-22 (-45.25dB)
[@    11m06s] Timestep:        31320 || Speed:  188.1 MC/s (2.106e-02 s/TS) || Energy: ~1.27e-22 (-45.24dB)
[@    11m10s] Timestep:        31512 || Speed:  187.6 MC/s (2.112e-02 s/TS) || Energy: ~1.28e-22 (-45.22dB)
[@    11m14s] Timestep:        31704 || Speed:  188.1 MC/s (2.106e-02 s/TS) || Energy: ~1.28e-22 (-45.21dB)
[@    11m18s] Timestep:        31896 || Speed:  185.8 MC/s (2.131e-02 s/TS) || Energy: ~1.28e-22 (-45.20dB)
[@    11m22s] Timestep:        32088 || Speed:  187.1 MC/s (2.117e-02 s/TS) || Energy: ~1.29e-22 (-45.19dB)
[@    11m26s] Timestep:        32280 || Speed:  187.7 MC/s (2.110e-02 s/TS) || Energy: ~1.29e-22 (-45.18dB)
[@    11m30s] Timestep:        32472 || Speed:  188.0 MC/s (2.106e-02 s/TS) || Energy: ~1.29e-22 (-45.16dB)
[@    11m34s] Timestep:        32664 || Speed:  188.7 MC/s (2.099e-02 s/TS) || Energy: ~1.30e-22 (-45.15dB)
[@    11m38s] Timestep:        32856 || Speed:  189.4 MC/s (2.091e-02 s/TS) || Energy: ~1.30e-22 (-45.14dB)
[@    11m42s] Timestep:        33048 || Speed:  189.2 MC/s (2.093e-02 s/TS) || Energy: ~1.31e-22 (-45.12dB)
[@    11m46s] Timestep:        33240 || Speed:  189.0 MC/s (2.095e-02 s/TS) || Energy: ~1.31e-22 (-45.10dB)
[@    11m50s] Timestep:        33432 || Speed:  189.0 MC/s (2.096e-02 s/TS) || Energy: ~1.32e-22 (-45.09dB)
[@    11m54s] Timestep:        33624 || Speed:  187.5 MC/s (2.113e-02 s/TS) || Energy: ~1.32e-22 (-45.07dB)
[@    11m58s] Timestep:        33816 || Speed:  187.0 MC/s (2.118e-02 s/TS) || Energy: ~1.33e-22 (-45.05dB)
[@    12m02s] Timestep:        34008 || Speed:  188.0 MC/s (2.106e-02 s/TS) || Energy: ~1.33e-22 (-45.03dB)
[@    12m06s] Timestep:        34200 || Speed:  188.6 MC/s (2.100e-02 s/TS) || Energy: ~1.34e-22 (-45.02dB)
[@    12m10s] Timestep:        34392 || Speed:  186.9 MC/s (2.119e-02 s/TS) || Energy: ~1.35e-22 (-45.00dB)
[@    12m14s] Timestep:        34578 || Speed:  183.8 MC/s (2.155e-02 s/TS) || Energy: ~1.35e-22 (-44.98dB)
[@    12m18s] Timestep:        34770 || Speed:  185.5 MC/s (2.135e-02 s/TS) || Energy: ~1.36e-22 (-44.96dB)
[@    12m23s] Timestep:        34962 || Speed:  188.8 MC/s (2.098e-02 s/TS) || Energy: ~1.36e-22 (-44.93dB)
[@    12m27s] Timestep:        35154 || Speed:  188.2 MC/s (2.105e-02 s/TS) || Energy: ~1.37e-22 (-44.91dB)
[@    12m31s] Timestep:        35346 || Speed:  188.5 MC/s (2.101e-02 s/TS) || Energy: ~1.38e-22 (-44.89dB)
[@    12m35s] Timestep:        35538 || Speed:  186.5 MC/s (2.123e-02 s/TS) || Energy: ~1.38e-22 (-44.87dB)
[@    12m39s] Timestep:        35730 || Speed:  188.3 MC/s (2.104e-02 s/TS) || Energy: ~1.39e-22 (-44.85dB)
[@    12m43s] Timestep:        35922 || Speed:  189.1 MC/s (2.094e-02 s/TS) || Energy: ~1.40e-22 (-44.83dB)
[@    12m47s] Timestep:        36114 || Speed:  188.5 MC/s (2.102e-02 s/TS) || Energy: ~1.40e-22 (-44.81dB)
[@    12m51s] Timestep:        36306 || Speed:  188.3 MC/s (2.103e-02 s/TS) || Energy: ~1.41e-22 (-44.79dB)
[@    12m55s] Timestep:        36498 || Speed:  188.9 MC/s (2.097e-02 s/TS) || Energy: ~1.42e-22 (-44.78dB)
[@    12m59s] Timestep:        36690 || Speed:  188.5 MC/s (2.101e-02 s/TS) || Energy: ~1.42e-22 (-44.76dB)
[@    13m03s] Timestep:        36882 || Speed:  189.1 MC/s (2.094e-02 s/TS) || Energy: ~1.43e-22 (-44.74dB)
[@    13m07s] Timestep:        37074 || Speed:  187.9 MC/s (2.108e-02 s/TS) || Energy: ~1.43e-22 (-44.73dB)
[@    13m11s] Timestep:        37266 || Speed:  185.9 MC/s (2.130e-02 s/TS) || Energy: ~1.43e-22 (-44.72dB)
[@    13m15s] Timestep:        37458 || Speed:  188.3 MC/s (2.104e-02 s/TS) || Energy: ~1.44e-22 (-44.70dB)
[@    13m19s] Timestep:        37650 || Speed:  186.7 MC/s (2.121e-02 s/TS) || Energy: ~1.44e-22 (-44.69dB)
[@    13m23s] Timestep:        37842 || Speed:  188.4 MC/s (2.103e-02 s/TS) || Energy: ~1.44e-22 (-44.69dB)
[@    13m27s] Timestep:        38034 || Speed:  187.8 MC/s (2.109e-02 s/TS) || Energy: ~1.45e-22 (-44.68dB)
[@    13m31s] Timestep:        38226 || Speed:  186.8 MC/s (2.120e-02 s/TS) || Energy: ~1.45e-22 (-44.67dB)
[@    13m35s] Timestep:        38418 || Speed:  189.4 MC/s (2.092e-02 s/TS) || Energy: ~1.45e-22 (-44.67dB)
[@    13m39s] Timestep:        38610 || Speed:  188.5 MC/s (2.101e-02 s/TS) || Energy: ~1.45e-22 (-44.67dB)
[@    13m43s] Timestep:        38796 || Speed:  182.5 MC/s (2.170e-02 s/TS) || Energy: ~1.45e-22 (-44.67dB)
[@    13m47s] Timestep:        38988 || Speed:  188.7 MC/s (2.099e-02 s/TS) || Energy: ~1.45e-22 (-44.68dB)
[@    13m51s] Timestep:        39180 || Speed:  189.3 MC/s (2.092e-02 s/TS) || Energy: ~1.45e-22 (-44.68dB)
[@    13m55s] Timestep:        39372 || Speed:  188.6 MC/s (2.101e-02 s/TS) || Energy: ~1.44e-22 (-44.69dB)
[@    13m59s] Timestep:        39564 || Speed:  187.9 MC/s (2.107e-02 s/TS) || Energy: ~1.44e-22 (-44.70dB)
[@    14m04s] Timestep:        39756 || Speed:  188.6 MC/s (2.100e-02 s/TS) || Energy: ~1.44e-22 (-44.71dB)
[@    14m08s] Timestep:        39948 || Speed:  187.3 MC/s (2.115e-02 s/TS) || Energy: ~1.43e-22 (-44.73dB)
[@    14m12s] Timestep:        40140 || Speed:  189.0 MC/s (2.095e-02 s/TS) || Energy: ~1.42e-22 (-44.75dB)
[@    14m16s] Timestep:        40332 || Speed:  188.7 MC/s (2.099e-02 s/TS) || Energy: ~1.42e-22 (-44.77dB)
[@    14m20s] Timestep:        40524 || Speed:  188.8 MC/s (2.098e-02 s/TS) || Energy: ~1.41e-22 (-44.79dB)
[@    14m24s] Timestep:        40716 || Speed:  188.5 MC/s (2.102e-02 s/TS) || Energy: ~1.40e-22 (-44.81dB)
[@    14m28s] Timestep:        40908 || Speed:  188.8 MC/s (2.098e-02 s/TS) || Energy: ~1.39e-22 (-44.84dB)
[@    14m32s] Timestep:        41100 || Speed:  188.9 MC/s (2.097e-02 s/TS) || Energy: ~1.38e-22 (-44.87dB)
[@    14m36s] Timestep:        41292 || Speed:  189.2 MC/s (2.093e-02 s/TS) || Energy: ~1.37e-22 (-44.91dB)
[@    14m40s] Timestep:        41484 || Speed:  188.9 MC/s (2.097e-02 s/TS) || Energy: ~1.36e-22 (-44.94dB)
[@    14m44s] Timestep:        41676 || Speed:  189.0 MC/s (2.095e-02 s/TS) || Energy: ~1.35e-22 (-44.97dB)
[@    14m48s] Timestep:        41868 || Speed:  188.7 MC/s (2.099e-02 s/TS) || Energy: ~1.34e-22 (-45.01dB)
[@    14m52s] Timestep:        42060 || Speed:  189.0 MC/s (2.095e-02 s/TS) || Energy: ~1.33e-22 (-45.05dB)
[@    14m56s] Timestep:        42252 || Speed:  187.5 MC/s (2.113e-02 s/TS) || Energy: ~1.31e-22 (-45.10dB)
[@    15m00s] Timestep:        42444 || Speed:  189.0 MC/s (2.095e-02 s/TS) || Energy: ~1.30e-22 (-45.14dB)
[@    15m04s] Timestep:        42636 || Speed:  189.1 MC/s (2.095e-02 s/TS) || Energy: ~1.29e-22 (-45.18dB)
[@    15m08s] Timestep:        42828 || Speed:  186.0 MC/s (2.129e-02 s/TS) || Energy: ~1.27e-22 (-45.23dB)
[@    15m12s] Timestep:        43020 || Speed:  188.1 MC/s (2.106e-02 s/TS) || Energy: ~1.26e-22 (-45.28dB)
[@    15m16s] Timestep:        43212 || Speed:  188.3 MC/s (2.103e-02 s/TS) || Energy: ~1.25e-22 (-45.33dB)
[@    15m20s] Timestep:        43404 || Speed:  188.5 MC/s (2.102e-02 s/TS) || Energy: ~1.23e-22 (-45.38dB)
[@    15m24s] Timestep:        43596 || Speed:  189.0 MC/s (2.096e-02 s/TS) || Energy: ~1.22e-22 (-45.43dB)
[@    15m28s] Timestep:        43788 || Speed:  188.4 MC/s (2.103e-02 s/TS) || Energy: ~1.20e-22 (-45.48dB)
[@    15m32s] Timestep:        43980 || Speed:  187.3 MC/s (2.115e-02 s/TS) || Energy: ~1.19e-22 (-45.54dB)
[@    15m36s] Timestep:        44172 || Speed:  188.7 MC/s (2.099e-02 s/TS) || Energy: ~1.17e-22 (-45.59dB)
[@    15m40s] Timestep:        44364 || Speed:  188.4 MC/s (2.103e-02 s/TS) || Energy: ~1.16e-22 (-45.64dB)
[@    15m44s] Timestep:        44556 || Speed:  188.6 MC/s (2.100e-02 s/TS) || Energy: ~1.14e-22 (-45.70dB)
[@    15m48s] Timestep:        44748 || Speed:  189.6 MC/s (2.089e-02 s/TS) || Energy: ~1.13e-22 (-45.76dB)
[@    15m52s] Timestep:        44940 || Speed:  186.8 MC/s (2.120e-02 s/TS) || Energy: ~1.11e-22 (-45.82dB)
[@    15m57s] Timestep:        45132 || Speed:  188.1 MC/s (2.105e-02 s/TS) || Energy: ~1.10e-22 (-45.87dB)
[@    16m01s] Timestep:        45324 || Speed:  187.7 MC/s (2.110e-02 s/TS) || Energy: ~1.09e-22 (-45.92dB)
[@    16m05s] Timestep:        45516 || Speed:  188.1 MC/s (2.105e-02 s/TS) || Energy: ~1.07e-22 (-45.97dB)
[@    16m09s] Timestep:        45708 || Speed:  188.2 MC/s (2.105e-02 s/TS) || Energy: ~1.06e-22 (-46.03dB)
[@    16m13s] Timestep:        45900 || Speed:  188.9 MC/s (2.097e-02 s/TS) || Energy: ~1.04e-22 (-46.10dB)
[@    16m17s] Timestep:        46092 || Speed:  188.8 MC/s (2.098e-02 s/TS) || Energy: ~1.03e-22 (-46.15dB)
[@    16m21s] Timestep:        46284 || Speed:  189.0 MC/s (2.095e-02 s/TS) || Energy: ~1.02e-22 (-46.19dB)
[@    16m25s] Timestep:        46476 || Speed:  189.0 MC/s (2.095e-02 s/TS) || Energy: ~1.01e-22 (-46.24dB)
[@    16m29s] Timestep:        46668 || Speed:  188.3 MC/s (2.103e-02 s/TS) || Energy: ~9.96e-23 (-46.30dB)
[@    16m33s] Timestep:        46860 || Speed:  188.9 MC/s (2.096e-02 s/TS) || Energy: ~9.83e-23 (-46.36dB)
[@    16m37s] Timestep:        47052 || Speed:  188.8 MC/s (2.098e-02 s/TS) || Energy: ~9.73e-23 (-46.40dB)
[@    16m41s] Timestep:        47244 || Speed:  189.6 MC/s (2.089e-02 s/TS) || Energy: ~9.66e-23 (-46.43dB)
[@    16m45s] Timestep:        47436 || Speed:  185.1 MC/s (2.139e-02 s/TS) || Energy: ~9.57e-23 (-46.48dB)
[@    16m49s] Timestep:        47628 || Speed:  187.1 MC/s (2.117e-02 s/TS) || Energy: ~9.44e-23 (-46.53dB)
[@    16m53s] Timestep:        47802 || Speed:  171.0 MC/s (2.316e-02 s/TS) || Energy: ~9.34e-23 (-46.58dB)
[@    16m57s] Timestep:        47982 || Speed:  174.6 MC/s (2.269e-02 s/TS) || Energy: ~9.28e-23 (-46.61dB)
[@    17m01s] Timestep:        48168 || Speed:  183.3 MC/s (2.161e-02 s/TS) || Energy: ~9.17e-23 (-46.66dB)
[@    17m05s] Timestep:        48354 || Speed:  183.4 MC/s (2.159e-02 s/TS) || Energy: ~9.09e-23 (-46.70dB)
[@    17m09s] Timestep:        48540 || Speed:  183.8 MC/s (2.155e-02 s/TS) || Energy: ~9.07e-23 (-46.71dB)
[@    17m13s] Timestep:        48732 || Speed:  184.4 MC/s (2.148e-02 s/TS) || Energy: ~8.95e-23 (-46.77dB)
[@    17m17s] Timestep:        48918 || Speed:  184.1 MC/s (2.152e-02 s/TS) || Energy: ~8.94e-23 (-46.77dB)
[@    17m21s] Timestep:        49104 || Speed:  179.0 MC/s (2.212e-02 s/TS) || Energy: ~8.94e-23 (-46.77dB)
[@    17m25s] Timestep:        49290 || Speed:  183.6 MC/s (2.158e-02 s/TS) || Energy: ~8.88e-23 (-46.80dB)
[@    17m30s] Timestep:        49476 || Speed:  180.7 MC/s (2.192e-02 s/TS) || Energy: ~8.78e-23 (-46.85dB)
[@    17m34s] Timestep:        49662 || Speed:  183.3 MC/s (2.161e-02 s/TS) || Energy: ~8.69e-23 (-46.89dB)
[@    17m38s] Timestep:        49848 || Speed:  182.4 MC/s (2.172e-02 s/TS) || Energy: ~8.69e-23 (-46.89dB)
[@    17m42s] Timestep:        50034 || Speed:  182.6 MC/s (2.169e-02 s/TS) || Energy: ~8.74e-23 (-46.87dB)
[@    17m46s] Timestep:        50226 || Speed:  184.3 MC/s (2.149e-02 s/TS) || Energy: ~8.63e-23 (-46.92dB)
[@    17m50s] Timestep:        50418 || Speed:  184.4 MC/s (2.147e-02 s/TS) || Energy: ~8.60e-23 (-46.94dB)
[@    17m54s] Timestep:        50610 || Speed:  185.9 MC/s (2.130e-02 s/TS) || Energy: ~8.68e-23 (-46.90dB)
[@    17m58s] Timestep:        50802 || Speed:  189.0 MC/s (2.096e-02 s/TS) || Energy: ~8.77e-23 (-46.86dB)
[@    18m02s] Timestep:        50994 || Speed:  189.8 MC/s (2.087e-02 s/TS) || Energy: ~8.73e-23 (-46.87dB)
[@    18m06s] Timestep:        51186 || Speed:  189.2 MC/s (2.094e-02 s/TS) || Energy: ~8.62e-23 (-46.93dB)
[@    18m10s] Timestep:        51378 || Speed:  187.9 MC/s (2.108e-02 s/TS) || Energy: ~8.62e-23 (-46.93dB)
[@    18m14s] Timestep:        51570 || Speed:  187.7 MC/s (2.110e-02 s/TS) || Energy: ~8.78e-23 (-46.85dB)
[@    18m18s] Timestep:        51762 || Speed:  188.8 MC/s (2.098e-02 s/TS) || Energy: ~8.92e-23 (-46.78dB)
[@    18m22s] Timestep:        51954 || Speed:  189.4 MC/s (2.091e-02 s/TS) || Energy: ~8.90e-23 (-46.79dB)
[@    18m26s] Timestep:        52146 || Speed:  189.7 MC/s (2.088e-02 s/TS) || Energy: ~8.79e-23 (-46.84dB)
[@    18m30s] Timestep:        52338 || Speed:  188.9 MC/s (2.096e-02 s/TS) || Energy: ~8.83e-23 (-46.82dB)
[@    18m34s] Timestep:        52530 || Speed:  189.5 MC/s (2.090e-02 s/TS) || Energy: ~9.07e-23 (-46.71dB)
[@    18m38s] Timestep:        52722 || Speed:  186.9 MC/s (2.120e-02 s/TS) || Energy: ~9.30e-23 (-46.60dB)
[@    18m42s] Timestep:        52914 || Speed:  185.9 MC/s (2.130e-02 s/TS) || Energy: ~9.29e-23 (-46.60dB)
[@    18m46s] Timestep:        53106 || Speed:  186.3 MC/s (2.126e-02 s/TS) || Energy: ~9.17e-23 (-46.66dB)
[@    18m50s] Timestep:        53298 || Speed:  188.6 MC/s (2.100e-02 s/TS) || Energy: ~9.26e-23 (-46.62dB)
[@    18m54s] Timestep:        53490 || Speed:  188.9 MC/s (2.097e-02 s/TS) || Energy: ~9.62e-23 (-46.45dB)
[@    18m59s] Timestep:        53682 || Speed:  186.9 MC/s (2.120e-02 s/TS) || Energy: ~9.94e-23 (-46.31dB)
[@    19m03s] Timestep:        53874 || Speed:  189.7 MC/s (2.088e-02 s/TS) || Energy: ~9.95e-23 (-46.31dB)
[@    19m07s] Timestep:        54066 || Speed:  188.5 MC/s (2.101e-02 s/TS) || Energy: ~9.81e-23 (-46.37dB)
[@    19m11s] Timestep:        54258 || Speed:  189.2 MC/s (2.093e-02 s/TS) || Energy: ~9.96e-23 (-46.30dB)
[@    19m15s] Timestep:        54450 || Speed:  189.2 MC/s (2.093e-02 s/TS) || Energy: ~1.05e-22 (-46.09dB)
[@    19m19s] Timestep:        54642 || Speed:  188.7 MC/s (2.099e-02 s/TS) || Energy: ~1.09e-22 (-45.90dB)
[@    19m23s] Timestep:        54834 || Speed:  189.0 MC/s (2.096e-02 s/TS) || Energy: ~1.09e-22 (-45.90dB)
[@    19m27s] Timestep:        55026 || Speed:  189.8 MC/s (2.086e-02 s/TS) || Energy: ~1.08e-22 (-45.97dB)
[@    19m31s] Timestep:        55218 || Speed:  189.2 MC/s (2.093e-02 s/TS) || Energy: ~1.10e-22 (-45.87dB)
[@    19m35s] Timestep:        55410 || Speed:  188.1 MC/s (2.106e-02 s/TS) || Energy: ~1.17e-22 (-45.60dB)
[@    19m39s] Timestep:        55602 || Speed:  186.3 MC/s (2.125e-02 s/TS) || Energy: ~1.23e-22 (-45.38dB)
[@    19m43s] Timestep:        55794 || Speed:  189.3 MC/s (2.093e-02 s/TS) || Energy: ~1.23e-22 (-45.38dB)
[@    19m47s] Timestep:        55986 || Speed:  188.5 MC/s (2.101e-02 s/TS) || Energy: ~1.21e-22 (-45.45dB)
[@    19m51s] Timestep:        56178 || Speed:  188.5 MC/s (2.102e-02 s/TS) || Energy: ~1.25e-22 (-45.33dB)
[@    19m55s] Timestep:        56370 || Speed:  189.0 MC/s (2.096e-02 s/TS) || Energy: ~1.34e-22 (-45.00dB)
[@    19m59s] Timestep:        56562 || Speed:  189.6 MC/s (2.089e-02 s/TS) || Energy: ~1.42e-22 (-44.75dB)
[@    20m03s] Timestep:        56754 || Speed:  187.3 MC/s (2.114e-02 s/TS) || Energy: ~1.42e-22 (-44.75dB)
[@    20m07s] Timestep:        56946 || Speed:  188.8 MC/s (2.098e-02 s/TS) || Energy: ~1.40e-22 (-44.83dB)
[@    20m11s] Timestep:        57138 || Speed:  189.2 MC/s (2.093e-02 s/TS) || Energy: ~1.45e-22 (-44.68dB)
[@    20m15s] Timestep:        57330 || Speed:  187.6 MC/s (2.111e-02 s/TS) || Energy: ~1.58e-22 (-44.29dB)
[@    20m19s] Timestep:        57522 || Speed:  189.7 MC/s (2.088e-02 s/TS) || Energy: ~1.69e-22 (-44.01dB)
[@    20m23s] Timestep:        57714 || Speed:  185.5 MC/s (2.135e-02 s/TS) || Energy: ~1.69e-22 (-44.01dB)
[@    20m27s] Timestep:        57906 || Speed:  184.8 MC/s (2.144e-02 s/TS) || Energy: ~1.65e-22 (-44.10dB)
[@    20m31s] Timestep:        58098 || Speed:  188.5 MC/s (2.102e-02 s/TS) || Energy: ~1.73e-22 (-43.92dB)
[@    20m35s] Timestep:        58290 || Speed:  187.2 MC/s (2.116e-02 s/TS) || Energy: ~1.91e-22 (-43.48dB)
[@    20m39s] Timestep:        58482 || Speed:  189.5 MC/s (2.090e-02 s/TS) || Energy: ~2.05e-22 (-43.17dB)
[@    20m43s] Timestep:        58674 || Speed:  189.6 MC/s (2.089e-02 s/TS) || Energy: ~2.05e-22 (-43.17dB)
[@    20m47s] Timestep:        58866 || Speed:  189.4 MC/s (2.091e-02 s/TS) || Energy: ~2.00e-22 (-43.27dB)
[@    20m52s] Timestep:        59058 || Speed:  185.3 MC/s (2.138e-02 s/TS) || Energy: ~2.10e-22 (-43.05dB)
[@    20m56s] Timestep:        59250 || Speed:  187.8 MC/s (2.109e-02 s/TS) || Energy: ~2.35e-22 (-42.57dB)
[@    21m00s] Timestep:        59442 || Speed:  187.8 MC/s (2.109e-02 s/TS) || Energy: ~2.54e-22 (-42.23dB)
[@    21m04s] Timestep:        59634 || Speed:  188.8 MC/s (2.097e-02 s/TS) || Energy: ~2.53e-22 (-42.25dB)
[@    21m08s] Timestep:        59826 || Speed:  188.9 MC/s (2.096e-02 s/TS) || Energy: ~2.48e-22 (-42.35dB)
RunFDTD: Warning: Max. number of timesteps was reached before the end-criteria of -50dB was reached... 
	You may want to choose a higher number of max. timesteps... 
Time for 60000 iterations with 3960600.00 cells : 1271.89 sec
Speed: 186.84 MCells/s 
    [excite port 11/44]
 ---------------------------------------------------------------------- 
 | openEMS 64bit -- version v0.37.0-rc1-2-g7b051bb
 | (C) 2010-2026 Thorsten Liebig <thorsten.liebig@gmx.de>  GPL license
 ---------------------------------------------------------------------- 
	Used external libraries:
		CSXCAD -- Version: v0.7.0-rc1-1-g5115701
		hdf5   -- Version: 1.10.10
		          compiled against: HDF5 library version: 1.10.10
		tinyxml -- compiled against: 2.6.2
		fparser
		boost  -- compiled against: 1_83
		vtk -- Version: 9.1.0
		       compiled against: 9.1.0

Create FDTD operator (compressed SSE + multi-threading)
FDTD simulation size: 184x205x105 --> 3960600.00 FDTD cells 
FDTD timestep is: 0.00 s; Nyquist rate: 24 timesteps @103555373668.00 Hz
Excitation signal length is: 286 timesteps (0.00s)
Max. number of timesteps: 60000 ( --> 209.79 * Excitation signal length)
Create FDTD engine (compressed SSE + multi-threading)
Running FDTD engine... this may take a while... grab a cup of coffee?!?
[@        4s] Timestep:           90 || Speed:   85.3 MC/s (4.644e-02 s/TS) || Energy: ~8.82e-20 (- 0.00dB)
[@        8s] Timestep:          234 || Speed:  142.6 MC/s (2.778e-02 s/TS) || Energy: ~4.14e-18 (- 0.00dB)
[@       12s] Timestep:          396 || Speed:  159.9 MC/s (2.477e-02 s/TS) || Energy: ~1.26e-18 (- 5.15dB)
[@       16s] Timestep:          576 || Speed:  175.4 MC/s (2.257e-02 s/TS) || Energy: ~6.24e-19 (- 8.22dB)
[@       20s] Timestep:          762 || Speed:  181.9 MC/s (2.177e-02 s/TS) || Energy: ~5.16e-19 (- 9.04dB)
[@       24s] Timestep:          954 || Speed:  186.0 MC/s (2.129e-02 s/TS) || Energy: ~3.90e-19 (-10.25dB)
[@       28s] Timestep:         1146 || Speed:  189.3 MC/s (2.092e-02 s/TS) || Energy: ~3.20e-19 (-11.11dB)
[@       32s] Timestep:         1332 || Speed:  183.9 MC/s (2.153e-02 s/TS) || Energy: ~3.03e-19 (-11.35dB)
Multithreaded Engine: Best performance found using 7 threads.
[@       36s] Timestep:         1524 || Speed:  188.0 MC/s (2.107e-02 s/TS) || Energy: ~2.30e-19 (-12.55dB)
[@       40s] Timestep:         1716 || Speed:  188.8 MC/s (2.098e-02 s/TS) || Energy: ~2.05e-19 (-13.06dB)
[@       44s] Timestep:         1908 || Speed:  185.8 MC/s (2.131e-02 s/TS) || Energy: ~2.14e-19 (-12.87dB)
[@       48s] Timestep:         2094 || Speed:  183.8 MC/s (2.155e-02 s/TS) || Energy: ~1.89e-19 (-13.41dB)
[@       52s] Timestep:         2286 || Speed:  187.4 MC/s (2.113e-02 s/TS) || Energy: ~1.96e-19 (-13.24dB)
[@       56s] Timestep:         2478 || Speed:  189.3 MC/s (2.092e-02 s/TS) || Energy: ~1.90e-19 (-13.38dB)
[@     1m00s] Timestep:         2670 || Speed:  189.2 MC/s (2.094e-02 s/TS) || Energy: ~1.65e-19 (-13.98dB)
[@     1m04s] Timestep:         2862 || Speed:  189.7 MC/s (2.087e-02 s/TS) || Energy: ~1.35e-19 (-14.85dB)
[@     1m08s] Timestep:         3054 || Speed:  188.8 MC/s (2.098e-02 s/TS) || Energy: ~1.05e-19 (-15.94dB)
[@     1m12s] Timestep:         3246 || Speed:  188.7 MC/s (2.099e-02 s/TS) || Energy: ~8.88e-20 (-16.68dB)
[@     1m16s] Timestep:         3438 || Speed:  188.4 MC/s (2.102e-02 s/TS) || Energy: ~8.66e-20 (-16.79dB)
[@     1m20s] Timestep:         3630 || Speed:  187.0 MC/s (2.118e-02 s/TS) || Energy: ~9.32e-20 (-16.47dB)
[@     1m24s] Timestep:         3822 || Speed:  184.7 MC/s (2.145e-02 s/TS) || Energy: ~1.00e-19 (-16.15dB)
[@     1m29s] Timestep:         4014 || Speed:  187.2 MC/s (2.116e-02 s/TS) || Energy: ~1.00e-19 (-16.16dB)
[@     1m33s] Timestep:         4206 || Speed:  188.3 MC/s (2.104e-02 s/TS) || Energy: ~8.96e-20 (-16.64dB)
[@     1m37s] Timestep:         4398 || Speed:  189.0 MC/s (2.096e-02 s/TS) || Energy: ~7.14e-20 (-17.63dB)
[@     1m41s] Timestep:         4590 || Speed:  187.7 MC/s (2.110e-02 s/TS) || Energy: ~5.11e-20 (-19.08dB)
[@     1m45s] Timestep:         4782 || Speed:  188.8 MC/s (2.098e-02 s/TS) || Energy: ~3.57e-20 (-20.64dB)
[@     1m49s] Timestep:         4974 || Speed:  187.5 MC/s (2.112e-02 s/TS) || Energy: ~2.91e-20 (-21.53dB)
[@     1m53s] Timestep:         5166 || Speed:  189.3 MC/s (2.093e-02 s/TS) || Energy: ~3.12e-20 (-21.22dB)
[@     1m57s] Timestep:         5358 || Speed:  189.5 MC/s (2.090e-02 s/TS) || Energy: ~3.86e-20 (-20.30dB)
[@     2m01s] Timestep:         5550 || Speed:  188.2 MC/s (2.104e-02 s/TS) || Energy: ~4.60e-20 (-19.54dB)
[@     2m05s] Timestep:         5742 || Speed:  189.6 MC/s (2.089e-02 s/TS) || Energy: ~4.90e-20 (-19.26dB)
[@     2m09s] Timestep:         5934 || Speed:  189.0 MC/s (2.095e-02 s/TS) || Energy: ~4.61e-20 (-19.53dB)
[@     2m13s] Timestep:         6126 || Speed:  187.7 MC/s (2.110e-02 s/TS) || Energy: ~3.82e-20 (-20.34dB)
[@     2m17s] Timestep:         6318 || Speed:  189.1 MC/s (2.094e-02 s/TS) || Energy: ~2.86e-20 (-21.60dB)
[@     2m21s] Timestep:         6510 || Speed:  189.4 MC/s (2.091e-02 s/TS) || Energy: ~2.07e-20 (-23.01dB)
[@     2m25s] Timestep:         6702 || Speed:  189.9 MC/s (2.086e-02 s/TS) || Energy: ~1.66e-20 (-23.97dB)
[@     2m29s] Timestep:         6894 || Speed:  189.0 MC/s (2.096e-02 s/TS) || Energy: ~1.65e-20 (-24.00dB)
[@     2m33s] Timestep:         7086 || Speed:  188.9 MC/s (2.097e-02 s/TS) || Energy: ~1.89e-20 (-23.40dB)
[@     2m37s] Timestep:         7278 || Speed:  189.6 MC/s (2.089e-02 s/TS) || Energy: ~2.15e-20 (-22.83dB)
[@     2m41s] Timestep:         7470 || Speed:  188.6 MC/s (2.099e-02 s/TS) || Energy: ~2.25e-20 (-22.64dB)
[@     2m45s] Timestep:         7662 || Speed:  186.0 MC/s (2.129e-02 s/TS) || Energy: ~2.10e-20 (-22.93dB)
[@     2m49s] Timestep:         7854 || Speed:  187.6 MC/s (2.111e-02 s/TS) || Energy: ~1.76e-20 (-23.72dB)
[@     2m53s] Timestep:         8046 || Speed:  187.1 MC/s (2.116e-02 s/TS) || Energy: ~1.34e-20 (-24.90dB)
[@     2m57s] Timestep:         8238 || Speed:  188.4 MC/s (2.103e-02 s/TS) || Energy: ~9.95e-21 (-26.19dB)
[@     3m01s] Timestep:         8430 || Speed:  188.9 MC/s (2.097e-02 s/TS) || Energy: ~8.22e-21 (-27.01dB)
[@     3m05s] Timestep:         8622 || Speed:  189.3 MC/s (2.092e-02 s/TS) || Energy: ~8.29e-21 (-26.98dB)
[@     3m09s] Timestep:         8814 || Speed:  185.6 MC/s (2.134e-02 s/TS) || Energy: ~9.47e-21 (-26.40dB)
[@     3m13s] Timestep:         9006 || Speed:  189.2 MC/s (2.094e-02 s/TS) || Energy: ~1.07e-20 (-25.86dB)
[@     3m17s] Timestep:         9198 || Speed:  189.5 MC/s (2.090e-02 s/TS) || Energy: ~1.12e-20 (-25.69dB)
[@     3m21s] Timestep:         9390 || Speed:  188.1 MC/s (2.105e-02 s/TS) || Energy: ~1.04e-20 (-26.00dB)
[@     3m26s] Timestep:         9582 || Speed:  188.5 MC/s (2.101e-02 s/TS) || Energy: ~8.60e-21 (-26.82dB)
[@     3m30s] Timestep:         9774 || Speed:  188.9 MC/s (2.097e-02 s/TS) || Energy: ~6.43e-21 (-28.08dB)
[@     3m34s] Timestep:         9966 || Speed:  188.6 MC/s (2.100e-02 s/TS) || Energy: ~4.63e-21 (-29.51dB)
[@     3m38s] Timestep:        10158 || Speed:  189.2 MC/s (2.093e-02 s/TS) || Energy: ~3.69e-21 (-30.50dB)
[@     3m42s] Timestep:        10350 || Speed:  189.2 MC/s (2.094e-02 s/TS) || Energy: ~3.69e-21 (-30.49dB)
[@     3m46s] Timestep:        10542 || Speed:  189.0 MC/s (2.096e-02 s/TS) || Energy: ~4.33e-21 (-29.80dB)
[@     3m50s] Timestep:        10734 || Speed:  189.0 MC/s (2.096e-02 s/TS) || Energy: ~5.06e-21 (-29.12dB)
[@     3m54s] Timestep:        10926 || Speed:  189.3 MC/s (2.093e-02 s/TS) || Energy: ~5.42e-21 (-28.83dB)
[@     3m58s] Timestep:        11118 || Speed:  186.3 MC/s (2.126e-02 s/TS) || Energy: ~5.16e-21 (-29.04dB)
[@     4m02s] Timestep:        11310 || Speed:  188.5 MC/s (2.101e-02 s/TS) || Energy: ~4.37e-21 (-29.76dB)
[@     4m06s] Timestep:        11502 || Speed:  189.3 MC/s (2.093e-02 s/TS) || Energy: ~3.36e-21 (-30.90dB)
[@     4m10s] Timestep:        11694 || Speed:  189.6 MC/s (2.088e-02 s/TS) || Energy: ~2.50e-21 (-32.18dB)
[@     4m14s] Timestep:        11886 || Speed:  188.3 MC/s (2.103e-02 s/TS) || Energy: ~2.05e-21 (-33.05dB)
[@     4m18s] Timestep:        12078 || Speed:  189.7 MC/s (2.088e-02 s/TS) || Energy: ~2.04e-21 (-33.07dB)
[@     4m22s] Timestep:        12270 || Speed:  188.1 MC/s (2.105e-02 s/TS) || Energy: ~2.32e-21 (-32.51dB)
[@     4m26s] Timestep:        12462 || Speed:  189.9 MC/s (2.086e-02 s/TS) || Energy: ~2.63e-21 (-31.96dB)
[@     4m30s] Timestep:        12654 || Speed:  187.8 MC/s (2.109e-02 s/TS) || Energy: ~2.76e-21 (-31.75dB)
[@     4m34s] Timestep:        12846 || Speed:  188.3 MC/s (2.104e-02 s/TS) || Energy: ~2.61e-21 (-32.01dB)
[@     4m38s] Timestep:        13038 || Speed:  187.5 MC/s (2.112e-02 s/TS) || Energy: ~2.23e-21 (-32.69dB)
[@     4m42s] Timestep:        13230 || Speed:  189.2 MC/s (2.094e-02 s/TS) || Energy: ~1.79e-21 (-33.65dB)
[@     4m46s] Timestep:        13422 || Speed:  190.0 MC/s (2.085e-02 s/TS) || Energy: ~1.45e-21 (-34.55dB)
[@     4m50s] Timestep:        13614 || Speed:  188.9 MC/s (2.097e-02 s/TS) || Energy: ~1.32e-21 (-34.95dB)
[@     4m54s] Timestep:        13806 || Speed:  188.5 MC/s (2.101e-02 s/TS) || Energy: ~1.39e-21 (-34.75dB)
[@     4m58s] Timestep:        13998 || Speed:  188.9 MC/s (2.096e-02 s/TS) || Energy: ~1.55e-21 (-34.28dB)
[@     5m02s] Timestep:        14190 || Speed:  189.1 MC/s (2.095e-02 s/TS) || Energy: ~1.67e-21 (-33.94dB)
[@     5m06s] Timestep:        14382 || Speed:  189.8 MC/s (2.087e-02 s/TS) || Energy: ~1.67e-21 (-33.94dB)
[@     5m10s] Timestep:        14574 || Speed:  189.0 MC/s (2.095e-02 s/TS) || Energy: ~1.52e-21 (-34.34dB)
[@     5m14s] Timestep:        14766 || Speed:  188.4 MC/s (2.103e-02 s/TS) || Energy: ~1.29e-21 (-35.05dB)
[@     5m18s] Timestep:        14958 || Speed:  188.9 MC/s (2.097e-02 s/TS) || Energy: ~1.07e-21 (-35.88dB)
[@     5m22s] Timestep:        15150 || Speed:  187.2 MC/s (2.115e-02 s/TS) || Energy: ~9.33e-22 (-36.47dB)
[@     5m26s] Timestep:        15342 || Speed:  189.5 MC/s (2.090e-02 s/TS) || Energy: ~9.18e-22 (-36.54dB)
[@     5m30s] Timestep:        15534 || Speed:  187.6 MC/s (2.112e-02 s/TS) || Energy: ~9.95e-22 (-36.19dB)
[@     5m34s] Timestep:        15726 || Speed:  189.3 MC/s (2.093e-02 s/TS) || Energy: ~1.10e-21 (-35.77dB)
[@     5m38s] Timestep:        15918 || Speed:  189.0 MC/s (2.095e-02 s/TS) || Energy: ~1.15e-21 (-35.55dB)
[@     5m42s] Timestep:        16110 || Speed:  188.9 MC/s (2.097e-02 s/TS) || Energy: ~1.13e-21 (-35.65dB)
[@     5m47s] Timestep:        16302 || Speed:  184.5 MC/s (2.146e-02 s/TS) || Energy: ~1.02e-21 (-36.08dB)
[@     5m51s] Timestep:        16494 || Speed:  189.4 MC/s (2.091e-02 s/TS) || Energy: ~8.79e-22 (-36.73dB)
[@     5m55s] Timestep:        16686 || Speed:  189.2 MC/s (2.094e-02 s/TS) || Energy: ~7.56e-22 (-37.38dB)
[@     5m59s] Timestep:        16878 || Speed:  189.1 MC/s (2.094e-02 s/TS) || Energy: ~6.93e-22 (-37.76dB)
[@     6m03s] Timestep:        17070 || Speed:  189.4 MC/s (2.091e-02 s/TS) || Energy: ~6.99e-22 (-37.72dB)
[@     6m07s] Timestep:        17262 || Speed:  189.2 MC/s (2.093e-02 s/TS) || Energy: ~7.49e-22 (-37.42dB)
[@     6m11s] Timestep:        17454 || Speed:  187.8 MC/s (2.109e-02 s/TS) || Energy: ~8.04e-22 (-37.11dB)
[@     6m15s] Timestep:        17646 || Speed:  189.2 MC/s (2.094e-02 s/TS) || Energy: ~8.29e-22 (-36.98dB)
[@     6m19s] Timestep:        17838 || Speed:  189.2 MC/s (2.094e-02 s/TS) || Energy: ~8.06e-22 (-37.10dB)
[@     6m23s] Timestep:        18030 || Speed:  189.2 MC/s (2.094e-02 s/TS) || Energy: ~7.44e-22 (-37.45dB)
[@     6m27s] Timestep:        18222 || Speed:  189.0 MC/s (2.096e-02 s/TS) || Energy: ~6.68e-22 (-37.92dB)
[@     6m31s] Timestep:        18414 || Speed:  188.8 MC/s (2.098e-02 s/TS) || Energy: ~6.06e-22 (-38.34dB)
[@     6m35s] Timestep:        18606 || Speed:  185.3 MC/s (2.138e-02 s/TS) || Energy: ~5.78e-22 (-38.54dB)
[@     6m39s] Timestep:        18798 || Speed:  187.1 MC/s (2.117e-02 s/TS) || Energy: ~5.85e-22 (-38.49dB)
[@     6m43s] Timestep:        18990 || Speed:  186.5 MC/s (2.123e-02 s/TS) || Energy: ~6.13e-22 (-38.29dB)
[@     6m47s] Timestep:        19182 || Speed:  189.0 MC/s (2.096e-02 s/TS) || Energy: ~6.41e-22 (-38.10dB)
[@     6m51s] Timestep:        19374 || Speed:  189.6 MC/s (2.089e-02 s/TS) || Energy: ~6.52e-22 (-38.03dB)
[@     6m55s] Timestep:        19566 || Speed:  189.7 MC/s (2.088e-02 s/TS) || Energy: ~6.39e-22 (-38.11dB)
[@     6m59s] Timestep:        19758 || Speed:  189.9 MC/s (2.086e-02 s/TS) || Energy: ~6.09e-22 (-38.32dB)
[@     7m03s] Timestep:        19950 || Speed:  189.9 MC/s (2.086e-02 s/TS) || Energy: ~5.74e-22 (-38.57dB)
[@     7m07s] Timestep:        20142 || Speed:  189.6 MC/s (2.089e-02 s/TS) || Energy: ~5.49e-22 (-38.77dB)
[@     7m11s] Timestep:        20334 || Speed:  188.4 MC/s (2.102e-02 s/TS) || Energy: ~5.41e-22 (-38.83dB)
[@     7m15s] Timestep:        20526 || Speed:  189.1 MC/s (2.094e-02 s/TS) || Energy: ~5.49e-22 (-38.77dB)
[@     7m19s] Timestep:        20718 || Speed:  188.8 MC/s (2.098e-02 s/TS) || Energy: ~5.65e-22 (-38.64dB)
[@     7m23s] Timestep:        20910 || Speed:  189.8 MC/s (2.087e-02 s/TS) || Energy: ~5.80e-22 (-38.53dB)
[@     7m27s] Timestep:        21102 || Speed:  188.9 MC/s (2.097e-02 s/TS) || Energy: ~5.87e-22 (-38.48dB)
[@     7m31s] Timestep:        21294 || Speed:  188.6 MC/s (2.100e-02 s/TS) || Energy: ~5.83e-22 (-38.51dB)
[@     7m35s] Timestep:        21486 || Speed:  189.1 MC/s (2.094e-02 s/TS) || Energy: ~5.73e-22 (-38.58dB)
[@     7m39s] Timestep:        21678 || Speed:  189.2 MC/s (2.093e-02 s/TS) || Energy: ~5.62e-22 (-38.67dB)
[@     7m43s] Timestep:        21870 || Speed:  188.7 MC/s (2.099e-02 s/TS) || Energy: ~5.57e-22 (-38.71dB)
[@     7m47s] Timestep:        22062 || Speed:  189.1 MC/s (2.094e-02 s/TS) || Energy: ~5.59e-22 (-38.69dB)
[@     7m51s] Timestep:        22254 || Speed:  189.0 MC/s (2.096e-02 s/TS) || Energy: ~5.68e-22 (-38.62dB)
[@     7m55s] Timestep:        22446 || Speed:  186.5 MC/s (2.123e-02 s/TS) || Energy: ~5.81e-22 (-38.53dB)
[@     8m00s] Timestep:        22638 || Speed:  189.4 MC/s (2.091e-02 s/TS) || Energy: ~5.91e-22 (-38.45dB)
[@     8m04s] Timestep:        22830 || Speed:  189.6 MC/s (2.089e-02 s/TS) || Energy: ~5.98e-22 (-38.40dB)
[@     8m08s] Timestep:        23022 || Speed:  189.4 MC/s (2.091e-02 s/TS) || Energy: ~6.00e-22 (-38.38dB)
[@     8m12s] Timestep:        23214 || Speed:  188.7 MC/s (2.098e-02 s/TS) || Energy: ~6.00e-22 (-38.38dB)
[@     8m16s] Timestep:        23406 || Speed:  188.5 MC/s (2.101e-02 s/TS) || Energy: ~6.01e-22 (-38.38dB)
[@     8m20s] Timestep:        23598 || Speed:  187.1 MC/s (2.116e-02 s/TS) || Energy: ~6.05e-22 (-38.35dB)
[@     8m24s] Timestep:        23790 || Speed:  188.6 MC/s (2.100e-02 s/TS) || Energy: ~6.13e-22 (-38.29dB)
[@     8m28s] Timestep:        23982 || Speed:  190.0 MC/s (2.084e-02 s/TS) || Energy: ~6.23e-22 (-38.22dB)
[@     8m32s] Timestep:        24174 || Speed:  189.1 MC/s (2.094e-02 s/TS) || Energy: ~6.34e-22 (-38.15dB)
[@     8m36s] Timestep:        24366 || Speed:  188.3 MC/s (2.103e-02 s/TS) || Energy: ~6.43e-22 (-38.08dB)
[@     8m40s] Timestep:        24558 || Speed:  188.6 MC/s (2.099e-02 s/TS) || Energy: ~6.50e-22 (-38.03dB)
[@     8m44s] Timestep:        24750 || Speed:  188.2 MC/s (2.105e-02 s/TS) || Energy: ~6.56e-22 (-38.00dB)
[@     8m48s] Timestep:        24942 || Speed:  189.8 MC/s (2.087e-02 s/TS) || Energy: ~6.60e-22 (-37.97dB)
[@     8m52s] Timestep:        25110 || Speed:  166.3 MC/s (2.382e-02 s/TS) || Energy: ~6.70e-22 (-37.91dB)
[@     8m56s] Timestep:        25278 || Speed:  161.0 MC/s (2.459e-02 s/TS) || Energy: ~6.70e-22 (-37.90dB)
[@     9m00s] Timestep:        25452 || Speed:  167.5 MC/s (2.364e-02 s/TS) || Energy: ~6.81e-22 (-37.83dB)
[@     9m04s] Timestep:        25638 || Speed:  179.5 MC/s (2.207e-02 s/TS) || Energy: ~6.89e-22 (-37.79dB)
[@     9m08s] Timestep:        25824 || Speed:  179.1 MC/s (2.211e-02 s/TS) || Energy: ~6.96e-22 (-37.74dB)
[@     9m12s] Timestep:        26010 || Speed:  180.2 MC/s (2.197e-02 s/TS) || Energy: ~7.03e-22 (-37.70dB)
[@     9m16s] Timestep:        26196 || Speed:  180.3 MC/s (2.196e-02 s/TS) || Energy: ~7.09e-22 (-37.66dB)
[@     9m21s] Timestep:        26382 || Speed:  179.1 MC/s (2.211e-02 s/TS) || Energy: ~7.16e-22 (-37.62dB)
[@     9m25s] Timestep:        26568 || Speed:  180.4 MC/s (2.195e-02 s/TS) || Energy: ~7.22e-22 (-37.58dB)
[@     9m29s] Timestep:        26754 || Speed:  179.2 MC/s (2.211e-02 s/TS) || Energy: ~7.29e-22 (-37.54dB)
[@     9m33s] Timestep:        26940 || Speed:  179.3 MC/s (2.208e-02 s/TS) || Energy: ~7.35e-22 (-37.51dB)
[@     9m37s] Timestep:        27126 || Speed:  179.9 MC/s (2.202e-02 s/TS) || Energy: ~7.40e-22 (-37.47dB)
[@     9m41s] Timestep:        27312 || Speed:  180.3 MC/s (2.196e-02 s/TS) || Energy: ~7.46e-22 (-37.44dB)
[@     9m45s] Timestep:        27498 || Speed:  179.9 MC/s (2.202e-02 s/TS) || Energy: ~7.51e-22 (-37.41dB)
[@     9m49s] Timestep:        27678 || Speed:  176.3 MC/s (2.246e-02 s/TS) || Energy: ~7.55e-22 (-37.39dB)
[@     9m53s] Timestep:        27864 || Speed:  178.5 MC/s (2.219e-02 s/TS) || Energy: ~7.60e-22 (-37.36dB)
[@     9m57s] Timestep:        28050 || Speed:  179.8 MC/s (2.203e-02 s/TS) || Energy: ~7.64e-22 (-37.34dB)
[@    10m02s] Timestep:        28236 || Speed:  180.8 MC/s (2.190e-02 s/TS) || Energy: ~7.68e-22 (-37.31dB)
[@    10m06s] Timestep:        28428 || Speed:  188.7 MC/s (2.099e-02 s/TS) || Energy: ~7.72e-22 (-37.29dB)
[@    10m10s] Timestep:        28620 || Speed:  188.6 MC/s (2.100e-02 s/TS) || Energy: ~7.76e-22 (-37.27dB)
[@    10m14s] Timestep:        28812 || Speed:  188.5 MC/s (2.102e-02 s/TS) || Energy: ~7.79e-22 (-37.25dB)
[@    10m18s] Timestep:        29004 || Speed:  188.8 MC/s (2.098e-02 s/TS) || Energy: ~7.82e-22 (-37.23dB)
[@    10m22s] Timestep:        29196 || Speed:  187.5 MC/s (2.112e-02 s/TS) || Energy: ~7.84e-22 (-37.22dB)
[@    10m26s] Timestep:        29388 || Speed:  187.6 MC/s (2.111e-02 s/TS) || Energy: ~7.87e-22 (-37.21dB)
[@    10m30s] Timestep:        29580 || Speed:  189.3 MC/s (2.092e-02 s/TS) || Energy: ~7.90e-22 (-37.19dB)
[@    10m34s] Timestep:        29772 || Speed:  186.4 MC/s (2.125e-02 s/TS) || Energy: ~7.92e-22 (-37.18dB)
[@    10m38s] Timestep:        29964 || Speed:  189.0 MC/s (2.095e-02 s/TS) || Energy: ~7.95e-22 (-37.16dB)
[@    10m42s] Timestep:        30150 || Speed:  182.5 MC/s (2.170e-02 s/TS) || Energy: ~7.97e-22 (-37.15dB)
[@    10m46s] Timestep:        30342 || Speed:  187.7 MC/s (2.110e-02 s/TS) || Energy: ~7.99e-22 (-37.14dB)
[@    10m50s] Timestep:        30534 || Speed:  189.1 MC/s (2.095e-02 s/TS) || Energy: ~8.00e-22 (-37.13dB)
[@    10m54s] Timestep:        30726 || Speed:  187.5 MC/s (2.112e-02 s/TS) || Energy: ~8.02e-22 (-37.12dB)
[@    10m58s] Timestep:        30918 || Speed:  189.0 MC/s (2.096e-02 s/TS) || Energy: ~8.03e-22 (-37.12dB)
[@    11m02s] Timestep:        31110 || Speed:  188.9 MC/s (2.097e-02 s/TS) || Energy: ~8.04e-22 (-37.11dB)
[@    11m06s] Timestep:        31302 || Speed:  189.6 MC/s (2.089e-02 s/TS) || Energy: ~8.06e-22 (-37.10dB)
[@    11m10s] Timestep:        31494 || Speed:  189.6 MC/s (2.089e-02 s/TS) || Energy: ~8.07e-22 (-37.10dB)
[@    11m14s] Timestep:        31686 || Speed:  189.2 MC/s (2.094e-02 s/TS) || Energy: ~8.08e-22 (-37.09dB)
[@    11m18s] Timestep:        31878 || Speed:  188.7 MC/s (2.099e-02 s/TS) || Energy: ~8.10e-22 (-37.08dB)
[@    11m22s] Timestep:        32070 || Speed:  188.7 MC/s (2.099e-02 s/TS) || Energy: ~8.11e-22 (-37.08dB)
[@    11m26s] Timestep:        32262 || Speed:  187.4 MC/s (2.114e-02 s/TS) || Energy: ~8.12e-22 (-37.07dB)
[@    11m30s] Timestep:        32454 || Speed:  186.5 MC/s (2.123e-02 s/TS) || Energy: ~8.13e-22 (-37.06dB)
[@    11m34s] Timestep:        32646 || Speed:  188.0 MC/s (2.106e-02 s/TS) || Energy: ~8.14e-22 (-37.06dB)
[@    11m38s] Timestep:        32838 || Speed:  189.1 MC/s (2.095e-02 s/TS) || Energy: ~8.16e-22 (-37.05dB)
[@    11m42s] Timestep:        33030 || Speed:  188.5 MC/s (2.101e-02 s/TS) || Energy: ~8.17e-22 (-37.04dB)
[@    11m46s] Timestep:        33216 || Speed:  180.2 MC/s (2.198e-02 s/TS) || Energy: ~8.18e-22 (-37.04dB)
[@    11m51s] Timestep:        33396 || Speed:  177.4 MC/s (2.232e-02 s/TS) || Energy: ~8.20e-22 (-37.03dB)
[@    11m55s] Timestep:        33582 || Speed:  183.9 MC/s (2.153e-02 s/TS) || Energy: ~8.21e-22 (-37.02dB)
[@    11m59s] Timestep:        33774 || Speed:  187.7 MC/s (2.110e-02 s/TS) || Energy: ~8.22e-22 (-37.01dB)
[@    12m03s] Timestep:        33960 || Speed:  177.4 MC/s (2.232e-02 s/TS) || Energy: ~8.24e-22 (-37.01dB)
[@    12m07s] Timestep:        34140 || Speed:  175.3 MC/s (2.259e-02 s/TS) || Energy: ~8.25e-22 (-37.00dB)
[@    12m11s] Timestep:        34296 || Speed:  153.3 MC/s (2.583e-02 s/TS) || Energy: ~8.27e-22 (-36.99dB)
[@    12m15s] Timestep:        34470 || Speed:  171.9 MC/s (2.303e-02 s/TS) || Energy: ~8.28e-22 (-36.98dB)
[@    12m19s] Timestep:        34650 || Speed:  178.0 MC/s (2.225e-02 s/TS) || Energy: ~8.30e-22 (-36.98dB)
[@    12m23s] Timestep:        34830 || Speed:  176.2 MC/s (2.248e-02 s/TS) || Energy: ~8.31e-22 (-36.97dB)
[@    12m27s] Timestep:        35010 || Speed:  176.5 MC/s (2.244e-02 s/TS) || Energy: ~8.33e-22 (-36.96dB)
[@    12m31s] Timestep:        35184 || Speed:  169.4 MC/s (2.338e-02 s/TS) || Energy: ~8.34e-22 (-36.95dB)
[@    12m35s] Timestep:        35358 || Speed:  171.3 MC/s (2.312e-02 s/TS) || Energy: ~8.36e-22 (-36.95dB)
[@    12m39s] Timestep:        35532 || Speed:  167.0 MC/s (2.372e-02 s/TS) || Energy: ~8.37e-22 (-36.94dB)
[@    12m43s] Timestep:        35700 || Speed:  166.0 MC/s (2.386e-02 s/TS) || Energy: ~8.38e-22 (-36.93dB)
[@    12m47s] Timestep:        35874 || Speed:  168.5 MC/s (2.350e-02 s/TS) || Energy: ~8.40e-22 (-36.92dB)
[@    12m51s] Timestep:        36042 || Speed:  164.1 MC/s (2.414e-02 s/TS) || Energy: ~8.41e-22 (-36.92dB)
[@    12m55s] Timestep:        36216 || Speed:  168.3 MC/s (2.354e-02 s/TS) || Energy: ~8.42e-22 (-36.91dB)
[@    12m59s] Timestep:        36390 || Speed:  171.4 MC/s (2.311e-02 s/TS) || Energy: ~8.43e-22 (-36.91dB)
[@    13m04s] Timestep:        36564 || Speed:  166.3 MC/s (2.381e-02 s/TS) || Energy: ~8.45e-22 (-36.90dB)
[@    13m08s] Timestep:        36732 || Speed:  163.7 MC/s (2.419e-02 s/TS) || Energy: ~8.46e-22 (-36.89dB)
[@    13m12s] Timestep:        36900 || Speed:  163.8 MC/s (2.419e-02 s/TS) || Energy: ~8.46e-22 (-36.89dB)
[@    13m16s] Timestep:        37068 || Speed:  162.4 MC/s (2.439e-02 s/TS) || Energy: ~8.47e-22 (-36.89dB)
[@    13m20s] Timestep:        37236 || Speed:  164.5 MC/s (2.408e-02 s/TS) || Energy: ~8.48e-22 (-36.88dB)
[@    13m24s] Timestep:        37410 || Speed:  170.4 MC/s (2.325e-02 s/TS) || Energy: ~8.48e-22 (-36.88dB)
[@    13m28s] Timestep:        37584 || Speed:  170.5 MC/s (2.323e-02 s/TS) || Energy: ~8.49e-22 (-36.88dB)
[@    13m32s] Timestep:        37758 || Speed:  171.2 MC/s (2.314e-02 s/TS) || Energy: ~8.49e-22 (-36.88dB)
[@    13m36s] Timestep:        37932 || Speed:  168.1 MC/s (2.356e-02 s/TS) || Energy: ~8.49e-22 (-36.87dB)
[@    13m40s] Timestep:        38088 || Speed:  151.8 MC/s (2.609e-02 s/TS) || Energy: ~8.49e-22 (-36.87dB)
[@    13m44s] Timestep:        38256 || Speed:  163.6 MC/s (2.421e-02 s/TS) || Energy: ~8.49e-22 (-36.88dB)
[@    13m48s] Timestep:        38424 || Speed:  163.1 MC/s (2.429e-02 s/TS) || Energy: ~8.49e-22 (-36.88dB)
[@    13m52s] Timestep:        38598 || Speed:  167.2 MC/s (2.369e-02 s/TS) || Energy: ~8.49e-22 (-36.88dB)
[@    13m56s] Timestep:        38772 || Speed:  166.9 MC/s (2.373e-02 s/TS) || Energy: ~8.48e-22 (-36.88dB)
[@    14m01s] Timestep:        38946 || Speed:  167.9 MC/s (2.359e-02 s/TS) || Energy: ~8.47e-22 (-36.89dB)
[@    14m05s] Timestep:        39120 || Speed:  170.5 MC/s (2.323e-02 s/TS) || Energy: ~8.46e-22 (-36.89dB)
[@    14m09s] Timestep:        39294 || Speed:  168.6 MC/s (2.349e-02 s/TS) || Energy: ~8.45e-22 (-36.90dB)
[@    14m13s] Timestep:        39462 || Speed:  166.1 MC/s (2.385e-02 s/TS) || Energy: ~8.43e-22 (-36.91dB)
[@    14m17s] Timestep:        39630 || Speed:  165.7 MC/s (2.390e-02 s/TS) || Energy: ~8.42e-22 (-36.91dB)
[@    14m21s] Timestep:        39816 || Speed:  183.0 MC/s (2.164e-02 s/TS) || Energy: ~8.40e-22 (-36.92dB)
[@    14m25s] Timestep:        40002 || Speed:  180.5 MC/s (2.195e-02 s/TS) || Energy: ~8.38e-22 (-36.93dB)
[@    14m29s] Timestep:        40188 || Speed:  181.6 MC/s (2.181e-02 s/TS) || Energy: ~8.36e-22 (-36.95dB)
[@    14m33s] Timestep:        40380 || Speed:  185.8 MC/s (2.132e-02 s/TS) || Energy: ~8.33e-22 (-36.96dB)
