% time-domain voltage integration by openEMS v0.37.0-rc1-2-g7b051bb @Sun Jul 12 15:55:01 2026
% start-coordinates: (0.00525992,0.00307512,-0.000635) m -> [121,90,15]
% stop-coordinates: (0.00548797,0.00307512,-0.000635) m -> [125,90,15]
% t/s	voltage
0	0
1.24019037945e-12	0
2.4803807589e-12	0
3.72057113836e-12	0
4.96076151781e-12	0
6.20095189726e-12	0
7.44114227671e-12	0
8.68133265617e-12	0
9.92152303562e-12	0
1.11617134151e-11	0
1.24019037945e-11	0
1.3642094174e-11	0
1.48822845534e-11	0
1.61224749329e-11	0
1.73626653123e-11	0
1.86028556918e-11	0
1.98430460712e-11	0
2.10832364507e-11	0
2.23234268301e-11	0
2.35636172096e-11	0
2.4803807589e-11	0
2.60439979685e-11	0
2.7284188348e-11	0
2.85243787274e-11	0
2.97645691069e-11	0
3.10047594863e-11	0
3.22449498658e-11	0
3.34851402452e-11	0
3.47253306247e-11	0
3.59655210041e-11	0
3.72057113836e-11	0
3.8445901763e-11	0
3.96860921425e-11	0
4.09262825219e-11	0
4.21664729014e-11	0
4.34066632808e-11	0
4.46468536603e-11	0
4.58870440397e-11	0
4.71272344192e-11	0
4.83674247986e-11	0
4.96076151781e-11	0
5.08478055575e-11	0
5.2087995937e-11	3.45044266526e-35
5.33281863164e-11	9.72970201544e-33
5.45683766959e-11	1.42108956269e-30
5.58085670754e-11	1.47394737864e-28
5.70487574548e-11	1.09909208882e-26
5.82889478343e-11	5.9572314686e-25
5.95291382137e-11	2.36943385619e-23
6.07693285932e-11	6.97196340885e-22
6.20095189726e-11	1.52787274826e-20
6.32497093521e-11	2.50668457399e-19
6.44898997315e-11	3.08939261566e-18
6.5730090111e-11	2.86276167143e-17
6.69702804904e-11	1.98726760652e-16
6.82104708699e-11	1.01925533892e-15
6.94506612493e-11	3.69871240687e-15
7.06908516288e-11	8.01858827293e-15
7.19310420082e-11	-1.56499035532e-15
7.31712323877e-11	-9.90155155675e-14
7.44114227671e-11	-4.9313833995e-13
7.56516131466e-11	-1.55706193381e-12
7.6891803526e-11	-3.53007179694e-12
7.81319939055e-11	-5.36364935756e-12
7.93721842849e-11	-2.21441718044e-12
8.06123746644e-11	1.80639331618e-11
8.18525650439e-11	7.70768561822e-11
8.30927554233e-11	2.01705910655e-10
8.43329458028e-11	4.0721664582e-10
8.55731361822e-11	6.64141387718e-10
8.68133265617e-11	8.54715853649e-10
8.80535169411e-11	7.40001782074e-10
8.92937073206e-11	-2.35167892104e-11
9.05338977e-11	-1.76817421815e-09
9.17740880795e-11	-4.56343740574e-09
9.30142784589e-11	-7.85326048636e-09
9.42544688384e-11	-1.01343002878e-08
9.54946592178e-11	-8.99021301848e-09
9.67348495973e-11	-1.88442969562e-09
9.79750399767e-11	1.2058632759e-08
9.92152303562e-11	2.96171864811e-08
1.00455420736e-10	4.15625951433e-08
1.01695611115e-10	3.31549370181e-08
1.02935801495e-10	-1.12241870243e-08
1.04175991874e-10	-9.90883055607e-08
1.05416182253e-10	-2.19088732933e-07
1.06656372633e-10	-3.33977350664e-07
1.07896563012e-10	-3.8388713719e-07
1.09136753392e-10	-3.03947700786e-07
1.10376943771e-10	-5.37303561643e-08
1.11617134151e-10	3.52143963767e-07
1.1285732453e-10	8.28102194816e-07
1.1409751491e-10	1.23016884856e-06
1.15337705289e-10	1.39976960156e-06
1.16577895669e-10	1.22580351558e-06
1.17818086048e-10	6.9914739953e-07
1.19058276427e-10	-6.77147315997e-08
1.20298466807e-10	-8.70439492928e-07
1.21538657186e-10	-1.4838558684e-06
1.22778847566e-10	-1.7453758403e-06
1.24019037945e-10	-1.61401258936e-06
1.25259228325e-10	-1.17861343085e-06
1.26499418704e-10	-6.12660336685e-07
1.27739609084e-10	-9.81634027397e-08
1.28979799463e-10	2.45337588467e-07
1.30219989842e-10	3.95237517381e-07
1.31460180222e-10	4.12062505006e-07
1.32700370601e-10	3.89809727608e-07
1.33940560981e-10	3.98772534993e-07
1.3518075136e-10	4.49998786678e-07
1.3642094174e-10	4.96899929203e-07
1.37661132119e-10	4.69427234862e-07
1.38901322499e-10	3.203085015e-07
1.40141512878e-10	5.829052796e-08
1.41381703258e-10	-2.48176956319e-07
1.42621893637e-10	-4.97814191647e-07
1.43862084016e-10	-6.00323964761e-07
1.45102274396e-10	-5.16771223147e-07
1.46342464775e-10	-2.78943375065e-07
1.47582655155e-10	2.04709169616e-08
1.48822845534e-10	2.63520902877e-07
1.50063035914e-10	3.55076519298e-07
1.51303226293e-10	2.64757744617e-07
1.52543416673e-10	4.4550302114e-08
1.53783607052e-10	-1.88329247308e-07
1.55023797432e-10	-3.00422144051e-07
1.56263987811e-10	-2.04918187308e-07
1.5750417819e-10	8.98368472946e-08
1.5874436857e-10	4.72176445498e-07
1.59984558949e-10	7.68930213724e-07
1.61224749329e-10	8.21987242716e-07
1.62464939708e-10	5.64797041136e-07
1.63705130088e-10	6.1341447477e-08
1.64945320467e-10	-5.13141593217e-07
1.66185510847e-10	-9.41809148003e-07
1.67425701226e-10	-1.05424778951e-06
1.68665891606e-10	-7.93016013745e-07
1.69906081985e-10	-2.31884222046e-07
1.71146272364e-10	4.56477451394e-07
1.72386462744e-10	1.0637340182e-06
1.73626653123e-10	1.41181948266e-06
1.74866843503e-10	1.39934644494e-06
1.76107033882e-10	1.01982435297e-06
1.77347224262e-10	3.55104674554e-07
1.78587414641e-10	-4.47578813123e-07
1.79827605021e-10	-1.20814551963e-06
1.810677954e-10	-1.75214856313e-06
1.82307985779e-10	-1.95104317413e-06
1.83548176159e-10	-1.75605242703e-06
1.84788366538e-10	-1.21425540556e-06
1.86028556918e-10	-4.58047949792e-07
1.87268747297e-10	3.32121455671e-07
1.88508937677e-10	9.80490710845e-07
1.89749128056e-10	1.36538426432e-06
1.90989318436e-10	1.44713149552e-06
1.92229508815e-10	1.26602461137e-06
1.93469699195e-10	9.14572225952e-07
1.94709889574e-10	4.98812354977e-07
1.95950079953e-10	1.05654152094e-07
1.97190270333e-10	-2.12443170611e-07
1.98430460712e-10	-4.34091809609e-07
1.99670651092e-10	-5.54713011525e-07
2.00910841471e-10	-5.72806435173e-07
2.02151031851e-10	-4.86008254086e-07
2.0339122223e-10	-2.99152137728e-07
2.0463141261e-10	-3.8592626872e-08
2.05871602989e-10	2.38168407662e-07
2.07111793369e-10	4.48228448136e-07
2.08351983748e-10	5.07550240059e-07
2.09592174127e-10	3.66495118698e-07
2.10832364507e-10	3.99123791794e-08
2.12072554886e-10	-3.85650007928e-07
2.13312745266e-10	-7.75898683969e-07
2.14552935645e-10	-9.96620187266e-07
2.15793126025e-10	-9.64838903883e-07
2.17033316404e-10	-6.80055840974e-07
2.18273506784e-10	-2.21788479138e-07
2.19513697163e-10	2.83246968991e-07
2.20753887543e-10	7.06966254427e-07
2.21994077922e-10	9.58033183451e-07
2.23234268301e-10	9.99305242999e-07
2.24474458681e-10	8.44598858407e-07
2.2571464906e-10	5.43480837223e-07
2.2695483944e-10	1.65004312436e-07
2.28195029819e-10	-2.1402384931e-07
2.29435220199e-10	-5.1715916527e-07
2.30675410578e-10	-6.77828950302e-07
2.31915600958e-10	-6.52986500427e-07
2.33155791337e-10	-4.38204061481e-07
2.34395981716e-10	-7.71851880188e-08
2.35636172096e-10	3.41864261344e-07
2.36876362475e-10	7.06489494462e-07
2.38116552855e-10	9.13648733558e-07
2.39356743234e-10	9.05585480382e-07
2.40596933614e-10	6.92770889543e-07
2.41837123993e-10	3.51924878572e-07
2.43077314373e-10	-3.2066191924e-09
2.44317504752e-10	-2.67996771441e-07
2.45557695132e-10	-3.90360810343e-07
2.46797885511e-10	-3.90336087008e-07
2.4803807589e-10	-3.4470802035e-07
2.4927826627e-10	-3.42788194274e-07
2.50518456649e-10	-4.3479853673e-07
2.51758647029e-10	-6.00063259526e-07
2.52998837408e-10	-7.53199856263e-07
2.54239027788e-10	-7.87140166381e-07
2.55479218167e-10	-6.3174953624e-07
2.56719408547e-10	-2.9748109398e-07
2.57959598926e-10	1.20088294864e-07
2.59199789306e-10	4.79040423329e-07
2.60439979685e-10	6.54663956823e-07
2.61680170064e-10	5.9599393154e-07
2.62920360444e-10	3.47225000752e-07
2.64160550823e-10	2.49748102199e-08
2.65400741203e-10	-2.35253285297e-07
2.66640931582e-10	-3.35773190585e-07
2.67881121962e-10	-2.50288600512e-07
2.69121312341e-10	-2.28369132493e-08
2.70361502721e-10	2.61332441909e-07
2.716016931e-10	5.14209695268e-07
2.7284188348e-10	6.74243807453e-07
2.74082073859e-10	7.16878133744e-07
2.75322264238e-10	6.48599751685e-07
2.76562454618e-10	4.93645380573e-07
2.77802644997e-10	2.82111173533e-07
2.79042835377e-10	4.37266054476e-08
2.80283025756e-10	-1.93607494481e-07
2.81523216136e-10	-4.03535423743e-07
2.82763406515e-10	-5.62040327168e-07
2.84003596895e-10	-6.5029173868e-07
2.85243787274e-10	-6.58658173336e-07
2.86483977653e-10	-5.90235842424e-07
2.87724168033e-10	-4.61591895373e-07
2.88964358412e-10	-2.99481804689e-07
2.90204548792e-10	-1.33900531551e-07
2.91444739171e-10	1.01238835093e-08
2.92684929551e-10	1.18541992222e-07
2.9392511993e-10	1.89277669094e-07
2.9516531031e-10	2.28350110376e-07
2.96405500689e-10	2.44383453918e-07
2.97645691069e-10	2.45076034133e-07
2.98885881448e-10	2.3726463283e-07
3.00126071827e-10	2.2858901616e-07
3.01366262207e-10	2.27439993949e-07
3.02606452586e-10	2.38919177775e-07
3.03846642966e-10	2.58479879278e-07
3.05086833345e-10	2.68632831535e-07
3.06327023725e-10	2.43598844207e-07
3.07567214104e-10	1.62119730973e-07
3.08807404484e-10	2.24624281397e-08
3.10047594863e-10	-1.496264872e-07
3.11287785243e-10	-3.06928704674e-07
3.12527975622e-10	-3.99960384811e-07
3.13768166001e-10	-4.00174123172e-07
3.15008356381e-10	-3.14787786948e-07
3.1624854676e-10	-1.84489390875e-07
3.1748873714e-10	-6.43159037139e-08
3.18728927519e-10	2.73273653706e-09
3.19969117899e-10	5.35288063874e-09
3.21209308278e-10	-3.32743672615e-08
3.22449498658e-10	-7.03420512949e-08
3.23689689037e-10	-6.76492541984e-08
3.24929879416e-10	-1.23414916064e-08
3.26170069796e-10	7.6296132967e-08
3.27410260175e-10	1.56773158011e-07
3.28650450555e-10	1.86322797191e-07
3.29890640934e-10	1.4228367462e-07
3.31130831314e-10	3.38143739675e-08
3.32371021693e-10	-1.01316066647e-07
3.33611212073e-10	-2.13166760687e-07
3.34851402452e-10	-2.61509924826e-07
3.36091592832e-10	-2.33257086535e-07
3.37331783211e-10	-1.47502994707e-07
3.3857197359e-10	-4.58403066617e-08
3.3981216397e-10	2.77723657405e-08
3.41052354349e-10	4.80698849614e-08
3.42292544729e-10	2.01874761352e-08
3.43532735108e-10	-2.3714771924e-08
3.44772925488e-10	-4.13765328666e-08
3.46013115867e-10	-2.67604505222e-09
3.47253306247e-10	9.39323623328e-08
3.48493496626e-10	2.18954433251e-07
3.49733687006e-10	3.24373832683e-07
3.50973877385e-10	3.65077923448e-07
3.52214067764e-10	3.18879109784e-07
3.53454258144e-10	1.96279961173e-07
3.54694448523e-10	3.62619605454e-08
3.55934638903e-10	-1.09362503053e-07
3.57174829282e-10	-1.95988013374e-07
3.58415019662e-10	-2.02746900158e-07
3.59655210041e-10	-1.39431421076e-07
3.60895400421e-10	-4.1676471163e-08
3.621355908e-10	4.34293423446e-08
3.6337578118e-10	7.61717613429e-08
3.64615971559e-10	4.04402351606e-08
3.65856161938e-10	-4.91820579818e-08
3.67096352318e-10	-1.52936323161e-07
3.68336542697e-10	-2.2287176904e-07
3.69576733077e-10	-2.24656528047e-07
3.70816923456e-10	-1.54675376507e-07
3.72057113836e-10	-4.3590737242e-08
3.73297304215e-10	5.67848470467e-08
3.74537494595e-10	9.83348513728e-08
3.75777684974e-10	6.17721989116e-08
3.77017875353e-10	-3.07730112503e-08
3.78258065733e-10	-1.23471297186e-07
3.79498256112e-10	-1.52676117082e-07
3.80738446492e-10	-7.88519107786e-08
3.81978636871e-10	9.12254733976e-08
3.83218827251e-10	3.0365621484e-07
3.8445901763e-10	4.7926755542e-07
3.8569920801e-10	5.48062914163e-07
3.86939398389e-10	4.80013071069e-07
3.88179588769e-10	2.97726977294e-07
3.89419779148e-10	6.57268737214e-08
3.90659969527e-10	-1.37805841405e-07
3.91900159907e-10	-2.5339430465e-07
3.93140350286e-10	-2.62266830475e-07
3.94380540666e-10	-1.89575148468e-07
3.95620731045e-10	-8.92262859153e-08
3.96860921425e-10	-1.8420055925e-08
3.98101111804e-10	-1.33188727824e-08
3.99341302184e-10	-7.56773577137e-08
4.00581492563e-10	-1.74855061985e-07
4.01821682943e-10	-2.63236085374e-07
4.03061873322e-10	-2.97745707201e-07
4.04302063701e-10	-2.58279847287e-07
4.05542254081e-10	-1.55315918349e-07
4.0678244446e-10	-2.37700223948e-08
4.0802263484e-10	9.37733677375e-08
4.09262825219e-10	1.66429451554e-07
4.10503015599e-10	1.8770188781e-07
4.11743205978e-10	1.75564949245e-07
4.12983396358e-10	1.60110189995e-07
4.14223586737e-10	1.65386474293e-07
4.15463777117e-10	1.94973448941e-07
4.16703967496e-10	2.29276245989e-07
4.17944157875e-10	2.35996939324e-07
4.19184348255e-10	1.88493929798e-07
4.20424538634e-10	8.24320531834e-08
4.21664729014e-10	-5.80049004384e-08
4.22904919393e-10	-1.87838733012e-07
4.24145109773e-10	-2.59799630697e-07
4.25385300152e-10	-2.44963633378e-07
4.26625490532e-10	-1.46258678058e-07
4.27865680911e-10	1.25495436265e-09
4.2910587129e-10	1.43528509966e-07
4.3034606167e-10	2.28438327809e-07
4.31586252049e-10	2.25717869284e-07
4.32826442429e-10	1.3774501717e-07
4.34066632808e-10	-2.71945732599e-09
4.35306823188e-10	-1.46568934767e-07
4.36547013567e-10	-2.48036084116e-07
4.37787203947e-10	-2.81643636413e-07
4.39027394326e-10	-2.49488930848e-07
4.40267584706e-10	-1.76382265238e-07
4.41507775085e-10	-9.59110755261e-08
4.42747965464e-10	-3.41915744606e-08
4.43988155844e-10	8.66210936312e-10
4.45228346223e-10	2.02054730725e-08
4.46468536603e-10	4.45072307897e-08
4.47708726982e-10	9.04022385839e-08
4.48948917362e-10	1.59075238315e-07
4.50189107741e-10	2.32956445245e-07
4.51429298121e-10	2.82310381294e-07
4.526694885e-10	2.78573509149e-07
4.5390967888e-10	2.08260896528e-07
4.55149869259e-10	8.09862168438e-08
4.56390059638e-10	-7.20785386932e-08
4.57630250018e-10	-2.09000457829e-07
4.58870440397e-10	-2.92561498583e-07
4.60110630777e-10	-3.03877584429e-07
4.61350821156e-10	-2.48501301314e-07
4.62591011536e-10	-1.52572360079e-07
4.63831201915e-10	-5.09137052518e-08
4.65071392295e-10	2.75083817947e-08
4.66311582674e-10	7.03268003832e-08
4.67551773054e-10	8.4031098524e-08
4.68791963433e-10	8.71908838462e-08
4.70032153812e-10	9.83550947353e-08
4.71272344192e-10	1.24800633827e-07
4.72512534571e-10	1.57715451365e-07
4.73752724951e-10	1.76135408481e-07
4.7499291533e-10	1.57712193527e-07
4.7623310571e-10	9.11543480697e-08
4.77473296089e-10	-1.58593358446e-08
4.78713486469e-10	-1.37398004085e-07
4.79953676848e-10	-2.38550803999e-07
4.81193867227e-10	-2.89380643892e-07
4.82434057607e-10	-2.77133505477e-07
4.83674247986e-10	-2.11228027069e-07
4.84914438366e-10	-1.18544898342e-07
4.86154628745e-10	-3.10575258844e-08
4.87394819125e-10	2.85114905019e-08
4.88635009504e-10	5.62749411515e-08
4.89875199884e-10	6.72255655587e-08
4.91115390263e-10	8.55813997447e-08
4.92355580643e-10	1.30058532832e-07
4.93595771022e-10	2.01377494236e-07
4.94835961401e-10	2.78519387109e-07
4.96076151781e-10	3.26060590083e-07
4.9731634216e-10	3.09873470883e-07
4.9855653254e-10	2.14036766977e-07
4.99796722919e-10	5.11059026209e-08
5.01036913299e-10	-1.39286276735e-07
5.02277103678e-10	-3.03506570987e-07
5.03517294058e-10	-3.93221412764e-07
5.04757484437e-10	-3.83103675006e-07
5.05997674817e-10	-2.79472875064e-07
5.07237865196e-10	-1.1680330303e-07
5.08478055575e-10	5.57571819826e-08
5.09718245955e-10	1.91929849791e-07
5.10958436334e-10	2.6258269159e-07
5.12198626714e-10	2.61778236421e-07
5.13438817093e-10	2.03359764583e-07
5.14679007473e-10	1.11383664958e-07
5.15919197852e-10	9.76030689603e-09
5.17159388232e-10	-8.44258307708e-08
5.18399578611e-10	-1.61885230554e-07
5.19639768991e-10	-2.17844824846e-07
5.2087995937e-10	-2.47939407672e-07
5.22120149749e-10	-2.46618775179e-07
5.23360340129e-10	-2.09183642852e-07
5.24600530508e-10	-1.3586086034e-07
5.25840720888e-10	-3.50745508193e-08
5.27080911267e-10	7.66523129414e-08
5.28321101647e-10	1.78655986005e-07
5.29561292026e-10	2.52234254816e-07
5.30801482406e-10	2.85949987244e-07
5.32041672785e-10	2.77994256948e-07
5.33281863164e-10	2.34952327816e-07
5.34522053544e-10	1.68099521858e-07
5.35762243923e-10	8.94217651037e-08
5.37002434303e-10	8.78508821245e-09
5.38242624682e-10	-6.70496254074e-08
5.39482815062e-10	-1.33992895002e-07
5.40723005441e-10	-1.89312329368e-07
5.41963195821e-10	-2.30062941142e-07
5.432033862e-10	-2.52039054516e-07
5.4444357658e-10	-2.4961515166e-07
5.45683766959e-10	-2.17041112194e-07
5.46923957338e-10	-1.51190084452e-07
5.48164147718e-10	-5.50028653734e-08
5.49404338097e-10	6.00286238495e-08
5.50644528477e-10	1.74095612593e-07
5.51884718856e-10	2.62840664789e-07
5.53124909236e-10	3.04209201829e-07
5.54365099615e-10	2.85854344639e-07
5.55605289995e-10	2.10230739484e-07
5.56845480374e-10	9.49593896848e-08
5.58085670754e-10	-3.20173469959e-08
5.59325861133e-10	-1.40916380786e-07
5.60566051512e-10	-2.09159331632e-07
5.61806241892e-10	-2.2742520045e-07
5.63046432271e-10	-2.00831539843e-07
5.64286622651e-10	-1.44938889335e-07
5.6552681303e-10	-7.85873943698e-08
5.6676700341e-10	-1.67587521638e-08
5.68007193789e-10	3.35433854026e-08
5.69247384169e-10	7.29856335369e-08
5.70487574548e-10	1.05981265541e-07
5.71727764927e-10	1.35365024079e-07
5.72967955307e-10	1.58770991021e-07
5.74208145686e-10	1.68802047895e-07
5.75448336066e-10	1.56923734451e-07
5.76688526445e-10	1.18872225841e-07
5.77928716825e-10	5.85698058941e-08
5.79168907204e-10	-1.19217775651e-08
5.80409097584e-10	-7.67603864915e-08
5.81649287963e-10	-1.2276878536e-07
5.82889478343e-10	-1.4449297403e-07
5.84129668722e-10	-1.45127323492e-07
5.85369859101e-10	-1.32934451003e-07
5.86610049481e-10	-1.15224091601e-07
5.8785023986e-10	-9.36568964605e-08
5.8909043024e-10	-6.38012371823e-08
5.90330620619e-10	-1.92874751725e-08
5.91570810999e-10	4.18487959841e-08
5.92811001378e-10	1.12364929805e-07
5.94051191758e-10	1.75688755988e-07
5.95291382137e-10	2.11218971202e-07
5.96531572517e-10	2.02690960904e-07
5.97771762896e-10	1.45798431106e-07
5.99011953275e-10	5.15257863043e-08
6.00252143655e-10	-5.63747306614e-08
6.01492334034e-10	-1.48889698792e-07
6.02732524414e-10	-2.01224237273e-07
6.03972714793e-10	-2.00705642328e-07
6.05212905173e-10	-1.50366791019e-07
6.06453095552e-10	-6.71492346171e-08
6.07693285932e-10	2.44572038177e-08
6.08933476311e-10	1.00825599425e-07
6.10173666691e-10	1.46518381428e-07
6.1141385707e-10	1.58091252089e-07
6.12654047449e-10	1.43063486391e-07
6.13894237829e-10	1.14878249136e-07
6.15134428208e-10	8.61436486588e-08
6.16374618588e-10	6.32561496516e-08
6.17614808967e-10	4.45283281358e-08
6.18854999347e-10	2.24674137073e-08
6.20095189726e-10	-1.08434299317e-08
6.21335380106e-10	-5.81287853407e-08
6.22575570485e-10	-1.13612138364e-07
6.23815760864e-10	-1.63745113468e-07
6.25055951244e-10	-1.91768348756e-07
6.26296141623e-10	-1.84405385184e-07
6.27536332003e-10	-1.37911714049e-07
6.28776522382e-10	-6.06949610571e-08
6.30016712762e-10	2.85894765639e-08
6.31256903141e-10	1.07113823589e-07
6.32497093521e-10	1.55819469327e-07
6.337372839e-10	1.66028328863e-07
6.3497747428e-10	1.41925253772e-07
6.36217664659e-10	9.78452030509e-08
6.37457855038e-10	5.15856375394e-08
6.38698045418e-10	1.66523823619e-08
6.39938235797e-10	-2.94331709005e-09
6.41178426177e-10	-1.29339012833e-08
6.42418616556e-10	-2.41373609988e-08
6.43658806936e-10	-4.52924768801e-08
6.44898997315e-10	-7.70914860837e-08
6.46139187695e-10	-1.10591267699e-07
6.47379378074e-10	-1.31036253848e-07
6.48619568454e-10	-1.25157834319e-07
6.49859758833e-10	-8.82424036064e-08
6.51099949212e-10	-2.73598854683e-08
6.52340139592e-10	4.10121128169e-08
6.53580329971e-10	9.77769554211e-08
6.54820520351e-10	1.28995718995e-07
6.5606071073e-10	1.30700772871e-07
6.5730090111e-10	1.08707599367e-07
6.58541091489e-10	7.39594900878e-08
6.59781281869e-10	3.6277544524e-08
6.61021472248e-10	2.44189030107e-10
6.62261662628e-10	-3.47350792573e-08
6.63501853007e-10	-7.06507155002e-08
6.64742043386e-10	-1.06258283061e-07
6.65982233766e-10	-1.34725835821e-07
6.67222424145e-10	-1.45446836797e-07
6.68462614525e-10	-1.29291807482e-07
6.69702804904e-10	-8.43278371576e-08
6.70942995284e-10	-1.88130915291e-08
6.72183185663e-10	5.05267250261e-08
6.73423376043e-10	1.04252228184e-07
6.74663566422e-10	1.27513025916e-07
6.75903756801e-10	1.15459531713e-07
6.77143947181e-10	7.44811190501e-08
6.7838413756e-10	1.9175098398e-08
6.7962432794e-10	-3.34350271913e-08
6.80864518319e-10	-6.97774993341e-08
6.82104708699e-10	-8.35927309595e-08
6.83344899078e-10	-7.66743957215e-08
6.84585089458e-10	-5.68379308064e-08
6.85825279837e-10	-3.43174080264e-08
6.87065470217e-10	-1.79047259241e-08
6.88305660596e-10	-1.21124076324e-08
6.89545850975e-10	-1.60209718825e-08
6.90786041355e-10	-2.38996371582e-08
6.92026231734e-10	-2.74092344377e-08
6.93266422114e-10	-1.86889048681e-08
6.94506612493e-10	6.4929251975e-09
6.95746802873e-10	4.65747298506e-08
6.96986993252e-10	9.37747550722e-08
6.98227183632e-10	1.35682943991e-07
6.99467374011e-10	1.58729498878e-07
7.00707564391e-10	1.52421860022e-07
7.0194775477e-10	1.13160604442e-07
7.03187945149e-10	4.62024329906e-08
7.04428135529e-10	-3.50554474338e-08
7.05668325908e-10	-1.12538716124e-07
7.06908516288e-10	-1.68799537903e-07
7.08148706667e-10	-1.92209961725e-07
7.09388897047e-10	-1.801831786e-07
7.10629087426e-10	-1.38999579846e-07
7.11869277806e-10	-8.0564762861e-08
7.13109468185e-10	-1.75912870937e-08
7.14349658565e-10	4.03561601914e-08
7.15589848944e-10	8.8070769344e-08
7.16830039323e-10	1.23082202208e-07
7.18070229703e-10	1.42684930537e-07
7.19310420082e-10	1.42336871178e-07
7.20550610462e-10	1.17016710988e-07
7.21790800841e-10	6.53731921929e-08
7.23030991221e-10	-5.89644799653e-09
7.242711816e-10	-8.07063615937e-08
7.2551137198e-10	-1.37174946957e-07
7.26751562359e-10	-1.55504190857e-07
7.27991752738e-10	-1.26618546759e-07
7.29231943118e-10	-5.73442582308e-08
7.30472133497e-10	3.09481706928e-08
7.31712323877e-10	1.10088988592e-07
7.32952514256e-10	1.55964535509e-07
7.34192704636e-10	1.57742599427e-07
7.35432895015e-10	1.21281631849e-07
7.36673085395e-10	6.54677174694e-08
7.37913275774e-10	1.33248708734e-08
7.39153466154e-10	-1.78216132962e-08
7.40393656533e-10	-2.27343828207e-08
7.41633846912e-10	-8.71570982053e-09
7.42874037292e-10	9.63364044093e-09
7.44114227671e-10	1.81845523084e-08
7.45354418051e-10	9.74638558748e-09
7.4659460843e-10	-1.36633764303e-08
7.4783479881e-10	-4.3198224553e-08
7.49074989189e-10	-6.8227410388e-08
7.50315179569e-10	-8.12096709879e-08
7.51555369948e-10	-7.98334474084e-08
7.52795560328e-10	-6.61766197396e-08
7.54035750707e-10	-4.41520420225e-08
7.55275941086e-10	-1.71770961899e-08
7.56516131466e-10	1.24214231123e-08
7.57756321845e-10	4.24958028766e-08
7.58996512225e-10	6.95959005981e-08
7.60236702604e-10	8.85676421092e-08
7.61476892984e-10	9.37269319934e-08
7.62717083363e-10	8.12185456667e-08
7.63957273743e-10	5.1414376756e-08
7.65197464122e-10	9.86601045305e-09
7.66437654502e-10	-3.36573671156e-08
7.67677844881e-10	-6.79555309802e-08
7.6891803526e-10	-8.37325124792e-08
7.7015822564e-10	-7.6449705233e-08
7.71398416019e-10	-4.77120867259e-08
7.72638606399e-10	-4.77712547298e-09
7.73878796778e-10	4.13810230526e-08
7.75118987158e-10	7.89790401967e-08
7.76359177537e-10	9.83640067176e-08
7.77599367917e-10	9.44837506012e-08
7.78839558296e-10	6.82309915234e-08
7.80079748675e-10	2.6373293327e-08
7.81319939055e-10	-1.99868628314e-08
7.82560129434e-10	-5.8379296064e-08
7.83800319814e-10	-7.85556961702e-08
7.85040510193e-10	-7.57754134995e-08
7.86280700573e-10	-5.25417171993e-08
7.87520890952e-10	-1.80277288653e-08
7.88761081332e-10	1.48886825091e-08
7.90001271711e-10	3.41063159937e-08
7.91241462091e-10	3.25424975856e-08
7.9248165247e-10	1.06274430367e-08
7.93721842849e-10	-2.40021575948e-08
7.94962033229e-10	-5.94313345204e-08
7.96202223608e-10	-8.38156539729e-08
7.97442413988e-10	-8.94460647771e-08
7.98682604367e-10	-7.50145678907e-08
7.99922794747e-10	-4.55170412472e-08
8.01162985126e-10	-9.95596038944e-09
8.02403175506e-10	2.20437950116e-08
8.03643365885e-10	4.33839124625e-08
8.04883556265e-10	5.13669577984e-08
8.06123746644e-10	4.77279793465e-08
8.07363937023e-10	3.71184745163e-08
8.08604127403e-10	2.47390139485e-08
8.09844317782e-10	1.43364335958e-08
8.11084508162e-10	7.37837102527e-09
8.12324698541e-10	3.50198692267e-09
8.13564888921e-10	1.80853865217e-09
8.148050793e-10	1.93328723863e-09
8.1604526968e-10	4.2064562944e-09
8.17285460059e-10	8.73572469917e-09
8.18525650439e-10	1.4204352361e-08
8.19765840818e-10	1.74151499888e-08
8.21006031197e-10	1.41788061292e-08
8.22246221577e-10	1.45315812161e-09
8.23486411956e-10	-2.04026240347e-08
8.24726602336e-10	-4.6542066201e-08
8.25966792715e-10	-6.86428300867e-08
8.27206983095e-10	-7.77973543364e-08
8.28447173474e-10	-6.81446969963e-08
8.29687363854e-10	-3.97360011561e-08
8.30927554233e-10	6.98900493035e-10
8.32167744612e-10	4.14673198001e-08
8.33407934992e-10	6.963268806e-08
8.34648125371e-10	7.53787468e-08
8.35888315751e-10	5.54738370795e-08
8.3712850613e-10	1.46256640132e-08
8.3836869651e-10	-3.58067295814e-08
8.39608886889e-10	-8.13046385773e-08
8.40849077269e-10	-1.08652573161e-07
8.42089267648e-10	-1.09839938034e-07
8.43329458028e-10	-8.41189020662e-08
8.44569648407e-10	-3.77130922047e-08
8.45809838786e-10	1.85134378938e-08
8.47050029166e-10	7.23976114614e-08
8.48290219545e-10	1.13586784423e-07
8.49530409925e-10	1.35575218607e-07
8.50770600304e-10	1.36296725017e-07
8.52010790684e-10	1.17580484016e-07
8.53250981063e-10	8.39833749211e-08
8.54491171443e-10	4.15778722562e-08
8.55731361822e-10	-3.05567926517e-09
8.56971552202e-10	-4.36359490763e-08
8.58211742581e-10	-7.48557980046e-08
8.5945193296e-10	-9.30523098575e-08
8.6069212334e-10	-9.67634177229e-08
8.61932313719e-10	-8.70034861933e-08
8.63172504099e-10	-6.69872806114e-08
8.64412694478e-10	-4.13225218487e-08
8.65652884858e-10	-1.48077297091e-08
8.66893075237e-10	8.84540618529e-09
8.68133265617e-10	2.78691434374e-08
8.69373455996e-10	4.25568731366e-08
8.70613646375e-10	5.44939648961e-08
8.71853836755e-10	6.51768301552e-08
8.73094027134e-10	7.45408295089e-08
8.74334217514e-10	8.01413362339e-08
8.75574407893e-10	7.76084352339e-08
8.76814598273e-10	6.23691374102e-08
8.78054788652e-10	3.2090246016e-08
8.79294979032e-10	-1.12112794604e-08
8.80535169411e-10	-6.05165118017e-08
8.81775359791e-10	-1.05119424276e-07
8.8301555017e-10	-1.33581213646e-07
8.84255740549e-10	-1.37220135699e-07
8.85495930929e-10	-1.12891932247e-07
8.86736121308e-10	-6.40342809888e-08
8.87976311688e-10	3.2568758801e-10
8.89216502067e-10	6.80078455773e-08
8.90456692447e-10	1.26597029748e-07
8.91696882826e-10	1.65897976245e-07
8.92937073206e-10	1.79419188839e-07
8.94177263585e-10	1.64843534378e-07
8.95417453965e-10	1.23934794871e-07
8.96657644344e-10	6.23261886545e-08
8.97897834723e-10	-1.08451333469e-08
8.99138025103e-10	-8.36922415814e-08
9.00378215482e-10	-1.43193030766e-07
9.01618405862e-10	-1.77743347152e-07
9.02858596241e-10	-1.80220526502e-07
9.04098786621e-10	-1.50367329255e-07
9.05338977e-10	-9.53048644448e-08
9.0657916738e-10	-2.76953842082e-08
9.07819357759e-10	3.80324158833e-08
9.09059548139e-10	8.99127314824e-08
9.10299738518e-10	1.21393066266e-07
9.11539928897e-10	1.31846201512e-07
9.12780119277e-10	1.24812775226e-07
9.14020309656e-10	1.05145330664e-07
9.15260500036e-10	7.66172316702e-08
9.16500690415e-10	4.11773219966e-08
9.17740880795e-10	-2.91420776399e-11
9.18981071174e-10	-4.48188042235e-08
9.20221261554e-10	-8.86346631646e-08
9.21461451933e-10	-1.24635151977e-07
9.22701642312e-10	-1.4538214721e-07
9.23941832692e-10	-1.45363561188e-07
9.25182023071e-10	-1.2312698594e-07
9.26422213451e-10	-8.19937753249e-08
9.2766240383e-10	-2.9072863228e-08
9.2890259421e-10	2.69187792057e-08
9.30142784589e-10	7.8028033812e-08
9.31382974969e-10	1.18556512163e-07
9.32623165348e-10	1.45153943976e-07
9.33863355728e-10	1.55841947347e-07
9.35103546107e-10	1.48897719043e-07
9.36343736486e-10	1.22580301465e-07
9.37583926866e-10	7.6222692158e-08
9.38824117245e-10	1.2248250858e-08
9.40064307625e-10	-6.21045854743e-08
9.41304498004e-10	-1.34697106802e-07
9.42544688384e-10	-1.90701177516e-07
9.43784878763e-10	-2.16671875108e-07
9.45025069143e-10	-2.04977681051e-07
9.46265259522e-10	-1.56656129846e-07
9.47505449902e-10	-8.14076965838e-08
9.48745640281e-10	5.30729904469e-09
9.4998583066e-10	8.67932712367e-08
9.5122602104e-10	1.49402229255e-07
9.52466211419e-10	1.84957132277e-07
9.53706401799e-10	1.90887115892e-07
9.54946592178e-10	1.68811148171e-07
9.56186782558e-10	1.2291420326e-07
9.57426972937e-10	5.91550337603e-08
9.58667163317e-10	-1.4587222319e-08
9.59907353696e-10	-8.81561428301e-08
9.61147544076e-10	-1.49730819743e-07
9.62387734455e-10	-1.87883220093e-07
9.63627924834e-10	-1.9465467993e-07
9.64868115214e-10	-1.68325696492e-07
9.66108305593e-10	-1.14462300971e-07
9.67348495973e-10	-4.45098260471e-08
9.68588686352e-10	2.76596781035e-08
9.69828876732e-10	8.97174539105e-08
9.71069067111e-10	1.33774834765e-07
9.72309257491e-10	1.57103333009e-07
9.7354944787e-10	1.60798025561e-07
9.74789638249e-10	1.4742733434e-07
9.76029828629e-10	1.19168582557e-07
9.77270019008e-10	7.75035076117e-08
9.78510209388e-10	2.44161175722e-08
9.79750399767e-10	-3.57676306351e-08
9.80990590147e-10	-9.53676106974e-08
9.82230780526e-10	-1.44122751067e-07
9.83470970906e-10	-1.7180485834e-07
9.84711161285e-10	-1.71600236243e-07
9.85951351665e-10	-1.42664681846e-07
9.87191542044e-10	-9.06609809448e-08
9.88431732423e-10	-2.59597752184e-08
9.89671922803e-10	3.95951209597e-08
9.90912113182e-10	9.58788914929e-08
9.92152303562e-10	1.36294662667e-07
9.93392493941e-10	1.57764434405e-07
9.94632684321e-10	1.59498958041e-07
9.958728747e-10	1.41671739229e-07
9.9711306508e-10	1.05080102841e-07
9.98353255459e-10	5.1979303084e-08
9.99593445839e-10	-1.25440675625e-08
1.00083363622e-09	-7.98002384172e-08
1.0020738266e-09	-1.38250666026e-07
1.00331401698e-09	-1.75915813472e-07
1.00455420736e-09	-1.83712787205e-07
1.00579439774e-09	-1.58367502223e-07
1.00703458812e-09	-1.03744654645e-07
1.00827477849e-09	-3.00629512395e-08
1.00951496887e-09	4.8721541468e-08
1.01075515925e-09	1.18347086797e-07
1.01199534963e-09	1.67370881599e-07
1.01323554001e-09	1.89099873538e-07
1.01447573039e-09	1.82077378952e-07
1.01571592077e-09	1.49404920435e-07
1.01695611115e-09	9.74364153805e-08
1.01819630153e-09	3.44492305793e-08
1.01943649191e-09	-3.05178398108e-08
1.02067668229e-09	-8.86406414935e-08
1.02191687267e-09	-1.32282576004e-07
1.02315706305e-09	-1.55964736237e-07
1.02439725343e-09	-1.57190864769e-07
1.02563744381e-09	-1.36836259657e-07
1.02687763419e-09	-9.88296777749e-08
1.02811782457e-09	-4.92658549511e-08
1.02935801495e-09	4.7916952628e-09
1.03059820532e-09	5.63270283749e-08
1.0318383957e-09	9.90318058669e-08
1.03307858608e-09	1.2765325863e-07
1.03431877646e-09	1.38288893226e-07
1.03555896684e-09	1.28940275346e-07
1.03679915722e-09	1.00211122955e-07
1.0380393476e-09	5.58614781099e-08
1.03927953798e-09	2.693852863e-09
1.04051972836e-09	-5.04837176507e-08
1.04175991874e-09	-9.46717513273e-08
1.04300010912e-09	-1.22710416051e-07
1.0442402995e-09	-1.30770462903e-07
1.04548048988e-09	-1.18844665664e-07
1.04672068026e-09	-9.01331729253e-08
1.04796087064e-09	-4.97637344665e-08
1.04920106102e-09	-3.46927719885e-09
1.0504412514e-09	4.32418651997e-08
1.05168144178e-09	8.52754800107e-08
1.05292163215e-09	1.17795449839e-07
1.05416182253e-09	1.36170132947e-07
1.05540201291e-09	1.36473772727e-07
1.05664220329e-09	1.16545132656e-07
1.05788239367e-09	7.72316148812e-08
1.05912258405e-09	2.32039438774e-08
1.06036277443e-09	-3.72521271608e-08
1.06160296481e-09	-9.36446395983e-08
1.06284315519e-09	-1.35625889186e-07
1.06408334557e-09	-1.55533234292e-07
1.06532353595e-09	-1.50312699176e-07
1.06656372633e-09	-1.22199267594e-07
1.06780391671e-09	-7.78891289244e-08
1.06904410709e-09	-2.65522017706e-08
1.07028429747e-09	2.26319354368e-08
1.07152448785e-09	6.25439930957e-08
1.07276467823e-09	8.92031986055e-08
1.07400486861e-09	1.01617497528e-07
1.07524505899e-09	1.00732592934e-07
1.07648524936e-09	8.81867947555e-08
1.07772543974e-09	6.55363621149e-08
1.07896563012e-09	3.43685009341e-08
1.0802058205e-09	-2.90357127231e-09
1.08144601088e-09	-4.21218082636e-08
1.08268620126e-09	-7.71646950781e-08
1.08392639164e-09	-1.00896089705e-07
1.08516658202e-09	-1.07143318218e-07
1.0864067724e-09	-9.30201231597e-08
1.08764696278e-09	-6.05065517689e-08
1.08888715316e-09	-1.64378040068e-08
1.09012734354e-09	2.93576132293e-08
1.09136753392e-09	6.70925981439e-08
1.0926077243e-09	9.00168615203e-08
1.09384791468e-09	9.61139381417e-08
1.09508810506e-09	8.78182122577e-08
1.09632829544e-09	7.00791868979e-08
1.09756848582e-09	4.78137245352e-08
1.09880867619e-09	2.40607880286e-08
1.10004886657e-09	-3.87627235865e-10
1.10128905695e-09	-2.58726020608e-08
1.10252924733e-09	-5.20700425e-08
1.10376943771e-09	-7.664627244e-08
1.10500962809e-09	-9.51501171187e-08
1.10624981847e-09	-1.02312723627e-07
1.10749000885e-09	-9.4159177344e-08
1.10873019923e-09	-6.99959770145e-08
1.10997038961e-09	-3.33195369073e-08
1.11121057999e-09	8.81511053041e-09
1.11245077037e-09	4.77327977144e-08
1.11369096075e-09	7.56808065105e-08
1.11493115113e-09	8.79904966666e-08
1.11617134151e-09	8.40891134501e-08
1.11741153189e-09	6.71128326246e-08
1.11865172227e-09	4.24299217983e-08
1.11989191265e-09	1.57860511329e-08
1.12113210302e-09	-8.22282686386e-09
1.1223722934e-09	-2.68346806997e-08
1.12361248378e-09	-3.89712768722e-08
1.12485267416e-09	-4.45799828164e-08
1.12609286454e-09	-4.39155720677e-08
1.12733305492e-09	-3.71713784197e-08
1.1285732453e-09	-2.45626636808e-08
1.12981343568e-09	-6.84340140111e-09
1.13105362606e-09	1.41783595975e-08
1.13229381644e-09	3.54234370725e-08
1.13353400682e-09	5.28977222025e-08
1.1347741972e-09	6.26533536163e-08
1.13601438758e-09	6.19908240296e-08
1.13725457796e-09	5.04828041592e-08
1.13849476834e-09	3.02627176652e-08
1.13973495872e-09	5.50719825299e-09
1.1409751491e-09	-1.8809372726e-08
1.14221533948e-09	-3.83411564719e-08
1.14345552985e-09	-5.04282793301e-08
1.14469572023e-09	-5.44605338604e-08
1.14593591061e-09	-5.14805731378e-08
1.14717610099e-09	-4.34049751696e-08
1.14841629137e-09	-3.21666320247e-08
1.14965648175e-09	-1.92306994773e-08
1.15089667213e-09	-5.55452256412e-09
1.15213686251e-09	8.12724754162e-09
1.15337705289e-09	2.09099058068e-08
1.15461724327e-09	3.15328074763e-08
1.15585743365e-09	3.84799498931e-08
1.15709762403e-09	4.04237470164e-08
1.15833781441e-09	3.67626897813e-08
1.15957800479e-09	2.80135932229e-08
1.16081819517e-09	1.58508914883e-08
1.16205838555e-09	2.6946421483e-09
1.16329857593e-09	-8.93051077533e-09
1.16453876631e-09	-1.70473977157e-08
1.16577895669e-09	-2.05900161365e-08
1.16701914706e-09	-1.94237428364e-08
1.16825933744e-09	-1.41510114737e-08
1.16949952782e-09	-5.85414328125e-09
1.1707397182e-09	4.01354194324e-09
1.17197990858e-09	1.36943174578e-08
1.17322009896e-09	2.12477282435e-08
1.17446028934e-09	2.48948479609e-08
1.17570047972e-09	2.35512926938e-08
1.1769406701e-09	1.72696512646e-08
1.17818086048e-09	7.36936167645e-09
1.17942105086e-09	-3.98771149435e-09
1.18066124124e-09	-1.44973155702e-08
1.18190143162e-09	-2.24293379425e-08
1.183141622e-09	-2.69839688372e-08
1.18438181238e-09	-2.81488734544e-08
1.18562200276e-09	-2.63119634969e-08
1.18686219314e-09	-2.18563682708e-08
1.18810238352e-09	-1.5125088515e-08
1.18934257389e-09	-6.64838528674e-09
1.19058276427e-09	2.52937717993e-09
1.19182295465e-09	1.07490085721e-08
1.19306314503e-09	1.60941284744e-08
1.19430333541e-09	1.70429352853e-08
1.19554352579e-09	1.32109010398e-08
1.19678371617e-09	5.68221747432e-09
1.19802390655e-09	-3.19164394913e-09
1.19926409693e-09	-1.05642364856e-08
1.20050428731e-09	-1.41254761221e-08
1.20174447769e-09	-1.29090209633e-08
1.20298466807e-09	-7.61492491286e-09
1.20422485845e-09	-2.27706523775e-10
1.20546504883e-09	6.78794431774e-09
1.20670523921e-09	1.14405563911e-08
1.20794542959e-09	1.28830914825e-08
1.20918561997e-09	1.15299095826e-08
1.21042581035e-09	8.7017701933e-09
1.21166600072e-09	5.92297944024e-09
1.2129061911e-09	4.28065849434e-09
1.21414638148e-09	4.00567673475e-09
1.21538657186e-09	4.45543052452e-09
1.21662676224e-09	4.44670478217e-09
1.21786695262e-09	2.74286707236e-09
1.219107143e-09	-1.40168004981e-09
1.22034733338e-09	-7.90720089405e-09
1.22158752376e-09	-1.57483988072e-08
1.22282771414e-09	-2.3146704109e-08
1.22406790452e-09	-2.80042224965e-08
1.2253080949e-09	-2.84680612417e-08
1.22654828528e-09	-2.35712001029e-08
1.22778847566e-09	-1.36680977647e-08
1.22902866604e-09	-5.84564757711e-10
1.23026885642e-09	1.27260538774e-08
1.2315090468e-09	2.29424677034e-08
1.23274923718e-09	2.73703593123e-08
1.23398942756e-09	2.48658151847e-08
1.23522961793e-09	1.62257136616e-08
1.23646980831e-09	3.97052435375e-09
1.23770999869e-09	-8.53053783167e-09
1.23895018907e-09	-1.81851951275e-08
1.24019037945e-09	-2.31131433992e-08
1.24143056983e-09	-2.30333858653e-08
1.24267076021e-09	-1.8943724811e-08
1.24391095059e-09	-1.24194095008e-08
1.24515114097e-09	-4.81533035668e-09
1.24639133135e-09	3.13219605808e-09
1.24763152173e-09	1.11853585283e-08
1.24887171211e-09	1.91097493385e-08
1.25011190249e-09	2.61273731539e-08
1.25135209287e-09	3.07770227082e-08
1.25259228325e-09	3.12918331247e-08
1.25383247363e-09	2.64872643818e-08
1.25507266401e-09	1.66280660352e-08
1.25631285439e-09	3.77506625959e-09
1.25755304476e-09	-8.69188077068e-09
1.25879323514e-09	-1.73470307008e-08
1.26003342552e-09	-2.01694991819e-08
1.2612736159e-09	-1.75131806834e-08
1.26251380628e-09	-1.19518082098e-08
1.26375399666e-09	-7.05339209262e-09
1.26499418704e-09	-5.61882096406e-09
1.26623437742e-09	-8.2278573954e-09
1.2674745678e-09	-1.29233151958e-08
1.26871475818e-09	-1.61522015762e-08
1.26995494856e-09	-1.45669085683e-08
1.27119513894e-09	-6.73972810894e-09
1.27243532932e-09	5.97232530097e-09
1.2736755197e-09	1.98186485001e-08
1.27491571008e-09	3.01245131062e-08
1.27615590046e-09	3.30932876658e-08
1.27739609084e-09	2.72559144143e-08
1.27863628122e-09	1.39796330068e-08
1.27987647159e-09	-3.04917019411e-09
1.28111666197e-09	-1.91255391524e-08
1.28235685235e-09	-3.00712055257e-08
1.28359704273e-09	-3.34255161327e-08
1.28483723311e-09	-2.89938544284e-08
1.28607742349e-09	-1.85688864285e-08
1.28731761387e-09	-5.07834985175e-09
1.28855780425e-09	8.47878212085e-09
1.28979799463e-09	1.98720151445e-08
1.29103818501e-09	2.79849268203e-08
1.29227837539e-09	3.26649267635e-08
1.29351856577e-09	3.418936112e-08
1.29475875615e-09	3.27589386728e-08
1.29599894653e-09	2.82629408765e-08
1.29723913691e-09	2.04533883164e-08
1.29847932729e-09	9.43396871733e-09
1.29971951767e-09	-3.83967635464e-09
1.30095970805e-09	-1.73471736975e-08
1.30219989842e-09	-2.83600436468e-08
1.3034400888e-09	-3.42449082424e-08
1.30468027918e-09	-3.34771468324e-08
1.30592046956e-09	-2.64075850076e-08
1.30716065994e-09	-1.53545716142e-08
1.30840085032e-09	-3.89324722461e-09
1.3096410407e-09	4.45505426994e-09
1.31088123108e-09	7.58317009186e-09
1.31212142146e-09	5.64942603809e-09
1.31336161184e-09	9.5144453427e-10
1.31460180222e-09	-3.16861720195e-09
1.3158419926e-09	-3.90352566937e-09
1.31708218298e-09	-3.35167414656e-10
1.31832237336e-09	6.08474098884e-09
1.31956256374e-09	1.21777308237e-08
1.32080275412e-09	1.45397802687e-08
1.3220429445e-09	1.11659961277e-08
1.32328313488e-09	2.4600597115e-09
1.32452332526e-09	-8.80407768911e-09
1.32576351563e-09	-1.85329700475e-08
1.32700370601e-09	-2.28975187699e-08
1.32824389639e-09	-1.97733953655e-08
1.32948408677e-09	-9.48483225294e-09
1.33072427715e-09	5.34822935938e-09
1.33196446753e-09	2.07386092743e-08
1.33320465791e-09	3.26653117888e-08
1.33444484829e-09	3.82927298759e-08
1.33568503867e-09	3.66722940903e-08
1.33692522905e-09	2.8753582626e-08
1.33816541943e-09	1.67800746631e-08
1.33940560981e-09	3.37528632821e-09
1.34064580019e-09	-9.27082755009e-09
1.34188599057e-09	-1.97965668303e-08
1.34312618095e-09	-2.75983476072e-08
1.34436637133e-09	-3.24574465083e-08
1.34560656171e-09	-3.4156302231e-08
1.34684675209e-09	-3.23580224837e-08
1.34808694246e-09	-2.68363460343e-08
1.34932713284e-09	-1.7895779969e-08
1.35056732322e-09	-6.71572331079e-09
1.3518075136e-09	4.61876092928e-09
1.35304770398e-09	1.35451971861e-08
1.35428789436e-09	1.77953871638e-08
1.35552808474e-09	1.62495179534e-08
1.35676827512e-09	9.49524137095e-09
1.3580084655e-09	-1.75727959961e-10
1.35924865588e-09	-9.43177813628e-09
1.36048884626e-09	-1.50457948322e-08
1.36172903664e-09	-1.50649315245e-08
1.36296922702e-09	-9.54641909967e-09
1.3642094174e-09	-4.96324120691e-10
1.36544960778e-09	8.96234886305e-09
1.36668979816e-09	1.58782773596e-08
1.36792998854e-09	1.8625524234e-08
1.36917017892e-09	1.74372658535e-08
1.37041036929e-09	1.41110203522e-08
1.37165055967e-09	1.10304516632e-08
1.37289075005e-09	1.00028119121e-08
1.37413094043e-09	1.14061945444e-08
1.37537113081e-09	1.40529994308e-08
1.37661132119e-09	1.57553858848e-08
1.37785151157e-09	1.43356535531e-08
1.37909170195e-09	8.61768689742e-09
1.38033189233e-09	-1.02867517282e-09
1.38157208271e-09	-1.27491481816e-08
1.38281227309e-09	-2.38495430072e-08
1.38405246347e-09	-3.16892392327e-08
1.38529265385e-09	-3.4509846536e-08
1.38653284423e-09	-3.18778816677e-08
1.38777303461e-09	-2.46603395482e-08
1.38901322499e-09	-1.46293877012e-08
1.39025341537e-09	-3.88483961666e-09
1.39149360575e-09	5.65225732885e-09
1.39273379612e-09	1.25744447077e-08
1.3939739865e-09	1.6109199974e-08
1.39521417688e-09	1.60878010913e-08
1.39645436726e-09	1.28349807449e-08
1.39769455764e-09	7.03779867717e-09
1.39893474802e-09	-3.45165521165e-10
1.4001749384e-09	-8.14959932871e-09
1.40141512878e-09	-1.50355274897e-08
1.40265531916e-09	-1.95308522688e-08
1.40389550954e-09	-2.01805490097e-08
1.40513569992e-09	-1.58523700833e-08
1.4063758903e-09	-6.19319939776e-09
1.40761608068e-09	7.94063892418e-09
1.40885627106e-09	2.42887812085e-08
1.41009646144e-09	3.94803958415e-08
1.41133665182e-09	4.98468120114e-08
1.4125768422e-09	5.25070875668e-08
1.41381703258e-09	4.63427372033e-08
1.41505722296e-09	3.24222892978e-08
1.41629741333e-09	1.37105700126e-08
1.41753760371e-09	-5.87651471928e-09
1.41877779409e-09	-2.26520298074e-08
1.42001798447e-09	-3.41338957099e-08
1.42125817485e-09	-3.95097745631e-08
1.42249836523e-09	-3.94556503025e-08
1.42373855561e-09	-3.55143776609e-08
1.42497874599e-09	-2.93131616758e-08
1.42621893637e-09	-2.20015410335e-08
1.42745912675e-09	-1.40793008363e-08
1.42869931713e-09	-5.64323587859e-09
1.42993950751e-09	3.11512929341e-09
1.43117969789e-09	1.15131633116e-08
1.43241988827e-09	1.82931805259e-08
1.43366007865e-09	2.1961027441e-08
1.43490026903e-09	2.13670201532e-08
1.43614045941e-09	1.62706093043e-08
1.43738064979e-09	7.56215534636e-09
1.43862084016e-09	-2.96148283674e-09
1.43986103054e-09	-1.31207127385e-08
1.44110122092e-09	-2.0948357049e-08
1.4423414113e-09	-2.50846596828e-08
1.44358160168e-09	-2.48923373025e-08
1.44482179206e-09	-2.03390955189e-08
1.44606198244e-09	-1.1828488411e-08
1.44730217282e-09	-1.07036789154e-10
1.4485423632e-09	1.37378430853e-08
1.44978255358e-09	2.82106693561e-08
1.45102274396e-09	4.14015954853e-08
1.45226293434e-09	5.11280093818e-08
1.45350312472e-09	5.52623493633e-08
1.4547433151e-09	5.21965204392e-08
1.45598350548e-09	4.13310337066e-08
1.45722369586e-09	2.34603390048e-08
1.45846388624e-09	8.53734083428e-10
1.45970407662e-09	-2.30251975264e-08
1.46094426699e-09	-4.41564051989e-08
1.46218445737e-09	-5.88303414872e-08
1.46342464775e-09	-6.45031175139e-08
1.46466483813e-09	-6.03981176184e-08
1.46590502851e-09	-4.76507722169e-08
1.46714521889e-09	-2.90011583637e-08
1.46838540927e-09	-8.09328937201e-09
1.46962559965e-09	1.13767301135e-08
1.47086579003e-09	2.64105790571e-08
1.47210598041e-09	3.51771327622e-08
1.47334617079e-09	3.71153463519e-08
1.47458636117e-09	3.27612825757e-08
1.47582655155e-09	2.34001529265e-08
1.47706674193e-09	1.07599467114e-08
1.47830693231e-09	-3.20632731476e-09
1.47954712269e-09	-1.64601881014e-08
1.48078731307e-09	-2.70070374953e-08
1.48202750345e-09	-3.31160614486e-08
1.48326769382e-09	-3.36171641635e-08
1.4845078842e-09	-2.82227512471e-08
1.48574807458e-09	-1.76832866128e-08
1.48698826496e-09	-3.69993768956e-09
1.48822845534e-09	1.14507945348e-08
1.48946864572e-09	2.54786907128e-08
1.4907088361e-09	3.65875156838e-08
1.49194902648e-09	4.3740182587e-08
1.49318921686e-09	4.65742906464e-08
1.49442940724e-09	4.50985235823e-08
1.49566959762e-09	3.93724968184e-08
1.496909788e-09	2.94254562938e-08
1.49814997838e-09	1.55052013451e-08
1.49939016876e-09	-1.50736559346e-09
1.50063035914e-09	-1.97883078812e-08
1.50187054952e-09	-3.66524193218e-08
1.5031107399e-09	-4.9096715582e-08
1.50435093028e-09	-5.46525180667e-08
1.50559112066e-09	-5.21681986498e-08
1.50683131103e-09	-4.2188331939e-08
1.50807150141e-09	-2.68042241736e-08
1.50931169179e-09	-9.03652241924e-09
1.51055188217e-09	7.9535600328e-09
1.51179207255e-09	2.15436630757e-08
1.51303226293e-09	3.00201397074e-08
1.51427245331e-09	3.26380051874e-08
1.51551264369e-09	2.94884947571e-08
1.51675283407e-09	2.13036557284e-08
1.51799302445e-09	9.34413080245e-09
1.51923321483e-09	-4.6524324393e-09
1.52047340521e-09	-1.85254132035e-08
1.52171359559e-09	-2.98515678843e-08
1.52295378597e-09	-3.62893732841e-08
1.52419397635e-09	-3.60754399686e-08
1.52543416673e-09	-2.8571406574e-08
1.52667435711e-09	-1.46156877712e-08
1.52791454749e-09	3.47206996487e-09
1.52915473786e-09	2.23254965626e-08
1.53039492824e-09	3.83293583539e-08
1.53163511862e-09	4.85195226219e-08
1.532875309e-09	5.13054492224e-08
1.53411549938e-09	4.67491712008e-08
1.53535568976e-09	3.63644234724e-08
1.53659588014e-09	2.25186820302e-08
1.53783607052e-09	7.71143160438e-09
1.5390762609e-09	-5.9991017709e-09
1.54031645128e-09	-1.72926777342e-08
1.54155664166e-09	-2.55558840756e-08
1.54279683204e-09	-3.06601530831e-08
1.54403702242e-09	-3.26741358414e-08
1.5452772128e-09	-3.16951900281e-08
1.54651740318e-09	-2.7827868454e-08
1.54775759356e-09	-2.12948385592e-08
1.54899778394e-09	-1.26342204476e-08
1.55023797432e-09	-2.84108775395e-09
1.55147816469e-09	6.62370375215e-09
1.55271835507e-09	1.40367433232e-08
1.55395854545e-09	1.77857024664e-08
1.55519873583e-09	1.68483285101e-08
1.55643892621e-09	1.11989298945e-08
1.55767911659e-09	1.95168800565e-09
1.55891930697e-09	-8.82095163579e-09
1.56015949735e-09	-1.85929793783e-08
1.56139968773e-09	-2.50464857743e-08
1.56263987811e-09	-2.66796869042e-08
1.56388006849e-09	-2.31350218982e-08
1.56512025887e-09	-1.51608012811e-08
1.56636044925e-09	-4.27638330303e-09
1.56760063963e-09	7.73240749208e-09
1.56884083001e-09	1.92522371378e-08
1.57008102039e-09	2.90708634942e-08
1.57132121077e-09	3.63531742487e-08
1.57256140115e-09	4.04573570201e-08
1.57380159152e-09	4.0765387066e-08
1.5750417819e-09	3.66925538842e-08
1.57628197228e-09	2.79689222893e-08
1.57752216266e-09	1.50505796714e-08
1.57876235304e-09	-5.61768090379e-10
1.58000254342e-09	-1.63485842641e-08
1.5812427338e-09	-2.92719906092e-08
1.58248292418e-09	-3.66304102606e-08
1.58372311456e-09	-3.69552588531e-08
1.58496330494e-09	-3.05409404433e-08
1.58620349532e-09	-1.93909510671e-08
1.5874436857e-09	-6.56582238578e-09
1.58868387608e-09	4.80177564377e-09
1.58992406646e-09	1.24058111561e-08
1.59116425684e-09	1.52728678593e-08
1.59240444722e-09	1.37361393371e-08
1.5936446376e-09	9.00892382916e-09
1.59488482798e-09	2.57728599573e-09
1.59612501836e-09	-4.29395252688e-09
1.59736520873e-09	-1.07805254723e-08
1.59860539911e-09	-1.64563846994e-08
1.59984558949e-09	-2.10456709837e-08
1.60108577987e-09	-2.41476629803e-08
1.60232597025e-09	-2.50715621597e-08
1.60356616063e-09	-2.29114045514e-08
1.60480635101e-09	-1.68518217158e-08
1.60604654139e-09	-6.62358035086e-09
1.60728673177e-09	7.05396308032e-09
1.60852692215e-09	2.23036558111e-08
1.60976711253e-09	3.63353449551e-08
1.61100730291e-09	4.61278770736e-08
1.61224749329e-09	4.93290848169e-08
1.61348768367e-09	4.50580466271e-08
1.61472787405e-09	3.4248350822e-08
1.61596806443e-09	1.9353635583e-08
1.61720825481e-09	3.55414678244e-09
1.61844844519e-09	-1.02412504033e-08
1.61968863556e-09	-2.01797023536e-08
1.62092882594e-09	-2.57547441151e-08
1.62216901632e-09	-2.75328648769e-08
1.6234092067e-09	-2.65316499881e-08
1.62464939708e-09	-2.35959889405e-08
1.62588958746e-09	-1.90565523361e-08
1.62712977784e-09	-1.28471514538e-08
1.62836996822e-09	-4.96509727776e-09
1.6296101586e-09	4.00729249783e-09
1.63085034898e-09	1.26457170291e-08
1.63209053936e-09	1.88930868728e-08
1.63333072974e-09	2.07020913745e-08
1.63457092012e-09	1.68758400587e-08
1.6358111105e-09	7.68362906634e-09
1.63705130088e-09	-5.02323416196e-09
1.63829149126e-09	-1.8280621461e-08
1.63953168164e-09	-2.88934223214e-08
1.64077187202e-09	-3.43825456994e-08
1.64201206239e-09	-3.36468222173e-08
1.64325225277e-09	-2.71137334806e-08
1.64449244315e-09	-1.64302549344e-08
1.64573263353e-09	-3.82714326896e-09
1.64697282391e-09	8.57469517612e-09
1.64821301429e-09	1.92688818235e-08
1.64945320467e-09	2.75472546996e-08
1.65069339505e-09	3.33306902078e-08
1.65193358543e-09	3.67827683867e-08
1.65317377581e-09	3.78674700485e-08
1.65441396619e-09	3.61349252742e-08
1.65565415657e-09	3.08579117814e-08
1.65689434695e-09	2.1493769653e-08
1.65813453733e-09	8.28683321963e-09
1.65937472771e-09	-7.31252014496e-09
1.66061491809e-09	-2.26688567917e-08
1.66185510847e-09	-3.4566033591e-08
1.66309529885e-09	-4.01884840961e-08
1.66433548922e-09	-3.81403455485e-08
1.6655756796e-09	-2.90697030891e-08
1.66681586998e-09	-1.55751738173e-08
1.66805606036e-09	-1.39195323323e-09
1.66929625074e-09	9.87038828448e-09
1.67053644112e-09	1.59087514273e-08
1.6717766315e-09	1.63730726754e-08
1.67301682188e-09	1.26956594126e-08
1.67425701226e-09	7.21536419501e-09
1.67549720264e-09	2.04490135935e-09
1.67673739302e-09	-1.79723352867e-09
1.6779775834e-09	-4.57556642575e-09
1.67921777378e-09	-7.33020122379e-09
1.68045796416e-09	-1.09526756553e-08
1.68169815454e-09	-1.53759671662e-08
1.68293834492e-09	-1.93246938451e-08
1.6841785353e-09	-2.07527448559e-08
1.68541872568e-09	-1.78057639744e-08
1.68665891606e-09	-9.81047465487e-09
1.68789910643e-09	2.16593393221e-09
1.68913929681e-09	1.55030681626e-08
1.69037948719e-09	2.68983098017e-08
1.69161967757e-09	3.35445156097e-08
1.69285986795e-09	3.41422783379e-08
1.69410005833e-09	2.92712813987e-08
1.69534024871e-09	2.10221788866e-08
1.69658043909e-09	1.20449423768e-08
1.69782062947e-09	4.46343118021e-09
1.69906081985e-09	-8.65819457796e-10
1.70030101023e-09	-4.46523545916e-09
1.70154120061e-09	-7.66398078333e-09
1.70278139099e-09	-1.16906501146e-08
1.70402158137e-09	-1.68283373903e-08
1.70526177175e-09	-2.20784128757e-08
1.70650196213e-09	-2.54954148904e-08
1.70774215251e-09	-2.50615344033e-08
1.70898234289e-09	-1.97334861785e-08
1.71022253326e-09	-1.01293797794e-08
1.71146272364e-09	1.43753514648e-09
1.71270291402e-09	1.16996652366e-08
1.7139431044e-09	1.763120272e-08
1.71518329478e-09	1.76180863232e-08
1.71642348516e-09	1.21087220251e-08
1.71766367554e-09	3.42451483837e-09
1.71890386592e-09	-5.14750370106e-09
1.7201440563e-09	-1.06645522413e-08
1.72138424668e-09	-1.1634539554e-08
1.72262443706e-09	-8.48582115687e-09
1.72386462744e-09	-3.20252024899e-09
1.72510481782e-09	1.70477357231e-09
1.7263450082e-09	4.3686798068e-09
1.72758519858e-09	4.38908698275e-09
1.72882538896e-09	2.87329995907e-09
1.73006557934e-09	1.74356924731e-09
1.73130576972e-09	2.64646238257e-09
1.73254596009e-09	6.0281062364e-09
1.73378615047e-09	1.08605897609e-08
1.73502634085e-09	1.51035117746e-08
1.73626653123e-09	1.67082840896e-08
1.73750672161e-09	1.46021195135e-08
1.73874691199e-09	9.20577925001e-09
1.73998710237e-09	2.23925447629e-09
1.74122729275e-09	-4.07193267993e-09
1.74246748313e-09	-7.97375065975e-09
1.74370767351e-09	-8.92857010548e-09
1.74494786389e-09	-7.74764330469e-09
1.74618805427e-09	-6.12356659824e-09
1.74742824465e-09	-5.76177139333e-09
1.74866843503e-09	-7.51837481161e-09
1.74990862541e-09	-1.09573121687e-08
1.75114881579e-09	-1.44967622351e-08
1.75238900617e-09	-1.61322677439e-08
1.75362919655e-09	-1.4362643519e-08
1.75486938692e-09	-8.94019791531e-09
1.7561095773e-09	-1.07824016382e-09
1.75734976768e-09	6.99587721087e-09
1.75858995806e-09	1.29102850632e-08
1.75983014844e-09	1.50993515469e-08
1.76107033882e-09	1.33758319976e-08
1.7623105292e-09	8.93822005299e-09
1.76355071958e-09	3.8038228678e-09
1.76479090996e-09	-4.76831595042e-11
1.76603110034e-09	-1.43467056291e-09
1.76727129072e-09	-3.79815658091e-10
1.7685114811e-09	2.03132816123e-09
1.76975167148e-09	4.20054868666e-09
1.77099186186e-09	4.77050982051e-09
1.77223205224e-09	3.23679955061e-09
1.77347224262e-09	1.74439847983e-10
1.774712433e-09	-3.00037281131e-09
1.77595262338e-09	-4.68451599733e-09
1.77719281376e-09	-3.81933507043e-09
1.77843300413e-09	-4.30038518684e-10
1.77967319451e-09	4.3187879939e-09
1.78091338489e-09	8.57326565296e-09
1.78215357527e-09	1.05613801038e-08
1.78339376565e-09	9.35431831994e-09
1.78463395603e-09	5.21971543765e-09
1.78587414641e-09	-5.28485769036e-10
1.78711433679e-09	-6.14537543075e-09
1.78835452717e-09	-1.02067146956e-08
1.78959471755e-09	-1.21471276371e-08
1.79083490793e-09	-1.23561721965e-08
1.79207509831e-09	-1.17966848512e-08
1.79331528869e-09	-1.14026238451e-08
1.79455547907e-09	-1.15111119525e-08
1.79579566945e-09	-1.1648005338e-08
1.79703585983e-09	-1.07534297022e-08
1.79827605021e-09	-7.74474373522e-09
1.79951624059e-09	-2.16640655415e-09
1.80075643096e-09	5.40300748586e-09
1.80199662134e-09	1.33669841862e-08
1.80323681172e-09	1.96246818795e-08
1.8044770021e-09	2.23505012276e-08
1.80571719248e-09	2.07179906564e-08
1.80695738286e-09	1.5258728725e-08
1.80819757324e-09	7.66363594806e-09
1.80943776362e-09	1.41837715184e-10
1.810677954e-09	-5.41083178263e-09
1.81191814438e-09	-8.03631106105e-09
1.81315833476e-09	-7.91138554668e-09
1.81439852514e-09	-6.06872141429e-09
1.81563871552e-09	-3.79770792591e-09
1.8168789059e-09	-2.05537281639e-09
1.81811909628e-09	-1.1088873153e-09
1.81935928666e-09	-5.76844294553e-10
1.82059947704e-09	2.24197138285e-10
1.82183966742e-09	1.79125064781e-09
1.82307985779e-09	4.05910272061e-09
1.82432004817e-09	6.33039509701e-09
1.82556023855e-09	7.51256024056e-09
1.82680042893e-09	6.59758370158e-09
1.82804061931e-09	3.13959025444e-09
1.82928080969e-09	-2.45673631438e-09
1.83052100007e-09	-8.9927897351e-09
1.83176119045e-09	-1.48557255386e-08
1.83300138083e-09	-1.85585429247e-08
1.83424157121e-09	-1.92492046747e-08
1.83548176159e-09	-1.69479228429e-08
1.83672195197e-09	-1.24571815086e-08
1.83796214235e-09	-6.98313862291e-09
1.83920233273e-09	-1.65217026171e-09
1.84044252311e-09	2.86800838634e-09
1.84168271349e-09	6.49124942687e-09
1.84292290387e-09	9.52793310915e-09
1.84416309425e-09	1.23301997501e-08
1.84540328462e-09	1.49438850183e-08
1.846643475e-09	1.69589788879e-08
1.84788366538e-09	1.76409515884e-08
1.84912385576e-09	1.62790987357e-08
1.85036404614e-09	1.25924086714e-08
1.85160423652e-09	6.98027058377e-09
1.8528444269e-09	5.12735437441e-10
1.85408461728e-09	-5.36726285638e-09
1.85532480766e-09	-9.31569366092e-09
1.85656499804e-09	-1.05374536874e-08
1.85780518842e-09	-9.05480401769e-09
1.8590453788e-09	-5.67397179241e-09
1.86028556918e-09	-1.67488017899e-09
1.86152575956e-09	1.67176192334e-09
1.86276594994e-09	3.5473184945e-09
1.86400614032e-09	3.80226122809e-09
1.8652463307e-09	2.87070600624e-09
1.86648652108e-09	1.42156614258e-09
1.86772671146e-09	-4.6203535789e-11
1.86896690183e-09	-1.45885151182e-09
1.87020709221e-09	-3.1225604602e-09
1.87144728259e-09	-5.42440503626e-09
1.87268747297e-09	-8.45743275413e-09
1.87392766335e-09	-1.17878565797e-08
1.87516785373e-09	-1.45226408677e-08
1.87640804411e-09	-1.56390207451e-08
1.87764823449e-09	-1.44201481866e-08
1.87888842487e-09	-1.07762467838e-08
1.88012861525e-09	-5.31418814509e-09
1.88136880563e-09	8.71529376445e-10
1.88260899601e-09	6.58986565316e-09
1.88384918639e-09	1.09389061143e-08
1.88508937677e-09	1.35507922661e-08
1.88632956715e-09	1.46034799808e-08
1.88756975753e-09	1.46206564633e-08
1.88880994791e-09	1.41565412726e-08
1.89005013829e-09	1.35195494799e-08
1.89129032866e-09	1.26580558257e-08
1.89253051904e-09	1.12495704974e-08
1.89377070942e-09	8.94624851977e-09
1.8950108998e-09	5.64453661589e-09
1.89625109018e-09	1.6336472175e-09
1.89749128056e-09	-2.4535666554e-09
1.89873147094e-09	-5.85822279575e-09
1.89997166132e-09	-7.97839683209e-09
1.9012118517e-09	-8.59082371907e-09
1.90245204208e-09	-7.91198484507e-09
1.90369223246e-09	-6.48220904731e-09
1.90493242284e-09	-4.94255725236e-09
1.90617261322e-09	-3.79614850665e-09
1.9074128036e-09	-3.25680366009e-09
1.90865299398e-09	-3.23848967088e-09
1.90989318436e-09	-3.48175710485e-09
1.91113337474e-09	-3.74846903517e-09
1.91237356512e-09	-3.98221838838e-09
1.91361375549e-09	-4.35484204253e-09
1.91485394587e-09	-5.14819470387e-09
1.91609413625e-09	-6.52536547019e-09
1.91733432663e-09	-8.31000457335e-09
1.91857451701e-09	-9.91260962202e-09
1.91981470739e-09	-1.04804989132e-08
1.92105489777e-09	-9.23762921712e-09
1.92229508815e-09	-5.87182386047e-09
1.92353527853e-09	-7.59147883445e-10
1.92477546891e-09	5.10867159687e-09
1.92601565929e-09	1.04893881359e-08
1.92725584967e-09	1.43782170614e-08
1.92849604005e-09	1.63833846489e-08
1.92973623043e-09	1.67920026772e-08
1.93097642081e-09	1.630047608e-08
1.93221661119e-09	1.55642490007e-08
1.93345680157e-09	1.48136056755e-08
1.93469699195e-09	1.37413393997e-08
1.93593718233e-09	1.17166255587e-08
1.9371773727e-09	8.20192957995e-09
1.93841756308e-09	3.14191625495e-09
1.93965775346e-09	-2.87793902598e-09
1.94089794384e-09	-8.7843382568e-09
1.94213813422e-09	-1.34018949272e-08
1.9433783246e-09	-1.58988937571e-08
1.94461851498e-09	-1.60766420176e-08
1.94585870536e-09	-1.43874752112e-08
1.94709889574e-09	-1.16884022461e-08
1.94833908612e-09	-8.85824102959e-09
1.9495792765e-09	-6.46661324488e-09
1.95081946688e-09	-4.63723426325e-09
1.95205965726e-09	-3.1593617722e-09
1.95329984764e-09	-1.7519314055e-09
1.95454003802e-09	-3.33498222094e-10
1.9557802284e-09	8.52822604203e-10
1.95702041878e-09	1.32899691252e-09
1.95826060916e-09	6.40323828682e-10
1.95950079953e-09	-1.34459876566e-09
1.96074098991e-09	-4.24417717637e-09
1.96198118029e-09	-7.17172909948e-09
1.96322137067e-09	-8.96553897789e-09
1.96446156105e-09	-8.56886972489e-09
1.96570175143e-09	-5.42730116404e-09
1.96694194181e-09	2.44928161086e-10
1.96818213219e-09	7.45057981977e-09
1.96942232257e-09	1.46709235871e-08
1.97066251295e-09	2.03373284879e-08
1.97190270333e-09	2.33304258135e-08
1.97314289371e-09	2.33109580527e-08
1.97438308409e-09	2.07476771319e-08
1.97562327447e-09	1.66276106217e-08
1.97686346485e-09	1.19865217751e-08
1.97810365523e-09	7.47492878705e-09
1.97934384561e-09	3.17097451075e-09
1.98058403599e-09	-1.28101479424e-09
1.98182422636e-09	-6.28230856226e-09
1.98306441674e-09	-1.18380493186e-08
1.98430460712e-09	-1.73155549898e-08
1.9855447975e-09	-2.1545790041e-08
1.98678498788e-09	-2.32607386685e-08
1.98802517826e-09	-2.16672673137e-08
1.98926536864e-09	-1.68886691299e-08
1.99050555902e-09	-1.00416185367e-08
1.9917457494e-09	-2.87853552106e-09
1.99298593978e-09	2.84538281825e-09
1.99422613016e-09	6.00501892656e-09
1.99546632054e-09	6.44680703266e-09
1.99670651092e-09	4.90439866496e-09
1.9979467013e-09	2.55110976788e-09
1.99918689168e-09	4.30098897469e-10
2.00042708206e-09	-9.52551412747e-10
2.00166727244e-09	-1.7052128598e-09
2.00290746282e-09	-2.28872990005e-09
2.00414765319e-09	-3.09085146366e-09
2.00538784357e-09	-4.06854677726e-09
2.00662803395e-09	-4.65422161922e-09
2.00786822433e-09	-3.97336868962e-09
2.00910841471e-09	-1.26566682135e-09
2.01034860509e-09	3.67790298217e-09
2.01158879547e-09	1.02705102201e-08
2.01282898585e-09	1.71887384326e-08
2.01406917623e-09	2.27295571253e-08
2.01530936661e-09	2.53410123996e-08
2.01654955699e-09	2.41352384744e-08
2.01778974737e-09	1.91998934529e-08
2.01902993775e-09	1.15780658394e-08
2.02027012813e-09	2.92263563351e-09
2.02151031851e-09	-5.05219166502e-09
2.02275050889e-09	-1.11150880722e-08
2.02399069927e-09	-1.48363847874e-08
2.02523088965e-09	-1.6567208716e-08
2.02647108003e-09	-1.70964504775e-08
2.0277112704e-09	-1.71644618518e-08
2.02895146078e-09	-1.70591303306e-08
2.03019165116e-09	-1.64883338094e-08
2.03143184154e-09	-1.47897163405e-08
2.03267203192e-09	-1.13681827285e-08
2.0339122223e-09	-6.15713330321e-09
2.03515241268e-09	1.37987898885e-10
2.03639260306e-09	6.14530848431e-09
2.03763279344e-09	1.0279993079e-08
2.03887298382e-09	1.13651986711e-08
2.0401131742e-09	9.15425157899e-09
2.04135336458e-09	4.51275139479e-09
2.04259355496e-09	-8.61493598681e-10
2.04383374534e-09	-5.07369235514e-09
2.04507393572e-09	-6.76116440612e-09
2.0463141261e-09	-5.58479329449e-09
2.04755431648e-09	-2.26613633414e-09
2.04879450686e-09	1.83168161194e-09
2.05003469723e-09	5.36620226033e-09
2.05127488761e-09	7.58690810176e-09
2.05251507799e-09	8.56147819306e-09
2.05375526837e-09	8.97348251261e-09
2.05499545875e-09	9.62927459991e-09
2.05623564913e-09	1.09364478584e-08
2.05747583951e-09	1.26105448306e-08
2.05871602989e-09	1.37520761445e-08
2.05995622027e-09	1.32413098264e-08
2.06119641065e-09	1.02770895127e-08
2.06243660103e-09	4.8133262931e-09
2.06367679141e-09	-2.29978142086e-09
2.06491698179e-09	-9.54183887458e-09
2.06615717217e-09	-1.52408665688e-08
2.06739736255e-09	-1.81735004823e-08
2.06863755293e-09	-1.80103842951e-08
2.06987774331e-09	-1.54065007418e-08
2.07111793369e-09	-1.1698447544e-08
2.07235812406e-09	-8.33012991919e-09
2.07359831444e-09	-6.2517362398e-09
2.07483850482e-09	-5.56188162193e-09
2.0760786952e-09	-5.54193135827e-09
2.07731888558e-09	-5.07676534145e-09
2.07855907596e-09	-3.25261900747e-09
2.07979926634e-09	1.35316542693e-10
2.08103945672e-09	4.41237724136e-09
2.0822796471e-09	8.27890245247e-09
2.08351983748e-09	1.03798633022e-08
2.08476002786e-09	9.9386082697e-09
2.08600021824e-09	7.15663350803e-09
2.08724040862e-09	3.1945250889e-09
2.088480599e-09	-2.81337449864e-10
2.08972078938e-09	-1.79213791029e-09
2.09096097976e-09	-6.75415487428e-10
2.09220117014e-09	2.62477123369e-09
2.09344136052e-09	6.74438116466e-09
2.09468155089e-09	9.9804341458e-09
2.09592174127e-09	1.10184192881e-08
2.09716193165e-09	9.48065914663e-09
2.09840212203e-09	6.05659694619e-09
2.09964231241e-09	2.16094561689e-09
2.10088250279e-09	-7.2664183004e-10
2.10212269317e-09	-1.73251177293e-09
2.10336288355e-09	-9.67363050774e-10
2.10460307393e-09	5.62397968473e-10
2.10584326431e-09	1.46059750405e-09
2.10708345469e-09	6.2548606572e-10
2.10832364507e-09	-2.21040225012e-09
2.10956383545e-09	-6.34118091369e-09
2.11080402583e-09	-1.04022770397e-08
2.11204421621e-09	-1.29885655564e-08
2.11328440659e-09	-1.32805064723e-08
2.11452459697e-09	-1.13911918787e-08
2.11576478735e-09	-8.28191659696e-09
2.11700497773e-09	-5.2904350345e-09
2.1182451681e-09	-3.49720480353e-09
2.11948535848e-09	-3.21282719873e-09
2.12072554886e-09	-3.82857268111e-09
2.12196573924e-09	-4.1055163158e-09
2.12320592962e-09	-2.78405162812e-09
2.12444612e-09	7.5301938296e-10
2.12568631038e-09	6.08197592289e-09
2.12692650076e-09	1.18026248774e-08
2.12816669114e-09	1.60761739476e-08
2.12940688152e-09	1.74026177913e-08
2.1306470719e-09	1.52906787232e-08
2.13188726228e-09	1.05038240328e-08
2.13312745266e-09	4.75366601638e-09
2.13436764304e-09	-1.79204637241e-11
2.13560783342e-09	-2.45060716164e-09
2.1368480238e-09	-2.29066898783e-09
2.13808821418e-09	-4.15913282981e-10
2.13932840456e-09	1.64193830754e-09
2.14056859493e-09	2.43925893373e-09
2.14180878531e-09	1.27843788333e-09
2.14304897569e-09	-1.50053354464e-09
2.14428916607e-09	-4.71897837473e-09
2.14552935645e-09	-6.93059010182e-09
2.14676954683e-09	-7.11178460566e-09
2.14800973721e-09	-5.14840664545e-09
2.14924992759e-09	-1.90840784842e-09
2.15049011797e-09	1.12606914071e-09
2.15173030835e-09	2.5073676746e-09
2.15297049873e-09	1.45629205917e-09
2.15421068911e-09	-1.79383588539e-09
2.15545087949e-09	-6.10294931258e-09
2.15669106987e-09	-9.91688875462e-09
2.15793126025e-09	-1.19227367978e-08
2.15917145063e-09	-1.15711756843e-08
2.16041164101e-09	-9.22744392007e-09
2.16165183139e-09	-5.90515741861e-09
2.16289202176e-09	-2.72289651937e-09
2.16413221214e-09	-3.60541213204e-10
2.16537240252e-09	1.22455910689e-09
2.1666125929e-09	2.69141645082e-09
2.16785278328e-09	4.87449919317e-09
2.16909297366e-09	8.24488854967e-09
2.17033316404e-09	1.2528713067e-08
2.17157335442e-09	1.66857407891e-08
2.1728135448e-09	1.92685787326e-08
2.17405373518e-09	1.90186268956e-08
2.17529392556e-09	1.54425061627e-08
2.17653411594e-09	9.10175246283e-09
2.17777430632e-09	1.48843667946e-09
2.1790144967e-09	-5.49379119974e-09
2.18025468708e-09	-1.02255621748e-08
2.18149487746e-09	-1.19539720345e-08
2.18273506784e-09	-1.10126251451e-08
2.18397525822e-09	-8.5825055951e-09
2.18521544859e-09	-6.12131023647e-09
2.18645563897e-09	-4.70961164512e-09
2.18769582935e-09	-4.63148230878e-09
2.18893601973e-09	-5.35265515245e-09
2.19017621011e-09	-5.88607834695e-09
2.19141640049e-09	-5.34789673656e-09
2.19265659087e-09	-3.42331335501e-09
2.19389678125e-09	-5.4227870111e-10
2.19513697163e-09	2.31335631207e-09
2.19637716201e-09	4.04372174634e-09
2.19761735239e-09	3.91478705009e-09
2.19885754277e-09	1.87625684434e-09
2.20009773315e-09	-1.41351402805e-09
2.20133792353e-09	-4.84005180379e-09
2.20257811391e-09	-7.25762594467e-09
2.20381830429e-09	-7.89164045223e-09
2.20505849467e-09	-6.57682941441e-09
2.20629868505e-09	-3.73634534423e-09
2.20753887543e-09	-1.35829864717e-10
2.2087790658e-09	3.45797251944e-09
2.21001925618e-09	6.57232690493e-09
2.21125944656e-09	9.13110254075e-09
2.21249963694e-09	1.13425141501e-08
2.21373982732e-09	1.34261426421e-08
2.2149800177e-09	1.53310322215e-08
2.21622020808e-09	1.66016682623e-08
2.21746039846e-09	1.64724756058e-08
2.21870058884e-09	1.41881120186e-08
2.21994077922e-09	9.39474509298e-09
2.2211809696e-09	2.43662651167e-09
2.22242115998e-09	-5.60632307245e-09
2.22366135036e-09	-1.3181725933e-08
2.22490154074e-09	-1.87374038507e-08
2.22614173112e-09	-2.12316495496e-08
2.2273819215e-09	-2.04553698424e-08
2.22862211188e-09	-1.70595486626e-08
2.22986230226e-09	-1.22616922171e-08
2.23110249263e-09	-7.36867566964e-09
2.23234268301e-09	-3.3203656491e-09
2.23358287339e-09	-4.31058851807e-10
2.23482306377e-09	1.56046239819e-09
2.23606325415e-09	3.20071258386e-09
2.23730344453e-09	4.91937068858e-09
2.23854363491e-09	6.7406598081e-09
2.23978382529e-09	8.23659418447e-09
2.24102401567e-09	8.73805061641e-09
2.24226420605e-09	7.70363395297e-09
2.24350439643e-09	5.04033054183e-09
2.24474458681e-09	1.23763384263e-09
2.24598477719e-09	-2.76632913798e-09
2.24722496757e-09	-5.8954412463e-09
2.24846515795e-09	-7.29138072142e-09
2.24970534833e-09	-6.5698536611e-09
2.25094553871e-09	-3.88058934986e-09
2.25218572909e-09	2.0084777938e-10
2.25342591946e-09	4.89260265635e-09
2.25466610984e-09	9.42158107087e-09
2.25590630022e-09	1.31744275489e-08
2.2571464906e-09	1.57411461643e-08
2.25838668098e-09	1.68653513377e-08
2.25962687136e-09	1.63755540239e-08
2.26086706174e-09	1.4130334014e-08
2.26210725212e-09	1.00429029537e-08
2.2633474425e-09	4.17479495418e-09
2.26458763288e-09	-3.13127365703e-09
2.26582782326e-09	-1.1154891566e-08
2.26706801364e-09	-1.88185649286e-08
2.26830820402e-09	-2.4838268109e-08
2.2695483944e-09	-2.80176375433e-08
2.27078858478e-09	-2.75819664886e-08
2.27202877516e-09	-2.34481125627e-08
2.27326896554e-09	-1.63172093615e-08
2.27450915592e-09	-7.52954443239e-09
2.27574934629e-09	1.28005861466e-09
2.27698953667e-09	8.63659221917e-09
2.27822972705e-09	1.35926248035e-08
2.27946991743e-09	1.58985999921e-08
2.28071010781e-09	1.59124706745e-08
2.28195029819e-09	1.43109324391e-08
2.28319048857e-09	1.17606100414e-08
2.28443067895e-09	8.69641580969e-09
2.28567086933e-09	5.31003668813e-09
2.28691105971e-09	1.6937504177e-09
2.28815125009e-09	-1.94952523569e-09
2.28939144047e-09	-5.18018283824e-09
2.29063163085e-09	-7.37130023687e-09
2.29187182123e-09	-7.90307552734e-09
2.29311201161e-09	-6.42495873171e-09
2.29435220199e-09	-3.03810848701e-09
2.29559239237e-09	1.66809782653e-09
2.29683258275e-09	6.76962452761e-09
2.29807277313e-09	1.12684087616e-08
2.2993129635e-09	1.43407563602e-08
2.30055315388e-09	1.54991928181e-08
2.30179334426e-09	1.46012821833e-08
2.30303353464e-09	1.17633606189e-08
2.30427372502e-09	7.23657078705e-09
2.3055139154e-09	1.34787930817e-09
2.30675410578e-09	-5.47761475067e-09
2.30799429616e-09	-1.26518832078e-08
2.30923448654e-09	-1.93667040183e-08
2.31047467692e-09	-2.46464217923e-08
2.3117148673e-09	-2.75107425729e-08
2.31295505768e-09	-2.72231428511e-08
2.31419524806e-09	-2.35229129508e-08
2.31543543844e-09	-1.67614908619e-08
2.31667562882e-09	-7.89183174366e-09
2.3179158192e-09	1.71357550371e-09
2.31915600958e-09	1.05404943662e-08
2.32039619996e-09	1.72524112774e-08
2.32163639033e-09	2.0962409808e-08
2.32287658071e-09	2.13983113451e-08
2.32411677109e-09	1.89183184673e-08
2.32535696147e-09	1.43692933108e-08
2.32659715185e-09	8.85158424335e-09
2.32783734223e-09	3.43182893214e-09
2.32907753261e-09	-1.07795851412e-09
2.33031772299e-09	-4.2213914031e-09
2.33155791337e-09	-5.86210557874e-09
2.33279810375e-09	-6.0594055884e-09
2.33403829413e-09	-4.95293994707e-09
2.33527848451e-09	-2.7086535237e-09
2.33651867489e-09	4.24689131084e-10
2.33775886527e-09	4.03048511233e-09
2.33899905565e-09	7.48860107258e-09
2.34023924603e-09	1.00528846358e-08
2.34147943641e-09	1.10501131578e-08
2.34271962679e-09	1.01044234091e-08
2.34395981716e-09	7.29225568818e-09
2.34520000754e-09	3.1187062377e-09
2.34644019792e-09	-1.65907002025e-09
2.3476803883e-09	-6.29404373065e-09
2.34892057868e-09	-1.02736420482e-08
2.35016076906e-09	-1.33925857071e-08
2.35140095944e-09	-1.56681294605e-08
2.35264114982e-09	-1.71444118902e-08
2.3538813402e-09	-1.77208860919e-08
2.35512153058e-09	-1.70917280329e-08
2.35636172096e-09	-1.48560357349e-08
2.35760191134e-09	-1.07593505216e-08
2.35884210172e-09	-4.93938256962e-09
2.3600822921e-09	1.93757221378e-09
2.36132248248e-09	8.75814731849e-09
2.36256267286e-09	1.42448142171e-08
2.36380286324e-09	1.73535561476e-08
2.36504305362e-09	1.76199044244e-08
2.36628324399e-09	1.53037493789e-08
2.36752343437e-09	1.1290030244e-08
2.36876362475e-09	6.76830369528e-09
2.37000381513e-09	2.84675344409e-09
2.37124400551e-09	2.4245575686e-10
2.37248419589e-09	-8.41128264262e-10
2.37372438627e-09	-6.39976460715e-10
2.37496457665e-09	3.65825827964e-10
2.37620476703e-09	1.68035205195e-09
2.37744495741e-09	2.93754040537e-09
2.37868514779e-09	3.94333782294e-09
2.37992533817e-09	4.61485843983e-09
2.38116552855e-09	4.8744610015e-09
2.38240571893e-09	4.57066456905e-09
2.38364590931e-09	3.47234707654e-09
2.38488609969e-09	1.37118955079e-09
2.38612629007e-09	-1.76352638048e-09
2.38736648045e-09	-5.63789465113e-09
2.38860667083e-09	-9.60003332384e-09
2.3898468612e-09	-1.27777178838e-08
2.39108705158e-09	-1.43581928569e-08
2.39232724196e-09	-1.39145757139e-08
2.39356743234e-09	-1.16093603619e-08
2.39480762272e-09	-8.17932810371e-09
2.3960478131e-09	-4.66583299774e-09
2.39728800348e-09	-2.00561728336e-09
2.39852819386e-09	-6.62795394957e-10
2.39976838424e-09	-4.61919558159e-10
2.40100857462e-09	-7.17258884231e-10
2.402248765e-09	-5.78298554876e-10
2.40348895538e-09	5.52965603862e-10
2.40472914576e-09	2.74210809614e-09
2.40596933614e-09	5.49458895049e-09
2.40720952652e-09	7.98573207561e-09
2.4084497169e-09	9.4468088907e-09
2.40968990728e-09	9.51113998671e-09
2.41093009766e-09	8.38140623571e-09
2.41217028803e-09	6.72976019356e-09
2.41341047841e-09	5.39047206871e-09
2.41465066879e-09	4.97777413733e-09
2.41589085917e-09	5.5979756941e-09
2.41713104955e-09	6.79486322763e-09
2.41837123993e-09	7.73672625964e-09
2.41961143031e-09	7.57959772724e-09
2.42085162069e-09	5.83263704002e-09
2.42209181107e-09	2.57318505392e-09
2.42333200145e-09	-1.58349122703e-09
2.42457219183e-09	-5.73970432294e-09
2.42581238221e-09	-9.06350106078e-09
2.42705257259e-09	-1.10862847791e-08
2.42829276297e-09	-1.18071463717e-08
2.42953295335e-09	-1.15876285234e-08
2.43077314373e-09	-1.09001901949e-08
2.43201333411e-09	-1.00613166687e-08
2.43325352449e-09	-9.08911701458e-09
2.43449371486e-09	-7.7376181018e-09
2.43573390524e-09	-5.70260710875e-09
2.43697409562e-09	-2.87935081333e-09
2.438214286e-09	4.47248054564e-10
2.43945447638e-09	3.5949472843e-09
2.44069466676e-09	5.69384139837e-09
2.44193485714e-09	6.03601274518e-09
2.44317504752e-09	4.42944719792e-09
2.4444152379e-09	1.37671965494e-09
2.44565542828e-09	-2.0141547874e-09
2.44689561866e-09	-4.39071395908e-09
2.44813580904e-09	-4.65580574094e-09
2.44937599942e-09	-2.39606626207e-09
2.4506161898e-09	1.93399790627e-09
2.45185638018e-09	7.17051240606e-09
2.45309657056e-09	1.18682016437e-08
2.45433676094e-09	1.48258914034e-08
2.45557695132e-09	1.5482222171e-08
2.45681714169e-09	1.40253280101e-08
2.45805733207e-09	1.11995189789e-08
2.45929752245e-09	7.90551146768e-09
2.46053771283e-09	4.80473766329e-09
2.46177790321e-09	2.09335918044e-09
2.46301809359e-09	-4.59686656795e-10
2.46425828397e-09	-3.25912777321e-09
2.46549847435e-09	-6.55280923967e-09
2.46673866473e-09	-1.0182428789e-08
2.46797885511e-09	-1.35514561794e-08
2.46921904549e-09	-1.58136646e-08
2.47045923587e-09	-1.62147621996e-08
2.47169942625e-09	-1.4433610751e-08
2.47293961663e-09	-1.07732266441e-08
2.47417980701e-09	-6.1106210647e-09
2.47541999739e-09	-1.60411763039e-09
2.47666018777e-09	1.71615452405e-09
2.47790037815e-09	3.31794453023e-09
2.47914056853e-09	3.32445765361e-09
2.4803807589e-09	2.39382696998e-09
2.48162094928e-09	1.37943434453e-09
2.48286113966e-09	9.27849019838e-10
2.48410133004e-09	1.21478642423e-09
2.48534152042e-09	1.92600133064e-09
2.4865817108e-09	2.49718085099e-09
2.48782190118e-09	2.47447176638e-09
2.48906209156e-09	1.81499226759e-09
2.49030228194e-09	9.78912034766e-10
2.49154247232e-09	7.4991145238e-10
2.4927826627e-09	1.86521298406e-09
2.49402285308e-09	4.60804949753e-09
2.49526304346e-09	8.56461701559e-09
2.49650323384e-09	1.26598486139e-08
2.49774342422e-09	1.54908132988e-08
2.4989836146e-09	1.58451525234e-08
2.50022380498e-09	1.31848623131e-08
2.50146399536e-09	7.89656717792e-09
2.50270418573e-09	1.18059037546e-09
2.50394437611e-09	-5.37285665958e-09
2.50518456649e-09	-1.03532729057e-08
2.50642475687e-09	-1.29981879704e-08
2.50766494725e-09	-1.336622657e-08
2.50890513763e-09	-1.21750463045e-08
2.51014532801e-09	-1.03945287933e-08
2.51138551839e-09	-8.80527906144e-09
2.51262570877e-09	-7.71004682321e-09
2.51386589915e-09	-6.91528068142e-09
2.51510608953e-09	-5.9546608755e-09
2.51634627991e-09	-4.42097225495e-09
2.51758647029e-09	-2.25079574423e-09
2.51882666067e-09	1.86492474241e-10
2.52006685105e-09	2.22898516311e-09
2.52130704143e-09	3.2313655085e-09
2.52254723181e-09	2.89781643126e-09
2.52378742219e-09	1.47953399532e-09
2.52502761256e-09	-2.60985500572e-10
2.52626780294e-09	-1.3355083428e-09
2.52750799332e-09	-9.38168251419e-10
2.5287481837e-09	1.18954553152e-09
2.52998837408e-09	4.60930982271e-09
2.53122856446e-09	8.32918178872e-09
2.53246875484e-09	1.11885701815e-08
2.53370894522e-09	1.23257066775e-08
2.5349491356e-09	1.15109439758e-08
2.53618932598e-09	9.21178799906e-09
2.53742951636e-09	6.34886365702e-09
2.53866970674e-09	3.86070142522e-09
2.53990989712e-09	2.27871263525e-09
2.5411500875e-09	1.50895301809e-09
2.54239027788e-09	9.27297474917e-10
2.54363046826e-09	-2.64513312295e-10
2.54487065864e-09	-2.57884016919e-09
2.54611084902e-09	-5.91200471911e-09
2.54735103939e-09	-9.50483491913e-09
2.54859122977e-09	-1.22232574062e-08
2.54983142015e-09	-1.30456427883e-08
2.55107161053e-09	-1.15326689309e-08
2.55231180091e-09	-8.06852007429e-09
2.55355199129e-09	-3.74908332157e-09
2.55479218167e-09	3.1992190147e-11
2.55603237205e-09	2.1220562807e-09
2.55727256243e-09	2.04559494343e-09
2.55851275281e-09	1.47143037338e-10
2.55975294319e-09	-2.59686827597e-09
2.56099313357e-09	-5.00316821306e-09
2.56223332395e-09	-6.1405638907e-09
2.56347351433e-09	-5.63572349899e-09
2.56471370471e-09	-3.7132988906e-09
2.56595389509e-09	-9.82696965468e-10
2.56719408547e-09	1.89094315206e-09
2.56843427585e-09	4.47745379661e-09
2.56967446623e-09	6.69536426301e-09
2.5709146566e-09	8.72020011755e-09
2.57215484698e-09	1.07462000409e-08
2.57339503736e-09	1.27381245552e-08
2.57463522774e-09	1.43133200847e-08
2.57587541812e-09	1.48178063153e-08
2.5771156085e-09	1.35871518481e-08
2.57835579888e-09	1.02720048023e-08
2.57959598926e-09	5.08684300238e-09
2.58083617964e-09	-1.14529280504e-09
2.58207637002e-09	-7.19121906467e-09
2.5833165604e-09	-1.17829304092e-08
2.58455675078e-09	-1.40379754487e-08
2.58579694116e-09	-1.37486901863e-08
2.58703713154e-09	-1.14302672882e-08
2.58827732192e-09	-8.10041045352e-09
2.5895175123e-09	-4.87826329332e-09
2.59075770268e-09	-2.57088073052e-09
2.59199789306e-09	-1.41840050816e-09
2.59323808343e-09	-1.10940884257e-09
2.59447827381e-09	-1.04136506363e-09
2.59571846419e-09	-7.0134209551e-10
2.59695865457e-09	2.93720534006e-11
2.59819884495e-09	8.0189092172e-10
2.59943903533e-09	9.94390306208e-10
2.60067922571e-09	8.06930113006e-11
2.60191941609e-09	-2.01965907887e-09
2.60315960647e-09	-4.78476641641e-09
2.60439979685e-09	-7.22085058413e-09
2.60563998723e-09	-8.22341783557e-09
2.60688017761e-09	-7.00853020064e-09
2.60812036799e-09	-3.43127642966e-09
2.60936055837e-09	1.94235319495e-09
2.61060074875e-09	8.02210275985e-09
2.61184093913e-09	1.35506952326e-08
2.61308112951e-09	1.74766976446e-08
2.61432131989e-09	1.92061337945e-08
2.61556151026e-09	1.86658717372e-08
2.61680170064e-09	1.61856268388e-08
2.61804189102e-09	1.22912738876e-08
2.6192820814e-09	7.5086477036e-09
2.62052227178e-09	2.26248270119e-09
2.62176246216e-09	-3.10866449249e-09
2.62300265254e-09	-8.26102941609e-09
2.62424284292e-09	-1.27532744365e-08
2.6254830333e-09	-1.60361777191e-08
2.62672322368e-09	-1.75496939203e-08
2.62796341406e-09	-1.6905953748e-08
2.62920360444e-09	-1.40783826819e-08
2.63044379482e-09	-9.50731227078e-09
2.6316839852e-09	-4.0614861474e-09
2.63292417558e-09	1.15354953367e-09
2.63416436596e-09	5.07911518399e-09
2.63540455634e-09	6.99403546189e-09
2.63664474672e-09	6.70765309962e-09
2.63788493709e-09	4.59125398811e-09
2.63912512747e-09	1.43589237722e-09
2.64036531785e-09	-1.815373879e-09
2.64160550823e-09	-4.36255442882e-09
2.64284569861e-09	-5.76384967532e-09
2.64408588899e-09	-5.98769389626e-09
2.64532607937e-09	-5.2966506181e-09
2.64656626975e-09	-4.02667899024e-09
2.64780646013e-09	-2.37556435634e-09
2.64904665051e-09	-3.13975536542e-10
2.65028684089e-09	2.33609023792e-09
2.65152703127e-09	5.69672353734e-09
2.65276722165e-09	9.62017210338e-09
2.65400741203e-09	1.35865021456e-08
2.65524760241e-09	1.67814504515e-08
2.65648779279e-09	1.83361772432e-08
2.65772798317e-09	1.76219066006e-08
2.65896817355e-09	1.44766876264e-08
2.66020836393e-09	9.27387455718e-09
2.6614485543e-09	2.81769479971e-09
2.66268874468e-09	-3.87897330922e-09
2.66392893506e-09	-9.84442349861e-09
2.66516912544e-09	-1.43391472029e-08
2.66640931582e-09	-1.69507137215e-08
2.6676495062e-09	-1.7590795709e-08
2.66888969658e-09	-1.64287787818e-08
2.67012988696e-09	-1.38039404352e-08
2.67137007734e-09	-1.01505222005e-08
2.67261026772e-09	-5.95166127493e-09
2.6738504581e-09	-1.71651079461e-09
2.67509064848e-09	2.03584835101e-09
2.67633083886e-09	4.81329870405e-09
2.67757102924e-09	6.22186335786e-09
2.67881121962e-09	6.06162475769e-09
2.68005141e-09	4.41585223943e-09
2.68129160038e-09	1.6869703412e-09
2.68253179076e-09	-1.45333345358e-09
2.68377198113e-09	-4.20584955751e-09
2.68501217151e-09	-5.84032289197e-09
2.68625236189e-09	-5.8867377084e-09
2.68749255227e-09	-4.25908464052e-09
2.68873274265e-09	-1.26693713853e-09
2.68997293303e-09	2.48696591099e-09
2.69121312341e-09	6.28794827318e-09
2.69245331379e-09	9.50703871183e-09
2.69369350417e-09	1.17462758409e-08
2.69493369455e-09	1.28850358161e-08
2.69617388493e-09	1.30185109359e-08
2.69741407531e-09	1.23261656437e-08
2.69865426569e-09	1.0938949857e-08
2.69989445607e-09	8.87211770717e-09
2.70113464645e-09	6.06113331747e-09
2.70237483683e-09	2.47753720317e-09
2.70361502721e-09	-1.73734224229e-09
2.70485521759e-09	-6.20152523778e-09
2.70609540796e-09	-1.03317222555e-08
2.70733559834e-09	-1.34869646562e-08
2.70857578872e-09	-1.51604204746e-08
2.7098159791e-09	-1.51319148323e-08
2.71105616948e-09	-1.35235738163e-08
2.71229635986e-09	-1.07398974158e-08
2.71353655024e-09	-7.33348337612e-09
2.71477674062e-09	-3.85882081844e-09
2.716016931e-09	-7.69624489139e-10
2.71725712138e-09	1.61817692579e-09
2.71849731176e-09	3.12016182336e-09
2.71973750214e-09	3.66449126599e-09
2.72097769252e-09	3.29135430022e-09
2.7222178829e-09	2.16851908652e-09
2.72345807328e-09	6.02221328361e-10
2.72469826366e-09	-9.83293696466e-10
2.72593845404e-09	-2.1118720106e-09
2.72717864442e-09	-2.35514419078e-09
2.7284188348e-09	-1.44272707669e-09
2.72965902517e-09	6.49844782152e-10
2.73089921555e-09	3.6649891455e-09
2.73213940593e-09	7.09300407298e-09
2.73337959631e-09	1.02760647769e-08
2.73461978669e-09	1.25624236569e-08
2.73585997707e-09	1.34747264458e-08
2.73710016745e-09	1.28334587401e-08
2.73834035783e-09	1.07910961278e-08
2.73958054821e-09	7.76440400863e-09
2.74082073859e-09	4.2854815252e-09
2.74206092897e-09	8.41774636107e-10
2.74330111935e-09	-2.23977886238e-09
2.74454130973e-09	-4.82102407995e-09
2.74578150011e-09	-6.90190671282e-09
2.74702169049e-09	-8.52900061687e-09
2.74826188087e-09	-9.71209324074e-09
2.74950207125e-09	-1.03939987728e-08
2.75074226163e-09	-1.04749361407e-08
2.751982452e-09	-9.88169934768e-09
2.75322264238e-09	-8.6394791321e-09
2.75446283276e-09	-6.91123613894e-09
2.75570302314e-09	-4.97784241604e-09
2.75694321352e-09	-3.15852413668e-09
2.7581834039e-09	-1.70791084053e-09
2.75942359428e-09	-7.29880905714e-10
2.76066378466e-09	-1.58990470095e-10
2.76190397504e-09	1.82843629126e-10
2.76314416542e-09	4.84885437357e-10
2.7643843558e-09	8.54971274333e-10
2.76562454618e-09	1.29456190212e-09
2.76686473656e-09	1.74749575921e-09
2.76810492694e-09	2.19640744481e-09
2.76934511732e-09	2.73405065254e-09
2.7705853077e-09	3.55546420083e-09
2.77182549808e-09	4.86204881911e-09
2.77306568846e-09	6.71461120039e-09
2.77430587883e-09	8.92188289914e-09
2.77554606921e-09	1.10238751461e-08
2.77678625959e-09	1.24029775339e-08
2.77802644997e-09	1.24812811197e-08
2.77926664035e-09	1.09287088268e-08
2.78050683073e-09	7.80401399059e-09
2.78174702111e-09	3.56412865887e-09
2.78298721149e-09	-1.05292563557e-09
2.78422740187e-09	-5.24062299112e-09
2.78546759225e-09	-8.35035507407e-09
2.78670778263e-09	-1.0060108746e-08
2.78794797301e-09	-1.04281401292e-08
2.78918816339e-09	-9.81352243912e-09
2.79042835377e-09	-8.70898375638e-09
2.79166854415e-09	-7.54475126818e-09
2.79290873453e-09	-6.55485982159e-09
2.79414892491e-09	-5.748926446e-09
2.79538911529e-09	-4.99447400104e-09
2.79662930566e-09	-4.15807149823e-09
2.79786949604e-09	-3.22031168398e-09
2.79910968642e-09	-2.31046287658e-09
2.8003498768e-09	-1.63081448346e-09
2.80159006718e-09	-1.32392508068e-09
2.80283025756e-09	-1.35220659669e-09
2.80407044794e-09	-1.46362409692e-09
2.80531063832e-09	-1.27496088687e-09
2.8065508287e-09	-4.33022062651e-10
2.80779101908e-09	1.20872939435e-09
2.80903120946e-09	3.49634227126e-09
2.81027139984e-09	6.00526167682e-09
2.81151159022e-09	8.1937951979e-09
2.8127517806e-09	9.61605250982e-09
2.81399197098e-09	1.00913251089e-08
2.81523216136e-09	9.75932246128e-09
2.81647235174e-09	8.98124152826e-09
2.81771254212e-09	8.14102818492e-09
2.8189527325e-09	7.43508410395e-09
2.82019292287e-09	6.75878519818e-09
2.82143311325e-09	5.75407332892e-09
2.82267330363e-09	3.99558547359e-09
2.82391349401e-09	1.24235378929e-09
2.82515368439e-09	-2.37645800261e-09
2.82639387477e-09	-6.32641022902e-09
2.82763406515e-09	-9.81619674434e-09
2.82887425553e-09	-1.20704670703e-08
2.83011444591e-09	-1.2610238409e-08
2.83135463629e-09	-1.1434532543e-08
2.83259482667e-09	-9.01632124517e-09
2.83383501705e-09	-6.130469965e-09
2.83507520743e-09	-3.57708740406e-09
2.83631539781e-09	-1.91617990919e-09
2.83755558819e-09	-1.31305258333e-09
2.83879577857e-09	-1.53906257183e-09
2.84003596895e-09	-2.12344086759e-09
2.84127615933e-09	-2.56785140373e-09
2.8425163497e-09	-2.54413298761e-09
2.84375654008e-09	-1.98614058533e-09
2.84499673046e-09	-1.05123770799e-09
2.84623692084e-09	1.66665414109e-11
2.84747711122e-09	1.05428381303e-09
2.8487173016e-09	2.07699973886e-09
2.84995749198e-09	3.26641408366e-09
2.85119768236e-09	4.83760931314e-09
2.85243787274e-09	6.85840750858e-09
2.85367806312e-09	9.11841069318e-09
2.8549182535e-09	1.11237821177e-08
2.85615844388e-09	1.22503031053e-08
2.85739863426e-09	1.19867753501e-08
2.85863882464e-09	1.01734854985e-08
2.85987901502e-09	7.10880188048e-09
2.8611192054e-09	3.46926692929e-09
2.86235939578e-09	6.81904879785e-11
2.86359958616e-09	-2.45396378218e-09
2.86483977653e-09	-3.85940146508e-09
2.86607996691e-09	-4.37264291442e-09
2.86732015729e-09	-4.53155413194e-09
2.86856034767e-09	-4.90941776121e-09
2.86980053805e-09	-5.83118792141e-09
2.87104072843e-09	-7.21225024147e-09
2.87228091881e-09	-8.60022275617e-09
2.87352110919e-09	-9.38469013612e-09
2.87476129957e-09	-9.0910908801e-09
2.87600148995e-09	-7.61166540908e-09
2.87724168033e-09	-5.2797302641e-09
2.87848187071e-09	-2.75035941244e-09
2.87972206109e-09	-7.39054505094e-10
2.88096225147e-09	2.58664086678e-10
2.88220244185e-09	1.63351521545e-10
2.88344263223e-09	-6.68602818943e-10
2.88468282261e-09	-1.59489361995e-09
2.88592301299e-09	-1.94687307942e-09
2.88716320336e-09	-1.28914269537e-09
2.88840339374e-09	4.28335748814e-10
2.88964358412e-09	2.87114829134e-09
2.8908837745e-09	5.47675910179e-09
2.89212396488e-09	7.6791197845e-09
2.89336415526e-09	9.11241093693e-09
2.89460434564e-09	9.70329949723e-09
2.89584453602e-09	9.62165802587e-09
2.8970847264e-09	9.13054187812e-09
2.89832491678e-09	8.40615377307e-09
2.89956510716e-09	7.43398964609e-09
2.90080529754e-09	6.02442801201e-09
2.90204548792e-09	3.9515936634e-09
2.9032856783e-09	1.14430401266e-09
2.90452586868e-09	-2.17190185281e-09
2.90576605906e-09	-5.45856365664e-09
2.90700624944e-09	-8.01442923137e-09
2.90824643982e-09	-9.23058995905e-09
2.9094866302e-09	-8.85603246292e-09
2.91072682057e-09	-7.1430592552e-09
2.91196701095e-09	-4.79388001517e-09
2.91320720133e-09	-2.71621894421e-09
2.91444739171e-09	-1.67116680216e-09
2.91568758209e-09	-1.97499569476e-09
2.91692777247e-09	-3.3761226037e-09
2.91816796285e-09	-5.17455239768e-09
2.91940815323e-09	-6.5260699067e-09
2.92064834361e-09	-6.79361700229e-09
2.92188853399e-09	-5.79515685439e-09
2.92312872437e-09	-3.83406550952e-09
2.92436891475e-09	-1.52454539271e-09
2.92560910513e-09	5.06053261795e-10
2.92684929551e-09	1.88770074572e-09
2.92808948589e-09	2.6374806783e-09
2.92932967627e-09	3.10502709655e-09
2.93056986665e-09	3.76435049798e-09
2.93181005703e-09	4.96442498221e-09
2.9330502474e-09	6.73469346957e-09
2.93429043778e-09	8.74000183337e-09
2.93553062816e-09	1.03938548879e-08
2.93677081854e-09	1.10858350277e-08
2.93801100892e-09	1.04296152825e-08
2.9392511993e-09	8.42055214445e-09
2.94049138968e-09	5.44696066029e-09
2.94173158006e-09	2.13786016667e-09
2.94297177044e-09	-8.72751093617e-10
2.94421196082e-09	-3.16805662259e-09
2.9454521512e-09	-4.65815230832e-09
2.94669234158e-09	-5.53106777046e-09
2.94793253196e-09	-6.08775002631e-09
2.94917272234e-09	-6.53941739648e-09
2.95041291272e-09	-6.88241996727e-09
2.9516531031e-09	-6.90419355021e-09
2.95289329348e-09	-6.32363117425e-09
2.95413348386e-09	-4.99659535969e-09
2.95537367423e-09	-3.07425607193e-09
2.95661386461e-09	-1.03344729996e-09
2.95785405499e-09	4.63666702255e-10
2.95909424537e-09	8.26677740151e-10
2.96033443575e-09	-1.88054030681e-10
2.96157462613e-09	-2.31477639834e-09
2.96281481651e-09	-4.81601131197e-09
2.96405500689e-09	-6.71600020041e-09
2.96529519727e-09	-7.15856596223e-09
2.96653538765e-09	-5.73191150099e-09
2.96777557803e-09	-2.63217128649e-09
2.96901576841e-09	1.41455755442e-09
2.97025595879e-09	5.43273176445e-09
2.97149614917e-09	8.55589721294e-09
2.97273633955e-09	1.03167134835e-08
2.97397652993e-09	1.073801148e-08
2.97521672031e-09	1.02164994242e-08
2.97645691069e-09	9.26500409726e-09
2.97769710106e-09	8.2534449275e-09
2.97893729144e-09	7.26415250174e-09
2.98017748182e-09	6.11343503598e-09
2.9814176722e-09	4.51704962323e-09
2.98265786258e-09	2.29433852472e-09
2.98389805296e-09	-4.78575200302e-10
2.98513824334e-09	-3.44425987731e-09
2.98637843372e-09	-6.07019884358e-09
2.9876186241e-09	-7.83928144621e-09
2.98885881448e-09	-8.44481284901e-09
2.99009900486e-09	-7.90371290638e-09
2.99133919524e-09	-6.55003606909e-09
2.99257938562e-09	-4.90049451018e-09
2.993819576e-09	-3.45492973119e-09
2.99505976638e-09	-2.51424142617e-09
2.99629995676e-09	-2.0948518753e-09
2.99754014714e-09	-1.97963445636e-09
2.99878033752e-09	-1.87003321162e-09
3.0000205279e-09	-1.57038843041e-09
3.00126071827e-09	-1.09858055986e-09
3.00250090865e-09	-6.72572553206e-10
3.00374109903e-09	-5.76131052588e-10
3.00498128941e-09	-9.68396030032e-10
3.00622147979e-09	-1.7413829545e-09
3.00746167017e-09	-2.49709466993e-09
3.00870186055e-09	-2.67693578415e-09
3.00994205093e-09	-1.78561532227e-09
3.01118224131e-09	3.75325336782e-10
3.01242243169e-09	3.56948243185e-09
3.01366262207e-09	7.15424974818e-09
3.01490281245e-09	1.02676611657e-08
3.01614300283e-09	1.21146130905e-08
3.01738319321e-09	1.22330757746e-08
3.01862338359e-09	1.06435223968e-08
3.01986357397e-09	7.81575382192e-09
3.02110376435e-09	4.47291187422e-09
3.02234395473e-09	1.32440393374e-09
3.0235841451e-09	-1.1668855604e-09
3.02482433548e-09	-2.88212156918e-09
3.02606452586e-09	-3.99122712658e-09
3.02730471624e-09	-4.78254619241e-09
3.02854490662e-09	-5.47933326489e-09
3.029785097e-09	-6.12927286703e-09
3.03102528738e-09	-6.60617494042e-09
3.03226547776e-09	-6.71535516084e-09
3.03350566814e-09	-6.32578134319e-09
3.03474585852e-09	-5.46493478248e-09
3.0359860489e-09	-4.32378233217e-09
3.03722623928e-09	-3.18165885305e-09
3.03846642966e-09	-2.29072014135e-09
3.03970662004e-09	-1.77142439606e-09
3.04094681042e-09	-1.57298504777e-09
3.0421870008e-09	-1.50164466972e-09
3.04342719118e-09	-1.31180363794e-09
3.04466738156e-09	-8.14581999076e-10
3.04590757193e-09	3.71889906023e-11
3.04714776231e-09	1.12424701493e-09
3.04838795269e-09	2.21387283506e-09
3.04962814307e-09	3.06216521584e-09
3.05086833345e-09	3.53233298167e-09
3.05210852383e-09	3.66358154924e-09
3.05334871421e-09	3.65825864046e-09
3.05458890459e-09	3.78526227029e-09
3.05582909497e-09	4.23862805965e-09
3.05706928535e-09	5.0225443804e-09
3.05830947573e-09	5.91249510462e-09
3.05954966611e-09	6.52798559653e-09
3.06078985649e-09	6.47889925043e-09
3.06203004687e-09	5.52939255494e-09
3.06327023725e-09	3.70672725847e-09
3.06451042763e-09	1.3063057025e-09
3.06575061801e-09	-1.20393581216e-09
3.06699080839e-09	-3.34760458243e-09
3.06823099876e-09	-4.79543305065e-09
3.06947118914e-09	-5.46263545509e-09
3.07071137952e-09	-5.5074188543e-09
3.0719515699e-09	-5.23867910163e-09
3.07319176028e-09	-4.97936530897e-09
3.07443195066e-09	-4.93677970725e-09
3.07567214104e-09	-5.13894382603e-09
3.07691233142e-09	-5.44536082892e-09
3.0781525218e-09	-5.62866597775e-09
3.07939271218e-09	-5.47732520451e-09
3.08063290256e-09	-4.8732637925e-09
3.08187309294e-09	-3.82020842737e-09
3.08311328332e-09	-2.4146870059e-09
3.0843534737e-09	-7.94523807857e-10
3.08559366408e-09	9.10273662003e-10
3.08683385446e-09	2.59447224815e-09
3.08807404484e-09	4.16505219203e-09
3.08931423522e-09	5.52008833088e-09
3.0905544256e-09	6.53443177345e-09
3.09179461597e-09	7.0763591653e-09
3.09303480635e-09	7.04213143354e-09
3.09427499673e-09	6.40239011807e-09
3.09551518711e-09	5.23453536072e-09
3.09675537749e-09	3.72831920892e-09
3.09799556787e-09	2.16010076493e-09
3.09923575825e-09	8.29721097384e-10
3.10047594863e-09	-1.54461361236e-11
3.10171613901e-09	-2.60280567932e-10
3.10295632939e-09	3.33277953846e-11
3.10419651977e-09	6.34258416621e-10
3.10543671015e-09	1.20963991601e-09
3.10667690053e-09	1.43707051814e-09
3.10791709091e-09	1.111479353e-09
3.10915728129e-09	2.13493295959e-10
3.11039747167e-09	-1.1013137069e-09
3.11163766205e-09	-2.57562227102e-09
3.11287785243e-09	-3.95328547675e-09
3.1141180428e-09	-5.06523256671e-09
3.11535823318e-09	-5.85823528576e-09
3.11659842356e-09	-6.36915642449e-09
3.11783861394e-09	-6.65728039362e-09
3.11907880432e-09	-6.74287969904e-09
3.1203189947e-09	-6.57542131854e-09
3.12155918508e-09	-6.04618904942e-09
3.12279937546e-09	-5.03955172038e-09
3.12403956584e-09	-3.49116413556e-09
3.12527975622e-09	-1.43644124373e-09
3.1265199466e-09	9.78767830673e-10
3.12776013698e-09	3.51774015472e-09
3.12900032736e-09	5.89978521592e-09
3.13024051774e-09	7.85542142445e-09
3.13148070812e-09	9.16654019356e-09
3.1327208985e-09	9.69393432193e-09
3.13396108888e-09	9.38196176303e-09
3.13520127926e-09	8.26048718316e-09
3.13644146963e-09	6.4439618086e-09
3.13768166001e-09	4.13281303624e-09
3.13892185039e-09	1.60967404683e-09
3.14016204077e-09	-7.88296962428e-10
3.14140223115e-09	-2.71508598937e-09
3.14264242153e-09	-3.88640869486e-09
3.14388261191e-09	-4.14749429245e-09
3.14512280229e-09	-3.52209322818e-09
3.14636299267e-09	-2.22310428399e-09
3.14760318305e-09	-6.1451471689e-10
3.14884337343e-09	8.63108265414e-10
3.15008356381e-09	1.79863715588e-09
3.15132375419e-09	1.90860244276e-09
3.15256394457e-09	1.1089711649e-09
3.15380413495e-09	-4.65620000889e-10
3.15504432533e-09	-2.50539552993e-09
3.15628451571e-09	-4.61278359953e-09
3.15752470609e-09	-6.41036118632e-09
3.15876489646e-09	-7.6214538014e-09
3.16000508684e-09	-8.10877731627e-09
3.16124527722e-09	-7.85909837209e-09
3.1624854676e-09	-6.93577606459e-09
3.16372565798e-09	-5.43301603706e-09
3.16496584836e-09	-3.44888423376e-09
3.16620603874e-09	-1.09470572884e-09
3.16744622912e-09	1.48240646147e-09
3.1686864195e-09	4.07599620722e-09
3.16992660988e-09	6.42592112854e-09
3.17116680026e-09	8.25984036723e-09
3.17240699064e-09	9.35429145255e-09
3.17364718102e-09	9.59799961731e-09
3.1748873714e-09	9.01964236633e-09
3.17612756178e-09	7.77241038197e-09
3.17736775216e-09	6.07408573439e-09
3.17860794254e-09	4.13638223673e-09
3.17984813292e-09	2.12061823657e-09
3.1810883233e-09	1.34003976318e-10
3.18232851367e-09	-1.72780997842e-09
3.18356870405e-09	-3.33457333968e-09
3.18480889443e-09	-4.50319154188e-09
3.18604908481e-09	-5.03483921221e-09
3.18728927519e-09	-4.79590084312e-09
3.18852946557e-09	-3.80317849435e-09
3.18976965595e-09	-2.27453034185e-09
3.19100984633e-09	-6.02761007773e-10
3.19225003671e-09	7.37532909745e-10
3.19349022709e-09	1.32755348381e-09
3.19473041747e-09	9.35958158199e-10
3.19597060785e-09	-4.01985930654e-10
3.19721079823e-09	-2.38270642106e-09
3.19845098861e-09	-4.51979059735e-09
3.19969117899e-09	-6.27939938935e-09
3.20093136937e-09	-7.23217885579e-09
3.20217155975e-09	-7.16453951721e-09
3.20341175013e-09	-6.11431666409e-09
3.2046519405e-09	-4.32578056708e-09
3.20589213088e-09	-2.14224177286e-09
3.20713232126e-09	1.10098059142e-10
3.20837251164e-09	2.20709231447e-09
3.20961270202e-09	4.04290378953e-09
3.2108528924e-09	5.58651735982e-09
3.21209308278e-09	6.81353951038e-09
3.21333327316e-09	7.65261154445e-09
3.21457346354e-09	7.98441390781e-09
3.21581365392e-09	7.69038766002e-09
3.2170538443e-09	6.7306300533e-09
3.21829403468e-09	5.20245757585e-09
3.21953422506e-09	3.34573163618e-09
3.22077441544e-09	1.48608700345e-09
3.22201460582e-09	-7.09444881314e-11
3.2232547962e-09	-1.14324033573e-09
3.22449498658e-09	-1.73207959087e-09
3.22573517696e-09	-2.00472030643e-09
3.22697536733e-09	-2.20485368851e-09
3.22821555771e-09	-2.52866752537e-09
3.22945574809e-09	-3.0208436308e-09
3.23069593847e-09	-3.5518061825e-09
3.23193612885e-09	-3.88443738286e-09
3.23317631923e-09	-3.80944203959e-09
3.23441650961e-09	-3.27795007804e-09
3.23565669999e-09	-2.46067993759e-09
3.23689689037e-09	-1.69530772753e-09
3.23813708075e-09	-1.33638618227e-09
3.23937727113e-09	-1.5842704093e-09
3.24061746151e-09	-2.36842212509e-09
3.24185765189e-09	-3.3509606201e-09
3.24309784227e-09	-4.04920158514e-09
3.24433803265e-09	-4.02359201512e-09
3.24557822303e-09	-3.05304181936e-09
3.24681841341e-09	-1.22253135393e-09
3.24805860379e-09	1.10234374406e-09
3.24929879416e-09	3.40556094436e-09
3.25053898454e-09	5.19532361576e-09
3.25177917492e-09	6.15952788774e-09
3.2530193653e-09	6.24967289031e-09
3.25425955568e-09	5.66307623018e-09
3.25549974606e-09	4.74075145807e-09
3.25673993644e-09	3.82075554528e-09
3.25798012682e-09	3.11295614286e-09
3.2592203172e-09	2.64154673135e-09
3.26046050758e-09	2.27723531698e-09
3.26170069796e-09	1.83962672873e-09
3.26294088834e-09	1.21136582709e-09
3.26418107872e-09	4.1003625495e-10
3.2654212691e-09	-4.21250666294e-10
3.26666145948e-09	-1.09606063114e-09
3.26790164986e-09	-1.49661734394e-09
3.26914184024e-09	-1.65404412389e-09
3.27038203062e-09	-1.7473757441e-09
3.271622221e-09	-2.02179020747e-09
3.27286241137e-09	-2.65789137921e-09
3.27410260175e-09	-3.65803770608e-09
3.27534279213e-09	-4.80760148358e-09
3.27658298251e-09	-5.7364669126e-09
3.27782317289e-09	-6.06155109439e-09
3.27906336327e-09	-5.5483432293e-09
3.28030355365e-09	-4.22462775873e-09
3.28154374403e-09	-2.38760522464e-09
3.28278393441e-09	-4.9639375943e-10
3.28402412479e-09	1.00689098725e-09
3.28526431517e-09	1.87351395509e-09
3.28650450555e-09	2.13953932349e-09
3.28774469593e-09	2.09115091909e-09
3.28898488631e-09	2.11367126579e-09
3.29022507669e-09	2.49781539896e-09
3.29146526707e-09	3.29282004441e-09
3.29270545745e-09	4.2744427442e-09
3.29394564783e-09	5.04631181286e-09
3.2951858382e-09	5.22231524691e-09
3.29642602858e-09	4.60659183021e-09
3.29766621896e-09	3.28805399574e-09
3.29890640934e-09	1.61283596201e-09
3.30014659972e-09	5.16290881575e-11
3.3013867901e-09	-9.80692485553e-10
3.30262698048e-09	-1.27306264142e-09
3.30386717086e-09	-8.84988679561e-10
3.30510736124e-09	-1.09641662069e-10
3.30634755162e-09	6.45437939206e-10
3.307587742e-09	1.01058740543e-09
3.30882793238e-09	7.83239549607e-10
3.31006812276e-09	-1.74240665299e-11
3.31130831314e-09	-1.18120731252e-09
3.31254850352e-09	-2.41262954059e-09
3.3137886939e-09	-3.45810285962e-09
3.31502888428e-09	-4.19664847318e-09
3.31626907466e-09	-4.65449884191e-09
3.31750926503e-09	-4.93671287183e-09
3.31874945541e-09	-5.12064196601e-09
3.31998964579e-09	-5.16587350674e-09
3.32122983617e-09	-4.90188734048e-09
3.32247002655e-09	-4.10249234584e-09
3.32371021693e-09	-2.61556126757e-09
3.32495040731e-09	-4.85639459202e-10
3.32619059769e-09	2.00014044216e-09
3.32743078807e-09	4.3705635222e-09
3.32867097845e-09	6.12108108644e-09
3.32991116883e-09	6.89197388049e-09
3.33115135921e-09	6.60178733902e-09
3.33239154959e-09	5.47817974317e-09
3.33363173997e-09	3.96733512709e-09
3.33487193035e-09	2.56191423631e-09
3.33611212073e-09	1.61384253183e-09
3.33735231111e-09	1.21391252605e-09
3.33859250149e-09	1.1850541104e-09
3.33983269186e-09	1.19240922691e-09
3.34107288224e-09	9.20308246277e-10
3.34231307262e-09	2.29946409136e-10
3.343553263e-09	-7.68037321242e-10
3.34479345338e-09	-1.76529224571e-09
3.34603364376e-09	-2.40308137278e-09
3.34727383414e-09	-2.44600148469e-09
3.34851402452e-09	-1.90159263336e-09
3.3497542149e-09	-1.02799289914e-09
3.35099440528e-09	-2.34214272976e-10
3.35223459566e-09	8.80655184193e-11
3.35347478604e-09	-2.7961789828e-10
3.35471497642e-09	-1.29901296664e-09
3.3559551668e-09	-2.69282096621e-09
3.35719535718e-09	-4.05234612533e-09
3.35843554756e-09	-4.98300706253e-09
3.35967573794e-09	-5.2365344283e-09
3.36091592832e-09	-4.77408734767e-09
3.3621561187e-09	-3.74833242223e-09
3.36339630907e-09	-2.41429942704e-09
3.36463649945e-09	-1.01080779857e-09
3.36587668983e-09	3.30297234008e-10
3.36711688021e-09	1.60924812365e-09
3.36835707059e-09	2.9016415104e-09
3.36959726097e-09	4.25646468072e-09
3.37083745135e-09	5.59993673654e-09
3.37207764173e-09	6.70553323978e-09
3.37331783211e-09	7.25841753368e-09
3.37455802249e-09	6.98612634409e-09
3.37579821287e-09	5.80247550008e-09
3.37703840325e-09	3.88443005539e-09
3.37827859363e-09	1.64343788578e-09
3.37951878401e-09	-4.08006878283e-10
3.38075897439e-09	-1.8388948142e-09
3.38199916477e-09	-2.45037987123e-09
3.38323935515e-09	-2.3380123948e-09
3.38447954553e-09	-1.83133641585e-09
3.3857197359e-09	-1.34664521201e-09
3.38695992628e-09	-1.21115391327e-09
3.38820011666e-09	-1.53506074518e-09
3.38944030704e-09	-2.18411685959e-09
3.39068049742e-09	-2.85714335524e-09
3.3919206878e-09	-3.23925841705e-09
3.39316087818e-09	-3.15051087996e-09
3.39440106856e-09	-2.63096791575e-09
3.39564125894e-09	-1.91983415276e-09
3.39688144932e-09	-1.34095354265e-09
3.3981216397e-09	-1.15134662915e-09
3.39936183008e-09	-1.41796815956e-09
3.40060202046e-09	-1.98554953035e-09
3.40184221084e-09	-2.53784687709e-09
3.40308240122e-09	-2.72973302295e-09
3.4043225916e-09	-2.32612662465e-09
3.40556278198e-09	-1.289213028e-09
3.40680297236e-09	2.14112554076e-10
3.40804316273e-09	1.88757259822e-09
3.40928335311e-09	3.41755218569e-09
3.41052354349e-09	4.58303767159e-09
3.41176373387e-09	5.30971167034e-09
3.41300392425e-09	5.65470420488e-09
3.41424411463e-09	5.73546465876e-09
3.41548430501e-09	5.63605595527e-09
3.41672449539e-09	5.34691863008e-09
3.41796468577e-09	4.76240225034e-09
3.41920487615e-09	3.74877745513e-09
3.42044506653e-09	2.24333843168e-09
3.42168525691e-09	3.36529588918e-10
3.42292544729e-09	-1.70734212879e-09
3.42416563767e-09	-3.51642776009e-09
3.42540582805e-09	-4.73422423486e-09
3.42664601843e-09	-5.15617526453e-09
3.42788620881e-09	-4.81183265455e-09
3.42912639919e-09	-3.95791083241e-09
3.43036658956e-09	-2.98117067143e-09
3.43160677994e-09	-2.2466802585e-09
3.43284697032e-09	-1.96378002748e-09
3.4340871607e-09	-2.11692779972e-09
3.43532735108e-09	-2.49640269567e-09
3.43656754146e-09	-2.80574322109e-09
3.43780773184e-09	-2.79750267396e-09
3.43904792222e-09	-2.37802874614e-09
3.4402881126e-09	-1.63206143045e-09
3.44152830298e-09	-7.71656710752e-10
3.44276849336e-09	-2.7236221091e-11
3.44400868374e-09	4.57628400452e-10
3.44524887412e-09	6.8665544084e-10
3.4464890645e-09	8.01715444032e-10
3.44772925488e-09	1.01016559007e-09
3.44896944526e-09	1.48984878601e-09
3.45020963564e-09	2.30409236135e-09
3.45144982602e-09	3.37202760159e-09
3.4526900164e-09	4.49405568315e-09
3.45393020677e-09	5.42316985763e-09
3.45517039715e-09	5.94961230282e-09
3.45641058753e-09	5.96064736458e-09
3.45765077791e-09	5.46169659499e-09
3.45889096829e-09	4.54641441161e-09
3.46013115867e-09	3.34484195896e-09
3.46137134905e-09	1.96947780307e-09
3.46261153943e-09	4.88112508745e-10
3.46385172981e-09	-1.06345234008e-09
3.46509192019e-09	-2.64435517927e-09
3.46633211057e-09	-4.1625968783e-09
3.46757230095e-09	-5.45952316688e-09
3.46881249133e-09	-6.3330727329e-09
3.47005268171e-09	-6.60289811716e-09
3.47129287209e-09	-6.18898710059e-09
3.47253306247e-09	-5.16354137226e-09
3.47377325285e-09	-3.75507380745e-09
3.47501344323e-09	-2.28681845682e-09
3.4762536336e-09	-1.08008013644e-09
3.47749382398e-09	-3.5130424611e-10
3.47873401436e-09	-1.47273989878e-10
3.47997420474e-09	-3.4250227654e-10
3.48121439512e-09	-6.92553688009e-10
3.4824545855e-09	-9.30705582047e-10
3.48369477588e-09	-8.58266430148e-10
3.48493496626e-09	-4.05755568034e-10
3.48617515664e-09	3.62851769464e-10
3.48741534702e-09	1.29621836875e-09
3.4886555374e-09	2.22622326129e-09
3.48989572778e-09	3.03623629017e-09
3.49113591816e-09	3.68755337377e-09
3.49237610854e-09	4.2086775176e-09
3.49361629892e-09	4.64834520875e-09
3.4948564893e-09	5.02616115394e-09
3.49609667968e-09	5.30517968444e-09
3.49733687006e-09	5.39473316019e-09
3.49857706043e-09	5.18560827611e-09
3.49981725081e-09	4.58876331377e-09
3.50105744119e-09	3.57134438689e-09
3.50229763157e-09	2.16846213208e-09
3.50353782195e-09	4.77642744801e-10
3.50477801233e-09	-1.35826480618e-09
3.50601820271e-09	-3.17546877682e-09
3.50725839309e-09	-4.80789658086e-09
3.50849858347e-09	-6.10864175909e-09
3.50973877385e-09	-6.96127200328e-09
3.51097896423e-09	-7.29092297647e-09
3.51221915461e-09	-7.07027514313e-09
3.51345934499e-09	-6.32091096131e-09
3.51469953537e-09	-5.11869718833e-09
3.51593972575e-09	-3.59353607982e-09
3.51717991613e-09	-1.93007324012e-09
3.51842010651e-09	-3.50125511916e-10
3.51966029689e-09	9.20551537775e-10
3.52090048727e-09	1.70258657173e-09
3.52214067764e-09	1.91902102542e-09
3.52338086802e-09	1.62662006087e-09
3.5246210584e-09	1.01457502122e-09
3.52586124878e-09	3.54803172953e-10
3.52710143916e-09	-7.34118061479e-11
3.52834162954e-09	-6.30363513124e-11
3.52958181992e-09	4.65608336608e-10
3.5308220103e-09	1.45551509734e-09
3.53206220068e-09	2.73707229104e-09
3.53330239106e-09	4.08397826668e-09
3.53454258144e-09	5.26898297215e-09
3.53578277182e-09	6.11045580801e-09
3.5370229622e-09	6.49623976834e-09
3.53826315258e-09	6.38430208699e-09
3.53950334296e-09	5.79099368458e-09
3.54074353334e-09	4.76671568883e-09
3.54198372372e-09	3.38303496328e-09
3.5432239141e-09	1.7248031059e-09
3.54446410447e-09	-1.06155733509e-10
3.54570429485e-09	-1.98718561051e-09
3.54694448523e-09	-3.78050024619e-09
3.54818467561e-09	-5.34680988373e-09
3.54942486599e-09	-6.5702743246e-09
3.55066505637e-09	-7.37044636434e-09
3.55190524675e-09	-7.70524810623e-09
3.55314543713e-09	-7.56049389761e-09
3.55438562751e-09	-6.93927693085e-09
3.55562581789e-09	-5.8656940416e-09
3.55686600827e-09	-4.39867137159e-09
3.55810619865e-09	-2.65459346172e-09
3.55934638903e-09	-8.10320893718e-10
3.56058657941e-09	9.14480657865e-10
3.56182676979e-09	2.29897864634e-09
3.56306696017e-09	3.17341586342e-09
3.56430715055e-09	3.45803929935e-09
3.56554734093e-09	3.18549353562e-09
3.5667875313e-09	2.49448617318e-09
3.56802772168e-09	1.60790362969e-09
3.56926791206e-09	7.91214829765e-10
3.57050810244e-09	2.98899023587e-10
3.57174829282e-09	3.18585158254e-10
3.5729884832e-09	9.17721787452e-10
3.57422867358e-09	2.02083808021e-09
3.57546886396e-09	3.42003431131e-09
3.57670905434e-09	4.82896717058e-09
3.57794924472e-09	5.9554569054e-09
3.5791894351e-09	6.56945897681e-09
3.58042962548e-09	6.54530996069e-09
3.58166981586e-09	5.86182902218e-09
3.58291000624e-09	4.58176563356e-09
3.58415019662e-09	2.81875658925e-09
3.585390387e-09	7.17855205834e-10
3.58663057738e-09	-1.55201625163e-09
3.58787076776e-09	-3.79861098132e-09
3.58911095813e-09	-5.81081588402e-09
3.59035114851e-09	-7.38359418051e-09
3.59159133889e-09	-8.35045288472e-09
3.59283152927e-09	-8.62255000733e-09
3.59407171965e-09	-8.21122858596e-09
3.59531191003e-09	-7.22575066447e-09
3.59655210041e-09	-5.84376269597e-09
3.59779229079e-09	-4.26036866896e-09
3.59903248117e-09	-2.64136518213e-09
3.60027267155e-09	-1.08978243096e-09
3.60151286193e-09	3.51646850527e-10
3.60275305231e-09	1.66940586355e-09
3.60399324269e-09	2.83565068648e-09
3.60523343307e-09	3.7754829818e-09
3.60647362345e-09	4.3724760479e-09
3.60771381383e-09	4.50888015813e-09
3.60895400421e-09	4.13359679818e-09
3.61019419459e-09	3.31570410017e-09
3.61143438497e-09	2.25823096334e-09
3.61267457534e-09	1.25764271219e-09
3.61391476572e-09	6.16730291836e-10
3.6151549561e-09	5.50690354428e-10
3.61639514648e-09	1.11333062214e-09
3.61763533686e-09	2.17897727639e-09
3.61887552724e-09	3.47601813999e-09
3.62011571762e-09	4.66222427331e-09
3.621355908e-09	5.41648553787e-09
3.62259609838e-09	5.51399903514e-09
3.62383628876e-09	4.87433338137e-09
3.62507647914e-09	3.56197166207e-09
3.62631666952e-09	1.75305153727e-09
3.6275568599e-09	-3.24928833839e-10
3.62879705028e-09	-2.45232392726e-09
3.63003724066e-09	-4.45226228107e-09
3.63127743104e-09	-6.1960564457e-09
3.63251762142e-09	-7.57713214394e-09
3.6337578118e-09	-8.48573411538e-09
3.63499800217e-09	-8.80190786923e-09
3.63623819255e-09	-8.42513103727e-09
3.63747838293e-09	-7.32733995701e-09
3.63871857331e-09	-5.5995537096e-09
3.63995876369e-09	-3.46506973115e-09
3.64119895407e-09	-1.23515096762e-09
3.64243914445e-09	7.72672398286e-10
3.64367933483e-09	2.32770913655e-09
3.64491952521e-09	3.34619848497e-09
3.64615971559e-09	3.893921241e-09
3.64739990597e-09	4.13274525712e-09
3.64864009635e-09	4.23150881002e-09
3.64988028673e-09	4.28909951999e-09
3.65112047711e-09	4.29617441622e-09
3.65236066749e-09	4.15858786296e-09
3.65360085787e-09	3.76805103786e-09
3.65484104825e-09	3.08572009611e-09
3.65608123863e-09	2.19978760208e-09
3.657321429e-09	1.31949094706e-09
3.65856161938e-09	7.08408748329e-10
3.65980180976e-09	5.75184677665e-10
3.66104200014e-09	9.74074140792e-10
3.66228219052e-09	1.7602113378e-09
3.6635223809e-09	2.62144089769e-09
3.66476257128e-09	3.18191442639e-09
3.66600276166e-09	3.12988887585e-09
3.66724295204e-09	2.3248830916e-09
3.66848314242e-09	8.37769756346e-10
3.6697233328e-09	-1.08351223826e-09
3.67096352318e-09	-3.10293263306e-09
3.67220371356e-09	-4.90342955128e-09
3.67344390394e-09	-6.26500035183e-09
3.67468409432e-09	-7.09600878057e-09
3.6759242847e-09	-7.4095102276e-09
3.67716447508e-09	-7.2701045184e-09
3.67840466546e-09	-6.73807931673e-09
3.67964485583e-09	-5.83865006343e-09
3.68088504621e-09	-4.57159343714e-09
3.68212523659e-09	-2.94907576137e-09
3.68336542697e-09	-1.0463577782e-09
3.68460561735e-09	9.70258137722e-10
3.68584580773e-09	2.85630630259e-09
3.68708599811e-09	4.3482818457e-09
3.68832618849e-09	5.24910875876e-09
3.68956637887e-09	5.50070561323e-09
3.69080656925e-09	5.21223453287e-09
3.69204675963e-09	4.61924681838e-09
3.69328695001e-09	3.99168298415e-09
3.69452714039e-09	3.52724677244e-09
3.69576733077e-09	3.27804811073e-09
3.69700752115e-09	3.14661571799e-09
3.69824771153e-09	2.94891042141e-09
3.69948790191e-09	2.51914913929e-09
3.70072809229e-09	1.80111681125e-09
3.70196828267e-09	8.87088472123e-10
3.70320847304e-09	-1.63386977559e-11
3.70444866342e-09	-6.81085375598e-10
3.7056888538e-09	-9.64129540093e-10
3.70692904418e-09	-8.83079803726e-10
3.70816923456e-09	-6.20443835198e-10
3.70940942494e-09	-4.57098095485e-10
3.71064961532e-09	-6.57598454856e-10
3.7118898057e-09	-1.3574968788e-09
3.71312999608e-09	-2.50167989102e-09
3.71437018646e-09	-3.85591270025e-09
3.71561037684e-09	-5.09089392864e-09
3.71685056722e-09	-5.89664084227e-09
3.7180907576e-09	-6.08512623623e-09
3.71933094798e-09	-5.63768370876e-09
3.72057113836e-09	-4.68626482064e-09
3.72181132874e-09	-3.44480560743e-09
3.72305151912e-09	-2.1208127754e-09
3.7242917095e-09	-8.50199757818e-10
3.72553189987e-09	3.25395956707e-10
3.72677209025e-09	1.4314767427e-09
3.72801228063e-09	2.50535525659e-09
3.72925247101e-09	3.5412472954e-09
3.73049266139e-09	4.4631189855e-09
3.73173285177e-09	5.14286929709e-09
3.73297304215e-09	5.45189915435e-09
3.73421323253e-09	5.32590160862e-09
3.73545342291e-09	4.80701600747e-09
3.73669361329e-09	4.04195998893e-09
3.73793380367e-09	3.23122306689e-09
3.73917399405e-09	2.54936027844e-09
3.74041418443e-09	2.07336595115e-09
3.74165437481e-09	1.7497492899e-09
3.74289456519e-09	1.42204453768e-09
3.74413475557e-09	9.06919664367e-10
3.74537494595e-09	8.78589779055e-11
3.74661513633e-09	-1.01685083964e-09
3.7478553267e-09	-2.24502189061e-09
3.74909551708e-09	-3.34514699274e-09
3.75033570746e-09	-4.07606365327e-09
3.75157589784e-09	-4.30527136164e-09
3.75281608822e-09	-4.0643445276e-09
3.7540562786e-09	-3.53571577572e-09
3.75529646898e-09	-2.97528668369e-09
3.75653665936e-09	-2.60591087597e-09
3.75777684974e-09	-2.52542137202e-09
3.75901704012e-09	-2.67105260132e-09
3.7602572305e-09	-2.85163950786e-09
3.76149742088e-09	-2.83366510812e-09
3.76273761126e-09	-2.44294448559e-09
3.76397780164e-09	-1.63672370102e-09
3.76521799202e-09	-5.19544650357e-10
3.7664581824e-09	7.02858826696e-10
3.76769837278e-09	1.80566234187e-09
3.76893856316e-09	2.62837951404e-09
3.77017875353e-09	3.12407039127e-09
3.77141894391e-09	3.35788091776e-09
3.77265913429e-09	3.46127143613e-09
3.77389932467e-09	3.56323021089e-09
3.77513951505e-09	3.73006925347e-09
3.77637970543e-09	3.93641108598e-09
3.77761989581e-09	4.07962996718e-09
3.77886008619e-09	4.029022449e-09
3.78010027657e-09	3.68812969054e-09
3.78134046695e-09	3.04237249282e-09
3.78258065733e-09	2.16726811497e-09
3.78382084771e-09	1.19411908139e-09
3.78506103809e-09	2.47858233937e-10
3.78630122847e-09	-6.09453765232e-10
3.78754141885e-09	-1.39948536093e-09
3.78878160923e-09	-2.2001130362e-09
3.79002179961e-09	-3.0811698748e-09
3.79126198999e-09	-4.03913685831e-09
3.79250218037e-09	-4.9642018829e-09
3.79374237074e-09	-5.66103425248e-09
3.79498256112e-09	-5.91702775665e-09
3.7962227515e-09	-5.58896262604e-09
3.79746294188e-09	-4.67156241468e-09
3.79870313226e-09	-3.3160422741e-09
3.79994332264e-09	-1.79122958133e-09
3.80118351302e-09	-3.9784129463e-10
3.8024237034e-09	6.30924555656e-10
3.80366389378e-09	1.20385407198e-09
3.80490408416e-09	1.39207494143e-09
3.80614427454e-09	1.38543497508e-09
3.80738446492e-09	1.40515800384e-09
3.8086246553e-09	1.60765775692e-09
3.80986484568e-09	2.02418384831e-09
3.81110503606e-09	2.55924506587e-09
3.81234522644e-09	3.04642147619e-09
3.81358541682e-09	3.33170674383e-09
3.8148256072e-09	3.34328487117e-09
3.81606579757e-09	3.11822886956e-09
3.81730598795e-09	2.77574696561e-09
3.81854617833e-09	2.45656814335e-09
3.81978636871e-09	2.25640089946e-09
3.82102655909e-09	2.18369147764e-09
3.82226674947e-09	2.1565851327e-09
3.82350693985e-09	2.03668165666e-09
3.82474713023e-09	1.68572739101e-09
3.82598732061e-09	1.02091037013e-09
3.82722751099e-09	5.03156344714e-11
3.82846770137e-09	-1.1266561295e-09
3.82970789175e-09	-2.35281388816e-09
3.83094808213e-09	-3.46728062928e-09
3.83218827251e-09	-4.35703351176e-09
3.83342846289e-09	-4.98082064482e-09
3.83466865327e-09	-5.35599903317e-09
3.83590884365e-09	-5.51541834426e-09
3.83714903403e-09	-5.46094042209e-09
3.8383892244e-09	-5.14205505953e-09
3.83962941478e-09	-4.47541598225e-09
3.84086960516e-09	-3.39942046734e-09
3.84210979554e-09	-1.9339495283e-09
3.84334998592e-09	-2.13625075962e-10
3.8445901763e-09	1.52869605863e-09
3.84583036668e-09	3.02448910361e-09
3.84707055706e-09	4.053608893e-09
3.84831074744e-09	4.51501008802e-09
3.84955093782e-09	4.45396974857e-09
3.8507911282e-09	4.0377947097e-09
3.85203131858e-09	3.48918799409e-09
3.85327150896e-09	3.00610580872e-09
3.85451169934e-09	2.69782896023e-09
3.85575188972e-09	2.56053744874e-09
3.8569920801e-09	2.49941362052e-09
3.85823227048e-09	2.38415742704e-09
3.85947246086e-09	2.11464892819e-09
3.86071265123e-09	1.66591324069e-09
3.86195284161e-09	1.09538450532e-09
3.86319303199e-09	5.10221920269e-10
3.86443322237e-09	1.2770450062e-11
3.86567341275e-09	-3.48609835443e-10
3.86691360313e-09	-6.00572057363e-10
3.86815379351e-09	-8.29085564091e-10
3.86939398389e-09	-1.13805000146e-09
3.87063417427e-09	-1.60191575282e-09
3.87187436465e-09	-2.23373483599e-09
3.87311455503e-09	-2.97943272831e-09
3.87435474541e-09	-3.73540165466e-09
3.87559493579e-09	-4.38011360515e-09
3.87683512617e-09	-4.80588491225e-09
3.87807531655e-09	-4.94166318976e-09
3.87931550693e-09	-4.76110872949e-09
3.88055569731e-09	-4.27584717633e-09
3.88179588769e-09	-3.51950896205e-09
3.88303607807e-09	-2.52913112675e-09
3.88427626844e-09	-1.33612568232e-09
3.88551645882e-09	2.75098320859e-11
3.8867566492e-09	1.50928186615e-09
3.88799683958e-09	3.01432051542e-09
3.88923702996e-09	4.39941044705e-09
3.89047722034e-09	5.49279860484e-09
3.89171741072e-09	6.14010808864e-09
3.8929576011e-09	6.25564577916e-09
3.89419779148e-09	5.8557628746e-09
3.89543798186e-09	5.05600578071e-09
3.89667817224e-09	4.03145417049e-09
3.89791836262e-09	2.95859470256e-09
3.899158553e-09	1.96315275147e-09
3.90039874338e-09	1.0973364023e-09
3.90163893376e-09	3.4933705928e-10
3.90287912414e-09	-3.23345308861e-10
3.90411931452e-09	-9.56575221811e-10
3.9053595049e-09	-1.55511990785e-09
3.90659969527e-09	-2.08862463436e-09
3.90783988565e-09	-2.50722839712e-09
3.90908007603e-09	-2.76563011381e-09
3.91032026641e-09	-2.84688503327e-09
3.91156045679e-09	-2.77473760635e-09
3.91280064717e-09	-2.6108765705e-09
3.91404083755e-09	-2.43820166834e-09
3.91528102793e-09	-2.33498534397e-09
3.91652121831e-09	-2.3504661828e-09
3.91776140869e-09	-2.48893075594e-09
3.91900159907e-09	-2.70891792331e-09
3.92024178945e-09	-2.93475127533e-09
3.92148197983e-09	-3.07454930959e-09
3.92272217021e-09	-3.03865110851e-09
3.92396236059e-09	-2.7527745361e-09
3.92520255097e-09	-2.1676010431e-09
3.92644274135e-09	-1.26614216334e-09
3.92768293173e-09	-7.12564764138e-11
3.9289231221e-09	1.34915627281e-09
3.93016331248e-09	2.88363294354e-09
3.93140350286e-09	4.3867490751e-09
3.93264369324e-09	5.69848468412e-09
3.93388388362e-09	6.66672062e-09
3.935124074e-09	7.16901682463e-09
3.93636426438e-09	7.13014114417e-09
3.93760445476e-09	6.53436937892e-09
3.93884464514e-09	5.4319245768e-09
3.94008483552e-09	3.93602200832e-09
3.9413250259e-09	2.20902357517e-09
3.94256521628e-09	4.35117226971e-10
3.94380540666e-09	-1.21320327395e-09
3.94504559704e-09	-2.60458601908e-09
3.94628578742e-09	-3.66347369107e-09
3.9475259778e-09	-4.36595942732e-09
3.94876616818e-09	-4.72361511017e-09
3.95000635856e-09	-4.76541245353e-09
3.95124654893e-09	-4.52957460428e-09
3.95248673931e-09	-4.06583727797e-09
3.95372692969e-09	-3.44198286539e-09
3.95496712007e-09	-2.74520625676e-09
3.95620731045e-09	-2.07241640515e-09
3.95744750083e-09	-1.51212443955e-09
3.95868769121e-09	-1.12494651094e-09
3.95992788159e-09	-9.31452012742e-10
3.96116807197e-09	-9.11411765503e-10
3.96240826235e-09	-1.01171258871e-09
3.96364845273e-09	-1.15917658805e-09
3.96488864311e-09	-1.27188921895e-09
3.96612883349e-09	-1.26790518362e-09
3.96736902387e-09	-1.07144998429e-09
3.96860921425e-09	-6.19510429067e-10
3.96984940463e-09	1.28179722045e-10
3.97108959501e-09	1.1758023305e-09
3.97232978539e-09	2.47595832725e-09
3.97356997577e-09	3.92001309191e-09
3.97481016614e-09	5.34060967672e-09
3.97605035652e-09	6.53138987339e-09
3.9772905469e-09	7.28389870641e-09
3.97853073728e-09	7.4322986654e-09
3.97977092766e-09	6.89399948239e-09
3.98101111804e-09	5.69132874162e-09
3.98225130842e-09	3.94926236158e-09
3.9834914988e-09	1.86895010579e-09
3.98473168918e-09	-3.13198057766e-10
3.98597187956e-09	-2.36757932703e-09
3.98721206994e-09	-4.10530931472e-09
3.98845226032e-09	-5.39709699154e-09
3.9896924507e-09	-6.17880618892e-09
3.99093264108e-09	-6.44588721288e-09
3.99217283146e-09	-6.24260937387e-09
3.99341302184e-09	-5.64923874347e-09
3.99465321222e-09	-4.76859896015e-09
3.9958934026e-09	-3.71505021191e-09
3.99713359297e-09	-2.60548232989e-09
3.99837378335e-09	-1.55265859891e-09
3.99961397373e-09	-6.57394277903e-10
4.00085416411e-09	2.41772660919e-12
4.00209435449e-09	3.86075050401e-10
4.00333454487e-09	5.04297749393e-10
4.00457473525e-09	4.23646250025e-10
4.00581492563e-09	2.55606973087e-10
4.00705511601e-09	1.29185905029e-10
4.00829530639e-09	1.55038572258e-10
4.00953549677e-09	3.95861156355e-10
4.01077568715e-09	8.5455474641e-10
4.01201587753e-09	1.48560956592e-09
4.01325606791e-09	2.22049886811e-09
4.01449625829e-09	2.9941621682e-09
4.01573644867e-09	3.75778919093e-09
4.01697663905e-09	4.4718813097e-09
4.01821682943e-09	5.08627479023e-09
4.0194570198e-09	5.51974255192e-09
4.02069721018e-09	5.65642149786e-09
4.02193740056e-09	5.36604122248e-09
4.02317759094e-09	4.54652659965e-09
4.02441778132e-09	3.17286735774e-09
4.0256579717e-09	1.33053643103e-09
4.02689816208e-09	-7.83066625432e-10
4.02813835246e-09	-2.89588192315e-09
4.02937854284e-09	-4.72497047044e-09
4.03061873322e-09	-6.04579053487e-09
4.0318589236e-09	-6.74108446841e-09
4.03309911398e-09	-6.81500855748e-09
4.03433930436e-09	-6.37226771349e-09
4.03557949474e-09	-5.57290819048e-09
4.03681968512e-09	-4.58287457983e-09
4.0380598755e-09	-3.53584744817e-09
4.03930006588e-09	-2.51628162751e-09
4.04054025626e-09	-1.56353127667e-09
4.04178044663e-09	-6.90451480712e-10
4.04302063701e-09	9.37175727647e-11
4.04426082739e-09	7.69156266456e-10
4.04550101777e-09	1.30586397251e-09
4.04674120815e-09	1.6789978019e-09
4.04798139853e-09	1.89106502679e-09
4.04922158891e-09	1.98627994608e-09
4.05046177929e-09	2.04664252212e-09
4.05170196967e-09	2.16523868279e-09
4.05294216005e-09	2.40856729006e-09
4.05418235043e-09	2.78339207238e-09
4.05542254081e-09	3.2263929306e-09
4.05666273119e-09	3.62473218107e-09
4.05790292157e-09	3.85835191574e-09
4.05914311195e-09	3.8476086206e-09
4.06038330233e-09	3.58203189332e-09
4.06162349271e-09	3.11886108606e-09
4.06286368309e-09	2.5501424028e-09
4.06410387347e-09	1.95439497919e-09
4.06534406384e-09	1.35698396964e-09
4.06658425422e-09	7.17183458454e-10
4.0678244446e-09	-4.70672216479e-11
4.06906463498e-09	-1.00869694541e-09
4.07030482536e-09	-2.17544732228e-09
4.07154501574e-09	-3.45728429219e-09
4.07278520612e-09	-4.67485905542e-09
4.0740253965e-09	-5.60919682924e-09
4.07526558688e-09	-6.07607797409e-09
4.07650577726e-09	-5.99144567293e-09
4.07774596764e-09	-5.40152128581e-09
4.07898615802e-09	-4.46276193777e-09
4.0802263484e-09	-3.38187128301e-09
4.08146653878e-09	-2.34231331553e-09
4.08270672916e-09	-1.44710655958e-09
4.08394691954e-09	-7.01648385226e-10
4.08518710992e-09	-3.67186524242e-11
4.0864273003e-09	6.40621118653e-10
4.08766749067e-09	1.39376299391e-09
4.08890768105e-09	2.2225544738e-09
4.09014787143e-09	3.05940658918e-09
4.09138806181e-09	3.79546633011e-09
4.09262825219e-09	4.3214398171e-09
4.09386844257e-09	4.56869031495e-09
4.09510863295e-09	4.53155024616e-09
4.09634882333e-09	4.26293184086e-09
4.09758901371e-09	3.84628678907e-09
4.09882920409e-09	3.35561056719e-09
4.10006939447e-09	2.82559076137e-09
4.10130958485e-09	2.24464047349e-09
4.10254977523e-09	1.57834952053e-09
4.10378996561e-09	8.08830585841e-10
4.10503015599e-09	-3.14682793712e-11
4.10627034637e-09	-8.52195675138e-10
4.10751053675e-09	-1.5336810294e-09
4.10875072713e-09	-1.97771227173e-09
4.1099909175e-09	-2.15848530716e-09
4.11123110788e-09	-2.14441939206e-09
4.11247129826e-09	-2.07902317584e-09
4.11371148864e-09	-2.12592243809e-09
4.11495167902e-09	-2.39985972761e-09
4.1161918694e-09	-2.91468746361e-09
4.11743205978e-09	-3.56854007455e-09
4.11867225016e-09	-4.17486850646e-09
4.11991244054e-09	-4.5262344428e-09
4.12115263092e-09	-4.46708153801e-09
4.1223928213e-09	-3.94754590127e-09
4.12363301168e-09	-3.03624134168e-09
4.12487320206e-09	-1.8894078524e-09
4.12611339244e-09	-6.87769154128e-10
4.12735358282e-09	4.29958346704e-10
4.1285937732e-09	1.40796432846e-09
4.12983396358e-09	2.27216939708e-09
4.13107415396e-09	3.08822878381e-09
4.13231434433e-09	3.90331400535e-09
4.13355453471e-09	4.69848859819e-09
4.13479472509e-09	5.37768357622e-09
4.13603491547e-09	5.79639553022e-09
4.13727510585e-09	5.81565956503e-09
4.13851529623e-09	5.35806127244e-09
4.13975548661e-09	4.43976472253e-09
4.14099567699e-09	3.1710944981e-09
4.14223586737e-09	1.72518552222e-09
4.14347605775e-09	2.91623732107e-10
4.14471624813e-09	-9.69774663351e-10
4.14595643851e-09	-1.96045543688e-09
4.14719662889e-09	-2.64977362274e-09
4.14843681927e-09	-3.06112099557e-09
4.14967700965e-09	-3.24248061734e-09
4.15091720003e-09	-3.23901352961e-09
4.15215739041e-09	-3.07871730887e-09
4.15339758079e-09	-2.77943817961e-09
4.15463777117e-09	-2.372547242e-09
4.15587796154e-09	-1.92470983595e-09
4.15711815192e-09	-1.54290738519e-09
4.1583583423e-09	-1.34854352685e-09
4.15959853268e-09	-1.43014919352e-09
4.16083872306e-09	-1.79355749697e-09
4.16207891344e-09	-2.33672253769e-09
4.16331910382e-09	-2.86672463545e-09
4.1645592942e-09	-3.15421089248e-09
4.16579948458e-09	-3.0086121372e-09
4.16703967496e-09	-2.341153299e-09
4.16827986534e-09	-1.19383383734e-09
4.16952005572e-09	2.75579285086e-10
4.1707602461e-09	1.84465359654e-09
4.17200043648e-09	3.29082722184e-09
4.17324062686e-09	4.44904801888e-09
4.17448081724e-09	5.23981191769e-09
4.17572100762e-09	5.66473939978e-09
4.176961198e-09	5.77363612475e-09
4.17820138837e-09	5.6199387366e-09
4.17944157875e-09	5.22684040494e-09
4.18068176913e-09	4.57792315167e-09
4.18192195951e-09	3.63951030424e-09
4.18316214989e-09	2.39988745543e-09
4.18440234027e-09	9.0802086683e-10
4.18564253065e-09	-7.1103695154e-10
4.18688272103e-09	-2.27410426601e-09
4.18812291141e-09	-3.58304841352e-09
4.18936310179e-09	-4.4783507458e-09
4.19060329217e-09	-4.87880108535e-09
4.19184348255e-09	-4.79793893504e-09
4.19308367293e-09	-4.33144481393e-09
4.19432386331e-09	-3.62494384509e-09
4.19556405369e-09	-2.83493298281e-09
4.19680424407e-09	-2.09245237803e-09
4.19804443445e-09	-1.48237616626e-09
4.19928462483e-09	-1.03880552771e-09
4.2005248152e-09	-7.58162137238e-10
4.20176500558e-09	-6.19334451779e-10
4.20300519596e-09	-6.00030698739e-10
4.20424538634e-09	-6.80329230451e-10
4.20548557672e-09	-8.28664276087e-10
4.2067257671e-09	-9.83662956644e-10
4.20796595748e-09	-1.04451933214e-09
4.20920614786e-09	-8.85761033964e-10
4.21044633824e-09	-3.96308114797e-10
4.21168652862e-09	4.71661917856e-10
4.212926719e-09	1.66520175426e-09
4.21416690938e-09	3.02776517747e-09
4.21540709976e-09	4.33271957201e-09
4.21664729014e-09	5.34498417748e-09
4.21788748052e-09	5.88579568417e-09
4.2191276709e-09	5.87624543469e-09
4.22036786128e-09	5.34717770062e-09
4.22160805166e-09	4.41295933129e-09
4.22284824204e-09	3.22673654463e-09
4.22408843241e-09	1.93177576713e-09
4.22532862279e-09	6.30054251827e-10
4.22656881317e-09	-6.24558169071e-10
4.22780900355e-09	-1.81097670193e-09
4.22904919393e-09	-2.91153298693e-09
4.23028938431e-09	-3.88730575507e-09
4.23152957469e-09	-4.66691391088e-09
4.23276976507e-09	-5.15931236622e-09
4.23400995545e-09	-5.28303339964e-09
4.23525014583e-09	-5.00069996523e-09
4.23649033621e-09	-4.3444173814e-09
4.23773052659e-09	-3.41692979466e-09
4.23897071697e-09	-2.36999717074e-09
4.24021090735e-09	-1.36398503603e-09
4.24145109773e-09	-5.2714224652e-10
4.24269128811e-09	7.30502758978e-11
4.24393147849e-09	4.36864433517e-10
4.24517166887e-09	6.16833174816e-10
4.24641185924e-09	6.91863462354e-10
4.24765204962e-09	7.38255699628e-10
4.24889224e-09	8.11600911477e-10
4.25013243038e-09	9.41514019526e-10
4.25137262076e-09	1.13903976529e-09
4.25261281114e-09	1.40996343767e-09
4.25385300152e-09	1.76290559928e-09
4.2550931919e-09	2.20849988297e-09
4.25633338228e-09	2.74395220434e-09
4.25757357266e-09	3.33313687761e-09
4.25881376304e-09	3.89286347602e-09
4.26005395342e-09	4.29779151156e-09
4.2612941438e-09	4.40966718696e-09
4.26253433418e-09	4.11985434656e-09
4.26377452456e-09	3.39213485079e-09
4.26501471494e-09	2.28179675155e-09
4.26625490532e-09	9.2459503942e-10
4.2674950957e-09	-5.02211355835e-10
4.26873528607e-09	-1.8307181604e-09
4.26997547645e-09	-2.94234855924e-09
4.27121566683e-09	-3.78569575687e-09
4.27245585721e-09	-4.36521258029e-09
4.27369604759e-09	-4.71446998107e-09
4.27493623797e-09	-4.86549572853e-09
4.27617642835e-09	-4.8288711918e-09
4.27741661873e-09	-4.59301791045e-09
4.27865680911e-09	-4.13777589969e-09
4.27989699949e-09	-3.45743950136e-09
4.28113718987e-09	-2.57817378557e-09
4.28237738025e-09	-1.56528603967e-09
4.28361757063e-09	-5.14116201e-10
4.28485776101e-09	4.71220007459e-10
4.28609795139e-09	1.30155843048e-09
4.28733814177e-09	1.92345156469e-09
4.28857833215e-09	2.32665484101e-09
4.28981852253e-09	2.54027229807e-09
4.2910587129e-09	2.61772378773e-09
4.29229890328e-09	2.61842655891e-09
4.29353909366e-09	2.59240773293e-09
4.29477928404e-09	2.57035148721e-09
4.29601947442e-09	2.56387744368e-09
4.2972596648e-09	2.56983936908e-09
4.29849985518e-09	2.57779081414e-09
4.29974004556e-09	2.5743824017e-09
4.30098023594e-09	2.54302537361e-09
4.30222042632e-09	2.46046291674e-09
4.3034606167e-09	2.29176533306e-09
4.30470080708e-09	1.99236116494e-09
4.30594099746e-09	1.51668411164e-09
4.30718118784e-09	8.35165450686e-10
4.30842137822e-09	-4.6869758942e-11
4.3096615686e-09	-1.07793983462e-09
4.31090175898e-09	-2.16217513338e-09
4.31214194936e-09	-3.17926482363e-09
4.31338213974e-09	-4.01263389183e-09
4.31462233011e-09	-4.57879389959e-09
4.31586252049e-09	-4.84359835573e-09
4.31710271087e-09	-4.82009515634e-09
4.31834290125e-09	-4.55207255223e-09
4.31958309163e-09	-4.09030337378e-09
4.32082328201e-09	-3.47630407793e-09
4.32206347239e-09	-2.73627046021e-09
4.32330366277e-09	-1.88871884799e-09
4.32454385315e-09	-9.56611026504e-10
4.32578404353e-09	2.35283346625e-11
4.32702423391e-09	9.99202165453e-10
4.32826442429e-09	1.90944787759e-09
4.32950461467e-09	2.69500569083e-09
4.33074480505e-09	3.30951221983e-09
4.33198499543e-09	3.7245547202e-09
4.33322518581e-09	3.93046500902e-09
4.33446537619e-09	3.93419452571e-09
4.33570556657e-09	3.75554082277e-09
4.33694575694e-09	3.42633921235e-09
4.33818594732e-09	2.98892186001e-09
4.3394261377e-09	2.4942854171e-09
4.34066632808e-09	1.99547492419e-09
4.34190651846e-09	1.53707972739e-09
4.34314670884e-09	1.14424286712e-09
4.34438689922e-09	8.14267327176e-10
4.3456270896e-09	5.18062627519e-10
4.34686727998e-09	2.09304053256e-10
4.34810747036e-09	-1.5974929192e-10
4.34934766074e-09	-6.22627414903e-10
4.35058785112e-09	-1.18855103537e-09
4.3518280415e-09	-1.83856552205e-09
4.35306823188e-09	-2.52927040423e-09
4.35430842226e-09	-3.19863985299e-09
4.35554861264e-09	-3.77576953037e-09
4.35678880302e-09	-4.19144879915e-09
4.3580289934e-09	-4.38991332175e-09
4.35926918377e-09	-4.33967606295e-09
4.36050937415e-09	-4.03820388239e-09
4.36174956453e-09	-3.51025003509e-09
4.36298975491e-09	-2.79741926845e-09
4.36422994529e-09	-1.94714611101e-09
4.36547013567e-09	-1.00463221075e-09
4.36671032605e-09	-1.19734335294e-11
4.36795051643e-09	9.86398615566e-10
4.36919070681e-09	1.93950466798e-09
4.37043089719e-09	2.79029352401e-09
4.37167108757e-09	3.48471490552e-09
4.37291127795e-09	3.98283916958e-09
4.37415146833e-09	4.26723695268e-09
4.37539165871e-09	4.34314567643e-09
4.37663184909e-09	4.23004997696e-09
4.37787203947e-09	3.95109639451e-09
4.37911222985e-09	3.52535933779e-09
4.38035242023e-09	2.96826102586e-09
4.3815926106e-09	2.29827526455e-09
4.38283280098e-09	1.54606633052e-09
4.38407299136e-09	7.60068258332e-10
4.38531318174e-09	3.02334372815e-12
4.38655337212e-09	-6.59747520504e-10
4.3877935625e-09	-1.17880018247e-09
4.38903375288e-09	-1.53786323953e-09
4.39027394326e-09	-1.7627304616e-09
4.39151413364e-09	-1.9157050668e-09
4.39275432402e-09	-2.07459210921e-09
4.3939945144e-09	-2.30384639144e-09
4.39523470478e-09	-2.62721666644e-09
4.39647489516e-09	-3.01569721972e-09
4.39771508554e-09	-3.39507288949e-09
4.39895527592e-09	-3.67033392568e-09
4.4001954663e-09	-3.75675768272e-09
4.40143565668e-09	-3.60381297027e-09
4.40267584706e-09	-3.20500609385e-09
4.40391603744e-09	-2.59111465617e-09
4.40515622781e-09	-1.81537149202e-09
4.40639641819e-09	-9.36971972232e-10
4.40763660857e-09	-9.78280130515e-12
4.40887679895e-09	9.21632881123e-10
4.41011698933e-09	1.82082496303e-09
4.41135717971e-09	2.65454003223e-09
4.41259737009e-09	3.38777450537e-09
4.41383756047e-09	3.97973004551e-09
4.41507775085e-09	4.38498254374e-09
4.41631794123e-09	4.56142040806e-09
4.41755813161e-09	4.48319570356e-09
4.41879832199e-09	4.15419387778e-09
4.42003851237e-09	3.61324070663e-09
4.42127870275e-09	2.92655955025e-09
4.42251889313e-09	2.16773149431e-09
4.42375908351e-09	1.39548630984e-09
4.42499927389e-09	6.40221944903e-10
4.42623946427e-09	-9.34329766333e-11
4.42747965464e-09	-8.09346527297e-10
4.42871984502e-09	-1.49895888757e-09
4.4299600354e-09	-2.12911854813e-09
4.43120022578e-09	-2.64679012041e-09
4.43244041616e-09	-2.99818680993e-09
4.43368060654e-09	-3.15308223975e-09
4.43492079692e-09	-3.12282044668e-09
4.4361609873e-09	-2.96220115104e-09
4.43740117768e-09	-2.75411632389e-09
4.43864136806e-09	-2.5812662563e-09
4.43988155844e-09	-2.49481268977e-09
4.44112174882e-09	-2.49188092383e-09
4.4423619392e-09	-2.51153825515e-09
4.44360212958e-09	-2.45381043262e-09
4.44484231996e-09	-2.21553095314e-09
4.44608251034e-09	-1.73068070985e-09
4.44732270072e-09	-9.97597671137e-10
4.4485628911e-09	-8.13249511136e-11
4.44980308147e-09	9.09221226086e-10
4.45104327185e-09	1.85823348375e-09
4.45228346223e-09	2.67676955601e-09
4.45352365261e-09	3.32002941805e-09
4.45476384299e-09	3.78278935953e-09
4.45600403337e-09	4.08044981137e-09
4.45724422375e-09	4.22725782157e-09
4.45848441413e-09	4.22248264131e-09
4.45972460451e-09	4.04929390019e-09
4.46096479489e-09	3.68505709281e-09
4.46220498527e-09	3.1175831916e-09
4.46344517565e-09	2.35984967678e-09
4.46468536603e-09	1.45801352935e-09
4.46592555641e-09	4.88273164956e-10
4.46716574679e-09	-4.58160093197e-10
4.46840593717e-09	-1.29821309258e-09
4.46964612755e-09	-1.97933960888e-09
4.47088631793e-09	-2.49125489682e-09
4.4721265083e-09	-2.86036561103e-09
4.47336669868e-09	-3.12792142187e-09
4.47460688906e-09	-3.32214988852e-09
4.47584707944e-09	-3.43951089832e-09
4.47708726982e-09	-3.44566103427e-09
4.4783274602e-09	-3.29694971324e-09
4.47956765058e-09	-2.9715877814e-09
4.48080784096e-09	-2.49333681479e-09
4.48204803134e-09	-1.93335081278e-09
4.48328822172e-09	-1.38710952446e-09
4.4845284121e-09	-9.36639946159e-10
4.48576860248e-09	-6.15175591023e-10
4.48700879286e-09	-3.91596258892e-10
4.48824898324e-09	-1.82085638234e-10
4.48948917362e-09	1.15470483869e-10
4.490729364e-09	5.78568422338e-10
4.49196955438e-09	1.22571287842e-09
4.49320974476e-09	2.00382835325e-09
4.49444993514e-09	2.80253104057e-09
4.49569012551e-09	3.48902251535e-09
4.49693031589e-09	3.95060545388e-09
4.49817050627e-09	4.12783007775e-09
4.49941069665e-09	4.026070477e-09
4.50065088703e-09	3.7017757748e-09
4.50189107741e-09	3.23140270098e-09
4.50313126779e-09	2.67780866925e-09
4.50437145817e-09	2.0695933578e-09
4.50561164855e-09	1.40185152375e-09
4.50685183893e-09	6.55685943041e-10
4.50809202931e-09	-1.74921044663e-10
4.50933221969e-09	-1.06318322202e-09
4.51057241007e-09	-1.94546900811e-09
4.51181260045e-09	-2.73498751424e-09
4.51305279083e-09	-3.3468005034e-09
4.51429298121e-09	-3.72329339582e-09
4.51553317159e-09	-3.85051401874e-09
4.51677336197e-09	-3.75886816117e-09
4.51801355234e-09	-3.50840595464e-09
4.51925374272e-09	-3.16372744669e-09
4.5204939331e-09	-2.76929798537e-09
4.52173412348e-09	-2.33623845269e-09
4.52297431386e-09	-1.84729889718e-09
4.52421450424e-09	-1.27862856414e-09
4.52545469462e-09	-6.27705651346e-10
4.526694885e-09	6.7791523263e-11
4.52793507538e-09	7.32506798273e-10
4.52917526576e-09	1.27876871592e-09
4.53041545614e-09	1.64394306501e-09
4.53165564652e-09	1.82148091055e-09
4.5328958369e-09	1.86867474272e-09
4.53413602728e-09	1.88553220259e-09
4.53537621766e-09	1.97282110093e-09
4.53661640804e-09	2.18822893139e-09
4.53785659842e-09	2.51980483701e-09
4.5390967888e-09	2.88822493699e-09
4.54033697917e-09	3.17605070022e-09
4.54157716955e-09	3.27037574799e-09
4.54281735993e-09	3.10173051132e-09
4.54405755031e-09	2.66427677142e-09
4.54529774069e-09	2.01179076176e-09
4.54653793107e-09	1.23350024639e-09
4.54777812145e-09	4.2105421233e-10
4.54901831183e-09	-3.59440505138e-10
4.55025850221e-09	-1.08059883264e-09
4.55149869259e-09	-1.74727443625e-09
4.55273888297e-09	-2.37568367756e-09
4.55397907335e-09	-2.96833846392e-09
4.55521926373e-09	-3.49711837266e-09
4.55645945411e-09	-3.90323179333e-09
4.55769964449e-09	-4.11416395396e-09
4.55893983487e-09	-4.07081324205e-09
4.56018002525e-09	-3.75134173725e-09
4.56142021563e-09	-3.18234474883e-09
4.562660406e-09	-2.43219477891e-09
4.56390059638e-09	-1.59033830549e-09
4.56514078676e-09	-7.41906772128e-10
4.56638097714e-09	5.23294411275e-11
4.56762116752e-09	7.62729462922e-10
4.5688613579e-09	1.38413271122e-09
4.57010154828e-09	1.91915608405e-09
4.57134173866e-09	2.3611958222e-09
4.57258192904e-09	2.68593111641e-09
4.57382211942e-09	2.85718834703e-09
4.5750623098e-09	2.84571621822e-09
4.57630250018e-09	2.65191177351e-09
4.57754269056e-09	2.32077843054e-09
4.57878288094e-09	1.93773699864e-09
4.58002307132e-09	1.60416316342e-09
4.5812632617e-09	1.40077510702e-09
4.58250345208e-09	1.35457935146e-09
4.58374364246e-09	1.4249906255e-09
4.58498383284e-09	1.51584098051e-09
4.58622402321e-09	1.50941321941e-09
4.58746421359e-09	1.30820913824e-09
4.58870440397e-09	8.68007832278e-10
4.58994459435e-09	2.10464957962e-10
4.59118478473e-09	-5.88260259948e-10
4.59242497511e-09	-1.4249535718e-09
4.59366516549e-09	-2.20164420028e-09
4.59490535587e-09	-2.84934126293e-09
4.59614554625e-09	-3.3361664542e-09
4.59738573663e-09	-3.65937202762e-09
4.59862592701e-09	-3.82732034954e-09
4.59986611739e-09	-3.84200449233e-09
4.60110630777e-09	-3.68964336861e-09
4.60234649815e-09	-3.34497546328e-09
4.60358668853e-09	-2.78584288971e-09
4.60482687891e-09	-2.01173566694e-09
4.60606706929e-09	-1.0572945297e-09
4.60730725967e-09	5.43281825777e-12
4.60854745004e-09	1.07692368911e-09
4.60978764042e-09	2.05021080668e-09
4.6110278308e-09	2.83282974856e-09
4.61226802118e-09	3.36482613994e-09
4.61350821156e-09	3.62665902864e-09
4.61474840194e-09	3.63594326869e-09
4.61598859232e-09	3.43506617595e-09
4.6172287827e-09	3.07517528109e-09
4.61846897308e-09	2.60392551965e-09
4.61970916346e-09	2.06109507239e-09
4.62094935384e-09	1.48317901016e-09
4.62218954422e-09	9.11897599098e-10
4.6234297346e-09	3.98962533149e-10
4.62466992498e-09	7.45951477671e-13
4.62591011536e-09	-2.38463710583e-10
4.62715030574e-09	-3.07499147673e-10
4.62839049612e-09	-2.43565990293e-10
4.6296306865e-09	-1.30864650713e-10
4.63087087687e-09	-7.97355827198e-11
4.63211106725e-09	-1.92517871436e-10
4.63335125763e-09	-5.28553534274e-10
4.63459144801e-09	-1.08259430587e-09
4.63583163839e-09	-1.78413944729e-09
4.63707182877e-09	-2.51779905258e-09
4.63831201915e-09	-3.15579393173e-09
4.63955220953e-09	-3.59066804068e-09
4.64079239991e-09	-3.75766923133e-09
4.64203259029e-09	-3.64064417502e-09
4.64327278067e-09	-3.26361965231e-09
4.64451297105e-09	-2.67318353564e-09
4.64575316143e-09	-1.92099480767e-09
4.64699335181e-09	-1.05254030491e-09
4.64823354219e-09	-1.05938374392e-10
4.64947373257e-09	8.80837222605e-10
4.65071392295e-09	1.86038973116e-09
4.65195411333e-09	2.76956907408e-09
4.6531943037e-09	3.53225476646e-09
4.65443449408e-09	4.07082706433e-09
4.65567468446e-09	4.32323965516e-09
4.65691487484e-09	4.25886320654e-09
4.65815506522e-09	3.8877125963e-09
4.6593952556e-09	3.26026805553e-09
4.66063544598e-09	2.45758183248e-09
4.66187563636e-09	1.57581424298e-09
4.66311582674e-09	7.08900840807e-10
4.66435601712e-09	-6.58256244651e-11
