freq_Hz,S11_dB,S21_dB
1.000000000000000000e+06,-3.319107017676377325e+01,1.618973731165964866e-02
5.374375000000000000e+06,-3.317083307770933231e+01,1.612852157278725496e-02
9.748750000000000000e+06,-3.312320243644595763e+01,1.598352508065517541e-02
1.412312500000000000e+07,-3.304908623261110279e+01,1.575532551913385801e-02
1.849750000000000000e+07,-3.294985176084179557e+01,1.544483122912069378e-02
2.287187500000000000e+07,-3.282724586194875371e+01,1.505327647645753053e-02
2.724625000000000000e+07,-3.268330045281540208e+01,1.458221503143218752e-02
3.162062500000000000e+07,-3.252023319520908018e+01,1.403351210181961843e-02
3.599500000000000000e+07,-3.234035212257911951e+01,1.340933467192352915e-02
4.036937500000000000e+07,-3.214597094271181277e+01,1.271214031026723229e-02
4.474375000000000000e+07,-3.193933917767863306e+01,1.194466451783021688e-02
4.911812500000000000e+07,-3.172258884410444324e+01,1.110990669753941611e-02
5.349250000000000000e+07,-3.149769738379528405e+01,1.021111483383948908e-02
5.786687500000000000e+07,-3.126646518571580202e+01,9.251768978166251614e-03
6.224125000000000000e+07,-3.103050528537981378e+01,8.235563642661213740e-03
6.661562500000000000e+07,-3.079124257575986690e+01,7.166389209767198842e-03
7.099000000000000000e+07,-3.054991996504298868e+01,6.048312470009041368e-03
7.536437500000000000e+07,-3.030760922679500879e+01,4.885556403681242180e-03
7.973875000000000000e+07,-3.006522469173055612e+01,3.682479324905309041e-03
8.411312500000000000e+07,-2.982353834704772666e+01,2.443553508257434188e-03
8.848750000000000000e+07,-2.958319529100524647e+01,1.173343418755891810e-03
9.286187500000000000e+07,-2.934472881372599673e+01,-1.235163336960874193e-04
9.723625000000000000e+07,-2.910857463343967666e+01,-1.442343195780528518e-03
1.016106250000000000e+08,-2.887508401385961321e+01,-2.778428909760840768e-03
1.059850000000000000e+08,-2.864453563137283254e+01,-4.127061674340896068e-03
1.103593750000000000e+08,-2.841714616018429140e+01,-5.483548114926521840e-03
1.147337500000000000e+08,-2.819307960923255862e+01,-6.843234954473127393e-03
1.191081250000000000e+08,-2.797245548517186364e+01,-8.201530280532786515e-03
1.234825000000000000e+08,-2.775535587806760418e+01,-9.553924308973367821e-03
1.278568750000000000e+08,-2.754183157621897493e+01,-1.089600955006299679e-02
1.322312500000000000e+08,-2.733190731791972183e+01,-1.222350028823926404e-02
1.366056250000000000e+08,-2.712558628405700034e+01,-1.353225129281920500e-02
1.409800000000000000e+08,-2.692285392843107061e+01,-1.481827568291226548e-02
1.453543750000000000e+08,-2.672368123405875195e+01,-1.607776187628243147e-02
1.497287500000000000e+08,-2.652802747452052756e+01,-1.730708955801317159e-02
1.541031250000000000e+08,-2.633584255026641330e+01,-1.850284461146619458e-02
1.584775000000000000e+08,-2.614706896111054135e+01,-1.966183296036798367e-02
1.628518750000000000e+08,-2.596164346812898671e+01,-2.078109327709634982e-02
1.672262500000000000e+08,-2.577949849094065371e+01,-2.185790851871190210e-02
1.716006250000000000e+08,-2.560056327990998781e+01,-2.288981625827506486e-02
1.759750000000000000e+08,-2.542476489715079424e+01,-2.387461778499284232e-02
1.803493750000000000e+08,-2.525202903527560139e+01,-2.481038595260261909e-02
1.847237500000000000e+08,-2.508228069856243536e+01,-2.569547176096272090e-02
1.890981250000000000e+08,-2.491544476753428583e+01,-2.652850966125207960e-02
1.934725000000000000e+08,-2.475144646479159150e+01,-2.730842158035037479e-02
1.978468750000000000e+08,-2.459021173724268650e+01,-2.803441966491090551e-02
2.022212500000000000e+08,-2.443166756757982583e+01,-2.870600775048827782e-02
2.065956250000000000e+08,-2.427574222589229080e+01,-2.932298156541529935e-02
2.109700000000000000e+08,-2.412236547064921055e+01,-2.988542768367350583e-02
2.153443750000000000e+08,-2.397146870687252118e+01,-3.039372124487627752e-02
2.197187500000000000e+08,-2.382298510813022219e+01,-3.084852246357578862e-02
2.240931250000000000e+08,-2.367684970796364041e+01,-3.125077195373605204e-02
2.284675000000000000e+08,-2.353299946550936994e+01,-3.160168489779580092e-02
2.328418750000000000e+08,-2.339137330934796566e+01,-3.190274409322033100e-02
2.372162500000000000e+08,-2.325191216300009245e+01,-3.215569191257807574e-02
2.415906250000000000e+08,-2.311455895496985846e+01,-3.236252121644093288e-02
2.459650000000000000e+08,-2.297925861579597040e+01,-3.252546526130534882e-02
2.503393750000000000e+08,-2.284595806419954300e+01,-3.264698664781238990e-02
2.547137500000000000e+08,-2.271460618410306864e+01,-3.272976535708394669e-02
2.590881250000000000e+08,-2.258515379402811618e+01,-3.277668592607594494e-02
2.634625000000000000e+08,-2.245755361015577378e+01,-3.279082381503950483e-02
2.678368750000000000e+08,-2.233176020414169827e+01,-3.277543102321753277e-02
2.722112500000000000e+08,-2.220772995661856442e+01,-3.273392101089566547e-02
2.765856250000000000e+08,-2.208542100718153023e+01,-3.266985298867525200e-02
2.809600000000000000e+08,-2.196479320153838444e+01,-3.258691563690684773e-02
2.853343750000000000e+08,-2.184580803640817948e+01,-3.248891032042437732e-02
2.897087500000000000e+08,-2.172842860267140352e+01,-3.237973386588902103e-02
2.940831250000000000e+08,-2.161261952720468571e+01,-3.226336097092506738e-02
2.984575000000000000e+08,-2.149834691377613538e+01,-3.214382631599255885e-02
3.028318750000000000e+08,-2.138557828332703536e+01,-3.202520645168402402e-02
3.072062500000000000e+08,-2.127428251392562686e+01,-3.191160153551942519e-02
3.115806250000000000e+08,-2.116442978064343450e+01,-3.180711699367337608e-02
3.159550000000000000e+08,-2.105599149557539107e+01,-3.171584518392932261e-02
3.203293750000000000e+08,-2.094894024820075273e+01,-3.164184713724602083e-02
3.247037500000000000e+08,-2.084324974626063565e+01,-3.158913445554499544e-02
3.290781250000000000e+08,-2.073889475731107268e+01,-3.156165144387061694e-02
3.334525000000000000e+08,-2.063585105109513762e+01,-3.156325755464223226e-02
3.378268750000000000e+08,-2.053409534286503657e+01,-3.159771022177419036e-02
3.422012500000000000e+08,-2.043360523777477056e+01,-3.166864816123453330e-02
3.465756250000000000e+08,-2.033435917645341817e+01,-3.177957521371061606e-02
3.509500000000000000e+08,-2.023633638186206340e+01,-3.193384480351660337e-02
3.553243750000000000e+08,-2.013951680752862572e+01,-3.213464508585973933e-02
3.596987500000000000e+08,-2.004388108724903361e+01,-3.238498485223393480e-02
3.640731250000000000e+08,-1.994941048633627290e+01,-3.268768026109245689e-02
3.684475000000000000e+08,-1.985608685449316368e+01,-3.304534245750267302e-02
3.728218750000000000e+08,-1.976389258037862717e+01,-3.346036614213548921e-02
3.771962500000000000e+08,-1.967281054793173212e+01,-3.393491914572319829e-02
3.815706250000000000e+08,-1.958282409451205197e+01,-3.447093306078551078e-02
3.859450000000000000e+08,-1.949391697090896969e+01,-3.507009497763254741e-02
3.903193750000000000e+08,-1.940607330326692193e+01,-3.573384036633141941e-02
3.946937500000000000e+08,-1.931927755696719728e+01,-3.646334714101821806e-02
3.990681250000000000e+08,-1.923351450250164874e+01,-3.725953093686288492e-02
4.034425000000000000e+08,-1.914876918336591771e+01,-3.812304162413994446e-02
4.078168750000000000e+08,-1.906502688599483974e+01,-3.905426107729668972e-02
4.121912500000000000e+08,-1.898227311175474696e+01,-4.005330221045190486e-02
4.165656250000000000e+08,-1.890049355100169848e+01,-4.112000928418850509e-02
4.209400000000000000e+08,-1.881967405920690695e+01,-4.225395948144147068e-02
4.253143750000000000e+08,-1.873980063514424543e+01,-4.345446574374069171e-02
4.296887500000000000e+08,-1.866085940112751729e+01,-4.472058085196289889e-02
4.340631250000000000e+08,-1.858283658527814453e+01,-4.605110272914401948e-02
4.384375000000000000e+08,-1.850571850579699529e+01,-4.744458093607530069e-02
4.428118750000000000e+08,-1.842949155720730658e+01,-4.889932432396152523e-02
4.471862500000000000e+08,-1.835414219852871298e+01,-5.041340980209813027e-02
4.515606250000000000e+08,-1.827965694333619240e+01,-5.198469217227621314e-02
4.559350000000000000e+08,-1.820602235165076621e+01,-5.361081497620449193e-02
4.603093750000000000e+08,-1.813322502360387034e+01,-5.528922229644377129e-02
4.646837500000000000e+08,-1.806125159480987818e+01,-5.701717144655739367e-02
4.690581250000000000e+08,-1.799008873337792380e+01,-5.879174648156072769e-02
4.734325000000000000e+08,-1.791972313848714649e+01,-6.060987245549050162e-02
4.778068750000000000e+08,-1.785014154044650070e+01,-6.246833034936356832e-02
4.821812500000000000e+08,-1.778133070215517009e+01,-6.436377258969880333e-02
4.865556250000000000e+08,-1.771327742187635579e+01,-6.629273907494279139e-02
4.909300000000000000e+08,-1.764596853723389458e+01,-6.825167362535514148e-02
4.953043750000000000e+08,-1.757939093033872879e+01,-7.023694077017723914e-02
4.996787500000000000e+08,-1.751353153394988738e+01,-7.224484278497056433e-02
5.040531250000000000e+08,-1.744837733857295348e+01,-7.427163689167243232e-02
5.084275000000000000e+08,-1.738391540039814487e+01,-7.631355253397792415e-02
5.128018750000000000e+08,-1.732013284997939451e+01,-7.836680864120661172e-02
5.171762500000000000e+08,-1.725701690155578660e+01,-8.042763079517123437e-02
5.215506250000000000e+08,-1.719455486291705881e+01,-8.249226821601131354e-02
5.259250000000000000e+08,-1.713273414571580133e+01,-8.455701048522211438e-02
5.302993750000000000e+08,-1.707154227613052200e+01,-8.661820392649641209e-02
5.346737500000000000e+08,-1.701096690578507165e+01,-8.867226756818330502e-02
5.390481250000000000e+08,-1.695099582283294382e+01,-9.071570861424591015e-02
5.434225000000000000e+08,-1.689161696311653671e+01,-9.274513735441360096e-02
5.477968750000000000e+08,-1.683281842131521344e+01,-9.475728144833737987e-02
5.521712500000000000e+08,-1.677458846199916565e+01,-9.674899952243325163e-02
5.565456250000000000e+08,-1.671691553050900581e+01,-9.871729402306891887e-02
5.609200000000000000e+08,-1.665978826358577436e+01,-1.006593232739453059e-01
5.652943750000000000e+08,-1.660319549967944752e+01,-1.025724126907959916e-01
5.696687500000000000e+08,-1.654712628886860770e+01,-1.044540651112418617e-01
5.740431250000000000e+08,-1.649156990232831532e+01,-1.063019702026563040e-01
5.784175000000000000e+08,-1.643651584128744503e+01,-1.081140129162861535e-01
5.827918750000000000e+08,-1.638195384542220623e+01,-1.098882809607291677e-01
5.871662500000000000e+08,-1.632787390063663935e+01,-1.116230712731570845e-01
5.915406250000000000e+08,-1.627426624618585649e+01,-1.133168954716652771e-01
5.959150000000000000e+08,-1.622112138110274770e+01,-1.149684842774496840e-01
6.002893750000000000e+08,-1.616843006989395093e+01,-1.165767908999885138e-01
6.046637500000000000e+08,-1.611618334747509351e+01,-1.181409933838676873e-01
6.090381250000000000e+08,-1.606437252332078813e+01,-1.196604959200961438e-01
6.134125000000000000e+08,-1.601298918480913969e+01,-1.211349291297454528e-01
6.177868750000000000e+08,-1.596202519974568546e+01,-1.225641493320125952e-01
6.221612500000000000e+08,-1.591147271805550645e+01,-1.239482368130955525e-01
6.265356250000000000e+08,-1.586132417263789662e+01,-1.252874931165651740e-01
6.309100000000000000e+08,-1.581157227938100363e+01,-1.265824373795225166e-01
6.352843750000000000e+08,-1.576221003633948214e+01,-1.278338017429337670e-01
6.396587500000000000e+08,-1.571323072208123328e+01,-1.290425258677281584e-01
6.440331250000000000e+08,-1.566462789321386850e+01,-1.302097505918945186e-01
6.484075000000000000e+08,-1.561639538110537373e+01,-1.313368107665960627e-01
6.527818750000000000e+08,-1.556852728781670336e+01,-1.324252273125327561e-01
6.571562500000000000e+08,-1.552101798126833998e+01,-1.334766985402944806e-01
6.615306250000000000e+08,-1.547386208966507937e+01,-1.344930907809242515e-01
6.659050000000000000e+08,-1.542705449520781613e+01,-1.354764283753545073e-01
6.702793750000000000e+08,-1.538059032712282104e+01,-1.364288830730676083e-01
6.746537500000000000e+08,-1.533446495404271914e+01,-1.373527628926276833e-01
6.790281250000000000e+08,-1.528867397577567644e+01,-1.382505004978104857e-01
6.834025000000000000e+08,-1.524321321450138456e+01,-1.391246411449328368e-01
6.877768750000000000e+08,-1.519807870543561812e+01,-1.399778302577380507e-01
6.921512500000000000e+08,-1.515326668700580903e+01,-1.408128006874333760e-01
6.965256250000000000e+08,-1.510877359058311953e+01,-1.416323597160033809e-01
7.009000000000000000e+08,-1.506459602981766999e+01,-1.424393758615704608e-01
7.052743750000000000e+08,-1.502073078962429697e+01,-1.432367655447273902e-01
7.096487500000000000e+08,-1.497717481486894187e+01,-1.440274796749060338e-01
7.140231250000000000e+08,-1.493392519880469749e+01,-1.448144902156835445e-01
7.183975000000000000e+08,-1.489097917130937709e+01,-1.456007767875180658e-01
7.227718750000000000e+08,-1.484833408697490320e+01,-1.463893133658235313e-01
7.271462500000000000e+08,-1.480598741310116040e+01,-1.471830551314337321e-01
7.315206250000000000e+08,-1.476393671764502358e+01,-1.479849255295873356e-01
7.358950000000000000e+08,-1.472217965717635835e+01,-1.487978035920937692e-01
7.402693750000000000e+08,-1.468071396489212788e+01,-1.496245115761339894e-01
7.446437500000000000e+08,-1.463953743873863189e+01,-1.504678029712243070e-01
7.490181250000000000e+08,-1.459864792969138669e+01,-1.513303509241621936e-01
7.533925000000000000e+08,-1.455804333024111585e+01,-1.522147371295835550e-01
7.577668750000000000e+08,-1.451772156313250051e+01,-1.531234412314887439e-01
7.621412500000000000e+08,-1.447768057040148193e+01,-1.540588307786514566e-01
7.665156250000000000e+08,-1.443791830275435117e+01,-1.550231517740973675e-01
7.708900000000000000e+08,-1.439843270933055130e+01,-1.560185198560714859e-01
7.752643750000000000e+08,-1.435922172788857409e+01,-1.570469121448798966e-01
7.796387500000000000e+08,-1.432028327545199176e+01,-1.581101597868141140e-01
7.840131250000000000e+08,-1.428161523945044209e+01,-1.592099412231472444e-01
7.883875000000000000e+08,-1.424321546938705296e+01,-1.603477762086602532e-01
7.927618750000000000e+08,-1.420508176906197306e+01,-1.615250206008216893e-01
7.971362500000000000e+08,-1.416721188937740017e+01,-1.627428619368205542e-01
8.015106250000000000e+08,-1.412960352174758683e+01,-1.640023158123466163e-01
8.058850000000000000e+08,-1.409225429213358183e+01,-1.653042230718280714e-01
8.102593750000000000e+08,-1.405516175571897186e+01,-1.666492478164030011e-01
8.146337500000000000e+08,-1.401832339224006319e+01,-1.680378762318561481e-01
8.190081250000000000e+08,-1.398173660198037460e+01,-1.694704162349762733e-01
8.233825000000000000e+08,-1.394539870243569446e+01,-1.709469979330257849e-01
8.277568750000000000e+08,-1.390930692565298088e+01,-1.724675748872692704e-01
8.321312500000000000e+08,-1.387345841624232534e+01,-1.740319261675938312e-01
8.365056250000000000e+08,-1.383785023005891190e+01,-1.756396591819837649e-01
8.408800000000000000e+08,-1.380247933354732481e+01,-1.772902132607050429e-01
8.452543750000000000e+08,-1.376734260373837415e+01,-1.789828639718649417e-01
8.496287500000000000e+08,-1.373243682888507422e+01,-1.807167281417218774e-01
8.540031250000000000e+08,-1.369775870972112664e+01,-1.824907695498810822e-01
8.583775000000000000e+08,-1.366330486132292421e+01,-1.843038052666701176e-01
8.627518750000000000e+08,-1.362907181555285163e+01,-1.861545125971889036e-01
8.671262500000000000e+08,-1.359505602405944025e+01,-1.880414365939186983e-01
8.715006250000000000e+08,-1.356125386180718095e+01,-1.899629980975131860e-01
8.758750000000000000e+08,-1.352766163110670661e+01,-1.919175022631962324e-01
8.802493750000000000e+08,-1.349427556611419732e+01,-1.939031475283281292e-01
8.846237500000000000e+08,-1.346109183776659179e+01,-1.959180349750889172e-01
8.889981250000000000e+08,-1.342810655911788942e+01,-1.979601780407490019e-01
8.933725000000000000e+08,-1.339531579104030357e+01,-2.000275125269426468e-01
8.977468750000000000e+08,-1.336271554825289876e+01,-2.021179068585030325e-01
9.021212500000000000e+08,-1.333030180563889999e+01,-2.042291725416485459e-01
9.064956250000000000e+08,-1.329807050481312380e+01,-2.063590747711127604e-01
9.108700000000000000e+08,-1.326601756089914019e+01,-2.085053431356416187e-01
9.152443750000000000e+08,-1.323413886947655982e+01,-2.106656823713916604e-01
9.196187500000000000e+08,-1.320243031365813025e+01,-2.128377831132869102e-01
9.239931250000000000e+08,-1.317088777125648846e+01,-2.150193325948798195e-01
9.283675000000000000e+08,-1.313950712200130866e+01,-2.172080252482899987e-01
9.327418750000000000e+08,-1.310828425476688963e+01,-2.194015731567402760e-01
9.371162500000000000e+08,-1.307721507477253553e+01,-2.215977163137480832e-01
9.414906250000000000e+08,-1.304629551071748850e+01,-2.237942326442972363e-01
9.458650000000000000e+08,-1.301552152181415067e+01,-2.259889477452461659e-01
9.502393750000000000e+08,-1.298488910468440594e+01,-2.281797443040170514e-01
9.546137500000000000e+08,-1.295439430008485360e+01,-2.303645711566692789e-01
9.589881250000000000e+08,-1.292403319942876294e+01,-2.325414519487664367e-01
9.633625000000000000e+08,-1.289380195107395366e+01,-2.347084933646439719e-01
9.677368750000000000e+08,-1.286369676634748949e+01,-2.368638928933239629e-01
9.721112500000000000e+08,-1.283371392528042954e+01,-2.390059461017971509e-01
9.764856250000000000e+08,-1.280384978202692814e+01,-2.411330533890372607e-01
9.808600000000000000e+08,-1.277410076994529753e+01,-2.432437261970762377e-01
9.852343750000000000e+08,-1.274446340631923391e+01,-2.453365926579028633e-01
9.896087500000000000e+08,-1.271493429670122843e+01,-2.474104026582533977e-01
9.939831250000000000e+08,-1.268551013886071388e+01,-2.494640323068783583e-01
9.983575000000000000e+08,-1.265618772632336508e+01,-2.514964877920335407e-01
1.002731875000000000e+09,-1.262696395148881123e+01,-2.535069086197250243e-01
1.007106250000000000e+09,-1.259783580831726724e+01,-2.554945702262113039e-01
1.011480625000000000e+09,-1.256880039457751863e+01,-2.574588859611936509e-01
1.015855000000000000e+09,-1.253985491365090255e+01,-2.593994084408495771e-01
1.020229375000000000e+09,-1.251099667588823117e+01,-2.613158302728708082e-01
1.024603750000000000e+09,-1.248222309951879083e+01,-2.632079841582460333e-01
1.028978125000000000e+09,-1.245353171111312918e+01,-2.650758423773952321e-01
1.033352500000000000e+09,-1.242492014560253466e+01,-2.669195156707313554e-01
1.037726875000000000e+09,-1.239638614586136356e+01,-2.687392515263808401e-01
1.042101250000000000e+09,-1.236792756185954190e+01,-2.705354318901496691e-01
1.046475625000000000e+09,-1.233954234939471206e+01,-2.723085703152446913e-01
1.050850000000000000e+09,-1.231122856841572677e+01,-2.740593085714126964e-01
1.055224375000000000e+09,-1.228298438095056255e+01,-2.757884127353043557e-01
1.059598750000000000e+09,-1.225480804865361506e+01,-2.774967687859682952e-01
1.063973125000000000e+09,-1.222669792998892113e+01,-2.791853777309614149e-01
1.068347500000000000e+09,-1.219865247706751710e+01,-2.808553502906636634e-01
1.072721875000000000e+09,-1.217067023215829380e+01,-2.825079011696920439e-01
1.077096250000000000e+09,-1.214274982389331470e+01,-2.841443429458206382e-01
1.081470625000000000e+09,-1.211488996318939648e+01,-2.857660796082184818e-01
1.085845000000000000e+09,-1.208708943890935217e+01,-2.873745997778516803e-01
1.090219375000000000e+09,-1.205934711328678333e+01,-2.889714696438958619e-01
1.094593750000000000e+09,-1.203166191713929756e+01,-2.905583256509036705e-01
1.098968125000000000e+09,-1.200403284489610556e+01,-2.921368669721528533e-01
1.103342500000000000e+09,-1.197645894946578693e+01,-2.937088478049895146e-01
1.107716875000000000e+09,-1.194893933697147759e+01,-2.952760695245614797e-01
1.112091250000000000e+09,-1.192147316138010282e+01,-2.968403727323416508e-01
1.116465625000000000e+09,-1.189405961905325526e+01,-2.984036292360318088e-01
1.120840000000000000e+09,-1.186669794324687821e+01,-2.999677339971922874e-01
1.125214375000000000e+09,-1.183938739858734479e+01,-3.015345970827885691e-01
1.129588750000000000e+09,-1.181212727555083219e+01,-3.031061356563676257e-01
1.133963125000000000e+09,-1.178491688497302015e+01,-3.046842660439900152e-01
1.138337500000000000e+09,-1.175775555261567717e+01,-3.062708959093706218e-01
1.142711875000000000e+09,-1.173064261381571072e+01,-3.078679165717159716e-01
1.147086250000000000e+09,-1.170357740824234938e+01,-3.094771954989001261e-01
1.151460625000000000e+09,-1.167655927478655897e+01,-3.111005690072800034e-01
1.155835000000000000e+09,-1.164958754660664120e+01,-3.127398351983680103e-01
1.160209375000000000e+09,-1.162266154635214122e+01,-3.143967471610501496e-01
1.164583750000000000e+09,-1.159578058158805902e+01,-3.160730064666057437e-01
1.168958125000000000e+09,-1.156894394043924379e+01,-3.177702569820989864e-01
1.173332500000000000e+09,-1.154215088747418605e+01,-3.194900790261123724e-01
1.177706875000000000e+09,-1.151540065984572259e+01,-3.212339838888733645e-01
1.182081250000000000e+09,-1.148869246370494146e+01,-3.230034087368952589e-01
1.186455625000000000e+09,-1.146202547090282131e+01,-3.247997119205096039e-01
1.190830000000000000e+09,-1.143539881599276242e+01,-3.266241687003287320e-01
1.195204375000000000e+09,-1.140881159354548480e+01,-3.284779674068596944e-01
1.199578750000000000e+09,-1.138226285578588204e+01,-3.303622060451931741e-01
1.203953125000000000e+09,-1.135575161056024385e+01,-3.322778893545550449e-01
1.208327500000000000e+09,-1.132927681963979971e+01,-3.342259263304352412e-01
1.212701875000000000e+09,-1.130283739736534621e+01,-3.362071282146177897e-01
1.217076250000000000e+09,-1.127643220963585335e+01,-3.382222069563939892e-01
1.221450625000000000e+09,-1.125006007324194002e+01,-3.402717741459629908e-01
1.225825000000000000e+09,-1.122371975554360546e+01,-3.423563404188657566e-01
1.230199375000000000e+09,-1.119740997448984388e+01,-3.444763153282097701e-01
1.234573750000000000e+09,-1.117112939897612733e+01,-3.466320076791868932e-01
1.238948125000000000e+09,-1.114487664953364288e+01,-3.488236263185381381e-01
1.243322500000000000e+09,-1.111865029934346438e+01,-3.510512813694407486e-01
1.247696875000000000e+09,-1.109244887556631198e+01,-3.533149859004994786e-01
1.252071250000000000e+09,-1.106627086097770984e+01,-3.556146580155358783e-01
1.256445625000000000e+09,-1.104011469589674554e+01,-3.579501233492969892e-01
1.260820000000000000e+09,-1.101397878039509770e+01,-3.603211179523035379e-01
1.265194375000000000e+09,-1.098786147677233416e+01,-3.627272915467111281e-01
1.269568750000000000e+09,-1.096176111228126260e+01,-3.651682111334013658e-01
1.273943125000000000e+09,-1.093567598208754177e+01,-3.676433649293368022e-01
1.278317500000000000e+09,-1.090960435244516624e+01,-3.701521666128090859e-01
1.282691875000000000e+09,-1.088354446406992970e+01,-3.726939598533197118e-01
1.287066250000000000e+09,-1.085749453569128065e+01,-3.752680231015234624e-01
1.291440625000000000e+09,-1.083145276776292221e+01,-3.778735746142474761e-01
1.295815000000000000e+09,-1.080541734631174222e+01,-3.805097776883468175e-01
1.300189375000000000e+09,-1.077938644690388870e+01,-3.831757460771298418e-01
1.304563750000000000e+09,-1.075335823870749152e+01,-3.858705495620590731e-01
1.308938125000000000e+09,-1.072733088862994499e+01,-3.885932196526079574e-01
1.313312500000000000e+09,-1.070130256550890557e+01,-3.913427553866066222e-01
1.317686875000000000e+09,-1.067527144433510955e+01,-3.941181292034381389e-01
1.322061250000000000e+09,-1.064923571048606377e+01,-3.969182928627368878e-01
1.326435625000000000e+09,-1.062319356394931802e+01,-3.997421833809557956e-01
1.330810000000000000e+09,-1.059714322351457838e+01,-4.025887289590032170e-01
1.335184375000000000e+09,-1.057108293091447138e+01,-4.054568548741691592e-01
1.339558750000000000e+09,-1.054501095489410645e+01,-4.083454893104362382e-01
1.343933125000000000e+09,-1.051892559519018633e+01,-4.112535691015664074e-01
1.348307500000000000e+09,-1.049282518640125339e+01,-4.141800453625869016e-01
1.352681875000000000e+09,-1.046670810173139543e+01,-4.171238889856335730e-01
1.357056250000000000e+09,-1.044057275659056572e+01,-4.200840959775274941e-01
1.361430625000000000e+09,-1.041441761203554073e+01,-4.230596926172306427e-01
1.365805000000000000e+09,-1.038824117803652669e+01,-4.260497404125571652e-01
1.370179375000000000e+09,-1.036204201655577606e+01,-4.290533408366948853e-01
1.374553750000000000e+09,-1.033581874442514703e+01,-4.320696398263688121e-01
1.378928125000000000e+09,-1.030957003601099586e+01,-4.350978320248616305e-01
1.383302500000000000e+09,-1.028329462565613284e+01,-4.381371647543780279e-01
1.387676875000000000e+09,-1.025699130988932950e+01,-4.411869417037884711e-01
1.392051250000000000e+09,-1.023065894939437115e+01,-4.442465263192623137e-01
1.396425625000000000e+09,-1.020429647073216373e+01,-4.473153448866460380e-01
1.400800000000000000e+09,-1.017790286781001186e+01,-4.503928892963205421e-01
1.405174375000000000e+09,-1.015147720309410673e+01,-4.534787194823450274e-01
1.409548750000000000e+09,-1.012501860856221469e+01,-4.565724655297959123e-01
1.413923125000000000e+09,-1.009852628639486660e+01,-4.596738294453411311e-01
1.418297500000000000e+09,-1.007199950940480448e+01,-4.627825865878999467e-01
1.422671875000000000e+09,-1.004543762120539263e+01,-4.658985867578140927e-01
1.427046250000000000e+09,-1.001884003612007135e+01,-4.690217549442533551e-01
1.431420625000000000e+09,-9.992206238836462973e+00,-4.721520917325352507e-01
1.435795000000000000e+09,-9.965535783809233550e+00,-4.752896733741230340e-01
1.440169375000000000e+09,-9.938828294417545450e+00,-4.784346515237080100e-01
1.444543750000000000e+09,-9.912083461883833380e+00,-4.815872526493629735e-01
1.448918125000000000e+09,-9.885301043961664647e+00,-4.847477771227909904e-01
1.453292500000000000e+09,-9.858480863401418048e+00,-4.879165979983862145e-01
1.457666875000000000e+09,-9.831622806203695220e+00,-4.910941594908377339e-01
1.462041250000000000e+09,-9.804726819670928961e+00,-4.942809751623922221e-01
1.466415625000000000e+09,-9.777792910268862769e+00,-4.974776258319826283e-01
1.470790000000000000e+09,-9.750821141310046514e+00,-5.006847572194268459e-01
1.475164375000000000e+09,-9.723811630472470213e+00,-5.039030773392260132e-01
1.479538750000000000e+09,-9.696764547166788262e+00,-5.071333536589154312e-01
1.483913125000000000e+09,-9.669680109766602527e+00,-5.103764100384040603e-01
1.488287500000000000e+09,-9.642558582716304727e+00,-5.136331234669002654e-01
1.492661875000000000e+09,-9.615400273531626851e+00,-5.169044206152202392e-01
1.497036250000000000e+09,-9.588205529708579533e+00,-5.201912742215200058e-01
1.501410625000000000e+09,-9.560974735556396098e+00,-5.234946993292400874e-01
1.505785000000000000e+09,-9.533708308970483714e+00,-5.268157493963734339e-01
1.510159375000000000e+09,-9.506406698161445235e+00,-5.301555122954407784e-01
1.514533750000000000e+09,-9.479070378356457383e+00,-5.335151062239935627e-01
1.518908125000000000e+09,-9.451699848488850364e+00,-5.368956755453673235e-01
1.523282500000000000e+09,-9.424295627892128380e+00,-5.402983865796993079e-01
1.527656875000000000e+09,-9.396858253014061191e+00,-5.437244233649882741e-01
1.532031250000000000e+09,-9.369388274166466246e+00,-5.471749834079460140e-01
1.536405625000000000e+09,-9.341886252325881657e+00,-5.506512734442674528e-01
1.540780000000000000e+09,-9.314352755999884437e+00,-5.541545052273367800e-01
1.545154375000000000e+09,-9.286788358173318159e+00,-5.576858913643738536e-01
1.549528750000000000e+09,-9.259193633348415275e+00,-5.612466412182557374e-01
1.553903125000000000e+09,-9.231569154691694479e+00,-5.648379568928757477e-01
1.558277500000000000e+09,-9.203915491300413976e+00,-5.684610293191676433e-01
1.562651875000000000e+09,-9.176233205600043519e+00,-5.721170344581906209e-01
1.567026250000000000e+09,-9.148522850884127422e+00,-5.758071296371329861e-01
1.571400625000000000e+09,-9.120784969006368925e+00,-5.795324500328649098e-01
1.575775000000000000e+09,-9.093020088234501586e+00,-5.832941053171312173e-01
1.580149375000000000e+09,-9.065228721274161572e+00,-5.870931764763344107e-01
1.584523750000000000e+09,-9.037411363470413406e+00,-5.909307128178540314e-01
1.588898125000000000e+09,-9.009568491193176598e+00,-5.948077291739470862e-01
1.593272500000000000e+09,-8.981700560412310352e+00,-5.987252033129371043e-01
1.597646875000000000e+09,-8.953808005466642683e+00,-6.026840735665668358e-01
1.602021250000000000e+09,-8.925891238030343899e+00,-6.066852366810091546e-01
1.606395625000000000e+09,-8.897950646279497278e+00,-6.107295458980096514e-01
1.610770000000000000e+09,-8.869986594259437140e+00,-6.148178092713640908e-01
1.615144375000000000e+09,-8.841999421454111996e+00,-6.189507882228094671e-01
1.619518750000000000e+09,-8.813989442555929088e+00,-6.231291963401416334e-01
1.623893125000000000e+09,-8.785956947435044739e+00,-6.273536984192805699e-01
1.628267500000000000e+09,-8.757902201304935019e+00,-6.316249097507231625e-01
1.632641875000000000e+09,-8.729825445080736657e+00,-6.359433956496883811e-01
1.637016250000000000e+09,-8.701726895925805394e+00,-6.403096712281788339e-01
1.641390625000000000e+09,-8.673606747980667109e+00,-6.447242014059534343e-01
1.645765000000000000e+09,-8.645465173268265247e+00,-6.491874011564058300e-01
1.650139375000000000e+09,-8.617302322768018996e+00,-6.536996359822755398e-01
1.654513750000000000e+09,-8.589118327650705709e+00,-6.582612226150055257e-01
1.658888125000000000e+09,-8.560913300665461634e+00,-6.628724299308231815e-01
1.663262500000000000e+09,-8.532687337669234040e+00,-6.675334800754407771e-01
1.667636875000000000e+09,-8.504440519288774425e+00,-6.722445497885789489e-01
1.672011250000000000e+09,-8.476172912704447171e+00,-6.770057719187118073e-01
1.676385625000000000e+09,-8.447884573544493847e+00,-6.818172371175292845e-01
1.680760000000000000e+09,-8.419575547878450195e+00,-6.866789957032020109e-01
1.685134375000000000e+09,-8.391245874297316831e+00,-6.915910596805835420e-01
1.689508750000000000e+09,-8.362895586068429310e+00,-6.965534049062882538e-01
1.693883125000000000e+09,-8.334524713352273295e+00,-7.015659733857373404e-01
1.698257500000000000e+09,-8.306133285468490612e+00,-7.066286756892108389e-01
1.702631875000000000e+09,-8.277721333198270415e+00,-7.117413934733176628e-01
1.707006250000000000e+09,-8.249288891110008848e+00,-7.169039820941812691e-01
1.711380625000000000e+09,-8.220835999895438562e+00,-7.221162732983499311e-01
1.715755000000000000e+09,-8.192362708703269547e+00,-7.273780779774652316e-01
1.720129375000000000e+09,-8.163869077457718504e+00,-7.326891889724085338e-01
1.724503750000000000e+09,-8.135355179149261318e+00,-7.380493839128754452e-01
1.728878125000000000e+09,-8.106821102085561392e+00,-7.434584280783546051e-01
1.733252500000000000e+09,-8.078266952090455533e+00,-7.489160772665275356e-01
1.737626875000000000e+09,-8.049692854639575401e+00,-7.544220806554323699e-01
1.742001250000000000e+09,-8.021098956921431267e+00,-7.599761836459664188e-01
1.746375625000000000e+09,-7.992485429813335429e+00,-7.655781306715689905e-01
1.750750000000000000e+09,-7.963852469762104924e+00,-7.712276679624150422e-01
1.755124375000000000e+09,-7.935200300559912989e+00,-7.769245462518131751e-01
1.759498750000000000e+09,-7.906529175006530963e+00,-7.826685234129798774e-01
1.763873125000000000e+09,-7.877839376449564668e+00,-7.884593670149780964e-01
1.768247500000000000e+09,-7.849131220195106451e+00,-7.942968567870951624e-01
1.772621875000000000e+09,-7.820405054782143317e+00,-8.001807869816185415e-01
1.776996250000000000e+09,-7.791661263114288971e+00,-8.061109686256027196e-01
1.781370625000000000e+09,-7.762900263443767379e+00,-8.120872316529013091e-01
1.785745000000000000e+09,-7.734122510202901424e+00,-8.181094269084732140e-01
1.790119375000000000e+09,-7.705328494679372753e+00,-8.241774280177273093e-01
1.794493750000000000e+09,-7.676518745532357357e+00,-8.302911331143789653e-01
1.798868125000000000e+09,-7.647693829147193867e+00,-8.364504664212125684e-01
1.803242500000000000e+09,-7.618854349827519634e+00,-8.426553796787411565e-01
1.807616875000000000e+09,-7.590000949824010412e+00,-8.489058534177701398e-01
1.811991250000000000e+09,-7.561134309200234327e+00,-8.552018980725289987e-01
1.816365625000000000e+09,-7.532255145536660201e+00,-8.615435549319577779e-01
1.820740000000000000e+09,-7.503364213474559286e+00,-8.679308969275166818e-01
1.825114375000000000e+09,-7.474462304102623023e+00,-8.743640292566529082e-01
1.829488750000000000e+09,-7.445550244189437450e+00,-8.808430898419401522e-01
1.833863125000000000e+09,-7.416628895266171639e+00,-8.873682496266628306e-01
1.838237500000000000e+09,-7.387699152564096039e+00,-8.939397127083732464e-01
1.842611875000000000e+09,-7.358761943812510253e+00,-9.005577163127338469e-01
1.846986250000000000e+09,-7.329818227903182049e+00,-9.072225306106634912e-01
1.851360625000000000e+09,-7.300868993428000664e+00,-9.139344583825956825e-01
1.855735000000000000e+09,-7.271915257097169238e+00,-9.206938345341502128e-01
1.860109375000000000e+09,-7.242958062045720347e+00,-9.275010254684252775e-01
1.864483750000000000e+09,-7.213998476036726615e+00,-9.343564283205113563e-01
1.868858125000000000e+09,-7.185037589569861716e+00,-9.412604700605210484e-01
1.873232500000000000e+09,-7.156076513904547909e+00,-9.482136064719572932e-01
1.877606875000000000e+09,-7.127116379007125246e+00,-9.552163210126750625e-01
1.881981250000000000e+09,-7.098158331431861257e+00,-9.622691235662468312e-01
1.886355625000000000e+09,-7.069203532145861502e+00,-9.693725490919152810e-01
1.890730000000000000e+09,-7.040253154308122596e+00,-9.765271561816120105e-01
1.895104375000000000e+09,-7.011308381013008351e+00,-9.837335255329849870e-01
1.899478750000000000e+09,-6.982370403008921755e+00,-9.909922583474516378e-01
1.903853125000000000e+09,-6.953440416402353108e+00,-9.983039746628081801e-01
1.908227500000000000e+09,-6.924519620358148941e+00,-1.005669311629761475e+00
1.912601875000000000e+09,-6.895609214806234455e+00,-1.013088921742071769e+00
1.916976250000000000e+09,-6.866710398165350782e+00,-1.020563471030148772e+00
1.921350625000000000e+09,-6.837824365093839063e+00,-1.028093637227660784e+00
1.925725000000000000e+09,-6.808952304277601009e+00,-1.035680107921081561e+00
1.930099375000000000e+09,-6.780095396264887775e+00,-1.043323578691630393e+00
1.934473750000000000e+09,-6.751254811357391361e+00,-1.051024751259340473e+00
1.938848125000000000e+09,-6.722431707566740577e+00,-1.058784331638430221e+00
1.943222500000000000e+09,-6.693627228645072869e+00,-1.066603028313270585e+00
1.947596875000000000e+09,-6.664842502197965146e+00,-1.074481550443746825e+00
1.951971250000000000e+09,-6.636078637887510290e+00,-1.082420606108677186e+00
1.956345625000000000e+09,-6.607336725732912974e+00,-1.090420900595516551e+00
1.960720000000000000e+09,-6.578617834515251062e+00,-1.098483134744195233e+00
1.965094375000000000e+09,-6.549923010292618031e+00,-1.106608003352644420e+00
1.969468750000000000e+09,-6.521253275031433816e+00,-1.114796193650964939e+00
1.973843125000000000e+09,-6.492609625358630510e+00,-1.123048383850804965e+00
1.978217500000000000e+09,-6.463993031439231984e+00,-1.131365241776035369e+00
1.982591875000000000e+09,-6.435404435983035576e+00,-1.139747423580210972e+00
1.986966250000000000e+09,-6.406844753383310831e+00,-1.148195572555841482e+00
1.991340625000000000e+09,-6.378314868990024422e+00,-1.156710318039816610e+00
1.995715000000000000e+09,-6.349815638519077154e+00,-1.165292274418945118e+00
2.000089375000000000e+09,-6.321347887598713911e+00,-1.173942040238753259e+00
2.004463750000000000e+09,-6.292912411453253085e+00,-1.182660197418218484e+00
2.008838125000000000e+09,-6.264509974723884156e+00,-1.191447310572572915e+00
2.013212500000000000e+09,-6.236141311425350331e+00,-1.200303926445487113e+00
2.017586875000000000e+09,-6.207807125036879370e+00,-1.209230573451653745e+00
2.021961250000000000e+09,-6.179508088725015114e+00,-1.218227761329809811e+00
2.026335625000000000e+09,-6.151244845695193142e+00,-1.227295980906113249e+00
2.030710000000000000e+09,-6.123018009668684591e+00,-1.236435703966718869e+00
2.035084375000000000e+09,-6.094828165480548066e+00,-1.245647383238281058e+00
2.039458750000000000e+09,-6.066675869793872522e+00,-1.254931452474222553e+00
2.043833125000000000e+09,-6.038561651925088647e+00,-1.264288326644333438e+00
2.048207500000000000e+09,-6.010486014774500063e+00,-1.273718402224568447e+00
2.052581875000000000e+09,-5.982449435855842879e+00,-1.283222057583581321e+00
2.056956250000000000e+09,-5.954452368418196251e+00,-1.292799653462038956e+00
2.061330625000000000e+09,-5.926495242653130546e+00,-1.302451533540255113e+00
2.065705000000000000e+09,-5.898578466979853552e+00,-1.312178025089425937e+00
2.070079375000000000e+09,-5.870702429400401989e+00,-1.321979439701326031e+00
2.074453750000000000e+09,-5.842867498917126312e+00,-1.331856074090986830e+00
2.078828125000000000e+09,-5.815074027004111912e+00,-1.341808210966622950e+00
2.083202500000000000e+09,-5.787322349124265131e+00,-1.351836119960813098e+00
2.087576875000000000e+09,-5.759612786283424768e+00,-1.361940058616714744e+00
2.091951250000000000e+09,-5.731945646613079148e+00,-1.372120273422966275e+00
2.096325625000000000e+09,-5.704321226972833614e+00,-1.382377000890678609e+00
2.100700000000000000e+09,-5.676739814564126796e+00,-1.392710468665975032e+00
2.105074375000000000e+09,-5.649201688546513722e+00,-1.403120896671340212e+00
2.109448750000000000e+09,-5.621707121648006122e+00,-1.413608498269094849e+00
2.113823125000000000e+09,-5.594256381761121943e+00,-1.424173481440267119e+00
2.118197500000000000e+09,-5.566849733516283649e+00,-1.434816049972226448e+00
2.122571875000000000e+09,-5.539487439824712034e+00,-1.445536404648573026e+00
2.126946250000000000e+09,-5.512169763382919641e+00,-1.456334744434709894e+00
2.131320625000000000e+09,-5.484896968131327100e+00,-1.467211267652908546e+00
2.135695000000000000e+09,-5.457669320659880086e+00,-1.478166173140735618e+00
2.140069375000000000e+09,-5.430487091553789725e+00,-1.489199661386926055e+00
2.144443750000000000e+09,-5.403350556672892324e+00,-1.500311935639027983e+00
2.148818125000000000e+09,-5.376259998358758452e+00,-1.511503202977511506e+00
2.153192500000000000e+09,-5.349215706563744455e+00,-1.522773675351171807e+00
2.157566875000000000e+09,-5.322217979896959328e+00,-1.534123570569103423e+00
2.161941250000000000e+09,-5.295267126582419159e+00,-1.545553113244782839e+00
2.166315625000000000e+09,-5.268363465325225370e+00,-1.557062535688221505e+00
2.170690000000000000e+09,-5.241507326082155416e+00,-1.568652078742472034e+00
2.175064375000000000e+09,-5.214699050733388574e+00,-1.580321992561129152e+00
2.179438750000000000e+09,-5.187938993652898567e+00,-1.592072537323982795e+00
2.183813125000000000e+09,-5.161227522175372506e+00,-1.603903983888308238e+00
2.188187500000000000e+09,-5.134565016958206662e+00,-1.615816614373688509e+00
2.192561875000000000e+09,-5.107951872237487478e+00,-1.627810722678651123e+00
2.196936250000000000e+09,-5.081388495977741115e+00,-1.639886614928075304e+00
2.201310625000000000e+09,-5.054875309915347614e+00,-1.652044609850290779e+00
2.205685000000000000e+09,-5.028412749496531831e+00,-1.664285039083750029e+00
2.210059375000000000e+09,-5.002001263710871726e+00,-1.676608247413069464e+00
2.214433750000000000e+09,-4.975641314822340178e+00,-1.689014592935103032e+00
2.218808125000000000e+09,-4.949333377999845851e+00,-1.701504447155764987e+00
2.223182500000000000e+09,-4.923077940850179246e+00,-1.714078195018866380e+00
2.227556875000000000e+09,-4.896875502856444129e+00,-1.726736234868681663e+00
2.231931250000000000e+09,-4.870726574725759761e+00,-1.739478978348159899e+00
2.236305625000000000e+09,-4.844631677650121482e+00,-1.752306850235183067e+00
2.240680000000000000e+09,-4.818591342485178508e+00,-1.765220288219571998e+00
2.245054375000000000e+09,-4.792606108851521718e+00,-1.778219742623785793e+00
2.249428750000000000e+09,-4.766676524163917961e+00,-1.791305676070739983e+00
2.253803125000000000e+09,-4.740803142594004704e+00,-1.804478563102165145e+00
2.258177500000000000e+09,-4.714986523972231502e+00,-1.817738889751484344e+00
2.262551875000000000e+09,-4.689227232635207798e+00,-1.831087153075138474e+00
2.266926250000000000e+09,-4.663525836224852839e+00,-1.844523860646702040e+00
2.271300625000000000e+09,-4.637882904445847387e+00,-1.858049530018208273e+00
2.275675000000000000e+09,-4.612299007788084104e+00,-1.871664688153162448e+00
2.280049375000000000e+09,-4.586774716220993753e+00,-1.885369870836049788e+00
2.284423750000000000e+09,-4.561310597866724770e+00,-1.899165622063099246e+00
2.288798125000000000e+09,-4.535907217659061352e+00,-1.913052493419113764e+00
2.293172500000000000e+09,-4.510565135995221908e+00,-1.927031043445245340e+00
2.297546875000000000e+09,-4.485284907387487863e+00,-1.941101837002693120e+00
2.301921250000000000e+09,-4.460067079121562195e+00,-1.955265444637044103e+00
2.306295625000000000e+09,-4.434912189928727599e+00,-1.969522441948289293e+00
2.310670000000000000e+09,-4.409820768678335057e+00,-1.983873408970974195e+00
2.315044375000000000e+09,-4.384793333097466217e+00,-1.998318929569437685e+00
2.319418750000000000e+09,-4.359830388523990408e+00,-2.012859590852400515e+00
2.323793125000000000e+09,-4.334932426699439567e+00,-2.027495982611411396e+00
2.328167500000000000e+09,-4.310099924607563082e+00,-2.042228696787265374e+00
2.332541875000000000e+09,-4.285333343364267300e+00,-2.057058326968402628e+00
2.336916250000000000e+09,-4.260633127164518363e+00,-2.071985467925043345e+00
2.341290625000000000e+09,-4.235999702291048052e+00,-2.087010715182570753e+00
2.345665000000000000e+09,-4.211433476189862191e+00,-2.102134664637466344e+00
2.350039375000000000e+09,-4.186934836616790001e+00,-2.117357912218712723e+00
2.354413750000000000e+09,-4.162504150859072105e+00,-2.132681053597381027e+00
2.358788125000000000e+09,-4.138141765035704189e+00,-2.148104683946865379e+00
2.363162500000000000e+09,-4.113848003479527726e+00,-2.163629397755673534e+00
2.367536875000000000e+09,-4.089623168204049364e+00,-2.179255788694713925e+00
2.371911250000000000e+09,-4.065467538456967844e+00,-2.194984449540339888e+00
2.376285625000000000e+09,-4.041381370362620906e+00,-2.210815972154255071e+00
2.380660000000000000e+09,-4.017364896654481043e+00,-2.226750947521063839e+00
2.385034375000000000e+09,-3.993418326498726856e+00,-2.242789965843798417e+00
2.389408750000000000e+09,-3.969541845409408687e+00,-2.258933616697416547e+00
2.393783125000000000e+09,-3.945735615255106410e+00,-2.275182489240113348e+00
2.398157500000000000e+09,-3.921999774356773827e+00,-2.291537172481560525e+00
2.402531875000000000e+09,-3.898334437675738950e+00,-2.307998255607361493e+00
2.406906250000000000e+09,-3.874739697090668233e+00,-2.324566328358196543e+00
2.411280625000000000e+09,-3.851215621761563401e+00,-2.341241981462132582e+00
2.415655000000000000e+09,-3.827762258578749410e+00,-2.358025807118228734e+00
2.420029375000000000e+09,-3.804379632694186775e+00,-2.374918399529040158e+00
2.424403750000000000e+09,-3.781067748132111550e+00,-2.391920355479757010e+00
2.428778125000000000e+09,-3.757826588475720708e+00,-2.409032274961039555e+00
2.433152500000000000e+09,-3.734656117626147687e+00,-2.426254761832630447e+00
2.437526875000000000e+09,-3.711556280629658033e+00,-2.443588424524544056e+00
2.441901250000000000e+09,-3.688527004568891599e+00,-2.461033876772361406e+00
2.446275625000000000e+09,-3.665568199513328018e+00,-2.478591738383075782e+00
2.450650000000000000e+09,-3.642679759524254379e+00,-2.496262636027645421e+00
2.455024375000000000e+09,-3.619861563709072527e+00,-2.514047204056462093e+00
2.459398750000000000e+09,-3.597113477319643593e+00,-2.531946085333626861e+00
2.463773125000000000e+09,-3.574435352889258510e+00,-2.549959932085925196e+00
2.468147500000000000e+09,-3.551827031402559509e+00,-2.568089406762418925e+00
2.472521875000000000e+09,-3.529288343492658520e+00,-2.586335182900303842e+00
2.476896250000000000e+09,-3.506819110659768590e+00,-2.604697945992917152e+00
2.481270625000000000e+09,-3.484419146505308262e+00,-2.623178394355594634e+00
2.485645000000000000e+09,-3.462088257975779904e+00,-2.641777239985203085e+00
2.490019375000000000e+09,-3.439826246610317551e+00,-2.660495209409211803e+00
2.494393750000000000e+09,-3.417632909786308293e+00,-2.679333044520221030e+00
2.498768125000000000e+09,-3.395508041957033818e+00,-2.698291503392010959e+00
2.503142500000000000e+09,-3.373451435875859161e+00,-2.717371361073255720e+00
2.507516875000000000e+09,-3.351462883801283432e+00,-2.736573410355211511e+00
2.511891250000000000e+09,-3.329542178677419528e+00,-2.755898462509863478e+00
2.516265625000000000e+09,-3.307689115284649262e+00,-2.775347347995148262e+00
2.520640000000000000e+09,-3.285903491355466777e+00,-2.794920917124204429e+00
2.525014375000000000e+09,-3.264185108650523581e+00,-2.814620040695602121e+00
2.529388750000000000e+09,-3.242533773990426305e+00,-2.834445610582012609e+00
2.533763125000000000e+09,-3.220949300238766799e+00,-2.854398540274767360e+00
2.538137500000000000e+09,-3.199431507232509020e+00,-2.874479765382224272e+00
2.542511875000000000e+09,-3.177980222655830467e+00,-2.894690244080013741e+00
2.546886250000000000e+09,-3.156595282853948969e+00,-2.915030957511566267e+00
2.551260625000000000e+09,-3.135276533583994052e+00,-2.935502910137647525e+00
2.555635000000000000e+09,-3.114023830699886197e+00,-2.956107130033855945e+00
2.560009375000000000e+09,-3.092837040768922741e+00,-2.976844669135394916e+00
2.564383750000000000e+09,-3.071716041618019588e+00,-2.997716603428770110e+00
2.568758125000000000e+09,-3.050660722807791103e+00,-3.018724033090313341e+00
2.573132500000000000e+09,-3.029670986033208280e+00,-3.039868082571781205e+00
2.577506875000000000e+09,-3.008746745449820459e+00,-3.061149900633617360e+00
2.581881250000000000e+09,-2.987887927924949949e+00,-3.082570660326698686e+00
2.586255625000000000e+09,-2.967094473213674810e+00,-3.104131558923787004e+00
2.590630000000000000e+09,-2.946366334059724146e+00,-3.125833817802205594e+00
2.595004375000000000e+09,-2.925703476221769961e+00,-3.147678682279368978e+00
2.599378750000000000e+09,-2.905105878426109012e+00,-3.169667421403454810e+00
2.603753125000000000e+09,-2.884573532246855976e+00,-3.191801327701337065e+00
2.608127500000000000e+09,-2.864106441915299950e+00,-3.214081716886511231e+00
2.612501875000000000e+09,-2.843704624060370723e+00,-3.236509927529867436e+00
2.616876250000000000e+09,-2.823368107382351333e+00,-3.259087320696325563e+00
2.621250625000000000e+09,-2.803096932262540530e+00,-3.281815279550728270e+00
2.625625000000000000e+09,-2.782891150311601614e+00,-3.304695208936499817e+00
2.629999375000000000e+09,-2.762750823859798643e+00,-3.327728534930736171e+00
2.634373750000000000e+09,-2.742676025392470240e+00,-3.350916704379672151e+00
2.638748125000000000e+09,-2.722666836934394929e+00,-3.374261184418541060e+00
2.643122500000000000e+09,-2.702723349386892515e+00,-3.397763461979963040e+00
2.647496875000000000e+09,-2.682845661821767536e+00,-3.421425043295240442e+00
2.651871250000000000e+09,-2.663033880736281667e+00,-3.445247453392809689e+00
2.656245625000000000e+09,-2.643288119273553782e+00,-3.469232235598379788e+00
2.660620000000000000e+09,-2.623608496413010194e+00,-3.493380951041236138e+00
2.664994375000000000e+09,-2.603995136135432986e+00,-3.517695178171257098e+00
2.669368750000000000e+09,-2.584448166567363536e+00,-3.542176512291066892e+00
2.673743125000000000e+09,-2.564967719109774613e+00,-3.566826565107961589e+00
2.678117500000000000e+09,-2.545553927555741058e+00,-3.591646964310037493e+00
2.682491875000000000e+09,-2.526206927201957608e+00,-3.616639353170849613e+00
2.686866250000000000e+09,-2.506926853959094537e+00,-3.641805390187087266e+00
2.691240625000000000e+09,-2.487713843465709562e+00,-3.667146748753353336e+00
2.695615000000000000e+09,-2.468568030210513520e+00,-3.692665116878217635e+00
2.699989375000000000e+09,-2.449489546667737105e+00,-3.718362196945481646e+00
2.704363750000000000e+09,-2.430478522450092438e+00,-3.744239705524503137e+00
2.708738125000000000e+09,-2.411535083483947073e+00,-3.770299373233092499e+00
2.713112500000000000e+09,-2.392659351210919993e+00,-3.796542944656527752e+00
2.717486875000000000e+09,-2.373851441820107322e+00,-3.822972178325811932e+00
2.721861250000000000e+09,-2.355111465515034475e+00,-3.849588846758179805e+00
2.726235625000000000e+09,-2.336439525818879481e+00,-3.876394736562545518e+00
2.730610000000000000e+09,-2.317835718921828825e+00,-3.903391648612493547e+00
2.734984375000000000e+09,-2.299300133073671315e+00,-3.930581398288840234e+00
2.739358750000000000e+09,-2.280832848024838100e+00,-3.957965815793861974e+00
2.743733125000000000e+09,-2.262433934518643941e+00,-3.985546746538756402e+00
2.748107500000000000e+09,-2.244103453837365425e+00,-4.013326051605705658e+00
2.752481875000000000e+09,-2.225841457404306833e+00,-4.041305608285554740e+00
2.756856250000000000e+09,-2.207647986443919574e+00,-4.069487310691988213e+00
2.761230625000000000e+09,-2.189523071701545032e+00,-4.097873070452481947e+00
2.765605000000000000e+09,-2.171466733224288070e+00,-4.126464817476244384e+00
2.769979375000000000e+09,-2.153478980203813453e+00,-4.155264500799048299e+00
2.774353750000000000e+09,-2.135559810882083909e+00,-4.184274089504268268e+00
2.778728125000000000e+09,-2.117709212520247242e+00,-4.213495573719673537e+00
2.783102500000000000e+09,-2.099927161430756417e+00,-4.242930965688556100e+00
2.787476875000000000e+09,-2.082213623072711073e+00,-4.272582300914050890e+00
2.791851250000000000e+09,-2.064568552209542052e+00,-4.302451639375012959e+00
2.796225625000000000e+09,-2.046991893128547346e+00,-4.332541066811352870e+00
2.800600000000000000e+09,-2.029483579920861480e+00,-4.362852696076959802e+00
2.804974375000000000e+09,-2.012043536820502965e+00,-4.393388668557450139e+00
2.809348750000000000e+09,-1.994671678600909992e+00,-4.424151155650390521e+00
2.813723125000000000e+09,-1.977367911026658431e+00,-4.455142360304976457e+00
2.818097500000000000e+09,-1.960132131358447216e+00,-4.486364518618084496e+00
2.822471875000000000e+09,-1.942964228908535596e+00,-4.517819901483565381e+00
2.826846250000000000e+09,-1.925864085644110935e+00,-4.549510816291230775e+00
2.831220625000000000e+09,-1.908831576835455790e+00,-4.581439608672014607e+00
2.835595000000000000e+09,-1.891866571745836723e+00,-4.613608664285724359e+00
2.839969375000000000e+09,-1.874968934359757311e+00,-4.646020410647368593e+00
2.844343750000000000e+09,-1.858138524145917847e+00,-4.678677318988412992e+00
2.848718125000000000e+09,-1.841375196851418039e+00,-4.711581906148880172e+00
2.853092500000000000e+09,-1.824678805323191044e+00,-4.744736736496345308e+00
2.857466875000000000e+09,-1.808049200352830121e+00,-4.778144423867898283e+00
2.861841250000000000e+09,-1.791486231540825091e+00,-4.811807633530976958e+00
2.866215625000000000e+09,-1.774989748176030169e+00,-4.845729084159210664e+00
2.870590000000000000e+09,-1.758559600126341493e+00,-4.879911549819363259e+00
2.874964375000000000e+09,-1.742195638736252938e+00,-4.914357861965385155e+00
2.879338750000000000e+09,-1.725897717727306713e+00,-4.949070911436134423e+00
2.883713125000000000e+09,-1.709665694097064259e+00,-4.984053650452910489e+00
2.888087500000000000e+09,-1.693499429012613966e+00,-5.019309094613420896e+00
2.892461875000000000e+09,-1.677398788694458354e+00,-5.054840324878951741e+00
2.896836250000000000e+09,-1.661363645286737967e+00,-5.090650489551434177e+00
2.901210625000000000e+09,-1.645393877709890651e+00,-5.126742806237803762e+00
2.905585000000000000e+09,-1.629489372491901733e+00,-5.163120563798599960e+00
2.909959375000000000e+09,-1.613650024574479813e+00,-5.199787124278731909e+00
2.914333750000000000e+09,-1.597875738090519304e+00,-5.236745924817951092e+00
2.918708125000000000e+09,-1.582166427109509277e+00,-5.274000479539306063e+00
2.923082500000000000e+09,-1.566522016347608126e+00,-5.311554381413932546e+00
2.927456875000000000e+09,-1.550942441839421093e+00,-5.349411304100861742e+00
2.931831250000000000e+09,-1.535427651568475493e+00,-5.387575003760979087e+00
2.936205625000000000e+09,-1.519977606053974029e+00,-5.426049320844398061e+00
2.940580000000000000e+09,-1.504592278891216495e+00,-5.464838181851037646e+00
2.944954375000000000e+09,-1.489271657243612657e+00,-5.503945601064500259e+00
2.949328750000000000e+09,-1.474015742284376040e+00,-5.543375682259718218e+00
2.953703125000000000e+09,-1.458824549586150932e+00,-5.583132620385123701e+00
2.958077500000000000e+09,-1.443698109457148826e+00,-5.623220703220688677e+00
2.962451875000000000e+09,-1.428636467222737849e+00,-5.663644313013350917e+00
2.966826250000000000e+09,-1.413639683451386908e+00,-5.704407928091860924e+00
2.971200625000000000e+09,-1.398707834124560012e+00,-5.745516124463501129e+00
2.975575000000000000e+09,-1.383841010750033629e+00,-5.786973577395379209e+00
2.979949375000000000e+09,-1.369039320418639294e+00,-5.828785062983699916e+00
2.984323750000000000e+09,-1.354302885804559153e+00,-5.870955459714330971e+00
2.988698125000000000e+09,-1.339631845109655828e+00,-5.913489750019018665e+00
2.993072500000000000e+09,-1.325026351952557579e+00,-5.956393021831375201e+00
2.997446875000000000e+09,-1.310486575203392512e+00,-5.999670470147608015e+00
3.001821250000000000e+09,-1.296012698765528492e+00,-6.043327398597176270e+00
3.006195625000000000e+09,-1.281604921305623090e+00,-6.087369221028829713e+00
3.010570000000000000e+09,-1.267263455933812732e+00,-6.131801463118245366e+00
3.014944375000000000e+09,-1.252988529835928899e+00,-6.176629764003322087e+00
3.019318750000000000e+09,-1.238780383859890755e+00,-6.221859877954006635e+00
3.023693125000000000e+09,-1.224639272058609230e+00,-6.267497676083801927e+00
3.028067500000000000e+09,-1.210565461191998926e+00,-6.313549148110071840e+00
3.032441875000000000e+09,-1.196559230190803902e+00,-6.360020404171287112e+00
3.036816250000000000e+09,-1.182620869585097267e+00,-6.406917676709092291e+00
3.041190625000000000e+09,-1.168750680900587424e+00,-6.454247322423565691e+00
3.045565000000000000e+09,-1.154948976025856000e+00,-6.502015824310712233e+00
3.049939375000000000e+09,-1.141216076553866143e+00,-6.550229793790927957e+00
3.054313750000000000e+09,-1.127552313101094272e+00,-6.598895972938057852e+00
3.058688125000000000e+09,-1.113958024607913044e+00,-6.648021236818521196e+00
3.063062500000000000e+09,-1.100433557623675007e+00,-6.697612595950580783e+00
3.067436875000000000e+09,-1.086979265580207077e+00,-6.747677198893948791e+00
3.071811250000000000e+09,-1.073595508057315184e+00,-6.798222334980177806e+00
3.076185625000000000e+09,-1.060282650044047648e+00,-6.849255437194818441e+00
3.080560000000000000e+09,-1.047041061199380341e+00,-6.900784085222127828e+00
3.084934375000000000e+09,-1.033871115115939876e+00,-6.952816008663789127e+00
3.089308750000000000e+09,-1.020773188590477165e+00,-7.005359090443308290e+00
3.093683125000000000e+09,-1.007747660904661391e+00,-7.058421370407717887e+00
3.098057500000000000e+09,-9.947949131196014427e-01,-7.112011049138978969e+00
3.102431875000000000e+09,-9.819153273876974897e-01,-7.166136491987207258e+00
3.106806250000000000e+09,-9.691092862849782774e-01,-7.220806233338561420e+00
3.111180625000000000e+09,-9.563771721672792436e-01,-7.276028981130834516e+00
3.115555000000000000e+09,-9.437193665531719011e-01,-7.331813621629688527e+00
3.119929375000000000e+09,-9.311362495367536685e-01,-7.388169224479641528e+00
3.124303750000000000e+09,-9.186281992329198287e-01,-7.445105048043193285e+00
3.128678125000000000e+09,-9.061955912577732697e-01,-7.502630545042755728e+00
3.133052500000000000e+09,-8.938387982465757498e-01,-7.560755368519942010e+00
3.137426875000000000e+09,-8.815581894113978523e-01,-7.619489378127157764e+00
3.141801250000000000e+09,-8.693541301405866006e-01,-7.678842646767368052e+00
3.146175625000000000e+09,-8.572269816416366872e-01,-7.738825467597671981e+00
3.150550000000000000e+09,-8.451771006292716493e-01,-7.799448361413413799e+00
3.154924375000000000e+09,-8.332048390598221221e-01,-7.860722084430021184e+00
3.159298750000000000e+09,-8.213105439131317409e-01,-7.922657636480129995e+00
3.163673125000000000e+09,-8.094945570228209153e-01,-7.985266269644534454e+00
3.168047500000000000e+09,-7.977572149554148506e-01,-8.048559497336146507e+00
3.172421875000000000e+09,-7.860988489388354150e-01,-8.112549103856913746e+00
3.176796250000000000e+09,-7.745197848401916829e-01,-8.177247154448659572e+00
3.181170625000000000e+09,-7.630203431928275215e-01,-8.242666005859684120e+00
3.185545000000000000e+09,-7.516008392722173248e-01,-8.308818317450088031e+00
3.189919375000000000e+09,-7.402615832199825885e-01,-8.375717062860207562e+00
3.194293750000000000e+09,-7.290028802152538345e-01,-8.443375542267215650e+00
3.198668125000000000e+09,-7.178250306920973545e-01,-8.511807395257218189e+00
3.203042500000000000e+09,-7.067283306018661282e-01,-8.581026614341087821e+00
3.207416875000000000e+09,-6.957130717186444935e-01,-8.651047559144059207e+00
3.211791250000000000e+09,-6.847795419861630872e-01,-8.721884971301598455e+00
3.216165625000000000e+09,-6.739280259040734133e-01,-8.793553990095029249e+00
3.220540000000000000e+09,-6.631588049513985617e-01,-8.866070168863704026e+00
3.224914375000000000e+09,-6.524721580448558100e-01,-8.939449492232228067e+00
3.229288750000000000e+09,-6.418683620292506831e-01,-9.013708394194143381e+00
3.233663125000000000e+09,-6.313476921974520151e-01,-9.088863777096559460e+00
3.238037500000000000e+09,-6.209104228369792811e-01,-9.164933031573026412e+00
3.242411875000000000e+09,-6.105568278000654825e-01,-9.241934057475694075e+00
3.246786250000000000e+09,-6.002871810942594921e-01,-9.319885285861506219e+00
3.251160625000000000e+09,-5.901017574901723517e-01,-9.398805702091042491e+00
3.255535000000000000e+09,-5.800008331431159014e-01,-9.478714870103770451e+00
3.259909375000000000e+09,-5.699846862251743973e-01,-9.559632957937365560e+00
3.264283750000000000e+09,-5.600535975642746411e-01,-9.641580764565203410e+00
3.268658125000000000e+09,-5.502078512867962790e-01,-9.724579748130942392e+00
3.273032500000000000e+09,-5.404477354601048278e-01,-9.808652055666271963e+00
3.277406875000000000e+09,-5.307735427315387611e-01,-9.893820554384396004e+00
3.281781250000000000e+09,-5.211855709603457898e-01,-9.980108864649501754e+00
3.286155625000000000e+09,-5.116841238390467117e-01,-1.006754139473082965e+01
3.290530000000000000e+09,-5.022695115007312916e-01,-1.015614337745896201e+01
3.294904375000000000e+09,-4.929420511090574220e-01,-1.024594090891177700e+01
3.299278750000000000e+09,-4.837020674274666865e-01,-1.033696098926868245e+01
3.303653125000000000e+09,-4.745498933645309059e-01,-1.042923156598303081e+01
3.308027500000000000e+09,-4.654858704922388291e-01,-1.052278157943639769e+01
3.312401875000000000e+09,-4.565103495342889284e-01,-1.061764101125199922e+01
3.316776250000000000e+09,-4.476236908216035815e-01,-1.071384093546059901e+01
3.321150625000000000e+09,-4.388262647121354276e-01,-1.081141357272955794e+01
3.325525000000000000e+09,-4.301184519727915267e-01,-1.091039234788424750e+01
3.329899375000000000e+09,-4.215006441208030141e-01,-1.101081195097242116e+01
3.334273750000000000e+09,-4.129732437225402952e-01,-1.111270840214477751e+01
3.338648125000000000e+09,-4.045366646477833172e-01,-1.121611912065053396e+01
3.343022500000000000e+09,-3.961913322776244306e-01,-1.132108299827515374e+01
3.347396875000000000e+09,-3.879376836645471172e-01,-1.142764047757774293e+01
3.351771250000000000e+09,-3.797761676432553912e-01,-1.153583363532088768e+01
3.356145625000000000e+09,-3.717072448912520644e-01,-1.164570627152334836e+01
3.360520000000000000e+09,-3.637313879382267356e-01,-1.175730400460840208e+01
3.364894375000000000e+09,-3.558490811236966200e-01,-1.187067437316842700e+01
3.369268750000000000e+09,-3.480608205024644519e-01,-1.198586694491779348e+01
3.373643125000000000e+09,-3.403671136977850509e-01,-1.210293343346570438e+01
3.378017500000000000e+09,-3.327684797023428565e-01,-1.222192782360575869e+01
3.382391875000000000e+09,-3.252654486273681145e-01,-1.234290650589194804e+01
3.386766250000000000e+09,-3.178585614005383086e-01,-1.246592842135378199e+01
3.391140625000000000e+09,-3.105483694134392181e-01,-1.259105521729427402e+01
3.395515000000000000e+09,-3.033354341196809467e-01,-1.271835141521956558e+01
3.399889375000000000e+09,-2.962203265849701617e-01,-1.284788459206488653e+01
3.404263750000000000e+09,-2.892036269906554935e-01,-1.297972557601388388e+01
3.408638125000000000e+09,-2.822859240925129631e-01,-1.311394865835783463e+01
3.413012500000000000e+09,-2.754678146366748570e-01,-1.325063182300979392e+01
3.417386875000000000e+09,-2.687499027349065650e-01,-1.338985699548141461e+01
3.421761250000000000e+09,-2.621327992015570207e-01,-1.353171031334871266e+01
3.426135625000000000e+09,-2.556171208547207696e-01,-1.367628242048144926e+01
3.430510000000000000e+09,-2.492034897842461683e-01,-1.382366878759746776e+01
3.434884375000000000e+09,-2.428925325895683329e-01,-1.397397006202745118e+01
3.439258750000000000e+09,-2.366848795901598801e-01,-1.412729244995234268e+01
3.443633125000000000e+09,-2.305811640119618255e-01,-1.428374813480594874e+01
3.448007500000000000e+09,-2.245820211527691235e-01,-1.444345573603325406e+01
3.452381875000000000e+09,-2.186880875300976634e-01,-1.460654081297147044e+01
3.456756250000000000e+09,-2.129000000148636440e-01,-1.477313641928879662e+01
3.461130625000000000e+09,-2.072183949543069392e-01,-1.494338371419360811e+01
3.465505000000000000e+09,-2.016439072877608540e-01,-1.511743263753495548e+01
3.469879375000000000e+09,-1.961771696587709390e-01,-1.529544265697621519e+01
3.474253750000000000e+09,-1.908188115271584051e-01,-1.547758359667316164e+01
3.478628125000000000e+09,-1.855694582845257012e-01,-1.566403655835544306e+01
3.483002500000000000e+09,-1.804297303768757632e-01,-1.585499494744900773e+01
3.487376875000000000e+09,-1.754002424376707170e-01,-1.605066561893854526e+01
3.491751250000000000e+09,-1.704816024349848358e-01,-1.625127016012331183e+01
3.496125625000000000e+09,-1.656744108359254897e-01,-1.645704633035529696e+01
3.500500000000000000e+09,-1.609792597917566459e-01,-1.666824968137252583e+01
3.504874375000000000e+09,-1.563967323468549164e-01,-1.688515538608733024e+01
3.509248750000000000e+09,-1.519274016745424394e-01,-1.710806030883595952e+01
3.513623125000000000e+09,-1.475718303427604738e-01,-1.733728535635384205e+01
3.517997500000000000e+09,-1.433305696123530482e-01,-1.757317815639716230e+01
3.522371875000000000e+09,-1.392041587705259709e-01,-1.781611612033962544e+01
3.526746250000000000e+09,-1.351931245020194794e-01,-1.806650995770248969e+01
3.531120625000000000e+09,-1.312979803001108614e-01,-1.832480772503228650e+01
3.535495000000000000e+09,-1.275192259196244182e-01,-1.859149950962076048e+01
3.539869375000000000e+09,-1.238573468736683669e-01,-1.886712287132122867e+01
3.544243750000000000e+09,-1.203128139758433135e-01,-1.915226919456417676e+01
3.548618125000000000e+09,-1.168860829291569342e-01,-1.944759113950223295e+01
3.552992500000000000e+09,-1.135775939629541931e-01,-1.975381142860137373e+01
3.557366875000000000e+09,-1.103877715186928204e-01,-2.007173326646349309e+01
3.561741250000000000e+09,-1.073170239852462016e-01,-2.040225277110971547e+01
3.566115625000000000e+09,-1.043657434841680498e-01,-2.074637390122715175e+01
3.570490000000000000e+09,-1.015343057051516784e-01,-2.110522650569598113e+01
3.574864375000000000e+09,-9.882306979146820991e-02,-2.148008831303001642e+01
3.579238750000000000e+09,-9.623237827521793908e-02,-2.187241193949305185e+01
3.583613125000000000e+09,-9.376255706173119986e-02,-2.228385835562131234e+01
3.587987500000000000e+09,-9.141391546234933774e-02,-2.271633875677130376e+01
3.592361875000000000e+09,-8.918674627448355818e-02,-2.317206750300529805e+01
3.596736250000000000e+09,-8.708132590772688086e-02,-2.365362983441320566e+01
3.601110625000000000e+09,-8.509791455449705611e-02,-2.416406960043154228e+01
3.605485000000000000e+09,-8.323675640339323056e-02,-2.470700454342848928e+01
3.609859375000000000e+09,-8.149807989347114534e-02,-2.528678021094928141e+01
3.614233750000000000e+09,-7.988209800716690456e-02,-2.590867913259046063e+01
3.618608125000000000e+09,-7.838900859965365620e-02,-2.657921089483654242e+01
3.622982500000000000e+09,-7.701899476201123917e-02,-2.730652376530768066e+01
3.627356875000000000e+09,-7.577222521568011127e-02,-2.810100449669662126e+01
3.631731250000000000e+09,-7.464885473529622728e-02,-2.897617976740413681e+01
3.636105625000000000e+09,-7.364902459699178283e-02,-2.995012126850033241e+01
3.640480000000000000e+09,-7.277286304913528625e-02,-3.104773367104511905e+01
3.644854375000000000e+09,-7.202048580230610564e-02,-3.230468436640683905e+01
3.649228750000000000e+09,-7.139199653530176048e-02,-3.377461779500872296e+01
3.653603125000000000e+09,-7.088748741387765340e-02,-3.554358110667600101e+01
3.657977500000000000e+09,-7.050703961880250281e-02,-3.776233384188655862e+01
3.662351875000000000e+09,-7.025072387996897372e-02,-4.073094407916521220e+01
3.666726250000000000e+09,-7.011860101295497305e-02,-4.517255461349132872e+01
3.671100625000000000e+09,-7.011072245494054389e-02,-5.292895065942867916e+01
3.675475000000000000e+09,-7.022713079627677935e-02,-5.062442952575445076e+01
3.679849375000000000e+09,-7.046786030470275630e-02,-4.385895226092365107e+01
3.684223750000000000e+09,-7.083293743863275371e-02,-3.989205479748893879e+01
3.688598125000000000e+09,-7.132238134662954865e-02,-3.714756706078751591e+01
3.692972500000000000e+09,-7.193620434969806576e-02,-3.505601508372991049e+01
3.697346875000000000e+09,-7.267441240357926102e-02,-3.336794540419325017e+01
3.701721250000000000e+09,-7.353700553810568752e-02,-3.195338861230320049e+01
3.706095625000000000e+09,-7.452397827095388894e-02,-3.073631057523087051e+01
3.710470000000000000e+09,-7.563531999314167253e-02,-2.966846325723892264e+01
3.714844375000000000e+09,-7.687101532395826387e-02,-2.871733865036281230e+01
3.719218750000000000e+09,-7.823104443304368383e-02,-2.786000274717068947e+01
3.723593125000000000e+09,-7.971538332768259016e-02,-2.707967608180524266e+01
3.727967500000000000e+09,-8.132400410335058338e-02,-2.636371432467739950e+01
3.732341875000000000e+09,-8.305687515606618998e-02,-2.570235368925247599e+01
3.736716250000000000e+09,-8.491396135503936904e-02,-2.508789827875687806e+01
3.741090625000000000e+09,-8.689522417457409831e-02,-2.451417496726080003e+01
3.745465000000000000e+09,-8.900062178418587100e-02,-2.397615670843626035e+01
3.749839375000000000e+09,-9.123010909636976307e-02,-2.346969548684192119e+01
3.754213750000000000e+09,-9.358363777154066199e-02,-2.299132873772793317e+01
3.758588125000000000e+09,-9.606115617990784727e-02,-2.253813625439885371e+01
3.762962500000000000e+09,-9.866260932050173460e-02,-2.210763257038362184e+01
3.767336875000000000e+09,-1.013879386974779750e-01,-2.169768476433966242e+01
3.771711250000000000e+09,-1.042370821543689707e-01,-2.130644880792514684e+01
3.776085625000000000e+09,-1.072099736671142944e-01,-2.093231965466550193e+01
3.780460000000000000e+09,-1.103065430968166172e-01,-2.057389165828763211e+01
3.784834375000000000e+09,-1.135267159035276419e-01,-2.022992685768377541e+01
3.789208750000000000e+09,-1.168704128226663724e-01,-1.989932932443399949e+01
3.793583125000000000e+09,-1.203375495056112354e-01,-1.958112423364703147e+01
3.797957500000000000e+09,-1.239280361266320712e-01,-1.927444065171696508e+01
3.802331875000000000e+09,-1.276417769580536210e-01,-1.897849727615047044e+01
3.806706250000000000e+09,-1.314786699162061590e-01,-1.869259054012124821e+01
3.811080625000000000e+09,-1.354386060804643466e-01,-1.841608462634870946e+01
3.815455000000000000e+09,-1.395214691882256663e-01,-1.814840303402319677e+01
3.819829375000000000e+09,-1.437271351085357141e-01,-1.788902141771279020e+01
3.824203750000000000e+09,-1.480554712973187192e-01,-1.763746147478752135e+01
3.828578125000000000e+09,-1.525063362373468845e-01,-1.739328570239123195e+01
3.832952500000000000e+09,-1.570795788661168979e-01,-1.715609287964216989e+01
3.837326875000000000e+09,-1.617750379948476314e-01,-1.692551415793445102e+01
3.841701250000000000e+09,-1.665925417219941973e-01,-1.670120966370162918e+01
3.846075625000000000e+09,-1.715319068446582440e-01,-1.648286553510432384e+01
3.850450000000000000e+09,-1.765929382713077589e-01,-1.627019132779548727e+01
3.854824375000000000e+09,-1.817754284392599229e-01,-1.606291773594863415e+01
3.859198750000000000e+09,-1.870791567403500832e-01,-1.586079458367184003e+01
3.863573125000000000e+09,-1.925038889582399437e-01,-1.566358904921058226e+01
3.867947500000000000e+09,-1.980493767207207323e-01,-1.547108409030454723e+01
3.872321875000000000e+09,-2.037153569703628320e-01,-1.528307704396805455e+01
3.876696250000000000e+09,-2.095015514567228343e-01,-1.509937837801923699e+01
3.881070625000000000e+09,-2.154076662533216668e-01,-1.491981057504965236e+01
3.885445000000000000e+09,-2.214333913024510159e-01,-1.474420713233281077e+01
3.889819375000000000e+09,-2.275783999906412503e-01,-1.457241166352234707e+01
3.894193750000000000e+09,-2.338423487577634685e-01,-1.440427708996353218e+01
3.898568125000000000e+09,-2.402248767421963360e-01,-1.423966491111039545e+01
3.902942500000000000e+09,-2.467256054646894681e-01,-1.407844454495039344e+01
3.907316875000000000e+09,-2.533441385531519652e-01,-1.392049273053680736e+01
3.911691250000000000e+09,-2.600800615104155722e-01,-1.376569298575143918e+01
3.916065625000000000e+09,-2.669329415269628969e-01,-1.361393511429142045e+01
3.920440000000000000e+09,-2.739023273401783865e-01,-1.346511475662483015e+01
3.924814375000000000e+09,-2.809877491416946649e-01,-1.331913298030159609e+01
3.929188750000000000e+09,-2.881887185339131463e-01,-1.317589590556246293e+01
3.933563125000000000e+09,-2.955047285368501142e-01,-1.303531436266896115e+01
3.937937500000000000e+09,-3.029352536458790879e-01,-1.289730357779282599e+01
3.942311875000000000e+09,-3.104797499409513439e-01,-1.276178288466521416e+01
3.946686250000000000e+09,-3.181376552475198016e-01,-1.262867545950201276e+01
3.951060625000000000e+09,-3.259083893492054074e-01,-1.249790807699508832e+01
3.955435000000000000e+09,-3.337913542517618737e-01,-1.236941088540182143e+01
3.959809375000000000e+09,-3.417859344981099556e-01,-1.224311719897547057e+01
3.964183750000000000e+09,-3.498914975334005417e-01,-1.211896330616452921e+01
3.968558125000000000e+09,-3.581073941193291810e-01,-1.199688829217357622e+01
3.972932500000000000e+09,-3.664329587962843471e-01,-1.187683387462146101e+01
3.977306875000000000e+09,-3.748675103919973384e-01,-1.175874425116094635e+01
3.981681250000000000e+09,-3.834103525748950858e-01,-1.164256595803667338e+01
3.986055625000000000e+09,-3.920607744503307734e-01,-1.152824773865829400e+01
3.990430000000000000e+09,-4.008180511974822613e-01,-1.141574042135582268e+01
3.994804375000000000e+09,-4.096814447447070240e-01,-1.130499680556224718e+01
3.999178750000000000e+09,-4.186502044807686174e-01,-1.119597155574058789e+01
4.003553125000000000e+09,-4.277235679993554585e-01,-1.108862110243515176e+01
4.007927500000000000e+09,-4.369007618739779164e-01,-1.098290354988333206e+01
4.012301875000000000e+09,-4.461810024604095370e-01,-1.087877858967587485e+01
4.016676250000000000e+09,-4.555634967234514776e-01,-1.077620741999789189e+01
4.021050625000000000e+09,-4.650474430849355079e-01,-1.067515267002514712e+01
4.025425000000000000e+09,-4.746320322895662969e-01,-1.057557832908621442e+01
4.029799375000000000e+09,-4.843164482853569153e-01,-1.047744968023449630e+01
4.034173750000000000e+09,-4.940998691151252120e-01,-1.038073323790468905e+01
4.038548125000000000e+09,-5.039814678156188110e-01,-1.028539668935458451e+01
4.042922500000000000e+09,-5.139604133207821279e-01,-1.019140883961859601e+01
4.047296875000000000e+09,-5.240358713655863809e-01,-1.009873955972109627e+01
4.051671250000000000e+09,-5.342070053870916491e-01,-1.000735973791803346e+01
4.056045625000000000e+09,-5.444729774189830396e-01,-9.917241233754136687e+00
4.060420000000000000e+09,-5.548329489764679545e-01,-9.828356834739006231e+00
4.064794375000000000e+09,-5.652860819279366122e-01,-9.740680215461578584e+00
4.069168750000000000e+09,-5.758315393501460822e-01,-9.654185898975757851e+00
4.073543125000000000e+09,-5.864684863638214285e-01,-9.568849220302887204e+00
4.077917500000000000e+09,-5.971960909463880363e-01,-9.484646291908775950e+00
4.082291875000000000e+09,-6.080135247191145176e-01,-9.401553971023176359e+00
4.086666250000000000e+09,-6.189199637054950687e-01,-9.319549828679773995e+00
4.091040625000000000e+09,-6.299145890585498009e-01,-9.238612120363757896e+00
4.095415000000000000e+09,-6.409965877542336266e-01,-9.158719758161980806e+00
4.099789375000000000e+09,-6.521651532487348080e-01,-9.079852284318937095e+00
4.104163750000000000e+09,-6.634194860974534924e-01,-9.001989846108115145e+00
4.108538125000000000e+09,-6.747587945337106818e-01,-8.925113171935521450e+00
4.112912500000000000e+09,-6.861822950053952930e-01,-8.849203548597625257e+00
4.117286875000000000e+09,-6.976892126679736794e-01,-8.774242799621598365e+00
4.121661250000000000e+09,-7.092787818325676508e-01,-8.700213264621130094e+00
4.126035625000000000e+09,-7.209502463679442474e-01,-8.627097779605554351e+00
4.130410000000000000e+09,-7.327028600555234306e-01,-8.554879658184708191e+00
4.134784375000000000e+09,-7.445358868967337784e-01,-8.483542673615687590e+00
4.139158750000000000e+09,-7.564486013723601410e-01,-8.413071041641785541e+00
4.143533125000000000e+09,-7.684402886535357524e-01,-8.343449404077343701e+00
4.147907500000000000e+09,-7.805102447645728692e-01,-8.274662813095400082e+00
4.152281875000000000e+09,-7.926577766978171180e-01,-8.206696716178242923e+00
4.156656250000000000e+09,-8.048822024810132758e-01,-8.139536941693837235e+00
4.161030625000000000e+09,-8.171828511979845056e-01,-8.073169685063492196e+00
4.165405000000000000e+09,-8.295590629634610469e-01,-8.007581495488981460e+00
4.169779375000000000e+09,-8.420101888532829371e-01,-7.942759263209317133e+00
4.174153750000000000e+09,-8.545355907914224947e-01,-7.878690207259714029e+00
4.178528125000000000e+09,-8.671346413951441789e-01,-7.815361863707246393e+00
4.182902500000000000e+09,-8.798067237804081397e-01,-7.752762074339390352e+00
4.187276875000000000e+09,-8.925512313291685818e-01,-7.690878975783706828e+00
4.191651250000000000e+09,-9.053675674208377933e-01,-7.629700989038319392e+00
4.196025625000000000e+09,-9.182551451301751433e-01,-7.569216809394204937e+00
4.200400000000000000e+09,-9.312133868939538317e-01,-7.509415396732199710e+00
4.204774375000000000e+09,-9.442417241490764779e-01,-7.450285966178356034e+00
4.209148750000000000e+09,-9.573395969447496823e-01,-7.391817979102875746e+00
4.213523125000000000e+09,-9.705064535314723573e-01,-7.334001134448833170e+00
4.217897500000000000e+09,-9.837417499299171419e-01,-7.276825360377826790e+00
4.222271875000000000e+09,-9.970449494823725445e-01,-7.220280806221063941e+00
4.226646250000000000e+09,-1.010415522390072596e+00,-7.164357834724494722e+00
4.231020625000000000e+09,-1.023852945239275503e+00,-7.109047014578329104e+00
4.235395000000000000e+09,-1.037356700519378006e+00,-7.054339113221423929e+00
4.239769375000000000e+09,-1.050926276136048942e+00,-7.000225089911632281e+00
4.244143750000000000e+09,-1.064561164922568803e+00,-6.946696089054473333e+00
4.248518125000000000e+09,-1.078260864152612797e+00,-6.893743433782216101e+00
4.252892500000000000e+09,-1.092024875057314937e+00,-6.841358619776571004e+00
4.257266875000000000e+09,-1.105852702349939820e+00,-6.789533309328521504e+00
4.261641250000000000e+09,-1.119743853760946317e+00,-6.738259325628782825e+00
4.266015625000000000e+09,-1.133697839586438327e+00,-6.687528647283695449e+00
4.270390000000000000e+09,-1.147714172252841891e+00,-6.637333403050390324e+00
4.274764375000000000e+09,-1.161792365900486734e+00,-6.587665866786633018e+00
4.279138750000000000e+09,-1.175931935988707044e+00,-6.538518452610080800e+00
4.283513125000000000e+09,-1.190132398924949708e+00,-6.489883710262175143e+00
4.287887500000000000e+09,-1.204393271720262115e+00,-6.441754320672302470e+00
4.292261875000000000e+09,-1.218714071673257404e+00,-6.394123091717501595e+00
4.296636250000000000e+09,-1.233094316084646813e+00,-6.346982954173561176e+00
4.301010625000000000e+09,-1.247533522004163231e+00,-6.300326957853249255e+00
4.305385000000000000e+09,-1.262031206011589912e+00,-6.254148267927178928e+00
4.309759375000000000e+09,-1.276586884033288349e+00,-6.208440161423579795e+00
4.314133750000000000e+09,-1.291200071195562238e+00,-6.163196023902360210e+00
4.318508125000000000e+09,-1.305870281716019710e+00,-6.118409346299573670e+00
4.322882500000000000e+09,-1.320597028833591757e+00,-6.074073721937967463e+00
4.327256875000000000e+09,-1.335379824778197611e+00,-6.030182843699335216e+00
4.331631250000000000e+09,-1.350218180780163202e+00,-5.986730501354422529e+00
4.336005625000000000e+09,-1.365111607119862569e+00,-5.943710579046024733e+00
4.340380000000000000e+09,-1.380059613217658798e+00,-5.901117052920801243e+00
4.344754375000000000e+09,-1.395061707763604719e+00,-5.858943988905307876e+00
4.349128750000000000e+09,-1.410117398887002604e+00,-5.817185540621585105e+00
4.353503125000000000e+09,-1.425226194364783261e+00,-5.775835947437712115e+00
4.357877500000000000e+09,-1.440387601868116318e+00,-5.734889532648439925e+00
4.362251875000000000e+09,-1.455601129246178793e+00,-5.694340701781003489e+00
4.366626250000000000e+09,-1.470866284845819827e+00,-5.654183941021219795e+00
4.371000625000000000e+09,-1.486182577865792220e+00,-5.614413815754736525e+00
4.375375000000000000e+09,-1.501549518743916067e+00,-5.575024969218253190e+00
4.379749375000000000e+09,-1.516966619575397024e+00,-5.536012121255572183e+00
4.384123750000000000e+09,-1.532433394560419382e+00,-5.497370067173021901e+00
4.388498125000000000e+09,-1.547949360478890535e+00,-5.459093676688969055e+00
4.392872500000000000e+09,-1.563514037190143258e+00,-5.421177892971909884e+00
4.397246875000000000e+09,-1.579126948155237464e+00,-5.383617731761690450e+00
4.401621250000000000e+09,-1.594787620979285059e+00,-5.346408280568258675e+00
4.405995625000000000e+09,-1.610495587971431775e+00,-5.309544697942399694e+00
4.410370000000000000e+09,-1.626250386719569008e+00,-5.273022212812899845e+00
4.414744375000000000e+09,-1.642051560677153965e+00,-5.236836123884407002e+00
4.419118750000000000e+09,-1.657898659759335036e+00,-5.200981799090614643e+00
4.423493125000000000e+09,-1.673791240945317060e+00,-5.165454675096966319e+00
4.427867500000000000e+09,-1.689728868884363244e+00,-5.130250256847510570e+00
4.432241875000000000e+09,-1.705711116502095059e+00,-5.095364117150378291e+00
4.436616250000000000e+09,-1.721737565604521736e+00,-5.060791896296371384e+00
4.440990625000000000e+09,-1.737807807476534627e+00,-5.026529301705449093e+00
4.445365000000000000e+09,-1.753921443472168162e+00,-4.992572107595799835e+00
4.449739375000000000e+09,-1.770078085593592920e+00,-4.958916154670331089e+00
4.454113750000000000e+09,-1.786277357056066606e+00,-4.925557349815619546e+00
4.458488125000000000e+09,-1.802518892836003861e+00,-4.892491665808330836e+00
4.462862500000000000e+09,-1.818802340199535683e+00,-4.859715141024556928e+00
4.467236875000000000e+09,-1.835127359208858167e+00,-4.827223879147295449e+00
4.471611250000000000e+09,-1.851493623203912531e+00,-4.795014048867796141e+00
4.475985625000000000e+09,-1.867900819256961276e+00,-4.763081883576639974e+00
4.480360000000000000e+09,-1.884348648597828024e+00,-4.731423681040353380e+00
4.484734375000000000e+09,-1.900836827007627017e+00,-4.700035803059959605e+00
4.489108750000000000e+09,-1.917365085178959205e+00,-4.668914675107882495e+00
4.493483125000000000e+09,-1.933933169040876754e+00,-4.638056785939740578e+00
4.497857500000000000e+09,-1.950540840046768309e+00,-4.607458687178217716e+00
4.502231875000000000e+09,-1.967187875423877186e+00,-4.577116992865897238e+00
4.506606250000000000e+09,-1.983874068382862843e+00,-4.547028378984697028e+00
4.510980625000000000e+09,-2.000599228286703113e+00,-4.517189582939616699e+00
4.515355000000000000e+09,-2.017363180777514753e+00,-4.487597403004600416e+00
4.519729375000000000e+09,-2.034165767860939944e+00,-4.458248697728977916e+00
4.524103750000000000e+09,-2.051006847947485667e+00,-4.429140385302962279e+00
4.528478125000000000e+09,-2.067886295850293266e+00,-4.400269442880865967e+00
4.532852500000000000e+09,-2.084804002739530038e+00,-4.371632905861484453e+00
4.537226875000000000e+09,-2.101759876053310272e+00,-4.343227867124684671e+00
4.541601250000000000e+09,-2.118753839365355773e+00,-4.315051476224105897e+00
4.545975625000000000e+09,-2.135785832210201463e+00,-4.287100938535884254e+00
4.550350000000000000e+09,-2.152855809866309311e+00,-4.259373514363580249e+00
4.554724375000000000e+09,-2.169963743098224374e+00,-4.231866517999920418e+00
4.559098750000000000e+09,-2.187109617858800092e+00,-4.204577316746044069e+00
4.563473125000000000e+09,-2.204293434952728781e+00,-4.177503329889408867e+00
4.567847500000000000e+09,-2.221515209662987544e+00,-4.150642027641627152e+00
4.572221875000000000e+09,-2.238774971341705111e+00,-4.123990930037700231e+00
4.576596250000000000e+09,-2.256072762967338718e+00,-4.097547605798600223e+00
4.580970625000000000e+09,-2.273408640670205205e+00,-4.071309671159082377e+00
4.585345000000000000e+09,-2.290782673228347832e+00,-4.045274788663143717e+00
4.589719375000000000e+09,-2.308194941536190203e+00,-4.019440665929328027e+00
4.594093750000000000e+09,-2.325645538048239924e+00,-3.993805054388714915e+00
4.598468125000000000e+09,-2.343134566200456348e+00,-3.968365747998419568e+00
4.602842500000000000e+09,-2.360662139811924742e+00,-3.943120581933365454e+00
4.607216875000000000e+09,-2.378228382469464108e+00,-3.918067431259705025e+00
4.611591250000000000e+09,-2.395833426898068552e+00,-3.893204209593037035e+00
4.615965625000000000e+09,-2.413477414320071901e+00,-3.868528867744775113e+00
4.620340000000000000e+09,-2.431160493805923917e+00,-3.844039392360225627e+00
4.624714375000000000e+09,-2.448882821619553507e+00,-3.819733804551855183e+00
4.629088750000000000e+09,-2.466644560561296107e+00,-3.795610158531459888e+00
4.633463125000000000e+09,-2.484445879311488969e+00,-3.771666540244811294e+00
4.637837500000000000e+09,-2.502286951777656920e+00,-3.747901066012556903e+00
4.642211875000000000e+09,-2.520167956448295499e+00,-3.724311881181111339e+00
4.646586250000000000e+09,-2.538089075756197133e+00,-3.700897158787142427e+00
4.650960625000000000e+09,-2.556050495454279314e+00,-3.677655098239447806e+00
4.655335000000000000e+09,-2.574052404006700101e+00,-3.654583924021856944e+00
4.659709375000000000e+09,-2.592094991998083131e+00,-3.631681884420638440e+00
4.664083750000000000e+09,-2.610178451563518021e+00,-3.608947250280118535e+00
4.668458125000000000e+09,-2.628302975841871003e+00,-3.586378313789659877e+00
4.672832500000000000e+09,-2.646468758454992631e+00,-3.563973387305675367e+00
4.677206875000000000e+09,-2.664675993014981259e+00,-3.541730802211474405e+00
4.681581250000000000e+09,-2.682924872661927029e+00,-3.519648907818239802e+00
4.685955625000000000e+09,-2.701215589633954473e+00,-3.497726070310056112e+00
4.690330000000000000e+09,-2.719548334871641160e+00,-3.475960671735396357e+00
4.694704375000000000e+09,-2.737923297658410693e+00,-3.454351109048089619e+00
4.699078750000000000e+09,-2.756340665298474768e+00,-3.432895793199683077e+00
4.703453125000000000e+09,-2.774800622833772046e+00,-3.411593148285625432e+00
4.707827500000000000e+09,-2.793303352800830641e+00,-3.390441610747064516e+00
4.712201875000000000e+09,-2.811849035028828325e+00,-3.369439628630011896e+00
4.716576250000000000e+09,-2.830437846479333608e+00,-3.348585660903472316e+00
4.720950625000000000e+09,-2.849069961128396944e+00,-3.327878176837477664e+00
4.725325000000000000e+09,-2.867745549891373535e+00,-3.307315655442368829e+00
4.729699375000000000e+09,-2.886464780590523027e+00,-3.286896584969873469e+00
4.734073750000000000e+09,-2.905227817965200909e+00,-3.266619462476501035e+00
4.738448125000000000e+09,-2.924034823724653620e+00,-3.246482793449536608e+00
4.742822500000000000e+09,-2.942885956642473655e+00,-3.226485091495605140e+00
4.747196875000000000e+09,-2.961781372692402048e+00,-3.206624878091611563e+00
4.751571250000000000e+09,-2.980721225224131743e+00,-3.186900682397271645e+00
4.755945625000000000e+09,-2.999705665178305392e+00,-3.167311041128887616e+00
4.760320000000000000e+09,-3.018734841339234087e+00,-3.147854498492920872e+00
4.764694375000000000e+09,-3.037808900623649500e+00,-3.128529606178380273e+00
4.769068750000000000e+09,-3.056927988404139374e+00,-3.109334923406423368e+00
4.773443125000000000e+09,-3.076092248864960688e+00,-3.090269017035340404e+00
4.777817500000000000e+09,-3.095301825388403039e+00,-3.071330461719234073e+00
4.782191875000000000e+09,-3.114556860969572405e+00,-3.052517840117892067e+00
4.786566250000000000e+09,-3.133857498656816176e+00,-3.033829743155711522e+00
4.790940625000000000e+09,-3.153203882015858550e+00,-3.015264770327096500e+00
4.795315000000000000e+09,-3.172596155614479496e+00,-2.996821530045343351e+00
4.799689375000000000e+09,-3.192034465525365405e+00,-2.978498640032517741e+00
4.804063750000000000e+09,-3.211518959844151588e+00,-2.960294727746808796e+00
4.808438125000000000e+09,-3.231049789219717194e+00,-2.942208430844467593e+00
4.812812500000000000e+09,-3.250627107393798454e+00,-2.924238397672883849e+00
4.817186875000000000e+09,-3.270251071746954175e+00,-2.906383287791281411e+00
4.821561250000000000e+09,-3.289921843847521288e+00,-2.888641772515658790e+00
4.825935625000000000e+09,-3.309639590000833742e+00,-2.871012535484178230e+00
4.830310000000000000e+09,-3.329404481795309678e+00,-2.853494273239451040e+00
4.834684375000000000e+09,-3.349216696642400848e+00,-2.836085695823967967e+00
4.839058750000000000e+09,-3.369076418307303200e+00,-2.818785527384806144e+00
4.843433125000000000e+09,-3.388983837427386625e+00,-2.801592506784024827e+00
4.847807500000000000e+09,-3.408939152015359575e+00,-2.784505388210857912e+00
4.852181875000000000e+09,-3.428942567944159858e+00,-2.767522941792017299e+00
4.856556250000000000e+09,-3.448994299410850672e+00,-2.750643954196360763e+00
4.860930625000000000e+09,-3.469094569376631298e+00,-2.733867229230334317e+00
4.865305000000000000e+09,-3.489243609980403615e+00,-2.717191588420624804e+00
4.869679375000000000e+09,-3.509441662923374672e+00,-2.700615871580422933e+00
4.874053750000000000e+09,-3.529688979822248385e+00,-2.684138937356087773e+00
4.878428125000000000e+09,-3.549985822528805013e+00,-2.667759663750774557e+00
4.882802500000000000e+09,-3.570332463413841584e+00,-2.651476948622078389e+00
4.887176875000000000e+09,-3.590729185613394936e+00,-2.635289710150513720e+00
4.891551250000000000e+09,-3.611176283235787210e+00,-2.619196887276194374e+00
4.895925625000000000e+09,-3.631674061527679243e+00,-2.603197440100875060e+00
4.900300000000000000e+09,-3.652222836997937705e+00,-2.587290350253114823e+00
4.904674375000000000e+09,-3.672822937498195106e+00,-2.571474621214027145e+00
4.909048750000000000e+09,-3.693474702259078146e+00,-2.555749278601814112e+00
4.913423125000000000e+09,-3.714178481881444505e+00,-2.540113370412957483e+00
4.917797500000000000e+09,-3.734934638282187969e+00,-2.524565967218672213e+00
4.922171875000000000e+09,-3.755743544594198013e+00,-2.509106162315092980e+00
4.926546250000000000e+09,-3.776605585020612388e+00,-2.493733071825998682e+00
4.930920625000000000e+09,-3.797521154643408448e+00,-2.478445834757225352e+00
4.935295000000000000e+09,-3.818490659186806191e+00,-2.463243613001981469e+00
4.939669375000000000e+09,-3.839514514736093176e+00,-2.448125591296696602e+00
4.944043750000000000e+09,-3.860593147412773707e+00,-2.433090977127119636e+00
4.948418125000000000e+09,-3.881726993007031279e+00,-2.418139000584745180e+00
4.952792500000000000e+09,-3.902916496568926696e+00,-2.403268914173902537e+00
4.957166875000000000e+09,-3.924162111959694332e+00,-2.388479992569843002e+00
4.961541250000000000e+09,-3.945464301365037674e+00,-2.373771532328883715e+00
4.965915625000000000e+09,-3.966823534772020210e+00,-2.359142851551297326e+00
4.970290000000000000e+09,-3.988240289412003037e+00,-2.344593289498413391e+00
4.974664375000000000e+09,-4.009715049171648005e+00,-2.330122206165148757e+00
4.979038750000000000e+09,-4.031248303974458658e+00,-2.315728981809924036e+00
4.983413125000000000e+09,-4.052840549135617643e+00,-2.301413016443478288e+00
4.987787500000000000e+09,-4.074492284692567523e+00,-2.287173729278999090e+00
4.992161875000000000e+09,-4.096204014714473374e+00,-2.273010558145492688e+00
4.996536250000000000e+09,-4.117976246593447520e+00,-2.258922958867028541e+00
5.000910625000000000e+09,-4.139809490320494056e+00,-2.244910404610366950e+00
5.005285000000000000e+09,-4.161704257749624603e+00,-2.230972385203684460e+00
5.009659375000000000e+09,-4.183661061853142016e+00,-2.217108406429271206e+00
5.014033750000000000e+09,-4.205680415971462693e+00,-2.203317989293219981e+00
5.018408125000000000e+09,-4.227762833060942249e+00,-2.189600669275067357e+00
5.022782500000000000e+09,-4.249908824942960628e+00,-2.175955995560792111e+00
5.027156875000000000e+09,-4.272118901557544035e+00,-2.162383530262131259e+00
5.031531250000000000e+09,-4.294393570225208734e+00,-2.148882847625769976e+00
5.035905625000000000e+09,-4.316733334919923060e+00,-2.135453533235631252e+00
5.040280000000000000e+09,-4.339138695556986391e+00,-2.122095183211600400e+00
5.044654375000000000e+09,-4.361610147298588203e+00,-2.108807403408171410e+00
5.049028750000000000e+09,-4.384148179880492435e+00,-2.095589808616264538e+00
5.053403125000000000e+09,-4.406753276962897203e+00,-2.082442021771658158e+00
5.057777500000000000e+09,-4.429425915508288014e+00,-2.069363673173273188e+00
5.062151875000000000e+09,-4.452166565189212832e+00,-2.056354399714474646e+00
5.066526250000000000e+09,-4.474975687828687931e+00,-2.043413844130701928e+00
5.070900625000000000e+09,-4.497853736875687680e+00,-2.030541654266337925e+00
5.075275000000000000e+09,-4.520801156918285102e+00,-2.017737482363975765e+00
5.079649375000000000e+09,-4.543818383236301273e+00,-2.005000984378562556e+00
5.084023750000000000e+09,-4.566905841395819010e+00,-1.992331819319573816e+00
5.088398125000000000e+09,-4.590063946887131152e+00,-1.979729648623358873e+00
5.092772500000000000e+09,-4.613293104807823397e+00,-1.967194135558297585e+00
5.097146875000000000e+09,-4.636593709592267132e+00,-1.954724944664926189e+00
5.101521250000000000e+09,-4.659966144788763920e+00,-1.942321741232917010e+00
5.105895625000000000e+09,-4.683410782885117030e+00,-1.929984190816989242e+00
5.110270000000000000e+09,-4.706927985183362750e+00,-1.917711958793166804e+00
5.114644375000000000e+09,-4.730518101724062063e+00,-1.905504709956892029e+00
5.119018750000000000e+09,-4.754181471260269021e+00,-1.893362108164231117e+00
5.123393125000000000e+09,-4.777918421281187378e+00,-1.881283816017051969e+00
5.127767500000000000e+09,-4.801729268084951485e+00,-1.869269494592986192e+00
5.132141875000000000e+09,-4.825614316900154854e+00,-1.857318803220734393e+00
5.136516250000000000e+09,-4.849573862055212459e+00,-1.845431399300824893e+00
5.140890625000000000e+09,-4.873608187194339081e+00,-1.833606938172198886e+00
5.145265000000000000e+09,-4.897717565538941997e+00,-1.821845073023965478e+00
5.149639375000000000e+09,-4.921902260192803524e+00,-1.810145454852502667e+00
5.154013750000000000e+09,-4.946162524489245094e+00,-1.798507732462704567e+00
5.158388125000000000e+09,-4.970498602378175867e+00,-1.786931552512866617e+00
5.162762500000000000e+09,-4.994910728850881831e+00,-1.775416559602066346e+00
5.167136875000000000e+09,-5.019399130400142184e+00,-1.763962396398577770e+00
5.171511250000000000e+09,-5.043964025512732263e+00,-1.752568703807999562e+00
5.175885625000000000e+09,-5.068605625191996644e+00,-1.741235121179365741e+00
5.180260000000000000e+09,-5.093324133506910378e+00,-1.729961286547236909e+00
5.184634375000000000e+09,-5.118119748165249838e+00,-1.718746836907889319e+00
5.189008750000000000e+09,-5.142992661106658758e+00,-1.707591408527270094e+00
5.193383125000000000e+09,-5.167943059113069282e+00,-1.696494637278236128e+00
5.197757500000000000e+09,-5.192971124432633978e+00,-1.685456159004899090e+00
5.202131875000000000e+09,-5.218077035413344333e+00,-1.674475609910936580e+00
5.206506250000000000e+09,-5.243260967143234197e+00,-1.663552626969632353e+00
5.210880625000000000e+09,-5.268523092093002624e+00,-1.652686848352391769e+00
5.215255000000000000e+09,-5.293863580757573573e+00,-1.641877913872997974e+00
5.219629375000000000e+09,-5.319282602292715545e+00,-1.631125465444560385e+00
5.224003750000000000e+09,-5.344780325143090316e+00,-1.620429147546065263e+00
5.228378125000000000e+09,-5.370356917657992391e+00,-1.609788607695531448e+00
5.232752500000000000e+09,-5.396012548690985788e+00,-1.599203496926606682e+00
5.237126875000000000e+09,-5.421747388180061300e+00,-1.588673470265479448e+00
5.241501250000000000e+09,-5.447561607704509257e+00,-1.578198187205082315e+00
5.245875625000000000e+09,-5.473455381015394750e+00,-1.567777312173511906e+00
5.250250000000000000e+09,-5.499428884535988438e+00,-1.557410514993657680e+00
5.254624375000000000e+09,-5.525482297829210410e+00,-1.547097471331042362e+00
5.258998750000000000e+09,-5.551615804029038870e+00,-1.536837863127157977e+00
5.263373125000000000e+09,-5.577829590232785684e+00,-1.526631379015363832e+00
5.267747500000000000e+09,-5.604123847851921525e+00,-1.516477714716798708e+00
5.272121875000000000e+09,-5.630498772918715034e+00,-1.506376573413720443e+00
5.276496250000000000e+09,-5.656954566346356295e+00,-1.496327666097933218e+00
5.280870625000000000e+09,-5.683491434140841569e+00,-1.486330711892019263e+00
5.285245000000000000e+09,-5.710109587562294031e+00,-1.476385438341205170e+00
5.289619375000000000e+09,-5.736809243234768374e+00,-1.466491581674219669e+00
5.293993750000000000e+09,-5.763590623202473395e+00,-1.456648887031068984e+00
5.298368125000000000e+09,-5.790453954932164748e+00,-1.446857108656387059e+00
5.302742500000000000e+09,-5.817399471260125132e+00,-1.437116010057081228e+00
5.307116875000000000e+09,-5.844427410283761226e+00,-1.427425364122927531e+00
5.311491250000000000e+09,-5.871538015197480753e+00,-1.417784953209469290e+00
5.315865625000000000e+09,-5.898731534072526372e+00,-1.408194569182178446e+00
5.320240000000000000e+09,-5.926008219581595071e+00,-1.398654013421764208e+00
5.324614375000000000e+09,-5.953368328668561027e+00,-1.389163096790193785e+00
5.328988750000000000e+09,-5.980812122164079980e+00,-1.379721639557228707e+00
5.333363125000000000e+09,-6.008339864348614334e+00,-1.370329471288078915e+00
5.337737500000000000e+09,-6.035951822463898608e+00,-1.360986430692167959e+00
5.342111875000000000e+09,-6.063648266174912038e+00,-1.351692365434063792e+00
5.346486250000000000e+09,-6.091429466983982799e+00,-1.342447131906959079e+00
5.350860625000000000e+09,-6.119295697599588024e+00,-1.333250594970275316e+00
5.355235000000000000e+09,-6.147247231262095823e+00,-1.324102627652288255e+00
5.359609375000000000e+09,-6.175284341029156465e+00,-1.315003110819495058e+00
5.363983750000000000e+09,-6.203407299023858457e+00,-1.305951932814304772e+00
5.368358125000000000e+09,-6.231616375648535211e+00,-1.296948989062868929e+00
5.372732500000000000e+09,-6.259911838767699521e+00,-1.287994181655237602e+00
5.377106875000000000e+09,-6.288293952863689640e+00,-1.279087418899890416e+00
5.381481250000000000e+09,-6.316762978168416254e+00,-1.270228614855173799e+00
5.385855625000000000e+09,-6.345319169775436308e+00,-1.261417688839867379e+00
5.390230000000000000e+09,-6.373962776735933033e+00,-1.252654564925796743e+00
5.394604375000000000e+09,-6.402694041142771297e+00,-1.243939171414978118e+00
5.398978750000000000e+09,-6.431513197206975008e+00,-1.235271440304337220e+00
5.403353125000000000e+09,-6.460420470330569209e+00,-1.226651306740626168e+00
5.407727500000000000e+09,-6.489416076180177129e+00,-1.218078708468803395e+00
5.412101875000000000e+09,-6.518500219765695824e+00,-1.209553585276720966e+00
5.416476250000000000e+09,-6.547673094528051685e+00,-1.201075878439101130e+00
5.420850625000000000e+09,-6.576934881441129477e+00,-1.192645530164071710e+00
5.425225000000000000e+09,-6.606285748130852120e+00,-1.184262483045070757e+00
5.429599375000000000e+09,-6.635725848016765127e+00,-1.175926679521348106e+00
5.433973750000000000e+09,-6.665255319479697960e+00,-1.167638061349917988e+00
5.438348125000000000e+09,-6.694874285059427166e+00,-1.159396569091914575e+00
5.442722500000000000e+09,-6.724582850686429580e+00,-1.151202141616342933e+00
5.447096875000000000e+09,-6.754381104951463044e+00,-1.143054715623707862e+00
5.451471250000000000e+09,-6.784269118416435873e+00,-1.134954225192555732e+00
5.455845625000000000e+09,-6.814246942969946375e+00,-1.126900601351095377e+00
5.460220000000000000e+09,-6.844314611230776890e+00,-1.118893771676510607e+00
5.464594375000000000e+09,-6.874472136002379941e+00,-1.110933659924311812e+00
5.468968750000000000e+09,-6.904719509780930409e+00,-1.103020185689455923e+00
5.473343125000000000e+09,-6.935056704319224608e+00,-1.095153264101440316e+00
5.477717500000000000e+09,-6.965483670249580150e+00,-1.087332805555025317e+00
5.482091875000000000e+09,-6.996000336766408090e+00,-1.079558715478077247e+00
5.486466250000000000e+09,-7.026606611370905142e+00,-1.071830894137685508e+00
5.490840625000000000e+09,-7.057302379679329718e+00,-1.064149236485917527e+00
5.495215000000000000e+09,-7.088087505295392887e+00,-1.056513632045812168e+00
5.499589375000000000e+09,-7.118961829747822101e+00,-1.048923964838465395e+00
5.503963750000000000e+09,-7.149925172493450276e+00,-1.041380113351260572e+00
5.508338125000000000e+09,-7.180977330986203278e+00,-1.033881950547826722e+00
5.512712500000000000e+09,-7.212118080811087850e+00,-1.026429343919193160e+00
5.517086875000000000e+09,-7.243347175883288358e+00,-1.019022155576043254e+00
5.521461250000000000e+09,-7.274664348711393558e+00,-1.011660242381557717e+00
5.525835625000000000e+09,-7.306069310723013466e+00,-1.004343456123551803e+00
5.530210000000000000e+09,-7.337561752652019820e+00,-9.970716437255795483e-01
5.534584375000000000e+09,-7.369141344985120412e+00,-9.898446474949230689e-01
5.538958750000000000e+09,-7.400807738465632113e+00,-9.826623054064840268e-01
5.543333125000000000e+09,-7.432560564652312962e+00,-9.755244514206442563e-01
5.547707500000000000e+09,-7.464399436530132270e+00,-9.684309158330478562e-01
5.552081875000000000e+09,-7.496323949170504264e+00,-9.613815256542566079e-01
5.556456250000000000e+09,-7.528333680437175879e+00,-9.543761050168902971e-01
5.560830625000000000e+09,-7.560428191734704484e+00,-9.474144756077871321e-01
5.565205000000000000e+09,-7.592607028795672619e+00,-9.404964571222325098e-01
5.569579375000000000e+09,-7.624869722502671365e+00,-9.336218677378558262e-01
5.573953750000000000e+09,-7.657215789741059986e+00,-9.267905246047275503e-01
5.578328125000000000e+09,-7.689644734278036076e+00,-9.200022443489318524e-01
5.582702500000000000e+09,-7.722156047663881751e+00,-9.132568435862080669e-01
5.587076875000000000e+09,-7.754749210150489347e+00,-9.065541394424172505e-01
5.591451250000000000e+09,-7.787423691622716859e+00,-8.998939500775348099e-01
5.595825625000000000e+09,-7.820178952538061168e+00,-8.932760952097333895e-01
5.600200000000000000e+09,-7.853014444869016231e+00,-8.867003966361226563e-01
5.604574375000000000e+09,-7.885929613044653230e+00,-8.801666787466556618e-01
5.608948750000000000e+09,-7.918923894885088188e+00,-8.736747690279835776e-01
5.613323125000000000e+09,-7.951996722525089822e+00,-8.672244985534887096e-01
5.617697500000000000e+09,-7.985147523321682428e+00,-8.608157024566016613e-01
5.622071875000000000e+09,-8.018375720740868573e+00,-8.544482203837190371e-01
5.626446250000000000e+09,-8.051680735219449048e+00,-8.481218969238658589e-01
5.630820625000000000e+09,-8.085061984996233519e+00,-8.418365820116324727e-01
5.635195000000000000e+09,-8.118518886909871668e+00,-8.355921313008840556e-01
5.639569375000000000e+09,-8.152050857157670194e+00,-8.293884065060713739e-01
5.643943750000000000e+09,-8.185657312012214248e+00,-8.232252757086101491e-01
5.648318125000000000e+09,-8.219337668491707660e+00,-8.171026136258646710e-01
5.652692500000000000e+09,-8.253091344980068911e+00,-8.110203018403755459e-01
5.657066875000000000e+09,-8.286917761794409643e+00,-8.049782289874006791e-01
5.661441250000000000e+09,-8.320816341695488561e+00,-7.989762908986525192e-01
5.665815625000000000e+09,-8.354786510339382133e+00,-7.930143907008526671e-01
5.670190000000000000e+09,-8.388827696667402023e+00,-7.870924388676726613e-01
5.674564375000000000e+09,-8.422939333231902026e+00,-7.812103532235459280e-01
5.678938750000000000e+09,-8.457120856456640468e+00,-7.753680588992042377e-01
5.683313125000000000e+09,-8.491371706829127675e+00,-7.695654882376617989e-01
5.687687500000000000e+09,-8.525691329025381293e+00,-7.638025806507244830e-01
5.692061875000000000e+09,-8.560079171964112277e+00,-7.580792824257056584e-01
5.696436250000000000e+09,-8.594534688791968691e+00,-7.523955464828759876e-01
5.700810625000000000e+09,-8.629057336797878008e+00,-7.467513320840195590e-01
5.705185000000000000e+09,-8.663646577258257153e+00,-7.411466044928103347e-01
5.709559375000000000e+09,-8.698301875212584022e+00,-7.355813345883379650e-01
5.713933750000000000e+09,-8.733022699170472691e+00,-7.300554984330419606e-01
5.718308125000000000e+09,-8.767808520752824464e+00,-7.245690767967521984e-01
5.722682500000000000e+09,-8.802658814266345999e+00,-7.191220546386931645e-01
5.727056875000000000e+09,-8.837573056216140088e+00,-7.137144205497164551e-01
5.731431250000000000e+09,-8.872550724756832707e+00,-7.083461661574554924e-01
5.735805625000000000e+09,-8.907591299086268677e+00,-7.030172854965582863e-01
5.740180000000000000e+09,-8.942694258783674854e+00,-6.977277743474535887e-01
5.744554375000000000e+09,-8.977859083096674908e+00,-6.924776295466303910e-01
5.748928750000000000e+09,-9.013085250180807861e+00,-6.872668482718097271e-01
5.753303125000000000e+09,-9.048372236294643045e+00,-6.820954273054800066e-01
5.757677500000000000e+09,-9.083719514955813423e+00,-6.769633622807182949e-01
5.762051875000000000e+09,-9.119126556061569744e+00,-6.718706469130898418e-01
5.766426250000000000e+09,-9.154592824979783217e+00,-6.668172722226541893e-01
5.770800625000000000e+09,-9.190117781613720283e+00,-6.618032257502675098e-01
5.775175000000000000e+09,-9.225700879447259695e+00,-6.568284907724355470e-01
5.779549375000000000e+09,-9.261341564574763652e+00,-6.518930455189219098e-01
5.783923750000000000e+09,-9.297039274721987212e+00,-6.469968623977480071e-01
5.788298125000000000e+09,-9.332793438262310559e+00,-6.421399072316669177e-01
5.792672500000000000e+09,-9.368603473235141976e+00,-6.373221385107995518e-01
5.797046875000000000e+09,-9.404468786371657174e+00,-6.325435066656779348e-01
5.801421250000000000e+09,-9.440388772133301742e+00,-6.278039533649503179e-01
5.805795625000000000e+09,-9.476362811769291739e+00,-6.231034108423967321e-01
5.810170000000000000e+09,-9.512390272398143054e+00,-6.184418012570370715e-01
5.814544375000000000e+09,-9.548470506120104062e+00,-6.138190360905317888e-01
5.818918750000000000e+09,-9.584602849163880833e+00,-6.092350155859720395e-01
5.823293125000000000e+09,-9.620786621075289702e+00,-6.046896282318194871e-01
5.827667500000000000e+09,-9.657021123951949448e+00,-6.001827502941219361e-01
5.832041875000000000e+09,-9.693305641729223154e+00,-5.957142454011622457e-01
5.836416250000000000e+09,-9.729639439522102862e+00,-5.912839641830711646e-01
5.840790625000000000e+09,-9.766021763028639668e+00,-5.868917439696064164e-01
5.845165000000000000e+09,-9.802451837998429340e+00,-5.825374085486577647e-01
5.849539375000000000e+09,-9.838928869770581898e+00,-5.782207679877888751e-01
5.853913750000000000e+09,-9.875452042884722559e+00,-5.739416185210547416e-01
5.858288125000000000e+09,-9.912020520769971199e+00,-5.696997425026134598e-01
5.862662500000000000e+09,-9.948633445513078044e+00,-5.654949084286621241e-01
5.867036875000000000e+09,-9.985289937709946884e+00,-5.613268710288354946e-01
5.871411250000000000e+09,-1.002198909640258151e+01,-5.571953714273800706e-01
5.875785625000000000e+09,-1.005872999910404886e+01,-5.531001373752280070e-01
5.880160000000000000e+09,-1.009551170191211611e+01,-5.490408835520586006e-01
5.884534375000000000e+09,-1.013233323971370936e+01,-5.450173119386786391e-01
5.888908750000000000e+09,-1.016919362648116554e+01,-5.410291122583545942e-01
5.893283125000000000e+09,-1.020609185566017096e+01,-5.370759624866341397e-01
5.897657500000000000e+09,-1.024302690064932086e+01,-5.331575294275682220e-01
5.902031875000000000e+09,-1.027999771537197304e+01,-5.292734693544844937e-01
5.906406250000000000e+09,-1.031700323493781113e+01,-5.254234287134497139e-01
5.910780625000000000e+09,-1.035404237639470715e+01,-5.216070448866563236e-01
5.915155000000000000e+09,-1.039111403956743729e+01,-5.178239470121979160e-01
5.919529375000000000e+09,-1.042821710798261314e+01,-5.140737568578582772e-01
5.923903750000000000e+09,-1.046535044987587248e+01,-5.103560897446820510e-01
5.928278125000000000e+09,-1.050251291927960295e+01,-5.066705555163781849e-01
5.932652500000000000e+09,-1.053970335718702600e+01,-5.030167595505462552e-01
5.937026875000000000e+09,-1.057692059278936725e+01,-4.993943038072016227e-01
5.941401250000000000e+09,-1.061416344478138285e+01,-4.958027879095538437e-01
5.945775625000000000e+09,-1.065143072273196090e+01,-4.922418102521841643e-01
5.950150000000000000e+09,-1.068872122851380269e+01,-4.887109691317922389e-01
5.954524375000000000e+09,-1.072603375778736634e+01,-4.852098638940705588e-01
5.958898750000000000e+09,-1.076336710153494991e+01,-4.817380960925996547e-01
5.963273125000000000e+09,-1.080072004763725246e+01,-4.782952706524681852e-01
5.967647500000000000e+09,-1.083809138248863668e+01,-4.748809970342351972e-01
5.972021875000000000e+09,-1.087547989264333381e+01,-4.714948903912827838e-01
5.976396250000000000e+09,-1.091288436648767046e+01,-4.681365727153450340e-01
5.980770625000000000e+09,-1.095030359593136815e+01,-4.648056739637930201e-01
5.985145000000000000e+09,-1.098773637811130577e+01,-4.615018331628665260e-01
5.989519375000000000e+09,-1.102518151710203753e+01,-4.582246994812860796e-01
5.993893750000000000e+09,-1.106263782562542985e+01,-4.549739332676922543e-01
5.998268125000000000e+09,-1.110010412675345037e+01,-4.517492070470238152e-01
6.002642500000000000e+09,-1.113757925559763962e+01,-4.485502064694562585e-01
6.007016875000000000e+09,-1.117506206097770161e+01,-4.453766312072292566e-01
6.011391250000000000e+09,-1.121255140706487730e+01,-4.422281957934321439e-01
6.015765625000000000e+09,-1.125004617499100235e+01,-4.391046303981118726e-01
6.020140000000000000e+09,-1.128754526441913875e+01,-4.360056815370184080e-01
6.024514375000000000e+09,-1.132504759506917758e+01,-4.329311127081758026e-01
6.028888750000000000e+09,-1.136255210819182437e+01,-4.298807049522275214e-01
6.033263125000000000e+09,-1.140005776798672876e+01,-4.268542573327588352e-01
6.037637500000000000e+09,-1.143756356295787313e+01,-4.238515873331432093e-01
6.042011875000000000e+09,-1.147506850720288085e+01,-4.208725311663862878e-01
6.046386250000000000e+09,-1.151257164162941038e+01,-4.179169439955501275e-01
6.050760625000000000e+09,-1.155007203509654445e+01,-4.149847000625855320e-01
6.055135000000000000e+09,-1.158756878547529823e+01,-4.120756927228661493e-01
6.059509375000000000e+09,-1.162506102062538105e+01,-4.091898343848465180e-01
6.063883750000000000e+09,-1.166254789928482971e+01,-4.063270563532544455e-01
6.068258125000000000e+09,-1.170002861186969412e+01,-4.034873085754428490e-01
6.072632500000000000e+09,-1.173750238118119782e+01,-4.006705592906683600e-01
6.077006875000000000e+09,-1.177496846301863442e+01,-3.978767945827720309e-01
6.081381250000000000e+09,-1.181242614669639934e+01,-3.951060178373058673e-01
6.085755625000000000e+09,-1.184987475546366298e+01,-3.923582491037934661e-01
6.090130000000000000e+09,-1.188731364682731062e+01,-3.896335243658183844e-01
6.094504375000000000e+09,-1.192474221277614177e+01,-3.869318947205740433e-01
6.098878750000000000e+09,-1.196215987990987983e+01,-3.842534254711698072e-01
6.103253125000000000e+09,-1.199956610946874846e+01,-3.815981951340268741e-01
6.107627500000000000e+09,-1.203696039727169520e+01,-3.789662943665594863e-01
6.112001875000000000e+09,-1.207434227355797063e+01,-3.763578248175972196e-01
6.116376250000000000e+09,-1.211171130274135166e+01,-3.737728979066659574e-01
6.120750625000000000e+09,-1.214906708307331229e+01,-3.712116335357782404e-01
6.125125000000000000e+09,-1.218640924622328470e+01,-3.686741587400861331e-01
6.129499375000000000e+09,-1.222373745677731449e+01,-3.661606062828955954e-01
6.133873750000000000e+09,-1.226105141165874457e+01,-3.636711132005998603e-01
6.138248125000000000e+09,-1.229835083947845931e+01,-3.612058193049474952e-01
6.142622500000000000e+09,-1.233563549981485963e+01,-3.587648656485903365e-01
6.146996875000000000e+09,-1.237290518243321635e+01,-3.563483929610594680e-01
6.151371250000000000e+09,-1.241015970644765432e+01,-3.539565400629584024e-01
6.155745625000000000e+09,-1.244739891943181220e+01,-3.515894422648577766e-01
6.160120000000000000e+09,-1.248462269648499223e+01,-3.492472297594554353e-01
6.164494375000000000e+09,-1.252183093925939872e+01,-3.469300260141484071e-01
6.168868750000000000e+09,-1.255902357495684640e+01,-3.446379461722479665e-01
6.173243125000000000e+09,-1.259620055529923022e+01,-3.423710954703646503e-01
6.177617500000000000e+09,-1.263336185548146773e+01,-3.401295676804234613e-01
6.181991875000000000e+09,-1.267050747311395753e+01,-3.379134435836618211e-01
6.186366250000000000e+09,-1.270763742716156841e+01,-3.357227894853178629e-01
6.190740625000000000e+09,-1.274475175688544404e+01,-3.335576557768276662e-01
6.195115000000000000e+09,-1.278185052079695971e+01,-3.314180755540341305e-01
6.199489375000000000e+09,-1.281893379562880675e+01,-3.293040632983765814e-01
6.203863750000000000e+09,-1.285600167533265115e+01,-3.272156136288448258e-01
6.208238125000000000e+09,-1.289305427010836347e+01,-3.251527001313768706e-01
6.212612500000000000e+09,-1.293009170547330200e+01,-3.231152742723917282e-01
6.216986875000000000e+09,-1.296711412137849351e+01,-3.211032644034871320e-01
6.221361250000000000e+09,-1.300412167137606190e+01,-3.191165748628704835e-01
6.225735625000000000e+09,-1.304111452184874054e+01,-3.171550851793540904e-01
6.230110000000000000e+09,-1.307809285130205446e+01,-3.152186493842720760e-01
6.234484375000000000e+09,-1.311505684972978081e+01,-3.133070954364001182e-01
6.238858750000000000e+09,-1.315200671805530774e+01,-3.114202247634937359e-01
6.243233125000000000e+09,-1.318894266765495082e+01,-3.095578119251782834e-01
6.247607500000000000e+09,-1.322586491996829317e+01,-3.077196043999363417e-01
6.251981875000000000e+09,-1.326277370619845009e+01,-3.059053224991122311e-01
6.256356250000000000e+09,-1.329966926710774189e+01,-3.041146594099863876e-01
6.260730625000000000e+09,-1.333655185291203082e+01,-3.023472813697369310e-01
6.265105000000000000e+09,-1.337342172327389456e+01,-3.006028279710046824e-01
6.269479375000000000e+09,-1.341027914740183569e+01,-2.988809125994691951e-01
6.273853750000000000e+09,-1.344712440425287525e+01,-2.971811230031287110e-01
6.278228125000000000e+09,-1.348395778284215929e+01,-2.955030219926750301e-01
6.282602500000000000e+09,-1.352077958265995683e+01,-2.938461482705904682e-01
6.286976875000000000e+09,-1.355759011419655380e+01,-2.922100173876811535e-01
6.291351250000000000e+09,-1.359438969957414933e+01,-2.905941228234890650e-01
6.295725625000000000e+09,-1.363117867328463717e+01,-2.889979371875832648e-01
6.300100000000000000e+09,-1.366795738303335561e+01,-2.874209135371393331e-01
6.304474375000000000e+09,-1.370472619068562814e+01,-2.858624868066078073e-01
6.308848750000000000e+09,-1.374148547331331827e+01,-2.843220753438217008e-01
6.313223125000000000e+09,-1.377823562433906623e+01,-2.827990825467019964e-01
6.317597500000000000e+09,-1.381497705477505455e+01,-2.812928985943225491e-01
6.321971875000000000e+09,-1.385171019455152930e+01,-2.798029022650772579e-01
6.326346250000000000e+09,-1.388843549393004295e+01,-2.783284628347871270e-01
6.330720625000000000e+09,-1.392515342499759790e+01,-2.768689420468067874e-01
6.335095000000000000e+09,-1.396186448323610385e+01,-2.754236961453989663e-01
6.339469375000000000e+09,-1.399856918916088055e+01,-2.739920779643580384e-01
6.343843750000000000e+09,-1.403526809002063303e+01,-2.725734390608310909e-01
6.348218125000000000e+09,-1.407196176155650136e+01,-2.711671318861604285e-01
6.352592500000000000e+09,-1.410865080980789443e+01,-2.697725119824398998e-01
6.356966875000000000e+09,-1.414533587296283379e+01,-2.683889401967022303e-01
6.361341250000000000e+09,-1.418201762324011916e+01,-2.670157849008651385e-01
6.365715625000000000e+09,-1.421869676880281474e+01,-2.656524242085849252e-01
6.370090000000000000e+09,-1.425537405568724125e+01,-2.642982481776169346e-01
6.374464375000000000e+09,-1.429205026974480219e+01,-2.629526609884265120e-01
6.378838750000000000e+09,-1.432872623858781580e+01,-2.616150830870670463e-01
6.383213125000000000e+09,-1.436540283352930381e+01,-2.602849532837043789e-01
6.387587500000000000e+09,-1.440208097150951438e+01,-2.589617307954801273e-01
6.391961875000000000e+09,-1.443876161700344163e+01,-2.576448972238725155e-01
6.396336250000000000e+09,-1.447544578389572933e+01,-2.563339584566458607e-01
6.400710625000000000e+09,-1.451213453732127512e+01,-2.550284464852721200e-01
6.405085000000000000e+09,-1.454882899545883568e+01,-2.537279211274869328e-01
6.409459375000000000e+09,-1.458553033127326515e+01,-2.524319716469346497e-01
6.413833750000000000e+09,-1.462223977419736798e+01,-2.511402182608163391e-01
6.418208125000000000e+09,-1.465895861174520576e+01,-2.498523135275278195e-01
6.422582500000000000e+09,-1.469568819105339585e+01,-2.485679436064707759e-01
6.426956875000000000e+09,-1.473242992034026422e+01,-2.472868293829615094e-01
6.431331250000000000e+09,-1.476918527027816630e+01,-2.460087274516229994e-01
6.435705625000000000e+09,-1.480595577527554774e+01,-2.447334309523974682e-01
6.440080000000000000e+09,-1.484274303465732636e+01,-2.434607702529194007e-01
6.444454375000000000e+09,-1.487954871374722998e+01,-2.421906134740272609e-01
6.448828750000000000e+09,-1.491637454483862868e+01,-2.409228668528049233e-01
6.453203125000000000e+09,-1.495322232805948914e+01,-2.396574749406832072e-01
6.457577500000000000e+09,-1.499009393211847119e+01,-2.383944206336619243e-01
6.461951875000000000e+09,-1.502699129493843699e+01,-2.371337250330842195e-01
6.466326250000000000e+09,-1.506391642416801346e+01,-2.358754471350492377e-01
6.470700625000000000e+09,-1.510087139757608909e+01,-2.346196833495025058e-01
6.475075000000000000e+09,-1.513785836332095869e+01,-2.333665668477199751e-01
6.479449375000000000e+09,-1.517487954010298878e+01,-2.321162667413106673e-01
6.483823750000000000e+09,-1.521193721719198066e+01,-2.308689870928591348e-01
6.488198125000000000e+09,-1.524903375433669339e+01,-2.296249657630214380e-01
6.492572500000000000e+09,-1.528617158155521594e+01,-2.283844730958435876e-01
6.496946875000000000e+09,-1.532335319880913538e+01,-2.271478104481524651e-01
6.501321250000000000e+09,-1.536058117556468972e+01,-2.259153085675013883e-01
6.505695625000000000e+09,-1.539785815024377769e+01,-2.246873258246126215e-01
6.510070000000000000e+09,-1.543518682957066090e+01,-2.234642463073091001e-01
6.514444375000000000e+09,-1.547256998781503157e+01,-2.222464777830033267e-01
6.518818750000000000e+09,-1.551001046594254262e+01,-2.210344495382168539e-01
6.523193125000000000e+09,-1.554751117067390886e+01,-2.198286101031497741e-01
6.527567500000000000e+09,-1.558507507346095444e+01,-2.186294248716090238e-01
6.531941875000000000e+09,-1.562270520938726648e+01,-2.174373736252557532e-01
6.536316250000000000e+09,-1.566040467599813191e+01,-2.162529479732017146e-01
6.540690625000000000e+09,-1.569817663207220271e+01,-2.150766487181118847e-01
6.545065000000000000e+09,-1.573602429633713662e+01,-2.139089831594266633e-01
6.549439375000000000e+09,-1.577395094614453264e+01,-2.127504623463960520e-01
6.553813750000000000e+09,-1.581195991610760743e+01,-2.116015982925945615e-01
6.558188125000000000e+09,-1.585005459671411110e+01,-2.104629011646121928e-01
6.562562500000000000e+09,-1.588823843292263049e+01,-2.093348764576038745e-01
6.566936875000000000e+09,-1.592651492275468605e+01,-2.082180221704580392e-01
6.571311250000000000e+09,-1.596488761588806682e+01,-2.071128259939961080e-01
6.575685625000000000e+09,-1.600336011226627519e+01,-2.060197625250151099e-01
6.580060000000000000e+09,-1.604193606073064871e+01,-2.049392905192373715e-01
6.584434375000000000e+09,-1.608061915768872296e+01,-2.038718501965769425e-01
6.588808750000000000e+09,-1.611941314582643869e+01,-2.028178606116090854e-01
6.593183125000000000e+09,-1.615832181287484204e+01,-2.017777171014641380e-01
6.597557500000000000e+09,-1.619734899044353327e+01,-2.007517888245671511e-01
6.601931875000000000e+09,-1.623649855292793021e+01,-1.997404164018165840e-01
6.606306250000000000e+09,-1.627577441650220180e+01,-1.987439096723679355e-01
6.610680625000000000e+09,-1.631518053820547109e+01,-1.977625455753215244e-01
6.615055000000000000e+09,-1.635472091513289072e+01,-1.967965661683081513e-01
6.619429375000000000e+09,-1.639439958373815642e+01,-1.958461767937645648e-01
6.623803750000000000e+09,-1.643422061925695132e+01,-1.949115444017252008e-01
6.628178125000000000e+09,-1.647418813525957759e+01,-1.939927960400300022e-01
6.632552500000000000e+09,-1.651430628333946160e+01,-1.930900175185503997e-01
6.636926875000000000e+09,-1.655457925294651034e+01,-1.922032522563324464e-01
6.641301250000000000e+09,-1.659501127136782017e+01,-1.913325003187964501e-01
6.645675625000000000e+09,-1.663560660386687573e+01,-1.904777176500984104e-01
6.650050000000000000e+09,-1.667636955398344867e+01,-1.896388155067695314e-01
6.654424375000000000e+09,-1.671730446399806880e+01,-1.888156600972744070e-01
6.658798750000000000e+09,-1.675841571556707521e+01,-1.880080724294911354e-01
6.663173125000000000e+09,-1.679970773053443267e+01,-1.872158283706480963e-01
6.667547500000000000e+09,-1.684118497191299824e+01,-1.864386589196437016e-01
6.671921875000000000e+09,-1.688285194505152731e+01,-1.856762506927767120e-01
6.676296250000000000e+09,-1.692471319897516935e+01,-1.849282466232810562e-01
6.680670625000000000e+09,-1.696677332791128023e+01,-1.841942468716594727e-01
6.685045000000000000e+09,-1.700903697299036921e+01,-1.834738099460956340e-01
6.689419375000000000e+09,-1.705150882413185442e+01,-1.827664540279974881e-01
6.693793750000000000e+09,-1.709419362210406135e+01,-1.820716584991410869e-01
6.698168125000000000e+09,-1.713709616076167919e+01,-1.813888656653767639e-01
6.702542500000000000e+09,-1.718022128945708715e+01,-1.807174826689089409e-01
6.706916875000000000e+09,-1.722357391562175266e+01,-1.800568835840629933e-01
6.711291250000000000e+09,-1.726715900751170807e+01,-1.794064116864052816e-01
6.715665625000000000e+09,-1.731098159711791595e+01,-1.787653818874694600e-01
6.720040000000000000e+09,-1.735504678323118810e+01,-1.781330833245023948e-01
6.724414375000000000e+09,-1.739935973465921748e+01,-1.775087820949272366e-01
6.728788750000000000e+09,-1.744392569358805645e+01,-1.768917241235093696e-01
6.733163125000000000e+09,-1.748874997908272633e+01,-1.762811381508570530e-01
6.737537500000000000e+09,-1.753383799072094718e+01,-1.756762388297350153e-01
6.741911875000000000e+09,-1.757919521235196925e+01,-1.750762299165046221e-01
6.746286250000000000e+09,-1.762482721596951762e+01,-1.744803075425692684e-01
6.750660625000000000e+09,-1.767073966570288590e+01,-1.738876635529649217e-01
6.755035000000000000e+09,-1.771693832190152662e+01,-1.732974888962995619e-01
6.759409375000000000e+09,-1.776342904532309319e+01,-1.727089770507332644e-01
6.763783750000000000e+09,-1.781021780140232025e+01,-1.721213274707521224e-01
6.768158125000000000e+09,-1.785731066460476413e+01,-1.715337490400535292e-01
6.772532500000000000e+09,-1.790471382284696134e+01,-1.709454635126005095e-01
6.776906875000000000e+09,-1.795243358198788641e+01,-1.703557089284715720e-01
6.781281250000000000e+09,-1.800047637037212667e+01,-1.697637429861285074e-01
6.785655625000000000e+09,-1.804884874342553402e+01,-1.691688463578463753e-01
6.790030000000000000e+09,-1.809755738829646887e+01,-1.685703259302858970e-01
6.794404375000000000e+09,-1.814660912853383579e+01,-1.679675179566771093e-01
6.798778750000000000e+09,-1.819601092879376125e+01,-1.673597911043542830e-01
6.803153125000000000e+09,-1.824576989958122297e+01,-1.667465493836171042e-01
6.807527500000000000e+09,-1.829589330200683506e+01,-1.661272349426140549e-01
6.811901875000000000e+09,-1.834638855256664058e+01,-1.655013307158783586e-01
6.816276250000000000e+09,-1.839726322793780966e+01,-1.648683629121686645e-01
6.820650625000000000e+09,-1.844852506978643092e+01,-1.642279033293304047e-01
6.825025000000000000e+09,-1.850018198958820292e+01,-1.635795714841243309e-01
6.829399375000000000e+09,-1.855224207346282128e+01,-1.629230365469272745e-01
6.833773750000000000e+09,-1.860471358701834887e+01,-1.622580190691075841e-01
6.838148125000000000e+09,-1.865760498021289493e+01,-1.615842924955128435e-01
6.842522500000000000e+09,-1.871092489222968425e+01,-1.609016844523409873e-01
6.846896875000000000e+09,-1.876468215637628845e+01,-1.602100778035044915e-01
6.851271250000000000e+09,-1.881888580500584851e+01,-1.595094114683303088e-01
6.855645625000000000e+09,-1.887354507447607332e+01,-1.587996809958009403e-01
6.860020000000000000e+09,-1.892866941014001014e+01,-1.580809388903181845e-01
6.864394375000000000e+09,-1.898426847139360518e+01,-1.573532946864210080e-01
6.868768750000000000e+09,-1.904035213677315141e+01,-1.566169147690990027e-01
6.873143125000000000e+09,-1.909693050913335810e+01,-1.558720219399680751e-01
6.877517500000000000e+09,-1.915401392089745514e+01,-1.551188947288847375e-01
6.881891875000000000e+09,-1.921161293941649006e+01,-1.543578664520602883e-01
6.886266250000000000e+09,-1.926973837242941556e+01,-1.535893240198588361e-01
6.890640625000000000e+09,-1.932840127367001415e+01,-1.528137064973865422e-01
6.895015000000000000e+09,-1.938761294861072670e+01,-1.520315034230991791e-01
6.899389375000000000e+09,-1.944738496038440445e+01,-1.512432528917062036e-01
6.903763750000000000e+09,-1.950772913590146018e+01,-1.504495394071972136e-01
6.908138125000000000e+09,-1.956865757217731172e+01,-1.496509915172173910e-01
6.912512500000000000e+09,-1.963018264290988668e+01,-1.488482792339923810e-01
6.916886875000000000e+09,-1.969231700532404261e+01,-1.480421112572073428e-01
6.921261250000000000e+09,-1.975507360731727857e+01,-1.472332320050860621e-01
6.925635625000000000e+09,-1.981846569493202281e+01,-1.464224184712779042e-01
6.930010000000000000e+09,-1.988250682019597804e+01,-1.456104769164108803e-01
6.934384375000000000e+09,-1.994721084935654787e+01,-1.447982394123390193e-01
6.938758750000000000e+09,-2.001259197154503511e+01,-1.439865602511368747e-01
6.943133125000000000e+09,-2.007866470792221136e+01,-1.431763122366363494e-01
6.947507500000000000e+09,-2.014544392132162542e+01,-1.423683828745321844e-01
6.951881875000000000e+09,-2.021294482645741297e+01,-1.415636704770887322e-01
6.956256250000000000e+09,-2.028118300072184965e+01,-1.407630802019037564e-01
6.960630625000000000e+09,-2.035017439563055319e+01,-1.399675200411247267e-01
6.965005000000000000e+09,-2.041993534895358664e+01,-1.391778967805453737e-01
6.969379375000000000e+09,-2.049048259759204171e+01,-1.383951119471504287e-01
6.973753750000000000e+09,-2.056183329124679204e+01,-1.376200577631858935e-01
6.978128125000000000e+09,-2.063400500693625617e+01,-1.368536131269966205e-01
6.982502500000000000e+09,-2.070701576441661729e+01,-1.360966396386494581e-01
6.986876875000000000e+09,-2.078088404257816535e+01,-1.353499776896902040e-01
6.991251250000000000e+09,-2.085562879685879523e+01,-1.346144426354923540e-01
6.995625625000000000e+09,-2.093126947775987290e+01,-1.338908210689317979e-01
7.000000000000000000e+09,-2.100782605052775054e+01,-1.331798672127502692e-01
