% time-domain voltage integration by openEMS v0.37.0-rc1-2-g7b051bb @Thu Jul 16 20:16:26 2026
% start-coordinates: (0.00275746,0.00537513,-0.000635) m -> [74,113,15]
% stop-coordinates: (0.00315333,0.00537513,-0.000635) m -> [80,113,15]
% t/s	voltage
0	0
1.05888632306e-12	0
2.11777264612e-12	0
3.17665896918e-12	0
4.23554529224e-12	0
5.2944316153e-12	0
6.35331793836e-12	0
7.41220426142e-12	0
8.47109058448e-12	0
9.52997690754e-12	0
1.05888632306e-11	0
1.16477495537e-11	0
1.27066358767e-11	0
1.37655221998e-11	0
1.48244085228e-11	0
1.58832948459e-11	0
1.6942181169e-11	0
1.8001067492e-11	0
1.90599538151e-11	0
2.01188401381e-11	0
2.11777264612e-11	0
2.22366127843e-11	0
2.32954991073e-11	0
2.43543854304e-11	0
2.54132717534e-11	0
2.64721580765e-11	0
2.75310443996e-11	0
2.85899307226e-11	0
2.96488170457e-11	0
3.07077033687e-11	0
3.17665896918e-11	0
3.28254760149e-11	0
3.38843623379e-11	0
3.4943248661e-11	0
3.6002134984e-11	0
3.70610213071e-11	0
3.81199076301e-11	0
3.91787939532e-11	0
4.02376802763e-11	0
4.12965665993e-11	0
4.23554529224e-11	0
4.34143392454e-11	0
4.44732255685e-11	0
4.55321118916e-11	0
4.65909982146e-11	0
4.76498845377e-11	0
4.87087708607e-11	0
4.97676571838e-11	0
5.08265435069e-11	0
5.18854298299e-11	0
5.2944316153e-11	0
5.4003202476e-11	0
5.50620887991e-11	0
5.61209751222e-11	0
5.71798614452e-11	0
5.82387477683e-11	0
5.92976340913e-11	0
6.03565204144e-11	0
6.14154067375e-11	0
6.24742930605e-11	0
6.35331793836e-11	0
6.45920657066e-11	0
6.56509520297e-11	0
6.67098383528e-11	0
6.77687246758e-11	0
6.88276109989e-11	0
6.98864973219e-11	0
7.0945383645e-11	0
7.20042699681e-11	8.06771497537e-36
7.30631562911e-11	1.76886828708e-33
7.41220426142e-11	1.11818149275e-31
7.51809289372e-11	5.51787138719e-30
7.62398152603e-11	2.13215716866e-28
7.72987015834e-11	6.46445819923e-27
7.83575879064e-11	1.53826314204e-25
7.94164742295e-11	2.86699820861e-24
8.04753605525e-11	4.16274965598e-23
8.15342468756e-11	4.65714000288e-22
8.25931331987e-11	3.92673592479e-21
8.36520195217e-11	2.37256917281e-20
8.47109058448e-11	8.77308274662e-20
8.57697921678e-11	2.36608907301e-20
8.68286784909e-11	-2.17210101513e-18
8.7887564814e-11	-1.70902926092e-17
8.8946451137e-11	-8.31521350351e-17
9.00053374601e-11	-3.16296912346e-16
9.10642237831e-11	-1.06715126691e-15
9.21231101062e-11	-3.40632060395e-15
9.31819964293e-11	-1.01402531281e-14
9.42408827523e-11	-2.70999600442e-14
9.52997690754e-11	-6.49551493118e-14
9.63586553984e-11	-1.43326219694e-13
9.74175417215e-11	-2.90906265954e-13
9.84764280446e-11	-5.19192731207e-13
9.95353143676e-11	-7.58536998133e-13
1.00594200691e-10	-7.40553397684e-13
1.01653087014e-10	2.92024779738e-13
1.02711973337e-10	4.19123411107e-12
1.0377085966e-10	1.4846475503e-11
1.04829745983e-10	3.9520416887e-11
1.05888632306e-10	9.06818526519e-11
1.06947518629e-10	1.88187078767e-10
1.08006404952e-10	3.61020643935e-10
1.09065291275e-10	6.47055208025e-10
1.10124177598e-10	1.08912318053e-09
1.11183063921e-10	1.72499010909e-09
1.12241950244e-10	2.56794813192e-09
1.13300836567e-10	3.57507107251e-09
1.1435972289e-10	4.60255875079e-09
1.15418609214e-10	5.35211541752e-09
1.16477495537e-10	5.31567884154e-09
1.1753638186e-10	3.73251934915e-09
1.18595268183e-10	-4.20051757266e-10
1.19654154506e-10	-8.37753266758e-09
1.20713040829e-10	-2.14604491955e-08
1.21771927152e-10	-4.08577802702e-08
1.22830813475e-10	-6.73291178366e-08
1.23889699798e-10	-1.00864236963e-07
1.24948586121e-10	-1.40366861245e-07
1.26007472444e-10	-1.83454226921e-07
1.27066358767e-10	-2.26467538056e-07
1.2812524509e-10	-2.64769310476e-07
1.29184131413e-10	-2.93343912716e-07
1.30243017736e-10	-3.07634014263e-07
1.31301904059e-10	-3.04450390232e-07
1.32360790382e-10	-2.82704821331e-07
1.33419676706e-10	-2.43684732837e-07
1.34478563029e-10	-1.90620672136e-07
1.35537449352e-10	-1.27445319187e-07
1.36596335675e-10	-5.68477216412e-08
1.37655221998e-10	2.20086213698e-08
1.38714108321e-10	1.15503854481e-07
1.39772994644e-10	2.36587855085e-07
1.40831880967e-10	4.0411558544e-07
1.4189076729e-10	6.40054096834e-07
1.42949653613e-10	9.64553585447e-07
1.44008539936e-10	1.38943359929e-06
1.45067426259e-10	1.91117661075e-06
1.46126312582e-10	2.50491484621e-06
1.47185198905e-10	3.12103219358e-06
1.48244085228e-10	3.68578440657e-06
1.49302971551e-10	4.10679609786e-06
1.50361857874e-10	4.28349363801e-06
1.51420744198e-10	4.12162069097e-06
1.52479630521e-10	3.55011198394e-06
1.53538516844e-10	2.53791097293e-06
1.54597403167e-10	1.10789163443e-06
1.5565628949e-10	-6.54996561877e-07
1.56715175813e-10	-2.60391335871e-06
1.57774062136e-10	-4.54039894748e-06
1.58832948459e-10	-6.23524181265e-06
1.59891834782e-10	-7.45874808672e-06
1.60950721105e-10	-8.01716464593e-06
1.62009607428e-10	-7.78994200346e-06
1.63068493751e-10	-6.7608945642e-06
1.64127380074e-10	-5.03576470123e-06
1.65186266397e-10	-2.83970345549e-06
1.6624515272e-10	-4.91164549032e-07
1.67304039043e-10	1.64669156533e-06
1.68362925366e-10	3.23036357486e-06
1.6942181169e-10	4.00434404924e-06
1.70480698013e-10	3.85847411621e-06
1.71539584336e-10	2.85957524682e-06
1.72598470659e-10	1.24689076131e-06
1.73657356982e-10	-6.11453934596e-07
1.74716243305e-10	-2.29410848362e-06
1.75775129628e-10	-3.41842361706e-06
1.76834015951e-10	-3.72721751773e-06
1.77892902274e-10	-3.14859636319e-06
1.78951788597e-10	-1.81283298417e-06
1.8001067492e-10	-2.09084767278e-08
1.81069561243e-10	1.82801522897e-06
1.82128447566e-10	3.33171833233e-06
1.83187333889e-10	4.17798480612e-06
1.84246220212e-10	4.21164975251e-06
1.85305106535e-10	3.45943226421e-06
1.86363992859e-10	2.10850902249e-06
1.87422879182e-10	4.47956637117e-07
1.88481765505e-10	-1.20807271742e-06
1.89540651828e-10	-2.5929732459e-06
1.90599538151e-10	-3.53719815394e-06
1.91658424474e-10	-3.98470598384e-06
1.92717310797e-10	-3.97760382498e-06
1.9377619712e-10	-3.61964001172e-06
1.94835083443e-10	-3.0339157604e-06
1.95893969766e-10	-2.32909761166e-06
1.96952856089e-10	-1.58258856686e-06
1.98011742412e-10	-8.41404570906e-07
1.99070628735e-10	-1.34879979186e-07
2.00129515058e-10	5.09920901948e-07
2.01188401381e-10	1.05837678888e-06
2.02247287704e-10	1.46838078763e-06
2.03306174027e-10	1.69972337005e-06
2.04365060351e-10	1.72821644639e-06
2.05423946674e-10	1.55832002235e-06
2.06482832997e-10	1.2288923017e-06
2.0754171932e-10	8.09404333779e-07
2.08600605643e-10	3.87074429398e-07
2.09659491966e-10	4.82230433363e-08
2.10718378289e-10	-1.41288988953e-07
2.11777264612e-10	-1.51328103826e-07
2.12836150935e-10	5.69183566945e-09
2.13895037258e-10	2.78581854474e-07
2.14953923581e-10	5.91139016848e-07
2.16012809904e-10	8.6240530095e-07
2.17071696227e-10	1.02785561751e-06
2.1813058255e-10	1.05526728333e-06
2.19189468873e-10	9.50489074114e-07
2.20248355196e-10	7.51555642609e-07
2.21307241519e-10	5.13519669454e-07
2.22366127843e-10	2.8968034016e-07
2.23425014166e-10	1.15948180834e-07
2.24483900489e-10	3.64004337783e-09
2.25542786812e-10	-5.76421748111e-08
2.26601673135e-10	-8.94542790952e-08
2.27660559458e-10	-1.11614046894e-07
2.28719445781e-10	-1.32718205315e-07
2.29778332104e-10	-1.47789175564e-07
2.30837218427e-10	-1.4326564024e-07
2.3189610475e-10	-1.06252753262e-07
2.32954991073e-10	-3.33324163826e-08
2.34013877396e-10	6.51791154382e-08
2.35072763719e-10	1.6725739016e-07
2.36131650042e-10	2.46362855449e-07
2.37190536365e-10	2.80548540843e-07
2.38249422688e-10	2.59736710362e-07
2.39308309011e-10	1.88538339607e-07
2.40367195335e-10	8.3959131203e-08
2.41426081658e-10	-3.06435894437e-08
2.42484967981e-10	-1.32844091283e-07
2.43543854304e-10	-2.07049239975e-07
2.44602740627e-10	-2.47295965039e-07
2.4566162695e-10	-2.56459649961e-07
2.46720513273e-10	-2.42648754423e-07
2.47779399596e-10	-2.14450738945e-07
2.48838285919e-10	-1.76872582358e-07
2.49897172242e-10	-1.29554775796e-07
2.50956058565e-10	-6.78704141777e-08
2.52014944888e-10	1.35460010986e-08
2.53073831211e-10	1.16320996391e-07
2.54132717534e-10	2.3487430667e-07
2.55191603857e-10	3.55592410628e-07
2.5625049018e-10	4.59290124155e-07
2.57309376504e-10	5.26194231298e-07
2.58368262827e-10	5.41687828814e-07
2.5942714915e-10	5.00717828089e-07
2.60486035473e-10	4.09323828165e-07
2.61544921796e-10	2.82975575416e-07
2.62603808119e-10	1.42541257908e-07
2.63662694442e-10	9.46766920418e-09
2.64721580765e-10	-9.83550574318e-08
2.65780467088e-10	-1.69157138075e-07
2.66839353411e-10	-1.98192163126e-07
2.67898239734e-10	-1.87427504628e-07
2.68957126057e-10	-1.4454475572e-07
2.7001601238e-10	-8.15867706727e-08
2.71074898703e-10	-1.31743518317e-08
2.72133785026e-10	4.57478931404e-08
2.73192671349e-10	8.25405421789e-08
2.74251557672e-10	8.9364728062e-08
2.75310443996e-10	6.47949950361e-08
2.76369330319e-10	1.3919521813e-08
2.77428216642e-10	-5.32613020354e-08
2.78487102965e-10	-1.24620507691e-07
2.79545989288e-10	-1.88953062974e-07
2.80604875611e-10	-2.38211415038e-07
2.81663761934e-10	-2.68278837368e-07
2.82722648257e-10	-2.78301023116e-07
2.8378153458e-10	-2.69218574545e-07
2.84840420903e-10	-2.42471354994e-07
2.85899307226e-10	-1.99634552445e-07
2.86958193549e-10	-1.43174504252e-07
2.88017079872e-10	-7.77798918605e-08
2.89075966195e-10	-1.1301623748e-08
2.90134852518e-10	4.56586093378e-08
2.91193738841e-10	8.19168310962e-08
2.92252625164e-10	8.91183828955e-08
2.93311511488e-10	6.51761498105e-08
2.94370397811e-10	1.62001966286e-08
2.95429284134e-10	-4.42097283226e-08
2.96488170457e-10	-9.84905215162e-08
2.9754705678e-10	-1.30444476554e-07
2.98605943103e-10	-1.3050363723e-07
2.99664829426e-10	-9.894380959e-08
3.00723715749e-10	-4.5678318461e-08
3.01782602072e-10	1.33531206092e-08
3.02841488395e-10	6.18664945939e-08
3.03900374718e-10	8.87582443099e-08
3.04959261041e-10	9.13635247457e-08
3.06018147364e-10	7.52931215153e-08
3.07077033687e-10	5.11532012304e-08
3.0813592001e-10	2.97580763364e-08
3.09194806333e-10	1.79389524138e-08
3.10253692656e-10	1.66366636856e-08
3.1131257898e-10	2.18109611483e-08
3.12371465303e-10	2.74136535694e-08
3.13430351626e-10	2.87927190978e-08
3.14489237949e-10	2.48925282609e-08
3.15548124272e-10	1.83634951689e-08
3.16607010595e-10	1.37496107833e-08
3.17665896918e-10	1.48624385021e-08
3.18724783241e-10	2.27053880142e-08
3.19783669564e-10	3.49269511091e-08
3.20842555887e-10	4.6975473067e-08
3.2190144221e-10	5.42642313306e-08
3.22960328533e-10	5.42885127963e-08
3.24019214856e-10	4.76774890679e-08
3.25078101179e-10	3.77927804607e-08
3.26136987502e-10	2.91392021623e-08
3.27195873825e-10	2.53745604528e-08
3.28254760149e-10	2.77770262347e-08
3.29313646472e-10	3.47621449404e-08
3.30372532795e-10	4.25611927923e-08
3.31431419118e-10	4.66785019526e-08
3.32490305441e-10	4.3542395467e-08
3.33549191764e-10	3.17309241105e-08
3.34608078087e-10	1.2438431285e-08
3.3566696441e-10	-1.08701151413e-08
3.36725850733e-10	-3.34186511797e-08
3.37784737056e-10	-5.03816814934e-08
3.38843623379e-10	-5.8129408842e-08
3.39902509702e-10	-5.51870251719e-08
3.40961396025e-10	-4.27135717906e-08
3.42020282348e-10	-2.43500362096e-08
3.43079168671e-10	-5.40177924613e-09
3.44138054994e-10	8.50817682974e-09
3.45196941317e-10	1.30307801216e-08
3.46255827641e-10	6.43971984071e-09
3.47314713964e-10	-9.70747821016e-09
3.48373600287e-10	-3.09262242482e-08
3.4943248661e-10	-5.112953394e-08
3.50491372933e-10	-6.45618141171e-08
3.51550259256e-10	-6.77172136143e-08
3.52609145579e-10	-6.05563537093e-08
3.53668031902e-10	-4.65933682747e-08
3.54726918225e-10	-3.17581340115e-08
3.55785804548e-10	-2.24161945672e-08
3.56844690871e-10	-2.31669863293e-08
3.57903577194e-10	-3.51820097499e-08
3.58962463517e-10	-5.56375101546e-08
3.6002134984e-10	-7.84591476233e-08
3.61080236163e-10	-9.61709272218e-08
3.62139122486e-10	-1.02272171176e-07
3.63198008809e-10	-9.33989410257e-08
3.64256895133e-10	-7.05513460986e-08
3.65315781456e-10	-3.89502257114e-08
3.66374667779e-10	-6.52496523479e-09
3.67433554102e-10	1.85379416262e-08
3.68492440425e-10	3.03955294267e-08
3.69551326748e-10	2.74415927759e-08
3.70610213071e-10	1.28334297078e-08
3.71669099394e-10	-6.54954651624e-09
3.72727985717e-10	-2.24229346202e-08
3.7378687204e-10	-2.79163254735e-08
3.74845758363e-10	-1.99189842398e-08
3.75904644686e-10	-1.46400058743e-10
3.76963531009e-10	2.54887784212e-08
3.78022417332e-10	4.89719211849e-08
3.79081303655e-10	6.30208862873e-08
3.80140189978e-10	6.36337422755e-08
3.81199076301e-10	5.14676887775e-08
3.82257962625e-10	3.1549184154e-08
3.83316848948e-10	1.14454569156e-08
3.84375735271e-10	-1.4043323171e-09
3.85434621594e-10	-2.22361407065e-09
3.86493507917e-10	9.58594004175e-09
3.8755239424e-10	3.04276346341e-08
3.88611280563e-10	5.38991131727e-08
3.89670166886e-10	7.29827727142e-08
3.90729053209e-10	8.22192189887e-08
3.91787939532e-10	7.91540037959e-08
3.92846825855e-10	6.46633147028e-08
3.93905712178e-10	4.22594155225e-08
3.94964598501e-10	1.67918136618e-08
3.96023484824e-10	-6.92369173105e-09
3.97082371147e-10	-2.51253184924e-08
3.9814125747e-10	-3.55980656064e-08
3.99200143794e-10	-3.77217044267e-08
4.00259030117e-10	-3.22872805159e-08
4.0131791644e-10	-2.12323665316e-08
4.02376802763e-10	-7.37501043568e-09
4.03435689086e-10	5.93466925602e-09
4.04494575409e-10	1.53380192991e-08
4.05553461732e-10	1.81759546303e-08
4.06612348055e-10	1.32355456456e-08
4.07671234378e-10	1.26787594312e-09
4.08730120701e-10	-1.49815746475e-08
4.09789007024e-10	-3.13952497333e-08
4.10847893347e-10	-4.36283915661e-08
4.1190677967e-10	-4.84511790688e-08
4.12965665993e-10	-4.4817353384e-08
4.14024552316e-10	-3.42564887568e-08
4.15083438639e-10	-2.04038146379e-08
4.16142324962e-10	-7.79644895865e-09
4.17201211286e-10	-3.58970523445e-10
4.18260097609e-10	-9.84834644391e-11
4.19318983932e-10	-6.4884245754e-09
4.20377870255e-10	-1.6743908815e-08
4.21436756578e-10	-2.68577728946e-08
4.22495642901e-10	-3.30258487224e-08
4.23554529224e-10	-3.29251270692e-08
4.24613415547e-10	-2.64146613471e-08
4.2567230187e-10	-1.5447291668e-08
4.26731188193e-10	-3.28829552476e-09
4.27790074516e-10	6.64003818596e-09
4.28848960839e-10	1.18615569589e-08
4.29907847162e-10	1.15318189442e-08
4.30966733485e-10	6.55866472243e-09
4.32025619808e-10	-8.42930357459e-10
4.33084506131e-10	-7.92886811762e-09
4.34143392454e-10	-1.22717095374e-08
4.35202278778e-10	-1.24181954719e-08
4.36261165101e-10	-8.21535395268e-09
4.37320051424e-10	-7.66010449516e-10
4.38378937747e-10	7.93398124976e-09
4.3943782407e-10	1.55518032896e-08
4.40496710393e-10	2.0058778416e-08
4.41555596716e-10	2.02952619155e-08
4.42614483039e-10	1.63339926029e-08
4.43673369362e-10	9.54568224465e-09
4.44732255685e-10	2.29912502925e-09
4.45791142008e-10	-2.66536304139e-09
4.46850028331e-10	-3.07107303477e-09
4.47908914654e-10	2.10064360351e-09
4.48967800977e-10	1.21008003062e-08
4.500266873e-10	2.44302564845e-08
4.51085573623e-10	3.54548284065e-08
4.52144459946e-10	4.14804177673e-08
4.5320334627e-10	3.99843100851e-08
4.54262232593e-10	3.05749050522e-08
4.55321118916e-10	1.5320610447e-08
4.56380005239e-10	-1.738132277e-09
4.57438891562e-10	-1.57634635345e-08
4.58497777885e-10	-2.26428849004e-08
4.59556664208e-10	-2.03413250688e-08
4.60615550531e-10	-9.60438351072e-09
4.61674436854e-10	6.2267651868e-09
4.62733323177e-10	2.22535991856e-08
4.637922095e-10	3.35511751715e-08
4.64851095823e-10	3.66819712383e-08
4.65909982146e-10	3.06838543462e-08
4.66968868469e-10	1.72374164942e-08
4.68027754792e-10	4.69596583841e-13
4.69086641115e-10	-1.66310634153e-08
4.70145527439e-10	-2.88717070251e-08
4.71204413762e-10	-3.45758128795e-08
4.72263300085e-10	-3.36493608533e-08
4.73322186408e-10	-2.77967096007e-08
4.74381072731e-10	-1.9770814319e-08
4.75439959054e-10	-1.24346168362e-08
4.76498845377e-10	-7.96422802707e-09
4.775577317e-10	-7.38643363141e-09
4.78616618023e-10	-1.05381349758e-08
4.79675504346e-10	-1.63425158961e-08
4.80734390669e-10	-2.32504127062e-08
4.81793276992e-10	-2.96908890807e-08
4.82852163315e-10	-3.44045141265e-08
4.83911049638e-10	-3.6632428424e-08
4.84969935961e-10	-3.6168804618e-08
4.86028822284e-10	-3.33343814773e-08
4.87087708607e-10	-2.8885585257e-08
4.88146594931e-10	-2.38851413092e-08
4.89205481254e-10	-1.95134857162e-08
4.90264367577e-10	-1.68203537765e-08
4.913232539e-10	-1.64669630154e-08
4.92382140223e-10	-1.85044120027e-08
4.93441026546e-10	-2.22824271257e-08
4.94499912869e-10	-2.6547091192e-08
4.95558799192e-10	-2.97500690749e-08
4.96617685515e-10	-3.04982052945e-08
4.97676571838e-10	-2.80106249306e-08
4.98735458161e-10	-2.24385752201e-08
4.99794344484e-10	-1.48991936566e-08
5.00853230807e-10	-7.20482401517e-09
5.0191211713e-10	-1.33554615978e-09
5.02971003453e-10	1.1765545066e-09
5.04029889776e-10	-2.42259011463e-10
5.05088776099e-10	-4.98427878137e-09
5.06147662423e-10	-1.14013821162e-08
5.07206548746e-10	-1.72651897223e-08
5.08265435069e-10	-2.04266104031e-08
5.09324321392e-10	-1.94620571881e-08
5.10383207715e-10	-1.41215471539e-08
5.11442094038e-10	-5.44260125857e-09
5.12500980361e-10	4.50214343584e-09
5.13559866684e-10	1.31583037244e-08
5.14618753007e-10	1.81922642506e-08
5.1567763933e-10	1.81484784978e-08
5.16736525653e-10	1.28936170629e-08
5.17795411976e-10	3.7066681946e-09
5.18854298299e-10	-7.01411811965e-09
5.19913184622e-10	-1.63676726617e-08
5.20972070945e-10	-2.17325037966e-08
5.22030957268e-10	-2.15070792287e-08
5.23089843591e-10	-1.5608848547e-08
5.24148729915e-10	-5.5598255444e-09
5.25207616238e-10	5.87808149377e-09
5.26266502561e-10	1.54493180471e-08
5.27325388884e-10	2.03289043377e-08
5.28384275207e-10	1.89639792758e-08
5.2944316153e-10	1.15738463258e-08
5.30502047853e-10	1.34798644469e-10
5.31560934176e-10	-1.21630100991e-08
5.32619820499e-10	-2.1852406995e-08
5.33678706822e-10	-2.62248667227e-08
5.34737593145e-10	-2.41556845637e-08
5.35796479468e-10	-1.64525564283e-08
5.36855365791e-10	-5.60833818275e-09
5.37914252114e-10	4.95865576378e-09
5.38973138437e-10	1.19557739264e-08
5.4003202476e-10	1.32142816689e-08
5.41090911084e-10	8.33935187572e-09
5.42149797407e-10	-1.19713892965e-09
5.4320868373e-10	-1.25328424305e-08
5.44267570053e-10	-2.23116920495e-08
5.45326456376e-10	-2.77187344189e-08
5.46385342699e-10	-2.73260021277e-08
5.47444229022e-10	-2.1500026981e-08
5.48503115345e-10	-1.22417272985e-08
5.49562001668e-10	-2.52942453094e-09
5.50620887991e-10	4.61932239681e-09
5.51679774314e-10	7.07812747303e-09
5.52738660637e-10	4.22762849728e-09
5.5379754696e-10	-2.9059500084e-09
5.54856433283e-10	-1.20313096152e-08
5.55915319606e-10	-2.03335619453e-08
5.56974205929e-10	-2.53353127366e-08
5.58033092252e-10	-2.56052419267e-08
5.59091978576e-10	-2.11127227923e-08
5.60150864899e-10	-1.31504920287e-08
5.61209751222e-10	-3.88508128446e-09
5.62268637545e-10	4.29231719612e-09
5.63327523868e-10	9.4260788619e-09
5.64386410191e-10	1.04699748316e-08
5.65445296514e-10	7.48478456991e-09
5.66504182837e-10	1.54041200628e-09
5.6756306916e-10	-5.62456059505e-09
5.68621955483e-10	-1.20670439197e-08
5.69680841806e-10	-1.61131883392e-08
5.70739728129e-10	-1.67302874887e-08
5.71798614452e-10	-1.37313241333e-08
5.72857500775e-10	-7.78022521408e-09
5.73916387098e-10	-2.08427414217e-10
5.74975273421e-10	7.30712274022e-09
5.76034159744e-10	1.3145022848e-08
5.77093046068e-10	1.61087916339e-08
5.78151932391e-10	1.57040768167e-08
5.79210818714e-10	1.22383512768e-08
5.80269705037e-10	6.73228719994e-09
5.8132859136e-10	6.54838336334e-10
5.82387477683e-10	-4.44717096482e-09
5.83446364006e-10	-7.32194022079e-09
5.84505250329e-10	-7.30271229599e-09
5.85564136652e-10	-4.44080985873e-09
5.86623022975e-10	5.37638447651e-10
5.87681909298e-10	6.43255471111e-09
5.88740795621e-10	1.18649334802e-08
5.89799681944e-10	1.55939539059e-08
5.90858568267e-10	1.67876431645e-08
5.9191745459e-10	1.51841931251e-08
5.92976340913e-10	1.11339441555e-08
5.94035227236e-10	5.50616541251e-09
5.9509411356e-10	-5.05392033778e-10
5.96152999883e-10	-5.63934041131e-09
5.97211886206e-10	-8.83751632985e-09
5.98270772529e-10	-9.46496236942e-09
5.99329658852e-10	-7.4502310432e-09
6.00388545175e-10	-3.30683649907e-09
6.01447431498e-10	1.96825660631e-09
6.02506317821e-10	7.10334494003e-09
6.03565204144e-10	1.08346653316e-08
6.04624090467e-10	1.21975041179e-08
6.0568297679e-10	1.07709716146e-08
6.06741863113e-10	6.79667067072e-09
6.07800749436e-10	1.14402022577e-09
6.08859635759e-10	-4.8978343048e-09
6.09918522082e-10	-9.94950605238e-09
6.10977408405e-10	-1.29012245886e-08
6.12036294729e-10	-1.32067167202e-08
6.13095181052e-10	-1.10125116803e-08
6.14154067375e-10	-7.0901453042e-09
6.15212953698e-10	-2.5888381161e-09
6.16271840021e-10	1.30264908929e-09
6.17330726344e-10	3.67947275426e-09
6.18389612667e-10	4.12793464688e-09
6.1944849899e-10	2.76426282558e-09
6.20507385313e-10	1.18829057705e-10
6.21566271636e-10	-3.07858324944e-09
6.22625157959e-10	-6.12243014619e-09
6.23684044282e-10	-8.49305631379e-09
6.24742930605e-10	-9.91869641975e-09
6.25801816928e-10	-1.03408810403e-08
6.26860703251e-10	-9.83920245279e-09
6.27919589574e-10	-8.55223852847e-09
6.28978475897e-10	-6.64374422144e-09
6.30037362221e-10	-4.31633850884e-09
6.31096248544e-10	-1.84935097791e-09
6.32155134867e-10	3.81287453e-10
6.3321402119e-10	1.93141533322e-09
6.34272907513e-10	2.38205138947e-09
6.35331793836e-10	1.47407928919e-09
6.36390680159e-10	-7.68909047544e-10
6.37449566482e-10	-3.97522895157e-09
6.38508452805e-10	-7.45991046713e-09
6.39567339128e-10	-1.03703991505e-08
6.40626225451e-10	-1.18999106125e-08
6.41685111774e-10	-1.15245092358e-08
6.42743998097e-10	-9.1742244912e-09
6.4380288442e-10	-5.29617849576e-09
6.44861770743e-10	-7.71520139442e-10
6.45920657066e-10	3.29214408512e-09
6.46979543389e-10	5.84899190192e-09
6.48038429713e-10	6.19978679506e-09
6.49097316036e-10	4.19594664569e-09
6.50156202359e-10	3.01546426718e-10
6.51215088682e-10	-4.51416959368e-09
6.52273975005e-10	-9.02360797195e-09
6.53332861328e-10	-1.20695824446e-08
6.54391747651e-10	-1.28829522605e-08
6.55450633974e-10	-1.12924554152e-08
6.56509520297e-10	-7.77644010297e-09
6.5756840662e-10	-3.33029687161e-09
6.58627292943e-10	8.08227679228e-10
6.59686179266e-10	3.50122283943e-09
6.60745065589e-10	4.02147457002e-09
6.61803951912e-10	2.24485163791e-09
6.62862838235e-10	-1.32542333359e-09
6.63921724558e-10	-5.714368978e-09
6.64980610881e-10	-9.75689040672e-09
6.66039497205e-10	-1.24326535733e-08
6.67098383528e-10	-1.31496901146e-08
6.68157269851e-10	-1.1902188346e-08
6.69216156174e-10	-9.25480958536e-09
6.70275042497e-10	-6.15785822333e-09
6.7133392882e-10	-3.65477210995e-09
6.72392815143e-10	-2.56632822632e-09
6.73451701466e-10	-3.24667213947e-09
6.74510587789e-10	-5.48960138458e-09
6.75569474112e-10	-8.60277504788e-09
6.76628360435e-10	-1.16333093159e-08
6.77687246758e-10	-1.36663608208e-08
6.78746133081e-10	-1.41076421656e-08
6.79805019404e-10	-1.28624993989e-08
6.80863905727e-10	-1.03625717451e-08
6.8192279205e-10	-7.43058786723e-09
6.82981678374e-10	-5.03127073337e-09
6.84040564697e-10	-3.98230229348e-09
6.8509945102e-10	-4.71350813935e-09
6.86158337343e-10	-7.14070480523e-09
6.87217223666e-10	-1.06867006355e-08
6.88276109989e-10	-1.44404214142e-08
6.89334996312e-10	-1.74046870249e-08
6.90393882635e-10	-1.87626965076e-08
6.91452768958e-10	-1.8093895271e-08
6.92511655281e-10	-1.54829555843e-08
6.93570541604e-10	-1.1502253483e-08
6.94629427927e-10	-7.07322966864e-09
6.9568831425e-10	-3.24390533879e-09
6.96747200573e-10	-9.35089325416e-10
6.97806086896e-10	-7.16708102588e-10
6.98864973219e-10	-2.66813066085e-09
6.99923859542e-10	-6.3511922388e-09
7.00982745866e-10	-1.09115215752e-08
7.02041632189e-10	-1.52746451043e-08
7.03100518512e-10	-1.83976395229e-08
7.04159404835e-10	-1.95153160298e-08
7.05218291158e-10	-1.83164718948e-08
7.06277177481e-10	-1.50195238469e-08
7.07336063804e-10	-1.03197512202e-08
7.08394950127e-10	-5.23266988073e-09
7.0945383645e-10	-8.60189017238e-10
7.10512722773e-10	1.85941501779e-09
7.11571609096e-10	2.36616990584e-09
7.12630495419e-10	6.04783906982e-10
7.13689381742e-10	-2.96729193994e-09
7.14748268065e-10	-7.48725403898e-09
7.15807154388e-10	-1.18963928708e-08
7.16866040711e-10	-1.51881885957e-08
7.17924927034e-10	-1.66405909052e-08
7.18983813358e-10	-1.59759726559e-08
7.20042699681e-10	-1.34065166746e-08
7.21101586004e-10	-9.5609700157e-09
7.22160472327e-10	-5.31580793273e-09
7.2321935865e-10	-1.5784182017e-09
7.24278244973e-10	9.21734556736e-10
7.25337131296e-10	1.7833146071e-09
7.26396017619e-10	9.92886248913e-10
7.27454903942e-10	-1.1116035592e-09
7.28513790265e-10	-3.95653579344e-09
7.29572676588e-10	-6.88756529588e-09
7.30631562911e-10	-9.32690247257e-09
7.31690449234e-10	-1.08830274237e-08
7.32749335557e-10	-1.14025796027e-08
7.3380822188e-10	-1.09522024228e-08
7.34867108203e-10	-9.75366959421e-09
7.35925994526e-10	-8.09988048855e-09
7.3698488085e-10	-6.27924096053e-09
7.38043767173e-10	-4.52979609378e-09
7.39102653496e-10	-3.02539898689e-09
7.40161539819e-10	-1.88933826917e-09
7.41220426142e-10	-1.21149880405e-09
7.42279312465e-10	-1.0625790664e-09
7.43338198788e-10	-1.49143619677e-09
7.44397085111e-10	-2.50155993142e-09
7.45455971434e-10	-4.02357533402e-09
7.46514857757e-10	-5.8892700161e-09
7.4757374408e-10	-7.82740011696e-09
7.48632630403e-10	-9.49198769584e-09
7.49691516726e-10	-1.0521225724e-08
7.50750403049e-10	-1.06214994577e-08
7.51809289372e-10	-9.64914143031e-09
7.52868175695e-10	-7.67131103085e-09
7.53927062019e-10	-4.97776855846e-09
7.54985948342e-10	-2.04104722012e-09
7.56044834665e-10	5.78352511715e-10
7.57103720988e-10	2.35073914501e-09
7.58162607311e-10	2.8976466504e-09
7.59221493634e-10	2.08314290817e-09
7.60280379957e-10	4.9813968922e-11
7.6133926628e-10	-2.80064579861e-09
7.62398152603e-10	-5.88931398093e-09
7.63457038926e-10	-8.57554599554e-09
7.64515925249e-10	-1.02880388653e-08
7.65574811572e-10	-1.064385724e-08
7.66633697895e-10	-9.52470063931e-09
7.67692584218e-10	-7.10458400444e-09
7.68751470541e-10	-3.81210267519e-09
7.69810356864e-10	-2.45718882741e-10
7.70869243187e-10	2.94618833496e-09
7.71928129511e-10	5.19244197639e-09
7.72987015834e-10	6.10785491628e-09
7.74045902157e-10	5.56579560218e-09
7.7510478848e-10	3.71206895777e-09
7.76163674803e-10	9.36884542169e-10
7.77222561126e-10	-2.20732337963e-09
7.78281447449e-10	-5.11083372845e-09
7.79340333772e-10	-7.21637172241e-09
7.80399220095e-10	-8.11978789761e-09
7.81458106418e-10	-7.63672020065e-09
7.82516992741e-10	-5.83373147012e-09
7.83575879064e-10	-3.01425651106e-09
7.84634765387e-10	3.31119662939e-10
7.8569365171e-10	3.61237283142e-09
7.86752538033e-10	6.24348189815e-09
7.87811424356e-10	7.74905190015e-09
7.88870310679e-10	7.86034554112e-09
7.89929197003e-10	6.56710502644e-09
7.90988083326e-10	4.12846176689e-09
7.92046969649e-10	1.02295856508e-09
7.93105855972e-10	-2.14514492974e-09
7.94164742295e-10	-4.76464939725e-09
7.95223628618e-10	-6.33938646022e-09
7.96282514941e-10	-6.58081217297e-09
7.97341401264e-10	-5.45939876639e-09
7.98400287587e-10	-3.20078336058e-09
7.9945917391e-10	-2.39182083861e-10
8.00518060233e-10	2.87217918893e-09
8.01576946556e-10	5.56201482094e-09
8.02635832879e-10	7.34520960721e-09
8.03694719202e-10	7.90861426347e-09
8.04753605525e-10	7.16100517772e-09
8.05812491848e-10	5.24843254968e-09
8.06871378171e-10	2.52007195667e-09
8.07930264495e-10	-5.33771547795e-10
8.08989150818e-10	-3.36879124596e-09
8.10048037141e-10	-5.48262638067e-09
8.11106923464e-10	-6.49702952549e-09
8.12165809787e-10	-6.22409085382e-09
8.1322469611e-10	-4.70210254067e-09
8.14283582433e-10	-2.19646138777e-09
8.15342468756e-10	8.40230995891e-10
8.16401355079e-10	3.83719719887e-09
8.17460241402e-10	6.20995815881e-09
8.18519127725e-10	7.47639750109e-09
8.19578014048e-10	7.35309785282e-09
8.20636900371e-10	5.83416862043e-09
8.21695786694e-10	3.19918312675e-09
8.22754673017e-10	-3.26206422985e-11
8.2381355934e-10	-3.20998405634e-09
8.24872445664e-10	-5.68878033569e-09
8.25931331987e-10	-6.97320379217e-09
8.2699021831e-10	-6.82345840941e-09
8.28049104633e-10	-5.30440250057e-09
8.29107990956e-10	-2.76563169588e-09
8.30166877279e-10	2.44540138139e-10
8.31225763602e-10	3.10351858102e-09
8.32284649925e-10	5.24831111903e-09
8.33343536248e-10	6.29026725152e-09
8.34402422571e-10	6.07997047153e-09
8.35461308894e-10	4.72326017187e-09
8.36520195217e-10	2.5364753492e-09
8.3757908154e-10	-2.8581612771e-11
8.38637967863e-10	-2.48302312045e-09
8.39696854186e-10	-4.3914480663e-09
8.40755740509e-10	-5.44474909603e-09
8.41814626832e-10	-5.50448622794e-09
8.42873513156e-10	-4.61145024944e-09
8.43932399479e-10	-2.96822375012e-09
8.44991285802e-10	-8.90956655675e-10
8.46050172125e-10	1.24383928157e-09
8.47109058448e-10	3.06531049155e-09
8.48167944771e-10	4.26587068447e-09
8.49226831094e-10	4.64537122657e-09
8.50285717417e-10	4.14474206345e-09
8.5134460374e-10	2.85028881053e-09
8.52403490063e-10	9.83632640617e-10
8.53462376386e-10	-1.13287924874e-09
8.54521262709e-10	-3.12900143296e-09
8.55580149032e-10	-4.64897867425e-09
8.56639035355e-10	-5.41508485274e-09
8.57697921678e-10	-5.28351098983e-09
8.58756808001e-10	-4.27649463064e-09
8.59815694324e-10	-2.58211335646e-09
8.60874580648e-10	-5.30399758836e-10
8.61933466971e-10	1.46995417921e-09
8.62992353294e-10	3.0102423193e-09
8.64051239617e-10	3.76051843831e-09
8.6511012594e-10	3.54729053076e-09
8.66169012263e-10	2.39022020232e-09
8.67227898586e-10	5.0938367413e-10
8.68286784909e-10	-1.71807302413e-09
8.69345671232e-10	-3.83524501046e-09
8.70404557555e-10	-5.40677400074e-09
8.71463443878e-10	-6.11773870451e-09
8.72522330201e-10	-5.84512524493e-09
8.73581216524e-10	-4.68817012989e-09
8.74640102847e-10	-2.94038879356e-09
8.7569898917e-10	-1.01977357114e-09
8.76757875493e-10	6.34091657653e-10
8.77816761816e-10	1.66173332733e-09
8.7887564814e-10	1.86296631594e-09
8.79934534463e-10	1.23538132502e-09
8.80993420786e-10	-4.10049511707e-11
8.82052307109e-10	-1.6571158612e-09
8.83111193432e-10	-3.25823687475e-09
8.84170079755e-10	-4.52583087673e-09
8.85228966078e-10	-5.24504537025e-09
8.86287852401e-10	-5.3366956132e-09
8.87346738724e-10	-4.85705417552e-09
8.88405625047e-10	-3.96564983629e-09
8.8946451137e-10	-2.87673232457e-09
8.90523397693e-10	-1.81323882298e-09
8.91582284016e-10	-9.63363583351e-10
8.92641170339e-10	-4.58653774682e-10
8.93700056662e-10	-3.62430634115e-10
8.94758942985e-10	-6.66353590362e-10
8.95817829309e-10	-1.30122498193e-09
8.96876715632e-10	-2.14557620282e-09
8.97935601955e-10	-3.04485155145e-09
8.98994488278e-10	-3.83502979373e-09
9.00053374601e-10	-4.37181060797e-09
9.01112260924e-10	-4.55583279435e-09
9.02171147247e-10	-4.35630911899e-09
9.0323003357e-10	-3.8177195294e-09
9.04288919893e-10	-3.04955133368e-09
9.05347806216e-10	-2.20790166705e-09
9.06406692539e-10	-1.45673123564e-09
9.07465578862e-10	-9.38137560691e-10
9.08524465185e-10	-7.43395633246e-10
9.09583351508e-10	-8.94649531541e-10
9.10642237831e-10	-1.34710143734e-09
9.11701124154e-10	-1.99757332897e-09
9.12760010477e-10	-2.70803207636e-09
9.13818896801e-10	-3.33168312383e-09
9.14877783124e-10	-3.74127034908e-09
9.15936669447e-10	-3.85146067816e-09
9.1699555577e-10	-3.63579272245e-09
9.18054442093e-10	-3.13080539271e-09
9.19113328416e-10	-2.42969130926e-09
9.20172214739e-10	-1.66709705762e-09
9.21231101062e-10	-9.90406315987e-10
9.22289987385e-10	-5.34779090802e-10
9.23348873708e-10	-3.91730613225e-10
9.24407760031e-10	-5.90477455126e-10
9.25466646354e-10	-1.08875822247e-09
9.26525532677e-10	-1.77590089856e-09
9.27584419e-10	-2.49683908271e-09
9.28643305323e-10	-3.08154912698e-09
9.29702191646e-10	-3.38534808519e-09
9.30761077969e-10	-3.3226458529e-09
9.31819964293e-10	-2.891843362e-09
9.32878850616e-10	-2.17858311946e-09
9.33937736939e-10	-1.33711109546e-09
9.34996623262e-10	-5.56841540759e-10
9.36055509585e-10	-1.09933590009e-11
9.37114395908e-10	1.81172679289e-10
9.38173282231e-10	-1.33843136227e-11
9.39232168554e-10	-5.34042608746e-10
9.40291054877e-10	-1.24554000447e-09
9.413499412e-10	-1.96996546853e-09
9.42408827523e-10	-2.53137044659e-09
9.43467713846e-10	-2.79373155165e-09
9.44526600169e-10	-2.69219492532e-09
9.45585486492e-10	-2.24415849792e-09
9.46644372815e-10	-1.54580826611e-09
9.47703259138e-10	-7.49696233912e-10
9.48762145461e-10	-3.21371792025e-11
9.49821031785e-10	4.46352461936e-10
9.50879918108e-10	5.81098506119e-10
9.51938804431e-10	3.49375774839e-10
9.52997690754e-10	-1.76694540943e-10
9.54056577077e-10	-8.48476448823e-10
9.551154634e-10	-1.47581839804e-09
9.56174349723e-10	-1.8773518573e-09
9.57233236046e-10	-1.93361361644e-09
9.58292122369e-10	-1.61929830655e-09
9.59351008692e-10	-1.01435403826e-09
9.60409895015e-10	-2.78067606267e-10
9.61468781338e-10	3.93234634091e-10
9.62527667661e-10	8.26338088233e-10
9.63586553984e-10	9.19442307012e-10
9.64645440307e-10	6.70661651214e-10
9.6570432663e-10	1.81978283137e-10
9.66763212953e-10	-3.7595995761e-10
9.67822099277e-10	-8.09725501927e-10
9.688809856e-10	-9.63852608837e-10
9.69939871923e-10	-7.67840901972e-10
9.70998758246e-10	-2.57505405887e-10
9.72057644569e-10	4.32300591158e-10
9.73116530892e-10	1.10719937385e-09
9.74175417215e-10	1.57069371398e-09
9.75234303538e-10	1.68621223928e-09
9.76293189861e-10	1.41658590413e-09
9.77352076184e-10	8.41478602076e-10
9.78410962507e-10	1.34346448896e-10
9.7946984883e-10	-4.87035807517e-10
9.80528735153e-10	-8.18202706976e-10
9.81587621476e-10	-7.31232664697e-10
9.82646507799e-10	-2.08215968772e-10
9.83705394122e-10	6.49833891558e-10
9.84764280446e-10	1.64813784842e-09
9.85823166769e-10	2.54486957896e-09
9.86882053092e-10	3.11295628164e-09
9.87940939415e-10	3.19787571423e-09
9.88999825738e-10	2.75853903609e-09
9.90058712061e-10	1.88498240627e-09
9.91117598384e-10	7.78148531722e-10
9.92176484707e-10	-2.90198108599e-10
9.9323537103e-10	-1.04363238884e-09
9.94294257353e-10	-1.269386804e-09
9.95353143676e-10	-8.73854585914e-10
9.96412029999e-10	8.36418148284e-11
9.97470916322e-10	1.40175329677e-09
9.98529802645e-10	2.77862063913e-09
9.99588688968e-10	3.88529816653e-09
1.00064757529e-09	4.4487767914e-09
1.00170646161e-09	4.32193444921e-09
1.00276534794e-09	3.52565257544e-09
1.00382423426e-09	2.24431451201e-09
1.00488312058e-09	7.84199455373e-10
1.00594200691e-09	-5.05524302974e-10
1.00700089323e-09	-1.31533323122e-09
1.00805977955e-09	-1.45308219623e-09
1.00911866588e-09	-8.90184967406e-10
1.0101775522e-09	2.36102006002e-10
1.01123643852e-09	1.65644142847e-09
1.01229532485e-09	3.03780472999e-09
1.01335421117e-09	4.06363237504e-09
1.01441309749e-09	4.50798903762e-09
1.01547198381e-09	4.28658342155e-09
1.01653087014e-09	3.47169704096e-09
1.01758975646e-09	2.26967396266e-09
1.01864864278e-09	9.67119578865e-10
1.01970752911e-09	-1.37266385758e-10
1.02076641543e-09	-8.04772408436e-10
1.02182530175e-09	-9.06264750744e-10
1.02288418808e-09	-4.49328857975e-10
1.0239430744e-09	4.31497320513e-10
1.02500196072e-09	1.51148497884e-09
1.02606084704e-09	2.52980694726e-09
1.02711973337e-09	3.25348625818e-09
1.02817861969e-09	3.53021784028e-09
1.02923750601e-09	3.32210103871e-09
1.03029639234e-09	2.71046173006e-09
1.03135527866e-09	1.8701522761e-09
1.03241416498e-09	1.02232945373e-09
1.03347305131e-09	3.74485137344e-10
1.03453193763e-09	6.89788369652e-11
1.03559082395e-09	1.46362086079e-10
1.03664971028e-09	5.43170175504e-10
1.0377085966e-09	1.11260546609e-09
1.03876748292e-09	1.67306195287e-09
1.03982636924e-09	2.06067235498e-09
1.04088525557e-09	2.17241499789e-09
1.04194414189e-09	1.99721500449e-09
1.04300302821e-09	1.610653666e-09
1.04406191454e-09	1.1480551787e-09
1.04512080086e-09	7.63101602741e-10
1.04617968718e-09	5.79408389323e-10
1.04723857351e-09	6.52886470581e-10
1.04829745983e-09	9.57519570577e-10
1.04935634615e-09	1.39327391291e-09
1.05041523248e-09	1.81305989666e-09
1.0514741188e-09	2.07051675805e-09
1.05253300512e-09	2.05943241627e-09
1.05359189144e-09	1.74714566425e-09
1.05465077777e-09	1.18800135701e-09
1.05570966409e-09	5.08039589564e-10
1.05676855041e-09	-1.20544536159e-10
1.05782743674e-09	-5.28702356201e-10
1.05888632306e-09	-5.92936658106e-10
1.05994520938e-09	-2.72356028355e-10
1.06100409571e-09	3.77668708806e-10
1.06206298203e-09	1.21212005016e-09
1.06312186835e-09	2.02806015037e-09
1.06418075467e-09	2.61385585398e-09
1.065239641e-09	2.79929600333e-09
1.06629852732e-09	2.50400032653e-09
1.06735741364e-09	1.7592637902e-09
1.06841629997e-09	7.0948191766e-10
1.06947518629e-09	-4.16964251321e-10
1.07053407261e-09	-1.36249286853e-09
1.07159295894e-09	-1.89871644796e-09
1.07265184526e-09	-1.8882643088e-09
1.07371073158e-09	-1.31995443048e-09
1.07476961791e-09	-3.19383502284e-10
1.07582850423e-09	8.80461849262e-10
1.07688739055e-09	1.99271182888e-09
1.07794627687e-09	2.74585390536e-09
1.0790051632e-09	2.95333445199e-09
1.08006404952e-09	2.55688738238e-09
1.08112293584e-09	1.64413396092e-09
1.08218182217e-09	4.22052667121e-10
1.08324070849e-09	-8.29859563012e-10
1.08429959481e-09	-1.83030454681e-09
1.08535848114e-09	-2.36245308038e-09
1.08641736746e-09	-2.32271024636e-09
1.08747625378e-09	-1.74321418411e-09
1.08853514011e-09	-7.77789423145e-10
1.08959402643e-09	3.36135497908e-10
1.09065291275e-09	1.33586337825e-09
1.09171179907e-09	1.99601556117e-09
1.0927706854e-09	2.17985961226e-09
1.09382957172e-09	1.8667902224e-09
1.09488845804e-09	1.15011452445e-09
1.09594734437e-09	2.13398711896e-10
1.09700623069e-09	-7.22152213029e-10
1.09806511701e-09	-1.44821834386e-09
1.09912400334e-09	-1.81822498724e-09
1.10018288966e-09	-1.77983702776e-09
1.10124177598e-09	-1.37884195034e-09
1.10230066231e-09	-7.43342477849e-10
1.10335954863e-09	-4.5950332081e-11
1.10441843495e-09	5.40833086649e-10
1.10547732127e-09	8.87682760631e-10
1.1065362076e-09	9.3673673332e-10
1.10759509392e-09	7.11617025723e-10
1.10865398024e-09	3.0383802245e-10
1.10971286657e-09	-1.57723554703e-10
1.11077175289e-09	-5.42054925251e-10
1.11183063921e-09	-7.56090016985e-10
1.11288952554e-09	-7.65437734029e-10
1.11394841186e-09	-6.00359196384e-10
1.11500729818e-09	-3.41991824616e-10
1.1160661845e-09	-9.16890956605e-11
1.11712507083e-09	6.00338550573e-11
1.11818395715e-09	6.31810771236e-11
1.11924284347e-09	-7.81896405261e-11
1.1203017298e-09	-3.08350216888e-10
1.12136061612e-09	-5.40659957776e-10
1.12241950244e-09	-6.83211771879e-10
1.12347838877e-09	-6.70269385133e-10
1.12453727509e-09	-4.8265475297e-10
1.12559616141e-09	-1.52742222516e-10
1.12665504774e-09	2.38244538681e-10
1.12771393406e-09	5.87065212415e-10
1.12877282038e-09	7.93671392496e-10
1.1298317067e-09	7.87040002614e-10
1.13089059303e-09	5.49223933693e-10
1.13194947935e-09	1.18633065177e-10
1.13300836567e-09	-4.13302864155e-10
1.134067252e-09	-9.2304621585e-10
1.13512613832e-09	-1.28352055373e-09
1.13618502464e-09	-1.39435871876e-09
1.13724391097e-09	-1.20624333438e-09
1.13830279729e-09	-7.38020713986e-10
1.13936168361e-09	-7.42337441517e-11
1.14042056994e-09	6.50546574943e-10
1.14147945626e-09	1.27907462399e-09
1.14253834258e-09	1.66924749023e-09
1.1435972289e-09	1.72430751622e-09
1.14465611523e-09	1.41710987389e-09
1.14571500155e-09	8.02172960002e-10
1.14677388787e-09	2.40627309744e-12
1.1478327742e-09	-8.10251817029e-10
1.14889166052e-09	-1.45482635661e-09
1.14995054684e-09	-1.77863238027e-09
1.15100943317e-09	-1.69423313573e-09
1.15206831949e-09	-1.198736721e-09
1.15312720581e-09	-3.80013977751e-10
1.15418609214e-09	6.00385997862e-10
1.15524497846e-09	1.5421002808e-09
1.15630386478e-09	2.24425189543e-09
1.1573627511e-09	2.55398635574e-09
1.15842163743e-09	2.39786268619e-09
1.15948052375e-09	1.79873549389e-09
1.16053941007e-09	8.77540477784e-10
1.1615982964e-09	-1.7426233373e-10
1.16265718272e-09	-1.13179465105e-09
1.16371606904e-09	-1.78180230986e-09
1.16477495537e-09	-1.97071001184e-09
1.16583384169e-09	-1.63936534486e-09
1.16689272801e-09	-8.36499071399e-10
1.16795161433e-09	2.84195059846e-10
1.16901050066e-09	1.49521573595e-09
1.17006938698e-09	2.54339539707e-09
1.1711282733e-09	3.19898907364e-09
1.17218715963e-09	3.31389686525e-09
1.17324604595e-09	2.85226881003e-09
1.17430493227e-09	1.90515890564e-09
1.1753638186e-09	6.74535476086e-10
1.17642270492e-09	-5.70139113004e-10
1.17748159124e-09	-1.54892963733e-09
1.17854047757e-09	-2.03436048563e-09
1.17959936389e-09	-1.90512914472e-09
1.18065825021e-09	-1.17597828697e-09
1.18171713653e-09	3.90168192893e-12
1.18277602286e-09	1.38104230829e-09
1.18383490918e-09	2.65561214685e-09
1.1848937955e-09	3.54893769927e-09
1.18595268183e-09	3.86560178312e-09
1.18701156815e-09	3.54046705842e-09
1.18807045447e-09	2.65053991255e-09
1.1891293408e-09	1.39923676812e-09
1.19018822712e-09	6.88797890253e-11
1.19124711344e-09	-1.04372343754e-09
1.19230599977e-09	-1.69310974268e-09
1.19336488609e-09	-1.7401548813e-09
1.19442377241e-09	-1.18097150115e-09
1.19548265873e-09	-1.46127839863e-10
1.19654154506e-09	1.13347590341e-09
1.19760043138e-09	2.37662708957e-09
1.1986593177e-09	3.31892946459e-09
1.19971820403e-09	3.76888287246e-09
1.20077709035e-09	3.64612079418e-09
1.20183597667e-09	2.99904101553e-09
1.202894863e-09	1.98585042854e-09
1.20395374932e-09	8.38005963233e-10
1.20501263564e-09	-1.93099344674e-10
1.20607152196e-09	-8.93239586464e-10
1.20713040829e-09	-1.12891938159e-09
1.20818929461e-09	-8.73354728814e-10
1.20924818093e-09	-2.05553389414e-10
1.21030706726e-09	7.1235560159e-10
1.21136595358e-09	1.67678361473e-09
1.2124248399e-09	2.48763207256e-09
1.21348372623e-09	2.99261834757e-09
1.21454261255e-09	3.11503731143e-09
1.21560149887e-09	2.86176761455e-09
1.2166603852e-09	2.31606310519e-09
1.21771927152e-09	1.60965946128e-09
1.21877815784e-09	8.92145829434e-10
1.21983704416e-09	2.97881115607e-10
1.22089593049e-09	-7.91983974062e-11
1.22195481681e-09	-1.97063303067e-10
1.22301370313e-09	-6.5456736819e-11
1.22407258946e-09	2.63404577663e-10
1.22513147578e-09	7.1377757524e-10
1.2261903621e-09	1.20296099471e-09
1.22724924843e-09	1.65407172681e-09
1.22830813475e-09	2.00892036339e-09
1.22936702107e-09	2.22766659286e-09
1.2304259074e-09	2.28944439795e-09
1.23148479372e-09	2.19322242312e-09
1.23254368004e-09	1.95144822523e-09
1.23360256636e-09	1.59289718915e-09
1.23466145269e-09	1.16112908177e-09
1.23572033901e-09	7.11397711572e-10
1.23677922533e-09	3.08219314654e-10
1.23783811166e-09	1.69901744583e-11
1.23889699798e-09	-1.08988751943e-10
1.2399558843e-09	-3.70227069488e-11
1.24101477063e-09	2.34892251483e-10
1.24207365695e-09	6.71739924102e-10
1.24313254327e-09	1.20634542633e-09
1.2441914296e-09	1.74629621874e-09
1.24525031592e-09	2.18930618079e-09
1.24630920224e-09	2.44421609341e-09
1.24736808856e-09	2.44674008831e-09
1.24842697489e-09	2.17699550054e-09
1.24948586121e-09	1.66665142798e-09
1.25054474753e-09	9.97422734683e-10
1.25160363386e-09	2.88542915255e-10
1.25266252018e-09	-3.24886622813e-10
1.2537214065e-09	-7.19572658403e-10
1.25478029283e-09	-8.09209799862e-10
1.25583917915e-09	-5.66262755436e-10
1.25689806547e-09	-3.15648314778e-11
1.25795695179e-09	6.93272529662e-10
1.25901583812e-09	1.46381402139e-09
1.26007472444e-09	2.12249036402e-09
1.26113361076e-09	2.5324305708e-09
1.26219249709e-09	2.60400885577e-09
1.26325138341e-09	2.31673454032e-09
1.26431026973e-09	1.72236003237e-09
1.26536915606e-09	9.33454369356e-10
1.26642804238e-09	1.00945123788e-10
1.2674869287e-09	-6.15596851272e-10
1.26854581503e-09	-1.08183083325e-09
1.26960470135e-09	-1.21267786785e-09
1.27066358767e-09	-9.89288234665e-10
1.27172247399e-09	-4.62409208146e-10
1.27278136032e-09	2.61683473501e-10
1.27384024664e-09	1.0400135475e-09
1.27489913296e-09	1.72114288099e-09
1.27595801929e-09	2.1752673135e-09
1.27701690561e-09	2.31624865121e-09
1.27807579193e-09	2.11768674818e-09
1.27913467826e-09	1.61690587308e-09
1.28019356458e-09	9.0669067393e-10
1.2812524509e-09	1.18844953843e-10
1.28231133723e-09	-6.00158207853e-10
1.28337022355e-09	-1.1188470081e-09
1.28442910987e-09	-1.34371301586e-09
1.28548799619e-09	-1.23820985409e-09
1.28654688252e-09	-8.3133813028e-10
1.28760576884e-09	-2.09207764827e-10
1.28866465516e-09	4.99949030092e-10
1.28972354149e-09	1.15531647443e-09
1.29078242781e-09	1.63084239169e-09
1.29184131413e-09	1.83919665608e-09
1.29290020046e-09	1.74954584153e-09
1.29395908678e-09	1.38977573894e-09
1.2950179731e-09	8.3672703835e-10
1.29607685943e-09	2.00095588536e-10
1.29713574575e-09	-4.01313086928e-10
1.29819463207e-09	-8.63964719211e-10
1.29925351839e-09	-1.11483491883e-09
1.30031240472e-09	-1.12533822538e-09
1.30137129104e-09	-9.1124409754e-10
1.30243017736e-09	-5.26506688941e-10
1.30348906369e-09	-5.20555404337e-11
1.30454795001e-09	4.23042186351e-10
1.30560683633e-09	8.17013894039e-10
1.30666572266e-09	1.06893902063e-09
1.30772460898e-09	1.14879192964e-09
1.3087834953e-09	1.05858603827e-09
1.30984238162e-09	8.26429570611e-10
1.31090126795e-09	5.0013561001e-10
1.31196015427e-09	1.35833283857e-10
1.31301904059e-09	-2.14482850317e-10
1.31407792692e-09	-5.06507970982e-10
1.31513681324e-09	-7.1060026266e-10
1.31619569956e-09	-8.10244628335e-10
1.31725458589e-09	-7.99613916747e-10
1.31831347221e-09	-6.82905079707e-10
1.31937235853e-09	-4.71881554664e-10
1.32043124486e-09	-1.85466820721e-10
1.32149013118e-09	1.47651119629e-10
1.3225490175e-09	4.9018424042e-10
1.32360790382e-09	7.95490132099e-10
1.32466679015e-09	1.01090141119e-09
1.32572567647e-09	1.08919419317e-09
1.32678456279e-09	9.96011224885e-10
1.32784344912e-09	7.21996379349e-10
1.32890233544e-09	2.92886581307e-10
1.32996122176e-09	-2.31332484418e-10
1.33102010809e-09	-7.61385780812e-10
1.33207899441e-09	-1.19271115206e-09
1.33313788073e-09	-1.42978386075e-09
1.33419676706e-09	-1.40569147988e-09
1.33525565338e-09	-1.10137908516e-09
1.3363145397e-09	-5.55682215519e-10
1.33737342602e-09	1.39475896978e-10
1.33843231235e-09	8.54504161873e-10
1.33949119867e-09	1.44616654763e-09
1.34055008499e-09	1.78978205867e-09
1.34160897132e-09	1.80378124937e-09
1.34266785764e-09	1.4693043171e-09
1.34372674396e-09	8.39865156588e-10
1.34478563029e-09	2.93967645365e-11
1.34584451661e-09	-8.05523092673e-10
1.34690340293e-09	-1.49610938915e-09
1.34796228925e-09	-1.89869558964e-09
1.34902117558e-09	-1.92069068983e-09
1.3500800619e-09	-1.54536387159e-09
1.35113894822e-09	-8.36582015468e-10
1.35219783455e-09	7.22313268225e-11
1.35325672087e-09	1.00271350251e-09
1.35431560719e-09	1.76841920274e-09
1.35537449352e-09	2.21366529274e-09
1.35643337984e-09	2.24586783892e-09
1.35749226616e-09	1.85651415074e-09
1.35855115249e-09	1.12447614414e-09
1.35961003881e-09	1.98514020326e-10
1.36066892513e-09	-7.33307806838e-10
1.36172781145e-09	-1.48228262303e-09
1.36278669778e-09	-1.89958779262e-09
1.3638455841e-09	-1.90487751961e-09
1.36490447042e-09	-1.50256555115e-09
1.36596335675e-09	-7.77807231817e-10
1.36702224307e-09	1.22502230582e-10
1.36808112939e-09	1.02168395966e-09
1.36914001572e-09	1.7480359521e-09
1.37019890204e-09	2.16993688296e-09
1.37125778836e-09	2.21768120534e-09
1.37231667469e-09	1.89487940616e-09
1.37337556101e-09	1.27600739697e-09
1.37443444733e-09	4.86243247055e-10
1.37549333365e-09	-3.20834910722e-10
1.37655221998e-09	-9.93851723141e-10
1.3776111063e-09	-1.41232892742e-09
1.37866999262e-09	-1.50565868107e-09
1.37972887895e-09	-1.26424992003e-09
1.38078776527e-09	-7.40370317137e-10
1.38184665159e-09	-3.48967807776e-11
1.38290553792e-09	7.21639626527e-10
1.38396442424e-09	1.39233569812e-09
1.38502331056e-09	1.8608218022e-09
1.38608219689e-09	2.0499944936e-09
1.38714108321e-09	1.93309518393e-09
1.38819996953e-09	1.54078901721e-09
1.38925885585e-09	9.49211959034e-10
1.39031774218e-09	2.69712158857e-10
1.3913766285e-09	-3.74153531074e-10
1.39243551482e-09	-8.68594279835e-10
1.39349440115e-09	-1.12666346391e-09
1.39455328747e-09	-1.10474022985e-09
1.39561217379e-09	-8.08069118563e-10
1.39667106012e-09	-2.89826615832e-10
1.39772994644e-09	3.58040042059e-10
1.39878883276e-09	1.02078782926e-09
1.39984771908e-09	1.58025588448e-09
1.40090660541e-09	1.93459491482e-09
1.40196549173e-09	2.01772450137e-09
1.40302437805e-09	1.81208138772e-09
1.40408326438e-09	1.35326175266e-09
1.4051421507e-09	7.2582924393e-10
1.40620103702e-09	4.84053552449e-11
1.40725992335e-09	-5.49046537401e-10
1.40831880967e-09	-9.47555957309e-10
1.40937769599e-09	-1.06641843967e-09
1.41043658232e-09	-8.79953603039e-10
1.41149546864e-09	-4.23496633595e-10
1.41255435496e-09	2.13306350014e-10
1.41361324128e-09	9.02681936144e-10
1.41467212761e-09	1.50695249335e-09
1.41573101393e-09	1.90547541634e-09
1.41678990025e-09	2.01913966102e-09
1.41784878658e-09	1.82864126619e-09
1.4189076729e-09	1.37487950191e-09
1.41996655922e-09	7.5248295095e-10
1.42102544555e-09	8.92459162127e-11
1.42208433187e-09	-4.80139646791e-10
1.42314321819e-09	-8.40537674185e-10
1.42420210452e-09	-9.21434081813e-10
1.42526099084e-09	-7.10096596107e-10
1.42631987716e-09	-2.54404275424e-10
1.42737876348e-09	3.47485519525e-10
1.42843764981e-09	9.66214358522e-10
1.42949653613e-09	1.47152026675e-09
1.43055542245e-09	1.75756724452e-09
1.43161430878e-09	1.76658318529e-09
1.4326731951e-09	1.50233592927e-09
1.43373208142e-09	1.02631860649e-09
1.43479096775e-09	4.45380399228e-10
1.43584985407e-09	-1.12421102809e-10
1.43690874039e-09	-5.27930098942e-10
1.43796762672e-09	-7.15105391569e-10
1.43902651304e-09	-6.40210818387e-10
1.44008539936e-09	-3.29348930073e-10
1.44114428568e-09	1.40482997631e-10
1.44220317201e-09	6.58248643093e-10
1.44326205833e-09	1.10480993104e-09
1.44432094465e-09	1.38167544766e-09
1.44537983098e-09	1.43037857253e-09
1.4464387173e-09	1.24625546688e-09
1.44749760362e-09	8.77416819756e-10
1.44855648995e-09	4.12607996381e-10
1.44961537627e-09	-4.04784003625e-11
1.45067426259e-09	-3.8085092198e-10
1.45173314891e-09	-5.36047071314e-10
1.45279203524e-09	-4.78212663912e-10
1.45385092156e-09	-2.29662292656e-10
1.45490980788e-09	1.45688038022e-10
1.45596869421e-09	5.56352307973e-10
1.45702758053e-09	9.05609039148e-10
1.45808646685e-09	1.11246890866e-09
1.45914535318e-09	1.13064462653e-09
1.4602042395e-09	9.5645584508e-10
1.46126312582e-09	6.30027339327e-10
1.46232201215e-09	2.26387028915e-10
1.46338089847e-09	-1.63109956097e-10
1.46443978479e-09	-4.51081151598e-10
1.46549867111e-09	-5.73686466387e-10
1.46655755744e-09	-5.05714504995e-10
1.46761644376e-09	-2.65340357325e-10
1.46867533008e-09	8.92191234086e-11
1.46973421641e-09	4.74316662336e-10
1.47079310273e-09	8.00696613179e-10
1.47185198905e-09	9.92475421291e-10
1.47291087538e-09	1.00517954377e-09
1.4739697617e-09	8.3538016088e-10
1.47502864802e-09	5.18868149835e-10
1.47608753435e-09	1.24400280875e-10
1.47714642067e-09	-2.63478811685e-10
1.47820530699e-09	-5.63578232693e-10
1.47926419331e-09	-7.13856692508e-10
1.48032307964e-09	-6.85711376569e-10
1.48138196596e-09	-4.88578120669e-10
1.48244085228e-09	-1.67103733194e-10
1.48349973861e-09	2.0786037995e-10
1.48455862493e-09	5.56120937495e-10
1.48561751125e-09	8.04015215516e-10
1.48667639758e-09	9.00645787116e-10
1.4877352839e-09	8.26048895952e-10
1.48879417022e-09	5.96581166412e-10
1.48985305654e-09	2.58229643398e-10
1.49091194287e-09	-1.21293364241e-10
1.49197082919e-09	-4.67947274679e-10
1.49302971551e-09	-7.16069425977e-10
1.49408860184e-09	-8.20184229561e-10
1.49514748816e-09	-7.64416144966e-10
1.49620637448e-09	-5.63885748858e-10
1.49726526081e-09	-2.61610120719e-10
1.49832414713e-09	8.1033129859e-11
1.49938303345e-09	3.96986348308e-10
1.50044191978e-09	6.2559848274e-10
1.5015008061e-09	7.24801014346e-10
1.50255969242e-09	6.78415230243e-10
1.50361857874e-09	4.97928288878e-10
1.50467746507e-09	2.18802261032e-10
1.50573635139e-09	-1.06548281482e-10
1.50679523771e-09	-4.20255292372e-10
1.50785412404e-09	-6.69090779309e-10
1.50891301036e-09	-8.12618101281e-10
1.50997189668e-09	-8.30458396495e-10
1.51103078301e-09	-7.22498689348e-10
1.51208966933e-09	-5.09102867502e-10
1.51314855565e-09	-2.27237527406e-10
1.51420744198e-09	7.56328866723e-11
1.5152663283e-09	3.47822323894e-10
1.51632521462e-09	5.4193991135e-10
1.51738410094e-09	6.22783789817e-10
1.51844298727e-09	5.71969610563e-10
1.51950187359e-09	3.94096300732e-10
1.52056075991e-09	1.16481491119e-10
1.52161964624e-09	-2.14788817808e-10
1.52267853256e-09	-5.41452450584e-10
1.52373741888e-09	-8.03720843351e-10
1.52479630521e-09	-9.52050091541e-10
1.52585519153e-09	-9.55521925472e-10
1.52691407785e-09	-8.09356262566e-10
1.52797296418e-09	-5.3774328046e-10
1.5290318505e-09	-1.88801479659e-10
1.53009073682e-09	1.7282929558e-10
1.53114962314e-09	4.78255249639e-10
1.53220850947e-09	6.67322162806e-10
1.53326739579e-09	7.01102797346e-10
1.53432628211e-09	5.69883570889e-10
1.53538516844e-09	2.96651037068e-10
1.53644405476e-09	-6.81840998593e-11
1.53750294108e-09	-4.54341186201e-10
1.53856182741e-09	-7.86187087654e-10
1.53962071373e-09	-9.98428846544e-10
1.54067960005e-09	-1.04809522866e-09
1.54173848637e-09	-9.24699247729e-10
1.5427973727e-09	-6.52562299336e-10
1.54385625902e-09	-2.85102125935e-10
1.54491514534e-09	1.04239574437e-10
1.54597403167e-09	4.3810439998e-10
1.54703291799e-09	6.50470080577e-10
1.54809180431e-09	7.0103470251e-10
1.54915069064e-09	5.83291911299e-10
1.55020957696e-09	3.2521197714e-10
1.55126846328e-09	-1.76620428352e-11
1.55232734961e-09	-3.72890062578e-10
1.55338623593e-09	-6.68034835782e-10
1.55444512225e-09	-8.45638122027e-10
1.55550400857e-09	-8.7464292059e-10
1.5565628949e-09	-7.57033095933e-10
1.55762178122e-09	-5.24006522201e-10
1.55868066754e-09	-2.28817633244e-10
1.55973955387e-09	6.58564452971e-11
1.56079844019e-09	3.0281901639e-10
1.56185732651e-09	4.40719700318e-10
1.56291621284e-09	4.62460042483e-10
1.56397509916e-09	3.76679248557e-10
1.56503398548e-09	2.11619627204e-10
1.56609287181e-09	8.86969967959e-12
1.56715175813e-09	-1.87232365029e-10
1.56821064445e-09	-3.40063321252e-10
1.56926953077e-09	-4.26083210381e-10
1.5703284171e-09	-4.39018727622e-10
1.57138730342e-09	-3.88351479447e-10
1.57244618974e-09	-2.94473873237e-10
1.57350507607e-09	-1.82641186463e-10
1.57456396239e-09	-7.66975283197e-11
1.57562284871e-09	7.53653606536e-12
1.57668173504e-09	6.34346334141e-11
1.57774062136e-09	9.3417281289e-11
1.57879950768e-09	1.06130363937e-10
1.57985839401e-09	1.10962580487e-10
1.58091728033e-09	1.14800711905e-10
1.58197616665e-09	1.1822844136e-10
1.58303505297e-09	1.15498891701e-10
1.5840939393e-09	9.71158466145e-11
1.58515282562e-09	5.45177132605e-11
1.58621171194e-09	-1.61963008109e-11
1.58727059827e-09	-1.09182488137e-10
1.58832948459e-09	-2.09291864221e-10
1.58938837091e-09	-2.93397918807e-10
1.59044725724e-09	-3.36406576207e-10
1.59150614356e-09	-3.18534917193e-10
1.59256502988e-09	-2.31996042169e-10
1.5936239162e-09	-8.37407894763e-11
1.59468280253e-09	1.02154064938e-10
1.59574168885e-09	2.9033873309e-10
1.59680057517e-09	4.41121712075e-10
1.5978594615e-09	5.18522093318e-10
1.59891834782e-09	5.00986245544e-10
1.59997723414e-09	3.86772423117e-10
1.60103612047e-09	1.93924735645e-10
1.60209500679e-09	-4.02150999133e-11
1.60315389311e-09	-2.68009406335e-10
1.60421277944e-09	-4.42513001936e-10
1.60527166576e-09	-5.24688348325e-10
1.60633055208e-09	-4.95402992934e-10
1.6073894384e-09	-3.58101541476e-10
1.60844832473e-09	-1.37209823364e-10
1.60950721105e-09	1.23362893685e-10
1.61056609737e-09	3.72659451908e-10
1.6116249837e-09	5.62065866072e-10
1.61268387002e-09	6.53895215752e-10
1.61374275634e-09	6.31337839646e-10
1.61480164267e-09	4.99593463821e-10
1.61586052899e-09	2.8567899088e-10
1.61691941531e-09	3.2685536569e-11
1.61797830164e-09	-2.0920330572e-10
1.61903718796e-09	-3.93459684972e-10
1.62009607428e-09	-4.85203138084e-10
1.6211549606e-09	-4.69730053465e-10
1.62221384693e-09	-3.53542960532e-10
1.62327273325e-09	-1.62764603011e-10
1.62433161957e-09	6.24648232445e-11
1.6253905059e-09	2.77538159121e-10
1.62644939222e-09	4.43921028409e-10
1.62750827854e-09	5.33208865949e-10
1.62856716487e-09	5.35278824737e-10
1.62962605119e-09	4.56612168215e-10
1.63068493751e-09	3.17379461254e-10
1.63174382383e-09	1.46647480617e-10
1.63280271016e-09	-2.46282365161e-11
1.63386159648e-09	-1.68805740219e-10
1.6349204828e-09	-2.6608910908e-10
1.63597936913e-09	-3.06405248396e-10
1.63703825545e-09	-2.88788593733e-10
1.63809714177e-09	-2.21370140101e-10
1.6391560281e-09	-1.17951321236e-10
1.64021491442e-09	4.59559820754e-12
1.64127380074e-09	1.28637180768e-10
1.64233268707e-09	2.37367920458e-10
1.64339157339e-09	3.17659121229e-10
1.64445045971e-09	3.6021399058e-10
1.64550934603e-09	3.59455349166e-10
1.64656823236e-09	3.15002640291e-10
1.64762711868e-09	2.31186274985e-10
1.648686005e-09	1.16880839209e-10
1.64974489133e-09	-1.38109017495e-11
1.65080377765e-09	-1.44348680578e-10
1.65186266397e-09	-2.56452388839e-10
1.6529215503e-09	-3.31126686834e-10
1.65398043662e-09	-3.54530311358e-10
1.65503932294e-09	-3.18224590776e-10
1.65609820927e-09	-2.22789908917e-10
1.65715709559e-09	-8.07676746664e-11
1.65821598191e-09	8.7137828962e-11
1.65927486823e-09	2.52194818848e-10
1.66033375456e-09	3.82285873096e-10
1.66139264088e-09	4.50464127805e-10
1.6624515272e-09	4.37536219061e-10
1.66351041353e-09	3.39486338347e-10
1.66456929985e-09	1.6966492794e-10
1.66562818617e-09	-4.50732632641e-11
1.6666870725e-09	-2.65305384432e-10
1.66774595882e-09	-4.47934545358e-10
1.66880484514e-09	-5.57610853325e-10
1.66986373147e-09	-5.69869464118e-10
1.67092261779e-09	-4.80417681331e-10
1.67198150411e-09	-3.0659335834e-10
1.67304039043e-09	-8.08598526678e-11
1.67409927676e-09	1.51211906711e-10
1.67515816308e-09	3.44015716955e-10
1.6762170494e-09	4.60047947654e-10
1.67727593573e-09	4.75485307377e-10
1.67833482205e-09	3.87291344828e-10
1.67939370837e-09	2.12318837858e-10
1.6804525947e-09	-1.6636488194e-11
1.68151148102e-09	-2.5637101296e-10
1.68257036734e-09	-4.62295056403e-10
1.68362925366e-09	-5.97440236172e-10
1.68468813999e-09	-6.37886975879e-10
1.68574702631e-09	-5.7827475794e-10
1.68680591263e-09	-4.33668736338e-10
1.68786479896e-09	-2.33003913039e-10
1.68892368528e-09	-1.70565573384e-11
1.6899825716e-09	1.72501122761e-10
1.69104145793e-09	3.01611501399e-10
1.69210034425e-09	3.47934788619e-10
1.69315923057e-09	3.05703259582e-10
1.6942181169e-09	1.87098427029e-10
1.69527700322e-09	1.58830617929e-11
1.69633588954e-09	-1.74711375575e-10
1.69739477586e-09	-3.5022479708e-10
1.69845366219e-09	-4.84040744986e-10
1.69951254851e-09	-5.55711438671e-10
1.70057143483e-09	-5.58516389387e-10
1.70163032116e-09	-4.98469168719e-10
1.70268920748e-09	-3.88958282249e-10
1.7037480938e-09	-2.50791040712e-10
1.70480698013e-09	-1.07033871566e-10
1.70586586645e-09	2.08093386272e-11
1.70692475277e-09	1.15003485034e-10
1.7079836391e-09	1.62677496474e-10
1.70904252542e-09	1.59140690209e-10
1.71010141174e-09	1.04072104125e-10
1.71116029806e-09	5.392548387e-12
1.71221918439e-09	-1.23504853913e-10
1.71327807071e-09	-2.66651974806e-10
1.71433695703e-09	-4.03069192606e-10
1.71539584336e-09	-5.12772616035e-10
1.71645472968e-09	-5.78213067703e-10
1.717513616e-09	-5.84760691258e-10
1.71857250233e-09	-5.28574770758e-10
1.71963138865e-09	-4.1471313536e-10
1.72069027497e-09	-2.58167055442e-10
1.7217491613e-09	-8.43116210528e-11
1.72280804762e-09	7.72480893271e-11
1.72386693394e-09	1.96722016281e-10
1.72492582026e-09	2.48330022344e-10
1.72598470659e-09	2.17968302262e-10
1.72704359291e-09	1.0554722981e-10
1.72810247923e-09	-7.38871533401e-11
1.72916136556e-09	-2.9018257415e-10
1.73022025188e-09	-5.04479354124e-10
1.7312791382e-09	-6.75184859411e-10
1.73233802453e-09	-7.65548728576e-10
1.73339691085e-09	-7.53626050454e-10
1.73445579717e-09	-6.36121134934e-10
1.73551468349e-09	-4.30578999538e-10
1.73657356982e-09	-1.74914407611e-10
1.73763245614e-09	8.11654207386e-11
1.73869134246e-09	2.86404627445e-10
1.73975022879e-09	3.96043028233e-10
1.74080911511e-09	3.85113918186e-10
1.74186800143e-09	2.52065328679e-10
1.74292688776e-09	2.00106834315e-11
1.74398577408e-09	-2.64446744017e-10
1.7450446604e-09	-5.45127439716e-10
1.74610354673e-09	-7.63599742465e-10
1.74716243305e-09	-8.72589361878e-10
1.74822131937e-09	-8.49162344607e-10
1.74928020569e-09	-6.95591324124e-10
1.75033909202e-09	-4.41022003639e-10
1.75139797834e-09	-1.38065996136e-10
1.75245686466e-09	1.52151463737e-10
1.75351575099e-09	3.71085644851e-10
1.75457463731e-09	4.72299779147e-10
1.75563352363e-09	4.35970804596e-10
1.75669240996e-09	2.69375527093e-10
1.75775129628e-09	6.56950925951e-12
1.7588101826e-09	-2.96488849097e-10
1.75986906893e-09	-5.78010323632e-10
1.76092795525e-09	-7.79288550357e-10
1.76198684157e-09	-8.57686685563e-10
1.76304572789e-09	-7.98651214606e-10
1.76410461422e-09	-6.14335943228e-10
1.76516350054e-09	-3.4271478537e-10
1.76622238686e-09	-4.20466396076e-11
1.76728127319e-09	2.25906880875e-10
1.76834015951e-09	4.06877972287e-10
1.76939904583e-09	4.63630078773e-10
1.77045793216e-09	3.88122653808e-10
1.77151681848e-09	1.99256821112e-10
1.7725757048e-09	-6.22160229152e-11
1.77363459112e-09	-3.3795371189e-10
1.77469347745e-09	-5.70416738149e-10
1.77575236377e-09	-7.12371342471e-10
1.77681125009e-09	-7.35684402287e-10
1.77787013642e-09	-6.3983402257e-10
1.77892902274e-09	-4.47959554867e-10
1.77998790906e-09	-2.0161347071e-10
1.78104679539e-09	4.63388227529e-11
1.78210568171e-09	2.47286954802e-10
1.78316456803e-09	3.62332330806e-10
1.78422345436e-09	3.71562156043e-10
1.78528234068e-09	2.79202862219e-10
1.786341227e-09	1.07820668192e-10
1.78740011332e-09	-1.05297940506e-10
1.78845899965e-09	-3.13676699198e-10
1.78951788597e-09	-4.77452369307e-10
1.79057677229e-09	-5.64777384582e-10
1.79163565862e-09	-5.61081774791e-10
1.79269454494e-09	-4.71692393478e-10
1.79375343126e-09	-3.16853619731e-10
1.79481231759e-09	-1.2916707981e-10
1.79587120391e-09	5.32741259961e-11
1.79693009023e-09	1.9689427172e-10
1.79798897656e-09	2.76146813749e-10
1.79904786288e-09	2.78651698937e-10
1.8001067492e-09	2.09374999977e-10
1.80116563552e-09	8.48867174469e-11
1.80222452185e-09	-6.92198772259e-11
1.80328340817e-09	-2.20880806701e-10
1.80434229449e-09	-3.43387842466e-10
1.80540118082e-09	-4.16228815303e-10
1.80646006714e-09	-4.27656549062e-10
1.80751895346e-09	-3.79008775753e-10
1.80857783979e-09	-2.80510113401e-10
1.80963672611e-09	-1.49891625154e-10
1.81069561243e-09	-1.13355247498e-11
1.81175449876e-09	1.12404360125e-10
1.81281338508e-09	2.01237200514e-10
1.8138722714e-09	2.39503994762e-10
1.81493115772e-09	2.2239243086e-10
1.81599004405e-09	1.52055602484e-10
1.81704893037e-09	4.0137672591e-11
1.81810781669e-09	-9.291174774e-11
1.81916670302e-09	-2.25367547541e-10
1.82022558934e-09	-3.33089646143e-10
1.82128447566e-09	-3.95202438483e-10
1.82234336199e-09	-4.00710869e-10
1.82340224831e-09	-3.4539158339e-10
1.82446113463e-09	-2.37437166282e-10
1.82552002095e-09	-9.58299728633e-11
1.82657890728e-09	5.55236594549e-11
1.8276377936e-09	1.88311621505e-10
1.82869667992e-09	2.75940638395e-10
1.82975556625e-09	3.01843879752e-10
1.83081445257e-09	2.57942709726e-10
1.83187333889e-09	1.49673399542e-10
1.83293222522e-09	-3.13687454918e-12
1.83399111154e-09	-1.74291395552e-10
1.83504999786e-09	-3.30091984996e-10
1.83610888419e-09	-4.39820693754e-10
1.83716777051e-09	-4.81369274302e-10
1.83822665683e-09	-4.42631244157e-10
1.83928554315e-09	-3.28779909547e-10
1.84034442948e-09	-1.60231523362e-10
1.8414033158e-09	3.21883728439e-11
1.84246220212e-09	2.09881091673e-10
1.84352108845e-09	3.36691074326e-10
1.84457997477e-09	3.85765173277e-10
1.84563886109e-09	3.44239652408e-10
1.84669774742e-09	2.17117359681e-10
1.84775663374e-09	2.96261630679e-11
1.84881552006e-09	-1.83549832451e-10
1.84987440639e-09	-3.78587711528e-10
1.85093329271e-09	-5.15287385677e-10
1.85199217903e-09	-5.66562415039e-10
1.85305106535e-09	-5.19428857565e-10
1.85410995168e-09	-3.82443778035e-10
1.855168838e-09	-1.84236804632e-10
1.85622772432e-09	3.65366461044e-11
1.85728661065e-09	2.34107133852e-10
1.85834549697e-09	3.67683111388e-10
1.85940438329e-09	4.11180115997e-10
1.86046326962e-09	3.54142371678e-10
1.86152215594e-09	2.07479254263e-10
1.86258104226e-09	2.2406714071e-12
1.86363992859e-09	-2.22350172129e-10
1.86469881491e-09	-4.20036451801e-10
1.86575770123e-09	-5.51372825869e-10
1.86681658755e-09	-5.91725057841e-10
1.86787547388e-09	-5.3250499496e-10
1.8689343602e-09	-3.87555095654e-10
1.86999324652e-09	-1.87723083606e-10
1.87105213285e-09	2.7010921928e-11
1.87211101917e-09	2.11408746412e-10
1.87316990549e-09	3.28249040796e-10
1.87422879182e-09	3.55523128298e-10
1.87528767814e-09	2.87590994422e-10
1.87634656446e-09	1.40321642327e-10
1.87740545078e-09	-5.43661281358e-11
1.87846433711e-09	-2.57435591941e-10
1.87952322343e-09	-4.26442842844e-10
1.88058210975e-09	-5.2783708307e-10
1.88164099608e-09	-5.4500163757e-10
1.8826998824e-09	-4.76609900851e-10
1.88375876872e-09	-3.41340298041e-10
1.88481765505e-09	-1.70441799563e-10
1.88587654137e-09	3.30616393637e-13
1.88693542769e-09	1.348565426e-10
1.88799431402e-09	2.07623203352e-10
1.88905320034e-09	2.08104873611e-10
1.89011208666e-09	1.39503657758e-10
1.89117097298e-09	1.99442840715e-11
1.89222985931e-09	-1.22801413135e-10
1.89328874563e-09	-2.59730839267e-10
1.89434763195e-09	-3.63401954362e-10
1.89540651828e-09	-4.15602770948e-10
1.8964654046e-09	-4.11870967887e-10
1.89752429092e-09	-3.56377679103e-10
1.89858317725e-09	-2.66324949941e-10
1.89964206357e-09	-1.64525947553e-10
1.90070094989e-09	-7.1963641643e-11
1.90175983622e-09	-8.45897386425e-12
1.90281872254e-09	1.61495899119e-11
1.90387760886e-09	2.710703786e-12
1.90493649518e-09	-4.17983438659e-11
1.90599538151e-09	-1.02431669917e-10
1.90705426783e-09	-1.627235343e-10
1.90811315415e-09	-2.10689073826e-10
1.90917204048e-09	-2.37271115949e-10
1.9102309268e-09	-2.41657418035e-10
1.91128981312e-09	-2.3059745953e-10
1.91234869945e-09	-2.11140823575e-10
1.91340758577e-09	-1.93624134087e-10
1.91446647209e-09	-1.85313305499e-10
1.91552535841e-09	-1.86950215725e-10
1.91658424474e-09	-1.96480894055e-10
1.91764313106e-09	-2.07049788772e-10
1.91870201738e-09	-2.09918667518e-10
1.91976090371e-09	-2.00513135609e-10
1.92081979003e-09	-1.76671061461e-10
1.92187867635e-09	-1.41437351414e-10
1.92293756268e-09	-1.03959165929e-10
1.923996449e-09	-7.33675837097e-11
1.92505533532e-09	-6.04559106769e-11
1.92611422165e-09	-7.36494342075e-11
1.92717310797e-09	-1.1248355242e-10
1.92823199429e-09	-1.73038288559e-10
1.92929088061e-09	-2.4380643511e-10
1.93034976694e-09	-3.08673194643e-10
1.93140865326e-09	-3.53898662112e-10
1.93246753958e-09	-3.65866016303e-10
1.93352642591e-09	-3.3859971077e-10
1.93458531223e-09	-2.75987203577e-10
1.93564419855e-09	-1.87802041279e-10
1.93670308488e-09	-9.15455766748e-11
1.9377619712e-09	-8.52122712669e-12
1.93882085752e-09	4.32915587059e-11
1.93987974385e-09	5.0646025351e-11
1.94093863017e-09	9.65654682952e-12
1.94199751649e-09	-7.14271588924e-11
1.94305640281e-09	-1.77481031607e-10
1.94411528914e-09	-2.8618810273e-10
1.94517417546e-09	-3.7336876299e-10
1.94623306178e-09	-4.21086297775e-10
1.94729194811e-09	-4.18154025295e-10
1.94835083443e-09	-3.64406942122e-10
1.94940972075e-09	-2.72998120637e-10
1.95046860708e-09	-1.6165133121e-10
1.9515274934e-09	-5.38878603198e-11
1.95258637972e-09	2.79601681434e-11
1.95364526605e-09	6.89208282459e-11
1.95470415237e-09	6.17305750787e-11
1.95576303869e-09	8.73370418954e-12
1.95682192501e-09	-7.56645210896e-11
1.95788081134e-09	-1.74662562191e-10
1.95893969766e-09	-2.67232205114e-10
1.95999858398e-09	-3.34435304103e-10
1.96105747031e-09	-3.65591581314e-10
1.96211635663e-09	-3.55609599059e-10
1.96317524295e-09	-3.08610846947e-10
1.96423412928e-09	-2.36945399065e-10
1.9652930156e-09	-1.54689081856e-10
1.96635190192e-09	-7.80500481953e-11
1.96741078824e-09	-2.18086898367e-11
1.96846967457e-09	6.73680935256e-12
1.96952856089e-09	4.49171662321e-12
1.97058744721e-09	-2.5161246784e-11
1.97164633354e-09	-7.22129838565e-11
1.97270521986e-09	-1.26968435765e-10
1.97376410618e-09	-1.78224915728e-10
1.97482299251e-09	-2.15831985964e-10
1.97588187883e-09	-2.37197263567e-10
1.97694076515e-09	-2.40005196273e-10
1.97799965148e-09	-2.2704359226e-10
1.9790585378e-09	-2.04089076368e-10
1.98011742412e-09	-1.75137893771e-10
1.98117631044e-09	-1.45250325656e-10
1.98223519677e-09	-1.183935016e-10
1.98329408309e-09	-9.4368332159e-11
1.98435296941e-09	-7.50229353468e-11
1.98541185574e-09	-6.04759471667e-11
1.98647074206e-09	-5.02581045357e-11
1.98752962838e-09	-4.73893819151e-11
1.98858851471e-09	-5.26864814797e-11
1.98964740103e-09	-6.69484081887e-11
1.99070628735e-09	-9.13149512602e-11
1.99176517368e-09	-1.2270468322e-10
1.99282406e-09	-1.57517406237e-10
1.99388294632e-09	-1.90261173136e-10
1.99494183264e-09	-2.12976543519e-10
1.99600071897e-09	-2.20476614396e-10
1.99705960529e-09	-2.09461609516e-10
1.99811849161e-09	-1.78150030318e-10
1.99917737794e-09	-1.31117659265e-10
2.00023626426e-09	-7.5472136353e-11
2.00129515058e-09	-1.98752566054e-11
2.00235403691e-09	2.41981613783e-11
2.00341292323e-09	4.78459702413e-11
2.00447180955e-09	4.58377760661e-11
2.00553069588e-09	1.52850887329e-11
2.0065895822e-09	-3.775822233e-11
2.00764846852e-09	-1.04384960745e-10
2.00870735484e-09	-1.72949132446e-10
2.00976624117e-09	-2.27653377052e-10
2.01082512749e-09	-2.58104534273e-10
2.01188401381e-09	-2.57252521368e-10
2.01294290014e-09	-2.22632641489e-10
2.01400178646e-09	-1.61243061438e-10
2.01506067278e-09	-8.42170352552e-11
2.01611955911e-09	-5.68870775139e-12
2.01717844543e-09	5.76261408383e-11
2.01823733175e-09	9.38454192828e-11
2.01929621807e-09	9.62196520377e-11
2.0203551044e-09	6.35198599448e-11
2.02141399072e-09	4.02774504287e-12
2.02247287704e-09	-7.03909469775e-11
2.02353176337e-09	-1.45482292012e-10
2.02459064969e-09	-2.0486581355e-10
2.02564953601e-09	-2.38893247198e-10
2.02670842234e-09	-2.415116232e-10
2.02776730866e-09	-2.12851037143e-10
2.02882619498e-09	-1.60344586567e-10
2.02988508131e-09	-9.43215037325e-11
2.03094396763e-09	-2.71809574631e-11
2.03200285395e-09	2.72768053804e-11
2.03306174027e-09	6.13060257941e-11
2.0341206266e-09	6.96812182607e-11
2.03517951292e-09	5.12729186365e-11
2.03623839924e-09	1.32214351229e-11
2.03729728557e-09	-3.70454695565e-11
2.03835617189e-09	-8.96993061425e-11
2.03941505821e-09	-1.34731493323e-10
2.04047394454e-09	-1.65694714026e-10
2.04153283086e-09	-1.78628003882e-10
2.04259171718e-09	-1.72717585893e-10
2.04365060351e-09	-1.52228923044e-10
2.04470948983e-09	-1.21344147404e-10
2.04576837615e-09	-8.59986530773e-11
2.04682726247e-09	-5.29316230603e-11
2.0478861488e-09	-2.5309178581e-11
2.04894503512e-09	-6.08687910188e-12
2.05000392144e-09	2.91713156316e-12
2.05106280777e-09	3.64507371769e-12
2.05212169409e-09	-4.5401041867e-12
2.05318058041e-09	-2.03242080284e-11
2.05423946674e-09	-4.14345229134e-11
2.05529835306e-09	-6.73539141127e-11
2.05635723938e-09	-9.60122762544e-11
2.0574161257e-09	-1.23068998568e-10
2.05847501203e-09	-1.46241473792e-10
2.05953389835e-09	-1.61105346078e-10
2.06059278467e-09	-1.63901682157e-10
2.061651671e-09	-1.53774788909e-10
2.06271055732e-09	-1.29107533692e-10
2.06376944364e-09	-9.31732720491e-11
2.06482832997e-09	-5.18150925811e-11
2.06588721629e-09	-1.11777467707e-11
2.06694610261e-09	2.06983077325e-11
2.06800498894e-09	3.70625584259e-11
2.06906387526e-09	3.40145822749e-11
2.07012276158e-09	9.55698898925e-12
2.0711816479e-09	-3.27334212253e-11
2.07224053423e-09	-8.56605303183e-11
2.07329942055e-09	-1.41073976286e-10
2.07435830687e-09	-1.87917460238e-10
2.0754171932e-09	-2.17210329584e-10
2.07647607952e-09	-2.23625548634e-10
2.07753496584e-09	-2.03950516198e-10
2.07859385217e-09	-1.61867880211e-10
2.07965273849e-09	-1.04803613704e-10
2.08071162481e-09	-4.27680000789e-11
2.08177051114e-09	1.14158447235e-11
2.08282939746e-09	4.76078631812e-11
2.08388828378e-09	5.90614954946e-11
2.0849471701e-09	4.25463852517e-11
2.08600605643e-09	1.74905630344e-12
2.08706494275e-09	-5.54072738211e-11
2.08812382907e-09	-1.19236843489e-10
2.0891827154e-09	-1.77126327494e-10
2.09024160172e-09	-2.18951693581e-10
2.09130048804e-09	-2.38099557431e-10
2.09235937437e-09	-2.31340537005e-10
2.09341826069e-09	-2.01242220804e-10
2.09447714701e-09	-1.5410200286e-10
2.09553603334e-09	-9.82734622845e-11
2.09659491966e-09	-4.50127895027e-11
2.09765380598e-09	-2.42026602752e-12
2.0987126923e-09	2.32598437039e-11
2.09977157863e-09	2.76216171246e-11
2.10083046495e-09	1.14284884453e-11
2.10188935127e-09	-2.17457911487e-11
2.1029482376e-09	-6.70739236722e-11
2.10400712392e-09	-1.15993578458e-10
2.10506601024e-09	-1.61343960761e-10
2.10612489657e-09	-1.97491349663e-10
2.10718378289e-09	-2.18174150621e-10
2.10824266921e-09	-2.21362515124e-10
2.10930155553e-09	-2.07587015286e-10
2.11036044186e-09	-1.77783958562e-10
2.11141932818e-09	-1.37283117166e-10
2.1124782145e-09	-9.19596443265e-11
2.11353710083e-09	-4.71258487962e-11
2.11459598715e-09	-1.10051779972e-11
2.11565487347e-09	1.16038485651e-11
2.1167137598e-09	1.72916271959e-11
2.11777264612e-09	2.79203819353e-12
2.11883153244e-09	-2.94336382524e-11
2.11989041877e-09	-7.55150104774e-11
2.12094930509e-09	-1.29436840586e-10
2.12200819141e-09	-1.81551526417e-10
2.12306707773e-09	-2.23943077624e-10
2.12412596406e-09	-2.48635233929e-10
2.12518485038e-09	-2.49724605578e-10
2.1262437367e-09	-2.27060252544e-10
2.12730262303e-09	-1.82422416582e-10
2.12836150935e-09	-1.22218707377e-10
2.12942039567e-09	-5.76773585489e-11
2.130479282e-09	1.34166571082e-12
2.13153816832e-09	4.32515521879e-11
2.13259705464e-09	5.94460346833e-11
2.13365594097e-09	4.66401460638e-11
2.13471482729e-09	5.57636879381e-12
2.13577371361e-09	-5.72538860939e-11
2.13683259993e-09	-1.29722368264e-10
2.13789148626e-09	-1.99981895627e-10
2.13895037258e-09	-2.54442364747e-10
2.1400092589e-09	-2.82176447139e-10
2.14106814523e-09	-2.78579376581e-10
2.14212703155e-09	-2.4298679388e-10
2.14318591787e-09	-1.81331305873e-10
2.1442448042e-09	-1.05933477268e-10
2.14530369052e-09	-2.86479663776e-11
2.14636257684e-09	3.55287247105e-11
2.14742146317e-09	7.47271775708e-11
2.14848034949e-09	8.32041770552e-11
2.14953923581e-09	5.90876160934e-11
2.15059812213e-09	6.74380305288e-12
2.15165700846e-09	-6.3262162002e-11
2.15271589478e-09	-1.38967897953e-10
2.1537747811e-09	-2.06856217919e-10
2.15483366743e-09	-2.5438425498e-10
2.15589255375e-09	-2.74040090967e-10
2.15695144007e-09	-2.62534995479e-10
2.1580103264e-09	-2.21142212181e-10
2.15906921272e-09	-1.58592431722e-10
2.16012809904e-09	-8.49414774629e-11
2.16118698536e-09	-1.33904287398e-11
2.16224587169e-09	4.38663758096e-11
2.16330475801e-09	7.82816840864e-11
2.16436364433e-09	8.38866675776e-11
2.16542253066e-09	6.09195747233e-11
2.16648141698e-09	1.40328039987e-11
2.1675403033e-09	-4.88942050909e-11
2.16859918963e-09	-1.16674697681e-10
2.16965807595e-09	-1.77904175766e-10
2.17071696227e-09	-2.22944622832e-10
2.1717758486e-09	-2.44298206664e-10
2.17283473492e-09	-2.3812017462e-10
2.17389362124e-09	-2.06158420196e-10
2.17495250756e-09	-1.52774980167e-10
2.17601139389e-09	-8.71172760666e-11
2.17707028021e-09	-1.92308645137e-11
2.17812916653e-09	4.08161818146e-11
2.17918805286e-09	8.20674370475e-11
2.18024693918e-09	9.82622282153e-11
2.1813058255e-09	8.64923566796e-11
2.18236471183e-09	4.81857353497e-11
2.18342359815e-09	-1.01110362487e-11
2.18448248447e-09	-7.84538428146e-11
2.1855413708e-09	-1.4549020582e-10
2.18660025712e-09	-1.99238760906e-10
2.18765914344e-09	-2.30123352665e-10
2.18871802976e-09	-2.32986251819e-10
2.18977691609e-09	-2.05584159071e-10
2.19083580241e-09	-1.53484146399e-10
2.19189468873e-09	-8.49988590797e-11
2.19295357506e-09	-1.0489924142e-11
2.19401246138e-09	5.57826337205e-11
2.1950713477e-09	1.03641656021e-10
2.19613023403e-09	1.24948764009e-10
2.19718912035e-09	1.1572782576e-10
2.19824800667e-09	7.76066333592e-11
2.19930689299e-09	1.74232925179e-11
2.20036577932e-09	-5.49125324205e-11
2.20142466564e-09	-1.25915004985e-10
2.20248355196e-09	-1.83687801948e-10
2.20354243829e-09	-2.18252088277e-10
2.20460132461e-09	-2.22265971253e-10
2.20566021093e-09	-1.95478809355e-10
2.20671909726e-09	-1.42449412509e-10
2.20777798358e-09	-7.14953903372e-11
2.2088368699e-09	3.6928441533e-12
2.20989575623e-09	7.10706905653e-11
2.21095464255e-09	1.19246950855e-10
2.21201352887e-09	1.39867385902e-10
2.21307241519e-09	1.30428353014e-10
2.21413130152e-09	9.27709749299e-11
2.21519018784e-09	3.33252536894e-11
2.21624907416e-09	-3.64068874874e-11
2.21730796049e-09	-1.05244004484e-10
2.21836684681e-09	-1.61659786252e-10
2.21942573313e-09	-1.95123282115e-10
2.22048461946e-09	-2.01515585468e-10
2.22154350578e-09	-1.79173864114e-10
2.2226023921e-09	-1.31392230429e-10
2.22366127843e-09	-6.70692984657e-11
2.22472016475e-09	3.72620727676e-12
2.22577905107e-09	6.91066878201e-11
2.22683793739e-09	1.17996205688e-10
2.22789682372e-09	1.43124221676e-10
2.22895571004e-09	1.40064677738e-10
2.23001459636e-09	1.08984560092e-10
2.23107348269e-09	5.5948316726e-11
2.23213236901e-09	-1.03379774359e-11
2.23319125533e-09	-7.92734970549e-11
2.23425014166e-09	-1.37982764103e-10
2.23530902798e-09	-1.77649074271e-10
2.2363679143e-09	-1.91085559702e-10
2.23742680063e-09	-1.75665581907e-10
2.23848568695e-09	-1.34941347159e-10
2.23954457327e-09	-7.44721836282e-11
2.24060345959e-09	-4.78087903467e-12
2.24166234592e-09	6.25001821131e-11
2.24272123224e-09	1.16663424581e-10
2.24378011856e-09	1.48335845343e-10
2.24483900489e-09	1.51929285992e-10
2.24589789121e-09	1.27079928178e-10
2.24695677753e-09	7.76665311925e-11
2.24801566386e-09	1.14960597465e-11
2.24907455018e-09	-5.98630112494e-11
2.2501334365e-09	-1.2468026004e-10
2.25119232282e-09	-1.71818898519e-10
2.25225120915e-09	-1.92447887487e-10
2.25331009547e-09	-1.83705001731e-10
2.25436898179e-09	-1.45725144625e-10
2.25542786812e-09	-8.54088943666e-11
2.25648675444e-09	-1.3286611286e-11
2.25754564076e-09	5.8983687292e-11
2.25860452709e-09	1.18834226313e-10
2.25966341341e-09	1.55739557535e-10
2.26072229973e-09	1.63496703155e-10
2.26178118606e-09	1.40625550267e-10
2.26284007238e-09	9.03873386728e-11
2.2638989587e-09	2.19869264939e-11
2.26495784502e-09	-5.35090101568e-11
2.26601673135e-09	-1.23283735651e-10
2.26707561767e-09	-1.75093874295e-10
2.26813450399e-09	-2.00069030787e-10
2.26919339032e-09	-1.93481221496e-10
2.27025227664e-09	-1.56670376325e-10
2.27131116296e-09	-9.5170306965e-11
2.27237004929e-09	-1.91926576628e-11
2.27342893561e-09	5.75856580302e-11
2.27448782193e-09	1.22373134195e-10
2.27554670826e-09	1.63790187142e-10
2.27660559458e-09	1.73475960159e-10
2.2776644809e-09	1.50275972222e-10
2.27872336722e-09	9.72549575595e-11
2.27978225355e-09	2.34174405127e-11
2.28084113987e-09	-5.81387759116e-11
2.28190002619e-09	-1.33429610243e-10
2.28295891252e-09	-1.89229203487e-10
2.28401779884e-09	-2.14718318646e-10
2.28507668516e-09	-2.058079384e-10
2.28613557149e-09	-1.63640969698e-10
2.28719445781e-09	-9.55110508911e-11
2.28825334413e-09	-1.35667536233e-11
2.28931223046e-09	6.80300911091e-11
2.29037111678e-09	1.34808123865e-10
2.2914300031e-09	1.74398061964e-10
2.29248888942e-09	1.79817241826e-10
2.29354777575e-09	1.49725638138e-10
2.29460666207e-09	8.87584758295e-11
2.29566554839e-09	8.19077271286e-12
2.29672443472e-09	-7.80828995212e-11
2.29778332104e-09	-1.54720229684e-10
2.29884220736e-09	-2.07156375387e-10
2.29990109369e-09	-2.25940341089e-10
2.30095998001e-09	-2.07390375706e-10
2.30201886633e-09	-1.54857074212e-10
2.30307775265e-09	-7.79479510452e-11
2.30413663898e-09	9.86287603238e-12
2.3051955253e-09	9.16347900337e-11
2.30625441162e-09	1.52431185729e-10
2.30731329795e-09	1.81245902835e-10
2.30837218427e-09	1.73049176551e-10
2.30943107059e-09	1.29197041086e-10
2.31048995692e-09	5.84184224432e-11
2.31154884324e-09	-2.65011942512e-11
2.31260772956e-09	-1.10095793593e-10
2.31366661589e-09	-1.7631648138e-10
2.31472550221e-09	-2.14019395955e-10
2.31578438853e-09	-2.15545107804e-10
2.31684327485e-09	-1.81427208326e-10
2.31790216118e-09	-1.18643705103e-10
2.3189610475e-09	-3.81696501663e-11
2.32001993382e-09	4.43739333472e-11
2.32107882015e-09	1.13428900821e-10
2.32213770647e-09	1.57537274892e-10
2.32319659279e-09	1.67558525214e-10
2.32425547912e-09	1.42636555345e-10
2.32531436544e-09	8.77565411832e-11
2.32637325176e-09	1.41617165043e-11
2.32743213809e-09	-6.40720068147e-11
2.32849102441e-09	-1.32105995414e-10
2.32954991073e-09	-1.7776500931e-10
2.33060879705e-09	-1.92613543171e-10
2.33166768338e-09	-1.7484785321e-10
2.3327265697e-09	-1.28868632779e-10
2.33378545602e-09	-6.37045772037e-11
2.33484434235e-09	7.7589748862e-12
2.33590322867e-09	7.23798304278e-11
2.33696211499e-09	1.18594400793e-10
2.33802100132e-09	1.3846224254e-10
2.33907988764e-09	1.29127020708e-10
2.34013877396e-09	9.35281080014e-11
2.34119766028e-09	3.91304363044e-11
2.34225654661e-09	-2.3220731761e-11
2.34331543293e-09	-8.18200871638e-11
2.34437431925e-09	-1.25741095487e-10
2.34543320558e-09	-1.47157547432e-10
2.3464920919e-09	-1.43006848551e-10
2.34755097822e-09	-1.15255006927e-10
2.34860986455e-09	-6.92705029622e-11
2.34966875087e-09	-1.49785199435e-11
2.35072763719e-09	3.77493277522e-11
2.35178652352e-09	7.91604477281e-11
2.35284540984e-09	1.02316951352e-10
2.35390429616e-09	1.03993495672e-10
2.35496318248e-09	8.50727318452e-11
2.35602206881e-09	4.96579591683e-11
2.35708095513e-09	5.91913806381e-12
2.35813984145e-09	-3.76027123935e-11
2.35919872778e-09	-7.37465292826e-11
2.3602576141e-09	-9.48823307249e-11
2.36131650042e-09	-9.86532912653e-11
2.36237538675e-09	-8.52186060434e-11
2.36343427307e-09	-5.68606750226e-11
2.36449315939e-09	-2.00924455025e-11
2.36555204572e-09	1.81495613894e-11
2.36661093204e-09	5.11663367925e-11
2.36766981836e-09	7.25060129124e-11
2.36872870468e-09	8.00522048823e-11
2.36978759101e-09	7.23815386967e-11
2.37084647733e-09	5.17498210083e-11
2.37190536365e-09	2.32520593491e-11
2.37296424998e-09	-7.15137733645e-12
2.3740231363e-09	-3.44809170365e-11
2.37508202262e-09	-5.24615780505e-11
2.37614090895e-09	-5.84030983297e-11
2.37719979527e-09	-5.17535732152e-11
2.37825868159e-09	-3.33229656976e-11
2.37931756792e-09	-8.0175692474e-12
2.38037645424e-09	1.97154571314e-11
2.38143534056e-09	4.45502699401e-11
2.38249422688e-09	6.11619301212e-11
2.38355311321e-09	6.7741351157e-11
2.38461199953e-09	6.29355322197e-11
2.38567088585e-09	4.81682150763e-11
2.38672977218e-09	2.71333955738e-11
2.3877886585e-09	4.51025816087e-12
2.38884754482e-09	-1.52262004003e-11
2.38990643115e-09	-2.75228034807e-11
2.39096531747e-09	-2.97269669818e-11
2.39202420379e-09	-2.16605607149e-11
2.39308309011e-09	-4.39754675274e-12
2.39414197644e-09	1.7336995446e-11
2.39520086276e-09	3.99313902257e-11
2.39625974908e-09	5.86396460903e-11
2.39731863541e-09	6.87909200089e-11
2.39837752173e-09	6.91401142068e-11
2.39943640805e-09	5.9596917245e-11
2.40049529438e-09	4.21325687013e-11
2.4015541807e-09	2.1225432436e-11
2.40261306702e-09	9.84573113685e-13
2.40367195335e-09	-1.41393845417e-11
2.40473083967e-09	-1.95245697865e-11
2.40578972599e-09	-1.48483133341e-11
2.40684861231e-09	4.835824395e-13
2.40790749864e-09	2.30599159559e-11
2.40896638496e-09	4.74626648747e-11
2.41002527128e-09	6.98649827227e-11
2.41108415761e-09	8.50916164787e-11
2.41214304393e-09	8.8842414328e-11
2.41320193025e-09	8.15245509989e-11
2.41426081658e-09	6.3674273753e-11
2.4153197029e-09	3.88683391028e-11
2.41637858922e-09	1.30394224064e-11
2.41743747555e-09	-9.28508311904e-12
2.41849636187e-09	-2.25908008663e-11
2.41955524819e-09	-2.30427429524e-11
2.42061413451e-09	-1.12325474172e-11
2.42167302084e-09	1.18234864174e-11
2.42273190716e-09	4.18940689431e-11
2.42379079348e-09	7.18053620036e-11
2.42484967981e-09	9.73379710167e-11
2.42590856613e-09	1.12115331775e-10
2.42696745245e-09	1.12990740028e-10
2.42802633878e-09	1.00224331005e-10
2.4290852251e-09	7.48925392188e-11
2.43014411142e-09	4.27378230462e-11
2.43120299775e-09	1.02347463187e-11
2.43226188407e-09	-1.65900462313e-11
2.43332077039e-09	-3.17609509656e-11
2.43437965671e-09	-3.16044449725e-11
2.43543854304e-09	-1.66555720496e-11
2.43649742936e-09	1.15273530738e-11
2.43755631568e-09	4.75097968779e-11
2.43861520201e-09	8.36574121608e-11
2.43967408833e-09	1.14209977413e-10
2.44073297465e-09	1.32164317684e-10
2.44179186098e-09	1.3386446205e-10
2.4428507473e-09	1.19803019068e-10
2.44390963362e-09	9.11198460435e-11
2.44496851994e-09	5.40012284021e-11
2.44602740627e-09	1.58411268044e-11
2.44708629259e-09	-1.67939953936e-11
2.44814517891e-09	-3.63107346925e-11
2.44920406524e-09	-3.91072550862e-11
2.45026295156e-09	-2.50926841697e-11
2.45132183788e-09	4.34496817865e-12
2.45238072421e-09	4.28444319953e-11
2.45343961053e-09	8.26947820116e-11
2.45449849685e-09	1.17656185142e-10
2.45555738318e-09	1.39724489791e-10
2.4566162695e-09	1.44878735744e-10
2.45767515582e-09	1.33341638078e-10
2.45873404214e-09	1.056309493e-10
2.45979292847e-09	6.79925464889e-11
2.46085181479e-09	2.7986682416e-11
2.46191070111e-09	-7.75653673235e-12
2.46296958744e-09	-3.1244426317e-11
2.46402847376e-09	-3.84997592617e-11
2.46508736008e-09	-2.89164060535e-11
2.46614624641e-09	-3.09847986027e-12
2.46720513273e-09	3.28381191596e-11
2.46826401905e-09	7.17928364327e-11
2.46932290538e-09	1.0763204477e-10
2.4703817917e-09	1.31740481371e-10
2.47144067802e-09	1.40622287252e-10
2.47249956434e-09	1.33867811801e-10
2.47355845067e-09	1.11515846904e-10
2.47461733699e-09	7.95756412153e-11
2.47567622331e-09	4.40356444885e-11
2.47673510964e-09	1.07705002686e-11
2.47779399596e-09	-1.29309898293e-11
2.47885288228e-09	-2.37411381786e-11
2.47991176861e-09	-2.03247516473e-11
2.48097065493e-09	-3.10454185146e-12
2.48202954125e-09	2.33330546724e-11
2.48308842757e-09	5.37360355865e-11
2.4841473139e-09	8.35773880659e-11
2.48520620022e-09	1.06249895167e-10
2.48626508654e-09	1.18551509755e-10
2.48732397287e-09	1.19799952944e-10
2.48838285919e-09	1.08531506698e-10
2.48944174551e-09	8.88951343092e-11
2.49050063184e-09	6.46161743903e-11
2.49155951816e-09	3.93653083221e-11
2.49261840448e-09	1.83970972137e-11
2.49367729081e-09	4.39816558824e-12
2.49473617713e-09	-1.42030362623e-12
2.49579506345e-09	2.42103627185e-12
2.49685394977e-09	1.38795795603e-11
2.4979128361e-09	3.03902497785e-11
2.49897172242e-09	5.07850597513e-11
2.50003060874e-09	6.96100165357e-11
2.50108949507e-09	8.52948206856e-11
2.50214838139e-09	9.65613353165e-11
2.50320726771e-09	9.98434867769e-11
2.50426615404e-09	9.69193345371e-11
2.50532504036e-09	8.83506349678e-11
2.50638392668e-09	7.34334095268e-11
2.50744281301e-09	5.65663395031e-11
2.50850169933e-09	3.87016571134e-11
2.50956058565e-09	2.21027291521e-11
2.51061947197e-09	1.10202742114e-11
2.5116783583e-09	5.39459194546e-12
2.51273724462e-09	7.11530118679e-12
2.51379613094e-09	1.72035293997e-11
2.51485501727e-09	3.27653685434e-11
2.51591390359e-09	5.27217167492e-11
2.51697278991e-09	7.4504381397e-11
2.51803167624e-09	9.25009751955e-11
2.51909056256e-09	1.05051719927e-10
2.52014944888e-09	1.09607534854e-10
2.52120833521e-09	1.03141141461e-10
2.52226722153e-09	8.83996716973e-11
2.52332610785e-09	6.6860003211e-11
2.52438499417e-09	4.16322185059e-11
2.5254438805e-09	1.88915001264e-11
2.52650276682e-09	1.22781071334e-12
2.52756165314e-09	-7.05845324138e-12
2.52862053947e-09	-3.00448140217e-12
2.52967942579e-09	1.06288682283e-11
2.53073831211e-09	3.35188821143e-11
2.53179719844e-09	6.08628251964e-11
2.53285608476e-09	8.68312453189e-11
2.53391497108e-09	1.07898450591e-10
2.5349738574e-09	1.18871083116e-10
2.53603274373e-09	1.17288919028e-10
2.53709163005e-09	1.04607320202e-10
2.53815051637e-09	8.22803171083e-11
2.5392094027e-09	5.43954273985e-11
2.54026828902e-09	2.88530390986e-11
2.54132717534e-09	8.03870219088e-12
2.54238606167e-09	-3.03921766768e-12
2.54344494799e-09	-1.1060108653e-12
2.54450383431e-09	1.05037245178e-11
2.54556272064e-09	3.17076339143e-11
2.54662160696e-09	5.74202352333e-11
2.54768049328e-09	8.0935568577e-11
2.5487393796e-09	1.00342105284e-10
2.54979826593e-09	1.10494875402e-10
2.55085715225e-09	1.09706244089e-10
2.55191603857e-09	1.00601739612e-10
2.5529749249e-09	8.40468927094e-11
2.55403381122e-09	6.39981041252e-11
2.55509269754e-09	4.60340437644e-11
2.55615158387e-09	3.1248765511e-11
2.55721047019e-09	2.3516782922e-11
2.55826935651e-09	2.40529195953e-11
2.55932824284e-09	3.02165202581e-11
2.56038712916e-09	4.22200855006e-11
2.56144601548e-09	5.65548940144e-11
2.5625049018e-09	6.90036912158e-11
2.56356378813e-09	7.97477387945e-11
2.56462267445e-09	8.56866036458e-11
2.56568156077e-09	8.64799959074e-11
2.5667404471e-09	8.50027322835e-11
2.56779933342e-09	8.06067877376e-11
2.56885821974e-09	7.50958535807e-11
2.56991710607e-09	7.13282722817e-11
2.57097599239e-09	6.70132911836e-11
2.57203487871e-09	6.44339837562e-11
2.57309376504e-09	6.2732100764e-11
2.57415265136e-09	5.96189386921e-11
2.57521153768e-09	5.72523695119e-11
2.576270424e-09	5.45900876586e-11
2.57732931033e-09	5.16686901597e-11
2.57838819665e-09	5.136119351e-11
2.57944708297e-09	5.35607751727e-11
2.5805059693e-09	5.89286774759e-11
2.58156485562e-09	6.87550025594e-11
2.58262374194e-09	8.02669901032e-11
2.58368262827e-09	9.16791174227e-11
2.58474151459e-09	1.02182474288e-10
2.58580040091e-09	1.06873955866e-10
2.58685928723e-09	1.05735605167e-10
2.58791817356e-09	9.85173444559e-11
2.58897705988e-09	8.39218013658e-11
2.5900359462e-09	6.72236428849e-11
2.59109483253e-09	4.99363324129e-11
2.59215371885e-09	3.51883478952e-11
2.59321260517e-09	2.89152668823e-11
2.5942714915e-09	3.07901618698e-11
2.59533037782e-09	4.18650899538e-11
2.59638926414e-09	6.18327398831e-11
2.59744815047e-09	8.50119367263e-11
2.59850703679e-09	1.07851900154e-10
2.59956592311e-09	1.26707345137e-10
2.60062480943e-09	1.34843546051e-10
2.60168369576e-09	1.3250498615e-10
2.60274258208e-09	1.19717711439e-10
2.6038014684e-09	9.69406083184e-11
2.60486035473e-09	7.18436083194e-11
2.60591924105e-09	4.74338897154e-11
2.60697812737e-09	2.90522263365e-11
2.6080370137e-09	2.27000634002e-11
2.60909590002e-09	2.72269594023e-11
2.61015478634e-09	4.27449887552e-11
2.61121367267e-09	6.70778801427e-11
2.61227255899e-09	9.31065155529e-11
2.61333144531e-09	1.17231709583e-10
2.61439033163e-09	1.3458191072e-10
2.61544921796e-09	1.40224055457e-10
2.61650810428e-09	1.35128259277e-10
2.6175669906e-09	1.20514441308e-10
2.61862587693e-09	9.79534561102e-11
2.61968476325e-09	7.51849693614e-11
2.62074364957e-09	5.52153609293e-11
2.6218025359e-09	4.16567761188e-11
2.62286142222e-09	3.88407869235e-11
2.62392030854e-09	4.48394440068e-11
2.62497919486e-09	5.85309478836e-11
2.62603808119e-09	7.79683219029e-11
2.62709696751e-09	9.64956239913e-11
2.62815585383e-09	1.12018927988e-10
2.62921474016e-09	1.21913937279e-10
2.63027362648e-09	1.22731969553e-10
2.6313325128e-09	1.179802471e-10
2.63239139913e-09	1.08107795285e-10
2.63345028545e-09	9.43408519707e-11
2.63450917177e-09	8.30567867087e-11
2.6355680581e-09	7.42477971466e-11
2.63662694442e-09	6.95395238788e-11
2.63768583074e-09	7.09772188939e-11
2.63874471706e-09	7.45091744379e-11
2.63980360339e-09	8.02746471726e-11
2.64086248971e-09	8.69976408621e-11
2.64192137603e-09	9.07781679688e-11
2.64298026236e-09	9.33604443754e-11
2.64403914868e-09	9.41304022575e-11
2.645098035e-09	9.23450899082e-11
2.64615692133e-09	9.16830352957e-11
2.64721580765e-09	9.16314637014e-11
2.64827469397e-09	9.23464755186e-11
2.6493335803e-09	9.63825252248e-11
2.65039246662e-09	9.97445468234e-11
2.65145135294e-09	1.02465690446e-10
2.65251023926e-09	1.04590016335e-10
2.65356912559e-09	1.01692504244e-10
2.65462801191e-09	9.63735584392e-11
2.65568689823e-09	8.90517616245e-11
2.65674578456e-09	7.90161274085e-11
2.65780467088e-09	7.10716234129e-11
2.6588635572e-09	6.60303478561e-11
2.65992244353e-09	6.4711387724e-11
2.66098132985e-09	7.08231971333e-11
2.66204021617e-09	8.13385140491e-11
2.6630991025e-09	9.36363031383e-11
2.66415798882e-09	1.08313530887e-10
2.66521687514e-09	1.19078637575e-10
2.66627576146e-09	1.24578567948e-10
2.66733464779e-09	1.24794148106e-10
2.66839353411e-09	1.15858010685e-10
2.66945242043e-09	1.02168173227e-10
2.67051130676e-09	8.63868837575e-11
2.67157019308e-09	6.92238662225e-11
2.6726290794e-09	5.7463426812e-11
2.67368796573e-09	5.21744800142e-11
2.67474685205e-09	5.32302140734e-11
2.67580573837e-09	6.30549284661e-11
2.67686462469e-09	7.79516403683e-11
2.67792351102e-09	9.3966977862e-11
2.67898239734e-09	1.1073986346e-10
2.68004128366e-09	1.21420195946e-10
2.68110016999e-09	1.25665067761e-10
2.68215905631e-09	1.23898352515e-10
2.68321794263e-09	1.13477911096e-10
2.68427682896e-09	9.97638707756e-11
2.68533571528e-09	8.53641636545e-11
2.6863946016e-09	7.0710702918e-11
2.68745348793e-09	6.21149308204e-11
2.68851237425e-09	5.89295504755e-11
2.68957126057e-09	6.01922986281e-11
2.69063014689e-09	6.82080559568e-11
2.69168903322e-09	7.83488330637e-11
2.69274791954e-09	8.85142050801e-11
2.69380680586e-09	9.85109060297e-11
2.69486569219e-09	1.03689092035e-10
2.69592457851e-09	1.05310518986e-10
2.69698346483e-09	1.04749963911e-10
2.69804235116e-09	9.95190822112e-11
2.69910123748e-09	9.43726173597e-11
2.7001601238e-09	8.9699607117e-11
2.70121901013e-09	8.47777651032e-11
2.70227789645e-09	8.2801565951e-11
2.70333678277e-09	8.1795337864e-11
2.70439566909e-09	8.04558130188e-11
2.70545455542e-09	8.08279164086e-11
2.70651344174e-09	7.95533200947e-11
2.70757232806e-09	7.69923231073e-11
2.70863121439e-09	7.5968588191e-11
2.70969010071e-09	7.3600295563e-11
2.71074898703e-09	7.35319730452e-11
2.71180787336e-09	7.69052525655e-11
2.71286675968e-09	8.12249299938e-11
2.713925646e-09	8.9073947003e-11
2.71498453233e-09	9.80900482367e-11
2.71604341865e-09	1.04565813473e-10
2.71710230497e-09	1.0986891865e-10
2.71816119129e-09	1.09641512883e-10
2.71922007762e-09	1.0375100605e-10
2.72027896394e-09	9.45533486577e-11
2.72133785026e-09	8.05437791115e-11
2.72239673659e-09	6.54008175741e-11
2.72345562291e-09	5.37984309879e-11
2.72451450923e-09	4.49937114476e-11
2.72557339556e-09	4.40429064746e-11
2.72663228188e-09	5.15296234502e-11
2.7276911682e-09	6.41103927758e-11
2.72875005452e-09	8.28773221925e-11
2.72980894085e-09	1.02925510129e-10
2.73086782717e-09	1.18464281787e-10
2.73192671349e-09	1.29764412757e-10
2.73298559982e-09	1.31328809806e-10
2.73404448614e-09	1.22990467637e-10
2.73510337246e-09	1.08126954439e-10
2.73616225879e-09	8.62242282781e-11
2.73722114511e-09	6.27659603979e-11
2.73828003143e-09	4.36166710388e-11
2.73933891776e-09	2.98295665512e-11
2.74039780408e-09	2.61783420462e-11
2.7414566904e-09	3.41291242229e-11
2.74251557672e-09	4.90981890561e-11
2.74357446305e-09	7.20713063881e-11
2.74463334937e-09	9.64241516493e-11
2.74569223569e-09	1.17260985644e-10
2.74675112202e-09	1.33480350904e-10
2.74781000834e-09	1.39504135674e-10
2.74886889466e-09	1.34090974435e-10
2.74992778099e-09	1.21128405049e-10
2.75098666731e-09	9.91609433454e-11
2.75204555363e-09	7.47181014976e-11
2.75310443996e-09	5.28352951668e-11
2.75416332628e-09	3.3909150661e-11
2.7552222126e-09	2.49719676361e-11
2.75628109892e-09	2.62465823814e-11
2.75733998525e-09	3.53737939548e-11
2.75839887157e-09	5.41681066321e-11
2.75945775789e-09	7.70353004477e-11
2.76051664422e-09	9.95447795374e-11
2.76157553054e-09	1.20710445979e-10
2.76263441686e-09	1.33612969647e-10
2.76369330319e-09	1.37811330923e-10
2.76475218951e-09	1.34079261582e-10
2.76581107583e-09	1.20342764399e-10
2.76686996215e-09	1.00830025752e-10
2.76792884848e-09	7.88005342402e-11
2.7689877348e-09	5.55727768491e-11
2.77004662112e-09	3.77623605129e-11
2.77110550745e-09	2.67925911492e-11
2.77216439377e-09	2.34571645961e-11
2.77322328009e-09	3.15525724038e-11
2.77428216642e-09	4.74579906623e-11
2.77534105274e-09	6.89281570189e-11
2.77639993906e-09	9.49625777319e-11
2.77745882539e-09	1.18230809691e-10
2.77851771171e-09	1.35994628753e-10
2.77957659803e-09	1.46273440409e-10
2.78063548435e-09	1.4429581488e-10
2.78169437068e-09	1.32463338909e-10
2.782753257e-09	1.12470116553e-10
2.78381214332e-09	8.49404847673e-11
2.78487102965e-09	5.7463914703e-11
2.78592991597e-09	3.34483009866e-11
2.78698880229e-09	1.60393614623e-11
2.78804768862e-09	1.18982577697e-11
2.78910657494e-09	1.90763583315e-11
2.79016546126e-09	3.75729239388e-11
2.79122434759e-09	6.6798822116e-11
2.79228323391e-09	9.79728459818e-11
2.79334212023e-09	1.28082053644e-10
2.79440100655e-09	1.51793648831e-10
2.79545989288e-09	1.61850428025e-10
2.7965187792e-09	1.59123568488e-10
2.79757766552e-09	1.42672213453e-10
2.79863655185e-09	1.13475526718e-10
2.79969543817e-09	7.9654026864e-11
2.80075432449e-09	4.58483992959e-11
2.80181321082e-09	1.74839053825e-11
2.80287209714e-09	2.73102029815e-12
2.80393098346e-09	1.52536384673e-12
2.80498986979e-09	1.54940580765e-11
2.80604875611e-09	4.36468573957e-11
2.80710764243e-09	7.75421719022e-11
2.80816652875e-09	1.13706320401e-10
2.80922541508e-09	1.45410470991e-10
2.8102843014e-09	1.64192822533e-10
2.81134318772e-09	1.69624373575e-10
2.81240207405e-09	1.59303001346e-10
2.81346096037e-09	1.34037778272e-10
2.81451984669e-09	1.01404757855e-10
2.81557873302e-09	6.49848178741e-11
2.81663761934e-09	3.15846786659e-11
2.81769650566e-09	9.91661852461e-12
2.81875539198e-09	6.00444390389e-13
2.81981427831e-09	6.89106334929e-12
2.82087316463e-09	2.84034182892e-11
2.82193205095e-09	5.77513353979e-11
2.82299093728e-09	9.23427662461e-11
2.8240498236e-09	1.257408613e-10
2.82510870992e-09	1.49295919377e-10
2.82616759625e-09	1.62202793731e-10
2.82722648257e-09	1.60525448836e-10
2.82828536889e-09	1.44284412543e-10
2.82934425522e-09	1.19259596122e-10
2.83040314154e-09	8.80442559137e-11
2.83146202786e-09	5.62636751425e-11
2.83252091418e-09	3.17623696441e-11
2.83357980051e-09	1.55705548281e-11
2.83463868683e-09	1.15007075044e-11
2.83569757315e-09	2.15008332319e-11
2.83675645948e-09	4.02164399872e-11
2.8378153458e-09	6.68991572209e-11
2.83887423212e-09	9.60817640727e-11
2.83993311845e-09	1.20991604756e-10
2.84099200477e-09	1.40457572656e-10
2.84205089109e-09	1.49133408747e-10
2.84310977742e-09	1.45244518669e-10
2.84416866374e-09	1.33079261153e-10
2.84522755006e-09	1.11421258504e-10
2.84628643638e-09	8.4979101013e-11
2.84734532271e-09	6.06563033308e-11
2.84840420903e-09	3.82363342377e-11
2.84946309535e-09	2.41099573032e-11
2.85052198168e-09	2.14280145277e-11
2.851580868e-09	2.70482321436e-11
2.85263975432e-09	4.28914000671e-11
2.85369864065e-09	6.53732771042e-11
2.85475752697e-09	8.83384016978e-11
2.85581641329e-09	1.1220891577e-10
2.85687529962e-09	1.29490676862e-10
2.85793418594e-09	1.37729908208e-10
2.85899307226e-09	1.38169372645e-10
2.86005195858e-09	1.27406569669e-10
2.86111084491e-09	1.08638422043e-10
2.86216973123e-09	8.62772201772e-11
2.86322861755e-09	6.10030086341e-11
2.86428750388e-09	3.99266093278e-11
2.8653463902e-09	2.66813097224e-11
2.86640527652e-09	2.08352478066e-11
2.86746416285e-09	2.66691076774e-11
2.86852304917e-09	4.14894811215e-11
2.86958193549e-09	6.12780442708e-11
2.87064082181e-09	8.5764525256e-11
2.87169970814e-09	1.08115110614e-10
2.87275859446e-09	1.23949497367e-10
2.87381748078e-09	1.33156195271e-10
2.87487636711e-09	1.30770999932e-10
2.87593525343e-09	1.18926052166e-10
2.87699413975e-09	1.00853831363e-10
2.87805302608e-09	7.72237955006e-11
2.8791119124e-09	5.44303283001e-11
2.88017079872e-09	3.67041384265e-11
2.88122968505e-09	2.45642139442e-11
2.88228857137e-09	2.32573246686e-11
2.88334745769e-09	3.10339306336e-11
2.88440634401e-09	4.5488844462e-11
2.88546523034e-09	6.61674261389e-11
2.88652411666e-09	8.68103679219e-11
2.88758300298e-09	1.04427030391e-10
2.88864188931e-09	1.17152875942e-10
2.88970077563e-09	1.20063376775e-10
2.89075966195e-09	1.14546868518e-10
2.89181854828e-09	1.02907946921e-10
2.8928774346e-09	8.46538069678e-11
2.89393632092e-09	6.59085221295e-11
2.89499520725e-09	4.94765391851e-11
2.89605409357e-09	3.65135580192e-11
2.89711297989e-09	3.17037036814e-11
2.89817186621e-09	3.37472558579e-11
2.89923075254e-09	4.10141324115e-11
2.90028963886e-09	5.49662472656e-11
2.90134852518e-09	6.92536926243e-11
2.90240741151e-09	8.22960575554e-11
2.90346629783e-09	9.36865003978e-11
2.90452518415e-09	9.84357083691e-11
2.90558407048e-09	9.83739712954e-11
2.9066429568e-09	9.41285747263e-11
2.90770184312e-09	8.44222959769e-11
2.90876072944e-09	7.36342562445e-11
2.90981961577e-09	6.29786001995e-11
2.91087850209e-09	5.25165531721e-11
2.91193738841e-09	4.69806376961e-11
2.91299627474e-09	4.43014852233e-11
2.91405516106e-09	4.45518264208e-11
2.91511404738e-09	4.95927947146e-11
2.91617293371e-09	5.51192060744e-11
2.91723182003e-09	6.15172040912e-11
2.91829070635e-09	6.94739782196e-11
2.91934959268e-09	7.41502189511e-11
2.920408479e-09	7.81355882773e-11
2.92146736532e-09	8.01413349745e-11
2.92252625164e-09	7.86551193101e-11
2.92358513797e-09	7.66065696121e-11
2.92464402429e-09	7.27148358887e-11
2.92570291061e-09	6.65277772108e-11
2.92676179694e-09	6.1692565119e-11
2.92782068326e-09	5.60658212564e-11
2.92887956958e-09	5.08943152379e-11
2.92993845591e-09	4.86838429813e-11
2.93099734223e-09	4.65961939172e-11
2.93205622855e-09	4.70570800208e-11
2.93311511488e-09	5.11160632051e-11
2.9341740012e-09	5.486983784e-11
2.93523288752e-09	6.06587171985e-11
2.93629177384e-09	6.70475628142e-11
2.93735066017e-09	7.09800542995e-11
2.93840954649e-09	7.46963723514e-11
2.93946843281e-09	7.5202687827e-11
2.94052731914e-09	7.2178441609e-11
2.94158620546e-09	6.85298185386e-11
2.94264509178e-09	6.20195544226e-11
2.94370397811e-09	5.4737821914e-11
2.94476286443e-09	4.95021870717e-11
2.94582175075e-09	4.43637930211e-11
2.94688063708e-09	4.24021364895e-11
2.9479395234e-09	4.38907439039e-11
2.94899840972e-09	4.63692808109e-11
2.95005729604e-09	5.17474852031e-11
2.95111618237e-09	5.78659342665e-11
2.95217506869e-09	6.24765881391e-11
2.95323395501e-09	6.69156943398e-11
2.95429284134e-09	6.87378548178e-11
2.95535172766e-09	6.7225153829e-11
2.95641061398e-09	6.53300100649e-11
2.95746950031e-09	6.05293037914e-11
2.95852838663e-09	5.51937653567e-11
2.95958727295e-09	5.16139101944e-11
2.96064615927e-09	4.79574734959e-11
2.9617050456e-09	4.66693073076e-11
2.96276393192e-09	4.76174872102e-11
2.96382281824e-09	4.85852447683e-11
2.96488170457e-09	5.15691369815e-11
2.96594059089e-09	5.41308768642e-11
2.96699947721e-09	5.50346703973e-11
2.96805836354e-09	5.64413442199e-11
2.96911724986e-09	5.57538034837e-11
2.97017613618e-09	5.38097561301e-11
2.97123502251e-09	5.3218478669e-11
2.97229390883e-09	5.19312817575e-11
2.97335279515e-09	5.16259955792e-11
2.97441168147e-09	5.3396695919e-11
2.9754705678e-09	5.44126328196e-11
2.97652945412e-09	5.68160189035e-11
2.97758834044e-09	5.88528379676e-11
2.97864722677e-09	5.85052041535e-11
2.97970611309e-09	5.75059830484e-11
2.98076499941e-09	5.47330861189e-11
2.98182388574e-09	4.94241882663e-11
2.98288277206e-09	4.53093270368e-11
2.98394165838e-09	4.03777124583e-11
2.98500054471e-09	3.69143511331e-11
2.98605943103e-09	3.72940513107e-11
2.98711831735e-09	3.96698921542e-11
2.98817720367e-09	4.50152018525e-11
2.98923609e-09	5.28067459551e-11
2.99029497632e-09	5.99496403041e-11
2.99135386264e-09	6.65915309006e-11
2.99241274897e-09	7.09712826702e-11
2.99347163529e-09	7.00912318637e-11
2.99453052161e-09	6.62597971282e-11
2.99558940794e-09	5.84583041696e-11
2.99664829426e-09	4.760487924e-11
2.99770718058e-09	3.74032551893e-11
2.99876606691e-09	2.82638983832e-11
2.99982495323e-09	2.26961372873e-11
3.00088383955e-09	2.29301076824e-11
3.00194272587e-09	2.70875381587e-11
3.0030016122e-09	3.63299141205e-11
3.00406049852e-09	4.86337636829e-11
3.00511938484e-09	6.02372366397e-11
3.00617827117e-09	7.09796717929e-11
3.00723715749e-09	7.76168829729e-11
3.00829604381e-09	7.79653507553e-11
3.00935493014e-09	7.37192208319e-11
3.01041381646e-09	6.39106389339e-11
3.01147270278e-09	5.02351164139e-11
3.0125315891e-09	3.68871608605e-11
3.01359047543e-09	2.42309722634e-11
3.01464936175e-09	1.55540352733e-11
3.01570824807e-09	1.34043604124e-11
3.0167671344e-09	1.61324359904e-11
3.01782602072e-09	2.54180589337e-11
3.01888490704e-09	3.90017441086e-11
3.01994379337e-09	5.2872933462e-11
3.02100267969e-09	6.67464339008e-11
3.02206156601e-09	7.61994716457e-11
3.02312045234e-09	7.99298665449e-11
3.02417933866e-09	7.86209426555e-11
3.02523822498e-09	7.03816501607e-11
3.0262971113e-09	5.75846874525e-11
3.02735599763e-09	4.33040593401e-11
3.02841488395e-09	2.83645342457e-11
3.02947377027e-09	1.65557743296e-11
3.0305326566e-09	1.01202906732e-11
3.03159154292e-09	8.58421363506e-12
3.03265042924e-09	1.39998380727e-11
3.03370931557e-09	2.50198089243e-11
3.03476820189e-09	3.83395793412e-11
3.03582708821e-09	5.38772156229e-11
3.03688597454e-09	6.70304155063e-11
3.03794486086e-09	7.57009077819e-11
3.03900374718e-09	7.9526855587e-11
3.0400626335e-09	7.61691109491e-11
3.04112151983e-09	6.70915580037e-11
3.04218040615e-09	5.41330504727e-11
3.04323929247e-09	3.79338028003e-11
3.0442981788e-09	2.25746348698e-11
3.04535706512e-09	1.08239720355e-11
3.04641595144e-09	3.70264539515e-12
3.04747483777e-09	3.1787610196e-12
3.04853372409e-09	9.97714411088e-12
3.04959261041e-09	2.10451330841e-11
3.05065149673e-09	3.673469493e-11
3.05171038306e-09	5.26650112409e-11
3.05276926938e-09	6.65135728613e-11
3.0538281557e-09	7.64210947128e-11
3.05488704203e-09	7.93240612085e-11
3.05594592835e-09	7.50628287825e-11
3.05700481467e-09	6.4695458192e-11
3.058063701e-09	4.87494454526e-11
3.05912258732e-09	3.11043922823e-11
3.06018147364e-09	1.48327667423e-11
3.06124035997e-09	1.83425727406e-12
3.06229924629e-09	-4.29034906831e-12
3.06335813261e-09	-3.1786940159e-12
3.06441701893e-09	4.76159942638e-12
3.06547590526e-09	1.96225123823e-11
3.06653479158e-09	3.70052903251e-11
3.0675936779e-09	5.45157152927e-11
3.06865256423e-09	6.93173058015e-11
3.06971145055e-09	7.68401800522e-11
3.07077033687e-09	7.75716808496e-11
3.0718292232e-09	7.06935213493e-11
3.07288810952e-09	5.67110039484e-11
3.07394699584e-09	3.89308511643e-11
3.07500588217e-09	2.04198327084e-11
3.07606476849e-09	3.4719692941e-12
3.07712365481e-09	-6.92643140651e-12
3.07818254113e-09	-1.04928192057e-11
3.07924142746e-09	-6.30203905012e-12
3.08030031378e-09	5.89783788214e-12
3.0813592001e-09	2.22136705731e-11
3.08241808643e-09	4.03593146316e-11
3.08347697275e-09	5.71973540579e-11
3.08453585907e-09	6.83074651529e-11
3.0855947454e-09	7.32096952505e-11
3.08665363172e-09	7.01783167169e-11
3.08771251804e-09	5.92538973616e-11
3.08877140437e-09	4.38394561538e-11
3.08983029069e-09	2.59943798257e-11
3.09088917701e-09	8.65287756811e-12
3.09194806333e-09	-3.91159655122e-12
3.09300694966e-09	-1.04448900158e-11
3.09406583598e-09	-1.03279363685e-11
3.0951247223e-09	-2.49508673813e-12
3.09618360863e-09	1.02682515268e-11
3.09724249495e-09	2.59069920464e-11
3.09830138127e-09	4.17044606314e-11
3.0993602676e-09	5.40277570946e-11
3.10041915392e-09	6.15851016017e-11
3.10147804024e-09	6.2482518725e-11
3.10253692656e-09	5.64377529086e-11
3.10359581289e-09	4.57025049316e-11
3.10465469921e-09	3.14357335735e-11
3.10571358553e-09	1.59997354992e-11
3.10677247186e-09	3.30404911872e-12
3.10783135818e-09	-5.35469562299e-12
3.1088902445e-09	-8.67330469598e-12
3.10994913083e-09	-5.74985753319e-12
3.11100801715e-09	1.45739426386e-12
3.11206690347e-09	1.27181466313e-11
3.1131257898e-09	2.54053815745e-11
3.11418467612e-09	3.66732534098e-11
3.11524356244e-09	4.5676704823e-11
3.11630244876e-09	5.01821856638e-11
3.11736133509e-09	4.92845733842e-11
3.11842022141e-09	4.4071682935e-11
3.11947910773e-09	3.47289753379e-11
3.12053799406e-09	2.37189482465e-11
3.12159688038e-09	1.25212066193e-11
3.1226557667e-09	2.95866318099e-12
3.12371465303e-09	-3.36879593774e-12
3.12477353935e-09	-5.57975490627e-12
3.12583242567e-09	-3.93554079028e-12
3.126891312e-09	2.12335192289e-12
3.12795019832e-09	1.06473030262e-11
3.12900908464e-09	1.98295938047e-11
3.13006797096e-09	2.88956135495e-11
3.13112685729e-09	3.55773652726e-11
3.13218574361e-09	3.89628704734e-11
3.13324462993e-09	3.89351955624e-11
3.13430351626e-09	3.51035353129e-11
3.13536240258e-09	2.85309774938e-11
3.1364212889e-09	2.01948010181e-11
3.13748017523e-09	1.09785886979e-11
3.13853906155e-09	3.32233142364e-12
3.13959794787e-09	-2.14705435438e-12
3.1406568342e-09	-4.85546150541e-12
3.14171572052e-09	-3.8550841054e-12
3.14277460684e-09	2.59112813128e-13
3.14383349316e-09	6.27261442657e-12
3.14489237949e-09	1.42581087995e-11
3.14595126581e-09	2.13958963394e-11
3.14701015213e-09	2.74265046438e-11
3.14806903846e-09	3.09868435164e-11
3.14912792478e-09	3.15013221671e-11
3.1501868111e-09	2.92515790236e-11
3.15124569743e-09	2.38069869807e-11
3.15230458375e-09	1.6756752561e-11
3.15336347007e-09	9.48055528397e-12
3.15442235639e-09	2.44479978796e-12
3.15548124272e-09	-2.76692391059e-12
3.15654012904e-09	-5.16535967644e-12
3.15759901536e-09	-4.92376533425e-12
3.15865790169e-09	-1.95392348677e-12
3.15971678801e-09	3.44803008302e-12
3.16077567433e-09	9.63891775641e-12
3.16183456066e-09	1.59653451483e-11
3.16289344698e-09	2.12664546346e-11
3.1639523333e-09	2.43565111656e-11
3.16501121963e-09	2.53324134673e-11
3.16607010595e-09	2.33992969315e-11
3.16712899227e-09	1.90703393832e-11
3.16818787859e-09	1.35557900625e-11
3.16924676492e-09	7.30944195145e-12
3.17030565124e-09	1.68553390104e-12
3.17136453756e-09	-2.49159747738e-12
3.17242342389e-09	-4.9749482962e-12
3.17348231021e-09	-4.87007694372e-12
3.17454119653e-09	-2.47726095686e-12
3.17560008286e-09	1.32026926555e-12
3.17665896918e-09	6.25926014578e-12
3.1777178555e-09	1.12492935973e-11
3.17877674183e-09	1.51359917438e-11
3.17983562815e-09	1.80059046015e-11
3.18089451447e-09	1.87264401035e-11
3.18195340079e-09	1.7439595666e-11
3.18301228712e-09	1.50203130099e-11
3.18407117344e-09	1.08041706007e-11
3.18513005976e-09	6.23742640112e-12
3.18618894609e-09	2.16334280134e-12
3.18724783241e-09	-1.56776334807e-12
3.18830671873e-09	-3.49091012987e-12
3.18936560506e-09	-3.86630998213e-12
3.19042449138e-09	-3.17418086173e-12
3.1914833777e-09	-8.02268279208e-13
3.19254226402e-09	2.34007680854e-12
3.19360115035e-09	5.5235911602e-12
3.19466003667e-09	9.11598276249e-12
3.19571892299e-09	1.11569821307e-11
3.19677780932e-09	1.27120009939e-11
3.19783669564e-09	1.2896659218e-11
3.19889558196e-09	1.13640790029e-11
3.19995446829e-09	9.21018155405e-12
3.20101335461e-09	6.32983135308e-12
3.20207224093e-09	2.82694633219e-12
3.20313112726e-09	2.65594485424e-13
3.20419001358e-09	-2.15283161035e-12
3.2052488999e-09	-3.89305173385e-12
3.20630778622e-09	-3.69928060081e-12
3.20736667255e-09	-3.35260034253e-12
3.20842555887e-09	-2.07421361716e-12
3.20948444519e-09	5.14995838807e-13
3.21054333152e-09	2.43568359926e-12
3.21160221784e-09	5.17129110258e-12
3.21266110416e-09	7.48631424864e-12
3.21371999049e-09	8.27414070419e-12
3.21477887681e-09	9.38424007555e-12
3.21583776313e-09	8.74489288491e-12
3.21689664946e-09	7.13037392802e-12
3.21795553578e-09	4.85166182403e-12
3.2190144221e-09	1.93992476976e-12
3.22007330842e-09	-1.35482938887e-12
3.22113219475e-09	-3.66130501026e-12
3.22219108107e-09	-5.95289735474e-12
3.22324996739e-09	-7.23028554346e-12
3.22430885372e-09	-6.68499649625e-12
3.22536774004e-09	-5.72961060649e-12
3.22642662636e-09	-3.25351507888e-12
3.22748551269e-09	1.25247610948e-14
3.22854439901e-09	2.58470947824e-12
3.22960328533e-09	5.92158874019e-12
3.23066217166e-09	7.64055545178e-12
3.23172105798e-09	7.94979671827e-12
3.2327799443e-09	7.9538982822e-12
3.23383883062e-09	5.80025282903e-12
3.23489771695e-09	2.40765540439e-12
3.23595660327e-09	-1.05875550026e-12
3.23701548959e-09	-5.41045425692e-12
3.23807437592e-09	-9.02258064268e-12
3.23913326224e-09	-1.06339748205e-11
3.24019214856e-09	-1.1785737154e-11
3.24125103489e-09	-1.03611280254e-11
3.24230992121e-09	-7.799493744e-12
3.24336880753e-09	-4.86263953365e-12
3.24442769385e-09	-4.07160836622e-13
3.24548658018e-09	3.13209140156e-12
3.2465454665e-09	5.64440145014e-12
3.24760435282e-09	7.76552899675e-12
3.24866323915e-09	7.0785609904e-12
3.24972212547e-09	4.88355788642e-12
3.25078101179e-09	1.85388551434e-12
3.25183989812e-09	-3.01506828402e-12
3.25289878444e-09	-7.54295112699e-12
3.25395767076e-09	-1.1215425832e-11
3.25501655709e-09	-1.46193001281e-11
3.25607544341e-09	-1.52906107914e-11
3.25713432973e-09	-1.43723058628e-11
3.25819321605e-09	-1.23814336605e-11
3.25925210238e-09	-7.93639069394e-12
3.2603109887e-09	-3.69789612885e-12
3.26136987502e-09	2.19142005974e-13
3.26242876135e-09	3.76003557716e-12
3.26348764767e-09	4.93461855037e-12
3.26454653399e-09	4.71449256316e-12
3.26560542032e-09	3.3454639612e-12
3.26666430664e-09	-8.34061965815e-13
3.26772319296e-09	-4.79620255187e-12
3.26878207929e-09	-8.92192802927e-12
3.26984096561e-09	-1.36103582831e-11
3.27089985193e-09	-1.56343685827e-11
3.27195873825e-09	-1.72079733275e-11
3.27301762458e-09	-1.75034186364e-11
3.2740765109e-09	-1.45184749639e-11
3.27513539722e-09	-1.2020081111e-11
3.27619428355e-09	-8.7092138514e-12
3.27725316987e-09	-4.2693020885e-12
3.27831205619e-09	-1.66156754425e-12
3.27937094252e-09	5.59357424203e-13
3.28042982884e-09	1.98645810359e-12
3.28148871516e-09	4.88393708613e-14
3.28254760149e-09	-1.83168640032e-12
3.28360648781e-09	-4.86479289469e-12
3.28466537413e-09	-9.40874461675e-12
3.28572426045e-09	-1.26812003823e-11
3.28678314678e-09	-1.63030177466e-11
3.2878420331e-09	-1.94323511275e-11
3.28890091942e-09	-1.95140713484e-11
3.28995980575e-09	-1.98218588895e-11
3.29101869207e-09	-1.82842794724e-11
3.29207757839e-09	-1.43883824668e-11
3.29313646472e-09	-1.12107360613e-11
3.29419535104e-09	-7.2345823993e-12
3.29525423736e-09	-3.04526915566e-12
3.29631312368e-09	-1.92766503172e-12
3.29737201001e-09	-3.25111272403e-13
3.29843089633e-09	-9.08295550453e-13
3.29948978265e-09	-4.52409843529e-12
3.30054866898e-09	-7.44178232492e-12
3.3016075553e-09	-1.2655695502e-11
3.30266644162e-09	-1.81306641792e-11
3.30372532795e-09	-2.13561991442e-11
3.30478421427e-09	-2.51179504713e-11
3.30584310059e-09	-2.61999423892e-11
3.30690198692e-09	-2.42756819421e-11
3.30796087324e-09	-2.21348716266e-11
3.30901975956e-09	-1.69849186799e-11
3.31007864588e-09	-1.11531511565e-11
3.31113753221e-09	-6.83393001476e-12
3.31219641853e-09	-1.94203989912e-12
3.31325530485e-09	3.52994895684e-13
3.31431419118e-09	-6.8767448604e-13
3.3153730775e-09	-2.06718775669e-12
3.31643196382e-09	-7.50626568281e-12
3.31749085015e-09	-1.40921148448e-11
3.31854973647e-09	-1.98212288596e-11
3.31960862279e-09	-2.67394043105e-11
3.32066750912e-09	-3.08926235287e-11
3.32172639544e-09	-3.18646680222e-11
3.32278528176e-09	-3.16716397032e-11
3.32384416808e-09	-2.74845799331e-11
3.32490305441e-09	-2.11741478301e-11
3.32596194073e-09	-1.53232004993e-11
3.32702082705e-09	-7.3723409647e-12
3.32807971338e-09	-2.0630713663e-12
3.3291385997e-09	2.2044486462e-13
3.33019748602e-09	1.12876029494e-12
3.33125637235e-09	-2.76417517348e-12
3.33231525867e-09	-8.84042952775e-12
3.33337414499e-09	-1.535998466e-11
3.33443303131e-09	-2.43408884628e-11
3.33549191764e-09	-3.07473380524e-11
3.33655080396e-09	-3.49630021115e-11
3.33760969028e-09	-3.79234360928e-11
3.33866857661e-09	-3.54563145337e-11
3.33972746293e-09	-3.06815924663e-11
3.34078634925e-09	-2.50883723518e-11
3.34184523558e-09	-1.58566972486e-11
3.3429041219e-09	-8.57283509589e-12
3.34396300822e-09	-3.5628954214e-12
3.34502189455e-09	8.08769531517e-13
3.34608078087e-09	-3.82111250058e-13
3.34713966719e-09	-4.09792306425e-12
3.34819855351e-09	-9.40394561267e-12
3.34925743984e-09	-1.86286566685e-11
3.35031632616e-09	-2.64995575396e-11
3.35137521248e-09	-3.31950502242e-11
3.35243409881e-09	-3.93458460257e-11
3.35349298513e-09	-4.010446337e-11
3.35455187145e-09	-3.84506359044e-11
3.35561075778e-09	-3.46251785924e-11
3.3566696441e-09	-2.62464292921e-11
3.35772853042e-09	-1.85343825791e-11
3.35878741675e-09	-1.1257979683e-11
3.35984630307e-09	-3.75137892755e-12
3.36090518939e-09	-1.70759250923e-12
3.36196407571e-09	-1.42880963951e-12
3.36302296204e-09	-3.86493595917e-12
3.36408184836e-09	-1.15190606619e-11
3.36514073468e-09	-1.88413030837e-11
3.36619962101e-09	-2.7200728215e-11
3.36725850733e-09	-3.60776918323e-11
3.36831739365e-09	-4.0267551446e-11
3.36937627998e-09	-4.26749824714e-11
3.3704351663e-09	-4.22578562854e-11
3.37149405262e-09	-3.63261116066e-11
3.37255293895e-09	-2.97131540292e-11
3.37361182527e-09	-2.13563046371e-11
3.37467071159e-09	-1.15722596436e-11
3.37572959791e-09	-6.03553231698e-12
3.37678848424e-09	-1.87482855304e-12
3.37784737056e-09	-4.03768869468e-13
3.37890625688e-09	-4.91551341731e-12
3.37996514321e-09	-1.04816739056e-11
3.38102402953e-09	-1.87782044688e-11
3.38208291585e-09	-2.91927491295e-11
3.38314180218e-09	-3.62802075708e-11
3.3842006885e-09	-4.26566735493e-11
3.38525957482e-09	-4.6050219844e-11
3.38631846114e-09	-4.35562473675e-11
3.38737734747e-09	-3.96383262585e-11
3.38843623379e-09	-3.21517979341e-11
3.38949512011e-09	-2.12807604654e-11
3.39055400644e-09	-1.36205946695e-11
3.39161289276e-09	-5.58251475645e-12
3.39267177908e-09	-1.72970023179e-13
3.39373066541e-09	-1.10017005814e-12
3.39478955173e-09	-3.47765024243e-12
3.39584843805e-09	-1.03586614113e-11
3.39690732438e-09	-2.09635761441e-11
3.3979662107e-09	-2.95441275611e-11
3.39902509702e-09	-3.93020581357e-11
3.40008398334e-09	-4.62156346179e-11
3.40114286967e-09	-4.73385512647e-11
3.40220175599e-09	-4.65736080344e-11
3.40326064231e-09	-4.08086559336e-11
3.40431952864e-09	-3.08974217739e-11
3.40537841496e-09	-2.21117668446e-11
3.40643730128e-09	-1.15490321299e-11
3.40749618761e-09	-2.93420265841e-12
3.40855507393e-09	-7.32304421638e-13
3.40961396025e-09	2.0934347463e-13
3.41067284658e-09	-4.5365626403e-12
3.4117317329e-09	-1.38990221242e-11
3.41279061922e-09	-2.27374574247e-11
3.41384950554e-09	-3.38543160519e-11
3.41490839187e-09	-4.31485101555e-11
3.41596727819e-09	-4.69766009946e-11
3.41702616451e-09	-4.92807977585e-11
3.41808505084e-09	-4.58241999034e-11
3.41914393716e-09	-3.73803672477e-11
3.42020282348e-09	-2.95505761787e-11
3.42126170981e-09	-1.85387990766e-11
3.42232059613e-09	-8.68220095427e-12
3.42337948245e-09	-4.15705935387e-12
3.42443836878e-09	-2.07155683395e-13
3.4254972551e-09	-2.82609195377e-12
3.42655614142e-09	-9.9833901996e-12
3.42761502774e-09	-1.73025064328e-11
3.42867391407e-09	-2.8292070943e-11
3.42973280039e-09	-3.7311976642e-11
3.43079168671e-09	-4.27697417413e-11
3.43185057304e-09	-4.75481091132e-11
3.43290945936e-09	-4.62458604397e-11
3.43396834568e-09	-4.07736019427e-11
3.43502723201e-09	-3.49129436299e-11
3.43608611833e-09	-2.48456817186e-11
3.43714500465e-09	-1.56032912285e-11
3.43820389097e-09	-1.02231091431e-11
3.4392627773e-09	-4.9783439632e-12
3.44032166362e-09	-5.53040718689e-12
3.44138054994e-09	-9.83611206807e-12
3.44243943627e-09	-1.45165351094e-11
3.44349832259e-09	-2.35499775063e-11
3.44455720891e-09	-3.16346235232e-11
3.44561609524e-09	-3.70876929428e-11
3.44667498156e-09	-4.27584653882e-11
3.44773386788e-09	-4.30063573729e-11
3.44879275421e-09	-4.00428288617e-11
3.44985164053e-09	-3.69846794249e-11
3.45091052685e-09	-2.93149139945e-11
3.45196941317e-09	-2.24199239902e-11
3.4530282995e-09	-1.77075456078e-11
3.45408718582e-09	-1.19150553139e-11
3.45514607214e-09	-1.11075695083e-11
3.45620495847e-09	-1.28686835493e-11
3.45726384479e-09	-1.46002595864e-11
3.45832273111e-09	-2.12792272952e-11
3.45938161744e-09	-2.67090397108e-11
3.46044050376e-09	-3.06341538508e-11
3.46149939008e-09	-3.65954146327e-11
3.46255827641e-09	-3.75849566314e-11
3.46361716273e-09	-3.70199682541e-11
3.46467604905e-09	-3.67816289579e-11
3.46573493537e-09	-3.13240362468e-11
3.4667938217e-09	-2.72704382947e-11
3.46785270802e-09	-2.4238603312e-11
3.46891159434e-09	-1.86872437013e-11
3.46997048067e-09	-1.77222845774e-11
3.47102936699e-09	-1.76394375452e-11
3.47208825331e-09	-1.68999523577e-11
3.47314713964e-09	-2.10481389262e-11
3.47420602596e-09	-2.38615678865e-11
3.47526491228e-09	-2.61380780301e-11
3.4763237986e-09	-3.12313499715e-11
3.47738268493e-09	-3.22221171186e-11
3.47844157125e-09	-3.32222799618e-11
3.47950045757e-09	-3.44131979857e-11
3.4805593439e-09	-3.14587553056e-11
3.48161823022e-09	-2.96083121128e-11
3.48267711654e-09	-2.81725719142e-11
3.48373600287e-09	-2.35704223066e-11
3.48479488919e-09	-2.3066251166e-11
3.48585377551e-09	-2.2347998235e-11
3.48691266184e-09	-2.05128143204e-11
3.48797154816e-09	-2.32160402014e-11
3.48903043448e-09	-2.40010257762e-11
3.4900893208e-09	-2.50594740271e-11
3.49114820713e-09	-2.92237384465e-11
3.49220709345e-09	-2.93510060007e-11
3.49326597977e-09	-3.03094324812e-11
3.4943248661e-09	-3.19602779571e-11
3.49538375242e-09	-2.97749411932e-11
3.49644263874e-09	-2.9516459589e-11
3.49750152507e-09	-2.90035955322e-11
3.49856041139e-09	-2.57225315266e-11
3.49961929771e-09	-2.57768012664e-11
3.50067818404e-09	-2.54560179359e-11
3.50173707036e-09	-2.38461757935e-11
3.50279595668e-09	-2.65737625047e-11
3.503854843e-09	-2.65548598735e-11
3.50491372933e-09	-2.70598543572e-11
3.50597261565e-09	-3.00426677893e-11
3.50703150197e-09	-2.93302266155e-11
3.5080903883e-09	-2.96176132664e-11
3.50914927462e-09	-3.04154091236e-11
3.51020816094e-09	-2.72584661006e-11
3.51126704727e-09	-2.72202735612e-11
3.51232593359e-09	-2.65720581389e-11
3.51338481991e-09	-2.42043436075e-11
3.51444370624e-09	-2.57823172534e-11
3.51550259256e-09	-2.60514461566e-11
3.51656147888e-09	-2.62104295516e-11
3.5176203652e-09	-3.00618887422e-11
3.51867925153e-09	-3.05896451832e-11
3.51973813785e-09	-3.13287833176e-11
3.52079702417e-09	-3.38142888256e-11
3.5218559105e-09	-3.13837508498e-11
3.52291479682e-09	-3.05571197685e-11
3.52397368314e-09	-2.96175341197e-11
3.52503256947e-09	-2.4879449629e-11
3.52609145579e-09	-2.41390169572e-11
3.52715034211e-09	-2.29281641416e-11
3.52820922843e-09	-2.07562087092e-11
3.52926811476e-09	-2.39102548524e-11
3.53032700108e-09	-2.515513557e-11
3.5313858874e-09	-2.70028053737e-11
3.53244477373e-09	-3.23146036839e-11
3.53350366005e-09	-3.40098860532e-11
3.53456254637e-09	-3.59655462964e-11
3.5356214327e-09	-3.80950178087e-11
3.53668031902e-09	-3.48009730842e-11
3.53773920534e-09	-3.26802328688e-11
3.53879809167e-09	-3.02285997882e-11
3.53985697799e-09	-2.38895167754e-11
3.54091586431e-09	-2.20925899103e-11
3.54197475063e-09	-1.96563384059e-11
3.54303363696e-09	-1.73283016625e-11
3.54409252328e-09	-2.09284282612e-11
3.5451514096e-09	-2.28700730229e-11
3.54621029593e-09	-2.60887669974e-11
3.54726918225e-09	-3.25958487632e-11
3.54832806857e-09	-3.50566969117e-11
3.5493869549e-09	-3.80225020306e-11
3.55044584122e-09	-4.07103261692e-11
3.55150472754e-09	-3.73527348375e-11
3.55256361387e-09	-3.54397607181e-11
3.55362250019e-09	-3.20003685009e-11
3.55468138651e-09	-2.51380743478e-11
3.55574027283e-09	-2.23321675822e-11
3.55679915916e-09	-1.87804089771e-11
3.55785804548e-09	-1.55637071156e-11
3.5589169318e-09	-1.84091933321e-11
3.55997581813e-09	-1.98207217783e-11
3.56103470445e-09	-2.34430547891e-11
3.56209359077e-09	-3.03347570587e-11
3.5631524771e-09	-3.34398325003e-11
3.56421136342e-09	-3.75188890372e-11
3.56527024974e-09	-4.08139776316e-11
3.56632913607e-09	-3.87197782517e-11
3.56738802239e-09	-3.80888009934e-11
3.56844690871e-09	-3.48307611052e-11
3.56950579503e-09	-2.7943508835e-11
3.57056468136e-09	-2.5164652263e-11
3.57162356768e-09	-2.0662674371e-11
3.572682454e-09	-1.64657065109e-11
3.57374134033e-09	-1.77068954117e-11
3.57480022665e-09	-1.72238640451e-11
3.57585911297e-09	-1.99634119999e-11
3.5769179993e-09	-2.59441268382e-11
3.57797688562e-09	-2.84427793817e-11
3.57903577194e-09	-3.36185007783e-11
3.58009465826e-09	-3.79635897371e-11
3.58115354459e-09	-3.78966860063e-11
3.58221243091e-09	-3.92977584068e-11
3.58327131723e-09	-3.75920689976e-11
3.58433020356e-09	-3.22366677623e-11
3.58538908988e-09	-2.99651072184e-11
3.5864479762e-09	-2.45321070316e-11
3.58750686253e-09	-1.91776536058e-11
3.58856574885e-09	-1.83139972371e-11
3.58962463517e-09	-1.51806252031e-11
3.5906835215e-09	-1.59747390012e-11
3.59174240782e-09	-2.04915416233e-11
3.59280129414e-09	-2.22243725159e-11
3.59386018046e-09	-2.80312092982e-11
3.59491906679e-09	-3.36550487999e-11
3.59597795311e-09	-3.5606845597e-11
3.59703683943e-09	-3.96451133641e-11
3.59809572576e-09	-3.98688972461e-11
3.59915461208e-09	-3.64905829078e-11
3.6002134984e-09	-3.49401393235e-11
3.60127238473e-09	-2.91192089972e-11
3.60233127105e-09	-2.27760474326e-11
3.60339015737e-09	-2.01782527319e-11
3.6044490437e-09	-1.42731822455e-11
3.60550793002e-09	-1.32200998195e-11
3.60656681634e-09	-1.5435507256e-11
3.60762570266e-09	-1.63228038941e-11
3.60868458899e-09	-2.23284249163e-11
3.60974347531e-09	-2.84577142667e-11
3.61080236163e-09	-3.2152038627e-11
3.61186124796e-09	-3.83008822141e-11
3.61292013428e-09	-3.99834627213e-11
3.6139790206e-09	-3.86308168614e-11
3.61503790693e-09	-3.83332907517e-11
3.61609679325e-09	-3.26909502073e-11
3.61715567957e-09	-2.63968146386e-11
3.61821456589e-09	-2.25881468478e-11
3.61927345222e-09	-1.53371915862e-11
3.62033233854e-09	-1.25475115324e-11
3.62139122486e-09	-1.3143929738e-11
3.62245011119e-09	-1.23610476781e-11
3.62350899751e-09	-1.78111264886e-11
3.62456788383e-09	-2.34812750841e-11
3.62562677016e-09	-2.74964972666e-11
3.62668565648e-09	-3.48015687449e-11
3.6277445428e-09	-3.76248392251e-11
3.62880342913e-09	-3.80058410958e-11
3.62986231545e-09	-3.92333578819e-11
3.63092120177e-09	-3.43919569473e-11
3.63198008809e-09	-2.89765594332e-11
3.63303897442e-09	-2.53347518745e-11
3.63409786074e-09	-1.77575302553e-11
3.63515674706e-09	-1.45643665314e-11
3.63621563339e-09	-1.32041316899e-11
3.63727451971e-09	-1.12909739067e-11
3.63833340603e-09	-1.54540951433e-11
3.63939229236e-09	-1.96275066512e-11
3.64045117868e-09	-2.28438569059e-11
3.641510065e-09	-2.99279544289e-11
3.64256895133e-09	-3.28685642072e-11
3.64362783765e-09	-3.4815136234e-11
3.64468672397e-09	-3.72216439528e-11
3.64574561029e-09	-3.37094813868e-11
3.64680449662e-09	-3.0737789267e-11
3.64786338294e-09	-2.80322542522e-11
3.64892226926e-09	-2.12629523363e-11
3.64998115559e-09	-1.8394588153e-11
3.65104004191e-09	-1.60131363464e-11
3.65209892823e-09	-1.2641858426e-11
3.65315781456e-09	-1.50850973423e-11
3.65421670088e-09	-1.67002274639e-11
3.6552755872e-09	-1.83230742861e-11
3.65633447353e-09	-2.42268605351e-11
3.65739335985e-09	-2.69364988214e-11
3.65845224617e-09	-2.93438053803e-11
3.65951113249e-09	-3.3246339709e-11
3.66057001882e-09	-3.20675591116e-11
3.66162890514e-09	-3.14816903015e-11
3.66268779146e-09	-3.04021929159e-11
3.66374667779e-09	-2.49614012186e-11
3.66480556411e-09	-2.26454590756e-11
3.66586445043e-09	-2.00081555057e-11
3.66692333676e-09	-1.54512177792e-11
3.66798222308e-09	-1.59669708011e-11
3.6690411094e-09	-1.50443837076e-11
3.67009999572e-09	-1.48341733862e-11
3.67115888205e-09	-1.93842472455e-11
3.67221776837e-09	-2.09718492572e-11
3.67327665469e-09	-2.40541035441e-11
3.67433554102e-09	-2.87567558741e-11
3.67539442734e-09	-2.88464256822e-11
3.67645331366e-09	-3.09049511243e-11
3.67751219999e-09	-3.16061476036e-11
3.67857108631e-09	-2.77524932289e-11
3.67962997263e-09	-2.6694557155e-11
3.68068885896e-09	-2.35347448994e-11
3.68174774528e-09	-1.8189358548e-11
3.6828066316e-09	-1.73397113725e-11
3.68386551792e-09	-1.44839813971e-11
3.68492440425e-09	-1.30128559837e-11
3.68598329057e-09	-1.6302453853e-11
3.68704217689e-09	-1.64434948947e-11
3.68810106322e-09	-1.96418310219e-11
3.68915994954e-09	-2.4447392678e-11
3.69021883586e-09	-2.54711957906e-11
3.69127772219e-09	-2.89631010147e-11
3.69233660851e-09	-3.08650485812e-11
3.69339549483e-09	-2.85469640548e-11
3.69445438116e-09	-2.84153766055e-11
3.69551326748e-09	-2.54136815758e-11
3.6965721538e-09	-2.04108369746e-11
3.69763104012e-09	-1.92859541271e-11
3.69868992645e-09	-1.56413079103e-11
3.69974881277e-09	-1.33043939364e-11
3.70080769909e-09	-1.5299554592e-11
3.70186658542e-09	-1.44060618469e-11
3.70292547174e-09	-1.6735890126e-11
3.70398435806e-09	-2.12897245406e-11
3.70504324439e-09	-2.21852655604e-11
3.70610213071e-09	-2.61024708792e-11
3.70716101703e-09	-2.8234991168e-11
3.70821990336e-09	-2.68517862025e-11
3.70927878968e-09	-2.79729496944e-11
3.710337676e-09	-2.59706214867e-11
3.71139656232e-09	-2.21585932112e-11
3.71245544865e-09	-2.15061544961e-11
3.71351433497e-09	-1.76139673593e-11
3.71457322129e-09	-1.50198373704e-11
3.71563210762e-09	-1.61854363462e-11
3.71669099394e-09	-1.40772583477e-11
3.71774988026e-09	-1.56161053056e-11
3.71880876659e-09	-1.86293926249e-11
3.71986765291e-09	-1.88939124762e-11
3.72092653923e-09	-2.26816315296e-11
3.72198542555e-09	-2.43606762367e-11
3.72304431188e-09	-2.36989158766e-11
3.7241031982e-09	-2.5939993209e-11
3.72516208452e-09	-2.48008256726e-11
3.72622097085e-09	-2.25950201474e-11
3.72727985717e-09	-2.32461489294e-11
3.72833874349e-09	-1.98525213196e-11
3.72939762982e-09	-1.7975079758e-11
3.73045651614e-09	-1.84761711139e-11
3.73151540246e-09	-1.56527223908e-11
3.73257428879e-09	-1.61467675168e-11
3.73363317511e-09	-1.73348832034e-11
3.73469206143e-09	-1.58482932723e-11
3.73575094775e-09	-1.8553810723e-11
3.73680983408e-09	-1.97829251895e-11
3.7378687204e-09	-1.9689344339e-11
3.73892760672e-09	-2.27248445756e-11
3.73998649305e-09	-2.27180143187e-11
3.74104537937e-09	-2.22070067413e-11
3.74210426569e-09	-2.39312963977e-11
3.74316315202e-09	-2.18579156511e-11
3.74422203834e-09	-2.06518996782e-11
3.74528092466e-09	-2.06024279668e-11
3.74633981099e-09	-1.70731041067e-11
3.74739869731e-09	-1.69976736679e-11
3.74845758363e-09	-1.64869668482e-11
3.74951646995e-09	-1.41587071928e-11
3.75057535628e-09	-1.59058039092e-11
3.7516342426e-09	-1.60220575956e-11
3.75269312892e-09	-1.61492048033e-11
3.75375201525e-09	-1.93985236945e-11
3.75481090157e-09	-1.98508957753e-11
3.75586978789e-09	-2.06108869121e-11
3.75692867422e-09	-2.32490509049e-11
3.75798756054e-09	-2.1832781351e-11
3.75904644686e-09	-2.18237169872e-11
3.76010533318e-09	-2.20612378192e-11
3.76116421951e-09	-1.85759526251e-11
3.76222310583e-09	-1.79902623831e-11
3.76328199215e-09	-1.67903961134e-11
3.76434087848e-09	-1.35480600805e-11
3.7653997648e-09	-1.47194383418e-11
3.76645865112e-09	-1.38946123487e-11
3.76751753745e-09	-1.35915538806e-11
3.76857642377e-09	-1.65339147538e-11
3.76963531009e-09	-1.66332900144e-11
3.77069419642e-09	-1.79722650607e-11
3.77175308274e-09	-2.10257258652e-11
3.77281196906e-09	-2.03691590504e-11
3.77387085538e-09	-2.12634376252e-11
3.77492974171e-09	-2.21654164207e-11
3.77598862803e-09	-1.93734784075e-11
3.77704751435e-09	-1.92515704983e-11
3.77810640068e-09	-1.7801256671e-11
3.779165287e-09	-1.45990511347e-11
3.78022417332e-09	-1.51004826048e-11
3.78128305965e-09	-1.35732670763e-11
3.78234194597e-09	-1.22465342988e-11
3.78340083229e-09	-1.42997363083e-11
3.78445971862e-09	-1.34894748366e-11
3.78551860494e-09	-1.48238644667e-11
3.78657749126e-09	-1.75245851901e-11
3.78763637758e-09	-1.70226458797e-11
3.78869526391e-09	-1.90658997921e-11
3.78975415023e-09	-2.04801653067e-11
3.79081303655e-09	-1.8932795544e-11
3.79187192288e-09	-2.01647281772e-11
3.7929308092e-09	-1.91388484921e-11
3.79398969552e-09	-1.68271834184e-11
3.79504858185e-09	-1.69809840017e-11
3.79610746817e-09	-1.4235621037e-11
3.79716635449e-09	-1.21954278273e-11
3.79822524082e-09	-1.27231455623e-11
3.79928412714e-09	-1.07266414176e-11
3.80034301346e-09	-1.10826073253e-11
3.80140189978e-09	-1.31712896883e-11
3.80246078611e-09	-1.28728524151e-11
3.80351967243e-09	-1.55960367234e-11
3.80457855875e-09	-1.79089876609e-11
3.80563744508e-09	-1.8073332002e-11
3.8066963314e-09	-2.04583216687e-11
3.80775521772e-09	-2.03040414343e-11
3.80881410405e-09	-1.85693785652e-11
3.80987299037e-09	-1.89755842333e-11
3.81093187669e-09	-1.55130936309e-11
3.81199076301e-09	-1.26613135666e-11
3.81304964934e-09	-1.19915530413e-11
3.81410853566e-09	-8.58112235783e-12
3.81516742198e-09	-8.37852931566e-12
3.81622630831e-09	-9.63111448232e-12
3.81728519463e-09	-8.89214027931e-12
3.81834408095e-09	-1.20197666924e-11
3.81940296728e-09	-1.47100943622e-11
3.8204618536e-09	-1.56958971645e-11
3.82152073992e-09	-1.94645018419e-11
3.82257962625e-09	-2.00018251744e-11
3.82363851257e-09	-1.91850301921e-11
3.82469739889e-09	-1.99831587909e-11
3.82575628521e-09	-1.65300322258e-11
3.82681517154e-09	-1.37117595923e-11
3.82787405786e-09	-1.235369077e-11
3.82893294418e-09	-8.08159637301e-12
3.82999183051e-09	-7.08319259366e-12
3.83105071683e-09	-7.08621318091e-12
3.83210960315e-09	-6.09225227232e-12
3.83316848948e-09	-9.11752075748e-12
3.8342273758e-09	-1.13562137125e-11
3.83528626212e-09	-1.29867882399e-11
3.83634514845e-09	-1.72832582664e-11
3.83740403477e-09	-1.83386897248e-11
3.83846292109e-09	-1.85035823469e-11
3.83952180741e-09	-1.97839421711e-11
3.84058069374e-09	-1.70411011691e-11
3.84163958006e-09	-1.5069920355e-11
3.84269846638e-09	-1.35997093578e-11
3.84375735271e-09	-9.20450911671e-12
3.84481623903e-09	-7.85977565584e-12
3.84587512535e-09	-6.80737915039e-12
3.84693401168e-09	-4.98568571952e-12
3.847992898e-09	-7.12715634123e-12
3.84905178432e-09	-7.99444554609e-12
3.85011067065e-09	-9.10682721724e-12
3.85116955697e-09	-1.33063253341e-11
3.85222844329e-09	-1.43997689207e-11
3.85328732961e-09	-1.58965958886e-11
3.85434621594e-09	-1.77984100982e-11
3.85540510226e-09	-1.64842896277e-11
3.85646398858e-09	-1.61415881746e-11
3.85752287491e-09	-1.51502458582e-11
3.85858176123e-09	-1.13853882377e-11
3.85964064755e-09	-1.02331755266e-11
3.86069953388e-09	-8.2126900224e-12
3.8617584202e-09	-5.29736763353e-12
3.86281730652e-09	-6.03114709867e-12
3.86387619284e-09	-5.46646630956e-12
3.86493507917e-09	-5.48981753069e-12
3.86599396549e-09	-8.63050885098e-12
3.86705285181e-09	-9.54948528023e-12
3.86811173814e-09	-1.17321498111e-11
3.86917062446e-09	-1.50831841591e-11
3.87022951078e-09	-1.51351518124e-11
3.87128839711e-09	-1.65535099734e-11
3.87234728343e-09	-1.67685186483e-11
3.87340616975e-09	-1.40799245093e-11
3.87446505608e-09	-1.33891133857e-11
3.8755239424e-09	-1.06615792583e-11
3.87658282872e-09	-6.81715740716e-12
3.87764171504e-09	-6.01341269531e-12
3.87870060137e-09	-3.65758920547e-12
3.87975948769e-09	-2.53127240577e-12
3.88081837401e-09	-4.25736111946e-12
3.88187726034e-09	-4.76679999184e-12
3.88293614666e-09	-7.64130436443e-12
3.88399503298e-09	-1.14369828712e-11
3.88505391931e-09	-1.2756928272e-11
3.88611280563e-09	-1.58213082392e-11
3.88717169195e-09	-1.72082773378e-11
3.88823057828e-09	-1.60806589398e-11
3.8892894646e-09	-1.60250701597e-11
3.89034835092e-09	-1.3158388875e-11
3.89140723724e-09	-9.04725014524e-12
3.89246612357e-09	-7.12515701821e-12
3.89352500989e-09	-3.27496610017e-12
3.89458389621e-09	-9.45634277263e-13
3.89564278254e-09	-1.53756246965e-12
3.89670166886e-09	-1.04788351051e-12
3.89776055518e-09	-3.86721362398e-12
3.89881944151e-09	-7.87886910662e-12
3.89987832783e-09	-9.88948641945e-12
3.90093721415e-09	-1.39548428152e-11
3.90199610047e-09	-1.64214800612e-11
3.9030549868e-09	-1.62496845407e-11
3.90411387312e-09	-1.70723460325e-11
3.90517275944e-09	-1.44575876878e-11
3.90623164577e-09	-1.10846804283e-11
3.90729053209e-09	-8.82155741684e-12
3.90834941841e-09	-4.28623879011e-12
3.90940830474e-09	-1.77565570618e-12
3.91046719106e-09	-1.05586805981e-12
3.91152607738e-09	3.44618348005e-13
3.91258496371e-09	-1.71309864352e-12
3.91364385003e-09	-4.69603007739e-12
3.91470273635e-09	-6.52075165782e-12
3.91576162267e-09	-1.08280479852e-11
3.916820509e-09	-1.33542543343e-11
3.91787939532e-09	-1.44246234965e-11
3.91893828164e-09	-1.61527776831e-11
3.91999716797e-09	-1.4726266105e-11
3.92105605429e-09	-1.24733462491e-11
3.92211494061e-09	-1.06651626549e-11
3.92317382694e-09	-6.76903135323e-12
3.92423271326e-09	-4.18967231785e-12
3.92529159958e-09	-2.82911067078e-12
3.92635048591e-09	-3.71910703324e-13
3.92740937223e-09	-8.19838896884e-13
3.92846825855e-09	-2.0872263065e-12
3.92952714487e-09	-2.98660670305e-12
3.9305860312e-09	-6.54914393116e-12
3.93164491752e-09	-8.91143859009e-12
3.93270380384e-09	-1.05037093389e-11
3.93376269017e-09	-1.35217773393e-11
3.93482157649e-09	-1.34928366223e-11
3.93588046281e-09	-1.31494257757e-11
3.93693934914e-09	-1.29896602372e-11
3.93799823546e-09	-9.8602896681e-12
3.93905712178e-09	-7.7824686257e-12
3.94011600811e-09	-5.71728103228e-12
3.94117489443e-09	-2.35802931949e-12
3.94223378075e-09	-1.50724163781e-12
3.94329266707e-09	-7.79375253774e-13
3.9443515534e-09	-3.37820187778e-13
3.94541043972e-09	-2.52854445823e-12
3.94646932604e-09	-3.95938474064e-12
3.94752821237e-09	-6.07176673306e-12
3.94858709869e-09	-9.86243411157e-12
3.94964598501e-09	-1.09704074709e-11
3.95070487134e-09	-1.29319943426e-11
3.95176375766e-09	-1.41293561053e-11
3.95282264398e-09	-1.25177289324e-11
3.9538815303e-09	-1.13847849876e-11
3.95494041663e-09	-8.96328172274e-12
3.95599930295e-09	-5.41611631303e-12
3.95705818927e-09	-3.02240423986e-12
3.9581170756e-09	-4.10329085434e-13
3.95917596192e-09	1.38893180269e-12
3.96023484824e-09	8.51154880626e-13
3.96129373457e-09	6.10545752952e-14
3.96235262089e-09	-2.07578168521e-12
3.96341150721e-09	-5.9534189102e-12
3.96447039354e-09	-8.25232742384e-12
3.96552927986e-09	-1.13841511088e-11
3.96658816618e-09	-1.37248279148e-11
3.9676470525e-09	-1.35834468673e-11
3.96870593883e-09	-1.35345684313e-11
3.96976482515e-09	-1.1525281055e-11
3.97082371147e-09	-7.72193376949e-12
3.9718825978e-09	-5.05918039666e-12
3.97294148412e-09	-1.47681175557e-12
3.97400037044e-09	1.44874726365e-12
3.97505925677e-09	2.18656005913e-12
3.97611814309e-09	2.75496816928e-12
3.97717702941e-09	1.23309027648e-12
3.97823591574e-09	-2.46956928106e-12
3.97929480206e-09	-4.93628364096e-12
3.98035368838e-09	-8.90077215491e-12
3.9814125747e-09	-1.21349484281e-11
3.98247146103e-09	-1.29917022778e-11
3.98353034735e-09	-1.39667883379e-11
3.98458923367e-09	-1.24794014098e-11
3.98564812e-09	-9.66949030611e-12
3.98670700632e-09	-6.96175571618e-12
3.98776589264e-09	-2.96796783114e-12
3.98882477897e-09	2.08391870807e-13
3.98988366529e-09	1.82948198013e-12
3.99094255161e-09	3.20969298232e-12
3.99200143794e-09	2.40706947104e-12
3.99306032426e-09	1.81392842573e-13
3.99411921058e-09	-2.09274396044e-12
3.9951780969e-09	-5.95050744789e-12
3.99623698323e-09	-8.94552780375e-12
3.99729586955e-09	-1.0574628792e-11
3.99835475587e-09	-1.26774118547e-11
3.9994136422e-09	-1.18941212131e-11
4.00047252852e-09	-1.04693647415e-11
4.00153141484e-09	-8.71881082956e-12
4.00259030117e-09	-5.21518505464e-12
4.00364918749e-09	-2.11749994167e-12
4.00470807381e-09	-7.66609540605e-15
4.00576696013e-09	2.21016732476e-12
4.00682584646e-09	2.29727277782e-12
4.00788473278e-09	1.49996687841e-12
4.0089436191e-09	4.49415790091e-13
4.01000250543e-09	-2.99675459144e-12
4.01106139175e-09	-5.42080058142e-12
4.01212027807e-09	-7.3562505371e-12
4.0131791644e-09	-9.9036550987e-12
4.01423805072e-09	-1.03463321352e-11
4.01529693704e-09	-1.01390577791e-11
4.01635582337e-09	-9.28306731615e-12
4.01741470969e-09	-6.79669460903e-12
4.01847359601e-09	-4.584635487e-12
4.01953248233e-09	-2.09225971509e-12
4.02059136866e-09	2.62722008658e-13
4.02165025498e-09	1.23090016607e-12
4.0227091413e-09	1.70010250181e-12
4.02376802763e-09	1.3280648418e-12
4.02482691395e-09	-7.39705341521e-13
4.02588580027e-09	-2.17480561012e-12
4.0269446866e-09	-4.398523646e-12
4.02800357292e-09	-7.18576196809e-12
4.02906245924e-09	-8.11745272779e-12
4.03012134557e-09	-8.97699113395e-12
4.03118023189e-09	-8.84137934306e-12
4.03223911821e-09	-7.35817027968e-12
4.03329800453e-09	-5.98627571124e-12
4.03435689086e-09	-3.8910109672e-12
4.03541577718e-09	-1.55669177025e-12
4.0364746635e-09	-2.40323691123e-13
4.03753354983e-09	1.09008693727e-12
4.03859243615e-09	1.49200778414e-12
4.03965132247e-09	3.88645334211e-13
4.0407102088e-09	-3.7394558309e-13
4.04176909512e-09	-2.44463973262e-12
4.04282798144e-09	-4.64911805885e-12
4.04388686776e-09	-5.64222792294e-12
4.04494575409e-09	-7.12478042059e-12
4.04600464041e-09	-7.53340646158e-12
4.04706352673e-09	-6.71523302459e-12
4.04812241306e-09	-6.55911663958e-12
4.04918129938e-09	-4.61126650102e-12
4.0502401857e-09	-2.75209964139e-12
4.05129907203e-09	-1.82883748293e-12
4.05235795835e-09	-6.67058774753e-15
4.05341684467e-09	5.01728156973e-13
4.054475731e-09	-1.62467451601e-13
4.05553461732e-09	-1.4681376054e-13
4.05659350364e-09	-1.65554637328e-12
4.05765238996e-09	-3.08627415616e-12
4.05871127629e-09	-3.75624925858e-12
4.05977016261e-09	-5.47573889443e-12
4.06082904893e-09	-5.87397079761e-12
4.06188793526e-09	-5.35338592032e-12
4.06294682158e-09	-5.55823019988e-12
4.0640057079e-09	-4.32858854012e-12
4.06506459423e-09	-3.03161456442e-12
4.06612348055e-09	-2.83517469484e-12
4.06718236687e-09	-1.17745014585e-12
4.0682412532e-09	-1.17917712405e-12
4.06930013952e-09	-1.33546842476e-12
4.07035902584e-09	-9.22915105342e-13
4.07141791216e-09	-2.01473486874e-12
4.07247679849e-09	-2.52255029744e-12
4.07353568481e-09	-2.63872541303e-12
4.07459457113e-09	-4.13289584847e-12
4.07565345746e-09	-3.80026310984e-12
4.07671234378e-09	-3.69384989989e-12
4.0777712301e-09	-4.13825684874e-12
4.07883011643e-09	-3.07018511769e-12
4.07988900275e-09	-2.68181704871e-12
4.08094788907e-09	-2.83933046887e-12
4.0820067754e-09	-1.73356722349e-12
4.08306566172e-09	-2.45486999327e-12
4.08412454804e-09	-2.5127359232e-12
4.08518343436e-09	-1.90280680006e-12
4.08624232069e-09	-2.98583122745e-12
4.08730120701e-09	-2.82884021654e-12
4.08836009333e-09	-2.76354057639e-12
4.08941897966e-09	-3.47690561238e-12
4.09047786598e-09	-2.66966379287e-12
4.0915367523e-09	-2.53490811512e-12
4.09259563863e-09	-2.84368511269e-12
4.09365452495e-09	-1.52459384974e-12
4.09471341127e-09	-1.97521629586e-12
4.09577229759e-09	-2.35378191005e-12
4.09683118392e-09	-1.82125127289e-12
4.09789007024e-09	-3.08024696786e-12
4.09894895656e-09	-3.26333112009e-12
4.10000784289e-09	-2.95623663488e-12
4.10106672921e-09	-4.38617778166e-12
4.10212561553e-09	-3.81035686944e-12
4.10318450186e-09	-3.41088065453e-12
4.10424338818e-09	-3.80413354897e-12
4.1053022745e-09	-2.26712875903e-12
4.10636116083e-09	-1.76201201795e-12
4.10742004715e-09	-1.86665689416e-12
4.10847893347e-09	-4.06934564475e-13
4.10953781979e-09	-7.59248681992e-13
4.11059670612e-09	-1.47611709368e-12
4.11165559244e-09	-1.09933446013e-12
4.11271447876e-09	-2.95665355805e-12
4.11377336509e-09	-3.48915609404e-12
4.11483225141e-09	-3.90396178926e-12
4.11589113773e-09	-5.52500471589e-12
4.11695002406e-09	-4.7113982095e-12
4.11800891038e-09	-4.50500204361e-12
4.1190677967e-09	-4.70036135665e-12
4.12012668303e-09	-2.54158472697e-12
4.12118556935e-09	-2.01875538855e-12
4.12224445567e-09	-1.38059022222e-12
4.12330334199e-09	3.24640118797e-13
4.12436222832e-09	-3.7214726438e-13
4.12542111464e-09	-3.00051409635e-13
4.12648000096e-09	-1.07052679167e-13
4.12753888729e-09	-2.40706968789e-12
4.12859777361e-09	-2.8877541634e-12
4.12965665993e-09	-3.8779107963e-12
4.13071554626e-09	-5.90862732006e-12
4.13177443258e-09	-5.18887919286e-12
4.1328333189e-09	-5.74750945621e-12
4.13389220523e-09	-6.09791649684e-12
4.13495109155e-09	-3.75894936922e-12
4.13600997787e-09	-3.29183945727e-12
4.13706886419e-09	-2.13321024799e-12
4.13812775052e-09	1.64274608253e-13
4.13918663684e-09	-4.75130119642e-13
4.14024552316e-09	2.1964672072e-13
4.14130440949e-09	6.61283006164e-13
4.14236329581e-09	-1.72581053452e-12
4.14342218213e-09	-2.01781310844e-12
4.14448106846e-09	-3.38311548372e-12
4.14553995478e-09	-5.79659324013e-12
4.1465988411e-09	-5.43973739209e-12
4.14765772742e-09	-6.2756075293e-12
4.14871661375e-09	-6.8106134881e-12
4.14977550007e-09	-4.8297754549e-12
4.15083438639e-09	-4.89225451599e-12
4.15189327272e-09	-3.43338383982e-12
4.15295215904e-09	-8.03079079474e-13
4.15401104536e-09	-1.15031430019e-12
4.15506993169e-09	-3.87394787473e-14
4.15612881801e-09	9.58145008104e-13
4.15718770433e-09	-1.32360554198e-12
4.15824659066e-09	-1.03155895962e-12
4.15930547698e-09	-2.40895033142e-12
4.1603643633e-09	-5.12759642688e-12
4.16142324962e-09	-4.61315379885e-12
4.16248213595e-09	-6.30287559341e-12
4.16354102227e-09	-7.16634927398e-12
4.16459990859e-09	-5.37608655239e-12
4.16565879492e-09	-6.09499083148e-12
4.16671768124e-09	-4.55971556085e-12
4.16777656756e-09	-2.15120549005e-12
4.16883545389e-09	-2.70749059023e-12
4.16989434021e-09	-8.13801696658e-13
4.17095322653e-09	2.03987083488e-13
4.17201211286e-09	-1.17805342643e-12
4.17307099918e-09	-1.66384724873e-13
4.1741298855e-09	-1.49768245765e-12
4.17518877182e-09	-4.11065859086e-12
4.17624765815e-09	-3.62281642267e-12
4.17730654447e-09	-6.03137705795e-12
4.17836543079e-09	-7.00936861721e-12
4.17942431712e-09	-5.6185101195e-12
4.18048320344e-09	-7.06042906432e-12
4.18154208976e-09	-5.80025063352e-12
4.18260097609e-09	-3.67627165722e-12
4.18365986241e-09	-4.11122015338e-12
4.18471874873e-09	-1.60852009338e-12
4.18577763505e-09	-8.0505096201e-13
4.18683652138e-09	-1.85444578259e-12
4.1878954077e-09	-1.24715924979e-13
4.18895429402e-09	-1.4140726418e-12
4.19001318035e-09	-3.34064975118e-12
4.19107206667e-09	-2.78253643542e-12
4.19213095299e-09	-5.54478148508e-12
4.19318983932e-09	-6.51490921757e-12
4.19424872564e-09	-5.31264165011e-12
4.19530761196e-09	-7.48953199806e-12
4.19636649829e-09	-6.19863866182e-12
4.19742538461e-09	-4.54945278092e-12
4.19848427093e-09	-5.72052404361e-12
4.19954315725e-09	-2.7848881648e-12
4.20060204358e-09	-2.17167847968e-12
4.2016609299e-09	-3.09331802794e-12
4.20271981622e-09	-7.76896471146e-13
4.20377870255e-09	-2.23282649965e-12
4.20483758887e-09	-3.29084058181e-12
4.20589647519e-09	-1.99892257626e-12
4.20695536152e-09	-4.82715300024e-12
4.20801424784e-09	-5.42115934392e-12
4.20907313416e-09	-4.67812414986e-12
4.21013202049e-09	-7.38436400785e-12
4.21119090681e-09	-5.99393603327e-12
4.21224979313e-09	-5.16650645063e-12
4.21330867945e-09	-6.76499221225e-12
4.21436756578e-09	-3.78260388235e-12
4.2154264521e-09	-3.63024650759e-12
4.21648533842e-09	-4.33283313742e-12
4.21754422475e-09	-1.74597071826e-12
4.21860311107e-09	-3.16117672403e-12
4.21966199739e-09	-3.5243918786e-12
4.22072088372e-09	-2.00172412418e-12
4.22177977004e-09	-4.59456420392e-12
4.22283865636e-09	-4.64025139927e-12
4.22389754269e-09	-3.95394874746e-12
4.22495642901e-09	-6.85939234015e-12
4.22601531533e-09	-5.37485027731e-12
4.22707420165e-09	-5.06964788075e-12
4.22813308798e-09	-7.07057898558e-12
4.2291919743e-09	-4.50191770527e-12
4.23025086062e-09	-4.99330879921e-12
4.23130974695e-09	-5.89793963451e-12
4.23236863327e-09	-3.07818630611e-12
4.23342751959e-09	-4.81982991929e-12
4.23448640592e-09	-4.60795551022e-12
4.23554529224e-09	-2.75600522391e-12
4.23660417856e-09	-5.15944529938e-12
4.23766306488e-09	-4.14894111905e-12
4.23872195121e-09	-3.44764541487e-12
4.23978083753e-09	-6.21918234142e-12
4.24083972385e-09	-4.49271891391e-12
4.24189861018e-09	-4.9364232862e-12
4.2429574965e-09	-7.09165733949e-12
4.24401638282e-09	-4.4713455757e-12
4.24507526915e-09	-6.07041522084e-12
4.24613415547e-09	-7.02062160577e-12
4.24719304179e-09	-4.30150402466e-12
4.24825192812e-09	-6.52708209746e-12
4.24931081444e-09	-5.84427596378e-12
4.25036970076e-09	-3.65372074501e-12
4.25142858708e-09	-6.25513470231e-12
4.25248747341e-09	-3.91996865198e-12
4.25354635973e-09	-3.27973136523e-12
4.25460524605e-09	-5.99694762165e-12
4.25566413238e-09	-3.60015188776e-12
4.2567230187e-09	-4.47068014661e-12
4.25778190502e-09	-6.76748414252e-12
4.25884079135e-09	-4.55881923737e-12
4.25989967767e-09	-6.95744454887e-12
4.26095856399e-09	-7.6221344774e-12
4.26201745032e-09	-5.24210325349e-12
4.26307633664e-09	-7.84515378008e-12
4.26413522296e-09	-6.93626888782e-12
4.26519410928e-09	-4.93571613905e-12
4.26625299561e-09	-7.23736207683e-12
4.26731188193e-09	-4.76444361394e-12
4.26837076825e-09	-3.90744893581e-12
4.26942965458e-09	-6.24909228097e-12
4.2704885409e-09	-3.40269874994e-12
4.27154742722e-09	-4.46966725784e-12
4.27260631355e-09	-6.58869530115e-12
4.27366519987e-09	-4.27081833169e-12
4.27472408619e-09	-7.10218391259e-12
4.27578297252e-09	-7.76306032261e-12
4.27684185884e-09	-5.68714625632e-12
4.27790074516e-09	-9.15797494262e-12
4.27895963148e-09	-7.66682962776e-12
4.28001851781e-09	-6.14692862176e-12
4.28107740413e-09	-8.56226873257e-12
4.28213629045e-09	-5.50829653699e-12
4.28319517678e-09	-5.17685156895e-12
4.2842540631e-09	-6.98052444841e-12
4.28531294942e-09	-3.93234346452e-12
4.28637183575e-09	-5.34559706613e-12
4.28743072207e-09	-6.64978602781e-12
4.28848960839e-09	-4.15016741947e-12
4.28954849471e-09	-7.14630568263e-12
4.29060738104e-09	-7.58382175418e-12
4.29166626736e-09	-5.75126322163e-12
4.29272515368e-09	-9.66606157095e-12
4.29378404001e-09	-8.10181544249e-12
4.29484292633e-09	-7.24177767991e-12
4.29590181265e-09	-1.01621057489e-11
4.29696069898e-09	-6.83959014642e-12
4.2980195853e-09	-6.9378427428e-12
4.29907847162e-09	-8.40355530388e-12
4.30013735795e-09	-4.73163042493e-12
4.30119624427e-09	-6.38287919697e-12
4.30225513059e-09	-6.8535943522e-12
4.30331401691e-09	-4.00819420108e-12
4.30437290324e-09	-7.106694031e-12
4.30543178956e-09	-7.19030618466e-12
4.30649067588e-09	-5.87553656512e-12
4.30754956221e-09	-1.00812039923e-11
4.30860844853e-09	-8.29725687029e-12
4.30966733485e-09	-8.05561298006e-12
4.31072622118e-09	-1.13489532442e-11
4.3117851075e-09	-7.9930968528e-12
4.31284399382e-09	-8.78123279386e-12
4.31390288015e-09	-1.00635105717e-11
4.31496176647e-09	-5.75239411226e-12
4.31602065279e-09	-7.49286282976e-12
4.31707953911e-09	-7.3056223614e-12
4.31813842544e-09	-4.31216107472e-12
4.31919731176e-09	-7.65949012115e-12
4.32025619808e-09	-6.75527819446e-12
4.32131508441e-09	-5.9383467314e-12
4.32237397073e-09	-1.02255139035e-11
4.32343285705e-09	-8.27267453759e-12
4.32449174338e-09	-8.73401432558e-12
4.3255506297e-09	-1.23669226986e-11
4.32660951602e-09	-9.05243639922e-12
4.32766840234e-09	-1.05736963239e-11
4.32872728867e-09	-1.14268466651e-11
4.32978617499e-09	-7.27270044046e-12
4.33084506131e-09	-9.2567278712e-12
4.33190394764e-09	-8.24486507713e-12
4.33296283396e-09	-5.0575808732e-12
4.33402172028e-09	-8.36701682331e-12
4.33508060661e-09	-6.55791458463e-12
4.33613949293e-09	-5.93848452672e-12
4.33719837925e-09	-1.02589488554e-11
4.33825726558e-09	-8.14391073025e-12
4.3393161519e-09	-9.52154213764e-12
4.34037503822e-09	-1.30690610244e-11
4.34143392454e-09	-9.68826912142e-12
4.34249281087e-09	-1.19419246627e-11
4.34355169719e-09	-1.25259998771e-11
4.34461058351e-09	-8.43825668519e-12
4.34566946984e-09	-1.10024543729e-11
4.34672835616e-09	-9.12033035899e-12
4.34778724248e-09	-6.04089588546e-12
4.34884612881e-09	-9.62207050148e-12
4.34990501513e-09	-7.21187920581e-12
4.35096390145e-09	-6.28743815367e-12
4.35202278778e-09	-1.05724137127e-11
4.3530816741e-09	-7.73991813566e-12
4.35414056042e-09	-9.90083351676e-12
4.35519944674e-09	-1.3292866482e-11
4.35625833307e-09	-9.91651536277e-12
4.35731721939e-09	-1.28557973728e-11
4.35837610571e-09	-1.34541482772e-11
4.35943499204e-09	-9.60099404493e-12
4.36049387836e-09	-1.26507904629e-11
4.36155276468e-09	-1.04790106713e-11
4.36261165101e-09	-7.57639846585e-12
4.36367053733e-09	-1.12549557348e-11
4.36472942365e-09	-8.0683701365e-12
4.36578830998e-09	-7.4520685575e-12
4.3668471963e-09	-1.10990548349e-11
4.36790608262e-09	-7.78406950442e-12
4.36896496894e-09	-9.96960088269e-12
4.37002385527e-09	-1.29094378416e-11
4.37108274159e-09	-9.47200277197e-12
4.37214162791e-09	-1.33691900866e-11
4.37320051424e-09	-1.3791479677e-11
4.37425940056e-09	-1.05687037626e-11
4.37531828688e-09	-1.4221947296e-11
4.37637717321e-09	-1.18250385612e-11
4.37743605953e-09	-9.59046882708e-12
4.37849494585e-09	-1.27719994953e-11
4.37955383217e-09	-8.95059915941e-12
4.3806127185e-09	-8.77115285784e-12
4.38167160482e-09	-1.17208369746e-11
4.38273049114e-09	-7.82706739049e-12
4.38378937747e-09	-1.05411001108e-11
4.38484826379e-09	-1.25565817509e-11
4.38590715011e-09	-9.3858469987e-12
4.38696603644e-09	-1.36866118482e-11
4.38802492276e-09	-1.36591374062e-11
4.38908380908e-09	-1.09219712809e-11
4.39014269541e-09	-1.54009428908e-11
4.39120158173e-09	-1.3015723048e-11
4.39226046805e-09	-1.13625411705e-11
4.39331935437e-09	-1.46798340627e-11
4.3943782407e-09	-1.03321650823e-11
4.39543712702e-09	-1.04247615857e-11
4.39649601334e-09	-1.28724343467e-11
4.39755489967e-09	-8.4838010369e-12
4.39861378599e-09	-1.12405500489e-11
4.39967267231e-09	-1.2595179782e-11
4.40073155864e-09	-9.21129226497e-12
4.40179044496e-09	-1.37412581314e-11
4.40284933128e-09	-1.34631765372e-11
4.40390821761e-09	-1.14165851794e-11
4.40496710393e-09	-1.61740631738e-11
4.40602599025e-09	-1.34946217612e-11
4.40708487657e-09	-1.28176659282e-11
4.4081437629e-09	-1.63109217972e-11
4.40920264922e-09	-1.16999713412e-11
4.41026153554e-09	-1.2538307957e-11
4.41132042187e-09	-1.43188648872e-11
4.41237930819e-09	-9.43313198279e-12
4.41343819451e-09	-1.21259535616e-11
4.41449708084e-09	-1.26335117498e-11
4.41555596716e-09	-9.26626627534e-12
4.41661485348e-09	-1.39053310966e-11
4.41767373981e-09	-1.31205427382e-11
4.41873262613e-09	-1.16478054415e-11
4.41979151245e-09	-1.6516410635e-11
4.42085039877e-09	-1.3736976617e-11
4.4219092851e-09	-1.37449011591e-11
4.42296817142e-09	-1.74761169078e-11
4.42402705774e-09	-1.31235845758e-11
4.42508594407e-09	-1.43464742039e-11
4.42614483039e-09	-1.57667806762e-11
4.42720371671e-09	-1.09821166375e-11
4.42826260304e-09	-1.38279575507e-11
4.42932148936e-09	-1.34402373128e-11
4.43038037568e-09	-9.91621116274e-12
4.431439262e-09	-1.42426122979e-11
4.43249814833e-09	-1.26534758149e-11
4.43355703465e-09	-1.15482845183e-11
4.43461592097e-09	-1.65000719251e-11
4.4356748073e-09	-1.35312156445e-11
4.43673369362e-09	-1.4625080552e-11
4.43779257994e-09	-1.82422685898e-11
4.43885146627e-09	-1.40225096075e-11
4.43991035259e-09	-1.63903318001e-11
4.44096923891e-09	-1.74462010593e-11
4.44202812524e-09	-1.26800525917e-11
4.44308701156e-09	-1.58277980566e-11
4.44414589788e-09	-1.43191220599e-11
4.4452047842e-09	-1.09990944575e-11
4.44626367053e-09	-1.5182893354e-11
4.44732255685e-09	-1.22821632422e-11
4.44838144317e-09	-1.15605112289e-11
4.4494403295e-09	-1.61814455064e-11
4.45049921582e-09	-1.29881971606e-11
4.45155810214e-09	-1.49414079199e-11
4.45261698847e-09	-1.8412531699e-11
4.45367587479e-09	-1.48495778391e-11
4.45473476111e-09	-1.80921472465e-11
4.45579364744e-09	-1.88683706246e-11
4.45685253376e-09	-1.44635822416e-11
4.45791142008e-09	-1.7747237924e-11
4.4589703064e-09	-1.5726232057e-11
4.46002919273e-09	-1.2356212814e-11
4.46108807905e-09	-1.61065360268e-11
4.46214696537e-09	-1.24070955333e-11
4.4632058517e-09	-1.17716404116e-11
4.46426473802e-09	-1.60316705657e-11
4.46532362434e-09	-1.23572698298e-11
4.46638251067e-09	-1.50121647969e-11
4.46744139699e-09	-1.85370494996e-11
4.46850028331e-09	-1.49379881294e-11
4.46955916963e-09	-1.92645810328e-11
4.47061805596e-09	-1.97982357505e-11
4.47167694228e-09	-1.60115258725e-11
4.4727358286e-09	-1.991667508e-11
4.47379471493e-09	-1.72121477227e-11
4.47485360125e-09	-1.41355117715e-11
4.47591248757e-09	-1.77154083503e-11
4.4769713739e-09	-1.29979583412e-11
4.47803026022e-09	-1.26492497032e-11
4.47908914654e-09	-1.63193358566e-11
4.48014803287e-09	-1.21477960612e-11
4.48120691919e-09	-1.52915064508e-11
4.48226580551e-09	-1.82177211684e-11
4.48332469183e-09	-1.48286133264e-11
4.48438357816e-09	-1.98817360145e-11
4.48544246448e-09	-2.02429603028e-11
4.4865013508e-09	-1.70988391631e-11
4.48756023713e-09	-2.16526384496e-11
4.48861912345e-09	-1.84222152507e-11
4.48967800977e-09	-1.59845558014e-11
4.4907368961e-09	-1.93133866105e-11
4.49179578242e-09	-1.42708684496e-11
4.49285466874e-09	-1.41755863775e-11
4.49391355507e-09	-1.6849887154e-11
4.49497244139e-09	-1.22498919645e-11
4.49603132771e-09	-1.57512254108e-11
4.49709021403e-09	-1.75381530045e-11
4.49814910036e-09	-1.46437111569e-11
4.49920798668e-09	-2.00510040429e-11
4.500266873e-09	-1.99423125583e-11
4.50132575933e-09	-1.7720039791e-11
4.50238464565e-09	-2.24849208263e-11
4.50344353197e-09	-1.93375966281e-11
4.5045024183e-09	-1.79277949907e-11
4.50556130462e-09	-2.11592308345e-11
4.50662019094e-09	-1.59835279777e-11
4.50767907727e-09	-1.61966268305e-11
4.50873796359e-09	-1.80314727993e-11
4.50979684991e-09	-1.31942152516e-11
4.51085573623e-09	-1.64200209419e-11
4.51191462256e-09	-1.74472863457e-11
4.51297350888e-09	-1.41208930942e-11
4.5140323952e-09	-1.98037677836e-11
4.51509128153e-09	-1.91100567445e-11
4.51615016785e-09	-1.78281674363e-11
4.51720905417e-09	-2.31441307091e-11
4.5182679405e-09	-2.01183527303e-11
4.51932682682e-09	-1.98240642652e-11
4.52038571314e-09	-2.2960624721e-11
4.52144459946e-09	-1.75745131338e-11
4.52250348579e-09	-1.86807788205e-11
4.52356237211e-09	-1.98071916941e-11
4.52462125843e-09	-1.44526492011e-11
4.52568014476e-09	-1.75989679644e-11
4.52673903108e-09	-1.73503485884e-11
4.5277979174e-09	-1.40726035425e-11
4.52885680373e-09	-1.96014975085e-11
4.52991569005e-09	-1.82933194417e-11
4.53097457637e-09	-1.7580016002e-11
4.5320334627e-09	-2.3228400323e-11
4.53309234902e-09	-2.01224357272e-11
4.53415123534e-09	-2.11012405466e-11
4.53521012166e-09	-2.45187596355e-11
4.53626900799e-09	-1.92248287602e-11
4.53732789431e-09	-2.077851953e-11
4.53838678063e-09	-2.12385111668e-11
4.53944566696e-09	-1.57920025255e-11
4.54050455328e-09	-1.9086960094e-11
4.5415634396e-09	-1.77343374361e-11
4.54262232593e-09	-1.45498775246e-11
4.54368121225e-09	-1.95080126098e-11
4.54474009857e-09	-1.76450826606e-11
4.5457989849e-09	-1.76315937761e-11
4.54685787122e-09	-2.30021936828e-11
4.54791675754e-09	-1.98727848413e-11
4.54897564386e-09	-2.18006795342e-11
4.55003453019e-09	-2.51530285315e-11
4.55109341651e-09	-2.04137169408e-11
4.55215230283e-09	-2.28659242148e-11
4.55321118916e-09	-2.28098696615e-11
4.55427007548e-09	-1.75643550811e-11
4.5553289618e-09	-2.08069369026e-11
4.55638784813e-09	-1.85912008444e-11
4.55744673445e-09	-1.56273444706e-11
4.55850562077e-09	-2.02332994109e-11
4.5595645071e-09	-1.73744614616e-11
4.56062339342e-09	-1.78406424833e-11
4.56168227974e-09	-2.27101514677e-11
4.56274116606e-09	-1.9471742144e-11
4.56380005239e-09	-2.19575426634e-11
4.56485893871e-09	-2.52026715469e-11
4.56591782503e-09	-2.07276138527e-11
4.56697671136e-09	-2.4066388422e-11
4.56803559768e-09	-2.38700522022e-11
4.569094484e-09	-1.92439188499e-11
4.57015337033e-09	-2.27668483024e-11
4.57121225665e-09	-1.99340166769e-11
4.57227114297e-09	-1.73158385417e-11
4.57333002929e-09	-2.12331337408e-11
4.57438891562e-09	-1.75762605425e-11
4.57544780194e-09	-1.80495642304e-11
4.57650668826e-09	-2.24308713964e-11
4.57756557459e-09	-1.90485425827e-11
4.57862446091e-09	-2.21573256704e-11
4.57968334723e-09	-2.46150873122e-11
4.58074223356e-09	-2.0789840227e-11
4.58180111988e-09	-2.47329684944e-11
4.5828600062e-09	-2.44264140165e-11
4.58391889253e-09	-2.06330102743e-11
4.58497777885e-09	-2.44745181153e-11
4.58603666517e-09	-2.14242045328e-11
4.58709555149e-09	-1.91020718123e-11
4.58815443782e-09	-2.27505954613e-11
4.58921332414e-09	-1.83619837e-11
4.59027221046e-09	-1.90147888754e-11
4.59133109679e-09	-2.26303908338e-11
4.59238998311e-09	-1.85245349876e-11
4.59344886943e-09	-2.18550340585e-11
4.59450775576e-09	-2.38549290998e-11
4.59556664208e-09	-2.05135849713e-11
4.5966255284e-09	-2.54086502272e-11
4.59768441473e-09	-2.45966513216e-11
4.59874330105e-09	-2.18333223679e-11
4.59980218737e-09	-2.59500476663e-11
4.60086107369e-09	-2.2518955884e-11
4.60191996002e-09	-2.10467961418e-11
4.60297884634e-09	-2.43059480962e-11
4.60403773266e-09	-1.95386492359e-11
4.60509661899e-09	-2.03117201877e-11
4.60615550531e-09	-2.27937950632e-11
4.60721439163e-09	-1.8740603687e-11
4.60827327796e-09	-2.20488302095e-11
4.60933216428e-09	-2.31296407808e-11
4.6103910506e-09	-2.02384752837e-11
4.61144993692e-09	-2.51528849832e-11
4.61250882325e-09	-2.42831386509e-11
4.61356770957e-09	-2.25826079841e-11
4.61462659589e-09	-2.68552719125e-11
4.61568548222e-09	-2.33751583627e-11
4.61674436854e-09	-2.26912398376e-11
4.61780325486e-09	-2.54939340038e-11
4.61886214119e-09	-2.08167301756e-11
4.61992102751e-09	-2.18844764359e-11
4.62097991383e-09	-2.35133295213e-11
4.62203880016e-09	-1.91283593782e-11
4.62309768648e-09	-2.25556550434e-11
4.6241565728e-09	-2.30808414915e-11
4.62521545912e-09	-2.01651144784e-11
4.62627434545e-09	-2.50389453095e-11
4.62733323177e-09	-2.37231803212e-11
4.62839211809e-09	-2.25291881505e-11
4.62945100442e-09	-2.71140054853e-11
4.63050989074e-09	-2.35897150338e-11
4.63156877706e-09	-2.36506981534e-11
4.63262766339e-09	-2.66112483611e-11
4.63368654971e-09	-2.18431863309e-11
4.63474543603e-09	-2.34253972557e-11
4.63580432236e-09	-2.43275744601e-11
4.63686320868e-09	-1.99099788305e-11
4.637922095e-09	-2.35950915924e-11
4.63898098132e-09	-2.30635454311e-11
4.64003986765e-09	-2.05001167951e-11
4.64109875397e-09	-2.51604698447e-11
4.64215764029e-09	-2.30318377217e-11
4.64321652662e-09	-2.26435439409e-11
4.64427541294e-09	-2.71067588948e-11
4.64533429926e-09	-2.37084341959e-11
4.64639318559e-09	-2.45820675013e-11
4.64745207191e-09	-2.69262392331e-11
4.64851095823e-09	-2.24194993083e-11
4.64956984456e-09	-2.47350829055e-11
4.65062873088e-09	-2.52061130215e-11
4.6516876172e-09	-2.11595871033e-11
4.65274650352e-09	-2.46963094506e-11
4.65380538985e-09	-2.33964512261e-11
4.65486427617e-09	-2.12127121424e-11
4.65592316249e-09	-2.54365506522e-11
4.65698204882e-09	-2.28440156331e-11
4.65804093514e-09	-2.26783785978e-11
4.65909982146e-09	-2.65878254743e-11
4.66015870779e-09	-2.30995085256e-11
4.66121759411e-09	-2.47593521206e-11
4.66227648043e-09	-2.70566698386e-11
4.66333536675e-09	-2.3011077527e-11
4.66439425308e-09	-2.58932118368e-11
4.6654531394e-09	-2.59778420563e-11
