% time-domain voltage integration by openEMS v0.37.0-rc1-2-g7b051bb @Sun Jul 12 17:21:36 2026
% start-coordinates: (0.00423488,0.00410016,-0.000635) m -> [101,110,15]
% stop-coordinates: (0.00446293,0.00410016,-0.000635) m -> [105,110,15]
% t/s	voltage
0	0
1.24019037945e-12	0
2.4803807589e-12	0
3.72057113836e-12	0
4.96076151781e-12	0
6.20095189726e-12	0
7.44114227671e-12	0
8.68133265617e-12	0
9.92152303562e-12	0
1.11617134151e-11	0
1.24019037945e-11	0
1.3642094174e-11	0
1.48822845534e-11	0
1.61224749329e-11	0
1.73626653123e-11	0
1.86028556918e-11	0
1.98430460712e-11	0
2.10832364507e-11	0
2.23234268301e-11	0
2.35636172096e-11	0
2.4803807589e-11	0
2.60439979685e-11	0
2.7284188348e-11	0
2.85243787274e-11	0
2.97645691069e-11	0
3.10047594863e-11	0
3.22449498658e-11	0
3.34851402452e-11	0
3.47253306247e-11	0
3.59655210041e-11	0
3.72057113836e-11	0
3.8445901763e-11	0
3.96860921425e-11	0
4.09262825219e-11	0
4.21664729014e-11	0
4.34066632808e-11	0
4.46468536603e-11	0
4.58870440397e-11	0
4.71272344192e-11	0
4.83674247986e-11	0
4.96076151781e-11	-2.82763458972e-36
5.08478055575e-11	-1.83230838558e-33
5.2087995937e-11	-2.17176222408e-31
5.33281863164e-11	-1.86768671956e-29
5.45683766959e-11	-1.18317093906e-27
5.58085670754e-11	-5.57642022189e-26
5.70487574548e-11	-1.97353082214e-24
5.82889478343e-11	-5.29157821468e-23
5.95291382137e-11	-1.08495819254e-21
6.07693285932e-11	-1.71949943652e-20
6.20095189726e-11	-2.13554869873e-19
6.32497093521e-11	-2.1160608211e-18
6.44898997315e-11	-1.70938122627e-17
6.5730090111e-11	-1.14908691457e-16
6.69702804904e-11	-6.49589666511e-16
6.82104708699e-11	-3.06451676347e-15
6.94506612493e-11	-1.17044854948e-14
7.06908516288e-11	-3.38176210125e-14
7.19310420082e-11	-5.94255488256e-14
7.31712323877e-11	3.55746688889e-14
7.44114227671e-11	7.63183502397e-13
7.56516131466e-11	3.52029679278e-12
7.6891803526e-11	1.09881068003e-11
7.81319939055e-11	2.6191261833e-11
7.93721842849e-11	4.74568275302e-11
8.06123746644e-11	5.48478597609e-11
8.18525650439e-11	-1.69021662985e-11
8.30927554233e-11	-3.20837443418e-10
8.43329458028e-11	-1.14690877628e-09
8.55731361822e-11	-2.94744822993e-09
8.68133265617e-11	-6.27726648439e-09
8.80535169411e-11	-1.15584330995e-08
8.92937073206e-11	-1.85828434862e-08
9.05338977e-11	-2.57356649325e-08
9.17740880795e-11	-2.90844042183e-08
9.30142784589e-11	-2.17182565265e-08
9.42544688384e-11	6.0359959253e-09
9.54946592178e-11	6.47982787427e-08
9.67348495973e-11	1.62245211044e-07
9.79750399767e-11	2.97437626529e-07
9.92152303562e-11	4.54915827675e-07
1.00455420736e-10	6.01463327143e-07
1.01695611115e-10	6.89042096269e-07
1.02935801495e-10	6.66248560321e-07
1.04175991874e-10	4.97220533191e-07
1.05416182253e-10	1.82033431884e-07
1.06656372633e-10	-2.31369661208e-07
1.07896563012e-10	-6.53651412108e-07
1.09136753392e-10	-9.82734292165e-07
1.10376943771e-10	-1.1471238679e-06
1.11617134151e-10	-1.14489719749e-06
1.1285732453e-10	-1.0550491254e-06
1.1409751491e-10	-1.00644980705e-06
1.15337705289e-10	-1.11068622743e-06
1.16577895669e-10	-1.3890776529e-06
1.17818086048e-10	-1.7363157383e-06
1.19058276427e-10	-1.9515304075e-06
1.20298466807e-10	-1.83338920579e-06
1.21538657186e-10	-1.29568904583e-06
1.22778847566e-10	-4.38954202764e-07
1.24019037945e-10	4.70971670552e-07
1.25259228325e-10	1.11790505741e-06
1.26499418704e-10	1.28886229334e-06
1.27739609084e-10	9.83003090482e-07
1.28979799463e-10	4.12684752149e-07
1.30219989842e-10	-1.0729652189e-07
1.31460180222e-10	-3.21807018366e-07
1.32700370601e-10	-1.58731017663e-07
1.33940560981e-10	2.52758887598e-07
1.3518075136e-10	6.72853687433e-07
1.3642094174e-10	8.92062459457e-07
1.37661132119e-10	8.39256045992e-07
1.38901322499e-10	5.99854985239e-07
1.40141512878e-10	3.44310453926e-07
1.41381703258e-10	2.18278469077e-07
1.42621893637e-10	2.61476788666e-07
1.43862084016e-10	3.97362882154e-07
1.45102274396e-10	4.90476963932e-07
1.46342464775e-10	4.31229096876e-07
1.47582655155e-10	1.98156136832e-07
1.48822845534e-10	-1.33490068777e-07
1.50063035914e-10	-4.35815096012e-07
1.51303226293e-10	-5.97496303101e-07
1.52543416673e-10	-5.81359216767e-07
1.53783607052e-10	-4.4258700882e-07
1.55023797432e-10	-2.99906620427e-07
1.56263987811e-10	-2.73724246824e-07
1.5750417819e-10	-4.20750726704e-07
1.5874436857e-10	-6.97318007781e-07
1.59984558949e-10	-9.71593422605e-07
1.61224749329e-10	-1.08208364225e-06
1.62464939708e-10	-9.16087586234e-07
1.63705130088e-10	-4.69701575412e-07
1.64945320467e-10	1.41713456969e-07
1.66185510847e-10	7.29780929021e-07
1.67425701226e-10	1.11460930441e-06
1.68665891606e-10	1.2021526743e-06
1.69906081985e-10	1.02043080119e-06
1.71146272364e-10	6.97922637016e-07
1.72386462744e-10	3.9653993511e-07
1.73626653123e-10	2.34175558944e-07
1.74866843503e-10	2.35711986818e-07
1.76107033882e-10	3.35412590147e-07
1.77347224262e-10	4.25939106208e-07
1.78587414641e-10	4.24877327987e-07
1.79827605021e-10	3.21931295844e-07
1.810677954e-10	1.81391897058e-07
1.82307985779e-10	9.99047227168e-08
1.83548176159e-10	1.44172426886e-07
1.84788366538e-10	3.03705487426e-07
1.86028556918e-10	4.85319439747e-07
1.87268747297e-10	5.53771087652e-07
1.88508937677e-10	3.98670398027e-07
1.89749128056e-10	-5.68883540275e-09
1.90989318436e-10	-5.77235987009e-07
1.92229508815e-10	-1.15138674062e-06
1.93469699195e-10	-1.54340003178e-06
1.94709889574e-10	-1.62024602446e-06
1.95950079953e-10	-1.35147558922e-06
1.97190270333e-10	-8.19420918674e-07
1.98430460712e-10	-1.86491753595e-07
1.99670651092e-10	3.65695687066e-07
2.00910841471e-10	7.0068767144e-07
2.02151031851e-10	7.70382222015e-07
2.0339122223e-10	6.21664135281e-07
2.0463141261e-10	3.66391077478e-07
2.05871602989e-10	1.2896431123e-07
2.07111793369e-10	-5.9932834251e-09
2.08351983748e-10	-2.36615796956e-08
2.09592174127e-10	2.57188272901e-08
2.10832364507e-10	6.287240506e-08
2.12072554886e-10	2.85689480961e-08
2.13312745266e-10	-7.93155585654e-08
2.14552935645e-10	-2.00193959188e-07
2.15793126025e-10	-2.40217925551e-07
2.17033316404e-10	-1.22284642856e-07
2.18273506784e-10	1.68815173396e-07
2.19513697163e-10	5.69450499199e-07
2.20753887543e-10	9.57490414066e-07
2.21994077922e-10	1.20067235798e-06
2.23234268301e-10	1.21019823496e-06
2.24474458681e-10	9.74969225354e-07
2.2571464906e-10	5.62453109865e-07
2.2695483944e-10	8.85391795435e-08
2.28195029819e-10	-3.27335513362e-07
2.29435220199e-10	-6.01315470306e-07
2.30675410578e-10	-7.04721394129e-07
2.31915600958e-10	-6.61251831957e-07
2.33155791337e-10	-5.28012456869e-07
2.34395981716e-10	-3.70487114765e-07
2.35636172096e-10	-2.39899826227e-07
2.36876362475e-10	-1.5852905122e-07
2.38116552855e-10	-1.16169289299e-07
2.39356743234e-10	-7.90211736046e-08
2.40596933614e-10	-9.16400222373e-09
2.41837123993e-10	1.12460281088e-07
2.43077314373e-10	2.70918999234e-07
2.44317504752e-10	4.19452554468e-07
2.45557695132e-10	5.00377346668e-07
2.46797885511e-10	4.75124878108e-07
2.4803807589e-10	3.46613113322e-07
2.4927826627e-10	1.60247736858e-07
2.50518456649e-10	-1.81246717634e-08
2.51758647029e-10	-1.35317883121e-07
2.52998837408e-10	-1.76207842983e-07
2.54239027788e-10	-1.66677267543e-07
2.55479218167e-10	-1.52815776033e-07
2.56719408547e-10	-1.68894361607e-07
2.57959598926e-10	-2.13221092338e-07
2.59199789306e-10	-2.46299624251e-07
2.60439979685e-10	-2.12647046638e-07
2.61680170064e-10	-7.44937569408e-08
2.62920360444e-10	1.60805679883e-07
2.64160550823e-10	4.3515375836e-07
2.65400741203e-10	6.60132720043e-07
2.66640931582e-10	7.53749333171e-07
2.67881121962e-10	6.75891378421e-07
2.69121312341e-10	4.45230263324e-07
2.70361502721e-10	1.3009382549e-07
2.716016931e-10	-1.80942143047e-07
2.7284188348e-10	-4.13755657291e-07
2.74082073859e-10	-5.3241274145e-07
2.75322264238e-10	-5.43122773422e-07
2.76562454618e-10	-4.80514117385e-07
2.77802644997e-10	-3.85847215512e-07
2.79042835377e-10	-2.8835575705e-07
2.80283025756e-10	-1.9728674161e-07
2.81523216136e-10	-1.05561889896e-07
2.82763406515e-10	-1.38713351916e-09
2.84003596895e-10	1.17994423121e-07
2.85243787274e-10	2.36928087816e-07
2.86483977653e-10	3.21295704708e-07
2.87724168033e-10	3.30291790362e-07
2.88964358412e-10	2.37223737543e-07
2.90204548792e-10	5.02720061135e-08
2.91444739171e-10	-1.78335472611e-07
2.92684929551e-10	-3.63906732304e-07
2.9392511993e-10	-4.21153544039e-07
2.9516531031e-10	-3.03675076196e-07
2.96405500689e-10	-3.17250203885e-08
2.97645691069e-10	3.08137853011e-07
2.98885881448e-10	5.95052704e-07
3.00126071827e-10	7.24458999457e-07
3.01366262207e-10	6.53920686489e-07
3.02606452586e-10	4.2187456728e-07
3.03846642966e-10	1.29886036149e-07
3.05086833345e-10	-1.03042919974e-07
3.06327023725e-10	-1.92847801728e-07
3.07567214104e-10	-1.25440074328e-07
3.08807404484e-10	4.08216944692e-08
3.10047594863e-10	2.05028314326e-07
3.11287785243e-10	2.7116881185e-07
3.12527975622e-10	1.90955251611e-07
3.13768166001e-10	-1.65532709762e-08
3.15008356381e-10	-2.75552281437e-07
3.1624854676e-10	-4.87909908031e-07
3.1748873714e-10	-5.75364026645e-07
3.18728927519e-10	-5.11017681504e-07
3.19969117899e-10	-3.27088848451e-07
3.21209308278e-10	-9.71563416385e-08
3.22449498658e-10	9.74869935888e-08
3.23689689037e-10	2.01912758513e-07
3.24929879416e-10	2.07108520556e-07
3.26170069796e-10	1.471708444e-07
3.27410260175e-10	7.70045964771e-08
3.28650450555e-10	4.21394958927e-08
3.29890640934e-10	5.56065513635e-08
3.31130831314e-10	9.31487189604e-08
3.32371021693e-10	1.0907487269e-07
3.33611212073e-10	6.47344560178e-08
3.34851402452e-10	-4.52520700911e-08
3.36091592832e-10	-1.8347499342e-07
3.37331783211e-10	-2.83211271324e-07
3.3857197359e-10	-2.79869389885e-07
3.3981216397e-10	-1.45398857399e-07
3.41052354349e-10	9.20809801741e-08
3.42292544729e-10	3.54550383719e-07
3.43532735108e-10	5.44937982738e-07
3.44772925488e-10	5.88490117082e-07
3.46013115867e-10	4.65058079158e-07
3.47253306247e-10	2.17081140619e-07
3.48493496626e-10	-7.00016089539e-08
3.49733687006e-10	-3.04604718337e-07
3.50973877385e-10	-4.25404710569e-07
3.52214067764e-10	-4.21366529224e-07
3.53454258144e-10	-3.28353966239e-07
3.54694448523e-10	-2.06977063044e-07
3.55934638903e-10	-1.13944324198e-07
3.57174829282e-10	-8.00778812149e-08
3.58415019662e-10	-1.03317240985e-07
3.59655210041e-10	-1.56957357333e-07
3.60895400421e-10	-2.06920375945e-07
3.621355908e-10	-2.28821765091e-07
3.6337578118e-10	-2.16885453597e-07
3.64615971559e-10	-1.82059547882e-07
3.65856161938e-10	-1.42081580279e-07
3.67096352318e-10	-1.10008805621e-07
3.68336542697e-10	-8.76050689769e-08
3.69576733077e-10	-6.58737207004e-08
3.70816923456e-10	-3.12146835046e-08
3.72057113836e-10	2.67379696162e-08
3.73297304215e-10	1.09798072856e-07
3.74537494595e-10	2.10350588503e-07
3.75777684974e-10	3.14057739814e-07
3.77017875353e-10	4.0388519551e-07
3.78258065733e-10	4.63852401822e-07
3.79498256112e-10	4.8211425252e-07
3.80738446492e-10	4.53323657723e-07
3.81978636871e-10	3.80014412826e-07
3.83218827251e-10	2.7256585966e-07
3.8445901763e-10	1.47012208629e-07
3.8569920801e-10	2.09909383209e-08
3.86939398389e-10	-9.04870063323e-08
3.88179588769e-10	-1.77586647609e-07
3.89419779148e-10	-2.35741296706e-07
3.90659969527e-10	-2.63979316628e-07
3.91900159907e-10	-2.63267690315e-07
3.93140350286e-10	-2.36365657713e-07
3.94380540666e-10	-1.88959464964e-07
3.95620731045e-10	-1.304783801e-07
3.96860921425e-10	-7.29668130361e-08
3.98101111804e-10	-2.76554978917e-08
3.99341302184e-10	-8.47161812922e-10
4.00581492563e-10	8.10997791145e-09
4.01821682943e-10	5.15805792523e-09
4.03061873322e-10	-3.07017221368e-09
4.04302063701e-10	-1.38632846314e-08
4.05542254081e-10	-2.98064448678e-08
4.0678244446e-10	-5.57909833887e-08
4.0802263484e-10	-9.3092062059e-08
4.09262825219e-10	-1.34210258906e-07
4.10503015599e-10	-1.62189897068e-07
4.11743205978e-10	-1.55568434579e-07
4.12983396358e-10	-9.72926503806e-08
4.14223586737e-10	1.62076285726e-08
4.15463777117e-10	1.7017537246e-07
4.16703967496e-10	3.33651762219e-07
4.17944157875e-10	4.68421532673e-07
4.19184348255e-10	5.41459073133e-07
4.20424538634e-10	5.35732638696e-07
4.21664729014e-10	4.55059890214e-07
4.22904919393e-10	3.21163771133e-07
4.24145109773e-10	1.64679075709e-07
4.25385300152e-10	1.44452554363e-08
4.26625490532e-10	-1.10648206153e-07
4.27865680911e-10	-2.04302006424e-07
4.2910587129e-10	-2.69666280417e-07
4.3034606167e-10	-3.1280337609e-07
4.31586252049e-10	-3.36336892559e-07
4.32826442429e-10	-3.36555793012e-07
4.34066632808e-10	-3.05234028275e-07
4.35306823188e-10	-2.35674377791e-07
4.36547013567e-10	-1.30169050649e-07
4.37787203947e-10	-4.55192838977e-09
4.39027394326e-10	1.13603164209e-07
4.40267584706e-10	1.93686737759e-07
4.41507775085e-10	2.14466112425e-07
4.42747965464e-10	1.74235340822e-07
4.43988155844e-10	9.29551484674e-08
4.45228346223e-10	4.27767071765e-09
4.46468536603e-10	-5.91270499228e-08
4.47708726982e-10	-7.94009054061e-08
4.48948917362e-10	-5.94422226996e-08
4.50189107741e-10	-1.81045083369e-08
4.51429298121e-10	2.23675116207e-08
4.526694885e-10	4.93771499244e-08
4.5390967888e-10	6.64277735041e-08
4.55149869259e-10	8.95889709085e-08
4.56390059638e-10	1.36091632186e-07
4.57630250018e-10	2.11575098774e-07
4.58870440397e-10	3.02616388836e-07
4.60110630777e-10	3.78754396735e-07
4.61350821156e-10	4.03605653787e-07
4.62591011536e-10	3.50280284778e-07
4.63831201915e-10	2.14491892692e-07
4.65071392295e-10	1.935983307e-08
4.66311582674e-10	-1.90581838311e-07
4.67551773054e-10	-3.63969697048e-07
4.68791963433e-10	-4.60080336495e-07
4.70032153812e-10	-4.62256764422e-07
4.71272344192e-10	-3.81900505886e-07
4.72512534571e-10	-2.51885211355e-07
4.73752724951e-10	-1.12614181091e-07
4.7499291533e-10	3.05042824333e-09
4.7623310571e-10	7.98127901547e-08
4.77473296089e-10	1.21596990255e-07
4.78713486469e-10	1.44853286699e-07
4.79953676848e-10	1.67112345295e-07
4.81193867227e-10	1.96190764967e-07
4.82434057607e-10	2.24964807671e-07
4.83674247986e-10	2.3431465479e-07
4.84914438366e-10	2.03059316917e-07
4.86154628745e-10	1.2048687914e-07
4.87394819125e-10	-4.61199212154e-09
4.88635009504e-10	-1.43450023415e-07
4.89875199884e-10	-2.56440255697e-07
4.91115390263e-10	-3.08564690243e-07
4.92355580643e-10	-2.8394705609e-07
4.93595771022e-10	-1.92622131578e-07
4.94835961401e-10	-6.61625332299e-08
4.96076151781e-10	5.57933406142e-08
4.9731634216e-10	1.4171257412e-07
4.9855653254e-10	1.79418996993e-07
4.99796722919e-10	1.77506519705e-07
5.01036913299e-10	1.57067917783e-07
5.02277103678e-10	1.38520050541e-07
5.03517294058e-10	1.30507000762e-07
5.04757484437e-10	1.26265673472e-07
5.05997674817e-10	1.08884442795e-07
5.07237865196e-10	6.26118783487e-08
5.08478055575e-10	-1.58502753145e-08
5.09718245955e-10	-1.12179233014e-07
5.10958436334e-10	-1.98398334206e-07
5.12198626714e-10	-2.44514378522e-07
5.13438817093e-10	-2.32409234968e-07
5.14679007473e-10	-1.65177679534e-07
5.15919197852e-10	-6.697030841e-08
5.17159388232e-10	2.71560067766e-08
5.18399578611e-10	8.65888409862e-08
5.19639768991e-10	9.82912595759e-08
5.2087995937e-10	7.1363428944e-08
5.22120149749e-10	3.07548218004e-08
5.23360340129e-10	3.46472989188e-09
5.24600530508e-10	4.27043456153e-09
5.25840720888e-10	2.82081527025e-08
5.27080911267e-10	5.37113074017e-08
5.28321101647e-10	5.46118457123e-08
5.29561292026e-10	1.49515053671e-08
5.30801482406e-10	-6.0782235245e-08
5.32041672785e-10	-1.47264303862e-07
5.33281863164e-10	-2.083743329e-07
5.34522053544e-10	-2.13412487682e-07
5.35762243923e-10	-1.51862620257e-07
5.37002434303e-10	-3.94959940309e-08
5.38242624682e-10	8.72938148433e-08
5.39482815062e-10	1.86587145734e-07
5.40723005441e-10	2.28550966597e-07
5.41963195821e-10	2.07284879039e-07
5.432033862e-10	1.41514629348e-07
5.4444357658e-10	6.42312842913e-08
5.45683766959e-10	6.77576172947e-09
5.46923957338e-10	-1.48279566403e-08
5.48164147718e-10	-5.14478482039e-09
5.49404338097e-10	1.54971977473e-08
5.50644528477e-10	2.27108882811e-08
5.51884718856e-10	4.9995493856e-10
5.53124909236e-10	-5.12376128192e-08
5.54365099615e-10	-1.17002977973e-07
5.55605289995e-10	-1.72872319126e-07
5.56845480374e-10	-1.96808871422e-07
5.58085670754e-10	-1.77570067095e-07
5.59325861133e-10	-1.18695416162e-07
5.60566051512e-10	-3.65705274952e-08
5.61806241892e-10	4.60616522702e-08
5.63046432271e-10	1.08230672424e-07
5.64286622651e-10	1.37178281179e-07
5.6552681303e-10	1.31041238305e-07
5.6676700341e-10	9.7495267859e-08
5.68007193789e-10	4.95486207619e-08
5.69247384169e-10	6.17967454986e-10
5.70487574548e-10	-3.92973942276e-08
5.71727764927e-10	-6.52930012279e-08
5.72967955307e-10	-7.71065087335e-08
5.74208145686e-10	-7.7255807085e-08
5.75448336066e-10	-6.86614525236e-08
5.76688526445e-10	-5.28718651083e-08
5.77928716825e-10	-2.97673823368e-08
5.79168907204e-10	1.12089079685e-09
5.80409097584e-10	3.82626827999e-08
5.81649287963e-10	7.62729310821e-08
5.82889478343e-10	1.06123761334e-07
5.84129668722e-10	1.17977398517e-07
5.85369859101e-10	1.05815116669e-07
5.86610049481e-10	7.12979808526e-08
5.8785023986e-10	2.43280244838e-08
5.8909043024e-10	-2.06410744052e-08
5.90330620619e-10	-5.10089028793e-08
5.91570810999e-10	-6.16354114413e-08
5.92811001378e-10	-5.66020554871e-08
5.94051191758e-10	-4.6143166621e-08
5.95291382137e-10	-4.04710442936e-08
5.96531572517e-10	-4.40324932072e-08
5.97771762896e-10	-5.32470041392e-08
5.99011953275e-10	-5.87770685456e-08
6.00252143655e-10	-5.08721216264e-08
6.01492334034e-10	-2.48202636222e-08
6.02732524414e-10	1.61527444753e-08
6.03972714793e-10	6.1814334984e-08
6.05212905173e-10	9.90942821133e-08
6.06453095552e-10	1.17478966999e-07
6.07693285932e-10	1.1325428062e-07
6.08933476311e-10	9.07190873534e-08
6.10173666691e-10	6.00255996019e-08
6.1141385707e-10	3.26126872174e-08
6.12654047449e-10	1.62047171237e-08
6.13894237829e-10	1.17649602283e-08
6.15134428208e-10	1.36779411131e-08
6.16374618588e-10	1.30735198223e-08
6.17614808967e-10	2.76352646322e-09
6.18854999347e-10	-1.86967692439e-08
6.20095189726e-10	-4.57320434855e-08
6.21335380106e-10	-6.78837626111e-08
6.22575570485e-10	-7.43953849636e-08
6.23815760864e-10	-5.90531046285e-08
6.25055951244e-10	-2.32475421136e-08
6.26296141623e-10	2.41391224787e-08
6.27536332003e-10	6.99449991259e-08
6.28776522382e-10	1.01481475667e-07
6.30016712762e-10	1.11036492001e-07
6.31256903141e-10	9.82288765883e-08
6.32497093521e-10	6.9219735721e-08
6.337372839e-10	3.35283991681e-08
6.3497747428e-10	4.9384968337e-11
6.36217664659e-10	-2.5757650679e-08
6.37457855038e-10	-4.23310146935e-08
6.38698045418e-10	-5.04969177584e-08
6.39938235797e-10	-5.14048359435e-08
6.41178426177e-10	-4.55993558468e-08
6.42418616556e-10	-3.38300742975e-08
6.43658806936e-10	-1.85182533752e-08
6.44898997315e-10	-4.31816922497e-09
6.46139187695e-10	3.32538985237e-09
6.47379378074e-10	1.15188888289e-09
6.48619568454e-10	-9.44913203238e-09
6.49859758833e-10	-2.23295617552e-08
6.51099949212e-10	-2.92990458561e-08
6.52340139592e-10	-2.43332209937e-08
6.53580329971e-10	-6.89100781992e-09
6.54820520351e-10	1.75166328109e-08
6.5606071073e-10	3.98638504429e-08
6.5730090111e-10	5.18491258816e-08
6.58541091489e-10	4.95888499152e-08
6.59781281869e-10	3.51145006405e-08
6.61021472248e-10	1.51646754043e-08
6.62261662628e-10	-1.95169827522e-09
6.63501853007e-10	-9.87796588969e-09
6.64742043386e-10	-6.48582476614e-09
6.65982233766e-10	5.91567506092e-09
6.67222424145e-10	2.20915057358e-08
6.68462614525e-10	3.62520973241e-08
6.69702804904e-10	4.40870966401e-08
6.70942995284e-10	4.36312044272e-08
6.72183185663e-10	3.50710309682e-08
6.73423376043e-10	2.00626057989e-08
6.74663566422e-10	1.16261081318e-09
6.75903756801e-10	-1.84674340264e-08
6.77143947181e-10	-3.541899396e-08
6.7838413756e-10	-4.68625440675e-08
6.7962432794e-10	-5.17765013086e-08
6.80864518319e-10	-5.17885245799e-08
6.82104708699e-10	-5.07451787257e-08
6.83344899078e-10	-5.2872715095e-08
6.84585089458e-10	-6.0221709397e-08
6.85825279837e-10	-7.08693850271e-08
6.87065470217e-10	-7.92908592118e-08
6.88305660596e-10	-7.88801797214e-08
6.89545850975e-10	-6.52126974643e-08
6.90786041355e-10	-3.82599538717e-08
6.92026231734e-10	-2.44593234555e-09
6.93266422114e-10	3.53646454343e-08
6.94506612493e-10	6.86218655233e-08
6.95746802873e-10	9.29275190131e-08
6.96986993252e-10	1.06288609913e-07
6.98227183632e-10	1.08238671359e-07
6.99467374011e-10	9.88187096596e-08
7.00707564391e-10	7.82668676536e-08
7.0194775477e-10	4.75713859416e-08
7.03187945149e-10	9.41718303338e-09
7.04428135529e-10	-3.13289167941e-08
7.05668325908e-10	-6.80798084574e-08
7.06908516288e-10	-9.38516366844e-08
7.08148706667e-10	-1.03190717304e-07
7.09388897047e-10	-9.40479143452e-08
7.10629087426e-10	-6.87942725008e-08
7.11869277806e-10	-3.38543553191e-08
7.13109468185e-10	2.12610945516e-09
7.14349658565e-10	3.1017157287e-08
7.15589848944e-10	4.77746664451e-08
7.16830039323e-10	5.17138776246e-08
7.18070229703e-10	4.58583131469e-08
7.19310420082e-10	3.48693793839e-08
7.20550610462e-10	2.26366032585e-08
7.21790800841e-10	1.06125085386e-08
7.23030991221e-10	-2.2343962236e-09
7.242711816e-10	-1.78586183619e-08
7.2551137198e-10	-3.68820645136e-08
7.26751562359e-10	-5.68300171366e-08
7.27991752738e-10	-7.18942700928e-08
7.29231943118e-10	-7.45959258808e-08
7.30472133497e-10	-5.89504081105e-08
7.31712323877e-10	-2.37849215878e-08
7.32952514256e-10	2.54892325025e-08
7.34192704636e-10	7.77376154559e-08
7.35432895015e-10	1.19694272271e-07
7.36673085395e-10	1.40843814833e-07
7.37913275774e-10	1.37321402249e-07
7.39153466154e-10	1.12946564101e-07
7.40393656533e-10	7.68071881652e-08
7.41633846912e-10	3.87007812463e-08
7.42874037292e-10	4.89694784722e-09
7.44114227671e-10	-2.35570067897e-08
7.45354418051e-10	-4.92631073712e-08
7.4659460843e-10	-7.48762882807e-08
7.4783479881e-10	-9.97025662031e-08
7.49074989189e-10	-1.18504894786e-07
7.50315179569e-10	-1.23313048661e-07
7.51555369948e-10	-1.07193443455e-07
7.52795560328e-10	-6.80918690321e-08
7.54035750707e-10	-1.09837809958e-08
7.55275941086e-10	5.27186552191e-08
7.56516131466e-10	1.08237699692e-07
7.57756321845e-10	1.41927579023e-07
7.58996512225e-10	1.45559102549e-07
7.60236702604e-10	1.1888228002e-07
7.61476892984e-10	6.96785100729e-08
7.62717083363e-10	1.11842398676e-08
7.63957273743e-10	-4.21365760062e-08
7.65197464122e-10	-7.88429384002e-08
7.66437654502e-10	-9.33109927104e-08
7.67677844881e-10	-8.62298978888e-08
7.6891803526e-10	-6.30198035978e-08
7.7015822564e-10	-3.11312491341e-08
7.71398416019e-10	2.59493571075e-09
7.72638606399e-10	3.34995586826e-08
7.73878796778e-10	5.93527316184e-08
7.75118987158e-10	7.95541623688e-08
7.76359177537e-10	9.37508231047e-08
7.77599367917e-10	1.00682003179e-07
7.78839558296e-10	9.80417933505e-08
7.80079748675e-10	8.3520437677e-08
7.81319939055e-10	5.65536248942e-08
7.82560129434e-10	1.97716985006e-08
7.83800319814e-10	-2.08739081575e-08
7.85040510193e-10	-5.76879513048e-08
7.86280700573e-10	-8.39740641467e-08
7.87520890952e-10	-9.64695043848e-08
7.88761081332e-10	-9.60879367184e-08
7.90001271711e-10	-8.66482583461e-08
7.91241462091e-10	-7.24061042234e-08
7.9248165247e-10	-5.59153896518e-08
7.93721842849e-10	-3.74775463996e-08
7.94962033229e-10	-1.63349325177e-08
7.96202223608e-10	7.28402349548e-09
7.97442413988e-10	3.07312570946e-08
7.98682604367e-10	4.91096958655e-08
7.99922794747e-10	5.68493199182e-08
8.01162985126e-10	4.99322023728e-08
8.02403175506e-10	2.78017808775e-08
8.03643365885e-10	-5.8880290088e-09
8.04883556265e-10	-4.38097185196e-08
8.06123746644e-10	-7.65808492176e-08
8.07363937023e-10	-9.50500496089e-08
8.08604127403e-10	-9.27978547338e-08
8.09844317782e-10	-6.82093901361e-08
8.11084508162e-10	-2.53049252663e-08
8.12324698541e-10	2.69937894259e-08
8.13564888921e-10	7.71387966836e-08
8.148050793e-10	1.14160043196e-07
8.1604526968e-10	1.30665524622e-07
8.17285460059e-10	1.24610521013e-07
8.18525650439e-10	9.93067930111e-08
8.19765840818e-10	6.18371176486e-08
8.21006031197e-10	2.05201873271e-08
8.22246221577e-10	-1.76362766613e-08
8.23486411956e-10	-4.85215698731e-08
8.24726602336e-10	-7.10941057136e-08
8.25966792715e-10	-8.62500684207e-08
8.27206983095e-10	-9.5090681107e-08
8.28447173474e-10	-9.76637224426e-08
8.29687363854e-10	-9.29277010897e-08
8.30927554233e-10	-7.99704391596e-08
8.32167744612e-10	-5.96412332854e-08
8.33407934992e-10	-3.53390832153e-08
8.34648125371e-10	-1.22312664441e-08
8.35888315751e-10	4.7658015867e-09
8.3712850613e-10	1.30925783548e-08
8.3836869651e-10	1.34672741847e-08
8.39608886889e-10	9.15205711216e-09
8.40849077269e-10	4.05368549838e-09
8.42089267648e-10	8.38767361122e-10
8.43329458028e-10	1.97188095713e-10
8.44569648407e-10	1.43183462309e-09
8.45809838786e-10	3.69207064921e-09
8.47050029166e-10	6.92276813652e-09
8.48290219545e-10	1.20000207549e-08
8.49530409925e-10	2.00762917402e-08
8.50770600304e-10	3.16535171407e-08
8.52010790684e-10	4.60110238798e-08
8.53250981063e-10	6.11890591529e-08
8.54491171443e-10	7.43257579927e-08
8.55731361822e-10	8.20947159141e-08
8.56971552202e-10	8.13144254153e-08
8.58211742581e-10	6.97036339758e-08
8.5945193296e-10	4.66225267282e-08
8.6069212334e-10	1.37264755118e-08
8.61932313719e-10	-2.48676994552e-08
8.63172504099e-10	-6.31624565983e-08
8.64412694478e-10	-9.44887057486e-08
8.65652884858e-10	-1.13005675928e-07
8.66893075237e-10	-1.15030681869e-07
8.68133265617e-10	-9.99503990684e-08
8.69373455996e-10	-7.04516089911e-08
8.70613646375e-10	-3.19878998845e-08
8.71853836755e-10	8.30387214545e-09
8.73094027134e-10	4.31229150166e-08
8.74334217514e-10	6.65702586389e-08
8.75574407893e-10	7.5309791292e-08
8.76814598273e-10	6.91493484695e-08
8.78054788652e-10	5.09300579488e-08
8.79294979032e-10	2.58526737795e-08
8.80535169411e-10	3.62060770254e-10
8.81775359791e-10	-1.92648319519e-08
8.8301555017e-10	-2.84007493079e-08
8.84255740549e-10	-2.53477689949e-08
8.85495930929e-10	-1.17756800977e-08
8.86736121308e-10	8.00713395588e-09
8.87976311688e-10	2.87236141538e-08
8.89216502067e-10	4.61153839559e-08
8.90456692447e-10	5.82108548031e-08
8.91696882826e-10	6.5275458816e-08
8.92937073206e-10	6.8626304639e-08
8.94177263585e-10	6.91564334687e-08
8.95417453965e-10	6.6564713741e-08
8.96657644344e-10	5.95789781954e-08
8.97897834723e-10	4.69456691299e-08
8.99138025103e-10	2.85159349467e-08
9.00378215482e-10	5.60309654229e-09
9.01618405862e-10	-1.93637832435e-08
9.02858596241e-10	-4.35088667317e-08
9.04098786621e-10	-6.40555386511e-08
9.05338977e-10	-7.84681555288e-08
9.0657916738e-10	-8.44625605012e-08
9.07819357759e-10	-8.01300723552e-08
9.09059548139e-10	-6.45163202861e-08
9.10299738518e-10	-3.85270544356e-08
9.11539928897e-10	-5.4904462643e-09
9.12780119277e-10	2.89433961242e-08
9.14020309656e-10	5.77562300208e-08
9.15260500036e-10	7.42133137166e-08
9.16500690415e-10	7.37138954321e-08
9.17740880795e-10	5.52718724123e-08
9.18981071174e-10	2.20781641858e-08
9.20221261554e-10	-1.89946411933e-08
9.21461451933e-10	-5.88987703054e-08
9.22701642312e-10	-8.85630377923e-08
9.23941832692e-10	-1.01001977448e-07
9.25182023071e-10	-9.28458394611e-08
9.26422213451e-10	-6.50067164543e-08
9.2766240383e-10	-2.24359943957e-08
9.2890259421e-10	2.68976401152e-08
9.30142784589e-10	7.35886835912e-08
9.31382974969e-10	1.08737761906e-07
9.32623165348e-10	1.26003442347e-07
9.33863355728e-10	1.232067941e-07
9.35103546107e-10	1.0283241636e-07
9.36343736486e-10	7.11006356013e-08
9.37583926866e-10	3.57948524154e-08
9.38824117245e-10	3.6460009456e-09
9.40064307625e-10	-2.15301552142e-08
9.41304498004e-10	-3.91882002404e-08
9.42544688384e-10	-5.10000961462e-08
9.43784878763e-10	-5.91757869373e-08
9.45025069143e-10	-6.5061209753e-08
9.46265259522e-10	-6.86563597085e-08
9.47505449902e-10	-6.90335815179e-08
9.48745640281e-10	-6.50938964952e-08
9.4998583066e-10	-5.6241028723e-08
9.5122602104e-10	-4.27525339575e-08
9.52466211419e-10	-2.59141634817e-08
9.53706401799e-10	-7.97065680125e-09
9.54946592178e-10	8.10343858682e-09
9.56186782558e-10	1.90188067517e-08
9.57426972937e-10	2.1961445329e-08
9.58667163317e-10	1.55037696015e-08
9.59907353696e-10	2.61293903181e-10
9.61147544076e-10	-2.09432540199e-08
9.62387734455e-10	-4.35952811628e-08
9.63627924834e-10	-6.2458472172e-08
9.64868115214e-10	-7.27313658189e-08
9.66108305593e-10	-7.10115974911e-08
9.67348495973e-10	-5.58600721234e-08
9.68588686352e-10	-2.81027028315e-08
9.69828876732e-10	9.16783049476e-09
9.71069067111e-10	5.08626261109e-08
9.72309257491e-10	9.04563881576e-08
9.7354944787e-10	1.20909001922e-07
9.74789638249e-10	1.3589959913e-07
9.76029828629e-10	1.3130458143e-07
9.77270019008e-10	1.06514132625e-07
9.78510209388e-10	6.51244791428e-08
9.79750399767e-10	1.46480001462e-08
9.80990590147e-10	-3.50933451188e-08
9.82230780526e-10	-7.45121360168e-08
9.83470970906e-10	-9.69008286944e-08
9.84711161285e-10	-1.0022433905e-07
9.85951351665e-10	-8.72678800334e-08
9.87191542044e-10	-6.42107176319e-08
9.88431732423e-10	-3.82813483135e-08
9.89671922803e-10	-1.55263886192e-08
9.90912113182e-10	4.35150582234e-10
9.92152303562e-10	8.62888105413e-09
9.93392493941e-10	1.01141918174e-08
9.94632684321e-10	7.07796810051e-09
9.958728747e-10	2.06048764162e-09
9.9711306508e-10	-2.7805106273e-09
9.98353255459e-10	-6.21267104428e-09
9.99593445839e-10	-8.21009149554e-09
1.00083363622e-09	-9.7625030282e-09
1.0020738266e-09	-1.210471956e-08
1.00331401698e-09	-1.57582276117e-08
1.00455420736e-09	-1.98286200792e-08
1.00579439774e-09	-2.20859530664e-08
1.00703458812e-09	-1.98797986961e-08
1.00827477849e-09	-1.13800083801e-08
1.00951496887e-09	3.4550228234e-09
1.01075515925e-09	2.27426455446e-08
1.01199534963e-09	4.33820468437e-08
1.01323554001e-09	6.21270928036e-08
1.01447573039e-09	7.64868532954e-08
1.01571592077e-09	8.49954062687e-08
1.01695611115e-09	8.68835616785e-08
1.01819630153e-09	8.15772835949e-08
1.01943649191e-09	6.84678411744e-08
1.02067668229e-09	4.73015817626e-08
1.02191687267e-09	1.90144393564e-08
1.02315706305e-09	-1.34692755838e-08
1.02439725343e-09	-4.50750023973e-08
1.02563744381e-09	-6.94884079167e-08
1.02687763419e-09	-8.09798814672e-08
1.02811782457e-09	-7.65566321448e-08
1.02935801495e-09	-5.74756420235e-08
1.03059820532e-09	-2.92755553133e-08
1.0318383957e-09	-1.6020237914e-10
1.03307858608e-09	2.17249078727e-08
1.03431877646e-09	3.0994347977e-08
1.03555896684e-09	2.65904225305e-08
1.03679915722e-09	1.16761625923e-08
1.0380393476e-09	-7.91855547799e-09
1.03927953798e-09	-2.58660541874e-08
1.04051972836e-09	-3.73017017274e-08
1.04175991874e-09	-3.9955795117e-08
1.04300010912e-09	-3.42790293928e-08
1.0442402995e-09	-2.27874430436e-08
1.04548048988e-09	-8.87832873886e-09
1.04672068026e-09	4.45271308713e-09
1.04796087064e-09	1.55492225762e-08
1.04920106102e-09	2.43737128258e-08
1.0504412514e-09	3.20042463642e-08
1.05168144178e-09	3.95882890913e-08
1.05292163215e-09	4.73448058536e-08
1.05416182253e-09	5.4203376898e-08
1.05540201291e-09	5.83164894152e-08
1.05664220329e-09	5.81056927018e-08
1.05788239367e-09	5.31686046301e-08
1.05912258405e-09	4.45296892693e-08
1.06036277443e-09	3.40124204357e-08
1.06160296481e-09	2.31915875393e-08
1.06284315519e-09	1.26070313078e-08
1.06408334557e-09	1.64395275171e-09
1.06532353595e-09	-1.07911637404e-08
1.06656372633e-09	-2.52084249031e-08
1.06780391671e-09	-4.07032207939e-08
1.06904410709e-09	-5.48381233756e-08
1.07028429747e-09	-6.44086908252e-08
1.07152448785e-09	-6.67662103382e-08
1.07276467823e-09	-6.10982997529e-08
1.07400486861e-09	-4.90442433332e-08
1.07524505899e-09	-3.42550476873e-08
1.07648524936e-09	-2.10656956323e-08
1.07772543974e-09	-1.28332020566e-08
1.07896563012e-09	-1.06451547577e-08
1.0802058205e-09	-1.30216248895e-08
1.08144601088e-09	-1.66927471845e-08
1.08268620126e-09	-1.80677321993e-08
1.08392639164e-09	-1.46929743927e-08
1.08516658202e-09	-6.04899669243e-09
1.0864067724e-09	6.49711751066e-09
1.08764696278e-09	2.0430054759e-08
1.08888715316e-09	3.30787006675e-08
1.09012734354e-09	4.24046580072e-08
1.09136753392e-09	4.74247925375e-08
1.0926077243e-09	4.82664956891e-08
1.09384791468e-09	4.59197369018e-08
1.09508810506e-09	4.17568171152e-08
1.09632829544e-09	3.69458237337e-08
1.09756848582e-09	3.20102073736e-08
1.09880867619e-09	2.67105018104e-08
1.10004886657e-09	2.03686572053e-08
1.10128905695e-09	1.25022664443e-08
1.10252924733e-09	3.33809146991e-09
1.10376943771e-09	-6.15039597029e-09
1.10500962809e-09	-1.47273766515e-08
1.10624981847e-09	-2.1599577904e-08
1.10749000885e-09	-2.69022359944e-08
1.10873019923e-09	-3.15658863492e-08
1.10997038961e-09	-3.66463144275e-08
1.11121057999e-09	-4.25329593767e-08
1.11245077037e-09	-4.85029891806e-08
1.11369096075e-09	-5.29155768092e-08
1.11493115113e-09	-5.39213829143e-08
1.11617134151e-09	-5.03175696664e-08
1.11741153189e-09	-4.21110621929e-08
1.11865172227e-09	-3.05344132201e-08
1.11989191265e-09	-1.7543280606e-08
1.12113210302e-09	-5.02203090225e-09
1.1223722934e-09	5.906319267e-09
1.12361248378e-09	1.50966161794e-08
1.12485267416e-09	2.30632202225e-08
1.12609286454e-09	3.03109572997e-08
1.12733305492e-09	3.672285942e-08
1.1285732453e-09	4.14223260137e-08
1.12981343568e-09	4.31966920011e-08
1.13105362606e-09	4.12382461512e-08
1.13229381644e-09	3.57417384578e-08
1.13353400682e-09	2.80017538046e-08
1.1347741972e-09	1.99357339525e-08
1.13601438758e-09	1.3285727074e-08
1.13725457796e-09	8.97661633914e-09
1.13849476834e-09	6.93169133203e-09
1.13973495872e-09	6.35615254874e-09
1.1409751491e-09	6.2209923879e-09
1.14221533948e-09	5.64259283742e-09
1.14345552985e-09	4.0430256365e-09
1.14469572023e-09	1.11531971159e-09
1.14593591061e-09	-3.23295851201e-09
1.14717610099e-09	-8.84624229425e-09
1.14841629137e-09	-1.53093528965e-08
1.14965648175e-09	-2.20173599352e-08
1.15089667213e-09	-2.83293282166e-08
1.15213686251e-09	-3.36843046789e-08
1.15337705289e-09	-3.75924602558e-08
1.15461724327e-09	-3.95449135659e-08
1.15585743365e-09	-3.89318737248e-08
1.15709762403e-09	-3.51946147781e-08
1.15833781441e-09	-2.81763443688e-08
1.15957800479e-09	-1.84253547975e-08
1.16081819517e-09	-7.24389392914e-09
1.16205838555e-09	3.67511204802e-09
1.16329857593e-09	1.28712716041e-08
1.16453876631e-09	1.96593226143e-08
1.16577895669e-09	2.42947078011e-08
1.16701914706e-09	2.76397376098e-08
1.16825933744e-09	3.05557699143e-08
1.16949952782e-09	3.3309798031e-08
1.1707397182e-09	3.53106801576e-08
1.17197990858e-09	3.53678974996e-08
1.17322009896e-09	3.22926112517e-08
1.17446028934e-09	2.56050558534e-08
1.17570047972e-09	1.60346906863e-08
1.1769406701e-09	5.47020323483e-09
1.17818086048e-09	-3.65730146168e-09
1.17942105086e-09	-9.31908072932e-09
1.18066124124e-09	-1.07218158796e-08
1.18190143162e-09	-8.60676185876e-09
1.183141622e-09	-4.8834070121e-09
1.18438181238e-09	-1.77436473847e-09
1.18562200276e-09	-9.47056981448e-10
1.18686219314e-09	-3.05403000112e-09
1.18810238352e-09	-7.76015018911e-09
1.18934257389e-09	-1.41310019242e-08
1.19058276427e-09	-2.10787094446e-08
1.19182295465e-09	-2.75954898932e-08
1.19306314503e-09	-3.27660116817e-08
1.19430333541e-09	-3.57009910523e-08
1.19554352579e-09	-3.55925262596e-08
1.19678371617e-09	-3.19202504429e-08
1.19802390655e-09	-2.46911713297e-08
1.19926409693e-09	-1.45717811151e-08
1.20050428731e-09	-2.81272169445e-09
1.20174447769e-09	8.99720298264e-09
1.20298466807e-09	1.92364941753e-08
1.20422485845e-09	2.65417341438e-08
1.20546504883e-09	3.00867291081e-08
1.20670523921e-09	2.98296987111e-08
1.20794542959e-09	2.66229549517e-08
1.20918561997e-09	2.20567490938e-08
1.21042581035e-09	1.80077908141e-08
1.21166600072e-09	1.59919062437e-08
1.2129061911e-09	1.65688005538e-08
1.21414638148e-09	1.90944082767e-08
1.21538657186e-09	2.19316915739e-08
1.21662676224e-09	2.30561767456e-08
1.21786695262e-09	2.08404851154e-08
1.219107143e-09	1.46896279585e-08
1.22034733338e-09	5.29189103649e-09
1.22158752376e-09	-5.59295793012e-09
1.22282771414e-09	-1.57308837068e-08
1.22406790452e-09	-2.3200128707e-08
1.2253080949e-09	-2.70412181536e-08
1.22654828528e-09	-2.7485439702e-08
1.22778847566e-09	-2.56965952961e-08
1.22902866604e-09	-2.31509991178e-08
1.23026885642e-09	-2.09482320379e-08
1.2315090468e-09	-1.94075253646e-08
1.23274923718e-09	-1.81268198229e-08
1.23398942756e-09	-1.6373643108e-08
1.23522961793e-09	-1.35115711952e-08
1.23646980831e-09	-9.28191357108e-09
1.23770999869e-09	-3.83941034521e-09
1.23895018907e-09	2.39569802885e-09
1.24019037945e-09	8.87513984527e-09
1.24143056983e-09	1.49918679693e-08
1.24267076021e-09	2.01292504887e-08
1.24391095059e-09	2.37332027364e-08
1.24515114097e-09	2.54190963833e-08
1.24639133135e-09	2.50554812453e-08
1.24763152173e-09	2.27944823017e-08
1.24887171211e-09	1.90548785639e-08
1.25011190249e-09	1.44613785391e-08
1.25135209287e-09	9.82551928708e-09
1.25259228325e-09	6.12431133584e-09
1.25383247363e-09	4.3595924093e-09
1.25507266401e-09	5.25093762915e-09
1.25631285439e-09	8.80377071244e-09
1.25755304476e-09	1.39862914583e-08
1.25879323514e-09	1.87918669514e-08
1.26003342552e-09	2.07845887168e-08
1.2612736159e-09	1.79929271482e-08
1.26251380628e-09	9.73936431503e-09
1.26375399666e-09	-2.98831065448e-09
1.26499418704e-09	-1.7780623196e-08
1.26623437742e-09	-3.15546926366e-08
1.2674745678e-09	-4.14873002619e-08
1.26871475818e-09	-4.5773776769e-08
1.26995494856e-09	-4.39899485727e-08
1.27119513894e-09	-3.7002106712e-08
1.27243532932e-09	-2.65115622788e-08
1.2736755197e-09	-1.44624485721e-08
1.27491571008e-09	-2.56181442726e-09
1.27615590046e-09	7.95322241398e-09
1.27739609084e-09	1.62897355604e-08
1.27863628122e-09	2.19356128817e-08
1.27987647159e-09	2.4542802235e-08
1.28111666197e-09	2.39920814327e-08
1.28235685235e-09	2.05752066496e-08
1.28359704273e-09	1.50909789109e-08
1.28483723311e-09	8.74242001014e-09
1.28607742349e-09	2.81249845635e-09
1.28731761387e-09	-1.72849133617e-09
1.28855780425e-09	-4.43165876218e-09
1.28979799463e-09	-5.29729793364e-09
1.29103818501e-09	-4.54237031322e-09
1.29227837539e-09	-2.41774633647e-09
1.29351856577e-09	8.17853146318e-10
1.29475875615e-09	4.79617612292e-09
1.29599894653e-09	8.93382534617e-09
1.29723913691e-09	1.24859498296e-08
1.29847932729e-09	1.47374725756e-08
1.29971951767e-09	1.51681118776e-08
1.30095970805e-09	1.34859323708e-08
1.30219989842e-09	9.53042711416e-09
1.3034400888e-09	3.18573431524e-09
1.30468027918e-09	-5.55832513349e-09
1.30592046956e-09	-1.63610116566e-08
1.30716065994e-09	-2.8231317728e-08
1.30840085032e-09	-3.94209540566e-08
1.3096410407e-09	-4.76909400859e-08
1.31088123108e-09	-5.09180404507e-08
1.31212142146e-09	-4.78059392073e-08
1.31336161184e-09	-3.83785652147e-08
1.31460180222e-09	-2.40579780542e-08
1.3158419926e-09	-7.30005367267e-09
1.31708218298e-09	9.06572350523e-09
1.31832237336e-09	2.25232057449e-08
1.31956256374e-09	3.13798946827e-08
1.32080275412e-09	3.49907183228e-08
1.3220429445e-09	3.36795338285e-08
1.32328313488e-09	2.84322081434e-08
1.32452332526e-09	2.05264982789e-08
1.32576351563e-09	1.12803553165e-08
1.32700370601e-09	1.96831403954e-09
1.32824389639e-09	-6.16154105515e-09
1.32948408677e-09	-1.19155099121e-08
1.33072427715e-09	-1.43286673637e-08
1.33196446753e-09	-1.29409913896e-08
1.33320465791e-09	-8.04246458319e-09
1.33444484829e-09	-7.04576549881e-10
1.33568503867e-09	7.45094319576e-09
1.33692522905e-09	1.46595218187e-08
1.33816541943e-09	1.94293896527e-08
1.33940560981e-09	2.08133075219e-08
1.34064580019e-09	1.85223316684e-08
1.34188599057e-09	1.28915986775e-08
1.34312618095e-09	4.74799682904e-09
1.34436637133e-09	-4.77242301233e-09
1.34560656171e-09	-1.44717460238e-08
1.34684675209e-09	-2.33238754976e-08
1.34808694246e-09	-3.06043501652e-08
1.34932713284e-09	-3.58427576508e-08
1.35056732322e-09	-3.86261098662e-08
1.3518075136e-09	-3.8446457129e-08
1.35304770398e-09	-3.47276376544e-08
1.35428789436e-09	-2.70894844334e-08
1.35552808474e-09	-1.57268358336e-08
1.35676827512e-09	-1.6522288121e-09
1.3580084655e-09	1.3348584682e-08
1.35924865588e-09	2.70928799395e-08
1.36048884626e-09	3.75540136766e-08
1.36172903664e-09	4.33528755117e-08
1.36296922702e-09	4.40366427767e-08
1.3642094174e-09	4.00665252087e-08
1.36544960778e-09	3.25790141531e-08
1.36668979816e-09	2.30759236164e-08
1.36792998854e-09	1.31254576097e-08
1.36917017892e-09	4.13336764815e-09
1.37041036929e-09	-2.82255491202e-09
1.37165055967e-09	-7.08044944897e-09
1.37289075005e-09	-8.39810043729e-09
1.37413094043e-09	-6.93146851027e-09
1.37537113081e-09	-3.17362652824e-09
1.37661132119e-09	2.10158174196e-09
1.37785151157e-09	7.88022613829e-09
1.37909170195e-09	1.2995875931e-08
1.38033189233e-09	1.62897597633e-08
1.38157208271e-09	1.68455884797e-08
1.38281227309e-09	1.41942884113e-08
1.38405246347e-09	8.43158765029e-09
1.38529265385e-09	2.30039078064e-10
1.38653284423e-09	-9.26390442135e-09
1.38777303461e-09	-1.86016049231e-08
1.38901322499e-09	-2.62851000965e-08
1.39025341537e-09	-3.10743257792e-08
1.39149360575e-09	-3.2283154372e-08
1.39273379612e-09	-2.99536164761e-08
1.3939739865e-09	-2.47745655102e-08
1.39521417688e-09	-1.77560040004e-08
1.39645436726e-09	-9.81138259526e-09
1.39769455764e-09	-1.4817187477e-09
1.39893474802e-09	7.03232871935e-09
1.4001749384e-09	1.55762229781e-08
1.40141512878e-09	2.3683171424e-08
1.40265531916e-09	3.04148088937e-08
1.40389550954e-09	3.45640143173e-08
1.40513569992e-09	3.51140343469e-08
1.4063758903e-09	3.1702128922e-08
1.40761608068e-09	2.4855273173e-08
1.40885627106e-09	1.58944692963e-08
1.41009646144e-09	6.57471466159e-09
1.41133665182e-09	-1.39563099966e-09
1.4125768422e-09	-6.78426947953e-09
1.41381703258e-09	-9.07689179375e-09
1.41505722296e-09	-8.51062231799e-09
1.41629741333e-09	-5.90756793484e-09
1.41753760371e-09	-2.3605777888e-09
1.41877779409e-09	1.09603548459e-09
1.42001798447e-09	3.70545244488e-09
1.42125817485e-09	5.05778752213e-09
1.42249836523e-09	5.01254399099e-09
1.42373855561e-09	3.53982487766e-09
1.42497874599e-09	6.00748784052e-10
1.42621893637e-09	-3.83887288624e-09
1.42745912675e-09	-9.65809499043e-09
1.42869931713e-09	-1.64349100995e-08
1.42993950751e-09	-2.33809767103e-08
1.43117969789e-09	-2.9416656222e-08
1.43241988827e-09	-3.34332419527e-08
1.43366007865e-09	-3.4591327136e-08
1.43490026903e-09	-3.25533355827e-08
1.43614045941e-09	-2.75895186697e-08
1.43738064979e-09	-2.04987320451e-08
1.43862084016e-09	-1.23681496156e-08
1.43986103054e-09	-4.218242311e-09
1.44110122092e-09	3.29531729681e-09
1.4423414113e-09	9.97721938401e-09
1.44358160168e-09	1.59420623369e-08
1.44482179206e-09	2.12464976723e-08
1.44606198244e-09	2.55553675998e-08
1.44730217282e-09	2.80976331091e-08
1.4485423632e-09	2.79534022596e-08
1.44978255358e-09	2.45648779096e-08
1.45102274396e-09	1.81698571744e-08
1.45226293434e-09	9.89502368931e-09
1.45350312472e-09	1.4491798872e-09
1.4547433151e-09	-5.44541323144e-09
1.45598350548e-09	-9.5892078722e-09
1.45722369586e-09	-1.06161172075e-08
1.45846388624e-09	-8.99934637921e-09
1.45970407662e-09	-5.79357817276e-09
1.46094426699e-09	-2.28163901661e-09
1.46218445737e-09	3.59152988599e-10
1.46342464775e-09	1.31266307546e-09
1.46466483813e-09	2.49949276554e-10
1.46590502851e-09	-2.68797539782e-09
1.46714521889e-09	-7.03739588825e-09
1.46838540927e-09	-1.21938651398e-08
1.46962559965e-09	-1.75386689616e-08
1.47086579003e-09	-2.24912444224e-08
1.47210598041e-09	-2.64797930249e-08
1.47334617079e-09	-2.89165953404e-08
1.47458636117e-09	-2.92651902711e-08
1.47582655155e-09	-2.71934870177e-08
1.47706674193e-09	-2.27111174311e-08
1.47830693231e-09	-1.62189426334e-08
1.47954712269e-09	-8.43822212104e-09
1.48078731307e-09	-2.09454675826e-10
1.48202750345e-09	7.73687758304e-09
1.48326769382e-09	1.49165708674e-08
1.4845078842e-09	2.10853179361e-08
1.48574807458e-09	2.61442507643e-08
1.48698826496e-09	3.00037990009e-08
1.48822845534e-09	3.2467704969e-08
1.48946864572e-09	3.32268275116e-08
1.4907088361e-09	3.19531427984e-08
1.49194902648e-09	2.84497003733e-08
1.49318921686e-09	2.28412377901e-08
1.49442940724e-09	1.57241908383e-08
1.49566959762e-09	8.14314016218e-09
1.496909788e-09	1.35426403425e-09
1.49814997838e-09	-3.55525875406e-09
1.49939016876e-09	-6.0219663145e-09
1.50063035914e-09	-6.1666293738e-09
1.50187054952e-09	-4.68379240948e-09
1.5031107399e-09	-2.52823026403e-09
1.50435093028e-09	-6.09215261571e-10
1.50559112066e-09	3.71790161158e-10
1.50683131103e-09	-5.77159847692e-11
1.50807150141e-09	-2.18033219257e-09
1.50931169179e-09	-6.06974637218e-09
1.51055188217e-09	-1.14838593079e-08
1.51179207255e-09	-1.7749854031e-08
1.51303226293e-09	-2.37630977118e-08
1.51427245331e-09	-2.8177112199e-08
1.51551264369e-09	-2.9736758389e-08
1.51675283407e-09	-2.76303495639e-08
1.51799302445e-09	-2.17548115078e-08
1.51923321483e-09	-1.2794116877e-08
1.52047340521e-09	-2.07713432565e-09
1.52171359559e-09	8.73517791433e-09
1.52295378597e-09	1.8066939278e-08
1.52419397635e-09	2.48456006879e-08
1.52543416673e-09	2.87543802102e-08
1.52667435711e-09	3.02109954831e-08
1.52791454749e-09	3.00707307943e-08
1.52915473786e-09	2.91922277462e-08
1.53039492824e-09	2.80588823287e-08
1.53163511862e-09	2.66357389478e-08
1.532875309e-09	2.45378877217e-08
1.53411549938e-09	2.1366984182e-08
1.53535568976e-09	1.70349432338e-08
1.53659588014e-09	1.19241869712e-08
1.53783607052e-09	6.7851454455e-09
1.5390762609e-09	2.42657194338e-09
1.54031645128e-09	-6.3018885943e-10
1.54155664166e-09	-2.37970776418e-09
1.54279683204e-09	-3.33851440937e-09
1.54403702242e-09	-4.32749586166e-09
1.5452772128e-09	-6.12299255742e-09
1.54651740318e-09	-9.13315978401e-09
1.54775759356e-09	-1.32523596541e-08
1.54899778394e-09	-1.79372054987e-08
1.55023797432e-09	-2.24909892932e-08
1.55147816469e-09	-2.64014747842e-08
1.55271835507e-09	-2.95009798812e-08
1.55395854545e-09	-3.18539368216e-08
1.55519873583e-09	-3.34309619987e-08
1.55643892621e-09	-3.37943273365e-08
1.55767911659e-09	-3.20533319886e-08
1.55891930697e-09	-2.71887796721e-08
1.56015949735e-09	-1.86163466864e-08
1.56139968773e-09	-6.69688060562e-09
1.56263987811e-09	7.10567893414e-09
1.56388006849e-09	2.05198300574e-08
1.56512025887e-09	3.11211176829e-08
1.56636044925e-09	3.70911856784e-08
1.56760063963e-09	3.77627591419e-08
1.56884083001e-09	3.37729026967e-08
1.57008102039e-09	2.67842934498e-08
1.57132121077e-09	1.89071520662e-08
1.57256140115e-09	1.20328828013e-08
1.57380159152e-09	7.30394478232e-09
1.5750417819e-09	4.92461743606e-09
1.57628197228e-09	4.32899033287e-09
1.57752216266e-09	4.57935345199e-09
1.57876235304e-09	4.82049550277e-09
1.58000254342e-09	4.56245252689e-09
1.5812427338e-09	3.67939134716e-09
1.58248292418e-09	2.20296419995e-09
1.58372311456e-09	7.73211980554e-11
1.58496330494e-09	-2.9594620643e-09
1.58620349532e-09	-7.31050753267e-09
1.5874436857e-09	-1.3275646582e-08
1.58868387608e-09	-2.07688810594e-08
1.58992406646e-09	-2.91579986822e-08
1.59116425684e-09	-3.7272244402e-08
1.59240444722e-09	-4.36251625935e-08
1.5936446376e-09	-4.68079841554e-08
1.59488482798e-09	-4.59077571513e-08
1.59612501836e-09	-4.0796216183e-08
1.59736520873e-09	-3.21644306744e-08
1.59860539911e-09	-2.12815045586e-08
1.59984558949e-09	-9.55588708162e-09
1.60108577987e-09	1.89990856381e-09
1.60232597025e-09	1.24659623735e-08
1.60356616063e-09	2.19140758873e-08
1.60480635101e-09	3.00778704165e-08
1.60604654139e-09	3.65022847504e-08
1.60728673177e-09	4.03517499414e-08
1.60852692215e-09	4.0665537604e-08
1.60976711253e-09	3.68551917873e-08
1.61100730291e-09	2.91643220685e-08
1.61224749329e-09	1.88425901548e-08
1.61348768367e-09	7.93419741019e-09
1.61472787405e-09	-1.2713070735e-09
1.61596806443e-09	-6.898039695e-09
1.61720825481e-09	-8.01855870591e-09
1.61844844519e-09	-4.9065921881e-09
1.61968863556e-09	1.07682668338e-09
1.62092882594e-09	7.91440002423e-09
1.62216901632e-09	1.35313487082e-08
1.6234092067e-09	1.63364526351e-08
1.62464939708e-09	1.55279216152e-08
1.62588958746e-09	1.11185354257e-08
1.62712977784e-09	3.70885444578e-09
1.62836996822e-09	-5.81838954794e-09
1.6296101586e-09	-1.64994062857e-08
1.63085034898e-09	-2.73288911501e-08
1.63209053936e-09	-3.71968140733e-08
1.63333072974e-09	-4.48406822784e-08
1.63457092012e-09	-4.8921588558e-08
1.6358111105e-09	-4.8280025311e-08
1.63705130088e-09	-4.2281834034e-08
1.63829149126e-09	-3.10933483405e-08
1.63953168164e-09	-1.57958892633e-08
1.64077187202e-09	1.7178622691e-09
1.64201206239e-09	1.90827067481e-08
1.64325225277e-09	3.39495067614e-08
1.64449244315e-09	4.44796555144e-08
1.64573263353e-09	4.97055014925e-08
1.64697282391e-09	4.96511045611e-08
1.64821301429e-09	4.51625798981e-08
1.64945320467e-09	3.75359112681e-08
1.65069339505e-09	2.81338929931e-08
1.65193358543e-09	1.81332557858e-08
1.65317377581e-09	8.48085235372e-09
1.65441396619e-09	5.02457797591e-12
1.65565415657e-09	-6.46504388913e-09
1.65689434695e-09	-1.01155259724e-08
1.65813453733e-09	-1.03464752321e-08
1.65937472771e-09	-7.04927494155e-09
1.66061491809e-09	-8.25830889783e-10
1.66185510847e-09	6.99702307205e-09
1.66309529885e-09	1.45922192107e-08
1.66433548922e-09	2.00167524778e-08
1.6655756796e-09	2.16468445391e-08
1.66681586998e-09	1.8537492652e-08
1.66805606036e-09	1.06473851957e-08
1.66929625074e-09	-1.1250732429e-09
1.67053644112e-09	-1.51208154886e-08
1.6717766315e-09	-2.92596449292e-08
1.67301682188e-09	-4.14640992652e-08
1.67425701226e-09	-5.00314989438e-08
1.67549720264e-09	-5.38402602501e-08
1.67673739302e-09	-5.23916443562e-08
1.6779775834e-09	-4.57384463637e-08
1.67921777378e-09	-3.44106427796e-08
1.68045796416e-09	-1.93824603034e-08
1.68169815454e-09	-2.05183606217e-09
1.68293834492e-09	1.57908621734e-08
1.6841785353e-09	3.21056119468e-08
1.68541872568e-09	4.48699379874e-08
1.68665891606e-09	5.24150527426e-08
1.68789910643e-09	5.37867084205e-08
1.68913929681e-09	4.89938591919e-08
1.69037948719e-09	3.90624101954e-08
1.69161967757e-09	2.58538146447e-08
1.69285986795e-09	1.16661842409e-08
1.69410005833e-09	-1.25947656471e-09
1.69534024871e-09	-1.12009037601e-08
1.69658043909e-09	-1.7208453551e-08
1.69782062947e-09	-1.90976112702e-08
1.69906081985e-09	-1.72763428008e-08
1.70030101023e-09	-1.25094079539e-08
1.70154120061e-09	-5.76607217528e-09
1.70278139099e-09	1.81250042752e-09
1.70402158137e-09	8.91141860304e-09
1.70526177175e-09	1.41172780133e-08
1.70650196213e-09	1.61236872742e-08
1.70774215251e-09	1.40248805902e-08
1.70898234289e-09	7.59888474366e-09
1.71022253326e-09	-2.55922208425e-09
1.71146272364e-09	-1.51206194232e-08
1.71270291402e-09	-2.82786358774e-08
1.7139431044e-09	-4.00869621942e-08
1.71518329478e-09	-4.87843609953e-08
1.71642348516e-09	-5.30478976302e-08
1.71766367554e-09	-5.21491156924e-08
1.71890386592e-09	-4.60271478708e-08
1.7201440563e-09	-3.52903590795e-08
1.72138424668e-09	-2.11020438901e-08
1.72262443706e-09	-4.99836050327e-09
1.72386462744e-09	1.13185920636e-08
1.72510481782e-09	2.61917714184e-08
1.7263450082e-09	3.81604920996e-08
1.72758519858e-09	4.60883242681e-08
1.72882538896e-09	4.92749157033e-08
1.73006557934e-09	4.75510595344e-08
1.73130576972e-09	4.1343341195e-08
1.73254596009e-09	3.16274260115e-08
1.73378615047e-09	1.98023477616e-08
1.73502634085e-09	7.50087381096e-09
1.73626653123e-09	-3.66273339436e-09
1.73750672161e-09	-1.23208130365e-08
1.73874691199e-09	-1.75565020299e-08
1.73998710237e-09	-1.90409714662e-08
1.74122729275e-09	-1.70489169449e-08
1.74246748313e-09	-1.23718908451e-08
1.74370767351e-09	-6.124379337e-09
1.74494786389e-09	4.56283871797e-10
1.74618805427e-09	6.17001394421e-09
1.74742824465e-09	9.97457505481e-09
1.74866843503e-09	1.10519811081e-08
1.74990862541e-09	8.90286244726e-09
1.75114881579e-09	3.4777963287e-09
1.75238900617e-09	-4.71194994134e-09
1.75362919655e-09	-1.45822232067e-08
1.75486938692e-09	-2.46282396699e-08
1.7561095773e-09	-3.32142118253e-08
1.75734976768e-09	-3.89159264813e-08
1.75858995806e-09	-4.07807503322e-08
1.75983014844e-09	-3.84213514337e-08
1.76107033882e-09	-3.19844852825e-08
1.7623105292e-09	-2.20546896301e-08
1.76355071958e-09	-9.55375478728e-09
1.76479090996e-09	4.33495805918e-09
1.76603110034e-09	1.82401669324e-08
1.76727129072e-09	3.07234762076e-08
1.7685114811e-09	4.04718494273e-08
1.76975167148e-09	4.65039819986e-08
1.77099186186e-09	4.83371245252e-08
1.77223205224e-09	4.60601055075e-08
1.77347224262e-09	4.02704385394e-08
1.774712433e-09	3.19186459485e-08
1.77595262338e-09	2.21167097969e-08
1.77719281376e-09	1.19636690554e-08
1.77843300413e-09	2.41453457228e-09
1.77967319451e-09	-5.79567638326e-09
1.78091338489e-09	-1.21499805772e-08
1.78215357527e-09	-1.63205990944e-08
1.78339376565e-09	-1.81462478377e-08
1.78463395603e-09	-1.76342134228e-08
1.78587414641e-09	-1.50227124074e-08
1.78711433679e-09	-1.08437711033e-08
1.78835452717e-09	-5.92214000061e-09
1.78959471755e-09	-1.27609917078e-09
1.79083490793e-09	2.06823344562e-09
1.79207509831e-09	3.28703697594e-09
1.79331528869e-09	1.94360538774e-09
1.79455547907e-09	-1.90929722033e-09
1.79579566945e-09	-7.72715935682e-09
1.79703585983e-09	-1.45594605261e-08
1.79827605021e-09	-2.12170174763e-08
1.79951624059e-09	-2.64956767637e-08
1.80075643096e-09	-2.93853505973e-08
1.80199662134e-09	-2.92070598817e-08
1.80323681172e-09	-2.56679393296e-08
1.8044770021e-09	-1.88364255305e-08
1.80571719248e-09	-9.09650010872e-09
1.80695738286e-09	2.85561807534e-09
1.80819757324e-09	1.59891924145e-08
1.80943776362e-09	2.89449348934e-08
1.810677954e-09	4.01531785599e-08
1.81191814438e-09	4.80881592324e-08
1.81315833476e-09	5.15947529145e-08
1.81439852514e-09	5.01922783336e-08
1.81563871552e-09	4.41864296263e-08
1.8168789059e-09	3.45437345395e-08
1.81811909628e-09	2.2626719387e-08
1.81935928666e-09	9.86231729616e-09
1.82059947704e-09	-2.50784151778e-09
1.82183966742e-09	-1.35337143714e-08
1.82307985779e-09	-2.25472382986e-08
1.82432004817e-09	-2.90825572513e-08
1.82556023855e-09	-3.28311267062e-08
1.82680042893e-09	-3.36343961571e-08
1.82804061931e-09	-3.15315977772e-08
1.82928080969e-09	-2.68562105887e-08
1.83052100007e-09	-2.02702237218e-08
1.83176119045e-09	-1.2735798971e-08
1.83300138083e-09	-5.42034112039e-09
1.83424157121e-09	4.95141715823e-10
1.83548176159e-09	4.03738176225e-09
1.83672195197e-09	4.65074279088e-09
1.83796214235e-09	2.32014493728e-09
1.83920233273e-09	-2.42287051533e-09
1.84044252311e-09	-8.58466231435e-09
1.84168271349e-09	-1.48944498957e-08
1.84292290387e-09	-2.0001222012e-08
1.84416309425e-09	-2.26701721839e-08
1.84540328462e-09	-2.19922515754e-08
1.846643475e-09	-1.75366641209e-08
1.84788366538e-09	-9.4281502605e-09
1.84912385576e-09	1.66391772582e-09
1.85036404614e-09	1.46143468438e-08
1.85160423652e-09	2.79669518655e-08
1.8528444269e-09	4.0076577168e-08
1.85408461728e-09	4.92631304638e-08
1.85532480766e-09	5.40194822207e-08
1.85656499804e-09	5.32883293047e-08
1.85780518842e-09	4.67333229892e-08
1.8590453788e-09	3.49096787033e-08
1.86028556918e-09	1.92406386379e-08
1.86152575956e-09	1.76269007723e-09
1.86276594994e-09	-1.52884247484e-08
1.86400614032e-09	-2.99077340671e-08
1.8652463307e-09	-4.06318272361e-08
1.86648652108e-09	-4.66743115268e-08
1.86772671146e-09	-4.78995061393e-08
1.86896690183e-09	-4.46995844783e-08
1.87020709221e-09	-3.78575286675e-08
1.87144728259e-09	-2.8432375565e-08
1.87268747297e-09	-1.76549339592e-08
1.87392766335e-09	-6.81484690901e-09
1.87516785373e-09	2.85462886662e-09
1.87640804411e-09	1.02910100441e-08
1.87764823449e-09	1.47236833836e-08
1.87888842487e-09	1.57687822799e-08
1.88012861525e-09	1.34855244749e-08
1.88136880563e-09	8.40118818957e-09
1.88260899601e-09	1.48013393209e-09
1.88384918639e-09	-5.98098076621e-09
1.88508937677e-09	-1.25175481092e-08
1.88632956715e-09	-1.67012952357e-08
1.88756975753e-09	-1.73820047245e-08
1.88880994791e-09	-1.39175677649e-08
1.89005013829e-09	-6.33467456268e-09
1.89129032866e-09	4.61463978141e-09
1.89253051904e-09	1.75216854359e-08
1.89377070942e-09	3.05327967354e-08
1.8950108998e-09	4.16714445173e-08
1.89625109018e-09	4.91783551659e-08
1.89749128056e-09	5.17971336933e-08
1.89873147094e-09	4.89388187752e-08
1.89997166132e-09	4.06953137855e-08
1.9012118517e-09	2.77757714606e-08
1.90245204208e-09	1.14262044271e-08
1.90369223246e-09	-6.66018828976e-09
1.90493242284e-09	-2.44639526414e-08
1.90617261322e-09	-3.98500112908e-08
1.9074128036e-09	-5.08707937996e-08
1.90865299398e-09	-5.61162076806e-08
1.90989318436e-09	-5.50051986181e-08
1.91113337474e-09	-4.79180197743e-08
1.91237356512e-09	-3.615193922e-08
1.91361375549e-09	-2.16804327824e-08
1.91485394587e-09	-6.7677093929e-09
1.91609413625e-09	6.45259679022e-09
1.91733432663e-09	1.6358873367e-08
1.91857451701e-09	2.20819564856e-08
1.91981470739e-09	2.3552000572e-08
1.92105489777e-09	2.1357660529e-08
1.92229508815e-09	1.64771476463e-08
1.92353527853e-09	1.00169375017e-08
1.92477546891e-09	3.03570535376e-09
1.92601565929e-09	-3.50903361923e-09
1.92725584967e-09	-8.71501859567e-09
1.92849604005e-09	-1.17085043883e-08
1.92973623043e-09	-1.17126403021e-08
1.93097642081e-09	-8.22360846087e-09
1.93221661119e-09	-1.23950588682e-09
1.93345680157e-09	8.57205406657e-09
1.93469699195e-09	1.98481073799e-08
1.93593718233e-09	3.07188923188e-08
1.9371773727e-09	3.91778423037e-08
1.93841756308e-09	4.35073888028e-08
1.93965775346e-09	4.26665081044e-08
1.94089794384e-09	3.65077901243e-08
1.94213813422e-09	2.574955138e-08
1.9433783246e-09	1.17478959893e-08
1.94461851498e-09	-3.83195247755e-09
1.94585870536e-09	-1.93177509544e-08
1.94709889574e-09	-3.32248539792e-08
1.94833908612e-09	-4.43079888335e-08
1.9495792765e-09	-5.15304687809e-08
1.95081946688e-09	-5.40790834336e-08
1.95205965726e-09	-5.14709754817e-08
1.95329984764e-09	-4.37411316057e-08
1.95454003802e-09	-3.16397028577e-08
1.9557802284e-09	-1.66859535078e-08
1.95702041878e-09	-9.91746337831e-10
1.95826060916e-09	1.31222794852e-08
1.95950079953e-09	2.36179817925e-08
1.96074098991e-09	2.91907387151e-08
1.96198118029e-09	2.95477864398e-08
1.96322137067e-09	2.54244514331e-08
1.96446156105e-09	1.83423305433e-08
1.96570175143e-09	1.01847004164e-08
1.96694194181e-09	2.70625399867e-09
1.96818213219e-09	-2.84251730487e-09
1.96942232257e-09	-5.85693588073e-09
1.97066251295e-09	-6.28811308578e-09
1.97190270333e-09	-4.40583008965e-09
1.97314289371e-09	-5.68594598488e-10
1.97438308409e-09	4.86970563873e-09
1.97562327447e-09	1.14852723998e-08
1.97686346485e-09	1.86142845582e-08
1.97810365523e-09	2.52412244439e-08
1.97934384561e-09	3.00565887734e-08
1.98058403599e-09	3.17138288963e-08
1.98182422636e-09	2.92189032969e-08
1.98306441674e-09	2.22853280274e-08
1.98430460712e-09	1.15100520226e-08
1.9855447975e-09	-1.71126615656e-09
1.98678498788e-09	-1.55062997997e-08
1.98802517826e-09	-2.79708598505e-08
1.98926536864e-09	-3.75903810301e-08
1.99050555902e-09	-4.34868043797e-08
1.9917457494e-09	-4.54266428918e-08
1.99298593978e-09	-4.3647357284e-08
1.99422613016e-09	-3.86137650743e-08
1.99546632054e-09	-3.08402774429e-08
1.99670651092e-09	-2.08751238517e-08
1.9979467013e-09	-9.41215250183e-09
1.99918689168e-09	2.57883786547e-09
2.00042708206e-09	1.38261853078e-08
2.00166727244e-09	2.29142091968e-08
2.00290746282e-09	2.85979830927e-08
2.00414765319e-09	3.01661740032e-08
2.00538784357e-09	2.76871787719e-08
2.00662803395e-09	2.20399121176e-08
2.00786822433e-09	1.4713216423e-08
2.00910841471e-09	7.42394679065e-09
2.01034860509e-09	1.69221600621e-09
2.01158879547e-09	-1.49399356775e-09
2.01282898585e-09	-1.84769513578e-09
2.01406917623e-09	2.54109080999e-10
2.01530936661e-09	3.98733573936e-09
2.01654955699e-09	8.37953317845e-09
2.01778974737e-09	1.25705001963e-08
2.01902993775e-09	1.59448727555e-08
2.02027012813e-09	1.81066797111e-08
2.02151031851e-09	1.87489224146e-08
2.02275050889e-09	1.75450254325e-08
2.02399069927e-09	1.41605134285e-08
2.02523088965e-09	8.39010716458e-09
2.02647108003e-09	3.57110820082e-10
2.0277112704e-09	-9.3281072866e-09
2.02895146078e-09	-1.95588372165e-08
2.03019165116e-09	-2.89110073659e-08
2.03143184154e-09	-3.59593572696e-08
2.03267203192e-09	-3.96271215841e-08
2.0339122223e-09	-3.9453990297e-08
2.03515241268e-09	-3.56773317556e-08
2.03639260306e-09	-2.90919226487e-08
2.03763279344e-09	-2.0771965259e-08
2.03887298382e-09	-1.17628440321e-08
2.0401131742e-09	-2.86659462834e-09
2.04135336458e-09	5.40597572263e-09
2.04259355496e-09	1.27301327257e-08
2.04383374534e-09	1.87993196565e-08
2.04507393572e-09	2.3233122759e-08
2.0463141261e-09	2.56187873138e-08
2.04755431648e-09	2.56727228365e-08
2.04879450686e-09	2.3445316133e-08
2.05003469723e-09	1.94281386534e-08
2.05127488761e-09	1.44929943602e-08
2.05251507799e-09	9.683754576e-09
2.05375526837e-09	5.93478183264e-09
2.05499545875e-09	3.82180559422e-09
2.05623564913e-09	3.42719896906e-09
2.05747583951e-09	4.36744151955e-09
2.05871602989e-09	5.95287402705e-09
2.05995622027e-09	7.40137251487e-09
2.06119641065e-09	8.05682687233e-09
2.06243660103e-09	7.53265816389e-09
2.06367679141e-09	5.73252101344e-09
2.06491698179e-09	2.78052589286e-09
2.06615717217e-09	-1.09782954949e-09
2.06739736255e-09	-5.68335700724e-09
2.06863755293e-09	-1.07928243009e-08
2.06987774331e-09	-1.62135784798e-08
2.07111793369e-09	-2.15958835259e-08
2.07235812406e-09	-2.63991322136e-08
2.07359831444e-09	-2.99361140321e-08
2.07483850482e-09	-3.15173052101e-08
2.0760786952e-09	-3.06557605967e-08
2.07731888558e-09	-2.72288542824e-08
2.07855907596e-09	-2.15309767793e-08
2.07979926634e-09	-1.42132843273e-08
2.08103945672e-09	-6.13259243387e-09
2.0822796471e-09	1.84615236987e-09
2.08351983748e-09	9.02812868908e-09
2.08476002786e-09	1.49853127684e-08
2.08600021824e-09	1.95546023818e-08
2.08724040862e-09	2.27522722884e-08
2.088480599e-09	2.46520583946e-08
2.08972078938e-09	2.52991956273e-08
2.09096097976e-09	2.4710537172e-08
2.09220117014e-09	2.29413434916e-08
2.09344136052e-09	2.01599312799e-08
2.09468155089e-09	1.66810896207e-08
2.09592174127e-09	1.29210331323e-08
2.09716193165e-09	9.28481502793e-09
2.09840212203e-09	6.04756644762e-09
2.09964231241e-09	3.29244956299e-09
2.10088250279e-09	9.27168203324e-10
2.10212269317e-09	-1.23707254163e-09
2.10336288355e-09	-3.38365724328e-09
2.10460307393e-09	-5.61594254433e-09
2.10584326431e-09	-7.93590604342e-09
2.10708345469e-09	-1.02584839512e-08
2.10832364507e-09	-1.24493003684e-08
2.10956383545e-09	-1.4376109192e-08
2.11080402583e-09	-1.59528332766e-08
2.11204421621e-09	-1.71507721358e-08
2.11328440659e-09	-1.7974094435e-08
2.11452459697e-09	-1.84157544769e-08
2.11576478735e-09	-1.84026736072e-08
2.11700497773e-09	-1.7774191674e-08
2.1182451681e-09	-1.63237212636e-08
2.11948535848e-09	-1.3876126026e-08
2.12072554886e-09	-1.03726556233e-08
2.12196573924e-09	-5.92358334606e-09
2.12320592962e-09	-7.94281820871e-10
2.12444612e-09	4.66595245774e-09
2.12568631038e-09	1.0108106574e-08
2.12692650076e-09	1.52246164564e-08
2.12816669114e-09	1.97485010567e-08
2.12940688152e-09	2.34394852416e-08
2.1306470719e-09	2.60656756179e-08
2.13188726228e-09	2.74255307353e-08
2.13312745266e-09	2.73967790676e-08
2.13436764304e-09	2.59694961091e-08
2.13560783342e-09	2.32621990559e-08
2.1368480238e-09	1.95025113836e-08
2.13808821418e-09	1.49806995697e-08
2.13932840456e-09	9.98839644328e-09
2.14056859493e-09	4.7645889456e-09
2.14180878531e-09	-5.08894218432e-10
2.14304897569e-09	-5.67792346473e-09
2.14428916607e-09	-1.05562625308e-08
2.14552935645e-09	-1.48684700108e-08
2.14676954683e-09	-1.82670805149e-08
2.14800973721e-09	-2.04190788722e-08
2.14924992759e-09	-2.11246726778e-08
2.15049011797e-09	-2.04175074625e-08
2.15173030835e-09	-1.85832675914e-08
2.15297049873e-09	-1.60836686192e-08
2.15421068911e-09	-1.34105877514e-08
2.15545087949e-09	-1.09492728217e-08
2.15669106987e-09	-8.90457718672e-09
2.15793126025e-09	-7.29942473132e-09
2.15917145063e-09	-6.0358654741e-09
2.16041164101e-09	-4.97247149012e-09
2.16165183139e-09	-3.96146948578e-09
2.16289202176e-09	-2.8475674041e-09
2.16413221214e-09	-1.45763023873e-09
2.16537240252e-09	4.03443209396e-10
2.1666125929e-09	2.92956295334e-09
2.16785278328e-09	6.256774987e-09
2.16909297366e-09	1.03841010235e-08
2.17033316404e-09	1.51075316701e-08
2.17157335442e-09	1.99929168776e-08
2.1728135448e-09	2.44054276788e-08
2.17405373518e-09	2.76173137692e-08
2.17529392556e-09	2.89745436532e-08
2.17653411594e-09	2.80597620694e-08
2.17777430632e-09	2.47998652725e-08
2.1790144967e-09	1.94847513679e-08
2.18025468708e-09	1.26783560317e-08
2.18149487746e-09	5.06116115684e-09
2.18273506784e-09	-2.7206923936e-09
2.18397525822e-09	-1.01414677767e-08
2.18521544859e-09	-1.68025076075e-08
2.18645563897e-09	-2.23827656409e-08
2.18769582935e-09	-2.65744510841e-08
2.18893601973e-09	-2.90644468492e-08
2.19017621011e-09	-2.95822837337e-08
2.19141640049e-09	-2.79923710877e-08
2.19265659087e-09	-2.44075377687e-08
2.19389678125e-09	-1.92667848342e-08
2.19513697163e-09	-1.33174724581e-08
2.19637716201e-09	-7.47582129534e-09
2.19761735239e-09	-2.60030980082e-09
2.19885754277e-09	7.32291033367e-10
2.20009773315e-09	2.36906391726e-09
2.20133792353e-09	2.56852580871e-09
2.20257811391e-09	1.85585213863e-09
2.20381830429e-09	8.32780955307e-10
2.20505849467e-09	1.43476727894e-11
2.20629868505e-09	-2.38857237808e-10
2.20753887543e-09	2.98602510773e-10
2.2087790658e-09	1.77910730592e-09
2.21001925618e-09	4.31640828635e-09
2.21125944656e-09	7.9503312822e-09
2.21249963694e-09	1.25658996541e-08
2.21373982732e-09	1.77949963653e-08
2.2149800177e-09	2.29693850606e-08
2.21622020808e-09	2.71844586841e-08
2.21746039846e-09	2.94657129807e-08
2.21870058884e-09	2.90027801775e-08
2.21994077922e-09	2.53858101207e-08
2.2211809696e-09	1.87537003704e-08
2.22242115998e-09	9.80123537886e-09
2.22366135036e-09	-3.75587602686e-10
2.22490154074e-09	-1.05347174317e-08
2.22614173112e-09	-1.9554528663e-08
2.2273819215e-09	-2.66299151619e-08
2.22862211188e-09	-3.13213579517e-08
2.22986230226e-09	-3.34910366107e-08
2.23110249263e-09	-3.31941309994e-08
2.23234268301e-09	-3.05901131092e-08
2.23358287339e-09	-2.59340109388e-08
2.23482306377e-09	-1.96263296726e-08
2.23606325415e-09	-1.2273842942e-08
2.23730344453e-09	-4.69318489627e-09
2.23854363491e-09	2.18553258824e-09
2.23978382529e-09	7.48897333036e-09
2.24102401567e-09	1.06076040174e-08
2.24226420605e-09	1.13623530584e-08
2.24350439643e-09	1.00580588303e-08
2.24474458681e-09	7.41629058165e-09
2.24598477719e-09	4.39387737305e-09
2.24722496757e-09	1.93905408397e-09
2.24846515795e-09	7.65877528064e-10
2.24970534833e-09	1.22606384767e-09
2.25094553871e-09	3.3081799522e-09
2.25218572909e-09	6.72803113222e-09
2.25342591946e-09	1.1049332227e-08
2.25466610984e-09	1.57752753083e-08
2.25590630022e-09	2.03758658834e-08
2.2571464906e-09	2.427764767e-08
2.25838668098e-09	2.68708197915e-08
2.25962687136e-09	2.75495741775e-08
2.26086706174e-09	2.58028154398e-08
2.26210725212e-09	2.13454665055e-08
2.2633474425e-09	1.42472720288e-08
2.26458763288e-09	5.01009345122e-09
2.26582782326e-09	-5.44720624163e-09
2.26706801364e-09	-1.59034838632e-08
2.26830820402e-09	-2.50527230072e-08
2.2695483944e-09	-3.17645620918e-08
2.27078858478e-09	-3.53013396293e-08
2.27202877516e-09	-3.5441594548e-08
2.27326896554e-09	-3.24709694688e-08
2.27450915592e-09	-2.70481543829e-08
2.27574934629e-09	-2.00153096319e-08
2.27698953667e-09	-1.22311130113e-08
2.27822972705e-09	-4.47459208575e-09
2.27946991743e-09	2.58586077551e-09
2.28071010781e-09	8.38750002785e-09
2.28195029819e-09	1.24738724905e-08
2.28319048857e-09	1.45510987704e-08
2.28443067895e-09	1.45695708831e-08
2.28567086933e-09	1.27889029367e-08
2.28691105971e-09	9.79330483375e-09
2.28815125009e-09	6.41579395166e-09
2.28939144047e-09	3.57960383557e-09
2.29063163085e-09	2.0920494781e-09
2.29187182123e-09	2.45082087957e-09
2.29311201161e-09	4.72427441611e-09
2.29435220199e-09	8.52825587927e-09
2.29559239237e-09	1.31246853385e-08
2.29683258275e-09	1.76074363978e-08
2.29807277313e-09	2.10957953328e-08
2.2993129635e-09	2.29059475831e-08
2.30055315388e-09	2.26406624559e-08
2.30179334426e-09	2.01925487442e-08
2.30303353464e-09	1.56966246667e-08
2.30427372502e-09	9.4665572048e-09
2.3055139154e-09	1.95658661495e-09
2.30675410578e-09	-6.27243429419e-09
2.30799429616e-09	-1.45771743565e-08
2.30923448654e-09	-2.225268525e-08
2.31047467692e-09	-2.8582935574e-08
2.3117148673e-09	-3.2906089853e-08
2.31295505768e-09	-3.46972051091e-08
2.31419524806e-09	-3.36787016053e-08
2.31543543844e-09	-2.99198670284e-08
2.31667562882e-09	-2.38804149788e-08
2.3179158192e-09	-1.63564410904e-08
2.31915600958e-09	-8.33359714569e-09
2.32039619996e-09	-7.88321505296e-10
2.32163639033e-09	5.51024376128e-09
2.32287658071e-09	1.01171450106e-08
2.32411677109e-09	1.29262077708e-08
2.32535696147e-09	1.41051399449e-08
2.32659715185e-09	1.39809162025e-08
2.32783734223e-09	1.29330754994e-08
2.32907753261e-09	1.13367529808e-08
2.33031772299e-09	9.55259771285e-09
2.33155791337e-09	7.93307752822e-09
2.33279810375e-09	6.81955625303e-09
2.33403829413e-09	6.50974985028e-09
2.33527848451e-09	7.18412218603e-09
2.33651867489e-09	8.81381945206e-09
2.33775886527e-09	1.11003204406e-08
2.33899905565e-09	1.34761970472e-08
2.34023924603e-09	1.51965704465e-08
2.34147943641e-09	1.55157884318e-08
2.34271962679e-09	1.38995146504e-08
2.34395981716e-09	1.01908423922e-08
2.34520000754e-09	4.66555316603e-09
2.34644019792e-09	-2.03143005195e-09
2.3476803883e-09	-9.06114094867e-09
2.34892057868e-09	-1.56038642007e-08
2.35016076906e-09	-2.10255237665e-08
2.35140095944e-09	-2.49538765207e-08
2.35264114982e-09	-2.7258292068e-08
2.3538813402e-09	-2.7966252425e-08
2.35512153058e-09	-2.71642819349e-08
2.35636172096e-09	-2.49373270922e-08
2.35760191134e-09	-2.13722595177e-08
2.35884210172e-09	-1.66055502682e-08
2.3600822921e-09	-1.08871621718e-08
2.36132248248e-09	-4.63156629715e-09
2.36256267286e-09	1.60130955718e-09
2.36380286324e-09	7.20458359638e-09
2.36504305362e-09	1.16630729519e-08
2.36628324399e-09	1.46887835228e-08
2.36752343437e-09	1.62887101585e-08
2.36876362475e-09	1.67289002651e-08
2.37000381513e-09	1.64102047506e-08
2.37124400551e-09	1.57152084679e-08
2.37248419589e-09	1.490151047e-08
2.37372438627e-09	1.40598672704e-08
2.37496457665e-09	1.31475288434e-08
2.37620476703e-09	1.20818213212e-08
2.37744495741e-09	1.08229027962e-08
2.37868514779e-09	9.41855182734e-09
2.37992533817e-09	7.98988653017e-09
2.38116552855e-09	6.65316968185e-09
2.38240571893e-09	5.42447253782e-09
2.38364590931e-09	4.15903633755e-09
2.38488609969e-09	2.57235080459e-09
2.38612629007e-09	3.41311461732e-10
2.38736648045e-09	-2.74830941338e-09
2.38860667083e-09	-6.66024901896e-09
2.3898468612e-09	-1.10495500527e-08
2.39108705158e-09	-1.53299561934e-08
2.39232724196e-09	-1.88343061147e-08
2.39356743234e-09	-2.1016809848e-08
2.39480762272e-09	-2.16146891496e-08
2.3960478131e-09	-2.06933896685e-08
2.39728800348e-09	-1.8572557714e-08
2.39852819386e-09	-1.56718513722e-08
2.39976838424e-09	-1.23519012796e-08
2.40100857462e-09	-8.80842587758e-09
2.402248765e-09	-5.06125480415e-09
2.40348895538e-09	-1.04351852159e-09
2.40472914576e-09	3.26991722588e-09
2.40596933614e-09	7.75896458194e-09
2.40720952652e-09	1.21261836128e-08
2.4084497169e-09	1.59562407731e-08
2.40968990728e-09	1.88460620443e-08
2.41093009766e-09	2.05396641917e-08
2.41217028803e-09	2.10011470436e-08
2.41341047841e-09	2.03997561066e-08
2.41465066879e-09	1.90134783473e-08
2.41589085917e-09	1.70995462234e-08
2.41713104955e-09	1.48011369827e-08
2.41837123993e-09	1.2137972627e-08
2.41961143031e-09	9.07777231163e-09
2.42085162069e-09	5.63628599348e-09
2.42209181107e-09	1.9572685972e-09
2.42333200145e-09	-1.67380827254e-09
2.42457219183e-09	-4.89705531681e-09
2.42581238221e-09	-7.39198269262e-09
2.42705257259e-09	-8.99681640298e-09
2.42829276297e-09	-9.78297776122e-09
2.42953295335e-09	-1.00477214326e-08
2.43077314373e-09	-1.02127840629e-08
2.43201333411e-09	-1.06638572417e-08
2.43325352449e-09	-1.15941246603e-08
2.43449371486e-09	-1.29185718789e-08
2.43573390524e-09	-1.43011986697e-08
2.43697409562e-09	-1.52798336206e-08
2.438214286e-09	-1.54364572236e-08
2.43945447638e-09	-1.45352676562e-08
2.44069466676e-09	-1.25786936422e-08
2.44193485714e-09	-9.76806935338e-09
2.44317504752e-09	-6.39235647748e-09
2.4444152379e-09	-2.71095043636e-09
2.44565542828e-09	1.11785615486e-09
2.44689561866e-09	5.03652280992e-09
2.44813580904e-09	9.01806029852e-09
2.44937599942e-09	1.29731159149e-08
2.4506161898e-09	1.66836551241e-08
2.45185638018e-09	1.97958696102e-08
2.45309657056e-09	2.18901385907e-08
2.45433676094e-09	2.25965708367e-08
2.45557695132e-09	2.17191074015e-08
2.45681714169e-09	1.93153602002e-08
2.45805733207e-09	1.56808932505e-08
2.45929752245e-09	1.12594070734e-08
2.46053771283e-09	6.51390785755e-09
2.46177790321e-09	1.81592915705e-09
2.46301809359e-09	-2.59246107914e-09
2.46425828397e-09	-6.57030702067e-09
2.46549847435e-09	-1.00049373231e-08
2.46673866473e-09	-1.27528977378e-08
2.46797885511e-09	-1.46389262934e-08
2.46921904549e-09	-1.55042558792e-08
2.47045923587e-09	-1.52991976865e-08
2.47169942625e-09	-1.41591658398e-08
2.47293961663e-09	-1.24145735914e-08
2.47417980701e-09	-1.05338295864e-08
2.47541999739e-09	-8.99888463746e-09
2.47666018777e-09	-8.16174849927e-09
2.47790037815e-09	-8.12711886677e-09
2.47914056853e-09	-8.70469052394e-09
2.4803807589e-09	-9.46048028805e-09
2.48162094928e-09	-9.84755710309e-09
2.48286113966e-09	-9.37327104822e-09
2.48410133004e-09	-7.74125408221e-09
2.48534152042e-09	-4.91142121417e-09
2.4865817108e-09	-1.07755029899e-09
2.48782190118e-09	3.40998257409e-09
2.48906209156e-09	8.13980882697e-09
2.49030228194e-09	1.27081638546e-08
2.49154247232e-09	1.6752242038e-08
2.4927826627e-09	1.99581842164e-08
2.49402285308e-09	2.20579916554e-08
2.49526304346e-09	2.28361354271e-08
2.49650323384e-09	2.21521245791e-08
2.49774342422e-09	1.99750065377e-08
2.4989836146e-09	1.64181206408e-08
2.50022380498e-09	1.17510954301e-08
2.50146399536e-09	6.38004804543e-09
2.50270418573e-09	7.95671722953e-10
2.50394437611e-09	-4.50568721222e-09
2.50518456649e-09	-9.09981012764e-09
2.50642475687e-09	-1.26933789035e-08
2.50766494725e-09	-1.51491292844e-08
2.50890513763e-09	-1.64685678428e-08
2.51014532801e-09	-1.67531655215e-08
2.51138551839e-09	-1.61604634119e-08
2.51262570877e-09	-1.48739025541e-08
2.51386589915e-09	-1.30976198776e-08
2.51510608953e-09	-1.10539027931e-08
2.51634627991e-09	-8.97587615345e-09
2.51758647029e-09	-7.08683278727e-09
2.51882666067e-09	-5.5633669338e-09
2.52006685105e-09	-4.50089199244e-09
2.52130704143e-09	-3.88161308651e-09
2.52254723181e-09	-3.56125234857e-09
2.52378742219e-09	-3.28215785106e-09
2.52502761256e-09	-2.71326255907e-09
2.52626780294e-09	-1.52420433219e-09
2.52750799332e-09	5.29135166238e-10
2.5287481837e-09	3.52530354908e-09
2.52998837408e-09	7.32873317588e-09
2.53122856446e-09	1.15944349677e-08
2.53246875484e-09	1.58221185043e-08
2.53370894522e-09	1.94508296136e-08
2.5349491356e-09	2.1962147656e-08
2.53618932598e-09	2.29659551376e-08
2.53742951636e-09	2.22613416589e-08
2.53866970674e-09	1.98636871396e-08
2.53990989712e-09	1.59989732573e-08
2.5411500875e-09	1.1058442162e-08
2.54239027788e-09	5.52481077554e-09
2.54363046826e-09	-1.0765373315e-10
2.54487065864e-09	-5.4054702936e-09
2.54611084902e-09	-1.00315232787e-08
2.54735103939e-09	-1.37498796793e-08
2.54859122977e-09	-1.64166493732e-08
2.54983142015e-09	-1.79662862365e-08
2.55107161053e-09	-1.84072945775e-08
2.55231180091e-09	-1.78215586732e-08
2.55355199129e-09	-1.6369635425e-08
2.55479218167e-09	-1.42877982778e-08
2.55603237205e-09	-1.18598372234e-08
2.55727256243e-09	-9.37606947637e-09
2.55851275281e-09	-7.07656100385e-09
2.55975294319e-09	-5.09636755019e-09
2.56099313357e-09	-3.44384681883e-09
2.56223332395e-09	-2.01319816373e-09
2.56347351433e-09	-6.364823113e-10
2.56471370471e-09	8.45325268117e-10
2.56595389509e-09	2.52262041811e-09
2.56719408547e-09	4.38980390927e-09
2.56843427585e-09	6.37413732907e-09
2.56967446623e-09	8.38924330004e-09
2.5709146566e-09	1.03825078535e-08
2.57215484698e-09	1.23486960657e-08
2.57339503736e-09	1.4282637073e-08
2.57463522774e-09	1.6103485212e-08
2.57587541812e-09	1.7598536628e-08
2.5771156085e-09	1.84274513426e-08
2.57835579888e-09	1.82018315975e-08
2.57959598926e-09	1.66086020492e-08
2.58083617964e-09	1.35363473763e-08
2.58207637002e-09	9.14745401648e-09
2.5833165604e-09	3.85864695751e-09
2.58455675078e-09	-1.75188796803e-09
2.58579694116e-09	-7.08276859385e-09
2.58703713154e-09	-1.16475235012e-08
2.58827732192e-09	-1.51593726461e-08
2.5895175123e-09	-1.75413770176e-08
2.59075770268e-09	-1.88698852099e-08
2.59199789306e-09	-1.92857390058e-08
2.59323808343e-09	-1.89126940775e-08
2.59447827381e-09	-1.78179773158e-08
2.59571846419e-09	-1.60366935287e-08
2.59695865457e-09	-1.36327393818e-08
2.59819884495e-09	-1.07463139498e-08
2.59943903533e-09	-7.60544283107e-09
2.60067922571e-09	-4.48341908044e-09
2.60191941609e-09	-1.61851940184e-09
2.60315960647e-09	8.5859645782e-10
2.60439979685e-09	2.95972263364e-09
2.60563998723e-09	4.81959888665e-09
2.60688017761e-09	6.62904053872e-09
2.60812036799e-09	8.53769921427e-09
2.60936055837e-09	1.05659639926e-08
2.61060074875e-09	1.25768134795e-08
2.61184093913e-09	1.43161154043e-08
2.61308112951e-09	1.55048116568e-08
2.61432131989e-09	1.59517583587e-08
2.61556151026e-09	1.56244284177e-08
2.61680170064e-09	1.46434688819e-08
2.61804189102e-09	1.32080990589e-08
2.6192820814e-09	1.14846547827e-08
2.62052227178e-09	9.51845757768e-09
2.62176246216e-09	7.21465331921e-09
2.62300265254e-09	4.40846659178e-09
2.62424284292e-09	9.90720033789e-10
2.6254830333e-09	-2.98216448757e-09
2.62672322368e-09	-7.24140380992e-09
2.62796341406e-09	-1.13530147505e-08
2.62920360444e-09	-1.48441463566e-08
2.63044379482e-09	-1.73444840712e-08
2.6316839852e-09	-1.86879938191e-08
2.63292417558e-09	-1.89333249079e-08
2.63416436596e-09	-1.83008725951e-08
2.63540455634e-09	-1.70568912328e-08
2.63664474672e-09	-1.53967558703e-08
2.63788493709e-09	-1.33871982388e-08
2.63912512747e-09	-1.09839675133e-08
2.64036531785e-09	-8.11114586607e-09
2.64160550823e-09	-4.76369393931e-09
2.64284569861e-09	-1.07540547301e-09
2.64408588899e-09	2.68848385221e-09
2.64532607937e-09	6.20790163719e-09
2.64656626975e-09	9.21386689168e-09
2.64780646013e-09	1.15739871021e-08
2.64904665051e-09	1.33152457948e-08
2.65028684089e-09	1.45709619925e-08
2.65152703127e-09	1.54830346322e-08
2.65276722165e-09	1.61119340092e-08
2.65400741203e-09	1.63941122899e-08
2.65524760241e-09	1.6163619776e-08
2.65648779279e-09	1.52293928579e-08
2.65772798317e-09	1.34747555336e-08
2.65896817355e-09	1.09318033514e-08
2.66020836393e-09	7.79987130439e-09
2.6614485543e-09	4.39688047082e-09
2.66268874468e-09	1.05438881237e-09
2.66392893506e-09	-1.99349081687e-09
2.66516912544e-09	-4.67172511787e-09
2.66640931582e-09	-7.05054681305e-09
2.6676495062e-09	-9.26540344448e-09
2.66888969658e-09	-1.14111265992e-08
2.67012988696e-09	-1.34649713601e-08
2.67137007734e-09	-1.52723516056e-08
2.67261026772e-09	-1.66006650648e-08
2.6738504581e-09	-1.72279133182e-08
2.67509064848e-09	-1.70287552947e-08
2.67633083886e-09	-1.60196438337e-08
2.67757102924e-09	-1.43361502669e-08
2.67881121962e-09	-1.21668564113e-08
2.68005141e-09	-9.67802071816e-09
2.68129160038e-09	-6.95808577422e-09
2.68253179076e-09	-4.00972383074e-09
2.68377198113e-09	-7.90159979114e-10
2.68501217151e-09	2.71937511398e-09
2.68625236189e-09	6.44446329634e-09
2.68749255227e-09	1.01843468103e-08
2.68873274265e-09	1.36291451458e-08
2.68997293303e-09	1.64319928775e-08
2.69121312341e-09	1.83108141982e-08
2.69245331379e-09	1.91227789159e-08
2.69369350417e-09	1.88917050892e-08
2.69493369455e-09	1.77755041797e-08
2.69617388493e-09	1.59863895455e-08
2.69741407531e-09	1.37122477817e-08
2.69865426569e-09	1.10694414746e-08
2.69989445607e-09	8.10831957132e-09
2.70113464645e-09	4.85918405513e-09
2.70237483683e-09	1.38626127244e-09
2.70361502721e-09	-2.16909173956e-09
2.70485521759e-09	-5.59095475472e-09
2.70609540796e-09	-8.63442939369e-09
2.70733559834e-09	-1.10868476622e-08
2.70857578872e-09	-1.28332792171e-08
2.7098159791e-09	-1.38901996571e-08
2.71105616948e-09	-1.43896052851e-08
2.71229635986e-09	-1.45191263456e-08
2.71353655024e-09	-1.44394529666e-08
2.71477674062e-09	-1.4221640976e-08
2.716016931e-09	-1.38262457039e-08
2.71725712138e-09	-1.31333086628e-08
2.71849731176e-09	-1.20089275191e-08
2.71973750214e-09	-1.03642651128e-08
2.72097769252e-09	-8.18572343242e-09
2.7222178829e-09	-5.53678852766e-09
2.72345807328e-09	-2.5303604767e-09
2.72469826366e-09	7.05912842069e-10
2.72593845404e-09	4.05468869591e-09
2.72717864442e-09	7.41841732488e-09
2.7284188348e-09	1.07075583955e-08
2.72965902517e-09	1.38163538388e-08
2.73089921555e-09	1.65950837516e-08
2.73213940593e-09	1.88396573897e-08
2.73337959631e-09	2.03111403252e-08
2.73461978669e-09	2.07776662542e-08
2.73585997707e-09	2.00730836397e-08
2.73710016745e-09	1.81572819002e-08
2.73834035783e-09	1.5148037269e-08
2.73958054821e-09	1.13095665055e-08
2.74082073859e-09	7.00061042469e-09
2.74206092897e-09	2.59569021832e-09
2.74330111935e-09	-1.58864399413e-09
2.74454130973e-09	-5.33714317186e-09
2.74578150011e-09	-8.53899273512e-09
2.74702169049e-09	-1.11595991337e-08
2.74826188087e-09	-1.32011417353e-08
2.74950207125e-09	-1.46679017821e-08
2.75074226163e-09	-1.55495964993e-08
2.751982452e-09	-1.58321673549e-08
2.75322264238e-09	-1.55247361633e-08
2.75446283276e-09	-1.46861249828e-08
2.75570302314e-09	-1.34340203406e-08
2.75694321352e-09	-1.19252694386e-08
2.7581834039e-09	-1.03140166408e-08
2.75942359428e-09	-8.69940675052e-09
2.76066378466e-09	-7.08969782881e-09
2.76190397504e-09	-5.39974076563e-09
2.76314416542e-09	-3.48774048531e-09
2.7643843558e-09	-1.21555790433e-09
2.76562454618e-09	1.48719873916e-09
2.76686473656e-09	4.58304599826e-09
2.76810492694e-09	7.92467191868e-09
2.76934511732e-09	1.12796333385e-08
2.7705853077e-09	1.43797491692e-08
2.77182549808e-09	1.6974018191e-08
2.77306568846e-09	1.88690953973e-08
2.77430587883e-09	1.99482088625e-08
2.77554606921e-09	2.01585459436e-08
2.77678625959e-09	1.94816014432e-08
2.77802644997e-09	1.79036532266e-08
2.77926664035e-09	1.54090873394e-08
2.78050683073e-09	1.20108203383e-08
2.78174702111e-09	7.79841691223e-09
2.78298721149e-09	2.97933339111e-09
2.78422740187e-09	-2.11037651243e-09
2.78546759225e-09	-7.04906932825e-09
2.78670778263e-09	-1.1407536582e-08
2.78794797301e-09	-1.48391414712e-08
2.78918816339e-09	-1.71545304628e-08
2.79042835377e-09	-1.83458359615e-08
2.79166854415e-09	-1.85591537694e-08
2.79290873453e-09	-1.80260180116e-08
2.79414892491e-09	-1.6980340467e-08
2.79538911529e-09	-1.55977004646e-08
2.79662930566e-09	-1.3968787016e-08
2.79786949604e-09	-1.21161534139e-08
2.79910968642e-09	-1.00392383295e-08
2.8003498768e-09	-7.75807573739e-09
2.80159006718e-09	-5.34260963247e-09
2.80283025756e-09	-2.9016240799e-09
2.80407044794e-09	-5.38402253336e-10
2.80531063832e-09	1.69989736176e-09
2.8065508287e-09	3.85370935163e-09
2.80779101908e-09	6.03483590877e-09
2.80903120946e-09	8.3657178962e-09
2.81027139984e-09	1.09013460481e-08
2.81151159022e-09	1.35670199519e-08
2.8127517806e-09	1.61388253872e-08
2.81399197098e-09	1.82836965568e-08
2.81523216136e-09	1.96439118305e-08
2.81647235174e-09	1.99381815502e-08
2.81771254212e-09	1.90382640763e-08
2.8189527325e-09	1.6992929508e-08
2.82019292287e-09	1.39977938129e-08
2.82143311325e-09	1.03176521771e-08
2.82267330363e-09	6.20391082951e-09
2.82391349401e-09	1.8436675242e-09
2.82515368439e-09	-2.64257574156e-09
2.82639387477e-09	-7.14976844396e-09
2.82763406515e-09	-1.1520209009e-08
2.82887425553e-09	-1.55016433023e-08
2.83011444591e-09	-1.87626534309e-08
2.83135463629e-09	-2.09713226784e-08
2.83259482667e-09	-2.18978142286e-08
2.83383501705e-09	-2.1494377167e-08
2.83507520743e-09	-1.99199436945e-08
2.83631539781e-09	-1.74924088547e-08
2.83755558819e-09	-1.45924090589e-08
2.83879577857e-09	-1.1555443824e-08
2.84003596895e-09	-8.5924954929e-09
2.84127615933e-09	-5.77042891248e-09
2.8425163497e-09	-3.04769443016e-09
2.84375654008e-09	-3.49185201587e-10
2.84499673046e-09	2.35965530448e-09
2.84623692084e-09	5.03786684591e-09
2.84747711122e-09	7.57882101521e-09
2.8487173016e-09	9.86073900311e-09
2.84995749198e-09	1.18081594502e-08
2.85119768236e-09	1.34251334494e-08
2.85243787274e-09	1.47853405075e-08
2.85367806312e-09	1.59747093331e-08
2.8549182535e-09	1.70174148106e-08
2.85615844388e-09	1.78180261656e-08
2.85739863426e-09	1.81563080126e-08
2.85863882464e-09	1.77471679574e-08
2.85987901502e-09	1.63355677874e-08
2.8611192054e-09	1.37974323078e-08
2.86235939578e-09	1.02008285152e-08
2.86359958616e-09	5.80413683782e-09
2.86483977653e-09	9.94196142079e-10
2.86607996691e-09	-3.81328379984e-09
2.86732015729e-09	-8.27099055911e-09
2.86856034767e-09	-1.21626375638e-08
2.86980053805e-09	-1.54026293941e-08
2.87104072843e-09	-1.79801407096e-08
2.87228091881e-09	-1.98837188936e-08
2.87352110919e-09	-2.10441946091e-08
2.87476129957e-09	-2.13293485096e-08
2.87600148995e-09	-2.05970926981e-08
2.87724168033e-09	-1.87769371163e-08
2.87848187071e-09	-1.59406097211e-08
2.87972206109e-09	-1.23205812219e-08
2.88096225147e-09	-8.26567880807e-09
2.88220244185e-09	-4.15253670338e-09
2.88344263223e-09	-2.86599702304e-10
2.88468282261e-09	3.15898379677e-09
2.88592301299e-09	6.14828393752e-09
2.88716320336e-09	8.7384224301e-09
2.88840339374e-09	1.10099517281e-08
2.88964358412e-09	1.30047473901e-08
2.8908837745e-09	1.46940655199e-08
2.89212396488e-09	1.59941160316e-08
2.89336415526e-09	1.68162235248e-08
2.89460434564e-09	1.71160601248e-08
2.89584453602e-09	1.69215681467e-08
2.8970847264e-09	1.63171018919e-08
2.89832491678e-09	1.53897627975e-08
2.89956510716e-09	1.41722902303e-08
2.90080529754e-09	1.26123066435e-08
2.90204548792e-09	1.05880653134e-08
2.9032856783e-09	7.96124166591e-09
2.90452586868e-09	4.65519689463e-09
2.90576605906e-09	7.19722462184e-10
2.90700624944e-09	-3.6481708765e-09
2.90824643982e-09	-8.12895195601e-09
2.9094866302e-09	-1.23463141932e-08
2.91072682057e-09	-1.5949355836e-08
2.91196701095e-09	-1.86808155611e-08
2.91320720133e-09	-2.04090855327e-08
2.91444739171e-09	-2.11245716475e-08
2.91568758209e-09	-2.09058428347e-08
2.91692777247e-09	-1.98652569949e-08
2.91816796285e-09	-1.81026122981e-08
2.91940815323e-09	-1.56866044598e-08
2.92064834361e-09	-1.26648260768e-08
2.92188853399e-09	-9.09848707487e-09
2.92312872437e-09	-5.10407510701e-09
2.92436891475e-09	-8.74504899051e-10
2.92560910513e-09	3.33620309156e-09
2.92684929551e-09	7.25704485394e-09
2.92808948589e-09	1.06511840459e-08
2.92932967627e-09	1.33608661912e-08
2.93056986665e-09	1.53261963121e-08
2.93181005703e-09	1.65719069578e-08
2.9330502474e-09	1.71749316991e-08
2.93429043778e-09	1.72259089215e-08
2.93553062816e-09	1.68000886536e-08
2.93677081854e-09	1.59437276714e-08
2.93801100892e-09	1.46806060641e-08
2.9392511993e-09	1.30333013271e-08
2.94049138968e-09	1.10384240637e-08
2.94173158006e-09	8.75241878973e-09
2.94297177044e-09	6.24598328614e-09
2.94421196082e-09	3.58099122577e-09
2.9454521512e-09	7.90811693907e-10
2.94669234158e-09	-2.12372125441e-09
2.94793253196e-09	-5.17132919819e-09
2.94917272234e-09	-8.33408175804e-09
2.95041291272e-09	-1.1535332467e-08
2.9516531031e-09	-1.46168035453e-08
2.95289329348e-09	-1.73518217572e-08
2.95413348386e-09	-1.94819860244e-08
2.95537367423e-09	-2.07635053595e-08
2.95661386461e-09	-2.10207196094e-08
2.95785405499e-09	-2.01869096994e-08
2.95909424537e-09	-1.83188932912e-08
2.96033443575e-09	-1.55793520307e-08
2.96157462613e-09	-1.21975083367e-08
2.96281481651e-09	-8.42110736698e-09
2.96405500689e-09	-4.467778425e-09
2.96529519727e-09	-4.99327877657e-10
2.96653538765e-09	3.373030244e-09
2.96777557803e-09	7.0664538665e-09
2.96901576841e-09	1.04896412667e-08
2.97025595879e-09	1.35144779811e-08
2.97149614917e-09	1.59781663456e-08
2.97273633955e-09	1.77135131008e-08
2.97397652993e-09	1.85947077735e-08
2.97521672031e-09	1.85771018568e-08
2.97645691069e-09	1.77181007643e-08
2.97769710106e-09	1.61661253273e-08
2.97893729144e-09	1.4119198033e-08
2.98017748182e-09	1.177407849e-08
2.9814176722e-09	9.28065846395e-09
2.98265786258e-09	6.71684152742e-09
2.98389805296e-09	4.09728223572e-09
2.98513824334e-09	1.40976698371e-09
2.98637843372e-09	-1.34193708923e-09
2.9876186241e-09	-4.11212736084e-09
2.98885881448e-09	-6.81264356039e-09
2.99009900486e-09	-9.33647426038e-09
2.99133919524e-09	-1.15951922508e-08
2.99257938562e-09	-1.354055712e-08
2.993819576e-09	-1.51595942466e-08
2.99505976638e-09	-1.64439919459e-08
2.99629995676e-09	-1.7353134929e-08
2.99754014714e-09	-1.77873082929e-08
2.99878033752e-09	-1.75911505362e-08
3.0000205279e-09	-1.65969171739e-08
3.00126071827e-09	-1.46859215899e-08
3.00250090865e-09	-1.18468541643e-08
3.00374109903e-09	-8.21030521347e-09
3.00498128941e-09	-4.03957067796e-09
3.00622147979e-09	3.24899634974e-10
3.00746167017e-09	4.54359350144e-09
3.00870186055e-09	8.3519362537e-09
3.00994205093e-09	1.16018918916e-08
3.01118224131e-09	1.42544342996e-08
3.01242243169e-09	1.63291724586e-08
3.01366262207e-09	1.78426140529e-08
3.01490281245e-09	1.87684257025e-08
3.01614300283e-09	1.90308226955e-08
3.01738319321e-09	1.85362831751e-08
3.01862338359e-09	1.72309930768e-08
3.01986357397e-09	1.5149286714e-08
3.02110376435e-09	1.24306580584e-08
3.02234395473e-09	9.30075383376e-09
3.0235841451e-09	6.01498945096e-09
3.02482433548e-09	2.79143719251e-09
3.02606452586e-09	-2.35641461205e-10
3.02730471624e-09	-3.02547192854e-09
3.02854490662e-09	-5.60242763292e-09
3.029785097e-09	-8.00709265558e-09
3.03102528738e-09	-1.02430016691e-08
3.03226547776e-09	-1.22471429664e-08
3.03350566814e-09	-1.39029954216e-08
3.03474585852e-09	-1.50824490674e-08
3.0359860489e-09	-1.5698756517e-08
3.03722623928e-09	-1.57445525506e-08
3.03846642966e-09	-1.52850305746e-08
3.03970662004e-09	-1.44150757997e-08
3.04094681042e-09	-1.32021145127e-08
3.0421870008e-09	-1.16451503995e-08
3.04342719118e-09	-9.6759077417e-09
3.04466738156e-09	-7.19689918771e-09
3.04590757193e-09	-4.15134393528e-09
3.04714776231e-09	-5.87174815714e-10
3.04838795269e-09	3.31791860653e-09
3.04962814307e-09	7.27428650649e-09
3.05086833345e-09	1.09440847496e-08
3.05210852383e-09	1.40246889657e-08
3.05334871421e-09	1.63167546141e-08
3.05458890459e-09	1.77540462332e-08
3.05582909497e-09	1.8381764999e-08
3.05706928535e-09	1.83003483478e-08
3.05830947573e-09	1.76015273468e-08
3.05954966611e-09	1.63250031271e-08
3.06078985649e-09	1.44635281529e-08
3.06203004687e-09	1.200338684e-08
3.06327023725e-09	8.97771912367e-09
3.06451042763e-09	5.50690804069e-09
3.06575061801e-09	1.79866346817e-09
3.06699080839e-09	-1.89058937949e-09
3.06823099876e-09	-5.31441018969e-09
3.06947118914e-09	-8.29106361344e-09
3.07071137952e-09	-1.073297351e-08
3.0719515699e-09	-1.26416269675e-08
3.07319176028e-09	-1.40696196915e-08
3.07443195066e-09	-1.50694869916e-08
3.07567214104e-09	-1.56564894382e-08
3.07691233142e-09	-1.57972013248e-08
3.0781525218e-09	-1.54313051226e-08
3.07939271218e-09	-1.45162206699e-08
3.08063290256e-09	-1.30671393705e-08
3.08187309294e-09	-1.11723712504e-08
3.08311328332e-09	-8.97591301285e-09
3.0843534737e-09	-6.63367472065e-09
3.08559366408e-09	-4.25898283307e-09
3.08683385446e-09	-1.88603563323e-09
3.08807404484e-09	5.27343335666e-10
3.08931423522e-09	3.05700259551e-09
3.0905544256e-09	5.74861586111e-09
3.09179461597e-09	8.56228565826e-09
3.09303480635e-09	1.13519067479e-08
3.09427499673e-09	1.38879134859e-08
3.09551518711e-09	1.59120931986e-08
3.09675537749e-09	1.72012508681e-08
3.09799556787e-09	1.76188359458e-08
3.09923575825e-09	1.71372094293e-08
3.10047594863e-09	1.58222936975e-08
3.10171613901e-09	1.3796393139e-08
3.10295632939e-09	1.11955162918e-08
3.10419651977e-09	8.14040801433e-09
3.10543671015e-09	4.73686451175e-09
3.10667690053e-09	1.09484296629e-09
3.10791709091e-09	-2.64469207645e-09
3.10915728129e-09	-6.2953447455e-09
3.11039747167e-09	-9.63609314564e-09
3.11163766205e-09	-1.24437533611e-08
3.11287785243e-09	-1.45395535611e-08
3.1141180428e-09	-1.58261508343e-08
3.11535823318e-09	-1.62996733888e-08
3.11659842356e-09	-1.60402218174e-08
3.11783861394e-09	-1.51787578062e-08
3.11907880432e-09	-1.3857448744e-08
3.1203189947e-09	-1.22003261938e-08
3.12155918508e-09	-1.02949507808e-08
3.12279937546e-09	-8.19667389518e-09
3.12403956584e-09	-5.94712934454e-09
3.12527975622e-09	-3.59803048466e-09
3.1265199466e-09	-1.22596649499e-09
3.12776013698e-09	1.07678926886e-09
3.12900032736e-09	3.22467672009e-09
3.13024051774e-09	5.16783427162e-09
3.13148070812e-09	6.91204937731e-09
3.1327208985e-09	8.51076142894e-09
3.13396108888e-09	1.00336032816e-08
3.13520127926e-09	1.15231805209e-08
3.13644146963e-09	1.29549145855e-08
3.13768166001e-09	1.42188714136e-08
3.13892185039e-09	1.51312993246e-08
3.14016204077e-09	1.54771366834e-08
3.14140223115e-09	1.50653853837e-08
3.14264242153e-09	1.37784936793e-08
3.14388261191e-09	1.16049244658e-08
3.14512280229e-09	8.64412019741e-09
3.14636299267e-09	5.08667641341e-09
3.14760318305e-09	1.18178454522e-09
3.14884337343e-09	-2.79993547792e-09
3.15008356381e-09	-6.60149224174e-09
3.15132375419e-09	-1.0000441808e-08
3.15256394457e-09	-1.28144458378e-08
3.15380413495e-09	-1.49014103279e-08
3.15504432533e-09	-1.61602682347e-08
3.15628451571e-09	-1.65362110671e-08
3.15752470609e-09	-1.60315847264e-08
3.15876489646e-09	-1.47161751674e-08
3.16000508684e-09	-1.27277504092e-08
3.16124527722e-09	-1.02585366868e-08
3.1624854676e-09	-7.53375950513e-09
3.16372565798e-09	-4.78131090276e-09
3.16496584836e-09	-2.19360002385e-09
3.16620603874e-09	1.00006791043e-10
3.16744622912e-09	2.04657846226e-09
3.1686864195e-09	3.66651031758e-09
3.16992660988e-09	5.03063252166e-09
3.17116680026e-09	6.22588752774e-09
3.17240699064e-09	7.32088045741e-09
3.17364718102e-09	8.34722424514e-09
3.1748873714e-09	9.29890742185e-09
3.17612756178e-09	1.01463532021e-08
3.17736775216e-09	1.0857290289e-08
3.17860794254e-09	1.14059510725e-08
3.17984813292e-09	1.17643470521e-08
3.1810883233e-09	1.18850962405e-08
3.18232851367e-09	1.16853218213e-08
3.18356870405e-09	1.10441658041e-08
3.18480889443e-09	9.82100467617e-09
3.18604908481e-09	7.8959313532e-09
3.18728927519e-09	5.2210532564e-09
3.18852946557e-09	1.86346449382e-09
3.18976965595e-09	-1.97493321696e-09
3.19100984633e-09	-5.97547267223e-09
3.19225003671e-09	-9.75576708306e-09
3.19349022709e-09	-1.29438677554e-08
3.19473041747e-09	-1.52476862247e-08
3.19597060785e-09	-1.65016884601e-08
3.19721079823e-09	-1.66813054481e-08
3.19845098861e-09	-1.58776309878e-08
3.19969117899e-09	-1.42530887093e-08
3.20093136937e-09	-1.19978880164e-08
3.20217155975e-09	-9.29970822572e-09
3.20341175013e-09	-6.33664709593e-09
3.2046519405e-09	-3.28671889704e-09
3.20589213088e-09	-3.37820344615e-10
3.20713232126e-09	2.3180076747e-09
3.20837251164e-09	4.5096371637e-09
3.20961270202e-09	6.11959327657e-09
3.2108528924e-09	7.11894454497e-09
3.21209308278e-09	7.58455553918e-09
3.21333327316e-09	7.68240393523e-09
3.21457346354e-09	7.62611018779e-09
3.21581365392e-09	7.61498708535e-09
3.2170538443e-09	7.77145536812e-09
3.21829403468e-09	8.10625200298e-09
3.21953422506e-09	8.52319170797e-09
3.22077441544e-09	8.86086781726e-09
3.22201460582e-09	8.94874419011e-09
3.2232547962e-09	8.65898464042e-09
3.22449498658e-09	7.9329046665e-09
3.22573517696e-09	6.77004086125e-09
3.22697536733e-09	5.19899578943e-09
3.22821555771e-09	3.24686727504e-09
3.22945574809e-09	9.25245907668e-10
3.23069593847e-09	-1.75158523796e-09
3.23193612885e-09	-4.72559891218e-09
3.23317631923e-09	-7.8526249947e-09
3.23441650961e-09	-1.08844508961e-08
3.23565669999e-09	-1.34896247506e-08
3.23689689037e-09	-1.53161598959e-08
3.23813708075e-09	-1.60807869243e-08
3.23937727113e-09	-1.56497170778e-08
3.24061746151e-09	-1.40795850534e-08
3.24185765189e-09	-1.16005066664e-08
3.24309784227e-09	-8.54818249518e-09
3.24433803265e-09	-5.27250360038e-09
3.24557822303e-09	-2.06185990503e-09
3.24681841341e-09	8.91857074303e-10
3.24805860379e-09	3.48532208649e-09
3.24929879416e-09	5.66600721896e-09
3.25053898454e-09	7.39062977484e-09
3.25177917492e-09	8.60514126622e-09
3.2530193653e-09	9.2585478173e-09
3.25425955568e-09	9.339608531e-09
3.25549974606e-09	8.91275020454e-09
3.25673993644e-09	8.13140499378e-09
3.25798012682e-09	7.21496051792e-09
3.2592203172e-09	6.38893798977e-09
3.26046050758e-09	5.81536652167e-09
3.26170069796e-09	5.5400612986e-09
3.26294088834e-09	5.47518935745e-09
3.26418107872e-09	5.42752232047e-09
3.2654212691e-09	5.16577641774e-09
3.26666145948e-09	4.50059101098e-09
3.26790164986e-09	3.34105959565e-09
3.26914184024e-09	1.71276964833e-09
3.27038203062e-09	-2.65248760456e-10
3.271622221e-09	-2.43456682592e-09
3.27286241137e-09	-4.64865729244e-09
3.27410260175e-09	-6.79688705318e-09
3.27534279213e-09	-8.79855954761e-09
3.27658298251e-09	-1.05727554489e-08
3.27782317289e-09	-1.20046975693e-08
3.27906336327e-09	-1.29304261742e-08
3.28030355365e-09	-1.31581305851e-08
3.28154374403e-09	-1.25213486246e-08
3.28278393441e-09	-1.09421025574e-08
3.28402412479e-09	-8.48563574962e-09
3.28526431517e-09	-5.37208288964e-09
3.28650450555e-09	-1.93672672344e-09
3.28774469593e-09	1.44574810457e-09
3.28898488631e-09	4.44971975933e-09
3.29022507669e-09	6.8638187356e-09
3.29146526707e-09	8.61248250494e-09
3.29270545745e-09	9.72668923183e-09
3.29394564783e-09	1.02863314533e-08
3.2951858382e-09	1.03678371444e-08
3.29642602858e-09	1.00174125661e-08
3.29766621896e-09	9.26142562641e-09
3.29890640934e-09	8.14144118788e-09
3.30014659972e-09	6.7458787445e-09
3.3013867901e-09	5.21893467331e-09
3.30262698048e-09	3.73779984741e-09
3.30386717086e-09	2.4659564668e-09
3.30510736124e-09	1.49980770858e-09
3.30634755162e-09	8.31663252154e-10
3.307587742e-09	3.51767559525e-10
3.30882793238e-09	-1.13557200969e-10
3.31006812276e-09	-7.42402833653e-10
3.31130831314e-09	-1.65533461938e-09
3.31254850352e-09	-2.87639598251e-09
3.3137886939e-09	-4.32994501365e-09
3.31502888428e-09	-5.86931220292e-09
3.31626907466e-09	-7.32235716505e-09
3.31750926503e-09	-8.53634019027e-09
3.31874945541e-09	-9.40651778691e-09
3.31998964579e-09	-9.87246973061e-09
3.32122983617e-09	-9.89622761516e-09
3.32247002655e-09	-9.44291378424e-09
3.32371021693e-09	-8.47106007562e-09
3.32495040731e-09	-6.94488366815e-09
3.32619059769e-09	-4.86366036334e-09
3.32743078807e-09	-2.29434712895e-09
3.32867097845e-09	6.11094744252e-10
3.32991116883e-09	3.62113672381e-09
3.33115135921e-09	6.454534629e-09
3.33239154959e-09	8.83476358737e-09
3.33363173997e-09	1.0547109297e-08
3.33487193035e-09	1.14767340076e-08
3.33611212073e-09	1.16204039724e-08
3.33735231111e-09	1.10682346621e-08
3.33859250149e-09	9.96153937116e-09
3.33983269186e-09	8.45106751246e-09
3.34107288224e-09	6.67075972238e-09
3.34231307262e-09	4.73083860975e-09
3.343553263e-09	2.72855119055e-09
3.34479345338e-09	7.64756480365e-10
3.34603364376e-09	-1.04710379256e-09
3.34727383414e-09	-2.59188484564e-09
3.34851402452e-09	-3.7764955052e-09
3.3497542149e-09	-4.55512583208e-09
3.35099440528e-09	-4.95032737025e-09
3.35223459566e-09	-5.05416525298e-09
3.35347478604e-09	-5.00530195069e-09
3.35471497642e-09	-4.95338997597e-09
3.3559551668e-09	-5.01729324753e-09
3.35719535718e-09	-5.25137600071e-09
3.35843554756e-09	-5.63047514168e-09
3.35967573794e-09	-6.05960015498e-09
3.36091592832e-09	-6.40492325843e-09
3.3621561187e-09	-6.52741405371e-09
3.36339630907e-09	-6.3130317085e-09
3.36463649945e-09	-5.69274777318e-09
3.36587668983e-09	-4.6445776114e-09
3.36711688021e-09	-3.18638565533e-09
3.36835707059e-09	-1.36753333657e-09
3.36959726097e-09	7.38099366349e-10
3.37083745135e-09	3.03251027067e-09
3.37207764173e-09	5.3883807416e-09
3.37331783211e-09	7.64372820594e-09
3.37455802249e-09	9.60757884361e-09
3.37579821287e-09	1.10803274334e-08
3.37703840325e-09	1.1879115025e-08
3.37827859363e-09	1.18731555698e-08
3.37951878401e-09	1.10183620006e-08
3.38075897439e-09	9.37431043901e-09
3.38199916477e-09	7.10136216497e-09
3.38323935515e-09	4.43396619421e-09
3.38447954553e-09	1.63588671775e-09
3.3857197359e-09	-1.04851657912e-09
3.38695992628e-09	-3.4271294691e-09
3.38820011666e-09	-5.37216721108e-09
3.38944030704e-09	-6.81761491705e-09
3.39068049742e-09	-7.74395603198e-09
3.3919206878e-09	-8.16052969643e-09
3.39316087818e-09	-8.0977092809e-09
3.39440106856e-09	-7.60933716037e-09
3.39564125894e-09	-6.77949196781e-09
3.39688144932e-09	-5.72829156331e-09
3.3981216397e-09	-4.60876442565e-09
3.39936183008e-09	-3.58397062028e-09
3.40060202046e-09	-2.79064119035e-09
3.40184221084e-09	-2.30276642199e-09
3.40308240122e-09	-2.10497405617e-09
3.4043225916e-09	-2.08938577551e-09
3.40556278198e-09	-2.08153244641e-09
3.40680297236e-09	-1.88894261344e-09
3.40804316273e-09	-1.35330058271e-09
3.40928335311e-09	-3.90412695228e-10
3.41052354349e-09	9.91752360791e-10
3.41176373387e-09	2.70112682221e-09
3.41300392425e-09	4.58965099259e-09
3.41424411463e-09	6.48422132654e-09
3.41548430501e-09	8.21043621979e-09
3.41672449539e-09	9.60831691987e-09
3.41796468577e-09	1.053491272e-08
3.41920487615e-09	1.0863487776e-08
3.42044506653e-09	1.04878885576e-08
3.42168525691e-09	9.3394810774e-09
3.42292544729e-09	7.41369565738e-09
3.42416563767e-09	4.79534362219e-09
3.42540582805e-09	1.67493174885e-09
3.42664601843e-09	-1.66232055898e-09
3.42788620881e-09	-4.87705748009e-09
3.42912639919e-09	-7.63490448641e-09
3.43036658956e-09	-9.67019153642e-09
3.43160677994e-09	-1.08357834927e-08
3.43284697032e-09	-1.11199440767e-08
3.4340871607e-09	-1.06258657429e-08
3.43532735108e-09	-9.52798950848e-09
3.43656754146e-09	-8.0217097409e-09
3.43780773184e-09	-6.28621199539e-09
3.43904792222e-09	-4.47058728925e-09
3.4402881126e-09	-2.70034483663e-09
3.44152830298e-09	-1.08904170404e-09
3.44276849336e-09	2.57566978162e-10
3.44400868374e-09	1.24882761077e-09
3.44524887412e-09	1.8324443074e-09
3.4464890645e-09	2.02530525684e-09
3.44772925488e-09	1.92998833581e-09
3.44896944526e-09	1.72621705818e-09
3.45020963564e-09	1.63334962222e-09
3.45144982602e-09	1.85094850558e-09
3.4526900164e-09	2.49945114605e-09
3.45393020677e-09	3.58256557753e-09
3.45517039715e-09	4.98416674599e-09
3.45641058753e-09	6.4975039793e-09
3.45765077791e-09	7.87547593806e-09
3.45889096829e-09	8.88477624805e-09
3.46013115867e-09	9.34554955645e-09
3.46137134905e-09	9.14678499608e-09
3.46261153943e-09	8.24456769521e-09
3.46385172981e-09	6.65117982912e-09
3.46509192019e-09	4.42494219044e-09
3.46633211057e-09	1.67237934612e-09
3.46757230095e-09	-1.44403311531e-09
3.46881249133e-09	-4.69773381306e-09
3.47005268171e-09	-7.80254416632e-09
3.47129287209e-09	-1.04396464806e-08
3.47253306247e-09	-1.23058777612e-08
3.47377325285e-09	-1.3176125524e-08
3.47501344323e-09	-1.29567176987e-08
3.4762536336e-09	-1.17106917497e-08
3.47749382398e-09	-9.64674817805e-09
3.47873401436e-09	-7.07119729437e-09
3.47997420474e-09	-4.31896757247e-09
3.48121439512e-09	-1.68829611402e-09
3.4824545855e-09	6.05024114142e-10
3.48369477588e-09	2.44169373609e-09
3.48493496626e-09	3.78476627816e-09
3.48617515664e-09	4.65192140364e-09
3.48741534702e-09	5.08920405817e-09
3.4886555374e-09	5.1603237794e-09
3.48989572778e-09	4.94897245407e-09
3.49113591816e-09	4.56695975481e-09
3.49237610854e-09	4.15728740322e-09
3.49361629892e-09	3.87782483902e-09
3.4948564893e-09	3.86822851528e-09
3.49609667968e-09	4.20954976432e-09
3.49733687006e-09	4.88722257108e-09
3.49857706043e-09	5.77717695904e-09
3.49981725081e-09	6.66408472849e-09
3.50105744119e-09	7.29059157489e-09
3.50229763157e-09	7.41901362566e-09
3.50353782195e-09	6.88463952514e-09
3.50477801233e-09	5.62770868795e-09
3.50601820271e-09	3.69402902711e-09
3.50725839309e-09	1.21508314521e-09
3.50849858347e-09	-1.62079674682e-09
3.50973877385e-09	-4.59449533974e-09
3.51097896423e-09	-7.47531747614e-09
3.51221915461e-09	-1.00316169815e-08
3.51345934499e-09	-1.20370189371e-08
3.51469953537e-09	-1.32845894285e-08
3.51593972575e-09	-1.36108051496e-08
3.51717991613e-09	-1.29275952165e-08
3.51842010651e-09	-1.12539731978e-08
3.51966029689e-09	-8.73355920916e-09
3.52090048727e-09	-5.62650881442e-09
3.52214067764e-09	-2.2741114547e-09
3.52338086802e-09	9.59709867132e-10
3.5246210584e-09	3.75430786459e-09
3.52586124878e-09	5.88772225418e-09
3.52710143916e-09	7.2646058058e-09
3.52834162954e-09	7.91121512744e-09
3.52958181992e-09	7.9484729909e-09
3.5308220103e-09	7.54885864929e-09
3.53206220068e-09	6.8945396059e-09
3.53330239106e-09	6.14863832071e-09
3.53454258144e-09	5.4393079485e-09
3.53578277182e-09	4.85652557058e-09
3.5370229622e-09	4.45527159609e-09
3.53826315258e-09	4.25721002895e-09
3.53950334296e-09	4.24697454982e-09
3.54074353334e-09	4.36322245001e-09
3.54198372372e-09	4.49657427959e-09
3.5432239141e-09	4.49698717153e-09
3.54446410447e-09	4.1935308559e-09
3.54570429485e-09	3.43094053168e-09
3.54694448523e-09	2.11012879392e-09
3.54818467561e-09	2.21601671041e-10
3.54942486599e-09	-2.13930129167e-09
3.55066505637e-09	-4.78151607197e-09
3.55190524675e-09	-7.45092887389e-09
3.55314543713e-09	-9.87562609467e-09
3.55438562751e-09	-1.18064364951e-08
3.55562581789e-09	-1.30458063241e-08
3.55686600827e-09	-1.34638924454e-08
3.55810619865e-09	-1.30030282097e-08
3.55934638903e-09	-1.16747405077e-08
3.56058657941e-09	-9.55795032009e-09
3.56182676979e-09	-6.79640288492e-09
3.56306696017e-09	-3.59220114765e-09
3.56430715055e-09	-1.95643619361e-10
3.56554734093e-09	3.11235015538e-09
3.5667875313e-09	6.05035177514e-09
3.56802772168e-09	8.37538516318e-09
3.56926791206e-09	9.91954807184e-09
3.57050810244e-09	1.06176849535e-08
3.57174829282e-09	1.0517679061e-08
3.5729884832e-09	9.76812242204e-09
3.57422867358e-09	8.58512738677e-09
3.57546886396e-09	7.20864601345e-09
3.57670905434e-09	5.8560894467e-09
3.57794924472e-09	4.6827441369e-09
3.5791894351e-09	3.76259851054e-09
3.58042962548e-09	3.09052328173e-09
3.58166981586e-09	2.59920945878e-09
3.58291000624e-09	2.18659484963e-09
3.58415019662e-09	1.74557948651e-09
3.585390387e-09	1.18360497792e-09
3.58663057738e-09	4.30224914721e-10
3.58787076776e-09	-5.62803276205e-10
3.58911095813e-09	-1.82234777268e-09
3.59035114851e-09	-3.35107741556e-09
3.59159133889e-09	-5.11493997157e-09
3.59283152927e-09	-7.02616065329e-09
3.59407171965e-09	-8.93559282122e-09
3.59531191003e-09	-1.06411865985e-08
3.59655210041e-09	-1.19127562259e-08
3.59779229079e-09	-1.25322145994e-08
3.59903248117e-09	-1.23415770936e-08
3.60027267155e-09	-1.12775419003e-08
3.60151286193e-09	-9.38542155104e-09
3.60275305231e-09	-6.80884582049e-09
3.60399324269e-09	-3.75999292812e-09
3.60523343307e-09	-4.82174834782e-10
3.60647362345e-09	2.78466125159e-09
3.60771381383e-09	5.82397824411e-09
3.60895400421e-09	8.45302949859e-09
3.61019419459e-09	1.05250591576e-08
3.61143438497e-09	1.19266929666e-08
3.61267457534e-09	1.25821038033e-08
3.61391476572e-09	1.24660813894e-08
3.6151549561e-09	1.16192785393e-08
3.61639514648e-09	1.01582912082e-08
3.61763533686e-09	8.27091595212e-09
3.61887552724e-09	6.19140233526e-09
3.62011571762e-09	4.15789536135e-09
3.621355908e-09	2.36408939647e-09
3.62259609838e-09	9.22526235958e-10
3.62383628876e-09	-1.54520549134e-10
3.62507647914e-09	-9.46176165195e-10
3.62631666952e-09	-1.58697897878e-09
3.6275568599e-09	-2.21946921952e-09
3.62879705028e-09	-2.95103191883e-09
3.63003724066e-09	-3.82783799102e-09
3.63127743104e-09	-4.83410944607e-09
3.63251762142e-09	-5.91369941905e-09
3.6337578118e-09	-6.99772129131e-09
3.63499800217e-09	-8.02114386023e-09
3.63623819255e-09	-8.92421969656e-09
3.63747838293e-09	-9.63910340435e-09
3.63871857331e-09	-1.00708351658e-08
3.63995876369e-09	-1.00919714807e-08
3.64119895407e-09	-9.56082701897e-09
3.64243914445e-09	-8.36082014732e-09
3.64367933483e-09	-6.44543685091e-09
3.64491952521e-09	-3.87399157198e-09
3.64615971559e-09	-8.19449882949e-10
3.64739990597e-09	2.45931838783e-09
3.64864009635e-09	5.66566865645e-09
3.64988028673e-09	8.52267834084e-09
3.65112047711e-09	1.08198514592e-08
3.65236066749e-09	1.24343157992e-08
3.65360085787e-09	1.33235853461e-08
3.65484104825e-09	1.34987536704e-08
3.65608123863e-09	1.2997434462e-08
3.657321429e-09	1.18682902395e-08
3.65856161938e-09	1.01729659141e-08
3.65980180976e-09	8.00439481363e-09
3.66104200014e-09	5.50414558376e-09
3.66228219052e-09	2.86509010961e-09
3.6635223809e-09	3.1357851038e-10
3.66476257128e-09	-1.93233812285e-09
3.66600276166e-09	-3.71247682596e-09
3.66724295204e-09	-4.96358137925e-09
3.66848314242e-09	-5.73031000428e-09
3.6697233328e-09	-6.14189099579e-09
3.67096352318e-09	-6.36646751984e-09
3.67220371356e-09	-6.55653065174e-09
3.67344390394e-09	-6.80564393729e-09
3.67468409432e-09	-7.13221270932e-09
3.6759242847e-09	-7.48927375671e-09
3.67716447508e-09	-7.79416409191e-09
3.67840466546e-09	-7.96368648803e-09
3.67964485583e-09	-7.93592147552e-09
3.68088504621e-09	-7.67130337032e-09
3.68212523659e-09	-7.13660408547e-09
3.68336542697e-09	-6.28711943618e-09
3.68460561735e-09	-5.06121711208e-09
3.68584580773e-09	-3.39511230241e-09
3.68708599811e-09	-1.25823410024e-09
3.68832618849e-09	1.30709175428e-09
3.68956637887e-09	4.16217060817e-09
3.69080656925e-09	7.07590397386e-09
3.69204675963e-09	9.75946390369e-09
3.69328695001e-09	1.19255112452e-08
3.69452714039e-09	1.33484510112e-08
3.69576733077e-09	1.39056239856e-08
3.69700752115e-09	1.35887208152e-08
3.69824771153e-09	1.24836979642e-08
3.69948790191e-09	1.07326761922e-08
3.70072809229e-09	8.49364667488e-09
3.70196828267e-09	5.91587329124e-09
3.70320847304e-09	3.13675566077e-09
3.70444866342e-09	2.93588164196e-10
3.7056888538e-09	-2.46042583529e-09
3.70692904418e-09	-4.9524338519e-09
3.70816923456e-09	-7.00793878483e-09
3.70940942494e-09	-8.48501913175e-09
3.71064961532e-09	-9.31277066574e-09
3.7118898057e-09	-9.51624357093e-09
3.71312999608e-09	-9.21370268969e-09
3.71437018646e-09	-8.58753179678e-09
3.71561037684e-09	-7.8354069899e-09
3.71685056722e-09	-7.11918490826e-09
3.7180907576e-09	-6.52953047187e-09
3.71933094798e-09	-6.0755438458e-09
3.72057113836e-09	-5.70014901946e-09
3.72181132874e-09	-5.31066307596e-09
3.72305151912e-09	-4.8099218497e-09
3.7242917095e-09	-4.1184751165e-09
3.72553189987e-09	-3.18236562102e-09
3.72677209025e-09	-1.97042787642e-09
3.72801228063e-09	-4.68823452282e-10
3.72925247101e-09	1.32084475302e-09
3.73049266139e-09	3.37233674319e-09
3.73173285177e-09	5.61694363244e-09
3.73297304215e-09	7.92724241805e-09
3.73421323253e-09	1.01135306796e-08
3.73545342291e-09	1.19414682587e-08
3.73669361329e-09	1.31703132844e-08
3.73793380367e-09	1.36006375051e-08
3.73917399405e-09	1.31183314211e-08
3.74041418443e-09	1.17221634621e-08
3.74165437481e-09	9.5251038168e-09
3.74289456519e-09	6.73135291951e-09
3.74413475557e-09	3.59473684153e-09
3.74537494595e-09	3.74153957816e-10
3.74661513633e-09	-2.70144229209e-09
3.7478553267e-09	-5.45129585916e-09
3.74909551708e-09	-7.74293118511e-09
3.75033570746e-09	-9.48373501952e-09
3.75157589784e-09	-1.0612784429e-08
3.75281608822e-09	-1.11004448966e-08
3.7540562786e-09	-1.09575162277e-08
3.75529646898e-09	-1.02474027042e-08
3.75653665936e-09	-9.09154562745e-09
3.75777684974e-09	-7.66038577016e-09
3.75901704012e-09	-6.14567180479e-09
3.7602572305e-09	-4.72318290035e-09
3.76149742088e-09	-3.51695023104e-09
3.76273761126e-09	-2.57503218748e-09
3.76397780164e-09	-1.86563745008e-09
3.76521799202e-09	-1.29293266371e-09
3.7664581824e-09	-7.27273012646e-10
3.76769837278e-09	-3.80415412712e-11
3.76893856316e-09	8.76365480185e-10
3.77017875353e-09	2.06745290332e-09
3.77141894391e-09	3.52981427421e-09
3.77265913429e-09	5.20422233086e-09
3.77389932467e-09	6.98628144225e-09
3.77513951505e-09	8.73817185276e-09
3.77637970543e-09	1.03015591613e-08
3.77761989581e-09	1.15096965292e-08
3.77886008619e-09	1.21993402047e-08
3.78010027657e-09	1.22274745884e-08
3.78134046695e-09	1.14919527228e-08
3.78258065733e-09	9.9529285924e-09
3.78382084771e-09	7.65353880272e-09
3.78506103809e-09	4.729555525e-09
3.78630122847e-09	1.40192137066e-09
3.78754141885e-09	-2.04912536939e-09
3.78878160923e-09	-5.32337923742e-09
3.79002179961e-09	-8.1448243705e-09
3.79126198999e-09	-1.03027284482e-08
3.79250218037e-09	-1.16775014103e-08
3.79374237074e-09	-1.22460348528e-08
3.79498256112e-09	-1.20683310012e-08
3.7962227515e-09	-1.12606318714e-08
3.79746294188e-09	-9.96616511539e-09
3.79870313226e-09	-8.33447422188e-09
3.79994332264e-09	-6.51064668844e-09
3.80118351302e-09	-4.63222532554e-09
3.8024237034e-09	-2.82641085536e-09
3.80366389378e-09	-1.2045182074e-09
3.80490408416e-09	1.49307866418e-10
3.80614427454e-09	1.19561500977e-09
3.80738446492e-09	1.95198490704e-09
3.8086246553e-09	2.49495168969e-09
3.80986484568e-09	2.94662744205e-09
3.81110503606e-09	3.44582018474e-09
3.81234522644e-09	4.11105804954e-09
3.81358541682e-09	5.00626839983e-09
3.8148256072e-09	6.12015244039e-09
3.81606579757e-09	7.36268757073e-09
3.81730598795e-09	8.58095239309e-09
3.81854617833e-09	9.59126300604e-09
3.81978636871e-09	1.02147946768e-08
3.82102655909e-09	1.03073836133e-08
3.82226674947e-09	9.77886904785e-09
3.82350693985e-09	8.59915794127e-09
3.82474713023e-09	6.79378198143e-09
3.82598732061e-09	4.43705827635e-09
3.82722751099e-09	1.64829015714e-09
3.82846770137e-09	-1.41087826144e-09
3.82970789175e-09	-4.5390632919e-09
3.83094808213e-09	-7.50201534228e-09
3.83218827251e-09	-1.00523822599e-08
3.83342846289e-09	-1.19617473704e-08
3.83466865327e-09	-1.30585036118e-08
3.83590884365e-09	-1.32605555425e-08
3.83714903403e-09	-1.25940164963e-08
3.8383892244e-09	-1.11883484699e-08
3.83962941478e-09	-9.24746235142e-09
3.84086960516e-09	-7.00699653855e-09
3.84210979554e-09	-4.6897835615e-09
3.84334998592e-09	-2.47179399171e-09
3.8445901763e-09	-4.68115712859e-10
3.84583036668e-09	1.26057471406e-09
3.84707055706e-09	2.69080399629e-09
3.84831074744e-09	3.81906284375e-09
3.84955093782e-09	4.6545864385e-09
3.8507911282e-09	5.2220130442e-09
3.85203131858e-09	5.56990514822e-09
3.85327150896e-09	5.77444175809e-09
3.85451169934e-09	5.93066074028e-09
3.85575188972e-09	6.13232631341e-09
3.8569920801e-09	6.4420069279e-09
3.85823227048e-09	6.86331136368e-09
3.85947246086e-09	7.32627913891e-09
3.86071265123e-09	7.69574037829e-09
3.86195284161e-09	7.80250652976e-09
3.86319303199e-09	7.48607298373e-09
3.86443322237e-09	6.6371277363e-09
3.86567341275e-09	5.22469156827e-09
3.86691360313e-09	3.29989505166e-09
3.86815379351e-09	9.80870343281e-10
3.86939398389e-09	-1.57371425613e-09
3.87063417427e-09	-4.1917467275e-09
3.87187436465e-09	-6.70569544337e-09
3.87311455503e-09	-8.9579346163e-09
3.87435474541e-09	-1.07985895781e-08
3.87559493579e-09	-1.20870891074e-08
3.87683512617e-09	-1.27016769325e-08
3.87807531655e-09	-1.25578626387e-08
3.87931550693e-09	-1.16329992306e-08
3.88055569731e-09	-9.98563487453e-09
3.88179588769e-09	-7.75924335894e-09
3.88303607807e-09	-5.16692644226e-09
3.88427626844e-09	-2.45728634662e-09
3.88551645882e-09	1.30803565895e-10
3.8867566492e-09	2.40923986317e-09
3.88799683958e-09	4.26557694722e-09
3.88923702996e-09	5.665415026e-09
3.89047722034e-09	6.63599564188e-09
3.89171741072e-09	7.23702586747e-09
3.8929576011e-09	7.53336482084e-09
3.89419779148e-09	7.5804861277e-09
3.89543798186e-09	7.42394568043e-09
3.89667817224e-09	7.10869496601e-09
3.89791836262e-09	6.68818600502e-09
3.899158553e-09	6.22366025382e-09
3.90039874338e-09	5.76876180158e-09
3.90163893376e-09	5.34837002464e-09
3.90287912414e-09	4.94126001227e-09
3.90411931452e-09	4.47634951328e-09
3.9053595049e-09	3.84756942973e-09
3.90659969527e-09	2.94493845976e-09
3.90783988565e-09	1.69226854752e-09
3.90908007603e-09	7.69535667827e-11
3.91032026641e-09	-1.8370138466e-09
3.91156045679e-09	-3.91736260097e-09
3.91280064717e-09	-5.99173599625e-09
3.91404083755e-09	-7.88270804186e-09
3.91528102793e-09	-9.43599054448e-09
3.91652121831e-09	-1.05359029279e-08
3.91776140869e-09	-1.11064308861e-08
3.91900159907e-09	-1.11040320272e-08
3.92024178945e-09	-1.0509903059e-08
3.92148197983e-09	-9.32966626177e-09
3.92272217021e-09	-7.60105078879e-09
3.92396236059e-09	-5.40415456829e-09
3.92520255097e-09	-2.86957313467e-09
3.92644274135e-09	-1.76122588735e-10
3.92768293173e-09	2.46767958845e-09
3.9289231221e-09	4.85417411822e-09
3.93016331248e-09	6.80936418362e-09
3.93140350286e-09	8.22091983377e-09
3.93264369324e-09	9.05189134759e-09
3.93388388362e-09	9.33627442024e-09
3.935124074e-09	9.15898978882e-09
3.93636426438e-09	8.62807070234e-09
3.93760445476e-09	7.84917975061e-09
3.93884464514e-09	6.90898127598e-09
3.94008483552e-09	5.8725104779e-09
3.9413250259e-09	4.78984796271e-09
3.94256521628e-09	3.70359293234e-09
3.94380540666e-09	2.65169064484e-09
3.94504559704e-09	1.66316405092e-09
3.94628578742e-09	7.47777138821e-10
3.9475259778e-09	-1.13402294499e-10
3.94876616818e-09	-9.67765048654e-10
3.95000635856e-09	-1.87901030846e-09
3.95124654893e-09	-2.90378912582e-09
3.95248673931e-09	-4.06565975331e-09
3.95372692969e-09	-5.33694965998e-09
3.95496712007e-09	-6.63492827346e-09
3.95620731045e-09	-7.83445663899e-09
3.95744750083e-09	-8.79150185984e-09
3.95868769121e-09	-9.37181321436e-09
3.95992788159e-09	-9.47684775099e-09
3.96116807197e-09	-9.05690544784e-09
3.96240826235e-09	-8.11242506504e-09
3.96364845273e-09	-6.68615995902e-09
3.96488864311e-09	-4.85102813474e-09
3.96612883349e-09	-2.70124553281e-09
3.96736902387e-09	-3.48051500815e-10
3.96860921425e-09	2.0806913692e-09
3.96984940463e-09	4.44183900772e-09
3.97108959501e-09	6.5833302143e-09
3.97232978539e-09	8.35506952512e-09
3.97356997577e-09	9.6258282456e-09
3.97481016614e-09	1.03042844257e-08
3.97605035652e-09	1.03552619812e-08
3.9772905469e-09	9.80848313681e-09
3.97853073728e-09	8.75549677204e-09
3.97977092766e-09	7.33231331207e-09
3.98101111804e-09	5.69475061551e-09
3.98225130842e-09	3.99075344992e-09
3.9834914988e-09	2.33990551934e-09
3.98473168918e-09	8.22644660725e-10
3.98597187956e-09	-5.2025627556e-10
3.98721206994e-09	-1.67719568789e-09
3.98845226032e-09	-2.65445534997e-09
3.9896924507e-09	-3.46773981752e-09
3.99093264108e-09	-4.13788225906e-09
3.99217283146e-09	-4.69186844931e-09
3.99341302184e-09	-5.16366532866e-09
3.99465321222e-09	-5.5902258933e-09
3.9958934026e-09	-6.00192817668e-09
3.99713359297e-09	-6.4093605423e-09
3.99837378335e-09	-6.79134992687e-09
3.99961397373e-09	-7.08870528943e-09
4.00085416411e-09	-7.20907478158e-09
4.00209435449e-09	-7.04500136006e-09
4.00333454487e-09	-6.49920089968e-09
4.00457473525e-09	-5.51108508828e-09
4.00581492563e-09	-4.07664219049e-09
4.00705511601e-09	-2.25419441446e-09
4.00829530639e-09	-1.5549776744e-10
4.00953549677e-09	2.07275785424e-09
4.01077568715e-09	4.2731305161e-09
4.01201587753e-09	6.29845081646e-09
4.01325606791e-09	8.02296651337e-09
4.01449625829e-09	9.34455379742e-09
4.01573644867e-09	1.01829138455e-08
4.01697663905e-09	1.0479188628e-08
4.01821682943e-09	1.01998499646e-08
4.0194570198e-09	9.34589372559e-09
4.02069721018e-09	7.96369747924e-09
4.02193740056e-09	6.15126360959e-09
4.02317759094e-09	4.05429051442e-09
4.02441778132e-09	1.85210466408e-09
4.0256579717e-09	-2.69375265149e-10
4.02689816208e-09	-2.1499820535e-09
4.02813835246e-09	-3.68129698947e-09
4.02937854284e-09	-4.82043860384e-09
4.03061873322e-09	-5.58560125929e-09
4.0318589236e-09	-6.03829414247e-09
4.03309911398e-09	-6.25742457849e-09
4.03433930436e-09	-6.31513369376e-09
4.03557949474e-09	-6.26332502529e-09
4.03681968512e-09	-6.13085926471e-09
4.0380598755e-09	-5.93091126211e-09
4.03930006588e-09	-5.67118496608e-09
4.04054025626e-09	-5.35883953878e-09
4.04178044663e-09	-4.99697566658e-09
4.04302063701e-09	-4.57450083369e-09
4.04426082739e-09	-4.05630834477e-09
4.04550101777e-09	-3.38170930148e-09
4.04674120815e-09	-2.47635120743e-09
4.04798139853e-09	-1.27739331612e-09
4.04922158891e-09	2.36921079977e-10
4.05046177929e-09	2.02437136498e-09
4.05170196967e-09	3.97229271698e-09
4.05294216005e-09	5.91230409075e-09
4.05418235043e-09	7.65351437781e-09
4.05542254081e-09	9.02146335413e-09
4.05666273119e-09	9.88878656738e-09
4.05790292157e-09	1.01901830307e-08
4.05914311195e-09	9.9185060165e-09
4.06038330233e-09	9.1079753739e-09
4.06162349271e-09	7.8161649375e-09
4.06286368309e-09	6.11393430328e-09
4.06410387347e-09	4.08571654287e-09
4.06534406384e-09	1.83784781838e-09
4.06658425422e-09	-4.93973945082e-10
4.0678244446e-09	-2.74695891034e-09
4.06906463498e-09	-4.74917211113e-09
4.07030482536e-09	-6.34820895851e-09
4.07154501574e-09	-7.44057826463e-09
4.07278520612e-09	-7.99478194757e-09
4.0740253965e-09	-8.05516697788e-09
4.07526558688e-09	-7.72624553225e-09
4.07650577726e-09	-7.14220682596e-09
4.07774596764e-09	-6.43069875128e-09
4.07898615802e-09	-5.68458957684e-09
4.0802263484e-09	-4.94911661653e-09
4.08146653878e-09	-4.22833440483e-09
4.08270672916e-09	-3.50286893935e-09
4.08394691954e-09	-2.74860775806e-09
4.08518710992e-09	-1.95014088211e-09
4.0864273003e-09	-1.10337884662e-09
4.08766749067e-09	-2.0785577079e-10
4.08890768105e-09	7.44193255631e-10
4.09014787143e-09	1.77289571912e-09
4.09138806181e-09	2.90394042146e-09
4.09262825219e-09	4.14971335072e-09
4.09386844257e-09	5.48523348964e-09
4.09510863295e-09	6.8306978962e-09
4.09634882333e-09	8.05253907998e-09
4.09758901371e-09	8.98487440004e-09
4.09882920409e-09	9.46609379771e-09
4.10006939447e-09	9.37904676146e-09
4.10130958485e-09	8.68055105574e-09
4.10254977523e-09	7.40843153491e-09
4.10378996561e-09	5.66659386081e-09
4.10503015599e-09	3.59685015106e-09
4.10627034637e-09	1.34857991441e-09
4.10751053675e-09	-9.41297817469e-10
4.10875072713e-09	-3.15265613615e-09
4.1099909175e-09	-5.17611420392e-09
4.11123110788e-09	-6.90603763065e-09
4.11247129826e-09	-8.23932466698e-09
4.11371148864e-09	-9.08567721059e-09
4.11495167902e-09	-9.38737065859e-09
4.1161918694e-09	-9.14021203169e-09
4.11743205978e-09	-8.40325620199e-09
4.11867225016e-09	-7.29327187532e-09
4.11991244054e-09	-5.96313010082e-09
4.12115263092e-09	-4.56738274979e-09
4.1223928213e-09	-3.22917753648e-09
4.12363301168e-09	-2.01900610119e-09
4.12487320206e-09	-9.50667572441e-10
4.12611339244e-09	5.72884881894e-12
4.12735358282e-09	8.99378085895e-10
4.1285937732e-09	1.77392733836e-09
4.12983396358e-09	2.65180599701e-09
4.13107415396e-09	3.53138285281e-09
4.13231434433e-09	4.39459024726e-09
4.13355453471e-09	5.21825976874e-09
4.13479472509e-09	5.9819414977e-09
4.13603491547e-09	6.66623256595e-09
4.13727510585e-09	7.24423665499e-09
4.13851529623e-09	7.67152286141e-09
4.13975548661e-09	7.87977261218e-09
4.14099567699e-09	7.78172848381e-09
4.14223586737e-09	7.28860871657e-09
4.14347605775e-09	6.33596558552e-09
4.14471624813e-09	4.91019386262e-09
4.14595643851e-09	3.06344352663e-09
4.14719662889e-09	9.12350556215e-10
4.14843681927e-09	-1.38016986728e-09
4.14967700965e-09	-3.63495439304e-09
4.15091720003e-09	-5.68517299904e-09
4.15215739041e-09	-7.39825667395e-09
4.15339758079e-09	-8.68513372332e-09
4.15463777117e-09	-9.49675282857e-09
4.15587796154e-09	-9.81433012637e-09
4.15711815192e-09	-9.64032398354e-09
4.1583583423e-09	-8.99657770503e-09
4.15959853268e-09	-7.92794330184e-09
4.16083872306e-09	-6.50731440954e-09
4.16207891344e-09	-4.83810441709e-09
4.16331910382e-09	-3.04759015246e-09
4.1645592942e-09	-1.27017636686e-09
4.16579948458e-09	3.72832379553e-10
4.16703967496e-09	1.79493317432e-09
4.16827986534e-09	2.95819985174e-09
4.16952005572e-09	3.87366788646e-09
4.1707602461e-09	4.58836690864e-09
4.17200043648e-09	5.16330989075e-09
4.17324062686e-09	5.65149405052e-09
4.17448081724e-09	6.08024197657e-09
4.17572100762e-09	6.44552894391e-09
4.176961198e-09	6.71818889408e-09
4.17820138837e-09	6.85571777126e-09
4.17944157875e-09	6.81544776171e-09
4.18068176913e-09	6.56409704369e-09
4.18192195951e-09	6.08004280256e-09
4.18316214989e-09	5.35051669637e-09
4.18440234027e-09	4.36840763562e-09
4.18564253065e-09	3.13231482418e-09
4.18688272103e-09	1.65149996456e-09
4.18812291141e-09	-4.55713817377e-11
4.18936310179e-09	-1.9013623731e-09
4.19060329217e-09	-3.82412868039e-09
4.19184348255e-09	-5.69111563431e-09
4.19308367293e-09	-7.36118666023e-09
4.19432386331e-09	-8.69497263079e-09
4.19556405369e-09	-9.57786838729e-09
4.19680424407e-09	-9.93839210928e-09
4.19804443445e-09	-9.75744318676e-09
4.19928462483e-09	-9.0663316854e-09
4.2005248152e-09	-7.93556143019e-09
4.20176500558e-09	-6.4592632909e-09
4.20300519596e-09	-4.73950279023e-09
4.20424538634e-09	-2.87631540807e-09
4.20548557672e-09	-9.63445975777e-10
4.2067257671e-09	9.10335334892e-10
4.20796595748e-09	2.65845667702e-09
4.20920614786e-09	4.1984177801e-09
4.21044633824e-09	5.45962625109e-09
4.21168652862e-09	6.39458336282e-09
4.212926719e-09	6.98885282979e-09
4.21416690938e-09	7.26511761862e-09
4.21540709976e-09	7.27747950791e-09
4.21664729014e-09	7.0960198828e-09
4.21788748052e-09	6.78648881536e-09
4.2191276709e-09	6.3923520921e-09
4.22036786128e-09	5.92357324303e-09
4.22160805166e-09	5.35893029951e-09
4.22284824204e-09	4.65981497833e-09
4.22408843241e-09	3.78815728785e-09
4.22532862279e-09	2.72352818076e-09
4.22656881317e-09	1.47291782937e-09
4.22780900355e-09	7.1713818911e-11
4.22904919393e-09	-1.42394883385e-09
4.23028938431e-09	-2.94867430473e-09
4.23152957469e-09	-4.43706088538e-09
4.23276976507e-09	-5.82843207031e-09
4.23400995545e-09	-7.06462754962e-09
4.23525014583e-09	-8.08393874063e-09
4.23649033621e-09	-8.81803441377e-09
4.23773052659e-09	-9.19428322366e-09
4.23897071697e-09	-9.14616538061e-09
4.24021090735e-09	-8.62990745532e-09
4.24145109773e-09	-7.64112662033e-09
4.24269128811e-09	-6.2251485633e-09
4.24393147849e-09	-4.47432391137e-09
4.24517166887e-09	-2.51394402517e-09
4.24641185924e-09	-4.79821071764e-10
4.24765204962e-09	1.50382400976e-09
4.24889224e-09	3.33846023048e-09
4.25013243038e-09	4.95504837161e-09
4.25137262076e-09	6.30779456445e-09
4.25261281114e-09	7.36366623233e-09
4.25385300152e-09	8.09398104096e-09
4.2550931919e-09	8.47353487377e-09
4.25633338228e-09	8.4881923712e-09
4.25757357266e-09	8.14658174253e-09
4.25881376304e-09	7.48847295284e-09
4.26005395342e-09	6.58423215949e-09
4.2612941438e-09	5.52191242731e-09
4.26253433418e-09	4.38673153358e-09
4.26377452456e-09	3.24067123136e-09
4.26501471494e-09	2.11028933217e-09
4.26625490532e-09	9.87922674223e-10
4.2674950957e-09	-1.55115338976e-10
4.26873528607e-09	-1.34643750316e-09
4.26997547645e-09	-2.59199608998e-09
4.27121566683e-09	-3.86471260549e-09
4.27245585721e-09	-5.10526915187e-09
4.27369604759e-09	-6.2351100949e-09
4.27493623797e-09	-7.17535897365e-09
4.27617642835e-09	-7.86310461187e-09
4.27741661873e-09	-8.25874246768e-09
4.27865680911e-09	-8.34429125796e-09
4.27989699949e-09	-8.11493117148e-09
4.28113718987e-09	-7.5688221246e-09
4.28237738025e-09	-6.70196220742e-09
4.28361757063e-09	-5.51296303053e-09
4.28485776101e-09	-4.01520316995e-09
4.28609795139e-09	-2.25131999154e-09
4.28733814177e-09	-3.02391292561e-10
4.28857833215e-09	1.71533104387e-09
4.28981852253e-09	3.66675373398e-09
4.2910587129e-09	5.42104422463e-09
4.29229890328e-09	6.87381773723e-09
4.29353909366e-09	7.96133514669e-09
4.29477928404e-09	8.66054084003e-09
4.29601947442e-09	8.97753427154e-09
4.2972596648e-09	8.93133222934e-09
4.29849985518e-09	8.54203530132e-09
4.29974004556e-09	7.82782560993e-09
4.30098023594e-09	6.81151435256e-09
4.30222042632e-09	5.53281015447e-09
4.3034606167e-09	4.05633859835e-09
4.30470080708e-09	2.47012524324e-09
4.30594099746e-09	8.74136638074e-10
4.30718118784e-09	-6.39633547517e-10
4.30842137822e-09	-2.00760211233e-09
4.3096615686e-09	-3.20523513286e-09
4.31090175898e-09	-4.24364821061e-09
4.31214194936e-09	-5.15323977934e-09
4.31338213974e-09	-5.96216453985e-09
4.31462233011e-09	-6.67687005684e-09
4.31586252049e-09	-7.27303783865e-09
4.31710271087e-09	-7.70082586588e-09
4.31834290125e-09	-7.89907483867e-09
4.31958309163e-09	-7.81416342743e-09
4.32082328201e-09	-7.41642613988e-09
4.32206347239e-09	-6.70671385095e-09
4.32330366277e-09	-5.71196268062e-09
4.32454385315e-09	-4.47440090534e-09
4.32578404353e-09	-3.04011230079e-09
4.32702423391e-09	-1.45244329064e-09
4.32826442429e-09	2.46521036223e-10
4.32950461467e-09	2.00743688339e-09
4.33074480505e-09	3.76458914042e-09
4.33198499543e-09	5.43255551655e-09
4.33322518581e-09	6.91006274423e-09
4.33446537619e-09	8.09329514517e-09
4.33570556657e-09	8.89505202828e-09
4.33694575694e-09	9.26134180457e-09
4.33818594732e-09	9.17955012003e-09
4.3394261377e-09	8.67652516501e-09
4.34066632808e-09	7.80694209279e-09
4.34190651846e-09	6.6377121577e-09
4.34314670884e-09	5.23572424305e-09
4.34438689922e-09	3.66281605046e-09
4.3456270896e-09	1.97783067701e-09
4.34686727998e-09	2.42349820767e-10
4.34810747036e-09	-1.47287729235e-09
4.34934766074e-09	-3.08800041093e-09
4.35058785112e-09	-4.5226771217e-09
4.3518280415e-09	-5.7096488093e-09
4.35306823188e-09	-6.60823318288e-09
4.35430842226e-09	-7.21218784694e-09
4.35554861264e-09	-7.54683304738e-09
4.35678880302e-09	-7.65507379707e-09
4.3580289934e-09	-7.5789787779e-09
4.35926918377e-09	-7.34364191679e-09
4.36050937415e-09	-6.94914892296e-09
4.36174956453e-09	-6.37408142934e-09
4.36298975491e-09	-5.5900157836e-09
4.36422994529e-09	-4.57897303408e-09
4.36547013567e-09	-3.34585759099e-09
4.36671032605e-09	-1.92307014757e-09
4.36795051643e-09	-3.67100537468e-10
4.36919070681e-09	1.25199464684e-09
4.37043089719e-09	2.86247206494e-09
4.37167108757e-09	4.39815361908e-09
4.37291127795e-09	5.80132958339e-09
4.37415146833e-09	7.01996538677e-09
4.37539165871e-09	8.00262311973e-09
4.37663184909e-09	8.69583405283e-09
4.37787203947e-09	9.04713726158e-09
4.37911222985e-09	9.01370278417e-09
4.38035242023e-09	8.57183812819e-09
4.3815926106e-09	7.72607167132e-09
4.38283280098e-09	6.51425652309e-09
4.38407299136e-09	5.00450658691e-09
4.38531318174e-09	3.28673563366e-09
4.38655337212e-09	1.46070236462e-09
4.3877935625e-09	-3.77446286032e-10
4.38903375288e-09	-2.14410739163e-09
4.39027394326e-09	-3.77156716969e-09
4.39151413364e-09	-5.20612375432e-09
4.39275432402e-09	-6.40421271569e-09
4.3939945144e-09	-7.32921212609e-09
4.39523470478e-09	-7.94998167297e-09
4.39647489516e-09	-8.24506041219e-09
4.39771508554e-09	-8.20926771006e-09
4.39895527592e-09	-7.85832388051e-09
4.4001954663e-09	-7.2302962506e-09
4.40143565668e-09	-6.38096725458e-09
4.40267584706e-09	-5.37163064029e-09
4.40391603744e-09	-4.25520002567e-09
4.40515622781e-09	-3.06628647473e-09
4.40639641819e-09	-1.81932957588e-09
4.40763660857e-09	-5.15367422349e-10
4.40887679895e-09	8.44783215603e-10
4.41011698933e-09	2.24558771578e-09
4.41135717971e-09	3.64887292603e-09
4.41259737009e-09	4.99463598258e-09
4.41383756047e-09	6.20925499906e-09
4.41507775085e-09	7.21940884851e-09
4.41631794123e-09	7.96537369396e-09
4.41755813161e-09	8.40762548471e-09
4.41879832199e-09	8.52717085831e-09
4.42003851237e-09	8.32102875492e-09
4.42127870275e-09	7.795513568e-09
4.42251889313e-09	6.96141655432e-09
4.42375908351e-09	5.83367154583e-09
4.42499927389e-09	4.43700709507e-09
4.42623946427e-09	2.81284551207e-09
4.42747965464e-09	1.02488817433e-09
4.42871984502e-09	-8.39946431852e-10
4.4299600354e-09	-2.6788734564e-09
4.43120022578e-09	-4.38580377571e-09
4.43244041616e-09	-5.86553422499e-09
4.43368060654e-09	-7.04667291185e-09
4.43492079692e-09	-7.88854759293e-09
4.4361609873e-09	-8.38036273709e-09
4.43740117768e-09	-8.53277482005e-09
4.43864136806e-09	-8.36629876488e-09
4.43988155844e-09	-7.90281062812e-09
4.44112174882e-09	-7.16266046474e-09
4.4423619392e-09	-6.16926487673e-09
4.44360212958e-09	-4.95661167665e-09
4.44484231996e-09	-3.57513540994e-09
4.44608251034e-09	-2.09186751254e-09
4.44732270072e-09	-5.82866255261e-10
4.4485628911e-09	8.79686587463e-10
4.44980308147e-09	2.24131530002e-09
4.45104327185e-09	3.47260015188e-09
4.45228346223e-09	4.56703380669e-09
4.45352365261e-09	5.52996748393e-09
4.45476384299e-09	6.36293767675e-09
4.45600403337e-09	7.05091718345e-09
4.45724422375e-09	7.55805418251e-09
4.45848441413e-09	7.83413145466e-09
4.45972460451e-09	7.82903353258e-09
4.46096479489e-09	7.50879391997e-09
4.46220498527e-09	6.86777501535e-09
4.46344517565e-09	5.93126225912e-09
4.46468536603e-09	4.74712347209e-09
4.46592555641e-09	3.37332822786e-09
4.46716574679e-09	1.86537255087e-09
4.46840593717e-09	2.7030584715e-10
4.46964612755e-09	-1.37009839585e-09
4.47088631793e-09	-3.01031857775e-09
4.4721265083e-09	-4.59040255807e-09
4.47336669868e-09	-6.03228644813e-09
4.47460688906e-09	-7.24554116704e-09
4.47584707944e-09	-8.14162359752e-09
4.47708726982e-09	-8.65334315314e-09
4.4783274602e-09	-8.74988725919e-09
4.47956765058e-09	-8.44233105646e-09
4.48080784096e-09	-7.77784381345e-09
4.48204803134e-09	-6.82377254702e-09
4.48328822172e-09	-5.65059021795e-09
4.4845284121e-09	-4.31874858098e-09
4.48576860248e-09	-2.87444731906e-09
4.48700879286e-09	-1.3553848599e-09
4.48824898324e-09	1.98792531048e-10
4.48948917362e-09	1.73651723556e-09
4.490729364e-09	3.1922448851e-09
4.49196955438e-09	4.49400794356e-09
4.49320974476e-09	5.57773960352e-09
4.49444993514e-09	6.4018591539e-09
4.49569012551e-09	6.95527713201e-09
4.49693031589e-09	7.25443904948e-09
4.49817050627e-09	7.33165550493e-09
4.49941069665e-09	7.21854487296e-09
4.50065088703e-09	6.93146340325e-09
4.50189107741e-09	6.46621611811e-09
4.50313126779e-09	5.80323306076e-09
4.50437145817e-09	4.92207130609e-09
4.50561164855e-09	3.81789649895e-09
4.50685183893e-09	2.51293452713e-09
4.50809202931e-09	1.05817445084e-09
4.50933221969e-09	-4.75138400846e-10
4.51057241007e-09	-2.00959340835e-09
4.51181260045e-09	-3.47554512947e-09
4.51305279083e-09	-4.81925677143e-09
4.51429298121e-09	-6.0018949255e-09
4.51553317159e-09	-6.99052471465e-09
4.51677336197e-09	-7.74780095636e-09
4.51801355234e-09	-8.22677881374e-09
4.51925374272e-09	-8.37540936605e-09
4.5204939331e-09	-8.14984524311e-09
4.52173412348e-09	-7.53169326906e-09
4.52297431386e-09	-6.5411120409e-09
4.52421450424e-09	-5.23920989925e-09
4.52545469462e-09	-3.71844144365e-09
4.526694885e-09	-2.08407133218e-09
4.52793507538e-09	-4.33386437848e-10
4.52917526576e-09	1.15841465587e-09
4.53041545614e-09	2.64130425864e-09
4.53165564652e-09	3.98382354883e-09
4.5328958369e-09	5.1613313623e-09
4.53413602728e-09	6.14546846744e-09
4.53537621766e-09	6.90032564421e-09
4.53661640804e-09	7.3885890739e-09
4.53785659842e-09	7.58215101815e-09
4.5390967888e-09	7.47336326157e-09
4.54033697917e-09	7.0818454434e-09
4.54157716955e-09	6.4512590825e-09
4.54281735993e-09	5.63780827578e-09
4.54405755031e-09	4.69477168252e-09
4.54529774069e-09	3.66079289105e-09
4.54653793107e-09	2.55451268472e-09
4.54777812145e-09	1.37871805639e-09
4.54901831183e-09	1.33118042631e-10
4.55025850221e-09	-1.17217320572e-09
4.55149869259e-09	-2.50701032156e-09
4.55273888297e-09	-3.81859005527e-09
4.55397907335e-09	-5.03809172159e-09
4.55521926373e-09	-6.0939466251e-09
4.55645945411e-09	-6.92514579015e-09
4.55769964449e-09	-7.48940964801e-09
4.55893983487e-09	-7.76411968051e-09
4.56018002525e-09	-7.74137798309e-09
4.56142021563e-09	-7.4202129996e-09
4.562660406e-09	-6.80193901204e-09
4.56390059638e-09	-5.8917739576e-09
4.56514078676e-09	-4.70506150707e-09
4.56638097714e-09	-3.27615390372e-09
4.56762116752e-09	-1.66563904336e-09
4.5688613579e-09	4.01242285925e-11
4.57010154828e-09	1.73873834775e-09
4.57134173866e-09	3.32709088058e-09
4.57258192904e-09	4.71709588057e-09
4.57382211942e-09	5.8473191844e-09
4.5750623098e-09	6.6868522941e-09
4.57630250018e-09	7.23025816995e-09
4.57754269056e-09	7.48793604899e-09
4.57878288094e-09	7.47616624164e-09
4.58002307132e-09	7.20983350799e-09
4.5812632617e-09	6.7006747928e-09
4.58250345208e-09	5.9624062354e-09
4.58374364246e-09	5.01789548801e-09
4.58498383284e-09	3.90327431488e-09
4.58622402321e-09	2.66886721056e-09
4.58746421359e-09	1.3740611704e-09
4.58870440397e-09	7.7716118263e-11
4.58994459435e-09	-1.17241559516e-09
4.59118478473e-09	-2.34562236301e-09
4.59242497511e-09	-3.4274515448e-09
4.59366516549e-09	-4.41377889793e-09
4.59490535587e-09	-5.29906407642e-09
4.59614554625e-09	-6.06611783027e-09
4.59738573663e-09	-6.68242416957e-09
4.59862592701e-09	-7.10280556593e-09
4.59986611739e-09	-7.27828886049e-09
4.60110630777e-09	-7.16858716832e-09
4.60234649815e-09	-6.75366707004e-09
4.60358668853e-09	-6.03876376681e-09
4.60482687891e-09	-5.05244934779e-09
4.60606706929e-09	-3.84058146397e-09
4.60730725967e-09	-2.45778089547e-09
4.60854745004e-09	-9.60602403177e-10
4.60978764042e-09	5.93619091382e-10
4.6110278308e-09	2.14486892136e-09
4.61226802118e-09	3.62802698994e-09
4.61350821156e-09	4.97253577203e-09
4.61474840194e-09	6.10559330871e-09
4.61598859232e-09	6.96033553016e-09
4.6172287827e-09	7.48665740513e-09
4.61846897308e-09	7.65965191274e-09
4.61970916346e-09	7.48390049932e-09
4.62094935384e-09	6.99189350861e-09
4.62218954422e-09	6.23555063139e-09
4.6234297346e-09	5.27470672695e-09
4.62466992498e-09	4.16707518491e-09
4.62591011536e-09	2.96169677672e-09
4.62715030574e-09	1.69717270793e-09
4.62839049612e-09	4.04851110969e-10
4.6296306865e-09	-8.83762035775e-10
4.63087087687e-09	-2.13178655284e-09
4.63211106725e-09	-3.29569682656e-09
4.63335125763e-09	-4.32825514318e-09
4.63459144801e-09	-5.1872200979e-09
4.63583163839e-09	-5.84434955986e-09
4.63707182877e-09	-6.28996194019e-09
4.63831201915e-09	-6.53040754806e-09
4.63955220953e-09	-6.58074505999e-09
4.64079239991e-09	-6.45428560597e-09
4.64203259029e-09	-6.15267170545e-09
4.64327278067e-09	-5.66384206202e-09
4.64451297105e-09	-4.96865543154e-09
4.64575316143e-09	-4.05288047567e-09
4.64699335181e-09	-2.92032598104e-09
4.64823354219e-09	-1.60249233327e-09
4.64947373257e-09	-1.58871769906e-10
4.65071392295e-09	1.33171065841e-09
4.65195411333e-09	2.78383052721e-09
4.6531943037e-09	4.1190231781e-09
4.65443449408e-09	5.27537907802e-09
4.65567468446e-09	6.20940449059e-09
4.65691487484e-09	6.89125068121e-09
4.65815506522e-09	7.29809590538e-09
4.6593952556e-09	7.410502878e-09
4.66063544598e-09	7.21312198859e-09
4.66187563636e-09	6.70080335663e-09
4.66311582674e-09	5.8876964415e-09
4.66435601712e-09	4.8128588892e-09
4.6655962075e-09	3.54026730154e-09
4.66683639788e-09	2.15146589433e-09
4.66807658826e-09	7.3215977725e-10
4.66931677864e-09	-6.42523374783e-10
4.67055696902e-09	-1.9182889166e-09
4.6717971594e-09	-3.06339648093e-09
4.67303734978e-09	-4.06301314815e-09
4.67427754016e-09	-4.90926399532e-09
4.67551773054e-09	-5.59110907572e-09
4.67675792091e-09	-6.08965872173e-09
4.67799811129e-09	-6.3810683959e-09
4.67923830167e-09	-6.44408248984e-09
4.68047849205e-09	-6.26994239861e-09
4.68171868243e-09	-5.86877307862e-09
4.68295887281e-09	-5.26944210488e-09
4.68419906319e-09	-4.51159842818e-09
4.68543925357e-09	-3.63394220271e-09
4.68667944395e-09	-2.66494476486e-09
4.68791963433e-09	-1.61833507706e-09
4.68915982471e-09	-4.97921558151e-10
4.69040001509e-09	6.9106226297e-10
4.69164020547e-09	1.92950502798e-09
4.69288039585e-09	3.17548143336e-09
4.69412058623e-09	4.36373909229e-09
4.69536077661e-09	5.41402417342e-09
4.69660096699e-09	6.2471897655e-09
4.69784115737e-09	6.80203338099e-09
4.69908134774e-09	7.0454968526e-09
4.70032153812e-09	6.97481306045e-09
4.7015617285e-09	6.61040511218e-09
4.70280191888e-09	5.98384647388e-09
4.70404210926e-09	5.12812453612e-09
4.70528229964e-09	4.07348427212e-09
4.70652249002e-09	2.85099882591e-09
4.7077626804e-09	1.50020329492e-09
4.70900287078e-09	7.62547577166e-11
4.71024306116e-09	-1.34846324384e-09
4.71148325154e-09	-2.69220076787e-09
4.71272344192e-09	-3.87723858575e-09
4.7139636323e-09	-4.84411238899e-09
4.71520382268e-09	-5.56144436059e-09
4.71644401306e-09	-6.02641930803e-09
4.71768420344e-09	-6.25676038757e-09
4.71892439382e-09	-6.27771340467e-09
4.7201645842e-09	-6.1093297643e-09
4.72140477457e-09	-5.76075165348e-09
4.72264496495e-09	-5.23267679187e-09
4.72388515533e-09	-4.52663434514e-09
4.72512534571e-09	-3.65539554181e-09
4.72636553609e-09	-2.6483026605e-09
4.72760572647e-09	-1.55031512628e-09
4.72884591685e-09	-4.13856497683e-10
4.73008610723e-09	7.12183548246e-10
4.73132629761e-09	1.79139902912e-09
4.73256648799e-09	2.80278916742e-09
4.73380667837e-09	3.73612946136e-09
4.73504686875e-09	4.58221954824e-09
4.73628705913e-09	5.3223208063e-09
4.73752724951e-09	5.92249693732e-09
4.73876743989e-09	6.33563035368e-09
4.74000763027e-09	6.51077763925e-09
4.74124782065e-09	6.40620168024e-09
4.74248801103e-09	6.00208821533e-09
4.7437282014e-09	5.3079746154e-09
4.74496839178e-09	4.36209451893e-09
4.74620858216e-09	3.22352050608e-09
4.74744877254e-09	1.95976798678e-09
4.74868896292e-09	6.35151480022e-10
4.7499291533e-09	-6.95462694378e-10
4.75116934368e-09	-1.98626409764e-09
4.75240953406e-09	-3.19525347847e-09
4.75364972444e-09	-4.27829932592e-09
4.75488991482e-09	-5.1870204798e-09
4.7561301052e-09	-5.87284237907e-09
4.75737029558e-09	-6.29617225023e-09
4.75861048596e-09	-6.43583969451e-09
4.75985067634e-09	-6.29555774179e-09
4.76109086672e-09	-5.90332782657e-09
4.7623310571e-09	-5.30350263706e-09
4.76357124748e-09	-4.54503185088e-09
4.76481143786e-09	-3.67045138727e-09
4.76605162824e-09	-2.71060360268e-09
4.76729181861e-09	-1.6855386531e-09
4.76853200899e-09	-6.11496846215e-10
4.76977219937e-09	4.90378661289e-10
4.77101238975e-09	1.58857019206e-09
4.77225258013e-09	2.64073288236e-09
4.77349277051e-09	3.5990661007e-09
4.77473296089e-09	4.41979119969e-09
4.77597315127e-09	5.07117747794e-09
4.77721334165e-09	5.53707518725e-09
4.77845353203e-09	5.81456016668e-09
4.77969372241e-09	5.90709992032e-09
4.78093391279e-09	5.81727532811e-09
4.78217410317e-09	5.54104628847e-09
4.78341429355e-09	5.06858999216e-09
4.78465448393e-09	4.39045078071e-09
4.78589467431e-09	3.50644652203e-09
4.78713486469e-09	2.4351673733e-09
4.78837505507e-09	1.2180198794e-09
4.78961524544e-09	-8.34591146193e-11
4.79085543582e-09	-1.39596562088e-09
4.7920956262e-09	-2.64549104845e-09
4.79333581658e-09	-3.76714315298e-09
4.79457600696e-09	-4.71186556439e-09
4.79581619734e-09	-5.44789213741e-09
4.79705638772e-09	-5.95705157425e-09
4.7982965781e-09	-6.23001733535e-09
4.79953676848e-09	-6.26189156083e-09
4.80077695886e-09	-6.05110395124e-09
4.80201714924e-09	-5.60247725989e-09
4.80325733962e-09	-4.93145596581e-09
4.80449753e-09	-4.06720679358e-09
4.80573772038e-09	-3.05261549371e-09
4.80697791076e-09	-1.94066099302e-09
4.80821810114e-09	-7.87274766212e-10
4.80945829152e-09	3.56600020346e-10
4.8106984819e-09	1.45062697965e-09
4.81193867227e-09	2.46638559576e-09
4.81317886265e-09	3.38501987551e-09
4.81441905303e-09	4.19119838835e-09
4.81565924341e-09	4.8665518837e-09
4.81689943379e-09	5.3872591943e-09
4.81813962417e-09	5.72556418943e-09
4.81937981455e-09	5.85525850028e-09
4.82062000493e-09	5.75943115422e-09
4.82186019531e-09	5.43693379207e-09
4.82310038569e-09	4.90404117315e-09
4.82434057607e-09	4.19077816893e-09
4.82558076645e-09	3.33379368556e-09
4.82682095683e-09	2.36894495687e-09
4.82806114721e-09	1.32589321467e-09
4.82930133759e-09	2.28383569001e-10
4.83054152797e-09	-9.00375038415e-10
4.83178171835e-09	-2.03135039345e-09
4.83302190873e-09	-3.12431328031e-09
4.8342620991e-09	-4.12706724351e-09
4.83550228948e-09	-4.98065189092e-09
4.83674247986e-09	-5.62928209602e-09
4.83798267024e-09	-6.03089572726e-09
4.83922286062e-09	-6.16441708789e-09
4.840463051e-09	-6.03192523707e-09
4.84170324138e-09	-5.65453234236e-09
4.84294343176e-09	-5.06435415826e-09
4.84418362214e-09	-4.29676211278e-09
4.84542381252e-09	-3.38530442567e-09
4.8466640029e-09	-2.36013966703e-09
4.84790419328e-09	-1.25066199064e-09
4.84914438366e-09	-9.06136918971e-11
4.85038457404e-09	1.07839241703e-09
4.85162476442e-09	2.20747262136e-09
4.8528649548e-09	3.24442353539e-09
4.85410514518e-09	4.14111067659e-09
4.85534533556e-09	4.86084189566e-09
4.85658552594e-09	5.38213168477e-09
4.85782571631e-09	5.69832658837e-09
4.85906590669e-09	5.8129523417e-09
4.86030609707e-09	5.7334716419e-09
4.86154628745e-09	5.46479317354e-09
4.86278647783e-09	5.00751562438e-09
4.86402666821e-09	4.3624144852e-09
4.86526685859e-09	3.5372763052e-09
4.86650704897e-09	2.55434332019e-09
4.86774723935e-09	1.45417342057e-09
4.86898742973e-09	2.92422981663e-10
4.87022762011e-09	-8.68805860588e-10
4.87146781049e-09	-1.97185709427e-09
4.87270800087e-09	-2.9723790651e-09
4.87394819125e-09	-3.84293630251e-09
4.87518838163e-09	-4.57028981327e-09
4.87642857201e-09	-5.14648357264e-09
4.87766876239e-09	-5.56054186029e-09
4.87890895277e-09	-5.79439152215e-09
4.88014914314e-09	-5.82380127456e-09
4.88138933352e-09	-5.62581464747e-09
4.8826295239e-09	-5.189109753e-09
4.88386971428e-09	-4.52235693338e-09
4.88510990466e-09	-3.65672297997e-09
4.88635009504e-09	-2.64180563536e-09
4.88759028542e-09	-1.53630644317e-09
4.8888304758e-09	-3.96556822102e-10
4.89007066618e-09	7.32066143816e-10
4.89131085656e-09	1.8168864746e-09
4.89255104694e-09	2.83411585866e-09
4.89379123732e-09	3.76182646145e-09
4.8950314277e-09	4.57256116304e-09
4.89627161808e-09	5.23073506731e-09
4.89751180846e-09	5.69676011919e-09
4.89875199884e-09	5.93537019533e-09
4.89999218922e-09	5.92527527044e-09
4.9012323796e-09	5.66610702801e-09
4.90247256997e-09	5.17840031966e-09
4.90371276035e-09	4.49717973972e-09
4.90495295073e-09	3.66191976742e-09
4.90619314111e-09	2.70869443542e-09
4.90743333149e-09	1.66673183588e-09
4.90867352187e-09	5.60724036647e-10
4.90991371225e-09	-5.81412328005e-10
4.91115390263e-09	-1.72224437489e-09
4.91239409301e-09	-2.81237325095e-09
4.91363428339e-09	-3.79363052083e-09
4.91487447377e-09	-4.60876586894e-09
4.91611466415e-09	-5.21328247238e-09
4.91735485453e-09	-5.58433960185e-09
4.91859504491e-09	-5.72265562715e-09
4.91983523529e-09	-5.64706437167e-09
4.92107542567e-09	-5.38504657532e-09
4.92231561605e-09	-4.96191121524e-09
4.92355580643e-09	-4.39406333541e-09
4.9247959968e-09	-3.68922581373e-09
4.92603618718e-09	-2.85156559476e-09
4.92727637756e-09	-1.89088131264e-09
4.92851656794e-09	-8.30723212442e-10
4.92975675832e-09	2.88376700991e-10
4.9309969487e-09	1.41243358676e-09
4.93223713908e-09	2.48304868333e-09
4.93347732946e-09	3.44736111879e-09
4.93471751984e-09	4.26623003591e-09
4.93595771022e-09	4.91700280492e-09
4.9371979006e-09	5.38976185904e-09
4.93843809098e-09	5.67985619648e-09
4.93967828136e-09	5.78060443956e-09
4.94091847174e-09	5.68007213486e-09
4.94215866212e-09	5.36380745375e-09
4.9433988525e-09	4.82275341884e-09
4.94463904288e-09	4.06284572652e-09
4.94587923326e-09	3.11050268875e-09
4.94711942364e-09	2.01274183431e-09
4.94835961401e-09	8.30878157942e-10
4.94959980439e-09	-3.70497035829e-10
4.95083999477e-09	-1.53377298362e-09
4.95208018515e-09	-2.61457236417e-09
4.95332037553e-09	-3.58103091624e-09
4.95456056591e-09	-4.40869596385e-09
4.95580075629e-09	-5.07403641326e-09
4.95704094667e-09	-5.55041335115e-09
4.95828113705e-09	-5.81048908987e-09
4.95952132743e-09	-5.83280584943e-09
4.96076151781e-09	-5.60981450182e-09
4.96200170819e-09	-5.15421294534e-09
4.96324189857e-09	-4.49922948897e-09
4.96448208895e-09	-3.69247027399e-09
4.96572227933e-09	-2.78600734149e-09
4.96696246971e-09	-1.82578377417e-09
4.96820266009e-09	-8.45065434296e-10
4.96944285047e-09	1.364757439e-10
4.97068304084e-09	1.10739296899e-09
4.97192323122e-09	2.05611447313e-09
4.9731634216e-09	2.96406582612e-09
4.97440361198e-09	3.80170456227e-09
4.97564380236e-09	4.53001841594e-09
4.97688399274e-09	5.10684050603e-09
4.97812418312e-09	5.49513951009e-09
4.9793643735e-09	5.67032787391e-09
4.98060456388e-09	5.62387941772e-09
4.98184475426e-09	5.36177041655e-09
4.98308494464e-09	4.89927515224e-09
4.98432513502e-09	4.25500723544e-09
4.9855653254e-09	3.44741835079e-09
4.98680551578e-09	2.49533299579e-09
4.98804570616e-09	1.42171074913e-09
4.98928589654e-09	2.5900044609e-10
4.99052608692e-09	-9.4698344999e-10
4.9917662773e-09	-2.13772641255e-09
4.99300646767e-09	-3.24745469404e-09
4.99424665805e-09	-4.21217494218e-09
4.99548684843e-09	-4.9796024526e-09
4.99672703881e-09	-5.51560924711e-09
4.99796722919e-09	-5.80620190815e-09
4.99920741957e-09	-5.85456838564e-09
5.00044760995e-09	-5.67530961115e-09
5.00168780033e-09	-5.28829435797e-09
5.00292799071e-09	-4.71405847691e-09
5.00416818109e-09	-3.97391880513e-09
5.00540837147e-09	-3.09277609079e-09
5.00664856185e-09	-2.10270448275e-09
5.00788875223e-09	-1.04502791143e-09
5.00912894261e-09	3.15403458559e-11
5.01036913299e-09	1.07670168614e-09
5.01160932337e-09	2.04621067312e-09
5.01284951375e-09	2.90830032279e-09
5.01408970413e-09	3.64641106199e-09
5.01532989451e-09	4.25697344042e-09
5.01657008488e-09	4.74231565128e-09
5.01781027526e-09	5.10199366088e-09
5.01905046564e-09	5.32721877722e-09
5.02029065602e-09	5.39950140155e-09
5.0215308464e-09	5.29507293567e-09
5.02277103678e-09	4.99303842716e-09
5.02401122716e-09	4.48366044292e-09
5.02525141754e-09	3.77408665431e-09
5.02649160792e-09	2.88926277348e-09
5.0277317983e-09	1.86857998519e-09
5.02897198868e-09	7.59043120024e-10
5.03021217906e-09	-3.91269197597e-10
5.03145236944e-09	-1.53698355432e-09
5.03269255982e-09	-2.63609140072e-09
5.0339327502e-09	-3.64782393181e-09
5.03517294058e-09	-4.53010862156e-09
5.03641313096e-09	-5.23928805896e-09
5.03765332134e-09	-5.73296649042e-09
5.03889351171e-09	-5.9759832638e-09
5.04013370209e-09	-5.94744969939e-09
5.04137389247e-09	-5.64674174086e-09
5.04261408285e-09	-5.09585140751e-09
5.04385427323e-09	-4.33637320496e-09
5.04509446361e-09	-3.42252148844e-09
5.04633465399e-09	-2.41122896649e-09
5.04757484437e-09	-1.35367138332e-09
5.04881503475e-09	-2.90593629021e-10
5.05005522513e-09	7.47648207233e-10
5.05129541551e-09	1.7370097305e-09
5.05253560589e-09	2.65443378389e-09
5.05377579627e-09	3.47378076304e-09
5.05501598665e-09	4.16572859541e-09
5.05625617703e-09	4.70195848923e-09
5.05749636741e-09	5.06184572036e-09
5.05873655779e-09	5.23759480231e-09
5.05997674817e-09	5.2355796365e-09
5.06121693854e-09	5.0721141176e-09
5.06245712892e-09	4.76578110309e-09
5.0636973193e-09	4.32952457219e-09
5.06493750968e-09	3.76643127797e-09
5.06617770006e-09	3.0719020383e-09
5.06741789044e-09	2.2408387923e-09
5.06865808082e-09	1.27803911898e-09
5.0698982712e-09	2.06622725873e-10
5.07113846158e-09	-9.29655949444e-10
5.07237865196e-09	-2.07098299621e-09
5.07361884234e-09	-3.15094711434e-09
5.07485903272e-09	-4.10741463064e-09
5.0760992231e-09	-4.89095164369e-09
5.07733941348e-09	-5.46821660175e-09
5.07857960386e-09	-5.82026926654e-09
5.07981979424e-09	-5.93783971992e-09
5.08105998462e-09	-5.81684184153e-09
5.082300175e-09	-5.45696671184e-09
5.08354036537e-09	-4.86458523463e-09
5.08478055575e-09	-4.05792999203e-09
5.08602074613e-09	-3.07138769973e-09
5.08726093651e-09	-1.95680874282e-09
5.08850112689e-09	-7.79439575382e-10
5.08974131727e-09	3.9108461955e-10
5.09098150765e-09	1.49130824356e-09
5.09222169803e-09	2.47361300887e-09
5.09346188841e-09	3.3108118469e-09
5.09470207879e-09	3.99415073238e-09
5.09594226917e-09	4.52595022571e-09
5.09718245955e-09	4.91000884395e-09
5.09842264993e-09	5.14505166249e-09
5.09966284031e-09	5.22266768721e-09
5.10090303069e-09	5.13113218581e-09
5.10214322107e-09	4.86291223956e-09
5.10338341145e-09	4.421228883e-09
5.10462360183e-09	3.8230564825e-09
5.10586379221e-09	3.09679615285e-09
5.10710398258e-09	2.27544866283e-09
5.10834417296e-09	1.38875431988e-09
5.10958436334e-09	4.58126550584e-10
5.11082455372e-09	-5.02956919168e-10
5.1120647441e-09	-1.48280925039e-09
5.11330493448e-09	-2.46322504061e-09
5.11454512486e-09	-3.41219225097e-09
5.11578531524e-09	-4.28197732827e-09
5.11702550562e-09	-5.01429997524e-09
5.118265696e-09	-5.55044959993e-09
5.11950588638e-09	-5.84351306232e-09
5.12074607676e-09	-5.86788179158e-09
5.12198626714e-09	-5.62290297657e-09
5.12322645752e-09	-5.12961051413e-09
5.1244666479e-09	-4.42271835821e-09
5.12570683828e-09	-3.54229950927e-09
5.12694702866e-09	-2.52837389914e-09
5.12818721904e-09	-1.41972338052e-09
5.12942740941e-09	-2.57025494638e-10
5.13066759979e-09	9.13141631753e-10
5.13190779017e-09	2.03701833179e-09
5.13314798055e-09	3.0567785525e-09
5.13438817093e-09	3.91839555247e-09
5.13562836131e-09	4.58136806269e-09
5.13686855169e-09	5.02590424833e-09
5.13810874207e-09	5.25425525311e-09
5.13934893245e-09	5.28597776661e-09
5.14058912283e-09	5.14864112455e-09
5.14182931321e-09	4.86776613462e-09
5.14306950359e-09	4.45983161512e-09
5.14430969397e-09	3.93140886512e-09
5.14554988435e-09	3.28394900162e-09
5.14679007473e-09	2.52149526259e-09
5.14803026511e-09	1.65842731215e-09
5.14927045549e-09	7.21990321695e-10
5.15051064587e-09	-2.50475813701e-10
5.15175083624e-09	-1.21791812746e-09
5.15299102662e-09	-2.14271145271e-09
5.154231217e-09	-2.99552024852e-09
5.15547140738e-09	-3.75573999678e-09
5.15671159776e-09	-4.4074288108e-09
5.15795178814e-09	-4.93337259933e-09
5.15919197852e-09	-5.31037136486e-09
5.1604321689e-09	-5.50852530257e-09
5.16167235928e-09	-5.49572115593e-09
5.16291254966e-09	-5.24627818965e-09
5.16415274004e-09	-4.7499799094e-09
5.16539293042e-09	-4.01847788378e-09
5.1666331208e-09	-3.08649047986e-09
5.16787331118e-09	-2.00722921617e-09
5.16911350156e-09	-8.43914035875e-10
5.17035369194e-09	3.39771676072e-10
5.17159388232e-09	1.48682703649e-09
5.1728340727e-09	2.55011550765e-09
5.17407426307e-09	3.49149681389e-09
5.17531445345e-09	4.27885243903e-09
5.17655464383e-09	4.8838097455e-09
5.17779483421e-09	5.28211502315e-09
5.17903502459e-09	5.45707729005e-09
5.18027521497e-09	5.40415073802e-09
5.18151540535e-09	5.13441128502e-09
5.18275559573e-09	4.67477723198e-09
5.18399578611e-09	4.06339861758e-09
5.18523597649e-09	3.34208322128e-09
5.18647616687e-09	2.5484648003e-09
5.18771635725e-09	1.71038402885e-09
5.18895654763e-09	8.45224473744e-10
5.19019673801e-09	-3.62705247781e-11
5.19143692839e-09	-9.23184681478e-10
5.19267711877e-09	-1.79866591066e-09
5.19391730915e-09	-2.63702343295e-09
5.19515749953e-09	-3.4046626074e-09
5.19639768991e-09	-4.06544425902e-09
5.19763788028e-09	-4.58720594843e-09
5.19887807066e-09	-4.94680313379e-09
5.20011826104e-09	-5.13190251406e-09
5.20135845142e-09	-5.13902193022e-09
5.2025986418e-09	-4.96919788651e-09
5.20383883218e-09	-4.62423205283e-09
5.20507902256e-09	-4.10531814099e-09
5.20631921294e-09	-3.41515304925e-09
5.20755940332e-09	-2.56234841678e-09
5.2087995937e-09	-1.5672387832e-09
5.21003978408e-09	-4.66353726469e-10
5.21127997446e-09	6.87777376718e-10
5.21252016484e-09	1.83114762242e-09
5.21376035522e-09	2.89651930219e-09
5.2150005456e-09	3.82281994948e-09
5.21624073598e-09	4.56247395419e-09
5.21748092636e-09	5.08501885044e-09
5.21872111674e-09	5.37680150403e-09
5.21996130711e-09	5.43799505426e-09
5.22120149749e-09	5.27864291167e-09
5.22244168787e-09	4.91515028678e-09
5.22368187825e-09	4.36903546674e-09
5.22492206863e-09	3.66735086743e-09
5.22616225901e-09	2.84313705912e-09
5.22740244939e-09	1.93507854185e-09
5.22864263977e-09	9.8543927185e-10
5.22988283015e-09	3.61443886973e-11
5.23112302053e-09	-8.75789912813e-10
5.23236321091e-09	-1.72179293045e-09
5.23360340129e-09	-2.48332471253e-09
5.23484359167e-09	-3.15059772715e-09
5.23608378205e-09	-3.71866759608e-09
5.23732397243e-09	-4.18230428068e-09
5.23856416281e-09	-4.53198062411e-09
5.23980435319e-09	-4.75281730639e-09
5.24104454357e-09	-4.82621809184e-09
5.24228473394e-09	-4.73487699049e-09
5.24352492432e-09	-4.46874659499e-09
5.2447651147e-09	-4.02909056119e-09
5.24600530508e-09	-3.42936462561e-09
5.24724549546e-09	-2.69277306009e-09
5.24848568584e-09	-1.84762022348e-09
5.24972587622e-09	-9.22566953387e-10
5.2509660666e-09	5.52176594379e-11
5.25220625698e-09	1.05834320474e-09
5.25344644736e-09	2.05554218091e-09
5.25468663774e-09	3.00811803244e-09
5.25592682812e-09	3.86871651381e-09
5.2571670185e-09	4.58451876462e-09
5.25840720888e-09	5.10435699264e-09
5.25964739926e-09	5.38768751834e-09
5.26088758964e-09	5.41249067787e-09
5.26212778002e-09	5.17968745672e-09
5.2633679704e-09	4.71218986053e-09
5.26460816077e-09	4.04901756568e-09
5.26584835115e-09	3.23751611631e-09
5.26708854153e-09	2.32602012651e-09
5.26832873191e-09	1.35916251864e-09
5.26956892229e-09	3.76309275407e-10
5.27080911267e-09	-5.87608517399e-10
5.27204930305e-09	-1.50019031919e-09
5.27328949343e-09	-2.33062530386e-09
5.27452968381e-09	-3.05046310434e-09
5.27576987419e-09	-3.63602287168e-09
5.27701006457e-09	-4.07213046616e-09
5.27825025495e-09	-4.3541091288e-09
5.27949044533e-09	-4.48698284083e-09
5.28073063571e-09	-4.48246101348e-09
5.28197082609e-09	-4.35359942541e-09
5.28321101647e-09	-4.11013600932e-09
5.28445120685e-09	-3.75536107766e-09
5.28569139723e-09	-3.28692684182e-09
5.28693158761e-09	-2.7015043258e-09
5.28817177798e-09	-2.00054928179e-09
5.28941196836e-09	-1.19640139462e-09
5.29065215874e-09	-3.14672524149e-10
5.29189234912e-09	6.07992774182e-10
5.2931325395e-09	1.52912842111e-09
5.29437272988e-09	2.40689496112e-09
5.29561292026e-09	3.20520929242e-09
5.29685311064e-09	3.89528997946e-09
5.29809330102e-09	4.45340841981e-09
5.2993334914e-09	4.85674850337e-09
5.30057368178e-09	5.08089464946e-09
5.30181387216e-09	5.10071052062e-09
5.30305406254e-09	4.89516593927e-09
5.30429425292e-09	4.45550146777e-09
5.3055344433e-09	3.79237313775e-09
5.30677463368e-09	2.93898089199e-09
5.30801482406e-09	1.94880911408e-09
5.30925501444e-09	8.88045637026e-10
5.31049520481e-09	-1.75379722897e-10
5.31173539519e-09	-1.18232758306e-09
5.31297558557e-09	-2.08874359475e-09
5.31421577595e-09	-2.86677137584e-09
5.31545596633e-09	-3.50148549044e-09
5.31669615671e-09	-3.98523636314e-09
5.31793634709e-09	-4.31278979196e-09
5.31917653747e-09	-4.47964537686e-09
5.32041672785e-09	-4.4837902835e-09
5.32165691823e-09	-4.32888452861e-09
5.32289710861e-09	-4.02714295245e-09
5.32413729899e-09	-3.59996438215e-09
5.32537748937e-09	-3.07444669723e-09
5.32661767975e-09	-2.47763992656e-09
5.32785787013e-09	-1.8307239058e-09
5.32909806051e-09	-1.14577487775e-09
5.33033825089e-09	-4.2733053901e-10
5.33157844127e-09	3.2226994684e-10
5.33281863164e-09	1.09545450488e-09
5.33405882202e-09	1.87417006914e-09
5.3352990124e-09	2.62830024411e-09
5.33653920278e-09	3.31842059387e-09
5.33777939316e-09	3.90257925975e-09
5.33901958354e-09	4.3438205255e-09
5.34025977392e-09	4.61572391419e-09
5.3414999643e-09	4.70436678501e-09
5.34274015468e-09	4.60645110945e-09
5.34398034506e-09	4.32542013318e-09
5.34522053544e-09	3.8679344172e-09
5.34646072582e-09	3.24296600684e-09
5.3477009162e-09	2.46420972516e-09
5.34894110658e-09	1.55404936142e-09
5.35018129696e-09	5.47847545107e-10
5.35142148734e-09	-5.04252563316e-10
5.35266167772e-09	-1.5403554543e-09
5.3539018681e-09	-2.49464571223e-09
5.35514205847e-09	-3.30750599131e-09
5.35638224885e-09	-3.93491850215e-09
5.35762243923e-09	-4.35421920741e-09
5.35886262961e-09	-4.56412285743e-09
5.36010281999e-09	-4.57956439437e-09
5.36134301037e-09	-4.42373809806e-09
5.36258320075e-09	-4.12078227097e-09
5.36382339113e-09	-3.69139852019e-09
5.36506358151e-09	-3.15290163422e-09
5.36630377189e-09	-2.52276127766e-09
5.36754396227e-09	-1.82237186452e-09
5.36878415265e-09	-1.07828945772e-09
5.37002434303e-09	-3.20638876561e-10
5.37126453341e-09	4.21369619752e-10
5.37250472379e-09	1.1248249554e-09
5.37374491417e-09	1.77594827733e-09
5.37498510455e-09	2.36931579911e-09
5.37622529493e-09	2.90309770667e-09
5.37746548531e-09	3.37287853203e-09
5.37870567568e-09	3.76618825015e-09
5.37994586606e-09	4.06088362936e-09
5.38118605644e-09	4.22895723995e-09
5.38242624682e-09	4.24290430567e-09
5.3836664372e-09	4.08323141965e-09
5.38490662758e-09	3.74394787395e-09
5.38614681796e-09	3.23427798432e-09
5.38738700834e-09	2.5763183531e-09
5.38862719872e-09	1.80036738295e-09
5.3898673891e-09	9.40240343916e-10
5.39110757948e-09	2.9922506313e-11
5.39234776986e-09	-8.97083241025e-10
5.39358796024e-09	-1.80592368837e-09
5.39482815062e-09	-2.65828475898e-09
5.396068341e-09	-3.41188038933e-09
5.39730853138e-09	-4.02262473331e-09
5.39854872176e-09	-4.44987013903e-09
5.39978891214e-09	-4.66322547243e-09
5.40102910251e-09	-4.64901916963e-09
5.40226929289e-09	-4.41359848669e-09
5.40350948327e-09	-3.98265032064e-09
5.40474967365e-09	-3.39612643563e-09
5.40598986403e-09	-2.69993954971e-09
5.40723005441e-09	-1.93799132298e-09
5.40847024479e-09	-1.14681762697e-09
5.40971043517e-09	-3.54222054466e-10
5.41095062555e-09	4.18709393546e-10
5.41219081593e-09	1.15386154798e-09
5.41343100631e-09	1.83257567454e-09
5.41467119669e-09	2.43495718033e-09
5.41591138707e-09	2.94187055272e-09
5.41715157745e-09	3.33814825781e-09
5.41839176783e-09	3.61595570153e-09
5.41963195821e-09	3.77544739916e-09
5.42087214859e-09	3.82235570973e-09
5.42211233897e-09	3.76363806787e-09
5.42335252934e-09	3.60305651981e-09
5.42459271972e-09	3.33903882321e-09
5.4258329101e-09	2.96527319366e-09
5.42707310048e-09	2.47510656415e-09
5.42831329086e-09	1.86765730659e-09
5.42955348124e-09	1.15313503191e-09
5.43079367162e-09	3.5549890462e-10
5.432033862e-09	-4.8899199967e-10
5.43327405238e-09	-1.33665635504e-09
5.43451424276e-09	-2.14274484267e-09
5.43575443314e-09	-2.8670551766e-09
5.43699462352e-09	-3.47726630823e-09
5.4382348139e-09	-3.94935911752e-09
5.43947500428e-09	-4.26549628951e-09
5.44071519466e-09	-4.41131275952e-09
5.44195538504e-09	-4.37488101301e-09
5.44319557542e-09	-4.14820655603e-09
5.4444357658e-09	-3.73138203669e-09
5.44567595617e-09	-3.13710865618e-09
5.44691614655e-09	-2.39371653055e-09
5.44815633693e-09	-1.54446211376e-09
5.44939652731e-09	-6.42452251121e-10
5.45063671769e-09	2.56770167628e-10
5.45187690807e-09	1.103571734e-09
5.45311709845e-09	1.86028054072e-09
5.45435728883e-09	2.5034380402e-09
5.45559747921e-09	3.02198338575e-09
5.45683766959e-09	3.41261474635e-09
5.45807785997e-09	3.67514130239e-09
5.45931805035e-09	3.80938280919e-09
5.46055824073e-09	3.81459525078e-09
5.46179843111e-09	3.69176511583e-09
5.46303862149e-09	3.44636524874e-09
5.46427881187e-09	3.09006026322e-09
5.46551900225e-09	2.64065858069e-09
5.46675919263e-09	2.11917988713e-09
5.46799938301e-09	1.54587055656e-09
5.46923957338e-09	9.36341004731e-10
5.47047976376e-09	3.00299202172e-10
5.47171995414e-09	-3.56427033721e-10
5.47296014452e-09	-1.02744990294e-09
5.4742003349e-09	-1.70015324041e-09
5.47544052528e-09	-2.35213706845e-09
5.47668071566e-09	-2.9511303401e-09
5.47792090604e-09	-3.4588220621e-09
5.47916109642e-09	-3.83759496403e-09
5.4804012868e-09	-4.05797717651e-09
5.48164147718e-09	-4.10364037196e-09
5.48288166756e-09	-3.97246985306e-09
5.48412185794e-09	-3.67375063703e-09
5.48536204832e-09	-3.22329199443e-09
5.4866022387e-09	-2.63923538579e-09
5.48784242908e-09	-1.94039151413e-09
5.48908261946e-09	-1.14774784121e-09
5.49032280984e-09	-2.881246422e-10
5.49156300021e-09	6.02386002191e-10
5.49280319059e-09	1.47787117266e-09
5.49404338097e-09	2.28629454258e-09
5.49528357135e-09	2.97694910389e-09
5.49652376173e-09	3.5090120809e-09
5.49776395211e-09	3.85828491378e-09
5.49900414249e-09	4.01950500661e-09
5.50024433287e-09	4.00374794429e-09
5.50148452325e-09	3.83258369485e-09
5.50272471363e-09	3.53089557592e-09
5.50396490401e-09	3.12141265613e-09
5.50520509439e-09	2.62276514396e-09
5.50644528477e-09	2.05106120976e-09
5.50768547515e-09	1.42329162345e-09
5.50892566553e-09	7.60162509328e-10
5.51016585591e-09	8.64871308251e-11
5.51140604629e-09	-5.71383648729e-10
5.51264623667e-09	-1.1898182023e-09
5.51388642704e-09	-1.7517484685e-09
5.51512661742e-09	-2.24846807839e-09
5.5163668078e-09	-2.67808100696e-09
5.51760699818e-09	-3.04075520319e-09
5.51884718856e-09	-3.33324295942e-09
5.52008737894e-09	-3.54472745601e-09
5.52132756932e-09	-3.65641289468e-09
5.5225677597e-09	-3.64503061068e-09
5.52380795008e-09	-3.48962797547e-09
5.52504814046e-09	-3.17880066714e-09
5.52628833084e-09	-2.7152342319e-09
5.52752852122e-09	-2.11656173144e-09
5.5287687116e-09	-1.41204935244e-09
5.53000890198e-09	-6.36957243894e-10
5.53124909236e-09	1.73137570253e-10
5.53248928274e-09	9.85593370806e-10
5.53372947312e-09	1.77051795447e-09
5.5349696635e-09	2.49851642153e-09
5.53620985387e-09	3.13801393204e-09
5.53745004425e-09	3.65430802285e-09
5.53869023463e-09	4.01244576453e-09
5.53993042501e-09	4.18302548155e-09
5.54117061539e-09	4.14899870016e-09
5.54241080577e-09	3.91102600306e-09
5.54365099615e-09	3.48904255487e-09
5.54489118653e-09	2.91924398543e-09
5.54613137691e-09	2.24668098014e-09
5.54737156729e-09	1.51700713102e-09
5.54861175767e-09	7.69796754119e-10
5.54985194805e-09	3.50592827339e-11
5.55109213843e-09	-6.65798111088e-10
5.55233232881e-09	-1.31649059709e-09
5.55357251919e-09	-1.90210958095e-09
5.55481270957e-09	-2.4072572824e-09
5.55605289995e-09	-2.81670636815e-09
5.55729309033e-09	-3.11845219092e-09
5.55853328071e-09	-3.30754856837e-09
5.55977347108e-09	-3.38761829699e-09
5.56101366146e-09	-3.36877309381e-09
5.56225385184e-09	-3.26308433052e-09
5.56349404222e-09	-3.07914233e-09
5.5647342326e-09	-2.81836148863e-09
5.56597442298e-09	-2.4750436145e-09
5.56721461336e-09	-2.04024977468e-09
5.56845480374e-09	-1.50813585231e-09
5.56969499412e-09	-8.81997613833e-10
5.5709351845e-09	-1.78354882946e-10
5.57217537488e-09	5.73289929418e-10
5.57341556526e-09	1.33453466333e-09
5.57465575564e-09	2.06386846502e-09
5.57589594602e-09	2.72220301856e-09
5.5771361364e-09	3.27648347342e-09
5.57837632678e-09	3.70084424217e-09
5.57961651716e-09	3.97554034137e-09
5.58085670754e-09	4.08544681418e-09
5.58209689791e-09	4.019636346e-09
5.58333708829e-09	3.77246217598e-09
5.58457727867e-09	3.34634653321e-09
5.58581746905e-09	2.75549097428e-09
5.58705765943e-09	2.02816016759e-09
5.58829784981e-09	1.20597186404e-09
5.58953804019e-09	3.40091958068e-10
5.59077823057e-09	-5.15144205071e-10
5.59201842095e-09	-1.30992497405e-09
5.59325861133e-09	-2.00547803364e-09
5.59449880171e-09	-2.57702709172e-09
5.59573899209e-09	-3.01347005682e-09
5.59697918247e-09	-3.31425947797e-09
5.59821937285e-09	-3.48471507206e-09
5.59945956323e-09	-3.53201423664e-09
5.60069975361e-09	-3.46363177028e-09
5.60193994399e-09	-3.2876749656e-09
5.60318013437e-09	-3.01412819703e-09
5.60442032474e-09	-2.65620780926e-09
5.60566051512e-09	-2.23015833578e-09
5.6069007055e-09	-1.75292105831e-09
5.60814089588e-09	-1.23889526416e-09
5.60938108626e-09	-6.97666591165e-10
5.61062127664e-09	-1.33472524699e-10
5.61186146702e-09	4.52376261451e-10
5.6131016574e-09	1.05661047967e-09
5.61434184778e-09	1.66887154096e-09
5.61558203816e-09	2.26895377486e-09
5.61682222854e-09	2.82686712927e-09
5.61806241892e-09	3.3061006155e-09
5.6193026093e-09	3.66953861741e-09
5.62054279968e-09	3.88557286346e-09
5.62178299006e-09	3.93279647737e-09
5.62302318044e-09	3.80209469464e-09
5.62426337082e-09	3.49643636266e-09
5.6255035612e-09	3.02849925693e-09
5.62674375157e-09	2.41811276558e-09
5.62798394195e-09	1.69099098613e-09
5.62922413233e-09	8.78264877491e-10
5.63046432271e-09	1.65245889888e-11
5.63170451309e-09	-8.52352272096e-10
5.63294470347e-09	-1.6823821225e-09
5.63418489385e-09	-2.42673178774e-09
5.63542508423e-09	-3.04269431872e-09
5.63666527461e-09	-3.49701556601e-09
5.63790546499e-09	-3.77053266387e-09
5.63914565537e-09	-3.86041593137e-09
5.64038584575e-09	-3.7788306928e-09
5.64162603613e-09	-3.54908180622e-09
5.64286622651e-09	-3.20020338007e-09
5.64410641689e-09	-2.76153727663e-09
5.64534660727e-09	-2.25876919946e-09
5.64658679765e-09	-1.71228362045e-09
5.64782698803e-09	-1.13818797443e-09
5.64906717841e-09	-5.49934077443e-10
5.65030736878e-09	3.98802145821e-11
5.65154755916e-09	6.18364470739e-10
5.65278774954e-09	1.17288830037e-09
5.65402793992e-09	1.69216365919e-09
5.6552681303e-09	2.16705012268e-09
5.65650832068e-09	2.59036117556e-09
5.65774851106e-09	2.95528554406e-09
5.65898870144e-09	3.25282190072e-09
5.66022889182e-09	3.46909578841e-09
5.6614690822e-09	3.58468738026e-09
5.66270927258e-09	3.57693086261e-09
5.66394946296e-09	3.42421718758e-09
5.66518965334e-09	3.1122148747e-09
5.66642984372e-09	2.63930202693e-09
5.6676700341e-09	2.01947564227e-09
5.66891022448e-09	1.28171449842e-09
5.67015041486e-09	4.65968888474e-10
5.67139060524e-09	-3.82420792949e-10
5.67263079561e-09	-1.21865467717e-09
5.67387098599e-09	-2.00209473999e-09
5.67511117637e-09	-2.69731653679e-09
5.67635136675e-09	-3.27373386733e-09
5.67759155713e-09	-3.70469965816e-09
5.67883174751e-09	-3.96794752611e-09
5.68007193789e-09	-4.04788969011e-09
5.68131212827e-09	-3.93911886443e-09
5.68255231865e-09	-3.64945096365e-09
5.68379250903e-09	-3.20078985538e-09
5.68503269941e-09	-2.62755306402e-09
5.68627288979e-09	-1.97193689155e-09
5.68751308017e-09	-1.27710009235e-09
5.68875327055e-09	-5.8099097755e-10
5.68999346093e-09	8.7956270739e-11
5.69123365131e-09	7.11859036995e-10
5.69247384169e-09	1.28157148782e-09
5.69371403207e-09	1.79288611735e-09
5.69495422244e-09	2.24245086389e-09
5.69619441282e-09	2.62522570349e-09
5.6974346032e-09	2.93360671866e-09
5.69867479358e-09	3.1586024074e-09
5.69991498396e-09	3.29230570584e-09
5.70115517434e-09	3.3297138935e-09
5.70239536472e-09	3.26900154168e-09
5.7036355551e-09	3.1102204423e-09
5.70487574548e-09	2.85311901882e-09
5.70611593586e-09	2.4959167233e-09
5.70735612624e-09	2.03582001257e-09
5.70859631662e-09	1.47224497871e-09
5.709836507e-09	8.11584924265e-10
5.71107669738e-09	7.15990886371e-11
5.71231688776e-09	-7.16222525732e-10
5.71355707814e-09	-1.5086257521e-09
5.71479726852e-09	-2.25606389126e-09
5.7160374589e-09	-2.91031168609e-09
5.71727764927e-09	-3.43151251858e-09
5.71851783965e-09	-3.79272191431e-09
5.71975803003e-09	-3.98078048303e-09
5.72099822041e-09	-3.99372307447e-09
5.72223841079e-09	-3.8370223665e-09
5.72347860117e-09	-3.52040352425e-09
5.72471879155e-09	-3.05706815418e-09
5.72595898193e-09	-2.46525830305e-09
5.72719917231e-09	-1.77071640683e-09
5.72843936269e-09	-1.00804119219e-09
5.72967955307e-09	-2.19193420359e-10
5.73091974345e-09	5.50932854892e-10
5.73215993383e-09	1.26076796225e-09
5.73340012421e-09	1.87831525333e-09
5.73464031459e-09	2.38485825532e-09
5.73588050497e-09	2.77516290503e-09
5.73712069535e-09	3.05416095192e-09
5.73836088573e-09	3.23119506151e-09
5.73960107611e-09	3.31458899216e-09
5.74084126648e-09	3.3082864781e-09
5.74208145686e-09	3.21159901451e-09
5.74332164724e-09	3.02177888267e-09
5.74456183762e-09	2.73772074455e-09
5.745802028e-09	2.36296596179e-09
5.74704221838e-09	1.90667676092e-09
5.74828240876e-09	1.38227469748e-09
5.74952259914e-09	8.04860109116e-10
5.75076278952e-09	1.88793414929e-10
5.7520029799e-09	-4.52988452304e-10
5.75324317028e-09	-1.10697707945e-09
5.75448336066e-09	-1.7558169918e-09
5.75572355104e-09	-2.3751201006e-09
5.75696374142e-09	-2.93256410822e-09
5.7582039318e-09	-3.39070987954e-09
5.75944412218e-09	-3.7127543262e-09
5.76068431256e-09	-3.86935294916e-09
5.76192450294e-09	-3.84453707758e-09
5.76316469331e-09	-3.63853691621e-09
5.76440488369e-09	-3.2665387617e-09
5.76564507407e-09	-2.75430098173e-09
5.76688526445e-09	-2.13244752412e-09
5.76812545483e-09	-1.43222292359e-09
5.76936564521e-09	-6.83198927987e-10
5.77060583559e-09	8.63701003079e-11
5.77184602597e-09	8.47402453763e-10
5.77308621635e-09	1.56874795099e-09
5.77432640673e-09	2.21735055317e-09
5.77556659711e-09	2.76090850182e-09
5.77680678749e-09	3.17256201865e-09
5.77804697787e-09	3.43553330229e-09
5.77928716825e-09	3.54627616161e-09
5.78052735863e-09	3.51407070109e-09
5.78176754901e-09	3.35737215806e-09
5.78300773939e-09	3.09864364723e-09
5.78424792977e-09	2.75846043229e-09
5.78548812014e-09	2.35190089626e-09
5.78672831052e-09	1.88813456536e-09
5.7879685009e-09	1.37279812518e-09
5.78920869128e-09	8.12266018335e-10
5.79044888166e-09	2.1730169053e-10
5.79168907204e-09	-3.95393977976e-10
5.79292926242e-09	-1.00457765717e-09
5.7941694528e-09	-1.5877032189e-09
5.79540964318e-09	-2.12398845734e-09
5.79664983356e-09	-2.59622248699e-09
5.79789002394e-09	-2.99059732534e-09
5.79913021432e-09	-3.29431459889e-09
5.8003704047e-09	-3.49328832527e-09
5.80161059508e-09	-3.57154050779e-09
5.80285078546e-09	-3.51283957478e-09
5.80409097584e-09	-3.304766516e-09
5.80533116622e-09	-2.9437043636e-09
5.8065713566e-09	-2.43882336548e-09
5.80781154698e-09	-1.81279785627e-09
5.80905173735e-09	-1.09952318084e-09
5.81029192773e-09	-3.39288618034e-10
5.81153211811e-09	4.27122823221e-10
5.81277230849e-09	1.16327147914e-09
5.81401249887e-09	1.83946732846e-09
5.81525268925e-09	2.43251652154e-09
5.81649287963e-09	2.92407431601e-09
5.81773307001e-09	3.29827376522e-09
5.81897326039e-09	3.54056661767e-09
5.82021345077e-09	3.63901947464e-09
5.82145364115e-09	3.58691354396e-09
5.82269383153e-09	3.3857684989e-09
5.82393402191e-09	3.04747102553e-09
5.82517421229e-09	2.59401755631e-09
5.82641440267e-09	2.05468761449e-09
5.82765459305e-09	1.46120752997e-09
5.82889478343e-09	8.42898140174e-10
5.83013497381e-09	2.2309397732e-10
5.83137516418e-09	-3.82226549023e-10
5.83261535456e-09	-9.62532026305e-10
5.83385554494e-09	-1.50929009568e-09
5.83509573532e-09	-2.01276370571e-09
5.8363359257e-09	-2.45989259517e-09
5.83757611608e-09	-2.83426171421e-09
5.83881630646e-09	-3.11837056177e-09
5.84005649684e-09	-3.29699761936e-09
5.84129668722e-09	-3.36004096768e-09
5.8425368776e-09	-3.30352911693e-09
5.84377706798e-09	-3.12902417865e-09
5.84501725836e-09	-2.84175205589e-09
5.84625744874e-09	-2.44841208419e-09
5.84749763912e-09	-1.95702523631e-09
5.8487378295e-09	-1.37805238054e-09
5.84997801988e-09	-7.26468142587e-10
5.85121821026e-09	-2.42103134415e-11
5.85245840064e-09	6.98860268267e-10
5.85369859101e-09	1.40644511315e-09
5.85493878139e-09	2.05992450875e-09
5.85617897177e-09	2.62340085766e-09
5.85741916215e-09	3.06841685394e-09
5.85865935253e-09	3.37705435838e-09
5.85989954291e-09	3.54195472951e-09
5.86113973329e-09	3.56394030954e-09
5.86237992367e-09	3.44902467697e-09
5.86362011405e-09	3.20543830368e-09
5.86486030443e-09	2.84225171177e-09
5.86610049481e-09	2.37043501494e-09
5.86734068519e-09	1.80527914839e-09
5.86858087557e-09	1.16852118259e-09
5.86982106595e-09	4.88706630719e-10
5.87106125633e-09	-2.00633459499e-10
5.87230144671e-09	-8.65076038581e-10
5.87354163709e-09	-1.47429056463e-09
5.87478182747e-09	-2.0057177863e-09
5.87602201784e-09	-2.44594738907e-09
5.87726220822e-09	-2.78962430933e-09
5.8785023986e-09	-3.03620653619e-09
5.87974258898e-09	-3.18616941164e-09
5.88098277936e-09	-3.23830651183e-09
5.88222296974e-09	-3.18926435261e-09
5.88346316012e-09	-3.03494845921e-09
5.8847033505e-09	-2.77333125909e-09
5.88594354088e-09	-2.40755337888e-09
5.88718373126e-09	-1.94745641835e-09
5.88842392164e-09	-1.40944532434e-09
5.88966411202e-09	-8.14660505721e-10
5.8909043024e-09	-1.86378714545e-10
5.89214449278e-09	4.52578155508e-10
5.89338468316e-09	1.08124099951e-09
5.89462487354e-09	1.67976368926e-09
5.89586506392e-09	2.22817828077e-09
5.8971052543e-09	2.7049670559e-09
5.89834544468e-09	3.08680542238e-09
5.89958563505e-09	3.35046496103e-09
5.90082582543e-09	3.47647544086e-09
5.90206601581e-09	3.45328105e-09
5.90330620619e-09	3.28021804163e-09
5.90454639657e-09	2.96823776669e-09
5.90578658695e-09	2.53781129445e-09
5.90702677733e-09	2.01434788294e-09
5.90826696771e-09	1.42364323108e-09
5.90950715809e-09	7.89222277808e-10
5.91074734847e-09	1.31726698993e-10
5.91198753885e-09	-5.29192724363e-10
5.91322772923e-09	-1.17218561246e-09
5.91446791961e-09	-1.77260775502e-09
5.91570810999e-09	-2.30316893335e-09
5.91694830037e-09	-2.73693981367e-09
5.91818849075e-09	-3.05183767146e-09
5.91942868113e-09	-3.23490029208e-09
5.92066887151e-09	-3.28417720796e-09
5.92190906188e-09	-3.20740020654e-09
5.92314925226e-09	-3.01851005302e-09
5.92438944264e-09	-2.73335243328e-09
5.92562963302e-09	-2.36602390458e-09
5.9268698234e-09	-1.92754379125e-09
5.92811001378e-09	-1.42700513905e-09
5.92935020416e-09	-8.74314523558e-10
5.93059039454e-09	-2.83073942758e-10
5.93183058492e-09	3.27634263469e-10
