% time-domain voltage integration by openEMS v0.37.0-rc1-2-g7b051bb @Thu Jul 16 19:56:01 2026
% start-coordinates: (0.00275746,0.00134378,0.0135123) m -> [74,53,215]
% stop-coordinates: (0.00315333,0.00134378,0.0135123) m -> [80,53,215]
% t/s	voltage
0	0
1.05888632306e-12	0
2.11777264612e-12	0
3.17665896918e-12	0
4.23554529224e-12	0
5.2944316153e-12	0
6.35331793836e-12	0
7.41220426142e-12	0
8.47109058448e-12	1.28248976276e-28
9.52997690754e-12	7.54539783487e-25
1.05888632306e-11	6.99159642474e-22
1.16477495537e-11	2.55584051294e-19
1.27066358767e-11	3.003886842e-17
1.37655221998e-11	1.29624185585e-15
1.48244085228e-11	2.29823577636e-14
1.58832948459e-11	1.49731372727e-13
1.6942181169e-11	-3.91233188424e-13
1.8001067492e-11	-1.17473466393e-11
1.90599538151e-11	-7.79168180171e-11
2.01188401381e-11	-2.76856498664e-10
2.11777264612e-11	-6.03154734491e-10
2.22366127843e-11	-8.27616031263e-10
2.32954991073e-11	-5.21676514487e-10
2.43543854304e-11	1.14648174288e-09
2.54132717534e-11	5.83907160123e-09
2.64721580765e-11	1.55686104564e-08
2.75310443996e-11	3.20660020758e-08
2.85899307226e-11	5.66669813296e-08
2.96488170457e-11	8.84380599864e-08
3.07077033687e-11	1.21544320386e-07
3.17665896918e-11	1.42733870945e-07
3.28254760149e-11	1.29379967184e-07
3.38843623379e-11	5.13888886999e-08
3.4943248661e-11	-1.23849031475e-07
3.6002134984e-11	-4.21117324123e-07
3.70610213071e-11	-8.4391148647e-07
3.81199076301e-11	-1.361000038e-06
3.91787939532e-11	-1.89655315808e-06
4.02376802763e-11	-2.3332947876e-06
4.12965665993e-11	-2.53044900944e-06
4.23554529224e-11	-2.35620298383e-06
4.34143392454e-11	-1.72642947405e-06
4.44732255685e-11	-6.41124913159e-07
4.55321118916e-11	7.98051431161e-07
4.65909982146e-11	2.39868609242e-06
4.76498845377e-11	3.91437177427e-06
4.87087708607e-11	5.10139548737e-06
4.97676571838e-11	5.77638945742e-06
5.08265435069e-11	5.85715565649e-06
5.18854298299e-11	5.37487287033e-06
5.2944316153e-11	4.45542383432e-06
5.4003202476e-11	3.28013499029e-06
5.50620887991e-11	2.03702199997e-06
5.61209751222e-11	8.82199678642e-07
5.71798614452e-11	-8.30183513045e-08
5.82387477683e-11	-8.16395640868e-07
5.92976340913e-11	-1.32224405291e-06
6.03565204144e-11	-1.63153340793e-06
6.14154067375e-11	-1.77878987984e-06
6.24742930605e-11	-1.78569179354e-06
6.35331793836e-11	-1.65419547216e-06
6.45920657066e-11	-1.37294070157e-06
6.56509520297e-11	-9.35161558857e-07
6.67098383528e-11	-3.61677546579e-07
6.77687246758e-11	2.8264402907e-07
6.88276109989e-11	8.88751394257e-07
6.98864973219e-11	1.32312371903e-06
7.0945383645e-11	1.46582668492e-06
7.20042699681e-11	1.25250983274e-06
7.30631562911e-11	7.0344466252e-07
7.41220426142e-11	-7.30591906972e-08
7.51809289372e-11	-9.06790397437e-07
7.62398152603e-11	-1.61094376949e-06
7.72987015834e-11	-2.03318221281e-06
7.83575879064e-11	-2.09391934902e-06
7.94164742295e-11	-1.80021686447e-06
8.04753605525e-11	-1.23479596681e-06
8.15342468756e-11	-5.26495128383e-07
8.25931331987e-11	1.84782361856e-07
8.36520195217e-11	7.80318167415e-07
8.47109058448e-11	1.18401095506e-06
8.57697921678e-11	1.37019642921e-06
8.68286784909e-11	1.36205207468e-06
8.7887564814e-11	1.21984698609e-06
8.8946451137e-11	1.02138530167e-06
9.00053374601e-11	8.39358115456e-07
9.10642237831e-11	7.17934405259e-07
9.21231101062e-11	6.57777977864e-07
9.31819964293e-11	6.15937345572e-07
9.42408827523e-11	5.22255575675e-07
9.52997690754e-11	3.0870374701e-07
9.63586553984e-11	-5.80022807561e-08
9.74175417215e-11	-5.52969741108e-07
9.84764280446e-11	-1.08968892221e-06
9.95353143676e-11	-1.53969338612e-06
1.00594200691e-10	-1.7717536025e-06
1.01653087014e-10	-1.69390769145e-06
1.02711973337e-10	-1.2854003586e-06
1.0377085966e-10	-6.08849241246e-07
1.04829745983e-10	2.05177599355e-07
1.05888632306e-10	9.93040274011e-07
1.06947518629e-10	1.60055647314e-06
1.08006404952e-10	1.92097816409e-06
1.09065291275e-10	1.91640582159e-06
1.10124177598e-10	1.61899006912e-06
1.11183063921e-10	1.11320437668e-06
1.12241950244e-10	5.09687811956e-07
1.13300836567e-10	-8.37109324081e-08
1.1435972289e-10	-5.82590601539e-07
1.15418609214e-10	-9.33934948932e-07
1.16477495537e-10	-1.11625186605e-06
1.1753638186e-10	-1.1314311763e-06
1.18595268183e-10	-9.96509704976e-07
1.19654154506e-10	-7.37569912701e-07
1.20713040829e-10	-3.8705413985e-07
1.21771927152e-10	1.64704787586e-08
1.22830813475e-10	4.28397253671e-07
1.23889699798e-10	8.00810440182e-07
1.24948586121e-10	1.0868752085e-06
1.26007472444e-10	1.24666729562e-06
1.27066358767e-10	1.25541593832e-06
1.2812524509e-10	1.10865896374e-06
1.29184131413e-10	8.24335636196e-07
1.30243017736e-10	4.42724008565e-07
1.31301904059e-10	2.13125650461e-08
1.32360790382e-10	-3.74715810381e-07
1.33419676706e-10	-6.85349192509e-07
1.34478563029e-10	-8.67997236753e-07
1.35537449352e-10	-9.06825746938e-07
1.36596335675e-10	-8.1654548012e-07
1.37655221998e-10	-6.37565531036e-07
1.38714108321e-10	-4.23853588671e-07
1.39772994644e-10	-2.26324890384e-07
1.40831880967e-10	-7.85124817382e-08
1.4189076729e-10	1.16652929538e-08
1.42949653613e-10	6.0611359487e-08
1.44008539936e-10	9.78446219602e-08
1.45067426259e-10	1.50998352488e-07
1.46126312582e-10	2.31876779111e-07
1.47185198905e-10	3.2932139149e-07
1.48244085228e-10	4.13030800672e-07
1.49302971551e-10	4.46267478083e-07
1.50361857874e-10	4.01930311256e-07
1.51420744198e-10	2.75703825992e-07
1.52479630521e-10	9.12722422086e-08
1.53538516844e-10	-1.06121236243e-07
1.54597403167e-10	-2.6401594333e-07
1.5565628949e-10	-3.40738711913e-07
1.56715175813e-10	-3.19596107801e-07
1.57774062136e-10	-2.13492320711e-07
1.58832948459e-10	-5.93704543306e-08
1.59891834782e-10	9.48628180453e-08
1.60950721105e-10	2.06631353805e-07
1.62009607428e-10	2.51792984685e-07
1.63068493751e-10	2.29507280736e-07
1.64127380074e-10	1.59197948157e-07
1.65186266397e-10	7.1051749817e-08
1.6624515272e-10	-5.71951708217e-09
1.67304039043e-10	-5.2493956737e-08
1.68362925366e-10	-6.50267182323e-08
1.6942181169e-10	-5.12955269372e-08
1.70480698013e-10	-2.50536209556e-08
1.71539584336e-10	2.04703368145e-09
1.72598470659e-10	2.53065888245e-08
1.73657356982e-10	4.83441260357e-08
1.74716243305e-10	8.02405710765e-08
1.75775129628e-10	1.29179576369e-07
1.76834015951e-10	1.97245512368e-07
1.77892902274e-10	2.77559651707e-07
1.78951788597e-10	3.54965610683e-07
1.8001067492e-10	4.10947869511e-07
1.81069561243e-10	4.29475566222e-07
1.82128447566e-10	4.02316388204e-07
1.83187333889e-10	3.32072675135e-07
1.84246220212e-10	2.30706001858e-07
1.85305106535e-10	1.15523849598e-07
1.86363992859e-10	4.30387109285e-09
1.87422879182e-10	-8.9578668927e-08
1.88481765505e-10	-1.5967851219e-07
1.89540651828e-10	-2.05112354656e-07
1.90599538151e-10	-2.28410478087e-07
1.91658424474e-10	-2.32350943818e-07
1.92717310797e-10	-2.17871896524e-07
1.9377619712e-10	-1.84147689097e-07
1.94835083443e-10	-1.30090579198e-07
1.95893969766e-10	-5.76420631226e-08
1.96952856089e-10	2.65036420588e-08
1.98011742412e-10	1.10779292406e-07
1.99070628735e-10	1.80668694227e-07
2.00129515058e-10	2.22293312646e-07
2.01188401381e-10	2.26583129148e-07
2.02247287704e-10	1.91880403122e-07
2.03306174027e-10	1.24511910116e-07
2.04365060351e-10	3.73860185032e-08
2.05423946674e-10	-5.33005337644e-08
2.06482832997e-10	-1.31237740675e-07
2.0754171932e-10	-1.83324166514e-07
2.08600605643e-10	-2.00965830643e-07
2.09659491966e-10	-1.80538987316e-07
2.10718378289e-10	-1.23355226478e-07
2.11777264612e-10	-3.46768035397e-08
2.12836150935e-10	7.72268267113e-08
2.13895037258e-10	2.01597117666e-07
2.14953923581e-10	3.26043480214e-07
2.16012809904e-10	4.37995552716e-07
2.17071696227e-10	5.25854392919e-07
2.1813058255e-10	5.80914690573e-07
2.19189468873e-10	5.98573763e-07
2.20248355196e-10	5.79026913528e-07
2.21307241519e-10	5.27190088917e-07
2.22366127843e-10	4.51411793279e-07
2.23425014166e-10	3.61609163946e-07
2.24483900489e-10	2.67342675997e-07
2.25542786812e-10	1.76310365418e-07
2.26601673135e-10	9.34984840661e-08
2.27660559458e-10	2.16236155648e-08
2.28719445781e-10	-3.80773967912e-08
2.29778332104e-10	-8.45188519172e-08
2.30837218427e-10	-1.15775995901e-07
2.3189610475e-10	-1.29342189403e-07
2.32954991073e-10	-1.2284839368e-07
2.34013877396e-10	-9.55572732053e-08
2.35072763719e-10	-5.02676957836e-08
2.36131650042e-10	5.88205517627e-09
2.37190536365e-10	6.16557029876e-08
2.38249422688e-10	1.03528880135e-07
2.39308309011e-10	1.18777992775e-07
2.40367195335e-10	9.88160619997e-08
2.41426081658e-10	4.2135395617e-08
2.42484967981e-10	-4.45788106429e-08
2.43543854304e-10	-1.47193581768e-07
2.44602740627e-10	-2.47221954908e-07
2.4566162695e-10	-3.25975614501e-07
2.46720513273e-10	-3.69221208274e-07
2.47779399596e-10	-3.70483366652e-07
2.48838285919e-10	-3.32402981584e-07
2.49897172242e-10	-2.65781283204e-07
2.50956058565e-10	-1.86290381343e-07
2.52014944888e-10	-1.10604178261e-07
2.53073831211e-10	-5.19684564271e-08
2.54132717534e-10	-1.76979244593e-08
2.55191603857e-10	-8.16733525255e-09
2.5625049018e-10	-1.79190966509e-08
2.57309376504e-10	-3.82071791982e-08
2.58368262827e-10	-6.00942580142e-08
2.5942714915e-10	-7.71964518975e-08
2.60486035473e-10	-8.68292922007e-08
2.61544921796e-10	-9.01193981662e-08
2.62603808119e-10	-9.03829056043e-08
2.63662694442e-10	-9.11674140625e-08
2.64721580765e-10	-9.40875648503e-08
2.65780467088e-10	-9.78789929107e-08
2.66839353411e-10	-9.8582230379e-08
2.67898239734e-10	-9.09229624924e-08
2.68957126057e-10	-7.05288263347e-08
2.7001601238e-10	-3.57910603377e-08
2.71074898703e-10	1.0812316209e-08
2.72133785026e-10	6.29765946059e-08
2.73192671349e-10	1.11675336534e-07
2.74251557672e-10	1.47518268712e-07
2.75310443996e-10	1.62925257285e-07
2.76369330319e-10	1.54225690885e-07
2.77428216642e-10	1.22579605133e-07
2.78487102965e-10	7.39554506524e-08
2.79545989288e-10	1.80788986004e-08
2.80604875611e-10	-3.37767267489e-08
2.81663761934e-10	-7.09199650117e-08
2.82722648257e-10	-8.59535749242e-08
2.8378153458e-10	-7.63220571187e-08
2.84840420903e-10	-4.50477575242e-08
2.85899307226e-10	5.41667821707e-11
2.86958193549e-10	4.83723772149e-08
2.88017079872e-10	8.93730804918e-08
2.89075966195e-10	1.15376854737e-07
2.90134852518e-10	1.23201937541e-07
2.91193738841e-10	1.14645293259e-07
2.92252625164e-10	9.49516367754e-08
2.93311511488e-10	7.0548789477e-08
2.94370397811e-10	4.6516877017e-08
2.95429284134e-10	2.4912938712e-08
2.96488170457e-10	4.62313848315e-09
2.9754705678e-10	-1.7368571914e-08
2.98605943103e-10	-4.38681602155e-08
2.99664829426e-10	-7.52383950697e-08
3.00723715749e-10	-1.08262280474e-07
3.01782602072e-10	-1.36551665975e-07
3.02841488395e-10	-1.52192708214e-07
3.03900374718e-10	-1.48571813519e-07
3.04959261041e-10	-1.22947206194e-07
3.06018147364e-10	-7.79800979345e-08
3.07077033687e-10	-2.15870734621e-08
3.0813592001e-10	3.48707476228e-08
3.09194806333e-10	7.97578825207e-08
3.10253692656e-10	1.04295063252e-07
3.1131257898e-10	1.05033286957e-07
3.12371465303e-10	8.45336463051e-08
3.13430351626e-10	5.01651091778e-08
3.14489237949e-10	1.17484041939e-08
3.15548124272e-10	-2.15760307398e-08
3.16607010595e-10	-4.35793592324e-08
3.17665896918e-10	-5.21389718067e-08
3.18724783241e-10	-4.87119473647e-08
3.19783669564e-10	-3.69535979594e-08
3.20842555887e-10	-2.07466150925e-08
3.2190144221e-10	-2.82145579122e-09
3.22960328533e-10	1.57731517847e-08
3.24019214856e-10	3.5245639296e-08
3.25078101179e-10	5.58317776456e-08
3.26136987502e-10	7.6833376994e-08
3.27195873825e-10	9.58021972863e-08
3.28254760149e-10	1.08879071981e-07
3.29313646472e-10	1.11813918124e-07
3.30372532795e-10	1.0146615459e-07
3.31431419118e-10	7.72222792378e-08
3.32490305441e-10	4.19086045866e-08
3.33549191764e-10	1.4371863144e-09
3.34608078087e-10	-3.63816068383e-08
3.3566696441e-10	-6.36828976219e-08
3.36725850733e-10	-7.48900728098e-08
3.37784737056e-10	-6.80545402254e-08
3.38843623379e-10	-4.55208089001e-08
3.39902509702e-10	-1.32084918558e-08
3.40961396025e-10	2.10497947961e-08
3.42020282348e-10	4.96829324348e-08
3.43079168671e-10	6.72452991068e-08
3.44138054994e-10	7.15823049724e-08
3.45196941317e-10	6.3915994275e-08
3.46255827641e-10	4.78735062703e-08
3.47314713964e-10	2.82553923592e-08
3.48373600287e-10	9.36875994839e-09
3.4943248661e-10	-5.8257861868e-09
3.50491372933e-10	-1.61101266771e-08
3.51550259256e-10	-2.17551744397e-08
3.52609145579e-10	-2.3836076446e-08
3.53668031902e-10	-2.3469589161e-08
3.54726918225e-10	-2.13451238906e-08
3.55785804548e-10	-1.75622449916e-08
3.56844690871e-10	-1.1758305718e-08
3.57903577194e-10	-3.58275636936e-09
3.58962463517e-10	7.04166942811e-09
3.6002134984e-10	1.95283059723e-08
3.61080236163e-10	3.27214033646e-08
3.62139122486e-10	4.50840300648e-08
3.63198008809e-10	5.4969346408e-08
3.64256895133e-10	6.10255126432e-08
3.65315781456e-10	6.24176657027e-08
3.66374667779e-10	5.88364619247e-08
3.67433554102e-10	5.04847501581e-08
3.68492440425e-10	3.78986975136e-08
3.69551326748e-10	2.18767577387e-08
3.70610213071e-10	3.64369517891e-09
3.71669099394e-10	-1.51659792502e-08
3.72727985717e-10	-3.22811550824e-08
3.7378687204e-10	-4.49532246982e-08
3.74845758363e-10	-5.04159811676e-08
3.75904644686e-10	-4.65481124756e-08
3.76963531009e-10	-3.25840381343e-08
3.78022417332e-10	-9.80077474733e-09
3.79081303655e-10	1.83970036982e-08
3.80140189978e-10	4.70006944475e-08
3.81199076301e-10	7.02437090716e-08
3.82257962625e-10	8.31071385043e-08
3.83316848948e-10	8.24391017673e-08
3.84375735271e-10	6.79256291214e-08
3.85434621594e-10	4.23525352566e-08
3.86493507917e-10	1.10392937569e-08
3.8755239424e-10	-1.9302317078e-08
3.88611280563e-10	-4.20927972478e-08
3.89670166886e-10	-5.25067944679e-08
3.90729053209e-10	-4.87096460944e-08
3.91787939532e-10	-3.2250319526e-08
3.92846825855e-10	-7.84747569704e-09
3.93905712178e-10	1.80014720907e-08
3.94964598501e-10	3.8656021939e-08
3.96023484824e-10	4.91633591615e-08
3.97082371147e-10	4.76158423801e-08
3.9814125747e-10	3.55481881709e-08
3.99200143794e-10	1.7363464222e-08
4.00259030117e-10	-1.09378911484e-09
4.0131791644e-10	-1.43378677819e-08
4.02376802763e-10	-1.89414774976e-08
4.03435689086e-10	-1.43526492913e-08
4.04494575409e-10	-2.98426630629e-09
4.05553461732e-10	1.08430548984e-08
4.06612348055e-10	2.23606111405e-08
4.07671234378e-10	2.79114504842e-08
4.08730120701e-10	2.61246642097e-08
4.09789007024e-10	1.81671683253e-08
4.10847893347e-10	7.28074694978e-09
4.1190677967e-10	-2.42413636387e-09
4.12965665993e-10	-7.37684022201e-09
4.14024552316e-10	-5.79223274899e-09
4.15083438639e-10	1.79893880348e-09
4.16142324962e-10	1.2632355606e-08
4.17201211286e-10	2.27642316109e-08
4.18260097609e-10	2.83694403524e-08
4.19318983932e-10	2.70549227466e-08
4.20377870255e-10	1.87831761256e-08
4.21436756578e-10	5.84225712252e-09
4.22495642901e-10	-7.84065856685e-09
4.23554529224e-10	-1.80040895525e-08
4.24613415547e-10	-2.14141018251e-08
4.2567230187e-10	-1.69334928302e-08
4.26731188193e-10	-5.75202008246e-09
4.27790074516e-10	8.99989105463e-09
4.28848960839e-10	2.33223278467e-08
4.29907847162e-10	3.36122765177e-08
4.30966733485e-10	3.7637855721e-08
4.32025619808e-10	3.51134261667e-08
4.33084506131e-10	2.75177614029e-08
4.34143392454e-10	1.74746656034e-08
4.35202278778e-10	7.83560882844e-09
4.36261165101e-10	8.56085445589e-10
4.37320051424e-10	-2.42914993676e-09
4.38378937747e-10	-2.26371876799e-09
4.3943782407e-10	7.32979232865e-11
4.40496710393e-10	2.8595963722e-09
4.41555596716e-10	4.55427900947e-09
4.42614483039e-10	4.29232449584e-09
4.43673369362e-10	2.14519679104e-09
4.44732255685e-10	-1.02690068254e-09
4.45791142008e-10	-3.8638409694e-09
4.46850028331e-10	-5.04061853368e-09
4.47908914654e-10	-3.63690316751e-09
4.48967800977e-10	5.34153804521e-10
4.500266873e-10	6.89417414823e-09
4.51085573623e-10	1.425865781e-08
4.52144459946e-10	2.11181385712e-08
4.5320334627e-10	2.5963198258e-08
4.54262232593e-10	2.76092988472e-08
4.55321118916e-10	2.54819756407e-08
4.56380005239e-10	1.96651597228e-08
4.57438891562e-10	1.10554733146e-08
4.58497777885e-10	1.17971873936e-09
4.59556664208e-10	-8.01230648495e-09
4.60615550531e-10	-1.45458008971e-08
4.61674436854e-10	-1.68677609658e-08
4.62733323177e-10	-1.42642314627e-08
4.637922095e-10	-7.17089315705e-09
4.64851095823e-10	2.85340692741e-09
4.65909982146e-10	1.33969353389e-08
4.66968868469e-10	2.17997970786e-08
4.68027754792e-10	2.57689147798e-08
4.69086641115e-10	2.41177049443e-08
4.70145527439e-10	1.71102482183e-08
4.71204413762e-10	6.47910336493e-09
4.72263300085e-10	-4.92578988709e-09
4.73322186408e-10	-1.3899751572e-08
4.74381072731e-10	-1.77358348008e-08
4.75439959054e-10	-1.50380835562e-08
4.76498845377e-10	-6.19311457672e-09
4.775577317e-10	6.62541274621e-09
4.78616618023e-10	2.00111128779e-08
4.79675504346e-10	3.01751339471e-08
4.80734390669e-10	3.40911527896e-08
4.81793276992e-10	3.03461866746e-08
4.82852163315e-10	1.96257088358e-08
4.83911049638e-10	4.61098076388e-09
4.84969935961e-10	-1.07907328628e-08
4.86028822284e-10	-2.247347064e-08
4.87087708607e-10	-2.72868616591e-08
4.88146594931e-10	-2.39580055794e-08
4.89205481254e-10	-1.34125600626e-08
4.90264367577e-10	1.51575794971e-09
4.913232539e-10	1.67899136816e-08
4.92382140223e-10	2.83713450511e-08
4.93441026546e-10	3.32773990586e-08
4.94499912869e-10	3.03419105396e-08
4.95558799192e-10	2.05735876113e-08
4.96617685515e-10	6.7712097318e-09
4.97676571838e-10	-7.26972865239e-09
4.98735458161e-10	-1.77787335964e-08
4.99794344484e-10	-2.20914551097e-08
5.00853230807e-10	-1.93366327395e-08
5.0191211713e-10	-1.05244897797e-08
5.02971003453e-10	1.73013975369e-09
5.04029889776e-10	1.4096189771e-08
5.05088776099e-10	2.34719623737e-08
5.06147662423e-10	2.77751424083e-08
5.07206548746e-10	2.64367725489e-08
5.08265435069e-10	2.03614634042e-08
5.09324321392e-10	1.15168820036e-08
5.10383207715e-10	2.28366741489e-09
5.11442094038e-10	-5.23047721801e-09
5.12500980361e-10	-9.72706770686e-09
5.13559866684e-10	-1.0812313711e-08
5.14618753007e-10	-9.04341151964e-09
5.1567763933e-10	-5.51308002028e-09
5.16736525653e-10	-1.41966767161e-09
5.17795411976e-10	2.24183432929e-09
5.18854298299e-10	4.97635466168e-09
5.19913184622e-10	6.76223538276e-09
5.20972070945e-10	7.91986798365e-09
5.22030957268e-10	8.84237022492e-09
5.23089843591e-10	9.75412189907e-09
5.24148729915e-10	1.0570456177e-08
5.25207616238e-10	1.09935380799e-08
5.26266502561e-10	1.06069580896e-08
5.27325388884e-10	9.14304487676e-09
5.28384275207e-10	6.69917066265e-09
5.2944316153e-10	3.68371438908e-09
5.30502047853e-10	7.71544838435e-10
5.31560934176e-10	-1.36886404989e-09
5.32619820499e-10	-2.34146603495e-09
5.33678706822e-10	-2.13926192039e-09
5.34737593145e-10	-1.14318731564e-09
5.35796479468e-10	4.59110527373e-12
5.36855365791e-10	7.44858563717e-10
5.37914252114e-10	7.73322871017e-10
5.38973138437e-10	1.70737628896e-10
5.4003202476e-10	-5.79045393231e-10
5.41090911084e-10	-8.48440062998e-10
5.42149797407e-10	-6.98895073759e-11
5.4320868373e-10	1.99852053656e-09
5.44267570053e-10	5.11870598685e-09
5.45326456376e-10	8.60585464002e-09
5.46385342699e-10	1.15271502343e-08
5.47444229022e-10	1.29019711581e-08
5.48503115345e-10	1.20860687014e-08
5.49562001668e-10	8.97767782337e-09
5.50620887991e-10	4.06584699242e-09
5.51679774314e-10	-1.58658518268e-09
5.52738660637e-10	-6.65612853723e-09
5.5379754696e-10	-9.87607784442e-09
5.54856433283e-10	-1.03943181284e-08
5.55915319606e-10	-8.01880845058e-09
5.56974205929e-10	-3.29853722114e-09
5.58033092252e-10	2.64748881151e-09
5.59091978576e-10	8.38072850007e-09
5.60150864899e-10	1.2550322448e-08
5.61209751222e-10	1.42293001826e-08
5.62268637545e-10	1.3087287476e-08
5.63327523868e-10	9.47242029259e-09
5.64386410191e-10	4.26723512081e-09
5.65445296514e-10	-1.34380552519e-09
5.66504182837e-10	-6.14918738151e-09
5.6756306916e-10	-9.15613240782e-09
5.68621955483e-10	-9.80099867931e-09
5.69680841806e-10	-7.99767824189e-09
5.70739728129e-10	-4.18643529565e-09
5.71798614452e-10	8.22489382157e-10
5.72857500775e-10	6.01459293481e-09
5.73916387098e-10	1.03436140764e-08
5.74975273421e-10	1.2992605658e-08
5.76034159744e-10	1.34793932127e-08
5.77093046068e-10	1.17502304553e-08
5.78151932391e-10	8.16577594431e-09
5.79210818714e-10	3.43639036671e-09
5.80269705037e-10	-1.55378475364e-09
5.8132859136e-10	-5.87060583479e-09
5.82387477683e-10	-8.72236899374e-09
5.83446364006e-10	-9.62517909819e-09
5.84505250329e-10	-8.44792591437e-09
5.85564136652e-10	-5.5195331361e-09
5.86623022975e-10	-1.52142820564e-09
5.87681909298e-10	2.64462982069e-09
5.88740795621e-10	6.05011105104e-09
5.89799681944e-10	7.97250182538e-09
5.90858568267e-10	8.08824740517e-09
5.9191745459e-10	6.52928489053e-09
5.92976340913e-10	3.86014395448e-09
5.94035227236e-10	9.07496949115e-10
5.9509411356e-10	-1.49838426389e-09
5.96152999883e-10	-2.72152367309e-09
5.97211886206e-10	-2.53930326766e-09
5.98270772529e-10	-1.17428580054e-09
5.99329658852e-10	7.8815122484e-10
6.00388545175e-10	2.58489288307e-09
6.01447431498e-10	3.51680803923e-09
6.02506317821e-10	3.19971305007e-09
6.03565204144e-10	1.65862977519e-09
6.04624090467e-10	-6.54977058701e-10
6.0568297679e-10	-3.01242727985e-09
6.06741863113e-10	-4.66008720501e-09
6.07800749436e-10	-5.04034325388e-09
6.08859635759e-10	-3.99611388424e-09
6.09918522082e-10	-1.81946496758e-09
6.10977408405e-10	8.34457461463e-10
6.12036294729e-10	3.15651393912e-09
6.13095181052e-10	4.4215977546e-09
6.14154067375e-10	4.25451879282e-09
6.15212953698e-10	2.72154593306e-09
6.16271840021e-10	3.28011763584e-10
6.17330726344e-10	-2.13081449707e-09
6.18389612667e-10	-3.86056192569e-09
6.1944849899e-10	-4.27848423357e-09
6.20507385313e-10	-3.24376434047e-09
6.21566271636e-10	-1.08660455633e-09
6.22625157959e-10	1.49144027684e-09
6.23684044282e-10	3.64128543984e-09
6.24742930605e-10	4.63078686508e-09
6.25801816928e-10	4.08341005453e-09
6.26860703251e-10	2.09754585923e-09
6.27919589574e-10	-7.94824074613e-10
6.28978475897e-10	-3.76673214841e-09
6.30037362221e-10	-5.98015525988e-09
6.31096248544e-10	-6.81277445569e-09
6.32155134867e-10	-6.05777350504e-09
6.3321402119e-10	-3.97489244297e-09
6.34272907513e-10	-1.20321265451e-09
6.35331793836e-10	1.44614462072e-09
6.36390680159e-10	3.22753435089e-09
6.37449566482e-10	3.69562319635e-09
6.38508452805e-10	2.83372122989e-09
6.39567339128e-10	1.02155929549e-09
6.40626225451e-10	-1.06910563735e-09
6.41685111774e-10	-2.73354897051e-09
6.42743998097e-10	-3.44125522522e-09
6.4380288442e-10	-3.01894920174e-09
6.44861770743e-10	-1.69074748646e-09
6.45920657066e-10	-1.72988359748e-12
6.46979543389e-10	1.37909589304e-09
6.48038429713e-10	1.87598614421e-09
6.49097316036e-10	1.20522253289e-09
6.50156202359e-10	-5.03098659954e-10
6.51215088682e-10	-2.76488594519e-09
6.52273975005e-10	-4.85227286129e-09
6.53332861328e-10	-6.03561656209e-09
6.54391747651e-10	-5.82380133007e-09
6.55450633974e-10	-4.13113337983e-09
6.56509520297e-10	-1.34190453194e-09
6.5756840662e-10	1.77965898962e-09
6.58627292943e-10	4.29861202189e-09
6.59686179266e-10	5.3890998053e-09
6.60745065589e-10	4.58314786123e-09
6.61803951912e-10	1.95065580355e-09
6.62862838235e-10	-1.90720114701e-09
6.63921724558e-10	-5.98918570294e-09
6.64980610881e-10	-9.16029774256e-09
6.66039497205e-10	-1.04605725193e-08
6.67098383528e-10	-9.3922262745e-09
6.68157269851e-10	-6.06442851492e-09
6.69216156174e-10	-1.2061841248e-09
6.70275042497e-10	3.9996836676e-09
6.7133392882e-10	8.21508788773e-09
6.72392815143e-10	1.0278621787e-08
6.73451701466e-10	9.5316459725e-09
6.74510587789e-10	6.00008615015e-09
6.75569474112e-10	4.35085953376e-10
6.76628360435e-10	-5.87776810557e-09
6.77687246758e-10	-1.14029471421e-08
6.78746133081e-10	-1.47630253577e-08
6.79805019404e-10	-1.50887079498e-08
6.80863905727e-10	-1.22562060501e-08
6.8192279205e-10	-6.93351198677e-09
6.82981678374e-10	-4.01939648231e-10
6.84040564697e-10	5.74156452937e-09
6.8509945102e-10	1.00192261709e-08
6.86158337343e-10	1.14186446964e-08
6.87217223666e-10	9.6629847457e-09
6.88276109989e-10	5.26207777352e-09
6.89334996312e-10	-6.20029791398e-10
6.90393882635e-10	-6.48072517873e-09
6.91452768958e-10	-1.08548962041e-08
6.92511655281e-10	-1.26862317318e-08
6.93570541604e-10	-1.16146244844e-08
6.94629427927e-10	-8.00740551643e-09
6.9568831425e-10	-2.90025647942e-09
6.96747200573e-10	2.32542790579e-09
6.97806086896e-10	6.293759236e-09
6.98864973219e-10	7.98822885617e-09
6.99923859542e-10	7.02078756243e-09
7.00982745866e-10	3.7220816429e-09
7.02041632189e-10	-9.8177558791e-10
7.03100518512e-10	-5.8133565739e-09
7.04159404835e-10	-9.47954387209e-09
7.05218291158e-10	-1.10493150185e-08
7.06277177481e-10	-1.01419717069e-08
7.07336063804e-10	-7.04016028807e-09
7.08394950127e-10	-2.57021459671e-09
7.0945383645e-10	2.11412956586e-09
7.10512722773e-10	5.84236664602e-09
7.11571609096e-10	7.71543784417e-09
7.12630495419e-10	7.32729171782e-09
7.13689381742e-10	4.83966738907e-09
7.14748268065e-10	9.16136465301e-10
7.15807154388e-10	-3.44211487091e-09
7.16866040711e-10	-7.19043014019e-09
7.17924927034e-10	-9.46258832402e-09
7.18983813358e-10	-9.80388525917e-09
7.20042699681e-10	-8.24250578901e-09
7.21101586004e-10	-5.25128726614e-09
7.22160472327e-10	-1.60612075029e-09
7.2321935865e-10	1.82586754049e-09
7.24278244973e-10	4.31108820864e-09
7.25337131296e-10	5.3920978238e-09
7.26396017619e-10	4.95809374113e-09
7.27454903942e-10	3.24569331134e-09
7.28513790265e-10	7.05152925634e-10
7.29572676588e-10	-2.08377939903e-09
7.30631562911e-10	-4.57189164305e-09
7.31690449234e-10	-6.33028734986e-09
7.32749335557e-10	-7.10371189649e-09
7.3380822188e-10	-6.83536982571e-09
7.34867108203e-10	-5.64848393059e-09
7.35925994526e-10	-3.80240652853e-09
7.3698488085e-10	-1.62530518558e-09
7.38043767173e-10	5.20455130382e-10
7.39102653496e-10	2.31980377963e-09
7.40161539819e-10	3.50158219087e-09
7.41220426142e-10	3.90070181711e-09
7.42279312465e-10	3.44652323347e-09
7.43338198788e-10	2.18416454367e-09
7.44397085111e-10	2.83050870936e-10
7.45455971434e-10	-1.97312689798e-09
7.46514857757e-10	-4.22418838797e-09
7.4757374408e-10	-6.07071212744e-09
7.48632630403e-10	-7.15591419453e-09
7.49691516726e-10	-7.25660731504e-09
7.50750403049e-10	-6.30056690154e-09
7.51809289372e-10	-4.44404832378e-09
7.52868175695e-10	-2.00786982874e-09
7.53927062019e-10	5.63725092648e-10
7.54985948342e-10	2.78384135188e-09
7.56044834665e-10	4.23467810817e-09
7.57103720988e-10	4.63756860691e-09
7.58162607311e-10	3.9062880014e-09
7.59221493634e-10	2.1727250693e-09
7.60280379957e-10	-2.25089091463e-10
7.6133926628e-10	-2.83820404678e-09
7.62398152603e-10	-5.1493352915e-09
7.63457038926e-10	-6.7087994049e-09
7.64515925249e-10	-7.21076620636e-09
7.65574811572e-10	-6.55990844978e-09
7.66633697895e-10	-4.88728343906e-09
7.67692584218e-10	-2.52826243274e-09
7.68751470541e-10	4.65682492568e-11
7.69810356864e-10	2.32483651774e-09
7.70869243187e-10	3.8432288324e-09
7.71928129511e-10	4.29936514168e-09
7.72987015834e-10	3.58109208953e-09
7.74045902157e-10	1.83165346779e-09
7.7510478848e-10	-6.05106149215e-10
7.76163674803e-10	-3.22874743608e-09
7.77222561126e-10	-5.48359757602e-09
7.78281447449e-10	-6.89818346888e-09
7.79340333772e-10	-7.15546305541e-09
7.80399220095e-10	-6.19438245142e-09
7.81458106418e-10	-4.20888668362e-09
7.82516992741e-10	-1.61718635705e-09
7.83575879064e-10	1.04226371284e-09
7.84634765387e-10	3.19903160906e-09
7.8569365171e-10	4.40157094106e-09
7.86752538033e-10	4.39540870367e-09
7.87811424356e-10	3.17779308423e-09
7.88870310679e-10	1.01798633412e-09
7.89929197003e-10	-1.62141200466e-09
7.90988083326e-10	-4.17422005294e-09
7.92046969649e-10	-6.09378825178e-09
7.93105855972e-10	-6.97420010631e-09
7.94164742295e-10	-6.65446059367e-09
7.95223628618e-10	-5.2253602556e-09
7.96282514941e-10	-3.03271785462e-09
7.97341401264e-10	-5.80824228991e-10
7.98400287587e-10	1.58623977148e-09
7.9945917391e-10	2.99590700858e-09
8.00518060233e-10	3.36976033188e-09
8.01576946556e-10	2.66221211742e-09
8.02635832879e-10	1.07801398364e-09
8.03694719202e-10	-9.93567594518e-10
8.04753605525e-10	-3.06782287074e-09
8.05812491848e-10	-4.68377453489e-09
8.06871378171e-10	-5.48972681202e-09
8.07930264495e-10	-5.34073180125e-09
8.08989150818e-10	-4.30364738291e-09
8.10048037141e-10	-2.64596766719e-09
8.11106923464e-10	-7.76719522033e-10
8.12165809787e-10	8.62045157479e-10
8.1322469611e-10	1.88309183524e-09
8.14283582433e-10	2.05436882783e-09
8.15342468756e-10	1.34514038796e-09
8.16401355079e-10	-5.97692381699e-11
8.17460241402e-10	-1.82104120672e-09
8.18519127725e-10	-3.50229444057e-09
8.19578014048e-10	-4.69607175368e-09
8.20636900371e-10	-5.11803111003e-09
8.21695786694e-10	-4.65351640555e-09
8.22754673017e-10	-3.41798100933e-09
8.2381355934e-10	-1.7055776097e-09
8.24872445664e-10	6.20784118555e-11
8.25931331987e-10	1.43558775284e-09
8.2699021831e-10	2.04308986396e-09
8.28049104633e-10	1.69818317741e-09
8.29107990956e-10	4.43365504033e-10
8.30166877279e-10	-1.42719255511e-09
8.31225763602e-10	-3.43631863242e-09
8.32284649925e-10	-5.04519950817e-09
8.33343536248e-10	-5.78775760651e-09
8.34402422571e-10	-5.41731476345e-09
8.35461308894e-10	-3.97621108261e-09
8.36520195217e-10	-1.80440026809e-09
8.3757908154e-10	5.48919184412e-10
8.38637967863e-10	2.45274815736e-09
8.39696854186e-10	3.37535546735e-09
8.40755740509e-10	3.01684172088e-09
8.41814626832e-10	1.40062300646e-09
8.42873513156e-10	-1.11508954848e-09
8.43932399479e-10	-3.92766741353e-09
8.44991285802e-10	-6.31544022633e-09
8.46050172125e-10	-7.64634372485e-09
8.47109058448e-10	-7.52427953277e-09
8.48167944771e-10	-5.91747567613e-09
8.49226831094e-10	-3.18054740878e-09
8.50285717417e-10	2.43654124654e-11
8.5134460374e-10	2.90119761548e-09
8.52403490063e-10	4.70846237e-09
8.53462376386e-10	4.97224253437e-09
8.54521262709e-10	3.6077253962e-09
8.55580149032e-10	9.32880467319e-10
8.56639035355e-10	-2.39077965758e-09
8.57697921678e-10	-5.54311962997e-09
8.58756808001e-10	-7.74324893094e-09
8.59815694324e-10	-8.44963665703e-09
8.60874580648e-10	-7.48891787472e-09
8.61933466971e-10	-5.10735947978e-09
8.62992353294e-10	-1.9029234577e-09
8.64051239617e-10	1.32172197492e-09
8.6511012594e-10	3.75790532026e-09
8.66169012263e-10	4.80584572138e-09
8.67227898586e-10	4.20936216439e-09
8.68286784909e-10	2.13749405675e-09
8.69345671232e-10	-8.76064748523e-10
8.70404557555e-10	-4.05480155008e-09
8.71463443878e-10	-6.59411980575e-09
8.72522330201e-10	-7.85384618451e-09
8.73581216524e-10	-7.52820300542e-09
8.74640102847e-10	-5.71806624272e-09
8.7569898917e-10	-2.89594667691e-09
8.76757875493e-10	2.05990436514e-10
8.77816761816e-10	2.80296391653e-09
8.7887564814e-10	4.23290930085e-09
8.79934534463e-10	4.14833065121e-09
8.80993420786e-10	2.57872440068e-09
8.82052307109e-10	-6.58126123043e-11
8.83111193432e-10	-3.10570062723e-09
8.84170079755e-10	-5.76423553333e-09
8.85228966078e-10	-7.36507943522e-09
8.86287852401e-10	-7.50275386263e-09
8.87346738724e-10	-6.13367068247e-09
8.88405625047e-10	-3.60921434406e-09
8.8946451137e-10	-5.61876906113e-10
8.90523397693e-10	2.23192785087e-09
8.91582284016e-10	4.05885294819e-09
8.92641170339e-10	4.44677153433e-09
8.93700056662e-10	3.28345620138e-09
8.94758942985e-10	8.47534806225e-10
8.95817829309e-10	-2.25256674424e-09
8.96876715632e-10	-5.23764476235e-09
8.97935601955e-10	-7.35348421044e-09
8.98994488278e-10	-8.04843780511e-09
9.00053374601e-10	-7.12956904625e-09
9.01112260924e-10	-4.80031522865e-09
9.02171147247e-10	-1.61808069721e-09
9.0323003357e-10	1.64541892611e-09
9.04288919893e-10	4.18450438189e-09
9.05347806216e-10	5.37183064697e-09
9.06406692539e-10	4.8997135238e-09
9.07465578862e-10	2.86916146397e-09
9.08524465185e-10	-2.34507257363e-10
9.09583351508e-10	-3.66741415014e-09
9.10642237831e-10	-6.59862592345e-09
9.11701124154e-10	-8.32690655317e-09
9.12760010477e-10	-8.4395549993e-09
9.13818896801e-10	-6.91760265736e-09
9.14877783124e-10	-4.1315158239e-09
9.15936669447e-10	-7.44750545956e-10
9.1699555577e-10	2.45197813442e-09
9.18054442093e-10	4.7263275238e-09
9.19113328416e-10	5.57496848685e-09
9.20172214739e-10	4.83864093237e-09
9.21231101062e-10	2.71298790377e-09
9.22289987385e-10	-2.85452817633e-10
9.23348873708e-10	-3.46925582706e-09
9.24407760031e-10	-6.11987993615e-09
9.25466646354e-10	-7.66369023797e-09
9.26525532677e-10	-7.78934028389e-09
9.27584419e-10	-6.50958981163e-09
9.28643305323e-10	-4.1385873617e-09
9.29702191646e-10	-1.21800108888e-09
9.30761077969e-10	1.6133838987e-09
9.31819964293e-10	3.76901862498e-09
9.32878850616e-10	4.81124579066e-09
9.33937736939e-10	4.56393470238e-09
9.34996623262e-10	3.11177980605e-09
9.36055509585e-10	7.85653826718e-10
9.37114395908e-10	-1.91516405512e-09
9.38173282231e-10	-4.42837469472e-09
9.39232168554e-10	-6.24439588925e-09
9.40291054877e-10	-7.00853297619e-09
9.413499412e-10	-6.58547866239e-09
9.42408827523e-10	-5.08381214903e-09
9.43467713846e-10	-2.81980520878e-09
9.44526600169e-10	-2.6671935667e-10
9.45585486492e-10	2.06517100643e-09
9.46644372815e-10	3.71412189892e-09
9.47703259138e-10	4.362190692e-09
9.48762145461e-10	3.89373558396e-09
9.49821031785e-10	2.41902306519e-09
9.50879918108e-10	2.49127763557e-10
9.51938804431e-10	-2.16837105216e-09
9.52997690754e-10	-4.33446045722e-09
9.54056577077e-10	-5.81443948544e-09
9.551154634e-10	-6.30705732085e-09
9.56174349723e-10	-5.72964106715e-09
9.57233236046e-10	-4.21998622158e-09
9.58292122369e-10	-2.10519603139e-09
9.59351008692e-10	1.64334077596e-10
9.60409895015e-10	2.11752811119e-09
9.61468781338e-10	3.36271510637e-09
9.62527667661e-10	3.6655145863e-09
9.63586553984e-10	2.99404301352e-09
9.64645440307e-10	1.52442299062e-09
9.6570432663e-10	-4.11661531252e-10
9.66763212953e-10	-2.39233514943e-09
9.67822099277e-10	-4.00782385057e-09
9.688809856e-10	-4.93933749457e-09
9.69939871923e-10	-5.02990732398e-09
9.70998758246e-10	-4.30548155461e-09
9.72057644569e-10	-2.9579538402e-09
9.73116530892e-10	-1.29556367717e-09
9.74175417215e-10	3.32047327134e-10
9.75234303538e-10	1.60353760825e-09
9.76293189861e-10	2.29943115937e-09
9.77352076184e-10	2.32062949412e-09
9.78410962507e-10	1.71310193808e-09
9.7946984883e-10	6.37535866113e-10
9.80528735153e-10	-6.68367979018e-10
9.81587621476e-10	-1.94027327538e-09
9.82646507799e-10	-2.94145192925e-09
9.83705394122e-10	-3.50389466053e-09
9.84764280446e-10	-3.55335946778e-09
9.85823166769e-10	-3.11036578438e-09
9.86882053092e-10	-2.28796911972e-09
9.87940939415e-10	-1.25372490167e-09
9.88999825738e-10	-2.12676803252e-10
9.90058712061e-10	6.46659847631e-10
9.91117598384e-10	1.17160221455e-09
9.92176484707e-10	1.27702128733e-09
9.9323537103e-10	9.59487836405e-10
9.94294257353e-10	2.9800324014e-10
9.95353143676e-10	-5.69771421884e-10
9.96412029999e-10	-1.46298057002e-09
9.97470916322e-10	-2.19825865844e-09
9.98529802645e-10	-2.63466404249e-09
9.99588688968e-10	-2.68410385584e-09
1.00064757529e-09	-2.3482976258e-09
1.00170646161e-09	-1.70521789744e-09
1.00276534794e-09	-8.96660912186e-10
1.00382423426e-09	-1.05236448028e-10
1.00488312058e-09	4.93265997926e-10
1.00594200691e-09	7.67049215811e-10
1.00700089323e-09	6.49213634241e-10
1.00805977955e-09	1.71108656757e-10
1.00911866588e-09	-5.54041538776e-10
1.0101775522e-09	-1.35664488671e-09
1.01123643852e-09	-2.03752116568e-09
1.01229532485e-09	-2.42970112085e-09
1.01335421117e-09	-2.42801190264e-09
1.01441309749e-09	-2.02003241911e-09
1.01547198381e-09	-1.29537568172e-09
1.01653087014e-09	-4.22132828692e-10
1.01758975646e-09	3.85467094008e-10
1.01864864278e-09	9.19058103926e-10
1.01970752911e-09	1.02598524815e-09
1.02076641543e-09	6.55626122836e-10
1.02182530175e-09	-1.32348357967e-10
1.02288418808e-09	-1.16304614897e-09
1.0239430744e-09	-2.18919443684e-09
1.02500196072e-09	-2.95231721015e-09
1.02606084704e-09	-3.23946464098e-09
1.02711973337e-09	-2.94438270987e-09
1.02817861969e-09	-2.10095259245e-09
1.02923750601e-09	-8.78219955092e-10
1.03029639234e-09	4.47877269993e-10
1.03135527866e-09	1.5562048386e-09
1.03241416498e-09	2.16444100143e-09
1.03347305131e-09	2.08375104671e-09
1.03453193763e-09	1.28922786335e-09
1.03559082395e-09	-7.1230566584e-11
1.03664971028e-09	-1.7074715114e-09
1.0377085966e-09	-3.23640883537e-09
1.03876748292e-09	-4.28224006255e-09
1.03982636924e-09	-4.56851834141e-09
1.04088525557e-09	-3.98642091559e-09
1.04194414189e-09	-2.63464067229e-09
1.04300302821e-09	-8.0905655786e-10
1.04406191454e-09	1.08376087271e-09
1.04512080086e-09	2.59560492544e-09
1.04617968718e-09	3.3599636684e-09
1.04723857351e-09	3.18315976355e-09
1.04829745983e-09	2.08175801597e-09
1.04935634615e-09	2.96801160038e-10
1.05041523248e-09	-1.76589380618e-09
1.0514741188e-09	-3.63127616865e-09
1.05253300512e-09	-4.86275458789e-09
1.05359189144e-09	-5.17093959318e-09
1.05465077777e-09	-4.49201836838e-09
1.05570966409e-09	-2.9875394103e-09
1.05676855041e-09	-1.02184324891e-09
1.05782743674e-09	9.38958875929e-10
1.05888632306e-09	2.44492297241e-09
1.05994520938e-09	3.16029571956e-09
1.06100409571e-09	2.95275046081e-09
1.06206298203e-09	1.91202326194e-09
1.06312186835e-09	3.20377419039e-10
1.06418075467e-09	-1.42615398657e-09
1.065239641e-09	-2.91329685376e-09
1.06629852732e-09	-3.81472933797e-09
1.06735741364e-09	-3.96033639216e-09
1.06841629997e-09	-3.37445374421e-09
1.06947518629e-09	-2.26063258391e-09
1.07053407261e-09	-9.2824679887e-10
1.07159295894e-09	2.76620198969e-10
1.07265184526e-09	1.07344143296e-09
1.07371073158e-09	1.3141543409e-09
1.07476961791e-09	1.00736929909e-09
1.07582850423e-09	3.04558871178e-10
1.07688739055e-09	-5.47044312627e-10
1.07794627687e-09	-1.29420990591e-09
1.0790051632e-09	-1.73569517092e-09
1.08006404952e-09	-1.78011667906e-09
1.08112293584e-09	-1.46963616277e-09
1.08218182217e-09	-9.44212118215e-10
1.08324070849e-09	-4.09305811466e-10
1.08429959481e-09	-6.57845392743e-11
1.08535848114e-09	-4.23980624914e-11
1.08641736746e-09	-3.63924168578e-10
1.08747625378e-09	-9.44271300041e-10
1.08853514011e-09	-1.5970256298e-09
1.08959402643e-09	-2.10473133366e-09
1.09065291275e-09	-2.27355120841e-09
1.09171179907e-09	-1.99180878735e-09
1.0927706854e-09	-1.27847299414e-09
1.09382957172e-09	-2.73410752372e-10
1.09488845804e-09	7.83638723356e-10
1.09594734437e-09	1.60990167031e-09
1.09700623069e-09	1.96351523929e-09
1.09806511701e-09	1.69937032501e-09
1.09912400334e-09	8.16576209428e-10
1.10018288966e-09	-5.22303951825e-10
1.10124177598e-09	-2.03416451738e-09
1.10230066231e-09	-3.37345973378e-09
1.10335954863e-09	-4.20706042226e-09
1.10441843495e-09	-4.30754046321e-09
1.10547732127e-09	-3.60346066874e-09
1.1065362076e-09	-2.20433961362e-09
1.10759509392e-09	-3.89437114501e-10
1.10865398024e-09	1.461238755e-09
1.10971286657e-09	2.94234309139e-09
1.11077175289e-09	3.71062161553e-09
1.11183063921e-09	3.57600649092e-09
1.11288952554e-09	2.53920412474e-09
1.11394841186e-09	7.96878361908e-10
1.11500729818e-09	-1.29056386411e-09
1.1160661845e-09	-3.28278920714e-09
1.11712507083e-09	-4.75454978166e-09
1.11818395715e-09	-5.38353217561e-09
1.11924284347e-09	-5.02879202169e-09
1.1203017298e-09	-3.75802619579e-09
1.12136061612e-09	-1.82629146528e-09
1.12241950244e-09	3.6664652911e-10
1.12347838877e-09	2.36944541765e-09
1.12453727509e-09	3.77663622597e-09
1.12559616141e-09	4.29779190014e-09
1.12665504774e-09	3.8368719868e-09
1.12771393406e-09	2.49269219155e-09
1.12877282038e-09	5.47995922945e-10
1.1298317067e-09	-1.59386112641e-09
1.13089059303e-09	-3.49542453315e-09
1.13194947935e-09	-4.77540676447e-09
1.13300836567e-09	-5.18343817868e-09
1.134067252e-09	-4.65397895222e-09
1.13512613832e-09	-3.31374627738e-09
1.13618502464e-09	-1.44622576415e-09
1.13724391097e-09	5.61383613207e-10
1.13830279729e-09	2.31002789119e-09
1.13936168361e-09	3.46084269576e-09
1.14042056994e-09	3.80173642567e-09
1.14147945626e-09	3.29283947331e-09
1.14253834258e-09	2.06212184828e-09
1.1435972289e-09	3.74767385528e-10
1.14465611523e-09	-1.41227440853e-09
1.14571500155e-09	-2.9421765857e-09
1.14677388787e-09	-3.91990317983e-09
1.1478327742e-09	-4.16506548695e-09
1.14889166052e-09	-3.66240321403e-09
1.14995054684e-09	-2.54002852085e-09
1.15100943317e-09	-1.05001837086e-09
1.15206831949e-09	4.90212856419e-10
1.15312720581e-09	1.76967770993e-09
1.15418609214e-09	2.54143898981e-09
1.15524497846e-09	2.67789211639e-09
1.15630386478e-09	2.18646044325e-09
1.1573627511e-09	1.20995546221e-09
1.15842163743e-09	-2.08927996431e-11
1.15948052375e-09	-1.22820571768e-09
1.16053941007e-09	-2.15836773454e-09
1.1615982964e-09	-2.6361153399e-09
1.16265718272e-09	-2.59325197427e-09
1.16371606904e-09	-2.08282081859e-09
1.16477495537e-09	-1.25752167013e-09
1.16583384169e-09	-3.25151287839e-10
1.16689272801e-09	4.99534798942e-10
1.16795161433e-09	1.04521257621e-09
1.16901050066e-09	1.22243629108e-09
1.17006938698e-09	1.02984348826e-09
1.1711282733e-09	5.58335343237e-10
1.17218715963e-09	-4.68897160683e-11
1.17324604595e-09	-6.2216691521e-10
1.17430493227e-09	-1.02670501961e-09
1.1753638186e-09	-1.17786806003e-09
1.17642270492e-09	-1.06431174637e-09
1.17748159124e-09	-7.4541091355e-10
1.17854047757e-09	-3.27862653042e-10
1.17959936389e-09	6.23628874236e-11
1.18065825021e-09	3.20381932789e-10
1.18171713653e-09	3.76518986128e-10
1.18277602286e-09	2.24861739905e-10
1.18383490918e-09	-8.88809494753e-11
1.1848937955e-09	-4.77284232969e-10
1.18595268183e-09	-8.2994909556e-10
1.18701156815e-09	-1.04713201304e-09
1.18807045447e-09	-1.06354358653e-09
1.1891293408e-09	-8.54941586276e-10
1.19018822712e-09	-4.58496179391e-10
1.19124711344e-09	4.19374240196e-11
1.19230599977e-09	5.3432281516e-10
1.19336488609e-09	9.00891007627e-10
1.19442377241e-09	1.04937450396e-09
1.19548265873e-09	9.31561387058e-10
1.19654154506e-09	5.54988698227e-10
1.19760043138e-09	-1.70845733394e-11
1.1986593177e-09	-6.76861434956e-10
1.19971820403e-09	-1.29308037888e-09
1.20077709035e-09	-1.73641197254e-09
1.20183597667e-09	-1.90163872149e-09
1.202894863e-09	-1.73483259008e-09
1.20395374932e-09	-1.24124733408e-09
1.20501263564e-09	-4.9583788464e-10
1.20607152196e-09	3.69323873567e-10
1.20713040829e-09	1.1904028735e-09
1.20818929461e-09	1.79603717315e-09
1.20924818093e-09	2.04799359416e-09
1.21030706726e-09	1.8726314388e-09
1.21136595358e-09	1.27460772492e-09
1.2124248399e-09	3.4699545147e-10
1.21348372623e-09	-7.39517759529e-10
1.21454261255e-09	-1.77696568571e-09
1.21560149887e-09	-2.54733287242e-09
1.2166603852e-09	-2.87488031991e-09
1.21771927152e-09	-2.66777266944e-09
1.21877815784e-09	-1.93514683444e-09
1.21983704416e-09	-8.02467099714e-10
1.22089593049e-09	5.13941719044e-10
1.22195481681e-09	1.74987880436e-09
1.22301370313e-09	2.64302582598e-09
1.22407258946e-09	2.99122686342e-09
1.22513147578e-09	2.70737261776e-09
1.2261903621e-09	1.82593448694e-09
1.22724924843e-09	5.17904746866e-10
1.22830813475e-09	-9.54227953598e-10
1.22936702107e-09	-2.28625363086e-09
1.2304259074e-09	-3.19528356552e-09
1.23148479372e-09	-3.48264400651e-09
1.23254368004e-09	-3.08123232484e-09
1.23360256636e-09	-2.06489392252e-09
1.23466145269e-09	-6.41237229981e-10
1.23572033901e-09	8.90202161985e-10
1.23677922533e-09	2.21191244487e-09
1.23783811166e-09	3.04306364829e-09
1.23889699798e-09	3.20789872443e-09
1.2399558843e-09	2.6768206679e-09
1.24101477063e-09	1.5658682545e-09
1.24207365695e-09	1.18536201688e-10
1.24313254327e-09	-1.34986061912e-09
1.2441914296e-09	-2.5257257813e-09
1.24525031592e-09	-3.16103229703e-09
1.24630920224e-09	-3.13102324623e-09
1.24736808856e-09	-2.46354998901e-09
1.24842697489e-09	-1.3212554939e-09
1.24948586121e-09	3.09054778297e-11
1.25054474753e-09	1.28910810498e-09
1.25160363386e-09	2.18596699075e-09
1.25266252018e-09	2.54084639439e-09
1.2537214065e-09	2.30385215072e-09
1.25478029283e-09	1.56119228656e-09
1.25583917915e-09	5.05223370084e-10
1.25689806547e-09	-6.08970637805e-10
1.25795695179e-09	-1.52224335914e-09
1.25901583812e-09	-2.04500408274e-09
1.26007472444e-09	-2.08378959921e-09
1.26113361076e-09	-1.66617769581e-09
1.26219249709e-09	-9.30920861231e-10
1.26325138341e-09	-7.42841708284e-11
1.26431026973e-09	6.85754668328e-10
1.26536915606e-09	1.17456124687e-09
1.26642804238e-09	1.30035454626e-09
1.2674869287e-09	1.06545960943e-09
1.26854581503e-09	5.62497444456e-10
1.26960470135e-09	-5.1153181517e-11
1.27066358767e-09	-6.05269050158e-10
1.27172247399e-09	-9.54431943201e-10
1.27278136032e-09	-1.01493538573e-09
1.27384024664e-09	-7.91392104627e-10
1.27489913296e-09	-3.60367138907e-10
1.27595801929e-09	1.43191644739e-10
1.27701690561e-09	5.68118291994e-10
1.27807579193e-09	7.91163259906e-10
1.27913467826e-09	7.47400266676e-10
1.28019356458e-09	4.450886118e-10
1.2812524509e-09	-2.71252612385e-11
1.28231133723e-09	-5.41457090969e-10
1.28337022355e-09	-9.54963483291e-10
1.28442910987e-09	-1.14573939225e-09
1.28548799619e-09	-1.05662488481e-09
1.28654688252e-09	-6.96689921031e-10
1.28760576884e-09	-1.4645170493e-10
1.28866465516e-09	4.63387429123e-10
1.28972354149e-09	9.84296803785e-10
1.29078242781e-09	1.28793635479e-09
1.29184131413e-09	1.28978872027e-09
1.29290020046e-09	9.81314335347e-10
1.29395908678e-09	4.24916143937e-10
1.2950179731e-09	-2.57261429173e-10
1.29607685943e-09	-9.08108366282e-10
1.29713574575e-09	-1.38207796596e-09
1.29819463207e-09	-1.57180540805e-09
1.29925351839e-09	-1.43125676588e-09
1.30031240472e-09	-9.88296590398e-10
1.30137129104e-09	-3.40019769285e-10
1.30243017736e-09	3.81044890085e-10
1.30348906369e-09	1.0207395762e-09
1.30454795001e-09	1.44811405922e-09
1.30560683633e-09	1.57637516929e-09
1.30666572266e-09	1.37825316437e-09
1.30772460898e-09	9.02050066587e-10
1.3087834953e-09	2.46981810004e-10
1.30984238162e-09	-4.46914154989e-10
1.31090126795e-09	-1.03560737069e-09
1.31196015427e-09	-1.40122408121e-09
1.31301904059e-09	-1.47541119599e-09
1.31407792692e-09	-1.25160013603e-09
1.31513681324e-09	-7.87106622935e-10
1.31619569956e-09	-1.82793852103e-10
1.31725458589e-09	4.37311478696e-10
1.31831347221e-09	9.49314959975e-10
1.31937235853e-09	1.26231759767e-09
1.32043124486e-09	1.32402947634e-09
1.32149013118e-09	1.13593992546e-09
1.3225490175e-09	7.50760176249e-10
1.32360790382e-09	2.55624544102e-10
1.32466679015e-09	-2.48388712376e-10
1.32572567647e-09	-6.58722063007e-10
1.32678456279e-09	-9.06817475277e-10
1.32784344912e-09	-9.56304917199e-10
1.32890233544e-09	-8.13107442488e-10
1.32996122176e-09	-5.22879978898e-10
1.33102010809e-09	-1.50947274211e-10
1.33207899441e-09	2.27019909815e-10
1.33313788073e-09	5.39749998169e-10
1.33419676706e-09	7.40471579885e-10
1.33525565338e-09	8.06287182853e-10
1.3363145397e-09	7.39937302402e-10
1.33737342602e-09	5.73456013578e-10
1.33843231235e-09	3.46678846221e-10
1.33949119867e-09	1.07875260374e-10
1.34055008499e-09	-9.84442588212e-11
1.34160897132e-09	-2.44421110955e-10
1.34266785764e-09	-3.13795527757e-10
1.34372674396e-09	-3.07213964337e-10
1.34478563029e-09	-2.39123051546e-10
1.34584451661e-09	-1.29948357413e-10
1.34690340293e-09	-1.79363143261e-12
1.34796228925e-09	1.20814876549e-10
1.34902117558e-09	2.24433909391e-10
1.3500800619e-09	3.01312950285e-10
1.35113894822e-09	3.47059289293e-10
1.35219783455e-09	3.68485016805e-10
1.35325672087e-09	3.67720409677e-10
1.35431560719e-09	3.50948523714e-10
1.35537449352e-09	3.21706931927e-10
1.35643337984e-09	2.8066541799e-10
1.35749226616e-09	2.29262032969e-10
1.35855115249e-09	1.71451818021e-10
1.35961003881e-09	1.07518521864e-10
1.36066892513e-09	4.35824341026e-11
1.36172781145e-09	-1.45813647615e-11
1.36278669778e-09	-5.83030047852e-11
1.3638455841e-09	-7.83212349142e-11
1.36490447042e-09	-6.58588405165e-11
1.36596335675e-09	-1.52792052014e-11
1.36702224307e-09	7.24615645264e-11
1.36808112939e-09	1.89777894788e-10
1.36914001572e-09	3.21732487873e-10
1.37019890204e-09	4.48889009297e-10
1.37125778836e-09	5.49939531413e-10
1.37231667469e-09	6.05889255434e-10
1.37337556101e-09	6.06596963632e-10
1.37443444733e-09	5.43840875111e-10
1.37549333365e-09	4.21981321413e-10
1.37655221998e-09	2.56209785592e-10
1.3776111063e-09	6.62376416737e-11
1.37866999262e-09	-1.18033532601e-10
1.37972887895e-09	-2.6422872744e-10
1.38078776527e-09	-3.42711138114e-10
1.38184665159e-09	-3.28285994309e-10
1.38290553792e-09	-2.13550716173e-10
1.38396442424e-09	-6.07902270189e-12
1.38502331056e-09	2.68958223748e-10
1.38608219689e-09	5.7002182835e-10
1.38714108321e-09	8.44791382681e-10
1.38819996953e-09	1.03963541248e-09
1.38925885585e-09	1.10857394792e-09
1.39031774218e-09	1.0209764631e-09
1.3913766285e-09	7.77290377896e-10
1.39243551482e-09	4.06269289044e-10
1.39349440115e-09	-3.11709547063e-11
1.39455328747e-09	-4.49914321077e-10
1.39561217379e-09	-7.64636323008e-10
1.39667106012e-09	-8.95944072404e-10
1.39772994644e-09	-8.00325153372e-10
1.39878883276e-09	-4.77439397045e-10
1.39984771908e-09	2.80661787214e-11
1.40090660541e-09	6.24414027428e-10
1.40196549173e-09	1.19387404129e-09
1.40302437805e-09	1.61364313578e-09
1.40408326438e-09	1.78409359508e-09
1.4051421507e-09	1.64803029556e-09
1.40620103702e-09	1.21519775492e-09
1.40725992335e-09	5.59158122582e-10
1.40831880967e-09	-1.87106443186e-10
1.40937769599e-09	-8.65006087591e-10
1.41043658232e-09	-1.32061704627e-09
1.41149546864e-09	-1.44392374446e-09
1.41255435496e-09	-1.19234295354e-09
1.41361324128e-09	-6.08508618494e-10
1.41467212761e-09	1.90149570568e-10
1.41573101393e-09	1.03444160876e-09
1.41678990025e-09	1.73844570683e-09
1.41784878658e-09	2.14539351562e-09
1.4189076729e-09	2.15816821358e-09
1.41996655922e-09	1.76728190415e-09
1.42102544555e-09	1.05383014121e-09
1.42208433187e-09	1.72894001199e-10
1.42314321819e-09	-6.79054649316e-10
1.42420210452e-09	-1.30956854388e-09
1.42526099084e-09	-1.57745350116e-09
1.42631987716e-09	-1.42113966428e-09
1.42737876348e-09	-8.77295375235e-10
1.42843764981e-09	-7.26761810455e-11
1.42949653613e-09	8.0849998918e-10
1.43055542245e-09	1.56623902736e-09
1.43161430878e-09	2.02944742955e-09
1.4326731951e-09	2.10025191683e-09
1.43373208142e-09	1.7683150777e-09
1.43479096775e-09	1.11964251065e-09
1.43584985407e-09	3.10430067069e-10
1.43690874039e-09	-4.6822774824e-10
1.43796762672e-09	-1.03702259974e-09
1.43902651304e-09	-1.26560410069e-09
1.44008539936e-09	-1.11360153043e-09
1.44114428568e-09	-6.25974015678e-10
1.44220317201e-09	6.98748602382e-11
1.44326205833e-09	8.00056070005e-10
1.44432094465e-09	1.38729615295e-09
1.44537983098e-09	1.69620070767e-09
1.4464387173e-09	1.65967688204e-09
1.44749760362e-09	1.30117666641e-09
1.44855648995e-09	7.21012700933e-10
1.44961537627e-09	7.11474412371e-11
1.45067426259e-09	-4.80630427818e-10
1.45173314891e-09	-8.00461051609e-10
1.45279203524e-09	-8.12693898289e-10
1.45385092156e-09	-5.23362735094e-10
1.45490980788e-09	-1.72520799729e-11
1.45596869421e-09	5.71226541762e-10
1.45702758053e-09	1.08635563045e-09
1.45808646685e-09	1.39581364522e-09
1.45914535318e-09	1.42243242185e-09
1.4602042395e-09	1.1619449708e-09
1.46126312582e-09	6.82969729382e-10
1.46232201215e-09	1.13170867642e-10
1.46338089847e-09	-3.9798093987e-10
1.46443978479e-09	-7.16373675658e-10
1.46549867111e-09	-7.54126268376e-10
1.46655755744e-09	-4.99050089448e-10
1.46761644376e-09	-1.12839026317e-11
1.46867533008e-09	5.86969479965e-10
1.46973421641e-09	1.1404802519e-09
1.47079310273e-09	1.50731079007e-09
1.47185198905e-09	1.59089511009e-09
1.47291087538e-09	1.36348354829e-09
1.4739697617e-09	8.78204148291e-10
1.47502864802e-09	2.48383376367e-10
1.47608753435e-09	-3.71934930771e-10
1.47714642067e-09	-8.30028552834e-10
1.47820530699e-09	-1.01167289823e-09
1.47926419331e-09	-8.67227394064e-10
1.48032307964e-09	-4.23773960367e-10
1.48138196596e-09	2.16871265737e-10
1.48244085228e-09	9.05997839251e-10
1.48349973861e-09	1.48211089235e-09
1.48455862493e-09	1.80571294028e-09
1.48561751125e-09	1.8007144803e-09
1.48667639758e-09	1.46669686119e-09
1.4877352839e-09	8.77469513716e-10
1.48879417022e-09	1.69046811271e-10
1.48985305654e-09	-4.9852719522e-10
1.49091194287e-09	-9.75076595855e-10
1.49197082919e-09	-1.1522692106e-09
1.49302971551e-09	-9.91286851215e-10
1.49408860184e-09	-5.29087121337e-10
1.49514748816e-09	1.33080179689e-10
1.49620637448e-09	8.46633027574e-10
1.49726526081e-09	1.45550928254e-09
1.49832414713e-09	1.82544387939e-09
1.49938303345e-09	1.87751612868e-09
1.50044191978e-09	1.6042638884e-09
1.5015008061e-09	1.06801385097e-09
1.50255969242e-09	3.91047930148e-10
1.50361857874e-09	-2.78644725349e-10
1.50467746507e-09	-7.95685323185e-10
1.50573635139e-09	-1.05147238832e-09
1.50679523771e-09	-9.95405473325e-10
1.50785412404e-09	-6.45889012413e-10
1.50891301036e-09	-8.31576023319e-11
1.50997189668e-09	5.67467683954e-10
1.51103078301e-09	1.16255584326e-09
1.51208966933e-09	1.57856575034e-09
1.51314855565e-09	1.73125747072e-09
1.51420744198e-09	1.59579822967e-09
1.5152663283e-09	1.21219973642e-09
1.51632521462e-09	6.70785690882e-10
1.51738410094e-09	9.24690649572e-11
1.51844298727e-09	-3.97701725718e-10
1.51950187359e-09	-7.00440302981e-10
1.52056075991e-09	-7.59185769805e-10
1.52161964624e-09	-5.73070278731e-10
1.52267853256e-09	-1.90790461554e-10
1.52373741888e-09	2.97364122909e-10
1.52479630521e-09	7.83849027353e-10
1.52585519153e-09	1.16441581377e-09
1.52691407785e-09	1.36562287867e-09
1.52797296418e-09	1.35460047346e-09
1.5290318505e-09	1.14524389278e-09
1.53009073682e-09	7.96999969493e-10
1.53114962314e-09	3.93965936263e-10
1.53220850947e-09	2.53447343408e-11
1.53326739579e-09	-2.30955914116e-10
1.53432628211e-09	-3.28525113363e-10
1.53538516844e-09	-2.59558975008e-10
1.53644405476e-09	-5.1376714081e-11
1.53750294108e-09	2.38182957732e-10
1.53856182741e-09	5.39258391413e-10
1.53962071373e-09	7.86830177402e-10
1.54067960005e-09	9.28449588045e-10
1.54173848637e-09	9.46414800695e-10
1.5427973727e-09	8.47836849338e-10
1.54385625902e-09	6.67624656947e-10
1.54491514534e-09	4.59467290603e-10
1.54597403167e-09	2.7402231699e-10
1.54703291799e-09	1.53254265181e-10
1.54809180431e-09	1.20484081045e-10
1.54915069064e-09	1.71831809198e-10
1.55020957696e-09	2.85468152589e-10
1.55126846328e-09	4.26705511203e-10
1.55232734961e-09	5.54334678854e-10
1.55338623593e-09	6.34823776879e-10
1.55444512225e-09	6.50191799706e-10
1.55550400857e-09	5.98750108521e-10
1.5565628949e-09	4.99892491984e-10
1.55762178122e-09	3.83262924869e-10
1.55868066754e-09	2.84500041581e-10
1.55973955387e-09	2.35382702912e-10
1.56079844019e-09	2.51457805966e-10
1.56185732651e-09	3.33983032202e-10
1.56291621284e-09	4.64251602439e-10
1.56397509916e-09	6.11128560951e-10
1.56503398548e-09	7.3557735597e-10
1.56609287181e-09	8.05778943569e-10
1.56715175813e-09	7.96482737403e-10
1.56821064445e-09	7.03996333451e-10
1.56926953077e-09	5.43080271725e-10
1.5703284171e-09	3.46637787918e-10
1.57138730342e-09	1.60017644101e-10
1.57244618974e-09	2.66065416227e-11
1.57350507607e-09	-1.92080050867e-11
1.57456396239e-09	3.98687549988e-11
1.57562284871e-09	1.98399220663e-10
1.57668173504e-09	4.28038510886e-10
1.57774062136e-09	6.85715827869e-10
1.57879950768e-09	9.17151660174e-10
1.57985839401e-09	1.07416914252e-09
1.58091728033e-09	1.11942743269e-09
1.58197616665e-09	1.03626207615e-09
1.58303505297e-09	8.35285451917e-10
1.5840939393e-09	5.49707460107e-10
1.58515282562e-09	2.32862295418e-10
1.58621171194e-09	-4.97494640969e-11
1.58727059827e-09	-2.39554214139e-10
1.58832948459e-09	-2.92006695733e-10
1.58938837091e-09	-1.876416739e-10
1.59044725724e-09	5.85142498691e-11
1.59150614356e-09	4.04752075606e-10
1.59256502988e-09	7.84472931059e-10
1.5936239162e-09	1.12263476293e-09
1.59468280253e-09	1.34968060339e-09
1.59574168885e-09	1.41339064758e-09
1.59680057517e-09	1.29421327821e-09
1.5978594615e-09	1.00773467349e-09
1.59891834782e-09	6.06459858027e-10
1.59997723414e-09	1.68029186051e-10
1.60103612047e-09	-2.16846340363e-10
1.60209500679e-09	-4.66966919993e-10
1.60315389311e-09	-5.25588236128e-10
1.60421277944e-09	-3.75213412424e-10
1.60527166576e-09	-4.13597151319e-11
1.60633055208e-09	4.1069234645e-10
1.6073894384e-09	8.91256700386e-10
1.60844832473e-09	1.29947721333e-09
1.60950721105e-09	1.54814401576e-09
1.61056609737e-09	1.5839041051e-09
1.6116249837e-09	1.39338006411e-09
1.61268387002e-09	1.01675892705e-09
1.61374275634e-09	5.32904633616e-10
1.61480164267e-09	4.38647096077e-11
1.61586052899e-09	-3.44412305966e-10
1.61691941531e-09	-5.49329404881e-10
1.61797830164e-09	-5.27959186786e-10
1.61903718796e-09	-2.87348731615e-10
1.62009607428e-09	1.16112920494e-10
1.6211549606e-09	5.93223036666e-10
1.62221384693e-09	1.03760158798e-09
1.62327273325e-09	1.35391826223e-09
1.62433161957e-09	1.47634804382e-09
1.6253905059e-09	1.38446754061e-09
1.62644939222e-09	1.10491348015e-09
1.62750827854e-09	7.08794911652e-10
1.62856716487e-09	2.89911534015e-10
1.62962605119e-09	-5.55338691699e-11
1.63068493751e-09	-2.51027693424e-10
1.63174382383e-09	-2.5929494489e-10
1.63280271016e-09	-9.0502843067e-11
1.63386159648e-09	2.04253300905e-10
1.6349204828e-09	5.4595549262e-10
1.63597936913e-09	8.48127360009e-10
1.63703825545e-09	1.03987926603e-09
1.63809714177e-09	1.0801142758e-09
1.6391560281e-09	9.68474980767e-10
1.64021491442e-09	7.43316790064e-10
1.64127380074e-09	4.70596145385e-10
1.64233268707e-09	2.26427081945e-10
1.64339157339e-09	7.99483868864e-11
1.64445045971e-09	6.90477607816e-11
1.64550934603e-09	1.94912094277e-10
1.64656823236e-09	4.21389739075e-10
1.64762711868e-09	6.80632356032e-10
1.648686005e-09	8.96907333126e-10
1.64974489133e-09	1.0059427874e-09
1.65080377765e-09	9.65808939768e-10
1.65186266397e-09	7.82005168953e-10
1.6529215503e-09	4.95271445383e-10
1.65398043662e-09	1.78310628415e-10
1.65503932294e-09	-8.33496891298e-11
1.65609820927e-09	-2.14448290722e-10
1.65715709559e-09	-1.69363609942e-10
1.65821598191e-09	5.5559195699e-11
1.65927486823e-09	4.15873840573e-10
1.66033375456e-09	8.32723882904e-10
1.66139264088e-09	1.2073055472e-09
1.6624515272e-09	1.44496309362e-09
1.66351041353e-09	1.47818518537e-09
1.66456929985e-09	1.28555850687e-09
1.66562818617e-09	8.9618010235e-10
1.6666870725e-09	3.89076108137e-10
1.66774595882e-09	-1.25430543556e-10
1.66880484514e-09	-5.3306539391e-10
1.66986373147e-09	-7.34971881966e-10
1.67092261779e-09	-6.763458682e-10
1.67198150411e-09	-3.60316658454e-10
1.67304039043e-09	1.54834210557e-10
1.67409927676e-09	7.6253569431e-10
1.67515816308e-09	1.33435347494e-09
1.6762170494e-09	1.74659042784e-09
1.67727593573e-09	1.90607898909e-09
1.67833482205e-09	1.77373601917e-09
1.67939370837e-09	1.37244253462e-09
1.6804525947e-09	7.8072618509e-10
1.68151148102e-09	1.19593534728e-10
1.68257036734e-09	-4.74854433552e-10
1.68362925366e-09	-8.80454847918e-10
1.68468813999e-09	-1.01211958259e-09
1.68574702631e-09	-8.41895872461e-10
1.68680591263e-09	-4.04829510192e-10
1.68786479896e-09	2.10706722903e-10
1.68892368528e-09	8.8003539872e-10
1.6899825716e-09	1.4677737914e-09
1.69104145793e-09	1.85913819062e-09
1.69210034425e-09	1.97597135876e-09
1.69315923057e-09	1.8017799891e-09
1.6942181169e-09	1.37357746705e-09
1.69527700322e-09	7.78306034205e-10
1.69633588954e-09	1.36285626014e-10
1.69739477586e-09	-4.28943484898e-10
1.69845366219e-09	-8.11280112534e-10
1.69951254851e-09	-9.38396561845e-10
1.70057143483e-09	-7.94149173505e-10
1.70163032116e-09	-4.12324459298e-10
1.70268920748e-09	1.29276978011e-10
1.7037480938e-09	7.20168064072e-10
1.70480698013e-09	1.24855271955e-09
1.70586586645e-09	1.61664764908e-09
1.70692475277e-09	1.76004144592e-09
1.7079836391e-09	1.66103322763e-09
1.70904252542e-09	1.34773552041e-09
1.71010141174e-09	8.86794374044e-10
1.71116029806e-09	3.68814433854e-10
1.71221918439e-09	-1.09302695367e-10
1.71327807071e-09	-4.62658467093e-10
1.71433695703e-09	-6.32532484723e-10
1.71539584336e-09	-5.96063486763e-10
1.71645472968e-09	-3.69842009448e-10
1.717513616e-09	-3.61103031157e-12
1.71857250233e-09	4.27525546215e-10
1.71963138865e-09	8.43382141902e-10
1.72069027497e-09	1.1727002841e-09
1.7217491613e-09	1.35970697895e-09
1.72280804762e-09	1.38226312341e-09
1.72386693394e-09	1.24582354849e-09
1.72492582026e-09	9.83810519162e-10
1.72598470659e-09	6.50154981935e-10
1.72704359291e-09	3.05770263276e-10
1.72810247923e-09	1.06945719641e-11
1.72916136556e-09	-1.88536472892e-10
1.73022025188e-09	-2.65111268008e-10
1.7312791382e-09	-2.16423834583e-10
1.73233802453e-09	-5.98690032012e-11
1.73339691085e-09	1.69084407066e-10
1.73445579717e-09	4.27595108626e-10
1.73551468349e-09	6.72403629304e-10
1.73657356982e-09	8.6566102897e-10
1.73763245614e-09	9.83928202802e-10
1.73869134246e-09	1.0161359254e-09
1.73975022879e-09	9.61899740415e-10
1.74080911511e-09	8.38139620207e-10
1.74186800143e-09	6.68279265259e-10
1.74292688776e-09	4.79849646129e-10
1.74398577408e-09	3.01806685546e-10
1.7450446604e-09	1.57256535051e-10
1.74610354673e-09	6.25545166881e-11
1.74716243305e-09	2.86544494729e-11
1.74822131937e-09	5.29424650821e-11
1.74928020569e-09	1.29404589041e-10
1.75033909202e-09	2.4602355396e-10
1.75139797834e-09	3.86068895603e-10
1.75245686466e-09	5.33199057823e-10
1.75351575099e-09	6.68724325914e-10
1.75457463731e-09	7.75602727876e-10
1.75563352363e-09	8.41563353726e-10
1.75669240996e-09	8.57704136881e-10
1.75775129628e-09	8.20047765804e-10
1.7588101826e-09	7.34438211636e-10
1.75986906893e-09	6.06224574012e-10
1.76092795525e-09	4.50804085034e-10
1.76198684157e-09	2.87773820398e-10
1.76304572789e-09	1.38775147623e-10
1.76410461422e-09	2.59440515946e-11
1.76516350054e-09	-2.80330020129e-11
1.76622238686e-09	-1.21436659556e-11
1.76728127319e-09	7.93384047695e-11
1.76834015951e-09	2.38122604967e-10
1.76939904583e-09	4.43045752863e-10
1.77045793216e-09	6.64723893984e-10
1.77151681848e-09	8.6492153023e-10
1.7725757048e-09	1.00823578653e-09
1.77363459112e-09	1.06469775357e-09
1.77469347745e-09	1.0177445553e-09
1.77575236377e-09	8.68344868232e-10
1.77681125009e-09	6.35119148246e-10
1.77787013642e-09	3.52887514349e-10
1.77892902274e-09	7.20141186267e-11
1.77998790906e-09	-1.57641922953e-10
1.78104679539e-09	-2.8965125784e-10
1.78210568171e-09	-2.92794051157e-10
1.78316456803e-09	-1.59925444415e-10
1.78422345436e-09	9.17293420041e-11
1.78528234068e-09	4.20835376963e-10
1.786341227e-09	7.67978479421e-10
1.78740011332e-09	1.06631457136e-09
1.78845899965e-09	1.25669506051e-09
1.78951788597e-09	1.29695341272e-09
1.79057677229e-09	1.173714341e-09
1.79163565862e-09	9.0767959815e-10
1.79269454494e-09	5.44418427006e-10
1.79375343126e-09	1.55035871294e-10
1.79481231759e-09	-1.85296924506e-10
1.79587120391e-09	-4.09292842674e-10
1.79693009023e-09	-4.7130531769e-10
1.79798897656e-09	-3.57967960829e-10
1.79904786288e-09	-9.1203111903e-11
1.8001067492e-09	2.77756108044e-10
1.80116563552e-09	6.73713536348e-10
1.80222452185e-09	1.01892181498e-09
1.80328340817e-09	1.24365343024e-09
1.80434229449e-09	1.30398320614e-09
1.80540118082e-09	1.19242692109e-09
1.80646006714e-09	9.34673609343e-10
1.80751895346e-09	5.85462400782e-10
1.80857783979e-09	2.17602973834e-10
1.80963672611e-09	-9.36898427763e-11
1.81069561243e-09	-2.89053092226e-10
1.81175449876e-09	-3.34507734012e-10
1.81281338508e-09	-2.27958405624e-10
1.8138722714e-09	-1.48691345694e-12
1.81493115772e-09	2.93184910377e-10
1.81599004405e-09	5.88894068926e-10
1.81704893037e-09	8.25807998373e-10
1.81810781669e-09	9.59070156625e-10
1.81916670302e-09	9.69556136765e-10
1.82022558934e-09	8.69040880924e-10
1.82128447566e-09	6.90728120534e-10
1.82234336199e-09	4.81851836209e-10
1.82340224831e-09	2.92091273044e-10
1.82446113463e-09	1.59096494659e-10
1.82552002095e-09	1.02518212669e-10
1.82657890728e-09	1.21918344777e-10
1.8276377936e-09	1.96040574399e-10
1.82869667992e-09	2.94281106428e-10
1.82975556625e-09	3.84524915381e-10
1.83081445257e-09	4.42051263649e-10
1.83187333889e-09	4.554658109e-10
1.83293222522e-09	4.3089259244e-10
1.83399111154e-09	3.85856846474e-10
1.83504999786e-09	3.46305139079e-10
1.83610888419e-09	3.38305236255e-10
1.83716777051e-09	3.74207692611e-10
1.83822665683e-09	4.51989144029e-10
1.83928554315e-09	5.52727620617e-10
1.84034442948e-09	6.44609778749e-10
1.8414033158e-09	6.96585379656e-10
1.84246220212e-09	6.79664758502e-10
1.84352108845e-09	5.83517387187e-10
1.84457997477e-09	4.18362872123e-10
1.84563886109e-09	2.12272817379e-10
1.84669774742e-09	1.11420800971e-11
1.84775663374e-09	-1.35055117263e-10
1.84881552006e-09	-1.84791744406e-10
1.84987440639e-09	-1.13803869974e-10
1.85093329271e-09	7.41812579245e-11
1.85199217903e-09	3.48639847894e-10
1.85305106535e-09	6.54294663588e-10
1.85410995168e-09	9.24668557001e-10
1.855168838e-09	1.09566489215e-09
1.85622772432e-09	1.12236873268e-09
1.85728661065e-09	9.90857243477e-10
1.85834549697e-09	7.19306100794e-10
1.85940438329e-09	3.61008074129e-10
1.86046326962e-09	-1.27172538993e-11
1.86152215594e-09	-3.23021101187e-10
1.86258104226e-09	-5.0078734562e-10
1.86363992859e-09	-5.05713901311e-10
1.86469881491e-09	-3.32887155341e-10
1.86575770123e-09	-1.4298436133e-11
1.86681658755e-09	3.85983984358e-10
1.86787547388e-09	7.85270674875e-10
1.8689343602e-09	1.09906429097e-09
1.86999324652e-09	1.26128905237e-09
1.87105213285e-09	1.23723811057e-09
1.87211101917e-09	1.03139553842e-09
1.87316990549e-09	6.86639772818e-10
1.87422879182e-09	2.75295028093e-10
1.87528767814e-09	-1.17859090543e-10
1.87634656446e-09	-4.13198985444e-10
1.87740545078e-09	-5.5285702058e-10
1.87846433711e-09	-5.09972970103e-10
1.87952322343e-09	-2.97776496169e-10
1.88058210975e-09	3.60972931233e-11
1.88164099608e-09	4.1821703739e-10
1.8826998824e-09	7.70034674913e-10
1.88375876872e-09	1.01921211748e-09
1.88481765505e-09	1.12019384046e-09
1.88587654137e-09	1.05699211189e-09
1.88693542769e-09	8.49869431774e-10
1.88799431402e-09	5.46648431382e-10
1.88905320034e-09	2.14499838898e-10
1.89011208666e-09	-7.87474625438e-11
1.89117097298e-09	-2.74524208921e-10
1.89222985931e-09	-3.40700238854e-10
1.89328874563e-09	-2.71724410333e-10
1.89434763195e-09	-9.08447527273e-11
1.89540651828e-09	1.57089076122e-10
1.8964654046e-09	4.14819168598e-10
1.89752429092e-09	6.29152303172e-10
1.89858317725e-09	7.5852453485e-10
1.89964206357e-09	7.83879988697e-10
1.90070094989e-09	7.07389966048e-10
1.90175983622e-09	5.54201150249e-10
1.90281872254e-09	3.63111181748e-10
1.90387760886e-09	1.79557334279e-10
1.90493649518e-09	4.08843722766e-11
1.90599538151e-09	-2.74582560194e-11
1.90705426783e-09	-1.61846650448e-11
1.90811315415e-09	6.07615338252e-11
1.90917204048e-09	1.79176781051e-10
1.9102309268e-09	3.05357690522e-10
1.91128981312e-09	4.07371792549e-10
1.91234869945e-09	4.6262599307e-10
1.91340758577e-09	4.6180619398e-10
1.91446647209e-09	4.0921601524e-10
1.91552535841e-09	3.25319503974e-10
1.91658424474e-09	2.35168561707e-10
1.91764313106e-09	1.63038482021e-10
1.91870201738e-09	1.30576484521e-10
1.91976090371e-09	1.43898316873e-10
1.92081979003e-09	2.00395477989e-10
1.92187867635e-09	2.84566094647e-10
1.92293756268e-09	3.71322209092e-10
1.923996449e-09	4.36022863648e-10
1.92505533532e-09	4.57892182504e-10
1.92611422165e-09	4.27189256191e-10
1.92717310797e-09	3.47660643329e-10
1.92823199429e-09	2.34793951642e-10
1.92929088061e-09	1.1350801115e-10
1.93034976694e-09	1.42941368377e-11
1.93140865326e-09	-3.85018211974e-11
1.93246753958e-09	-3.03132281104e-11
1.93352642591e-09	4.35772889128e-11
1.93458531223e-09	1.68365548933e-10
1.93564419855e-09	3.21006884269e-10
1.93670308488e-09	4.69464689346e-10
1.9377619712e-09	5.8039915235e-10
1.93882085752e-09	6.26842876217e-10
1.93987974385e-09	5.95236426121e-10
1.94093863017e-09	4.8794736654e-10
1.94199751649e-09	3.24490568096e-10
1.94305640281e-09	1.34311903613e-10
1.94411528914e-09	-4.32660749675e-11
1.94517417546e-09	-1.73223411309e-10
1.94623306178e-09	-2.28021435067e-10
1.94729194811e-09	-1.95185339245e-10
1.94835083443e-09	-7.7778796858e-11
1.94940972075e-09	1.02246770078e-10
1.95046860708e-09	3.11863016314e-10
1.9515274934e-09	5.10016241045e-10
1.95258637972e-09	6.5890754658e-10
1.95364526605e-09	7.2765528672e-10
1.95470415237e-09	6.99271585081e-10
1.95576303869e-09	5.78079101948e-10
1.95682192501e-09	3.85531800928e-10
1.95788081134e-09	1.55747879871e-10
1.95893969766e-09	-6.67793153674e-11
1.95999858398e-09	-2.40078864774e-10
1.96105747031e-09	-3.31868015707e-10
1.96211635663e-09	-3.23364527863e-10
1.96317524295e-09	-2.13851790443e-10
1.96423412928e-09	-2.38752661304e-11
1.9652930156e-09	2.11749107831e-10
1.96635190192e-09	4.48408220277e-10
1.96741078824e-09	6.40932081714e-10
1.96846967457e-09	7.50833412805e-10
1.96952856089e-09	7.56889155518e-10
1.97058744721e-09	6.56356601014e-10
1.97164633354e-09	4.66678633237e-10
1.97270521986e-09	2.25319596314e-10
1.97376410618e-09	-2.35299097914e-11
1.97482299251e-09	-2.31976503978e-10
1.97588187883e-09	-3.62070633891e-10
1.97694076515e-09	-3.88332064422e-10
1.97799965148e-09	-3.06092746635e-10
1.9790585378e-09	-1.30702840044e-10
1.98011742412e-09	1.03818326332e-10
1.98117631044e-09	3.51889177519e-10
1.98223519677e-09	5.64178224971e-10
1.98329408309e-09	7.00643810331e-10
1.98435296941e-09	7.34535370028e-10
1.98541185574e-09	6.60563822391e-10
1.98647074206e-09	4.93537950091e-10
1.98752962838e-09	2.67468935888e-10
1.98858851471e-09	2.71149283582e-11
1.98964740103e-09	-1.8014444797e-10
1.99070628735e-09	-3.16122558686e-10
1.99176517368e-09	-3.56737552692e-10
1.99282406e-09	-2.96998847391e-10
1.99388294632e-09	-1.5097549079e-10
1.99494183264e-09	4.82450557369e-11
1.99600071897e-09	2.6116812879e-10
1.99705960529e-09	4.44403843586e-10
1.99811849161e-09	5.63454342212e-10
1.99917737794e-09	5.98899058818e-10
2.00023626426e-09	5.46993703804e-10
2.00129515058e-09	4.21817580865e-10
2.00235403691e-09	2.52318756166e-10
2.00341292323e-09	7.31579436787e-11
2.00447180955e-09	-8.00076567498e-11
2.00553069588e-09	-1.80745104647e-10
2.0065895822e-09	-2.13720430242e-10
2.00764846852e-09	-1.77453074804e-10
2.00870735484e-09	-8.70073492421e-11
2.00976624117e-09	3.6792115795e-11
2.01082512749e-09	1.65634218147e-10
2.01188401381e-09	2.7321500097e-10
2.01294290014e-09	3.42849830123e-10
2.01400178646e-09	3.6547755794e-10
2.01506067278e-09	3.41851495028e-10
2.01611955911e-09	2.85586627263e-10
2.01717844543e-09	2.10902644307e-10
2.01823733175e-09	1.32715599795e-10
2.01929621807e-09	6.73175963757e-11
2.0203551044e-09	2.20922782021e-11
2.02141399072e-09	-1.36908767743e-13
2.02247287704e-09	-2.65339974385e-12
2.02353176337e-09	6.87214109403e-12
2.02459064969e-09	2.4036725518e-11
2.02564953601e-09	4.24445938466e-11
2.02670842234e-09	6.00383380164e-11
2.02776730866e-09	7.8530652467e-11
2.02882619498e-09	1.00791517927e-10
2.02988508131e-09	1.26414557641e-10
2.03094396763e-09	1.58860116901e-10
2.03200285395e-09	1.91267163566e-10
2.03306174027e-09	2.18373303815e-10
2.0341206266e-09	2.32172824369e-10
2.03517951292e-09	2.25760920375e-10
2.03623839924e-09	1.93040331983e-10
2.03729728557e-09	1.35703411182e-10
2.03835617189e-09	5.93932858624e-11
2.03941505821e-09	-2.37795893003e-11
2.04047394454e-09	-9.58731982692e-11
2.04153283086e-09	-1.41520898299e-10
2.04259171718e-09	-1.46975561062e-10
2.04365060351e-09	-1.06413087543e-10
2.04470948983e-09	-2.44898370246e-11
2.04576837615e-09	8.49692399774e-11
2.04682726247e-09	2.01383418622e-10
2.0478861488e-09	2.98479246527e-10
2.04894503512e-09	3.56110932409e-10
2.05000392144e-09	3.57963134828e-10
2.05106280777e-09	3.00036410647e-10
2.05212169409e-09	1.91583731518e-10
2.05318058041e-09	5.08811558424e-11
2.05423946674e-09	-9.33069108089e-11
2.05529835306e-09	-2.11896675553e-10
2.05635723938e-09	-2.79856358573e-10
2.0574161257e-09	-2.80614439671e-10
2.05847501203e-09	-2.11952523241e-10
2.05953389835e-09	-8.84275057692e-11
2.06059278467e-09	6.51099465142e-11
2.061651671e-09	2.18198693488e-10
2.06271055732e-09	3.37493930372e-10
2.06376944364e-09	3.97791258266e-10
2.06482832997e-09	3.85937039271e-10
2.06588721629e-09	3.03518909658e-10
2.06694610261e-09	1.65383416163e-10
2.06800498894e-09	9.38355187823e-13
2.06906387526e-09	-1.58311013604e-10
2.07012276158e-09	-2.77479171584e-10
2.0711816479e-09	-3.34092472437e-10
2.07224053423e-09	-3.14056801398e-10
2.07329942055e-09	-2.24571108237e-10
2.07435830687e-09	-8.42556371894e-11
2.0754171932e-09	7.6643249039e-11
2.07647607952e-09	2.23192716045e-10
2.07753496584e-09	3.24219703168e-10
2.07859385217e-09	3.59198006408e-10
2.07965273849e-09	3.22291691598e-10
2.08071162481e-09	2.20930149175e-10
2.08177051114e-09	7.82232768143e-11
2.08282939746e-09	-7.60681929772e-11
2.08388828378e-09	-2.07876049707e-10
2.0849471701e-09	-2.91129868477e-10
2.08600605643e-09	-3.08967037718e-10
2.08706494275e-09	-2.60680555267e-10
2.08812382907e-09	-1.58644718889e-10
2.0891827154e-09	-2.69511236245e-11
2.09024160172e-09	1.05306948925e-10
2.09130048804e-09	2.06877797879e-10
2.09235937437e-09	2.5729783755e-10
2.09341826069e-09	2.46183979452e-10
2.09447714701e-09	1.79418454052e-10
2.09553603334e-09	7.25909957144e-11
2.09659491966e-09	-4.92607291763e-11
2.09765380598e-09	-1.57740011157e-10
2.0987126923e-09	-2.29995592016e-10
2.09977157863e-09	-2.50942067473e-10
2.10083046495e-09	-2.17042659886e-10
2.10188935127e-09	-1.38777733229e-10
2.1029482376e-09	-3.77674358801e-11
2.10400712392e-09	6.14315417112e-11
2.10506601024e-09	1.32476058769e-10
2.10612489657e-09	1.6000439515e-10
2.10718378289e-09	1.37013078834e-10
2.10824266921e-09	6.98144372174e-11
2.10930155553e-09	-2.34110046887e-11
2.11036044186e-09	-1.19537041723e-10
2.11141932818e-09	-1.94036083208e-10
2.1124782145e-09	-2.27679989445e-10
2.11353710083e-09	-2.12420700821e-10
2.11459598715e-09	-1.51974328955e-10
2.11565487347e-09	-6.19457644901e-11
2.1167137598e-09	3.44211347793e-11
2.11777264612e-09	1.12084465841e-10
2.11883153244e-09	1.47551375632e-10
2.11989041877e-09	1.31587016457e-10
2.12094930509e-09	6.52602110806e-11
2.12200819141e-09	-3.79237492104e-11
2.12306707773e-09	-1.53145508427e-10
2.12412596406e-09	-2.5370084332e-10
2.12518485038e-09	-3.13721573025e-10
2.1262437367e-09	-3.1473333488e-10
2.12730262303e-09	-2.54568107913e-10
2.12836150935e-09	-1.44247677171e-10
2.12942039567e-09	-8.16758423047e-12
2.130479282e-09	1.2118101661e-10
2.13153816832e-09	2.11939243933e-10
2.13259705464e-09	2.40021242465e-10
2.13365594097e-09	1.94978845569e-10
2.13471482729e-09	8.31616910751e-11
2.13577371361e-09	-7.21879773839e-11
2.13683259993e-09	-2.38966693655e-10
2.13789148626e-09	-3.78874126516e-10
2.13895037258e-09	-4.59425743976e-10
2.1400092589e-09	-4.60006661235e-10
2.14106814523e-09	-3.76399212146e-10
2.14212703155e-09	-2.25969817511e-10
2.14318591787e-09	-3.99688481097e-11
2.1442448042e-09	1.41520094254e-10
2.14530369052e-09	2.7621782292e-10
2.14636257684e-09	3.32855187857e-10
2.14742146317e-09	2.97806900668e-10
2.14848034949e-09	1.74365033696e-10
2.14953923581e-09	-1.13475364088e-11
2.15059812213e-09	-2.21991362792e-10
2.15165700846e-09	-4.11582531945e-10
2.15271589478e-09	-5.39373396641e-10
2.1537747811e-09	-5.76718370976e-10
2.15483366743e-09	-5.16267570361e-10
2.15589255375e-09	-3.68970912851e-10
2.15695144007e-09	-1.64932273568e-10
2.1580103264e-09	5.05724821829e-11
2.15906921272e-09	2.33204613606e-10
2.16012809904e-09	3.413778496e-10
2.16118698536e-09	3.52010524896e-10
2.16224587169e-09	2.64026292149e-10
2.16330475801e-09	9.45330654034e-11
2.16436364433e-09	-1.19257362666e-10
2.16542253066e-09	-3.31888053498e-10
2.16648141698e-09	-5.00171445927e-10
2.1675403033e-09	-5.88497802573e-10
2.16859918963e-09	-5.80740684708e-10
2.16965807595e-09	-4.79878178861e-10
2.17071696227e-09	-3.09521496974e-10
2.1717758486e-09	-1.06697426935e-10
2.17283473492e-09	8.45211279438e-11
2.17389362124e-09	2.2422520958e-10
2.17495250756e-09	2.84466974282e-10
2.17601139389e-09	2.54306435285e-10
2.17707028021e-09	1.4431905844e-10
2.17812916653e-09	-2.03282526446e-11
2.17918805286e-09	-2.04219720995e-10
2.18024693918e-09	-3.66408049735e-10
2.1813058255e-09	-4.75811751111e-10
2.18236471183e-09	-5.12942119335e-10
2.18342359815e-09	-4.73166072296e-10
2.18448248447e-09	-3.69492877267e-10
2.1855413708e-09	-2.28754962889e-10
2.18660025712e-09	-8.19880300804e-11
2.18765914344e-09	3.74853045739e-11
2.18871802976e-09	1.07649441444e-10
2.18977691609e-09	1.15515567597e-10
2.19083580241e-09	6.40147110667e-11
2.19189468873e-09	-2.97247237675e-11
2.19295357506e-09	-1.42637290867e-10
2.19401246138e-09	-2.47635885756e-10
2.1950713477e-09	-3.226128132e-10
2.19613023403e-09	-3.54197364147e-10
2.19718912035e-09	-3.41048703167e-10
2.19824800667e-09	-2.91136477773e-10
2.19930689299e-09	-2.20995624578e-10
2.20036577932e-09	-1.51282401537e-10
2.20142466564e-09	-9.86777656115e-11
2.20248355196e-09	-7.66357611051e-11
2.20354243829e-09	-8.65179156616e-11
2.20460132461e-09	-1.22975464881e-10
2.20566021093e-09	-1.72081627593e-10
2.20671909726e-09	-2.19139026369e-10
2.20777798358e-09	-2.48319222823e-10
2.2088368699e-09	-2.5141108119e-10
2.20989575623e-09	-2.28030158991e-10
2.21095464255e-09	-1.84741480794e-10
2.21201352887e-09	-1.35282944569e-10
2.21307241519e-09	-9.57291147394e-11
2.21413130152e-09	-7.91822813914e-11
2.21519018784e-09	-9.51899843671e-11
2.21624907416e-09	-1.42384371654e-10
2.21730796049e-09	-2.12453334439e-10
2.21836684681e-09	-2.89692925898e-10
2.21942573313e-09	-3.53972818071e-10
2.22048461946e-09	-3.89155017239e-10
2.22154350578e-09	-3.82342612432e-10
2.2226023921e-09	-3.31149756921e-10
2.22366127843e-09	-2.45808170693e-10
2.22472016475e-09	-1.42121766612e-10
2.22577905107e-09	-4.21552025058e-11
2.22683793739e-09	2.79710172125e-11
2.22789682372e-09	5.27929041629e-11
2.22895571004e-09	2.26097337467e-11
2.23001459636e-09	-5.95027404085e-11
2.23107348269e-09	-1.77870190798e-10
2.23213236901e-09	-3.10287070343e-10
2.23319125533e-09	-4.28720885182e-10
2.23425014166e-09	-5.08767146468e-10
2.23530902798e-09	-5.32631445893e-10
2.2363679143e-09	-4.93599685431e-10
2.23742680063e-09	-3.98369025267e-10
2.23848568695e-09	-2.66426807699e-10
2.23954457327e-09	-1.22249043354e-10
2.24060345959e-09	3.87290514329e-12
2.24166234592e-09	8.78437695848e-11
2.24272123224e-09	1.12729923486e-10
2.24378011856e-09	7.16127092522e-11
2.24483900489e-09	-2.75991074612e-11
2.24589789121e-09	-1.65513832674e-10
2.24695677753e-09	-3.16982539175e-10
2.24801566386e-09	-4.51961433556e-10
2.24907455018e-09	-5.46367485976e-10
2.2501334365e-09	-5.82050768694e-10
2.25119232282e-09	-5.54964942057e-10
2.25225120915e-09	-4.69777591827e-10
2.25331009547e-09	-3.43729544827e-10
2.25436898179e-09	-2.00485570853e-10
2.25542786812e-09	-6.69903394909e-11
2.25648675444e-09	3.37129000931e-11
2.25754564076e-09	8.3816631153e-11
2.25860452709e-09	7.59374945737e-11
2.25966341341e-09	1.06822923445e-11
2.26072229973e-09	-9.77876061375e-11
2.26178118606e-09	-2.31184838634e-10
2.26284007238e-09	-3.65789728368e-10
2.2638989587e-09	-4.79510885859e-10
2.26495784502e-09	-5.52921153307e-10
2.26601673135e-09	-5.75762954674e-10
2.26707561767e-09	-5.44061597857e-10
2.26813450399e-09	-4.65380147613e-10
2.26919339032e-09	-3.51613044236e-10
2.27025227664e-09	-2.23174667982e-10
2.27131116296e-09	-1.02178644018e-10
2.27237004929e-09	-7.31273245083e-12
2.27342893561e-09	4.41487751305e-11
2.27448782193e-09	4.36733262402e-11
2.27554670826e-09	-7.98179252727e-12
2.27660559458e-09	-1.04631007851e-10
2.2776644809e-09	-2.28083758477e-10
2.27872336722e-09	-3.58088041857e-10
2.27978225355e-09	-4.74474716461e-10
2.28084113987e-09	-5.56266522428e-10
2.28190002619e-09	-5.91447873316e-10
2.28295891252e-09	-5.72143141891e-10
2.28401779884e-09	-5.02350577802e-10
2.28507668516e-09	-3.9444529587e-10
2.28613557149e-09	-2.65451093398e-10
2.28719445781e-09	-1.37888360452e-10
2.28825334413e-09	-3.41062633864e-11
2.28931223046e-09	2.77382325008e-11
2.29037111678e-09	3.60425125075e-11
2.2914300031e-09	-1.04169918134e-11
2.29248888942e-09	-1.03464101002e-10
2.29354777575e-09	-2.27080057882e-10
2.29460666207e-09	-3.6056840326e-10
2.29566554839e-09	-4.81512735934e-10
2.29672443472e-09	-5.67342287733e-10
2.29778332104e-09	-6.06156454891e-10
2.29884220736e-09	-5.90021639185e-10
2.29990109369e-09	-5.24112392375e-10
2.30095998001e-09	-4.19834087634e-10
2.30201886633e-09	-2.95603120107e-10
2.30307775265e-09	-1.72892828526e-10
2.30413663898e-09	-7.21453847184e-11
2.3051955253e-09	-1.04182445006e-11
2.30625441162e-09	3.16787529097e-12
2.30731329795e-09	-3.31761343658e-11
2.30837218427e-09	-1.12522273617e-10
2.30943107059e-09	-2.20822998775e-10
2.31048995692e-09	-3.40878094848e-10
2.31154884324e-09	-4.53575524362e-10
2.31260772956e-09	-5.40957046519e-10
2.31366661589e-09	-5.89657513789e-10
2.31472550221e-09	-5.92723346099e-10
2.31578438853e-09	-5.5111787356e-10
2.31684327485e-09	-4.6985536295e-10
2.31790216118e-09	-3.63464704514e-10
2.3189610475e-09	-2.49164638574e-10
2.32001993382e-09	-1.42715715114e-10
2.32107882015e-09	-6.26588256107e-11
2.32213770647e-09	-2.12148246019e-11
2.32319659279e-09	-2.53900585452e-11
2.32425547912e-09	-7.55255710402e-11
2.32531436544e-09	-1.65895409389e-10
2.32637325176e-09	-2.82419485367e-10
2.32743213809e-09	-4.07188453094e-10
2.32849102441e-09	-5.21304843043e-10
2.32954991073e-09	-6.05026938272e-10
2.33060879705e-09	-6.42952899255e-10
2.33166768338e-09	-6.2856161942e-10
2.3327265697e-09	-5.60306689934e-10
2.33378545602e-09	-4.49175481532e-10
2.33484434235e-09	-3.11962197394e-10
2.33590322867e-09	-1.71757434664e-10
2.33696211499e-09	-5.41718627421e-11
2.33802100132e-09	1.98175688641e-11
2.33907988764e-09	3.39331736538e-11
2.34013877396e-09	-1.56291845785e-11
2.34119766028e-09	-1.22583687992e-10
2.34225654661e-09	-2.69645809153e-10
2.34331543293e-09	-4.31167351822e-10
2.34437431925e-09	-5.77180747641e-10
2.34543320558e-09	-6.81688698545e-10
2.3464920919e-09	-7.23944914433e-10
2.34755097822e-09	-6.94184737471e-10
2.34860986455e-09	-5.96965508276e-10
2.34966875087e-09	-4.50494183624e-10
2.35072763719e-09	-2.80038450762e-10
2.35178652352e-09	-1.18542191688e-10
2.35284540984e-09	2.0278819856e-12
2.35390429616e-09	6.12112582843e-11
2.35496318248e-09	4.59734607154e-11
2.35602206881e-09	-4.12205417369e-11
2.35708095513e-09	-1.82934294449e-10
2.35813984145e-09	-3.53563227307e-10
2.35919872778e-09	-5.19319493658e-10
2.3602576141e-09	-6.49323837754e-10
2.36131650042e-09	-7.18601896738e-10
2.36237538675e-09	-7.1551070277e-10
2.36343427307e-09	-6.41705966142e-10
2.36449315939e-09	-5.13885115017e-10
2.36555204572e-09	-3.57706309018e-10
2.36661093204e-09	-2.04679039342e-10
2.36766981836e-09	-8.35335255828e-11
2.36872870468e-09	-1.66642305423e-11
2.36978759101e-09	-1.40417983231e-11
2.37084647733e-09	-7.44146437179e-11
2.37190536365e-09	-1.80425598073e-10
2.37296424998e-09	-3.12590038923e-10
2.3740231363e-09	-4.42720832217e-10
2.37508202262e-09	-5.4628653684e-10
2.37614090895e-09	-6.0486114728e-10
2.37719979527e-09	-6.12555353663e-10
2.37825868159e-09	-5.70138106865e-10
2.37931756792e-09	-4.91602772379e-10
2.38037645424e-09	-3.96328154323e-10
2.38143534056e-09	-3.02258679891e-10
2.38249422688e-09	-2.29972201005e-10
2.38355311321e-09	-1.8774469826e-10
2.38461199953e-09	-1.818814023e-10
2.38567088585e-09	-2.06998043706e-10
2.38672977218e-09	-2.52929338931e-10
2.3877886585e-09	-3.07091591739e-10
2.38884754482e-09	-3.58431884867e-10
2.38990643115e-09	-3.95794400726e-10
2.39096531747e-09	-4.17319678814e-10
2.39202420379e-09	-4.2260484695e-10
2.39308309011e-09	-4.16904507444e-10
2.39414197644e-09	-4.07897507437e-10
2.39520086276e-09	-4.00375885223e-10
2.39625974908e-09	-3.98352933972e-10
2.39731863541e-09	-4.00873341466e-10
2.39837752173e-09	-4.04035149087e-10
2.39943640805e-09	-4.01371762215e-10
2.40049529438e-09	-3.88273396074e-10
2.4015541807e-09	-3.61916940861e-10
2.40261306702e-09	-3.24496339521e-10
2.40367195335e-09	-2.81201999186e-10
2.40473083967e-09	-2.41732489928e-10
2.40578972599e-09	-2.17423367505e-10
2.40684861231e-09	-2.18336120017e-10
2.40790749864e-09	-2.49427751023e-10
2.40896638496e-09	-3.08856006742e-10
2.41002527128e-09	-3.88237057086e-10
2.41108415761e-09	-4.73295003883e-10
2.41214304393e-09	-5.46057001699e-10
2.41320193025e-09	-5.90061940281e-10
2.41426081658e-09	-5.9229392918e-10
2.4153197029e-09	-5.48299343428e-10
2.41637858922e-09	-4.63442572513e-10
2.41743747555e-09	-3.51417355285e-10
2.41849636187e-09	-2.34926503598e-10
2.41955524819e-09	-1.3664677289e-10
2.42061413451e-09	-7.83776355449e-11
2.42167302084e-09	-7.49297486037e-11
2.42273190716e-09	-1.29011854151e-10
2.42379079348e-09	-2.3286906084e-10
2.42484967981e-09	-3.66763237836e-10
2.42590856613e-09	-5.05653005578e-10
2.42696745245e-09	-6.21143827345e-10
2.42802633878e-09	-6.885292822e-10
2.4290852251e-09	-6.94549071034e-10
2.43014411142e-09	-6.36399020287e-10
2.43120299775e-09	-5.25558253167e-10
2.43226188407e-09	-3.82930159804e-10
2.43332077039e-09	-2.37538870518e-10
2.43437965671e-09	-1.17217187345e-10
2.43543854304e-09	-4.6040453134e-11
2.43649742936e-09	-3.78361812367e-11
2.43755631568e-09	-9.37428381448e-11
2.43861520201e-09	-2.01373003342e-10
2.43967408833e-09	-3.40490231496e-10
2.44073297465e-09	-4.81953435494e-10
2.44179186098e-09	-5.99907873378e-10
2.4428507473e-09	-6.71191636992e-10
2.44390963362e-09	-6.83973711002e-10
2.44496851994e-09	-6.36923572911e-10
2.44602740627e-09	-5.41431323386e-10
2.44708629259e-09	-4.17384054402e-10
2.44814517891e-09	-2.90159446817e-10
2.44920406524e-09	-1.83451226432e-10
2.45026295156e-09	-1.17108724627e-10
2.45132183788e-09	-1.01713606288e-10
2.45238072421e-09	-1.36419971673e-10
2.45343961053e-09	-2.12664823251e-10
2.45449849685e-09	-3.1298339094e-10
2.45555738318e-09	-4.1784452634e-10
2.4566162695e-09	-5.07342189093e-10
2.45767515582e-09	-5.66507524918e-10
2.45873404214e-09	-5.86140858072e-10
2.45979292847e-09	-5.67459589734e-10
2.46085181479e-09	-5.16700838366e-10
2.46191070111e-09	-4.45199564714e-10
2.46296958744e-09	-3.68496240466e-10
2.46402847376e-09	-2.99522691372e-10
2.46508736008e-09	-2.50526727835e-10
2.46614624641e-09	-2.27005681613e-10
2.46720513273e-09	-2.30433894188e-10
2.46826401905e-09	-2.56481008307e-10
2.46932290538e-09	-2.97239949668e-10
2.4703817917e-09	-3.45031975213e-10
2.47144067802e-09	-3.9080457967e-10
2.47249956434e-09	-4.27490921134e-10
2.47355845067e-09	-4.52366828024e-10
2.47461733699e-09	-4.63513987609e-10
2.47567622331e-09	-4.61997332751e-10
2.47673510964e-09	-4.50508234884e-10
2.47779399596e-09	-4.32489450503e-10
2.47885288228e-09	-4.10034492471e-10
2.47991176861e-09	-3.87338511959e-10
2.48097065493e-09	-3.65199284008e-10
2.48202954125e-09	-3.43890194099e-10
2.48308842757e-09	-3.2629738668e-10
2.4841473139e-09	-3.11685465632e-10
2.48520620022e-09	-3.01663484123e-10
2.48626508654e-09	-3.00040001525e-10
2.48732397287e-09	-3.06671851108e-10
2.48838285919e-09	-3.23635847288e-10
2.48944174551e-09	-3.51438659424e-10
2.49050063184e-09	-3.8478570677e-10
2.49155951816e-09	-4.20255306249e-10
2.49261840448e-09	-4.53657618416e-10
2.49367729081e-09	-4.75712469417e-10
2.49473617713e-09	-4.8451812007e-10
2.49579506345e-09	-4.76039617447e-10
2.49685394977e-09	-4.4893146145e-10
2.4979128361e-09	-4.07415497172e-10
2.49897172242e-09	-3.56984469763e-10
2.50003060874e-09	-3.04792061381e-10
2.50108949507e-09	-2.62254882741e-10
2.50214838139e-09	-2.37379300244e-10
2.50320726771e-09	-2.34076221947e-10
2.50426615404e-09	-2.55775043506e-10
2.50532504036e-09	-3.01497764255e-10
2.50638392668e-09	-3.60971450647e-10
2.50744281301e-09	-4.26587012242e-10
2.50850169933e-09	-4.84303600695e-10
2.50956058565e-09	-5.25167295068e-10
2.51061947197e-09	-5.40234197655e-10
2.5116783583e-09	-5.25965583587e-10
2.51273724462e-09	-4.83212546365e-10
2.51379613094e-09	-4.19595989898e-10
2.51485501727e-09	-3.46113419175e-10
2.51591390359e-09	-2.75293609089e-10
2.51697278991e-09	-2.21893075095e-10
2.51803167624e-09	-1.94235126247e-10
2.51909056256e-09	-1.98409724414e-10
2.52014944888e-09	-2.34426278736e-10
2.52120833521e-09	-2.9527961673e-10
2.52226722153e-09	-3.71798258847e-10
2.52332610785e-09	-4.47859277442e-10
2.52438499417e-09	-5.1085683947e-10
2.5254438805e-09	-5.49295831043e-10
2.52650276682e-09	-5.55831269899e-10
2.52756165314e-09	-5.29106161662e-10
2.52862053947e-09	-4.73588009087e-10
2.52967942579e-09	-4.00322438393e-10
2.53073831211e-09	-3.21255912497e-10
2.53179719844e-09	-2.51713504207e-10
2.53285608476e-09	-2.04794629172e-10
2.53391497108e-09	-1.87986777186e-10
2.5349738574e-09	-2.03267375154e-10
2.53603274373e-09	-2.49144552211e-10
2.53709163005e-09	-3.15738398968e-10
2.53815051637e-09	-3.89335032963e-10
2.5392094027e-09	-4.5858026404e-10
2.54026828902e-09	-5.09352917483e-10
2.54132717534e-09	-5.33147640619e-10
2.54238606167e-09	-5.28726045584e-10
2.54344494799e-09	-4.9454457543e-10
2.54450383431e-09	-4.40200903506e-10
2.54556272064e-09	-3.7469362682e-10
2.54662160696e-09	-3.10637189582e-10
2.54768049328e-09	-2.58564144054e-10
2.5487393796e-09	-2.27134781469e-10
2.54979826593e-09	-2.20840633974e-10
2.55085715225e-09	-2.3941492365e-10
2.55191603857e-09	-2.77933098411e-10
2.5529749249e-09	-3.29333314092e-10
2.55403381122e-09	-3.8393027646e-10
2.55509269754e-09	-4.32030869413e-10
2.55615158387e-09	-4.66104755487e-10
2.55721047019e-09	-4.80808750453e-10
2.55826935651e-09	-4.76497442198e-10
2.55932824284e-09	-4.54015113699e-10
2.56038712916e-09	-4.18657618989e-10
2.56144601548e-09	-3.77172439114e-10
2.5625049018e-09	-3.35839422244e-10
2.56356378813e-09	-3.00145479651e-10
2.56462267445e-09	-2.76436169094e-10
2.56568156077e-09	-2.6610413352e-10
2.5667404471e-09	-2.68760697725e-10
2.56779933342e-09	-2.83849985183e-10
2.56885821974e-09	-3.08746892635e-10
2.56991710607e-09	-3.38662160815e-10
2.57097599239e-09	-3.71526948095e-10
2.57203487871e-09	-4.01554837992e-10
2.57309376504e-09	-4.25377750385e-10
2.57415265136e-09	-4.4014479561e-10
2.57521153768e-09	-4.43517608056e-10
2.576270424e-09	-4.35630188172e-10
2.57732931033e-09	-4.15192633746e-10
2.57838819665e-09	-3.85251556351e-10
2.57944708297e-09	-3.50171690255e-10
2.5805059693e-09	-3.12532510288e-10
2.58156485562e-09	-2.80662642432e-10
2.58262374194e-09	-2.57143317056e-10
2.58368262827e-09	-2.47640951148e-10
2.58474151459e-09	-2.54934410387e-10
2.58580040091e-09	-2.7743400112e-10
2.58685928723e-09	-3.14366560561e-10
2.58791817356e-09	-3.60144660622e-10
2.58897705988e-09	-4.07007452047e-10
2.5900359462e-09	-4.46566509466e-10
2.59109483253e-09	-4.71266106e-10
2.59215371885e-09	-4.75796093496e-10
2.59321260517e-09	-4.57830932887e-10
2.5942714915e-09	-4.18454867979e-10
2.59533037782e-09	-3.63953474997e-10
2.59638926414e-09	-3.03614251795e-10
2.59744815047e-09	-2.48432914865e-10
2.59850703679e-09	-2.08627433038e-10
2.59956592311e-09	-1.92388088099e-10
2.60062480943e-09	-2.03696573498e-10
2.60168369576e-09	-2.41227282941e-10
2.60274258208e-09	-2.99948801907e-10
2.6038014684e-09	-3.68733377165e-10
2.60486035473e-09	-4.33799256933e-10
2.60591924105e-09	-4.83041592836e-10
2.60697812737e-09	-5.05813845669e-10
2.6080370137e-09	-4.98532694293e-10
2.60909590002e-09	-4.60920811934e-10
2.61015478634e-09	-3.98857329109e-10
2.61121367267e-09	-3.25022248698e-10
2.61227255899e-09	-2.52079308816e-10
2.61333144531e-09	-1.93778144572e-10
2.61439033163e-09	-1.62319790421e-10
2.61544921796e-09	-1.64279916059e-10
2.61650810428e-09	-1.98526793962e-10
2.6175669906e-09	-2.59175807552e-10
2.61862587693e-09	-3.34816689998e-10
2.61968476325e-09	-4.09689220049e-10
2.62074364957e-09	-4.70491597071e-10
2.6218025359e-09	-5.03145681369e-10
2.62286142222e-09	-5.02869225427e-10
2.62392030854e-09	-4.70251986656e-10
2.62497919486e-09	-4.10017114011e-10
2.62603808119e-09	-3.35710318919e-10
2.62709696751e-09	-2.60326005544e-10
2.62815585383e-09	-1.99481103511e-10
2.62921474016e-09	-1.63348709559e-10
2.63027362648e-09	-1.60490212266e-10
2.6313325128e-09	-1.89375239448e-10
2.63239139913e-09	-2.43849232473e-10
2.63345028545e-09	-3.13085479417e-10
2.63450917177e-09	-3.81882633155e-10
2.6355680581e-09	-4.37897829109e-10
2.63662694442e-09	-4.70609926029e-10
2.63768583074e-09	-4.72861444445e-10
2.63874471706e-09	-4.46640429502e-10
2.63980360339e-09	-3.96453876672e-10
2.64086248971e-09	-3.32863911781e-10
2.64192137603e-09	-2.69000266506e-10
2.64298026236e-09	-2.17519427817e-10
2.64403914868e-09	-1.87284281833e-10
2.645098035e-09	-1.84500446171e-10
2.64615692133e-09	-2.06361339475e-10
2.64721580765e-09	-2.49937837787e-10
2.64827469397e-09	-3.03437131324e-10
2.6493335803e-09	-3.56565121179e-10
2.65039246662e-09	-3.98817083525e-10
2.65145135294e-09	-4.21193128985e-10
2.65251023926e-09	-4.21209532531e-10
2.65356912559e-09	-4.00026584774e-10
2.65462801191e-09	-3.6156413627e-10
2.65568689823e-09	-3.16834806655e-10
2.65674578456e-09	-2.7281460771e-10
2.65780467088e-09	-2.4017879699e-10
2.6588635572e-09	-2.22772378669e-10
2.65992244353e-09	-2.24861232065e-10
2.66098132985e-09	-2.42172532028e-10
2.66204021617e-09	-2.72269571472e-10
2.6630991025e-09	-3.05434804185e-10
2.66415798882e-09	-3.35371000068e-10
2.66521687514e-09	-3.56289948933e-10
2.66627576146e-09	-3.62722758079e-10
2.66733464779e-09	-3.56541329447e-10
2.66839353411e-09	-3.3848151712e-10
2.66945242043e-09	-3.1394117514e-10
2.67051130676e-09	-2.90021459973e-10
2.67157019308e-09	-2.7127291212e-10
2.6726290794e-09	-2.61356181488e-10
2.67368796573e-09	-2.62493764572e-10
2.67474685205e-09	-2.72774754173e-10
2.67580573837e-09	-2.87183297976e-10
2.67686462469e-09	-3.02638494126e-10
2.67792351102e-09	-3.14445110575e-10
2.67898239734e-09	-3.18492732188e-10
2.68004128366e-09	-3.14325808437e-10
2.68110016999e-09	-3.02480073974e-10
2.68215905631e-09	-2.86931397045e-10
2.68321794263e-09	-2.71635080748e-10
2.68427682896e-09	-2.61692667536e-10
2.68533571528e-09	-2.59063380123e-10
2.6863946016e-09	-2.67427784778e-10
2.68745348793e-09	-2.830856001e-10
2.68851237425e-09	-3.01955576862e-10
2.68957126057e-09	-3.19091798123e-10
2.69063014689e-09	-3.30394340359e-10
2.69168903322e-09	-3.31079080818e-10
2.69274791954e-09	-3.21165030334e-10
2.69380680586e-09	-3.00186963828e-10
2.69486569219e-09	-2.72397425796e-10
2.69592457851e-09	-2.43185549822e-10
2.69698346483e-09	-2.21870447362e-10
2.69804235116e-09	-2.1162819934e-10
2.69910123748e-09	-2.16091618557e-10
2.7001601238e-09	-2.35267737583e-10
2.70121901013e-09	-2.66928789835e-10
2.70227789645e-09	-3.02491500598e-10
2.70333678277e-09	-3.3516732445e-10
2.70439566909e-09	-3.56263645321e-10
2.70545455542e-09	-3.61451859762e-10
2.70651344174e-09	-3.47493407313e-10
2.70757232806e-09	-3.17356132692e-10
2.70863121439e-09	-2.75204310729e-10
2.70969010071e-09	-2.31997648523e-10
2.71074898703e-09	-1.95875584849e-10
2.71180787336e-09	-1.73232324319e-10
2.71286675968e-09	-1.70658656477e-10
2.713925646e-09	-1.89082655783e-10
2.71498453233e-09	-2.23989696582e-10
2.71604341865e-09	-2.69190208319e-10
2.71710230497e-09	-3.14713423724e-10
2.71816119129e-09	-3.4986627831e-10
2.71922007762e-09	-3.67518068062e-10
2.72027896394e-09	-3.64335294573e-10
2.72133785026e-09	-3.40914749555e-10
2.72239673659e-09	-3.00377512794e-10
2.72345562291e-09	-2.51864416476e-10
2.72451450923e-09	-2.05443672491e-10
2.72557339556e-09	-1.70894869436e-10
2.72663228188e-09	-1.5441735824e-10
2.7276911682e-09	-1.58835057086e-10
2.72875005452e-09	-1.83040955656e-10
2.72980894085e-09	-2.22195952609e-10
2.73086782717e-09	-2.66325872814e-10
2.73192671349e-09	-3.06932007588e-10
2.73298559982e-09	-3.34993375053e-10
2.73404448614e-09	-3.46166472223e-10
2.73510337246e-09	-3.37798820166e-10
2.73616225879e-09	-3.12481930956e-10
2.73722114511e-09	-2.75255405274e-10
2.73828003143e-09	-2.35596027062e-10
2.73933891776e-09	-2.01275577802e-10
2.74039780408e-09	-1.77705736411e-10
2.7414566904e-09	-1.69355834911e-10
2.74251557672e-09	-1.7607445623e-10
2.74357446305e-09	-1.95228859121e-10
2.74463334937e-09	-2.22474498893e-10
2.74569223569e-09	-2.49987960887e-10
2.74675112202e-09	-2.73285756872e-10
2.74781000834e-09	-2.87584685232e-10
2.74886889466e-09	-2.92005041674e-10
2.74992778099e-09	-2.85009805687e-10
2.75098666731e-09	-2.7097521102e-10
2.75204555363e-09	-2.53750253448e-10
2.75310443996e-09	-2.37252063481e-10
2.75416332628e-09	-2.23995029122e-10
2.7552222126e-09	-2.14932944706e-10
2.75628109892e-09	-2.112594856e-10
2.75733998525e-09	-2.11466708727e-10
2.75839887157e-09	-2.1363493613e-10
2.75945775789e-09	-2.15800413997e-10
2.76051664422e-09	-2.16765506586e-10
2.76157553054e-09	-2.16784191293e-10
2.76263441686e-09	-2.15890439206e-10
2.76369330319e-09	-2.16646025772e-10
2.76475218951e-09	-2.20140969689e-10
2.76581107583e-09	-2.27448100285e-10
2.76686996215e-09	-2.38231597643e-10
2.76792884848e-09	-2.51208727431e-10
2.7689877348e-09	-2.61560932635e-10
2.77004662112e-09	-2.67013109539e-10
2.77110550745e-09	-2.63908270237e-10
2.77216439377e-09	-2.51154963146e-10
2.77322328009e-09	-2.2994412624e-10
2.77428216642e-09	-2.02338297159e-10
2.77534105274e-09	-1.73895517777e-10
2.77639993906e-09	-1.51499613202e-10
2.77745882539e-09	-1.39286171139e-10
2.77851771171e-09	-1.41693965588e-10
2.77957659803e-09	-1.58797744051e-10
2.78063548435e-09	-1.89397291253e-10
2.78169437068e-09	-2.2799399868e-10
2.782753257e-09	-2.65989124823e-10
2.78381214332e-09	-2.95939541969e-10
2.78487102965e-09	-3.10273513479e-10
2.78592991597e-09	-3.05078490248e-10
2.78698880229e-09	-2.79625470348e-10
2.78804768862e-09	-2.39425266071e-10
2.78910657494e-09	-1.89307560947e-10
2.79016546126e-09	-1.40144877474e-10
2.79122434759e-09	-1.01490675239e-10
2.79228323391e-09	-8.13552931619e-11
2.79334212023e-09	-8.41826486991e-11
2.79440100655e-09	-1.10932475011e-10
2.79545989288e-09	-1.5655733307e-10
2.7965187792e-09	-2.10662784092e-10
2.79757766552e-09	-2.64784409676e-10
2.79863655185e-09	-3.05415713553e-10
2.79969543817e-09	-3.25669763726e-10
2.80075432449e-09	-3.21518249524e-10
2.80181321082e-09	-2.92346404029e-10
2.80287209714e-09	-2.44131999338e-10
2.80393098346e-09	-1.85974107642e-10
2.80498986979e-09	-1.27958310614e-10
2.80604875611e-09	-8.28216427731e-11
2.80710764243e-09	-5.81168919413e-11
2.80816652875e-09	-5.81504054978e-11
2.80922541508e-09	-8.2997200692e-11
2.8102843014e-09	-1.27341707491e-10
2.81134318772e-09	-1.80866334062e-10
2.81240207405e-09	-2.35737896218e-10
2.81346096037e-09	-2.7925670977e-10
2.81451984669e-09	-3.04174027979e-10
2.81557873302e-09	-3.06952399262e-10
2.81663761934e-09	-2.85860172339e-10
2.81769650566e-09	-2.45958368256e-10
2.81875539198e-09	-1.95377339307e-10
2.81981427831e-09	-1.42909112495e-10
2.82087316463e-09	-9.95477363736e-11
2.82193205095e-09	-7.10565464974e-11
2.82299093728e-09	-6.17703518543e-11
2.8240498236e-09	-7.3561514085e-11
2.82510870992e-09	-1.01802792758e-10
2.82616759625e-09	-1.40815968261e-10
2.82722648257e-09	-1.83577812674e-10
2.82828536889e-09	-2.21261918509e-10
2.82934425522e-09	-2.48298969927e-10
2.83040314154e-09	-2.6154848079e-10
2.83146202786e-09	-2.58599940073e-10
2.83252091418e-09	-2.40609747404e-10
2.83357980051e-09	-2.11921404036e-10
2.83463868683e-09	-1.76948280681e-10
2.83569757315e-09	-1.4209424349e-10
2.83675645948e-09	-1.12928324678e-10
2.8378153458e-09	-9.18174408032e-11
2.83887423212e-09	-8.30665345536e-11
2.83993311845e-09	-8.63760417358e-11
2.84099200477e-09	-9.97417808069e-11
2.84205089109e-09	-1.21873231992e-10
2.84310977742e-09	-1.47163590342e-10
2.84416866374e-09	-1.73559117599e-10
2.84522755006e-09	-1.96803641092e-10
2.84628643638e-09	-2.13919302411e-10
2.84734532271e-09	-2.22203516004e-10
2.84840420903e-09	-2.21277756535e-10
2.84946309535e-09	-2.09889204975e-10
2.85052198168e-09	-1.91080377215e-10
2.851580868e-09	-1.65813789782e-10
2.85263975432e-09	-1.37251590301e-10
2.85369864065e-09	-1.10718929684e-10
2.85475752697e-09	-8.84744634326e-11
2.85581641329e-09	-7.40213832069e-11
2.85687529962e-09	-7.11788566456e-11
2.85793418594e-09	-7.75533708433e-11
2.85899307226e-09	-9.50589329474e-11
2.86005195858e-09	-1.22077199911e-10
2.86111084491e-09	-1.52514065613e-10
2.86216973123e-09	-1.8253081685e-10
2.86322861755e-09	-2.07717607004e-10
2.86428750388e-09	-2.22350183404e-10
2.8653463902e-09	-2.24294508314e-10
2.86640527652e-09	-2.12723373638e-10
2.86746416285e-09	-1.87481479993e-10
2.86852304917e-09	-1.53450061685e-10
2.86958193549e-09	-1.14525615554e-10
2.87064082181e-09	-7.67889471627e-11
2.87169970814e-09	-4.73173965287e-11
2.87275859446e-09	-3.11879723436e-11
2.87381748078e-09	-3.05381902491e-11
2.87487636711e-09	-4.80323341864e-11
2.87593525343e-09	-7.98168753313e-11
2.87699413975e-09	-1.20191459216e-10
2.87805302608e-09	-1.64871430744e-10
2.8791119124e-09	-2.04831885828e-10
2.88017079872e-09	-2.31719086627e-10
2.88122968505e-09	-2.42617710644e-10
2.88228857137e-09	-2.33266069655e-10
2.88334745769e-09	-2.04036409296e-10
2.88440634401e-09	-1.58988391896e-10
2.88546523034e-09	-1.0678103974e-10
2.88652411666e-09	-5.53429988469e-11
2.88758300298e-09	-1.29391732788e-11
2.88864188931e-09	1.20991965362e-11
2.88970077563e-09	1.43745747185e-11
2.89075966195e-09	-6.51073108187e-12
2.89181854828e-09	-4.72810579751e-11
2.8928774346e-09	-1.02266170358e-10
2.89393632092e-09	-1.60142860778e-10
2.89499520725e-09	-2.11364275041e-10
2.89605409357e-09	-2.47034854378e-10
2.89711297989e-09	-2.59103839079e-10
2.89817186621e-09	-2.44202342375e-10
2.89923075254e-09	-2.06264987729e-10
2.90028963886e-09	-1.48913926329e-10
2.90134852518e-09	-8.37804391834e-11
2.90240741151e-09	-2.16837309826e-11
2.90346629783e-09	2.69440192813e-11
2.90452518415e-09	5.1564306644e-11
2.90558407048e-09	4.8279752158e-11
2.9066429568e-09	1.73516644846e-11
2.90770184312e-09	-3.62263463585e-11
2.90876072944e-09	-1.02147329657e-10
2.90981961577e-09	-1.68131876477e-10
2.91087850209e-09	-2.23685348022e-10
2.91193738841e-09	-2.55282732453e-10
2.91299627474e-09	-2.59451588686e-10
2.91405516106e-09	-2.33789222356e-10
2.91511404738e-09	-1.83270069259e-10
2.91617293371e-09	-1.17521329474e-10
2.91723182003e-09	-4.80114576568e-11
2.91829070635e-09	1.29625367514e-11
2.91934959268e-09	5.40441836248e-11
2.920408479e-09	6.74945980182e-11
2.92146736532e-09	5.27305117973e-11
2.92252625164e-09	1.13887753937e-11
2.92358513797e-09	-4.78204168972e-11
2.92464402429e-09	-1.1330153829e-10
2.92570291061e-09	-1.73274853667e-10
2.92676179694e-09	-2.15827607522e-10
2.92782068326e-09	-2.34325794879e-10
2.92887956958e-09	-2.2628207641e-10
2.92993845591e-09	-1.93061604897e-10
2.93099734223e-09	-1.42308283213e-10
2.93205622855e-09	-8.23129541958e-11
2.93311511488e-09	-2.48452402315e-11
2.9341740012e-09	2.03373217789e-11
2.93523288752e-09	4.60327535638e-11
2.93629177384e-09	4.85088015763e-11
2.93735066017e-09	2.88920311287e-11
2.93840954649e-09	-8.19222321273e-12
2.93946843281e-09	-5.44126826929e-11
2.94052731914e-09	-1.02921866342e-10
2.94158620546e-09	-1.44010198731e-10
2.94264509178e-09	-1.71154682441e-10
2.94370397811e-09	-1.80814402513e-10
2.94476286443e-09	-1.72822644216e-10
2.94582175075e-09	-1.48019776991e-10
2.94688063708e-09	-1.14234707631e-10
2.9479395234e-09	-7.55038549044e-11
2.94899840972e-09	-3.81769843603e-11
2.95005729604e-09	-7.97225583075e-12
2.95111618237e-09	1.15639195268e-11
2.95217506869e-09	1.74804196725e-11
2.95323395501e-09	1.14933198592e-11
2.95429284134e-09	-5.61501322868e-12
2.95535172766e-09	-3.02504839754e-11
2.95641061398e-09	-5.81921334036e-11
2.95746950031e-09	-8.63116058659e-11
2.95852838663e-09	-1.10130501073e-10
2.95958727295e-09	-1.27150335399e-10
2.96064615927e-09	-1.356293515e-10
2.9617050456e-09	-1.32639347422e-10
2.96276393192e-09	-1.19962874703e-10
2.96382281824e-09	-9.92163287292e-11
2.96488170457e-09	-7.27198423006e-11
2.96594059089e-09	-4.27451761053e-11
2.96699947721e-09	-1.39517403706e-11
2.96805836354e-09	9.85842679192e-12
2.96911724986e-09	2.43700595728e-11
2.97017613618e-09	2.78260522263e-11
2.97123502251e-09	1.85723502549e-11
2.97229390883e-09	-3.52216937257e-12
2.97335279515e-09	-3.38241396697e-11
2.97441168147e-09	-6.90594716829e-11
2.9754705678e-09	-1.02763001233e-10
2.97652945412e-09	-1.28720134378e-10
2.97758834044e-09	-1.42755834064e-10
2.97864722677e-09	-1.41268509911e-10
2.97970611309e-09	-1.23326081986e-10
2.98076499941e-09	-9.18787784569e-11
2.98182388574e-09	-5.07568093458e-11
2.98288277206e-09	-7.2167769807e-12
2.98394165838e-09	3.02434598632e-11
2.98500054471e-09	5.64448622391e-11
2.98605943103e-09	6.46315587854e-11
2.98711831735e-09	5.46459830511e-11
2.98817720367e-09	2.80084243558e-11
2.98923609e-09	-1.23888512296e-11
2.99029497632e-09	-5.78139103431e-11
2.99135386264e-09	-1.00872244585e-10
2.99241274897e-09	-1.32575153113e-10
2.99347163529e-09	-1.47246566502e-10
2.99453052161e-09	-1.42462363087e-10
2.99558940794e-09	-1.18633425999e-10
2.99664829426e-09	-8.00922665863e-11
2.99770718058e-09	-3.38684963321e-11
2.99876606691e-09	1.20893489447e-11
2.99982495323e-09	4.99747110014e-11
3.00088383955e-09	7.21392385931e-11
3.00194272587e-09	7.5674527842e-11
3.0030016122e-09	6.0584255928e-11
3.00406049852e-09	3.00593313261e-11
3.00511938484e-09	-1.04810932069e-11
3.00617827117e-09	-5.31642516469e-11
3.00723715749e-09	-9.04303810653e-11
3.00829604381e-09	-1.15228280043e-10
3.00935493014e-09	-1.2422820151e-10
3.01041381646e-09	-1.15625916827e-10
3.01147270278e-09	-9.1523036979e-11
3.0125315891e-09	-5.73209067017e-11
3.01359047543e-09	-1.922833301e-11
3.01464936175e-09	1.71877402718e-11
3.01570824807e-09	4.50954230555e-11
3.0167671344e-09	6.07524542826e-11
3.01782602072e-09	6.28416867154e-11
3.01888490704e-09	5.01707319352e-11
3.01994379337e-09	2.73535851088e-11
3.02100267969e-09	-9.75198735783e-13
3.02206156601e-09	-3.0998498473e-11
3.02312045234e-09	-5.70088980363e-11
3.02417933866e-09	-7.50169804747e-11
3.02523822498e-09	-8.35020065246e-11
3.0262971113e-09	-8.08101398297e-11
3.02735599763e-09	-6.86168608911e-11
3.02841488395e-09	-4.88365875517e-11
3.02947377027e-09	-2.53131578198e-11
3.0305326566e-09	-8.28586223071e-13
3.03159154292e-09	2.09672232918e-11
3.03265042924e-09	3.80143264957e-11
3.03370931557e-09	4.70266913518e-11
3.03476820189e-09	4.90911339357e-11
3.03582708821e-09	4.24945287292e-11
3.03688597454e-09	2.84132786743e-11
3.03794486086e-09	9.09590935558e-12
3.03900374718e-09	-1.24352390364e-11
3.0400626335e-09	-3.28206762983e-11
3.04112151983e-09	-4.95047956621e-11
3.04218040615e-09	-6.04209243402e-11
3.04323929247e-09	-6.32755154696e-11
3.0442981788e-09	-5.78850608939e-11
3.04535706512e-09	-4.42527475168e-11
3.04641595144e-09	-2.36471335135e-11
3.04747483777e-09	9.76168419101e-13
3.04853372409e-09	2.57952914671e-11
3.04959261041e-09	4.77647383451e-11
3.05065149673e-09	6.36243835395e-11
3.05171038306e-09	6.94775309333e-11
3.05276926938e-09	6.42176398863e-11
3.0538281557e-09	4.85306504185e-11
3.05488704203e-09	2.48403940646e-11
3.05594592835e-09	-3.17623688852e-12
3.05700481467e-09	-3.15599354376e-11
3.058063701e-09	-5.57419869811e-11
3.05912258732e-09	-6.95137827508e-11
3.06018147364e-09	-7.20372359854e-11
3.06124035997e-09	-6.11889840012e-11
3.06229924629e-09	-3.76638171606e-11
3.06335813261e-09	-6.10104498931e-12
3.06441701893e-09	2.89282014142e-11
3.06547590526e-09	6.09509998896e-11
3.06653479158e-09	8.54496386843e-11
3.0675936779e-09	9.72614792524e-11
3.06865256423e-09	9.3501836048e-11
3.06971145055e-09	7.50105606968e-11
3.07077033687e-09	4.54733371184e-11
3.0718292232e-09	9.6100317374e-12
3.07288810952e-09	-2.72319415281e-11
3.07394699584e-09	-5.72017203569e-11
3.07500588217e-09	-7.59995868321e-11
3.07606476849e-09	-7.83093828498e-11
3.07712365481e-09	-6.36715094711e-11
3.07818254113e-09	-3.55133979949e-11
3.07924142746e-09	2.55631686609e-12
3.08030031378e-09	4.29141667948e-11
3.0813592001e-09	7.81218444969e-11
3.08241808643e-09	1.04295096864e-10
3.08347697275e-09	1.14607587309e-10
3.08453585907e-09	1.07379050963e-10
3.0855947454e-09	8.4718091483e-11
3.08665363172e-09	5.02783340135e-11
3.08771251804e-09	1.00819973572e-11
3.08877140437e-09	-2.70732169322e-11
3.08983029069e-09	-5.53944043413e-11
3.09088917701e-09	-7.00141433545e-11
3.09194806333e-09	-6.76982836109e-11
3.09300694966e-09	-5.03449313488e-11
3.09406583598e-09	-1.83649408615e-11
3.0951247223e-09	1.97118146458e-11
3.09618360863e-09	5.78790401023e-11
3.09724249495e-09	8.98868041631e-11
3.09830138127e-09	1.09781138173e-10
3.0993602676e-09	1.13572934911e-10
3.10041915392e-09	1.02202943157e-10
3.10147804024e-09	7.77186492246e-11
3.10253692656e-09	4.48478819186e-11
3.10359581289e-09	1.07768199746e-11
3.10465469921e-09	-1.95631809363e-11
3.10571358553e-09	-4.03182411502e-11
3.10677247186e-09	-4.80062992397e-11
3.10783135818e-09	-4.16010348999e-11
3.1088902445e-09	-2.27337757994e-11
3.10994913083e-09	4.42884162503e-12
3.11100801715e-09	3.47247324211e-11
3.11206690347e-09	6.23306029186e-11
3.1131257898e-09	8.41996121263e-11
3.11418467612e-09	9.56630477958e-11
3.11524356244e-09	9.60601867148e-11
3.11630244876e-09	8.60480228737e-11
3.11736133509e-09	6.75532876165e-11
3.11842022141e-09	4.62885272647e-11
3.11947910773e-09	2.39480739926e-11
3.12053799406e-09	5.8185069176e-12
3.12159688038e-09	-6.26227661307e-12
3.1226557667e-09	-1.07158548528e-11
3.12371465303e-09	-7.44324182367e-12
3.12477353935e-09	2.59004956696e-12
3.12583242567e-09	1.61447292167e-11
3.126891312e-09	3.20525001939e-11
3.12795019832e-09	4.729975309e-11
3.12900908464e-09	6.11570134812e-11
3.13006797096e-09	7.0055322654e-11
3.13112685729e-09	7.53472284565e-11
3.13218574361e-09	7.58546593593e-11
3.13324462993e-09	7.25295917076e-11
3.13430351626e-09	6.56408729455e-11
3.13536240258e-09	5.56228782651e-11
3.1364212889e-09	4.42033081145e-11
3.13748017523e-09	3.27539453893e-11
3.13853906155e-09	2.16586645537e-11
3.13959794787e-09	1.22658219302e-11
3.1406568342e-09	7.79649126292e-12
3.14171572052e-09	6.98175816206e-12
3.14277460684e-09	1.17732500181e-11
3.14383349316e-09	2.23009377891e-11
3.14489237949e-09	3.75347589381e-11
3.14595126581e-09	5.5228787689e-11
3.14701015213e-09	7.25477269405e-11
3.14806903846e-09	8.78687782258e-11
3.14912792478e-09	9.64825485131e-11
3.1501868111e-09	9.70635247524e-11
3.15124569743e-09	8.98584223523e-11
3.15230458375e-09	7.48151015965e-11
3.15336347007e-09	5.4257909797e-11
3.15442235639e-09	3.11563685008e-11
3.15548124272e-09	1.03649909836e-11
3.15654012904e-09	-4.3820038879e-12
3.15759901536e-09	-1.04707627117e-11
3.15865790169e-09	-5.34561278706e-12
3.15971678801e-09	1.05717579873e-11
3.16077567433e-09	3.52723330144e-11
3.16183456066e-09	6.26097784728e-11
3.16289344698e-09	8.98581543375e-11
3.1639523333e-09	1.10446499169e-10
3.16501121963e-09	1.21164216681e-10
3.16607010595e-09	1.19502421847e-10
3.16712899227e-09	1.05525461633e-10
3.16818787859e-09	8.16592210517e-11
3.16924676492e-09	5.21825182891e-11
3.17030565124e-09	2.31295484068e-11
3.17136453756e-09	-6.28755850011e-13
3.17242342389e-09	-1.36827309465e-11
3.17348231021e-09	-1.40230875956e-11
3.17454119653e-09	-9.58442431865e-13
3.17560008286e-09	2.23831164107e-11
3.17665896918e-09	5.25180610805e-11
3.1777178555e-09	8.33477896076e-11
3.17877674183e-09	1.09151882845e-10
3.17983562815e-09	1.24859228859e-10
3.18089451447e-09	1.283643105e-10
3.18195340079e-09	1.19291032781e-10
3.18301228712e-09	9.869195218e-11
3.18407117344e-09	7.15895203361e-11
3.18513005976e-09	4.34166817082e-11
3.18618894609e-09	1.83598947677e-11
3.18724783241e-09	2.06882707038e-12
3.18830671873e-09	-3.31519352443e-12
3.18936560506e-09	2.37761898928e-12
3.19042449138e-09	1.97131090748e-11
3.1914833777e-09	4.31893733017e-11
3.19254226402e-09	6.93628943345e-11
3.19360115035e-09	9.39229111152e-11
3.19466003667e-09	1.1106472339e-10
3.19571892299e-09	1.19118610808e-10
3.19677780932e-09	1.16874451957e-10
3.19783669564e-09	1.05599196921e-10
3.19889558196e-09	8.7680357766e-11
3.19995446829e-09	6.67683048607e-11
3.20101335461e-09	4.58605315182e-11
3.20207224093e-09	2.9548587752e-11
3.20313112726e-09	2.07344521327e-11
3.20419001358e-09	1.96628918659e-11
3.2052488999e-09	2.64326733244e-11
3.20630778622e-09	3.95885221306e-11
3.20736667255e-09	5.55216640892e-11
3.20842555887e-09	7.3678133039e-11
3.20948444519e-09	8.85591938324e-11
3.21054333152e-09	9.96399447326e-11
3.21160221784e-09	1.04145703346e-10
3.21266110416e-09	1.0356342086e-10
3.21371999049e-09	9.66628756205e-11
3.21477887681e-09	8.60702906516e-11
3.21583776313e-09	7.2748681211e-11
3.21689664946e-09	5.98744183573e-11
3.21795553578e-09	4.94614744127e-11
3.2190144221e-09	4.21641445716e-11
3.22007330842e-09	3.87142032841e-11
3.22113219475e-09	4.0499359942e-11
3.22219108107e-09	4.65261258339e-11
3.22324996739e-09	5.6173254416e-11
3.22430885372e-09	6.78759930206e-11
3.22536774004e-09	7.9274577354e-11
3.22642662636e-09	8.88668487756e-11
3.22748551269e-09	9.56053066575e-11
3.22854439901e-09	9.92482060078e-11
3.22960328533e-09	9.88548548575e-11
3.23066217166e-09	9.38921570701e-11
3.23172105798e-09	8.53336221129e-11
3.2327799443e-09	7.53140028641e-11
3.23383883062e-09	6.44857930075e-11
3.23489771695e-09	5.49671684037e-11
3.23595660327e-09	4.7560906602e-11
3.23701548959e-09	4.4914996852e-11
3.23807437592e-09	4.7182912525e-11
3.23913326224e-09	5.37199399547e-11
3.24019214856e-09	6.27139238978e-11
3.24125103489e-09	7.46388298389e-11
3.24230992121e-09	8.62232980327e-11
3.24336880753e-09	9.56744293165e-11
3.24442769385e-09	1.0180217086e-10
3.24548658018e-09	1.0390944008e-10
3.2465454665e-09	1.0090546454e-10
3.24760435282e-09	9.4336747615e-11
3.24866323915e-09	8.36387222501e-11
3.24972212547e-09	7.18797447778e-11
3.25078101179e-09	6.0855487316e-11
3.25183989812e-09	5.19085096087e-11
3.25289878444e-09	4.76465832934e-11
3.25395767076e-09	4.79476610325e-11
3.25501655709e-09	5.29936736854e-11
3.25607544341e-09	6.30957564841e-11
3.25713432973e-09	7.47741005398e-11
3.25819321605e-09	8.73587612839e-11
3.25925210238e-09	9.79507377985e-11
3.2603109887e-09	1.05823951164e-10
3.26136987502e-09	1.0816524499e-10
3.26242876135e-09	1.05733009154e-10
3.26348764767e-09	9.7952381449e-11
3.26454653399e-09	8.67067064848e-11
3.26560542032e-09	7.49812347628e-11
3.26666430664e-09	6.25101945033e-11
3.26772319296e-09	5.35208704612e-11
3.26878207929e-09	4.87359991773e-11
3.26984096561e-09	4.97378856851e-11
3.27089985193e-09	5.53984861457e-11
3.27195873825e-09	6.58595842792e-11
3.27301762458e-09	7.83932879549e-11
3.2740765109e-09	9.15638129553e-11
3.27513539722e-09	1.02006464907e-10
3.27619428355e-09	1.08592435391e-10
3.27725316987e-09	1.10661140841e-10
3.27831205619e-09	1.07293853489e-10
3.27937094252e-09	9.764957766e-11
3.28042982884e-09	8.642665663e-11
3.28148871516e-09	7.41885186097e-11
3.28254760149e-09	6.24888886296e-11
3.28360648781e-09	5.50788646463e-11
3.28466537413e-09	5.27205254279e-11
3.28572426045e-09	5.41900192254e-11
3.28678314678e-09	6.17499961754e-11
3.2878420331e-09	7.23821740392e-11
3.28890091942e-09	8.3996203222e-11
3.28995980575e-09	9.54553814464e-11
3.29101869207e-09	1.04175799064e-10
3.29207757839e-09	1.08203047217e-10
3.29313646472e-09	1.08071417267e-10
3.29419535104e-09	1.02239319441e-10
3.29525423736e-09	9.34029789276e-11
3.29631312368e-09	8.30210952069e-11
3.29737201001e-09	7.35611766813e-11
3.29843089633e-09	6.52337493919e-11
3.29948978265e-09	6.05046364573e-11
3.30054866898e-09	5.99216297241e-11
3.3016075553e-09	6.40842999326e-11
3.30266644162e-09	7.09263910624e-11
3.30372532795e-09	7.96738079158e-11
3.30478421427e-09	8.84977802845e-11
3.30584310059e-09	9.55762387636e-11
3.30690198692e-09	1.00132133488e-10
3.30796087324e-09	1.01059527934e-10
3.30901975956e-09	9.89354206199e-11
3.31007864588e-09	9.52818197605e-11
3.31113753221e-09	8.92879754508e-11
3.31219641853e-09	8.34200755348e-11
3.31325530485e-09	7.86876475437e-11
3.31431419118e-09	7.45671887951e-11
3.3153730775e-09	7.34467005443e-11
3.31643196382e-09	7.33994332328e-11
3.31749085015e-09	7.45864025924e-11
3.31854973647e-09	7.69677195242e-11
3.31960862279e-09	7.99813409946e-11
3.32066750912e-09	8.23271047688e-11
3.32172639544e-09	8.49532744499e-11
3.32278528176e-09	8.69161079914e-11
3.32384416808e-09	8.9964231377e-11
3.32490305441e-09	9.16286655925e-11
3.32596194073e-09	9.32182308774e-11
3.32702082705e-09	9.46976230071e-11
3.32807971338e-09	9.51784094247e-11
3.3291385997e-09	9.40546720368e-11
3.33019748602e-09	9.14694093038e-11
3.33125637235e-09	8.70909273518e-11
3.33231525867e-09	8.12213933263e-11
3.33337414499e-09	7.53516866958e-11
3.33443303131e-09	7.02160213653e-11
3.33549191764e-09	6.72048892231e-11
3.33655080396e-09	6.62878796992e-11
3.33760969028e-09	6.95737083396e-11
3.33866857661e-09	7.55993739832e-11
3.33972746293e-09	8.55986653087e-11
3.34078634925e-09	9.6287941162e-11
3.34184523558e-09	1.0591822211e-10
3.3429041219e-09	1.12256762046e-10
3.34396300822e-09	1.14121436259e-10
3.34502189455e-09	1.10511264202e-10
3.34608078087e-09	1.01471823999e-10
3.34713966719e-09	8.891081274e-11
3.34819855351e-09	7.4838476128e-11
3.34925743984e-09	6.17978550277e-11
3.35031632616e-09	5.31594854941e-11
3.35137521248e-09	4.96927802726e-11
3.35243409881e-09	5.31123374448e-11
3.35349298513e-09	6.34902989557e-11
3.35455187145e-09	7.93362333294e-11
3.35561075778e-09	9.7111260873e-11
3.3566696441e-09	1.13185429779e-10
3.35772853042e-09	1.25062397938e-10
3.35878741675e-09	1.28620503137e-10
3.35984630307e-09	1.25226933857e-10
3.36090518939e-09	1.13526184981e-10
3.36196407571e-09	9.60278722859e-11
3.36302296204e-09	7.61106325534e-11
3.36408184836e-09	5.83260644643e-11
3.36514073468e-09	4.46424433878e-11
3.36619962101e-09	3.94863588441e-11
3.36725850733e-09	4.30552705034e-11
3.36831739365e-09	5.59411362719e-11
3.36937627998e-09	7.38524948661e-11
3.3704351663e-09	9.43124935787e-11
3.37149405262e-09	1.13959082622e-10
3.37255293895e-09	1.2724339811e-10
3.37361182527e-09	1.33344358125e-10
3.37467071159e-09	1.30453617526e-10
3.37572959791e-09	1.18854892074e-10
3.37678848424e-09	1.01668058521e-10
3.37784737056e-09	8.12499555483e-11
3.37890625688e-09	6.22952180292e-11
3.37996514321e-09	4.85431837956e-11
3.38102402953e-09	4.12952337256e-11
3.38208291585e-09	4.37787228344e-11
3.38314180218e-09	5.30816935546e-11
3.3842006885e-09	6.86664826562e-11
3.38525957482e-09	8.60401194736e-11
3.38631846114e-09	1.04102667459e-10
3.38737734747e-09	1.17555598936e-10
3.38843623379e-09	1.24969774112e-10
3.38949512011e-09	1.2502187046e-10
3.39055400644e-09	1.18468014912e-10
3.39161289276e-09	1.0576549879e-10
3.39267177908e-09	9.10713371036e-11
3.39373066541e-09	7.5842690201e-11
3.39478955173e-09	6.33510947694e-11
3.39584843805e-09	5.58006323439e-11
3.39690732438e-09	5.35384553531e-11
3.3979662107e-09	5.64812606407e-11
3.39902509702e-09	6.45959644281e-11
3.40008398334e-09	7.52215993487e-11
3.40114286967e-09	8.74911306598e-11
3.40220175599e-09	9.7734518395e-11
3.40326064231e-09	1.0561728922e-10
3.40431952864e-09	1.10638340503e-10
3.40537841496e-09	1.10724532841e-10
3.40643730128e-09	1.07763333847e-10
3.40749618761e-09	1.02183687727e-10
3.40855507393e-09	9.44829509769e-11
3.40961396025e-09	8.62337393333e-11
3.41067284658e-09	7.82216171176e-11
3.4117317329e-09	7.06605160668e-11
3.41279061922e-09	6.61320850512e-11
3.41384950554e-09	6.35919129854e-11
3.41490839187e-09	6.39036219774e-11
3.41596727819e-09	6.68521900164e-11
3.41702616451e-09	7.20821150164e-11
3.41808505084e-09	8.10932094045e-11
3.41914393716e-09	8.95341140637e-11
3.42020282348e-09	9.87168203084e-11
3.42126170981e-09	1.06576591302e-10
3.42232059613e-09	1.11513956923e-10
3.42337948245e-09	1.12261965349e-10
3.42443836878e-09	1.09808573692e-10
3.4254972551e-09	1.02765723882e-10
3.42655614142e-09	9.19378193368e-11
3.42761502774e-09	7.94832845374e-11
3.42867391407e-09	6.69767913006e-11
3.42973280039e-09	5.69812981521e-11
3.43079168671e-09	5.08382810675e-11
3.43185057304e-09	5.06687929461e-11
3.43290945936e-09	5.65390906836e-11
3.43396834568e-09	6.7329769364e-11
3.43502723201e-09	8.22634881222e-11
3.43608611833e-09	9.83781632546e-11
3.43714500465e-09	1.13018133047e-10
3.43820389097e-09	1.23026480496e-10
3.4392627773e-09	1.2610261186e-10
3.44032166362e-09	1.22774005372e-10
3.44138054994e-09	1.11378788137e-10
3.44243943627e-09	9.52789002209e-11
3.44349832259e-09	7.67817762495e-11
3.44455720891e-09	5.96633224596e-11
3.44561609524e-09	4.56730929119e-11
3.44667498156e-09	3.80018579538e-11
3.44773386788e-09	3.92279860938e-11
3.44879275421e-09	4.84262833826e-11
3.44985164053e-09	6.39845780526e-11
3.45091052685e-09	8.42226293048e-11
3.45196941317e-09	1.04485900834e-10
3.4530282995e-09	1.20795466511e-10
3.45408718582e-09	1.30660755653e-10
3.45514607214e-09	1.33304676325e-10
3.45620495847e-09	1.25893692172e-10
3.45726384479e-09	1.11665060878e-10
3.45832273111e-09	9.21643074359e-11
3.45938161744e-09	7.11044556567e-11
3.46044050376e-09	5.23267475357e-11
3.46149939008e-09	3.92739900931e-11
3.46255827641e-09	3.39849227319e-11
3.46361716273e-09	3.70685830121e-11
3.46467604905e-09	4.83009457083e-11
3.46573493537e-09	6.55778990138e-11
3.4667938217e-09	8.61296567921e-11
3.46785270802e-09	1.05618204287e-10
3.46891159434e-09	1.21203005098e-10
3.46997048067e-09	1.29157097344e-10
3.47102936699e-09	1.30267787009e-10
3.47208825331e-09	1.23008876522e-10
3.47314713964e-09	1.0882607402e-10
3.47420602596e-09	9.03202998503e-11
3.47526491228e-09	7.03456117142e-11
3.4763237986e-09	5.27228117934e-11
3.47738268493e-09	4.0738851962e-11
3.47844157125e-09	3.54822226288e-11
3.47950045757e-09	3.85187762762e-11
3.4805593439e-09	4.85449549482e-11
3.48161823022e-09	6.45506209249e-11
3.48267711654e-09	8.27068973204e-11
3.48373600287e-09	1.01030927548e-10
3.48479488919e-09	1.15536071162e-10
3.48585377551e-09	1.24187631532e-10
3.48691266184e-09	1.26264324517e-10
3.48797154816e-09	1.20866774922e-10
3.48903043448e-09	1.09128883881e-10
3.4900893208e-09	9.26082639394e-11
3.49114820713e-09	7.46425287031e-11
3.49220709345e-09	5.78344464333e-11
3.49326597977e-09	4.46059981486e-11
3.4943248661e-09	3.79606712817e-11
3.49538375242e-09	3.80986409955e-11
3.49644263874e-09	4.58289690919e-11
3.49750152507e-09	5.84065573683e-11
3.49856041139e-09	7.52387535954e-11
3.49961929771e-09	9.23233139244e-11
3.50067818404e-09	1.07452650076e-10
3.50173707036e-09	1.18113240542e-10
3.50279595668e-09	1.22467031308e-10
3.503854843e-09	1.20749200569e-10
3.50491372933e-09	1.12346796796e-10
3.50597261565e-09	9.76707161329e-11
3.50703150197e-09	8.05846058285e-11
3.5080903883e-09	6.33913672422e-11
3.50914927462e-09	4.92321712911e-11
3.51020816094e-09	4.01963969922e-11
3.51126704727e-09	3.71271405546e-11
3.51232593359e-09	4.11943599891e-11
3.51338481991e-09	5.21210921645e-11
3.51444370624e-09	6.62754556097e-11
3.51550259256e-09	8.35161011528e-11
3.51656147888e-09	9.9621473397e-11
3.5176203652e-09	1.13324202453e-10
3.51867925153e-09	1.21498097173e-10
3.51973813785e-09	1.2162889966e-10
3.52079702417e-09	1.15994520412e-10
3.5218559105e-09	1.0374131762e-10
3.52291479682e-09	8.66266698131e-11
3.52397368314e-09	6.93731743058e-11
3.52503256947e-09	5.24690889694e-11
3.52609145579e-09	4.06994585603e-11
3.52715034211e-09	3.50132711453e-11
3.52820922843e-09	3.57554303006e-11
3.52926811476e-09	4.43951876129e-11
3.53032700108e-09	5.80587093159e-11
3.5313858874e-09	7.51117744391e-11
3.53244477373e-09	9.35000644617e-11
3.53350366005e-09	1.09370863928e-10
3.53456254637e-09	1.1987216688e-10
3.5356214327e-09	1.2350335598e-10
3.53668031902e-09	1.19789487357e-10
3.53773920534e-09	1.08423396129e-10
3.53879809167e-09	9.20455066333e-11
3.53985697799e-09	7.31822679713e-11
3.54091586431e-09	5.49327449847e-11
3.54197475063e-09	3.99025680119e-11
3.54303363696e-09	3.16994997959e-11
3.54409252328e-09	3.075502201e-11
3.5451514096e-09	3.71952206448e-11
3.54621029593e-09	5.07186024949e-11
3.54726918225e-09	6.87828023704e-11
3.54832806857e-09	8.87065243309e-11
3.5493869549e-09	1.06804009213e-10
3.55044584122e-09	1.19494818554e-10
3.55150472754e-09	1.25068181506e-10
3.55256361387e-09	1.21408411102e-10
3.55362250019e-09	1.11359372244e-10
3.55468138651e-09	9.45928986182e-11
3.55574027283e-09	7.43059910477e-11
3.55679915916e-09	5.5206924969e-11
3.55785804548e-09	3.97526111421e-11
3.5589169318e-09	2.93558625759e-11
3.55997581813e-09	2.79695613458e-11
3.56103470445e-09	3.3992192958e-11
3.56209359077e-09	4.81893682944e-11
3.5631524771e-09	6.6904912166e-11
3.56421136342e-09	8.69374789172e-11
3.56527024974e-09	1.04681477028e-10
3.56632913607e-09	1.17172054177e-10
3.56738802239e-09	1.22306885106e-10
3.56844690871e-09	1.19374025422e-10
3.56950579503e-09	1.08884971352e-10
3.57056468136e-09	9.27286112479e-11
3.57162356768e-09	7.37433165747e-11
3.572682454e-09	5.50038118351e-11
3.57374134033e-09	4.05168609167e-11
3.57480022665e-09	3.23062002497e-11
3.57585911297e-09	3.07805499838e-11
3.5769179993e-09	3.76810748402e-11
3.57797688562e-09	5.07578566851e-11
3.57903577194e-09	6.64307745098e-11
3.58009465826e-09	8.3223205237e-11
3.58115354459e-09	9.86788133844e-11
3.58221243091e-09	1.09373676782e-10
3.58327131723e-09	1.13165874241e-10
3.58433020356e-09	1.11134729891e-10
3.58538908988e-09	1.02709068681e-10
3.5864479762e-09	8.96361171052e-11
3.58750686253e-09	7.53211724762e-11
3.58856574885e-09	6.01400609e-11
3.58962463517e-09	4.86103579264e-11
3.5906835215e-09	4.14748021083e-11
3.59174240782e-09	3.94755107509e-11
3.59280129414e-09	4.28235493941e-11
3.59386018046e-09	5.09728891041e-11
3.59491906679e-09	6.23123722759e-11
3.59597795311e-09	7.47256471111e-11
3.59703683943e-09	8.61722004517e-11
3.59809572576e-09	9.55442166356e-11
3.59915461208e-09	1.00979431414e-10
3.6002134984e-09	1.02475854191e-10
3.60127238473e-09	9.95315540056e-11
3.60233127105e-09	9.25114394812e-11
3.60339015737e-09	8.29446914798e-11
3.6044490437e-09	7.14357041402e-11
3.60550793002e-09	6.13369736946e-11
3.60656681634e-09	5.22958377991e-11
3.60762570266e-09	4.64512755517e-11
3.60868458899e-09	4.40512611197e-11
3.60974347531e-09	4.59538600749e-11
3.61080236163e-09	5.13881086121e-11
3.61186124796e-09	6.02264804868e-11
3.61292013428e-09	7.11108364033e-11
3.6139790206e-09	8.20970088786e-11
3.61503790693e-09	9.23485628246e-11
3.61609679325e-09	9.96508526738e-11
3.61715567957e-09	1.02253207637e-10
3.61821456589e-09	1.00678101272e-10
3.61927345222e-09	9.42638384883e-11
3.62033233854e-09	8.39576489928e-11
3.62139122486e-09	7.15582736295e-11
3.62245011119e-09	5.81636852397e-11
3.62350899751e-09	4.64181683542e-11
3.62456788383e-09	3.88999522698e-11
3.62562677016e-09	3.63276954091e-11
3.62668565648e-09	3.92188781451e-11
3.6277445428e-09	4.83019804709e-11
3.62880342913e-09	6.10683070952e-11
3.62986231545e-09	7.58800453027e-11
3.63092120177e-09	9.04769696664e-11
3.63198008809e-09	1.02344895579e-10
3.63303897442e-09	1.0826859808e-10
3.63409786074e-09	1.08408562509e-10
3.63515674706e-09	1.014969081e-10
3.63621563339e-09	8.95468577761e-11
3.63727451971e-09	7.38303715039e-11
3.63833340603e-09	5.63772192992e-11
3.63939229236e-09	4.21805912681e-11
3.64045117868e-09	3.24251226997e-11
3.641510065e-09	2.95030467071e-11
3.64256895133e-09	3.31843543529e-11
3.64362783765e-09	4.40153608006e-11
3.64468672397e-09	5.9868586217e-11
3.64574561029e-09	7.65216952303e-11
3.64680449662e-09	9.37268171061e-11
3.64786338294e-09	1.05666596133e-10
3.64892226926e-09	1.10582455519e-10
3.64998115559e-09	1.09205482331e-10
3.65104004191e-09	1.00144552373e-10
3.65209892823e-09	8.69888766054e-11
3.65315781456e-09	7.01303481433e-11
3.65421670088e-09	5.39030074916e-11
3.6552755872e-09	4.02973635363e-11
3.65633447353e-09	3.23742790388e-11
3.65739335985e-09	3.06655224217e-11
3.65845224617e-09	3.61779417188e-11
3.65951113249e-09	4.71207018717e-11
3.66057001882e-09	6.15766144671e-11
3.66162890514e-09	7.68315350577e-11
3.66268779146e-09	9.04057939621e-11
3.66374667779e-09	1.00315946522e-10
3.66480556411e-09	1.03830498886e-10
3.66586445043e-09	1.02129010977e-10
3.66692333676e-09	9.48884963659e-11
3.66798222308e-09	8.3403358872e-11
3.6690411094e-09	6.99740816505e-11
3.67009999572e-09	5.68297379641e-11
3.67115888205e-09	4.61854844733e-11
3.67221776837e-09	3.9783952608e-11
3.67327665469e-09	3.80838869555e-11
3.67433554102e-09	4.16205386128e-11
3.67539442734e-09	4.91113126729e-11
3.67645331366e-09	5.9598140225e-11
3.67751219999e-09	7.12331066528e-11
3.67857108631e-09	8.17847465098e-11
3.67962997263e-09	8.9811143765e-11
3.68068885896e-09	9.48626403124e-11
3.68174774528e-09	9.55281409531e-11
3.6828066316e-09	9.14676524626e-11
3.68386551792e-09	8.49087996094e-11
3.68492440425e-09	7.54931954623e-11
3.68598329057e-09	6.56381459602e-11
3.68704217689e-09	5.62437787316e-11
3.68810106322e-09	4.85895330048e-11
3.68915994954e-09	4.4341501174e-11
3.69021883586e-09	4.35762649922e-11
3.69127772219e-09	4.69426780433e-11
3.69233660851e-09	5.27173287662e-11
3.69339549483e-09	6.17704069318e-11
3.69445438116e-09	7.09877204762e-11
3.69551326748e-09	8.05355829768e-11
3.6965721538e-09	8.86025679908e-11
3.69763104012e-09	9.24625393611e-11
3.69868992645e-09	9.29678140027e-11
3.69974881277e-09	9.05643507236e-11
3.70080769909e-09	8.32819039426e-11
3.70186658542e-09	7.39450462667e-11
3.70292547174e-09	6.33599440275e-11
3.70398435806e-09	5.29189855998e-11
3.70504324439e-09	4.55912152648e-11
3.70610213071e-09	4.10661838736e-11
3.70716101703e-09	4.10404100027e-11
3.70821990336e-09	4.53340858776e-11
3.70927878968e-09	5.39261929382e-11
3.710337676e-09	6.49142428179e-11
3.71139656232e-09	7.6817617805e-11
3.71245544865e-09	8.67294426381e-11
3.71351433497e-09	9.36447325933e-11
3.71457322129e-09	9.60065985045e-11
3.71563210762e-09	9.46720783365e-11
3.71669099394e-09	8.80964736924e-11
3.71774988026e-09	7.79549098884e-11
3.71880876659e-09	6.55451834301e-11
3.71986765291e-09	5.38474807278e-11
3.72092653923e-09	4.41650179969e-11
3.72198542555e-09	3.87389031443e-11
3.72304431188e-09	3.85800460589e-11
3.7241031982e-09	4.32868983713e-11
3.72516208452e-09	5.14965756669e-11
3.72622097085e-09	6.33076408137e-11
3.72727985717e-09	7.58559933617e-11
3.72833874349e-09	8.67018947956e-11
3.72939762982e-09	9.44661198224e-11
3.73045651614e-09	9.74713651805e-11
3.73151540246e-09	9.49009777013e-11
3.73257428879e-09	8.81510441898e-11
3.73363317511e-09	7.76225121506e-11
3.73469206143e-09	6.58241191588e-11
3.73575094775e-09	5.41648731076e-11
3.73680983408e-09	4.53665889577e-11
3.7378687204e-09	4.07682180115e-11
3.73892760672e-09	3.96492669426e-11
3.73998649305e-09	4.43831534025e-11
3.74104537937e-09	5.33191364324e-11
3.74210426569e-09	6.43667198534e-11
3.74316315202e-09	7.508898104e-11
3.74422203834e-09	8.52592037769e-11
3.74528092466e-09	9.17052120006e-11
3.74633981099e-09	9.39530588745e-11
3.74739869731e-09	9.21147663355e-11
3.74845758363e-09	8.6415214394e-11
3.74951646995e-09	7.65532316357e-11
3.75057535628e-09	6.65995817523e-11
3.7516342426e-09	5.68384276277e-11
3.75269312892e-09	4.92967984142e-11
3.75375201525e-09	4.48629640382e-11
3.75481090157e-09	4.44732401947e-11
3.75586978789e-09	4.7574475609e-11
3.75692867422e-09	5.49749594805e-11
3.75798756054e-09	6.39380492995e-11
3.75904644686e-09	7.27592591211e-11
3.76010533318e-09	8.11530833852e-11
3.76116421951e-09	8.6282955173e-11
3.76222310583e-09	8.90416655339e-11
3.76328199215e-09	8.8526416666e-11
3.76434087848e-09	8.39420213027e-11
3.7653997648e-09	7.75685227855e-11
3.76645865112e-09	6.90001241907e-11
3.76751753745e-09	6.08829267383e-11
3.76857642377e-09	5.53826992947e-11
3.76963531009e-09	5.08517876245e-11
3.77069419642e-09	4.92860405266e-11
3.77175308274e-09	5.12639917495e-11
3.77281196906e-09	5.57969256736e-11
3.77387085538e-09	6.21903661381e-11
3.77492974171e-09	6.90052546354e-11
3.77598862803e-09	7.5221425009e-11
3.77704751435e-09	8.14022065899e-11
3.77810640068e-09	8.47483528667e-11
3.779165287e-09	8.6005526919e-11
3.78022417332e-09	8.35393711672e-11
3.78128305965e-09	7.9696005871e-11
3.78234194597e-09	7.35840138821e-11
3.78340083229e-09	6.73616327648e-11
3.78445971862e-09	6.1977752791e-11
3.78551860494e-09	5.6277402443e-11
3.78657749126e-09	5.25129991574e-11
3.78763637758e-09	5.23079405311e-11
3.78869526391e-09	5.41354279113e-11
3.78975415023e-09	5.83724587763e-11
3.79081303655e-09	6.44195629999e-11
3.79187192288e-09	7.11557050261e-11
3.7929308092e-09	7.76409956292e-11
3.79398969552e-09	8.30382884849e-11
3.79504858185e-09	8.55314378351e-11
3.79610746817e-09	8.6515127961e-11
3.79716635449e-09	8.39088611961e-11
3.79822524082e-09	7.87420658191e-11
3.79928412714e-09	7.3280820214e-11
3.80034301346e-09	6.60626353968e-11
3.80140189978e-09	5.85710243327e-11
3.80246078611e-09	5.36240015066e-11
3.80351967243e-09	5.16559533863e-11
3.80457855875e-09	5.25598579416e-11
3.80563744508e-09	5.55155036525e-11
3.8066963314e-09	6.15705585474e-11
3.80775521772e-09	6.85734264511e-11
3.80881410405e-09	7.64567896841e-11
3.80987299037e-09	8.32640844294e-11
3.81093187669e-09	8.87416563844e-11
3.81199076301e-09	9.01453252322e-11
3.81304964934e-09	8.73781724059e-11
3.81410853566e-09	8.18603015235e-11
3.81516742198e-09	7.54758833557e-11
3.81622630831e-09	6.70718081769e-11
3.81728519463e-09	5.95014389322e-11
3.81834408095e-09	5.31937987581e-11
3.81940296728e-09	5.05579202635e-11
3.8204618536e-09	5.10927571952e-11
3.82152073992e-09	5.5728498205e-11
3.82257962625e-09	6.21371196684e-11
3.82363851257e-09	7.13431856994e-11
3.82469739889e-09	7.99678301008e-11
3.82575628521e-09	8.7258626106e-11
3.82681517154e-09	9.1296706306e-11
3.82787405786e-09	9.10350692399e-11
3.82893294418e-09	8.7798572232e-11
3.82999183051e-09	8.18434504196e-11
3.83105071683e-09	7.40198687933e-11
3.83210960315e-09	6.56910979606e-11
3.83316848948e-09	5.83066702559e-11
3.8342273758e-09	5.31412244938e-11
3.83528626212e-09	5.17839660041e-11
3.83634514845e-09	5.43582457692e-11
3.83740403477e-09	6.01762008279e-11
3.83846292109e-09	6.70643458302e-11
3.83952180741e-09	7.55528469648e-11
3.84058069374e-09	8.34046863692e-11
3.84163958006e-09	8.81144016258e-11
3.84269846638e-09	9.06092848321e-11
3.84375735271e-09	8.95924228903e-11
3.84481623903e-09	8.52002262144e-11
3.84587512535e-09	7.8915700797e-11
3.84693401168e-09	7.17720227868e-11
3.847992898e-09	6.45276228284e-11
3.84905178432e-09	6.02461665625e-11
3.85011067065e-09	5.7506552905e-11
3.85116955697e-09	5.77029127605e-11
3.85222844329e-09	6.08964974801e-11
3.85328732961e-09	6.62096328284e-11
3.85434621594e-09	7.15943315917e-11
3.85540510226e-09	7.84120377136e-11
3.85646398858e-09	8.27402465119e-11
3.85752287491e-09	8.58688935929e-11
3.85858176123e-09	8.71284715383e-11
3.85964064755e-09	8.55589384063e-11
3.86069953388e-09	8.19066594063e-11
3.8617584202e-09	7.72670972343e-11
3.86281730652e-09	7.22411483932e-11
3.86387619284e-09	6.80456815026e-11
3.86493507917e-09	6.53499815026e-11
3.86599396549e-09	6.4273329714e-11
3.86705285181e-09	6.47047363606e-11
3.86811173814e-09	6.69065597196e-11
3.86917062446e-09	6.97115221451e-11
3.87022951078e-09	7.37597066758e-11
3.87128839711e-09	7.71622193224e-11
3.87234728343e-09	8.01004063425e-11
3.87340616975e-09	8.22736501323e-11
3.87446505608e-09	8.30043659673e-11
3.8755239424e-09	8.24095383947e-11
3.87658282872e-09	8.06005470699e-11
3.87764171504e-09	7.93806678376e-11
3.87870060137e-09	7.67821526845e-11
3.87975948769e-09	7.49084041324e-11
3.88081837401e-09	7.25465455938e-11
3.88187726034e-09	7.01163064241e-11
3.88293614666e-09	6.8744294545e-11
3.88399503298e-09	6.93299103023e-11
3.88505391931e-09	7.00511315621e-11
3.88611280563e-09	7.18660721211e-11
3.88717169195e-09	7.40606924746e-11
3.88823057828e-09	7.66780619034e-11
3.8892894646e-09	8.00065248427e-11
3.89034835092e-09	8.26876418898e-11
3.89140723724e-09	8.45338074713e-11
3.89246612357e-09	8.47729512456e-11
3.89352500989e-09	8.46915935819e-11
3.89458389621e-09	8.33736712481e-11
3.89564278254e-09	8.05432170611e-11
3.89670166886e-09	7.66396581614e-11
3.89776055518e-09	7.39352481148e-11
3.89881944151e-09	7.07161560212e-11
3.89987832783e-09	6.97324992888e-11
3.90093721415e-09	6.92414675943e-11
3.90199610047e-09	7.07901120535e-11
3.9030549868e-09	7.28480574474e-11
3.90411387312e-09	7.65556472382e-11
3.90517275944e-09	8.15359520352e-11
3.90623164577e-09	8.50095141849e-11
3.90729053209e-09	8.75265545805e-11
3.90834941841e-09	8.92732190255e-11
3.90940830474e-09	8.89740624926e-11
3.91046719106e-09	8.67644732103e-11
3.91152607738e-09	8.29100026481e-11
3.91258496371e-09	7.87691821491e-11
3.91364385003e-09	7.43807632674e-11
3.91470273635e-09	7.09750873525e-11
3.91576162267e-09	6.97591667591e-11
3.916820509e-09	6.99654023953e-11
3.91787939532e-09	7.13001888433e-11
3.91893828164e-09	7.5061966625e-11
3.91999716797e-09	7.98592949582e-11
3.92105605429e-09	8.44597677387e-11
3.92211494061e-09	8.84414815688e-11
3.92317382694e-09	9.11296879971e-11
3.92423271326e-09	9.21638937043e-11
3.92529159958e-09	9.09693154139e-11
3.92635048591e-09	8.87554214152e-11
3.92740937223e-09	8.46210540875e-11
3.92846825855e-09	8.05263598858e-11
3.92952714487e-09	7.6365190213e-11
3.9305860312e-09	7.27399863433e-11
3.93164491752e-09	7.11242562242e-11
3.93270380384e-09	7.14237683754e-11
3.93376269017e-09	7.36445401189e-11
3.93482157649e-09	7.72661756625e-11
3.93588046281e-09	8.20597574266e-11
3.93693934914e-09	8.67195542806e-11
3.93799823546e-09	9.03023489318e-11
3.93905712178e-09	9.33002329909e-11
3.94011600811e-09	9.40606646391e-11
3.94117489443e-09	9.30489804131e-11
3.94223378075e-09	9.0364941658e-11
3.94329266707e-09	8.67122098951e-11
3.9443515534e-09	8.26331173626e-11
3.94541043972e-09	7.83925103651e-11
3.94646932604e-09	7.5323182587e-11
3.94752821237e-09	7.37454294679e-11
3.94858709869e-09	7.45735075254e-11
3.94964598501e-09	7.64139125239e-11
3.95070487134e-09	8.00192477383e-11
3.95176375766e-09	8.44222317921e-11
3.95282264398e-09	8.85813501543e-11
3.9538815303e-09	9.22039840312e-11
3.95494041663e-09	9.48054863781e-11
3.95599930295e-09	9.59269582171e-11
3.95705818927e-09	9.55169068839e-11
3.9581170756e-09	9.34269779596e-11
3.95917596192e-09	9.03180377709e-11
3.96023484824e-09	8.5778796826e-11
3.96129373457e-09	8.19060548551e-11
3.96235262089e-09	7.91889847966e-11
3.96341150721e-09	7.75819885765e-11
3.96447039354e-09	7.68076795742e-11
3.96552927986e-09	7.80292440904e-11
3.96658816618e-09	8.10943955216e-11
3.9676470525e-09	8.44042656947e-11
3.96870593883e-09	8.83748833662e-11
3.96976482515e-09	9.24638161176e-11
3.97082371147e-09	9.59615581442e-11
3.9718825978e-09	9.77130078239e-11
3.97294148412e-09	9.83811487137e-11
3.97400037044e-09	9.70555424223e-11
3.97505925677e-09	9.39094678756e-11
3.97611814309e-09	9.12806887368e-11
3.97717702941e-09	8.72349792229e-11
3.97823591574e-09	8.38455377176e-11
3.97929480206e-09	8.08085404147e-11
3.98035368838e-09	7.89118423383e-11
3.9814125747e-09	7.90689011661e-11
3.98247146103e-09	8.1088604581e-11
3.98353034735e-09	8.47612618114e-11
3.98458923367e-09	8.87649246641e-11
3.98564812e-09	9.38829691072e-11
3.98670700632e-09	9.76338619327e-11
3.98776589264e-09	1.00624047289e-10
3.98882477897e-09	1.02184456209e-10
3.98988366529e-09	1.02263184032e-10
3.99094255161e-09	1.0024287303e-10
3.99200143794e-09	9.65677199663e-11
3.99306032426e-09	9.19709586267e-11
3.99411921058e-09	8.7112329069e-11
3.9951780969e-09	8.25768125753e-11
3.99623698323e-09	7.96421023748e-11
3.99729586955e-09	7.8613629495e-11
3.99835475587e-09	8.08785425785e-11
3.9994136422e-09	8.40227228072e-11
4.00047252852e-09	8.88832367082e-11
4.00153141484e-09	9.54088249377e-11
4.00259030117e-09	1.0128606287e-10
4.00364918749e-09	1.05716071314e-10
4.00470807381e-09	1.08295553948e-10
4.00576696013e-09	1.0878301298e-10
4.00682584646e-09	1.05978572272e-10
4.00788473278e-09	1.01469577532e-10
4.0089436191e-09	9.51248940728e-11
4.01000250543e-09	8.87740861724e-11
4.01106139175e-09	8.30588558001e-11
4.01212027807e-09	7.89494628527e-11
4.0131791644e-09	7.78676003885e-11
4.01423805072e-09	8.01534546201e-11
4.01529693704e-09	8.52872559902e-11
4.01635582337e-09	9.20216845432e-11
4.01741470969e-09	9.99893345205e-11
4.01847359601e-09	1.0654870649e-10
4.01953248233e-09	1.11352898256e-10
4.02059136866e-09	1.145541665e-10
4.02165025498e-09	1.13104328854e-10
4.0227091413e-09	1.09864930521e-10
4.02376802763e-09	1.04020214317e-10
4.02482691395e-09	9.64720013943e-11
4.02588580027e-09	8.97515985143e-11
4.0269446866e-09	8.38492370155e-11
4.02800357292e-09	8.02708355514e-11
4.02906245924e-09	8.02134790881e-11
4.03012134557e-09	8.36394876969e-11
4.03118023189e-09	8.95378935925e-11
4.03223911821e-09	9.64979884194e-11
4.03329800453e-09	1.03180350548e-10
4.03435689086e-09	1.09841613236e-10
4.03541577718e-09	1.14340365301e-10
4.0364746635e-09	1.1630338706e-10
4.03753354983e-09	1.14958494113e-10
4.03859243615e-09	1.11269275911e-10
4.03965132247e-09	1.051318416e-10
4.0407102088e-09	9.83707369034e-11
4.04176909512e-09	9.18579153714e-11
4.04282798144e-09	8.64841761573e-11
4.04388686776e-09	8.4258271367e-11
4.04494575409e-09	8.54909225009e-11
4.04600464041e-09	8.82907145831e-11
4.04706352673e-09	9.28780862983e-11
4.04812241306e-09	9.89414878153e-11
4.04918129938e-09	1.05163387547e-10
4.0502401857e-09	1.10809645314e-10
4.05129907203e-09	1.14990921299e-10
4.05235795835e-09	1.16553836894e-10
4.05341684467e-09	1.15840701614e-10
4.054475731e-09	1.13343640029e-10
4.05553461732e-09	1.09054681952e-10
4.05659350364e-09	1.04109279357e-10
4.05765238996e-09	9.8705998236e-11
4.05871127629e-09	9.38558458383e-11
4.05977016261e-09	9.11993692371e-11
4.06082904893e-09	9.07159755301e-11
4.06188793526e-09	9.18012540985e-11
4.06294682158e-09	9.44772558797e-11
4.0640057079e-09	9.86981572859e-11
4.06506459423e-09	1.03950272001e-10
4.06612348055e-09	1.09375284003e-10
4.06718236687e-09	1.14343309127e-10
4.0682412532e-09	1.1719416583e-10
4.06930013952e-09	1.18591068389e-10
4.07035902584e-09	1.18152629174e-10
4.07141791216e-09	1.15879838711e-10
4.07247679849e-09	1.11503089748e-10
4.07353568481e-09	1.06128404675e-10
4.07459457113e-09	1.007124939e-10
4.07565345746e-09	9.63652387054e-11
4.07671234378e-09	9.30029091933e-11
4.0777712301e-09	9.17617648533e-11
4.07883011643e-09	9.31750414671e-11
4.07988900275e-09	9.69228404132e-11
4.08094788907e-09	1.02348565387e-10
4.0820067754e-09	1.08769851632e-10
4.08306566172e-09	1.14999198532e-10
4.08412454804e-09	1.21082498195e-10
4.08518343436e-09	1.24419322935e-10
4.08624232069e-09	1.25158648202e-10
4.08730120701e-09	1.22963890806e-10
4.08836009333e-09	1.18243133167e-10
4.08941897966e-09	1.12179055975e-10
4.09047786598e-09	1.05164064089e-10
4.0915367523e-09	9.85230100628e-11
4.09259563863e-09	9.30940532995e-11
4.09365452495e-09	9.11509860646e-11
4.09471341127e-09	9.24797460833e-11
4.09577229759e-09	9.69032467116e-11
4.09683118392e-09	1.03604381151e-10
4.09789007024e-09	1.11742125969e-10
4.09894895656e-09	1.19740875201e-10
4.10000784289e-09	1.26126985592e-10
4.10106672921e-09	1.29754649733e-10
4.10212561553e-09	1.30679868836e-10
4.10318450186e-09	1.28071865613e-10
4.10424338818e-09	1.22794225309e-10
4.1053022745e-09	1.15142457201e-10
4.10636116083e-09	1.07461033128e-10
4.10742004715e-09	1.00071136273e-10
4.10847893347e-09	9.44630276778e-11
4.10953781979e-09	9.27460781786e-11
4.11059670612e-09	9.47829315034e-11
4.11165559244e-09	9.95191949682e-11
4.11271447876e-09	1.06704271287e-10
4.11377336509e-09	1.14626447223e-10
4.11483225141e-09	1.23142480588e-10
4.11589113773e-09	1.29082096574e-10
4.11695002406e-09	1.32606411095e-10
4.11800891038e-09	1.33434833495e-10
4.1190677967e-09	1.30992779124e-10
4.12012668303e-09	1.25327881753e-10
4.12118556935e-09	1.18225634144e-10
4.12224445567e-09	1.10289714861e-10
4.12330334199e-09	1.03766001e-10
4.12436222832e-09	9.89538182297e-11
4.12542111464e-09	9.72979309968e-11
4.12648000096e-09	9.87295791996e-11
4.12753888729e-09	1.02304874641e-10
4.12859777361e-09	1.08835433721e-10
4.12965665993e-09	1.17241127397e-10
4.13071554626e-09	1.24096175176e-10
4.13177443258e-09	1.29805504887e-10
4.1328333189e-09	1.33424908275e-10
4.13389220523e-09	1.34672467622e-10
4.13495109155e-09	1.32742605102e-10
4.13600997787e-09	1.28696335706e-10
4.13706886419e-09	1.2254340858e-10
4.13812775052e-09	1.15757513817e-10
4.13918663684e-09	1.0990519779e-10
4.14024552316e-09	1.04817026586e-10
4.14130440949e-09	1.02828663119e-10
4.14236329581e-09	1.02173448521e-10
4.14342218213e-09	1.05829973257e-10
4.14448106846e-09	1.10388140469e-10
4.14553995478e-09	1.16483645646e-10
4.1465988411e-09	1.23406704126e-10
4.14765772742e-09	1.2967046794e-10
4.14871661375e-09	1.34511739421e-10
4.14977550007e-09	1.36218636197e-10
4.15083438639e-09	1.35690814487e-10
4.15189327272e-09	1.3288064659e-10
4.15295215904e-09	1.27768945597e-10
4.15401104536e-09	1.2188726764e-10
4.15506993169e-09	1.15370038176e-10
4.15612881801e-09	1.10502803088e-10
4.15718770433e-09	1.07358155352e-10
4.15824659066e-09	1.05933518034e-10
4.15930547698e-09	1.07451767102e-10
4.1603643633e-09	1.11540770543e-10
4.16142324962e-09	1.16945228675e-10
4.16248213595e-09	1.23881451972e-10
4.16354102227e-09	1.29983046028e-10
4.16459990859e-09	1.34911751042e-10
4.16565879492e-09	1.38787270738e-10
4.16671768124e-09	1.3886620933e-10
4.16777656756e-09	1.36949159478e-10
4.16883545389e-09	1.32755286798e-10
4.16989434021e-09	1.26793738703e-10
4.17095322653e-09	1.21234189354e-10
4.17201211286e-09	1.15421656607e-10
4.17307099918e-09	1.1105800047e-10
4.1741298855e-09	1.08676580755e-10
4.17518877182e-09	1.09505354437e-10
4.17624765815e-09	1.12792220008e-10
4.17730654447e-09	1.17559497727e-10
4.17836543079e-09	1.23810063764e-10
4.17942431712e-09	1.30646445051e-10
4.18048320344e-09	1.36788180609e-10
4.18154208976e-09	1.39588851762e-10
4.18260097609e-09	1.41746756693e-10
4.18365986241e-09	1.40295450604e-10
4.18471874873e-09	1.3735308637e-10
4.18577763505e-09	1.33103227225e-10
4.18683652138e-09	1.26317810378e-10
4.1878954077e-09	1.20399243526e-10
4.18895429402e-09	1.15802485656e-10
4.19001318035e-09	1.12199573417e-10
4.19107206667e-09	1.12624990931e-10
4.19213095299e-09	1.144709336e-10
4.19318983932e-09	1.1884133868e-10
4.19424872564e-09	1.24434731616e-10
4.19530761196e-09	1.30916878033e-10
4.19636649829e-09	1.36420552806e-10
4.19742538461e-09	1.41806961139e-10
4.19848427093e-09	1.44173666061e-10
4.19954315725e-09	1.44221344936e-10
4.20060204358e-09	1.41685664069e-10
4.2016609299e-09	1.37472974844e-10
4.20271981622e-09	1.31439412306e-10
4.20377870255e-09	1.25459598439e-10
4.20483758887e-09	1.20206827131e-10
4.20589647519e-09	1.15947456497e-10
4.20695536152e-09	1.14889810339e-10
4.20801424784e-09	1.16537349215e-10
4.20907313416e-09	1.19797024731e-10
4.21013202049e-09	1.25895468529e-10
4.21119090681e-09	1.31711269495e-10
4.21224979313e-09	1.37995379013e-10
4.21330867945e-09	1.43370813485e-10
4.21436756578e-09	1.45623288601e-10
4.2154264521e-09	1.47000760523e-10
4.21648533842e-09	1.45067540445e-10
4.21754422475e-09	1.41130868277e-10
4.21860311107e-09	1.35558672794e-10
4.21966199739e-09	1.2963536928e-10
4.22072088372e-09	1.2405043312e-10
4.22177977004e-09	1.20421442783e-10
4.22283865636e-09	1.17566449631e-10
4.22389754269e-09	1.18675918051e-10
4.22495642901e-09	1.22488795148e-10
4.22601531533e-09	1.26914327138e-10
4.22707420165e-09	1.33605108747e-10
4.22813308798e-09	1.3947857886e-10
4.2291919743e-09	1.44146860247e-10
4.23025086062e-09	1.47826703135e-10
4.23130974695e-09	1.48405515307e-10
4.23236863327e-09	1.46935521042e-10
4.23342751959e-09	1.4377141578e-10
4.23448640592e-09	1.38838058238e-10
4.23554529224e-09	1.33525368713e-10
4.23660417856e-09	1.28787380933e-10
4.23766306488e-09	1.24699611748e-10
4.23872195121e-09	1.22537595522e-10
4.23978083753e-09	1.23309438181e-10
4.24083972385e-09	1.25408521241e-10
4.24189861018e-09	1.28772895125e-10
4.2429574965e-09	1.33582409023e-10
4.24401638282e-09	1.3953157553e-10
4.24507526915e-09	1.43168817947e-10
4.24613415547e-09	1.46643530652e-10
4.24719304179e-09	1.48335165331e-10
4.24825192812e-09	1.48099724324e-10
4.24931081444e-09	1.46648723547e-10
4.25036970076e-09	1.43050144646e-10
4.25142858708e-09	1.39434819593e-10
4.25248747341e-09	1.35411524008e-10
4.25354635973e-09	1.30943329964e-10
4.25460524605e-09	1.28543642744e-10
4.25566413238e-09	1.26603121216e-10
4.2567230187e-09	1.27031729753e-10
4.25778190502e-09	1.29238428119e-10
4.25884079135e-09	1.32846422231e-10
4.25989967767e-09	1.37089598354e-10
4.26095856399e-09	1.41715712082e-10
4.26201745032e-09	1.46246834955e-10
4.26307633664e-09	1.49409957496e-10
4.26413522296e-09	1.51305350193e-10
4.26519410928e-09	1.5126578809e-10
4.26625299561e-09	1.49201078575e-10
4.26731188193e-09	1.45128855114e-10
4.26837076825e-09	1.4061376976e-10
4.26942965458e-09	1.35920614174e-10
4.2704885409e-09	1.31878540206e-10
4.27154742722e-09	1.28911646982e-10
4.27260631355e-09	1.27684088129e-10
4.27366519987e-09	1.28634269903e-10
4.27472408619e-09	1.31847335133e-10
4.27578297252e-09	1.36027916361e-10
4.27684185884e-09	1.41405621587e-10
4.27790074516e-09	1.47477035792e-10
4.27895963148e-09	1.52000054036e-10
4.28001851781e-09	1.55149332617e-10
4.28107740413e-09	1.55709946673e-10
4.28213629045e-09	1.5331951507e-10
4.28319517678e-09	1.50146280825e-10
4.2842540631e-09	1.44475140185e-10
4.28531294942e-09	1.38868323958e-10
4.28637183575e-09	1.33411060844e-10
4.28743072207e-09	1.29409759818e-10
4.28848960839e-09	1.28100636002e-10
4.28954849471e-09	1.2951058715e-10
4.29060738104e-09	1.33040000024e-10
4.29166626736e-09	1.38057377162e-10
4.29272515368e-09	1.4381573276e-10
4.29378404001e-09	1.50248804717e-10
4.29484292633e-09	1.54599462572e-10
4.29590181265e-09	1.5738216199e-10
4.29696069898e-09	1.57896142342e-10
4.2980195853e-09	1.56009809238e-10
4.29907847162e-09	1.51092700851e-10
4.30013735795e-09	1.46068609465e-10
4.30119624427e-09	1.40250301824e-10
4.30225513059e-09	1.35293770978e-10
4.30331401691e-09	1.31813554863e-10
4.30437290324e-09	1.31179048526e-10
4.30543178956e-09	1.32683372969e-10
4.30649067588e-09	1.35887889482e-10
4.30754956221e-09	1.40759397194e-10
4.30860844853e-09	1.46264159638e-10
4.30966733485e-09	1.51268273081e-10
4.31072622118e-09	1.55557663105e-10
4.3117851075e-09	1.57851919036e-10
4.31284399382e-09	1.5770389248e-10
4.31390288015e-09	1.55990052472e-10
4.31496176647e-09	1.52225363391e-10
4.31602065279e-09	1.47926236364e-10
4.31707953911e-09	1.43298864962e-10
4.31813842544e-09	1.39624554973e-10
4.31919731176e-09	1.35796767928e-10
4.32025619808e-09	1.34888765088e-10
4.32131508441e-09	1.35940621607e-10
4.32237397073e-09	1.38068435157e-10
4.32343285705e-09	1.41539024424e-10
4.32449174338e-09	1.46419989848e-10
4.3255506297e-09	1.51141847302e-10
4.32660951602e-09	1.54034291398e-10
4.32766840234e-09	1.56549141705e-10
4.32872728867e-09	1.57508432512e-10
4.32978617499e-09	1.56387074297e-10
4.33084506131e-09	1.54418294991e-10
4.33190394764e-09	1.50794997149e-10
4.33296283396e-09	1.4732016388e-10
4.33402172028e-09	1.43455343091e-10
4.33508060661e-09	1.40206744652e-10
4.33613949293e-09	1.39498455322e-10
4.33719837925e-09	1.39117609793e-10
4.33825726558e-09	1.39679659332e-10
4.3393161519e-09	1.4244982971e-10
4.34037503822e-09	1.45919388551e-10
4.34143392454e-09	1.49634202598e-10
4.34249281087e-09	1.52869855663e-10
4.34355169719e-09	1.56226045989e-10
4.34461058351e-09	1.57885459047e-10
4.34566946984e-09	1.58093239021e-10
4.34672835616e-09	1.56887056298e-10
4.34778724248e-09	1.54544738985e-10
4.34884612881e-09	1.51198930112e-10
4.34990501513e-09	1.47242306021e-10
4.35096390145e-09	1.43735807978e-10
4.35202278778e-09	1.41648761297e-10
4.3530816741e-09	1.40377176029e-10
4.35414056042e-09	1.40732744035e-10
4.35519944674e-09	1.42325252278e-10
4.35625833307e-09	1.45189761255e-10
4.35731721939e-09	1.48900045939e-10
4.35837610571e-09	1.52897832416e-10
4.35943499204e-09	1.56888444944e-10
4.36049387836e-09	1.59461280118e-10
4.36155276468e-09	1.60039198907e-10
4.36261165101e-09	1.5937339122e-10
4.36367053733e-09	1.57142987858e-10
4.36472942365e-09	1.53904717963e-10
4.36578830998e-09	1.50109734538e-10
4.3668471963e-09	1.45692454628e-10
4.36790608262e-09	1.4272743664e-10
4.36896496894e-09	1.41214567817e-10
4.37002385527e-09	1.4115738179e-10
4.37108274159e-09	1.42526833218e-10
4.37214162791e-09	1.46480196028e-10
4.37320051424e-09	1.49915032645e-10
4.37425940056e-09	1.54175550798e-10
4.37531828688e-09	1.57566084312e-10
4.37637717321e-09	1.59956299074e-10
4.37743605953e-09	1.6100865953e-10
4.37849494585e-09	1.60519666136e-10
4.37955383217e-09	1.58386111518e-10
4.3806127185e-09	1.54849974857e-10
4.38167160482e-09	1.50738675014e-10
4.38273049114e-09	1.47085566816e-10
4.38378937747e-09	1.44611346335e-10
4.38484826379e-09	1.42440374599e-10
4.38590715011e-09	1.43174506972e-10
4.38696603644e-09	1.45105098943e-10
4.38802492276e-09	1.47064247065e-10
4.38908380908e-09	1.50763145024e-10
4.39014269541e-09	1.53952985776e-10
4.39120158173e-09	1.57179002452e-10
4.39226046805e-09	1.60183147128e-10
4.39331935437e-09	1.61387851e-10
4.3943782407e-09	1.60294575356e-10
4.39543712702e-09	1.58108704948e-10
4.39649601334e-09	1.56067693491e-10
4.39755489967e-09	1.51872983807e-10
4.39861378599e-09	1.49027781435e-10
4.39967267231e-09	1.46242567535e-10
4.40073155864e-09	1.45022970195e-10
4.40179044496e-09	1.4498183383e-10
4.40284933128e-09	1.46097902873e-10
4.40390821761e-09	1.4825510871e-10
4.40496710393e-09	1.51587195053e-10
4.40602599025e-09	1.54922715281e-10
4.40708487657e-09	1.5773668656e-10
4.4081437629e-09	1.59616157965e-10
4.40920264922e-09	1.59843415413e-10
4.41026153554e-09	1.59690976588e-10
4.41132042187e-09	1.58358219766e-10
4.41237930819e-09	1.55829172482e-10
4.41343819451e-09	1.53128509005e-10
4.41449708084e-09	1.50519527398e-10
4.41555596716e-09	1.4823251307e-10
4.41661485348e-09	1.47209637709e-10
4.41767373981e-09	1.46264077239e-10
4.41873262613e-09	1.47567832086e-10
4.41979151245e-09	1.49140945253e-10
4.42085039877e-09	1.51687025787e-10
4.4219092851e-09	1.5413382029e-10
4.42296817142e-09	1.56932781874e-10
4.42402705774e-09	1.58580962598e-10
4.42508594407e-09	1.59660743827e-10
4.42614483039e-09	1.59549331212e-10
4.42720371671e-09	1.57854293005e-10
4.42826260304e-09	1.56290164838e-10
4.42932148936e-09	1.54263950572e-10
4.43038037568e-09	1.52007389315e-10
4.431439262e-09	1.49786930255e-10
4.43249814833e-09	1.48788548322e-10
4.43355703465e-09	1.48298948642e-10
4.43461592097e-09	1.49094581299e-10
4.4356748073e-09	1.49914911214e-10
4.43673369362e-09	1.51886274391e-10
4.43779257994e-09	1.53808900512e-10
4.43885146627e-09	1.55793876064e-10
4.43991035259e-09	1.57667453746e-10
4.44096923891e-09	1.59089650308e-10
4.44202812524e-09	1.59318071756e-10
4.44308701156e-09	1.58695579247e-10
4.44414589788e-09	1.56838867414e-10
4.4452047842e-09	1.55541533646e-10
4.44626367053e-09	1.53467008199e-10
4.44732255685e-09	1.51425361833e-10
4.44838144317e-09	1.50000435684e-10
4.4494403295e-09	1.49392762917e-10
4.45049921582e-09	1.49016550835e-10
4.45155810214e-09	1.50226163106e-10
4.45261698847e-09	1.51701397104e-10
4.45367587479e-09	1.52273293801e-10
4.45473476111e-09	1.54632644363e-10
4.45579364744e-09	1.56344479897e-10
4.45685253376e-09	1.57714208013e-10
4.45791142008e-09	1.58941553495e-10
4.4589703064e-09	1.59043492785e-10
4.46002919273e-09	1.58425780307e-10
4.46108807905e-09	1.56315835276e-10
4.46214696537e-09	1.54704686561e-10
4.4632058517e-09	1.5221771673e-10
4.46426473802e-09	1.50633191684e-10
4.46532362434e-09	1.4910058431e-10
4.46638251067e-09	1.48659416374e-10
4.46744139699e-09	1.49071070592e-10
4.46850028331e-09	1.50416943658e-10
4.46955916963e-09	1.52540701424e-10
4.47061805596e-09	1.5410424499e-10
4.47167694228e-09	1.56290547344e-10
4.4727358286e-09	1.57824968372e-10
4.47379471493e-09	1.59379788013e-10
4.47485360125e-09	1.59128038871e-10
4.47591248757e-09	1.58251581978e-10
4.4769713739e-09	1.56481683514e-10
4.47803026022e-09	1.54636718361e-10
4.47908914654e-09	1.51909944693e-10
4.48014803287e-09	1.50247249538e-10
4.48120691919e-09	1.48904938727e-10
4.48226580551e-09	1.48636718385e-10
4.48332469183e-09	1.49163914727e-10
4.48438357816e-09	1.5037582117e-10
4.48544246448e-09	1.52108323333e-10
4.4865013508e-09	1.54591213962e-10
4.48756023713e-09	1.56462693496e-10
4.48861912345e-09	1.58057184528e-10
4.48967800977e-09	1.58447147763e-10
4.4907368961e-09	1.57680118962e-10
4.49179578242e-09	1.56940487515e-10
4.49285466874e-09	1.55309229886e-10
4.49391355507e-09	1.53516119955e-10
4.49497244139e-09	1.51523676419e-10
4.49603132771e-09	1.50275380681e-10
4.49709021403e-09	1.49184620386e-10
4.49814910036e-09	1.48527629432e-10
4.49920798668e-09	1.48996483554e-10
4.500266873e-09	1.50254517162e-10
4.50132575933e-09	1.52539055172e-10
4.50238464565e-09	1.53825373446e-10
4.50344353197e-09	1.55199417554e-10
4.5045024183e-09	1.56305093868e-10
4.50556130462e-09	1.56935560901e-10
4.50662019094e-09	1.56651151252e-10
4.50767907727e-09	1.55986380063e-10
4.50873796359e-09	1.54379601117e-10
4.50979684991e-09	1.52977062441e-10
4.51085573623e-09	1.51162861742e-10
4.51191462256e-09	1.50253392193e-10
4.51297350888e-09	1.49362099945e-10
4.5140323952e-09	1.49072060251e-10
4.51509128153e-09	1.49337370595e-10
4.51615016785e-09	1.50457651546e-10
4.51720905417e-09	1.51292649415e-10
4.5182679405e-09	1.52170730877e-10
4.51932682682e-09	1.53493194717e-10
4.52038571314e-09	1.544814901e-10
4.52144459946e-09	1.55319563634e-10
4.52250348579e-09	1.55124867812e-10
4.52356237211e-09	1.55028993983e-10
4.52462125843e-09	1.53995541145e-10
4.52568014476e-09	1.52976089261e-10
4.52673903108e-09	1.51152588709e-10
4.5277979174e-09	1.50657149083e-10
4.52885680373e-09	1.49612056251e-10
4.52991569005e-09	1.47902751678e-10
4.53097457637e-09	1.4815161771e-10
4.5320334627e-09	1.48254254359e-10
4.53309234902e-09	1.48894985751e-10
4.53415123534e-09	1.50314474409e-10
4.53521012166e-09	1.51508236512e-10
4.53626900799e-09	1.52990477925e-10
4.53732789431e-09	1.54054780217e-10
4.53838678063e-09	1.54696555912e-10
4.53944566696e-09	1.54894076732e-10
4.54050455328e-09	1.53793031261e-10
4.5415634396e-09	1.52514097705e-10
4.54262232593e-09	1.51567435686e-10
4.54368121225e-09	1.49838226028e-10
4.54474009857e-09	1.47804174282e-10
4.5457989849e-09	1.46998597322e-10
4.54685787122e-09	1.46805622346e-10
4.54791675754e-09	1.46235684152e-10
4.54897564386e-09	1.46313425785e-10
4.55003453019e-09	1.47768499693e-10
4.55109341651e-09	1.494298036e-10
4.55215230283e-09	1.51385527378e-10
4.55321118916e-09	1.52409575412e-10
4.55427007548e-09	1.54023020033e-10
4.5553289618e-09	1.54431377408e-10
4.55638784813e-09	1.53821467716e-10
4.55744673445e-09	1.52523106992e-10
4.55850562077e-09	1.50783657261e-10
4.5595645071e-09	1.48560791273e-10
4.56062339342e-09	1.46489429961e-10
4.56168227974e-09	1.44860368492e-10
4.56274116606e-09	1.44057171574e-10
4.56380005239e-09	1.43655629926e-10
4.56485893871e-09	1.44574177283e-10
4.56591782503e-09	1.46082153318e-10
4.56697671136e-09	1.48130749854e-10
4.56803559768e-09	1.49692835384e-10
4.569094484e-09	1.51843254984e-10
4.57015337033e-09	1.53310432058e-10
4.57121225665e-09	1.53878813337e-10
4.57227114297e-09	1.53230707636e-10
4.57333002929e-09	1.51465950025e-10
4.57438891562e-09	1.49482841036e-10
4.57544780194e-09	1.47420278242e-10
4.57650668826e-09	1.44437602503e-10
4.57756557459e-09	1.42698068639e-10
4.57862446091e-09	1.41822515537e-10
4.57968334723e-09	1.41520114204e-10
4.58074223356e-09	1.42605583592e-10
4.58180111988e-09	1.44154146953e-10
4.5828600062e-09	1.46290386055e-10
4.58391889253e-09	1.48539226925e-10
4.58497777885e-09	1.50854767914e-10
4.58603666517e-09	1.51828494221e-10
4.58709555149e-09	1.51830231547e-10
4.58815443782e-09	1.51698356134e-10
4.58921332414e-09	1.49643176323e-10
4.59027221046e-09	1.47662794318e-10
4.59133109679e-09	1.45473369462e-10
4.59238998311e-09	1.42624802593e-10
4.59344886943e-09	1.41118878735e-10
4.59450775576e-09	1.40048435522e-10
4.59556664208e-09	1.39920544769e-10
4.5966255284e-09	1.4102459131e-10
4.59768441473e-09	1.42616473318e-10
4.59874330105e-09	1.4469354534e-10
4.59980218737e-09	1.46809887164e-10
4.60086107369e-09	1.48789069607e-10
4.60191996002e-09	1.49808908334e-10
4.60297884634e-09	1.49786983164e-10
4.60403773266e-09	1.49238700391e-10
4.60509661899e-09	1.48091013411e-10
4.60615550531e-09	1.45458461248e-10
4.60721439163e-09	1.43020802666e-10
4.60827327796e-09	1.40976287935e-10
4.60933216428e-09	1.38950152599e-10
4.6103910506e-09	1.38369779176e-10
4.61144993692e-09	1.38368882324e-10
4.61250882325e-09	1.38582379079e-10
4.61356770957e-09	1.40225654005e-10
4.61462659589e-09	1.42016422927e-10
4.61568548222e-09	1.44067096794e-10
4.61674436854e-09	1.45962234487e-10
4.61780325486e-09	1.47322119781e-10
4.61886214119e-09	1.48021182117e-10
4.61992102751e-09	1.47589746848e-10
4.62097991383e-09	1.46029821915e-10
4.62203880016e-09	1.44187477062e-10
4.62309768648e-09	1.41692110302e-10
4.6241565728e-09	1.39564769464e-10
4.62521545912e-09	1.37792872598e-10
4.62627434545e-09	1.36147766672e-10
4.62733323177e-09	1.35848974431e-10
4.62839211809e-09	1.3650973147e-10
4.62945100442e-09	1.37476819859e-10
4.63050989074e-09	1.39042589074e-10
4.63156877706e-09	1.40686473755e-10
4.63262766339e-09	1.42572367107e-10
4.63368654971e-09	1.44036760817e-10
4.63474543603e-09	1.45279305079e-10
4.63580432236e-09	1.44944550286e-10
4.63686320868e-09	1.44299221877e-10
4.637922095e-09	1.42854915397e-10
4.63898098132e-09	1.40865289919e-10
4.64003986765e-09	1.38427391078e-10
4.64109875397e-09	1.3602910378e-10
4.64215764029e-09	1.33740475292e-10
4.64321652662e-09	1.33144676707e-10
4.64427541294e-09	1.32828214573e-10
4.64533429926e-09	1.33154969689e-10
4.64639318559e-09	1.35223756671e-10
4.64745207191e-09	1.3772277329e-10
4.64851095823e-09	1.39660106396e-10
4.64956984456e-09	1.42021225509e-10
4.65062873088e-09	1.42988992174e-10
4.6516876172e-09	1.43284581249e-10
4.65274650352e-09	1.43204094416e-10
4.65380538985e-09	1.41401105234e-10
4.65486427617e-09	1.38800962911e-10
4.65592316249e-09	1.35966125511e-10
4.65698204882e-09	1.33439675108e-10
4.65804093514e-09	1.30756632084e-10
4.65909982146e-09	1.29189122941e-10
4.66015870779e-09	1.2887673307e-10
4.66121759411e-09	1.29294647037e-10
4.66227648043e-09	1.31759200772e-10
4.66333536675e-09	1.34085713886e-10
4.66439425308e-09	1.36877775607e-10
4.6654531394e-09	1.39448506561e-10
4.66651202572e-09	1.41419086511e-10
4.66757091205e-09	1.41614621071e-10
4.66862979837e-09	1.40676002097e-10
4.66968868469e-09	1.3943910436e-10
4.67074757102e-09	1.36313952313e-10
4.67180645734e-09	1.33510974845e-10
4.67286534366e-09	1.30309114194e-10
4.67392422999e-09	1.27459367713e-10
4.67498311631e-09	1.26420839942e-10
4.67604200263e-09	1.26031413604e-10
4.67710088895e-09	1.26741445464e-10
4.67815977528e-09	1.28748657569e-10
4.6792186616e-09	1.31243883816e-10
4.68027754792e-09	1.3363730695e-10
4.68133643425e-09	1.36566158555e-10
4.68239532057e-09	1.37941780394e-10
4.68345420689e-09	1.38862563809e-10
4.68451309322e-09	1.38216964783e-10
4.68557197954e-09	1.35836960603e-10
4.68663086586e-09	1.33486672237e-10
4.68768975219e-09	1.3078822747e-10
4.68874863851e-09	1.27473981891e-10
4.68980752483e-09	1.25674168121e-10
4.69086641115e-09	1.24154558162e-10
4.69192529748e-09	1.23444278237e-10
4.6929841838e-09	1.23888012696e-10
4.69404307012e-09	1.26054874872e-10
4.69510195645e-09	1.27836034293e-10
4.69616084277e-09	1.30651963207e-10
4.69721972909e-09	1.32135411987e-10
4.69827861542e-09	1.33691098123e-10
4.69933750174e-09	1.34919111473e-10
4.70039638806e-09	1.34534711496e-10
4.70145527439e-09	1.32768129824e-10
4.70251416071e-09	1.30792774181e-10
4.70357304703e-09	1.28438194108e-10
4.70463193335e-09	1.25316104715e-10
4.70569081968e-09	1.23118511913e-10
4.706749706e-09	1.2166136848e-10
4.70780859232e-09	1.2066834424e-10
4.70886747865e-09	1.21025271402e-10
4.70992636497e-09	1.21715875226e-10
4.71098525129e-09	1.23441207776e-10
4.71204413762e-09	1.25559608717e-10
4.71310302394e-09	1.27854069346e-10
4.71416191026e-09	1.29458329473e-10
4.71522079658e-09	1.30516078847e-10
4.71627968291e-09	1.31095244903e-10
4.71733856923e-09	1.30391012224e-10
4.71839745555e-09	1.28466158718e-10
4.71945634188e-09	1.26528450044e-10
4.7205152282e-09	1.23999271788e-10
4.72157411452e-09	1.20965628139e-10
4.72263300085e-09	1.18625455812e-10
4.72369188717e-09	1.17368984323e-10
4.72475077349e-09	1.16974742392e-10
4.72580965982e-09	1.17518882646e-10
4.72686854614e-09	1.18547199834e-10
4.72792743246e-09	1.20975534278e-10
4.72898631878e-09	1.23375920591e-10
4.73004520511e-09	1.25778853478e-10
4.73110409143e-09	1.27618042869e-10
4.73216297775e-09	1.27607378657e-10
4.73322186408e-09	1.27731744452e-10
4.7342807504e-09	1.26625897268e-10
4.73533963672e-09	1.24477981742e-10
4.73639852305e-09	1.214156874e-10
4.73745740937e-09	1.18371174841e-10
4.73851629569e-09	1.15293042474e-10
4.73957518202e-09	1.13517297992e-10
4.74063406834e-09	1.12738573685e-10
4.74169295466e-09	1.1269597408e-10
4.74275184098e-09	1.14550406487e-10
4.74381072731e-09	1.16651527847e-10
4.74486961363e-09	1.19064121409e-10
4.74592849995e-09	1.21641923964e-10
4.74698738628e-09	1.23238647586e-10
4.7480462726e-09	1.24581284525e-10
4.74910515892e-09	1.24639585979e-10
4.75016404525e-09	1.2288345775e-10
4.75122293157e-09	1.20784156114e-10
4.75228181789e-09	1.17757834733e-10
4.75334070421e-09	1.14226658514e-10
4.75439959054e-09	1.11731929264e-10
4.75545847686e-09	1.09939359699e-10
4.75651736318e-09	1.08632828427e-10
4.75757624951e-09	1.09454501018e-10
4.75863513583e-09	1.10112039278e-10
4.75969402215e-09	1.11952952117e-10
4.76075290848e-09	1.15030623915e-10
4.7618117948e-09	1.17513510207e-10
4.76287068112e-09	1.19117988043e-10
4.76392956745e-09	1.20281750705e-10
4.76498845377e-09	1.20156853217e-10
4.76604734009e-09	1.191064955e-10
4.76710622641e-09	1.17301142757e-10
4.76816511274e-09	1.14308935581e-10
4.76922399906e-09	1.11424424375e-10
4.77028288538e-09	1.08912954176e-10
4.77134177171e-09	1.06618832686e-10
4.77240065803e-09	1.05804783337e-10
4.77345954435e-09	1.05631676149e-10
4.77451843068e-09	1.06287730353e-10
4.775577317e-09	1.08365233453e-10
4.77663620332e-09	1.10131292974e-10
4.77769508965e-09	1.1215990376e-10
4.77875397597e-09	1.13990852348e-10
4.77981286229e-09	1.15973640413e-10
4.78087174861e-09	1.1648618875e-10
4.78193063494e-09	1.15232864917e-10
4.78298952126e-09	1.13214227923e-10
4.78404840758e-09	1.1121630266e-10
4.78510729391e-09	1.0863582256e-10
4.78616618023e-09	1.06049950939e-10
4.78722506655e-09	1.0369693125e-10
4.78828395288e-09	1.01992845593e-10
4.7893428392e-09	1.01658213097e-10
4.79040172552e-09	1.02185515258e-10
4.79146061185e-09	1.03193256024e-10
4.79251949817e-09	1.05439350827e-10
4.79357838449e-09	1.07219149358e-10
4.79463727081e-09	1.09246038431e-10
4.79569615714e-09	1.10671174482e-10
4.79675504346e-09	1.11574607192e-10
4.79781392978e-09	1.11100264405e-10
4.79887281611e-09	1.09887141053e-10
4.79993170243e-09	1.08124522356e-10
4.80099058875e-09	1.05289528832e-10
4.80204947508e-09	1.0301456823e-10
4.8031083614e-09	1.00685857221e-10
4.80416724772e-09	9.87141765899e-11
4.80522613404e-09	9.77326839249e-11
4.80628502037e-09	9.76516896858e-11
4.80734390669e-09	9.9212230445e-11
4.80840279301e-09	1.00527137829e-10
4.80946167934e-09	1.02328419176e-10
4.81052056566e-09	1.04125692443e-10
4.81157945198e-09	1.0596161882e-10
4.81263833831e-09	1.06488972154e-10
4.81369722463e-09	1.06455801639e-10
4.81475611095e-09	1.0613217423e-10
4.81581499728e-09	1.04469178967e-10
4.8168738836e-09	1.02371700526e-10
4.81793276992e-09	9.95581160915e-11
4.81899165624e-09	9.71114369475e-11
4.82005054257e-09	9.5278516847e-11
4.82110942889e-09	9.41622760667e-11
4.82216831521e-09	9.41553892145e-11
4.82322720154e-09	9.40224807733e-11
4.82428608786e-09	9.52776772409e-11
4.82534497418e-09	9.64565285283e-11
4.82640386051e-09	9.83321878784e-11
4.82746274683e-09	9.99299601401e-11
4.82852163315e-09	1.01621733598e-10
4.82958051948e-09	1.0183585572e-10
4.8306394058e-09	1.0130874091e-10
4.83169829212e-09	1.00458908553e-10
4.83275717844e-09	9.86213194443e-11
4.83381606477e-09	9.64808224632e-11
4.83487495109e-09	9.43251986935e-11
4.83593383741e-09	9.20869578508e-11
4.83699272374e-09	8.98578295105e-11
4.83805161006e-09	8.89317933531e-11
4.83911049638e-09	8.94482456854e-11
4.84016938271e-09	9.02824273674e-11
4.84122826903e-09	9.14397117052e-11
4.84228715535e-09	9.30122983842e-11
4.84334604168e-09	9.50960100596e-11
4.844404928e-09	9.64962927272e-11
4.84546381432e-09	9.71985695056e-11
4.84652270064e-09	9.7506740529e-11
4.84758158697e-09	9.69581394339e-11
4.84864047329e-09	9.54781236712e-11
4.84969935961e-09	9.30332703236e-11
4.85075824594e-09	9.06293495112e-11
4.85181713226e-09	8.81469727938e-11
4.85287601858e-09	8.58196790542e-11
4.85393490491e-09	8.46565690812e-11
4.85499379123e-09	8.36527522599e-11
4.85605267755e-09	8.4721532307e-11
4.85711156387e-09	8.58691798222e-11
4.8581704502e-09	8.78811979785e-11
4.85922933652e-09	9.01074479788e-11
4.86028822284e-09	9.2043103174e-11
4.86134710917e-09	9.28851292756e-11
4.86240599549e-09	9.28188758492e-11
4.86346488181e-09	9.25883510486e-11
4.86452376814e-09	9.10150323163e-11
4.86558265446e-09	8.88015069464e-11
4.86664154078e-09	8.64139710309e-11
4.86770042711e-09	8.38316235006e-11
4.86875931343e-09	8.13861287391e-11
4.86981819975e-09	8.02000900586e-11
4.87087708607e-09	7.98539702244e-11
4.8719359724e-09	8.00971064648e-11
4.87299485872e-09	8.17885984633e-11
4.87405374504e-09	8.3133572075e-11
4.87511263137e-09	8.50289608688e-11
4.87617151769e-09	8.66822468838e-11
4.87723040401e-09	8.77836891719e-11
4.87828929034e-09	8.85053098518e-11
4.87934817666e-09	8.78018161649e-11
4.88040706298e-09	8.63457447903e-11
4.88146594931e-09	8.44826717264e-11
4.88252483563e-09	8.21044638527e-11
4.88358372195e-09	7.93908723484e-11
4.88464260827e-09	7.75489876308e-11
4.8857014946e-09	7.61411294257e-11
4.88676038092e-09	7.55173762065e-11
4.88781926724e-09	7.58425718062e-11
4.88887815357e-09	7.67192294936e-11
4.88993703989e-09	7.77040931599e-11
4.89099592621e-09	7.95700024966e-11
4.89205481254e-09	8.12708086592e-11
4.89311369886e-09	8.26487606652e-11
4.89417258518e-09	8.30032891377e-11
4.8952314715e-09	8.29544553708e-11
4.89629035783e-09	8.15373714727e-11
4.89734924415e-09	8.02212953184e-11
4.89840813047e-09	7.80301847442e-11
4.8994670168e-09	7.5847798528e-11
4.90052590312e-09	7.40680758914e-11
4.90158478944e-09	7.22878510523e-11
4.90264367577e-09	7.09527575582e-11
4.90370256209e-09	7.0400418134e-11
4.90476144841e-09	7.11276636547e-11
4.90582033474e-09	7.24705261079e-11
4.90687922106e-09	7.38838135637e-11
4.90793810738e-09	7.55227061444e-11
4.9089969937e-09	7.71851822907e-11
4.91005588003e-09	7.75868939408e-11
4.91111476635e-09	7.76062972566e-11
4.91217365267e-09	7.74240910099e-11
4.913232539e-09	7.63220138131e-11
4.91429142532e-09	7.46708775541e-11
4.91535031164e-09	7.22343469761e-11
4.91640919797e-09	6.93349106427e-11
4.91746808429e-09	6.81680697133e-11
4.91852697061e-09	6.66348742677e-11
4.91958585694e-09	6.61521345514e-11
4.92064474326e-09	6.64738056266e-11
4.92170362958e-09	6.71649333372e-11
4.9227625159e-09	6.7993689238e-11
4.92382140223e-09	6.98781666211e-11
4.92488028855e-09	7.15968963803e-11
4.92593917487e-09	7.29835892242e-11
4.9269980612e-09	7.33797965967e-11
4.92805694752e-09	7.28200095709e-11
4.92911583384e-09	7.15944105216e-11
4.93017472017e-09	6.93833215708e-11
4.93123360649e-09	6.77617818627e-11
4.93229249281e-09	6.56601071257e-11
4.93335137914e-09	6.33167285963e-11
4.93441026546e-09	6.17109982906e-11
4.93546915178e-09	6.05284758946e-11
4.9365280381e-09	6.07247112837e-11
4.93758692443e-09	6.20842643788e-11
4.93864581075e-09	6.37582304661e-11
4.93970469707e-09	6.49825492895e-11
4.9407635834e-09	6.67574133993e-11
4.94182246972e-09	6.75286263539e-11
4.94288135604e-09	6.78539819818e-11
4.94394024237e-09	6.76471760552e-11
4.94499912869e-09	6.65985144636e-11
4.94605801501e-09	6.50416634614e-11
4.94711690133e-09	6.27832521215e-11
4.94817578766e-09	6.0725057361e-11
4.94923467398e-09	5.83003068565e-11
4.9502935603e-09	5.73443857503e-11
4.95135244663e-09	5.62430844085e-11
4.95241133295e-09	5.67640140621e-11
4.95347021927e-09	5.71812120223e-11
4.9545291056e-09	5.80837851774e-11
4.95558799192e-09	5.95451361829e-11
4.95664687824e-09	6.13750938093e-11
4.95770576457e-09	6.24661902066e-11
4.95876465089e-09	6.28555688401e-11
4.95982353721e-09	6.23235347878e-11
4.96088242353e-09	6.08358042761e-11
4.96194130986e-09	5.91761444534e-11
4.96300019618e-09	5.75892770971e-11
4.9640590825e-09	5.59045748062e-11
4.96511796883e-09	5.43151855957e-11
4.96617685515e-09	5.29229260242e-11
4.96723574147e-09	5.2206824367e-11
4.9682946278e-09	5.22839276214e-11
4.96935351412e-09	5.29729385357e-11
4.97041240044e-09	5.36404150264e-11
4.97147128677e-09	5.4910837162e-11
4.97253017309e-09	5.57578297769e-11
4.97358905941e-09	5.63054880498e-11
4.97464794573e-09	5.60477879386e-11
4.97570683206e-09	5.6025144593e-11
4.97676571838e-09	5.59539884044e-11
4.9778246047e-09	5.44623031569e-11
4.97888349103e-09	5.25668406373e-11
4.97994237735e-09	5.15601159858e-11
4.98100126367e-09	4.99039828558e-11
4.98206015e-09	4.85382125118e-11
4.98311903632e-09	4.77796292114e-11
4.98417792264e-09	4.73216847652e-11
4.98523680897e-09	4.72882072042e-11
4.98629569529e-09	4.7797355917e-11
4.98735458161e-09	4.88591788556e-11
4.98841346793e-09	4.90785064498e-11
4.98947235426e-09	5.05125216828e-11
4.99053124058e-09	5.12637376125e-11
4.9915901269e-09	5.14387451904e-11
4.99264901323e-09	5.05228818851e-11
4.99370789955e-09	4.97886120353e-11
4.99476678587e-09	4.8867427032e-11
4.9958256722e-09	4.71353897753e-11
4.99688455852e-09	4.53439525511e-11
4.99794344484e-09	4.40612778468e-11
4.99900233116e-09	4.33065434641e-11
5.00006121749e-09	4.26160192205e-11
5.00112010381e-09	4.23130016268e-11
5.00217899013e-09	4.27241905049e-11
5.00323787646e-09	4.34083296651e-11
5.00429676278e-09	4.38984599539e-11
5.0053556491e-09	4.53423010943e-11
5.00641453543e-09	4.57350498619e-11
5.00747342175e-09	4.56157442548e-11
5.00853230807e-09	4.51013287047e-11
5.0095911944e-09	4.48402569415e-11
5.01065008072e-09	4.35827359445e-11
5.01170896704e-09	4.28504681824e-11
5.01276785336e-09	4.13048970027e-11
5.01382673969e-09	3.96123286082e-11
5.01488562601e-09	3.86737712167e-11
5.01594451233e-09	3.77728501689e-11
5.01700339866e-09	3.71271104138e-11
5.01806228498e-09	3.77445520585e-11
5.0191211713e-09	3.83601045893e-11
5.02018005763e-09	3.85062730399e-11
5.02123894395e-09	3.97390969957e-11
5.02229783027e-09	4.02988952972e-11
5.0233567166e-09	4.08618139325e-11
5.02441560292e-09	4.07956526633e-11
5.02547448924e-09	3.9579346094e-11
5.02653337556e-09	3.89545507396e-11
5.02759226189e-09	3.76178808156e-11
5.02865114821e-09	3.60822858137e-11
5.02971003453e-09	3.51301535605e-11
5.03076892086e-09	3.34995546927e-11
5.03182780718e-09	3.28959288195e-11
5.0328866935e-09	3.27544280761e-11
5.03394557983e-09	3.23034110312e-11
5.03500446615e-09	3.29696565188e-11
5.03606335247e-09	3.4045411889e-11
5.03712223879e-09	3.42896704954e-11
5.03818112512e-09	3.50764927087e-11
5.03924001144e-09	3.50118334932e-11
5.04029889776e-09	3.49766515664e-11
5.04135778409e-09	3.50511681312e-11
5.04241667041e-09	3.41130409511e-11
5.04347555673e-09	3.28682647505e-11
5.04453444306e-09	3.15856442563e-11
5.04559332938e-09	3.01366490357e-11
5.0466522157e-09	2.9100765634e-11
5.04771110203e-09	2.82397865942e-11
5.04876998835e-09	2.79661853571e-11
5.04982887467e-09	2.78091191568e-11
5.05088776099e-09	2.7587344735e-11
5.05194664732e-09	2.83738893925e-11
5.05300553364e-09	2.90410558015e-11
5.05406441996e-09	2.98075273231e-11
5.05512330629e-09	3.03150599242e-11
5.05618219261e-09	3.01916846558e-11
5.05724107893e-09	2.98689662413e-11
5.05829996526e-09	2.87259328737e-11
5.05935885158e-09	2.80792366355e-11
5.0604177379e-09	2.64001403204e-11
5.06147662423e-09	2.53507906941e-11
5.06253551055e-09	2.45125989819e-11
5.06359439687e-09	2.36037912306e-11
5.06465328319e-09	2.29450446273e-11
5.06571216952e-09	2.3042089287e-11
5.06677105584e-09	2.30088758376e-11
5.06782994216e-09	2.36285333747e-11
5.06888882849e-09	2.39552741792e-11
5.06994771481e-09	2.39938863049e-11
5.07100660113e-09	2.47597933909e-11
5.07206548746e-09	2.48392701806e-11
5.07312437378e-09	2.42069613052e-11
5.0741832601e-09	2.36855166556e-11
5.07524214643e-09	2.2937470933e-11
5.07630103275e-09	2.16949637508e-11
5.07735991907e-09	2.03665989238e-11
5.07841880539e-09	1.92151681936e-11
5.07947769172e-09	1.84897322062e-11
5.08053657804e-09	1.8452393476e-11
5.08159546436e-09	1.8493180186e-11
5.08265435069e-09	1.8255034962e-11
5.08371323701e-09	1.82271504747e-11
5.08477212333e-09	1.86470245711e-11
5.08583100966e-09	1.91694999718e-11
5.08688989598e-09	1.95257296659e-11
5.0879487823e-09	1.9543039821e-11
5.08900766862e-09	1.88199138348e-11
5.09006655495e-09	1.8530797773e-11
5.09112544127e-09	1.79100493117e-11
5.09218432759e-09	1.68881129784e-11
5.09324321392e-09	1.62093167664e-11
5.09430210024e-09	1.51146654871e-11
5.09536098656e-09	1.40834307107e-11
5.09641987289e-09	1.33752390673e-11
5.09747875921e-09	1.31270048e-11
5.09853764553e-09	1.30671974977e-11
5.09959653186e-09	1.31117599417e-11
5.10065541818e-09	1.3439343605e-11
5.1017143045e-09	1.3732263807e-11
5.10277319082e-09	1.42827966251e-11
5.10383207715e-09	1.42342390045e-11
5.10489096347e-09	1.39313903295e-11
5.10594984979e-09	1.36682517518e-11
5.10700873612e-09	1.29078964314e-11
5.10806762244e-09	1.23597237046e-11
5.10912650876e-09	1.12271557069e-11
5.11018539509e-09	1.01327550408e-11
5.11124428141e-09	9.46713882418e-12
5.11230316773e-09	8.65083834645e-12
5.11336205406e-09	8.19881049987e-12
5.11442094038e-09	8.02848114595e-12
5.1154798267e-09	8.16123031785e-12
5.11653871302e-09	8.14861822766e-12
5.11759759935e-09	8.59091834129e-12
5.11865648567e-09	9.21376066805e-12
5.11971537199e-09	8.90316672383e-12
5.12077425832e-09	9.3804166908e-12
5.12183314464e-09	9.11868903953e-12
5.12289203096e-09	8.65887114614e-12
5.12395091729e-09	7.69818513406e-12
5.12500980361e-09	6.62107586639e-12
5.12606868993e-09	5.23365937177e-12
5.12712757626e-09	4.47962606137e-12
5.12818646258e-09	3.54491384706e-12
5.1292453489e-09	2.75804670714e-12
5.13030423522e-09	2.54736233192e-12
5.13136312155e-09	2.89004891795e-12
5.13242200787e-09	3.46453177561e-12
5.13348089419e-09	3.56179368226e-12
5.13453978052e-09	4.16146584965e-12
5.13559866684e-09	4.40772096014e-12
5.13665755316e-09	4.4163596391e-12
5.13771643949e-09	4.39080111788e-12
5.13877532581e-09	3.65003234343e-12
5.13983421213e-09	2.60283389622e-12
5.14089309845e-09	1.28499388051e-12
5.14195198478e-09	2.09858275844e-13
5.1430108711e-09	-1.04759223621e-12
5.14406975742e-09	-1.33856158579e-12
5.14512864375e-09	-1.73663270518e-12
5.14618753007e-09	-1.90911670424e-12
5.14724641639e-09	-1.62178156646e-12
5.14830530272e-09	-1.48470513363e-12
5.14936418904e-09	-1.21504762767e-12
5.15042307536e-09	-4.7102458991e-13
5.15148196169e-09	-1.23181689119e-13
5.15254084801e-09	-2.73404420577e-13
5.15359973433e-09	-9.60803702224e-13
5.15465862065e-09	-1.22562640511e-12
5.15571750698e-09	-2.3646886722e-12
5.1567763933e-09	-3.3792343381e-12
5.15783527962e-09	-4.32063935953e-12
5.15889416595e-09	-5.41744459622e-12
5.15995305227e-09	-6.10712820375e-12
5.16101193859e-09	-6.4457072492e-12
5.16207082492e-09	-6.54770383962e-12
5.16312971124e-09	-6.67907705055e-12
5.16418859756e-09	-6.48288708957e-12
5.16524748389e-09	-5.69128918255e-12
5.16630637021e-09	-5.37825410292e-12
5.16736525653e-09	-4.97295623734e-12
5.16842414285e-09	-5.1814954237e-12
5.16948302918e-09	-5.40130998738e-12
5.1705419155e-09	-5.82701795886e-12
5.17160080182e-09	-6.68456642035e-12
5.17265968815e-09	-7.98605761599e-12
5.17371857447e-09	-8.4606634307e-12
5.17477746079e-09	-9.4928651528e-12
5.17583634712e-09	-1.05550250614e-11
5.17689523344e-09	-1.12856993716e-11
5.17795411976e-09	-1.12162698834e-11
5.17901300608e-09	-1.1522164028e-11
5.18007189241e-09	-1.13601164066e-11
5.18113077873e-09	-1.08673724316e-11
5.18218966505e-09	-1.00497771997e-11
5.18324855138e-09	-1.02032302962e-11
5.1843074377e-09	-9.73939857799e-12
5.18536632402e-09	-9.80186369353e-12
5.18642521035e-09	-9.95019382643e-12
5.18748409667e-09	-1.09076966209e-11
5.18854298299e-09	-1.13916371995e-11
5.18960186932e-09	-1.27653053059e-11
5.19066075564e-09	-1.39066130573e-11
5.19171964196e-09	-1.47742396659e-11
5.19277852828e-09	-1.60530656693e-11
5.19383741461e-09	-1.667048357e-11
5.19489630093e-09	-1.65030685515e-11
5.19595518725e-09	-1.60739970596e-11
5.19701407358e-09	-1.57763655655e-11
5.1980729599e-09	-1.50949254181e-11
5.19913184622e-09	-1.48066337836e-11
5.20019073255e-09	-1.39234849778e-11
5.20124961887e-09	-1.386452769e-11
5.20230850519e-09	-1.41972996944e-11
5.20336739152e-09	-1.50514828465e-11
5.20442627784e-09	-1.62612345464e-11
5.20548516416e-09	-1.7332023078e-11
5.20654405048e-09	-1.85853567779e-11
5.20760293681e-09	-1.95401293887e-11
5.20866182313e-09	-2.06443683762e-11
5.20972070945e-09	-2.14905436112e-11
5.21077959578e-09	-2.12748475521e-11
5.2118384821e-09	-2.11303784799e-11
5.21289736842e-09	-2.0638288821e-11
5.21395625475e-09	-1.97278655001e-11
5.21501514107e-09	-1.90377228955e-11
5.21607402739e-09	-1.85093741549e-11
5.21713291372e-09	-1.82280704203e-11
5.21819180004e-09	-1.88860578652e-11
5.21925068636e-09	-1.91152501813e-11
5.22030957268e-09	-2.05177583907e-11
5.22136845901e-09	-2.15018968342e-11
5.22242734533e-09	-2.31548111847e-11
5.22348623165e-09	-2.45633858306e-11
5.22454511798e-09	-2.52643153793e-11
5.2256040043e-09	-2.60947643702e-11
5.22666289062e-09	-2.62633252819e-11
5.22772177695e-09	-2.54551260712e-11
5.22878066327e-09	-2.53964358224e-11
5.22983954959e-09	-2.43441699091e-11
5.23089843591e-09	-2.36262817036e-11
5.23195732224e-09	-2.33480229508e-11
5.23301620856e-09	-2.31658988867e-11
5.23407509488e-09	-2.33526347131e-11
5.23513398121e-09	-2.40329151979e-11
5.23619286753e-09	-2.49065915461e-11
5.23725175385e-09	-2.61184570065e-11
5.23831064018e-09	-2.74965393336e-11
5.2393695265e-09	-2.86244361547e-11
5.24042841282e-09	-2.99662944198e-11
5.24148729915e-09	-2.97065325897e-11
5.24254618547e-09	-2.97799061886e-11
5.24360507179e-09	-3.00197896055e-11
5.24466395811e-09	-2.94885643681e-11
5.24572284444e-09	-2.9274604442e-11
5.24678173076e-09	-2.87021539348e-11
5.24784061708e-09	-2.78595644818e-11
5.24889950341e-09	-2.73577018244e-11
5.24995838973e-09	-2.74523520236e-11
5.25101727605e-09	-2.78928778946e-11
5.25207616238e-09	-2.88792084864e-11
5.2531350487e-09	-3.03209842217e-11
5.25419393502e-09	-3.15303989515e-11
5.25525282135e-09	-3.24875809848e-11
5.25631170767e-09	-3.36561217264e-11
5.25737059399e-09	-3.44676917216e-11
5.25842948031e-09	-3.51431709254e-11
5.25948836664e-09	-3.49534776123e-11
5.26054725296e-09	-3.42910467816e-11
5.26160613928e-09	-3.30995274592e-11
5.26266502561e-09	-3.18640313787e-11
5.26372391193e-09	-3.16152772364e-11
5.26478279825e-09	-3.16928764049e-11
5.26584168458e-09	-3.16694838756e-11
5.2669005709e-09	-3.25226861501e-11
5.26795945722e-09	-3.33362734119e-11
5.26901834355e-09	-3.42049461671e-11
5.27007722987e-09	-3.59431963359e-11
5.27113611619e-09	-3.67839487168e-11
5.27219500251e-09	-3.79361386055e-11
5.27325388884e-09	-3.88316846126e-11
5.27431277516e-09	-3.88433215714e-11
5.27537166148e-09	-3.8567035416e-11
5.27643054781e-09	-3.80556358995e-11
5.27748943413e-09	-3.74309327023e-11
5.27854832045e-09	-3.743403287e-11
5.27960720678e-09	-3.72173637395e-11
5.2806660931e-09	-3.65996297939e-11
5.28172497942e-09	-3.64526388675e-11
5.28278386574e-09	-3.6670528376e-11
5.28384275207e-09	-3.71888353445e-11
5.28490163839e-09	-3.83150987066e-11
5.28596052471e-09	-3.94761183378e-11
5.28701941104e-09	-4.08546161311e-11
5.28807829736e-09	-4.20353634713e-11
5.28913718368e-09	-4.27464192515e-11
5.29019607001e-09	-4.30538792551e-11
5.29125495633e-09	-4.30852447903e-11
5.29231384265e-09	-4.26436986851e-11
5.29337272898e-09	-4.24974187785e-11
5.2944316153e-09	-4.18879121927e-11
5.29549050162e-09	-4.13513611373e-11
5.29654938794e-09	-4.08521005652e-11
5.29760827427e-09	-4.02832899416e-11
5.29866716059e-09	-4.05145717322e-11
5.29972604691e-09	-4.11308250913e-11
5.30078493324e-09	-4.20188636489e-11
5.30184381956e-09	-4.34074369331e-11
5.30290270588e-09	-4.46151965199e-11
5.30396159221e-09	-4.57155879992e-11
5.30502047853e-09	-4.65568204648e-11
5.30607936485e-09	-4.73403169964e-11
5.30713825118e-09	-4.77904478144e-11
5.3081971375e-09	-4.76717888255e-11
5.30925602382e-09	-4.69658003894e-11
5.31031491014e-09	-4.60013316501e-11
5.31137379647e-09	-4.58531749896e-11
5.31243268279e-09	-4.47539488108e-11
5.31349156911e-09	-4.48715019134e-11
5.31455045544e-09	-4.49844645041e-11
5.31560934176e-09	-4.53219710025e-11
5.31666822808e-09	-4.58197815627e-11
5.31772711441e-09	-4.6972520925e-11
5.31878600073e-09	-4.82500719066e-11
5.31984488705e-09	-4.94528055658e-11
5.32090377337e-09	-5.0803371926e-11
5.3219626597e-09	-5.13513884193e-11
5.32302154602e-09	-5.16955727357e-11
5.32408043234e-09	-5.13087645287e-11
5.32513931867e-09	-5.1195360451e-11
5.32619820499e-09	-5.08620246614e-11
5.32725709131e-09	-5.00402154609e-11
5.32831597764e-09	-4.95405522161e-11
5.32937486396e-09	-4.86618961272e-11
5.33043375028e-09	-4.86432461151e-11
5.33149263661e-09	-4.90141529794e-11
5.33255152293e-09	-4.9426458152e-11
5.33361040925e-09	-5.03675504082e-11
5.33466929557e-09	-5.22284515983e-11
5.3357281819e-09	-5.36108878645e-11
5.33678706822e-09	-5.44243309274e-11
5.33784595454e-09	-5.51122632773e-11
5.33890484087e-09	-5.5650856319e-11
5.33996372719e-09	-5.56720104045e-11
5.34102261351e-09	-5.54425268716e-11
5.34208149984e-09	-5.45250624165e-11
5.34314038616e-09	-5.37915519419e-11
5.34419927248e-09	-5.31768361983e-11
5.34525815881e-09	-5.26139513901e-11
5.34631704513e-09	-5.24538264386e-11
5.34737593145e-09	-5.26199474618e-11
5.34843481777e-09	-5.35079060053e-11
5.3494937041e-09	-5.49162243457e-11
5.35055259042e-09	-5.58271905267e-11
5.35161147674e-09	-5.64762572645e-11
5.35267036307e-09	-5.76516638248e-11
5.35372924939e-09	-5.83828610456e-11
5.35478813571e-09	-5.92651409718e-11
5.35584702204e-09	-5.95864039533e-11
5.35690590836e-09	-5.92354637563e-11
5.35796479468e-09	-5.90207106278e-11
5.35902368101e-09	-5.83683023789e-11
5.36008256733e-09	-5.73170677587e-11
5.36114145365e-09	-5.70427793542e-11
5.36220033997e-09	-5.67578696715e-11
5.3632592263e-09	-5.68990085083e-11
5.36431811262e-09	-5.75088639904e-11
5.36537699894e-09	-5.79348448555e-11
5.36643588527e-09	-5.89551224679e-11
5.36749477159e-09	-6.00398897266e-11
5.36855365791e-09	-6.11112055057e-11
5.36961254424e-09	-6.2565282382e-11
5.37067143056e-09	-6.32313429047e-11
5.37173031688e-09	-6.3411228525e-11
5.3727892032e-09	-6.34627385365e-11
5.37384808953e-09	-6.28996429594e-11
5.37490697585e-09	-6.2166840252e-11
5.37596586217e-09	-6.18186907914e-11
5.3770247485e-09	-6.11015877651e-11
5.37808363482e-09	-6.07311822359e-11
5.37914252114e-09	-6.09677651246e-11
5.38020140747e-09	-6.10065110408e-11
5.38126029379e-09	-6.11368781121e-11
5.38231918011e-09	-6.24329750225e-11
5.38337806644e-09	-6.29840164398e-11
5.38443695276e-09	-6.43877941416e-11
5.38549583908e-09	-6.5637337579e-11
5.3865547254e-09	-6.65182843702e-11
5.38761361173e-09	-6.68008439363e-11
5.38867249805e-09	-6.7024429843e-11
5.38973138437e-09	-6.65922000702e-11
5.3907902707e-09	-6.6571176089e-11
5.39184915702e-09	-6.58563546578e-11
5.39290804334e-09	-6.48235362957e-11
5.39396692967e-09	-6.42449392296e-11
5.39502581599e-09	-6.37904473168e-11
5.39608470231e-09	-6.39975303654e-11
5.39714358864e-09	-6.46998557161e-11
5.39820247496e-09	-6.50281495318e-11
5.39926136128e-09	-6.64057333427e-11
5.4003202476e-09	-6.73154795794e-11
5.40137913393e-09	-6.86559325017e-11
5.40243802025e-09	-6.9770970685e-11
5.40349690657e-09	-7.05413318904e-11
5.4045557929e-09	-7.08171043508e-11
5.40561467922e-09	-7.0567358814e-11
5.40667356554e-09	-7.00127980764e-11
5.40773245187e-09	-6.92993722302e-11
5.40879133819e-09	-6.87117866945e-11
5.40985022451e-09	-6.80806955949e-11
5.41090911084e-09	-6.79872976493e-11
5.41196799716e-09	-6.79251464103e-11
5.41302688348e-09	-6.76611310382e-11
5.4140857698e-09	-6.86068866648e-11
5.41514465613e-09	-6.9795877411e-11
5.41620354245e-09	-7.10689463009e-11
5.41726242877e-09	-7.24613398798e-11
5.4183213151e-09	-7.31612036578e-11
5.41938020142e-09	-7.37670163668e-11
5.42043908774e-09	-7.38823377477e-11
5.42149797407e-09	-7.4139344837e-11
5.42255686039e-09	-7.36613920901e-11
5.42361574671e-09	-7.30834030446e-11
5.42467463303e-09	-7.25974280691e-11
5.42573351936e-09	-7.17768600632e-11
5.42679240568e-09	-7.18031302818e-11
5.427851292e-09	-7.15357877101e-11
5.42891017833e-09	-7.1634323473e-11
5.42996906465e-09	-7.24494791417e-11
5.43102795097e-09	-7.31309487793e-11
5.4320868373e-09	-7.40180347569e-11
5.43314572362e-09	-7.48680180351e-11
5.43420460994e-09	-7.5908911535e-11
5.43526349627e-09	-7.69644660503e-11
5.43632238259e-09	-7.74236668701e-11
5.43738126891e-09	-7.72001052494e-11
5.43844015523e-09	-7.74881768993e-11
5.43949904156e-09	-7.69181888322e-11
5.44055792788e-09	-7.60177355091e-11
5.4416168142e-09	-7.54294244253e-11
5.44267570053e-09	-7.47447667995e-11
5.44373458685e-09	-7.46166383889e-11
5.44479347317e-09	-7.4909501345e-11
5.4458523595e-09	-7.52020225606e-11
5.44691124582e-09	-7.61075174237e-11
5.44797013214e-09	-7.70780071713e-11
5.44902901847e-09	-7.80658680061e-11
5.45008790479e-09	-7.94765780965e-11
5.45114679111e-09	-7.99112330127e-11
5.45220567743e-09	-8.04586453886e-11
5.45326456376e-09	-8.12185401398e-11
5.45432345008e-09	-8.08029619777e-11
5.4553823364e-09	-8.0139426345e-11
5.45644122273e-09	-7.98571855344e-11
5.45750010905e-09	-7.88107838538e-11
5.45855899537e-09	-7.83845176267e-11
5.4596178817e-09	-7.80212556888e-11
5.46067676802e-09	-7.813209758e-11
5.46173565434e-09	-7.83832712278e-11
5.46279454066e-09	-7.93281408444e-11
5.46385342699e-09	-7.97874088847e-11
5.46491231331e-09	-8.12710905518e-11
5.46597119963e-09	-8.2111516371e-11
5.46703008596e-09	-8.35029098818e-11
5.46808897228e-09	-8.39495456657e-11
5.4691478586e-09	-8.40236205266e-11
5.47020674493e-09	-8.42457891642e-11
5.47126563125e-09	-8.38083994564e-11
5.47232451757e-09	-8.30686513499e-11
5.4733834039e-09	-8.26359137368e-11
5.47444229022e-09	-8.20235528803e-11
5.47550117654e-09	-8.18090174597e-11
5.47656006286e-09	-8.10637941322e-11
5.47761894919e-09	-8.15107660188e-11
5.47867783551e-09	-8.21163076772e-11
5.47973672183e-09	-8.27851441912e-11
5.48079560816e-09	-8.40397543223e-11
5.48185449448e-09	-8.47354643049e-11
5.4829133808e-09	-8.56427246829e-11
5.48397226713e-09	-8.64707849595e-11
5.48503115345e-09	-8.69051267581e-11
5.48609003977e-09	-8.71699943131e-11
5.4871489261e-09	-8.67424109971e-11
5.48820781242e-09	-8.63563652011e-11
5.48926669874e-09	-8.58626746092e-11
5.49032558506e-09	-8.55519427002e-11
5.49138447139e-09	-8.51815670951e-11
5.49244335771e-09	-8.46322872894e-11
5.49350224403e-09	-8.4831197622e-11
5.49456113036e-09	-8.50634935753e-11
5.49562001668e-09	-8.5515801905e-11
5.496678903e-09	-8.6485589957e-11
5.49773778933e-09	-8.74661922751e-11
5.49879667565e-09	-8.82673782156e-11
5.49985556197e-09	-8.97398405586e-11
5.5009144483e-09	-8.97510455712e-11
5.50197333462e-09	-9.01244686519e-11
5.50303222094e-09	-8.9903015154e-11
5.50409110726e-09	-8.98930786579e-11
5.50514999359e-09	-8.89627195695e-11
5.50620887991e-09	-8.88476345447e-11
5.50726776623e-09	-8.76572633923e-11
5.50832665256e-09	-8.72552139049e-11
5.50938553888e-09	-8.72472536925e-11
5.5104444252e-09	-8.74484937588e-11
5.51150331153e-09	-8.84225622409e-11
5.51256219785e-09	-8.92884759185e-11
5.51362108417e-09	-9.00124514855e-11
5.51467997049e-09	-9.10934938592e-11
5.51573885682e-09	-9.20230593116e-11
5.51679774314e-09	-9.24238506908e-11
5.51785662946e-09	-9.28994173255e-11
5.51891551579e-09	-9.30802353596e-11
5.51997440211e-09	-9.25981522362e-11
5.52103328843e-09	-9.15175838757e-11
5.52209217476e-09	-9.12494593774e-11
5.52315106108e-09	-9.04545154057e-11
5.5242099474e-09	-9.00181023472e-11
5.52526883373e-09	-9.03735636673e-11
5.52632772005e-09	-9.0692044586e-11
5.52738660637e-09	-9.10450569103e-11
5.52844549269e-09	-9.19563591939e-11
5.52950437902e-09	-9.2414269813e-11
5.53056326534e-09	-9.37417869024e-11
5.53162215166e-09	-9.44171026085e-11
5.53268103799e-09	-9.53448110394e-11
5.53373992431e-09	-9.56179814146e-11
5.53479881063e-09	-9.50881040573e-11
5.53585769696e-09	-9.44669524897e-11
5.53691658328e-09	-9.45377994638e-11
5.5379754696e-09	-9.40431907695e-11
5.53903435593e-09	-9.40693937676e-11
5.54009324225e-09	-9.36675311966e-11
5.54115212857e-09	-9.38449682547e-11
5.54221101489e-09	-9.35727155482e-11
5.54326990122e-09	-9.38504846754e-11
5.54432878754e-09	-9.42918200117e-11
5.54538767386e-09	-9.49563969121e-11
5.54644656019e-09	-9.54855534918e-11
5.54750544651e-09	-9.63142777338e-11
5.54856433283e-09	-9.7028058331e-11
5.54962321916e-09	-9.75636255812e-11
5.55068210548e-09	-9.80135304515e-11
5.5517409918e-09	-9.7974642288e-11
5.55279987813e-09	-9.77399168545e-11
5.55385876445e-09	-9.73454216541e-11
5.55491765077e-09	-9.63912352714e-11
5.55597653709e-09	-9.61836530561e-11
5.55703542342e-09	-9.61741485062e-11
5.55809430974e-09	-9.59328840325e-11
5.55915319606e-09	-9.67253326045e-11
5.56021208239e-09	-9.67763213316e-11
5.56127096871e-09	-9.76281390799e-11
5.56232985503e-09	-9.87476151196e-11
5.56338874136e-09	-9.90954601363e-11
5.56444762768e-09	-9.96320439345e-11
5.565506514e-09	-1.00278879818e-10
5.56656540032e-09	-1.00052569528e-10
5.56762428665e-09	-1.00207778707e-10
5.56868317297e-09	-1.00199207438e-10
5.56974205929e-09	-9.96641276452e-11
5.57080094562e-09	-9.96075617821e-11
5.57185983194e-09	-9.91112764775e-11
5.57291871826e-09	-9.89345116248e-11
5.57397760459e-09	-9.88505848357e-11
5.57503649091e-09	-9.89660757858e-11
5.57609537723e-09	-9.97909654216e-11
5.57715426356e-09	-1.00440458034e-10
5.57821314988e-09	-1.00556672364e-10
5.5792720362e-09	-1.01355120477e-10
5.58033092252e-09	-1.01948777545e-10
5.58138980885e-09	-1.02311856903e-10
5.58244869517e-09	-1.02767029261e-10
5.58350758149e-09	-1.02920095189e-10
5.58456646782e-09	-1.02981867825e-10
5.58562535414e-09	-1.02701533909e-10
5.58668424046e-09	-1.02528146563e-10
5.58774312679e-09	-1.02077393413e-10
5.58880201311e-09	-1.01386922295e-10
5.58986089943e-09	-1.01261002187e-10
5.59091978576e-09	-1.01351185257e-10
5.59197867208e-09	-1.01371127638e-10
5.5930375584e-09	-1.02131208872e-10
5.59409644472e-09	-1.02613238219e-10
5.59515533105e-09	-1.03540296996e-10
5.59621421737e-09	-1.04345407315e-10
5.59727310369e-09	-1.05013606318e-10
5.59833199002e-09	-1.05243065998e-10
5.59939087634e-09	-1.0517802948e-10
5.60044976266e-09	-1.047050684e-10
5.60150864899e-09	-1.04642202021e-10
5.60256753531e-09	-1.04432211143e-10
5.60362642163e-09	-1.03915725851e-10
5.60468530795e-09	-1.0352880532e-10
5.60574419428e-09	-1.04010404456e-10
5.6068030806e-09	-1.04049137362e-10
5.60786196692e-09	-1.04073617779e-10
5.60892085325e-09	-1.04584925789e-10
5.60997973957e-09	-1.05267085847e-10
5.61103862589e-09	-1.05769078391e-10
5.61209751222e-09	-1.06520031511e-10
5.61315639854e-09	-1.07085442076e-10
5.61421528486e-09	-1.06874500569e-10
5.61527417119e-09	-1.07094654325e-10
5.61633305751e-09	-1.0703416365e-10
5.61739194383e-09	-1.06951747805e-10
5.61845083015e-09	-1.06377458058e-10
5.61950971648e-09	-1.06174852764e-10
5.6205686028e-09	-1.06273644399e-10
5.62162748912e-09	-1.05890597506e-10
5.62268637545e-09	-1.05798554813e-10
5.62374526177e-09	-1.06379810343e-10
5.62480414809e-09	-1.06585781867e-10
5.62586303442e-09	-1.06728006641e-10
5.62692192074e-09	-1.07578948354e-10
5.62798080706e-09	-1.08343741097e-10
5.62903969339e-09	-1.08456352406e-10
5.63009857971e-09	-1.091796549e-10
5.63115746603e-09	-1.09333797224e-10
5.63221635235e-09	-1.0951258303e-10
5.63327523868e-09	-1.09349390653e-10
5.634334125e-09	-1.0850658913e-10
5.63539301132e-09	-1.08576391801e-10
5.63645189765e-09	-1.08408283218e-10
5.63751078397e-09	-1.07954548946e-10
5.63856967029e-09	-1.08342187652e-10
5.63962855662e-09	-1.08566430151e-10
5.64068744294e-09	-1.08548372547e-10
5.64174632926e-09	-1.08958309389e-10
5.64280521559e-09	-1.09571959145e-10
5.64386410191e-09	-1.10111602128e-10
5.64492298823e-09	-1.11259893659e-10
5.64598187455e-09	-1.11320823219e-10
5.64704076088e-09	-1.11343876827e-10
5.6480996472e-09	-1.1136011991e-10
5.64915853352e-09	-1.11241670389e-10
5.65021741985e-09	-1.11302915669e-10
5.65127630617e-09	-1.11230371268e-10
5.65233519249e-09	-1.10569788568e-10
5.65339407882e-09	-1.10390164891e-10
5.65445296514e-09	-1.10302649826e-10
5.65551185146e-09	-1.10268238117e-10
5.65657073778e-09	-1.11146642237e-10
5.65762962411e-09	-1.11213385723e-10
5.65868851043e-09	-1.11700450972e-10
5.65974739675e-09	-1.11964933852e-10
5.66080628308e-09	-1.12278945689e-10
5.6618651694e-09	-1.12810795427e-10
5.66292405572e-09	-1.13290752647e-10
5.66398294205e-09	-1.13332840508e-10
5.66504182837e-09	-1.13616084423e-10
5.66610071469e-09	-1.1350561463e-10
5.66715960102e-09	-1.12995383016e-10
5.66821848734e-09	-1.12527622637e-10
5.66927737366e-09	-1.12405608259e-10
5.67033625998e-09	-1.12634601299e-10
5.67139514631e-09	-1.12392388799e-10
5.67245403263e-09	-1.12719866427e-10
5.67351291895e-09	-1.13315968588e-10
5.67457180528e-09	-1.13815958394e-10
5.6756306916e-09	-1.14144710177e-10
5.67668957792e-09	-1.14269559093e-10
5.67774846425e-09	-1.14588206111e-10
5.67880735057e-09	-1.15075343352e-10
5.67986623689e-09	-1.1502168662e-10
5.68092512322e-09	-1.14830312793e-10
5.68198400954e-09	-1.14738545921e-10
5.68304289586e-09	-1.14551357115e-10
5.68410178218e-09	-1.14569195277e-10
5.68516066851e-09	-1.145200575e-10
5.68621955483e-09	-1.14195059658e-10
5.68727844115e-09	-1.14289704436e-10
5.68833732748e-09	-1.14795267042e-10
5.6893962138e-09	-1.14957322307e-10
5.69045510012e-09	-1.15173467118e-10
5.69151398645e-09	-1.15666827678e-10
5.69257287277e-09	-1.15854605423e-10
5.69363175909e-09	-1.16516163905e-10
5.69469064542e-09	-1.17071793232e-10
5.69574953174e-09	-1.16948573221e-10
5.69680841806e-09	-1.17077599351e-10
5.69786730438e-09	-1.17060131553e-10
5.69892619071e-09	-1.16498461919e-10
5.69998507703e-09	-1.1666386867e-10
5.70104396335e-09	-1.16692068335e-10
5.70210284968e-09	-1.16057961852e-10
5.703161736e-09	-1.16453285383e-10
5.70422062232e-09	-1.16259771775e-10
5.70527950865e-09	-1.16385008402e-10
5.70633839497e-09	-1.17392502837e-10
5.70739728129e-09	-1.17758573726e-10
5.70845616761e-09	-1.17637611458e-10
5.70951505394e-09	-1.18487403049e-10
5.71057394026e-09	-1.18915450403e-10
5.71163282658e-09	-1.18896055327e-10
5.71269171291e-09	-1.18574075905e-10
5.71375059923e-09	-1.18296226113e-10
5.71480948555e-09	-1.18517710403e-10
5.71586837188e-09	-1.18299247134e-10
5.7169272582e-09	-1.18033027796e-10
5.71798614452e-09	-1.18141261531e-10
5.71904503085e-09	-1.18129436788e-10
5.72010391717e-09	-1.18272160295e-10
5.72116280349e-09	-1.18305049784e-10
5.72222168981e-09	-1.18771534274e-10
5.72328057614e-09	-1.19206661903e-10
5.72433946246e-09	-1.19832069614e-10
5.72539834878e-09	-1.20134716411e-10
5.72645723511e-09	-1.20315288982e-10
5.72751612143e-09	-1.20454055584e-10
5.72857500775e-09	-1.20460895599e-10
5.72963389408e-09	-1.2039142426e-10
5.7306927804e-09	-1.20506081676e-10
5.73175166672e-09	-1.19747847922e-10
5.73281055305e-09	-1.19833062744e-10
5.73386943937e-09	-1.19399086104e-10
5.73492832569e-09	-1.19396263709e-10
5.73598721201e-09	-1.1952729518e-10
5.73704609834e-09	-1.1974640203e-10
5.73810498466e-09	-1.20633234305e-10
5.73916387098e-09	-1.2121440917e-10
5.74022275731e-09	-1.21217712951e-10
5.74128164363e-09	-1.21827725859e-10
5.74234052995e-09	-1.22087031457e-10
5.74339941628e-09	-1.22078069008e-10
5.7444583026e-09	-1.22037562347e-10
5.74551718892e-09	-1.22076961387e-10
5.74657607524e-09	-1.2187095777e-10
5.74763496157e-09	-1.21750171576e-10
5.74869384789e-09	-1.21701144822e-10
5.74975273421e-09	-1.21664003525e-10
5.75081162054e-09	-1.21228174201e-10
5.75187050686e-09	-1.21033132301e-10
5.75292939318e-09	-1.21512903038e-10
5.75398827951e-09	-1.21866746729e-10
5.75504716583e-09	-1.21872453969e-10
5.75610605215e-09	-1.22610308191e-10
5.75716493848e-09	-1.22642293023e-10
5.7582238248e-09	-1.23044959638e-10
5.75928271112e-09	-1.23682781898e-10
5.76034159744e-09	-1.23697775113e-10
5.76140048377e-09	-1.23561329571e-10
5.76245937009e-09	-1.23705722749e-10
5.76351825641e-09	-1.23360254303e-10
5.76457714274e-09	-1.23051572404e-10
5.76563602906e-09	-1.23407206329e-10
5.76669491538e-09	-1.23066793735e-10
5.76775380171e-09	-1.22924196863e-10
5.76881268803e-09	-1.22835450145e-10
5.76987157435e-09	-1.22875417306e-10
5.77093046068e-09	-1.23371326176e-10
5.771989347e-09	-1.23837069939e-10
5.77304823332e-09	-1.24136895208e-10
5.77410711964e-09	-1.24797629696e-10
5.77516600597e-09	-1.24972440382e-10
5.77622489229e-09	-1.25288983181e-10
5.77728377861e-09	-1.25234061836e-10
5.77834266494e-09	-1.25113602638e-10
5.77940155126e-09	-1.24765906807e-10
5.78046043758e-09	-1.247593669e-10
5.78151932391e-09	-1.24366573463e-10
5.78257821023e-09	-1.2437907735e-10
5.78363709655e-09	-1.24414352085e-10
5.78469598288e-09	-1.24387589638e-10
5.7857548692e-09	-1.24572008091e-10
5.78681375552e-09	-1.2485307406e-10
5.78787264184e-09	-1.25334403446e-10
5.78893152817e-09	-1.26026803576e-10
5.78999041449e-09	-1.26445642151e-10
5.79104930081e-09	-1.26064526873e-10
5.79210818714e-09	-1.26650564168e-10
5.79316707346e-09	-1.26749270801e-10
5.79422595978e-09	-1.26526638125e-10
5.79528484611e-09	-1.26735280256e-10
5.79634373243e-09	-1.2606661895e-10
5.79740261875e-09	-1.26178044575e-10
5.79846150507e-09	-1.25658291932e-10
5.7995203914e-09	-1.25275304019e-10
5.80057927772e-09	-1.25668502514e-10
5.80163816404e-09	-1.25731536293e-10
5.80269705037e-09	-1.26154343048e-10
5.80375593669e-09	-1.26834930579e-10
5.80481482301e-09	-1.27067492812e-10
5.80587370934e-09	-1.27552995076e-10
5.80693259566e-09	-1.27980944419e-10
5.80799148198e-09	-1.28413927061e-10
5.80905036831e-09	-1.28163387889e-10
5.81010925463e-09	-1.27967565364e-10
5.81116814095e-09	-1.27657792323e-10
5.81222702727e-09	-1.27399119032e-10
5.8132859136e-09	-1.26888788539e-10
5.81434479992e-09	-1.26908754339e-10
5.81540368624e-09	-1.26995680465e-10
5.81646257257e-09	-1.27173136605e-10
5.81752145889e-09	-1.27059253743e-10
5.81858034521e-09	-1.27166231538e-10
5.81963923154e-09	-1.27779105873e-10
5.82069811786e-09	-1.28199997493e-10
5.82175700418e-09	-1.29040504844e-10
5.82281589051e-09	-1.29408252343e-10
5.82387477683e-09	-1.29494090798e-10
5.82493366315e-09	-1.29477549342e-10
5.82599254947e-09	-1.29426624799e-10
5.8270514358e-09	-1.28863963771e-10
5.82811032212e-09	-1.28696149224e-10
5.82916920844e-09	-1.28605317368e-10
5.83022809477e-09	-1.2833920645e-10
5.83128698109e-09	-1.28079618092e-10
5.83234586741e-09	-1.28162787674e-10
5.83340475374e-09	-1.28755398704e-10
5.83446364006e-09	-1.28871593084e-10
5.83552252638e-09	-1.29166161274e-10
5.83658141271e-09	-1.29676513451e-10
5.83764029903e-09	-1.29747127105e-10
5.83869918535e-09	-1.30537008286e-10
5.83975807167e-09	-1.30822138712e-10
5.840816958e-09	-1.30305398416e-10
5.84187584432e-09	-1.30588415949e-10
5.84293473064e-09	-1.3065194239e-10
5.84399361697e-09	-1.30351166493e-10
5.84505250329e-09	-1.2990505633e-10
5.84611138961e-09	-1.29620992759e-10
5.84717027594e-09	-1.28969173882e-10
5.84822916226e-09	-1.29360524029e-10
5.84928804858e-09	-1.29367811602e-10
5.8503469349e-09	-1.29923867671e-10
5.85140582123e-09	-1.30314582042e-10
5.85246470755e-09	-1.30429660128e-10
5.85352359387e-09	-1.30937071949e-10
5.8545824802e-09	-1.31279943513e-10
5.85564136652e-09	-1.31338970082e-10
5.85670025284e-09	-1.31937024674e-10
5.85775913917e-09	-1.31479683911e-10
5.85881802549e-09	-1.3154443073e-10
5.85987691181e-09	-1.31242881146e-10
5.86093579814e-09	-1.30635910943e-10
5.86199468446e-09	-1.30556910768e-10
5.86305357078e-09	-1.30372805433e-10
5.8641124571e-09	-1.30339339148e-10
5.86517134343e-09	-1.30456866664e-10
5.86623022975e-09	-1.30711060031e-10
5.86728911607e-09	-1.30895788132e-10
5.8683480024e-09	-1.3141742642e-10
5.86940688872e-09	-1.32136058172e-10
5.87046577504e-09	-1.32245030898e-10
5.87152466137e-09	-1.3280585312e-10
5.87258354769e-09	-1.32870841066e-10
5.87364243401e-09	-1.32689221589e-10
5.87470132034e-09	-1.32714221557e-10
5.87576020666e-09	-1.32421609268e-10
5.87681909298e-09	-1.31858318535e-10
5.8778779793e-09	-1.31924338641e-10
5.87893686563e-09	-1.31484141283e-10
5.87999575195e-09	-1.31187212135e-10
5.88105463827e-09	-1.31429803672e-10
5.8821135246e-09	-1.31217524693e-10
5.88317241092e-09	-1.32315245566e-10
5.88423129724e-09	-1.32419055755e-10
5.88529018357e-09	-1.32680253069e-10
5.88634906989e-09	-1.33307562038e-10
5.88740795621e-09	-1.33282491814e-10
5.88846684253e-09	-1.33300425385e-10
5.88952572886e-09	-1.33643780938e-10
5.89058461518e-09	-1.33403571176e-10
5.8916435015e-09	-1.33129581144e-10
5.89270238783e-09	-1.33110499186e-10
5.89376127415e-09	-1.32639329208e-10
5.89482016047e-09	-1.32466079772e-10
5.8958790468e-09	-1.32317926581e-10
5.89693793312e-09	-1.32222724089e-10
5.89799681944e-09	-1.32527026679e-10
5.89905570577e-09	-1.32782097817e-10
5.90011459209e-09	-1.33110567707e-10
5.90117347841e-09	-1.33485216804e-10
5.90223236473e-09	-1.33538641083e-10
5.90329125106e-09	-1.34077043738e-10
5.90435013738e-09	-1.34577288549e-10
5.9054090237e-09	-1.34645472723e-10
5.90646791003e-09	-1.34450946036e-10
5.90752679635e-09	-1.34400832477e-10
5.90858568267e-09	-1.33803130034e-10
5.909644569e-09	-1.33644530338e-10
5.91070345532e-09	-1.33328569539e-10
5.91176234164e-09	-1.32905605792e-10
5.91282122797e-09	-1.33497361603e-10
5.91388011429e-09	-1.3317908408e-10
5.91493900061e-09	-1.33124957238e-10
5.91599788693e-09	-1.33767301055e-10
5.91705677326e-09	-1.33978119397e-10
5.91811565958e-09	-1.34561835632e-10
5.9191745459e-09	-1.35082338544e-10
5.92023343223e-09	-1.35078857821e-10
5.92129231855e-09	-1.35349613462e-10
5.92235120487e-09	-1.35107709742e-10
5.9234100912e-09	-1.34813080838e-10
5.92446897752e-09	-1.34754151414e-10
5.92552786384e-09	-1.34539770817e-10
5.92658675017e-09	-1.34203940495e-10
5.92764563649e-09	-1.34076307348e-10
5.92870452281e-09	-1.33950579795e-10
5.92976340913e-09	-1.33908379177e-10
5.93082229546e-09	-1.33950991792e-10
5.93188118178e-09	-1.34140561506e-10
5.9329400681e-09	-1.34846684166e-10
5.93399895443e-09	-1.35439168561e-10
5.93505784075e-09	-1.35374920475e-10
5.93611672707e-09	-1.35757002862e-10
5.9371756134e-09	-1.35913387316e-10
5.93823449972e-09	-1.35716404261e-10
5.93929338604e-09	-1.36022395604e-10
5.94035227236e-09	-1.35760741191e-10
5.94141115869e-09	-1.35260806028e-10
5.94247004501e-09	-1.35241006761e-10
5.94352893133e-09	-1.34768220021e-10
5.94458781766e-09	-1.34722177858e-10
5.94564670398e-09	-1.34533903982e-10
5.9467055903e-09	-1.34745897599e-10
5.94776447663e-09	-1.3486737508e-10
5.94882336295e-09	-1.35326105356e-10
5.94988224927e-09	-1.35604327246e-10
5.9509411356e-09	-1.3610813171e-10
5.95200002192e-09	-1.36334556491e-10
5.95305890824e-09	-1.36754392532e-10
5.95411779456e-09	-1.3692648751e-10
5.95517668089e-09	-1.36780468028e-10
5.95623556721e-09	-1.36252438152e-10
5.95729445353e-09	-1.36263954113e-10
5.95835333986e-09	-1.35607104539e-10
5.95941222618e-09	-1.35167614948e-10
5.9604711125e-09	-1.35524934157e-10
5.96152999883e-09	-1.35005551009e-10
5.96258888515e-09	-1.35492575493e-10
5.96364777147e-09	-1.35560449151e-10
5.9647066578e-09	-1.35791357325e-10
5.96576554412e-09	-1.36059042505e-10
5.96682443044e-09	-1.3661048421e-10
5.96788331676e-09	-1.37023880957e-10
5.96894220309e-09	-1.37388758356e-10
5.97000108941e-09	-1.37625225452e-10
5.97105997573e-09	-1.37318633894e-10
5.97211886206e-09	-1.37222402712e-10
5.97317774838e-09	-1.36783179401e-10
5.9742366347e-09	-1.3660395471e-10
5.97529552103e-09	-1.36198776216e-10
5.97635440735e-09	-1.35602864874e-10
5.97741329367e-09	-1.35871217055e-10
5.97847218e-09	-1.35785212067e-10
5.97953106632e-09	-1.35811973646e-10
5.98058995264e-09	-1.36648861497e-10
5.98164883896e-09	-1.36919222488e-10
5.98270772529e-09	-1.37442399475e-10
5.98376661161e-09	-1.37860365484e-10
5.98482549793e-09	-1.37921347954e-10
5.98588438426e-09	-1.37906348667e-10
5.98694327058e-09	-1.38430985425e-10
5.9880021569e-09	-1.3782828958e-10
5.98906104323e-09	-1.3762894123e-10
5.99011992955e-09	-1.37423915997e-10
5.99117881587e-09	-1.37022114141e-10
5.99223770219e-09	-1.36702707314e-10
5.99329658852e-09	-1.36502001542e-10
5.99435547484e-09	-1.36418706193e-10
5.99541436116e-09	-1.36612374191e-10
5.99647324749e-09	-1.37074932134e-10
5.99753213381e-09	-1.37291015362e-10
5.99859102013e-09	-1.37891168102e-10
5.99964990646e-09	-1.37852970358e-10
6.00070879278e-09	-1.38271333619e-10
6.0017676791e-09	-1.38621895213e-10
6.00282656543e-09	-1.38595889973e-10
6.00388545175e-09	-1.38409975321e-10
6.00494433807e-09	-1.38378625399e-10
6.00600322439e-09	-1.37778294849e-10
6.00706211072e-09	-1.37430083806e-10
6.00812099704e-09	-1.36981064512e-10
6.00917988336e-09	-1.36787087733e-10
6.01023876969e-09	-1.37032745394e-10
6.01129765601e-09	-1.37252815016e-10
6.01235654233e-09	-1.37257555148e-10
6.01341542866e-09	-1.37613336525e-10
6.01447431498e-09	-1.37753149165e-10
6.0155332013e-09	-1.37863304106e-10
6.01659208763e-09	-1.38990539564e-10
6.01765097395e-09	-1.39047398595e-10
6.01870986027e-09	-1.39156734746e-10
6.01976874659e-09	-1.39009869587e-10
6.02082763292e-09	-1.38701744534e-10
6.02188651924e-09	-1.38665428966e-10
6.02294540556e-09	-1.37947845855e-10
6.02400429189e-09	-1.37744506773e-10
6.02506317821e-09	-1.37619368158e-10
6.02612206453e-09	-1.37298315078e-10
6.02718095086e-09	-1.37356273057e-10
6.02823983718e-09	-1.37866323392e-10
6.0292987235e-09	-1.37783309935e-10
6.03035760982e-09	-1.38293131287e-10
6.03141649615e-09	-1.38806108101e-10
6.03247538247e-09	-1.39020600587e-10
6.03353426879e-09	-1.39381618226e-10
6.03459315512e-09	-1.39406245228e-10
6.03565204144e-09	-1.39356087434e-10
6.03671092776e-09	-1.39445554062e-10
6.03776981409e-09	-1.38553602619e-10
6.03882870041e-09	-1.38631352058e-10
6.03988758673e-09	-1.37988330831e-10
6.04094647306e-09	-1.37839530588e-10
6.04200535938e-09	-1.37758457419e-10
6.0430642457e-09	-1.37934444248e-10
6.04412313202e-09	-1.37553581372e-10
6.04518201835e-09	-1.38319321275e-10
6.04624090467e-09	-1.38277372191e-10
6.04729979099e-09	-1.38515759626e-10
6.04835867732e-09	-1.38954734004e-10
6.04941756364e-09	-1.39372680931e-10
6.05047644996e-09	-1.39579378437e-10
6.05153533629e-09	-1.39674798637e-10
6.05259422261e-09	-1.39401348971e-10
6.05365310893e-09	-1.39291740468e-10
6.05471199526e-09	-1.38953408675e-10
6.05577088158e-09	-1.38634620277e-10
6.0568297679e-09	-1.38389631352e-10
6.05788865422e-09	-1.38499880835e-10
6.05894754055e-09	-1.37871915273e-10
6.06000642687e-09	-1.38187987095e-10
6.06106531319e-09	-1.38270992746e-10
6.06212419952e-09	-1.38480213407e-10
6.06318308584e-09	-1.39082964763e-10
6.06424197216e-09	-1.39281437078e-10
6.06530085849e-09	-1.39684283237e-10
6.06635974481e-09	-1.39840699784e-10
6.06741863113e-09	-1.39926934623e-10
6.06847751746e-09	-1.39851241698e-10
6.06953640378e-09	-1.40017967706e-10
6.0705952901e-09	-1.39371680863e-10
6.07165417642e-09	-1.39308133605e-10
6.07271306275e-09	-1.38821809083e-10
6.07377194907e-09	-1.38780832312e-10
6.07483083539e-09	-1.38513861839e-10
6.07588972172e-09	-1.38555079736e-10
6.07694860804e-09	-1.38100466826e-10
6.07800749436e-09	-1.38985789891e-10
6.07906638069e-09	-1.39006391467e-10
6.08012526701e-09	-1.39553839838e-10
6.08118415333e-09	-1.39695028115e-10
6.08224303965e-09	-1.39664087587e-10
6.08330192598e-09	-1.39992156756e-10
6.0843608123e-09	-1.40031756156e-10
6.08541969862e-09	-1.39906725094e-10
6.08647858495e-09	-1.39933151004e-10
6.08753747127e-09	-1.39419132489e-10
6.08859635759e-09	-1.39081303765e-10
6.08965524392e-09	-1.38892976981e-10
6.09071413024e-09	-1.38552501069e-10
6.09177301656e-09	-1.38539334518e-10
6.09283190289e-09	-1.38953493677e-10
6.09389078921e-09	-1.39175710887e-10
6.09494967553e-09	-1.39364692529e-10
6.09600856185e-09	-1.39496778712e-10
6.09706744818e-09	-1.39448673095e-10
6.0981263345e-09	-1.39840288654e-10
6.09918522082e-09	-1.4010332304e-10
6.10024410715e-09	-1.40204224966e-10
6.10130299347e-09	-1.40214304577e-10
6.10236187979e-09	-1.39557492299e-10
6.10342076612e-09	-1.39231528216e-10
6.10447965244e-09	-1.39079325313e-10
6.10553853876e-09	-1.38694501196e-10
6.10659742509e-09	-1.38496132097e-10
6.10765631141e-09	-1.38670002564e-10
6.10871519773e-09	-1.38440483036e-10
6.10977408405e-09	-1.38669469137e-10
6.11083297038e-09	-1.39119863199e-10
6.1118918567e-09	-1.39443816737e-10
6.11295074302e-09	-1.39691505759e-10
6.11400962935e-09	-1.39871435614e-10
6.11506851567e-09	-1.39934228267e-10
6.11612740199e-09	-1.39934497149e-10
6.11718628832e-09	-1.39981472594e-10
6.11824517464e-09	-1.39691953317e-10
6.11930406096e-09	-1.39743829355e-10
6.12036294729e-09	-1.39174082849e-10
6.12142183361e-09	-1.39029340991e-10
6.12248071993e-09	-1.38914000095e-10
6.12353960625e-09	-1.38365087617e-10
6.12459849258e-09	-1.38408609227e-10
6.1256573789e-09	-1.3880313305e-10
6.12671626522e-09	-1.38912626194e-10
6.12777515155e-09	-1.39286667269e-10
6.12883403787e-09	-1.39722636239e-10
6.12989292419e-09	-1.39493913816e-10
6.13095181052e-09	-1.39829311324e-10
6.13201069684e-09	-1.39930691166e-10
6.13306958316e-09	-1.39987965664e-10
6.13412846948e-09	-1.39772709899e-10
6.13518735581e-09	-1.39696155685e-10
6.13624624213e-09	-1.39225598064e-10
6.13730512845e-09	-1.38957412417e-10
6.13836401478e-09	-1.38720806543e-10
6.1394229011e-09	-1.38635991576e-10
6.14048178742e-09	-1.38834288683e-10
6.14154067375e-09	-1.38757917482e-10
6.14259956007e-09	-1.38965589903e-10
6.14365844639e-09	-1.38878965619e-10
6.14471733272e-09	-1.39239231256e-10
6.14577621904e-09	-1.39673665862e-10
6.14683510536e-09	-1.39619961426e-10
6.14789399168e-09	-1.39767672262e-10
6.14895287801e-09	-1.40173691231e-10
6.15001176433e-09	-1.3983442182e-10
6.15107065065e-09	-1.39427551969e-10
6.15212953698e-09	-1.39262403692e-10
6.1531884233e-09	-1.3891228879e-10
6.15424730962e-09	-1.38981083586e-10
6.15530619595e-09	-1.38537866942e-10
6.15636508227e-09	-1.38479080633e-10
6.15742396859e-09	-1.38719502898e-10
6.15848285492e-09	-1.3863106843e-10
6.15954174124e-09	-1.3860398853e-10
6.16060062756e-09	-1.39346160478e-10
6.16165951388e-09	-1.3929363045e-10
6.16271840021e-09	-1.39441971858e-10
6.16377728653e-09	-1.39907381687e-10
6.16483617285e-09	-1.39519574713e-10
6.16589505918e-09	-1.39413824235e-10
6.1669539455e-09	-1.39320983569e-10
6.16801283182e-09	-1.39022273728e-10
6.16907171815e-09	-1.38890781688e-10
6.17013060447e-09	-1.3879210628e-10
6.17118949079e-09	-1.38504209837e-10
6.17224837711e-09	-1.38642774344e-10
6.17330726344e-09	-1.38457242199e-10
6.17436614976e-09	-1.38397951086e-10
6.17542503608e-09	-1.38647607284e-10
6.17648392241e-09	-1.39034163522e-10
6.17754280873e-09	-1.3885267762e-10
6.17860169505e-09	-1.39157664558e-10
6.17966058138e-09	-1.39296371313e-10
6.1807194677e-09	-1.39376604008e-10
6.18177835402e-09	-1.39389208509e-10
6.18283724035e-09	-1.38945698697e-10
6.18389612667e-09	-1.39057788721e-10
6.18495501299e-09	-1.38559420014e-10
6.18601389931e-09	-1.38488051755e-10
6.18707278564e-09	-1.38514906142e-10
6.18813167196e-09	-1.38277373926e-10
6.18919055828e-09	-1.38070459579e-10
6.19024944461e-09	-1.38450509737e-10
6.19130833093e-09	-1.38341410376e-10
6.19236721725e-09	-1.38343064435e-10
6.19342610358e-09	-1.38676936254e-10
6.1944849899e-09	-1.38965793733e-10
6.19554387622e-09	-1.38895847081e-10
6.19660276255e-09	-1.39077271401e-10
6.19766164887e-09	-1.38850886518e-10
6.19872053519e-09	-1.39075479431e-10
6.19977942151e-09	-1.38544523944e-10
6.20083830784e-09	-1.38160002536e-10
6.20189719416e-09	-1.38242023731e-10
6.20295608048e-09	-1.38106773413e-10
6.20401496681e-09	-1.37820596081e-10
6.20507385313e-09	-1.38020266223e-10
6.20613273945e-09	-1.37853364141e-10
6.20719162578e-09	-1.37954700614e-10
6.2082505121e-09	-1.38326522112e-10
6.20930939842e-09	-1.3807282314e-10
6.21036828475e-09	-1.38215717517e-10
6.21142717107e-09	-1.38770088302e-10
6.21248605739e-09	-1.38394056631e-10
6.21354494371e-09	-1.38526823693e-10
6.21460383004e-09	-1.38491391966e-10
6.21566271636e-09	-1.38143220821e-10
6.21672160268e-09	-1.38023700108e-10
6.21778048901e-09	-1.3777051288e-10
6.21883937533e-09	-1.37434418013e-10
6.21989826165e-09	-1.37532151466e-10
6.22095714798e-09	-1.37310395693e-10
6.2220160343e-09	-1.37342244348e-10
6.22307492062e-09	-1.3785305189e-10
6.22413380694e-09	-1.37712083056e-10
6.22519269327e-09	-1.38046948872e-10
6.22625157959e-09	-1.38178709794e-10
6.22731046591e-09	-1.3803275016e-10
6.22836935224e-09	-1.380369586e-10
6.22942823856e-09	-1.37734761964e-10
6.23048712488e-09	-1.37647068223e-10
6.23154601121e-09	-1.37700096985e-10
6.23260489753e-09	-1.37556521729e-10
6.23366378385e-09	-1.37573727584e-10
6.23472267018e-09	-1.37455874807e-10
6.2357815565e-09	-1.37072382958e-10
6.23684044282e-09	-1.36881453221e-10
6.23789932914e-09	-1.36961074426e-10
6.23895821547e-09	-1.36836328726e-10
6.24001710179e-09	-1.37017780802e-10
6.24107598811e-09	-1.36871222689e-10
6.24213487444e-09	-1.3715219932e-10
6.24319376076e-09	-1.37496632135e-10
6.24425264708e-09	-1.37417516602e-10
6.24531153341e-09	-1.3747428803e-10
6.24637041973e-09	-1.37443409952e-10
6.24742930605e-09	-1.3702889691e-10
6.24848819238e-09	-1.37171982974e-10
6.2495470787e-09	-1.37095894533e-10
6.25060596502e-09	-1.36825839721e-10
6.25166485134e-09	-1.36456148464e-10
6.25272373767e-09	-1.36538587728e-10
6.25378262399e-09	-1.36262882054e-10
6.25484151031e-09	-1.36486618015e-10
6.25590039664e-09	-1.36485381157e-10
6.25695928296e-09	-1.36601439361e-10
6.25801816928e-09	-1.3662216844e-10
6.25907705561e-09	-1.36747157001e-10
6.26013594193e-09	-1.37097149605e-10
6.26119482825e-09	-1.36788276019e-10
6.26225371458e-09	-1.36786725176e-10
6.2633126009e-09	-1.36619489159e-10
6.26437148722e-09	-1.36600673481e-10
6.26543037354e-09	-1.36137400832e-10
6.26648925987e-09	-1.36278759978e-10
6.26754814619e-09	-1.35909073058e-10
6.26860703251e-09	-1.35696042944e-10
6.26966591884e-09	-1.35805175265e-10
6.27072480516e-09	-1.35942212348e-10
6.27178369148e-09	-1.35738046671e-10
6.27284257781e-09	-1.36169888733e-10
6.27390146413e-09	-1.36243250189e-10
6.27496035045e-09	-1.36236336448e-10
6.27601923677e-09	-1.36131334504e-10
6.2770781231e-09	-1.36057655593e-10
6.27813700942e-09	-1.3611837265e-10
6.27919589574e-09	-1.36291777343e-10
6.28025478207e-09	-1.35635364051e-10
6.28131366839e-09	-1.35565360153e-10
6.28237255471e-09	-1.3559677426e-10
6.28343144104e-09	-1.35273214505e-10
6.28449032736e-09	-1.35168606342e-10
6.28554921368e-09	-1.35389512969e-10
6.28660810001e-09	-1.35172029819e-10
6.28766698633e-09	-1.35322426875e-10
6.28872587265e-09	-1.35082164204e-10
6.28978475897e-09	-1.34952223875e-10
6.2908436453e-09	-1.34954881471e-10
6.29190253162e-09	-1.349440195e-10
6.29296141794e-09	-1.35239576482e-10
6.29402030427e-09	-1.35372137111e-10
6.29507919059e-09	-1.34672434662e-10
6.29613807691e-09	-1.34987417945e-10
6.29719696324e-09	-1.34753080222e-10
6.29825584956e-09	-1.34613321358e-10
6.29931473588e-09	-1.34772641831e-10
6.30037362221e-09	-1.34281054158e-10
6.30143250853e-09	-1.34145234851e-10
6.30249139485e-09	-1.34536043764e-10
6.30355028117e-09	-1.33964788047e-10
6.3046091675e-09	-1.33981355524e-10
6.30566805382e-09	-1.34342376633e-10
6.30672694014e-09	-1.34099409528e-10
6.30778582647e-09	-1.34431663718e-10
6.30884471279e-09	-1.34413944385e-10
6.30990359911e-09	-1.34256226796e-10
6.31096248544e-09	-1.34491459636e-10
6.31202137176e-09	-1.34194289361e-10
6.31308025808e-09	-1.34004802914e-10
6.3141391444e-09	-1.34046647046e-10
6.31519803073e-09	-1.3328312759e-10
6.31625691705e-09	-1.33833855456e-10
6.31731580337e-09	-1.33912821804e-10
6.3183746897e-09	-1.33069217104e-10
6.31943357602e-09	-1.33263281486e-10
6.32049246234e-09	-1.33685267717e-10
6.32155134867e-09	-1.33270994934e-10
6.32261023499e-09	-1.33467808854e-10
6.32366912131e-09	-1.33508556641e-10
6.32472800764e-09	-1.33459336464e-10
6.32578689396e-09	-1.33705781689e-10
6.32684578028e-09	-1.33177143792e-10
6.3279046666e-09	-1.33099951199e-10
6.32896355293e-09	-1.33198225019e-10
6.33002243925e-09	-1.32655476014e-10
6.33108132557e-09	-1.32773403383e-10
6.3321402119e-09	-1.32673234378e-10
6.33319909822e-09	-1.3231093738e-10
6.33425798454e-09	-1.32440834341e-10
6.33531687087e-09	-1.32713001179e-10
6.33637575719e-09	-1.32534527623e-10
6.33743464351e-09	-1.32601728209e-10
6.33849352984e-09	-1.32476704953e-10
6.33955241616e-09	-1.32466002577e-10
6.34061130248e-09	-1.32800511039e-10
6.3416701888e-09	-1.32430842334e-10
6.34272907513e-09	-1.32375526339e-10
6.34378796145e-09	-1.32477136899e-10
6.34484684777e-09	-1.32222170712e-10
6.3459057341e-09	-1.32039212897e-10
6.34696462042e-09	-1.32133302563e-10
6.34802350674e-09	-1.31492618009e-10
6.34908239307e-09	-1.31538015723e-10
6.35014127939e-09	-1.31555216373e-10
6.35120016571e-09	-1.31596409117e-10
6.35225905204e-09	-1.31460961908e-10
6.35331793836e-09	-1.31374224867e-10
6.35437682468e-09	-1.31684130614e-10
6.355435711e-09	-1.31648929605e-10
6.35649459733e-09	-1.31803412802e-10
6.35755348365e-09	-1.31873210268e-10
6.35861236997e-09	-1.31662299986e-10
6.3596712563e-09	-1.31407071856e-10
6.36073014262e-09	-1.31561130913e-10
6.36178902894e-09	-1.31292923582e-10
6.36284791527e-09	-1.30696078092e-10
6.36390680159e-09	-1.3085544627e-10
6.36496568791e-09	-1.30818763808e-10
6.36602457423e-09	-1.30619724238e-10
6.36708346056e-09	-1.30786457185e-10
6.36814234688e-09	-1.30530901192e-10
6.3692012332e-09	-1.30813158049e-10
6.37026011953e-09	-1.30921097748e-10
6.37131900585e-09	-1.30779973656e-10
6.37237789217e-09	-1.30684309728e-10
6.3734367785e-09	-1.30794412627e-10
6.37449566482e-09	-1.30505571627e-10
6.37555455114e-09	-1.30647247361e-10
6.37661343747e-09	-1.30473915526e-10
6.37767232379e-09	-1.30148931562e-10
6.37873121011e-09	-1.30139688956e-10
6.37979009643e-09	-1.29749792507e-10
6.38084898276e-09	-1.29593525147e-10
6.38190786908e-09	-1.29721854786e-10
6.3829667554e-09	-1.29343045822e-10
6.38402564173e-09	-1.29577643754e-10
6.38508452805e-09	-1.29750822066e-10
6.38614341437e-09	-1.29643327323e-10
6.3872023007e-09	-1.2958374998e-10
6.38826118702e-09	-1.29937880768e-10
6.38932007334e-09	-1.2959190665e-10
6.39037895967e-09	-1.29550702631e-10
6.39143784599e-09	-1.29716709596e-10
6.39249673231e-09	-1.29432767455e-10
6.39355561863e-09	-1.29310013218e-10
6.39461450496e-09	-1.28959188814e-10
6.39567339128e-09	-1.2876122911e-10
6.3967322776e-09	-1.28589984147e-10
6.39779116393e-09	-1.28460777606e-10
6.39885005025e-09	-1.28471891979e-10
6.39990893657e-09	-1.28673151127e-10
6.4009678229e-09	-1.28448322291e-10
6.40202670922e-09	-1.28606721626e-10
6.40308559554e-09	-1.28846456941e-10
6.40414448187e-09	-1.28941536268e-10
6.40520336819e-09	-1.28800179723e-10
6.40626225451e-09	-1.28885902818e-10
6.40732114083e-09	-1.28626997074e-10
6.40838002716e-09	-1.28646006174e-10
6.40943891348e-09	-1.28224111884e-10
6.4104977998e-09	-1.27753017366e-10
6.41155668613e-09	-1.27793432954e-10
6.41261557245e-09	-1.27475400027e-10
6.41367445877e-09	-1.27210768829e-10
6.4147333451e-09	-1.2753592106e-10
6.41579223142e-09	-1.27308149266e-10
6.41685111774e-09	-1.27345523883e-10
6.41791000406e-09	-1.27476700203e-10
6.41896889039e-09	-1.27354327605e-10
6.42002777671e-09	-1.27377417641e-10
6.42108666303e-09	-1.27488687142e-10
6.42214554936e-09	-1.27480198273e-10
6.42320443568e-09	-1.27586656518e-10
6.424263322e-09	-1.27075769178e-10
6.42532220833e-09	-1.26963775431e-10
6.42638109465e-09	-1.2686099133e-10
6.42743998097e-09	-1.26480171822e-10
6.4284988673e-09	-1.26314338329e-10
6.42955775362e-09	-1.26231356964e-10
6.43061663994e-09	-1.25983139719e-10
6.43167552626e-09	-1.26022933408e-10
6.43273441259e-09	-1.25870621218e-10
6.43379329891e-09	-1.25829045967e-10
6.43485218523e-09	-1.2593776022e-10
6.43591107156e-09	-1.26181094219e-10
6.43696995788e-09	-1.26043403145e-10
6.4380288442e-09	-1.26181732597e-10
6.43908773053e-09	-1.26093089962e-10
6.44014661685e-09	-1.25968284415e-10
6.44120550317e-09	-1.25708893815e-10
6.4422643895e-09	-1.25436144978e-10
6.44332327582e-09	-1.25153025096e-10
6.44438216214e-09	-1.25117792862e-10
6.44544104846e-09	-1.24881513117e-10
6.44649993479e-09	-1.24842128822e-10
6.44755882111e-09	-1.24655592272e-10
6.44861770743e-09	-1.24389786665e-10
6.44967659376e-09	-1.24492023461e-10
6.45073548008e-09	-1.24447074173e-10
6.4517943664e-09	-1.24813695837e-10
6.45285325273e-09	-1.24860448369e-10
6.45391213905e-09	-1.2466363792e-10
6.45497102537e-09	-1.24578326821e-10
6.45602991169e-09	-1.24503393706e-10
6.45708879802e-09	-1.24142244227e-10
6.45814768434e-09	-1.24109140499e-10
6.45920657066e-09	-1.24135458857e-10
6.46026545699e-09	-1.23438505077e-10
6.46132434331e-09	-1.23511661836e-10
6.46238322963e-09	-1.23406932243e-10
6.46344211596e-09	-1.22831299819e-10
6.46450100228e-09	-1.22827967415e-10
6.4655598886e-09	-1.22925337444e-10
6.46661877493e-09	-1.22740334389e-10
6.46767766125e-09	-1.22964749494e-10
6.46873654757e-09	-1.2311829941e-10
6.46979543389e-09	-1.23234799101e-10
6.47085432022e-09	-1.22822542935e-10
6.47191320654e-09	-1.22760482335e-10
6.47297209286e-09	-1.22942518145e-10
6.47403097919e-09	-1.22542298357e-10
6.47508986551e-09	-1.22387808221e-10
6.47614875183e-09	-1.22294832247e-10
6.47720763816e-09	-1.21827679021e-10
6.47826652448e-09	-1.21590336757e-10
6.4793254108e-09	-1.21648445657e-10
6.48038429713e-09	-1.21433293108e-10
6.48144318345e-09	-1.21169858869e-10
6.48250206977e-09	-1.21680612634e-10
6.48356095609e-09	-1.21257962872e-10
6.48461984242e-09	-1.21376673469e-10
6.48567872874e-09	-1.21288974524e-10
6.48673761506e-09	-1.21308872669e-10
6.48779650139e-09	-1.2132077374e-10
6.48885538771e-09	-1.21281856953e-10
6.48991427403e-09	-1.2090749929e-10
6.49097316036e-09	-1.20924995711e-10
6.49203204668e-09	-1.20304714975e-10
6.493090933e-09	-1.19923581482e-10
6.49414981933e-09	-1.20099612547e-10
6.49520870565e-09	-1.19830519639e-10
6.49626759197e-09	-1.1973823582e-10
6.49732647829e-09	-1.19596933919e-10
6.49838536462e-09	-1.19637096237e-10
6.49944425094e-09	-1.19760402116e-10
6.50050313726e-09	-1.19859162526e-10
6.50156202359e-09	-1.20093337184e-10
6.50262090991e-09	-1.20290045286e-10
6.50367979623e-09	-1.19741402557e-10
6.50473868256e-09	-1.19345846573e-10
6.50579756888e-09	-1.19256072031e-10
6.5068564552e-09	-1.19324714172e-10
6.50791534152e-09	-1.19064972291e-10
6.50897422785e-09	-1.19007962339e-10
6.51003311417e-09	-1.18403009619e-10
6.51109200049e-09	-1.18115397671e-10
6.51215088682e-09	-1.18223622732e-10
6.51320977314e-09	-1.18012263156e-10
6.51426865946e-09	-1.18169379663e-10
6.51532754579e-09	-1.18503424087e-10
6.51638643211e-09	-1.18213739145e-10
6.51744531843e-09	-1.18008387784e-10
6.51850420476e-09	-1.17811421209e-10
6.51956309108e-09	-1.17786419507e-10
6.5206219774e-09	-1.18227398357e-10
6.52168086372e-09	-1.18036861535e-10
6.52273975005e-09	-1.17674997351e-10
6.52379863637e-09	-1.17588484956e-10
6.52485752269e-09	-1.16867137495e-10
6.52591640902e-09	-1.16733110157e-10
6.52697529534e-09	-1.16674669058e-10
6.52803418166e-09	-1.16516229824e-10
6.52909306799e-09	-1.16510588503e-10
6.53015195431e-09	-1.16688192095e-10
6.53121084063e-09	-1.16405034049e-10
6.53226972696e-09	-1.16742730934e-10
6.53332861328e-09	-1.16641647729e-10
6.5343874996e-09	-1.16612966679e-10
6.53544638592e-09	-1.16822712094e-10
6.53650527225e-09	-1.16438881106e-10
6.53756415857e-09	-1.16252913546e-10
6.53862304489e-09	-1.16025109659e-10
6.53968193122e-09	-1.1555973279e-10
6.54074081754e-09	-1.15610737997e-10
6.54179970386e-09	-1.15276459385e-10
6.54285859019e-09	-1.15020847014e-10
6.54391747651e-09	-1.15147779332e-10
6.54497636283e-09	-1.14709399965e-10
6.54603524916e-09	-1.14512106394e-10
6.54709413548e-09	-1.14992910159e-10
6.5481530218e-09	-1.14785308862e-10
6.54921190812e-09	-1.14922640848e-10
6.55027079445e-09	-1.15093230085e-10
6.55132968077e-09	-1.14638662278e-10
6.55238856709e-09	-1.14708572502e-10
6.55344745342e-09	-1.14490420616e-10
6.55450633974e-09	-1.13947629977e-10
6.55556522606e-09	-1.14244967653e-10
6.55662411239e-09	-1.13737802163e-10
6.55768299871e-09	-1.13415843557e-10
6.55874188503e-09	-1.13621470739e-10
6.55980077135e-09	-1.13152420593e-10
6.56085965768e-09	-1.12794616529e-10
6.561918544e-09	-1.13037045002e-10
6.56297743032e-09	-1.12671237791e-10
6.56403631665e-09	-1.12876652469e-10
6.56509520297e-09	-1.13049217557e-10
6.56615408929e-09	-1.12706991309e-10
6.56721297562e-09	-1.12984936511e-10
6.56827186194e-09	-1.12743173304e-10
6.56933074826e-09	-1.12468060039e-10
6.57038963459e-09	-1.12795601852e-10
6.57144852091e-09	-1.12235300047e-10
6.57250740723e-09	-1.1173261448e-10
6.57356629355e-09	-1.11982039093e-10
6.57462517988e-09	-1.11612936775e-10
6.5756840662e-09	-1.11074098703e-10
6.57674295252e-09	-1.11288363074e-10
6.57780183885e-09	-1.11147460159e-10
6.57886072517e-09	-1.11009390048e-10
6.57991961149e-09	-1.11185492237e-10
6.58097849782e-09	-1.108701091e-10
6.58203738414e-09	-1.10987797945e-10
6.58309627046e-09	-1.11105179744e-10
6.58415515679e-09	-1.10733182172e-10
6.58521404311e-09	-1.10732770175e-10
6.58627292943e-09	-1.10387214126e-10
6.58733181575e-09	-1.10348538467e-10
6.58839070208e-09	-1.10159777134e-10
6.5894495884e-09	-1.10153378606e-10
6.59050847472e-09	-1.09684446421e-10
6.59156736105e-09	-1.09427051621e-10
6.59262624737e-09	-1.09124155892e-10
6.59368513369e-09	-1.09327858398e-10
6.59474402002e-09	-1.0916176036e-10
6.59580290634e-09	-1.08941793087e-10
6.59686179266e-09	-1.09165249756e-10
6.59792067898e-09	-1.0923496916e-10
6.59897956531e-09	-1.08975156156e-10
6.60003845163e-09	-1.09018515569e-10
6.60109733795e-09	-1.08927115591e-10
6.60215622428e-09	-1.08469117369e-10
6.6032151106e-09	-1.0846874527e-10
6.60427399692e-09	-1.08377468458e-10
6.60533288325e-09	-1.07877553245e-10
6.60639176957e-09	-1.07542346556e-10
6.60745065589e-09	-1.07248458378e-10
6.60850954222e-09	-1.07362123532e-10
6.60956842854e-09	-1.0737361434e-10
6.61062731486e-09	-1.06978492037e-10
6.61168620118e-09	-1.07034619883e-10
6.61274508751e-09	-1.06928454806e-10
6.61380397383e-09	-1.06876281263e-10
6.61486286015e-09	-1.07115289728e-10
6.61592174648e-09	-1.06975718214e-10
6.6169806328e-09	-1.0679662623e-10
6.61803951912e-09	-1.06602685013e-10
6.61909840545e-09	-1.06513318998e-10
6.62015729177e-09	-1.06301531813e-10
6.62121617809e-09	-1.06045598518e-10
6.62227506442e-09	-1.05438022029e-10
6.62333395074e-09	-1.05320556963e-10
6.62439283706e-09	-1.05122170517e-10
6.62545172338e-09	-1.04916540733e-10
6.62651060971e-09	-1.05171264059e-10
6.62756949603e-09	-1.04975641894e-10
6.62862838235e-09	-1.04838543229e-10
6.62968726868e-09	-1.04758218593e-10
6.630746155e-09	-1.04770692122e-10
6.63180504132e-09	-1.04596414863e-10
6.63286392765e-09	-1.04833786617e-10
6.63392281397e-09	-1.04606904736e-10
6.63498170029e-09	-1.04240893695e-10
6.63604058662e-09	-1.0418871061e-10
6.63709947294e-09	-1.03868541372e-10
6.63815835926e-09	-1.03541489618e-10
6.63921724558e-09	-1.0315940116e-10
6.64027613191e-09	-1.02929830458e-10
6.64133501823e-09	-1.03157588374e-10
6.64239390455e-09	-1.02882473374e-10
6.64345279088e-09	-1.02570425244e-10
6.6445116772e-09	-1.02678481169e-10
6.64557056352e-09	-1.02788271818e-10
6.64662944985e-09	-1.0272266978e-10
6.64768833617e-09	-1.02797500547e-10
6.64874722249e-09	-1.02307803722e-10
6.64980610881e-09	-1.02352228255e-10
6.65086499514e-09	-1.02403126777e-10
6.65192388146e-09	-1.0217773936e-10
6.65298276778e-09	-1.01899614614e-10
6.65404165411e-09	-1.01245209265e-10
6.65510054043e-09	-1.01122808044e-10
6.65615942675e-09	-1.00833482189e-10
6.65721831308e-09	-1.00792824607e-10
6.6582771994e-09	-1.00461553139e-10
6.65933608572e-09	-1.00887452906e-10
6.66039497205e-09	-1.00895426562e-10
6.66145385837e-09	-1.00605468401e-10
6.66251274469e-09	-1.0081989063e-10
6.66357163101e-09	-1.00448304188e-10
6.66463051734e-09	-1.00494722786e-10
6.66568940366e-09	-1.00568824102e-10
6.66674828998e-09	-9.9999732453e-11
6.66780717631e-09	-1.00367098313e-10
6.66886606263e-09	-9.97751456108e-11
6.66992494895e-09	-9.93186895573e-11
6.67098383528e-09	-9.92488920909e-11
6.6720427216e-09	-9.874632622e-11
6.67310160792e-09	-9.86687363758e-11
6.67416049425e-09	-9.88154480117e-11
6.67521938057e-09	-9.86316575288e-11
6.67627826689e-09	-9.84662611864e-11
6.67733715321e-09	-9.85238774245e-11
6.67839603954e-09	-9.82607172711e-11
6.67945492586e-09	-9.83220718384e-11
6.68051381218e-09	-9.82930403737e-11
6.68157269851e-09	-9.7942061579e-11
6.68263158483e-09	-9.83347951677e-11
6.68369047115e-09	-9.79288854869e-11
6.68474935748e-09	-9.7595031015e-11
6.6858082438e-09	-9.75044177343e-11
6.68686713012e-09	-9.70989772961e-11
6.68792601645e-09	-9.68242690885e-11
6.68898490277e-09	-9.69501562365e-11
6.69004378909e-09	-9.65034536657e-11
6.69110267541e-09	-9.61169737551e-11
6.69216156174e-09	-9.59298291844e-11
6.69322044806e-09	-9.59924275484e-11
6.69427933438e-09	-9.64171503054e-11
6.69533822071e-09	-9.61524254314e-11
6.69639710703e-09	-9.60190945851e-11
6.69745599335e-09	-9.61832133037e-11
6.69851487968e-09	-9.5877252318e-11
6.699573766e-09	-9.56650305847e-11
6.70063265232e-09	-9.55905727837e-11
6.70169153864e-09	-9.51729355048e-11
6.70275042497e-09	-9.4916073265e-11
6.70380931129e-09	-9.48658027133e-11
6.70486819761e-09	-9.42687924249e-11
6.70592708394e-09	-9.42348568969e-11
6.70698597026e-09	-9.41993731282e-11
6.70804485658e-09	-9.40322507359e-11
6.70910374291e-09	-9.42622976202e-11
6.71016262923e-09	-9.38614585361e-11
6.71122151555e-09	-9.34934204708e-11
6.71228040188e-09	-9.37772429155e-11
6.7133392882e-09	-9.38170071144e-11
6.71439817452e-09	-9.35670057059e-11
6.71545706084e-09	-9.3814829169e-11
6.71651594717e-09	-9.32484072597e-11
6.71757483349e-09	-9.27709315618e-11
6.71863371981e-09	-9.24822267379e-11
6.71969260614e-09	-9.20335327045e-11
6.72075149246e-09	-9.19973585159e-11
6.72181037878e-09	-9.17819448915e-11
6.72286926511e-09	-9.15288296544e-11
6.72392815143e-09	-9.17651657786e-11
6.72498703775e-09	-9.15091474818e-11
6.72604592408e-09	-9.13334069833e-11
6.7271048104e-09	-9.1385502464e-11
6.72816369672e-09	-9.13423590237e-11
6.72922258304e-09	-9.13171413486e-11
6.73028146937e-09	-9.10085366443e-11
6.73134035569e-09	-9.07983124451e-11
6.73239924201e-09	-9.10440334234e-11
6.73345812834e-09	-9.05212953206e-11
6.73451701466e-09	-8.98544420293e-11
6.73557590098e-09	-9.01038202383e-11
6.73663478731e-09	-8.97662087891e-11
6.73769367363e-09	-8.94468353552e-11
6.73875255995e-09	-8.93277032205e-11
6.73981144627e-09	-8.93298742269e-11
6.7408703326e-09	-8.90240173246e-11
6.74192921892e-09	-8.91675457429e-11
6.74298810524e-09	-8.91561811357e-11
6.74404699157e-09	-8.89996175715e-11
6.74510587789e-09	-8.86707794863e-11
6.74616476421e-09	-8.87081840276e-11
6.74722365054e-09	-8.86610693716e-11
6.74828253686e-09	-8.83879493034e-11
6.74934142318e-09	-8.79627009252e-11
6.75040030951e-09	-8.792253774e-11
6.75145919583e-09	-8.77418029725e-11
6.75251808215e-09	-8.72206755605e-11
6.75357696847e-09	-8.74607612895e-11
6.7546358548e-09	-8.71288874382e-11
6.75569474112e-09	-8.67994101074e-11
6.75675362744e-09	-8.66224279805e-11
6.75781251377e-09	-8.67254605803e-11
6.75887140009e-09	-8.64698022386e-11
6.75993028641e-09	-8.64670305842e-11
6.76098917274e-09	-8.63432381148e-11
6.76204805906e-09	-8.63494345471e-11
6.76310694538e-09	-8.59851504234e-11
6.76416583171e-09	-8.57997943526e-11
6.76522471803e-09	-8.5581014931e-11
6.76628360435e-09	-8.5399836508e-11
6.76734249067e-09	-8.51392389749e-11
6.768401377e-09	-8.52840285372e-11
6.76946026332e-09	-8.47215778435e-11
6.77051914964e-09	-8.45625479362e-11
6.77157803597e-09	-8.4467359756e-11
6.77263692229e-09	-8.44055086241e-11
6.77369580861e-09	-8.44176503874e-11
6.77475469494e-09	-8.45161874513e-11
6.77581358126e-09	-8.4308910981e-11
6.77687246758e-09	-8.4335283982e-11
6.77793135391e-09	-8.41505944787e-11
6.77899024023e-09	-8.40147122878e-11
6.78004912655e-09	-8.39062075028e-11
6.78110801287e-09	-8.35447397027e-11
6.7821668992e-09	-8.28466535825e-11
6.78322578552e-09	-8.32576373296e-11
6.78428467184e-09	-8.27996382395e-11
6.78534355817e-09	-8.26745503654e-11
6.78640244449e-09	-8.24613194568e-11
6.78746133081e-09	-8.16999965944e-11
6.78852021714e-09	-8.18724987979e-11
6.78957910346e-09	-8.20050147579e-11
6.79063798978e-09	-8.14498464334e-11
6.7916968761e-09	-8.18152932555e-11
6.79275576243e-09	-8.16110473471e-11
6.79381464875e-09	-8.1261945957e-11
6.79487353507e-09	-8.13037298077e-11
6.7959324214e-09	-8.07290323999e-11
6.79699130772e-09	-8.09961780805e-11
6.79805019404e-09	-8.09015254961e-11
6.79910908037e-09	-8.0269326342e-11
6.80016796669e-09	-8.02530841261e-11
6.80122685301e-09	-8.04170445512e-11
6.80228573934e-09	-7.97760755025e-11
6.80334462566e-09	-7.98144558257e-11
6.80440351198e-09	-7.95725603464e-11
6.8054623983e-09	-7.95458247882e-11
6.80652128463e-09	-7.93901780254e-11
6.80758017095e-09	-7.89045482598e-11
6.80863905727e-09	-7.88271002292e-11
6.8096979436e-09	-7.91887059398e-11
6.81075682992e-09	-7.90980093923e-11
6.81181571624e-09	-7.89463039212e-11
6.81287460257e-09	-7.85204947937e-11
6.81393348889e-09	-7.78463201019e-11
6.81499237521e-09	-7.79935126899e-11
6.81605126154e-09	-7.79850710918e-11
6.81711014786e-09	-7.77608858381e-11
6.81816903418e-09	-7.75899158291e-11
6.8192279205e-09	-7.74195187125e-11
6.82028680683e-09	-7.68546615237e-11
6.82134569315e-09	-7.65205802368e-11
6.82240457947e-09	-7.66476617418e-11
6.8234634658e-09	-7.64110190052e-11
6.82452235212e-09	-7.6529717459e-11
6.82558123844e-09	-7.67177801321e-11
6.82664012477e-09	-7.66659539672e-11
6.82769901109e-09	-7.64669850876e-11
6.82875789741e-09	-7.60639324963e-11
6.82981678374e-09	-7.61057011682e-11
6.83087567006e-09	-7.55069045483e-11
6.83193455638e-09	-7.54819054483e-11
6.8329934427e-09	-7.49145615334e-11
6.83405232903e-09	-7.45628433128e-11
6.83511121535e-09	-7.44429812932e-11
6.83617010167e-09	-7.46637231208e-11
6.837228988e-09	-7.41720929467e-11
6.83828787432e-09	-7.41697948718e-11
6.83934676064e-09	-7.38097452081e-11
6.84040564697e-09	-7.37036052849e-11
6.84146453329e-09	-7.36206529767e-11
6.84252341961e-09	-7.36488131765e-11
6.84358230593e-09	-7.31512038443e-11
6.84464119226e-09	-7.390431973e-11
6.84570007858e-09	-7.33823908756e-11
6.8467589649e-09	-7.29097103871e-11
6.84781785123e-09	-7.28052093439e-11
6.84887673755e-09	-7.25374391629e-11
6.84993562387e-09	-7.19940994841e-11
6.8509945102e-09	-7.2164394252e-11
6.85205339652e-09	-7.20322195988e-11
6.85311228284e-09	-7.18639648657e-11
6.85417116917e-09	-7.1712302329e-11
6.85523005549e-09	-7.11265703453e-11
6.85628894181e-09	-7.10396754443e-11
6.85734782813e-09	-7.11682371021e-11
6.85840671446e-09	-7.09183354403e-11
6.85946560078e-09	-7.0814190449e-11
6.8605244871e-09	-7.08914147003e-11
6.86158337343e-09	-7.06740356342e-11
6.86264225975e-09	-7.08416272692e-11
6.86370114607e-09	-7.04468445384e-11
6.8647600324e-09	-6.94110081911e-11
6.86581891872e-09	-6.96248028849e-11
6.86687780504e-09	-6.94785058479e-11
6.86793669137e-09	-6.89925928887e-11
6.86899557769e-09	-6.91981936161e-11
6.87005446401e-09	-6.88394211426e-11
6.87111335033e-09	-6.84519975425e-11
6.87217223666e-09	-6.86204526361e-11
6.87323112298e-09	-6.87919959712e-11
6.8742900093e-09	-6.88712750024e-11
6.87534889563e-09	-6.8004325695e-11
6.87640778195e-09	-6.81829644827e-11
6.87746666827e-09	-6.80943947062e-11
6.8785255546e-09	-6.80060439386e-11
6.87958444092e-09	-6.75755241694e-11
6.88064332724e-09	-6.73876718316e-11
6.88170221356e-09	-6.68708916365e-11
6.88276109989e-09	-6.68781917866e-11
6.88381998621e-09	-6.69317097406e-11
6.88487887253e-09	-6.61259276502e-11
6.88593775886e-09	-6.62531431626e-11
6.88699664518e-09	-6.62744212808e-11
6.8880555315e-09	-6.6102763454e-11
6.88911441783e-09	-6.59763324702e-11
6.89017330415e-09	-6.56259243996e-11
6.89123219047e-09	-6.58261106214e-11
6.8922910768e-09	-6.58081076611e-11
6.89334996312e-09	-6.55353943856e-11
6.89440884944e-09	-6.49876515449e-11
6.89546773576e-09	-6.47802718585e-11
6.89652662209e-09	-6.42272558922e-11
6.89758550841e-09	-6.4466466887e-11
6.89864439473e-09	-6.46179164863e-11
6.89970328106e-09	-6.39634669015e-11
6.90076216738e-09	-6.40217102423e-11
6.9018210537e-09	-6.36787610489e-11
6.90287994003e-09	-6.34321497238e-11
6.90393882635e-09	-6.34461398349e-11
6.90499771267e-09	-6.33754346745e-11
6.906056599e-09	-6.31770443252e-11
6.90711548532e-09	-6.34688057319e-11
6.90817437164e-09	-6.26851543763e-11
6.90923325796e-09	-6.27834190886e-11
6.91029214429e-09	-6.25653456994e-11
6.91135103061e-09	-6.18442042369e-11
6.91240991693e-09	-6.21229873099e-11
6.91346880326e-09	-6.18465920837e-11
6.91452768958e-09	-6.08319102556e-11
6.9155865759e-09	-6.14297380325e-11
6.91664546223e-09	-6.09976444355e-11
6.91770434855e-09	-6.07654608055e-11
6.91876323487e-09	-6.08884735166e-11
6.9198221212e-09	-6.01942376152e-11
6.92088100752e-09	-6.0363369251e-11
6.92193989384e-09	-6.04964472614e-11
6.92299878016e-09	-6.04043347459e-11
6.92405766649e-09	-6.03486384129e-11
6.92511655281e-09	-5.9518420574e-11
6.92617543913e-09	-5.92727858982e-11
6.92723432546e-09	-5.99357469037e-11
6.92829321178e-09	-5.94255356728e-11
6.9293520981e-09	-5.91098485263e-11
6.93041098443e-09	-5.91110992619e-11
6.93146987075e-09	-5.86694737931e-11
6.93252875707e-09	-5.81297779009e-11
6.93358764339e-09	-5.79714475209e-11
6.93464652972e-09	-5.77248743597e-11
6.93570541604e-09	-5.77890773429e-11
6.93676430236e-09	-5.80402002501e-11
6.93782318869e-09	-5.74341281999e-11
6.93888207501e-09	-5.74795636435e-11
6.93994096133e-09	-5.73451251762e-11
6.94099984766e-09	-5.69243944516e-11
6.94205873398e-09	-5.69141847366e-11
6.9431176203e-09	-5.66338447493e-11
6.94417650663e-09	-5.63551822395e-11
6.94523539295e-09	-5.64968059315e-11
6.94629427927e-09	-5.64048408674e-11
6.94735316559e-09	-5.59774188807e-11
6.94841205192e-09	-5.54574667438e-11
6.94947093824e-09	-5.53060392622e-11
6.95052982456e-09	-5.5546270708e-11
6.95158871089e-09	-5.55400716737e-11
6.95264759721e-09	-5.51108538145e-11
6.95370648353e-09	-5.50437208834e-11
6.95476536986e-09	-5.5000471625e-11
6.95582425618e-09	-5.450766314e-11
6.9568831425e-09	-5.47429939921e-11
6.95794202883e-09	-5.48186383439e-11
6.95900091515e-09	-5.43563414765e-11
6.96005980147e-09	-5.37207791272e-11
6.96111868779e-09	-5.33921587498e-11
6.96217757412e-09	-5.34119272248e-11
6.96323646044e-09	-5.33495556759e-11
6.96429534676e-09	-5.33418504679e-11
6.96535423309e-09	-5.31564961319e-11
6.96641311941e-09	-5.30068836047e-11
6.96747200573e-09	-5.24615784842e-11
6.96853089206e-09	-5.27410931768e-11
6.96958977838e-09	-5.2345048001e-11
6.9706486647e-09	-5.21931898742e-11
6.97170755103e-09	-5.21841710469e-11
6.97276643735e-09	-5.16761811294e-11
6.97382532367e-09	-5.15218579605e-11
6.97488420999e-09	-5.11753456452e-11
6.97594309632e-09	-5.07014989888e-11
6.97700198264e-09	-5.0953854417e-11
6.97806086896e-09	-5.09636811918e-11
6.97911975529e-09	-5.05671520282e-11
6.98017864161e-09	-5.00429940542e-11
6.98123752793e-09	-4.99950354553e-11
6.98229641426e-09	-4.95389480305e-11
6.98335530058e-09	-4.96208009577e-11
6.9844141869e-09	-4.92794637562e-11
6.98547307322e-09	-4.95272130599e-11
6.98653195955e-09	-4.94116410114e-11
6.98759084587e-09	-4.91597530912e-11
6.98864973219e-09	-4.93320709803e-11
6.98970861852e-09	-4.91329837059e-11
6.99076750484e-09	-4.85005963342e-11
6.99182639116e-09	-4.85377562795e-11
6.99288527749e-09	-4.83527978941e-11
6.99394416381e-09	-4.76533651948e-11
6.99500305013e-09	-4.77770258252e-11
6.99606193646e-09	-4.74861617042e-11
6.99712082278e-09	-4.72024225262e-11
6.9981797091e-09	-4.73177001054e-11
6.99923859542e-09	-4.69851154511e-11
7.00029748175e-09	-4.664487286e-11
7.00135636807e-09	-4.67764997743e-11
7.00241525439e-09	-4.64032041958e-11
7.00347414072e-09	-4.64330743993e-11
7.00453302704e-09	-4.62868831805e-11
7.00559191336e-09	-4.58191789631e-11
7.00665079969e-09	-4.583427431e-11
7.00770968601e-09	-4.58400023669e-11
7.00876857233e-09	-4.54755946441e-11
7.00982745866e-09	-4.55916038429e-11
7.01088634498e-09	-4.50210643505e-11
7.0119452313e-09	-4.46137933454e-11
7.01300411762e-09	-4.47065860894e-11
7.01406300395e-09	-4.42688225487e-11
7.01512189027e-09	-4.38687790521e-11
7.01618077659e-09	-4.40355273947e-11
7.01723966292e-09	-4.38351815783e-11
7.01829854924e-09	-4.38935628296e-11
7.01935743556e-09	-4.39323128657e-11
7.02041632189e-09	-4.37597597047e-11
7.02147520821e-09	-4.33781211905e-11
7.02253409453e-09	-4.34462719707e-11
7.02359298085e-09	-4.26830281189e-11
7.02465186718e-09	-4.2883423158e-11
7.0257107535e-09	-4.2522188895e-11
7.02676963982e-09	-4.22935980942e-11
7.02782852615e-09	-4.21860825352e-11
7.02888741247e-09	-4.16231305065e-11
7.02994629879e-09	-4.14337858728e-11
7.03100518512e-09	-4.17766929991e-11
7.03206407144e-09	-4.14951495473e-11
7.03312295776e-09	-4.16437140847e-11
7.03418184409e-09	-4.14141518388e-11
7.03524073041e-09	-4.11599957676e-11
7.03629961673e-09	-4.09304803592e-11
7.03735850305e-09	-4.03777189635e-11
7.03841738938e-09	-4.01716257915e-11
7.0394762757e-09	-4.04008287328e-11
7.04053516202e-09	-3.99356270709e-11
7.04159404835e-09	-3.98478099475e-11
7.04265293467e-09	-3.99156361176e-11
7.04371182099e-09	-3.93088155342e-11
7.04477070732e-09	-3.92408681504e-11
7.04582959364e-09	-3.93992293218e-11
7.04688847996e-09	-3.88238380247e-11
7.04794736629e-09	-3.87813537794e-11
7.04900625261e-09	-3.86861751401e-11
7.05006513893e-09	-3.8121818419e-11
7.05112402525e-09	-3.84656666328e-11
7.05218291158e-09	-3.84461145645e-11
7.0532417979e-09	-3.79923737869e-11
7.05430068422e-09	-3.80848080937e-11
7.05535957055e-09	-3.76853125528e-11
7.05641845687e-09	-3.73713351931e-11
7.05747734319e-09	-3.74858935125e-11
7.05853622952e-09	-3.6642538179e-11
7.05959511584e-09	-3.69797625681e-11
7.06065400216e-09	-3.67841670752e-11
7.06171288849e-09	-3.62636474668e-11
7.06277177481e-09	-3.63398514839e-11
7.06383066113e-09	-3.64674542733e-11
7.06488954745e-09	-3.5648365336e-11
7.06594843378e-09	-3.62594370761e-11
7.0670073201e-09	-3.60929376664e-11
7.06806620642e-09	-3.53800283341e-11
7.06912509275e-09	-3.53967458643e-11
7.07018397907e-09	-3.52741596783e-11
7.07124286539e-09	-3.51224630976e-11
7.07230175172e-09	-3.5057540421e-11
7.07336063804e-09	-3.45260864169e-11
7.07441952436e-09	-3.41176945636e-11
7.07547841068e-09	-3.40664137524e-11
7.07653729701e-09	-3.39181857514e-11
7.07759618333e-09	-3.38710504956e-11
7.07865506965e-09	-3.34278381885e-11
7.07971395598e-09	-3.29808949248e-11
7.0807728423e-09	-3.31130834558e-11
7.08183172862e-09	-3.30576687985e-11
7.08289061495e-09	-3.30108666097e-11
7.08394950127e-09	-3.2861988521e-11
7.08500838759e-09	-3.23501457827e-11
7.08606727392e-09	-3.23093463876e-11
7.08712616024e-09	-3.24882998108e-11
7.08818504656e-09	-3.18887906532e-11
7.08924393288e-09	-3.17767294682e-11
7.09030281921e-09	-3.18733978013e-11
7.09136170553e-09	-3.16296689361e-11
7.09242059185e-09	-3.11969903036e-11
7.09347947818e-09	-3.08669452845e-11
7.0945383645e-09	-3.06533685154e-11
7.09559725082e-09	-3.0763936754e-11
7.09665613715e-09	-3.01759938651e-11
7.09771502347e-09	-3.03760204923e-11
7.09877390979e-09	-3.06345524035e-11
7.09983279612e-09	-3.02311166551e-11
7.10089168244e-09	-2.99501779714e-11
7.10195056876e-09	-2.99963454683e-11
7.10300945508e-09	-2.96668820152e-11
7.10406834141e-09	-2.95148989884e-11
7.10512722773e-09	-2.944330218e-11
7.10618611405e-09	-2.89911848868e-11
7.10724500038e-09	-2.90672815678e-11
7.1083038867e-09	-2.84710252336e-11
7.10936277302e-09	-2.8046094093e-11
7.11042165935e-09	-2.86606361474e-11
7.11148054567e-09	-2.81102595628e-11
7.11253943199e-09	-2.79309023826e-11
7.11359831832e-09	-2.82769463227e-11
7.11465720464e-09	-2.78590644477e-11
7.11571609096e-09	-2.74813106299e-11
7.11677497728e-09	-2.75372808323e-11
7.11783386361e-09	-2.74279260328e-11
7.11889274993e-09	-2.74337258639e-11
7.11995163625e-09	-2.72343230866e-11
7.12101052258e-09	-2.68274961707e-11
7.1220694089e-09	-2.66302925891e-11
7.12312829522e-09	-2.65103108736e-11
7.12418718155e-09	-2.61639314814e-11
7.12524606787e-09	-2.61667946425e-11
7.12630495419e-09	-2.56235336768e-11
7.12736384051e-09	-2.54745326396e-11
7.12842272684e-09	-2.55179464798e-11
7.12948161316e-09	-2.52188870915e-11
7.13054049948e-09	-2.52125724812e-11
7.13159938581e-09	-2.51746002516e-11
7.13265827213e-09	-2.4885852927e-11
7.13371715845e-09	-2.48433710669e-11
7.13477604478e-09	-2.46607144427e-11
7.1358349311e-09	-2.4374625365e-11
7.13689381742e-09	-2.44294690813e-11
7.13795270375e-09	-2.40476566611e-11
7.13901159007e-09	-2.36048671928e-11
7.14007047639e-09	-2.37284898761e-11
7.14112936271e-09	-2.32017382737e-11
7.14218824904e-09	-2.3266076999e-11
7.14324713536e-09	-2.29406426581e-11
7.14430602168e-09	-2.26055068761e-11
7.14536490801e-09	-2.26127309152e-11
7.14642379433e-09	-2.26148327495e-11
7.14748268065e-09	-2.20578492537e-11
7.14854156698e-09	-2.24209472603e-11
7.1496004533e-09	-2.20092043549e-11
7.15065933962e-09	-2.20698656832e-11
7.15171822595e-09	-2.21069252314e-11
7.15277711227e-09	-2.12927199744e-11
7.15383599859e-09	-2.11811311763e-11
7.15489488491e-09	-2.12295695346e-11
7.15595377124e-09	-2.08104181674e-11
7.15701265756e-09	-2.08540577385e-11
7.15807154388e-09	-2.06068341644e-11
7.15913043021e-09	-2.03210290392e-11
7.16018931653e-09	-2.04943093746e-11
7.16124820285e-09	-2.03567555607e-11
7.16230708918e-09	-1.99522652089e-11
7.1633659755e-09	-1.98933399051e-11
7.16442486182e-09	-1.96766066982e-11
7.16548374814e-09	-1.95068971826e-11
7.16654263447e-09	-1.97171040345e-11
7.16760152079e-09	-1.91176276199e-11
7.16866040711e-09	-1.90338092509e-11
7.16971929344e-09	-1.90745783968e-11
7.17077817976e-09	-1.81552845674e-11
7.17183706608e-09	-1.86641674338e-11
7.17289595241e-09	-1.83925262173e-11
7.17395483873e-09	-1.78387984722e-11
7.17501372505e-09	-1.79534572972e-11
7.17607261138e-09	-1.75738295444e-11
7.1771314977e-09	-1.7295477767e-11
7.17819038402e-09	-1.78226212001e-11
7.17924927034e-09	-1.73396448025e-11
7.18030815667e-09	-1.73339598968e-11
7.18136704299e-09	-1.74985729032e-11
7.18242592931e-09	-1.70079474593e-11
7.18348481564e-09	-1.6760355148e-11
7.18454370196e-09	-1.68521206104e-11
7.18560258828e-09	-1.65233301217e-11
7.18666147461e-09	-1.64568606138e-11
7.18772036093e-09	-1.60814896556e-11
7.18877924725e-09	-1.56946610656e-11
7.18983813358e-09	-1.56828311188e-11
7.1908970199e-09	-1.57089964951e-11
7.19195590622e-09	-1.51459874373e-11
7.19301479254e-09	-1.49654711366e-11
7.19407367887e-09	-1.5092800924e-11
7.19513256519e-09	-1.48806334008e-11
7.19619145151e-09	-1.49890745432e-11
7.19725033784e-09	-1.44671477489e-11
7.19830922416e-09	-1.46124780028e-11
7.19936811048e-09	-1.46117919196e-11
7.20042699681e-09	-1.40137435076e-11
7.20148588313e-09	-1.40876829516e-11
7.20254476945e-09	-1.35784265776e-11
7.20360365578e-09	-1.32973440202e-11
7.2046625421e-09	-1.34378388408e-11
7.20572142842e-09	-1.32531176788e-11
7.20678031474e-09	-1.26591979087e-11
7.20783920107e-09	-1.28498818574e-11
7.20889808739e-09	-1.27382231282e-11
7.20995697371e-09	-1.2292098654e-11
7.21101586004e-09	-1.26281910276e-11
7.21207474636e-09	-1.19150786243e-11
7.21313363268e-09	-1.21734184148e-11
7.21419251901e-09	-1.18550342069e-11
7.21525140533e-09	-1.17337578456e-11
7.21631029165e-09	-1.16287427279e-11
7.21736917797e-09	-1.12564072646e-11
7.2184280643e-09	-1.11525309387e-11
7.21948695062e-09	-1.13640294007e-11
7.22054583694e-09	-1.08590363264e-11
7.22160472327e-09	-1.04841705521e-11
7.22266360959e-09	-1.02763447708e-11
7.22372249591e-09	-1.03214676931e-11
7.22478138224e-09	-9.87714939135e-12
7.22584026856e-09	-9.90191896576e-12
7.22689915488e-09	-9.83604717857e-12
7.22795804121e-09	-9.6696999366e-12
7.22901692753e-09	-9.47796376972e-12
7.23007581385e-09	-9.21539293442e-12
7.23113470017e-09	-9.30362617458e-12
7.2321935865e-09	-8.93047484921e-12
7.23325247282e-09	-8.99201389347e-12
7.23431135914e-09	-8.96528798465e-12
7.23537024547e-09	-8.37719726487e-12
7.23642913179e-09	-8.57644364598e-12
7.23748801811e-09	-8.32954029101e-12
7.23854690444e-09	-7.68453882341e-12
7.23960579076e-09	-7.56389026933e-12
7.24066467708e-09	-7.57710143543e-12
7.24172356341e-09	-7.43280247463e-12
7.24278244973e-09	-7.69697006868e-12
7.24384133605e-09	-6.88556823321e-12
7.24490022237e-09	-6.69538854697e-12
7.2459591087e-09	-7.11337878791e-12
7.24701799502e-09	-6.69861930681e-12
7.24807688134e-09	-6.63820664019e-12
7.24913576767e-09	-6.90049048718e-12
7.25019465399e-09	-6.45525180618e-12
7.25125354031e-09	-6.17434396796e-12
7.25231242664e-09	-6.08034353118e-12
7.25337131296e-09	-5.33668660478e-12
7.25443019928e-09	-5.48196085965e-12
7.25548908561e-09	-5.45083758945e-12
7.25654797193e-09	-5.20305364548e-12
7.25760685825e-09	-5.53413239714e-12
7.25866574457e-09	-4.82098437777e-12
7.2597246309e-09	-4.63952723353e-12
7.26078351722e-09	-5.1437223079e-12
7.26184240354e-09	-4.35983050335e-12
7.26290128987e-09	-4.39909954709e-12
7.26396017619e-09	-4.40875569559e-12
7.26501906251e-09	-4.18916884146e-12
7.26607794884e-09	-3.95789138768e-12
7.26713683516e-09	-3.86348180011e-12
7.26819572148e-09	-3.42277638524e-12
7.2692546078e-09	-3.51392059981e-12
7.27031349413e-09	-3.19454993057e-12
7.27137238045e-09	-3.11536026468e-12
7.27243126677e-09	-3.14720428538e-12
7.2734901531e-09	-2.79998143811e-12
7.27454903942e-09	-2.7287451812e-12
7.27560792574e-09	-2.9560612313e-12
7.27666681207e-09	-2.46029305056e-12
7.27772569839e-09	-2.20705499368e-12
7.27878458471e-09	-2.27495209086e-12
7.27984347104e-09	-2.15833830029e-12
7.28090235736e-09	-2.10681718924e-12
7.28196124368e-09	-1.75805434799e-12
7.28302013e-09	-1.80274115677e-12
7.28407901633e-09	-1.46327474606e-12
7.28513790265e-09	-1.3335185007e-12
7.28619678897e-09	-1.25902410784e-12
7.2872556753e-09	-7.64554767424e-13
7.28831456162e-09	-5.32066237789e-13
7.28937344794e-09	-6.10216934762e-13
7.29043233427e-09	-5.38230613236e-13
7.29149122059e-09	-4.36011883336e-13
7.29255010691e-09	-3.4454382774e-13
7.29360899324e-09	-2.03158953351e-13
7.29466787956e-09	-2.36052901875e-13
7.29572676588e-09	-1.56601573953e-13
7.2967856522e-09	-3.23820221397e-14
7.29784453853e-09	4.64539597246e-13
7.29890342485e-09	2.4396531658e-13
7.29996231117e-09	7.55595273036e-13
7.3010211975e-09	9.33898269861e-13
7.30208008382e-09	8.21945477989e-13
7.30313897014e-09	1.60474011737e-12
7.30419785647e-09	1.75278991625e-12
7.30525674279e-09	1.69646870336e-12
7.30631562911e-09	1.75504573439e-12
7.30737451543e-09	1.78621773947e-12
7.30843340176e-09	1.86700157558e-12
7.30949228808e-09	2.19231696599e-12
7.3105511744e-09	2.43463292604e-12
7.31161006073e-09	2.38654365367e-12
7.31266894705e-09	2.78119695785e-12
7.31372783337e-09	2.13933895826e-12
7.3147867197e-09	2.23022026736e-12
7.31584560602e-09	2.88733444163e-12
7.31690449234e-09	3.30339239036e-12
7.31796337867e-09	3.50479611696e-12
7.31902226499e-09	3.72632434349e-12
7.32008115131e-09	3.56949683027e-12
7.32114003763e-09	4.06204236914e-12
7.32219892396e-09	4.00225900056e-12
7.32325781028e-09	4.04897816664e-12
7.3243166966e-09	3.99336965405e-12
7.32537558293e-09	4.18951212697e-12
7.32643446925e-09	3.94608144446e-12
7.32749335557e-09	4.56445683117e-12
7.3285522419e-09	4.2651325451e-12
7.32961112822e-09	4.28286624373e-12
7.33067001454e-09	4.93780025006e-12
7.33172890087e-09	4.62291473548e-12
7.33278778719e-09	4.71753422459e-12
7.33384667351e-09	5.35200480939e-12
7.33490555983e-09	5.147397428e-12
7.33596444616e-09	5.55478861693e-12
7.33702333248e-09	5.6951372329e-12
7.3380822188e-09	5.86305114701e-12
7.33914110513e-09	6.20793509914e-12
7.34019999145e-09	6.38533046967e-12
7.34125887777e-09	6.66992660105e-12
7.3423177641e-09	6.66339401191e-12
7.34337665042e-09	6.34715966851e-12
7.34443553674e-09	6.15695130513e-12
7.34549442307e-09	6.07575196209e-12
7.34655330939e-09	6.43548875214e-12
7.34761219571e-09	6.86574451805e-12
7.34867108203e-09	6.843818047e-12
7.34972996836e-09	7.08983653036e-12
7.35078885468e-09	7.77701259511e-12
7.351847741e-09	7.56306996197e-12
7.35290662733e-09	7.8300497054e-12
7.35396551365e-09	8.29507046819e-12
7.35502439997e-09	7.99255431803e-12
7.3560832863e-09	8.43102730642e-12
7.35714217262e-09	8.16091589922e-12
7.35820105894e-09	7.9757504854e-12
7.35925994526e-09	8.31402991158e-12
7.36031883159e-09	8.38585049925e-12
7.36137771791e-09	8.42010944475e-12
7.36243660423e-09	9.33933870994e-12
7.36349549056e-09	9.10599986257e-12
7.36455437688e-09	8.77067743519e-12
7.3656132632e-09	8.67576865383e-12
7.36667214953e-09	8.65546002926e-12
7.36773103585e-09	9.22102384683e-12
7.36878992217e-09	1.00363909891e-11
7.3698488085e-09	9.70769959644e-12
7.37090769482e-09	9.90078353504e-12
7.37196658114e-09	9.90015675776e-12
7.37302546746e-09	9.46855598484e-12
7.37408435379e-09	9.71525382929e-12
7.37514324011e-09	1.00699776209e-11
7.37620212643e-09	1.03748307688e-11
7.37726101276e-09	1.05480944075e-11
7.37831989908e-09	1.07166575961e-11
7.3793787854e-09	1.07183891211e-11
7.38043767173e-09	1.08797394379e-11
7.38149655805e-09	1.11154711737e-11
7.38255544437e-09	1.13271594253e-11
7.3836143307e-09	1.13633655437e-11
7.38467321702e-09	1.16468048855e-11
7.38573210334e-09	1.20426295889e-11
7.38679098966e-09	1.20282172894e-11
7.38784987599e-09	1.17573475912e-11
7.38890876231e-09	1.16734715427e-11
7.38996764863e-09	1.21723053728e-11
7.39102653496e-09	1.19358868492e-11
7.39208542128e-09	1.2563620283e-11
7.3931443076e-09	1.25811126924e-11
7.39420319393e-09	1.31853391053e-11
7.39526208025e-09	1.34748103517e-11
7.39632096657e-09	1.31572250924e-11
7.3973798529e-09	1.34541339658e-11
7.39843873922e-09	1.34568418691e-11
7.39949762554e-09	1.33205882305e-11
7.40055651186e-09	1.34970190406e-11
7.40161539819e-09	1.38251691996e-11
7.40267428451e-09	1.38109683195e-11
7.40373317083e-09	1.40038452839e-11
7.40479205716e-09	1.36021978186e-11
7.40585094348e-09	1.40046819627e-11
7.4069098298e-09	1.45051409035e-11
7.40796871613e-09	1.44010082722e-11
7.40902760245e-09	1.42498163876e-11
7.41008648877e-09	1.42875737283e-11
7.41114537509e-09	1.4221102811e-11
7.41220426142e-09	1.44385483387e-11
7.41326314774e-09	1.49853681981e-11
7.41432203406e-09	1.51337730325e-11
7.41538092039e-09	1.55064596146e-11
7.41643980671e-09	1.54647273719e-11
7.41749869303e-09	1.59639645253e-11
7.41855757936e-09	1.55557304234e-11
7.41961646568e-09	1.57625491435e-11
7.420675352e-09	1.57710586127e-11
7.42173423833e-09	1.58841994462e-11
7.42279312465e-09	1.5937888921e-11
7.42385201097e-09	1.60284061414e-11
7.42491089729e-09	1.60696924517e-11
7.42596978362e-09	1.63035621245e-11
7.42702866994e-09	1.68338802099e-11
7.42808755626e-09	1.74715980615e-11
7.42914644259e-09	1.73669149808e-11
7.43020532891e-09	1.71186578368e-11
7.43126421523e-09	1.74873389424e-11
7.43232310156e-09	1.67212555651e-11
7.43338198788e-09	1.70630364222e-11
7.4344408742e-09	1.7184505121e-11
7.43549976053e-09	1.73308563681e-11
7.43655864685e-09	1.76768339549e-11
7.43761753317e-09	1.74371245524e-11
7.43867641949e-09	1.80376640273e-11
7.43973530582e-09	1.81606317441e-11
7.44079419214e-09	1.81161990791e-11
7.44185307846e-09	1.85704162551e-11
7.44291196479e-09	1.83829043567e-11
7.44397085111e-09	1.824265359e-11
7.44502973743e-09	1.82602169062e-11
7.44608862376e-09	1.82630299772e-11
7.44714751008e-09	1.80906908377e-11
7.4482063964e-09	1.86413760947e-11
7.44926528272e-09	1.89527567902e-11
7.45032416905e-09	1.89574980063e-11
7.45138305537e-09	1.95867038951e-11
7.45244194169e-09	1.93009735798e-11
7.45350082802e-09	1.94965249457e-11
7.45455971434e-09	1.94822953343e-11
7.45561860066e-09	1.96562027722e-11
7.45667748699e-09	2.01411497073e-11
7.45773637331e-09	1.94550144224e-11
7.45879525963e-09	1.95198076453e-11
7.45985414596e-09	1.99020628536e-11
7.46091303228e-09	1.99702957079e-11
7.4619719186e-09	2.03701921867e-11
7.46303080492e-09	2.09099853318e-11
7.46408969125e-09	2.03427600286e-11
7.46514857757e-09	2.10096556038e-11
7.46620746389e-09	2.11055536112e-11
7.46726635022e-09	2.05254765007e-11
7.46832523654e-09	2.10263685803e-11
7.46938412286e-09	2.1313650931e-11
7.47044300919e-09	2.08232610842e-11
7.47150189551e-09	2.09293474478e-11
7.47256078183e-09	2.12421621092e-11
7.47361966816e-09	2.13811192059e-11
7.47467855448e-09	2.20660343296e-11
7.4757374408e-09	2.21531389153e-11
7.47679632712e-09	2.18853286188e-11
7.47785521345e-09	2.19719559387e-11
7.47891409977e-09	2.18402060759e-11
7.47997298609e-09	2.20932587546e-11
7.48103187242e-09	2.23680108723e-11
7.48209075874e-09	2.23514514189e-11
7.48314964506e-09	2.254939898e-11
7.48420853139e-09	2.24191402205e-11
7.48526741771e-09	2.28654470575e-11
7.48632630403e-09	2.28004436078e-11
7.48738519036e-09	2.29416852269e-11
7.48844407668e-09	2.33632514376e-11
7.489502963e-09	2.30868434179e-11
7.49056184932e-09	2.24342247253e-11
7.49162073565e-09	2.28293182969e-11
7.49267962197e-09	2.31447393802e-11
7.49373850829e-09	2.31062469505e-11
7.49479739462e-09	2.36976113645e-11
7.49585628094e-09	2.41111288921e-11
7.49691516726e-09	2.40762256052e-11
7.49797405359e-09	2.46568813544e-11
7.49903293991e-09	2.46253737887e-11
7.50009182623e-09	2.44774879619e-11
7.50115071255e-09	2.42453654809e-11
7.50220959888e-09	2.38019907603e-11
7.5032684852e-09	2.41973101712e-11
7.50432737152e-09	2.43267057973e-11
7.50538625785e-09	2.40520732671e-11
7.50644514417e-09	2.48142337841e-11
7.50750403049e-09	2.48160528585e-11
7.50856291682e-09	2.50323759117e-11
7.50962180314e-09	2.56538841819e-11
7.51068068946e-09	2.56290585542e-11
7.51173957579e-09	2.53589638437e-11
7.51279846211e-09	2.53669049741e-11
7.51385734843e-09	2.49733627875e-11
7.51491623475e-09	2.50546786009e-11
7.51597512108e-09	2.57287511608e-11
7.5170340074e-09	2.55447984814e-11
7.51809289372e-09	2.5759022736e-11
7.51915178005e-09	2.6106369887e-11
7.52021066637e-09	2.6288465545e-11
7.52126955269e-09	2.63057728812e-11
7.52232843902e-09	2.62599599184e-11
7.52338732534e-09	2.60916442531e-11
7.52444621166e-09	2.63434116101e-11
7.52550509799e-09	2.61499216378e-11
7.52656398431e-09	2.60301303082e-11
7.52762287063e-09	2.66864304092e-11
7.52868175695e-09	2.71800605026e-11
7.52974064328e-09	2.72149130488e-11
7.5307995296e-09	2.74944485582e-11
7.53185841592e-09	2.76016317007e-11
7.53291730225e-09	2.71881644802e-11
7.53397618857e-09	2.69498420975e-11
7.53503507489e-09	2.70518340801e-11
7.53609396122e-09	2.76227400328e-11
7.53715284754e-09	2.78679889495e-11
7.53821173386e-09	2.716673414e-11
7.53927062019e-09	2.76538505636e-11
7.54032950651e-09	2.78651253547e-11
7.54138839283e-09	2.78594018514e-11
7.54244727915e-09	2.84285407715e-11
7.54350616548e-09	2.83579164925e-11
7.5445650518e-09	2.86495688284e-11
7.54562393812e-09	2.82102093421e-11
7.54668282445e-09	2.79998173085e-11
7.54774171077e-09	2.86309652202e-11
7.54880059709e-09	2.86907823888e-11
7.54985948342e-09	2.86889598449e-11
7.55091836974e-09	2.90796479778e-11
7.55197725606e-09	2.92504473334e-11
7.55303614238e-09	2.89409188888e-11
7.55409502871e-09	2.91292242063e-11
7.55515391503e-09	2.91788902068e-11
7.55621280135e-09	2.89755725923e-11
7.55727168768e-09	2.93145833129e-11
7.558330574e-09	2.86445084232e-11
7.55938946032e-09	2.93561160623e-11
7.56044834665e-09	2.95786468235e-11
7.56150723297e-09	2.93075938951e-11
7.56256611929e-09	3.00406670026e-11
7.56362500562e-09	3.05111454765e-11
7.56468389194e-09	3.03019740376e-11
7.56574277826e-09	3.03324028221e-11
7.56680166458e-09	3.02213386694e-11
7.56786055091e-09	3.0347121734e-11
7.56891943723e-09	3.01132643127e-11
7.56997832355e-09	2.96739948152e-11
7.57103720988e-09	3.01306644565e-11
7.5720960962e-09	3.06560829239e-11
7.57315498252e-09	3.01292356949e-11
7.57421386885e-09	3.0506887164e-11
7.57527275517e-09	3.11506066168e-11
7.57633164149e-09	3.07856370604e-11
7.57739052782e-09	3.15885900336e-11
7.57844941414e-09	3.18756481713e-11
7.57950830046e-09	3.13370347466e-11
7.58056718678e-09	3.09695860536e-11
7.58162607311e-09	3.07274431594e-11
7.58268495943e-09	3.0616441023e-11
7.58374384575e-09	3.10830421731e-11
7.58480273208e-09	3.14454972478e-11
7.5858616184e-09	3.24402076382e-11
7.58692050472e-09	3.23257004931e-11
7.58797939105e-09	3.18715080369e-11
7.58903827737e-09	3.20224749495e-11
7.59009716369e-09	3.19617214639e-11
7.59115605001e-09	3.18035927455e-11
7.59221493634e-09	3.1669132811e-11
7.59327382266e-09	3.16569964687e-11
7.59433270898e-09	3.18241236315e-11
7.59539159531e-09	3.23947789167e-11
7.59645048163e-09	3.25457954857e-11
7.59750936795e-09	3.2837020646e-11
7.59856825428e-09	3.28994767627e-11
7.5996271406e-09	3.2476229388e-11
7.60068602692e-09	3.27957027854e-11
7.60174491325e-09	3.27741440757e-11
7.60280379957e-09	3.22207523249e-11
7.60386268589e-09	3.2725864553e-11
7.60492157221e-09	3.24997483352e-11
7.60598045854e-09	3.25878597111e-11
7.60703934486e-09	3.30142540909e-11
7.60809823118e-09	3.32990609912e-11
7.60915711751e-09	3.32777455765e-11
7.61021600383e-09	3.36391602507e-11
7.61127489015e-09	3.34734822326e-11
7.61233377648e-09	3.34062590958e-11
7.6133926628e-09	3.34832407026e-11
7.61445154912e-09	3.29852234936e-11
7.61551043545e-09	3.32751231083e-11
7.61656932177e-09	3.35360320243e-11
7.61762820809e-09	3.3459617672e-11
7.61868709441e-09	3.35921067438e-11
7.61974598074e-09	3.38543323149e-11
7.62080486706e-09	3.37784218998e-11
7.62186375338e-09	3.42346901695e-11
7.62292263971e-09	3.39402308341e-11
7.62398152603e-09	3.38222154277e-11
7.62504041235e-09	3.40743490281e-11
7.62609929868e-09	3.40376765402e-11
7.627158185e-09	3.39344485671e-11
7.62821707132e-09	3.44954731012e-11
7.62927595765e-09	3.42654166759e-11
7.63033484397e-09	3.43399555753e-11
7.63139373029e-09	3.45363149971e-11
7.63245261661e-09	3.45946413877e-11
7.63351150294e-09	3.49842325248e-11
7.63457038926e-09	3.47667788655e-11
7.63562927558e-09	3.44305714581e-11
7.63668816191e-09	3.46118990673e-11
7.63774704823e-09	3.43794446037e-11
7.63880593455e-09	3.44597592648e-11
7.63986482088e-09	3.53585797794e-11
7.6409237072e-09	3.53143517033e-11
7.64198259352e-09	3.52433425325e-11
7.64304147984e-09	3.55171547554e-11
7.64410036617e-09	3.5359785629e-11
7.64515925249e-09	3.54358996573e-11
7.64621813881e-09	3.53208653731e-11
7.64727702514e-09	3.54697460639e-11
7.64833591146e-09	3.53307645726e-11
7.64939479778e-09	3.510023305e-11
7.65045368411e-09	3.52406832015e-11
7.65151257043e-09	3.54683092792e-11
7.65257145675e-09	3.53041565166e-11
7.65363034308e-09	3.5688484069e-11
7.6546892294e-09	3.64020454405e-11
7.65574811572e-09	3.56517979201e-11
7.65680700204e-09	3.58602516171e-11
7.65786588837e-09	3.61995609269e-11
7.65892477469e-09	3.58795050961e-11
7.65998366101e-09	3.59786091978e-11
7.66104254734e-09	3.58648581753e-11
7.66210143366e-09	3.59558702256e-11
7.66316031998e-09	3.63473606681e-11
7.66421920631e-09	3.64211566722e-11
7.66527809263e-09	3.64083884569e-11
7.66633697895e-09	3.66622372652e-11
7.66739586528e-09	3.63666399512e-11
7.6684547516e-09	3.62816224547e-11
7.66951363792e-09	3.64847798241e-11
7.67057252424e-09	3.62902314536e-11
7.67163141057e-09	3.64626681713e-11
7.67269029689e-09	3.69076763509e-11
7.67374918321e-09	3.65667535314e-11
7.67480806954e-09	3.70203355818e-11
7.67586695586e-09	3.73040084066e-11
7.67692584218e-09	3.71188490101e-11
7.67798472851e-09	3.72392435898e-11
7.67904361483e-09	3.69728774506e-11
7.68010250115e-09	3.65883651501e-11
7.68116138748e-09	3.70006690217e-11
7.6822202738e-09	3.70636919593e-11
7.68327916012e-09	3.72455644885e-11
7.68433804644e-09	3.72973030498e-11
7.68539693277e-09	3.70352214608e-11
7.68645581909e-09	3.77679409014e-11
7.68751470541e-09	3.78516953024e-11
7.68857359174e-09	3.75161206354e-11
7.68963247806e-09	3.78802004954e-11
7.69069136438e-09	3.76976043697e-11
7.69175025071e-09	3.7437015727e-11
7.69280913703e-09	3.78595290968e-11
7.69386802335e-09	3.76497023662e-11
7.69492690967e-09	3.758915618e-11
7.695985796e-09	3.8008810075e-11
7.69704468232e-09	3.77809122962e-11
7.69810356864e-09	3.79979884363e-11
7.69916245497e-09	3.82073374675e-11
7.70022134129e-09	3.79720191922e-11
7.70128022761e-09	3.82832600256e-11
7.70233911394e-09	3.77594084472e-11
7.70339800026e-09	3.75558111085e-11
7.70445688658e-09	3.82763100729e-11
7.70551577291e-09	3.80389227062e-11
7.70657465923e-09	3.81072571502e-11
7.70763354555e-09	3.86700029636e-11
7.70869243187e-09	3.83324678423e-11
7.7097513182e-09	3.86629953313e-11
7.71081020452e-09	3.86138662278e-11
7.71186909084e-09	3.81847489826e-11
7.71292797717e-09	3.86448115262e-11
7.71398686349e-09	3.85379443201e-11
7.71504574981e-09	3.81473882431e-11
7.71610463614e-09	3.87693570823e-11
7.71716352246e-09	3.87827072974e-11
7.71822240878e-09	3.8553564204e-11
7.71928129511e-09	3.93395476785e-11
7.72034018143e-09	3.89288950468e-11
7.72139906775e-09	3.85089681497e-11
7.72245795407e-09	3.91064520176e-11
7.7235168404e-09	3.89201847834e-11
7.72457572672e-09	3.89778437391e-11
7.72563461304e-09	3.91534664933e-11
7.72669349937e-09	3.90016968374e-11
7.72775238569e-09	3.92354536447e-11
7.72881127201e-09	3.93455797457e-11
7.72987015834e-09	3.95149017673e-11
7.73092904466e-09	3.95767585371e-11
7.73198793098e-09	3.9351061255e-11
7.7330468173e-09	3.89802007946e-11
7.73410570363e-09	3.94707643306e-11
7.73516458995e-09	3.92046204528e-11
7.73622347627e-09	3.92998487486e-11
7.7372823626e-09	3.98405882937e-11
7.73834124892e-09	3.95713667996e-11
7.73940013524e-09	3.99195034667e-11
7.74045902157e-09	4.01646489505e-11
7.74151790789e-09	3.98909431962e-11
7.74257679421e-09	4.00543897095e-11
7.74363568054e-09	4.01911089045e-11
7.74469456686e-09	3.98732474989e-11
7.74575345318e-09	3.9661666746e-11
7.7468123395e-09	3.95431896862e-11
7.74787122583e-09	3.9630572695e-11
7.74893011215e-09	4.01607876729e-11
7.74998899847e-09	3.99847943384e-11
7.7510478848e-09	3.99794750257e-11
7.75210677112e-09	4.03252028124e-11
7.75316565744e-09	4.02131238465e-11
7.75422454377e-09	4.03239947943e-11
7.75528343009e-09	4.02959427978e-11
7.75634231641e-09	4.02655398173e-11
7.75740120274e-09	4.03255668874e-11
7.75846008906e-09	4.03204832803e-11
7.75951897538e-09	4.03880273409e-11
7.7605778617e-09	4.08669615076e-11
7.76163674803e-09	4.04451745532e-11
7.76269563435e-09	4.06476113619e-11
7.76375452067e-09	4.08883463112e-11
7.764813407e-09	4.0394518893e-11
7.76587229332e-09	4.08454186272e-11
7.76693117964e-09	4.0779642033e-11
7.76799006597e-09	4.03916789338e-11
7.76904895229e-09	4.05795100213e-11
7.77010783861e-09	4.04048287883e-11
7.77116672494e-09	4.04187688093e-11
7.77222561126e-09	4.1023516615e-11
7.77328449758e-09	4.10510369187e-11
7.7743433839e-09	4.07062833961e-11
7.77540227023e-09	4.11543756972e-11
7.77646115655e-09	4.10329409339e-11
7.77752004287e-09	4.07447435166e-11
7.7785789292e-09	4.08521751583e-11
7.77963781552e-09	4.07263747466e-11
7.78069670184e-09	4.05449057574e-11
7.78175558817e-09	4.08124710242e-11
7.78281447449e-09	4.07837342457e-11
7.78387336081e-09	4.10680411119e-11
7.78493224713e-09	4.1391749403e-11
7.78599113346e-09	4.13515443675e-11
7.78705001978e-09	4.15151764962e-11
7.7881089061e-09	4.12055454861e-11
7.78916779243e-09	4.08848536623e-11
7.79022667875e-09	4.12011002572e-11
7.79128556507e-09	4.13217767295e-11
7.7923444514e-09	4.11425286201e-11
7.79340333772e-09	4.1296305351e-11
7.79446222404e-09	4.11911615927e-11
7.79552111037e-09	4.13169125649e-11
7.79657999669e-09	4.15749058444e-11
7.79763888301e-09	4.13094356898e-11
7.79869776933e-09	4.13732919452e-11
7.79975665566e-09	4.13371518005e-11
7.80081554198e-09	4.04841468508e-11
7.8018744283e-09	4.11819671246e-11
7.80293331463e-09	4.11043124451e-11
7.80399220095e-09	4.11034333739e-11
7.80505108727e-09	4.18267031253e-11
7.8061099736e-09	4.15545252288e-11
7.80716885992e-09	4.1552822164e-11
7.80822774624e-09	4.17694373013e-11
7.80928663257e-09	4.14122356199e-11
7.81034551889e-09	4.1581525766e-11
7.81140440521e-09	4.15753787734e-11
7.81246329153e-09	4.11493580096e-11
7.81352217786e-09	4.13075652243e-11
7.81458106418e-09	4.13269455549e-11
7.8156399505e-09	4.10155086977e-11
7.81669883683e-09	4.19798989407e-11
7.81775772315e-09	4.16866042553e-11
7.81881660947e-09	4.1619277252e-11
7.8198754958e-09	4.20625819331e-11
7.82093438212e-09	4.143373253e-11
7.82199326844e-09	4.1799699986e-11
7.82305215477e-09	4.17863330743e-11
7.82411104109e-09	4.11832514705e-11
7.82516992741e-09	4.1809098501e-11
7.82622881373e-09	4.20067331613e-11
7.82728770006e-09	4.1418656482e-11
7.82834658638e-09	4.19457977466e-11
7.8294054727e-09	4.1710208204e-11
7.83046435903e-09	4.16034045322e-11
7.83152324535e-09	4.18617761982e-11
7.83258213167e-09	4.18168251762e-11
7.833641018e-09	4.17058393029e-11
7.83469990432e-09	4.17071741726e-11
7.83575879064e-09	4.16452623254e-11
7.83681767696e-09	4.17640973888e-11
7.83787656329e-09	4.16623840462e-11
7.83893544961e-09	4.18079524993e-11
7.83999433593e-09	4.22121090252e-11
7.84105322226e-09	4.20080988224e-11
7.84211210858e-09	4.17090496255e-11
7.8431709949e-09	4.19989694064e-11
7.84422988123e-09	4.19259822172e-11
7.84528876755e-09	4.16852446658e-11
7.84634765387e-09	4.18916880351e-11
7.8474065402e-09	4.17805204496e-11
7.84846542652e-09	4.17809677914e-11
7.84952431284e-09	4.20769517319e-11
7.85058319916e-09	4.1993266503e-11
7.85164208549e-09	4.2163427914e-11
7.85270097181e-09	4.22164057184e-11
7.85375985813e-09	4.19218941245e-11
7.85481874446e-09	4.18961059422e-11
7.85587763078e-09	4.17979064988e-11
7.8569365171e-09	4.16649611947e-11
7.85799540343e-09	4.18987771995e-11
7.85905428975e-09	4.20961351714e-11
7.86011317607e-09	4.17730791364e-11
7.8611720624e-09	4.19791176647e-11
7.86223094872e-09	4.19284073606e-11
7.86328983504e-09	4.21211156232e-11
7.86434872136e-09	4.22779335412e-11
7.86540760769e-09	4.21483258451e-11
7.86646649401e-09	4.22179181805e-11
7.86752538033e-09	4.19925754325e-11
7.86858426666e-09	4.14639952147e-11
7.86964315298e-09	4.20116563066e-11
7.8707020393e-09	4.18899632863e-11
7.87176092563e-09	4.20766520584e-11
7.87281981195e-09	4.2283638613e-11
7.87387869827e-09	4.18896844295e-11
7.87493758459e-09	4.19290457389e-11
7.87599647092e-09	4.21212197066e-11
7.87705535724e-09	4.1804075826e-11
7.87811424356e-09	4.19206542309e-11
7.87917312989e-09	4.21944538771e-11
7.88023201621e-09	4.16938965991e-11
7.88129090253e-09	4.21844826865e-11
7.88234978886e-09	4.20177226346e-11
7.88340867518e-09	4.2001622666e-11
7.8844675615e-09	4.25737713312e-11
7.88552644783e-09	4.24040765609e-11
7.88658533415e-09	4.22938845404e-11
7.88764422047e-09	4.2292523433e-11
7.88870310679e-09	4.18527705982e-11
7.88976199312e-09	4.19679438771e-11
7.89082087944e-09	4.21225131598e-11
7.89187976576e-09	4.16394490502e-11
7.89293865209e-09	4.1835717399e-11
7.89399753841e-09	4.23477713399e-11
7.89505642473e-09	4.17587557415e-11
7.89611531106e-09	4.23347912715e-11
7.89717419738e-09	4.22355145649e-11
7.8982330837e-09	4.18835857923e-11
7.89929197003e-09	4.23158383334e-11
7.90035085635e-09	4.21692023748e-11
7.90140974267e-09	4.17720168351e-11
7.90246862899e-09	4.19549787706e-11
7.90352751532e-09	4.1739517875e-11
7.90458640164e-09	4.20770555985e-11
7.90564528796e-09	4.20980149612e-11
7.90670417429e-09	4.18459661453e-11
7.90776306061e-09	4.21955189973e-11
7.90882194693e-09	4.20104792967e-11
7.90988083326e-09	4.19615976081e-11
7.91093971958e-09	4.20339303728e-11
7.9119986059e-09	4.19995715723e-11
7.91305749223e-09	4.20479428186e-11
7.91411637855e-09	4.20696461608e-11
7.91517526487e-09	4.17276410907e-11
7.91623415119e-09	4.19529760324e-11
7.91729303752e-09	4.2302260219e-11
7.91835192384e-09	4.19438342565e-11
7.91941081016e-09	4.22795656992e-11
7.92046969649e-09	4.24122787671e-11
7.92152858281e-09	4.19505918718e-11
7.92258746913e-09	4.21543132432e-11
7.92364635546e-09	4.1968355657e-11
7.92470524178e-09	4.16758465845e-11
7.9257641281e-09	4.18380252318e-11
7.92682301442e-09	4.18825393204e-11
7.92788190075e-09	4.16945276048e-11
7.92894078707e-09	4.18471223385e-11
7.92999967339e-09	4.14933274372e-11
7.93105855972e-09	4.17552787051e-11
7.93211744604e-09	4.19627960851e-11
7.93317633236e-09	4.18413355179e-11
7.93423521869e-09	4.19343227677e-11
7.93529410501e-09	4.18931627669e-11
7.93635299133e-09	4.16111943079e-11
7.93741187766e-09	4.20297993457e-11
7.93847076398e-09	4.20365673694e-11
7.9395296503e-09	4.19977180203e-11
7.94058853662e-09	4.21759638932e-11
7.94164742295e-09	4.17830715773e-11
7.94270630927e-09	4.17012370815e-11
7.94376519559e-09	4.19722377513e-11
7.94482408192e-09	4.15291713778e-11
7.94588296824e-09	4.16032223862e-11
7.94694185456e-09	4.18045370456e-11
7.94800074089e-09	4.12662968033e-11
7.94905962721e-09	4.17236208691e-11
7.95011851353e-09	4.17519300383e-11
7.95117739986e-09	4.17252411008e-11
7.95223628618e-09	4.18896436635e-11
7.9532951725e-09	4.15648700354e-11
7.95435405882e-09	4.13447913059e-11
7.95541294515e-09	4.16571748884e-11
7.95647183147e-09	4.12975181396e-11
7.95753071779e-09	4.11240956653e-11
7.95858960412e-09	4.18256796385e-11
7.95964849044e-09	4.15355460529e-11
7.96070737676e-09	4.14008033585e-11
7.96176626309e-09	4.16021605186e-11
7.96282514941e-09	4.13980776742e-11
7.96388403573e-09	4.14201103971e-11
7.96494292206e-09	4.15934871181e-11
7.96600180838e-09	4.12356281933e-11
7.9670606947e-09	4.13238750944e-11
7.96811958102e-09	4.17023694223e-11
7.96917846735e-09	4.12275122895e-11
7.97023735367e-09	4.13904802359e-11
7.97129623999e-09	4.13287806755e-11
7.97235512632e-09	4.12841859223e-11
7.97341401264e-09	4.13692706393e-11
7.97447289896e-09	4.14113450562e-11
7.97553178529e-09	4.14664201413e-11
7.97659067161e-09	4.10640458269e-11
7.97764955793e-09	4.09301481596e-11
7.97870844425e-09	4.10681378227e-11
7.97976733058e-09	4.1123012981e-11
7.9808262169e-09	4.10094120121e-11
7.98188510322e-09	4.13320402209e-11
7.98294398955e-09	4.13578910702e-11
7.98400287587e-09	4.10298511746e-11
7.98506176219e-09	4.11588545364e-11
7.98612064852e-09	4.09091629929e-11
7.98717953484e-09	4.11488944047e-11
7.98823842116e-09	4.12052486316e-11
7.98929730749e-09	4.07382391709e-11
7.99035619381e-09	4.10067986512e-11
7.99141508013e-09	4.06675817154e-11
7.99247396645e-09	4.08225510687e-11
7.99353285278e-09	4.10433514432e-11
7.9945917391e-09	4.09995323282e-11
7.99565062542e-09	4.0881027296e-11
7.99670951175e-09	4.09018331357e-11
7.99776839807e-09	4.07101719956e-11
7.99882728439e-09	4.07009439173e-11
7.99988617072e-09	4.0946094822e-11
8.00094505704e-09	4.05095338784e-11
8.00200394336e-09	4.06602238857e-11
8.00306282969e-09	4.03576191563e-11
8.00412171601e-09	4.03103763476e-11
8.00518060233e-09	4.08133700447e-11
8.00623948865e-09	4.06276336358e-11
8.00729837498e-09	4.05718778886e-11
8.0083572613e-09	4.08460650286e-11
8.00941614762e-09	4.05816458996e-11
8.01047503395e-09	4.00503252524e-11
8.01153392027e-09	4.07259532088e-11
8.01259280659e-09	4.05374937177e-11
8.01365169292e-09	4.03097665923e-11
8.01471057924e-09	4.04778892696e-11
8.01576946556e-09	3.9968380168e-11
8.01682835188e-09	4.02218332425e-11
8.01788723821e-09	4.05853846624e-11
8.01894612453e-09	4.02927632665e-11
8.02000501085e-09	4.04318516601e-11
8.02106389718e-09	4.01850113515e-11
8.0221227835e-09	3.97600290365e-11
8.02318166982e-09	3.99435230985e-11
8.02424055615e-09	4.00791899668e-11
8.02529944247e-09	3.98793591466e-11
8.02635832879e-09	4.02310576346e-11
8.02741721512e-09	3.99413984959e-11
8.02847610144e-09	3.99956547915e-11
8.02953498776e-09	4.02742552849e-11
8.03059387408e-09	3.97377569218e-11
8.03165276041e-09	3.98504384873e-11
8.03271164673e-09	3.98039017111e-11
8.03377053305e-09	3.9633849154e-11
8.03482941938e-09	3.97998097153e-11
8.0358883057e-09	3.99773293896e-11
8.03694719202e-09	3.97880435196e-11
8.03800607835e-09	3.98447086956e-11
8.03906496467e-09	3.98031226034e-11
8.04012385099e-09	3.95546160929e-11
8.04118273732e-09	3.97817898415e-11
8.04224162364e-09	3.93154970385e-11
8.04330050996e-09	3.94238550225e-11
8.04435939628e-09	3.94392120958e-11
8.04541828261e-09	3.90940725972e-11
8.04647716893e-09	3.94830110446e-11
8.04753605525e-09	3.95253708235e-11
8.04859494158e-09	3.92873758699e-11
8.0496538279e-09	3.96732477599e-11
8.05071271422e-09	3.93883491361e-11
8.05177160055e-09	3.91480149079e-11
8.05283048687e-09	3.91555832896e-11
8.05388937319e-09	3.90245205942e-11
8.05494825952e-09	3.88985488785e-11
8.05600714584e-09	3.90983064067e-11
8.05706603216e-09	3.88241429023e-11
8.05812491848e-09	3.90366916309e-11
8.05918380481e-09	3.9126962087e-11
8.06024269113e-09	3.84937145093e-11
8.06130157745e-09	3.90466122976e-11
8.06236046378e-09	3.87751527935e-11
8.0634193501e-09	3.86719426013e-11
8.06447823642e-09	3.92074740729e-11
8.06553712275e-09	3.85982172873e-11
8.06659600907e-09	3.85055834873e-11
8.06765489539e-09	3.87385598859e-11
8.06871378171e-09	3.85478125114e-11
8.06977266804e-09	3.85325621237e-11
8.07083155436e-09	3.89331065217e-11
8.07189044068e-09	3.84566664537e-11
8.07294932701e-09	3.88230077426e-11
8.07400821333e-09	3.86492023281e-11
8.07506709965e-09	3.82482526554e-11
8.07612598598e-09	3.86338420023e-11
8.0771848723e-09	3.82649764739e-11
8.07824375862e-09	3.77949323314e-11
8.07930264495e-09	3.81373836591e-11
8.08036153127e-09	3.81556546341e-11
8.08142041759e-09	3.81709572804e-11
8.08247930391e-09	3.82425280679e-11
8.08353819024e-09	3.80923404798e-11
8.08459707656e-09	3.79570374697e-11
8.08565596288e-09	3.80932789652e-11
8.08671484921e-09	3.769538349e-11
8.08777373553e-09	3.78498452198e-11
8.08883262185e-09	3.76798642201e-11
8.08989150818e-09	3.73461489598e-11
8.0909503945e-09	3.76071246627e-11
8.09200928082e-09	3.74701717137e-11
8.09306816715e-09	3.74276885526e-11
8.09412705347e-09	3.7861620306e-11
8.09518593979e-09	3.75816851597e-11
8.09624482611e-09	3.75539532197e-11
8.09730371244e-09	3.75839461549e-11
8.09836259876e-09	3.72498908888e-11
8.09942148508e-09	3.75502504524e-11
8.10048037141e-09	3.72458027961e-11
8.10153925773e-09	3.68684943686e-11
8.10259814405e-09	3.73463811959e-11
8.10365703038e-09	3.71690644842e-11
8.1047159167e-09	3.69160006383e-11
8.10577480302e-09	3.7450073858e-11
8.10683368935e-09	3.68653291487e-11
8.10789257567e-09	3.69424959373e-11
8.10895146199e-09	3.70683622686e-11
8.11001034831e-09	3.66470315465e-11
8.11106923464e-09	3.658885998e-11
8.11212812096e-09	3.67210515467e-11
8.11318700728e-09	3.67672244646e-11
8.11424589361e-09	3.68560884936e-11
8.11530477993e-09	3.66233052999e-11
8.11636366625e-09	3.64534411771e-11
8.11742255258e-09	3.66486138312e-11
8.1184814389e-09	3.61125745193e-11
8.11954032522e-09	3.61005036628e-11
8.12059921154e-09	3.65578769514e-11
8.12165809787e-09	3.6105989509e-11
8.12271698419e-09	3.62327676542e-11
8.12377587051e-09	3.64803976957e-11
8.12483475684e-09	3.60264793258e-11
8.12589364316e-09	3.60309015696e-11
8.12695252948e-09	3.63565180565e-11
8.12801141581e-09	3.59006062725e-11
8.12907030213e-09	3.61012172847e-11
8.13012918845e-09	3.59354731302e-11
8.13118807478e-09	3.53540226608e-11
8.1322469611e-09	3.59630044928e-11
8.13330584742e-09	3.55654006679e-11
8.13436473374e-09	3.54759784917e-11
8.13542362007e-09	3.56688951379e-11
8.13648250639e-09	3.53484834719e-11
8.13754139271e-09	3.54915192288e-11
8.13860027904e-09	3.57786467554e-11
8.13965916536e-09	3.52522798279e-11
8.14071805168e-09	3.54929954784e-11
8.14177693801e-09	3.54567865953e-11
8.14283582433e-09	3.49799549135e-11
8.14389471065e-09	3.51153563692e-11
8.14495359698e-09	3.51174029092e-11
8.1460124833e-09	3.46404500137e-11
8.14707136962e-09	3.49874866492e-11
8.14813025594e-09	3.47379479782e-11
8.14918914227e-09	3.48407348978e-11
8.15024802859e-09	3.49902285965e-11
8.15130691491e-09	3.46591548864e-11
8.15236580124e-09	3.47894538698e-11
8.15342468756e-09	3.46273227106e-11
8.15448357388e-09	3.41967975204e-11
8.15554246021e-09	3.44381365872e-11
8.15660134653e-09	3.44966518458e-11
8.15766023285e-09	3.42046605883e-11
8.15871911917e-09	3.43979755704e-11
8.1597780055e-09	3.44544069924e-11
8.16083689182e-09	3.43166879462e-11
8.16189577814e-09	3.44680406179e-11
8.16295466447e-09	3.40971094675e-11
8.16401355079e-09	3.40047859662e-11
8.16507243711e-09	3.41975003003e-11
8.16613132344e-09	3.3646813417e-11
8.16719020976e-09	3.38557855795e-11
8.16824909608e-09	3.41039720336e-11
8.16930798241e-09	3.3458608063e-11
8.17036686873e-09	3.38255653955e-11
8.17142575505e-09	3.39568865648e-11
8.17248464137e-09	3.35043394938e-11
8.1735435277e-09	3.37403954602e-11
8.17460241402e-09	3.34944682667e-11
8.17566130034e-09	3.31845208864e-11
8.17672018667e-09	3.36128050307e-11
8.17777907299e-09	3.32372033542e-11
8.17883795931e-09	3.3302718222e-11
8.17989684564e-09	3.36311967858e-11
8.18095573196e-09	3.28786149782e-11
8.18201461828e-09	3.29796233725e-11
8.18307350461e-09	3.31071968885e-11
8.18413239093e-09	3.27593540402e-11
8.18519127725e-09	3.29413367244e-11
8.18625016357e-09	3.26949671763e-11
8.1873090499e-09	3.24741572608e-11
8.18836793622e-09	3.27697261687e-11
8.18942682254e-09	3.2491032434e-11
8.19048570887e-09	3.24279099666e-11
8.19154459519e-09	3.28856421261e-11
8.19260348151e-09	3.24540511652e-11
8.19366236784e-09	3.24052883052e-11
8.19472125416e-09	3.23869056573e-11
8.19578014048e-09	3.20088298315e-11
8.19683902681e-09	3.22468041852e-11
8.19789791313e-09	3.22456293438e-11
8.19895679945e-09	3.20402101118e-11
8.20001568577e-09	3.21545611318e-11
8.2010745721e-09	3.20092364073e-11
8.20213345842e-09	3.16618183494e-11
8.20319234474e-09	3.19389803233e-11
8.20425123107e-09	3.17766243006e-11
8.20531011739e-09	3.15459711304e-11
8.20636900371e-09	3.16505862318e-11
8.20742789004e-09	3.14261247233e-11
8.20848677636e-09	3.14594225236e-11
8.20954566268e-09	3.14166667941e-11
8.210604549e-09	3.12581427755e-11
8.21166343533e-09	3.1562613417e-11
8.21272232165e-09	3.13925187928e-11
8.21378120797e-09	3.12627248308e-11
8.2148400943e-09	3.12526671209e-11
8.21589898062e-09	3.09567642787e-11
8.21695786694e-09	3.08937333181e-11
8.21801675327e-09	3.11811707097e-11
8.21907563959e-09	3.08623695176e-11
8.22013452591e-09	3.08522012191e-11
8.22119341224e-09	3.08681134039e-11
8.22225229856e-09	3.06083318413e-11
8.22331118488e-09	3.07108453251e-11
8.2243700712e-09	3.05745962402e-11
8.22542895753e-09	3.04065874042e-11
8.22648784385e-09	3.08997105247e-11
8.22754673017e-09	3.04521837434e-11
8.2286056165e-09	3.03039167111e-11
8.22966450282e-09	3.05515513062e-11
8.23072338914e-09	2.99640024164e-11
8.23178227547e-09	2.99992576353e-11
8.23284116179e-09	3.03270089163e-11
8.23390004811e-09	3.00764886087e-11
8.23495893444e-09	3.00030313094e-11
8.23601782076e-09	3.01143697652e-11
8.23707670708e-09	2.980684536e-11
8.2381355934e-09	2.98198184895e-11
8.23919447973e-09	2.95850054524e-11
8.24025336605e-09	2.93883350815e-11
8.24131225237e-09	2.96959670396e-11
8.2423711387e-09	2.94629951946e-11
8.24343002502e-09	2.92957962576e-11
8.24448891134e-09	2.96309359427e-11
8.24554779767e-09	2.93459191409e-11
8.24660668399e-09	2.92263656852e-11
8.24766557031e-09	2.94469876001e-11
8.24872445664e-09	2.89855270862e-11
8.24978334296e-09	2.91404795259e-11
8.25084222928e-09	2.93169165159e-11
8.2519011156e-09	2.87996436595e-11
8.25296000193e-09	2.90207491285e-11
8.25401888825e-09	2.89018782865e-11
8.25507777457e-09	2.86225502934e-11
8.2561366609e-09	2.89853356161e-11
8.25719554722e-09	2.84967056462e-11
8.25825443354e-09	2.82456722941e-11
8.25931331987e-09	2.87806111408e-11
8.26037220619e-09	2.84475251515e-11
8.26143109251e-09	2.83878508808e-11
8.26248997883e-09	2.84831800073e-11
8.26354886516e-09	2.79587264798e-11
8.26460775148e-09	2.80714681101e-11
8.2656666378e-09	2.82783965515e-11
8.26672552413e-09	2.75768717757e-11
8.26778441045e-09	2.80554288568e-11
8.26884329677e-09	2.76576990477e-11
8.2699021831e-09	2.76470153195e-11
8.27096106942e-09	2.78286306759e-11
8.27201995574e-09	2.75208072477e-11
8.27307884207e-09	2.74457316683e-11
8.27413772839e-09	2.77720910505e-11
8.27519661471e-09	2.71613239712e-11
8.27625550103e-09	2.72409163369e-11
8.27731438736e-09	2.72938750594e-11
8.27837327368e-09	2.69755877792e-11
8.27943216e-09	2.70725629414e-11
8.28049104633e-09	2.69482628486e-11
8.28154993265e-09	2.68410001256e-11
8.28260881897e-09	2.72153380561e-11
8.2836677053e-09	2.67970569779e-11
8.28472659162e-09	2.65547625122e-11
8.28578547794e-09	2.68101888346e-11
8.28684436427e-09	2.63263152597e-11
8.28790325059e-09	2.65897592572e-11
8.28896213691e-09	2.66544065465e-11
8.29002102323e-09	2.6225080484e-11
8.29107990956e-09	2.64282966171e-11
8.29213879588e-09	2.65048085476e-11
8.2931976822e-09	2.58991005725e-11
8.29425656853e-09	2.59385314876e-11
8.29531545485e-09	2.57196206607e-11
8.29637434117e-09	2.56251948914e-11
8.2974332275e-09	2.59428147367e-11
8.29849211382e-09	2.5814810142e-11
8.29955100014e-09	2.54163977191e-11
8.30060988646e-09	2.54734597131e-11
8.30166877279e-09	2.52723445469e-11
8.30272765911e-09	2.51965074239e-11
8.30378654543e-09	2.52791407598e-11
8.30484543176e-09	2.4961949608e-11
8.30590431808e-09	2.52417687446e-11
8.3069632044e-09	2.5289380182e-11
8.30802209073e-09	2.49180389864e-11
8.30908097705e-09	2.50042543094e-11
8.31013986337e-09	2.47403774984e-11
8.3111987497e-09	2.45678527435e-11
8.31225763602e-09	2.47903403534e-11
8.31331652234e-09	2.41999161595e-11
8.31437540866e-09	2.41591009351e-11
8.31543429499e-09	2.46071641796e-11
8.31649318131e-09	2.42804092804e-11
8.31755206763e-09	2.41177520663e-11
8.31861095396e-09	2.41462887011e-11
8.31966984028e-09	2.390496503e-11
8.3207287266e-09	2.4229035011e-11
8.32178761293e-09	2.44127094842e-11
8.32284649925e-09	2.36213405606e-11
8.32390538557e-09	2.39527857184e-11
8.3249642719e-09	2.35764422308e-11
8.32602315822e-09	2.3436715459e-11
8.32708204454e-09	2.3568961019e-11
8.32814093086e-09	2.29648750103e-11
8.32919981719e-09	2.29655591419e-11
8.33025870351e-09	2.32155033045e-11
8.33131758983e-09	2.28360430609e-11
8.33237647616e-09	2.31432481686e-11
8.33343536248e-09	2.27665972012e-11
8.3344942488e-09	2.25516485911e-11
8.33555313513e-09	2.3051652167e-11
8.33661202145e-09	2.28545789065e-11
8.33767090777e-09	2.2689789392e-11
8.3387297941e-09	2.26015718727e-11
8.33978868042e-09	2.20984516493e-11
8.34084756674e-09	2.20441140385e-11
8.34190645306e-09	2.2248106352e-11
8.34296533939e-09	2.19019537749e-11
8.34402422571e-09	2.20912941802e-11
8.34508311203e-09	2.22223511294e-11
8.34614199836e-09	2.16506274714e-11
8.34720088468e-09	2.21369073246e-11
8.348259771e-09	2.19501691129e-11
8.34931865733e-09	2.17061010008e-11
8.35037754365e-09	2.17211356323e-11
8.35143642997e-09	2.13260218946e-11
8.35249531629e-09	2.15071878492e-11
8.35355420262e-09	2.15674591901e-11
8.35461308894e-09	2.13726886666e-11
8.35567197526e-09	2.12412272016e-11
8.35673086159e-09	2.16408863486e-11
8.35778974791e-09	2.13205086181e-11
8.35884863423e-09	2.12022833101e-11
8.35990752056e-09	2.11717987976e-11
8.36096640688e-09	2.08289688665e-11
8.3620252932e-09	2.06641873751e-11
8.36308417953e-09	2.08449668117e-11
8.36414306585e-09	2.05411581841e-11
8.36520195217e-09	2.05976615972e-11
8.36626083849e-09	2.00597689501e-11
8.36731972482e-09	2.02362544039e-11
8.36837861114e-09	2.04493255012e-11
8.36943749746e-09	2.02356661158e-11
8.37049638379e-09	2.0206345386e-11
8.37155527011e-09	2.05525699541e-11
8.37261415643e-09	1.98371586085e-11
8.37367304276e-09	1.9870953407e-11
8.37473192908e-09	1.9948194355e-11
8.3757908154e-09	1.96748096331e-11
8.37684970173e-09	1.96022873497e-11
8.37790858805e-09	1.94847285008e-11
8.37896747437e-09	1.92170679326e-11
8.38002636069e-09	1.93871362106e-11
8.38108524702e-09	1.94253778644e-11
8.38214413334e-09	1.9298102504e-11
8.38320301966e-09	1.94135170179e-11
8.38426190599e-09	1.87042193799e-11
8.38532079231e-09	1.90019855319e-11
8.38637967863e-09	1.8957331256e-11
8.38743856496e-09	1.84449211547e-11
8.38849745128e-09	1.84182634422e-11
8.3895563376e-09	1.86435117561e-11
8.39061522393e-09	1.845433886e-11
8.39167411025e-09	1.83956769088e-11
8.39273299657e-09	1.82869990852e-11
8.39379188289e-09	1.81752115528e-11
8.39485076922e-09	1.83712015869e-11
8.39590965554e-09	1.79734379506e-11
8.39696854186e-09	1.77914150426e-11
8.39802742819e-09	1.798745701e-11
8.39908631451e-09	1.77255257998e-11
8.40014520083e-09	1.77273393447e-11
8.40120408716e-09	1.79422040376e-11
8.40226297348e-09	1.74039925267e-11
8.4033218598e-09	1.75988966239e-11
8.40438074612e-09	1.76308425325e-11
8.40543963245e-09	1.73951300413e-11
8.40649851877e-09	1.73264963575e-11
8.40755740509e-09	1.70118419135e-11
8.40861629142e-09	1.6872845135e-11
8.40967517774e-09	1.72530507676e-11
8.41073406406e-09	1.67417553345e-11
8.41179295039e-09	1.6643468396e-11
8.41285183671e-09	1.68088544385e-11
8.41391072303e-09	1.62385109699e-11
8.41496960936e-09	1.64442624014e-11
8.41602849568e-09	1.65118961256e-11
8.417087382e-09	1.60187712704e-11
8.41814626832e-09	1.62671123316e-11
8.41920515465e-09	1.60777454718e-11
8.42026404097e-09	1.57040966602e-11
8.42132292729e-09	1.613044095e-11
8.42238181362e-09	1.59593461493e-11
8.42344069994e-09	1.56563444934e-11
8.42449958626e-09	1.56258323338e-11
8.42555847259e-09	1.55354624564e-11
8.42661735891e-09	1.54396109613e-11
8.42767624523e-09	1.53261351093e-11
8.42873513156e-09	1.50136013647e-11
8.42979401788e-09	1.52464433223e-11
8.4308529042e-09	1.51302483997e-11
8.43191179052e-09	1.51029804982e-11
8.43297067685e-09	1.52043365962e-11
8.43402956317e-09	1.49288292232e-11
8.43508844949e-09	1.4581031803e-11
8.43614733582e-09	1.50666217783e-11
8.43720622214e-09	1.46807942322e-11
8.43826510846e-09	1.43909030742e-11
8.43932399479e-09	1.44415757564e-11
8.44038288111e-09	1.41375171119e-11
8.44144176743e-09	1.41022215606e-11
8.44250065375e-09	1.40367686008e-11
8.44355954008e-09	1.39440182491e-11
8.4446184264e-09	1.42910813392e-11
8.44567731272e-09	1.41454720116e-11
8.44673619905e-09	1.36650339481e-11
8.44779508537e-09	1.39850991031e-11
8.44885397169e-09	1.34433882212e-11
8.44991285802e-09	1.3424190687e-11
8.45097174434e-09	1.35502390558e-11
8.45203063066e-09	1.31517918301e-11
8.45308951699e-09	1.325111635e-11
8.45414840331e-09	1.34563918168e-11
8.45520728963e-09	1.27112415645e-11
8.45626617595e-09	1.298581815e-11
8.45732506228e-09	1.29674430915e-11
8.4583839486e-09	1.27614180074e-11
8.45944283492e-09	1.26597803421e-11
8.46050172125e-09	1.27227304213e-11
8.46156060757e-09	1.21960046229e-11
8.46261949389e-09	1.23853877458e-11
8.46367838022e-09	1.22829120464e-11
8.46473726654e-09	1.22112647685e-11
8.46579615286e-09	1.2109688469e-11
8.46685503919e-09	1.19134959059e-11
8.46791392551e-09	1.18022682556e-11
8.46897281183e-09	1.22711809247e-11
8.47003169815e-09	1.14344462718e-11
8.47109058448e-09	1.17890854414e-11
8.4721494708e-09	1.14781766448e-11
8.47320835712e-09	1.12779868994e-11
8.47426724345e-09	1.13286326934e-11
8.47532612977e-09	1.11924520758e-11
8.47638501609e-09	1.13464922679e-11
8.47744390242e-09	1.14918256118e-11
8.47850278874e-09	1.09573677714e-11
8.47956167506e-09	1.08244505481e-11
8.48062056139e-09	1.07351476883e-11
8.48167944771e-09	1.02079294453e-11
8.48273833403e-09	1.04634444013e-11
8.48379722035e-09	1.09162929347e-11
8.48485610668e-09	1.02904975665e-11
8.485914993e-09	1.06143381844e-11
8.48697387932e-09	1.05156786057e-11
8.48803276565e-09	1.04158165383e-11
8.48909165197e-09	1.03659108749e-11
8.49015053829e-09	9.99895538546e-12
8.49120942462e-09	9.95104232305e-12
8.49226831094e-09	1.02045516134e-11
8.49332719726e-09	9.70575665194e-12
8.49438608358e-09	9.39450616909e-12
8.49544496991e-09	9.99066834036e-12
8.49650385623e-09	8.96886232817e-12
8.49756274255e-09	9.35856871599e-12
8.49862162888e-09	9.40982513263e-12
8.4996805152e-09	9.15281706763e-12
8.50073940152e-09	9.62937612677e-12
8.50179828785e-09	9.15541790601e-12
8.50285717417e-09	9.10607478094e-12
8.50391606049e-09	9.1687367876e-12
8.50497494682e-09	8.44299716946e-12
8.50603383314e-09	8.55106165997e-12
8.50709271946e-09	8.78348039917e-12
8.50815160578e-09	8.31649874834e-12
8.50921049211e-09	8.5533468871e-12
8.51026937843e-09	8.82821626132e-12
8.51132826475e-09	7.95514798783e-12
8.51238715108e-09	7.83228050558e-12
8.5134460374e-09	7.76013259728e-12
8.51450492372e-09	7.29666858618e-12
8.51556381005e-09	8.02385236162e-12
8.51662269637e-09	7.31653778362e-12
8.51768158269e-09	7.44255964366e-12
8.51874046902e-09	7.54864340523e-12
8.51979935534e-09	7.18244360471e-12
8.52085824166e-09	7.04200499996e-12
8.52191712798e-09	7.5115978433e-12
8.52297601431e-09	6.89132681041e-12
8.52403490063e-09	7.16436908714e-12
8.52509378695e-09	6.93513231868e-12
8.52615267328e-09	6.79586199598e-12
8.5272115596e-09	6.90186422554e-12
8.52827044592e-09	6.3806377174e-12
8.52932933225e-09	6.10074572241e-12
8.53038821857e-09	6.52066719847e-12
8.53144710489e-09	6.42113174697e-12
8.53250599122e-09	6.31600555277e-12
8.53356487754e-09	6.39876582167e-12
8.53462376386e-09	5.62434373705e-12
8.53568265018e-09	5.64180988169e-12
8.53674153651e-09	5.8194679544e-12
8.53780042283e-09	5.60551700001e-12
8.53885930915e-09	5.87871439896e-12
8.53991819548e-09	5.82620952351e-12
8.5409770818e-09	5.38759997986e-12
8.54203596812e-09	5.83060932435e-12
8.54309485445e-09	4.7855973199e-12
8.54415374077e-09	4.51820281492e-12
8.54521262709e-09	4.90730101953e-12
8.54627151341e-09	4.71194619238e-12
8.54733039974e-09	4.50321282542e-12
8.54838928606e-09	4.81749387019e-12
8.54944817238e-09	4.51440290315e-12
8.55050705871e-09	4.58994425584e-12
8.55156594503e-09	4.55131055456e-12
8.55262483135e-09	4.28826454056e-12
8.55368371768e-09	4.34246437636e-12
8.554742604e-09	4.44588007902e-12
8.55580149032e-09	3.73801740971e-12
8.55686037665e-09	4.43221615009e-12
8.55791926297e-09	4.13701917775e-12
8.55897814929e-09	3.60276814892e-12
8.56003703561e-09	3.9830053318e-12
8.56109592194e-09	3.74590771813e-12
8.56215480826e-09	3.53877850959e-12
8.56321369458e-09	3.57679421563e-12
8.56427258091e-09	3.44615476563e-12
8.56533146723e-09	3.6921298538e-12
8.56639035355e-09	3.58200329207e-12
8.56744923988e-09	3.14481923033e-12
8.5685081262e-09	3.33433001804e-12
8.56956701252e-09	3.30202447958e-12
8.57062589885e-09	2.84455298942e-12
8.57168478517e-09	3.15968703025e-12
8.57274367149e-09	2.68108809893e-12
8.57380255781e-09	2.13929075192e-12
8.57486144414e-09	2.47593622444e-12
8.57592033046e-09	2.58480976694e-12
8.57697921678e-09	2.21914350231e-12
8.57803810311e-09	2.45044062082e-12
8.57909698943e-09	2.28349861264e-12
8.58015587575e-09	2.26815827676e-12
8.58121476208e-09	2.16085999192e-12
8.5822736484e-09	2.05848478454e-12
8.58333253472e-09	2.28382055292e-12
8.58439142104e-09	2.0508305747e-12
8.58545030737e-09	1.26342838779e-12
8.58650919369e-09	1.89038520081e-12
8.58756808001e-09	1.27954199699e-12
8.58862696634e-09	1.28541321603e-12
8.58968585266e-09	1.50255411683e-12
8.59074473898e-09	1.20863308443e-12
8.59180362531e-09	1.45662044167e-12
8.59286251163e-09	1.26548595279e-12
8.59392139795e-09	8.36788866416e-13
8.59498028428e-09	1.07346468818e-12
8.5960391706e-09	7.37102849732e-13
8.59709805692e-09	5.96607329444e-13
8.59815694324e-09	7.77146833757e-13
8.59921582957e-09	3.9809376905e-13
8.60027471589e-09	3.91868612212e-15
8.60133360221e-09	4.43042548178e-14
8.60239248854e-09	-5.64261084282e-13
8.60345137486e-09	-2.87305585647e-13
8.60451026118e-09	2.76694320261e-13
8.60556914751e-09	-5.91777562825e-13
8.60662803383e-09	1.04329319164e-14
8.60768692015e-09	-1.10617884888e-13
8.60874580648e-09	-6.66705277411e-13
8.6098046928e-09	-4.38540859442e-13
8.61086357912e-09	-4.87094339743e-13
8.61192246544e-09	-9.82587709114e-13
8.61298135177e-09	-6.07101676331e-13
8.61404023809e-09	-7.21025964493e-13
8.61509912441e-09	-9.01774172642e-13
8.61615801074e-09	-9.04738916706e-13
8.61721689706e-09	-1.30620855928e-12
8.61827578338e-09	-1.51512676916e-12
8.61933466971e-09	-9.83207276446e-13
8.62039355603e-09	-1.61341011623e-12
8.62145244235e-09	-1.22464781778e-12
8.62251132868e-09	-1.366471152e-12
8.623570215e-09	-1.94566755827e-12
8.62462910132e-09	-1.8532158772e-12
8.62568798764e-09	-1.73712755369e-12
8.62674687397e-09	-2.15978394837e-12
8.62780576029e-09	-1.84883285439e-12
8.62886464661e-09	-2.31150360896e-12
8.62992353294e-09	-2.33052510938e-12
8.63098241926e-09	-1.96444772884e-12
8.63204130558e-09	-2.77652740751e-12
8.63310019191e-09	-2.66550328901e-12
8.63415907823e-09	-2.32940155066e-12
8.63521796455e-09	-2.6952515198e-12
8.63627685087e-09	-3.17228750592e-12
8.6373357372e-09	-2.73873152347e-12
8.63839462352e-09	-2.7093480996e-12
8.63945350984e-09	-2.6758968034e-12
8.64051239617e-09	-3.07435800179e-12
8.64157128249e-09	-3.33180038463e-12
8.64263016881e-09	-3.03802504529e-12
8.64368905514e-09	-3.35671819659e-12
8.64474794146e-09	-3.75068560736e-12
8.64580682778e-09	-3.56340719193e-12
8.64686571411e-09	-3.75453693743e-12
8.64792460043e-09	-3.60695536481e-12
8.64898348675e-09	-3.61988753859e-12
8.65004237307e-09	-3.70471700734e-12
8.6511012594e-09	-3.5654094694e-12
8.65216014572e-09	-4.24067210384e-12
8.65321903204e-09	-4.36577821963e-12
8.65427791837e-09	-4.27905806491e-12
8.65533680469e-09	-4.04403301211e-12
8.65639569101e-09	-4.25455224978e-12
8.65745457734e-09	-4.51237181301e-12
8.65851346366e-09	-5.07905772561e-12
8.65957234998e-09	-5.46792228466e-12
8.66063123631e-09	-5.314130917e-12
8.66169012263e-09	-4.79611082837e-12
8.66274900895e-09	-5.38476630906e-12
8.66380789527e-09	-5.58171244685e-12
8.6648667816e-09	-5.81316635453e-12
8.66592566792e-09	-5.72300019874e-12
8.66698455424e-09	-5.96302773327e-12
8.66804344057e-09	-5.42783117172e-12
8.66910232689e-09	-5.37076698219e-12
8.67016121321e-09	-5.27510752636e-12
8.67122009954e-09	-6.02179384915e-12
8.67227898586e-09	-6.27249635695e-12
8.67333787218e-09	-6.18762061987e-12
8.67439675851e-09	-6.31656857895e-12
8.67545564483e-09	-6.18461575355e-12
8.67651453115e-09	-6.08076341558e-12
8.67757341747e-09	-5.8476739076e-12
8.6786323038e-09	-6.26082497478e-12
8.67969119012e-09	-7.14057767992e-12
8.68075007644e-09	-7.07408074176e-12
8.68180896277e-09	-7.17487587355e-12
8.68286784909e-09	-7.30325603595e-12
8.68392673541e-09	-6.97900976376e-12
8.68498562174e-09	-7.38972414076e-12
8.68604450806e-09	-7.32441603028e-12
8.68710339438e-09	-6.65166993751e-12
8.6881622807e-09	-7.01791749713e-12
8.68922116703e-09	-7.09855519634e-12
8.69028005335e-09	-6.93697632973e-12
8.69133893967e-09	-7.79853693558e-12
8.692397826e-09	-7.47048072274e-12
8.69345671232e-09	-8.16465086729e-12
8.69451559864e-09	-8.63569827626e-12
8.69557448497e-09	-8.44500765975e-12
8.69663337129e-09	-8.25303952783e-12
8.69769225761e-09	-7.85364302888e-12
8.69875114394e-09	-7.61036833595e-12
8.69981003026e-09	-7.67680428775e-12
8.70086891658e-09	-7.90900943912e-12
8.7019278029e-09	-8.19821787497e-12
8.70298668923e-09	-8.77933609058e-12
8.70404557555e-09	-9.19024182927e-12
8.70510446187e-09	-9.08388674611e-12
8.7061633482e-09	-9.77903310629e-12
8.70722223452e-09	-9.08845438144e-12
8.70828112084e-09	-9.21255666154e-12
8.70934000717e-09	-9.36694423198e-12
8.71039889349e-09	-8.58225041598e-12
8.71145777981e-09	-8.61306105647e-12
8.71251666614e-09	-8.68501050157e-12
8.71357555246e-09	-9.25874871563e-12
8.71463443878e-09	-1.00704630182e-11
8.7156933251e-09	-1.0345660743e-11
8.71675221143e-09	-1.03708337491e-11
8.71781109775e-09	-1.0478440381e-11
8.71886998407e-09	-9.97914603599e-12
8.7199288704e-09	-9.74757134817e-12
8.72098775672e-09	-1.01136929777e-11
8.72204664304e-09	-9.76564705837e-12
8.72310552937e-09	-9.79759443064e-12
8.72416441569e-09	-1.01178096392e-11
8.72522330201e-09	-1.02544954949e-11
8.72628218833e-09	-1.08072994998e-11
8.72734107466e-09	-1.11952004741e-11
8.72839996098e-09	-1.10687175571e-11
8.7294588473e-09	-1.15019829598e-11
8.73051773363e-09	-1.09875943522e-11
8.73157661995e-09	-1.12475350756e-11
8.73263550627e-09	-1.16628012044e-11
8.7336943926e-09	-1.12340743804e-11
8.73475327892e-09	-1.04742413744e-11
8.73581216524e-09	-1.14121958411e-11
8.73687105157e-09	-1.15276834302e-11
8.73792993789e-09	-1.18684712665e-11
8.73898882421e-09	-1.19770221301e-11
8.74004771053e-09	-1.17961620289e-11
8.74110659686e-09	-1.26040407495e-11
8.74216548318e-09	-1.24487177294e-11
8.7432243695e-09	-1.20097108799e-11
8.74428325583e-09	-1.22164950139e-11
8.74534214215e-09	-1.1931432513e-11
8.74640102847e-09	-1.20361827059e-11
8.7474599148e-09	-1.2913992575e-11
8.74851880112e-09	-1.17831174505e-11
8.74957768744e-09	-1.24393863266e-11
8.75063657377e-09	-1.34181009403e-11
8.75169546009e-09	-1.27358128384e-11
8.75275434641e-09	-1.38528931165e-11
8.75381323273e-09	-1.41177258686e-11
8.75487211906e-09	-1.31312389347e-11
8.75593100538e-09	-1.37584033793e-11
8.7569898917e-09	-1.36809177268e-11
8.75804877803e-09	-1.31174766145e-11
8.75910766435e-09	-1.37586561068e-11
8.76016655067e-09	-1.32962126552e-11
8.761225437e-09	-1.39799854635e-11
8.76228432332e-09	-1.46410331775e-11
8.76334320964e-09	-1.46359627976e-11
8.76440209597e-09	-1.45527777112e-11
8.76546098229e-09	-1.46209729436e-11
8.76651986861e-09	-1.42724812004e-11
8.76757875493e-09	-1.4446999261e-11
8.76863764126e-09	-1.39714950763e-11
8.76969652758e-09	-1.43513306707e-11
8.7707554139e-09	-1.45639558356e-11
8.77181430023e-09	-1.47649646415e-11
8.77287318655e-09	-1.47764732308e-11
8.77393207287e-09	-1.60041769334e-11
8.7749909592e-09	-1.57952116013e-11
8.77604984552e-09	-1.56185585298e-11
8.77710873184e-09	-1.5443266891e-11
8.77816761816e-09	-1.50347392956e-11
8.77922650449e-09	-1.51198348546e-11
8.78028539081e-09	-1.50227026999e-11
8.78134427713e-09	-1.50501187034e-11
8.78240316346e-09	-1.57442216816e-11
8.78346204978e-09	-1.6040006671e-11
8.7845209361e-09	-1.58922269875e-11
8.78557982243e-09	-1.67130762355e-11
8.78663870875e-09	-1.5980410246e-11
8.78769759507e-09	-1.59957162533e-11
8.7887564814e-09	-1.63555082021e-11
8.78981536772e-09	-1.59502688835e-11
8.79087425404e-09	-1.56213904659e-11
8.79193314036e-09	-1.6499238282e-11
8.79299202669e-09	-1.64578600314e-11
8.79405091301e-09	-1.69748950139e-11
8.79510979933e-09	-1.72732782938e-11
8.79616868566e-09	-1.67651909065e-11
8.79722757198e-09	-1.71792171417e-11
8.7982864583e-09	-1.72309045287e-11
8.79934534463e-09	-1.67339894112e-11
8.80040423095e-09	-1.74926844928e-11
8.80146311727e-09	-1.75255232418e-11
8.8025220036e-09	-1.72879724859e-11
8.80358088992e-09	-1.76686547337e-11
8.80463977624e-09	-1.75120590772e-11
8.80569866256e-09	-1.74282848353e-11
8.80675754889e-09	-1.83531168778e-11
8.80781643521e-09	-1.78297472272e-11
8.80887532153e-09	-1.79454297559e-11
8.80993420786e-09	-1.82422033208e-11
8.81099309418e-09	-1.77032521672e-11
8.8120519805e-09	-1.83932295393e-11
8.81311086683e-09	-1.82881185239e-11
8.81416975315e-09	-1.80843324257e-11
8.81522863947e-09	-1.86207811323e-11
8.8162875258e-09	-1.84406129689e-11
8.81734641212e-09	-1.8401891122e-11
8.81840529844e-09	-1.92883781863e-11
8.81946418476e-09	-1.90201397384e-11
8.82052307109e-09	-1.88448016957e-11
8.82158195741e-09	-1.94176825227e-11
8.82264084373e-09	-1.87433017241e-11
8.82369973006e-09	-1.89892884403e-11
8.82475861638e-09	-1.964596747e-11
8.8258175027e-09	-1.89147635271e-11
8.82687638903e-09	-1.95805238343e-11
8.82793527535e-09	-2.00135918038e-11
8.82899416167e-09	-1.98824409627e-11
8.83005304799e-09	-2.01854838183e-11
8.83111193432e-09	-2.02799401621e-11
8.83217082064e-09	-1.99875761558e-11
8.83322970696e-09	-2.00907122969e-11
8.83428859329e-09	-2.03153968257e-11
8.83534747961e-09	-2.02510545225e-11
8.83640636593e-09	-2.01338134533e-11
8.83746525226e-09	-2.03222288173e-11
8.83852413858e-09	-2.07881858429e-11
8.8395830249e-09	-2.09978540631e-11
8.84064191123e-09	-2.11468527151e-11
8.84170079755e-09	-2.16156465557e-11
8.84275968387e-09	-2.07071966995e-11
8.84381857019e-09	-2.07907609314e-11
8.84487745652e-09	-2.08722524941e-11
8.84593634284e-09	-2.08204030188e-11
8.84699522916e-09	-2.12026683103e-11
8.84805411549e-09	-2.18039917718e-11
8.84911300181e-09	-2.16223175432e-11
8.85017188813e-09	-2.16766281574e-11
8.85123077446e-09	-2.1815187894e-11
8.85228966078e-09	-2.18065440922e-11
8.8533485471e-09	-2.22675870798e-11
8.85440743343e-09	-2.20556050637e-11
8.85546631975e-09	-2.17066896142e-11
8.85652520607e-09	-2.19606418553e-11
8.85758409239e-09	-2.15548256327e-11
8.85864297872e-09	-2.22443274737e-11
8.85970186504e-09	-2.25696995815e-11
8.86076075136e-09	-2.25387549336e-11
8.86181963769e-09	-2.28360427356e-11
8.86287852401e-09	-2.28942112664e-11
8.86393741033e-09	-2.28041027901e-11
8.86499629666e-09	-2.29908342798e-11
8.86605518298e-09	-2.25833360259e-11
8.8671140693e-09	-2.25417876639e-11
8.86817295562e-09	-2.34304643829e-11
8.86923184195e-09	-2.29887508769e-11
8.87029072827e-09	-2.29827842955e-11
8.87134961459e-09	-2.3785374061e-11
8.87240850092e-09	-2.36785070717e-11
8.87346738724e-09	-2.43055382678e-11
8.87452627356e-09	-2.42725195412e-11
8.87558515989e-09	-2.37272317679e-11
8.87664404621e-09	-2.40889599934e-11
8.87770293253e-09	-2.39349675062e-11
8.87876181886e-09	-2.36357101425e-11
8.87982070518e-09	-2.44076848576e-11
8.8808795915e-09	-2.44175226913e-11
8.88193847782e-09	-2.42228539744e-11
8.88299736415e-09	-2.49031229665e-11
8.88405625047e-09	-2.4669278122e-11
8.88511513679e-09	-2.47024943903e-11
8.88617402312e-09	-2.48026156904e-11
8.88723290944e-09	-2.46227623794e-11
8.88829179576e-09	-2.44789698494e-11
8.88935068209e-09	-2.44366109379e-11
8.89040956841e-09	-2.41848956226e-11
8.89146845473e-09	-2.42718221823e-11
8.89252734106e-09	-2.49146016318e-11
8.89358622738e-09	-2.50017957726e-11
8.8946451137e-09	-2.56576869126e-11
8.89570400002e-09	-2.57231382462e-11
8.89676288635e-09	-2.60096818215e-11
8.89782177267e-09	-2.62485918417e-11
8.89888065899e-09	-2.53124071183e-11
8.89993954532e-09	-2.52659572951e-11
8.90099843164e-09	-2.52927058637e-11
8.90205731796e-09	-2.51049740892e-11
8.90311620429e-09	-2.59351153834e-11
8.90417509061e-09	-2.61459231002e-11
8.90523397693e-09	-2.59969836457e-11
8.90629286326e-09	-2.6516863141e-11
8.90735174958e-09	-2.66863406373e-11
8.9084106359e-09	-2.66720350233e-11
8.90946952222e-09	-2.68011478895e-11
8.91052840855e-09	-2.61375608657e-11
8.91158729487e-09	-2.56300293489e-11
8.91264618119e-09	-2.62230187651e-11
8.91370506752e-09	-2.61165219225e-11
8.91476395384e-09	-2.66629559143e-11
8.91582284016e-09	-2.72942840204e-11
8.91688172649e-09	-2.69147937444e-11
8.91794061281e-09	-2.73760369842e-11
8.91899949913e-09	-2.74267158464e-11
8.92005838545e-09	-2.72552360455e-11
8.92111727178e-09	-2.73838612376e-11
8.9221761581e-09	-2.707493626e-11
8.92323504442e-09	-2.6668472335e-11
8.92429393075e-09	-2.71780035543e-11
8.92535281707e-09	-2.69207503512e-11
8.92641170339e-09	-2.7571693843e-11
8.92747058972e-09	-2.79800132716e-11
8.92852947604e-09	-2.8231721648e-11
8.92958836236e-09	-2.86013066529e-11
8.93064724869e-09	-2.81948763382e-11
8.93170613501e-09	-2.78458042215e-11
8.93276502133e-09	-2.84088280244e-11
8.93382390765e-09	-2.76413781187e-11
8.93488279398e-09	-2.76165533584e-11
8.9359416803e-09	-2.85666804881e-11
8.93700056662e-09	-2.84156437529e-11
8.93805945295e-09	-2.84504739646e-11
8.93911833927e-09	-2.92284807468e-11
8.94017722559e-09	-2.89584818798e-11
8.94123611192e-09	-2.91548690572e-11
8.94229499824e-09	-2.94691695091e-11
8.94335388456e-09	-2.85977563245e-11
8.94441277089e-09	-2.88770246864e-11
8.94547165721e-09	-2.87790275551e-11
8.94653054353e-09	-2.87439043921e-11
8.94758942985e-09	-2.97521332657e-11
8.94864831618e-09	-2.92879047837e-11
8.9497072025e-09	-2.92149915371e-11
8.95076608882e-09	-2.99038660587e-11
8.95182497515e-09	-2.985663149e-11
8.95288386147e-09	-2.97958626088e-11
8.95394274779e-09	-3.0056485946e-11
8.95500163412e-09	-2.93019239515e-11
8.95606052044e-09	-2.95463696912e-11
8.95711940676e-09	-3.01103126807e-11
8.95817829309e-09	-2.92574866244e-11
8.95923717941e-09	-2.98439740802e-11
8.96029606573e-09	-3.01380593658e-11
8.96135495205e-09	-2.99028917947e-11
8.96241383838e-09	-3.08089558639e-11
8.9634727247e-09	-3.05836903112e-11
8.96453161102e-09	-3.01412538591e-11
8.96559049735e-09	-3.08602885e-11
8.96664938367e-09	-3.04474477315e-11
8.96770826999e-09	-3.05512299487e-11
8.96876715632e-09	-3.09255858769e-11
8.96982604264e-09	-3.0021774346e-11
8.97088492896e-09	-3.0827724054e-11
8.97194381528e-09	-3.12711310839e-11
8.97300270161e-09	-3.07830269521e-11
8.97406158793e-09	-3.13138807419e-11
8.97512047425e-09	-3.12324263674e-11
8.97617936058e-09	-3.09415433813e-11
8.9772382469e-09	-3.19369554674e-11
8.97829713322e-09	-3.13065502341e-11
8.97935601955e-09	-3.11180202699e-11
8.98041490587e-09	-3.16966446579e-11
8.98147379219e-09	-3.14814266236e-11
8.98253267852e-09	-3.13142459012e-11
8.98359156484e-09	-3.23607011413e-11
8.98465045116e-09	-3.18345534395e-11
8.98570933748e-09	-3.22051751586e-11
8.98676822381e-09	-3.20621560985e-11
8.98782711013e-09	-3.16375504354e-11
8.98888599645e-09	-3.20887448557e-11
8.98994488278e-09	-3.19071034784e-11
8.9910037691e-09	-3.15021819394e-11
8.99206265542e-09	-3.22048466454e-11
8.99312154175e-09	-3.22029683735e-11
8.99418042807e-09	-3.26412265272e-11
8.99523931439e-09	-3.31455373131e-11
8.99629820072e-09	-3.29764863419e-11
8.99735708704e-09	-3.29073756092e-11
8.99841597336e-09	-3.2572420889e-11
8.99947485968e-09	-3.2461046004e-11
9.00053374601e-09	-3.29114480894e-11
9.00159263233e-09	-3.30148508358e-11
9.00265151865e-09	-3.27036735366e-11
9.00371040498e-09	-3.3213491419e-11
9.0047692913e-09	-3.30526615192e-11
9.00582817762e-09	-3.30692988184e-11
9.00688706395e-09	-3.3460676287e-11
9.00794595027e-09	-3.34649558498e-11
9.00900483659e-09	-3.33369974421e-11
9.01006372291e-09	-3.35631867351e-11
9.01112260924e-09	-3.29941672941e-11
9.01218149556e-09	-3.31771357349e-11
9.01324038188e-09	-3.37810820983e-11
9.01429926821e-09	-3.35420259276e-11
9.01535815453e-09	-3.40884430058e-11
9.01641704085e-09	-3.40323164615e-11
9.01747592718e-09	-3.37512470229e-11
9.0185348135e-09	-3.39084951523e-11
9.01959369982e-09	-3.38337383284e-11
9.02065258615e-09	-3.38234104353e-11
9.02171147247e-09	-3.41110113246e-11
9.02277035879e-09	-3.39333880005e-11
9.02382924511e-09	-3.41537204334e-11
9.02488813144e-09	-3.46756685865e-11
9.02594701776e-09	-3.42508367588e-11
9.02700590408e-09	-3.47852274329e-11
9.02806479041e-09	-3.5151620113e-11
9.02912367673e-09	-3.45079238621e-11
9.03018256305e-09	-3.47496981277e-11
9.03124144938e-09	-3.47339392491e-11
9.0323003357e-09	-3.45320302301e-11
9.03335922202e-09	-3.48997686219e-11
9.03441810835e-09	-3.47212269786e-11
9.03547699467e-09	-3.47541019401e-11
9.03653588099e-09	-3.53148176934e-11
9.03759476731e-09	-3.50858229189e-11
9.03865365364e-09	-3.51250064191e-11
9.03971253996e-09	-3.52775224397e-11
9.04077142628e-09	-3.51583820651e-11
9.04183031261e-09	-3.55958190441e-11
9.04288919893e-09	-3.55930898904e-11
9.04394808525e-09	-3.5338806317e-11
9.04500697158e-09	-3.54507332778e-11
9.0460658579e-09	-3.54055769078e-11
9.04712474422e-09	-3.53886470909e-11
9.04818363055e-09	-3.59002697362e-11
9.04924251687e-09	-3.59477523703e-11
9.05030140319e-09	-3.60248770918e-11
9.05136028951e-09	-3.62164501947e-11
9.05241917584e-09	-3.5654170805e-11
9.05347806216e-09	-3.58964780643e-11
9.05453694848e-09	-3.63609539613e-11
9.05559583481e-09	-3.60797552858e-11
9.05665472113e-09	-3.63094834147e-11
9.05771360745e-09	-3.65107473334e-11
9.05877249378e-09	-3.62126470303e-11
9.0598313801e-09	-3.63589930732e-11
9.06089026642e-09	-3.63578201833e-11
9.06194915274e-09	-3.65283873028e-11
9.06300803907e-09	-3.69042051692e-11
9.06406692539e-09	-3.65342361398e-11
9.06512581171e-09	-3.65926431951e-11
9.06618469804e-09	-3.6859560109e-11
9.06724358436e-09	-3.64522099571e-11
9.06830247068e-09	-3.7020611186e-11
9.06936135701e-09	-3.72598596941e-11
9.07042024333e-09	-3.674077622e-11
9.07147912965e-09	-3.70089390991e-11
9.07253801598e-09	-3.73086646212e-11
9.0735969023e-09	-3.69239502255e-11
9.07465578862e-09	-3.7474502234e-11
9.07571467494e-09	-3.76157416847e-11
9.07677356127e-09	-3.73815993351e-11
9.07783244759e-09	-3.75612687654e-11
9.07889133391e-09	-3.72805018193e-11
9.07995022024e-09	-3.7771228853e-11
9.08100910656e-09	-3.79687926065e-11
9.08206799288e-09	-3.77928051267e-11
9.08312687921e-09	-3.81480780125e-11
9.08418576553e-09	-3.81338198865e-11
9.08524465185e-09	-3.77326718048e-11
9.08630353818e-09	-3.82380236415e-11
9.0873624245e-09	-3.80981724033e-11
9.08842131082e-09	-3.81138191754e-11
9.08948019714e-09	-3.81903671014e-11
9.09053908347e-09	-3.78882929804e-11
9.09159796979e-09	-3.82742617981e-11
9.09265685611e-09	-3.86253292805e-11
9.09371574244e-09	-3.81243094819e-11
9.09477462876e-09	-3.86159979861e-11
9.09583351508e-09	-3.86690859455e-11
9.09689240141e-09	-3.85451872243e-11
9.09795128773e-09	-3.88622706064e-11
9.09901017405e-09	-3.86030844877e-11
9.10006906038e-09	-3.82812514327e-11
9.1011279467e-09	-3.86431338317e-11
9.10218683302e-09	-3.88417345162e-11
9.10324571934e-09	-3.89131346503e-11
9.10430460567e-09	-3.93564152622e-11
9.10536349199e-09	-3.93038292884e-11
9.10642237831e-09	-3.93008644291e-11
9.10748126464e-09	-3.9423528244e-11
9.10854015096e-09	-3.91118400687e-11
9.10959903728e-09	-3.93675500185e-11
9.11065792361e-09	-3.93005179181e-11
9.11171680993e-09	-3.89285151423e-11
9.11277569625e-09	-3.95595708969e-11
9.11383458257e-09	-3.94036327005e-11
9.1148934689e-09	-3.93843356365e-11
9.11595235522e-09	-4.01708811614e-11
9.11701124154e-09	-3.99867827652e-11
9.11807012787e-09	-3.97258825228e-11
9.11912901419e-09	-4.02721716652e-11
9.12018790051e-09	-3.96151739884e-11
9.12124678684e-09	-3.99174230996e-11
9.12230567316e-09	-4.01133295417e-11
9.12336455948e-09	-3.96311642357e-11
9.12442344581e-09	-4.02091775674e-11
9.12548233213e-09	-4.04425496998e-11
9.12654121845e-09	-4.01776936373e-11
9.12760010477e-09	-4.08347630883e-11
9.1286589911e-09	-4.05110352816e-11
9.12971787742e-09	-4.04235971953e-11
9.13077676374e-09	-4.06612480231e-11
9.13183565007e-09	-4.00800100574e-11
9.13289453639e-09	-4.01534549967e-11
9.13395342271e-09	-4.06617281078e-11
9.13501230904e-09	-4.04927196374e-11
9.13607119536e-09	-4.08733541804e-11
9.13713008168e-09	-4.08469597122e-11
9.13818896801e-09	-4.02063046485e-11
9.13924785433e-09	-4.10503668818e-11
9.14030674065e-09	-4.1153971073e-11
9.14136562697e-09	-4.08419160037e-11
9.1424245133e-09	-4.14288941694e-11
9.14348339962e-09	-4.10714851885e-11
9.14454228594e-09	-4.11058053915e-11
9.14560117227e-09	-4.14720881334e-11
9.14666005859e-09	-4.08820353872e-11
9.14771894491e-09	-4.11659248356e-11
9.14877783124e-09	-4.14990411826e-11
9.14983671756e-09	-4.132382392e-11
9.15089560388e-09	-4.19482545488e-11
9.1519544902e-09	-4.20281277228e-11
9.15301337653e-09	-4.14147798087e-11
9.15407226285e-09	-4.1922118988e-11
9.15513114917e-09	-4.18189278779e-11
9.1561900355e-09	-4.1215764959e-11
9.15724892182e-09	-4.15785956012e-11
9.15830780814e-09	-4.13869340275e-11
9.15936669447e-09	-4.16623144404e-11
9.16042558079e-09	-4.22034208795e-11
9.16148446711e-09	-4.17452546055e-11
9.16254335344e-09	-4.22708452442e-11
9.16360223976e-09	-4.22480594345e-11
9.16466112608e-09	-4.17411144711e-11
9.1657200124e-09	-4.23129602103e-11
9.16677889873e-09	-4.21936799735e-11
9.16783778505e-09	-4.17388120594e-11
9.16889667137e-09	-4.25613591679e-11
9.1699555577e-09	-4.22081070182e-11
9.17101444402e-09	-4.21486185797e-11
9.17207333034e-09	-4.28461263864e-11
9.17313221667e-09	-4.22996678916e-11
9.17419110299e-09	-4.2319200878e-11
9.17524998931e-09	-4.28895593086e-11
9.17630887564e-09	-4.23470794021e-11
9.17736776196e-09	-4.25869227036e-11
9.17842664828e-09	-4.29104911326e-11
9.1794855346e-09	-4.21346735714e-11
9.18054442093e-09	-4.25932962945e-11
9.18160330725e-09	-4.26389041262e-11
9.18266219357e-09	-4.28854215594e-11
9.1837210799e-09	-4.35007808854e-11
9.18477996622e-09	-4.28966454372e-11
9.18583885254e-09	-4.2588389846e-11
9.18689773887e-09	-4.31379385338e-11
9.18795662519e-09	-4.27249505306e-11
9.18901551151e-09	-4.32559413635e-11
9.19007439784e-09	-4.30745142246e-11
9.19113328416e-09	-4.29632104632e-11
9.19219217048e-09	-4.3352058705e-11
9.1932510568e-09	-4.33842363076e-11
9.19430994313e-09	-4.30914754834e-11
9.19536882945e-09	-4.37871132582e-11
9.19642771577e-09	-4.34567629277e-11
9.1974866021e-09	-4.31216579371e-11
9.19854548842e-09	-4.33834274928e-11
9.19960437474e-09	-4.3044527144e-11
9.20066326107e-09	-4.32258747025e-11
9.20172214739e-09	-4.35198702162e-11
9.20278103371e-09	-4.35404058727e-11
9.20383992003e-09	-4.39346935568e-11
9.20489880636e-09	-4.4083554732e-11
9.20595769268e-09	-4.34462706696e-11
9.207016579e-09	-4.42824926034e-11
9.20807546533e-09	-4.39324050229e-11
9.20913435165e-09	-4.34262836194e-11
9.21019323797e-09	-4.40333266811e-11
9.2112521243e-09	-4.35269010505e-11
9.21231101062e-09	-4.34309706254e-11
9.21336989694e-09	-4.40833593587e-11
9.21442878327e-09	-4.40970465438e-11
9.21548766959e-09	-4.4172380597e-11
9.21654655591e-09	-4.44174206964e-11
9.21760544223e-09	-4.39323373687e-11
9.21866432856e-09	-4.39816418962e-11
9.21972321488e-09	-4.40310539765e-11
9.2207821012e-09	-4.38437328977e-11
9.22184098753e-09	-4.42354664183e-11
9.22289987385e-09	-4.42900477578e-11
9.22395876017e-09	-4.40507806013e-11
9.2250176465e-09	-4.48260508573e-11
9.22607653282e-09	-4.43364782821e-11
9.22713541914e-09	-4.4405486883e-11
9.22819430547e-09	-4.49240263045e-11
9.22925319179e-09	-4.4277225766e-11
9.23031207811e-09	-4.42381992583e-11
9.23137096443e-09	-4.46921675015e-11
9.23242985076e-09	-4.43811690957e-11
9.23348873708e-09	-4.46118489372e-11
9.2345476234e-09	-4.47741388236e-11
9.23560650973e-09	-4.46193507489e-11
9.23666539605e-09	-4.48906601995e-11
9.23772428237e-09	-4.49887804961e-11
9.2387831687e-09	-4.49310701492e-11
9.23984205502e-09	-4.52693039305e-11
9.24090094134e-09	-4.48278842432e-11
9.24195982766e-09	-4.47023459915e-11
9.24301871399e-09	-4.50248369404e-11
9.24407760031e-09	-4.48186271082e-11
9.24513648663e-09	-4.50410262472e-11
9.24619537296e-09	-4.5351898452e-11
9.24725425928e-09	-4.48701145683e-11
9.2483131456e-09	-4.51663038567e-11
9.24937203193e-09	-4.53392189244e-11
9.25043091825e-09	-4.53769808187e-11
9.25148980457e-09	-4.54617285657e-11
9.2525486909e-09	-4.5062155396e-11
9.25360757722e-09	-4.49192126637e-11
9.25466646354e-09	-4.55344212856e-11
9.25572534986e-09	-4.50283796794e-11
9.25678423619e-09	-4.56649284358e-11
9.25784312251e-09	-4.5739492055e-11
9.25890200883e-09	-4.54593337799e-11
9.25996089516e-09	-4.55605566295e-11
9.26101978148e-09	-4.58687480359e-11
9.2620786678e-09	-4.55273848135e-11
9.26313755413e-09	-4.59388278286e-11
9.26419644045e-09	-4.58527213594e-11
9.26525532677e-09	-4.5569728763e-11
9.2663142131e-09	-4.58432480345e-11
9.26737309942e-09	-4.54813910058e-11
9.26843198574e-09	-4.56862815808e-11
9.26949087206e-09	-4.61793572132e-11
9.27054975839e-09	-4.59242943153e-11
9.27160864471e-09	-4.61838713973e-11
9.27266753103e-09	-4.63257062919e-11
9.27372641736e-09	-4.57768237379e-11
9.27478530368e-09	-4.62009545205e-11
9.27584419e-09	-4.63441858674e-11
9.27690307633e-09	-4.59244157459e-11
9.27796196265e-09	-4.65516431826e-11
9.27902084897e-09	-4.61149460632e-11
9.2800797353e-09	-4.59516847316e-11
9.28113862162e-09	-4.64424037422e-11
9.28219750794e-09	-4.63053809706e-11
9.28325639426e-09	-4.63385965883e-11
9.28431528059e-09	-4.63121385859e-11
9.28537416691e-09	-4.62396848241e-11
9.28643305323e-09	-4.65860063199e-11
9.28749193956e-09	-4.63308735994e-11
9.28855082588e-09	-4.58801894046e-11
9.2896097122e-09	-4.68085310096e-11
9.29066859853e-09	-4.64486739002e-11
9.29172748485e-09	-4.64886718531e-11
9.29278637117e-09	-4.71977825746e-11
9.29384525749e-09	-4.6593264403e-11
9.29490414382e-09	-4.6398987083e-11
9.29596303014e-09	-4.68757719273e-11
9.29702191646e-09	-4.62929278244e-11
9.29808080279e-09	-4.65225453647e-11
9.29913968911e-09	-4.67760010413e-11
9.30019857543e-09	-4.66688940097e-11
9.30125746176e-09	-4.68491400188e-11
9.30231634808e-09	-4.69425449033e-11
9.3033752344e-09	-4.65672001827e-11
9.30443412073e-09	-4.71690828757e-11
9.30549300705e-09	-4.67911382383e-11
9.30655189337e-09	-4.68408332954e-11
9.30761077969e-09	-4.73304459861e-11
9.30866966602e-09	-4.68163923427e-11
9.30972855234e-09	-4.68500294983e-11
9.31078743866e-09	-4.71893873803e-11
9.31184632499e-09	-4.65769775179e-11
9.31290521131e-09	-4.6941863157e-11
9.31396409763e-09	-4.72274862447e-11
9.31502298396e-09	-4.6888477042e-11
9.31608187028e-09	-4.72450763407e-11
9.3171407566e-09	-4.7439426519e-11
9.31819964293e-09	-4.69712884039e-11
9.31925852925e-09	-4.73986427364e-11
9.32031741557e-09	-4.71295186037e-11
9.32137630189e-09	-4.70569009106e-11
9.32243518822e-09	-4.73316693998e-11
9.32349407454e-09	-4.71260734429e-11
9.32455296086e-09	-4.74201858336e-11
9.32561184719e-09	-4.74089170699e-11
9.32667073351e-09	-4.70352073262e-11
9.32772961983e-09	-4.71935741354e-11
9.32878850616e-09	-4.76878814215e-11
9.32984739248e-09	-4.70708207655e-11
9.3309062788e-09	-4.75771084855e-11
9.33196516513e-09	-4.73060384268e-11
9.33302405145e-09	-4.69954227443e-11
9.33408293777e-09	-4.77067716928e-11
9.33514182409e-09	-4.75435472241e-11
9.33620071042e-09	-4.74139421301e-11
9.33725959674e-09	-4.79762414692e-11
9.33831848306e-09	-4.73695210661e-11
9.33937736939e-09	-4.75233207821e-11
9.34043625571e-09	-4.76452163313e-11
9.34149514203e-09	-4.73478535025e-11
9.34255402836e-09	-4.75222851522e-11
9.34361291468e-09	-4.76272289836e-11
9.344671801e-09	-4.71068180123e-11
9.34573068732e-09	-4.76059326508e-11
9.34678957365e-09	-4.76853977312e-11
9.34784845997e-09	-4.75238537759e-11
9.34890734629e-09	-4.79868081035e-11
9.34996623262e-09	-4.75091697753e-11
9.35102511894e-09	-4.76593985631e-11
9.35208400526e-09	-4.76670703776e-11
9.35314289159e-09	-4.73902080772e-11
9.35420177791e-09	-4.78292444712e-11
9.35526066423e-09	-4.80493184303e-11
9.35631955056e-09	-4.76553284681e-11
9.35737843688e-09	-4.81120586079e-11
9.3584373232e-09	-4.79639895509e-11
9.35949620952e-09	-4.77562520779e-11
9.36055509585e-09	-4.82076245242e-11
9.36161398217e-09	-4.78625845554e-11
9.36267286849e-09	-4.75338995595e-11
9.36373175482e-09	-4.7952490069e-11
9.36479064114e-09	-4.78369331994e-11
9.36584952746e-09	-4.79222460326e-11
9.36690841379e-09	-4.79125068613e-11
9.36796730011e-09	-4.80059186847e-11
9.36902618643e-09	-4.81346390697e-11
9.37008507276e-09	-4.81813317542e-11
9.37114395908e-09	-4.79661384396e-11
9.3722028454e-09	-4.81939462296e-11
9.37326173172e-09	-4.78995237571e-11
9.37432061805e-09	-4.77726239644e-11
9.37537950437e-09	-4.81380096375e-11
9.37643839069e-09	-4.7629033096e-11
9.37749727702e-09	-4.78657109608e-11
9.37855616334e-09	-4.8257768441e-11
9.37961504966e-09	-4.78449970615e-11
9.38067393599e-09	-4.79555097889e-11
9.38173282231e-09	-4.8121629511e-11
9.38279170863e-09	-4.8029877818e-11
9.38385059495e-09	-4.81791837328e-11
9.38490948128e-09	-4.8017857919e-11
9.3859683676e-09	-4.76530989148e-11
9.38702725392e-09	-4.81987336327e-11
9.38808614025e-09	-4.81290268056e-11
9.38914502657e-09	-4.7830356429e-11
9.39020391289e-09	-4.83560153725e-11
9.39126279922e-09	-4.80723468844e-11
9.39232168554e-09	-4.81252993186e-11
9.39338057186e-09	-4.82522364079e-11
9.39443945819e-09	-4.7785660845e-11
9.39549834451e-09	-4.79359755015e-11
9.39655723083e-09	-4.82568798289e-11
9.39761611715e-09	-4.79449362156e-11
9.39867500348e-09	-4.81275583622e-11
9.3997338898e-09	-4.81672106714e-11
9.40079277612e-09	-4.7702921474e-11
9.40185166245e-09	-4.84030294144e-11
9.40291054877e-09	-4.82097976991e-11
9.40396943509e-09	-4.812477283e-11
9.40502832142e-09	-4.82790743148e-11
9.40608720774e-09	-4.80585354498e-11
9.40714609406e-09	-4.80430938088e-11
9.40820498039e-09	-4.86187314366e-11
9.40926386671e-09	-4.81059332993e-11
9.41032275303e-09	-4.80554103455e-11
9.41138163935e-09	-4.8354658385e-11
9.41244052568e-09	-4.8150902536e-11
9.413499412e-09	-4.82124787142e-11
9.41455829832e-09	-4.82537074534e-11
9.41561718465e-09	-4.80609124547e-11
9.41667607097e-09	-4.85844780206e-11
9.41773495729e-09	-4.82940510499e-11
9.41879384362e-09	-4.806643061e-11
9.41985272994e-09	-4.82989759298e-11
9.42091161626e-09	-4.78765573193e-11
9.42197050259e-09	-4.81620008631e-11
9.42302938891e-09	-4.8470388727e-11
9.42408827523e-09	-4.79982733247e-11
9.42514716155e-09	-4.82515945602e-11
9.42620604788e-09	-4.84268376268e-11
9.4272649342e-09	-4.81382451262e-11
9.42832382052e-09	-4.8346809195e-11
9.42938270685e-09	-4.81987384032e-11
9.43044159317e-09	-4.81745112552e-11
9.43150047949e-09	-4.83234715264e-11
9.43255936582e-09	-4.79987390979e-11
9.43361825214e-09	-4.83548474699e-11
9.43467713846e-09	-4.85408904911e-11
9.43573602478e-09	-4.80842483885e-11
9.43679491111e-09	-4.84405076814e-11
9.43785379743e-09	-4.84046483451e-11
9.43891268375e-09	-4.80618361949e-11
9.43997157008e-09	-4.8417357363e-11
9.4410304564e-09	-4.82341662271e-11
9.44208934272e-09	-4.80288244072e-11
9.44314822905e-09	-4.85323018752e-11
9.44420711537e-09	-4.81629718746e-11
9.44526600169e-09	-4.8162710365e-11
9.44632488802e-09	-4.84186271806e-11
9.44738377434e-09	-4.80680560459e-11
9.44844266066e-09	-4.80648572158e-11
9.44950154698e-09	-4.82622487981e-11
9.45056043331e-09	-4.79075230007e-11
9.45161931963e-09	-4.83268156395e-11
9.45267820595e-09	-4.82360523052e-11
9.45373709228e-09	-4.80440999484e-11
9.4547959786e-09	-4.82740050191e-11
9.45585486492e-09	-4.80407272123e-11
9.45691375125e-09	-4.80794063416e-11
9.45797263757e-09	-4.86864151425e-11
9.45903152389e-09	-4.82281345936e-11
9.46009041022e-09	-4.81940416394e-11
9.46114929654e-09	-4.83700297697e-11
9.46220818286e-09	-4.78181209906e-11
9.46326706918e-09	-4.78805662653e-11
9.46432595551e-09	-4.84108213586e-11
9.46538484183e-09	-4.80421188942e-11
9.46644372815e-09	-4.82470556562e-11
9.46750261448e-09	-4.81138093776e-11
9.4685615008e-09	-4.77549493005e-11
9.46962038712e-09	-4.82554647283e-11
9.47067927345e-09	-4.81596910788e-11
9.47173815977e-09	-4.79569300937e-11
9.47279704609e-09	-4.83700041826e-11
9.47385593242e-09	-4.79426715341e-11
9.47491481874e-09	-4.76508845403e-11
9.47597370506e-09	-4.81378071085e-11
9.47703259138e-09	-4.76980911365e-11
9.47809147771e-09	-4.80183245596e-11
9.47915036403e-09	-4.8146778231e-11
9.48020925035e-09	-4.79312193234e-11
9.48126813668e-09	-4.82272542214e-11
9.482327023e-09	-4.81225289652e-11
9.48338590932e-09	-4.77483573513e-11
9.48444479565e-09	-4.82144853556e-11
9.48550368197e-09	-4.78738945188e-11
9.48656256829e-09	-4.77894672619e-11
9.48762145461e-09	-4.83064152915e-11
9.48868034094e-09	-4.75963387626e-11
9.48973922726e-09	-4.77262370249e-11
9.49079811358e-09	-4.8398527807e-11
9.49185699991e-09	-4.78106209137e-11
9.49291588623e-09	-4.7797479516e-11
9.49397477255e-09	-4.78719446896e-11
9.49503365888e-09	-4.75980704503e-11
9.4960925452e-09	-4.82433550573e-11
9.49715143152e-09	-4.77720450004e-11
9.49821031785e-09	-4.76692444198e-11
9.49926920417e-09	-4.81880377615e-11
9.50032809049e-09	-4.79797941828e-11
9.50138697681e-09	-4.79040145225e-11
9.50244586314e-09	-4.82123143491e-11
9.50350474946e-09	-4.75792343892e-11
9.50456363578e-09	-4.78395938315e-11
9.50562252211e-09	-4.78550064159e-11
9.50668140843e-09	-4.74037593033e-11
9.50774029475e-09	-4.76763832406e-11
9.50879918108e-09	-4.76564621099e-11
9.5098580674e-09	-4.73441455311e-11
9.51091695372e-09	-4.80083937014e-11
9.51197584005e-09	-4.77259785511e-11
9.51303472637e-09	-4.75124024325e-11
9.51409361269e-09	-4.79602811458e-11
9.51515249901e-09	-4.73541978199e-11
9.51621138534e-09	-4.76234772104e-11
9.51727027166e-09	-4.78608723833e-11
9.51832915798e-09	-4.73639070672e-11
9.51938804431e-09	-4.75922127229e-11
9.52044693063e-09	-4.75462156625e-11
9.52150581695e-09	-4.70614307073e-11
9.52256470328e-09	-4.77219782788e-11
9.5236235896e-09	-4.76762171409e-11
9.52468247592e-09	-4.73031440407e-11
9.52574136224e-09	-4.78131275891e-11
9.52680024857e-09	-4.75331375822e-11
9.52785913489e-09	-4.71687701918e-11
9.52891802121e-09	-4.76793747713e-11
9.52997690754e-09	-4.72431347515e-11
9.53103579386e-09	-4.72903760422e-11
9.53209468018e-09	-4.74628344439e-11
9.53315356651e-09	-4.69606224567e-11
9.53421245283e-09	-4.72752509882e-11
9.53527133915e-09	-4.75844481006e-11
9.53633022548e-09	-4.71694844642e-11
9.5373891118e-09	-4.78076545365e-11
9.53844799812e-09	-4.75845595566e-11
9.53950688444e-09	-4.69266990717e-11
9.54056577077e-09	-4.7357426574e-11
9.54162465709e-09	-4.72689790955e-11
9.54268354341e-09	-4.70324109519e-11
9.54374242974e-09	-4.73631390184e-11
9.54480131606e-09	-4.71667024014e-11
9.54586020238e-09	-4.72710989276e-11
9.54691908871e-09	-4.74182785051e-11
9.54797797503e-09	-4.70017124179e-11
9.54903686135e-09	-4.74635318028e-11
9.55009574768e-09	-4.73098318333e-11
9.551154634e-09	-4.68249310853e-11
9.55221352032e-09	-4.72604295108e-11
9.55327240664e-09	-4.68805840502e-11
9.55433129297e-09	-4.6585061763e-11
9.55539017929e-09	-4.72979294619e-11
9.55644906561e-09	-4.66463707938e-11
9.55750795194e-09	-4.68947550063e-11
9.55856683826e-09	-4.70689411926e-11
9.55962572458e-09	-4.69109833444e-11
9.56068461091e-09	-4.70597211373e-11
9.56174349723e-09	-4.71713072249e-11
9.56280238355e-09	-4.65217664739e-11
9.56386126988e-09	-4.69028010874e-11
9.5649201562e-09	-4.66036267736e-11
9.56597904252e-09	-4.6363290377e-11
9.56703792884e-09	-4.71232649256e-11
9.56809681517e-09	-4.64573635638e-11
9.56915570149e-09	-4.66358627063e-11
9.57021458781e-09	-4.69058841247e-11
9.57127347414e-09	-4.64405480217e-11
9.57233236046e-09	-4.64114827299e-11
9.57339124678e-09	-4.71064437457e-11
9.57445013311e-09	-4.64339612767e-11
9.57550901943e-09	-4.64543139199e-11
9.57656790575e-09	-4.65468314934e-11
9.57762679207e-09	-4.62756439071e-11
9.5786856784e-09	-4.64138306781e-11
9.57974456472e-09	-4.65574571083e-11
9.58080345104e-09	-4.64134516411e-11
9.58186233737e-09	-4.66114382335e-11
9.58292122369e-09	-4.60927034387e-11
9.58398011001e-09	-4.61013679488e-11
9.58503899634e-09	-4.67082726663e-11
9.58609788266e-09	-4.59480981908e-11
9.58715676898e-09	-4.61353828404e-11
9.58821565531e-09	-4.62744781729e-11
9.58927454163e-09	-4.58830447594e-11
9.59033342795e-09	-4.62992300748e-11
9.59139231427e-09	-4.62559096928e-11
9.5924512006e-09	-4.57757790007e-11
9.59351008692e-09	-4.63358895524e-11
9.59456897324e-09	-4.59843779808e-11
9.59562785957e-09	-4.59097629704e-11
9.59668674589e-09	-4.62342512365e-11
9.59774563221e-09	-4.58817111908e-11
9.59880451854e-09	-4.56677933316e-11
9.59986340486e-09	-4.63402020749e-11
9.60092229118e-09	-4.58107857204e-11
9.60198117751e-09	-4.57021191724e-11
9.60304006383e-09	-4.56979562698e-11
9.60409895015e-09	-4.53703643665e-11
9.60515783647e-09	-4.55780972859e-11
9.6062167228e-09	-4.55789410121e-11
9.60727560912e-09	-4.53720956205e-11
9.60833449544e-09	-4.59214567414e-11
9.60939338177e-09	-4.54387627784e-11
9.61045226809e-09	-4.55700368933e-11
9.61151115441e-09	-4.59649779176e-11
9.61257004074e-09	-4.53680877588e-11
9.61362892706e-09	-4.56019028962e-11
9.61468781338e-09	-4.58456376161e-11
9.61574669971e-09	-4.51147355151e-11
9.61680558603e-09	-4.55294833952e-11
9.61786447235e-09	-4.54393738348e-11
9.61892335867e-09	-4.49555536026e-11
9.619982245e-09	-4.54193783278e-11
9.62104113132e-09	-4.51892867744e-11
9.62210001764e-09	-4.50646807197e-11
9.62315890397e-09	-4.54070192904e-11
9.62421779029e-09	-4.50935285206e-11
9.62527667661e-09	-4.48118710108e-11
9.62633556294e-09	-4.53718208837e-11
9.62739444926e-09	-4.46844714008e-11
9.62845333558e-09	-4.51731636038e-11
9.6295122219e-09	-4.49968920631e-11
9.63057110823e-09	-4.45949531643e-11
9.63162999455e-09	-4.49593647901e-11
9.63268888087e-09	-4.49163167597e-11
9.6337477672e-09	-4.45757612679e-11
9.63480665352e-09	-4.51188591696e-11
9.63586553984e-09	-4.47075631724e-11
9.63692442617e-09	-4.43058467518e-11
9.63798331249e-09	-4.50994254962e-11
9.63904219881e-09	-4.44437253926e-11
9.64010108514e-09	-4.43338282752e-11
9.64115997146e-09	-4.46600892118e-11
9.64221885778e-09	-4.42247202401e-11
9.6432777441e-09	-4.43778317046e-11
9.64433663043e-09	-4.47067226989e-11
9.64539551675e-09	-4.43612572891e-11
9.64645440307e-09	-4.46714518675e-11
9.6475132894e-09	-4.45437753523e-11
9.64857217572e-09	-4.40335678076e-11
9.64963106204e-09	-4.4401531063e-11
9.65068994837e-09	-4.40139814786e-11
9.65174883469e-09	-4.39065240328e-11
9.65280772101e-09	-4.42577155479e-11
9.65386660734e-09	-4.38216171249e-11
9.65492549366e-09	-4.39395206418e-11
9.65598437998e-09	-4.42378230402e-11
9.6570432663e-09	-4.34228315197e-11
9.65810215263e-09	-4.40040224311e-11
9.65916103895e-09	-4.4021688855e-11
9.66021992527e-09	-4.35960952668e-11
9.6612788116e-09	-4.40753471047e-11
9.66233769792e-09	-4.37461245614e-11
9.66339658424e-09	-4.33737470853e-11
9.66445547057e-09	-4.38765003063e-11
9.66551435689e-09	-4.34010115173e-11
9.66657324321e-09	-4.32254035083e-11
9.66763212953e-09	-4.38393685503e-11
9.66869101586e-09	-4.33049553248e-11
9.66974990218e-09	-4.34503615813e-11
9.6708087885e-09	-4.34815065897e-11
9.67186767483e-09	-4.30009899216e-11
9.67292656115e-09	-4.3333761926e-11
9.67398544747e-09	-4.33522209017e-11
9.6750443338e-09	-4.27649656139e-11
9.67610322012e-09	-4.33651036087e-11
9.67716210644e-09	-4.31805045279e-11
9.67822099277e-09	-4.29045490542e-11
9.67927987909e-09	-4.33484405055e-11
9.68033876541e-09	-4.28165270166e-11
9.68139765173e-09	-4.28057281461e-11
9.68245653806e-09	-4.29187364901e-11
9.68351542438e-09	-4.25094076693e-11
9.6845743107e-09	-4.30048928326e-11
9.68563319703e-09	-4.30258734457e-11
9.68669208335e-09	-4.22104369686e-11
9.68775096967e-09	-4.28163938766e-11
9.688809856e-09	-4.24888600865e-11
9.68986874232e-09	-4.20995946437e-11
9.69092762864e-09	-4.25532467336e-11
9.69198651497e-09	-4.21793932247e-11
9.69304540129e-09	-4.20339947745e-11
9.69410428761e-09	-4.25271497705e-11
9.69516317393e-09	-4.23193403064e-11
9.69622206026e-09	-4.2446123439e-11
9.69728094658e-09	-4.24390132411e-11
9.6983398329e-09	-4.16926716675e-11
9.69939871923e-09	-4.22571676002e-11
9.70045760555e-09	-4.19672556255e-11
9.70151649187e-09	-4.17090871389e-11
9.7025753782e-09	-4.23486924781e-11
9.70363426452e-09	-4.20396668865e-11
9.70469315084e-09	-4.17424734101e-11
9.70575203717e-09	-4.19908255302e-11
9.70681092349e-09	-4.17469563693e-11
9.70786980981e-09	-4.16646361509e-11
9.70892869613e-09	-4.18718738068e-11
9.70998758246e-09	-4.14175579683e-11
9.71104646878e-09	-4.16039511869e-11
9.7121053551e-09	-4.17821753758e-11
9.71316424143e-09	-4.1190400266e-11
9.71422312775e-09	-4.15206066143e-11
9.71528201407e-09	-4.14275029212e-11
9.7163409004e-09	-4.0879845082e-11
9.71739978672e-09	-4.17838747543e-11
9.71845867304e-09	-4.1653519826e-11
9.71951755936e-09	-4.07946096608e-11
9.72057644569e-09	-4.14663125885e-11
9.72163533201e-09	-4.08592931624e-11
9.72269421833e-09	-4.08361339535e-11
9.72375310466e-09	-4.1110767568e-11
9.72481199098e-09	-4.06111797836e-11
9.7258708773e-09	-4.09463157824e-11
9.72692976363e-09	-4.10861576965e-11
9.72798864995e-09	-4.03363599032e-11
9.72904753627e-09	-4.09272004308e-11
9.7301064226e-09	-4.07269220518e-11
9.73116530892e-09	-4.04598594211e-11
9.73222419524e-09	-4.09741838982e-11
9.73328308156e-09	-4.06434048743e-11
9.73434196789e-09	-4.015377939e-11
9.73540085421e-09	-4.07153306296e-11
9.73645974053e-09	-4.00891136693e-11
9.73751862686e-09	-4.02983653391e-11
9.73857751318e-09	-4.05794185147e-11
9.7396363995e-09	-3.99295939195e-11
9.74069528583e-09	-4.03244074416e-11
9.74175417215e-09	-4.02071999826e-11
9.74281305847e-09	-3.9628793953e-11
9.7438719448e-09	-4.02180829872e-11
9.74493083112e-09	-4.01867783842e-11
9.74598971744e-09	-3.99098191561e-11
9.74704860376e-09	-4.02340866786e-11
9.74810749009e-09	-3.9629056113e-11
9.74916637641e-09	-3.97008214064e-11
9.75022526273e-09	-4.00680315749e-11
9.75128414906e-09	-3.94522301113e-11
9.75234303538e-09	-3.97996223651e-11
9.7534019217e-09	-3.99653138274e-11
9.75446080803e-09	-3.91940659615e-11
9.75551969435e-09	-3.9572343449e-11
9.75657858067e-09	-3.94463973204e-11
9.757637467e-09	-3.90355412924e-11
9.75869635332e-09	-3.94584083289e-11
9.75975523964e-09	-3.92673209487e-11
9.76081412596e-09	-3.9190616247e-11
9.76187301229e-09	-3.92589309586e-11
9.76293189861e-09	-3.88179070051e-11
9.76399078493e-09	-3.90417782738e-11
9.76504967126e-09	-3.91708868033e-11
9.76610855758e-09	-3.86778480337e-11
9.7671674439e-09	-3.88234084638e-11
9.76822633023e-09	-3.91110457822e-11
9.76928521655e-09	-3.83057919152e-11
9.77034410287e-09	-3.87110224518e-11
9.77140298919e-09	-3.84505814775e-11
9.77246187552e-09	-3.82694490247e-11
9.77352076184e-09	-3.87712459794e-11
9.77457964816e-09	-3.82558780661e-11
9.77563853449e-09	-3.83704277119e-11
9.77669742081e-09	-3.84584562547e-11
9.77775630713e-09	-3.8015294905e-11
9.77881519346e-09	-3.81466596592e-11
9.77987407978e-09	-3.83564000873e-11
9.7809329661e-09	-3.75673038684e-11
9.78199185243e-09	-3.80606611766e-11
9.78305073875e-09	-3.79949181926e-11
9.78410962507e-09	-3.74093527423e-11
9.78516851139e-09	-3.81104327783e-11
9.78622739772e-09	-3.79007008069e-11
9.78728628404e-09	-3.76244755837e-11
9.78834517036e-09	-3.80263906301e-11
9.78940405669e-09	-3.72708112203e-11
9.79046294301e-09	-3.75086910316e-11
9.79152182933e-09	-3.77407378353e-11
9.79258071566e-09	-3.69133514987e-11
9.79363960198e-09	-3.70986177976e-11
9.7946984883e-09	-3.75070495495e-11
9.79575737463e-09	-3.6659107824e-11
9.79681626095e-09	-3.71798976155e-11
9.79787514727e-09	-3.72102858508e-11
9.79893403359e-09	-3.66597490212e-11
9.79999291992e-09	-3.71633370778e-11
9.80105180624e-09	-3.67125080336e-11
9.80211069256e-09	-3.66760994405e-11
9.80316957889e-09	-3.70528889689e-11
9.80422846521e-09	-3.62900315267e-11
9.80528735153e-09	-3.64731493705e-11
9.80634623786e-09	-3.69365603641e-11
9.80740512418e-09	-3.61549583675e-11
9.8084640105e-09	-3.62227017044e-11
9.80952289682e-09	-3.65472153409e-11
9.81058178315e-09	-3.57732426581e-11
9.81164066947e-09	-3.60885724516e-11
9.81269955579e-09	-3.61616188382e-11
9.81375844212e-09	-3.56774319289e-11
9.81481732844e-09	-3.59000119129e-11
9.81587621476e-09	-3.59265135003e-11
9.81693510109e-09	-3.57324792585e-11
9.81799398741e-09	-3.57541234033e-11
9.81905287373e-09	-3.54206928545e-11
9.82011176006e-09	-3.53716376935e-11
9.82117064638e-09	-3.55367525771e-11
9.8222295327e-09	-3.51625159111e-11
9.82328841902e-09	-3.56772951026e-11
9.82434730535e-09	-3.54878635159e-11
9.82540619167e-09	-3.50607359985e-11
9.82646507799e-09	-3.54715367322e-11
9.82752396432e-09	-3.53147441845e-11
9.82858285064e-09	-3.47337037604e-11
9.82964173696e-09	-3.50845314172e-11
9.83070062329e-09	-3.4672614389e-11
9.83175950961e-09	-3.47566157712e-11
9.83281839593e-09	-3.49108942709e-11
9.83387728226e-09	-3.46158353717e-11
9.83493616858e-09	-3.4801476154e-11
9.8359950549e-09	-3.47621584296e-11
9.83705394122e-09	-3.43094413557e-11
9.83811282755e-09	-3.46946599054e-11
9.83917171387e-09	-3.45631476998e-11
9.84023060019e-09	-3.40618238909e-11
9.84128948652e-09	-3.44157053116e-11
9.84234837284e-09	-3.39784966656e-11
9.84340725916e-09	-3.38026499153e-11
9.84446614549e-09	-3.4391064432e-11
9.84552503181e-09	-3.36625222055e-11
9.84658391813e-09	-3.40220011451e-11
9.84764280446e-09	-3.4240923031e-11
9.84870169078e-09	-3.34234491212e-11
9.8497605771e-09	-3.37423433378e-11
9.85081946342e-09	-3.39351366018e-11
9.85187834975e-09	-3.28523586373e-11
9.85293723607e-09	-3.35518978052e-11
9.85399612239e-09	-3.34539080465e-11
9.85505500872e-09	-3.28722014886e-11
9.85611389504e-09	-3.34926459396e-11
9.85717278136e-09	-3.31327344033e-11
9.85823166769e-09	-3.30675311352e-11
9.85929055401e-09	-3.34314492322e-11
9.86034944033e-09	-3.24404197082e-11
9.86140832665e-09	-3.3010071239e-11
9.86246721298e-09	-3.30134949326e-11
9.8635260993e-09	-3.23589039678e-11
9.86458498562e-09	-3.27653297289e-11
9.86564387195e-09	-3.27497317459e-11
9.86670275827e-09	-3.20524631142e-11
9.86776164459e-09	-3.25496554623e-11
9.86882053092e-09	-3.24257836293e-11
9.86987941724e-09	-3.20105721444e-11
9.87093830356e-09	-3.25291193721e-11
9.87199718989e-09	-3.21343153909e-11
9.87305607621e-09	-3.19411270436e-11
9.87411496253e-09	-3.23707950636e-11
9.87517384885e-09	-3.18302725757e-11
9.87623273518e-09	-3.20418598338e-11
9.8772916215e-09	-3.20111493736e-11
9.87835050782e-09	-3.12445006933e-11
9.87940939415e-09	-3.17057443668e-11
9.88046828047e-09	-3.18353574839e-11
9.88152716679e-09	-3.13299325719e-11
9.88258605312e-09	-3.15412945328e-11
9.88364493944e-09	-3.14623830461e-11
9.88470382576e-09	-3.10955705629e-11
9.88576271209e-09	-3.16296923548e-11
9.88682159841e-09	-3.08716672018e-11
9.88788048473e-09	-3.12009563151e-11
9.88893937105e-09	-3.14828996206e-11
9.88999825738e-09	-3.06181781318e-11
9.8910571437e-09	-3.10777781547e-11
9.89211603002e-09	-3.110024651e-11
9.89317491635e-09	-3.041286732e-11
9.89423380267e-09	-3.09314418696e-11
9.89529268899e-09	-3.08077495806e-11
9.89635157532e-09	-3.03717058014e-11
9.89741046164e-09	-3.08577328186e-11
9.89846934796e-09	-3.00418357725e-11
9.89952823429e-09	-3.00377671954e-11
9.90058712061e-09	-3.05319840591e-11
9.90164600693e-09	-2.9903542316e-11
9.90270489325e-09	-3.02273475347e-11
9.90376377958e-09	-3.04599561719e-11
9.9048226659e-09	-2.97310895521e-11
9.90588155222e-09	-2.9999921167e-11
9.90694043855e-09	-3.00106920651e-11
9.90799932487e-09	-2.9388543682e-11
9.90905821119e-09	-2.9766802738e-11
9.91011709752e-09	-2.96510283774e-11
9.91117598384e-09	-2.94018832718e-11
9.91223487016e-09	-2.98534721249e-11
9.91329375648e-09	-2.91845581989e-11
9.91435264281e-09	-2.90252676494e-11
9.91541152913e-09	-2.97588052291e-11
9.91647041545e-09	-2.86928621054e-11
9.91752930178e-09	-2.89598620692e-11
9.9185881881e-09	-2.93993989309e-11
9.91964707442e-09	-2.86715943956e-11
9.92070596075e-09	-2.89074294016e-11
9.92176484707e-09	-2.90638422617e-11
9.92282373339e-09	-2.8531208212e-11
9.92388261972e-09	-2.88944499837e-11
9.92494150604e-09	-2.86679454047e-11
9.92600039236e-09	-2.82963520237e-11
9.92705927868e-09	-2.86751512292e-11
9.92811816501e-09	-2.80843347709e-11
9.92917705133e-09	-2.81183444584e-11
9.93023593765e-09	-2.85878447651e-11
9.93129482398e-09	-2.77438206957e-11
9.9323537103e-09	-2.83320426581e-11
9.93341259662e-09	-2.81178602537e-11
9.93447148295e-09	-2.75654713899e-11
9.93553036927e-09	-2.78988594379e-11
9.93658925559e-09	-2.77169042925e-11
9.93764814192e-09	-2.7603233501e-11
9.93870702824e-09	-2.79293198811e-11
9.93976591456e-09	-2.74223055288e-11
9.94082480088e-09	-2.70995517693e-11
9.94188368721e-09	-2.77000284689e-11
9.94294257353e-09	-2.68893199807e-11
9.94400145985e-09	-2.7222301453e-11
9.94506034618e-09	-2.73650197554e-11
9.9461192325e-09	-2.68048617157e-11
9.94717811882e-09	-2.7228124486e-11
9.94823700515e-09	-2.69237950077e-11
9.94929589147e-09	-2.66397091019e-11
9.95035477779e-09	-2.70678542514e-11
9.95141366411e-09	-2.64743682706e-11
9.95247255044e-09	-2.64229165891e-11
9.95353143676e-09	-2.68027238858e-11
9.95459032308e-09	-2.61276974448e-11
9.95564920941e-09	-2.6037849394e-11
9.95670809573e-09	-2.64327884667e-11
9.95776698205e-09	-2.58045401453e-11
9.95882586838e-09	-2.59539904759e-11
9.9598847547e-09	-2.61117176058e-11
9.96094364102e-09	-2.56811269299e-11
9.96200252735e-09	-2.59604514535e-11
9.96306141367e-09	-2.55208768615e-11
9.96412029999e-09	-2.53480177386e-11
9.96517918631e-09	-2.56796656422e-11
9.96623807264e-09	-2.51749888297e-11
9.96729695896e-09	-2.4900113655e-11
9.96835584528e-09	-2.55472292626e-11
9.96941473161e-09	-2.50673449012e-11
9.97047361793e-09	-2.51203285603e-11
9.97153250425e-09	-2.52965415542e-11
9.97259139058e-09	-2.44688824324e-11
9.9736502769e-09	-2.45949959617e-11
9.97470916322e-09	-2.47948887984e-11
9.97576804955e-09	-2.43422508713e-11
9.97682693587e-09	-2.47428353847e-11
9.97788582219e-09	-2.43633498792e-11
9.97894470851e-09	-2.4002183921e-11
9.98000359484e-09	-2.47141627909e-11
9.98106248116e-09	-2.42402621413e-11
9.98212136748e-09	-2.40095393653e-11
9.98318025381e-09	-2.42630364584e-11
9.98423914013e-09	-2.35624768394e-11
9.98529802645e-09	-2.35390103676e-11
9.98635691278e-09	-2.40345846524e-11
9.9874157991e-09	-2.32972491125e-11
9.98847468542e-09	-2.34450195803e-11
9.98953357175e-09	-2.3698155634e-11
9.99059245807e-09	-2.32048455971e-11
9.99165134439e-09	-2.35313055933e-11
9.99271023071e-09	-2.30018170309e-11
9.99376911704e-09	-2.27173951308e-11
9.99482800336e-09	-2.34924777114e-11
9.99588688968e-09	-2.29522115289e-11
9.99694577601e-09	-2.25215315147e-11
9.99800466233e-09	-2.30284443858e-11
9.99906354865e-09	-2.2244997836e-11
1.0000122435e-08	-2.25516893571e-11
1.00011813213e-08	-2.28207249105e-11
1.00022402076e-08	-2.22301742986e-11
1.00032990939e-08	-2.25380826198e-11
1.00043579803e-08	-2.24751048935e-11
1.00054168666e-08	-2.17630595619e-11
1.00064757529e-08	-2.20781565773e-11
1.00075346392e-08	-2.18379823773e-11
1.00085935256e-08	-2.14536523312e-11
1.00096524119e-08	-2.20105708833e-11
1.00107112982e-08	-2.13804758403e-11
1.00117701845e-08	-2.15986216542e-11
1.00128290709e-08	-2.18128659666e-11
1.00138879572e-08	-2.10349089492e-11
1.00149468435e-08	-2.13891129201e-11
1.00160057298e-08	-2.16634013245e-11
1.00170646161e-08	-2.08011165801e-11
1.00181235025e-08	-2.1298624431e-11
1.00191823888e-08	-2.11687975092e-11
1.00202412751e-08	-2.05386226689e-11
1.00213001614e-08	-2.12118375165e-11
1.00223590478e-08	-2.03591974009e-11
1.00234179341e-08	-2.05723630405e-11
1.00244768204e-08	-2.08610606003e-11
1.00255357067e-08	-2.01796215371e-11
1.00265945931e-08	-2.0291977842e-11
1.00276534794e-08	-2.04091408487e-11
1.00287123657e-08	-1.96980861527e-11
1.0029771252e-08	-2.00642288157e-11
1.00308301383e-08	-2.01531211424e-11
1.00318890247e-08	-1.97792120139e-11
1.0032947911e-08	-2.00832680564e-11
1.00340067973e-08	-1.96234702749e-11
1.00350656836e-08	-1.94227660214e-11
1.003612457e-08	-1.97718298981e-11
1.00371834563e-08	-1.92027309852e-11
1.00382423426e-08	-1.92346384046e-11
1.00393012289e-08	-1.94411198294e-11
1.00403601153e-08	-1.90186058091e-11
1.00414190016e-08	-1.94116236757e-11
1.00424778879e-08	-1.90707083372e-11
1.00435367742e-08	-1.84410053417e-11
1.00445956605e-08	-1.89183021462e-11
1.00456545469e-08	-1.87561210053e-11
1.00467134332e-08	-1.83808737545e-11
1.00477723195e-08	-1.8793931255e-11
1.00488312058e-08	-1.8412806219e-11
1.00498900922e-08	-1.81414062375e-11
1.00509489785e-08	-1.85921990694e-11
1.00520078648e-08	-1.79549255238e-11
1.00530667511e-08	-1.80853857281e-11
1.00541256375e-08	-1.82361425223e-11
1.00551845238e-08	-1.78012996054e-11
1.00562434101e-08	-1.76281738772e-11
1.00573022964e-08	-1.76400101123e-11
1.00583611827e-08	-1.72760552608e-11
1.00594200691e-08	-1.77508033229e-11
1.00604789554e-08	-1.76331873365e-11
1.00615378417e-08	-1.70838995077e-11
1.0062596728e-08	-1.75361462547e-11
1.00636556144e-08	-1.69503793597e-11
1.00647145007e-08	-1.67772938554e-11
1.0065773387e-08	-1.71675836524e-11
1.00668322733e-08	-1.6656423853e-11
1.00678911597e-08	-1.66943069611e-11
1.0068950046e-08	-1.70666133135e-11
1.00700089323e-08	-1.62479250974e-11
1.00710678186e-08	-1.65133056968e-11
1.00721267049e-08	-1.65994249596e-11
1.00731855913e-08	-1.60671219168e-11
1.00742444776e-08	-1.6486881413e-11
1.00753033639e-08	-1.60169466665e-11
1.00763622502e-08	-1.57176900618e-11
1.00774211366e-08	-1.61879352154e-11
1.00784800229e-08	-1.54969486679e-11
1.00795389092e-08	-1.55733174837e-11
1.00805977955e-08	-1.59664027876e-11
1.00816566819e-08	-1.51503710836e-11
1.00827155682e-08	-1.53792929997e-11
1.00837744545e-08	-1.56519850249e-11
1.00848333408e-08	-1.49582081747e-11
1.00858922271e-08	-1.51050919819e-11
1.00869511135e-08	-1.52406701625e-11
1.00880099998e-08	-1.46197606972e-11
1.00890688861e-08	-1.50256621381e-11
1.00901277724e-08	-1.46277188496e-11
1.00911866588e-08	-1.44141625719e-11
1.00922455451e-08	-1.51206256717e-11
1.00933044314e-08	-1.42992762813e-11
1.00943633177e-08	-1.43780872625e-11
1.00954222041e-08	-1.45918691626e-11
1.00964810904e-08	-1.38562590221e-11
1.00975399767e-08	-1.40203742713e-11
1.0098598863e-08	-1.4252681175e-11
1.00996577493e-08	-1.34973054868e-11
1.01007166357e-08	-1.39526300669e-11
1.0101775522e-08	-1.36536091678e-11
1.01028344083e-08	-1.33828629602e-11
1.01038932946e-08	-1.39870445955e-11
1.0104952181e-08	-1.34342954513e-11
1.01060110673e-08	-1.29593755432e-11
1.01070699536e-08	-1.3526894123e-11
1.01081288399e-08	-1.29029437959e-11
1.01091877263e-08	-1.29061777541e-11
1.01102466126e-08	-1.33670150686e-11
1.01113054989e-08	-1.25573503418e-11
1.01123643852e-08	-1.27663424537e-11
1.01134232715e-08	-1.2856835388e-11
1.01144821579e-08	-1.2085176501e-11
1.01155410442e-08	-1.24743342825e-11
1.01165999305e-08	-1.2437346617e-11
1.01176588168e-08	-1.20447673103e-11
1.01187177032e-08	-1.23987665837e-11
1.01197765895e-08	-1.1826058687e-11
1.01208354758e-08	-1.15261895623e-11
1.01218943621e-08	-1.22793019242e-11
1.01229532485e-08	-1.12724238581e-11
1.01240121348e-08	-1.16768983805e-11
1.01250710211e-08	-1.18004988376e-11
1.01261299074e-08	-1.1387598167e-11
1.01271887937e-08	-1.1489676181e-11
1.01282476801e-08	-1.14662231532e-11
1.01293065664e-08	-1.07293424362e-11
1.01303654527e-08	-1.14012165594e-11
1.0131424339e-08	-1.08509337583e-11
1.01324832254e-08	-1.05859590299e-11
1.01335421117e-08	-1.11430977293e-11
1.0134600998e-08	-1.06478511988e-11
1.01356598843e-08	-1.04386028901e-11
1.01367187707e-08	-1.07828917236e-11
1.0137777657e-08	-1.01753806661e-11
1.01388365433e-08	-1.03704132955e-11
1.01398954296e-08	-1.04063515075e-11
1.01409543159e-08	-9.97290704879e-12
1.01420132023e-08	-1.02135247959e-11
1.01430720886e-08	-9.80134338491e-12
1.01441309749e-08	-9.55205169519e-12
1.01451898612e-08	-9.97319257344e-12
1.01462487476e-08	-9.35535888124e-12
1.01473076339e-08	-9.27087567956e-12
1.01483665202e-08	-9.6052100735e-12
1.01494254065e-08	-9.13293800395e-12
1.01504842929e-08	-9.56738984911e-12
1.01515431792e-08	-9.58560878242e-12
1.01526020655e-08	-8.4699130847e-12
1.01536609518e-08	-8.96575766103e-12
1.01547198381e-08	-9.14509949972e-12
1.01557787245e-08	-8.49776634693e-12
1.01568376108e-08	-8.83318597303e-12
1.01578964971e-08	-8.51532153167e-12
1.01589553834e-08	-7.9051073955e-12
1.01600142698e-08	-8.80933076052e-12
1.01610731561e-08	-7.78943142626e-12
1.01621320424e-08	-7.61758218353e-12
1.01631909287e-08	-8.10792069334e-12
1.0164249815e-08	-7.48956577095e-12
1.01653087014e-08	-7.66731220615e-12
1.01663675877e-08	-7.8953745126e-12
1.0167426474e-08	-6.92470652217e-12
1.01684853603e-08	-7.74934825511e-12
1.01695442467e-08	-7.42565866652e-12
1.0170603133e-08	-6.80383424297e-12
1.01716620193e-08	-7.3725168223e-12
1.01727209056e-08	-6.9867441368e-12
1.0173779792e-08	-6.65063680126e-12
1.01748386783e-08	-7.09286514071e-12
1.01758975646e-08	-6.5581412371e-12
1.01769564509e-08	-6.61698939999e-12
1.01780153372e-08	-6.76231130554e-12
1.01790742236e-08	-5.96380020021e-12
1.01801331099e-08	-5.94798694889e-12
1.01811919962e-08	-6.03245974224e-12
1.01822508825e-08	-5.49731115664e-12
1.01833097689e-08	-6.23843365204e-12
1.01843686552e-08	-5.81190504794e-12
1.01854275415e-08	-5.34118300803e-12
1.01864864278e-08	-5.65502744458e-12
1.01875453142e-08	-5.53406932368e-12
1.01886042005e-08	-4.93044195965e-12
1.01896630868e-08	-5.72870814371e-12
1.01907219731e-08	-4.97772409771e-12
1.01917808594e-08	-5.42173584132e-12
1.01928397458e-08	-5.12533123039e-12
1.01938986321e-08	-4.46595774142e-12
1.01949575184e-08	-4.85706985157e-12
1.01960164047e-08	-4.9460553383e-12
1.01970752911e-08	-4.31588179908e-12
1.01981341774e-08	-4.50683170254e-12
1.01991930637e-08	-3.93659627465e-12
1.020025195e-08	-3.8595090394e-12
1.02013108364e-08	-4.56365931915e-12
1.02023697227e-08	-4.03247216434e-12
1.0203428609e-08	-3.95673373081e-12
1.02044874953e-08	-4.34408707465e-12
1.02055463816e-08	-3.52069499314e-12
1.0206605268e-08	-3.66440718372e-12
1.02076641543e-08	-3.79446027008e-12
1.02087230406e-08	-3.03427774443e-12
1.02097819269e-08	-3.81255275831e-12
1.02108408133e-08	-3.84745349729e-12
1.02118996996e-08	-3.02809050078e-12
1.02129585859e-08	-3.38055148111e-12
1.02140174722e-08	-3.19235981508e-12
1.02150763586e-08	-2.79537675695e-12
1.02161352449e-08	-3.03534077755e-12
1.02171941312e-08	-2.57992637128e-12
1.02182530175e-08	-2.61603537227e-12
1.02193119038e-08	-3.15810843188e-12
1.02203707902e-08	-2.32404362682e-12
1.02214296765e-08	-2.28471075067e-12
1.02224885628e-08	-2.91560401039e-12
1.02235474491e-08	-2.09315717699e-12
1.02246063355e-08	-2.68687868721e-12
1.02256652218e-08	-2.37751870058e-12
1.02267241081e-08	-1.9128637205e-12
1.02277829944e-08	-2.1088344558e-12
1.02288418808e-08	-1.44476268853e-12
1.02299007671e-08	-1.28719485496e-12
1.02309596534e-08	-1.97980877298e-12
1.02320185397e-08	-1.17039041084e-12
1.0233077426e-08	-1.33614984582e-12
1.02341363124e-08	-1.5116913255e-12
1.02351951987e-08	-1.12749070605e-12
1.0236254085e-08	-1.65166782974e-12
1.02373129713e-08	-1.30097481724e-12
1.02383718577e-08	-5.36675369265e-13
1.0239430744e-08	-1.1424680917e-12
1.02404896303e-08	-3.06809146909e-13
1.02415485166e-08	-3.96618024203e-13
1.0242607403e-08	-6.91715941118e-13
1.02436662893e-08	-4.28705536375e-13
1.02447251756e-08	-4.71232556828e-13
1.02457840619e-08	-5.8562762929e-13
1.02468429482e-08	-1.01978951813e-13
1.02479018346e-08	-2.90168969514e-13
1.02489607209e-08	2.34865324414e-13
1.02500196072e-08	6.94368692454e-13
1.02510784935e-08	2.80297679734e-13
1.02521373799e-08	7.85220209709e-13
1.02531962662e-08	8.69050491292e-13
1.02542551525e-08	-5.89830122271e-14
1.02553140388e-08	7.46161511349e-13
1.02563729252e-08	7.00308965007e-13
1.02574318115e-08	5.24831548121e-13
1.02584906978e-08	1.1971879041e-12
1.02595495841e-08	1.02835930282e-12
1.02606084704e-08	6.90904449673e-13
1.02616673568e-08	1.56891074568e-12
1.02627262431e-08	1.22088100128e-12
1.02637851294e-08	1.20537455207e-12
1.02648440157e-08	1.59377362924e-12
1.02659029021e-08	1.13697358548e-12
1.02669617884e-08	1.83396479698e-12
1.02680206747e-08	1.95041567261e-12
1.0269079561e-08	1.25266732886e-12
1.02701384474e-08	2.6518657604e-12
1.02711973337e-08	2.3700367027e-12
1.027225622e-08	2.15151794357e-12
1.02733151063e-08	2.74498419871e-12
1.02743739926e-08	2.45796755887e-12
1.0275432879e-08	2.30385650065e-12
1.02764917653e-08	3.34978895208e-12
1.02775506516e-08	2.65337450904e-12
1.02786095379e-08	2.94912973708e-12
1.02796684243e-08	3.47456072703e-12
1.02807273106e-08	2.77105804123e-12
1.02817861969e-08	3.06496858058e-12
1.02828450832e-08	3.48807549684e-12
1.02839039696e-08	2.87763904502e-12
1.02849628559e-08	3.8297478524e-12
1.02860217422e-08	3.67248083073e-12
1.02870806285e-08	3.38746115576e-12
1.02881395148e-08	4.01544737131e-12
1.02891984012e-08	3.88922653306e-12
1.02902572875e-08	3.4361965042e-12
1.02913161738e-08	4.73960622268e-12
1.02923750601e-08	4.24077981932e-12
1.02934339465e-08	3.94655353319e-12
1.02944928328e-08	4.86706714427e-12
1.02955517191e-08	4.42326592563e-12
1.02966106054e-08	4.38002391789e-12
1.02976694918e-08	5.21260660503e-12
1.02987283781e-08	4.56713554237e-12
1.02997872644e-08	5.1822784345e-12
1.03008461507e-08	5.13097995081e-12
1.0301905037e-08	4.46644907474e-12
1.03029639234e-08	5.43458678125e-12
1.03040228097e-08	4.31466979658e-12
1.0305081696e-08	4.59169594708e-12
1.03061405823e-08	6.37042263558e-12
1.03071994687e-08	5.75785068496e-12
1.0308258355e-08	5.67270649942e-12
1.03093172413e-08	6.04252666783e-12
1.03103761276e-08	5.5014274386e-12
1.0311435014e-08	6.21249980712e-12
1.03124939003e-08	6.70589527917e-12
1.03135527866e-08	6.22595893026e-12
1.03146116729e-08	7.07036794563e-12
1.03156705592e-08	6.07796503556e-12
1.03167294456e-08	5.94324242598e-12
1.03177883319e-08	7.06551874299e-12
1.03188472182e-08	6.19284110754e-12
1.03199061045e-08	6.51575256423e-12
1.03209649909e-08	7.61038286426e-12
1.03220238772e-08	6.94354372176e-12
1.03230827635e-08	7.23502117592e-12
1.03241416498e-08	8.19288170292e-12
1.03252005362e-08	8.04396669716e-12
1.03262594225e-08	8.50858185991e-12
1.03273183088e-08	7.61588014875e-12
1.03283771951e-08	7.4599603838e-12
1.03294360814e-08	7.61480548755e-12
1.03304949678e-08	7.21984115288e-12
1.03315538541e-08	7.47835490365e-12
1.03326127404e-08	8.26942485842e-12
1.03336716267e-08	7.94122151935e-12
1.03347305131e-08	8.33992559257e-12
1.03357893994e-08	8.67512165619e-12
1.03368482857e-08	8.56073079179e-12
1.0337907172e-08	9.07940378696e-12
1.03389660584e-08	8.79303888816e-12
1.03400249447e-08	8.41875646886e-12
1.0341083831e-08	8.65097463066e-12
1.03421427173e-08	8.50113317415e-12
1.03432016036e-08	8.42472820022e-12
1.034426049e-08	9.35615322196e-12
1.03453193763e-08	9.00064240804e-12
1.03463782626e-08	9.14737599902e-12
1.03474371489e-08	9.29886864124e-12
1.03484960353e-08	9.44801268471e-12
1.03495549216e-08	1.00332461523e-11
1.03506138079e-08	1.06000733364e-11
1.03516726942e-08	9.59856684152e-12
1.03527315806e-08	1.02757140362e-11
1.03537904669e-08	9.97401873549e-12
1.03548493532e-08	9.73212016617e-12
1.03559082395e-08	1.05899845642e-11
1.03569671258e-08	1.07324301356e-11
1.03580260122e-08	1.03393137151e-11
1.03590848985e-08	1.13150079584e-11
1.03601437848e-08	1.08293832886e-11
1.03612026711e-08	1.13504931365e-11
1.03622615575e-08	1.13756843572e-11
1.03633204438e-08	1.08772883279e-11
1.03643793301e-08	1.13530651893e-11
1.03654382164e-08	1.13636473278e-11
1.03664971028e-08	1.064858683e-11
1.03675559891e-08	1.16871913623e-11
1.03686148754e-08	1.22203589479e-11
1.03696737617e-08	1.16661986061e-11
1.0370732648e-08	1.26826301197e-11
1.03717915344e-08	1.24432812144e-11
1.03728504207e-08	1.21214577004e-11
1.0373909307e-08	1.26428692819e-11
1.03749681933e-08	1.231926605e-11
1.03760270797e-08	1.22679904972e-11
1.0377085966e-08	1.1963699237e-11
1.03781448523e-08	1.17159628353e-11
1.03792037386e-08	1.24469620808e-11
1.0380262625e-08	1.29905104685e-11
1.03813215113e-08	1.27442459797e-11
1.03823803976e-08	1.36247707994e-11
1.03834392839e-08	1.37943358992e-11
1.03844981702e-08	1.30255847341e-11
1.03855570566e-08	1.37371704723e-11
1.03866159429e-08	1.33607196487e-11
1.03876748292e-08	1.27666223947e-11
1.03887337155e-08	1.33432142288e-11
1.03897926019e-08	1.30910534149e-11
1.03908514882e-08	1.31668108491e-11
1.03919103745e-08	1.41241634274e-11
1.03929692608e-08	1.38415544217e-11
1.03940281472e-08	1.45633298173e-11
1.03950870335e-08	1.46697574878e-11
1.03961459198e-08	1.45396233031e-11
1.03972048061e-08	1.49079899901e-11
1.03982636924e-08	1.44311721861e-11
1.03993225788e-08	1.40239600531e-11
1.04003814651e-08	1.43842905252e-11
1.04014403514e-08	1.40891544308e-11
1.04024992377e-08	1.39772118575e-11
1.04035581241e-08	1.53805954518e-11
1.04046170104e-08	1.52148002313e-11
1.04056758967e-08	1.5730732255e-11
1.0406734783e-08	1.62434882168e-11
1.04077936694e-08	1.57014444849e-11
1.04088525557e-08	1.56045923795e-11
1.0409911442e-08	1.55991902338e-11
1.04109703283e-08	1.50676990416e-11
1.04120292146e-08	1.57998095943e-11
1.0413088101e-08	1.54103294795e-11
1.04141469873e-08	1.56189499268e-11
1.04152058736e-08	1.65050629414e-11
1.04162647599e-08	1.63002093377e-11
1.04173236463e-08	1.6723659675e-11
1.04183825326e-08	1.69409744479e-11
1.04194414189e-08	1.61479800885e-11
1.04205003052e-08	1.64705701335e-11
1.04215591916e-08	1.61930313993e-11
1.04226180779e-08	1.6367847507e-11
1.04236769642e-08	1.69651860919e-11
1.04247358505e-08	1.70224700221e-11
1.04257947368e-08	1.68190910418e-11
1.04268536232e-08	1.7561603647e-11
1.04279125095e-08	1.72031651077e-11
1.04289713958e-08	1.74959598675e-11
1.04300302821e-08	1.82168013313e-11
1.04310891685e-08	1.7294836353e-11
1.04321480548e-08	1.81291371889e-11
1.04332069411e-08	1.78900906676e-11
1.04342658274e-08	1.7848353546e-11
1.04353247138e-08	1.84357885945e-11
1.04363836001e-08	1.84801453654e-11
1.04374424864e-08	1.82303519069e-11
1.04385013727e-08	1.9024709e-11
1.0439560259e-08	1.89685780104e-11
1.04406191454e-08	1.88510674085e-11
1.04416780317e-08	1.89379243624e-11
1.0442736918e-08	1.83680891677e-11
1.04437958043e-08	1.86014936093e-11
1.04448546907e-08	1.88598538913e-11
1.0445913577e-08	1.84024601113e-11
1.04469724633e-08	1.90362153124e-11
1.04480313496e-08	1.97578964908e-11
1.0449090236e-08	1.95623900108e-11
1.04501491223e-08	2.04011378103e-11
1.04512080086e-08	2.06284893681e-11
1.04522668949e-08	1.99057714756e-11
1.04533257812e-08	2.01782139175e-11
1.04543846676e-08	1.98928603624e-11
1.04554435539e-08	1.94340614565e-11
1.04565024402e-08	1.99450793338e-11
1.04575613265e-08	1.97559868855e-11
1.04586202129e-08	2.0223179251e-11
1.04596790992e-08	2.1191969837e-11
1.04607379855e-08	2.10419317604e-11
1.04617968718e-08	2.12565748423e-11
1.04628557582e-08	2.14233361953e-11
1.04639146445e-08	2.0506758726e-11
1.04649735308e-08	2.14830660856e-11
1.04660324171e-08	2.11598235678e-11
1.04670913034e-08	2.07079425222e-11
1.04681501898e-08	2.19341233544e-11
1.04692090761e-08	2.17205203476e-11
1.04702679624e-08	2.1014463932e-11
1.04713268487e-08	2.21519070448e-11
1.04723857351e-08	2.17467723516e-11
1.04734446214e-08	2.23248347976e-11
1.04745035077e-08	2.24994725542e-11
1.0475562394e-08	2.18508671443e-11
1.04766212804e-08	2.21291070321e-11
1.04776801667e-08	2.25788888454e-11
1.0478739053e-08	2.20797650996e-11
1.04797979393e-08	2.27589347108e-11
1.04808568256e-08	2.23845501596e-11
1.0481915712e-08	2.22855300836e-11
1.04829745983e-08	2.336007646e-11
1.04840334846e-08	2.31833549753e-11
1.04850923709e-08	2.30417608821e-11
1.04861512573e-08	2.33897532419e-11
1.04872101436e-08	2.28589158236e-11
1.04882690299e-08	2.30525618126e-11
1.04893279162e-08	2.33167599811e-11
1.04903868026e-08	2.28171502959e-11
1.04914456889e-08	2.36616282123e-11
1.04925045752e-08	2.38317026703e-11
1.04935634615e-08	2.37256945861e-11
1.04946223478e-08	2.50095285193e-11
1.04956812342e-08	2.49037901846e-11
1.04967401205e-08	2.47800003173e-11
1.04977990068e-08	2.48604598279e-11
1.04988578931e-08	2.37718417e-11
1.04999167795e-08	2.38184108938e-11
1.05009756658e-08	2.47759432328e-11
1.05020345521e-08	2.44200844442e-11
1.05030934384e-08	2.5075928313e-11
1.05041523248e-08	2.50954884044e-11
1.05052112111e-08	2.4799977176e-11
1.05062700974e-08	2.53839477649e-11
1.05073289837e-08	2.53820168009e-11
1.050838787e-08	2.48471146002e-11
1.05094467564e-08	2.60849347764e-11
1.05105056427e-08	2.50520628547e-11
1.0511564529e-08	2.50504408883e-11
1.05126234153e-08	2.56581403259e-11
1.05136823017e-08	2.49389465242e-11
1.0514741188e-08	2.5884229005e-11
1.05158000743e-08	2.66479607477e-11
1.05168589606e-08	2.61753767532e-11
1.0517917847e-08	2.655675224e-11
1.05189767333e-08	2.62619392379e-11
1.05200356196e-08	2.60566399186e-11
1.05210945059e-08	2.68358950513e-11
1.05221533922e-08	2.61820157568e-11
1.05232122786e-08	2.60460431434e-11
1.05242711649e-08	2.67784214941e-11
1.05253300512e-08	2.69950802163e-11
1.05263889375e-08	2.69225609688e-11
1.05274478239e-08	2.78799600593e-11
1.05285067102e-08	2.71877485802e-11
1.05295655965e-08	2.73721301701e-11
1.05306244828e-08	2.74944327288e-11
1.05316833692e-08	2.71715219768e-11
1.05327422555e-08	2.77452533604e-11
1.05338011418e-08	2.7735413792e-11
1.05348600281e-08	2.71301394978e-11
1.05359189144e-08	2.80625325495e-11
1.05369778008e-08	2.83533621928e-11
1.05380366871e-08	2.84049047304e-11
1.05390955734e-08	2.88552404627e-11
1.05401544597e-08	2.87068227262e-11
1.05412133461e-08	2.87526231123e-11
1.05422722324e-08	2.88981674961e-11
1.05433311187e-08	2.83527010463e-11
1.0544390005e-08	2.82446143297e-11
1.05454488914e-08	2.83794151373e-11
1.05465077777e-08	2.80706911708e-11
1.0547566664e-08	2.93814029096e-11
1.05486255503e-08	2.90440614267e-11
1.05496844366e-08	2.94437577618e-11
1.0550743323e-08	3.05215802719e-11
1.05518022093e-08	3.0106083208e-11
1.05528610956e-08	2.97417541983e-11
1.05539199819e-08	2.98756557687e-11
1.05549788683e-08	2.9156039345e-11
1.05560377546e-08	2.93605387398e-11
1.05570966409e-08	2.94882365054e-11
1.05581555272e-08	2.97667706456e-11
1.05592144136e-08	3.06184487486e-11
1.05602732999e-08	3.07199302888e-11
1.05613321862e-08	3.04678259618e-11
1.05623910725e-08	3.13643423299e-11
1.05634499588e-08	3.10642349517e-11
1.05645088452e-08	3.03335943603e-11
1.05655677315e-08	3.04687271507e-11
1.05666266178e-08	3.01502297521e-11
1.05676855041e-08	3.02457256289e-11
1.05687443905e-08	3.08763522562e-11
1.05698032768e-08	3.09195904557e-11
1.05708621631e-08	3.1656221481e-11
1.05719210494e-08	3.21163917943e-11
1.05729799358e-08	3.16528253261e-11
1.05740388221e-08	3.23184612752e-11
1.05750977084e-08	3.17739567296e-11
1.05761565947e-08	3.12767344576e-11
1.0577215481e-08	3.16503984479e-11
1.05782743674e-08	3.13175639935e-11
1.05793332537e-08	3.12712893774e-11
1.058039214e-08	3.23821089301e-11
1.05814510263e-08	3.22922151259e-11
1.05825099127e-08	3.28597708939e-11
1.0583568799e-08	3.29284039272e-11
1.05846276853e-08	3.22905166147e-11
1.05856865716e-08	3.28195955655e-11
1.0586745458e-08	3.29806941306e-11
1.05878043443e-08	3.22837971634e-11
1.05888632306e-08	3.28308159738e-11
1.05899221169e-08	3.23757810925e-11
1.05909810032e-08	3.22165319595e-11
1.05920398896e-08	3.35745790978e-11
1.05930987759e-08	3.29657245512e-11
1.05941576622e-08	3.35985165471e-11
1.05952165485e-08	3.42787202703e-11
1.05962754349e-08	3.34142401248e-11
1.05973343212e-08	3.36110967617e-11
1.05983932075e-08	3.35856687513e-11
1.05994520938e-08	3.30736776941e-11
1.06005109802e-08	3.35867369073e-11
1.06015698665e-08	3.36150777352e-11
1.06026287528e-08	3.33901979416e-11
1.06036876391e-08	3.42836100221e-11
1.06047465254e-08	3.45099981577e-11
1.06058054118e-08	3.45167655309e-11
1.06068642981e-08	3.4993623884e-11
1.06079231844e-08	3.43560373293e-11
1.06089820707e-08	3.44331342952e-11
1.06100409571e-08	3.49519794617e-11
1.06110998434e-08	3.45414961824e-11
1.06121587297e-08	3.47032058038e-11
1.0613217616e-08	3.48879800917e-11
1.06142765024e-08	3.44678289816e-11
1.06153353887e-08	3.52491597109e-11
1.0616394275e-08	3.57821849407e-11
1.06174531613e-08	3.56281269678e-11
1.06185120476e-08	3.59693661574e-11
1.0619570934e-08	3.55798042938e-11
1.06206298203e-08	3.5150812816e-11
1.06216887066e-08	3.56140106555e-11
1.06227475929e-08	3.53248582729e-11
1.06238064793e-08	3.55440702912e-11
1.06248653656e-08	3.60627422022e-11
1.06259242519e-08	3.57893419761e-11
1.06269831382e-08	3.62272857112e-11
1.06280420246e-08	3.64343475095e-11
1.06291009109e-08	3.58772536419e-11
1.06301597972e-08	3.66636558353e-11
1.06312186835e-08	3.63469718732e-11
1.06322775698e-08	3.57389818694e-11
1.06333364562e-08	3.65124889958e-11
1.06343953425e-08	3.60558180534e-11
1.06354542288e-08	3.63202946451e-11
1.06365131151e-08	3.73320098793e-11
1.06375720015e-08	3.70769205268e-11
1.06386308878e-08	3.74161853844e-11
1.06396897741e-08	3.7801073903e-11
1.06407486604e-08	3.72103008128e-11
1.06418075467e-08	3.75942527976e-11
1.06428664331e-08	3.75106412945e-11
1.06439253194e-08	3.6827130321e-11
1.06449842057e-08	3.75242731852e-11
1.0646043092e-08	3.75895889936e-11
1.06471019784e-08	3.74398483136e-11
1.06481608647e-08	3.87435545885e-11
1.0649219751e-08	3.82371133454e-11
1.06502786373e-08	3.82706431649e-11
1.06513375237e-08	3.88026559668e-11
1.065239641e-08	3.79542343734e-11
1.06534552963e-08	3.85632463462e-11
1.06545141826e-08	3.87575561922e-11
1.06555730689e-08	3.77285956383e-11
1.06566319553e-08	3.88694703594e-11
1.06576908416e-08	3.86227905127e-11
1.06587497279e-08	3.84495269824e-11
1.06598086142e-08	3.96739511903e-11
1.06608675006e-08	3.91667325742e-11
1.06619263869e-08	3.90744389969e-11
1.06629852732e-08	3.9554785879e-11
1.06640441595e-08	3.89984656981e-11
1.06651030459e-08	3.89842348941e-11
1.06661619322e-08	3.9399489964e-11
1.06672208185e-08	3.89811241012e-11
1.06682797048e-08	3.97389601694e-11
1.06693385911e-08	3.96801439363e-11
1.06703974775e-08	3.95447546236e-11
1.06714563638e-08	4.07139263709e-11
1.06725152501e-08	4.02599887022e-11
1.06735741364e-08	4.01155014155e-11
1.06746330228e-08	4.07145842648e-11
1.06756919091e-08	4.03304796243e-11
1.06767507954e-08	4.04892404327e-11
1.06778096817e-08	4.07903897291e-11
1.06788685681e-08	4.00638263884e-11
1.06799274544e-08	4.08050396857e-11
1.06809863407e-08	4.08779726648e-11
1.0682045227e-08	4.08435754835e-11
1.06831041133e-08	4.15180411752e-11
1.06841629997e-08	4.14350101539e-11
1.0685221886e-08	4.12712936743e-11
1.06862807723e-08	4.16948953662e-11
1.06873396586e-08	4.08785349321e-11
1.0688398545e-08	4.08444447968e-11
1.06894574313e-08	4.15749665597e-11
1.06905163176e-08	4.11638910892e-11
1.06915752039e-08	4.16581118559e-11
1.06926340903e-08	4.2127994886e-11
1.06936929766e-08	4.18125946193e-11
1.06947518629e-08	4.24379760933e-11
1.06958107492e-08	4.24554616723e-11
1.06968696355e-08	4.16384062646e-11
1.06979285219e-08	4.23065974614e-11
1.06989874082e-08	4.18857353315e-11
1.07000462945e-08	4.17513532427e-11
1.07011051808e-08	4.25890193338e-11
1.07021640672e-08	4.20401317924e-11
1.07032229535e-08	4.24538336343e-11
1.07042818398e-08	4.34900824121e-11
1.07053407261e-08	4.2719212499e-11
1.07063996125e-08	4.30133871229e-11
1.07074584988e-08	4.33239507637e-11
1.07085173851e-08	4.27277976455e-11
1.07095762714e-08	4.31683367438e-11
1.07106351577e-08	4.34315339769e-11
1.07116940441e-08	4.26991484705e-11
1.07127529304e-08	4.35902835095e-11
1.07138118167e-08	4.34091454189e-11
1.0714870703e-08	4.35616202398e-11
1.07159295894e-08	4.42529407216e-11
1.07169884757e-08	4.37399192386e-11
1.0718047362e-08	4.37356327369e-11
1.07191062483e-08	4.41492007883e-11
1.07201651347e-08	4.34954674274e-11
1.0721224021e-08	4.38662834355e-11
1.07222829073e-08	4.39449225707e-11
1.07233417936e-08	4.38275234247e-11
1.07244006799e-08	4.4364302813e-11
1.07254595663e-08	4.44524410771e-11
1.07265184526e-08	4.40509050677e-11
1.07275773389e-08	4.48281390307e-11
1.07286362252e-08	4.46038353821e-11
1.07296951116e-08	4.43539111689e-11
1.07307539979e-08	4.50307469264e-11
1.07318128842e-08	4.45048702752e-11
1.07328717705e-08	4.48077827012e-11
1.07339306569e-08	4.50989900806e-11
1.07349895432e-08	4.46463096528e-11
1.07360484295e-08	4.52877457757e-11
1.07371073158e-08	4.56229229742e-11
1.07381662021e-08	4.49946690149e-11
1.07392250885e-08	4.60177720582e-11
1.07402839748e-08	4.59031085712e-11
1.07413428611e-08	4.53314456285e-11
1.07424017474e-08	4.57637027232e-11
1.07434606338e-08	4.55074589123e-11
1.07445195201e-08	4.54058093208e-11
1.07455784064e-08	4.62677348691e-11
1.07466372927e-08	4.58445985167e-11
1.07476961791e-08	4.60531096765e-11
1.07487550654e-08	4.6685086786e-11
1.07498139517e-08	4.63576989296e-11
1.0750872838e-08	4.66995856048e-11
1.07519317243e-08	4.66743367046e-11
1.07529906107e-08	4.62009814087e-11
1.0754049497e-08	4.67251992306e-11
1.07551083833e-08	4.6514697042e-11
1.07561672696e-08	4.66297113769e-11
1.0757226156e-08	4.75561083568e-11
1.07582850423e-08	4.71134737126e-11
1.07593439286e-08	4.7318036208e-11
1.07604028149e-08	4.77139287282e-11
1.07614617013e-08	4.71802709748e-11
1.07625205876e-08	4.75220297141e-11
1.07635794739e-08	4.76179633918e-11
1.07646383602e-08	4.71252455461e-11
1.07656972465e-08	4.77384512129e-11
1.07667561329e-08	4.74998664533e-11
1.07678150192e-08	4.73860694607e-11
1.07688739055e-08	4.81309510476e-11
1.07699327918e-08	4.79785174264e-11
1.07709916782e-08	4.78817723318e-11
1.07720505645e-08	4.87206004707e-11
1.07731094508e-08	4.79236724089e-11
1.07741683371e-08	4.82000797782e-11
1.07752272235e-08	4.86019757426e-11
1.07762861098e-08	4.78406515791e-11
1.07773449961e-08	4.83731969411e-11
1.07784038824e-08	4.88002628758e-11
1.07794627687e-08	4.82253932968e-11
1.07805216551e-08	4.90834707947e-11
1.07815805414e-08	4.88691738985e-11
1.07826394277e-08	4.89807729966e-11
1.0783698314e-08	4.95013708843e-11
1.07847572004e-08	4.90968246961e-11
1.07858160867e-08	4.90494676125e-11
1.0786874973e-08	4.93233531275e-11
1.07879338593e-08	4.88759531979e-11
1.07889927457e-08	4.9382832025e-11
1.0790051632e-08	4.97070444701e-11
1.07911105183e-08	4.90283703393e-11
1.07921694046e-08	5.01486022847e-11
1.07932282909e-08	5.00494277099e-11
1.07942871773e-08	4.94567533628e-11
1.07953460636e-08	5.02121530119e-11
1.07964049499e-08	5.00149847753e-11
1.07974638362e-08	4.97739544893e-11
1.07985227226e-08	5.05304916833e-11
1.07995816089e-08	4.99385793135e-11
1.08006404952e-08	5.00809931719e-11
1.08016993815e-08	5.07424644837e-11
1.08027582679e-08	5.01370052246e-11
1.08038171542e-08	5.06922425043e-11
1.08048760405e-08	5.09126486629e-11
1.08059349268e-08	5.02650165414e-11
1.08069938131e-08	5.11114692237e-11
1.08080526995e-08	5.08348129216e-11
1.08091115858e-08	5.02133768593e-11
1.08101704721e-08	5.094226126e-11
1.08112293584e-08	5.03823783908e-11
1.08122882448e-08	5.0470338412e-11
1.08133471311e-08	5.14875472986e-11
1.08144060174e-08	5.10439381735e-11
1.08154649037e-08	5.12305458472e-11
1.08165237901e-08	5.21077308906e-11
1.08175826764e-08	5.1094032217e-11
1.08186415627e-08	5.16061269239e-11
1.0819700449e-08	5.16476570712e-11
1.08207593353e-08	5.09532637437e-11
1.08218182217e-08	5.17623461455e-11
1.0822877108e-08	5.16627925336e-11
1.08239359943e-08	5.15553060312e-11
1.08249948806e-08	5.24007308898e-11
1.0826053767e-08	5.21821180016e-11
1.08271126533e-08	5.24422085618e-11
1.08281715396e-08	5.27694099355e-11
1.08292304259e-08	5.218868393e-11
1.08302893123e-08	5.21809730841e-11
1.08313481986e-08	5.24739752518e-11
1.08324070849e-08	5.20844235796e-11
1.08334659712e-08	5.24445448007e-11
1.08345248575e-08	5.23768775747e-11
1.08355837439e-08	5.26523685762e-11
1.08366426302e-08	5.33477680434e-11
1.08377015165e-08	5.29877548089e-11
1.08387604028e-08	5.29199605144e-11
1.08398192892e-08	5.34668238503e-11
1.08408781755e-08	5.30042494271e-11
1.08419370618e-08	5.3011566057e-11
1.08429959481e-08	5.3263934062e-11
1.08440548345e-08	5.2712773816e-11
1.08451137208e-08	5.31683815898e-11
1.08461726071e-08	5.36459197377e-11
1.08472314934e-08	5.34712994368e-11
1.08482903797e-08	5.43241016407e-11
1.08493492661e-08	5.36405286508e-11
1.08504081524e-08	5.38818564419e-11
1.08514670387e-08	5.4117800085e-11
1.0852525925e-08	5.35631343966e-11
1.08535848114e-08	5.34431869419e-11
1.08546436977e-08	5.4232046371e-11
1.0855702584e-08	5.3938685983e-11
1.08567614703e-08	5.42674256226e-11
1.08578203567e-08	5.45031931913e-11
1.0858879243e-08	5.39465082848e-11
1.08599381293e-08	5.4592775179e-11
1.08609970156e-08	5.48321249516e-11
1.08620559019e-08	5.40592405909e-11
1.08631147883e-08	5.50303708852e-11
1.08641736746e-08	5.44426374642e-11
1.08652325609e-08	5.39755015856e-11
1.08662914472e-08	5.4820919939e-11
1.08673503336e-08	5.45591302172e-11
1.08684092199e-08	5.45790192555e-11
1.08694681062e-08	5.5401264739e-11
1.08705269925e-08	5.48093445629e-11
1.08715858789e-08	5.50885287907e-11
1.08726447652e-08	5.56236935852e-11
1.08737036515e-08	5.49156705353e-11
1.08747625378e-08	5.540482656e-11
1.08758214241e-08	5.52815098386e-11
1.08768803105e-08	5.50099241332e-11
1.08779391968e-08	5.55235970048e-11
1.08789980831e-08	5.53444577493e-11
1.08800569694e-08	5.55038788368e-11
1.08811158558e-08	5.63953350165e-11
1.08821747421e-08	5.56620847504e-11
1.08832336284e-08	5.5920803578e-11
1.08842925147e-08	5.6311662798e-11
1.08853514011e-08	5.56410928616e-11
1.08864102874e-08	5.58676694316e-11
1.08874691737e-08	5.62881160952e-11
1.088852806e-08	5.56004344128e-11
1.08895869463e-08	5.64500646748e-11
1.08906458327e-08	5.65692158914e-11
1.0891704719e-08	5.62808020674e-11
1.08927636053e-08	5.7027150363e-11
1.08938224916e-08	5.68019303468e-11
1.0894881378e-08	5.64539331081e-11
1.08959402643e-08	5.69670369904e-11
1.08969991506e-08	5.64406438253e-11
1.08980580369e-08	5.67954771755e-11
1.08991169233e-08	5.71556760254e-11
1.09001758096e-08	5.64809978301e-11
1.09012346959e-08	5.73155555135e-11
1.09022935822e-08	5.71941435185e-11
1.09033524685e-08	5.68595734732e-11
1.09044113549e-08	5.75830698228e-11
1.09054702412e-08	5.74876322761e-11
1.09065291275e-08	5.71345475271e-11
1.09075880138e-08	5.77486968835e-11
1.09086469002e-08	5.72022706979e-11
1.09097057865e-08	5.73012544532e-11
1.09107646728e-08	5.79983322653e-11
1.09118235591e-08	5.72395473034e-11
1.09128824455e-08	5.7867751823e-11
1.09139413318e-08	5.82414086576e-11
1.09150002181e-08	5.76617482061e-11
1.09160591044e-08	5.83289332633e-11
1.09171179907e-08	5.83721400209e-11
1.09181768771e-08	5.7873655087e-11
1.09192357634e-08	5.85827892273e-11
1.09202946497e-08	5.80987198455e-11
1.0921353536e-08	5.80243223261e-11
1.09224124224e-08	5.87276694289e-11
1.09234713087e-08	5.83147133013e-11
1.0924530195e-08	5.83436016513e-11
1.09255890813e-08	5.93102619968e-11
1.09266479677e-08	5.83802294701e-11
1.0927706854e-08	5.88191986436e-11
1.09287657403e-08	5.90691224232e-11
1.09298246266e-08	5.85427301254e-11
1.09308835129e-08	5.8846010096e-11
1.09319423993e-08	5.8711530429e-11
1.09330012856e-08	5.84122077964e-11
1.09340601719e-08	5.93087337054e-11
1.09351190582e-08	5.88515651143e-11
1.09361779446e-08	5.92109516799e-11
1.09372368309e-08	5.98410383745e-11
1.09382957172e-08	5.9380834451e-11
1.09393546035e-08	5.92802829394e-11
1.09404134899e-08	5.97265444567e-11
1.09414723762e-08	5.89527376568e-11
1.09425312625e-08	5.94113148435e-11
1.09435901488e-08	5.94721156003e-11
1.09446490351e-08	5.93216118588e-11
1.09457079215e-08	5.99950844213e-11
1.09467668078e-08	5.98760732835e-11
1.09478256941e-08	5.990590966e-11
1.09488845804e-08	6.05375203092e-11
1.09499434668e-08	5.98496209189e-11
1.09510023531e-08	5.9813702602e-11
1.09520612394e-08	6.05293558331e-11
1.09531201257e-08	5.98643456855e-11
1.09541790121e-08	6.01963379317e-11
1.09552378984e-08	6.05320715427e-11
1.09562967847e-08	5.96097685102e-11
1.0957355671e-08	6.05346705922e-11
1.09584145573e-08	6.07408138543e-11
1.09594734437e-08	6.05383273893e-11
1.096053233e-08	6.10758210499e-11
1.09615912163e-08	6.06176901209e-11
1.09626501026e-08	6.01674404743e-11
1.0963708989e-08	6.10437191247e-11
1.09647678753e-08	6.03808097271e-11
1.09658267616e-08	6.06483049545e-11
1.09668856479e-08	6.09560453328e-11
1.09679445343e-08	6.01955742197e-11
1.09690034206e-08	6.10733256502e-11
1.09700623069e-08	6.12705073309e-11
1.09711211932e-08	6.06324868785e-11
1.09721800795e-08	6.16761862936e-11
1.09732389659e-08	6.14133873963e-11
1.09742978522e-08	6.05929902607e-11
1.09753567385e-08	6.15062510471e-11
1.09764156248e-08	6.13406586809e-11
1.09774745112e-08	6.10058102125e-11
1.09785333975e-08	6.20402236529e-11
1.09795922838e-08	6.16534948095e-11
1.09806511701e-08	6.17056436329e-11
1.09817100565e-08	6.17844902844e-11
1.09827689428e-08	6.11949896138e-11
1.09838278291e-08	6.16430712898e-11
1.09848867154e-08	6.18766591784e-11
1.09859456017e-08	6.1283933657e-11
1.09870044881e-08	6.19903746391e-11
1.09880633744e-08	6.17053994706e-11
1.09891222607e-08	6.15617019167e-11
1.0990181147e-08	6.22583477827e-11
1.09912400334e-08	6.18720339719e-11
1.09922989197e-08	6.2110888481e-11
1.0993357806e-08	6.26679901548e-11
1.09944166923e-08	6.21941009978e-11
1.09954755787e-08	6.22975078642e-11
1.0996534465e-08	6.23491605567e-11
1.09975933513e-08	6.17750655317e-11
1.09986522376e-08	6.28677938701e-11
1.09997111239e-08	6.28026003598e-11
1.10007700103e-08	6.22749924545e-11
1.10018288966e-08	6.33860824072e-11
1.10028877829e-08	6.29481987369e-11
1.10039466692e-08	6.25136513735e-11
1.10050055556e-08	6.33541669647e-11
1.10060644419e-08	6.25606016644e-11
1.10071233282e-08	6.26475108768e-11
1.10081822145e-08	6.34575551828e-11
1.10092411009e-08	6.27064082083e-11
1.10102999872e-08	6.29661349102e-11
1.10113588735e-08	6.33016711965e-11
1.10124177598e-08	6.2678111399e-11
1.10134766461e-08	6.321063898e-11
1.10145355325e-08	6.34668264124e-11
1.10155944188e-08	6.31259866428e-11
1.10166533051e-08	6.36964660704e-11
1.10177121914e-08	6.33214192886e-11
1.10187710778e-08	6.29594241325e-11
1.10198299641e-08	6.360880659e-11
1.10208888504e-08	6.2810321614e-11
1.10219477367e-08	6.32588491138e-11
1.10230066231e-08	6.39790932906e-11
1.10240655094e-08	6.31452897783e-11
1.10251243957e-08	6.39315475559e-11
1.1026183282e-08	6.41620042686e-11
1.10272421683e-08	6.35185207383e-11
1.10283010547e-08	6.42228011223e-11
1.1029359941e-08	6.39095022563e-11
1.10304188273e-08	6.33895392774e-11
1.10314777136e-08	6.47915054941e-11
1.10325366e-08	6.36656287585e-11
1.10335954863e-08	6.40667141734e-11
1.10346543726e-08	6.45098371423e-11
1.10357132589e-08	6.37194875856e-11
1.10367721453e-08	6.4380428072e-11
1.10378310316e-08	6.45528964484e-11
1.10388899179e-08	6.37959958298e-11
1.10399488042e-08	6.46365612943e-11
1.10410076905e-08	6.42372600425e-11
1.10420665769e-08	6.41068005972e-11
1.10431254632e-08	6.46235608429e-11
1.10441843495e-08	6.44149694522e-11
1.10452432358e-08	6.4478083029e-11
1.10463021222e-08	6.52475521529e-11
1.10473610085e-08	6.438327909e-11
1.10484198948e-08	6.47771771119e-11
1.10494787811e-08	6.52733045566e-11
1.10505376675e-08	6.46036245333e-11
1.10515965538e-08	6.50203254952e-11
1.10526554401e-08	6.49327384396e-11
1.10537143264e-08	6.46532944369e-11
1.10547732127e-08	6.51305563301e-11
1.10558320991e-08	6.51935987833e-11
1.10568909854e-08	6.49454058241e-11
1.10579498717e-08	6.57789942307e-11
1.1059008758e-08	6.51288992355e-11
1.10600676444e-08	6.4997173442e-11
1.10611265307e-08	6.56565253554e-11
1.1062185417e-08	6.50571649503e-11
1.10632443033e-08	6.54584997317e-11
1.10643031897e-08	6.57009364448e-11
1.1065362076e-08	6.510160553e-11
1.10664209623e-08	6.57921312916e-11
1.10674798486e-08	6.59533144244e-11
1.10685387349e-08	6.52201383178e-11
1.10695976213e-08	6.61573621406e-11
1.10706565076e-08	6.58551130295e-11
1.10717153939e-08	6.55669837001e-11
1.10727742802e-08	6.61342139906e-11
1.10738331666e-08	6.58113511603e-11
1.10748920529e-08	6.5905675882e-11
1.10759509392e-08	6.65804694364e-11
1.10770098255e-08	6.54541854744e-11
1.10780687119e-08	6.60000981818e-11
1.10791275982e-08	6.60810043837e-11
1.10801864845e-08	6.57522638767e-11
1.10812453708e-08	6.63556076405e-11
1.10823042571e-08	6.64347500623e-11
1.10833631435e-08	6.60275280631e-11
1.10844220298e-08	6.6562564488e-11
1.10854809161e-08	6.63139165975e-11
1.10865398024e-08	6.63910528116e-11
1.10875986888e-08	6.70415420227e-11
1.10886575751e-08	6.63478833506e-11
1.10897164614e-08	6.60169874496e-11
1.10907753477e-08	6.68153761485e-11
1.10918342341e-08	6.61428798017e-11
1.10928931204e-08	6.67547172054e-11
1.10939520067e-08	6.69306259721e-11
1.1095010893e-08	6.61562870458e-11
1.10960697793e-08	6.69440288793e-11
1.10971286657e-08	6.68165241018e-11
1.1098187552e-08	6.64285592679e-11
1.10992464383e-08	6.72357764082e-11
1.11003053246e-08	6.65886625353e-11
1.1101364211e-08	6.65386469881e-11
1.11024230973e-08	6.72263369104e-11
1.11034819836e-08	6.6690468252e-11
1.11045408699e-08	6.73940222205e-11
1.11055997563e-08	6.77177350653e-11
1.11066586426e-08	6.69319222442e-11
1.11077175289e-08	6.73973398792e-11
1.11087764152e-08	6.73731526298e-11
1.11098353015e-08	6.65874677445e-11
1.11108941879e-08	6.74580105317e-11
1.11119530742e-08	6.73888349637e-11
1.11130119605e-08	6.70315183568e-11
1.11140708468e-08	6.77831870494e-11
1.11151297332e-08	6.71661610878e-11
1.11161886195e-08	6.76606938879e-11
1.11172475058e-08	6.8201712073e-11
1.11183063921e-08	6.69814230123e-11
1.11193652784e-08	6.73679480256e-11
1.11204241648e-08	6.77221685848e-11
1.11214830511e-08	6.71575191291e-11
1.11225419374e-08	6.80097597162e-11
1.11236008237e-08	6.79916205802e-11
1.11246597101e-08	6.73128692542e-11
1.11257185964e-08	6.79773056421e-11
1.11267774827e-08	6.76613543839e-11
1.1127836369e-08	6.78428710779e-11
1.11288952554e-08	6.83386285928e-11
1.11299541417e-08	6.77483698482e-11
1.1131013028e-08	6.78415544228e-11
1.11320719143e-08	6.82549906351e-11
1.11331308006e-08	6.74115099679e-11
1.1134189687e-08	6.79087472019e-11
1.11352485733e-08	6.84680719239e-11
1.11363074596e-08	6.78870453776e-11
1.11373663459e-08	6.85017593864e-11
1.11384252323e-08	6.86584591264e-11
1.11394841186e-08	6.80704425118e-11
1.11405430049e-08	6.89087771219e-11
1.11416018912e-08	6.82538426819e-11
1.11426607776e-08	6.8240379493e-11
1.11437196639e-08	6.86652184764e-11
1.11447785502e-08	6.81230506033e-11
1.11458374365e-08	6.85570736465e-11
1.11468963228e-08	6.90160051504e-11
1.11479552092e-08	6.83707300844e-11
1.11490140955e-08	6.88328938118e-11
1.11500729818e-08	6.90636194067e-11
1.11511318681e-08	6.83659205636e-11
1.11521907545e-08	6.87548034999e-11
1.11532496408e-08	6.85929360186e-11
1.11543085271e-08	6.85659389509e-11
1.11553674134e-08	6.93395930951e-11
1.11564262998e-08	6.88705312397e-11
1.11574851861e-08	6.86476032269e-11
1.11585440724e-08	6.92668374914e-11
1.11596029587e-08	6.87125916062e-11
1.1160661845e-08	6.93092714298e-11
1.11617207314e-08	6.95412273773e-11
1.11627796177e-08	6.85685640212e-11
1.1163838504e-08	6.94284178759e-11
1.11648973903e-08	6.91748333961e-11
1.11659562767e-08	6.86699633788e-11
1.1167015163e-08	6.97510348091e-11
1.11680740493e-08	6.90074481932e-11
1.11691329356e-08	6.86508606039e-11
1.1170191822e-08	6.97581142156e-11
1.11712507083e-08	6.88282404161e-11
1.11723095946e-08	6.92477542322e-11
1.11733684809e-08	6.99258155719e-11
1.11744273672e-08	6.93856872999e-11
1.11754862536e-08	6.95388091727e-11
1.11765451399e-08	7.00106981937e-11
1.11776040262e-08	6.91619556764e-11
1.11786629125e-08	6.97611933498e-11
1.11797217989e-08	6.97737800696e-11
1.11807806852e-08	6.93769794217e-11
1.11818395715e-08	7.00971320919e-11
1.11828984578e-08	6.91751738356e-11
1.11839573442e-08	6.95427461277e-11
1.11850162305e-08	7.00655414763e-11
1.11860751168e-08	6.94708266608e-11
1.11871340031e-08	7.01008058025e-11
1.11881928894e-08	7.03008909766e-11
1.11892517758e-08	6.92313780089e-11
1.11903106621e-08	7.00035272805e-11
1.11913695484e-08	7.004764737e-11
1.11924284347e-08	6.93224843848e-11
1.11934873211e-08	7.02871085986e-11
1.11945462074e-08	7.01069150649e-11
1.11956050937e-08	6.95812344374e-11
1.119666398e-08	7.04887411461e-11
1.11977228664e-08	6.99052152969e-11
1.11987817527e-08	6.97799214244e-11
1.1199840639e-08	7.01939140493e-11
1.12008995253e-08	6.9308371542e-11
1.12019584116e-08	6.98064405759e-11
1.1203017298e-08	7.01053156499e-11
1.12040761843e-08	6.97420918759e-11
1.12051350706e-08	7.02831499597e-11
1.12061939569e-08	7.04573200998e-11
1.12072528433e-08	6.98047375111e-11
1.12083117296e-08	7.07226876888e-11
1.12093706159e-08	7.03979062544e-11
1.12104295022e-08	7.00734140852e-11
1.12114883886e-08	7.08382050935e-11
1.12125472749e-08	6.98442709918e-11
1.12136061612e-08	7.00206091026e-11
1.12146650475e-08	7.04001613949e-11
1.12157239338e-08	7.00753270515e-11
1.12167828202e-08	7.07389914874e-11
1.12178417065e-08	7.05635376519e-11
1.12189005928e-08	6.97636249984e-11
1.12199594791e-08	7.06680560424e-11
1.12210183655e-08	7.05679694367e-11
1.12220772518e-08	7.03418772882e-11
1.12231361381e-08	7.1324759033e-11
1.12241950244e-08	7.05824955774e-11
1.12252539108e-08	7.02656509366e-11
1.12263127971e-08	7.12868605292e-11
1.12273716834e-08	7.02621164375e-11
1.12284305697e-08	7.05073317439e-11
1.1229489456e-08	7.07865515336e-11
1.12305483424e-08	7.02114369248e-11
1.12316072287e-08	7.0940721613e-11
1.1232666115e-08	7.11309171286e-11
1.12337250013e-08	7.08412026956e-11
1.12347838877e-08	7.15380901219e-11
1.1235842774e-08	7.08129136925e-11
1.12369016603e-08	7.04263015093e-11
1.12379605466e-08	7.12424611492e-11
1.1239019433e-08	7.03739514579e-11
1.12400783193e-08	7.04794863964e-11
1.12411372056e-08	7.10338328956e-11
1.12421960919e-08	7.03705414253e-11
1.12432549782e-08	7.0891780727e-11
1.12443138646e-08	7.15206526815e-11
1.12453727509e-08	7.08372197705e-11
1.12464316372e-08	7.14156516042e-11
1.12474905235e-08	7.10765036237e-11
1.12485494099e-08	7.06292789011e-11
1.12496082962e-08	7.12336656675e-11
1.12506671825e-08	7.08718903876e-11
1.12517260688e-08	7.05376239189e-11
1.12527849552e-08	7.14722465239e-11
1.12538438415e-08	7.09442270555e-11
1.12549027278e-08	7.14841788194e-11
1.12559616141e-08	7.18044144109e-11
1.12570205004e-08	7.0703935328e-11
1.12580793868e-08	7.13637096465e-11
1.12591382731e-08	7.16652561947e-11
1.12601971594e-08	7.08047730689e-11
1.12612560457e-08	7.15421415685e-11
1.12623149321e-08	7.1279934212e-11
1.12633738184e-08	7.0878609839e-11
1.12644327047e-08	7.16385700761e-11
1.1265491591e-08	7.14292583415e-11
1.12665504774e-08	7.12192757026e-11
1.12676093637e-08	7.18739083007e-11
1.126866825e-08	7.12461049358e-11
1.12697271363e-08	7.17645478633e-11
1.12707860226e-08	7.129228154e-11
1.1271844909e-08	7.04447450893e-11
1.12729037953e-08	7.16957387556e-11
1.12739626816e-08	7.13223330222e-11
1.12750215679e-08	7.09253753818e-11
1.12760804543e-08	7.20417783588e-11
1.12771393406e-08	7.13207140915e-11
1.12781982269e-08	7.13538707287e-11
1.12792571132e-08	7.17077339348e-11
1.12803159996e-08	7.10322313122e-11
1.12813748859e-08	7.12736402016e-11
1.12824337722e-08	7.15612569202e-11
1.12834926585e-08	7.10056744305e-11
1.12845515448e-08	7.17581632136e-11
1.12856104312e-08	7.18905625134e-11
1.12866693175e-08	7.11225791802e-11
1.12877282038e-08	7.21962498465e-11
1.12887870901e-08	7.17627051533e-11
1.12898459765e-08	7.12686576421e-11
1.12909048628e-08	7.18161289985e-11
1.12919637491e-08	7.10905835068e-11
1.12930226354e-08	7.10384411885e-11
1.12940815218e-08	7.20158095484e-11
1.12951404081e-08	7.17256688071e-11
1.12961992944e-08	7.16867268671e-11
1.12972581807e-08	7.21233697765e-11
1.1298317067e-08	7.14262464278e-11
1.12993759534e-08	7.1688413452e-11
1.13004348397e-08	7.19676731403e-11
1.1301493726e-08	7.14612314635e-11
1.13025526123e-08	7.20661490552e-11
1.13036114987e-08	7.18468297009e-11
1.1304670385e-08	7.12247170964e-11
1.13057292713e-08	7.19829204923e-11
1.13067881576e-08	7.13752169347e-11
1.1307847044e-08	7.14197902207e-11
1.13089059303e-08	7.23361483559e-11
1.13099648166e-08	7.15605400457e-11
1.13110237029e-08	7.16588867238e-11
1.13120825892e-08	7.22526899422e-11
1.13131414756e-08	7.14027838591e-11
1.13142003619e-08	7.18491186685e-11
1.13152592482e-08	7.17536897954e-11
1.13163181345e-08	7.12567006268e-11
1.13173770209e-08	7.22031995824e-11
1.13184359072e-08	7.15110340735e-11
1.13194947935e-08	7.16299454646e-11
1.13205536798e-08	7.28999915989e-11
1.13216125662e-08	7.1669653285e-11
1.13226714525e-08	7.15788934201e-11
1.13237303388e-08	7.28055506508e-11
1.13247892251e-08	7.15859723929e-11
1.13258481114e-08	7.17550923193e-11
1.13269069978e-08	7.19279184824e-11
1.13279658841e-08	7.10005648025e-11
1.13290247704e-08	7.23523229176e-11
1.13300836567e-08	7.18763729091e-11
1.13311425431e-08	7.1721237456e-11
1.13322014294e-08	7.22153573919e-11
1.13332603157e-08	7.18983839479e-11
1.1334319202e-08	7.19848195808e-11
1.13353780884e-08	7.25416493368e-11
1.13364369747e-08	7.15967628066e-11
1.1337495861e-08	7.17882593648e-11
1.13385547473e-08	7.20583332586e-11
1.13396136336e-08	7.14730596756e-11
1.134067252e-08	7.19487243221e-11
1.13417314063e-08	7.20691366828e-11
1.13427902926e-08	7.14435303452e-11
1.13438491789e-08	7.21292530911e-11
1.13449080653e-08	7.22278912027e-11
1.13459669516e-08	7.19025576926e-11
1.13470258379e-08	7.25341076264e-11
1.13480847242e-08	7.16355143607e-11
1.13491436106e-08	7.18770533543e-11
1.13502024969e-08	7.22631073903e-11
1.13512613832e-08	7.15317696569e-11
1.13523202695e-08	7.20175924104e-11
1.13533791558e-08	7.23547519642e-11
1.13544380422e-08	7.14914785357e-11
1.13554969285e-08	7.2263269587e-11
1.13565558148e-08	7.22285473619e-11
1.13576147011e-08	7.12707579585e-11
1.13586735875e-08	7.23812160382e-11
1.13597324738e-08	7.21143682963e-11
1.13607913601e-08	7.19687703529e-11
1.13618502464e-08	7.26293357053e-11
1.13629091328e-08	7.21649801548e-11
1.13639680191e-08	7.18260824081e-11
1.13650269054e-08	7.23107125393e-11
1.13660857917e-08	7.14999817165e-11
1.1367144678e-08	7.21838214202e-11
1.13682035644e-08	7.24162453093e-11
1.13692624507e-08	7.14934327017e-11
1.1370321337e-08	7.28104382341e-11
1.13713802233e-08	7.26911456375e-11
1.13724391097e-08	7.20050477576e-11
1.1373497996e-08	7.25862338985e-11
1.13745568823e-08	7.17449450544e-11
1.13756157686e-08	7.12499451799e-11
1.1376674655e-08	7.2084644677e-11
1.13777335413e-08	7.17784911369e-11
1.13787924276e-08	7.19997702951e-11
1.13798513139e-08	7.23583797047e-11
1.13809102002e-08	7.16589474391e-11
1.13819690866e-08	7.19703749721e-11
1.13830279729e-08	7.1874507214e-11
1.13840868592e-08	7.11756031717e-11
1.13851457455e-08	7.23762985308e-11
1.13862046319e-08	7.17907933621e-11
1.13872635182e-08	7.16168704201e-11
1.13883224045e-08	7.26332878391e-11
1.13893812908e-08	7.22218899268e-11
1.13904401772e-08	7.18154307723e-11
1.13914990635e-08	7.24728384943e-11
1.13925579498e-08	7.16635991001e-11
1.13936168361e-08	7.1943723548e-11
1.13946757224e-08	7.2129034516e-11
1.13957346088e-08	7.2005641033e-11
1.13967934951e-08	7.22115540107e-11
1.13978523814e-08	7.20428374075e-11
1.13989112677e-08	7.18687097681e-11
1.13999701541e-08	7.23072855931e-11
1.14010290404e-08	7.16833016556e-11
1.14020879267e-08	7.17838891627e-11
1.1403146813e-08	7.22116017156e-11
1.14042056994e-08	7.17016663057e-11
1.14052645857e-08	7.1664593964e-11
1.1406323472e-08	7.22261699233e-11
1.14073823583e-08	7.13390535881e-11
1.14084412446e-08	7.15928236833e-11
1.1409500131e-08	7.19706126293e-11
1.14105590173e-08	7.1675057816e-11
1.14116179036e-08	7.23185318054e-11
1.14126767899e-08	7.21237089149e-11
1.14137356763e-08	7.16426423394e-11
1.14147945626e-08	7.23313401362e-11
1.14158534489e-08	7.13259828804e-11
1.14169123352e-08	7.14818941885e-11
1.14179712216e-08	7.21060815223e-11
1.14190301079e-08	7.0975021433e-11
1.14200889942e-08	7.16214205998e-11
1.14211478805e-08	7.18822484175e-11
1.14222067668e-08	7.12389904012e-11
1.14232656532e-08	7.16682325465e-11
1.14243245395e-08	7.24622705589e-11
1.14253834258e-08	7.12864064653e-11
1.14264423121e-08	7.23473277814e-11
1.14275011985e-08	7.23524968237e-11
1.14285600848e-08	7.17637195329e-11
1.14296189711e-08	7.21072012863e-11
1.14306778574e-08	7.14672748064e-11
1.14317367438e-08	7.1590687805e-11
1.14327956301e-08	7.18684573658e-11
1.14338545164e-08	7.1154492888e-11
1.14349134027e-08	7.18968383093e-11
1.1435972289e-08	7.21008721477e-11
1.14370311754e-08	7.12920581944e-11
1.14380900617e-08	7.17983211947e-11
1.1439148948e-08	7.15851505677e-11
1.14402078343e-08	7.08884461548e-11
1.14412667207e-08	7.21417170793e-11
1.1442325607e-08	7.15437921579e-11
1.14433844933e-08	7.13451450696e-11
1.14444433796e-08	7.1885339261e-11
1.1445502266e-08	7.18220986157e-11
1.14465611523e-08	7.14250316877e-11
1.14476200386e-08	7.18984932355e-11
1.14486789249e-08	7.13350030088e-11
1.14497378112e-08	7.1867769548e-11
1.14507966976e-08	7.1601181581e-11
1.14518555839e-08	7.12230296442e-11
1.14529144702e-08	7.20446918269e-11
1.14539733565e-08	7.21027148577e-11
1.14550322429e-08	7.12834413892e-11
1.14560911292e-08	7.20397678143e-11
1.14571500155e-08	7.14503044404e-11
1.14582089018e-08	7.17020596543e-11
1.14592677882e-08	7.19812386779e-11
1.14603266745e-08	7.13278130136e-11
1.14613855608e-08	7.16551254096e-11
1.14624444471e-08	7.16990447049e-11
1.14635033334e-08	7.14108702726e-11
1.14645622198e-08	7.20804678965e-11
1.14656211061e-08	7.15598218702e-11
1.14666799924e-08	7.11181179051e-11
1.14677388787e-08	7.20666391146e-11
1.14687977651e-08	7.14525686882e-11
1.14698566514e-08	7.07825235056e-11
1.14709155377e-08	7.17400947675e-11
1.1471974424e-08	7.11338479439e-11
1.14730333104e-08	7.09642722189e-11
1.14740921967e-08	7.19074092805e-11
1.1475151083e-08	7.13223447316e-11
1.14762099693e-08	7.1535487603e-11
1.14772688556e-08	7.14594013303e-11
1.1478327742e-08	7.10838831373e-11
1.14793866283e-08	7.15043224284e-11
1.14804455146e-08	7.16228001386e-11
1.14815044009e-08	7.07594885463e-11
1.14825632873e-08	7.19796024e-11
1.14836221736e-08	7.12765541033e-11
1.14846810599e-08	7.10911260415e-11
1.14857399462e-08	7.20614106581e-11
1.14867988326e-08	7.08843374622e-11
1.14878577189e-08	7.08779979153e-11
1.14889166052e-08	7.1712973667e-11
1.14899754915e-08	7.07918493791e-11
1.14910343778e-08	7.10035246744e-11
1.14920932642e-08	7.14268696272e-11
1.14931521505e-08	7.10364610017e-11
1.14942110368e-08	7.15158613752e-11
1.14952699231e-08	7.15292209144e-11
1.14963288095e-08	7.08170427681e-11
1.14973876958e-08	7.13662831088e-11
1.14984465821e-08	7.05429876839e-11
1.14995054684e-08	7.08559283295e-11
1.15005643548e-08	7.1635360404e-11
1.15016232411e-08	7.07322893832e-11
1.15026821274e-08	7.12048926765e-11
1.15037410137e-08	7.1657887523e-11
1.15047999e-08	7.04079364255e-11
1.15058587864e-08	7.14843188983e-11
1.15069176727e-08	7.16453606511e-11
1.1507976559e-08	7.0634199878e-11
1.15090354453e-08	7.11086064163e-11
1.15100943317e-08	7.09181242377e-11
1.1511153218e-08	7.04409464786e-11
1.15122121043e-08	7.13446025348e-11
1.15132709906e-08	7.02966829712e-11
1.1514329877e-08	7.06688509794e-11
1.15153887633e-08	7.17141008036e-11
1.15164476496e-08	7.03168660451e-11
1.15175065359e-08	7.11407903073e-11
1.15185654222e-08	7.06543617016e-11
1.15196243086e-08	6.95741225049e-11
1.15206831949e-08	7.10167415326e-11
1.15217420812e-08	7.06360035567e-11
1.15228009675e-08	7.01133296387e-11
1.15238598539e-08	7.12351427845e-11
1.15249187402e-08	7.06856582815e-11
1.15259776265e-08	7.08427864982e-11
1.15270365128e-08	7.08868918425e-11
1.15280953992e-08	7.0202494859e-11
1.15291542855e-08	7.07094096816e-11
1.15302131718e-08	7.08757870102e-11
1.15312720581e-08	6.98397533382e-11
1.15323309444e-08	7.09314495161e-11
1.15333898308e-08	7.04552761618e-11
1.15344487171e-08	7.02279840184e-11
1.15355076034e-08	7.08461123967e-11
1.15365664897e-08	7.05365531609e-11
1.15376253761e-08	6.97209239127e-11
1.15386842624e-08	7.07871595541e-11
1.15397431487e-08	7.02483353605e-11
1.1540802035e-08	7.00663333776e-11
1.15418609214e-08	7.05706504518e-11
1.15429198077e-08	7.03526993606e-11
1.1543978694e-08	7.06546531351e-11
1.15450375803e-08	7.08972936782e-11
1.15460964666e-08	6.98608458409e-11
1.1547155353e-08	7.01928276788e-11
1.15482142393e-08	7.0271822649e-11
1.15492731256e-08	6.97604383114e-11
1.15503320119e-08	7.05053324751e-11
1.15513908983e-08	7.02131915976e-11
1.15524497846e-08	6.96059494765e-11
1.15535086709e-08	7.05337403067e-11
1.15545675572e-08	6.9949587355e-11
1.15556264436e-08	6.93028395088e-11
1.15566853299e-08	7.04226304007e-11
1.15577442162e-08	6.95380207409e-11
1.15588031025e-08	6.98984186503e-11
1.15598619888e-08	7.01737847518e-11
1.15609208752e-08	6.93140050564e-11
1.15619797615e-08	7.04716437115e-11
1.15630386478e-08	6.98713899239e-11
1.15640975341e-08	6.98174300491e-11
1.15651564205e-08	7.03125713035e-11
1.15662153068e-08	6.95246551302e-11
1.15672741931e-08	6.92924728013e-11
1.15683330794e-08	7.02224498168e-11
1.15693919658e-08	6.92670924958e-11
1.15704508521e-08	6.9148966067e-11
1.15715097384e-08	6.99385445391e-11
1.15725686247e-08	6.92297890022e-11
1.1573627511e-08	6.99782935591e-11
1.15746863974e-08	7.0056543032e-11
1.15757452837e-08	6.96162173047e-11
1.157680417e-08	6.99981526735e-11
1.15778630563e-08	6.9474487361e-11
1.15789219427e-08	6.93752789591e-11
1.1579980829e-08	7.01460504265e-11
1.15810397153e-08	6.9521005272e-11
1.15820986016e-08	6.92865439501e-11
1.15831574879e-08	7.00907114466e-11
1.15842163743e-08	6.90050195803e-11
1.15852752606e-08	6.91578083863e-11
1.15863341469e-08	6.95455919415e-11
1.15873930332e-08	6.86631446145e-11
1.15884519196e-08	6.92394553151e-11
1.15895108059e-08	6.92038093497e-11
1.15905696922e-08	6.88008196421e-11
1.15916285785e-08	6.98960091194e-11
1.15926874649e-08	6.92870019171e-11
1.15937463512e-08	6.88586353735e-11
1.15948052375e-08	6.96299181507e-11
1.15958641238e-08	6.8779023709e-11
1.15969230101e-08	6.88663999958e-11
1.15979818965e-08	6.95598049646e-11
1.15990407828e-08	6.81510104426e-11
1.16000996691e-08	6.88682470426e-11
1.16011585554e-08	6.93061458917e-11
1.16022174418e-08	6.86587444884e-11
1.16032763281e-08	6.91046586274e-11
1.16043352144e-08	6.93393107688e-11
1.16053941007e-08	6.87019972162e-11
1.16064529871e-08	6.91406441648e-11
1.16075118734e-08	6.86540030555e-11
1.16085707597e-08	6.80756826778e-11
1.1609629646e-08	6.88939673539e-11
1.16106885323e-08	6.84376834717e-11
1.16117474187e-08	6.89426354547e-11
1.1612806305e-08	6.89747022518e-11
1.16138651913e-08	6.84831020017e-11
1.16149240776e-08	6.9018344425e-11
1.1615982964e-08	6.90212904192e-11
1.16170418503e-08	6.79860490821e-11
1.16181007366e-08	6.89319491244e-11
1.16191596229e-08	6.85071535091e-11
1.16202185093e-08	6.81684517861e-11
1.16212773956e-08	6.9147397877e-11
1.16223362819e-08	6.83245409035e-11
1.16233951682e-08	6.81697575992e-11
1.16244540545e-08	6.84381704953e-11
1.16255129409e-08	6.83086478007e-11
1.16265718272e-08	6.82343279101e-11
1.16276307135e-08	6.87395348975e-11
1.16286895998e-08	6.768672298e-11
1.16297484862e-08	6.83067994528e-11
1.16308073725e-08	6.82229541957e-11
1.16318662588e-08	6.75667963419e-11
1.16329251451e-08	6.82491346424e-11
1.16339840315e-08	6.77567025924e-11
1.16350429178e-08	6.7322745035e-11
1.16361018041e-08	6.84214629398e-11
1.16371606904e-08	6.74784824371e-11
1.16382195767e-08	6.76643675986e-11
1.16392784631e-08	6.83702634438e-11
1.16403373494e-08	6.77317741823e-11
1.16413962357e-08	6.7841021429e-11
1.1642455122e-08	6.83316029627e-11
1.16435140084e-08	6.72714193378e-11
1.16445728947e-08	6.81343033208e-11
1.1645631781e-08	6.70833670731e-11
1.16466906673e-08	6.66328784683e-11
1.16477495537e-08	6.8099984419e-11
1.164880844e-08	6.74785570302e-11
1.16498673263e-08	6.6893279544e-11
1.16509262126e-08	6.83088659421e-11
1.16519850989e-08	6.72137176645e-11
1.16530439853e-08	6.71912031222e-11
1.16541028716e-08	6.77553750952e-11
1.16551617579e-08	6.65400208891e-11
1.16562206442e-08	6.733260954e-11
1.16572795306e-08	6.76774990216e-11
1.16583384169e-08	6.67396277132e-11
1.16593973032e-08	6.73958905177e-11
1.16604561895e-08	6.69381685497e-11
1.16615150759e-08	6.65996285898e-11
1.16625739622e-08	6.76409215097e-11
1.16636328485e-08	6.64982912485e-11
1.16646917348e-08	6.658669666e-11
1.16657506211e-08	6.72248550229e-11
1.16668095075e-08	6.62811745593e-11
1.16678683938e-08	6.66148828807e-11
1.16689272801e-08	6.74064849077e-11
1.16699861664e-08	6.64809591926e-11
1.16710450528e-08	6.72185679514e-11
1.16721039391e-08	6.69527376249e-11
1.16731628254e-08	6.64206753834e-11
1.16742217117e-08	6.69269401184e-11
1.16752805981e-08	6.68123902557e-11
1.16763394844e-08	6.6455300464e-11
1.16773983707e-08	6.69968108769e-11
1.1678457257e-08	6.62266539352e-11
1.16795161433e-08	6.64940060478e-11
1.16805750297e-08	6.65937773675e-11
1.1681633916e-08	6.55486376983e-11
1.16826928023e-08	6.62105192721e-11
1.16837516886e-08	6.66690773768e-11
1.1684810575e-08	6.57244280701e-11
1.16858694613e-08	6.64504072427e-11
1.16869283476e-08	6.62311737572e-11
1.16879872339e-08	6.55302153686e-11
1.16890461203e-08	6.65332585033e-11
1.16901050066e-08	6.58443538408e-11
1.16911638929e-08	6.56709014425e-11
1.16922227792e-08	6.64649151688e-11
1.16932816655e-08	6.52392358885e-11
1.16943405519e-08	6.58410899586e-11
1.16953994382e-08	6.63492195213e-11
1.16964583245e-08	6.5287882739e-11
1.16975172108e-08	6.58349394965e-11
1.16985760972e-08	6.59129257251e-11
1.16996349835e-08	6.50277934798e-11
1.17006938698e-08	6.61582065173e-11
1.17017527561e-08	6.5322889025e-11
1.17028116425e-08	6.51204728162e-11
1.17038705288e-08	6.6324211314e-11
1.17049294151e-08	6.51968314405e-11
1.17059883014e-08	6.51581197851e-11
1.17070471877e-08	6.5716964856e-11
1.17081060741e-08	6.48465218155e-11
1.17091649604e-08	6.52840633115e-11
1.17102238467e-08	6.55586817472e-11
1.1711282733e-08	6.48503867794e-11
1.17123416194e-08	6.55005806538e-11
1.17134005057e-08	6.5199034973e-11
1.1714459392e-08	6.44876344165e-11
1.17155182783e-08	6.59786370504e-11
1.17165771647e-08	6.49697687143e-11
1.1717636051e-08	6.47923130079e-11
1.17186949373e-08	6.58284555338e-11
1.17197538236e-08	6.48007320546e-11
1.17208127099e-08	6.44064931596e-11
1.17218715963e-08	6.51063838258e-11
1.17229304826e-08	6.42548479701e-11
1.17239893689e-08	6.4801374336e-11
1.17250482552e-08	6.46007826226e-11
1.17261071416e-08	6.42737612265e-11
1.17271660279e-08	6.46056749765e-11
1.17282249142e-08	6.45764184314e-11
1.17292838005e-08	6.39157299136e-11
1.17303426869e-08	6.47036057545e-11
1.17314015732e-08	6.44731815679e-11
1.17324604595e-08	6.42511764279e-11
1.17335193458e-08	6.4976620872e-11
1.17345782321e-08	6.42181204047e-11
1.17356371185e-08	6.4032103838e-11
1.17366960048e-08	6.47209755407e-11
1.17377548911e-08	6.37321896646e-11
1.17388137774e-08	6.36196030752e-11
1.17398726638e-08	6.38469585361e-11
1.17409315501e-08	6.31774623935e-11
1.17419904364e-08	6.35908730187e-11
1.17430493227e-08	6.39323294825e-11
1.17441082091e-08	6.35431395002e-11
1.17451670954e-08	6.44288650209e-11
1.17462259817e-08	6.36702695775e-11
1.1747284868e-08	6.37271333793e-11
1.17483437543e-08	6.42109022203e-11
1.17494026407e-08	6.31538029337e-11
1.1750461527e-08	6.35615796107e-11
1.17515204133e-08	6.39723612625e-11
1.17525792996e-08	6.28526341216e-11
1.1753638186e-08	6.36813332101e-11
1.17546970723e-08	6.36113128318e-11
1.17557559586e-08	6.2723346482e-11
1.17568148449e-08	6.35067970434e-11
1.17578737313e-08	6.28429352827e-11
1.17589326176e-08	6.24801443222e-11
1.17599915039e-08	6.33912037445e-11
1.17610503902e-08	6.26813752812e-11
1.17621092765e-08	6.30502026457e-11
1.17631681629e-08	6.35782784926e-11
1.17642270492e-08	6.23085255266e-11
1.17652859355e-08	6.27680464028e-11
1.17663448218e-08	6.27532565842e-11
1.17674037082e-08	6.18601550192e-11
1.17684625945e-08	6.30906511929e-11
1.17695214808e-08	6.31275561339e-11
1.17705803671e-08	6.22581500243e-11
1.17716392535e-08	6.26417914935e-11
1.17726981398e-08	6.24609092746e-11
1.17737570261e-08	6.24157058503e-11
1.17748159124e-08	6.27852284052e-11
1.17758747987e-08	6.21932609579e-11
1.17769336851e-08	6.2413499282e-11
1.17779925714e-08	6.28822085548e-11
1.17790514577e-08	6.18391210634e-11
1.1780110344e-08	6.23580388714e-11
1.17811692304e-08	6.22626451265e-11
1.17822281167e-08	6.16683167205e-11
1.1783287003e-08	6.22372947449e-11
1.17843458893e-08	6.21604144026e-11
1.17854047757e-08	6.14542301595e-11
1.1786463662e-08	6.21491313274e-11
1.17875225483e-08	6.15037257234e-11
1.17885814346e-08	6.11935168336e-11
1.17896403209e-08	6.19795764191e-11
1.17906992073e-08	6.13310049448e-11
1.17917580936e-08	6.14504059616e-11
1.17928169799e-08	6.22737091928e-11
1.17938758662e-08	6.10997962294e-11
1.17949347526e-08	6.16752200526e-11
1.17959936389e-08	6.17142938315e-11
1.17970525252e-08	6.10734665965e-11
1.17981114115e-08	6.19485925231e-11
1.17991702979e-08	6.14608663442e-11
1.18002291842e-08	6.08801910794e-11
1.18012880705e-08	6.21073002055e-11
1.18023469568e-08	6.10615568525e-11
1.18034058431e-08	6.12464449816e-11
1.18044647295e-08	6.19718755479e-11
1.18055236158e-08	6.08762029501e-11
1.18065825021e-08	6.10580232208e-11
1.18076413884e-08	6.13714686709e-11
1.18087002748e-08	6.03858365221e-11
1.18097591611e-08	6.11491361019e-11
1.18108180474e-08	6.06880296884e-11
1.18118769337e-08	6.02792225857e-11
1.18129358201e-08	6.1720833739e-11
1.18139947064e-08	6.07360355585e-11
1.18150535927e-08	6.05220669588e-11
1.1816112479e-08	6.12881438308e-11
1.18171713653e-08	6.00960579043e-11
1.18182302517e-08	6.01566895256e-11
1.1819289138e-08	6.09550183765e-11
1.18203480243e-08	5.99187097508e-11
1.18214069106e-08	6.04291599399e-11
1.1822465797e-08	6.06866549201e-11
1.18235246833e-08	5.99498601803e-11
1.18245835696e-08	6.06415946104e-11
1.18256424559e-08	6.02000485052e-11
1.18267013423e-08	5.97535311161e-11
1.18277602286e-08	6.06350343199e-11
1.18288191149e-08	5.98489591219e-11
1.18298780012e-08	5.9631485947e-11
1.18309368875e-08	6.05294039717e-11
1.18319957739e-08	5.95022399408e-11
1.18330546602e-08	5.95530387157e-11
1.18341135465e-08	6.00211473405e-11
1.18351724328e-08	5.94549401031e-11
1.18362313192e-08	5.97467136529e-11
1.18372902055e-08	6.00150940229e-11
1.18383490918e-08	5.92081856633e-11
1.18394079781e-08	5.99054612339e-11
1.18404668645e-08	5.97754649598e-11
1.18415257508e-08	5.91457599043e-11
1.18425846371e-08	5.99984211619e-11
1.18436435234e-08	5.93915736903e-11
1.18447024097e-08	5.9133567834e-11
1.18457612961e-08	5.9704647476e-11
1.18468201824e-08	5.86070393604e-11
1.18478790687e-08	5.96155412362e-11
1.1848937955e-08	5.97057746125e-11
1.18499968414e-08	5.85324388784e-11
1.18510557277e-08	5.92726479877e-11
1.1852114614e-08	5.90638167715e-11
1.18531735003e-08	5.81912478273e-11
1.18542323867e-08	5.93311788588e-11
1.1855291273e-08	5.85042626323e-11
1.18563501593e-08	5.828940065e-11
1.18574090456e-08	5.91299665481e-11
1.18584679319e-08	5.84435542496e-11
1.18595268183e-08	5.90463160137e-11
1.18605857046e-08	5.89747092307e-11
1.18616445909e-08	5.83483187981e-11
1.18627034772e-08	5.89634161809e-11
1.18637623636e-08	5.85972516169e-11
1.18648212499e-08	5.76868696041e-11
1.18658801362e-08	5.86390359013e-11
1.18669390225e-08	5.83236462598e-11
1.18679979089e-08	5.80370751457e-11
1.18690567952e-08	5.89502522318e-11
1.18701156815e-08	5.79253507139e-11
1.18711745678e-08	5.77692407799e-11
1.18722334541e-08	5.88077889337e-11
1.18732923405e-08	5.77448032966e-11
1.18743512268e-08	5.83013845534e-11
1.18754101131e-08	5.83881931519e-11
1.18764689994e-08	5.77200214708e-11
1.18775278858e-08	5.82886100498e-11
1.18785867721e-08	5.79314929361e-11
1.18796456584e-08	5.7084402743e-11
1.18807045447e-08	5.80328879569e-11
1.18817634311e-08	5.78811885574e-11
1.18828223174e-08	5.72556190827e-11
1.18838812037e-08	5.81736429861e-11
1.188494009e-08	5.73255635669e-11
1.18859989763e-08	5.70584751322e-11
1.18870578627e-08	5.75386786827e-11
1.1888116749e-08	5.68827797365e-11
1.18891756353e-08	5.69398985427e-11
1.18902345216e-08	5.75626850872e-11
1.1891293408e-08	5.66303891801e-11
1.18923522943e-08	5.71977682232e-11
1.18934111806e-08	5.68939010487e-11
1.18944700669e-08	5.63003771208e-11
1.18955289533e-08	5.73667797293e-11
1.18965878396e-08	5.66707613996e-11
1.18976467259e-08	5.64462309359e-11
1.18987056122e-08	5.71628946434e-11
1.18997644985e-08	5.6456819688e-11
1.19008233849e-08	5.65280036322e-11
1.19018822712e-08	5.70140657775e-11
1.19029411575e-08	5.60405831983e-11
1.19040000438e-08	5.65500571717e-11
1.19050589302e-08	5.71192121379e-11
1.19061178165e-08	5.61079754706e-11
1.19071767028e-08	5.67088403146e-11
1.19082355891e-08	5.6205498155e-11
1.19092944755e-08	5.60620963715e-11
1.19103533618e-08	5.66319183389e-11
1.19114122481e-08	5.56424325018e-11
1.19124711344e-08	5.56466513493e-11
1.19135300207e-08	5.63847926682e-11
1.19145889071e-08	5.52292955293e-11
1.19156477934e-08	5.56196646899e-11
1.19167066797e-08	5.66469653303e-11
1.1917765566e-08	5.54457222322e-11
1.19188244524e-08	5.58706587939e-11
1.19198833387e-08	5.58402213358e-11
1.1920942225e-08	5.494245163e-11
1.19220011113e-08	5.55871156396e-11
1.19230599977e-08	5.50688921547e-11
1.1924118884e-08	5.4917096478e-11
1.19251777703e-08	5.58119861091e-11
1.19262366566e-08	5.46309282534e-11
1.19272955429e-08	5.49639023531e-11
1.19283544293e-08	5.56695436277e-11
1.19294133156e-08	5.44742610395e-11
1.19304722019e-08	5.4678664374e-11
1.19315310882e-08	5.54680186331e-11
1.19325899746e-08	5.39010685044e-11
1.19336488609e-08	5.47609861103e-11
1.19347077472e-08	5.52389744189e-11
1.19357666335e-08	5.43150043171e-11
1.19368255199e-08	5.49350747184e-11
1.19378844062e-08	5.43334691475e-11
1.19389432925e-08	5.43534800501e-11
1.19400021788e-08	5.4579635516e-11
1.19410610651e-08	5.42410664994e-11
1.19421199515e-08	5.41617436664e-11
1.19431788378e-08	5.44811027889e-11
1.19442377241e-08	5.36829339662e-11
1.19452966104e-08	5.44734561278e-11
1.19463554968e-08	5.40228113979e-11
1.19474143831e-08	5.34221993899e-11
1.19484732694e-08	5.44786251701e-11
1.19495321557e-08	5.39145724593e-11
1.19505910421e-08	5.30998652166e-11
1.19516499284e-08	5.41742388796e-11
1.19527088147e-08	5.35494994701e-11
1.1953767701e-08	5.31824788201e-11
1.19548265873e-08	5.35936711676e-11
1.19558854737e-08	5.29943597685e-11
1.195694436e-08	5.35686451794e-11
1.19580032463e-08	5.35408154444e-11
1.19590621326e-08	5.29457315664e-11
1.1960121019e-08	5.32974571595e-11
1.19611799053e-08	5.32807240168e-11
1.19622387916e-08	5.2660362182e-11
1.19632976779e-08	5.38946569664e-11
1.19643565643e-08	5.30181007603e-11
1.19654154506e-08	5.21366578382e-11
1.19664743369e-08	5.32623524278e-11
1.19675332232e-08	5.2573355825e-11
1.19685921095e-08	5.25931073865e-11
1.19696509959e-08	5.34799465997e-11
1.19707098822e-08	5.28743459606e-11
1.19717687685e-08	5.27661044199e-11
1.19728276548e-08	5.29757101901e-11
1.19738865412e-08	5.17695430795e-11
1.19749454275e-08	5.23204613315e-11
1.19760043138e-08	5.21393314808e-11
1.19770632001e-08	5.19446824963e-11
1.19781220865e-08	5.33076048581e-11
1.19791809728e-08	5.21822051715e-11
1.19802398591e-08	5.15979572437e-11
1.19812987454e-08	5.2590821021e-11
1.19823576317e-08	5.15435359325e-11
1.19834165181e-08	5.18460166292e-11
1.19844754044e-08	5.23966195952e-11
1.19855342907e-08	5.12304274523e-11
1.1986593177e-08	5.18857587103e-11
1.19876520634e-08	5.22273205586e-11
1.19887109497e-08	5.09258529444e-11
1.1989769836e-08	5.20184854393e-11
1.19908287223e-08	5.14931478533e-11
1.19918876087e-08	5.11179367065e-11
1.1992946495e-08	5.20659253558e-11
1.19940053813e-08	5.12049500023e-11
1.19950642676e-08	5.11228628874e-11
1.19961231539e-08	5.16791327614e-11
1.19971820403e-08	5.02300753075e-11
1.19982409266e-08	5.12935679174e-11
1.19992998129e-08	5.1743439828e-11
1.20003586992e-08	5.05374171331e-11
1.20014175856e-08	5.08390981223e-11
1.20024764719e-08	5.09075208203e-11
1.20035353582e-08	5.01901350342e-11
1.20045942445e-08	5.08627541126e-11
1.20056531309e-08	5.08038953788e-11
1.20067120172e-08	5.05465313702e-11
1.20077709035e-08	5.07336473179e-11
1.20088297898e-08	5.01874210593e-11
1.20098886761e-08	5.01842178924e-11
1.20109475625e-08	5.10599357934e-11
1.20120064488e-08	4.97325648545e-11
1.20130653351e-08	5.03752183197e-11
1.20141242214e-08	5.0605123824e-11
1.20151831078e-08	4.92088327551e-11
1.20162419941e-08	5.02174330765e-11
1.20173008804e-08	5.01886809022e-11
1.20183597667e-08	4.98761110537e-11
1.20194186531e-08	5.06733704476e-11
1.20204775394e-08	5.01082912142e-11
1.20215364257e-08	4.97085901087e-11
1.2022595312e-08	4.99556507272e-11
1.20236541983e-08	4.92674486277e-11
1.20247130847e-08	4.93960471484e-11
1.2025771971e-08	4.98642286316e-11
1.20268308573e-08	4.89182388173e-11
1.20278897436e-08	4.95462321344e-11
1.202894863e-08	4.9638927517e-11
1.20300075163e-08	4.83192136476e-11
1.20310664026e-08	4.95222591233e-11
1.20321252889e-08	4.96867911398e-11
1.20331841753e-08	4.85964671282e-11
1.20342430616e-08	4.92844489178e-11
1.20353019479e-08	4.85096966936e-11
1.20363608342e-08	4.86131031263e-11
1.20374197205e-08	4.92105154369e-11
1.20384786069e-08	4.87534942972e-11
1.20395374932e-08	4.89145811529e-11
1.20405963795e-08	4.91184883565e-11
1.20416552658e-08	4.80092940229e-11
1.20427141522e-08	4.86869602793e-11
1.20437730385e-08	4.84135956151e-11
1.20448319248e-08	4.76125944227e-11
1.20458908111e-08	4.8732205337e-11
1.20469496975e-08	4.79942986395e-11
1.20480085838e-08	4.78511843864e-11
1.20490674701e-08	4.85804946618e-11
1.20501263564e-08	4.77930546701e-11
1.20511852427e-08	4.76791228027e-11
1.20522441291e-08	4.8569202913e-11
1.20533030154e-08	4.74867146473e-11
1.20543619017e-08	4.76506798429e-11
1.2055420788e-08	4.8084048028e-11
1.20564796744e-08	4.69362834189e-11
1.20575385607e-08	4.76790143825e-11
1.2058597447e-08	4.726804885e-11
1.20596563333e-08	4.6797276991e-11
1.20607152196e-08	4.75490987729e-11
1.2061774106e-08	4.69233718721e-11
1.20628329923e-08	4.72205473508e-11
1.20638918786e-08	4.78303546943e-11
1.20649507649e-08	4.65948911399e-11
1.20660096513e-08	4.68187450614e-11
1.20670685376e-08	4.75423207746e-11
1.20681274239e-08	4.64575938483e-11
1.20691863102e-08	4.70572604321e-11
1.20702451966e-08	4.71220870484e-11
1.20713040829e-08	4.62904276542e-11
1.20723629692e-08	4.69999820313e-11
1.20734218555e-08	4.64939111516e-11
1.20744807418e-08	4.64415962284e-11
1.20755396282e-08	4.72282503904e-11
1.20765985145e-08	4.63520120723e-11
1.20776574008e-08	4.6189734329e-11
1.20787162871e-08	4.69761083331e-11
1.20797751735e-08	4.58855839609e-11
1.20808340598e-08	4.63755596425e-11
1.20818929461e-08	4.64808547554e-11
1.20829518324e-08	4.52292981713e-11
1.20840107188e-08	4.58605809578e-11
1.20850696051e-08	4.62618884173e-11
1.20861284914e-08	4.54283446798e-11
1.20871873777e-08	4.62181460638e-11
1.2088246264e-08	4.57956238036e-11
1.20893051504e-08	4.54042127247e-11
1.20903640367e-08	4.65578300739e-11
1.2091422923e-08	4.5445687144e-11
1.20924818093e-08	4.54553443496e-11
1.20935406957e-08	4.59449804591e-11
1.2094599582e-08	4.48173577243e-11
1.20956584683e-08	4.55380303778e-11
1.20967173546e-08	4.55868628436e-11
1.2097776241e-08	4.4669534998e-11
1.20988351273e-08	4.53341667591e-11
1.20998940136e-08	4.48843406019e-11
1.21009528999e-08	4.44323013712e-11
1.21020117862e-08	4.53124291561e-11
1.21030706726e-08	4.48546891903e-11
1.21041295589e-08	4.44860678243e-11
1.21051884452e-08	4.53286340754e-11
1.21062473315e-08	4.42026567259e-11
1.21073062179e-08	4.45376940623e-11
1.21083651042e-08	4.47545084759e-11
1.21094239905e-08	4.41327332752e-11
1.21104828768e-08	4.4871168196e-11
1.21115417632e-08	4.46311364602e-11
1.21126006495e-08	4.39430208801e-11
1.21136595358e-08	4.50780697492e-11
1.21147184221e-08	4.44514843771e-11
1.21157773084e-08	4.35976825388e-11
1.21168361948e-08	4.45032498266e-11
1.21178950811e-08	4.36875615979e-11
1.21189539674e-08	4.37121009961e-11
1.21200128537e-08	4.40673439579e-11
1.21210717401e-08	4.34353119878e-11
1.21221306264e-08	4.38851166778e-11
1.21231895127e-08	4.40213603417e-11
1.2124248399e-08	4.31320599896e-11
1.21253072854e-08	4.39702618933e-11
1.21263661717e-08	4.36031228485e-11
1.2127425058e-08	4.29531753048e-11
1.21284839443e-08	4.41690078609e-11
1.21295428306e-08	4.326035862e-11
1.2130601717e-08	4.26408637132e-11
1.21316606033e-08	4.35915975625e-11
1.21327194896e-08	4.30917320056e-11
1.21337783759e-08	4.29125307337e-11
1.21348372623e-08	4.34153119271e-11
1.21358961486e-08	4.25421167478e-11
1.21369550349e-08	4.33116645847e-11
1.21380139212e-08	4.29477297909e-11
1.21390728076e-08	4.23456285228e-11
1.21401316939e-08	4.3146113635e-11
1.21411905802e-08	4.26519670277e-11
1.21422494665e-08	4.20111367569e-11
1.21433083528e-08	4.30974876012e-11
1.21443672392e-08	4.22213251774e-11
1.21454261255e-08	4.21662060737e-11
1.21464850118e-08	4.28589763506e-11
1.21475438981e-08	4.2059061095e-11
1.21486027845e-08	4.20560647939e-11
1.21496616708e-08	4.25163218434e-11
1.21507205571e-08	4.13078839797e-11
1.21517794434e-08	4.18545350288e-11
1.21528383298e-08	4.19783279318e-11
1.21538972161e-08	4.12471018712e-11
1.21549561024e-08	4.21159409431e-11
1.21560149887e-08	4.17279925891e-11
1.2157073875e-08	4.12920286071e-11
1.21581327614e-08	4.23448969031e-11
1.21591916477e-08	4.13477240727e-11
1.2160250534e-08	4.11925398305e-11
1.21613094203e-08	4.17495614902e-11
1.21623683067e-08	4.07750467505e-11
1.2163427193e-08	4.11284537243e-11
1.21644860793e-08	4.1849366637e-11
1.21655449656e-08	4.07023746304e-11
1.2166603852e-08	4.14402841469e-11
1.21676627383e-08	4.11039980264e-11
1.21687216246e-08	4.04326743527e-11
1.21697805109e-08	4.12715094305e-11
1.21708393972e-08	4.06181906686e-11
1.21718982836e-08	4.04709323779e-11
1.21729571699e-08	4.12568050469e-11
1.21740160562e-08	4.03141025337e-11
1.21750749425e-08	4.05726389985e-11
1.21761338289e-08	4.10769157404e-11
1.21771927152e-08	4.00256947811e-11
1.21782516015e-08	4.0774578592e-11
1.21793104878e-08	4.06461151629e-11
1.21803693742e-08	3.95592710065e-11
1.21814282605e-08	4.07967724273e-11
1.21824871468e-08	4.03054727181e-11
1.21835460331e-08	3.96081318785e-11
1.21846049194e-08	4.04252889843e-11
1.21856638058e-08	3.96134230019e-11
1.21867226921e-08	3.97183108885e-11
1.21877815784e-08	4.01404541116e-11
1.21888404647e-08	3.93188728104e-11
1.21898993511e-08	4.01436097905e-11
1.21909582374e-08	4.02065305962e-11
1.21920171237e-08	3.8941992209e-11
1.219307601e-08	3.98101909511e-11
1.21941348964e-08	3.98662979798e-11
1.21951937827e-08	3.85913436624e-11
1.2196252669e-08	3.98643628958e-11
1.21973115553e-08	3.93255462916e-11
1.21983704416e-08	3.86530848561e-11
1.2199429328e-08	3.96910818014e-11
1.22004882143e-08	3.9036165576e-11
1.22015471006e-08	3.91514468415e-11
1.22026059869e-08	3.93164387765e-11
1.22036648733e-08	3.83969312508e-11
1.22047237596e-08	3.87077305972e-11
1.22057826459e-08	3.91368734295e-11
1.22068415322e-08	3.81136955763e-11
1.22079004186e-08	3.90493247546e-11
1.22089593049e-08	3.85625095224e-11
1.22100181912e-08	3.78595865595e-11
1.22110770775e-08	3.9065073008e-11
1.22121359638e-08	3.82782713946e-11
1.22131948502e-08	3.79223531917e-11
1.22142537365e-08	3.88830551958e-11
1.22153126228e-08	3.80532337411e-11
1.22163715091e-08	3.78504096555e-11
1.22174303955e-08	3.82499190741e-11
1.22184892818e-08	3.74171251708e-11
1.22195481681e-08	3.80984792325e-11
1.22206070544e-08	3.79938669502e-11
1.22216659408e-08	3.71725387017e-11
1.22227248271e-08	3.83479365883e-11
1.22237837134e-08	3.77636951657e-11
1.22248425997e-08	3.70956963064e-11
1.2225901486e-08	3.79886588766e-11
1.22269603724e-08	3.714167667e-11
1.22280192587e-08	3.69832346171e-11
1.2229078145e-08	3.76861341612e-11
1.22301370313e-08	3.6777337252e-11
1.22311959177e-08	3.70046703783e-11
1.2232254804e-08	3.74596872618e-11
1.22333136903e-08	3.6602454791e-11
1.22343725766e-08	3.70400049608e-11
1.2235431463e-08	3.71035194756e-11
1.22364903493e-08	3.63821926145e-11
1.22375492356e-08	3.70061730825e-11
1.22386081219e-08	3.65979317164e-11
1.22396670082e-08	3.63007107013e-11
1.22407258946e-08	3.70288307395e-11
1.22417847809e-08	3.58627593768e-11
1.22428436672e-08	3.60685389975e-11
1.22439025535e-08	3.68382937002e-11
1.22449614399e-08	3.58912895064e-11
1.22460203262e-08	3.61943803921e-11
1.22470792125e-08	3.66516853759e-11
1.22481380988e-08	3.57022532198e-11
1.22491969852e-08	3.5922881423e-11
1.22502558715e-08	3.59975517276e-11
1.22513147578e-08	3.54019506852e-11
1.22523736441e-08	3.5772711399e-11
1.22534325304e-08	3.52878952187e-11
1.22544914168e-08	3.54555809625e-11
1.22555503031e-08	3.58826258637e-11
1.22566091894e-08	3.49275935865e-11
1.22576680757e-08	3.54005032753e-11
1.22587269621e-08	3.56473778447e-11
1.22597858484e-08	3.45312088385e-11
1.22608447347e-08	3.50852582664e-11
1.2261903621e-08	3.53635838061e-11
1.22629625074e-08	3.43746771499e-11
1.22640213937e-08	3.50411444652e-11
1.226508028e-08	3.50915321107e-11
1.22661391663e-08	3.45085566025e-11
1.22671980526e-08	3.50749169292e-11
1.2268256939e-08	3.45677817967e-11
1.22693158253e-08	3.43977040861e-11
1.22703747116e-08	3.51259199678e-11
1.22714335979e-08	3.36900706985e-11
1.22724924843e-08	3.44314425062e-11
1.22735513706e-08	3.46981341229e-11
1.22746102569e-08	3.3601684369e-11
1.22756691432e-08	3.44856912124e-11
1.22767280296e-08	3.43784872531e-11
1.22777869159e-08	3.37078620224e-11
1.22788458022e-08	3.43266623893e-11
1.22799046885e-08	3.38503257542e-11
1.22809635748e-08	3.34380283878e-11
1.22820224612e-08	3.41516391989e-11
1.22830813475e-08	3.29966683317e-11
1.22841402338e-08	3.3447408905e-11
1.22851991201e-08	3.40942968302e-11
1.22862580065e-08	3.30302074754e-11
1.22873168928e-08	3.36077116657e-11
1.22883757791e-08	3.37206226483e-11
1.22894346654e-08	3.25565227988e-11
1.22904935518e-08	3.35936454435e-11
1.22915524381e-08	3.32908822037e-11
1.22926113244e-08	3.25465626672e-11
1.22936702107e-08	3.3566252642e-11
1.2294729097e-08	3.2831105239e-11
1.22957879834e-08	3.24760522294e-11
1.22968468697e-08	3.34915632554e-11
1.2297905756e-08	3.26230622377e-11
1.22989646423e-08	3.26612296236e-11
1.23000235287e-08	3.31440424151e-11
1.2301082415e-08	3.19115571641e-11
1.23021413013e-08	3.25319395988e-11
1.23032001876e-08	3.28127353847e-11
1.2304259074e-08	3.1981311913e-11
1.23053179603e-08	3.27769966117e-11
1.23063768466e-08	3.22197073709e-11
1.23074357329e-08	3.15930252879e-11
1.23084946192e-08	3.26714063789e-11
1.23095535056e-08	3.18356597594e-11
1.23106123919e-08	3.16299317467e-11
1.23116712782e-08	3.25483461797e-11
1.23127301645e-08	3.15320389157e-11
1.23137890509e-08	3.18369339138e-11
1.23148479372e-08	3.2537549044e-11
1.23159068235e-08	3.11988731291e-11
1.23169657098e-08	3.20093008089e-11
1.23180245962e-08	3.18914805588e-11
1.23190834825e-08	3.10670137619e-11
1.23201423688e-08	3.19267060706e-11
1.23212012551e-08	3.10947493882e-11
1.23222601414e-08	3.09266310478e-11
1.23233190278e-08	3.21678775197e-11
1.23243779141e-08	3.10923999221e-11
1.23254368004e-08	3.09010881119e-11
1.23264956867e-08	3.17064562539e-11
1.23275545731e-08	3.06205245621e-11
1.23286134594e-08	3.12371298532e-11
1.23296723457e-08	3.13928633523e-11
1.2330731232e-08	3.03623148758e-11
1.23317901184e-08	3.12088944097e-11
1.23328490047e-08	3.08015245254e-11
1.2333907891e-08	3.03447982887e-11
1.23349667773e-08	3.12706258457e-11
1.23360256636e-08	3.03344406885e-11
1.233708455e-08	3.04028646876e-11
1.23381434363e-08	3.11926049226e-11
1.23392023226e-08	2.98512928786e-11
1.23402612089e-08	3.01511649849e-11
1.23413200953e-08	3.09364242123e-11
1.23423789816e-08	2.9585568587e-11
1.23434378679e-08	3.02484638899e-11
1.23444967542e-08	3.02528054691e-11
1.23455556406e-08	2.95056093273e-11
1.23466145269e-08	3.0309625686e-11
1.23476734132e-08	2.99733840178e-11
1.23487322995e-08	2.9604384482e-11
1.23497911858e-08	3.02479488939e-11
1.23508500722e-08	2.93640313887e-11
1.23519089585e-08	2.95812142143e-11
1.23529678448e-08	3.01636172637e-11
1.23540267311e-08	2.89448875024e-11
1.23550856175e-08	2.95335114871e-11
1.23561445038e-08	2.99959237136e-11
1.23572033901e-08	2.86732102905e-11
1.23582622764e-08	2.95790297637e-11
1.23593211628e-08	2.95970815131e-11
1.23603800491e-08	2.86255069128e-11
1.23614389354e-08	2.94897444138e-11
1.23624978217e-08	2.89898667138e-11
1.2363556708e-08	2.87076425999e-11
1.23646155944e-08	2.94566753802e-11
1.23656744807e-08	2.86190637161e-11
1.2366733367e-08	2.86712576424e-11
1.23677922533e-08	2.90037674867e-11
1.23688511397e-08	2.79755509123e-11
1.2369910026e-08	2.8712689561e-11
1.23709689123e-08	2.89833354799e-11
1.23720277986e-08	2.77475134883e-11
1.2373086685e-08	2.87230326329e-11
1.23741455713e-08	2.83851468805e-11
1.23752044576e-08	2.76831470074e-11
1.23762633439e-08	2.87559615876e-11
1.23773222302e-08	2.78644011076e-11
1.23783811166e-08	2.79692952826e-11
1.23794400029e-08	2.85500334311e-11
1.23804988892e-08	2.74857729892e-11
1.23815577755e-08	2.785418814e-11
1.23826166619e-08	2.82887155541e-11
1.23836755482e-08	2.72377502497e-11
1.23847344345e-08	2.80195218156e-11
1.23857933208e-08	2.79560320206e-11
1.23868522072e-08	2.700074604e-11
1.23879110935e-08	2.77043067307e-11
1.23889699798e-08	2.7481546986e-11
1.23900288661e-08	2.69941458509e-11
1.23910877524e-08	2.79059280024e-11
1.23921466388e-08	2.69539956761e-11
1.23932055251e-08	2.66939042485e-11
1.23942644114e-08	2.74099304452e-11
1.23953232977e-08	2.67748124019e-11
1.23963821841e-08	2.70041903335e-11
1.23974410704e-08	2.73429367256e-11
1.23984999567e-08	2.62499705132e-11
1.2399558843e-08	2.6818786341e-11
1.24006177294e-08	2.68763602953e-11
1.24016766157e-08	2.60420177176e-11
1.2402735502e-08	2.71628702603e-11
1.24037943883e-08	2.63685252019e-11
1.24048532746e-08	2.59246291968e-11
1.2405912161e-08	2.67547097758e-11
1.24069710473e-08	2.58814152835e-11
1.24080299336e-08	2.58019267844e-11
1.24090888199e-08	2.67000965608e-11
1.24101477063e-08	2.55266289877e-11
1.24112065926e-08	2.62443530449e-11
1.24122654789e-08	2.6343073339e-11
1.24133243652e-08	2.53158683253e-11
1.24143832516e-08	2.62101215297e-11
1.24154421379e-08	2.57747362949e-11
1.24165010242e-08	2.49344377611e-11
1.24175599105e-08	2.62705009656e-11
1.24186187968e-08	2.55386343583e-11
1.24196776832e-08	2.50210900176e-11
1.24207365695e-08	2.59156405103e-11
1.24217954558e-08	2.47980498982e-11
1.24228543421e-08	2.5085386459e-11
1.24239132285e-08	2.55255337266e-11
1.24249721148e-08	2.42842449708e-11
1.24260310011e-08	2.53371191215e-11
1.24270898874e-08	2.5434012535e-11
1.24281487738e-08	2.42908941659e-11
1.24292076601e-08	2.50160966161e-11
1.24302665464e-08	2.46163517088e-11
1.24313254327e-08	2.43736651955e-11
1.2432384319e-08	2.56515065265e-11
1.24334432054e-08	2.46647090772e-11
1.24345020917e-08	2.43395629172e-11
1.2435560978e-08	2.47797960536e-11
1.24366198643e-08	2.39261412332e-11
1.24376787507e-08	2.44146105242e-11
1.2438737637e-08	2.42279362805e-11
1.24397965233e-08	2.32804034297e-11
1.24408554096e-08	2.4380972935e-11
1.2441914296e-08	2.41659656695e-11
1.24429731823e-08	2.33180744678e-11
1.24440320686e-08	2.42523039411e-11
1.24450909549e-08	2.38591665955e-11
1.24461498412e-08	2.38327350476e-11
1.24472087276e-08	2.40427977007e-11
1.24482676139e-08	2.30597626497e-11
1.24493265002e-08	2.33069049086e-11
1.24503853865e-08	2.41789949607e-11
1.24514442729e-08	2.29959289458e-11
1.24525031592e-08	2.33561882942e-11
1.24535620455e-08	2.32849542599e-11
1.24546209318e-08	2.25505481259e-11
1.24556798182e-08	2.34120572321e-11
1.24567387045e-08	2.33304809933e-11
1.24577975908e-08	2.2295951977e-11
1.24588564771e-08	2.3421738507e-11
1.24599153634e-08	2.30498477293e-11
1.24609742498e-08	2.27113037578e-11
1.24620331361e-08	2.34269654457e-11
1.24630920224e-08	2.22455594527e-11
1.24641509087e-08	2.25831633125e-11
1.24652097951e-08	2.31627523151e-11
1.24662686814e-08	2.17153631231e-11
1.24673275677e-08	2.24339320992e-11
1.2468386454e-08	2.27109281901e-11
1.24694453404e-08	2.18573774531e-11
1.24705042267e-08	2.28037671211e-11
1.2471563113e-08	2.25394490398e-11
1.24726219993e-08	2.12404307467e-11
1.24736808856e-08	2.24368052349e-11
1.2474739772e-08	2.18651638679e-11
1.24757986583e-08	2.16468228975e-11
1.24768575446e-08	2.24837596458e-11
1.24779164309e-08	2.11827197493e-11
1.24789753173e-08	2.18248195124e-11
1.24800342036e-08	2.21789873793e-11
1.24810930899e-08	2.10366013888e-11
1.24821519762e-08	2.20201148982e-11
1.24832108626e-08	2.2090677486e-11
1.24842697489e-08	2.11459914249e-11
1.24853286352e-08	2.19070423694e-11
1.24863875215e-08	2.10761710818e-11
1.24874464078e-08	2.09948459442e-11
1.24885052942e-08	2.16053515139e-11
1.24895641805e-08	2.0643932527e-11
1.24906230668e-08	2.10093611345e-11
1.24916819531e-08	2.15661890473e-11
1.24927408395e-08	2.04519652082e-11
1.24937997258e-08	2.11076306173e-11
1.24948586121e-08	2.10417210999e-11
1.24959174984e-08	2.02071198316e-11
1.24969763848e-08	2.11869850006e-11
1.24980352711e-08	2.0864172369e-11
1.24990941574e-08	2.03072901377e-11
1.25001530437e-08	2.12518041359e-11
1.250121193e-08	2.05322605706e-11
1.25022708164e-08	2.02261852015e-11
1.25033297027e-08	2.11647920327e-11
1.2504388589e-08	1.98294822402e-11
1.25054474753e-08	2.02252303447e-11
1.25065063617e-08	2.0714663383e-11
1.2507565248e-08	1.97423463211e-11
1.25086241343e-08	2.04249015704e-11
1.25096830206e-08	2.04460654137e-11
1.2510741907e-08	1.96377698174e-11
1.25118007933e-08	2.05134207147e-11
1.25128596796e-08	1.99633761128e-11
1.25139185659e-08	1.93862925929e-11
1.25149774522e-08	2.02845655854e-11
1.25160363386e-08	1.93931105983e-11
1.25170952249e-08	1.93097462933e-11
1.25181541112e-08	2.01901799316e-11
1.25192129975e-08	1.90811944153e-11
1.25202718839e-08	1.95886254266e-11
1.25213307702e-08	1.9776427349e-11
1.25223896565e-08	1.88377248913e-11
1.25234485428e-08	1.96161444293e-11
1.25245074292e-08	1.94346691518e-11
1.25255663155e-08	1.88186199479e-11
1.25266252018e-08	1.98666624601e-11
1.25276840881e-08	1.88657486985e-11
1.25287429744e-08	1.8659425784e-11
1.25298018608e-08	1.95779801876e-11
1.25308607471e-08	1.86289505957e-11
1.25319196334e-08	1.88772404826e-11
1.25329785197e-08	1.92648699727e-11
1.25340374061e-08	1.8368465169e-11
1.25350962924e-08	1.87847735414e-11
1.25361551787e-08	1.898782184e-11
1.2537214065e-08	1.82772191479e-11
1.25382729513e-08	1.89018515466e-11
1.25393318377e-08	1.85046463829e-11
1.2540390724e-08	1.78489550614e-11
1.25414496103e-08	1.89100300089e-11
1.25425084966e-08	1.80067797695e-11
1.2543567383e-08	1.80252747407e-11
1.25446262693e-08	1.87814407039e-11
1.25456851556e-08	1.777877292e-11
1.25467440419e-08	1.80349612197e-11
1.25478029283e-08	1.84979996815e-11
1.25488618146e-08	1.73544578231e-11
1.25499207009e-08	1.80880200141e-11
1.25509795872e-08	1.80144284906e-11
1.25520384735e-08	1.69688689098e-11
1.25530973599e-08	1.80763727554e-11
1.25541562462e-08	1.76856416881e-11
1.25552151325e-08	1.70937791916e-11
1.25562740188e-08	1.82749002563e-11
1.25573329052e-08	1.72141550146e-11
1.25583917915e-08	1.69317524411e-11
1.25594506778e-08	1.8112938341e-11
1.25605095641e-08	1.69419024166e-11
1.25615684505e-08	1.74685712943e-11
1.25626273368e-08	1.76123555844e-11
1.25636862231e-08	1.65730156378e-11
1.25647451094e-08	1.75566009213e-11
1.25658039957e-08	1.73400766402e-11
1.25668628821e-08	1.61292861662e-11
1.25679217684e-08	1.75106862604e-11
1.25689806547e-08	1.67260082737e-11
1.2570039541e-08	1.65577254598e-11
1.25710984274e-08	1.74086720517e-11
1.25721573137e-08	1.62671567839e-11
1.25732162e-08	1.63050622266e-11
1.25742750863e-08	1.70992678567e-11
1.25753339727e-08	1.58498300205e-11
1.2576392859e-08	1.65666927876e-11
1.25774517453e-08	1.65748826339e-11
1.25785106316e-08	1.57078551555e-11
1.25795695179e-08	1.67396031932e-11
1.25806284043e-08	1.63889458645e-11
1.25816872906e-08	1.55807760357e-11
1.25827461769e-08	1.65663746826e-11
1.25838050632e-08	1.57381165392e-11
1.25848639496e-08	1.56209476777e-11
1.25859228359e-08	1.64587219721e-11
1.25869817222e-08	1.53289189068e-11
1.25880406085e-08	1.57553755199e-11
1.25890994949e-08	1.61403464378e-11
1.25901583812e-08	1.49807612062e-11
1.25912172675e-08	1.58500757007e-11
1.25922761538e-08	1.58977234588e-11
1.25933350401e-08	1.48664595174e-11
1.25943939265e-08	1.58646075877e-11
1.25954528128e-08	1.54557515874e-11
1.25965116991e-08	1.48298335417e-11
1.25975705854e-08	1.58091811127e-11
1.25986294718e-08	1.49650915575e-11
1.25996883581e-08	1.49159448898e-11
1.26007472444e-08	1.55538362138e-11
1.26018061307e-08	1.44383999114e-11
1.26028650171e-08	1.51781379349e-11
1.26039239034e-08	1.54067955225e-11
1.26049827897e-08	1.43388407701e-11
1.2606041676e-08	1.51221341222e-11
1.26071005623e-08	1.50281243613e-11
1.26081594487e-08	1.38808054677e-11
1.2609218335e-08	1.50535431559e-11
1.26102772213e-08	1.45341651041e-11
1.26113361076e-08	1.38481927748e-11
1.2612394994e-08	1.51822170287e-11
1.26134538803e-08	1.40187045999e-11
1.26145127666e-08	1.41563891685e-11
1.26155716529e-08	1.45715843905e-11
1.26166305393e-08	1.38155217518e-11
1.26176894256e-08	1.42688939006e-11
1.26187483119e-08	1.44954687359e-11
1.26198071982e-08	1.31648095203e-11
1.26208660845e-08	1.43582439775e-11
1.26219249709e-08	1.40436673792e-11
1.26229838572e-08	1.32259416093e-11
1.26240427435e-08	1.43372321394e-11
1.26251016298e-08	1.35325493216e-11
1.26261605162e-08	1.34607061825e-11
1.26272194025e-08	1.42613295305e-11
1.26282782888e-08	1.29983957625e-11
1.26293371751e-08	1.35510336676e-11
1.26303960615e-08	1.39778759314e-11
1.26314549478e-08	1.27846742524e-11
1.26325138341e-08	1.36265542036e-11
1.26335727204e-08	1.35578219658e-11
1.26346316067e-08	1.2522258187e-11
1.26356904931e-08	1.35775734189e-11
1.26367493794e-08	1.29514237876e-11
1.26378082657e-08	1.2538770044e-11
1.2638867152e-08	1.38747423923e-11
1.26399260384e-08	1.25107794133e-11
1.26409849247e-08	1.24951715641e-11
1.2642043811e-08	1.31653727633e-11
1.26431026973e-08	1.21849747631e-11
1.26441615837e-08	1.29643587532e-11
1.264522047e-08	1.32699453639e-11
1.26462793563e-08	1.19446007447e-11
1.26473382426e-08	1.28919882582e-11
1.26483971289e-08	1.26350615083e-11
1.26494560153e-08	1.19166424775e-11
1.26505149016e-08	1.29142050786e-11
1.26515737879e-08	1.22912585058e-11
1.26526326742e-08	1.20096511945e-11
1.26536915606e-08	1.30704992185e-11
1.26547504469e-08	1.19369148897e-11
1.26558093332e-08	1.20079406488e-11
1.26568682195e-08	1.26591387112e-11
1.26579271059e-08	1.17166535263e-11
1.26589859922e-08	1.22236316121e-11
1.26600448785e-08	1.21647737456e-11
1.26611037648e-08	1.10220586998e-11
1.26621626511e-08	1.23093828967e-11
1.26632215375e-08	1.19528571069e-11
1.26642804238e-08	1.12406079453e-11
1.26653393101e-08	1.24401240177e-11
1.26663981964e-08	1.13511539035e-11
1.26674570828e-08	1.13279596207e-11
1.26685159691e-08	1.21684462636e-11
1.26695748554e-08	1.08831681731e-11
1.26706337417e-08	1.15885005043e-11
1.26716926281e-08	1.21240739887e-11
1.26727515144e-08	1.07917698215e-11
1.26738104007e-08	1.1720018402e-11
1.2674869287e-08	1.15868247072e-11
1.26759281733e-08	1.0401941732e-11
1.26769870597e-08	1.17083916347e-11
1.2678045946e-08	1.12649361952e-11
1.26791048323e-08	1.0656214897e-11
1.26801637186e-08	1.17199596382e-11
1.2681222605e-08	1.05460771409e-11
1.26822814913e-08	1.04985463682e-11
1.26833403776e-08	1.15288384308e-11
1.26843992639e-08	1.01113424274e-11
1.26854581503e-08	1.09112619114e-11
1.26865170366e-08	1.12273762336e-11
1.26875759229e-08	1.02524779573e-11
1.26886348092e-08	1.11585495618e-11
1.26896936955e-08	1.05688385561e-11
1.26907525819e-08	9.88554642875e-12
1.26918114682e-08	1.10646433422e-11
1.26928703545e-08	1.03195692009e-11
1.26939292408e-08	1.00720485012e-11
1.26949881272e-08	1.09428567553e-11
1.26960470135e-08	9.9638852941e-12
1.26971058998e-08	1.01703133762e-11
1.26981647861e-08	1.05116050413e-11
1.26992236725e-08	9.46488617733e-12
1.27002825588e-08	1.04369639558e-11
1.27013414451e-08	1.02034591713e-11
1.27024003314e-08	9.40362642355e-12
1.27034592177e-08	1.07789598644e-11
1.27045181041e-08	1.00497008718e-11
1.27055769904e-08	9.07302959976e-12
1.27066358767e-08	1.02541556518e-11
