% time-domain voltage integration by openEMS v0.37.0-rc1-2-g7b051bb @Thu Jul 16 19:56:01 2026
% start-coordinates: (0.00141368,0.00537513,-0.000635) m -> [54,113,15]
% stop-coordinates: (0.00180955,0.00537513,-0.000635) m -> [60,113,15]
% t/s	voltage
0	0
1.05888632306e-12	0
2.11777264612e-12	0
3.17665896918e-12	0
4.23554529224e-12	0
5.2944316153e-12	0
6.35331793836e-12	0
7.41220426142e-12	0
8.47109058448e-12	0
9.52997690754e-12	0
1.05888632306e-11	0
1.16477495537e-11	0
1.27066358767e-11	0
1.37655221998e-11	0
1.48244085228e-11	0
1.58832948459e-11	0
1.6942181169e-11	0
1.8001067492e-11	0
1.90599538151e-11	0
2.01188401381e-11	0
2.11777264612e-11	0
2.22366127843e-11	0
2.32954991073e-11	0
2.43543854304e-11	0
2.54132717534e-11	0
2.64721580765e-11	0
2.75310443996e-11	0
2.85899307226e-11	0
2.96488170457e-11	0
3.07077033687e-11	0
3.17665896918e-11	0
3.28254760149e-11	0
3.38843623379e-11	0
3.4943248661e-11	0
3.6002134984e-11	0
3.70610213071e-11	0
3.81199076301e-11	0
3.91787939532e-11	0
4.02376802763e-11	0
4.12965665993e-11	0
4.23554529224e-11	0
4.34143392454e-11	0
4.44732255685e-11	0
4.55321118916e-11	0
4.65909982146e-11	0
4.76498845377e-11	0
4.87087708607e-11	0
4.97676571838e-11	0
5.08265435069e-11	0
5.18854298299e-11	0
5.2944316153e-11	0
5.4003202476e-11	0
5.50620887991e-11	0
5.61209751222e-11	0
5.71798614452e-11	0
5.82387477683e-11	0
5.92976340913e-11	0
6.03565204144e-11	0
6.14154067375e-11	0
6.24742930605e-11	0
6.35331793836e-11	0
6.45920657066e-11	0
6.56509520297e-11	0
6.67098383528e-11	0
6.77687246758e-11	0
6.88276109989e-11	0
6.98864973219e-11	0
7.0945383645e-11	0
7.20042699681e-11	0
7.30631562911e-11	0
7.41220426142e-11	0
7.51809289372e-11	1.81107991327e-34
7.62398152603e-11	1.58550499878e-32
7.72987015834e-11	9.39341773399e-31
7.83575879064e-11	4.12613774115e-29
7.94164742295e-11	1.27979970734e-27
8.04753605525e-11	2.34339151468e-26
8.15342468756e-11	-4.28076233035e-26
8.25931331987e-11	-1.96671340361e-23
8.36520195217e-11	-7.64740702072e-22
8.47109058448e-11	-1.84432891743e-20
8.57697921678e-11	-3.22702264506e-19
8.68286784909e-11	-4.30488057812e-18
8.7887564814e-11	-4.46916073124e-17
8.8946451137e-11	-3.6394761768e-16
9.00053374601e-11	-2.32370571827e-15
9.10642237831e-11	-1.15130056503e-14
9.21231101062e-11	-4.29794923237e-14
9.31819964293e-11	-1.10679352375e-13
9.42408827523e-11	-1.24311792854e-13
9.52997690754e-11	4.64294516733e-13
9.63586553984e-11	3.34029231683e-12
9.74175417215e-11	1.18121867539e-11
9.84764280446e-11	2.94576544147e-11
9.95353143676e-11	5.46528629644e-11
1.00594200691e-10	7.00747988282e-11
1.01653087014e-10	2.87295471701e-11
1.02711973337e-10	-1.61101702291e-10
1.0377085966e-10	-6.47351259403e-10
1.04829745983e-10	-1.62791727321e-09
1.05888632306e-10	-3.30259675163e-09
1.06947518629e-10	-5.75948627679e-09
1.08006404952e-10	-8.7826442785e-09
1.09065291275e-10	-1.15915426702e-08
1.10124177598e-10	-1.25658965455e-08
1.11183063921e-10	-9.07396380256e-09
1.12241950244e-10	2.4057302539e-09
1.13300836567e-10	2.56491967665e-08
1.1435972289e-10	6.33884869039e-08
1.15418609214e-10	1.15399295453e-07
1.16477495537e-10	1.76328582846e-07
1.1753638186e-10	2.33966146013e-07
1.18595268183e-10	2.68926275027e-07
1.19654154506e-10	2.56687352262e-07
1.20713040829e-10	1.72514850405e-07
1.21771927152e-10	-1.07116338022e-09
1.22830813475e-10	-2.6578203105e-07
1.23889699798e-10	-6.00532732875e-07
1.24948586121e-10	-9.58814290186e-07
1.26007472444e-10	-1.27278806161e-06
1.27066358767e-10	-1.46481528418e-06
1.2812524509e-10	-1.46477216134e-06
1.29184131413e-10	-1.22911220046e-06
1.30243017736e-10	-7.56221453457e-07
1.31301904059e-10	-9.2898088333e-08
1.32360790382e-10	6.71108814743e-07
1.33419676706e-10	1.42018114246e-06
1.34478563029e-10	2.03750535377e-06
1.35537449352e-10	2.43076048889e-06
1.36596335675e-10	2.55175214647e-06
1.37655221998e-10	2.40464608225e-06
1.38714108321e-10	2.04112613744e-06
1.39772994644e-10	1.54457430313e-06
1.40831880967e-10	1.00834799355e-06
1.4189076729e-10	5.1450052041e-07
1.42949653613e-10	1.18227107215e-07
1.44008539936e-10	-1.58771271686e-07
1.45067426259e-10	-3.26078687607e-07
1.46126312582e-10	-4.15787745567e-07
1.47185198905e-10	-4.7059047148e-07
1.48244085228e-10	-5.32333153558e-07
1.49302971551e-10	-6.33277323914e-07
1.50361857874e-10	-7.91196264061e-07
1.51420744198e-10	-1.00783667278e-06
1.52479630521e-10	-1.26969531777e-06
1.53538516844e-10	-1.54997913171e-06
1.54597403167e-10	-1.81107998287e-06
1.5565628949e-10	-2.00793336091e-06
1.56715175813e-10	-2.09285164487e-06
1.57774062136e-10	-2.02261827553e-06
1.58832948459e-10	-1.76760521242e-06
1.59891834782e-10	-1.32156804966e-06
1.60950721105e-10	-7.09366787532e-07
1.62009607428e-10	1.05235296033e-08
1.63068493751e-10	7.51059360482e-07
1.64127380074e-10	1.40979425112e-06
1.65186266397e-10	1.88793063671e-06
1.6624515272e-10	2.11113901116e-06
1.67304039043e-10	2.04649852265e-06
1.68362925366e-10	1.71095828705e-06
1.6942181169e-10	1.16871219547e-06
1.70480698013e-10	5.17953893109e-07
1.71539584336e-10	-1.29551556149e-07
1.72598470659e-10	-6.71010973008e-07
1.73657356982e-10	-1.03179120714e-06
1.74716243305e-10	-1.17727192617e-06
1.75775129628e-10	-1.11525047686e-06
1.76834015951e-10	-8.89641725621e-07
1.77892902274e-10	-5.67744592672e-07
1.78951788597e-10	-2.24686036887e-07
1.8001067492e-10	7.13603149904e-08
1.81069561243e-10	2.70554439297e-07
1.82128447566e-10	3.47645073617e-07
1.83187333889e-10	3.0281973018e-07
1.84246220212e-10	1.57900234221e-07
1.85305106535e-10	-5.05588269029e-08
1.86363992859e-10	-2.79544565274e-07
1.87422879182e-10	-4.87476100375e-07
1.88481765505e-10	-6.40491638393e-07
1.89540651828e-10	-7.16448777638e-07
1.90599538151e-10	-7.06436619424e-07
1.91658424474e-10	-6.14079315397e-07
1.92717310797e-10	-4.53265808886e-07
1.9377619712e-10	-2.44782091485e-07
1.94835083443e-10	-1.26736996453e-08
1.95893969766e-10	2.19039545613e-07
1.96952856089e-10	4.28851489431e-07
1.98011742412e-10	5.99148826552e-07
1.99070628735e-10	7.16825915958e-07
2.00129515058e-10	7.73346116034e-07
2.01188401381e-10	7.64850895507e-07
2.02247287704e-10	6.92547271086e-07
2.03306174027e-10	5.63463860459e-07
2.04365060351e-10	3.90866638611e-07
2.05423946674e-10	1.93720227415e-07
2.06482832997e-10	-5.24620280551e-09
2.0754171932e-10	-1.8281761438e-07
2.08600605643e-10	-3.19071871147e-07
2.09659491966e-10	-4.00835009629e-07
2.10718378289e-10	-4.23504523894e-07
2.11777264612e-10	-3.9104734384e-07
2.12836150935e-10	-3.14125983891e-07
2.13895037258e-10	-2.07316835699e-07
2.14953923581e-10	-8.63942108964e-08
2.16012809904e-10	3.36988466021e-08
2.17071696227e-10	1.39786266118e-07
2.1813058255e-10	2.20833545228e-07
2.19189468873e-10	2.68065949882e-07
2.20248355196e-10	2.75636377722e-07
2.21307241519e-10	2.41718481675e-07
2.22366127843e-10	1.69894104118e-07
2.23425014166e-10	6.99524811409e-08
2.24483900489e-10	-4.25471209375e-08
2.25542786812e-10	-1.48278322953e-07
2.26601673135e-10	-2.27717835699e-07
2.27660559458e-10	-2.65278186973e-07
2.28719445781e-10	-2.5309463858e-07
2.29778332104e-10	-1.93059990217e-07
2.30837218427e-10	-9.66929460944e-08
2.3189610475e-10	1.7430020538e-08
2.32954991073e-10	1.27732956656e-07
2.34013877396e-10	2.14185989833e-07
2.35072763719e-10	2.62154340902e-07
2.36131650042e-10	2.64587832532e-07
2.37190536365e-10	2.22522453797e-07
2.38249422688e-10	1.43809328002e-07
2.39308309011e-10	4.08672744534e-08
2.40367195335e-10	-7.18919928033e-08
2.41426081658e-10	-1.803168308e-07
2.42484967981e-10	-2.72261337031e-07
2.43543854304e-10	-3.38539546618e-07
2.44602740627e-10	-3.73404310139e-07
2.4566162695e-10	-3.74629026467e-07
2.46720513273e-10	-3.43356440169e-07
2.47779399596e-10	-2.83958941694e-07
2.48838285919e-10	-2.03674126453e-07
2.49897172242e-10	-1.120711417e-07
2.50956058565e-10	-2.01038059533e-08
2.52014944888e-10	6.11996195943e-08
2.53073831211e-10	1.22391933033e-07
2.54132717534e-10	1.57220006791e-07
2.55191603857e-10	1.6384758883e-07
2.5625049018e-10	1.45143071784e-07
2.57309376504e-10	1.07937871974e-07
2.58368262827e-10	6.13476527356e-08
2.5942714915e-10	1.46073572127e-08
2.60486035473e-10	-2.48766349742e-08
2.61544921796e-10	-5.27804737693e-08
2.62603808119e-10	-6.78733669268e-08
2.63662694442e-10	-7.12163266137e-08
2.64721580765e-10	-6.47756901451e-08
2.65780467088e-10	-5.02524917234e-08
2.66839353411e-10	-2.85080741236e-08
2.67898239734e-10	1.07205022637e-10
2.68957126057e-10	3.48138602391e-08
2.7001601238e-10	7.33932430386e-08
2.71074898703e-10	1.11570905403e-07
2.72133785026e-10	1.43386801987e-07
2.73192671349e-10	1.62273694926e-07
2.74251557672e-10	1.62826120587e-07
2.75310443996e-10	1.42358851818e-07
2.76369330319e-10	1.01944217512e-07
2.77428216642e-10	4.63645455362e-08
2.78487102965e-10	-1.69330078847e-08
2.79545989288e-10	-7.94509755764e-08
2.80604875611e-10	-1.33470910768e-07
2.81663761934e-10	-1.73224026234e-07
2.82722648257e-10	-1.95487546151e-07
2.8378153458e-10	-1.99339490692e-07
2.84840420903e-10	-1.85562683441e-07
2.85899307226e-10	-1.56069647872e-07
2.86958193549e-10	-1.13681030811e-07
2.88017079872e-10	-6.23019085211e-08
2.89075966195e-10	-7.23424820048e-09
2.90134852518e-10	4.47363239786e-08
2.91193738841e-10	8.59555266963e-08
2.92252625164e-10	1.09173403651e-07
2.93311511488e-10	1.09364320267e-07
2.94370397811e-10	8.53568717929e-08
2.95429284134e-10	4.08003413277e-08
2.96488170457e-10	-1.61393087783e-08
2.9754705678e-10	-7.43607890819e-08
2.98605943103e-10	-1.22356937027e-07
2.99664829426e-10	-1.50931684928e-07
3.00723715749e-10	-1.55336898899e-07
3.01782602072e-10	-1.36220978497e-07
3.02841488395e-10	-9.91117419247e-08
3.03900374718e-10	-5.27567980413e-08
3.04959261041e-10	-6.7712229157e-09
3.06018147364e-10	3.05293903491e-08
3.07077033687e-10	5.37780762144e-08
3.0813592001e-10	6.1125166706e-08
3.09194806333e-10	5.39783355791e-08
3.10253692656e-10	3.60443128677e-08
3.1131257898e-10	1.20436151885e-08
3.12371465303e-10	-1.33910948996e-08
3.13430351626e-10	-3.66231132087e-08
3.14489237949e-10	-5.53551990912e-08
3.15548124272e-10	-6.86682062323e-08
3.16607010595e-10	-7.66380661155e-08
3.17665896918e-10	-7.98495070065e-08
3.18724783241e-10	-7.88938607776e-08
3.19783669564e-10	-7.40421253198e-08
3.20842555887e-10	-6.51807030572e-08
3.2190144221e-10	-5.19941734112e-08
3.22960328533e-10	-3.44396147156e-08
3.24019214856e-10	-1.31859997365e-08
3.25078101179e-10	1.00266264735e-08
3.26136987502e-10	3.24032727317e-08
3.27195873825e-10	5.04893402642e-08
3.28254760149e-10	6.09197003953e-08
3.29313646472e-10	6.13181536657e-08
3.30372532795e-10	5.10864572867e-08
3.31431419118e-10	3.17566075658e-08
3.32490305441e-10	6.7939237014e-09
3.33549191764e-10	-1.92023690282e-08
3.34608078087e-10	-4.16404786208e-08
3.3566696441e-10	-5.70658147403e-08
3.36725850733e-10	-6.39869837116e-08
3.37784737056e-10	-6.29859333579e-08
3.38843623379e-10	-5.62779316482e-08
3.39902509702e-10	-4.67195797604e-08
3.40961396025e-10	-3.67931054512e-08
3.42020282348e-10	-2.78494818318e-08
3.43079168671e-10	-1.99218836983e-08
3.44138054994e-10	-1.21573515699e-08
3.45196941317e-10	-3.5705775836e-09
3.46255827641e-10	6.10616038288e-09
3.47314713964e-10	1.59849814496e-08
3.48373600287e-10	2.40450663824e-08
3.4943248661e-10	2.77428426898e-08
3.50491372933e-10	2.48762188626e-08
3.51550259256e-10	1.44353823339e-08
3.52609145579e-10	-2.91630147808e-09
3.53668031902e-10	-2.48480558351e-08
3.54726918225e-10	-4.78697352868e-08
3.55785804548e-10	-6.81664835689e-08
3.56844690871e-10	-8.24184716031e-08
3.57903577194e-10	-8.84996498307e-08
3.58962463517e-10	-8.5763348423e-08
3.6002134984e-10	-7.50296820229e-08
3.61080236163e-10	-5.82403707483e-08
3.62139122486e-10	-3.80214735252e-08
3.63198008809e-10	-1.72116461084e-08
3.64256895133e-10	1.4844947771e-09
3.65315781456e-10	1.57442845983e-08
3.66374667779e-10	2.38030470889e-08
3.67433554102e-10	2.45518614328e-08
3.68492440425e-10	1.77274201985e-08
3.69551326748e-10	4.01582672671e-09
3.70610213071e-10	-1.48164895908e-08
3.71669099394e-10	-3.60172343061e-08
3.72727985717e-10	-5.61374884356e-08
3.7378687204e-10	-7.16061565598e-08
3.74845758363e-10	-7.94882946131e-08
3.75904644686e-10	-7.82116091891e-08
3.76963531009e-10	-6.8075107329e-08
3.78022417332e-10	-5.12847146972e-08
3.79081303655e-10	-3.15328976264e-08
3.80140189978e-10	-1.30701114376e-08
3.81199076301e-10	3.49996018278e-10
3.82257962625e-10	6.44607889289e-09
3.83316848948e-10	4.94601198886e-09
3.84375735271e-10	-2.45468553817e-09
3.85434621594e-10	-1.2680045125e-08
3.86493507917e-10	-2.22591363119e-08
3.8755239424e-10	-2.83397387779e-08
3.88611280563e-10	-2.9469039653e-08
3.89670166886e-10	-2.58593828573e-08
3.90729053209e-10	-1.91512981029e-08
3.91787939532e-10	-1.17372570552e-08
3.92846825855e-10	-5.92518984571e-09
3.93905712178e-10	-3.21954322577e-09
3.94964598501e-10	-3.93878576976e-09
3.96023484824e-10	-7.2554661168e-09
3.97082371147e-10	-1.16241041237e-08
3.9814125747e-10	-1.53699367678e-08
3.99200143794e-10	-1.72853452662e-08
4.00259030117e-10	-1.69812278683e-08
4.0131791644e-10	-1.49195911181e-08
4.02376802763e-10	-1.21945304965e-08
4.03435689086e-10	-1.0076712742e-08
4.04494575409e-10	-9.62072166377e-09
4.05553461732e-10	-1.13272215496e-08
4.06612348055e-10	-1.50812287103e-08
4.07671234378e-10	-2.02480054945e-08
4.08730120701e-10	-2.58863053215e-08
4.09789007024e-10	-3.10285588334e-08
4.10847893347e-10	-3.48592417154e-08
4.1190677967e-10	-3.68470769452e-08
4.12965665993e-10	-3.67434094262e-08
4.14024552316e-10	-3.45712349858e-08
4.15083438639e-10	-3.0566864595e-08
4.16142324962e-10	-2.51460976486e-08
4.17201211286e-10	-1.88686101188e-08
4.18260097609e-10	-1.24194613482e-08
4.19318983932e-10	-6.56681237166e-09
4.20377870255e-10	-2.08980309446e-09
4.21436756578e-10	3.13729174584e-10
4.22495642901e-10	1.40777570157e-10
4.23554529224e-10	-2.83039502946e-09
4.24613415547e-10	-8.42372654963e-09
4.2567230187e-10	-1.60559981977e-08
4.26731188193e-10	-2.47414662091e-08
4.27790074516e-10	-3.32047691565e-08
4.28848960839e-10	-4.00624664554e-08
4.29907847162e-10	-4.40703171734e-08
4.30966733485e-10	-4.4399124155e-08
4.32025619808e-10	-4.08543217034e-08
4.33084506131e-10	-3.39825187989e-08
4.34143392454e-10	-2.50012304193e-08
4.35202278778e-10	-1.55881870745e-08
4.36261165101e-10	-7.47627970643e-09
4.37320051424e-10	-2.08182474037e-09
4.38378937747e-10	-1.5312356591e-10
4.3943782407e-10	-1.61774485127e-09
4.40496710393e-10	-5.65257526897e-09
4.41555596716e-10	-1.09555020056e-08
4.42614483039e-10	-1.61526350073e-08
4.43673369362e-10	-2.01773618924e-08
4.44732255685e-10	-2.25494416473e-08
4.45791142008e-10	-2.33894905666e-08
4.46850028331e-10	-2.32800134725e-08
4.47908914654e-10	-2.29309140565e-08
4.48967800977e-10	-2.28677181635e-08
4.500266873e-10	-2.32214222295e-08
4.51085573623e-10	-2.36985956414e-08
4.52144459946e-10	-2.37429207406e-08
4.5320334627e-10	-2.27993985913e-08
4.54262232593e-10	-2.05826371502e-08
4.55321118916e-10	-1.72127180287e-08
4.56380005239e-10	-1.32133679553e-08
4.57438891562e-10	-9.30843396807e-09
4.58497777885e-10	-6.20297824216e-09
4.59556664208e-10	-4.3395508853e-09
4.60615550531e-10	-3.79712036813e-09
4.61674436854e-10	-4.3356170043e-09
4.62733323177e-10	-5.52311760216e-09
4.637922095e-10	-6.9486642551e-09
4.64851095823e-10	-8.347156355e-09
4.65909982146e-10	-9.66167440497e-09
4.66968868469e-10	-1.09636243417e-08
4.68027754792e-10	-1.23227554272e-08
4.69086641115e-10	-1.36478403023e-08
4.70145527439e-10	-1.46303196225e-08
4.71204413762e-10	-1.47899714698e-08
4.72263300085e-10	-1.3646325181e-08
4.73322186408e-10	-1.0972501685e-08
4.74381072731e-10	-6.98907143271e-09
4.75439959054e-10	-2.45467088322e-09
4.76498845377e-10	1.4622250355e-09
4.775577317e-10	3.47443512849e-09
4.78616618023e-10	2.5934661918e-09
4.79675504346e-10	-1.49804247479e-09
4.80734390669e-10	-8.22956613966e-09
4.81793276992e-10	-1.61978651603e-08
4.82852163315e-10	-2.34922559184e-08
4.83911049638e-10	-2.81989021023e-08
4.84969935961e-10	-2.89579631385e-08
4.86028822284e-10	-2.53798215777e-08
4.87087708607e-10	-1.81971551161e-08
4.88146594931e-10	-9.09681896477e-09
4.89205481254e-10	-2.80674740394e-10
4.90264367577e-10	6.12887635087e-09
4.913232539e-10	8.64879212692e-09
4.92382140223e-10	6.8247760221e-09
4.93441026546e-10	1.30664368214e-09
4.94499912869e-10	-6.36388652886e-09
4.95558799192e-10	-1.42143586901e-08
4.96617685515e-10	-2.03960432987e-08
4.97676571838e-10	-2.36649098095e-08
4.98735458161e-10	-2.36730137715e-08
4.99794344484e-10	-2.09641562998e-08
5.00853230807e-10	-1.67362399495e-08
5.0191211713e-10	-1.24073615826e-08
5.02971003453e-10	-9.16997305866e-09
5.04029889776e-10	-7.64414243015e-09
5.05088776099e-10	-7.75060021718e-09
5.06147662423e-10	-8.82344292075e-09
5.07206548746e-10	-9.90786552801e-09
5.08265435069e-10	-1.01359151072e-08
5.09324321392e-10	-9.04182512196e-09
5.10383207715e-10	-6.71837063759e-09
5.11442094038e-10	-3.76531969493e-09
5.12500980361e-10	-1.07947272648e-09
5.13559866684e-10	4.66581428007e-10
5.14618753007e-10	2.90031216058e-10
5.1567763933e-10	-1.70150703249e-09
5.16736525653e-10	-5.10229924977e-09
5.17795411976e-10	-9.13399150759e-09
5.18854298299e-10	-1.28670489818e-08
5.19913184622e-10	-1.54896123705e-08
5.20972070945e-10	-1.64989636398e-08
5.22030957268e-10	-1.58185771149e-08
5.23089843591e-10	-1.37642489628e-08
5.24148729915e-10	-1.09258363468e-08
5.25207616238e-10	-7.96606708375e-09
5.26266502561e-10	-5.45224254633e-09
5.27325388884e-10	-3.71921096698e-09
5.28384275207e-10	-2.83759959974e-09
5.2944316153e-10	-2.67841721024e-09
5.30502047853e-10	-3.0055921918e-09
5.31560934176e-10	-3.6064144171e-09
5.32619820499e-10	-4.34822722273e-09
5.33678706822e-10	-5.19969539647e-09
5.34737593145e-10	-6.17289486193e-09
5.35796479468e-10	-7.25925947132e-09
5.36855365791e-10	-8.36214564259e-09
5.37914252114e-10	-9.28756599405e-09
5.38973138437e-10	-9.79363584674e-09
5.4003202476e-10	-9.66717983442e-09
5.41090911084e-10	-8.83543094243e-09
5.42149797407e-10	-7.42065719983e-09
5.4320868373e-10	-5.75192482533e-09
5.44267570053e-10	-4.28430163568e-09
5.45326456376e-10	-3.47463532946e-09
5.46385342699e-10	-3.632964235e-09
5.47444229022e-10	-4.81096032456e-09
5.48503115345e-10	-6.76382250209e-09
5.49562001668e-10	-9.00790242397e-09
5.50620887991e-10	-1.0954296692e-08
5.51679774314e-10	-1.20814125371e-08
5.52738660637e-10	-1.20873193676e-08
5.5379754696e-10	-1.09723940489e-08
5.54856433283e-10	-9.0422638821e-09
5.55915319606e-10	-6.80364820038e-09
5.56974205929e-10	-4.83118769989e-09
5.58033092252e-10	-3.6008900306e-09
5.59091978576e-10	-3.38331648808e-09
5.60150864899e-10	-4.19106754856e-09
5.61209751222e-10	-5.79776071596e-09
5.62268637545e-10	-7.82252046472e-09
5.63327523868e-10	-9.82695080864e-09
5.64386410191e-10	-1.14289858133e-08
5.65445296514e-10	-1.23623539183e-08
5.66504182837e-10	-1.25233222681e-08
5.6756306916e-10	-1.19559016021e-08
5.68621955483e-10	-1.08275990396e-08
5.69680841806e-10	-9.38579802767e-09
5.70739728129e-10	-7.9097677852e-09
5.71798614452e-10	-6.67901428608e-09
5.72857500775e-10	-5.92984855663e-09
5.73916387098e-10	-5.82670667271e-09
5.74975273421e-10	-6.42550262997e-09
5.76034159744e-10	-7.64606622461e-09
5.77093046068e-10	-9.26617610419e-09
5.78151932391e-10	-1.09383959668e-08
5.79210818714e-10	-1.22435966365e-08
5.80269705037e-10	-1.27889075996e-08
5.8132859136e-10	-1.23036119071e-08
5.82387477683e-10	-1.07380522807e-08
5.83446364006e-10	-8.30387703044e-09
5.84505250329e-10	-5.45330808288e-09
5.85564136652e-10	-2.78685591271e-09
5.86623022975e-10	-9.04639849142e-10
5.87681909298e-10	-2.58182121515e-10
5.88740795621e-10	-1.01923570278e-09
5.89799681944e-10	-3.04246261518e-09
5.90858568267e-10	-5.88143622693e-09
5.9191745459e-10	-8.91192791785e-09
5.92976340913e-10	-1.1477585049e-08
5.94035227236e-10	-1.30463221337e-08
5.9509411356e-10	-1.33337124675e-08
5.96152999883e-10	-1.23469894309e-08
5.97211886206e-10	-1.0372049275e-08
5.98270772529e-10	-7.87322140816e-09
5.99329658852e-10	-5.38125224936e-09
6.00388545175e-10	-3.3490309137e-09
6.01447431498e-10	-2.07102085481e-09
6.02506317821e-10	-1.62957372596e-09
6.03565204144e-10	-1.91513244152e-09
6.04624090467e-10	-2.69873634551e-09
6.0568297679e-10	-3.71002339961e-09
6.06741863113e-10	-4.72908945337e-09
6.07800749436e-10	-5.61779536778e-09
6.08859635759e-10	-6.33336461053e-09
6.09918522082e-10	-6.88471207821e-09
6.10977408405e-10	-7.29486798745e-09
6.12036294729e-10	-7.55441159628e-09
6.13095181052e-10	-7.62170143664e-09
6.14154067375e-10	-7.43941619419e-09
6.15212953698e-10	-6.97031088404e-09
6.16271840021e-10	-6.2392607747e-09
6.17330726344e-10	-5.335652975e-09
6.18389612667e-10	-4.4155283041e-09
6.1944849899e-10	-3.64530358676e-09
6.20507385313e-10	-3.17264696459e-09
6.21566271636e-10	-3.07243083753e-09
6.22625157959e-10	-3.33786059903e-09
6.23684044282e-10	-3.88052487366e-09
6.24742930605e-10	-4.55311666148e-09
6.25801816928e-10	-5.19918574859e-09
6.26860703251e-10	-5.66953695103e-09
6.27919589574e-10	-5.87834173005e-09
6.28978475897e-10	-5.79080744467e-09
6.30037362221e-10	-5.43642636464e-09
6.31096248544e-10	-4.88660167886e-09
6.32155134867e-10	-4.22354118346e-09
6.3321402119e-10	-3.53391219066e-09
6.34272907513e-10	-2.88589521724e-09
6.35331793836e-10	-2.34189892478e-09
6.36390680159e-10	-1.95957172711e-09
6.37449566482e-10	-1.8014194858e-09
6.38508452805e-10	-1.92418977973e-09
6.39567339128e-10	-2.36204505955e-09
6.40626225451e-10	-3.09832062784e-09
6.41685111774e-10	-4.03669453419e-09
6.42743998097e-10	-5.0033491239e-09
6.4380288442e-10	-5.76193409652e-09
6.44861770743e-10	-6.0665762136e-09
6.45920657066e-10	-5.73250819036e-09
6.46979543389e-10	-4.69754452004e-09
6.48038429713e-10	-3.0712285215e-09
6.49097316036e-10	-1.13027504023e-09
6.50156202359e-10	7.32595446112e-10
6.51215088682e-10	2.09887199287e-09
6.52273975005e-10	2.63685129287e-09
6.53332861328e-10	2.1975142539e-09
6.54391747651e-10	8.68511623731e-10
6.55450633974e-10	-1.03617502772e-09
6.56509520297e-10	-3.04082896363e-09
6.5756840662e-10	-4.62944182988e-09
6.58627292943e-10	-5.36832558962e-09
6.59686179266e-10	-5.02145697245e-09
6.60745065589e-10	-3.61447727304e-09
6.61803951912e-10	-1.42925252189e-09
6.62862838235e-10	1.05085111793e-09
6.63921724558e-10	3.26603646905e-09
6.64980610881e-10	4.70915798023e-09
6.66039497205e-10	5.05368727421e-09
6.67098383528e-10	4.23163462604e-09
6.68157269851e-10	2.45148246147e-09
6.69216156174e-10	1.40496274337e-10
6.70275042497e-10	-2.15964340855e-09
6.7133392882e-10	-3.91953278167e-09
6.72392815143e-10	-4.74549899376e-09
6.73451701466e-10	-4.44721912074e-09
6.74510587789e-10	-3.07294351076e-09
6.75569474112e-10	-8.75646624654e-10
6.76628360435e-10	1.74123922225e-09
6.77687246758e-10	4.30903060455e-09
6.78746133081e-10	6.36909291973e-09
6.79805019404e-10	7.54866946728e-09
6.80863905727e-10	7.61526147697e-09
6.8192279205e-10	6.51366482973e-09
6.82981678374e-10	4.39068281732e-09
6.84040564697e-10	1.57616827923e-09
6.8509945102e-10	-1.43953717002e-09
6.86158337343e-10	-4.0942363666e-09
6.87217223666e-10	-5.83814452337e-09
6.88276109989e-10	-6.25246737718e-09
6.89334996312e-10	-5.15147569047e-09
6.90393882635e-10	-2.6432560446e-09
6.91452768958e-10	8.53847346993e-10
6.92511655281e-10	4.68164881862e-09
6.93570541604e-10	8.05796790404e-09
6.94629427927e-10	1.0252190874e-08
6.9568831425e-10	1.07476363365e-08
6.96747200573e-10	9.37834232495e-09
6.97806086896e-10	6.38356217886e-09
6.98864973219e-10	2.3715492764e-09
6.99923859542e-10	-1.8015165193e-09
7.00982745866e-10	-5.2240385906e-09
7.02041632189e-10	-7.13083792014e-09
7.03100518512e-10	-7.0818877429e-09
7.04159404835e-10	-5.06205888318e-09
7.05218291158e-10	-1.4928318165e-09
7.06277177481e-10	2.86890045054e-09
7.07336063804e-10	7.09333436433e-09
7.08394950127e-10	1.02889410325e-08
7.0945383645e-10	1.17936416189e-08
7.10512722773e-10	1.13090831699e-08
7.11571609096e-10	8.96262752903e-09
7.12630495419e-10	5.26055654593e-09
7.13689381742e-10	9.81582190529e-10
7.14748268065e-10	-2.99360417011e-09
7.15807154388e-10	-5.85976656087e-09
7.16866040711e-10	-7.04650959804e-09
7.17924927034e-10	-6.32751107066e-09
7.18983813358e-10	-3.85658852076e-09
7.20042699681e-10	-1.32831533967e-10
7.21101586004e-10	4.10478923074e-09
7.22160472327e-10	8.02155419866e-09
7.2321935865e-10	1.08531277854e-08
7.24278244973e-10	1.20537915205e-08
7.25337131296e-10	1.13990357153e-08
7.26396017619e-10	9.03071778469e-09
7.27454903942e-10	5.42833991646e-09
7.28513790265e-10	1.31330375741e-09
7.29572676588e-10	-2.49088738524e-09
7.30631562911e-10	-5.22406973236e-09
7.31690449234e-10	-6.34020907997e-09
7.32749335557e-10	-5.62070928689e-09
7.3380822188e-10	-3.22103790862e-09
7.34867108203e-10	3.5549839808e-10
7.35925994526e-10	4.36143648974e-09
7.3698488085e-10	7.95633026129e-09
7.38043767173e-10	1.0384033966e-08
7.39102653496e-10	1.11369726219e-08
7.40161539819e-10	1.00659755531e-08
7.41220426142e-10	7.41925088033e-09
7.42279312465e-10	3.78799097644e-09
7.43338198788e-10	-1.85868681557e-11
7.44397085111e-10	-3.16050202676e-09
7.45455971434e-10	-4.95388038924e-09
7.46514857757e-10	-5.03058550372e-09
7.4757374408e-10	-3.4227896073e-09
7.48632630403e-10	-5.45823344855e-10
7.49691516726e-10	2.89768542494e-09
7.50750403049e-10	6.09960526532e-09
7.51809289372e-10	8.32953322982e-09
7.52868175695e-10	9.11145942029e-09
7.53927062019e-10	8.31908358867e-09
7.54985948342e-10	6.19648682365e-09
7.56044834665e-10	3.28165228325e-09
7.57103720988e-10	2.69693833238e-10
7.58162607311e-10	-2.15007071869e-09
7.59221493634e-10	-3.46275411123e-09
7.60280379957e-10	-3.42660433361e-09
7.6133926628e-10	-2.12929578136e-09
7.62398152603e-10	5.8277818335e-11
7.63457038926e-10	2.57220610089e-09
7.64515925249e-10	4.79987752322e-09
7.65574811572e-10	6.22403772965e-09
7.66633697895e-10	6.53588300148e-09
7.67692584218e-10	5.70650721121e-09
7.68751470541e-10	3.96805951985e-09
7.69810356864e-10	1.76718442657e-09
7.70869243187e-10	-3.61421649553e-10
7.71928129511e-10	-1.90876450756e-09
7.72987015834e-10	-2.5110973717e-09
7.74045902157e-10	-2.03191162507e-09
7.7510478848e-10	-5.82618498585e-10
7.76163674803e-10	1.4891316652e-09
7.77222561126e-10	3.68908298354e-09
7.78281447449e-10	5.47616721414e-09
7.79340333772e-10	6.3961861918e-09
7.80399220095e-10	6.18833284616e-09
7.81458106418e-10	4.85615880841e-09
7.82516992741e-10	2.67914468388e-09
7.83575879064e-10	1.51724736941e-10
7.84634765387e-10	-2.12734377336e-09
7.8569365171e-10	-3.60059182469e-09
7.86752538033e-10	-3.88602833246e-09
7.87811424356e-10	-2.87719403858e-09
7.88870310679e-10	-7.74020847416e-10
7.89929197003e-10	1.96027441501e-09
7.90988083326e-10	4.70685368459e-09
7.92046969649e-10	6.8344722659e-09
7.93105855972e-10	7.85333043041e-09
7.94164742295e-10	7.52497686385e-09
7.95223628618e-10	5.92268251109e-09
7.96282514941e-10	3.40855527137e-09
7.97341401264e-10	5.47136655427e-10
7.98400287587e-10	-2.02526212467e-09
7.9945917391e-10	-3.7516322271e-09
8.00518060233e-10	-4.27468507813e-09
8.01576946556e-10	-3.51510009988e-09
8.02635832879e-10	-1.67633065762e-09
8.03694719202e-10	8.11172580495e-10
8.04753605525e-10	3.399529519e-09
8.05812491848e-10	5.5487004158e-09
8.06871378171e-10	6.84669559936e-09
8.07930264495e-10	7.0870863067e-09
8.08989150818e-10	6.29606988767e-09
8.10048037141e-10	4.70736363778e-09
8.11106923464e-10	2.68835748107e-09
8.12165809787e-10	6.55661150373e-10
8.1322469611e-10	-1.01668667929e-09
8.14283582433e-10	-2.05943165299e-09
8.15342468756e-10	-2.34771051211e-09
8.16401355079e-10	-1.89906407266e-09
8.17460241402e-10	-8.51968426363e-10
8.18519127725e-10	5.76808160263e-10
8.19578014048e-10	2.13836880147e-09
8.20636900371e-10	3.59200141853e-09
8.21695786694e-10	4.73819058988e-09
8.22754673017e-10	5.43414935272e-09
8.2381355934e-10	5.60744733979e-09
8.24872445664e-10	5.2502392156e-09
8.25931331987e-10	4.42493475195e-09
8.2699021831e-10	3.24803406393e-09
8.28049104633e-10	1.88769830323e-09
8.29107990956e-10	5.42316795638e-10
8.30166877279e-10	-5.82088446888e-10
8.31225763602e-10	-1.29875406263e-09
8.32284649925e-10	-1.47829916364e-09
8.33343536248e-10	-1.06778760833e-09
8.34402422571e-10	-1.14735068668e-10
8.35461308894e-10	1.24248674543e-09
8.36520195217e-10	2.7876292108e-09
8.3757908154e-10	4.27143964643e-09
8.38637967863e-10	5.44871736619e-09
8.39696854186e-10	6.12673772826e-09
8.40755740509e-10	6.19873868901e-09
8.41814626832e-10	5.65645291717e-09
8.42873513156e-10	4.59624005522e-09
8.43932399479e-10	3.19119945746e-09
8.44991285802e-10	1.66872217433e-09
8.46050172125e-10	2.67262708492e-10
8.47109058448e-10	-7.90866420963e-10
8.48167944771e-10	-1.33610225661e-09
8.49226831094e-10	-1.2676794614e-09
8.50285717417e-10	-5.70446536362e-10
8.5134460374e-10	6.78074256466e-10
8.52403490063e-10	2.31607968915e-09
8.53462376386e-10	4.10429315534e-09
8.54521262709e-10	5.7646579732e-09
8.55580149032e-10	7.01151836591e-09
8.56639035355e-10	7.60761564855e-09
8.57697921678e-10	7.40640804242e-09
8.58756808001e-10	6.39344355235e-09
8.59815694324e-10	4.70106953365e-09
8.60874580648e-10	2.59948755577e-09
8.61933466971e-10	4.59715449735e-10
8.62992353294e-10	-1.3134162577e-09
8.64051239617e-10	-2.35457200959e-09
8.6511012594e-10	-2.41809393342e-09
8.66169012263e-10	-1.43265359992e-09
8.67227898586e-10	4.68377787943e-10
8.68286784909e-10	2.96481539319e-09
8.69345671232e-10	5.60169391428e-09
8.70404557555e-10	7.87744242059e-09
8.71463443878e-10	9.34213906234e-09
8.72522330201e-10	9.69078700619e-09
8.73581216524e-10	8.83004974694e-09
8.74640102847e-10	6.89985335534e-09
8.7569898917e-10	4.25322679853e-09
8.76757875493e-10	1.38730595067e-09
8.77816761816e-10	-1.14821050237e-09
8.7887564814e-10	-2.86030552021e-09
8.79934534463e-10	-3.40578787394e-09
8.80993420786e-10	-2.6628793337e-09
8.82052307109e-10	-7.55063782332e-10
8.83111193432e-10	1.96703536792e-09
8.84170079755e-10	4.99189636849e-09
8.85228966078e-10	7.74377462154e-09
8.86287852401e-10	9.69275826268e-09
8.87346738724e-10	1.04613389063e-08
8.88405625047e-10	9.89700910115e-09
8.8946451137e-10	8.10896927383e-09
8.90523397693e-10	5.44349326725e-09
8.91582284016e-10	2.42170244968e-09
8.92641170339e-10	-3.67769122447e-10
8.93700056662e-10	-2.38138538056e-09
8.94758942985e-10	-3.23394550028e-09
8.95817829309e-10	-2.77092884748e-09
8.96876715632e-10	-1.10015667409e-09
8.97935601955e-10	1.43024385391e-09
8.98994488278e-10	4.30887145408e-09
9.00053374601e-10	6.95810142837e-09
9.01112260924e-10	8.86184775561e-09
9.02171147247e-10	9.66090329957e-09
9.0323003357e-10	9.23043902423e-09
9.04288919893e-10	7.69603741846e-09
9.05347806216e-10	5.40271072325e-09
9.06406692539e-10	2.83595959216e-09
9.07465578862e-10	5.13173729205e-10
9.08524465185e-10	-1.11854855933e-09
9.09583351508e-10	-1.77906453458e-09
9.10642237831e-10	-1.39588961223e-09
9.11701124154e-10	-1.13129474538e-10
9.12760010477e-10	1.75628953047e-09
9.13818896801e-10	3.80361434016e-09
9.14877783124e-10	5.6163461104e-09
9.15936669447e-10	6.86278217588e-09
9.1699555577e-10	7.3509696108e-09
9.18054442093e-10	7.05648650623e-09
9.19113328416e-10	6.10754419261e-09
9.20172214739e-10	4.74761793767e-09
9.21231101062e-10	3.26777759019e-09
9.22289987385e-10	1.94970790901e-09
9.23348873708e-10	1.00757744509e-09
9.24407760031e-10	5.57953273861e-10
9.25466646354e-10	6.12371729714e-10
9.26525532677e-10	1.08822836853e-09
9.27584419e-10	1.84316042984e-09
9.28643305323e-10	2.70793193424e-09
9.29702191646e-10	3.52393011993e-09
9.30761077969e-10	4.16724421637e-09
9.31819964293e-10	4.56460449993e-09
9.32878850616e-10	4.69151353877e-09
9.33937736939e-10	4.56862450648e-09
9.34996623262e-10	4.24571128255e-09
9.36055509585e-10	3.7917165796e-09
9.37114395908e-10	3.28013308182e-09
9.38173282231e-10	2.78008063792e-09
9.39232168554e-10	2.34909219854e-09
9.40291054877e-10	2.02665675908e-09
9.413499412e-10	1.83479362259e-09
9.42408827523e-10	1.77557984982e-09
9.43467713846e-10	1.83908989426e-09
9.44526600169e-10	2.00303036657e-09
9.45585486492e-10	2.24081818379e-09
9.46644372815e-10	2.52162440928e-09
9.47703259138e-10	2.81340901964e-09
9.48762145461e-10	3.08355652123e-09
9.49821031785e-10	3.29855576187e-09
9.50879918108e-10	3.42820638544e-09
9.51938804431e-10	3.44848774536e-09
9.52997690754e-10	3.3452610404e-09
9.54056577077e-10	3.12047171436e-09
9.551154634e-10	2.79356336674e-09
9.56174349723e-10	2.40078498748e-09
9.57233236046e-10	1.99346494867e-09
9.58292122369e-10	1.6279330245e-09
9.59351008692e-10	1.35936872175e-09
9.60409895015e-10	1.22888135778e-09
9.61468781338e-10	1.25643717652e-09
9.62527667661e-10	1.43695164101e-09
9.63586553984e-10	1.73699689354e-09
9.64645440307e-10	2.10622592978e-09
9.6570432663e-10	2.4808795851e-09
9.66763212953e-10	2.80202508418e-09
9.67822099277e-10	3.01786309831e-09
9.688809856e-10	3.09602549153e-09
9.69939871923e-10	3.02275782182e-09
9.70998758246e-10	2.80214536297e-09
9.72057644569e-10	2.45650495778e-09
9.73116530892e-10	2.01877248251e-09
9.74175417215e-10	1.53756919696e-09
9.75234303538e-10	1.06732754579e-09
9.76293189861e-10	6.72884394037e-10
9.77352076184e-10	4.16826278354e-10
9.78410962507e-10	3.56478398883e-10
9.7946984883e-10	5.27100713771e-10
9.80528735153e-10	9.30950622147e-10
9.81587621476e-10	1.52748694249e-09
9.82646507799e-10	2.22945834016e-09
9.83705394122e-10	2.91371679562e-09
9.84764280446e-10	3.43738809638e-09
9.85823166769e-10	3.66968419541e-09
9.86882053092e-10	3.52013757032e-09
9.87940939415e-10	2.96880936501e-09
9.88999825738e-10	2.07982830958e-09
9.90058712061e-10	1.00090231242e-09
9.91117598384e-10	-6.16919709762e-11
9.92176484707e-10	-8.81967651689e-10
9.9323537103e-10	-1.26477945478e-09
9.94294257353e-10	-1.09647117774e-09
9.95353143676e-10	-3.75299704508e-10
9.96412029999e-10	7.73656434055e-10
9.97470916322e-10	2.12239358033e-09
9.98529802645e-10	3.38100372699e-09
9.99588688968e-10	4.26533747211e-09
1.00064757529e-09	4.56082155376e-09
1.00170646161e-09	4.17667425645e-09
1.00276534794e-09	3.17243856185e-09
1.00382423426e-09	1.74844742851e-09
1.00488312058e-09	2.06143220549e-10
1.00594200691e-09	-1.12159453947e-09
1.00700089323e-09	-1.94247314067e-09
1.00805977955e-09	-2.07488252968e-09
1.00911866588e-09	-1.48739678907e-09
1.0101775522e-09	-3.08293621534e-10
1.01123643852e-09	1.20288610322e-09
1.01229532485e-09	2.7155660498e-09
1.01335421117e-09	3.90132032235e-09
1.01441309749e-09	4.50725631818e-09
1.01547198381e-09	4.41107800286e-09
1.01653087014e-09	3.64495408856e-09
1.01758975646e-09	2.3837475327e-09
1.01864864278e-09	9.04943106561e-10
1.01970752911e-09	-4.7710750628e-10
1.02076641543e-09	-1.47577464138e-09
1.02182530175e-09	-1.89457956268e-09
1.02288418808e-09	-1.66421725012e-09
1.0239430744e-09	-8.52646460381e-10
1.02500196072e-09	3.54147280945e-10
1.02606084704e-09	1.69528587002e-09
1.02711973337e-09	2.89015530952e-09
1.02817861969e-09	3.69970215575e-09
1.02923750601e-09	3.97065794133e-09
1.03029639234e-09	3.66744865032e-09
1.03135527866e-09	2.87059669091e-09
1.03241416498e-09	1.76068551405e-09
1.03347305131e-09	5.73656368935e-10
1.03453193763e-09	-4.46957443279e-10
1.03559082395e-09	-1.09990993397e-09
1.03664971028e-09	-1.26649812165e-09
1.0377085966e-09	-9.29041281406e-10
1.03876748292e-09	-1.74463578133e-10
1.03982636924e-09	8.30403600049e-10
1.04088525557e-09	1.87335935653e-09
1.04194414189e-09	2.7430064331e-09
1.04300302821e-09	3.27118909738e-09
1.04406191454e-09	3.36606187368e-09
1.04512080086e-09	3.02773045524e-09
1.04617968718e-09	2.34334009142e-09
1.04723857351e-09	1.46631441711e-09
1.04829745983e-09	5.81540995914e-10
1.04935634615e-09	-1.32965674929e-10
1.05041523248e-09	-5.41036842064e-10
1.0514741188e-09	-5.72313318264e-10
1.05253300512e-09	-2.36323788663e-10
1.05359189144e-09	3.86190208285e-10
1.05465077777e-09	1.15901122727e-09
1.05570966409e-09	1.92151924927e-09
1.05676855041e-09	2.52243209653e-09
1.05782743674e-09	2.85038162517e-09
1.05888632306e-09	2.85576416681e-09
1.05994520938e-09	2.55595891674e-09
1.06100409571e-09	2.03029305867e-09
1.06206298203e-09	1.397144761e-09
1.06312186835e-09	7.90610382717e-10
1.06418075467e-09	3.29870363663e-10
1.065239641e-09	9.81859220664e-11
1.06629852732e-09	1.27115007756e-10
1.06735741364e-09	3.93869594925e-10
1.06841629997e-09	8.29129806479e-10
1.06947518629e-09	1.33281299886e-09
1.07053407261e-09	1.79851239457e-09
1.07159295894e-09	2.1349007423e-09
1.07265184526e-09	2.28630965549e-09
1.07371073158e-09	2.24165576379e-09
1.07476961791e-09	2.0341898721e-09
1.07582850423e-09	1.72891263805e-09
1.07688739055e-09	1.40678355076e-09
1.07794627687e-09	1.14075042468e-09
1.0790051632e-09	9.81071154871e-10
1.08006404952e-09	9.44967659677e-10
1.08112293584e-09	1.01366167543e-09
1.08218182217e-09	1.14442840621e-09
1.08324070849e-09	1.2819482767e-09
1.08429959481e-09	1.37846482146e-09
1.08535848114e-09	1.40708491386e-09
1.08641736746e-09	1.37049752102e-09
1.08747625378e-09	1.2991853704e-09
1.08853514011e-09	1.24206967628e-09
1.08959402643e-09	1.24815238006e-09
1.09065291275e-09	1.34915249805e-09
1.09171179907e-09	1.54561889676e-09
1.0927706854e-09	1.79822082225e-09
1.09382957172e-09	2.0379591209e-09
1.09488845804e-09	2.17991863449e-09
1.09594734437e-09	2.15070537768e-09
1.09700623069e-09	1.91190148435e-09
1.09806511701e-09	1.48027978764e-09
1.09912400334e-09	9.31005605942e-10
1.10018288966e-09	3.86621953202e-10
1.10124177598e-09	-1.10672625578e-11
1.10230066231e-09	-1.39216213861e-10
1.10335954863e-09	7.3476728174e-11
1.10441843495e-09	6.17328910213e-10
1.10547732127e-09	1.39824334056e-09
1.1065362076e-09	2.25290880396e-09
1.10759509392e-09	2.98227717521e-09
1.10865398024e-09	3.39966355067e-09
1.10971286657e-09	3.37748218282e-09
1.11077175289e-09	2.88318641184e-09
1.11183063921e-09	1.99328401007e-09
1.11288952554e-09	8.84305947912e-10
1.11394841186e-09	-2.05692507298e-10
1.11500729818e-09	-1.02803783542e-09
1.1160661845e-09	-1.38373634773e-09
1.11712507083e-09	-1.17248170201e-09
1.11818395715e-09	-4.20145810504e-10
1.11924284347e-09	7.21925564467e-10
1.1203017298e-09	2.00821413665e-09
1.12136061612e-09	3.1532027267e-09
1.12241950244e-09	3.89628670994e-09
1.12347838877e-09	4.06176134393e-09
1.12453727509e-09	3.6007518911e-09
1.12559616141e-09	2.60309675204e-09
1.12665504774e-09	1.2795104351e-09
1.12771393406e-09	-8.63453249872e-11
1.12877282038e-09	-1.19995251235e-09
1.1298317067e-09	-1.82232996748e-09
1.13089059303e-09	-1.82275183835e-09
1.13194947935e-09	-1.2077167183e-09
1.13300836567e-09	-1.18880535624e-10
1.134067252e-09	1.19993032177e-09
1.13512613832e-09	2.45672432397e-09
1.13618502464e-09	3.37833985786e-09
1.13724391097e-09	3.76933081969e-09
1.13830279729e-09	3.55417217879e-09
1.13936168361e-09	2.79160690397e-09
1.14042056994e-09	1.657204457e-09
1.14147945626e-09	4.0313823807e-10
1.14253834258e-09	-7.01335309272e-10
1.1435972289e-09	-1.42864206576e-09
1.14465611523e-09	-1.6420405452e-09
1.14571500155e-09	-1.32238173189e-09
1.14677388787e-09	-5.66724896178e-10
1.1478327742e-09	4.37152807009e-10
1.14889166052e-09	1.45701886667e-09
1.14995054684e-09	2.26957767857e-09
1.15100943317e-09	2.70799241364e-09
1.15206831949e-09	2.69700585476e-09
1.15312720581e-09	2.26352835087e-09
1.15418609214e-09	1.52535624409e-09
1.15524497846e-09	6.59547673421e-10
1.15630386478e-09	-1.39927898261e-10
1.1573627511e-09	-7.06315790577e-10
1.15842163743e-09	-9.37417969638e-10
1.15948052375e-09	-8.12468009537e-10
1.16053941007e-09	-3.93544811322e-10
1.1615982964e-09	1.95055910659e-10
1.16265718272e-09	8.00513065558e-10
1.16371606904e-09	1.27807120442e-09
1.16477495537e-09	1.52571004441e-09
1.16583384169e-09	1.50334771021e-09
1.16689272801e-09	1.23955589543e-09
1.16795161433e-09	8.16367820566e-10
1.16901050066e-09	3.48469787748e-10
1.17006938698e-09	-4.86122333793e-11
1.1711282733e-09	-2.86118817874e-10
1.17218715963e-09	-3.20542410323e-10
1.17324604595e-09	-1.63541622085e-10
1.17430493227e-09	1.26175053045e-10
1.1753638186e-09	4.58328524439e-10
1.17642270492e-09	7.35495945398e-10
1.17748159124e-09	8.78583782116e-10
1.17854047757e-09	8.47018281902e-10
1.17959936389e-09	6.47495179001e-10
1.18065825021e-09	3.323925718e-10
1.18171713653e-09	-1.63938918864e-11
1.18277602286e-09	-3.08110934336e-10
1.18383490918e-09	-4.66207916022e-10
1.1848937955e-09	-4.48244035639e-10
1.18595268183e-09	-2.55819160994e-10
1.18701156815e-09	6.68986363701e-11
1.18807045447e-09	4.41604634804e-10
1.1891293408e-09	7.75387948293e-10
1.19018822712e-09	9.81624344309e-10
1.19124711344e-09	1.00152960231e-09
1.19230599977e-09	8.17210132897e-10
1.19336488609e-09	4.58924745428e-10
1.19442377241e-09	-1.08712084473e-12
1.19548265873e-09	-4.63505334808e-10
1.19654154506e-09	-8.24228248153e-10
1.19760043138e-09	-9.98122452744e-10
1.1986593177e-09	-9.392268005e-10
1.19971820403e-09	-6.53423020552e-10
1.20077709035e-09	-1.98513891089e-10
1.20183597667e-09	3.27638676606e-10
1.202894863e-09	8.07832772898e-10
1.20395374932e-09	1.13178227901e-09
1.20501263564e-09	1.22231814254e-09
1.20607152196e-09	1.05317379123e-09
1.20713040829e-09	6.55724169407e-10
1.20818929461e-09	1.13714969732e-10
1.20924818093e-09	-4.56469813337e-10
1.21030706726e-09	-9.31070893995e-10
1.21136595358e-09	-1.2077548614e-09
1.2124248399e-09	-1.22756795701e-09
1.21348372623e-09	-9.88049302098e-10
1.21454261255e-09	-5.43720977964e-10
1.21560149887e-09	6.72734784546e-12
1.2166603852e-09	5.42062041087e-10
1.21771927152e-09	9.46100656152e-10
1.21877815784e-09	1.13280532177e-09
1.21983704416e-09	1.06569328362e-09
1.22089593049e-09	7.65049863738e-10
1.22195481681e-09	3.02928019474e-10
1.22301370313e-09	-2.14980639193e-10
1.22407258946e-09	-6.74130404277e-10
1.22513147578e-09	-9.76479473669e-10
1.2261903621e-09	-1.06364032859e-09
1.22724924843e-09	-9.26093132736e-10
1.22830813475e-09	-6.0465350088e-10
1.22936702107e-09	-1.78327376303e-10
1.2304259074e-09	2.5491002538e-10
1.23148479372e-09	5.99928964146e-10
1.23254368004e-09	7.86273567088e-10
1.23360256636e-09	7.81965277252e-10
1.23466145269e-09	5.98861536749e-10
1.23572033901e-09	2.89063335768e-10
1.23677922533e-09	-7.02941793315e-11
1.23783811166e-09	-3.93712611124e-10
1.23889699798e-09	-6.09273707874e-10
1.2399558843e-09	-6.73470286483e-10
1.24101477063e-09	-5.80139682821e-10
1.24207365695e-09	-3.59889649332e-10
1.24313254327e-09	-7.06787276275e-11
1.2441914296e-09	2.16397027034e-10
1.24525031592e-09	4.35032825735e-10
1.24630920224e-09	5.38737471301e-10
1.24736808856e-09	5.09444424146e-10
1.24842697489e-09	3.61553648132e-10
1.24948586121e-09	1.3596569183e-10
1.25054474753e-09	-1.10533974335e-10
1.25160363386e-09	-3.17574810199e-10
1.25266252018e-09	-4.35293693452e-10
1.2537214065e-09	-4.35572210244e-10
1.25478029283e-09	-3.1731399279e-10
1.25583917915e-09	-1.07042677673e-10
1.25689806547e-09	1.48048462378e-10
1.25795695179e-09	3.88240901233e-10
1.25901583812e-09	5.57237825327e-10
1.26007472444e-09	6.13540298428e-10
1.26113361076e-09	5.4105898234e-10
1.26219249709e-09	3.53788064816e-10
1.26325138341e-09	9.35601370683e-11
1.26431026973e-09	-1.79661917288e-10
1.26536915606e-09	-4.01120435478e-10
1.26642804238e-09	-5.16656547406e-10
1.2674869287e-09	-4.94726738742e-10
1.26854581503e-09	-3.34755478545e-10
1.26960470135e-09	-6.67689549483e-11
1.27066358767e-09	2.5392903405e-10
1.27172247399e-09	5.5926139414e-10
1.27278136032e-09	7.82261790067e-10
1.27384024664e-09	8.71516074585e-10
1.27489913296e-09	8.03254567028e-10
1.27595801929e-09	5.87070055763e-10
1.27701690561e-09	2.65657525492e-10
1.27807579193e-09	-9.33349014395e-11
1.27913467826e-09	-4.1209986118e-10
1.28019356458e-09	-6.18078959541e-10
1.2812524509e-09	-6.62093622983e-10
1.28231133723e-09	-5.29037008645e-10
1.28337022355e-09	-2.42389015109e-10
1.28442910987e-09	1.40772430171e-10
1.28548799619e-09	5.40470911081e-10
1.28654688252e-09	8.7118920411e-10
1.28760576884e-09	1.06051763205e-09
1.28866465516e-09	1.06355254464e-09
1.28972354149e-09	8.7628308082e-10
1.29078242781e-09	5.34737972652e-10
1.29184131413e-09	1.10424395322e-10
1.29290020046e-09	-3.04577453536e-10
1.29395908678e-09	-6.17989374951e-10
1.2950179731e-09	-7.57697682374e-10
1.29607685943e-09	-6.89198313003e-10
1.29713574575e-09	-4.24587524861e-10
1.29819463207e-09	-2.05384658933e-11
1.29925351839e-09	4.341230396e-10
1.30031240472e-09	8.37668857889e-10
1.30137129104e-09	1.09897124734e-09
1.30243017736e-09	1.15842142129e-09
1.30348906369e-09	1.00133711045e-09
1.30454795001e-09	6.61822752851e-10
1.30560683633e-09	2.15305633565e-10
1.30666572266e-09	-2.38207762543e-10
1.30772460898e-09	-5.96254639412e-10
1.3087834953e-09	-7.77466549473e-10
1.30984238162e-09	-7.40418951845e-10
1.31090126795e-09	-4.92838631017e-10
1.31196015427e-09	-9.03420207567e-11
1.31301904059e-09	3.75680781622e-10
1.31407792692e-09	7.99066902923e-10
1.31513681324e-09	1.0826782873e-09
1.31619569956e-09	1.16013170598e-09
1.31725458589e-09	1.01058836299e-09
1.31831347221e-09	6.65232105512e-10
1.31937235853e-09	1.99183480473e-10
1.32043124486e-09	-2.83475375118e-10
1.32149013118e-09	-6.74217799645e-10
1.3225490175e-09	-8.84514718413e-10
1.32360790382e-09	-8.64986353377e-10
1.32466679015e-09	-6.18913476025e-10
1.32572567647e-09	-1.99494663844e-10
1.32678456279e-09	3.01048739756e-10
1.32784344912e-09	7.71649938391e-10
1.32890233544e-09	1.10756624705e-09
1.32996122176e-09	1.23182274103e-09
1.33102010809e-09	1.11288950971e-09
1.33207899441e-09	7.71403371735e-10
1.33313788073e-09	2.7493041177e-10
1.33419676706e-09	-2.74876191253e-10
1.33525565338e-09	-7.63644234653e-10
1.3363145397e-09	-1.08797812426e-09
1.33737342602e-09	-1.17760141916e-09
1.33843231235e-09	-1.00934808428e-09
1.33949119867e-09	-6.13912424369e-10
1.34055008499e-09	-6.90857128449e-11
1.34160897132e-09	5.15153593394e-10
1.34266785764e-09	1.01828888377e-09
1.34372674396e-09	1.33378611628e-09
1.34478563029e-09	1.39077577926e-09
1.34584451661e-09	1.16843498765e-09
1.34690340293e-09	7.01555105675e-10
1.34796228925e-09	7.52381646568e-11
1.34902117558e-09	-5.9077685452e-10
1.3500800619e-09	-1.16495573604e-09
1.35113894822e-09	-1.52920806573e-09
1.35219783455e-09	-1.6048061352e-09
1.35325672087e-09	-1.36768752573e-09
1.35431560719e-09	-8.57207874128e-10
1.35537449352e-09	-1.69512537687e-10
1.35643337984e-09	5.60905870362e-10
1.35749226616e-09	1.18571614333e-09
1.35855115249e-09	1.57438569126e-09
1.35961003881e-09	1.63989022361e-09
1.36066892513e-09	1.35831682013e-09
1.36172781145e-09	7.75877889714e-10
1.36278669778e-09	5.60368591807e-13
1.3638455841e-09	-8.18171849715e-10
1.36490447042e-09	-1.5181390936e-09
1.36596335675e-09	-1.957661519e-09
1.36702224307e-09	-2.04494503275e-09
1.36808112939e-09	-1.75643047329e-09
1.36914001572e-09	-1.14503254101e-09
1.37019890204e-09	-3.2920993015e-10
1.37125778836e-09	5.2838317055e-10
1.37231667469e-09	1.25413553154e-09
1.37337556101e-09	1.69823015372e-09
1.37443444733e-09	1.76672948493e-09
1.37549333365e-09	1.44158969484e-09
1.37655221998e-09	7.85106861467e-10
1.3776111063e-09	-7.1521259401e-11
1.37866999262e-09	-9.55924929491e-10
1.37972887895e-09	-1.69097036373e-09
1.38078776527e-09	-2.13038187091e-09
1.38184665159e-09	-2.19095230847e-09
1.38290553792e-09	-1.86687638959e-09
1.38396442424e-09	-1.23114091838e-09
1.38502331056e-09	-4.18685818654e-10
1.38608219689e-09	4.02789607223e-10
1.38714108321e-09	1.06765227909e-09
1.38819996953e-09	1.44730501195e-09
1.38925885585e-09	1.47431587771e-09
1.39031774218e-09	1.15607168283e-09
1.3913766285e-09	5.6929173875e-10
1.39243551482e-09	-1.57680347078e-10
1.39349440115e-09	-8.7369897428e-10
1.39455328747e-09	-1.43922368467e-09
1.39561217379e-09	-1.75233699773e-09
1.39667106012e-09	-1.77058484541e-09
1.39772994644e-09	-1.51351237099e-09
1.39878883276e-09	-1.0550992996e-09
1.39984771908e-09	-5.03590846107e-10
1.40090660541e-09	2.54557789778e-11
1.40196549173e-09	4.31694749392e-10
1.40302437805e-09	6.52451155603e-10
1.40408326438e-09	6.69282601562e-10
1.4051421507e-09	5.07747916628e-10
1.40620103702e-09	2.25133763194e-10
1.40725992335e-09	-1.05908603068e-10
1.40831880967e-09	-4.16344986265e-10
1.40937769599e-09	-6.5580407077e-10
1.41043658232e-09	-8.00993632533e-10
1.41149546864e-09	-8.5506175751e-10
1.41255435496e-09	-8.40816874459e-10
1.41361324128e-09	-7.88803411478e-10
1.41467212761e-09	-7.24267135849e-10
1.41573101393e-09	-6.59948266174e-10
1.41678990025e-09	-5.92351175055e-10
1.41784878658e-09	-5.0659957132e-10
1.4189076729e-09	-3.85889566829e-10
1.41996655922e-09	-2.21134222045e-10
1.42102544555e-09	-2.11543048703e-11
1.42208433187e-09	1.84729796564e-10
1.42314321819e-09	3.51029200499e-10
1.42420210452e-09	4.26055357661e-10
1.42526099084e-09	3.67443967614e-10
1.42631987716e-09	1.55730784171e-10
1.42737876348e-09	-1.94070095931e-10
1.42843764981e-09	-6.30649636679e-10
1.42949653613e-09	-1.07299918256e-09
1.43055542245e-09	-1.42636651795e-09
1.43161430878e-09	-1.6027098676e-09
1.4326731951e-09	-1.54314964973e-09
1.43373208142e-09	-1.23428026827e-09
1.43479096775e-09	-7.16094412934e-10
1.43584985407e-09	-7.8578185625e-11
1.43690874039e-09	5.55656624879e-10
1.43796762672e-09	1.05394172556e-09
1.43902651304e-09	1.3041935934e-09
1.44008539936e-09	1.2396540669e-09
1.44114428568e-09	8.57278144306e-10
1.44220317201e-09	2.21572421868e-10
1.44326205833e-09	-5.4686431078e-10
1.44432094465e-09	-1.29413560424e-09
1.44537983098e-09	-1.8662587864e-09
1.4464387173e-09	-2.14120728093e-09
1.44749760362e-09	-2.0554663388e-09
1.44855648995e-09	-1.61903752904e-09
1.44961537627e-09	-9.14088880977e-10
1.45067426259e-09	-7.84830325729e-11
1.45173314891e-09	7.21430110096e-10
1.45279203524e-09	1.32575066203e-09
1.45385092156e-09	1.61410025623e-09
1.45490980788e-09	1.53081251841e-09
1.45596869421e-09	1.09620251765e-09
1.45702758053e-09	4.01844481301e-10
1.45808646685e-09	-4.09369670107e-10
1.45914535318e-09	-1.17352268181e-09
1.4602042395e-09	-1.73993275343e-09
1.46126312582e-09	-2.0022403735e-09
1.46232201215e-09	-1.91837756791e-09
1.46338089847e-09	-1.51599845177e-09
1.46443978479e-09	-8.86116305332e-10
1.46549867111e-09	-1.60117069777e-10
1.46655755744e-09	5.17987253784e-10
1.46761644376e-09	1.02062733265e-09
1.46867533008e-09	1.26304067899e-09
1.46973421641e-09	1.21643462664e-09
1.47079310273e-09	9.10135203314e-10
1.47185198905e-09	4.22775717213e-10
1.47291087538e-09	-1.39027239374e-10
1.4739697617e-09	-6.62866712908e-10
1.47502864802e-09	-1.05546557605e-09
1.47608753435e-09	-1.25771765225e-09
1.47714642067e-09	-1.25365906545e-09
1.47820530699e-09	-1.06852417886e-09
1.47926419331e-09	-7.57679665536e-10
1.48032307964e-09	-3.92912499411e-10
1.48138196596e-09	-4.31439007784e-11
1.48244085228e-09	2.37014699533e-10
1.48349973861e-09	4.17016414456e-10
1.48455862493e-09	4.90792687741e-10
1.48561751125e-09	4.72346800562e-10
1.48667639758e-09	3.86554852363e-10
1.4877352839e-09	2.60190292922e-10
1.48879417022e-09	1.14113045402e-10
1.48985305654e-09	-4.01304654655e-11
1.49091194287e-09	-1.97674867794e-10
1.49197082919e-09	-3.56787332317e-10
1.49302971551e-09	-5.12850487772e-10
1.49408860184e-09	-6.52898499154e-10
1.49514748816e-09	-7.55833874655e-10
1.49620637448e-09	-7.94476200106e-10
1.49726526081e-09	-7.42402458953e-10
1.49832414713e-09	-5.83847442615e-10
1.49938303345e-09	-3.2182153123e-10
1.50044191978e-09	1.62448262307e-11
1.5015008061e-09	3.79340312634e-10
1.50255969242e-09	6.99245758518e-10
1.50361857874e-09	9.05014167774e-10
1.50467746507e-09	9.38596859956e-10
1.50573635139e-09	7.70888256008e-10
1.50679523771e-09	4.12670630306e-10
1.50785412404e-09	-8.33949636778e-11
1.50891301036e-09	-6.3000298034e-10
1.50997189668e-09	-1.12013910647e-09
1.51103078301e-09	-1.45006834318e-09
1.51208966933e-09	-1.5403745085e-09
1.51314855565e-09	-1.35587702177e-09
1.51420744198e-09	-9.17284748159e-10
1.5152663283e-09	-2.98889340361e-10
1.51632521462e-09	3.83324597758e-10
1.51738410094e-09	9.93571974695e-10
1.51844298727e-09	1.40492413536e-09
1.51950187359e-09	1.52631200734e-09
1.52056075991e-09	1.32335951225e-09
1.52161964624e-09	8.27350493671e-10
1.52267853256e-09	1.31170753946e-10
1.52373741888e-09	-6.29715512374e-10
1.52479630521e-09	-1.30336205717e-09
1.52585519153e-09	-1.75400079183e-09
1.52691407785e-09	-1.88992860251e-09
1.52797296418e-09	-1.68234624842e-09
1.5290318505e-09	-1.17226796326e-09
1.53009073682e-09	-4.61800993279e-10
1.53114962314e-09	3.06897934149e-10
1.53220850947e-09	9.81263882649e-10
1.53326739579e-09	1.42874422016e-09
1.53432628211e-09	1.56423513031e-09
1.53538516844e-09	1.36511854598e-09
1.53644405476e-09	8.75781100418e-10
1.53750294108e-09	1.97034002829e-10
1.53856182741e-09	-5.36174979415e-10
1.53962071373e-09	-1.18099410112e-09
1.54067960005e-09	-1.61632535134e-09
1.54173848637e-09	-1.76517712946e-09
1.5427973727e-09	-1.60861690635e-09
1.54385625902e-09	-1.18768207075e-09
1.54491514534e-09	-5.92299917446e-10
1.54597403167e-09	5.76056338047e-11
1.54703291799e-09	6.3648657872e-10
1.54809180431e-09	1.03809975893e-09
1.54915069064e-09	1.19458169745e-09
1.55020957696e-09	1.08684666822e-09
1.55126846328e-09	7.46225886639e-10
1.55232734961e-09	2.45132768251e-10
1.55338623593e-09	-3.17780133804e-10
1.55444512225e-09	-8.37751125415e-10
1.55550400857e-09	-1.22290264026e-09
1.5565628949e-09	-1.41042351409e-09
1.55762178122e-09	-1.37689556978e-09
1.55868066754e-09	-1.13946926894e-09
1.55973955387e-09	-7.50661345583e-10
1.56079844019e-09	-2.87733314605e-10
1.56185732651e-09	1.62573988993e-10
1.56291621284e-09	5.20884276684e-10
1.56397509916e-09	7.27186581784e-10
1.56503398548e-09	7.50698767038e-10
1.56609287181e-09	5.93939383786e-10
1.56715175813e-09	2.90312196158e-10
1.56821064445e-09	-1.02451047646e-10
1.56926953077e-09	-5.12772813793e-10
1.5703284171e-09	-8.67743758792e-10
1.57138730342e-09	-1.10595470976e-09
1.57244618974e-09	-1.18755921763e-09
1.57350507607e-09	-1.10253904617e-09
1.57456396239e-09	-8.70561601973e-10
1.57562284871e-09	-5.37800644296e-10
1.57668173504e-09	-1.68799307865e-10
1.57774062136e-09	1.6655223381e-10
1.57879950768e-09	4.05544032384e-10
1.57985839401e-09	5.0369596688e-10
1.58091728033e-09	4.44022416057e-10
1.58197616665e-09	2.40016820655e-10
1.58303505297e-09	-6.72784761929e-11
1.5840939393e-09	-4.16678205828e-10
1.58515282562e-09	-7.39492057866e-10
1.58621171194e-09	-9.72791111553e-10
1.58727059827e-09	-1.07178280834e-09
1.58832948459e-09	-1.01950142772e-09
1.58938837091e-09	-8.29520424572e-10
1.59044725724e-09	-5.43232694938e-10
1.59150614356e-09	-2.21700985695e-10
1.59256502988e-09	6.76787805486e-11
1.5936239162e-09	2.63975953943e-10
1.59468280253e-09	3.26228818265e-10
1.59574168885e-09	2.42415544235e-10
1.59680057517e-09	3.2066930708e-11
1.5978594615e-09	-2.57296753348e-10
1.59891834782e-09	-5.61679685401e-10
1.59997723414e-09	-8.1398882773e-10
1.60103612047e-09	-9.58728756106e-10
1.60209500679e-09	-9.6570115099e-10
1.60315389311e-09	-8.35148630807e-10
1.60421277944e-09	-5.99356404785e-10
1.60527166576e-09	-3.13438542482e-10
1.60633055208e-09	-4.37019032073e-11
1.6073894384e-09	1.47531268452e-10
1.60844832473e-09	2.15979267457e-10
1.60950721105e-09	1.46677395924e-10
1.61056609737e-09	-4.37749341983e-11
1.6116249837e-09	-3.10449957408e-10
1.61268387002e-09	-5.90269499945e-10
1.61374275634e-09	-8.17385811813e-10
1.61480164267e-09	-9.37838279258e-10
1.61586052899e-09	-9.23323202617e-10
1.61691941531e-09	-7.76364986188e-10
1.61797830164e-09	-5.31971026257e-10
1.61903718796e-09	-2.47052836522e-10
1.62009607428e-09	1.10511025244e-11
1.6211549606e-09	1.81381880002e-10
1.62221384693e-09	2.23093238327e-10
1.62327273325e-09	1.24839936999e-10
1.62433161957e-09	-9.1478687906e-11
1.6253905059e-09	-3.76179063594e-10
1.62644939222e-09	-6.62909383636e-10
1.62750827854e-09	-8.83750517211e-10
1.62856716487e-09	-9.85427031641e-10
1.62962605119e-09	-9.4251326882e-10
1.63068493751e-09	-7.63233455603e-10
1.63174382383e-09	-4.87910462033e-10
1.63280271016e-09	-1.80247869581e-10
1.63386159648e-09	8.8554296708e-11
1.6349204828e-09	2.55761512663e-10
1.63597936913e-09	2.82552309674e-10
1.63703825545e-09	1.62476112425e-10
1.63809714177e-09	-7.69866679087e-11
1.6391560281e-09	-3.79807837958e-10
1.64021491442e-09	-6.7567813844e-10
1.64127380074e-09	-8.954041536e-10
1.64233268707e-09	-9.88092711818e-10
1.64339157339e-09	-9.31823444794e-10
1.64445045971e-09	-7.39805754851e-10
1.64550934603e-09	-4.56441481833e-10
1.64656823236e-09	-1.47038604383e-10
1.64762711868e-09	1.17188848903e-10
1.648686005e-09	2.76138313604e-10
1.64974489133e-09	2.94626557526e-10
1.65080377765e-09	1.7009463716e-10
1.65186266397e-09	-6.7159367477e-11
1.6529215503e-09	-3.60277582073e-10
1.65398043662e-09	-6.40212497599e-10
1.65503932294e-09	-8.41486380576e-10
1.65609820927e-09	-9.16942244356e-10
1.65715709559e-09	-8.50232044491e-10
1.65821598191e-09	-6.57700328227e-10
1.65927486823e-09	-3.85114997184e-10
1.66033375456e-09	-9.70843219185e-11
1.66139264088e-09	1.39736718724e-10
1.6624515272e-09	2.70834701888e-10
1.66351041353e-09	2.67338262638e-10
1.66456929985e-09	1.32637771426e-10
1.66562818617e-09	-9.93778705161e-11
1.6666870725e-09	-3.7263842359e-10
1.66774595882e-09	-6.21255810684e-10
1.66880484514e-09	-7.86422350851e-10
1.66986373147e-09	-8.29593137242e-10
1.67092261779e-09	-7.41561589912e-10
1.67198150411e-09	-5.43820412313e-10
1.67304039043e-09	-2.84018166624e-10
1.67409927676e-09	-2.29525276823e-11
1.67515816308e-09	1.78251592306e-10
1.6762170494e-09	2.74732920441e-10
1.67727593573e-09	2.4578209433e-10
1.67833482205e-09	1.01034367504e-10
1.67939370837e-09	-1.24025511215e-10
1.6804525947e-09	-3.75627622756e-10
1.68151148102e-09	-5.95308045914e-10
1.68257036734e-09	-7.32049698637e-10
1.68362925366e-09	-7.55869269953e-10
1.68468813999e-09	-6.62812350144e-10
1.68574702631e-09	-4.75461382071e-10
1.68680591263e-09	-2.37812554371e-10
1.68786479896e-09	-4.30222632693e-12
1.68892368528e-09	1.72617014432e-10
1.6899825716e-09	2.55213523925e-10
1.69104145793e-09	2.27725236238e-10
1.69210034425e-09	1.00304709851e-10
1.69315923057e-09	-9.46947728564e-11
1.6942181169e-09	-3.11081651758e-10
1.69527700322e-09	-4.99702886708e-10
1.69633588954e-09	-6.19403462548e-10
1.69739477586e-09	-6.46686752759e-10
1.69845366219e-09	-5.80025621283e-10
1.69951254851e-09	-4.38674815223e-10
1.70057143483e-09	-2.58242925308e-10
1.70163032116e-09	-8.01890723962e-11
1.70268920748e-09	5.68258239943e-11
1.7037480938e-09	1.25903907959e-10
1.70480698013e-09	1.18144142039e-10
1.70586586645e-09	4.1834270206e-11
1.70692475277e-09	-7.95300700296e-11
1.7079836391e-09	-2.144879864e-10
1.70904252542e-09	-3.31604806114e-10
1.71010141174e-09	-4.06692346466e-10
1.71116029806e-09	-4.28483543785e-10
1.71221918439e-09	-3.98693997955e-10
1.71327807071e-09	-3.32179480103e-10
1.71433695703e-09	-2.5064300635e-10
1.71539584336e-09	-1.76726763432e-10
1.71645472968e-09	-1.28515524611e-10
1.717513616e-09	-1.14365081641e-10
1.71857250233e-09	-1.31024497675e-10
1.71963138865e-09	-1.66344989866e-10
1.72069027497e-09	-2.03195094431e-10
1.7217491613e-09	-2.25674404511e-10
1.72280804762e-09	-2.23381256201e-10
1.72386693394e-09	-1.95510202645e-10
1.72492582026e-09	-1.5106734353e-10
1.72598470659e-09	-1.06296149834e-10
1.72704359291e-09	-7.97854985204e-11
1.72810247923e-09	-8.72954690305e-11
1.72916136556e-09	-1.35705151977e-10
1.73022025188e-09	-2.20820523325e-10
1.7312791382e-09	-3.26076009943e-10
1.73233802453e-09	-4.26361418393e-10
1.73339691085e-09	-4.94084540642e-10
1.73445579717e-09	-5.05480862029e-10
1.73551468349e-09	-4.48662891561e-10
1.73657356982e-09	-3.27309903139e-10
1.73763245614e-09	-1.62564683936e-10
1.73869134246e-09	1.21971308921e-11
1.73975022879e-09	1.5691657175e-10
1.74080911511e-09	2.34587151787e-10
1.74186800143e-09	2.20182322028e-10
1.74292688776e-09	1.07950984089e-10
1.74398577408e-09	-8.65723881471e-11
1.7450446604e-09	-3.27832094804e-10
1.74610354673e-09	-5.67097129672e-10
1.74716243305e-09	-7.53082533833e-10
1.74822131937e-09	-8.41899626403e-10
1.74928020569e-09	-8.08121548845e-10
1.75033909202e-09	-6.51562314519e-10
1.75139797834e-09	-3.98528567785e-10
1.75245686466e-09	-9.79379923514e-11
1.75351575099e-09	1.88945406196e-10
1.75457463731e-09	4.0086961528e-10
1.75563352363e-09	4.8931419333e-10
1.75669240996e-09	4.30630475723e-10
1.75775129628e-09	2.30345744215e-10
1.7588101826e-09	-7.56594058238e-11
1.75986906893e-09	-4.27709773848e-10
1.76092795525e-09	-7.55201012836e-10
1.76198684157e-09	-9.89840792665e-10
1.76304572789e-09	-1.08148705963e-09
1.76410461422e-09	-1.00825575666e-09
1.76516350054e-09	-7.81862553867e-10
1.76622238686e-09	-4.46338348226e-10
1.76728127319e-09	-6.87689996094e-11
1.76834015951e-09	2.74110328186e-10
1.76939904583e-09	5.11526977026e-10
1.77045793216e-09	5.93826852274e-10
1.77151681848e-09	5.0236470539e-10
1.7725757048e-09	2.54575197728e-10
1.77363459112e-09	-1.00432560705e-10
1.77469347745e-09	-4.91463324898e-10
1.77575236377e-09	-8.39324186541e-10
1.77681125009e-09	-1.07373649555e-09
1.77787013642e-09	-1.14855177452e-09
1.77892902274e-09	-1.05039875409e-09
1.77998790906e-09	-8.01349549218e-10
1.78104679539e-09	-4.53289874386e-10
1.78210568171e-09	-7.85813176682e-11
1.78316456803e-09	2.46659963288e-10
1.78422345436e-09	4.57589480196e-10
1.78528234068e-09	5.13647055445e-10
1.786341227e-09	4.06791083457e-10
1.78740011332e-09	1.62709254056e-10
1.78845899965e-09	-1.65993921733e-10
1.78951788597e-09	-5.10410280014e-10
1.79057677229e-09	-8.00722793626e-10
1.79163565862e-09	-9.80816115825e-10
1.79269454494e-09	-1.01886980103e-09
1.79375343126e-09	-9.13824474424e-10
1.79481231759e-09	-6.93937539376e-10
1.79587120391e-09	-4.09378357602e-10
1.79693009023e-09	-1.21159342975e-10
1.79798897656e-09	1.11811078625e-10
1.79904786288e-09	2.46041480592e-10
1.8001067492e-09	2.60136771499e-10
1.80116563552e-09	1.59134010656e-10
1.80222452185e-09	-2.83682271467e-11
1.80328340817e-09	-2.57374415183e-10
1.80434229449e-09	-4.78082219646e-10
1.80540118082e-09	-6.45999670423e-10
1.80646006714e-09	-7.31317201241e-10
1.80751895346e-09	-7.24881588782e-10
1.80857783979e-09	-6.36729162451e-10
1.80963672611e-09	-4.9489374751e-10
1.81069561243e-09	-3.35372564789e-10
1.81175449876e-09	-1.94471799775e-10
1.81281338508e-09	-1.00483128762e-10
1.8138722714e-09	-6.70117464123e-11
1.81493115772e-09	-9.2707434611e-11
1.81599004405e-09	-1.62482486667e-10
1.81704893037e-09	-2.52416145277e-10
1.81810781669e-09	-3.36871638223e-10
1.81916670302e-09	-3.95197680136e-10
1.82022558934e-09	-4.16478542625e-10
1.82128447566e-09	-4.0176801816e-10
1.82234336199e-09	-3.62372794965e-10
1.82340224831e-09	-3.15496174325e-10
1.82446113463e-09	-2.79915972345e-10
1.82552002095e-09	-2.68613810014e-10
1.82657890728e-09	-2.86921188197e-10
1.8276377936e-09	-3.29510835284e-10
1.82869667992e-09	-3.82660094583e-10
1.82975556625e-09	-4.27627374483e-10
1.83081445257e-09	-4.469181622e-10
1.83187333889e-09	-4.28521742396e-10
1.83293222522e-09	-3.70671129207e-10
1.83399111154e-09	-2.82921510872e-10
1.83504999786e-09	-1.84370206602e-10
1.83610888419e-09	-9.92036348901e-11
1.83716777051e-09	-5.10379039378e-11
1.83822665683e-09	-5.62090820937e-11
1.83928554315e-09	-1.19053723477e-10
1.84034442948e-09	-2.300279342e-10
1.8414033158e-09	-3.67182867445e-10
1.84246220212e-09	-5.00677572318e-10
1.84352108845e-09	-5.99902971049e-10
1.84457997477e-09	-6.39908678129e-10
1.84563886109e-09	-6.07915145306e-10
1.84669774742e-09	-5.06702593078e-10
1.84775663374e-09	-3.54435711683e-10
1.84881552006e-09	-1.81249269066e-10
1.84987440639e-09	-2.281880674e-11
1.85093329271e-09	8.66288533963e-11
1.85199217903e-09	1.23231634966e-10
1.85305106535e-09	7.77646545248e-11
1.85410995168e-09	-4.20342599703e-11
1.855168838e-09	-2.1158968154e-10
1.85622772432e-09	-3.96618536624e-10
1.85728661065e-09	-5.5826550327e-10
1.85834549697e-09	-6.62617037628e-10
1.85940438329e-09	-6.88003369553e-10
1.86046326962e-09	-6.28262653707e-10
1.86152215594e-09	-4.9592533205e-10
1.86258104226e-09	-3.17320029627e-10
1.86363992859e-09	-1.2856874506e-10
1.86469881491e-09	3.25281017399e-11
1.86575770123e-09	1.34248190689e-10
1.86681658755e-09	1.57732190156e-10
1.86787547388e-09	1.00182989508e-10
1.8689343602e-09	-2.52406504985e-11
1.86999324652e-09	-1.91545713318e-10
1.87105213285e-09	-3.64438642458e-10
1.87211101917e-09	-5.0896606027e-10
1.87316990549e-09	-5.97138866132e-10
1.87422879182e-09	-6.13261524895e-10
1.87528767814e-09	-5.56075758357e-10
1.87634656446e-09	-4.38505610295e-10
1.87740545078e-09	-2.85447571829e-10
1.87846433711e-09	-1.27419131669e-10
1.87952322343e-09	5.48744610949e-12
1.88058210975e-09	8.90753677416e-11
1.88164099608e-09	1.09773331917e-10
1.8826998824e-09	6.65441937664e-11
1.88375876872e-09	-2.95124133465e-11
1.88481765505e-09	-1.57523246183e-10
1.88587654137e-09	-2.920997038e-10
1.88693542769e-09	-4.06982357537e-10
1.88799431402e-09	-4.80906033745e-10
1.88905320034e-09	-5.01358336791e-10
1.89011208666e-09	-4.66064156018e-10
1.89117097298e-09	-3.83186225805e-10
1.89222985931e-09	-2.70065247943e-10
1.89328874563e-09	-1.48908729965e-10
1.89434763195e-09	-4.19742881945e-11
1.89540651828e-09	3.12655189282e-11
1.8964654046e-09	5.85587832565e-11
1.89752429092e-09	3.65208488451e-11
1.89858317725e-09	-2.8402387213e-11
1.89964206357e-09	-1.23017864125e-10
1.90070094989e-09	-2.28564212695e-10
1.90175983622e-09	-3.24769239279e-10
1.90281872254e-09	-3.93772379287e-10
1.90387760886e-09	-4.22646240922e-10
1.90493649518e-09	-4.0634779222e-10
1.90599538151e-09	-3.48343369774e-10
1.90705426783e-09	-2.59680082992e-10
1.90811315415e-09	-1.57420364938e-10
1.90917204048e-09	-6.10550100061e-11
1.9102309268e-09	1.10374231456e-11
1.91128981312e-09	4.48517410278e-11
1.91234869945e-09	3.39840696816e-11
1.91340758577e-09	-1.91168540416e-11
1.91446647209e-09	-1.03881339295e-10
1.91552535841e-09	-2.03806633028e-10
1.91658424474e-09	-2.98338184018e-10
1.91764313106e-09	-3.68666767253e-10
1.91870201738e-09	-4.00190693084e-10
1.91976090371e-09	-3.86394492791e-10
1.92081979003e-09	-3.2972079754e-10
1.92187867635e-09	-2.41440882912e-10
1.92293756268e-09	-1.38954002818e-10
1.923996449e-09	-4.35188439105e-11
1.92505533532e-09	2.58719248282e-11
1.92611422165e-09	5.54041599925e-11
1.92717310797e-09	3.88157492259e-11
1.92823199429e-09	-2.02417752698e-11
1.92929088061e-09	-1.09778920329e-10
1.93034976694e-09	-2.11313636728e-10
1.93140865326e-09	-3.04119522967e-10
1.93246753958e-09	-3.69610588663e-10
1.93352642591e-09	-3.94554652838e-10
1.93458531223e-09	-3.74599223169e-10
1.93564419855e-09	-3.14238329802e-10
1.93670308488e-09	-2.26011933127e-10
1.9377619712e-09	-1.28465588861e-10
1.93882085752e-09	-4.11439068579e-11
1.93987974385e-09	1.87673125738e-11
1.94093863017e-09	4.04185331038e-11
1.94199751649e-09	2.05218866531e-11
1.94305640281e-09	-3.55977114105e-11
1.94411528914e-09	-1.15234856379e-10
1.94517417546e-09	-2.02027164095e-10
1.94623306178e-09	-2.78842105655e-10
1.94729194811e-09	-3.31964211328e-10
1.94835083443e-09	-3.53000481276e-10
1.94940972075e-09	-3.40720793593e-10
1.95046860708e-09	-3.0025213392e-10
1.9515274934e-09	-2.41508786927e-10
1.95258637972e-09	-1.76372769688e-10
1.95364526605e-09	-1.16688574602e-10
1.95470415237e-09	-7.15366325205e-11
1.95576303869e-09	-4.56139245299e-11
1.95682192501e-09	-4.06302231443e-11
1.95788081134e-09	-5.40933669385e-11
1.95893969766e-09	-8.17767277506e-11
1.95999858398e-09	-1.189678989e-10
1.96105747031e-09	-1.60581999087e-10
1.96211635663e-09	-2.02883770548e-10
1.96317524295e-09	-2.43149477983e-10
1.96423412928e-09	-2.78253415101e-10
1.9652930156e-09	-3.05621578392e-10
1.96635190192e-09	-3.21325721239e-10
1.96741078824e-09	-3.2108171677e-10
1.96846967457e-09	-3.01803103342e-10
1.96952856089e-09	-2.61491637371e-10
1.97058744721e-09	-2.01486445583e-10
1.97164633354e-09	-1.27792249005e-10
1.97270521986e-09	-5.11488642239e-11
1.97376410618e-09	1.46386210987e-11
1.97482299251e-09	5.39369126619e-11
1.97588187883e-09	5.41747480209e-11
1.97694076515e-09	8.38875594423e-12
1.97799965148e-09	-8.17242237425e-11
1.9790585378e-09	-2.04653481661e-10
1.98011742412e-09	-3.39964792428e-10
1.98117631044e-09	-4.6136819018e-10
1.98223519677e-09	-5.42358068178e-10
1.98329408309e-09	-5.61301255475e-10
1.98435296941e-09	-5.07230327185e-10
1.98541185574e-09	-3.83650767405e-10
1.98647074206e-09	-2.09304859902e-10
1.98752962838e-09	-1.59207198206e-11
1.98858851471e-09	1.58180460917e-10
1.98964740103e-09	2.75037480638e-10
1.99070628735e-09	3.06012933743e-10
1.99176517368e-09	2.37625493935e-10
1.99282406e-09	7.7420560414e-11
1.99388294632e-09	-1.47739453484e-10
1.99494183264e-09	-3.95264852099e-10
1.99600071897e-09	-6.15695456424e-10
1.99705960529e-09	-7.62053253833e-10
1.99811849161e-09	-8.00234024878e-10
1.99917737794e-09	-7.17403567108e-10
2.00023626426e-09	-5.25187279082e-10
2.00129515058e-09	-2.58291806346e-10
2.00235403691e-09	3.15137946121e-11
2.00341292323e-09	2.86113152267e-10
2.00447180955e-09	4.52283512725e-10
2.00553069588e-09	4.93345333336e-10
2.0065895822e-09	3.9736069643e-10
2.00764846852e-09	1.80725083336e-10
2.00870735484e-09	-1.15270882249e-10
2.00976624117e-09	-4.32355474339e-10
2.01082512749e-09	-7.05729728129e-10
2.01188401381e-09	-8.79662211128e-10
2.01294290014e-09	-9.17384571086e-10
2.01400178646e-09	-8.10212862079e-10
2.01506067278e-09	-5.79159088743e-10
2.01611955911e-09	-2.70332636484e-10
2.01717844543e-09	5.43753059072e-11
2.01823733175e-09	3.29247754061e-10
2.01929621807e-09	5.00118245428e-10
2.0203551044e-09	5.3374353548e-10
2.02141399072e-09	4.24824109918e-10
2.02247287704e-09	1.97668317478e-10
2.02353176337e-09	-1.00813047146e-10
2.02459064969e-09	-4.09767584447e-10
2.02564953601e-09	-6.66976234659e-10
2.02670842234e-09	-8.2278477781e-10
2.02776730866e-09	-8.4888316515e-10
2.02882619498e-09	-7.43956070359e-10
2.02988508131e-09	-5.33172426348e-10
2.03094396763e-09	-2.61429593251e-10
2.03200285395e-09	1.55314587146e-11
2.03306174027e-09	2.42748163584e-10
2.0341206266e-09	3.78442176902e-10
2.03517951292e-09	4.01392974414e-10
2.03623839924e-09	3.13263805521e-10
2.03729728557e-09	1.38261983459e-10
2.03835617189e-09	-8.37049448851e-11
2.03941505821e-09	-3.06295142027e-10
2.04047394454e-09	-4.85705857478e-10
2.04153283086e-09	-5.90888799695e-10
2.04259171718e-09	-6.07642061667e-10
2.04365060351e-09	-5.40548258932e-10
2.04470948983e-09	-4.10217259467e-10
2.04576837615e-09	-2.47911110043e-10
2.04682726247e-09	-8.70242992251e-11
2.0478861488e-09	4.21392786117e-11
2.04894503512e-09	1.19874079413e-10
2.05000392144e-09	1.3981420275e-10
2.05106280777e-09	1.06759624578e-10
2.05212169409e-09	3.62539169692e-11
2.05318058041e-09	-5.18508734212e-11
2.05423946674e-09	-1.37964389912e-10
2.05529835306e-09	-2.07372492442e-10
2.05635723938e-09	-2.51797300024e-10
2.0574161257e-09	-2.7106990784e-10
2.05847501203e-09	-2.69973623318e-10
2.05953389835e-09	-2.5675651015e-10
2.06059278467e-09	-2.39069536737e-10
2.061651671e-09	-2.20972781739e-10
2.06271055732e-09	-2.03175230112e-10
2.06376944364e-09	-1.82815449411e-10
2.06482832997e-09	-1.54656037109e-10
2.06588721629e-09	-1.15775787395e-10
2.06694610261e-09	-6.62738045866e-11
2.06800498894e-09	-1.07260020635e-11
2.06906387526e-09	4.06962404314e-11
2.07012276158e-09	7.5739914774e-11
2.0711816479e-09	8.22082367458e-11
2.07224053423e-09	5.17884971019e-11
2.07329942055e-09	-1.64835762227e-11
2.07435830687e-09	-1.14623891975e-10
2.0754171932e-09	-2.26276655399e-10
2.07647607952e-09	-3.29073816807e-10
2.07753496584e-09	-3.99842742249e-10
2.07859385217e-09	-4.19947753655e-10
2.07965273849e-09	-3.79361677488e-10
2.08071162481e-09	-2.80586548787e-10
2.08177051114e-09	-1.3899779331e-10
2.08282939746e-09	2.00875967336e-11
2.08388828378e-09	1.65546857472e-10
2.0849471701e-09	2.67592937392e-10
2.08600605643e-09	3.03479972055e-10
2.08706494275e-09	2.6306126201e-10
2.08812382907e-09	1.51823594495e-10
2.0891827154e-09	-9.9695778976e-12
2.09024160172e-09	-1.91167949526e-10
2.09130048804e-09	-3.55329760407e-10
2.09235937437e-09	-4.69259544417e-10
2.09341826069e-09	-5.09039813773e-10
2.09447714701e-09	-4.65098036473e-10
2.09553603334e-09	-3.46152176367e-10
2.09659491966e-09	-1.7469817086e-10
2.09765380598e-09	1.55920509793e-11
2.0987126923e-09	1.87221519538e-10
2.09977157863e-09	3.07522058166e-10
2.10083046495e-09	3.53810831327e-10
2.10188935127e-09	3.18638638044e-10
2.1029482376e-09	2.11386737975e-10
2.10400712392e-09	5.47174497552e-11
2.10506601024e-09	-1.19300219877e-10
2.10612489657e-09	-2.76131319199e-10
2.10718378289e-09	-3.86491887105e-10
2.10824266921e-09	-4.31187707067e-10
2.10930155553e-09	-4.04534971493e-10
2.11036044186e-09	-3.15351267668e-10
2.11141932818e-09	-1.83311285422e-10
2.1124782145e-09	-3.56286545405e-11
2.11353710083e-09	9.9583893215e-11
2.11459598715e-09	1.98704004639e-10
2.11565487347e-09	2.46390456649e-10
2.1167137598e-09	2.38715630596e-10
2.11777264612e-09	1.82177028671e-10
2.11883153244e-09	9.14903179258e-11
2.11989041877e-09	-1.36009410115e-11
2.12094930509e-09	-1.13585995644e-10
2.12200819141e-09	-1.91774819983e-10
2.12306707773e-09	-2.37908569581e-10
2.12412596406e-09	-2.48537567263e-10
2.12518485038e-09	-2.2634361746e-10
2.1262437367e-09	-1.79231891481e-10
2.12730262303e-09	-1.17817786777e-10
2.12836150935e-09	-5.28177705565e-11
2.12942039567e-09	7.010911979e-12
2.130479282e-09	5.53557841926e-11
2.13153816832e-09	8.8956689237e-11
2.13259705464e-09	1.06308950358e-10
2.13365594097e-09	1.07938900873e-10
2.13471482729e-09	9.47218215322e-11
2.13577371361e-09	6.82851366597e-11
2.13683259993e-09	2.97162858556e-11
2.13789148626e-09	-1.79121485439e-11
2.13895037258e-09	-7.03321294433e-11
2.1400092589e-09	-1.22042773457e-10
2.14106814523e-09	-1.65179394468e-10
2.14212703155e-09	-1.92610240257e-10
2.14318591787e-09	-1.97447591263e-10
2.1442448042e-09	-1.75714161971e-10
2.14530369052e-09	-1.27610251359e-10
2.14636257684e-09	-5.86185375413e-11
2.14742146317e-09	2.19819839414e-11
2.14848034949e-09	1.0063216753e-10
2.14953923581e-09	1.62888034658e-10
2.15059812213e-09	1.9607770442e-10
2.15165700846e-09	1.91294145455e-10
2.15271589478e-09	1.4722280773e-10
2.1537747811e-09	6.97260461174e-11
2.15483366743e-09	-2.8726429872e-11
2.15589255375e-09	-1.3041788656e-10
2.15695144007e-09	-2.16386420934e-10
2.1580103264e-09	-2.69527551319e-10
2.15906921272e-09	-2.78274132903e-10
2.16012809904e-09	-2.39711374014e-10
2.16118698536e-09	-1.59953022182e-10
2.16224587169e-09	-5.29292009527e-11
2.16330475801e-09	6.13862237951e-11
2.16436364433e-09	1.6144844836e-10
2.16542253066e-09	2.2844053732e-10
2.16648141698e-09	2.4979522617e-10
2.1675403033e-09	2.21471075854e-10
2.16859918963e-09	1.48989450985e-10
2.16965807595e-09	4.61037280401e-11
2.17071696227e-09	-6.815962161e-11
2.1717758486e-09	-1.7234928068e-10
2.17283473492e-09	-2.47520223068e-10
2.17389362124e-09	-2.80373689543e-10
2.17495250756e-09	-2.65533798074e-10
2.17601139389e-09	-2.06607023157e-10
2.17707028021e-09	-1.1524041877e-10
2.17812916653e-09	-8.75006675189e-12
2.17918805286e-09	9.36876357743e-11
2.18024693918e-09	1.73735862502e-10
2.1813058255e-09	2.17654463897e-10
2.18236471183e-09	2.19417050501e-10
2.18342359815e-09	1.79421106444e-10
2.18448248447e-09	1.06607904796e-10
2.1855413708e-09	1.46179121325e-11
2.18660025712e-09	-8.03463285487e-11
2.18765914344e-09	-1.61419598174e-10
2.18871802976e-09	-2.15220079605e-10
2.18977691609e-09	-2.33678796799e-10
2.19083580241e-09	-2.14250610309e-10
2.19189468873e-09	-1.6139244368e-10
2.19295357506e-09	-8.53497849652e-11
2.19401246138e-09	1.2169670111e-12
2.1950713477e-09	8.3209242014e-11
2.19613023403e-09	1.46867805244e-10
2.19718912035e-09	1.82127965487e-10
2.19824800667e-09	1.83301102595e-10
2.19930689299e-09	1.50912200271e-10
2.20036577932e-09	9.09226327041e-11
2.20142466564e-09	1.37823935207e-11
2.20248355196e-09	-6.69116108007e-11
2.20354243829e-09	-1.37143251616e-10
2.20460132461e-09	-1.84844648268e-10
2.20566021093e-09	-2.01151876406e-10
2.20671909726e-09	-1.8335847337e-10
2.20777798358e-09	-1.3450855707e-10
2.2088368699e-09	-6.31116478522e-11
2.20989575623e-09	1.79798138183e-11
2.21095464255e-09	9.3754040989e-11
2.21201352887e-09	1.50252674885e-10
2.21307241519e-09	1.7699969268e-10
2.21413130152e-09	1.69464252527e-10
2.21519018784e-09	1.28850421652e-10
2.21624907416e-09	6.33290945726e-11
2.21730796049e-09	-1.41416646188e-11
2.21836684681e-09	-8.84914624216e-11
2.21942573313e-09	-1.45065623576e-10
2.22048461946e-09	-1.72754723721e-10
2.22154350578e-09	-1.65864722131e-10
2.2226023921e-09	-1.26309332785e-10
2.22366127843e-09	-6.21038433353e-11
2.22472016475e-09	1.33649406646e-11
2.22577905107e-09	8.49282050935e-11
2.22683793739e-09	1.37949855532e-10
2.22789682372e-09	1.61874808696e-10
2.22895571004e-09	1.52570941991e-10
2.23001459636e-09	1.12953951747e-10
2.23107348269e-09	5.2102787796e-11
2.23213236901e-09	-1.56296631453e-11
2.23319125533e-09	-7.55958707091e-11
2.23425014166e-09	-1.14721340934e-10
2.23530902798e-09	-1.24433652618e-10
2.2363679143e-09	-1.03551615199e-10
2.23742680063e-09	-5.76938787543e-11
2.23848568695e-09	2.55354391061e-12
2.23954457327e-09	6.29429021924e-11
2.24060345959e-09	1.10067835922e-10
2.24166234592e-09	1.33923783521e-10
2.24272123224e-09	1.30057657352e-10
2.24378011856e-09	1.00286232443e-10
2.24483900489e-09	5.28604928926e-11
2.24589789121e-09	9.86631295326e-14
2.24695677753e-09	-4.50694967458e-11
2.24801566386e-09	-7.10897282881e-11
2.24907455018e-09	-7.26086525973e-11
2.2501334365e-09	-4.88424611086e-11
2.25119232282e-09	-6.23679970516e-12
2.25225120915e-09	4.46218773736e-11
2.25331009547e-09	9.16186310845e-11
2.25436898179e-09	1.23044676878e-10
2.25542786812e-09	1.31233448587e-10
2.25648675444e-09	1.15421630587e-10
2.25754564076e-09	7.92189777318e-11
2.25860452709e-09	3.24491210811e-11
2.25966341341e-09	-1.25331693808e-11
2.26072229973e-09	-4.43558902715e-11
2.26178118606e-09	-5.41698136e-11
2.26284007238e-09	-3.89697937548e-11
2.2638989587e-09	-2.08341913058e-12
2.26495784502e-09	4.75874621826e-11
2.26601673135e-09	9.78402914242e-11
2.26707561767e-09	1.36569070289e-10
2.26813450399e-09	1.53968980794e-10
2.26919339032e-09	1.45976698611e-10
2.27025227664e-09	1.14658348788e-10
2.27131116296e-09	6.79041835781e-11
2.27237004929e-09	1.78377247868e-11
2.27342893561e-09	-2.27515653886e-11
2.27448782193e-09	-4.30334760881e-11
2.27554670826e-09	-3.7362496777e-11
2.27660559458e-09	-6.0793895959e-12
2.2776644809e-09	4.30412216285e-11
2.27872336722e-09	9.87600027799e-11
2.27978225355e-09	1.47318711917e-10
2.28084113987e-09	1.76366440549e-10
2.28190002619e-09	1.78928898607e-10
2.28295891252e-09	1.53955006729e-10
2.28401779884e-09	1.07485706967e-10
2.28507668516e-09	5.11890881245e-11
2.28613557149e-09	-9.81469950884e-13
2.28719445781e-09	-3.4894808397e-11
2.28825334413e-09	-4.10872557765e-11
2.28931223046e-09	-1.66268392283e-11
2.29037111678e-09	3.391795937e-11
2.2914300031e-09	9.90796498665e-11
2.29248888942e-09	1.63316437631e-10
2.29354777575e-09	2.10657359612e-10
2.29460666207e-09	2.29366504956e-10
2.29566554839e-09	2.13129810675e-10
2.29672443472e-09	1.65146975956e-10
2.29778332104e-09	9.57190203835e-11
2.29884220736e-09	2.13871125671e-11
2.29990109369e-09	-3.98042245865e-11
2.30095998001e-09	-7.18400855297e-11
2.30201886633e-09	-6.57899394685e-11
2.30307775265e-09	-2.02898645151e-11
2.30413663898e-09	5.57088056241e-11
2.3051955253e-09	1.45809287387e-10
2.30625441162e-09	2.3031290243e-10
2.30731329795e-09	2.89144813995e-10
2.30837218427e-09	3.07923811449e-10
2.30943107059e-09	2.80957075313e-10
2.31048995692e-09	2.12581820203e-10
2.31154884324e-09	1.16736767822e-10
2.31260772956e-09	1.44744728356e-11
2.31366661589e-09	-7.17123504676e-11
2.31472550221e-09	-1.21211806217e-10
2.31578438853e-09	-1.21697273786e-10
2.31684327485e-09	-7.12635592898e-11
2.31790216118e-09	2.09844563601e-11
2.3189610475e-09	1.36451964311e-10
2.32001993382e-09	2.50304678026e-10
2.32107882015e-09	3.38910708525e-10
2.32213770647e-09	3.82025674983e-10
2.32319659279e-09	3.70014130446e-10
2.32425547912e-09	3.0429089283e-10
2.32531436544e-09	1.98105898006e-10
2.32637325176e-09	7.35295969077e-11
2.32743213809e-09	-4.32608005408e-11
2.32849102441e-09	-1.27511382529e-10
2.32954991073e-09	-1.61224397548e-10
2.33060879705e-09	-1.36596343611e-10
2.33166768338e-09	-5.85783661161e-11
2.3327265697e-09	5.72041658833e-11
2.33378545602e-09	1.87043021696e-10
2.33484434235e-09	3.04142037943e-10
2.33590322867e-09	3.85080810988e-10
2.33696211499e-09	4.14037221175e-10
2.33802100132e-09	3.85519408064e-10
2.33907988764e-09	3.06311143117e-10
2.34013877396e-09	1.92781460934e-10
2.34119766028e-09	6.82014132669e-11
2.34225654661e-09	-4.19369044699e-11
2.34331543293e-09	-1.16570264726e-10
2.34437431925e-09	-1.4134054864e-10
2.34543320558e-09	-1.12455414772e-10
2.3464920919e-09	-3.73605239627e-11
2.34755097822e-09	6.84554734946e-11
2.34860986455e-09	1.83025378707e-10
2.34966875087e-09	2.84625604335e-10
2.35072763719e-09	3.5388709671e-10
2.35178652352e-09	3.79359058056e-10
2.35284540984e-09	3.58116314381e-10
2.35390429616e-09	2.96863741922e-10
2.35496318248e-09	2.0885488998e-10
2.35602206881e-09	1.11949935433e-10
2.35708095513e-09	2.47757682426e-11
2.35813984145e-09	-3.75315054642e-11
2.35919872778e-09	-6.5317271123e-11
2.3602576141e-09	-5.58011297759e-11
2.36131650042e-09	-1.35006207602e-11
2.36237538675e-09	5.20436437002e-11
2.36343427307e-09	1.27781310706e-10
2.36449315939e-09	2.00038196077e-10
2.36555204572e-09	2.57375643367e-10
2.36661093204e-09	2.91594534976e-10
2.36766981836e-09	2.99322702041e-10
2.36872870468e-09	2.81808819336e-10
2.36978759101e-09	2.43999908819e-10
2.37084647733e-09	1.93108296714e-10
2.37190536365e-09	1.37721087139e-10
2.37296424998e-09	8.59456282185e-11
2.3740231363e-09	4.47582170979e-11
2.37508202262e-09	1.8722369358e-11
2.37614090895e-09	1.01911546693e-11
2.37719979527e-09	1.96505006277e-11
2.37825868159e-09	4.5580134285e-11
2.37931756792e-09	8.45914740165e-11
2.38037645424e-09	1.32036049628e-10
2.38143534056e-09	1.81949755609e-10
2.38249422688e-09	2.27902766103e-10
2.38355311321e-09	2.63356466843e-10
2.38461199953e-09	2.82496514029e-10
2.38567088585e-09	2.81432533528e-10
2.38672977218e-09	2.58434029385e-10
2.3877886585e-09	2.15413950566e-10
2.38884754482e-09	1.57959307093e-10
2.38990643115e-09	9.43800194247e-11
2.39096531747e-09	3.53537824016e-11
2.39202420379e-09	-8.79534086621e-12
2.39308309011e-09	-2.84170261107e-11
2.39414197644e-09	-1.88244774586e-11
2.39520086276e-09	2.0811193914e-11
2.39625974908e-09	8.4944697977e-11
2.39731863541e-09	1.63212360293e-10
2.39837752173e-09	2.42174785434e-10
2.39943640805e-09	3.06607956038e-10
2.40049529438e-09	3.44158868071e-10
2.4015541807e-09	3.4634638213e-10
2.40261306702e-09	3.1101840374e-10
2.40367195335e-09	2.4388760976e-10
2.40473083967e-09	1.56226078081e-10
2.40578972599e-09	6.46851075307e-11
2.40684861231e-09	-1.33718712101e-11
2.40790749864e-09	-6.26481067544e-11
2.40896638496e-09	-7.30322404115e-11
2.41002527128e-09	-4.14754404866e-11
2.41108415761e-09	2.67299945199e-11
2.41214304393e-09	1.18679904446e-10
2.41320193025e-09	2.1736298178e-10
2.41426081658e-09	3.03267411184e-10
2.4153197029e-09	3.60298030994e-10
2.41637858922e-09	3.77196072987e-10
2.41743747555e-09	3.50889782508e-10
2.41849636187e-09	2.86603180424e-10
2.41955524819e-09	1.96969157998e-10
2.42061413451e-09	9.97972234365e-11
2.42167302084e-09	1.38271427728e-11
2.42273190716e-09	-4.43010198838e-11
2.42379079348e-09	-6.38478098516e-11
2.42484967981e-09	-4.18486493289e-11
2.42590856613e-09	1.68164035214e-11
2.42696745245e-09	9.99903614768e-11
2.42802633878e-09	1.91073976086e-10
2.4290852251e-09	2.72511221922e-10
2.43014411142e-09	3.28907972039e-10
2.43120299775e-09	3.50754428974e-10
2.43226188407e-09	3.35128647055e-10
2.43332077039e-09	2.86708802533e-10
2.43437965671e-09	2.16025754576e-10
2.43543854304e-09	1.37820400058e-10
2.43649742936e-09	6.74617826879e-11
2.43755631568e-09	1.78850096625e-11
2.43861520201e-09	-2.47271489038e-12
2.43967408833e-09	8.94014690837e-12
2.44073297465e-09	4.76376399265e-11
2.44179186098e-09	1.05164531597e-10
2.4428507473e-09	1.69223233516e-10
2.44390963362e-09	2.27163333283e-10
2.44496851994e-09	2.69184605162e-10
2.44602740627e-09	2.88438882154e-10
2.44708629259e-09	2.83424419351e-10
2.44814517891e-09	2.57349270366e-10
2.44920406524e-09	2.16936394196e-10
2.45026295156e-09	1.71345794324e-10
2.45132183788e-09	1.29533825506e-10
2.45238072421e-09	9.88597233589e-11
2.45343961053e-09	8.40377181906e-11
2.45449849685e-09	8.59567035605e-11
2.45555738318e-09	1.0216078504e-10
2.4566162695e-09	1.28245853173e-10
2.45767515582e-09	1.58012644635e-10
2.45873404214e-09	1.85976140737e-10
2.45979292847e-09	2.07735764354e-10
2.46085181479e-09	2.19994238104e-10
2.46191070111e-09	2.22940523681e-10
2.46296958744e-09	2.17363344338e-10
2.46402847376e-09	2.06638841455e-10
2.46508736008e-09	1.93610759369e-10
2.46614624641e-09	1.81141822028e-10
2.46720513273e-09	1.71138722985e-10
2.46826401905e-09	1.64548585695e-10
2.46932290538e-09	1.61497276489e-10
2.4703817917e-09	1.61034354254e-10
2.47144067802e-09	1.61835551904e-10
2.47249956434e-09	1.6330732773e-10
2.47355845067e-09	1.64874114361e-10
2.47461733699e-09	1.66936056124e-10
2.47567622331e-09	1.69910618561e-10
2.47673510964e-09	1.7466347986e-10
2.47779399596e-09	1.8152503372e-10
2.47885288228e-09	1.90589913643e-10
2.47991176861e-09	2.0075311552e-10
2.48097065493e-09	2.10244117255e-10
2.48202954125e-09	2.17567257613e-10
2.48308842757e-09	2.20767024453e-10
2.4841473139e-09	2.18642343813e-10
2.48520620022e-09	2.10784544333e-10
2.48626508654e-09	1.98255889136e-10
2.48732397287e-09	1.82770136699e-10
2.48838285919e-09	1.67117483914e-10
2.48944174551e-09	1.54730337917e-10
2.49050063184e-09	1.47726559284e-10
2.49155951816e-09	1.48523419258e-10
2.49261840448e-09	1.57632150388e-10
2.49367729081e-09	1.73725469774e-10
2.49473617713e-09	1.94829109443e-10
2.49579506345e-09	2.17096739891e-10
2.49685394977e-09	2.36706626522e-10
2.4979128361e-09	2.49940991515e-10
2.49897172242e-09	2.53830423694e-10
2.50003060874e-09	2.47376176835e-10
2.50108949507e-09	2.31732162972e-10
2.50214838139e-09	2.09048578795e-10
2.50320726771e-09	1.83986968022e-10
2.50426615404e-09	1.61073735946e-10
2.50532504036e-09	1.44431451174e-10
2.50638392668e-09	1.38120016292e-10
2.50744281301e-09	1.43486184739e-10
2.50850169933e-09	1.60183122842e-10
2.50956058565e-09	1.8542184281e-10
2.51061947197e-09	2.14736129919e-10
2.5116783583e-09	2.42932739897e-10
2.51273724462e-09	2.6452466606e-10
2.51379613094e-09	2.75180010723e-10
2.51485501727e-09	2.72537287876e-10
2.51591390359e-09	2.56599661658e-10
2.51697278991e-09	2.30354646816e-10
2.51803167624e-09	1.98251536715e-10
2.51909056256e-09	1.670208815e-10
2.52014944888e-09	1.4251522705e-10
2.52120833521e-09	1.30617134296e-10
2.52226722153e-09	1.33854584534e-10
2.52332610785e-09	1.52268410554e-10
2.52438499417e-09	1.82679923272e-10
2.5254438805e-09	2.19474773425e-10
2.52650276682e-09	2.55147515962e-10
2.52756165314e-09	2.82526439743e-10
2.52862053947e-09	2.95466675432e-10
2.52967942579e-09	2.9098242392e-10
2.53073831211e-09	2.69261394431e-10
2.53179719844e-09	2.34298726254e-10
2.53285608476e-09	1.93276793875e-10
2.53391497108e-09	1.5476173381e-10
2.5349738574e-09	1.26625928493e-10
2.53603274373e-09	1.16138283886e-10
2.53709163005e-09	1.25547486469e-10
2.53815051637e-09	1.53647736027e-10
2.5392094027e-09	1.95615346837e-10
2.54026828902e-09	2.42371940226e-10
2.54132717534e-09	2.84149379373e-10
2.54238606167e-09	3.11934405389e-10
2.54344494799e-09	3.18833039831e-10
2.54450383431e-09	3.03060701534e-10
2.54556272064e-09	2.66804365059e-10
2.54662160696e-09	2.17107044148e-10
2.54768049328e-09	1.6479151637e-10
2.5487393796e-09	1.20731709352e-10
2.54979826593e-09	9.49883800089e-11
2.55085715225e-09	9.40576306077e-11
2.55191603857e-09	1.1876036439e-10
2.5529749249e-09	1.64840734812e-10
2.55403381122e-09	2.22826930518e-10
2.55509269754e-09	2.80648219941e-10
2.55615158387e-09	3.25688986197e-10
2.55721047019e-09	3.47618491284e-10
2.55826935651e-09	3.4118425099e-10
2.55932824284e-09	3.06618761631e-10
2.56038712916e-09	2.50865264326e-10
2.56144601548e-09	1.85333822941e-10
2.5625049018e-09	1.23527607414e-10
2.56356378813e-09	7.89575288832e-11
2.56462267445e-09	6.12746697999e-11
2.56568156077e-09	7.49756515553e-11
2.5667404471e-09	1.17954255738e-10
2.56779933342e-09	1.81379633535e-10
2.56885821974e-09	2.52206309656e-10
2.56991710607e-09	3.16041814247e-10
2.57097599239e-09	3.58551507929e-10
2.57203487871e-09	3.70863006971e-10
2.57309376504e-09	3.5012316657e-10
2.57415265136e-09	3.00106588885e-10
2.57521153768e-09	2.30825941694e-10
2.576270424e-09	1.57021440121e-10
2.57732931033e-09	9.34679772815e-11
2.57838819665e-09	5.36427716483e-11
2.57944708297e-09	4.54421975309e-11
2.5805059693e-09	7.0733534481e-11
2.58156485562e-09	1.2411719829e-10
2.58262374194e-09	1.93961045142e-10
2.58368262827e-09	2.66266770785e-10
2.58474151459e-09	3.25978872368e-10
2.58580040091e-09	3.60972533114e-10
2.58685928723e-09	3.64756769927e-10
2.58791817356e-09	3.37020274535e-10
2.58897705988e-09	2.84285211691e-10
2.5900359462e-09	2.17602021471e-10
2.59109483253e-09	1.50415827363e-10
2.59215371885e-09	9.65166679218e-11
2.59321260517e-09	6.55879925024e-11
2.5942714915e-09	6.30117958679e-11
2.59533037782e-09	8.84448842289e-11
2.59638926414e-09	1.35047974539e-10
2.59744815047e-09	1.92911926017e-10
2.59850703679e-09	2.50217763176e-10
2.59956592311e-09	2.9568157818e-10
2.60062480943e-09	3.21082261473e-10
2.60168369576e-09	3.22987272344e-10
2.60274258208e-09	3.02517191852e-10
2.6038014684e-09	2.65107574782e-10
2.60486035473e-09	2.1952439172e-10
2.60591924105e-09	1.74612662003e-10
2.60697812737e-09	1.38786870885e-10
2.6080370137e-09	1.17833719344e-10
2.60909590002e-09	1.13308343611e-10
2.61015478634e-09	1.2459919381e-10
2.61121367267e-09	1.47398973235e-10
2.61227255899e-09	1.76396280395e-10
2.61333144531e-09	2.05730089214e-10
2.61439033163e-09	2.30107420965e-10
2.61544921796e-09	2.46678358296e-10
2.61650810428e-09	2.54677100589e-10
2.6175669906e-09	2.54160997804e-10
2.61862587693e-09	2.4706862424e-10
2.61968476325e-09	2.35916964783e-10
2.62074364957e-09	2.22350630963e-10
2.6218025359e-09	2.07999091908e-10
2.62286142222e-09	1.94050315747e-10
2.62392030854e-09	1.80622019078e-10
2.62497919486e-09	1.68394628103e-10
2.62603808119e-09	1.58179222325e-10
2.62709696751e-09	1.51157416445e-10
2.62815585383e-09	1.48860250515e-10
2.62921474016e-09	1.52729286683e-10
2.63027362648e-09	1.63922011381e-10
2.6313325128e-09	1.8243715913e-10
2.63239139913e-09	2.06119172078e-10
2.63345028545e-09	2.31893941549e-10
2.63450917177e-09	2.55100347096e-10
2.6355680581e-09	2.70919788339e-10
2.63662694442e-09	2.75172974684e-10
2.63768583074e-09	2.65317694897e-10
2.63874471706e-09	2.41833102155e-10
2.63980360339e-09	2.07821261936e-10
2.64086248971e-09	1.68749242878e-10
2.64192137603e-09	1.32350242744e-10
2.64298026236e-09	1.05414774999e-10
2.64403914868e-09	9.45732112415e-11
2.645098035e-09	1.02636308306e-10
2.64615692133e-09	1.28901118078e-10
2.64721580765e-09	1.69408095191e-10
2.64827469397e-09	2.16893530913e-10
2.6493335803e-09	2.6189687051e-10
2.65039246662e-09	2.95440890502e-10
2.65145135294e-09	3.10680071947e-10
2.65251023926e-09	3.03997970894e-10
2.65356912559e-09	2.76751911318e-10
2.65462801191e-09	2.33620577744e-10
2.65568689823e-09	1.83060363743e-10
2.65674578456e-09	1.34864493705e-10
2.65780467088e-09	9.81644028217e-11
2.6588635572e-09	8.0480390581e-11
2.65992244353e-09	8.46432676553e-11
2.66098132985e-09	1.09502166015e-10
2.66204021617e-09	1.50179250112e-10
2.6630991025e-09	1.98083490582e-10
2.66415798882e-09	2.44233704441e-10
2.66521687514e-09	2.79444748591e-10
2.66627576146e-09	2.97805058391e-10
2.66733464779e-09	2.96477087672e-10
2.66839353411e-09	2.76807004401e-10
2.66945242043e-09	2.43296457633e-10
2.67051130676e-09	2.03011019453e-10
2.67157019308e-09	1.6411329587e-10
2.6726290794e-09	1.33366979786e-10
2.67368796573e-09	1.1605661137e-10
2.67474685205e-09	1.13777349521e-10
2.67580573837e-09	1.2550264647e-10
2.67686462469e-09	1.47643002858e-10
2.67792351102e-09	1.75335557705e-10
2.67898239734e-09	2.02773383154e-10
2.68004128366e-09	2.25659265579e-10
2.68110016999e-09	2.40946738256e-10
2.68215905631e-09	2.47157986785e-10
2.68321794263e-09	2.45593708564e-10
2.68427682896e-09	2.37840889344e-10
2.68533571528e-09	2.25724033215e-10
2.6863946016e-09	2.12426147853e-10
2.68745348793e-09	1.98905858798e-10
2.68851237425e-09	1.86451843548e-10
2.68957126057e-09	1.75766423985e-10
2.69063014689e-09	1.6620516595e-10
2.69168903322e-09	1.58423689965e-10
2.69274791954e-09	1.5326255022e-10
2.69380680586e-09	1.51055447664e-10
2.69486569219e-09	1.53816850749e-10
2.69592457851e-09	1.62302350379e-10
2.69698346483e-09	1.76830062745e-10
2.69804235116e-09	1.96775748473e-10
2.69910123748e-09	2.19673199769e-10
2.7001601238e-09	2.41961750982e-10
2.70121901013e-09	2.59275363332e-10
2.70227789645e-09	2.67435568482e-10
2.70333678277e-09	2.63358912803e-10
2.70439566909e-09	2.45893926748e-10
2.70545455542e-09	2.16581884371e-10
2.70651344174e-09	1.79599937353e-10
2.70757232806e-09	1.4142901867e-10
2.70863121439e-09	1.09820439201e-10
2.70969010071e-09	9.08449999254e-11
2.71074898703e-09	8.9885510493e-11
2.71180787336e-09	1.08310149044e-10
2.71286675968e-09	1.44050866721e-10
2.713925646e-09	1.91107161346e-10
2.71498453233e-09	2.411543569e-10
2.71604341865e-09	2.84570911974e-10
2.71710230497e-09	3.12812853745e-10
2.71816119129e-09	3.18929422802e-10
2.71922007762e-09	3.01216732113e-10
2.72027896394e-09	2.62026060571e-10
2.72133785026e-09	2.0776474291e-10
2.72239673659e-09	1.48666473229e-10
2.72345562291e-09	9.53896779274e-11
2.72451450923e-09	5.85768903001e-11
2.72557339556e-09	4.57017822024e-11
2.72663228188e-09	5.957509399e-11
2.7276911682e-09	9.84239131169e-11
2.72875005452e-09	1.54797262682e-10
2.72980894085e-09	2.18284022802e-10
2.73086782717e-09	2.77490424735e-10
2.73192671349e-09	3.2025382693e-10
2.73298559982e-09	3.3874848239e-10
2.73404448614e-09	3.29376611055e-10
2.73510337246e-09	2.93512833829e-10
2.73616225879e-09	2.37862495325e-10
2.73722114511e-09	1.72812778844e-10
2.73828003143e-09	1.10011159904e-10
2.73933891776e-09	6.16948141879e-11
2.74039780408e-09	3.63033845607e-11
2.7414566904e-09	3.81126497549e-11
2.74251557672e-09	6.71449571291e-11
2.74357446305e-09	1.17231514427e-10
2.74463334937e-09	1.7903855308e-10
2.74569223569e-09	2.41159139533e-10
2.74675112202e-09	2.92198197929e-10
2.74781000834e-09	3.2258404975e-10
2.74886889466e-09	3.27343298301e-10
2.74992778099e-09	3.05731254549e-10
2.75098666731e-09	2.61937570592e-10
2.75204555363e-09	2.04400231116e-10
2.75310443996e-09	1.43564745161e-10
2.75416332628e-09	9.02896698379e-11
2.7552222126e-09	5.42039802799e-11
2.75628109892e-09	4.11330407669e-11
2.75733998525e-09	5.33015042693e-11
2.75839887157e-09	8.77346580802e-11
2.75945775789e-09	1.37577919543e-10
2.76051664422e-09	1.93425506514e-10
2.76157553054e-09	2.45055186213e-10
2.76263441686e-09	2.83326489006e-10
2.76369330319e-09	3.0130027466e-10
2.76475218951e-09	2.96501772787e-10
2.76581107583e-09	2.70015395459e-10
2.76686996215e-09	2.27076421902e-10
2.76792884848e-09	1.7586262481e-10
2.7689877348e-09	1.25702632331e-10
2.77004662112e-09	8.52221678643e-11
2.77110550745e-09	6.14742124393e-11
2.77216439377e-09	5.84128223222e-11
2.77322328009e-09	7.52740959842e-11
2.77428216642e-09	1.08988579446e-10
2.77534105274e-09	1.52343350608e-10
2.77639993906e-09	1.97197241175e-10
2.77745882539e-09	2.35712803442e-10
2.77851771171e-09	2.60583419426e-10
2.77957659803e-09	2.67572223059e-10
2.78063548435e-09	2.562436964e-10
2.78169437068e-09	2.29385599057e-10
2.782753257e-09	1.92328689433e-10
2.78381214332e-09	1.5195920737e-10
2.78487102965e-09	1.15843275077e-10
2.78592991597e-09	9.02475494509e-11
2.78698880229e-09	7.92190696722e-11
2.78804768862e-09	8.37275019282e-11
2.78910657494e-09	1.02227917971e-10
2.79016546126e-09	1.30469134628e-10
2.79122434759e-09	1.62348500095e-10
2.79228323391e-09	1.92058303289e-10
2.79334212023e-09	2.14107329088e-10
2.79440100655e-09	2.24466500942e-10
2.79545989288e-09	2.22198634492e-10
2.7965187792e-09	2.08983573502e-10
2.79757766552e-09	1.87084833736e-10
2.79863655185e-09	1.61667881339e-10
2.79969543817e-09	1.37504334308e-10
2.80075432449e-09	1.18683289758e-10
2.80181321082e-09	1.08478265433e-10
2.80287209714e-09	1.07432718971e-10
2.80393098346e-09	1.14875553514e-10
2.80498986979e-09	1.28223121357e-10
2.80604875611e-09	1.44079110621e-10
2.80710764243e-09	1.59259622851e-10
2.80816652875e-09	1.70698967981e-10
2.80922541508e-09	1.76901744121e-10
2.8102843014e-09	1.77368138406e-10
2.81134318772e-09	1.73053557595e-10
2.81240207405e-09	1.65471318071e-10
2.81346096037e-09	1.56581836039e-10
2.81451984669e-09	1.48148609699e-10
2.81557873302e-09	1.41621952013e-10
2.81663761934e-09	1.37830139663e-10
2.81769650566e-09	1.35929944384e-10
2.81875539198e-09	1.35796541546e-10
2.81981427831e-09	1.3627771047e-10
2.82087316463e-09	1.36573986495e-10
2.82193205095e-09	1.36402858626e-10
2.82299093728e-09	1.35847104399e-10
2.8240498236e-09	1.35163645033e-10
2.82510870992e-09	1.35361836323e-10
2.82616759625e-09	1.3722666059e-10
2.82722648257e-09	1.40482582164e-10
2.82828536889e-09	1.45355554849e-10
2.82934425522e-09	1.5087972538e-10
2.83040314154e-09	1.55346652209e-10
2.83146202786e-09	1.57933752881e-10
2.83252091418e-09	1.56642614678e-10
2.83357980051e-09	1.51371185551e-10
2.83463868683e-09	1.42650892834e-10
2.83569757315e-09	1.31517586752e-10
2.83675645948e-09	1.20315084284e-10
2.8378153458e-09	1.11318865584e-10
2.83887423212e-09	1.06431013308e-10
2.83993311845e-09	1.07137619956e-10
2.84099200477e-09	1.13454379572e-10
2.84205089109e-09	1.24387262643e-10
2.84310977742e-09	1.37820146788e-10
2.84416866374e-09	1.50586178076e-10
2.84522755006e-09	1.59964416713e-10
2.84628643638e-09	1.63773617064e-10
2.84734532271e-09	1.60895566835e-10
2.84840420903e-09	1.51373699166e-10
2.84946309535e-09	1.37387328944e-10
2.85052198168e-09	1.21224780214e-10
2.851580868e-09	1.0663739336e-10
2.85263975432e-09	9.65887586926e-11
2.85369864065e-09	9.3452865238e-11
2.85475752697e-09	9.75128354799e-11
2.85581641329e-09	1.08049936186e-10
2.85687529962e-09	1.22737017598e-10
2.85793418594e-09	1.38170535777e-10
2.85899307226e-09	1.50705716136e-10
2.86005195858e-09	1.57619558898e-10
2.86111084491e-09	1.57093995798e-10
2.86216973123e-09	1.49210170261e-10
2.86322861755e-09	1.35544765516e-10
2.86428750388e-09	1.19105916102e-10
2.8653463902e-09	1.03829573411e-10
2.86640527652e-09	9.27185316371e-11
2.86746416285e-09	8.85154952807e-11
2.86852304917e-09	9.23513366474e-11
2.86958193549e-09	1.0282351446e-10
2.87064082181e-09	1.17649899371e-10
2.87169970814e-09	1.33211421928e-10
2.87275859446e-09	1.45829945342e-10
2.87381748078e-09	1.52374380474e-10
2.87487636711e-09	1.51219326124e-10
2.87593525343e-09	1.42374809858e-10
2.87699413975e-09	1.2766606175e-10
2.87805302608e-09	1.10401759783e-10
2.8791119124e-09	9.42036414153e-11
2.88017079872e-09	8.3114936808e-11
2.88122968505e-09	7.94424222586e-11
2.88228857137e-09	8.40939214965e-11
2.88334745769e-09	9.62072583058e-11
2.88440634401e-09	1.12988943722e-10
2.88546523034e-09	1.3075681423e-10
2.88652411666e-09	1.45359639256e-10
2.88758300298e-09	1.53454214613e-10
2.88864188931e-09	1.52909416899e-10
2.88970077563e-09	1.43676825645e-10
2.89075966195e-09	1.27511249823e-10
2.89181854828e-09	1.07772207825e-10
2.8928774346e-09	8.84663145691e-11
2.89393632092e-09	7.38303532893e-11
2.89499520725e-09	6.68207676691e-11
2.89605409357e-09	6.92347884752e-11
2.89711297989e-09	8.01464372299e-11
2.89817186621e-09	9.73122849662e-11
2.89923075254e-09	1.17067008865e-10
2.90028963886e-09	1.35347288932e-10
2.90134852518e-09	1.48060375592e-10
2.90240741151e-09	1.52612426169e-10
2.90346629783e-09	1.48163882205e-10
2.90452518415e-09	1.35775633792e-10
2.90558407048e-09	1.17707716837e-10
2.9066429568e-09	9.79384941202e-11
2.90770184312e-09	8.02032641689e-11
2.90876072944e-09	6.77576905174e-11
2.90981961577e-09	6.29560175693e-11
2.91087850209e-09	6.61878681203e-11
2.91193738841e-09	7.63567941514e-11
2.91299627474e-09	9.13236083977e-11
2.91405516106e-09	1.07803835303e-10
2.91511404738e-09	1.22667409216e-10
2.91617293371e-09	1.32961496847e-10
2.91723182003e-09	1.37050528044e-10
2.91829070635e-09	1.34696404204e-10
2.91934959268e-09	1.26634338432e-10
2.920408479e-09	1.14807573171e-10
2.92146736532e-09	1.01521539439e-10
2.92252625164e-09	8.91698637671e-11
2.92358513797e-09	7.95358228063e-11
2.92464402429e-09	7.37827399004e-11
2.92570291061e-09	7.20453974257e-11
2.92676179694e-09	7.40164791437e-11
2.92782068326e-09	7.88767055143e-11
2.92887956958e-09	8.53789708204e-11
2.92993845591e-09	9.24335816221e-11
2.93099734223e-09	9.94608648913e-11
2.93205622855e-09	1.05628338541e-10
2.93311511488e-09	1.10707228107e-10
2.9341740012e-09	1.14245635521e-10
2.93523288752e-09	1.1591119644e-10
2.93629177384e-09	1.15275460184e-10
2.93735066017e-09	1.12050456587e-10
2.93840954649e-09	1.05874839278e-10
2.93946843281e-09	9.71588807672e-11
2.94052731914e-09	8.62052282856e-11
2.94158620546e-09	7.43810395221e-11
2.94264509178e-09	6.34447724392e-11
2.94370397811e-09	5.52910551545e-11
2.94476286443e-09	5.2130084971e-11
2.94582175075e-09	5.50126758384e-11
2.94688063708e-09	6.43357194775e-11
2.9479395234e-09	7.91054053859e-11
2.94899840972e-09	9.73101616647e-11
2.95005729604e-09	1.15367758749e-10
2.95111618237e-09	1.30073883955e-10
2.95217506869e-09	1.37931518637e-10
2.95323395501e-09	1.36416520441e-10
2.95429284134e-09	1.24917715928e-10
2.95535172766e-09	1.04449005868e-10
2.95641061398e-09	7.824221002e-11
2.95746950031e-09	5.09175032866e-11
2.95852838663e-09	2.76759129936e-11
2.95958727295e-09	1.34660025101e-11
2.96064615927e-09	1.14539931359e-11
2.9617050456e-09	2.25143649384e-11
2.96276393192e-09	4.54664240285e-11
2.96382281824e-09	7.60544431253e-11
2.96488170457e-09	1.08684283795e-10
2.96594059089e-09	1.36803941439e-10
2.96699947721e-09	1.54671543802e-10
2.96805836354e-09	1.5808507281e-10
2.96911724986e-09	1.45818549943e-10
2.97017613618e-09	1.19645421175e-10
2.97123502251e-09	8.40880169314e-11
2.97229390883e-09	4.56343372379e-11
2.97335279515e-09	1.15946932502e-11
2.97441168147e-09	-1.14410937321e-11
2.9754705678e-09	-1.867306212e-11
2.97652945412e-09	-8.71357819883e-12
2.97758834044e-09	1.66715430523e-11
2.97864722677e-09	5.29046641565e-11
2.97970611309e-09	9.26123457437e-11
2.98076499941e-09	1.28198231544e-10
2.98182388574e-09	1.52870588584e-10
2.98288277206e-09	1.61214226864e-10
2.98394165838e-09	1.52005477649e-10
2.98500054471e-09	1.26365944618e-10
2.98605943103e-09	8.94256626215e-11
2.98711831735e-09	4.8225062832e-11
2.98817720367e-09	1.03466714905e-11
2.98923609e-09	-1.68070102106e-11
2.99029497632e-09	-2.82143154326e-11
2.99135386264e-09	-2.268608695e-11
2.99241274897e-09	-1.21795688769e-12
2.99347163529e-09	3.16943288021e-11
2.99453052161e-09	6.95159776097e-11
2.99558940794e-09	1.04680053688e-10
2.99664829426e-09	1.30616833321e-10
2.99770718058e-09	1.42660894382e-10
2.99876606691e-09	1.38668158553e-10
2.99982495323e-09	1.20149104207e-10
3.00088383955e-09	9.05895978891e-11
3.00194272587e-09	5.61615029655e-11
3.0030016122e-09	2.27853113981e-11
3.00406049852e-09	-3.2131293611e-12
3.00511938484e-09	-1.76547232779e-11
3.00617827117e-09	-1.83682915883e-11
3.00723715749e-09	-6.11781949427e-12
3.00829604381e-09	1.62659486574e-11
3.00935493014e-09	4.4014917145e-11
3.01041381646e-09	7.1341463119e-11
3.01147270278e-09	9.37199554074e-11
3.0125315891e-09	1.06989445081e-10
3.01359047543e-09	1.09549205644e-10
3.01464936175e-09	1.01673409275e-10
3.01570824807e-09	8.50319853592e-11
3.0167671344e-09	6.35263139835e-11
3.01782602072e-09	4.04876256219e-11
3.01888490704e-09	2.03290173324e-11
3.01994379337e-09	6.28271772714e-12
3.02100267969e-09	-3.79843000857e-13
3.02206156601e-09	9.27702854044e-13
3.02312045234e-09	9.36603583319e-12
3.02417933866e-09	2.24933181889e-11
3.02523822498e-09	3.78501683121e-11
3.0262971113e-09	5.26525056194e-11
3.02735599763e-09	6.45931984115e-11
3.02841488395e-09	7.19955028754e-11
3.02947377027e-09	7.41022408365e-11
3.0305326566e-09	7.13071815137e-11
3.03159154292e-09	6.42044624931e-11
3.03265042924e-09	5.41390808052e-11
3.03370931557e-09	4.30144966954e-11
3.03476820189e-09	3.20671464642e-11
3.03582708821e-09	2.2567604686e-11
3.03688597454e-09	1.55946717128e-11
3.03794486086e-09	1.17093064845e-11
3.03900374718e-09	1.10223372313e-11
3.0400626335e-09	1.3440235036e-11
3.04112151983e-09	1.88072112137e-11
3.04218040615e-09	2.59203559224e-11
3.04323929247e-09	3.44147820051e-11
3.0442981788e-09	4.28630494813e-11
3.04535706512e-09	5.02996628723e-11
3.04641595144e-09	5.55040813657e-11
3.04747483777e-09	5.75286767009e-11
3.04853372409e-09	5.61858576158e-11
3.04959261041e-09	5.11617059482e-11
3.05065149673e-09	4.2650704149e-11
3.05171038306e-09	3.20978688507e-11
3.05276926938e-09	2.07725538159e-11
3.0538281557e-09	1.01006000981e-11
3.05488704203e-09	2.40030364291e-12
3.05594592835e-09	-1.46091421092e-12
3.05700481467e-09	-8.50195849595e-13
3.058063701e-09	4.77517095418e-12
3.05912258732e-09	1.41159605706e-11
3.06018147364e-09	2.59030596451e-11
3.06124035997e-09	3.8449284338e-11
3.06229924629e-09	4.9117517345e-11
3.06335813261e-09	5.60106305954e-11
3.06441701893e-09	5.78376192426e-11
3.06547590526e-09	5.37507130818e-11
3.06653479158e-09	4.46398484583e-11
3.0675936779e-09	3.1709793645e-11
3.06865256423e-09	1.70610278292e-11
3.06971145055e-09	3.20821900946e-12
3.07077033687e-09	-7.7904172913e-12
3.0718292232e-09	-1.36746674097e-11
3.07288810952e-09	-1.35507074311e-11
3.07394699584e-09	-7.2849585522e-12
3.07500588217e-09	3.77383955791e-12
3.07606476849e-09	1.7922932344e-11
3.07712365481e-09	3.23545268268e-11
3.07818254113e-09	4.46626151861e-11
3.07924142746e-09	5.24679826495e-11
3.08030031378e-09	5.44428681824e-11
3.0813592001e-09	4.98574441281e-11
3.08241808643e-09	3.97158657958e-11
3.08347697275e-09	2.56447484775e-11
3.08453585907e-09	9.88172976606e-12
3.0855947454e-09	-4.48295708281e-12
3.08665363172e-09	-1.52102659894e-11
3.08771251804e-09	-2.01172676607e-11
3.08877140437e-09	-1.89607786936e-11
3.08983029069e-09	-1.19212606366e-11
3.09088917701e-09	-2.06665332634e-14
3.09194806333e-09	1.42431337991e-11
3.09300694966e-09	2.81430130936e-11
3.09406583598e-09	3.94117260528e-11
3.0951247223e-09	4.57387409197e-11
3.09618360863e-09	4.60525315799e-11
3.09724249495e-09	4.0292883613e-11
3.09830138127e-09	2.94773884121e-11
3.0993602676e-09	1.5939094879e-11
3.10041915392e-09	1.67691929136e-12
3.10147804024e-09	-1.05504733097e-11
3.10253692656e-09	-1.87142588752e-11
3.10359581289e-09	-2.16719630523e-11
3.10465469921e-09	-1.86868381012e-11
3.10571358553e-09	-1.06418771365e-11
3.10677247186e-09	3.16882858929e-13
3.10783135818e-09	1.27402351906e-11
3.1088902445e-09	2.36071737245e-11
3.10994913083e-09	3.12660283948e-11
3.11100801715e-09	3.45786765107e-11
3.11206690347e-09	3.27566311749e-11
3.1131257898e-09	2.6200982356e-11
3.11418467612e-09	1.65580367343e-11
3.11524356244e-09	5.15579668802e-12
3.11630244876e-09	-5.58733620351e-12
3.11736133509e-09	-1.36880223952e-11
3.11842022141e-09	-1.80699797573e-11
3.11947910773e-09	-1.80666866016e-11
3.12053799406e-09	-1.41112204387e-11
3.12159688038e-09	-7.46881560505e-12
3.1226557667e-09	9.65944521364e-13
3.12371465303e-09	9.22130264942e-12
3.12477353935e-09	1.57445277519e-11
3.12583242567e-09	1.9438657281e-11
3.126891312e-09	1.96602424011e-11
3.12795019832e-09	1.66669595876e-11
3.12900908464e-09	1.1311698106e-11
3.13006797096e-09	4.53517201549e-12
3.13112685729e-09	-2.33213025714e-12
3.13218574361e-09	-8.21611501707e-12
3.13324462993e-09	-1.2511421261e-11
3.13430351626e-09	-1.42690764803e-11
3.13536240258e-09	-1.38285494167e-11
3.1364212889e-09	-1.13613106553e-11
3.13748017523e-09	-7.30852000013e-12
3.13853906155e-09	-2.69455407965e-12
3.13959794787e-09	1.31185043568e-12
3.1406568342e-09	4.42029540141e-12
3.14171572052e-09	6.05973680522e-12
3.14277460684e-09	6.24621941626e-12
3.14383349316e-09	4.82480540438e-12
3.14489237949e-09	1.81504418158e-12
3.14595126581e-09	-1.65527556668e-12
3.14701015213e-09	-5.69924744334e-12
3.14806903846e-09	-9.79429699236e-12
3.14912792478e-09	-1.27343525807e-11
3.1501868111e-09	-1.47913708191e-11
3.15124569743e-09	-1.58267465973e-11
3.15230458375e-09	-1.5021990379e-11
3.15336347007e-09	-1.32691225629e-11
3.15442235639e-09	-1.02352045025e-11
3.15548124272e-09	-6.61942018126e-12
3.15654012904e-09	-3.35734459439e-12
3.15759901536e-09	-5.66345676411e-13
3.15865790169e-09	9.6648908901e-13
3.15971678801e-09	2.72885040302e-13
3.16077567433e-09	-2.29097329215e-12
3.16183456066e-09	-6.27413737826e-12
3.16289344698e-09	-1.1863126963e-11
3.1639523333e-09	-1.75980926879e-11
3.16501121963e-09	-2.23632850519e-11
3.16607010595e-09	-2.54432436491e-11
3.16712899227e-09	-2.58887312629e-11
3.16818787859e-09	-2.35333161378e-11
3.16924676492e-09	-1.87328057797e-11
3.17030565124e-09	-1.23779719113e-11
3.17136453756e-09	-5.85646700406e-12
3.17242342389e-09	-2.62070618299e-13
3.17348231021e-09	2.76654700125e-12
3.17454119653e-09	2.12891805421e-12
3.17560008286e-09	-2.13632188112e-12
3.17665896918e-09	-9.75678191668e-12
3.1777178555e-09	-1.93964160055e-11
3.17877674183e-09	-2.89053221462e-11
3.17983562815e-09	-3.66664736767e-11
3.18089451447e-09	-4.08356031281e-11
3.18195340079e-09	-4.0327334137e-11
3.18301228712e-09	-3.49149611133e-11
3.18407117344e-09	-2.56267986432e-11
3.18513005976e-09	-1.40056827897e-11
3.18618894609e-09	-2.90213534627e-12
3.18724783241e-09	5.5615359052e-12
3.18830671873e-09	9.21405969101e-12
3.18936560506e-09	6.79911850562e-12
3.19042449138e-09	-1.26359622906e-12
3.1914833777e-09	-1.40503541961e-11
3.19254226402e-09	-2.90912129455e-11
3.19360115035e-09	-4.33719186867e-11
3.19466003667e-09	-5.4050540519e-11
3.19571892299e-09	-5.86231167776e-11
3.19677780932e-09	-5.5779033302e-11
3.19783669564e-09	-4.64733659541e-11
3.19889558196e-09	-3.19119236245e-11
3.19995446829e-09	-1.5142726374e-11
3.20101335461e-09	3.76978626809e-13
3.20207224093e-09	1.14571938633e-11
3.20313112726e-09	1.54371348603e-11
3.20419001358e-09	1.12880612518e-11
3.2052488999e-09	-3.6378141981e-13
3.20630778622e-09	-1.76473211044e-11
3.20736667255e-09	-3.73412321029e-11
3.20842555887e-09	-5.51810307517e-11
3.20948444519e-09	-6.78277178347e-11
3.21054333152e-09	-7.28690215807e-11
3.21160221784e-09	-6.88651163004e-11
3.21266110416e-09	-5.68976385104e-11
3.21371999049e-09	-3.91742235439e-11
3.21477887681e-09	-1.9092238966e-11
3.21583776313e-09	-1.07843685967e-12
3.21689664946e-09	1.1549600035e-11
3.21795553578e-09	1.59055973687e-11
3.2190144221e-09	1.11720077091e-11
3.22007330842e-09	-1.43739648005e-12
3.22113219475e-09	-1.99610050711e-11
3.22219108107e-09	-4.05538601832e-11
3.22324996739e-09	-5.92530837763e-11
3.22430885372e-09	-7.24739469826e-11
3.22536774004e-09	-7.79079383471e-11
3.22642662636e-09	-7.45407529104e-11
3.22748551269e-09	-6.33605338335e-11
3.22854439901e-09	-4.66941019271e-11
3.22960328533e-09	-2.78159006245e-11
3.23066217166e-09	-1.07216669354e-11
3.23172105798e-09	1.44342757825e-12
3.2327799443e-09	6.60175755209e-12
3.23383883062e-09	3.55139959866e-12
3.23489771695e-09	-6.29665677238e-12
3.23595660327e-09	-2.13331640764e-11
3.23701548959e-09	-3.86082179681e-11
3.23807437592e-09	-5.41665297685e-11
3.23913326224e-09	-6.5981495441e-11
3.24019214856e-09	-7.16147158936e-11
3.24125103489e-09	-7.07227484041e-11
3.24230992121e-09	-6.38814509103e-11
3.24336880753e-09	-5.27125934048e-11
3.24442769385e-09	-3.97122950843e-11
3.24548658018e-09	-2.76043961994e-11
3.2465454665e-09	-1.81552822906e-11
3.24760435282e-09	-1.28580814615e-11
3.24866323915e-09	-1.26684640426e-11
3.24972212547e-09	-1.67256086368e-11
3.25078101179e-09	-2.41589424247e-11
3.25183989812e-09	-3.33832213175e-11
3.25289878444e-09	-4.22806121711e-11
3.25395767076e-09	-5.01829190182e-11
3.25501655709e-09	-5.53586872523e-11
3.25607544341e-09	-5.80359341314e-11
3.25713432973e-09	-5.8042407252e-11
3.25819321605e-09	-5.55638768503e-11
3.25925210238e-09	-5.16542212649e-11
3.2603109887e-09	-4.71091702973e-11
3.26136987502e-09	-4.25178193434e-11
3.26242876135e-09	-3.84272546509e-11
3.26348764767e-09	-3.49970209063e-11
3.26454653399e-09	-3.25113579721e-11
3.26560542032e-09	-3.05801237197e-11
3.26666430664e-09	-2.98315571464e-11
3.26772319296e-09	-3.01668215148e-11
3.26878207929e-09	-3.19220930071e-11
3.26984096561e-09	-3.51715904665e-11
3.27089985193e-09	-3.98372973064e-11
3.27195873825e-09	-4.58288810547e-11
3.27301762458e-09	-5.24500325984e-11
3.2740765109e-09	-5.84558087699e-11
3.27513539722e-09	-6.31943416866e-11
3.27619428355e-09	-6.52755232679e-11
3.27725316987e-09	-6.40490043814e-11
3.27831205619e-09	-5.94146047465e-11
3.27937094252e-09	-5.16578789293e-11
3.28042982884e-09	-4.19417007635e-11
3.28148871516e-09	-3.19040288979e-11
3.28254760149e-09	-2.31507484624e-11
3.28360648781e-09	-1.77796972024e-11
3.28466537413e-09	-1.72179503728e-11
3.28572426045e-09	-2.16270809855e-11
3.28678314678e-09	-3.11195385867e-11
3.2878420331e-09	-4.381077944e-11
3.28890091942e-09	-5.76904622164e-11
3.28995980575e-09	-7.03970757555e-11
3.29101869207e-09	-7.9420977607e-11
3.29207757839e-09	-8.28980577759e-11
3.29313646472e-09	-7.99840250455e-11
3.29419535104e-09	-7.06470589494e-11
3.29525423736e-09	-5.6662143727e-11
3.29631312368e-09	-4.03984220208e-11
3.29737201001e-09	-2.49239136274e-11
3.29843089633e-09	-1.33482905718e-11
3.29948978265e-09	-7.511404259e-12
3.30054866898e-09	-8.98787809586e-12
3.3016075553e-09	-1.77839834872e-11
3.30266644162e-09	-3.21777543846e-11
3.30372532795e-09	-4.98997189055e-11
3.30478421427e-09	-6.76972427768e-11
3.30584310059e-09	-8.21145959388e-11
3.30690198692e-09	-9.07288259279e-11
3.30796087324e-09	-9.16733876311e-11
3.30901975956e-09	-8.49101934597e-11
3.31007864588e-09	-7.16797281253e-11
3.31113753221e-09	-5.43266256633e-11
3.31219641853e-09	-3.58251382119e-11
3.31325530485e-09	-1.99758209106e-11
3.31431419118e-09	-9.25728856635e-12
3.3153730775e-09	-5.97921945246e-12
3.31643196382e-09	-1.05261739537e-11
3.31749085015e-09	-2.19866670443e-11
3.31854973647e-09	-3.82591321905e-11
3.31960862279e-09	-5.66789132989e-11
3.32066750912e-09	-7.35162473432e-11
3.32172639544e-09	-8.62429364035e-11
3.32278528176e-09	-9.24733614335e-11
3.32384416808e-09	-9.10964780172e-11
3.32490305441e-09	-8.28630089891e-11
3.32596194073e-09	-6.91747301801e-11
3.32702082705e-09	-5.23819789627e-11
3.32807971338e-09	-3.57444315032e-11
3.3291385997e-09	-2.20987880772e-11
3.33019748602e-09	-1.35837711522e-11
3.33125637235e-09	-1.19804209955e-11
3.33231525867e-09	-1.68457464774e-11
3.33337414499e-09	-2.75127969452e-11
3.33443303131e-09	-4.21816483652e-11
3.33549191764e-09	-5.79594458365e-11
3.33655080396e-09	-7.23457266316e-11
3.33760969028e-09	-8.30072347663e-11
3.33866857661e-09	-8.80037401459e-11
3.33972746293e-09	-8.72211014351e-11
3.34078634925e-09	-8.04826986306e-11
3.34184523558e-09	-6.91813563901e-11
3.3429041219e-09	-5.55346059937e-11
3.34396300822e-09	-4.16331487514e-11
3.34502189455e-09	-2.98069496602e-11
3.34608078087e-09	-2.19266383479e-11
3.34713966719e-09	-1.92319728936e-11
3.34819855351e-09	-2.21575782895e-11
3.34925743984e-09	-3.0069743787e-11
3.35031632616e-09	-4.14563197139e-11
3.35137521248e-09	-5.45223445385e-11
3.35243409881e-09	-6.71293541588e-11
3.35349298513e-09	-7.73809289215e-11
3.35455187145e-09	-8.38507995676e-11
3.35561075778e-09	-8.51984433524e-11
3.3566696441e-09	-8.14542387532e-11
3.35772853042e-09	-7.34330890366e-11
3.35878741675e-09	-6.20927051095e-11
3.35984630307e-09	-4.94119363481e-11
3.36090518939e-09	-3.77251550311e-11
3.36196407571e-09	-2.84595712882e-11
3.36302296204e-09	-2.37248597504e-11
3.36408184836e-09	-2.39263454969e-11
3.36514073468e-09	-2.90398607938e-11
3.36619962101e-09	-3.8708372228e-11
3.36725850733e-09	-5.0857595045e-11
3.36831739365e-09	-6.35624968458e-11
3.36937627998e-09	-7.50324464019e-11
3.3704351663e-09	-8.31562943504e-11
3.37149405262e-09	-8.66045460172e-11
3.37255293895e-09	-8.45790889582e-11
3.37361182527e-09	-7.74678906093e-11
3.37467071159e-09	-6.67021876101e-11
3.37572959791e-09	-5.38691946952e-11
3.37678848424e-09	-4.13474725378e-11
3.37784737056e-09	-3.12935335197e-11
3.37890625688e-09	-2.53947908709e-11
3.37996514321e-09	-2.48487656233e-11
3.38102402953e-09	-2.97096782939e-11
3.38208291585e-09	-3.92529498489e-11
3.38314180218e-09	-5.15993562981e-11
3.3842006885e-09	-6.48268183925e-11
3.38525957482e-09	-7.63482840317e-11
3.38631846114e-09	-8.43453757358e-11
3.38737734747e-09	-8.72730017594e-11
3.38843623379e-09	-8.44651575245e-11
3.38949512011e-09	-7.70609366249e-11
3.39055400644e-09	-6.58882167576e-11
3.39161289276e-09	-5.33992333858e-11
3.39267177908e-09	-4.16369167876e-11
3.39373066541e-09	-3.28461890933e-11
3.39478955173e-09	-2.85420127203e-11
3.39584843805e-09	-2.96344400842e-11
3.39690732438e-09	-3.56828076201e-11
3.3979662107e-09	-4.52779541291e-11
3.39902509702e-09	-5.70308414209e-11
3.40008398334e-09	-6.83582457132e-11
3.40114286967e-09	-7.73926166209e-11
3.40220175599e-09	-8.2617202142e-11
3.40326064231e-09	-8.2964639065e-11
3.40431952864e-09	-7.91237565918e-11
3.40537841496e-09	-7.11703126988e-11
3.40643730128e-09	-6.11569475617e-11
3.40749618761e-09	-5.12894674648e-11
3.40855507393e-09	-4.2808965357e-11
3.40961396025e-09	-3.76738846283e-11
3.41067284658e-09	-3.67585532325e-11
3.4117317329e-09	-3.95556727564e-11
3.41279061922e-09	-4.5843119665e-11
3.41384950554e-09	-5.42059105935e-11
3.41490839187e-09	-6.26137214993e-11
3.41596727819e-09	-6.9966462745e-11
3.41702616451e-09	-7.45551944834e-11
3.41808505084e-09	-7.56039003104e-11
3.41914393716e-09	-7.38350413795e-11
3.42020282348e-09	-6.93755981482e-11
3.42126170981e-09	-6.30967643585e-11
3.42232059613e-09	-5.6744774244e-11
3.42337948245e-09	-5.13984050633e-11
3.42443836878e-09	-4.79952453648e-11
3.4254972551e-09	-4.73151097295e-11
3.42655614142e-09	-4.87691922436e-11
3.42761502774e-09	-5.19498181452e-11
3.42867391407e-09	-5.65517593691e-11
3.42973280039e-09	-6.08526922428e-11
3.43079168671e-09	-6.46107837371e-11
3.43185057304e-09	-6.67022626369e-11
3.43290945936e-09	-6.67543611534e-11
3.43396834568e-09	-6.53568401655e-11
3.43502723201e-09	-6.29328147754e-11
3.43608611833e-09	-5.99950375837e-11
3.43714500465e-09	-5.73965475842e-11
3.43820389097e-09	-5.57417597323e-11
3.4392627773e-09	-5.55655703741e-11
3.44032166362e-09	-5.66710272459e-11
3.44138054994e-09	-5.82803631743e-11
3.44243943627e-09	-6.04702954377e-11
3.44349832259e-09	-6.22633043214e-11
3.44455720891e-09	-6.31576531525e-11
3.44561609524e-09	-6.3035088e-11
3.44667498156e-09	-6.18646067534e-11
3.44773386788e-09	-5.96748869937e-11
3.44879275421e-09	-5.74934002316e-11
3.44985164053e-09	-5.53235326474e-11
3.45091052685e-09	-5.42578451786e-11
3.45196941317e-09	-5.45800670285e-11
3.4530282995e-09	-5.62522662999e-11
3.45408718582e-09	-5.88345444412e-11
3.45514607214e-09	-6.20849365841e-11
3.45620495847e-09	-6.49653473378e-11
3.45726384479e-09	-6.72105604678e-11
3.45832273111e-09	-6.81026814803e-11
3.45938161744e-09	-6.70341451618e-11
3.46044050376e-09	-6.43327158038e-11
3.46149939008e-09	-6.07325648105e-11
3.46255827641e-09	-5.63886242387e-11
3.46361716273e-09	-5.27574429456e-11
3.46467604905e-09	-5.0127570931e-11
3.46573493537e-09	-4.92531176434e-11
3.4667938217e-09	-5.08519697705e-11
3.46785270802e-09	-5.3905098267e-11
3.46891159434e-09	-5.83719856305e-11
3.46997048067e-09	-6.33220689425e-11
3.47102936699e-09	-6.74349608272e-11
3.47208825331e-09	-7.0228654489e-11
3.47314713964e-09	-7.07720678936e-11
3.47420602596e-09	-6.92045609187e-11
3.47526491228e-09	-6.58608289433e-11
3.4763237986e-09	-6.1129606585e-11
3.47738268493e-09	-5.59625262797e-11
3.47844157125e-09	-5.1651485606e-11
3.47950045757e-09	-4.87340064137e-11
3.4805593439e-09	-4.79260069131e-11
3.48161823022e-09	-4.94555837255e-11
3.48267711654e-09	-5.2516274749e-11
3.48373600287e-09	-5.70563661421e-11
3.48479488919e-09	-6.1856695547e-11
3.48585377551e-09	-6.57766762065e-11
3.48691266184e-09	-6.82939759432e-11
3.48797154816e-09	-6.88319800463e-11
3.48903043448e-09	-6.73997520122e-11
3.4900893208e-09	-6.45336904574e-11
3.49114820713e-09	-6.04075491885e-11
3.49220709345e-09	-5.62190099161e-11
3.49326597977e-09	-5.30677550514e-11
3.4943248661e-09	-5.1004674876e-11
3.49538375242e-09	-5.08182354704e-11
3.49644263874e-09	-5.21262126345e-11
3.49750152507e-09	-5.46764591068e-11
3.49856041139e-09	-5.78317350605e-11
3.49961929771e-09	-6.07285870896e-11
3.50067818404e-09	-6.24919027116e-11
3.50173707036e-09	-6.33904270221e-11
3.50279595668e-09	-6.27115980673e-11
3.503854843e-09	-6.09703884602e-11
3.50491372933e-09	-5.87221942079e-11
3.50597261565e-09	-5.64654356258e-11
3.50703150197e-09	-5.47279270513e-11
3.5080903883e-09	-5.44674596224e-11
3.50914927462e-09	-5.50191697757e-11
3.51020816094e-09	-5.65926910369e-11
3.51126704727e-09	-5.87099843567e-11
3.51232593359e-09	-6.05164503578e-11
3.51338481991e-09	-6.15440268192e-11
3.51444370624e-09	-6.15349576849e-11
3.51550259256e-09	-5.98368776403e-11
3.51656147888e-09	-5.73528594408e-11
3.5176203652e-09	-5.4298085559e-11
3.51867925153e-09	-5.12691139543e-11
3.51973813785e-09	-4.94220523881e-11
3.52079702417e-09	-4.89950840316e-11
3.5218559105e-09	-5.04998178691e-11
3.52291479682e-09	-5.38694228114e-11
3.52397368314e-09	-5.80949463883e-11
3.52503256947e-09	-6.27500234933e-11
3.52609145579e-09	-6.6684536365e-11
3.52715034211e-09	-6.84661836774e-11
3.52820922843e-09	-6.80767209098e-11
3.52926811476e-09	-6.49205923395e-11
3.53032700108e-09	-5.96664770543e-11
3.5313858874e-09	-5.33496220291e-11
3.53244477373e-09	-4.68398249874e-11
3.53350366005e-09	-4.18892576876e-11
3.53456254637e-09	-3.9513487534e-11
3.5356214327e-09	-4.00616948469e-11
3.53668031902e-09	-4.37801830379e-11
3.53773920534e-09	-5.0350524531e-11
3.53879809167e-09	-5.82886482137e-11
3.53985697799e-09	-6.60596651166e-11
3.54091586431e-09	-7.2199359772e-11
3.54197475063e-09	-7.50215349912e-11
3.54303363696e-09	-7.43711880274e-11
3.54409252328e-09	-6.96796895357e-11
3.5451514096e-09	-6.21391458254e-11
3.54621029593e-09	-5.29749672948e-11
3.54726918225e-09	-4.38449847175e-11
3.54832806857e-09	-3.6603298734e-11
3.5493869549e-09	-3.25795274005e-11
3.55044584122e-09	-3.26088342526e-11
3.55150472754e-09	-3.69626722892e-11
3.55256361387e-09	-4.46636698979e-11
3.55362250019e-09	-5.42577367584e-11
3.55468138651e-09	-6.41659889285e-11
3.55574027283e-09	-7.21272330056e-11
3.55679915916e-09	-7.67266679878e-11
3.55785804548e-09	-7.73148407275e-11
3.5589169318e-09	-7.34383083859e-11
3.55997581813e-09	-6.60324789639e-11
3.56103470445e-09	-5.64678191359e-11
3.56209359077e-09	-4.64757767861e-11
3.5631524771e-09	-3.76715210675e-11
3.56421136342e-09	-3.1794614901e-11
3.56527024974e-09	-3.01024541665e-11
3.56632913607e-09	-3.24899449792e-11
3.56738802239e-09	-3.86338346297e-11
3.56844690871e-09	-4.70990707373e-11
3.56950579503e-09	-5.6617529675e-11
3.57056468136e-09	-6.5473632592e-11
3.57162356768e-09	-7.18174937922e-11
3.572682454e-09	-7.50161452054e-11
3.57374134033e-09	-7.4074120969e-11
3.57480022665e-09	-6.94579675893e-11
3.57585911297e-09	-6.24003149499e-11
3.5769179993e-09	-5.3827851898e-11
3.57797688562e-09	-4.52890685024e-11
3.57903577194e-09	-3.81600079227e-11
3.58009465826e-09	-3.35128199063e-11
3.58115354459e-09	-3.2009592893e-11
3.58221243091e-09	-3.39985153745e-11
3.58327131723e-09	-3.88215917746e-11
3.58433020356e-09	-4.58035710055e-11
3.58538908988e-09	-5.34837703639e-11
3.5864479762e-09	-6.07741123052e-11
3.58750686253e-09	-6.65111234317e-11
3.58856574885e-09	-7.00373556893e-11
3.58962463517e-09	-7.07408207533e-11
3.5906835215e-09	-6.83858985065e-11
3.59174240782e-09	-6.3347032047e-11
3.59280129414e-09	-5.65245116338e-11
3.59386018046e-09	-4.90573076953e-11
3.59491906679e-09	-4.15963563507e-11
3.59597795311e-09	-3.59913574638e-11
3.59703683943e-09	-3.24853820059e-11
3.59809572576e-09	-3.20294654514e-11
3.59915461208e-09	-3.4737590842e-11
3.6002134984e-09	-3.99319208342e-11
3.60127238473e-09	-4.72007819115e-11
3.60233127105e-09	-5.51549396433e-11
3.60339015737e-09	-6.26047408359e-11
3.6044490437e-09	-6.82588482265e-11
3.60550793002e-09	-7.12862230183e-11
3.60656681634e-09	-7.09851543865e-11
3.60762570266e-09	-6.72928284276e-11
3.60868458899e-09	-6.03915051647e-11
3.60974347531e-09	-5.17960769761e-11
3.61080236163e-09	-4.26605851339e-11
3.61186124796e-09	-3.46425869761e-11
3.61292013428e-09	-2.92712104555e-11
3.6139790206e-09	-2.71765806473e-11
3.61503790693e-09	-2.89872544371e-11
3.61609679325e-09	-3.48937209422e-11
3.61715567957e-09	-4.32674048499e-11
3.61821456589e-09	-5.30673421872e-11
3.61927345222e-09	-6.24988511465e-11
3.62033233854e-09	-6.98380671869e-11
3.62139122486e-09	-7.38159026091e-11
3.62245011119e-09	-7.32888732341e-11
3.62350899751e-09	-6.85324757013e-11
3.62456788383e-09	-6.03490053069e-11
3.62562677016e-09	-5.02457546056e-11
3.62668565648e-09	-3.96879154974e-11
3.6277445428e-09	-3.11045336623e-11
3.62880342913e-09	-2.55170214385e-11
3.62986231545e-09	-2.41992745287e-11
3.63092120177e-09	-2.72466120846e-11
3.63198008809e-09	-3.43284344093e-11
3.63303897442e-09	-4.40410247333e-11
3.63409786074e-09	-5.4380998836e-11
3.63515674706e-09	-6.37533498216e-11
3.63621563339e-09	-7.01230176356e-11
3.63727451971e-09	-7.26944125555e-11
3.63833340603e-09	-7.07850449262e-11
3.63939229236e-09	-6.47953648202e-11
3.64045117868e-09	-5.61803143069e-11
3.641510065e-09	-4.60428388124e-11
3.64256895133e-09	-3.67576906413e-11
3.64362783765e-09	-2.9597380536e-11
3.64468672397e-09	-2.5794790132e-11
3.64574561029e-09	-2.6226713943e-11
3.64680449662e-09	-3.04283943962e-11
3.64786338294e-09	-3.74268452601e-11
3.64892226926e-09	-4.62330516753e-11
3.64998115559e-09	-5.47550668001e-11
3.65104004191e-09	-6.14655010917e-11
3.65209892823e-09	-6.56537792881e-11
3.65315781456e-09	-6.62882066946e-11
3.65421670088e-09	-6.34372307289e-11
3.6552755872e-09	-5.81182510971e-11
3.65633447353e-09	-5.10564928009e-11
3.65739335985e-09	-4.38397859681e-11
3.65845224617e-09	-3.73451718768e-11
3.65951113249e-09	-3.27954545031e-11
3.66057001882e-09	-3.09905456332e-11
3.66162890514e-09	-3.16185051231e-11
3.66268779146e-09	-3.48995747666e-11
3.66374667779e-09	-3.96744379971e-11
3.66480556411e-09	-4.51322579569e-11
3.66586445043e-09	-5.03917654132e-11
3.66692333676e-09	-5.46868691824e-11
3.66798222308e-09	-5.7244828669e-11
3.6690411094e-09	-5.79439222298e-11
3.67009999572e-09	-5.66368198e-11
3.67115888205e-09	-5.37056506038e-11
3.67221776837e-09	-4.99355227307e-11
3.67327665469e-09	-4.56220326274e-11
3.67433554102e-09	-4.154343731e-11
3.67539442734e-09	-3.85375017488e-11
3.67645331366e-09	-3.63332315623e-11
3.67751219999e-09	-3.53588720803e-11
3.67857108631e-09	-3.59737380943e-11
3.67962997263e-09	-3.7630139239e-11
3.68068885896e-09	-4.00491170175e-11
3.68174774528e-09	-4.3127180863e-11
3.6828066316e-09	-4.64070101791e-11
3.68386551792e-09	-4.93742772362e-11
3.68492440425e-09	-5.16768234107e-11
3.68598329057e-09	-5.28222691282e-11
3.68704217689e-09	-5.27803699184e-11
3.68810106322e-09	-5.15823967741e-11
3.68915994954e-09	-4.90380635404e-11
3.69021883586e-09	-4.58902880973e-11
3.69127772219e-09	-4.22492936903e-11
3.69233660851e-09	-3.82599809039e-11
3.69339549483e-09	-3.53777638695e-11
3.69445438116e-09	-3.3387551621e-11
3.69551326748e-09	-3.28332005681e-11
3.6965721538e-09	-3.43180696534e-11
3.69763104012e-09	-3.70851912547e-11
3.69868992645e-09	-4.08410007202e-11
3.69974881277e-09	-4.52895785111e-11
3.70080769909e-09	-4.92216194019e-11
3.70186658542e-09	-5.25784017019e-11
3.70292547174e-09	-5.40135648881e-11
3.70398435806e-09	-5.34961844788e-11
3.70504324439e-09	-5.10646152099e-11
3.70610213071e-09	-4.68696175621e-11
3.70716101703e-09	-4.16304252356e-11
3.70821990336e-09	-3.65020932317e-11
3.70927878968e-09	-3.23203456186e-11
3.710337676e-09	-2.96846848317e-11
3.71139656232e-09	-2.91673961459e-11
3.71245544865e-09	-3.08253724195e-11
3.71351433497e-09	-3.43585021545e-11
3.71457322129e-09	-3.93223478952e-11
3.71563210762e-09	-4.4605184997e-11
3.71669099394e-09	-4.94748391561e-11
3.71774988026e-09	-5.26954196424e-11
3.71880876659e-09	-5.36172829226e-11
3.71986765291e-09	-5.24027765625e-11
3.72092653923e-09	-4.88524940986e-11
3.72198542555e-09	-4.39586411976e-11
3.72304431188e-09	-3.82624728342e-11
3.7241031982e-09	-3.29757852968e-11
3.72516208452e-09	-2.92940938434e-11
3.72622097085e-09	-2.75182500484e-11
3.72727985717e-09	-2.79900271797e-11
3.72833874349e-09	-3.08400384223e-11
3.72939762982e-09	-3.51161996617e-11
3.73045651614e-09	-4.03685208091e-11
3.73151540246e-09	-4.53739164297e-11
3.73257428879e-09	-4.9276231099e-11
3.73363317511e-09	-5.13461963919e-11
3.73469206143e-09	-5.08984373745e-11
3.73575094775e-09	-4.81744778617e-11
3.73680983408e-09	-4.38805836285e-11
3.7378687204e-09	-3.89651865461e-11
3.73892760672e-09	-3.39613601998e-11
3.73998649305e-09	-3.00537474681e-11
3.74104537937e-09	-2.78950883659e-11
3.74210426569e-09	-2.74869924998e-11
3.74316315202e-09	-2.96518296028e-11
3.74422203834e-09	-3.32872748462e-11
3.74528092466e-09	-3.78729738543e-11
3.74633981099e-09	-4.23950087276e-11
3.74739869731e-09	-4.59569101524e-11
3.74845758363e-09	-4.79657871581e-11
3.74951646995e-09	-4.77984292771e-11
3.75057535628e-09	-4.57298153338e-11
3.7516342426e-09	-4.23345755153e-11
3.75269312892e-09	-3.79189527e-11
3.75375201525e-09	-3.36410281142e-11
3.75481090157e-09	-3.03158264551e-11
3.75586978789e-09	-2.83147832437e-11
3.75692867422e-09	-2.82751610754e-11
3.75798756054e-09	-3.01123132505e-11
3.75904644686e-09	-3.33326304926e-11
3.76010533318e-09	-3.7102490134e-11
3.76116421951e-09	-4.08091956495e-11
3.76222310583e-09	-4.35402011754e-11
3.76328199215e-09	-4.50839181525e-11
3.76434087848e-09	-4.4744191208e-11
3.7653997648e-09	-4.26678178466e-11
3.76645865112e-09	-3.96046819472e-11
3.76751753745e-09	-3.5856241587e-11
3.76857642377e-09	-3.21705719789e-11
3.76963531009e-09	-2.95461031943e-11
3.77069419642e-09	-2.83063052164e-11
3.77175308274e-09	-2.86175892011e-11
3.77281196906e-09	-3.06339066527e-11
3.77387085538e-09	-3.37328301143e-11
3.77492974171e-09	-3.71051327684e-11
3.77598862803e-09	-4.03080281826e-11
3.77704751435e-09	-4.25626168424e-11
3.77810640068e-09	-4.34108649635e-11
3.779165287e-09	-4.27233606565e-11
3.78022417332e-09	-4.04234664405e-11
3.78128305965e-09	-3.72356778657e-11
3.78234194597e-09	-3.38452206799e-11
3.78340083229e-09	-3.04512621715e-11
3.78445971862e-09	-2.82703647818e-11
3.78551860494e-09	-2.75039522407e-11
3.78657749126e-09	-2.81543887596e-11
3.78763637758e-09	-3.04456538106e-11
3.78869526391e-09	-3.35071037756e-11
3.78975415023e-09	-3.67905534596e-11
3.79081303655e-09	-3.9891583526e-11
3.79187192288e-09	-4.1731232402e-11
3.7929308092e-09	-4.23720058606e-11
3.79398969552e-09	-4.15645272107e-11
3.79504858185e-09	-3.92704111417e-11
3.79610746817e-09	-3.62504037205e-11
3.79716635449e-09	-3.28934204093e-11
3.79822524082e-09	-2.97861574815e-11
3.79928412714e-09	-2.78487486977e-11
3.80034301346e-09	-2.69498626974e-11
3.80140189978e-09	-2.74341205135e-11
3.80246078611e-09	-2.93482785817e-11
3.80351967243e-09	-3.19632280713e-11
3.80457855875e-09	-3.49460844377e-11
3.80563744508e-09	-3.79040707241e-11
3.8066963314e-09	-3.98348565505e-11
3.80775521772e-09	-4.06346547122e-11
3.80881410405e-09	-4.05078726638e-11
3.80987299037e-09	-3.9036373526e-11
3.81093187669e-09	-3.66998525753e-11
3.81199076301e-09	-3.3948975792e-11
3.81304964934e-09	-3.12559381589e-11
3.81410853566e-09	-2.91555043996e-11
3.81516742198e-09	-2.77175209867e-11
3.81622630831e-09	-2.73411276258e-11
3.81728519463e-09	-2.81057377892e-11
3.81834408095e-09	-2.96383163238e-11
3.81940296728e-09	-3.1564533539e-11
3.8204618536e-09	-3.3889735419e-11
3.82152073992e-09	-3.58835912373e-11
3.82257962625e-09	-3.75614567661e-11
3.82363851257e-09	-3.86361739043e-11
3.82469739889e-09	-3.87154082664e-11
3.82575628521e-09	-3.80702854224e-11
3.82681517154e-09	-3.67608974945e-11
3.82787405786e-09	-3.4655518906e-11
3.82893294418e-09	-3.26100251403e-11
3.82999183051e-09	-3.05708871846e-11
3.83105071683e-09	-2.86723062827e-11
3.83210960315e-09	-2.75648239043e-11
3.83316848948e-09	-2.7105483873e-11
3.8342273758e-09	-2.74259900814e-11
3.83528626212e-09	-2.85966333079e-11
3.83634514845e-09	-3.05018512618e-11
3.83740403477e-09	-3.29858367183e-11
3.83846292109e-09	-3.52418686681e-11
3.83952180741e-09	-3.72748969277e-11
3.84058069374e-09	-3.88881123484e-11
3.84163958006e-09	-3.93421387048e-11
3.84269846638e-09	-3.88058248729e-11
3.84375735271e-09	-3.73021578903e-11
3.84481623903e-09	-3.47048357933e-11
3.84587512535e-09	-3.14881664579e-11
3.84693401168e-09	-2.84636606819e-11
3.847992898e-09	-2.57683631377e-11
3.84905178432e-09	-2.40414014651e-11
3.85011067065e-09	-2.38685468959e-11
3.85116955697e-09	-2.4920807605e-11
3.85222844329e-09	-2.73605519751e-11
3.85328732961e-09	-3.06807849525e-11
3.85434621594e-09	-3.44308605064e-11
3.85540510226e-09	-3.8229722556e-11
3.85646398858e-09	-4.06893789495e-11
3.85752287491e-09	-4.18125545038e-11
3.85858176123e-09	-4.1302280606e-11
3.85964064755e-09	-3.89559205206e-11
3.86069953388e-09	-3.53401949631e-11
3.8617584202e-09	-3.09385522843e-11
3.86281730652e-09	-2.65414021056e-11
3.86387619284e-09	-2.3119042054e-11
3.86493507917e-09	-2.10905761171e-11
3.86599396549e-09	-2.08639524928e-11
3.86705285181e-09	-2.27483299125e-11
3.86811173814e-09	-2.61569659162e-11
3.86917062446e-09	-3.06189843445e-11
3.87022951078e-09	-3.53188858368e-11
3.87128839711e-09	-3.93403454344e-11
3.87234728343e-09	-4.17152664408e-11
3.87340616975e-09	-4.27079083903e-11
3.87446505608e-09	-4.12271575385e-11
3.8755239424e-09	-3.81726501537e-11
3.87658282872e-09	-3.41589209175e-11
3.87764171504e-09	-2.9019788959e-11
3.87870060137e-09	-2.49882790241e-11
3.87975948769e-09	-2.18427046198e-11
3.88081837401e-09	-2.02504847743e-11
3.88187726034e-09	-2.09835641701e-11
3.88293614666e-09	-2.32416217348e-11
3.88399503298e-09	-2.6700862658e-11
3.88505391931e-09	-3.08867547424e-11
3.88611280563e-09	-3.49800392645e-11
3.88717169195e-09	-3.82646802698e-11
3.88823057828e-09	-4.01537629102e-11
3.8892894646e-09	-4.03965053682e-11
3.89034835092e-09	-3.93079952268e-11
3.89140723724e-09	-3.68259056062e-11
3.89246612357e-09	-3.32283851042e-11
3.89352500989e-09	-2.96855775638e-11
3.89458389621e-09	-2.62266911747e-11
3.89564278254e-09	-2.38337839048e-11
3.89670166886e-09	-2.25304204547e-11
3.89776055518e-09	-2.26494751773e-11
3.89881944151e-09	-2.37358323101e-11
3.89987832783e-09	-2.59090266602e-11
3.90093721415e-09	-2.86413017869e-11
3.90199610047e-09	-3.15403111614e-11
3.9030549868e-09	-3.42158575778e-11
3.90411387312e-09	-3.62750682357e-11
3.90517275944e-09	-3.77576633154e-11
3.90623164577e-09	-3.81761480067e-11
3.90729053209e-09	-3.71702976558e-11
3.90834941841e-09	-3.56645706891e-11
3.90940830474e-09	-3.32054824175e-11
3.91046719106e-09	-3.03583698978e-11
3.91152607738e-09	-2.73750065585e-11
3.91258496371e-09	-2.47091418507e-11
3.91364385003e-09	-2.26919726499e-11
3.91470273635e-09	-2.19050275965e-11
3.91576162267e-09	-2.2174376159e-11
3.916820509e-09	-2.39411058253e-11
3.91787939532e-09	-2.6660431458e-11
3.91893828164e-09	-3.00644953811e-11
3.91999716797e-09	-3.4012032123e-11
3.92105605429e-09	-3.73993316784e-11
3.92211494061e-09	-3.97005158782e-11
3.92317382694e-09	-4.08668934197e-11
3.92423271326e-09	-3.99906191061e-11
3.92529159958e-09	-3.75503293824e-11
3.92635048591e-09	-3.36157182819e-11
3.92740937223e-09	-2.86155342043e-11
3.92846825855e-09	-2.41205211186e-11
3.92952714487e-09	-2.02086253547e-11
3.9305860312e-09	-1.78284773012e-11
3.93164491752e-09	-1.75789173799e-11
3.93270380384e-09	-1.9668809333e-11
3.93376269017e-09	-2.35446035498e-11
3.93482157649e-09	-2.88248487579e-11
3.93588046281e-09	-3.45331846886e-11
3.93693934914e-09	-3.96038633745e-11
3.93799823546e-09	-4.32742249153e-11
3.93905712178e-09	-4.45112299883e-11
3.94011600811e-09	-4.31339807622e-11
3.94117489443e-09	-3.94870241106e-11
3.94223378075e-09	-3.37060958571e-11
3.94329266707e-09	-2.7426607643e-11
3.9443515534e-09	-2.13368554595e-11
3.94541043972e-09	-1.68089120097e-11
3.94646932604e-09	-1.48229959123e-11
3.94752821237e-09	-1.5436522503e-11
3.94858709869e-09	-1.8765839143e-11
3.94964598501e-09	-2.40939163152e-11
3.95070487134e-09	-3.05544374524e-11
3.95176375766e-09	-3.696899167e-11
3.95282264398e-09	-4.22159208632e-11
3.9538815303e-09	-4.51666052649e-11
3.95494041663e-09	-4.5312331361e-11
3.95599930295e-09	-4.25931824533e-11
3.95705818927e-09	-3.75523874149e-11
3.9581170756e-09	-3.1334362622e-11
3.95917596192e-09	-2.50704053871e-11
3.96023484824e-09	-1.94391285837e-11
3.96129373457e-09	-1.60340803135e-11
3.96235262089e-09	-1.54455178031e-11
3.96341150721e-09	-1.70557081913e-11
3.96447039354e-09	-2.14694725756e-11
3.96552927986e-09	-2.70245026444e-11
3.96658816618e-09	-3.27968236336e-11
3.9676470525e-09	-3.84043519642e-11
3.96870593883e-09	-4.19783138372e-11
3.96976482515e-09	-4.35195909258e-11
3.97082371147e-09	-4.27980966639e-11
3.9718825978e-09	-3.95061548579e-11
3.97294148412e-09	-3.50167063314e-11
3.97400037044e-09	-2.98292968017e-11
3.97505925677e-09	-2.48982648735e-11
3.97611814309e-09	-2.11686399746e-11
3.97717702941e-09	-1.91494784439e-11
3.97823591574e-09	-1.91282906398e-11
3.97929480206e-09	-2.10257826774e-11
3.98035368838e-09	-2.44137952042e-11
3.9814125747e-09	-2.87060457869e-11
3.98247146103e-09	-3.30067904432e-11
3.98353034735e-09	-3.65682460441e-11
3.98458923367e-09	-3.90901401959e-11
3.98564812e-09	-3.99875369362e-11
3.98670700632e-09	-3.92749064607e-11
3.98776589264e-09	-3.7267236172e-11
3.98882477897e-09	-3.43455682731e-11
3.98988366529e-09	-3.07629221576e-11
3.99094255161e-09	-2.75630367055e-11
3.99200143794e-09	-2.51030756512e-11
3.99306032426e-09	-2.35598313861e-11
3.99411921058e-09	-2.33426158177e-11
3.9951780969e-09	-2.39708960147e-11
3.99623698323e-09	-2.5974625879e-11
3.99729586955e-09	-2.86639507702e-11
3.99835475587e-09	-3.12149778681e-11
3.9994136422e-09	-3.38249664823e-11
4.00047252852e-09	-3.59702549864e-11
4.00153141484e-09	-3.70617972076e-11
4.00259030117e-09	-3.72604453801e-11
4.00364918749e-09	-3.68563296202e-11
4.00470807381e-09	-3.52318545432e-11
4.00576696013e-09	-3.3360186575e-11
4.00682584646e-09	-3.10305973625e-11
4.00788473278e-09	-2.8883281834e-11
4.0089436191e-09	-2.71788186575e-11
4.01000250543e-09	-2.60757606913e-11
4.01106139175e-09	-2.5748024806e-11
4.01212027807e-09	-2.64388357128e-11
4.0131791644e-09	-2.75400325375e-11
4.01423805072e-09	-2.95136217982e-11
4.01529693704e-09	-3.18576445606e-11
4.01635582337e-09	-3.40717436903e-11
4.01741470969e-09	-3.59092222103e-11
4.01847359601e-09	-3.70884898314e-11
4.01953248233e-09	-3.73433545371e-11
4.02059136866e-09	-3.69466332528e-11
4.02165025498e-09	-3.55656649964e-11
4.0227091413e-09	-3.34763852923e-11
4.02376802763e-09	-3.15344579876e-11
4.02482691395e-09	-2.93412078488e-11
4.02588580027e-09	-2.7758211528e-11
4.0269446866e-09	-2.69514239485e-11
4.02800357292e-09	-2.69088655438e-11
4.02906245924e-09	-2.79350839336e-11
4.03012134557e-09	-2.94495627971e-11
4.03118023189e-09	-3.15953610931e-11
4.03223911821e-09	-3.38514975599e-11
4.03329800453e-09	-3.55306595777e-11
4.03435689086e-09	-3.69465348073e-11
4.03541577718e-09	-3.74744087758e-11
4.0364746635e-09	-3.72797257474e-11
4.03753354983e-09	-3.63045264424e-11
4.03859243615e-09	-3.47099781643e-11
4.03965132247e-09	-3.28843033533e-11
4.0407102088e-09	-3.13045709147e-11
4.04176909512e-09	-2.98143775293e-11
4.04282798144e-09	-2.89221077643e-11
4.04388686776e-09	-2.87532005584e-11
4.04494575409e-09	-2.92948807573e-11
4.04600464041e-09	-3.03300681011e-11
4.04706352673e-09	-3.21123177962e-11
4.04812241306e-09	-3.38113380609e-11
4.04918129938e-09	-3.51812814992e-11
4.0502401857e-09	-3.65401829888e-11
4.05129907203e-09	-3.71650340711e-11
4.05235795835e-09	-3.7168074174e-11
4.05341684467e-09	-3.68340937178e-11
4.054475731e-09	-3.5813712022e-11
4.05553461732e-09	-3.44459627922e-11
4.05659350364e-09	-3.32947350246e-11
4.05765238996e-09	-3.19509993549e-11
4.05871127629e-09	-3.13175620419e-11
4.05977016261e-09	-3.10289372321e-11
4.06082904893e-09	-3.11524922612e-11
4.06188793526e-09	-3.1893726592e-11
4.06294682158e-09	-3.28484633157e-11
4.0640057079e-09	-3.39249281878e-11
4.06506459423e-09	-3.52773027804e-11
4.06612348055e-09	-3.60544903395e-11
4.06718236687e-09	-3.69691662266e-11
4.0682412532e-09	-3.70334331777e-11
4.06930013952e-09	-3.67818457983e-11
4.07035902584e-09	-3.63379385176e-11
4.07141791216e-09	-3.56959097697e-11
4.07247679849e-09	-3.4749072543e-11
4.07353568481e-09	-3.42791199072e-11
4.07459457113e-09	-3.3802037341e-11
4.07565345746e-09	-3.34136112876e-11
4.07671234378e-09	-3.34497139189e-11
4.0777712301e-09	-3.37513326749e-11
4.07883011643e-09	-3.41224869541e-11
4.07988900275e-09	-3.48226636328e-11
4.08094788907e-09	-3.54124869619e-11
4.0820067754e-09	-3.60566539733e-11
4.08306566172e-09	-3.63094597791e-11
4.08412454804e-09	-3.62962275253e-11
4.08518343436e-09	-3.63371871655e-11
4.08624232069e-09	-3.62704022632e-11
4.08730120701e-09	-3.62207924244e-11
4.08836009333e-09	-3.63689391103e-11
4.08941897966e-09	-3.63148348198e-11
4.09047786598e-09	-3.63370908883e-11
4.0915367523e-09	-3.64769399581e-11
4.09259563863e-09	-3.63512475329e-11
4.09365452495e-09	-3.62420063578e-11
4.09471341127e-09	-3.62102687244e-11
4.09577229759e-09	-3.58808690225e-11
4.09683118392e-09	-3.56691579485e-11
4.09789007024e-09	-3.55056103876e-11
4.09894895656e-09	-3.53291334989e-11
4.10000784289e-09	-3.55484131714e-11
4.10106672921e-09	-3.57421360304e-11
4.10212561553e-09	-3.63361140222e-11
4.10318450186e-09	-3.7032606582e-11
4.10424338818e-09	-3.78387134993e-11
4.1053022745e-09	-3.8594418026e-11
4.10636116083e-09	-3.93158856166e-11
4.10742004715e-09	-3.96796124603e-11
4.10847893347e-09	-3.94063314965e-11
4.10953781979e-09	-3.90275832485e-11
4.11059670612e-09	-3.76972305368e-11
4.11165559244e-09	-3.67207147935e-11
4.11271447876e-09	-3.58705413463e-11
4.11377336509e-09	-3.49748875694e-11
4.11483225141e-09	-3.46900333979e-11
4.11589113773e-09	-3.47940118557e-11
4.11695002406e-09	-3.53624386717e-11
4.11800891038e-09	-3.67856396385e-11
4.1190677967e-09	-3.81419806763e-11
4.12012668303e-09	-3.98259517812e-11
4.12118556935e-09	-4.11670404796e-11
4.12224445567e-09	-4.18329457446e-11
4.12330334199e-09	-4.212419389e-11
4.12436222832e-09	-4.17990043619e-11
4.12542111464e-09	-4.05702025794e-11
4.12648000096e-09	-3.93109156338e-11
4.12753888729e-09	-3.78405820133e-11
4.12859777361e-09	-3.64067205202e-11
4.12965665993e-09	-3.54608133222e-11
4.13071554626e-09	-3.50524002185e-11
4.13177443258e-09	-3.54099750823e-11
4.1328333189e-09	-3.62317998954e-11
4.13389220523e-09	-3.7479906765e-11
4.13495109155e-09	-3.91803954732e-11
4.13600997787e-09	-4.07641624449e-11
4.13706886419e-09	-4.22128887834e-11
4.13812775052e-09	-4.32737990406e-11
4.13918663684e-09	-4.36601319334e-11
4.14024552316e-09	-4.346993078e-11
4.14130440949e-09	-4.28205459372e-11
4.14236329581e-09	-4.13958674197e-11
4.14342218213e-09	-3.9964110363e-11
4.14448106846e-09	-3.84638009377e-11
4.14553995478e-09	-3.7254622564e-11
4.1465988411e-09	-3.64500387338e-11
4.14765772742e-09	-3.60705838028e-11
4.14871661375e-09	-3.64317194034e-11
4.14977550007e-09	-3.74507469307e-11
4.15083438639e-09	-3.89395302027e-11
4.15189327272e-09	-4.06003323409e-11
4.15295215904e-09	-4.24656134909e-11
4.15401104536e-09	-4.4113171449e-11
4.15506993169e-09	-4.53623666408e-11
4.15612881801e-09	-4.6078676031e-11
4.15718770433e-09	-4.59005524561e-11
4.15824659066e-09	-4.49354659385e-11
4.15930547698e-09	-4.35725223263e-11
4.1603643633e-09	-4.14493049258e-11
4.16142324962e-09	-3.94552600227e-11
4.16248213595e-09	-3.75305155877e-11
4.16354102227e-09	-3.60437092499e-11
4.16459990859e-09	-3.55363351592e-11
4.16565879492e-09	-3.60759807444e-11
4.16671768124e-09	-3.75705248162e-11
4.16777656756e-09	-4.0131715659e-11
4.16883545389e-09	-4.29012220714e-11
4.16989434021e-09	-4.58520556593e-11
4.17095322653e-09	-4.84267968608e-11
4.17201211286e-09	-4.98556222348e-11
4.17307099918e-09	-5.00631697556e-11
4.1741298855e-09	-4.91547475466e-11
4.17518877182e-09	-4.68375260451e-11
4.17624765815e-09	-4.36662487852e-11
4.17730654447e-09	-4.04153683176e-11
4.17836543079e-09	-3.71175297529e-11
4.17942431712e-09	-3.50977933782e-11
4.18048320344e-09	-3.39787523205e-11
4.18154208976e-09	-3.5012351525e-11
4.18260097609e-09	-3.74425854904e-11
4.18365986241e-09	-4.10184000481e-11
4.18471874873e-09	-4.52309487607e-11
4.18577763505e-09	-4.91525912853e-11
4.18683652138e-09	-5.23651677575e-11
4.1878954077e-09	-5.40031608841e-11
4.18895429402e-09	-5.38407079337e-11
4.19001318035e-09	-5.17205349729e-11
4.19107206667e-09	-4.83563241532e-11
4.19213095299e-09	-4.4306940495e-11
4.19318983932e-09	-3.99838970527e-11
4.19424872564e-09	-3.66034691706e-11
4.19530761196e-09	-3.44742609026e-11
4.19636649829e-09	-3.42322676282e-11
4.19742538461e-09	-3.60041347864e-11
4.19848427093e-09	-3.93582865951e-11
4.19954315725e-09	-4.38857786916e-11
4.20060204358e-09	-4.85532521306e-11
4.2016609299e-09	-5.25986333481e-11
4.20271981622e-09	-5.53549567295e-11
4.20377870255e-09	-5.64159140411e-11
4.20483758887e-09	-5.52970598998e-11
4.20589647519e-09	-5.25414364794e-11
4.20695536152e-09	-4.85881721142e-11
4.20801424784e-09	-4.41957638021e-11
4.20907313416e-09	-4.02671082242e-11
4.21013202049e-09	-3.73236305144e-11
4.21119090681e-09	-3.59488567386e-11
4.21224979313e-09	-3.67861307821e-11
4.21330867945e-09	-3.90117079266e-11
4.21436756578e-09	-4.26478323143e-11
4.2154264521e-09	-4.6938758002e-11
4.21648533842e-09	-5.08084976002e-11
4.21754422475e-09	-5.43225182718e-11
4.21860311107e-09	-5.6256230143e-11
4.21966199739e-09	-5.64752580638e-11
4.22072088372e-09	-5.50906572964e-11
4.22177977004e-09	-5.24267135781e-11
4.22283865636e-09	-4.88673255507e-11
4.22389754269e-09	-4.55502250502e-11
4.22495642901e-09	-4.25050136147e-11
4.22601531533e-09	-4.04093514293e-11
4.22707420165e-09	-3.98479339803e-11
4.22813308798e-09	-4.04754582715e-11
4.2291919743e-09	-4.24397030106e-11
4.23025086062e-09	-4.54455470651e-11
4.23130974695e-09	-4.87819181751e-11
4.23236863327e-09	-5.16763415913e-11
4.23342751959e-09	-5.42076513885e-11
4.23448640592e-09	-5.55631287508e-11
4.23554529224e-09	-5.58622566607e-11
4.23660417856e-09	-5.49401696012e-11
4.23766306488e-09	-5.30462665981e-11
4.23872195121e-09	-5.08117736255e-11
4.23978083753e-09	-4.83867455651e-11
4.24083972385e-09	-4.62391908616e-11
4.24189861018e-09	-4.46861573352e-11
4.2429574965e-09	-4.37411936099e-11
4.24401638282e-09	-4.39610878082e-11
4.24507526915e-09	-4.50049947396e-11
4.24613415547e-09	-4.66916787352e-11
4.24719304179e-09	-4.88865462868e-11
4.24825192812e-09	-5.10581577018e-11
4.24931081444e-09	-5.31535232495e-11
4.25036970076e-09	-5.48671000127e-11
4.25142858708e-09	-5.57031959621e-11
4.25248747341e-09	-5.58218935486e-11
4.25354635973e-09	-5.54121093628e-11
4.25460524605e-09	-5.38992570194e-11
4.25566413238e-09	-5.2172755699e-11
4.2567230187e-09	-5.01702568378e-11
4.25778190502e-09	-4.81240628944e-11
4.25884079135e-09	-4.67817676958e-11
4.25989967767e-09	-4.6097790949e-11
4.26095856399e-09	-4.61849395533e-11
4.26201745032e-09	-4.73326200283e-11
4.26307633664e-09	-4.89241060858e-11
4.26413522296e-09	-5.10400944599e-11
4.26519410928e-09	-5.35681434106e-11
4.26625299561e-09	-5.56797411996e-11
4.26731188193e-09	-5.7119224281e-11
4.26837076825e-09	-5.81292652901e-11
4.26942965458e-09	-5.7807220382e-11
4.2704885409e-09	-5.66808644291e-11
4.27154742722e-09	-5.51057732431e-11
4.27260631355e-09	-5.28040536643e-11
4.27366519987e-09	-5.04343160117e-11
4.27472408619e-09	-4.87395835497e-11
4.27578297252e-09	-4.76896929065e-11
4.27684185884e-09	-4.75728744592e-11
4.27790074516e-09	-4.83422100094e-11
4.27895963148e-09	-4.99123164674e-11
4.28001851781e-09	-5.22915964002e-11
4.28107740413e-09	-5.47970605523e-11
4.28213629045e-09	-5.69945405975e-11
4.28319517678e-09	-5.88529880212e-11
4.2842540631e-09	-5.9691680418e-11
4.28531294942e-09	-5.93699976334e-11
4.28637183575e-09	-5.8289127431e-11
4.28743072207e-09	-5.65474607243e-11
4.28848960839e-09	-5.4342065136e-11
4.28954849471e-09	-5.23436151194e-11
4.29060738104e-09	-5.05912312911e-11
4.29166626736e-09	-4.97438869609e-11
4.29272515368e-09	-4.97759286046e-11
4.29378404001e-09	-5.05004341296e-11
4.29484292633e-09	-5.20733031348e-11
4.29590181265e-09	-5.4107162327e-11
4.29696069898e-09	-5.61332590653e-11
4.2980195853e-09	-5.83062691011e-11
4.29907847162e-09	-5.94867458244e-11
4.30013735795e-09	-6.02434426129e-11
4.30119624427e-09	-5.98460079236e-11
4.30225513059e-09	-5.88768977149e-11
4.30331401691e-09	-5.77483664187e-11
4.30437290324e-09	-5.61052714704e-11
4.30543178956e-09	-5.44378999344e-11
4.30649067588e-09	-5.33134521773e-11
4.30754956221e-09	-5.26569894459e-11
4.30860844853e-09	-5.26190818348e-11
4.30966733485e-09	-5.3099938075e-11
4.31072622118e-09	-5.43281097193e-11
4.3117851075e-09	-5.55325872093e-11
4.31284399382e-09	-5.70631632224e-11
4.31390288015e-09	-5.86204839011e-11
4.31496176647e-09	-5.97575795271e-11
4.31602065279e-09	-6.04603793246e-11
4.31707953911e-09	-6.03826476667e-11
4.31813842544e-09	-6.01158927326e-11
4.31919731176e-09	-5.92644726696e-11
4.32025619808e-09	-5.82561559756e-11
4.32131508441e-09	-5.73477949156e-11
4.32237397073e-09	-5.63342705817e-11
4.32343285705e-09	-5.54937484853e-11
4.32449174338e-09	-5.52042842862e-11
4.3255506297e-09	-5.51882732222e-11
4.32660951602e-09	-5.57628062649e-11
4.32766840234e-09	-5.667228015e-11
4.32872728867e-09	-5.77540008005e-11
4.32978617499e-09	-5.90785831714e-11
4.33084506131e-09	-6.01997197751e-11
4.33190394764e-09	-6.07486127374e-11
4.33296283396e-09	-6.15366681223e-11
4.33402172028e-09	-6.15701287697e-11
4.33508060661e-09	-6.12146795927e-11
4.33613949293e-09	-6.07003848227e-11
4.33719837925e-09	-5.95000732712e-11
4.33825726558e-09	-5.86415963531e-11
4.3393161519e-09	-5.78393955994e-11
4.34037503822e-09	-5.71088263485e-11
4.34143392454e-09	-5.69695237165e-11
4.34249281087e-09	-5.7209214796e-11
4.34355169719e-09	-5.77199928478e-11
4.34461058351e-09	-5.8930562253e-11
4.34566946984e-09	-5.99496828048e-11
4.34672835616e-09	-6.10280177088e-11
4.34778724248e-09	-6.2237214514e-11
4.34884612881e-09	-6.28393461398e-11
4.34990501513e-09	-6.30778073003e-11
4.35096390145e-09	-6.28647398894e-11
4.35202278778e-09	-6.20714269914e-11
4.3530816741e-09	-6.12433589085e-11
4.35414056042e-09	-6.03910671471e-11
4.35519944674e-09	-5.9168958795e-11
4.35625833307e-09	-5.86479484768e-11
4.35731721939e-09	-5.84191488587e-11
4.35837610571e-09	-5.86385727301e-11
4.35943499204e-09	-5.95138959815e-11
4.36049387836e-09	-6.0471812887e-11
4.36155276468e-09	-6.16892730475e-11
4.36261165101e-09	-6.29673630945e-11
4.36367053733e-09	-6.36655359508e-11
4.36472942365e-09	-6.40795866889e-11
4.36578830998e-09	-6.41784216916e-11
4.3668471963e-09	-6.37595141614e-11
4.36790608262e-09	-6.3176897741e-11
4.36896496894e-09	-6.22338743039e-11
4.37002385527e-09	-6.13977575378e-11
4.37108274159e-09	-6.08420306324e-11
4.37214162791e-09	-6.05749543407e-11
4.37320051424e-09	-6.02044087326e-11
4.37425940056e-09	-6.08381691379e-11
4.37531828688e-09	-6.15265785368e-11
4.37637717321e-09	-6.24662808459e-11
4.37743605953e-09	-6.36284315167e-11
4.37849494585e-09	-6.43648077545e-11
4.37955383217e-09	-6.48276727439e-11
4.3806127185e-09	-6.52934572729e-11
4.38167160482e-09	-6.50756271786e-11
4.38273049114e-09	-6.44942133553e-11
4.38378937747e-09	-6.39339549184e-11
4.38484826379e-09	-6.30590358576e-11
4.38590715011e-09	-6.25099429684e-11
4.38696603644e-09	-6.19340074018e-11
4.38802492276e-09	-6.19098934444e-11
4.38908380908e-09	-6.25134627223e-11
4.39014269541e-09	-6.30533394594e-11
4.39120158173e-09	-6.3729229359e-11
4.39226046805e-09	-6.4775350448e-11
4.39331935437e-09	-6.5328811371e-11
4.3943782407e-09	-6.59847168225e-11
4.39543712702e-09	-6.62509600131e-11
4.39649601334e-09	-6.61012585813e-11
4.39755489967e-09	-6.57383331798e-11
4.39861378599e-09	-6.51179557325e-11
4.39967267231e-09	-6.41919659788e-11
4.40073155864e-09	-6.37883110048e-11
4.40179044496e-09	-6.33071542237e-11
4.40284933128e-09	-6.32281206558e-11
4.40390821761e-09	-6.36705779246e-11
4.40496710393e-09	-6.41159503961e-11
4.40602599025e-09	-6.51540015516e-11
4.40708487657e-09	-6.60858221445e-11
4.4081437629e-09	-6.69658157051e-11
4.40920264922e-09	-6.75238168331e-11
4.41026153554e-09	-6.78063803022e-11
4.41132042187e-09	-6.73513124612e-11
4.41237930819e-09	-6.70956775382e-11
4.41343819451e-09	-6.6234915122e-11
4.41449708084e-09	-6.53430230931e-11
4.41555596716e-09	-6.47370017835e-11
4.41661485348e-09	-6.42645060431e-11
4.41767373981e-09	-6.40115807582e-11
4.41873262613e-09	-6.45532984705e-11
4.41979151245e-09	-6.50157514631e-11
4.42085039877e-09	-6.62269752927e-11
4.4219092851e-09	-6.75095027623e-11
4.42296817142e-09	-6.83236917563e-11
4.42402705774e-09	-6.9251384141e-11
4.42508594407e-09	-6.94444332767e-11
4.42614483039e-09	-6.91518513458e-11
4.42720371671e-09	-6.85490310348e-11
4.42826260304e-09	-6.76277818468e-11
4.42932148936e-09	-6.65098731298e-11
4.43038037568e-09	-6.57219157568e-11
4.431439262e-09	-6.49331504364e-11
4.43249814833e-09	-6.46956962828e-11
4.43355703465e-09	-6.51554895106e-11
4.43461592097e-09	-6.60480233873e-11
4.4356748073e-09	-6.70454069866e-11
4.43673369362e-09	-6.84149776761e-11
4.43779257994e-09	-6.93266971608e-11
4.43885146627e-09	-7.02889742937e-11
4.43991035259e-09	-7.09045530622e-11
4.44096923891e-09	-7.05060189919e-11
4.44202812524e-09	-7.02013078745e-11
4.44308701156e-09	-6.91564730829e-11
4.44414589788e-09	-6.82122197268e-11
4.4452047842e-09	-6.72550747732e-11
4.44626367053e-09	-6.63679766526e-11
4.44732255685e-09	-6.60041687105e-11
4.44838144317e-09	-6.62696377808e-11
4.4494403295e-09	-6.651408287e-11
4.45049921582e-09	-6.76154540344e-11
4.45155810214e-09	-6.87268180734e-11
4.45261698847e-09	-6.96437460652e-11
4.45367587479e-09	-7.07406728681e-11
4.45473476111e-09	-7.12955441212e-11
4.45579364744e-09	-7.14458878344e-11
4.45685253376e-09	-7.15690002921e-11
4.45791142008e-09	-7.08026762219e-11
4.4589703064e-09	-7.02711096777e-11
4.46002919273e-09	-6.9500169942e-11
4.46108807905e-09	-6.84215379666e-11
4.46214696537e-09	-6.80193089353e-11
4.4632058517e-09	-6.76819459852e-11
4.46426473802e-09	-6.74821852044e-11
4.46532362434e-09	-6.79854670824e-11
4.46638251067e-09	-6.84145917001e-11
4.46744139699e-09	-6.91912816105e-11
4.46850028331e-09	-7.02093578588e-11
4.46955916963e-09	-7.06939563312e-11
4.47061805596e-09	-7.14988571821e-11
4.47167694228e-09	-7.21223341466e-11
4.4727358286e-09	-7.21345114717e-11
4.47379471493e-09	-7.21327576662e-11
4.47485360125e-09	-7.20032050476e-11
4.47591248757e-09	-7.14051170622e-11
4.4769713739e-09	-7.06267730931e-11
4.47803026022e-09	-7.00190044833e-11
4.47908914654e-09	-6.91086649712e-11
4.48014803287e-09	-6.8510348436e-11
4.48120691919e-09	-6.82452800868e-11
4.48226580551e-09	-6.82283444152e-11
4.48332469183e-09	-6.88920955873e-11
4.48438357816e-09	-6.95754647471e-11
4.48544246448e-09	-7.05150573349e-11
4.4865013508e-09	-7.19711065918e-11
4.48756023713e-09	-7.28618480654e-11
4.48861912345e-09	-7.40068865565e-11
4.48967800977e-09	-7.45197289292e-11
4.4907368961e-09	-7.4330064239e-11
4.49179578242e-09	-7.37733880062e-11
4.49285466874e-09	-7.26906551445e-11
4.49391355507e-09	-7.11554955582e-11
4.49497244139e-09	-6.98880831679e-11
4.49603132771e-09	-6.85454856937e-11
4.49709021403e-09	-6.76820465992e-11
4.49814910036e-09	-6.77054805449e-11
4.49920798668e-09	-6.80038013748e-11
4.500266873e-09	-6.92210468632e-11
4.50132575933e-09	-7.12319109947e-11
4.50238464565e-09	-7.30103625127e-11
4.50344353197e-09	-7.49229805801e-11
4.5045024183e-09	-7.61562644544e-11
4.50556130462e-09	-7.65167196097e-11
4.50662019094e-09	-7.64448491487e-11
4.50767907727e-09	-7.51477517366e-11
4.50873796359e-09	-7.34828396048e-11
4.50979684991e-09	-7.16099428019e-11
4.51085573623e-09	-6.94323860559e-11
4.51191462256e-09	-6.79110136181e-11
4.51297350888e-09	-6.74426669026e-11
4.5140323952e-09	-6.73434068926e-11
4.51509128153e-09	-6.84207850966e-11
4.51615016785e-09	-7.03745382281e-11
4.51720905417e-09	-7.24386418904e-11
4.5182679405e-09	-7.46093438767e-11
4.51932682682e-09	-7.64987474408e-11
4.52038571314e-09	-7.74635238766e-11
4.52144459946e-09	-7.76930329967e-11
4.52250348579e-09	-7.70352826668e-11
4.52356237211e-09	-7.53065053892e-11
4.52462125843e-09	-7.37113135287e-11
4.52568014476e-09	-7.1582858998e-11
4.52673903108e-09	-6.96133684551e-11
4.5277979174e-09	-6.84086702216e-11
4.52885680373e-09	-6.7889481363e-11
4.52991569005e-09	-6.83222567063e-11
4.53097457637e-09	-6.96850801889e-11
4.5320334627e-09	-7.12965606692e-11
4.53309234902e-09	-7.34596502551e-11
4.53415123534e-09	-7.53345046935e-11
4.53521012166e-09	-7.67097531329e-11
4.53626900799e-09	-7.76465463107e-11
4.53732789431e-09	-7.76959594752e-11
4.53838678063e-09	-7.70140023802e-11
4.53944566696e-09	-7.58703490658e-11
4.54050455328e-09	-7.39561337518e-11
4.5415634396e-09	-7.21263404904e-11
4.54262232593e-09	-7.07398558134e-11
4.54368121225e-09	-6.96158625538e-11
4.54474009857e-09	-6.94145778184e-11
4.5457989849e-09	-6.94490849378e-11
4.54685787122e-09	-7.03057096048e-11
4.54791675754e-09	-7.18425601128e-11
4.54897564386e-09	-7.32659514655e-11
4.55003453019e-09	-7.49036501227e-11
4.55109341651e-09	-7.63938547838e-11
4.55215230283e-09	-7.73577538832e-11
4.55321118916e-09	-7.77013145666e-11
4.55427007548e-09	-7.72406773958e-11
4.5553289618e-09	-7.63127954925e-11
4.55638784813e-09	-7.51765641925e-11
4.55744673445e-09	-7.3571326982e-11
4.55850562077e-09	-7.21422843339e-11
4.5595645071e-09	-7.08852664066e-11
4.56062339342e-09	-7.01256617879e-11
4.56168227974e-09	-6.98663397102e-11
4.56274116606e-09	-7.036159589e-11
4.56380005239e-09	-7.12920599291e-11
4.56485893871e-09	-7.26226166876e-11
4.56591782503e-09	-7.4378168121e-11
4.56697671136e-09	-7.5900412691e-11
4.56803559768e-09	-7.71965412601e-11
4.569094484e-09	-7.80869704835e-11
4.57015337033e-09	-7.8010391983e-11
4.57121225665e-09	-7.74153757592e-11
4.57227114297e-09	-7.62243762033e-11
4.57333002929e-09	-7.45232582242e-11
4.57438891562e-09	-7.30740559209e-11
4.57544780194e-09	-7.14890603312e-11
4.57650668826e-09	-7.00991526111e-11
4.57756557459e-09	-6.97595249795e-11
4.57862446091e-09	-6.99912957453e-11
4.57968334723e-09	-7.09904305479e-11
4.58074223356e-09	-7.25700489285e-11
4.58180111988e-09	-7.43703271709e-11
4.5828600062e-09	-7.60927458196e-11
4.58391889253e-09	-7.7569129505e-11
4.58497777885e-09	-7.8401170972e-11
4.58603666517e-09	-7.84570377416e-11
4.58709555149e-09	-7.7798655105e-11
4.58815443782e-09	-7.63949572005e-11
4.58921332414e-09	-7.47769576294e-11
4.59027221046e-09	-7.28471133242e-11
4.59133109679e-09	-7.13082422971e-11
4.59238998311e-09	-7.04383873278e-11
4.59344886943e-09	-6.99528429973e-11
4.59450775576e-09	-7.04232189057e-11
4.59556664208e-09	-7.15702293437e-11
4.5966255284e-09	-7.29163461381e-11
4.59768441473e-09	-7.46009187584e-11
4.59874330105e-09	-7.63975696941e-11
4.59980218737e-09	-7.76119338068e-11
4.60086107369e-09	-7.82228934404e-11
4.60191996002e-09	-7.79988088007e-11
4.60297884634e-09	-7.72486280672e-11
4.60403773266e-09	-7.59687738064e-11
4.60509661899e-09	-7.45024228942e-11
4.60615550531e-09	-7.29133494033e-11
4.60721439163e-09	-7.19562998595e-11
4.60827327796e-09	-7.08978331772e-11
4.60933216428e-09	-7.07617089923e-11
4.6103910506e-09	-7.12196538723e-11
4.61144993692e-09	-7.22395624222e-11
4.61250882325e-09	-7.35397766988e-11
4.61356770957e-09	-7.48982703115e-11
4.61462659589e-09	-7.59641329874e-11
4.61568548222e-09	-7.68304283041e-11
4.61674436854e-09	-7.71161355259e-11
4.61780325486e-09	-7.68111772104e-11
4.61886214119e-09	-7.63345085926e-11
4.61992102751e-09	-7.53155350586e-11
4.62097991383e-09	-7.42957492403e-11
4.62203880016e-09	-7.34957351055e-11
4.62309768648e-09	-7.25145104553e-11
4.6241565728e-09	-7.19968490208e-11
4.62521545912e-09	-7.20706276776e-11
4.62627434545e-09	-7.19270042832e-11
4.62733323177e-09	-7.27743676952e-11
4.62839211809e-09	-7.36132608863e-11
4.62945100442e-09	-7.40459100285e-11
4.63050989074e-09	-7.49588121608e-11
4.63156877706e-09	-7.5584966671e-11
4.63262766339e-09	-7.5649345295e-11
4.63368654971e-09	-7.57703470279e-11
4.63474543603e-09	-7.54081901089e-11
4.63580432236e-09	-7.49491527868e-11
4.63686320868e-09	-7.45496563787e-11
4.637922095e-09	-7.37862691953e-11
4.63898098132e-09	-7.32161007169e-11
4.64003986765e-09	-7.30848519724e-11
4.64109875397e-09	-7.27148874967e-11
4.64215764029e-09	-7.2846404256e-11
4.64321652662e-09	-7.28939963945e-11
4.64427541294e-09	-7.28278739398e-11
4.64533429926e-09	-7.32832783172e-11
4.64639318559e-09	-7.38403340209e-11
4.64745207191e-09	-7.42722367983e-11
4.64851095823e-09	-7.46051566879e-11
4.64956984456e-09	-7.4731547773e-11
4.65062873088e-09	-7.45897866042e-11
4.6516876172e-09	-7.46239268296e-11
4.65274650352e-09	-7.43248487929e-11
4.65380538985e-09	-7.42421913877e-11
4.65486427617e-09	-7.39197700446e-11
4.65592316249e-09	-7.33938370148e-11
4.65698204882e-09	-7.31220856434e-11
4.65804093514e-09	-7.28693650559e-11
4.65909982146e-09	-7.25887262625e-11
4.66015870779e-09	-7.26704837799e-11
4.66121759411e-09	-7.28199818154e-11
4.66227648043e-09	-7.28841522725e-11
4.66333536675e-09	-7.32745942915e-11
4.66439425308e-09	-7.33926240094e-11
4.6654531394e-09	-7.36721946469e-11
4.66651202572e-09	-7.3910834484e-11
4.66757091205e-09	-7.38722932651e-11
4.66862979837e-09	-7.40676309348e-11
4.66968868469e-09	-7.40164999603e-11
4.67074757102e-09	-7.37696154163e-11
4.67180645734e-09	-7.36872906443e-11
4.67286534366e-09	-7.33409838936e-11
4.67392422999e-09	-7.28827636264e-11
4.67498311631e-09	-7.26014851536e-11
4.67604200263e-09	-7.22580827638e-11
4.67710088895e-09	-7.20807601974e-11
4.67815977528e-09	-7.21329506542e-11
4.6792186616e-09	-7.21709410983e-11
4.68027754792e-09	-7.23078923126e-11
4.68133643425e-09	-7.28181989533e-11
4.68239532057e-09	-7.28032530095e-11
4.68345420689e-09	-7.32748709799e-11
4.68451309322e-09	-7.35818476462e-11
4.68557197954e-09	-7.35212572246e-11
4.68663086586e-09	-7.36871627084e-11
4.68768975219e-09	-7.34166390876e-11
4.68874863851e-09	-7.31184557345e-11
4.68980752483e-09	-7.29203438084e-11
4.69086641115e-09	-7.23963298165e-11
4.69192529748e-09	-7.19473270024e-11
4.6929841838e-09	-7.15758680624e-11
4.69404307012e-09	-7.11674655839e-11
4.69510195645e-09	-7.10907808316e-11
4.69616084277e-09	-7.13539227704e-11
4.69721972909e-09	-7.13329898622e-11
4.69827861542e-09	-7.17576007295e-11
4.69933750174e-09	-7.22032364453e-11
4.70039638806e-09	-7.26416140781e-11
4.70145527439e-09	-7.30180894047e-11
4.70251416071e-09	-7.30423469104e-11
4.70357304703e-09	-7.3073021592e-11
4.70463193335e-09	-7.28636114118e-11
4.70569081968e-09	-7.2410138649e-11
4.706749706e-09	-7.18767827375e-11
4.70780859232e-09	-7.14973674883e-11
4.70886747865e-09	-7.08926602318e-11
4.70992636497e-09	-7.06150394235e-11
4.71098525129e-09	-7.03064754852e-11
4.71204413762e-09	-7.01580347637e-11
4.71310302394e-09	-7.04309974058e-11
4.71416191026e-09	-7.05535031439e-11
4.71522079658e-09	-7.09625635163e-11
4.71627968291e-09	-7.14601940989e-11
4.71733856923e-09	-7.15905989004e-11
4.71839745555e-09	-7.19090130323e-11
4.71945634188e-09	-7.21714532755e-11
4.7205152282e-09	-7.19551302222e-11
4.72157411452e-09	-7.18669295081e-11
4.72263300085e-09	-7.16385141313e-11
4.72369188717e-09	-7.09162299196e-11
4.72475077349e-09	-7.06388641157e-11
4.72580965982e-09	-7.02516647286e-11
4.72686854614e-09	-6.97796234857e-11
4.72792743246e-09	-6.95851332284e-11
4.72898631878e-09	-6.92407602608e-11
4.73004520511e-09	-6.91719190607e-11
4.73110409143e-09	-6.94419218308e-11
4.73216297775e-09	-6.9487474802e-11
4.73322186408e-09	-6.9967267223e-11
4.7342807504e-09	-7.06303461898e-11
4.73533963672e-09	-7.07687901336e-11
4.73639852305e-09	-7.12742083235e-11
4.73745740937e-09	-7.15888229773e-11
4.73851629569e-09	-7.13414939103e-11
4.73957518202e-09	-7.09933713379e-11
4.74063406834e-09	-7.03884637208e-11
4.74169295466e-09	-6.9595460471e-11
4.74275184098e-09	-6.89363574904e-11
4.74381072731e-09	-6.8046009799e-11
4.74486961363e-09	-6.76397119738e-11
4.74592849995e-09	-6.73531677479e-11
4.74698738628e-09	-6.71190828611e-11
4.7480462726e-09	-6.7727090429e-11
4.74910515892e-09	-6.8288309469e-11
4.75016404525e-09	-6.91102886724e-11
4.75122293157e-09	-7.02314534654e-11
4.75228181789e-09	-7.07573101673e-11
4.75334070421e-09	-7.10105242836e-11
4.75439959054e-09	-7.11085105728e-11
4.75545847686e-09	-7.05674308051e-11
4.75651736318e-09	-6.97355133708e-11
4.75757624951e-09	-6.88183932583e-11
4.75863513583e-09	-6.75508889277e-11
4.75969402215e-09	-6.64276533086e-11
4.76075290848e-09	-6.58668297855e-11
4.7618117948e-09	-6.53594396487e-11
4.76287068112e-09	-6.54241196808e-11
4.76392956745e-09	-6.61732994789e-11
4.76498845377e-09	-6.69633233412e-11
4.76604734009e-09	-6.81486256315e-11
4.76710622641e-09	-6.91901275857e-11
4.76816511274e-09	-6.98164338842e-11
4.76922399906e-09	-7.05026054898e-11
4.77028288538e-09	-7.04385911578e-11
4.77134177171e-09	-6.96179936616e-11
4.77240065803e-09	-6.86990572936e-11
4.77345954435e-09	-6.72464714122e-11
4.77451843068e-09	-6.60494970349e-11
4.775577317e-09	-6.50437351549e-11
4.77663620332e-09	-6.4185232216e-11
4.77769508965e-09	-6.39853300552e-11
4.77875397597e-09	-6.42022632974e-11
4.77981286229e-09	-6.47756843823e-11
4.78087174861e-09	-6.58622613912e-11
4.78193063494e-09	-6.69163921323e-11
4.78298952126e-09	-6.77514750032e-11
4.78404840758e-09	-6.86599774431e-11
4.78510729391e-09	-6.88094217022e-11
4.78616618023e-09	-6.86469253837e-11
4.78722506655e-09	-6.82543162614e-11
4.78828395288e-09	-6.72595607681e-11
4.7893428392e-09	-6.61353216115e-11
4.79040172552e-09	-6.50306145739e-11
4.79146061185e-09	-6.37712859949e-11
4.79251949817e-09	-6.31703261748e-11
4.79357838449e-09	-6.28827732073e-11
4.79463727081e-09	-6.28884717739e-11
4.79569615714e-09	-6.34344902994e-11
4.79675504346e-09	-6.41708019188e-11
4.79781392978e-09	-6.49862780776e-11
4.79887281611e-09	-6.6022568055e-11
4.79993170243e-09	-6.65870089102e-11
4.80099058875e-09	-6.7043536521e-11
4.80204947508e-09	-6.70955890673e-11
4.8031083614e-09	-6.65278925699e-11
4.80416724772e-09	-6.59686931817e-11
4.80522613404e-09	-6.51782408427e-11
4.80628502037e-09	-6.38925227829e-11
4.80734390669e-09	-6.31091632945e-11
4.80840279301e-09	-6.22970524992e-11
4.80946167934e-09	-6.14999856596e-11
4.81052056566e-09	-6.15326084356e-11
4.81157945198e-09	-6.16240621899e-11
4.81263833831e-09	-6.21335101425e-11
4.81369722463e-09	-6.30574186616e-11
4.81475611095e-09	-6.3768765008e-11
4.81581499728e-09	-6.44871209383e-11
4.8168738836e-09	-6.53020450214e-11
4.81793276992e-09	-6.53671296778e-11
4.81899165624e-09	-6.54240472561e-11
4.82005054257e-09	-6.51875840633e-11
4.82110942889e-09	-6.40086291262e-11
4.82216831521e-09	-6.31011523415e-11
4.82322720154e-09	-6.19680916823e-11
4.82428608786e-09	-6.06758792515e-11
4.82534497418e-09	-6.0113363072e-11
4.82640386051e-09	-5.96847900963e-11
4.82746274683e-09	-5.9519316125e-11
4.82852163315e-09	-6.00604913026e-11
4.82958051948e-09	-6.07032501522e-11
4.8306394058e-09	-6.16354406749e-11
4.83169829212e-09	-6.27806322553e-11
4.83275717844e-09	-6.36443862022e-11
4.83381606477e-09	-6.40593242514e-11
4.83487495109e-09	-6.41576678936e-11
4.83593383741e-09	-6.35403799888e-11
4.83699272374e-09	-6.27479084317e-11
4.83805161006e-09	-6.16191260343e-11
4.83911049638e-09	-6.02831153051e-11
4.84016938271e-09	-5.91486265349e-11
4.84122826903e-09	-5.81815450852e-11
4.84228715535e-09	-5.76324717116e-11
4.84334604168e-09	-5.78233880048e-11
4.844404928e-09	-5.80551401223e-11
4.84546381432e-09	-5.89193706844e-11
4.84652270064e-09	-5.99835398366e-11
4.84758158697e-09	-6.1068360438e-11
4.84864047329e-09	-6.19050717805e-11
4.84969935961e-09	-6.22463951043e-11
4.85075824594e-09	-6.21747128608e-11
4.85181713226e-09	-6.18873377024e-11
4.85287601858e-09	-6.09845438038e-11
4.85393490491e-09	-5.97162627507e-11
4.85499379123e-09	-5.8662396555e-11
4.85605267755e-09	-5.74640304958e-11
4.85711156387e-09	-5.66046614962e-11
4.8581704502e-09	-5.63046514794e-11
4.85922933652e-09	-5.62601723021e-11
4.86028822284e-09	-5.66356566679e-11
4.86134710917e-09	-5.73440145195e-11
4.86240599549e-09	-5.80291682761e-11
4.86346488181e-09	-5.89822335938e-11
4.86452376814e-09	-5.94971246749e-11
4.86558265446e-09	-5.98244917147e-11
4.86664154078e-09	-6.00241015745e-11
4.86770042711e-09	-5.95464576085e-11
4.86875931343e-09	-5.86023868321e-11
4.86981819975e-09	-5.79539315843e-11
4.87087708607e-09	-5.70005553174e-11
4.8719359724e-09	-5.61657322214e-11
4.87299485872e-09	-5.54441132762e-11
4.87405374504e-09	-5.49256846602e-11
4.87511263137e-09	-5.48552028454e-11
4.87617151769e-09	-5.51054345384e-11
4.87723040401e-09	-5.53188233068e-11
4.87828929034e-09	-5.59342528891e-11
4.87934817666e-09	-5.64727401127e-11
4.88040706298e-09	-5.68884813389e-11
4.88146594931e-09	-5.73373072112e-11
4.88252483563e-09	-5.73187517415e-11
4.88358372195e-09	-5.71416360409e-11
4.88464260827e-09	-5.69808688081e-11
4.8857014946e-09	-5.62471861622e-11
4.88676038092e-09	-5.55286337744e-11
4.88781926724e-09	-5.48668597534e-11
4.88887815357e-09	-5.40728906963e-11
4.88993703989e-09	-5.36658937775e-11
4.89099592621e-09	-5.32033024407e-11
4.89205481254e-09	-5.29000146639e-11
4.89311369886e-09	-5.3139074304e-11
4.89417258518e-09	-5.32887705317e-11
4.8952314715e-09	-5.3671762347e-11
4.89629035783e-09	-5.43149383976e-11
4.89734924415e-09	-5.45828568975e-11
4.89840813047e-09	-5.4924609999e-11
4.8994670168e-09	-5.5327277048e-11
4.90052590312e-09	-5.49478288391e-11
4.90158478944e-09	-5.46171133493e-11
4.90264367577e-09	-5.41647690241e-11
4.90370256209e-09	-5.32669919458e-11
4.90476144841e-09	-5.26347806486e-11
4.90582033474e-09	-5.16998601048e-11
4.90687922106e-09	-5.1054489629e-11
4.90793810738e-09	-5.08528674899e-11
4.9089969937e-09	-5.04928538217e-11
4.91005588003e-09	-5.07502295397e-11
4.91111476635e-09	-5.1383584887e-11
4.91217365267e-09	-5.17275063928e-11
4.913232539e-09	-5.23295881454e-11
4.91429142532e-09	-5.29500900591e-11
4.91535031164e-09	-5.29604151332e-11
4.91640919797e-09	-5.30984865452e-11
4.91746808429e-09	-5.27944172754e-11
4.91852697061e-09	-5.20633293422e-11
4.91958585694e-09	-5.13444889903e-11
4.92064474326e-09	-5.05312293744e-11
4.92170362958e-09	-4.9431740385e-11
4.9227625159e-09	-4.8938749754e-11
4.92382140223e-09	-4.84029947199e-11
4.92488028855e-09	-4.8200339553e-11
4.92593917487e-09	-4.87014617002e-11
4.9269980612e-09	-4.89130914591e-11
4.92805694752e-09	-4.94372190754e-11
4.92911583384e-09	-5.02748047186e-11
4.93017472017e-09	-5.06006213492e-11
4.93123360649e-09	-5.10418968376e-11
4.93229249281e-09	-5.09464749034e-11
4.93335137914e-09	-5.04264095758e-11
4.93441026546e-09	-4.99311087268e-11
4.93546915178e-09	-4.9077962614e-11
4.9365280381e-09	-4.81250239312e-11
4.93758692443e-09	-4.74925780126e-11
4.93864581075e-09	-4.66902688387e-11
4.93970469707e-09	-4.62932357378e-11
4.9407635834e-09	-4.62858995923e-11
4.94182246972e-09	-4.63907796726e-11
4.94288135604e-09	-4.68655535386e-11
4.94394024237e-09	-4.73338417073e-11
4.94499912869e-09	-4.77733902784e-11
4.94605801501e-09	-4.83047356455e-11
4.94711690133e-09	-4.83808813324e-11
4.94817578766e-09	-4.83078152133e-11
4.94923467398e-09	-4.81341719955e-11
4.9502935603e-09	-4.74517291779e-11
4.95135244663e-09	-4.67049224816e-11
4.95241133295e-09	-4.59023955998e-11
4.95347021927e-09	-4.5027506463e-11
4.9545291056e-09	-4.45578378881e-11
4.95558799192e-09	-4.43342571856e-11
4.95664687824e-09	-4.41050080572e-11
4.95770576457e-09	-4.43782083564e-11
4.95876465089e-09	-4.4589230962e-11
4.95982353721e-09	-4.49125005849e-11
4.96088242353e-09	-4.55029891804e-11
4.96194130986e-09	-4.5834244386e-11
4.96300019618e-09	-4.60260167652e-11
4.9640590825e-09	-4.59397498341e-11
4.96511796883e-09	-4.54392105539e-11
4.96617685515e-09	-4.47714205119e-11
4.96723574147e-09	-4.42701502627e-11
4.9682946278e-09	-4.33707648788e-11
4.96935351412e-09	-4.30106087464e-11
4.97041240044e-09	-4.24950422073e-11
4.97147128677e-09	-4.20416585659e-11
4.97253017309e-09	-4.20887452494e-11
4.97358905941e-09	-4.22917235086e-11
4.97464794573e-09	-4.24539119137e-11
4.97570683206e-09	-4.28413188171e-11
4.97676571838e-09	-4.30440650571e-11
4.9778246047e-09	-4.32180096831e-11
4.97888349103e-09	-4.34038042053e-11
4.97994237735e-09	-4.3132946867e-11
4.98100126367e-09	-4.27888761749e-11
4.98206015e-09	-4.2449011103e-11
4.98311903632e-09	-4.15803767286e-11
4.98417792264e-09	-4.10653295223e-11
4.98523680897e-09	-4.06316007315e-11
4.98629569529e-09	-4.00672453115e-11
4.98735458161e-09	-4.01081834845e-11
4.98841346793e-09	-3.99254527009e-11
4.98947235426e-09	-3.98472400909e-11
4.99053124058e-09	-4.02391381934e-11
4.9915901269e-09	-4.04929208653e-11
4.99264901323e-09	-4.05771052609e-11
4.99370789955e-09	-4.07971794368e-11
4.99476678587e-09	-4.05657460747e-11
4.9958256722e-09	-4.03236816767e-11
4.99688455852e-09	-4.00179089085e-11
4.99794344484e-09	-3.94800323076e-11
4.99900233116e-09	-3.91429128693e-11
5.00006121749e-09	-3.85463904719e-11
5.00112010381e-09	-3.79342119782e-11
5.00217899013e-09	-3.78477399161e-11
5.00323787646e-09	-3.77687744361e-11
5.00429676278e-09	-3.76108092153e-11
5.0053556491e-09	-3.79608718591e-11
5.00641453543e-09	-3.79273973339e-11
5.00747342175e-09	-3.7978814104e-11
5.00853230807e-09	-3.82322576375e-11
5.0095911944e-09	-3.80270968794e-11
5.01065008072e-09	-3.80298917357e-11
5.01170896704e-09	-3.7827461866e-11
5.01276785336e-09	-3.72165169776e-11
5.01382673969e-09	-3.69529077476e-11
5.01488562601e-09	-3.63676937957e-11
5.01594451233e-09	-3.58779876468e-11
5.01700339866e-09	-3.57486789736e-11
5.01806228498e-09	-3.54778955779e-11
5.0191211713e-09	-3.52802054064e-11
5.02018005763e-09	-3.54389688168e-11
5.02123894395e-09	-3.53361424323e-11
5.02229783027e-09	-3.55840387538e-11
5.0233567166e-09	-3.58048592945e-11
5.02441560292e-09	-3.57032439637e-11
5.02547448924e-09	-3.56491021598e-11
5.02653337556e-09	-3.54608792417e-11
5.02759226189e-09	-3.50553538021e-11
5.02865114821e-09	-3.47815339898e-11
5.02971003453e-09	-3.42498982734e-11
5.03076892086e-09	-3.35656506929e-11
5.03182780718e-09	-3.33899672234e-11
5.0328866935e-09	-3.29328769116e-11
5.03394557983e-09	-3.28286380285e-11
5.03500446615e-09	-3.29445186409e-11
5.03606335247e-09	-3.30213413037e-11
5.03712223879e-09	-3.32234920998e-11
5.03818112512e-09	-3.33641612602e-11
5.03924001144e-09	-3.32842173961e-11
5.04029889776e-09	-3.34503215058e-11
5.04135778409e-09	-3.32147590681e-11
5.04241667041e-09	-3.2760732278e-11
5.04347555673e-09	-3.25044004299e-11
5.04453444306e-09	-3.19392793463e-11
5.04559332938e-09	-3.12895438725e-11
5.0466522157e-09	-3.10057060322e-11
5.04771110203e-09	-3.05935372522e-11
5.04876998835e-09	-3.0232497495e-11
5.04982887467e-09	-3.0201455269e-11
5.05088776099e-09	-3.00704597941e-11
5.05194664732e-09	-3.04514764099e-11
5.05300553364e-09	-3.07720181801e-11
5.05406441996e-09	-3.08562004073e-11
5.05512330629e-09	-3.12252439617e-11
5.05618219261e-09	-3.10800777475e-11
5.05724107893e-09	-3.07296842052e-11
5.05829996526e-09	-3.04757295788e-11
5.05935885158e-09	-2.98118630476e-11
5.0604177379e-09	-2.91932266121e-11
5.06147662423e-09	-2.86575038873e-11
5.06253551055e-09	-2.78353583672e-11
5.06359439687e-09	-2.74974767348e-11
5.06465328319e-09	-2.73488616736e-11
5.06571216952e-09	-2.72421690241e-11
5.06677105584e-09	-2.75806192121e-11
5.06782994216e-09	-2.79470077722e-11
5.06888882849e-09	-2.82866002756e-11
5.06994771481e-09	-2.86640249297e-11
5.07100660113e-09	-2.87914700761e-11
5.07206548746e-09	-2.86219385866e-11
5.07312437378e-09	-2.8326872098e-11
5.0741832601e-09	-2.76701229204e-11
5.07524214643e-09	-2.69836403655e-11
5.07630103275e-09	-2.62063892722e-11
5.07735991907e-09	-2.53949378887e-11
5.07841880539e-09	-2.49991344899e-11
5.07947769172e-09	-2.48572796461e-11
5.08053657804e-09	-2.45072280611e-11
5.08159546436e-09	-2.47289771126e-11
5.08265435069e-09	-2.51208697941e-11
5.08371323701e-09	-2.52712761741e-11
5.08477212333e-09	-2.58005366204e-11
5.08583100966e-09	-2.61518651786e-11
5.08688989598e-09	-2.61728520801e-11
5.0879487823e-09	-2.61037424315e-11
5.08900766862e-09	-2.55866853312e-11
5.09006655495e-09	-2.51120064413e-11
5.09112544127e-09	-2.44423504873e-11
5.09218432759e-09	-2.35589074291e-11
5.09324321392e-09	-2.29109771519e-11
5.09430210024e-09	-2.24058853068e-11
5.09536098656e-09	-2.19780988114e-11
5.09641987289e-09	-2.2059818707e-11
5.09747875921e-09	-2.206093099e-11
5.09853764553e-09	-2.23854533001e-11
5.09959653186e-09	-2.27777138513e-11
5.10065541818e-09	-2.3099462447e-11
5.1017143045e-09	-2.3327331386e-11
5.10277319082e-09	-2.34300328705e-11
5.10383207715e-09	-2.31866487815e-11
5.10489096347e-09	-2.28681752354e-11
5.10594984979e-09	-2.24622991648e-11
5.10700873612e-09	-2.15250741493e-11
5.10806762244e-09	-2.10250210254e-11
5.10912650876e-09	-2.04326871178e-11
5.11018539509e-09	-1.98548924697e-11
5.11124428141e-09	-1.96602724335e-11
5.11230316773e-09	-1.93039593642e-11
5.11336205406e-09	-1.92494154297e-11
5.11442094038e-09	-1.95791060231e-11
5.1154798267e-09	-1.98357281121e-11
5.11653871302e-09	-2.02837196909e-11
5.11759759935e-09	-2.04796704768e-11
5.11865648567e-09	-2.04781186583e-11
5.11971537199e-09	-2.04887713783e-11
5.12077425832e-09	-2.03221472853e-11
5.12183314464e-09	-1.98627562965e-11
5.12289203096e-09	-1.94434868596e-11
5.12395091729e-09	-1.86950243697e-11
5.12500980361e-09	-1.8023752304e-11
5.12606868993e-09	-1.73333400584e-11
5.12712757626e-09	-1.68179423296e-11
5.12818646258e-09	-1.66107931446e-11
5.1292453489e-09	-1.65380069665e-11
5.13030423522e-09	-1.6629705642e-11
5.13136312155e-09	-1.68982685917e-11
5.13242200787e-09	-1.7325326178e-11
5.13348089419e-09	-1.75647246314e-11
5.13453978052e-09	-1.79342262612e-11
5.13559866684e-09	-1.80005706521e-11
5.13665755316e-09	-1.78775193434e-11
5.13771643949e-09	-1.76203788973e-11
5.13877532581e-09	-1.69943598039e-11
5.13983421213e-09	-1.62021445522e-11
5.14089309845e-09	-1.55009292077e-11
5.14195198478e-09	-1.46367045003e-11
5.1430108711e-09	-1.39989458827e-11
5.14406975742e-09	-1.37113559439e-11
5.14512864375e-09	-1.35423547376e-11
5.14618753007e-09	-1.37746913485e-11
5.14724641639e-09	-1.4090665375e-11
5.14830530272e-09	-1.42966757139e-11
5.14936418904e-09	-1.50236699166e-11
5.15042307536e-09	-1.54391786899e-11
5.15148196169e-09	-1.55103824749e-11
5.15254084801e-09	-1.5615162917e-11
5.15359973433e-09	-1.50047398551e-11
5.15465862065e-09	-1.44576462347e-11
5.15571750698e-09	-1.37981145606e-11
5.1567763933e-09	-1.26154762635e-11
5.15783527962e-09	-1.19020716676e-11
5.15889416595e-09	-1.13236836357e-11
5.15995305227e-09	-1.08081972192e-11
5.16101193859e-09	-1.09726624488e-11
5.16207082492e-09	-1.0904177138e-11
5.16312971124e-09	-1.12642015398e-11
5.16418859756e-09	-1.21078550831e-11
5.16524748389e-09	-1.25093066331e-11
5.16630637021e-09	-1.27346203244e-11
5.16736525653e-09	-1.30291272563e-11
5.16842414285e-09	-1.27423913435e-11
5.16948302918e-09	-1.24155750784e-11
5.1705419155e-09	-1.16606763308e-11
5.17160080182e-09	-1.0736801964e-11
5.17265968815e-09	-1.0006134918e-11
5.17371857447e-09	-9.32993818922e-12
5.17477746079e-09	-8.67499756925e-12
5.17583634712e-09	-8.4539781859e-12
5.17689523344e-09	-8.32148618676e-12
5.17795411976e-09	-8.47224189676e-12
5.17901300608e-09	-8.93710805231e-12
5.18007189241e-09	-9.23464934079e-12
5.18113077873e-09	-9.66742208204e-12
5.18218966505e-09	-9.93544591217e-12
5.18324855138e-09	-9.95458430313e-12
5.1843074377e-09	-9.8074611583e-12
5.18536632402e-09	-9.51104386221e-12
5.18642521035e-09	-8.70754667372e-12
5.18748409667e-09	-8.17224185459e-12
5.18854298299e-09	-7.55984630365e-12
5.18960186932e-09	-6.82070594666e-12
5.19066075564e-09	-6.37136101257e-12
5.19171964196e-09	-6.00214685896e-12
5.19277852828e-09	-5.97249913371e-12
5.19383741461e-09	-6.08125664625e-12
5.19489630093e-09	-6.05867602182e-12
5.19595518725e-09	-6.4031575181e-12
5.19701407358e-09	-6.73239513183e-12
5.1980729599e-09	-6.83183403512e-12
5.19913184622e-09	-7.04162449921e-12
5.20019073255e-09	-6.88015286019e-12
5.20124961887e-09	-6.4796878258e-12
5.20230850519e-09	-6.2616477216e-12
5.20336739152e-09	-5.74175857684e-12
5.20442627784e-09	-5.06574109375e-12
5.20548516416e-09	-4.63345337033e-12
5.20654405048e-09	-4.15576858408e-12
5.20760293681e-09	-3.73687634113e-12
5.20866182313e-09	-3.61225602923e-12
5.20972070945e-09	-3.40812959993e-12
5.21077959578e-09	-3.5119003788e-12
5.2118384821e-09	-3.7071503636e-12
5.21289736842e-09	-3.61259495083e-12
5.21395625475e-09	-4.02031183409e-12
5.21501514107e-09	-4.10433002146e-12
5.21607402739e-09	-3.85825293697e-12
5.21713291372e-09	-3.91811997885e-12
5.21819180004e-09	-3.71390006422e-12
5.21925068636e-09	-3.18530691732e-12
5.22030957268e-09	-2.8907803614e-12
5.22136845901e-09	-2.1113401961e-12
5.22242734533e-09	-1.65303245403e-12
5.22348623165e-09	-1.42409772397e-12
5.22454511798e-09	-8.76843214736e-13
5.2256040043e-09	-8.43329109345e-13
5.22666289062e-09	-9.47797592634e-13
5.22772177695e-09	-7.56155920756e-13
5.22878066327e-09	-1.00215791747e-12
5.22983954959e-09	-1.20623113277e-12
5.23089843591e-09	-1.18079473337e-12
5.23195732224e-09	-1.36095976611e-12
5.23301620856e-09	-1.20592887076e-12
5.23407509488e-09	-8.73227190426e-13
5.23513398121e-09	-6.77058960925e-13
5.23619286753e-09	-1.38232293992e-13
5.23725175385e-09	2.0305573561e-13
5.23831064018e-09	6.78439905844e-13
5.2393695265e-09	1.28452772778e-12
5.24042841282e-09	1.54289673756e-12
5.24148729915e-09	1.68532703526e-12
5.24254618547e-09	1.96849117952e-12
5.24360507179e-09	1.90386416484e-12
5.24466395811e-09	1.79910912015e-12
5.24572284444e-09	1.80773839366e-12
5.24678173076e-09	1.5575276122e-12
5.24784061708e-09	1.61616892287e-12
5.24889950341e-09	1.77684284658e-12
5.24995838973e-09	1.59907319591e-12
5.25101727605e-09	2.04353310803e-12
5.25207616238e-09	2.34538026478e-12
5.2531350487e-09	2.68618969028e-12
5.25419393502e-09	3.24890095838e-12
5.25525282135e-09	3.50559850788e-12
5.25631170767e-09	3.7931154257e-12
5.25737059399e-09	4.04419537138e-12
5.25842948031e-09	4.17444778831e-12
5.25948836664e-09	4.34087740254e-12
5.26054725296e-09	4.5538601915e-12
5.26160613928e-09	4.33237411332e-12
5.26266502561e-09	4.45876742103e-12
5.26372391193e-09	4.41818332137e-12
5.26478279825e-09	4.24838061865e-12
5.26584168458e-09	4.57942657319e-12
5.2669005709e-09	4.62926130263e-12
5.26795945722e-09	4.75843092685e-12
5.26901834355e-09	5.11525208042e-12
5.27007722987e-09	5.17947924134e-12
5.27113611619e-09	5.58386082056e-12
5.27219500251e-09	6.17393869319e-12
5.27325388884e-09	6.19436327318e-12
5.27431277516e-09	6.68004383362e-12
5.27537166148e-09	6.98681282101e-12
5.27643054781e-09	6.89631137569e-12
5.27748943413e-09	7.22871166137e-12
5.27854832045e-09	7.22982920276e-12
5.27960720678e-09	7.14384855525e-12
5.2806660931e-09	7.41397140078e-12
5.28172497942e-09	7.21602259283e-12
5.28278386574e-09	7.16739943221e-12
5.28384275207e-09	7.30346685907e-12
5.28490163839e-09	7.25958643243e-12
5.28596052471e-09	7.56367971727e-12
5.28701941104e-09	8.08359721391e-12
5.28807829736e-09	8.2137572026e-12
5.28913718368e-09	8.5843811443e-12
5.29019607001e-09	9.11906682978e-12
5.29125495633e-09	9.28159236751e-12
5.29231384265e-09	9.65839994788e-12
5.29337272898e-09	9.81539204298e-12
5.2944316153e-09	9.77539875218e-12
5.29549050162e-09	9.92736670863e-12
5.29654938794e-09	9.78994923323e-12
5.29760827427e-09	9.82404468105e-12
5.29866716059e-09	1.00558327398e-11
5.29972604691e-09	9.72719940619e-12
5.30078493324e-09	9.68702071683e-12
5.30184381956e-09	9.98584960381e-12
5.30290270588e-09	9.988809801e-12
5.30396159221e-09	1.05065688137e-11
5.30502047853e-09	1.08424123629e-11
5.30607936485e-09	1.10038706662e-11
5.30713825118e-09	1.16988118411e-11
5.3081971375e-09	1.19896218604e-11
5.30925602382e-09	1.21488792333e-11
5.31031491014e-09	1.25358889935e-11
5.31137379647e-09	1.25466848282e-11
5.31243268279e-09	1.25709833168e-11
5.31349156911e-09	1.2627481092e-11
5.31455045544e-09	1.21781652688e-11
5.31560934176e-09	1.23129207568e-11
5.31666822808e-09	1.22377017374e-11
5.31772711441e-09	1.22413502945e-11
5.31878600073e-09	1.26858693906e-11
5.31984488705e-09	1.27581581367e-11
5.32090377337e-09	1.31164217942e-11
5.3219626597e-09	1.35919215336e-11
5.32302154602e-09	1.39013976112e-11
5.32408043234e-09	1.42691370872e-11
5.32513931867e-09	1.47966699657e-11
5.32619820499e-09	1.48436367364e-11
5.32725709131e-09	1.5058030994e-11
5.32831597764e-09	1.51644433772e-11
5.32937486396e-09	1.49838035859e-11
5.33043375028e-09	1.50495586045e-11
5.33149263661e-09	1.48264219912e-11
5.33255152293e-09	1.46591577852e-11
5.33361040925e-09	1.48129848231e-11
5.33466929557e-09	1.47476861452e-11
5.3357281819e-09	1.5062354467e-11
5.33678706822e-09	1.53974958868e-11
5.33784595454e-09	1.57173064711e-11
5.33890484087e-09	1.6245464609e-11
5.33996372719e-09	1.6810795811e-11
5.34102261351e-09	1.71180879801e-11
5.34208149984e-09	1.74054073021e-11
5.34314038616e-09	1.76410278529e-11
5.34419927248e-09	1.755233979e-11
5.34525815881e-09	1.77237672238e-11
5.34631704513e-09	1.75410534622e-11
5.34737593145e-09	1.73655261178e-11
5.34843481777e-09	1.73464714814e-11
5.3494937041e-09	1.71281775655e-11
5.35055259042e-09	1.71437532139e-11
5.35161147674e-09	1.74630389359e-11
5.35267036307e-09	1.76418455582e-11
5.35372924939e-09	1.81749204445e-11
5.35478813571e-09	1.8761460701e-11
5.35584702204e-09	1.89304297064e-11
5.35690590836e-09	1.94006429845e-11
5.35796479468e-09	1.97032093332e-11
5.35902368101e-09	1.97504383724e-11
5.36008256733e-09	2.01240379612e-11
5.36114145365e-09	2.00571603597e-11
5.36220033997e-09	2.00727167093e-11
5.3632592263e-09	2.00233646937e-11
5.36431811262e-09	1.95511423891e-11
5.36537699894e-09	1.95612879193e-11
5.36643588527e-09	1.977664072e-11
5.36749477159e-09	1.97063235955e-11
5.36855365791e-09	1.99478695281e-11
5.36961254424e-09	2.02740016615e-11
5.37067143056e-09	2.05156871309e-11
5.37173031688e-09	2.1122099729e-11
5.3727892032e-09	2.15147498341e-11
5.37384808953e-09	2.16629867256e-11
5.37490697585e-09	2.21970294792e-11
5.37596586217e-09	2.24533908176e-11
5.3770247485e-09	2.24225260755e-11
5.37808363482e-09	2.25809563105e-11
5.37914252114e-09	2.2291834394e-11
5.38020140747e-09	2.21452637044e-11
5.38126029379e-09	2.23522179498e-11
5.38231918011e-09	2.19661455908e-11
5.38337806644e-09	2.20589155666e-11
5.38443695276e-09	2.23279860313e-11
5.38549583908e-09	2.21905622133e-11
5.3865547254e-09	2.26144882985e-11
5.38761361173e-09	2.29377268048e-11
5.38867249805e-09	2.32573153444e-11
5.38973138437e-09	2.39086389575e-11
5.3907902707e-09	2.43975352074e-11
5.39184915702e-09	2.46667746992e-11
5.39290804334e-09	2.50073453698e-11
5.39396692967e-09	2.48870798102e-11
5.39502581599e-09	2.49091246761e-11
5.39608470231e-09	2.47708648298e-11
5.39714358864e-09	2.42554247087e-11
5.39820247496e-09	2.41961559296e-11
5.39926136128e-09	2.41961604832e-11
5.4003202476e-09	2.38900481429e-11
5.40137913393e-09	2.43038594892e-11
5.40243802025e-09	2.45172849037e-11
5.40349690657e-09	2.48859014992e-11
5.4045557929e-09	2.56075687998e-11
5.40561467922e-09	2.60397760212e-11
5.40667356554e-09	2.65244152597e-11
5.40773245187e-09	2.70125490986e-11
5.40879133819e-09	2.7098830558e-11
5.40985022451e-09	2.71894234558e-11
5.41090911084e-09	2.7135483964e-11
5.41196799716e-09	2.6709198438e-11
5.41302688348e-09	2.65411761579e-11
5.4140857698e-09	2.64261299475e-11
5.41514465613e-09	2.6146065998e-11
5.41620354245e-09	2.63244061965e-11
5.41726242877e-09	2.63220877386e-11
5.4183213151e-09	2.64420729236e-11
5.41938020142e-09	2.71758043586e-11
5.42043908774e-09	2.74822094335e-11
5.42149797407e-09	2.80349027413e-11
5.42255686039e-09	2.88073258824e-11
5.42361574671e-09	2.88626568392e-11
5.42467463303e-09	2.907820729e-11
5.42573351936e-09	2.93847509259e-11
5.42679240568e-09	2.89779107827e-11
5.427851292e-09	2.9093053704e-11
5.42891017833e-09	2.8923388207e-11
5.42996906465e-09	2.8406680003e-11
5.43102795097e-09	2.83945115684e-11
5.4320868373e-09	2.82055093257e-11
5.43314572362e-09	2.83165919098e-11
5.43420460994e-09	2.87580508452e-11
5.43526349627e-09	2.89806282271e-11
5.43632238259e-09	2.95342205553e-11
5.43738126891e-09	3.01498695801e-11
5.43844015523e-09	3.02939158134e-11
5.43949904156e-09	3.07444673019e-11
5.44055792788e-09	3.11509815339e-11
5.4416168142e-09	3.11430685927e-11
5.44267570053e-09	3.1433199793e-11
5.44373458685e-09	3.12604154801e-11
5.44479347317e-09	3.09432824416e-11
5.4458523595e-09	3.09042147342e-11
5.44691124582e-09	3.0454319188e-11
5.44797013214e-09	3.0492281226e-11
5.44902901847e-09	3.07185535689e-11
5.45008790479e-09	3.06859706915e-11
5.45114679111e-09	3.1041241192e-11
5.45220567743e-09	3.14423120786e-11
5.45326456376e-09	3.17482923631e-11
5.45432345008e-09	3.23333016177e-11
5.4553823364e-09	3.27316177634e-11
5.45644122273e-09	3.30091188758e-11
5.45750010905e-09	3.33011951348e-11
5.45855899537e-09	3.32677982384e-11
5.4596178817e-09	3.32627484584e-11
5.46067676802e-09	3.32392733129e-11
5.46173565434e-09	3.28742035764e-11
5.46279454066e-09	3.27404947771e-11
5.46385342699e-09	3.27337781447e-11
5.46491231331e-09	3.24118468609e-11
5.46597119963e-09	3.26462364086e-11
5.46703008596e-09	3.28123229542e-11
5.46808897228e-09	3.29501931382e-11
5.4691478586e-09	3.3782035112e-11
5.47020674493e-09	3.39266817764e-11
5.47126563125e-09	3.42827303004e-11
5.47232451757e-09	3.50754247695e-11
5.4733834039e-09	3.51016592095e-11
5.47444229022e-09	3.52322411697e-11
5.47550117654e-09	3.55072061163e-11
5.47656006286e-09	3.50610866295e-11
5.47761894919e-09	3.50069313815e-11
5.47867783551e-09	3.50500490177e-11
5.47973672183e-09	3.44254670343e-11
5.48079560816e-09	3.44655302562e-11
5.48185449448e-09	3.45548253639e-11
5.4829133808e-09	3.44200516613e-11
5.48397226713e-09	3.50274804821e-11
5.48503115345e-09	3.53477039305e-11
5.48609003977e-09	3.56347913417e-11
5.4871489261e-09	3.64100819807e-11
5.48820781242e-09	3.67535773951e-11
5.48926669874e-09	3.70631789148e-11
5.49032558506e-09	3.75119128468e-11
5.49138447139e-09	3.71203855414e-11
5.49244335771e-09	3.71422005565e-11
5.49350224403e-09	3.71191595256e-11
5.49456113036e-09	3.66004685327e-11
5.49562001668e-09	3.65882738603e-11
5.496678903e-09	3.64258762042e-11
5.49773778933e-09	3.62638237581e-11
5.49879667565e-09	3.66427333354e-11
5.49985556197e-09	3.67646022133e-11
5.5009144483e-09	3.7188280233e-11
5.50197333462e-09	3.77921327045e-11
5.50303222094e-09	3.80803071368e-11
5.50409110726e-09	3.84946924597e-11
5.50514999359e-09	3.89961357476e-11
5.50620887991e-09	3.88895387247e-11
5.50726776623e-09	3.91771112079e-11
5.50832665256e-09	3.91389999837e-11
5.50938553888e-09	3.87593954328e-11
5.5104444252e-09	3.88002709389e-11
5.51150331153e-09	3.84133868377e-11
5.51256219785e-09	3.82659490032e-11
5.51362108417e-09	3.835850821e-11
5.51467997049e-09	3.84085402372e-11
5.51573885682e-09	3.88085106585e-11
5.51679774314e-09	3.91559981053e-11
5.51785662946e-09	3.92767196804e-11
5.51891551579e-09	3.98446419088e-11
5.51997440211e-09	4.01397066627e-11
5.52103328843e-09	4.02858460567e-11
5.52209217476e-09	4.08191128468e-11
5.52315106108e-09	4.0765845994e-11
5.5242099474e-09	4.06430889378e-11
5.52526883373e-09	4.06806689029e-11
5.52632772005e-09	4.05352778253e-11
5.52738660637e-09	4.03064992407e-11
5.52844549269e-09	4.03943382649e-11
5.52950437902e-09	4.01477950277e-11
5.53056326534e-09	4.02262650273e-11
5.53162215166e-09	4.0541807975e-11
5.53268103799e-09	4.05921845616e-11
5.53373992431e-09	4.11149031487e-11
5.53479881063e-09	4.15360920571e-11
5.53585769696e-09	4.16078248244e-11
5.53691658328e-09	4.21692370692e-11
5.5379754696e-09	4.23686385455e-11
5.53903435593e-09	4.23573357378e-11
5.54009324225e-09	4.2646581145e-11
5.54115212857e-09	4.24252247916e-11
5.54221101489e-09	4.22052878757e-11
5.54326990122e-09	4.2306422688e-11
5.54432878754e-09	4.19514256233e-11
5.54538767386e-09	4.18142348003e-11
5.54644656019e-09	4.21283047509e-11
5.54750544651e-09	4.19141479337e-11
5.54856433283e-09	4.2313960712e-11
5.54962321916e-09	4.27458411549e-11
5.55068210548e-09	4.28523757277e-11
5.5517409918e-09	4.34834898123e-11
5.55279987813e-09	4.36333792448e-11
5.55385876445e-09	4.38327772516e-11
5.55491765077e-09	4.42525525772e-11
5.55597653709e-09	4.39998649494e-11
5.55703542342e-09	4.39880907307e-11
5.55809430974e-09	4.41591568e-11
5.55915319606e-09	4.37814179442e-11
5.56021208239e-09	4.38077217731e-11
5.56127096871e-09	4.37392947382e-11
5.56232985503e-09	4.35344906825e-11
5.56338874136e-09	4.38688044224e-11
5.56444762768e-09	4.4040357949e-11
5.565506514e-09	4.41613091581e-11
5.56656540032e-09	4.48035430371e-11
5.56762428665e-09	4.49182063073e-11
5.56868317297e-09	4.51837922546e-11
5.56974205929e-09	4.56840216698e-11
5.57080094562e-09	4.56069812992e-11
5.57185983194e-09	4.55600865194e-11
5.57291871826e-09	4.57327058168e-11
5.57397760459e-09	4.54654499812e-11
5.57503649091e-09	4.54307823999e-11
5.57609537723e-09	4.53862910796e-11
5.57715426356e-09	4.50923504265e-11
5.57821314988e-09	4.52785237689e-11
5.5792720362e-09	4.53265498052e-11
5.58033092252e-09	4.55103572015e-11
5.58138980885e-09	4.60653850134e-11
5.58244869517e-09	4.61804860845e-11
5.58350758149e-09	4.65300731972e-11
5.58456646782e-09	4.6880587086e-11
5.58562535414e-09	4.67726508566e-11
5.58668424046e-09	4.70368891406e-11
5.58774312679e-09	4.72335204803e-11
5.58880201311e-09	4.69095396208e-11
5.58986089943e-09	4.69577566935e-11
5.59091978576e-09	4.68655201452e-11
5.59197867208e-09	4.66159949183e-11
5.5930375584e-09	4.6867558879e-11
5.59409644472e-09	4.68567788736e-11
5.59515533105e-09	4.69067102868e-11
5.59621421737e-09	4.72933033881e-11
5.59727310369e-09	4.73377183806e-11
5.59833199002e-09	4.7632472619e-11
5.59939087634e-09	4.80377192018e-11
5.60044976266e-09	4.81122004216e-11
5.60150864899e-09	4.83899907991e-11
5.60256753531e-09	4.85907585869e-11
5.60362642163e-09	4.83465992934e-11
5.60468530795e-09	4.85305086048e-11
5.60574419428e-09	4.82993597374e-11
5.6068030806e-09	4.81243218019e-11
5.60786196692e-09	4.82929130713e-11
5.60892085325e-09	4.81753139984e-11
5.60997973957e-09	4.82371777071e-11
5.61103862589e-09	4.85643335442e-11
5.61209751222e-09	4.8641818004e-11
5.61315639854e-09	4.90127240009e-11
5.61421528486e-09	4.93456560335e-11
5.61527417119e-09	4.94621392455e-11
5.61633305751e-09	4.97453155057e-11
5.61739194383e-09	4.98128769136e-11
5.61845083015e-09	4.9751787759e-11
5.61950971648e-09	4.9831629708e-11
5.6205686028e-09	4.9737221286e-11
5.62162748912e-09	4.94812446225e-11
5.62268637545e-09	4.97423382866e-11
5.62374526177e-09	4.96655134553e-11
5.62480414809e-09	4.95509436434e-11
5.62586303442e-09	4.99782294543e-11
5.62692192074e-09	5.0043365285e-11
5.62798080706e-09	5.02876009063e-11
5.62903969339e-09	5.06386621003e-11
5.63009857971e-09	5.0528724e-11
5.63115746603e-09	5.08117029355e-11
5.63221635235e-09	5.08908427552e-11
5.63327523868e-09	5.08143171637e-11
5.634334125e-09	5.10764239063e-11
5.63539301132e-09	5.09385983914e-11
5.63645189765e-09	5.08493590116e-11
5.63751078397e-09	5.09227243706e-11
5.63856967029e-09	5.09320871069e-11
5.63962855662e-09	5.09814855262e-11
5.64068744294e-09	5.11822780339e-11
5.64174632926e-09	5.11772399632e-11
5.64280521559e-09	5.14912097335e-11
5.64386410191e-09	5.16435709301e-11
5.64492298823e-09	5.17068480047e-11
5.64598187455e-09	5.21379710239e-11
5.64704076088e-09	5.23042264881e-11
5.6480996472e-09	5.2231934923e-11
5.64915853352e-09	5.24530887475e-11
5.65021741985e-09	5.21863763141e-11
5.65127630617e-09	5.21423260472e-11
5.65233519249e-09	5.23012982749e-11
5.65339407882e-09	5.2136591485e-11
5.65445296514e-09	5.21958075719e-11
5.65551185146e-09	5.23982714856e-11
5.65657073778e-09	5.21896397626e-11
5.65762962411e-09	5.26634608318e-11
5.65868851043e-09	5.28461853271e-11
5.65974739675e-09	5.28766531428e-11
5.66080628308e-09	5.33993895109e-11
5.6618651694e-09	5.34729643377e-11
5.66292405572e-09	5.33719258025e-11
5.66398294205e-09	5.38226546665e-11
5.66504182837e-09	5.33909132183e-11
5.66610071469e-09	5.34592782368e-11
5.66715960102e-09	5.36179434185e-11
5.66821848734e-09	5.33328450847e-11
5.66927737366e-09	5.35520291306e-11
5.67033625998e-09	5.3496812015e-11
5.67139514631e-09	5.32806030198e-11
5.67245403263e-09	5.37282579538e-11
5.67351291895e-09	5.38782195941e-11
5.67457180528e-09	5.38518565678e-11
5.6756306916e-09	5.4345841629e-11
5.67668957792e-09	5.44078870499e-11
5.67774846425e-09	5.44611591068e-11
5.67880735057e-09	5.47725593179e-11
5.67986623689e-09	5.47299987448e-11
5.68092512322e-09	5.47767608182e-11
5.68198400954e-09	5.49747951155e-11
5.68304289586e-09	5.45150383169e-11
5.68410178218e-09	5.45422825828e-11
5.68516066851e-09	5.46345624991e-11
5.68621955483e-09	5.43849609444e-11
5.68727844115e-09	5.47294687868e-11
5.68833732748e-09	5.48963600272e-11
5.6893962138e-09	5.48353467668e-11
5.69045510012e-09	5.52615449061e-11
5.69151398645e-09	5.54202443485e-11
5.69257287277e-09	5.54413754489e-11
5.69363175909e-09	5.58964723466e-11
5.69469064542e-09	5.59025291336e-11
5.69574953174e-09	5.59482664191e-11
5.69680841806e-09	5.61121695983e-11
5.69786730438e-09	5.57750881071e-11
5.69892619071e-09	5.57620798494e-11
5.69998507703e-09	5.57223902437e-11
5.70104396335e-09	5.55868281092e-11
5.70210284968e-09	5.5804115235e-11
5.703161736e-09	5.57641190169e-11
5.70422062232e-09	5.5822213605e-11
5.70527950865e-09	5.61959068689e-11
5.70633839497e-09	5.62135837011e-11
5.70739728129e-09	5.65209827726e-11
5.70845616761e-09	5.697159541e-11
5.70951505394e-09	5.69295548203e-11
5.71057394026e-09	5.72053121019e-11
5.71163282658e-09	5.71761678801e-11
5.71269171291e-09	5.68738606557e-11
5.71375059923e-09	5.72372691778e-11
5.71480948555e-09	5.70202804244e-11
5.71586837188e-09	5.68074558747e-11
5.7169272582e-09	5.70553747477e-11
5.71798614452e-09	5.66876246465e-11
5.71904503085e-09	5.68485796631e-11
5.72010391717e-09	5.71156399086e-11
5.72116280349e-09	5.70670173443e-11
5.72222168981e-09	5.73089739726e-11
5.72328057614e-09	5.77570057753e-11
5.72433946246e-09	5.78684721669e-11
5.72539834878e-09	5.81429236354e-11
5.72645723511e-09	5.83101253913e-11
5.72751612143e-09	5.80952196072e-11
5.72857500775e-09	5.82233662325e-11
5.72963389408e-09	5.81483797744e-11
5.7306927804e-09	5.79332424047e-11
5.73175166672e-09	5.80629997207e-11
5.73281055305e-09	5.77016884794e-11
5.73386943937e-09	5.76749334055e-11
5.73492832569e-09	5.7900597511e-11
5.73598721201e-09	5.78086419879e-11
5.73704609834e-09	5.79991770756e-11
5.73810498466e-09	5.84764623876e-11
5.73916387098e-09	5.84783580067e-11
5.74022275731e-09	5.89403309145e-11
5.74128164363e-09	5.9188103637e-11
5.74234052995e-09	5.90587075772e-11
5.74339941628e-09	5.9390586199e-11
5.7444583026e-09	5.93210311602e-11
5.74551718892e-09	5.90442464886e-11
5.74657607524e-09	5.92822835092e-11
5.74763496157e-09	5.89159545802e-11
5.74869384789e-09	5.87833436441e-11
5.74975273421e-09	5.90101773869e-11
5.75081162054e-09	5.86991674885e-11
5.75187050686e-09	5.90164505807e-11
5.75292939318e-09	5.91091043299e-11
5.75398827951e-09	5.90866457324e-11
5.75504716583e-09	5.95868450068e-11
5.75610605215e-09	5.98401545329e-11
5.75716493848e-09	5.97524139542e-11
5.7582238248e-09	6.02734637374e-11
5.75928271112e-09	6.00752702792e-11
5.76034159744e-09	6.01814106362e-11
5.76140048377e-09	6.0257908472e-11
5.76245937009e-09	5.99516213583e-11
5.76351825641e-09	5.99603587267e-11
5.76457714274e-09	5.99409211502e-11
5.76563602906e-09	5.96084024154e-11
5.76669491538e-09	5.98435567593e-11
5.76775380171e-09	5.98550983083e-11
5.76881268803e-09	5.98158870525e-11
5.76987157435e-09	6.02760961803e-11
5.77093046068e-09	6.03895249779e-11
5.771989347e-09	6.05953074176e-11
5.77304823332e-09	6.10015896303e-11
5.77410711964e-09	6.09771655911e-11
5.77516600597e-09	6.11805801333e-11
5.77622489229e-09	6.13557130449e-11
5.77728377861e-09	6.10054905897e-11
5.77834266494e-09	6.10691883347e-11
5.77940155126e-09	6.09718313165e-11
5.78046043758e-09	6.06705258949e-11
5.78151932391e-09	6.07867011934e-11
5.78257821023e-09	6.08403631294e-11
5.78363709655e-09	6.06737971497e-11
5.78469598288e-09	6.09526118814e-11
5.7857548692e-09	6.09736861695e-11
5.78681375552e-09	6.1190313233e-11
5.78787264184e-09	6.16026812894e-11
5.78893152817e-09	6.1729952313e-11
5.78999041449e-09	6.18744569469e-11
5.79104930081e-09	6.22040652494e-11
5.79210818714e-09	6.19808761607e-11
5.79316707346e-09	6.20774382419e-11
5.79422595978e-09	6.21162843384e-11
5.79528484611e-09	6.18344477184e-11
5.79634373243e-09	6.19099970942e-11
5.79740261875e-09	6.16913681598e-11
5.79846150507e-09	6.14754792211e-11
5.7995203914e-09	6.17305460221e-11
5.80057927772e-09	6.16677772215e-11
5.80163816404e-09	6.17387699124e-11
5.80269705037e-09	6.21991698598e-11
5.80375593669e-09	6.21772442561e-11
5.80481482301e-09	6.24971146883e-11
5.80587370934e-09	6.27632000191e-11
5.80693259566e-09	6.26451251984e-11
5.80799148198e-09	6.28973839158e-11
5.80905036831e-09	6.28910179143e-11
5.81010925463e-09	6.26354610539e-11
5.81116814095e-09	6.27491864892e-11
5.81222702727e-09	6.24748564514e-11
5.8132859136e-09	6.2368621552e-11
5.81434479992e-09	6.25623073312e-11
5.81540368624e-09	6.24579099377e-11
5.81646257257e-09	6.25190593739e-11
5.81752145889e-09	6.28046009296e-11
5.81858034521e-09	6.28080395852e-11
5.81963923154e-09	6.30710188937e-11
5.82069811786e-09	6.3248175794e-11
5.82175700418e-09	6.32427049098e-11
5.82281589051e-09	6.36665824227e-11
5.82387477683e-09	6.36508623586e-11
5.82493366315e-09	6.34479248654e-11
5.82599254947e-09	6.36739818857e-11
5.8270514358e-09	6.34016090496e-11
5.82811032212e-09	6.32346965589e-11
5.82916920844e-09	6.34147452432e-11
5.83022809477e-09	6.3228778116e-11
5.83128698109e-09	6.3315326506e-11
5.83234586741e-09	6.33987246382e-11
5.83340475374e-09	6.32764157911e-11
5.83446364006e-09	6.35467455566e-11
5.83552252638e-09	6.37704576645e-11
5.83658141271e-09	6.36510410351e-11
5.83764029903e-09	6.41567497912e-11
5.83869918535e-09	6.428854454e-11
5.83975807167e-09	6.41288016613e-11
5.840816958e-09	6.44536069482e-11
5.84187584432e-09	6.42428397805e-11
5.84293473064e-09	6.41960707683e-11
5.84399361697e-09	6.4391869007e-11
5.84505250329e-09	6.41419031604e-11
5.84611138961e-09	6.41491634118e-11
5.84717027594e-09	6.42584267047e-11
5.84822916226e-09	6.4013060911e-11
5.84928804858e-09	6.43378267329e-11
5.8503469349e-09	6.43043483045e-11
5.85140582123e-09	6.4332150284e-11
5.85246470755e-09	6.46474323726e-11
5.85352359387e-09	6.46061650358e-11
5.8545824802e-09	6.46796847852e-11
5.85564136652e-09	6.50142591672e-11
5.85670025284e-09	6.49281318814e-11
5.85775913917e-09	6.49121472719e-11
5.85881802549e-09	6.5102427789e-11
5.85987691181e-09	6.48785539181e-11
5.86093579814e-09	6.50494298184e-11
5.86199468446e-09	6.50990298993e-11
5.86305357078e-09	6.47767495025e-11
5.8641124571e-09	6.49946945222e-11
5.86517134343e-09	6.49176701978e-11
5.86623022975e-09	6.48100080547e-11
5.86728911607e-09	6.50193280292e-11
5.8683480024e-09	6.49242122737e-11
5.86940688872e-09	6.50986690769e-11
5.87046577504e-09	6.53931869592e-11
5.87152466137e-09	6.53790858257e-11
5.87258354769e-09	6.56925750776e-11
5.87364243401e-09	6.57828223317e-11
5.87470132034e-09	6.56107191147e-11
5.87576020666e-09	6.57663537344e-11
5.87681909298e-09	6.56917636607e-11
5.8778779793e-09	6.55399302538e-11
5.87893686563e-09	6.56439091452e-11
5.87999575195e-09	6.54392100403e-11
5.88105463827e-09	6.53555807563e-11
5.8821135246e-09	6.56232004501e-11
5.88317241092e-09	6.54822975357e-11
5.88423129724e-09	6.56196676857e-11
5.88529018357e-09	6.58675228075e-11
5.88634906989e-09	6.57015388275e-11
5.88740795621e-09	6.60704880563e-11
5.88846684253e-09	6.62160677851e-11
5.88952572886e-09	6.6080116639e-11
5.89058461518e-09	6.64224647506e-11
5.8916435015e-09	6.6336068149e-11
5.89270238783e-09	6.62917975722e-11
5.89376127415e-09	6.65582584707e-11
5.89482016047e-09	6.63693479515e-11
5.8958790468e-09	6.63222705921e-11
5.89693793312e-09	6.63739592802e-11
5.89799681944e-09	6.60904404121e-11
5.89905570577e-09	6.61078791535e-11
5.90011459209e-09	6.63192729899e-11
5.90117347841e-09	6.61837446826e-11
5.90223236473e-09	6.64366868811e-11
5.90329125106e-09	6.6550777042e-11
5.90435013738e-09	6.65209692885e-11
5.9054090237e-09	6.69794137688e-11
5.90646791003e-09	6.68566820829e-11
5.90752679635e-09	6.674523087e-11
5.90858568267e-09	6.70782747923e-11
5.909644569e-09	6.68347664538e-11
5.91070345532e-09	6.69221561847e-11
5.91176234164e-09	6.70468155821e-11
5.91282122797e-09	6.67477644337e-11
5.91388011429e-09	6.68239192279e-11
5.91493900061e-09	6.68541944894e-11
5.91599788693e-09	6.66831628977e-11
5.91705677326e-09	6.69492508307e-11
5.91811565958e-09	6.69590871465e-11
5.9191745459e-09	6.67815637859e-11
5.92023343223e-09	6.72009761206e-11
5.92129231855e-09	6.72050566239e-11
5.92235120487e-09	6.72782229233e-11
5.9234100912e-09	6.76507339731e-11
5.92446897752e-09	6.74178230603e-11
5.92552786384e-09	6.74604920536e-11
5.92658675017e-09	6.77059779769e-11
5.92764563649e-09	6.73915081725e-11
5.92870452281e-09	6.75092763809e-11
5.92976340913e-09	6.7487689482e-11
5.93082229546e-09	6.7111722863e-11
5.93188118178e-09	6.74547175929e-11
5.9329400681e-09	6.73652128004e-11
5.93399895443e-09	6.73001437565e-11
5.93505784075e-09	6.75876394782e-11
5.93611672707e-09	6.74711345822e-11
5.9371756134e-09	6.76037802128e-11
5.93823449972e-09	6.79612156482e-11
5.93929338604e-09	6.77993269166e-11
5.94035227236e-09	6.80453484357e-11
5.94141115869e-09	6.81530942792e-11
5.94247004501e-09	6.79854054997e-11
5.94352893133e-09	6.81456410398e-11
5.94458781766e-09	6.80393029244e-11
5.94564670398e-09	6.77151151991e-11
5.9467055903e-09	6.79576902564e-11
5.94776447663e-09	6.77709958465e-11
5.94882336295e-09	6.76494324968e-11
5.94988224927e-09	6.79826485904e-11
5.9509411356e-09	6.77517321759e-11
5.95200002192e-09	6.78975712459e-11
5.95305890824e-09	6.8242802468e-11
5.95411779456e-09	6.8136039779e-11
5.95517668089e-09	6.84004970719e-11
5.95623556721e-09	6.85804208561e-11
5.95729445353e-09	6.83843303165e-11
5.95835333986e-09	6.86662996428e-11
5.95941222618e-09	6.85666887851e-11
5.9604711125e-09	6.83753327395e-11
5.96152999883e-09	6.85568346884e-11
5.96258888515e-09	6.83162033888e-11
5.96364777147e-09	6.81519107641e-11
5.9647066578e-09	6.82937725469e-11
5.96576554412e-09	6.81021779768e-11
5.96682443044e-09	6.81472083625e-11
5.96788331676e-09	6.8353016823e-11
5.96894220309e-09	6.82905537674e-11
5.97000108941e-09	6.86143511799e-11
5.97105997573e-09	6.87433751416e-11
5.97211886206e-09	6.86888376039e-11
5.97317774838e-09	6.90304497591e-11
5.9742366347e-09	6.8912219247e-11
5.97529552103e-09	6.88628212613e-11
5.97635440735e-09	6.91262815218e-11
5.97741329367e-09	6.88547448224e-11
5.97847218e-09	6.873245419e-11
5.97953106632e-09	6.88205031157e-11
5.98058995264e-09	6.85502119478e-11
5.98164883896e-09	6.86078008641e-11
5.98270772529e-09	6.87476642454e-11
5.98376661161e-09	6.85490700661e-11
5.98482549793e-09	6.8839158332e-11
5.98588438426e-09	6.89926410273e-11
5.98694327058e-09	6.89059265375e-11
5.9880021569e-09	6.9365129092e-11
5.98906104323e-09	6.93014608373e-11
5.99011992955e-09	6.92732295138e-11
5.99117881587e-09	6.96483660675e-11
5.99223770219e-09	6.93717058624e-11
5.99329658852e-09	6.93959581639e-11
5.99435547484e-09	6.94835643016e-11
5.99541436116e-09	6.90164136778e-11
5.99647324749e-09	6.91494045184e-11
5.99753213381e-09	6.90669630862e-11
5.99859102013e-09	6.87349413497e-11
5.99964990646e-09	6.915055464e-11
6.00070879278e-09	6.91795253895e-11
6.0017676791e-09	6.91843049863e-11
6.00282656543e-09	6.96173349003e-11
6.00388545175e-09	6.96227034358e-11
6.00494433807e-09	6.96082093875e-11
6.00600322439e-09	6.99637734899e-11
6.00706211072e-09	6.97738295093e-11
6.00812099704e-09	6.9788212969e-11
6.00917988336e-09	6.99181446247e-11
6.01023876969e-09	6.95842996938e-11
6.01129765601e-09	6.96705015728e-11
6.01235654233e-09	6.96730529173e-11
6.01341542866e-09	6.92989337789e-11
6.01447431498e-09	6.95187874281e-11
6.0155332013e-09	6.94973484143e-11
6.01659208763e-09	6.93421687258e-11
6.01765097395e-09	6.9641957999e-11
6.01870986027e-09	6.950869871e-11
6.01976874659e-09	6.97005517539e-11
6.02082763292e-09	7.00581064515e-11
6.02188651924e-09	7.00331051831e-11
6.02294540556e-09	7.02488405988e-11
6.02400429189e-09	7.03415494255e-11
6.02506317821e-09	7.00214738622e-11
6.02612206453e-09	7.02009795781e-11
6.02718095086e-09	7.01038632527e-11
6.02823983718e-09	6.97721763178e-11
6.0292987235e-09	6.98365944067e-11
6.03035760982e-09	6.9738165763e-11
6.03141649615e-09	6.96495365722e-11
6.03247538247e-09	6.98514544817e-11
6.03353426879e-09	6.95953997557e-11
6.03459315512e-09	6.98685818402e-11
6.03565204144e-09	7.0141129016e-11
6.03671092776e-09	7.00277609338e-11
6.03776981409e-09	7.05139588213e-11
6.03882870041e-09	7.06116606158e-11
6.03988758673e-09	7.03046666023e-11
6.04094647306e-09	7.06083073954e-11
6.04200535938e-09	7.04457386522e-11
6.0430642457e-09	7.02744720055e-11
6.04412313202e-09	7.05523100879e-11
6.04518201835e-09	7.0110214509e-11
6.04624090467e-09	6.99642050024e-11
6.04729979099e-09	7.0048522538e-11
6.04835867732e-09	6.98261023654e-11
6.04941756364e-09	7.0052096502e-11
6.05047644996e-09	7.03235282506e-11
6.05153533629e-09	7.01329797188e-11
6.05259422261e-09	7.04389003722e-11
6.05365310893e-09	7.06209045236e-11
6.05471199526e-09	7.04298043497e-11
6.05577088158e-09	7.09138824051e-11
6.0568297679e-09	7.08551663522e-11
6.05788865422e-09	7.0693095041e-11
6.05894754055e-09	7.08743233373e-11
6.06000642687e-09	7.04503989868e-11
6.06106531319e-09	7.03349266849e-11
6.06212419952e-09	7.03519946292e-11
6.06318308584e-09	7.0091100892e-11
6.06424197216e-09	7.01439423038e-11
6.06530085849e-09	7.03546140617e-11
6.06635974481e-09	7.01697875152e-11
6.06741863113e-09	7.0504188425e-11
6.06847751746e-09	7.07638834682e-11
6.06953640378e-09	7.07093706503e-11
6.0705952901e-09	7.10025341473e-11
6.07165417642e-09	7.09985078541e-11
6.07271306275e-09	7.09472177188e-11
6.07377194907e-09	7.11421949996e-11
6.07483083539e-09	7.07611417378e-11
6.07588972172e-09	7.07324129823e-11
6.07694860804e-09	7.0923956378e-11
6.07800749436e-09	7.03869783639e-11
6.07906638069e-09	7.05224442211e-11
6.08012526701e-09	7.05626026359e-11
6.08118415333e-09	7.03940287138e-11
6.08224303965e-09	7.06630956006e-11
6.08330192598e-09	7.06730798015e-11
6.0843608123e-09	7.05930049659e-11
6.08541969862e-09	7.11318781654e-11
6.08647858495e-09	7.0985130534e-11
6.08753747127e-09	7.11274650289e-11
6.08859635759e-09	7.13804757489e-11
6.08965524392e-09	7.10193149948e-11
6.09071413024e-09	7.11209810662e-11
6.09177301656e-09	7.11294135571e-11
6.09283190289e-09	7.06976773131e-11
6.09389078921e-09	7.08980083843e-11
6.09494967553e-09	7.07569406712e-11
6.09600856185e-09	7.04452815525e-11
6.09706744818e-09	7.07944414896e-11
6.0981263345e-09	7.07087361752e-11
6.09918522082e-09	7.0665539826e-11
6.10024410715e-09	7.12016331311e-11
6.10130299347e-09	7.10787544274e-11
6.10236187979e-09	7.11705785451e-11
6.10342076612e-09	7.1507619704e-11
6.10447965244e-09	7.11894957046e-11
6.10553853876e-09	7.14005039988e-11
6.10659742509e-09	7.13451086404e-11
6.10765631141e-09	7.09882395922e-11
6.10871519773e-09	7.11050758204e-11
6.10977408405e-09	7.10340258836e-11
6.11083297038e-09	7.07285102881e-11
6.1118918567e-09	7.10877645811e-11
6.11295074302e-09	7.09015450517e-11
6.11400962935e-09	7.07634927218e-11
6.11506851567e-09	7.11745523629e-11
6.11612740199e-09	7.09221813222e-11
6.11718628832e-09	7.10832915966e-11
6.11824517464e-09	7.14254337099e-11
6.11930406096e-09	7.12056824094e-11
6.12036294729e-09	7.14995263516e-11
6.12142183361e-09	7.1604082906e-11
6.12248071993e-09	7.13105386373e-11
6.12353960625e-09	7.14527664467e-11
6.12459849258e-09	7.12314833853e-11
6.1256573789e-09	7.10241657154e-11
6.12671626522e-09	7.11836319056e-11
6.12777515155e-09	7.10013528006e-11
6.12883403787e-09	7.08474962724e-11
6.12989292419e-09	7.1097806028e-11
6.13095181052e-09	7.08719458987e-11
6.13201069684e-09	7.10858650589e-11
6.13306958316e-09	7.13232966611e-11
6.13412846948e-09	7.12479172882e-11
6.13518735581e-09	7.1573067785e-11
6.13624624213e-09	7.16616826643e-11
6.13730512845e-09	7.13840722644e-11
6.13836401478e-09	7.16416466082e-11
6.1394229011e-09	7.14411737233e-11
6.14048178742e-09	7.11875246251e-11
6.14154067375e-09	7.15207936278e-11
6.14259956007e-09	7.11220856514e-11
6.14365844639e-09	7.10349561291e-11
6.14471733272e-09	7.12365375022e-11
6.14577621904e-09	7.08596180864e-11
6.14683510536e-09	7.12086314393e-11
6.14789399168e-09	7.13871787204e-11
6.14895287801e-09	7.12111584977e-11
6.15001176433e-09	7.15818788792e-11
6.15107065065e-09	7.15769518309e-11
6.15212953698e-09	7.14890048201e-11
6.1531884233e-09	7.17462660463e-11
6.15424730962e-09	7.15991918532e-11
6.15530619595e-09	7.14968344945e-11
6.15636508227e-09	7.16800199925e-11
6.15742396859e-09	7.13317191772e-11
6.15848285492e-09	7.13059849881e-11
6.15954174124e-09	7.13543256599e-11
6.16060062756e-09	7.09103799984e-11
6.16165951388e-09	7.12647081104e-11
6.16271840021e-09	7.13424449725e-11
6.16377728653e-09	7.11403822136e-11
6.16483617285e-09	7.15379630534e-11
6.16589505918e-09	7.15505875035e-11
6.1669539455e-09	7.15223644199e-11
6.16801283182e-09	7.17421903135e-11
6.16907171815e-09	7.15660898598e-11
6.17013060447e-09	7.15530603518e-11
6.17118949079e-09	7.17049119733e-11
6.17224837711e-09	7.14072854666e-11
6.17330726344e-09	7.14808694006e-11
6.17436614976e-09	7.15371399271e-11
6.17542503608e-09	7.11048503063e-11
6.17648392241e-09	7.13644911395e-11
6.17754280873e-09	7.14022408907e-11
6.17860169505e-09	7.11524541543e-11
6.17966058138e-09	7.14691365984e-11
6.1807194677e-09	7.14292722193e-11
6.18177835402e-09	7.14506743701e-11
6.18283724035e-09	7.17745858407e-11
6.18389612667e-09	7.14758933464e-11
6.18495501299e-09	7.15522667158e-11
6.18601389931e-09	7.18510168897e-11
6.18707278564e-09	7.14181522081e-11
6.18813167196e-09	7.1497635503e-11
6.18919055828e-09	7.15796094272e-11
6.19024944461e-09	7.1315936663e-11
6.19130833093e-09	7.15197076909e-11
6.19236721725e-09	7.13796226987e-11
6.19342610358e-09	7.11950082222e-11
6.1944849899e-09	7.14078462159e-11
6.19554387622e-09	7.13139985432e-11
6.19660276255e-09	7.14075196542e-11
6.19766164887e-09	7.17495776334e-11
6.19872053519e-09	7.14272035615e-11
6.19977942151e-09	7.14943560083e-11
6.20083830784e-09	7.17900756203e-11
6.20189719416e-09	7.14699033462e-11
6.20295608048e-09	7.16424155243e-11
6.20401496681e-09	7.16032545756e-11
6.20507385313e-09	7.13152093802e-11
6.20613273945e-09	7.15453646848e-11
6.20719162578e-09	7.13013858025e-11
6.2082505121e-09	7.12026609548e-11
6.20930939842e-09	7.15005350933e-11
6.21036828475e-09	7.12580628184e-11
6.21142717107e-09	7.12396999031e-11
6.21248605739e-09	7.15288488162e-11
6.21354494371e-09	7.14148978669e-11
6.21460383004e-09	7.15300934803e-11
6.21566271636e-09	7.16242364897e-11
6.21672160268e-09	7.14742054604e-11
6.21778048901e-09	7.15795964168e-11
6.21883937533e-09	7.15424650945e-11
6.21989826165e-09	7.13422311678e-11
6.22095714798e-09	7.16105282711e-11
6.2220160343e-09	7.14674131506e-11
6.22307492062e-09	7.12457631953e-11
6.22413380694e-09	7.14736408079e-11
6.22519269327e-09	7.12307357195e-11
6.22625157959e-09	7.12721808654e-11
6.22731046591e-09	7.14731928156e-11
6.22836935224e-09	7.12348136207e-11
6.22942823856e-09	7.15697102277e-11
6.23048712488e-09	7.15702987326e-11
6.23154601121e-09	7.13137019055e-11
6.23260489753e-09	7.16323601997e-11
6.23366378385e-09	7.14862405382e-11
6.23472267018e-09	7.13078875461e-11
6.2357815565e-09	7.16090949558e-11
6.23684044282e-09	7.12645094846e-11
6.23789932914e-09	7.11903678369e-11
6.23895821547e-09	7.14188643121e-11
6.24001710179e-09	7.1149584488e-11
6.24107598811e-09	7.13228885674e-11
6.24213487444e-09	7.14030709559e-11
6.24319376076e-09	7.11132455006e-11
6.24425264708e-09	7.13815131136e-11
6.24531153341e-09	7.14936638536e-11
6.24637041973e-09	7.12685570281e-11
6.24742930605e-09	7.15966565548e-11
6.24848819238e-09	7.14170307094e-11
6.2495470787e-09	7.13200609681e-11
6.25060596502e-09	7.15060393709e-11
6.25166485134e-09	7.12420031822e-11
6.25272373767e-09	7.12144696512e-11
6.25378262399e-09	7.12638628664e-11
6.25484151031e-09	7.09937135121e-11
6.25590039664e-09	7.12199461732e-11
6.25695928296e-09	7.1329290998e-11
6.25801816928e-09	7.1045368373e-11
6.25907705561e-09	7.14202824485e-11
6.26013594193e-09	7.13281569226e-11
6.26119482825e-09	7.11348406394e-11
6.26225371458e-09	7.14806803158e-11
6.2633126009e-09	7.13123544591e-11
6.26437148722e-09	7.11705711726e-11
6.26543037354e-09	7.14052545391e-11
6.26648925987e-09	7.10566215242e-11
6.26754814619e-09	7.11881712433e-11
6.26860703251e-09	7.12549476888e-11
6.26966591884e-09	7.08757891786e-11
6.27072480516e-09	7.11521332304e-11
6.27178369148e-09	7.12099797531e-11
6.27284257781e-09	7.09430921127e-11
6.27390146413e-09	7.12911890979e-11
6.27496035045e-09	7.11737110221e-11
6.27601923677e-09	7.10457925129e-11
6.2770781231e-09	7.14150678698e-11
6.27813700942e-09	7.12072787887e-11
6.27919589574e-09	7.11063911744e-11
6.28025478207e-09	7.13357719249e-11
6.28131366839e-09	7.09302694704e-11
6.28237255471e-09	7.09802780788e-11
6.28343144104e-09	7.11736897717e-11
6.28449032736e-09	7.08876919837e-11
6.28554921368e-09	7.10520548647e-11
6.28660810001e-09	7.10603394703e-11
6.28766698633e-09	7.0695659396e-11
6.28872587265e-09	7.11431196072e-11
6.28978475897e-09	7.10208085918e-11
6.2908436453e-09	7.08886309028e-11
6.29190253162e-09	7.11862448328e-11
6.29296141794e-09	7.0944396191e-11
6.29402030427e-09	7.09619411843e-11
6.29507919059e-09	7.11671247107e-11
6.29613807691e-09	7.08665339952e-11
6.29719696324e-09	7.09521946404e-11
6.29825584956e-09	7.10031890054e-11
6.29931473588e-09	7.06596105411e-11
6.30037362221e-09	7.08472204514e-11
6.30143250853e-09	7.08524549795e-11
6.30249139485e-09	7.0536974265e-11
6.30355028117e-09	7.09123810019e-11
6.3046091675e-09	7.08009124419e-11
6.30566805382e-09	7.07726481586e-11
6.30672694014e-09	7.09957388018e-11
6.30778582647e-09	7.08305259063e-11
6.30884471279e-09	7.07757819365e-11
6.30990359911e-09	7.09313159424e-11
6.31096248544e-09	7.0605558726e-11
6.31202137176e-09	7.08309630566e-11
6.31308025808e-09	7.08995045832e-11
6.3141391444e-09	7.05128182406e-11
6.31519803073e-09	7.06192543679e-11
6.31625691705e-09	7.06535650298e-11
6.31731580337e-09	7.04944566263e-11
6.3183746897e-09	7.07497424361e-11
6.31943357602e-09	7.05432938626e-11
6.32049246234e-09	7.05324015339e-11
6.32155134867e-09	7.08271436292e-11
6.32261023499e-09	7.05770524488e-11
6.32366912131e-09	7.06351691547e-11
6.32472800764e-09	7.07954233431e-11
6.32578689396e-09	7.04138379548e-11
6.32684578028e-09	7.05570137906e-11
6.3279046666e-09	7.06595810508e-11
6.32896355293e-09	7.03440136002e-11
6.33002243925e-09	7.06357281693e-11
6.33108132557e-09	7.04803129921e-11
6.3321402119e-09	7.02481987511e-11
6.33319909822e-09	7.05270464425e-11
6.33425798454e-09	7.01747605338e-11
6.33531687087e-09	7.0227939783e-11
6.33637575719e-09	7.04858272443e-11
6.33743464351e-09	7.0226323888e-11
6.33849352984e-09	7.03432269031e-11
6.33955241616e-09	7.05022364274e-11
6.34061130248e-09	7.02419754306e-11
6.3416701888e-09	7.04323925571e-11
6.34272907513e-09	7.04766774454e-11
6.34378796145e-09	7.0179451226e-11
6.34484684777e-09	7.04155960971e-11
6.3459057341e-09	7.02350339346e-11
6.34696462042e-09	7.00768731238e-11
6.34802350674e-09	7.02910325431e-11
6.34908239307e-09	6.99562868571e-11
6.35014127939e-09	7.00356808138e-11
6.35120016571e-09	7.02128502908e-11
6.35225905204e-09	6.98341007417e-11
6.35331793836e-09	7.00808183186e-11
6.35437682468e-09	7.03367268942e-11
6.355435711e-09	6.99934259857e-11
6.35649459733e-09	7.03133458575e-11
6.35755348365e-09	7.01414343274e-11
6.35861236997e-09	6.99852628107e-11
6.3596712563e-09	7.01907520821e-11
6.36073014262e-09	7.00150792378e-11
6.36178902894e-09	6.98197927425e-11
6.36284791527e-09	7.0035064987e-11
6.36390680159e-09	6.96548196726e-11
6.36496568791e-09	6.970064673e-11
6.36602457423e-09	6.98644202386e-11
6.36708346056e-09	6.95750345357e-11
6.36814234688e-09	6.97883877424e-11
6.3692012332e-09	6.98501478012e-11
6.37026011953e-09	6.9612633366e-11
6.37131900585e-09	6.98866281686e-11
6.37237789217e-09	6.97767902486e-11
6.3734367785e-09	6.96995512521e-11
6.37449566482e-09	6.99722055471e-11
6.37555455114e-09	6.96276088001e-11
6.37661343747e-09	6.96437170086e-11
6.37767232379e-09	6.9900189803e-11
6.37873121011e-09	6.93549349895e-11
6.37979009643e-09	6.94706410453e-11
6.38084898276e-09	6.95328968014e-11
6.38190786908e-09	6.91839081683e-11
6.3829667554e-09	6.94739548009e-11
6.38402564173e-09	6.94754804902e-11
6.38508452805e-09	6.92301597993e-11
6.38614341437e-09	6.96028703423e-11
6.3872023007e-09	6.94168503061e-11
6.38826118702e-09	6.92964539917e-11
6.38932007334e-09	6.9705237242e-11
6.39037895967e-09	6.93349704907e-11
6.39143784599e-09	6.9412806232e-11
6.39249673231e-09	6.95118910349e-11
6.39355561863e-09	6.91513547812e-11
6.39461450496e-09	6.92792815303e-11
6.39567339128e-09	6.92378173024e-11
6.3967322776e-09	6.89240444232e-11
6.39779116393e-09	6.91748169163e-11
6.39885005025e-09	6.90875468813e-11
6.39990893657e-09	6.88403670006e-11
6.4009678229e-09	6.92267979052e-11
6.40202670922e-09	6.90568865112e-11
6.40308559554e-09	6.89754650965e-11
6.40414448187e-09	6.93315309677e-11
6.40520336819e-09	6.91166663833e-11
6.40626225451e-09	6.90247511925e-11
6.40732114083e-09	6.91478267874e-11
6.40838002716e-09	6.88410001747e-11
6.40943891348e-09	6.89861761466e-11
6.4104977998e-09	6.88853345025e-11
6.41155668613e-09	6.85927573421e-11
6.41261557245e-09	6.87941808554e-11
6.41367445877e-09	6.86732940479e-11
6.4147333451e-09	6.84939140995e-11
6.41579223142e-09	6.87750377482e-11
6.41685111774e-09	6.84514966411e-11
6.41791000406e-09	6.85553809901e-11
6.41896889039e-09	6.87488152344e-11
6.42002777671e-09	6.84889228664e-11
6.42108666303e-09	6.87664881635e-11
6.42214554936e-09	6.87815876303e-11
6.42320443568e-09	6.8458304997e-11
6.424263322e-09	6.87043000616e-11
6.42532220833e-09	6.84606494758e-11
6.42638109465e-09	6.82609407367e-11
6.42743998097e-09	6.8572794578e-11
6.4284988673e-09	6.82435102352e-11
6.42955775362e-09	6.81575160894e-11
6.43061663994e-09	6.83802068788e-11
6.43167552626e-09	6.80858516268e-11
6.43273441259e-09	6.80887273646e-11
6.43379329891e-09	6.83511459237e-11
6.43485218523e-09	6.79617616524e-11
6.43591107156e-09	6.82073971955e-11
6.43696995788e-09	6.83106440337e-11
6.4380288442e-09	6.80321098935e-11
6.43908773053e-09	6.83954815527e-11
6.44014661685e-09	6.80986361051e-11
6.44120550317e-09	6.79923430925e-11
6.4422643895e-09	6.81802778298e-11
6.44332327582e-09	6.77720206343e-11
6.44438216214e-09	6.77700404475e-11
6.44544104846e-09	6.79013594483e-11
6.44649993479e-09	6.74575902949e-11
6.44755882111e-09	6.75370831309e-11
6.44861770743e-09	6.77454971461e-11
6.44967659376e-09	6.74267920144e-11
6.45073548008e-09	6.77864149361e-11
6.4517943664e-09	6.76727168226e-11
6.45285325273e-09	6.74761353563e-11
6.45391213905e-09	6.77477379751e-11
6.45497102537e-09	6.75780039566e-11
6.45602991169e-09	6.75161888203e-11
6.45708879802e-09	6.77323336307e-11
6.45814768434e-09	6.74025479527e-11
6.45920657066e-09	6.73991604715e-11
6.46026545699e-09	6.74646315375e-11
6.46132434331e-09	6.70799886991e-11
6.46238322963e-09	6.73098477996e-11
6.46344211596e-09	6.73189377506e-11
6.46450100228e-09	6.70160775831e-11
6.4655598886e-09	6.72181108517e-11
6.46661877493e-09	6.71103823555e-11
6.46767766125e-09	6.69708203824e-11
6.46873654757e-09	6.73340250744e-11
6.46979543389e-09	6.69998904447e-11
6.47085432022e-09	6.70126879335e-11
6.47191320654e-09	6.71825511889e-11
6.47297209286e-09	6.690226758e-11
6.47403097919e-09	6.69859723246e-11
6.47508986551e-09	6.70872424453e-11
6.47614875183e-09	6.66763033674e-11
6.47720763816e-09	6.6856247101e-11
6.47826652448e-09	6.67816938901e-11
6.4793254108e-09	6.64880524769e-11
6.48038429713e-09	6.67573062801e-11
6.48144318345e-09	6.66083108808e-11
6.48250206977e-09	6.64954671187e-11
6.48356095609e-09	6.68514909229e-11
6.48461984242e-09	6.64417366611e-11
6.48567872874e-09	6.65359260743e-11
6.48673761506e-09	6.67185369452e-11
6.48779650139e-09	6.63552420475e-11
6.48885538771e-09	6.64997900496e-11
6.48991427403e-09	6.65638143563e-11
6.49097316036e-09	6.62873688231e-11
6.49203204668e-09	6.65207220904e-11
6.493090933e-09	6.62424221379e-11
6.49414981933e-09	6.60593134014e-11
6.49520870565e-09	6.63556479728e-11
6.49626759197e-09	6.60100585304e-11
6.49732647829e-09	6.60412961297e-11
6.49838536462e-09	6.61516366858e-11
6.49944425094e-09	6.58950333535e-11
6.50050313726e-09	6.60129637585e-11
6.50156202359e-09	6.60451810429e-11
6.50262090991e-09	6.57826432215e-11
6.50367979623e-09	6.59883163737e-11
6.50473868256e-09	6.60029821596e-11
6.50579756888e-09	6.58216914133e-11
6.5068564552e-09	6.60889433457e-11
6.50791534152e-09	6.58429751693e-11
6.50897422785e-09	6.55670825793e-11
6.51003311417e-09	6.58005087049e-11
6.51109200049e-09	6.55722720046e-11
6.51215088682e-09	6.54955165623e-11
6.51320977314e-09	6.55985808208e-11
6.51426865946e-09	6.5200501248e-11
6.51532754579e-09	6.54353268618e-11
6.51638643211e-09	6.54807484277e-11
6.51744531843e-09	6.51756248797e-11
6.51850420476e-09	6.53448952934e-11
6.51956309108e-09	6.53331473123e-11
6.5206219774e-09	6.51258699746e-11
6.52168086372e-09	6.53720263685e-11
6.52273975005e-09	6.52644453238e-11
6.52379863637e-09	6.5164356116e-11
6.52485752269e-09	6.52209332548e-11
6.52591640902e-09	6.50295329738e-11
6.52697529534e-09	6.4913228872e-11
6.52803418166e-09	6.49428831025e-11
6.52909306799e-09	6.46496259304e-11
6.53015195431e-09	6.47301556973e-11
6.53121084063e-09	6.47599200827e-11
6.53226972696e-09	6.44731043727e-11
6.53332861328e-09	6.47380998635e-11
6.5343874996e-09	6.47512833282e-11
6.53544638592e-09	6.45812674172e-11
6.53650527225e-09	6.47910982678e-11
6.53756415857e-09	6.46013611529e-11
6.53862304489e-09	6.45537178399e-11
6.53968193122e-09	6.47304054975e-11
6.54074081754e-09	6.43368288332e-11
6.54179970386e-09	6.44526819069e-11
6.54285859019e-09	6.4499326019e-11
6.54391747651e-09	6.40728889216e-11
6.54497636283e-09	6.4320190233e-11
6.54603524916e-09	6.42353188869e-11
6.54709413548e-09	6.39218530538e-11
6.5481530218e-09	6.409229137e-11
6.54921190812e-09	6.38813828224e-11
6.55027079445e-09	6.38869799077e-11
6.55132968077e-09	6.40777713008e-11
6.55238856709e-09	6.38548727783e-11
6.55344745342e-09	6.38474672437e-11
6.55450633974e-09	6.40038013908e-11
6.55556522606e-09	6.37417722771e-11
6.55662411239e-09	6.38628021993e-11
6.55768299871e-09	6.39102429832e-11
6.55874188503e-09	6.34678832927e-11
6.55980077135e-09	6.36453849692e-11
6.56085965768e-09	6.35896851668e-11
6.561918544e-09	6.32709357996e-11
6.56297743032e-09	6.35337949785e-11
6.56403631665e-09	6.33128167948e-11
6.56509520297e-09	6.31524945185e-11
6.56615408929e-09	6.34452976267e-11
6.56721297562e-09	6.31311261948e-11
6.56827186194e-09	6.32133603275e-11
6.56933074826e-09	6.33633154626e-11
6.57038963459e-09	6.30520271411e-11
6.57144852091e-09	6.31787812171e-11
6.57250740723e-09	6.32925899191e-11
6.57356629355e-09	6.29371546199e-11
6.57462517988e-09	6.31405622231e-11
6.5756840662e-09	6.29332428184e-11
6.57674295252e-09	6.26656942483e-11
6.57780183885e-09	6.29349133571e-11
6.57886072517e-09	6.25327025404e-11
6.57991961149e-09	6.26414189617e-11
6.58097849782e-09	6.27808872597e-11
6.58203738414e-09	6.24055763662e-11
6.58309627046e-09	6.25251660342e-11
6.58415515679e-09	6.25230978102e-11
6.58521404311e-09	6.22785009327e-11
6.58627292943e-09	6.25418042008e-11
6.58733181575e-09	6.24215696493e-11
6.58839070208e-09	6.21687905149e-11
6.5894495884e-09	6.24796833194e-11
6.59050847472e-09	6.21701232162e-11
6.59156736105e-09	6.21375793701e-11
6.59262624737e-09	6.23777487996e-11
6.59368513369e-09	6.19104221014e-11
6.59474402002e-09	6.18397351555e-11
6.59580290634e-09	6.19560670129e-11
6.59686179266e-09	6.15672044596e-11
6.59792067898e-09	6.1854916588e-11
6.59897956531e-09	6.16182369885e-11
6.60003845163e-09	6.13676930453e-11
6.60109733795e-09	6.17179540981e-11
6.60215622428e-09	6.16133242516e-11
6.6032151106e-09	6.1394760803e-11
6.60427399692e-09	6.18240883835e-11
6.60533288325e-09	6.13733812035e-11
6.60639176957e-09	6.12402745702e-11
6.60745065589e-09	6.15052748315e-11
6.60850954222e-09	6.11194207224e-11
6.60956842854e-09	6.12118576312e-11
6.61062731486e-09	6.12384500748e-11
6.61168620118e-09	6.07570911984e-11
6.61274508751e-09	6.10017097599e-11
6.61380397383e-09	6.09549329414e-11
6.61486286015e-09	6.07887147737e-11
6.61592174648e-09	6.10522162339e-11
6.6169806328e-09	6.07060157351e-11
6.61803951912e-09	6.06495353071e-11
6.61909840545e-09	6.09135472097e-11
6.62015729177e-09	6.0537993455e-11
6.62121617809e-09	6.06098248847e-11
6.62227506442e-09	6.0833336632e-11
6.62333395074e-09	6.04859443781e-11
6.62439283706e-09	6.07554618594e-11
6.62545172338e-09	6.06775510913e-11
6.62651060971e-09	6.02460269172e-11
6.62756949603e-09	6.04118586753e-11
6.62862838235e-09	6.01106889958e-11
6.62968726868e-09	5.98184327592e-11
6.630746155e-09	6.01300801685e-11
6.63180504132e-09	5.99070250872e-11
6.63286392765e-09	5.99396933997e-11
6.63392281397e-09	6.0199698091e-11
6.63498170029e-09	5.98368667983e-11
6.63604058662e-09	5.99463916007e-11
6.63709947294e-09	6.00851529989e-11
6.63815835926e-09	5.96815227447e-11
6.63921724558e-09	5.98903283737e-11
6.64027613191e-09	5.97895960172e-11
6.64133501823e-09	5.9435341631e-11
6.64239390455e-09	5.97055330523e-11
6.64345279088e-09	5.95002493456e-11
6.6445116772e-09	5.92004193063e-11
6.64557056352e-09	5.9406771169e-11
6.64662944985e-09	5.89413895295e-11
6.64768833617e-09	5.898716628e-11
6.64874722249e-09	5.91658909366e-11
6.64980610881e-09	5.88284564292e-11
6.65086499514e-09	5.9080088044e-11
6.65192388146e-09	5.90983399371e-11
6.65298276778e-09	5.87043287245e-11
6.65404165411e-09	5.89664051094e-11
6.65510054043e-09	5.88823083174e-11
6.65615942675e-09	5.86862611458e-11
6.65721831308e-09	5.89568298695e-11
6.6582771994e-09	5.85641262048e-11
6.65933608572e-09	5.82385559049e-11
6.66039497205e-09	5.8502276374e-11
6.66145385837e-09	5.8090286921e-11
6.66251274469e-09	5.82061916027e-11
6.66357163101e-09	5.8417277092e-11
6.66463051734e-09	5.78838418169e-11
6.66568940366e-09	5.82250493479e-11
6.66674828998e-09	5.82571018336e-11
6.66780717631e-09	5.7816266965e-11
6.66886606263e-09	5.81611195836e-11
6.66992494895e-09	5.80627798445e-11
6.67098383528e-09	5.77739605288e-11
6.6720427216e-09	5.80640141003e-11
6.67310160792e-09	5.76689568495e-11
6.67416049425e-09	5.754471075e-11
6.67521938057e-09	5.77911919708e-11
6.67627826689e-09	5.73186736789e-11
6.67733715321e-09	5.74220679686e-11
6.67839603954e-09	5.75565727891e-11
6.67945492586e-09	5.70600229392e-11
6.68051381218e-09	5.72981414919e-11
6.68157269851e-09	5.72673605585e-11
6.68263158483e-09	5.69210941402e-11
6.68369047115e-09	5.73099020497e-11
6.68474935748e-09	5.70968255315e-11
6.6858082438e-09	5.69675721526e-11
6.68686713012e-09	5.72677005643e-11
6.68792601645e-09	5.69139908813e-11
6.68898490277e-09	5.68392234321e-11
6.69004378909e-09	5.70977670526e-11
6.69110267541e-09	5.65724836768e-11
6.69216156174e-09	5.66192544238e-11
6.69322044806e-09	5.66790126118e-11
6.69427933438e-09	5.62290877922e-11
6.69533822071e-09	5.6518818705e-11
6.69639710703e-09	5.62320567714e-11
6.69745599335e-09	5.59156427757e-11
6.69851487968e-09	5.63472402418e-11
6.699573766e-09	5.61262100164e-11
6.70063265232e-09	5.60955023751e-11
6.70169153864e-09	5.62615227843e-11
6.70275042497e-09	5.58590456876e-11
6.70380931129e-09	5.60338537722e-11
6.70486819761e-09	5.61311995148e-11
6.70592708394e-09	5.56142415106e-11
6.70698597026e-09	5.58072858758e-11
6.70804485658e-09	5.56468083418e-11
6.70910374291e-09	5.52909914034e-11
6.71016262923e-09	5.54941492065e-11
6.71122151555e-09	5.52348201899e-11
6.71228040188e-09	5.50194004939e-11
6.7133392882e-09	5.53508723231e-11
6.71439817452e-09	5.50438609623e-11
6.71545706084e-09	5.51811131511e-11
6.71651594717e-09	5.53199304941e-11
6.71757483349e-09	5.49234342902e-11
6.71863371981e-09	5.51004359327e-11
6.71969260614e-09	5.5071710213e-11
6.72075149246e-09	5.47372039188e-11
6.72181037878e-09	5.4941301942e-11
6.72286926511e-09	5.47570881866e-11
6.72392815143e-09	5.44255565095e-11
6.72498703775e-09	5.4736642302e-11
6.72604592408e-09	5.42930470547e-11
6.7271048104e-09	5.42600213892e-11
6.72816369672e-09	5.44883326827e-11
6.72922258304e-09	5.40463494271e-11
6.73028146937e-09	5.4161824331e-11
6.73134035569e-09	5.43268724278e-11
6.73239924201e-09	5.38975530873e-11
6.73345812834e-09	5.41612683522e-11
6.73451701466e-09	5.404453534e-11
6.73557590098e-09	5.38657625448e-11
6.73663478731e-09	5.41717712355e-11
6.73769367363e-09	5.38220735341e-11
6.73875255995e-09	5.34657288061e-11
6.73981144627e-09	5.38504822331e-11
6.7408703326e-09	5.33561693092e-11
6.74192921892e-09	5.33612581205e-11
6.74298810524e-09	5.34890530306e-11
6.74404699157e-09	5.29100387635e-11
6.74510587789e-09	5.31913818547e-11
6.74616476421e-09	5.32624873026e-11
6.74722365054e-09	5.28603862071e-11
6.74828253686e-09	5.31766267305e-11
6.74934142318e-09	5.30580553451e-11
6.75040030951e-09	5.26971834225e-11
6.75145919583e-09	5.31129936039e-11
6.75251808215e-09	5.27774538482e-11
6.75357696847e-09	5.24994743858e-11
6.7546358548e-09	5.28699406303e-11
6.75569474112e-09	5.22987764207e-11
6.75675362744e-09	5.22253490454e-11
6.75781251377e-09	5.24890417589e-11
6.75887140009e-09	5.18982192291e-11
6.75993028641e-09	5.21523644582e-11
6.76098917274e-09	5.22238237897e-11
6.76204805906e-09	5.16771798964e-11
6.76310694538e-09	5.22254140975e-11
6.76416583171e-09	5.1959583771e-11
6.76522471803e-09	5.17160485443e-11
6.76628360435e-09	5.21241821407e-11
6.76734249067e-09	5.16792659014e-11
6.768401377e-09	5.15838001654e-11
6.76946026332e-09	5.18846831818e-11
6.77051914964e-09	5.13504607759e-11
6.77157803597e-09	5.14034505066e-11
6.77263692229e-09	5.14813604073e-11
6.77369580861e-09	5.09313615588e-11
6.77475469494e-09	5.11994817202e-11
6.77581358126e-09	5.10919002418e-11
6.77687246758e-09	5.0768032573e-11
6.77793135391e-09	5.1124711669e-11
6.77899024023e-09	5.0886888453e-11
6.78004912655e-09	5.06676324161e-11
6.78110801287e-09	5.09831989993e-11
6.7821668992e-09	5.05941738158e-11
6.78322578552e-09	5.0603881762e-11
6.78428467184e-09	5.09372357661e-11
6.78534355817e-09	5.04382226089e-11
6.78640244449e-09	5.04805403208e-11
6.78746133081e-09	5.0449788444e-11
6.78852021714e-09	5.00539085006e-11
6.78957910346e-09	5.03392640072e-11
6.79063798978e-09	5.0150515251e-11
6.7916968761e-09	4.96456599788e-11
6.79275576243e-09	5.0029369536e-11
6.79381464875e-09	4.97520288856e-11
6.79487353507e-09	4.95961730886e-11
6.7959324214e-09	5.00174927517e-11
6.79699130772e-09	4.94786451394e-11
6.79805019404e-09	4.96270025942e-11
6.79910908037e-09	4.97602597148e-11
6.80016796669e-09	4.92635190454e-11
6.80122685301e-09	4.9402445676e-11
6.80228573934e-09	4.93678323048e-11
6.80334462566e-09	4.8975698063e-11
6.80440351198e-09	4.93445909133e-11
6.8054623983e-09	4.90226045521e-11
6.80652128463e-09	4.86224012441e-11
6.80758017095e-09	4.89105722069e-11
6.80863905727e-09	4.85479651272e-11
6.8096979436e-09	4.85108299017e-11
6.81075682992e-09	4.88741117889e-11
6.81181571624e-09	4.83522453847e-11
6.81287460257e-09	4.84512022517e-11
6.81393348889e-09	4.85265681804e-11
6.81499237521e-09	4.81160445688e-11
6.81605126154e-09	4.852956665e-11
6.81711014786e-09	4.83291163166e-11
6.81816903418e-09	4.7905117373e-11
6.8192279205e-09	4.83055002248e-11
6.82028680683e-09	4.78816678147e-11
6.82134569315e-09	4.76672225996e-11
6.82240457947e-09	4.79275117857e-11
6.8234634658e-09	4.74015887306e-11
6.82452235212e-09	4.75352006021e-11
6.82558123844e-09	4.78024742186e-11
6.82664012477e-09	4.72453833868e-11
6.82769901109e-09	4.74830851721e-11
6.82875789741e-09	4.75212807473e-11
6.82981678374e-09	4.70497295638e-11
6.83087567006e-09	4.74036339695e-11
6.83193455638e-09	4.71222236578e-11
6.8329934427e-09	4.67557134502e-11
6.83405232903e-09	4.71694159426e-11
6.83511121535e-09	4.67409249326e-11
6.83617010167e-09	4.65526037857e-11
6.837228988e-09	4.6896070794e-11
6.83828787432e-09	4.63403811851e-11
6.83934676064e-09	4.63977268064e-11
6.84040564697e-09	4.66332601874e-11
6.84146453329e-09	4.61502064862e-11
6.84252341961e-09	4.63534531939e-11
6.84358230593e-09	4.63921800281e-11
6.84464119226e-09	4.58709281496e-11
6.84570007858e-09	4.62461661847e-11
6.8467589649e-09	4.60923616982e-11
6.84781785123e-09	4.56513802455e-11
6.84887673755e-09	4.61242159917e-11
6.84993562387e-09	4.55938177837e-11
6.8509945102e-09	4.54447660059e-11
6.85205339652e-09	4.58221780832e-11
6.85311228284e-09	4.53212038211e-11
6.85417116917e-09	4.53564367054e-11
6.85523005549e-09	4.54285515455e-11
6.85628894181e-09	4.49334263374e-11
6.85734782813e-09	4.52360564372e-11
6.85840671446e-09	4.50877178475e-11
6.85946560078e-09	4.47387502479e-11
6.8605244871e-09	4.50398876181e-11
6.86158337343e-09	4.47244160109e-11
6.86264225975e-09	4.45887697424e-11
6.86370114607e-09	4.49941910986e-11
6.8647600324e-09	4.44511014368e-11
6.86581891872e-09	4.44035893124e-11
6.86687780504e-09	4.45524680516e-11
6.86793669137e-09	4.4032693507e-11
6.86899557769e-09	4.43028216109e-11
6.87005446401e-09	4.42467993668e-11
6.87111335033e-09	4.37853648737e-11
6.87217223666e-09	4.41503357311e-11
6.87323112298e-09	4.37849602495e-11
6.8742900093e-09	4.35478315734e-11
6.87534889563e-09	4.38656994842e-11
6.87640778195e-09	4.35120034621e-11
6.87746666827e-09	4.34179628014e-11
6.8785255546e-09	4.38047939935e-11
6.87958444092e-09	4.31851509847e-11
6.88064332724e-09	4.33342793073e-11
6.88170221356e-09	4.34093505499e-11
6.88276109989e-09	4.28973156909e-11
6.88381998621e-09	4.32509854754e-11
6.88487887253e-09	4.30114466179e-11
6.88593775886e-09	4.26213151144e-11
6.88699664518e-09	4.29214537176e-11
6.8880555315e-09	4.27008526194e-11
6.88911441783e-09	4.24802131405e-11
6.89017330415e-09	4.28116376985e-11
6.89123219047e-09	4.22813758831e-11
6.8922910768e-09	4.22180771245e-11
6.89334996312e-09	4.26043638303e-11
6.89440884944e-09	4.19603772301e-11
6.89546773576e-09	4.21971309891e-11
6.89652662209e-09	4.22029871987e-11
6.89758550841e-09	4.16122266853e-11
6.89864439473e-09	4.21040023593e-11
6.89970328106e-09	4.18465362188e-11
6.90076216738e-09	4.14315062293e-11
6.9018210537e-09	4.1829008356e-11
6.90287994003e-09	4.13405633511e-11
6.90393882635e-09	4.12400738559e-11
6.90499771267e-09	4.16398077043e-11
6.906056599e-09	4.11216143602e-11
6.90711548532e-09	4.11406553356e-11
6.90817437164e-09	4.12424467407e-11
6.90923325796e-09	4.06788023405e-11
6.91029214429e-09	4.08564735863e-11
6.91135103061e-09	4.09618942498e-11
6.91240991693e-09	4.04486875851e-11
6.91346880326e-09	4.09274929485e-11
6.91452768958e-09	4.05629716014e-11
6.9155865759e-09	4.02581826382e-11
6.91664546223e-09	4.07143633044e-11
6.91770434855e-09	4.02086573672e-11
6.91876323487e-09	4.00237416993e-11
6.9198221212e-09	4.03880336293e-11
6.92088100752e-09	3.97285691758e-11
6.92193989384e-09	3.99651967336e-11
6.92299878016e-09	4.01266231614e-11
6.92405766649e-09	3.95138657037e-11
6.92511655281e-09	3.9873332934e-11
6.92617543913e-09	3.97082505765e-11
6.92723432546e-09	3.92800765872e-11
6.92829321178e-09	3.96346607878e-11
6.9293520981e-09	3.92528214793e-11
6.93041098443e-09	3.89695743123e-11
6.93146987075e-09	3.94395590405e-11
6.93252875707e-09	3.89621362517e-11
6.93358764339e-09	3.88617128928e-11
6.93464652972e-09	3.91523519334e-11
6.93570541604e-09	3.85687131104e-11
6.93676430236e-09	3.87700607295e-11
6.93782318869e-09	3.88918276924e-11
6.93888207501e-09	3.82764980735e-11
6.93994096133e-09	3.8630811874e-11
6.94099984766e-09	3.84285925564e-11
6.94205873398e-09	3.79404355155e-11
6.9431176203e-09	3.84605650279e-11
6.94417650663e-09	3.80010877366e-11
6.94523539295e-09	3.78302200763e-11
6.94629427927e-09	3.81608765854e-11
6.94735316559e-09	3.75773160418e-11
6.94841205192e-09	3.75761388151e-11
6.94947093824e-09	3.78463603772e-11
6.95052982456e-09	3.7312971506e-11
6.95158871089e-09	3.75265556476e-11
6.95264759721e-09	3.76466713706e-11
6.95370648353e-09	3.70516443048e-11
6.95476536986e-09	3.74714458681e-11
6.95582425618e-09	3.72201061204e-11
6.9568831425e-09	3.69091437101e-11
6.95794202883e-09	3.73828635148e-11
6.95900091515e-09	3.68227011383e-11
6.96005980147e-09	3.66506542997e-11
6.96111868779e-09	3.70254877105e-11
6.96217757412e-09	3.63262575402e-11
6.96323646044e-09	3.64078858207e-11
6.96429534676e-09	3.66370846421e-11
6.96535423309e-09	3.59538520917e-11
6.96641311941e-09	3.63919187753e-11
6.96747200573e-09	3.6228657227e-11
6.96853089206e-09	3.57373247748e-11
6.96958977838e-09	3.6163926671e-11
6.9706486647e-09	3.57834502047e-11
6.97170755103e-09	3.5589466053e-11
6.97276643735e-09	3.60240576518e-11
6.97382532367e-09	3.53919469686e-11
6.97488420999e-09	3.54727866005e-11
6.97594309632e-09	3.57420449574e-11
6.97700198264e-09	3.50139351107e-11
6.97806086896e-09	3.52460578085e-11
6.97911975529e-09	3.52557111109e-11
6.98017864161e-09	3.46465369415e-11
6.98123752793e-09	3.50761264652e-11
6.98229641426e-09	3.48545662818e-11
6.98335530058e-09	3.44047945515e-11
6.9844141869e-09	3.49810297916e-11
6.98547307322e-09	3.46025406679e-11
6.98653195955e-09	3.44318495157e-11
6.98759084587e-09	3.47359549978e-11
6.98864973219e-09	3.4143346787e-11
6.98970861852e-09	3.4195917582e-11
6.99076750484e-09	3.43881446756e-11
6.99182639116e-09	3.37368002458e-11
6.99288527749e-09	3.40252379223e-11
6.99394416381e-09	3.39603486391e-11
6.99500305013e-09	3.33122936787e-11
6.99606193646e-09	3.38347184471e-11
6.99712082278e-09	3.35289959859e-11
6.9981797091e-09	3.32567447973e-11
6.99923859542e-09	3.3753540761e-11
7.00029748175e-09	3.32383010004e-11
7.00135636807e-09	3.30790362549e-11
7.00241525439e-09	3.3442902744e-11
7.00347414072e-09	3.27801431832e-11
7.00453302704e-09	3.29767500199e-11
7.00559191336e-09	3.3082031255e-11
7.00665079969e-09	3.24091664963e-11
7.00770968601e-09	3.28744522923e-11
7.00876857233e-09	3.26957441156e-11
7.00982745866e-09	3.21509286208e-11
7.01088634498e-09	3.26786891817e-11
7.0119452313e-09	3.22494962592e-11
7.01300411762e-09	3.1930668179e-11
7.01406300395e-09	3.2282059621e-11
7.01512189027e-09	3.17170283093e-11
7.01618077659e-09	3.17070326158e-11
7.01723966292e-09	3.20592751565e-11
7.01829854924e-09	3.16151488669e-11
7.01935743556e-09	3.18581690976e-11
7.02041632189e-09	3.16871669962e-11
7.02147520821e-09	3.11127521316e-11
7.02253409453e-09	3.15174908741e-11
7.02359298085e-09	3.13830558762e-11
7.02465186718e-09	3.09053590011e-11
7.0257107535e-09	3.14051534344e-11
7.02676963982e-09	3.09055099221e-11
7.02782852615e-09	3.07845164291e-11
7.02888741247e-09	3.10407821408e-11
7.02994629879e-09	3.0516856403e-11
7.03100518512e-09	3.07534423274e-11
7.03206407144e-09	3.08713742504e-11
7.03312295776e-09	3.03067239273e-11
7.03418184409e-09	3.05947309587e-11
7.03524073041e-09	3.04702222655e-11
7.03629961673e-09	2.9982015785e-11
7.03735850305e-09	3.04034432179e-11
7.03841738938e-09	3.01105804786e-11
7.0394762757e-09	2.97142325936e-11
7.04053516202e-09	3.00556799501e-11
7.04159404835e-09	2.94769883415e-11
7.04265293467e-09	2.94911950763e-11
7.04371182099e-09	2.96961548234e-11
7.04477070732e-09	2.9124486026e-11
7.04582959364e-09	2.9440388712e-11
7.04688847996e-09	2.93228690027e-11
7.04794736629e-09	2.87407461112e-11
7.04900625261e-09	2.9156005301e-11
7.05006513893e-09	2.88570742822e-11
7.05112402525e-09	2.84436222405e-11
7.05218291158e-09	2.8950328029e-11
7.0532417979e-09	2.85964500777e-11
7.05430068422e-09	2.83473836852e-11
7.05535957055e-09	2.872798722e-11
7.05641845687e-09	2.819490778e-11
7.05747734319e-09	2.8285573753e-11
7.05853622952e-09	2.83886928722e-11
7.05959511584e-09	2.77023991854e-11
7.06065400216e-09	2.79453556649e-11
7.06171288849e-09	2.79594221039e-11
7.06277177481e-09	2.73690826946e-11
7.06383066113e-09	2.78601469152e-11
7.06488954745e-09	2.77232928454e-11
7.06594843378e-09	2.72690819578e-11
7.0670073201e-09	2.77047612282e-11
7.06806620642e-09	2.72098268396e-11
7.06912509275e-09	2.70968334576e-11
7.07018397907e-09	2.74247790276e-11
7.07124286539e-09	2.6971281545e-11
7.07230175172e-09	2.70666809278e-11
7.07336063804e-09	2.71405224683e-11
7.07441952436e-09	2.64558132346e-11
7.07547841068e-09	2.6805360015e-11
7.07653729701e-09	2.67218859887e-11
7.07759618333e-09	2.61803640832e-11
7.07865506965e-09	2.65475814075e-11
7.07971395598e-09	2.63268157275e-11
7.0807728423e-09	2.59986374877e-11
7.08183172862e-09	2.64420657679e-11
7.08289061495e-09	2.57839938636e-11
7.08394950127e-09	2.58900346908e-11
7.08500838759e-09	2.61642183613e-11
7.08606727392e-09	2.53616127665e-11
7.08712616024e-09	2.57693003221e-11
7.08818504656e-09	2.58201277199e-11
7.08924393288e-09	2.51949034552e-11
7.09030281921e-09	2.55876335745e-11
7.09136170553e-09	2.53163343154e-11
7.09242059185e-09	2.49143685283e-11
7.09347947818e-09	2.53490110846e-11
7.0945383645e-09	2.47925525595e-11
7.09559725082e-09	2.46914190483e-11
7.09665613715e-09	2.50998028785e-11
7.09771502347e-09	2.44741364761e-11
7.09877390979e-09	2.46202457293e-11
7.09983279612e-09	2.48868601508e-11
7.10089168244e-09	2.41541066662e-11
7.10195056876e-09	2.4444787557e-11
7.10300945508e-09	2.43948765268e-11
7.10406834141e-09	2.39304899681e-11
7.10512722773e-09	2.43727653077e-11
7.10618611405e-09	2.40245805021e-11
7.10724500038e-09	2.36857731779e-11
7.1083038867e-09	2.40211548569e-11
7.10936277302e-09	2.35443598211e-11
7.11042165935e-09	2.3390856526e-11
7.11148054567e-09	2.37718408326e-11
7.11253943199e-09	2.31209816917e-11
7.11359831832e-09	2.32657335238e-11
7.11465720464e-09	2.33754062114e-11
7.11571609096e-09	2.27308753417e-11
7.11677497728e-09	2.31946636377e-11
7.11783386361e-09	2.30347488046e-11
7.11889274993e-09	2.27076426239e-11
7.11995163625e-09	2.3036745905e-11
7.12101052258e-09	2.26240044494e-11
7.1220694089e-09	2.25349429872e-11
7.12312829522e-09	2.28610359809e-11
7.12418718155e-09	2.23038860601e-11
7.12524606787e-09	2.21928557345e-11
7.12630495419e-09	2.2470224249e-11
7.12736384051e-09	2.17992415568e-11
7.12842272684e-09	2.20866609507e-11
7.12948161316e-09	2.20950647101e-11
7.13054049948e-09	2.14139893968e-11
7.13159938581e-09	2.20204067654e-11
7.13265827213e-09	2.17610905424e-11
7.13371715845e-09	2.13772744081e-11
7.13477604478e-09	2.17206745212e-11
7.1358349311e-09	2.13075380907e-11
7.13689381742e-09	2.12562975034e-11
7.13795270375e-09	2.1553077682e-11
7.13901159007e-09	2.09125278943e-11
7.14007047639e-09	2.09398503311e-11
7.14112936271e-09	2.10560506747e-11
7.14218824904e-09	2.04850912709e-11
7.14324713536e-09	2.0844658573e-11
7.14430602168e-09	2.08210315308e-11
7.14536490801e-09	2.00971486631e-11
7.14642379433e-09	2.05956628705e-11
7.14748268065e-09	2.02390642223e-11
7.14854156698e-09	2.01378576358e-11
7.1496004533e-09	2.04518034452e-11
7.15065933962e-09	1.9937295738e-11
7.15171822595e-09	1.98662755083e-11
7.15277711227e-09	2.00758468009e-11
7.15383599859e-09	1.95629357982e-11
7.15489488491e-09	1.97785705999e-11
7.15595377124e-09	1.98750079979e-11
7.15701265756e-09	1.91213998845e-11
7.15807154388e-09	1.95456916711e-11
7.15913043021e-09	1.92569752462e-11
7.16018931653e-09	1.88849450401e-11
7.16124820285e-09	1.93800389148e-11
7.16230708918e-09	1.88661098462e-11
7.1633659755e-09	1.87361875147e-11
7.16442486182e-09	1.92209507859e-11
7.16548374814e-09	1.84040163751e-11
7.16654263447e-09	1.85561518408e-11
7.16760152079e-09	1.88363058875e-11
7.16866040711e-09	1.82927903511e-11
7.16971929344e-09	1.84672546352e-11
7.17077817976e-09	1.84755619007e-11
7.17183706608e-09	1.78736810508e-11
7.17289595241e-09	1.82172765371e-11
7.17395483873e-09	1.79106470323e-11
7.17501372505e-09	1.76164380392e-11
7.17607261138e-09	1.81139212787e-11
7.1771314977e-09	1.75455725253e-11
7.17819038402e-09	1.74011386897e-11
7.17924927034e-09	1.76771357968e-11
7.18030815667e-09	1.70643028787e-11
7.18136704299e-09	1.72580978371e-11
7.18242592931e-09	1.75700466546e-11
7.18348481564e-09	1.68626696807e-11
7.18454370196e-09	1.72265631664e-11
7.18560258828e-09	1.71128891223e-11
7.18666147461e-09	1.67229857349e-11
7.18772036093e-09	1.71825118153e-11
7.18877924725e-09	1.6707923131e-11
7.18983813358e-09	1.64112446506e-11
7.1908970199e-09	1.69108176898e-11
7.19195590622e-09	1.63230753783e-11
7.19301479254e-09	1.62273800083e-11
7.19407367887e-09	1.64298645218e-11
7.19513256519e-09	1.58185595699e-11
7.19619145151e-09	1.6072085828e-11
7.19725033784e-09	1.6224139328e-11
7.19830922416e-09	1.55578576281e-11
7.19936811048e-09	1.59044419345e-11
7.20042699681e-09	1.57800880652e-11
7.20148588313e-09	1.53861949223e-11
7.20254476945e-09	1.58150231192e-11
7.20360365578e-09	1.52475289339e-11
7.2046625421e-09	1.50746848815e-11
7.20572142842e-09	1.55407784081e-11
7.20678031474e-09	1.48462678783e-11
7.20783920107e-09	1.50510851612e-11
7.20889808739e-09	1.51306886942e-11
7.20995697371e-09	1.45584085152e-11
7.21101586004e-09	1.49106808714e-11
7.21207474636e-09	1.48107096249e-11
7.21313363268e-09	1.41973685412e-11
7.21419251901e-09	1.46366023685e-11
7.21525140533e-09	1.4346338245e-11
7.21631029165e-09	1.40606060866e-11
7.21736917797e-09	1.45133024522e-11
7.2184280643e-09	1.39660877264e-11
7.21948695062e-09	1.38926528701e-11
7.22054583694e-09	1.42010741274e-11
7.22160472327e-09	1.36184894741e-11
7.22266360959e-09	1.38458772442e-11
7.22372249591e-09	1.38757396415e-11
7.22478138224e-09	1.32914425993e-11
7.22584026856e-09	1.36575257397e-11
7.22689915488e-09	1.33531454123e-11
7.22795804121e-09	1.28529061309e-11
7.22901692753e-09	1.33989088271e-11
7.23007581385e-09	1.30919634942e-11
7.23113470017e-09	1.27462950134e-11
7.2321935865e-09	1.3311903229e-11
7.23325247282e-09	1.26355788896e-11
7.23431135914e-09	1.27702603266e-11
7.23537024547e-09	1.29757563201e-11
7.23642913179e-09	1.21676462309e-11
7.23748801811e-09	1.24997593656e-11
7.23854690444e-09	1.24731010026e-11
7.23960579076e-09	1.19536065074e-11
7.24066467708e-09	1.24253246581e-11
7.24172356341e-09	1.21056977376e-11
7.24278244973e-09	1.16414201955e-11
7.24384133605e-09	1.22269622812e-11
7.24490022237e-09	1.17107529186e-11
7.2459591087e-09	1.14817174865e-11
7.24701799502e-09	1.19334597542e-11
7.24807688134e-09	1.12688479967e-11
7.24913576767e-09	1.15021152325e-11
7.25019465399e-09	1.17586287929e-11
7.25125354031e-09	1.09615878657e-11
7.25231242664e-09	1.13290331977e-11
7.25337131296e-09	1.12007823806e-11
7.25443019928e-09	1.08301500905e-11
7.25548908561e-09	1.12368025583e-11
7.25654797193e-09	1.07416003176e-11
7.25760685825e-09	1.05631855259e-11
7.25866574457e-09	1.09020271651e-11
7.2597246309e-09	1.0339487838e-11
7.26078351722e-09	1.02426534051e-11
7.26184240354e-09	1.05840023161e-11
7.26290128987e-09	1.0010423046e-11
7.26396017619e-09	1.01517778016e-11
7.26501906251e-09	1.02648424699e-11
7.26607794884e-09	9.63164839768e-12
7.26713683516e-09	1.01673025468e-11
7.26819572148e-09	9.90409528478e-12
7.2692546078e-09	9.49438265637e-12
7.27031349413e-09	9.99790972667e-12
7.27137238045e-09	9.50205007993e-12
7.27243126677e-09	9.29034410166e-12
7.2734901531e-09	9.63686362697e-12
7.27454903942e-09	9.02994980222e-12
7.27560792574e-09	9.19876387518e-12
7.27666681207e-09	9.45031168121e-12
7.27772569839e-09	8.68526442172e-12
7.27878458471e-09	8.95672023962e-12
7.27984347104e-09	8.94672964186e-12
7.28090235736e-09	8.41333453643e-12
7.28196124368e-09	9.02018688692e-12
7.28302013e-09	8.67653133585e-12
7.28407901633e-09	8.32569202382e-12
7.28513790265e-09	8.82527834449e-12
7.28619678897e-09	8.30658518315e-12
7.2872556753e-09	8.16296851077e-12
7.28831456162e-09	8.46584038766e-12
7.28937344794e-09	7.88943156681e-12
7.29043233427e-09	7.94996783248e-12
7.29149122059e-09	8.12682787819e-12
7.29255010691e-09	7.44690810753e-12
7.29360899324e-09	7.83597085873e-12
7.29466787956e-09	7.74680265683e-12
7.29572676588e-09	7.23522793327e-12
7.2967856522e-09	7.6980336168e-12
7.29784453853e-09	7.28713828646e-12
7.29890342485e-09	6.98466962436e-12
7.29996231117e-09	7.43174640751e-12
7.3010211975e-09	7.02857970393e-12
7.30208008382e-09	6.87171467732e-12
7.30313897014e-09	7.24229427514e-12
7.30419785647e-09	6.67169368796e-12
7.30525674279e-09	6.82205751308e-12
7.30631562911e-09	6.93507160336e-12
7.30737451543e-09	6.25763541462e-12
7.30843340176e-09	6.61430632487e-12
7.30949228808e-09	6.39820851465e-12
7.3105511744e-09	5.94812616045e-12
7.31161006073e-09	6.48928155135e-12
7.31266894705e-09	5.92758969079e-12
7.31372783337e-09	5.82900630433e-12
7.3147867197e-09	6.2671113416e-12
7.31584560602e-09	5.62102643077e-12
7.31690449234e-09	5.7863239753e-12
7.31796337867e-09	6.00021302175e-12
7.31902226499e-09	5.37609082143e-12
7.32008115131e-09	5.66009617105e-12
7.32114003763e-09	5.57891889153e-12
7.32219892396e-09	4.94129520287e-12
7.32325781028e-09	5.52975756006e-12
7.3243166966e-09	5.16051115143e-12
7.32537558293e-09	4.81389374977e-12
7.32643446925e-09	5.27135697289e-12
7.32749335557e-09	4.70015020827e-12
7.3285522419e-09	4.69611459095e-12
7.32961112822e-09	4.99472631223e-12
7.33067001454e-09	4.38549175273e-12
7.33172890087e-09	4.5997670462e-12
7.33278778719e-09	4.77567378004e-12
7.33384667351e-09	4.2403104682e-12
7.33490555983e-09	4.49309946887e-12
7.33596444616e-09	4.30873324758e-12
7.33702333248e-09	3.81803418634e-12
7.3380822188e-09	4.34919572687e-12
7.33914110513e-09	4.0823857966e-12
7.34019999145e-09	3.64510678585e-12
7.34125887777e-09	4.06762329982e-12
7.3423177641e-09	3.53956756483e-12
7.34337665042e-09	3.56709581035e-12
7.34443553674e-09	3.83553716674e-12
7.34549442307e-09	3.15553694828e-12
7.34655330939e-09	3.42442042875e-12
7.34761219571e-09	3.55518343714e-12
7.34867108203e-09	2.98327974737e-12
7.34972996836e-09	3.40422343635e-12
7.35078885468e-09	3.08357161962e-12
7.351847741e-09	2.76544045096e-12
7.35290662733e-09	3.23821189047e-12
7.35396551365e-09	2.64974931645e-12
7.35502439997e-09	2.55697137183e-12
7.3560832863e-09	2.96966674884e-12
7.35714217262e-09	2.28530384991e-12
7.35820105894e-09	2.48145023952e-12
7.35925994526e-09	2.59646774567e-12
7.36031883159e-09	1.98327044078e-12
7.36137771791e-09	2.34601292386e-12
7.36243660423e-09	2.31369982309e-12
7.36349549056e-09	1.77416544997e-12
7.36455437688e-09	2.35950335333e-12
7.3656132632e-09	1.84802609955e-12
7.36667214953e-09	1.5779713758e-12
7.36773103585e-09	2.18239610953e-12
7.36878992217e-09	1.47794173818e-12
7.3698488085e-09	1.48355759711e-12
7.37090769482e-09	1.73457992761e-12
7.37196658114e-09	9.2502579625e-13
7.37302546746e-09	1.22903433036e-12
7.37408435379e-09	1.32734762851e-12
7.37514324011e-09	7.10979764103e-13
7.37620212643e-09	1.29213531693e-12
7.37726101276e-09	1.09174373372e-12
7.37831989908e-09	5.23081315472e-13
7.3793787854e-09	1.13875782989e-12
7.38043767173e-09	6.17235436211e-13
7.38149655805e-09	4.49017157752e-13
7.38255544437e-09	1.01329112202e-12
7.3836143307e-09	1.03827042179e-13
7.38467321702e-09	3.39809064337e-13
7.38573210334e-09	6.16227975223e-13
7.38679098966e-09	-1.56082478282e-13
7.38784987599e-09	2.5225453135e-13
7.38890876231e-09	8.30318767979e-14
7.38996764863e-09	-2.9639734677e-13
7.39102653496e-09	1.40584544509e-13
7.39208542128e-09	-2.28763046646e-13
7.3931443076e-09	-4.06585028706e-13
7.39420319393e-09	-4.0139519177e-14
7.39526208025e-09	-5.4628789895e-13
7.39632096657e-09	-5.59454873649e-13
7.3973798529e-09	-1.90901275297e-13
7.39843873922e-09	-7.95325441518e-13
7.39949762554e-09	-5.30073340364e-13
7.40055651186e-09	-5.25334107168e-13
7.40161539819e-09	-1.19770142968e-12
7.40267428451e-09	-8.33400460188e-13
7.40373317083e-09	-1.06069282047e-12
7.40479205716e-09	-1.39074686554e-12
7.40585094348e-09	-9.31171552219e-13
7.4069098298e-09	-1.34137031994e-12
7.40796871613e-09	-1.37961015767e-12
7.40902760245e-09	-1.01713328041e-12
7.41008648877e-09	-1.66023160389e-12
7.41114537509e-09	-1.62089067754e-12
7.41220426142e-09	-1.33359699355e-12
7.41326314774e-09	-2.0983915289e-12
7.41432203406e-09	-1.63267615844e-12
7.41538092039e-09	-1.84222835554e-12
7.41643980671e-09	-2.34148586479e-12
7.41749869303e-09	-1.85624399966e-12
7.41855757936e-09	-2.13621144157e-12
7.41961646568e-09	-2.50607772923e-12
7.420675352e-09	-1.92329458566e-12
7.42173423833e-09	-2.43268427592e-12
7.42279312465e-09	-2.5374770373e-12
7.42385201097e-09	-2.20345023152e-12
7.42491089729e-09	-2.93518429505e-12
7.42596978362e-09	-2.65702710485e-12
7.42702866994e-09	-2.41405493143e-12
7.42808755626e-09	-3.21628441653e-12
7.42914644259e-09	-2.61258489885e-12
7.43020532891e-09	-2.70366284157e-12
7.43126421523e-09	-3.25810616008e-12
7.43232310156e-09	-2.72265704719e-12
7.43338198788e-09	-3.20266639001e-12
7.4344408742e-09	-3.55319373642e-12
7.43549976053e-09	-2.9977127009e-12
7.43655864685e-09	-3.54979091369e-12
7.43761753317e-09	-3.55007936568e-12
7.43867641949e-09	-3.25037062153e-12
7.43973530582e-09	-3.94517892747e-12
7.44079419214e-09	-3.64555743449e-12
7.44185307846e-09	-3.49983389979e-12
7.44291196479e-09	-4.22778779758e-12
7.44397085111e-09	-3.63490135344e-12
7.44502973743e-09	-3.86573512459e-12
7.44608862376e-09	-4.2746449826e-12
7.44714751008e-09	-3.8630779348e-12
7.4482063964e-09	-4.3174392284e-12
7.44926528272e-09	-4.5107194889e-12
7.45032416905e-09	-4.00014708315e-12
7.45138305537e-09	-4.67214431748e-12
7.45244194169e-09	-4.56702386954e-12
7.45350082802e-09	-4.1727220095e-12
7.45455971434e-09	-4.83815293601e-12
7.45561860066e-09	-4.49765642481e-12
7.45667748699e-09	-4.61756286961e-12
7.45773637331e-09	-5.18005300112e-12
7.45879525963e-09	-4.57331888288e-12
7.45985414596e-09	-4.92668232599e-12
7.46091303228e-09	-5.307285915e-12
7.4619719186e-09	-4.83358765881e-12
7.46303080492e-09	-5.34654048465e-12
7.46408969125e-09	-5.43451226945e-12
7.46514857757e-09	-4.94844806407e-12
7.46620746389e-09	-5.67436465111e-12
7.46726635022e-09	-5.44032429783e-12
7.46832523654e-09	-5.35493920257e-12
7.46938412286e-09	-5.95787313798e-12
7.47044300919e-09	-5.56005377373e-12
7.47150189551e-09	-5.71219799434e-12
7.47256078183e-09	-6.14176591529e-12
7.47361966816e-09	-5.53734992971e-12
7.47467855448e-09	-5.98353902233e-12
7.4757374408e-09	-6.33073118667e-12
7.47679632712e-09	-5.72916239732e-12
7.47785521345e-09	-6.49076387256e-12
7.47891409977e-09	-6.3950136419e-12
7.47997298609e-09	-6.07199371078e-12
7.48103187242e-09	-6.87447912181e-12
7.48209075874e-09	-6.53707307469e-12
7.48314964506e-09	-6.34284749832e-12
7.48420853139e-09	-7.04338952613e-12
7.48526741771e-09	-6.41094035497e-12
7.48632630403e-09	-6.74023629878e-12
7.48738519036e-09	-7.21651037539e-12
7.48844407668e-09	-6.54365884395e-12
7.489502963e-09	-7.12636319313e-12
7.49056184932e-09	-7.30683439101e-12
7.49162073565e-09	-6.90779321222e-12
7.49267962197e-09	-7.54181612994e-12
7.49373850829e-09	-7.37145218997e-12
7.49479739462e-09	-7.0791353465e-12
7.49585628094e-09	-7.78371274769e-12
7.49691516726e-09	-7.41098306854e-12
7.49797405359e-09	-7.46209783417e-12
7.49903293991e-09	-8.08631644717e-12
7.50009182623e-09	-7.51601238929e-12
7.50115071255e-09	-7.79335743075e-12
7.50220959888e-09	-8.16938866815e-12
7.5032684852e-09	-7.5474698648e-12
7.50432737152e-09	-8.24999221499e-12
7.50538625785e-09	-8.29154594376e-12
7.50644514417e-09	-7.80830212771e-12
7.50750403049e-09	-8.48983985327e-12
7.50856291682e-09	-8.15027201544e-12
7.50962180314e-09	-8.14108811831e-12
7.51068068946e-09	-8.73481896622e-12
7.51173957579e-09	-8.25488120785e-12
7.51279846211e-09	-8.44720696386e-12
7.51385734843e-09	-9.04365791239e-12
7.51491623475e-09	-8.34940195324e-12
7.51597512108e-09	-8.83092828464e-12
7.5170340074e-09	-9.04811918749e-12
7.51809289372e-09	-8.43344350517e-12
7.51915178005e-09	-9.2368819299e-12
7.52021066637e-09	-9.16475397092e-12
7.52126955269e-09	-8.68711266117e-12
7.52232843902e-09	-9.40764068209e-12
7.52338732534e-09	-9.19005550912e-12
7.52444621166e-09	-9.17721302597e-12
7.52550509799e-09	-9.75958636823e-12
7.52656398431e-09	-9.1715302887e-12
7.52762287063e-09	-9.37107704803e-12
7.52868175695e-09	-9.87275522836e-12
7.52974064328e-09	-9.11061167914e-12
7.5307995296e-09	-9.72819378222e-12
7.53185841592e-09	-9.9157797858e-12
7.53291730225e-09	-9.31979916418e-12
7.53397618857e-09	-1.01922230421e-11
7.53503507489e-09	-9.96794248705e-12
7.53609396122e-09	-9.68457285937e-12
7.53715284754e-09	-1.05048395113e-11
7.53821173386e-09	-9.9417253401e-12
7.53927062019e-09	-1.00104361649e-11
7.54032950651e-09	-1.05828911173e-11
7.54138839283e-09	-1.00651253825e-11
7.54244727915e-09	-1.03723336886e-11
7.54350616548e-09	-1.07130336503e-11
7.5445650518e-09	-1.01603454383e-11
7.54562393812e-09	-1.0827213529e-11
7.54668282445e-09	-1.08755040563e-11
7.54774171077e-09	-1.05050721811e-11
7.54880059709e-09	-1.11877049508e-11
7.54985948342e-09	-1.07400611299e-11
7.55091836974e-09	-1.0502984604e-11
7.55197725606e-09	-1.13444371085e-11
7.55303614238e-09	-1.08002392836e-11
7.55409502871e-09	-1.11289823928e-11
7.55515391503e-09	-1.15468436679e-11
7.55621280135e-09	-1.09027888714e-11
7.55727168768e-09	-1.13678750116e-11
7.558330574e-09	-1.16197308936e-11
7.55938946032e-09	-1.11485863401e-11
7.56044834665e-09	-1.17810057499e-11
7.56150723297e-09	-1.16454124989e-11
7.56256611929e-09	-1.13687815672e-11
7.56362500562e-09	-1.19920476544e-11
7.56468389194e-09	-1.15730328966e-11
7.56574277826e-09	-1.16769942782e-11
7.56680166458e-09	-1.23558333703e-11
7.56786055091e-09	-1.16867379489e-11
7.56891943723e-09	-1.20687197215e-11
7.56997832355e-09	-1.24688716383e-11
7.57103720988e-09	-1.16396720279e-11
7.5720960962e-09	-1.23535308502e-11
7.57315498252e-09	-1.24949192703e-11
7.57421386885e-09	-1.19588249893e-11
7.57527275517e-09	-1.26943828713e-11
7.57633164149e-09	-1.23195295111e-11
7.57739052782e-09	-1.22162567063e-11
7.57844941414e-09	-1.31506114592e-11
7.57950830046e-09	-1.24825750864e-11
7.58056718678e-09	-1.25027553415e-11
7.58162607311e-09	-1.31003771199e-11
7.58268495943e-09	-1.23737558828e-11
7.58374384575e-09	-1.28797883817e-11
7.58480273208e-09	-1.3168513697e-11
7.5858616184e-09	-1.24998371029e-11
7.58692050472e-09	-1.33102068863e-11
7.58797939105e-09	-1.31907407089e-11
7.58903827737e-09	-1.27660924366e-11
7.59009716369e-09	-1.35766896857e-11
7.59115605001e-09	-1.32494487387e-11
7.59221493634e-09	-1.30911642204e-11
7.59327382266e-09	-1.3902350408e-11
7.59433270898e-09	-1.31605903475e-11
7.59539159531e-09	-1.34341343388e-11
7.59645048163e-09	-1.38451931126e-11
7.59750936795e-09	-1.32272897062e-11
7.59856825428e-09	-1.38611550623e-11
7.5996271406e-09	-1.40236821721e-11
7.60068602692e-09	-1.33840123229e-11
7.60174491325e-09	-1.41687396408e-11
7.60280379957e-09	-1.38480693926e-11
7.60386268589e-09	-1.36980522411e-11
7.60492157221e-09	-1.44180173443e-11
7.60598045854e-09	-1.37280613309e-11
7.60703934486e-09	-1.38390735503e-11
7.60809823118e-09	-1.45000262882e-11
7.60915711751e-09	-1.38075093893e-11
7.61021600383e-09	-1.42697352415e-11
7.61127489015e-09	-1.46903125515e-11
7.61233377648e-09	-1.39071656751e-11
7.6133926628e-09	-1.46061321675e-11
7.61445154912e-09	-1.45904047308e-11
7.61551043545e-09	-1.40642719909e-11
7.61656932177e-09	-1.49106547422e-11
7.61762820809e-09	-1.46087184233e-11
7.61868709441e-09	-1.44501069096e-11
7.61974598074e-09	-1.51514865107e-11
7.62080486706e-09	-1.45180050707e-11
7.62186375338e-09	-1.47208652603e-11
7.62292263971e-09	-1.52803831871e-11
7.62398152603e-09	-1.45178635823e-11
7.62504041235e-09	-1.51293466687e-11
7.62609929868e-09	-1.54261536271e-11
7.627158185e-09	-1.47925460943e-11
7.62821707132e-09	-1.55568365265e-11
7.62927595765e-09	-1.52249318838e-11
7.63033484397e-09	-1.48099952441e-11
7.63139373029e-09	-1.57740439634e-11
7.63245261661e-09	-1.52891730309e-11
7.63351150294e-09	-1.52087331444e-11
7.63457038926e-09	-1.59200443627e-11
7.63562927558e-09	-1.52193810939e-11
7.63668816191e-09	-1.55329065582e-11
7.63774704823e-09	-1.60531402624e-11
7.63880593455e-09	-1.52471572694e-11
7.63986482088e-09	-1.58128771579e-11
7.6409237072e-09	-1.61205471715e-11
7.64198259352e-09	-1.55247586705e-11
7.64304147984e-09	-1.61102700191e-11
7.64410036617e-09	-1.60301624405e-11
7.64515925249e-09	-1.56641574711e-11
7.64621813881e-09	-1.65543157524e-11
7.64727702514e-09	-1.58980382027e-11
7.64833591146e-09	-1.59555233609e-11
7.64939479778e-09	-1.65857547965e-11
7.65045368411e-09	-1.59565592076e-11
7.65151257043e-09	-1.6371717892e-11
7.65257145675e-09	-1.65776536378e-11
7.65363034308e-09	-1.60032887549e-11
7.6546892294e-09	-1.66239548169e-11
7.65574811572e-09	-1.66138504863e-11
7.65680700204e-09	-1.61846818499e-11
7.65786588837e-09	-1.69174046516e-11
7.65892477469e-09	-1.65582674525e-11
7.65998366101e-09	-1.62734837541e-11
7.66104254734e-09	-1.70753607651e-11
7.66210143366e-09	-1.6397390932e-11
7.66316031998e-09	-1.67411326772e-11
7.66421920631e-09	-1.71948127395e-11
7.66527809263e-09	-1.64824396536e-11
7.66633697895e-09	-1.70072989979e-11
7.66739586528e-09	-1.71425962618e-11
7.6684547516e-09	-1.66323961982e-11
7.66951363792e-09	-1.73611836712e-11
7.67057252424e-09	-1.71293612974e-11
7.67163141057e-09	-1.66969884099e-11
7.67269029689e-09	-1.75472250662e-11
7.67374918321e-09	-1.7071909858e-11
7.67480806954e-09	-1.71194217656e-11
7.67586695586e-09	-1.7731599934e-11
7.67692584218e-09	-1.69418279319e-11
7.67798472851e-09	-1.7305998648e-11
7.67904361483e-09	-1.79060804812e-11
7.68010250115e-09	-1.70291862209e-11
7.68116138748e-09	-1.76522808957e-11
7.6822202738e-09	-1.78172413889e-11
7.68327916012e-09	-1.72499971121e-11
7.68433804644e-09	-1.80492472097e-11
7.68539693277e-09	-1.77449517753e-11
7.68645581909e-09	-1.73190903893e-11
7.68751470541e-09	-1.82842974702e-11
7.68857359174e-09	-1.76265608012e-11
7.68963247806e-09	-1.76122640777e-11
7.69069136438e-09	-1.84609619258e-11
7.69175025071e-09	-1.76627191605e-11
7.69280913703e-09	-1.80633930123e-11
7.69386802335e-09	-1.8504938467e-11
7.69492690967e-09	-1.7736685818e-11
7.695985796e-09	-1.84536284907e-11
7.69704468232e-09	-1.82947573106e-11
7.69810356864e-09	-1.78961113506e-11
7.69916245497e-09	-1.87733641566e-11
7.70022134129e-09	-1.81292332492e-11
7.70128022761e-09	-1.80287067827e-11
7.70233911394e-09	-1.88739543742e-11
7.70339800026e-09	-1.8281884253e-11
7.70445688658e-09	-1.8454559712e-11
7.70551577291e-09	-1.89034286271e-11
7.70657465923e-09	-1.81352914456e-11
7.70763354555e-09	-1.88484217383e-11
7.70869243187e-09	-1.89580838007e-11
7.7097513182e-09	-1.83839971241e-11
7.71081020452e-09	-1.90809025481e-11
7.71186909084e-09	-1.88533698202e-11
7.71292797717e-09	-1.85978735667e-11
7.71398686349e-09	-1.93670128762e-11
7.71504574981e-09	-1.87754109135e-11
7.71610463614e-09	-1.88540757442e-11
7.71716352246e-09	-1.94003594656e-11
7.71822240878e-09	-1.86967415291e-11
7.71928129511e-09	-1.90919740954e-11
7.72034018143e-09	-1.94499139017e-11
7.72139906775e-09	-1.86932235099e-11
7.72245795407e-09	-1.93521542107e-11
7.7235168404e-09	-1.93658062676e-11
7.72457572672e-09	-1.88116856077e-11
7.72563461304e-09	-1.96466067156e-11
7.72669349937e-09	-1.94316546361e-11
7.72775238569e-09	-1.90553513723e-11
7.72881127201e-09	-1.98434170571e-11
7.72987015834e-09	-1.92672793952e-11
7.73092904466e-09	-1.92147292001e-11
7.73198793098e-09	-2.0007891394e-11
7.7330468173e-09	-1.91451056397e-11
7.73410570363e-09	-1.96826942765e-11
7.73516458995e-09	-1.99199427569e-11
7.73622347627e-09	-1.91660359458e-11
7.7372823626e-09	-1.98789874535e-11
7.73834124892e-09	-1.97656867002e-11
7.73940013524e-09	-1.9394571886e-11
7.74045902157e-09	-2.02865790572e-11
7.74151790789e-09	-1.98818455189e-11
7.74257679421e-09	-1.96087740229e-11
7.74363568054e-09	-2.02875489845e-11
7.74469456686e-09	-1.97236815639e-11
7.74575345318e-09	-2.00323706191e-11
7.7468123395e-09	-2.05013719759e-11
7.74787122583e-09	-1.96666103541e-11
7.74893011215e-09	-2.02862014296e-11
7.74998899847e-09	-2.03727967656e-11
7.7510478848e-09	-1.97429690868e-11
7.75210677112e-09	-2.0606704277e-11
7.75316565744e-09	-2.02267870422e-11
7.75422454377e-09	-1.99638156484e-11
7.75528343009e-09	-2.07587650411e-11
7.75634231641e-09	-2.01051039966e-11
7.75740120274e-09	-2.00727846887e-11
7.75846008906e-09	-2.08718406057e-11
7.75951897538e-09	-2.02491978263e-11
7.7605778617e-09	-2.06374343613e-11
7.76163674803e-09	-2.09593200001e-11
7.76269563435e-09	-2.01469851002e-11
7.76375452067e-09	-2.08574834921e-11
7.764813407e-09	-2.08440817774e-11
7.76587229332e-09	-2.02181853074e-11
7.76693117964e-09	-2.10893279836e-11
7.76799006597e-09	-2.06857603963e-11
7.76904895229e-09	-2.0399792207e-11
7.77010783861e-09	-2.12700106009e-11
7.77116672494e-09	-2.05176240581e-11
7.77222561126e-09	-2.08215981349e-11
7.77328449758e-09	-2.14523624559e-11
7.7743433839e-09	-2.05064169855e-11
7.77540227023e-09	-2.10244355562e-11
7.77646115655e-09	-2.12260804636e-11
7.77752004287e-09	-2.0586481196e-11
7.7785789292e-09	-2.1431423693e-11
7.77963781552e-09	-2.11936407009e-11
7.78069670184e-09	-2.07580043649e-11
7.78175558817e-09	-2.16981031666e-11
7.78281447449e-09	-2.10541425873e-11
7.78387336081e-09	-2.08832025023e-11
7.78493224713e-09	-2.15954224989e-11
7.78599113346e-09	-2.08952055962e-11
7.78705001978e-09	-2.13142890924e-11
7.7881089061e-09	-2.17178024696e-11
7.78916779243e-09	-2.08830579782e-11
7.79022667875e-09	-2.14948539653e-11
7.79128556507e-09	-2.16478742484e-11
7.7923444514e-09	-2.10255158553e-11
7.79340333772e-09	-2.18620947083e-11
7.79446222404e-09	-2.15296628182e-11
7.79552111037e-09	-2.1141491769e-11
7.79657999669e-09	-2.20466748156e-11
7.79763888301e-09	-2.12813641492e-11
7.79869776933e-09	-2.13772985858e-11
7.79975665566e-09	-2.20000291856e-11
7.80081554198e-09	-2.11543748014e-11
7.8018744283e-09	-2.17181978781e-11
7.80293331463e-09	-2.21087267417e-11
7.80399220095e-09	-2.11966428567e-11
7.80505108727e-09	-2.21310499223e-11
7.8061099736e-09	-2.20927271703e-11
7.80716885992e-09	-2.15275266146e-11
7.80822774624e-09	-2.23934475563e-11
7.80928663257e-09	-2.18094160353e-11
7.81034551889e-09	-2.16455431053e-11
7.81140440521e-09	-2.24501372353e-11
7.81246329153e-09	-2.16837524498e-11
7.81352217786e-09	-2.19846598608e-11
7.81458106418e-09	-2.25686934419e-11
7.8156399505e-09	-2.1563972938e-11
7.81669883683e-09	-2.22617898508e-11
7.81775772315e-09	-2.24998251367e-11
7.81881660947e-09	-2.16547615343e-11
7.8198754958e-09	-2.25342795639e-11
7.82093438212e-09	-2.2096056972e-11
7.82199326844e-09	-2.18119070982e-11
7.82305215477e-09	-2.27376039004e-11
7.82411104109e-09	-2.21326253765e-11
7.82516992741e-09	-2.21517058169e-11
7.82622881373e-09	-2.28207572197e-11
7.82728770006e-09	-2.19416729794e-11
7.82834658638e-09	-2.23701174772e-11
7.8294054727e-09	-2.28252317221e-11
7.83046435903e-09	-2.19851629306e-11
7.83152324535e-09	-2.26327787891e-11
7.83258213167e-09	-2.2666376805e-11
7.833641018e-09	-2.19565035641e-11
7.83469990432e-09	-2.29555719052e-11
7.83575879064e-09	-2.24886914646e-11
7.83681767696e-09	-2.22949100587e-11
7.83787656329e-09	-2.31516424955e-11
7.83893544961e-09	-2.23109474689e-11
7.83999433593e-09	-2.2408507775e-11
7.84105322226e-09	-2.30990786394e-11
7.84211210858e-09	-2.21489213689e-11
7.8431709949e-09	-2.27098388922e-11
7.84422988123e-09	-2.30202473837e-11
7.84528876755e-09	-2.22606384281e-11
7.84634765387e-09	-2.29666222021e-11
7.8474065402e-09	-2.27608014901e-11
7.84846542652e-09	-2.2363685773e-11
7.84952431284e-09	-2.31999920577e-11
7.85058319916e-09	-2.26896518067e-11
7.85164208549e-09	-2.25673502238e-11
7.85270097181e-09	-2.3326914185e-11
7.85375985813e-09	-2.26175749136e-11
7.85481874446e-09	-2.28299776002e-11
7.85587763078e-09	-2.34537953295e-11
7.8569365171e-09	-2.25727381665e-11
7.85799540343e-09	-2.31633258581e-11
7.85905428975e-09	-2.31533266951e-11
7.86011317607e-09	-2.25096702345e-11
7.8611720624e-09	-2.3552737885e-11
7.86223094872e-09	-2.29923901099e-11
7.86328983504e-09	-2.2706874033e-11
7.86434872136e-09	-2.36515178102e-11
7.86540760769e-09	-2.28569526587e-11
7.86646649401e-09	-2.29430541406e-11
7.86752538033e-09	-2.35575369975e-11
7.86858426666e-09	-2.27984057414e-11
7.86964315298e-09	-2.3243611029e-11
7.8707020393e-09	-2.35090534279e-11
7.87176092563e-09	-2.27369910009e-11
7.87281981195e-09	-2.34087363209e-11
7.87387869827e-09	-2.34500767329e-11
7.87493758459e-09	-2.28001977107e-11
7.87599647092e-09	-2.37035046539e-11
7.87705535724e-09	-2.32594846161e-11
7.87811424356e-09	-2.29753682442e-11
7.87917312989e-09	-2.38408654797e-11
7.88023201621e-09	-2.31943320887e-11
7.88129090253e-09	-2.33086558952e-11
7.88234978886e-09	-2.38677619335e-11
7.88340867518e-09	-2.29992210173e-11
7.8844675615e-09	-2.34605180335e-11
7.88552644783e-09	-2.37469696684e-11
7.88658533415e-09	-2.30132804089e-11
7.88764422047e-09	-2.38395507762e-11
7.88870310679e-09	-2.3604201059e-11
7.88976199312e-09	-2.30451284141e-11
7.89082087944e-09	-2.39996611993e-11
7.89187976576e-09	-2.35011981663e-11
7.89293865209e-09	-2.33596502601e-11
7.89399753841e-09	-2.40112450322e-11
7.89505642473e-09	-2.32760791977e-11
7.89611531106e-09	-2.3588757358e-11
7.89717419738e-09	-2.40107133394e-11
7.8982330837e-09	-2.32085657116e-11
7.89929197003e-09	-2.38966132039e-11
7.90035085635e-09	-2.37577839346e-11
7.90140974267e-09	-2.31931338284e-11
7.90246862899e-09	-2.40636373675e-11
7.90352751532e-09	-2.37636004624e-11
7.90458640164e-09	-2.34048022933e-11
7.90564528796e-09	-2.42225499641e-11
7.90670417429e-09	-2.36134883348e-11
7.90776306061e-09	-2.36612436458e-11
7.90882194693e-09	-2.42922331556e-11
7.90988083326e-09	-2.34207135023e-11
7.91093971958e-09	-2.38808627821e-11
7.9119986059e-09	-2.41849699989e-11
7.91305749223e-09	-2.34370562237e-11
7.91411637855e-09	-2.41503336426e-11
7.91517526487e-09	-2.4061757144e-11
7.91623415119e-09	-2.34500823707e-11
7.91729303752e-09	-2.42895035682e-11
7.91835192384e-09	-2.37895543109e-11
7.91941081016e-09	-2.35674626516e-11
7.92046969649e-09	-2.44351088842e-11
7.92152858281e-09	-2.36098163589e-11
7.92258746913e-09	-2.3846514932e-11
7.92364635546e-09	-2.44588459729e-11
7.92470524178e-09	-2.36116057262e-11
7.9257641281e-09	-2.42300548115e-11
7.92682301442e-09	-2.43415348641e-11
7.92788190075e-09	-2.35909981871e-11
7.92894078707e-09	-2.43990099392e-11
7.92999967339e-09	-2.41179387659e-11
7.93105855972e-09	-2.37313269079e-11
7.93211744604e-09	-2.45247236148e-11
7.93317633236e-09	-2.38547528085e-11
7.93423521869e-09	-2.37956464429e-11
7.93529410501e-09	-2.45923093087e-11
7.93635299133e-09	-2.37951509625e-11
7.93741187766e-09	-2.4153799837e-11
7.93847076398e-09	-2.45304161098e-11
7.9395296503e-09	-2.37188916511e-11
7.94058853662e-09	-2.43789819061e-11
7.94164742295e-09	-2.43615943391e-11
7.94270630927e-09	-2.37480553885e-11
7.94376519559e-09	-2.45184931386e-11
7.94482408192e-09	-2.41332442311e-11
7.94588296824e-09	-2.38941694122e-11
7.94694185456e-09	-2.46786746854e-11
7.94800074089e-09	-2.39136911228e-11
7.94905962721e-09	-2.40025829074e-11
7.95011851353e-09	-2.47178020239e-11
7.95117739986e-09	-2.38776836844e-11
7.95223628618e-09	-2.42271092511e-11
7.9532951725e-09	-2.45577577371e-11
7.95435405882e-09	-2.38769152019e-11
7.95541294515e-09	-2.45993878479e-11
7.95647183147e-09	-2.44580792251e-11
7.95753071779e-09	-2.39207000562e-11
7.95858960412e-09	-2.45670348214e-11
7.95964849044e-09	-2.41383408487e-11
7.96070737676e-09	-2.40233397411e-11
7.96176626309e-09	-2.47498950588e-11
7.96282514941e-09	-2.39761836687e-11
7.96388403573e-09	-2.41534789131e-11
7.96494292206e-09	-2.46606736767e-11
7.96600180838e-09	-2.38490518566e-11
7.9670606947e-09	-2.44037533237e-11
7.96811958102e-09	-2.46240651567e-11
7.96917846735e-09	-2.39354645045e-11
7.97023735367e-09	-2.47943133039e-11
7.97129623999e-09	-2.43976681306e-11
7.97235512632e-09	-2.39320078511e-11
7.97341401264e-09	-2.47693230943e-11
7.97447289896e-09	-2.41006726295e-11
7.97553178529e-09	-2.41237944334e-11
7.97659067161e-09	-2.48898122165e-11
7.97764955793e-09	-2.40758608796e-11
7.97870844425e-09	-2.44294894643e-11
7.97976733058e-09	-2.47614303193e-11
7.9808262169e-09	-2.38584991607e-11
7.98188510322e-09	-2.45501583472e-11
7.98294398955e-09	-2.45804934566e-11
7.98400287587e-09	-2.39454753768e-11
7.98506176219e-09	-2.48313533364e-11
7.98612064852e-09	-2.42944913319e-11
7.98717953484e-09	-2.40705790803e-11
7.98823842116e-09	-2.49870458525e-11
7.98929730749e-09	-2.42326993975e-11
7.99035619381e-09	-2.43082637352e-11
7.99141508013e-09	-2.47973074366e-11
7.99247396645e-09	-2.3974616346e-11
7.99353285278e-09	-2.44952942478e-11
7.9945917391e-09	-2.47635501514e-11
7.99565062542e-09	-2.38992433699e-11
7.99670951175e-09	-2.4730391129e-11
7.99776839807e-09	-2.45715535592e-11
7.99882728439e-09	-2.39769135536e-11
7.99988617072e-09	-2.48827863696e-11
8.00094505704e-09	-2.42392796373e-11
8.00200394336e-09	-2.41433581027e-11
8.00306282969e-09	-2.48950523824e-11
8.00412171601e-09	-2.41643250548e-11
8.00518060233e-09	-2.43556876056e-11
8.00623948865e-09	-2.48272574374e-11
8.00729837498e-09	-2.39362052314e-11
8.0083572613e-09	-2.46106674536e-11
8.00941614762e-09	-2.46408553284e-11
8.01047503395e-09	-2.39911915204e-11
8.01153392027e-09	-2.48842279248e-11
8.01259280659e-09	-2.44952510966e-11
8.01365169292e-09	-2.40711495875e-11
8.01471057924e-09	-2.48789374518e-11
8.01576946556e-09	-2.42430841027e-11
8.01682835188e-09	-2.4257730373e-11
8.01788723821e-09	-2.48706511115e-11
8.01894612453e-09	-2.40972779925e-11
8.02000501085e-09	-2.44536387667e-11
8.02106389718e-09	-2.47371506959e-11
8.0221227835e-09	-2.3933468922e-11
8.02318166982e-09	-2.46904827313e-11
8.02424055615e-09	-2.45500167504e-11
8.02529944247e-09	-2.4020372605e-11
8.02635832879e-09	-2.4823844369e-11
8.02741721512e-09	-2.43576320138e-11
8.02847610144e-09	-2.40577175152e-11
8.02953498776e-09	-2.48534517619e-11
8.03059387408e-09	-2.40270368705e-11
8.03165276041e-09	-2.42839869307e-11
8.03271164673e-09	-2.48685132816e-11
8.03377053305e-09	-2.40287544636e-11
8.03482941938e-09	-2.45414968729e-11
8.0358883057e-09	-2.4679131785e-11
8.03694719202e-09	-2.38713953118e-11
8.03800607835e-09	-2.46882703083e-11
8.03906496467e-09	-2.44561842565e-11
8.04012385099e-09	-2.40127540248e-11
8.04118273732e-09	-2.48734971422e-11
8.04224162364e-09	-2.41879689021e-11
8.04330050996e-09	-2.40583547008e-11
8.04435939628e-09	-2.48430234717e-11
8.04541828261e-09	-2.38934594766e-11
8.04647716893e-09	-2.42624592292e-11
8.04753605525e-09	-2.47830833546e-11
8.04859494158e-09	-2.39826877975e-11
8.0496538279e-09	-2.46473967538e-11
8.05071271422e-09	-2.45284070832e-11
8.05177160055e-09	-2.383044608e-11
8.05283048687e-09	-2.464460515e-11
8.05388937319e-09	-2.43770541947e-11
8.05494825952e-09	-2.40187307977e-11
8.05600714584e-09	-2.47572958228e-11
8.05706603216e-09	-2.40776550173e-11
8.05812491848e-09	-2.41858590447e-11
8.05918380481e-09	-2.47645209461e-11
8.06024269113e-09	-2.38953256054e-11
8.06130157745e-09	-2.43205713815e-11
8.06236046378e-09	-2.44998268634e-11
8.0634193501e-09	-2.37539178865e-11
8.06447823642e-09	-2.46196166752e-11
8.06553712275e-09	-2.42979345411e-11
8.06659600907e-09	-2.38351810077e-11
8.06765489539e-09	-2.47337404464e-11
8.06871378171e-09	-2.41131294619e-11
8.06977266804e-09	-2.39534449133e-11
8.07083155436e-09	-2.46738270007e-11
8.07189044068e-09	-2.38181800671e-11
8.07294932701e-09	-2.41170555748e-11
8.07400821333e-09	-2.46079090264e-11
8.07506709965e-09	-2.37089234963e-11
8.07612598598e-09	-2.43790896758e-11
8.0771848723e-09	-2.44331091817e-11
8.07824375862e-09	-2.36058591294e-11
8.07930264495e-09	-2.44171343301e-11
8.08036153127e-09	-2.42004218314e-11
8.08142041759e-09	-2.37230130288e-11
8.08247930391e-09	-2.46063705436e-11
8.08353819024e-09	-2.38832968159e-11
8.08459707656e-09	-2.38216089649e-11
8.08565596288e-09	-2.45528723221e-11
8.08671484921e-09	-2.37017478127e-11
8.08777373553e-09	-2.4125001042e-11
8.08883262185e-09	-2.44486059002e-11
8.08989150818e-09	-2.35813196227e-11
8.0909503945e-09	-2.43704353572e-11
8.09200928082e-09	-2.42077764084e-11
8.09306816715e-09	-2.35568353019e-11
8.09412705347e-09	-2.44599694232e-11
8.09518593979e-09	-2.39964430705e-11
8.09624482611e-09	-2.37789877849e-11
8.09730371244e-09	-2.43722732968e-11
8.09836259876e-09	-2.37168242944e-11
8.09942148508e-09	-2.38439079678e-11
8.10048037141e-09	-2.42610684147e-11
8.10153925773e-09	-2.35314929434e-11
8.10259814405e-09	-2.4085420507e-11
8.10365703038e-09	-2.43127174209e-11
8.1047159167e-09	-2.33280150839e-11
8.10577480302e-09	-2.42133624349e-11
8.10683368935e-09	-2.39860074077e-11
8.10789257567e-09	-2.34936091848e-11
8.10895146199e-09	-2.43621472822e-11
8.11001034831e-09	-2.3729926444e-11
8.11106923464e-09	-2.35900968898e-11
8.11212812096e-09	-2.42624613976e-11
8.11318700728e-09	-2.34514946525e-11
8.11424589361e-09	-2.37925117975e-11
8.11530477993e-09	-2.42236116148e-11
8.11636366625e-09	-2.3303263182e-11
8.11742255258e-09	-2.40251061233e-11
8.1184814389e-09	-2.39572394041e-11
8.11954032522e-09	-2.31608299163e-11
8.12059921154e-09	-2.40532619863e-11
8.12165809787e-09	-2.36163716621e-11
8.12271698419e-09	-2.32454015888e-11
8.12377587051e-09	-2.42519964614e-11
8.12483475684e-09	-2.33670238107e-11
8.12589364316e-09	-2.34428213603e-11
8.12695252948e-09	-2.40289001804e-11
8.12801141581e-09	-2.32269401195e-11
8.12907030213e-09	-2.36829043789e-11
8.13012918845e-09	-2.40090341271e-11
8.13118807478e-09	-2.30727951935e-11
8.1322469611e-09	-2.39046441062e-11
8.13330584742e-09	-2.37073741714e-11
8.13436473374e-09	-2.29810887117e-11
8.13542362007e-09	-2.39403141408e-11
8.13648250639e-09	-2.34306239775e-11
8.13754139271e-09	-2.33370125525e-11
8.13860027904e-09	-2.41041995391e-11
8.13965916536e-09	-2.31777531196e-11
8.14071805168e-09	-2.33436317151e-11
8.14177693801e-09	-2.38104915559e-11
8.14283582433e-09	-2.28715085066e-11
8.14389471065e-09	-2.35727563771e-11
8.14495359698e-09	-2.36552090849e-11
8.1460124833e-09	-2.28202273701e-11
8.14707136962e-09	-2.36962264047e-11
8.14813025594e-09	-2.33383299665e-11
8.14918914227e-09	-2.28675878147e-11
8.15024802859e-09	-2.38589317574e-11
8.15130691491e-09	-2.31345372546e-11
8.15236580124e-09	-2.30709832749e-11
8.15342468756e-09	-2.37891433982e-11
8.15448357388e-09	-2.27944718222e-11
8.15554246021e-09	-2.32715743377e-11
8.15660134653e-09	-2.3603967305e-11
8.15766023285e-09	-2.26746497013e-11
8.15871911917e-09	-2.3350888714e-11
8.1597780055e-09	-2.33409387738e-11
8.16083689182e-09	-2.26315520144e-11
8.16189577814e-09	-2.34948495121e-11
8.16295466447e-09	-2.29411583046e-11
8.16401355079e-09	-2.26598811329e-11
8.16507243711e-09	-2.37098008327e-11
8.16613132344e-09	-2.27626949408e-11
8.16719020976e-09	-2.28408455344e-11
8.16824909608e-09	-2.34858458636e-11
8.16930798241e-09	-2.24519623813e-11
8.17036686873e-09	-2.30685965122e-11
8.17142575505e-09	-2.32294734663e-11
8.17248464137e-09	-2.2316493163e-11
8.1735435277e-09	-2.32434598912e-11
8.17460241402e-09	-2.29567675633e-11
8.17566130034e-09	-2.24372594072e-11
8.17672018667e-09	-2.34156023564e-11
8.17777907299e-09	-2.26280311762e-11
8.17883795931e-09	-2.25649341877e-11
8.17989684564e-09	-2.33420988701e-11
8.18095573196e-09	-2.23589903103e-11
8.18201461828e-09	-2.27217549246e-11
8.18307350461e-09	-2.3248315599e-11
8.18413239093e-09	-2.2116651067e-11
8.18519127725e-09	-2.2962534001e-11
8.18625016357e-09	-2.29284685856e-11
8.1873090499e-09	-2.21280130721e-11
8.18836793622e-09	-2.30662912815e-11
8.18942682254e-09	-2.25611074961e-11
8.19048570887e-09	-2.2154530272e-11
8.19154459519e-09	-2.3224284041e-11
8.19260348151e-09	-2.22768908355e-11
8.19366236784e-09	-2.22435550881e-11
8.19472125416e-09	-2.2935719296e-11
8.19578014048e-09	-2.1971458832e-11
8.19683902681e-09	-2.25231454581e-11
8.19789791313e-09	-2.28280881611e-11
8.19895679945e-09	-2.18867148797e-11
8.20001568577e-09	-2.27216581054e-11
8.2010745721e-09	-2.24593050321e-11
8.20213345842e-09	-2.18010774364e-11
8.20319234474e-09	-2.28859067114e-11
8.20425123107e-09	-2.22699434848e-11
8.20531011739e-09	-2.20078300202e-11
8.20636900371e-09	-2.28215423989e-11
8.20742789004e-09	-2.18351245288e-11
8.20848677636e-09	-2.21174577134e-11
8.20954566268e-09	-2.26233233536e-11
8.210604549e-09	-2.16386981033e-11
8.21166343533e-09	-2.23426912822e-11
8.21272232165e-09	-2.23398632492e-11
8.21378120797e-09	-2.15822259153e-11
8.2148400943e-09	-2.25079567614e-11
8.21589898062e-09	-2.20618204694e-11
8.21695786694e-09	-2.15461559185e-11
8.21801675327e-09	-2.25050045873e-11
8.21907563959e-09	-2.17602634045e-11
8.22013452591e-09	-2.17820354852e-11
8.22119341224e-09	-2.25041389603e-11
8.22225229856e-09	-2.14848149037e-11
8.22331118488e-09	-2.19141857438e-11
8.2243700712e-09	-2.22851223152e-11
8.22542895753e-09	-2.13053547244e-11
8.22648784385e-09	-2.2100646725e-11
8.22754673017e-09	-2.19448521854e-11
8.2286056165e-09	-2.11370860051e-11
8.22966450282e-09	-2.21954238842e-11
8.23072338914e-09	-2.16326273301e-11
8.23178227547e-09	-2.12994074418e-11
8.23284116179e-09	-2.21704508051e-11
8.23390004811e-09	-2.13094677537e-11
8.23495893444e-09	-2.14330052187e-11
8.23601782076e-09	-2.21841976213e-11
8.23707670708e-09	-2.11757643755e-11
8.2381355934e-09	-2.16625016536e-11
8.23919447973e-09	-2.19518066918e-11
8.24025336605e-09	-2.09159708867e-11
8.24131225237e-09	-2.17922617885e-11
8.2423711387e-09	-2.1460452122e-11
8.24343002502e-09	-2.08626113347e-11
8.24448891134e-09	-2.19268498757e-11
8.24554779767e-09	-2.13063779944e-11
8.24660668399e-09	-2.10683198318e-11
8.24766557031e-09	-2.20025818311e-11
8.24872445664e-09	-2.0892990029e-11
8.24978334296e-09	-2.11821094519e-11
8.25084222928e-09	-2.17028415638e-11
8.2519011156e-09	-2.07339979604e-11
8.25296000193e-09	-2.14379320502e-11
8.25401888825e-09	-2.15553980915e-11
8.25507777457e-09	-2.05933013697e-11
8.2561366609e-09	-2.16030589684e-11
8.25719554722e-09	-2.11114606699e-11
8.25825443354e-09	-2.05972980642e-11
8.25931331987e-09	-2.16831199263e-11
8.26037220619e-09	-2.07165464254e-11
8.26143109251e-09	-2.0741349068e-11
8.26248997883e-09	-2.14742368852e-11
8.26354886516e-09	-2.04022091105e-11
8.26460775148e-09	-2.0943605899e-11
8.2656666378e-09	-2.12437283476e-11
8.26672552413e-09	-2.02233976093e-11
8.26778441045e-09	-2.1230985069e-11
8.26884329677e-09	-2.09182435913e-11
8.2699021831e-09	-2.0292483297e-11
8.27096106942e-09	-2.13244713771e-11
8.27201995574e-09	-2.05458120135e-11
8.27307884207e-09	-2.02415880281e-11
8.27413772839e-09	-2.13616561506e-11
8.27519661471e-09	-2.01810811985e-11
8.27625550103e-09	-2.04949759421e-11
8.27731438736e-09	-2.116951601e-11
8.27837327368e-09	-1.99969070165e-11
8.27943216e-09	-2.06760752183e-11
8.28049104633e-09	-2.07136905284e-11
8.28154993265e-09	-1.97986792976e-11
8.28260881897e-09	-2.08715012504e-11
8.2836677053e-09	-2.04383439426e-11
8.28472659162e-09	-1.98362156778e-11
8.28578547794e-09	-2.08700446248e-11
8.28684436427e-09	-2.00847784584e-11
8.28790325059e-09	-2.00425817436e-11
8.28896213691e-09	-2.09112244664e-11
8.29002102323e-09	-1.97627436334e-11
8.29107990956e-09	-2.02140033228e-11
8.29213879588e-09	-2.06170965716e-11
8.2931976822e-09	-1.94833705376e-11
8.29425656853e-09	-2.04922360547e-11
8.29531545485e-09	-2.03870407969e-11
8.29637434117e-09	-1.95330137698e-11
8.2974332275e-09	-2.06551031704e-11
8.29849211382e-09	-1.9919371274e-11
8.29955100014e-09	-1.94667835454e-11
8.30060988646e-09	-2.06284839471e-11
8.30166877279e-09	-1.95564443545e-11
8.30272765911e-09	-1.96220476933e-11
8.30378654543e-09	-2.0459641468e-11
8.30484543176e-09	-1.92647412779e-11
8.30590431808e-09	-1.99601994004e-11
8.3069632044e-09	-2.02479135888e-11
8.30802209073e-09	-1.91163545497e-11
8.30908097705e-09	-2.01146631903e-11
8.31013986337e-09	-1.98191195443e-11
8.3111987497e-09	-1.9172650338e-11
8.31225763602e-09	-2.02154929081e-11
8.31331652234e-09	-1.93175692456e-11
8.31437540866e-09	-1.9157179532e-11
8.31543429499e-09	-2.02882219488e-11
8.31649318131e-09	-1.91770944827e-11
8.31755206763e-09	-1.93890120972e-11
8.31861095396e-09	-2.00035683547e-11
8.31966984028e-09	-1.88120722342e-11
8.3207287266e-09	-1.96895942476e-11
8.32178761293e-09	-1.96841297602e-11
8.32284649925e-09	-1.86126484234e-11
8.32390538557e-09	-1.98160663226e-11
8.3249642719e-09	-1.92601614995e-11
8.32602315822e-09	-1.87289504652e-11
8.32708204454e-09	-1.97918358135e-11
8.32814093086e-09	-1.87740549018e-11
8.32919981719e-09	-1.87046992478e-11
8.33025870351e-09	-1.97173776872e-11
8.33131758983e-09	-1.85062444969e-11
8.33237647616e-09	-1.90681478853e-11
8.33343536248e-09	-1.9470361521e-11
8.3344942488e-09	-1.8187997549e-11
8.33555313513e-09	-1.91259784703e-11
8.33661202145e-09	-1.90300684282e-11
8.33767090777e-09	-1.82104496413e-11
8.3387297941e-09	-1.93395395184e-11
8.33978868042e-09	-1.86833714732e-11
8.34084756674e-09	-1.83471776183e-11
8.34190645306e-09	-1.93624680091e-11
8.34296533939e-09	-1.82689883187e-11
8.34402422571e-09	-1.84995996386e-11
8.34508311203e-09	-1.91225929405e-11
8.34614199836e-09	-1.79186413971e-11
8.34720088468e-09	-1.86950740262e-11
8.348259771e-09	-1.89338963345e-11
8.34931865733e-09	-1.78186406602e-11
8.35037754365e-09	-1.88858599983e-11
8.35143642997e-09	-1.84887375592e-11
8.35249531629e-09	-1.77968097074e-11
8.35355420262e-09	-1.89332163229e-11
8.35461308894e-09	-1.80780792896e-11
8.35567197526e-09	-1.7822100783e-11
8.35673086159e-09	-1.87910303637e-11
8.35778974791e-09	-1.77638410708e-11
8.35884863423e-09	-1.80788355206e-11
8.35990752056e-09	-1.87657083883e-11
8.36096640688e-09	-1.74448836453e-11
8.3620252932e-09	-1.82208086509e-11
8.36308417953e-09	-1.83156596443e-11
8.36414306585e-09	-1.73102364691e-11
8.36520195217e-09	-1.84589265531e-11
8.36626083849e-09	-1.79213759718e-11
8.36731972482e-09	-1.73160931123e-11
8.36837861114e-09	-1.84667113415e-11
8.36943749746e-09	-1.73558543839e-11
8.37049638379e-09	-1.74075726707e-11
8.37155527011e-09	-1.82925722096e-11
8.37261415643e-09	-1.71008615255e-11
8.37367304276e-09	-1.76422262216e-11
8.37473192908e-09	-1.81346357202e-11
8.3757908154e-09	-1.69516316132e-11
8.37684970173e-09	-1.78831463526e-11
8.37790858805e-09	-1.76810113859e-11
8.37896747437e-09	-1.69269497507e-11
8.38002636069e-09	-1.79394593798e-11
8.38108524702e-09	-1.71973774197e-11
8.38214413334e-09	-1.69188922854e-11
8.38320301966e-09	-1.79742867725e-11
8.38426190599e-09	-1.68049675738e-11
8.38532079231e-09	-1.70296158902e-11
8.38637967863e-09	-1.78341733742e-11
8.38743856496e-09	-1.66295104857e-11
8.38849745128e-09	-1.73133751259e-11
8.3895563376e-09	-1.74927893351e-11
8.39061522393e-09	-1.63724191539e-11
8.39167411025e-09	-1.75095791815e-11
8.39273299657e-09	-1.70848594603e-11
8.39379188289e-09	-1.64805797048e-11
8.39485076922e-09	-1.76004642718e-11
8.39590965554e-09	-1.66048440189e-11
8.39696854186e-09	-1.65454644343e-11
8.39802742819e-09	-1.75140111832e-11
8.39908631451e-09	-1.6315416791e-11
8.40014520083e-09	-1.66695938737e-11
8.40120408716e-09	-1.73359317353e-11
8.40226297348e-09	-1.60075622462e-11
8.4033218598e-09	-1.68046798265e-11
8.40438074612e-09	-1.6771845089e-11
8.40543963245e-09	-1.57674650246e-11
8.40649851877e-09	-1.71847704252e-11
8.40755740509e-09	-1.62395662239e-11
8.40861629142e-09	-1.58718307594e-11
8.40967517774e-09	-1.71378895233e-11
8.41073406406e-09	-1.59162451014e-11
8.41179295039e-09	-1.60521254492e-11
8.41285183671e-09	-1.69195739233e-11
8.41391072303e-09	-1.55063297272e-11
8.41496960936e-09	-1.63094417529e-11
8.41602849568e-09	-1.66331312872e-11
8.417087382e-09	-1.53424602667e-11
8.41814626832e-09	-1.6461374798e-11
8.41920515465e-09	-1.60615657059e-11
8.42026404097e-09	-1.52867616569e-11
8.42132292729e-09	-1.66189533923e-11
8.42238181362e-09	-1.56199708116e-11
8.42344069994e-09	-1.5438024123e-11
8.42449958626e-09	-1.64810226013e-11
8.42555847259e-09	-1.52181949768e-11
8.42661735891e-09	-1.56556757575e-11
8.42767624523e-09	-1.63563544219e-11
8.42873513156e-09	-1.4927736239e-11
8.42979401788e-09	-1.58704366923e-11
8.4308529042e-09	-1.58508824556e-11
8.43191179052e-09	-1.4794906294e-11
8.43297067685e-09	-1.61464561339e-11
8.43402956317e-09	-1.54942369698e-11
8.43508844949e-09	-1.47631293041e-11
8.43614733582e-09	-1.60011401915e-11
8.43720622214e-09	-1.49519264157e-11
8.43826510846e-09	-1.48405379782e-11
8.43932399479e-09	-1.58993731809e-11
8.44038288111e-09	-1.4675066609e-11
8.44144176743e-09	-1.52272759289e-11
8.44250065375e-09	-1.5767410164e-11
8.44355954008e-09	-1.44940461543e-11
8.4446184264e-09	-1.53693418669e-11
8.44567731272e-09	-1.5265574937e-11
8.44673619905e-09	-1.41448569437e-11
8.44779508537e-09	-1.56161003182e-11
8.44885397169e-09	-1.48332438997e-11
8.44991285802e-09	-1.42797372234e-11
8.45097174434e-09	-1.55940751848e-11
8.45203063066e-09	-1.43636221623e-11
8.45308951699e-09	-1.45637716296e-11
8.45414840331e-09	-1.54590324916e-11
8.45520728963e-09	-1.41438815954e-11
8.45626617595e-09	-1.47892023064e-11
8.45732506228e-09	-1.50401780873e-11
8.4583839486e-09	-1.38496638203e-11
8.45944283492e-09	-1.49422438398e-11
8.46050172125e-09	-1.4627488565e-11
8.46156060757e-09	-1.39008032515e-11
8.46261949389e-09	-1.51347478387e-11
8.46367838022e-09	-1.42337286705e-11
8.46473726654e-09	-1.39361937788e-11
8.46579615286e-09	-1.48950655412e-11
8.46685503919e-09	-1.37168279122e-11
8.46791392551e-09	-1.41830855871e-11
8.46897281183e-09	-1.47347606122e-11
8.47003169815e-09	-1.33980674862e-11
8.47109058448e-09	-1.44823923904e-11
8.4721494708e-09	-1.43733190497e-11
8.47320835712e-09	-1.33556422215e-11
8.47426724345e-09	-1.45323745442e-11
8.47532612977e-09	-1.3871689279e-11
8.47638501609e-09	-1.33920427916e-11
8.47744390242e-09	-1.44737916314e-11
8.47850278874e-09	-1.3375586012e-11
8.47956167506e-09	-1.35442724744e-11
8.48062056139e-09	-1.43561739102e-11
8.48167944771e-09	-1.30102118315e-11
8.48273833403e-09	-1.37385047999e-11
8.48379722035e-09	-1.40160667361e-11
8.48485610668e-09	-1.29641910271e-11
8.485914993e-09	-1.40314612143e-11
8.48697387932e-09	-1.36696180634e-11
8.48803276565e-09	-1.27628245429e-11
8.48909165197e-09	-1.39774723913e-11
8.49015053829e-09	-1.29600357139e-11
8.49120942462e-09	-1.28038367669e-11
8.49226831094e-09	-1.39737276654e-11
8.49332719726e-09	-1.26728732759e-11
8.49438608358e-09	-1.30403786727e-11
8.49544496991e-09	-1.37881792572e-11
8.49650385623e-09	-1.23483901598e-11
8.49756274255e-09	-1.33107255686e-11
8.49862162888e-09	-1.33514694526e-11
8.4996805152e-09	-1.20772407916e-11
8.50073940152e-09	-1.34014100815e-11
8.50179828785e-09	-1.28724473572e-11
8.50285717417e-09	-1.21465809958e-11
8.50391606049e-09	-1.33820450381e-11
8.50497494682e-09	-1.23491785374e-11
8.50603383314e-09	-1.22828460185e-11
8.50709271946e-09	-1.33455913421e-11
8.50815160578e-09	-1.18654199964e-11
8.50921049211e-09	-1.2363274033e-11
8.51026937843e-09	-1.29710759278e-11
8.51132826475e-09	-1.16175548999e-11
8.51238715108e-09	-1.26993538298e-11
8.5134460374e-09	-1.25486875665e-11
8.51450492372e-09	-1.14441332387e-11
8.51556381005e-09	-1.28258964864e-11
8.51662269637e-09	-1.22190957439e-11
8.51768158269e-09	-1.15642814877e-11
8.51874046902e-09	-1.27626175687e-11
8.51979935534e-09	-1.1630508839e-11
8.52085824166e-09	-1.17607185926e-11
8.52191712798e-09	-1.26855196269e-11
8.52297601431e-09	-1.12399928774e-11
8.52403490063e-09	-1.18474880514e-11
8.52509378695e-09	-1.22982905327e-11
8.52615267328e-09	-1.10248104049e-11
8.5272115596e-09	-1.21741544797e-11
8.52827044592e-09	-1.19096231358e-11
8.52932933225e-09	-1.08928426717e-11
8.53038821857e-09	-1.21647182345e-11
8.53144710489e-09	-1.13413907172e-11
8.53250599122e-09	-1.10287204716e-11
8.53356487754e-09	-1.2233177687e-11
8.53462376386e-09	-1.09761900632e-11
8.53568265018e-09	-1.12269273739e-11
8.53674153651e-09	-1.20056242508e-11
8.53780042283e-09	-1.06305425075e-11
8.53885930915e-09	-1.14933244129e-11
8.53991819548e-09	-1.16451804796e-11
8.5409770818e-09	-1.03773693198e-11
8.54203596812e-09	-1.16153647031e-11
8.54309485445e-09	-1.10963521358e-11
8.54415374077e-09	-1.04071242726e-11
8.54521262709e-09	-1.16318279878e-11
8.54627151341e-09	-1.06536227323e-11
8.54733039974e-09	-1.06281060883e-11
8.54838928606e-09	-1.16313988606e-11
8.54944817238e-09	-1.02027123187e-11
8.55050705871e-09	-1.06599463414e-11
8.55156594503e-09	-1.12072676443e-11
8.55262483135e-09	-9.92217560284e-12
8.55368371768e-09	-1.10122867856e-11
8.554742604e-09	-1.0824067879e-11
8.55580149032e-09	-9.84096994432e-12
8.55686037665e-09	-1.09935204386e-11
8.55791926297e-09	-1.02970978098e-11
8.55897814929e-09	-9.82755418927e-12
8.56003703561e-09	-1.10796418698e-11
8.56109592194e-09	-9.96674466049e-12
8.56215480826e-09	-9.99530119046e-12
8.56321369458e-09	-1.08159827665e-11
8.56427258091e-09	-9.54146348519e-12
8.56533146723e-09	-1.03473622899e-11
8.56639035355e-09	-1.05758480315e-11
8.56744923988e-09	-9.31489618512e-12
8.5685081262e-09	-1.04994849078e-11
8.56956701252e-09	-1.01595354308e-11
8.57062589885e-09	-9.16460651942e-12
8.57168478517e-09	-1.05402325323e-11
8.57274367149e-09	-9.45783436377e-12
8.57380255781e-09	-9.40069620455e-12
8.57486144414e-09	-1.047248887e-11
8.57592033046e-09	-9.15417573558e-12
8.57697921678e-09	-9.51783058834e-12
8.57803810311e-09	-1.017979776e-11
8.57909698943e-09	-8.84145030409e-12
8.58015587575e-09	-9.71126705527e-12
8.58121476208e-09	-9.77722438601e-12
8.5822736484e-09	-8.67762193482e-12
8.58333253472e-09	-9.88544272482e-12
8.58439142104e-09	-9.41250940037e-12
8.58545030737e-09	-8.62295261236e-12
8.58650919369e-09	-9.97477274389e-12
8.58756808001e-09	-8.77310062705e-12
8.58862696634e-09	-8.74525045479e-12
8.58968585266e-09	-9.83986091392e-12
8.59074473898e-09	-8.43701448766e-12
8.59180362531e-09	-8.96279957804e-12
8.59286251163e-09	-9.50773194983e-12
8.59392139795e-09	-8.1038195902e-12
8.59498028428e-09	-9.1848052601e-12
8.5960391706e-09	-9.07196225693e-12
8.59709805692e-09	-7.93683673471e-12
8.59815694324e-09	-9.30081153153e-12
8.59921582957e-09	-8.46697988414e-12
8.60027471589e-09	-8.06279338e-12
8.60133360221e-09	-9.2566983809e-12
8.60239248854e-09	-8.03613799854e-12
8.60345137486e-09	-8.15283718357e-12
8.60451026118e-09	-9.08528937846e-12
8.60556914751e-09	-7.48305009537e-12
8.60662803383e-09	-8.46872496175e-12
8.60768692015e-09	-8.69551642062e-12
8.60874580648e-09	-7.3017734979e-12
8.6098046928e-09	-8.61278290441e-12
8.61086357912e-09	-8.12173424217e-12
8.61192246544e-09	-7.26787353173e-12
8.61298135177e-09	-8.65334719028e-12
8.61404023809e-09	-7.54021498017e-12
8.61509912441e-09	-7.43966888962e-12
8.61615801074e-09	-8.57331881269e-12
8.61721689706e-09	-7.14134399402e-12
8.61827578338e-09	-7.80506399529e-12
8.61933466971e-09	-8.29925326596e-12
8.62039355603e-09	-6.81159545001e-12
8.62145244235e-09	-7.93895580786e-12
8.62251132868e-09	-7.72862156218e-12
8.623570215e-09	-6.6131384494e-12
8.62462910132e-09	-7.98056450568e-12
8.62568798764e-09	-7.24198842171e-12
8.62674687397e-09	-6.74910238915e-12
8.62780576029e-09	-8.05710148122e-12
8.62886464661e-09	-6.82726184614e-12
8.62992353294e-09	-6.84288210947e-12
8.63098241926e-09	-7.80427420822e-12
8.63204130558e-09	-6.38285762135e-12
8.63310019191e-09	-7.22775973187e-12
8.63415907823e-09	-7.55762021975e-12
8.63521796455e-09	-6.12653639842e-12
8.63627685087e-09	-7.33565335212e-12
8.6373357372e-09	-7.05392564021e-12
8.63839462352e-09	-6.02075699951e-12
8.63945350984e-09	-7.52119552619e-12
8.64051239617e-09	-6.51553621169e-12
8.64157128249e-09	-6.06009909138e-12
8.64263016881e-09	-7.34642316598e-12
8.64368905514e-09	-6.17163649829e-12
8.64474794146e-09	-6.28234085847e-12
8.64580682778e-09	-7.23940520161e-12
8.64686571411e-09	-5.68532146274e-12
8.64792460043e-09	-6.58451586441e-12
8.64898348675e-09	-6.7128729333e-12
8.65004237307e-09	-5.4780366712e-12
8.6511012594e-09	-6.81612221092e-12
8.65216014572e-09	-6.3581591706e-12
8.65321903204e-09	-5.41109129346e-12
8.65427791837e-09	-6.84858837393e-12
8.65533680469e-09	-5.66354060004e-12
8.65639569101e-09	-5.55142862018e-12
8.65745457734e-09	-6.73570021373e-12
8.65851346366e-09	-5.27956286545e-12
8.65957234998e-09	-5.87692408302e-12
8.66063123631e-09	-6.3144151366e-12
8.66169012263e-09	-4.9274878882e-12
8.66274900895e-09	-5.98571843133e-12
8.66380789527e-09	-5.79062687557e-12
8.6648667816e-09	-4.91733639484e-12
8.66592566792e-09	-6.08807318794e-12
8.66698455424e-09	-5.34218703345e-12
8.66804344057e-09	-4.87620120876e-12
8.66910232689e-09	-6.1882578597e-12
8.67016121321e-09	-4.86927821198e-12
8.67122009954e-09	-5.0557559441e-12
8.67227898586e-09	-5.92580249193e-12
8.67333787218e-09	-4.45556964804e-12
8.67439675851e-09	-5.28790851167e-12
8.67545564483e-09	-5.58601710894e-12
8.67651453115e-09	-4.33745586377e-12
8.67757341747e-09	-5.53121014702e-12
8.6786323038e-09	-5.06614975665e-12
8.67969119012e-09	-4.22678618451e-12
8.68075007644e-09	-5.5101735349e-12
8.68180896277e-09	-4.49071622987e-12
8.68286784909e-09	-4.16893270936e-12
8.68392673541e-09	-5.3948350778e-12
8.68498562174e-09	-3.95666791973e-12
8.68604450806e-09	-4.42696671422e-12
8.68710339438e-09	-5.1083576388e-12
8.6881622807e-09	-3.60792964244e-12
8.68922116703e-09	-4.67039842672e-12
8.69028005335e-09	-4.62850347242e-12
8.69133893967e-09	-3.34883816099e-12
8.692397826e-09	-4.82681643678e-12
8.69345671232e-09	-4.11078265069e-12
8.69451559864e-09	-3.41454706713e-12
8.69557448497e-09	-4.89684223617e-12
8.69663337129e-09	-3.58616692657e-12
8.69769225761e-09	-3.64175427011e-12
8.69875114394e-09	-4.67780453045e-12
8.69981003026e-09	-3.14291669946e-12
8.70086891658e-09	-3.95802649282e-12
8.7019278029e-09	-4.34522887506e-12
8.70298668923e-09	-2.97124032599e-12
8.70404557555e-09	-4.08015656851e-12
8.70510446187e-09	-3.82101650125e-12
8.7061633482e-09	-2.8626754965e-12
8.70722223452e-09	-4.16826520674e-12
8.70828112084e-09	-3.38170168409e-12
8.70934000717e-09	-2.92228351909e-12
8.71039889349e-09	-4.10636688498e-12
8.71145777981e-09	-2.93718394333e-12
8.71251666614e-09	-3.05938742628e-12
8.71357555246e-09	-3.91166499148e-12
8.71463443878e-09	-2.47228003044e-12
8.7156933251e-09	-3.35168026146e-12
8.71675221143e-09	-3.50664891005e-12
8.71781109775e-09	-2.26762506613e-12
8.71886998407e-09	-3.43098734644e-12
8.7199288704e-09	-2.95136137751e-12
8.72098775672e-09	-2.22043589163e-12
8.72204664304e-09	-3.57223484734e-12
8.72310552937e-09	-2.51106595369e-12
8.72416441569e-09	-2.30590504305e-12
8.72522330201e-09	-3.45090232431e-12
8.72628218833e-09	-2.10727374677e-12
8.72734107466e-09	-2.40368414463e-12
8.72839996098e-09	-3.01733787153e-12
8.7294588473e-09	-1.69569832351e-12
8.73051773363e-09	-2.71237737403e-12
8.73157661995e-09	-2.75707617002e-12
8.73263550627e-09	-1.48270400474e-12
8.7336943926e-09	-2.85701513445e-12
8.73475327892e-09	-2.21436253665e-12
8.73581216524e-09	-1.56569352142e-12
8.73687105157e-09	-2.90587747007e-12
8.73792993789e-09	-1.6309456498e-12
8.73898882421e-09	-1.61811996246e-12
8.74004771053e-09	-2.62497166473e-12
8.74110659686e-09	-1.17677932963e-12
8.74216548318e-09	-1.98285843718e-12
8.7432243695e-09	-2.33932751642e-12
8.74428325583e-09	-9.32869589004e-13
8.74534214215e-09	-2.21057502544e-12
8.74640102847e-09	-1.83025250229e-12
8.7474599148e-09	-9.53371333701e-13
8.74851880112e-09	-2.37436817169e-12
8.74957768744e-09	-1.34773080554e-12
8.75063657377e-09	-9.20383046036e-13
8.75169546009e-09	-2.14457897513e-12
8.75275434641e-09	-8.37330889575e-13
8.75381323273e-09	-1.12233195353e-12
8.75487211906e-09	-1.85258465469e-12
8.75593100538e-09	-3.84658322176e-13
8.7569898917e-09	-1.32982911656e-12
8.75804877803e-09	-1.47387415044e-12
8.75910766435e-09	-2.03251925381e-13
8.76016655067e-09	-1.56298250438e-12
8.761225437e-09	-9.08648631055e-13
8.76228432332e-09	-2.2453170711e-13
8.76334320964e-09	-1.60880626854e-12
8.76440209597e-09	-3.60678270562e-13
8.76546098229e-09	-3.49292020004e-13
8.76651986861e-09	-1.40304366974e-12
8.76757875493e-09	-1.02337670266e-13
8.76863764126e-09	-5.70502116211e-13
8.76969652758e-09	-1.1076265095e-12
8.7707554139e-09	2.78276030623e-13
8.77181430023e-09	-7.97816999097e-13
8.77287318655e-09	-6.22915977968e-13
8.77393207287e-09	5.48221360073e-13
8.7749909592e-09	-9.05686048619e-13
8.77604984552e-09	-1.31088867043e-13
8.77710873184e-09	4.20449880627e-13
8.77816761816e-09	-8.7315395257e-13
8.77922650449e-09	3.95449965769e-13
8.78028539081e-09	2.04624718455e-13
8.78134427713e-09	-6.97231795953e-13
8.78240316346e-09	8.04408812781e-13
8.78346204978e-09	-5.35720488695e-14
8.7845209361e-09	-3.33575886097e-13
8.78557982243e-09	1.16031473709e-12
8.78663870875e-09	-1.66158116454e-13
8.78769759507e-09	1.95839682362e-13
8.7887564814e-09	1.2157914649e-12
8.78981536772e-09	-3.68606925853e-13
8.79087425404e-09	6.0360252224e-13
8.79193314036e-09	1.00245584267e-12
8.79299202669e-09	-2.22005411016e-13
8.79405091301e-09	1.3082354888e-12
8.79510979933e-09	8.1620701273e-13
8.79616868566e-09	4.54025922761e-14
8.79722757198e-09	1.71668958888e-12
8.7982864583e-09	5.60015941497e-13
8.79934534463e-09	4.57968346134e-13
8.80040423095e-09	1.69009375722e-12
8.80146311727e-09	3.12308362629e-13
8.8025220036e-09	1.05073117091e-12
8.80358088992e-09	1.66547693334e-12
8.80463977624e-09	3.10667558166e-13
8.80569866256e-09	1.62513124296e-12
8.80675754889e-09	1.55944609439e-12
8.80781643521e-09	6.19151733057e-13
8.80887532153e-09	2.04623400472e-12
8.80993420786e-09	1.34258094009e-12
8.81099309418e-09	8.31652583984e-13
8.8120519805e-09	2.37113342741e-12
8.81311086683e-09	1.0862537676e-12
8.81416975315e-09	1.33367361276e-12
8.81522863947e-09	2.47449218234e-12
8.8162875258e-09	9.68985640695e-13
8.81734641212e-09	2.03570347428e-12
8.81840529844e-09	2.57464760774e-12
8.81946418476e-09	1.06606918253e-12
8.82052307109e-09	2.55906248612e-12
8.82158195741e-09	2.12290626159e-12
8.82264084373e-09	1.20079708099e-12
8.82369973006e-09	2.89496446021e-12
8.82475861638e-09	1.8228771357e-12
8.8258175027e-09	1.63209687938e-12
8.82687638903e-09	3.10852418025e-12
8.82793527535e-09	1.70968412496e-12
8.82899416167e-09	2.1833664366e-12
8.83005304799e-09	3.04297141955e-12
8.83111193432e-09	1.50923369668e-12
8.83217082064e-09	2.71679101199e-12
8.83322970696e-09	3.04150612031e-12
8.83428859329e-09	1.72528748151e-12
8.83534747961e-09	3.29903259658e-12
8.83640636593e-09	2.69831826696e-12
8.83746525226e-09	2.08839995874e-12
8.83852413858e-09	3.57251215915e-12
8.8395830249e-09	2.51860270378e-12
8.84064191123e-09	2.61016410241e-12
8.84170079755e-09	3.74605766329e-12
8.84275968387e-09	2.32354753656e-12
8.84381857019e-09	3.06091823844e-12
8.84487745652e-09	3.73704176328e-12
8.84593634284e-09	2.40526611757e-12
8.84699522916e-09	3.6765429568e-12
8.84805411549e-09	3.57368694641e-12
8.84911300181e-09	2.62045710618e-12
8.85017188813e-09	4.11866255077e-12
8.85123077446e-09	3.35383275514e-12
8.85228966078e-09	2.94612451669e-12
8.8533485471e-09	4.28093752938e-12
8.85440743343e-09	3.03710173872e-12
8.85546631975e-09	3.46531795772e-12
8.85652520607e-09	4.45427229172e-12
8.85758409239e-09	2.95107647629e-12
8.85864297872e-09	4.10853778299e-12
8.85970186504e-09	4.36516854564e-12
8.86076075136e-09	3.06927050507e-12
8.86181963769e-09	4.48835475622e-12
8.86287852401e-09	3.95846463247e-12
8.86393741033e-09	3.23969130467e-12
8.86499629666e-09	4.89883475582e-12
8.86605518298e-09	3.69712694162e-12
8.8671140693e-09	3.88533159774e-12
8.86817295562e-09	5.10698601464e-12
8.86923184195e-09	3.69001931875e-12
8.87029072827e-09	4.40009937123e-12
8.87134961459e-09	5.05451756838e-12
8.87240850092e-09	3.52286251657e-12
8.87346738724e-09	4.88120207773e-12
8.87452627356e-09	4.72582281467e-12
8.87558515989e-09	3.58779735657e-12
8.87664404621e-09	5.31084952491e-12
8.87770293253e-09	4.64393351248e-12
8.87876181886e-09	4.10181120298e-12
8.87982070518e-09	5.64105733696e-12
8.8808795915e-09	4.33287753549e-12
8.88193847782e-09	4.62282347276e-12
8.88299736415e-09	5.7418452588e-12
8.88405625047e-09	4.1172914416e-12
8.88511513679e-09	5.08740358868e-12
8.88617402312e-09	5.64777326469e-12
8.88723290944e-09	4.08251591441e-12
8.88829179576e-09	5.52540787646e-12
8.88935068209e-09	5.44859491726e-12
8.89040956841e-09	4.37233262833e-12
8.89146845473e-09	6.05257337305e-12
8.89252734106e-09	5.11064395014e-12
8.89358622738e-09	4.76170494636e-12
8.8946451137e-09	6.20186947587e-12
8.89570400002e-09	4.90694149809e-12
8.89676288635e-09	5.37190856576e-12
8.89782177267e-09	6.42520628716e-12
8.89888065899e-09	4.76949895052e-12
8.89993954532e-09	5.92826238403e-12
8.90099843164e-09	6.2148201624e-12
8.90205731796e-09	4.95065322287e-12
8.90311620429e-09	6.32585178901e-12
8.90417509061e-09	5.87493611702e-12
8.90523397693e-09	5.12596865995e-12
8.90629286326e-09	6.76141065879e-12
8.90735174958e-09	5.72886220884e-12
8.9084106359e-09	5.76165620748e-12
8.90946952222e-09	6.93113345581e-12
8.91052840855e-09	5.44669759056e-12
8.91158729487e-09	6.21018224367e-12
8.91264618119e-09	6.95699487602e-12
8.91370506752e-09	5.49105395485e-12
8.91476395384e-09	6.8016474614e-12
8.91582284016e-09	6.67132641448e-12
8.91688172649e-09	5.75401499451e-12
8.91794061281e-09	7.30343075513e-12
8.91899949913e-09	6.44435996537e-12
8.92005838545e-09	6.03314127172e-12
8.92111727178e-09	7.51686939689e-12
8.9221761581e-09	6.21121123284e-12
8.92323504442e-09	6.64622686313e-12
8.92429393075e-09	7.68273248838e-12
8.92535281707e-09	6.17125651254e-12
8.92641170339e-09	7.16869079831e-12
8.92747058972e-09	7.60461989604e-12
8.92852947604e-09	6.17551574656e-12
8.92958836236e-09	7.74237499199e-12
8.93064724869e-09	7.35248700031e-12
8.93170613501e-09	6.5217769336e-12
8.93276502133e-09	8.17988808199e-12
8.93382390765e-09	7.04935480648e-12
8.93488279398e-09	6.97658399692e-12
8.9359416803e-09	8.45130383861e-12
8.93700056662e-09	6.87378978606e-12
8.93805945295e-09	7.41055017372e-12
8.93911833927e-09	8.36238885213e-12
8.94017722559e-09	6.68730728345e-12
8.94123611192e-09	8.04037099487e-12
8.94229499824e-09	8.09824744156e-12
8.94335388456e-09	6.93778200037e-12
8.94441277089e-09	8.62076501764e-12
8.94547165721e-09	7.81527463188e-12
8.94653054353e-09	7.20555779214e-12
8.94758942985e-09	8.70714985573e-12
8.94864831618e-09	7.46859610832e-12
8.9497072025e-09	7.67659964459e-12
8.95076608882e-09	8.92787753448e-12
8.95182497515e-09	7.37416779115e-12
8.95288386147e-09	8.25999148637e-12
8.95394274779e-09	8.81331216774e-12
8.95500163412e-09	7.38109259043e-12
8.95606052044e-09	8.78289211107e-12
8.95711940676e-09	8.56371316091e-12
8.95817829309e-09	7.52218954985e-12
8.95923717941e-09	9.23092917209e-12
8.96029606573e-09	8.29522052177e-12
8.96135495205e-09	7.99188555503e-12
8.96241383838e-09	9.45709201054e-12
8.9634727247e-09	8.02527190752e-12
8.96453161102e-09	8.48883913466e-12
8.96559049735e-09	9.49130270905e-12
8.96664938367e-09	7.88845724853e-12
8.96770826999e-09	9.01199069796e-12
8.96876715632e-09	9.27210402641e-12
8.96982604264e-09	8.0297545414e-12
8.97088492896e-09	9.58593805462e-12
8.97194381528e-09	9.00223716101e-12
8.97300270161e-09	8.2307104925e-12
8.97406158793e-09	9.97362045382e-12
8.97512047425e-09	8.69683388889e-12
8.97617936058e-09	8.64548645348e-12
8.9772382469e-09	1.01192985198e-11
8.97829713322e-09	8.49591913748e-12
8.97935601955e-09	9.1160165896e-12
8.98041490587e-09	1.00393544389e-11
8.98147379219e-09	8.35514410479e-12
8.98253267852e-09	9.81416440086e-12
8.98359156484e-09	9.80570171501e-12
8.98465045116e-09	8.60442316356e-12
8.98570933748e-09	1.04991265248e-11
8.98676822381e-09	9.49885412297e-12
8.98782711013e-09	8.95553466454e-12
8.98888599645e-09	1.06274303593e-11
8.98994488278e-09	9.13809365633e-12
8.9910037691e-09	9.45566297787e-12
8.99206265542e-09	1.09040415586e-11
8.99312154175e-09	9.19344488775e-12
8.99418042807e-09	1.01919555152e-11
8.99523931439e-09	1.05195051888e-11
8.99629820072e-09	9.07951491769e-12
8.99735708704e-09	1.07631455831e-11
8.99841597336e-09	1.03317361177e-11
8.99947485968e-09	9.26973596624e-12
9.00053374601e-09	1.1160042725e-11
9.00159263233e-09	9.90696272848e-12
9.00265151865e-09	9.83624303969e-12
9.00371040498e-09	1.14255139638e-11
9.0047692913e-09	9.81749197996e-12
9.00582817762e-09	1.04754728654e-11
9.00688706395e-09	1.13711534763e-11
9.00794595027e-09	9.76643841754e-12
9.00900483659e-09	1.10284013909e-11
9.01006372291e-09	1.10852184636e-11
9.01112260924e-09	9.76645327111e-12
9.01218149556e-09	1.14859231067e-11
9.01324038188e-09	1.07420341068e-11
9.01429926821e-09	1.00732610729e-11
9.01535815453e-09	1.17702628243e-11
9.01641704085e-09	1.05167111998e-11
9.01747592718e-09	1.0630502663e-11
9.0185348135e-09	1.20844229805e-11
9.01959369982e-09	1.03148765029e-11
9.02065258615e-09	1.11900647169e-11
9.02171147247e-09	1.18403434843e-11
9.02277035879e-09	1.01994901782e-11
9.02382924511e-09	1.18713129604e-11
9.02488813144e-09	1.17310349802e-11
9.02594701776e-09	1.03362791416e-11
9.02700590408e-09	1.21889383352e-11
9.02806479041e-09	1.13754672999e-11
9.02912367673e-09	1.07654042473e-11
9.03018256305e-09	1.25926831896e-11
9.03124144938e-09	1.09566009694e-11
9.0323003357e-09	1.14181351006e-11
9.03335922202e-09	1.25955832136e-11
9.03441810835e-09	1.06263549934e-11
9.03547699467e-09	1.20660201665e-11
9.03653588099e-09	1.24590478993e-11
9.03759476731e-09	1.07599572698e-11
9.03865365364e-09	1.25882250587e-11
9.03971253996e-09	1.19263656026e-11
9.04077142628e-09	1.11150660074e-11
9.04183031261e-09	1.29498282757e-11
9.04288919893e-09	1.15851959102e-11
9.04394808525e-09	1.16365753296e-11
9.04500697158e-09	1.29934899645e-11
9.0460658579e-09	1.1418593935e-11
9.04712474422e-09	1.21624085044e-11
9.04818363055e-09	1.31500954874e-11
9.04924251687e-09	1.13405180429e-11
9.05030140319e-09	1.27520791236e-11
9.05136028951e-09	1.2745532494e-11
9.05241917584e-09	1.14235019556e-11
9.05347806216e-09	1.32499031278e-11
9.05453694848e-09	1.24035434701e-11
9.05559583481e-09	1.17590881151e-11
9.05665472113e-09	1.35379657788e-11
9.05771360745e-09	1.19333276984e-11
9.05877249378e-09	1.2270177333e-11
9.0598313801e-09	1.35507462456e-11
9.06089026642e-09	1.18926491918e-11
9.06194915274e-09	1.29684786672e-11
9.06300803907e-09	1.34656416876e-11
9.06406692539e-09	1.17404003186e-11
9.06512581171e-09	1.35495526474e-11
9.06618469804e-09	1.31896320038e-11
9.06724358436e-09	1.20869252107e-11
9.06830247068e-09	1.40316983293e-11
9.06936135701e-09	1.27496329466e-11
9.07042024333e-09	1.24911579561e-11
9.07147912965e-09	1.41923610451e-11
9.07253801598e-09	1.25724524108e-11
9.0735969023e-09	1.31742177931e-11
9.07465578862e-09	1.42312572317e-11
9.07571467494e-09	1.24379933436e-11
9.07677356127e-09	1.37606094054e-11
9.07783244759e-09	1.39027228315e-11
9.07889133391e-09	1.25135249927e-11
9.07995022024e-09	1.42852062644e-11
9.08100910656e-09	1.35792368018e-11
9.08206799288e-09	1.27188437733e-11
9.08312687921e-09	1.45588436055e-11
9.08418576553e-09	1.32371275399e-11
9.08524465185e-09	1.33176056446e-11
9.08630353818e-09	1.48356159172e-11
9.0873624245e-09	1.29704970722e-11
9.08842131082e-09	1.39300712892e-11
9.08948019714e-09	1.46030557438e-11
9.09053908347e-09	1.29685807991e-11
9.09159796979e-09	1.44579594607e-11
9.09265685611e-09	1.44325640848e-11
9.09371574244e-09	1.31027506553e-11
9.09477462876e-09	1.50547787127e-11
9.09583351508e-09	1.40083209789e-11
9.09689240141e-09	1.34283223104e-11
9.09795128773e-09	1.52550725958e-11
9.09901017405e-09	1.36356803669e-11
9.10006906038e-09	1.40676665195e-11
9.1011279467e-09	1.52461896189e-11
9.10218683302e-09	1.3365796859e-11
9.10324571934e-09	1.46552018567e-11
9.10430460567e-09	1.51725975533e-11
9.10536349199e-09	1.3429689652e-11
9.10642237831e-09	1.52843009516e-11
9.10748126464e-09	1.47673957481e-11
9.10854015096e-09	1.3800907357e-11
9.10959903728e-09	1.57135835377e-11
9.11065792361e-09	1.44720072514e-11
9.11171680993e-09	1.42441516481e-11
9.11277569625e-09	1.57638252495e-11
9.11383458257e-09	1.41794185985e-11
9.1148934689e-09	1.50309287586e-11
9.11595235522e-09	1.58196663234e-11
9.11701124154e-09	1.40662928354e-11
9.11807012787e-09	1.55401856747e-11
9.11912901419e-09	1.55117062858e-11
9.12018790051e-09	1.40323379002e-11
9.12124678684e-09	1.6102177534e-11
9.12230567316e-09	1.52332548702e-11
9.12336455948e-09	1.45174450261e-11
9.12442344581e-09	1.63022544682e-11
9.12548233213e-09	1.47022701088e-11
9.12654121845e-09	1.49257522574e-11
9.12760010477e-09	1.64494837022e-11
9.1286589911e-09	1.46426160042e-11
9.12971787742e-09	1.57382700622e-11
9.13077676374e-09	1.6298367495e-11
9.13183565007e-09	1.44123666994e-11
9.13289453639e-09	1.6113740225e-11
9.13395342271e-09	1.59578812838e-11
9.13501230904e-09	1.46113122686e-11
9.13607119536e-09	1.67056018541e-11
9.13713008168e-09	1.56570216861e-11
9.13818896801e-09	1.51010805965e-11
9.13924785433e-09	1.69139704412e-11
9.14030674065e-09	1.52727403207e-11
9.14136562697e-09	1.56513115185e-11
9.1424245133e-09	1.68907008605e-11
9.14348339962e-09	1.48944742174e-11
9.14454228594e-09	1.62362336032e-11
9.14560117227e-09	1.68043945729e-11
9.14666005859e-09	1.50116373325e-11
9.14771894491e-09	1.6779139818e-11
9.14877783124e-09	1.62864301038e-11
9.14983671756e-09	1.52503495943e-11
9.15089560388e-09	1.73539434776e-11
9.1519544902e-09	1.59410792943e-11
9.15301337653e-09	1.58027994987e-11
9.15407226285e-09	1.73096809239e-11
9.15513114917e-09	1.54631668798e-11
9.1561900355e-09	1.63897645455e-11
9.15724892182e-09	1.72708446936e-11
9.15830780814e-09	1.54025735308e-11
9.15936669447e-09	1.69669001071e-11
9.16042558079e-09	1.69149923018e-11
9.16148446711e-09	1.56046714179e-11
9.16254335344e-09	1.75160340876e-11
9.16360223976e-09	1.66635785032e-11
9.16466112608e-09	1.60489339917e-11
9.1657200124e-09	1.77457367377e-11
9.16677889873e-09	1.62138388653e-11
9.16783778505e-09	1.65073242618e-11
9.16889667137e-09	1.78795029997e-11
9.1699555577e-09	1.59344074394e-11
9.17101444402e-09	1.71242406106e-11
9.17207333034e-09	1.76823252221e-11
9.17313221667e-09	1.59616885681e-11
9.17419110299e-09	1.76561358849e-11
9.17524998931e-09	1.73982617592e-11
9.17630887564e-09	1.60515015992e-11
9.17736776196e-09	1.80613639279e-11
9.17842664828e-09	1.68549032153e-11
9.1794855346e-09	1.64827377008e-11
9.18054442093e-09	1.83459276416e-11
9.18160330725e-09	1.66074594398e-11
9.18266219357e-09	1.71740394258e-11
9.1837210799e-09	1.83563784832e-11
9.18477996622e-09	1.63722410195e-11
9.18583885254e-09	1.76642152511e-11
9.18689773887e-09	1.81020864531e-11
9.18795662519e-09	1.62582158023e-11
9.18901551151e-09	1.83858001523e-11
9.19007439784e-09	1.76525236486e-11
9.19113328416e-09	1.66347275581e-11
9.19219217048e-09	1.87246320879e-11
9.1932510568e-09	1.7232214245e-11
9.19430994313e-09	1.72611924754e-11
9.19536882945e-09	1.89034337229e-11
9.19642771577e-09	1.69363361226e-11
9.1974866021e-09	1.77781757415e-11
9.19854548842e-09	1.86836459932e-11
9.19960437474e-09	1.6705341754e-11
9.20066326107e-09	1.8525768376e-11
9.20172214739e-09	1.83846644505e-11
9.20278103371e-09	1.69193743217e-11
9.20383992003e-09	1.90418941465e-11
9.20489880636e-09	1.78613080272e-11
9.20595769268e-09	1.7323116574e-11
9.207016579e-09	1.92899460511e-11
9.20807546533e-09	1.75779631736e-11
9.20913435165e-09	1.7892067385e-11
9.21019323797e-09	1.92376862053e-11
9.2112521243e-09	1.72393225997e-11
9.21231101062e-09	1.85382774669e-11
9.21336989694e-09	1.91302499015e-11
9.21442878327e-09	1.72900891738e-11
9.21548766959e-09	1.92153764688e-11
9.21654655591e-09	1.86555281856e-11
9.21760544223e-09	1.75027180249e-11
9.21866432856e-09	1.96309341395e-11
9.21972321488e-09	1.83413323591e-11
9.2207821012e-09	1.80212148372e-11
9.22184098753e-09	1.9801243761e-11
9.22289987385e-09	1.78195321996e-11
9.22395876017e-09	1.85047971954e-11
9.2250176465e-09	1.97459680985e-11
9.22607653282e-09	1.77379664776e-11
9.22713541914e-09	1.92407681584e-11
9.22819430547e-09	1.93117690893e-11
9.22925319179e-09	1.75902778671e-11
9.23031207811e-09	1.96594006265e-11
9.23137096443e-09	1.88864968586e-11
9.23242985076e-09	1.81088425505e-11
9.23348873708e-09	2.00489021001e-11
9.2345476234e-09	1.84073037845e-11
9.23560650973e-09	1.86433428374e-11
9.23666539605e-09	2.02388067243e-11
9.23772428237e-09	1.82835681274e-11
9.2387831687e-09	1.92514795338e-11
9.23984205502e-09	2.00189905885e-11
9.24090094134e-09	1.81593174742e-11
9.24195982766e-09	1.99092374531e-11
9.24301871399e-09	1.95719163532e-11
9.24407760031e-09	1.81719236013e-11
9.24513648663e-09	2.03926813587e-11
9.24619537296e-09	1.90733159518e-11
9.24725425928e-09	1.86743233724e-11
9.2483131456e-09	2.05962532186e-11
9.24937203193e-09	1.8781240777e-11
9.25043091825e-09	1.92802857013e-11
9.25148980457e-09	2.04788287023e-11
9.2525486909e-09	1.84117744922e-11
9.25360757722e-09	1.98585600004e-11
9.25466646354e-09	2.01790877844e-11
9.25572534986e-09	1.84980370865e-11
9.25678423619e-09	2.04521325006e-11
9.25784312251e-09	1.98373314303e-11
9.25890200883e-09	1.87373083629e-11
9.25996089516e-09	2.08676249024e-11
9.26101978148e-09	1.93375523927e-11
9.2620786678e-09	1.93038099611e-11
9.26313755413e-09	2.10497303182e-11
9.26419644045e-09	1.90299564301e-11
9.26525532677e-09	1.9849035718e-11
9.2663142131e-09	2.07404705389e-11
9.26737309942e-09	1.88172668636e-11
9.26843198574e-09	2.06695608979e-11
9.26949087206e-09	2.04327980317e-11
9.27054975839e-09	1.88784983739e-11
9.27160864471e-09	2.106820946e-11
9.27266753103e-09	2.00142468787e-11
9.27372641736e-09	1.94307960564e-11
9.27478530368e-09	2.1387217301e-11
9.27584419e-09	1.95195194643e-11
9.27690307633e-09	1.97771815201e-11
9.27796196265e-09	2.13422107678e-11
9.27902084897e-09	1.92857282878e-11
9.2800797353e-09	2.05613457033e-11
9.28113862162e-09	2.11688114954e-11
9.28219750794e-09	1.92198025073e-11
9.28325639426e-09	2.11678287745e-11
9.28431528059e-09	2.06531629906e-11
9.28537416691e-09	1.93792395325e-11
9.28643305323e-09	2.15134002193e-11
9.28749193956e-09	2.00866864374e-11
9.28855082588e-09	1.98819375677e-11
9.2896097122e-09	2.17923830023e-11
9.29066859853e-09	1.98483329382e-11
9.29172748485e-09	2.06001976545e-11
9.29278637117e-09	2.16287890376e-11
9.29384525749e-09	1.9540540735e-11
9.29490414382e-09	2.11169744885e-11
9.29596303014e-09	2.13001803695e-11
9.29702191646e-09	1.96056018642e-11
9.29808080279e-09	2.18104715061e-11
9.29913968911e-09	2.08788947503e-11
9.30019857543e-09	1.98198126748e-11
9.30125746176e-09	2.19923387227e-11
9.30231634808e-09	2.02710394043e-11
9.3033752344e-09	2.04016664673e-11
9.30443412073e-09	2.21051705586e-11
9.30549300705e-09	2.009223018e-11
9.30655189337e-09	2.10098078258e-11
9.30761077969e-09	2.20136276829e-11
9.30866966602e-09	1.98642182347e-11
9.30972855234e-09	2.17927535826e-11
9.31078743866e-09	2.14815418058e-11
9.31184632499e-09	1.99445091519e-11
9.31290521131e-09	2.2069429834e-11
9.31396409763e-09	2.091478748e-11
9.31502298396e-09	2.02740333202e-11
9.31608187028e-09	2.24585293938e-11
9.3171407566e-09	2.06739252454e-11
9.31819964293e-09	2.09754842618e-11
9.31925852925e-09	2.2465261422e-11
9.32031741557e-09	2.0235018305e-11
9.32137630189e-09	2.16112039288e-11
9.32243518822e-09	2.21636829983e-11
9.32349407454e-09	2.02358117242e-11
9.32455296086e-09	2.21571263941e-11
9.32561184719e-09	2.16848526982e-11
9.32667073351e-09	2.03038124508e-11
9.32772961983e-09	2.26346873102e-11
9.32878850616e-09	2.11514796563e-11
9.32984739248e-09	2.08651284184e-11
9.3309062788e-09	2.27621305051e-11
9.33196516513e-09	2.06982598379e-11
9.33302405145e-09	2.13900041342e-11
9.33408293777e-09	2.26498741637e-11
9.33514182409e-09	2.04703534939e-11
9.33620071042e-09	2.2129712559e-11
9.33725959674e-09	2.24270187924e-11
9.33831848306e-09	2.06736655789e-11
9.33937736939e-09	2.27246533223e-11
9.34043625571e-09	2.18318987021e-11
9.34149514203e-09	2.08558770297e-11
9.34255402836e-09	2.30309178846e-11
9.34361291468e-09	2.13433244602e-11
9.344671801e-09	2.13843035076e-11
9.34573068732e-09	2.30572629132e-11
9.34678957365e-09	2.08359805104e-11
9.34784845997e-09	2.20288220174e-11
9.34890734629e-09	2.29722230821e-11
9.34996623262e-09	2.08074526576e-11
9.35102511894e-09	2.25905960605e-11
9.35208400526e-09	2.23936938871e-11
9.35314289159e-09	2.0991300061e-11
9.35420177791e-09	2.31543595061e-11
9.35526066423e-09	2.19365905649e-11
9.35631955056e-09	2.13353605616e-11
9.35737843688e-09	2.33004958643e-11
9.3584373232e-09	2.14215365281e-11
9.35949620952e-09	2.20144424608e-11
9.36055509585e-09	2.34180762889e-11
9.36161398217e-09	2.12620985271e-11
9.36267286849e-09	2.25960306239e-11
9.36373175482e-09	2.30356441387e-11
9.36479064114e-09	2.10727274389e-11
9.36584952746e-09	2.31757252278e-11
9.36690841379e-09	2.25290966438e-11
9.36796730011e-09	2.14738677144e-11
9.36902618643e-09	2.36170781282e-11
9.37008507276e-09	2.19937518718e-11
9.37114395908e-09	2.18000515643e-11
9.3722028454e-09	2.3663963367e-11
9.37326173172e-09	2.15031152606e-11
9.37432061805e-09	2.24834964015e-11
9.37537950437e-09	2.34885537669e-11
9.37643839069e-09	2.14223243094e-11
9.37749727702e-09	2.31437067861e-11
9.37855616334e-09	2.30614238643e-11
9.37961504966e-09	2.13996255612e-11
9.38067393599e-09	2.36401334706e-11
9.38173282231e-09	2.26721341354e-11
9.38279170863e-09	2.18554931097e-11
9.38385059495e-09	2.38840744057e-11
9.38490948128e-09	2.20479812792e-11
9.3859683676e-09	2.23519908095e-11
9.38702725392e-09	2.37427503873e-11
9.38808614025e-09	2.17136318691e-11
9.38914502657e-09	2.30502889996e-11
9.39020391289e-09	2.35042404376e-11
9.39126279922e-09	2.16562530712e-11
9.39232168554e-09	2.37353006173e-11
9.39338057186e-09	2.31987241917e-11
9.39443945819e-09	2.18693862932e-11
9.39549834451e-09	2.40402062406e-11
9.39655723083e-09	2.25446159137e-11
9.39761611715e-09	2.23094151659e-11
9.39867500348e-09	2.41884158102e-11
9.3997338898e-09	2.20288925989e-11
9.40079277612e-09	2.29701046595e-11
9.40185166245e-09	2.40690395132e-11
9.40291054877e-09	2.18286964025e-11
9.40396943509e-09	2.35137997398e-11
9.40502832142e-09	2.37401602283e-11
9.40608720774e-09	2.20278489459e-11
9.40714609406e-09	2.41552344533e-11
9.40820498039e-09	2.32028877448e-11
9.40926386671e-09	2.20248406102e-11
9.41032275303e-09	2.43025152953e-11
9.41138163935e-09	2.26153796211e-11
9.41244052568e-09	2.27221737519e-11
9.413499412e-09	2.44763773052e-11
9.41455829832e-09	2.22236742897e-11
9.41561718465e-09	2.34205271279e-11
9.41667607097e-09	2.42256028606e-11
9.41773495729e-09	2.20796256712e-11
9.41879384362e-09	2.4032745195e-11
9.41985272994e-09	2.36317660319e-11
9.42091161626e-09	2.2276928132e-11
9.42197050259e-09	2.45067494943e-11
9.42302938891e-09	2.32263119328e-11
9.42408827523e-09	2.26502116759e-11
9.42514716155e-09	2.46893709904e-11
9.42620604788e-09	2.27836326194e-11
9.4272649342e-09	2.32397872647e-11
9.42832382052e-09	2.46074141966e-11
9.42938270685e-09	2.236414374e-11
9.43044159317e-09	2.38607598306e-11
9.43150047949e-09	2.42685478918e-11
9.43255936582e-09	2.23778250704e-11
9.43361825214e-09	2.43817548616e-11
9.43467713846e-09	2.37308556052e-11
9.43573602478e-09	2.26350272076e-11
9.43679491111e-09	2.47589312333e-11
9.43785379743e-09	2.32177493377e-11
9.43891268375e-09	2.29993524226e-11
9.43997157008e-09	2.4873145427e-11
9.4410304564e-09	2.27844761287e-11
9.44208934272e-09	2.37390572694e-11
9.44314822905e-09	2.46775319363e-11
9.44420711537e-09	2.2506624819e-11
9.44526600169e-09	2.41491676916e-11
9.44632488802e-09	2.41393708408e-11
9.44738377434e-09	2.26481433434e-11
9.44844266066e-09	2.48738217523e-11
9.44950154698e-09	2.37395268374e-11
9.45056043331e-09	2.29033247446e-11
9.45161931963e-09	2.49749342301e-11
9.45267820595e-09	2.31802088375e-11
9.45373709228e-09	2.34360247138e-11
9.4547959786e-09	2.49878167203e-11
9.45585486492e-09	2.27328377476e-11
9.45691375125e-09	2.39980597243e-11
9.45797263757e-09	2.48194017421e-11
9.45903152389e-09	2.2660623703e-11
9.46009041022e-09	2.46791673469e-11
9.46114929654e-09	2.42685825862e-11
9.46220818286e-09	2.28317597033e-11
9.46326706918e-09	2.52232117571e-11
9.46432595551e-09	2.35770621776e-11
9.46538484183e-09	2.32042486354e-11
9.46644372815e-09	2.53820042241e-11
9.46750261448e-09	2.32513455104e-11
9.4685615008e-09	2.39045416491e-11
9.46962038712e-09	2.50827457762e-11
9.47067927345e-09	2.29120883507e-11
9.47173815977e-09	2.45762316747e-11
9.47279704609e-09	2.47614775906e-11
9.47385593242e-09	2.29480788755e-11
9.47491481874e-09	2.49624652546e-11
9.47597370506e-09	2.42062374919e-11
9.47703259138e-09	2.31394180076e-11
9.47809147771e-09	2.52483364077e-11
9.47915036403e-09	2.35789150791e-11
9.48020925035e-09	2.36562926366e-11
9.48126813668e-09	2.55049657609e-11
9.482327023e-09	2.32712041911e-11
9.48338590932e-09	2.42005307937e-11
9.48444479565e-09	2.51781902619e-11
9.48550368197e-09	2.30435975206e-11
9.48656256829e-09	2.48212622331e-11
9.48762145461e-09	2.46143823639e-11
9.48868034094e-09	2.29892991579e-11
9.48973922726e-09	2.53165346759e-11
9.49079811358e-09	2.41704861421e-11
9.49185699991e-09	2.34458566927e-11
9.49291588623e-09	2.56033939709e-11
9.49397477255e-09	2.35527244409e-11
9.49503365888e-09	2.40227244564e-11
9.4960925452e-09	2.55699719211e-11
9.49715143152e-09	2.32990635248e-11
9.49821031785e-09	2.45638672163e-11
9.49926920417e-09	2.51232095023e-11
9.50032809049e-09	2.31039468156e-11
9.50138697681e-09	2.50604647711e-11
9.50244586314e-09	2.45902024871e-11
9.50350474946e-09	2.33619215553e-11
9.50456363578e-09	2.57273258687e-11
9.50562252211e-09	2.42100037934e-11
9.50668140843e-09	2.37143163179e-11
9.50774029475e-09	2.56353560341e-11
9.50879918108e-09	2.35176838941e-11
9.5098580674e-09	2.42963494376e-11
9.51091695372e-09	2.55514320639e-11
9.51197584005e-09	2.33016708142e-11
9.51303472637e-09	2.4973924621e-11
9.51409361269e-09	2.5122340189e-11
9.51515249901e-09	2.33318151041e-11
9.51621138534e-09	2.55954259523e-11
9.51727027166e-09	2.45684312738e-11
9.51832915798e-09	2.34308270486e-11
9.51938804431e-09	2.56837799726e-11
9.52044693063e-09	2.39622683675e-11
9.52150581695e-09	2.39948256577e-11
9.52256470328e-09	2.57931221954e-11
9.5236235896e-09	2.34575349596e-11
9.52468247592e-09	2.46897711694e-11
9.52574136224e-09	2.55200398574e-11
9.52680024857e-09	2.3376262189e-11
9.52785913489e-09	2.53056683681e-11
9.52891802121e-09	2.50097199894e-11
9.52997690754e-09	2.34128635533e-11
9.53103579386e-09	2.5744415497e-11
9.53209468018e-09	2.43990008319e-11
9.53315356651e-09	2.37736992635e-11
9.53421245283e-09	2.57563603692e-11
9.53527133915e-09	2.3736498227e-11
9.53633022548e-09	2.4433640766e-11
9.5373891118e-09	2.59220353516e-11
9.53844799812e-09	2.35670920713e-11
9.53950688444e-09	2.49976369899e-11
9.54056577077e-09	2.5374528867e-11
9.54162465709e-09	2.33890710619e-11
9.54268354341e-09	2.54873006381e-11
9.54374242974e-09	2.47893999165e-11
9.54480131606e-09	2.36897924237e-11
9.54586020238e-09	2.60260723563e-11
9.54691908871e-09	2.44436855739e-11
9.54797797503e-09	2.41089339248e-11
9.54903686135e-09	2.60004869197e-11
9.55009574768e-09	2.36925787149e-11
9.551154634e-09	2.45912194687e-11
9.55221352032e-09	2.57952151392e-11
9.55327240664e-09	2.34504212923e-11
9.55433129297e-09	2.52464665926e-11
9.55539017929e-09	2.52231130947e-11
9.55644906561e-09	2.34673564218e-11
9.55750795194e-09	2.57551371723e-11
9.55856683826e-09	2.47259734389e-11
9.55962572458e-09	2.38083889626e-11
9.56068461091e-09	2.59381977702e-11
9.56174349723e-09	2.39891800001e-11
9.56280238355e-09	2.42921136765e-11
9.56386126988e-09	2.5986871292e-11
9.5649201562e-09	2.35776077481e-11
9.56597904252e-09	2.49369134283e-11
9.56703792884e-09	2.56424419458e-11
9.56809681517e-09	2.359498263e-11
9.56915570149e-09	2.55184306845e-11
9.57021458781e-09	2.50668734901e-11
9.57127347414e-09	2.35952260334e-11
9.57233236046e-09	2.61331119505e-11
9.57339124678e-09	2.45029988053e-11
9.57445013311e-09	2.39932590939e-11
9.57550901943e-09	2.61267197113e-11
9.57656790575e-09	2.39789778745e-11
9.57762679207e-09	2.46262550282e-11
9.5786856784e-09	2.58676606611e-11
9.57974456472e-09	2.35512298682e-11
9.58080345104e-09	2.52213696976e-11
9.58186233737e-09	2.54904088288e-11
9.58292122369e-09	2.3520676292e-11
9.58398011001e-09	2.58233684002e-11
9.58503899634e-09	2.48808554055e-11
9.58609788266e-09	2.37254616994e-11
9.58715676898e-09	2.60378333478e-11
9.58821565531e-09	2.42956874237e-11
9.58927454163e-09	2.41874107548e-11
9.59033342795e-09	2.59887623574e-11
9.59139231427e-09	2.37030649015e-11
9.5924512006e-09	2.48062825706e-11
9.59351008692e-09	2.57126652869e-11
9.59456897324e-09	2.349832644e-11
9.59562785957e-09	2.54437174455e-11
9.59668674589e-09	2.52295640976e-11
9.59774563221e-09	2.3534778835e-11
9.59880451854e-09	2.59224477821e-11
9.59986340486e-09	2.45696828768e-11
9.60092229118e-09	2.39476136404e-11
9.60198117751e-09	2.62344941777e-11
9.60304006383e-09	2.39857888325e-11
9.60409895015e-09	2.44872570571e-11
9.60515783647e-09	2.59571225191e-11
9.6062167228e-09	2.36466066996e-11
9.60727560912e-09	2.5020131366e-11
9.60833449544e-09	2.56563902068e-11
9.60939338177e-09	2.34965833682e-11
9.61045226809e-09	2.5626374937e-11
9.61151115441e-09	2.49831158365e-11
9.61257004074e-09	2.35897392115e-11
9.61362892706e-09	2.61026905386e-11
9.61468781338e-09	2.44658000456e-11
9.61574669971e-09	2.4159991824e-11
9.61680558603e-09	2.60657203287e-11
9.61786447235e-09	2.36894260718e-11
9.61892335867e-09	2.45522586637e-11
9.619982245e-09	2.5872198264e-11
9.62104113132e-09	2.35971478902e-11
9.62210001764e-09	2.52827158081e-11
9.62315890397e-09	2.5362627146e-11
9.62421779029e-09	2.34572215168e-11
9.62527667661e-09	2.58393710074e-11
9.62633556294e-09	2.47586994309e-11
9.62739444926e-09	2.37822425598e-11
9.62845333558e-09	2.60617664602e-11
9.6295122219e-09	2.40390550348e-11
9.63057110823e-09	2.42920403844e-11
9.63162999455e-09	2.61097348169e-11
9.63268888087e-09	2.36639678122e-11
9.6337477672e-09	2.50179466987e-11
9.63480665352e-09	2.55349998958e-11
9.63586553984e-09	2.33983167043e-11
9.63692442617e-09	2.5589793522e-11
9.63798331249e-09	2.51152590478e-11
9.63904219881e-09	2.34881367828e-11
9.64010108514e-09	2.58014796594e-11
9.64115997146e-09	2.4485612973e-11
9.64221885778e-09	2.39472781882e-11
9.6432777441e-09	2.61735739419e-11
9.64433663043e-09	2.38721614091e-11
9.64539551675e-09	2.44308714968e-11
9.64645440307e-09	2.5785649874e-11
9.6475132894e-09	2.33696085487e-11
9.64857217572e-09	2.51629925663e-11
9.64963106204e-09	2.53872875413e-11
9.65068994837e-09	2.33528192443e-11
9.65174883469e-09	2.56879417911e-11
9.65280772101e-09	2.47900272358e-11
9.65386660734e-09	2.3623204521e-11
9.65492549366e-09	2.59856682613e-11
9.65598437998e-09	2.41121931449e-11
9.6570432663e-09	2.40158472536e-11
9.65810215263e-09	2.58399517061e-11
9.65916103895e-09	2.36505131885e-11
9.66021992527e-09	2.47205502596e-11
9.6612788116e-09	2.5632741589e-11
9.66233769792e-09	2.32725076189e-11
9.66339658424e-09	2.52222763075e-11
9.66445547057e-09	2.50451419586e-11
9.66551435689e-09	2.32332636203e-11
9.66657324321e-09	2.57007958752e-11
9.66763212953e-09	2.45476156763e-11
9.66869101586e-09	2.36366265102e-11
9.66974990218e-09	2.60495210472e-11
9.6708087885e-09	2.38872370235e-11
9.67186767483e-09	2.41146154694e-11
9.67292656115e-09	2.58777669432e-11
9.67398544747e-09	2.33968323231e-11
9.6750443338e-09	2.47916366256e-11
9.67610322012e-09	2.53942925715e-11
9.67716210644e-09	2.3099921715e-11
9.67822099277e-09	2.54184316824e-11
9.67927987909e-09	2.47909765633e-11
9.68033876541e-09	2.33333488165e-11
9.68139765173e-09	2.57802212737e-11
9.68245653806e-09	2.40943421898e-11
9.68351542438e-09	2.36484476749e-11
9.6845743107e-09	2.57336400453e-11
9.68563319703e-09	2.34793356632e-11
9.68669208335e-09	2.42333297526e-11
9.68775096967e-09	2.55650034562e-11
9.688809856e-09	2.31298324677e-11
9.68986874232e-09	2.48911399305e-11
9.69092762864e-09	2.5044926636e-11
9.69198651497e-09	2.30770798521e-11
9.69304540129e-09	2.55592949149e-11
9.69410428761e-09	2.43922863678e-11
9.69516317393e-09	2.32660006712e-11
9.69622206026e-09	2.56864557836e-11
9.69728094658e-09	2.37016736532e-11
9.6983398329e-09	2.3824792833e-11
9.69939871923e-09	2.56956741041e-11
9.70045760555e-09	2.33258411501e-11
9.70151649187e-09	2.43889426883e-11
9.7025753782e-09	2.52213167885e-11
9.70363426452e-09	2.29837352492e-11
9.70469315084e-09	2.50322156666e-11
9.70575203717e-09	2.47375980377e-11
9.70681092349e-09	2.29886375777e-11
9.70786980981e-09	2.54944611429e-11
9.70892869613e-09	2.39441248946e-11
9.70998758246e-09	2.3294749376e-11
9.71104646878e-09	2.5535143661e-11
9.7121053551e-09	2.33871652513e-11
9.71316424143e-09	2.385012294e-11
9.71422312775e-09	2.53625707675e-11
9.71528201407e-09	2.29153281637e-11
9.7163409004e-09	2.44799898668e-11
9.71739978672e-09	2.50824617153e-11
9.71845867304e-09	2.27429165995e-11
9.71951755936e-09	2.50997024814e-11
9.72057644569e-09	2.44151040531e-11
9.72163533201e-09	2.29342420706e-11
9.72269421833e-09	2.54855665651e-11
9.72375310466e-09	2.36679291617e-11
9.72481199098e-09	2.34405287064e-11
9.7258708773e-09	2.54420217533e-11
9.72692976363e-09	2.29060874001e-11
9.72798864995e-09	2.39770163359e-11
9.72904753627e-09	2.51979823725e-11
9.7301064226e-09	2.27323212337e-11
9.73116530892e-09	2.46725253075e-11
9.73222419524e-09	2.46611090923e-11
9.73328308156e-09	2.26289702037e-11
9.73434196789e-09	2.5031352208e-11
9.73540085421e-09	2.37639131463e-11
9.73645974053e-09	2.28396674403e-11
9.73751862686e-09	2.53078565049e-11
9.73857751318e-09	2.31825201397e-11
9.7396363995e-09	2.34843369794e-11
9.74069528583e-09	2.52391818382e-11
9.74175417215e-09	2.25689725155e-11
9.74281305847e-09	2.39699325926e-11
9.7438719448e-09	2.48031111708e-11
9.74493083112e-09	2.24557241291e-11
9.74598971744e-09	2.46622975947e-11
9.74704860376e-09	2.41503748423e-11
9.74810749009e-09	2.24948398667e-11
9.74916637641e-09	2.49749578657e-11
9.75022526273e-09	2.34088443074e-11
9.75128414906e-09	2.28118138528e-11
9.75234303538e-09	2.50743588219e-11
9.7534019217e-09	2.27396042534e-11
9.75446080803e-09	2.34756091519e-11
9.75551969435e-09	2.48747914627e-11
9.75657858067e-09	2.23406727146e-11
9.757637467e-09	2.40643653008e-11
9.75869635332e-09	2.44526076904e-11
9.75975523964e-09	2.21197787734e-11
9.76081412596e-09	2.46621971976e-11
9.76187301229e-09	2.37114737567e-11
9.76293189861e-09	2.22622989921e-11
9.76399078493e-09	2.49041935078e-11
9.76504967126e-09	2.29964131505e-11
9.76610855758e-09	2.28912504186e-11
9.7671674439e-09	2.50185046291e-11
9.76822633023e-09	2.24202650802e-11
9.76928521655e-09	2.3494068995e-11
9.77034410287e-09	2.46011308113e-11
9.77140298919e-09	2.20143567004e-11
9.77246187552e-09	2.41667118175e-11
9.77352076184e-09	2.39420959187e-11
9.77457964816e-09	2.19602318101e-11
9.77563853449e-09	2.45244252423e-11
9.77669742081e-09	2.3215162865e-11
9.77775630713e-09	2.24072697246e-11
9.77881519346e-09	2.49434253634e-11
9.77987407978e-09	2.25224825769e-11
9.7809329661e-09	2.28103626482e-11
9.78199185243e-09	2.4641199671e-11
9.78305073875e-09	2.19263142798e-11
9.78410962507e-09	2.35072548449e-11
9.78516851139e-09	2.41461839672e-11
9.78622739772e-09	2.16999335168e-11
9.78728628404e-09	2.41343199765e-11
9.78834517036e-09	2.34512524417e-11
9.78940405669e-09	2.18651150788e-11
9.79046294301e-09	2.43707859882e-11
9.79152182933e-09	2.26467453731e-11
9.79258071566e-09	2.21986531804e-11
9.79363960198e-09	2.45742731719e-11
9.7946984883e-09	2.20906971101e-11
9.79575737463e-09	2.28623557802e-11
9.79681626095e-09	2.43480418119e-11
9.79787514727e-09	2.14763473932e-11
9.79893403359e-09	2.35710902836e-11
9.79999291992e-09	2.35899529077e-11
9.80105180624e-09	2.13771873467e-11
9.80211069256e-09	2.41642144662e-11
9.80316957889e-09	2.29066535705e-11
9.80422846521e-09	2.17120565233e-11
9.80528735153e-09	2.43099765578e-11
9.80634623786e-09	2.20563430801e-11
9.80740512418e-09	2.22443081749e-11
9.8084640105e-09	2.43583853175e-11
9.80952289682e-09	2.15681171924e-11
9.81058178315e-09	2.29010227665e-11
9.81164066947e-09	2.37481867938e-11
9.81269955579e-09	2.11454642858e-11
9.81375844212e-09	2.35351146124e-11
9.81481732844e-09	2.31302364415e-11
9.81587621476e-09	2.1209892241e-11
9.81693510109e-09	2.3908395012e-11
9.81799398741e-09	2.22861273706e-11
9.81905287373e-09	2.14569830003e-11
9.82011176006e-09	2.40183190177e-11
9.82117064638e-09	2.15778950697e-11
9.8222295327e-09	2.2179928792e-11
9.82328841902e-09	2.37471787026e-11
9.82434730535e-09	2.10190518419e-11
9.82540619167e-09	2.28930293776e-11
9.82646507799e-09	2.32552807306e-11
9.82752396432e-09	2.07816407312e-11
9.82858285064e-09	2.34662100949e-11
9.82964173696e-09	2.24500617749e-11
9.83070062329e-09	2.10165754157e-11
9.83175950961e-09	2.3813244562e-11
9.83281839593e-09	2.16730273051e-11
9.83387728226e-09	2.14561325521e-11
9.83493616858e-09	2.377956187e-11
9.8359950549e-09	2.10368882687e-11
9.83705394122e-09	2.21512954464e-11
9.83811282755e-09	2.32666243043e-11
9.83917171387e-09	2.04807164067e-11
9.84023060019e-09	2.28168051944e-11
9.84128948652e-09	2.26443930881e-11
9.84234837284e-09	2.0483756618e-11
9.84340725916e-09	2.33504029914e-11
9.84446614549e-09	2.19818111196e-11
9.84552503181e-09	2.09628530897e-11
9.84658391813e-09	2.3535662785e-11
9.84764280446e-09	2.11821562894e-11
9.84870169078e-09	2.14277637517e-11
9.8497605771e-09	2.34270584702e-11
9.85081946342e-09	2.04539408414e-11
9.85187834975e-09	2.2201968237e-11
9.85293723607e-09	2.27744164673e-11
9.85399612239e-09	2.01856448223e-11
9.85505500872e-09	2.2687129844e-11
9.85611389504e-09	2.2097523247e-11
9.85717278136e-09	2.02616726565e-11
9.85823166769e-09	2.3212459949e-11
9.85929055401e-09	2.12189606164e-11
9.86034944033e-09	2.0700412196e-11
9.86140832665e-09	2.31020285367e-11
9.86246721298e-09	2.04377170569e-11
9.8635260993e-09	2.13181896181e-11
9.86458498562e-09	2.28617205462e-11
9.86564387195e-09	2.00244085636e-11
9.86670275827e-09	2.21211189557e-11
9.86776164459e-09	2.23105516266e-11
9.86882053092e-09	1.98539273129e-11
9.86987941724e-09	2.27119792157e-11
9.87093830356e-09	2.14421510061e-11
9.87199718989e-09	2.00709211621e-11
9.87305607621e-09	2.29388827811e-11
9.87411496253e-09	2.06704711941e-11
9.87517384885e-09	2.06722736802e-11
9.87623273518e-09	2.27982667467e-11
9.8772916215e-09	1.98570738845e-11
9.87835050782e-09	2.12993835893e-11
9.87940939415e-09	2.24369865135e-11
9.88046828047e-09	1.96390716189e-11
9.88152716679e-09	2.21096376884e-11
9.88258605312e-09	2.16655235419e-11
9.88364493944e-09	1.95033814402e-11
9.88470382576e-09	2.25490006441e-11
9.88576271209e-09	2.08522732501e-11
9.88682159841e-09	1.99322059509e-11
9.88788048473e-09	2.26733840036e-11
9.88893937105e-09	2.00278919968e-11
9.88999825738e-09	2.04004702671e-11
9.8910571437e-09	2.24894079054e-11
9.89211603002e-09	1.9433746821e-11
9.89317491635e-09	2.1245745831e-11
9.89423380267e-09	2.18470118298e-11
9.89529268899e-09	1.90421533793e-11
9.89635157532e-09	2.18630935838e-11
9.89741046164e-09	2.09611698658e-11
9.89846934796e-09	1.92159624801e-11
9.89952823429e-09	2.23907077775e-11
9.90058712061e-09	2.02202090792e-11
9.90164600693e-09	1.97396800511e-11
9.90270489325e-09	2.22850349285e-11
9.90376377958e-09	1.93463685827e-11
9.9048226659e-09	2.05149405493e-11
9.90588155222e-09	2.18298792671e-11
9.90694043855e-09	1.88825120904e-11
9.90799932487e-09	2.11272419915e-11
9.90905821119e-09	2.1145685463e-11
9.91011709752e-09	1.8698291613e-11
9.91117598384e-09	2.17592558555e-11
9.91223487016e-09	2.03855309369e-11
9.91329375648e-09	1.89908477399e-11
9.91435264281e-09	2.19760360083e-11
9.91541152913e-09	1.93989355829e-11
9.91647041545e-09	1.95820044208e-11
9.91752930178e-09	2.18410183602e-11
9.9185881881e-09	1.87450798156e-11
9.91964707442e-09	2.03241274721e-11
9.92070596075e-09	2.13102948916e-11
9.92176484707e-09	1.82570204614e-11
9.92282373339e-09	2.11165886209e-11
9.92388261972e-09	2.05899203937e-11
9.92494150604e-09	1.85233710965e-11
9.92600039236e-09	2.15587233395e-11
9.92705927868e-09	1.95262591903e-11
9.92811816501e-09	1.88824495319e-11
9.92917705133e-09	2.16689366103e-11
9.93023593765e-09	1.87074181016e-11
9.93129482398e-09	1.9612881306e-11
9.9323537103e-09	2.12176816915e-11
9.93341259662e-09	1.81408564386e-11
9.93447148295e-09	2.0241548021e-11
9.93553036927e-09	2.06684936093e-11
9.93658925559e-09	1.79487408009e-11
9.93764814192e-09	2.09204544964e-11
9.93870702824e-09	1.97409751306e-11
9.93976591456e-09	1.81480995596e-11
9.94082480088e-09	2.11898883856e-11
9.94188368721e-09	1.88275151762e-11
9.94294257353e-09	1.87693827494e-11
9.94400145985e-09	2.12784677031e-11
9.94506034618e-09	1.81108147142e-11
9.9461192325e-09	1.93390606263e-11
9.94717811882e-09	2.06974470115e-11
9.94823700515e-09	1.76261893536e-11
9.94929589147e-09	2.01757096273e-11
9.95035477779e-09	2.00226872842e-11
9.95141366411e-09	1.75872012266e-11
9.95247255044e-09	2.06072277298e-11
9.95353143676e-09	1.90070563455e-11
9.95459032308e-09	1.78326293619e-11
9.95564920941e-09	2.07570449544e-11
9.95670809573e-09	1.81133994522e-11
9.95776698205e-09	1.84333008926e-11
9.95882586838e-09	2.06629275322e-11
9.9598847547e-09	1.74729485438e-11
9.96094364102e-09	1.92624422272e-11
9.96200252735e-09	2.00609533325e-11
9.96306141367e-09	1.70857276894e-11
9.96412029999e-09	1.98970984003e-11
9.96517918631e-09	1.91788661775e-11
9.96623807264e-09	1.72144373409e-11
9.96729695896e-09	2.02763139395e-11
9.96835584528e-09	1.82877366679e-11
9.96941473161e-09	1.77699259387e-11
9.97047361793e-09	2.01785463338e-11
9.97153250425e-09	1.75227048583e-11
9.97259139058e-09	1.83796892636e-11
9.9736502769e-09	2.00033720057e-11
9.97470916322e-09	1.69270654351e-11
9.97576804955e-09	1.90481209365e-11
9.97682693587e-09	1.92225400094e-11
9.97788582219e-09	1.66943953236e-11
9.97894470851e-09	1.96845116162e-11
9.98000359484e-09	1.85181249675e-11
9.98106248116e-09	1.70640964466e-11
9.98212136748e-09	1.99601799932e-11
9.98318025381e-09	1.75204241306e-11
9.98423914013e-09	1.75133524219e-11
9.98529802645e-09	1.98426294926e-11
9.98635691278e-09	1.67122550607e-11
9.9874157991e-09	1.82088388421e-11
9.98847468542e-09	1.92342613191e-11
9.98953357175e-09	1.62988541934e-11
9.99059245807e-09	1.88556929402e-11
9.99165134439e-09	1.85060623509e-11
9.99271023071e-09	1.64117542256e-11
9.99376911704e-09	1.94226470844e-11
9.99482800336e-09	1.76189681334e-11
9.99588688968e-09	1.66926509507e-11
9.99694577601e-09	1.95487807799e-11
9.99800466233e-09	1.67853303956e-11
9.99906354865e-09	1.73668271604e-11
1.0000122435e-08	1.93273713006e-11
1.00011813213e-08	1.60607581921e-11
1.00022402076e-08	1.80612327394e-11
1.00032990939e-08	1.86044209552e-11
1.00043579803e-08	1.5858612817e-11
1.00054168666e-08	1.87223110279e-11
1.00064757529e-08	1.76569372188e-11
1.00075346392e-08	1.59185985248e-11
1.00085935256e-08	1.91124533734e-11
1.00096524119e-08	1.67029858911e-11
1.00107112982e-08	1.64494069407e-11
1.00117701845e-08	1.90286345708e-11
1.00128290709e-08	1.5972012558e-11
1.00138879572e-08	1.71878028303e-11
1.00149468435e-08	1.86022512498e-11
1.00160057298e-08	1.552673387e-11
1.00170646161e-08	1.78569637375e-11
1.00181235025e-08	1.79529904398e-11
1.00191823888e-08	1.51992947308e-11
1.00202412751e-08	1.83402145467e-11
1.00213001614e-08	1.69544221327e-11
1.00223590478e-08	1.56683214038e-11
1.00234179341e-08	1.87335807674e-11
1.00244768204e-08	1.60391278167e-11
1.00255357067e-08	1.62382575919e-11
1.00265945931e-08	1.85334139528e-11
1.00276534794e-08	1.53014413206e-11
1.00287123657e-08	1.69818881179e-11
1.0029771252e-08	1.79556519393e-11
1.00308301383e-08	1.48004430977e-11
1.00318890247e-08	1.75048891398e-11
1.0032947911e-08	1.69316401177e-11
1.00340067973e-08	1.48253619667e-11
1.00350656836e-08	1.80758431226e-11
1.003612457e-08	1.59942970326e-11
1.00371834563e-08	1.52296585716e-11
1.00382423426e-08	1.82818296092e-11
1.00393012289e-08	1.51219173902e-11
1.00403601153e-08	1.59209035929e-11
1.00414190016e-08	1.78440699716e-11
1.00424778879e-08	1.44434865543e-11
1.00435367742e-08	1.66415554297e-11
1.00445956605e-08	1.71639512499e-11
1.00456545469e-08	1.42046787744e-11
1.00467134332e-08	1.73938146872e-11
1.00477723195e-08	1.61977141769e-11
1.00488312058e-08	1.44788993078e-11
1.00498900922e-08	1.76625222694e-11
1.00509489785e-08	1.51726830969e-11
1.00520078648e-08	1.4893829876e-11
1.00530667511e-08	1.76767595787e-11
1.00541256375e-08	1.42754680689e-11
1.00551845238e-08	1.58500017581e-11
1.00562434101e-08	1.70591186576e-11
1.00573022964e-08	1.37184555707e-11
1.00583611827e-08	1.64636634404e-11
1.00594200691e-08	1.63868940119e-11
1.00604789554e-08	1.37707856186e-11
1.00615378417e-08	1.70921843302e-11
1.0062596728e-08	1.52951945814e-11
1.00636556144e-08	1.40381063436e-11
1.00647145007e-08	1.71161629791e-11
1.0065773387e-08	1.4285003627e-11
1.00668322733e-08	1.47453265418e-11
1.00678911597e-08	1.6937024591e-11
1.0068950046e-08	1.36515104776e-11
1.00700089323e-08	1.54922706608e-11
1.00710678186e-08	1.61976426195e-11
1.00721267049e-08	1.32893207072e-11
1.00731855913e-08	1.61588645025e-11
1.00742444776e-08	1.54527233023e-11
1.00753033639e-08	1.33979627523e-11
1.00763622502e-08	1.65525635733e-11
1.00774211366e-08	1.44081263847e-11
1.00784800229e-08	1.38304862896e-11
1.00795389092e-08	1.65965608227e-11
1.00805977955e-08	1.35454105614e-11
1.00816566819e-08	1.45335927538e-11
1.00827155682e-08	1.61862480884e-11
1.00837744545e-08	1.29823369394e-11
1.00848333408e-08	1.52918910173e-11
1.00858922271e-08	1.54403892016e-11
1.00869511135e-08	1.27681131726e-11
1.00880099998e-08	1.59598263424e-11
1.00890688861e-08	1.4439113967e-11
1.00901277724e-08	1.29118909033e-11
1.00911866588e-08	1.61145737596e-11
1.00922455451e-08	1.35251076831e-11
1.00933044314e-08	1.35553757889e-11
1.00943633177e-08	1.59770949726e-11
1.00954222041e-08	1.27514178687e-11
1.00964810904e-08	1.4438353887e-11
1.00975399767e-08	1.54583714536e-11
1.0098598863e-08	1.2255974935e-11
1.00996577493e-08	1.49239946573e-11
1.01007166357e-08	1.46019745774e-11
1.0101775522e-08	1.23559975728e-11
1.01028344083e-08	1.55023785692e-11
1.01038932946e-08	1.34879622662e-11
1.0104952181e-08	1.26887038203e-11
1.01060110673e-08	1.55646807292e-11
1.01070699536e-08	1.25748229104e-11
1.01081288399e-08	1.33996545413e-11
1.01091877263e-08	1.53191759408e-11
1.01102466126e-08	1.19430426378e-11
1.01113054989e-08	1.39604644576e-11
1.01123643852e-08	1.45169498167e-11
1.01134232715e-08	1.15132867433e-11
1.01144821579e-08	1.466004347e-11
1.01155410442e-08	1.36337581849e-11
1.01165999305e-08	1.18566778032e-11
1.01176588168e-08	1.51606822799e-11
1.01187177032e-08	1.26289955056e-11
1.01197765895e-08	1.23083120844e-11
1.01208354758e-08	1.50928906959e-11
1.01218943621e-08	1.1595892432e-11
1.01229532485e-08	1.29311919787e-11
1.01240121348e-08	1.44602702208e-11
1.01250710211e-08	1.10958773636e-11
1.01261299074e-08	1.37581887072e-11
1.01271887937e-08	1.37915009274e-11
1.01282476801e-08	1.11537969616e-11
1.01293065664e-08	1.43726169204e-11
1.01303654527e-08	1.26365728862e-11
1.0131424339e-08	1.11603169197e-11
1.01324832254e-08	1.45529994305e-11
1.01335421117e-08	1.17212001823e-11
1.0134600998e-08	1.19266280879e-11
1.01356598843e-08	1.43117034066e-11
1.01367187707e-08	1.08714828047e-11
1.0137777657e-08	1.2761216671e-11
1.01388365433e-08	1.37263967553e-11
1.01398954296e-08	1.03385426847e-11
1.01409543159e-08	1.33099699881e-11
1.01420132023e-08	1.2838476701e-11
1.01430720886e-08	1.04930116245e-11
1.01441309749e-08	1.38944775824e-11
1.01451898612e-08	1.17704718585e-11
1.01462487476e-08	1.08082377141e-11
1.01473076339e-08	1.39421782496e-11
1.01483665202e-08	1.07757203768e-11
1.01494254065e-08	1.16252133787e-11
1.01504842929e-08	1.35507803979e-11
1.01515431792e-08	1.0053017121e-11
1.01526020655e-08	1.22890166467e-11
1.01536609518e-08	1.28731868915e-11
1.01547198381e-08	9.81343104651e-12
1.01557787245e-08	1.30624755804e-11
1.01568376108e-08	1.18224928545e-11
1.01578964971e-08	9.89304574676e-12
1.01589553834e-08	1.32683915938e-11
1.01600142698e-08	1.08381842997e-11
1.01610731561e-08	1.04880422652e-11
1.01621320424e-08	1.32680892098e-11
1.01631909287e-08	1.00582773989e-11
1.0164249815e-08	1.13394916829e-11
1.01653087014e-08	1.28318880044e-11
1.01663675877e-08	9.32899764383e-12
1.0167426474e-08	1.20235849272e-11
1.01684853603e-08	1.19009477837e-11
1.01695442467e-08	9.30426905226e-12
1.0170603133e-08	1.26476832479e-11
1.01716620193e-08	1.08387837551e-11
1.01727209056e-08	9.50015486743e-12
1.0173779792e-08	1.28221026461e-11
1.01748386783e-08	9.85544707909e-12
1.01758975646e-08	1.02443529462e-11
1.01769564509e-08	1.25038923443e-11
1.01780153372e-08	8.91090348211e-12
1.01790742236e-08	1.10195153241e-11
1.01801331099e-08	1.1747984096e-11
1.01811919962e-08	8.61437635634e-12
1.01822508825e-08	1.17066649343e-11
1.01833097689e-08	1.09220740091e-11
1.01843686552e-08	8.86152924044e-12
1.01854275415e-08	1.22666065673e-11
1.01864864278e-08	9.81779533973e-12
1.01875453142e-08	9.29446748515e-12
1.01886042005e-08	1.22022749977e-11
1.01896630868e-08	8.80116091768e-12
1.01907219731e-08	1.001524368e-11
1.01917808594e-08	1.18381912346e-11
1.01928397458e-08	8.32013855056e-12
1.01938986321e-08	1.08659282743e-11
1.01949575184e-08	1.09800184353e-11
1.01960164047e-08	8.09790846575e-12
1.01970752911e-08	1.13353947539e-11
1.01981341774e-08	9.91570063905e-12
1.01991930637e-08	8.34256164042e-12
1.020025195e-08	1.16649558936e-11
1.02013108364e-08	8.97529430334e-12
1.02023697227e-08	8.90149309514e-12
1.0203428609e-08	1.13903734535e-11
1.02044874953e-08	8.06637184348e-12
1.02055463816e-08	9.68531212262e-12
1.0206605268e-08	1.10375282048e-11
1.02076641543e-08	7.4719043344e-12
1.02087230406e-08	1.03910487528e-11
1.02097819269e-08	9.91163097777e-12
1.02108408133e-08	7.39499383766e-12
1.02118996996e-08	1.08234313439e-11
1.02129585859e-08	8.95771087514e-12
1.02140174722e-08	7.92027912439e-12
1.02150763586e-08	1.10631037751e-11
1.02161352449e-08	7.83994597757e-12
1.02171941312e-08	8.50972913555e-12
1.02182530175e-08	1.05670451772e-11
1.02193119038e-08	7.12165997832e-12
1.02203707902e-08	9.40790782951e-12
1.02214296765e-08	1.00643893176e-11
1.02224885628e-08	6.81928354117e-12
1.02235474491e-08	1.00117220287e-11
1.02246063355e-08	8.90020381613e-12
1.02256652218e-08	6.91007013165e-12
1.02267241081e-08	1.04631011971e-11
1.02277829944e-08	7.87936751435e-12
1.02288418808e-08	7.52750506784e-12
1.02299007671e-08	1.04397405434e-11
1.02309596534e-08	6.97368909581e-12
1.02320185397e-08	8.27969404192e-12
1.0233077426e-08	9.95068459055e-12
1.02341363124e-08	6.25741860129e-12
1.02351951987e-08	8.93083317802e-12
1.0236254085e-08	8.98427274416e-12
1.02373129713e-08	6.2277264102e-12
1.02383718577e-08	9.63291100532e-12
1.0239430744e-08	7.86688411896e-12
1.02404896303e-08	6.49833472758e-12
1.02415485166e-08	9.82599602812e-12
1.0242607403e-08	6.84154171033e-12
1.02436662893e-08	7.16357778218e-12
1.02447251756e-08	9.62391559674e-12
1.02457840619e-08	6.01261401778e-12
1.02468429482e-08	7.82761312365e-12
1.02479018346e-08	8.89488157609e-12
1.02489607209e-08	5.57064179399e-12
1.02500196072e-08	8.52411923599e-12
1.02510784935e-08	7.97310253844e-12
1.02521373799e-08	5.61612697536e-12
1.02531962662e-08	9.10922335826e-12
1.02542551525e-08	6.80266606934e-12
1.02553140388e-08	6.03823569548e-12
1.02563729252e-08	9.09054222956e-12
1.02574318115e-08	5.76238541475e-12
1.02584906978e-08	6.64941771078e-12
1.02595495841e-08	8.88303655893e-12
1.02606084704e-08	5.25427347031e-12
1.02616673568e-08	7.56368492144e-12
1.02627262431e-08	7.97592027146e-12
1.02637851294e-08	4.99287959067e-12
1.02648440157e-08	8.28859702227e-12
1.02659029021e-08	6.88860752295e-12
1.02669617884e-08	5.03488155573e-12
1.02680206747e-08	8.57314132879e-12
1.0269079561e-08	5.83076723839e-12
1.02701384474e-08	5.66166310747e-12
1.02711973337e-08	8.47355215508e-12
1.027225622e-08	4.86575778042e-12
1.02733151063e-08	6.33717297388e-12
1.02743739926e-08	7.87896744375e-12
1.0275432879e-08	4.48930781059e-12
1.02764917653e-08	7.35680521493e-12
1.02775506516e-08	6.97385009983e-12
1.02786095379e-08	4.24718016968e-12
1.02796684243e-08	7.86884148335e-12
1.02807273106e-08	5.86832687478e-12
1.02817861969e-08	4.74395818987e-12
1.02828450832e-08	8.02793346123e-12
1.02839039696e-08	4.74587250466e-12
1.02849628559e-08	5.22259963547e-12
1.02860217422e-08	7.62052259403e-12
1.02870806285e-08	4.14201995185e-12
1.02881395148e-08	6.16613658462e-12
1.02891984012e-08	6.9660878628e-12
1.02902572875e-08	3.70919737795e-12
1.02913161738e-08	6.79448809498e-12
1.02923750601e-08	5.92861838181e-12
1.02934339465e-08	3.72885302144e-12
1.02944928328e-08	7.37122586277e-12
1.02955517191e-08	5.06343139075e-12
1.02966106054e-08	4.18128144684e-12
1.02976694918e-08	7.21592176203e-12
1.02987283781e-08	3.86258307782e-12
1.02997872644e-08	4.98675349603e-12
1.03008461507e-08	6.88905074479e-12
1.0301905037e-08	3.24485933728e-12
1.03029639234e-08	5.75606489556e-12
1.03040228097e-08	5.88546805692e-12
1.0305081696e-08	2.88874006232e-12
1.03061405823e-08	6.48597505998e-12
1.03071994687e-08	4.90963747522e-12
1.0308258355e-08	3.12605537701e-12
1.03093172413e-08	6.83487571011e-12
1.03103761276e-08	3.71435868174e-12
1.0311435014e-08	3.70862517332e-12
1.03124939003e-08	6.47415855735e-12
1.03135527866e-08	2.78737878048e-12
1.03146116729e-08	4.62709636774e-12
1.03156705592e-08	5.80266601912e-12
1.03167294456e-08	2.21946697403e-12
1.03177883319e-08	5.4950655842e-12
1.03188472182e-08	4.80119205027e-12
1.03199061045e-08	2.27817297769e-12
1.03209649909e-08	5.91535685452e-12
1.03220238772e-08	3.67151475238e-12
1.03230827635e-08	2.62318937188e-12
1.03241416498e-08	5.99824823058e-12
1.03252005362e-08	2.5527501933e-12
1.03262594225e-08	3.4243887565e-12
1.03273183088e-08	5.60335127906e-12
1.03283771951e-08	1.87319826534e-12
1.03294360814e-08	4.24009903523e-12
1.03304949678e-08	4.78782058487e-12
1.03315538541e-08	1.57523825798e-12
1.03326127404e-08	4.97636307162e-12
1.03336716267e-08	3.69050043346e-12
1.03347305131e-08	1.66259387036e-12
1.03357893994e-08	5.31439340234e-12
1.03368482857e-08	2.61230823756e-12
1.0337907172e-08	2.25452915072e-12
1.03389660584e-08	5.2275470736e-12
1.03400249447e-08	1.63181603375e-12
1.0341083831e-08	2.92695413669e-12
1.03421427173e-08	4.82936461004e-12
1.03432016036e-08	1.04607510534e-12
1.034426049e-08	3.87143423331e-12
1.03453193763e-08	3.88537466089e-12
1.03463782626e-08	7.86808301617e-13
1.03474371489e-08	4.49009731306e-12
1.03484960353e-08	2.76020070515e-12
1.03495549216e-08	1.19231340906e-12
1.03506138079e-08	4.77140858291e-12
1.03516726942e-08	1.53360664283e-12
1.03527315806e-08	1.66727241957e-12
1.03537904669e-08	4.51803438412e-12
1.03548493532e-08	6.61174768906e-13
1.03559082395e-08	2.68970106875e-12
1.03569671258e-08	3.86670610895e-12
1.03580260122e-08	1.85354142923e-13
1.03590848985e-08	3.3890093287e-12
1.03601437848e-08	2.71566634198e-12
1.03612026711e-08	1.7626689225e-13
1.03622615575e-08	4.01691922997e-12
1.03633204438e-08	1.63067613069e-12
1.03643793301e-08	7.75982454833e-13
1.03654382164e-08	4.04038261181e-12
1.03664971028e-08	3.77232065843e-13
1.03675559891e-08	1.4875076675e-12
1.03686148754e-08	3.65183360981e-12
1.03696737617e-08	-2.78473682373e-13
1.0370732648e-08	2.38492681008e-12
1.03717915344e-08	2.68948876841e-12
1.03728504207e-08	-7.32860854522e-13
1.0373909307e-08	2.88533357363e-12
1.03749681933e-08	1.48907187308e-12
1.03760270797e-08	-3.38350915753e-13
1.0377085966e-08	3.19713537329e-12
1.03781448523e-08	3.43284035638e-13
1.03792037386e-08	3.43107066738e-13
1.0380262625e-08	3.10999896625e-12
1.03813215113e-08	-6.08072952071e-13
1.03823803976e-08	1.11811949944e-12
1.03834392839e-08	2.44031918696e-12
1.03844981702e-08	-1.28358327927e-12
1.03855570566e-08	1.98388095502e-12
1.03866159429e-08	1.53082143587e-12
1.03876748292e-08	-1.14534613347e-12
1.03887337155e-08	2.54621164105e-12
1.03897926019e-08	4.5785181473e-13
1.03908514882e-08	-7.91119543465e-13
1.03919103745e-08	2.65783643466e-12
1.03929692608e-08	-7.15741756228e-13
1.03940281472e-08	-2.4507853429e-13
1.03950870335e-08	2.20488441415e-12
1.03961459198e-08	-1.63628893692e-12
1.03972048061e-08	7.32975895148e-13
1.03982636924e-08	1.41999732556e-12
1.03993225788e-08	-1.94208469022e-12
1.04003814651e-08	1.55209946593e-12
1.04014403514e-08	3.31881494942e-13
1.04024992377e-08	-1.87728473175e-12
1.04035581241e-08	2.02016254744e-12
1.04046170104e-08	-8.89139944397e-13
1.04056758967e-08	-1.42478291264e-12
1.0406734783e-08	1.88517937697e-12
1.04077936694e-08	-1.80601059552e-12
1.04088525557e-08	-5.07027213725e-13
1.0409911442e-08	1.41457506787e-12
1.04109703283e-08	-2.50112642186e-12
1.04120292146e-08	3.84151071413e-13
1.0413088101e-08	4.31517140271e-13
1.04141469873e-08	-2.79346714488e-12
1.04152058736e-08	9.91177992004e-13
1.04162647599e-08	-7.64517220147e-13
1.04173236463e-08	-2.41584535579e-12
1.04183825326e-08	1.35302359594e-12
1.04194414189e-08	-1.92027056962e-12
1.04205003052e-08	-1.77761390406e-12
1.04215591916e-08	1.06299448681e-12
1.04226180779e-08	-2.77207900731e-12
1.04236769642e-08	-7.90933074243e-13
1.04247358505e-08	4.57977731259e-13
1.04257947368e-08	-3.40475759565e-12
1.04268536232e-08	1.71562864284e-14
1.04279125095e-08	-7.93619429071e-13
1.04289713958e-08	-3.38401266102e-12
1.04300302821e-08	5.69204764973e-13
1.04310891685e-08	-1.86071964043e-12
1.04321480548e-08	-2.80639137688e-12
1.04332069411e-08	6.0086705983e-13
1.04342658274e-08	-2.88498769958e-12
1.04353247138e-08	-2.01283367957e-12
1.04363836001e-08	1.64126674796e-13
1.04374424864e-08	-3.84701098017e-12
1.04385013727e-08	-1.31241500686e-12
1.0439560259e-08	-6.67890899921e-13
1.04406191454e-08	-4.09467549927e-12
1.04416780317e-08	-4.56036114904e-13
1.0442736918e-08	-1.74387313943e-12
1.04437958043e-08	-3.85393914048e-12
1.04448546907e-08	-4.11885423771e-14
1.0445913577e-08	-2.91958110791e-12
1.04469724633e-08	-3.24849988489e-12
1.04480313496e-08	-1.0834910375e-13
1.0449090236e-08	-4.21287831009e-12
1.04501491223e-08	-2.43392019863e-12
1.04512080086e-08	-7.96637116083e-13
1.04522668949e-08	-4.77715165603e-12
1.04533257812e-08	-1.44423726721e-12
1.04543846676e-08	-1.61626967744e-12
1.04554435539e-08	-4.94273941437e-12
1.04565024402e-08	-9.39562460494e-13
1.04575613265e-08	-3.09559733261e-12
1.04586202129e-08	-4.50496698322e-12
1.04596790992e-08	-7.05227238098e-13
1.04607379855e-08	-4.22415314533e-12
1.04617968718e-08	-3.62492398294e-12
1.04628557582e-08	-9.712662786e-13
1.04639146445e-08	-5.17457035337e-12
1.04649735308e-08	-2.83952118004e-12
1.04660324171e-08	-1.67691336891e-12
1.04670913034e-08	-5.55764825437e-12
1.04681501898e-08	-1.89721234057e-12
1.04692090761e-08	-3.01078831462e-12
1.04702679624e-08	-5.65381389709e-12
1.04713268487e-08	-1.45368282299e-12
1.04723857351e-08	-4.26475539183e-12
1.04734446214e-08	-4.84452235272e-12
1.04745035077e-08	-1.38077422488e-12
1.0475562394e-08	-5.3339962113e-12
1.04766212804e-08	-3.83482302987e-12
1.04776801667e-08	-1.99634955106e-12
1.0478739053e-08	-6.13502521354e-12
1.04797979393e-08	-3.11022827501e-12
1.04808568256e-08	-2.8821817166e-12
1.0481915712e-08	-6.22473231814e-12
1.04829745983e-08	-2.29894590506e-12
1.04840334846e-08	-4.18532163814e-12
1.04850923709e-08	-5.9221143614e-12
1.04861512573e-08	-2.02644789783e-12
1.04872101436e-08	-5.42820500463e-12
1.04882690299e-08	-5.31126634644e-12
1.04893279162e-08	-2.25129092343e-12
1.04903868026e-08	-6.33908794597e-12
1.04914456889e-08	-4.35092212909e-12
1.04925045752e-08	-2.8793751102e-12
1.04935634615e-08	-6.78253628391e-12
1.04946223478e-08	-3.42264736518e-12
1.04956812342e-08	-3.99418877557e-12
1.04967401205e-08	-6.97206290097e-12
1.04977990068e-08	-2.85210241112e-12
1.04988578931e-08	-5.30864695464e-12
1.04999167795e-08	-6.50810416843e-12
1.05009756658e-08	-2.60925752304e-12
1.05020345521e-08	-6.36862876888e-12
1.05030934384e-08	-5.57419014375e-12
1.05041523248e-08	-2.93096586769e-12
1.05052112111e-08	-7.34609091222e-12
1.05062700974e-08	-4.83049575816e-12
1.05073289837e-08	-3.92192952647e-12
1.050838787e-08	-7.76479542556e-12
1.05094467564e-08	-3.83394848529e-12
1.05105056427e-08	-5.04778728853e-12
1.0511564529e-08	-7.66347825042e-12
1.05126234153e-08	-3.27664674907e-12
1.05136823017e-08	-6.39317925314e-12
1.0514741188e-08	-7.0146798526e-12
1.05158000743e-08	-3.34399454199e-12
1.05168589606e-08	-7.66650599341e-12
1.0517917847e-08	-6.04797744004e-12
1.05189767333e-08	-3.98609334627e-12
1.05200356196e-08	-8.31287079103e-12
1.05210945059e-08	-5.07174602879e-12
1.05221533922e-08	-5.00231446028e-12
1.05232122786e-08	-8.4399336478e-12
1.05242711649e-08	-4.14145126071e-12
1.05253300512e-08	-6.27829637779e-12
1.05263889375e-08	-8.16578478013e-12
1.05274478239e-08	-4.06138836483e-12
1.05285067102e-08	-7.6543158747e-12
1.05295655965e-08	-7.30185215677e-12
1.05306244828e-08	-4.35509619904e-12
1.05316833692e-08	-8.64101899842e-12
1.05327422555e-08	-6.26285080654e-12
1.05338011418e-08	-5.18027375824e-12
1.05348600281e-08	-9.1165711048e-12
1.05359189144e-08	-5.46765286042e-12
1.05369778008e-08	-6.30687181354e-12
1.05380366871e-08	-9.07333691687e-12
1.05390955734e-08	-4.97610711859e-12
1.05401544597e-08	-7.69582940668e-12
1.05412133461e-08	-8.54241883393e-12
1.05422722324e-08	-4.98389487503e-12
1.05433311187e-08	-8.81789747557e-12
1.0544390005e-08	-7.46031676106e-12
1.05454488914e-08	-5.30935789311e-12
1.05465077777e-08	-9.68626426897e-12
1.0547566664e-08	-6.61262938937e-12
1.05486255503e-08	-6.18333694387e-12
1.05496844366e-08	-9.94202094783e-12
1.0550743323e-08	-5.75473907893e-12
1.05518022093e-08	-7.32633745337e-12
1.05528610956e-08	-9.71452443228e-12
1.05539199819e-08	-5.53018473571e-12
1.05549788683e-08	-8.87132999439e-12
1.05560377546e-08	-8.87063252714e-12
1.05570966409e-08	-5.45821698792e-12
1.05581555272e-08	-9.75962171322e-12
1.05592144136e-08	-7.92870879628e-12
1.05602732999e-08	-6.28338881441e-12
1.05613321862e-08	-1.04752240953e-11
1.05623910725e-08	-6.94403660007e-12
1.05634499588e-08	-7.32506033098e-12
1.05645088452e-08	-1.06376493985e-11
1.05655677315e-08	-6.2951424672e-12
1.05666266178e-08	-8.50266254973e-12
1.05676855041e-08	-1.01368071923e-11
1.05687443905e-08	-6.05151458187e-12
1.05698032768e-08	-9.79716644183e-12
1.05708621631e-08	-9.27152419509e-12
1.05719210494e-08	-6.35823393989e-12
1.05729799358e-08	-1.09112384926e-11
1.05740388221e-08	-8.32653087104e-12
1.05750977084e-08	-7.27545226416e-12
1.05761565947e-08	-1.13090379075e-11
1.0577215481e-08	-7.41332120474e-12
1.05782743674e-08	-8.42579825355e-12
1.05793332537e-08	-1.11018153221e-11
1.058039214e-08	-6.88214738562e-12
1.05814510263e-08	-9.84104762741e-12
1.05825099127e-08	-1.05396822997e-11
1.0583568799e-08	-6.88666326385e-12
1.05846276853e-08	-1.09221399286e-11
1.05856865716e-08	-9.54215385093e-12
1.0586745458e-08	-7.39048312294e-12
1.05878043443e-08	-1.17886807087e-11
1.05888632306e-08	-8.5225909446e-12
1.05899221169e-08	-8.35079600007e-12
1.05909810032e-08	-1.19414734177e-11
1.05920398896e-08	-7.74890931586e-12
1.05930987759e-08	-9.65116650335e-12
1.05941576622e-08	-1.16254944039e-11
1.05952165485e-08	-7.32284981893e-12
1.05962754349e-08	-1.11095469304e-11
1.05973343212e-08	-1.08895802532e-11
1.05983932075e-08	-7.75781006004e-12
1.05994520938e-08	-1.21092880731e-11
1.06005109802e-08	-9.79448629406e-12
1.06015698665e-08	-8.42533334089e-12
1.06026287528e-08	-1.27127186816e-11
1.06036876391e-08	-8.85693460847e-12
1.06047465254e-08	-9.60892682696e-12
1.06058054118e-08	-1.27050708279e-11
1.06068642981e-08	-8.38092995611e-12
1.06079231844e-08	-1.10265526636e-11
1.06089820707e-08	-1.20902593492e-11
1.06100409571e-08	-8.14569719727e-12
1.06110998434e-08	-1.2170273578e-11
1.06121587297e-08	-1.12973690732e-11
1.0613217616e-08	-8.41721816216e-12
1.06142765024e-08	-1.31758012703e-11
1.06153353887e-08	-1.01000489439e-11
1.0616394275e-08	-9.42940019957e-12
1.06174531613e-08	-1.35114941154e-11
1.06185120476e-08	-9.19906875283e-12
1.0619570934e-08	-1.07052541744e-11
1.06206298203e-08	-1.32071995484e-11
1.06216887066e-08	-8.81357348757e-12
1.06227475929e-08	-1.21143407805e-11
1.06238064793e-08	-1.25513261893e-11
1.06248653656e-08	-8.84751427395e-12
1.06259242519e-08	-1.3216370923e-11
1.06269831382e-08	-1.15226602131e-11
1.06280420246e-08	-9.37271705289e-12
1.06291009109e-08	-1.41084356654e-11
1.06301597972e-08	-1.05773214623e-11
1.06312186835e-08	-1.05189550104e-11
1.06322775698e-08	-1.41611921842e-11
1.06333364562e-08	-9.67344737299e-12
1.06343953425e-08	-1.19499824532e-11
1.06354542288e-08	-1.37738060974e-11
1.06365131151e-08	-9.41954861008e-12
1.06375720015e-08	-1.33019883086e-11
1.06386308878e-08	-1.28679854315e-11
1.06396897741e-08	-9.56618433827e-12
1.06407486604e-08	-1.43283212985e-11
1.06418075467e-08	-1.18085432925e-11
1.06428664331e-08	-1.04755432573e-11
1.06439253194e-08	-1.48291077768e-11
1.06449842057e-08	-1.06402940929e-11
1.0646043092e-08	-1.16137047895e-11
1.06471019784e-08	-1.45534235704e-11
1.06481608647e-08	-1.00254352888e-11
1.0649219751e-08	-1.32568870703e-11
1.06502786373e-08	-1.40807812458e-11
1.06513375237e-08	-1.00426778709e-11
1.065239641e-08	-1.44071887666e-11
1.06534552963e-08	-1.31458816272e-11
1.06545141826e-08	-1.04910278327e-11
1.06555730689e-08	-1.51520492117e-11
1.06566319553e-08	-1.19119870218e-11
1.06576908416e-08	-1.15506930192e-11
1.06587497279e-08	-1.54210870419e-11
1.06598086142e-08	-1.10944212259e-11
1.06608675006e-08	-1.28613826945e-11
1.06619263869e-08	-1.51460520558e-11
1.06629852732e-08	-1.05509260183e-11
1.06640441595e-08	-1.42544746623e-11
1.06651030459e-08	-1.43703284949e-11
1.06661619322e-08	-1.08513714507e-11
1.06672208185e-08	-1.53702213717e-11
1.06682797048e-08	-1.33042654584e-11
1.06693385911e-08	-1.15192148084e-11
1.06703974775e-08	-1.59587308646e-11
1.06714563638e-08	-1.23243506329e-11
1.06725152501e-08	-1.27050041494e-11
1.06735741364e-08	-1.61196188776e-11
1.06746330228e-08	-1.1554085271e-11
1.06756919091e-08	-1.41217235388e-11
1.06767507954e-08	-1.56728846481e-11
1.06778096817e-08	-1.12205914048e-11
1.06788685681e-08	-1.53362411746e-11
1.06799274544e-08	-1.46219081764e-11
1.06809863407e-08	-1.17113107406e-11
1.0682045227e-08	-1.64967965503e-11
1.06831041133e-08	-1.35681549546e-11
1.06841629997e-08	-1.25766788477e-11
1.0685221886e-08	-1.67242584798e-11
1.06862807723e-08	-1.25460507868e-11
1.06873396586e-08	-1.38424788125e-11
1.0688398545e-08	-1.66452632927e-11
1.06894574313e-08	-1.18734793048e-11
1.06905163176e-08	-1.52267246121e-11
1.06915752039e-08	-1.5904444645e-11
1.06926340903e-08	-1.19628923195e-11
1.06936929766e-08	-1.65529345873e-11
1.06947518629e-08	-1.50472964167e-11
1.06958107492e-08	-1.25735656695e-11
1.06968696355e-08	-1.7290832828e-11
1.06979285219e-08	-1.37488980704e-11
1.06989874082e-08	-1.36280713819e-11
1.07000462945e-08	-1.76053637814e-11
1.07011051808e-08	-1.28101582076e-11
1.07021640672e-08	-1.50053189275e-11
1.07032229535e-08	-1.70786759301e-11
1.07042818398e-08	-1.2524503136e-11
1.07053407261e-08	-1.64596050548e-11
1.07063996125e-08	-1.63057375761e-11
1.07074584988e-08	-1.28607854347e-11
1.07085173851e-08	-1.76337759498e-11
1.07095762714e-08	-1.50783839624e-11
1.07106351577e-08	-1.36136727976e-11
1.07116940441e-08	-1.8081135764e-11
1.07127529304e-08	-1.40904252242e-11
1.07138118167e-08	-1.47910514132e-11
1.0714870703e-08	-1.81309377234e-11
1.07159295894e-08	-1.33536295628e-11
1.07169884757e-08	-1.62724513768e-11
1.0718047362e-08	-1.76565819257e-11
1.07191062483e-08	-1.32627441473e-11
1.07201651347e-08	-1.75704454241e-11
1.0721224021e-08	-1.63627447095e-11
1.07222829073e-08	-1.37315106659e-11
1.07233417936e-08	-1.85196703893e-11
1.07244006799e-08	-1.53862429525e-11
1.07254595663e-08	-1.46963781747e-11
1.07265184526e-08	-1.87842690621e-11
1.07275773389e-08	-1.43558932103e-11
1.07286362252e-08	-1.61139453018e-11
1.07296951116e-08	-1.86552964916e-11
1.07307539979e-08	-1.39378374293e-11
1.07318128842e-08	-1.73317124541e-11
1.07328717705e-08	-1.77151474913e-11
1.07339306569e-08	-1.39362273891e-11
1.07349895432e-08	-1.85466999831e-11
1.07360484295e-08	-1.65901887497e-11
1.07371073158e-08	-1.44848894164e-11
1.07381662021e-08	-1.93908587104e-11
1.07392250885e-08	-1.57192622634e-11
1.07402839748e-08	-1.58269542762e-11
1.07413428611e-08	-1.95276243092e-11
1.07424017474e-08	-1.47414627163e-11
1.07434606338e-08	-1.70701389222e-11
1.07445195201e-08	-1.89448784351e-11
1.07455784064e-08	-1.44789973197e-11
1.07466372927e-08	-1.84670150265e-11
1.07476961791e-08	-1.79614797428e-11
1.07487550654e-08	-1.46651400333e-11
1.07498139517e-08	-1.95935158289e-11
1.0750872838e-08	-1.70231284581e-11
1.07519317243e-08	-1.55591749337e-11
1.07529906107e-08	-2.01894551424e-11
1.0754049497e-08	-1.59599801907e-11
1.07551083833e-08	-1.68055226311e-11
1.07561672696e-08	-1.99364526624e-11
1.0757226156e-08	-1.52166902126e-11
1.07582850423e-08	-1.82690966305e-11
1.07593439286e-08	-1.92727038755e-11
1.07604028149e-08	-1.50506830848e-11
1.07614617013e-08	-1.97122008386e-11
1.07625205876e-08	-1.81361529527e-11
1.07635794739e-08	-1.553649749e-11
1.07646383602e-08	-2.05250181001e-11
1.07656972465e-08	-1.70510277989e-11
1.07667561329e-08	-1.67243570338e-11
1.07678150192e-08	-2.08477217694e-11
1.07688739055e-08	-1.61075136519e-11
1.07699327918e-08	-1.80398159518e-11
1.07709916782e-08	-2.04036761445e-11
1.07720505645e-08	-1.55816057756e-11
1.07731094508e-08	-1.94642624501e-11
1.07741683371e-08	-1.95341676862e-11
1.07752272235e-08	-1.58934749042e-11
1.07762861098e-08	-2.06717644304e-11
1.07773449961e-08	-1.83576335556e-11
1.07784038824e-08	-1.65033744049e-11
1.07794627687e-08	-2.12082506505e-11
1.07805216551e-08	-1.73224320088e-11
1.07815805414e-08	-1.78267442041e-11
1.07826394277e-08	-2.1315534407e-11
1.0783698314e-08	-1.64190434252e-11
1.07847572004e-08	-1.92333464693e-11
1.07858160867e-08	-2.079340259e-11
1.0786874973e-08	-1.6222609844e-11
1.07879338593e-08	-2.06709838049e-11
1.07889927457e-08	-1.97293765526e-11
1.0790051632e-08	-1.65518424704e-11
1.07911105183e-08	-2.15543717857e-11
1.07921694046e-08	-1.85853371538e-11
1.07932282909e-08	-1.76699019457e-11
1.07942871773e-08	-2.209699871e-11
1.07953460636e-08	-1.76310858274e-11
1.07964049499e-08	-1.8948337799e-11
1.07974638362e-08	-2.19243418993e-11
1.07985227226e-08	-1.70290313968e-11
1.07995816089e-08	-2.03834363667e-11
1.08006404952e-08	-2.11561590729e-11
1.08016993815e-08	-1.68040773896e-11
1.08027582679e-08	-2.16628457794e-11
1.08038171542e-08	-2.00086722364e-11
1.08048760405e-08	-1.74859635235e-11
1.08059349268e-08	-2.24187513172e-11
1.08069938131e-08	-1.89263132076e-11
1.08080526995e-08	-1.88361512802e-11
1.08091115858e-08	-2.28446398083e-11
1.08101704721e-08	-1.78761749327e-11
1.08112293584e-08	-2.00218859504e-11
1.08122882448e-08	-2.2256754599e-11
1.08133471311e-08	-1.74187011386e-11
1.08144060174e-08	-2.15053911094e-11
1.08154649037e-08	-2.14263116798e-11
1.08165237901e-08	-1.76553436584e-11
1.08175826764e-08	-2.26820962186e-11
1.08186415627e-08	-2.02180830671e-11
1.0819700449e-08	-1.84329865824e-11
1.08207593353e-08	-2.32197451371e-11
1.08218182217e-08	-1.89727801612e-11
1.0822877108e-08	-1.98882777651e-11
1.08239359943e-08	-2.32267759713e-11
1.08249948806e-08	-1.82166298105e-11
1.0826053767e-08	-2.12144028473e-11
1.08271126533e-08	-2.25245876638e-11
1.08281715396e-08	-1.80135469258e-11
1.08292304259e-08	-2.2623886705e-11
1.08302893123e-08	-2.1456520588e-11
1.08313481986e-08	-1.84062453864e-11
1.08324070849e-08	-2.35188973331e-11
1.08334659712e-08	-2.02245355879e-11
1.08345248575e-08	-1.95358410438e-11
1.08355837439e-08	-2.39479642714e-11
1.08366426302e-08	-1.91201314764e-11
1.08377015165e-08	-2.07692854885e-11
1.08387604028e-08	-2.35731213195e-11
1.08398192892e-08	-1.86657073261e-11
1.08408781755e-08	-2.24543673585e-11
1.08419370618e-08	-2.27161889559e-11
1.08429959481e-08	-1.8591823827e-11
1.08440548345e-08	-2.3694881994e-11
1.08451137208e-08	-2.16121873002e-11
1.08461726071e-08	-1.92793840246e-11
1.08472314934e-08	-2.43749545287e-11
1.08482903797e-08	-2.03001784219e-11
1.08493492661e-08	-2.06234495627e-11
1.08504081524e-08	-2.44603883589e-11
1.08514670387e-08	-1.94243963362e-11
1.0852525925e-08	-2.20032925257e-11
1.08535848114e-08	-2.39827743168e-11
1.08546436977e-08	-1.91397778702e-11
1.0855702584e-08	-2.35369407341e-11
1.08567614703e-08	-2.29216309561e-11
1.08578203567e-08	-1.93126497867e-11
1.0858879243e-08	-2.45408480863e-11
1.08599381293e-08	-2.1575689152e-11
1.08609970156e-08	-2.02536775329e-11
1.08620559019e-08	-2.52080929915e-11
1.08631147883e-08	-2.05839272493e-11
1.08641736746e-08	-2.1561331171e-11
1.08652325609e-08	-2.50247203602e-11
1.08662914472e-08	-1.98370664513e-11
1.08673503336e-08	-2.31629174391e-11
1.08684092199e-08	-2.41085638866e-11
1.08694681062e-08	-1.95185621138e-11
1.08705269925e-08	-2.45383982231e-11
1.08715858789e-08	-2.30654835509e-11
1.08726447652e-08	-2.03718051543e-11
1.08737036515e-08	-2.54639245887e-11
1.08747625378e-08	-2.18078179213e-11
1.08758214241e-08	-2.13581208925e-11
1.08768803105e-08	-2.5863026781e-11
1.08779391968e-08	-2.08188130364e-11
1.08789980831e-08	-2.27779277644e-11
1.08800569694e-08	-2.5132787778e-11
1.08811158558e-08	-2.01929408524e-11
1.08821747421e-08	-2.42305878053e-11
1.08832336284e-08	-2.43057980426e-11
1.08842925147e-08	-2.04395531533e-11
1.08853514011e-08	-2.55037336735e-11
1.08864102874e-08	-2.3171847904e-11
1.08874691737e-08	-2.11639438613e-11
1.088852806e-08	-2.60417776753e-11
1.08895869463e-08	-2.18644295377e-11
1.08906458327e-08	-2.25487499766e-11
1.0891704719e-08	-2.61850604134e-11
1.08927636053e-08	-2.10133066546e-11
1.08938224916e-08	-2.38835488929e-11
1.0894881378e-08	-2.54952244212e-11
1.08959402643e-08	-2.08453409698e-11
1.08969991506e-08	-2.53860324689e-11
1.08980580369e-08	-2.43761139745e-11
1.08991169233e-08	-2.12011306948e-11
1.09001758096e-08	-2.63221202647e-11
1.09012346959e-08	-2.31884624349e-11
1.09022935822e-08	-2.21533567315e-11
1.09033524685e-08	-2.68550780572e-11
1.09044113549e-08	-2.21356403259e-11
1.09054702412e-08	-2.34160619497e-11
1.09065291275e-08	-2.65142150856e-11
1.09075880138e-08	-2.13410465515e-11
1.09086469002e-08	-2.50999340669e-11
1.09097057865e-08	-2.56140265248e-11
1.09107646728e-08	-2.13595503047e-11
1.09118235591e-08	-2.63963913661e-11
1.09128824455e-08	-2.44779678298e-11
1.09139413318e-08	-2.19643349732e-11
1.09150002181e-08	-2.7216759662e-11
1.09160591044e-08	-2.32934702343e-11
1.09171179907e-08	-2.31566173571e-11
1.09181768771e-08	-2.72271504387e-11
1.09192357634e-08	-2.23774551406e-11
1.09202946497e-08	-2.48110354961e-11
1.0921353536e-08	-2.69593251803e-11
1.09224124224e-08	-2.18173652972e-11
1.09234713087e-08	-2.617859228e-11
1.0924530195e-08	-2.56523725872e-11
1.09255890813e-08	-2.18431775488e-11
1.09266479677e-08	-2.71811123956e-11
1.0927706854e-08	-2.45423544768e-11
1.09287657403e-08	-2.29948134102e-11
1.09298246266e-08	-2.78460136893e-11
1.09308835129e-08	-2.34287728107e-11
1.09319423993e-08	-2.42187250072e-11
1.09330012856e-08	-2.77550257083e-11
1.09340601719e-08	-2.2586636771e-11
1.09351190582e-08	-2.5842912337e-11
1.09361779446e-08	-2.70465488113e-11
1.09372368309e-08	-2.22617865982e-11
1.09382957172e-08	-2.70594256637e-11
1.09393546035e-08	-2.59054034734e-11
1.09404134899e-08	-2.28272546265e-11
1.09414723762e-08	-2.82146625941e-11
1.09425312625e-08	-2.46376937948e-11
1.09435901488e-08	-2.38503341425e-11
1.09446490351e-08	-2.85028303043e-11
1.09457079215e-08	-2.35850028743e-11
1.09467668078e-08	-2.52532102217e-11
1.09478256941e-08	-2.8084580668e-11
1.09488845804e-08	-2.28279872219e-11
1.09499434668e-08	-2.68037926923e-11
1.09510023531e-08	-2.72887190275e-11
1.09520612394e-08	-2.29177643659e-11
1.09531201257e-08	-2.80710953614e-11
1.09541790121e-08	-2.60078269684e-11
1.09552378984e-08	-2.36189751568e-11
1.09562967847e-08	-2.88052886665e-11
1.0957355671e-08	-2.48188357886e-11
1.09584145573e-08	-2.48804016669e-11
1.09594734437e-08	-2.89859438535e-11
1.096053233e-08	-2.36837959184e-11
1.09615912163e-08	-2.6412503803e-11
1.09626501026e-08	-2.83124871204e-11
1.0963708989e-08	-2.32783071248e-11
1.09647678753e-08	-2.78583983139e-11
1.09658267616e-08	-2.73040797871e-11
1.09668856479e-08	-2.36148219035e-11
1.09679445343e-08	-2.89960484009e-11
1.09690034206e-08	-2.58154574106e-11
1.09700623069e-08	-2.45199118171e-11
1.09711211932e-08	-2.95145698246e-11
1.09721800795e-08	-2.47279696719e-11
1.09732389659e-08	-2.59511856449e-11
1.09742978522e-08	-2.9205284675e-11
1.09753567385e-08	-2.38757154238e-11
1.09764156248e-08	-2.76187206785e-11
1.09774745112e-08	-2.84926715468e-11
1.09785333975e-08	-2.3786306258e-11
1.09795922838e-08	-2.8872808441e-11
1.09806511701e-08	-2.71495859648e-11
1.09817100565e-08	-2.44206283884e-11
1.09827689428e-08	-2.98009750557e-11
1.09838278291e-08	-2.57434418834e-11
1.09848867154e-08	-2.55235922458e-11
1.09859456017e-08	-2.99022777026e-11
1.09870044881e-08	-2.47601728617e-11
1.09880633744e-08	-2.72015934083e-11
1.09891222607e-08	-2.9558253848e-11
1.0990181147e-08	-2.43089666235e-11
1.09912400334e-08	-2.84950893176e-11
1.09922989197e-08	-2.84562401854e-11
1.0993357806e-08	-2.43805226658e-11
1.09944166923e-08	-2.97477214303e-11
1.09954755787e-08	-2.7210077724e-11
1.0996534465e-08	-2.52771147112e-11
1.09975933513e-08	-3.04522958499e-11
1.09986522376e-08	-2.5959038738e-11
1.09997111239e-08	-2.65698293445e-11
1.10007700103e-08	-3.03998015996e-11
1.10018288966e-08	-2.50293478435e-11
1.10028877829e-08	-2.7957837434e-11
1.10039466692e-08	-2.96450572423e-11
1.10050055556e-08	-2.46494666041e-11
1.10060644419e-08	-2.95709535417e-11
1.10071233282e-08	-2.8440145421e-11
1.10081822145e-08	-2.50006151848e-11
1.10092411009e-08	-3.06988694448e-11
1.10102999872e-08	-2.72139758645e-11
1.10113588735e-08	-2.60691357824e-11
1.10124177598e-08	-3.08871181669e-11
1.10134766461e-08	-2.59836633546e-11
1.10145355325e-08	-2.76829187828e-11
1.10155944188e-08	-3.06666868548e-11
1.10166533051e-08	-2.51605267653e-11
1.10177121914e-08	-2.91609783196e-11
1.10187710778e-08	-2.97172889595e-11
1.10198299641e-08	-2.52609702904e-11
1.10208888504e-08	-3.04329146519e-11
1.10219477367e-08	-2.84673970594e-11
1.10230066231e-08	-2.58364813918e-11
1.10240655094e-08	-3.13360407501e-11
1.10251243957e-08	-2.70970012921e-11
1.1026183282e-08	-2.71050471564e-11
1.10272421683e-08	-3.13275735648e-11
1.10283010547e-08	-2.59115710659e-11
1.1029359941e-08	-2.87405817461e-11
1.10304188273e-08	-3.07924356586e-11
1.10314777136e-08	-2.56209477462e-11
1.10325366e-08	-3.02075049002e-11
1.10335954863e-08	-2.97806191599e-11
1.10346543726e-08	-2.58299191497e-11
1.10357132589e-08	-3.13214404499e-11
1.10367721453e-08	-2.83563649991e-11
1.10378310316e-08	-2.67871650425e-11
1.10388899179e-08	-3.19164039815e-11
1.10399488042e-08	-2.71083320721e-11
1.10410076905e-08	-2.80733562482e-11
1.10420665769e-08	-3.18081095317e-11
1.10431254632e-08	-2.62076499825e-11
1.10441843495e-08	-2.97819212867e-11
1.10452432358e-08	-3.09501226731e-11
1.10463021222e-08	-2.59987605446e-11
1.10473610085e-08	-3.12518958195e-11
1.10484198948e-08	-2.9628776212e-11
1.10494787811e-08	-2.64116547643e-11
1.10505376675e-08	-3.20610977003e-11
1.10515965538e-08	-2.82989176797e-11
1.10526554401e-08	-2.76366941485e-11
1.10537143264e-08	-3.23290411369e-11
1.10547732127e-08	-2.70780665685e-11
1.10558320991e-08	-2.92935972788e-11
1.10568909854e-08	-3.19775764028e-11
1.10579498717e-08	-2.64243791778e-11
1.1059008758e-08	-3.06867968536e-11
1.10600676444e-08	-3.08384064812e-11
1.10611265307e-08	-2.65608887965e-11
1.1062185417e-08	-3.19880608547e-11
1.10632443033e-08	-2.94033812055e-11
1.10643031897e-08	-2.73427909004e-11
1.1065362076e-08	-3.26209296121e-11
1.10664209623e-08	-2.8112684923e-11
1.10674798486e-08	-2.85137606885e-11
1.10685387349e-08	-3.26516532995e-11
1.10695976213e-08	-2.7050730796e-11
1.10706565076e-08	-3.01136012827e-11
1.10717153939e-08	-3.19916961845e-11
1.10727742802e-08	-2.67594449203e-11
1.10738331666e-08	-3.17327639859e-11
1.10748920529e-08	-3.09884112728e-11
1.10759509392e-08	-2.72131043828e-11
1.10770098255e-08	-3.2743596029e-11
1.10780687119e-08	-2.93043456254e-11
1.10791275982e-08	-2.80770893731e-11
1.10801864845e-08	-3.3230113973e-11
1.10812453708e-08	-2.8077314345e-11
1.10823042571e-08	-2.95260663792e-11
1.10833631435e-08	-3.30427996163e-11
1.10844220298e-08	-2.72970977419e-11
1.10854809161e-08	-3.12628312994e-11
1.10865398024e-08	-3.21046409943e-11
1.10875986888e-08	-2.71495756649e-11
1.10886575751e-08	-3.26452879486e-11
1.10897164614e-08	-3.06487294311e-11
1.10907753477e-08	-2.79161827118e-11
1.10918342341e-08	-3.34834536399e-11
1.10928931204e-08	-2.92178475424e-11
1.10939520067e-08	-2.90672648711e-11
1.1095010893e-08	-3.35911825699e-11
1.10960697793e-08	-2.82082885696e-11
1.10971286657e-08	-3.06968983652e-11
1.1098187552e-08	-3.30361885851e-11
1.10992464383e-08	-2.74983469155e-11
1.11003053246e-08	-3.20328689789e-11
1.1101364211e-08	-3.18510957626e-11
1.11024230973e-08	-2.77193114382e-11
1.11034819836e-08	-3.35424205772e-11
1.11045408699e-08	-3.06074950541e-11
1.11055997563e-08	-2.86129727767e-11
1.11066586426e-08	-3.40979057056e-11
1.11077175289e-08	-2.90835920885e-11
1.11087764152e-08	-3.00355974901e-11
1.11098353015e-08	-3.39494272538e-11
1.11108941879e-08	-2.82645215826e-11
1.11119530742e-08	-3.1638614905e-11
1.11130119605e-08	-3.31502590135e-11
1.11140708468e-08	-2.79203090769e-11
1.11151297332e-08	-3.30421438908e-11
1.11161886195e-08	-3.17862034437e-11
1.11172475058e-08	-2.83459297701e-11
1.11183063921e-08	-3.42045302672e-11
1.11193652784e-08	-3.04012002204e-11
1.11204241648e-08	-2.95004544881e-11
1.11214830511e-08	-3.45452457872e-11
1.11225419374e-08	-2.91179625984e-11
1.11236008237e-08	-3.09674608005e-11
1.11246597101e-08	-3.40679925676e-11
1.11257185964e-08	-2.83394646725e-11
1.11267774827e-08	-3.2684925079e-11
1.1127836369e-08	-3.30647579629e-11
1.11288952554e-08	-2.83782813871e-11
1.11299541417e-08	-3.40061761302e-11
1.1131013028e-08	-3.15308402218e-11
1.11320719143e-08	-2.92215606096e-11
1.11331308006e-08	-3.4837055983e-11
1.1134189687e-08	-3.01627371083e-11
1.11352485733e-08	-3.04000467377e-11
1.11363074596e-08	-3.47340320568e-11
1.11373663459e-08	-2.90216232122e-11
1.11384252323e-08	-3.19387383294e-11
1.11394841186e-08	-3.41304185435e-11
1.11405430049e-08	-2.8728292965e-11
1.11416018912e-08	-3.36254572363e-11
1.11426607776e-08	-3.29430185388e-11
1.11437196639e-08	-2.88546435009e-11
1.11447785502e-08	-3.4726359158e-11
1.11458374365e-08	-3.1416891224e-11
1.11468963228e-08	-2.97016282012e-11
1.11479552092e-08	-3.5182082074e-11
1.11490140955e-08	-2.9960309407e-11
1.11500729818e-08	-3.12554476658e-11
1.11511318681e-08	-3.50231582017e-11
1.11521907545e-08	-2.91727646814e-11
1.11532496408e-08	-3.30166126643e-11
1.11543085271e-08	-3.4038527422e-11
1.11553674134e-08	-2.89552134439e-11
1.11564262998e-08	-3.44285470359e-11
1.11574851861e-08	-3.26586544266e-11
1.11585440724e-08	-2.94755645672e-11
1.11596029587e-08	-3.5417354596e-11
1.1160661845e-08	-3.11358289411e-11
1.11617207314e-08	-3.06898257892e-11
1.11627796177e-08	-3.56120515022e-11
1.1163838504e-08	-2.98603672171e-11
1.11648973903e-08	-3.22465699976e-11
1.11659562767e-08	-3.50406223135e-11
1.1167015163e-08	-2.9212251975e-11
1.11680740493e-08	-3.39288243768e-11
1.11691329356e-08	-3.39700151689e-11
1.1170191822e-08	-2.93637281374e-11
1.11712507083e-08	-3.52880042895e-11
1.11723095946e-08	-3.24927279093e-11
1.11733684809e-08	-3.02203843547e-11
1.11744273672e-08	-3.60445007175e-11
1.11754862536e-08	-3.10427556056e-11
1.11765451399e-08	-3.15519231835e-11
1.11776040262e-08	-3.58131111572e-11
1.11786629125e-08	-2.99029653036e-11
1.11797217989e-08	-3.32566220656e-11
1.11807806852e-08	-3.49901867463e-11
1.11818395715e-08	-2.94968470222e-11
1.11828984578e-08	-3.48380334997e-11
1.11839573442e-08	-3.36426620069e-11
1.11850162305e-08	-2.99657454883e-11
1.11860751168e-08	-3.59954689753e-11
1.11871340031e-08	-3.22051951079e-11
1.11881928894e-08	-3.09880622681e-11
1.11892517758e-08	-3.64468203881e-11
1.11903106621e-08	-3.0717509699e-11
1.11913695484e-08	-3.25346492368e-11
1.11924284347e-08	-3.59989234602e-11
1.11934873211e-08	-2.98737768464e-11
1.11945462074e-08	-3.42161405546e-11
1.11956050937e-08	-3.49089867256e-11
1.119666398e-08	-2.98041592491e-11
1.11977228664e-08	-3.55383602321e-11
1.11987817527e-08	-3.35030293439e-11
1.1199840639e-08	-3.06118711109e-11
1.12008995253e-08	-3.64998860129e-11
1.12019584116e-08	-3.1933456747e-11
1.1203017298e-08	-3.16912164913e-11
1.12040761843e-08	-3.6530608833e-11
1.12051350706e-08	-3.0767785238e-11
1.12061939569e-08	-3.35378834079e-11
1.12072528433e-08	-3.60878002828e-11
1.12083117296e-08	-3.01149743163e-11
1.12093706159e-08	-3.48855434557e-11
1.12104295022e-08	-3.45547264847e-11
1.12114883886e-08	-3.02399332788e-11
1.12125472749e-08	-3.63084748899e-11
1.12136061612e-08	-3.30864949154e-11
1.12146650475e-08	-3.1170958501e-11
1.12157239338e-08	-3.68740901528e-11
1.12167828202e-08	-3.15805005844e-11
1.12178417065e-08	-3.27000349541e-11
1.12189005928e-08	-3.67731977681e-11
1.12199594791e-08	-3.06043337374e-11
1.12210183655e-08	-3.42635668102e-11
1.12220772518e-08	-3.58488811553e-11
1.12231361381e-08	-3.02415681473e-11
1.12241950244e-08	-3.59109937967e-11
1.12252539108e-08	-3.43833761376e-11
1.12263127971e-08	-3.08238951941e-11
1.12273716834e-08	-3.69772671684e-11
1.12284305697e-08	-3.28578442666e-11
1.1229489456e-08	-3.19296842655e-11
1.12305483424e-08	-3.73082472034e-11
1.12316072287e-08	-3.15251830717e-11
1.1232666115e-08	-3.35934719712e-11
1.12337250013e-08	-3.67633480082e-11
1.12347838877e-08	-3.06038892145e-11
1.1235842774e-08	-3.54448764176e-11
1.12369016603e-08	-3.55664039886e-11
1.12379605466e-08	-3.07072520623e-11
1.1239019433e-08	-3.66924004201e-11
1.12400783193e-08	-3.39938151413e-11
1.12411372056e-08	-3.15541227045e-11
1.12421960919e-08	-3.74766496048e-11
1.12432549782e-08	-3.24920927837e-11
1.12443138646e-08	-3.282782878e-11
1.12453727509e-08	-3.74943834661e-11
1.12464316372e-08	-3.12704313398e-11
1.12474905235e-08	-3.43878120423e-11
1.12485494099e-08	-3.6724713548e-11
1.12496082962e-08	-3.07077841887e-11
1.12506671825e-08	-3.61878717096e-11
1.12517260688e-08	-3.52604688069e-11
1.12527849552e-08	-3.10789109292e-11
1.12538438415e-08	-3.73847532792e-11
1.12549027278e-08	-3.36447120164e-11
1.12559616141e-08	-3.20936993344e-11
1.12570205004e-08	-3.78182502675e-11
1.12580793868e-08	-3.22164207204e-11
1.12591382731e-08	-3.37463119515e-11
1.12601971594e-08	-3.76470976789e-11
1.12612560457e-08	-3.12802034708e-11
1.12623149321e-08	-3.53654722694e-11
1.12633738184e-08	-3.63596453293e-11
1.12644327047e-08	-3.09117909221e-11
1.1265491591e-08	-3.70030030922e-11
1.12665504774e-08	-3.49553396211e-11
1.12676093637e-08	-3.16639136785e-11
1.126866825e-08	-3.78869446666e-11
1.12697271363e-08	-3.3300092718e-11
1.12707860226e-08	-3.28393779184e-11
1.1271844909e-08	-3.80387540043e-11
1.12729037953e-08	-3.19945556593e-11
1.12739626816e-08	-3.45662018973e-11
1.12750215679e-08	-3.75048434149e-11
1.12760804543e-08	-3.11079226614e-11
1.12771393406e-08	-3.63321699115e-11
1.12781982269e-08	-3.62353701731e-11
1.12792571132e-08	-3.1299581091e-11
1.12803159996e-08	-3.76764591747e-11
1.12813748859e-08	-3.45052859983e-11
1.12824337722e-08	-3.22338773511e-11
1.12834926585e-08	-3.83067314848e-11
1.12845515448e-08	-3.29334782102e-11
1.12856104312e-08	-3.37949798354e-11
1.12866693175e-08	-3.83553792026e-11
1.12877282038e-08	-3.18738794039e-11
1.12887870901e-08	-3.55321310569e-11
1.12898459765e-08	-3.72775239496e-11
1.12909048628e-08	-3.13033511872e-11
1.12919637491e-08	-3.7056176053e-11
1.12930226354e-08	-3.58192724613e-11
1.12940815218e-08	-3.17060747232e-11
1.12951404081e-08	-3.83532086298e-11
1.12961992944e-08	-3.41385409525e-11
1.12972581807e-08	-3.29226139623e-11
1.1298317067e-08	-3.86739178009e-11
1.12993759534e-08	-3.25009190567e-11
1.13004348397e-08	-3.44680677229e-11
1.1301493726e-08	-3.80670993859e-11
1.13025526123e-08	-3.17561857886e-11
1.13036114987e-08	-3.6453596218e-11
1.1304670385e-08	-3.70794120234e-11
1.13057292713e-08	-3.15415345752e-11
1.13067881576e-08	-3.782988354e-11
1.1307847044e-08	-3.53958860919e-11
1.13089059303e-08	-3.22806904905e-11
1.13099648166e-08	-3.87667233384e-11
1.13110237029e-08	-3.36988692159e-11
1.13120825892e-08	-3.3661128572e-11
1.13131414756e-08	-3.88004797562e-11
1.13142003619e-08	-3.2399894833e-11
1.13152592482e-08	-3.55265205275e-11
1.13163181345e-08	-3.81566419086e-11
1.13173770209e-08	-3.19238249117e-11
1.13184359072e-08	-3.71343433433e-11
1.13194947935e-08	-3.64956086185e-11
1.13205536798e-08	-3.18705886335e-11
1.13216125662e-08	-3.84408102138e-11
1.13226714525e-08	-3.48694747122e-11
1.13237303388e-08	-3.28984679126e-11
1.13247892251e-08	-3.91108382659e-11
1.13258481114e-08	-3.32587627144e-11
1.13269069978e-08	-3.45037446964e-11
1.13279658841e-08	-3.89137255405e-11
1.13290247704e-08	-3.23545970831e-11
1.13300836567e-08	-3.64078209854e-11
1.13311425431e-08	-3.78406156236e-11
1.13322014294e-08	-3.19306612401e-11
1.13332603157e-08	-3.78794964145e-11
1.1334319202e-08	-3.61090380686e-11
1.13353780884e-08	-3.2265483796e-11
1.13364369747e-08	-3.90438378243e-11
1.1337495861e-08	-3.44867506948e-11
1.13385547473e-08	-3.36336937034e-11
1.13396136336e-08	-3.93082493638e-11
1.134067252e-08	-3.29435784208e-11
1.13417314063e-08	-3.52984880908e-11
1.13427902926e-08	-3.85979672703e-11
1.13438491789e-08	-3.20799610834e-11
1.13449080653e-08	-3.72172874116e-11
1.13459669516e-08	-3.73607460073e-11
1.13470258379e-08	-3.22155887036e-11
1.13480847242e-08	-3.86906771812e-11
1.13491436106e-08	-3.57399680597e-11
1.13502024969e-08	-3.29281850267e-11
1.13512613832e-08	-3.94124260138e-11
1.13523202695e-08	-3.39987781851e-11
1.13533791558e-08	-3.446598844e-11
1.13544380422e-08	-3.93000835867e-11
1.13554969285e-08	-3.27036329874e-11
1.13565558148e-08	-3.62044953479e-11
1.13576147011e-08	-3.85387516171e-11
1.13586735875e-08	-3.21175332423e-11
1.13597324738e-08	-3.7904162014e-11
1.13607913601e-08	-3.69032118232e-11
1.13618502464e-08	-3.23971832434e-11
1.13629091328e-08	-3.91678204627e-11
1.13639680191e-08	-3.52415575021e-11
1.13650269054e-08	-3.34621070002e-11
1.13660857917e-08	-3.95671620468e-11
1.1367144678e-08	-3.36197844737e-11
1.13682035644e-08	-3.52633733845e-11
1.13692624507e-08	-3.93483180067e-11
1.1370321337e-08	-3.24529001762e-11
1.13713802233e-08	-3.71728411941e-11
1.13724391097e-08	-3.81049753383e-11
1.1373497996e-08	-3.22664067774e-11
1.13745568823e-08	-3.86408509356e-11
1.13756157686e-08	-3.64250142635e-11
1.1376674655e-08	-3.29183775507e-11
1.13777335413e-08	-3.96454596582e-11
1.13787924276e-08	-3.45155145784e-11
1.13798513139e-08	-3.4247826363e-11
1.13809102002e-08	-3.97464578611e-11
1.13819690866e-08	-3.32785405135e-11
1.13830279729e-08	-3.61208879647e-11
1.13840868592e-08	-3.90589032472e-11
1.13851457455e-08	-3.22948430151e-11
1.13862046319e-08	-3.78414430867e-11
1.13872635182e-08	-3.76408795626e-11
1.13883224045e-08	-3.24616945737e-11
1.13893812908e-08	-3.92930354053e-11
1.13904401772e-08	-3.58212754164e-11
1.13914990635e-08	-3.35003040933e-11
1.13925579498e-08	-3.99923765979e-11
1.13936168361e-08	-3.41690449806e-11
1.13946757224e-08	-3.5120845468e-11
1.13957346088e-08	-3.9819506633e-11
1.13967934951e-08	-3.29010117761e-11
1.13978523814e-08	-3.69073970604e-11
1.13989112677e-08	-3.87366861677e-11
1.13999701541e-08	-3.25341008474e-11
1.14010290404e-08	-3.85585001428e-11
1.14020879267e-08	-3.70910780388e-11
1.1403146813e-08	-3.29970127827e-11
1.14042056994e-08	-3.98510892254e-11
1.14052645857e-08	-3.53340661851e-11
1.1406323472e-08	-3.42702498324e-11
1.14073823583e-08	-4.01805281755e-11
1.14084412446e-08	-3.36917412372e-11
1.1409500131e-08	-3.57974225349e-11
1.14105590173e-08	-3.95187146895e-11
1.14116179036e-08	-3.27295070386e-11
1.14126767899e-08	-3.76683833864e-11
1.14137356763e-08	-3.83954530496e-11
1.14147945626e-08	-3.25861306254e-11
1.14158534489e-08	-3.92900930974e-11
1.14169123352e-08	-3.63473127464e-11
1.14179712216e-08	-3.32473340308e-11
1.14190301079e-08	-4.02010686025e-11
1.14200889942e-08	-3.47690853972e-11
1.14211478805e-08	-3.47939043029e-11
1.14222067668e-08	-4.01036703845e-11
1.14232656532e-08	-3.32947989925e-11
1.14243245395e-08	-3.65822482983e-11
1.14253834258e-08	-3.91420997177e-11
1.14264423121e-08	-3.26010639925e-11
1.14275011985e-08	-3.84514347446e-11
1.14285600848e-08	-3.76184244345e-11
1.14296189711e-08	-3.28403372205e-11
1.14306778574e-08	-3.97340290011e-11
1.14317367438e-08	-3.58958481429e-11
1.14327956301e-08	-3.39478169967e-11
1.14338545164e-08	-4.02999521774e-11
1.14349134027e-08	-3.40920464602e-11
1.1435972289e-08	-3.55119592586e-11
1.14370311754e-08	-3.99596809635e-11
1.14380900617e-08	-3.28992943999e-11
1.1439148948e-08	-3.73473814808e-11
1.14402078343e-08	-3.88926959215e-11
1.14412667207e-08	-3.27401187758e-11
1.1442325607e-08	-3.92106937197e-11
1.14433844933e-08	-3.71041548181e-11
1.14444433796e-08	-3.30636448125e-11
1.1445502266e-08	-4.02598540443e-11
1.14465611523e-08	-3.51044930971e-11
1.14476200386e-08	-3.44504119242e-11
1.14486789249e-08	-4.03674034304e-11
1.14497378112e-08	-3.36420320855e-11
1.14507966976e-08	-3.63193954078e-11
1.14518555839e-08	-3.97290520794e-11
1.14529144702e-08	-3.28140331747e-11
1.14539733565e-08	-3.83362070387e-11
1.14550322429e-08	-3.81962413087e-11
1.14560911292e-08	-3.26770590838e-11
1.14571500155e-08	-3.97852261119e-11
1.14582089018e-08	-3.63876569934e-11
1.14592677882e-08	-3.35658865069e-11
1.14603266745e-08	-4.05184202162e-11
1.14613855608e-08	-3.45964168771e-11
1.14624444471e-08	-3.52778691676e-11
1.14635033334e-08	-4.04684727569e-11
1.14645622198e-08	-3.32946842839e-11
1.14656211061e-08	-3.71675385781e-11
1.14666799924e-08	-3.92825559407e-11
1.14677388787e-08	-3.26143339766e-11
1.14687977651e-08	-3.89465493276e-11
1.14698566514e-08	-3.77016946308e-11
1.14709155377e-08	-3.29574700864e-11
1.1471974424e-08	-4.01185985474e-11
1.14730333104e-08	-3.57406990288e-11
1.14740921967e-08	-3.41433478712e-11
1.1475151083e-08	-4.06310250202e-11
1.14762099693e-08	-3.406651892e-11
1.14772688556e-08	-3.58815904506e-11
1.1478327742e-08	-4.010753318e-11
1.14793866283e-08	-3.29875185327e-11
1.14804455146e-08	-3.78441323418e-11
1.14815044009e-08	-3.88318856237e-11
1.14825632873e-08	-3.25767347126e-11
1.14836221736e-08	-3.94647522127e-11
1.14846810599e-08	-3.70950345094e-11
1.14857399462e-08	-3.33091333378e-11
1.14867988326e-08	-4.05724035098e-11
1.14878577189e-08	-3.51444431283e-11
1.14889166052e-08	-3.46938914229e-11
1.14899754915e-08	-4.0564543044e-11
1.14910343778e-08	-3.35000900718e-11
1.14920932642e-08	-3.66232194311e-11
1.14931521505e-08	-3.97650519283e-11
1.14942110368e-08	-3.27315572649e-11
1.14952699231e-08	-3.85211396201e-11
1.14963288095e-08	-3.82208735147e-11
1.14973876958e-08	-3.27421182614e-11
1.14984465821e-08	-3.98697728478e-11
1.14995054684e-08	-3.61478999945e-11
1.15005643548e-08	-3.38756335266e-11
1.15016232411e-08	-4.07368075904e-11
1.15026821274e-08	-3.43290142406e-11
1.15037410137e-08	-3.5498452268e-11
1.15047999e-08	-4.03540022578e-11
1.15058587864e-08	-3.30929125249e-11
1.15069176727e-08	-3.74711321e-11
1.1507976559e-08	-3.92792842523e-11
1.15090354453e-08	-3.26754183606e-11
1.15100943317e-08	-3.92506294394e-11
1.1511153218e-08	-3.75041321783e-11
1.15122121043e-08	-3.30210561585e-11
1.15132709906e-08	-4.04044458481e-11
1.1514329877e-08	-3.55517308301e-11
1.15153887633e-08	-3.42709294103e-11
1.15164476496e-08	-4.07833567265e-11
1.15175065359e-08	-3.38899271059e-11
1.15185654222e-08	-3.62936675071e-11
1.15196243086e-08	-4.02490939883e-11
1.15206831949e-08	-3.28704821608e-11
1.15217420812e-08	-3.8141350538e-11
1.15228009675e-08	-3.86741342076e-11
1.15238598539e-08	-3.2629186679e-11
1.15249187402e-08	-3.97888111348e-11
1.15259776265e-08	-3.66879864162e-11
1.15270365128e-08	-3.34402037311e-11
1.15280953992e-08	-4.06444738976e-11
1.15291542855e-08	-3.4846512828e-11
1.15302131718e-08	-3.49510531194e-11
1.15312720581e-08	-4.06279831826e-11
1.15323309444e-08	-3.3324242454e-11
1.15333898308e-08	-3.69983143515e-11
1.15344487171e-08	-3.96463361273e-11
1.15355076034e-08	-3.2597868415e-11
1.15365664897e-08	-3.88828602562e-11
1.15376253761e-08	-3.79976332517e-11
1.15386842624e-08	-3.28395402234e-11
1.15397431487e-08	-4.02844710715e-11
1.1540802035e-08	-3.60520957705e-11
1.15418609214e-08	-3.39075276103e-11
1.15429198077e-08	-4.07195280099e-11
1.1543978694e-08	-3.40768880128e-11
1.15450375803e-08	-3.56509030196e-11
1.15460964666e-08	-4.03916960642e-11
1.1547155353e-08	-3.30317106133e-11
1.15482142393e-08	-3.76809247866e-11
1.15492731256e-08	-3.90390476022e-11
1.15503320119e-08	-3.25158144767e-11
1.15513908983e-08	-3.94316285353e-11
1.15524497846e-08	-3.71498322556e-11
1.15535086709e-08	-3.31090544521e-11
1.15545675572e-08	-4.05897559487e-11
1.15556264436e-08	-3.51992029274e-11
1.15566853299e-08	-3.45538297411e-11
1.15577442162e-08	-4.06986983177e-11
1.15588031025e-08	-3.35227034933e-11
1.15598619888e-08	-3.62119566104e-11
1.15609208752e-08	-3.98976450836e-11
1.15619797615e-08	-3.26857683714e-11
1.15630386478e-08	-3.83274518893e-11
1.15640975341e-08	-3.84703068013e-11
1.15651564205e-08	-3.25993446647e-11
1.15662153068e-08	-3.98039231783e-11
1.15672741931e-08	-3.63927497079e-11
1.15683330794e-08	-3.33988344793e-11
1.15693919658e-08	-4.07093130907e-11
1.15704508521e-08	-3.45462933433e-11
1.15715097384e-08	-3.49761109832e-11
1.15725686247e-08	-4.04545030287e-11
1.1573627511e-08	-3.31243084177e-11
1.15746863974e-08	-3.70811911992e-11
1.15757452837e-08	-3.94697959212e-11
1.157680417e-08	-3.23700677807e-11
1.15778630563e-08	-3.89571627995e-11
1.15789219427e-08	-3.76441174239e-11
1.1579980829e-08	-3.27235773201e-11
1.15810397153e-08	-4.02006991064e-11
1.15820986016e-08	-3.55654017521e-11
1.15831574879e-08	-3.39923038719e-11
1.15842163743e-08	-4.07939467796e-11
1.15852752606e-08	-3.38122787148e-11
1.15863341469e-08	-3.5721544429e-11
1.15873930332e-08	-4.01086759291e-11
1.15884519196e-08	-3.26526880621e-11
1.15895108059e-08	-3.78757034417e-11
1.15905696922e-08	-3.87545408091e-11
1.15916285785e-08	-3.22616412751e-11
1.15926874649e-08	-3.94194876394e-11
1.15937463512e-08	-3.6806785484e-11
1.15948052375e-08	-3.29600193709e-11
1.15958641238e-08	-4.05336268022e-11
1.15969230101e-08	-3.47659240806e-11
1.15979818965e-08	-3.43907023085e-11
1.15990407828e-08	-4.0460294403e-11
1.16000996691e-08	-3.30254972675e-11
1.16011585554e-08	-3.64456986725e-11
1.16022174418e-08	-3.97605069528e-11
1.16032763281e-08	-3.2222525646e-11
1.16043352144e-08	-3.84637545339e-11
1.16053941007e-08	-3.79148175529e-11
1.16064529871e-08	-3.23594285048e-11
1.16075118734e-08	-3.98683299915e-11
1.16085707597e-08	-3.5848872048e-11
1.1609629646e-08	-3.34397185506e-11
1.16106885323e-08	-4.07509260711e-11
1.16117474187e-08	-3.39238032197e-11
1.1612806305e-08	-3.49156133693e-11
1.16138651913e-08	-4.01756063313e-11
1.16149240776e-08	-3.25677265104e-11
1.1615982964e-08	-3.7180384856e-11
1.16170418503e-08	-3.90852836207e-11
1.16181007366e-08	-3.20835747292e-11
1.16191596229e-08	-3.88452831099e-11
1.16202185093e-08	-3.70871918245e-11
1.16212773956e-08	-3.25086357573e-11
1.16223362819e-08	-4.03090403937e-11
1.16233951682e-08	-3.50769105602e-11
1.16244540545e-08	-3.37834523811e-11
1.16255129409e-08	-4.04293846665e-11
1.16265718272e-08	-3.32286481317e-11
1.16276307135e-08	-3.57512357392e-11
1.16286895998e-08	-3.98186093473e-11
1.16297484862e-08	-3.20797425082e-11
1.16308073725e-08	-3.77848269166e-11
1.16318662588e-08	-3.83392744635e-11
1.16329251451e-08	-3.19741151958e-11
1.16339840315e-08	-3.95191778607e-11
1.16350429178e-08	-3.63784896304e-11
1.16361018041e-08	-3.27671277698e-11
1.16371606904e-08	-4.04010913266e-11
1.16382195767e-08	-3.42103817063e-11
1.16392784631e-08	-3.42052271923e-11
1.16403373494e-08	-4.02338444679e-11
1.16413962357e-08	-3.24114725943e-11
1.1642455122e-08	-3.64364890256e-11
1.16435140084e-08	-3.93070185775e-11
1.16445728947e-08	-3.17942417186e-11
1.1645631781e-08	-3.83441613964e-11
1.16466906673e-08	-3.74163915996e-11
1.16477495537e-08	-3.19728228268e-11
1.164880844e-08	-3.97610791947e-11
1.16498673263e-08	-3.52640423373e-11
1.16509262126e-08	-3.32419735185e-11
1.16519850989e-08	-4.03726605099e-11
1.16530439853e-08	-3.33606889943e-11
1.16541028716e-08	-3.51163098166e-11
1.16551617579e-08	-3.98133700487e-11
1.16562206442e-08	-3.18977075656e-11
1.16572795306e-08	-3.7082603481e-11
1.16583384169e-08	-3.85038606901e-11
1.16593973032e-08	-3.16350808396e-11
1.16604561895e-08	-3.89128232674e-11
1.16615150759e-08	-3.63959478875e-11
1.16625739622e-08	-3.21536650387e-11
1.16636328485e-08	-4.02419694789e-11
1.16646917348e-08	-3.44107142954e-11
1.16657506211e-08	-3.37907588195e-11
1.16668095075e-08	-4.01616296643e-11
1.16678683938e-08	-3.24980385484e-11
1.16689272801e-08	-3.56550307942e-11
1.16699861664e-08	-3.93140945146e-11
1.16710450528e-08	-3.15983966423e-11
1.16721039391e-08	-3.76275970018e-11
1.16731628254e-08	-3.75642871843e-11
1.16742217117e-08	-3.15348072091e-11
1.16752805981e-08	-3.93490264244e-11
1.16763394844e-08	-3.55203704991e-11
1.16773983707e-08	-3.24833112882e-11
1.1678457257e-08	-4.01665306918e-11
1.16795161433e-08	-3.34693358098e-11
1.16805750297e-08	-3.41037521574e-11
1.1681633916e-08	-3.97299116349e-11
1.16826928023e-08	-3.19669969748e-11
1.16837516886e-08	-3.64019214077e-11
1.1684810575e-08	-3.87572756007e-11
1.16858694613e-08	-3.1269490686e-11
1.16869283476e-08	-3.82147863701e-11
1.16879872339e-08	-3.67507205223e-11
1.16890461203e-08	-3.15547591312e-11
1.16901050066e-08	-3.96375736053e-11
1.16911638929e-08	-3.46417755592e-11
1.16922227792e-08	-3.29178240655e-11
1.16932816655e-08	-4.00367217677e-11
1.16943405519e-08	-3.25725041557e-11
1.16953994382e-08	-3.48312956169e-11
1.16964583245e-08	-3.94732874859e-11
1.16975172108e-08	-3.13237044809e-11
1.16985760972e-08	-3.70165738339e-11
1.16996349835e-08	-3.79314474795e-11
1.17006938698e-08	-3.10776869733e-11
1.17017527561e-08	-3.86611478508e-11
1.17028116425e-08	-3.57048242968e-11
1.17038705288e-08	-3.16620309615e-11
1.17049294151e-08	-3.96645307744e-11
1.17059883014e-08	-3.36099013204e-11
1.17070471877e-08	-3.33839386257e-11
1.17081060741e-08	-3.96994767789e-11
1.17091649604e-08	-3.176187785e-11
1.17102238467e-08	-3.54719144682e-11
1.1711282733e-08	-3.8697548204e-11
1.17123416194e-08	-3.07883103777e-11
1.17134005057e-08	-3.74640596323e-11
1.1714459392e-08	-3.69424230789e-11
1.17155182783e-08	-3.09324596102e-11
1.17165771647e-08	-3.92252506518e-11
1.1717636051e-08	-3.47938576822e-11
1.17186949373e-08	-3.2125921064e-11
1.17197538236e-08	-3.97369806331e-11
1.17208127099e-08	-3.27316702388e-11
1.17218715963e-08	-3.40468005351e-11
1.17229304826e-08	-3.94854977707e-11
1.17239893689e-08	-3.12262958546e-11
1.17250482552e-08	-3.60820806827e-11
1.17261071416e-08	-3.799525191e-11
1.17271660279e-08	-3.05944390915e-11
1.17282249142e-08	-3.80471739184e-11
1.17292838005e-08	-3.59790175083e-11
1.17303426869e-08	-3.11053766295e-11
1.17314015732e-08	-3.92981571763e-11
1.17324604595e-08	-3.37884746224e-11
1.17335193458e-08	-3.25384693148e-11
1.17345782321e-08	-3.95142373683e-11
1.17356371185e-08	-3.17041018005e-11
1.17366960048e-08	-3.45798134051e-11
1.17377548911e-08	-3.87429433153e-11
1.17388137774e-08	-3.05616519505e-11
1.17398726638e-08	-3.65673205691e-11
1.17409315501e-08	-3.71226092401e-11
1.17419904364e-08	-3.05029343797e-11
1.17430493227e-08	-3.82752681546e-11
1.17441082091e-08	-3.48747909891e-11
1.17451670954e-08	-3.11557732738e-11
1.17462259817e-08	-3.92397069698e-11
1.1747284868e-08	-3.26908842878e-11
1.17483437543e-08	-3.29595547903e-11
1.17494026407e-08	-3.91574251322e-11
1.1750461527e-08	-3.10572828306e-11
1.17515204133e-08	-3.51462550469e-11
1.17525792996e-08	-3.81062638041e-11
1.1753638186e-08	-3.0232103496e-11
1.17546970723e-08	-3.72728224153e-11
1.17557559586e-08	-3.61808079156e-11
1.17568148449e-08	-3.0349972752e-11
1.17578737313e-08	-3.8635501699e-11
1.17589326176e-08	-3.38968410632e-11
1.17599915039e-08	-3.16093085951e-11
1.17610503902e-08	-3.91918377092e-11
1.17621092765e-08	-3.18385840695e-11
1.17631681629e-08	-3.37328158028e-11
1.17642270492e-08	-3.86676884088e-11
1.17652859355e-08	-3.04117265225e-11
1.17663448218e-08	-3.57579549738e-11
1.17674037082e-08	-3.71146620382e-11
1.17684625945e-08	-2.99528946568e-11
1.17695214808e-08	-3.76284060334e-11
1.17705803671e-08	-3.50586183348e-11
1.17716392535e-08	-3.04955813206e-11
1.17726981398e-08	-3.87765757004e-11
1.17737570261e-08	-3.28010734893e-11
1.17748159124e-08	-3.21200838279e-11
1.17758747987e-08	-3.88812766705e-11
1.17769336851e-08	-3.09051673142e-11
1.17779925714e-08	-3.41588554317e-11
1.17790514577e-08	-3.80040339476e-11
1.1780110344e-08	-2.9756715321e-11
1.17811692304e-08	-3.62338720226e-11
1.17822281167e-08	-3.61657383728e-11
1.1783287003e-08	-2.97315065362e-11
1.17843458893e-08	-3.78775450675e-11
1.17854047757e-08	-3.3956079051e-11
1.1786463662e-08	-3.076158371e-11
1.17875225483e-08	-3.88610229066e-11
1.17885814346e-08	-3.17856500669e-11
1.17896403209e-08	-3.26293357568e-11
1.17906992073e-08	-3.85136649135e-11
1.17917580936e-08	-2.99934731999e-11
1.17928169799e-08	-3.48550162257e-11
1.17938758662e-08	-3.72939196885e-11
1.17949347526e-08	-2.948572571e-11
1.17959936389e-08	-3.6851447241e-11
1.17970525252e-08	-3.51016195277e-11
1.17981114115e-08	-2.97771748665e-11
1.17991702979e-08	-3.82612366269e-11
1.18002291842e-08	-3.2865214673e-11
1.18012880705e-08	-3.11267761783e-11
1.18023469568e-08	-3.85147564883e-11
1.18034058431e-08	-3.07808119271e-11
1.18044647295e-08	-3.32226362306e-11
1.18055236158e-08	-3.7858309803e-11
1.18065825021e-08	-2.94839582436e-11
1.18076413884e-08	-3.5491541997e-11
1.18087002748e-08	-3.62201327958e-11
1.18097591611e-08	-2.92065918976e-11
1.18108180474e-08	-3.71674351452e-11
1.18118769337e-08	-3.39512025264e-11
1.18129358201e-08	-2.98297369878e-11
1.18139947064e-08	-3.81498522009e-11
1.18150535927e-08	-3.17483942781e-11
1.1816112479e-08	-3.16355827168e-11
1.18171713653e-08	-3.83241710936e-11
1.18182302517e-08	-3.00357661919e-11
1.1819289138e-08	-3.37712457825e-11
1.18203480243e-08	-3.72083757035e-11
1.18214069106e-08	-2.89381025653e-11
1.1822465797e-08	-3.59717188762e-11
1.18235246833e-08	-3.53064873344e-11
1.18245835696e-08	-2.89723592339e-11
1.18256424559e-08	-3.74209335394e-11
1.18267013423e-08	-3.29456698468e-11
1.18277602286e-08	-3.01959118517e-11
1.18288191149e-08	-3.82132381294e-11
1.18298780012e-08	-3.05979514729e-11
1.18309368875e-08	-3.21442989414e-11
1.18319957739e-08	-3.77760648283e-11
1.18330546602e-08	-2.91527587661e-11
1.18341135465e-08	-3.43242862518e-11
1.18351724328e-08	-3.61331260051e-11
1.18362313192e-08	-2.8559779216e-11
1.18372902055e-08	-3.64696142209e-11
1.18383490918e-08	-3.40415599355e-11
1.18394079781e-08	-2.90655338339e-11
1.18404668645e-08	-3.76820415149e-11
1.18415257508e-08	-3.17106844255e-11
1.18425846371e-08	-3.06244855863e-11
1.18436435234e-08	-3.77798174689e-11
1.18447024097e-08	-2.95777011824e-11
1.18457612961e-08	-3.26597518561e-11
1.18468201824e-08	-3.69654372216e-11
1.18478790687e-08	-2.84487921502e-11
1.1848937955e-08	-3.49635930017e-11
1.18499968414e-08	-3.53171645574e-11
1.18510557277e-08	-2.84285524808e-11
1.1852114614e-08	-3.676318386e-11
1.18531735003e-08	-3.29544436444e-11
1.18542323867e-08	-2.92710636545e-11
1.1855291273e-08	-3.77176879139e-11
1.18563501593e-08	-3.05199949514e-11
1.18574090456e-08	-3.09433000056e-11
1.18584679319e-08	-3.7368613412e-11
1.18595268183e-08	-2.88845271486e-11
1.18605857046e-08	-3.32268273225e-11
1.18616445909e-08	-3.61535614814e-11
1.18627034772e-08	-2.78445453543e-11
1.18637623636e-08	-3.54568709462e-11
1.18648212499e-08	-3.4246217407e-11
1.18658801362e-08	-2.81655176612e-11
1.18669390225e-08	-3.69424399925e-11
1.18679979089e-08	-3.17767166746e-11
1.18690567952e-08	-2.95501936722e-11
1.18701156815e-08	-3.74332960462e-11
1.18711745678e-08	-2.95311876081e-11
1.18722334541e-08	-3.1592619471e-11
1.18732923405e-08	-3.6921885254e-11
1.18743512268e-08	-2.80298327951e-11
1.18754101131e-08	-3.39324232775e-11
1.18764689994e-08	-3.52191388032e-11
1.18775278858e-08	-2.75885515605e-11
1.18785867721e-08	-3.5851814139e-11
1.18796456584e-08	-3.28802523403e-11
1.18807045447e-08	-2.8225404544e-11
1.18817634311e-08	-3.70155752837e-11
1.18828223174e-08	-3.03871420214e-11
1.18838812037e-08	-3.01224219179e-11
1.188494009e-08	-3.71421912324e-11
1.18859989763e-08	-2.85146585163e-11
1.18870578627e-08	-3.2217792453e-11
1.1888116749e-08	-3.58711927349e-11
1.18891756353e-08	-2.74191303343e-11
1.18902345216e-08	-3.43625455781e-11
1.1891293408e-08	-3.40349541085e-11
1.18923522943e-08	-2.7424048709e-11
1.18934111806e-08	-3.61332842987e-11
1.18944700669e-08	-3.16574130192e-11
1.18955289533e-08	-2.86296542029e-11
1.18965878396e-08	-3.70063684557e-11
1.18976467259e-08	-2.93574613404e-11
1.18987056122e-08	-3.04935486584e-11
1.18997644985e-08	-3.64810139562e-11
1.19008233849e-08	-2.76066073213e-11
1.19018822712e-08	-3.28563805937e-11
1.19029411575e-08	-3.50693358901e-11
1.19040000438e-08	-2.69394307209e-11
1.19050589302e-08	-3.48208673267e-11
1.19061178165e-08	-3.29951725664e-11
1.19071767028e-08	-2.74411955832e-11
1.19082355891e-08	-3.63970765419e-11
1.19092944755e-08	-3.04336178654e-11
1.19103533618e-08	-2.87545922403e-11
1.19114122481e-08	-3.6808757431e-11
1.19124711344e-08	-2.82656445992e-11
1.19135300207e-08	-3.10268937279e-11
1.19145889071e-08	-3.58540363198e-11
1.19156477934e-08	-2.67879776521e-11
1.19167066797e-08	-3.33594538712e-11
1.1917765566e-08	-3.40054932997e-11
1.19188244524e-08	-2.64990965369e-11
1.19198833387e-08	-3.5238470128e-11
1.1920942225e-08	-3.15968379933e-11
1.19220011113e-08	-2.74524774658e-11
1.19230599977e-08	-3.62906811806e-11
1.1924118884e-08	-2.91636198697e-11
1.19251777703e-08	-2.92687929015e-11
1.19262366566e-08	-3.61739744062e-11
1.19272955429e-08	-2.72615970597e-11
1.19283544293e-08	-3.17923785171e-11
1.19294133156e-08	-3.50130549553e-11
1.19304722019e-08	-2.62524622267e-11
1.19315310882e-08	-3.38598285694e-11
1.19325899746e-08	-3.27243596804e-11
1.19336488609e-08	-2.63824722702e-11
1.19347077472e-08	-3.55610246111e-11
1.19357666335e-08	-3.03022492081e-11
1.19368255199e-08	-2.78573583472e-11
1.19378844062e-08	-3.62117185196e-11
1.19389432925e-08	-2.80084139475e-11
1.19400021788e-08	-2.98536538372e-11
1.19410610651e-08	-3.55199988346e-11
1.19421199515e-08	-2.62680092521e-11
1.19431788378e-08	-3.22262340511e-11
1.19442377241e-08	-3.39521275677e-11
1.19452966104e-08	-2.58044525418e-11
1.19463554968e-08	-3.42527846364e-11
1.19474143831e-08	-3.16243361793e-11
1.19484732694e-08	-2.64451413784e-11
1.19495321557e-08	-3.57440888953e-11
1.19505910421e-08	-2.89178221299e-11
1.19516499284e-08	-2.79801435927e-11
1.19527088147e-08	-3.57553257835e-11
1.1953767701e-08	-2.68749000918e-11
1.19548265873e-08	-3.03798882752e-11
1.19558854737e-08	-3.48274725032e-11
1.195694436e-08	-2.56653769418e-11
1.19580032463e-08	-3.2788488721e-11
1.19590621326e-08	-3.28779056931e-11
1.1960121019e-08	-2.55536102261e-11
1.19611799053e-08	-3.45581115807e-11
1.19622387916e-08	-3.03122971602e-11
1.19632976779e-08	-2.66741862973e-11
1.19643565643e-08	-3.56777775726e-11
1.19654154506e-08	-2.77057881845e-11
1.19664743369e-08	-2.85005406862e-11
1.19675332232e-08	-3.51723246882e-11
1.19685921095e-08	-2.59074218242e-11
1.19696509959e-08	-3.09963055656e-11
1.19707098822e-08	-3.37917853421e-11
1.19717687685e-08	-2.51101473598e-11
1.19728276548e-08	-3.32122448033e-11
1.19738865412e-08	-3.15026154035e-11
1.19749454275e-08	-2.54119115616e-11
1.19760043138e-08	-3.47940777752e-11
1.19770632001e-08	-2.88514999652e-11
1.19781220865e-08	-2.68605014533e-11
1.19791809728e-08	-3.52129644887e-11
1.19802398591e-08	-2.66078847323e-11
1.19812987454e-08	-2.92289876113e-11
1.19823576317e-08	-3.45484157775e-11
1.19834165181e-08	-2.50011346261e-11
1.19844754044e-08	-3.15241732458e-11
1.19855342907e-08	-3.26179526097e-11
1.1986593177e-08	-2.45587875123e-11
1.19876520634e-08	-3.35469809484e-11
1.19887109497e-08	-3.00369909067e-11
1.1989769836e-08	-2.53880439349e-11
1.19908287223e-08	-3.4943005954e-11
1.19918876087e-08	-2.76666610628e-11
1.1992946495e-08	-2.72279241254e-11
1.19940053813e-08	-3.47179117052e-11
1.19950642676e-08	-2.54751521527e-11
1.19961231539e-08	-2.96147443591e-11
1.19971820403e-08	-3.3491021588e-11
1.19982409266e-08	-2.41454717548e-11
1.19992998129e-08	-3.20801193769e-11
1.20003586992e-08	-3.15186826291e-11
1.20014175856e-08	-2.43288961026e-11
1.20024764719e-08	-3.38336784804e-11
1.20035353582e-08	-2.88035300906e-11
1.20045942445e-08	-2.55668305537e-11
1.20056531309e-08	-3.47233585201e-11
1.20067120172e-08	-2.63380419904e-11
1.20077709035e-08	-2.76356126568e-11
1.20088297898e-08	-3.41774512337e-11
1.20098886761e-08	-2.44791042905e-11
1.20109475625e-08	-3.01742964382e-11
1.20120064488e-08	-3.24915602236e-11
1.20130653351e-08	-2.38544926e-11
1.20141242214e-08	-3.23866391604e-11
1.20151831078e-08	-3.00917819308e-11
1.20162419941e-08	-2.4333396951e-11
1.20173008804e-08	-3.39144326771e-11
1.20183597667e-08	-2.74643391796e-11
1.20194186531e-08	-2.59441116594e-11
1.20204775394e-08	-3.41335345405e-11
1.20215364257e-08	-2.50011231336e-11
1.2022595312e-08	-2.82726002982e-11
1.20236541983e-08	-3.32619973231e-11
1.20247130847e-08	-2.37832155229e-11
1.2025771971e-08	-3.07976769087e-11
1.20268308573e-08	-3.13447631566e-11
1.20278897436e-08	-2.34395347099e-11
1.202894863e-08	-3.28316915755e-11
1.20300075163e-08	-2.85890204739e-11
1.20310664026e-08	-2.44707573432e-11
1.20321252889e-08	-3.38536939367e-11
1.20331841753e-08	-2.61598629044e-11
1.20342430616e-08	-2.65748432374e-11
1.20353019479e-08	-3.36439600138e-11
1.20363608342e-08	-2.40481771866e-11
1.20374197205e-08	-2.89997945362e-11
1.20384786069e-08	-3.22587993644e-11
1.20395374932e-08	-2.31306048534e-11
1.20405963795e-08	-3.12683815472e-11
1.20416552658e-08	-3.00336248926e-11
1.20427141522e-08	-2.33751653558e-11
1.20437730385e-08	-3.29041451204e-11
1.20448319248e-08	-2.71795658896e-11
1.20458908111e-08	-2.47909280452e-11
1.20469496975e-08	-3.35637416297e-11
1.20480085838e-08	-2.46982785786e-11
1.20490674701e-08	-2.69351263299e-11
1.20501263564e-08	-3.29349776618e-11
1.20511852427e-08	-2.31134973357e-11
1.20522441291e-08	-2.92893452547e-11
1.20533030154e-08	-3.1178437436e-11
1.20543619017e-08	-2.25701121204e-11
1.2055420788e-08	-3.1714555461e-11
1.20564796744e-08	-2.86131090609e-11
1.20575385607e-08	-2.32997261892e-11
1.2058597447e-08	-3.31316495506e-11
1.20596563333e-08	-2.58995093167e-11
1.20607152196e-08	-2.50338988905e-11
1.2061774106e-08	-3.30931532178e-11
1.20628329923e-08	-2.37208754158e-11
1.20638918786e-08	-2.76176229238e-11
1.20649507649e-08	-3.21533342486e-11
1.20660096513e-08	-2.23646665423e-11
1.20670685376e-08	-2.99785168478e-11
1.20681274239e-08	-2.98233996093e-11
1.20691863102e-08	-2.22840936242e-11
1.20702451966e-08	-3.1943321252e-11
1.20713040829e-08	-2.71221272437e-11
1.20723629692e-08	-2.33781016464e-11
1.20734218555e-08	-3.28324440118e-11
1.20744807418e-08	-2.45298358448e-11
1.20755396282e-08	-2.55309863962e-11
1.20765985145e-08	-3.25450499883e-11
1.20776574008e-08	-2.2668606792e-11
1.20787162871e-08	-2.81575062745e-11
1.20797751735e-08	-3.0810450545e-11
1.20808340598e-08	-2.1738367779e-11
1.20818929461e-08	-3.05778625077e-11
1.20829518324e-08	-2.8418266438e-11
1.20840107188e-08	-2.22501958264e-11
1.20850696051e-08	-3.22148592524e-11
1.20861284914e-08	-2.5754883469e-11
1.20871873777e-08	-2.37489173834e-11
1.2088246264e-08	-3.25359665425e-11
1.20893051504e-08	-2.3231744653e-11
1.20903640367e-08	-2.61889860926e-11
1.2091422923e-08	-3.16968903381e-11
1.20924818093e-08	-2.1691448659e-11
1.20935406957e-08	-2.86250519815e-11
1.2094599582e-08	-2.97153282883e-11
1.20956584683e-08	-2.12944383806e-11
1.20967173546e-08	-3.10443400587e-11
1.2097776241e-08	-2.69974264298e-11
1.20988351273e-08	-2.21852801429e-11
1.20998940136e-08	-3.2178921203e-11
1.21009528999e-08	-2.43353570802e-11
1.21020117862e-08	-2.40537806687e-11
1.21030706726e-08	-3.19817722652e-11
1.21041295589e-08	-2.19876238527e-11
1.21051884452e-08	-2.66704659659e-11
1.21062473315e-08	-3.0645281885e-11
1.21073062179e-08	-2.10235236338e-11
1.21083651042e-08	-2.92946032016e-11
1.21094239905e-08	-2.83012788552e-11
1.21104828768e-08	-2.1063984541e-11
1.21115417632e-08	-3.09622251882e-11
1.21126006495e-08	-2.5506262033e-11
1.21136595358e-08	-2.24551331305e-11
1.21147184221e-08	-3.18656442379e-11
1.21157773084e-08	-2.29624032462e-11
1.21168361948e-08	-2.46875383092e-11
1.21178950811e-08	-3.12185294976e-11
1.21189539674e-08	-2.09370625221e-11
1.21200128537e-08	-2.72751156513e-11
1.21210717401e-08	-2.94900709755e-11
1.21221306264e-08	-2.03116416915e-11
1.21231895127e-08	-2.96650976353e-11
1.2124248399e-08	-2.68072862086e-11
1.21253072854e-08	-2.08953161848e-11
1.21263661717e-08	-3.11633880593e-11
1.2127425058e-08	-2.41501454251e-11
1.21284839443e-08	-2.28802845268e-11
1.21295428306e-08	-3.13810416454e-11
1.2130601717e-08	-2.15954138252e-11
1.21316606033e-08	-2.53408339234e-11
1.21327194896e-08	-3.04392882428e-11
1.21337783759e-08	-2.0168886472e-11
1.21348372623e-08	-2.7916471977e-11
1.21358961486e-08	-2.81835451244e-11
1.21369550349e-08	-1.99858099634e-11
1.21380139212e-08	-3.00868633393e-11
1.21390728076e-08	-2.54683810933e-11
1.21401316939e-08	-2.10559649143e-11
1.21411905802e-08	-3.10797342723e-11
1.21422494665e-08	-2.27277914371e-11
1.21433083528e-08	-2.32281853799e-11
1.21443672392e-08	-3.08117832463e-11
1.21454261255e-08	-2.05252297363e-11
1.21464850118e-08	-2.58827399617e-11
1.21475438981e-08	-2.94210857933e-11
1.21486027845e-08	-1.94104034061e-11
1.21496616708e-08	-2.84572120642e-11
1.21507205571e-08	-2.68348121502e-11
1.21517794434e-08	-1.97026954214e-11
1.21528383298e-08	-3.01922150475e-11
1.21538972161e-08	-2.39121084045e-11
1.21549561024e-08	-2.12862641738e-11
1.21560149887e-08	-3.07566732499e-11
1.2157073875e-08	-2.13019120572e-11
1.21581327614e-08	-2.37054281369e-11
1.21591916477e-08	-3.00679316514e-11
1.2160250534e-08	-1.95205183398e-11
1.21613094203e-08	-2.64313904964e-11
1.21623683067e-08	-2.81622863051e-11
1.2163427193e-08	-1.89463307239e-11
1.21644860793e-08	-2.8855438438e-11
1.21655449656e-08	-2.52909260375e-11
1.2166603852e-08	-1.96680836223e-11
1.21676627383e-08	-3.01188657348e-11
1.21687216246e-08	-2.24522941471e-11
1.21697805109e-08	-2.17966125834e-11
1.21708393972e-08	-3.03236346623e-11
1.21718982836e-08	-1.99342463109e-11
1.21729571699e-08	-2.42952084232e-11
1.21740160562e-08	-2.88329729016e-11
1.21750749425e-08	-1.86528579583e-11
1.21761338289e-08	-2.69817471317e-11
1.21771927152e-08	-2.64969005938e-11
1.21782516015e-08	-1.84764907096e-11
1.21793104878e-08	-2.90074058523e-11
1.21803693742e-08	-2.3783426617e-11
1.21814282605e-08	-1.98880405552e-11
1.21824871468e-08	-3.00287759068e-11
1.21835460331e-08	-2.09890026366e-11
1.21846049194e-08	-2.21605082917e-11
1.21856638058e-08	-2.95393215097e-11
1.21867226921e-08	-1.87670688451e-11
1.21877815784e-08	-2.4893721199e-11
1.21888404647e-08	-2.773785715e-11
1.21898993511e-08	-1.7985757252e-11
1.21909582374e-08	-2.76095359682e-11
1.21920171237e-08	-2.52340470568e-11
1.219307601e-08	-1.8497103995e-11
1.21941348964e-08	-2.90900248768e-11
1.21951937827e-08	-2.22512895696e-11
1.2196252669e-08	-2.01969318277e-11
1.21973115553e-08	-2.95775832212e-11
1.21983704416e-08	-1.95679143462e-11
1.2199429328e-08	-2.27156688099e-11
1.22004882143e-08	-2.86857122257e-11
1.22015471006e-08	-1.78328855589e-11
1.22026059869e-08	-2.56392207812e-11
1.22036648733e-08	-2.66007511157e-11
1.22047237596e-08	-1.74583768666e-11
1.22057826459e-08	-2.78328703401e-11
1.22068415322e-08	-2.36379041341e-11
1.22079004186e-08	-1.85618113355e-11
1.22089593049e-08	-2.90345037509e-11
1.22100181912e-08	-2.06810822807e-11
1.22110770775e-08	-2.06056358228e-11
1.22121359638e-08	-2.91118346877e-11
1.22131948502e-08	-1.82861883188e-11
1.22142537365e-08	-2.3433389452e-11
1.22153126228e-08	-2.76930626868e-11
1.22163715091e-08	-1.70908869739e-11
1.22174303955e-08	-2.61603262924e-11
1.22184892818e-08	-2.50437548303e-11
1.22195481681e-08	-1.71583809444e-11
1.22206070544e-08	-2.80140782533e-11
1.22216659408e-08	-2.1940803124e-11
1.22227248271e-08	-1.88108323067e-11
1.22237837134e-08	-2.8915941256e-11
1.22248425997e-08	-1.93309988242e-11
1.2225901486e-08	-2.12785962895e-11
1.22269603724e-08	-2.82669326314e-11
1.22280192587e-08	-1.72957472454e-11
1.2229078145e-08	-2.40129580716e-11
1.22301370313e-08	-2.62612891502e-11
1.22311959177e-08	-1.65051429555e-11
1.2232254804e-08	-2.66527117217e-11
1.22333136903e-08	-2.34921168889e-11
1.22343725766e-08	-1.72817818947e-11
1.2235431463e-08	-2.8268869667e-11
1.22364903493e-08	-2.06953633917e-11
1.22375492356e-08	-1.91735771818e-11
1.22386081219e-08	-2.84544690327e-11
1.22396670082e-08	-1.78994213115e-11
1.22407258946e-08	-2.18694059173e-11
1.22417847809e-08	-2.72638968693e-11
1.22428436672e-08	-1.63920827866e-11
1.22439025535e-08	-2.46243363157e-11
1.22449614399e-08	-2.50164481144e-11
1.22460203262e-08	-1.63641858039e-11
1.22470792125e-08	-2.70007837703e-11
1.22481380988e-08	-2.20764983985e-11
1.22491969852e-08	-1.73588995622e-11
1.22502558715e-08	-2.80931174591e-11
1.22513147578e-08	-1.88624825394e-11
1.22523736441e-08	-1.95149398485e-11
1.22534325304e-08	-2.78058932216e-11
1.22544914168e-08	-1.67881188552e-11
1.22555503031e-08	-2.24743486625e-11
1.22566091894e-08	-2.61182982794e-11
1.22576680757e-08	-1.55920700613e-11
1.22587269621e-08	-2.52993981016e-11
1.22597858484e-08	-2.34696008287e-11
1.22608447347e-08	-1.59862553696e-11
1.2261903621e-08	-2.69972765931e-11
1.22629625074e-08	-2.02631227769e-11
1.22640213937e-08	-1.77343019691e-11
1.226508028e-08	-2.77647492671e-11
1.22661391663e-08	-1.75050763815e-11
1.22671980526e-08	-2.01992360013e-11
1.2268256939e-08	-2.6959245383e-11
1.22693158253e-08	-1.56185924111e-11
1.22703747116e-08	-2.31742058269e-11
1.22714335979e-08	-2.47487332277e-11
1.22724924843e-08	-1.50312033328e-11
1.22735513706e-08	-2.55625061049e-11
1.22746102569e-08	-2.1801026262e-11
1.22756691432e-08	-1.59815132319e-11
1.22767280296e-08	-2.70733179798e-11
1.22777869159e-08	-1.87848566997e-11
1.22788458022e-08	-1.82471086851e-11
1.22799046885e-08	-2.71593067046e-11
1.22809635748e-08	-1.62664022876e-11
1.22820224612e-08	-2.07653291263e-11
1.22830813475e-08	-2.58192152554e-11
1.22841402338e-08	-1.48176495488e-11
1.22851991201e-08	-2.37052120555e-11
1.22862580065e-08	-2.31680382344e-11
1.22873168928e-08	-1.47181902354e-11
1.22883757791e-08	-2.59270198626e-11
1.22894346654e-08	-2.02332061695e-11
1.22904935518e-08	-1.62740631247e-11
1.22915524381e-08	-2.68816017623e-11
1.22926113244e-08	-1.71673888213e-11
1.22936702107e-08	-1.86826772585e-11
1.2294729097e-08	-2.64383593143e-11
1.22957879834e-08	-1.51257969366e-11
1.22968468697e-08	-2.14742128159e-11
1.2297905756e-08	-2.44826960354e-11
1.22989646423e-08	-1.40476932929e-11
1.23000235287e-08	-2.42008292746e-11
1.2301082415e-08	-2.1768123545e-11
1.23021413013e-08	-1.46461364358e-11
1.23032001876e-08	-2.60237924959e-11
1.2304259074e-08	-1.86124898046e-11
1.23053179603e-08	-1.65328593236e-11
1.23063768466e-08	-2.64940562978e-11
1.23074357329e-08	-1.58598975966e-11
1.23084946192e-08	-1.92566086503e-11
1.23095535056e-08	-2.53881911154e-11
1.23106123919e-08	-1.40356260143e-11
1.23116712782e-08	-2.21507982312e-11
1.23127301645e-08	-2.31813882326e-11
1.23137890509e-08	-1.37160301021e-11
1.23148479372e-08	-2.473211024e-11
1.23159068235e-08	-2.00447735667e-11
1.23169657098e-08	-1.47866836505e-11
1.23180245962e-08	-2.5976479431e-11
1.23190834825e-08	-1.68152477619e-11
1.23201423688e-08	-1.69985762391e-11
1.23212012551e-08	-2.58953364394e-11
1.23222601414e-08	-1.44118341935e-11
1.23233190278e-08	-2.00685944642e-11
1.23243779141e-08	-2.41978060853e-11
1.23254368004e-08	-1.3084585119e-11
1.23264956867e-08	-2.27994207715e-11
1.23275545731e-08	-2.15446629721e-11
1.23286134594e-08	-1.33624535319e-11
1.23296723457e-08	-2.47577570424e-11
1.2330731232e-08	-1.82429336394e-11
1.23317901184e-08	-1.50159373596e-11
1.23328490047e-08	-2.57105387327e-11
1.2333907891e-08	-1.54832275473e-11
1.23349667773e-08	-1.77335899871e-11
1.23360256636e-08	-2.49488843213e-11
1.233708455e-08	-1.35557259319e-11
1.23381434363e-08	-2.06663195671e-11
1.23392023226e-08	-2.288991067e-11
1.23402612089e-08	-1.26441733331e-11
1.23413200953e-08	-2.3304374706e-11
1.23423789816e-08	-1.99203351297e-11
1.23434378679e-08	-1.3456487064e-11
1.23444967542e-08	-2.49983456244e-11
1.23455556406e-08	-1.68838591112e-11
1.23466145269e-08	-1.5464706474e-11
1.23476734132e-08	-2.52026745827e-11
1.23487322995e-08	-1.38950703157e-11
1.23497911858e-08	-1.82316346807e-11
1.23508500722e-08	-2.40061455957e-11
1.23519089585e-08	-1.23959928693e-11
1.23529678448e-08	-2.13546008133e-11
1.23540267311e-08	-2.15113931442e-11
1.23550856175e-08	-1.23610141491e-11
1.23561445038e-08	-2.39082304301e-11
1.23572033901e-08	-1.83577859945e-11
1.23582622764e-08	-1.34032481972e-11
1.23593211628e-08	-2.4940600583e-11
1.23603800491e-08	-1.5113254398e-11
1.23614389354e-08	-1.58901548061e-11
1.23624978217e-08	-2.46023190969e-11
1.2363556708e-08	-1.27388866599e-11
1.23646155944e-08	-1.91216819397e-11
1.23656744807e-08	-2.27468545302e-11
1.2366733367e-08	-1.15861178616e-11
1.23677922533e-08	-2.1946867392e-11
1.23688511397e-08	-1.98443529404e-11
1.2369910026e-08	-1.20664978524e-11
1.23709689123e-08	-2.37985661993e-11
1.23720277986e-08	-1.65517163777e-11
1.2373086685e-08	-1.38013371619e-11
1.23741455713e-08	-2.44726385424e-11
1.23752044576e-08	-1.36219952419e-11
1.23762633439e-08	-1.67813088458e-11
1.23773222302e-08	-2.37190842054e-11
1.23783811166e-08	-1.1690839811e-11
1.23794400029e-08	-1.97048228429e-11
1.23804988892e-08	-2.12994945032e-11
1.23815577755e-08	-1.10870590595e-11
1.23826166619e-08	-2.23941347237e-11
1.23836755482e-08	-1.81571418057e-11
1.23847344345e-08	-1.19422054643e-11
1.23857933208e-08	-2.38519844067e-11
1.23868522072e-08	-1.49732077865e-11
1.23879110935e-08	-1.43842416548e-11
1.23889699798e-08	-2.4148956489e-11
1.23900288661e-08	-1.22687071548e-11
1.23910877524e-08	-1.73913850172e-11
1.23921466388e-08	-2.26391201792e-11
1.23932055251e-08	-1.07491798665e-11
1.23942644114e-08	-2.02909825444e-11
1.23953232977e-08	-1.97361844749e-11
1.23963821841e-08	-1.07354983193e-11
1.23974410704e-08	-2.26209543718e-11
1.23984999567e-08	-1.65015006867e-11
1.2399558843e-08	-1.23353673806e-11
1.24006177294e-08	-2.37296931237e-11
1.24016766157e-08	-1.33520535123e-11
1.2402735502e-08	-1.49624076421e-11
1.24037943883e-08	-2.31439763188e-11
1.24048532746e-08	-1.09989166212e-11
1.2405912161e-08	-1.81189852618e-11
1.24069710473e-08	-2.12699528129e-11
1.24080299336e-08	-1.01611242478e-11
1.24090888199e-08	-2.09578558934e-11
1.24101477063e-08	-1.82209011334e-11
1.24112065926e-08	-1.07542941566e-11
1.24122654789e-08	-2.27699838151e-11
1.24133243652e-08	-1.49547457751e-11
1.24143832516e-08	-1.29325173617e-11
1.24154421379e-08	-2.32080292484e-11
1.24165010242e-08	-1.18843137371e-11
1.24175599105e-08	-1.55661370295e-11
1.24186187968e-08	-2.21277046165e-11
1.24196776832e-08	-1.00722350924e-11
1.24207365695e-08	-1.87241864808e-11
1.24217954558e-08	-1.97097314598e-11
1.24228543421e-08	-9.79082261229e-12
1.24239132285e-08	-2.14382832233e-11
1.24249721148e-08	-1.6372270293e-11
1.24260310011e-08	-1.07740229498e-11
1.24270898874e-08	-2.27671579506e-11
1.24281487738e-08	-1.30887763735e-11
1.24292076601e-08	-1.33447369637e-11
1.24302665464e-08	-2.27110359598e-11
1.24313254327e-08	-1.0635633433e-11
1.2432384319e-08	-1.64736412987e-11
1.24334432054e-08	-2.10046624191e-11
1.24345020917e-08	-9.22447957862e-12
1.2435560978e-08	-1.96359302516e-11
1.24366198643e-08	-1.80933039818e-11
1.24376787507e-08	-9.44607315544e-12
1.2438737637e-08	-2.1645924636e-11
1.24397965233e-08	-1.4592194857e-11
1.24408554096e-08	-1.11582414586e-11
1.2441914296e-08	-2.26582461561e-11
1.24429731823e-08	-1.16159230672e-11
1.24440320686e-08	-1.39805169665e-11
1.24450909549e-08	-2.17855967641e-11
1.24461498412e-08	-9.36946814621e-12
1.24472087276e-08	-1.72412521001e-11
1.24482676139e-08	-1.9546640348e-11
1.24493265002e-08	-8.65849400641e-12
1.24503853865e-08	-2.02705749321e-11
1.24514442729e-08	-1.64128894937e-11
1.24525031592e-08	-9.5176469787e-12
1.24535620455e-08	-2.17690921712e-11
1.24546209318e-08	-1.30664709738e-11
1.24556798182e-08	-1.18211913511e-11
1.24567387045e-08	-2.20485873483e-11
1.24577975908e-08	-1.01764373295e-11
1.24588564771e-08	-1.47387567103e-11
1.24599153634e-08	-2.08148689257e-11
1.24609742498e-08	-8.47659746214e-12
1.24620331361e-08	-1.79890542566e-11
1.24630920224e-08	-1.81107305802e-11
1.24641509087e-08	-8.31745284625e-12
1.24652097951e-08	-2.04500544103e-11
1.24662686814e-08	-1.47835552394e-11
1.24673275677e-08	-9.60482312174e-12
1.2468386454e-08	-2.16774066145e-11
1.24694453404e-08	-1.1348210132e-11
1.24705042267e-08	-1.22967347296e-11
1.2471563113e-08	-2.13501566686e-11
1.24726219993e-08	-8.89654523011e-12
1.24736808856e-08	-1.56751292447e-11
1.2474739772e-08	-1.94799567102e-11
1.24757986583e-08	-7.67102489386e-12
1.24768575446e-08	-1.85828862064e-11
1.24779164309e-08	-1.64603190019e-11
1.24789753173e-08	-8.07375320029e-12
1.24800342036e-08	-2.07106656044e-11
1.24810930899e-08	-1.2944676147e-11
1.24821519762e-08	-1.01908485313e-11
1.24832108626e-08	-2.12697752206e-11
1.24842697489e-08	-9.83379632065e-12
1.24853286352e-08	-1.30447358644e-11
1.24863875215e-08	-2.02540879034e-11
1.24874464078e-08	-7.69111987639e-12
1.24885052942e-08	-1.64062419249e-11
1.24895641805e-08	-1.79228526551e-11
1.24906230668e-08	-7.10921068108e-12
1.24916819531e-08	-1.91113537756e-11
1.24927408395e-08	-1.47505382474e-11
1.24937997258e-08	-8.33019043285e-12
1.24948586121e-08	-2.07119607923e-11
1.24959174984e-08	-1.12145045854e-11
1.24969763848e-08	-1.08780482994e-11
1.24980352711e-08	-2.0745135644e-11
1.24990941574e-08	-8.33615826108e-12
1.25001530437e-08	-1.40465032726e-11
1.250121193e-08	-1.92282583085e-11
1.25022708164e-08	-6.86406430284e-12
1.25033297027e-08	-1.70500861693e-11
1.2504388589e-08	-1.63788902146e-11
1.25054474753e-08	-7.0369127463e-12
1.25065063617e-08	-1.93740806818e-11
1.2507565248e-08	-1.28097170458e-11
1.25086241343e-08	-8.66451390345e-12
1.25096830206e-08	-2.0664076136e-11
1.2510741907e-08	-9.62032309284e-12
1.25118007933e-08	-1.15460992275e-11
1.25128596796e-08	-1.99058341425e-11
1.25139185659e-08	-7.11059368937e-12
1.25149774522e-08	-1.47203811098e-11
1.25160363386e-08	-1.79150054166e-11
1.25170952249e-08	-6.42111968522e-12
1.25181541112e-08	-1.7717500969e-11
1.25192129975e-08	-1.4772301004e-11
1.25202718839e-08	-7.10856596026e-12
1.25213307702e-08	-1.96995837611e-11
1.25223896565e-08	-1.11159446448e-11
1.25234485428e-08	-9.20227349183e-12
1.25245074292e-08	-2.02023361148e-11
1.25255663155e-08	-7.99839773406e-12
1.25266252018e-08	-1.22175534121e-11
1.25276840881e-08	-1.89091500704e-11
1.25287429744e-08	-6.1391237417e-12
1.25298018608e-08	-1.55648159292e-11
1.25308607471e-08	-1.6363222409e-11
1.25319196334e-08	-5.79473189539e-12
1.25329785197e-08	-1.81824096794e-11
1.25340374061e-08	-1.28976089791e-11
1.25350962924e-08	-7.24540718221e-12
1.25361551787e-08	-1.97391361069e-11
1.2537214065e-08	-9.3302174797e-12
1.25382729513e-08	-9.85091912556e-12
1.25393318377e-08	-1.94976747421e-11
1.2540390724e-08	-6.66552224656e-12
1.25414496103e-08	-1.31788222913e-11
1.25425084966e-08	-1.77828665422e-11
1.2543567383e-08	-5.46206471979e-12
1.25446262693e-08	-1.6273437784e-11
1.25456851556e-08	-1.4630239728e-11
1.25467440419e-08	-5.67089153143e-12
1.25478029283e-08	-1.84526415415e-11
1.25488618146e-08	-1.10524552835e-11
1.25499207009e-08	-7.59888988755e-12
1.25509795872e-08	-1.94147506231e-11
1.25520384735e-08	-7.89250040106e-12
1.25530973599e-08	-1.06204643062e-11
1.25541562462e-08	-1.85299939455e-11
1.25552151325e-08	-5.51249570622e-12
1.25562740188e-08	-1.39431108803e-11
1.25573329052e-08	-1.62065341616e-11
1.25583917915e-08	-4.9958571351e-12
1.25594506778e-08	-1.69330161871e-11
1.25605095641e-08	-1.28057459385e-11
1.25615684505e-08	-5.86657634906e-12
1.25626273368e-08	-1.86783967199e-11
1.25636862231e-08	-9.26154194569e-12
1.25647451094e-08	-8.23414548893e-12
1.25658039957e-08	-1.89144637452e-11
1.25668628821e-08	-6.34053909637e-12
1.25679217684e-08	-1.1462870773e-11
1.25689806547e-08	-1.73968166262e-11
1.2570039541e-08	-4.52013722133e-12
1.25710984274e-08	-1.4734687049e-11
1.25721573137e-08	-1.4698354079e-11
1.25732162e-08	-4.55088037025e-12
1.25742750863e-08	-1.74420210263e-11
1.25753339727e-08	-1.10703604487e-11
1.2576392859e-08	-6.14000771884e-12
1.25774517453e-08	-1.87123530646e-11
1.25785106316e-08	-7.69353488252e-12
1.25795695179e-08	-8.89227989745e-12
1.25806284043e-08	-1.82893207957e-11
1.25816872906e-08	-5.03458125883e-12
1.25827461769e-08	-1.22839220349e-11
1.25838050632e-08	-1.6089966165e-11
1.25848639496e-08	-3.85060977244e-12
1.25859228359e-08	-1.55844745746e-11
1.25869817222e-08	-1.29324317097e-11
1.25880406085e-08	-4.49675271859e-12
1.25890994949e-08	-1.77291753327e-11
1.25901583812e-08	-9.40028827348e-12
1.25912172675e-08	-6.60787142235e-12
1.25922761538e-08	-1.83059175457e-11
1.25933350401e-08	-6.0984600616e-12
1.25943939265e-08	-9.7222217256e-12
1.25954528128e-08	-1.72233726847e-11
1.25965116991e-08	-3.93127750405e-12
1.25975705854e-08	-1.31765730054e-11
1.25986294718e-08	-1.46543710326e-11
1.25996883581e-08	-3.54522182824e-12
1.26007472444e-08	-1.61871858148e-11
1.26018061307e-08	-1.11988982541e-11
1.26028650171e-08	-4.70838430364e-12
1.26039239034e-08	-1.78616986653e-11
1.26049827897e-08	-7.57292026397e-12
1.2606041676e-08	-7.35049060464e-12
1.26071005623e-08	-1.78155829932e-11
1.26081594487e-08	-4.72740027463e-12
1.2609218335e-08	-1.06516167143e-11
1.26102772213e-08	-1.61251177341e-11
1.26113361076e-08	-3.08620322223e-12
1.2612394994e-08	-1.40623787571e-11
1.26134538803e-08	-1.29899887505e-11
1.26145127666e-08	-3.33064821654e-12
1.26155716529e-08	-1.65736202973e-11
1.26166305393e-08	-9.27839033903e-12
1.26176894256e-08	-5.13787181745e-12
1.26187483119e-08	-1.76901173831e-11
1.26198071982e-08	-5.9303016599e-12
1.26208660845e-08	-8.11892279752e-12
1.26219249709e-08	-1.69028077125e-11
1.26229838572e-08	-3.45687844669e-12
1.26240427435e-08	-1.16830642383e-11
1.26251016298e-08	-1.46891246996e-11
1.26261605162e-08	-2.61468125796e-12
1.26272194025e-08	-1.48617384675e-11
1.26282782888e-08	-1.13663976235e-11
1.26293371751e-08	-3.32276944132e-12
1.26303960615e-08	-1.68392413728e-11
1.26314549478e-08	-7.5416147936e-12
1.26325138341e-08	-5.87649537592e-12
1.26335727204e-08	-1.7282184581e-11
1.26346316067e-08	-4.48940011685e-12
1.26356904931e-08	-8.90504423673e-12
1.26367493794e-08	-1.57858426851e-11
1.26378082657e-08	-2.3767616022e-12
1.2638867152e-08	-1.24809093724e-11
1.26399260384e-08	-1.30988259519e-11
1.26409849247e-08	-2.3444965587e-12
1.2642043811e-08	-1.54426240675e-11
1.26431026973e-08	-9.47244799959e-12
1.26441615837e-08	-3.62369666608e-12
1.264522047e-08	-1.67590223383e-11
1.26462793563e-08	-5.91842276142e-12
1.26473382426e-08	-6.55552971933e-12
1.26483971289e-08	-1.64469317072e-11
1.26494560153e-08	-2.94812823242e-12
1.26505149016e-08	-1.00619929598e-11
1.26515737879e-08	-1.46548875465e-11
1.26526326742e-08	-1.76425923024e-12
1.26536915606e-08	-1.33943390775e-11
1.26547504469e-08	-1.14100659259e-11
1.26558093332e-08	-2.12060479853e-12
1.26568682195e-08	-1.57821589998e-11
1.26579271059e-08	-7.55189498176e-12
1.26589859922e-08	-4.11209824872e-12
1.26600448785e-08	-1.66419618971e-11
1.26611037648e-08	-4.16160806987e-12
1.26621626511e-08	-7.39666317019e-12
1.26632215375e-08	-1.55594946649e-11
1.26642804238e-08	-1.76358209178e-12
1.26653393101e-08	-1.09038784946e-11
1.26663981964e-08	-1.3086806595e-11
1.26674570828e-08	-1.0267756968e-12
1.26685159691e-08	-1.40705941907e-11
1.26695748554e-08	-9.55752913877e-12
1.26706337417e-08	-2.20826137866e-12
1.26716926281e-08	-1.59464882705e-11
1.26727515144e-08	-5.77009582692e-12
1.26738104007e-08	-4.87620526097e-12
1.2674869287e-08	-1.6142248779e-11
1.26759281733e-08	-2.62658970095e-12
1.26769870597e-08	-8.43122056546e-12
1.2678045946e-08	-1.45690590668e-11
1.26791048323e-08	-9.45564373328e-13
1.26801637186e-08	-1.18007065708e-11
1.2681222605e-08	-1.14244256416e-11
1.26822814913e-08	-9.59709606707e-13
1.26833403776e-08	-1.45548194807e-11
1.26843992639e-08	-7.65114024654e-12
1.26854581503e-08	-2.73632432359e-12
1.26865170366e-08	-1.59280089118e-11
1.26875759229e-08	-4.09510039811e-12
1.26886348092e-08	-5.75251584106e-12
1.26896936955e-08	-1.51918655607e-11
1.26907525819e-08	-1.19674834821e-12
1.26918114682e-08	-9.32135721691e-12
1.26928703545e-08	-1.31575220554e-11
1.26939292408e-08	-3.12169764322e-13
1.26949881272e-08	-1.27287624885e-11
1.26960470135e-08	-9.69305343455e-12
1.26971058998e-08	-9.79897505369e-13
1.26981647861e-08	-1.503272333e-11
1.26992236725e-08	-5.8895168473e-12
1.27002825588e-08	-3.34935407859e-12
1.27013414451e-08	-1.5568103447e-11
1.27024003314e-08	-2.48924803838e-12
1.27034592177e-08	-6.63113932254e-12
1.27045181041e-08	-1.42610710567e-11
1.27055769904e-08	-2.67012635418e-13
1.27066358767e-08	-1.02502418445e-11
