% time-domain voltage integration by openEMS v0.37.0-rc1-2-g7b051bb @Mon Aug  3 23:15:00 2026
% start-coordinates: (0.00806476,0.00132317,-0.000762) m -> [160,57,14]
% stop-coordinates: (0.00844523,0.00132317,-0.000762) m -> [166,57,14]
% t/s	voltage
0	0
1.19341269065e-12	0
2.3868253813e-12	0
3.58023807195e-12	0
4.7736507626e-12	0
5.96706345326e-12	0
7.16047614391e-12	-6.33936830142e-32
8.35388883456e-12	-3.36716581228e-26
9.54730152521e-12	-2.8295346678e-22
1.07407142159e-11	-2.61391943051e-19
1.19341269065e-11	-5.38355400464e-17
1.31275395972e-11	-3.59816168157e-15
1.43209522878e-11	-9.9268182531e-14
1.55143649785e-11	-1.34578361232e-12
1.67077776691e-11	-1.02363805366e-11
1.79011903598e-11	-4.81669595702e-11
1.90946030504e-11	-1.48919191215e-10
2.02880157411e-11	-3.03570089205e-10
2.14814284317e-11	-3.41855824898e-10
2.26748411224e-11	1.88057685743e-10
2.3868253813e-11	2.09994369116e-09
2.50616665037e-11	6.58537768761e-09
2.62550791943e-11	1.50755598005e-08
2.7448491885e-11	2.87281869404e-08
2.86419045756e-11	4.70515590933e-08
2.98353172663e-11	6.56460423798e-08
3.10287299569e-11	7.41977315144e-08
3.22221426476e-11	5.54567196609e-08
3.34155553382e-11	-1.3262638765e-08
3.46089680289e-11	-1.54168988686e-07
3.58023807195e-11	-3.79209872392e-07
3.69957934102e-11	-6.77669540039e-07
3.81892061008e-11	-1.00621647192e-06
3.93826187915e-11	-1.28755721107e-06
4.05760314821e-11	-1.42296381966e-06
4.17694441728e-11	-1.31675592741e-06
4.29628568634e-11	-9.08221828411e-07
4.41562695541e-11	-1.98220865499e-07
4.53496822447e-11	7.40531582721e-07
4.65430949354e-11	1.77595113371e-06
4.7736507626e-11	2.74663238997e-06
4.89299203167e-11	3.49990358472e-06
5.01233330073e-11	3.92088625745e-06
5.1316745698e-11	3.94624171918e-06
5.25101583886e-11	3.56225822884e-06
5.37035710793e-11	2.79766916833e-06
5.48969837699e-11	1.72126081566e-06
5.60903964606e-11	4.47227613165e-07
5.72838091513e-11	-8.62531557289e-07
5.84772218419e-11	-2.01094796637e-06
5.96706345326e-11	-2.80642430539e-06
6.08640472232e-11	-3.12079635023e-06
6.20574599139e-11	-2.94161134207e-06
6.32508726045e-11	-2.38718220658e-06
6.44442852952e-11	-1.66747852859e-06
6.56376979858e-11	-1.0004060087e-06
6.68311106765e-11	-5.22736549158e-07
6.80245233671e-11	-2.39385078871e-07
6.92179360578e-11	-4.05532176728e-08
7.04113487484e-11	2.23762903317e-07
7.16047614391e-11	6.50888654974e-07
7.27981741297e-11	1.22537563385e-06
7.39915868204e-11	1.82068284005e-06
7.5184999511e-11	2.2576583234e-06
7.63784122017e-11	2.3852928166e-06
7.75718248923e-11	2.14199361892e-06
7.8765237583e-11	1.57384837962e-06
7.99586502736e-11	8.10239612292e-07
8.11520629643e-11	1.82323978137e-08
8.23454756549e-11	-6.42576374332e-07
8.35388883456e-11	-1.05146770579e-06
8.47323010362e-11	-1.14215605151e-06
8.59257137269e-11	-9.08034436975e-07
8.71191264175e-11	-3.9978980837e-07
8.83125391082e-11	2.83721792727e-07
8.95059517988e-11	1.0122906815e-06
9.06993644895e-11	1.64934940017e-06
9.18927771801e-11	2.07743724445e-06
9.30861898708e-11	2.22185101961e-06
9.42796025614e-11	2.06511423073e-06
9.54730152521e-11	1.64978838768e-06
9.66664279427e-11	1.06997299554e-06
9.78598406334e-11	4.49708874584e-07
9.9053253324e-11	-8.95294292036e-08
1.00246666015e-10	-4.61091776316e-07
1.01440078705e-10	-6.39453425322e-07
1.02633491396e-10	-6.64439951947e-07
1.03826904087e-10	-6.22687398533e-07
1.05020316777e-10	-6.07866144975e-07
1.06213729468e-10	-6.78167261015e-07
1.07407142159e-10	-8.2614889152e-07
1.08600554849e-10	-9.78591906176e-07
1.0979396754e-10	-1.02535520341e-06
1.10987380231e-10	-8.69065004849e-07
1.12180792921e-10	-4.72515097272e-07
1.13374205612e-10	1.15346702412e-07
1.14567618303e-10	7.68804341078e-07
1.15761030993e-10	1.32448386125e-06
1.16954443684e-10	1.63728262237e-06
1.18147856374e-10	1.62788339253e-06
1.19341269065e-10	1.30549967992e-06
1.20534681756e-10	7.59796080274e-07
1.21728094446e-10	1.28176110614e-07
1.22921507137e-10	-4.46396814624e-07
1.24114919828e-10	-8.51156940485e-07
1.25308332518e-10	-1.0253540168e-06
1.26501745209e-10	-9.64636790002e-07
1.276951579e-10	-7.14074701591e-07
1.2888857059e-10	-3.52122572878e-07
1.30081983281e-10	2.86790742265e-08
1.31275395972e-10	3.42969894263e-07
1.32468808662e-10	5.31959138073e-07
1.33662221353e-10	5.75813572823e-07
1.34855634044e-10	4.96777929015e-07
1.36049046734e-10	3.48372180881e-07
1.37242459425e-10	1.96726261947e-07
1.38435872116e-10	9.69651636762e-08
1.39629284806e-10	7.56452702699e-08
1.40822697497e-10	1.23788070461e-07
1.42016110187e-10	2.02437655972e-07
1.43209522878e-10	2.59205226172e-07
1.44402935569e-10	2.48939155512e-07
1.45596348259e-10	1.51468110943e-07
1.4678976095e-10	-1.91300359997e-08
1.47983173641e-10	-2.18676017738e-07
1.49176586331e-10	-3.86986670264e-07
1.50369999022e-10	-4.69171322237e-07
1.51563411713e-10	-4.35101799923e-07
1.52756824403e-10	-2.89604606962e-07
1.53950237094e-10	-7.16468075979e-08
1.55143649785e-10	1.5899983552e-07
1.56337062475e-10	3.40881090466e-07
1.57530475166e-10	4.28008409159e-07
1.58723887857e-10	4.03480100886e-07
1.59917300547e-10	2.81322321882e-07
1.61110713238e-10	1.02388542089e-07
1.62304125929e-10	-7.79927527006e-08
1.63497538619e-10	-2.05137672182e-07
1.6469095131e-10	-2.4036214441e-07
1.65884364e-10	-1.72533260567e-07
1.67077776691e-10	-2.20773257453e-08
1.68271189382e-10	1.65207120872e-07
1.69464602072e-10	3.31610859661e-07
1.70658014763e-10	4.25895930078e-07
1.71851427454e-10	4.18446887807e-07
1.73044840144e-10	3.09419675659e-07
1.74238252835e-10	1.27183833243e-07
1.75431665526e-10	-8.17047780544e-08
1.76625078216e-10	-2.66049656972e-07
1.77818490907e-10	-3.83711650898e-07
1.79011903598e-10	-4.11523178201e-07
1.80205316288e-10	-3.49636628982e-07
1.81398728979e-10	-2.20340776735e-07
1.8259214167e-10	-6.10513195554e-08
1.8378555436e-10	8.62928919432e-08
1.84978967051e-10	1.87500358351e-07
1.86172379742e-10	2.25411248778e-07
1.87365792432e-10	2.03894753525e-07
1.88559205123e-10	1.44142067171e-07
1.89752617814e-10	7.5345389039e-08
1.90946030504e-10	2.36952846233e-08
1.92139443195e-10	3.43832104455e-09
1.93332855885e-10	1.42873209374e-08
1.94526268576e-10	4.43431824593e-08
1.95719681267e-10	7.67055579054e-08
1.96913093957e-10	9.65048103652e-08
1.98106506648e-10	9.48259417655e-08
1.99299919339e-10	6.99595181786e-08
2.00493332029e-10	2.61334853757e-08
2.0168674472e-10	-2.87103814056e-08
2.02880157411e-10	-8.39708027556e-08
2.04073570101e-10	-1.27604833366e-07
2.05266982792e-10	-1.47561470598e-07
2.06460395483e-10	-1.34278332453e-07
2.07653808173e-10	-8.50355608151e-08
2.08847220864e-10	-6.92566737293e-09
2.10040633555e-10	8.20033827509e-08
2.11234046245e-10	1.56457243605e-07
2.12427458936e-10	1.91624671686e-07
2.13620871627e-10	1.7236803096e-07
2.14814284317e-10	1.00645911161e-07
2.16007697008e-10	-3.59793972393e-09
2.17201109698e-10	-1.07842914154e-07
2.18394522389e-10	-1.78280885166e-07
2.1958793508e-10	-1.91851869502e-07
2.2078134777e-10	-1.44244994615e-07
2.21974760461e-10	-5.12268512054e-08
2.23168173152e-10	5.78023842124e-08
2.24361585842e-10	1.50121296727e-07
2.25554998533e-10	2.00354506319e-07
2.26748411224e-10	1.97488994047e-07
2.27941823914e-10	1.46207153051e-07
2.29135236605e-10	6.3451031096e-08
2.30328649296e-10	-2.78846992163e-08
2.31522061986e-10	-1.05634986092e-07
2.32715474677e-10	-1.53337634146e-07
2.33908887368e-10	-1.62627848965e-07
2.35102300058e-10	-1.33829372473e-07
2.36295712749e-10	-7.43779624557e-08
2.3748912544e-10	2.55735166377e-09
2.3868253813e-10	8.0404465308e-08
2.39875950821e-10	1.41734236792e-07
2.41069363512e-10	1.71377878999e-07
2.42262776202e-10	1.60541718586e-07
2.43456188893e-10	1.09939541026e-07
2.44649601583e-10	3.13071206737e-08
2.45843014274e-10	-5.45813407804e-08
2.47036426965e-10	-1.23490984549e-07
2.48229839655e-10	-1.55359577647e-07
2.49423252346e-10	-1.41143232213e-07
2.50616665037e-10	-8.63471694146e-08
2.51810077727e-10	-9.25027587861e-09
2.53003490418e-10	6.54586020943e-08
2.54196903109e-10	1.14913556892e-07
2.55390315799e-10	1.25843435228e-07
2.5658372849e-10	9.81250449783e-08
2.57777141181e-10	4.40636451771e-08
2.58970553871e-10	-1.64563307425e-08
2.60163966562e-10	-6.30440544214e-08
2.61357379253e-10	-8.13724518878e-08
2.62550791943e-10	-6.7440821816e-08
2.63744204634e-10	-2.82368999294e-08
2.64937617325e-10	2.11318931242e-08
2.66131030015e-10	6.27439704637e-08
2.67324442706e-10	8.16311134244e-08
2.68517855396e-10	7.04595501944e-08
2.69711268087e-10	3.14931107859e-08
2.70904680778e-10	-2.44127881244e-08
2.72098093468e-10	-8.10087561476e-08
2.73291506159e-10	-1.21486103843e-07
2.7448491885e-10	-1.33119524293e-07
2.7567833154e-10	-1.10805633113e-07
2.76871744231e-10	-5.84221435673e-08
2.78065156922e-10	1.20664127579e-08
2.79258569612e-10	8.41530312101e-08
2.80451982303e-10	1.40833817497e-07
2.81645394994e-10	1.69192448496e-07
2.82838807684e-10	1.63159334932e-07
2.84032220375e-10	1.24437674387e-07
2.85225633066e-10	6.1685637931e-08
2.86419045756e-10	-1.16501620573e-08
2.87612458447e-10	-7.9992831914e-08
2.88805871138e-10	-1.2853040765e-07
2.89999283828e-10	-1.46189499617e-07
2.91192696519e-10	-1.28676196809e-07
2.9238610921e-10	-8.01793147431e-08
2.935795219e-10	-1.36013641461e-08
2.94772934591e-10	5.24966630167e-08
2.95966347281e-10	9.89939650253e-08
2.97159759972e-10	1.12413603759e-07
2.98353172663e-10	8.97535379352e-08
2.99546585353e-10	3.9687111375e-08
3.00739998044e-10	-2.01092440477e-08
3.01933410735e-10	-6.90638701784e-08
3.03126823425e-10	-9.08545132461e-08
3.04320236116e-10	-7.86834277733e-08
3.05513648807e-10	-3.75650186513e-08
3.06707061497e-10	1.79876037398e-08
3.07900474188e-10	6.89006256493e-08
3.09093886879e-10	9.81429417735e-08
3.10287299569e-10	9.60419743734e-08
3.1148071226e-10	6.31113392657e-08
3.12674124951e-10	9.21340059801e-09
3.13867537641e-10	-4.98633117019e-08
3.15060950332e-10	-9.77274901004e-08
3.16254363023e-10	-1.21798682251e-07
3.17447775713e-10	-1.16530843641e-07
3.18641188404e-10	-8.38957490146e-08
3.19834601094e-10	-3.22129185548e-08
3.21028013785e-10	2.63805062239e-08
3.22221426476e-10	7.88983021138e-08
3.23414839166e-10	1.13921871936e-07
3.24608251857e-10	1.23992898615e-07
3.25801664548e-10	1.06959904933e-07
3.26995077238e-10	6.66675843419e-08
3.28188489929e-10	1.26036400205e-08
3.2938190262e-10	-4.20712753524e-08
3.3057531531e-10	-8.34518809611e-08
3.31768728001e-10	-1.00437457462e-07
3.32962140692e-10	-8.83807622643e-08
3.34155553382e-10	-5.07536768168e-08
3.35348966073e-10	9.63737201154e-10
3.36542378764e-10	5.01954700027e-08
3.37735791454e-10	8.04918087738e-08
3.38929204145e-10	8.08386708684e-08
3.40122616836e-10	5.0129945528e-08
3.41316029526e-10	-1.82977522023e-09
3.42509442217e-10	-5.7188865199e-08
3.43702854908e-10	-9.59931192313e-08
3.44896267598e-10	-1.03382909344e-07
3.46089680289e-10	-7.50042303821e-08
3.47283092979e-10	-1.88426416692e-08
3.4847650567e-10	4.76188821708e-08
3.49669918361e-10	1.03281245778e-07
3.50863331051e-10	1.30680566812e-07
3.52056743742e-10	1.21429742705e-07
3.53250156433e-10	7.84586742242e-08
3.54443569123e-10	1.44858265383e-08
3.55636981814e-10	-5.26055399241e-08
3.56830394505e-10	-1.0516310045e-07
3.58023807195e-10	-1.30784700403e-07
3.59217219886e-10	-1.24827194803e-07
3.60410632577e-10	-9.06904134013e-08
3.61604045267e-10	-3.79367302017e-08
3.62797457958e-10	2.06515291534e-08
3.63990870649e-10	7.19537425198e-08
3.65184283339e-10	1.05083636015e-07
3.6637769603e-10	1.13148910685e-07
3.67571108721e-10	9.46124725232e-08
3.68764521411e-10	5.38323101651e-08
3.69957934102e-10	8.32579671872e-10
3.71151346792e-10	-5.06304003167e-08
3.72344759483e-10	-8.61817905928e-08
3.73538172174e-10	-9.52526670872e-08
3.74731584864e-10	-7.46916599681e-08
3.75924997555e-10	-3.06534539973e-08
3.77118410246e-10	2.26415044491e-08
3.78311822936e-10	6.73143070173e-08
3.79505235627e-10	8.76461569987e-08
3.80698648318e-10	7.58784723942e-08
3.81892061008e-10	3.5132080356e-08
3.83085473699e-10	-2.13095197044e-08
3.8427888639e-10	-7.42781915974e-08
3.8547229908e-10	-1.05433232811e-07
3.86665711771e-10	-1.0335208156e-07
3.87859124462e-10	-6.75025688679e-08
3.89052537152e-10	-8.30493762649e-09
3.90245949843e-10	5.65964191068e-08
3.91439362534e-10	1.08009760247e-07
3.92632775224e-10	1.31273061754e-07
3.93826187915e-10	1.2032351826e-07
3.95019600606e-10	7.87137288683e-08
3.96213013296e-10	1.79559154212e-08
3.97406425987e-10	-4.62065607998e-08
3.98599838677e-10	-9.81689609603e-08
3.99793251368e-10	-1.25915813776e-07
4.00986664059e-10	-1.23727594392e-07
4.02180076749e-10	-9.29339520894e-08
4.0337348944e-10	-4.15061656156e-08
4.04566902131e-10	1.77550008029e-08
4.05760314821e-10	7.01903921652e-08
4.06953727512e-10	1.02769553756e-07
4.08147140203e-10	1.07478224542e-07
4.09340552893e-10	8.36465599008e-08
4.10533965584e-10	3.83715255126e-08
4.11727378275e-10	-1.52564700873e-08
4.12920790965e-10	-6.16783877305e-08
4.14114203656e-10	-8.74263292872e-08
4.15307616347e-10	-8.50257633189e-08
4.16501029037e-10	-5.54762205063e-08
4.17694441728e-10	-8.05671340753e-09
4.18887854419e-10	4.23265724692e-08
4.20081267109e-10	7.9585574575e-08
4.212746798e-10	9.15676636737e-08
4.2246809249e-10	7.38956584811e-08
4.23661505181e-10	3.1512923826e-08
4.24854917872e-10	-2.26317895535e-08
4.26048330562e-10	-7.17748420698e-08
4.27241743253e-10	-1.00386976065e-07
4.28435155944e-10	-9.92143203149e-08
4.29628568634e-10	-6.81034038053e-08
4.30821981325e-10	-1.5947274834e-08
4.32015394016e-10	4.18974339667e-08
4.33208806706e-10	8.84888162744e-08
4.34402219397e-10	1.10277216692e-07
4.35595632088e-10	1.0104105197e-07
4.36789044778e-10	6.37070085574e-08
4.37982457469e-10	9.10375175245e-09
4.3917587016e-10	-4.72023713449e-08
4.4036928285e-10	-8.95390925848e-08
4.41562695541e-10	-1.06581728332e-07
4.42756108232e-10	-9.41477971139e-08
4.43949520922e-10	-5.62989366237e-08
4.45142933613e-10	-3.76798525714e-09
4.46336346304e-10	4.89431561945e-08
4.47529758994e-10	8.74982095667e-08
4.48723171685e-10	1.01493806248e-07
4.49916584375e-10	8.71619985077e-08
4.51109997066e-10	4.83835829179e-08
4.52303409757e-10	-4.12711792519e-09
4.53496822447e-10	-5.57394739253e-08
4.54690235138e-10	-9.17621028051e-08
4.55883647829e-10	-1.01591003165e-07
4.57077060519e-10	-8.19663323881e-08
4.5827047321e-10	-3.79418132468e-08
4.59463885901e-10	1.81669226329e-08
4.60657298591e-10	7.03037335015e-08
4.61850711282e-10	1.03244850003e-07
4.63044123973e-10	1.07089676682e-07
4.64237536663e-10	8.03074478029e-08
4.65430949354e-10	3.03539970936e-08
4.66624362045e-10	-2.8437134425e-08
4.67817774735e-10	-7.90143293017e-08
4.69011187426e-10	-1.06678340828e-07
4.70204600117e-10	-1.03497423964e-07
4.71398012807e-10	-7.06324074784e-08
4.72591425498e-10	-1.79431776104e-08
4.73784838188e-10	3.90315659793e-08
4.74978250879e-10	8.37506126672e-08
4.7617166357e-10	1.03509645299e-07
4.7736507626e-10	9.31116970193e-08
4.78558488951e-10	5.6133064863e-08
4.79751901642e-10	3.82290232803e-09
4.80945314332e-10	-4.83990620914e-08
4.82138727023e-10	-8.53781987331e-08
4.83332139714e-10	-9.65823758747e-08
4.84525552404e-10	-7.91419392243e-08
4.85718965095e-10	-3.84348131099e-08
4.86912377786e-10	1.34176915134e-08
4.88105790476e-10	6.12943447109e-08
4.89299203167e-10	9.13576458927e-08
4.90492615858e-10	9.50810399303e-08
4.91686028548e-10	7.15373698057e-08
4.92879441239e-10	2.75901366198e-08
4.9407285393e-10	-2.42407498519e-08
4.9526626662e-10	-6.92794586143e-08
4.96459679311e-10	-9.48827461045e-08
4.97653092001e-10	-9.38640880577e-08
4.98846504692e-10	-6.64499122394e-08
5.00039917383e-10	-2.02494208068e-08
5.01233330073e-10	3.19203872223e-08
5.02426742764e-10	7.54576046091e-08
5.03620155455e-10	9.80966232689e-08
5.04813568145e-10	9.32976416124e-08
5.06006980836e-10	6.21919511445e-08
5.07200393527e-10	1.33733214502e-08
5.08393806217e-10	-3.93532948451e-08
5.09587218908e-10	-8.08642699468e-08
5.10780631599e-10	-9.89708572874e-08
5.11974044289e-10	-8.81318111823e-08
5.1316745698e-10	-5.12164679556e-08
5.14360869671e-10	1.09851722163e-09
5.15554282361e-10	5.33643622624e-08
5.16747695052e-10	8.99639678309e-08
5.17941107743e-10	9.99284912595e-08
5.19134520433e-10	8.02894817298e-08
5.20327933124e-10	3.7104464834e-08
5.21521345815e-10	-1.65399456353e-08
5.22714758505e-10	-6.45616804462e-08
5.23908171196e-10	-9.28387047239e-08
5.25101583886e-10	-9.34058483892e-08
5.26294996577e-10	-6.66185417941e-08
5.27488409268e-10	-2.07408712427e-08
5.28681821958e-10	3.06978817921e-08
5.29875234649e-10	7.29660660781e-08
5.3106864734e-10	9.4303390874e-08
5.3226206003e-10	8.9020656624e-08
5.33455472721e-10	5.89398299056e-08
5.34648885412e-10	1.26047799975e-08
5.35842298102e-10	-3.70770245617e-08
5.37035710793e-10	-7.64777476903e-08
5.38229123484e-10	-9.48014440283e-08
5.39422536174e-10	-8.70852554513e-08
5.40615948865e-10	-5.54211361248e-08
5.41809361556e-10	-8.50297754429e-09
5.43002774246e-10	4.07384943557e-08
5.44196186937e-10	7.8629295075e-08
5.45389599628e-10	9.45276772413e-08
5.46583012318e-10	8.38970857231e-08
5.47776425009e-10	4.96729155586e-08
5.48969837699e-10	1.62158764194e-09
5.5016325039e-10	-4.64114338072e-08
5.51356663081e-10	-8.04070445781e-08
5.52550075771e-10	-9.03751926629e-08
5.53743488462e-10	-7.33236023009e-08
5.54936901153e-10	-3.43126509428e-08
5.56130313843e-10	1.49969574537e-08
5.57323726534e-10	5.97752225495e-08
5.58517139225e-10	8.64793525679e-08
5.59710551915e-10	8.69812595283e-08
5.60903964606e-10	6.10633552611e-08
5.62097377297e-10	1.64708033878e-08
5.63290789987e-10	-3.33805938446e-08
5.64484202678e-10	-7.35584677614e-08
5.65677615369e-10	-9.20461351583e-08
5.66871028059e-10	-8.33734139505e-08
5.6806444075e-10	-5.01243522244e-08
5.69257853441e-10	-2.08264405721e-09
5.70451266131e-10	4.67800829185e-08
5.71644678822e-10	8.24121544341e-08
5.72838091513e-10	9.47530036655e-08
5.74031504203e-10	8.04653472741e-08
5.75224916894e-10	4.37537948095e-08
5.76418329584e-10	-4.96553065332e-09
5.77611742275e-10	-5.21280898447e-08
5.78805154966e-10	-8.47162615614e-08
5.79998567656e-10	-9.39191373561e-08
5.81191980347e-10	-7.73384689623e-08
5.82385393038e-10	-3.96705748251e-08
5.83578805728e-10	8.71111438538e-09
5.84772218419e-10	5.45134528629e-08
5.8596563111e-10	8.51623420672e-08
5.871590438e-10	9.21830807243e-08
5.88352456491e-10	7.35913552319e-08
5.89545869182e-10	3.45092261433e-08
5.90739281872e-10	-1.41040179535e-08
5.91932694563e-10	-5.84553649929e-08
5.93126107254e-10	-8.57726476511e-08
5.94319519944e-10	-8.8095908346e-08
5.95512932635e-10	-6.47327462744e-08
5.96706345326e-10	-2.25849350333e-08
5.97899758016e-10	2.57255019509e-08
5.99093170707e-10	6.57305809781e-08
6.00286583397e-10	8.54424504482e-08
6.01479996088e-10	7.90968570641e-08
6.02673408779e-10	4.88800497855e-08
6.03866821469e-10	4.18896917154e-09
6.0506023416e-10	-4.13211198591e-08
6.06253646851e-10	-7.39503889235e-08
6.07447059541e-10	-8.40819662784e-08
6.08640472232e-10	-6.89657095876e-08
6.09833884923e-10	-3.33604126546e-08
6.11027297613e-10	1.20227229283e-08
6.12220710304e-10	5.38010138662e-08
6.13414122995e-10	7.98509001143e-08
6.14607535685e-10	8.27243722412e-08
6.15800948376e-10	6.17408781878e-08
6.16994361067e-10	2.29529506512e-08
6.18187773757e-10	-2.25659013697e-08
6.19381186448e-10	-6.19577251726e-08
6.20574599139e-10	-8.41427878484e-08
6.21768011829e-10	-8.28163146949e-08
6.2296142452e-10	-5.82807913041e-08
6.24154837211e-10	-1.72224681183e-08
6.25348249901e-10	2.89489723304e-08
6.26541662592e-10	6.73417632768e-08
6.27735075282e-10	8.7060597842e-08
6.28928487973e-10	8.23643331316e-08
6.30121900664e-10	5.43264571107e-08
6.31315313354e-10	1.06928881305e-08
6.32508726045e-10	-3.62593852721e-08
6.33702138736e-10	-7.31736520265e-08
6.34895551426e-10	-8.9477077303e-08
6.36088964117e-10	-8.04780890817e-08
6.37282376808e-10	-4.87551443662e-08
6.38475789498e-10	-3.46280437657e-09
6.39669202189e-10	4.23678150341e-08
6.4086261488e-10	7.55697691091e-08
6.4205602757e-10	8.67352198952e-08
6.43249440261e-10	7.28775422232e-08
6.44442852952e-10	3.82985110292e-08
6.45636265642e-10	-6.72818800673e-09
6.46829678333e-10	-4.90094547168e-08
6.48023091024e-10	-7.63142136151e-08
6.49216503714e-10	-8.09338764896e-08
6.50409916405e-10	-6.19313689221e-08
6.51603329095e-10	-2.52526282107e-08
6.52796741786e-10	1.80326125143e-08
6.53990154477e-10	5.51446532882e-08
6.55183567167e-10	7.53111830676e-08
6.56376979858e-10	7.28934104188e-08
6.57570392549e-10	4.8927159213e-08
6.58763805239e-10	1.06823734303e-08
6.5995721793e-10	-3.05596672412e-08
6.61150630621e-10	-6.27904803707e-08
6.62344043311e-10	-7.67406840296e-08
6.63537456002e-10	-6.8442590262e-08
6.64730868693e-10	-4.03086519718e-08
6.65924281383e-10	-3.91213228479e-10
6.67117694074e-10	3.99053692313e-08
6.68311106765e-10	6.90232750955e-08
6.69504519455e-10	7.85366456313e-08
6.70697932146e-10	6.54896163965e-08
6.71891344837e-10	3.33767053995e-08
6.73084757527e-10	-8.87578610609e-09
6.74278170218e-10	-4.9264281099e-08
6.75471582909e-10	-7.62045715419e-08
6.76664995599e-10	-8.17766219186e-08
6.7785840829e-10	-6.41437951643e-08
6.7905182098e-10	-2.81238317079e-08
6.80245233671e-10	1.61067226223e-08
6.81438646362e-10	5.5891466566e-08
6.82632059052e-10	7.98023354065e-08
6.83825471743e-10	8.09184790285e-08
6.85018884434e-10	5.892892041e-08
6.86212297124e-10	2.01723664439e-08
6.87405709815e-10	-2.41544242385e-08
6.88599122506e-10	-6.13258022142e-08
6.89792535196e-10	-8.07583129259e-08
6.90985947887e-10	-7.70949455386e-08
6.92179360578e-10	-5.16872544765e-08
6.93372773268e-10	-1.21391244834e-08
6.94566185959e-10	3.00150211352e-08
6.9575959865e-10	6.26520009206e-08
6.9695301134e-10	7.66153842591e-08
6.98146424031e-10	6.82408227703e-08
6.99339836722e-10	4.03345778999e-08
7.00533249412e-10	1.25450899668e-09
7.01726662103e-10	-3.75769659833e-08
7.02920074793e-10	-6.49789706486e-08
7.04113487484e-10	-7.3179453608e-08
7.05306900175e-10	-6.00412501939e-08
7.06500312865e-10	-2.9555468295e-08
7.07693725556e-10	9.28374233045e-09
7.08887138247e-10	4.51387291989e-08
7.10080550937e-10	6.75916176363e-08
7.11273963628e-10	7.01125237867e-08
7.12467376319e-10	5.1986312144e-08
7.13660789009e-10	1.8435298843e-08
7.148542017e-10	-2.08193360329e-08
7.16047614391e-10	-5.44280993608e-08
7.17241027081e-10	-7.26027424847e-08
7.18434439772e-10	-7.00042939172e-08
7.19627852463e-10	-4.72091850057e-08
7.20821265153e-10	-1.06516706566e-08
7.22014677844e-10	2.92587711836e-08
7.23208090535e-10	6.10362040909e-08
7.24401503225e-10	7.546687808e-08
7.25594915916e-10	6.82468508373e-08
7.26788328607e-10	4.13008662825e-08
7.27981741297e-10	2.27748125914e-09
7.29175153988e-10	-3.76529083468e-08
7.30368566678e-10	-6.69719835145e-08
7.31561979369e-10	-7.72344446176e-08
7.3275539206e-10	-6.54712222214e-08
7.3394880475e-10	-3.5117743824e-08
7.35142217441e-10	5.03534175467e-09
7.36335630132e-10	4.33919007392e-08
7.37529042822e-10	6.89503414364e-08
7.38722455513e-10	7.44885495507e-08
7.39915868204e-10	5.86225952226e-08
7.41109280894e-10	2.61480770369e-08
7.42302693585e-10	-1.34209396929e-08
7.43496106276e-10	-4.86728857219e-08
7.44689518966e-10	-6.95839190712e-08
7.45882931657e-10	-7.04074176738e-08
7.47076344348e-10	-5.11994295849e-08
7.48269757038e-10	-1.77547210267e-08
7.49463169729e-10	2.01947447653e-08
7.5065658242e-10	5.17514044951e-08
7.5184999511e-10	6.79942182558e-08
7.53043407801e-10	6.44475486311e-08
7.54236820491e-10	4.23033923447e-08
7.55430233182e-10	8.05007926985e-09
7.56623645873e-10	-2.84101100423e-08
7.57817058563e-10	-5.65663587082e-08
7.59010471254e-10	-6.83042067351e-08
7.60203883945e-10	-6.02139964556e-08
7.61397296635e-10	-3.46252742034e-08
7.62590709326e-10	1.09460118747e-09
7.63784122017e-10	3.65622887522e-08
7.64977534707e-10	6.14662578613e-08
7.66170947398e-10	6.84795082861e-08
7.67364360089e-10	5.54836669941e-08
7.68557772779e-10	2.61613775088e-08
7.6975118547e-10	-1.10182329927e-08
7.70944598161e-10	-4.5272643856e-08
7.72138010851e-10	-6.66293091811e-08
7.73331423542e-10	-6.88442414187e-08
7.74524836233e-10	-5.12295437183e-08
7.75718248923e-10	-1.8841018079e-08
7.76911661614e-10	1.89454449906e-08
7.78105074305e-10	5.12348794501e-08
7.79298486995e-10	6.86989576337e-08
7.80491899686e-10	6.63612009788e-08
7.81685312376e-10	4.49637256317e-08
7.82878725067e-10	1.07480332412e-08
7.84072137758e-10	-2.63819508461e-08
7.85265550448e-10	-5.57729475936e-08
7.86458963139e-10	-6.90694621497e-08
7.8765237583e-10	-6.26068796805e-08
7.8884578852e-10	-3.84111222829e-08
7.90039201211e-10	-3.54506857203e-09
7.91232613902e-10	3.1942732015e-08
7.92426026592e-10	5.79493328878e-08
7.93619439283e-10	6.71512703221e-08
7.94812851974e-10	5.70990623672e-08
7.96006264664e-10	3.08274568095e-08
7.97199677355e-10	-4.02417860146e-09
7.98393090046e-10	-3.74512802992e-08
7.99586502736e-10	-5.9909726069e-08
8.00779915427e-10	-6.50518297007e-08
8.01973328118e-10	-5.15062792417e-08
8.03166740808e-10	-2.32361063723e-08
8.04360153499e-10	1.15554799063e-08
8.05553566189e-10	4.28531752306e-08
8.0674697888e-10	6.15982145291e-08
8.07940391571e-10	6.23992097992e-08
8.09133804261e-10	4.500384998e-08
8.10327216952e-10	1.44572297467e-08
8.11520629643e-10	-2.03835883728e-08
8.12714042333e-10	-4.93756937558e-08
8.13907455024e-10	-6.40584358891e-08
8.15100867715e-10	-6.01084155782e-08
8.16294280405e-10	-3.86390439644e-08
8.17487693096e-10	-5.86803955427e-09
8.18681105787e-10	2.86796211224e-08
8.19874518477e-10	5.49488428092e-08
8.21067931168e-10	6.53283649399e-08
8.22261343859e-10	5.68152995761e-08
8.23454756549e-10	3.19297182028e-08
8.2464816924e-10	-2.09479417146e-09
8.25841581931e-10	-3.54155162974e-08
8.27034994621e-10	-5.84590233998e-08
8.28228407312e-10	-6.46755928813e-08
8.29421820002e-10	-5.24010332903e-08
8.30615232693e-10	-2.52620202534e-08
8.31808645384e-10	8.87553286422e-09
8.33002058074e-10	4.02354349838e-08
8.34195470765e-10	5.98912857086e-08
8.35388883456e-10	6.23240890008e-08
8.36582296146e-10	4.69633181233e-08
8.37775708837e-10	1.8302171112e-08
8.38969121528e-10	-1.53904977651e-08
8.40162534218e-10	-4.44550645184e-08
8.41355946909e-10	-6.06199361819e-08
8.425493596e-10	-5.93074789279e-08
8.4374277229e-10	-4.10008591523e-08
8.44936184981e-10	-1.10110709439e-08
8.46129597672e-10	2.20006461937e-08
8.47323010362e-10	4.85355240443e-08
8.48516423053e-10	6.10006929413e-08
8.49709835744e-10	5.5826637535e-08
8.50903248434e-10	3.4576248531e-08
8.52096661125e-10	3.39237765656e-09
8.53290073816e-10	-2.86669756822e-08
8.54483486506e-10	-5.23347023496e-08
8.55676899197e-10	-6.07434431643e-08
8.56870311887e-10	-5.14710225552e-08
8.58063724578e-10	-2.72126723377e-08
8.59257137269e-10	4.97096619423e-09
8.60450549959e-10	3.57239917648e-08
8.6164396265e-10	5.61161077606e-08
8.62837375341e-10	6.02218519496e-08
8.64030788031e-10	4.68742511472e-08
8.65224200722e-10	1.99461462902e-08
8.66417613413e-10	-1.27381116766e-08
8.67611026103e-10	-4.17251939666e-08
8.68804438794e-10	-5.86404760305e-08
8.69997851485e-10	-5.86320725304e-08
8.71191264175e-10	-4.17422865162e-08
8.72384676866e-10	-1.2882202638e-08
8.73578089557e-10	1.96151321852e-08
8.74771502247e-10	4.64029952241e-08
8.75964914938e-10	5.98399476637e-08
8.77158327629e-10	5.61467339288e-08
8.78351740319e-10	3.64910182071e-08
8.7954515301e-10	6.58818222199e-09
8.807385657e-10	-2.49472349445e-08
8.81931978391e-10	-4.91101483924e-08
8.83125391082e-10	-5.90454933835e-08
8.84318803772e-10	-5.20194536335e-08
8.85512216463e-10	-3.01247975454e-08
8.86705629154e-10	2.93644220051e-10
8.87899041844e-10	3.0504470061e-08
8.89092454535e-10	5.18617166989e-08
8.90285867226e-10	5.82729109411e-08
8.91479279916e-10	4.79534807418e-08
8.92672692607e-10	2.39085475862e-08
8.93866105298e-10	-6.8954520982e-09
8.95059517988e-10	-3.55728180246e-08
8.96252930679e-10	-5.38373696735e-08
8.9744634337e-10	-5.64407196535e-08
8.9863975606e-10	-4.2649038523e-08
8.99833168751e-10	-1.65028106736e-08
9.01026581442e-10	1.44072092034e-08
9.02219994132e-10	4.10900913295e-08
9.03413406823e-10	5.58236772363e-08
9.04606819514e-10	5.43508456019e-08
9.05800232204e-10	3.71385580067e-08
9.06993644895e-10	9.22293941219e-09
9.08187057585e-10	-2.12709507785e-08
9.09380470276e-10	-4.54799429228e-08
9.10573882967e-10	-5.64012800908e-08
9.11767295657e-10	-5.08904309804e-08
9.12960708348e-10	-3.05813814272e-08
9.14154121039e-10	-1.37479999607e-09
9.15347533729e-10	2.82687966369e-08
9.1654094642e-10	4.98022458828e-08
9.17734359111e-10	5.70393745569e-08
9.18927771801e-10	4.79439452583e-08
9.20121184492e-10	2.51718677013e-08
9.21314597183e-10	-4.6953669286e-09
9.22508009873e-10	-3.30832747863e-08
9.23701422564e-10	-5.18732430344e-08
9.24894835255e-10	-5.57379511434e-08
9.26088247945e-10	-4.36310858554e-08
9.27281660636e-10	-1.9082751157e-08
9.28475073327e-10	1.08561978296e-08
9.29668486017e-10	3.7609520831e-08
9.30861898708e-10	5.35616688779e-08
9.32055311398e-10	5.41921032493e-08
9.33248724089e-10	3.93869221682e-08
9.3444213678e-10	1.34421681564e-08
9.3563554947e-10	-1.61650566266e-08
9.36828962161e-10	-4.09248923638e-08
9.38022374852e-10	-5.37443631821e-08
9.39215787542e-10	-5.09706232776e-08
9.40409200233e-10	-3.34616134801e-08
9.41602612924e-10	-6.29926510953e-09
9.42796025614e-10	2.26354401889e-08
9.43989438305e-10	4.49953456716e-08
9.45182850996e-10	5.43242397733e-08
9.46376263686e-10	4.79735873249e-08
9.47569676377e-10	2.78268694753e-08
9.48763089068e-10	-2.32090818786e-10
9.49956501758e-10	-2.80405030306e-08
9.51149914449e-10	-4.75308086223e-08
9.5234332714e-10	-5.30715480451e-08
9.5353673983e-10	-4.31050475314e-08
9.54730152521e-10	-2.05740557924e-08
9.55923565212e-10	7.93387655573e-09
9.57116977902e-10	3.41360628653e-08
9.58310390593e-10	5.04420456515e-08
9.59503803283e-10	5.21716638779e-08
9.60697215974e-10	3.8866482921e-08
9.61890628665e-10	1.44162577431e-08
9.63084041355e-10	-1.40984023345e-08
9.64277454046e-10	-3.84596949843e-08
9.65470866737e-10	-5.16716665011e-08
9.66664279427e-10	-4.99577668123e-08
9.67857692118e-10	-3.38424310797e-08
9.69051104809e-10	-7.95537191678e-09
9.70244517499e-10	2.02659764525e-08
9.7143793019e-10	4.27536819281e-08
9.72631342881e-10	5.30757580108e-08
9.73824755571e-10	4.8302476241e-08
9.75018168262e-10	2.98260049991e-08
9.76211580953e-10	2.95385604865e-09
9.77404993643e-10	-2.46013758254e-08
9.78598406334e-10	-4.49509034439e-08
9.79791819025e-10	-5.22805354564e-08
9.80985231715e-10	-4.45211885136e-08
9.82178644406e-10	-2.39443671557e-08
9.83372057096e-10	3.49894868634e-09
9.84565469787e-10	2.9901291887e-08
9.85758882478e-10	4.76569228525e-08
9.86952295168e-10	5.16954234975e-08
9.88145707859e-10	4.08874454294e-08
9.8933912055e-10	1.84222641586e-08
9.9053253324e-10	-9.17797571276e-09
9.91725945931e-10	-3.39124479609e-08
9.92919358622e-10	-4.8648210349e-08
9.94112771312e-10	-4.91644960299e-08
9.95306184003e-10	-3.53801161701e-08
9.96499596694e-10	-1.13443990868e-08
9.97693009384e-10	1.59356057239e-08
9.98886422075e-10	3.855050279e-08
1.00007983477e-09	4.99796808384e-08
1.00127324746e-09	4.69630241362e-08
1.00246666015e-09	3.044570418e-08
1.00366007284e-09	5.25420901232e-09
1.00485348553e-09	-2.12866551053e-08
1.00604689822e-09	-4.15046148561e-08
1.00724031091e-09	-4.95824035163e-08
1.0084337236e-09	-4.32200626399e-08
1.00962713629e-09	-2.42862405742e-08
1.01082054898e-09	1.73388145508e-09
1.01201396167e-09	2.73398170769e-08
1.01320737436e-09	4.51490884679e-08
1.01440078705e-09	5.005376158e-08
1.01559419974e-09	4.06421531984e-08
1.01678761243e-09	1.96312119893e-08
1.01798102513e-09	-6.94027374459e-09
1.01917443782e-09	-3.1441175441e-08
1.02036785051e-09	-4.68391712083e-08
1.0215612632e-09	-4.87223439372e-08
1.02275467589e-09	-3.65679313497e-08
1.02394808858e-09	-1.38737447086e-08
1.02514150127e-09	1.28286894441e-08
1.02633491396e-09	3.5870207693e-08
1.02752832665e-09	4.86466364968e-08
1.02872173934e-09	4.74995158761e-08
1.02991515203e-09	3.28050795417e-08
1.03110856472e-09	8.81631256888e-09
1.03230197741e-09	-1.75205776554e-08
1.0334953901e-09	-3.86182161805e-08
1.03468880279e-09	-4.84076196905e-08
1.03588221549e-09	-4.41166871923e-08
1.03707562818e-09	-2.70389413082e-08
1.03826904087e-09	-2.16780488005e-09
1.03946245356e-09	2.32879133755e-08
1.04065586625e-09	4.1972091136e-08
1.04184927894e-09	4.85320241772e-08
1.04304269163e-09	4.11364546871e-08
1.04423610432e-09	2.19897049458e-08
1.04542951701e-09	-3.32043514906e-09
1.0466229297e-09	-2.74651470455e-08
1.04781634239e-09	-4.34784297454e-08
1.04900975508e-09	-4.67800274073e-08
1.05020316777e-09	-3.64691166155e-08
1.05139658046e-09	-1.55756886278e-08
1.05258999315e-09	9.83090953088e-09
1.05378340584e-09	3.24000399843e-08
1.05497681854e-09	4.5629688028e-08
1.05617023123e-09	4.57182145475e-08
1.05736364392e-09	3.26751030677e-08
1.05855705661e-09	1.02779985633e-08
1.0597504693e-09	-1.49943371053e-08
1.06094388199e-09	-3.58574081538e-08
1.06213729468e-09	-4.62984854899e-08
1.06333070737e-09	-4.33166533753e-08
1.06452412006e-09	-2.77705702878e-08
1.06571753275e-09	-4.14170320262e-09
1.06691094544e-09	2.07715742384e-08
1.06810435813e-09	3.9798170981e-08
1.06929777082e-09	4.74644741288e-08
1.07049118351e-09	4.15743293125e-08
1.0716845962e-09	2.38264270536e-08
1.0728780089e-09	-6.55061838106e-10
1.07407142159e-09	-2.48241314171e-08
1.07526483428e-09	-4.17220444859e-08
1.07645824697e-09	-4.65080605139e-08
1.07765165966e-09	-3.7832442068e-08
1.07884507235e-09	-1.8239109556e-08
1.08003848504e-09	6.59769316957e-09
1.08123189773e-09	2.95007254181e-08
1.08242531042e-09	4.38870086938e-08
1.08361872311e-09	4.56432784901e-08
1.0848121358e-09	3.43245218914e-08
1.08600554849e-09	1.32495298066e-08
1.08719896118e-09	-1.14612888069e-08
1.08839237387e-09	-3.26710756227e-08
1.08958578656e-09	-4.42824861224e-08
1.09077919926e-09	-4.29943369795e-08
1.09197261195e-09	-2.92403403712e-08
1.09316602464e-09	-7.04034613941e-09
1.09435943733e-09	1.7161042587e-08
1.09555285002e-09	3.63809613546e-08
1.09674626271e-09	4.50928485662e-08
1.0979396754e-09	4.08308005184e-08
1.09913308809e-09	2.48668632352e-08
1.10032650078e-09	1.85209658721e-09
1.10151991347e-09	-2.155804113e-08
1.10271332616e-09	-3.86055729606e-08
1.10390673885e-09	-4.43908536596e-08
1.10510015154e-09	-3.72620605482e-08
1.10629356423e-09	-1.93014333405e-08
1.10748697692e-09	4.30249802452e-09
1.10868038961e-09	2.67259780973e-08
1.10987380231e-09	4.15026604195e-08
1.111067215e-09	4.43652314885e-08
1.11226062769e-09	3.44908857031e-08
1.11345404038e-09	1.47291429053e-08
1.11464745307e-09	-9.21496179362e-09
1.11584086576e-09	-3.04349065949e-08
1.11703427845e-09	-4.28133462016e-08
1.11822769114e-09	-4.27884403464e-08
1.11942110383e-09	-3.03848095573e-08
1.12061451652e-09	-9.18847364861e-09
1.12180792921e-09	1.46736639506e-08
1.1230013419e-09	3.43342727582e-08
1.12419475459e-09	4.41356240444e-08
1.12538816728e-09	4.12902037006e-08
1.12658157997e-09	2.66493973555e-08
1.12777499267e-09	4.47128339909e-09
1.12896840536e-09	-1.88351652053e-08
1.13016181805e-09	-3.65538372904e-08
1.13135523074e-09	-4.36075193733e-08
1.13254864343e-09	-3.80112554765e-08
1.13374205612e-09	-2.14347370964e-08
1.13493546881e-09	1.29747274036e-09
1.1361288815e-09	2.36102397633e-08
1.13732229419e-09	3.90781531578e-08
1.13851570688e-09	4.32796292138e-08
1.13970911957e-09	3.50529307802e-08
1.14090253226e-09	1.68226914621e-08
1.14209594495e-09	-6.1205278068e-09
1.14328935764e-09	-2.71451869871e-08
1.14448277033e-09	-4.02025377433e-08
1.14567618303e-09	-4.15509733287e-08
1.14686959572e-09	-3.08434895402e-08
1.14806300841e-09	-1.11960561933e-08
1.1492564211e-09	1.16910822134e-08
1.15044983379e-09	3.12101215982e-08
1.15164324648e-09	4.17275294318e-08
1.15283665917e-09	4.02236111086e-08
1.15403007186e-09	2.71490068204e-08
1.15522348455e-09	6.29655366735e-09
1.15641689724e-09	-1.63013855747e-08
1.15761030993e-09	-3.4114581382e-08
1.15880372262e-09	-4.20018513303e-08
1.15999713531e-09	-3.76901887478e-08
1.161190548e-09	-2.24370937385e-08
1.16238396069e-09	-6.55782511627e-10
1.16357737338e-09	2.13614677058e-08
1.16477078608e-09	3.72560950979e-08
1.16596419877e-09	4.24548360911e-08
1.16715761146e-09	3.54642888389e-08
1.16835102415e-09	1.83286468225e-08
1.16954443684e-09	-4.00205224516e-09
1.17073784953e-09	-2.50778000588e-08
1.17193126222e-09	-3.88353669223e-08
1.17312467491e-09	-4.13322118753e-08
1.1743180876e-09	-3.18858366377e-08
1.17551150029e-09	-1.32547133269e-08
1.17670491298e-09	9.16507669757e-09
1.17789832567e-09	2.89093335937e-08
1.17909173836e-09	4.03047715203e-08
1.18028515105e-09	4.01096738045e-08
1.18147856374e-09	2.84255841088e-08
1.18267197644e-09	8.66133209598e-09
1.18386538913e-09	-1.34587628819e-08
1.18505880182e-09	-3.15623189806e-08
1.18625221451e-09	-4.04512312535e-08
1.1874456272e-09	-3.76027040616e-08
1.18863903989e-09	-2.38796802332e-08
1.18983245258e-09	-3.27739216321e-09
1.19102586527e-09	1.82437274177e-08
1.19221927796e-09	3.44720767487e-08
1.19341269065e-09	4.07460389873e-08
1.19460610334e-09	3.52775941792e-08
1.19579951603e-09	1.968117469e-08
1.19699292872e-09	-1.52155235633e-09
1.19818634141e-09	-2.2190693505e-08
1.1993797541e-09	-3.6361235356e-08
1.20057316679e-09	-3.99496142833e-08
1.20176657949e-09	-3.19380122349e-08
1.20295999218e-09	-1.46602952e-08
1.20415340487e-09	6.87462631266e-09
1.20534681756e-09	2.64356811996e-08
1.20654023025e-09	3.83723786079e-08
1.20773364294e-09	3.92412204953e-08
1.20892705563e-09	2.88089145872e-08
1.21012046832e-09	1.00989482332e-08
1.21131388101e-09	-1.14660179129e-08
1.2125072937e-09	-2.96628421825e-08
1.21370070639e-09	-3.92384125192e-08
1.21489411908e-09	-3.74514859125e-08
1.21608753177e-09	-2.48364460109e-08
1.21728094446e-09	-5.05643243942e-09
1.21847435715e-09	1.61746147587e-08
1.21966776985e-09	3.27337734696e-08
1.22086118254e-09	3.98682438174e-08
1.22205459523e-09	3.55478588787e-08
1.22324800792e-09	2.10532280498e-08
1.22444142061e-09	5.8596766328e-10
1.2256348333e-09	-1.9946687857e-08
1.22682824599e-09	-3.46343624891e-08
1.22802165868e-09	-3.92778578551e-08
1.22921507137e-09	-3.25737921081e-08
1.23040848406e-09	-1.64946283299e-08
1.23160189675e-09	4.29813673541e-09
1.23279530944e-09	2.38022292987e-08
1.23398872213e-09	3.64046406354e-08
1.23518213482e-09	3.8498103816e-08
1.23637554751e-09	2.95164821473e-08
1.23756896021e-09	1.20788128388e-08
1.2387623729e-09	-8.75325278926e-09
1.23995578559e-09	-2.69684050647e-08
1.24114919828e-09	-3.73109325658e-08
1.24234261097e-09	-3.68223576075e-08
1.24353602366e-09	-2.56704870694e-08
1.24472943635e-09	-7.10518055502e-09
1.24592284904e-09	1.349350498e-08
1.24711626173e-09	3.01671800873e-08
1.24830967442e-09	3.81073079758e-08
1.24950308711e-09	3.50338611455e-08
1.2506964998e-09	2.18593081414e-08
1.25188991249e-09	2.40978156874e-09
1.25308332518e-09	-1.76836052468e-08
1.25427673787e-09	-3.26071818435e-08
1.25547015056e-09	-3.80635691855e-08
1.25666356326e-09	-3.2486168422e-08
1.25785697595e-09	-1.75135874692e-08
1.25905038864e-09	2.51658424655e-09
1.26024380133e-09	2.18063427315e-08
1.26143721402e-09	3.47906796705e-08
1.26263062671e-09	3.77346944802e-08
1.2638240394e-09	2.98111570984e-08
1.26501745209e-09	1.33278647008e-08
1.26621086478e-09	-6.94525054135e-09
1.26740427747e-09	-2.51594534095e-08
1.26859769016e-09	-3.60738745542e-08
1.26979110285e-09	-3.6565518613e-08
1.27098451554e-09	-2.65208697225e-08
1.27217792823e-09	-8.86022788471e-09
1.27337134092e-09	1.13112751388e-08
1.27456475362e-09	2.81804837243e-08
1.27575816631e-09	3.69020689561e-08
1.276951579e-09	3.49902387065e-08
1.27814499169e-09	2.30278680569e-08
1.27933840438e-09	4.49251091883e-09
1.28053181707e-09	-1.52607420034e-08
1.28172522976e-09	-3.05346610219e-08
1.28291864245e-09	-3.69469583816e-08
1.28411205514e-09	-3.26747713331e-08
1.28530546783e-09	-1.89864395317e-08
1.28649888052e-09	1.45011447295e-10
1.28769229321e-09	1.91793163573e-08
1.2888857059e-09	3.2626648494e-08
1.29007911859e-09	3.66159000897e-08
1.29127253128e-09	3.00228786276e-08
1.29246594398e-09	1.47779479764e-08
1.29365935667e-09	-4.69286509652e-09
1.29485276936e-09	-2.27497223282e-08
1.29604618205e-09	-3.41803603199e-08
1.29723959474e-09	-3.56948777203e-08
1.29843300743e-09	-2.68809456916e-08
1.29962642012e-09	-1.03100665783e-08
1.30081983281e-09	9.20793408188e-09
1.3020132455e-09	2.60273469443e-08
1.30320665819e-09	3.52921314395e-08
1.30440007088e-09	3.43451289631e-08
1.30559348357e-09	2.347827599e-08
1.30678689626e-09	5.85589066127e-09
1.30798030895e-09	-1.34256525897e-08
1.30917372164e-09	-2.87944674771e-08
1.31036713433e-09	-3.58278913204e-08
1.31156054703e-09	-3.2512133874e-08
1.31275395972e-09	-1.98278993224e-08
1.31394737241e-09	-1.45210168889e-09
1.3151407851e-09	1.73059648834e-08
1.31633419779e-09	3.10380519064e-08
1.31752761048e-09	3.57991889466e-08
1.31872102317e-09	3.02385878559e-08
1.31991443586e-09	1.59828793533e-08
1.32110784855e-09	-2.84208559465e-09
1.32230126124e-09	-2.08010810798e-08
1.32349467393e-09	-3.27291092006e-08
1.32468808662e-09	-3.52058111552e-08
1.32588149931e-09	-2.75478018175e-08
1.327074912e-09	-1.19859195902e-08
1.32826832469e-09	6.97066859789e-09
1.32946173739e-09	2.38515867057e-08
1.33065515008e-09	3.37950853968e-08
1.33184856277e-09	3.39572938657e-08
1.33304197546e-09	2.43154540946e-08
1.33423538815e-09	7.68311547716e-09
1.33542880084e-09	-1.11217960397e-08
1.33662221353e-09	-2.66615964861e-08
1.33781562622e-09	-3.44623360959e-08
1.33900903891e-09	-3.22920690188e-08
1.3402024516e-09	-2.08089365739e-08
1.34139586429e-09	-3.35701275112e-09
1.34258927698e-09	1.50040824209e-08
1.34378268967e-09	2.89670663012e-08
1.34497610236e-09	3.45098247756e-08
1.34616951505e-09	3.0051588773e-08
1.34736292775e-09	1.69093681279e-08
1.34855634044e-09	-1.10234554818e-09
1.34974975313e-09	-1.87643998117e-08
1.35094316582e-09	-3.09797012488e-08
1.35213657851e-09	-3.4230121404e-08
1.3533299912e-09	-2.76016627332e-08
1.35452340389e-09	-1.30300340517e-08
1.35571681658e-09	5.25722898548e-09
1.35691022927e-09	2.19734930251e-08
1.35810364196e-09	3.22983408907e-08
1.35929705465e-09	3.32657683622e-08
1.36049046734e-09	2.46194777898e-08
1.36168388003e-09	8.87121409665e-09
1.36287729272e-09	-9.42223843392e-09
1.36407070541e-09	-2.49826332954e-08
1.3652641181e-09	-3.33295764321e-08
1.3664575308e-09	-3.20747304272e-08
1.36765094349e-09	-2.15990654251e-08
1.36884435618e-09	-4.94202090362e-09
1.37003776887e-09	1.3081941308e-08
1.37123118156e-09	2.72740072749e-08
1.37242459425e-09	3.35547780672e-08
1.37361800694e-09	3.01308660244e-08
1.37481141963e-09	1.80179360321e-08
1.37600483232e-09	7.25275423052e-10
1.37719824501e-09	-1.67417291141e-08
1.3783916577e-09	-2.93511970284e-08
1.37958507039e-09	-3.34780208e-08
1.38077848308e-09	-2.795941767e-08
1.38197189577e-09	-1.44182392692e-08
1.38316530846e-09	3.21605203579e-09
1.38435872116e-09	1.98394531914e-08
1.38555213385e-09	3.06576231068e-08
1.38674554654e-09	3.25636850818e-08
1.38793895923e-09	2.50344809327e-08
1.38913237192e-09	1.02712472971e-08
1.39032578461e-09	-7.4387964677e-09
1.3915191973e-09	-2.29759373749e-08
1.39271260999e-09	-3.18548325495e-08
1.39390602268e-09	-3.15335209056e-08
1.39509943537e-09	-2.21282125956e-08
1.39629284806e-09	-6.38190783553e-09
1.39748626075e-09	1.11402993497e-08
1.39867967344e-09	2.53740193301e-08
1.39987308613e-09	3.22175348622e-08
1.40106649882e-09	2.97120634762e-08
1.40225991152e-09	1.86083215503e-08
1.40345332421e-09	2.12517553555e-09
1.4046467369e-09	-1.4961381245e-08
1.40584014959e-09	-2.77236127388e-08
1.40703356228e-09	-3.2487502466e-08
1.40822697497e-09	-2.78941354459e-08
1.40942038766e-09	-1.5292863309e-08
1.41061380035e-09	1.66922733968e-09
1.41180721304e-09	1.80850785458e-08
1.41300062573e-09	2.92230293297e-08
1.41419403842e-09	3.18792916509e-08
1.41538745111e-09	2.53067338196e-08
1.4165808638e-09	1.14192667544e-08
1.41777427649e-09	-5.76147712872e-09
1.41896768918e-09	-2.12748174633e-08
1.42016110187e-09	-3.06507950132e-08
1.42135451457e-09	-3.12030845606e-08
1.42254792726e-09	-2.27925756047e-08
1.42374133995e-09	-7.86992843116e-09
1.42493475264e-09	9.24568177574e-09
1.42612816533e-09	2.36094577222e-08
1.42732157802e-09	3.10884269439e-08
1.42851499071e-09	2.9542595481e-08
1.4297084034e-09	1.94464389036e-08
1.43090181609e-09	3.73775657647e-09
1.43209522878e-09	-1.30327616477e-08
1.43328864147e-09	-2.60198704805e-08
1.43448205416e-09	-3.14905155285e-08
1.43567546685e-09	-2.7884722309e-08
1.43686887954e-09	-1.62760795952e-08
1.43806229223e-09	-3.90907028969e-11
1.43925570493e-09	1.61237654339e-08
1.44044911762e-09	2.75463030164e-08
1.44164253031e-09	3.09433618728e-08
1.442835943e-09	2.53571719178e-08
1.44402935569e-09	1.24255892242e-08
1.44522276838e-09	-4.09758565967e-09
1.44641618107e-09	-1.9435041132e-08
1.44760959376e-09	-2.91600696922e-08
1.44880300645e-09	-3.04797067585e-08
1.44999641914e-09	-2.30335677198e-08
1.45118983183e-09	-8.99311802804e-09
1.45238324452e-09	7.57315010702e-09
1.45357665721e-09	2.1877690104e-08
1.4547700699e-09	2.97959958928e-08
1.45596348259e-09	2.90569261985e-08
1.45715689528e-09	1.98924765549e-08
1.45835030798e-09	4.96588320464e-09
1.45954372067e-09	-1.14039037102e-08
1.46073713336e-09	-2.44882458755e-08
1.46193054605e-09	-3.052196762e-08
1.46312395874e-09	-2.77765568324e-08
1.46431737143e-09	-1.70654359533e-08
1.46551078412e-09	-1.4944533111e-09
1.46670419681e-09	1.44304024285e-08
1.4678976095e-09	2.61164345705e-08
1.46909102219e-09	3.02017351128e-08
1.47028443488e-09	2.55267278426e-08
1.47147784757e-09	1.34616131575e-08
1.47267126026e-09	-2.49230444616e-09
1.47386467295e-09	-1.77232892806e-08
1.47505808564e-09	-2.78398839537e-08
1.47625149834e-09	-2.99391260672e-08
1.47744491103e-09	-2.3437759511e-08
1.47863832372e-09	-1.02400876667e-08
1.47983173641e-09	5.82623888024e-09
1.4810251491e-09	2.01159497948e-08
1.48221856179e-09	2.85098387121e-08
1.48341197448e-09	2.86052581622e-08
1.48460538717e-09	2.03979682034e-08
1.48579879986e-09	6.2857730132e-09
1.48699221255e-09	-9.64441138063e-09
1.48818562524e-09	-2.27853269585e-08
1.48937903793e-09	-2.93537252283e-08
1.49057245062e-09	-2.74710649784e-08
1.49176586331e-09	-1.7704419264e-08
1.492959276e-09	-2.89577070656e-09
1.4941526887e-09	1.26673177503e-08
1.49534610139e-09	2.44891247281e-08
1.49653951408e-09	2.91657109575e-08
1.49773292677e-09	2.53647303161e-08
1.49892633946e-09	1.42037369644e-08
1.50011975215e-09	-1.07797007431e-09
1.50131316484e-09	-1.6057816854e-08
1.50250657753e-09	-2.64144830453e-08
1.50369999022e-09	-2.91663717622e-08
1.50489340291e-09	-2.35384447489e-08
1.5060868156e-09	-1.11714397732e-08
1.50728022829e-09	4.34682911887e-09
1.50847364098e-09	1.85327160285e-08
1.50966705367e-09	2.72919400413e-08
1.51086046636e-09	2.81103234023e-08
1.51205387905e-09	2.07666648322e-08
1.51324729175e-09	7.40243411013e-09
1.51444070444e-09	-8.114082517e-09
1.51563411713e-09	-2.1298232733e-08
1.51682752982e-09	-2.83533101442e-08
1.51802094251e-09	-2.72584628203e-08
1.5192143552e-09	-1.83510224794e-08
1.52040776789e-09	-4.22232387942e-09
1.52160118058e-09	1.10369248185e-08
1.52279459327e-09	2.3022970419e-08
1.52398800596e-09	2.82854333289e-08
1.52518141865e-09	2.5327907327e-08
1.52637483134e-09	1.50266219467e-08
1.52756824403e-09	3.76292746962e-10
1.52876165672e-09	-1.43828189358e-08
1.52995506941e-09	-2.49927887275e-08
1.53114848211e-09	-2.84030989839e-08
1.5323418948e-09	-2.36531578768e-08
1.53353530749e-09	-1.21364184258e-08
1.53472872018e-09	2.80100451167e-09
1.53592213287e-09	1.68385729804e-08
1.53711554556e-09	2.59257679769e-08
1.53830895825e-09	2.74542879541e-08
1.53950237094e-09	2.10023267666e-08
1.54069578363e-09	8.45541225925e-09
1.54188919632e-09	-6.54806669997e-09
1.54308260901e-09	-1.96712364176e-08
1.5442760217e-09	-2.71280233832e-08
1.54546943439e-09	-2.67819768585e-08
1.54666284708e-09	-1.87492665837e-08
1.54785625977e-09	-5.3704827252e-09
1.54904967247e-09	9.48062539585e-09
1.55024308516e-09	2.15118141078e-08
1.55143649785e-09	2.72556159864e-08
1.55262991054e-09	2.50684810688e-08
1.55382332323e-09	1.55996846551e-08
1.55501673592e-09	1.59969293367e-09
1.55621014861e-09	-1.28776536101e-08
1.5574035613e-09	-2.36528820974e-08
1.55859697399e-09	-2.76222433815e-08
1.55979038668e-09	-2.36579325019e-08
1.56098379937e-09	-1.29224300149e-08
1.56217721206e-09	1.46897072284e-09
1.56337062475e-09	1.53530556046e-08
1.56456403744e-09	2.47249747343e-08
1.56575745013e-09	2.68927928815e-08
1.56695086282e-09	2.12482356154e-08
1.56814427552e-09	9.44210820641e-09
1.56933768821e-09	-5.10249575925e-09
1.5705311009e-09	-1.81832924273e-08
1.57172451359e-09	-2.60290149434e-08
1.57291792628e-09	-2.63927113497e-08
1.57411133897e-09	-1.91886482259e-08
1.57530475166e-09	-6.52065024198e-09
1.57649816435e-09	7.94261101333e-09
1.57769157704e-09	2.00218044366e-08
1.57888498973e-09	2.62381145699e-08
1.58007840242e-09	2.48160609839e-08
1.58127181511e-09	1.61878757066e-08
1.5824652278e-09	2.86476845024e-09
1.58365864049e-09	-1.12929565699e-08
1.58485205318e-09	-2.2198349825e-08
1.58604546588e-09	-2.67105113583e-08
1.58723887857e-09	-2.35456205644e-08
1.58843229126e-09	-1.36371118842e-08
1.58962570395e-09	1.36470626466e-10
1.59081911664e-09	1.37860739491e-08
1.59201252933e-09	2.33739736455e-08
1.59320594202e-09	2.6138335274e-08
1.59439935471e-09	2.12999009541e-08
1.5955927674e-09	1.02739914354e-08
1.59678618009e-09	-3.73895853167e-09
1.59797959278e-09	-1.66862961226e-08
1.59917300547e-09	-2.48303066996e-08
1.60036641816e-09	-2.58323704649e-08
1.60155983085e-09	-1.94190883374e-08
1.60275324354e-09	-7.46155115472e-09
1.60394665624e-09	6.57530141446e-09
1.60514006893e-09	1.86326263307e-08
1.60633348162e-09	2.52354830366e-08
1.60752689431e-09	2.44905313806e-08
1.608720307e-09	1.66302041027e-08
1.60991371969e-09	3.94306748364e-09
1.61110713238e-09	-9.89797155349e-09
1.61230054507e-09	-2.08939630042e-08
1.61349395776e-09	-2.58799333075e-08
1.61468737045e-09	-2.34313655145e-08
1.61588078314e-09	-1.42768106226e-08
1.61707419583e-09	-1.0729247768e-09
1.61826760852e-09	1.23570784716e-08
1.61946102121e-09	2.21393412492e-08
1.6206544339e-09	2.54606291605e-08
1.62184784659e-09	2.13816806482e-08
1.62304125929e-09	1.11008670034e-08
1.62423467198e-09	-2.3980063768e-09
1.62542808467e-09	-1.52118765362e-08
1.62662149736e-09	-2.36424726463e-08
1.62781491005e-09	-2.52725449457e-08
1.62900832274e-09	-1.96477683012e-08
1.63020173543e-09	-8.41524339101e-09
1.63139514812e-09	5.16959602903e-09
1.63258856081e-09	1.71774945379e-08
1.6337819735e-09	2.41456625805e-08
1.63497538619e-09	2.40785533734e-08
1.63616879888e-09	1.70116642995e-08
1.63736221157e-09	5.00668378978e-09
1.63855562426e-09	-8.45711067843e-09
1.63974903695e-09	-1.94874110182e-08
1.64094244965e-09	-2.49060112534e-08
1.64213586234e-09	-2.31611334556e-08
1.64332927503e-09	-1.47767253988e-08
1.64452268772e-09	-2.18917553529e-09
1.64571610041e-09	1.09537254822e-08
1.6469095131e-09	2.08577342065e-08
1.64810292579e-09	2.46689253469e-08
1.64929633848e-09	2.13031543517e-08
1.65048975117e-09	1.17505548625e-08
1.65168316386e-09	-1.21545093434e-09
1.65287657655e-09	-1.38417654005e-08
1.65406998924e-09	-2.24837060081e-08
1.65526340193e-09	-2.4656659825e-08
1.65645681462e-09	-1.97485336972e-08
1.65765022731e-09	-9.19639786545e-09
1.65884364e-09	3.94123361724e-09
1.6600370527e-09	1.58652257998e-08
1.66123046539e-09	2.31362022873e-08
1.66242387808e-09	2.36707475842e-08
1.66361729077e-09	1.73288980942e-08
1.66481070346e-09	5.96270033348e-09
1.66600411615e-09	-7.13696735044e-09
1.66719752884e-09	-1.81841144364e-08
1.66839094153e-09	-2.39966453375e-08
1.66958435422e-09	-2.29108925165e-08
1.67077776691e-09	-1.52597452452e-08
1.6719711796e-09	-3.26915508553e-09
1.67316459229e-09	9.58912060867e-09
1.67435800498e-09	1.96012248654e-08
1.67555141767e-09	2.38868052005e-08
1.67674483036e-09	2.12238968622e-08
1.67793824306e-09	1.24022041526e-08
1.67913165575e-09	-1.51533369186e-11
1.68032506844e-09	-1.24329351259e-08
1.68151848113e-09	-2.12660751231e-08
1.68271189382e-09	-2.39747759423e-08
1.68390530651e-09	-1.97928105017e-08
1.6850987192e-09	-9.94676385702e-09
1.68629213189e-09	2.70522884649e-09
1.68748554458e-09	1.45014746877e-08
1.68867895727e-09	2.20375278026e-08
1.68987236996e-09	2.31505692394e-08
1.69106578265e-09	1.75331609231e-08
1.69225919534e-09	6.82845235911e-09
1.69345260803e-09	-5.86124854207e-09
1.69464602072e-09	-1.68635860831e-08
1.69583943342e-09	-2.30070129614e-08
1.69703284611e-09	-2.25296274969e-08
1.6982262588e-09	-1.55858381756e-08
1.69941967149e-09	-4.1977288312e-09
1.70061308418e-09	8.33505309217e-09
1.70180649687e-09	1.83915924712e-08
1.70299990956e-09	2.30746466379e-08
1.70419332225e-09	2.10461872374e-08
1.70538673494e-09	1.29100407031e-08
1.70658014763e-09	1.02926001055e-09
1.70777356032e-09	-1.11538502878e-08
1.70896697301e-09	-2.0125050515e-08
1.7101603857e-09	-2.33003762951e-08
1.71135379839e-09	-1.97802703106e-08
1.71254721108e-09	-1.05970853204e-08
1.71374062377e-09	1.58314235332e-09
1.71493403647e-09	1.32379233131e-08
1.71612744916e-09	2.10049797555e-08
1.71732086185e-09	2.26529301983e-08
1.71851427454e-09	1.77225933928e-08
1.71970768723e-09	7.65558227922e-09
1.72090109992e-09	-4.62794713663e-09
1.72209451261e-09	-1.55770381038e-08
1.7232879253e-09	-2.20341864754e-08
1.72448133799e-09	-2.21493419161e-08
1.72567475068e-09	-1.59053560322e-08
1.72686816337e-09	-5.12344222603e-09
1.72806157606e-09	7.07284741885e-09
1.72925498875e-09	1.71561163054e-08
1.73044840144e-09	2.22235123637e-08
1.73164181413e-09	2.08245718447e-08
1.73283522683e-09	1.3382156383e-08
1.73402863952e-09	2.06173722539e-09
1.73522205221e-09	-9.85653025865e-09
1.7364154649e-09	-1.89292646002e-08
1.73760887759e-09	-2.2543357403e-08
1.73880229028e-09	-1.96706855249e-08
1.73999570297e-09	-1.11571053507e-08
1.74118911566e-09	5.22399110081e-10
1.74238252835e-09	1.19879223215e-08
1.74357594104e-09	1.9928817041e-08
1.74476935373e-09	2.20608746826e-08
1.74596276642e-09	1.77845069782e-08
1.74715617911e-09	8.35132329957e-09
1.7483495918e-09	-3.50112627778e-09
1.74954300449e-09	-1.4344060828e-08
1.75073641719e-09	-2.10488051433e-08
1.75192982988e-09	-2.16913320639e-08
1.75312324257e-09	-1.61003581578e-08
1.75431665526e-09	-5.90804333234e-09
1.75551006795e-09	5.93427174067e-09
1.75670348064e-09	1.60001483174e-08
1.75789689333e-09	2.13917239478e-08
1.75909030602e-09	2.056345072e-08
1.76028371871e-09	1.37715996384e-08
1.7614771314e-09	2.99234123591e-09
1.76267054409e-09	-8.65158655827e-09
1.76386395678e-09	-1.77975492122e-08
1.76505736947e-09	-2.18111047001e-08
1.76625078216e-09	-1.95480054366e-08
1.76744419485e-09	-1.16783079873e-08
1.76863760754e-09	-4.88423676503e-10
1.76983102024e-09	1.07816973127e-08
1.77102443293e-09	1.88807514068e-08
1.77221784562e-09	2.14770963236e-08
1.77341125831e-09	1.78391330596e-08
1.774604671e-09	9.03300145794e-09
1.77579808369e-09	-2.38378108919e-09
1.77699149638e-09	-1.31073494281e-08
1.77818490907e-09	-2.00434129294e-08
1.77937832176e-09	-2.11996189492e-08
1.78057173445e-09	-1.62583244645e-08
1.78176514714e-09	-6.66332883315e-09
1.78295855983e-09	4.8018534704e-09
1.78415197252e-09	1.48207894846e-08
1.78534538521e-09	2.05057661962e-08
1.7865387979e-09	2.02259329285e-08
1.7877322106e-09	1.40787497216e-08
1.78892562329e-09	3.85700213434e-09
1.79011903598e-09	-7.47776274235e-09
1.79131244867e-09	-1.6648445289e-08
1.79250586136e-09	-2.10118786814e-08
1.79369927405e-09	-1.93219178435e-08
1.79489268674e-09	-1.20811188831e-08
1.79608609943e-09	-1.39538559873e-09
1.79727951212e-09	9.63978641355e-09
1.79847292481e-09	1.78394730099e-08
1.7996663375e-09	2.0841190107e-08
1.80085975019e-09	1.77944814439e-08
1.80205316288e-09	9.59319224059e-09
1.80324657557e-09	-1.3802008425e-09
1.80443998826e-09	-1.19502555629e-08
1.80563340096e-09	-1.90661075816e-08
1.80682681365e-09	-2.06827484028e-08
1.80802022634e-09	-1.63473961035e-08
1.80921363903e-09	-7.328091578e-09
1.81040705172e-09	3.76021858095e-09
1.81160046441e-09	1.37106486164e-08
1.8127938771e-09	1.96532810026e-08
1.81398728979e-09	1.98843583821e-08
1.81518070248e-09	1.43525501484e-08
1.81637411517e-09	4.67130034654e-09
1.81756752786e-09	-6.3550940621e-09
1.81876094055e-09	-1.55364899834e-08
1.81995435324e-09	-2.02293717333e-08
1.82114776593e-09	-1.90902860187e-08
1.82234117862e-09	-1.24647280275e-08
1.82353459131e-09	-2.27993990354e-09
1.82472800401e-09	8.51256087842e-09
1.8259214167e-09	1.67958766895e-08
1.82711482939e-09	2.01855518966e-08
1.82830824208e-09	1.77167582827e-08
1.82950165477e-09	1.0118749727e-08
1.83069506746e-09	-3.99060687273e-10
1.83188848015e-09	-1.07915498759e-08
1.83308189284e-09	-1.80581072318e-08
1.83427530553e-09	-2.01083873996e-08
1.83546871822e-09	-1.63646542983e-08
1.83666213091e-09	-7.92437115926e-09
1.8378555436e-09	2.76245487596e-09
1.83904895629e-09	1.2603831645e-08
1.84024236898e-09	1.87602529067e-08
1.84143578167e-09	1.94631877282e-08
1.84262919437e-09	1.4525753711e-08
1.84382260706e-09	5.38874472822e-09
1.84501601975e-09	-5.29870008981e-09
1.84620943244e-09	-1.44455950535e-08
1.84740284513e-09	-1.94150104882e-08
1.84859625782e-09	-1.87820146103e-08
1.84978967051e-09	-1.27454098386e-08
1.8509830832e-09	-3.06170611086e-09
1.85217649589e-09	7.46415484976e-09
1.85336990858e-09	1.57907908971e-08
1.85456332127e-09	1.95187563889e-08
1.85575673396e-09	1.7585519263e-08
1.85695014665e-09	1.05642395942e-08
1.85814355934e-09	4.95423271851e-10
1.85933697203e-09	-9.70503599707e-09
1.86053038473e-09	-1.70920457787e-08
1.86172379742e-09	-1.95392326763e-08
1.86291721011e-09	-1.63548554699e-08
1.8641106228e-09	-8.47251813152e-09
1.86530403549e-09	1.8186760431e-09
1.86649744818e-09	1.15416327606e-08
1.86769086087e-09	1.78900954051e-08
1.86888427356e-09	1.90417046575e-08
1.87007768625e-09	1.46779157717e-08
1.87127109894e-09	6.07456646096e-09
1.87246451163e-09	-4.27137969439e-09
1.87365792432e-09	-1.33695639004e-08
1.87485133701e-09	-1.85940858266e-08
1.8760447497e-09	-1.84494337585e-08
1.87723816239e-09	-1.29902035795e-08
1.87843157508e-09	-3.80980039183e-09
1.87962498778e-09	6.4311981296e-09
1.88081840047e-09	1.47727999833e-08
1.88201181316e-09	1.88121576095e-08
1.88320522585e-09	1.73945611248e-08
1.88439863854e-09	1.09442489515e-08
1.88559205123e-09	1.33934689728e-09
1.88678546392e-09	-8.63810900587e-09
1.88797887661e-09	-1.61059428017e-08
1.8891722893e-09	-1.89130024975e-08
1.89036570199e-09	-1.62625635181e-08
1.89155911468e-09	-8.93381613132e-09
1.89275252737e-09	9.4355978586e-10
1.89394594006e-09	1.05120409044e-08
1.89513935275e-09	1.70078851003e-08
1.89633276544e-09	1.8564338955e-08
1.89752617814e-09	1.47444660925e-08
1.89871959083e-09	6.6677804389e-09
1.89991300352e-09	-3.32407659731e-09
1.90110641621e-09	-1.23392585039e-08
1.9022998289e-09	-1.77777221833e-08
1.90349324159e-09	-1.80788146675e-08
1.90468665428e-09	-1.31681683335e-08
1.90588006697e-09	-4.47942577475e-09
1.90707347966e-09	5.47061751455e-09
1.90826689235e-09	1.38040088249e-08
1.90946030504e-09	1.81203370087e-08
1.91065371773e-09	1.71837619689e-08
1.91184713042e-09	1.12795568441e-08
1.91304054311e-09	2.12657529086e-09
1.9142339558e-09	-7.62372415197e-09
1.91542736849e-09	-1.51536643234e-08
1.91662078119e-09	-1.82956159112e-08
1.91781419388e-09	-1.61549191802e-08
1.91900760657e-09	-9.36280453168e-09
1.92020101926e-09	1.04160610692e-10
1.92139443195e-09	9.5072003603e-09
1.92258784464e-09	1.61297977197e-08
1.92378125733e-09	1.80687020901e-08
1.92497467002e-09	1.4778458679e-08
1.92616808271e-09	7.22288873156e-09
1.9273614954e-09	-2.40439745891e-09
1.92855490809e-09	-1.13156383152e-08
1.92974832078e-09	-1.69406739747e-08
1.93094173347e-09	-1.76640653216e-08
1.93213514616e-09	-1.32905790817e-08
1.93332855885e-09	-5.09750330835e-09
1.93452197155e-09	4.53963644453e-09
1.93571538424e-09	1.28318695669e-08
1.93690879693e-09	1.73902372502e-08
1.93810220962e-09	1.69070279998e-08
1.93929562231e-09	1.15370085707e-08
1.940489035e-09	2.84412468576e-09
1.94168244769e-09	-6.65179156201e-09
1.94287586038e-09	-1.42061907793e-08
1.94406927307e-09	-1.76430574594e-08
1.94526268576e-09	-1.59797584054e-08
1.94645609845e-09	-9.71132874117e-09
1.94764951114e-09	-6.6025857004e-10
1.94884292383e-09	8.55370063668e-09
1.95003633652e-09	1.52674229925e-08
1.95122974921e-09	1.75511016831e-08
1.95242316191e-09	1.47560068608e-08
1.9536165746e-09	7.70395847116e-09
1.95480998729e-09	-1.55659965473e-09
1.95600339998e-09	-1.03467399093e-08
1.95719681267e-09	-1.61273465693e-08
1.95839022536e-09	-1.72388432418e-08
1.95958363805e-09	-1.33735412744e-08
1.96077705074e-09	-5.66016883363e-09
1.96197046343e-09	3.66370031535e-09
1.96316387612e-09	1.18994677445e-08
1.96435728881e-09	1.66747380348e-08
1.9655507015e-09	1.66189317863e-08
1.96674411419e-09	1.17628335961e-08
1.96793752688e-09	3.52185902663e-09
1.96913093957e-09	-5.71492575485e-09
1.97032435226e-09	-1.32759767624e-08
1.97151776496e-09	-1.69849356801e-08
1.97271117765e-09	-1.57805229994e-08
1.97390459034e-09	-1.00236086098e-08
1.97509800303e-09	-1.39137711075e-09
1.97629141572e-09	7.61724661125e-09
1.97748482841e-09	1.43985131595e-08
1.9786782411e-09	1.70011174028e-08
1.97987165379e-09	1.46862413342e-08
1.98106506648e-09	8.13456557669e-09
1.98225847917e-09	-7.47785326716e-10
1.98345189186e-09	-9.39001043587e-09
1.98464530455e-09	-1.52967911671e-08
1.98583871724e-09	-1.67694491626e-08
1.98703212993e-09	-1.33949342729e-08
1.98822554262e-09	-6.16130418907e-09
1.98941895532e-09	2.83194717676e-09
1.99061236801e-09	1.0982487253e-08
1.9918057807e-09	1.59395252552e-08
1.99299919339e-09	1.62797610948e-08
1.99419260608e-09	1.19173376723e-08
1.99538601877e-09	4.12630080104e-09
1.99657943146e-09	-4.83563261655e-09
1.99777284415e-09	-1.23745360625e-08
1.99896625684e-09	-1.63195064129e-08
2.00015966953e-09	-1.55393604651e-08
2.00135308222e-09	-1.02736932295e-08
2.00254649491e-09	-2.05420572219e-09
2.0037399076e-09	6.73717359678e-09
2.00493332029e-09	1.35593358763e-08
2.00612673298e-09	1.64488747068e-08
2.00732014568e-09	1.45831260401e-08
2.00851355837e-09	8.51293358028e-09
2.00970697106e-09	3.97086530324e-12
2.01090038375e-09	-8.48070302872e-09
2.01209379644e-09	-1.44898079091e-08
2.01328720913e-09	-1.62959927774e-08
2.01448062182e-09	-1.33895546872e-08
2.01567403451e-09	-6.62197735535e-09
2.0168674472e-09	2.04072025944e-09
2.01806085989e-09	1.00913410961e-08
2.01925427258e-09	1.52086186977e-08
2.02044768527e-09	1.59220494567e-08
2.02164109796e-09	1.20385869051e-08
2.02283451065e-09	4.69368360845e-09
2.02402792334e-09	-3.98262972601e-09
2.02522133603e-09	-1.14802324314e-08
2.02641474873e-09	-1.56382508054e-08
2.02760816142e-09	-1.52636837614e-08
2.02880157411e-09	-1.04789487088e-08
2.0299949868e-09	-2.67838323742e-09
2.03118839949e-09	5.87853082878e-09
2.03238181218e-09	1.27166190911e-08
2.03357522487e-09	1.5866366665e-08
2.03476863756e-09	1.44294185489e-08
2.03596205025e-09	8.83229467341e-09
2.03715546294e-09	7.04369743088e-10
2.03834887563e-09	-7.59976970244e-09
2.03954228832e-09	-1.36814198859e-08
2.04073570101e-09	-1.5789685115e-08
2.0419291137e-09	-1.33279787207e-08
2.04312252639e-09	-7.01859337315e-09
2.04431593909e-09	1.30510120766e-09
2.04550935178e-09	9.23358678406e-09
2.04670276447e-09	1.44789978895e-08
2.04789617716e-09	1.55332039453e-08
2.04908958985e-09	1.21050584001e-08
2.05028300254e-09	5.19553278178e-09
2.05147641523e-09	-3.19020881934e-09
2.05266982792e-09	-1.06245845455e-08
2.05386324061e-09	-1.4965303885e-08
2.0550566533e-09	-1.49657273241e-08
2.05625006599e-09	-1.06398752031e-08
2.05744347868e-09	-3.24731452839e-09
2.05863689137e-09	5.06839281655e-09
2.05983030406e-09	1.19019417655e-08
2.06102371675e-09	1.5286416688e-08
2.06221712945e-09	1.42524714253e-08
2.06341054214e-09	9.11318165375e-09
2.06460395483e-09	1.36293122621e-09
2.06579736752e-09	-6.75176442533e-09
2.06699078021e-09	-1.28868561378e-08
2.0681841929e-09	-1.5276405585e-08
2.06937760559e-09	-1.32415043375e-08
2.07057101828e-09	-7.38111538556e-09
2.07176443097e-09	6.00490594749e-10
2.07295784366e-09	8.39286218302e-09
2.07415125635e-09	1.37457191185e-08
2.07534466904e-09	1.51203485288e-08
2.07653808173e-09	1.2131401772e-08
2.07773149442e-09	5.65534552521e-09
2.07892490711e-09	-2.42860656585e-09
2.0801183198e-09	-9.78001601926e-09
2.0813117325e-09	-1.42783238566e-08
2.08250514519e-09	-1.46323376748e-08
2.08369855788e-09	-1.07513536962e-08
2.08489197057e-09	-3.76851458372e-09
2.08608538326e-09	4.29126623125e-09
2.08727879595e-09	1.10964900601e-08
2.08847220864e-09	1.46865062334e-08
2.08966562133e-09	1.40322893305e-08
2.09085903402e-09	9.33583099716e-09
2.09205244671e-09	1.9640113702e-09
2.0932458594e-09	-5.9457910262e-09
2.09443927209e-09	-1.21076833004e-08
2.09563268478e-09	-1.47474132906e-08
2.09682609747e-09	-1.31111926871e-08
2.09801951016e-09	-7.68576474686e-09
2.09921292286e-09	-4.64884797324e-11
2.10040633555e-09	7.59336249434e-09
2.10159974824e-09	1.30270289e-08
2.10279316093e-09	1.46924904465e-08
2.10398657362e-09	1.21199683623e-08
2.10517998631e-09	6.0638514765e-09
2.106373399e-09	-1.71717541575e-09
2.10756681169e-09	-8.97074559081e-09
2.10876022438e-09	-1.36035968046e-08
2.10995363707e-09	-1.42856052543e-08
2.11114704976e-09	-1.08313266134e-08
2.11234046245e-09	-4.24876145377e-09
2.11353387514e-09	3.55127618978e-09
2.11472728783e-09	1.03126573947e-08
2.11592070052e-09	1.40867359999e-08
2.11711411322e-09	1.37912715692e-08
2.11830752591e-09	9.52450474045e-09
2.1195009386e-09	2.52915119403e-09
2.12069435129e-09	-5.16581560861e-09
2.12188776398e-09	-1.13364982957e-08
2.12308117667e-09	-1.42054302765e-08
2.12427458936e-09	-1.29531377846e-08
2.12546800205e-09	-7.95287397048e-09
2.12666141474e-09	-6.60083029902e-10
2.12785482743e-09	6.81264600289e-09
2.12904824012e-09	1.23065279078e-08
2.13024165281e-09	1.42409910531e-08
2.1314350655e-09	1.20673727677e-08
2.13262847819e-09	6.42519754068e-09
2.13382189088e-09	-1.04551758917e-09
2.13501530357e-09	-8.18241085998e-09
2.13620871627e-09	-1.29245050218e-08
2.13740212896e-09	-1.39091438367e-08
2.13859554165e-09	-1.0862940103e-08
2.13978895434e-09	-4.67668648252e-09
2.14098236703e-09	2.85408602307e-09
2.14217577972e-09	9.55010881487e-09
2.14336919241e-09	1.34806275032e-08
2.1445626051e-09	1.35172160132e-08
2.14575601779e-09	9.66236168853e-09
2.14694943048e-09	3.03909192256e-09
2.14814284317e-09	-4.4315787151e-09
2.14933625586e-09	-1.05899032876e-08
2.15052966855e-09	-1.36606573831e-08
2.15172308124e-09	-1.27659327553e-08
2.15291649393e-09	-8.17543244214e-09
2.15410990663e-09	-1.22544513426e-09
2.15530331932e-09	6.07074934766e-09
2.15649673201e-09	1.16041505294e-08
2.1576901447e-09	1.37828699565e-08
2.15888355739e-09	1.19870210424e-08
2.16007697008e-09	6.74612526952e-09
2.16127038277e-09	-4.14674836136e-10
2.16246379546e-09	-7.42334343995e-09
2.16365720815e-09	-1.22551352399e-08
2.16485062084e-09	-1.35216501329e-08
2.16604403353e-09	-1.08670528132e-08
2.16723744622e-09	-5.06976027825e-09
2.16843085891e-09	2.18707010835e-09
2.1696242716e-09	8.80410599979e-09
2.17081768429e-09	1.28718254944e-08
2.17201109698e-09	1.32224480254e-08
2.17320450968e-09	9.76625702531e-09
2.17439792237e-09	3.51185189262e-09
2.17559133506e-09	-3.72604208598e-09
2.17678474775e-09	-9.85301096268e-09
2.17797816044e-09	-1.31042698914e-08
2.17917157313e-09	-1.25484228564e-08
2.18036498582e-09	-8.35660451948e-09
2.18155839851e-09	-1.75117706447e-09
2.1827518112e-09	5.35494942833e-09
2.18394522389e-09	1.09063051923e-08
2.18513863658e-09	1.33050214179e-08
2.18633204927e-09	1.18672466298e-08
2.18752546196e-09	7.01947910908e-09
2.18871887465e-09	1.71692202122e-10
2.18991228734e-09	-6.69314242918e-09
2.19110570004e-09	-1.15911783505e-08
2.19229911273e-09	-1.31142915416e-08
2.19349252542e-09	-1.08321399628e-08
2.19468593811e-09	-5.41379241437e-09
2.1958793508e-09	1.56568846776e-09
2.19707276349e-09	8.08695599375e-09
2.19826617618e-09	1.22677766834e-08
2.19945958887e-09	1.29076390687e-08
2.20065300156e-09	9.83151715594e-09
2.20184641425e-09	3.93888918704e-09
2.20303982694e-09	-3.06027067576e-09
2.20423323963e-09	-9.14069364644e-09
2.20542665232e-09	-1.25507203519e-08
2.20662006501e-09	-1.23112485761e-08
2.2078134777e-09	-8.50369585859e-09
2.2090068904e-09	-2.23674653799e-09
2.21020030309e-09	4.67184135822e-09
2.21139371578e-09	1.02249750888e-08
2.21258712847e-09	1.28239084907e-08
2.21378054116e-09	1.17261015342e-08
2.21497395385e-09	7.25820048508e-09
2.21616736654e-09	7.22855303392e-10
2.21736077923e-09	-5.9882869774e-09
2.21855419192e-09	-1.09354374445e-08
2.21974760461e-09	-1.2696054208e-08
2.2209410173e-09	-1.07696427332e-08
2.22213442999e-09	-5.72402791832e-09
2.22332784268e-09	9.74562541778e-10
2.22452125537e-09	7.38627792263e-09
2.22571466806e-09	1.16609191192e-08
2.22690808075e-09	1.25700151399e-08
2.22810149345e-09	9.86065062936e-09
2.22929490614e-09	4.32611579892e-09
2.23048831883e-09	-2.42719874755e-09
2.23168173152e-09	-8.44440195547e-09
2.23287514421e-09	-1.19900276374e-08
2.2340685569e-09	-1.20473385712e-08
2.23526196959e-09	-8.61042703804e-09
2.23645538228e-09	-2.68046598806e-09
2.23764879497e-09	4.02135286182e-09
2.23884220766e-09	9.5569920866e-09
2.24003562035e-09	1.23316173939e-08
2.24122903304e-09	1.15526572753e-08
2.24242244573e-09	7.45362649379e-09
2.24361585842e-09	1.23000588881e-09
2.24480927111e-09	-5.31631738632e-09
2.24600268381e-09	-1.02920838518e-08
2.2471960965e-09	-1.22664732816e-08
2.24838950919e-09	-1.06767167329e-08
2.24958292188e-09	-5.9918905948e-09
2.25077633457e-09	4.24969795465e-10
2.25196974726e-09	6.71597655266e-09
2.25316315995e-09	1.10648354923e-08
2.25435657264e-09	1.22210972453e-08
2.25554998533e-09	9.86053283469e-09
2.25674339802e-09	4.67541610982e-09
2.25793681071e-09	-1.8297554305e-09
2.2591302234e-09	-7.77087960646e-09
2.26032363609e-09	-1.1434801217e-08
2.26151704878e-09	-1.17689633594e-08
2.26271046147e-09	-8.68766836248e-09
2.26390387417e-09	-3.09015460442e-09
2.26509728686e-09	3.39941316763e-09
2.26629069955e-09	8.90413420773e-09
2.26748411224e-09	1.18364497093e-08
2.26867752493e-09	1.1358527563e-08
2.26987093762e-09	7.61669838312e-09
2.27106435031e-09	1.70329593485e-09
2.272257763e-09	-4.66887711825e-09
2.27345117569e-09	-9.6577030817e-09
2.27464458838e-09	-1.18254390724e-08
2.27583800107e-09	-1.05557396157e-08
2.27703141376e-09	-6.22456153287e-09
2.27822482645e-09	-9.1920512868e-11
2.27941823914e-09	6.06542327475e-09
2.28061165183e-09	1.04696897818e-08
2.28180506452e-09	1.18524769999e-08
2.28299847722e-09	9.82557213369e-09
2.28419188991e-09	4.98268099003e-09
2.2853853026e-09	-1.26832190583e-09
2.28657871529e-09	-7.11801118047e-09
2.28777212798e-09	-1.08782666208e-08
2.28896554067e-09	-1.14685749786e-08
2.29015895336e-09	-8.72845662414e-09
2.29135236605e-09	-3.45784118005e-09
2.29254577874e-09	2.81294010307e-09
2.29373919143e-09	8.26954205113e-09
2.29493260412e-09	1.13395757229e-08
2.29612601681e-09	1.11417888249e-08
2.2973194295e-09	7.7443005897e-09
2.29851284219e-09	2.13658582493e-09
2.29970625488e-09	-4.05427880157e-09
2.30089966758e-09	-9.03919028516e-09
2.30209308027e-09	-1.13812137492e-08
2.30328649296e-09	-1.04131497869e-08
2.30447990565e-09	-6.42237235615e-09
2.30567331834e-09	-5.72535685528e-10
2.30686673103e-09	5.442961859e-09
2.30806014372e-09	9.88622095299e-09
2.30925355641e-09	1.14782945371e-08
2.3104469691e-09	9.76748426584e-09
2.31164038179e-09	5.25822396735e-09
2.31283379448e-09	-7.38702175818e-10
2.31402720717e-09	-6.48740633435e-09
2.31522061986e-09	-1.03282652431e-08
2.31641403255e-09	-1.1156708446e-08
2.31760744524e-09	-8.74336136825e-09
2.31880085794e-09	-3.79427761432e-09
2.31999427063e-09	2.25287125066e-09
2.32118768332e-09	7.64985308432e-09
2.32238109601e-09	1.08383682029e-08
2.3235745087e-09	1.09046517371e-08
2.32476792139e-09	7.83920345304e-09
2.32596133408e-09	2.53586635024e-09
2.32715474677e-09	-3.46561326858e-09
2.32834815946e-09	-8.43109670967e-09
2.32954157215e-09	-1.09288357253e-08
2.33073498484e-09	-1.02442412331e-08
2.33192839753e-09	-6.58603471759e-09
2.33312181022e-09	-1.01764727201e-09
2.33431522291e-09	4.84577467041e-09
2.3355086356e-09	9.30979815461e-09
2.33670204829e-09	1.10904481154e-08
2.33789546099e-09	9.6799444016e-09
2.33908887368e-09	5.4958986806e-09
2.34028228637e-09	-2.45288969691e-10
2.34147569906e-09	-5.88057658124e-09
2.34266911175e-09	-9.78293968057e-09
2.34386252444e-09	-1.08302261603e-08
2.34505593713e-09	-8.72776584337e-09
2.34624934982e-09	-4.09310718652e-09
2.34744276251e-09	1.72816728983e-09
2.3486361752e-09	7.05153629932e-09
2.34982958789e-09	1.03404830254e-08
2.35102300058e-09	1.06523936338e-08
2.35221641327e-09	7.90445703336e-09
2.35340982596e-09	2.89988177915e-09
2.35460323865e-09	-2.90792659396e-09
2.35579665135e-09	-7.84102316409e-09
2.35699006404e-09	-1.04760231601e-08
2.35818347673e-09	-1.00590568097e-08
2.35937688942e-09	-6.71918226613e-09
2.36057030211e-09	-1.4312210167e-09
2.3617637148e-09	4.2734993877e-09
2.36295712749e-09	8.74550987184e-09
2.36415054018e-09	1.06969613167e-08
2.36534395287e-09	9.57151569114e-09
2.36653736556e-09	5.7039021284e-09
2.36773077825e-09	2.18660534124e-10
2.36892419094e-09	-5.29486066103e-09
2.37011760363e-09	-9.24274423664e-09
2.37131101632e-09	-1.04915612864e-08
2.37250442901e-09	-8.68731986348e-09
2.3736978417e-09	-4.36052571828e-09
2.3748912544e-09	1.23161690568e-09
2.37608466709e-09	6.470061098e-09
2.37727807978e-09	9.84310066787e-09
2.37847149247e-09	1.03813019292e-08
2.37966490516e-09	7.93930354792e-09
2.38085831785e-09	3.22976234646e-09
2.38205173054e-09	-2.37954322913e-09
2.38324514323e-09	-7.26573656795e-09
2.38443855592e-09	-1.00200719944e-08
2.38563196861e-09	-9.85293502342e-09
2.3868253813e-09	-6.82153900033e-09
2.38801879399e-09	-1.80983211751e-09
2.38921220668e-09	3.72932185133e-09
2.39040561937e-09	8.19317136358e-09
2.39159903206e-09	1.02974951899e-08
2.39279244476e-09	9.4399521533e-09
2.39398585745e-09	5.87733994806e-09
2.39517927014e-09	6.48035188011e-10
2.39637268283e-09	-4.73429184744e-09
2.39756609552e-09	-8.71360639199e-09
2.39875950821e-09	-1.01451663737e-08
2.3999529209e-09	-8.6227858187e-09
2.40114633359e-09	-4.59550431042e-09
2.40233974628e-09	7.66308079492e-10
2.40353315897e-09	5.91115767445e-09
2.40472657166e-09	9.3516130395e-09
2.40591998435e-09	1.01007885389e-08
2.40711339704e-09	7.94997112585e-09
2.40830680973e-09	3.52920620506e-09
2.40950022242e-09	-1.87784876537e-09
2.41069363512e-09	-6.70781769019e-09
2.41188704781e-09	-9.56498302784e-09
2.4130804605e-09	-9.63152535505e-09
2.41427387319e-09	-6.89723367309e-09
2.41546728588e-09	-2.15875484155e-09
2.41666069857e-09	3.2081121093e-09
2.41785411126e-09	7.65234814404e-09
2.41904752395e-09	9.89222026515e-09
2.42024093664e-09	9.28779908538e-09
2.42143434933e-09	6.02298727559e-09
2.42262776202e-09	1.04791050837e-09
2.42382117471e-09	-4.19541346108e-09
2.4250145874e-09	-8.19135137498e-09
2.42620800009e-09	-9.78931846696e-09
2.42740141278e-09	-8.53544324109e-09
2.42859482547e-09	-4.79987377622e-09
2.42978823817e-09	3.3058824081e-10
2.43098165086e-09	5.37000033329e-09
2.43217506355e-09	8.86314699411e-09
2.43336847624e-09	9.80604342171e-09
2.43456188893e-09	7.93306409452e-09
2.43575530162e-09	3.79526943206e-09
2.43694871431e-09	-1.40734443543e-09
2.438142127e-09	-6.16706674617e-09
2.43933553969e-09	-9.11098085865e-09
2.44052895238e-09	-9.39535915734e-09
2.44172236507e-09	-6.94435631221e-09
2.44291577776e-09	-2.47522383146e-09
2.44410919045e-09	2.7153756188e-09
2.44530260314e-09	7.1273600355e-09
2.44649601583e-09	9.4869079259e-09
2.44768942853e-09	9.11981845597e-09
2.44888284122e-09	6.14034600943e-09
2.45007625391e-09	1.41677833354e-09
2.4512696666e-09	-3.68173949661e-09
2.45246307929e-09	-7.68101204862e-09
2.45365649198e-09	-9.42923727987e-09
2.45484990467e-09	-8.42837433179e-09
2.45604331736e-09	-4.97603980243e-09
2.45723673005e-09	-7.59981730325e-11
2.45843014274e-09	4.8508750905e-09
2.45962355543e-09	8.38232527833e-09
2.46081696812e-09	9.50330036886e-09
2.46201038081e-09	7.89591458883e-09
2.4632037935e-09	4.03372429902e-09
2.46439720619e-09	-9.61122736953e-10
2.46559061889e-09	-5.64266339209e-09
2.46678403158e-09	-8.66041238723e-09
2.46797744427e-09	-9.14538811347e-09
2.46917085696e-09	-6.96775315223e-09
2.47036426965e-09	-2.7639218414e-09
2.47155768234e-09	2.24694662876e-09
2.47275109503e-09	6.61427757009e-09
2.47394450772e-09	9.07821806617e-09
2.47513792041e-09	8.93394513923e-09
2.4763313331e-09	6.22996493282e-09
2.47752474579e-09	1.75571195082e-09
2.47871815848e-09	-3.191375747e-09
2.47991157117e-09	-7.18008841272e-09
2.48110498386e-09	-9.06268693424e-09
2.48229839655e-09	-8.30109425642e-09
2.48349180924e-09	-5.12287240406e-09
2.48468522194e-09	-4.52889364899e-10
2.48587863463e-09	4.35334213122e-09
2.48707204732e-09	7.91009968637e-09
2.48826546001e-09	9.19199283356e-09
2.4894588727e-09	7.83590070608e-09
2.49065228539e-09	4.24226370699e-09
2.49184569808e-09	-5.44933077828e-10
2.49303911077e-09	-5.13926978751e-09
2.49423252346e-09	-8.21382406535e-09
2.49542593615e-09	-8.88613482797e-09
2.49661934884e-09	-6.9678132153e-09
2.49781276153e-09	-3.0219873548e-09
2.49900617422e-09	1.80537779171e-09
2.50019958691e-09	6.11867856382e-09
2.5013929996e-09	8.67229255075e-09
2.5025864123e-09	8.73480920927e-09
2.50377982499e-09	6.29604984814e-09
2.50497323768e-09	2.06682018722e-09
2.50616665037e-09	-2.72471176177e-09
2.50736006306e-09	-6.69377281382e-09
2.50855347575e-09	-8.69564342754e-09
2.50974688844e-09	-8.15886125327e-09
2.51094030113e-09	-5.24572396632e-09
2.51213371382e-09	-8.05240082946e-10
2.51332712651e-09	3.87573034777e-09
2.5145205392e-09	7.4446242504e-09
2.51571395189e-09	8.87353401868e-09
2.51690736458e-09	7.75639941164e-09
2.51810077727e-09	4.42399311629e-09
2.51929418996e-09	-1.54685632359e-10
2.52048760266e-09	-4.65265476146e-09
2.52168101535e-09	-7.77279363096e-09
2.52287442804e-09	-8.6160689694e-09
2.52406784073e-09	-6.94696705716e-09
2.52526125342e-09	-3.25462815032e-09
2.52645466611e-09	1.38821407147e-09
2.5276480788e-09	5.63667790221e-09
2.52884149149e-09	8.266106577e-09
2.53003490418e-09	8.52211834435e-09
2.53122831687e-09	6.3367599501e-09
2.53242172956e-09	2.34970812252e-09
2.53361514225e-09	-2.28200378039e-09
2.53480855494e-09	-6.21922641164e-09
2.53600196763e-09	-8.32585644872e-09
2.53719538032e-09	-7.99951793695e-09
2.53838879301e-09	-5.34177380107e-09
2.53958220571e-09	-1.12788572926e-09
2.5407756184e-09	3.42058870118e-09
2.54196903109e-09	6.9898365429e-09
2.54316244378e-09	8.55116233378e-09
2.54435585647e-09	7.65842972372e-09
2.54554926916e-09	4.57941501386e-09
2.54674268185e-09	2.09051179145e-10
2.54793609454e-09	-4.18743262287e-09
2.54912950723e-09	-7.33809063513e-09
2.55032291992e-09	-8.33839663983e-09
2.55151633261e-09	-6.90542367732e-09
2.5527097453e-09	-3.46056480693e-09
2.55390315799e-09	9.9550581667e-10
2.55509657068e-09	5.1723651473e-09
2.55628998337e-09	7.86430831567e-09
2.55748339607e-09	8.29797253132e-09
2.55867680876e-09	6.35601882237e-09
2.55987022145e-09	2.60659832607e-09
2.56106363414e-09	-1.86301726823e-09
2.56225704683e-09	-5.75781805567e-09
2.56345045952e-09	-7.95569821133e-09
2.56464387221e-09	-7.82726228277e-09
2.5658372849e-09	-5.41613964788e-09
2.56703069759e-09	-1.42607878284e-09
2.56822411028e-09	2.98581395719e-09
2.56941752297e-09	6.54379134213e-09
2.57061093566e-09	8.22286849722e-09
2.57180434835e-09	7.54427903482e-09
2.57299776104e-09	4.70988620327e-09
2.57419117373e-09	5.46599758511e-10
2.57538458643e-09	-3.73970193701e-09
2.57657799912e-09	-6.91100826566e-09
2.57777141181e-09	-8.05359190448e-09
2.5789648245e-09	-6.84517509342e-09
2.58015823719e-09	-3.6401231196e-09
2.58135164988e-09	6.28011205539e-10
2.58254506257e-09	4.72401723295e-09
2.58373847526e-09	7.46554185138e-09
2.58493188795e-09	8.06440203505e-09
2.58612530064e-09	6.35441821384e-09
2.58731871333e-09	2.836666263e-09
2.58851212602e-09	-1.46748461993e-09
2.58970553871e-09	-5.31213156796e-09
2.5908989514e-09	-7.58843532456e-09
2.59209236409e-09	-7.64326019143e-09
2.59328577678e-09	-5.4681576489e-09
2.59447918948e-09	-1.69798172744e-09
2.59567260217e-09	2.5731219655e-09
2.59686601486e-09	6.11082834334e-09
2.59805942755e-09	7.8944608628e-09
2.59925284024e-09	7.41531480664e-09
2.60044625293e-09	4.81800954688e-09
2.60163966562e-09	8.598828663e-10
2.60283307831e-09	-3.31214439209e-09
2.604026491e-09	-6.49240861073e-09
2.60521990369e-09	-7.76449926576e-09
2.60641331638e-09	-6.76863459725e-09
2.60760672907e-09	-3.79749220958e-09
2.60880014176e-09	2.83542560958e-10
2.60999355445e-09	4.292494582e-09
2.61118696714e-09	7.07168246183e-09
2.61238037984e-09	7.82223397167e-09
2.61357379253e-09	6.33377256198e-09
2.61476720522e-09	3.04259337169e-09
2.61596061791e-09	-1.09428990869e-09
2.6171540306e-09	-4.87940526872e-09
2.61834744329e-09	-7.22152332377e-09
2.61954085598e-09	-7.44784628415e-09
2.62073426867e-09	-5.49990664123e-09
2.62192768136e-09	-1.94601050552e-09
2.62312109405e-09	2.1806320083e-09
2.62431450674e-09	5.68761782116e-09
2.62550791943e-09	7.56410617475e-09
2.62670133212e-09	7.27200644146e-09
2.62789474481e-09	4.90330986924e-09
2.6290881575e-09	1.14848093535e-09
2.63028157019e-09	-2.90417162541e-09
2.63147498289e-09	-6.08209810293e-09
2.63266839558e-09	-7.47112471888e-09
2.63386180827e-09	-6.67520283493e-09
2.63505522096e-09	-3.93103041785e-09
2.63624863365e-09	-3.73544459253e-11
2.63744204634e-09	3.87869050766e-09
2.63863545903e-09	6.68390987002e-09
2.63982887172e-09	7.57307094812e-09
2.64102228441e-09	6.29479574021e-09
2.6422156971e-09	3.22515547602e-09
2.64340910979e-09	-7.43910821832e-10
2.64460252248e-09	-4.46330905568e-09
2.64579593517e-09	-6.85864520733e-09
2.64698934786e-09	-7.24327026136e-09
2.64818276055e-09	-5.51242240743e-09
2.64937617325e-09	-2.17143417136e-09
2.65056958594e-09	1.80896794766e-09
2.65176299863e-09	5.27760851687e-09
2.65295641132e-09	7.23356718968e-09
2.65414982401e-09	7.11704950529e-09
2.6553432367e-09	4.96783691961e-09
2.65653664939e-09	1.41338611648e-09
2.65773006208e-09	-2.51557985553e-09
2.65892347477e-09	-5.68284541647e-09
2.66011688746e-09	-7.17566706054e-09
2.66131030015e-09	-6.5689840234e-09
2.66250371284e-09	-4.04389088882e-09
2.66369712553e-09	-3.35541865126e-10
2.66489053822e-09	3.48062889621e-09
2.66608395091e-09	6.30230295728e-09
2.66727736361e-09	7.31750687821e-09
2.6684707763e-09	6.23919943488e-09
2.66966418899e-09	3.38440558911e-09
2.67085760168e-09	-4.16472703546e-10
2.67205101437e-09	-4.06215150406e-09
2.67324442706e-09	-6.50077769393e-09
2.67443783975e-09	-7.03104141575e-09
2.67563125244e-09	-5.50645379294e-09
2.67682466513e-09	-2.37358277477e-09
2.67801807782e-09	1.45802361851e-09
2.67921149051e-09	4.87907481084e-09
2.6804049032e-09	6.90256879432e-09
2.68159831589e-09	6.94903284915e-09
2.68279172858e-09	5.01101621309e-09
2.68398514127e-09	1.65402069818e-09
2.68517855396e-09	-2.14723910874e-09
2.68637196666e-09	-5.29421773088e-09
2.68756537935e-09	-6.8797399444e-09
2.68875879204e-09	-6.44994568866e-09
2.68995220473e-09	-4.13595824256e-09
2.69114561742e-09	-6.12243075682e-10
2.69233903011e-09	3.1003801193e-09
2.6935324428e-09	5.92875032401e-09
2.69472585549e-09	7.05822050806e-09
2.69591926818e-09	6.168987432e-09
2.69711268087e-09	3.52289855621e-09
2.69830609356e-09	-1.10073908322e-10
2.69949950625e-09	-3.67648123056e-09
2.70069291894e-09	-6.14716405556e-09
2.70188633163e-09	-6.81234607613e-09
2.70307974432e-09	-5.48476253304e-09
2.70427315702e-09	-2.55465640309e-09
2.70546656971e-09	1.12731794732e-09
2.7066599824e-09	4.49392234536e-09
2.70785339509e-09	6.57513571367e-09
2.70904680778e-09	6.77351363887e-09
2.71024022047e-09	5.03722624723e-09
2.71143363316e-09	1.87398907503e-09
2.71262704585e-09	-1.79816994628e-09
2.71382045854e-09	-4.91611945597e-09
2.71501387123e-09	-6.58221932515e-09
2.71620728392e-09	-6.31950997088e-09
2.71740069661e-09	-4.20952334101e-09
2.7185941093e-09	-8.67668360771e-10
2.71978752199e-09	2.73670736073e-09
2.72098093468e-09	5.56159984733e-09
2.72217434738e-09	6.79412576199e-09
2.72336776007e-09	6.08232697541e-09
2.72456117276e-09	3.63877025733e-09
2.72575458545e-09	1.74110399709e-10
2.72694799814e-09	-3.30696023343e-09
2.72814141083e-09	-5.80035780517e-09
2.72933482352e-09	-6.58744414572e-09
2.73052823621e-09	-5.44730349716e-09
2.7317216489e-09	-2.71483155401e-09
2.73291506159e-09	8.15629244699e-10
2.73410847428e-09	4.12228312596e-09
2.73530188697e-09	6.25031937318e-09
2.73649529966e-09	6.58822751909e-09
2.73768871235e-09	5.04486502573e-09
2.73888212504e-09	2.07210298919e-09
2.74007553773e-09	-1.46749447316e-09
2.74126895043e-09	-4.55018112078e-09
2.74246236312e-09	-6.28604901465e-09
2.74365577581e-09	-6.17816037218e-09
2.7448491885e-09	-4.264600173e-09
2.74604260119e-09	-1.10216731575e-09
2.74723601388e-09	2.39109501643e-09
2.74842942657e-09	5.20450693653e-09
2.74962283926e-09	6.52855125516e-09
2.75081625195e-09	5.98535049301e-09
2.75200966464e-09	3.7367618444e-09
2.75320307733e-09	4.38320907348e-10
2.75439649002e-09	-2.95391949789e-09
2.75558990271e-09	-5.46016959424e-09
2.7567833154e-09	-6.35905572643e-09
2.75797672809e-09	-5.39626421325e-09
2.75917014079e-09	-2.8553958642e-09
2.76036355348e-09	5.23946587505e-10
2.76155696617e-09	3.76320002937e-09
2.76275037886e-09	5.92821602918e-09
2.76394379155e-09	6.39583735973e-09
2.76513720424e-09	5.03693781129e-09
2.76633061693e-09	2.24959706419e-09
2.76752402962e-09	-1.15641349274e-09
2.76871744231e-09	-4.19576595689e-09
2.769910855e-09	-5.99129834633e-09
2.77110426769e-09	-6.02855010357e-09
2.77229768038e-09	-4.30272967256e-09
2.77349109307e-09	-1.31749035293e-09
2.77468450576e-09	2.06137823477e-09
2.77587791845e-09	4.85603202094e-09
2.77707133115e-09	6.26059326603e-09
2.77826474384e-09	5.87433612864e-09
2.77945815653e-09	3.81474979383e-09
2.78065156922e-09	6.81659437229e-10
2.78184498191e-09	-2.61725377482e-09
2.7830383946e-09	-5.12751602288e-09
2.78423180729e-09	-6.12708872527e-09
2.78542521998e-09	-5.33199445707e-09
2.78661863267e-09	-2.97776320268e-09
2.78781204536e-09	2.50738919211e-10
2.78900545805e-09	3.41918041102e-09
2.79019887074e-09	5.61050372827e-09
2.79139228343e-09	6.19703421911e-09
2.79258569612e-09	5.01401320463e-09
2.79377910881e-09	2.40726963363e-09
2.7949725215e-09	-8.64674810919e-10
2.7961659342e-09	-3.85456677687e-09
2.79735934689e-09	-5.69996533306e-09
2.79855275958e-09	-5.87133225372e-09
2.79974617227e-09	-4.32515701032e-09
2.80093958496e-09	-1.51236358159e-09
2.80213299765e-09	1.7493169413e-09
2.80332641034e-09	4.51673293211e-09
2.80451982303e-09	5.99292465653e-09
2.80571323572e-09	5.75440256556e-09
2.80690664841e-09	3.87600382346e-09
2.8081000611e-09	9.06175849635e-10
2.80929347379e-09	-2.29531915696e-09
2.81048688648e-09	-4.80206235887e-09
2.81168029917e-09	-5.89262943995e-09
2.81287371186e-09	-5.25638943483e-09
2.81406712456e-09	-3.0822722985e-09
2.81526053725e-09	-4.07877204234e-12
2.81645394994e-09	3.0875888235e-09
2.81764736263e-09	5.29880694877e-09
2.81884077532e-09	5.99346050567e-09
2.82003418801e-09	4.97621926998e-09
2.8212276007e-09	2.54598175875e-09
2.82242101339e-09	-5.90468021699e-10
2.82361442608e-09	-3.52522894209e-09
2.82480783877e-09	-5.41123468256e-09
2.82600125146e-09	-5.7067177095e-09
2.82719466415e-09	-4.33269031763e-09
2.82838807684e-09	-1.68990126059e-09
2.82958148953e-09	1.45334688728e-09
2.83077490222e-09	4.18789086742e-09
2.83196831492e-09	5.72486691386e-09
2.83316172761e-09	5.62411023308e-09
2.8343551403e-09	3.92014556927e-09
2.83554855299e-09	1.11042980366e-09
2.83674196568e-09	-1.99064836837e-09
2.83793537837e-09	-4.48646642059e-09
2.83912879106e-09	-5.65712443557e-09
2.84032220375e-09	-5.16993048372e-09
2.84151561644e-09	-3.17043588605e-09
2.84270902913e-09	-2.40507731786e-10
2.84390244182e-09	2.77029255091e-09
2.84509585451e-09	4.99187191583e-09
2.8462892672e-09	5.78484299352e-09
2.84748267989e-09	4.92554386167e-09
2.84867609258e-09	2.66625271861e-09
2.84986950527e-09	-3.34968840859e-10
2.85106291797e-09	-3.20941770382e-09
2.85225633066e-09	-5.12702447164e-09
2.85344974335e-09	-5.53791651425e-09
2.85464315604e-09	-4.32689162277e-09
2.85583656873e-09	-1.84990842089e-09
2.85702998142e-09	1.17380176412e-09
2.85822339411e-09	3.869165488e-09
2.8594168068e-09	5.45878225955e-09
2.86061021949e-09	5.48622325347e-09
2.86180363218e-09	3.94973853624e-09
2.86299704487e-09	1.29698055074e-09
2.86419045756e-09	-1.70175565306e-09
2.86538387025e-09	-4.17892326299e-09
2.86657728294e-09	-5.42103806289e-09
2.86777069563e-09	-5.07387959425e-09
2.86896410833e-09	-3.24215471137e-09
2.87015752102e-09	-4.60014873416e-10
2.87135093371e-09	2.46643194757e-09
2.8725443464e-09	4.69080579935e-09
2.87373775909e-09	5.57273521773e-09
2.87493117178e-09	4.86241846787e-09
2.87612458447e-09	2.76951228617e-09
2.87731799716e-09	-9.70136297684e-11
2.87851140985e-09	-2.90667795388e-09
2.87970482254e-09	-4.84799689282e-09
2.88089823523e-09	-5.36345018398e-09
2.88209164792e-09	-4.30802116202e-09
2.88328506061e-09	-1.99312213955e-09
2.8844784733e-09	9.09933108029e-10
2.88567188599e-09	3.56065765761e-09
2.88686529868e-09	5.19326304182e-09
2.88805871138e-09	5.33991428853e-09
2.88925212407e-09	3.96367400013e-09
2.89044553676e-09	1.46582572469e-09
2.89163894945e-09	-1.42834213901e-09
2.89283236214e-09	-3.88129192674e-09
2.89402577483e-09	-5.1860532535e-09
2.89521918752e-09	-4.96964408514e-09
2.89641260021e-09	-3.29960858636e-09
2.8976060129e-09	-6.6226584633e-10
2.89879942559e-09	2.17651571766e-09
2.89999283828e-09	4.39638891958e-09
2.90118625097e-09	5.35887118014e-09
2.90237966366e-09	4.78892608902e-09
2.90357307635e-09	2.85664170097e-09
2.90476648904e-09	1.24254738443e-10
2.90595990174e-09	-2.61655691558e-09
2.90715331443e-09	-4.57387744346e-09
2.90834672712e-09	-5.18506515501e-09
2.90954013981e-09	-4.27826751803e-09
2.9107335525e-09	-2.11999617861e-09
2.91192696519e-09	6.62186576406e-10
2.91312037788e-09	3.26292126651e-09
2.91431379057e-09	4.93084967301e-09
2.91550720326e-09	5.18798276561e-09
2.91670061595e-09	3.96388005752e-09
2.91789402864e-09	1.61778690444e-09
2.91908744133e-09	-1.17055035109e-09
2.92028085402e-09	-3.59354992985e-09
2.92147426671e-09	-4.9518374956e-09
2.9226676794e-09	-4.85792156502e-09
2.9238610921e-09	-3.3427436652e-09
2.92505450479e-09	-8.49074074938e-10
2.92624791748e-09	1.90021794133e-09
2.92744133017e-09	4.10988731936e-09
2.92863474286e-09	5.14270959151e-09
2.92982815555e-09	4.70557570686e-09
2.93102156824e-09	2.92780621969e-09
2.93221498093e-09	3.28768779562e-10
2.93340839362e-09	-2.33971847452e-09
2.93460180631e-09	-4.30564089937e-09
2.935795219e-09	-5.00361174716e-09
2.93698863169e-09	-4.23708951258e-09
2.93818204438e-09	-2.23108537201e-09
2.93937545707e-09	4.30626315856e-10
2.94056886976e-09	2.97637195446e-09
2.94176228245e-09	4.67175242935e-09
2.94295569515e-09	5.03011393649e-09
2.94414910784e-09	3.95140842269e-09
2.94534252053e-09	1.7524936502e-09
2.94653593322e-09	-9.28271098877e-10
2.94772934591e-09	-3.31493038574e-09
2.9489227586e-09	-4.71958383486e-09
2.95011617129e-09	-4.73915751087e-09
2.95130958398e-09	-3.37280170459e-09
2.95250299667e-09	-1.01934727326e-09
2.95369640936e-09	1.63750170368e-09
2.95488982205e-09	3.83016590666e-09
2.95608323474e-09	4.92620272352e-09
2.95727664743e-09	4.61267313234e-09
2.95847006012e-09	2.98422206391e-09
2.95966347281e-09	5.16743332152e-10
2.96085688551e-09	-2.07644204608e-09
2.9620502982e-09	-4.04426797607e-09
2.96324371089e-09	-4.82103990063e-09
2.96443712358e-09	-4.18604456653e-09
2.96563053627e-09	-2.32804733824e-09
2.96682394896e-09	2.12924892995e-10
2.96801736165e-09	2.70050790063e-09
2.96921077434e-09	4.41662328932e-09
2.97040418703e-09	4.86707601999e-09
2.97159759972e-09	3.92678609074e-09
2.97279101241e-09	1.87175526467e-09
2.9739844251e-09	-7.01462096742e-10
2.97517783779e-09	-3.0476869084e-09
2.97637125048e-09	-4.49018511262e-09
2.97756466317e-09	-4.61500776483e-09
2.97875807587e-09	-3.39057981691e-09
2.97995148856e-09	-1.17487142237e-09
2.98114490125e-09	1.38887869261e-09
2.98233831394e-09	3.55854745671e-09
2.98353172663e-09	4.70929140128e-09
2.98472513932e-09	4.51215448338e-09
2.98591855201e-09	3.02757219295e-09
2.9871119647e-09	6.89011167565e-10
2.98830537739e-09	-1.82527021275e-09
2.98949879008e-09	-3.7886423998e-09
2.99069220277e-09	-4.63614252544e-09
2.99188561546e-09	-4.12646750103e-09
2.99307902815e-09	-2.41066436257e-09
2.99427244084e-09	1.07055544984e-11
2.99546585353e-09	2.43633441199e-09
2.99665926622e-09	4.16526346747e-09
2.99785267892e-09	4.70162458965e-09
2.99904609161e-09	3.89272564183e-09
3.0002395043e-09	1.97720421979e-09
3.00143291699e-09	-4.88196677528e-10
3.00262632968e-09	-2.7898708066e-09
3.00381974237e-09	-4.2631605468e-09
3.00501315506e-09	-4.48533432618e-09
3.00620656775e-09	-3.3974713598e-09
3.00739998044e-09	-1.31588116792e-09
3.00859339313e-09	1.15238811549e-09
3.00978680582e-09	3.29476129712e-09
3.01098021851e-09	4.49250497914e-09
3.0121736312e-09	4.40370390153e-09
3.01336704389e-09	3.05716996163e-09
3.01456045658e-09	8.46179661063e-10
3.01575386928e-09	-1.58791134408e-09
3.01694728197e-09	-3.54126539204e-09
3.01814069466e-09	-4.45122055881e-09
3.01933410735e-09	-4.05811684256e-09
3.02052752004e-09	-2.48125003877e-09
3.02172093273e-09	-1.77908451859e-10
3.02291434542e-09	2.18276227648e-09
3.02410775811e-09	3.91900567553e-09
3.0253011708e-09	4.53184800797e-09
3.02649458349e-09	3.84712417478e-09
3.02768799618e-09	2.06751840648e-09
3.02888140887e-09	-2.90404162523e-10
3.03007482156e-09	-2.54308293868e-09
3.03126823425e-09	-4.03961136763e-09
3.03246164694e-09	-4.35177266445e-09
3.03365505964e-09	-3.39259634274e-09
3.03484847233e-09	-1.44307016336e-09
3.03604188502e-09	9.30023474899e-10
3.03723529771e-09	3.03988290096e-09
3.0384287104e-09	4.27813190429e-09
3.03962212309e-09	4.28954527454e-09
3.04081553578e-09	3.07523589926e-09
3.04200894847e-09	9.89204287927e-10
3.04320236116e-09	-1.36237605919e-09
3.04439577385e-09	-3.29991359238e-09
3.04558918654e-09	-4.26539586984e-09
3.04678259923e-09	-3.98296573501e-09
3.04797601192e-09	-2.53812090789e-09
3.04916942461e-09	-3.52987493402e-10
3.0503628373e-09	1.94019508792e-09
3.05155624999e-09	3.67746899599e-09
3.05274966269e-09	4.36014047089e-09
3.05394307538e-09	3.79292011687e-09
3.05513648807e-09	2.14364781481e-09
3.05632990076e-09	-1.0613031981e-10
3.05752331345e-09	-2.30651925337e-09
3.05871672614e-09	-3.82102502416e-09
3.05991013883e-09	-4.21504187109e-09
3.06110355152e-09	-3.37865593836e-09
3.06229696421e-09	-1.55655188738e-09
3.0634903769e-09	7.1987850403e-10
3.06468378959e-09	2.7938405478e-09
3.06587720228e-09	4.06503808392e-09
3.06707061497e-09	4.16945894477e-09
3.06826402766e-09	3.08144701422e-09
3.06945744035e-09	1.11815810777e-09
3.07065085305e-09	-1.15006688894e-09
3.07184426574e-09	-3.06767961034e-09
3.07303767843e-09	-4.08065525814e-09
3.07423109112e-09	-3.90141732809e-09
3.07542450381e-09	-2.58450033597e-09
3.0766179165e-09	-5.1380730226e-10
3.07781132919e-09	1.70979713721e-09
3.07900474188e-09	3.44250333795e-09
3.08019815457e-09	4.1871345835e-09
3.08139156726e-09	3.73009514942e-09
3.08258497995e-09	2.20864365685e-09
3.08377839264e-09	6.41873013074e-11
3.08497180533e-09	-2.08005326852e-09
3.08616521802e-09	-3.60591112525e-09
3.08735863071e-09	-4.07511069334e-09
3.0885520434e-09	-3.35519681482e-09
3.0897454561e-09	-1.65737812363e-09
3.09093886879e-09	5.23098286909e-10
3.09213228148e-09	2.55597426557e-09
3.09332569417e-09	3.85434142935e-09
3.09451910686e-09	4.04531230735e-09
3.09571251955e-09	3.07750822048e-09
3.09690593224e-09	1.23358176451e-09
3.09809934493e-09	-9.49834960684e-10
3.09929275762e-09	-2.84209686341e-09
3.10048617031e-09	-3.89724177929e-09
3.101679583e-09	-3.81323719822e-09
3.10287299569e-09	-2.61874194551e-09
3.10406640838e-09	-6.61796305257e-10
3.10525982107e-09	1.48982318149e-09
3.10645323376e-09	3.21338011755e-09
3.10764664646e-09	4.01286243124e-09
3.10884005915e-09	3.65985228234e-09
3.11003347184e-09	2.26093530009e-09
3.11122688453e-09	2.22214795176e-10
3.11242029722e-09	-1.86450171968e-09
3.11361370991e-09	-3.39588032694e-09
3.1148071226e-09	-3.93305321644e-09
3.11600053529e-09	-3.32332975028e-09
3.11719394798e-09	-1.74698652766e-09
3.11838736067e-09	3.38468870986e-10
3.11958077336e-09	2.32755745233e-09
3.12077418605e-09	3.64613703119e-09
3.12196759874e-09	3.91681662104e-09
3.12316101143e-09	3.06331024436e-09
3.12435442412e-09	1.33628387522e-09
3.12554783682e-09	-7.62510721231e-10
3.12674124951e-09	-2.6254619867e-09
3.1279346622e-09	-3.71519842668e-09
3.12912807489e-09	-3.72049346886e-09
3.13032148758e-09	-2.64277164042e-09
3.13151490027e-09	-7.97088076099e-10
3.13270831296e-09	1.28061042326e-09
3.13390172565e-09	2.99014818461e-09
3.13509513834e-09	3.83845200069e-09
3.13628855103e-09	3.58299076519e-09
3.13748196372e-09	2.30157501391e-09
3.13867537641e-09	3.66943860713e-10
3.1398687891e-09	-1.65891039794e-09
3.14106220179e-09	-3.19186752029e-09
3.14225561448e-09	-3.78970574366e-09
3.14344902717e-09	-3.28351915102e-09
3.14464243987e-09	-1.82355947009e-09
3.14583585256e-09	1.66041144375e-10
3.14702926525e-09	2.10768993925e-09
3.14822267794e-09	3.44233672123e-09
3.14941609063e-09	3.7854283319e-09
3.15060950332e-09	3.04065320145e-09
3.15180291601e-09	1.427264959e-09
3.1529963287e-09	-5.85395065755e-10
3.15418974139e-09	-2.41633585363e-09
3.15538315408e-09	-3.53546078524e-09
3.15657656677e-09	-3.62348251404e-09
3.15776997946e-09	-2.6577516854e-09
3.15896339215e-09	-9.20948525773e-10
3.16015680484e-09	1.08282961764e-09
3.16135021753e-09	2.77369804902e-09
3.16254363023e-09	3.6639609402e-09
3.16373704292e-09	3.49932793853e-09
3.16493045561e-09	2.33122596227e-09
3.1661238683e-09	4.99259279751e-10
3.16731728099e-09	-1.4642049101e-09
3.16851069368e-09	-2.99237187806e-09
3.16970410637e-09	-3.64557078969e-09
3.17089751906e-09	-3.23709553607e-09
3.17209093175e-09	-1.88939502932e-09
3.17328434444e-09	5.21073462156e-12
3.17447775713e-09	1.89776505621e-09
3.17567116982e-09	3.24184978862e-09
3.17686458251e-09	3.65083943632e-09
3.1780579952e-09	3.00928729158e-09
3.17925140789e-09	1.50614072603e-09
3.18044482059e-09	-4.21613147172e-10
3.18163823328e-09	-2.21550999768e-09
3.18283164597e-09	-3.35876818025e-09
3.18402505866e-09	-3.52246687374e-09
3.18521847135e-09	-2.66303420982e-09
3.18641188404e-09	-1.0322455668e-09
3.18760529673e-09	8.96267914052e-10
3.18879870942e-09	2.56431889611e-09
3.18999212211e-09	3.49110762521e-09
3.1911855348e-09	3.4116089398e-09
3.19237894749e-09	2.35149724692e-09
3.19357236018e-09	6.20421415631e-10
3.19476577287e-09	-1.27898985847e-09
3.19595918556e-09	-2.7984653761e-09
3.19715259825e-09	-3.49997769655e-09
3.19834601094e-09	-3.18424914214e-09
3.19953942364e-09	-1.94543528509e-09
3.20073283633e-09	-1.43876157516e-10
3.20192624902e-09	1.69678213147e-09
3.20311966171e-09	3.04550260011e-09
3.2043130744e-09	3.51434392698e-09
3.20550648709e-09	2.97014809969e-09
3.20669989978e-09	1.57452935412e-09
3.20789331247e-09	-2.68201769821e-10
3.20908672516e-09	-2.02338043542e-09
3.21028013785e-09	-3.18349391293e-09
3.21147355054e-09	-3.41768741086e-09
3.21266696323e-09	-2.66016003669e-09
3.21386037592e-09	-1.13333255281e-09
3.21505378861e-09	7.19460567511e-10
3.2162472013e-09	2.36143829491e-09
3.217440614e-09	3.31933727726e-09
3.21863402669e-09	3.31824345778e-09
3.21982743938e-09	2.36244837581e-09
3.22102085207e-09	7.29749850825e-10
3.22221426476e-09	-1.10472056503e-09
3.22340767745e-09	-2.61084082132e-09
3.22460109014e-09	-3.35567129639e-09
3.22579450283e-09	-3.12557413285e-09
3.22698791552e-09	-1.99063515671e-09
3.22818132821e-09	-2.82016861253e-10
3.2293747409e-09	1.50495561846e-09
3.23056815359e-09	2.85423804036e-09
3.23176156628e-09	3.37692729335e-09
3.23295497897e-09	2.92470145324e-09
3.23414839166e-09	1.63194988079e-09
3.23534180436e-09	-1.25463710601e-10
3.23653521705e-09	-1.83821100008e-09
3.23772862974e-09	-3.01256963819e-09
3.23892204243e-09	-3.31024493927e-09
3.24011545512e-09	-2.64917271453e-09
3.24130886781e-09	-1.22280434389e-09
3.2425022805e-09	5.53648772661e-10
3.24369569319e-09	2.16611290016e-09
3.24488910588e-09	3.14977607885e-09
3.24608251857e-09	3.22215915061e-09
3.24727593126e-09	2.36450709012e-09
3.24846934395e-09	8.28844576306e-10
3.24966275664e-09	-9.39432337477e-10
3.25085616933e-09	-2.42965914055e-09
3.25204958202e-09	-3.21122226032e-09
3.25324299471e-09	-3.06154518404e-09
3.25443640741e-09	-2.0271636314e-09
3.2556298201e-09	-4.09641688626e-10
3.25682323279e-09	1.32213941184e-09
3.25801664548e-09	2.6665023245e-09
3.25921005817e-09	3.23770169008e-09
3.26040347086e-09	2.87254686704e-09
3.26159688355e-09	1.67915556459e-09
3.26279029624e-09	5.91100779435e-12
3.26398370893e-09	-1.66281161063e-09
3.26517712162e-09	-2.84521317617e-09
3.26637053431e-09	-3.2019689955e-09
3.267563947e-09	-2.63187407978e-09
3.26875735969e-09	-1.30259132647e-09
3.26995077238e-09	3.97754655601e-10
3.27114418507e-09	1.97763988519e-09
3.27233759777e-09	2.98203581273e-09
3.27353101046e-09	3.12151773874e-09
3.27472442315e-09	2.35853089836e-09
3.27591783584e-09	9.17014207624e-10
3.27711124853e-09	-7.84200503146e-10
3.27830466122e-09	-2.2536054689e-09
3.27949807391e-09	-3.06778158432e-09
3.2806914866e-09	-2.9934595358e-09
3.28188489929e-09	-2.05458430824e-09
3.28307831198e-09	-5.26875237883e-10
3.28427172467e-09	1.14779803717e-09
3.28546513736e-09	2.48466441866e-09
3.28665855005e-09	3.09867700943e-09
3.28785196274e-09	2.81507944733e-09
3.28904537543e-09	1.71820233041e-09
3.29023878813e-09	1.28441028646e-10
3.29143220082e-09	-1.49442237751e-09
3.29262561351e-09	-2.68139360715e-09
3.2938190262e-09	-3.0907607862e-09
3.29501243889e-09	-2.60675570019e-09
3.29620585158e-09	-1.37264563604e-09
3.29739926427e-09	2.51793867007e-10
3.29859267696e-09	1.79740003436e-09
3.29978608965e-09	2.81712669858e-09
3.30097950234e-09	3.01810546e-09
3.30217291503e-09	2.34517782971e-09
3.30336632772e-09	9.95732656051e-10
3.30455974041e-09	-6.38469485614e-10
3.3057531531e-09	-2.08467787477e-09
3.30694656579e-09	-2.92552723713e-09
3.30813997848e-09	-2.92046253847e-09
3.30933339118e-09	-2.07428232923e-09
3.31052680387e-09	-6.33533885075e-10
3.31172021656e-09	9.82793429971e-10
3.31291362925e-09	2.30800903389e-09
3.31410704194e-09	2.95966676167e-09
3.31530045463e-09	2.75218930978e-09
3.31649386732e-09	1.74773112649e-09
3.31768728001e-09	2.39557845783e-10
3.3188806927e-09	-1.33524771795e-09
3.32007410539e-09	-2.52188359084e-09
3.32126751808e-09	-2.97892358003e-09
3.32246093077e-09	-2.57614196641e-09
3.32365434346e-09	-1.43317592516e-09
3.32484775615e-09	1.15908721857e-10
3.32604116884e-09	1.62382746138e-09
3.32723458154e-09	2.65519148335e-09
3.32842799423e-09	2.91279247944e-09
3.32962140692e-09	2.32537711309e-09
3.33081481961e-09	1.06510933406e-09
3.3320082323e-09	-5.01842810363e-10
3.33320164499e-09	-1.92156429657e-09
3.33439505768e-09	-2.78505013496e-09
3.33558847037e-09	-2.84448112287e-09
3.33678188306e-09	-2.08510342325e-09
3.33797529575e-09	-7.30698258844e-10
3.33916870844e-09	8.27593223118e-10
3.34036212113e-09	2.13787765269e-09
3.34155553382e-09	2.82226525483e-09
3.34274894651e-09	2.68532318604e-09
3.3439423592e-09	1.76972211885e-09
3.34513577189e-09	3.42464289566e-10
3.34632918459e-09	-1.18298432161e-09
3.34752259728e-09	-2.36579889012e-09
3.34871600997e-09	-2.86442070063e-09
3.34990942266e-09	-2.53962759156e-09
3.35110283535e-09	-1.48574968994e-09
3.35229624804e-09	-1.05407262779e-11
3.35348966073e-09	1.45851684896e-09
3.35468307342e-09	2.49685114251e-09
3.35587648611e-09	2.80612502679e-09
3.3570698988e-09	2.29946195418e-09
3.35826331149e-09	1.12539817743e-09
3.35945672418e-09	-3.73883007887e-10
3.36065013687e-09	-1.76501804838e-09
3.36184354956e-09	-2.64698851726e-09
3.36303696225e-09	-2.76537998056e-09
3.36423037495e-09	-2.09043643506e-09
3.36542378764e-09	-8.18171655426e-10
3.36661720033e-09	6.80066052083e-10
3.36781061302e-09	1.97207952746e-09
3.36900402571e-09	2.68548847049e-09
3.3701974384e-09	2.61477470231e-09
3.37139085109e-09	1.78387984939e-09
3.37258426378e-09	4.35810172672e-10
3.37377767647e-09	-1.03941488749e-09
3.37497108916e-09	-2.21450816018e-09
3.37616450185e-09	-2.75221670454e-09
3.37735791454e-09	-2.49785683804e-09
3.37855132723e-09	-1.52904844342e-09
3.37974473992e-09	-1.2737504107e-10
3.38093815261e-09	1.30050692437e-09
3.38213156531e-09	2.34199662441e-09
3.383324978e-09	2.69752920001e-09
3.38451839069e-09	2.26677362991e-09
3.38571180338e-09	1.17734740013e-09
3.38690521607e-09	-2.55342330613e-10
3.38809862876e-09	-1.61535017307e-09
3.38929204145e-09	-2.51038256849e-09
3.39048545414e-09	-2.68303324003e-09
3.39167886683e-09	-2.08766159915e-09
3.39287227952e-09	-8.97489436935e-10
3.39406569221e-09	5.41988787184e-10
3.3952591049e-09	1.81274506517e-09
3.39645251759e-09	2.54884682804e-09
3.39764593028e-09	2.54049228876e-09
3.39883934297e-09	1.79110509757e-09
3.40003275566e-09	5.20042328644e-10
3.40122616836e-09	-9.04093362675e-10
3.40241958105e-09	-2.06797068358e-09
3.40361299374e-09	-2.63860616689e-09
3.40480640643e-09	-2.45215617256e-09
3.40599981912e-09	-1.56474243285e-09
3.40719323181e-09	-2.36263253753e-10
3.4083866445e-09	1.14899249837e-09
3.40958005719e-09	2.19087009645e-09
3.41077346988e-09	2.58817500765e-09
3.41196688257e-09	2.22955165441e-09
3.41316029526e-09	1.22090026977e-09
3.41435370795e-09	-1.44848575842e-10
3.41554712064e-09	-1.47156684061e-09
3.41674053333e-09	-2.37665864766e-09
3.41793394602e-09	-2.5994701669e-09
3.41912735872e-09	-2.07894629289e-09
3.42032077141e-09	-9.6771175101e-10
3.4215141841e-09	4.11701998881e-10
3.42270759679e-09	1.65896610338e-09
3.42390100948e-09	2.41553740898e-09
3.42509442217e-09	2.46323586528e-09
3.42628783486e-09	1.79109543863e-09
3.42748124755e-09	5.96228288963e-10
3.42867466024e-09	-7.75258954255e-10
3.42986807293e-09	-1.9264215223e-09
3.43106148562e-09	-2.52545698243e-09
3.43225489831e-09	-2.40099945481e-09
3.433448311e-09	-1.59321719706e-09
3.43464172369e-09	-3.35841927185e-10
3.43583513638e-09	1.00589069019e-09
3.43702854908e-09	2.04397343495e-09
3.43822196177e-09	2.47862735892e-09
3.43941537446e-09	2.18849843803e-09
3.44060878715e-09	1.25774064774e-09
3.44180219984e-09	-4.23158574153e-11
3.44299561253e-09	-1.33400657187e-09
3.44418902522e-09	-2.24504717594e-09
3.44538243791e-09	-2.51302051391e-09
3.4465758506e-09	-2.06416517212e-09
3.44776926329e-09	-1.0290118202e-09
3.44896267598e-09	2.90571882527e-10
3.45015608867e-09	1.51179635477e-09
3.45134950136e-09	2.28356061838e-09
3.45254291405e-09	2.38386321794e-09
3.45373632674e-09	1.78559537989e-09
3.45492973943e-09	6.64242293114e-10
3.45612315213e-09	-6.54278471679e-10
3.45731656482e-09	-1.78935977146e-09
3.45850997751e-09	-2.41322098415e-09
3.4597033902e-09	-2.34798755439e-09
3.46089680289e-09	-1.6143661824e-09
3.46209021558e-09	-4.27018698179e-10
3.46328362827e-09	8.70092373151e-10
3.46447704096e-09	1.90087590113e-09
3.46567045365e-09	2.36929825759e-09
3.46686386634e-09	2.14214554428e-09
3.46805727903e-09	1.28639014718e-09
3.46925069172e-09	5.20236683593e-11
3.47044410441e-09	-1.20355568567e-09
3.4716375171e-09	-2.11704265229e-09
3.47283092979e-09	-2.42676895246e-09
3.47402434249e-09	-2.04479536081e-09
3.47521775518e-09	-1.08344856697e-09
3.47641116787e-09	1.76062386892e-10
3.47760458056e-09	1.37046177184e-09
3.47879799325e-09	2.1542890527e-09
3.47999140594e-09	2.30256680389e-09
3.48118481863e-09	1.77451234262e-09
3.48237823132e-09	7.25013458991e-10
3.48357164401e-09	-5.40931889559e-10
3.4847650567e-09	-1.65738139879e-09
3.48595846939e-09	-2.30214941555e-09
3.48715188208e-09	-2.29089316961e-09
3.48834529477e-09	-1.6288578264e-09
3.48953870746e-09	-5.09411235416e-10
3.49073212015e-09	7.41850948727e-10
3.49192553285e-09	1.76300837818e-09
3.49311894554e-09	2.26057195185e-09
3.49431235823e-09	2.0923708044e-09
3.49550577092e-09	1.30872070125e-09
3.49669918361e-09	1.38793450691e-10
3.4978925963e-09	-1.07881124867e-09
3.49908600899e-09	-1.99199395867e-09
3.50027942168e-09	-2.33878788558e-09
3.50147283437e-09	-2.02026273488e-09
3.50266624706e-09	-1.13118775458e-09
3.50385965975e-09	7.00144083335e-11
3.50505307244e-09	1.23497072291e-09
3.50624648513e-09	2.02701858076e-09
3.50743989782e-09	2.21962195845e-09
3.50863331051e-09	1.75817352344e-09
3.5098267232e-09	7.77922920525e-10
3.5110201359e-09	-4.34663097182e-10
3.51221354859e-09	-1.53013687831e-09
3.51340696128e-09	-2.19178963867e-09
3.51460037397e-09	-2.23080987016e-09
3.51579378666e-09	-1.63726236735e-09
3.51698719935e-09	-5.85144759035e-10
3.51818061204e-09	6.18978548972e-10
3.51937402473e-09	1.62963052774e-09
3.52056743742e-09	2.15254175595e-09
3.52176085011e-09	2.03995564885e-09
3.5229542628e-09	1.32633681815e-09
3.52414767549e-09	2.1944970667e-10
3.52534108818e-09	-9.59570277403e-10
3.52653450087e-09	-1.87048214417e-09
3.52772791356e-09	-2.2498684582e-09
3.52892132626e-09	-1.99085045671e-09
3.53011473895e-09	-1.17119275389e-09
3.53130815164e-09	-2.81943392244e-11
3.53250156433e-09	1.10597396519e-09
3.53369497702e-09	1.90342924755e-09
3.53488838971e-09	2.13577455721e-09
3.5360818024e-09	1.73760487943e-09
3.53727521509e-09	8.25786647396e-10
3.53846862778e-09	-3.35006151292e-10
3.53966204047e-09	-1.40743575128e-09
3.54085545316e-09	-2.08288247761e-09
3.54204886585e-09	-2.16825188359e-09
3.54324227854e-09	-1.63980097556e-09
3.54443569123e-09	-6.52541541635e-10
3.54562910392e-09	5.0638778587e-10
3.54682251661e-09	1.50088226569e-09
3.54801592931e-09	2.04619080013e-09
3.549209342e-09	1.98489769065e-09
3.55040275469e-09	1.33677278968e-09
3.55159616738e-09	2.91689866705e-10
3.55278958007e-09	-8.47809031312e-10
3.55398299276e-09	-1.75218847764e-09
3.55517640545e-09	-2.16124404484e-09
3.55636981814e-09	-1.95787573654e-09
3.55756323083e-09	-1.20399679115e-09
3.55875664352e-09	-1.18658494488e-10
3.55995005621e-09	9.82729245202e-10
3.5611434689e-09	1.78309080001e-09
3.56233688159e-09	2.05174544021e-09
3.56353029428e-09	1.71203017041e-09
3.56472370697e-09	8.65885349532e-10
3.56591711967e-09	-2.41846268706e-10
3.56711053236e-09	-1.2908341479e-09
3.56830394505e-09	-1.97670851909e-09
3.56949735774e-09	-2.10373859999e-09
3.57069077043e-09	-1.63692666366e-09
3.57188418312e-09	-7.13867562285e-10
3.57307759581e-09	3.98078063568e-10
3.5742710085e-09	1.377248246e-09
3.57546442119e-09	1.93949487026e-09
3.57665783388e-09	1.92630289497e-09
3.57785124657e-09	1.34213588854e-09
3.57904465926e-09	3.5744262758e-10
3.58023807195e-09	-7.41902157764e-10
3.58143148464e-09	-1.63744086346e-09
3.58262489733e-09	-2.072014893e-09
3.58381831003e-09	-1.92157828538e-09
3.58501172272e-09	-1.23142492037e-09
3.58620513541e-09	-2.02380518594e-10
3.5873985481e-09	8.65627361457e-10
3.58859196079e-09	1.66539151913e-09
3.58978537348e-09	1.96629257321e-09
3.59097878617e-09	1.68297081826e-09
3.59217219886e-09	8.99493139694e-10
3.59336561155e-09	-1.5642920119e-10
3.59455902424e-09	-1.17797691046e-09
3.59575243693e-09	-1.87200996371e-09
3.59694584962e-09	-2.03822445033e-09
3.59813926231e-09	-1.62939546577e-09
3.599332675e-09	-7.68552971264e-10
3.60052608769e-09	2.96584739407e-10
3.60171950038e-09	1.25726991318e-09
3.60291291308e-09	1.83592038794e-09
3.60410632577e-09	1.86663129398e-09
3.60529973846e-09	1.34221245229e-09
3.60649315115e-09	4.1710396595e-10
3.60768656384e-09	-6.41894204456e-10
3.60887997653e-09	-1.52707996248e-09
3.61007338922e-09	-1.9835630638e-09
3.61126680191e-09	-1.88161669579e-09
3.6124602146e-09	-1.25244127569e-09
3.61365362729e-09	-2.79918331569e-10
3.61484703998e-09	7.54488839461e-10
3.61604045267e-09	1.55130816526e-09
3.61723386536e-09	1.88141217883e-09
3.61842727805e-09	1.65081356918e-09
3.61962069074e-09	9.2833958576e-10
3.62081410344e-09	-7.56409969382e-11
3.62200751613e-09	-1.07067275879e-09
3.62320092882e-09	-1.76874946634e-09
3.62439434151e-09	-1.9699730458e-09
3.6255877542e-09	-1.61796978593e-09
3.62678116689e-09	-8.15496607742e-10
3.62797457958e-09	2.0289181793e-10
3.62916799227e-09	1.1428523683e-09
3.63036140496e-09	1.73330377828e-09
3.63155481765e-09	1.80465235811e-09
3.63274823034e-09	1.33776070776e-09
3.63394164303e-09	4.69723197838e-10
3.63513505572e-09	-5.47062110889e-10
3.63632846841e-09	-1.41948247601e-09
3.6375218811e-09	-1.89518106763e-09
3.6387152938e-09	-1.83826265321e-09
3.63990870649e-09	-1.26767590869e-09
3.64110211918e-09	-3.49350430529e-10
3.64229553187e-09	6.49611746339e-10
3.64348894456e-09	1.44114987999e-09
3.64468235725e-09	1.79677708823e-09
3.64587576994e-09	1.61577888569e-09
3.64706918263e-09	9.51128016624e-10
3.64826259532e-09	-1.87328971779e-12
3.64945600801e-09	-9.6846392017e-10
3.6506494207e-09	-1.66886317265e-09
3.65184283339e-09	-1.90216666029e-09
3.65303624608e-09	-1.60140935235e-09
3.65422965877e-09	-8.57278401045e-10
3.65542307146e-09	1.14998557552e-10
3.65661648415e-09	1.03355593528e-09
3.65780989685e-09	1.63315315438e-09
3.65900330954e-09	1.74177308687e-09
3.66019672223e-09	1.32919564244e-09
3.66139013492e-09	5.17276985135e-10
3.66258354761e-09	-4.58550385163e-10
3.6637769603e-09	-1.31595276343e-09
3.66497037299e-09	-1.8077536551e-09
3.66616378568e-09	-1.79289871838e-09
3.66735719837e-09	-1.27777009806e-09
3.66855061106e-09	-4.13288681056e-10
3.66974402375e-09	5.50816010858e-10
3.67093743644e-09	1.33447630724e-09
3.67213084913e-09	1.71266741067e-09
3.67332426182e-09	1.57690600855e-09
3.67451767451e-09	9.69209670854e-10
3.67571108721e-09	6.57514633018e-11
3.6769044999e-09	-8.71281449766e-10
3.67809791259e-09	-1.5711521667e-09
3.67929132528e-09	-1.83210011051e-09
3.68048473797e-09	-1.58143097229e-09
3.68167815066e-09	-8.92033551192e-10
3.68287156335e-09	3.38516974868e-11
3.68406497604e-09	9.2926671913e-10
3.68525838873e-09	1.53545488824e-09
3.68645180142e-09	1.67813782315e-09
3.68764521411e-09	1.31748637e-09
3.6888386268e-09	5.59626754659e-10
3.69003203949e-09	-3.75056825874e-10
3.69122545218e-09	-1.21596169245e-09
3.69241886487e-09	-1.72162929746e-09
3.69361227757e-09	-1.74574864287e-09
3.69480569026e-09	-1.28380174547e-09
3.69599910295e-09	-4.71004051733e-10
3.69719251564e-09	4.56883163247e-10
3.69838592833e-09	1.23084342718e-09
3.69957934102e-09	1.62934180037e-09
3.70077275371e-09	1.53685682236e-09
3.7019661664e-09	9.82545211858e-10
3.70315957909e-09	1.29084850448e-10
3.70435299178e-09	-7.77903429172e-10
3.70554640447e-09	-1.47509741921e-09
3.70673981716e-09	-1.76200501412e-09
3.70793322985e-09	-1.55715267069e-09
3.70912664254e-09	-9.22198248321e-10
3.71032005523e-09	-4.15845136104e-11
3.71151346792e-09	8.30112104055e-10
3.71270688062e-09	1.4401700249e-09
3.71390029331e-09	1.61317265102e-09
3.715093706e-09	1.301610833e-09
3.71628711869e-09	5.96579577405e-10
3.71748053138e-09	-2.97495694745e-10
3.71867394407e-09	-1.12084991288e-09
3.71986735676e-09	-1.63618386895e-09
3.72106076945e-09	-1.69605512967e-09
3.72225418214e-09	-1.28512356312e-09
3.72344759483e-09	-5.22980506124e-10
3.72464100752e-09	3.69224480851e-10
3.72583442021e-09	1.13174478122e-09
3.7270278329e-09	1.54642203209e-09
3.72822124559e-09	1.4943157961e-09
3.72941465828e-09	9.91563234298e-10
3.73060807098e-09	1.85521856558e-10
3.73180148367e-09	-6.90525164826e-10
3.73299489636e-09	-1.3820730671e-09
3.73418830905e-09	-1.69161895602e-09
3.73538172174e-09	-1.53044157902e-09
3.73657513443e-09	-9.46904270271e-10
3.73776854712e-09	-1.10960785699e-10
3.73896195981e-09	7.35118063644e-10
3.7401553725e-09	1.34678079799e-09
3.74134878519e-09	1.54815527065e-09
3.74254219788e-09	1.28221173956e-09
3.74373561057e-09	6.27841105494e-10
3.74492902326e-09	-2.24161099405e-10
3.74612243595e-09	-1.02834600557e-09
3.74731584864e-09	-1.55215604258e-09
3.74850926134e-09	-1.64437026495e-09
3.74970267403e-09	-1.28149586776e-09
3.75089608672e-09	-5.68741650997e-10
3.75208949941e-09	2.85932985622e-10
3.7532829121e-09	1.03647845862e-09
3.75447632479e-09	1.46453590921e-09
3.75566973748e-09	1.44897659149e-09
3.75686315017e-09	9.96333071601e-10
3.75805656286e-09	2.37151668095e-10
3.75924997555e-09	-6.07530595276e-10
3.76044338824e-09	-1.29286797934e-09
3.76163680093e-09	-1.62163311945e-09
3.76283021362e-09	-1.50137020871e-09
3.76402362631e-09	-9.67431211529e-10
3.765217039e-09	-1.74865660146e-10
3.76641045169e-09	6.45553825673e-10
3.76760386439e-09	1.25655018335e-09
3.76879727708e-09	1.48348679174e-09
3.76999068977e-09	1.2611441752e-09
3.77118410246e-09	6.55723642051e-10
3.77237751515e-09	-1.56606715443e-10
3.77357092784e-09	-9.40071701039e-10
3.77476434053e-09	-1.46958548108e-09
3.77595775322e-09	-1.59219729068e-09
3.77715116591e-09	-1.27388578852e-09
3.7783445786e-09	-6.09176459276e-10
3.77953799129e-09	2.09508490417e-10
3.78073140398e-09	9.44856151652e-10
3.78192481667e-09	1.38518616022e-09
3.78311822936e-09	1.40387401704e-09
3.78431164205e-09	9.97120608304e-10
3.78550505475e-09	2.84095413861e-10
3.78669846744e-09	-5.28309583581e-10
3.78789188013e-09	-1.20549686899e-09
3.78908529282e-09	-1.55203982999e-09
3.79027870551e-09	-1.46877120188e-09
3.7914721182e-09	-9.81858171156e-10
3.79266553089e-09	-2.33415620166e-10
3.79385894358e-09	5.59639903863e-10
3.79505235627e-09	1.16934389949e-09
3.79624576896e-09	1.41765717221e-09
3.79743918165e-09	1.23619153802e-09
3.79863259434e-09	6.7836199158e-10
3.79982600703e-09	-9.40800493066e-11
3.80101941972e-09	-8.56259049775e-10
3.80221283241e-09	-1.38895149548e-09
3.8034062451e-09	-1.53854230744e-09
3.8045996578e-09	-1.26388166599e-09
3.80579307049e-09	-6.45256438558e-10
3.80698648318e-09	1.37468026545e-10
3.80817989587e-09	8.57357615458e-10
3.80937330856e-09	1.30664706832e-09
3.81056672125e-09	1.3571377494e-09
3.81176013394e-09	9.9474467552e-10
3.81295354663e-09	3.2602038777e-10
3.81414695932e-09	-4.54700235797e-10
3.81534037201e-09	-1.12167927724e-09
3.8165337847e-09	-1.48243184395e-09
3.81772719739e-09	-1.43498198046e-09
3.81892061008e-09	-9.93486105882e-10
3.82011402277e-09	-2.8682782191e-10
3.82130743546e-09	4.79294479105e-10
3.82250084816e-09	1.08357398054e-09
3.82369426085e-09	1.35264859036e-09
3.82488767354e-09	1.20947081517e-09
3.82608108623e-09	6.96708531145e-10
3.82727449892e-09	-3.54542506464e-11
3.82846791161e-09	-7.75709690926e-10
3.8296613243e-09	-1.30971536394e-09
3.83085473699e-09	-1.48429542268e-09
3.83204814968e-09	-1.24983821903e-09
3.83324156237e-09	-6.75448585952e-10
3.83443497506e-09	7.05859789021e-11
3.83562838775e-09	7.73452003833e-10
3.83682180044e-09	1.2300212654e-09
3.83801521313e-09	1.30900122686e-09
3.83920862582e-09	9.88457815598e-10
3.84040203852e-09	3.63827898364e-10
3.84159545121e-09	-3.84628329186e-10
3.8427888639e-09	-1.04016165126e-09
3.84398227659e-09	-1.41422447364e-09
3.84517568928e-09	-1.3981707736e-09
3.84636910197e-09	-9.99906518695e-10
3.84756251466e-09	-3.34682823122e-10
3.84875592735e-09	4.04082618061e-10
3.84994934004e-09	1.00327922359e-09
3.85114275273e-09	1.28863320015e-09
3.85233616542e-09	1.18053762599e-09
3.85352957811e-09	7.11506353834e-10
3.8547229908e-09	1.75033165045e-11
3.85591640349e-09	-6.99184161956e-10
3.85710981618e-09	-1.23300208932e-09
3.85830322887e-09	-1.42991669894e-09
3.85949664157e-09	-1.2331014404e-09
3.86069005426e-09	-7.02089920923e-10
3.86188346695e-09	8.52329318235e-12
3.86307687964e-09	6.93631735382e-10
3.86427029233e-09	1.15505520426e-09
3.86546370502e-09	1.2602635463e-09
3.86665711771e-09	9.80317174659e-10
3.8678505304e-09	3.96943814623e-10
3.86904394309e-09	-3.19395641879e-10
3.87023735578e-09	-9.61907220542e-10
3.87143076847e-09	-1.34553088116e-09
3.87262418116e-09	-1.35980297855e-09
3.87381759385e-09	-1.00206684617e-09
3.87501100654e-09	-3.77441484317e-10
3.87620441923e-09	3.33017849408e-10
3.87739783193e-09	9.24024960713e-10
3.87859124462e-09	1.22534797586e-09
3.87978465731e-09	1.15071038809e-09
3.88097807e-09	7.22304112355e-10
3.88217148269e-09	6.68350782704e-11
3.88336489538e-09	-6.26738119736e-10
3.88455830807e-09	-1.15832646252e-09
3.88575172076e-09	-1.37429950753e-09
3.88694513345e-09	-1.21362757344e-09
3.88813854614e-09	-7.24101029137e-10
3.88933195883e-09	-4.82101598226e-11
3.89052537152e-09	6.18179049616e-10
3.89171878421e-09	1.08254782916e-09
3.8929121969e-09	1.21128025665e-09
3.89410560959e-09	9.69073307711e-10
3.89529902229e-09	4.26948160853e-10
3.89649243498e-09	-2.57357801736e-10
3.89768584767e-09	-8.86413657752e-10
3.89887926036e-09	-1.27770158342e-09
3.90007267305e-09	-1.3194958598e-09
3.90126608574e-09	-1.00136428316e-09
3.90245949843e-09	-4.16192413866e-10
3.90365291112e-09	2.65947326661e-10
3.90484632381e-09	8.48268282005e-10
3.9060397365e-09	1.16293298602e-09
3.90723314919e-09	1.11885026244e-09
3.90842656188e-09	7.30942112392e-10
3.90961997457e-09	1.12504158767e-10
3.91081338726e-09	-5.57730021888e-10
3.91200679995e-09	-1.0853247745e-09
3.91320021264e-09	-1.31842331497e-09
3.91439362534e-09	-1.19171605917e-09
3.91558703803e-09	-7.41895427037e-10
3.91678045072e-09	-1.00318633608e-10
3.91797386341e-09	5.45393862017e-10
3.9191672761e-09	1.01144233267e-09
3.92036068879e-09	1.16185087939e-09
3.92155410148e-09	9.55247277112e-10
3.92274751417e-09	4.52579557164e-10
3.92394092686e-09	-2.00343065054e-10
3.92513433955e-09	-8.14229406121e-10
3.92632775224e-09	-1.21263091235e-09
3.92752116493e-09	-1.2794613008e-09
3.92871457762e-09	-9.97905341693e-10
3.92990799031e-09	-4.51211731173e-10
3.931101403e-09	2.03294056936e-10
3.9322948157e-09	7.76189092166e-10
3.93348822839e-09	1.10050728253e-09
3.93468164108e-09	1.08470665783e-09
3.93587505377e-09	7.3517505278e-10
3.93706846646e-09	1.5329357575e-10
3.93826187915e-09	-4.92846187472e-10
3.93945529184e-09	-1.01512447059e-09
3.94064870453e-09	-1.26307168891e-09
3.94184211722e-09	-1.16732598587e-09
3.94303552991e-09	-7.56130782986e-10
3.9442289426e-09	-1.49086444579e-10
3.94542235529e-09	4.77315076353e-10
3.94661576798e-09	9.42674896476e-10
3.94780918067e-09	1.11253588286e-09
3.94900259336e-09	9.39266248112e-10
3.95019600606e-09	4.74495272934e-10
3.95138941875e-09	-1.47154909785e-10
3.95258283144e-09	-7.4492661345e-10
3.95377624413e-09	-1.1474253353e-09
3.95496965682e-09	-1.23731852542e-09
3.95616306951e-09	-9.9111700097e-10
3.9573564822e-09	-4.8051561341e-10
3.95854989489e-09	1.46041680485e-10
3.95974330758e-09	7.06683100926e-10
3.96093672027e-09	1.03961719788e-09
3.96213013296e-09	1.05114827953e-09
3.96332354565e-09	7.37496459735e-10
3.96451695834e-09	1.90670892269e-10
3.96571037103e-09	-4.3022348184e-10
3.96690378372e-09	-9.45701725263e-10
3.96809719641e-09	-1.20772127021e-09
3.96929060911e-09	-1.14109513505e-09
3.9704840218e-09	-7.66387918405e-10
3.97167743449e-09	-1.93063127985e-10
3.97287084718e-09	4.13048255321e-10
3.97406425987e-09	8.76737876743e-10
3.97525767256e-09	1.06393027721e-09
3.97645108525e-09	9.22000947812e-10
3.97764449794e-09	4.93141132096e-10
3.97883791063e-09	-9.76539578368e-11
3.98003132332e-09	-6.78828729339e-10
3.98122473601e-09	-1.08362768758e-09
3.9824181487e-09	-1.19473397842e-09
3.98361156139e-09	-9.81267497813e-10
3.98480497408e-09	-5.07235163594e-10
3.98599838677e-09	9.1702546598e-11
3.98719179947e-09	6.40141779862e-10
3.98838521216e-09	9.80787798199e-10
3.98957862485e-09	1.01607183778e-09
3.99077203754e-09	7.37134506212e-10
3.99196545023e-09	2.24500112944e-10
3.99315886292e-09	-3.72042310154e-10
3.99435227561e-09	-8.79660441711e-10
3.9955456883e-09	-1.15243431464e-09
3.99673910099e-09	-1.11298750771e-09
3.99793251368e-09	-7.72885928868e-10
3.99912592637e-09	-2.32400217126e-10
4.00031933906e-09	3.52403162207e-10
4.00151275175e-09	8.12317060839e-10
4.00270616444e-09	1.01508436379e-09
4.00389957713e-09	9.02839240868e-10
4.00509298983e-09	5.09156855566e-10
4.00628640252e-09	-5.14662592058e-11
4.00747981521e-09	-6.1572189014e-10
4.0086732279e-09	-1.02096156529e-09
4.00986664059e-09	-1.15111077614e-09
4.01106005328e-09	-9.69629578018e-10
4.01225346597e-09	-5.29629402835e-10
4.01344687866e-09	4.09693719922e-11
4.01464029135e-09	5.76063294289e-10
4.01583370404e-09	9.22249124291e-10
4.01702711673e-09	9.80336450906e-10
4.01822052942e-09	7.32634786171e-10
4.01941394211e-09	2.54668734018e-10
4.0206073548e-09	-3.16387346877e-10
4.02180076749e-09	-8.15670524179e-10
4.02299418018e-09	-1.09802801573e-09
4.02418759288e-09	-1.08322248393e-09
4.02538100557e-09	-7.76154515658e-10
4.02657441826e-09	-2.6731610675e-10
4.02776783095e-09	2.95898364838e-10
4.02896124364e-09	7.51266875099e-10
4.03015465633e-09	9.66790293655e-10
4.03134806902e-09	8.81172773637e-10
4.03254148171e-09	5.216952495e-10
4.0337348944e-09	-8.93359084625e-12
4.03492830709e-09	-5.55458859464e-10
4.03612171978e-09	-9.60580184839e-10
4.03731513247e-09	-1.1067473743e-09
4.03850854516e-09	-9.55021769999e-10
4.03970195785e-09	-5.48124851063e-10
4.04089537054e-09	-4.89293501549e-12
4.04208878324e-09	5.16795245487e-10
4.04328219593e-09	8.65965354979e-10
4.04447560862e-09	9.43638715778e-10
4.04566902131e-09	7.27906485087e-10
4.046862434e-09	2.81719186174e-10
4.04805584669e-09	-2.65000174582e-10
4.04924925938e-09	-7.53458441471e-10
4.05044267207e-09	-1.04352779196e-09
4.05163608476e-09	-1.05246882043e-09
4.05282949745e-09	-7.77156908272e-10
4.05402291014e-09	-2.99640142559e-10
4.05521632283e-09	2.42154036406e-10
4.05640973552e-09	6.91441071066e-10
4.05760314821e-09	9.18801860983e-10
4.0587965609e-09	8.59212728743e-10
4.05998997359e-09	5.31243250779e-10
4.06118338629e-09	3.01342345174e-11
4.06237679898e-09	-4.9828968729e-10
4.06357021167e-09	-9.01464222713e-10
4.06476362436e-09	-1.06386359444e-09
4.06595703705e-09	-9.38709769638e-10
4.06715044974e-09	-5.63488748717e-10
4.06834386243e-09	-4.81592552296e-11
4.06953727512e-09	4.5943469168e-10
4.07073068781e-09	8.11274700196e-10
4.0719241005e-09	9.07155066343e-10
4.07311751319e-09	7.20213853833e-10
4.07431092588e-09	3.05606238232e-10
4.07550433857e-09	-2.16606968473e-10
4.07669775126e-09	-6.95118691774e-10
4.07789116395e-09	-9.90817719537e-10
4.07908457665e-09	-1.02001668223e-09
4.08027798934e-09	-7.75719377621e-10
4.08147140203e-09	-3.28228947494e-10
4.08266481472e-09	1.92223834072e-10
4.08385822741e-09	6.3466298883e-10
4.0850516401e-09	8.71383791512e-10
4.08624505279e-09	8.36023208994e-10
4.08743846548e-09	5.38733009592e-10
4.08863187817e-09	6.62483280039e-11
4.08982529086e-09	-4.43872112676e-10
4.09101870355e-09	-8.43544782636e-10
4.09221211624e-09	-1.01921278362e-09
4.09340552893e-09	-9.20106969782e-10
4.09459894162e-09	-5.75954083037e-10
4.09579235431e-09	-8.6418777516e-11
4.09698576701e-09	4.05261782466e-10
4.0981791797e-09	7.57717964761e-10
4.09937259239e-09	8.70382522999e-10
4.10056600508e-09	7.11189898639e-10
4.10175941777e-09	3.26268834866e-10
4.10295283046e-09	-1.71161331636e-10
4.10414624315e-09	-6.37233828205e-10
4.10533965584e-09	-9.38622075897e-10
4.10653306853e-09	-9.87562004395e-10
4.10772648122e-09	-7.71033702163e-10
4.10891989391e-09	-3.52401361564e-10
4.1101133066e-09	1.45339082783e-10
4.11130671929e-09	5.79593040229e-10
4.11250013198e-09	8.25061172161e-10
4.11369354467e-09	8.1060638063e-10
4.11488695736e-09	5.42734045206e-10
4.11608037006e-09	9.85433765838e-11
4.11727378275e-09	-3.92727766974e-10
4.11846719544e-09	-7.88069935698e-10
4.11966060813e-09	-9.75357676569e-10
4.12085402082e-09	-8.99806319732e-10
4.12204743351e-09	-5.85210525872e-10
4.1232408462e-09	-1.22529713806e-10
4.12443425889e-09	3.53776657275e-10
4.12562767158e-09	7.06021123509e-10
4.12682108427e-09	8.33114729981e-10
4.12801449696e-09	6.99786978364e-10
4.12920790965e-09	3.44350766651e-10
4.13040132234e-09	-1.29219503153e-10
4.13159473503e-09	-5.83225807926e-10
4.13278814772e-09	-8.87117830584e-10
4.13398156042e-09	-9.5386352289e-10
4.13517497311e-09	-7.64973112632e-10
4.1363683858e-09	-3.747657705e-10
4.13756179849e-09	1.0242899931e-10
4.13875521118e-09	5.27335161649e-10
4.13994862387e-09	7.79672972018e-10
4.14114203656e-09	7.85865483799e-10
4.14233544925e-09	5.4524629256e-10
4.14352886194e-09	1.28181144518e-10
4.14472227463e-09	-3.43979067452e-10
4.14591568732e-09	-7.34419601522e-10
4.14710910001e-09	-9.31701001072e-10
4.1483025127e-09	-8.79035705337e-10
4.14949592539e-09	-5.91525439742e-10
4.15068933808e-09	-1.54306357622e-10
4.15188275078e-09	3.05802074635e-10
4.15307616347e-09	6.5631384355e-10
4.15426957616e-09	7.97388086116e-10
4.15546298885e-09	6.87298828961e-10
4.15665640154e-09	3.5925360603e-10
4.15784981423e-09	-8.98645680439e-11
4.15904322692e-09	-5.30925803321e-10
4.16023663961e-09	-8.37036037704e-10
4.1614300523e-09	-9.19532137933e-10
4.16262346499e-09	-7.55498233418e-10
4.16381687768e-09	-3.9332105975e-10
4.16501029037e-09	6.11176647486e-11
4.16620370306e-09	4.77944954447e-10
4.16739711575e-09	7.3517943816e-10
4.16859052844e-09	7.59821615348e-10
4.16978394113e-09	5.46026522608e-10
4.17097735383e-09	1.55635507953e-10
4.17217076652e-09	-2.97605023958e-10
4.17336417921e-09	-6.82406346708e-10
4.1745575919e-09	-8.88292772672e-10
4.17575100459e-09	-8.55953981305e-10
4.17694441728e-09	-5.95946438031e-10
4.17813782997e-09	-1.83748433136e-10
4.17933124266e-09	2.60882457997e-10
4.18052465535e-09	6.08971512106e-10
4.18171806804e-09	7.61079144151e-10
4.18291148073e-09	6.7419920341e-10
4.18410489342e-09	3.73018491096e-10
4.18529830611e-09	-5.30406222415e-11
4.1864917188e-09	-4.81474186909e-10
4.18768513149e-09	-7.87738159425e-10
4.18887854419e-09	-8.85262113615e-10
4.19007195688e-09	-7.45427053417e-10
4.19126536957e-09	-4.0938589671e-10
4.19245878226e-09	2.41597184966e-11
4.19365219495e-09	4.30219894432e-10
4.19484560764e-09	6.92108453881e-10
4.19603902033e-09	7.3367491249e-10
4.19723243302e-09	5.44245669365e-10
4.19842584571e-09	1.7996716617e-10
4.1996192584e-09	-2.54132843241e-10
4.20081267109e-09	-6.31616883795e-10
4.20200608378e-09	-8.45111397529e-10
4.20319949647e-09	-8.31861655948e-10
4.20439290916e-09	-5.97113976319e-10
4.20558632185e-09	-2.09750916288e-10
4.20677973455e-09	2.17640280797e-10
4.20797314724e-09	5.62182779495e-10
4.20916655993e-09	7.24709403599e-10
4.21035997262e-09	6.58577310741e-10
4.21155338531e-09	3.83408471638e-10
4.212746798e-09	-1.96294664551e-11
4.21394021069e-09	-4.34457601839e-10
4.21513362338e-09	-7.40916855646e-10
4.21632703607e-09	-8.51007785074e-10
4.21752044876e-09	-7.329894261e-10
4.21871386145e-09	-4.23029767466e-10
4.21990727414e-09	-9.85820973465e-12
4.22110068683e-09	3.85624875782e-10
4.22229409952e-09	6.49696248189e-10
4.22348751221e-09	7.06454734989e-10
4.2246809249e-09	5.41308387003e-10
4.2258743376e-09	2.01789676982e-10
4.22706775029e-09	-2.1348999131e-10
4.22826116298e-09	-5.83896785089e-10
4.22945457567e-09	-8.02204851158e-10
4.23064798836e-09	-8.06749195226e-10
4.23184140105e-09	-5.97114684087e-10
4.23303481374e-09	-2.33465444893e-10
4.23422822643e-09	1.78198093434e-10
4.23542163912e-09	5.17728741822e-10
4.23661505181e-09	6.88996068532e-10
4.2378084645e-09	6.42508136972e-10
4.23900187719e-09	3.91917106407e-10
4.24019528988e-09	1.15366960776e-11
4.24138870257e-09	-3.88786967898e-10
4.24258211526e-09	-6.93383253592e-10
4.24377552796e-09	-8.15267589549e-10
4.24496894065e-09	-7.18254775101e-10
4.24616235334e-09	-4.32486556984e-10
4.24735576603e-09	-4.13934121354e-11
4.24854917872e-09	3.42774173628e-10
4.24974259141e-09	6.09226225023e-10
4.2509360041e-09	6.80097998751e-10
4.25212941679e-09	5.36398050976e-10
4.25332282948e-09	2.21166678721e-10
4.25451624217e-09	-1.7470758347e-10
4.25570965486e-09	-5.36565646081e-10
4.25690306755e-09	-7.6053431608e-10
4.25809648024e-09	-7.80725095684e-10
4.25928989293e-09	-5.93854528053e-10
4.26048330562e-09	-2.53841808684e-10
4.26167671831e-09	1.40961655543e-10
4.26287013101e-09	4.75844433301e-10
4.2640635437e-09	6.53851299492e-10
4.26525695639e-09	6.25087939743e-10
4.26645036908e-09	3.98283139108e-10
4.26764378177e-09	3.98501049867e-11
4.26883719446e-09	-3.46780656274e-10
4.27003060715e-09	-6.4897957841e-10
4.27122401984e-09	-7.80033725112e-10
4.27241743253e-09	-7.0332634855e-10
4.27361084522e-09	-4.41679259139e-10
4.27480425791e-09	-6.98339823468e-11
4.2759976706e-09	3.02418430576e-10
4.27719108329e-09	5.68310440374e-10
4.27838449598e-09	6.52547446633e-10
4.27957790867e-09	5.30341964788e-10
4.28077132137e-09	2.37891472146e-10
4.28196473406e-09	-1.3964377571e-10
4.28315814675e-09	-4.91873274749e-10
4.28435155944e-09	-7.18545022094e-10
4.28554497213e-09	-7.54462776975e-10
4.28673838482e-09	-5.88755488806e-10
4.28793179751e-09	-2.71287690229e-10
4.2891252102e-09	1.05997821631e-10
4.29031862289e-09	4.34356432766e-10
4.29151203558e-09	6.19472154129e-10
4.29270544827e-09	6.07213807013e-10
4.29389886096e-09	4.02348716844e-10
4.29509227365e-09	6.58953716245e-11
4.29628568634e-09	-3.05853779803e-10
4.29747909903e-09	-6.05704701673e-10
4.29867251173e-09	-7.45755984743e-10
4.29986592442e-09	-6.87098065943e-10
4.30105933711e-09	-4.47208058779e-10
4.3022527498e-09	-9.62352827635e-11
4.30344616249e-09	2.64835667285e-10
4.30463957518e-09	5.30695550005e-10
4.30583298787e-09	6.25551402345e-10
4.30702640056e-09	5.22818961735e-10
4.30821981325e-09	2.53320614485e-10
4.30941322594e-09	-1.05791695716e-10
4.31060663863e-09	-4.49245387418e-10
4.31180005132e-09	-6.7848105606e-10
4.31299346401e-09	-7.27121557409e-10
4.3141868767e-09	-5.82772059776e-10
4.31538028939e-09	-2.86797158938e-10
4.31657370208e-09	7.45549221318e-11
4.31776711478e-09	3.96502029126e-10
4.31896052747e-09	5.85765901062e-10
4.32015394016e-09	5.8864862984e-10
4.32134735285e-09	4.05977206713e-10
4.32254076554e-09	8.98218652234e-11
4.32373417823e-09	-2.67468793641e-10
4.32492759092e-09	-5.62635354973e-10
4.32612100361e-09	-7.09911483765e-10
4.3273144163e-09	-6.68958263783e-10
4.32850782899e-09	-4.5096313489e-10
4.32970124168e-09	-1.1969400384e-10
4.33089465437e-09	2.28801842056e-10
4.33208806706e-09	4.93395088674e-10
4.33328147975e-09	5.98312975553e-10
4.33447489244e-09	5.14057338363e-10
4.33566830514e-09	2.65622541323e-10
4.33686171783e-09	-7.45914979089e-11
4.33805513052e-09	-4.0827696432e-10
4.33924854321e-09	-6.38772881811e-10
4.3404419559e-09	-7.00318782132e-10
4.34163536859e-09	-5.75027594985e-10
4.34282878128e-09	-3.00386698154e-10
4.34402219397e-09	4.41402227269e-11
4.34521560666e-09	3.59083957013e-10
4.34640901935e-09	5.52976373025e-10
4.34760243204e-09	5.7027250977e-10
4.34879584473e-09	4.07320954743e-10
4.34998925742e-09	1.12181518415e-10
4.35118267011e-09	-2.30963116687e-10
4.3523760828e-09	-5.21855579583e-10
4.3535694955e-09	-6.75850382603e-10
4.35476290819e-09	-6.50179361739e-10
4.35595632088e-09	-4.52911264048e-10
4.35714973357e-09	-1.41730013142e-10
4.35834314626e-09	1.95008859755e-10
4.35953655895e-09	4.57873992193e-10
4.36072997164e-09	5.71323127696e-10
4.36192338433e-09	5.04821115466e-10
4.36311679702e-09	2.77026408757e-10
4.36431020971e-09	-4.55576847948e-11
4.3655036224e-09	-3.69456475829e-10
4.36669703509e-09	-6.00061750289e-10
4.36789044778e-09	-6.72638542087e-10
4.36908386047e-09	-5.65847348144e-10
4.37027727316e-09	-3.1112971921e-10
4.37147068585e-09	1.75933332573e-11
4.37266409855e-09	3.23982597694e-10
4.37385751124e-09	5.20505985535e-10
4.37505092393e-09	5.5140895322e-10
4.37624433662e-09	4.07763506988e-10
4.37743774931e-09	1.31299724565e-10
4.378631162e-09	-1.96834420291e-10
4.37982457469e-09	-4.81900488264e-10
4.38101798738e-09	-6.4143867301e-10
4.38221140007e-09	-6.30921558054e-10
4.38340481276e-09	-4.52195274281e-10
4.38459822545e-09	-1.59369070024e-10
4.38579163814e-09	1.63913150414e-10
4.38698505083e-09	4.23270616473e-10
4.38817846352e-09	5.4557031115e-10
4.38937187621e-09	4.94282635655e-10
4.39056528891e-09	2.84889452307e-10
4.3917587016e-09	-1.87825033304e-11
4.39295211429e-09	-3.32432623096e-10
4.39414552698e-09	-5.63065385983e-10
4.39533893967e-09	-6.44929602778e-10
4.39653235236e-09	-5.54662878127e-10
4.39772576505e-09	-3.20098069578e-10
4.39891917774e-09	-8.17934045147e-12
4.40011259043e-09	2.90549664189e-10
4.40130600312e-09	4.89497310741e-10
4.40249941581e-09	5.31191091113e-10
4.4036928285e-09	4.05880069138e-10
4.40488624119e-09	1.49272297648e-10
4.40607965388e-09	-1.64899129074e-10
4.40727306657e-09	-4.44079509276e-10
4.40846647927e-09	-6.0812245517e-10
4.40965989196e-09	-6.10638276055e-10
4.41085330465e-09	-4.51169900051e-10
4.41204671734e-09	-1.76275390118e-10
4.41324013003e-09	1.34736426877e-10
4.41443354272e-09	3.90008070977e-10
4.41562695541e-09	5.18775931935e-10
4.4168203681e-09	4.8229027716e-10
4.41801378079e-09	2.92685358588e-10
4.41920719348e-09	5.19501542479e-12
4.42040060617e-09	-2.97176176028e-10
4.42159401886e-09	-5.26055921046e-10
4.42278743155e-09	-6.17357262533e-10
4.42398084424e-09	-5.43392039698e-10
4.42517425693e-09	-3.26987277532e-10
4.42636766962e-09	-3.09450473059e-11
4.42756108232e-09	2.58360548233e-10
4.42875449501e-09	4.58504595402e-10
4.4299479077e-09	5.11634769274e-10
4.43114132039e-09	4.02650895265e-10
4.43233473308e-09	1.64380601145e-10
4.43352814577e-09	-1.34724752188e-10
4.43472155846e-09	-4.07561387417e-10
4.43591497115e-09	-5.75630494659e-10
4.43710838384e-09	-5.90693320646e-10
4.43830179653e-09	-4.47848712976e-10
4.43949520922e-09	-1.91340361957e-10
4.44068862191e-09	1.06232215732e-10
4.4418820346e-09	3.58753332597e-10
4.44307544729e-09	4.92476739944e-10
4.44426885998e-09	4.701623188e-10
4.44546227268e-09	2.98165735158e-10
4.44665568537e-09	2.79067814864e-11
4.44784909806e-09	-2.63504568859e-10
4.44904251075e-09	-4.91475554698e-10
4.45023592344e-09	-5.89906783144e-10
4.45142933613e-09	-5.31152129224e-10
4.45262274882e-09	-3.33106733169e-10
4.45381616151e-09	-5.21361972691e-11
4.4550095742e-09	2.28638667027e-10
4.45620298689e-09	4.29304158195e-10
4.45739639958e-09	4.91347275366e-10
4.45858981227e-09	3.98683416142e-10
4.45978322496e-09	1.77639925339e-10
4.46097663765e-09	-1.06694835258e-10
4.46217005034e-09	-3.72541390098e-10
4.46336346304e-09	-5.42982582508e-10
4.46455687573e-09	-5.69089414482e-10
4.46575028842e-09	-4.43656261034e-10
4.46694370111e-09	-2.03431171214e-10
4.4681371138e-09	8.13469942448e-11
4.46933052649e-09	3.28925095494e-10
4.47052393918e-09	4.67532863119e-10
4.47171735187e-09	4.579247051e-10
4.47291076456e-09	3.0312784921e-10
4.47410417725e-09	4.85584961997e-11
4.47529758994e-09	-2.31553862889e-10
4.47649100263e-09	-4.56850599018e-10
4.47768441532e-09	-5.62225939416e-10
4.47887782801e-09	-5.17269629907e-10
4.4800712407e-09	-3.3580613637e-10
4.48126465339e-09	-7.17171461107e-11
4.48245806609e-09	2.00132960551e-10
4.48365147878e-09	4.00702141606e-10
4.48484489147e-09	4.7174595133e-10
4.48603830416e-09	3.93131922849e-10
4.48723171685e-09	1.8981778302e-10
4.48842512954e-09	-8.04276237623e-11
4.48961854223e-09	-3.40067314586e-10
4.49081195492e-09	-5.11690821658e-10
4.49200536761e-09	-5.4771672614e-10
4.4931987803e-09	-4.3832999036e-10
4.49439219299e-09	-2.15102720358e-10
4.49558560568e-09	5.74436097647e-11
4.49677901837e-09	2.9993046588e-10
4.49797243106e-09	4.42013033813e-10
4.49916584375e-09	4.43767196601e-10
4.50035925645e-09	3.05805141626e-10
4.50155266914e-09	6.75163674968e-11
4.50274608183e-09	-2.02190765866e-10
4.50393949452e-09	-4.24160290224e-10
4.50513290721e-09	-5.34478614145e-10
4.5063263199e-09	-5.03017835718e-10
4.50751973259e-09	-3.38275470135e-10
4.50871314528e-09	-8.87585820813e-11
4.50990655797e-09	1.73851193858e-10
4.51109997066e-09	3.7274563644e-10
4.51229338335e-09	4.51613458435e-10
4.51348679604e-09	3.87572085536e-10
4.51468020873e-09	2.00350052521e-10
4.51587362142e-09	-5.65791792757e-11
4.51706703411e-09	-3.0741573176e-10
4.5182604468e-09	-4.8066824479e-10
4.5194538595e-09	-5.26113083654e-10
4.52064727219e-09	-4.30718325589e-10
4.52184068488e-09	-2.23939585625e-10
4.52303409757e-09	3.53629265627e-11
4.52422751026e-09	2.71731300655e-10
4.52542092295e-09	4.17475703313e-10
4.52661433564e-09	4.30209437519e-10
4.52780774833e-09	3.06286142282e-10
4.52900116102e-09	8.43101786302e-11
4.53019457371e-09	-1.73341448834e-10
4.5313879864e-09	-3.9283035505e-10
4.53258139909e-09	-5.08437569824e-10
4.53377481178e-09	-4.88058832931e-10
4.53496822447e-09	-3.38714702119e-10
4.53616163716e-09	-1.03944219551e-10
4.53735504986e-09	1.48412577367e-10
4.53854846255e-09	3.46526127237e-10
4.53974187524e-09	4.31736573575e-10
4.54093528793e-09	3.80072029404e-10
4.54212870062e-09	2.08794901507e-10
4.54332211331e-09	-3.39554040267e-11
4.544515526e-09	-2.77324441189e-10
4.54570893869e-09	-4.50732992596e-10
4.54690235138e-09	-5.04503640253e-10
4.54809576407e-09	-4.23022141621e-10
4.54928917676e-09	-2.31788246582e-10
4.55048258945e-09	1.53976243648e-11
4.55167600214e-09	2.46129883835e-10
4.55286941483e-09	3.93411615784e-10
4.55406282752e-09	4.1638215792e-10
4.55525624022e-09	3.07903400693e-10
4.55644965291e-09	9.97188720486e-11
4.5576430656e-09	-1.47678699131e-10
4.55883647829e-09	-3.61700506352e-10
4.56002989098e-09	-4.81314033768e-10
4.56122330367e-09	-4.7288399585e-10
4.56241671636e-09	-3.38385198334e-10
4.56361012905e-09	-1.17562720843e-10
4.56480354174e-09	1.25316229616e-10
4.56599695443e-09	3.20055620895e-10
4.56719036712e-09	4.11876071443e-10
4.56838377981e-09	3.73384451829e-10
4.5695771925e-09	2.15705403192e-10
4.57077060519e-09	-1.26273509878e-11
4.57196401788e-09	-2.47709495277e-10
4.57315743057e-09	-4.21584534643e-10
4.57435084327e-09	-4.82859762591e-10
4.57554425596e-09	-4.1428831199e-10
4.57673766865e-09	-2.37716646714e-10
4.57793108134e-09	-3.01622572405e-12
4.57912449403e-09	2.21035302908e-10
4.58031790672e-09	3.70509276038e-10
4.58151131941e-09	4.02012319267e-10
4.5827047321e-09	3.06190038601e-10
4.58389814479e-09	1.13579578902e-10
4.58509155748e-09	-1.22360812455e-10
4.58628497017e-09	-3.32315949064e-10
4.58747838286e-09	-4.55537087218e-10
4.58867179555e-09	-4.56894098944e-10
4.58986520824e-09	-3.37051057203e-10
4.59105862093e-09	-1.3021980716e-10
4.59225203363e-09	1.02847654004e-10
4.59344544632e-09	2.96038457637e-10
4.59463885901e-09	3.91705182179e-10
4.5958322717e-09	3.64813894371e-10
4.59702568439e-09	2.22535129213e-10
4.59821909708e-09	6.17678651282e-12
4.59941250977e-09	-2.2111586867e-10
4.60060592246e-09	-3.92726916959e-10
4.60179933515e-09	-4.60807249997e-10
4.60299274784e-09	-4.05269422188e-10
4.60418616053e-09	-2.42689987898e-10
4.60537957322e-09	-1.9430715717e-11
4.60657298591e-09	1.97329062812e-10
4.6077663986e-09	3.47404553042e-10
4.60895981129e-09	3.87368314508e-10
4.61015322399e-09	3.05235350884e-10
4.61134663668e-09	1.25795329015e-10
4.61254004937e-09	-9.85800876693e-11
4.61373346206e-09	-3.03271869423e-10
4.61492687475e-09	-4.29181766515e-10
4.61612028744e-09	-4.4043236766e-10
4.61731370013e-09	-3.33063597535e-10
4.61850711282e-09	-1.40305767005e-10
4.61970052551e-09	8.30261302417e-11
4.6208939382e-09	2.72569956189e-10
4.62208735089e-09	3.72921773323e-10
4.62328076358e-09	3.55786733408e-10
4.62447417627e-09	2.26864601757e-10
4.62566758896e-09	2.39073539611e-11
4.62686100165e-09	-1.9493417297e-10
4.62805441434e-09	-3.65902030897e-10
4.62924782704e-09	-4.38509558526e-10
4.63044123973e-09	-3.9437754451e-10
4.63163465242e-09	-2.45756994616e-10
4.63282806511e-09	-3.47570392606e-11
4.6340214778e-09	1.75719341855e-10
4.63521489049e-09	3.25545458646e-10
4.63640830318e-09	3.72240335778e-10
4.63760171587e-09	3.02183778e-10
4.63879512856e-09	1.36722142288e-10
4.63998854125e-09	-7.78853448749e-11
4.64118195394e-09	-2.77311569541e-10
4.64237536663e-09	-4.04711111845e-10
4.64356877932e-09	-4.24254371217e-10
4.64476219201e-09	-3.29887093337e-10
4.6459556047e-09	-1.49836844321e-10
4.6471490174e-09	6.4451840566e-11
4.64834243009e-09	2.49913926359e-10
4.64953584278e-09	3.53651701673e-10
4.65072925547e-09	3.46570480647e-10
4.65192266816e-09	2.30478146984e-10
4.65311608085e-09	3.97263545844e-11
4.65430949354e-09	-1.71018081641e-10
4.65550290623e-09	-3.39363006446e-10
4.65669631892e-09	-4.18428878352e-10
4.65788973161e-09	-3.84917802493e-10
4.6590831443e-09	-2.48393597357e-10
4.66027655699e-09	-4.97754832143e-11
4.66146996968e-09	1.5375218286e-10
4.66266338237e-09	3.03789216005e-10
4.66385679506e-09	3.57203724932e-10
4.66505020776e-09	2.98459857523e-10
4.66624362045e-09	1.4517037572e-10
4.66743703314e-09	-5.73356184579e-11
4.66863044583e-09	-2.51175240329e-10
4.66982385852e-09	-3.80214488366e-10
4.67101727121e-09	-4.07307614719e-10
4.6722106839e-09	-3.24948557645e-10
4.67340409659e-09	-1.57749717802e-10
4.67459750928e-09	4.67454209022e-11
4.67579092197e-09	2.28194966395e-10
4.67698433466e-09	3.34662391549e-10
4.67817774735e-09	3.36552296448e-10
4.67937116004e-09	2.3280610946e-10
4.68056457273e-09	5.4148468695e-11
4.68175798542e-09	-1.48042572992e-10
4.68295139811e-09	-3.14055760564e-10
4.68414481081e-09	-3.97011680475e-10
4.6853382235e-09	-3.73451092966e-10
4.68653163619e-09	-2.49969978744e-10
4.68772504888e-09	-6.25270790006e-11
4.68891846157e-09	1.34309452449e-10
4.69011187426e-09	2.82927938022e-10
4.69130528695e-09	3.42202283871e-10
4.69249869964e-09	2.93794460982e-10
4.69369211233e-09	1.53791916702e-10
4.69488552502e-09	-3.86953472736e-11
4.69607893771e-09	-2.26529345629e-10
4.6972723504e-09	-3.56004770802e-10
4.69846576309e-09	-3.90493901103e-10
4.69965917578e-09	-3.19427571199e-10
4.70085258847e-09	-1.64165374003e-10
4.70204600117e-09	3.04770371266e-11
4.70323941386e-09	2.07588292042e-10
4.70443282655e-09	3.16844498555e-10
4.70562623924e-09	3.26231392594e-10
4.70681965193e-09	2.33731086569e-10
4.70801306462e-09	6.6771999388e-11
4.70920647731e-09	-1.25996824085e-10
4.71039989e-09	-2.89443472662e-10
4.71159330269e-09	-3.76190557871e-10
4.71278671538e-09	-3.61155973183e-10
4.71398012807e-09	-2.49161221169e-10
4.71517354076e-09	-7.35991215889e-11
4.71636695345e-09	1.15513808588e-10
4.71756036614e-09	2.63321295324e-10
4.71875377883e-09	3.27170200654e-10
4.71994719153e-09	2.88851116637e-10
4.72114060422e-09	1.60411173927e-10
4.72233401691e-09	-2.11067411379e-11
4.7235274296e-09	-2.03486415218e-10
4.72472084229e-09	-3.33175560058e-10
4.72591425498e-09	-3.73394783842e-10
4.72710766767e-09	-3.12145326947e-10
4.72830108036e-09	-1.69616683546e-10
4.72949449305e-09	1.58200531668e-11
4.73068790574e-09	1.88666256229e-10
4.73188131843e-09	2.98548182703e-10
4.73307473112e-09	3.15460910866e-10
4.73426814381e-09	2.3410785116e-10
4.7354615565e-09	7.88626108861e-11
4.73665496919e-09	-1.06192515718e-10
4.73784838188e-09	-2.65952634915e-10
4.73904179458e-09	-3.55911515537e-10
4.74023520727e-09	-3.49541021127e-10
4.74142861996e-09	-2.48857483232e-10
4.74262203265e-09	-8.37760364553e-11
4.74381544534e-09	9.84479017405e-11
4.74500885803e-09	2.44107879743e-10
4.74620227072e-09	3.12688146209e-10
4.74739568341e-09	2.83541870538e-10
4.7485890961e-09	1.6565882173e-10
4.74978250879e-09	-5.854938279e-12
4.75097592148e-09	-1.81741729305e-10
4.75216933417e-09	-3.11030146083e-10
4.75336274686e-09	-3.57233992387e-10
4.75455615955e-09	-3.05993806682e-10
4.75574957224e-09	-1.73677995596e-10
4.75694298494e-09	1.69759540626e-12
4.75813639763e-09	1.69165587788e-10
4.75932981032e-09	2.80921175211e-10
4.76052322301e-09	3.04640805637e-10
4.7617166357e-09	2.33828382004e-10
4.76291004839e-09	8.91733362499e-11
4.76410346108e-09	-8.6806054532e-11
4.76529687377e-09	-2.43744158537e-10
4.76649028646e-09	-3.36363086689e-10
4.76768369915e-09	-3.37028731312e-10
4.76887711184e-09	-2.47236489961e-10
4.77007052453e-09	-9.29156343879e-11
4.77126393722e-09	8.16439520157e-11
4.77245734991e-09	2.25807714541e-10
4.7736507626e-09	2.97731062027e-10
4.77484417529e-09	2.77000027082e-10
4.77603758799e-09	1.71228376963e-10
4.77723100068e-09	9.59993781517e-12
4.77842441337e-09	-1.61003696486e-10
4.77961782606e-09	-2.89102814605e-10
4.78081123875e-09	-3.39553198059e-10
4.78200465144e-09	-2.98823840672e-10
4.78319806413e-09	-1.76810319857e-10
4.78439147682e-09	-1.09539298205e-11
4.78558488951e-09	1.51879547133e-10
4.7867783022e-09	2.63056697952e-10
4.78797171489e-09	2.93215705188e-10
4.78916512758e-09	2.3240474302e-10
4.79035854027e-09	9.77128300148e-11
4.79155195296e-09	-6.93138662786e-11
4.79274536565e-09	-2.22242450137e-10
4.79393877835e-09	-3.16705380671e-10
4.79513219104e-09	-3.24755156794e-10
4.79632560373e-09	-2.44796426185e-10
4.79751901642e-09	-1.00310711126e-10
4.79871242911e-09	6.64861768071e-11
4.7999058418e-09	2.08000493565e-10
4.80109925449e-09	2.83251855998e-10
4.80229266718e-09	2.70129311281e-10
4.80348607987e-09	1.74303699946e-10
4.80467949256e-09	2.2282836817e-11
4.80587290525e-09	-1.40706236593e-10
4.80706631794e-09	-2.68846601231e-10
4.80825973063e-09	-3.23840013833e-10
4.80945314332e-09	-2.91305170957e-10
4.81064655601e-09	-1.79552999205e-10
4.81183996871e-09	-2.29802563697e-11
4.8130333814e-09	1.34670070234e-10
4.81422679409e-09	2.47069992937e-10
4.81542020678e-09	2.82583755007e-10
4.81661361947e-09	2.30628939557e-10
4.81780703216e-09	1.06571937039e-10
4.81900044485e-09	-5.27236774205e-11
4.82019385754e-09	-2.02420302742e-10
4.82138727023e-09	-2.97823422174e-10
4.82258068292e-09	-3.11677982034e-10
4.82377409561e-09	-2.42278946905e-10
4.8249675083e-09	-1.0740698695e-10
4.82616092099e-09	5.20426288869e-11
4.82735433368e-09	1.90625482413e-10
4.82854774637e-09	2.67954790301e-10
4.82974115906e-09	2.63183207866e-10
4.83093457176e-09	1.77384166383e-10
4.83212798445e-09	3.41147717714e-11
4.83332139714e-09	-1.22637322172e-10
4.83451480983e-09	-2.48383875967e-10
4.83570822252e-09	-3.07821948486e-10
4.83690163521e-09	-2.83159599934e-10
4.8380950479e-09	-1.81178367448e-10
4.83928846059e-09	-3.29206347512e-11
4.84048187328e-09	1.18856421233e-10
4.84167528597e-09	2.30928718856e-10
4.84286869866e-09	2.71190389589e-10
4.84406211135e-09	2.27737474712e-10
4.84525552404e-09	1.12956637967e-10
4.84644893673e-09	-3.74456537826e-11
4.84764234942e-09	-1.82804717544e-10
4.84883576212e-09	-2.79259462777e-10
4.85002917481e-09	-2.99608872434e-10
4.8512225875e-09	-2.38093052218e-10
4.85241600019e-09	-1.13739991384e-10
4.85360941288e-09	3.82724932475e-11
4.85480282557e-09	1.73583111426e-10
4.85599623826e-09	2.53921491472e-10
4.85718965095e-09	2.55335592947e-10
4.85838306364e-09	1.78309122675e-10
4.85957647633e-09	4.5505759317e-11
4.86076988902e-09	-1.05186049107e-10
4.86196330171e-09	-2.29731941803e-10
4.8631567144e-09	-2.91892558735e-10
4.86435012709e-09	-2.73557350383e-10
4.86554353978e-09	-1.81766312071e-10
4.86673695248e-09	-4.24745924196e-11
4.86793036517e-09	1.04128680505e-10
4.86912377786e-09	2.14896695924e-10
4.87031719055e-09	2.58864325808e-10
4.87151060324e-09	2.23777227651e-10
4.87270401593e-09	1.19294711262e-10
4.87389742862e-09	-2.38466390731e-11
4.87509084131e-09	-1.64552701326e-10
4.876284254e-09	-2.6070923892e-10
4.87747766669e-09	-2.86921476161e-10
4.87867107938e-09	-2.34837593815e-10
4.87986449207e-09	-1.1863323518e-10
4.88105790476e-09	2.61746960911e-11
4.88225131745e-09	1.58600705485e-10
4.88344473014e-09	2.39583788572e-10
4.88463814283e-09	2.47382204999e-10
4.88583155553e-09	1.79121972463e-10
4.88702496822e-09	5.42880805414e-11
4.88821838091e-09	-8.8993281494e-11
4.8894117936e-09	-2.11132460473e-10
4.89060520629e-09	-2.75730702159e-10
4.89179861898e-09	-2.64895317487e-10
4.89299203167e-09	-1.81871099778e-10
4.89418544436e-09	-5.10000605115e-11
4.89537885705e-09	8.97228359317e-11
4.89657226974e-09	2.00334493786e-10
4.89776568243e-09	2.48312374135e-10
4.89895909512e-09	2.20202854215e-10
4.90015250781e-09	1.24462301576e-10
4.9013459205e-09	-1.07668433631e-11
4.90253933319e-09	-1.47032995154e-10
4.90373274589e-09	-2.4385414521e-10
4.90492615858e-09	-2.73750529189e-10
4.90611957127e-09	-2.28318256662e-10
4.90731298396e-09	-1.22316982931e-10
4.90850639665e-09	1.53585661983e-11
4.90969980934e-09	1.44069376221e-10
4.91089322203e-09	2.26493450731e-10
4.91208663472e-09	2.39320117543e-10
4.91328004741e-09	1.79341992645e-10
4.9144734601e-09	6.38938823724e-11
4.91566687279e-09	-7.37927106573e-11
4.91686028548e-09	-1.93771056492e-10
4.91805369817e-09	-2.59977466638e-10
4.91924711086e-09	-2.55867150384e-10
4.92044052355e-09	-1.81888715894e-10
4.92163393625e-09	-5.87918242735e-11
4.92282734894e-09	7.66924648787e-11
4.92402076163e-09	1.85634660421e-10
4.92521417432e-09	2.36629261324e-10
4.92640758701e-09	2.15625127128e-10
4.9276009997e-09	1.27843994072e-10
4.92879441239e-09	4.18738394653e-13
4.92998782508e-09	-1.30787939506e-10
4.93118123777e-09	-2.26997863215e-10
4.93237465046e-09	-2.61457407807e-10
4.93356806315e-09	-2.23810168315e-10
4.93476147584e-09	-1.25056023696e-10
4.93595488853e-09	4.64498914592e-12
4.93714830122e-09	1.29722309283e-10
4.93834171391e-09	2.13178225072e-10
4.9395351266e-09	2.31554048505e-10
4.9407285393e-09	1.78924293784e-10
4.94192195199e-09	7.09901339102e-11
4.94311536468e-09	-5.95835633437e-11
4.94430877737e-09	-1.76908076729e-10
4.94550219006e-09	-2.4627821657e-10
4.94669560275e-09	-2.46218660044e-10
4.94788901544e-09	-1.79925239638e-10
4.94908242813e-09	-6.60404751718e-11
4.95027584082e-09	6.34619527068e-11
4.95146925351e-09	1.71264332577e-10
4.9526626662e-09	2.25064236345e-10
4.95385607889e-09	2.10196741957e-10
4.95504949158e-09	1.31393567901e-10
4.95624290427e-09	1.17635747063e-11
4.95743631696e-09	-1.14742704053e-10
4.95862972966e-09	-2.11179221679e-10
4.95982314235e-09	-2.48578779088e-10
4.96101655504e-09	-2.18324084506e-10
4.96220996773e-09	-1.28676451439e-10
4.96340338042e-09	-5.2489729143e-12
4.96459679311e-09	1.16135557768e-10
4.9657902058e-09	1.99543093854e-10
4.96698361849e-09	2.21725139984e-10
4.96817703118e-09	1.76987185324e-10
4.96937044387e-09	7.76252759987e-11
4.97056385656e-09	-4.72949622174e-11
4.97175726925e-09	-1.60959464507e-10
4.97295068194e-09	-2.30921178013e-10
4.97414409463e-09	-2.37543439779e-10
4.97533750732e-09	-1.79097481637e-10
4.97653092001e-09	-7.17456918528e-11
4.97772433271e-09	5.22880194004e-11
4.9789177454e-09	1.57383316449e-10
4.98011115809e-09	2.13638840993e-10
4.98130457078e-09	2.05241988335e-10
4.98249798347e-09	1.33683156558e-10
4.98369139616e-09	2.09424955676e-11
4.98488480885e-09	-1.00440231653e-10
4.98607822154e-09	-1.9572398563e-10
4.98727163423e-09	-2.37183963442e-10
4.98846504692e-09	-2.12543427303e-10
4.98965845961e-09	-1.29922676784e-10
4.9908518723e-09	-1.38572328525e-11
4.99204528499e-09	1.03073791689e-10
4.99323869768e-09	1.87108051275e-10
4.99443211037e-09	2.13789312642e-10
4.99562552307e-09	1.75125655297e-10
4.99681893576e-09	8.40367792715e-11
4.99801234845e-09	-3.43296502336e-11
4.99920576114e-09	-1.46076865881e-10
5.00039917383e-09	-2.17253718487e-10
5.00159258652e-09	-2.28129095475e-10
5.00278599921e-09	-1.76413090733e-10
5.0039794119e-09	-7.70627043081e-11
5.00517282459e-09	4.15836141562e-11
5.00636623728e-09	1.44588986617e-10
5.00755964997e-09	2.0261020986e-10
5.00875306266e-09	1.98881413074e-10
5.00994647535e-09	1.35454777603e-10
5.01113988804e-09	2.97956858838e-11
5.01233330073e-09	-8.68267549872e-11
5.01352671343e-09	-1.80907766198e-10
5.01472012612e-09	-2.24321072134e-10
5.01591353881e-09	-2.06585634016e-10
5.0171069515e-09	-1.31653013144e-10
5.01830036419e-09	-2.18743456508e-11
5.01949377688e-09	9.15403057175e-11
5.02068718957e-09	1.74501258929e-10
5.02188060226e-09	2.04624839642e-10
5.02307401495e-09	1.73081450214e-10
5.02426742764e-09	8.84311773114e-11
5.02546084033e-09	-2.42441661365e-11
5.02665425302e-09	-1.31023143723e-10
5.02784766571e-09	-2.03377363561e-10
5.0290410784e-09	-2.19004439583e-10
5.03023449109e-09	-1.73679331333e-10
5.03142790378e-09	-8.15735656107e-11
5.03262131648e-09	3.1102424889e-11
5.03381472917e-09	1.3159394581e-10
5.03500814186e-09	1.91593180557e-10
5.03620155455e-09	1.92591645756e-10
5.03739496724e-09	1.36146434404e-10
5.03858837993e-09	3.79371902816e-11
5.03978179262e-09	-7.37985046337e-11
5.04097520531e-09	-1.66737424215e-10
5.042168618e-09	-2.13207057911e-10
5.04336203069e-09	-2.0008773978e-10
5.04455544338e-09	-1.32196883648e-10
5.04574885607e-09	-2.8897310109e-11
5.04694226876e-09	8.0101469728e-11
5.04813568145e-09	1.62860672864e-10
5.04932909414e-09	1.95683186668e-10
5.05052250684e-09	1.69863111424e-10
5.05171591953e-09	9.26925576225e-11
5.05290933222e-09	-1.36560587057e-11
5.05410274491e-09	-1.18069623523e-10
5.0552961576e-09	-1.90462022889e-10
5.05648957029e-09	-2.0977176593e-10
5.05768298298e-09	-1.70952738077e-10
5.05887639567e-09	-8.5806074919e-11
5.06006980836e-09	2.15509129639e-11
5.06126322105e-09	1.1966442507e-10
5.06245663374e-09	1.80414919115e-10
5.06365004643e-09	1.86576844252e-10
5.06484345912e-09	1.36751948307e-10
5.06603687181e-09	4.39793952124e-11
5.0672302845e-09	-6.28912269485e-11
5.0684236972e-09	-1.53363431329e-10
5.06961710989e-09	-2.01344361322e-10
5.07081052258e-09	-1.93879492322e-10
5.07200393527e-09	-1.33096650021e-10
5.07319734796e-09	-3.56219194766e-11
5.07439076065e-09	6.8587096072e-11
5.07558417334e-09	1.49906287036e-10
5.07677758603e-09	1.86797813329e-10
5.07797099872e-09	1.66527652778e-10
5.07916441141e-09	9.61338239916e-11
5.0803578241e-09	-3.8994985626e-12
5.08155123679e-09	-1.04773282932e-10
5.08274464948e-09	-1.77350412134e-10
5.08393806217e-09	-2.0047850359e-10
5.08513147486e-09	-1.6710324964e-10
5.08632488755e-09	-8.89748413835e-11
5.08751830025e-09	1.30245961585e-11
5.08871171294e-09	1.08383798464e-10
5.08990512563e-09	1.70423654355e-10
5.09109853832e-09	1.80371490313e-10
5.09229195101e-09	1.35984466743e-10
5.0934853637e-09	5.08566634985e-11
5.09467877639e-09	-5.10452465886e-11
5.09587218908e-09	-1.40459435749e-10
5.09706560177e-09	-1.90172247741e-10
5.09825901446e-09	-1.87002731009e-10
5.09945242715e-09	-1.32619597595e-10
5.10064583984e-09	-4.16083131491e-11
5.10183925253e-09	5.84338064047e-11
5.10303266522e-09	1.39540655072e-10
5.10422607791e-09	1.77482148769e-10
5.10541949061e-09	1.62389369313e-10
5.1066129033e-09	9.86461017038e-11
5.10780631599e-09	3.96829422621e-12
5.10899972868e-09	-9.29178643749e-11
5.11019314137e-09	-1.6483133955e-10
5.11138655406e-09	-1.91253644866e-10
5.11257996675e-09	-1.64265337443e-10
5.11377337944e-09	-9.21860417863e-11
5.11496679213e-09	4.6924478192e-12
5.11616020482e-09	9.65390328442e-11
5.11735361751e-09	1.59549595757e-10
5.1185470302e-09	1.74006618142e-10
5.11974044289e-09	1.35596285936e-10
5.12093385558e-09	5.57209092235e-11
5.12212726827e-09	-4.06486979493e-11
5.12332068097e-09	-1.27522280929e-10
5.12451409366e-09	-1.79355384711e-10
5.12570750635e-09	-1.80452545268e-10
5.12690091904e-09	-1.31348484173e-10
5.12809433173e-09	-4.67248123873e-11
5.12928774442e-09	4.88689583591e-11
5.13048115711e-09	1.27953706658e-10
5.1316745698e-09	1.69000560074e-10
5.13286798249e-09	1.58623895269e-10
5.13406139518e-09	1.00520794813e-10
5.13525480787e-09	1.22033029298e-11
5.13644822056e-09	-8.15467537246e-11
5.13764163325e-09	-1.53297201322e-10
5.13883504594e-09	-1.81929280668e-10
5.14002845863e-09	-1.59572535741e-10
5.14122187132e-09	-9.37691296138e-11
5.14241528402e-09	-2.5061842792e-12
5.14360869671e-09	8.72639946414e-11
5.1448021094e-09	1.495096668e-10
5.14599552209e-09	1.66287693684e-10
5.14718893478e-09	1.33866922755e-10
5.14838234747e-09	6.08918072215e-11
5.14957576016e-09	-3.16656609788e-11
5.15076917285e-09	-1.16188360148e-10
5.15196258554e-09	-1.68110135187e-10
5.15315599823e-09	-1.7367794182e-10
5.15434941092e-09	-1.31034745554e-10
5.15554282361e-09	-5.23558627008e-11
5.1567362363e-09	3.94303396357e-11
5.15792964899e-09	1.17161959821e-10
5.15912306168e-09	1.5953057278e-10
5.16031647438e-09	1.54384836512e-10
5.16150988707e-09	1.0158166322e-10
5.16270329976e-09	1.87940375068e-11
5.16389671245e-09	-7.1726531832e-11
5.16509012514e-09	-1.41995111849e-10
5.16628353783e-09	-1.73324901306e-10
5.16747695052e-09	-1.55697803608e-10
5.16867036321e-09	-9.53798420453e-11
5.1698637759e-09	-9.08912702047e-12
5.17105718859e-09	7.71605227629e-11
5.17225060128e-09	1.39929621709e-10
5.17344401397e-09	1.59651989545e-10
5.17463742666e-09	1.3190240046e-10
5.17583083935e-09	6.44278632181e-11
5.17702425204e-09	-2.25840949674e-11
5.17821766474e-09	-1.05384424277e-10
5.17941107743e-09	-1.58575676895e-10
5.18060449012e-09	-1.67185045322e-10
5.18179790281e-09	-1.29739394575e-10
5.1829913155e-09	-5.62683840494e-11
5.18418472819e-09	3.13043779267e-11
5.18537814088e-09	1.07519303356e-10
5.18657155357e-09	1.5104735171e-10
5.18776496626e-09	1.48644372852e-10
5.18895837895e-09	1.02720387751e-10
5.19015179164e-09	2.46276725142e-11
5.19134520433e-09	-6.16318220417e-11
5.19253861702e-09	-1.31771588432e-10
5.19373202971e-09	-1.64414438661e-10
5.1949254424e-09	-1.51357011993e-10
5.19611885509e-09	-9.7281060811e-11
5.19731226779e-09	-1.60132582108e-11
5.19850568048e-09	6.74180242882e-11
5.19969909317e-09	1.29035821958e-10
5.20089250586e-09	1.52231541609e-10
5.20208591855e-09	1.29799422946e-10
5.20327933124e-09	6.77145700623e-11
5.20447274393e-09	-1.51924907116e-11
5.20566615662e-09	-9.50570152106e-11
5.20685956931e-09	-1.48135993056e-10
5.208052982e-09	-1.60707893174e-10
5.20924639469e-09	-1.27889546175e-10
5.21043980738e-09	-5.98716722901e-11
5.21163322007e-09	2.30099283811e-11
5.21282663276e-09	9.78411917457e-11
5.21402004545e-09	1.42093626795e-10
5.21521345815e-09	1.44082124703e-10
5.21640687084e-09	1.02788489525e-10
5.21760028353e-09	2.98891811908e-11
5.21879369622e-09	-5.20540377295e-11
5.21998710891e-09	-1.20653785574e-10
5.2211805216e-09	-1.55833755622e-10
5.22237393429e-09	-1.46533028766e-10
5.22356734698e-09	-9.69602167653e-11
5.22476075967e-09	-2.09306424189e-11
5.22595417236e-09	5.8587319024e-11
5.22714758505e-09	1.20565083958e-10
5.22834099774e-09	1.45736270274e-10
5.22953441043e-09	1.2695379123e-10
5.23072782312e-09	7.06870872599e-11
5.23192123581e-09	-7.600519335e-12
5.2331146485e-09	-8.50104596092e-11
5.2343080612e-09	-1.38758435297e-10
5.23550147389e-09	-1.53668525821e-10
5.23669488658e-09	-1.25378075977e-10
5.23788829927e-09	-6.2985608916e-11
5.23908171196e-09	1.65364655563e-11
5.24027512465e-09	8.93019894144e-11
5.24146853734e-09	1.33784979622e-10
5.24266195003e-09	1.38618925366e-10
5.24385536272e-09	1.0264494029e-10
5.24504877541e-09	3.48474153179e-11
5.2462421881e-09	-4.4002823954e-11
5.24743560079e-09	-1.11183247505e-10
5.24862901348e-09	-1.4726077302e-10
5.24982242617e-09	-1.42887701671e-10
5.25101583886e-09	-9.8686190296e-11
5.25220925156e-09	-2.66452970799e-11
5.25340266425e-09	5.01367714706e-11
5.25459607694e-09	1.10485193043e-10
5.25578948963e-09	1.38041873071e-10
5.25698290232e-09	1.24065736851e-10
5.25817631501e-09	7.1697470877e-11
5.2593697277e-09	-1.84068136167e-12
5.26056314039e-09	-7.58830125472e-11
5.26175655308e-09	-1.29670637075e-10
5.26294996577e-09	-1.47479854717e-10
5.26414337846e-09	-1.23039380767e-10
5.26533679115e-09	-6.58569275502e-11
5.26653020384e-09	8.93211242817e-12
5.26772361653e-09	7.9322803534e-11
5.26891702922e-09	1.25279809096e-10
5.27011044192e-09	1.34106543578e-10
5.27130385461e-09	1.01683554805e-10
5.2724972673e-09	3.90519834352e-11
5.27369067999e-09	-3.60538985819e-11
5.27488409268e-09	-1.02091288548e-10
5.27607750537e-09	-1.39271528338e-10
5.27727091806e-09	-1.37933820615e-10
5.27846433075e-09	-9.81666449518e-11
5.27965774344e-09	-3.20456443499e-11
5.28085115613e-09	4.24777045135e-11
5.28204456882e-09	1.02306621508e-10
5.28323798151e-09	1.30817915528e-10
5.2844313942e-09	1.20476685052e-10
5.28562480689e-09	7.41479586064e-11
5.28681821958e-09	4.6556657184e-12
5.28801163227e-09	-6.74227349298e-11
5.28920504497e-09	-1.20296345801e-10
5.29039845766e-09	-1.40326581952e-10
5.29159187035e-09	-1.20792729118e-10
5.29278528304e-09	-6.87105641481e-11
5.29397869573e-09	2.57585738763e-12
5.29517210842e-09	7.03413143704e-11
5.29636552111e-09	1.16863843255e-10
5.2975589338e-09	1.28309911307e-10
5.29875234649e-09	1.00688687422e-10
5.29994575918e-09	4.23113870329e-11
5.30113917187e-09	-2.91034054495e-11
5.30233258456e-09	-9.29312850631e-11
5.30352599725e-09	-1.31293285272e-10
5.30471940994e-09	-1.33641969019e-10
5.30591282263e-09	-9.77756218004e-11
5.30710623533e-09	-3.57029687932e-11
5.30829964802e-09	3.43763771789e-11
5.30949306071e-09	9.34861016724e-11
5.3106864734e-09	1.23911767999e-10
5.31187988609e-09	1.17066980242e-10
5.31307329878e-09	7.45900112509e-11
5.31426671147e-09	9.48478741294e-12
5.31546012416e-09	-5.93205849025e-11
5.31665353685e-09	-1.12685004557e-10
5.31784694954e-09	-1.34203577071e-10
5.31904036223e-09	-1.1819082605e-10
5.32023377492e-09	-7.02668088645e-11
5.32142718761e-09	-3.13239430054e-12
5.3226206003e-09	6.31207438748e-11
5.32381401299e-09	1.09554853904e-10
5.32500742569e-09	1.22313560322e-10
5.32620083838e-09	9.91370908976e-11
5.32739425107e-09	4.60319291365e-11
5.32858766376e-09	-2.20304273955e-11
5.32978107645e-09	-8.47297440543e-11
5.33097448914e-09	-1.23244321866e-10
5.33216790183e-09	-1.28091343088e-10
5.33336131452e-09	-9.70125264843e-11
5.33455472721e-09	-3.97820361722e-11
5.3357481399e-09	2.78699656669e-11
5.33694155259e-09	8.55728951241e-11
5.33813496528e-09	1.16533258737e-10
5.33932837797e-09	1.13616813006e-10
5.34052179066e-09	7.56347328518e-11
5.34171520335e-09	1.46028623221e-11
5.34290861604e-09	-5.16165842707e-11
5.34410202874e-09	-1.0365838049e-10
5.34529544143e-09	-1.27778253256e-10
5.34648885412e-09	-1.15692876286e-10
5.34768226681e-09	-7.12667347011e-11
5.3488756795e-09	-8.13690391108e-12
5.35006909219e-09	5.48415705209e-11
5.35126250488e-09	1.01555397772e-10
5.35245591757e-09	1.16860451004e-10
5.35364933026e-09	9.7061039761e-11
5.35484274295e-09	4.79051455622e-11
5.35603615564e-09	-1.58016098036e-11
5.35722956833e-09	-7.63337882487e-11
5.35842298102e-09	-1.16759150959e-10
5.35961639371e-09	-1.23609387483e-10
5.3608098064e-09	-9.61930630636e-11
5.3620032191e-09	-4.3152053545e-11
5.36319663179e-09	2.08326049553e-11
5.36439004448e-09	7.69904938414e-11
5.36558345717e-09	1.10159415444e-10
5.36677686986e-09	1.09017891936e-10
5.36797028255e-09	7.52895410946e-11
5.36916369524e-09	1.908448421e-11
5.37035710793e-09	-4.46145867646e-11
5.37155052062e-09	-9.63596875903e-11
5.37274393331e-09	-1.20943671744e-10
5.373937346e-09	-1.1222811569e-10
5.37513075869e-09	-7.26961867439e-11
5.37632417138e-09	-1.33113476838e-11
5.37751758407e-09	4.76853274749e-11
5.37871099676e-09	9.4037883383e-11
5.37990440946e-09	1.11259300384e-10
5.38109782215e-09	9.55616974441e-11
5.38229123484e-09	4.99128594358e-11
5.38348464753e-09	-1.07106996883e-11
5.38467806022e-09	-6.92193750235e-11
5.38587147291e-09	-1.09518904362e-10
5.3870648856e-09	-1.18848470128e-10
5.38825829829e-09	-9.55761528948e-11
5.38945171098e-09	-4.57796018975e-11
5.39064512367e-09	1.48929894025e-11
5.39183853636e-09	6.93580375424e-11
5.39303194905e-09	1.02618269784e-10
5.39422536174e-09	1.04701866968e-10
5.39541877443e-09	7.52952466002e-11
5.39661218712e-09	2.18641066623e-11
5.39780559981e-09	-3.79907958391e-11
5.39899901251e-09	-8.87778895536e-11
5.4001924252e-09	-1.1506975494e-10
5.40138583789e-09	-1.09418145551e-10
5.40257925058e-09	-7.29471812816e-11
5.40377266327e-09	-1.78105405858e-11
5.40496607596e-09	4.07273195203e-11
5.40615948865e-09	8.66654404491e-11
5.40735290134e-09	1.05645823686e-10
5.40854631403e-09	9.20466801738e-11
5.40973972672e-09	5.10287237812e-11
5.41093313941e-09	-5.26795702329e-12
5.4121265521e-09	-6.20760014572e-11
5.41331996479e-09	-1.02517707865e-10
5.41451337748e-09	-1.13729190128e-10
5.41570679017e-09	-9.3858604916e-11
5.41690020287e-09	-4.86175171302e-11
5.41809361556e-09	8.93315987589e-12
5.41928702825e-09	6.27125504304e-11
5.42048044094e-09	9.643895231e-11
5.42167385363e-09	1.00545822536e-10
5.42286726632e-09	7.45426741167e-11
5.42406067901e-09	2.55317936931e-11
5.4252540917e-09	-3.26508863349e-11
5.42644750439e-09	-8.20854833758e-11
5.42764091708e-09	-1.08934362399e-10
5.42883432977e-09	-1.06485489697e-10
5.43002774246e-09	-7.38764622393e-11
5.43122115515e-09	-2.22214859361e-11
5.43241456784e-09	3.45407079674e-11
5.43360798053e-09	7.9217151068e-11
5.43480139322e-09	9.94241061009e-11
5.43599480592e-09	9.05026964829e-11
5.43718821861e-09	5.27890821334e-11
5.4383816313e-09	-1.32135220734e-12
5.43957504399e-09	-5.55504539937e-11
5.44076845668e-09	-9.55189365104e-11
5.44196186937e-09	-1.08981400293e-10
5.44315528206e-09	-9.28122865021e-11
5.44434869475e-09	-5.05213175982e-11
5.44554210744e-09	3.74857881281e-12
5.44673552013e-09	5.50946024913e-11
5.44792893282e-09	8.9944382671e-11
5.44912234551e-09	9.64807088388e-11
5.4503157582e-09	7.36383653707e-11
5.45150917089e-09	2.78467492121e-11
5.45270258358e-09	-2.57638634819e-11
5.45389599628e-09	-7.45914432651e-11
5.45508940897e-09	-1.0361665085e-10
5.45628282166e-09	-1.02635747991e-10
5.45747623435e-09	-7.3588060992e-11
5.45866964704e-09	-2.63652177347e-11
5.45986305973e-09	2.78024313641e-11
5.46105647242e-09	7.19411431468e-11
5.46224988511e-09	9.43043629298e-11
5.4634432978e-09	8.70562641073e-11
5.46463671049e-09	5.35389389072e-11
5.46583012318e-09	3.35080552714e-12
5.46702353587e-09	-4.96084822527e-11
5.46821694856e-09	-8.94595456741e-11
5.46941036125e-09	-1.04213294244e-10
5.47060377394e-09	-9.10010131486e-11
5.47179718664e-09	-5.27265878528e-11
5.47299059933e-09	-1.09378933862e-12
5.47418401202e-09	4.91165458999e-11
5.47537742471e-09	8.31608219787e-11
5.4765708374e-09	9.15636160642e-11
5.47776425009e-09	7.24643582986e-11
5.47895766278e-09	3.02710742757e-11
5.48015107547e-09	-2.12913864057e-11
5.48134448816e-09	-6.86211330814e-11
5.48253790085e-09	-9.71245289055e-11
5.48373131354e-09	-9.94524584214e-11
5.48492472623e-09	-7.42889335117e-11
5.48611813892e-09	-2.90461491664e-11
5.48731155161e-09	2.23877641686e-11
5.4885049643e-09	6.56591144302e-11
5.48969837699e-09	8.84009402138e-11
5.49089178969e-09	8.39562525404e-11
5.49208520238e-09	5.31786489844e-11
5.49327861507e-09	6.22954791051e-12
5.49447202776e-09	-4.35155193129e-11
5.49566544045e-09	-8.31442605737e-11
5.49685885314e-09	-9.99905071936e-11
5.49805226583e-09	-8.88581925054e-11
5.49924567852e-09	-5.41693421889e-11
5.50043909121e-09	-6.05844459886e-12
5.5016325039e-09	4.27256264222e-11
5.50282591659e-09	7.75222004645e-11
5.50401932928e-09	8.73803286672e-11
5.50521274197e-09	7.06985858745e-11
5.50640615466e-09	3.25496461381e-11
5.50759956735e-09	-1.67309334789e-11
5.50879298005e-09	-6.2941971947e-11
5.50998639274e-09	-9.19544822231e-11
5.51117980543e-09	-9.56443474767e-11
5.51237321812e-09	-7.35307049624e-11
5.51356663081e-09	-3.20901855436e-11
5.5147600435e-09	1.71231522884e-11
5.51595345619e-09	5.98780044644e-11
5.51714686888e-09	8.27302696835e-11
5.51834028157e-09	8.07594676897e-11
5.51953369426e-09	5.38355536366e-11
5.52072710695e-09	9.36827102439e-12
5.52192051964e-09	-3.90284111453e-11
5.52311393233e-09	-7.7206768756e-11
5.52430734502e-09	-9.52645028834e-11
5.52550075771e-09	-8.73648141678e-11
5.52669417041e-09	-5.58584910097e-11
5.5278875831e-09	-9.45192546193e-12
5.52908099579e-09	3.64569750257e-11
5.53027440848e-09	7.04877319707e-11
5.53146782117e-09	8.23488447571e-11
5.53266123386e-09	6.92989467893e-11
5.53385464655e-09	3.33944460626e-11
5.53504805924e-09	-1.24991322631e-11
5.53624147193e-09	-5.71697988429e-11
5.53743488462e-09	-8.61769102259e-11
5.53862829731e-09	-9.29576493905e-11
5.53982171e-09	-7.2964386269e-11
5.54101512269e-09	-3.43727520405e-11
5.54220853538e-09	1.20115866038e-11
5.54340194807e-09	5.37812116889e-11
5.54459536076e-09	7.7931324588e-11
5.54578877346e-09	7.79852892333e-11
5.54698218615e-09	5.33827144815e-11
5.54817559884e-09	1.25780196805e-11
5.54936901153e-09	-3.33833147757e-11
5.55056242422e-09	-7.17045320689e-11
5.55175583691e-09	-9.06057850275e-11
5.5529492496e-09	-8.42165746862e-11
5.55414266229e-09	-5.61397751203e-11
5.55533607498e-09	-1.33474891296e-11
5.55652948767e-09	3.20235036405e-11
5.55772290036e-09	6.56823293671e-11
5.55891631305e-09	7.91004900469e-11
5.56010972574e-09	6.74991876629e-11
5.56130313843e-09	3.54048136295e-11
5.56249655112e-09	-8.56572462699e-12
5.56368996382e-09	-5.19369230782e-11
5.56488337651e-09	-8.09051983394e-11
5.5660767892e-09	-8.86749606036e-11
5.56727020189e-09	-7.26593290742e-11
5.56846361458e-09	-3.70695930549e-11
5.56965702727e-09	7.34318020886e-12
5.57085043996e-09	4.76431676229e-11
5.57204385265e-09	7.14400977611e-11
5.57323726534e-09	7.40814128791e-11
5.57443067803e-09	5.28601632951e-11
5.57562409072e-09	1.45975703313e-11
5.57681750341e-09	-2.90159148878e-11
5.5780109161e-09	-6.60667683755e-11
5.57920432879e-09	-8.62288946843e-11
5.58039774148e-09	-8.28457007856e-11
5.58159115418e-09	-5.68441604551e-11
5.58278456687e-09	-1.67712937722e-11
5.58397797956e-09	2.58973810278e-11
5.58517139225e-09	5.97165650262e-11
5.58636480494e-09	7.47556799449e-11
5.58755821763e-09	6.51899012202e-11
5.58875163032e-09	3.59370194193e-11
5.58994504301e-09	-4.67217752117e-12
5.5911384557e-09	-4.64695894611e-11
5.59233186839e-09	-7.6624927757e-11
5.59352528108e-09	-8.53250612526e-11
5.59471869377e-09	-7.14812783617e-11
5.59591210646e-09	-3.87570314384e-11
5.59710551915e-09	2.99196149627e-12
5.59829893184e-09	4.23086266542e-11
5.59949234453e-09	6.73972223517e-11
5.60068575723e-09	7.10718584679e-11
5.60187916992e-09	5.21392646939e-11
5.60307258261e-09	1.7081569232e-11
5.6042659953e-09	-2.52378415475e-11
5.60545940799e-09	-6.20000474572e-11
5.60665282068e-09	-8.16498804332e-11
5.60784623337e-09	-8.03611760469e-11
5.60903964606e-09	-5.75380134163e-11
5.61023305875e-09	-1.97044333974e-11
5.61142647144e-09	2.1343171154e-11
5.61261988413e-09	5.4013683283e-11
5.61381329682e-09	6.95657264432e-11
5.61500670951e-09	6.32593144534e-11
5.6162001222e-09	3.67709560717e-11
5.61739353489e-09	-2.62771862646e-12
5.61858694759e-09	-4.23018521253e-11
5.61978036028e-09	-7.12203022252e-11
5.62097377297e-09	-8.23054879459e-11
5.62216718566e-09	-7.08119448495e-11
5.62336059835e-09	-4.12257996837e-11
5.62455401104e-09	-8.69855457195e-13
5.62574742373e-09	3.6668089138e-11
5.62694083642e-09	6.18818008988e-11
5.62813424911e-09	6.7846446343e-11
5.6293276618e-09	5.1538220306e-11
5.63052107449e-09	1.89474462595e-11
5.63171448718e-09	-2.03478362631e-11
5.63290789987e-09	-5.64044293043e-11
5.63410131256e-09	-7.78266019338e-11
5.63529472525e-09	-7.84365072892e-11
5.63648813795e-09	-5.74690898168e-11
5.63768155064e-09	-2.31194438594e-11
5.63887496333e-09	1.59140925264e-11
5.64006837602e-09	4.87171678866e-11
5.64126178871e-09	6.53701502651e-11
5.6424552014e-09	6.06306294233e-11
5.64364861409e-09	3.69327849553e-11
5.64484202678e-09	1.18911331519e-12
5.64603543947e-09	-3.72192827773e-11
5.64722885216e-09	-6.72144874481e-11
5.64842226485e-09	-7.84199736398e-11
5.64961567754e-09	-6.92336630734e-11
5.65080909023e-09	-4.24644273737e-11
5.65200250292e-09	-4.93551765212e-12
5.65319591561e-09	3.23752908163e-11
5.6543893283e-09	5.69757717568e-11
5.655582741e-09	6.38971011518e-11
5.65677615369e-09	5.05845569425e-11
5.65796956638e-09	2.06386904095e-11
5.65916297907e-09	-1.70841173239e-11
5.66035639176e-09	-5.13149340728e-11
5.66154980445e-09	-7.28963469449e-11
5.66274321714e-09	-7.54658176227e-11
5.66393662983e-09	-5.79468786323e-11
5.66513004252e-09	-2.56034997891e-11
5.66632345521e-09	1.20315450311e-11
5.6675168679e-09	4.34037319974e-11
5.66871028059e-09	6.11733701888e-11
5.66990369328e-09	5.85301434056e-11
5.67109710597e-09	3.70615699588e-11
5.67229051866e-09	2.93279755949e-12
5.67348393136e-09	-3.33492409035e-11
5.67467734405e-09	-6.21413172655e-11
5.67587075674e-09	-7.48258737956e-11
5.67706416943e-09	-6.76954872367e-11
5.67825758212e-09	-4.34400640459e-11
5.67945099481e-09	-8.21332737065e-12
5.6806444075e-09	2.68207838751e-11
5.68183782019e-09	5.23719956291e-11
5.68303123288e-09	6.08629440249e-11
5.68422464557e-09	4.90454252731e-11
5.68541805826e-09	2.16273442297e-11
5.68661147095e-09	-1.3209045511e-11
5.68780488364e-09	-4.7351705456e-11
5.68899829633e-09	-6.92491211943e-11
5.69019170902e-09	-7.24906202773e-11
5.69138512171e-09	-5.64960014535e-11
5.69257853441e-09	-2.72683132584e-11
5.6937719471e-09	8.32108806772e-12
5.69496535979e-09	3.94129199763e-11
5.69615877248e-09	5.70120530646e-11
5.69735218517e-09	5.54516107511e-11
5.69854559786e-09	3.71656399233e-11
5.69973901055e-09	5.68363953991e-12
5.70093242324e-09	-2.93965459613e-11
5.70212583593e-09	-5.79375631672e-11
5.70331924862e-09	-7.12190688368e-11
5.70451266131e-09	-6.62136023094e-11
5.705706074e-09	-4.39392727931e-11
5.70689948669e-09	-1.08299645293e-11
5.70809289938e-09	2.32584385779e-11
5.70928631207e-09	4.77826975036e-11
5.71047972477e-09	5.74196731828e-11
5.71167313746e-09	4.81912474336e-11
5.71286655015e-09	2.26069479976e-11
5.71405996284e-09	-1.08784755292e-11
5.71525337553e-09	-4.32039647114e-11
5.71644678822e-09	-6.49658981125e-11
5.71764020091e-09	-7.03844612801e-11
5.7188336136e-09	-5.70116931095e-11
5.72002702629e-09	-2.93622261921e-11
5.72122043898e-09	4.25365992429e-12
5.72241385167e-09	3.44078073325e-11
5.72360726436e-09	5.33315388379e-11
5.72480067705e-09	5.40965935242e-11
5.72599408974e-09	3.68282032474e-11
5.72718750243e-09	7.68898372706e-12
5.72838091513e-09	-2.55109323423e-11
5.72957432782e-09	-5.36336552427e-11
5.73076774051e-09	-6.83034098031e-11
5.7319611532e-09	-6.49329461727e-11
5.73315456589e-09	-4.4578446403e-11
5.73434797858e-09	-1.43768853159e-11
5.73554139127e-09	1.86876625285e-11
5.73673480396e-09	4.32414663971e-11
5.73792821665e-09	5.33280481406e-11
5.73912162934e-09	4.57769234845e-11
5.74031504203e-09	2.39684899532e-11
5.74150845472e-09	-7.37949946376e-12
5.74270186741e-09	-3.92618563529e-11
5.7438952801e-09	-6.06388298949e-11
5.74508869279e-09	-6.70276438519e-11
5.74628210548e-09	-5.57871171133e-11
5.74747551818e-09	-3.08336919365e-11
5.74866893087e-09	1.23829689992e-12
5.74986234356e-09	3.06852685622e-11
5.75105575625e-09	4.86664493426e-11
5.75224916894e-09	5.0858419906e-11
5.75344258163e-09	3.6624464312e-11
5.75463599432e-09	9.06560948272e-12
5.75582940701e-09	-2.2546228556e-11
5.7570228197e-09	-4.93267818084e-11
5.75821623239e-09	-6.45589467302e-11
5.75940964508e-09	-6.28847451542e-11
5.76060305777e-09	-4.52888312789e-11
5.76179647046e-09	-1.69128693255e-11
5.76298988315e-09	1.45233764251e-11
5.76418329584e-09	3.8811445377e-11
5.76537670854e-09	5.01313018875e-11
5.76657012123e-09	4.45790535562e-11
5.76776353392e-09	2.35999702853e-11
5.76895694661e-09	-5.76802841601e-12
5.7701503593e-09	-3.55793576025e-11
5.77134377199e-09	-5.76360317979e-11
5.77253718468e-09	-6.48725812652e-11
5.77373059737e-09	-5.50928031494e-11
5.77492401006e-09	-3.1880630514e-11
5.77611742275e-09	-2.01152094113e-12
5.77731083544e-09	2.62235949101e-11
5.77850424813e-09	4.49062904917e-11
5.77969766082e-09	4.82975972584e-11
5.78089107351e-09	3.52837013079e-11
5.7820844862e-09	1.0856078406e-11
5.7832778989e-09	-1.88966813117e-11
5.78447131159e-09	-4.57131971165e-11
5.78566472428e-09	-6.10988928722e-11
5.78685813697e-09	-6.07111708996e-11
5.78805154966e-09	-4.5463337088e-11
5.78924496235e-09	-1.86719522222e-11
5.79043837504e-09	1.19500550948e-11
5.79163178773e-09	3.58624080952e-11
5.79282520042e-09	4.75434362018e-11
5.79401861311e-09	4.33804650188e-11
5.7952120258e-09	2.44709751594e-11
5.79640543849e-09	-2.95361050071e-12
5.79759885118e-09	-3.20125462597e-11
5.79879226387e-09	-5.30980077615e-11
5.79998567656e-09	-6.1374077695e-11
5.80117908925e-09	-5.43681198152e-11
5.80237250195e-09	-3.32005141695e-11
5.80356591464e-09	-4.64674696291e-12
5.80475932733e-09	2.25937341752e-11
5.80595274002e-09	4.05757905574e-11
5.80714615271e-09	4.60429259823e-11
5.8083395654e-09	3.54499042968e-11
5.80953297809e-09	1.20123437022e-11
5.81072639078e-09	-1.6306251488e-11
5.81191980347e-09	-4.22687822244e-11
5.81311321616e-09	-5.7977680816e-11
5.81430662885e-09	-5.9361976272e-11
5.81550004154e-09	-4.51740650095e-11
5.81669345423e-09	-2.01670483698e-11
5.81788686692e-09	7.67808960942e-12
5.81908027961e-09	3.14477415463e-11
5.82027369231e-09	4.4270034253e-11
5.821467105e-09	4.15116968577e-11
5.82266051769e-09	2.46103981378e-11
5.82385393038e-09	-4.64340480129e-13
5.82504734307e-09	-2.76584200421e-11
5.82624075576e-09	-4.99448035013e-11
5.82743416845e-09	-5.88200226373e-11
5.82862758114e-09	-5.2768652295e-11
5.82982099383e-09	-3.37095650872e-11
5.83101440652e-09	-7.63932515337e-12
5.83220781921e-09	1.95898765959e-11
5.8334012319e-09	3.80336643256e-11
5.83459464459e-09	4.29769648688e-11
5.83578805728e-09	3.40853105289e-11
5.83698146997e-09	1.36879895439e-11
5.83817488267e-09	-1.34459900896e-11
5.83936829536e-09	-3.85570833074e-11
5.84056170805e-09	-5.48088488657e-11
5.84175512074e-09	-5.68569731227e-11
5.84294853343e-09	-4.54629654235e-11
5.84414194612e-09	-2.2062239622e-11
5.84533535881e-09	5.04633075778e-12
5.8465287715e-09	2.7612766457e-11
5.84772218419e-09	4.08739144961e-11
5.84891559688e-09	3.99213843406e-11
5.85010900957e-09	2.48322109403e-11
5.85130242226e-09	9.18378600164e-13
5.85249583495e-09	-2.56959926427e-11
5.85368924764e-09	-4.66508580897e-11
5.85488266033e-09	-5.65204966163e-11
5.85607607302e-09	-5.25921064511e-11
5.85726948572e-09	-3.44152653424e-11
5.85846289841e-09	-9.63221950118e-12
5.8596563111e-09	1.56442701675e-11
5.86084972379e-09	3.43488323722e-11
5.86204313648e-09	4.15375316608e-11
5.86323654917e-09	3.32698430437e-11
5.86442996186e-09	1.38557004412e-11
5.86562337455e-09	-1.05082615786e-11
5.86681678724e-09	-3.48630360691e-11
5.86801019993e-09	-5.18033888355e-11
5.86920361262e-09	-5.4909554334e-11
5.87039702531e-09	-4.40424593497e-11
5.871590438e-09	-2.34933624204e-11
5.87278385069e-09	1.97677087915e-12
5.87397726338e-09	2.53674743971e-11
5.87517067608e-09	3.85976454791e-11
5.87636408877e-09	3.7934973305e-11
5.87755750146e-09	2.50870674061e-11
5.87875091415e-09	3.16893766002e-12
5.87994432684e-09	-2.19339210423e-11
5.88113773953e-09	-4.3420118629e-11
5.88233115222e-09	-5.35688815355e-11
5.88352456491e-09	-5.0680110282e-11
5.8847179776e-09	-3.56756915676e-11
5.88591139029e-09	-1.19787105582e-11
5.88710480298e-09	1.28772530833e-11
5.88829821567e-09	3.11399118297e-11
5.88949162836e-09	3.88243651638e-11
5.89068504105e-09	3.32036325518e-11
5.89187845374e-09	1.53936644248e-11
5.89307186644e-09	-8.61140401608e-12
5.89426527913e-09	-3.19221871159e-11
5.89545869182e-09	-4.82234031353e-11
5.89665210451e-09	-5.24289283863e-11
5.8978455172e-09	-4.42436799003e-11
5.89903892989e-09	-2.48946564318e-11
5.90023234258e-09	-4.67321954788e-13
5.90142575527e-09	2.10095671329e-11
5.90261916796e-09	3.51315868757e-11
5.90381258065e-09	3.6627121041e-11
5.90500599334e-09	2.54477511112e-11
5.90619940603e-09	4.64060192183e-12
5.90739281872e-09	-1.85949207421e-11
5.90858623141e-09	-3.94682099503e-11
5.9097796441e-09	-5.07351331086e-11
5.91097305679e-09	-4.90833736502e-11
5.91216646949e-09	-3.4735931579e-11
5.91335988218e-09	-1.3712208452e-11
5.91455329487e-09	9.78754241283e-12
5.91574670756e-09	2.82891392603e-11
5.91694012025e-09	3.69470873167e-11
5.91813353294e-09	3.1530405023e-11
5.91932694563e-09	1.5583973131e-11
5.92052035832e-09	-5.37570861306e-12
5.92171377101e-09	-2.88614492548e-11
5.9229071837e-09	-4.52730778214e-11
5.92410059639e-09	-4.99357400048e-11
5.92529400908e-09	-4.28552584045e-11
5.92648742177e-09	-2.56810649135e-11
5.92768083446e-09	-2.6071269438e-12
5.92887424715e-09	1.91632913964e-11
5.93006765985e-09	3.24515475256e-11
5.93126107254e-09	3.47783980434e-11
5.93245448523e-09	2.5353048003e-11
5.93364789792e-09	6.41677639843e-12
5.93484131061e-09	-1.68396845947e-11
5.9360347233e-09	-3.65608845282e-11
5.93722813599e-09	-4.75332121753e-11
5.93842154868e-09	-4.73851864864e-11
5.93961496137e-09	-3.53982372928e-11
5.94080837406e-09	-1.54534743292e-11
5.94200178675e-09	7.39539907178e-12
5.94319519944e-09	2.50506896043e-11
5.94438861213e-09	3.39441834016e-11
5.94558202482e-09	3.07748314679e-11
5.94677543751e-09	1.65650767842e-11
5.9479688502e-09	-3.90184778476e-12
5.9491622629e-09	-2.56617138563e-11
5.95035567559e-09	-4.17093443117e-11
5.95154908828e-09	-4.82891539255e-11
5.95274250097e-09	-4.21762455689e-11
5.95393591366e-09	-2.6201061069e-11
5.95512932635e-09	-4.79307733911e-12
5.95632273904e-09	1.59375754781e-11
5.95751615173e-09	3.02736911061e-11
5.95870956442e-09	3.35890538473e-11
5.95990297711e-09	2.49456414726e-11
5.9610963898e-09	7.38524660263e-12
5.96228980249e-09	-1.38949192863e-11
5.96348321518e-09	-3.36353280297e-11
5.96467662787e-09	-4.52317051002e-11
5.96587004056e-09	-4.54058670003e-11
5.96706345326e-09	-3.48273276538e-11
5.96825686595e-09	-1.66632103081e-11
5.96945027864e-09	5.31455906843e-12
5.97064369133e-09	2.32820789557e-11
5.97183710402e-09	3.19200434314e-11
5.97303051671e-09	2.93146570386e-11
5.9742239294e-09	1.72424765438e-11
5.97541734209e-09	-1.98087111492e-12
5.97661075478e-09	-2.3410796305e-11
5.97780416747e-09	-3.92598262927e-11
5.97899758016e-09	-4.52664438051e-11
5.98019099285e-09	-4.1660455901e-11
5.98138440554e-09	-2.69248416965e-11
5.98257781823e-09	-6.52678415871e-12
5.98377123092e-09	1.38691733879e-11
5.98496464362e-09	2.73510428715e-11
5.98615805631e-09	3.21653285604e-11
5.987351469e-09	2.51533232177e-11
5.98854488169e-09	8.9794475024e-12
5.98973829438e-09	-1.14516912663e-11
5.99093170707e-09	-3.00568723556e-11
5.99212511976e-09	-4.19599012653e-11
5.99331853245e-09	-4.3949323781e-11
5.99451194514e-09	-3.41396251546e-11
5.99570535783e-09	-1.72699634541e-11
5.99689877052e-09	3.16422086558e-12
5.99809218321e-09	2.03521099713e-11
5.9992855959e-09	3.02234530805e-11
6.00047900859e-09	2.92430860343e-11
6.00167242128e-09	1.74784616034e-11
6.00286583397e-09	-1.12693207088e-13
6.00405924667e-09	-2.00170732854e-11
6.00525265936e-09	-3.64749471946e-11
6.00644607205e-09	-4.39321296355e-11
6.00763948474e-09	-4.01072838135e-11
6.00883289743e-09	-2.72670991688e-11
6.01002631012e-09	-8.46909293997e-12
6.01121972281e-09	1.08621994862e-11
6.0124131355e-09	2.5280518564e-11
6.01360654819e-09	2.98106244551e-11
6.01479996088e-09	2.39333372998e-11
6.01599337357e-09	1.01475114119e-11
6.01718678626e-09	-9.00567294349e-12
6.01838019895e-09	-2.74907030733e-11
6.01957361164e-09	-3.96976761359e-11
6.02076702433e-09	-4.18182597925e-11
6.02196043703e-09	-3.44008432851e-11
6.02315384972e-09	-1.87079596606e-11
6.02434726241e-09	1.07773698006e-12
6.0255406751e-09	1.8054678412e-11
6.02673408779e-09	2.78445439449e-11
6.02792750048e-09	2.78317243384e-11
6.02912091317e-09	1.86750174786e-11
6.03031432586e-09	1.27774012074e-12
6.03150773855e-09	-1.79302516844e-11
6.03270115124e-09	-3.33961153003e-11
6.03389456393e-09	-4.07580709634e-11
6.03508797662e-09	-3.91472826378e-11
6.03628138931e-09	-2.71142862936e-11
6.037474802e-09	-9.31770112456e-12
6.03866821469e-09	8.94654858009e-12
6.03986162739e-09	2.26391737388e-11
6.04105504008e-09	2.84175827401e-11
6.04224845277e-09	2.34288161788e-11
6.04344186546e-09	1.04464380939e-11
6.04463527815e-09	-7.65777567226e-12
6.04582869084e-09	-2.52713613924e-11
6.04702210353e-09	-3.71631939632e-11
6.04821551622e-09	-4.08130178958e-11
6.04940892891e-09	-3.3260923963e-11
6.0506023416e-09	-1.87255259042e-11
6.05179575429e-09	-8.51656283473e-13
6.05298916698e-09	1.59947719132e-11
6.05418257967e-09	2.63835544124e-11
6.05537599236e-09	2.70404404163e-11
6.05656940505e-09	1.81778836775e-11
6.05776281774e-09	3.14921943774e-12
6.05895623044e-09	-1.43170349708e-11
6.06014964313e-09	-3.08746912585e-11
6.06134305582e-09	-3.87230130773e-11
6.06253646851e-09	-3.69017988909e-11
6.0637298812e-09	-2.68569673879e-11
6.06492329389e-09	-1.08334195564e-11
6.06611670658e-09	7.55562973298e-12
6.06731011927e-09	2.12586614978e-11
6.06850353196e-09	2.70848779602e-11
6.06969694465e-09	2.33796896773e-11
6.07089035734e-09	1.19800550773e-11
6.07208377003e-09	-5.11506389003e-12
6.07327718272e-09	-2.31567551592e-11
6.07447059541e-09	-3.47404470642e-11
6.0756640081e-09	-3.81812702115e-11
6.0768574208e-09	-3.30170981701e-11
6.07805083349e-09	-1.95370854911e-11
6.07924424618e-09	-1.8445754364e-12
6.08043765887e-09	1.42595345254e-11
6.08163107156e-09	2.39123415079e-11
6.08282448425e-09	2.68116412318e-11
6.08401789694e-09	1.87797926082e-11
6.08521130963e-09	4.55207329079e-12
6.08640472232e-09	-1.2519623901e-11
6.08759813501e-09	-2.73764518e-11
6.0887915477e-09	-3.55136284963e-11
6.08998496039e-09	-3.58075162403e-11
6.09117837308e-09	-2.60250445326e-11
6.09237178577e-09	-1.0974500822e-11
6.09356519846e-09	5.21779440401e-12
6.09475861116e-09	1.95526049778e-11
6.09595202385e-09	2.63724393886e-11
6.09714543654e-09	2.32979486398e-11
6.09833884923e-09	1.25954762028e-11
6.09953226192e-09	-2.48491061983e-12
6.10072567461e-09	-1.89918525784e-11
6.1019190873e-09	-3.13918999302e-11
6.10311249999e-09	-3.62642710999e-11
6.10430591268e-09	-3.11101309644e-11
6.10549932537e-09	-1.92511573089e-11
6.10669273806e-09	-3.49159397684e-12
6.10788615075e-09	1.28886390493e-11
6.10907956344e-09	2.28137302886e-11
6.11027297613e-09	2.53597507577e-11
6.11146638882e-09	1.88403838971e-11
6.11265980151e-09	6.20349594176e-12
6.11385321421e-09	-1.03200055923e-11
6.1150466269e-09	-2.54533314998e-11
6.11624003959e-09	-3.30195072673e-11
6.11743345228e-09	-3.40358943286e-11
6.11862686497e-09	-2.62499913299e-11
6.11982027766e-09	-1.21323318145e-11
6.12101369035e-09	4.46919790672e-12
6.12220710304e-09	1.75186629526e-11
6.12340051573e-09	2.39253213595e-11
6.12459392842e-09	2.3356965884e-11
6.12578734111e-09	1.36988967262e-11
6.1269807538e-09	-1.8664619004e-12
6.12817416649e-09	-1.69180674244e-11
6.12936757918e-09	-2.84755550303e-11
6.13056099187e-09	-3.42356212824e-11
6.13175440457e-09	-3.05868806845e-11
6.13294781726e-09	-1.92666282234e-11
6.13414122995e-09	-3.76721063741e-12
6.13533464264e-09	9.92768790353e-12
6.13652805533e-09	2.07276901806e-11
6.13772146802e-09	2.47702884679e-11
6.13891488071e-09	1.8350233659e-11
6.1401082934e-09	7.12822422616e-12
6.14130170609e-09	-7.67044999565e-12
6.14249511878e-09	-2.19560747621e-11
6.14368853147e-09	-3.12818347614e-11
6.14488194416e-09	-3.28109067693e-11
6.14607535685e-09	-2.50931458771e-11
6.14726876954e-09	-1.27225927276e-11
6.14846218223e-09	2.82477852416e-12
6.14965559492e-09	1.67566151926e-11
6.15084900762e-09	2.36968075371e-11
6.15204242031e-09	2.23827573229e-11
6.153235833e-09	1.43417159659e-11
6.15442924569e-09	8.53053006922e-13
6.15562265838e-09	-1.44004426439e-11
6.15681607107e-09	-2.63208985857e-11
6.15800948376e-09	-3.13121664014e-11
6.15920289645e-09	-2.84183297554e-11
6.16039630914e-09	-1.92386920197e-11
6.16158972183e-09	-5.09560855967e-12
6.16278313452e-09	9.89918477051e-12
6.16397654721e-09	2.01566285364e-11
6.1651699599e-09	2.34139478639e-11
6.16636337259e-09	1.97874865365e-11
6.16755678528e-09	9.14254815517e-12
6.16875019798e-09	-5.91258449536e-12
6.16994361067e-09	-1.98450748022e-11
6.17113702336e-09	-2.77592703598e-11
6.17233043605e-09	-3.02797856233e-11
6.17352384874e-09	-2.43567605321e-11
6.17471726143e-09	-1.25382862729e-11
6.17591067412e-09	2.39476160798e-12
6.17710408681e-09	1.42875035804e-11
6.1782974995e-09	2.2119650946e-11
6.17949091219e-09	2.2814786952e-11
6.18068432488e-09	1.50842457015e-11
6.18187773757e-09	1.9156153443e-12
6.18307115026e-09	-1.15198904018e-11
6.18426456295e-09	-2.3017077827e-11
6.18545797564e-09	-2.9437586483e-11
6.18665138834e-09	-2.78196890437e-11
6.18784480103e-09	-1.82554063012e-11
6.18903821372e-09	-5.9395148847e-12
6.19023162641e-09	8.6460652006e-12
6.1914250391e-09	1.92647638293e-11
6.19261845179e-09	2.36365881295e-11
6.19381186448e-09	1.91262108148e-11
6.19500527717e-09	9.64611376886e-12
6.19619868986e-09	-3.68364819442e-12
6.19739210255e-09	-1.72248606437e-11
6.19858551524e-09	-2.62863177405e-11
6.19977892793e-09	-2.78130415834e-11
6.20097234062e-09	-2.29694486088e-11
6.20216575331e-09	-1.27665834718e-11
6.203359166e-09	9.08989788821e-13
6.20455257869e-09	1.36516138021e-11
6.20574599139e-09	2.09773027941e-11
6.20693940408e-09	2.17190297865e-11
6.20813281677e-09	1.59036902571e-11
6.20932622946e-09	4.93488594173e-12
6.21051964215e-09	-9.78882632504e-12
6.21171305484e-09	-2.08939582216e-11
6.21290646753e-09	-2.6094404415e-11
6.21409988022e-09	-2.56426078288e-11
6.21529329291e-09	-1.82010777977e-11
6.2164867056e-09	-5.48912087658e-12
6.21768011829e-09	7.48124403139e-12
6.21887353098e-09	1.75007389223e-11
6.22006694367e-09	2.21554172578e-11
6.22126035636e-09	1.99906302449e-11
6.22245376905e-09	1.08761070896e-11
6.22364718175e-09	-2.28704948317e-12
6.22484059444e-09	-1.45595214487e-11
6.22603400713e-09	-2.32537509214e-11
6.22722741982e-09	-2.68549845989e-11
6.22842083251e-09	-2.25101914105e-11
6.2296142452e-09	-1.211584175e-11
6.23080765789e-09	1.07749448469e-13
6.23200107058e-09	1.20381091163e-11
6.23319448327e-09	2.04796438055e-11
6.23438789596e-09	2.18636237587e-11
6.23558130865e-09	1.6353420354e-11
6.23677472134e-09	5.66372036076e-12
6.23796813403e-09	-6.60492515715e-12
6.23916154672e-09	-1.88066112163e-11
6.24035495941e-09	-2.51509546696e-11
6.24154837211e-09	-2.42323225288e-11
6.2427417848e-09	-1.71289191598e-11
6.24393519749e-09	-6.64221455615e-12
6.24512861018e-09	6.14602726351e-12
6.24632202287e-09	1.71757421653e-11
6.24751543556e-09	2.17233332017e-11
6.24870884825e-09	1.94167271237e-11
6.24990226094e-09	1.21912384701e-11
6.25109567363e-09	8.71370873677e-13
6.25228908632e-09	-1.21662755825e-11
6.25348249901e-09	-2.12881710957e-11
6.2546759117e-09	-2.42477275238e-11
6.25586932439e-09	-2.14763174692e-11
6.25706273708e-09	-1.26133291095e-11
6.25825614977e-09	-5.13895458305e-13
6.25944956246e-09	1.14876639017e-11
6.26064297516e-09	1.93215445813e-11
6.26183638785e-09	2.17150034933e-11
6.26302980054e-09	1.75038291153e-11
6.26422321323e-09	7.44950092281e-12
6.26541662592e-09	-5.27876765737e-12
6.26661003861e-09	-1.57086277579e-11
6.2678034513e-09	-2.23047411704e-11
6.26899686399e-09	-2.31132495955e-11
6.27019027668e-09	-1.68279974374e-11
6.27138368937e-09	-6.15697553705e-12
6.27257710206e-09	5.46042009351e-12
6.27377051475e-09	1.53548902109e-11
6.27496392744e-09	2.107264363e-11
6.27615734013e-09	1.99924911695e-11
6.27735075282e-09	1.24247756181e-11
6.27854416552e-09	1.91876655081e-12
6.27973757821e-09	-9.38444558608e-12
6.2809309909e-09	-1.89042913268e-11
6.28212440359e-09	-2.27684808941e-11
6.28331781628e-09	-1.97862269104e-11
6.28451122897e-09	-1.15817185486e-11
6.28570464166e-09	-1.10654095207e-12
6.28689805435e-09	1.0161422051e-11
6.28809146704e-09	1.96112024189e-11
6.28928487973e-09	2.13323833424e-11
6.29047829242e-09	1.78427285967e-11
6.29167170511e-09	9.13026620454e-12
6.2928651178e-09	-2.26470417127e-12
6.29405853049e-09	-1.34337482544e-11
6.29525194318e-09	-2.07145244967e-11
6.29644535588e-09	-2.08337722074e-11
6.29763876857e-09	-1.58084797423e-11
6.29883218126e-09	-6.85003697645e-12
6.30002559395e-09	5.32385984256e-12
6.30121900664e-09	1.47650786996e-11
6.30241241933e-09	2.10249938119e-11
6.30360583202e-09	1.99575889669e-11
6.30479924471e-09	1.43176837573e-11
6.3059926574e-09	3.65745259599e-12
6.30718607009e-09	-7.57624334363e-12
6.30837948278e-09	-1.59088929096e-11
6.30957289547e-09	-2.00824057904e-11
6.31076630816e-09	-1.86029431876e-11
6.31195972085e-09	-1.12707475731e-11
6.31315313354e-09	-3.7552318026e-14
6.31434654623e-09	1.0130046758e-11
6.31553995893e-09	1.82109312439e-11
6.31673337162e-09	2.17742267359e-11
6.31792678431e-09	1.8261955316e-11
6.319120197e-09	9.65098855867e-12
6.32031360969e-09	-8.28692197058e-13
6.32150702238e-09	-1.08532828991e-11
6.32270043507e-09	-1.82279783715e-11
6.32389384776e-09	-1.97807837818e-11
6.32508726045e-09	-1.46949700672e-11
6.32628067314e-09	-5.53289169038e-12
6.32747408583e-09	4.53108552198e-12
6.32866749852e-09	1.42911276346e-11
6.32986091121e-09	2.0671239026e-11
6.3310543239e-09	2.06979669948e-11
6.33224773659e-09	1.49401184783e-11
6.33344114929e-09	6.09509719172e-12
6.33463456198e-09	-4.30858435952e-12
6.33582797467e-09	-1.3937021784e-11
6.33702138736e-09	-1.85087479197e-11
6.33821480005e-09	-1.69802739577e-11
6.33940821274e-09	-1.13775290187e-11
6.34060162543e-09	-9.67992863871e-13
6.34179503812e-09	9.30028222403e-12
6.34298845081e-09	1.8040749233e-11
6.3441818635e-09	2.05647532423e-11
6.34537527619e-09	1.82994979846e-11
6.34656868888e-09	1.17803966452e-11
6.34776210157e-09	1.19494502184e-12
6.34895551426e-09	-8.74091879606e-12
6.35014892695e-09	-1.5713443784e-11
6.35134233965e-09	-1.71480115264e-11
6.35253575234e-09	-1.43617812955e-11
6.35372916503e-09	-6.08186640156e-12
6.35492257772e-09	4.57414461126e-12
6.35611599041e-09	1.30704221318e-11
6.3573094031e-09	1.91025613296e-11
6.35850281579e-09	2.04703812495e-11
6.35969622848e-09	1.58783377072e-11
6.36088964117e-09	6.38586823394e-12
6.36208305386e-09	-3.02869529586e-12
6.36327646655e-09	-1.16809503693e-11
6.36446987924e-09	-1.68440240055e-11
6.36566329193e-09	-1.62376199726e-11
6.36685670462e-09	-1.00097431429e-11
6.36805011731e-09	-5.17772131593e-13
6.36924353e-09	8.42772412187e-12
6.3704369427e-09	1.71038261679e-11
6.37163035539e-09	2.10542115426e-11
6.37282376808e-09	1.85974339227e-11
6.37401718077e-09	1.21545406118e-11
6.37521059346e-09	2.83449224378e-12
6.37640400615e-09	-5.87799768711e-12
6.37759741884e-09	-1.34498776049e-11
6.37879083153e-09	-1.60136429941e-11
6.37998424422e-09	-1.23966210561e-11
6.38117765691e-09	-5.24290918839e-12
6.3823710696e-09	4.07918596362e-12
6.38356448229e-09	1.38143613302e-11
6.38475789498e-09	1.94405054121e-11
6.38595130767e-09	2.05627509377e-11
6.38714472036e-09	1.59298171442e-11
6.38833813306e-09	9.46367225037e-12
6.38953154575e-09	-4.56609569762e-13
6.39072495844e-09	-9.34936969423e-12
6.39191837113e-09	-1.36346081994e-11
6.39311178382e-09	-1.3515885351e-11
6.39430519651e-09	-9.15791943147e-12
6.3954986092e-09	-4.66610609743e-13
6.39669202189e-09	8.93001352118e-12
6.39788543458e-09	1.64308690351e-11
6.39907884727e-09	2.03437407979e-11
6.40027225996e-09	1.97148443404e-11
6.40146567265e-09	1.37437538563e-11
6.40265908534e-09	4.48271077918e-12
6.40385249803e-09	-4.24526974446e-12
6.40504591072e-09	-1.10198631904e-11
6.40623932341e-09	-1.46998131983e-11
6.40743273611e-09	-1.22163574829e-11
6.4086261488e-09	-4.83247860131e-12
6.40981956149e-09	4.60702849025e-12
6.41101297418e-09	1.2513291835e-11
6.41220638687e-09	1.89457154392e-11
6.41339979956e-09	2.09453262026e-11
6.41459321225e-09	1.64043351385e-11
6.41578662494e-09	9.69984704537e-12
6.41698003763e-09	1.65463149638e-12
6.41817345032e-09	-7.23622030352e-12
6.41936686301e-09	-1.17391779891e-11
6.4205602757e-09	-1.26948293457e-11
6.42175368839e-09	-7.85321048642e-12
6.42294710108e-09	-8.32627898377e-13
6.42414051377e-09	8.12881175132e-12
6.42533392647e-09	1.63393259426e-11
6.42652733916e-09	2.05050934999e-11
6.42772075185e-09	1.90778224381e-11
6.42891416454e-09	1.45256831736e-11
6.43010757723e-09	6.5783004044e-12
6.43130098992e-09	-2.00107264743e-12
6.43249440261e-09	-9.26292202663e-12
6.4336878153e-09	-1.17782806078e-11
6.43488122799e-09	-9.95923395836e-12
6.43607464068e-09	-4.18516013945e-12
6.43726805337e-09	4.32997003053e-12
6.43846146606e-09	1.29946035486e-11
6.43965487875e-09	1.87105005968e-11
6.44084829144e-09	2.07136562676e-11
6.44204170413e-09	1.82625117286e-11
6.44323511683e-09	1.20018222791e-11
6.44442852952e-09	3.26578347698e-12
6.44562194221e-09	-5.05417853836e-12
6.4468153549e-09	-1.00229874313e-11
6.44800876759e-09	-1.14582835407e-11
6.44920218028e-09	-7.96577701804e-12
6.45039559297e-09	4.49119772405e-14
6.45158900566e-09	8.75130903074e-12
6.45278241835e-09	1.58219084535e-11
6.45397583104e-09	2.01127788469e-11
6.45516924373e-09	2.03960017278e-11
6.45636265642e-09	1.55340939764e-11
6.45755606911e-09	8.10716370338e-12
6.4587494818e-09	7.15187003857e-13
6.45994289449e-09	-5.87107120732e-12
6.46113630718e-09	-1.02092153091e-11
6.46232971988e-09	-9.17722235011e-12
6.46352313257e-09	-3.24213391052e-12
6.46471654526e-09	4.10743109718e-12
6.46590995795e-09	1.15958317167e-11
6.46710337064e-09	1.8526040077e-11
6.46829678333e-09	2.11560920692e-11
6.46949019602e-09	1.87131987423e-11
6.47068360871e-09	1.30794358634e-11
6.4718770214e-09	5.77825433985e-12
6.47307043409e-09	-2.5563764701e-12
6.47426384678e-09	-7.59503473568e-12
6.47545725947e-09	-9.14760097098e-12
6.47665067216e-09	-5.97888139822e-12
6.47784408485e-09	8.72878192523e-14
6.47903749754e-09	8.87579744945e-12
6.48023091024e-09	1.63249142936e-11
6.48142432293e-09	2.07123684523e-11
6.48261773562e-09	2.10026304074e-11
6.48381114831e-09	1.75117626563e-11
6.485004561e-09	1.07505855346e-11
6.48619797369e-09	2.57709110128e-12
6.48739138638e-09	-4.04532616714e-12
6.48858479907e-09	-7.23657066345e-12
6.48977821176e-09	-6.92020702894e-12
6.49097162445e-09	-2.71985811152e-12
6.49216503714e-09	4.75538114745e-12
6.49335844983e-09	1.29700693545e-11
6.49455186252e-09	1.82640569335e-11
6.49574527521e-09	2.14278857245e-11
6.4969386879e-09	2.06505385708e-11
6.4981321006e-09	1.53098077835e-11
6.49932551329e-09	7.16738414496e-12
6.50051892598e-09	7.99755389951e-13
6.50171233867e-09	-4.90648358531e-12
6.50290575136e-09	-7.58552530684e-12
6.50409916405e-09	-4.70136505681e-12
6.50529257674e-09	9.0967659024e-13
6.50648598943e-09	8.32531721513e-12
6.50767940212e-09	1.54041748975e-11
6.50887281481e-09	2.09398715815e-11
6.5100662275e-09	2.18225546141e-11
6.51125964019e-09	1.85701165816e-11
6.51245305288e-09	1.25410168361e-11
6.51364646557e-09	4.90207882425e-12
6.51483987826e-09	-2.04980262907e-12
6.51603329095e-09	-6.13643792897e-12
6.51722670365e-09	-5.84013469095e-12
6.51842011634e-09	-1.44745149297e-12
6.51961352903e-09	4.49826590906e-12
6.52080694172e-09	1.25569871341e-11
6.52200035441e-09	1.8962667157e-11
6.5231937671e-09	2.17687454434e-11
6.52438717979e-09	2.08313034791e-11
6.52558059248e-09	1.62477365546e-11
6.52677400517e-09	9.44883017315e-12
6.52796741786e-09	1.86239172413e-12
6.52916083055e-09	-3.0526147609e-12
6.53035424324e-09	-5.11857575639e-12
6.53154765593e-09	-3.10389160121e-12
6.53274106862e-09	1.87078290684e-12
6.53393448131e-09	9.49905150198e-12
6.53512789401e-09	1.63393568424e-11
6.5363213067e-09	2.06818516306e-11
6.53751471939e-09	2.22589759125e-11
6.53870813208e-09	1.98386780094e-11
6.53990154477e-09	1.36076877847e-11
6.54109495746e-09	6.50963088772e-12
6.54228837015e-09	5.50536348551e-13
6.54348178284e-09	-3.90615653972e-12
6.54467519553e-09	-4.28101759771e-12
6.54586860822e-09	-7.93245026956e-13
6.54706202091e-09	5.760577345e-12
6.5482554336e-09	1.27125471608e-11
6.54944884629e-09	1.86163291813e-11
6.55064225898e-09	2.26909250937e-11
6.55183567167e-09	2.19135389088e-11
6.55302908437e-09	1.66075662337e-11
6.55422249706e-09	1.07958373144e-11
6.55541590975e-09	4.00600180198e-12
6.55660932244e-09	-1.92866713268e-12
6.55780273513e-09	-4.10504128519e-12
6.55899614782e-09	-1.84111151888e-12
6.56018956051e-09	2.95523070533e-12
6.5613829732e-09	9.14753819567e-12
6.56257638589e-09	1.63780418264e-11
6.56376979858e-09	2.12515484811e-11
6.56496321127e-09	2.27879657418e-11
6.56615662396e-09	2.0571894882e-11
6.56735003665e-09	1.57617899852e-11
6.56854344934e-09	8.95922263244e-12
6.56973686203e-09	2.1746613909e-12
6.57093027472e-09	-1.87893542955e-12
6.57212368742e-09	-1.98216546258e-12
6.57331710011e-09	6.89671091774e-13
6.5745105128e-09	6.038671787e-12
6.57570392549e-09	1.33267089855e-11
6.57689733818e-09	1.92717979162e-11
6.57809075087e-09	2.20337795318e-11
6.57928416356e-09	2.2380606049e-11
6.58047757625e-09	1.93693591981e-11
6.58167098894e-09	1.30898616599e-11
6.58286440163e-09	6.24605448201e-12
6.58405781432e-09	1.39326929917e-12
6.58525122701e-09	-1.68408222548e-12
6.5864446397e-09	-8.4961517124e-13
6.58763805239e-09	3.34395201416e-12
6.58883146508e-09	9.94364031219e-12
6.59002487778e-09	1.62527715895e-11
6.59121829047e-09	2.14048032771e-11
6.59241170316e-09	2.3720032015e-11
6.59360511585e-09	2.16410309811e-11
6.59479852854e-09	1.67218806076e-11
6.59599194123e-09	1.02232130096e-11
6.59718535392e-09	4.56063569613e-12
6.59837876661e-09	-5.3971147755e-13
6.5995721793e-09	-1.1455591792e-12
6.60076559199e-09	1.58405787673e-12
6.60195900468e-09	6.66887779808e-12
6.60315241737e-09	1.29533757852e-11
6.60434583006e-09	1.91205538815e-11
6.60553924275e-09	2.27569874837e-11
6.60673265544e-09	2.29933622056e-11
6.60792606814e-09	1.98321907941e-11
6.60911948083e-09	1.47409177963e-11
6.61031289352e-09	8.11393042598e-12
6.61150630621e-09	2.33329463606e-12
6.6126997189e-09	2.22268533331e-13
6.61389313159e-09	9.82584520882e-13
6.61508654428e-09	4.52056957406e-12
6.61627995697e-09	1.00740493421e-11
6.61747336966e-09	1.66348099575e-11
6.61866678235e-09	2.18734943352e-11
6.61986019504e-09	2.31601222575e-11
6.62105360773e-09	2.21274645742e-11
6.62224702042e-09	1.82502079855e-11
6.62344043311e-09	1.22573846689e-11
6.6246338458e-09	6.06517250703e-12
6.62582725849e-09	2.1229913308e-12
6.62702067119e-09	1.03887428174e-12
6.62821408388e-09	2.55585950895e-12
6.62940749657e-09	7.34368642286e-12
6.63060090926e-09	1.40179087955e-11
6.63179432195e-09	1.90877433217e-11
6.63298773464e-09	2.27136406471e-11
6.63418114733e-09	2.34389575891e-11
6.63537456002e-09	2.07788135656e-11
6.63656797271e-09	1.54006241353e-11
6.6377613854e-09	9.31945655629e-12
6.63895479809e-09	5.17293965909e-12
6.64014821078e-09	1.68162745285e-12
6.64134162347e-09	1.91165516034e-12
6.64253503616e-09	5.6632073705e-12
6.64372844885e-09	1.07279707036e-11
6.64492186155e-09	1.66658816738e-11
6.64611527424e-09	2.17033144928e-11
6.64730868693e-09	2.4815499048e-11
6.64850209962e-09	2.34292299103e-11
6.64969551231e-09	1.93061898933e-11
6.650888925e-09	1.419206354e-11
6.65208233769e-09	8.28314977372e-12
6.65327575038e-09	3.52324826215e-12
6.65446916307e-09	2.09236820985e-12
6.65566257576e-09	3.94911821343e-12
6.65685598845e-09	8.10865426453e-12
6.65804940114e-09	1.32411743245e-11
6.65924281383e-09	1.91533833065e-11
6.66043622652e-09	2.32581677442e-11
6.66162963921e-09	2.34414410626e-11
6.6628230519e-09	2.2324780696e-11
6.6640164646e-09	1.75564005608e-11
6.66520987729e-09	1.12711541489e-11
6.66640328998e-09	6.12019029206e-12
6.66759670267e-09	3.64569277002e-12
6.66879011536e-09	3.10792441316e-12
6.66998352805e-09	5.38336275514e-12
6.67117694074e-09	1.10260843424e-11
6.67237035343e-09	1.75133783344e-11
6.67356376612e-09	2.16592232431e-11
6.67475717881e-09	2.43661139442e-11
6.6759505915e-09	2.37226371359e-11
6.67714400419e-09	2.01464838735e-11
6.67833741688e-09	1.50367257708e-11
6.67953082957e-09	9.52215422397e-12
6.68072424226e-09	5.95391574584e-12
6.68191765496e-09	3.79050656423e-12
6.68311106765e-09	4.66900235379e-12
6.68430448034e-09	8.97635665884e-12
6.68549789303e-09	1.42225699534e-11
6.68669130572e-09	1.9310984669e-11
6.68788471841e-09	2.36364029477e-11
6.6890781311e-09	2.47468007458e-11
6.69027154379e-09	2.28842903828e-11
6.69146495648e-09	1.86088674851e-11
6.69265836917e-09	1.35112129818e-11
6.69385178186e-09	8.47927760991e-12
6.69504519455e-09	4.89650770559e-12
6.69623860724e-09	4.94968562664e-12
6.69743201993e-09	7.34757719077e-12
6.69862543262e-09	1.15125751814e-11
6.69981884532e-09	1.65221829274e-11
6.70101225801e-09	2.21951114172e-11
6.7022056707e-09	2.42768528804e-11
6.70339908339e-09	2.40487892187e-11
6.70459249608e-09	2.16583608686e-11
6.70578590877e-09	1.73241301946e-11
6.70697932146e-09	1.12595666298e-11
6.70817273415e-09	6.86796344622e-12
6.70936614684e-09	5.79800416662e-12
6.71055955953e-09	6.10377769378e-12
6.71175297222e-09	9.2034338592e-12
6.71294638491e-09	1.49115488837e-11
6.7141397976e-09	2.02758714766e-11
6.71533321029e-09	2.4036898123e-11
6.71652662298e-09	2.48022305818e-11
6.71772003567e-09	2.38485843487e-11
6.71891344837e-09	1.97488674719e-11
6.72010686106e-09	1.44233801335e-11
6.72130027375e-09	1.05051152781e-11
6.72249368644e-09	6.984217241e-12
6.72368709913e-09	6.01982653721e-12
6.72488051182e-09	7.88101636902e-12
6.72607392451e-09	1.24459037911e-11
6.7272673372e-09	1.75043329441e-11
6.72846074989e-09	2.1762367082e-11
6.72965416258e-09	2.4960346073e-11
6.73084757527e-09	2.57481091569e-11
6.73204098796e-09	2.2701330182e-11
6.73323440065e-09	1.8434763915e-11
6.73442781334e-09	1.36292372787e-11
6.73562122603e-09	9.32006370951e-12
6.73681463873e-09	6.86986974469e-12
6.73800805142e-09	7.55977935417e-12
6.73920146411e-09	1.08307971966e-11
6.7403948768e-09	1.53479685558e-11
6.74158828949e-09	2.00539181615e-11
6.74278170218e-09	2.46642981646e-11
6.74397511487e-09	2.62310303686e-11
6.74516852756e-09	2.45293312572e-11
6.74636194025e-09	2.14258025384e-11
6.74755535294e-09	1.7284888798e-11
6.74874876563e-09	1.20675398927e-11
6.74994217832e-09	8.77950907504e-12
6.75113559101e-09	7.98687364075e-12
6.7523290037e-09	9.13722634881e-12
6.75352241639e-09	1.27992685894e-11
6.75471582909e-09	1.75796143051e-11
6.75590924178e-09	2.26257998882e-11
6.75710265447e-09	2.50802766142e-11
6.75829606716e-09	2.58970078455e-11
6.75948947985e-09	2.38738935305e-11
6.76068289254e-09	1.98839696878e-11
6.76187630523e-09	1.42281767965e-11
6.76306971792e-09	1.09967246897e-11
6.76426313061e-09	8.76887673801e-12
6.7654565433e-09	8.79835229195e-12
6.76664995599e-09	1.13218983884e-11
6.76784336868e-09	1.62186649744e-11
6.76903678137e-09	2.10425032433e-11
6.77023019406e-09	2.4452238628e-11
6.77142360675e-09	2.69562328188e-11
6.77261701944e-09	2.62986117258e-11
6.77381043214e-09	2.30893828362e-11
6.77500384483e-09	1.79584590471e-11
6.77619725752e-09	1.39115418404e-11
6.77739067021e-09	1.05502671486e-11
6.7785840829e-09	8.92173157184e-12
6.77977749559e-09	1.11518661059e-11
6.78097090828e-09	1.44370415145e-11
6.78216432097e-09	1.88055952104e-11
6.78335773366e-09	2.27220570918e-11
6.78455114635e-09	2.62786235914e-11
6.78574455904e-09	2.69611811175e-11
6.78693797173e-09	2.41670969261e-11
6.78813138442e-09	2.14052087687e-11
6.78932479711e-09	1.6825499544e-11
6.7905182098e-09	1.27732712645e-11
6.7917116225e-09	1.04144074007e-11
6.79290503519e-09	1.06407530356e-11
6.79409844788e-09	1.31388191342e-11
6.79529186057e-09	1.59242563797e-11
6.79648527326e-09	2.12084685751e-11
6.79767868595e-09	2.54998121143e-11
6.79887209864e-09	2.6923453484e-11
6.80006551133e-09	2.60183563063e-11
6.80125892402e-09	2.41515960876e-11
6.80245233671e-09	2.00261847036e-11
6.8036457494e-09	1.53203290982e-11
6.80483916209e-09	1.25779668798e-11
6.80603257478e-09	1.10505327762e-11
6.80722598747e-09	1.13856038313e-11
6.80841940016e-09	1.48901682e-11
6.80961281286e-09	1.90024608462e-11
6.81080622555e-09	2.33407136934e-11
6.81199963824e-09	2.62987292533e-11
6.81319305093e-09	2.73419416448e-11
6.81438646362e-09	2.64627566821e-11
6.81557987631e-09	2.23188089104e-11
6.816773289e-09	1.84647416714e-11
6.81796670169e-09	1.50538029308e-11
6.81916011438e-09	1.19639930558e-11
6.82035352707e-09	1.1576589405e-11
6.82154693976e-09	1.39304772145e-11
6.82274035245e-09	1.7476535193e-11
6.82393376514e-09	2.15961335186e-11
6.82512717783e-09	2.52560932237e-11
6.82632059052e-09	2.80893500734e-11
6.82751400321e-09	2.74776479781e-11
6.82870741591e-09	2.48169393022e-11
6.8299008286e-09	2.15979517257e-11
6.83109424129e-09	1.70261473106e-11
6.83228765398e-09	1.3395641367e-11
6.83348106667e-09	1.19131163268e-11
6.83467447936e-09	1.35452087914e-11
6.83586789205e-09	1.59213289254e-11
6.83706130474e-09	1.93942800188e-11
6.83825471743e-09	2.44725858502e-11
6.83944813012e-09	2.73675706663e-11
6.84064154281e-09	2.79728352027e-11
6.8418349555e-09	2.64660147097e-11
6.84302836819e-09	2.42717835847e-11
6.84422178088e-09	1.99585669172e-11
6.84541519357e-09	1.53451977687e-11
6.84660860627e-09	1.31951727106e-11
6.84780201896e-09	1.32031736889e-11
6.84899543165e-09	1.42483915291e-11
6.85018884434e-09	1.71331650039e-11
6.85138225703e-09	2.23949866898e-11
6.85257566972e-09	2.58855502137e-11
6.85376908241e-09	2.79886819016e-11
6.8549624951e-09	2.84087187368e-11
6.85615590779e-09	2.65610094682e-11
6.85734932048e-09	2.26596011919e-11
6.85854273317e-09	1.86733551798e-11
6.85973614586e-09	1.58330964442e-11
6.86092955855e-09	1.38752881797e-11
6.86212297124e-09	1.36922683478e-11
6.86331638393e-09	1.65876971447e-11
6.86450979662e-09	2.04387680825e-11
6.86570320932e-09	2.39747659659e-11
6.86689662201e-09	2.75595310462e-11
6.8680900347e-09	2.88900910573e-11
6.86928344739e-09	2.81347660013e-11
6.87047686008e-09	2.51344908428e-11
6.87167027277e-09	2.17479411216e-11
6.87286368546e-09	1.78826199725e-11
6.87405709815e-09	1.48284897816e-11
6.87525051084e-09	1.37656424887e-11
6.87644392353e-09	1.59039188069e-11
6.87763733622e-09	1.8150503019e-11
6.87883074891e-09	2.21744866392e-11
6.8800241616e-09	2.64845975012e-11
6.88121757429e-09	2.89969400488e-11
6.88241098698e-09	2.8816500618e-11
6.88360439968e-09	2.69675850661e-11
6.88479781237e-09	2.47973267354e-11
6.88599122506e-09	2.02707043859e-11
6.88718463775e-09	1.65130554629e-11
6.88837805044e-09	1.55114767602e-11
6.88957146313e-09	1.5670081877e-11
6.89076487582e-09	1.74118282726e-11
6.89195828851e-09	2.03424237091e-11
6.8931517012e-09	2.49870948585e-11
6.89434511389e-09	2.77347754138e-11
6.89553852658e-09	2.89615796623e-11
6.89673193927e-09	2.9012313385e-11
6.89792535196e-09	2.69705679231e-11
6.89911876465e-09	2.2487560208e-11
6.90031217734e-09	1.92371454053e-11
6.90150559004e-09	1.70901043968e-11
6.90269900273e-09	1.5734403472e-11
6.90389241542e-09	1.59542146204e-11
6.90508582811e-09	1.93918194219e-11
6.9062792408e-09	2.31660142458e-11
6.90747265349e-09	2.66284457592e-11
6.90866606618e-09	2.8855465543e-11
6.90985947887e-09	2.97231161125e-11
6.91105289156e-09	2.85816357561e-11
6.91224630425e-09	2.52132908735e-11
6.91343971694e-09	2.21351023448e-11
6.91463312963e-09	1.91008595659e-11
6.91582654232e-09	1.64756448501e-11
6.91701995501e-09	1.67715023727e-11
6.9182133677e-09	1.83710418839e-11
6.91940678039e-09	2.12644021315e-11
6.92060019309e-09	2.47968785262e-11
6.92179360578e-09	2.83882919342e-11
6.92298701847e-09	3.01786885412e-11
6.92418043116e-09	2.95628751514e-11
6.92537384385e-09	2.74682193224e-11
6.92656725654e-09	2.52281635253e-11
6.92776066923e-09	2.09423227458e-11
6.92895408192e-09	1.78090164143e-11
6.93014749461e-09	1.66657832283e-11
6.9313409073e-09	1.80498626028e-11
6.93253431999e-09	2.00027373137e-11
6.93372773268e-09	2.28342702819e-11
6.93492114537e-09	2.77005250335e-11
6.93611455806e-09	2.95300153687e-11
6.93730797075e-09	3.00729534591e-11
6.93850138345e-09	2.95146632828e-11
6.93969479614e-09	2.6868173051e-11
6.94088820883e-09	2.31695088462e-11
6.94208162152e-09	1.97300037636e-11
6.94327503421e-09	1.8626340921e-11
6.9444684469e-09	1.78497917402e-11
6.94566185959e-09	1.8728644178e-11
6.94685527228e-09	2.20630597125e-11
6.94804868497e-09	2.59904988156e-11
6.94924209766e-09	2.84833497934e-11
6.95043551035e-09	3.00983023227e-11
6.95162892304e-09	3.09662107154e-11
6.95282233573e-09	2.87610391232e-11
6.95401574842e-09	2.52481364808e-11
6.95520916111e-09	2.19304377175e-11
6.95640257381e-09	1.95239442018e-11
6.9575959865e-09	1.76942760574e-11
6.95878939919e-09	1.846710675e-11
6.95998281188e-09	2.11132428814e-11
6.96117622457e-09	2.35245007068e-11
6.96236963726e-09	2.70597335771e-11
6.96356304995e-09	3.0037327443e-11
6.96475646264e-09	3.11731703818e-11
6.96594987533e-09	3.00169930145e-11
6.96714328802e-09	2.73615132287e-11
6.96833670071e-09	2.49351867279e-11
6.9695301134e-09	2.12567639272e-11
6.97072352609e-09	1.88219192836e-11
6.97191693878e-09	1.91816402172e-11
6.97311035147e-09	2.05496817479e-11
6.97430376416e-09	2.2985695812e-11
6.97549717686e-09	2.63345317775e-11
6.97669058955e-09	2.93612471575e-11
6.97788400224e-09	3.11815215575e-11
6.97907741493e-09	3.06985994784e-11
6.98027082762e-09	2.98407637576e-11
6.98146424031e-09	2.71315979666e-11
6.982657653e-09	2.3303407164e-11
6.98385106569e-09	2.04432579805e-11
6.98504447838e-09	1.98077817169e-11
6.98623789107e-09	1.97536557424e-11
6.98743130376e-09	2.10308374448e-11
6.98862471645e-09	2.439398618e-11
6.98981812914e-09	2.78696579703e-11
6.99101154183e-09	2.98837157277e-11
6.99220495452e-09	3.11586373022e-11
6.99339836722e-09	3.14647153818e-11
6.99459177991e-09	2.88707436864e-11
6.9957851926e-09	2.54965389079e-11
6.99697860529e-09	2.2511193647e-11
6.99817201798e-09	2.07531106015e-11
6.99936543067e-09	1.99404269138e-11
7.00055884336e-09	2.05029370218e-11
7.00175225605e-09	2.34165891972e-11
7.00294566874e-09	2.60363644707e-11
7.00413908143e-09	2.86195099737e-11
7.00533249412e-09	3.13723949163e-11
7.00652590681e-09	3.20332167909e-11
7.0077193195e-09	3.0051881773e-11
7.00891273219e-09	2.77099482682e-11
7.01010614488e-09	2.46668703258e-11
7.01129955758e-09	2.23661967853e-11
7.01249297027e-09	2.03656538248e-11
7.01368638296e-09	2.06281370024e-11
7.01487979565e-09	2.28065279335e-11
7.01607320834e-09	2.44571329334e-11
7.01726662103e-09	2.7993584447e-11
7.01846003372e-09	3.10712352115e-11
7.01965344641e-09	3.2412276205e-11
7.0208468591e-09	3.13270793854e-11
7.02204027179e-09	2.9684590723e-11
7.02323368448e-09	2.73064279521e-11
7.02442709717e-09	2.35977114585e-11
7.02562050986e-09	2.157772073e-11
7.02681392255e-09	2.10604441872e-11
7.02800733524e-09	2.16731526389e-11
7.02920074793e-09	2.36837270715e-11
7.03039416063e-09	2.700867828e-11
7.03158757332e-09	3.00190341335e-11
7.03278098601e-09	3.15411290835e-11
7.0339743987e-09	3.19692805215e-11
7.03516781139e-09	3.16083517866e-11
7.03636122408e-09	2.86910833633e-11
7.03755463677e-09	2.51916994209e-11
7.03874804946e-09	2.36751122179e-11
7.03994146215e-09	2.16947479946e-11
7.04113487484e-09	2.11334424353e-11
7.04232828753e-09	2.23106767436e-11
7.04352170022e-09	2.58025083504e-11
7.04471511291e-09	2.82779865062e-11
7.0459085256e-09	3.03169557601e-11
7.04710193829e-09	3.24044660462e-11
7.04829535099e-09	3.20621795172e-11
7.04948876368e-09	3.00531440012e-11
7.05068217637e-09	2.76016466627e-11
7.05187558906e-09	2.50628513169e-11
7.05306900175e-09	2.29122842661e-11
7.05426241444e-09	2.1645586365e-11
7.05545582713e-09	2.25513156326e-11
7.05664923982e-09	2.46030433439e-11
7.05784265251e-09	2.7227988527e-11
7.0590360652e-09	2.97335463542e-11
7.06022947789e-09	3.27897967025e-11
7.06142289058e-09	3.30803169146e-11
7.06261630327e-09	3.16080694604e-11
7.06380971596e-09	3.01283722363e-11
7.06500312865e-09	2.7376370268e-11
7.06619654135e-09	2.40400592228e-11
7.06738995404e-09	2.23416580375e-11
7.06858336673e-09	2.2666106405e-11
7.06977677942e-09	2.37095039782e-11
7.07097019211e-09	2.53678870445e-11
7.0721636048e-09	2.90173538409e-11
7.07335701749e-09	3.19656876923e-11
7.07455043018e-09	3.25059831482e-11
7.07574384287e-09	3.30556658434e-11
7.07693725556e-09	3.22951730462e-11
7.07813066825e-09	2.89668569079e-11
7.07932408094e-09	2.5672830398e-11
7.08051749363e-09	2.40147647861e-11
7.08171090632e-09	2.29737342431e-11
7.08290431901e-09	2.2908297221e-11
7.0840977317e-09	2.50316113323e-11
7.0852911444e-09	2.80193286108e-11
7.08648455709e-09	3.04736544159e-11
7.08767796978e-09	3.18624499614e-11
7.08887138247e-09	3.37029232647e-11
7.09006479516e-09	3.27207735733e-11
7.09125820785e-09	3.02542307613e-11
7.09245162054e-09	2.77650977296e-11
7.09364503323e-09	2.59286463827e-11
7.09483844592e-09	2.38272854138e-11
7.09603185861e-09	2.30634153268e-11
7.0972252713e-09	2.45931940177e-11
7.09841868399e-09	2.68391016876e-11
7.09961209668e-09	2.93101218209e-11
7.10080550937e-09	3.17380102234e-11
7.10199892206e-09	3.36472856955e-11
7.10319233476e-09	3.3963088418e-11
7.10438574745e-09	3.21732573309e-11
7.10557916014e-09	2.98769457525e-11
7.10677257283e-09	2.75190074721e-11
7.10796598552e-09	2.43767107194e-11
7.10915939821e-09	2.34389189915e-11
7.1103528109e-09	2.43239853173e-11
7.11154622359e-09	2.55948745271e-11
7.11273963628e-09	2.78565547365e-11
7.11393304897e-09	3.09517372669e-11
7.11512646166e-09	3.33005090516e-11
7.11631987435e-09	3.36416922965e-11
7.11751328704e-09	3.35069587094e-11
7.11870669973e-09	3.23342706776e-11
7.11990011242e-09	2.88373940612e-11
7.12109352511e-09	2.62331868468e-11
7.12228693781e-09	2.52247036193e-11
7.1234803505e-09	2.42034235536e-11
7.12467376319e-09	2.44956828259e-11
7.12586717588e-09	2.67760470914e-11
7.12706058857e-09	3.0087150436e-11
7.12825400126e-09	3.22134090236e-11
7.12944741395e-09	3.30157550604e-11
7.13064082664e-09	3.41237771546e-11
7.13183423933e-09	3.28621782564e-11
7.13302765202e-09	3.03252880706e-11
7.13422106471e-09	2.78137885987e-11
7.1354144774e-09	2.65098598455e-11
7.13660789009e-09	2.47841604011e-11
7.13780130278e-09	2.49091218572e-11
7.13899471547e-09	2.65778315155e-11
7.14018812817e-09	2.81775791935e-11
7.14138154086e-09	3.06622476975e-11
7.14257495355e-09	3.27823219959e-11
7.14376836624e-09	3.41412733588e-11
7.14496177893e-09	3.36398929546e-11
7.14615519162e-09	3.21167547852e-11
7.14734860431e-09	3.01142602608e-11
7.148542017e-09	2.74140293799e-11
7.14973542969e-09	2.57503833794e-11
7.15092884238e-09	2.51635825892e-11
7.15212225507e-09	2.63704661406e-11
7.15331566776e-09	2.7552213332e-11
7.15450908045e-09	2.9652145973e-11
7.15570249314e-09	3.25697338023e-11
7.15689590583e-09	3.40153209419e-11
7.15808931853e-09	3.4415477846e-11
7.15928273122e-09	3.32730024089e-11
7.16047614391e-09	3.15785594288e-11
7.1616695566e-09	2.92925766109e-11
7.16286296929e-09	2.66835412273e-11
7.16405638198e-09	2.57092916834e-11
7.16524979467e-09	2.58001933619e-11
7.16644320736e-09	2.66936722292e-11
7.16763662005e-09	2.89659936661e-11
7.16883003274e-09	3.12207837708e-11
7.17002344543e-09	3.31874152725e-11
7.17121685812e-09	3.4306437682e-11
7.17241027081e-09	3.45314605903e-11
7.1736036835e-09	3.33970574719e-11
7.17479709619e-09	3.05063092843e-11
7.17599050888e-09	2.85416581862e-11
7.17718392158e-09	2.69569559817e-11
7.17837733427e-09	2.56197686763e-11
7.17957074696e-09	2.6153132611e-11
7.18076415965e-09	2.78006220475e-11
7.18195757234e-09	3.05011070654e-11
7.18315098503e-09	3.19220832493e-11
7.18434439772e-09	3.40835500014e-11
7.18553781041e-09	3.48473068977e-11
7.1867312231e-09	3.37816775421e-11
7.18792463579e-09	3.18245959099e-11
7.18911804848e-09	2.98613028835e-11
7.19031146117e-09	2.76336997989e-11
7.19150487386e-09	2.60251607591e-11
7.19269828655e-09	2.58577584258e-11
7.19389169924e-09	2.70181234156e-11
7.19508511194e-09	2.90567778172e-11
7.19627852463e-09	3.11759463731e-11
7.19747193732e-09	3.35425198901e-11
7.19866535001e-09	3.48882977629e-11
7.1998587627e-09	3.43103371235e-11
7.20105217539e-09	3.35550090318e-11
7.20224558808e-09	3.17183833452e-11
7.20343900077e-09	2.92879837136e-11
7.20463241346e-09	2.73921675273e-11
7.20582582615e-09	2.66443327904e-11
7.20701923884e-09	2.7033996786e-11
7.20821265153e-09	2.80194795317e-11
7.20940606422e-09	3.01385249223e-11
7.21059947691e-09	3.25097461971e-11
7.2117928896e-09	3.37985006735e-11
7.2129863023e-09	3.4743986117e-11
7.21417971499e-09	3.43512605513e-11
7.21537312768e-09	3.28526878011e-11
7.21656654037e-09	3.04372330291e-11
7.21775995306e-09	2.85588156856e-11
7.21895336575e-09	2.7735874578e-11
7.22014677844e-09	2.6525091585e-11
7.22134019113e-09	2.7118607273e-11
7.22253360382e-09	2.95606004952e-11
7.22372701651e-09	3.18177441859e-11
7.2249204292e-09	3.3423077023e-11
7.22611384189e-09	3.45260495541e-11
7.22730725458e-09	3.51083786609e-11
7.22850066727e-09	3.38838529717e-11
7.22969407996e-09	3.19442150683e-11
7.23088749265e-09	2.99019147117e-11
7.23208090535e-09	2.84701240447e-11
7.23327431804e-09	2.66105614107e-11
7.23446773073e-09	2.70472071389e-11
7.23566114342e-09	2.86983178107e-11
7.23685455611e-09	3.04793085302e-11
7.2380479688e-09	3.22297826448e-11
7.23924138149e-09	3.42359632397e-11
7.24043479418e-09	3.53313866878e-11
7.24162820687e-09	3.44678914316e-11
7.24282161956e-09	3.31301832756e-11
7.24401503225e-09	3.15532086136e-11
7.24520844494e-09	2.93722995145e-11
7.24640185763e-09	2.73904666309e-11
7.24759527032e-09	2.70939384209e-11
7.24878868301e-09	2.81130635264e-11
7.24998209571e-09	2.91400902973e-11
7.2511755084e-09	3.17762049312e-11
7.25236892109e-09	3.38572254e-11
7.25356233378e-09	3.53433695071e-11
7.25475574647e-09	3.49943429269e-11
7.25594915916e-09	3.47105653681e-11
7.25714257185e-09	3.3370407132e-11
7.25833598454e-09	3.05022112169e-11
7.25952939723e-09	2.87592629832e-11
7.26072280992e-09	2.80393614143e-11
7.26191622261e-09	2.75614882479e-11
7.2631096353e-09	2.85182008217e-11
7.26430304799e-09	3.10832941417e-11
7.26549646068e-09	3.31918639709e-11
7.26668987337e-09	3.43383481372e-11
7.26788328607e-09	3.50149631512e-11
7.26907669876e-09	3.52749791183e-11
7.27027011145e-09	3.36898781442e-11
7.27146352414e-09	3.15819627394e-11
7.27265693683e-09	3.04712179967e-11
7.27385034952e-09	2.8813290729e-11
7.27504376221e-09	2.78836279153e-11
7.2762371749e-09	2.85495559485e-11
7.27743058759e-09	3.0237071744e-11
7.27862400028e-09	3.1901465844e-11
7.27981741297e-09	3.33037180732e-11
7.28101082566e-09	3.48670502193e-11
7.28220423835e-09	3.54759216795e-11
7.28339765104e-09	3.4398473436e-11
7.28459106373e-09	3.29953737943e-11
7.28578447642e-09	3.18057134449e-11
7.28697788912e-09	2.93982509777e-11
7.28817130181e-09	2.77627283142e-11
7.2893647145e-09	2.78714148115e-11
7.29055812719e-09	2.95124747123e-11
7.29175153988e-09	3.05725878641e-11
7.29294495257e-09	3.26458322181e-11
7.29413836526e-09	3.5063093054e-11
7.29533177795e-09	3.55389480865e-11
7.29652519064e-09	3.5060493354e-11
7.29771860333e-09	3.44211354298e-11
7.29891201602e-09	3.29969255045e-11
7.30010542871e-09	3.02650209581e-11
7.3012988414e-09	2.86415500692e-11
7.30249225409e-09	2.86773419681e-11
7.30368566678e-09	2.8434038327e-11
7.30487907948e-09	2.95149657752e-11
7.30607249217e-09	3.23747873128e-11
7.30726590486e-09	3.39925511784e-11
7.30845931755e-09	3.49968203289e-11
7.30965273024e-09	3.51028607223e-11
7.31084614293e-09	3.52557306266e-11
7.31203955562e-09	3.31173057727e-11
7.31323296831e-09	3.07428941245e-11
7.314426381e-09	3.00077462878e-11
7.31561979369e-09	2.883065401e-11
7.31681320638e-09	2.78630445539e-11
7.31800661907e-09	2.92247957605e-11
7.31920003176e-09	3.14935467028e-11
7.32039344445e-09	3.26694799685e-11
7.32158685714e-09	3.38887728643e-11
7.32278026983e-09	3.56383507774e-11
7.32397368253e-09	3.55676599284e-11
7.32516709522e-09	3.40256507865e-11
7.32636050791e-09	3.24680664299e-11
7.3275539206e-09	3.16651331891e-11
7.32874733329e-09	2.94889117465e-11
7.32994074598e-09	2.82359966571e-11
7.33113415867e-09	2.87241977166e-11
7.33232757136e-09	3.02445304044e-11
7.33352098405e-09	3.1130135145e-11
7.33471439674e-09	3.32872015542e-11
7.33590780943e-09	3.52868888623e-11
7.33710122212e-09	3.51874855208e-11
7.33829463481e-09	3.48041738658e-11
7.3394880475e-09	3.39159071921e-11
7.34068146019e-09	3.25863986402e-11
7.34187487289e-09	3.00958192829e-11
7.34306828558e-09	2.91113134033e-11
7.34426169827e-09	2.93739624638e-11
7.34545511096e-09	2.90992978411e-11
7.34664852365e-09	3.04476313953e-11
7.34784193634e-09	3.28296164125e-11
7.34903534903e-09	3.46585954381e-11
7.35022876172e-09	3.50959775564e-11
7.35142217441e-09	3.55594603242e-11
7.3526155871e-09	3.51949550233e-11
7.35380899979e-09	3.33636417105e-11
7.35500241248e-09	3.10264262199e-11
7.35619582517e-09	3.03164602797e-11
7.35738923786e-09	2.9623171971e-11
7.35858265055e-09	2.88202096736e-11
7.35977606325e-09	3.02262351433e-11
7.36096947594e-09	3.19567994029e-11
7.36216288863e-09	3.30921386214e-11
7.36335630132e-09	3.40673541894e-11
7.36454971401e-09	3.55473818783e-11
7.3657431267e-09	3.53480855697e-11
7.36693653939e-09	3.39010345404e-11
7.36812995208e-09	3.24876356286e-11
7.36932336477e-09	3.12628711981e-11
7.37051677746e-09	2.94670357993e-11
7.37171019015e-09	2.85018174426e-11
7.37290360284e-09	3.00062917222e-11
7.37409701553e-09	3.10955102813e-11
7.37529042822e-09	3.24331321348e-11
7.37648384091e-09	3.37765360386e-11
7.3776772536e-09	3.55051981739e-11
7.3788706663e-09	3.48034550398e-11
7.38006407899e-09	3.43755020109e-11
7.38125749168e-09	3.35611770579e-11
7.38245090437e-09	3.21980489146e-11
7.38364431706e-09	3.00170268416e-11
7.38483772975e-09	2.91390798209e-11
7.38603114244e-09	2.9961505282e-11
7.38722455513e-09	3.00115778583e-11
7.38841796782e-09	3.10726934634e-11
7.38961138051e-09	3.33026440626e-11
7.3908047932e-09	3.49129748549e-11
7.39199820589e-09	3.46689781917e-11
7.39319161858e-09	3.47453947124e-11
7.39438503127e-09	3.44689546003e-11
7.39557844396e-09	3.23458924575e-11
7.39677185666e-09	3.07111035821e-11
7.39796526935e-09	2.96205933045e-11
7.39915868204e-09	2.94840237294e-11
7.40035209473e-09	2.91360338633e-11
7.40154550742e-09	2.99562360594e-11
7.40273892011e-09	3.22859772771e-11
7.4039323328e-09	3.3369112161e-11
7.40512574549e-09	3.44794715782e-11
7.40631915818e-09	3.55276825754e-11
7.40751257087e-09	3.53093903942e-11
7.40870598356e-09	3.3320296175e-11
7.40989939625e-09	3.21748816826e-11
7.41109280894e-09	3.10586448053e-11
7.41228622163e-09	2.93229344885e-11
7.41347963432e-09	2.87464540019e-11
7.41467304702e-09	3.02722914011e-11
7.41586645971e-09	3.17582279918e-11
7.4170598724e-09	3.31046036937e-11
7.41825328509e-09	3.44024006331e-11
7.41944669778e-09	3.56780902565e-11
7.42064011047e-09	3.52372415101e-11
7.42183352316e-09	3.38844783395e-11
7.42302693585e-09	3.33243393817e-11
7.42422034854e-09	3.17333498888e-11
7.42541376123e-09	3.00119120094e-11
7.42660717392e-09	2.93103414803e-11
7.42780058661e-09	3.04658852399e-11
7.4289939993e-09	3.05862011066e-11
7.43018741199e-09	3.15571648674e-11
7.43138082468e-09	3.39212369131e-11
7.43257423737e-09	3.52077043735e-11
7.43376765007e-09	3.47491920221e-11
7.43496106276e-09	3.44344179906e-11
7.43615447545e-09	3.44690536964e-11
7.43734788814e-09	3.21597058879e-11
7.43854130083e-09	3.05657012287e-11
7.43973471352e-09	3.00767702844e-11
7.44092812621e-09	2.9768055642e-11
7.4421215389e-09	2.98880664142e-11
7.44331495159e-09	3.11791842345e-11
7.44450836428e-09	3.3176462879e-11
7.44570177697e-09	3.40240758744e-11
7.44689518966e-09	3.45318719366e-11
7.44808860235e-09	3.54255036764e-11
7.44928201504e-09	3.46806641564e-11
7.45047542773e-09	3.30385749141e-11
7.45166884043e-09	3.17924230778e-11
7.45286225312e-09	3.11819118703e-11
7.45405566581e-09	2.96081880801e-11
7.4552490785e-09	2.92599499317e-11
7.45644249119e-09	3.10394071557e-11
7.45763590388e-09	3.22913837596e-11
7.45882931657e-09	3.31373088691e-11
7.46002272926e-09	3.47611035009e-11
7.46121614195e-09	3.5621033033e-11
7.46240955464e-09	3.46623819057e-11
7.46360296733e-09	3.34383278445e-11
7.46479638002e-09	3.30530075966e-11
7.46598979271e-09	3.14255316648e-11
7.4671832054e-09	3.00242192219e-11
7.46837661809e-09	2.97656892623e-11
7.46957003079e-09	3.07042824325e-11
7.47076344348e-09	3.09654218499e-11
7.47195685617e-09	3.24045590708e-11
7.47315026886e-09	3.4779984448e-11
7.47434368155e-09	3.50602259898e-11
7.47553709424e-09	3.48753476185e-11
7.47673050693e-09	3.4111532609e-11
7.47792391962e-09	3.34916703745e-11
7.47911733231e-09	3.16063284485e-11
7.480310745e-09	2.98415140255e-11
7.48150415769e-09	3.02998414119e-11
7.48269757038e-09	3.0059830276e-11
7.48389098307e-09	3.01917423354e-11
7.48508439576e-09	3.19608469464e-11
7.48627780845e-09	3.39863536619e-11
7.48747122114e-09	3.43223307848e-11
7.48866463384e-09	3.46395481743e-11
7.48985804653e-09	3.50435687413e-11
7.49105145922e-09	3.4907634075e-11
7.49224487191e-09	3.21421281518e-11
7.4934382846e-09	3.07804118565e-11
7.49463169729e-09	3.07811170216e-11
7.49582510998e-09	2.95431240235e-11
7.49701852267e-09	2.95235131915e-11
7.49821193536e-09	3.09141364851e-11
7.49940534805e-09	3.23217867401e-11
7.50059876074e-09	3.30445278345e-11
7.50179217343e-09	3.42894625454e-11
7.50298558612e-09	3.526813043e-11
7.50417899881e-09	3.41286992157e-11
7.5053724115e-09	3.26805787293e-11
7.5065658242e-09	3.22886179599e-11
7.50775923689e-09	3.09250520157e-11
7.50895264958e-09	2.98045225652e-11
7.51014606227e-09	2.96065999408e-11
7.51133947496e-09	3.09760192756e-11
7.51253288765e-09	3.15264004139e-11
7.51372630034e-09	3.22660453043e-11
7.51491971303e-09	3.46232311484e-11
7.51611312572e-09	3.5180267987e-11
7.51730653841e-09	3.47988218102e-11
7.5184999511e-09	3.38730005416e-11
7.51969336379e-09	3.27918872611e-11
7.52088677648e-09	3.08623675661e-11
7.52208018917e-09	2.93256616907e-11
7.52327360186e-09	2.97515406408e-11
7.52446701456e-09	2.99970083495e-11
7.52566042725e-09	3.0668279331e-11
7.52685383994e-09	3.19647643857e-11
7.52804725263e-09	3.33961135655e-11
7.52924066532e-09	3.41122347383e-11
7.53043407801e-09	3.37902800358e-11
7.5316274907e-09	3.47009255098e-11
7.53282090339e-09	3.36254852087e-11
7.53401431608e-09	3.16402414251e-11
7.53520772877e-09	3.01428658509e-11
7.53640114146e-09	2.99913442605e-11
7.53759455415e-09	2.92464663598e-11
7.53878796684e-09	2.97284625302e-11
7.53998137953e-09	3.17771395135e-11
7.54117479222e-09	3.29314310196e-11
7.54236820491e-09	3.32699692449e-11
7.54356161761e-09	3.44479820103e-11
7.5447550303e-09	3.51705973373e-11
7.54594844299e-09	3.41614020058e-11
7.54714185568e-09	3.22112805179e-11
7.54833526837e-09	3.15175090887e-11
7.54952868106e-09	3.07147033501e-11
7.55072209375e-09	2.90870927604e-11
7.55191550644e-09	2.98051147565e-11
7.55310891913e-09	3.14337705171e-11
7.55430233182e-09	3.19741830668e-11
7.55549574451e-09	3.29032361253e-11
7.5566891572e-09	3.41625094099e-11
7.55788256989e-09	3.46357333005e-11
7.55907598258e-09	3.3784940557e-11
7.56026939527e-09	3.30416473262e-11
7.56146280797e-09	3.23115373433e-11
7.56265622066e-09	3.04059843709e-11
7.56384963335e-09	2.9392855554e-11
7.56504304604e-09	2.94057454168e-11
7.56623645873e-09	3.02217461126e-11
7.56742987142e-09	3.09485367021e-11
7.56862328411e-09	3.21192746879e-11
7.5698166968e-09	3.40563300217e-11
7.57101010949e-09	3.40690321007e-11
7.57220352218e-09	3.35695488334e-11
7.57339693487e-09	3.39432410131e-11
7.57459034756e-09	3.27347756107e-11
7.57578376025e-09	3.09737663035e-11
7.57697717294e-09	2.99729689852e-11
7.57817058563e-09	3.00260443679e-11
7.57936399832e-09	2.94630739077e-11
7.58055741102e-09	2.95596737192e-11
7.58175082371e-09	3.20258064859e-11
7.5829442364e-09	3.33207250854e-11
7.58413764909e-09	3.33926174472e-11
7.58533106178e-09	3.36563372658e-11
7.58652447447e-09	3.42936783571e-11
7.58771788716e-09	3.30144848092e-11
7.58891129985e-09	3.17743693769e-11
7.59010471254e-09	3.09980313987e-11
7.59129812523e-09	3.00287871825e-11
7.59249153792e-09	2.91151167845e-11
7.59368495061e-09	2.95551345984e-11
7.5948783633e-09	3.11289195375e-11
7.59607177599e-09	3.16471063765e-11
7.59726518868e-09	3.26525687998e-11
7.59845860138e-09	3.38610793051e-11
7.59965201407e-09	3.40507229617e-11
7.60084542676e-09	3.29976321874e-11
7.60203883945e-09	3.16927818624e-11
7.60323225214e-09	3.1545973082e-11
7.60442566483e-09	2.9864172333e-11
7.60561907752e-09	2.89733699272e-11
7.60681249021e-09	2.93626919654e-11
7.6080059029e-09	3.00466108157e-11
7.60919931559e-09	3.03211874011e-11
7.61039272828e-09	3.19003653788e-11
7.61158614097e-09	3.36407590153e-11
7.61277955366e-09	3.37779110238e-11
7.61397296635e-09	3.3424175103e-11
7.61516637904e-09	3.32170512884e-11
7.61635979174e-09	3.22177074515e-11
7.61755320443e-09	2.99238474711e-11
7.61874661712e-09	2.93362302766e-11
7.61994002981e-09	2.97678127807e-11
7.6211334425e-09	2.9132755236e-11
7.62232685519e-09	2.95956748692e-11
7.62352026788e-09	3.14223152706e-11
7.62471368057e-09	3.26426661309e-11
7.62590709326e-09	3.2717084467e-11
7.62710050595e-09	3.29787210995e-11
7.62829391864e-09	3.32344967519e-11
7.62948733133e-09	3.18870301257e-11
7.63068074402e-09	2.99142288631e-11
7.63187415671e-09	3.00424336016e-11
7.6330675694e-09	2.96293369614e-11
7.63426098209e-09	2.9232553227e-11
7.63545439479e-09	2.94702626018e-11
7.63664780748e-09	3.12140502248e-11
7.63784122017e-09	3.15224517496e-11
7.63903463286e-09	3.21715893942e-11
7.64022804555e-09	3.35996733908e-11
7.64142145824e-09	3.35799610774e-11
7.64261487093e-09	3.27548509149e-11
7.64380828362e-09	3.17540616197e-11
7.64500169631e-09	3.10568844947e-11
7.646195109e-09	2.95490537421e-11
7.64738852169e-09	2.85604218227e-11
7.64858193438e-09	2.94967609366e-11
7.64977534707e-09	3.00472615539e-11
7.65096875976e-09	3.04539679065e-11
7.65216217245e-09	3.15087890675e-11
7.65335558515e-09	3.3813076037e-11
7.65454899784e-09	3.32626083795e-11
7.65574241053e-09	3.27656105373e-11
7.65693582322e-09	3.26257497581e-11
7.65812923591e-09	3.14379930508e-11
7.6593226486e-09	2.99630229482e-11
7.66051606129e-09	2.88903696972e-11
7.66170947398e-09	2.95035664736e-11
7.66290288667e-09	2.92641390721e-11
7.66409629936e-09	2.96326348875e-11
7.66528971205e-09	3.16140360418e-11
7.66648312474e-09	3.26231227362e-11
7.66767653743e-09	3.22550380502e-11
7.66886995012e-09	3.27110573871e-11
7.67006336281e-09	3.27528824375e-11
7.67125677551e-09	3.13194134256e-11
7.6724501882e-09	2.9339556392e-11
7.67364360089e-09	2.954316956e-11
7.67483701358e-09	2.92969587392e-11
7.67603042627e-09	2.83843259227e-11
7.67722383896e-09	2.93183964519e-11
7.67841725165e-09	3.08875676772e-11
7.67961066434e-09	3.15397168018e-11
7.68080407703e-09	3.19109562993e-11
7.68199748972e-09	3.30570735715e-11
7.68319090241e-09	3.29470424467e-11
7.6843843151e-09	3.14652819858e-11
7.68557772779e-09	3.10514361619e-11
7.68677114048e-09	3.03283483397e-11
7.68796455317e-09	2.91103070468e-11
7.68915796586e-09	2.82621569377e-11
7.69035137856e-09	2.91991493918e-11
7.69154479125e-09	3.00233217194e-11
7.69273820394e-09	3.06888923995e-11
7.69393161663e-09	3.15476559806e-11
7.69512502932e-09	3.29927305094e-11
7.69631844201e-09	3.23651324925e-11
7.6975118547e-09	3.15535386448e-11
7.69870526739e-09	3.15923372532e-11
7.69989868008e-09	3.02469436216e-11
7.70109209277e-09	2.89694084693e-11
7.70228550546e-09	2.83854597813e-11
7.70347891815e-09	2.93175846013e-11
7.70467233084e-09	2.88738395172e-11
7.70586574353e-09	2.93948229473e-11
7.70705915622e-09	3.13017300881e-11
7.70825256892e-09	3.21169356301e-11
7.70944598161e-09	3.18275449399e-11
7.7106393943e-09	3.18115846165e-11
7.71183280699e-09	3.13610476563e-11
7.71302621968e-09	3.01907281727e-11
7.71421963237e-09	2.86123902349e-11
7.71541304506e-09	2.8311187162e-11
7.71660645775e-09	2.82551176466e-11
7.71779987044e-09	2.75067915494e-11
7.71899328313e-09	2.86755582387e-11
7.72018669582e-09	3.01114502256e-11
7.72138010851e-09	3.07116777756e-11
7.7225735212e-09	3.08639006279e-11
7.72376693389e-09	3.18441412562e-11
7.72496034658e-09	3.17383428566e-11
7.72615375928e-09	2.98999405964e-11
7.72734717197e-09	2.93259633157e-11
7.72854058466e-09	2.86344131999e-11
7.72973399735e-09	2.76392832232e-11
7.73092741004e-09	2.72782540913e-11
7.73212082273e-09	2.86319375327e-11
7.73331423542e-09	2.95475974417e-11
7.73450764811e-09	3.00493835544e-11
7.7357010608e-09	3.11478382149e-11
7.73689447349e-09	3.18792004513e-11
7.73808788618e-09	3.14537287275e-11
7.73928129887e-09	3.04654233698e-11
7.74047471156e-09	3.07319538741e-11
7.74166812425e-09	2.91517686726e-11
7.74286153694e-09	2.78626388454e-11
7.74405494963e-09	2.79437909444e-11
7.74524836233e-09	2.86387788484e-11
7.74644177502e-09	2.82452119419e-11
7.74763518771e-09	2.88478566122e-11
7.7488286004e-09	3.10808486153e-11
7.75002201309e-09	3.14603150389e-11
7.75121542578e-09	3.13567182202e-11
7.75240883847e-09	3.09670110735e-11
7.75360225116e-09	3.13023003785e-11
7.75479566385e-09	2.88413264625e-11
7.75598907654e-09	2.78893008947e-11
7.75718248923e-09	2.80067974021e-11
7.75837590192e-09	2.79623251637e-11
7.75956931461e-09	2.78890079433e-11
7.7607627273e-09	2.86495488791e-11
7.76195613999e-09	3.03038000509e-11
7.76314955269e-09	3.02924844497e-11
7.76434296538e-09	3.06556967311e-11
7.76553637807e-09	3.10801488712e-11
7.76672979076e-09	3.10000493157e-11
7.76792320345e-09	2.94944368408e-11
7.76911661614e-09	2.87193272636e-11
7.77031002883e-09	2.84429404942e-11
7.77150344152e-09	2.6880248678e-11
7.77269685421e-09	2.66277592424e-11
7.7738902669e-09	2.8276233785e-11
7.77508367959e-09	2.93803119854e-11
7.77627709228e-09	2.96045119842e-11
7.77747050497e-09	3.04085413533e-11
7.77866391766e-09	3.13446486648e-11
7.77985733035e-09	3.03562535352e-11
7.78105074305e-09	2.93156603593e-11
7.78224415574e-09	2.90003177722e-11
7.78343756843e-09	2.81687600762e-11
7.78463098112e-09	2.67573645532e-11
7.78582439381e-09	2.68987456007e-11
7.7870178065e-09	2.76795424688e-11
7.78821121919e-09	2.79264339518e-11
7.78940463188e-09	2.84949399146e-11
7.79059804457e-09	3.03499161566e-11
7.79179145726e-09	3.0710936615e-11
7.79298486995e-09	3.02250442556e-11
7.79417828264e-09	2.96197478437e-11
7.79537169533e-09	2.96021150301e-11
7.79656510802e-09	2.76135058829e-11
7.79775852071e-09	2.642867457e-11
7.7989519334e-09	2.72603122801e-11
7.8001453461e-09	2.69949633393e-11
7.80133875879e-09	2.70899949608e-11
7.80253217148e-09	2.80683063597e-11
7.80372558417e-09	2.99192268183e-11
7.80491899686e-09	2.96490848366e-11
7.80611240955e-09	2.99374823976e-11
7.80730582224e-09	3.05295758292e-11
7.80849923493e-09	2.98224001917e-11
7.80969264762e-09	2.85534347902e-11
7.81088606031e-09	2.74090687213e-11
7.812079473e-09	2.77265758096e-11
7.81327288569e-09	2.63942528857e-11
7.81446629838e-09	2.61761341769e-11
7.81565971107e-09	2.72648329695e-11
7.81685312376e-09	2.84682336298e-11
7.81804653646e-09	2.88521047331e-11
7.81923994915e-09	2.94174764843e-11
7.82043336184e-09	3.0208745878e-11
7.82162677453e-09	2.90822140675e-11
7.82282018722e-09	2.84093039891e-11
7.82401359991e-09	2.78003108815e-11
7.8252070126e-09	2.72235385276e-11
7.82640042529e-09	2.56645633565e-11
7.82759383798e-09	2.63881822209e-11
7.82878725067e-09	2.70375551375e-11
7.82998066336e-09	2.76956708435e-11
7.83117407605e-09	2.79289612271e-11
7.83236748874e-09	2.94161986436e-11
7.83356090143e-09	3.02441053972e-11
7.83475431412e-09	2.90386013846e-11
7.83594772681e-09	2.87381592048e-11
7.83714113951e-09	2.83815642429e-11
7.8383345522e-09	2.70367606341e-11
7.83952796489e-09	2.62003637102e-11
7.84072137758e-09	2.64087601613e-11
7.84191479027e-09	2.65152270799e-11
7.84310820296e-09	2.66386498363e-11
7.84430161565e-09	2.75037453749e-11
7.84549502834e-09	2.89737977534e-11
7.84668844103e-09	2.87775343919e-11
7.84788185372e-09	2.85135751815e-11
7.84907526641e-09	2.94116289483e-11
7.8502686791e-09	2.84370907898e-11
7.85146209179e-09	2.67660032593e-11
7.85265550448e-09	2.61273025784e-11
7.85384891717e-09	2.63382915738e-11
7.85504232987e-09	2.5377862355e-11
7.85623574256e-09	2.58015269306e-11
7.85742915525e-09	2.68098555509e-11
7.85862256794e-09	2.81572536554e-11
7.85981598063e-09	2.81638354131e-11
7.86100939332e-09	2.88672822625e-11
7.86220280601e-09	2.96260203869e-11
7.8633962187e-09	2.76615854788e-11
7.86458963139e-09	2.72499191181e-11
7.86578304408e-09	2.69139029639e-11
7.86697645677e-09	2.64871720477e-11
7.86816986946e-09	2.52511917626e-11
7.86936328215e-09	2.55121381919e-11
7.87055669484e-09	2.69007249202e-11
7.87175010753e-09	2.66382692814e-11
7.87294352023e-09	2.72259077262e-11
7.87413693292e-09	2.8682280509e-11
7.87533034561e-09	2.89603894251e-11
7.8765237583e-09	2.79338741808e-11
7.87771717099e-09	2.74589127477e-11
7.87891058368e-09	2.74527919928e-11
7.88010399637e-09	2.64189230388e-11
7.88129740906e-09	2.50833047909e-11
7.88249082175e-09	2.60823758425e-11
7.88368423444e-09	2.61362426927e-11
7.88487764713e-09	2.57070033663e-11
7.88607105982e-09	2.70818365563e-11
7.88726447251e-09	2.80962859315e-11
7.8884578852e-09	2.81809020564e-11
7.88965129789e-09	2.81966451056e-11
7.89084471058e-09	2.85376052216e-11
7.89203812328e-09	2.73472206252e-11
7.89323153597e-09	2.59284859208e-11
7.89442494866e-09	2.52287049758e-11
7.89561836135e-09	2.53815362825e-11
7.89681177404e-09	2.4810647677e-11
7.89800518673e-09	2.50002924179e-11
7.89919859942e-09	2.69938381543e-11
7.90039201211e-09	2.75055158771e-11
7.9015854248e-09	2.77297965406e-11
7.90277883749e-09	2.83925268279e-11
7.90397225018e-09	2.86788706932e-11
7.90516566287e-09	2.71427940887e-11
7.90635907556e-09	2.58795966428e-11
7.90755248825e-09	2.59147458267e-11
7.90874590094e-09	2.48665690903e-11
7.90993931364e-09	2.42851262103e-11
7.91113272633e-09	2.47591218361e-11
7.91232613902e-09	2.58861755816e-11
7.91351955171e-09	2.57738652469e-11
7.9147129644e-09	2.62605018026e-11
7.91590637709e-09	2.76071680707e-11
7.91709978978e-09	2.75149052847e-11
7.91829320247e-09	2.64153735777e-11
7.91948661516e-09	2.64330688414e-11
7.92068002785e-09	2.61686243421e-11
7.92187344054e-09	2.43888821898e-11
7.92306685323e-09	2.36995980566e-11
7.92426026592e-09	2.45803906743e-11
7.92545367861e-09	2.50011179294e-11
7.9266470913e-09	2.46113372737e-11
7.927840504e-09	2.59272570861e-11
7.92903391669e-09	2.72198667686e-11
7.93022732938e-09	2.72345024137e-11
7.93142074207e-09	2.6637444854e-11
7.93261415476e-09	2.68940401633e-11
7.93380756745e-09	2.60806918596e-11
7.93500098014e-09	2.38971663638e-11
7.93619439283e-09	2.41594411577e-11
7.93738780552e-09	2.42195619029e-11
7.93858121821e-09	2.41551969399e-11
7.9397746309e-09	2.40872111753e-11
7.94096804359e-09	2.5782291883e-11
7.94216145628e-09	2.61487398574e-11
7.94335486897e-09	2.62527150626e-11
7.94454828166e-09	2.69045666822e-11
7.94574169435e-09	2.66744324112e-11
7.94693510705e-09	2.54927765096e-11
7.94812851974e-09	2.47312821264e-11
7.94932193243e-09	2.47804957977e-11
7.95051534512e-09	2.41457437811e-11
7.95170875781e-09	2.33702601542e-11
7.9529021705e-09	2.4127300418e-11
7.95409558319e-09	2.50797741949e-11
7.95528899588e-09	2.48805091113e-11
7.95648240857e-09	2.57333477444e-11
7.95767582126e-09	2.67324584777e-11
7.95886923395e-09	2.67692979328e-11
7.96006264664e-09	2.54432182788e-11
7.96125605933e-09	2.50945336559e-11
7.96244947202e-09	2.52062086481e-11
7.96364288471e-09	2.32262492659e-11
7.96483629741e-09	2.30203033285e-11
7.9660297101e-09	2.39255837364e-11
7.96722312279e-09	2.46541450449e-11
7.96841653548e-09	2.44075137705e-11
7.96960994817e-09	2.53527687125e-11
7.97080336086e-09	2.66919405415e-11
7.97199677355e-09	2.55189530531e-11
7.97319018624e-09	2.521019591e-11
7.97438359893e-09	2.52700575309e-11
7.97557701162e-09	2.48462834508e-11
7.97677042431e-09	2.31468553092e-11
7.977963837e-09	2.33116032988e-11
7.97915724969e-09	2.37416748587e-11
7.98035066238e-09	2.34068463396e-11
7.98154407507e-09	2.3789002452e-11
7.98273748777e-09	2.54450035261e-11
7.98393090046e-09	2.5789259183e-11
7.98512431315e-09	2.52420725381e-11
7.98631772584e-09	2.57676711999e-11
7.98751113853e-09	2.58978613294e-11
7.98870455122e-09	2.45658916386e-11
7.98989796391e-09	2.3441183673e-11
7.9910913766e-09	2.32631878171e-11
7.99228478929e-09	2.32862962853e-11
7.99347820198e-09	2.27664896484e-11
7.99467161467e-09	2.35965626379e-11
7.99586502736e-09	2.50754482282e-11
7.99705844005e-09	2.47868945421e-11
7.99825185274e-09	2.47854388923e-11
7.99944526543e-09	2.59078960542e-11
8.00063867812e-09	2.52622113766e-11
8.00183209082e-09	2.45899281839e-11
8.00302550351e-09	2.39538684027e-11
8.0042189162e-09	2.40702048137e-11
8.00541232889e-09	2.26181963783e-11
8.00660574158e-09	2.22917457063e-11
8.00779915427e-09	2.28942719817e-11
8.00899256696e-09	2.34198895086e-11
8.01018597965e-09	2.3529255367e-11
8.01137939234e-09	2.42257355669e-11
8.01257280503e-09	2.52739201095e-11
8.01376621772e-09	2.44714114424e-11
8.01495963041e-09	2.38736298525e-11
8.0161530431e-09	2.40654757407e-11
8.01734645579e-09	2.33464996467e-11
8.01853986848e-09	2.21099707553e-11
8.01973328118e-09	2.18853550733e-11
8.02092669387e-09	2.31763239242e-11
8.02212010656e-09	2.25061215324e-11
8.02331351925e-09	2.28489295626e-11
8.02450693194e-09	2.43420032395e-11
8.02570034463e-09	2.52836469209e-11
8.02689375732e-09	2.42221279926e-11
8.02808717001e-09	2.50539591243e-11
8.0292805827e-09	2.45786043428e-11
8.03047399539e-09	2.33186846568e-11
8.03166740808e-09	2.23137886207e-11
8.03286082077e-09	2.24339386044e-11
8.03405423346e-09	2.23931836615e-11
8.03524764615e-09	2.15993661758e-11
8.03644105884e-09	2.2417346408e-11
8.03763447153e-09	2.34373141554e-11
8.03882788423e-09	2.37258923445e-11
8.04002129692e-09	2.34271165835e-11
8.04121470961e-09	2.42588505707e-11
8.0424081223e-09	2.44373757341e-11
8.04360153499e-09	2.22418817305e-11
8.04479494768e-09	2.21037342076e-11
8.04598836037e-09	2.21344390299e-11
8.04718177306e-09	2.14195421382e-11
8.04837518575e-09	2.08672350233e-11
8.04956859844e-09	2.22479497932e-11
8.05076201113e-09	2.24952868833e-11
8.05195542382e-09	2.26662770584e-11
8.05314883651e-09	2.29165579742e-11
8.0543422492e-09	2.43435866083e-11
8.05553566189e-09	2.32126104362e-11
8.05672907459e-09	2.25885462678e-11
8.05792248728e-09	2.28067948641e-11
8.05911589997e-09	2.21636019e-11
8.06030931266e-09	2.08930951966e-11
8.06150272535e-09	2.09734252535e-11
8.06269613804e-09	2.17747016164e-11
8.06388955073e-09	2.1368836171e-11
8.06508296342e-09	2.20438114377e-11
8.06627637611e-09	2.3011080888e-11
8.0674697888e-09	2.35227382277e-11
8.06866320149e-09	2.28117685332e-11
8.06985661418e-09	2.300877479e-11
8.07105002687e-09	2.32631192955e-11
8.07224343956e-09	2.13042587044e-11
8.07343685225e-09	2.07240377203e-11
8.07463026495e-09	2.09668202938e-11
8.07582367764e-09	2.08942127922e-11
8.07701709033e-09	2.04657260106e-11
8.07821050302e-09	2.17071746862e-11
8.07940391571e-09	2.28176318985e-11
8.0805973284e-09	2.28313242878e-11
8.08179074109e-09	2.25394117433e-11
8.08298415378e-09	2.36618146951e-11
8.08417756647e-09	2.27084199968e-11
8.08537097916e-09	2.15915280447e-11
8.08656439185e-09	2.09846697311e-11
8.08775780454e-09	2.09834831802e-11
8.08895121723e-09	2.00481185472e-11
8.09014462992e-09	1.99950297205e-11
8.09133804261e-09	2.13143985968e-11
8.0925314553e-09	2.17708312315e-11
8.093724868e-09	2.16767758257e-11
8.09491828069e-09	2.23519965557e-11
8.09611169338e-09	2.33158195442e-11
8.09730510607e-09	2.25374714551e-11
8.09849851876e-09	2.13562169251e-11
8.09969193145e-09	2.16515540306e-11
8.10088534414e-09	2.10638904322e-11
8.10207875683e-09	1.93926134916e-11
8.10327216952e-09	1.95985007737e-11
8.10446558221e-09	2.06621588329e-11
8.1056589949e-09	2.08190587166e-11
8.10685240759e-09	2.10057704737e-11
8.10804582028e-09	2.23970640211e-11
8.10923923297e-09	2.27869520128e-11
8.11043264566e-09	2.18620709643e-11
8.11162605836e-09	2.18020874791e-11
8.11281947105e-09	2.2274157345e-11
8.11401288374e-09	2.06658145457e-11
8.11520629643e-09	2.0370920879e-11
8.11639970912e-09	2.05034281654e-11
8.11759312181e-09	2.04824132915e-11
8.1187865345e-09	2.01283818172e-11
8.11997994719e-09	2.09096418565e-11
8.12117335988e-09	2.20162653299e-11
8.12236677257e-09	2.11860834865e-11
8.12356018526e-09	2.20294062939e-11
8.12475359795e-09	2.17811998906e-11
8.12594701064e-09	2.14003491577e-11
8.12714042333e-09	1.99096028292e-11
8.12833383602e-09	1.98366186758e-11
8.12952724872e-09	2.02946810832e-11
8.13072066141e-09	1.93850838159e-11
8.1319140741e-09	1.93680035118e-11
8.13310748679e-09	2.09576158511e-11
8.13430089948e-09	2.12974869945e-11
8.13549431217e-09	2.07722467699e-11
8.13668772486e-09	2.15143623403e-11
8.13788113755e-09	2.16991470365e-11
8.13907455024e-09	2.10538242656e-11
8.14026796293e-09	1.98637981064e-11
8.14146137562e-09	2.03595239626e-11
8.14265478831e-09	1.97533612731e-11
8.143848201e-09	1.82347314331e-11
8.14504161369e-09	1.86951845064e-11
8.14623502638e-09	1.92902036575e-11
8.14742843907e-09	1.97334136878e-11
8.14862185177e-09	1.96115016587e-11
8.14981526446e-09	2.15488857227e-11
8.15100867715e-09	2.17292653055e-11
8.15220208984e-09	2.04338913411e-11
8.15339550253e-09	2.04705772732e-11
8.15458891522e-09	2.05978868944e-11
8.15578232791e-09	1.91069558179e-11
8.1569757406e-09	1.81286501652e-11
8.15816915329e-09	1.89930868342e-11
8.15936256598e-09	1.90418350575e-11
8.16055597867e-09	1.82269876275e-11
8.16174939136e-09	1.94422991161e-11
8.16294280405e-09	2.11285800054e-11
8.16413621674e-09	2.02812345911e-11
8.16532962943e-09	2.07137479911e-11
8.16652304213e-09	2.0924364021e-11
8.16771645482e-09	1.97666657348e-11
8.16890986751e-09	1.86054470441e-11
8.1701032802e-09	1.83393606291e-11
8.17129669289e-09	1.89264853789e-11
8.17249010558e-09	1.7701459222e-11
8.17368351827e-09	1.81117799794e-11
8.17487693096e-09	1.92302224492e-11
8.17607034365e-09	1.97587801155e-11
8.17726375634e-09	1.9345413509e-11
8.17845716903e-09	2.05962477975e-11
8.17965058172e-09	2.06338106323e-11
8.18084399441e-09	1.96392459587e-11
8.1820374071e-09	1.87073711556e-11
8.18323081979e-09	1.89435453001e-11
8.18442423249e-09	1.83814209513e-11
8.18561764518e-09	1.71240865455e-11
8.18681105787e-09	1.80156081026e-11
8.18800447056e-09	1.85960712974e-11
8.18919788325e-09	1.83661812972e-11
8.19039129594e-09	1.85998277327e-11
8.19158470863e-09	2.03267058133e-11
8.19277812132e-09	2.03790150987e-11
8.19397153401e-09	1.86974321659e-11
8.1951649467e-09	1.88369297374e-11
8.19635835939e-09	1.83481740001e-11
8.19755177208e-09	1.73623497307e-11
8.19874518477e-09	1.64856596256e-11
8.19993859746e-09	1.74433922168e-11
8.20113201015e-09	1.78105284427e-11
8.20232542284e-09	1.74179875167e-11
8.20351883554e-09	1.83537644718e-11
8.20471224823e-09	1.9620898439e-11
8.20590566092e-09	1.93919134223e-11
8.20709907361e-09	1.89064922572e-11
8.2082924863e-09	1.94873227798e-11
8.20948589899e-09	1.88156507519e-11
8.21067931168e-09	1.74947656188e-11
8.21187272437e-09	1.75766407722e-11
8.21306613706e-09	1.77821571487e-11
8.21425954975e-09	1.72902962564e-11
8.21545296244e-09	1.7118263404e-11
8.21664637513e-09	1.86228747267e-11
8.21783978782e-09	1.91358727909e-11
8.21903320051e-09	1.88014833737e-11
8.2202266132e-09	1.9458254669e-11
8.2214200259e-09	1.98053095191e-11
8.22261343859e-09	1.78309376812e-11
8.22380685128e-09	1.78718853952e-11
8.22500026397e-09	1.7734777839e-11
8.22619367666e-09	1.72303613434e-11
8.22738708935e-09	1.61176508338e-11
8.22858050204e-09	1.71327960499e-11
8.22977391473e-09	1.7921927397e-11
8.23096732742e-09	1.73835334148e-11
8.23216074011e-09	1.76326379712e-11
8.2333541528e-09	1.87860486715e-11
8.23454756549e-09	1.90750074156e-11
8.23574097818e-09	1.77143392186e-11
8.23693439087e-09	1.78828557865e-11
8.23812780356e-09	1.77341797931e-11
8.23932121626e-09	1.64804044977e-11
8.24051462895e-09	1.55430093709e-11
8.24170804164e-09	1.67315708814e-11
8.24290145433e-09	1.72849627406e-11
8.24409486702e-09	1.64498882181e-11
8.24528827971e-09	1.80138757643e-11
8.2464816924e-09	1.87392462658e-11
8.24767510509e-09	1.82031510091e-11
8.24886851778e-09	1.72311413185e-11
8.25006193047e-09	1.85435059235e-11
8.25125534316e-09	1.74392217247e-11
8.25244875585e-09	1.59180323003e-11
8.25364216854e-09	1.62922210445e-11
8.25483558123e-09	1.62831882309e-11
8.25602899392e-09	1.58558230564e-11
8.25722240661e-09	1.59974359063e-11
8.25841581931e-09	1.74872792028e-11
8.259609232e-09	1.78549451699e-11
8.26080264469e-09	1.75008555824e-11
8.26199605738e-09	1.80771466589e-11
8.26318947007e-09	1.8362483192e-11
8.26438288276e-09	1.69492825807e-11
8.26557629545e-09	1.64351941345e-11
8.26676970814e-09	1.64328142023e-11
8.26796312083e-09	1.6040176457e-11
8.26915653352e-09	1.54497495526e-11
8.27034994621e-09	1.60792969651e-11
8.2715433589e-09	1.69510011496e-11
8.27273677159e-09	1.636255183e-11
8.27393018428e-09	1.7271120081e-11
8.27512359697e-09	1.8106618635e-11
8.27631700967e-09	1.78314780476e-11
8.27751042236e-09	1.64788079016e-11
8.27870383505e-09	1.64899416821e-11
8.27989724774e-09	1.64923602119e-11
8.28109066043e-09	1.49227090103e-11
8.28228407312e-09	1.47538194769e-11
8.28347748581e-09	1.57668055044e-11
8.2846708985e-09	1.66145003571e-11
8.28586431119e-09	1.573493755e-11
8.28705772388e-09	1.71596695187e-11
8.28825113657e-09	1.76417138276e-11
8.28944454926e-09	1.67696577111e-11
8.29063796195e-09	1.64877184171e-11
8.29183137464e-09	1.67124778643e-11
8.29302478733e-09	1.65912292585e-11
8.29421820002e-09	1.46451728782e-11
8.29541161272e-09	1.50885112781e-11
8.29660502541e-09	1.53522948477e-11
8.2977984381e-09	1.49449965207e-11
8.29899185079e-09	1.52411545841e-11
8.30018526348e-09	1.67360188208e-11
8.30137867617e-09	1.71255910928e-11
8.30257208886e-09	1.63748332385e-11
8.30376550155e-09	1.70434165912e-11
8.30495891424e-09	1.6860803552e-11
8.30615232693e-09	1.54901790179e-11
8.30734573962e-09	1.45833189275e-11
8.30853915231e-09	1.53315637096e-11
8.309732565e-09	1.42348254495e-11
8.31092597769e-09	1.42571051536e-11
8.31211939038e-09	1.53250001664e-11
8.31331280308e-09	1.5984178499e-11
8.31450621577e-09	1.57412393667e-11
8.31569962846e-09	1.56216991383e-11
8.31689304115e-09	1.69235519695e-11
8.31808645384e-09	1.65076321753e-11
8.31927986653e-09	1.50955511112e-11
8.32047327922e-09	1.50235854573e-11
8.32166669191e-09	1.55073033407e-11
8.3228601046e-09	1.36121689007e-11
8.32405351729e-09	1.39073789377e-11
8.32524692998e-09	1.48097047863e-11
8.32644034267e-09	1.56212828046e-11
8.32763375536e-09	1.48707654263e-11
8.32882716805e-09	1.57857533468e-11
8.33002058074e-09	1.71131394645e-11
8.33121399344e-09	1.53039142773e-11
8.33240740613e-09	1.49502195563e-11
8.33360081882e-09	1.54645823057e-11
8.33479423151e-09	1.46916927408e-11
8.3359876442e-09	1.33766868025e-11
8.33718105689e-09	1.33661446711e-11
8.33837446958e-09	1.45160895023e-11
8.33956788227e-09	1.34297576315e-11
8.34076129496e-09	1.42596415361e-11
8.34195470765e-09	1.58473856867e-11
8.34314812034e-09	1.59227175715e-11
8.34434153303e-09	1.51583162255e-11
8.34553494572e-09	1.57514584058e-11
8.34672835841e-09	1.52114685865e-11
8.3479217711e-09	1.43341921449e-11
8.34911518379e-09	1.31139442838e-11
8.35030859649e-09	1.42159494896e-11
8.35150200918e-09	1.37393667407e-11
8.35269542187e-09	1.3126061761e-11
8.35388883456e-09	1.40592141878e-11
8.35508224725e-09	1.49405152963e-11
8.35627565994e-09	1.44624067496e-11
8.35746907263e-09	1.44448806215e-11
8.35866248532e-09	1.57840840008e-11
8.35985589801e-09	1.51642552682e-11
8.3610493107e-09	1.41484438098e-11
8.36224272339e-09	1.41060808867e-11
8.36343613608e-09	1.40614386454e-11
8.36462954877e-09	1.31068105588e-11
8.36582296146e-09	1.25647141346e-11
8.36701637415e-09	1.42462093554e-11
8.36820978685e-09	1.41197374973e-11
8.36940319954e-09	1.40137127163e-11
8.37059661223e-09	1.46915065833e-11
8.37179002492e-09	1.57527261634e-11
8.37298343761e-09	1.42512823374e-11
8.3741768503e-09	1.37234726621e-11
8.37537026299e-09	1.44236218021e-11
8.37656367568e-09	1.38469142836e-11
8.37775708837e-09	1.237206778e-11
8.37895050106e-09	1.24330253124e-11
8.38014391375e-09	1.34448581825e-11
8.38133732644e-09	1.23227512179e-11
8.38253073913e-09	1.31043121233e-11
8.38372415182e-09	1.46713576617e-11
8.38491756451e-09	1.5092118744e-11
8.38611097721e-09	1.38486118189e-11
8.3873043899e-09	1.41538770721e-11
8.38849780259e-09	1.44243704437e-11
8.38969121528e-09	1.2508493373e-11
8.39088462797e-09	1.2187108202e-11
8.39207804066e-09	1.2934956925e-11
8.39327145335e-09	1.31490965035e-11
8.39446486604e-09	1.20013981934e-11
8.39565827873e-09	1.36034097398e-11
8.39685169142e-09	1.42337565345e-11
8.39804510411e-09	1.3822589991e-11
8.3992385168e-09	1.36626883852e-11
8.40043192949e-09	1.4507798283e-11
8.40162534218e-09	1.43473069796e-11
8.40281875487e-09	1.25681981098e-11
8.40401216756e-09	1.30050494028e-11
8.40520558026e-09	1.29274580407e-11
8.40639899295e-09	1.23303004092e-11
8.40759240564e-09	1.17223551829e-11
8.40878581833e-09	1.3122452994e-11
8.40997923102e-09	1.32993005714e-11
8.41117264371e-09	1.2716506125e-11
8.4123660564e-09	1.34993513763e-11
8.41355946909e-09	1.40166622883e-11
8.41475288178e-09	1.29494884867e-11
8.41594629447e-09	1.20887409241e-11
8.41713970716e-09	1.31672202438e-11
8.41833311985e-09	1.23113290396e-11
8.41952653254e-09	1.14304787423e-11
8.42071994523e-09	1.17066178799e-11
8.42191335792e-09	1.26154888402e-11
8.42310677062e-09	1.21148860258e-11
8.42430018331e-09	1.23681020937e-11
8.425493596e-09	1.36295842234e-11
8.42668700869e-09	1.35672613552e-11
8.42788042138e-09	1.27586322583e-11
8.42907383407e-09	1.29478968779e-11
8.43026724676e-09	1.29983916426e-11
8.43146065945e-09	1.14532764783e-11
8.43265407214e-09	1.12748572414e-11
8.43384748483e-09	1.16736804685e-11
8.43504089752e-09	1.19886828871e-11
8.43623431021e-09	1.13561809695e-11
8.4374277229e-09	1.2676880704e-11
8.43862113559e-09	1.38957523873e-11
8.43981454828e-09	1.25687154911e-11
8.44100796098e-09	1.24293854289e-11
8.44220137367e-09	1.29647642448e-11
8.44339478636e-09	1.29564436437e-11
8.44458819905e-09	1.12690934058e-11
8.44578161174e-09	1.17145711534e-11
8.44697502443e-09	1.17246591125e-11
8.44816843712e-09	1.12216280105e-11
8.44936184981e-09	1.09131853944e-11
8.4505552625e-09	1.2202808642e-11
8.45174867519e-09	1.26103813806e-11
8.45294208788e-09	1.26049685013e-11
8.45413550057e-09	1.3272990671e-11
8.45532891326e-09	1.35191632195e-11
8.45652232595e-09	1.24365491863e-11
8.45771573864e-09	1.14393826443e-11
8.45890915133e-09	1.20149632431e-11
8.46010256403e-09	1.14738272052e-11
8.46129597672e-09	1.03667467406e-11
8.46248938941e-09	1.10410594513e-11
8.4636828021e-09	1.19540678354e-11
8.46487621479e-09	1.15575782451e-11
8.46606962748e-09	1.15130445325e-11
8.46726304017e-09	1.3055587644e-11
8.46845645286e-09	1.21787443411e-11
8.46964986555e-09	1.15987038767e-11
8.47084327824e-09	1.18243505265e-11
8.47203669093e-09	1.19559587924e-11
8.47323010362e-09	1.01249052003e-11
8.47442351631e-09	1.00506647276e-11
8.475616929e-09	1.06267555519e-11
8.47681034169e-09	1.10064751367e-11
8.47800375439e-09	1.05120556357e-11
8.47919716708e-09	1.16197181e-11
8.48039057977e-09	1.23494849329e-11
8.48158399246e-09	1.17454426176e-11
8.48277740515e-09	1.17628893822e-11
8.48397081784e-09	1.18318509287e-11
8.48516423053e-09	1.14080774992e-11
8.48635764322e-09	9.9545723227e-12
8.48755105591e-09	1.07620566105e-11
8.4887444686e-09	1.09101654577e-11
8.48993788129e-09	9.90826832473e-12
8.49113129398e-09	9.99383702963e-12
8.49232470667e-09	1.11473681848e-11
8.49351811936e-09	1.22052224013e-11
8.49471153205e-09	1.07071489262e-11
8.49590494475e-09	1.21558625795e-11
8.49709835744e-09	1.20052008699e-11
8.49829177013e-09	1.12459654219e-11
8.49948518282e-09	1.05568723251e-11
8.50067859551e-09	1.09412623276e-11
8.5018720082e-09	1.0194340489e-11
8.50306542089e-09	9.59294427748e-12
8.50425883358e-09	1.06886487508e-11
8.50545224627e-09	1.1269769189e-11
8.50664565896e-09	1.11050359446e-11
8.50783907165e-09	1.11723228325e-11
8.50903248434e-09	1.25885052165e-11
8.51022589703e-09	1.17579170142e-11
8.51141930972e-09	1.07946840485e-11
8.51261272241e-09	1.11409935097e-11
8.5138061351e-09	1.09202814976e-11
8.5149995478e-09	9.47696467742e-12
8.51619296049e-09	8.7785162169e-12
8.51738637318e-09	1.00480216595e-11
8.51857978587e-09	1.01723549831e-11
8.51977319856e-09	9.94319253669e-12
8.52096661125e-09	1.08538078698e-11
8.52216002394e-09	1.18583244352e-11
8.52335343663e-09	1.06998776159e-11
8.52454684932e-09	1.04027394338e-11
8.52574026201e-09	1.1200846999e-11
8.5269336747e-09	1.04944352904e-11
8.52812708739e-09	9.14354171804e-12
8.52932050008e-09	9.48667956257e-12
8.53051391277e-09	1.00031339548e-11
8.53170732546e-09	8.87109624041e-12
8.53290073816e-09	9.26734817358e-12
8.53409415085e-09	1.03351015896e-11
8.53528756354e-09	1.08178932392e-11
8.53648097623e-09	1.02721811092e-11
8.53767438892e-09	1.05683204158e-11
8.53886780161e-09	1.14305706827e-11
8.5400612143e-09	9.80819397055e-12
8.54125462699e-09	9.65466844926e-12
8.54244803968e-09	9.67706253671e-12
8.54364145237e-09	1.00192615706e-11
8.54483486506e-09	8.71374944856e-12
8.54602827775e-09	9.92648346333e-12
8.54722169044e-09	1.0400837201e-11
8.54841510313e-09	1.06176505305e-11
8.54960851582e-09	1.07282841465e-11
8.55080192851e-09	1.1449405226e-11
8.55199534121e-09	1.11626915393e-11
8.5531887539e-09	9.72493662205e-12
8.55438216659e-09	1.04548168083e-11
8.55557557928e-09	9.80200870557e-12
8.55676899197e-09	9.06389373279e-12
8.55796240466e-09	8.34453871019e-12
8.55915581735e-09	9.69613788131e-12
8.56034923004e-09	9.37979023879e-12
8.56154264273e-09	8.77533408352e-12
8.56273605542e-09	1.04705952025e-11
8.56392946811e-09	1.10497139867e-11
8.5651228808e-09	1.01270073057e-11
8.56631629349e-09	9.58961447577e-12
8.56750970618e-09	1.02454965085e-11
8.56870311887e-09	9.64305827029e-12
8.56989653157e-09	8.3225015963e-12
8.57108994426e-09	8.60769626149e-12
8.57228335695e-09	8.86033878645e-12
8.57347676964e-09	8.2413759519e-12
8.57467018233e-09	8.35358019736e-12
8.57586359502e-09	1.01648804391e-11
8.57705700771e-09	1.00935847137e-11
8.5782504204e-09	9.0028377548e-12
8.57944383309e-09	9.82973386932e-12
8.58063724578e-09	1.05136176458e-11
8.58183065847e-09	8.36159911926e-12
8.58302407116e-09	8.33790187501e-12
8.58421748385e-09	9.2060819688e-12
8.58541089654e-09	8.65727812788e-12
8.58660430923e-09	7.8955515086e-12
8.58779772193e-09	8.49999427397e-12
8.58899113462e-09	9.6344489461e-12
8.59018454731e-09	8.8557211694e-12
8.59137796e-09	9.05604074803e-12
8.59257137269e-09	9.86028815021e-12
8.59376478538e-09	9.6979664967e-12
8.59495819807e-09	7.93854890678e-12
8.59615161076e-09	8.51807144785e-12
8.59734502345e-09	8.6672486679e-12
8.59853843614e-09	7.75219027426e-12
8.59973184883e-09	7.20786424253e-12
8.60092526152e-09	8.38504287705e-12
8.60211867421e-09	8.87049992921e-12
8.6033120869e-09	8.47123396821e-12
8.60450549959e-09	9.50920483848e-12
8.60569891228e-09	1.01491486656e-11
8.60689232498e-09	9.11323046106e-12
8.60808573767e-09	8.59261820767e-12
8.60927915036e-09	9.22876792347e-12
8.61047256305e-09	8.03143088059e-12
8.61166597574e-09	6.93021285974e-12
8.61285938843e-09	7.71770267052e-12
8.61405280112e-09	8.55173261849e-12
8.61524621381e-09	7.26584081529e-12
8.6164396265e-09	7.55418432885e-12
8.61763303919e-09	9.53858183845e-12
8.61882645188e-09	9.16093812137e-12
8.62001986457e-09	8.48282902255e-12
8.62121327726e-09	8.90393417633e-12
8.62240668995e-09	9.29951525942e-12
8.62360010264e-09	7.6951661189e-12
8.62479351534e-09	7.00159282765e-12
8.62598692803e-09	7.67589220267e-12
8.62718034072e-09	7.17043232516e-12
8.62837375341e-09	6.80663701401e-12
8.6295671661e-09	7.33448675058e-12
8.63076057879e-09	9.28635814079e-12
8.63195399148e-09	8.11941583845e-12
8.63314740417e-09	7.97999334798e-12
8.63434081686e-09	9.05579268257e-12
8.63553422955e-09	8.29339971264e-12
8.63672764224e-09	7.23574807926e-12
8.63792105493e-09	7.27822782511e-12
8.63911446762e-09	7.95794121789e-12
8.64030788031e-09	6.44096418995e-12
8.641501293e-09	6.68806595392e-12
8.6426947057e-09	7.63928872417e-12
8.64388811839e-09	8.01442408532e-12
8.64508153108e-09	7.3145937007e-12
8.64627494377e-09	8.46538187856e-12
8.64746835646e-09	9.12142090375e-12
8.64866176915e-09	7.92297277048e-12
8.64985518184e-09	7.84455589679e-12
8.65104859453e-09	7.59923341701e-12
8.65224200722e-09	7.27527874099e-12
8.65343541991e-09	6.17140718953e-12
8.6546288326e-09	6.99416056755e-12
8.65582224529e-09	7.57357317051e-12
8.65701565798e-09	6.85256707064e-12
8.65820907067e-09	6.88896541808e-12
8.65940248336e-09	8.81544457657e-12
8.66059589605e-09	8.10315562479e-12
8.66178930875e-09	7.11557500204e-12
8.66298272144e-09	8.1536342348e-12
8.66417613413e-09	8.08056583885e-12
8.66536954682e-09	6.59420055452e-12
8.66656295951e-09	6.11430182743e-12
8.6677563722e-09	6.96236015889e-12
8.66894978489e-09	6.0361507459e-12
8.67014319758e-09	5.81171097575e-12
8.67133661027e-09	7.13382217882e-12
8.67253002296e-09	7.93648870581e-12
8.67372343565e-09	7.01816225577e-12
8.67491684834e-09	6.85248906229e-12
8.67611026103e-09	7.47760073262e-12
8.67730367372e-09	7.10979268081e-12
8.67849708641e-09	5.69188554796e-12
8.67969049911e-09	5.96807932934e-12
8.6808839118e-09	6.4599019493e-12
8.68207732449e-09	5.69822368544e-12
8.68327073718e-09	6.25119812685e-12
8.68446414987e-09	6.82165765932e-12
8.68565756256e-09	7.02707927654e-12
8.68685097525e-09	6.53861269599e-12
8.68804438794e-09	7.70441767025e-12
8.68923780063e-09	8.40210550874e-12
8.69043121332e-09	6.87752919936e-12
8.69162462601e-09	6.77866286323e-12
8.6928180387e-09	7.12000245004e-12
8.69401145139e-09	6.55957536552e-12
8.69520486408e-09	4.87799671533e-12
8.69639827677e-09	6.31076115844e-12
8.69759168947e-09	7.01734677311e-12
8.69878510216e-09	6.26471926635e-12
8.69997851485e-09	6.51430808168e-12
8.70117192754e-09	7.58536695912e-12
8.70236534023e-09	7.45755898441e-12
8.70355875292e-09	6.52697476145e-12
8.70475216561e-09	6.81475703776e-12
8.7059455783e-09	7.00260726141e-12
8.70713899099e-09	5.78899775339e-12
8.70833240368e-09	5.04799606521e-12
8.70952581637e-09	6.4091236116e-12
8.71071922906e-09	5.73221992876e-12
8.71191264175e-09	5.30476075393e-12
8.71310605444e-09	6.68046732299e-12
8.71429946713e-09	7.23728710425e-12
8.71549287982e-09	6.67545576108e-12
8.71668629252e-09	6.00505436392e-12
8.71787970521e-09	7.34032219772e-12
8.7190731179e-09	6.2124589327e-12
8.72026653059e-09	5.02529360355e-12
8.72145994328e-09	5.2835975612e-12
8.72265335597e-09	5.77569865849e-12
8.72384676866e-09	4.47563804052e-12
8.72504018135e-09	4.6620978562e-12
8.72623359404e-09	6.23033037921e-12
8.72742700673e-09	6.05007786491e-12
8.72862041942e-09	5.81567373469e-12
8.72981383211e-09	6.39803515072e-12
8.7310072448e-09	7.006096224e-12
8.73220065749e-09	5.41992327212e-12
8.73339407018e-09	5.07829363413e-12
8.73458748288e-09	5.92908881714e-12
8.73578089557e-09	5.40173347675e-12
8.73697430826e-09	4.21627430235e-12
8.73816772095e-09	5.0249972911e-12
8.73936113364e-09	5.92167070587e-12
8.74055454633e-09	5.13077351872e-12
8.74174795902e-09	5.49527708494e-12
8.74294137171e-09	6.51080047081e-12
8.7441347844e-09	6.53908340236e-12
8.74532819709e-09	5.1678284861e-12
8.74652160978e-09	5.96373780437e-12
8.74771502247e-09	5.95191745282e-12
8.74890843516e-09	4.64516484089e-12
8.75010184785e-09	4.76089274341e-12
8.75129526054e-09	5.44019565724e-12
8.75248867323e-09	5.29539503609e-12
8.75368208593e-09	4.38651434512e-12
8.75487549862e-09	5.77114668988e-12
8.75606891131e-09	5.97193036125e-12
8.757262324e-09	5.53963802998e-12
8.75845573669e-09	5.20048473686e-12
8.75964914938e-09	6.29955517004e-12
8.76084256207e-09	5.21221623804e-12
8.76203597476e-09	4.16449706209e-12
8.76322938745e-09	4.73491162728e-12
8.76442280014e-09	4.82896518996e-12
8.76561621283e-09	3.91164585532e-12
8.76680962552e-09	3.83111099268e-12
8.76800303821e-09	5.67894039086e-12
8.7691964509e-09	5.3900096734e-12
8.77038986359e-09	4.81332416416e-12
8.77158327629e-09	5.52792832125e-12
8.77277668898e-09	6.02259610455e-12
8.77397010167e-09	4.71964118178e-12
8.77516351436e-09	4.01860473067e-12
8.77635692705e-09	4.630299887e-12
8.77755033974e-09	4.19287684e-12
8.77874375243e-09	2.91686717369e-12
8.77993716512e-09	3.86676639059e-12
8.78113057781e-09	5.03306012319e-12
8.7823239905e-09	3.9458794576e-12
8.78351740319e-09	4.57764100063e-12
8.78471081588e-09	5.3767277631e-12
8.78590422857e-09	5.37205815856e-12
8.78709764126e-09	3.90993053906e-12
8.78829105395e-09	4.62042039286e-12
8.78948446665e-09	4.83365490645e-12
8.79067787934e-09	3.04836819849e-12
8.79187129203e-09	3.74946766885e-12
8.79306470472e-09	4.57429596588e-12
8.79425811741e-09	4.49706726935e-12
8.7954515301e-09	3.53451133379e-12
8.79664494279e-09	5.10219985836e-12
8.79783835548e-09	5.55399568567e-12
8.79903176817e-09	4.54729155264e-12
8.80022518086e-09	4.36626361694e-12
8.80141859355e-09	5.18457721416e-12
8.80261200624e-09	4.60066723216e-12
8.80380541893e-09	2.88327234267e-12
8.80499883162e-09	3.80258094435e-12
8.80619224431e-09	3.83116387464e-12
8.807385657e-09	2.93019547428e-12
8.8085790697e-09	3.04396584978e-12
8.80977248239e-09	4.72314602793e-12
8.81096589508e-09	4.72029869619e-12
8.81215930777e-09	3.74811485559e-12
8.81335272046e-09	4.92769014612e-12
8.81454613315e-09	4.82086741946e-12
8.81573954584e-09	3.60269087241e-12
8.81693295853e-09	2.90629533514e-12
8.81812637122e-09	3.76259467376e-12
8.81931978391e-09	3.08477581586e-12
8.8205131966e-09	2.20404550595e-12
8.82170660929e-09	3.12793695567e-12
8.82290002198e-09	3.7410961373e-12
8.82409343467e-09	3.38835751991e-12
8.82528684736e-09	3.51273710505e-12
8.82648026006e-09	5.062750566e-12
8.82767367275e-09	4.06851039404e-12
8.82886708544e-09	2.98824280479e-12
8.83006049813e-09	3.38854262033e-12
8.83125391082e-09	3.38887555171e-12
8.83244732351e-09	1.98733675458e-12
8.8336407362e-09	1.84574134676e-12
8.83483414889e-09	2.89829526481e-12
8.83602756158e-09	2.85625445821e-12
8.83722097427e-09	2.12968309437e-12
8.83841438696e-09	4.00195073478e-12
8.83960779965e-09	4.41693258574e-12
8.84080121234e-09	3.17516347416e-12
8.84199462503e-09	3.26025033251e-12
8.84318803772e-09	3.59427787013e-12
8.84438145042e-09	3.16039081298e-12
8.84557486311e-09	1.78623921345e-12
8.8467682758e-09	2.76634802305e-12
8.84796168849e-09	3.14383751237e-12
8.84915510118e-09	2.14247257359e-12
8.85034851387e-09	2.77169186582e-12
8.85154192656e-09	3.49692144816e-12
8.85273533925e-09	3.6891620943e-12
8.85392875194e-09	2.61517503074e-12
8.85512216463e-09	3.68578854503e-12
8.85631557732e-09	3.49314411489e-12
8.85750899001e-09	2.31273179318e-12
8.8587024027e-09	2.13753797648e-12
8.85989581539e-09	2.69537537634e-12
8.86108922808e-09	2.26873757953e-12
8.86228264077e-09	9.924624802e-13
8.86347605347e-09	2.52486082714e-12
8.86466946616e-09	2.89969849347e-12
8.86586287885e-09	2.48541612909e-12
8.86705629154e-09	2.06542301437e-12
8.86824970423e-09	3.69306283688e-12
8.86944311692e-09	2.76986596094e-12
8.87063652961e-09	1.85355870192e-12
8.8718299423e-09	2.3248785438e-12
8.87302335499e-09	2.35975228615e-12
8.87421676768e-09	1.07964409168e-12
8.87541018037e-09	8.54118940288e-13
8.87660359306e-09	2.35659205366e-12
8.87779700575e-09	2.00137826369e-12
8.87899041844e-09	1.88485849378e-12
8.88018383113e-09	2.89021204972e-12
8.88137724383e-09	3.60837060101e-12
8.88257065652e-09	2.21117187873e-12
8.88376406921e-09	1.69272241894e-12
8.8849574819e-09	2.91229670588e-12
8.88615089459e-09	1.56730388352e-12
8.88734430728e-09	1.08384308473e-12
8.88853771997e-09	1.79733821142e-12
8.88973113266e-09	1.90549639056e-12
8.89092454535e-09	1.26260810245e-12
8.89211795804e-09	1.44116026079e-12
8.89331137073e-09	2.62666640825e-12
8.89450478342e-09	2.3358303681e-12
8.89569819611e-09	1.46716332524e-12
8.8968916088e-09	2.55926291444e-12
8.89808502149e-09	2.69361434741e-12
8.89927843419e-09	1.24779480233e-12
8.90047184688e-09	1.07956491104e-12
8.90166525957e-09	1.85661787322e-12
8.90285867226e-09	1.67916178737e-12
8.90405208495e-09	6.82640616668e-13
8.90524549764e-09	1.82910014446e-12
8.90643891033e-09	2.63751886542e-12
8.90763232302e-09	1.86820324005e-12
8.90882573571e-09	1.86130253463e-12
8.9100191484e-09	2.37261038182e-12
8.91121256109e-09	1.90057141574e-12
8.91240597378e-09	7.93396910128e-13
8.91359938647e-09	1.41598472043e-12
8.91479279916e-09	1.37500946095e-12
8.91598621185e-09	3.76349030607e-13
8.91717962454e-09	-1.79365340465e-13
8.91837303724e-09	1.70510095843e-12
8.91956644993e-09	1.46934112826e-12
8.92075986262e-09	1.31454173379e-12
8.92195327531e-09	2.10536526635e-12
8.923146688e-09	2.30542886485e-12
8.92434010069e-09	8.17054228637e-13
8.92553351338e-09	3.27323000789e-13
8.92672692607e-09	1.47736047029e-12
8.92792033876e-09	4.42115663741e-13
8.92911375145e-09	-2.83131233641e-13
8.93030716414e-09	7.06249715285e-13
8.93150057683e-09	1.22140819458e-12
8.93269398952e-09	4.73363417284e-13
8.93388740221e-09	6.64093034578e-13
8.9350808149e-09	2.5851857276e-12
8.9362742276e-09	1.57254131185e-12
8.93746764029e-09	1.07754807816e-12
8.93866105298e-09	1.75601663744e-12
8.93985446567e-09	1.74285458569e-12
8.94104787836e-09	1.65590943193e-13
8.94224129105e-09	-2.21703958767e-13
8.94343470374e-09	4.54884732854e-13
8.94462811643e-09	2.82094368752e-13
8.94582152912e-09	-4.47740938292e-15
8.94701494181e-09	1.33471325761e-12
8.9482083545e-09	2.21984830149e-12
8.94940176719e-09	7.08657768968e-13
8.95059517988e-09	1.16439413585e-12
8.95178859257e-09	1.89377000545e-12
8.95298200526e-09	1.15248954856e-12
8.95417541796e-09	-2.33810631175e-13
8.95536883065e-09	5.00804863955e-13
8.95656224334e-09	1.76267447903e-13
8.95775565603e-09	-7.4025715977e-13
8.95894906872e-09	-5.29952180772e-13
8.96014248141e-09	5.35745216975e-13
8.9613358941e-09	4.73523516676e-13
8.96252930679e-09	-2.75634732866e-13
8.96372271948e-09	1.1317718003e-12
8.96491613217e-09	8.91980859021e-13
8.96610954486e-09	4.26162082782e-13
8.96730295755e-09	-2.86650743628e-13
8.96849637024e-09	6.16589000994e-13
8.96968978293e-09	-2.95907748174e-13
8.97088319562e-09	-6.92424531612e-13
8.97207660831e-09	4.67164792907e-13
8.97327002101e-09	7.80881371528e-13
8.9744634337e-09	-1.78983211715e-13
8.97565684639e-09	-3.23104376912e-14
8.97685025908e-09	1.29100059094e-12
8.97804367177e-09	8.9334988788e-13
8.97923708446e-09	-3.00745332907e-13
8.98043049715e-09	6.74917519333e-13
8.98162390984e-09	5.81961386091e-13
8.98281732253e-09	-1.0608653848e-12
8.98401073522e-09	-1.63761968667e-12
8.98520414791e-09	-5.53209642131e-13
8.9863975606e-09	-1.08499601176e-12
8.98759097329e-09	-1.29887757722e-12
8.98878438598e-09	8.05924879783e-14
8.98997779867e-09	1.26785560539e-12
8.99117121137e-09	-2.49501923299e-14
8.99236462406e-09	2.69336644797e-13
8.99355803675e-09	1.46514452046e-12
8.99475144944e-09	3.08764420824e-13
8.99594486213e-09	-6.76637904235e-13
8.99713827482e-09	1.33611200717e-13
8.99833168751e-09	6.01731257053e-13
8.9995251002e-09	-6.28077640894e-13
9.00071851289e-09	-7.47095961484e-13
9.00191192558e-09	6.51188548613e-13
9.00310533827e-09	2.80864212638e-13
9.00429875096e-09	-4.83398301314e-13
9.00549216365e-09	1.25143621052e-12
9.00668557634e-09	6.94649233155e-13
9.00787898903e-09	-4.09367540409e-13
9.00907240172e-09	-1.3117909943e-12
9.01026581442e-09	-4.28820783678e-13
9.01145922711e-09	-8.49531801175e-13
9.0126526398e-09	-2.20607169685e-12
9.01384605249e-09	-6.67062433936e-13
9.01503946518e-09	-6.63546373067e-13
9.01623287787e-09	-9.37940951442e-13
9.01742629056e-09	-7.74757675685e-13
9.01861970325e-09	2.09398691014e-13
9.01981311594e-09	-1.08263841414e-13
9.02100652863e-09	-1.15633007726e-12
9.02219994132e-09	-6.03244444143e-13
9.02339335401e-09	-1.43605325521e-13
9.0245867667e-09	-1.6184702504e-12
9.02578017939e-09	-1.97822587846e-12
9.02697359208e-09	-5.75200870549e-13
9.02816700478e-09	-1.13868739063e-12
9.02936041747e-09	-1.44098673423e-12
9.03055383016e-09	-7.87871502455e-13
9.03174724285e-09	3.59479441115e-13
9.03294065554e-09	-6.21995441196e-13
9.03413406823e-09	-7.73690065194e-13
9.03532748092e-09	3.36483946717e-13
9.03652089361e-09	-9.88568767997e-13
9.0377143063e-09	-1.32869754153e-12
9.03890771899e-09	-1.0759266877e-12
9.04010113168e-09	-5.29064951029e-13
9.04129454437e-09	-1.36335772316e-12
9.04248795706e-09	-1.63769997184e-12
9.04368136975e-09	3.13704499931e-13
9.04487478244e-09	-8.96644785058e-13
9.04606819514e-09	-1.28672839731e-12
9.04726160783e-09	5.25381516449e-13
9.04845502052e-09	-1.04495669658e-13
9.04964843321e-09	-1.52020530767e-12
9.0508418459e-09	-1.88433594899e-12
9.05203525859e-09	-1.16306874782e-12
9.05322867128e-09	-1.54714444516e-12
9.05442208397e-09	-2.6387599652e-12
9.05561549666e-09	-1.18522680955e-12
9.05680890935e-09	-5.82439200765e-13
9.05800232204e-09	-1.44070682034e-12
9.05919573473e-09	-1.09059323936e-12
9.06038914742e-09	-3.11940672403e-13
9.06158256011e-09	-8.83735142357e-13
9.0627759728e-09	-1.83127975674e-12
9.06396938549e-09	-1.07090072622e-12
9.06516279819e-09	-1.04090172625e-12
9.06635621088e-09	-2.22963501503e-12
9.06754962357e-09	-2.27050729563e-12
9.06874303626e-09	-1.41092464047e-12
9.06993644895e-09	-1.77958205626e-12
9.07112986164e-09	-2.16721424335e-12
9.07232327433e-09	-9.49615769184e-13
9.07351668702e-09	-4.90034045514e-13
9.07471009971e-09	-1.37280699232e-12
9.0759035124e-09	-1.14372856482e-12
9.07709692509e-09	-7.27653146884e-13
9.07829033778e-09	-1.74609564546e-12
9.07948375047e-09	-2.80935726613e-12
9.08067716316e-09	-3.0713551548e-12
9.08187057585e-09	-2.36684338849e-12
9.08306398855e-09	-3.46158800409e-12
9.08425740124e-09	-3.0312808741e-12
9.08545081393e-09	-1.51105577974e-12
9.08664422662e-09	-1.79932994502e-12
9.08783763931e-09	-2.89010148821e-12
9.089031052e-09	-1.39703476381e-12
9.09022446469e-09	-1.53717651401e-12
9.09141787738e-09	-2.98673507259e-12
9.09261129007e-09	-2.89634839007e-12
9.09380470276e-09	-1.91738871958e-12
9.09499811545e-09	-2.34073395703e-12
9.09619152814e-09	-3.64686896675e-12
9.09738494083e-09	-2.32671003232e-12
9.09857835352e-09	-7.84715710109e-13
9.09977176621e-09	-2.56183588883e-12
9.10096517891e-09	-1.44476568025e-12
9.1021585916e-09	-5.19455074251e-13
9.10335200429e-09	-1.49140195907e-12
9.10454541698e-09	-2.17764741244e-12
9.10573882967e-09	-1.72273756675e-12
9.10693224236e-09	-1.771350441e-12
9.10812565505e-09	-2.93598267443e-12
9.10931906774e-09	-2.63197569208e-12
9.11051248043e-09	-1.59965282394e-12
9.11170589312e-09	-2.11851453128e-12
9.11289930581e-09	-2.84159767114e-12
9.1140927185e-09	-1.75805709237e-12
9.11528613119e-09	-1.65886998148e-12
9.11647954388e-09	-1.81789175727e-12
9.11767295657e-09	-2.42504475702e-12
9.11886636926e-09	-8.84690886901e-13
9.12005978196e-09	-2.52544053649e-12
9.12125319465e-09	-3.85600926189e-12
9.12244660734e-09	-2.81650238884e-12
9.12364002003e-09	-2.84540506391e-12
9.12483343272e-09	-3.36662845496e-12
9.12602684541e-09	-3.38402298804e-12
9.1272202581e-09	-1.07115366381e-12
9.12841367079e-09	-1.873884855e-12
9.12960708348e-09	-2.57262955513e-12
9.13080049617e-09	-1.79056391296e-12
9.13199390886e-09	-1.62683152268e-12
9.13318732155e-09	-3.18531304306e-12
9.13438073424e-09	-2.97422766212e-12
9.13557414693e-09	-2.42891393576e-12
9.13676755962e-09	-2.95868070441e-12
9.13796097232e-09	-3.43389707403e-12
9.13915438501e-09	-2.46375850629e-12
9.1403477977e-09	-1.97264689596e-12
9.14154121039e-09	-2.73640523218e-12
9.14273462308e-09	-2.53433539888e-12
9.14392803577e-09	-1.41595182844e-12
9.14512144846e-09	-2.50016694359e-12
9.14631486115e-09	-3.70527537146e-12
9.14750827384e-09	-2.88903346775e-12
9.14870168653e-09	-2.31161904939e-12
9.14989509922e-09	-4.42284842648e-12
9.15108851191e-09	-3.65984168969e-12
9.1522819246e-09	-2.72758218464e-12
9.15347533729e-09	-3.2780707402e-12
9.15466874998e-09	-4.07036603316e-12
9.15586216268e-09	-2.61171259044e-12
9.15705557537e-09	-2.1420173171e-12
9.15824898806e-09	-3.56146503348e-12
9.15944240075e-09	-2.85021027504e-12
9.16063581344e-09	-2.28856156573e-12
9.16182922613e-09	-3.75373606439e-12
9.16302263882e-09	-4.90363565725e-12
9.16421605151e-09	-3.08447145321e-12
9.1654094642e-09	-2.96182363032e-12
9.16660287689e-09	-3.96128550968e-12
9.16779628958e-09	-3.32445407466e-12
9.16898970227e-09	-2.1386025817e-12
9.17018311496e-09	-2.79861041026e-12
9.17137652765e-09	-3.91428821864e-12
9.17256994034e-09	-2.79775108517e-12
9.17376335303e-09	-2.62322249426e-12
9.17495676573e-09	-4.39856175571e-12
9.17615017842e-09	-4.12765308044e-12
9.17734359111e-09	-3.01065343987e-12
9.1785370038e-09	-4.50192411561e-12
9.17973041649e-09	-4.76848974803e-12
9.18092382918e-09	-3.58249438144e-12
9.18211724187e-09	-2.47693375312e-12
9.18331065456e-09	-3.83257087091e-12
9.18450406725e-09	-3.79208391576e-12
9.18569747994e-09	-2.75445442686e-12
9.18689089263e-09	-4.15634348228e-12
9.18808430532e-09	-4.29875685287e-12
9.18927771801e-09	-4.27796844173e-12
9.1904711307e-09	-3.67162778046e-12
9.19166454339e-09	-4.62144878572e-12
9.19285795609e-09	-4.53668737776e-12
9.19405136878e-09	-3.32024769549e-12
9.19524478147e-09	-3.90586402197e-12
9.19643819416e-09	-4.34811575308e-12
9.19763160685e-09	-2.95485684532e-12
9.19882501954e-09	-2.49214987839e-12
9.20001843223e-09	-3.57179991963e-12
9.20121184492e-09	-3.63211872145e-12
9.20240525761e-09	-2.93124373515e-12
9.2035986703e-09	-3.54646314486e-12
9.20479208299e-09	-5.31656310773e-12
9.20598549568e-09	-3.74703116842e-12
9.20717890837e-09	-3.44611074702e-12
9.20837232106e-09	-4.56992576376e-12
9.20956573375e-09	-4.28006062666e-12
9.21075914644e-09	-2.8983665511e-12
9.21195255914e-09	-3.53093234176e-12
9.21314597183e-09	-4.93776189641e-12
9.21433938452e-09	-3.7205631913e-12
9.21553279721e-09	-3.58906414517e-12
9.2167262099e-09	-5.15331619608e-12
9.21791962259e-09	-4.75068801572e-12
9.21911303528e-09	-4.09710118479e-12
9.22030644797e-09	-4.77481666402e-12
9.22149986066e-09	-5.47826719969e-12
9.22269327335e-09	-3.99320032878e-12
9.22388668604e-09	-3.38699187241e-12
9.22508009873e-09	-4.28032473831e-12
9.22627351142e-09	-4.25447337408e-12
9.22746692411e-09	-2.93456494456e-12
9.2286603368e-09	-4.39877035621e-12
9.2298537495e-09	-5.37453713262e-12
9.23104716219e-09	-4.33871783444e-12
9.23224057488e-09	-4.36819157235e-12
9.23343398757e-09	-5.60815527047e-12
9.23462740026e-09	-5.37528777999e-12
9.23582081295e-09	-4.15156933354e-12
9.23701422564e-09	-4.656747969e-12
9.23820763833e-09	-5.30011608603e-12
9.23940105102e-09	-4.08518778159e-12
9.24059446371e-09	-3.7506938473e-12
9.2417878764e-09	-4.937876605e-12
9.24298128909e-09	-4.8828418522e-12
9.24417470178e-09	-4.56835703164e-12
9.24536811447e-09	-5.13600869733e-12
9.24656152716e-09	-5.99181397857e-12
9.24775493986e-09	-5.45351188253e-12
9.24894835255e-09	-4.08419018006e-12
9.25014176524e-09	-5.38551278226e-12
9.25133517793e-09	-4.69504513392e-12
9.25252859062e-09	-3.66583842546e-12
9.25372200331e-09	-4.23976096744e-12
9.254915416e-09	-5.66371667447e-12
9.25610882869e-09	-4.46175854509e-12
9.25730224138e-09	-4.25080988204e-12
9.25849565407e-09	-5.82696759767e-12
9.25968906676e-09	-5.56105763652e-12
9.26088247945e-09	-4.35923535767e-12
9.26207589214e-09	-5.07871858717e-12
9.26326930483e-09	-6.149023402e-12
9.26446271752e-09	-4.39931580477e-12
9.26565613021e-09	-4.14204410245e-12
9.26684954291e-09	-5.69239756243e-12
9.2680429556e-09	-4.94736516294e-12
9.26923636829e-09	-3.72783021899e-12
9.27042978098e-09	-5.44653365919e-12
9.27162319367e-09	-6.09469083274e-12
9.27281660636e-09	-5.02894996696e-12
9.27401001905e-09	-5.53915425897e-12
9.27520343174e-09	-6.46840816586e-12
9.27639684443e-09	-6.36145373574e-12
9.27759025712e-09	-4.59265432759e-12
9.27878366981e-09	-5.37392802783e-12
9.2799770825e-09	-5.68446163621e-12
9.28117049519e-09	-4.7462008824e-12
9.28236390788e-09	-4.38946971761e-12
9.28355732057e-09	-5.69874708404e-12
9.28475073327e-09	-6.05517881929e-12
9.28594414596e-09	-4.79108761128e-12
9.28713755865e-09	-6.61906201507e-12
9.28833097134e-09	-6.78714891364e-12
9.28952438403e-09	-5.93488691351e-12
9.29071779672e-09	-5.38223494093e-12
9.29191120941e-09	-6.16889758677e-12
9.2931046221e-09	-5.80158382273e-12
9.29429803479e-09	-4.60181927829e-12
9.29549144748e-09	-5.57853009663e-12
9.29668486017e-09	-6.45251907461e-12
9.29787827286e-09	-5.55224757229e-12
9.29907168555e-09	-5.82073012836e-12
9.30026509824e-09	-7.06132738003e-12
9.30145851093e-09	-6.59138325518e-12
9.30265192363e-09	-5.46564540588e-12
9.30384533632e-09	-6.22535329493e-12
9.30503874901e-09	-6.39304494759e-12
9.3062321617e-09	-5.29558238623e-12
9.30742557439e-09	-4.95321969204e-12
9.30861898708e-09	-5.85518938022e-12
9.30981239977e-09	-5.79848728711e-12
9.31100581246e-09	-4.93281495295e-12
9.31219922515e-09	-5.85849310687e-12
9.31339263784e-09	-7.03744002092e-12
9.31458605053e-09	-5.77154589312e-12
9.31577946322e-09	-5.72381237459e-12
9.31697287591e-09	-7.39277535673e-12
9.3181662886e-09	-6.46086434136e-12
9.31935970129e-09	-5.14631864684e-12
9.32055311398e-09	-6.10494722266e-12
9.32174652668e-09	-6.73393431945e-12
9.32293993937e-09	-5.26227715916e-12
9.32413335206e-09	-5.46411348243e-12
9.32532676475e-09	-6.62409667049e-12
9.32652017744e-09	-5.93523944185e-12
9.32771359013e-09	-5.05601802287e-12
9.32890700282e-09	-6.47953847695e-12
9.33010041551e-09	-7.10193151033e-12
9.3312938282e-09	-5.95604105315e-12
9.33248724089e-09	-5.32850949779e-12
9.33368065358e-09	-6.61315799214e-12
9.33487406627e-09	-6.10509386101e-12
9.33606747896e-09	-5.03074491787e-12
9.33726089165e-09	-6.33523404093e-12
9.33845430434e-09	-6.74837751869e-12
9.33964771704e-09	-6.58116145131e-12
9.34084112973e-09	-6.34782284788e-12
9.34203454242e-09	-7.73038967908e-12
9.34322795511e-09	-7.62202155774e-12
9.3444213678e-09	-6.1812964686e-12
9.34561478049e-09	-7.44990424602e-12
9.34680819318e-09	-7.09924404419e-12
9.34800160587e-09	-6.38140668779e-12
9.34919501856e-09	-5.92216867993e-12
9.35038843125e-09	-7.081938497e-12
9.35158184394e-09	-7.03183144308e-12
9.35277525663e-09	-5.48130941677e-12
9.35396866932e-09	-6.94299457336e-12
9.35516208201e-09	-7.87573673812e-12
9.3563554947e-09	-6.70051910007e-12
9.3575489074e-09	-6.69302254678e-12
9.35874232009e-09	-7.71664936811e-12
9.35993573278e-09	-7.02890404301e-12
9.36112914547e-09	-6.09479388616e-12
9.36232255816e-09	-6.43381154559e-12
9.36351597085e-09	-7.35443964842e-12
9.36470938354e-09	-5.87914528801e-12
9.36590279623e-09	-5.87403601237e-12
9.36709620892e-09	-7.85125046573e-12
9.36828962161e-09	-7.22854523634e-12
9.3694830343e-09	-6.67074105372e-12
9.37067644699e-09	-7.53668601052e-12
9.37186985968e-09	-8.4008702772e-12
9.37306327237e-09	-6.77916820986e-12
9.37425668506e-09	-6.46841277372e-12
9.37545009775e-09	-7.76909770241e-12
9.37664351045e-09	-7.57078677093e-12
9.37783692314e-09	-6.1558904133e-12
9.37903033583e-09	-7.21830852469e-12
9.38022374852e-09	-8.06060101478e-12
9.38141716121e-09	-6.99796075037e-12
9.3826105739e-09	-6.92617464033e-12
9.38380398659e-09	-8.15724538698e-12
9.38499739928e-09	-8.03935325429e-12
9.38619081197e-09	-6.780551435e-12
9.38738422466e-09	-7.66269149912e-12
9.38857763735e-09	-7.95963869902e-12
9.38977105004e-09	-7.22351177354e-12
9.39096446273e-09	-6.93016203777e-12
9.39215787542e-09	-7.94195731315e-12
9.39335128811e-09	-7.64366586518e-12
9.39454470081e-09	-6.55019132467e-12
9.3957381135e-09	-8.13531859066e-12
9.39693152619e-09	-8.50972769898e-12
9.39812493888e-09	-7.48381630104e-12
9.39931835157e-09	-6.99263872717e-12
9.40051176426e-09	-8.53598864769e-12
9.40170517695e-09	-7.23723782726e-12
9.40289858964e-09	-6.16790250601e-12
9.40409200233e-09	-7.3700135079e-12
9.40528541502e-09	-7.6858424139e-12
9.40647882771e-09	-6.64896024523e-12
9.4076722404e-09	-7.02862903513e-12
9.40886565309e-09	-8.83604875466e-12
9.41005906578e-09	-8.62098717067e-12
9.41125247847e-09	-7.1270521494e-12
9.41244589117e-09	-8.42861707078e-12
9.41363930386e-09	-9.1529649528e-12
9.41483271655e-09	-7.5430627456e-12
9.41602612924e-09	-7.48868930192e-12
9.41721954193e-09	-8.42250292947e-12
9.41841295462e-09	-8.20788028473e-12
9.41960636731e-09	-6.83449537199e-12
9.42079978e-09	-8.0126886029e-12
9.42199319269e-09	-9.29921818802e-12
9.42318660538e-09	-7.72623951579e-12
9.42438001807e-09	-8.20890772892e-12
9.42557343076e-09	-9.48554407763e-12
9.42676684345e-09	-8.30195146569e-12
9.42796025614e-09	-7.15004824011e-12
9.42915366883e-09	-8.05984836164e-12
9.43034708152e-09	-8.51103454207e-12
9.43154049422e-09	-7.38646866111e-12
9.43273390691e-09	-7.33862406607e-12
9.4339273196e-09	-8.46730747583e-12
9.43512073229e-09	-7.89474952426e-12
9.43631414498e-09	-7.04801283525e-12
9.43750755767e-09	-8.15472960426e-12
9.43870097036e-09	-9.17802238289e-12
9.43989438305e-09	-8.14034983084e-12
9.44108779574e-09	-7.89083159708e-12
9.44228120843e-09	-9.17807648458e-12
9.44347462112e-09	-8.62148265106e-12
9.44466803381e-09	-7.11512570866e-12
9.4458614465e-09	-8.63390576481e-12
9.44705485919e-09	-8.67359558742e-12
9.44824827188e-09	-7.62308244957e-12
9.44944168458e-09	-7.8932042109e-12
9.45063509727e-09	-9.06150165753e-12
9.45182850996e-09	-8.9657167324e-12
9.45302192265e-09	-7.77091710208e-12
9.45421533534e-09	-9.00434371162e-12
9.45540874803e-09	-9.32042073729e-12
9.45660216072e-09	-7.70373971863e-12
9.45779557341e-09	-8.07153709105e-12
9.4589889861e-09	-9.27971946247e-12
9.46018239879e-09	-8.73909018068e-12
9.46137581148e-09	-7.29781171474e-12
9.46256922417e-09	-8.75334039193e-12
9.46376263686e-09	-9.64860298863e-12
9.46495604955e-09	-8.09072215691e-12
9.46614946224e-09	-8.69851250491e-12
9.46734287493e-09	-9.72755328978e-12
9.46853628763e-09	-9.21060569394e-12
9.46972970032e-09	-7.59996178403e-12
9.47092311301e-09	-8.76053423597e-12
9.4721165257e-09	-9.26595432327e-12
9.47330993839e-09	-7.60539379955e-12
9.47450335108e-09	-8.18807787415e-12
9.47569676377e-09	-9.3630799728e-12
9.47689017646e-09	-9.08289274956e-12
9.47808358915e-09	-8.16377808454e-12
9.47927700184e-09	-9.69612617193e-12
9.48047041453e-09	-1.05145070168e-11
9.48166382722e-09	-8.97306431632e-12
9.48285723991e-09	-9.02642728357e-12
9.4840506526e-09	-1.01532208205e-11
9.48524406529e-09	-9.37179207936e-12
9.48643747799e-09	-7.66875311083e-12
9.48763089068e-09	-9.12337040767e-12
9.48882430337e-09	-9.99533452967e-12
9.49001771606e-09	-8.49129745467e-12
9.49121112875e-09	-8.6788096783e-12
9.49240454144e-09	-1.02506169785e-11
9.49359795413e-09	-9.40988834162e-12
9.49479136682e-09	-8.07746989955e-12
9.49598477951e-09	-9.60705159089e-12
9.4971781922e-09	-9.95863309351e-12
9.49837160489e-09	-8.82559878044e-12
9.49956501758e-09	-8.14632421849e-12
9.50075843027e-09	-9.86012942301e-12
9.50195184296e-09	-9.34991808369e-12
9.50314525565e-09	-7.9607250696e-12
9.50433866835e-09	-9.58593751252e-12
9.50553208104e-09	-1.04629663223e-11
9.50672549373e-09	-9.23304743208e-12
9.50791890642e-09	-9.03338038052e-12
9.50911231911e-09	-1.02760107281e-11
9.5103057318e-09	-9.63997859402e-12
9.51149914449e-09	-8.42844256844e-12
9.51269255718e-09	-9.37951062305e-12
9.51388596987e-09	-9.98609875347e-12
9.51507938256e-09	-9.00789154639e-12
9.51627279525e-09	-8.9419189284e-12
9.51746620794e-09	-1.02161698155e-11
9.51865962063e-09	-9.62965124307e-12
9.51985303332e-09	-8.62513966499e-12
9.52104644601e-09	-9.79681808767e-12
9.5222398587e-09	-1.06671440344e-11
9.5234332714e-09	-9.23006972502e-12
9.52462668409e-09	-9.64191985801e-12
9.52582009678e-09	-1.02528606265e-11
9.52701350947e-09	-9.84295078169e-12
9.52820692216e-09	-8.53090531159e-12
9.52940033485e-09	-9.72025758494e-12
9.53059374754e-09	-1.06302074348e-11
9.53178716023e-09	-9.21566555706e-12
9.53298057292e-09	-9.69618428517e-12
9.53417398561e-09	-1.08631927238e-11
9.5353673983e-09	-1.03801673203e-11
9.53656081099e-09	-9.4552185634e-12
9.53775422368e-09	-1.02105191706e-11
9.53894763637e-09	-1.11758536453e-11
9.54014104906e-09	-9.28578134524e-12
9.54133446176e-09	-9.27464642629e-12
9.54252787445e-09	-1.08126395207e-11
9.54372128714e-09	-9.90174825813e-12
9.54491469983e-09	-9.01799674432e-12
9.54610811252e-09	-1.02302169557e-11
9.54730152521e-09	-1.09342616341e-11
9.5484949379e-09	-9.99804237881e-12
9.54968835059e-09	-9.68923276031e-12
9.55088176328e-09	-1.11381914976e-11
9.55207517597e-09	-1.04118861428e-11
9.55326858866e-09	-8.73871905827e-12
9.55446200135e-09	-1.01616907705e-11
9.55565541404e-09	-1.0288786316e-11
9.55684882673e-09	-9.3142386165e-12
9.55804223942e-09	-9.05862516075e-12
9.55923565212e-09	-1.04848853124e-11
9.56042906481e-09	-1.04097921689e-11
9.5616224775e-09	-9.29891482825e-12
9.56281589019e-09	-1.01326018973e-11
9.56400930288e-09	-1.14137259756e-11
9.56520271557e-09	-9.77198085905e-12
9.56639612826e-09	-9.93734922908e-12
9.56758954095e-09	-1.06869406987e-11
9.56878295364e-09	-1.05981712122e-11
9.56997636633e-09	-9.18144726914e-12
9.57116977902e-09	-1.02413454236e-11
9.57236319171e-09	-1.10678980087e-11
9.5735566044e-09	-9.66183849507e-12
9.57475001709e-09	-1.03720036032e-11
9.57594342978e-09	-1.14041239559e-11
9.57713684247e-09	-1.10706816978e-11
9.57833025517e-09	-9.69072586933e-12
9.57952366786e-09	-1.09142913891e-11
9.58071708055e-09	-1.17725521172e-11
9.58191049324e-09	-9.64267560114e-12
9.58310390593e-09	-9.8668579817e-12
9.58429731862e-09	-1.1189697606e-11
9.58549073131e-09	-1.07159242417e-11
9.586684144e-09	-9.80825105379e-12
9.58787755669e-09	-1.11872522964e-11
9.58907096938e-09	-1.2017450186e-11
9.59026438207e-09	-1.0715859298e-11
9.59145779476e-09	-1.04088158448e-11
9.59265120745e-09	-1.18646633317e-11
9.59384462014e-09	-1.07451672343e-11
9.59503803283e-09	-9.60146036028e-12
9.59623144553e-09	-1.03483046784e-11
9.59742485822e-09	-1.12604236916e-11
9.59861827091e-09	-1.00152108828e-11
9.5998116836e-09	-9.67609591626e-12
9.60100509629e-09	-1.12530143623e-11
9.60219850898e-09	-1.06173789378e-11
9.60339192167e-09	-9.90272284746e-12
9.60458533436e-09	-1.09523288876e-11
9.60577874705e-09	-1.10265135781e-11
9.60697215974e-09	-1.01186348796e-11
9.60816557243e-09	-1.01836989362e-11
9.60935898512e-09	-1.12157508758e-11
9.61055239781e-09	-1.08558898633e-11
9.6117458105e-09	-9.99100558145e-12
9.61293922319e-09	-1.06753461865e-11
9.61413263589e-09	-1.10339874173e-11
9.61532604858e-09	-1.00377098126e-11
9.61651946127e-09	-1.05285453749e-11
9.61771287396e-09	-1.16921223137e-11
9.61890628665e-09	-1.14782553037e-11
9.62009969934e-09	-1.02751409811e-11
9.62129311203e-09	-1.14689992529e-11
9.62248652472e-09	-1.17821071909e-11
9.62367993741e-09	-1.01914478918e-11
9.6248733501e-09	-1.03896146244e-11
9.62606676279e-09	-1.19810423518e-11
9.62726017548e-09	-1.1298401559e-11
9.62845358817e-09	-1.0041976094e-11
9.62964700086e-09	-1.1493700631e-11
9.63084041355e-09	-1.27313307466e-11
9.63203382624e-09	-1.09679242685e-11
9.63322723894e-09	-1.12220972532e-11
9.63442065163e-09	-1.24884285855e-11
9.63561406432e-09	-1.14053942072e-11
9.63680747701e-09	-1.0248153888e-11
9.6380008897e-09	-1.1575458799e-11
9.63919430239e-09	-1.16299578475e-11
9.64038771508e-09	-1.07015489135e-11
9.64158112777e-09	-1.07868457005e-11
9.64277454046e-09	-1.23626192833e-11
9.64396795315e-09	-1.19216276391e-11
9.64516136584e-09	-1.05248182131e-11
9.64635477853e-09	-1.20452960757e-11
9.64754819122e-09	-1.21224299045e-11
9.64874160391e-09	-1.06442705127e-11
9.6499350166e-09	-1.04308117048e-11
9.6511284293e-09	-1.17271875804e-11
9.65232184199e-09	-1.07625188058e-11
9.65351525468e-09	-9.61068594499e-12
9.65470866737e-09	-1.1051517557e-11
9.65590208006e-09	-1.17697466356e-11
9.65709549275e-09	-1.09468221163e-11
9.65828890544e-09	-1.11372829362e-11
9.65948231813e-09	-1.28263152053e-11
9.66067573082e-09	-1.21639713276e-11
9.66186914351e-09	-1.09118241786e-11
9.6630625562e-09	-1.15813753986e-11
9.66425596889e-09	-1.23866603823e-11
9.66544938158e-09	-1.11019814219e-11
9.66664279427e-09	-1.10291832091e-11
9.66783620696e-09	-1.2535202802e-11
9.66902961966e-09	-1.20312878583e-11
9.67022303235e-09	-1.09703004059e-11
9.67141644504e-09	-1.19911784495e-11
9.67260985773e-09	-1.32884066164e-11
9.67380327042e-09	-1.15130985258e-11
9.67499668311e-09	-1.17875711362e-11
9.6761900958e-09	-1.2812009266e-11
9.67738350849e-09	-1.21159937552e-11
9.67857692118e-09	-1.06529068336e-11
9.67977033387e-09	-1.20281819444e-11
9.68096374656e-09	-1.3005747629e-11
9.68215715925e-09	-1.09268684595e-11
9.68335057194e-09	-1.17155175535e-11
9.68454398463e-09	-1.31209144027e-11
9.68573739732e-09	-1.229816238e-11
9.68693081001e-09	-1.0983194714e-11
9.68812422271e-09	-1.23950435419e-11
9.6893176354e-09	-1.28940931283e-11
9.69051104809e-09	-1.15644761562e-11
9.69170446078e-09	-1.17045613653e-11
9.69289787347e-09	-1.30811376271e-11
9.69409128616e-09	-1.21901652184e-11
9.69528469885e-09	-1.09738153894e-11
9.69647811154e-09	-1.24588787637e-11
9.69767152423e-09	-1.29090184722e-11
9.69886493692e-09	-1.21477680345e-11
9.70005834961e-09	-1.16671870732e-11
9.7012517623e-09	-1.33873376794e-11
9.70244517499e-09	-1.22482596981e-11
9.70363858768e-09	-1.12914427157e-11
9.70483200037e-09	-1.23920731532e-11
9.70602541307e-09	-1.25521758786e-11
9.70721882576e-09	-1.17439067368e-11
9.70841223845e-09	-1.11361424639e-11
9.70960565114e-09	-1.30915997444e-11
9.71079906383e-09	-1.23790329116e-11
9.71199247652e-09	-1.11530022414e-11
9.71318588921e-09	-1.26347879641e-11
9.7143793019e-09	-1.32272949104e-11
9.71557271459e-09	-1.18126038465e-11
9.71676612728e-09	-1.19714804476e-11
9.71795953997e-09	-1.32158622154e-11
9.71915295266e-09	-1.22362846851e-11
9.72034636535e-09	-1.11902861109e-11
9.72153977804e-09	-1.22801407714e-11
9.72273319073e-09	-1.29513014896e-11
9.72392660342e-09	-1.13244566719e-11
9.72512001612e-09	-1.1821194414e-11
9.72631342881e-09	-1.33084874501e-11
9.7275068415e-09	-1.25999335748e-11
9.72870025419e-09	-1.13974740019e-11
9.72989366688e-09	-1.30123447824e-11
9.73108707957e-09	-1.38751572081e-11
9.73228049226e-09	-1.14379329575e-11
9.73347390495e-09	-1.23604624799e-11
9.73466731764e-09	-1.35327644273e-11
9.73586073033e-09	-1.24022329949e-11
9.73705414302e-09	-1.17970291738e-11
9.73824755571e-09	-1.28093850631e-11
9.7394409684e-09	-1.33896228523e-11
9.74063438109e-09	-1.22616186952e-11
9.74182779378e-09	-1.25721500268e-11
9.74302120648e-09	-1.40158060939e-11
9.74421461917e-09	-1.29893791036e-11
9.74540803186e-09	-1.21895091677e-11
9.74660144455e-09	-1.33031900383e-11
9.74779485724e-09	-1.34128227188e-11
9.74898826993e-09	-1.22203048462e-11
9.75018168262e-09	-1.22516390479e-11
9.75137509531e-09	-1.35591996615e-11
9.752568508e-09	-1.27112855831e-11
9.75376192069e-09	-1.18490568919e-11
9.75495533338e-09	-1.33869947462e-11
9.75614874607e-09	-1.34314320733e-11
9.75734215876e-09	-1.25854651136e-11
9.75853557145e-09	-1.21801787406e-11
9.75972898414e-09	-1.37158480103e-11
9.76092239684e-09	-1.26188500838e-11
9.76211580953e-09	-1.17751585392e-11
9.76330922222e-09	-1.29907921443e-11
9.76450263491e-09	-1.35440303721e-11
9.7656960476e-09	-1.20919092881e-11
9.76688946029e-09	-1.22671313212e-11
9.76808287298e-09	-1.3859901833e-11
9.76927628567e-09	-1.31734128814e-11
9.77046969836e-09	-1.21217496761e-11
9.77166311105e-09	-1.36831391486e-11
9.77285652374e-09	-1.40264125184e-11
9.77404993643e-09	-1.21357349083e-11
9.77524334912e-09	-1.23446747616e-11
9.77643676181e-09	-1.37141438613e-11
9.7776301745e-09	-1.31344019862e-11
9.77882358719e-09	-1.2348361049e-11
9.78001699989e-09	-1.38569792576e-11
9.78121041258e-09	-1.42448445617e-11
9.78240382527e-09	-1.25592897627e-11
9.78359723796e-09	-1.27973711272e-11
9.78479065065e-09	-1.39925031197e-11
9.78598406334e-09	-1.3233171503e-11
9.78717747603e-09	-1.22596840449e-11
9.78837088872e-09	-1.36803300892e-11
9.78956430141e-09	-1.38655174581e-11
9.7907577141e-09	-1.21484241937e-11
9.79195112679e-09	-1.2116316739e-11
9.79314453948e-09	-1.36859153567e-11
9.79433795217e-09	-1.31538023746e-11
9.79553136486e-09	-1.24491769974e-11
9.79672477755e-09	-1.43514995894e-11
9.79791819025e-09	-1.48170179468e-11
9.79911160294e-09	-1.28972579144e-11
9.80030501563e-09	-1.34145100627e-11
9.80149842832e-09	-1.42543427149e-11
9.80269184101e-09	-1.3331346335e-11
9.8038852537e-09	-1.25807330048e-11
9.80507866639e-09	-1.3979035594e-11
9.80627207908e-09	-1.45521871463e-11
9.80746549177e-09	-1.30392400436e-11
9.80865890446e-09	-1.32793329284e-11
9.80985231715e-09	-1.44956264873e-11
9.81104572984e-09	-1.34365235951e-11
9.81223914253e-09	-1.25581958027e-11
9.81343255522e-09	-1.42195262726e-11
9.81462596791e-09	-1.45911817784e-11
9.81581938061e-09	-1.27807842434e-11
9.8170127933e-09	-1.26366293731e-11
9.81820620599e-09	-1.42972328854e-11
9.81939961868e-09	-1.33453298325e-11
9.82059303137e-09	-1.28311211482e-11
9.82178644406e-09	-1.39757749644e-11
9.82297985675e-09	-1.47496600437e-11
9.82417326944e-09	-1.31909883407e-11
9.82536668213e-09	-1.33618141508e-11
9.82656009482e-09	-1.47080777462e-11
9.82775350751e-09	-1.43339833275e-11
9.8289469202e-09	-1.27718390334e-11
9.83014033289e-09	-1.42505558135e-11
9.83133374558e-09	-1.47354711983e-11
9.83252715827e-09	-1.29167851545e-11
9.83372057096e-09	-1.30111482569e-11
9.83491398366e-09	-1.43208755401e-11
9.83610739635e-09	-1.39062393328e-11
9.83730080904e-09	-1.35114793702e-11
9.83849422173e-09	-1.44693357773e-11
9.83968763442e-09	-1.50740019425e-11
9.84088104711e-09	-1.36361935198e-11
9.8420744598e-09	-1.39319527052e-11
9.84326787249e-09	-1.49247331074e-11
9.84446128518e-09	-1.39708854294e-11
9.84565469787e-09	-1.31645783684e-11
9.84684811056e-09	-1.46060367577e-11
9.84804152325e-09	-1.4888551004e-11
9.84923493594e-09	-1.34093415625e-11
9.85042834863e-09	-1.38022969789e-11
9.85162176132e-09	-1.54203717937e-11
9.85281517402e-09	-1.42483180202e-11
9.85400858671e-09	-1.36104235521e-11
9.8552019994e-09	-1.45585603035e-11
9.85639541209e-09	-1.49133017133e-11
9.85758882478e-09	-1.33986979498e-11
9.85878223747e-09	-1.33385168145e-11
9.85997565016e-09	-1.47871140246e-11
9.86116906285e-09	-1.38057496208e-11
9.86236247554e-09	-1.3202261658e-11
9.86355588823e-09	-1.48925506259e-11
9.86474930092e-09	-1.52505173203e-11
9.86594271361e-09	-1.39330371242e-11
9.8671361263e-09	-1.38102062338e-11
9.86832953899e-09	-1.54346915023e-11
9.86952295168e-09	-1.44294712897e-11
9.87071636438e-09	-1.34327126245e-11
9.87190977707e-09	-1.45191013075e-11
9.87310318976e-09	-1.48912217193e-11
9.87429660245e-09	-1.33572405523e-11
9.87549001514e-09	-1.37888890844e-11
9.87668342783e-09	-1.50920707138e-11
9.87787684052e-09	-1.46600954033e-11
9.87907025321e-09	-1.37051156014e-11
9.8802636659e-09	-1.49204919253e-11
9.88145707859e-09	-1.60354550818e-11
9.88265049128e-09	-1.37502714293e-11
9.88384390397e-09	-1.36903795592e-11
9.88503731666e-09	-1.49762483231e-11
9.88623072935e-09	-1.44989530364e-11
9.88742414204e-09	-1.32649234479e-11
9.88861755473e-09	-1.46178100006e-11
9.88981096743e-09	-1.54869037516e-11
9.89100438012e-09	-1.37555036805e-11
9.89219779281e-09	-1.42277877847e-11
9.8933912055e-09	-1.54045778954e-11
9.89458461819e-09	-1.46612116978e-11
9.89577803088e-09	-1.37866834919e-11
9.89697144357e-09	-1.52582978804e-11
9.89816485626e-09	-1.53226526519e-11
9.89935826895e-09	-1.38983042739e-11
9.90055168164e-09	-1.41523475881e-11
9.90174509433e-09	-1.57509673707e-11
9.90293850702e-09	-1.46473629666e-11
9.90413191971e-09	-1.38175263332e-11
9.9053253324e-09	-1.55082382483e-11
9.90651874509e-09	-1.64805556355e-11
9.90771215779e-09	-1.4738200352e-11
9.90890557048e-09	-1.45211263803e-11
9.91009898317e-09	-1.58366736608e-11
9.91129239586e-09	-1.48669023056e-11
9.91248580855e-09	-1.34976178455e-11
9.91367922124e-09	-1.49690292713e-11
9.91487263393e-09	-1.51583172013e-11
9.91606604662e-09	-1.4093501431e-11
9.91725945931e-09	-1.42585822706e-11
9.918452872e-09	-1.58833096415e-11
9.91964628469e-09	-1.49795558986e-11
9.92083969738e-09	-1.38088887113e-11
9.92203311007e-09	-1.54878125299e-11
9.92322652276e-09	-1.57350745931e-11
9.92441993545e-09	-1.39736228231e-11
9.92561334814e-09	-1.45162810808e-11
9.92680676084e-09	-1.5909998579e-11
9.92800017353e-09	-1.50054862199e-11
9.92919358622e-09	-1.44266543156e-11
9.93038699891e-09	-1.56956515927e-11
9.9315804116e-09	-1.62897985032e-11
9.93277382429e-09	-1.42582853076e-11
9.93396723698e-09	-1.53435998716e-11
9.93516064967e-09	-1.63469886499e-11
9.93635406236e-09	-1.51709942352e-11
9.93754747505e-09	-1.4310612916e-11
9.93874088774e-09	-1.54402182229e-11
9.93993430043e-09	-1.64580262396e-11
9.94112771312e-09	-1.42999649665e-11
9.94232112581e-09	-1.49994300834e-11
9.9435145385e-09	-1.65175676956e-11
9.9447079512e-09	-1.534346272e-11
9.94590136389e-09	-1.45343111461e-11
9.94709477658e-09	-1.56652045936e-11
9.94828818927e-09	-1.65383139041e-11
9.94948160196e-09	-1.45502552064e-11
9.95067501465e-09	-1.52740599032e-11
9.95186842734e-09	-1.67534874862e-11
9.95306184003e-09	-1.54943694593e-11
9.95425525272e-09	-1.37960671533e-11
9.95544866541e-09	-1.53605753334e-11
9.9566420781e-09	-1.60080202132e-11
9.95783549079e-09	-1.42448736183e-11
9.95902890348e-09	-1.51587023099e-11
9.96022231617e-09	-1.68598602961e-11
9.96141572886e-09	-1.57070074178e-11
9.96260914156e-09	-1.44606991312e-11
9.96380255425e-09	-1.59971792757e-11
9.96499596694e-09	-1.67601514264e-11
9.96618937963e-09	-1.48047619086e-11
9.96738279232e-09	-1.50381200548e-11
9.96857620501e-09	-1.66951368095e-11
9.9697696177e-09	-1.58235442978e-11
9.97096303039e-09	-1.47989075421e-11
9.97215644308e-09	-1.64377349622e-11
9.97334985577e-09	-1.75580257798e-11
9.97454326846e-09	-1.56123776017e-11
9.97573668115e-09	-1.59761808817e-11
9.97693009384e-09	-1.7056173314e-11
9.97812350653e-09	-1.5964007026e-11
9.97931691922e-09	-1.50292655925e-11
9.98051033191e-09	-1.64125300807e-11
9.98170374461e-09	-1.71241436829e-11
9.9828971573e-09	-1.50458960612e-11
9.98409056999e-09	-1.54681958431e-11
9.98528398268e-09	-1.7201764969e-11
9.98647739537e-09	-1.61493653736e-11
9.98767080806e-09	-1.53832967415e-11
9.98886422075e-09	-1.65344917662e-11
9.99005763344e-09	-1.70906266569e-11
9.99125104613e-09	-1.51200737044e-11
9.99244445882e-09	-1.56145868804e-11
9.99363787151e-09	-1.73538468751e-11
9.9948312842e-09	-1.57676518326e-11
9.99602469689e-09	-1.43484219731e-11
9.99721810958e-09	-1.63526750734e-11
9.99841152227e-09	-1.64096278883e-11
9.99960493497e-09	-1.49358989803e-11
1.00007983477e-08	-1.5653676055e-11
1.00019917603e-08	-1.71896017385e-11
1.0003185173e-08	-1.6162306736e-11
1.00043785857e-08	-1.52598024277e-11
1.00055719984e-08	-1.65477490651e-11
1.00067654111e-08	-1.69180125638e-11
1.00079588238e-08	-1.51317058926e-11
1.00091522365e-08	-1.57703918284e-11
1.00103456492e-08	-1.71473783523e-11
1.00115390619e-08	-1.55955148969e-11
1.00127324746e-08	-1.49066074154e-11
1.00139258873e-08	-1.62991430248e-11
1.00151192999e-08	-1.70658667319e-11
1.00163127126e-08	-1.53766241276e-11
1.00175061253e-08	-1.64149449242e-11
1.0018699538e-08	-1.77549856328e-11
1.00198929507e-08	-1.66211462996e-11
1.00210863634e-08	-1.48806492302e-11
1.00222797761e-08	-1.66246544525e-11
1.00234731888e-08	-1.68073640942e-11
1.00246666015e-08	-1.51483573949e-11
1.00258600142e-08	-1.55880030021e-11
1.00270534269e-08	-1.69348242027e-11
1.00282468395e-08	-1.631213155e-11
1.00294402522e-08	-1.50265792647e-11
1.00306336649e-08	-1.69527446551e-11
1.00318270776e-08	-1.73755625773e-11
1.00330204903e-08	-1.62987088019e-11
1.0034213903e-08	-1.60524079923e-11
1.00354073157e-08	-1.74363967275e-11
1.00366007284e-08	-1.62040634816e-11
1.00377941411e-08	-1.51843898783e-11
