% time-domain current integration by openEMS v0.37.0-rc1-2-g7b051bb @Thu Jul 16 21:22:58 2026
% start-coordinates: (0.00114193,0.00248571,0.0135123) m -> [50,70,215]
% stop-coordinates: (0.00147966,0.00282344,0.0135123) m -> [55,75,215]
% t/s	current
1.05888632306e-13	-0
1.16477495537e-12	-0
2.22366127843e-12	-0
3.28254760149e-12	-0
4.34143392454e-12	-0
5.4003202476e-12	-0
6.45920657066e-12	-0
7.51809289372e-12	-0
8.57697921678e-12	-0
9.63586553984e-12	-0
1.06947518629e-11	-0
1.1753638186e-11	-0
1.2812524509e-11	-0
1.38714108321e-11	-0
1.49302971551e-11	-0
1.59891834782e-11	-0
1.70480698013e-11	-0
1.81069561243e-11	-0
1.91658424474e-11	-0
2.02247287704e-11	-0
2.12836150935e-11	-0
2.23425014166e-11	-0
2.34013877396e-11	-0
2.44602740627e-11	-0
2.55191603857e-11	-0
2.65780467088e-11	-0
2.76369330319e-11	-0
2.86958193549e-11	-0
2.9754705678e-11	-0
3.0813592001e-11	-0
3.18724783241e-11	-0
3.29313646472e-11	-0
3.39902509702e-11	-0
3.50491372933e-11	-0
3.61080236163e-11	-0
3.71669099394e-11	-0
3.82257962625e-11	-0
3.92846825855e-11	-0
4.03435689086e-11	-0
4.14024552316e-11	-0
4.24613415547e-11	-0
4.35202278778e-11	-0
4.45791142008e-11	-0
4.56380005239e-11	-0
4.66968868469e-11	-0
4.775577317e-11	-0
4.88146594931e-11	-0
4.98735458161e-11	-0
5.09324321392e-11	-0
5.19913184622e-11	-0
5.30502047853e-11	-0
5.41090911084e-11	-0
5.51679774314e-11	-0
5.62268637545e-11	-0
5.72857500775e-11	-0
5.83446364006e-11	-0
5.94035227236e-11	-0
6.04624090467e-11	-0
6.15212953698e-11	-0
6.25801816928e-11	-0
6.36390680159e-11	-0
6.46979543389e-11	-0
6.5756840662e-11	-0
6.68157269851e-11	-0
6.78746133081e-11	-0
6.89334996312e-11	-0
6.99923859542e-11	-0
7.10512722773e-11	-0
7.21101586004e-11	-0
7.31690449234e-11	5.58056077912e-36
7.42279312465e-11	5.67651732142e-34
7.52868175695e-11	4.41097525441e-32
7.63457038926e-11	2.63954397675e-30
7.74045902157e-11	1.23999133725e-28
7.84634765387e-11	4.63466451469e-27
7.95223628618e-11	1.39214647331e-25
8.05812491848e-11	3.38753320452e-24
8.16401355079e-11	6.72199736936e-23
8.2699021831e-11	1.09402259562e-21
8.3757908154e-11	1.46795219666e-20
8.48167944771e-11	1.63174520243e-19
8.58756808001e-11	1.50968444084e-18
8.69345671232e-11	1.16807282721e-17
8.79934534463e-11	7.59520348645e-17
8.90523397693e-11	4.17198560753e-16
9.01112260924e-11	1.94635465785e-15
9.11701124154e-11	7.75361000312e-15
9.22289987385e-11	2.64999475271e-14
9.32878850616e-11	7.79348916131e-14
9.43467713846e-11	1.97028767542e-13
9.54056577077e-11	4.24075949053e-13
9.64645440307e-11	7.53416263839e-13
9.75234303538e-11	9.98273512465e-13
9.85823166769e-11	5.25089954156e-13
9.96412029999e-11	-2.16741381787e-12
1.00700089323e-10	-9.98731479462e-12
1.01758975646e-10	-2.77569391083e-11
1.02817861969e-10	-6.23718854342e-11
1.03876748292e-10	-1.22088006371e-10
1.04935634615e-10	-2.14225012729e-10
1.05994520938e-10	-3.40536709942e-10
1.07053407261e-10	-4.89802920445e-10
1.08112293584e-10	-6.28038343553e-10
1.09171179907e-10	-6.88165024965e-10
1.10230066231e-10	-5.62859647779e-10
1.11288952554e-10	-1.06015335399e-10
1.12347838877e-10	8.51055559359e-10
1.134067252e-10	2.46398812465e-09
1.14465611523e-10	4.81993467361e-09
1.15524497846e-10	7.86911869e-09
1.16583384169e-10	1.13586402506e-08
1.17642270492e-10	1.47908520987e-08
1.18701156815e-10	1.74307430711e-08
1.19760043138e-10	1.8380978517e-08
1.20818929461e-10	1.67289258002e-08
1.21877815784e-10	1.17490968066e-08
1.22936702107e-10	3.12266434932e-09
1.2399558843e-10	-8.87985596165e-09
1.25054474753e-10	-2.33088854884e-08
1.26113361076e-10	-3.85805414282e-08
1.27172247399e-10	-5.26675592027e-08
1.28231133723e-10	-6.34114627474e-08
1.29290020046e-10	-6.88975489993e-08
1.30348906369e-10	-6.78156268918e-08
1.31407792692e-10	-5.97298210891e-08
1.32466679015e-10	-4.52008066532e-08
1.33525565338e-10	-2.57349661581e-08
1.34584451661e-10	-3.57076190838e-09
1.35643337984e-10	1.86571824656e-08
1.36702224307e-10	3.83169158624e-08
1.3776111063e-10	5.31750217192e-08
1.38819996953e-10	6.17298994143e-08
1.39878883276e-10	6.34345411754e-08
1.40937769599e-10	5.87769264371e-08
1.41996655922e-10	4.92020362231e-08
1.43055542245e-10	3.68787240745e-08
1.44114428568e-10	2.43369520092e-08
1.45173314891e-10	1.40248319624e-08
1.46232201215e-10	7.85731746333e-09
1.47291087538e-10	6.84113299343e-09
1.48349973861e-10	1.0859803723e-08
1.49408860184e-10	1.86786532907e-08
1.50467746507e-10	2.81859264817e-08
1.5152663283e-10	3.68284140961e-08
1.52585519153e-10	4.21478638657e-08
1.53644405476e-10	4.22950385826e-08
1.54703291799e-10	3.64037795464e-08
1.55762178122e-10	2.47472673465e-08
1.56821064445e-10	8.65767191272e-09
1.57879950768e-10	-9.75100089562e-09
1.58938837091e-10	-2.79782881307e-08
1.59997723414e-10	-4.35597442561e-08
1.61056609737e-10	-5.44385621026e-08
1.6211549606e-10	-5.9237020622e-08
1.63174382383e-10	-5.74096468142e-08
1.64233268707e-10	-4.92819651754e-08
1.6529215503e-10	-3.59879663847e-08
1.66351041353e-10	-1.93183371522e-08
1.67409927676e-10	-1.4922423297e-09
1.68468813999e-10	1.51311123631e-08
1.69527700322e-10	2.83757870534e-08
1.70586586645e-10	3.65692010007e-08
1.71645472968e-10	3.88082028735e-08
1.72704359291e-10	3.51139668453e-08
1.73763245614e-10	2.64302304487e-08
1.74822131937e-10	1.44494416432e-08
1.7588101826e-10	1.29405097749e-09
1.76939904583e-10	-1.08806554877e-08
1.77998790906e-10	-2.02723313691e-08
1.79057677229e-10	-2.57185313046e-08
1.80116563552e-10	-2.68268021131e-08
1.81175449876e-10	-2.39362432097e-08
1.82234336199e-10	-1.79451173921e-08
1.83293222522e-10	-1.00679011794e-08
1.84352108845e-10	-1.58844004616e-09
1.85410995168e-10	6.34050545401e-09
1.86469881491e-10	1.28273667244e-08
1.87528767814e-10	1.73008771753e-08
1.88587654137e-10	1.95135427816e-08
1.8964654046e-10	1.95085991805e-08
1.90705426783e-10	1.75657461909e-08
1.91764313106e-10	1.41347973326e-08
1.92823199429e-10	9.76382708018e-09
1.93882085752e-10	5.02888086729e-09
1.94940972075e-10	4.7029424799e-10
1.95999858398e-10	-3.46016726382e-09
1.97058744721e-10	-6.43794662025e-09
1.98117631044e-10	-8.28506863115e-09
1.99176517368e-10	-8.96802365702e-09
2.00235403691e-10	-8.57650928054e-09
2.01294290014e-10	-7.29064142391e-09
2.02353176337e-10	-5.34561905852e-09
2.0341206266e-10	-3.00238145456e-09
2.04470948983e-10	-5.28830090829e-10
2.05529835306e-10	1.80848447329e-09
2.06588721629e-10	3.74866759856e-09
2.07647607952e-10	5.04665642609e-09
2.08706494275e-10	5.49775647229e-09
2.09765380598e-10	4.97705210378e-09
2.10824266921e-10	3.48344553203e-09
2.11883153244e-10	1.17114862253e-09
2.12942039567e-10	-1.64893343424e-09
2.1400092589e-10	-4.54748239065e-09
2.15059812213e-10	-7.05233382803e-09
2.16118698536e-10	-8.74375771787e-09
2.1717758486e-10	-9.34377819561e-09
2.18236471183e-10	-8.77370354146e-09
2.19295357506e-10	-7.16470482942e-09
2.20354243829e-10	-4.81938977615e-09
2.21413130152e-10	-2.13771622626e-09
2.22472016475e-10	4.7007103765e-10
2.23530902798e-10	2.65924504639e-09
2.24589789121e-10	4.20015044966e-09
2.25648675444e-10	4.99709518209e-09
2.26707561767e-10	5.08139441635e-09
2.2776644809e-10	4.58608795384e-09
2.28825334413e-10	3.71067176985e-09
2.29884220736e-10	2.68201971743e-09
2.30943107059e-10	1.71581382435e-09
2.32001993382e-10	9.82067871469e-10
2.33060879705e-10	5.78585790389e-10
2.34119766028e-10	5.18596554588e-10
2.35178652352e-10	7.37068905909e-10
2.36237538675e-10	1.1163409086e-09
2.37296424998e-10	1.52369905582e-09
2.38355311321e-10	1.85032555944e-09
2.39414197644e-10	2.03946104449e-09
2.40473083967e-10	2.09513650873e-09
2.4153197029e-10	2.06765671251e-09
2.42590856613e-10	2.0223227537e-09
2.43649742936e-10	2.00427874297e-09
2.44708629259e-10	2.01437888592e-09
2.45767515582e-10	2.00492533686e-09
2.46826401905e-10	1.89718285526e-09
2.47885288228e-10	1.61364144269e-09
2.48944174551e-10	1.11197406838e-09
2.50003060874e-10	4.06759903537e-10
2.51061947197e-10	-4.30363134019e-10
2.52120833521e-10	-1.2910224001e-09
2.53179719844e-10	-2.06220018839e-09
2.54238606167e-10	-2.65671573629e-09
2.5529749249e-10	-3.03228797627e-09
2.56356378813e-10	-3.19359405587e-09
2.57415265136e-10	-3.17885984202e-09
2.58474151459e-10	-3.0382194538e-09
2.59533037782e-10	-2.81465140084e-09
2.60591924105e-10	-2.53510124004e-09
2.61650810428e-10	-2.21302309811e-09
2.62709696751e-10	-1.85786597218e-09
2.63768583074e-10	-1.4853248631e-09
2.64827469397e-10	-1.12279263664e-09
2.6588635572e-10	-8.06978761592e-10
2.66945242043e-10	-5.74094272121e-10
2.68004128366e-10	-4.46709308433e-10
2.69063014689e-10	-4.23545420958e-10
2.70121901013e-10	-4.77514749964e-10
2.71180787336e-10	-5.63478375071e-10
2.72239673659e-10	-6.31960039854e-10
2.73298559982e-10	-6.43255670951e-10
2.74357446305e-10	-5.76445113865e-10
2.75416332628e-10	-4.30768171134e-10
2.76475218951e-10	-2.19298315618e-10
2.77534105274e-10	4.07066047536e-11
2.78592991597e-10	3.35320105016e-10
2.7965187792e-10	6.55175969033e-10
2.80710764243e-10	9.90383552946e-10
2.81769650566e-10	1.32250987939e-09
2.82828536889e-10	1.61908364493e-09
2.83887423212e-10	1.83497883555e-09
2.84946309535e-10	1.92191684789e-09
2.86005195858e-10	1.84358672772e-09
2.87064082181e-10	1.59136404054e-09
2.88122968505e-10	1.19433607448e-09
2.89181854828e-10	7.18394566057e-10
2.90240741151e-10	2.53539883532e-10
2.91299627474e-10	-1.07550190975e-10
2.92358513797e-10	-2.93535584728e-10
2.9341740012e-10	-2.74470973727e-10
2.94476286443e-10	-7.10058400966e-11
2.95535172766e-10	2.50381632094e-10
2.96594059089e-10	5.95260341019e-10
2.97652945412e-10	8.67202754051e-10
2.98711831735e-10	9.94875626326e-10
2.99770718058e-10	9.51657530557e-10
3.00829604381e-10	7.61540774885e-10
3.01888490704e-10	4.89827900463e-10
3.02947377027e-10	2.2211270323e-10
3.0400626335e-10	3.76619117837e-11
3.05065149673e-10	-1.46681035373e-11
3.06124035997e-10	6.971922345e-11
3.0718292232e-10	2.51216991654e-10
3.08241808643e-10	4.59054599888e-10
3.09300694966e-10	6.12688011437e-10
3.10359581289e-10	6.45340558769e-10
3.11418467612e-10	5.22840548633e-10
3.12477353935e-10	2.53075976842e-10
3.13536240258e-10	-1.15905687825e-10
3.14595126581e-10	-5.08203479299e-10
3.15654012904e-10	-8.39230795968e-10
3.16712899227e-10	-1.03670172447e-09
3.1777178555e-10	-1.05818043217e-09
3.18830671873e-10	-9.01197449998e-10
3.19889558196e-10	-6.0349475417e-10
3.20948444519e-10	-2.33252750448e-10
3.22007330842e-10	1.27832688879e-10
3.23066217166e-10	4.04155042766e-10
3.24125103489e-10	5.43004863296e-10
3.25183989812e-10	5.24503274146e-10
3.26242876135e-10	3.62493007833e-10
3.27301762458e-10	9.70591940153e-11
3.28360648781e-10	-2.18074724945e-10
3.29419535104e-10	-5.28880383932e-10
3.30478421427e-10	-7.91214371798e-10
3.3153730775e-10	-9.75839409278e-10
3.32596194073e-10	-1.0684273466e-09
3.33655080396e-10	-1.06641240283e-09
3.34713966719e-10	-9.75608704934e-10
3.35772853042e-10	-8.08232702987e-10
3.36831739365e-10	-5.82742687438e-10
3.37890625688e-10	-3.24321181022e-10
3.38949512011e-10	-6.43016820345e-11
3.40008398334e-10	1.62989913233e-10
3.41067284658e-10	3.26217108881e-10
3.42126170981e-10	4.04335287474e-10
3.43185057304e-10	3.93026500234e-10
3.44243943627e-10	3.07557868062e-10
3.4530282995e-10	1.80662346194e-10
3.46361716273e-10	5.51585062347e-11
3.47420602596e-10	-2.68506588491e-11
3.48479488919e-10	-3.54836784955e-11
3.49538375242e-10	3.86776756456e-11
3.50597261565e-10	1.82423409711e-10
3.51656147888e-10	3.64890478943e-10
3.52715034211e-10	5.48115997034e-10
3.53773920534e-10	6.99893476508e-10
3.54832806857e-10	8.04222632933e-10
3.5589169318e-10	8.65454596877e-10
3.56950579503e-10	9.04646191291e-10
3.58009465826e-10	9.49551326457e-10
3.5906835215e-10	1.02209629649e-09
3.60127238473e-10	1.12800868646e-09
3.61186124796e-10	1.25281318653e-09
3.62245011119e-10	1.36561628672e-09
3.63303897442e-10	1.42929501568e-09
3.64362783765e-10	1.41334399739e-09
3.65421670088e-10	1.30499766549e-09
3.66480556411e-10	1.11492459709e-09
3.67539442734e-10	8.75876982054e-10
3.68598329057e-10	6.34666708077e-10
3.6965721538e-10	4.3984932363e-10
3.70716101703e-10	3.28509247582e-10
3.71774988026e-10	3.16044218573e-10
3.72833874349e-10	3.9151704101e-10
3.73892760672e-10	5.20024578954e-10
3.74951646995e-10	6.51702469767e-10
3.76010533318e-10	7.35024541232e-10
3.77069419642e-10	7.30771498869e-10
3.78128305965e-10	6.22885631962e-10
3.79187192288e-10	4.23147100692e-10
3.80246078611e-10	1.68023206459e-10
3.81304964934e-10	-9.14123568507e-11
3.82363851257e-10	-3.03317759798e-10
3.8342273758e-10	-4.28621749204e-10
3.84481623903e-10	-4.50514375805e-10
3.85540510226e-10	-3.77403913676e-10
3.86599396549e-10	-2.39000930158e-10
3.87658282872e-10	-7.70547445295e-11
3.88717169195e-10	6.6245856023e-11
3.89776055518e-10	1.5896541028e-10
3.90834941841e-10	1.86430024196e-10
3.91893828164e-10	1.53353663102e-10
3.92952714487e-10	8.09129777068e-11
3.94011600811e-10	-6.11156091013e-14
3.95070487134e-10	-5.79492738517e-11
3.96129373457e-10	-6.90245360868e-11
3.9718825978e-10	-2.37608977632e-11
3.98247146103e-10	7.06627187319e-11
3.99306032426e-10	1.9251750194e-10
4.00364918749e-10	3.11608405745e-10
4.01423805072e-10	3.97723187717e-10
4.02482691395e-10	4.28999252788e-10
4.03541577718e-10	3.97936433805e-10
4.04600464041e-10	3.1341176876e-10
4.05659350364e-10	1.98279087593e-10
4.06718236687e-10	8.33132660083e-11
4.0777712301e-10	-6.72341847995e-13
4.08836009333e-10	-3.03535911683e-11
4.09894895656e-10	4.81005513198e-12
4.10953781979e-10	1.00603567144e-10
4.12012668303e-10	2.39734287977e-10
4.13071554626e-10	3.9644454386e-10
4.14130440949e-10	5.42629385869e-10
4.15189327272e-10	6.5395250326e-10
4.16248213595e-10	7.1460082296e-10
4.17307099918e-10	7.19631909618e-10
4.18365986241e-10	6.74705402659e-10
4.19424872564e-10	5.93731841469e-10
4.20483758887e-10	4.95262719724e-10
4.2154264521e-10	3.98565375148e-10
4.22601531533e-10	3.20304477386e-10
4.23660417856e-10	2.72268679824e-10
4.24719304179e-10	2.59982757544e-10
4.25778190502e-10	2.82215140146e-10
4.26837076825e-10	3.31480926041e-10
4.27895963148e-10	3.95476845716e-10
4.28954849471e-10	4.59497023764e-10
4.30013735795e-10	5.09556674633e-10
4.31072622118e-10	5.35587907358e-10
4.32131508441e-10	5.33705024619e-10
4.33190394764e-10	5.06742758866e-10
4.34249281087e-10	4.62857585593e-10
4.3530816741e-10	4.12566258934e-10
4.36367053733e-10	3.65351915388e-10
4.37425940056e-10	3.27089522134e-10
4.38484826379e-10	2.9920935174e-10
4.39543712702e-10	2.79552520022e-10
4.40602599025e-10	2.64279292894e-10
4.41661485348e-10	2.49866738411e-10
4.42720371671e-10	2.34251784637e-10
4.43779257994e-10	2.16748285986e-10
4.44838144317e-10	1.97143246172e-10
4.4589703064e-10	1.74654998797e-10
4.46955916963e-10	1.47460599287e-10
4.48014803287e-10	1.13128222068e-10
4.4907368961e-10	6.98899757512e-11
4.50132575933e-10	1.81480004635e-11
4.51191462256e-10	-3.83938540682e-11
4.52250348579e-10	-9.26613508145e-11
4.53309234902e-10	-1.35382802191e-10
4.54368121225e-10	-1.57478585727e-10
4.55427007548e-10	-1.53051279983e-10
4.56485893871e-10	-1.21991222679e-10
4.57544780194e-10	-7.13591963297e-11
4.58603666517e-10	-1.46221576514e-11
4.5966255284e-10	3.13577185052e-11
4.60721439163e-10	5.10189772374e-11
4.61780325486e-10	3.50851951658e-11
4.62839211809e-10	-1.5855237262e-11
4.63898098132e-10	-9.0560087207e-11
4.64956984456e-10	-1.69731853572e-10
4.66015870779e-10	-2.31355073987e-10
4.67074757102e-10	-2.57092180878e-10
4.68133643425e-10	-2.37649649959e-10
4.69192529748e-10	-1.75484932141e-10
4.70251416071e-10	-8.39945890618e-11
4.71310302394e-10	1.63069089482e-11
4.72369188717e-10	1.03389456718e-10
4.7342807504e-10	1.59235791219e-10
4.74486961363e-10	1.73932881986e-10
4.75545847686e-10	1.47482692725e-10
4.76604734009e-10	8.91812318438e-11
4.77663620332e-10	1.50574414048e-11
4.78722506655e-10	-5.58782915772e-11
4.79781392978e-10	-1.05772897385e-10
4.80840279301e-10	-1.21602811154e-10
4.81899165624e-10	-9.78195580092e-11
4.82958051948e-10	-3.736238402e-11
4.84016938271e-10	4.90451568247e-11
4.85075824594e-10	1.45279538399e-10
4.86134710917e-10	2.33294661367e-10
4.8719359724e-10	2.96898505781e-10
4.88252483563e-10	3.24969551269e-10
4.89311369886e-10	3.13401304908e-10
4.90370256209e-10	2.65473976135e-10
4.91429142532e-10	1.90713028703e-10
4.92488028855e-10	1.02823888293e-10
4.93546915178e-10	1.71329565118e-11
4.94605801501e-10	-5.19672568866e-11
4.95664687824e-10	-9.32976612633e-11
4.96723574147e-10	-1.00557236149e-10
4.9778246047e-10	-7.33003865938e-11
4.98841346793e-10	-1.71314976094e-11
4.99900233116e-10	5.70657306131e-11
5.0095911944e-10	1.34858263445e-10
5.02018005763e-10	2.00729294297e-10
5.03076892086e-10	2.40900188686e-10
5.04135778409e-10	2.45993586612e-10
5.05194664732e-10	2.13107614888e-10
5.06253551055e-10	1.46709797089e-10
5.07312437378e-10	5.81960694912e-11
5.08371323701e-10	-3.59859017585e-11
5.09430210024e-10	-1.17437795599e-10
5.10489096347e-10	-1.69661173999e-10
5.1154798267e-10	-1.81907808261e-10
5.12606868993e-10	-1.52056894853e-10
5.13665755316e-10	-8.76778094572e-11
5.14724641639e-10	-4.66388169404e-12
5.15783527962e-10	7.63483165578e-11
5.16842414285e-10	1.35080613362e-10
5.17901300608e-10	1.56786500449e-10
5.18960186932e-10	1.36033934117e-10
5.20019073255e-10	7.79349501601e-11
5.21077959578e-10	-3.49727386807e-12
5.22136845901e-10	-8.92683357789e-11
5.23195732224e-10	-1.6046083906e-10
5.24254618547e-10	-2.02891425882e-10
5.2531350487e-10	-2.10120268407e-10
5.26372391193e-10	-1.84201959241e-10
5.27431277516e-10	-1.34234678928e-10
5.28490163839e-10	-7.33214391979e-11
5.29549050162e-10	-1.48739302125e-11
5.30607936485e-10	3.05733355299e-11
5.31666822808e-10	5.74447815704e-11
5.32725709131e-10	6.5585821496e-11
5.33784595454e-10	5.92345617001e-11
5.34843481777e-10	4.49836140559e-11
5.35902368101e-10	2.94733196182e-11
5.36961254424e-10	1.75465510177e-11
5.38020140747e-10	1.1302059115e-11
5.3907902707e-10	1.02839490396e-11
5.40137913393e-10	1.25229202008e-11
5.41196799716e-10	1.59082226558e-11
5.42255686039e-10	1.93436603541e-11
5.43314572362e-10	2.32877172407e-11
5.44373458685e-10	2.959802195e-11
5.45432345008e-10	4.07816766468e-11
5.46491231331e-10	5.89529397521e-11
5.47550117654e-10	8.49146933324e-11
5.48609003977e-10	1.1755077467e-10
5.496678903e-10	1.53741311348e-10
5.50726776623e-10	1.88780630017e-10
5.51785662946e-10	2.17368553712e-10
5.52844549269e-10	2.34823133161e-10
5.53903435593e-10	2.3830282192e-10
5.54962321916e-10	2.27756050131e-10
5.56021208239e-10	2.06254513468e-10
5.57080094562e-10	1.79471298933e-10
5.58138980885e-10	1.54371529448e-10
5.59197867208e-10	1.37522188082e-10
5.60256753531e-10	1.33431446447e-10
5.61315639854e-10	1.43444284229e-10
5.62374526177e-10	1.65518751483e-10
5.634334125e-10	1.94873076009e-10
5.64492298823e-10	2.25275090249e-10
5.65551185146e-10	2.50502951715e-10
5.66610071469e-10	2.65664629184e-10
5.67668957792e-10	2.68040312168e-10
5.68727844115e-10	2.57410009974e-10
5.69786730438e-10	2.35868186094e-10
5.70845616761e-10	2.07303688105e-10
5.71904503085e-10	1.76614695091e-10
5.72963389408e-10	1.4883255739e-10
5.74022275731e-10	1.28218505258e-10
5.75081162054e-10	1.17522824805e-10
5.76140048377e-10	1.17555784551e-10
5.771989347e-10	1.27205190825e-10
5.78257821023e-10	1.43832820654e-10
5.79316707346e-10	1.63921001772e-10
5.80375593669e-10	1.8377795119e-10
5.81434479992e-10	2.00109928628e-10
5.82493366315e-10	2.10355594055e-10
5.83552252638e-10	2.12887235618e-10
5.84611138961e-10	2.07134615016e-10
5.85670025284e-10	1.93665139481e-10
5.86728911607e-10	1.74170136646e-10
5.8778779793e-10	1.51301901563e-10
5.88846684253e-10	1.28274557643e-10
5.89905570577e-10	1.08259727571e-10
5.909644569e-10	9.37698946268e-11
5.92023343223e-10	8.62256932521e-11
5.93082229546e-10	8.58637327905e-11
5.94141115869e-10	9.19580453451e-11
5.95200002192e-10	1.03256188322e-10
5.96258888515e-10	1.18358600698e-10
5.97317774838e-10	1.3590951975e-10
5.98376661161e-10	1.54557602827e-10
5.99435547484e-10	1.727990806e-10
6.00494433807e-10	1.88846674409e-10
6.0155332013e-10	2.00666372407e-10
6.02612206453e-10	2.06242370404e-10
6.03671092776e-10	2.03992850389e-10
6.04729979099e-10	1.93186383557e-10
6.05788865422e-10	1.74303710354e-10
6.06847751746e-10	1.49286347173e-10
6.07906638069e-10	1.21540694176e-10
6.08965524392e-10	9.56540194275e-11
6.10024410715e-10	7.68062904943e-11
6.11083297038e-10	6.98329241655e-11
6.12142183361e-10	7.80664838329e-11
6.13201069684e-10	1.02216374254e-10
6.14259956007e-10	1.39742134531e-10
6.1531884233e-10	1.84894072275e-10
6.16377728653e-10	2.29544425134e-10
6.17436614976e-10	2.64758048818e-10
6.18495501299e-10	2.82690981734e-10
6.19554387622e-10	2.78406381282e-10
6.20613273945e-10	2.51115434002e-10
6.21672160268e-10	2.04669670101e-10
6.22731046591e-10	1.47045514653e-10
6.23789932914e-10	8.8965522449e-11
6.24848819238e-10	4.19141110708e-11
6.25907705561e-10	1.58476617246e-11
6.26966591884e-10	1.707083086e-11
6.28025478207e-10	4.66750284256e-11
6.2908436453e-10	9.99381896682e-11
6.30143250853e-10	1.66881022889e-10
6.31202137176e-10	2.34003011412e-10
6.32261023499e-10	2.86921292281e-10
6.33319909822e-10	3.13406384178e-10
6.34378796145e-10	3.0614832891e-10
6.35437682468e-10	2.64522820315e-10
6.36496568791e-10	1.94975272039e-10
6.37555455114e-10	1.09831178874e-10
6.38614341437e-10	2.48031456485e-11
6.3967322776e-10	-4.42470608764e-11
6.40732114083e-10	-8.46144890265e-11
6.41791000406e-10	-8.93560850312e-11
6.4284988673e-10	-5.87326784429e-11
6.43908773053e-10	-8.53132126576e-14
6.44967659376e-10	7.37300845377e-11
6.46026545699e-10	1.47040227216e-10
6.47085432022e-10	2.04606262488e-10
6.48144318345e-10	2.34706504232e-10
6.49203204668e-10	2.31379596038e-10
6.50262090991e-10	1.95363558664e-10
6.51320977314e-10	1.33642957811e-10
6.52379863637e-10	5.77264590296e-11
6.5343874996e-10	-1.88820209468e-11
6.54497636283e-10	-8.33544691603e-11
6.55556522606e-10	-1.25850982413e-10
6.56615408929e-10	-1.410533218e-10
6.57674295252e-10	-1.28719465642e-10
6.58733181575e-10	-9.32556046274e-11
6.59792067898e-10	-4.25732643583e-11
6.60850954222e-10	1.35121080991e-11
6.61909840545e-10	6.50640652466e-11
6.62968726868e-10	1.03615241387e-10
6.64027613191e-10	1.23361959536e-10
6.65086499514e-10	1.21794158092e-10
6.66145385837e-10	9.97672153225e-11
6.6720427216e-10	6.10701766934e-11
6.68263158483e-10	1.16775937878e-11
6.69322044806e-10	-4.1161518638e-11
6.70380931129e-10	-8.98204496891e-11
6.71439817452e-10	-1.27214377921e-10
6.72498703775e-10	-1.47677217677e-10
6.73557590098e-10	-1.47747120094e-10
6.74616476421e-10	-1.26833932246e-10
6.75675362744e-10	-8.75691047453e-11
6.76734249067e-10	-3.57008519969e-11
6.77793135391e-10	2.05840830492e-11
6.78852021714e-10	7.18563542002e-11
6.79910908037e-10	1.0897395486e-10
6.8096979436e-10	1.2476640554e-10
6.82028680683e-10	1.15456207095e-10
6.83087567006e-10	8.15599671133e-11
6.84146453329e-10	2.80713213091e-11
6.85205339652e-10	-3.61810442717e-11
6.86264225975e-10	-9.99665697443e-11
6.87323112298e-10	-1.5164287881e-10
6.88381998621e-10	-1.81365839014e-10
6.89440884944e-10	-1.83088350036e-10
6.90499771267e-10	-1.55903817634e-10
6.9155865759e-10	-1.04426460534e-10
6.92617543913e-10	-3.80396998623e-11
6.93676430236e-10	3.08582014108e-11
6.94735316559e-10	8.92411630704e-11
6.95794202883e-10	1.26004276457e-10
6.96853089206e-10	1.34125877072e-10
6.97911975529e-10	1.12007715602e-10
6.98970861852e-10	6.37588593033e-11
7.00029748175e-10	-1.60233783707e-12
7.01088634498e-10	-7.18879608619e-11
7.02147520821e-10	-1.3408699151e-10
7.03206407144e-10	-1.76846634559e-10
7.04265293467e-10	-1.92668631049e-10
7.0532417979e-10	-1.79347411922e-10
7.06383066113e-10	-1.40345735034e-10
7.07441952436e-10	-8.40070235597e-11
7.08500838759e-10	-2.17966773103e-11
7.09559725082e-10	3.40840133894e-11
7.10618611405e-10	7.31414026567e-11
7.11677497728e-10	8.8591550762e-11
7.12736384051e-10	7.84811313159e-11
7.13795270375e-10	4.57772569851e-11
7.14854156698e-10	-2.47186060683e-12
7.15913043021e-10	-5.67379580818e-11
7.16971929344e-10	-1.06917981413e-10
7.18030815667e-10	-1.44207437658e-10
7.1908970199e-10	-1.62627800115e-10
7.20148588313e-10	-1.59943155942e-10
7.21207474636e-10	-1.3787312958e-10
7.22266360959e-10	-1.01572611433e-10
7.23325247282e-10	-5.8507101941e-11
7.24384133605e-10	-1.69271020811e-11
7.25443019928e-10	1.57484546237e-11
7.26501906251e-10	3.43100096944e-11
7.27560792574e-10	3.66147355491e-11
7.28619678897e-10	2.37611406245e-11
7.2967856522e-10	-3.65355152816e-13
7.30737451543e-10	-3.01124750135e-11
7.31796337867e-10	-5.92991697412e-11
7.3285522419e-10	-8.24765394869e-11
7.33914110513e-10	-9.58988999322e-11
7.34972996836e-10	-9.80897238434e-11
7.36031883159e-10	-8.99243457475e-11
7.37090769482e-10	-7.4147459006e-11
7.38149655805e-10	-5.45994881251e-11
7.39208542128e-10	-3.51937090581e-11
7.40267428451e-10	-1.89911853604e-11
7.41326314774e-10	-7.56655328671e-12
7.42385201097e-10	-8.33677853314e-13
7.4344408742e-10	2.59105605895e-12
7.44502973743e-10	4.663361277e-12
7.45561860066e-10	7.02406058664e-12
7.46620746389e-10	1.02945403938e-11
7.47679632712e-10	1.38151608209e-11
7.48738519036e-10	1.58687698398e-11
7.49797405359e-10	1.4362368933e-11
7.50856291682e-10	7.72295942475e-12
7.51915178005e-10	-4.28997679394e-12
7.52974064328e-10	-2.01386182036e-11
7.54032950651e-10	-3.65341402964e-11
7.55091836974e-10	-4.90567378386e-11
7.56150723297e-10	-5.31847309249e-11
7.5720960962e-10	-4.5543908922e-11
7.58268495943e-10	-2.50862490503e-11
7.59327382266e-10	6.22490557364e-12
7.60386268589e-10	4.33946975575e-11
7.61445154912e-10	7.92287971341e-11
7.62504041235e-10	1.0583998955e-10
7.63562927558e-10	1.16562648422e-10
7.64621813881e-10	1.07769168589e-10
7.65680700204e-10	8.00270058554e-11
7.66739586528e-10	3.83517523295e-11
7.67798472851e-10	-8.69220320721e-12
7.68857359174e-10	-5.08076150596e-11
7.69916245497e-10	-7.83133974336e-11
7.7097513182e-10	-8.44276107359e-11
7.72034018143e-10	-6.69264435538e-11
7.73092904466e-10	-2.88240941532e-11
7.74151790789e-10	2.22227306002e-11
7.75210677112e-10	7.55535772834e-11
7.76269563435e-10	1.19890319894e-10
7.77328449758e-10	1.45876699609e-10
7.78387336081e-10	1.48170087311e-10
7.79446222404e-10	1.26608140638e-10
7.80505108727e-10	8.61664767315e-11
7.8156399505e-10	3.57415833041e-11
7.82622881373e-10	-1.38943622233e-11
7.83681767696e-10	-5.25117241357e-11
7.8474065402e-10	-7.26028334674e-11
7.85799540343e-10	-7.08562791774e-11
7.86858426666e-10	-4.86531093191e-11
7.87917312989e-10	-1.15305169926e-11
7.88976199312e-10	3.22401931541e-11
7.90035085635e-10	7.35530733542e-11
7.91093971958e-10	1.04418210189e-10
7.92152858281e-10	1.19542528654e-10
7.93211744604e-10	1.17227852425e-10
7.94270630927e-10	9.94556659251e-11
7.9532951725e-10	7.11571912504e-11
7.96388403573e-10	3.89356845376e-11
7.97447289896e-10	9.53501166912e-12
7.98506176219e-10	-1.16382355142e-11
7.99565062542e-10	-2.14975502677e-11
8.00623948865e-10	-1.9702607601e-11
8.01682835188e-10	-8.37078496796e-12
8.02741721512e-10	8.7306568225e-12
8.03800607835e-10	2.7259774299e-11
8.04859494158e-10	4.33966057534e-11
8.05918380481e-10	5.46117144562e-11
8.06977266804e-10	6.00179420052e-11
8.08036153127e-10	6.02652927562e-11
8.0909503945e-10	5.70490356344e-11
8.10153925773e-10	5.24380816547e-11
8.11212812096e-10	4.8175290146e-11
8.12271698419e-10	4.52039655707e-11
8.13330584742e-10	4.34717539743e-11
8.14389471065e-10	4.20726335715e-11
8.15448357388e-10	3.96890610654e-11
8.16507243711e-10	3.51779369523e-11
8.17566130034e-10	2.8107757441e-11
8.18625016357e-10	1.91019665363e-11
8.19683902681e-10	9.81539415718e-12
8.20742789004e-10	2.5650228469e-12
8.21801675327e-10	-3.09351584063e-13
8.2286056165e-10	2.84905085635e-12
8.23919447973e-10	1.24418348887e-11
8.24978334296e-10	2.73326188072e-11
8.26037220619e-10	4.4945873412e-11
8.27096106942e-10	6.17486964338e-11
8.28154993265e-10	7.3921237187e-11
8.29213879588e-10	7.81982048559e-11
8.30272765911e-10	7.26406573781e-11
8.31331652234e-10	5.71637390201e-11
8.32390538557e-10	3.37587492683e-11
8.3344942488e-10	6.21745493631e-12
8.34508311203e-10	-2.05034166728e-11
8.35567197526e-10	-4.12755177259e-11
8.36626083849e-10	-5.19041858105e-11
8.37684970173e-10	-5.00441285634e-11
8.38743856496e-10	-3.58058964423e-11
8.39802742819e-10	-1.18066997151e-11
8.40861629142e-10	1.7286363313e-11
8.41920515465e-10	4.56663942772e-11
8.42979401788e-10	6.75190875432e-11
8.44038288111e-10	7.81579453935e-11
8.45097174434e-10	7.49589348925e-11
8.46156060757e-10	5.78935129003e-11
8.4721494708e-10	2.95531724093e-11
8.48273833403e-10	-5.28859031221e-12
8.49332719726e-10	-4.05594759167e-11
8.50391606049e-10	-7.00234661921e-11
8.51450492372e-10	-8.84631534692e-11
8.52509378695e-10	-9.26892729236e-11
8.53568265018e-10	-8.21599455136e-11
8.54627151341e-10	-5.9115337625e-11
8.55686037665e-10	-2.81573098171e-11
8.56744923988e-10	4.64500703526e-12
8.57803810311e-10	3.28804240779e-11
8.58862696634e-10	5.10430586687e-11
8.59921582957e-10	5.55708257188e-11
8.6098046928e-10	4.5485566702e-11
8.62039355603e-10	2.25428564704e-11
8.63098241926e-10	-9.14792720741e-12
8.64157128249e-10	-4.39193993673e-11
8.65216014572e-10	-7.56418677694e-11
8.66274900895e-10	-9.88715290196e-11
8.67333787218e-10	-1.09846277907e-10
8.68392673541e-10	-1.07129603799e-10
8.69451559864e-10	-9.18279827178e-11
8.70510446187e-10	-6.72655750544e-11
8.7156933251e-10	-3.83016084127e-11
8.72628218833e-10	-1.03467061308e-11
8.73687105157e-10	1.16054709245e-11
8.7474599148e-10	2.38349912723e-11
8.75804877803e-10	2.44566398383e-11
8.76863764126e-10	1.35940911306e-11
8.77922650449e-10	-6.72938094137e-12
8.78981536772e-10	-3.30237885648e-11
8.80040423095e-10	-6.09352845959e-11
8.81099309418e-10	-8.59255513963e-11
8.82158195741e-10	-1.03992960077e-10
8.83217082064e-10	-1.12275903852e-10
8.84275968387e-10	-1.09549452842e-10
8.8533485471e-10	-9.64339719189e-11
8.86393741033e-10	-7.53051024316e-11
8.87452627356e-10	-4.99400763798e-11
8.88511513679e-10	-2.48757212745e-11
8.89570400002e-10	-4.61170338029e-12
8.90629286326e-10	7.16768224635e-12
8.91688172649e-10	8.27268028386e-12
8.92747058972e-10	-1.56327663488e-12
8.93805945295e-10	-2.06072884451e-11
8.94864831618e-10	-4.53994133953e-11
8.95923717941e-10	-7.13876596725e-11
8.96982604264e-10	-9.38049846133e-11
8.98041490587e-10	-1.0858927646e-10
8.9910037691e-10	-1.13204702556e-10
9.00159263233e-10	-1.07106337688e-10
9.01218149556e-10	-9.1849160222e-11
9.02277035879e-10	-7.06999320199e-11
9.03335922202e-10	-4.7959074212e-11
9.04394808525e-10	-2.80529609958e-11
9.05453694848e-10	-1.46206935447e-11
9.06512581171e-10	-9.85368210638e-12
9.07571467494e-10	-1.40941026211e-11
9.08630353818e-10	-2.58864700509e-11
9.09689240141e-10	-4.23955801021e-11
9.10748126464e-10	-6.0085776632e-11
9.11807012787e-10	-7.55166762456e-11
9.1286589911e-10	-8.60503196476e-11
9.13924785433e-10	-9.0331769842e-11
9.14983671756e-10	-8.84331843864e-11
9.16042558079e-10	-8.16423456618e-11
9.17101444402e-10	-7.20006276822e-11
9.18160330725e-10	-6.17315851215e-11
9.19219217048e-10	-5.26872989681e-11
9.20278103371e-10	-4.60002001768e-11
9.21336989694e-10	-4.19847941135e-11
9.22395876017e-10	-4.02730591931e-11
9.2345476234e-10	-4.01285740748e-11
9.24513648663e-10	-4.07918351875e-11
9.25572534986e-10	-4.17888293414e-11
9.2663142131e-10	-4.30572036358e-11
9.27690307633e-10	-4.4903591262e-11
9.28749193956e-10	-4.77988759684e-11
9.29808080279e-10	-5.20657093828e-11
9.30866966602e-10	-5.76087996751e-11
9.31925852925e-10	-6.37591160424e-11
9.32984739248e-10	-6.92934390423e-11
9.34043625571e-10	-7.2671729745e-11
9.35102511894e-10	-7.24016055442e-11
9.36161398217e-10	-6.74892017272e-11
9.3722028454e-10	-5.78222573988e-11
9.38279170863e-10	-4.43626455016e-11
9.39338057186e-10	-2.91184090728e-11
9.40396943509e-10	-1.48051432225e-11
9.41455829832e-10	-4.31776359458e-12
9.42514716155e-10	-5.29806775708e-14
9.43573602478e-10	-3.32789741944e-12
9.44632488802e-10	-1.39865879295e-11
9.45691375125e-10	-3.0267736234e-11
9.46750261448e-10	-4.90730546476e-11
9.47809147771e-10	-6.65310029291e-11
9.48868034094e-10	-7.87496942656e-11
9.49926920417e-10	-8.26507404184e-11
9.5098580674e-10	-7.66823826659e-11
9.52044693063e-10	-6.12513650911e-11
9.53103579386e-10	-3.8765581023e-11
9.54162465709e-10	-1.32406290793e-11
9.55221352032e-10	1.04711933568e-11
9.56280238355e-10	2.76781184777e-11
9.57339124678e-10	3.4877729177e-11
9.58398011001e-10	3.05393488276e-11
9.59456897324e-10	1.55167146493e-11
9.60515783647e-10	-7.093011508e-12
9.61574669971e-10	-3.25751682573e-11
9.62633556294e-10	-5.55591440909e-11
9.63692442617e-10	-7.11588010738e-11
9.6475132894e-10	-7.59781820792e-11
9.65810215263e-10	-6.88371512569e-11
9.66869101586e-10	-5.10037463652e-11
9.67927987909e-10	-2.59374171446e-11
9.68986874232e-10	1.44001444883e-12
9.70045760555e-10	2.57571811102e-11
9.71104646878e-10	4.23327518873e-11
9.72163533201e-10	4.81206255398e-11
9.73222419524e-10	4.23516256787e-11
9.74281305847e-10	2.66351125183e-11
9.7534019217e-10	4.58622246083e-12
9.76399078493e-10	-1.89799408828e-11
9.77457964816e-10	-3.90986791554e-11
9.78516851139e-10	-5.16694048658e-11
9.79575737463e-10	-5.43126203734e-11
9.80634623786e-10	-4.67830080231e-11
9.81693510109e-10	-3.09412911959e-11
9.82752396432e-10	-1.02899919488e-11
9.83811282755e-10	1.0837823694e-11
9.84870169078e-10	2.82241695293e-11
9.85929055401e-10	3.86652758422e-11
9.86987941724e-10	4.05994335373e-11
9.88046828047e-10	3.43501338484e-11
9.8910571437e-10	2.19584645605e-11
9.90164600693e-10	6.60999120022e-12
9.91223487016e-10	-8.11411701718e-12
9.92282373339e-10	-1.908481706e-11
9.93341259662e-10	-2.42719681159e-11
9.94400145985e-10	-2.31154591995e-11
9.95459032308e-10	-1.65286517112e-11
9.96517918631e-10	-6.56134651819e-12
9.97576804955e-10	4.18742514621e-12
9.98635691278e-10	1.32472964889e-11
9.99694577601e-10	1.88442803029e-11
1.00075346392e-09	2.02829177065e-11
1.00181235025e-09	1.79996625244e-11
1.00287123657e-09	1.33499851798e-11
1.00393012289e-09	8.15457597281e-12
1.00498900922e-09	4.1567452605e-12
1.00604789554e-09	2.55243027235e-12
1.00710678186e-09	3.66381924799e-12
1.00816566819e-09	6.88618216269e-12
1.00922455451e-09	1.08985693734e-11
1.01028344083e-09	1.40656947895e-11
1.01134232715e-09	1.49617419148e-11
1.01240121348e-09	1.28040156602e-11
1.0134600998e-09	7.75593998747e-12
1.01451898612e-09	9.28580129456e-13
1.01557787245e-09	-5.87231175145e-12
1.01663675877e-09	-1.06064280622e-11
1.01769564509e-09	-1.15816306198e-11
1.01875453142e-09	-7.94311491581e-12
1.01981341774e-09	1.35752682966e-14
1.02087230406e-09	1.08239164159e-11
1.02193119038e-09	2.21472892109e-11
1.02299007671e-09	3.12628950505e-11
1.02404896303e-09	3.57360530057e-11
1.02510784935e-09	3.40217715111e-11
1.02616673568e-09	2.58927931179e-11
1.027225622e-09	1.25726989583e-11
1.02828450832e-09	-3.4459824317e-12
1.02934339465e-09	-1.89151819208e-11
1.03040228097e-09	-3.05249957255e-11
1.03146116729e-09	-3.56542954882e-11
1.03252005362e-09	-3.29709211322e-11
1.03357893994e-09	-2.27688423671e-11
1.03463782626e-09	-6.96496072622e-12
1.03569671258e-09	1.12638526978e-11
1.03675559891e-09	2.81133796798e-11
1.03781448523e-09	3.99365783499e-11
1.03887337155e-09	4.40158326453e-11
1.03993225788e-09	3.91378388032e-11
1.0409911442e-09	2.59056994606e-11
1.04205003052e-09	6.65674676839e-12
1.04310891685e-09	-1.49770803398e-11
1.04416780317e-09	-3.47903615638e-11
1.04522668949e-09	-4.88688464695e-11
1.04628557582e-09	-5.43975350875e-11
1.04734446214e-09	-5.02638902722e-11
1.04840334846e-09	-3.73107239549e-11
1.04946223478e-09	-1.81973776325e-11
1.05052112111e-09	3.12777061195e-12
1.05158000743e-09	2.22311058451e-11
1.05263889375e-09	3.51041556934e-11
1.05369778008e-09	3.89738172291e-11
1.0547566664e-09	3.29119509423e-11
1.05581555272e-09	1.80187271354e-11
1.05687443905e-09	-2.79206909329e-12
1.05793332537e-09	-2.54045014192e-11
1.05899221169e-09	-4.53679004087e-11
1.06005109802e-09	-5.88302045967e-11
1.06110998434e-09	-6.33475355505e-11
1.06216887066e-09	-5.83669709786e-11
1.06322775698e-09	-4.5301852547e-11
1.06428664331e-09	-2.71799995705e-11
1.06534552963e-09	-7.95270706927e-12
1.06640441595e-09	8.35732524851e-12
1.06746330228e-09	1.84917081647e-11
1.0685221886e-09	2.06063152652e-11
1.06958107492e-09	1.45812927704e-11
1.07063996125e-09	1.94288638997e-12
1.07169884757e-09	-1.45120773037e-11
1.07275773389e-09	-3.13997924883e-11
1.07381662021e-09	-4.54676366002e-11
1.07487550654e-09	-5.42569079942e-11
1.07593439286e-09	-5.65836717759e-11
1.07699327918e-09	-5.2667325362e-11
1.07805216551e-09	-4.39969380372e-11
1.07911105183e-09	-3.28833765773e-11
1.08016993815e-09	-2.18951662356e-11
1.08122882448e-09	-1.32610727954e-11
1.0822877108e-09	-8.42122725719e-12
1.08334659712e-09	-7.80708657444e-12
1.08440548345e-09	-1.08825049666e-11
1.08546436977e-09	-1.6420569765e-11
1.08652325609e-09	-2.29020656606e-11
1.08758214241e-09	-2.89264983494e-11
1.08864102874e-09	-3.3536826094e-11
1.08969991506e-09	-3.63738102138e-11
1.09075880138e-09	-3.7633309663e-11
1.09181768771e-09	-3.78918910138e-11
1.09287657403e-09	-3.78300446524e-11
1.09393546035e-09	-3.79540461559e-11
1.09499434668e-09	-3.84199824732e-11
1.096053233e-09	-3.89639570608e-11
1.09711211932e-09	-3.90169493936e-11
1.09817100565e-09	-3.7912083195e-11
1.09922989197e-09	-3.516164096e-11
1.10028877829e-09	-3.07140181344e-11
1.10134766461e-09	-2.50815236635e-11
1.10240655094e-09	-1.93281224359e-11
1.10346543726e-09	-1.48570843128e-11
1.10452432358e-09	-1.3072643662e-11
1.10558320991e-09	-1.49919573283e-11
1.10664209623e-09	-2.09048299504e-11
1.10770098255e-09	-3.01708519279e-11
1.10875986888e-09	-4.12699457941e-11
1.1098187552e-09	-5.20379676849e-11
1.11087764152e-09	-6.01096741826e-11
1.11193652784e-09	-6.34491487128e-11
1.11299541417e-09	-6.08377515032e-11
1.11405430049e-09	-5.22474112585e-11
1.11511318681e-09	-3.89401844103e-11
1.11617207314e-09	-2.33031371977e-11
1.11723095946e-09	-8.40395027873e-12
1.11828984578e-09	2.65200535143e-12
1.11934873211e-09	7.37166057363e-12
1.12040761843e-09	4.50170456467e-12
1.12146650475e-09	-5.67343654695e-12
1.12252539108e-09	-2.13224715662e-11
1.1235842774e-09	-3.93875002058e-11
1.12464316372e-09	-5.62238970658e-11
1.12570205004e-09	-6.83316875305e-11
1.12676093637e-09	-7.31181504232e-11
1.12781982269e-09	-6.94365814846e-11
1.12887870901e-09	-5.78344004631e-11
1.12993759534e-09	-4.04627338579e-11
1.13099648166e-09	-2.06182588364e-11
1.13205536798e-09	-2.08967240213e-12
1.13311425431e-09	1.15977054349e-11
1.13417314063e-09	1.7909429148e-11
1.13523202695e-09	1.57785780969e-11
1.13629091328e-09	5.7968773011e-12
1.1373497996e-09	-9.92211954959e-12
1.13840868592e-09	-2.81944953495e-11
1.13946757224e-09	-4.54075353706e-11
1.14052645857e-09	-5.82472681199e-11
1.14158534489e-09	-6.43168296399e-11
1.14264423121e-09	-6.2574383175e-11
1.14370311754e-09	-5.34816115005e-11
1.14476200386e-09	-3.88562168552e-11
1.14582089018e-09	-2.14655394154e-11
1.14687977651e-09	-4.46248767105e-12
1.14793866283e-09	9.23257390678e-12
1.14899754915e-09	1.74453871488e-11
1.15005643548e-09	1.91198879645e-11
1.1511153218e-09	1.44223591403e-11
1.15217420812e-09	4.63758762295e-12
1.15323309444e-09	-8.15243272195e-12
1.15429198077e-09	-2.15043937518e-11
1.15535086709e-09	-3.30671566517e-11
1.15640975341e-09	-4.09742101359e-11
1.15746863974e-09	-4.41126649098e-11
1.15852752606e-09	-4.22179860515e-11
1.15958641238e-09	-3.58339607986e-11
1.16064529871e-09	-2.61252356554e-11
1.16170418503e-09	-1.46311782134e-11
1.16276307135e-09	-3.01194724543e-12
1.16382195767e-09	7.20240620616e-12
1.164880844e-09	1.47833620345e-11
1.16593973032e-09	1.89085205826e-11
1.16699861664e-09	1.92227084944e-11
1.16805750297e-09	1.58189503163e-11
1.16911638929e-09	9.22520393409e-12
1.17017527561e-09	3.28619862442e-13
1.17123416194e-09	-9.67446608935e-12
1.17229304826e-09	-1.93879964167e-11
1.17335193458e-09	-2.73449492216e-11
1.17441082091e-09	-3.21816531756e-11
1.17546970723e-09	-3.28621574397e-11
1.17652859355e-09	-2.88595779219e-11
1.17758747987e-09	-2.03413622751e-11
1.1786463662e-09	-8.24735852528e-12
1.17970525252e-09	5.78181382979e-12
1.18076413884e-09	1.95816366594e-11
1.18182302517e-09	3.08120334802e-11
1.18288191149e-09	3.73735695169e-11
1.18394079781e-09	3.78217804298e-11
1.18499968414e-09	3.17250566095e-11
1.18605857046e-09	1.98462305617e-11
1.18711745678e-09	4.10661478781e-12
1.18817634311e-09	-1.27012003345e-11
1.18923522943e-09	-2.73980352294e-11
1.19029411575e-09	-3.70291089458e-11
1.19135300207e-09	-3.94594218411e-11
1.1924118884e-09	-3.38795068389e-11
1.19347077472e-09	-2.10023873293e-11
1.19452966104e-09	-2.98937914353e-12
1.19558854737e-09	1.69255841981e-11
1.19664743369e-09	3.50660750437e-11
1.19770632001e-09	4.80248410484e-11
1.19876520634e-09	5.33465667474e-11
1.19982409266e-09	5.00223647226e-11
1.20088297898e-09	3.86744872238e-11
1.20194186531e-09	2.1458930119e-11
1.20300075163e-09	1.63221844894e-12
1.20405963795e-09	-1.70749872574e-11
1.20511852427e-09	-3.11670342312e-11
1.2061774106e-09	-3.80600100047e-11
1.20723629692e-09	-3.65463562191e-11
1.20829518324e-09	-2.70136638753e-11
1.20935406957e-09	-1.13318052858e-11
1.21041295589e-09	7.54662912023e-12
1.21147184221e-09	2.61512322214e-11
1.21253072854e-09	4.1173092713e-11
1.21358961486e-09	5.00750968468e-11
1.21464850118e-09	5.14999015655e-11
1.2157073875e-09	4.54814241824e-11
1.21676627383e-09	3.33555336129e-11
1.21782516015e-09	1.745792573e-11
1.21888404647e-09	6.4169231994e-13
1.2199429328e-09	-1.42404343526e-11
1.22100181912e-09	-2.47987342467e-11
1.22206070544e-09	-2.95023797059e-11
1.22311959177e-09	-2.78567811179e-11
1.22417847809e-09	-2.04217320138e-11
1.22523736441e-09	-8.65384847115e-12
1.22629625074e-09	5.39460316695e-12
1.22735513706e-09	1.9422390779e-11
1.22841402338e-09	3.12625758614e-11
1.2294729097e-09	3.9175687e-11
1.23053179603e-09	4.20769877274e-11
1.23159068235e-09	3.96354719878e-11
1.23264956867e-09	3.22842724776e-11
1.233708455e-09	2.11323788329e-11
1.23476734132e-09	7.80946748241e-12
1.23582622764e-09	-5.74832369205e-12
1.23688511397e-09	-1.75486170734e-11
1.23794400029e-09	-2.58206424991e-11
1.23900288661e-09	-2.92572563398e-11
1.24006177294e-09	-2.7228394886e-11
1.24112065926e-09	-1.99361551573e-11
1.24217954558e-09	-8.41273058161e-12
1.2432384319e-09	5.57884727997e-12
1.24429731823e-09	1.97772111188e-11
1.24535620455e-09	3.1769236547e-11
1.24641509087e-09	3.93828893108e-11
1.2474739772e-09	4.10989402233e-11
1.24853286352e-09	3.63274098303e-11
1.24959174984e-09	2.55992380072e-11
1.25065063617e-09	1.05400193781e-11
1.25170952249e-09	-6.38619409091e-12
1.25276840881e-09	-2.22594026544e-11
1.25382729513e-09	-3.42511366491e-11
1.25488618146e-09	-4.01579915155e-11
1.25594506778e-09	-3.88457079004e-11
1.2570039541e-09	-3.04996271294e-11
1.25806284043e-09	-1.66282161651e-11
1.25912172675e-09	1.9377270513e-13
1.26018061307e-09	1.68185881888e-11
1.2612394994e-09	3.01129399194e-11
1.26229838572e-09	3.75732639446e-11
1.26335727204e-09	3.78034513415e-11
1.26441615837e-09	3.07831746205e-11
1.26547504469e-09	1.78485889263e-11
1.26653393101e-09	1.42600926727e-12
1.26759281733e-09	-1.54775203071e-11
1.26865170366e-09	-2.98516558694e-11
1.26971058998e-09	-3.92447394026e-11
1.2707694763e-09	-4.22364816732e-11
1.27182836263e-09	-3.86294191079e-11
1.27288724895e-09	-2.94415186675e-11
1.27394613527e-09	-1.66427531478e-11
1.2750050216e-09	-2.72395626021e-12
1.27606390792e-09	9.78507899707e-12
1.27712279424e-09	1.88031257231e-11
1.27818168057e-09	2.30135563384e-11
1.27924056689e-09	2.20463595296e-11
1.28029945321e-09	1.6436548303e-11
1.28135833953e-09	7.42763229394e-12
1.28241722586e-09	-3.31916764039e-12
1.28347611218e-09	-1.40631482154e-11
1.2845349985e-09	-2.32768509328e-11
1.28559388483e-09	-2.98612176652e-11
1.28665277115e-09	-3.32057784047e-11
1.28771165747e-09	-3.3217338602e-11
1.2887705438e-09	-3.02119718132e-11
1.28982943012e-09	-2.47868288394e-11
1.29088831644e-09	-1.77226358589e-11
1.29194720277e-09	-9.86332803626e-12
1.29300608909e-09	-2.09036043683e-12
1.29406497541e-09	4.738021607e-12
1.29512386173e-09	9.79800442169e-12
1.29618274806e-09	1.2363121811e-11
1.29724163438e-09	1.18823206482e-11
1.2983005207e-09	8.08174447503e-12
1.29935940703e-09	1.11037231926e-12
1.30041829335e-09	-8.39717791828e-12
1.30147717967e-09	-1.92991803094e-11
1.302536066e-09	-3.00177556423e-11
1.30359495232e-09	-3.87573931282e-11
1.30465383864e-09	-4.38058304908e-11
1.30571272496e-09	-4.38815477011e-11
1.30677161129e-09	-3.84602974468e-11
1.30783049761e-09	-2.79976198475e-11
1.30888938393e-09	-1.39481681413e-11
1.30994827026e-09	1.38366651036e-12
1.31100715658e-09	1.52338957421e-11
1.3120660429e-09	2.48833453842e-11
1.31312492923e-09	2.8214573039e-11
1.31418381555e-09	2.42019546765e-11
1.31524270187e-09	1.31622126393e-11
1.3163015882e-09	-3.17625027842e-12
1.31736047452e-09	-2.19634293391e-11
1.31841936084e-09	-3.97212089609e-11
1.31947824716e-09	-5.29995318466e-11
1.32053713349e-09	-5.90741622286e-11
1.32159601981e-09	-5.65082564075e-11
1.32265490613e-09	-4.55069454341e-11
1.32371379246e-09	-2.79215418147e-11
1.32477267878e-09	-6.93157770765e-12
1.3258315651e-09	1.35453037675e-11
1.32689045143e-09	2.96325984583e-11
1.32794933775e-09	3.82412400357e-11
1.32900822407e-09	3.77043465893e-11
1.3300671104e-09	2.80998870006e-11
1.33112599672e-09	1.123979642e-11
1.33218488304e-09	-9.66082682602e-12
1.33324376936e-09	-3.06374266235e-11
1.33430265569e-09	-4.77307603164e-11
1.33536154201e-09	-5.7728162528e-11
1.33642042833e-09	-5.87877108105e-11
1.33747931466e-09	-5.07610481426e-11
1.33853820098e-09	-3.52086207411e-11
1.3395970873e-09	-1.50629266005e-11
1.34065597363e-09	5.94268861551e-12
1.34171485995e-09	2.39778700367e-11
1.34277374627e-09	3.5863725184e-11
1.3438326326e-09	3.96270342928e-11
1.34489151892e-09	3.48441726861e-11
1.34595040524e-09	2.26686482085e-11
1.34700929156e-09	5.56209375432e-12
1.34806817789e-09	-1.3192812294e-11
1.34912706421e-09	-3.0136410728e-11
1.35018595053e-09	-4.22503247666e-11
1.35124483686e-09	-4.7494064237e-11
1.35230372318e-09	-4.51322902661e-11
1.3533626095e-09	-3.57997589906e-11
1.35442149583e-09	-2.13487925255e-11
1.35548038215e-09	-4.44491492224e-12
1.35653926847e-09	1.19191757159e-11
1.35759815479e-09	2.49886500381e-11
1.35865704112e-09	3.27090125818e-11
1.35971592744e-09	3.40486042139e-11
1.36077481376e-09	2.91296535504e-11
1.36183370009e-09	1.91425764129e-11
1.36289258641e-09	6.09417117464e-12
1.36395147273e-09	-7.61395026888e-12
1.36501035906e-09	-1.95869050146e-11
1.36606924538e-09	-2.78517955227e-11
1.3671281317e-09	-3.11803638464e-11
1.36818701803e-09	-2.92213128694e-11
1.36924590435e-09	-2.25264008835e-11
1.37030479067e-09	-1.23697631998e-11
1.37136367699e-09	-5.39291809994e-13
1.37242256332e-09	1.1027062076e-11
1.37348144964e-09	2.05516211688e-11
1.37454033596e-09	2.66641240337e-11
1.37559922229e-09	2.86347456163e-11
1.37665810861e-09	2.64143654866e-11
1.37771699493e-09	2.06181963863e-11
1.37877588126e-09	1.23834796584e-11
1.37983476758e-09	3.15353732711e-12
1.3808936539e-09	-5.55492023907e-12
1.38195254023e-09	-1.2386593487e-11
1.38301142655e-09	-1.63557570265e-11
1.38407031287e-09	-1.69484391799e-11
1.38512919919e-09	-1.41891142932e-11
1.38618808552e-09	-8.60195248364e-12
1.38724697184e-09	-1.0945877451e-12
1.38830585816e-09	7.17834429051e-12
1.38936474449e-09	1.50104824403e-11
1.39042363081e-09	2.12967091878e-11
1.39148251713e-09	2.52119037453e-11
1.39254140346e-09	2.63031020575e-11
1.39360028978e-09	2.45150826722e-11
1.3946591761e-09	2.02147916462e-11
1.39571806242e-09	1.41010493213e-11
1.39677694875e-09	7.11318807675e-12
1.39783583507e-09	2.88249377709e-13
1.39889472139e-09	-5.36934559314e-12
1.39995360772e-09	-9.0137949188e-12
1.40101249404e-09	-1.00997448252e-11
1.40207138036e-09	-8.43191402117e-12
1.40313026669e-09	-4.21024499986e-12
1.40418915301e-09	1.99090375262e-12
1.40524803933e-09	9.30046664682e-12
1.40630692566e-09	1.66602339563e-11
1.40736581198e-09	2.29725318629e-11
1.4084246983e-09	2.72599096074e-11
1.40948358462e-09	2.88243578311e-11
1.41054247095e-09	2.73544832619e-11
1.41160135727e-09	2.30124166251e-11
1.41266024359e-09	1.6409616721e-11
1.41371912992e-09	8.54418012036e-12
1.41477801624e-09	6.62891020287e-13
1.41583690256e-09	-5.94795220021e-12
1.41689578889e-09	-1.01582501091e-11
1.41795467521e-09	-1.11967752778e-11
1.41901356153e-09	-8.78342537591e-12
1.42007244786e-09	-3.23016027988e-12
1.42113133418e-09	4.62020309164e-12
1.4221902205e-09	1.34984020489e-11
1.42324910682e-09	2.19091429027e-11
1.42430799315e-09	2.84042043358e-11
1.42536687947e-09	3.18206884453e-11
1.42642576579e-09	3.14992094907e-11
1.42748465212e-09	2.74146330637e-11
1.42854353844e-09	2.01978329895e-11
1.42960242476e-09	1.10354052285e-11
1.43066131109e-09	1.46572890544e-12
1.43172019741e-09	-6.87167770602e-12
1.43277908373e-09	-1.25264156686e-11
1.43383797006e-09	-1.44984180911e-11
1.43489685638e-09	-1.24321785505e-11
1.4359557427e-09	-6.66551319348e-12
1.43701462902e-09	1.7953699508e-12
1.43807351535e-09	1.14587853095e-11
1.43913240167e-09	2.06026272431e-11
1.44019128799e-09	2.75839767694e-11
1.44125017432e-09	3.114916311e-11
1.44230906064e-09	3.06364100755e-11
1.44336794696e-09	2.61278845781e-11
1.44442683329e-09	1.84189850871e-11
1.44548571961e-09	8.86894030439e-12
1.44654460593e-09	-8.46356188258e-13
1.44760349225e-09	-9.04717707001e-12
1.44866237858e-09	-1.43356064866e-11
1.4497212649e-09	-1.58731309347e-11
1.45078015122e-09	-1.35038126514e-11
1.45183903755e-09	-7.75538747805e-12
1.45289792387e-09	2.38100690423e-13
1.45395681019e-09	8.98517284881e-12
1.45501569652e-09	1.69014333778e-11
1.45607458284e-09	2.26087256555e-11
1.45713346916e-09	2.5163230874e-11
1.45819235549e-09	2.42146597912e-11
1.45925124181e-09	2.00412395013e-11
1.46031012813e-09	1.34609857982e-11
1.46136901445e-09	5.66327713891e-12
1.46242790078e-09	-2.02937644987e-12
1.4634867871e-09	-8.39056168295e-12
1.46454567342e-09	-1.25079295879e-11
1.46560455975e-09	-1.38809163816e-11
1.46666344607e-09	-1.25089738914e-11
1.46772233239e-09	-8.80274672599e-12
1.46878121872e-09	-3.50890106901e-12
1.46984010504e-09	2.44958046902e-12
1.47089899136e-09	8.13006953426e-12
1.47195787769e-09	1.26915344553e-11
1.47301676401e-09	1.55158212667e-11
1.47407565033e-09	1.62569194218e-11
1.47513453665e-09	1.48679957235e-11
1.47619342298e-09	1.1578746642e-11
1.4772523093e-09	6.85018057903e-12
1.47831119562e-09	1.3148029757e-12
1.47937008195e-09	-4.30656899031e-12
1.48042896827e-09	-9.28045314208e-12
1.48148785459e-09	-1.2935781786e-11
1.48254674092e-09	-1.47539949008e-11
1.48360562724e-09	-1.44433093957e-11
1.48466451356e-09	-1.19709667526e-11
1.48572339989e-09	-7.62572123503e-12
1.48678228621e-09	-1.99568421684e-12
1.48784117253e-09	4.09575715357e-12
1.48890005885e-09	9.67091511039e-12
1.48995894518e-09	1.37598708469e-11
1.4910178315e-09	1.55497923565e-11
1.49207671782e-09	1.45709364713e-11
1.49313560415e-09	1.07939412616e-11
1.49419449047e-09	4.68098389911e-12
1.49525337679e-09	-2.84134261258e-12
1.49631226312e-09	-1.054414802e-11
1.49737114944e-09	-1.70731883492e-11
1.49843003576e-09	-2.12198539989e-11
1.49948892208e-09	-2.21441493614e-11
1.50054780841e-09	-1.95596490393e-11
1.50160669473e-09	-1.38190179785e-11
1.50266558105e-09	-5.87966524426e-12
1.50372446738e-09	2.84247170072e-12
1.5047833537e-09	1.07409402553e-11
1.50584224002e-09	1.6294250671e-11
1.50690112635e-09	1.83966539918e-11
1.50796001267e-09	1.65638266991e-11
1.50901889899e-09	1.10462992919e-11
1.51007778532e-09	2.81228859644e-12
1.51113667164e-09	-6.63343772273e-12
1.51219555796e-09	-1.55224652576e-11
1.51325444428e-09	-2.21910025078e-11
1.51431333061e-09	-2.53679594692e-11
1.51537221693e-09	-2.44473226385e-11
1.51643110325e-09	-1.96179305439e-11
1.51748998958e-09	-1.17978101247e-11
1.5185488759e-09	-2.4926566887e-12
1.51960776222e-09	6.5347124413e-12
1.52066664855e-09	1.35866031967e-11
1.52172553487e-09	1.7369146052e-11
1.52278442119e-09	1.72310395119e-11
1.52384330752e-09	1.32816153908e-11
1.52490219384e-09	6.35672981267e-12
1.52596108016e-09	-2.17052677914e-12
1.52701996648e-09	-1.0640590839e-11
1.52807885281e-09	-1.74684225418e-11
1.52913773913e-09	-2.14170937929e-11
1.53019662545e-09	-2.18411035785e-11
1.53125551178e-09	-1.87801250245e-11
1.5323143981e-09	-1.29315612038e-11
1.53337328442e-09	-5.4803158539e-12
1.53443217075e-09	2.14228721568e-12
1.53549105707e-09	8.53582395738e-12
1.53654994339e-09	1.2606931124e-11
1.53760882971e-09	1.37461144897e-11
1.53866771604e-09	1.19366938209e-11
1.53972660236e-09	7.70715002235e-12
1.54078548868e-09	2.00758507041e-12
1.54184437501e-09	-3.99545630955e-12
1.54290326133e-09	-9.1687941961e-12
1.54396214765e-09	-1.26054019653e-11
1.54502103398e-09	-1.38047091119e-11
1.5460799203e-09	-1.27120796528e-11
1.54713880662e-09	-9.70114960586e-12
1.54819769295e-09	-5.46193255554e-12
1.54925657927e-09	-8.41683710576e-13
1.55031546559e-09	3.329232506e-12
1.55137435191e-09	6.41026728226e-12
1.55243323824e-09	8.02319669035e-12
1.55349212456e-09	8.11270321754e-12
1.55455101088e-09	6.89916396582e-12
1.55560989721e-09	4.80707574441e-12
1.55666878353e-09	2.35027622364e-12
1.55772766985e-09	1.2538186567e-14
1.55878655618e-09	-1.82487944027e-12
1.5598454425e-09	-2.97376186176e-12
1.56090432882e-09	-3.39347777309e-12
1.56196321515e-09	-3.18824502389e-12
1.56302210147e-09	-2.53841544139e-12
1.56408098779e-09	-1.61161329507e-12
1.56513987411e-09	-5.46549134076e-13
1.56619876044e-09	6.01297765919e-13
1.56725764676e-09	1.82386462703e-12
1.56831653308e-09	3.14142613832e-12
1.56937541941e-09	4.54246492851e-12
1.57043430573e-09	5.94778610044e-12
1.57149319205e-09	7.20767933185e-12
1.57255207838e-09	8.09990095829e-12
1.5736109647e-09	8.39363387822e-12
1.57466985102e-09	7.90425017105e-12
1.57572873735e-09	6.57509940591e-12
1.57678762367e-09	4.50847692512e-12
1.57784650999e-09	2.01017999989e-12
1.57890539631e-09	-4.78601424984e-13
1.57996428264e-09	-2.44233344486e-12
1.58102316896e-09	-3.38396346534e-12
1.58208205528e-09	-2.97893892713e-12
1.58314094161e-09	-1.12187071698e-12
1.58419982793e-09	1.99422119443e-12
1.58525871425e-09	5.91220735563e-12
1.58631760058e-09	9.96782170692e-12
1.5873764869e-09	1.34047018277e-11
1.58843537322e-09	1.55530432283e-11
1.58949425954e-09	1.59384398041e-11
1.59055314587e-09	1.44218534684e-11
1.59161203219e-09	1.12255803611e-11
1.59267091851e-09	6.91797617455e-12
1.59372980484e-09	2.30839761368e-12
1.59478869116e-09	-1.7053710874e-12
1.59584757748e-09	-4.32354716265e-12
1.59690646381e-09	-4.98242376176e-12
1.59796535013e-09	-3.49261570186e-12
1.59902423645e-09	-7.12476952436e-14
1.60008312278e-09	4.6995432719e-12
1.6011420091e-09	9.9548962823e-12
1.60220089542e-09	1.47404415063e-11
1.60325978174e-09	1.81750968442e-11
1.60431866807e-09	1.96252059742e-11
1.60537755439e-09	1.8832090401e-11
1.60643644071e-09	1.59441609221e-11
1.60749532704e-09	1.15158672528e-11
1.60855421336e-09	6.37477310522e-12
1.60961309968e-09	1.473975564e-12
1.61067198601e-09	-2.28176830729e-12
1.61173087233e-09	-4.21569333262e-12
1.61278975865e-09	-3.99114118491e-12
1.61384864498e-09	-1.66629871793e-12
1.6149075313e-09	2.31943153919e-12
1.61596641762e-09	7.24302041955e-12
1.61702530394e-09	1.22288342647e-11
1.61808419027e-09	1.6395620972e-11
1.61914307659e-09	1.90349749851e-11
1.62020196291e-09	1.97082246356e-11
1.62126084924e-09	1.83316938018e-11
1.62231973556e-09	1.51830960998e-11
1.62337862188e-09	1.08263589066e-11
1.62443750821e-09	6.03586495021e-12
1.62549639453e-09	1.63041075866e-12
1.62655528085e-09	-1.63726107325e-12
1.62761416718e-09	-3.23493749149e-12
1.6286730535e-09	-2.92567836277e-12
1.62973193982e-09	-7.88267671623e-13
1.63079082614e-09	2.77538712498e-12
1.63184971247e-09	7.13940755473e-12
1.63290859879e-09	1.15479986684e-11
1.63396748511e-09	1.52537375092e-11
1.63502637144e-09	1.76362813242e-11
1.63608525776e-09	1.82924266012e-11
1.63714414408e-09	1.71208221211e-11
1.63820303041e-09	1.43124201726e-11
1.63926191673e-09	1.03379457772e-11
1.64032080305e-09	5.85936073966e-12
1.64137968937e-09	1.61815569624e-12
1.6424385757e-09	-1.6823621489e-12
1.64349746202e-09	-3.50158378855e-12
1.64455634834e-09	-3.55713462158e-12
1.64561523467e-09	-1.86348029022e-12
1.64667412099e-09	1.27310737907e-12
1.64773300731e-09	5.29315176759e-12
1.64879189364e-09	9.49993122362e-12
1.64985077996e-09	1.31588403368e-11
1.65090966628e-09	1.56371565002e-11
1.65196855261e-09	1.650591816e-11
1.65302743893e-09	1.55973827604e-11
1.65408632525e-09	1.30640056065e-11
1.65514521157e-09	9.31155846873e-12
1.6562040979e-09	4.96814915596e-12
1.65726298422e-09	7.40794578458e-13
1.65832187054e-09	-2.69117519068e-12
1.65938075687e-09	-4.77203259547e-12
1.66043964319e-09	-5.19549854527e-12
1.66149852951e-09	-3.91280367482e-12
1.66255741584e-09	-1.17229370742e-12
1.66361630216e-09	2.55775175345e-12
1.66467518848e-09	6.63712834692e-12
1.66573407481e-09	1.03652806824e-11
1.66679296113e-09	1.31151435198e-11
1.66785184745e-09	1.44033595814e-11
1.66891073377e-09	1.39848297873e-11
1.6699696201e-09	1.18944984071e-11
1.67102850642e-09	8.43877658724e-12
1.67208739274e-09	4.15009129492e-12
1.67314627907e-09	-2.92080785556e-13
1.67420516539e-09	-4.17059616009e-12
1.67526405171e-09	-6.85678076817e-12
1.67632293804e-09	-7.89558782938e-12
1.67738182436e-09	-7.11048451021e-12
1.67844071068e-09	-4.61035766855e-12
1.679499597e-09	-8.12154109155e-13
1.68055848333e-09	3.65019689821e-12
1.68161736965e-09	8.00963462222e-12
1.68267625597e-09	1.14828467915e-11
1.6837351423e-09	1.34359893003e-11
1.68479402862e-09	1.34592094414e-11
1.68585291494e-09	1.14773034826e-11
1.68691180127e-09	7.76364389443e-12
1.68797068759e-09	2.89847551342e-12
1.68902957391e-09	-2.29933910453e-12
1.69008846024e-09	-6.93096404922e-12
1.69114734656e-09	-1.01765956773e-11
1.69220623288e-09	-1.14308970275e-11
1.6932651192e-09	-1.04376628868e-11
1.69432400553e-09	-7.34818195874e-12
1.69538289185e-09	-2.69555016329e-12
1.69644177817e-09	2.67166540627e-12
1.6975006645e-09	7.77416846176e-12
1.69855955082e-09	1.16407630063e-11
1.69961843714e-09	1.35326914605e-11
1.70067732347e-09	1.30652216476e-11
1.70173620979e-09	1.02670935989e-11
1.70279509611e-09	5.63421184707e-12
1.70385398244e-09	-7.70111513622e-15
1.70491286876e-09	-5.62876264695e-12
1.70597175508e-09	-1.01908126035e-11
1.7070306414e-09	-1.2858475569e-11
1.70808952773e-09	-1.31363045441e-11
1.70914841405e-09	-1.10024871158e-11
1.71020730037e-09	-6.87617324191e-12
1.7112661867e-09	-1.56140454299e-12
1.71232507302e-09	3.92783028325e-12
1.71338395934e-09	8.54842238662e-12
1.71444284567e-09	1.14454990624e-11
1.71550173199e-09	1.21066654965e-11
1.71656061831e-09	1.0456123814e-11
1.71761950464e-09	6.86254915741e-12
1.71867839096e-09	2.04463572809e-12
1.71973727728e-09	-3.05255668832e-12
1.7207961636e-09	-7.49051775467e-12
1.72185504993e-09	-1.04668678239e-11
1.72291393625e-09	-1.15071233792e-11
1.72397282257e-09	-1.0520321593e-11
1.7250317089e-09	-7.78388464795e-12
1.72609059522e-09	-3.91031781607e-12
1.72714948154e-09	3.35567565488e-13
1.72820836787e-09	4.15301473766e-12
1.72926725419e-09	6.89234953832e-12
1.73032614051e-09	8.16021989564e-12
1.73138502683e-09	7.85686793403e-12
1.73244391316e-09	6.19363284618e-12
1.73350279948e-09	3.59512137942e-12
1.7345616858e-09	6.1823658172e-13
1.73562057213e-09	-2.19330174682e-12
1.73667945845e-09	-4.38792275084e-12
1.73773834477e-09	-5.68574831314e-12
1.7387972311e-09	-6.00979162269e-12
1.73985611742e-09	-5.45125923568e-12
1.74091500374e-09	-4.2334300128e-12
1.74197389007e-09	-2.62915817589e-12
1.74303277639e-09	-9.17255095663e-13
1.74409166271e-09	6.97931729771e-13
1.74515054903e-09	2.07949152689e-12
1.74620943536e-09	3.16557804275e-12
1.74726832168e-09	3.94788065086e-12
1.748327208e-09	4.41745078017e-12
1.74938609433e-09	4.5727349858e-12
1.75044498065e-09	4.3673697471e-12
1.75150386697e-09	3.75175411571e-12
1.7525627533e-09	2.6937976589e-12
1.75362163962e-09	1.20697213075e-12
1.75468052594e-09	-5.87357528066e-13
1.75573941227e-09	-2.47317140725e-12
1.75679829859e-09	-4.1299593953e-12
1.75785718491e-09	-5.21057199124e-12
1.75891607123e-09	-5.39077853537e-12
1.75997495756e-09	-4.4577284572e-12
1.76103384388e-09	-2.3970172635e-12
1.7620927302e-09	5.87053571987e-13
1.76315161653e-09	4.07942690045e-12
1.76421050285e-09	7.49395684396e-12
1.76526938917e-09	1.01859276222e-11
1.7663282755e-09	1.15786425586e-11
1.76738716182e-09	1.12905899907e-11
1.76844604814e-09	9.23689250087e-12
1.76950493447e-09	5.67712066593e-12
1.77056382079e-09	1.19790635744e-12
1.77162270711e-09	-3.3909771692e-12
1.77268159343e-09	-7.195795175e-12
1.77374047976e-09	-9.41181334257e-12
1.77479936608e-09	-9.50578678272e-12
1.7758582524e-09	-7.32059204922e-12
1.77691713873e-09	-3.13967168236e-12
1.77797602505e-09	2.3512643655e-12
1.77903491137e-09	8.18869798358e-12
1.7800937977e-09	1.32810255848e-11
1.78115268402e-09	1.66582511674e-11
1.78221157034e-09	1.76406545621e-11
1.78327045666e-09	1.59879991191e-11
1.78432934299e-09	1.19580326544e-11
1.78538822931e-09	6.26457696482e-12
1.78644711563e-09	-3.20390889925e-14
1.78750600196e-09	-5.76033058058e-12
1.78856488828e-09	-9.82011607448e-12
1.7896237746e-09	-1.14216578903e-11
1.79068266093e-09	-1.02231816762e-11
1.79174154725e-09	-6.40950400393e-12
1.79280043357e-09	-6.49723059642e-13
1.7938593199e-09	6.02160986005e-12
1.79491820622e-09	1.23928818596e-11
1.79597709254e-09	1.73254847968e-11
1.79703597886e-09	1.99318287569e-11
1.79809486519e-09	1.97704890653e-11
1.79915375151e-09	1.68886623436e-11
1.80021263783e-09	1.18409622385e-11
1.80127152416e-09	5.56352403383e-12
1.80233041048e-09	-8.18559684011e-13
1.8033892968e-09	-6.1505748411e-12
1.80444818313e-09	-9.51195372467e-12
1.80550706945e-09	-1.03197060272e-11
1.80656595577e-09	-8.47522312747e-12
1.8076248421e-09	-4.33135732142e-12
1.80868372842e-09	1.37102048464e-12
1.80974261474e-09	7.62522423675e-12
1.81080150106e-09	1.33644137423e-11
1.81186038739e-09	1.76261193141e-11
1.81291927371e-09	1.97293969356e-11
1.81397816003e-09	1.93623103661e-11
1.81503704636e-09	1.66431694815e-11
1.81609593268e-09	1.20690280686e-11
1.817154819e-09	6.42732525188e-12
1.81821370533e-09	6.69006300011e-13
1.81927259165e-09	-4.2607211162e-12
1.82033147797e-09	-7.56369186034e-12
1.82139036429e-09	-8.72900970256e-12
1.82244925062e-09	-7.58318928484e-12
1.82350813694e-09	-4.3368256035e-12
1.82456702326e-09	4.69176021818e-13
1.82562590959e-09	6.04614145208e-12
1.82668479591e-09	1.14951980226e-11
1.82774368223e-09	1.59440169401e-11
1.82880256856e-09	1.86630953747e-11
1.82986145488e-09	1.92200248772e-11
1.8309203412e-09	1.75077920911e-11
1.83197922753e-09	1.37868518685e-11
1.83303811385e-09	8.63395726441e-12
1.83409700017e-09	2.87054473073e-12
1.83515588649e-09	-2.57248345889e-12
1.83621477282e-09	-6.81100661981e-12
1.83727365914e-09	-9.12805421527e-12
1.83833254546e-09	-9.11069223536e-12
1.83939143179e-09	-6.73124099862e-12
1.84045031811e-09	-2.3528613953e-12
1.84150920443e-09	3.32151125181e-12
1.84256809076e-09	9.34929564322e-12
1.84362697708e-09	1.47025291247e-11
1.8446858634e-09	1.84570310424e-11
1.84574474973e-09	1.99373330345e-11
1.84680363605e-09	1.88448388838e-11
1.84786252237e-09	1.53115783941e-11
1.84892140869e-09	9.90119965183e-12
1.84998029502e-09	3.49775330227e-12
1.85103918134e-09	-2.82578799769e-12
1.85209806766e-09	-7.98242201505e-12
1.85315695399e-09	-1.10833477812e-11
1.85421584031e-09	-1.15672428233e-11
1.85527472663e-09	-9.33714477264e-12
1.85633361296e-09	-4.75564075966e-12
1.85739249928e-09	1.39046380746e-12
1.8584513856e-09	8.02265111982e-12
1.85951027193e-09	1.39845140676e-11
1.86056915825e-09	1.82089343603e-11
1.86162804457e-09	1.99434583431e-11
1.86268693089e-09	1.88507248006e-11
1.86374581722e-09	1.51051723213e-11
1.86480470354e-09	9.34268721414e-12
1.86586358986e-09	2.54282619266e-12
1.86692247619e-09	-4.1186568045e-12
1.86798136251e-09	-9.50239713304e-12
1.86904024883e-09	-1.26820611304e-11
1.87009913516e-09	-1.31329478542e-11
1.87115802148e-09	-1.07962284945e-11
1.8722169078e-09	-6.10093269307e-12
1.87327579412e-09	1.03903092185e-13
1.87433468045e-09	6.73024917047e-12
1.87539356677e-09	1.26037912745e-11
1.87645245309e-09	1.67101974619e-11
1.87751133942e-09	1.83291437583e-11
1.87857022574e-09	1.7200801547e-11
1.87962911206e-09	1.35347505772e-11
1.88068799839e-09	7.9598177008e-12
1.88174688471e-09	1.45301793601e-12
1.88280577103e-09	-4.87850254985e-12
1.88386465736e-09	-9.96888856186e-12
1.88492354368e-09	-1.29808377589e-11
1.88598243e-09	-1.34481609876e-11
1.88704131632e-09	-1.13369470062e-11
1.88810020265e-09	-7.06515835419e-12
1.88915908897e-09	-1.3973787405e-12
1.89021797529e-09	4.67287796999e-12
1.89127686162e-09	1.01096370858e-11
1.89233574794e-09	1.39922483322e-11
1.89339463426e-09	1.56870887807e-11
1.89445352059e-09	1.4928310324e-11
1.89551240691e-09	1.1875054759e-11
1.89657129323e-09	7.06139010112e-12
1.89763017956e-09	1.3046829242e-12
1.89868906588e-09	-4.43350868171e-12
1.8997479522e-09	-9.21965455369e-12
1.90080683852e-09	-1.22756796048e-11
1.90186572485e-09	-1.31383619262e-11
1.90292461117e-09	-1.1706873318e-11
1.90398349749e-09	-8.25456022979e-12
1.90504238382e-09	-3.38987605347e-12
1.90610127014e-09	2.06371616844e-12
1.90716015646e-09	7.18022950125e-12
1.90821904279e-09	1.11231397357e-11
1.90927792911e-09	1.32375351999e-11
1.91033681543e-09	1.31903645992e-11
1.91139570176e-09	1.10008712209e-11
1.91245458808e-09	7.04541720103e-12
1.9135134744e-09	1.99227461785e-12
1.91457236072e-09	-3.32480982849e-12
1.91563124705e-09	-8.01929789934e-12
1.91669013337e-09	-1.13295666251e-11
1.91774901969e-09	-1.27186299687e-11
1.91880790602e-09	-1.19791390349e-11
1.91986679234e-09	-9.25548353237e-12
1.92092567866e-09	-5.02410483008e-12
1.92198456499e-09	-1.18818834166e-14
1.92304345131e-09	4.9373864372e-12
1.92410233763e-09	8.98720854681e-12
1.92516122395e-09	1.14694633999e-11
1.92622011028e-09	1.19772525231e-11
1.9272789966e-09	1.04497296233e-11
1.92833788292e-09	7.17284174764e-12
1.92939676925e-09	2.71166899699e-12
1.93045565557e-09	-2.15692221028e-12
1.93151454189e-09	-6.61918089784e-12
1.93257342822e-09	-9.9274668347e-12
1.93363231454e-09	-1.15474192708e-11
1.93469120086e-09	-1.12370598937e-11
1.93575008719e-09	-9.09144374367e-12
1.93680897351e-09	-5.50967257928e-12
1.93786785983e-09	-1.1181560235e-12
1.93892674615e-09	3.32493602963e-12
1.93998563248e-09	7.08884253381e-12
1.9410445188e-09	9.56694792831e-12
1.94210340512e-09	1.04018963581e-11
1.94316229145e-09	9.51126070264e-12
1.94422117777e-09	7.09968932602e-12
1.94528006409e-09	3.62043207913e-12
1.94633895042e-09	-3.31209804591e-13
1.94739783674e-09	-4.09441057447e-12
1.94845672306e-09	-7.08374981936e-12
1.94951560939e-09	-8.8491228234e-12
1.95057449571e-09	-9.16075028334e-12
1.95163338203e-09	-8.01872804268e-12
1.95269226835e-09	-5.64242402801e-12
1.95375115468e-09	-2.43854697719e-12
1.954810041e-09	1.09723807731e-12
1.95586892732e-09	4.42315021415e-12
1.95692781365e-09	7.06732719222e-12
1.95798669997e-09	8.65907866243e-12
1.95904558629e-09	8.99689003853e-12
1.96010447262e-09	8.06637569239e-12
1.96116335894e-09	6.02192427868e-12
1.96222224526e-09	3.17868995015e-12
1.96328113158e-09	-5.38000294813e-14
1.96434001791e-09	-3.19912846214e-12
1.96539890423e-09	-5.79379686588e-12
1.96645779055e-09	-7.44095843969e-12
1.96751667688e-09	-7.86734479646e-12
1.9685755632e-09	-6.96888900753e-12
1.96963444952e-09	-4.82262927509e-12
1.97069333585e-09	-1.71429439654e-12
1.97175222217e-09	1.91998804008e-12
1.97281110849e-09	5.53360005387e-12
1.97386999482e-09	8.54710746623e-12
1.97492888114e-09	1.04559364639e-11
1.97598776746e-09	1.08995356143e-11
1.97704665378e-09	9.74537551351e-12
1.97810554011e-09	7.12761924135e-12
1.97916442643e-09	3.44147735483e-12
1.98022331275e-09	-7.21654669616e-13
1.98128219908e-09	-4.64772491326e-12
1.9823410854e-09	-7.63597605286e-12
1.98339997172e-09	-9.11400208775e-12
1.98445885805e-09	-8.75805157563e-12
1.98551774437e-09	-6.56382457068e-12
1.98657663069e-09	-2.85296656091e-12
1.98763551702e-09	1.75648666619e-12
1.98869440334e-09	6.46786704056e-12
1.98975328966e-09	1.0433680829e-11
1.99081217598e-09	1.29334572566e-11
1.99187106231e-09	1.34918829581e-11
1.99292994863e-09	1.19815884644e-11
1.99398883495e-09	8.67095024254e-12
1.99504772128e-09	4.14673720708e-12
1.9961066076e-09	-7.56580507879e-13
1.99716549392e-09	-5.13893571794e-12
1.99822438025e-09	-8.18788439827e-12
1.99928326657e-09	-9.34016926302e-12
2.00034215289e-09	-8.38995279501e-12
2.00140103922e-09	-5.51590370601e-12
2.00245992554e-09	-1.26756645544e-12
2.00351881186e-09	3.56891642975e-12
2.00457769818e-09	8.10896402109e-12
2.00563658451e-09	1.15355615685e-11
2.00669547083e-09	1.32579025883e-11
2.00775435715e-09	1.30150499753e-11
2.00881324348e-09	1.09161169687e-11
2.0098721298e-09	7.40395158377e-12
2.01093101612e-09	3.16942435838e-12
2.01198990245e-09	-1.00014050861e-12
2.01304878877e-09	-4.35981459268e-12
2.01410767509e-09	-6.35053468145e-12
2.01516656141e-09	-6.69909440421e-12
2.01622544774e-09	-5.42327424288e-12
2.01728433406e-09	-2.83998801039e-12
2.01834322038e-09	5.2637440847e-13
2.01940210671e-09	4.05342469659e-12
2.02046099303e-09	7.14077148106e-12
2.02151987935e-09	9.30690420564e-12
2.02257876568e-09	1.02679583586e-11
2.023637652e-09	9.96876192705e-12
2.02469653832e-09	8.56096877416e-12
2.02575542465e-09	6.35967103632e-12
2.02681431097e-09	3.76677421893e-12
2.02787319729e-09	1.20595222176e-12
2.02893208361e-09	-9.6324196449e-13
2.02999096994e-09	-2.46713912321e-12
2.03104985626e-09	-3.16323551554e-12
2.03210874258e-09	-3.01976586098e-12
2.03316762891e-09	-2.12172423728e-12
2.03422651523e-09	-6.33507027219e-13
2.03528540155e-09	1.24460814918e-12
2.03634428788e-09	3.26824244751e-12
2.0374031742e-09	5.19702553561e-12
2.03846206052e-09	6.79724809424e-12
2.03952094685e-09	7.8598655362e-12
2.04057983317e-09	8.2298621043e-12
2.04163871949e-09	7.80909798631e-12
2.04269760581e-09	6.61204164337e-12
2.04375649214e-09	4.74267847217e-12
2.04481537846e-09	2.42194849245e-12
2.04587426478e-09	-3.63585368952e-14
2.04693315111e-09	-2.26001075493e-12
2.04799203743e-09	-3.86965936724e-12
2.04905092375e-09	-4.5552186155e-12
2.05010981008e-09	-4.13022090487e-12
2.0511686964e-09	-2.59229226626e-12
2.05222758272e-09	-1.35749199967e-13
2.05328646905e-09	2.85700781609e-12
2.05434535537e-09	5.87634411617e-12
2.05540424169e-09	8.36622784939e-12
2.05646312801e-09	9.83800107351e-12
2.05752201434e-09	9.96802987374e-12
2.05858090066e-09	8.65202874623e-12
2.05963978698e-09	6.07277336057e-12
2.06069867331e-09	2.64437950703e-12
2.06175755963e-09	-1.02707740316e-12
2.06281644595e-09	-4.2727084891e-12
2.06387533228e-09	-6.48569479372e-12
2.0649342186e-09	-7.23051740009e-12
2.06599310492e-09	-6.35663353551e-12
2.06705199124e-09	-4.00902141345e-12
2.06811087757e-09	-6.19729636532e-13
2.06916976389e-09	3.17056558959e-12
2.07022865021e-09	6.63830015263e-12
2.07128753654e-09	9.12691970612e-12
2.07234642286e-09	1.01547954073e-11
2.07340530918e-09	9.53374792306e-12
2.07446419551e-09	7.3863892433e-12
2.07552308183e-09	4.12569414396e-12
2.07658196815e-09	3.731600261e-13
2.07764085448e-09	-3.17686914102e-12
2.0786997408e-09	-5.88044153302e-12
2.07975862712e-09	-7.27233160844e-12
2.08081751344e-09	-7.15177006158e-12
2.08187639977e-09	-5.59811355258e-12
2.08293528609e-09	-2.96947687793e-12
2.08399417241e-09	2.0959815372e-13
2.08505305874e-09	3.32035093864e-12
2.08611194506e-09	5.79880241047e-12
2.08717083138e-09	7.23254962864e-12
2.08822971771e-09	7.40794665194e-12
2.08928860403e-09	6.37146975804e-12
2.09034749035e-09	4.37238353163e-12
2.09140637668e-09	1.81709389289e-12
2.092465263e-09	-8.27340095304e-13
2.09352414932e-09	-3.11376315357e-12
2.09458303564e-09	-4.69610982046e-12
2.09564192197e-09	-5.38832086588e-12
2.09670080829e-09	-5.16890566807e-12
2.09775969461e-09	-4.16168011511e-12
2.09881858094e-09	-2.60392727346e-12
2.09987746726e-09	-7.92929686754e-13
2.10093635358e-09	9.78010641223e-13
2.10199523991e-09	2.45409248478e-12
2.10305412623e-09	3.46310501977e-12
2.10411301255e-09	3.90559459773e-12
2.10517189887e-09	3.76331387927e-12
2.1062307852e-09	3.09630207758e-12
2.10728967152e-09	2.00200966916e-12
2.10834855784e-09	6.23143843383e-13
2.10940744417e-09	-8.79650681723e-13
2.11046633049e-09	-2.33754725645e-12
2.11152521681e-09	-3.57515688061e-12
2.11258410314e-09	-4.43613505305e-12
2.11364298946e-09	-4.78022526076e-12
2.11470187578e-09	-4.5416444043e-12
2.11576076211e-09	-3.70519153553e-12
2.11681964843e-09	-2.35581107573e-12
2.11787853475e-09	-6.61460686571e-13
2.11893742107e-09	1.13305296135e-12
2.1199963074e-09	2.73439669345e-12
2.12105519372e-09	3.85926533786e-12
2.12211408004e-09	4.26478297122e-12
2.12317296637e-09	3.82645347699e-12
2.12423185269e-09	2.55021025998e-12
2.12529073901e-09	6.05042003912e-13
2.12634962534e-09	-1.69419708297e-12
2.12740851166e-09	-3.95649702237e-12
2.12846739798e-09	-5.7661583841e-12
2.12952628431e-09	-6.7711049441e-12
2.13058517063e-09	-6.74835361203e-12
2.13164405695e-09	-5.66340811053e-12
2.13270294327e-09	-3.67576672225e-12
2.1337618296e-09	-1.14000703409e-12
2.13482071592e-09	1.49177230898e-12
2.13587960224e-09	3.72526575559e-12
2.13693848857e-09	5.12179751735e-12
2.13799737489e-09	5.41008557398e-12
2.13905626121e-09	4.51511831395e-12
2.14011514754e-09	2.59594993071e-12
2.14117403386e-09	1.97691730065e-15
2.14223292018e-09	-2.78055096309e-12
2.14329180651e-09	-5.22447926934e-12
2.14435069283e-09	-6.87819896525e-12
2.14540957915e-09	-7.42716305124e-12
2.14646846547e-09	-6.78407807361e-12
2.1475273518e-09	-5.07685126577e-12
2.14858623812e-09	-2.63712033981e-12
2.14964512444e-09	7.05778412601e-14
2.15070401077e-09	2.54482329307e-12
2.15176289709e-09	4.33251177989e-12
2.15282178341e-09	5.1278105026e-12
2.15388066974e-09	4.81302454489e-12
2.15493955606e-09	3.48384645785e-12
2.15599844238e-09	1.40879116099e-12
2.1570573287e-09	-9.98562560764e-13
2.15811621503e-09	-3.2944502161e-12
2.15917510135e-09	-5.06690522872e-12
2.16023398767e-09	-6.01678993087e-12
2.161292874e-09	-6.01480497353e-12
2.16235176032e-09	-5.09013187502e-12
2.16341064664e-09	-3.45463393135e-12
2.16446953297e-09	-1.41773452787e-12
2.16552841929e-09	6.56647262606e-13
2.16658730561e-09	2.40463530164e-12
2.16764619194e-09	3.56034884734e-12
2.16870507826e-09	3.9566323308e-12
2.16976396458e-09	3.57521868014e-12
2.1708228509e-09	2.52473497837e-12
2.17188173723e-09	1.01577394499e-12
2.17294062355e-09	-6.7318280941e-13
2.17399950987e-09	-2.25575764665e-12
2.1750583962e-09	-3.48742736078e-12
2.17611728252e-09	-4.17895015467e-12
2.17717616884e-09	-4.24114432809e-12
2.17823505517e-09	-3.69306495107e-12
2.17929394149e-09	-2.63857729069e-12
2.18035282781e-09	-1.25635114291e-12
2.18141171414e-09	2.31108236931e-13
2.18247060046e-09	1.59452518463e-12
2.18352948678e-09	2.63305349746e-12
2.1845883731e-09	3.20171189908e-12
2.18564725943e-09	3.21424549303e-12
2.18670614575e-09	2.68950920562e-12
2.18776503207e-09	1.71633757554e-12
2.1888239184e-09	4.51426358317e-13
2.18988280472e-09	-8.90012185045e-13
2.19094169104e-09	-2.09326783338e-12
2.19200057737e-09	-2.96079437009e-12
2.19305946369e-09	-3.34736318525e-12
2.19411835001e-09	-3.18745095422e-12
2.19517723634e-09	-2.4996931608e-12
2.19623612266e-09	-1.38984115015e-12
2.19729500898e-09	-4.21423489096e-14
2.1983538953e-09	1.3262063973e-12
2.19941278163e-09	2.48318639956e-12
2.20047166795e-09	3.23326695278e-12
2.20153055427e-09	3.4529202414e-12
2.2025894406e-09	3.10763806181e-12
2.20364832692e-09	2.26546992971e-12
2.20470721324e-09	1.0726605151e-12
2.20576609957e-09	-2.50920811906e-13
2.20682498589e-09	-1.47587031572e-12
2.20788387221e-09	-2.38763132529e-12
2.20894275853e-09	-2.82548051796e-12
2.21000164486e-09	-2.71916386976e-12
2.21106053118e-09	-2.09476077977e-12
2.2121194175e-09	-1.07462129473e-12
2.21317830383e-09	1.63216160964e-13
2.21423719015e-09	1.39490285642e-12
2.21529607647e-09	2.41395228459e-12
2.2163549628e-09	3.05372545827e-12
2.21741384912e-09	3.21713489182e-12
2.21847273544e-09	2.90175587551e-12
2.21953162177e-09	2.17438025051e-12
2.22059050809e-09	1.18052778924e-12
2.22164939441e-09	9.78233200824e-14
2.22270828073e-09	-8.93335589964e-13
2.22376716706e-09	-1.63277941514e-12
2.22482605338e-09	-2.01675828815e-12
2.2258849397e-09	-1.99829345779e-12
2.22694382603e-09	-1.6056602662e-12
2.22800271235e-09	-9.17355275944e-13
2.22906159867e-09	-5.28378305464e-14
2.230120485e-09	8.47745755973e-13
2.23117937132e-09	1.65453349805e-12
2.23223825764e-09	2.2459135246e-12
2.23329714397e-09	2.55075214423e-12
2.23435603029e-09	2.5296366564e-12
2.23541491661e-09	2.20052600274e-12
2.23647380293e-09	1.60071099171e-12
2.23753268926e-09	8.17914095827e-13
2.23859157558e-09	-3.70668427863e-14
2.2396504619e-09	-8.50563272158e-13
2.24070934823e-09	-1.49872909222e-12
2.24176823455e-09	-1.89000356164e-12
2.24282712087e-09	-1.95383769927e-12
2.2438860072e-09	-1.66764648965e-12
2.24494489352e-09	-1.07036753592e-12
2.24600377984e-09	-2.35794456876e-13
2.24706266616e-09	7.14611150202e-13
2.24812155249e-09	1.62996504315e-12
2.24918043881e-09	2.34609142009e-12
2.25023932513e-09	2.73467359868e-12
2.25129821146e-09	2.70341388164e-12
2.25235709778e-09	2.22590565771e-12
2.2534159841e-09	1.35700999049e-12
2.25447487043e-09	2.26254439988e-13
2.25553375675e-09	-9.80057723345e-13
2.25659264307e-09	-2.05531967314e-12
2.2576515294e-09	-2.7936522453e-12
2.25871041572e-09	-3.05211129807e-12
2.25976930204e-09	-2.76730916828e-12
2.26082818836e-09	-1.97108258534e-12
2.26188707469e-09	-8.0803939928e-13
2.26294596101e-09	5.16611981059e-13
2.26400484733e-09	1.74496940335e-12
2.26506373366e-09	2.64019014984e-12
2.26612261998e-09	3.02211424288e-12
2.2671815063e-09	2.79707832417e-12
2.26824039263e-09	2.00195155592e-12
2.26929927895e-09	7.73272342425e-13
2.27035816527e-09	-6.69318821287e-13
2.2714170516e-09	-2.05201415755e-12
2.27247593792e-09	-3.12394641405e-12
2.27353482424e-09	-3.68535714099e-12
2.27459371056e-09	-3.63622500166e-12
2.27565259689e-09	-3.00561572159e-12
2.27671148321e-09	-1.91836780836e-12
2.27777036953e-09	-6.04024968064e-13
2.27882925586e-09	6.81079053832e-13
2.27988814218e-09	1.68984065022e-12
2.2809470285e-09	2.22472105842e-12
2.28200591483e-09	2.20494434343e-12
2.28306480115e-09	1.64430556844e-12
2.28412368747e-09	6.7118186009e-13
2.2851825738e-09	-5.23158014305e-13
2.28624146012e-09	-1.70932744955e-12
2.28730034644e-09	-2.67146959936e-12
2.28835923276e-09	-3.25755112988e-12
2.28941811909e-09	-3.3922760434e-12
2.29047700541e-09	-3.10018113611e-12
2.29153589173e-09	-2.47296454148e-12
2.29259477806e-09	-1.6640467216e-12
2.29365366438e-09	-8.37188120478e-13
2.2947125507e-09	-1.45000019478e-13
2.29577143703e-09	3.10190377073e-13
2.29683032335e-09	4.80596899083e-13
2.29788920967e-09	3.71779294633e-13
2.29894809599e-09	5.064840962e-14
2.30000698232e-09	-4.08896441012e-13
2.30106586864e-09	-9.19466542834e-13
2.30212475496e-09	-1.40190495931e-12
2.30318364129e-09	-1.8188186417e-12
2.30424252761e-09	-2.14405533258e-12
2.30530141393e-09	-2.38462092954e-12
2.30636030026e-09	-2.53993549283e-12
2.30741918658e-09	-2.62296239416e-12
2.3084780729e-09	-2.61644915803e-12
2.30953695923e-09	-2.50694625649e-12
2.31059584555e-09	-2.27432157308e-12
2.31165473187e-09	-1.90548987179e-12
2.31271361819e-09	-1.42287050198e-12
2.31377250452e-09	-8.68581357012e-13
2.31483139084e-09	-3.32714785627e-13
2.31589027716e-09	8.14081332727e-14
2.31694916349e-09	2.66901762193e-13
2.31800804981e-09	1.33907452184e-13
2.31906693613e-09	-3.50953126152e-13
2.32012582246e-09	-1.16094417066e-12
2.32118470878e-09	-2.17954864226e-12
2.3222435951e-09	-3.24805265149e-12
2.32330248143e-09	-4.16230331451e-12
2.32436136775e-09	-4.72458877576e-12
2.32542025407e-09	-4.78850726432e-12
2.32647914039e-09	-4.29867643217e-12
2.32753802672e-09	-3.29907498889e-12
2.32859691304e-09	-1.94119525142e-12
2.32965579936e-09	-4.77801934302e-13
2.33071468569e-09	8.18818591489e-13
2.33177357201e-09	1.67538791e-12
2.33283245833e-09	1.89245342487e-12
2.33389134466e-09	1.39245635421e-12
2.33495023098e-09	2.25465886195e-13
2.3360091173e-09	-1.41072581134e-12
2.33706800363e-09	-3.2254186301e-12
2.33812688995e-09	-4.87069976365e-12
2.33918577627e-09	-6.02826816243e-12
2.34024466259e-09	-6.45658483275e-12
2.34130354892e-09	-6.05172943008e-12
2.34236243524e-09	-4.87227966306e-12
2.34342132156e-09	-3.11793559721e-12
2.34448020789e-09	-1.11273403686e-12
2.34553909421e-09	7.6500519244e-13
2.34659798053e-09	2.1596728312e-12
2.34765686686e-09	2.80337428618e-12
2.34871575318e-09	2.56302292757e-12
2.3497746395e-09	1.4796155837e-12
2.35083352582e-09	-2.50334909052e-13
2.35189241215e-09	-2.30752287937e-12
2.35295129847e-09	-4.30836356174e-12
2.35401018479e-09	-5.89261408765e-12
2.35506907112e-09	-6.7578117581e-12
2.35612795744e-09	-6.75851388743e-12
2.35718684376e-09	-5.89605621271e-12
2.35824573009e-09	-4.33355825183e-12
2.35930461641e-09	-2.36439947482e-12
2.36036350273e-09	-3.37732934067e-13
2.36142238906e-09	1.38094678921e-12
2.36248127538e-09	2.50176333642e-12
2.3635401617e-09	2.83726362717e-12
2.36459904802e-09	2.34603200581e-12
2.36565793435e-09	1.13985492052e-12
2.36671682067e-09	-5.65609950369e-13
2.36777570699e-09	-2.46719159859e-12
2.36883459332e-09	-4.2349895292e-12
2.36989347964e-09	-5.57107962193e-12
2.37095236596e-09	-6.26444425847e-12
2.37201125229e-09	-6.20763770248e-12
2.37307013861e-09	-5.4259895188e-12
2.37412902493e-09	-4.06263044039e-12
2.37518791126e-09	-2.34401105297e-12
2.37624679758e-09	-5.56901530099e-13
2.3773056839e-09	1.01990779103e-12
2.37836457022e-09	2.13873732093e-12
2.37942345655e-09	2.63140355859e-12
2.38048234287e-09	2.42751934006e-12
2.38154122919e-09	1.56595450582e-12
2.38260011552e-09	1.85906615081e-13
2.38365900184e-09	-1.50033371143e-12
2.38471788816e-09	-3.21910553769e-12
2.38577677449e-09	-4.70282406767e-12
2.38683566081e-09	-5.71579936159e-12
2.38789454713e-09	-6.08156103601e-12
2.38895343345e-09	-5.72989442352e-12
2.39001231978e-09	-4.69831291927e-12
2.3910712061e-09	-3.13132961401e-12
2.39213009242e-09	-1.26414655653e-12
2.39318897875e-09	6.0649835848e-13
2.39424786507e-09	2.17741298082e-12
2.39530675139e-09	3.17619953775e-12
2.39636563772e-09	3.41974343808e-12
2.39742452404e-09	2.84536348476e-12
2.39848341036e-09	1.5224141392e-12
2.39954229669e-09	-3.42832668721e-13
2.40060118301e-09	-2.45679800288e-12
2.40166006933e-09	-4.4525485729e-12
2.40271895565e-09	-5.9825885565e-12
2.40377784198e-09	-6.75711916975e-12
2.4048367283e-09	-6.61871078778e-12
2.40589561462e-09	-5.55580711645e-12
2.40695450095e-09	-3.72201358276e-12
2.40801338727e-09	-1.42515274755e-12
2.40907227359e-09	9.46167623417e-13
2.41013115992e-09	2.97278976609e-12
2.41119004624e-09	4.28657153176e-12
2.41224893256e-09	4.63147619215e-12
2.41330781889e-09	3.92893877155e-12
2.41436670521e-09	2.28790944523e-12
2.41542559153e-09	-1.84280420242e-14
2.41648447785e-09	-2.57837241141e-12
2.41754336418e-09	-4.93316281922e-12
2.4186022505e-09	-6.65581565557e-12
2.41966113682e-09	-7.42637548679e-12
2.42072002315e-09	-7.09452115111e-12
2.42177890947e-09	-5.70937958369e-12
2.42283779579e-09	-3.51495959075e-12
2.42389668212e-09	-8.99169519224e-13
2.42495556844e-09	1.67011370011e-12
2.42601445476e-09	3.73031119882e-12
2.42707334109e-09	4.90926830438e-12
2.42813222741e-09	5.00323654035e-12
2.42919111373e-09	3.99484742161e-12
2.43025000005e-09	2.07279484375e-12
2.43130888638e-09	-4.13266019713e-13
2.4323677727e-09	-3.01491969411e-12
2.43342665902e-09	-5.27123700592e-12
2.43448554535e-09	-6.7846791553e-12
2.43554443167e-09	-7.29748466516e-12
2.43660331799e-09	-6.7347460074e-12
2.43766220432e-09	-5.21078059174e-12
2.43872109064e-09	-3.0127118248e-12
2.43977997696e-09	-5.36202484323e-13
2.44083886328e-09	1.78546825762e-12
2.44189774961e-09	3.54626310956e-12
2.44295663593e-09	4.45946665012e-12
2.44401552225e-09	4.38112220114e-12
2.44507440858e-09	3.35078579466e-12
2.4461332949e-09	1.56298899604e-12
2.44719218122e-09	-6.59476921856e-13
2.44825106755e-09	-2.92745558697e-12
2.44930995387e-09	-4.86339961359e-12
2.45036884019e-09	-6.14856386291e-12
2.45142772652e-09	-6.590736637e-12
2.45248661284e-09	-6.13962006235e-12
2.45354549916e-09	-4.88958786654e-12
2.45460438548e-09	-3.07806753176e-12
2.45566327181e-09	-1.01000186947e-12
2.45672215813e-09	9.61935067191e-13
2.45778104445e-09	2.51983156563e-12
2.45883993078e-09	3.41656434047e-12
2.4598988171e-09	3.52095306036e-12
2.46095770342e-09	2.82783692296e-12
2.46201658975e-09	1.46831494446e-12
2.46307547607e-09	-3.30149454867e-13
2.46413436239e-09	-2.27642514214e-12
2.46519324872e-09	-4.05693100641e-12
2.46625213504e-09	-5.39313255513e-12
2.46731102136e-09	-6.07619813839e-12
2.46836990768e-09	-6.00850575891e-12
2.46942879401e-09	-5.20700670081e-12
2.47048768033e-09	-3.81165585206e-12
2.47154656665e-09	-2.05462621743e-12
2.47260545298e-09	-2.19013487359e-13
2.4736643393e-09	1.38883652842e-12
2.47472322562e-09	2.51515605218e-12
2.47578211195e-09	2.96733275972e-12
2.47684099827e-09	2.67487768046e-12
2.47789988459e-09	1.68221187848e-12
2.47895877092e-09	1.42545074052e-13
2.48001765724e-09	-1.6870824399e-12
2.48107654356e-09	-3.51087301592e-12
2.48213542988e-09	-5.02919537612e-12
2.48319431621e-09	-5.99782636751e-12
2.48425320253e-09	-6.25193907061e-12
2.48531208885e-09	-5.75665036473e-12
2.48637097518e-09	-4.59645385989e-12
2.4874298615e-09	-2.96850044545e-12
2.48848874782e-09	-1.14831473323e-12
2.48954763415e-09	5.55768105148e-13
2.49060652047e-09	1.85051214803e-12
2.49166540679e-09	2.52195161456e-12
2.49272429311e-09	2.4529213296e-12
2.49378317944e-09	1.65746257864e-12
2.49484206576e-09	2.77715215191e-13
2.49590095208e-09	-1.46156275017e-12
2.49695983841e-09	-3.26011808695e-12
2.49801872473e-09	-4.82242934821e-12
2.49907761105e-09	-5.88629926052e-12
2.50013649738e-09	-6.28822081211e-12
2.5011953837e-09	-5.97612887995e-12
2.50225427002e-09	-5.0091632231e-12
2.50331315635e-09	-3.56951902931e-12
2.50437204267e-09	-1.90080611841e-12
2.50543092899e-09	-2.92699892102e-13
2.50648981531e-09	9.95981617492e-13
2.50754870164e-09	1.75357428231e-12
2.50860758796e-09	1.86197238183e-12
2.50966647428e-09	1.3199941357e-12
2.51072536061e-09	2.25401728532e-13
2.51178424693e-09	-1.23096671745e-12
2.51284313325e-09	-2.81232502564e-12
2.51390201958e-09	-4.26209068038e-12
2.5149609059e-09	-5.3532538645e-12
2.51601979222e-09	-5.92914606301e-12
2.51707867855e-09	-5.90800845746e-12
2.51813756487e-09	-5.30916890312e-12
2.51919645119e-09	-4.23831542778e-12
2.52025533751e-09	-2.87202618458e-12
2.52131422384e-09	-1.43058048047e-12
2.52237311016e-09	-1.36259398404e-13
2.52343199648e-09	8.08376640366e-13
2.52449088281e-09	1.25895290286e-12
2.52554976913e-09	1.15106763097e-12
2.52660865545e-09	5.02092291355e-13
2.52766754178e-09	-5.89100599899e-13
2.5287264281e-09	-1.95790801107e-12
2.52978531442e-09	-3.39417361404e-12
2.53084420074e-09	-4.67307876423e-12
2.53190308707e-09	-5.59411371392e-12
2.53296197339e-09	-6.00873604345e-12
2.53402085971e-09	-5.84976728515e-12
2.53507974604e-09	-5.1328477059e-12
2.53613863236e-09	-3.96493645208e-12
2.53719751868e-09	-2.52255985198e-12
2.53825640501e-09	-1.03700424983e-12
2.53931529133e-09	2.52532098965e-13
2.54037417765e-09	1.1284155034e-12
2.54143306398e-09	1.43388480343e-12
2.5424919503e-09	1.11164126949e-12
2.54355083662e-09	1.96895681725e-13
2.54460972294e-09	-1.17005472151e-12
2.54566860927e-09	-2.76013782143e-12
2.54672749559e-09	-4.3164642867e-12
2.54778638191e-09	-5.56829799284e-12
2.54884526824e-09	-6.30233538967e-12
2.54990415456e-09	-6.37798060893e-12
2.55096304088e-09	-5.77193414592e-12
2.55202192721e-09	-4.58409655721e-12
2.55308081353e-09	-3.00703515907e-12
2.55413969985e-09	-1.31525161855e-12
2.55519858618e-09	2.0310256298e-13
2.5562574725e-09	1.27818274628e-12
2.55731635882e-09	1.72555025824e-12
2.55837524514e-09	1.47010008333e-12
2.55943413147e-09	5.47692804737e-13
2.56049301779e-09	-8.71437199745e-13
2.56155190411e-09	-2.54118102429e-12
2.56261079044e-09	-4.16610539469e-12
2.56366967676e-09	-5.46342441773e-12
2.56472856308e-09	-6.20839057247e-12
2.56578744941e-09	-6.27653224533e-12
2.56684633573e-09	-5.66741315336e-12
2.56790522205e-09	-4.49337442254e-12
2.56896410838e-09	-2.96583482599e-12
2.5700229947e-09	-1.3495096967e-12
2.57108188102e-09	7.40799565788e-14
2.57214076734e-09	1.06926501073e-12
2.57319965367e-09	1.48084138268e-12
2.57425853999e-09	1.25496401465e-12
2.57531742631e-09	4.51802793311e-13
2.57637631264e-09	-7.73776171175e-13
2.57743519896e-09	-2.19837863191e-12
2.57849408528e-09	-3.58476291186e-12
2.57955297161e-09	-4.70354744736e-12
2.58061185793e-09	-5.37974048989e-12
2.58167074425e-09	-5.51966675491e-12
2.58272963057e-09	-5.12056759841e-12
2.5837885169e-09	-4.2623578278e-12
2.58484740322e-09	-3.09605466264e-12
2.58590628954e-09	-1.81364114265e-12
2.58696517587e-09	-6.1632497066e-13
2.58802406219e-09	3.20092558145e-13
2.58908294851e-09	8.60070424168e-13
2.59014183484e-09	9.42124308255e-13
2.59120072116e-09	5.63929599632e-13
2.59225960748e-09	-2.06661917397e-13
2.59331849381e-09	-1.24696802363e-12
2.59437738013e-09	-2.39544495351e-12
2.59543626645e-09	-3.48089309113e-12
2.59649515277e-09	-4.33736466882e-12
2.5975540391e-09	-4.84157419017e-12
2.59861292542e-09	-4.91617597326e-12
2.59967181174e-09	-4.53583047857e-12
2.60073069807e-09	-3.76027030694e-12
2.60178958439e-09	-2.69477192297e-12
2.60284847071e-09	-1.48420923989e-12
2.60390735704e-09	-3.19306647095e-13
2.60496624336e-09	6.17490325365e-13
2.60602512968e-09	1.17104589914e-12
2.60708401601e-09	1.24807933086e-12
2.60814290233e-09	8.15015264478e-13
2.60920178865e-09	-7.12112863794e-14
2.61026067497e-09	-1.2757583618e-12
2.6113195613e-09	-2.61084014651e-12
2.61237844762e-09	-3.85648327508e-12
2.61343733394e-09	-4.79213066798e-12
2.61449622027e-09	-5.24818773509e-12
2.61555510659e-09	-5.12297886404e-12
2.61661399291e-09	-4.42207251719e-12
2.61767287924e-09	-3.2497548489e-12
2.61873176556e-09	-1.79668216069e-12
2.61979065188e-09	-3.09380396735e-13
2.62084953821e-09	9.50870892441e-13
2.62190842453e-09	1.76292877865e-12
2.62296731085e-09	1.96827471856e-12
2.62402619717e-09	1.52610302867e-12
2.6250850835e-09	5.02552806227e-13
2.62614396982e-09	-9.22340003852e-13
2.62720285614e-09	-2.49471819071e-12
2.62826174247e-09	-3.94103846779e-12
2.62932062879e-09	-4.98839424629e-12
2.63037951511e-09	-5.45319909021e-12
2.63143840144e-09	-5.25434166662e-12
2.63249728776e-09	-4.41800979481e-12
2.63355617408e-09	-3.09995540522e-12
2.6346150604e-09	-1.53617038794e-12
2.63567394673e-09	-7.28795618147e-15
2.63673283305e-09	1.21528644353e-12
2.63779171937e-09	1.9130192222e-12
2.6388506057e-09	1.97492608205e-12
2.63990949202e-09	1.3971299161e-12
2.64096837834e-09	2.9969866107e-13
2.64202726467e-09	-1.11621985526e-12
2.64308615099e-09	-2.58775271177e-12
2.64414503731e-09	-3.85615671339e-12
2.64520392364e-09	-4.70840250469e-12
2.64626280996e-09	-5.0023852248e-12
2.64732169628e-09	-4.71257147888e-12
2.6483805826e-09	-3.90082150609e-12
2.64943946893e-09	-2.7317182804e-12
2.65049835525e-09	-1.417512158e-12
2.65155724157e-09	-1.81812179786e-13
2.6526161279e-09	7.65688565069e-13
2.65367501422e-09	1.28090615371e-12
2.65473390054e-09	1.29925985335e-12
2.65579278687e-09	8.34519627881e-13
2.65685167319e-09	-1.42329012888e-14
2.65791055951e-09	-1.09046344003e-12
2.65896944584e-09	-2.21404361858e-12
2.66002833216e-09	-3.19891205539e-12
2.66108721848e-09	-3.89908201212e-12
2.6621461048e-09	-4.21864366357e-12
2.66320499113e-09	-4.12188382384e-12
2.66426387745e-09	-3.64944619663e-12
2.66532276377e-09	-2.87790668033e-12
2.6663816501e-09	-1.94385631723e-12
2.66744053642e-09	-9.89336650797e-13
2.66849942274e-09	-1.58192699933e-13
2.66955830907e-09	4.23202298943e-13
2.67061719539e-09	6.8511044277e-13
2.67167608171e-09	5.80421398878e-13
2.67273496803e-09	1.37711158666e-13
2.67379385436e-09	-5.79049828919e-13
2.67485274068e-09	-1.46942007173e-12
2.675911627e-09	-2.39916355012e-12
2.67697051333e-09	-3.22885316574e-12
2.67802939965e-09	-3.82579601679e-12
2.67908828597e-09	-4.09665660769e-12
2.6801471723e-09	-3.99447575711e-12
2.68120605862e-09	-3.52529789215e-12
2.68226494494e-09	-2.75754289195e-12
2.68332383127e-09	-1.8075584432e-12
2.68438271759e-09	-8.2784180986e-13
2.68544160391e-09	2.49397839891e-14
2.68650049023e-09	5.99782918644e-13
2.68755937656e-09	7.92328062969e-13
2.68861826288e-09	5.53417066947e-13
2.6896771492e-09	-8.20448513273e-14
2.69073603553e-09	-1.0242315893e-12
2.69179492185e-09	-2.11596257009e-12
2.69285380817e-09	-3.16943151411e-12
2.6939126945e-09	-4.01082075538e-12
2.69497158082e-09	-4.47674492962e-12
2.69603046714e-09	-4.4871233465e-12
2.69708935347e-09	-4.02642155728e-12
2.69814823979e-09	-3.16866108005e-12
2.69920712611e-09	-2.06595959958e-12
2.70026601243e-09	-9.09943561472e-13
2.70132489876e-09	8.73333997893e-14
2.70238378508e-09	7.4485312666e-13
2.7034426714e-09	9.41850547206e-13
2.70450155773e-09	6.36194439144e-13
2.70556044405e-09	-1.16046088754e-13
2.70661933037e-09	-1.18269174836e-12
2.7076782167e-09	-2.37082293901e-12
2.70873710302e-09	-3.46584046185e-12
2.70979598934e-09	-4.27403251679e-12
2.71085487567e-09	-4.64911919726e-12
2.71191376199e-09	-4.52447107557e-12
2.71297264831e-09	-3.93829240053e-12
2.71403153463e-09	-2.99428103839e-12
2.71509042096e-09	-1.87052933906e-12
2.71614930728e-09	-7.78381319903e-13
2.7172081936e-09	9.62877442167e-14
2.71826707993e-09	5.90586011085e-13
2.71932596625e-09	6.28353868503e-13
2.72038485257e-09	2.04155526577e-13
2.7214437389e-09	-5.92041660922e-13
2.72250262522e-09	-1.5993220203e-12
2.72356151154e-09	-2.6479541216e-12
2.72462039786e-09	-3.54098217761e-12
2.72567928419e-09	-4.12351056078e-12
2.72673817051e-09	-4.3055988462e-12
2.72779705683e-09	-4.0727269647e-12
2.72885594316e-09	-3.47751731924e-12
2.72991482948e-09	-2.63725109459e-12
2.7309737158e-09	-1.7092805036e-12
2.73203260213e-09	-8.62701782841e-13
2.73309148845e-09	-2.39887076132e-13
2.73415037477e-09	6.65519953058e-14
2.7352092611e-09	7.95022922007e-15
2.73626814742e-09	-3.80672354533e-13
2.73732703374e-09	-1.02003551005e-12
2.73838592006e-09	-1.79218077011e-12
2.73944480639e-09	-2.55928351428e-12
2.74050369271e-09	-3.19203040736e-12
2.74156257903e-09	-3.58532951591e-12
2.74262146536e-09	-3.6932887304e-12
2.74368035168e-09	-3.50423249446e-12
2.744739238e-09	-3.0640253789e-12
2.74579812433e-09	-2.46303194854e-12
2.74685701065e-09	-1.80150436669e-12
2.74791589697e-09	-1.19673639488e-12
2.7489747833e-09	-7.36003163797e-13
2.75003366962e-09	-4.92355234274e-13
2.75109255594e-09	-4.8955376428e-13
2.75215144226e-09	-7.15737419419e-13
2.75321032859e-09	-1.12942120933e-12
2.75426921491e-09	-1.65257228475e-12
2.75532810123e-09	-2.18998755762e-12
2.75638698756e-09	-2.66221181384e-12
2.75744587388e-09	-2.99476502624e-12
2.7585047602e-09	-3.14001320605e-12
2.75956364653e-09	-3.08197456271e-12
2.76062253285e-09	-2.8354742599e-12
2.76168141917e-09	-2.44484250553e-12
2.7627403055e-09	-1.97574552205e-12
2.76379919182e-09	-1.49852645483e-12
2.76485807814e-09	-1.09503356903e-12
2.76591696446e-09	-8.16888115311e-13
2.76697585079e-09	-7.07280263003e-13
2.76803473711e-09	-7.79061710976e-13
2.76909362343e-09	-1.01029623036e-12
2.77015250976e-09	-1.36565314179e-12
2.77121139608e-09	-1.77949061736e-12
2.7722702824e-09	-2.19261869945e-12
2.77332916873e-09	-2.52780760733e-12
2.77438805505e-09	-2.73477638105e-12
2.77544694137e-09	-2.78651450872e-12
2.77650582769e-09	-2.67048644483e-12
2.77756471402e-09	-2.41215185846e-12
2.77862360034e-09	-2.04695917334e-12
2.77968248666e-09	-1.63931953949e-12
2.78074137299e-09	-1.24859617003e-12
2.78180025931e-09	-9.33519104032e-13
2.78285914563e-09	-7.45113823072e-13
2.78391803196e-09	-7.12945273564e-13
2.78497691828e-09	-8.34434192749e-13
2.7860358046e-09	-1.0879229375e-12
2.78709469093e-09	-1.42964546451e-12
2.78815357725e-09	-1.80273049093e-12
2.78921246357e-09	-2.14525836331e-12
2.79027134989e-09	-2.39568282746e-12
2.79133023622e-09	-2.51879506835e-12
2.79238912254e-09	-2.48724651986e-12
2.79344800886e-09	-2.30661605267e-12
2.79450689519e-09	-2.01353538877e-12
2.79556578151e-09	-1.64198179792e-12
2.79662466783e-09	-1.26391117624e-12
2.79768355416e-09	-9.3301896157e-13
2.79874244048e-09	-7.00043918233e-13
2.7998013268e-09	-6.02968467257e-13
2.80086021313e-09	-6.52477963152e-13
2.80191909945e-09	-8.40429830763e-13
2.80297798577e-09	-1.13421739448e-12
2.80403687209e-09	-1.48200961052e-12
2.80509575842e-09	-1.82274854932e-12
2.80615464474e-09	-2.10378502813e-12
2.80721353106e-09	-2.27060514488e-12
2.80827241739e-09	-2.29729039611e-12
2.80933130371e-09	-2.17465715574e-12
2.81039019003e-09	-1.92287418627e-12
2.81144907636e-09	-1.58263875095e-12
2.81250796268e-09	-1.20569385639e-12
2.813566849e-09	-8.64221996917e-13
2.81462573532e-09	-6.02811854253e-13
2.81568462165e-09	-4.70131095512e-13
2.81674350797e-09	-4.93219018145e-13
2.81780239429e-09	-6.48337178215e-13
2.81886128062e-09	-9.22428583169e-13
2.81992016694e-09	-1.24948022848e-12
2.82097905326e-09	-1.58803948724e-12
2.82203793959e-09	-1.87339336752e-12
2.82309682591e-09	-2.05095077206e-12
2.82415571223e-09	-2.09826969168e-12
2.82521459856e-09	-1.99700304036e-12
2.82627348488e-09	-1.76987222621e-12
2.8273323712e-09	-1.45236069265e-12
2.82839125752e-09	-1.10298131305e-12
2.82945014385e-09	-7.7871926572e-13
2.83050903017e-09	-5.3263269446e-13
2.83156791649e-09	-4.05385604642e-13
2.83262680282e-09	-4.18163442241e-13
2.83368568914e-09	-5.59323583543e-13
2.83474457546e-09	-8.03059983963e-13
2.83580346179e-09	-1.10779885699e-12
2.83686234811e-09	-1.40525297562e-12
2.83792123443e-09	-1.65420053957e-12
2.83898012076e-09	-1.80565371682e-12
2.84003900708e-09	-1.83996372825e-12
2.8410978934e-09	-1.75977103983e-12
2.84215677972e-09	-1.57636599087e-12
2.84321566605e-09	-1.32890443441e-12
2.84427455237e-09	-1.05108846973e-12
2.84533343869e-09	-7.94248781327e-13
2.84639232502e-09	-5.98088852749e-13
2.84745121134e-09	-4.87746616099e-13
2.84851009766e-09	-4.79646812719e-13
2.84956898399e-09	-5.62070680797e-13
2.85062787031e-09	-7.19621085811e-13
2.85168675663e-09	-9.25541978128e-13
2.85274564296e-09	-1.1435754687e-12
2.85380452928e-09	-1.34106777332e-12
2.8548634156e-09	-1.48818750292e-12
2.85592230192e-09	-1.56414898395e-12
2.85698118825e-09	-1.56265820596e-12
2.85804007457e-09	-1.49318448231e-12
2.85909896089e-09	-1.35997864446e-12
2.86015784722e-09	-1.18720072835e-12
2.86121673354e-09	-9.96266654243e-13
2.86227561986e-09	-8.13372589767e-13
2.86333450619e-09	-6.56029375788e-13
2.86439339251e-09	-5.45188189299e-13
2.86545227883e-09	-4.98964368087e-13
2.86651116515e-09	-5.23111773083e-13
2.86757005148e-09	-6.21331003141e-13
2.8686289378e-09	-7.7670335441e-13
2.86968782412e-09	-9.78415915995e-13
2.87074671045e-09	-1.19721214279e-12
2.87180559677e-09	-1.40450292455e-12
2.87286448309e-09	-1.56417804056e-12
2.87392336942e-09	-1.64584318396e-12
2.87498225574e-09	-1.62958416292e-12
2.87604114206e-09	-1.51167294828e-12
2.87710002839e-09	-1.30087856719e-12
2.87815891471e-09	-1.02124515441e-12
2.87921780103e-09	-7.21618836734e-13
2.88027668735e-09	-4.49600805804e-13
2.88133557368e-09	-2.53064360916e-13
2.88239446e-09	-1.72584779042e-13
2.88345334632e-09	-2.26173341666e-13
2.88451223265e-09	-4.26373834243e-13
2.88557111897e-09	-7.37449652125e-13
2.88663000529e-09	-1.11615100842e-12
2.88768889162e-09	-1.49743574745e-12
2.88874777794e-09	-1.80643596869e-12
2.88980666426e-09	-1.98711359867e-12
2.89086555059e-09	-1.9918619705e-12
2.89192443691e-09	-1.82120139282e-12
2.89298332323e-09	-1.49031774335e-12
2.89404220955e-09	-1.05294668384e-12
2.89510109588e-09	-5.89648176206e-13
2.8961599822e-09	-1.75185739396e-13
2.89721886852e-09	9.74934990052e-14
2.89827775485e-09	1.81384936368e-13
2.89933664117e-09	4.85089094273e-14
2.90039552749e-09	-2.79261748275e-13
2.90145441382e-09	-7.44233234068e-13
2.90251330014e-09	-1.27048241719e-12
2.90357218646e-09	-1.75668854463e-12
2.90463107279e-09	-2.11612932038e-12
2.90568995911e-09	-2.27833507269e-12
2.90674884543e-09	-2.21290542314e-12
2.90780773175e-09	-1.91822447683e-12
2.90886661808e-09	-1.45332996939e-12
2.9099255044e-09	-8.98575105383e-13
2.91098439072e-09	-3.55540250019e-13
2.91204327705e-09	7.51965221861e-14
2.91310216337e-09	3.20033414917e-13
2.91416104969e-09	3.22717574235e-13
2.91521993602e-09	9.51374734743e-14
2.91627882234e-09	-3.33056200891e-13
2.91733770866e-09	-8.80483836882e-13
2.91839659498e-09	-1.44535479505e-12
2.91945548131e-09	-1.9331697701e-12
2.92051436763e-09	-2.24410550906e-12
2.92157325395e-09	-2.3378295827e-12
2.92263214028e-09	-2.19242614515e-12
2.9236910266e-09	-1.8366235182e-12
2.92474991292e-09	-1.33829102314e-12
2.92580879925e-09	-7.8389465058e-13
2.92686768557e-09	-2.66964618814e-13
2.92792657189e-09	1.19893109113e-13
2.92898545822e-09	3.13084573458e-13
2.93004434454e-09	2.86048691244e-13
2.93110323086e-09	4.29820939854e-14
2.93216211718e-09	-3.6587407908e-13
2.93322100351e-09	-8.7160953368e-13
2.93427988983e-09	-1.38501623365e-12
2.93533877615e-09	-1.82332838064e-12
2.93639766248e-09	-2.12011549809e-12
2.9374565488e-09	-2.21471539025e-12
2.93851543512e-09	-2.10958681079e-12
2.93957432145e-09	-1.81203587291e-12
2.94063320777e-09	-1.37930335556e-12
2.94169209409e-09	-8.824842441e-13
2.94275098042e-09	-3.9456987482e-13
2.94380986674e-09	-1.46528547183e-15
2.94486875306e-09	2.44937804848e-13
2.94592763938e-09	3.03434577811e-13
2.94698652571e-09	1.65042716364e-13
2.94804541203e-09	-1.46645580878e-13
2.94910429835e-09	-5.85713660732e-13
2.95016318468e-09	-1.08464821326e-12
2.951222071e-09	-1.56051430458e-12
2.95228095732e-09	-1.937492701e-12
2.95333984365e-09	-2.15682571629e-12
2.95439872997e-09	-2.175464019e-12
2.95545761629e-09	-1.99064050833e-12
2.95651650261e-09	-1.61646824398e-12
2.95757538894e-09	-1.1126243156e-12
2.95863427526e-09	-5.55816514775e-13
2.95969316158e-09	-2.83088405961e-14
2.96075204791e-09	3.69596714345e-13
2.96181093423e-09	5.80925336047e-13
2.96286982055e-09	5.50857102988e-13
2.96392870688e-09	2.85883919619e-13
2.9649875932e-09	-1.74198017664e-13
2.96604647952e-09	-7.65006114012e-13
2.96710536585e-09	-1.3814084425e-12
2.96816425217e-09	-1.92485654152e-12
2.96922313849e-09	-2.29090791476e-12
2.97028202481e-09	-2.40872621328e-12
2.97134091114e-09	-2.24899699558e-12
2.97239979746e-09	-1.82699428503e-12
2.97345868378e-09	-1.21142798484e-12
2.97451757011e-09	-4.96673990998e-13
2.97557645643e-09	1.90349038615e-13
2.97663534275e-09	7.25337433345e-13
2.97769422908e-09	1.01262715661e-12
2.9787531154e-09	1.00172539534e-12
2.97981200172e-09	6.79641455961e-13
2.98087088805e-09	1.00619030252e-13
2.98192977437e-09	-6.32779852822e-13
2.98298866069e-09	-1.39324315973e-12
2.98404754701e-09	-2.03854728237e-12
2.98510643334e-09	-2.45303430346e-12
2.98616531966e-09	-2.55307862525e-12
2.98722420598e-09	-2.32142777223e-12
2.98828309231e-09	-1.78631664582e-12
2.98934197863e-09	-1.04278955262e-12
2.99040086495e-09	-2.26149272377e-13
2.99145975128e-09	5.31719796231e-13
2.9925186376e-09	1.08248089312e-12
2.99357752392e-09	1.3380339588e-12
2.99463641025e-09	1.24460283659e-12
2.99569529657e-09	8.24944984285e-13
2.99675418289e-09	1.58346507564e-13
2.99781306921e-09	-6.35471384715e-13
2.99887195554e-09	-1.41529767506e-12
2.99993084186e-09	-2.04320328018e-12
3.00098972818e-09	-2.39975834343e-12
3.00204861451e-09	-2.42732353314e-12
3.00310750083e-09	-2.1199487478e-12
3.00416638715e-09	-1.53144283279e-12
3.00522527348e-09	-7.727756152e-13
3.0062841598e-09	2.45444466075e-14
3.00734304612e-09	7.19005584238e-13
3.00840193244e-09	1.1981056338e-12
3.00946081877e-09	1.38182271615e-12
3.01051970509e-09	1.2483005081e-12
3.01157859141e-09	8.22498969974e-13
3.01263747774e-09	1.90006539148e-13
3.01369636406e-09	-5.37453003109e-13
3.01475525038e-09	-1.23171362432e-12
3.01581413671e-09	-1.77065046653e-12
3.01687302303e-09	-2.06997678547e-12
3.01793190935e-09	-2.08222566793e-12
3.01899079568e-09	-1.81324052995e-12
3.020049682e-09	-1.30808460851e-12
3.02110856832e-09	-6.58099171946e-13
3.02216745464e-09	2.66773839889e-14
3.02322634097e-09	6.40381790564e-13
3.02428522729e-09	1.07530640208e-12
3.02534411361e-09	1.27102310881e-12
3.02640299994e-09	1.19981596273e-12
3.02746188626e-09	8.86075392746e-13
3.02852077258e-09	3.8160175974e-13
3.02957965891e-09	-2.20694962956e-13
3.03063854523e-09	-8.25694818508e-13
3.03169743155e-09	-1.33451344593e-12
3.03275631788e-09	-1.66292619865e-12
3.0338152042e-09	-1.77036033402e-12
3.03487409052e-09	-1.62906060169e-12
3.03593297684e-09	-1.27243278848e-12
3.03699186317e-09	-7.53787765713e-13
3.03805074949e-09	-1.56234264892e-13
3.03910963581e-09	4.23218941446e-13
3.04016852214e-09	8.93876010537e-13
3.04122740846e-09	1.18708417662e-12
3.04228629478e-09	1.25999698956e-12
3.04334518111e-09	1.09342103514e-12
3.04440406743e-09	7.16956442132e-13
3.04546295375e-09	1.94091894249e-13
3.04652184008e-09	-3.91885932342e-13
3.0475807264e-09	-9.45446954233e-13
3.04863961272e-09	-1.37277841004e-12
3.04969849904e-09	-1.60563045064e-12
3.05075738537e-09	-1.60645010749e-12
3.05181627169e-09	-1.36868944997e-12
3.05287515801e-09	-9.30606936997e-13
3.05393404434e-09	-3.61441318498e-13
3.05499293066e-09	2.49215280574e-13
3.05605181698e-09	7.98527802041e-13
3.05711070331e-09	1.1979270657e-12
3.05816958963e-09	1.37817762844e-12
3.05922847595e-09	1.31029432096e-12
3.06028736227e-09	1.00552552396e-12
3.0613462486e-09	5.13971569298e-13
3.06240513492e-09	-8.00136866486e-14
3.06346402124e-09	-6.81709137924e-13
3.06452290757e-09	-1.18834694689e-12
3.06558179389e-09	-1.51065813504e-12
3.06664068021e-09	-1.59387802436e-12
3.06769956654e-09	-1.42505321779e-12
3.06875845286e-09	-1.03303845513e-12
3.06981733918e-09	-4.83270758481e-13
3.07087622551e-09	1.34627579267e-13
3.07193511183e-09	7.16246452339e-13
3.07299399815e-09	1.16338275818e-12
3.07405288447e-09	1.40716420721e-12
3.0751117708e-09	1.40384633172e-12
3.07617065712e-09	1.15707736361e-12
3.07722954344e-09	7.08662946033e-13
3.07828842977e-09	1.37218402331e-13
3.07934731609e-09	-4.5936551004e-13
3.08040620241e-09	-9.82877733195e-13
3.08146508874e-09	-1.34829896813e-12
3.08252397506e-09	-1.49503174597e-12
3.08358286138e-09	-1.40047901661e-12
3.08464174771e-09	-1.08159336522e-12
3.08570063403e-09	-5.95652108366e-13
3.08675952035e-09	-2.26928173382e-14
3.08781840667e-09	5.4806826395e-13
3.088877293e-09	1.01515182978e-12
3.08993617932e-09	1.30971514016e-12
3.09099506564e-09	1.38541023272e-12
3.09205395197e-09	1.22774164966e-12
3.09311283829e-09	8.75273703342e-13
3.09417172461e-09	3.78111875577e-13
3.09523061094e-09	-1.79693540321e-13
3.09628949726e-09	-7.08415856358e-13
3.09734838358e-09	-1.12195756158e-12
3.0984072699e-09	-1.35225034295e-12
3.09946615623e-09	-1.36844550448e-12
3.10052504255e-09	-1.16107449176e-12
3.10158392887e-09	-7.68544787273e-13
3.1026428152e-09	-2.5869291518e-13
3.10370170152e-09	2.95615311743e-13
3.10476058784e-09	7.95760647047e-13
3.10581947417e-09	1.16970224739e-12
3.10687836049e-09	1.3555363429e-12
3.10793724681e-09	1.31872225813e-12
3.10899613314e-09	1.07131935701e-12
3.11005501946e-09	6.47354836836e-13
3.11111390578e-09	1.20798783845e-13
3.1121727921e-09	-4.25146056597e-13
3.11323167843e-09	-9.0342978324e-13
3.11429056475e-09	-1.23541769263e-12
3.11534945107e-09	-1.36101037124e-12
3.1164083374e-09	-1.26887888217e-12
3.11746722372e-09	-9.64503975819e-13
3.11852611004e-09	-4.9631089169e-13
3.11958499637e-09	5.6898415016e-14
3.12064388269e-09	6.06508007879e-13
3.12170276901e-09	1.05469170723e-12
3.12276165534e-09	1.34287578887e-12
3.12382054166e-09	1.40611133848e-12
3.12487942798e-09	1.24791659211e-12
3.1259383143e-09	8.90775354954e-13
3.12699720063e-09	3.81869666097e-13
3.12805608695e-09	-1.78960484127e-13
3.12911497327e-09	-7.11736008671e-13
3.1301738596e-09	-1.11676195635e-12
3.13123274592e-09	-1.33353907344e-12
3.13229163224e-09	-1.32629475978e-12
3.13335051857e-09	-1.09240849873e-12
3.13440940489e-09	-6.71499639747e-13
3.13546829121e-09	-1.29646280148e-13
3.13652717754e-09	4.37053821953e-13
3.13758606386e-09	9.42690153369e-13
3.13864495018e-09	1.30099024002e-12
3.1397038365e-09	1.45268183333e-12
3.14076272283e-09	1.37261643024e-12
3.14182160915e-09	1.08175588712e-12
3.14288049547e-09	6.19446659765e-13
3.1439393818e-09	6.62170649259e-14
3.14499826812e-09	-4.80973496707e-13
3.14605715444e-09	-9.41523660251e-13
3.14711604077e-09	-1.23182367084e-12
3.14817492709e-09	-1.31162626333e-12
3.14923381341e-09	-1.16184167322e-12
3.15029269973e-09	-8.04516609582e-13
3.15135158606e-09	-3.0570484295e-13
3.15241047238e-09	2.62773093215e-13
3.1534693587e-09	8.00594020332e-13
3.15452824503e-09	1.22799795506e-12
3.15558713135e-09	1.47003069439e-12
3.15664601767e-09	1.48723513973e-12
3.157704904e-09	1.28399472044e-12
3.15876379032e-09	8.81771652222e-13
3.15982267664e-09	3.54669960935e-13
3.16088156297e-09	-2.14095234596e-13
3.16194044929e-09	-7.30461427022e-13
3.16299933561e-09	-1.11034749103e-12
3.16405822193e-09	-1.28284915243e-12
3.16511710826e-09	-1.22983112409e-12
3.16617599458e-09	-9.4417811243e-13
3.1672348809e-09	-4.73386141484e-13
3.16829376723e-09	1.01213640605e-13
3.16935265355e-09	6.92918433135e-13
3.17041153987e-09	1.19853129157e-12
3.1714704262e-09	1.53967192728e-12
3.17252931252e-09	1.64927284069e-12
3.17358819884e-09	1.5129548005e-12
3.17464708517e-09	1.15039499194e-12
3.17570597149e-09	6.17604871325e-13
3.17676485781e-09	1.34019365565e-14
3.17782374413e-09	-5.71338820438e-13
3.17888263046e-09	-1.0251486075e-12
3.17994151678e-09	-1.27259455144e-12
3.1810004031e-09	-1.27052329161e-12
3.18205928943e-09	-1.01074303007e-12
3.18311817575e-09	-5.44068371085e-13
3.18417706207e-09	6.10880906949e-14
3.1852359484e-09	6.969033098e-13
3.18629483472e-09	1.25369235392e-12
3.18735372104e-09	1.63810252255e-12
3.18841260737e-09	1.78459634223e-12
3.18947149369e-09	1.66911102994e-12
3.19053038001e-09	1.30713387163e-12
3.19158926633e-09	7.66802745432e-13
3.19264815266e-09	1.41213687336e-13
3.19370703898e-09	-4.54702573337e-13
3.1947659253e-09	-9.22722401958e-13
3.19582481163e-09	-1.17962660039e-12
3.19688369795e-09	-1.17770951411e-12
3.19794258427e-09	-9.24188134875e-13
3.1990014706e-09	-4.56682001243e-13
3.20006035692e-09	1.33976204154e-13
3.20111924324e-09	7.54159538638e-13
3.20217812956e-09	1.29058970542e-12
3.20323701589e-09	1.65051978161e-12
3.20429590221e-09	1.78452424279e-12
3.20535478853e-09	1.66486312583e-12
3.20641367486e-09	1.3292481265e-12
3.20747256118e-09	8.27978094073e-13
3.2085314475e-09	2.59681653351e-13
3.20959033383e-09	-2.80440303141e-13
3.21064922015e-09	-7.00379912486e-13
3.21170810647e-09	-9.2508889004e-13
3.2127669928e-09	-9.24823043667e-13
3.21382587912e-09	-7.0438907528e-13
3.21488476544e-09	-3.07680286414e-13
3.21594365176e-09	2.01257589695e-13
3.21700253809e-09	7.25393540808e-13
3.21806142441e-09	1.18477699439e-12
3.21912031073e-09	1.50569693432e-12
3.22017919706e-09	1.64021682521e-12
3.22123808338e-09	1.57529165493e-12
3.2222969697e-09	1.31998264315e-12
3.22335585603e-09	9.32019869268e-13
3.22441474235e-09	4.76054688291e-13
3.22547362867e-09	2.75932942673e-14
3.226532515e-09	-3.38566983693e-13
3.22759140132e-09	-5.71614641471e-13
3.22865028764e-09	-6.30322291757e-13
3.22970917396e-09	-5.16868015402e-13
3.23076806029e-09	-2.45428379226e-13
3.23182694661e-09	1.32446110286e-13
3.23288583293e-09	5.5992629153e-13
3.23394471926e-09	9.71289997216e-13
3.23500360558e-09	1.2957132112e-12
3.2360624919e-09	1.4934107553e-12
3.23712137823e-09	1.53257831773e-12
3.23818026455e-09	1.41372590717e-12
3.23923915087e-09	1.15288540433e-12
3.24029803719e-09	7.9222885847e-13
3.24135692352e-09	3.91631524302e-13
3.24241580984e-09	9.89954171697e-15
3.24347469616e-09	-2.86670725136e-13
3.24453358249e-09	-4.56320853499e-13
3.24559246881e-09	-4.62423719108e-13
3.24665135513e-09	-3.0880145988e-13
3.24771024146e-09	-1.4884777845e-14
3.24876912778e-09	3.71195695709e-13
3.2498280141e-09	7.90118350521e-13
3.25088690043e-09	1.17756043631e-12
3.25194578675e-09	1.46127044926e-12
3.25300467307e-09	1.60630070443e-12
3.25406355939e-09	1.57788550021e-12
3.25512244572e-09	1.38019944865e-12
3.25618133204e-09	1.04591389802e-12
3.25724021836e-09	6.30717049768e-13
3.25829910469e-09	2.03847789343e-13
3.25935799101e-09	-1.65591173586e-13
3.26041687733e-09	-4.06383341691e-13
3.26147576366e-09	-4.82316606359e-13
3.26253464998e-09	-3.74207338293e-13
3.2635935363e-09	-1.00567462886e-13
3.26465242263e-09	2.96013512096e-13
3.26571130895e-09	7.50674858645e-13
3.26677019527e-09	1.17656676502e-12
3.26782908159e-09	1.5057579749e-12
3.26888796792e-09	1.68029143117e-12
3.26994685424e-09	1.66912425721e-12
3.27100574056e-09	1.47099053858e-12
3.27206462689e-09	1.12822392487e-12
3.27312351321e-09	6.96110161701e-13
3.27418239953e-09	2.49161829407e-13
3.27524128586e-09	-1.24625597385e-13
3.27630017218e-09	-3.68302176951e-13
3.2773590585e-09	-4.35551334582e-13
3.27841794483e-09	-3.18893186597e-13
3.27947683115e-09	-3.82242557105e-14
3.28053571747e-09	3.54846279313e-13
3.28159460379e-09	7.86495868432e-13
3.28265349012e-09	1.18864401828e-12
3.28371237644e-09	1.48630662899e-12
3.28477126276e-09	1.63189871772e-12
3.28583014909e-09	1.59900846904e-12
3.28688903541e-09	1.40024894891e-12
3.28794792173e-09	1.07669840925e-12
3.28900680806e-09	6.82551563012e-13
3.29006569438e-09	2.91797646159e-13
3.2911245807e-09	-3.15681962721e-14
3.29218346702e-09	-2.29346652347e-13
3.29324235335e-09	-2.75742536443e-13
3.29430123967e-09	-1.57220184137e-13
3.29536012599e-09	8.94538485169e-14
3.29641901232e-09	4.21368777544e-13
3.29747789864e-09	7.82484645655e-13
3.29853678496e-09	1.10671216115e-12
3.29959567129e-09	1.34303213082e-12
3.30065455761e-09	1.44810628332e-12
3.30171344393e-09	1.42297740431e-12
3.30277233026e-09	1.26948310804e-12
3.30383121658e-09	1.01309173724e-12
3.3048901029e-09	7.10811888949e-13
3.30594898922e-09	4.01622582847e-13
3.30700787555e-09	1.48964743535e-13
3.30806676187e-09	-1.4410298787e-14
3.30912564819e-09	-6.51157730167e-14
3.31018453452e-09	3.14354827264e-15
3.31124342084e-09	1.71003497278e-13
3.31230230716e-09	4.11993166362e-13
3.31336119349e-09	6.79852333284e-13
3.31442007981e-09	9.35892097327e-13
3.31547896613e-09	1.13617990884e-12
3.31653785246e-09	1.25411671065e-12
3.31759673878e-09	1.27301782397e-12
3.3186556251e-09	1.18752750689e-12
3.31971451142e-09	1.02147164425e-12
3.32077339775e-09	8.03164717893e-13
3.32183228407e-09	5.67404250754e-13
3.32289117039e-09	3.44440242387e-13
3.32395005672e-09	1.78164083421e-13
3.32500894304e-09	8.81282216257e-14
3.32606782936e-09	8.39112308283e-14
3.32712671569e-09	1.74686979292e-13
3.32818560201e-09	3.36535568293e-13
3.32924448833e-09	5.4991498551e-13
3.33030337466e-09	7.76510258003e-13
3.33136226098e-09	9.74867105444e-13
3.3324211473e-09	1.12565761833e-12
3.33348003362e-09	1.19686877596e-12
3.33453891995e-09	1.18263786351e-12
3.33559780627e-09	1.07957588182e-12
3.33665669259e-09	9.05250592369e-13
3.33771557892e-09	6.92816897602e-13
3.33877446524e-09	4.73911329017e-13
3.33983335156e-09	2.86170311623e-13
3.34089223789e-09	1.57844589721e-13
3.34195112421e-09	1.12069546893e-13
3.34301001053e-09	1.56279611647e-13
3.34406889685e-09	2.82491532336e-13
3.34512778318e-09	4.68875155715e-13
3.3461866695e-09	6.90386062121e-13
3.34724555582e-09	9.04641975479e-13
3.34830444215e-09	1.07455125527e-12
3.34936332847e-09	1.1771254544e-12
3.35042221479e-09	1.18795121309e-12
3.35148110112e-09	1.11151561046e-12
3.35253998744e-09	9.56063245065e-13
3.35359887376e-09	7.53481370179e-13
3.35465776009e-09	5.3584171605e-13
3.35571664641e-09	3.41006899367e-13
3.35677553273e-09	2.02360860273e-13
3.35783441905e-09	1.45682795796e-13
3.35889330538e-09	1.80239937558e-13
3.3599521917e-09	2.96865667899e-13
3.36101107802e-09	4.78726487705e-13
3.36206996435e-09	6.88417096766e-13
3.36312885067e-09	8.91384730785e-13
3.36418773699e-09	1.05215293943e-12
3.36524662332e-09	1.1458412344e-12
3.36630550964e-09	1.1608955984e-12
3.36736439596e-09	1.0892099939e-12
3.36842328229e-09	9.51881585706e-13
3.36948216861e-09	7.64024260524e-13
3.37054105493e-09	5.69668769622e-13
3.37159994125e-09	3.98014303807e-13
3.37265882758e-09	2.79562858323e-13
3.3737177139e-09	2.36298854832e-13
3.37477660022e-09	2.64941958346e-13
3.37583548655e-09	3.70928168823e-13
3.37689437287e-09	5.27001673637e-13
3.37795325919e-09	7.06624212268e-13
3.37901214552e-09	8.79633659748e-13
3.38007103184e-09	1.01470513849e-12
3.38112991816e-09	1.09462677637e-12
3.38218880448e-09	1.09826308204e-12
3.38324769081e-09	1.03764241123e-12
3.38430657713e-09	9.25151448505e-13
3.38536546345e-09	7.77656042859e-13
3.38642434978e-09	6.25736875509e-13
3.3874832361e-09	4.91989912352e-13
3.38854212242e-09	3.98625848042e-13
3.38960100875e-09	3.60085876047e-13
3.39065989507e-09	3.84678237614e-13
3.39171878139e-09	4.60428841321e-13
3.39277766772e-09	5.76424812829e-13
3.39383655404e-09	7.11910782061e-13
3.39489544036e-09	8.45854148442e-13
3.39595432668e-09	9.52073706331e-13
3.39701321301e-09	1.01621131215e-12
3.39807209933e-09	1.03620291601e-12
3.39913098565e-09	1.0044381776e-12
3.40018987198e-09	9.32995434383e-13
3.4012487583e-09	8.3086147554e-13
3.40230764462e-09	7.19791847653e-13
3.40336653095e-09	6.1827648036e-13
3.40442541727e-09	5.37611242416e-13
3.40548430359e-09	4.93615565089e-13
3.40654318992e-09	4.89554794272e-13
3.40760207624e-09	5.28387121383e-13
3.40866096256e-09	5.96671637879e-13
3.40971984888e-09	6.85926467535e-13
3.41077873521e-09	7.8530205342e-13
3.41183762153e-09	8.78112036209e-13
3.41289650785e-09	9.50471472361e-13
3.41395539418e-09	9.93845088691e-13
3.4150142805e-09	1.00355390231e-12
3.41607316682e-09	9.77542807985e-13
3.41713205315e-09	9.22142028535e-13
3.41819093947e-09	8.41090760408e-13
3.41924982579e-09	7.49517527036e-13
3.42030871212e-09	6.61876478104e-13
3.42136759844e-09	5.90715464825e-13
3.42242648476e-09	5.51982016952e-13
3.42348537108e-09	5.42788090949e-13
3.42454425741e-09	5.73921552643e-13
3.42560314373e-09	6.37568828028e-13
3.42666203005e-09	7.20039371009e-13
3.42772091638e-09	8.24251149105e-13
3.4287798027e-09	9.20436795358e-13
3.42983868902e-09	1.00303988206e-12
3.43089757535e-09	1.05204527815e-12
3.43195646167e-09	1.05885189939e-12
3.43301534799e-09	1.02829203485e-12
3.43407423431e-09	9.54874092123e-13
3.43513312064e-09	8.5664786896e-13
3.43619200696e-09	7.45732631462e-13
3.43725089328e-09	6.39064376504e-13
3.43830977961e-09	5.58729874433e-13
3.43936866593e-09	5.14829823738e-13
3.44042755225e-09	5.22590868149e-13
3.44148643858e-09	5.78379033035e-13
3.4425453249e-09	6.795660497e-13
3.44360421122e-09	8.06688374953e-13
3.44466309755e-09	9.37220461829e-13
3.44572198387e-09	1.04831638162e-12
3.44678087019e-09	1.1247951355e-12
3.44783975651e-09	1.14980149967e-12
3.44889864284e-09	1.11912367394e-12
3.44995752916e-09	1.0351732492e-12
3.45101641548e-09	9.10097735021e-13
3.45207530181e-09	7.67399327677e-13
3.45313418813e-09	6.27743137419e-13
3.45419307445e-09	5.22450247127e-13
3.45525196078e-09	4.70541194984e-13
3.4563108471e-09	4.78087133684e-13
3.45736973342e-09	5.50560627904e-13
3.45842861975e-09	6.75145865863e-13
3.45948750607e-09	8.29425503973e-13
3.46054639239e-09	9.84219758644e-13
3.46160527871e-09	1.11602047048e-12
3.46266416504e-09	1.19847415412e-12
3.46372305136e-09	1.21610772667e-12
3.46478193768e-09	1.16261048098e-12
3.46584082401e-09	1.05021438594e-12
3.46689971033e-09	8.97021064199e-13
3.46795859665e-09	7.34431016437e-13
3.46901748298e-09	5.89915540462e-13
3.4700763693e-09	4.84602267169e-13
3.47113525562e-09	4.45003653067e-13
3.47219414195e-09	4.69059849555e-13
3.47325302827e-09	5.60827697216e-13
3.47431191459e-09	7.00071944859e-13
3.47537080091e-09	8.61413262769e-13
3.47642968724e-09	1.0215271554e-12
3.47748857356e-09	1.14571774377e-12
3.47854745988e-09	1.20970735599e-12
3.47960634621e-09	1.20879163883e-12
3.48066523253e-09	1.14449584792e-12
3.48172411885e-09	1.02434965892e-12
3.48278300518e-09	8.67922758403e-13
3.4838418915e-09	7.06489825409e-13
3.48490077782e-09	5.68841523364e-13
3.48595966414e-09	4.83466782233e-13
3.48701855047e-09	4.53064181224e-13
3.48807743679e-09	4.91215900421e-13
3.48913632311e-09	5.83480583728e-13
3.49019520944e-09	7.18584805375e-13
3.49125409576e-09	8.69829544763e-13
3.49231298208e-09	1.00390670169e-12
3.49337186841e-09	1.1095015965e-12
3.49443075473e-09	1.16300881686e-12
3.49548964105e-09	1.16238529219e-12
3.49654852738e-09	1.10242587628e-12
3.4976074137e-09	9.97478033331e-13
3.49866630002e-09	8.65092665472e-13
3.49972518634e-09	7.27452061262e-13
3.50078407267e-09	6.06168110498e-13
3.50184295899e-09	5.17312971973e-13
3.50290184531e-09	4.8201780024e-13
3.50396073164e-09	4.99699782421e-13
3.50501961796e-09	5.65115066287e-13
3.50607850428e-09	6.69095367219e-13
3.50713739061e-09	7.9714490217e-13
3.50819627693e-09	9.21592121193e-13
3.50925516325e-09	1.0281271277e-12
3.51031404958e-09	1.09994272805e-12
3.5113729359e-09	1.12341494614e-12
3.51243182222e-09	1.09963112834e-12
3.51349070854e-09	1.02762850313e-12
3.51454959487e-09	9.19671565465e-13
3.51560848119e-09	7.90661102128e-13
3.51666736751e-09	6.59697285948e-13
3.51772625384e-09	5.5166651412e-13
3.51878514016e-09	4.75962260056e-13
3.51984402648e-09	4.51851690829e-13
3.52090291281e-09	4.79231725917e-13
3.52196179913e-09	5.58551360545e-13
3.52302068545e-09	6.78949409715e-13
3.52407957177e-09	8.17882437124e-13
3.5251384581e-09	9.60035761825e-13
3.52619734442e-09	1.07535313119e-12
3.52725623074e-09	1.1463544957e-12
3.52831511707e-09	1.15939712258e-12
3.52937400339e-09	1.10606641034e-12
3.53043288971e-09	9.99499419861e-13
3.53149177604e-09	8.50244462509e-13
3.53255066236e-09	6.81248568841e-13
3.53360954868e-09	5.25373635655e-13
3.53466843501e-09	4.06928912225e-13
3.53572732133e-09	3.45059213407e-13
3.53678620765e-09	3.58186733312e-13
3.53784509397e-09	4.41195935038e-13
3.5389039803e-09	5.85604373153e-13
3.53996286662e-09	7.64687792254e-13
3.54102175294e-09	9.48404549339e-13
3.54208063927e-09	1.10728028309e-12
3.54313952559e-09	1.20810306203e-12
3.54419841191e-09	1.23107708923e-12
3.54525729824e-09	1.17341780823e-12
3.54631618456e-09	1.03936661795e-12
3.54737507088e-09	8.55122667554e-13
3.54843395721e-09	6.48092419574e-13
3.54949284353e-09	4.56621340131e-13
3.55055172985e-09	3.19983758457e-13
3.55161061617e-09	2.52929377746e-13
3.5526695025e-09	2.75594868107e-13
3.55372838882e-09	3.82331183857e-13
3.55478727514e-09	5.558686649e-13
3.55584616147e-09	7.66936210719e-13
3.55690504779e-09	9.71299971876e-13
3.55796393411e-09	1.1419715e-12
3.55902282044e-09	1.23969096707e-12
3.56008170676e-09	1.24980993436e-12
3.56114059308e-09	1.17479658814e-12
3.56219947941e-09	1.02036315595e-12
3.56325836573e-09	8.20024603776e-13
3.56431725205e-09	6.08431328323e-13
3.56537613837e-09	4.16495749564e-13
3.5664350247e-09	2.84303667848e-13
3.56749391102e-09	2.31045868201e-13
3.56855279734e-09	2.68615804513e-13
3.56961168367e-09	3.86560602321e-13
3.57067056999e-09	5.60778745488e-13
3.57172945631e-09	7.64958680167e-13
3.57278834264e-09	9.62716668537e-13
3.57384722896e-09	1.11646499337e-12
3.57490611528e-09	1.20445981747e-12
3.5759650016e-09	1.21187901294e-12
3.57702388793e-09	1.14192780665e-12
3.57808277425e-09	1.00295520587e-12
3.57914166057e-09	8.17147944362e-13
3.5802005469e-09	6.24703359788e-13
3.58125943322e-09	4.52388235379e-13
3.58231831954e-09	3.28433759139e-13
3.58337720587e-09	2.7301094328e-13
3.58443609219e-09	2.91030871277e-13
3.58549497851e-09	3.83917724001e-13
3.58655386484e-09	5.29617528219e-13
3.58761275116e-09	7.04752120377e-13
3.58867163748e-09	8.85239364451e-13
3.5897305238e-09	1.03602781736e-12
3.59078941013e-09	1.13548038159e-12
3.59184829645e-09	1.16882382679e-12
3.59290718277e-09	1.12907925197e-12
3.5939660691e-09	1.02655243247e-12
3.59502495542e-09	8.7982897877e-13
3.59608384174e-09	7.11471300711e-13
3.59714272807e-09	5.42270221782e-13
3.59820161439e-09	4.00107410311e-13
3.59926050071e-09	3.14257083897e-13
3.60031938704e-09	2.95423299539e-13
3.60137827336e-09	3.39826447147e-13
3.60243715968e-09	4.50073924527e-13
3.603496046e-09	6.03587655117e-13
3.60455493233e-09	7.79054013141e-13
3.60561381865e-09	9.47784602537e-13
3.60667270497e-09	1.08242906825e-12
3.6077315913e-09	1.16217387276e-12
3.60879047762e-09	1.17041044825e-12
3.60984936394e-09	1.10754537052e-12
3.61090825027e-09	9.79213997214e-13
3.61196713659e-09	8.07969793501e-13
3.61302602291e-09	6.23736359871e-13
3.61408490924e-09	4.50524762895e-13
3.61514379556e-09	3.22297039317e-13
3.61620268188e-09	2.55383198313e-13
3.6172615682e-09	2.69624302269e-13
3.61832045453e-09	3.57319452889e-13
3.61937934085e-09	5.05360835644e-13
3.62043822717e-09	6.96702515558e-13
3.6214971135e-09	8.91763334183e-13
3.62255599982e-09	1.06318209445e-12
3.62361488614e-09	1.17937181288e-12
3.62467377247e-09	1.22326671362e-12
3.62573265879e-09	1.18263634562e-12
3.62679154511e-09	1.06241328669e-12
3.62785043143e-09	8.86135620177e-13
3.62890931776e-09	6.77216312542e-13
3.62996820408e-09	4.78565050002e-13
3.6310270904e-09	3.14271883257e-13
3.63208597673e-09	2.21754526634e-13
3.63314486305e-09	2.14461410328e-13
3.63420374937e-09	2.94880575036e-13
3.6352626357e-09	4.45949971829e-13
3.63632152202e-09	6.43052451565e-13
3.63738040834e-09	8.56442087388e-13
3.63843929467e-09	1.04747070392e-12
3.63949818099e-09	1.18336688105e-12
3.64055706731e-09	1.24164307308e-12
3.64161595363e-09	1.21235562821e-12
3.64267483996e-09	1.09942328679e-12
3.64373372628e-09	9.24854810791e-13
3.6447926126e-09	7.15053775739e-13
3.64585149893e-09	5.05730602795e-13
3.64691038525e-09	3.33817121081e-13
3.64796927157e-09	2.22631442903e-13
3.6490281579e-09	1.94812631196e-13
3.65008704422e-09	2.56624420065e-13
3.65114593054e-09	3.98384043853e-13
3.65220481687e-09	5.90886064036e-13
3.65326370319e-09	8.03087739538e-13
3.65432258951e-09	9.99366821935e-13
3.65538147583e-09	1.14698691083e-12
3.65644036216e-09	1.22305876364e-12
3.65749924848e-09	1.21321995419e-12
3.6585581348e-09	1.12176348939e-12
3.65961702113e-09	9.64035275219e-13
3.66067590745e-09	7.6278415008e-13
3.66173479377e-09	5.52139659948e-13
3.6627936801e-09	3.73320677757e-13
3.66385256642e-09	2.50658353665e-13
3.66491145274e-09	2.03830577633e-13
3.66597033906e-09	2.40866246219e-13
3.66702922539e-09	3.50779003283e-13
3.66808811171e-09	5.2081472815e-13
3.66914699803e-09	7.17962690168e-13
3.67020588436e-09	9.15527961602e-13
3.67126477068e-09	1.07646194476e-12
3.672323657e-09	1.17685993329e-12
3.67338254333e-09	1.19875799825e-12
3.67444142965e-09	1.13359658032e-12
3.67550031597e-09	1.00297233626e-12
3.6765592023e-09	8.20571800612e-13
3.67761808862e-09	6.21672797876e-13
3.67867697494e-09	4.36575580375e-13
3.67973586126e-09	2.90078724929e-13
3.68079474759e-09	2.11885766094e-13
3.68185363391e-09	2.0970658749e-13
3.68291252023e-09	2.85095189644e-13
3.68397140656e-09	4.31331592622e-13
3.68503029288e-09	6.13382988065e-13
3.6860891792e-09	8.11270104914e-13
3.68714806553e-09	9.88211899464e-13
3.68820695185e-09	1.11062005946e-12
3.68926583817e-09	1.16737923581e-12
3.6903247245e-09	1.1449826547e-12
3.69138361082e-09	1.04953448276e-12
3.69244249714e-09	8.92062736613e-13
3.69350138346e-09	6.97164602523e-13
3.69456026979e-09	4.98396137728e-13
3.69561915611e-09	3.32727443687e-13
3.69667804243e-09	2.18099897951e-13
3.69773692876e-09	1.76915692382e-13
3.69879581508e-09	2.18224350808e-13
3.6998547014e-09	3.29425424656e-13
3.70091358773e-09	4.97641858277e-13
3.70197247405e-09	6.93386429003e-13
3.70303136037e-09	8.84978071727e-13
3.7040902467e-09	1.04429995467e-12
3.70514913302e-09	1.13893150553e-12
3.70620801934e-09	1.15644462322e-12
3.70726690566e-09	1.09217799735e-12
3.70832579199e-09	9.57595222735e-13
3.70938467831e-09	7.69957556913e-13
3.71044356463e-09	5.61751166417e-13
3.71150245096e-09	3.63664827419e-13
3.71256133728e-09	2.14014800348e-13
3.7136202236e-09	1.33593860258e-13
3.71467910993e-09	1.36493342128e-13
3.71573799625e-09	2.21694665121e-13
3.71679688257e-09	3.80658043064e-13
3.71785576889e-09	5.82028782808e-13
3.71891465522e-09	7.92866206717e-13
3.71997354154e-09	9.808340121e-13
3.72103242786e-09	1.11648331639e-12
3.72209131419e-09	1.17092414324e-12
3.72315020051e-09	1.13342202377e-12
3.72420908683e-09	1.01222871231e-12
3.72526797316e-09	8.25670044488e-13
3.72632685948e-09	6.01465491995e-13
3.7273857458e-09	3.79117825458e-13
3.72844463213e-09	1.96394848084e-13
3.72950351845e-09	8.3913921005e-14
3.73056240477e-09	5.79858901238e-14
3.73162129109e-09	1.27765473982e-13
3.73268017742e-09	2.82686309257e-13
3.73373906374e-09	4.93812564624e-13
3.73479795006e-09	7.28458688769e-13
3.73585683639e-09	9.40500498661e-13
3.73691572271e-09	1.09969824046e-12
3.73797460903e-09	1.17429850566e-12
3.73903349536e-09	1.15138042329e-12
3.74009238168e-09	1.03495922769e-12
3.741151268e-09	8.44049764977e-13
3.74221015433e-09	6.11531821276e-13
3.74326904065e-09	3.76063329782e-13
3.74432792697e-09	1.77965403373e-13
3.74538681329e-09	4.86890530064e-14
3.74644569962e-09	1.67987893968e-14
3.74750458594e-09	8.37412482565e-14
3.74856347226e-09	2.35204921945e-13
3.74962235859e-09	4.45913840791e-13
3.75068124491e-09	6.79944869939e-13
3.75174013123e-09	8.97278399584e-13
3.75279901756e-09	1.05901203605e-12
3.75385790388e-09	1.13791810176e-12
3.7549167902e-09	1.124764561e-12
3.75597567653e-09	1.01483751958e-12
3.75703456285e-09	8.3106091453e-13
3.75809344917e-09	6.06454285661e-13
3.75915233549e-09	3.81173879353e-13
3.76021122182e-09	1.90868940661e-13
3.76127010814e-09	6.72249866993e-14
3.76232899446e-09	2.95768624707e-14
3.76338788079e-09	8.14510270212e-14
3.76444676711e-09	2.15220189218e-13
3.76550565343e-09	4.07526741302e-13
3.76656453976e-09	6.21598746867e-13
3.76762342608e-09	8.25537283932e-13
3.7686823124e-09	9.78934815155e-13
3.76974119872e-09	1.06127422388e-12
3.77080008505e-09	1.0567411746e-12
3.77185897137e-09	9.71902029342e-13
3.77291785769e-09	8.20594948329e-13
3.77397674402e-09	6.27783849211e-13
3.77503563034e-09	4.25477497202e-13
3.77609451666e-09	2.45594831364e-13
3.77715340299e-09	1.20832123062e-13
3.77821228931e-09	7.03827255266e-14
3.77927117563e-09	1.0003751164e-13
3.78033006196e-09	2.0287057082e-13
3.78138894828e-09	3.56997200898e-13
3.7824478346e-09	5.39961467465e-13
3.78350672092e-09	7.20015518561e-13
3.78456560725e-09	8.70576776901e-13
3.78562449357e-09	9.67948594541e-13
3.78668337989e-09	9.92050083574e-13
3.78774226622e-09	9.4598450167e-13
3.78880115254e-09	8.34379874221e-13
3.78986003886e-09	6.7298320779e-13
3.79091892519e-09	4.97492834688e-13
3.79197781151e-09	3.2885114987e-13
3.79303669783e-09	1.93367836934e-13
3.79409558416e-09	1.15848858826e-13
3.79515447048e-09	1.06026732533e-13
3.7962133568e-09	1.64291459126e-13
3.79727224312e-09	2.85392586299e-13
3.79833112945e-09	4.44404279001e-13
3.79939001577e-09	6.20838883775e-13
3.80044890209e-09	7.79460263695e-13
3.80150778842e-09	8.95602114605e-13
3.80256667474e-09	9.54930253795e-13
3.80362556106e-09	9.41511734028e-13
3.80468444739e-09	8.66307514006e-13
3.80574333371e-09	7.36751588556e-13
3.80680222003e-09	5.68945769403e-13
3.80786110635e-09	3.96831710287e-13
3.80891999268e-09	2.41634267933e-13
3.809978879e-09	1.40220205781e-13
3.81103776532e-09	9.89853069845e-14
3.81209665165e-09	1.30315070258e-13
3.81315553797e-09	2.25374677688e-13
3.81421442429e-09	3.68334946961e-13
3.81527331062e-09	5.39321408713e-13
3.81633219694e-09	7.06626272252e-13
3.81739108326e-09	8.46516433339e-13
3.81844996959e-09	9.31017090679e-13
3.81950885591e-09	9.44080859495e-13
3.82056774223e-09	8.8775395455e-13
3.82162662855e-09	7.67349345957e-13
3.82268551488e-09	6.06380885174e-13
3.8237444012e-09	4.34313067281e-13
3.82480328752e-09	2.77690495381e-13
3.82586217385e-09	1.60086475868e-13
3.82692106017e-09	1.04351972213e-13
3.82797994649e-09	1.16856055539e-13
3.82903883282e-09	1.98458044161e-13
3.83009771914e-09	3.33024867448e-13
3.83115660546e-09	4.94727793888e-13
3.83221549179e-09	6.63340638928e-13
3.83327437811e-09	8.02643487698e-13
3.83433326443e-09	8.92692603865e-13
3.83539215075e-09	9.15538044682e-13
3.83645103708e-09	8.75966833791e-13
3.8375099234e-09	7.75023328934e-13
3.83856880972e-09	6.26860867901e-13
3.83962769605e-09	4.64579113027e-13
3.84068658237e-09	3.09423249826e-13
3.84174546869e-09	1.91656505119e-13
3.84280435502e-09	1.31865492917e-13
3.84386324134e-09	1.31765895395e-13
3.84492212766e-09	1.99178781107e-13
3.84598101399e-09	3.14010861584e-13
3.84703990031e-09	4.59513015746e-13
3.84809878663e-09	6.10183507454e-13
3.84915767295e-09	7.40804553118e-13
3.85021655928e-09	8.31746076093e-13
3.8512754456e-09	8.68456456922e-13
3.85233433192e-09	8.41341970051e-13
3.85339321825e-09	7.60601651106e-13
3.85445210457e-09	6.37213968657e-13
3.85551099089e-09	4.99752745697e-13
3.85656987722e-09	3.59352060912e-13
3.85762876354e-09	2.45426915553e-13
3.85868764986e-09	1.77294431306e-13
3.85974653618e-09	1.60800314578e-13
3.86080542251e-09	2.03530795733e-13
3.86186430883e-09	2.95319243235e-13
3.86292319515e-09	4.15930582077e-13
3.86398208148e-09	5.52861955435e-13
3.8650409678e-09	6.72247305565e-13
3.86609985412e-09	7.60471872106e-13
3.86715874045e-09	8.07453875897e-13
3.86821762677e-09	8.01659248966e-13
3.86927651309e-09	7.47919521454e-13
3.87033539942e-09	6.52645363967e-13
3.87139428574e-09	5.30453935985e-13
3.87245317206e-09	4.07157190992e-13
3.87351205838e-09	2.99166263594e-13
3.87457094471e-09	2.2385392151e-13
3.87562983103e-09	1.94356900365e-13
3.87668871735e-09	2.09007453272e-13
3.87774760368e-09	2.71572830413e-13
3.87880649e-09	3.65344527634e-13
3.87986537632e-09	4.81617024907e-13
3.88092426265e-09	5.98699475413e-13
3.88198314897e-09	6.91839326713e-13
3.88304203529e-09	7.54114002147e-13
3.88410092162e-09	7.67238052604e-13
3.88515980794e-09	7.36562937378e-13
3.88621869426e-09	6.64442350966e-13
3.88727758058e-09	5.63708097128e-13
3.88833646691e-09	4.5278770967e-13
3.88939535323e-09	3.45062709959e-13
3.89045423955e-09	2.59052924511e-13
3.89151312588e-09	2.10680973535e-13
3.8925720122e-09	2.05511619549e-13
3.89363089852e-09	2.43558726789e-13
3.89468978485e-09	3.20754707517e-13
3.89574867117e-09	4.23448331521e-13
3.89680755749e-09	5.29683827181e-13
3.89786644382e-09	6.27378682859e-13
3.89892533014e-09	6.99418984101e-13
3.89998421646e-09	7.36565864724e-13
3.90104310278e-09	7.29022202849e-13
3.90210198911e-09	6.75452369817e-13
3.90316087543e-09	5.88229280823e-13
3.90421976175e-09	4.78089789979e-13
3.90527864808e-09	3.68477356917e-13
3.9063375344e-09	2.76458489348e-13
3.90739642072e-09	2.17221355378e-13
3.90845530705e-09	1.98046264176e-13
3.90951419337e-09	2.18295772626e-13
3.91057307969e-09	2.84371647324e-13
3.91163196601e-09	3.74731224783e-13
3.91269085234e-09	4.82140098245e-13
3.91374973866e-09	5.84011897002e-13
3.91480862498e-09	6.6537747534e-13
3.91586751131e-09	7.12421495495e-13
3.91692639763e-09	7.10796547489e-13
3.91798528395e-09	6.67360481113e-13
3.91904417028e-09	5.88548524152e-13
3.9201030566e-09	4.88765657721e-13
3.92116194292e-09	3.77862536182e-13
3.92222082925e-09	2.80353187497e-13
3.92327971557e-09	2.11450946813e-13
3.92433860189e-09	1.83621265979e-13
3.92539748821e-09	2.04719189734e-13
3.92645637454e-09	2.63646526485e-13
3.92751526086e-09	3.56999613248e-13
3.92857414718e-09	4.58952266382e-13
3.92963303351e-09	5.60662573226e-13
3.93069191983e-09	6.36729492916e-13
3.93175080615e-09	6.80775043543e-13
3.93280969248e-09	6.83448198209e-13
3.9338685788e-09	6.41939355405e-13
3.93492746512e-09	5.66834990404e-13
3.93598635145e-09	4.65120346752e-13
3.93704523777e-09	3.65496749619e-13
3.93810412409e-09	2.7757020315e-13
3.93916301041e-09	2.19349562927e-13
3.94022189674e-09	1.98359517288e-13
3.94128078306e-09	2.15545653158e-13
3.94233966938e-09	2.73578387592e-13
3.94339855571e-09	3.53525043441e-13
3.94445744203e-09	4.46750492503e-13
3.94551632835e-09	5.32732603691e-13
3.94657521468e-09	5.98450325753e-13
3.947634101e-09	6.33062612748e-13
3.94869298732e-09	6.29327644684e-13
3.94975187364e-09	5.9009459645e-13
3.95081075997e-09	5.25761346352e-13
3.95186964629e-09	4.477972897e-13
3.95292853261e-09	3.63473086264e-13
3.95398741894e-09	2.92435590717e-13
3.95504630526e-09	2.44838247983e-13
3.95610519158e-09	2.29342451063e-13
3.95716407791e-09	2.47058937978e-13
3.95822296423e-09	2.91323226393e-13
3.95928185055e-09	3.57869658386e-13
3.96034073688e-09	4.26077467579e-13
3.9613996232e-09	4.92192061847e-13
3.96245850952e-09	5.41818272106e-13
3.96351739584e-09	5.69236931897e-13
3.96457628217e-09	5.7316618899e-13
3.96563516849e-09	5.47357298375e-13
3.96669405481e-09	5.01353624414e-13
3.96775294114e-09	4.41380113882e-13
3.96881182746e-09	3.79746527192e-13
3.96987071378e-09	3.28062907786e-13
3.97092960011e-09	2.89965371592e-13
3.97198848643e-09	2.71659485272e-13
3.97304737275e-09	2.7633993184e-13
3.97410625908e-09	2.99102620926e-13
3.9751651454e-09	3.38650873836e-13
3.97622403172e-09	3.86249382088e-13
3.97728291804e-09	4.39334820693e-13
3.97834180437e-09	4.83839097259e-13
3.97940069069e-09	5.12297723774e-13
3.98045957701e-09	5.25219028425e-13
3.98151846334e-09	5.21427139747e-13
3.98257734966e-09	4.97322018636e-13
3.98363623598e-09	4.61840093079e-13
3.98469512231e-09	4.17824114066e-13
3.98575400863e-09	3.68340611918e-13
3.98681289495e-09	3.23004128869e-13
3.98787178128e-09	2.92206715638e-13
3.9889306676e-09	2.80348932003e-13
3.98998955392e-09	2.872368413e-13
3.99104844024e-09	3.10461807087e-13
3.99210732657e-09	3.48116555113e-13
3.99316621289e-09	3.95918378377e-13
3.99422509921e-09	4.43780347756e-13
3.99528398554e-09	4.8936408311e-13
3.99634287186e-09	5.21283266119e-13
3.99740175818e-09	5.30319982806e-13
3.99846064451e-09	5.17260388168e-13
3.99951953083e-09	4.84231415816e-13
4.00057841715e-09	4.37686589446e-13
4.00163730347e-09	3.82376937188e-13
4.0026961898e-09	3.30127716613e-13
4.00375507612e-09	2.91206349399e-13
4.00481396244e-09	2.66258369519e-13
4.00587284877e-09	2.6503346501e-13
4.00693173509e-09	2.85424678684e-13
4.00799062141e-09	3.30416222811e-13
4.00904950774e-09	3.856767065e-13
4.01010839406e-09	4.42334537054e-13
4.01116728038e-09	4.94985508744e-13
4.01222616671e-09	5.26509825322e-13
4.01328505303e-09	5.35869308996e-13
4.01434393935e-09	5.20600869271e-13
4.01540282567e-09	4.86013356296e-13
4.016461712e-09	4.3416778419e-13
4.01752059832e-09	3.74309849609e-13
4.01857948464e-09	3.19484944142e-13
4.01963837097e-09	2.78606185431e-13
4.02069725729e-09	2.60110780571e-13
4.02175614361e-09	2.64353805773e-13
4.02281502994e-09	2.94392331693e-13
4.02387391626e-09	3.38078008514e-13
4.02493280258e-09	3.97849667707e-13
4.02599168891e-09	4.4977620261e-13
4.02705057523e-09	4.95361889528e-13
4.02810946155e-09	5.23245455211e-13
4.02916834787e-09	5.29955907717e-13
4.0302272342e-09	5.12091454311e-13
4.03128612052e-09	4.68624108702e-13
4.03234500684e-09	4.19370023734e-13
4.03340389317e-09	3.66338524186e-13
4.03446277949e-09	3.20539276545e-13
4.03552166581e-09	2.90209073136e-13
4.03658055214e-09	2.77609857845e-13
4.03763943846e-09	2.88457273475e-13
4.03869832478e-09	3.15108589178e-13
4.03975721111e-09	3.57112560009e-13
4.04081609743e-09	4.0377515784e-13
4.04187498375e-09	4.48674083997e-13
4.04293387007e-09	4.83330931701e-13
4.0439927564e-09	5.01632806474e-13
4.04505164272e-09	5.05373303969e-13
4.04611052904e-09	4.89694168462e-13
4.04716941537e-09	4.61960981621e-13
4.04822830169e-09	4.238150358e-13
4.04928718801e-09	3.79953284547e-13
4.05034607434e-09	3.41600960843e-13
4.05140496066e-09	3.14625116325e-13
4.05246384698e-09	3.04549083435e-13
4.0535227333e-09	3.07677738539e-13
4.05458161963e-09	3.27820236234e-13
4.05564050595e-09	3.52756533836e-13
4.05669939227e-09	3.90671951169e-13
4.0577582786e-09	4.27729358009e-13
4.05881716492e-09	4.60476546216e-13
4.05987605124e-09	4.836644865e-13
4.06093493757e-09	4.92415299074e-13
4.06199382389e-09	4.89246121914e-13
4.06305271021e-09	4.69568774055e-13
4.06411159654e-09	4.40936349932e-13
4.06517048286e-09	4.05796029375e-13
4.06622936918e-09	3.68154102039e-13
4.0672882555e-09	3.40414301565e-13
4.06834714183e-09	3.16649972302e-13
4.06940602815e-09	3.0686732452e-13
4.07046491447e-09	3.13818307278e-13
4.0715238008e-09	3.3530640829e-13
4.07258268712e-09	3.70479824119e-13
4.07364157344e-09	4.09552925427e-13
4.07470045977e-09	4.4777728617e-13
4.07575934609e-09	4.7897352317e-13
4.07681823241e-09	4.95466081357e-13
4.07787711874e-09	5.02865761184e-13
4.07893600506e-09	4.89930904006e-13
4.07999489138e-09	4.67203749646e-13
4.0810537777e-09	4.29996235016e-13
4.08211266403e-09	3.84623593825e-13
4.08317155035e-09	3.44135825522e-13
4.08423043667e-09	3.1311552743e-13
4.085289323e-09	2.96863092919e-13
4.08634820932e-09	2.97374104508e-13
4.08740709564e-09	3.17142986135e-13
4.08846598197e-09	3.50060258558e-13
4.08952486829e-09	3.97087446475e-13
4.09058375461e-09	4.40969201258e-13
4.09164264093e-09	4.83700753062e-13
4.09270152726e-09	5.11190048624e-13
4.09376041358e-09	5.19445977117e-13
4.0948192999e-09	5.08990310837e-13
4.09587818623e-09	4.79358089681e-13
4.09693707255e-09	4.35758959298e-13
4.09799595887e-09	3.85664346595e-13
4.0990548452e-09	3.39917276184e-13
4.10011373152e-09	3.042598454e-13
4.10117261784e-09	2.81785120411e-13
4.10223150417e-09	2.85131185156e-13
4.10329039049e-09	3.04558028102e-13
4.10434927681e-09	3.42121459201e-13
4.10540816313e-09	3.92170264362e-13
4.10646704946e-09	4.43373473786e-13
4.10752593578e-09	4.91981997676e-13
4.1085848221e-09	5.18192802036e-13
4.10964370843e-09	5.29275191383e-13
4.11070259475e-09	5.1667757529e-13
4.11176148107e-09	4.83731490194e-13
4.1128203674e-09	4.39463054705e-13
4.11387925372e-09	3.82564558374e-13
4.11493814004e-09	3.34092047647e-13
4.11599702637e-09	2.96699378391e-13
4.11705591269e-09	2.75682796903e-13
4.11811479901e-09	2.78229723332e-13
4.11917368533e-09	2.99293386298e-13
4.12023257166e-09	3.39058750694e-13
4.12129145798e-09	3.88849271792e-13
4.1223503443e-09	4.40970529406e-13
4.12340923063e-09	4.87899868076e-13
4.12446811695e-09	5.19921020299e-13
4.12552700327e-09	5.33341871101e-13
4.1265858896e-09	5.20576854193e-13
4.12764477592e-09	4.86706595165e-13
4.12870366224e-09	4.44030852668e-13
4.12976254857e-09	3.90613106097e-13
4.13082143489e-09	3.40481549205e-13
4.13188032121e-09	2.99940980256e-13
4.13293920753e-09	2.76688475733e-13
4.13399809386e-09	2.74756996668e-13
4.13505698018e-09	2.94895808077e-13
4.1361158665e-09	3.30916175538e-13
4.13717475283e-09	3.84332865012e-13
4.13823363915e-09	4.33103314497e-13
4.13929252547e-09	4.80065856859e-13
4.1403514118e-09	5.12603522997e-13
4.14141029812e-09	5.26782719008e-13
4.14246918444e-09	5.22194863305e-13
4.14352807076e-09	4.94038241306e-13
4.14458695709e-09	4.52681918643e-13
4.14564584341e-09	4.01903038844e-13
4.14670472973e-09	3.51994366814e-13
4.14776361606e-09	3.10189048926e-13
4.14882250238e-09	2.84640990248e-13
4.1498813887e-09	2.77069789638e-13
4.15094027503e-09	2.93320706266e-13
4.15199916135e-09	3.21738078887e-13
4.15305804767e-09	3.69632167756e-13
4.154116934e-09	4.19021452735e-13
4.15517582032e-09	4.65601895146e-13
4.15623470664e-09	5.03218343731e-13
4.15729359296e-09	5.22062156959e-13
4.15835247929e-09	5.24533324761e-13
4.15941136561e-09	5.03501537338e-13
4.16047025193e-09	4.70143184366e-13
4.16152913826e-09	4.25778471725e-13
4.16258802458e-09	3.7701027196e-13
4.1636469109e-09	3.33523004136e-13
4.16470579723e-09	2.99694974783e-13
4.16576468355e-09	2.82168846665e-13
4.16682356987e-09	2.83652577338e-13
4.1678824562e-09	3.0427250346e-13
4.16894134252e-09	3.43387536288e-13
4.17000022884e-09	3.92138686973e-13
4.17105911516e-09	4.41782949199e-13
4.17211800149e-09	4.85624615607e-13
4.17317688781e-09	5.19419847845e-13
4.17423577413e-09	5.3319658801e-13
4.17529466046e-09	5.26695820204e-13
4.17635354678e-09	5.00663909202e-13
4.1774124331e-09	4.57357567617e-13
4.17847131943e-09	4.0891026459e-13
4.17953020575e-09	3.56589649302e-13
4.18058909207e-09	3.13734823711e-13
4.1816479784e-09	2.8394051433e-13
4.18270686472e-09	2.73707163705e-13
4.18376575104e-09	2.83523367544e-13
4.18482463736e-09	3.16302810766e-13
4.18588352369e-09	3.65701338569e-13
4.18694241001e-09	4.19965630197e-13
4.18800129633e-09	4.78442643576e-13
4.18906018266e-09	5.24056817906e-13
4.19011906898e-09	5.51838251744e-13
4.1911779553e-09	5.57133874625e-13
4.19223684163e-09	5.39407331735e-13
4.19329572795e-09	4.99353217196e-13
4.19435461427e-09	4.4076301311e-13
4.19541350059e-09	3.76471992686e-13
4.19647238692e-09	3.17269105952e-13
4.19753127324e-09	2.73697514305e-13
4.19859015956e-09	2.53983411993e-13
4.19964904589e-09	2.59895024338e-13
4.20070793221e-09	2.95085055566e-13
4.20176681853e-09	3.48332717922e-13
4.20282570486e-09	4.13349693015e-13
4.20388459118e-09	4.79445530586e-13
4.2049434775e-09	5.37610483475e-13
4.20600236383e-09	5.75634808916e-13
4.20706125015e-09	5.85960533567e-13
4.20812013647e-09	5.69727424959e-13
4.20917902279e-09	5.23824690221e-13
4.21023790912e-09	4.62860164693e-13
4.21129679544e-09	3.93174181363e-13
4.21235568176e-09	3.29243658162e-13
4.21341456809e-09	2.76738349033e-13
4.21447345441e-09	2.46864459213e-13
4.21553234073e-09	2.52430048435e-13
4.21659122706e-09	2.8133528493e-13
4.21765011338e-09	3.41453671978e-13
4.2187089997e-09	4.12517242587e-13
4.21976788603e-09	4.88133351014e-13
4.22082677235e-09	5.51846654311e-13
4.22188565867e-09	5.91672164822e-13
4.22294454499e-09	6.04301873298e-13
4.22400343132e-09	5.85754480944e-13
4.22506231764e-09	5.4486439232e-13
4.22612120396e-09	4.80983905048e-13
4.22718009029e-09	4.08514422377e-13
4.22823897661e-09	3.38404922574e-13
4.22929786293e-09	2.86167872168e-13
4.23035674926e-09	2.60801471565e-13
4.23141563558e-09	2.58278885475e-13
4.2324745219e-09	2.9008403752e-13
4.23353340822e-09	3.44727637278e-13
4.23459229455e-09	4.13315269596e-13
4.23565118087e-09	4.81662290348e-13
4.23671006719e-09	5.43159647034e-13
4.23776895352e-09	5.88297422929e-13
4.23882783984e-09	6.04902304462e-13
4.23988672616e-09	5.93971052898e-13
4.24094561249e-09	5.57288969746e-13
4.24200449881e-09	5.00784526694e-13
4.24306338513e-09	4.32411457986e-13
4.24412227146e-09	3.69170460261e-13
4.24518115778e-09	3.18469615913e-13
4.2462400441e-09	2.88371729924e-13
4.24729893042e-09	2.79215073371e-13
4.24835781675e-09	2.97664264114e-13
4.24941670307e-09	3.41423205897e-13
4.25047558939e-09	3.94972791452e-13
4.25153447572e-09	4.62240272101e-13
4.25259336204e-09	5.20707229505e-13
4.25365224836e-09	5.71656925356e-13
4.25471113469e-09	6.010236254e-13
4.25577002101e-09	6.03310912513e-13
4.25682890733e-09	5.85320203764e-13
4.25788779366e-09	5.37072936038e-13
4.25894667998e-09	4.77942230064e-13
4.2600055663e-09	4.13675278928e-13
4.26106445262e-09	3.55807505854e-13
4.26212333895e-09	3.12308447332e-13
4.26318222527e-09	2.88266535208e-13
4.26424111159e-09	2.9296614505e-13
4.26529999792e-09	3.21287809725e-13
4.26635888424e-09	3.69552858367e-13
4.26741777056e-09	4.34023124515e-13
4.26847665689e-09	5.0374678387e-13
4.26953554321e-09	5.63287697736e-13
4.27059442953e-09	6.07478097773e-13
4.27165331586e-09	6.2607666447e-13
4.27271220218e-09	6.16673162188e-13
4.2737710885e-09	5.81964381199e-13
4.27482997482e-09	5.25732506574e-13
4.27588886115e-09	4.57690688734e-13
4.27694774747e-09	3.86062655369e-13
4.27800663379e-09	3.28379982711e-13
4.27906552012e-09	2.89681988249e-13
4.28012440644e-09	2.76487817016e-13
4.28118329276e-09	3.01523020961e-13
4.28224217909e-09	3.49303648072e-13
4.28330106541e-09	4.16163550019e-13
4.28435995173e-09	4.91364815589e-13
4.28541883805e-09	5.60510784921e-13
4.28647772438e-09	6.16686389454e-13
4.2875366107e-09	6.46024737611e-13
4.28859549702e-09	6.4471144352e-13
4.28965438335e-09	6.14358390549e-13
4.29071326967e-09	5.55879452711e-13
4.29177215599e-09	4.82624302935e-13
4.29283104232e-09	4.05420028061e-13
4.29388992864e-09	3.37236152632e-13
4.29494881496e-09	2.94159417961e-13
4.29600770129e-09	2.78814704614e-13
4.29706658761e-09	2.94152018281e-13
4.29812547393e-09	3.40464635651e-13
4.29918436025e-09	4.06928451439e-13
4.30024324658e-09	4.89739000221e-13
4.3013021329e-09	5.65907672286e-13
4.30236101922e-09	6.23311461039e-13
4.30341990555e-09	6.61630147371e-13
4.30447879187e-09	6.6022756923e-13
4.30553767819e-09	6.3139646506e-13
4.30659656452e-09	5.73959011829e-13
4.30765545084e-09	4.99624105109e-13
4.30871433716e-09	4.25876429391e-13
4.30977322349e-09	3.53405320416e-13
4.31083210981e-09	3.11733142555e-13
4.31189099613e-09	2.89464117823e-13
4.31294988245e-09	3.00230408026e-13
4.31400876878e-09	3.43724045537e-13
4.3150676551e-09	4.03990941178e-13
4.31612654142e-09	4.80183059114e-13
4.31718542775e-09	5.53160815764e-13
4.31824431407e-09	6.10857935415e-13
4.31930320039e-09	6.49265743165e-13
4.32036208672e-09	6.58885489571e-13
4.32142097304e-09	6.35238606508e-13
4.32247985936e-09	5.89021019459e-13
4.32353874569e-09	5.2359971827e-13
4.32459763201e-09	4.51259364077e-13
4.32565651833e-09	3.87340604469e-13
4.32671540465e-09	3.39041620299e-13
4.32777429098e-09	3.14346476366e-13
4.3288331773e-09	3.14142158467e-13
4.32989206362e-09	3.46024532812e-13
4.33095094995e-09	3.97425148346e-13
4.33200983627e-09	4.59838981129e-13
4.33306872259e-09	5.29531550986e-13
4.33412760892e-09	5.88614931536e-13
4.33518649524e-09	6.33299294082e-13
4.33624538156e-09	6.48340539242e-13
4.33730426788e-09	6.38861793328e-13
4.33836315421e-09	6.08239858219e-13
4.33942204053e-09	5.53450514584e-13
4.34048092685e-09	4.88996701204e-13
4.34153981318e-09	4.24790004604e-13
4.3425986995e-09	3.68548209529e-13
4.34365758582e-09	3.34215538274e-13
4.34471647215e-09	3.23763856436e-13
4.34577535847e-09	3.37748356843e-13
4.34683424479e-09	3.83251644396e-13
4.34789313112e-09	4.3800323069e-13
4.34895201744e-09	5.04930949483e-13
4.35001090376e-09	5.67003421211e-13
4.35106979008e-09	6.16718102368e-13
4.35212867641e-09	6.4969698458e-13
4.35318756273e-09	6.49410158895e-13
4.35424644905e-09	6.31088117962e-13
4.35530533538e-09	5.84096193721e-13
4.3563642217e-09	5.22960364249e-13
4.35742310802e-09	4.59269232887e-13
4.35848199435e-09	3.97152986496e-13
4.35954088067e-09	3.5265150175e-13
4.36059976699e-09	3.3005144299e-13
4.36165865332e-09	3.34249717748e-13
4.36271753964e-09	3.6395008101e-13
4.36377642596e-09	4.16529386937e-13
4.36483531228e-09	4.83407205324e-13
4.36589419861e-09	5.50819210122e-13
4.36695308493e-09	6.09958210242e-13
4.36801197125e-09	6.4865929468e-13
4.36907085758e-09	6.61514083528e-13
4.3701297439e-09	6.46780372315e-13
4.37118863022e-09	6.09235968965e-13
4.37224751655e-09	5.49790735941e-13
4.37330640287e-09	4.83367306684e-13
4.37436528919e-09	4.23108000459e-13
4.37542417551e-09	3.67330569174e-13
4.37648306184e-09	3.40986678997e-13
4.37754194816e-09	3.36289237559e-13
4.37860083448e-09	3.61274134523e-13
4.37965972081e-09	4.09230456596e-13
4.38071860713e-09	4.69364618786e-13
4.38177749345e-09	5.39938428169e-13
4.38283637978e-09	5.96887502532e-13
4.3838952661e-09	6.44159476194e-13
4.38495415242e-09	6.64188864498e-13
4.38601303875e-09	6.57423009261e-13
4.38707192507e-09	6.28340370186e-13
4.38813081139e-09	5.73798333067e-13
4.38918969771e-09	5.09821568642e-13
4.39024858404e-09	4.46112981625e-13
4.39130747036e-09	3.907643523e-13
4.39236635668e-09	3.56535439193e-13
4.39342524301e-09	3.46464989944e-13
4.39448412933e-09	3.62202563949e-13
4.39554301565e-09	4.05069451289e-13
4.39660190198e-09	4.62131526623e-13
4.3976607883e-09	5.29296712796e-13
4.39871967462e-09	5.89650832501e-13
4.39977856095e-09	6.34539350317e-13
4.40083744727e-09	6.63418376224e-13
4.40189633359e-09	6.60725922759e-13
4.40295521991e-09	6.38327877969e-13
4.40401410624e-09	5.93399678353e-13
4.40507299256e-09	5.33477938474e-13
4.40613187888e-09	4.75264575958e-13
4.40719076521e-09	4.1922585195e-13
4.40824965153e-09	3.80410221552e-13
4.40930853785e-09	3.6655520199e-13
4.41036742418e-09	3.73409040234e-13
4.4114263105e-09	4.07660613166e-13
4.41248519682e-09	4.59147422773e-13
4.41354408315e-09	5.16512342879e-13
4.41460296947e-09	5.75409999596e-13
4.41566185579e-09	6.24333050536e-13
4.41672074211e-09	6.54598662601e-13
4.41777962844e-09	6.64046834013e-13
4.41883851476e-09	6.45292467464e-13
4.41989740108e-09	6.06665542455e-13
4.42095628741e-09	5.55685759993e-13
4.42201517373e-09	4.96900480831e-13
4.42307406005e-09	4.46268158061e-13
4.42413294638e-09	4.03928789288e-13
4.4251918327e-09	3.85826624556e-13
4.42625071902e-09	3.87417664139e-13
4.42730960534e-09	4.11148057874e-13
4.42836849167e-09	4.55056023245e-13
4.42942737799e-09	5.04209033466e-13
4.43048626431e-09	5.62212169181e-13
4.43154515064e-09	6.08551728974e-13
4.43260403696e-09	6.41233865051e-13
4.43366292328e-09	6.56290451671e-13
4.43472180961e-09	6.46306684386e-13
4.43578069593e-09	6.21602866836e-13
4.43683958225e-09	5.79077855545e-13
4.43789846858e-09	5.24324236372e-13
4.4389573549e-09	4.79011144985e-13
4.44001624122e-09	4.38479276759e-13
4.44107512754e-09	4.09917542618e-13
4.44213401387e-09	4.07487438974e-13
4.44319290019e-09	4.18290185475e-13
4.44425178651e-09	4.5126801059e-13
4.44531067284e-09	4.9502329319e-13
4.44636955916e-09	5.43258580482e-13
4.44742844548e-09	5.94429941467e-13
4.44848733181e-09	6.28664221375e-13
4.44954621813e-09	6.51153610198e-13
4.45060510445e-09	6.53357576375e-13
4.45166399078e-09	6.35107851726e-13
4.4527228771e-09	5.9947673995e-13
4.45378176342e-09	5.52939855361e-13
4.45484064974e-09	5.07465217851e-13
4.45589953607e-09	4.63590862747e-13
4.45695842239e-09	4.29495685978e-13
4.45801730871e-09	4.18802985997e-13
4.45907619504e-09	4.21739086796e-13
4.46013508136e-09	4.4560638816e-13
4.46119396768e-09	4.85549263556e-13
4.46225285401e-09	5.28348577996e-13
4.46331174033e-09	5.78566383171e-13
4.46437062665e-09	6.2074146821e-13
4.46542951298e-09	6.48202140834e-13
4.4664883993e-09	6.58708601987e-13
4.46754728562e-09	6.47609244876e-13
4.46860617194e-09	6.20613640773e-13
4.46966505827e-09	5.82066404624e-13
4.47072394459e-09	5.31209137008e-13
4.47178283091e-09	4.87134367132e-13
4.47284171724e-09	4.50314644514e-13
4.47390060356e-09	4.26881376385e-13
4.47495948988e-09	4.22537005385e-13
4.47601837621e-09	4.40783667162e-13
4.47707726253e-09	4.78584511431e-13
4.47813614885e-09	5.21749798314e-13
4.47919503517e-09	5.7221317528e-13
4.4802539215e-09	6.15535671478e-13
4.48131280782e-09	6.47238827204e-13
4.48237169414e-09	6.6201384652e-13
4.48343058047e-09	6.56737468227e-13
4.48448946679e-09	6.31046321968e-13
4.48554835311e-09	5.90995026355e-13
4.48660723944e-09	5.43984724887e-13
4.48766612576e-09	4.98826945462e-13
4.48872501208e-09	4.5878177559e-13
4.48978389841e-09	4.37614137636e-13
4.49084278473e-09	4.33407324786e-13
4.49190167105e-09	4.4978354808e-13
4.49296055737e-09	4.8088480897e-13
4.4940194437e-09	5.23160995861e-13
4.49507833002e-09	5.71020010789e-13
4.49613721634e-09	6.150772708e-13
4.49719610267e-09	6.44424292574e-13
4.49825498899e-09	6.59641937427e-13
4.49931387531e-09	6.56141699133e-13
4.50037276164e-09	6.31597476142e-13
4.50143164796e-09	5.93391167366e-13
4.50249053428e-09	5.48461504078e-13
4.50354942061e-09	5.07933484769e-13
4.50460830693e-09	4.72127165922e-13
4.50566719325e-09	4.51853479763e-13
4.50672607957e-09	4.4642715631e-13
4.5077849659e-09	4.60821701978e-13
4.50884385222e-09	4.90517782642e-13
4.50990273854e-09	5.30358959874e-13
4.51096162487e-09	5.70290342727e-13
4.51202051119e-09	6.05321944912e-13
4.51307939751e-09	6.32522246385e-13
4.51413828384e-09	6.43747641998e-13
4.51519717016e-09	6.39794261407e-13
4.51625605648e-09	6.20792588342e-13
4.5173149428e-09	5.92651904115e-13
4.51837382913e-09	5.58736759117e-13
4.51943271545e-09	5.19245508136e-13
4.52049160177e-09	4.93784266947e-13
4.5215504881e-09	4.72463539646e-13
4.52260937442e-09	4.69045971768e-13
4.52366826074e-09	4.78856375125e-13
4.52472714707e-09	4.97585208713e-13
4.52578603339e-09	5.30590111777e-13
4.52684491971e-09	5.59893223364e-13
4.52790380604e-09	5.90731727857e-13
4.52896269236e-09	6.14316160875e-13
4.53002157868e-09	6.24739463721e-13
4.531080465e-09	6.25522257689e-13
4.53213935133e-09	6.11912105188e-13
4.53319823765e-09	5.90844430673e-13
4.53425712397e-09	5.65487327103e-13
4.5353160103e-09	5.3633058281e-13
4.53637489662e-09	5.14185861857e-13
4.53743378294e-09	4.96430153929e-13
4.53849266927e-09	4.85344783027e-13
4.53955155559e-09	4.88763055636e-13
4.54061044191e-09	4.98490951208e-13
4.54166932824e-09	5.20701808494e-13
4.54272821456e-09	5.46084878705e-13
4.54378710088e-09	5.72158477281e-13
4.5448459872e-09	5.97674145418e-13
4.54590487353e-09	6.11117818676e-13
4.54696375985e-09	6.20037821e-13
4.54802264617e-09	6.14330201293e-13
4.5490815325e-09	5.98175534713e-13
4.55014041882e-09	5.78507348362e-13
4.55119930514e-09	5.52569437689e-13
4.55225819147e-09	5.25462052342e-13
4.55331707779e-09	5.0513418318e-13
4.55437596411e-09	4.94707952988e-13
4.55543485044e-09	4.92180244043e-13
4.55649373676e-09	5.00582160359e-13
4.55755262308e-09	5.13148714059e-13
4.5586115094e-09	5.35324605824e-13
4.55967039573e-09	5.62568004334e-13
4.56072928205e-09	5.83937303893e-13
4.56178816837e-09	6.048016905e-13
4.5628470547e-09	6.15159019644e-13
4.56390594102e-09	6.1250196538e-13
4.56496482734e-09	6.01796878389e-13
4.56602371367e-09	5.78952088093e-13
4.56708259999e-09	5.54453510014e-13
4.56814148631e-09	5.27597659571e-13
4.56920037263e-09	5.07906976026e-13
4.57025925896e-09	4.94073694717e-13
4.57131814528e-09	4.90169916375e-13
4.5723770316e-09	4.99309794899e-13
4.57343591793e-09	5.15838077548e-13
4.57449480425e-09	5.38794594877e-13
4.57555369057e-09	5.60504333919e-13
4.5766125769e-09	5.82379684842e-13
4.57767146322e-09	5.98941252497e-13
4.57873034954e-09	6.06476349176e-13
4.57978923587e-09	6.04188845222e-13
4.58084812219e-09	5.94554841558e-13
4.58190700851e-09	5.74498077149e-13
4.58296589483e-09	5.5121732916e-13
4.58402478116e-09	5.2874479968e-13
4.58508366748e-09	5.10213941408e-13
4.5861425538e-09	5.01492564923e-13
4.58720144013e-09	4.97890520045e-13
4.58826032645e-09	5.07376367483e-13
4.58931921277e-09	5.21235615433e-13
4.5903780991e-09	5.37520982585e-13
4.59143698542e-09	5.62818292405e-13
4.59249587174e-09	5.79494839701e-13
4.59355475807e-09	5.8818818956e-13
4.59461364439e-09	5.91186496458e-13
4.59567253071e-09	5.90667868349e-13
4.59673141703e-09	5.79565041792e-13
4.59779030336e-09	5.64221683697e-13
4.59884918968e-09	5.50156762594e-13
4.599908076e-09	5.33502766704e-13
4.60096696233e-09	5.23990735784e-13
4.60202584865e-09	5.12349602848e-13
4.60308473497e-09	5.10190631062e-13
4.6041436213e-09	5.14855302489e-13
4.60520250762e-09	5.24196734197e-13
4.60626139394e-09	5.38515629658e-13
4.60732028027e-09	5.49733273226e-13
4.60837916659e-09	5.64720199856e-13
4.60943805291e-09	5.71711514935e-13
4.61049693923e-09	5.80281482587e-13
4.61155582556e-09	5.78888933317e-13
4.61261471188e-09	5.73565880121e-13
4.6136735982e-09	5.64877897062e-13
4.61473248453e-09	5.48824386545e-13
4.61579137085e-09	5.39028077815e-13
4.61685025717e-09	5.25698896307e-13
4.6179091435e-09	5.24513863332e-13
4.61896802982e-09	5.19125053274e-13
4.62002691614e-09	5.17159774206e-13
4.62108580246e-09	5.22080913657e-13
4.62214468879e-09	5.27894676756e-13
4.62320357511e-09	5.37432999579e-13
4.62426246143e-09	5.47376434543e-13
4.62532134776e-09	5.60072008302e-13
4.62638023408e-09	5.6593987309e-13
4.6274391204e-09	5.7031668884e-13
4.62849800673e-09	5.69598784372e-13
4.62955689305e-09	5.66082770936e-13
4.63061577937e-09	5.58619123181e-13
4.6316746657e-09	5.46035926977e-13
4.63273355202e-09	5.37295522744e-13
4.63379243834e-09	5.23084776449e-13
4.63485132466e-09	5.17250034037e-13
4.63591021099e-09	5.1319392529e-13
4.63696909731e-09	5.16017296167e-13
4.63802798363e-09	5.23573480578e-13
4.63908686996e-09	5.27210599396e-13
4.64014575628e-09	5.42124179749e-13
4.6412046426e-09	5.50086668924e-13
4.64226352893e-09	5.61261432296e-13
4.64332241525e-09	5.68616334573e-13
4.64438130157e-09	5.70562531683e-13
4.6454401879e-09	5.66387594377e-13
4.64649907422e-09	5.58786849257e-13
4.64755796054e-09	5.47210660031e-13
4.64861684686e-09	5.32578267511e-13
4.64967573319e-09	5.18635644414e-13
4.65073461951e-09	5.08917452451e-13
4.65179350583e-09	5.04141975562e-13
4.65285239216e-09	5.02234430259e-13
4.65391127848e-09	5.0816382352e-13
4.6549701648e-09	5.21341216725e-13
4.65602905113e-09	5.34741738736e-13
4.65708793745e-09	5.49791711723e-13
4.65814682377e-09	5.59955510779e-13
4.65920571009e-09	5.67538800244e-13
4.66026459642e-09	5.68096242791e-13
4.66132348274e-09	5.63163610797e-13
4.66238236906e-09	5.57532427344e-13
4.66344125539e-09	5.4355706134e-13
4.66450014171e-09	5.28543788597e-13
4.66555902803e-09	5.12607317704e-13
4.66661791436e-09	5.00599128123e-13
4.66767680068e-09	4.95473345512e-13
4.668735687e-09	4.94661440715e-13
4.66979457333e-09	5.05797498069e-13
4.67085345965e-09	5.16014368821e-13
4.67191234597e-09	5.29381443196e-13
4.67297123229e-09	5.44165461389e-13
4.67403011862e-09	5.56922455201e-13
4.67508900494e-09	5.6540069935e-13
4.67614789126e-09	5.67118780322e-13
4.67720677759e-09	5.60304461248e-13
4.67826566391e-09	5.48656280998e-13
4.67932455023e-09	5.35309155943e-13
4.68038343656e-09	5.17166008369e-13
4.68144232288e-09	5.04130645649e-13
4.6825012092e-09	4.93627111842e-13
4.68356009553e-09	4.89471635966e-13
4.68461898185e-09	4.91920414993e-13
4.68567786817e-09	4.95058692391e-13
4.68673675449e-09	5.07805711543e-13
4.68779564082e-09	5.21390656344e-13
4.68885452714e-09	5.36075578459e-13
4.68991341346e-09	5.49261807911e-13
4.69097229979e-09	5.58085533082e-13
4.69203118611e-09	5.60646255983e-13
4.69309007243e-09	5.54283778164e-13
4.69414895876e-09	5.41149536206e-13
4.69520784508e-09	5.2477244555e-13
4.6962667314e-09	5.11278898992e-13
4.69732561773e-09	4.94341167393e-13
4.69838450405e-09	4.83374516629e-13
4.69944339037e-09	4.78542769647e-13
4.70050227669e-09	4.83727749696e-13
4.70156116302e-09	4.92051332405e-13
4.70262004934e-09	4.99267727855e-13
4.70367893566e-09	5.15904918612e-13
4.70473782199e-09	5.24903634013e-13
4.70579670831e-09	5.39901240035e-13
4.70685559463e-09	5.47944556482e-13
4.70791448096e-09	5.50000529061e-13
4.70897336728e-09	5.48500318515e-13
4.7100322536e-09	5.34830372264e-13
4.71109113992e-09	5.24886666249e-13
4.71215002625e-09	5.05632645129e-13
4.71320891257e-09	4.91403575817e-13
4.71426779889e-09	4.77719697568e-13
4.71532668522e-09	4.68654520573e-13
4.71638557154e-09	4.70024030547e-13
4.71744445786e-09	4.73379907322e-13
4.71850334419e-09	4.86210897932e-13
4.71956223051e-09	5.01259027775e-13
4.72062111683e-09	5.19169559773e-13
4.72168000316e-09	5.30673053244e-13
4.72273888948e-09	5.37929076283e-13
4.7237977758e-09	5.38649745467e-13
4.72485666212e-09	5.33219193626e-13
4.72591554845e-09	5.26942693039e-13
4.72697443477e-09	5.10741731026e-13
4.72803332109e-09	4.98174743645e-13
4.72909220742e-09	4.81674162361e-13
4.73015109374e-09	4.70095533681e-13
4.73120998006e-09	4.62972054357e-13
4.73226886639e-09	4.56836500053e-13
4.73332775271e-09	4.64747435414e-13
4.73438663903e-09	4.70232793676e-13
4.73544552536e-09	4.83868208088e-13
4.73650441168e-09	4.96334418877e-13
4.737563298e-09	5.1362831089e-13
4.73862218432e-09	5.26209013429e-13
4.73968107065e-09	5.30806301691e-13
4.74073995697e-09	5.32025487034e-13
4.74179884329e-09	5.2058536518e-13
4.74285772962e-09	5.0777454073e-13
4.74391661594e-09	4.89096068333e-13
4.74497550226e-09	4.75107908744e-13
4.74603438859e-09	4.61601731231e-13
4.74709327491e-09	4.50881736461e-13
4.74815216123e-09	4.45895490669e-13
4.74921104756e-09	4.45095430781e-13
4.75026993388e-09	4.52016408244e-13
4.7513288202e-09	4.61466856481e-13
4.75238770652e-09	4.79834488115e-13
4.75344659285e-09	4.96390092659e-13
4.75450547917e-09	5.10465909993e-13
4.75556436549e-09	5.19641241929e-13
4.75662325182e-09	5.21356503976e-13
4.75768213814e-09	5.18762279227e-13
4.75874102446e-09	5.03897000081e-13
4.75979991079e-09	4.87189715653e-13
4.76085879711e-09	4.67593411907e-13
4.76191768343e-09	4.4761275849e-13
4.76297656975e-09	4.33498018298e-13
4.76403545608e-09	4.23903669328e-13
4.7650943424e-09	4.25002643755e-13
4.76615322872e-09	4.3391353878e-13
4.76721211505e-09	4.49738472375e-13
4.76827100137e-09	4.61706465161e-13
4.76932988769e-09	4.79620520816e-13
4.77038877402e-09	4.96357241333e-13
4.77144766034e-09	5.09927874665e-13
4.77250654666e-09	5.13014977721e-13
4.77356543299e-09	5.06410885448e-13
4.77462431931e-09	4.9961483518e-13
4.77568320563e-09	4.78375585672e-13
4.77674209195e-09	4.56986824684e-13
4.77780097828e-09	4.34434606345e-13
4.7788598646e-09	4.16450890699e-13
4.77991875092e-09	4.08397084596e-13
4.78097763725e-09	4.0409933429e-13
4.78203652357e-09	4.14315147945e-13
4.78309540989e-09	4.25032161159e-13
4.78415429622e-09	4.47334850369e-13
4.78521318254e-09	4.70202273384e-13
4.78627206886e-09	4.84744785544e-13
4.78733095519e-09	4.95904153245e-13
4.78838984151e-09	4.98451377829e-13
4.78944872783e-09	4.95288326411e-13
4.79050761415e-09	4.81035567282e-13
4.79156650048e-09	4.64170802489e-13
4.7926253868e-09	4.44679151357e-13
4.79368427312e-09	4.25225230461e-13
4.79474315945e-09	4.07555825026e-13
4.79580204577e-09	3.95159897642e-13
4.79686093209e-09	3.92170074626e-13
4.79791981842e-09	3.97291574639e-13
4.79897870474e-09	4.11121359395e-13
4.80003759106e-09	4.24889290418e-13
4.80109647738e-09	4.47009237351e-13
4.80215536371e-09	4.64677016483e-13
4.80321425003e-09	4.78685125392e-13
4.80427313635e-09	4.85312473802e-13
4.80533202268e-09	4.78566459464e-13
4.806390909e-09	4.70970918515e-13
4.80744979532e-09	4.5218879639e-13
4.80850868165e-09	4.35219243457e-13
4.80956756797e-09	4.13553577234e-13
4.81062645429e-09	3.97756182375e-13
4.81168534062e-09	3.876426903e-13
4.81274422694e-09	3.82708648843e-13
4.81380311326e-09	3.83547143698e-13
4.81486199958e-09	3.89898291604e-13
4.81592088591e-09	4.05895748869e-13
4.81697977223e-09	4.21030858832e-13
4.81803865855e-09	4.41260634802e-13
4.81909754488e-09	4.54621095543e-13
4.8201564312e-09	4.61370525118e-13
4.82121531752e-09	4.66901799341e-13
4.82227420385e-09	4.60362976039e-13
4.82333309017e-09	4.50289030238e-13
4.82439197649e-09	4.2853071894e-13
4.82545086282e-09	4.10691473234e-13
4.82650974914e-09	3.92272884097e-13
4.82756863546e-09	3.72708564315e-13
4.82862752178e-09	3.66838531123e-13
4.82968640811e-09	3.63617393574e-13
4.83074529443e-09	3.67987866741e-13
4.83180418075e-09	3.76609659257e-13
4.83286306708e-09	3.93201557468e-13
4.8339219534e-09	4.13556152214e-13
4.83498083972e-09	4.29248813143e-13
4.83603972605e-09	4.46274880115e-13
4.83709861237e-09	4.52045925648e-13
4.83815749869e-09	4.50427970746e-13
4.83921638502e-09	4.41380574668e-13
4.84027527134e-09	4.27080923794e-13
4.84133415766e-09	4.02491760624e-13
4.84239304398e-09	3.80832138828e-13
4.84345193031e-09	3.60553926125e-13
4.84451081663e-09	3.43466981202e-13
4.84556970295e-09	3.37008822541e-13
4.84662858928e-09	3.38660984022e-13
4.8476874756e-09	3.51150830418e-13
4.84874636192e-09	3.71057974928e-13
4.84980524825e-09	3.92716593836e-13
4.85086413457e-09	4.11219533902e-13
4.85192302089e-09	4.27729005643e-13
4.85298190721e-09	4.39667128659e-13
4.85404079354e-09	4.37919205022e-13
4.85509967986e-09	4.29669348061e-13
4.85615856618e-09	4.15839075413e-13
4.85721745251e-09	3.92045093221e-13
4.85827633883e-09	3.69194854809e-13
4.85933522515e-09	3.44395817203e-13
4.86039411148e-09	3.26779212413e-13
4.8614529978e-09	3.16493820084e-13
4.86251188412e-09	3.16943140569e-13
4.86357077045e-09	3.28063395677e-13
4.86462965677e-09	3.45728870879e-13
4.86568854309e-09	3.6805741831e-13
4.86674742941e-09	3.92277491957e-13
4.86780631574e-09	4.12569799288e-13
4.86886520206e-09	4.20052908472e-13
4.86992408838e-09	4.23131446331e-13
4.87098297471e-09	4.14606120703e-13
4.87204186103e-09	3.99509879389e-13
4.87310074735e-09	3.75999117909e-13
4.87415963368e-09	3.53664282105e-13
4.87521852e-09	3.30800599586e-13
4.87627740632e-09	3.11583414235e-13
4.87733629265e-09	3.04361380933e-13
4.87839517897e-09	3.01120077224e-13
4.87945406529e-09	3.08688973905e-13
4.88051295161e-09	3.25351101312e-13
4.88157183794e-09	3.42392292903e-13
4.88263072426e-09	3.63530115299e-13
4.88368961058e-09	3.8185868855e-13
4.88474849691e-09	3.95334074721e-13
4.88580738323e-09	4.02132456024e-13
4.88686626955e-09	3.97997796829e-13
4.88792515588e-09	3.84886621272e-13
4.8889840422e-09	3.65013845972e-13
4.89004292852e-09	3.40499357225e-13
4.89110181485e-09	3.20262289995e-13
4.89216070117e-09	3.01673020332e-13
4.89321958749e-09	2.88326491588e-13
4.89427847381e-09	2.86306948202e-13
4.89533736014e-09	2.86077612337e-13
4.89639624646e-09	3.00147900241e-13
4.89745513278e-09	3.13916807045e-13
4.89851401911e-09	3.32052988621e-13
4.89957290543e-09	3.54299570368e-13
4.90063179175e-09	3.66482397814e-13
4.90169067808e-09	3.78239567488e-13
4.9027495644e-09	3.75530227574e-13
4.90380845072e-09	3.71340816169e-13
4.90486733704e-09	3.58094765862e-13
4.90592622337e-09	3.36211391843e-13
4.90698510969e-09	3.1506215822e-13
4.90804399601e-09	2.90967011769e-13
4.90910288234e-09	2.74136507765e-13
4.91016176866e-09	2.63608877565e-13
4.91122065498e-09	2.64111107116e-13
4.91227954131e-09	2.70541699937e-13
4.91333842763e-09	2.87579205241e-13
4.91439731395e-09	3.03468703075e-13
4.91545620028e-09	3.23442634438e-13
4.9165150866e-09	3.41232277894e-13
4.91757397292e-09	3.53204065388e-13
4.91863285924e-09	3.60812562553e-13
4.91969174557e-09	3.54213864186e-13
4.92075063189e-09	3.42993320378e-13
4.92180951821e-09	3.25008872896e-13
4.92286840454e-09	3.03682290903e-13
4.92392729086e-09	2.80901902216e-13
4.92498617718e-09	2.57586242917e-13
4.92604506351e-09	2.45339772803e-13
4.92710394983e-09	2.37701975074e-13
4.92816283615e-09	2.41642426554e-13
4.92922172248e-09	2.52446474098e-13
4.9302806088e-09	2.70969065328e-13
4.93133949512e-09	2.95698957941e-13
4.93239838144e-09	3.16223907953e-13
4.93345726777e-09	3.29835497023e-13
4.93451615409e-09	3.38547088584e-13
4.93557504041e-09	3.38895930633e-13
4.93663392674e-09	3.27908381871e-13
4.93769281306e-09	3.11250699693e-13
4.93875169938e-09	2.88798146638e-13
4.93981058571e-09	2.63410034887e-13
4.94086947203e-09	2.41456133516e-13
4.94192835835e-09	2.24421108324e-13
4.94298724467e-09	2.18131868362e-13
4.944046131e-09	2.16535868554e-13
4.94510501732e-09	2.29906995134e-13
4.94616390364e-09	2.42768858402e-13
4.94722278997e-09	2.63275783553e-13
4.94828167629e-09	2.85424434738e-13
4.94934056261e-09	3.03202585651e-13
4.95039944894e-09	3.1728539609e-13
4.95145833526e-09	3.16724104625e-13
4.95251722158e-09	3.11987062704e-13
4.95357610791e-09	2.95604551037e-13
4.95463499423e-09	2.73260499515e-13
4.95569388055e-09	2.49048720015e-13
4.95675276687e-09	2.24329046008e-13
4.9578116532e-09	2.04957768422e-13
4.95887053952e-09	1.92520925959e-13
4.95992942584e-09	1.91649742408e-13
4.96098831217e-09	1.99345734689e-13
4.96204719849e-09	2.15578883954e-13
4.96310608481e-09	2.35897700028e-13
4.96416497114e-09	2.56841965231e-13
4.96522385746e-09	2.76995413368e-13
4.96628274378e-09	2.8990181024e-13
4.96734163011e-09	2.97523697302e-13
4.96840051643e-09	2.8847697885e-13
4.96945940275e-09	2.75996565012e-13
4.97051828907e-09	2.55283018032e-13
4.9715771754e-09	2.30294760041e-13
4.97263606172e-09	2.08791819012e-13
4.97369494804e-09	1.85774843859e-13
4.97475383437e-09	1.73405032195e-13
4.97581272069e-09	1.67662718019e-13
4.97687160701e-09	1.72606612163e-13
4.97793049334e-09	1.8642406412e-13
4.97898937966e-09	2.04585968392e-13
4.98004826598e-09	2.25144420251e-13
4.98110715231e-09	2.44637453741e-13
4.98216603863e-09	2.61347557094e-13
4.98322492495e-09	2.71270744583e-13
4.98428381127e-09	2.67787717998e-13
4.9853426976e-09	2.56064321223e-13
4.98640158392e-09	2.40542855816e-13
4.98746047024e-09	2.14740280679e-13
4.98851935657e-09	1.90108345732e-13
4.98957824289e-09	1.69368967635e-13
4.99063712921e-09	1.51802967982e-13
4.99169601554e-09	1.47118780916e-13
4.99275490186e-09	1.46728969578e-13
4.99381378818e-09	1.60295984385e-13
4.9948726745e-09	1.77187203711e-13
4.99593156083e-09	1.96499473594e-13
4.99699044715e-09	2.16584156209e-13
4.99804933347e-09	2.29128863235e-13
4.9991082198e-09	2.39491342339e-13
5.00016710612e-09	2.42440318038e-13
5.00122599244e-09	2.37277916499e-13
5.00228487877e-09	2.20817206751e-13
5.00334376509e-09	1.98158601073e-13
5.00440265141e-09	1.75795210095e-13
5.00546153774e-09	1.53739976479e-13
5.00652042406e-09	1.36327947087e-13
5.00757931038e-09	1.22859784412e-13
5.0086381967e-09	1.24282610028e-13
5.00969708303e-09	1.29533021679e-13
5.01075596935e-09	1.45798886744e-13
5.01181485567e-09	1.66644611522e-13
5.012873742e-09	1.86595490036e-13
5.01393262832e-09	2.04826010753e-13
5.01499151464e-09	2.15949952148e-13
5.01605040097e-09	2.20560603201e-13
5.01710928729e-09	2.1130350887e-13
5.01816817361e-09	1.99041521112e-13
5.01922705994e-09	1.8157205611e-13
5.02028594626e-09	1.57335963377e-13
5.02134483258e-09	1.37486091847e-13
5.0224037189e-09	1.16663623206e-13
5.02346260523e-09	1.05646197899e-13
5.02452149155e-09	9.97808877624e-14
5.02558037787e-09	1.05675349385e-13
5.0266392642e-09	1.17983896849e-13
5.02769815052e-09	1.35258124145e-13
5.02875703684e-09	1.53435261458e-13
5.02981592317e-09	1.69829875532e-13
5.03087480949e-09	1.85751533512e-13
5.03193369581e-09	1.89294773975e-13
5.03299258214e-09	1.88447076954e-13
5.03405146846e-09	1.78107745566e-13
5.03511035478e-09	1.61540011511e-13
5.0361692411e-09	1.38498682466e-13
5.03722812743e-09	1.16535050381e-13
5.03828701375e-09	9.99287458336e-14
5.03934590007e-09	8.358333421e-14
5.0404047864e-09	7.99692682408e-14
5.04146367272e-09	8.09099423744e-14
5.04252255904e-09	9.05250673684e-14
5.04358144537e-09	1.05766991573e-13
5.04464033169e-09	1.25083076492e-13
5.04569921801e-09	1.43977047624e-13
5.04675810433e-09	1.58459535641e-13
5.04781699066e-09	1.67007683724e-13
5.04887587698e-09	1.645538225e-13
5.0499347633e-09	1.56297040197e-13
5.05099364963e-09	1.38860114813e-13
5.05205253595e-09	1.18066906078e-13
5.05311142227e-09	9.6629986185e-14
5.0541703086e-09	7.59150703997e-14
5.05522919492e-09	6.38460841812e-14
5.05628808124e-09	5.53080801644e-14
5.05734696757e-09	6.07987239113e-14
5.05840585389e-09	6.64234699145e-14
5.05946474021e-09	8.32341804529e-14
5.06052362653e-09	1.01064969382e-13
5.06158251286e-09	1.13456641272e-13
5.06264139918e-09	1.28387304585e-13
5.0637002855e-09	1.34604865231e-13
5.06475917183e-09	1.35534067151e-13
5.06581805815e-09	1.28587475411e-13
5.06687694447e-09	1.12032589152e-13
5.0679358308e-09	9.61783278887e-14
5.06899471712e-09	7.6618778596e-14
5.07005360344e-09	5.94847454172e-14
5.07111248977e-09	4.68794314891e-14
5.07217137609e-09	4.0245438953e-14
5.07323026241e-09	3.77023987117e-14
5.07428914873e-09	4.6191051201e-14
5.07534803506e-09	5.95615679173e-14
5.07640692138e-09	7.17199398286e-14
5.0774658077e-09	8.6601773387e-14
5.07852469403e-09	9.83162593764e-14
5.07958358035e-09	1.05551601259e-13
5.08064246667e-09	1.01141913855e-13
5.081701353e-09	9.80636402702e-14
5.08276023932e-09	8.63909502746e-14
5.08381912564e-09	6.97487179775e-14
5.08487801196e-09	5.78200275202e-14
5.08593689829e-09	4.14372956249e-14
5.08699578461e-09	3.20218908356e-14
5.08805467093e-09	2.3536521446e-14
5.08911355726e-09	2.32751880649e-14
5.09017244358e-09	2.45218647092e-14
5.0912313299e-09	3.127830094e-14
5.09229021623e-09	4.36420444596e-14
5.09334910255e-09	5.2607444361e-14
5.09440798887e-09	6.47634750732e-14
5.0954668752e-09	7.11530782752e-14
5.09652576152e-09	7.56802525379e-14
5.09758464784e-09	7.10617477947e-14
5.09864353416e-09	6.14856134214e-14
5.09970242049e-09	5.04952254055e-14
5.10076130681e-09	3.67902763647e-14
5.10182019313e-09	2.4266160709e-14
5.10287907946e-09	1.16908910395e-14
5.10393796578e-09	5.08278171274e-15
5.1049968521e-09	-2.17149347413e-15
5.10605573843e-09	-2.78082451831e-16
5.10711462475e-09	4.52543911565e-15
5.10817351107e-09	1.21698365022e-14
5.1092323974e-09	2.40507382076e-14
5.11029128372e-09	2.96764769334e-14
5.11135017004e-09	4.16429077907e-14
5.11240905636e-09	4.16162702986e-14
5.11346794269e-09	4.34329831757e-14
5.11452682901e-09	3.96239369983e-14
5.11558571533e-09	3.08676085452e-14
5.11664460166e-09	2.11875703343e-14
5.11770348798e-09	3.08547209389e-15
5.1187623743e-09	-6.80678302216e-15
5.11982126063e-09	-1.86892839258e-14
5.12088014695e-09	-2.30045915314e-14
5.12193903327e-09	-2.25337987609e-14
5.1229979196e-09	-1.99251117721e-14
5.12405680592e-09	-1.35578261942e-14
5.12511569224e-09	-5.69762260036e-15
5.12617457856e-09	5.69429714901e-15
5.12723346489e-09	1.26418422239e-14
5.12829235121e-09	1.61554068869e-14
5.12935123753e-09	1.51380322259e-14
5.13041012386e-09	1.30857145933e-14
5.13146901018e-09	3.19416209113e-15
5.1325278965e-09	-7.72088657927e-15
5.13358678283e-09	-1.68937316257e-14
5.13464566915e-09	-3.0491305688e-14
5.13570455547e-09	-3.85022112662e-14
5.13676344179e-09	-4.63768461839e-14
5.13782232812e-09	-4.56912136707e-14
5.13888121444e-09	-4.40283490818e-14
5.13994010076e-09	-4.09343681184e-14
5.14099898709e-09	-3.01722758106e-14
5.14205787341e-09	-2.41522534123e-14
5.14311675973e-09	-1.52919940166e-14
5.14417564606e-09	-1.32536998615e-14
5.14523453238e-09	-1.32173570659e-14
5.1462934187e-09	-1.61350899547e-14
5.14735230503e-09	-2.22686774484e-14
5.14841119135e-09	-3.00525900552e-14
5.14947007767e-09	-4.31102805635e-14
5.15052896399e-09	-5.24669046544e-14
5.15158785032e-09	-6.12769112795e-14
5.15264673664e-09	-6.49916386442e-14
5.15370562296e-09	-6.64387165075e-14
5.15476450929e-09	-6.70731103037e-14
5.15582339561e-09	-6.34575874378e-14
5.15688228193e-09	-5.65047073259e-14
5.15794116826e-09	-5.16334343987e-14
5.15900005458e-09	-4.74433352034e-14
5.1600589409e-09	-4.12596219939e-14
5.16111782723e-09	-4.25710221198e-14
5.16217671355e-09	-4.6131921525e-14
5.16323559987e-09	-5.17047884542e-14
5.16429448619e-09	-5.89316600077e-14
5.16535337252e-09	-6.62158180934e-14
5.16641225884e-09	-7.73092053157e-14
5.16747114516e-09	-8.21383569884e-14
5.16853003149e-09	-8.74228261397e-14
5.16958891781e-09	-9.08396892863e-14
5.17064780413e-09	-9.06302553079e-14
5.17170669046e-09	-8.82026995387e-14
5.17276557678e-09	-8.39003345965e-14
5.1738244631e-09	-8.28555499492e-14
5.17488334943e-09	-7.78294258468e-14
5.17594223575e-09	-7.39512888859e-14
5.17700112207e-09	-7.44370859981e-14
5.17806000839e-09	-7.36333804802e-14
5.17911889472e-09	-7.67621711095e-14
5.18017778104e-09	-8.23505353536e-14
5.18123666736e-09	-8.85623497281e-14
5.18229555369e-09	-9.50310861361e-14
5.18335444001e-09	-1.02452199285e-13
5.18441332633e-09	-1.06103934504e-13
5.18547221266e-09	-1.10574303349e-13
5.18653109898e-09	-1.11643665504e-13
5.1875899853e-09	-1.12896738941e-13
5.18864887162e-09	-1.12696202197e-13
5.18970775795e-09	-1.08665382465e-13
5.19076664427e-09	-1.06560783418e-13
5.19182553059e-09	-1.01869332197e-13
5.19288441692e-09	-1.02959605902e-13
5.19394330324e-09	-1.00021580645e-13
5.19500218956e-09	-1.00383338252e-13
5.19606107589e-09	-1.07374178993e-13
5.19711996221e-09	-1.09276736965e-13
5.19817884853e-09	-1.17764630513e-13
5.19923773486e-09	-1.21874353057e-13
5.20029662118e-09	-1.30011209047e-13
5.2013555075e-09	-1.35537482388e-13
5.20241439382e-09	-1.37713354175e-13
5.20347328015e-09	-1.41021227898e-13
5.20453216647e-09	-1.37467538438e-13
5.20559105279e-09	-1.37867188911e-13
5.20664993912e-09	-1.32358818458e-13
5.20770882544e-09	-1.30990595974e-13
5.20876771176e-09	-1.26547698102e-13
5.20982659809e-09	-1.25447490395e-13
5.21088548441e-09	-1.27928429568e-13
5.21194437073e-09	-1.29406441075e-13
5.21300325706e-09	-1.36277938261e-13
5.21406214338e-09	-1.41578250317e-13
5.2151210297e-09	-1.51916944736e-13
5.21617991602e-09	-1.56223829446e-13
5.21723880235e-09	-1.58632113521e-13
5.21829768867e-09	-1.63209859039e-13
5.21935657499e-09	-1.62373193775e-13
5.22041546132e-09	-1.64409881109e-13
5.22147434764e-09	-1.59193228803e-13
5.22253323396e-09	-1.5728154998e-13
5.22359212029e-09	-1.52918137679e-13
5.22465100661e-09	-1.50733809115e-13
5.22570989293e-09	-1.52305997133e-13
5.22676877925e-09	-1.50137037134e-13
5.22782766558e-09	-1.5409371099e-13
5.2288865519e-09	-1.58318467385e-13
5.22994543822e-09	-1.65581117611e-13
5.23100432455e-09	-1.69841842413e-13
5.23206321087e-09	-1.76698513135e-13
5.23312209719e-09	-1.82490470218e-13
5.23418098352e-09	-1.85945890304e-13
5.23523986984e-09	-1.87692133428e-13
5.23629875616e-09	-1.85184739722e-13
5.23735764249e-09	-1.83638084665e-13
5.23841652881e-09	-1.79652381296e-13
5.23947541513e-09	-1.76820052198e-13
5.24053430145e-09	-1.73751095976e-13
5.24159318778e-09	-1.73130742598e-13
5.2426520741e-09	-1.75305570841e-13
5.24371096042e-09	-1.77946524703e-13
5.24476984675e-09	-1.85224164023e-13
5.24582873307e-09	-1.90079221351e-13
5.24688761939e-09	-1.98040165538e-13
5.24794650572e-09	-2.03388900773e-13
5.24900539204e-09	-2.06925093922e-13
5.25006427836e-09	-2.09327685936e-13
5.25112316469e-09	-2.09078129701e-13
5.25218205101e-09	-2.09933036666e-13
5.25324093733e-09	-2.0708762938e-13
5.25429982365e-09	-2.04999672836e-13
5.25535870998e-09	-2.01103524567e-13
5.2564175963e-09	-1.99149412781e-13
5.25747648262e-09	-1.99619604158e-13
5.25853536895e-09	-1.99257223134e-13
5.25959425527e-09	-2.03028403551e-13
5.26065314159e-09	-2.06041577571e-13
5.26171202792e-09	-2.12937740357e-13
5.26277091424e-09	-2.19733207866e-13
5.26382980056e-09	-2.25243556987e-13
5.26488868689e-09	-2.29924342369e-13
5.26594757321e-09	-2.33319223317e-13
5.26700645953e-09	-2.34007203805e-13
5.26806534585e-09	-2.32710254061e-13
5.26912423218e-09	-2.29576991098e-13
5.2701831185e-09	-2.2573764147e-13
5.27124200482e-09	-2.24434755719e-13
5.27230089115e-09	-2.20235193472e-13
5.27335977747e-09	-2.20278697084e-13
5.27441866379e-09	-2.23601993583e-13
5.27547755012e-09	-2.25425215061e-13
5.27653643644e-09	-2.3211830678e-13
5.27759532276e-09	-2.35185785777e-13
5.27865420908e-09	-2.41908272927e-13
5.27971309541e-09	-2.47599954862e-13
5.28077198173e-09	-2.52073698286e-13
5.28183086805e-09	-2.55765352473e-13
5.28288975438e-09	-2.55253121157e-13
5.2839486407e-09	-2.56666134743e-13
5.28500752702e-09	-2.54224511451e-13
5.28606641335e-09	-2.50466558301e-13
5.28712529967e-09	-2.47097156104e-13
5.28818418599e-09	-2.44440996307e-13
5.28924307232e-09	-2.45059316806e-13
5.29030195864e-09	-2.44867982228e-13
5.29136084496e-09	-2.47956305011e-13
5.29241973128e-09	-2.53874178624e-13
5.29347861761e-09	-2.6036518861e-13
5.29453750393e-09	-2.64485455021e-13
5.29559639025e-09	-2.7185076564e-13
5.29665527658e-09	-2.75526780211e-13
5.2977141629e-09	-2.77731152963e-13
5.29877304922e-09	-2.8105106133e-13
5.29983193555e-09	-2.77712558895e-13
5.30089082187e-09	-2.78896778718e-13
5.30194970819e-09	-2.73752781511e-13
5.30300859452e-09	-2.72182233349e-13
5.30406748084e-09	-2.69930806223e-13
5.30512636716e-09	-2.65833389372e-13
5.30618525348e-09	-2.6821261683e-13
5.30724413981e-09	-2.67536860721e-13
5.30830302613e-09	-2.73583944128e-13
5.30936191245e-09	-2.78382162157e-13
5.31042079878e-09	-2.86596294656e-13
5.3114796851e-09	-2.94514168912e-13
5.31253857142e-09	-2.98197447637e-13
5.31359745775e-09	-3.01598942218e-13
5.31465634407e-09	-3.02271310195e-13
5.31571523039e-09	-3.03714681443e-13
5.31677411672e-09	-2.99749754098e-13
5.31783300304e-09	-2.97435632981e-13
5.31889188936e-09	-2.91371825755e-13
5.31995077568e-09	-2.88356984774e-13
5.32100966201e-09	-2.86606486157e-13
5.32206854833e-09	-2.86635895141e-13
5.32312743465e-09	-2.91756392266e-13
5.32418632098e-09	-2.95227980517e-13
5.3252452073e-09	-3.01865032536e-13
5.32630409362e-09	-3.08688865485e-13
5.32736297995e-09	-3.14833852348e-13
5.32842186627e-09	-3.2222851774e-13
5.32948075259e-09	-3.24298828893e-13
5.33053963891e-09	-3.27590005903e-13
5.33159852524e-09	-3.24330406282e-13
5.33265741156e-09	-3.22367729299e-13
5.33371629788e-09	-3.17861866385e-13
5.33477518421e-09	-3.12703124028e-13
5.33583407053e-09	-3.10399329937e-13
5.33689295685e-09	-3.07962585554e-13
5.33795184318e-09	-3.07901382342e-13
5.3390107295e-09	-3.1001918155e-13
5.34006961582e-09	-3.14432426493e-13
5.34112850215e-09	-3.21785160367e-13
5.34218738847e-09	-3.29683790034e-13
5.34324627479e-09	-3.35706153631e-13
5.34430516111e-09	-3.42370907016e-13
5.34536404744e-09	-3.47016875955e-13
5.34642293376e-09	-3.49556321388e-13
5.34748182008e-09	-3.48573437909e-13
5.34854070641e-09	-3.44915285569e-13
5.34959959273e-09	-3.41664711931e-13
5.35065847905e-09	-3.35542466208e-13
5.35171736538e-09	-3.31280738518e-13
5.3527762517e-09	-3.28117334735e-13
5.35383513802e-09	-3.28768208404e-13
5.35489402435e-09	-3.32705705434e-13
5.35595291067e-09	-3.36652960283e-13
5.35701179699e-09	-3.44888614195e-13
5.35807068331e-09	-3.50479519538e-13
5.35912956964e-09	-3.56752144102e-13
5.36018845596e-09	-3.62755642582e-13
5.36124734228e-09	-3.6630068553e-13
5.36230622861e-09	-3.69032387114e-13
5.36336511493e-09	-3.69545350267e-13
5.36442400125e-09	-3.65927367617e-13
5.36548288758e-09	-3.62470822671e-13
5.3665417739e-09	-3.58758541538e-13
5.36760066022e-09	-3.55789291258e-13
5.36865954654e-09	-3.52465967654e-13
5.36971843287e-09	-3.50802178105e-13
5.37077731919e-09	-3.51763404646e-13
5.37183620551e-09	-3.54768758858e-13
5.37289509184e-09	-3.59631649547e-13
5.37395397816e-09	-3.67268850965e-13
5.37501286448e-09	-3.74756622219e-13
5.37607175081e-09	-3.81328134217e-13
5.37713063713e-09	-3.85735361838e-13
5.37818952345e-09	-3.89029601719e-13
5.37924840978e-09	-3.88878599461e-13
5.3803072961e-09	-3.87865060165e-13
5.38136618242e-09	-3.84663980356e-13
5.38242506874e-09	-3.79566034636e-13
5.38348395507e-09	-3.7545839918e-13
5.38454284139e-09	-3.71955829852e-13
5.38560172771e-09	-3.70434124998e-13
5.38666061404e-09	-3.70615918597e-13
5.38771950036e-09	-3.71163576219e-13
5.38877838668e-09	-3.79039302115e-13
5.38983727301e-09	-3.85493205282e-13
5.39089615933e-09	-3.91391021155e-13
5.39195504565e-09	-3.96896572682e-13
5.39301393198e-09	-4.01767486467e-13
5.3940728183e-09	-4.09255040881e-13
5.39513170462e-09	-4.09494514035e-13
5.39619059094e-09	-4.11170744804e-13
5.39724947727e-09	-4.10169809359e-13
5.39830836359e-09	-4.0760792094e-13
5.39936724991e-09	-4.03057144951e-13
5.40042613624e-09	-3.96033873013e-13
5.40148502256e-09	-3.9330227985e-13
5.40254390888e-09	-3.89707499127e-13
5.40360279521e-09	-3.92128387053e-13
5.40466168153e-09	-3.94318285706e-13
5.40572056785e-09	-4.00198618819e-13
5.40677945418e-09	-4.08706786947e-13
5.4078383405e-09	-4.1602702186e-13
5.40889722682e-09	-4.2286925914e-13
5.40995611314e-09	-4.2762034148e-13
5.41101499947e-09	-4.3168750909e-13
5.41207388579e-09	-4.30537739791e-13
5.41313277211e-09	-4.30949384251e-13
5.41419165844e-09	-4.25691600026e-13
5.41525054476e-09	-4.20261698705e-13
5.41630943108e-09	-4.16280508328e-13
5.41736831741e-09	-4.10455848997e-13
5.41842720373e-09	-4.09483970169e-13
5.41948609005e-09	-4.0776526578e-13
5.42054497637e-09	-4.11519532643e-13
5.4216038627e-09	-4.15640178525e-13
5.42266274902e-09	-4.21962893229e-13
5.42372163534e-09	-4.31809183679e-13
5.42478052167e-09	-4.37368159268e-13
5.42583940799e-09	-4.46779088335e-13
5.42689829431e-09	-4.49726952727e-13
5.42795718064e-09	-4.52555744615e-13
5.42901606696e-09	-4.5104352653e-13
5.43007495328e-09	-4.46097179379e-13
5.43113383961e-09	-4.42229857334e-13
5.43219272593e-09	-4.3553550523e-13
5.43325161225e-09	-4.30005965731e-13
5.43431049857e-09	-4.25730441568e-13
5.4353693849e-09	-4.26277204724e-13
5.43642827122e-09	-4.26898208623e-13
5.43748715754e-09	-4.32444471942e-13
5.43854604387e-09	-4.40320441783e-13
5.43960493019e-09	-4.4871522947e-13
5.44066381651e-09	-4.56309577797e-13
5.44172270284e-09	-4.62850623714e-13
5.44278158916e-09	-4.68609146712e-13
5.44384047548e-09	-4.69966784673e-13
5.44489936181e-09	-4.70731526675e-13
5.44595824813e-09	-4.66862713853e-13
5.44701713445e-09	-4.63416794088e-13
5.44807602077e-09	-4.56888324916e-13
5.4491349071e-09	-4.51616391853e-13
5.45019379342e-09	-4.48223326944e-13
5.45125267974e-09	-4.45876218976e-13
5.45231156607e-09	-4.46416395603e-13
5.45337045239e-09	-4.4985342491e-13
5.45442933871e-09	-4.5510855284e-13
5.45548822504e-09	-4.6235498069e-13
5.45654711136e-09	-4.72198289584e-13
5.45760599768e-09	-4.79711485379e-13
5.45866488401e-09	-4.84102775228e-13
5.45972377033e-09	-4.88253914296e-13
5.46078265665e-09	-4.8759222571e-13
5.46184154297e-09	-4.87136318696e-13
5.4629004293e-09	-4.8193800296e-13
5.46395931562e-09	-4.77005045706e-13
5.46501820194e-09	-4.70137546515e-13
5.46607708827e-09	-4.65168864799e-13
5.46713597459e-09	-4.63595416396e-13
5.46819486091e-09	-4.61817704304e-13
5.46925374724e-09	-4.65273761359e-13
5.47031263356e-09	-4.69078660463e-13
5.47137151988e-09	-4.75106065601e-13
5.4724304062e-09	-4.81857229898e-13
5.47348929253e-09	-4.9106069688e-13
5.47454817885e-09	-4.97459929152e-13
5.47560706517e-09	-5.03059724953e-13
5.4766659515e-09	-5.07808693099e-13
5.47772483782e-09	-5.08203830581e-13
5.47878372414e-09	-5.02277798346e-13
5.47984261047e-09	-4.97930960786e-13
5.48090149679e-09	-4.9142997614e-13
5.48196038311e-09	-4.85008409302e-13
5.48301926944e-09	-4.80215856229e-13
5.48407815576e-09	-4.76961731829e-13
5.48513704208e-09	-4.78216207953e-13
5.4861959284e-09	-4.80328559045e-13
5.48725481473e-09	-4.87251081496e-13
5.48831370105e-09	-4.95838775854e-13
5.48937258737e-09	-5.04309647428e-13
5.4904314737e-09	-5.12072534983e-13
5.49149036002e-09	-5.17975961602e-13
5.49254924634e-09	-5.21350920334e-13
5.49360813267e-09	-5.22209662665e-13
5.49466701899e-09	-5.19979513006e-13
5.49572590531e-09	-5.16694759894e-13
5.49678479164e-09	-5.11375284565e-13
5.49784367796e-09	-5.04817270885e-13
5.49890256428e-09	-4.97737484909e-13
5.4999614506e-09	-4.95099675233e-13
5.50102033693e-09	-4.93988530637e-13
5.50207922325e-09	-4.95086990068e-13
5.50313810957e-09	-4.99867454287e-13
5.5041969959e-09	-5.10287016635e-13
5.50525588222e-09	-5.177904004e-13
5.50631476854e-09	-5.26108291047e-13
5.50737365487e-09	-5.34616079705e-13
5.50843254119e-09	-5.38481910971e-13
5.50949142751e-09	-5.40580330066e-13
5.51055031383e-09	-5.37756904978e-13
5.51160920016e-09	-5.31591155643e-13
5.51266808648e-09	-5.25041165059e-13
5.5137269728e-09	-5.1699714388e-13
5.51478585913e-09	-5.1021486298e-13
5.51584474545e-09	-5.08121648056e-13
5.51690363177e-09	-5.06707848423e-13
5.5179625181e-09	-5.086678149e-13
5.51902140442e-09	-5.14166996739e-13
5.52008029074e-09	-5.21176092734e-13
5.52113917707e-09	-5.30137674211e-13
5.52219806339e-09	-5.38039068593e-13
5.52325694971e-09	-5.46437569672e-13
5.52431583603e-09	-5.50717566168e-13
5.52537472236e-09	-5.52457331184e-13
5.52643360868e-09	-5.53128506539e-13
5.527492495e-09	-5.50511296705e-13
5.52855138133e-09	-5.4443016935e-13
5.52961026765e-09	-5.3690954677e-13
5.53066915397e-09	-5.29815286695e-13
5.5317280403e-09	-5.2374917554e-13
5.53278692662e-09	-5.19854883967e-13
5.53384581294e-09	-5.23157038523e-13
5.53490469927e-09	-5.27268712632e-13
5.53596358559e-09	-5.33248683925e-13
5.53702247191e-09	-5.42271414404e-13
5.53808135823e-09	-5.513371335e-13
5.53914024456e-09	-5.598065414e-13
5.54019913088e-09	-5.66265838473e-13
5.5412580172e-09	-5.68414239288e-13
5.54231690353e-09	-5.67884877577e-13
5.54337578985e-09	-5.64995424578e-13
5.54443467617e-09	-5.60167472304e-13
5.5454935625e-09	-5.54242795322e-13
5.54655244882e-09	-5.47523560778e-13
5.54761133514e-09	-5.41986702914e-13
5.54867022147e-09	-5.39118771327e-13
5.54972910779e-09	-5.36995849263e-13
5.55078799411e-09	-5.39905956314e-13
5.55184688043e-09	-5.44584776579e-13
5.55290576676e-09	-5.51330411446e-13
5.55396465308e-09	-5.61157240467e-13
5.5550235394e-09	-5.70871962983e-13
5.55608242573e-09	-5.77644540273e-13
5.55714131205e-09	-5.81626218542e-13
5.55820019837e-09	-5.83212948421e-13
5.5592590847e-09	-5.81926379913e-13
5.56031797102e-09	-5.7599611929e-13
5.56137685734e-09	-5.70838081665e-13
5.56243574366e-09	-5.61323990761e-13
5.56349462999e-09	-5.55349115219e-13
5.56455351631e-09	-5.5148182028e-13
5.56561240263e-09	-5.4914146147e-13
5.56667128896e-09	-5.50770149974e-13
5.56773017528e-09	-5.55150489381e-13
5.5687890616e-09	-5.63626510915e-13
5.56984794793e-09	-5.71697691357e-13
5.57090683425e-09	-5.81219913778e-13
5.57196572057e-09	-5.88514588624e-13
5.5730246069e-09	-5.92565059521e-13
5.57408349322e-09	-5.95597572997e-13
5.57514237954e-09	-5.94384079716e-13
5.57620126586e-09	-5.91404475305e-13
5.57726015219e-09	-5.83529047565e-13
5.57831903851e-09	-5.7899551039e-13
5.57937792483e-09	-5.72241906638e-13
5.58043681116e-09	-5.66491135685e-13
5.58149569748e-09	-5.62342923963e-13
5.5825545838e-09	-5.6312994632e-13
5.58361347013e-09	-5.68437170164e-13
5.58467235645e-09	-5.74298204478e-13
5.58573124277e-09	-5.83922125062e-13
5.5867901291e-09	-5.90890780316e-13
5.58784901542e-09	-5.99180752757e-13
5.58890790174e-09	-6.0518078179e-13
5.58996678806e-09	-6.07601046299e-13
5.59102567439e-09	-6.08089154117e-13
5.59208456071e-09	-6.03358183728e-13
5.59314344703e-09	-5.9933194475e-13
5.59420233336e-09	-5.92163742087e-13
5.59526121968e-09	-5.85826200918e-13
5.596320106e-09	-5.80275356845e-13
5.59737899233e-09	-5.75054435493e-13
5.59843787865e-09	-5.75761010049e-13
5.59949676497e-09	-5.77808580062e-13
5.6005556513e-09	-5.84863754649e-13
5.60161453762e-09	-5.91680784229e-13
5.60267342394e-09	-5.99290148756e-13
5.60373231026e-09	-6.07610533068e-13
5.60479119659e-09	-6.1482270013e-13
5.60585008291e-09	-6.17873157152e-13
5.60690896923e-09	-6.17931595649e-13
5.60796785556e-09	-6.17016908486e-13
5.60902674188e-09	-6.10851321782e-13
5.6100856282e-09	-6.05865075991e-13
5.61114451453e-09	-5.97205553239e-13
5.61220340085e-09	-5.92841422654e-13
5.61326228717e-09	-5.88788891774e-13
5.61432117349e-09	-5.88222612979e-13
5.61538005982e-09	-5.91580712368e-13
5.61643894614e-09	-5.94597071232e-13
5.61749783246e-09	-6.01962978162e-13
5.61855671879e-09	-6.08408017976e-13
5.61961560511e-09	-6.16453014936e-13
5.62067449143e-09	-6.23548955525e-13
5.62173337776e-09	-6.29097305933e-13
5.62279226408e-09	-6.31237792072e-13
5.6238511504e-09	-6.30217015726e-13
5.62491003673e-09	-6.24435290801e-13
5.62596892305e-09	-6.17637885281e-13
5.62702780937e-09	-6.12241702648e-13
5.62808669569e-09	-6.0477171231e-13
5.62914558202e-09	-6.02591490161e-13
5.63020446834e-09	-5.98130594533e-13
5.63126335466e-09	-6.00745419122e-13
5.63232224099e-09	-6.05368728236e-13
5.63338112731e-09	-6.10606292091e-13
5.63444001363e-09	-6.20090350595e-13
5.63549889996e-09	-6.25069657492e-13
5.63655778628e-09	-6.33836082578e-13
5.6376166726e-09	-6.3779466734e-13
5.63867555893e-09	-6.37667273585e-13
5.63973444525e-09	-6.38242605468e-13
5.64079333157e-09	-6.34450174689e-13
5.64185221789e-09	-6.29937671037e-13
5.64291110422e-09	-6.24888487309e-13
5.64396999054e-09	-6.19924847133e-13
5.64502887686e-09	-6.1625514804e-13
5.64608776319e-09	-6.13073882025e-13
5.64714664951e-09	-6.13200462629e-13
5.64820553583e-09	-6.15617528742e-13
5.64926442216e-09	-6.2066167093e-13
5.65032330848e-09	-6.28062489169e-13
5.6513821948e-09	-6.33583734522e-13
5.65244108112e-09	-6.38463945341e-13
5.65349996745e-09	-6.43984106492e-13
5.65455885377e-09	-6.47624423707e-13
5.65561774009e-09	-6.46236265455e-13
5.65667662642e-09	-6.463185564e-13
5.65773551274e-09	-6.40541601964e-13
5.65879439906e-09	-6.35535786324e-13
5.65985328539e-09	-6.28336575478e-13
5.66091217171e-09	-6.24700486652e-13
5.66197105803e-09	-6.24793673829e-13
5.66302994436e-09	-6.23772518013e-13
5.66408883068e-09	-6.27923819711e-13
5.665147717e-09	-6.29623957138e-13
5.66620660332e-09	-6.35973966632e-13
5.66726548965e-09	-6.40832439197e-13
5.66832437597e-09	-6.45478353926e-13
5.66938326229e-09	-6.51735826765e-13
5.67044214862e-09	-6.5291115613e-13
5.67150103494e-09	-6.54413806131e-13
5.67255992126e-09	-6.54699113933e-13
5.67361880759e-09	-6.51958847152e-13
5.67467769391e-09	-6.48759258121e-13
5.67573658023e-09	-6.44773080413e-13
5.67679546656e-09	-6.40580145352e-13
5.67785435288e-09	-6.36823330614e-13
5.6789132392e-09	-6.35652825948e-13
5.67997212552e-09	-6.35275577802e-13
5.68103101185e-09	-6.39045023496e-13
5.68208989817e-09	-6.42906138482e-13
5.68314878449e-09	-6.48675991394e-13
5.68420767082e-09	-6.53351504842e-13
5.68526655714e-09	-6.56184633539e-13
5.68632544346e-09	-6.60845130788e-13
5.68738432979e-09	-6.62216646536e-13
5.68844321611e-09	-6.64388466118e-13
5.68950210243e-09	-6.58796042892e-13
5.69056098876e-09	-6.5570568723e-13
5.69161987508e-09	-6.53809797101e-13
5.6926787614e-09	-6.49478897313e-13
5.69373764772e-09	-6.49254630093e-13
5.69479653405e-09	-6.45318867787e-13
5.69585542037e-09	-6.45941904565e-13
5.69691430669e-09	-6.4742129843e-13
5.69797319302e-09	-6.51433334359e-13
5.69903207934e-09	-6.55547935813e-13
5.70009096566e-09	-6.60771838721e-13
5.70114985199e-09	-6.64558740069e-13
5.70220873831e-09	-6.67449385691e-13
5.70326762463e-09	-6.71024162884e-13
5.70432651095e-09	-6.69192403314e-13
5.70538539728e-09	-6.70229930583e-13
5.7064442836e-09	-6.64583297248e-13
5.70750316992e-09	-6.62789051073e-13
5.70856205625e-09	-6.58904246269e-13
5.70962094257e-09	-6.54966478188e-13
5.71067982889e-09	-6.56958265999e-13
5.71173871522e-09	-6.53806056603e-13
5.71279760154e-09	-6.57909111305e-13
5.71385648786e-09	-6.59442606857e-13
5.71491537419e-09	-6.63367852403e-13
5.71597426051e-09	-6.67444452571e-13
5.71703314683e-09	-6.68952523583e-13
5.71809203315e-09	-6.73519996285e-13
5.71915091948e-09	-6.74808624777e-13
5.7202098058e-09	-6.7554355122e-13
5.72126869212e-09	-6.76249963145e-13
5.72232757845e-09	-6.73412063959e-13
5.72338646477e-09	-6.70998142032e-13
5.72444535109e-09	-6.66943659588e-13
5.72550423742e-09	-6.65552628201e-13
5.72656312374e-09	-6.62953795593e-13
5.72762201006e-09	-6.63794214907e-13
5.72868089639e-09	-6.64039027758e-13
5.72973978271e-09	-6.66354233077e-13
5.73079866903e-09	-6.66705677211e-13
5.73185755535e-09	-6.71281064589e-13
5.73291644168e-09	-6.74984916051e-13
5.733975328e-09	-6.75834930554e-13
5.73503421432e-09	-6.80429725151e-13
5.73609310065e-09	-6.79120334187e-13
5.73715198697e-09	-6.80992642919e-13
5.73821087329e-09	-6.79595485789e-13
5.73926975962e-09	-6.7766961747e-13
5.74032864594e-09	-6.76764796547e-13
5.74138753226e-09	-6.72351931075e-13
5.74244641859e-09	-6.73752720282e-13
5.74350530491e-09	-6.71499097646e-13
5.74456419123e-09	-6.71117946372e-13
5.74562307755e-09	-6.7250908618e-13
5.74668196388e-09	-6.73087887509e-13
5.7477408502e-09	-6.75995555106e-13
5.74879973652e-09	-6.77135051589e-13
5.74985862285e-09	-6.80765827824e-13
5.75091750917e-09	-6.84260645107e-13
5.75197639549e-09	-6.87974742279e-13
5.75303528182e-09	-6.89075424325e-13
5.75409416814e-09	-6.87118330983e-13
5.75515305446e-09	-6.86111052955e-13
5.75621194078e-09	-6.82952826236e-13
5.75727082711e-09	-6.81092768989e-13
5.75832971343e-09	-6.78923063602e-13
5.75938859975e-09	-6.78724166713e-13
5.76044748608e-09	-6.76837383883e-13
5.7615063724e-09	-6.77749089489e-13
5.76256525872e-09	-6.803844055e-13
5.76362414505e-09	-6.82522506394e-13
5.76468303137e-09	-6.87115078377e-13
5.76574191769e-09	-6.88291925625e-13
5.76680080402e-09	-6.91184631231e-13
5.76785969034e-09	-6.91716378187e-13
5.76891857666e-09	-6.91956528968e-13
5.76997746298e-09	-6.93553721398e-13
5.77103634931e-09	-6.91524420192e-13
5.77209523563e-09	-6.89995315658e-13
5.77315412195e-09	-6.8756599806e-13
5.77421300828e-09	-6.8607391903e-13
5.7752718946e-09	-6.84507030051e-13
5.77633078092e-09	-6.84030089515e-13
5.77738966725e-09	-6.85461019542e-13
5.77844855357e-09	-6.86319707663e-13
5.77950743989e-09	-6.88446695485e-13
5.78056632622e-09	-6.91509403992e-13
5.78162521254e-09	-6.93343331967e-13
5.78268409886e-09	-6.96069558329e-13
5.78374298518e-09	-6.99233965e-13
5.78480187151e-09	-6.98710674821e-13
5.78586075783e-09	-6.98794049969e-13
5.78691964415e-09	-6.97320293955e-13
5.78797853048e-09	-6.95412206552e-13
5.7890374168e-09	-6.95028778454e-13
5.79009630312e-09	-6.91563722521e-13
5.79115518945e-09	-6.91080222562e-13
5.79221407577e-09	-6.90164505407e-13
5.79327296209e-09	-6.91012243086e-13
5.79433184841e-09	-6.92379096764e-13
5.79539073474e-09	-6.9410373716e-13
5.79644962106e-09	-6.96824217251e-13
5.79750850738e-09	-6.98329848808e-13
5.79856739371e-09	-7.00782151492e-13
5.79962628003e-09	-7.01737008345e-13
5.80068516635e-09	-7.02968824644e-13
5.80174405268e-09	-7.03881451822e-13
5.802802939e-09	-7.03217920093e-13
5.80386182532e-09	-7.02227230358e-13
5.80492071165e-09	-7.00288026352e-13
5.80597959797e-09	-6.98867396245e-13
5.80703848429e-09	-6.9621961191e-13
5.80809737061e-09	-6.98120760419e-13
5.80915625694e-09	-6.9691333867e-13
5.81021514326e-09	-6.98587509455e-13
5.81127402958e-09	-7.01318885778e-13
5.81233291591e-09	-7.00148923213e-13
5.81339180223e-09	-7.05247926031e-13
5.81445068855e-09	-7.06248482005e-13
5.81550957488e-09	-7.08834521027e-13
5.8165684612e-09	-7.08956005881e-13
5.81762734752e-09	-7.07142352487e-13
5.81868623385e-09	-7.07007423526e-13
5.81974512017e-09	-7.04534954682e-13
5.82080400649e-09	-7.04742037297e-13
5.82186289281e-09	-7.03250717209e-13
5.82292177914e-09	-7.02286482007e-13
5.82398066546e-09	-7.03605413949e-13
5.82503955178e-09	-7.0262757201e-13
5.82609843811e-09	-7.02822565771e-13
5.82715732443e-09	-7.04200532522e-13
5.82821621075e-09	-7.05925715019e-13
5.82927509708e-09	-7.07990307006e-13
5.8303339834e-09	-7.0885083827e-13
5.83139286972e-09	-7.10699077713e-13
5.83245175605e-09	-7.1180523498e-13
5.83351064237e-09	-7.12143451848e-13
5.83456952869e-09	-7.12225363322e-13
5.83562841501e-09	-7.10051104285e-13
5.83668730134e-09	-7.08492509452e-13
5.83774618766e-09	-7.08081271568e-13
5.83880507398e-09	-7.06237152093e-13
5.83986396031e-09	-7.06017655363e-13
5.84092284663e-09	-7.06882957117e-13
5.84198173295e-09	-7.07249254821e-13
5.84304061928e-09	-7.08813487505e-13
5.8440995056e-09	-7.09312491555e-13
5.84515839192e-09	-7.12210021861e-13
5.84621727824e-09	-7.13280563086e-13
5.84727616457e-09	-7.14236992033e-13
5.84833505089e-09	-7.16593993345e-13
5.84939393721e-09	-7.15181874226e-13
5.85045282354e-09	-7.15219712882e-13
5.85151170986e-09	-7.14276728042e-13
5.85257059618e-09	-7.14516661983e-13
5.85362948251e-09	-7.12092114875e-13
5.85468836883e-09	-7.11319783457e-13
5.85574725515e-09	-7.1100699113e-13
5.85680614148e-09	-7.1171551725e-13
5.8578650278e-09	-7.13021709817e-13
5.85892391412e-09	-7.12959639243e-13
5.85998280044e-09	-7.14746567054e-13
5.86104168677e-09	-7.14900903233e-13
5.86210057309e-09	-7.17156856903e-13
5.86315945941e-09	-7.18208695641e-13
5.86421834574e-09	-7.18940748948e-13
5.86527723206e-09	-7.19638758306e-13
5.86633611838e-09	-7.19379362937e-13
5.86739500471e-09	-7.20430822203e-13
5.86845389103e-09	-7.16750552139e-13
5.86951277735e-09	-7.15469458852e-13
5.87057166368e-09	-7.14319120347e-13
5.87163055e-09	-7.14317494044e-13
5.87268943632e-09	-7.14426456362e-13
5.87374832264e-09	-7.15055835723e-13
5.87480720897e-09	-7.16672001692e-13
5.87586609529e-09	-7.17973369559e-13
5.87692498161e-09	-7.19140730038e-13
5.87798386794e-09	-7.20519564151e-13
5.87904275426e-09	-7.21322144809e-13
5.88010164058e-09	-7.22769392079e-13
5.88116052691e-09	-7.22825662172e-13
5.88221941323e-09	-7.21321114817e-13
5.88327829955e-09	-7.19581295591e-13
5.88433718588e-09	-7.19802852305e-13
5.8853960722e-09	-7.18470801516e-13
5.88645495852e-09	-7.18243661161e-13
5.88751384484e-09	-7.17152086414e-13
5.88857273117e-09	-7.17209332288e-13
5.88963161749e-09	-7.19066353769e-13
5.89069050381e-09	-7.18640533366e-13
5.89174939014e-09	-7.21843049743e-13
5.89280827646e-09	-7.22678210677e-13
5.89386716278e-09	-7.24488231994e-13
5.89492604911e-09	-7.25086928433e-13
5.89598493543e-09	-7.24250412247e-13
5.89704382175e-09	-7.25448564068e-13
5.89810270807e-09	-7.24500049797e-13
5.8991615944e-09	-7.24075313596e-13
5.90022048072e-09	-7.22334193327e-13
5.90127936704e-09	-7.21091155537e-13
5.90233825337e-09	-7.20540163993e-13
5.90339713969e-09	-7.2033416558e-13
5.90445602601e-09	-7.20213656508e-13
5.90551491234e-09	-7.20756299696e-13
5.90657379866e-09	-7.22423965267e-13
5.90763268498e-09	-7.24008418322e-13
5.90869157131e-09	-7.25108829317e-13
5.90975045763e-09	-7.26527291019e-13
5.91080934395e-09	-7.2747081796e-13
5.91186823027e-09	-7.2786996699e-13
5.9129271166e-09	-7.27088745114e-13
5.91398600292e-09	-7.2732586013e-13
5.91504488924e-09	-7.26666719419e-13
5.91610377557e-09	-7.26498776502e-13
5.91716266189e-09	-7.23901136517e-13
5.91822154821e-09	-7.23220040712e-13
5.91928043454e-09	-7.22396697583e-13
5.92033932086e-09	-7.21832370352e-13
5.92139820718e-09	-7.22572500965e-13
5.92245709351e-09	-7.23650306345e-13
5.92351597983e-09	-7.27108423384e-13
5.92457486615e-09	-7.27930248631e-13
5.92563375247e-09	-7.29046976868e-13
5.9266926388e-09	-7.31200202383e-13
5.92775152512e-09	-7.30559547319e-13
5.92881041144e-09	-7.3156812639e-13
5.92986929777e-09	-7.29165859636e-13
5.93092818409e-09	-7.28342028616e-13
5.93198707041e-09	-7.2650284226e-13
5.93304595674e-09	-7.2449641772e-13
5.93410484306e-09	-7.24644140266e-13
5.93516372938e-09	-7.24440581308e-13
5.9362226157e-09	-7.26400168315e-13
5.93728150203e-09	-7.26059674622e-13
5.93834038835e-09	-7.26704937545e-13
5.93939927467e-09	-7.28060081841e-13
5.940458161e-09	-7.29206137747e-13
5.94151704732e-09	-7.29745853589e-13
5.94257593364e-09	-7.31404574492e-13
5.94363481997e-09	-7.32836480302e-13
5.94469370629e-09	-7.32064419934e-13
5.94575259261e-09	-7.32407353082e-13
5.94681147894e-09	-7.30274727408e-13
5.94787036526e-09	-7.30131721142e-13
5.94892925158e-09	-7.29395873127e-13
5.9499881379e-09	-7.28351678015e-13
5.95104702423e-09	-7.26566159667e-13
5.95210591055e-09	-7.25029303088e-13
5.95316479687e-09	-7.26776874359e-13
5.9542236832e-09	-7.27796403872e-13
5.95528256952e-09	-7.30643518777e-13
5.95634145584e-09	-7.31738075081e-13
5.95740034217e-09	-7.32483193024e-13
5.95845922849e-09	-7.34269036632e-13
5.95951811481e-09	-7.33955051683e-13
5.96057700114e-09	-7.34334739284e-13
5.96163588746e-09	-7.33553408988e-13
5.96269477378e-09	-7.33450463992e-13
5.9637536601e-09	-7.32299962856e-13
5.96481254643e-09	-7.31141872306e-13
5.96587143275e-09	-7.29330333106e-13
5.96693031907e-09	-7.28693147489e-13
5.9679892054e-09	-7.29969958178e-13
5.96904809172e-09	-7.2754562791e-13
5.97010697804e-09	-7.28023435807e-13
5.97116586437e-09	-7.29037435889e-13
5.97222475069e-09	-7.31612253418e-13
5.97328363701e-09	-7.33477514836e-13
5.97434252334e-09	-7.34730093606e-13
5.97540140966e-09	-7.37617378201e-13
5.97646029598e-09	-7.3781616667e-13
5.9775191823e-09	-7.36729579252e-13
5.97857806863e-09	-7.34248816261e-13
5.97963695495e-09	-7.33387634476e-13
5.98069584127e-09	-7.32951514152e-13
5.9817547276e-09	-7.31195160843e-13
5.98281361392e-09	-7.30474871129e-13
5.98387250024e-09	-7.28961758577e-13
5.98493138657e-09	-7.28864451432e-13
5.98599027289e-09	-7.29006861388e-13
5.98704915921e-09	-7.30228377765e-13
5.98810804553e-09	-7.31531534567e-13
5.98916693186e-09	-7.33853299309e-13
5.99022581818e-09	-7.36646691996e-13
5.9912847045e-09	-7.36853449351e-13
5.99234359083e-09	-7.37937651523e-13
5.99340247715e-09	-7.36858924572e-13
5.99446136347e-09	-7.37928273174e-13
5.9955202498e-09	-7.35980666602e-13
5.99657913612e-09	-7.35342938884e-13
5.99763802244e-09	-7.33362101515e-13
5.99869690877e-09	-7.30705318301e-13
5.99975579509e-09	-7.29040796916e-13
6.00081468141e-09	-7.28078730118e-13
6.00187356773e-09	-7.30103531885e-13
6.00293245406e-09	-7.31585365205e-13
6.00399134038e-09	-7.31930575176e-13
6.0050502267e-09	-7.34677943481e-13
6.00610911303e-09	-7.34491027027e-13
6.00716799935e-09	-7.36670652864e-13
6.00822688567e-09	-7.37723196333e-13
6.009285772e-09	-7.38103480245e-13
6.01034465832e-09	-7.38742563216e-13
6.01140354464e-09	-7.371728011e-13
6.01246243097e-09	-7.36358456849e-13
6.01352131729e-09	-7.35353943536e-13
6.01458020361e-09	-7.3277565656e-13
6.01563908993e-09	-7.31275879694e-13
6.01669797626e-09	-7.30802950707e-13
6.01775686258e-09	-7.2948710874e-13
6.0188157489e-09	-7.311590027e-13
6.01987463523e-09	-7.32389030065e-13
6.02093352155e-09	-7.33417450036e-13
6.02199240787e-09	-7.35389776418e-13
6.0230512942e-09	-7.36717978289e-13
6.02411018052e-09	-7.37895692899e-13
6.02516906684e-09	-7.39244277771e-13
6.02622795317e-09	-7.38910668763e-13
6.02728683949e-09	-7.38825016791e-13
6.02834572581e-09	-7.36321160294e-13
6.02940461213e-09	-7.35710808681e-13
6.03046349846e-09	-7.33627568417e-13
6.03152238478e-09	-7.33665515493e-13
6.0325812711e-09	-7.31668848772e-13
6.03364015743e-09	-7.29647570662e-13
6.03469904375e-09	-7.29953098834e-13
6.03575793007e-09	-7.29677223591e-13
6.0368168164e-09	-7.31423927501e-13
6.03787570272e-09	-7.34566812759e-13
6.03893458904e-09	-7.36794360332e-13
6.03999347536e-09	-7.40138744564e-13
6.04105236169e-09	-7.41225440401e-13
6.04211124801e-09	-7.40503578595e-13
6.04317013433e-09	-7.38571421903e-13
6.04422902066e-09	-7.38051655381e-13
6.04528790698e-09	-7.35573819736e-13
6.0463467933e-09	-7.35387716434e-13
6.04740567963e-09	-7.32445245948e-13
6.04846456595e-09	-7.29899701877e-13
6.04952345227e-09	-7.31317567268e-13
6.0505823386e-09	-7.31429077461e-13
6.05164122492e-09	-7.3110419628e-13
6.05270011124e-09	-7.31082729077e-13
6.05375899756e-09	-7.34411392377e-13
6.05481788389e-09	-7.36221088433e-13
6.05587677021e-09	-7.38805446942e-13
6.05693565653e-09	-7.38882750557e-13
6.05799454286e-09	-7.41220507281e-13
6.05905342918e-09	-7.42187832459e-13
6.0601123155e-09	-7.39665273475e-13
6.06117120183e-09	-7.38068514725e-13
6.06223008815e-09	-7.33345567432e-13
6.06328897447e-09	-7.3238176591e-13
6.0643478608e-09	-7.30614245319e-13
6.06540674712e-09	-7.29103951692e-13
6.06646563344e-09	-7.30515474501e-13
6.06752451976e-09	-7.30199429567e-13
6.06858340609e-09	-7.31763716462e-13
6.06964229241e-09	-7.32917090733e-13
6.07070117873e-09	-7.34803548303e-13
6.07176006506e-09	-7.36029347279e-13
6.07281895138e-09	-7.36721393526e-13
6.0738778377e-09	-7.38971275664e-13
6.07493672403e-09	-7.39851593618e-13
6.07599561035e-09	-7.40106597969e-13
6.07705449667e-09	-7.38223284585e-13
6.07811338299e-09	-7.37027030118e-13
6.07917226932e-09	-7.34122777759e-13
6.08023115564e-09	-7.3158823834e-13
6.08129004196e-09	-7.29306372238e-13
6.08234892829e-09	-7.28025062111e-13
6.08340781461e-09	-7.28262990277e-13
6.08446670093e-09	-7.28439932072e-13
6.08552558726e-09	-7.32012703491e-13
6.08658447358e-09	-7.33983078309e-13
6.0876433599e-09	-7.36644523592e-13
6.08870224623e-09	-7.3862964356e-13
6.08976113255e-09	-7.38981955056e-13
6.09082001887e-09	-7.4144444924e-13
6.09187890519e-09	-7.38991441825e-13
6.09293779152e-09	-7.37710999059e-13
6.09399667784e-09	-7.35646136021e-13
6.09505556416e-09	-7.34754162894e-13
6.09611445049e-09	-7.32554154056e-13
6.09717333681e-09	-7.30319776009e-13
6.09823222313e-09	-7.28218863249e-13
6.09929110946e-09	-7.26709816455e-13
6.10034999578e-09	-7.27441869762e-13
6.1014088821e-09	-7.28848622081e-13
6.10246776843e-09	-7.31390154603e-13
6.10352665475e-09	-7.34170699495e-13
6.10458554107e-09	-7.36248627169e-13
6.10564442739e-09	-7.38853206048e-13
6.10670331372e-09	-7.38695400421e-13
6.10776220004e-09	-7.3887456483e-13
6.10882108636e-09	-7.37355814427e-13
6.10987997269e-09	-7.36422587407e-13
6.11093885901e-09	-7.33132304864e-13
6.11199774533e-09	-7.29603606264e-13
6.11305663166e-09	-7.30094153537e-13
6.11411551798e-09	-7.27441436081e-13
6.1151744043e-09	-7.27563734086e-13
6.11623329063e-09	-7.27778135066e-13
6.11729217695e-09	-7.28281096454e-13
6.11835106327e-09	-7.30552825266e-13
6.11940994959e-09	-7.30982060906e-13
6.12046883592e-09	-7.33994028751e-13
6.12152772224e-09	-7.36471539135e-13
6.12258660856e-09	-7.37378962144e-13
6.12364549489e-09	-7.38225995091e-13
6.12470438121e-09	-7.37271897179e-13
6.12576326753e-09	-7.35248125404e-13
6.12682215386e-09	-7.32678783096e-13
6.12788104018e-09	-7.31052208786e-13
6.1289399265e-09	-7.28942730829e-13
6.12999881282e-09	-7.26340537195e-13
6.13105769915e-09	-7.24699488787e-13
6.13211658547e-09	-7.24923159695e-13
6.13317547179e-09	-7.25844460491e-13
6.13423435812e-09	-7.2751586656e-13
6.13529324444e-09	-7.29450950598e-13
6.13635213076e-09	-7.3135334594e-13
6.13741101709e-09	-7.33602577557e-13
6.13846990341e-09	-7.34297171678e-13
6.13952878973e-09	-7.37376793739e-13
6.14058767606e-09	-7.37684110845e-13
6.14164656238e-09	-7.36392338167e-13
6.1427054487e-09	-7.347123669e-13
6.14376433502e-09	-7.31184915132e-13
6.14482322135e-09	-7.28349780661e-13
6.14588210767e-09	-7.25346486433e-13
6.14694099399e-09	-7.25143794837e-13
6.14799988032e-09	-7.23561618607e-13
6.14905876664e-09	-7.23155259633e-13
6.15011765296e-09	-7.24815335789e-13
6.15117653929e-09	-7.27414439447e-13
6.15223542561e-09	-7.31208279689e-13
6.15329431193e-09	-7.32160046566e-13
6.15435319826e-09	-7.35760627771e-13
6.15541208458e-09	-7.3568554677e-13
6.1564709709e-09	-7.35512345473e-13
6.15752985722e-09	-7.33575743553e-13
6.15858874355e-09	-7.322819651e-13
6.15964762987e-09	-7.30320914421e-13
6.16070651619e-09	-7.26868272603e-13
6.16176540252e-09	-7.24703608755e-13
6.16282428884e-09	-7.22535963352e-13
6.16388317516e-09	-7.23167619537e-13
6.16494206149e-09	-7.23123438299e-13
6.16600094781e-09	-7.23616479237e-13
6.16705983413e-09	-7.25055703411e-13
6.16811872046e-09	-7.27538309545e-13
6.16917760678e-09	-7.30358590446e-13
6.1702364931e-09	-7.31264332941e-13
6.17129537942e-09	-7.33419130549e-13
6.17235426575e-09	-7.33384436079e-13
6.17341315207e-09	-7.3349442839e-13
6.17447203839e-09	-7.30966285764e-13
6.17553092472e-09	-7.28680570744e-13
6.17658981104e-09	-7.2679714894e-13
6.17764869736e-09	-7.24848024485e-13
6.17870758369e-09	-7.21780491278e-13
6.17976647001e-09	-7.20575725824e-13
6.18082535633e-09	-7.22437843055e-13
6.18188424265e-09	-7.21817679412e-13
6.18294312898e-09	-7.23055025142e-13
6.1840020153e-09	-7.255243498e-13
6.18506090162e-09	-7.26237266938e-13
6.18611978795e-09	-7.30710305631e-13
6.18717867427e-09	-7.31100509993e-13
6.18823756059e-09	-7.313885283e-13
6.18929644692e-09	-7.29755015097e-13
6.19035533324e-09	-7.2914249508e-13
6.19141421956e-09	-7.28450774094e-13
6.19247310589e-09	-7.25876498665e-13
6.19353199221e-09	-7.23367980099e-13
6.19459087853e-09	-7.20450175212e-13
6.19564976485e-09	-7.20530406173e-13
6.19670865118e-09	-7.20600011953e-13
6.1977675375e-09	-7.19457371283e-13
6.19882642382e-09	-7.21057274219e-13
6.19988531015e-09	-7.20951564507e-13
6.20094419647e-09	-7.23729886784e-13
6.20200308279e-09	-7.27128969015e-13
6.20306196912e-09	-7.27607590064e-13
6.20412085544e-09	-7.29742655192e-13
6.20517974176e-09	-7.2848416752e-13
6.20623862809e-09	-7.29379230624e-13
6.20729751441e-09	-7.26635114925e-13
6.20835640073e-09	-7.23898913903e-13
6.20941528705e-09	-7.21995705409e-13
6.21047417338e-09	-7.20649614202e-13
6.2115330597e-09	-7.19197704863e-13
6.21259194602e-09	-7.17408337597e-13
6.21365083235e-09	-7.17039437808e-13
6.21470971867e-09	-7.19094597236e-13
6.21576860499e-09	-7.19504534077e-13
6.21682749132e-09	-7.21139619374e-13
6.21788637764e-09	-7.22716049333e-13
6.21894526396e-09	-7.23976705409e-13
6.22000415028e-09	-7.26453077381e-13
6.22106303661e-09	-7.26017282317e-13
6.22212192293e-09	-7.26187068378e-13
6.22318080925e-09	-7.25912223127e-13
6.22423969558e-09	-7.24160748727e-13
6.2252985819e-09	-7.20443344739e-13
6.22635746822e-09	-7.17160976871e-13
6.22741635455e-09	-7.16458847545e-13
6.22847524087e-09	-7.15594196312e-13
6.22953412719e-09	-7.15956916149e-13
6.23059301352e-09	-7.1648633207e-13
6.23165189984e-09	-7.17377492045e-13
6.23271078616e-09	-7.19130267487e-13
6.23376967248e-09	-7.20176143113e-13
6.23482855881e-09	-7.21350713537e-13
6.23588744513e-09	-7.2265479191e-13
6.23694633145e-09	-7.22241819302e-13
6.23800521778e-09	-7.23100399003e-13
6.2390641041e-09	-7.22384662939e-13
6.24012299042e-09	-7.21354616665e-13
6.24118187675e-09	-7.19414545297e-13
6.24224076307e-09	-7.17737392956e-13
6.24329964939e-09	-7.1565800161e-13
6.24435853572e-09	-7.14009851677e-13
6.24541742204e-09	-7.12854254792e-13
6.24647630836e-09	-7.12144264999e-13
6.24753519468e-09	-7.14406073361e-13
6.24859408101e-09	-7.15913602272e-13
6.24965296733e-09	-7.18318959002e-13
6.25071185365e-09	-7.19547414273e-13
6.25177073998e-09	-7.20237021065e-13
6.2528296263e-09	-7.20348043368e-13
6.25388851262e-09	-7.21030331795e-13
6.25494739895e-09	-7.20305380012e-13
6.25600628527e-09	-7.19255004947e-13
6.25706517159e-09	-7.18184030041e-13
6.25812405792e-09	-7.15044939491e-13
6.25918294424e-09	-7.13608534243e-13
6.26024183056e-09	-7.12879408282e-13
6.26130071688e-09	-7.12961482387e-13
6.26235960321e-09	-7.10832759841e-13
6.26341848953e-09	-7.10486682508e-13
6.26447737585e-09	-7.11470053878e-13
6.26553626218e-09	-7.12617790298e-13
6.2665951485e-09	-7.15140945594e-13
6.26765403482e-09	-7.17902950628e-13
6.26871292115e-09	-7.18657013239e-13
6.26977180747e-09	-7.18212002458e-13
6.27083069379e-09	-7.1715528481e-13
6.27188958011e-09	-7.17060905011e-13
6.27294846644e-09	-7.14186251371e-13
6.27400735276e-09	-7.12033622167e-13
6.27506623908e-09	-7.11168320414e-13
6.27612512541e-09	-7.09759833371e-13
6.27718401173e-09	-7.08901199461e-13
6.27824289805e-09	-7.09017588564e-13
6.27930178438e-09	-7.08465458608e-13
6.2803606707e-09	-7.08513000873e-13
6.28141955702e-09	-7.10291417697e-13
6.28247844335e-09	-7.10851299698e-13
6.28353732967e-09	-7.12947875649e-13
6.28459621599e-09	-7.14610824942e-13
6.28565510231e-09	-7.14657825106e-13
6.28671398864e-09	-7.15441486436e-13
6.28777287496e-09	-7.15154660751e-13
6.28883176128e-09	-7.13628971454e-13
6.28989064761e-09	-7.10769279804e-13
6.29094953393e-09	-7.07579340172e-13
6.29200842025e-09	-7.07502199188e-13
6.29306730658e-09	-7.05703833044e-13
6.2941261929e-09	-7.04784971703e-13
6.29518507922e-09	-7.04492833428e-13
6.29624396555e-09	-7.06284856988e-13
6.29730285187e-09	-7.07987921761e-13
6.29836173819e-09	-7.07976862899e-13
6.29942062451e-09	-7.09047729384e-13
6.30047951084e-09	-7.09302029004e-13
6.30153839716e-09	-7.09815398733e-13
6.30259728348e-09	-7.10244200692e-13
6.30365616981e-09	-7.09710068492e-13
6.30471505613e-09	-7.09603057737e-13
6.30577394245e-09	-7.08609440656e-13
6.30683282878e-09	-7.0716896965e-13
6.3078917151e-09	-7.0500295055e-13
6.30895060142e-09	-7.02894339955e-13
6.31000948775e-09	-7.01166772213e-13
6.31106837407e-09	-7.01989898502e-13
6.31212726039e-09	-7.02521049147e-13
6.31318614671e-09	-7.03093345263e-13
6.31424503304e-09	-7.04556367675e-13
6.31530391936e-09	-7.05307828201e-13
6.31636280568e-09	-7.06885613412e-13
6.31742169201e-09	-7.06457516184e-13
6.31848057833e-09	-7.07155417123e-13
6.31953946465e-09	-7.05656236569e-13
6.32059835098e-09	-7.03959731219e-13
6.3216572373e-09	-7.02421953068e-13
6.32271612362e-09	-7.02663296472e-13
6.32377500994e-09	-7.02497034068e-13
6.32483389627e-09	-7.00939577648e-13
6.32589278259e-09	-6.99340487863e-13
6.32695166891e-09	-6.97580556687e-13
6.32801055524e-09	-6.97889120625e-13
6.32906944156e-09	-6.9868503344e-13
6.33012832788e-09	-6.99257600607e-13
6.33118721421e-09	-7.00844547327e-13
6.33224610053e-09	-7.02305618175e-13
6.33330498685e-09	-7.02826089428e-13
6.33436387318e-09	-7.03273485454e-13
6.3354227595e-09	-7.03601348191e-13
6.33648164582e-09	-7.0235820198e-13
6.33754053214e-09	-7.01248575267e-13
6.33859941847e-09	-6.9868974972e-13
6.33965830479e-09	-6.96462473197e-13
6.34071719111e-09	-6.95806042991e-13
6.34177607744e-09	-6.95681468162e-13
6.34283496376e-09	-6.96984624963e-13
6.34389385008e-09	-6.97006580057e-13
6.34495273641e-09	-6.9607004622e-13
6.34601162273e-09	-6.95381577841e-13
6.34707050905e-09	-6.94979338835e-13
6.34812939538e-09	-6.94735827027e-13
6.3491882817e-09	-6.9589006866e-13
6.35024716802e-09	-6.98945350382e-13
6.35130605434e-09	-7.00193050242e-13
6.35236494067e-09	-6.9998775656e-13
6.35342382699e-09	-6.98339552418e-13
6.35448271331e-09	-6.96006132502e-13
6.35554159964e-09	-6.94397284898e-13
6.35660048596e-09	-6.91819973704e-13
6.35765937228e-09	-6.90525761571e-13
6.35871825861e-09	-6.89771319489e-13
6.35977714493e-09	-6.90426773912e-13
6.36083603125e-09	-6.92026188957e-13
6.36189491757e-09	-6.93078624006e-13
6.3629538039e-09	-6.93776145474e-13
6.36401269022e-09	-6.9341987664e-13
6.36507157654e-09	-6.94427642559e-13
6.36613046287e-09	-6.92999585668e-13
6.36718934919e-09	-6.91152538847e-13
6.36824823551e-09	-6.93036123281e-13
6.36930712184e-09	-6.9327025674e-13
6.37036600816e-09	-6.92929600418e-13
6.37142489448e-09	-6.91876243797e-13
6.37248378081e-09	-6.89670813948e-13
6.37354266713e-09	-6.86429212082e-13
6.37460155345e-09	-6.86708285721e-13
6.37566043977e-09	-6.86742871771e-13
6.3767193261e-09	-6.87309855297e-13
6.37777821242e-09	-6.87824959749e-13
6.37883709874e-09	-6.8790025759e-13
6.37989598507e-09	-6.88466048494e-13
6.38095487139e-09	-6.89734998716e-13
6.38201375771e-09	-6.89678023892e-13
6.38307264404e-09	-6.89308744632e-13
6.38413153036e-09	-6.89381386178e-13
6.38519041668e-09	-6.88198087927e-13
6.38624930301e-09	-6.86275851685e-13
6.38730818933e-09	-6.85729955891e-13
6.38836707565e-09	-6.84882001372e-13
6.38942596197e-09	-6.8398785984e-13
6.3904848483e-09	-6.84322444631e-13
6.39154373462e-09	-6.83180725533e-13
6.39260262094e-09	-6.83457413928e-13
6.39366150727e-09	-6.8327906267e-13
6.39472039359e-09	-6.83557377368e-13
6.39577927991e-09	-6.84194129304e-13
6.39683816624e-09	-6.8490108333e-13
6.39789705256e-09	-6.85188884797e-13
6.39895593888e-09	-6.85419223549e-13
6.40001482521e-09	-6.84340279757e-13
6.40107371153e-09	-6.82434469178e-13
6.40213259785e-09	-6.82200118878e-13
6.40319148417e-09	-6.79916301212e-13
6.4042503705e-09	-6.79745918841e-13
6.40530925682e-09	-6.79202245661e-13
6.40636814314e-09	-6.79753779306e-13
6.40742702947e-09	-6.79471886741e-13
6.40848591579e-09	-6.78898235372e-13
6.40954480211e-09	-6.78624908004e-13
6.41060368844e-09	-6.78416524347e-13
6.41166257476e-09	-6.78260724495e-13
6.41272146108e-09	-6.77753155248e-13
6.4137803474e-09	-6.77551656274e-13
6.41483923373e-09	-6.79636360211e-13
6.41589812005e-09	-6.79589522677e-13
6.41695700637e-09	-6.79484626117e-13
6.4180158927e-09	-6.78260236604e-13
6.41907477902e-09	-6.76811471451e-13
6.42013366534e-09	-6.75495846324e-13
6.42119255167e-09	-6.73603208802e-13
6.42225143799e-09	-6.72503177278e-13
6.42331032431e-09	-6.73378562112e-13
6.42436921064e-09	-6.73911881161e-13
6.42542809696e-09	-6.7428072674e-13
6.42648698328e-09	-6.76441541669e-13
6.4275458696e-09	-6.74843373457e-13
6.42860475593e-09	-6.74638513457e-13
6.42966364225e-09	-6.73281092337e-13
6.43072252857e-09	-6.7267898066e-13
6.4317814149e-09	-6.72420940543e-13
6.43284030122e-09	-6.72098010926e-13
6.43389918754e-09	-6.71197852072e-13
6.43495807387e-09	-6.72164147258e-13
6.43601696019e-09	-6.71631316101e-13
6.43707584651e-09	-6.70071853906e-13
6.43813473284e-09	-6.70559799094e-13
6.43919361916e-09	-6.69727890767e-13
6.44025250548e-09	-6.68767558692e-13
6.4413113918e-09	-6.68076596648e-13
6.44237027813e-09	-6.67909141622e-13
6.44342916445e-09	-6.6903562768e-13
6.44448805077e-09	-6.68795368478e-13
6.4455469371e-09	-6.69890466883e-13
6.44660582342e-09	-6.69138355835e-13
6.44766470974e-09	-6.69162804594e-13
6.44872359607e-09	-6.67355331153e-13
6.44978248239e-09	-6.65834087085e-13
6.45084136871e-09	-6.65849428545e-13
6.45190025504e-09	-6.66470188499e-13
6.45295914136e-09	-6.66980793512e-13
6.45401802768e-09	-6.66383614956e-13
6.455076914e-09	-6.64642928368e-13
6.45613580033e-09	-6.64440399402e-13
6.45719468665e-09	-6.64182521915e-13
6.45825357297e-09	-6.6256776541e-13
6.4593124593e-09	-6.63884312108e-13
6.46037134562e-09	-6.63349041495e-13
6.46143023194e-09	-6.63771446661e-13
6.46248911827e-09	-6.63222406681e-13
6.46354800459e-09	-6.62877738811e-13
6.46460689091e-09	-6.61904667361e-13
6.46566577723e-09	-6.61853221968e-13
6.46672466356e-09	-6.61010146358e-13
6.46778354988e-09	-6.59083356468e-13
6.4688424362e-09	-6.58741453313e-13
6.46990132253e-09	-6.58609234858e-13
6.47096020885e-09	-6.59346221284e-13
6.47201909517e-09	-6.60462299001e-13
6.4730779815e-09	-6.59492968048e-13
6.47413686782e-09	-6.59129868741e-13
6.47519575414e-09	-6.58812902236e-13
6.47625464047e-09	-6.58406326421e-13
6.47731352679e-09	-6.5781191258e-13
6.47837241311e-09	-6.57419377183e-13
6.47943129943e-09	-6.56364123209e-13
6.48049018576e-09	-6.56672361887e-13
6.48154907208e-09	-6.56127225034e-13
6.4826079584e-09	-6.55640255628e-13
6.48366684473e-09	-6.5558615394e-13
6.48472573105e-09	-6.54542446719e-13
6.48578461737e-09	-6.54063391989e-13
6.4868435037e-09	-6.5267138482e-13
6.48790239002e-09	-6.51457945748e-13
6.48896127634e-09	-6.5270656718e-13
6.49002016267e-09	-6.52976858782e-13
6.49107904899e-09	-6.53246825123e-13
6.49213793531e-09	-6.5217270603e-13
6.49319682163e-09	-6.51686061885e-13
6.49425570796e-09	-6.5103976897e-13
6.49531459428e-09	-6.50847919396e-13
6.4963734806e-09	-6.50065233847e-13
6.49743236693e-09	-6.49828064622e-13
6.49849125325e-09	-6.49902874572e-13
6.49955013957e-09	-6.48103749487e-13
6.5006090259e-09	-6.48240196331e-13
6.50166791222e-09	-6.48562095956e-13
6.50272679854e-09	-6.46971462948e-13
6.50378568486e-09	-6.46306521756e-13
6.50484457119e-09	-6.46244451181e-13
6.50590345751e-09	-6.46452563789e-13
6.50696234383e-09	-6.45256309321e-13
6.50802123016e-09	-6.45288781177e-13
6.50908011648e-09	-6.45528660907e-13
6.5101390028e-09	-6.44802082821e-13
6.51119788913e-09	-6.44725212887e-13
6.51225677545e-09	-6.43251727925e-13
6.51331566177e-09	-6.43236332254e-13
6.5143745481e-09	-6.43016130793e-13
6.51543343442e-09	-6.41994161825e-13
6.51649232074e-09	-6.42493816396e-13
6.51755120706e-09	-6.41224920384e-13
6.51861009339e-09	-6.40812273037e-13
6.51966897971e-09	-6.40095019089e-13
6.52072786603e-09	-6.41001954207e-13
6.52178675236e-09	-6.4088361354e-13
6.52284563868e-09	-6.40038369526e-13
6.523904525e-09	-6.40290283901e-13
6.52496341133e-09	-6.40439090649e-13
6.52602229765e-09	-6.39395058167e-13
6.52708118397e-09	-6.39470410218e-13
6.5281400703e-09	-6.3836365664e-13
6.52919895662e-09	-6.37821555554e-13
6.53025784294e-09	-6.35864679053e-13
6.53131672926e-09	-6.34946847704e-13
6.53237561559e-09	-6.3357755457e-13
6.53343450191e-09	-6.32911800226e-13
6.53449338823e-09	-6.34343814455e-13
6.53555227456e-09	-6.34173432084e-13
6.53661116088e-09	-6.34493325935e-13
6.5376700472e-09	-6.33498136761e-13
6.53872893353e-09	-6.32981785476e-13
6.53978781985e-09	-6.31497133231e-13
6.54084670617e-09	-6.3088244481e-13
6.5419055925e-09	-6.31530689289e-13
6.54296447882e-09	-6.30799449133e-13
6.54402336514e-09	-6.31538441334e-13
6.54508225146e-09	-6.30422526248e-13
6.54614113779e-09	-6.29436607003e-13
6.54720002411e-09	-6.28736375029e-13
6.54825891043e-09	-6.28029475213e-13
6.54931779676e-09	-6.26553008694e-13
6.55037668308e-09	-6.25209411152e-13
6.5514355694e-09	-6.25655289296e-13
6.55249445573e-09	-6.26557453923e-13
6.55355334205e-09	-6.26817879285e-13
6.55461222837e-09	-6.27244296e-13
6.55567111469e-09	-6.26770770701e-13
6.55673000102e-09	-6.2606148564e-13
6.55778888734e-09	-6.25101424616e-13
6.55884777366e-09	-6.23833287545e-13
6.55990665999e-09	-6.22874039673e-13
6.56096554631e-09	-6.22420897375e-13
6.56202443263e-09	-6.21665316881e-13
6.56308331896e-09	-6.21711449683e-13
6.56414220528e-09	-6.21970628212e-13
6.5652010916e-09	-6.20982920033e-13
6.56625997793e-09	-6.20569351115e-13
6.56731886425e-09	-6.19417765777e-13
6.56837775057e-09	-6.18917406475e-13
6.56943663689e-09	-6.19057160135e-13
6.57049552322e-09	-6.18178089013e-13
6.57155440954e-09	-6.19072067914e-13
6.57261329586e-09	-6.19192685406e-13
6.57367218219e-09	-6.19107033435e-13
6.57473106851e-09	-6.18920984342e-13
6.57578995483e-09	-6.18018114983e-13
6.57684884116e-09	-6.16605453762e-13
6.57790772748e-09	-6.1550645223e-13
6.5789666138e-09	-6.14733795552e-13
6.58002550013e-09	-6.14475863855e-13
6.58108438645e-09	-6.14729025062e-13
6.58214327277e-09	-6.13043307524e-13
6.58320215909e-09	-6.12624968116e-13
6.58426104542e-09	-6.12422927041e-13
6.58531993174e-09	-6.12263224061e-13
6.58637881806e-09	-6.12883875595e-13
6.58743770439e-09	-6.10609436277e-13
6.58849659071e-09	-6.11322190786e-13
6.58955547703e-09	-6.11108548747e-13
6.59061436336e-09	-6.12215356535e-13
6.59167324968e-09	-6.1178872298e-13
6.592732136e-09	-6.10620278299e-13
6.59379102233e-09	-6.09559061213e-13
6.59484990865e-09	-6.08440381411e-13
6.59590879497e-09	-6.07561960811e-13
6.59696768129e-09	-6.05402826395e-13
6.59802656762e-09	-6.05273697916e-13
6.59908545394e-09	-6.04626700269e-13
6.60014434026e-09	-6.05678972688e-13
6.60120322659e-09	-6.05572775085e-13
6.60226211291e-09	-6.04960038227e-13
6.60332099923e-09	-6.04894389786e-13
6.60437988556e-09	-6.0481171937e-13
6.60543877188e-09	-6.03519946692e-13
6.6064976582e-09	-6.02958709437e-13
6.60755654452e-09	-6.02102514981e-13
6.60861543085e-09	-6.01610883506e-13
6.60967431717e-09	-6.01690518156e-13
6.61073320349e-09	-6.01194387242e-13
6.61179208982e-09	-6.00072563254e-13
6.61285097614e-09	-6.00248366636e-13
6.61390986246e-09	-5.98553108119e-13
6.61496874879e-09	-5.96521096408e-13
6.61602763511e-09	-5.97512274034e-13
6.61708652143e-09	-5.97461045481e-13
6.61814540776e-09	-5.97636740443e-13
6.61920429408e-09	-5.97858297157e-13
6.6202631804e-09	-5.97896677914e-13
6.62132206672e-09	-5.98320600963e-13
6.62238095305e-09	-5.97594673399e-13
6.62343983937e-09	-5.98052044085e-13
6.62449872569e-09	-5.96845760748e-13
6.62555761202e-09	-5.94779705088e-13
6.62661649834e-09	-5.94652202913e-13
6.62767538466e-09	-5.93185765264e-13
6.62873427099e-09	-5.91976717212e-13
6.62979315731e-09	-5.91969507267e-13
6.63085204363e-09	-5.8901147848e-13
6.63191092996e-09	-5.88580453906e-13
6.63296981628e-09	-5.88678248942e-13
6.6340287026e-09	-5.88651631779e-13
6.63508758892e-09	-5.88603167942e-13
6.63614647525e-09	-5.88523533292e-13
6.63720536157e-09	-5.88731049588e-13
6.63826424789e-09	-5.88120426925e-13
6.63932313422e-09	-5.88467046359e-13
6.64038202054e-09	-5.86435305698e-13
6.64144090686e-09	-5.86175259807e-13
6.64249979319e-09	-5.85225769754e-13
6.64355867951e-09	-5.84307342094e-13
6.64461756583e-09	-5.83529969136e-13
6.64567645215e-09	-5.83029230363e-13
6.64673533848e-09	-5.82030138061e-13
6.6477942248e-09	-5.81329092936e-13
6.64885311112e-09	-5.79559891831e-13
6.64991199745e-09	-5.79177331095e-13
6.65097088377e-09	-5.79099160118e-13
6.65202977009e-09	-5.7838125565e-13
6.65308865642e-09	-5.78457637693e-13
6.65414754274e-09	-5.79336871444e-13
6.65520642906e-09	-5.80219195172e-13
6.65626531539e-09	-5.78427551082e-13
6.65732420171e-09	-5.79356441294e-13
6.65838308803e-09	-5.77971427228e-13
6.65944197435e-09	-5.76142595004e-13
6.66050086068e-09	-5.73856988404e-13
6.661559747e-09	-5.73035271578e-13
6.66261863332e-09	-5.72959160585e-13
6.66367751965e-09	-5.72902565232e-13
6.66473640597e-09	-5.71824759852e-13
6.66579529229e-09	-5.71129623629e-13
6.66685417862e-09	-5.71674760481e-13
6.66791306494e-09	-5.72273294291e-13
6.66897195126e-09	-5.7068103498e-13
6.67003083759e-09	-5.70412586522e-13
6.67108972391e-09	-5.7009692106e-13
6.67214861023e-09	-5.70038590983e-13
6.67320749655e-09	-5.70999736209e-13
6.67426638288e-09	-5.71033888577e-13
6.6753252692e-09	-5.69874171723e-13
6.67638415552e-09	-5.68134840388e-13
6.67744304185e-09	-5.66373174488e-13
6.67850192817e-09	-5.64679596485e-13
6.67956081449e-09	-5.62676966652e-13
6.68061970082e-09	-5.62733074114e-13
6.68167858714e-09	-5.62602319332e-13
6.68273747346e-09	-5.61859369794e-13
6.68379635979e-09	-5.62010128106e-13
6.68485524611e-09	-5.61938733393e-13
6.68591413243e-09	-5.62169234775e-13
6.68697301875e-09	-5.62205989228e-13
6.68803190508e-09	-5.61659117652e-13
6.6890907914e-09	-5.61153391549e-13
6.69014967772e-09	-5.6050032237e-13
6.69120856405e-09	-5.59228553222e-13
6.69226745037e-09	-5.58128359068e-13
6.69332633669e-09	-5.5811963124e-13
6.69438522302e-09	-5.56395695576e-13
6.69544410934e-09	-5.55627213076e-13
6.69650299566e-09	-5.53937863461e-13
6.69756188198e-09	-5.52777604506e-13
6.69862076831e-09	-5.51911652231e-13
6.69967965463e-09	-5.5254021844e-13
6.70073854095e-09	-5.52127679514e-13
6.70179742728e-09	-5.53049413991e-13
6.7028563136e-09	-5.53691749568e-13
6.70391519992e-09	-5.53037162506e-13
6.70497408625e-09	-5.52350699901e-13
6.70603297257e-09	-5.52587977546e-13
6.70709185889e-09	-5.51550396067e-13
6.70815074522e-09	-5.51047380469e-13
6.70920963154e-09	-5.49162494992e-13
6.71026851786e-09	-5.47300540391e-13
6.71132740418e-09	-5.46978423926e-13
6.71238629051e-09	-5.45789542034e-13
6.71344517683e-09	-5.44732228075e-13
6.71450406315e-09	-5.44627060464e-13
6.71556294948e-09	-5.44216093631e-13
6.7166218358e-09	-5.44009119436e-13
6.71768072212e-09	-5.44247914964e-13
6.71873960845e-09	-5.44103607655e-13
6.71979849477e-09	-5.44675470091e-13
6.72085738109e-09	-5.45417498058e-13
6.72191626742e-09	-5.43996867951e-13
6.72297515374e-09	-5.42742012357e-13
6.72403404006e-09	-5.41180761229e-13
6.72509292638e-09	-5.40943592003e-13
6.72615181271e-09	-5.38921609162e-13
6.72721069903e-09	-5.38078858813e-13
6.72826958535e-09	-5.36727834486e-13
6.72932847168e-09	-5.35626230869e-13
6.730387358e-09	-5.3472363256e-13
6.73144624432e-09	-5.34186844064e-13
6.73250513065e-09	-5.34310497322e-13
6.73356401697e-09	-5.35375509116e-13
6.73462290329e-09	-5.33262832763e-13
6.73568178962e-09	-5.34061401873e-13
6.73674067594e-09	-5.33729039697e-13
6.73779956226e-09	-5.34151932755e-13
6.73885844858e-09	-5.33610265349e-13
6.73991733491e-09	-5.32501397577e-13
6.74097622123e-09	-5.30590003357e-13
6.74203510755e-09	-5.28904014769e-13
6.74309399388e-09	-5.27525776967e-13
6.7441528802e-09	-5.26103520557e-13
6.74521176652e-09	-5.25340242228e-13
6.74627065285e-09	-5.25354553697e-13
6.74732953917e-09	-5.24488818262e-13
6.74838842549e-09	-5.24463447931e-13
6.74944731181e-09	-5.25120528658e-13
6.75050619814e-09	-5.24689287244e-13
6.75156508446e-09	-5.25492247373e-13
6.75262397078e-09	-5.24309924903e-13
6.75368285711e-09	-5.23412856026e-13
6.75474174343e-09	-5.23218187526e-13
6.75580062975e-09	-5.22453391313e-13
6.75685951608e-09	-5.21677156768e-13
6.7579184024e-09	-5.20590623561e-13
6.75897728872e-09	-5.18834432882e-13
6.76003617505e-09	-5.18019654949e-13
6.76109506137e-09	-5.15768417558e-13
6.76215394769e-09	-5.13798639051e-13
6.76321283401e-09	-5.14480981689e-13
6.76427172034e-09	-5.1399254861e-13
6.76533060666e-09	-5.14818764875e-13
6.76638949298e-09	-5.14396305499e-13
6.76744837931e-09	-5.15758009217e-13
6.76850726563e-09	-5.14515134057e-13
6.76956615195e-09	-5.13471209995e-13
6.77062503828e-09	-5.1374329053e-13
6.7716839246e-09	-5.11938039703e-13
6.77274281092e-09	-5.11413882163e-13
6.77380169725e-09	-5.08993129762e-13
6.77486058357e-09	-5.07785870643e-13
6.77591946989e-09	-5.07740388362e-13
6.77697835621e-09	-5.05555883615e-13
6.77803724254e-09	-5.05425996195e-13
6.77909612886e-09	-5.03590658757e-13
6.78015501518e-09	-5.0222987661e-13
6.78121390151e-09	-5.02688548339e-13
6.78227278783e-09	-5.02599426921e-13
6.78333167415e-09	-5.0313805856e-13
6.78439056048e-09	-5.03353923213e-13
6.7854494468e-09	-5.03079077962e-13
6.78650833312e-09	-5.02190574281e-13
6.78756721944e-09	-5.0015362945e-13
6.78862610577e-09	-5.0061300591e-13
6.78968499209e-09	-4.99575044961e-13
6.79074387841e-09	-4.97343323209e-13
6.79180276474e-09	-4.96038648524e-13
6.79286165106e-09	-4.95149006432e-13
6.79392053738e-09	-4.95321828258e-13
6.79497942371e-09	-4.93672919384e-13
6.79603831003e-09	-4.92875813947e-13
6.79709719635e-09	-4.93032426951e-13
6.79815608268e-09	-4.92250229293e-13
6.799214969e-09	-4.91932558057e-13
6.80027385532e-09	-4.92747932301e-13
6.80133274164e-09	-4.92981848919e-13
6.80239162797e-09	-4.92528977672e-13
6.80345051429e-09	-4.92257385028e-13
6.80450940061e-09	-4.90612812962e-13
6.80556828694e-09	-4.89384520321e-13
6.80662717326e-09	-4.88090850289e-13
6.80768605958e-09	-4.8660896276e-13
6.80874494591e-09	-4.85598811596e-13
6.80980383223e-09	-4.83184618618e-13
6.81086271855e-09	-4.83079505217e-13
6.81192160488e-09	-4.82064637774e-13
6.8129804912e-09	-4.8246178103e-13
6.81403937752e-09	-4.81750652825e-13
6.81509826384e-09	-4.82318991604e-13
6.81615715017e-09	-4.81958657012e-13
6.81721603649e-09	-4.8144393203e-13
6.81827492281e-09	-4.81269809161e-13
6.81933380914e-09	-4.80402826894e-13
6.82039269546e-09	-4.80337557923e-13
6.82145158178e-09	-4.79848365903e-13
6.82251046811e-09	-4.76781483218e-13
6.82356935443e-09	-4.76410198184e-13
6.82462824075e-09	-4.74408598343e-13
6.82568712708e-09	-4.73792934139e-13
6.8267460134e-09	-4.72707105664e-13
6.82780489972e-09	-4.71659766365e-13
6.82886378604e-09	-4.71985894378e-13
6.82992267237e-09	-4.72158933045e-13
6.83098155869e-09	-4.717420031e-13
6.83204044501e-09	-4.71337487269e-13
6.83309933134e-09	-4.7129780547e-13
6.83415821766e-09	-4.70415427532e-13
6.83521710398e-09	-4.70071627023e-13
6.83627599031e-09	-4.69080991498e-13
6.83733487663e-09	-4.68338963531e-13
6.83839376295e-09	-4.66540001076e-13
6.83945264927e-09	-4.66000827336e-13
6.8405115356e-09	-4.65577825858e-13
6.84157042192e-09	-4.63744006304e-13
6.84262930824e-09	-4.62138140256e-13
6.84368819457e-09	-4.61373777724e-13
6.84474708089e-09	-4.60619173012e-13
6.84580596721e-09	-4.60328281569e-13
6.84686485354e-09	-4.60057447867e-13
6.84792373986e-09	-4.60148087168e-13
6.84898262618e-09	-4.6083742291e-13
6.85004151251e-09	-4.5995943599e-13
6.85110039883e-09	-4.59239525748e-13
6.85215928515e-09	-4.58943213294e-13
6.85321817147e-09	-4.57355616053e-13
6.8542770578e-09	-4.55902568301e-13
6.85533594412e-09	-4.54544632185e-13
6.85639483044e-09	-4.53354937141e-13
6.85745371677e-09	-4.52191344265e-13
6.85851260309e-09	-4.50452256875e-13
6.85957148941e-09	-4.49792736694e-13
6.86063037574e-09	-4.48250242263e-13
6.86168926206e-09	-4.48935756191e-13
6.86274814838e-09	-4.47918720343e-13
6.86380703471e-09	-4.47890775033e-13
6.86486592103e-09	-4.49076702474e-13
6.86592480735e-09	-4.48433987426e-13
6.86698369367e-09	-4.4784946693e-13
6.86804258e-09	-4.47027560368e-13
6.86910146632e-09	-4.44774398518e-13
6.87016035264e-09	-4.44936703583e-13
6.87121923897e-09	-4.4292656565e-13
6.87227812529e-09	-4.4232748974e-13
6.87333701161e-09	-4.41788316e-13
6.87439589794e-09	-4.40064271915e-13
6.87545478426e-09	-4.38595747177e-13
6.87651367058e-09	-4.3785355658e-13
6.87757255691e-09	-4.37330130876e-13
6.87863144323e-09	-4.3654096722e-13
6.87969032955e-09	-4.36747670364e-13
6.88074921587e-09	-4.37014140153e-13
6.8818081022e-09	-4.35613920153e-13
6.88286698852e-09	-4.36060421712e-13
6.88392587484e-09	-4.34061423957e-13
6.88498476117e-09	-4.33885945835e-13
6.88604364749e-09	-4.33826314716e-13
6.88710253381e-09	-4.32008676879e-13
6.88816142014e-09	-4.31578465456e-13
6.88922030646e-09	-4.29277137925e-13
6.89027919278e-09	-4.28806594182e-13
6.8913380791e-09	-4.2821158403e-13
6.89239696543e-09	-4.27946903175e-13
6.89345585175e-09	-4.26052666454e-13
6.89451473807e-09	-4.25041105827e-13
6.8955736244e-09	-4.24814019682e-13
6.89663251072e-09	-4.23963327553e-13
6.89769139704e-09	-4.24365566559e-13
6.89875028337e-09	-4.239893213e-13
6.89980916969e-09	-4.2417911089e-13
6.90086805601e-09	-4.23413609946e-13
6.90192694234e-09	-4.22490438901e-13
6.90298582866e-09	-4.21879219926e-13
6.90404471498e-09	-4.21167956196e-13
6.9051036013e-09	-4.20271835996e-13
6.90616248763e-09	-4.17518829839e-13
6.90722137395e-09	-4.16177400701e-13
6.90828026027e-09	-4.15343920281e-13
6.9093391466e-09	-4.13997124343e-13
6.91039803292e-09	-4.14488891343e-13
6.91145691924e-09	-4.12996893628e-13
6.91251580557e-09	-4.12192632457e-13
6.91357469189e-09	-4.12573810836e-13
6.91463357821e-09	-4.119424257e-13
6.91569246454e-09	-4.1193234262e-13
6.91675135086e-09	-4.11383275535e-13
6.91781023718e-09	-4.10617991432e-13
6.9188691235e-09	-4.0831151394e-13
6.91992800983e-09	-4.07431548352e-13
6.92098689615e-09	-4.0640258628e-13
6.92204578247e-09	-4.05954404207e-13
6.9231046688e-09	-4.0474565431e-13
6.92416355512e-09	-4.0411456733e-13
6.92522244144e-09	-4.03643129121e-13
6.92628132777e-09	-4.01680262403e-13
6.92734021409e-09	-4.00911481747e-13
6.92839910041e-09	-3.99246418261e-13
6.92945798673e-09	-4.00469398311e-13
6.93051687306e-09	-3.99948683113e-13
6.93157575938e-09	-4.00246974236e-13
6.9326346457e-09	-3.98782488151e-13
6.93369353203e-09	-3.98633220617e-13
6.93475241835e-09	-3.96947448869e-13
6.93581130467e-09	-3.97446452919e-13
6.936870191e-09	-3.95781579168e-13
6.93792907732e-09	-3.95186975592e-13
6.93898796364e-09	-3.94838513013e-13
6.94004684997e-09	-3.92400359168e-13
6.94110573629e-09	-3.91728533292e-13
6.94216462261e-09	-3.91500579785e-13
6.94322350893e-09	-3.90736759354e-13
6.94428239526e-09	-3.90565672252e-13
6.94534128158e-09	-3.88686614361e-13
6.9464001679e-09	-3.88835665055e-13
6.94745905423e-09	-3.87615531035e-13
6.94851794055e-09	-3.87875766662e-13
6.94957682687e-09	-3.87397335348e-13
6.9506357132e-09	-3.86590065515e-13
6.95169459952e-09	-3.85864571632e-13
6.95275348584e-09	-3.83292329082e-13
6.95381237217e-09	-3.82939882061e-13
6.95487125849e-09	-3.81781330725e-13
6.95593014481e-09	-3.80567864548e-13
6.95698903113e-09	-3.79133275339e-13
6.95804791746e-09	-3.77970820874e-13
6.95910680378e-09	-3.78749061194e-13
6.9601656901e-09	-3.78008469795e-13
6.96122457643e-09	-3.78151448956e-13
6.96228346275e-09	-3.76548022363e-13
6.96334234907e-09	-3.76395204067e-13
6.9644012354e-09	-3.75777290144e-13
6.96546012172e-09	-3.74229727068e-13
6.96651900804e-09	-3.74354843999e-13
6.96757789437e-09	-3.73299318974e-13
6.96863678069e-09	-3.72776381161e-13
6.96969566701e-09	-3.71753951407e-13
6.97075455333e-09	-3.70581847544e-13
6.97181343966e-09	-3.69469293484e-13
6.97287232598e-09	-3.68993572676e-13
6.9739312123e-09	-3.67545620675e-13
6.97499009863e-09	-3.66545850746e-13
6.97604898495e-09	-3.66044325927e-13
6.97710787127e-09	-3.6518287309e-13
6.9781667576e-09	-3.64593229739e-13
6.97922564392e-09	-3.63178616954e-13
6.98028453024e-09	-3.63254402686e-13
6.98134341656e-09	-3.62586642568e-13
6.98240230289e-09	-3.62920902098e-13
6.98346118921e-09	-3.61719416355e-13
6.98452007553e-09	-3.59572126848e-13
6.98557896186e-09	-3.59436899732e-13
6.98663784818e-09	-3.57764002885e-13
6.9876967345e-09	-3.5675620986e-13
6.98875562083e-09	-3.55891910993e-13
6.98981450715e-09	-3.53770289972e-13
6.99087339347e-09	-3.53626307924e-13
6.9919322798e-09	-3.51866458062e-13
6.99299116612e-09	-3.51339210546e-13
6.99405005244e-09	-3.51666449867e-13
6.99510893876e-09	-3.51149610691e-13
6.99616782509e-09	-3.49809509701e-13
6.99722671141e-09	-3.48709396861e-13
6.99828559773e-09	-3.47310206853e-13
6.99934448406e-09	-3.45563801098e-13
7.00040337038e-09	-3.46464068372e-13
7.0014622567e-09	-3.45107297774e-13
7.00252114303e-09	-3.44801634076e-13
7.00358002935e-09	-3.4319416883e-13
7.00463891567e-09	-3.41452533565e-13
7.005697802e-09	-3.40735225408e-13
7.00675668832e-09	-3.40868202805e-13
7.00781557464e-09	-3.40348653123e-13
7.00887446096e-09	-3.38881754689e-13
7.00993334729e-09	-3.38269261777e-13
7.01099223361e-09	-3.374172415e-13
7.01205111993e-09	-3.36660874959e-13
7.01311000626e-09	-3.37685500222e-13
7.01416889258e-09	-3.36972230718e-13
7.0152277789e-09	-3.36018674907e-13
7.01628666523e-09	-3.34455472215e-13
7.01734555155e-09	-3.32927099517e-13
7.01840443787e-09	-3.32332794097e-13
7.0194633242e-09	-3.30094025031e-13
7.02052221052e-09	-3.29849293495e-13
7.02158109684e-09	-3.29426779909e-13
7.02263998316e-09	-3.29354815989e-13
7.02369886949e-09	-3.28189244444e-13
7.02475775581e-09	-3.27122579242e-13
7.02581664213e-09	-3.26983855574e-13
7.02687552846e-09	-3.26032928953e-13
7.02793441478e-09	-3.26222691438e-13
7.0289933011e-09	-3.24951274656e-13
7.03005218743e-09	-3.24558603734e-13
7.03111107375e-09	-3.22965477062e-13
7.03216996007e-09	-3.22314549182e-13
7.03322884639e-09	-3.21184756309e-13
7.03428773272e-09	-3.20775876564e-13
7.03534661904e-09	-3.20325715822e-13
7.03640550536e-09	-3.18147472343e-13
7.03746439169e-09	-3.17418346382e-13
7.03852327801e-09	-3.15669989063e-13
7.03958216433e-09	-3.1605528741e-13
7.04064105066e-09	-3.14496529947e-13
7.04169993698e-09	-3.13477135959e-13
7.0427588233e-09	-3.12891937837e-13
7.04381770963e-09	-3.1195781635e-13
7.04487659595e-09	-3.11619518167e-13
7.04593548227e-09	-3.1125904805e-13
7.04699436859e-09	-3.12064989735e-13
7.04805325492e-09	-3.09532943981e-13
7.04911214124e-09	-3.08959346822e-13
7.05017102756e-09	-3.07669281762e-13
7.05122991389e-09	-3.06671626028e-13
7.05228880021e-09	-3.05103490215e-13
7.05334768653e-09	-3.0461690028e-13
7.05440657286e-09	-3.03935208164e-13
7.05546545918e-09	-3.02288630325e-13
7.0565243455e-09	-3.03192773622e-13
7.05758323183e-09	-3.02091901841e-13
7.05864211815e-09	-3.00865371028e-13
7.05970100447e-09	-2.99252728717e-13
7.06075989079e-09	-2.98033706004e-13
7.06181877712e-09	-2.96833331569e-13
7.06287766344e-09	-2.97112947309e-13
7.06393654976e-09	-2.97003849466e-13
7.06499543609e-09	-2.96810210958e-13
7.06605432241e-09	-2.95790410394e-13
7.06711320873e-09	-2.93793987619e-13
7.06817209506e-09	-2.92796846881e-13
7.06923098138e-09	-2.91535784229e-13
7.0702898677e-09	-2.91605606849e-13
7.07134875402e-09	-2.90836013042e-13
7.07240764035e-09	-2.89741212793e-13
7.07346652667e-09	-2.89206538492e-13
7.07452541299e-09	-2.87327155341e-13
7.07558429932e-09	-2.86585154479e-13
7.07664318564e-09	-2.854676673e-13
7.07770207196e-09	-2.8442734821e-13
7.07876095829e-09	-2.84620092252e-13
7.07981984461e-09	-2.82205113228e-13
7.08087873093e-09	-2.8130048204e-13
7.08193761726e-09	-2.80761958821e-13
7.08299650358e-09	-2.79882887699e-13
7.0840553899e-09	-2.80130844736e-13
7.08511427622e-09	-2.78364354137e-13
7.08617316255e-09	-2.78295209143e-13
7.08723204887e-09	-2.77408629921e-13
7.08829093519e-09	-2.76780199237e-13
7.08934982152e-09	-2.75090632782e-13
7.09040870784e-09	-2.74093166783e-13
7.09146759416e-09	-2.73889797561e-13
7.09252648049e-09	-2.72857637092e-13
7.09358536681e-09	-2.71919368532e-13
7.09464425313e-09	-2.70849260988e-13
7.09570313946e-09	-2.70002797247e-13
7.09676202578e-09	-2.69416975708e-13
7.0978209121e-09	-2.68644996656e-13
7.09887979842e-09	-2.68033642156e-13
7.09993868475e-09	-2.66488301695e-13
7.10099757107e-09	-2.66247500392e-13
7.10205645739e-09	-2.65503927437e-13
7.10311534372e-09	-2.65192490363e-13
7.10417423004e-09	-2.64002307428e-13
7.10523311636e-09	-2.62731270117e-13
7.10629200269e-09	-2.62604825038e-13
7.10735088901e-09	-2.60195538076e-13
7.10840977533e-09	-2.59755514624e-13
7.10946866166e-09	-2.59469827351e-13
7.11052754798e-09	-2.58564139067e-13
7.1115864343e-09	-2.58067682892e-13
7.11264532062e-09	-2.55685067303e-13
7.11370420695e-09	-2.55288303518e-13
7.11476309327e-09	-2.54536056945e-13
7.11582197959e-09	-2.53653055591e-13
7.11688086592e-09	-2.51586213884e-13
7.11793975224e-09	-2.51573338984e-13
7.11899863856e-09	-2.50587392633e-13
7.12005752489e-09	-2.49878297307e-13
7.12111641121e-09	-2.49061649126e-13
7.12217529753e-09	-2.49326275771e-13
7.12323418385e-09	-2.48515400966e-13
7.12429307018e-09	-2.46397601758e-13
7.1253519565e-09	-2.45621123267e-13
7.12641084282e-09	-2.44543507623e-13
7.12746972915e-09	-2.4384601326e-13
7.12852861547e-09	-2.43163020101e-13
7.12958750179e-09	-2.41462720044e-13
7.13064638812e-09	-2.41344948583e-13
7.13170527444e-09	-2.39832134187e-13
7.13276416076e-09	-2.40465335361e-13
7.13382304709e-09	-2.38766011086e-13
7.13488193341e-09	-2.37593853012e-13
7.13594081973e-09	-2.37344432302e-13
7.13699970605e-09	-2.36787884222e-13
7.13805859238e-09	-2.3655979519e-13
7.1391174787e-09	-2.35156810474e-13
7.14017636502e-09	-2.34584595672e-13
7.14123525135e-09	-2.34573970491e-13
7.14229413767e-09	-2.33665571701e-13
7.14335302399e-09	-2.32694939706e-13
7.14441191032e-09	-2.31361696294e-13
7.14547079664e-09	-2.30610181558e-13
7.14652968296e-09	-2.30766008516e-13
7.14758856929e-09	-2.28493087081e-13
7.14864745561e-09	-2.27682862798e-13
7.14970634193e-09	-2.27809958397e-13
7.15076522825e-09	-2.26701524306e-13
7.15182411458e-09	-2.27623177468e-13
7.1528830009e-09	-2.25234964685e-13
7.15394188722e-09	-2.2424304167e-13
7.15500077355e-09	-2.22778880846e-13
7.15605965987e-09	-2.21649765599e-13
7.15711854619e-09	-2.21349441597e-13
7.15817743252e-09	-2.19564397588e-13
7.15923631884e-09	-2.20022445901e-13
7.16029520516e-09	-2.1906905272e-13
7.16135409149e-09	-2.18062913104e-13
7.16241297781e-09	-2.17214348721e-13
7.16347186413e-09	-2.15660415958e-13
7.16453075045e-09	-2.15589793739e-13
7.16558963678e-09	-2.14512394935e-13
7.1666485231e-09	-2.12093973569e-13
7.16770740942e-09	-2.12189044547e-13
7.16876629575e-09	-2.12174489133e-13
7.16982518207e-09	-2.11196864034e-13
7.17088406839e-09	-2.10822448366e-13
7.17194295472e-09	-2.10113068437e-13
7.17300184104e-09	-2.08865097526e-13
7.17406072736e-09	-2.08983926085e-13
7.17511961368e-09	-2.06109855203e-13
7.17617850001e-09	-2.06071406684e-13
7.17723738633e-09	-2.04903151738e-13
7.17829627265e-09	-2.03926217818e-13
7.17935515898e-09	-2.03499828208e-13
7.1804140453e-09	-2.02888541471e-13
7.18147293162e-09	-2.01173116793e-13
7.18253181795e-09	-2.00143802356e-13
7.18359070427e-09	-1.99382570458e-13
7.18464959059e-09	-1.98934700093e-13
7.18570847692e-09	-1.97786069207e-13
7.18676736324e-09	-1.9684079399e-13
7.18782624956e-09	-1.96968540111e-13
7.18888513588e-09	-1.95239617117e-13
7.18994402221e-09	-1.94203526416e-13
7.19100290853e-09	-1.93213649832e-13
7.19206179485e-09	-1.92419173585e-13
7.19312068118e-09	-1.90641203995e-13
7.1941795675e-09	-1.89011078924e-13
7.19523845382e-09	-1.89422777594e-13
7.19629734015e-09	-1.87700847703e-13
7.19735622647e-09	-1.87657289881e-13
7.19841511279e-09	-1.87581626122e-13
7.19947399912e-09	-1.86622798378e-13
7.20053288544e-09	-1.85060734098e-13
7.20159177176e-09	-1.84204783588e-13
7.20265065808e-09	-1.82976328316e-13
7.20370954441e-09	-1.82966407867e-13
7.20476843073e-09	-1.82336323774e-13
7.20582731705e-09	-1.82125839475e-13
7.20688620338e-09	-1.81599893001e-13
7.2079450897e-09	-1.80599770707e-13
7.20900397602e-09	-1.78908659263e-13
7.21006286235e-09	-1.78271270359e-13
7.21112174867e-09	-1.77651594607e-13
7.21218063499e-09	-1.76859015714e-13
7.21323952131e-09	-1.75510200449e-13
7.21429840764e-09	-1.745001306e-13
7.21535729396e-09	-1.73231844451e-13
7.21641618028e-09	-1.72824157329e-13
7.21747506661e-09	-1.72027024787e-13
7.21853395293e-09	-1.71870723491e-13
7.21959283925e-09	-1.72039709952e-13
7.22065172558e-09	-1.70762479135e-13
7.2217106119e-09	-1.69291867308e-13
7.22276949822e-09	-1.68384959296e-13
7.22382838455e-09	-1.67548714161e-13
7.22488727087e-09	-1.65941940094e-13
7.22594615719e-09	-1.65320936194e-13
7.22700504351e-09	-1.64177102902e-13
7.22806392984e-09	-1.63829995577e-13
7.22912281616e-09	-1.62832597341e-13
7.23018170248e-09	-1.63129641631e-13
7.23124058881e-09	-1.62295985028e-13
7.23229947513e-09	-1.61230973234e-13
7.23335836145e-09	-1.59750468062e-13
7.23441724778e-09	-1.59144941149e-13
7.2354761341e-09	-1.58870637999e-13
7.23653502042e-09	-1.56932870561e-13
7.23759390675e-09	-1.56992189973e-13
7.23865279307e-09	-1.56629321058e-13
7.23971167939e-09	-1.56163046361e-13
7.24077056571e-09	-1.53976630708e-13
7.24182945204e-09	-1.52979910098e-13
7.24288833836e-09	-1.53352536832e-13
7.24394722468e-09	-1.51385645014e-13
7.24500611101e-09	-1.49916645938e-13
7.24606499733e-09	-1.48541349034e-13
7.24712388365e-09	-1.48735800694e-13
7.24818276998e-09	-1.47179442028e-13
7.2492416563e-09	-1.46557272611e-13
7.25030054262e-09	-1.45479223286e-13
7.25135942895e-09	-1.44772621625e-13
7.25241831527e-09	-1.43941770395e-13
7.25347720159e-09	-1.44045420123e-13
7.25453608791e-09	-1.43162554294e-13
7.25559497424e-09	-1.41106812107e-13
7.25665386056e-09	-1.4094975187e-13
7.25771274688e-09	-1.40373864334e-13
7.25877163321e-09	-1.386077261e-13
7.25983051953e-09	-1.36995314181e-13
7.26088940585e-09	-1.35638082797e-13
7.26194829218e-09	-1.35767387458e-13
7.2630071785e-09	-1.33743805419e-13
7.26406606482e-09	-1.33968438556e-13
7.26512495114e-09	-1.33327485337e-13
7.26618383747e-09	-1.32204712672e-13
7.26724272379e-09	-1.31822314566e-13
7.26830161011e-09	-1.30815483771e-13
7.26936049644e-09	-1.31155272732e-13
7.27041938276e-09	-1.30427258078e-13
7.27147826908e-09	-1.30760636693e-13
7.27253715541e-09	-1.29704921933e-13
7.27359604173e-09	-1.27595728579e-13
7.27465492805e-09	-1.25690568522e-13
7.27571381438e-09	-1.24106928619e-13
7.2767727007e-09	-1.22910457311e-13
7.27783158702e-09	-1.22366147163e-13
7.27889047334e-09	-1.21932208796e-13
7.27994935967e-09	-1.22212922291e-13
7.28100824599e-09	-1.21383954862e-13
7.28206713231e-09	-1.20304536732e-13
7.28312601864e-09	-1.20104352353e-13
7.28418490496e-09	-1.19505737229e-13
7.28524379128e-09	-1.19001772954e-13
7.28630267761e-09	-1.16907568695e-13
7.28736156393e-09	-1.17784634043e-13
7.28842045025e-09	-1.15335123179e-13
7.28947933658e-09	-1.14516008438e-13
7.2905382229e-09	-1.13819571173e-13
7.29159710922e-09	-1.12356392907e-13
7.29265599554e-09	-1.13506006352e-13
7.29371488187e-09	-1.1177093051e-13
7.29477376819e-09	-1.10602201226e-13
7.29583265451e-09	-1.09105785387e-13
7.29689154084e-09	-1.07624521274e-13
7.29795042716e-09	-1.08210451233e-13
7.29900931348e-09	-1.06585367702e-13
7.30006819981e-09	-1.06981230244e-13
7.30112708613e-09	-1.0732866283e-13
7.30218597245e-09	-1.06791386444e-13
7.30324485878e-09	-1.05164608846e-13
7.3043037451e-09	-1.02856328869e-13
7.30536263142e-09	-1.01889315398e-13
7.30642151774e-09	-1.02261806607e-13
7.30748040407e-09	-1.01073744643e-13
7.30853929039e-09	-9.96198498584e-14
7.30959817671e-09	-9.92960054458e-14
7.31065706304e-09	-9.70783105595e-14
7.31171594936e-09	-9.62671443754e-14
7.31277483568e-09	-9.53972618674e-14
7.31383372201e-09	-9.50313978443e-14
7.31489260833e-09	-9.46041205444e-14
7.31595149465e-09	-9.31861331805e-14
7.31701038097e-09	-9.2376010541e-14
7.3180692673e-09	-9.1737198621e-14
7.31912815362e-09	-9.16215006966e-14
7.32018703994e-09	-9.12598176282e-14
7.32124592627e-09	-9.09388124699e-14
7.32230481259e-09	-8.94689121509e-14
7.32336369891e-09	-8.71638508983e-14
7.32442258524e-09	-8.6672625999e-14
7.32548147156e-09	-8.62233868288e-14
7.32654035788e-09	-8.43469106951e-14
7.32759924421e-09	-8.37285427623e-14
7.32865813053e-09	-8.37620310569e-14
7.32971701685e-09	-8.23365288167e-14
7.33077590317e-09	-8.13808520355e-14
7.3318347895e-09	-8.02785978969e-14
7.33289367582e-09	-7.97652891546e-14
7.33395256214e-09	-8.00723013285e-14
7.33501144847e-09	-7.90237151974e-14
7.33607033479e-09	-7.69595297863e-14
7.33712922111e-09	-7.64500835142e-14
7.33818810744e-09	-7.56946249929e-14
7.33924699376e-09	-7.56940828918e-14
7.34030588008e-09	-7.38363634557e-14
7.34136476641e-09	-7.27043276386e-14
7.34242365273e-09	-7.13954855522e-14
7.34348253905e-09	-7.17368059486e-14
7.34454142537e-09	-7.05268363242e-14
7.3456003117e-09	-6.99179958179e-14
7.34665919802e-09	-7.07459535832e-14
7.34771808434e-09	-6.78100018628e-14
7.34877697067e-09	-6.72564895486e-14
7.34983585699e-09	-6.71136120311e-14
7.35089474331e-09	-6.59434258501e-14
7.35195362964e-09	-6.64091991034e-14
7.35301251596e-09	-6.59238153433e-14
7.35407140228e-09	-6.49924585721e-14
7.3551302886e-09	-6.42713963647e-14
7.35618917493e-09	-6.19889746088e-14
7.35724806125e-09	-6.21394550941e-14
7.35830694757e-09	-6.30603222093e-14
7.3593658339e-09	-6.08588022642e-14
7.36042472022e-09	-5.99455516693e-14
7.36148360654e-09	-5.87321532554e-14
7.36254249287e-09	-5.93123098379e-14
7.36360137919e-09	-5.8081787806e-14
7.36466026551e-09	-5.69840331063e-14
7.36571915184e-09	-5.6421233923e-14
7.36677803816e-09	-5.69799131381e-14
7.36783692448e-09	-5.62342869753e-14
7.3688958108e-09	-5.44761006866e-14
7.36995469713e-09	-5.28433565894e-14
7.37101358345e-09	-5.35777646478e-14
7.37207246977e-09	-5.20445774151e-14
7.3731313561e-09	-5.154204632e-14
7.37419024242e-09	-4.98708164337e-14
7.37524912874e-09	-4.9443698376e-14
7.37630801507e-09	-5.00045900412e-14
7.37736690139e-09	-4.88904469481e-14
7.37842578771e-09	-4.83033785767e-14
7.37948467404e-09	-4.77510250037e-14
7.38054356036e-09	-4.55180022092e-14
7.38160244668e-09	-4.54588623688e-14
7.382661333e-09	-4.54274611634e-14
7.38372021933e-09	-4.44837614281e-14
7.38477910565e-09	-4.33058062609e-14
7.38583799197e-09	-4.24205856802e-14
7.3868968783e-09	-4.0351257085e-14
7.38795576462e-09	-3.95322812571e-14
7.38901465094e-09	-3.82895077406e-14
7.39007353727e-09	-3.90204294115e-14
7.39113242359e-09	-3.90458471762e-14
7.39219130991e-09	-3.8030630755e-14
7.39325019624e-09	-3.43206196698e-14
7.39430908256e-09	-3.48682874566e-14
7.39536796888e-09	-3.43887990458e-14
7.3964268552e-09	-3.21534926505e-14
7.39748574153e-09	-3.30247202469e-14
7.39854462785e-09	-3.08180164602e-14
7.39960351417e-09	-3.00210533245e-14
7.4006624005e-09	-2.85645056328e-14
7.40172128682e-09	-2.91819486056e-14
7.40278017314e-09	-3.08422517669e-14
7.40383905947e-09	-2.86300117728e-14
7.40489794579e-09	-2.79778472254e-14
7.40595683211e-09	-2.49082794456e-14
7.40701571843e-09	-2.4611712882e-14
7.40807460476e-09	-2.26982705364e-14
7.40913349108e-09	-2.38518785885e-14
7.4101923774e-09	-2.51835329662e-14
7.41125126373e-09	-2.24259392794e-14
7.41231015005e-09	-2.19197456139e-14
7.41336903637e-09	-1.89230108091e-14
7.4144279227e-09	-1.98688416793e-14
7.41548680902e-09	-1.95495966556e-14
7.41654569534e-09	-1.80673838656e-14
7.41760458167e-09	-1.9345917419e-14
7.41866346799e-09	-1.64300166625e-14
7.41972235431e-09	-1.44514916933e-14
7.42078124063e-09	-1.33239815733e-14
7.42184012696e-09	-1.44558268079e-14
7.42289901328e-09	-1.4445262613e-14
7.4239578996e-09	-1.41236763902e-14
7.42501678593e-09	-1.35714922238e-14
7.42607567225e-09	-1.04877383362e-14
7.42713455857e-09	-1.04081841548e-14
7.4281934449e-09	-1.02702600859e-14
7.42925233122e-09	-1.10398064591e-14
7.43031121754e-09	-1.01597476973e-14
7.43137010387e-09	-9.17168207023e-15
7.43242899019e-09	-9.05326008794e-15
7.43348787651e-09	-6.18481774042e-15
7.43454676283e-09	-7.05290496212e-15
7.43560564916e-09	-7.14255789388e-15
7.43666453548e-09	-6.63246110051e-15
7.4377234218e-09	-5.02093517858e-15
7.43878230813e-09	-3.13179907863e-15
7.43984119445e-09	-2.20495212258e-15
7.44090008077e-09	-1.94531365436e-15
7.4419589671e-09	-1.06345960616e-15
7.44301785342e-09	-1.74656658477e-15
7.44407673974e-09	-8.95255485854e-16
7.44513562607e-09	9.79291106858e-16
7.44619451239e-09	2.38125610132e-15
7.44725339871e-09	3.25856878237e-15
7.44831228503e-09	2.35554886313e-15
7.44937117136e-09	3.02705858426e-15
7.45043005768e-09	4.20600520355e-15
7.451488944e-09	4.68246589506e-15
7.45254783033e-09	5.49424533105e-15
7.45360671665e-09	5.7744362067e-15
7.45466560297e-09	6.83424848899e-15
7.4557244893e-09	6.15493060639e-15
7.45678337562e-09	7.1516465574e-15
7.45784226194e-09	1.00172216984e-14
7.45890114826e-09	1.12768249125e-14
7.45996003459e-09	1.18841619352e-14
7.46101892091e-09	1.34061691801e-14
7.46207780723e-09	1.2555386418e-14
7.46313669356e-09	1.25784629836e-14
7.46419557988e-09	1.44793031731e-14
7.4652544662e-09	1.40686641414e-14
7.46631335253e-09	1.60803445212e-14
7.46737223885e-09	1.53264089652e-14
7.46843112517e-09	1.72202712972e-14
7.4694900115e-09	1.74090664709e-14
7.47054889782e-09	1.83797018539e-14
7.47160778414e-09	1.98686451677e-14
7.47266667046e-09	2.05730936708e-14
7.47372555679e-09	2.03702258918e-14
7.47478444311e-09	2.13018435492e-14
7.47584332943e-09	2.35202939888e-14
7.47690221576e-09	2.45158626337e-14
7.47796110208e-09	2.35627726911e-14
7.4790199884e-09	2.36185819979e-14
7.48007887473e-09	2.52138347229e-14
7.48113776105e-09	2.43489852846e-14
7.48219664737e-09	2.55815859354e-14
7.4832555337e-09	2.85766622496e-14
7.48431442002e-09	2.88412279085e-14
7.48537330634e-09	3.03509082829e-14
7.48643219266e-09	2.88979249059e-14
7.48749107899e-09	3.01290161439e-14
7.48854996531e-09	3.19275550822e-14
7.48960885163e-09	3.09227741069e-14
7.49066773796e-09	3.16950106568e-14
7.49172662428e-09	3.20921505245e-14
7.4927855106e-09	3.18290282097e-14
7.49384439693e-09	3.18007135924e-14
7.49490328325e-09	3.11537904849e-14
7.49596216957e-09	3.28931353726e-14
7.49702105589e-09	3.58385704739e-14
7.49807994222e-09	3.73296059591e-14
7.49913882854e-09	4.1106193834e-14
7.50019771486e-09	4.05336503836e-14
7.50125660119e-09	3.98790226644e-14
7.50231548751e-09	3.80685541142e-14
7.50337437383e-09	3.80749271901e-14
7.50443326016e-09	4.05779773118e-14
7.50549214648e-09	3.86572352362e-14
7.5065510328e-09	4.11160973432e-14
7.50760991913e-09	4.41806862633e-14
7.50866880545e-09	4.61132596951e-14
7.50972769177e-09	4.56107861983e-14
7.51078657809e-09	4.56509253956e-14
7.51184546442e-09	4.76114746315e-14
7.51290435074e-09	4.68324448774e-14
7.51396323706e-09	4.65184938096e-14
7.51502212339e-09	4.58099676899e-14
7.51608100971e-09	4.77291512248e-14
7.51713989603e-09	5.00499774546e-14
7.51819878236e-09	5.02555184696e-14
7.51925766868e-09	5.26628403158e-14
7.520316555e-09	5.30639747908e-14
7.52137544133e-09	5.50141461791e-14
7.52243432765e-09	5.41497083989e-14
7.52349321397e-09	5.37014822801e-14
7.52455210029e-09	5.47504173888e-14
7.52561098662e-09	5.43755985334e-14
7.52666987294e-09	5.73441034241e-14
7.52772875926e-09	5.6105890333e-14
7.52878764559e-09	5.66525315158e-14
7.52984653191e-09	5.74943196351e-14
7.53090541823e-09	5.76526673624e-14
7.53196430456e-09	5.82945489298e-14
7.53302319088e-09	5.61601444873e-14
7.5340820772e-09	5.92038150817e-14
7.53514096353e-09	6.02046421072e-14
7.53619984985e-09	6.04308812192e-14
7.53725873617e-09	6.10864508391e-14
7.53831762249e-09	6.27445551028e-14
7.53937650882e-09	6.47990572333e-14
7.54043539514e-09	6.51889024532e-14
7.54149428146e-09	6.49821518752e-14
7.54255316779e-09	6.40648897322e-14
7.54361205411e-09	6.54367239648e-14
7.54467094043e-09	6.59329632991e-14
7.54572982676e-09	6.65497591388e-14
7.54678871308e-09	6.75361120652e-14
7.5478475994e-09	6.96568792772e-14
7.54890648572e-09	6.97529531422e-14
7.54996537205e-09	6.89625087721e-14
7.55102425837e-09	7.01885787989e-14
7.55208314469e-09	6.92533798862e-14
7.55314203102e-09	7.15942536918e-14
7.55420091734e-09	7.26572122779e-14
7.55525980366e-09	7.36713004512e-14
7.55631868999e-09	7.3385233708e-14
7.55737757631e-09	7.45503851251e-14
7.55843646263e-09	7.63558324641e-14
7.55949534896e-09	7.61752179347e-14
7.56055423528e-09	7.70651649592e-14
7.5616131216e-09	7.66246603928e-14
7.56267200792e-09	7.72705670607e-14
7.56373089425e-09	7.78331121342e-14
7.56478978057e-09	7.82825071584e-14
7.56584866689e-09	7.96035939531e-14
7.56690755322e-09	7.90238439464e-14
7.56796643954e-09	7.72638856649e-14
7.56902532586e-09	8.08626847123e-14
7.57008421219e-09	8.06790005354e-14
7.57114309851e-09	8.21347926738e-14
7.57220198483e-09	8.37295659781e-14
7.57326087116e-09	8.42540216739e-14
7.57431975748e-09	8.51500741119e-14
7.5753786438e-09	8.43719151077e-14
7.57643753012e-09	8.47722499836e-14
7.57749641645e-09	8.50806445153e-14
7.57855530277e-09	8.42559122515e-14
7.57961418909e-09	8.64077554083e-14
7.58067307542e-09	8.68336639029e-14
7.58173196174e-09	8.82433638964e-14
7.58279084806e-09	8.84349153152e-14
7.58384973439e-09	8.84256724917e-14
7.58490862071e-09	8.9185142561e-14
7.58596750703e-09	8.99510094231e-14
7.58702639336e-09	9.03115269743e-14
7.58808527968e-09	9.02807017512e-14
7.589144166e-09	8.973986105e-14
7.59020305232e-09	9.24290619085e-14
7.59126193865e-09	9.2806066109e-14
7.59232082497e-09	9.41215692624e-14
7.59337971129e-09	9.3031173585e-14
7.59443859762e-09	9.54049732553e-14
7.59549748394e-09	9.42133063188e-14
7.59655637026e-09	9.61574163393e-14
7.59761525659e-09	9.77009610909e-14
7.59867414291e-09	9.76927482595e-14
7.59973302923e-09	9.90651788033e-14
7.60079191555e-09	9.82828185156e-14
7.60185080188e-09	9.92776349952e-14
7.6029096882e-09	9.97022966574e-14
7.60396857452e-09	1.01004050772e-13
7.60502746085e-09	1.01065924835e-13
7.60608634717e-09	9.99825832478e-14
7.60714523349e-09	1.01611630893e-13
7.60820411982e-09	1.01876603128e-13
7.60926300614e-09	1.04366351444e-13
7.61032189246e-09	1.0371303832e-13
7.61138077879e-09	1.0573841607e-13
7.61243966511e-09	1.06371163234e-13
7.61349855143e-09	1.05886267365e-13
7.61455743775e-09	1.06370221333e-13
7.61561632408e-09	1.06002053381e-13
7.6166752104e-09	1.08486583974e-13
7.61773409672e-09	1.08107939918e-13
7.61879298305e-09	1.09795575138e-13
7.61985186937e-09	1.10367891584e-13
7.62091075569e-09	1.10827152848e-13
7.62196964202e-09	1.11506967939e-13
7.62302852834e-09	1.11049366859e-13
7.62408741466e-09	1.12972721184e-13
7.62514630099e-09	1.12266173734e-13
7.62620518731e-09	1.143911219e-13
7.62726407363e-09	1.14206780426e-13
7.62832295995e-09	1.13281935644e-13
7.62938184628e-09	1.15026627004e-13
7.6304407326e-09	1.1542414973e-13
7.63149961892e-09	1.17117903917e-13
7.63255850525e-09	1.16109501029e-13
7.63361739157e-09	1.16497306593e-13
7.63467627789e-09	1.17549795852e-13
7.63573516422e-09	1.18636952475e-13
7.63679405054e-09	1.20224603927e-13
7.63785293686e-09	1.19482047411e-13
7.63891182318e-09	1.20139006165e-13
7.63997070951e-09	1.21307206901e-13
7.64102959583e-09	1.20510020149e-13
7.64208848215e-09	1.19285169849e-13
7.64314736848e-09	1.20015190277e-13
7.6442062548e-09	1.23988425321e-13
7.64526514112e-09	1.25438599937e-13
7.64632402745e-09	1.24969574077e-13
7.64738291377e-09	1.25020097898e-13
7.64844180009e-09	1.24202744986e-13
7.64950068642e-09	1.24605892011e-13
7.65055957274e-09	1.26820605341e-13
7.65161845906e-09	1.25635585919e-13
7.65267734538e-09	1.27681299236e-13
7.65373623171e-09	1.28054915304e-13
7.65479511803e-09	1.28698619687e-13
7.65585400435e-09	1.28797769975e-13
7.65691289068e-09	1.29208912992e-13
7.657971777e-09	1.30611870603e-13
7.65903066332e-09	1.29845868216e-13
7.66008954965e-09	1.29775625467e-13
7.66114843597e-09	1.29909361805e-13
7.66220732229e-09	1.3205036294e-13
7.66326620862e-09	1.33351974753e-13
7.66432509494e-09	1.34144269043e-13
7.66538398126e-09	1.35159895429e-13
7.66644286758e-09	1.33835257872e-13
7.66750175391e-09	1.34546751995e-13
7.66856064023e-09	1.3385181906e-13
7.66961952655e-09	1.34772591307e-13
7.67067841288e-09	1.35135622852e-13
7.6717372992e-09	1.3538406778e-13
7.67279618552e-09	1.38254899608e-13
7.67385507185e-09	1.38387863452e-13
7.67491395817e-09	1.39142563031e-13
7.67597284449e-09	1.37627187207e-13
7.67703173082e-09	1.39072076338e-13
7.67809061714e-09	1.39425987032e-13
7.67914950346e-09	1.38240669454e-13
7.68020838978e-09	1.39718992669e-13
7.68126727611e-09	1.39424238756e-13
7.68232616243e-09	1.41384923517e-13
7.68338504875e-09	1.43159843789e-13
7.68444393508e-09	1.43656720092e-13
7.6855028214e-09	1.43596587529e-13
7.68656170772e-09	1.42678769732e-13
7.68762059405e-09	1.43127737852e-13
7.68867948037e-09	1.42199579477e-13
7.68973836669e-09	1.44161280678e-13
7.69079725301e-09	1.45471281505e-13
7.69185613934e-09	1.47449679419e-13
7.69291502566e-09	1.47845074399e-13
7.69397391198e-09	1.47807574557e-13
7.69503279831e-09	1.49586804532e-13
7.69609168463e-09	1.48001985559e-13
7.69715057095e-09	1.47966884513e-13
7.69820945728e-09	1.47352534905e-13
7.6992683436e-09	1.48138540822e-13
7.70032722992e-09	1.49364000985e-13
7.70138611625e-09	1.50150372821e-13
7.70244500257e-09	1.51426139965e-13
7.70350388889e-09	1.50499567236e-13
7.70456277521e-09	1.52136658306e-13
7.70562166154e-09	1.51830886188e-13
7.70668054786e-09	1.50250783495e-13
7.70773943418e-09	1.51389995375e-13
7.70879832051e-09	1.51535278466e-13
7.70985720683e-09	1.53891195577e-13
7.71091609315e-09	1.53879675929e-13
7.71197497948e-09	1.54501642057e-13
7.7130338658e-09	1.55338469952e-13
7.71409275212e-09	1.56310796012e-13
7.71515163845e-09	1.54739543119e-13
7.71621052477e-09	1.53864673281e-13
7.71726941109e-09	1.55875299105e-13
7.71832829741e-09	1.57736223714e-13
7.71938718374e-09	1.591315377e-13
7.72044607006e-09	1.58970249074e-13
7.72150495638e-09	1.59596755299e-13
7.72256384271e-09	1.59246937468e-13
7.72362272903e-09	1.59261126964e-13
7.72468161535e-09	1.6002653304e-13
7.72574050168e-09	1.59104839221e-13
7.726799388e-09	1.60757678328e-13
7.72785827432e-09	1.6086982549e-13
7.72891716065e-09	1.63484636527e-13
7.72997604697e-09	1.6297202574e-13
7.73103493329e-09	1.63176587585e-13
7.73209381961e-09	1.64000730314e-13
7.73315270594e-09	1.62201564571e-13
7.73421159226e-09	1.61952225177e-13
7.73527047858e-09	1.61200737546e-13
7.73632936491e-09	1.63265017825e-13
7.73738825123e-09	1.6420325928e-13
7.73844713755e-09	1.66763697578e-13
7.73950602388e-09	1.6766331433e-13
7.7405649102e-09	1.66591648245e-13
7.74162379652e-09	1.67266794491e-13
7.74268268284e-09	1.66572064844e-13
7.74374156917e-09	1.67163605549e-13
7.74480045549e-09	1.67530675747e-13
7.74585934181e-09	1.69573868294e-13
7.74691822814e-09	1.71080543395e-13
7.74797711446e-09	1.71912316197e-13
7.74903600078e-09	1.70133587665e-13
7.75009488711e-09	1.69929581474e-13
7.75115377343e-09	1.70446488412e-13
7.75221265975e-09	1.69671365174e-13
7.75327154608e-09	1.7248679427e-13
7.7543304324e-09	1.70409977904e-13
7.75538931872e-09	1.72685975762e-13
7.75644820504e-09	1.72383551118e-13
7.75750709137e-09	1.74260928495e-13
7.75856597769e-09	1.77155748296e-13
7.75962486401e-09	1.75294986317e-13
7.76068375034e-09	1.764127581e-13
7.76174263666e-09	1.74111796486e-13
7.76280152298e-09	1.74085491031e-13
7.76386040931e-09	1.755123553e-13
7.76491929563e-09	1.74507083046e-13
7.76597818195e-09	1.78275010856e-13
7.76703706828e-09	1.76970390382e-13
7.7680959546e-09	1.78599485461e-13
7.76915484092e-09	1.77932213234e-13
7.77021372724e-09	1.77544556747e-13
7.77127261357e-09	1.79654956276e-13
7.77233149989e-09	1.79685164859e-13
7.77339038621e-09	1.81598646168e-13
7.77444927254e-09	1.79916005054e-13
7.77550815886e-09	1.80135040998e-13
7.77656704518e-09	1.81382917041e-13
7.77762593151e-09	1.81551334296e-13
7.77868481783e-09	1.82371248636e-13
7.77974370415e-09	1.82239260575e-13
7.78080259047e-09	1.83273779182e-13
7.7818614768e-09	1.80975921098e-13
7.78292036312e-09	1.84079612447e-13
7.78397924944e-09	1.84854830553e-13
7.78503813577e-09	1.87110770671e-13
7.78609702209e-09	1.85484548727e-13
7.78715590841e-09	1.85959998485e-13
7.78821479474e-09	1.85928488859e-13
7.78927368106e-09	1.84969593353e-13
7.79033256738e-09	1.84482136056e-13
7.79139145371e-09	1.86429498683e-13
7.79245034003e-09	1.89069327685e-13
7.79350922635e-09	1.87834340096e-13
7.79456811267e-09	1.88334536768e-13
7.795626999e-09	1.88017922629e-13
7.79668588532e-09	1.88027843078e-13
7.79774477164e-09	1.86934303215e-13
7.79880365797e-09	1.8714782328e-13
7.79986254429e-09	1.89140979896e-13
7.80092143061e-09	1.90227336921e-13
7.80198031694e-09	1.90591723718e-13
7.80303920326e-09	1.91196478138e-13
7.80409808958e-09	1.90135315261e-13
7.80515697591e-09	1.91158246459e-13
7.80621586223e-09	1.91565350822e-13
7.80727474855e-09	1.91730041132e-13
7.80833363487e-09	1.91618476728e-13
7.8093925212e-09	1.92112832261e-13
7.81045140752e-09	1.92543490917e-13
7.81151029384e-09	1.93533611446e-13
7.81256918017e-09	1.9456360351e-13
7.81362806649e-09	1.94893065445e-13
7.81468695281e-09	1.93626663097e-13
7.81574583914e-09	1.92586777688e-13
7.81680472546e-09	1.92497846005e-13
7.81786361178e-09	1.92682390768e-13
7.81892249811e-09	1.95056048136e-13
7.81998138443e-09	1.95622299826e-13
7.82104027075e-09	1.95265407576e-13
7.82209915707e-09	1.95671698787e-13
7.8231580434e-09	1.96619576089e-13
7.82421692972e-09	1.97823907862e-13
7.82527581604e-09	1.97472477281e-13
7.82633470237e-09	1.96682879944e-13
7.82739358869e-09	1.97477234218e-13
7.82845247501e-09	1.98568592125e-13
7.82951136134e-09	1.9893457812e-13
7.83057024766e-09	1.97764317401e-13
7.83162913398e-09	1.99473182655e-13
7.8326880203e-09	2.01124666509e-13
7.83374690663e-09	2.0187395863e-13
7.83480579295e-09	2.01560109206e-13
7.83586467927e-09	1.99949188066e-13
7.8369235656e-09	2.01609752113e-13
7.83798245192e-09	2.01382787941e-13
7.83904133824e-09	2.02066987275e-13
7.84010022457e-09	2.03102183509e-13
7.84115911089e-09	2.02327480399e-13
7.84221799721e-09	2.03537815942e-13
7.84327688354e-09	2.0345725972e-13
7.84433576986e-09	2.03742106736e-13
7.84539465618e-09	2.02886373066e-13
7.8464535425e-09	2.04525917144e-13
7.84751242883e-09	2.04592988601e-13
7.84857131515e-09	2.04887579884e-13
7.84963020147e-09	2.0511912481e-13
7.8506890878e-09	2.03957984941e-13
7.85174797412e-09	2.06997369549e-13
7.85280686044e-09	2.05785028232e-13
7.85386574677e-09	2.05738285566e-13
7.85492463309e-09	2.0493201862e-13
7.85598351941e-09	2.06216960825e-13
7.85704240574e-09	2.07960683179e-13
7.85810129206e-09	2.08172658256e-13
7.85916017838e-09	2.10413500859e-13
7.8602190647e-09	2.09901486383e-13
7.86127795103e-09	2.09978952628e-13
7.86233683735e-09	2.09615229904e-13
7.86339572367e-09	2.07959043323e-13
7.86445461e-09	2.08132068438e-13
7.86551349632e-09	2.09503421555e-13
7.86657238264e-09	2.09763779155e-13
7.86763126897e-09	2.11880507714e-13
7.86869015529e-09	2.12479393889e-13
7.86974904161e-09	2.12103704283e-13
7.87080792794e-09	2.1230173381e-13
7.87186681426e-09	2.11282651531e-13
7.87292570058e-09	2.11092075894e-13
7.8739845869e-09	2.12137246788e-13
7.87504347323e-09	2.12769756783e-13
7.87610235955e-09	2.14749157584e-13
7.87716124587e-09	2.13704799842e-13
7.8782201322e-09	2.14789530563e-13
7.87927901852e-09	2.14605189088e-13
7.88033790484e-09	2.13933647815e-13
7.88139679117e-09	2.14489084588e-13
7.88245567749e-09	2.12692331195e-13
7.88351456381e-09	2.13688401284e-13
7.88457345013e-09	2.15397889954e-13
7.88563233646e-09	2.16212356179e-13
7.88669122278e-09	2.16443318346e-13
7.8877501091e-09	2.16455935749e-13
7.88880899543e-09	2.16307576234e-13
7.88986788175e-09	2.17903047494e-13
7.89092676807e-09	2.16470775766e-13
7.8919856544e-09	2.16487594453e-13
7.89304454072e-09	2.17513466548e-13
7.89410342704e-09	2.1790753338e-13
7.89516231337e-09	2.19121772051e-13
7.89622119969e-09	2.19121148635e-13
7.89728008601e-09	2.19917847496e-13
7.89833897233e-09	2.19224540864e-13
7.89939785866e-09	2.17495238399e-13
7.90045674498e-09	2.18766872022e-13
7.9015156313e-09	2.18338449534e-13
7.90257451763e-09	2.19773485977e-13
7.90363340395e-09	2.20768051735e-13
7.90469229027e-09	2.20154298437e-13
7.9057511766e-09	2.21245697002e-13
7.90681006292e-09	2.20179722978e-13
7.90786894924e-09	2.21071669e-13
7.90892783557e-09	2.20848892559e-13
7.90998672189e-09	2.21037191371e-13
7.91104560821e-09	2.22451031662e-13
7.91210449453e-09	2.22688810751e-13
7.91316338086e-09	2.21860141478e-13
7.91422226718e-09	2.21607102243e-13
7.9152811535e-09	2.22315465733e-13
7.91634003983e-09	2.22865129129e-13
7.91739892615e-09	2.23585960944e-13
7.91845781247e-09	2.22287452659e-13
7.9195166988e-09	2.23046177339e-13
7.92057558512e-09	2.24543053964e-13
7.92163447144e-09	2.25088136606e-13
7.92269335776e-09	2.25467593814e-13
7.92375224409e-09	2.24824011404e-13
7.92481113041e-09	2.25176675266e-13
7.92587001673e-09	2.24566960622e-13
7.92692890306e-09	2.23742302897e-13
7.92798778938e-09	2.2413589539e-13
7.9290466757e-09	2.24969863702e-13
7.93010556203e-09	2.25670055017e-13
7.93116444835e-09	2.25786701618e-13
7.93222333467e-09	2.26655716765e-13
7.933282221e-09	2.26573290294e-13
7.93434110732e-09	2.27477542011e-13
7.93539999364e-09	2.26664295514e-13
7.93645887996e-09	2.268007017e-13
7.93751776629e-09	2.26712650931e-13
7.93857665261e-09	2.26867163293e-13
7.93963553893e-09	2.27894743007e-13
7.94069442526e-09	2.2700024911e-13
7.94175331158e-09	2.28161375427e-13
7.9428121979e-09	2.28594134724e-13
7.94387108423e-09	2.28416732143e-13
7.94492997055e-09	2.27615994629e-13
7.94598885687e-09	2.27549695666e-13
7.9470477432e-09	2.28313109521e-13
7.94810662952e-09	2.29040907334e-13
7.94916551584e-09	2.28688704258e-13
7.95022440216e-09	2.28722368736e-13
7.95128328849e-09	2.2915892274e-13
7.95234217481e-09	2.29355109124e-13
7.95340106113e-09	2.29131221375e-13
7.95445994746e-09	2.30055503727e-13
7.95551883378e-09	2.30771266896e-13
7.9565777201e-09	2.31723331929e-13
7.95763660643e-09	2.3137465251e-13
7.95869549275e-09	2.32077161308e-13
7.95975437907e-09	2.32994857132e-13
7.9608132654e-09	2.32568711468e-13
7.96187215172e-09	2.32398112256e-13
7.96293103804e-09	2.31577235686e-13
7.96398992436e-09	2.33014887767e-13
7.96504881069e-09	2.33188116169e-13
7.96610769701e-09	2.32549548194e-13
7.96716658333e-09	2.33563277226e-13
7.96822546966e-09	2.33023236124e-13
7.96928435598e-09	2.33653049166e-13
7.9703432423e-09	2.32393152031e-13
7.97140212863e-09	2.34012407976e-13
7.97246101495e-09	2.346431968e-13
7.97351990127e-09	2.34614031761e-13
7.97457878759e-09	2.3457101604e-13
7.97563767392e-09	2.33872274845e-13
7.97669656024e-09	2.35857232182e-13
7.97775544656e-09	2.34913027615e-13
7.97881433289e-09	2.36411123967e-13
7.97987321921e-09	2.35378096137e-13
7.98093210553e-09	2.35705443878e-13
7.98199099186e-09	2.3428887953e-13
7.98304987818e-09	2.33670802976e-13
7.9841087645e-09	2.34506993902e-13
7.98516765083e-09	2.33961260738e-13
7.98622653715e-09	2.35536199919e-13
7.98728542347e-09	2.35928925051e-13
7.98834430979e-09	2.35418536878e-13
7.98940319612e-09	2.35582874823e-13
7.99046208244e-09	2.36537460625e-13
7.99152096876e-09	2.36611945315e-13
7.99257985509e-09	2.3662704283e-13
7.99363874141e-09	2.36882182706e-13
7.99469762773e-09	2.36266382977e-13
7.99575651406e-09	2.36673473788e-13
7.99681540038e-09	2.37050803249e-13
7.9978742867e-09	2.38509082276e-13
7.99893317303e-09	2.38682229363e-13
7.99999205935e-09	2.3836623864e-13
8.00105094567e-09	2.38910996021e-13
8.00210983199e-09	2.3745575276e-13
8.00316871832e-09	2.38948970202e-13
8.00422760464e-09	2.39170689547e-13
8.00528649096e-09	2.3991865352e-13
8.00634537729e-09	2.40962306532e-13
8.00740426361e-09	2.40758178368e-13
8.00846314993e-09	2.41896970119e-13
8.00952203626e-09	2.40524017803e-13
8.01058092258e-09	2.40614006584e-13
8.0116398089e-09	2.4105625265e-13
8.01269869523e-09	2.40389143053e-13
8.01375758155e-09	2.40177425474e-13
8.01481646787e-09	2.40729853586e-13
8.01587535419e-09	2.41020121612e-13
8.01693424052e-09	2.40636801934e-13
8.01799312684e-09	2.40825426007e-13
8.01905201316e-09	2.40229114813e-13
8.02011089949e-09	2.40561775144e-13
8.02116978581e-09	2.40079522018e-13
8.02222867213e-09	2.4097629274e-13
8.02328755846e-09	2.41684602019e-13
8.02434644478e-09	2.41580030719e-13
8.0254053311e-09	2.4154051155e-13
8.02646421742e-09	2.41584909629e-13
8.02752310375e-09	2.41042971173e-13
8.02858199007e-09	2.41454669843e-13
8.02964087639e-09	2.41352321158e-13
8.03069976272e-09	2.41788305957e-13
8.03175864904e-09	2.4276322055e-13
8.03281753536e-09	2.43258809363e-13
8.03387642169e-09	2.43619442111e-13
8.03493530801e-09	2.44288286431e-13
8.03599419433e-09	2.43964652083e-13
8.03705308066e-09	2.43725910764e-13
8.03811196698e-09	2.43576236654e-13
8.0391708533e-09	2.43476164794e-13
8.04022973962e-09	2.43127973266e-13
8.04128862595e-09	2.43255827807e-13
8.04234751227e-09	2.45081136375e-13
8.04340639859e-09	2.44665805628e-13
8.04446528492e-09	2.45109705102e-13
8.04552417124e-09	2.43696799936e-13
8.04658305756e-09	2.42686431931e-13
8.04764194389e-09	2.4305018176e-13
8.04870083021e-09	2.43578594794e-13
8.04975971653e-09	2.45632073709e-13
8.05081860286e-09	2.45196929167e-13
8.05187748918e-09	2.45366091811e-13
8.0529363755e-09	2.44902974853e-13
8.05399526182e-09	2.44411207852e-13
8.05505414815e-09	2.45538832322e-13
8.05611303447e-09	2.43534820131e-13
8.05717192079e-09	2.44409174973e-13
8.05823080712e-09	2.43954596107e-13
8.05928969344e-09	2.43573255098e-13
8.06034857976e-09	2.45100408068e-13
8.06140746609e-09	2.45473563351e-13
8.06246635241e-09	2.47038012876e-13
8.06352523873e-09	2.46407034317e-13
8.06458412505e-09	2.45585805381e-13
8.06564301138e-09	2.45105639344e-13
8.0667018977e-09	2.45371431506e-13
8.06776078402e-09	2.46129559876e-13
8.06881967035e-09	2.459296601e-13
8.06987855667e-09	2.45426075296e-13
8.07093744299e-09	2.45760334826e-13
8.07199632932e-09	2.46251180254e-13
8.07305521564e-09	2.45269679133e-13
8.07411410196e-09	2.45975684482e-13
8.07517298829e-09	2.45263146815e-13
8.07623187461e-09	2.4543558917e-13
8.07729076093e-09	2.46688845566e-13
8.07834964725e-09	2.45281957722e-13
8.07940853358e-09	2.45918845183e-13
8.0804674199e-09	2.45694171388e-13
8.08152630622e-09	2.45706287347e-13
8.08258519255e-09	2.44818813659e-13
8.08364407887e-09	2.43944079346e-13
8.08470296519e-09	2.44881101074e-13
8.08576185152e-09	2.45906349753e-13
8.08682073784e-09	2.46908586242e-13
8.08787962416e-09	2.47178417057e-13
8.08893851049e-09	2.4725978643e-13
8.08999739681e-09	2.46571426471e-13
8.09105628313e-09	2.46970494186e-13
8.09211516945e-09	2.45551598803e-13
8.09317405578e-09	2.45868836358e-13
8.0942329421e-09	2.45865909012e-13
8.09529182842e-09	2.46680470104e-13
8.09635071475e-09	2.47403199273e-13
8.09740960107e-09	2.45584287498e-13
8.09846848739e-09	2.45352891649e-13
8.09952737372e-09	2.45823191447e-13
8.10058626004e-09	2.45737160004e-13
8.10164514636e-09	2.46028376708e-13
8.10270403269e-09	2.46055048081e-13
8.10376291901e-09	2.46138585859e-13
8.10482180533e-09	2.45623020621e-13
8.10588069165e-09	2.46121509674e-13
8.10693957798e-09	2.47880980065e-13
8.1079984643e-09	2.47674249816e-13
8.10905735062e-09	2.47676743481e-13
8.11011623695e-09	2.4674560355e-13
8.11117512327e-09	2.4674286594e-13
8.11223400959e-09	2.46584328477e-13
8.11329289592e-09	2.47248564938e-13
8.11435178224e-09	2.46748205635e-13
8.11541066856e-09	2.47505304012e-13
8.11646955488e-09	2.47099026353e-13
8.11752844121e-09	2.46596444436e-13
8.11858732753e-09	2.46009132119e-13
8.11964621385e-09	2.46870883111e-13
8.12070510018e-09	2.46706978848e-13
8.1217639865e-09	2.47392818037e-13
8.12282287282e-09	2.46690092399e-13
8.12388175915e-09	2.47112849931e-13
8.12494064547e-09	2.48815318392e-13
8.12599953179e-09	2.48352093014e-13
8.12705841812e-09	2.48845486318e-13
8.12811730444e-09	2.47655059437e-13
8.12917619076e-09	2.45084903977e-13
8.13023507708e-09	2.45689753264e-13
8.13129396341e-09	2.45734964495e-13
8.13235284973e-09	2.46162926197e-13
8.13341173605e-09	2.46465228868e-13
8.13447062238e-09	2.45642373629e-13
8.1355295087e-09	2.46234890117e-13
8.13658839502e-09	2.46147367896e-13
8.13764728135e-09	2.46024798841e-13
8.13870616767e-09	2.46462816518e-13
8.13976505399e-09	2.46712752224e-13
8.14082394032e-09	2.46013224982e-13
8.14188282664e-09	2.44265409765e-13
8.14294171296e-09	2.44721316779e-13
8.14400059928e-09	2.45855283831e-13
8.14505948561e-09	2.46617288223e-13
8.14611837193e-09	2.47193568783e-13
8.14717725825e-09	2.45882551516e-13
8.14823614458e-09	2.46087899407e-13
8.1492950309e-09	2.44581563119e-13
8.15035391722e-09	2.44913166353e-13
8.15141280355e-09	2.45259216582e-13
8.15247168987e-09	2.45462070808e-13
8.15353057619e-09	2.46824181102e-13
8.15458946252e-09	2.46656400816e-13
8.15564834884e-09	2.46769835469e-13
8.15670723516e-09	2.45850648867e-13
8.15776612148e-09	2.47764211491e-13
8.15882500781e-09	2.46731346291e-13
8.15988389413e-09	2.4560532102e-13
8.16094278045e-09	2.46369493816e-13
8.16200166678e-09	2.45723309322e-13
8.1630605531e-09	2.46365834634e-13
8.16411943942e-09	2.46036155858e-13
8.16517832575e-09	2.46270153792e-13
8.16623721207e-09	2.46817269314e-13
8.16729609839e-09	2.45625947966e-13
8.16835498471e-09	2.46619673468e-13
8.16941387104e-09	2.45154184496e-13
8.17047275736e-09	2.46360061257e-13
8.17153164368e-09	2.45910225776e-13
8.17259053001e-09	2.46367027256e-13
8.17364941633e-09	2.4623136646e-13
8.17470830265e-09	2.44801574845e-13
8.17576718898e-09	2.45589518773e-13
8.1768260753e-09	2.45124558672e-13
8.17788496162e-09	2.4609681697e-13
8.17894384795e-09	2.46370550913e-13
8.18000273427e-09	2.45481884603e-13
8.18106162059e-09	2.45871004763e-13
8.18212050691e-09	2.45256262131e-13
8.18317939324e-09	2.44920484718e-13
8.18423827956e-09	2.43795272598e-13
8.18529716588e-09	2.44635962963e-13
8.18635605221e-09	2.44467206895e-13
8.18741493853e-09	2.4419528899e-13
8.18847382485e-09	2.452882732e-13
8.18953271118e-09	2.45801859769e-13
8.1905915975e-09	2.46132948007e-13
8.19165048382e-09	2.45319796378e-13
8.19270937015e-09	2.44409391814e-13
8.19376825647e-09	2.44110016489e-13
8.19482714279e-09	2.44499516119e-13
8.19588602911e-09	2.44467667681e-13
8.19694491544e-09	2.44867928018e-13
8.19800380176e-09	2.4469188069e-13
8.19906268808e-09	2.43825874205e-13
8.20012157441e-09	2.44094675028e-13
8.20118046073e-09	2.44896930426e-13
8.20223934705e-09	2.44295848741e-13
8.20329823338e-09	2.44278637032e-13
8.2043571197e-09	2.43782397697e-13
8.20541600602e-09	2.42402642013e-13
8.20647489234e-09	2.42963852162e-13
8.20753377867e-09	2.43989724258e-13
8.20859266499e-09	2.45122932369e-13
8.20965155131e-09	2.44446064952e-13
8.21071043764e-09	2.43687448692e-13
8.21176932396e-09	2.43350343132e-13
8.21282821028e-09	2.42203365653e-13
8.21388709661e-09	2.42721478767e-13
8.21494598293e-09	2.42635257589e-13
8.21600486925e-09	2.43063219291e-13
8.21706375558e-09	2.44003385205e-13
8.2181226419e-09	2.44053990342e-13
8.21918152822e-09	2.43967958899e-13
8.22024041454e-09	2.43839724887e-13
8.22129930087e-09	2.43413091332e-13
8.22235818719e-09	2.42625553979e-13
8.22341707351e-09	2.42507186207e-13
8.22447595984e-09	2.42215996609e-13
8.22553484616e-09	2.42838816547e-13
8.22659373248e-09	2.42448015874e-13
8.22765261881e-09	2.43339419795e-13
8.22871150513e-09	2.43113553377e-13
8.22977039145e-09	2.42610781725e-13
8.23082927778e-09	2.42358216829e-13
8.2318881641e-09	2.41926921205e-13
8.23294705042e-09	2.42110097162e-13
8.23400593674e-09	2.42411288525e-13
8.23506482307e-09	2.41887537561e-13
8.23612370939e-09	2.42709986224e-13
8.23718259571e-09	2.41963431713e-13
8.23824148204e-09	2.41103794915e-13
8.23930036836e-09	2.41762230895e-13
8.24035925468e-09	2.41959257534e-13
8.24141814101e-09	2.42295766784e-13
8.24247702733e-09	2.42058895714e-13
8.24353591365e-09	2.4125344192e-13
8.24459479998e-09	2.40283758602e-13
8.2456536863e-09	2.4058213104e-13
8.24671257262e-09	2.42153302618e-13
8.24777145894e-09	2.41186221385e-13
8.24883034527e-09	2.40607907947e-13
8.24988923159e-09	2.40982472692e-13
8.25094811791e-09	2.40595846197e-13
8.25200700424e-09	2.39575178272e-13
8.25306589056e-09	2.3998847614e-13
8.25412477688e-09	2.39861353436e-13
8.25518366321e-09	2.40683531048e-13
8.25624254953e-09	2.39594449966e-13
8.25730143585e-09	2.37629496158e-13
8.25836032217e-09	2.38901129782e-13
8.2594192085e-09	2.40214803344e-13
8.26047809482e-09	2.40231120587e-13
8.26153698114e-09	2.39978311745e-13
8.26259586747e-09	2.39594016285e-13
8.26365475379e-09	2.39007950801e-13
8.26471364011e-09	2.38552233522e-13
8.26577252644e-09	2.38795989276e-13
8.26683141276e-09	2.37850619192e-13
8.26789029908e-09	2.38589882443e-13
8.26894918541e-09	2.37751523113e-13
8.27000807173e-09	2.38403074409e-13
8.27106695805e-09	2.37390890365e-13
8.27212584437e-09	2.38225590513e-13
8.2731847307e-09	2.38604925748e-13
8.27424361702e-09	2.38890992491e-13
8.27530250334e-09	2.36490053885e-13
8.27636138967e-09	2.36190976716e-13
8.27742027599e-09	2.36178210235e-13
8.27847916231e-09	2.38374668312e-13
8.27953804864e-09	2.37438947627e-13
8.28059693496e-09	2.37720813086e-13
8.28165582128e-09	2.37259430852e-13
8.28271470761e-09	2.37066713916e-13
8.28377359393e-09	2.35953102759e-13
8.28483248025e-09	2.35992920084e-13
8.28589136657e-09	2.3576358422e-13
8.2869502529e-09	2.35552517162e-13
8.28800913922e-09	2.35145616086e-13
8.28906802554e-09	2.35321202628e-13
8.29012691187e-09	2.34834016382e-13
8.29118579819e-09	2.34794415898e-13
8.29224468451e-09	2.34861528012e-13
8.29330357084e-09	2.34803956877e-13
8.29436245716e-09	2.34400714984e-13
8.29542134348e-09	2.33725175715e-13
8.2964802298e-09	2.34672307628e-13
8.29753911613e-09	2.34977293699e-13
8.29859800245e-09	2.3475560146e-13
8.29965688877e-09	2.35380400067e-13
8.3007157751e-09	2.34912295779e-13
8.30177466142e-09	2.34184497966e-13
8.30283354774e-09	2.32929967632e-13
8.30389243407e-09	2.33116992506e-13
8.30495132039e-09	2.33328032459e-13
8.30601020671e-09	2.33270136063e-13
8.30706909304e-09	2.32413155561e-13
8.30812797936e-09	2.31999071646e-13
8.30918686568e-09	2.31974351837e-13
8.310245752e-09	2.325495753e-13
8.31130463833e-09	2.33108156259e-13
8.31236352465e-09	2.33361398781e-13
8.31342241097e-09	2.32227025153e-13
8.3144812973e-09	2.3209567406e-13
8.31554018362e-09	2.32435327496e-13
8.31659906994e-09	2.32225127799e-13
8.31765795627e-09	2.31918678055e-13
8.31871684259e-09	2.32334632219e-13
8.31977572891e-09	2.31867503713e-13
8.32083461524e-09	2.30622785409e-13
8.32189350156e-09	2.29062970848e-13
8.32295238788e-09	2.30405375768e-13
8.3240112742e-09	2.3062321909e-13
8.32507016053e-09	2.29787245004e-13
8.32612904685e-09	2.30881991043e-13
8.32718793317e-09	2.30185933248e-13
8.3282468195e-09	2.3049140721e-13
8.32930570582e-09	2.30688027274e-13
8.33036459214e-09	2.3034403703e-13
8.33142347847e-09	2.29975055926e-13
8.33248236479e-09	2.28753295603e-13
8.33354125111e-09	2.28626200003e-13
8.33460013744e-09	2.27677523102e-13
8.33565902376e-09	2.29116584646e-13
8.33671791008e-09	2.28526290773e-13
8.3377767964e-09	2.29050068842e-13
8.33883568273e-09	2.27835925039e-13
8.33989456905e-09	2.26438008968e-13
8.34095345537e-09	2.26961488882e-13
8.3420123417e-09	2.27079721129e-13
8.34307122802e-09	2.27639901287e-13
8.34413011434e-09	2.27877666823e-13
8.34518900067e-09	2.27712813883e-13
8.34624788699e-09	2.28063065395e-13
8.34730677331e-09	2.26257597727e-13
8.34836565963e-09	2.26907129696e-13
8.34942454596e-09	2.26234517773e-13
8.35048343228e-09	2.25725552616e-13
8.3515423186e-09	2.25440190604e-13
8.35260120493e-09	2.24401226767e-13
8.35366009125e-09	2.23728953658e-13
8.35471897757e-09	2.24033207892e-13
8.3557778639e-09	2.25325915695e-13
8.35683675022e-09	2.24571351641e-13
8.35789563654e-09	2.24241957468e-13
8.35895452287e-09	2.23060082232e-13
8.36001340919e-09	2.23321849294e-13
8.36107229551e-09	2.23820433216e-13
8.36213118183e-09	2.24674825185e-13
8.36319006816e-09	2.24850615015e-13
8.36424895448e-09	2.23699558226e-13
8.3653078408e-09	2.2234762588e-13
8.36636672713e-09	2.22373077526e-13
8.36742561345e-09	2.22074759298e-13
8.36848449977e-09	2.22036608934e-13
8.3695433861e-09	2.22064161222e-13
8.37060227242e-09	2.21554653963e-13
8.37166115874e-09	2.20824132092e-13
8.37272004507e-09	2.20695803212e-13
8.37377893139e-09	2.21709017248e-13
8.37483781771e-09	2.22153079352e-13
8.37589670403e-09	2.21355093001e-13
8.37695559036e-09	2.20389624519e-13
8.37801447668e-09	2.20030983993e-13
8.379073363e-09	2.19888790878e-13
8.38013224933e-09	2.19792459515e-13
8.38119113565e-09	2.19508520518e-13
8.38225002197e-09	2.20404207038e-13
8.3833089083e-09	2.19861604508e-13
8.38436779462e-09	2.19358250097e-13
8.38542668094e-09	2.18902641239e-13
8.38648556727e-09	2.1838015066e-13
8.38754445359e-09	2.18426703591e-13
8.38860333991e-09	2.17267718573e-13
8.38966222623e-09	2.17388973034e-13
8.39072111256e-09	2.17852469462e-13
8.39177999888e-09	2.17952161852e-13
8.3928388852e-09	2.17953503552e-13
8.39389777153e-09	2.17616953646e-13
8.39495665785e-09	2.16999608929e-13
8.39601554417e-09	2.15402280973e-13
8.3970744305e-09	2.14949179332e-13
8.39813331682e-09	2.15536315466e-13
8.39919220314e-09	2.15972815261e-13
8.40025108946e-09	2.15904144606e-13
8.40130997579e-09	2.16201148239e-13
8.40236886211e-09	2.1467475421e-13
8.40342774843e-09	2.13999648622e-13
8.40448663476e-09	2.13543511216e-13
8.40554552108e-09	2.13575237682e-13
8.4066044074e-09	2.14165246952e-13
8.40766329373e-09	2.13474162934e-13
8.40872218005e-09	2.12831962883e-13
8.40978106637e-09	2.12408907195e-13
8.4108399527e-09	2.1331593718e-13
8.41189883902e-09	2.12787456383e-13
8.41295772534e-09	2.12365539108e-13
8.41401661166e-09	2.1165418051e-13
8.41507549799e-09	2.10167048153e-13
8.41613438431e-09	2.10522788438e-13
8.41719327063e-09	2.11052773565e-13
8.41825215696e-09	2.11267608225e-13
8.41931104328e-09	2.11880832974e-13
8.4203699296e-09	2.11148373092e-13
8.42142881593e-09	2.10933999217e-13
8.42248770225e-09	2.10204846151e-13
8.42354658857e-09	2.09539769433e-13
8.4246054749e-09	2.09823898165e-13
8.42566436122e-09	2.10268448161e-13
8.42672324754e-09	2.10239730356e-13
8.42778213386e-09	2.09030939801e-13
8.42884102019e-09	2.08894533615e-13
8.42989990651e-09	2.08328647844e-13
8.43095879283e-09	2.08242006538e-13
8.43201767916e-09	2.08314661636e-13
8.43307656548e-09	2.07552250668e-13
8.4341354518e-09	2.07205970047e-13
8.43519433813e-09	2.05700460463e-13
8.43625322445e-09	2.05825347e-13
8.43731211077e-09	2.06151678302e-13
8.43837099709e-09	2.06646304885e-13
8.43942988342e-09	2.07441431654e-13
8.44048876974e-09	2.06467126924e-13
8.44154765606e-09	2.06522055317e-13
8.44260654239e-09	2.04564406321e-13
8.44366542871e-09	2.04396951296e-13
8.44472431503e-09	2.04071053675e-13
8.44578320136e-09	2.03853481404e-13
8.44684208768e-09	2.04384550733e-13
8.447900974e-09	2.03640367915e-13
8.44895986033e-09	2.02873850531e-13
8.45001874665e-09	2.03266670531e-13
8.45107763297e-09	2.0237151256e-13
8.45213651929e-09	2.01523300543e-13
8.45319540562e-09	2.01322519853e-13
8.45425429194e-09	2.01120912459e-13
8.45531317826e-09	2.00919535458e-13
8.45637206459e-09	2.01613289323e-13
8.45743095091e-09	2.0150065427e-13
8.45848983723e-09	2.02501264455e-13
8.45954872356e-09	2.01112699627e-13
8.46060760988e-09	2.01077490162e-13
8.4616664962e-09	2.00520399981e-13
8.46272538253e-09	2.00270288092e-13
8.46378426885e-09	1.99798971855e-13
8.46484315517e-09	1.99333374785e-13
8.46590204149e-09	1.99373978156e-13
8.46696092782e-09	1.98648552035e-13
8.46801981414e-09	1.98540050502e-13
8.46907870046e-09	1.98265638933e-13
8.47013758679e-09	1.97724622049e-13
8.47119647311e-09	1.97082408444e-13
8.47225535943e-09	1.9658359413e-13
8.47331424576e-09	1.96666250993e-13
8.47437313208e-09	1.96251326821e-13
8.4754320184e-09	1.96025799217e-13
8.47649090473e-09	1.96188537963e-13
8.47754979105e-09	1.95321975824e-13
8.47860867737e-09	1.94999100417e-13
8.47966756369e-09	1.94453611199e-13
8.48072645002e-09	1.94539371591e-13
8.48178533634e-09	1.93891858949e-13
8.48284422266e-09	1.9350837664e-13
8.48390310899e-09	1.93804214755e-13
8.48496199531e-09	1.93550525e-13
8.48602088163e-09	1.92921362479e-13
8.48707976796e-09	1.92705321644e-13
8.48813865428e-09	1.93462582651e-13
8.4891975406e-09	1.93163898505e-13
8.49025642692e-09	1.92546025239e-13
8.49131531325e-09	1.91336543506e-13
8.49237419957e-09	1.91137240041e-13
8.49343308589e-09	1.90660272401e-13
8.49449197222e-09	1.9081332109e-13
8.49555085854e-09	1.90921538019e-13
8.49660974486e-09	1.90842323498e-13
8.49766863119e-09	1.90224992334e-13
8.49872751751e-09	1.89220844939e-13
8.49978640383e-09	1.88558397412e-13
8.50084529016e-09	1.88713411217e-13
8.50190417648e-09	1.88241471564e-13
8.5029630628e-09	1.87723507529e-13
8.50402194912e-09	1.87948520137e-13
8.50508083545e-09	1.87237324169e-13
8.50613972177e-09	1.87067741397e-13
8.50719860809e-09	1.87292333877e-13
8.50825749442e-09	1.86979284052e-13
8.50931638074e-09	1.86557529407e-13
8.51037526706e-09	1.86111353108e-13
8.51143415339e-09	1.86845195349e-13
8.51249303971e-09	1.85798072891e-13
8.51355192603e-09	1.85913133846e-13
8.51461081236e-09	1.86086267381e-13
8.51566969868e-09	1.85627839597e-13
8.516728585e-09	1.85231455283e-13
8.51778747132e-09	1.83632446814e-13
8.51884635765e-09	1.83803208656e-13
8.51990524397e-09	1.82992523586e-13
8.52096413029e-09	1.83235588161e-13
8.52202301662e-09	1.82895026706e-13
8.52308190294e-09	1.82840803045e-13
8.52414078926e-09	1.82145571954e-13
8.52519967559e-09	1.8126997028e-13
8.52625856191e-09	1.81291193537e-13
8.52731744823e-09	1.8028086619e-13
8.52837633456e-09	1.80731758769e-13
8.52943522088e-09	1.80421554975e-13
8.5304941072e-09	1.79062493999e-13
8.53155299352e-09	1.79417990339e-13
8.53261187985e-09	1.79354659379e-13
8.53367076617e-09	1.78358670606e-13
8.53472965249e-09	1.77930817324e-13
8.53578853882e-09	1.77734956201e-13
8.53684742514e-09	1.77593562686e-13
8.53790631146e-09	1.77721132624e-13
8.53896519779e-09	1.7662775539e-13
8.54002408411e-09	1.78164435787e-13
8.54108297043e-09	1.77089869461e-13
8.54214185675e-09	1.76819333914e-13
8.54320074308e-09	1.77317158894e-13
8.5442596294e-09	1.75665431095e-13
8.54531851572e-09	1.75866740333e-13
8.54637740205e-09	1.7548473525e-13
8.54743628837e-09	1.76156262971e-13
8.54849517469e-09	1.75441543346e-13
8.54955406102e-09	1.74509576711e-13
8.55061294734e-09	1.74339492495e-13
8.55167183366e-09	1.73543498365e-13
8.55273071999e-09	1.73973479394e-13
8.55378960631e-09	1.73041390787e-13
8.55484849263e-09	1.73631603344e-13
8.55590737895e-09	1.72584033653e-13
8.55696626528e-09	1.72972909867e-13
8.5580251516e-09	1.72458211991e-13
8.55908403792e-09	1.71650752423e-13
8.56014292425e-09	1.73031050208e-13
8.56120181057e-09	1.72836883152e-13
8.56226069689e-09	1.72115034898e-13
8.56331958322e-09	1.71292789523e-13
8.56437846954e-09	1.70521230599e-13
8.56543735586e-09	1.69840866631e-13
8.56649624219e-09	1.69833914185e-13
8.56755512851e-09	1.69315787519e-13
8.56861401483e-09	1.68536964441e-13
8.56967290115e-09	1.6846279146e-13
8.57073178748e-09	1.69757464379e-13
8.5717906738e-09	1.69564327314e-13
8.57284956012e-09	1.69174515976e-13
8.57390844645e-09	1.68693970468e-13
8.57496733277e-09	1.67778592126e-13
8.57602621909e-09	1.67331941489e-13
8.57708510542e-09	1.6790410208e-13
8.57814399174e-09	1.66928821568e-13
8.57920287806e-09	1.67392453523e-13
8.58026176438e-09	1.66991420691e-13
8.58132065071e-09	1.66398904204e-13
8.58237953703e-09	1.63893394299e-13
8.58343842335e-09	1.63375118555e-13
8.58449730968e-09	1.63821972481e-13
8.585556196e-09	1.64176899614e-13
8.58661508232e-09	1.62664573109e-13
8.58767396865e-09	1.63008346513e-13
8.58873285497e-09	1.62871262701e-13
8.58979174129e-09	1.62912082912e-13
8.59085062762e-09	1.62624552496e-13
8.59190951394e-09	1.63175842196e-13
8.59296840026e-09	1.63175300095e-13
8.59402728658e-09	1.61807104716e-13
8.59508617291e-09	1.61221093442e-13
8.59614505923e-09	1.60608844475e-13
8.59720394555e-09	1.60304454715e-13
8.59826283188e-09	1.60322100105e-13
8.5993217182e-09	1.59760090357e-13
8.60038060452e-09	1.59050574902e-13
8.60143949085e-09	1.57803823719e-13
8.60249837717e-09	1.58798213294e-13
8.60355726349e-09	1.5843695713e-13
8.60461614982e-09	1.59150836498e-13
8.60567503614e-09	1.57436821284e-13
8.60673392246e-09	1.56437742534e-13
8.60779280878e-09	1.55993355169e-13
8.60885169511e-09	1.55618600688e-13
8.60991058143e-09	1.56080348841e-13
8.61096946775e-09	1.5494456575e-13
8.61202835408e-09	1.55610116806e-13
8.6130872404e-09	1.54983000717e-13
8.61414612672e-09	1.54768382897e-13
8.61520501305e-09	1.54059938092e-13
8.61626389937e-09	1.53775402785e-13
8.61732278569e-09	1.53747565894e-13
8.61838167202e-09	1.52946259173e-13
8.61944055834e-09	1.52638006943e-13
8.62049944466e-09	1.52281778767e-13
8.62155833098e-09	1.52678650972e-13
8.62261721731e-09	1.51879878574e-13
8.62367610363e-09	1.50155780279e-13
8.62473498995e-09	1.49983270161e-13
8.62579387628e-09	1.49814541198e-13
8.6268527626e-09	1.48536836043e-13
8.62791164892e-09	1.48674461956e-13
8.62897053525e-09	1.49269973552e-13
8.63002942157e-09	1.4934750756e-13
8.63108830789e-09	1.48587630915e-13
8.63214719421e-09	1.48565391218e-13
8.63320608054e-09	1.49147214761e-13
8.63426496686e-09	1.49735340229e-13
8.63532385318e-09	1.48131263115e-13
8.63638273951e-09	1.46056723573e-13
8.63744162583e-09	1.46996510016e-13
8.63850051215e-09	1.45404088076e-13
8.63955939848e-09	1.45863654271e-13
8.6406182848e-09	1.46008110658e-13
8.64167717112e-09	1.44351002505e-13
8.64273605745e-09	1.45083191338e-13
8.64379494377e-09	1.43858110645e-13
8.64485383009e-09	1.45098587008e-13
8.64591271641e-09	1.44906629014e-13
8.64697160274e-09	1.43702283688e-13
8.64803048906e-09	1.45574280712e-13
8.64908937538e-09	1.43428603955e-13
8.65014826171e-09	1.41187273461e-13
8.65120714803e-09	1.40849598694e-13
8.65226603435e-09	1.41439336914e-13
8.65332492068e-09	1.408536509e-13
8.654383807e-09	1.40566242457e-13
8.65544269332e-09	1.39977927253e-13
8.65650157965e-09	1.39777919057e-13
8.65756046597e-09	1.38275119978e-13
8.65861935229e-09	1.39175861591e-13
8.65967823861e-09	1.3926793746e-13
8.66073712494e-09	1.37970987716e-13
8.66179601126e-09	1.36757955221e-13
8.66285489758e-09	1.36485129297e-13
8.66391378391e-09	1.36680177267e-13
8.66497267023e-09	1.37125160944e-13
8.66603155655e-09	1.36865182816e-13
8.66709044288e-09	1.38456832262e-13
8.6681493292e-09	1.37604717117e-13
8.66920821552e-09	1.35488042769e-13
8.67026710185e-09	1.34939965018e-13
8.67132598817e-09	1.35040931345e-13
8.67238487449e-09	1.34110604566e-13
8.67344376081e-09	1.3456571198e-13
8.67450264714e-09	1.34603103403e-13
8.67556153346e-09	1.3274521456e-13
8.67662041978e-09	1.33448848218e-13
8.67767930611e-09	1.33278994395e-13
8.67873819243e-09	1.34204631999e-13
8.67979707875e-09	1.33564830745e-13
8.68085596508e-09	1.30878719863e-13
8.6819148514e-09	1.28874206229e-13
8.68297373772e-09	1.28739534766e-13
8.68403262404e-09	1.30121906089e-13
8.68509151037e-09	1.29841124831e-13
8.68615039669e-09	1.31423951583e-13
8.68720928301e-09	1.31238187093e-13
8.68826816934e-09	1.27925149857e-13
8.68932705566e-09	1.28557998665e-13
8.69038594198e-09	1.27892420504e-13
8.69144482831e-09	1.28044344333e-13
8.69250371463e-09	1.2728678517e-13
8.69356260095e-09	1.26483865699e-13
8.69462148728e-09	1.27111984675e-13
8.6956803736e-09	1.25460826081e-13
8.69673925992e-09	1.23977258039e-13
8.69779814624e-09	1.24534063617e-13
8.69885703257e-09	1.24945464131e-13
8.69991591889e-09	1.25991949621e-13
8.70097480521e-09	1.2523155798e-13
8.70203369154e-09	1.23809152492e-13
8.70309257786e-09	1.23906310559e-13
8.70415146418e-09	1.23233563111e-13
8.70521035051e-09	1.23649585037e-13
8.70626923683e-09	1.22498623116e-13
8.70732812315e-09	1.21290754133e-13
8.70838700948e-09	1.2110700897e-13
8.7094458958e-09	1.20185992777e-13
8.71050478212e-09	1.20808433244e-13
8.71156366844e-09	1.2159861334e-13
8.71262255477e-09	1.21068777291e-13
8.71368144109e-09	1.2117677738e-13
8.71474032741e-09	1.19334162235e-13
8.71579921374e-09	1.17862046078e-13
8.71685810006e-09	1.17470743961e-13
8.71791698638e-09	1.18565029214e-13
8.71897587271e-09	1.1784682659e-13
8.72003475903e-09	1.1675389659e-13
8.72109364535e-09	1.16666984233e-13
8.72215253167e-09	1.16022426042e-13
8.723211418e-09	1.15910102697e-13
8.72427030432e-09	1.15584652309e-13
8.72532919064e-09	1.14864796277e-13
8.72638807697e-09	1.15045315939e-13
8.72744696329e-09	1.13984261483e-13
8.72850584961e-09	1.13033023154e-13
8.72956473594e-09	1.12999094402e-13
8.73062362226e-09	1.1415773383e-13
8.73168250858e-09	1.13922231566e-13
8.73274139491e-09	1.12298882758e-13
8.73380028123e-09	1.11556278809e-13
8.73485916755e-09	1.10900289061e-13
8.73591805387e-09	1.10970755425e-13
8.7369769402e-09	1.10992032893e-13
8.73803582652e-09	1.1139660971e-13
8.73909471284e-09	1.10431432607e-13
8.74015359917e-09	1.08563189634e-13
8.74121248549e-09	1.08537521147e-13
8.74227137181e-09	1.08419986856e-13
8.74333025814e-09	1.07644267306e-13
8.74438914446e-09	1.07784888328e-13
8.74544803078e-09	1.06438756463e-13
8.74650691711e-09	1.06493515449e-13
8.74756580343e-09	1.06481535015e-13
8.74862468975e-09	1.06570134661e-13
8.74968357607e-09	1.06837695429e-13
8.7507424624e-09	1.05520687945e-13
8.75180134872e-09	1.04695203516e-13
8.75286023504e-09	1.03654918308e-13
8.75391912137e-09	1.0265507384e-13
8.75497800769e-09	1.03168389359e-13
8.75603689401e-09	1.02430467808e-13
8.75709578034e-09	1.03358273817e-13
8.75815466666e-09	1.03420974584e-13
8.75921355298e-09	1.02155703872e-13
8.76027243931e-09	1.02128083822e-13
8.76133132563e-09	1.02727342691e-13
8.76239021195e-09	1.01536678642e-13
8.76344909827e-09	1.01182334267e-13
8.7645079846e-09	9.9655703069e-14
8.76556687092e-09	9.95675913137e-14
8.76662575724e-09	9.89620576241e-14
8.76768464357e-09	9.85948383483e-14
8.76874352989e-09	9.88557787062e-14
8.76980241621e-09	9.7804285558e-14
8.77086130254e-09	9.72068427271e-14
8.77192018886e-09	9.65640057065e-14
8.77297907518e-09	9.55911239921e-14
8.7740379615e-09	9.55346641639e-14
8.77509684783e-09	9.51787883533e-14
8.77615573415e-09	9.56508974131e-14
8.77721462047e-09	9.50777407109e-14
8.7782735068e-09	9.37479531938e-14
8.77933239312e-09	9.43388569303e-14
8.78039127944e-09	9.35730171733e-14
8.78145016577e-09	9.33124291811e-14
8.78250905209e-09	9.19152381702e-14
8.78356793841e-09	9.12429311793e-14
8.78462682474e-09	9.04922838052e-14
8.78568571106e-09	9.0485209386e-14
8.78674459738e-09	9.17728417674e-14
8.7878034837e-09	9.12432496637e-14
8.78886237003e-09	9.00947610787e-14
8.78992125635e-09	9.01595353822e-14
8.79098014267e-09	8.95924705409e-14
8.792039029e-09	8.77380850264e-14
8.79309791532e-09	8.77886901628e-14
8.79415680164e-09	8.82306516259e-14
8.79521568797e-09	8.84519779469e-14
8.79627457429e-09	8.89575143149e-14
8.79733346061e-09	8.65848395044e-14
8.79839234694e-09	8.69669326787e-14
8.79945123326e-09	8.56707012189e-14
8.80051011958e-09	8.57484927248e-14
8.8015690059e-09	8.59473150744e-14
8.80262789223e-09	8.37325001002e-14
8.80368677855e-09	8.448848717e-14
8.80474566487e-09	8.31426128032e-14
8.8058045512e-09	8.36242831708e-14
8.80686343752e-09	8.27063705066e-14
8.80792232384e-09	8.22252625688e-14
8.80898121017e-09	8.30497373346e-14
8.81004009649e-09	8.02234120063e-14
8.81109898281e-09	7.95692044154e-14
8.81215786914e-09	8.00986000075e-14
8.81321675546e-09	8.03373481021e-14
8.81427564178e-09	8.11427476859e-14
8.8153345281e-09	7.91899098379e-14
8.81639341443e-09	7.75055475528e-14
8.81745230075e-09	7.81121654446e-14
8.81851118707e-09	7.83597226819e-14
8.8195700734e-09	7.87333048692e-14
8.82062895972e-09	7.7429402679e-14
8.82168784604e-09	7.73311807385e-14
8.82274673237e-09	7.75925276721e-14
8.82380561869e-09	7.61868866606e-14
8.82486450501e-09	7.55571346049e-14
8.82592339133e-09	7.51687395054e-14
8.82698227766e-09	7.52210522603e-14
8.82804116398e-09	7.41537839704e-14
8.8291000503e-09	7.27632472504e-14
8.83015893663e-09	7.23825906439e-14
8.83121782295e-09	7.39028928115e-14
8.83227670927e-09	7.35869291934e-14
8.8333355956e-09	7.40941867323e-14
8.83439448192e-09	7.42108672148e-14
8.83545336824e-09	7.32378431989e-14
8.83651225457e-09	7.19188028358e-14
8.83757114089e-09	7.00404157957e-14
8.83863002721e-09	7.0469888605e-14
8.83968891353e-09	7.17972976536e-14
8.84074779986e-09	7.13190018652e-14
8.84180668618e-09	7.06384481615e-14
8.8428655725e-09	6.90276151126e-14
8.84392445883e-09	6.89738861187e-14
8.84498334515e-09	6.90125989125e-14
8.84604223147e-09	6.90907292315e-14
8.8471011178e-09	6.83531532699e-14
8.84816000412e-09	6.69740142251e-14
8.84921889044e-09	6.58298556725e-14
8.85027777677e-09	6.804130962e-14
8.85133666309e-09	6.71536868539e-14
8.85239554941e-09	6.71221907808e-14
8.85345443573e-09	6.60077325914e-14
8.85451332206e-09	6.4670403093e-14
8.85557220838e-09	6.42697768377e-14
8.8566310947e-09	6.29895373599e-14
8.85768998103e-09	6.39961309857e-14
8.85874886735e-09	6.41887191728e-14
8.85980775367e-09	6.44795902869e-14
8.86086664e-09	6.40009760141e-14
8.86192552632e-09	6.27113717401e-14
8.86298441264e-09	6.34472807409e-14
8.86404329896e-09	6.24821171907e-14
8.86510218529e-09	6.18697462511e-14
8.86616107161e-09	6.10537282623e-14
8.86721995793e-09	6.02181946343e-14
8.86827884426e-09	6.02629925128e-14
8.86933773058e-09	6.06618704921e-14
8.8703966169e-09	5.92563785583e-14
8.87145550323e-09	5.84486072822e-14
8.87251438955e-09	5.7653866761e-14
8.87357327587e-09	5.80977052491e-14
8.8746321622e-09	5.61621773664e-14
8.87569104852e-09	5.58611892908e-14
8.87674993484e-09	5.69173004626e-14
8.87780882116e-09	5.68958874697e-14
8.87886770749e-09	5.79744653434e-14
8.87992659381e-09	5.61110030238e-14
8.88098548013e-09	5.5397537008e-14
8.88204436646e-09	5.44125935444e-14
8.88310325278e-09	5.2851034096e-14
8.8841621391e-09	5.46597408177e-14
8.88522102543e-09	5.32552077253e-14
8.88627991175e-09	5.20402270538e-14
8.88733879807e-09	5.22707453764e-14
8.8883976844e-09	5.22422613524e-14
8.88945657072e-09	5.2749329156e-14
8.89051545704e-09	5.34475214737e-14
8.89157434336e-09	5.19284017641e-14
8.89263322969e-09	5.19191758813e-14
8.89369211601e-09	4.9291218893e-14
8.89475100233e-09	4.78203868377e-14
8.89580988866e-09	4.94999278112e-14
8.89686877498e-09	5.0960205836e-14
8.8979276613e-09	4.95412562427e-14
8.89898654763e-09	4.82096797921e-14
8.90004543395e-09	4.84559359868e-14
8.90110432027e-09	4.81266434582e-14
8.9021632066e-09	4.48303944152e-14
8.90322209292e-09	4.43743078306e-14
8.90428097924e-09	4.56386671348e-14
8.90533986556e-09	4.42496516859e-14
8.90639875189e-09	4.59679223939e-14
8.90745763821e-09	4.63417891843e-14
8.90851652453e-09	4.62302891552e-14
8.90957541086e-09	4.69842568985e-14
8.91063429718e-09	4.48129150433e-14
8.9116931835e-09	4.38642618593e-14
8.91275206983e-09	4.16259434148e-14
8.91381095615e-09	4.14639127883e-14
8.91486984247e-09	4.21436635047e-14
8.91592872879e-09	4.0977085684e-14
8.91698761512e-09	4.15075993596e-14
8.91804650144e-09	4.04092347962e-14
8.91910538776e-09	4.02994186687e-14
8.92016427409e-09	3.90615952127e-14
8.92122316041e-09	3.7484216577e-14
8.92228204673e-09	3.80912749259e-14
8.92334093306e-09	3.95487136963e-14
8.92439981938e-09	3.69774333766e-14
8.9254587057e-09	3.8116882426e-14
8.92651759203e-09	3.69322831323e-14
8.92757647835e-09	3.74762747961e-14
8.92863536467e-09	3.7266874699e-14
8.92969425099e-09	3.58756569645e-14
8.93075313732e-09	3.57904894957e-14
8.93181202364e-09	3.32627398932e-14
8.93287090996e-09	3.32641154747e-14
8.93392979629e-09	3.23287945893e-14
8.93498868261e-09	3.25508324179e-14
8.93604756893e-09	3.36892650278e-14
8.93710645526e-09	3.16049778308e-14
8.93816534158e-09	3.22400526415e-14
8.9392242279e-09	3.0379575266e-14
8.94028311423e-09	3.02361691999e-14
8.94134200055e-09	3.13765635381e-14
8.94240088687e-09	2.98922704352e-14
8.94345977319e-09	3.02007496702e-14
8.94451865952e-09	2.97676583361e-14
8.94557754584e-09	2.93411230371e-14
8.94663643216e-09	2.78393742792e-14
8.94769531849e-09	2.76273670147e-14
8.94875420481e-09	2.6919201731e-14
8.94981309113e-09	2.61498908329e-14
8.95087197746e-09	2.49657133617e-14
8.95193086378e-09	2.36778336467e-14
8.9529897501e-09	2.56477544552e-14
8.95404863643e-09	2.52527270877e-14
8.95510752275e-09	2.61891321753e-14
8.95616640907e-09	2.35500875257e-14
8.95722529539e-09	2.29929143352e-14
8.95828418172e-09	2.32142220215e-14
8.95934306804e-09	2.09897881411e-14
8.96040195436e-09	2.30294858297e-14
8.96146084069e-09	2.26536335941e-14
8.96251972701e-09	2.30236379143e-14
8.96357861333e-09	2.2403536952e-14
8.96463749966e-09	2.03127665648e-14
8.96569638598e-09	2.03689248492e-14
8.9667552723e-09	1.91164511114e-14
8.96781415862e-09	1.92532452383e-14
8.96887304495e-09	1.71907301762e-14
8.96993193127e-09	1.724394248e-14
8.97099081759e-09	1.86616062772e-14
8.97204970392e-09	1.89216979081e-14
8.97310859024e-09	1.99914581688e-14
8.97416747656e-09	1.90885345995e-14
8.97522636289e-09	1.83893495592e-14
8.97628524921e-09	1.58114556062e-14
8.97734413553e-09	1.46445762418e-14
8.97840302186e-09	1.42221507466e-14
8.97946190818e-09	1.62311350206e-14
8.9805207945e-09	1.59422629042e-14
8.98157968082e-09	1.59585293249e-14
8.98263856715e-09	1.51920610694e-14
8.98369745347e-09	1.38185547938e-14
8.98475633979e-09	1.33486251498e-14
8.98581522612e-09	1.12241377691e-14
8.98687411244e-09	1.24614326765e-14
8.98793299876e-09	1.2017893191e-14
8.98899188509e-09	1.24113298306e-14
8.99005077141e-09	1.21076947771e-14
8.99110965773e-09	1.11581598318e-14
8.99216854406e-09	1.19417195181e-14
8.99322743038e-09	1.16596583937e-14
8.9942863167e-09	1.09409170566e-14
8.99534520302e-09	8.51988598216e-15
8.99640408935e-09	8.56324390466e-15
8.99746297567e-09	7.91268279062e-15
8.99852186199e-09	8.22416645148e-15
8.99958074832e-09	8.99294033067e-15
9.00063963464e-09	8.01519918823e-15
9.00169852096e-09	7.98816274358e-15
9.00275740729e-09	6.61440278159e-15
9.00381629361e-09	5.21254885433e-15
9.00487517993e-09	5.37352196024e-15
9.00593406625e-09	6.09837845167e-15
9.00699295258e-09	5.30147418478e-15
9.0080518389e-09	4.11702735705e-15
9.00911072522e-09	4.72746579093e-15
9.01016961155e-09	4.45009765257e-15
9.01122849787e-09	4.41472216856e-15
9.01228738419e-09	3.65001023587e-15
9.01334627052e-09	1.68026571609e-15
9.01440515684e-09	1.25169065583e-15
9.01546404316e-09	5.6242103607e-16
9.01652292949e-09	1.51454742573e-15
9.01758181581e-09	1.6259515283e-15
9.01864070213e-09	8.93086657992e-16
9.01969958845e-09	9.97882950655e-16
9.02075847478e-09	-3.44883122881e-16
9.0218173611e-09	-1.66774519271e-15
9.02287624742e-09	-2.9005146148e-15
9.02393513375e-09	-1.5850598481e-15
9.02499402007e-09	-3.53599028381e-15
9.02605290639e-09	-2.07295559028e-15
9.02711179272e-09	-3.27794084939e-15
9.02817067904e-09	-1.70377215093e-15
9.02922956536e-09	-3.79509300369e-15
9.03028845169e-09	-3.32261484934e-15
9.03134733801e-09	-2.53410150259e-15
9.03240622433e-09	-5.16951407489e-15
9.03346511065e-09	-6.19463654634e-15
9.03452399698e-09	-7.26167190208e-15
9.0355828833e-09	-6.22310320612e-15
9.03664176962e-09	-5.13160130369e-15
9.03770065595e-09	-5.62530250381e-15
9.03875954227e-09	-5.64407529502e-15
9.03981842859e-09	-8.44977367698e-15
9.04087731492e-09	-8.35171690784e-15
9.04193620124e-09	-9.95954214282e-15
9.04299508756e-09	-1.16074972578e-14
9.04405397389e-09	-1.07873787824e-14
9.04511286021e-09	-1.15220155397e-14
9.04617174653e-09	-1.08802694976e-14
9.04723063285e-09	-1.32439894758e-14
9.04828951918e-09	-1.13077932841e-14
9.0493484055e-09	-1.103203832e-14
9.05040729182e-09	-1.13975821646e-14
9.05146617815e-09	-1.1850246736e-14
9.05252506447e-09	-1.36823959416e-14
9.05358395079e-09	-1.18922206067e-14
9.05464283712e-09	-1.26220682398e-14
9.05570172344e-09	-1.32616839941e-14
9.05676060976e-09	-1.38898961438e-14
9.05781949608e-09	-1.48810305712e-14
9.05887838241e-09	-1.46843003929e-14
9.05993726873e-09	-1.62007807479e-14
9.06099615505e-09	-1.70188095929e-14
9.06205504138e-09	-1.70012387415e-14
9.0631139277e-09	-1.75926625562e-14
9.06417281402e-09	-1.80686222278e-14
9.06523170035e-09	-1.9808803984e-14
9.06629058667e-09	-1.92371702471e-14
9.06734947299e-09	-1.73154066497e-14
9.06840835932e-09	-1.76552650673e-14
9.06946724564e-09	-1.78964526168e-14
9.07052613196e-09	-1.89627603713e-14
9.07158501828e-09	-2.16459693187e-14
9.07264390461e-09	-2.24525937122e-14
9.07370279093e-09	-2.29613759104e-14
9.07476167725e-09	-2.24731240968e-14
9.07582056358e-09	-2.25180151489e-14
9.0768794499e-09	-2.2894624632e-14
9.07793833622e-09	-2.16432384845e-14
9.07899722255e-09	-2.32563517462e-14
9.08005610887e-09	-2.26796442818e-14
9.08111499519e-09	-2.29881929735e-14
9.08217388152e-09	-2.19903593626e-14
9.08323276784e-09	-2.3940044554e-14
9.08429165416e-09	-2.73689914726e-14
9.08535054048e-09	-2.87115268355e-14
9.08640942681e-09	-2.91368491834e-14
9.08746831313e-09	-2.7210147384e-14
9.08852719945e-09	-2.79856229878e-14
9.08958608578e-09	-2.46802615644e-14
9.0906449721e-09	-2.59386560625e-14
9.09170385842e-09	-2.75187638383e-14
9.09276274475e-09	-2.60349535442e-14
9.09382163107e-09	-2.96650284361e-14
9.09488051739e-09	-3.01156669047e-14
9.09593940372e-09	-3.17187987301e-14
9.09699829004e-09	-3.04149338094e-14
9.09805717636e-09	-2.97685528029e-14
9.09911606268e-09	-2.95908181855e-14
9.10017494901e-09	-2.75662247884e-14
9.10123383533e-09	-2.74112448641e-14
9.10229272165e-09	-3.01815965612e-14
9.10335160798e-09	-3.29426427543e-14
9.1044104943e-09	-3.40843720164e-14
9.10546938062e-09	-3.54367143268e-14
9.10652826695e-09	-3.45490644557e-14
9.10758715327e-09	-3.34525260953e-14
9.10864603959e-09	-3.2293463151e-14
9.10970492591e-09	-3.10238556307e-14
9.11076381224e-09	-3.42360586766e-14
9.11182269856e-09	-3.31238400424e-14
9.11288158488e-09	-3.48971848326e-14
9.11394047121e-09	-3.55764679869e-14
9.11499935753e-09	-3.7202910159e-14
9.11605824385e-09	-3.85179694672e-14
9.11711713018e-09	-3.61404902858e-14
9.1181760165e-09	-3.87796077802e-14
9.11923490282e-09	-3.72952875722e-14
9.12029378915e-09	-3.60022917782e-14
9.12135267547e-09	-3.81141448155e-14
9.12241156179e-09	-4.07746007639e-14
9.12347044811e-09	-4.35266650197e-14
9.12452933444e-09	-4.24397523418e-14
9.12558822076e-09	-4.21305412703e-14
9.12664710708e-09	-4.03082345876e-14
9.12770599341e-09	-3.94875172599e-14
9.12876487973e-09	-4.03989416518e-14
9.12982376605e-09	-4.13511117166e-14
9.13088265238e-09	-4.31512193599e-14
9.1319415387e-09	-4.42009777846e-14
9.13300042502e-09	-4.42491908999e-14
9.13405931135e-09	-4.45632436117e-14
9.13511819767e-09	-4.56412217861e-14
9.13617708399e-09	-4.70497020521e-14
9.13723597031e-09	-4.59087452841e-14
9.13829485664e-09	-4.5685335262e-14
9.13935374296e-09	-4.47427874915e-14
9.14041262928e-09	-4.5237719007e-14
9.14147151561e-09	-4.71110306256e-14
9.14253040193e-09	-4.8210448898e-14
9.14358928825e-09	-4.8894970104e-14
9.14464817458e-09	-4.93988462874e-14
9.1457070609e-09	-4.84106366648e-14
9.14676594722e-09	-4.65079702723e-14
9.14782483354e-09	-4.76594268608e-14
9.14888371987e-09	-4.90592436738e-14
9.14994260619e-09	-5.01451839579e-14
9.15100149251e-09	-5.07846768924e-14
9.15206037884e-09	-5.18625737516e-14
9.15311926516e-09	-5.05250477415e-14
9.15417815148e-09	-5.08867579151e-14
9.15523703781e-09	-5.26463265614e-14
9.15629592413e-09	-5.23623943413e-14
9.15735481045e-09	-5.31511209286e-14
9.15841369678e-09	-5.23298581117e-14
9.1594725831e-09	-5.34464982579e-14
9.16053146942e-09	-5.33187250319e-14
9.16159035574e-09	-5.37857485058e-14
9.16264924207e-09	-5.49027376296e-14
9.16370812839e-09	-5.51547367077e-14
9.16476701471e-09	-5.4867524776e-14
9.16582590104e-09	-5.46763324991e-14
9.16688478736e-09	-5.51029186201e-14
9.16794367368e-09	-5.60251172711e-14
9.16900256001e-09	-5.70163423311e-14
9.17006144633e-09	-5.79922869166e-14
9.17112033265e-09	-5.73191261165e-14
9.17217921898e-09	-5.70494511549e-14
9.1732381053e-09	-5.71574580201e-14
9.17429699162e-09	-5.7808067415e-14
9.17535587794e-09	-5.83856625699e-14
9.17641476427e-09	-5.92621722637e-14
9.17747365059e-09	-5.9995445298e-14
9.17853253691e-09	-6.0728684451e-14
9.17959142324e-09	-6.1094494264e-14
9.18065030956e-09	-6.06098694454e-14
9.18170919588e-09	-6.12248492464e-14
9.18276808221e-09	-6.03280446432e-14
9.18382696853e-09	-6.13926634139e-14
9.18488585485e-09	-6.15460915739e-14
9.18594474118e-09	-6.33371190239e-14
9.1870036275e-09	-6.47562854576e-14
9.18806251382e-09	-6.36939367351e-14
9.18912140014e-09	-6.41312361289e-14
9.19018028647e-09	-6.31454320798e-14
9.19123917279e-09	-6.31441581423e-14
9.19229805911e-09	-6.43584306941e-14
9.19335694544e-09	-6.43718341435e-14
9.19441583176e-09	-6.56033726149e-14
9.19547471808e-09	-6.62089198571e-14
9.19653360441e-09	-6.74538346728e-14
9.19759249073e-09	-6.6894366023e-14
9.19865137705e-09	-6.7751109356e-14
9.19971026337e-09	-6.89033858724e-14
9.2007691497e-09	-6.76535243842e-14
9.20182803602e-09	-6.90219569325e-14
9.20288692234e-09	-6.86872298405e-14
9.20394580867e-09	-6.93339496601e-14
9.20500469499e-09	-6.98167990977e-14
9.20606358131e-09	-7.05756050931e-14
9.20712246764e-09	-7.07456215463e-14
9.20818135396e-09	-6.97073217833e-14
9.20924024028e-09	-6.92116584313e-14
9.21029912661e-09	-6.90268222897e-14
9.21135801293e-09	-7.19383659088e-14
9.21241689925e-09	-7.19614390863e-14
9.21347578557e-09	-7.21991910702e-14
9.2145346719e-09	-7.33823673485e-14
9.21559355822e-09	-7.31175984017e-14
9.21665244454e-09	-7.31333599908e-14
9.21771133087e-09	-7.28419467756e-14
9.21877021719e-09	-7.35165712486e-14
9.21982910351e-09	-7.38243762454e-14
9.22088798984e-09	-7.40839681268e-14
9.22194687616e-09	-7.41192792363e-14
9.22300576248e-09	-7.38038916006e-14
9.22406464881e-09	-7.53953851933e-14
9.22512353513e-09	-7.4772246771e-14
9.22618242145e-09	-7.71544422318e-14
9.22724130777e-09	-7.57757707493e-14
9.2283001941e-09	-7.54616841562e-14
9.22935908042e-09	-7.60795574217e-14
9.23041796674e-09	-7.57831501003e-14
9.23147685307e-09	-7.94672894112e-14
9.23253573939e-09	-7.95608086249e-14
9.23359462571e-09	-8.02350129695e-14
9.23465351204e-09	-7.96781667338e-14
9.23571239836e-09	-7.88743053618e-14
9.23677128468e-09	-8.03570467003e-14
9.23783017101e-09	-7.88235647001e-14
9.23888905733e-09	-8.03427284554e-14
9.23994794365e-09	-8.09759025241e-14
9.24100682997e-09	-7.9838879377e-14
9.2420657163e-09	-8.00581524902e-14
9.24312460262e-09	-8.07735090836e-14
9.24418348894e-09	-8.26368934761e-14
9.24524237527e-09	-8.3752469749e-14
9.24630126159e-09	-8.19126938587e-14
9.24736014791e-09	-8.16724346573e-14
9.24841903424e-09	-8.14038574504e-14
9.24947792056e-09	-8.22090266413e-14
9.25053680688e-09	-8.45495277523e-14
9.2515956932e-09	-8.56089220238e-14
9.25265457953e-09	-8.6791786594e-14
9.25371346585e-09	-8.73252750493e-14
9.25477235217e-09	-8.40864446757e-14
9.2558312385e-09	-8.42314092824e-14
9.25689012482e-09	-8.57673849476e-14
9.25794901114e-09	-8.49004568905e-14
9.25900789747e-09	-8.67616864312e-14
9.26006678379e-09	-8.69856690475e-14
9.26112567011e-09	-8.75617327668e-14
9.26218455644e-09	-8.8860003882e-14
9.26324344276e-09	-8.80255070224e-14
9.26430232908e-09	-8.92393526696e-14
9.2653612154e-09	-8.61005941565e-14
9.26642010173e-09	-8.43236003484e-14
9.26747898805e-09	-8.73670032804e-14
9.26853787437e-09	-8.72360926443e-14
9.2695967607e-09	-8.99395575377e-14
9.27065564702e-09	-9.07131696691e-14
9.27171453334e-09	-9.18149562455e-14
9.27277341967e-09	-9.19890181281e-14
9.27383230599e-09	-8.9183753427e-14
9.27489119231e-09	-8.92068808146e-14
9.27595007864e-09	-8.99120594601e-14
9.27700896496e-09	-9.09670085027e-14
9.27806785128e-09	-9.25938132049e-14
9.2791267376e-09	-9.22827081678e-14
9.28018562393e-09	-9.33177892056e-14
9.28124451025e-09	-9.32239311788e-14
9.28230339657e-09	-9.37421527122e-14
9.2833622829e-09	-9.37974334704e-14
9.28442116922e-09	-9.34619948708e-14
9.28548005554e-09	-9.15366144428e-14
9.28653894187e-09	-9.18868862834e-14
9.28759782819e-09	-9.38392836743e-14
9.28865671451e-09	-9.55860282419e-14
9.28971560083e-09	-9.81744254034e-14
9.29077448716e-09	-9.92918922538e-14
9.29183337348e-09	-9.79835516109e-14
9.2928922598e-09	-9.58772313929e-14
9.29395114613e-09	-9.48081944983e-14
9.29501003245e-09	-9.61797780091e-14
9.29606891877e-09	-9.61282716296e-14
9.2971278051e-09	-9.70270955594e-14
9.29818669142e-09	-9.90726733508e-14
9.29924557774e-09	-9.82418424497e-14
9.30030446407e-09	-9.77787864781e-14
9.30136335039e-09	-9.82178680292e-14
9.30242223671e-09	-1.00067252661e-13
9.30348112303e-09	-9.97771743699e-14
9.30454000936e-09	-9.94182695695e-14
9.30559889568e-09	-9.96052131291e-14
9.306657782e-09	-1.0104779833e-13
9.30771666833e-09	-1.02959856624e-13
9.30877555465e-09	-1.02810155409e-13
9.30983444097e-09	-1.02854174017e-13
9.3108933273e-09	-1.02113616499e-13
9.31195221362e-09	-1.00916372698e-13
9.31301109994e-09	-1.0115505303e-13
9.31406998627e-09	-1.01084403706e-13
9.31512887259e-09	-1.0331423488e-13
9.31618775891e-09	-1.04160244611e-13
9.31724664523e-09	-1.04190873323e-13
9.31830553156e-09	-1.04950567009e-13
9.31936441788e-09	-1.03585244765e-13
9.3204233042e-09	-1.0449350803e-13
9.32148219053e-09	-1.03928801329e-13
9.32254107685e-09	-1.03705415024e-13
9.32359996317e-09	-1.04615426565e-13
9.3246588495e-09	-1.06143670513e-13
9.32571773582e-09	-1.06364380194e-13
9.32677662214e-09	-1.07650914821e-13
9.32783550847e-09	-1.07334314234e-13
9.32889439479e-09	-1.06513871345e-13
9.32995328111e-09	-1.06280300316e-13
9.33101216743e-09	-1.05966742271e-13
9.33207105376e-09	-1.06789204487e-13
9.33312994008e-09	-1.07895897078e-13
9.3341888264e-09	-1.0930792133e-13
9.33524771273e-09	-1.10131352551e-13
9.33630659905e-09	-1.08386884808e-13
9.33736548537e-09	-1.09229004964e-13
9.3384243717e-09	-1.08626974603e-13
9.33948325802e-09	-1.10715351275e-13
9.34054214434e-09	-1.10575035185e-13
9.34160103066e-09	-1.09720013023e-13
9.34265991699e-09	-1.09813064674e-13
9.34371880331e-09	-1.09948901654e-13
9.34477768963e-09	-1.10450209634e-13
9.34583657596e-09	-1.12696120881e-13
9.34689546228e-09	-1.14601443569e-13
9.3479543486e-09	-1.12872418931e-13
9.34901323493e-09	-1.10305970087e-13
9.35007212125e-09	-1.10353261631e-13
9.35113100757e-09	-1.12702849711e-13
9.3521898939e-09	-1.14788509102e-13
9.35324878022e-09	-1.15211686762e-13
9.35430766654e-09	-1.16566166984e-13
9.35536655286e-09	-1.14603842367e-13
9.35642543919e-09	-1.13284341218e-13
9.35748432551e-09	-1.12509123112e-13
9.35854321183e-09	-1.14872819373e-13
9.35960209816e-09	-1.16642467712e-13
9.36066098448e-09	-1.16427538183e-13
9.3617198708e-09	-1.17123853476e-13
9.36277875713e-09	-1.15523693042e-13
9.36383764345e-09	-1.16171205685e-13
9.36489652977e-09	-1.17255733118e-13
9.3659554161e-09	-1.18198460459e-13
9.36701430242e-09	-1.17263715556e-13
9.36807318874e-09	-1.15697707491e-13
9.36913207506e-09	-1.16086990281e-13
9.37019096139e-09	-1.16882306785e-13
9.37124984771e-09	-1.18828991785e-13
9.37230873403e-09	-1.20564636833e-13
9.37336762036e-09	-1.20346427593e-13
9.37442650668e-09	-1.19632710856e-13
9.375485393e-09	-1.16799487291e-13
9.37654427933e-09	-1.17718917838e-13
9.37760316565e-09	-1.19455687746e-13
9.37866205197e-09	-1.20201212265e-13
9.3797209383e-09	-1.22243212189e-13
9.38077982462e-09	-1.21529929132e-13
9.38183871094e-09	-1.21754291219e-13
9.38289759726e-09	-1.20623929139e-13
9.38395648359e-09	-1.21600673324e-13
9.38501536991e-09	-1.22856951934e-13
9.38607425623e-09	-1.22324012356e-13
9.38713314256e-09	-1.22771692986e-13
9.38819202888e-09	-1.22844212558e-13
9.3892509152e-09	-1.22641317674e-13
9.39030980153e-09	-1.23430345805e-13
9.39136868785e-09	-1.26631371404e-13
9.39242757417e-09	-1.27061799667e-13
9.39348646049e-09	-1.25886239909e-13
9.39454534682e-09	-1.2248572111e-13
9.39560423314e-09	-1.22303886853e-13
9.39666311946e-09	-1.23543143489e-13
9.39772200579e-09	-1.24262145712e-13
9.39878089211e-09	-1.26664602201e-13
9.39983977843e-09	-1.2677641055e-13
9.40089866476e-09	-1.25246763915e-13
9.40195755108e-09	-1.25915784418e-13
9.4030164374e-09	-1.25711818884e-13
9.40407532373e-09	-1.26222166399e-13
9.40513421005e-09	-1.27210213392e-13
9.40619309637e-09	-1.27545936594e-13
9.40725198269e-09	-1.27236302007e-13
9.40831086902e-09	-1.27810712318e-13
9.40936975534e-09	-1.28414558717e-13
9.41042864166e-09	-1.30149065353e-13
9.41148752799e-09	-1.28570778698e-13
9.41254641431e-09	-1.28610338525e-13
9.41360530063e-09	-1.28845705264e-13
9.41466418696e-09	-1.27313442991e-13
9.41572307328e-09	-1.28093336719e-13
9.4167819596e-09	-1.28402849334e-13
9.41784084593e-09	-1.30445892803e-13
9.41889973225e-09	-1.30874505027e-13
9.41995861857e-09	-1.30687005813e-13
9.42101750489e-09	-1.30695394828e-13
9.42207639122e-09	-1.29944991399e-13
9.42313527754e-09	-1.30323039144e-13
9.42419416386e-09	-1.30628309818e-13
9.42525305019e-09	-1.31349792154e-13
9.42631193651e-09	-1.31923294446e-13
9.42737082283e-09	-1.31361325355e-13
9.42842970916e-09	-1.32407133218e-13
9.42948859548e-09	-1.32320844277e-13
9.4305474818e-09	-1.32067425572e-13
9.43160636812e-09	-1.31602628101e-13
9.43266525445e-09	-1.3176082675e-13
9.43372414077e-09	-1.32185061508e-13
9.43478302709e-09	-1.32650441738e-13
9.43584191342e-09	-1.33849257632e-13
9.43690079974e-09	-1.35453009486e-13
9.43795968606e-09	-1.3478370438e-13
9.43901857239e-09	-1.33997102151e-13
9.44007745871e-09	-1.33499304276e-13
9.44113634503e-09	-1.33435607398e-13
9.44219523136e-09	-1.3482891561e-13
9.44325411768e-09	-1.35921344167e-13
9.444313004e-09	-1.36119753164e-13
9.44537189032e-09	-1.3639596722e-13
9.44643077665e-09	-1.34820404623e-13
9.44748966297e-09	-1.36244870095e-13
9.44854854929e-09	-1.3671666067e-13
9.44960743562e-09	-1.36627417279e-13
9.45066632194e-09	-1.36617673012e-13
9.45172520826e-09	-1.35833876157e-13
9.45278409459e-09	-1.36976435511e-13
9.45384298091e-09	-1.35846425797e-13
9.45490186723e-09	-1.38299934655e-13
9.45596075356e-09	-1.39890201744e-13
9.45701963988e-09	-1.39183464558e-13
9.4580785262e-09	-1.38233229117e-13
9.45913741252e-09	-1.36695884646e-13
9.46019629885e-09	-1.37548216632e-13
9.46125518517e-09	-1.38310004183e-13
9.46231407149e-09	-1.3993667336e-13
9.46337295782e-09	-1.39834419543e-13
9.46443184414e-09	-1.39145734323e-13
9.46549073046e-09	-1.39848771669e-13
9.46654961679e-09	-1.39032855324e-13
9.46760850311e-09	-1.38804901817e-13
9.46866738943e-09	-1.39305925194e-13
9.46972627576e-09	-1.39871756755e-13
9.47078516208e-09	-1.4030118213e-13
9.4718440484e-09	-1.39878139995e-13
9.47290293472e-09	-1.40809740712e-13
9.47396182105e-09	-1.42245576754e-13
9.47502070737e-09	-1.4271490077e-13
9.47607959369e-09	-1.41380505393e-13
9.47713848002e-09	-1.41352424557e-13
9.47819736634e-09	-1.40107923093e-13
9.47925625266e-09	-1.40870713532e-13
9.48031513899e-09	-1.4140376153e-13
9.48137402531e-09	-1.42880011208e-13
9.48243291163e-09	-1.43600978548e-13
9.48349179795e-09	-1.43525301236e-13
9.48455068428e-09	-1.4297489245e-13
9.4856095706e-09	-1.41651054493e-13
9.48666845692e-09	-1.42665962594e-13
9.48772734325e-09	-1.42806990192e-13
9.48878622957e-09	-1.43573209419e-13
9.48984511589e-09	-1.42982617391e-13
9.49090400222e-09	-1.43203740424e-13
9.49196288854e-09	-1.44463732426e-13
9.49302177486e-09	-1.44664879034e-13
9.49408066119e-09	-1.44843027004e-13
9.49513954751e-09	-1.44421733145e-13
9.49619843383e-09	-1.44774329244e-13
9.49725732015e-09	-1.43792258916e-13
9.49831620648e-09	-1.43559250316e-13
9.4993750928e-09	-1.46024441454e-13
9.50043397912e-09	-1.47249264648e-13
9.50149286545e-09	-1.46647545995e-13
9.50255175177e-09	-1.45398843247e-13
9.50361063809e-09	-1.44369013814e-13
9.50466952442e-09	-1.45127779152e-13
9.50572841074e-09	-1.44368471713e-13
9.50678729706e-09	-1.45862637832e-13
9.50784618339e-09	-1.46493589286e-13
9.50890506971e-09	-1.45974866309e-13
9.50996395603e-09	-1.4687967368e-13
9.51102284235e-09	-1.46643547999e-13
9.51208172868e-09	-1.46767607833e-13
9.513140615e-09	-1.46594636929e-13
9.51419950132e-09	-1.46732777838e-13
9.51525838765e-09	-1.47043618601e-13
9.51631727397e-09	-1.46605722896e-13
9.51737616029e-09	-1.4644555913e-13
9.51843504662e-09	-1.48453786156e-13
9.51949393294e-09	-1.49502873731e-13
9.52055281926e-09	-1.48696132447e-13
9.52161170559e-09	-1.4840189353e-13
9.52267059191e-09	-1.47264782291e-13
9.52372947823e-09	-1.46750965329e-13
9.52478836455e-09	-1.47300953986e-13
9.52584725088e-09	-1.49385386873e-13
9.5269061372e-09	-1.50097477307e-13
9.52796502352e-09	-1.50816357558e-13
9.52902390985e-09	-1.49617975344e-13
9.53008279617e-09	-1.48802357155e-13
9.53114168249e-09	-1.49948521481e-13
9.53220056882e-09	-1.49408521037e-13
9.53325945514e-09	-1.49140031921e-13
9.53431834146e-09	-1.48050679789e-13
9.53537722778e-09	-1.48086702406e-13
9.53643611411e-09	-1.48831400221e-13
9.53749500043e-09	-1.5120307892e-13
9.53855388675e-09	-1.52724594039e-13
9.53961277308e-09	-1.52744733094e-13
9.5406716594e-09	-1.52311499459e-13
9.54173054572e-09	-1.49464154161e-13
9.54278943205e-09	-1.48619370933e-13
9.54384831837e-09	-1.49678094355e-13
9.54490720469e-09	-1.50665463721e-13
9.54596609102e-09	-1.51717505746e-13
9.54702497734e-09	-1.52362118148e-13
9.54808386366e-09	-1.5330270419e-13
9.54914274998e-09	-1.52417832587e-13
9.55020163631e-09	-1.51381077812e-13
9.55126052263e-09	-1.51677607106e-13
9.55231940895e-09	-1.51696689064e-13
9.55337829528e-09	-1.51386309087e-13
9.5544371816e-09	-1.51361358885e-13
9.55549606792e-09	-1.52310672755e-13
9.55655495425e-09	-1.53084711791e-13
9.55761384057e-09	-1.53988340091e-13
9.55867272689e-09	-1.54452988485e-13
9.55973161322e-09	-1.53623844873e-13
9.56079049954e-09	-1.52499852481e-13
9.56184938586e-09	-1.52250513087e-13
9.56290827218e-09	-1.5216365494e-13
9.56396715851e-09	-1.53076214356e-13
9.56502604483e-09	-1.54382434028e-13
9.56608493115e-09	-1.55862708807e-13
9.56714381748e-09	-1.56562290259e-13
9.5682027038e-09	-1.54431317994e-13
9.56926159012e-09	-1.54109079556e-13
9.57032047645e-09	-1.54915332949e-13
9.57137936277e-09	-1.5393277473e-13
9.57243824909e-09	-1.53601266363e-13
9.57349713541e-09	-1.53318804592e-13
9.57455602174e-09	-1.53791462529e-13
9.57561490806e-09	-1.55813716421e-13
9.57667379438e-09	-1.55220169942e-13
9.57773268071e-09	-1.56928872566e-13
9.57879156703e-09	-1.56300360567e-13
9.57985045335e-09	-1.55593027069e-13
9.58090933968e-09	-1.55371578776e-13
9.581968226e-09	-1.57062351406e-13
9.58302711232e-09	-1.57285873236e-13
9.58408599865e-09	-1.57446430026e-13
9.58514488497e-09	-1.57663067172e-13
9.58620377129e-09	-1.56163398727e-13
9.58726265761e-09	-1.55856203594e-13
9.58832154394e-09	-1.55406923766e-13
9.58938043026e-09	-1.56096882924e-13
9.59043931658e-09	-1.57212093278e-13
9.59149820291e-09	-1.57883458369e-13
9.59255708923e-09	-1.58574786331e-13
9.59361597555e-09	-1.5771566453e-13
9.59467486188e-09	-1.58100529196e-13
9.5957337482e-09	-1.57897973125e-13
9.59679263452e-09	-1.57739842238e-13
9.59785152085e-09	-1.57667051615e-13
9.59891040717e-09	-1.5711658862e-13
9.59996929349e-09	-1.588985291e-13
9.60102817981e-09	-1.5820453129e-13
9.60208706614e-09	-1.59594207424e-13
9.60314595246e-09	-1.59161190629e-13
9.60420483878e-09	-1.59501291298e-13
9.60526372511e-09	-1.58780174881e-13
9.60632261143e-09	-1.58534508221e-13
9.60738149775e-09	-1.56895899267e-13
9.60844038408e-09	-1.58515060344e-13
9.6094992704e-09	-1.59195017737e-13
9.61055815672e-09	-1.5943389458e-13
9.61161704305e-09	-1.60492807737e-13
9.61267592937e-09	-1.60484283198e-13
9.61373481569e-09	-1.59635773025e-13
9.61479370201e-09	-1.59714133737e-13
9.61585258834e-09	-1.582783248e-13
9.61691147466e-09	-1.59495002925e-13
9.61797036098e-09	-1.59053854614e-13
9.61902924731e-09	-1.60110016608e-13
9.62008813363e-09	-1.61550053933e-13
9.62114701995e-09	-1.61269570831e-13
9.62220590628e-09	-1.6286449999e-13
9.6232647926e-09	-1.6206271893e-13
9.62432367892e-09	-1.60769956918e-13
9.62538256524e-09	-1.60151839707e-13
9.62644145157e-09	-1.59451201158e-13
9.62750033789e-09	-1.59902147946e-13
9.62855922421e-09	-1.59786111209e-13
9.62961811054e-09	-1.61002030393e-13
9.63067699686e-09	-1.62694727482e-13
9.63173588318e-09	-1.62717197572e-13
9.63279476951e-09	-1.61701937105e-13
9.63385365583e-09	-1.61529074621e-13
9.63491254215e-09	-1.6021969721e-13
9.63597142848e-09	-1.60577782083e-13
9.6370303148e-09	-1.60395893616e-13
9.63808920112e-09	-1.6071650575e-13
9.63914808744e-09	-1.61497388813e-13
9.64020697377e-09	-1.61712142158e-13
9.64126586009e-09	-1.63129140187e-13
9.64232474641e-09	-1.61755157879e-13
9.64338363274e-09	-1.61528044629e-13
9.64444251906e-09	-1.61527976866e-13
9.64550140538e-09	-1.60660330525e-13
9.64656029171e-09	-1.61152002658e-13
9.64761917803e-09	-1.60318861051e-13
9.64867806435e-09	-1.61492049117e-13
9.64973695068e-09	-1.62294372277e-13
9.650795837e-09	-1.62157586621e-13
9.65185472332e-09	-1.6193379374e-13
9.65291360964e-09	-1.61563904616e-13
9.65397249597e-09	-1.61978164714e-13
9.65503138229e-09	-1.62344137157e-13
9.65609026861e-09	-1.63593653056e-13
9.65714915494e-09	-1.6243918103e-13
9.65820804126e-09	-1.61824994052e-13
9.65926692758e-09	-1.6303181949e-13
9.66032581391e-09	-1.63448315754e-13
9.66138470023e-09	-1.63841447462e-13
9.66244358655e-09	-1.61795422437e-13
9.66350247288e-09	-1.6154590686e-13
9.6645613592e-09	-1.61260084062e-13
9.66562024552e-09	-1.62423704044e-13
9.66667913184e-09	-1.62615255463e-13
9.66773801817e-09	-1.62959259259e-13
9.66879690449e-09	-1.65206092079e-13
9.66985579081e-09	-1.63193623112e-13
9.67091467714e-09	-1.64017183082e-13
9.67197356346e-09	-1.62388386158e-13
9.67303244978e-09	-1.63337307004e-13
9.67409133611e-09	-1.64081733769e-13
9.67515022243e-09	-1.64445158337e-13
9.67620910875e-09	-1.64445171889e-13
9.67726799507e-09	-1.63283896495e-13
9.6783268814e-09	-1.63190275637e-13
9.67938576772e-09	-1.63377097224e-13
9.68044465404e-09	-1.63212068101e-13
9.68150354037e-09	-1.61043609546e-13
9.68256242669e-09	-1.616418452e-13
9.68362131301e-09	-1.63538819531e-13
9.68468019934e-09	-1.64346089363e-13
9.68573908566e-09	-1.65632535899e-13
9.68679797198e-09	-1.64422742457e-13
9.68785685831e-09	-1.65621151776e-13
9.68891574463e-09	-1.62979208579e-13
9.68997463095e-09	-1.63148791352e-13
9.69103351727e-09	-1.62346454639e-13
9.6920924036e-09	-1.62300863938e-13
9.69315128992e-09	-1.64023593427e-13
9.69421017624e-09	-1.63323754477e-13
9.69526906257e-09	-1.63969003848e-13
9.69632794889e-09	-1.63982881636e-13
9.69738683521e-09	-1.63882186359e-13
9.69844572154e-09	-1.64458290736e-13
9.69950460786e-09	-1.63255815659e-13
9.70056349418e-09	-1.64343053597e-13
9.70162238051e-09	-1.64993236088e-13
9.70268126683e-09	-1.65005392704e-13
9.70374015315e-09	-1.63846597422e-13
9.70479903947e-09	-1.6394874282e-13
9.7058579258e-09	-1.65366770841e-13
9.70691681212e-09	-1.65132759355e-13
9.70797569844e-09	-1.63620378639e-13
9.70903458477e-09	-1.62086991507e-13
9.71009347109e-09	-1.62235554309e-13
9.71115235741e-09	-1.62620080162e-13
9.71221124374e-09	-1.6358842178e-13
9.71327013006e-09	-1.65481587851e-13
9.71432901638e-09	-1.6645025473e-13
9.7153879027e-09	-1.65214752144e-13
9.71644678903e-09	-1.63769334465e-13
9.71750567535e-09	-1.63814572801e-13
9.71856456167e-09	-1.60910510177e-13
9.719623448e-09	-1.62467573574e-13
9.72068233432e-09	-1.63042715722e-13
9.72174122064e-09	-1.63485924017e-13
9.72280010697e-09	-1.64884355084e-13
9.72385899329e-09	-1.63704214572e-13
9.72491787961e-09	-1.64889776095e-13
9.72597676594e-09	-1.62668069661e-13
9.72703565226e-09	-1.62447244783e-13
9.72809453858e-09	-1.62710028285e-13
9.7291534249e-09	-1.63200440033e-13
9.73021231123e-09	-1.6331615151e-13
9.73127119755e-09	-1.63134276595e-13
9.73233008387e-09	-1.65352296742e-13
9.7333889702e-09	-1.64388779824e-13
9.73444785652e-09	-1.6376700343e-13
9.73550674284e-09	-1.63910673771e-13
9.73656562917e-09	-1.62777086189e-13
9.73762451549e-09	-1.63449928505e-13
9.73868340181e-09	-1.63908762865e-13
9.73974228814e-09	-1.65131227919e-13
9.74080117446e-09	-1.63083752774e-13
9.74186006078e-09	-1.63425059618e-13
9.7429189471e-09	-1.62320176289e-13
9.74397783343e-09	-1.62943185962e-13
9.74503671975e-09	-1.62494190738e-13
9.74609560607e-09	-1.62466516477e-13
9.7471544924e-09	-1.63621625472e-13
9.74821337872e-09	-1.62964490535e-13
9.74927226504e-09	-1.63681703825e-13
9.75033115137e-09	-1.64657079204e-13
9.75139003769e-09	-1.64816253635e-13
9.75244892401e-09	-1.64772560288e-13
9.75350781034e-09	-1.61720775118e-13
9.75456669666e-09	-1.60584978474e-13
9.75562558298e-09	-1.60387206446e-13
9.7566844693e-09	-1.61428758815e-13
9.75774335563e-09	-1.62440563388e-13
9.75880224195e-09	-1.63558687536e-13
9.75986112827e-09	-1.63135618295e-13
9.7609200146e-09	-1.63962444425e-13
9.76197890092e-09	-1.62166300896e-13
9.76303778724e-09	-1.61535417204e-13
9.76409667357e-09	-1.62086246118e-13
9.76515555989e-09	-1.63118447243e-13
9.76621444621e-09	-1.63094811636e-13
9.76727333253e-09	-1.61083914762e-13
9.76833221886e-09	-1.62127865929e-13
9.76939110518e-09	-1.63328186154e-13
9.7704499915e-09	-1.62731752986e-13
9.77150887783e-09	-1.6148975874e-13
9.77256776415e-09	-1.59159564326e-13
9.77362665047e-09	-1.60222570346e-13
9.7746855368e-09	-1.59275736589e-13
9.77574442312e-09	-1.61593543993e-13
9.77680330944e-09	-1.63585643512e-13
9.77786219577e-09	-1.63047296476e-13
9.77892108209e-09	-1.63944229828e-13
9.77997996841e-09	-1.62793173039e-13
9.78103885473e-09	-1.63240677486e-13
9.78209774106e-09	-1.60699470224e-13
9.78315662738e-09	-1.61261385105e-13
9.7842155137e-09	-1.62635923067e-13
9.78527440003e-09	-1.60766921152e-13
9.78633328635e-09	-1.59737837107e-13
9.78739217267e-09	-1.60064859587e-13
9.788451059e-09	-1.62968949316e-13
9.78950994532e-09	-1.61685430127e-13
9.79056883164e-09	-1.63111427034e-13
9.79162771797e-09	-1.60049423259e-13
9.79268660429e-09	-1.58892715066e-13
9.79374549061e-09	-1.59247140756e-13
9.79480437693e-09	-1.60608193953e-13
9.79586326326e-09	-1.64115113643e-13
9.79692214958e-09	-1.63023633763e-13
9.7979810359e-09	-1.62694971427e-13
9.79903992223e-09	-1.60254974438e-13
9.80009880855e-09	-1.56697734215e-13
9.80115769487e-09	-1.57469089851e-13
9.8022165812e-09	-1.58894165186e-13
9.80327546752e-09	-1.62741036467e-13
9.80433435384e-09	-1.61118622784e-13
9.80539324017e-09	-1.6006229816e-13
9.80645212649e-09	-1.60800138396e-13
9.80751101281e-09	-1.59782980575e-13
9.80856989913e-09	-1.60637792673e-13
9.80962878546e-09	-1.61926651558e-13
9.81068767178e-09	-1.61721547612e-13
9.8117465581e-09	-1.58490869083e-13
9.81280544443e-09	-1.59650247124e-13
9.81386433075e-09	-1.59818068068e-13
9.81492321707e-09	-1.62247277245e-13
9.8159821034e-09	-1.60602149526e-13
9.81704098972e-09	-1.58673015048e-13
9.81809987604e-09	-1.58836336553e-13
9.81915876236e-09	-1.54625850969e-13
9.82021764869e-09	-1.57908381466e-13
9.82127653501e-09	-1.59672364848e-13
9.82233542133e-09	-1.61943592217e-13
9.82339430766e-09	-1.62226812929e-13
9.82445319398e-09	-1.59045031919e-13
9.8255120803e-09	-1.60182495523e-13
9.82657096663e-09	-1.5648303508e-13
9.82762985295e-09	-1.57300550623e-13
9.82868873927e-09	-1.59457638608e-13
9.8297476256e-09	-1.5848897173e-13
9.83080651192e-09	-1.57649514645e-13
9.83186539824e-09	-1.55833733504e-13
9.83292428456e-09	-1.590980223e-13
9.83398317089e-09	-1.61439763467e-13
9.83504205721e-09	-1.59773710646e-13
9.83610094353e-09	-1.58211619261e-13
9.83715982986e-09	-1.56935730145e-13
9.83821871618e-09	-1.5474496413e-13
9.8392776025e-09	-1.54119609869e-13
9.84033648883e-09	-1.57092695514e-13
9.84139537515e-09	-1.59335991124e-13
9.84245426147e-09	-1.59947670885e-13
9.8435131478e-09	-1.57431535798e-13
9.84457203412e-09	-1.57446430026e-13
9.84563092044e-09	-1.54345991283e-13
9.84668980676e-09	-1.54494323693e-13
9.84774869309e-09	-1.56373774606e-13
9.84880757941e-09	-1.54024294946e-13
9.84986646573e-09	-1.54329850223e-13
9.85092535206e-09	-1.53819895731e-13
9.85198423838e-09	-1.57862573924e-13
9.8530431247e-09	-1.59362079739e-13
9.85410201103e-09	-1.58446592977e-13
9.85516089735e-09	-1.5661040173e-13
9.85621978367e-09	-1.53243520304e-13
9.85727866999e-09	-1.53069614275e-13
9.85833755632e-09	-1.54033673295e-13
9.85939644264e-09	-1.57682162683e-13
9.86045532896e-09	-1.57853249786e-13
9.86151421529e-09	-1.57032684924e-13
9.86257310161e-09	-1.55205479003e-13
9.86363198793e-09	-1.51019767438e-13
9.86469087426e-09	-1.52207429603e-13
9.86574976058e-09	-1.53242829125e-13
9.8668086469e-09	-1.5446068632e-13
9.86786753323e-09	-1.53136590865e-13
9.86892641955e-09	-1.52399374045e-13
9.86998530587e-09	-1.53301172754e-13
9.87104419219e-09	-1.54634646559e-13
9.87210307852e-09	-1.56254078686e-13
9.87316196484e-09	-1.56156093915e-13
9.87422085116e-09	-1.54077922296e-13
9.87527973749e-09	-1.49405986714e-13
9.87633862381e-09	-1.48996524211e-13
9.87739751013e-09	-1.51190122704e-13
9.87845639646e-09	-1.54575300042e-13
9.87951528278e-09	-1.57902377697e-13
9.8805741691e-09	-1.55610401409e-13
9.88163305543e-09	-1.53147974987e-13
9.88269194175e-09	-1.47541565554e-13
9.88375082807e-09	-1.48581193464e-13
9.88480971439e-09	-1.51836009044e-13
9.88586860072e-09	-1.52214422707e-13
9.88692748704e-09	-1.53270882856e-13
9.88798637336e-09	-1.50301740997e-13
9.88904525969e-09	-1.51006946747e-13
9.89010414601e-09	-1.50211304983e-13
9.89116303233e-09	-1.53934929582e-13
9.89222191866e-09	-1.54142201932e-13
9.89328080498e-09	-1.51137660872e-13
9.8943396913e-09	-1.4693738034e-13
9.89539857763e-09	-1.45793262445e-13
9.89645746395e-09	-1.48638114078e-13
9.89751635027e-09	-1.51179402655e-13
9.89857523659e-09	-1.538478817e-13
9.89963412292e-09	-1.53803361648e-13
9.90069300924e-09	-1.49562138932e-13
9.90175189556e-09	-1.45416976529e-13
9.90281078189e-09	-1.43627527948e-13
9.90386966821e-09	-1.49301035944e-13
9.90492855453e-09	-1.50653307104e-13
9.90598744086e-09	-1.50822022514e-13
9.90704632718e-09	-1.51302364734e-13
9.9081052135e-09	-1.47987037121e-13
9.90916409982e-09	-1.45576367801e-13
9.91022298615e-09	-1.45839368143e-13
9.91128187247e-09	-1.49087163513e-13
9.91234075879e-09	-1.47270149092e-13
9.91339964512e-09	-1.448360339e-13
9.91445853144e-09	-1.44518742134e-13
9.91551741776e-09	-1.44511979423e-13
9.91657630409e-09	-1.47613746313e-13
9.91763519041e-09	-1.50375575165e-13
9.91869407673e-09	-1.51703004542e-13
9.91975296306e-09	-1.45589378227e-13
9.92081184938e-09	-1.42859316499e-13
9.9218707357e-09	-1.41703950006e-13
9.92292962202e-09	-1.44314302262e-13
9.92398850835e-09	-1.46140722137e-13
9.92504739467e-09	-1.46528270203e-13
9.92610628099e-09	-1.45814485703e-13
9.92716516732e-09	-1.41079720605e-13
9.92822405364e-09	-1.3939497885e-13
9.92928293996e-09	-1.4366706067e-13
9.93034182629e-09	-1.47986020682e-13
9.93140071261e-09	-1.46022151076e-13
9.93245959893e-09	-1.43424511091e-13
9.93351848526e-09	-1.45148677149e-13
9.93457737158e-09	-1.4275994937e-13
9.9356362579e-09	-1.45254834094e-13
9.93669514422e-09	-1.46088450039e-13
9.93775403055e-09	-1.45667562756e-13
9.93881291687e-09	-1.42273630485e-13
9.93987180319e-09	-1.37932674722e-13
9.94093068952e-09	-1.39170305054e-13
9.94198957584e-09	-1.41881339034e-13
9.94304846216e-09	-1.46030350355e-13
9.94410734849e-09	-1.45526955287e-13
9.94516623481e-09	-1.44315860802e-13
9.94622512113e-09	-1.38502544936e-13
9.94728400746e-09	-1.37283847484e-13
9.94834289378e-09	-1.42309707313e-13
9.9494017801e-09	-1.41558599153e-13
9.95046066642e-09	-1.4263757005e-13
9.95151955275e-09	-1.39123413311e-13
9.95257843907e-09	-1.40031988284e-13
9.95363732539e-09	-1.38437967145e-13
9.95469621172e-09	-1.3947622625e-13
9.95575509804e-09	-1.43306319502e-13
9.95681398436e-09	-1.40703516004e-13
9.95787287069e-09	-1.38927254032e-13
9.95893175701e-09	-1.35369241316e-13
9.95999064333e-09	-1.35625804207e-13
9.96104952965e-09	-1.39992292932e-13
9.96210841598e-09	-1.41967031663e-13
9.9631673023e-09	-1.4353846074e-13
9.96422618862e-09	-1.395572026e-13
9.96528507495e-09	-1.35244829116e-13
9.96634396127e-09	-1.33694230274e-13
9.96740284759e-09	-1.36634193543e-13
9.96846173392e-09	-1.37794344077e-13
9.96952062024e-09	-1.3961978817e-13
9.97057950656e-09	-1.38332420063e-13
9.97163839289e-09	-1.34433710366e-13
9.97269727921e-09	-1.32397646449e-13
9.97375616553e-09	-1.33326279162e-13
9.97481505185e-09	-1.38793883613e-13
9.97587393818e-09	-1.37588467637e-13
9.9769328245e-09	-1.35080816433e-13
9.97799171082e-09	-1.32714490981e-13
9.97905059715e-09	-1.30797702855e-13
9.98010948347e-09	-1.34124848272e-13
9.98116836979e-09	-1.37573885118e-13
9.98222725612e-09	-1.40838932856e-13
9.98328614244e-09	-1.3666259964e-13
9.98434502876e-09	-1.31128899514e-13
9.98540391509e-09	-1.29660063068e-13
9.98646280141e-09	-1.29481251025e-13
9.98752168773e-09	-1.33919961167e-13
9.98858057405e-09	-1.36108856933e-13
9.98963946038e-09	-1.34881445206e-13
9.9906983467e-09	-1.31027391085e-13
9.99175723302e-09	-1.28195712509e-13
9.99281611935e-09	-1.29971323959e-13
9.99387500567e-09	-1.32973262935e-13
9.99493389199e-09	-1.33705234926e-13
9.99599277832e-09	-1.32913184582e-13
9.99705166464e-09	-1.31411930491e-13
9.99811055096e-09	-1.26970238793e-13
9.99916943728e-09	-1.29544541327e-13
1.00002283236e-08	-1.31278492309e-13
1.00012872099e-08	-1.32677953368e-13
1.00023460963e-08	-1.28558730501e-13
1.00034049826e-08	-1.2552254429e-13
1.00044638689e-08	-1.26163836323e-13
1.00055227552e-08	-1.26367151335e-13
1.00065816415e-08	-1.29313497844e-13
1.00076405279e-08	-1.33589062663e-13
1.00086994142e-08	-1.3240199681e-13
1.00097583005e-08	-1.26537682784e-13
1.00108171868e-08	-1.23101168473e-13
1.00118760732e-08	-1.25283491264e-13
1.00129349595e-08	-1.27890252099e-13
1.00139938458e-08	-1.28787808868e-13
1.00150527321e-08	-1.28482389116e-13
1.00161116185e-08	-1.26941724276e-13
1.00171705048e-08	-1.23889898449e-13
1.00182293911e-08	-1.25038773281e-13
1.00192882774e-08	-1.27076544816e-13
1.00203471637e-08	-1.26809654899e-13
1.00214060501e-08	-1.26814750649e-13
1.00224649364e-08	-1.22858198766e-13
1.00235238227e-08	-1.22986947774e-13
1.0024582709e-08	-1.22131525813e-13
1.00256415954e-08	-1.26376001135e-13
1.00267004817e-08	-1.30124548831e-13
1.0027759368e-08	-1.25895374312e-13
1.00288182543e-08	-1.23165366794e-13
1.00298771407e-08	-1.19075146336e-13
1.0030936027e-08	-1.20437961362e-13
1.00319949133e-08	-1.22087032866e-13
1.00330537996e-08	-1.22822623383e-13
1.00341126859e-08	-1.24417769381e-13
1.00351715723e-08	-1.20236841859e-13
1.00362304586e-08	-1.18463046447e-13
1.00372893449e-08	-1.18475650297e-13
1.00383482312e-08	-1.21686203323e-13
1.00394071176e-08	-1.22562157363e-13
1.00404660039e-08	-1.22284560949e-13
1.00415248902e-08	-1.20103227494e-13
1.00425837765e-08	-1.17312518207e-13
1.00436426629e-08	-1.17242736244e-13
1.00447015492e-08	-1.21219494945e-13
1.00457604355e-08	-1.25253363996e-13
1.00468193218e-08	-1.198080399e-13
1.00478782081e-08	-1.16936530446e-13
1.00489370945e-08	-1.13539731816e-13
1.00499959808e-08	-1.14715447428e-13
1.00510548671e-08	-1.18561071876e-13
1.00521137534e-08	-1.21532219509e-13
1.00531726398e-08	-1.23682016235e-13
1.00542315261e-08	-1.17971428524e-13
1.00552904124e-08	-1.13460910318e-13
1.00563492987e-08	-1.13048188432e-13
1.00574081851e-08	-1.15566166662e-13
1.00584670714e-08	-1.17893935174e-13
1.00595259577e-08	-1.16718117918e-13
1.0060584844e-08	-1.15869851691e-13
1.00616437303e-08	-1.120754829e-13
1.00627026167e-08	-1.11429339063e-13
1.0063761503e-08	-1.15632506283e-13
1.00648203893e-08	-1.16523815336e-13
1.00658792756e-08	-1.16009402063e-13
1.0066938162e-08	-1.11936366209e-13
1.00679970483e-08	-1.08993672106e-13
1.00690559346e-08	-1.06919783086e-13
1.00701148209e-08	-1.11506161563e-13
1.00711737073e-08	-1.16457936502e-13
1.00722325936e-08	-1.17324512193e-13
1.00732914799e-08	-1.13457772908e-13
1.00743503662e-08	-1.10247572248e-13
1.00754092525e-08	-1.09507312886e-13
1.00764681389e-08	-1.08377072778e-13
1.00775270252e-08	-1.11083688634e-13
1.00785859115e-08	-1.11243418719e-13
1.00796447978e-08	-1.11087252949e-13
1.00807036842e-08	-1.08024890031e-13
1.00817625705e-08	-1.07275252321e-13
1.00828214568e-08	-1.09513926519e-13
1.00838803431e-08	-1.09400139501e-13
1.00849392295e-08	-1.0935879074e-13
1.00859981158e-08	-1.07888646476e-13
1.00870570021e-08	-1.05851884603e-13
1.00881158884e-08	-1.04070079648e-13
1.00891747747e-08	-1.06207326733e-13
1.00902336611e-08	-1.12059423156e-13
1.00912925474e-08	-1.12511779407e-13
1.00923514337e-08	-1.08112588435e-13
1.009341032e-08	-1.03021147928e-13
1.00944692064e-08	-1.01868308981e-13
1.00955280927e-08	-1.03094148615e-13
1.0096586979e-08	-1.04322468361e-13
1.00976458653e-08	-1.06113976926e-13
1.00987047517e-08	-1.04066725398e-13
1.0099763638e-08	-1.04166851468e-13
1.01008225243e-08	-1.03444759269e-13
1.01018814106e-08	-1.05125584344e-13
1.01029402969e-08	-1.03967710634e-13
1.01039991833e-08	-1.04005285016e-13
1.01050580696e-08	-1.01874732879e-13
1.01061169559e-08	-9.84925777547e-14
1.01071758422e-08	-9.87560659876e-14
1.01082347286e-08	-1.01999273827e-13
1.01092936149e-08	-1.05446894434e-13
1.01103525012e-08	-1.03640647496e-13
1.01114113875e-08	-1.00088374275e-13
1.01124702739e-08	-9.79381913025e-14
1.01135291602e-08	-9.62525347511e-14
1.01145880465e-08	-9.64911879781e-14
1.01156469328e-08	-9.86248300909e-14
1.01167058191e-08	-1.00705481823e-13
1.01177647055e-08	-1.00133158601e-13
1.01188235918e-08	-9.69417214146e-14
1.01198824781e-08	-9.63271752944e-14
1.01209413644e-08	-9.6199957722e-14
1.01220002508e-08	-9.79268071797e-14
1.01230591371e-08	-9.66609130519e-14
1.01241180234e-08	-9.64578826426e-14
1.01251769097e-08	-9.18665778215e-14
1.01262357961e-08	-9.17193228376e-14
1.01272946824e-08	-9.54713264283e-14
1.01283535687e-08	-9.92242515908e-14
1.0129412455e-08	-9.90297660498e-14
1.01304713413e-08	-9.57597242062e-14
1.01315302277e-08	-9.31853268052e-14
1.0132589114e-08	-8.96702891519e-14
1.01336480003e-08	-9.01570484935e-14
1.01347068866e-08	-9.45829650495e-14
1.0135765773e-08	-9.63049355974e-14
1.01368246593e-08	-9.53063108576e-14
1.01378835456e-08	-9.22858930117e-14
1.01389424319e-08	-9.09531374911e-14
1.01400013183e-08	-9.04817467153e-14
1.01410602046e-08	-9.11475552695e-14
1.01421190909e-08	-9.18168874806e-14
1.01431779772e-08	-8.95959603167e-14
1.01442368635e-08	-8.75268824432e-14
1.01452957499e-08	-8.615410631e-14
1.01463546362e-08	-8.74185164361e-14
1.01474135225e-08	-8.86225229486e-14
1.01484724088e-08	-9.09723753034e-14
1.01495312952e-08	-9.01658305311e-14
1.01505901815e-08	-8.74463668794e-14
1.01516490678e-08	-8.20187423837e-14
1.01527079541e-08	-8.19854844821e-14
1.01537668405e-08	-8.64725839219e-14
1.01548257268e-08	-8.84623591827e-14
1.01558846131e-08	-8.81398022601e-14
1.01569434994e-08	-8.5836319877e-14
1.01580023857e-08	-8.42937509073e-14
1.01590612721e-08	-8.16884469681e-14
1.01601201584e-08	-8.31690741125e-14
1.01611790447e-08	-8.33856434964e-14
1.0162237931e-08	-8.35751552599e-14
1.01632968174e-08	-8.30519870541e-14
1.01643557037e-08	-8.19941648757e-14
1.016541459e-08	-8.26751522603e-14
1.01664734763e-08	-8.40815047795e-14
1.01675323627e-08	-8.53433399254e-14
1.0168591249e-08	-8.45392752655e-14
1.01696501353e-08	-8.09103557265e-14
1.01707090216e-08	-7.85986672882e-14
1.01717679079e-08	-7.75873980406e-14
1.01728267943e-08	-8.00246574193e-14
1.01738856806e-08	-8.03603264119e-14
1.01749445669e-08	-8.1585427433e-14
1.01760034532e-08	-8.13804115784e-14
1.01770623396e-08	-7.92783400776e-14
1.01781212259e-08	-7.89217866407e-14
1.01791801122e-08	-7.79618340371e-14
1.01802389985e-08	-7.95263919821e-14
1.01812978849e-08	-7.80862394602e-14
1.01823567712e-08	-7.74415864009e-14
1.01834156575e-08	-7.75038738157e-14
1.01844745438e-08	-7.69098936555e-14
1.01855334301e-08	-7.75521343649e-14
1.01865923165e-08	-7.75585514865e-14
1.01876512028e-08	-7.65187406168e-14
1.01887100891e-08	-7.48124774478e-14
1.01897689754e-08	-7.33254331819e-14
1.01908278618e-08	-7.40686334423e-14
1.01918867481e-08	-7.44760969475e-14
1.01929456344e-08	-7.54578284622e-14
1.01940045207e-08	-7.32203739914e-14
1.01950634071e-08	-7.41475362554e-14
1.01961222934e-08	-7.25436149953e-14
1.01971811797e-08	-7.20057829551e-14
1.0198240066e-08	-7.39875893299e-14
1.01992989523e-08	-7.23952622568e-14
1.02003578387e-08	-7.19883340764e-14
1.0201416725e-08	-7.05456133505e-14
1.02024756113e-08	-7.03232028274e-14
1.02035344976e-08	-7.0131021216e-14
1.0204593384e-08	-7.09185788979e-14
1.02056522703e-08	-7.22200009756e-14
1.02067111566e-08	-7.18254869101e-14
1.02077700429e-08	-6.91939520546e-14
1.02088289293e-08	-6.65764440647e-14
1.02098878156e-08	-6.83287248397e-14
1.02109467019e-08	-6.84226438528e-14
1.02120055882e-08	-6.89638369198e-14
1.02130644745e-08	-6.95686116678e-14
1.02141233609e-08	-6.90739579792e-14
1.02151822472e-08	-6.66254635555e-14
1.02162411335e-08	-6.49376182709e-14
1.02173000198e-08	-6.58164115656e-14
1.02183589062e-08	-6.65255136677e-14
1.02194177925e-08	-6.65481734931e-14
1.02204766788e-08	-6.51868627979e-14
1.02215355651e-08	-6.38580646153e-14
1.02225944515e-08	-6.33952932467e-14
1.02236533378e-08	-6.35973343216e-14
1.02247122241e-08	-6.55471092985e-14
1.02257711104e-08	-6.45963182033e-14
1.02268299967e-08	-6.30054209218e-14
1.02278888831e-08	-6.07931267176e-14
1.02289477694e-08	-6.03015223475e-14
1.02300066557e-08	-6.09087094454e-14
1.0231065542e-08	-6.05541211249e-14
1.02321244284e-08	-6.37772441196e-14
1.02331833147e-08	-6.3141041061e-14
1.0234242201e-08	-6.03825190261e-14
1.02353010873e-08	-5.92938174146e-14
1.02363599737e-08	-5.96930748646e-14
1.023741886e-08	-5.94477605705e-14
1.02384777463e-08	-5.94421837056e-14
1.02395366326e-08	-5.89437962957e-14
1.02405955189e-08	-5.84659274119e-14
1.02416544053e-08	-5.77081039747e-14
1.02427132916e-08	-5.76944701324e-14
1.02437721779e-08	-5.85874596992e-14
1.02448310642e-08	-5.68131933371e-14
1.02458899506e-08	-5.6451622077e-14
1.02469488369e-08	-5.56331002587e-14
1.02480077232e-08	-5.50192893632e-14
1.02490666095e-08	-5.38914446651e-14
1.02501254959e-08	-5.4254757425e-14
1.02511843822e-08	-5.58820771233e-14
1.02522432685e-08	-5.41254561515e-14
1.02533021548e-08	-5.56863379735e-14
1.02543610411e-08	-5.49075047311e-14
1.02554199275e-08	-5.30381368978e-14
1.02564788138e-08	-5.26255607017e-14
1.02575377001e-08	-4.90424961383e-14
1.02585965864e-08	-5.18369154296e-14
1.02596554728e-08	-5.098653162e-14
1.02607143591e-08	-5.29054949264e-14
1.02617732454e-08	-5.227068439e-14
1.02628321317e-08	-5.08375554652e-14
1.0263891018e-08	-5.0452663694e-14
1.02649499044e-08	-4.94328394136e-14
1.02660087907e-08	-4.95638313649e-14
1.0267067677e-08	-4.79196286059e-14
1.02681265633e-08	-4.74407094012e-14
1.02691854497e-08	-4.83627894676e-14
1.0270244336e-08	-4.81165163323e-14
1.02713032223e-08	-4.82797023118e-14
1.02723621086e-08	-4.8707064315e-14
1.0273420995e-08	-4.89783655798e-14
1.02744798813e-08	-4.8156950297e-14
1.02755387676e-08	-4.45814615964e-14
1.02765976539e-08	-4.32631429054e-14
1.02776565402e-08	-4.33267652441e-14
1.02787154266e-08	-4.41247414312e-14
1.02797743129e-08	-4.53136436522e-14
1.02808331992e-08	-4.65626411668e-14
1.02818920855e-08	-4.47222723535e-14
1.02829509719e-08	-4.35991744281e-14
1.02840098582e-08	-3.98924938764e-14
1.02850687445e-08	-4.17395305331e-14
1.02861276308e-08	-4.14054099167e-14
1.02871865172e-08	-3.94679270819e-14
1.02882454035e-08	-4.06263835507e-14
1.02893042898e-08	-3.88357897815e-14
1.02903631761e-08	-3.9906829062e-14
1.02914220624e-08	-4.0960012888e-14
1.02924809488e-08	-4.17298811337e-14
1.02935398351e-08	-3.98974405488e-14
1.02945987214e-08	-3.57235095184e-14
1.02956576077e-08	-3.39845000557e-14
1.02967164941e-08	-3.45553223351e-14
1.02977753804e-08	-3.51211267913e-14
1.02988342667e-08	-3.8866730201e-14
1.0299893153e-08	-3.83945127211e-14
1.03009520394e-08	-3.74256120615e-14
1.03020109257e-08	-3.51453654862e-14
1.0303069812e-08	-3.18519963551e-14
1.03041286983e-08	-3.23177933254e-14
1.03051875846e-08	-3.35771314182e-14
1.0306246471e-08	-3.20481353044e-14
1.03073053573e-08	-3.29337760134e-14
1.03083642436e-08	-2.99460400867e-14
1.03094231299e-08	-3.0450248307e-14
1.03104820163e-08	-3.21225827242e-14
1.03115409026e-08	-3.22713555911e-14
1.03125997889e-08	-3.19595864801e-14
1.03136586752e-08	-2.93841556989e-14
1.03147175616e-08	-2.7205109232e-14
1.03157764479e-08	-2.49650187946e-14
1.03168353342e-08	-2.53483842125e-14
1.03178942205e-08	-2.84136541471e-14
1.03189531068e-08	-3.01193023701e-14
1.03200119932e-08	-2.89119483834e-14
1.03210708795e-08	-2.67712369336e-14
1.03221297658e-08	-2.36631037437e-14
1.03231886521e-08	-2.35131077613e-14
1.03242475385e-08	-2.4052494954e-14
1.03253064248e-08	-2.46610118936e-14
1.03263653111e-08	-2.46377794739e-14
1.03274241974e-08	-2.17331340912e-14
1.03284830838e-08	-2.23001125351e-14
1.03295419701e-08	-2.19894022153e-14
1.03306008564e-08	-2.19079074814e-14
1.03316597427e-08	-2.29599495069e-14
1.0332718629e-08	-2.10344657409e-14
1.03337775154e-08	-2.03597633409e-14
1.03348364017e-08	-1.81094339692e-14
1.0335895288e-08	-1.71158524636e-14
1.03369541743e-08	-2.03191565814e-14
1.03380130607e-08	-1.98281807097e-14
1.0339071947e-08	-2.09852853139e-14
1.03401308333e-08	-1.85019812242e-14
1.03411897196e-08	-1.63204258457e-14
1.0342248606e-08	-1.66039989239e-14
1.03433074923e-08	-1.55570933062e-14
1.03443663786e-08	-1.59858901832e-14
1.03454252649e-08	-1.76911945109e-14
1.03464841512e-08	-1.81062813126e-14
1.03475430376e-08	-1.64493324018e-14
1.03486019239e-08	-1.58227414732e-14
1.03496608102e-08	-1.42627066841e-14
1.03507196965e-08	-1.37648147885e-14
1.03517785829e-08	-1.39849544163e-14
1.03528374692e-08	-1.2370385952e-14
1.03538963555e-08	-1.07022418068e-14
1.03549552418e-08	-1.08855685357e-14
1.03560141282e-08	-1.37209994682e-14
1.03570730145e-08	-1.38691387544e-14
1.03581319008e-08	-1.4060169248e-14
1.03591907871e-08	-1.27237935086e-14
1.03602496734e-08	-9.88610015113e-15
1.03613085598e-08	-9.99986599331e-15
1.03623674461e-08	-6.48582190965e-15
1.03634263324e-08	-9.22729571245e-15
1.03644852187e-08	-9.7455443509e-15
1.03655441051e-08	-9.19055735243e-15
1.03666029914e-08	-9.52432645013e-15
1.03676618777e-08	-8.02974359096e-15
1.0368720764e-08	-8.29395264897e-15
1.03697796504e-08	-6.83865941306e-15
1.03708385367e-08	-5.39696359705e-15
1.0371897423e-08	-4.98027420898e-15
1.03729563093e-08	-4.23091559549e-15
1.03740151956e-08	-3.75386240443e-15
1.0375074082e-08	-5.70182134268e-15
1.03761329683e-08	-5.49289558405e-15
1.03771918546e-08	-5.41115732815e-15
1.03782507409e-08	-4.48148657601e-15
1.03793096273e-08	-3.42947652596e-15
1.03803685136e-08	-2.09808091683e-15
1.03814273999e-08	-4.42207843795e-17
1.03824862862e-08	-1.09694239505e-15
1.03835451726e-08	-1.77737899641e-15
1.03846040589e-08	-9.16264126407e-16
1.03856629452e-08	-1.03659553272e-15
1.03867218315e-08	-3.32504053994e-16
1.03877807178e-08	-1.07088564988e-15
1.03888396042e-08	-7.71564270418e-16
1.03898984905e-08	1.18263756535e-15
1.03909573768e-08	2.08840398893e-15
1.03920162631e-08	5.33108899771e-15
1.03930751495e-08	3.43855862498e-15
1.03941340358e-08	4.79945046244e-15
1.03951929221e-08	4.45621619507e-15
1.03962518084e-08	3.9502868038e-15
1.03973106948e-08	5.02498145497e-15
1.03983695811e-08	5.79350672999e-15
1.03994284674e-08	6.01116793942e-15
1.04004873537e-08	6.88371648366e-15
1.040154624e-08	6.66033864887e-15
1.04026051264e-08	7.04495936956e-15
1.04036640127e-08	7.94429067208e-15
1.0404722899e-08	8.22908178367e-15
1.04057817853e-08	9.55435546218e-15
1.04068406717e-08	8.29101513871e-15
1.0407899558e-08	6.73009265911e-15
1.04089584443e-08	8.89654798127e-15
1.04100173306e-08	9.95334524978e-15
1.0411076217e-08	1.07779199655e-14
1.04121351033e-08	1.14168851985e-14
1.04131939896e-08	1.03000951274e-14
1.04142528759e-08	1.24118516029e-14
1.04153117622e-08	1.19567136953e-14
1.04163706486e-08	1.20864334031e-14
1.04174295349e-08	1.3174247324e-14
1.04184884212e-08	1.66803064281e-14
1.04195473075e-08	1.51557182738e-14
1.04206061939e-08	1.43079467138e-14
1.04216650802e-08	1.469656543e-14
1.04227239665e-08	1.47872843527e-14
1.04237828528e-08	1.8093875668e-14
1.04248417392e-08	1.75246034589e-14
1.04259006255e-08	1.81726886957e-14
1.04269595118e-08	1.66479480754e-14
1.04280183981e-08	1.65880408232e-14
1.04290772844e-08	1.89836871673e-14
1.04301361708e-08	1.66745262753e-14
1.04311950571e-08	1.850799177e-14
1.04322539434e-08	1.93260036744e-14
1.04333128297e-08	1.82854982376e-14
1.04343717161e-08	2.02173821846e-14
1.04354306024e-08	2.10280232083e-14
1.04364894887e-08	2.25185911313e-14
1.0437548375e-08	2.08763263837e-14
1.04386072614e-08	2.23385915478e-14
1.04396661477e-08	2.29703714003e-14
1.0440725034e-08	2.2441277352e-14
1.04417839203e-08	2.50765577872e-14
1.04428428066e-08	2.2026080436e-14
1.0443901693e-08	2.46919929707e-14
1.04449605793e-08	2.44832857465e-14
1.04460194656e-08	2.48114991551e-14
1.04470783519e-08	2.65089582636e-14
1.04481372383e-08	2.85091367831e-14
1.04491961246e-08	3.04411647257e-14
1.04502550109e-08	2.66336872533e-14
1.04513138972e-08	2.51514778514e-14
1.04523727836e-08	2.57084325074e-14
1.04534316699e-08	2.71217069799e-14
1.04544905562e-08	2.81620091288e-14
1.04555494425e-08	3.13452775292e-14
1.04566083288e-08	3.24712079328e-14
1.04576672152e-08	2.81206688388e-14
1.04587261015e-08	3.13264259639e-14
1.04597849878e-08	3.00183834766e-14
1.04608438741e-08	3.23415678461e-14
1.04619027605e-08	3.08492279302e-14
1.04629616468e-08	3.05312280449e-14
1.04640205331e-08	3.12581313914e-14
1.04650794194e-08	2.88877842274e-14
1.04661383058e-08	3.25600549127e-14
1.04671971921e-08	3.44028055826e-14
1.04682560784e-08	3.67103943815e-14
1.04693149647e-08	3.63084027091e-14
1.0470373851e-08	3.33112511641e-14
1.04714327374e-08	3.36230473802e-14
1.04724916237e-08	3.14551986888e-14
1.047355051e-08	3.50522765652e-14
1.04746093963e-08	3.80000935232e-14
1.04756682827e-08	3.89853690237e-14
1.0476727169e-08	3.97580494189e-14
1.04777860553e-08	3.60796394388e-14
1.04788449416e-08	3.79689260989e-14
1.0479903828e-08	3.85067886323e-14
1.04809627143e-08	4.04097125228e-14
1.04820216006e-08	4.18901465436e-14
1.04830804869e-08	4.11070476432e-14
1.04841393732e-08	3.89334323515e-14
1.04851982596e-08	3.84192223662e-14
1.04862571459e-08	4.23747205402e-14
1.04873160322e-08	4.51047077292e-14
1.04883749185e-08	4.57419170629e-14
1.04894338049e-08	4.58250482645e-14
1.04904926912e-08	4.20969818249e-14
1.04915515775e-08	4.22253716909e-14
1.04926104638e-08	4.39462682011e-14
1.04936693502e-08	4.59129465675e-14
1.04947282365e-08	4.87310116305e-14
1.04957871228e-08	4.87508389777e-14
1.04968460091e-08	4.88045713597e-14
1.04979048954e-08	4.61719556902e-14
1.04989637818e-08	4.65122935284e-14
1.05000226681e-08	4.84846368512e-14
1.05010815544e-08	4.98984669773e-14
1.05021404407e-08	5.05187830859e-14
1.05031993271e-08	4.870647478e-14
1.05042582134e-08	4.83106122381e-14
1.05053170997e-08	5.09262330385e-14
1.0506375986e-08	5.31088099388e-14
1.05074348724e-08	5.6063420101e-14
1.05084937587e-08	5.3991269192e-14
1.0509552645e-08	5.29733625943e-14
1.05106115313e-08	5.16313947434e-14
1.05116704176e-08	5.0118397388e-14
1.0512729304e-08	5.43167331317e-14
1.05137881903e-08	5.65024101725e-14
1.05148470766e-08	5.87151719389e-14
1.05159059629e-08	5.67618021541e-14
1.05169648493e-08	5.49361615497e-14
1.05180237356e-08	5.57196500853e-14
1.05190826219e-08	5.66507324178e-14
1.05201415082e-08	5.8009803558e-14
1.05212003946e-08	5.71265108243e-14
1.05222592809e-08	5.77885788809e-14
1.05233181672e-08	5.82432458382e-14
1.05243770535e-08	5.91089744967e-14
1.05254359398e-08	6.03785413594e-14
1.05264948262e-08	6.08325306903e-14
1.05275537125e-08	6.20679993946e-14
1.05286125988e-08	6.03565930416e-14
1.05296714851e-08	5.98151899105e-14
1.05307303715e-08	5.99282450921e-14
1.05317892578e-08	6.04420485016e-14
1.05328481441e-08	6.37130525747e-14
1.05339070304e-08	6.45741462689e-14
1.05349659168e-08	6.52517116403e-14
1.05360248031e-08	6.45630467491e-14
1.05370836894e-08	6.50809091405e-14
1.05381425757e-08	6.48384137721e-14
1.0539201462e-08	6.55873196465e-14
1.05402603484e-08	6.65980942269e-14
1.05413192347e-08	6.52569564683e-14
1.0542378121e-08	6.84300570852e-14
1.05434370073e-08	6.77176481664e-14
1.05444958937e-08	7.05205750566e-14
1.054555478e-08	7.06368760684e-14
1.05466136663e-08	7.09526228461e-14
1.05476725526e-08	7.06460308005e-14
1.0548731439e-08	6.75713689646e-14
1.05497903253e-08	6.89182936523e-14
1.05508492116e-08	6.93913513889e-14
1.05519080979e-08	7.154721287e-14
1.05529669842e-08	7.31139866532e-14
1.05540258706e-08	7.43950392826e-14
1.05550847569e-08	7.44090390432e-14
1.05561436432e-08	7.36727573478e-14
1.05572025295e-08	7.33627094078e-14
1.05582614159e-08	7.46538925513e-14
1.05593203022e-08	7.39234587714e-14
1.05603791885e-08	7.36392690532e-14
1.05614380748e-08	7.39468368808e-14
1.05624969612e-08	7.64021550019e-14
1.05635558475e-08	7.89444532423e-14
1.05646147338e-08	8.05461451117e-14
1.05656736201e-08	7.93603938533e-14
1.05667325064e-08	7.91855459242e-14
1.05677913928e-08	7.57072559482e-14
1.05688502791e-08	7.70480616699e-14
1.05699091654e-08	7.8083921978e-14
1.05709680517e-08	7.9974980631e-14
1.05720269381e-08	8.20583428681e-14
1.05730858244e-08	8.05352624324e-14
1.05741447107e-08	8.35313941497e-14
1.0575203597e-08	8.04949030066e-14
1.05762624834e-08	8.19765194854e-14
1.05773213697e-08	8.13760002308e-14
1.0578380256e-08	8.02911068794e-14
1.05794391423e-08	8.27977213159e-14
1.05804980286e-08	8.1707081693e-14
1.0581556915e-08	8.46385543032e-14
1.05826158013e-08	8.39425507186e-14
1.05836746876e-08	8.70948956401e-14
1.05847335739e-08	8.72768993036e-14
1.05857924603e-08	8.45737054608e-14
1.05868513466e-08	8.6199276883e-14
1.05879102329e-08	8.30467693311e-14
1.05889691192e-08	8.62834584055e-14
1.05900280056e-08	8.74834601462e-14
1.05910868919e-08	8.86645561116e-14
1.05921457782e-08	8.99309652354e-14
1.05932046645e-08	9.04496136734e-14
1.05942635508e-08	8.91416118438e-14
1.05953224372e-08	9.0773302232e-14
1.05963813235e-08	9.08472312677e-14
1.05974402098e-08	9.10846173333e-14
1.05984990961e-08	9.24215334797e-14
1.05995579825e-08	9.06106244723e-14
1.06006168688e-08	9.2542218734e-14
1.06016757551e-08	9.36035713457e-14
1.06027346414e-08	9.32258217563e-14
1.06037935278e-08	9.52236946521e-14
1.06048524141e-08	9.38725822335e-14
1.06059113004e-08	9.44350663206e-14
1.06069701867e-08	9.41604379103e-14
1.0608029073e-08	9.46070953241e-14
1.06090879594e-08	9.68594440222e-14
1.06101468457e-08	9.64629851691e-14
1.0611205732e-08	9.725571314e-14
1.06122646183e-08	9.60086299199e-14
1.06133235047e-08	9.75800386674e-14
1.0614382391e-08	9.7745928376e-14
1.06154412773e-08	1.00874292101e-13
1.06165001636e-08	1.01676547498e-13
1.061755905e-08	1.01455085652e-13
1.06186179363e-08	1.00233000068e-13
1.06196768226e-08	1.01117770027e-13
1.06207357089e-08	1.0173176727e-13
1.06217945952e-08	1.01965731323e-13
1.06228534816e-08	1.03557712806e-13
1.06239123679e-08	1.02781986481e-13
1.06249712542e-08	1.02718248946e-13
1.06260301405e-08	1.02212028175e-13
1.06270890269e-08	1.04515734175e-13
1.06281479132e-08	1.08196512459e-13
1.06292067995e-08	1.08571178849e-13
1.06302656858e-08	1.09098128209e-13
1.06313245722e-08	1.06250437322e-13
1.06323834585e-08	1.06225019557e-13
1.06334423448e-08	1.06712449749e-13
1.06345012311e-08	1.08152581942e-13
1.06355601174e-08	1.09086283301e-13
1.06366190038e-08	1.09689797664e-13
1.06376778901e-08	1.11675012499e-13
1.06387367764e-08	1.11658647823e-13
1.06397956627e-08	1.11496749333e-13
1.06408545491e-08	1.12650801231e-13
1.06419134354e-08	1.13429224509e-13
1.06429723217e-08	1.13036817862e-13
1.0644031208e-08	1.11628086874e-13
1.06450900944e-08	1.13428851815e-13
1.06461489807e-08	1.12922651373e-13
1.0647207867e-08	1.16715366755e-13
1.06482667533e-08	1.16880057065e-13
1.06493256396e-08	1.1652560427e-13
1.0650384526e-08	1.17595901549e-13
1.06514434123e-08	1.1389790478e-13
1.06525022986e-08	1.15532976523e-13
1.06535611849e-08	1.15170351554e-13
1.06546200713e-08	1.1723295132e-13
1.06556789576e-08	1.19237004168e-13
1.06567378439e-08	1.19450077e-13
1.06577967302e-08	1.20228439292e-13
1.06588556166e-08	1.19155743215e-13
1.06599145029e-08	1.21459035863e-13
1.06609733892e-08	1.21428813727e-13
1.06620322755e-08	1.21715598754e-13
1.06630911618e-08	1.2157636009e-13
1.06641500482e-08	1.20374210274e-13
1.06652089345e-08	1.21910321465e-13
1.06662678208e-08	1.23533738035e-13
1.06673267071e-08	1.25434832334e-13
1.06683855935e-08	1.26165245785e-13
1.06694444798e-08	1.27576578858e-13
1.06705033661e-08	1.25301909148e-13
1.06715622524e-08	1.24765635648e-13
1.06726211388e-08	1.24592271721e-13
1.06736800251e-08	1.25236369127e-13
1.06747389114e-08	1.28183623655e-13
1.06757977977e-08	1.27456069787e-13
1.0676856684e-08	1.29514088798e-13
1.06779155704e-08	1.28097836158e-13
1.06789744567e-08	1.28724830274e-13
1.0680033343e-08	1.29764715683e-13
1.06810922293e-08	1.29393322229e-13
1.06821511157e-08	1.30667747672e-13
1.0683210002e-08	1.30639788809e-13
1.06842688883e-08	1.31930328207e-13
1.06853277746e-08	1.32364849333e-13
1.0686386661e-08	1.32316304181e-13
1.06874455473e-08	1.34092688125e-13
1.06885044336e-08	1.32279753015e-13
1.06895633199e-08	1.34315003781e-13
1.06906222062e-08	1.34826083132e-13
1.06916810926e-08	1.36529717111e-13
1.06927399789e-08	1.35265686456e-13
1.06937988652e-08	1.36913958361e-13
1.06948577515e-08	1.37339860079e-13
1.06959166379e-08	1.36670934444e-13
1.06969755242e-08	1.36968724123e-13
1.06980344105e-08	1.36313459435e-13
1.06990932968e-08	1.39055325414e-13
1.07001521832e-08	1.3716327065e-13
1.07012110695e-08	1.39496798986e-13
1.07022699558e-08	1.39333531692e-13
1.07033288421e-08	1.41653209345e-13
1.07043877284e-08	1.42019154683e-13
1.07054466148e-08	1.40223404177e-13
1.07065055011e-08	1.4278499444e-13
1.07075643874e-08	1.40468257685e-13
1.07086232737e-08	1.42104522051e-13
1.07096821601e-08	1.428435007e-13
1.07107410464e-08	1.42808277682e-13
1.07117999327e-08	1.45312296809e-13
1.0712858819e-08	1.44798574715e-13
1.07139177054e-08	1.45824568783e-13
1.07149765917e-08	1.44121110987e-13
1.0716035478e-08	1.44986914185e-13
1.07170943643e-08	1.44714264443e-13
1.07181532506e-08	1.46300330249e-13
1.0719212137e-08	1.472002045e-13
1.07202710233e-08	1.4641960604e-13
1.07213299096e-08	1.48564198595e-13
1.07223887959e-08	1.47419023603e-13
1.07234476823e-08	1.50614533324e-13
1.07245065686e-08	1.50318058239e-13
1.07255654549e-08	1.51015498392e-13
1.07266243412e-08	1.50562559382e-13
1.07276832276e-08	1.49498780868e-13
1.07287421139e-08	1.50542379669e-13
1.07298010002e-08	1.51502874374e-13
1.07308598865e-08	1.53830656438e-13
1.07319187728e-08	1.54147514523e-13
1.07329776592e-08	1.54468587444e-13
1.07340365455e-08	1.52625579276e-13
1.07350954318e-08	1.52890924205e-13
1.07361543181e-08	1.54569946794e-13
1.07372132045e-08	1.55071525824e-13
1.07382720908e-08	1.56478942217e-13
1.07393309771e-08	1.55946951316e-13
1.07403898634e-08	1.56170635777e-13
1.07414487497e-08	1.54187169217e-13
1.07425076361e-08	1.55933913785e-13
1.07435665224e-08	1.57583554495e-13
1.07446254087e-08	1.57840103834e-13
1.0745684295e-08	1.58845755559e-13
1.07467431814e-08	1.58208976518e-13
1.07478020677e-08	1.58939457732e-13
1.0748860954e-08	1.56968852521e-13
1.07499198403e-08	1.58936774332e-13
1.07509787267e-08	1.60207283095e-13
1.0752037613e-08	1.58853087477e-13
1.07530964993e-08	1.6033199345e-13
1.07541553856e-08	1.59918519399e-13
1.07552142719e-08	1.62781558523e-13
1.07562731583e-08	1.62403781829e-13
1.07573320446e-08	1.62336412216e-13
1.07583909309e-08	1.62044314599e-13
1.07594498172e-08	1.62538250003e-13
1.07605087036e-08	1.64176316856e-13
1.07615675899e-08	1.63378032349e-13
1.07626264762e-08	1.66006612753e-13
1.07636853625e-08	1.65681839992e-13
1.07647442489e-08	1.66720641199e-13
1.07658031352e-08	1.67660996848e-13
1.07668620215e-08	1.65774593488e-13
1.07679209078e-08	1.67496604694e-13
1.07689797941e-08	1.67565885213e-13
1.07700386805e-08	1.69646198131e-13
1.07710975668e-08	1.69497296515e-13
1.07721564531e-08	1.70853836721e-13
1.07732153394e-08	1.70418475338e-13
1.07742742258e-08	1.71082169698e-13
1.07753331121e-08	1.73203804272e-13
1.07763919984e-08	1.71937849158e-13
1.07774508847e-08	1.73671976323e-13
1.07785097711e-08	1.73104125435e-13
1.07795686574e-08	1.73775436315e-13
1.07806275437e-08	1.75237469392e-13
1.078168643e-08	1.75237347419e-13
1.07827453163e-08	1.76474435651e-13
1.07838042027e-08	1.76152319185e-13
1.0784863089e-08	1.76503709109e-13
1.07859219753e-08	1.75095737063e-13
1.07869808616e-08	1.77441259385e-13
1.0788039748e-08	1.76541317372e-13
1.07890986343e-08	1.76468757142e-13
1.07901575206e-08	1.76879452925e-13
1.07912164069e-08	1.77164327046e-13
1.07922752933e-08	1.78586366615e-13
1.07933341796e-08	1.78136070348e-13
1.07943930659e-08	1.79771819718e-13
1.07954519522e-08	1.79187190801e-13
1.07965108385e-08	1.80773554763e-13
1.07975697249e-08	1.79527386338e-13
1.07986286112e-08	1.78314760418e-13
1.07996874975e-08	1.81363076141e-13
1.08007463838e-08	1.80935683645e-13
1.08018052702e-08	1.8352946116e-13
1.08028641565e-08	1.83181513578e-13
1.08039230428e-08	1.83980285976e-13
1.08049819291e-08	1.83267788965e-13
1.08060408155e-08	1.83309937325e-13
1.08070997018e-08	1.84492856105e-13
1.08081585881e-08	1.82978916849e-13
1.08092174744e-08	1.85016498649e-13
1.08102763607e-08	1.84982671542e-13
1.08113352471e-08	1.8624065777e-13
1.08123941334e-08	1.88054853265e-13
1.08134530197e-08	1.88910464962e-13
1.0814511906e-08	1.89155142287e-13
1.08155707924e-08	1.86845100481e-13
1.08166296787e-08	1.87992769138e-13
1.0817688565e-08	1.86420215202e-13
1.08187474513e-08	1.8877826006e-13
1.08198063377e-08	1.89308556895e-13
1.0820865224e-08	1.90462784975e-13
1.08219241103e-08	1.93823621974e-13
1.08229829966e-08	1.91567573436e-13
1.08240418829e-08	1.92043050299e-13
1.08251007693e-08	1.8999378622e-13
1.08261596556e-08	1.91021569222e-13
1.08272185419e-08	1.91909327514e-13
1.08282774282e-08	1.9297547772e-13
1.08293363146e-08	1.93513458838e-13
1.08303952009e-08	1.92770170486e-13
1.08314540872e-08	1.94852191023e-13
1.08325129735e-08	1.94002976119e-13
1.08335718599e-08	1.95110420875e-13
1.08346307462e-08	1.94030121831e-13
1.08356896325e-08	1.94617962696e-13
1.08367485188e-08	1.95332560348e-13
1.08378074051e-08	1.96544549299e-13
1.08388662915e-08	1.98005606594e-13
1.08399251778e-08	1.97984261364e-13
1.08409840641e-08	1.99859890465e-13
1.08420429504e-08	1.99979789672e-13
1.08431018368e-08	1.9901796682e-13
1.08441607231e-08	1.97784036328e-13
1.08452196094e-08	1.97312069569e-13
1.08462784957e-08	1.99178821765e-13
1.08473373821e-08	1.9968799021e-13
1.08483962684e-08	2.00448937505e-13
1.08494551547e-08	2.01802509707e-13
1.0850514041e-08	2.02992394486e-13
1.08515729273e-08	2.02466773273e-13
1.08526318137e-08	2.01777993186e-13
1.08536907e-08	2.02016219508e-13
1.08547495863e-08	2.02183498351e-13
1.08558084726e-08	2.03763641702e-13
1.0856867359e-08	2.03433434378e-13
1.08579262453e-08	2.05140876616e-13
1.08589851316e-08	2.05563119153e-13
1.08600440179e-08	2.0670612574e-13
1.08611029043e-08	2.06815386214e-13
1.08621617906e-08	2.05224861627e-13
1.08632206769e-08	2.05549837676e-13
1.08642795632e-08	2.05369412882e-13
1.08653384495e-08	2.07584803838e-13
1.08663973359e-08	2.07897067617e-13
1.08674562222e-08	2.08015787755e-13
1.08685151085e-08	2.0820195882e-13
1.08695739948e-08	2.08394242075e-13
1.08706328812e-08	2.10012590001e-13
1.08716917675e-08	2.07817880201e-13
1.08727506538e-08	2.09385067336e-13
1.08738095401e-08	2.09720885406e-13
1.08748684265e-08	2.10866683815e-13
1.08759273128e-08	2.12744942106e-13
1.08769861991e-08	2.13014949104e-13
1.08780450854e-08	2.15069851034e-13
1.08791039717e-08	2.13199629392e-13
1.08801628581e-08	2.139458993e-13
1.08812217444e-08	2.12281933568e-13
1.08822806307e-08	2.13391777122e-13
1.0883339517e-08	2.13992316705e-13
1.08843984034e-08	2.14038978056e-13
1.08854572897e-08	2.16394515696e-13
1.0886516176e-08	2.15840407071e-13
1.08875750623e-08	2.18476576891e-13
1.08886339487e-08	2.17728653574e-13
1.0889692835e-08	2.17735158787e-13
1.08907517213e-08	2.16553107369e-13
1.08918106076e-08	2.16973032423e-13
1.08928694939e-08	2.19820404826e-13
1.08939283803e-08	2.19201772619e-13
1.08949872666e-08	2.20284429803e-13
1.08960461529e-08	2.21262990026e-13
1.08971050392e-08	2.21638828709e-13
1.08981639256e-08	2.19624760544e-13
1.08992228119e-08	2.19844962005e-13
1.09002816982e-08	2.20320262685e-13
1.09013405845e-08	2.2102892433e-13
1.09023994709e-08	2.22341635663e-13
1.09034583572e-08	2.21211598843e-13
1.09045172435e-08	2.24328531011e-13
1.09055761298e-08	2.24512438805e-13
1.09066350161e-08	2.24008298347e-13
1.09076939025e-08	2.24283753462e-13
1.09087527888e-08	2.23911858564e-13
1.09098116751e-08	2.24937703555e-13
1.09108705614e-08	2.24774680205e-13
1.09119294478e-08	2.25293796206e-13
1.09129883341e-08	2.25793654065e-13
1.09140472204e-08	2.26874400343e-13
1.09151061067e-08	2.27930142208e-13
1.09161649931e-08	2.28036150076e-13
1.09172238794e-08	2.28042736604e-13
1.09182827657e-08	2.28485687401e-13
1.0919341652e-08	2.30106759385e-13
1.09204005383e-08	2.28943491769e-13
1.09214594247e-08	2.30024956331e-13
1.0922518311e-08	2.32183358911e-13
1.09235771973e-08	2.33845169791e-13
1.09246360836e-08	2.34138338058e-13
1.092569497e-08	2.32094671173e-13
1.09267538563e-08	2.32731016533e-13
1.09278127426e-08	2.31510204887e-13
1.09288716289e-08	2.32607769851e-13
1.09299305153e-08	2.3266460915e-13
1.09309894016e-08	2.32737142275e-13
1.09320482879e-08	2.33851403953e-13
1.09331071742e-08	2.34654797763e-13
1.09341660605e-08	2.37819854955e-13
1.09352249469e-08	2.36312542885e-13
1.09362838332e-08	2.36408928458e-13
1.09373427195e-08	2.35803049179e-13
1.09384016058e-08	2.35768923915e-13
1.09394604922e-08	2.36234127962e-13
1.09405193785e-08	2.36273836867e-13
1.09415782648e-08	2.37671671623e-13
1.09426371511e-08	2.39068124021e-13
1.09436960375e-08	2.4017306156e-13
1.09447549238e-08	2.40449099433e-13
1.09458138101e-08	2.39366388039e-13
1.09468726964e-08	2.39447025575e-13
1.09479315827e-08	2.38243425639e-13
1.09489904691e-08	2.40469346909e-13
1.09500493554e-08	2.4068691918e-13
1.09511082417e-08	2.41403549711e-13
1.0952167128e-08	2.42128122023e-13
1.09532260144e-08	2.42747147253e-13
1.09542849007e-08	2.42188376558e-13
1.0955343787e-08	2.43114474949e-13
1.09564026733e-08	2.44326016667e-13
1.09574615597e-08	2.42711504107e-13
1.0958520446e-08	2.43814408767e-13
1.09595793323e-08	2.4347426744e-13
1.09606382186e-08	2.45223465015e-13
1.09616971049e-08	2.47105287621e-13
1.09627559913e-08	2.46847220399e-13
1.09638148776e-08	2.48355941932e-13
1.09648737639e-08	2.47706044045e-13
1.09659326502e-08	2.48190248735e-13
1.09669915366e-08	2.45547018048e-13
1.09680504229e-08	2.47537775867e-13
1.09691093092e-08	2.47735263293e-13
1.09701681955e-08	2.47386068878e-13
1.09712270819e-08	2.49007872698e-13
1.09722859682e-08	2.48703835304e-13
1.09733448545e-08	2.49894018239e-13
1.09744037408e-08	2.49878270202e-13
1.09754626271e-08	2.50399798552e-13
1.09765215135e-08	2.50523478915e-13
1.09775803998e-08	2.50210686588e-13
1.09786392861e-08	2.52395516596e-13
1.09796981724e-08	2.51461639055e-13
1.09807570588e-08	2.53283207125e-13
1.09818159451e-08	2.52388469282e-13
1.09828748314e-08	2.52323796622e-13
1.09839337177e-08	2.53403526461e-13
1.09849926041e-08	2.52653909079e-13
1.09860514904e-08	2.53207312973e-13
1.09871103767e-08	2.54117554907e-13
1.0988169263e-08	2.5632734867e-13
1.09892281493e-08	2.54280673124e-13
1.09902870357e-08	2.55439793666e-13
1.0991345922e-08	2.55656606996e-13
1.09924048083e-08	2.57006248965e-13
1.09934636946e-08	2.56386139532e-13
1.0994522581e-08	2.55517205701e-13
1.09955814673e-08	2.56987519372e-13
1.09966403536e-08	2.56483148522e-13
1.09976992399e-08	2.57568760157e-13
1.09987581263e-08	2.57627090234e-13
1.09998170126e-08	2.57429928069e-13
1.10008758989e-08	2.59442803612e-13
1.10019347852e-08	2.5926431683e-13
1.10029936715e-08	2.59853282555e-13
1.10040525579e-08	2.59619176201e-13
1.10051114442e-08	2.60881838051e-13
1.10061703305e-08	2.6007806477e-13
1.10072292168e-08	2.60588344523e-13
1.10082881032e-08	2.61288495181e-13
1.10093469895e-08	2.61732936756e-13
1.10104058758e-08	2.63102013049e-13
1.10114647621e-08	2.63289823971e-13
1.10125236485e-08	2.62489086456e-13
1.10135825348e-08	2.61575835861e-13
1.10146414211e-08	2.62252052756e-13
1.10157003074e-08	2.63857729069e-13
1.10167591937e-08	2.64235952997e-13
1.10178180801e-08	2.64819524816e-13
1.10188769664e-08	2.65003405504e-13
1.10199358527e-08	2.6570970901e-13
1.1020994739e-08	2.66484588302e-13
1.10220536254e-08	2.66564710843e-13
1.10231125117e-08	2.6610677095e-13
1.1024171398e-08	2.68097528769e-13
1.10252302843e-08	2.678359921e-13
1.10262891707e-08	2.67377970892e-13
1.1027348057e-08	2.6842005181e-13
1.10284069433e-08	2.68713653759e-13
1.10294658296e-08	2.68962857628e-13
1.10305247159e-08	2.69521655428e-13
1.10315836023e-08	2.68767132031e-13
1.10326424886e-08	2.69857866522e-13
1.10337013749e-08	2.70152471357e-13
1.10347602612e-08	2.70466266571e-13
1.10358191476e-08	2.6992955939e-13
1.10368780339e-08	2.7162885656e-13
1.10379369202e-08	2.724399211e-13
1.10389958065e-08	2.72540128486e-13
1.10400546929e-08	2.73682985996e-13
1.10411135792e-08	2.72773042218e-13
1.10421724655e-08	2.72937922263e-13
1.10432313518e-08	2.73915872623e-13
1.10442902381e-08	2.72943451694e-13
1.10453491245e-08	2.72723792334e-13
1.10464080108e-08	2.7327828043e-13
1.10474668971e-08	2.74067362771e-13
1.10485257834e-08	2.75221116513e-13
1.10495846698e-08	2.76200205285e-13
1.10506435561e-08	2.75788669245e-13
1.10517024424e-08	2.76050720911e-13
1.10527613287e-08	2.75192629101e-13
1.10538202151e-08	2.75472353262e-13
1.10548791014e-08	2.77560309805e-13
1.10559379877e-08	2.7754515808e-13
1.1056996874e-08	2.77946204464e-13
1.10580557603e-08	2.78259647312e-13
1.10591146467e-08	2.78808795712e-13
1.1060173533e-08	2.78297675703e-13
1.10612324193e-08	2.78646924328e-13
1.10622913056e-08	2.78667713904e-13
1.1063350192e-08	2.77568305796e-13
1.10644090783e-08	2.78945865972e-13
1.10654679646e-08	2.79246271289e-13
1.10665268509e-08	2.80693437243e-13
1.10675857373e-08	2.80620443332e-13
1.10686446236e-08	2.80667524812e-13
1.10697035099e-08	2.8103872853e-13
1.10707623962e-08	2.82310497679e-13
1.10718212825e-08	2.81943684979e-13
1.10728801689e-08	2.82041480015e-13
1.10739390552e-08	2.83265652688e-13
1.10749979415e-08	2.82687854245e-13
1.10760568278e-08	2.83619454962e-13
1.10771157142e-08	2.83931000456e-13
1.10781746005e-08	2.83027860046e-13
1.10792334868e-08	2.84058773682e-13
1.10802923731e-08	2.83491681735e-13
1.10813512595e-08	2.84761418005e-13
1.10824101458e-08	2.84359748205e-13
1.10834690321e-08	2.84909411601e-13
1.10845279184e-08	2.86105015547e-13
1.10855868047e-08	2.87974342723e-13
1.10866456911e-08	2.87652388888e-13
1.10877045774e-08	2.87248415158e-13
1.10887634637e-08	2.86919170063e-13
1.108982235e-08	2.86003696854e-13
1.10908812364e-08	2.87458479329e-13
1.10919401227e-08	2.8697744593e-13
1.1092999009e-08	2.8833974596e-13
1.10940578953e-08	2.89249256057e-13
1.10951167817e-08	2.88411520144e-13
1.1096175668e-08	2.90320637539e-13
1.10972345543e-08	2.90887973431e-13
1.10982934406e-08	2.90905889872e-13
1.10993523269e-08	2.91767966124e-13
1.11004112133e-08	2.91141459899e-13
1.11014700996e-08	2.90555557045e-13
1.11025289859e-08	2.89975020992e-13
1.11035878722e-08	2.91097414186e-13
1.11046467586e-08	2.92703605494e-13
1.11057056449e-08	2.93001598461e-13
1.11067645312e-08	2.93494802029e-13
1.11078234175e-08	2.93480300825e-13
1.11088823039e-08	2.92359317094e-13
1.11099411902e-08	2.92234010428e-13
1.11110000765e-08	2.92767817368e-13
1.11120589628e-08	2.93960385547e-13
1.11131178491e-08	2.94837342475e-13
1.11141767355e-08	2.94784596039e-13
1.11152356218e-08	2.96172835606e-13
1.11162945081e-08	2.97324854624e-13
1.11173533944e-08	2.97380609721e-13
1.11184122808e-08	2.97088688286e-13
1.11194711671e-08	2.963320778e-13
1.11205300534e-08	2.97191036971e-13
1.11215889397e-08	2.96172944026e-13
1.11226478261e-08	2.95790058029e-13
1.11237067124e-08	2.97982152191e-13
1.11247655987e-08	2.97874057234e-13
1.1125824485e-08	2.98719870454e-13
1.11268833713e-08	2.98832925636e-13
1.11279422577e-08	2.97600404606e-13
1.1129001144e-08	2.98835283775e-13
1.11300600303e-08	2.98454457762e-13
1.11311189166e-08	2.99526164505e-13
1.1132177803e-08	2.99564572367e-13
1.11332366893e-08	2.9977572074e-13
1.11342955756e-08	3.01795345442e-13
1.11353544619e-08	3.00583586884e-13
1.11364133483e-08	3.01218929357e-13
1.11374722346e-08	3.01339573953e-13
1.11385311209e-08	3.01239827354e-13
1.11395900072e-08	3.01798923309e-13
1.11406488935e-08	3.01754606545e-13
1.11417077799e-08	3.02026334715e-13
1.11427666662e-08	3.03374892482e-13
1.11438255525e-08	3.04097648755e-13
1.11448844388e-08	3.04866185465e-13
1.11459433252e-08	3.04438115342e-13
1.11470022115e-08	3.03352368182e-13
1.11480610978e-08	3.03576283035e-13
1.11491199841e-08	3.03510932749e-13
1.11501788705e-08	3.03927645854e-13
1.11512377568e-08	3.0494858483e-13
1.11522966431e-08	3.06199537297e-13
1.11533555294e-08	3.07991533752e-13
1.11544144157e-08	3.07742356988e-13
1.11554733021e-08	3.07392241002e-13
1.11565321884e-08	3.06269685177e-13
1.11575910747e-08	3.05577069724e-13
1.1158649961e-08	3.05531695863e-13
1.11597088474e-08	3.06571527062e-13
1.11607677337e-08	3.07417719753e-13
1.116182662e-08	3.09151250606e-13
1.11628855063e-08	3.10260579164e-13
1.11639443927e-08	3.09924666226e-13
1.1165003279e-08	3.10072524297e-13
1.11660621653e-08	3.09302008918e-13
1.11671210516e-08	3.09521207493e-13
1.11681799379e-08	3.08655716003e-13
1.11692388243e-08	3.08747303982e-13
1.11702977106e-08	3.10272640913e-13
1.11713565969e-08	3.10627337654e-13
1.11724154832e-08	3.12008719642e-13
1.11734743696e-08	3.12448390728e-13
1.11745332559e-08	3.12566189294e-13
1.11755921422e-08	3.12590990419e-13
1.11766510285e-08	3.1129428462e-13
1.11777099149e-08	3.10254209476e-13
1.11787688012e-08	3.11310439233e-13
1.11798276875e-08	3.1234699072e-13
1.11808865738e-08	3.13701592914e-13
1.11819454601e-08	3.14597631799e-13
1.11830043465e-08	3.14141345315e-13
1.11840632328e-08	3.14042601602e-13
1.11851221191e-08	3.13541266518e-13
1.11861810054e-08	3.13737290271e-13
1.11872398918e-08	3.13777432856e-13
1.11882987781e-08	3.13188846602e-13
1.11893576644e-08	3.14604299643e-13
1.11904165507e-08	3.16119932965e-13
1.11914754371e-08	3.15417261537e-13
1.11925343234e-08	3.15352778613e-13
1.11935932097e-08	3.15171039223e-13
1.1194652096e-08	3.16689112e-13
1.11957109823e-08	3.15467405887e-13
1.11967698687e-08	3.15108968649e-13
1.1197828755e-08	3.15230670343e-13
1.11988876413e-08	3.16615955459e-13
1.11999465276e-08	3.17825193247e-13
1.1201005414e-08	3.18766687308e-13
1.12020643003e-08	3.19737915614e-13
1.12031231866e-08	3.18709224593e-13
1.12041820729e-08	3.17790227727e-13
1.12052409592e-08	3.17965028222e-13
1.12062998456e-08	3.17445071965e-13
1.12073587319e-08	3.18424187842e-13
1.12084176182e-08	3.19340772359e-13
1.12094765045e-08	3.1961583445e-13
1.12105353909e-08	3.19366847421e-13
1.12115942772e-08	3.19994898634e-13
1.12126531635e-08	3.20950162063e-13
1.12137120498e-08	3.2094579815e-13
1.12147709362e-08	3.20394535555e-13
1.12158298225e-08	3.19865173844e-13
1.12168887088e-08	3.20262235785e-13
1.12179475951e-08	3.2146008945e-13
1.12190064814e-08	3.21626677114e-13
1.12200653678e-08	3.23772963735e-13
1.12211242541e-08	3.22963335762e-13
1.12221831404e-08	3.22707382735e-13
1.12232420267e-08	3.22709686664e-13
1.12243009131e-08	3.216920274e-13
1.12253597994e-08	3.22383314705e-13
1.12264186857e-08	3.22483440776e-13
1.1227477572e-08	3.23117699047e-13
1.12285364584e-08	3.23866801433e-13
1.12295953447e-08	3.23605617129e-13
1.1230654231e-08	3.24288393447e-13
1.12317131173e-08	3.23941015071e-13
1.12327720036e-08	3.23017627186e-13
1.123383089e-08	3.23850050509e-13
1.12348897763e-08	3.24462380791e-13
1.12359486626e-08	3.24331626009e-13
1.12370075489e-08	3.25200993521e-13
1.12380664353e-08	3.27385064587e-13
1.12391253216e-08	3.28555352412e-13
1.12401842079e-08	3.27933128786e-13
1.12412430942e-08	3.27808743691e-13
1.12423019806e-08	3.2629107749e-13
1.12433608669e-08	3.26643822667e-13
1.12444197532e-08	3.26444627623e-13
1.12454786395e-08	3.26607230844e-13
1.12465375258e-08	3.27846582347e-13
1.12475964122e-08	3.28372799872e-13
1.12486552985e-08	3.29549348964e-13
1.12497141848e-08	3.28313954799e-13
1.12507730711e-08	3.27892416994e-13
1.12518319575e-08	3.27811779458e-13
1.12528908438e-08	3.27093441308e-13
1.12539497301e-08	3.28167695926e-13
1.12550086164e-08	3.28813148584e-13
1.12560675028e-08	3.29389103883e-13
1.12571263891e-08	3.30911974255e-13
1.12581852754e-08	3.31455322173e-13
1.12592441617e-08	3.31036549084e-13
1.1260303048e-08	3.3035572433e-13
1.12613619344e-08	3.29052784369e-13
1.12624208207e-08	3.29134641633e-13
1.1263479707e-08	3.29519072619e-13
1.12645385933e-08	3.30156095605e-13
1.12655974797e-08	3.31110572988e-13
1.1266656366e-08	3.31209804591e-13
1.12677152523e-08	3.31637495243e-13
1.12687741386e-08	3.3204520947e-13
1.1269833025e-08	3.31714175442e-13
1.12708919113e-08	3.31727185868e-13
1.12719507976e-08	3.31913207856e-13
1.12730096839e-08	3.30407332353e-13
1.12740685702e-08	3.31629363727e-13
1.12751274566e-08	3.31848155725e-13
1.12761863429e-08	3.33103472106e-13
1.12772452292e-08	3.34682802305e-13
1.12783041155e-08	3.34495940061e-13
1.12793630019e-08	3.34125359758e-13
1.12804218882e-08	3.32535675428e-13
1.12814807745e-08	3.33112416774e-13
1.12825396608e-08	3.35130767538e-13
1.12835985472e-08	3.33695582017e-13
1.12846574335e-08	3.34763141686e-13
1.12857163198e-08	3.34729558524e-13
1.12867752061e-08	3.34662690355e-13
1.12878340924e-08	3.35328282069e-13
1.12888929788e-08	3.34788457807e-13
1.12899518651e-08	3.35722823239e-13
1.12910107514e-08	3.35870057894e-13
1.12920696377e-08	3.35442882238e-13
1.12931285241e-08	3.35728759246e-13
1.12941874104e-08	3.35337308052e-13
1.12952462967e-08	3.35794841369e-13
1.1296305183e-08	3.37359263788e-13
1.12973640694e-08	3.36970821255e-13
1.12984229557e-08	3.36534944877e-13
1.1299481842e-08	3.36409909261e-13
1.13005407283e-08	3.35826066391e-13
1.13015996146e-08	3.36923062149e-13
1.1302658501e-08	3.3678341691e-13
1.13037173873e-08	3.38214672197e-13
1.13047762736e-08	3.38466071576e-13
1.13058351599e-08	3.38215404034e-13
1.13068940463e-08	3.3868242412e-13
1.13079529326e-08	3.38019976592e-13
1.13090118189e-08	3.39487037657e-13
1.13100707052e-08	3.38459241103e-13
1.13111295916e-08	3.38647079129e-13
1.13121884779e-08	3.39540624349e-13
1.13132473642e-08	3.39283099228e-13
1.13143062505e-08	3.39197799622e-13
1.13153651368e-08	3.39191267304e-13
1.13164240232e-08	3.39536992272e-13
1.13174829095e-08	3.39980132805e-13
1.13185417958e-08	3.4067361562e-13
1.13196006821e-08	3.39907328629e-13
1.13206595685e-08	3.3997994307e-13
1.13217184548e-08	3.40902517803e-13
1.13227773411e-08	3.40299132189e-13
1.13238362274e-08	3.402997285e-13
1.13248951138e-08	3.39283099228e-13
1.13259540001e-08	3.40110996007e-13
1.13270128864e-08	3.41344113348e-13
1.13280717727e-08	3.41858729909e-13
1.1329130659e-08	3.41985202093e-13
1.13301895454e-08	3.41495820337e-13
1.13312484317e-08	3.41756028858e-13
1.1332307318e-08	3.41933241704e-13
1.13333662043e-08	3.41544338384e-13
1.13344250907e-08	3.42458103975e-13
1.1335483977e-08	3.43435132763e-13
1.13365428633e-08	3.4302926168e-13
1.13376017496e-08	3.41634950581e-13
1.1338660636e-08	3.43150990479e-13
1.13397195223e-08	3.421386167e-13
1.13407784086e-08	3.43824930549e-13
1.13418372949e-08	3.44248826493e-13
1.13428961812e-08	3.4248526324e-13
1.13439550676e-08	3.43637932779e-13
1.13450139539e-08	3.42386817682e-13
1.13460728402e-08	3.43656093166e-13
1.13471317265e-08	3.43686911613e-13
1.13481906129e-08	3.43122990958e-13
1.13492494992e-08	3.44284035959e-13
1.13503083855e-08	3.4475848283e-13
1.13513672718e-08	3.4494339351e-13
1.13524261582e-08	3.43789504243e-13
1.13534850445e-08	3.45099328888e-13
1.13545439308e-08	3.45494927155e-13
1.13556028171e-08	3.45658397738e-13
1.13566617034e-08	3.44887909464e-13
1.13577205898e-08	3.44637458762e-13
1.13587794761e-08	3.45195877091e-13
1.13598383624e-08	3.4645065137e-13
1.13608972487e-08	3.46373618806e-13
1.13619561351e-08	3.46200580139e-13
1.13630150214e-08	3.46374675903e-13
1.13640739077e-08	3.46017485497e-13
1.1365132794e-08	3.46505322265e-13
1.13661916804e-08	3.4630558512e-13
1.13672505667e-08	3.46691805039e-13
1.1368309453e-08	3.47469367732e-13
1.13693683393e-08	3.46838985484e-13
1.13704272256e-08	3.46425687615e-13
1.1371486112e-08	3.45676937595e-13
1.13725449983e-08	3.46642229894e-13
1.13736038846e-08	3.47369268766e-13
1.13746627709e-08	3.47771345142e-13
1.13757216573e-08	3.47974389104e-13
1.13767805436e-08	3.47626577047e-13
1.13778394299e-08	3.46565278645e-13
1.13788983162e-08	3.47901883083e-13
1.13799572026e-08	3.47838294626e-13
1.13810160889e-08	3.48694841447e-13
1.13820749752e-08	3.47700194374e-13
1.13831338615e-08	3.4751070294e-13
1.13841927478e-08	3.48081860644e-13
1.13852516342e-08	3.48124334264e-13
1.13863105205e-08	3.48252243015e-13
1.13873694068e-08	3.4884340425e-13
1.13884282931e-08	3.47585648415e-13
1.13894871795e-08	3.47120092002e-13
1.13905460658e-08	3.48576853146e-13
1.13916049521e-08	3.48886067605e-13
1.13926638384e-08	3.48801770887e-13
1.13937227248e-08	3.49057642599e-13
1.13947816111e-08	3.49725999028e-13
1.13958404974e-08	3.48358277988e-13
1.13968993837e-08	3.48692429097e-13
1.139795827e-08	3.48959766248e-13
1.13990171564e-08	3.49610694127e-13
1.14000760427e-08	3.50088664655e-13
1.1401134929e-08	3.50271162986e-13
1.14021938153e-08	3.49562094765e-13
1.14032527017e-08	3.50090616219e-13
1.1404311588e-08	3.5103205607e-13
1.14053704743e-08	3.51591287551e-13
1.14064293606e-08	3.51454352817e-13
1.1407488247e-08	3.50214919998e-13
1.14085471333e-08	3.49645524122e-13
1.14096060196e-08	3.50377794269e-13
1.14106649059e-08	3.50826762389e-13
1.14117237922e-08	3.5111399465e-13
1.14127826786e-08	3.51821057096e-13
1.14138415649e-08	3.52484100935e-13
1.14149004512e-08	3.51678782666e-13
1.14159593375e-08	3.50914040664e-13
1.14170182239e-08	3.51836913553e-13
1.14180771102e-08	3.53162594655e-13
1.14191359965e-08	3.52698230864e-13
1.14201948828e-08	3.51281612306e-13
1.14212537692e-08	3.50930818693e-13
1.14223126555e-08	3.5144117976e-13
1.14233715418e-08	3.51812247954e-13
1.14244304281e-08	3.52512452822e-13
1.14254893144e-08	3.52055488711e-13
1.14265482008e-08	3.51452916249e-13
1.14276070871e-08	3.50962612921e-13
1.14286659734e-08	3.51130257682e-13
1.14297248597e-08	3.52660636154e-13
1.14307837461e-08	3.52256987685e-13
1.14318426324e-08	3.52953668896e-13
1.14329015187e-08	3.52585175683e-13
1.1433960405e-08	3.52282439331e-13
1.14350192914e-08	3.52258288728e-13
1.14360781777e-08	3.52891625427e-13
1.1437137064e-08	3.53485605587e-13
1.14381959503e-08	3.534545703e-13
1.14392548366e-08	3.52287182715e-13
1.1440313723e-08	3.52061831294e-13
1.14413726093e-08	3.52576773116e-13
1.14424314956e-08	3.52842131597e-13
1.14434903819e-08	3.52780115233e-13
1.14445492683e-08	3.53595868948e-13
1.14456081546e-08	3.52252705086e-13
1.14466670409e-08	3.53860251648e-13
1.14477259272e-08	3.5346459917e-13
1.14487848136e-08	3.53401850969e-13
1.14498436999e-08	3.53443077757e-13
1.14509025862e-08	3.53376561953e-13
1.14519614725e-08	3.53257977341e-13
1.14530203588e-08	3.53054933379e-13
1.14540792452e-08	3.53384991625e-13
1.14551381315e-08	3.52855792545e-13
1.14561970178e-08	3.55004437305e-13
1.14572559041e-08	3.54199362982e-13
1.14583147905e-08	3.53772485482e-13
1.14593736768e-08	3.53942190227e-13
1.14604325631e-08	3.54401187216e-13
1.14614914494e-08	3.54194809333e-13
1.14625503358e-08	3.54382728674e-13
1.14636092221e-08	3.54199715348e-13
1.14646681084e-08	3.54111461291e-13
1.14657269947e-08	3.54713003761e-13
1.1466785881e-08	3.54495810961e-13
1.14678447674e-08	3.5484465301e-13
1.14689036537e-08	3.5542345434e-13
1.146996254e-08	3.55666207206e-13
1.14710214263e-08	3.54346516322e-13
1.14720803127e-08	3.53849816202e-13
1.1473139199e-08	3.54274525298e-13
1.14741980853e-08	3.54457077838e-13
1.14752569716e-08	3.55061927125e-13
1.1476315858e-08	3.55504091876e-13
1.14773747443e-08	3.55682388924e-13
1.14784336306e-08	3.55335037653e-13
1.14794925169e-08	3.54525518101e-13
1.14805514032e-08	3.55279689132e-13
1.14816102896e-08	3.55424023546e-13
1.14826691759e-08	3.5424804366e-13
1.14837280622e-08	3.54982265371e-13
1.14847869485e-08	3.55752319964e-13
1.14858458349e-08	3.5634424014e-13
1.14869047212e-08	3.56260078946e-13
1.14879636075e-08	3.56772635523e-13
1.14890224938e-08	3.56788356455e-13
1.14900813802e-08	3.5521414911e-13
1.14911402665e-08	3.54721948429e-13
1.14921991528e-08	3.5468516687e-13
1.14932580391e-08	3.55079626726e-13
1.14943169254e-08	3.56249101399e-13
1.14953758118e-08	3.56842403933e-13
1.14964346981e-08	3.5572564859e-13
1.14974935844e-08	3.55383176229e-13
1.14985524707e-08	3.54048008359e-13
1.14996113571e-08	3.54722192375e-13
1.15006702434e-08	3.54719671605e-13
1.15017291297e-08	3.54037762648e-13
1.1502788016e-08	3.55962655185e-13
1.15038469024e-08	3.55859168088e-13
1.15049057887e-08	3.56625102713e-13
1.1505964675e-08	3.57508049857e-13
1.15070235613e-08	3.57109985029e-13
1.15080824476e-08	3.56550509603e-13
1.1509141334e-08	3.55328722175e-13
1.15102002203e-08	3.54791716839e-13
1.15112591066e-08	3.55986724473e-13
1.15123179929e-08	3.56440707028e-13
1.15133768793e-08	3.56163883108e-13
1.15144357656e-08	3.56596018989e-13
1.15154946519e-08	3.572374601e-13
1.15165535382e-08	3.56181555604e-13
1.15176124246e-08	3.55608663176e-13
1.15186713109e-08	3.54599379374e-13
1.15197301972e-08	3.55074720711e-13
1.15207890835e-08	3.55186962741e-13
1.15218479698e-08	3.56535276563e-13
1.15229068562e-08	3.56712272567e-13
1.15239657425e-08	3.56967710599e-13
1.15250246288e-08	3.57776931996e-13
1.15260835151e-08	3.57007256873e-13
1.15271424015e-08	3.56175213021e-13
1.15282012878e-08	3.56017570025e-13
1.15292601741e-08	3.54741735119e-13
1.15303190604e-08	3.5516674237e-13
1.15313779468e-08	3.55267573172e-13
1.15324368331e-08	3.56787705933e-13
1.15334957194e-08	3.57944902017e-13
1.15345546057e-08	3.56650960934e-13
1.1535613492e-08	3.56686739606e-13
1.15366723784e-08	3.56005020385e-13
1.15377312647e-08	3.55287305652e-13
1.1538790151e-08	3.55558139355e-13
1.15398490373e-08	3.5616737966e-13
1.15409079237e-08	3.56091458403e-13
1.154196681e-08	3.5646914023e-13
1.15430256963e-08	3.56053972113e-13
1.15440845826e-08	3.56699289246e-13
1.1545143469e-08	3.56291005813e-13
1.15462023553e-08	3.56263846549e-13
1.15472612416e-08	3.55401770296e-13
1.15483201279e-08	3.54568750662e-13
1.15493790142e-08	3.53490132131e-13
1.15504379006e-08	3.54644184028e-13
1.15514967869e-08	3.57171621923e-13
1.15525556732e-08	3.57604842006e-13
1.15536145595e-08	3.56231645744e-13
1.15546734459e-08	3.5545364937e-13
1.15557323322e-08	3.54736964629e-13
1.15567912185e-08	3.54968767054e-13
1.15578501048e-08	3.55527158278e-13
1.15589089912e-08	3.55219326176e-13
1.15599678775e-08	3.56401404699e-13
1.15610267638e-08	3.56499877362e-13
1.15620856501e-08	3.57008666336e-13
1.15631445364e-08	3.57063852227e-13
1.15642034228e-08	3.57240604286e-13
1.15652623091e-08	3.56920818855e-13
1.15663211954e-08	3.56171770679e-13
1.15673800817e-08	3.54881624304e-13
1.15684389681e-08	3.55143594654e-13
1.15694978544e-08	3.56856471456e-13
1.15705567407e-08	3.56629060051e-13
1.1571615627e-08	3.57263372532e-13
1.15726745134e-08	3.5730519563e-13
1.15737333997e-08	3.5692347515e-13
1.1574792286e-08	3.5585510233e-13
1.15758511723e-08	3.55037803627e-13
1.15769100586e-08	3.55328342704e-13
1.1577968945e-08	3.5508146987e-13
1.15790278313e-08	3.55925927837e-13
1.15800867176e-08	3.5561056053e-13
1.15811456039e-08	3.55365720574e-13
1.15822044903e-08	3.55680789725e-13
1.15832633766e-08	3.5504425463e-13
1.15843222629e-08	3.55090360327e-13
1.15853811492e-08	3.54166565866e-13
1.15864400356e-08	3.52727721163e-13
1.15874989219e-08	3.54410077674e-13
1.15885578082e-08	3.54768894383e-13
1.15896166945e-08	3.56143093532e-13
1.15906755808e-08	3.56526087949e-13
1.15917344672e-08	3.55546375761e-13
1.15927933535e-08	3.55257679828e-13
1.15938522398e-08	3.54588699982e-13
1.15949111261e-08	3.53692118996e-13
1.15959700125e-08	3.54680857167e-13
1.15970288988e-08	3.54513781612e-13
1.15980877851e-08	3.5532376195e-13
1.15991466714e-08	3.55407082887e-13
1.16002055578e-08	3.55069109965e-13
1.16012644441e-08	3.56470251537e-13
1.16023233304e-08	3.54452063403e-13
1.16033822167e-08	3.54726366553e-13
1.1604441103e-08	3.53206179582e-13
1.16054999894e-08	3.53458283692e-13
1.16065588757e-08	3.53606494129e-13
1.1607617762e-08	3.53910748364e-13
1.16086766483e-08	3.55192221121e-13
1.16097355347e-08	3.56631743451e-13
1.1610794421e-08	3.54266881672e-13
1.16118533073e-08	3.54152552553e-13
1.16129121936e-08	3.53079436348e-13
1.161397108e-08	3.51723126535e-13
1.16150299663e-08	3.52675842089e-13
1.16160888526e-08	3.53236835398e-13
1.16171477389e-08	3.52884117327e-13
1.16182066252e-08	3.54456346002e-13
1.16192655116e-08	3.53264970445e-13
1.16203243979e-08	3.53954387501e-13
1.16213832842e-08	3.54498358836e-13
1.16224421705e-08	3.53544260924e-13
1.16235010569e-08	3.53919530401e-13
1.16245599432e-08	3.52005859357e-13
1.16256188295e-08	3.51559357797e-13
1.16266777158e-08	3.52077958801e-13
1.16277366022e-08	3.52923257025e-13
1.16287954885e-08	3.53847674902e-13
1.16298543748e-08	3.53353088976e-13
1.16309132611e-08	3.51702499589e-13
1.16319721474e-08	3.50950225912e-13
1.16330310338e-08	3.51771102481e-13
1.16340899201e-08	3.52518768299e-13
1.16351488064e-08	3.53361328913e-13
1.16362076927e-08	3.53138471156e-13
1.16372665791e-08	3.53584024039e-13
1.16383254654e-08	3.52339522575e-13
1.16393843517e-08	3.52567557397e-13
1.1640443238e-08	3.52989013887e-13
1.16415021244e-08	3.53361735489e-13
1.16425610107e-08	3.53068919587e-13
1.1643619897e-08	3.51733887242e-13
1.16446787833e-08	3.52290055851e-13
1.16457376696e-08	3.51780020044e-13
1.1646796556e-08	3.51338939495e-13
1.16478554423e-08	3.52822941219e-13
1.16489143286e-08	3.51705887721e-13
1.16499732149e-08	3.50957246121e-13
1.16510321013e-08	3.50787649796e-13
1.16520909876e-08	3.50950984853e-13
1.16531498739e-08	3.51170996579e-13
1.16542087602e-08	3.50680367991e-13
1.16552676466e-08	3.50903361273e-13
1.16563265329e-08	3.52289052964e-13
1.16573854192e-08	3.52135014941e-13
1.16584443055e-08	3.52439865486e-13
1.16595031918e-08	3.50359173097e-13
1.16605620782e-08	3.49743563104e-13
1.16616209645e-08	3.50121705716e-13
1.16626798508e-08	3.49685856443e-13
1.16637387371e-08	3.50650742166e-13
1.16647976235e-08	3.51232226897e-13
1.16658565098e-08	3.51391469091e-13
1.16669153961e-08	3.49827914033e-13
1.16679742824e-08	3.50225518074e-13
1.16690331688e-08	3.50023314369e-13
1.16700920551e-08	3.49819375941e-13
1.16711509414e-08	3.49505174151e-13
1.16722098277e-08	3.4848409965e-13
1.1673268714e-08	3.49381764839e-13
1.16743276004e-08	3.51168096338e-13
1.16753864867e-08	3.50606398298e-13
1.1676445373e-08	3.50225057288e-13
1.16775042593e-08	3.49812518362e-13
1.16785631457e-08	3.48806920847e-13
1.1679622032e-08	3.4827715256e-13
1.16806809183e-08	3.48262407411e-13
1.16817398046e-08	3.48271812865e-13
1.16827986909e-08	3.48608186589e-13
1.16838575773e-08	3.49098408601e-13
1.16849164636e-08	3.4946221264e-13
1.16859753499e-08	3.49536588909e-13
1.16870342362e-08	3.48997415169e-13
1.16880931226e-08	3.49154516063e-13
1.16891520089e-08	3.47798504406e-13
1.16902108952e-08	3.47339670047e-13
1.16912697815e-08	3.48102785746e-13
1.16923286679e-08	3.47821868963e-13
1.16933875542e-08	3.48722271762e-13
1.16944464405e-08	3.48483340708e-13
1.16955053268e-08	3.47859436568e-13
1.16965642131e-08	3.48060501861e-13
1.16976230995e-08	3.47774977219e-13
1.16986819858e-08	3.47310098433e-13
1.16997408721e-08	3.46275390089e-13
1.17007997584e-08	3.46082374997e-13
1.17018586448e-08	3.46881242263e-13
1.17029175311e-08	3.4620830508e-13
1.17039764174e-08	3.47516855787e-13
1.17050353037e-08	3.46404898039e-13
1.17060941901e-08	3.45867784282e-13
1.17071530764e-08	3.46061585421e-13
1.17082119627e-08	3.45316603003e-13
1.1709270849e-08	3.44836789332e-13
1.17103297353e-08	3.44708907685e-13
1.17113886217e-08	3.45056801057e-13
1.1712447508e-08	3.46192800989e-13
1.17135063943e-08	3.45294593699e-13
1.17145652806e-08	3.45268003641e-13
1.1715624167e-08	3.46154962333e-13
1.17166830533e-08	3.4537257494e-13
1.17177419396e-08	3.44387604372e-13
1.17188008259e-08	3.43533605425e-13
1.17198597123e-08	3.42748886998e-13
1.17209185986e-08	3.44510444478e-13
1.17219774849e-08	3.45271500193e-13
1.17230363712e-08	3.44830365434e-13
1.17240952575e-08	3.44615557878e-13
1.17251541439e-08	3.43803869922e-13
1.17262130302e-08	3.43449173181e-13
1.17272719165e-08	3.43848566156e-13
1.17283308028e-08	3.42442220413e-13
1.17293896892e-08	3.42638786267e-13
1.17304485755e-08	3.42534323388e-13
1.17315074618e-08	3.43449498442e-13
1.17325663481e-08	3.43079785501e-13
1.17336252345e-08	3.43183435229e-13
1.17346841208e-08	3.43622455793e-13
1.17357430071e-08	3.43603590676e-13
1.17368018934e-08	3.43075475797e-13
1.17378607797e-08	3.41496660594e-13
1.17389196661e-08	3.41863364874e-13
1.17399785524e-08	3.41955766004e-13
1.17410374387e-08	3.41409138373e-13
1.1742096325e-08	3.41130146049e-13
1.17431552114e-08	3.42101645406e-13
1.17442140977e-08	3.41939638496e-13
1.1745272984e-08	3.41032757589e-13
1.17463318703e-08	3.40090314851e-13
1.17473907567e-08	3.40353884399e-13
1.1748449643e-08	3.39279656886e-13
1.17495085293e-08	3.3971583142e-13
1.17505674156e-08	3.40185101226e-13
1.17516263019e-08	3.40452113116e-13
1.17526851883e-08	3.40575468218e-13
1.17537440746e-08	3.40995081564e-13
1.17548029609e-08	3.39962216364e-13
1.17558618472e-08	3.39564287062e-13
1.17569207336e-08	3.38874138169e-13
1.17579796199e-08	3.38078957191e-13
1.17590385062e-08	3.38391424257e-13
1.17600973925e-08	3.37813436078e-13
1.17611562789e-08	3.39290471803e-13
1.17622151652e-08	3.39981108587e-13
1.17632740515e-08	3.3900429664e-13
1.17643329378e-08	3.38287178218e-13
1.17653918241e-08	3.38004526711e-13
1.17664507105e-08	3.38453142465e-13
1.17675095968e-08	3.37202596574e-13
1.17685684831e-08	3.37585563887e-13
1.17696273694e-08	3.37775245057e-13
1.17706862558e-08	3.38561129002e-13
1.17717451421e-08	3.38268692571e-13
1.17728040284e-08	3.38182200342e-13
1.17738629147e-08	3.38375079909e-13
1.17749218011e-08	3.38091804986e-13
1.17759806874e-08	3.3597004844e-13
1.17770395737e-08	3.34884409699e-13
1.177809846e-08	3.33615486582e-13
1.17791573463e-08	3.35637117058e-13
1.17802162327e-08	3.36662203107e-13
1.1781275119e-08	3.36228305397e-13
1.17823340053e-08	3.37538319777e-13
1.17833928916e-08	3.36073887903e-13
1.1784451778e-08	3.3548101905e-13
1.17855106643e-08	3.34656320667e-13
1.17865695506e-08	3.34036888861e-13
1.17876284369e-08	3.34106440431e-13
1.17886873233e-08	3.35414747192e-13
1.17897462096e-08	3.34970468247e-13
1.17908050959e-08	3.34673966058e-13
1.17918639822e-08	3.3406380418e-13
1.17929228685e-08	3.33417999156e-13
1.17939817549e-08	3.33559379119e-13
1.17950406412e-08	3.33246478372e-13
1.17960995275e-08	3.30998791744e-13
1.17971584138e-08	3.32126118057e-13
1.17982173002e-08	3.33646142398e-13
1.17992761865e-08	3.32638999895e-13
1.18003350728e-08	3.3305324644e-13
1.18013939591e-08	3.33569326674e-13
1.18024528455e-08	3.33002749724e-13
1.18035117318e-08	3.32736957561e-13
1.18045706181e-08	3.29935731513e-13
1.18056295044e-08	3.30586307027e-13
1.18066883907e-08	3.30020082442e-13
1.18077472771e-08	3.30719365739e-13
1.18088061634e-08	3.31114096645e-13
1.18098650497e-08	3.31115343477e-13
1.1810923936e-08	3.32013171296e-13
1.18119828224e-08	3.31186006354e-13
1.18130417087e-08	3.30920837607e-13
1.1814100595e-08	3.30226270591e-13
1.18151594813e-08	3.29201862168e-13
1.18162183677e-08	3.29111737862e-13
1.1817277254e-08	3.29154590953e-13
1.18183361403e-08	3.2978453952e-13
1.18193950266e-08	3.30377354163e-13
1.18204539129e-08	3.29648878724e-13
1.18215127993e-08	3.30187239312e-13
1.18225716856e-08	3.2891078099e-13
1.18236305719e-08	3.28859362702e-13
1.18246894582e-08	3.26735844327e-13
1.18257483446e-08	3.28286795534e-13
1.18268072309e-08	3.2785029574e-13
1.18278661172e-08	3.28737010486e-13
1.18289250035e-08	3.29835551233e-13
1.18299838899e-08	3.2892831796e-13
1.18310427762e-08	3.28493010788e-13
1.18321016625e-08	3.26749207118e-13
1.18331605488e-08	3.26683775517e-13
1.18342194351e-08	3.25249538673e-13
1.18352783215e-08	3.24033578832e-13
1.18363372078e-08	3.25581765324e-13
1.18373960941e-08	3.26168156069e-13
1.18384549804e-08	3.26654827319e-13
1.18395138668e-08	3.2593654338e-13
1.18405727531e-08	3.26294275887e-13
1.18416316394e-08	3.26250338594e-13
1.18426905257e-08	3.25031993507e-13
1.18437494121e-08	3.23487601723e-13
1.18448082984e-08	3.23993354931e-13
1.18458671847e-08	3.23859320438e-13
1.1846926071e-08	3.24897254282e-13
1.18479849573e-08	3.25179336583e-13
1.18490438437e-08	3.25565095716e-13
1.185010273e-08	3.24898501115e-13
1.18511616163e-08	3.22674856669e-13
1.18522205026e-08	3.22236296891e-13
1.1853279389e-08	3.21618084812e-13
1.18543382753e-08	3.20787016742e-13
1.18553971616e-08	3.21336761453e-13
1.18564560479e-08	3.22360410934e-13
1.18575149343e-08	3.22407411098e-13
1.18585738206e-08	3.23576804457e-13
1.18596327069e-08	3.22707084579e-13
1.18606915932e-08	3.21726396609e-13
1.18617504795e-08	3.2088616703e-13
1.18628093659e-08	3.20555620893e-13
1.18638682522e-08	3.20362497381e-13
1.18649271385e-08	3.19417588083e-13
1.18659860248e-08	3.19939197748e-13
1.18670449112e-08	3.20869470317e-13
1.18681037975e-08	3.21398750712e-13
1.18691626838e-08	3.21328792567e-13
1.18702215701e-08	3.1976309621e-13
1.18712804565e-08	3.18541850883e-13
1.18723393428e-08	3.17883658849e-13
1.18733982291e-08	3.16914409212e-13
1.18744571154e-08	3.17693435578e-13
1.18755160017e-08	3.19009548595e-13
1.18765748881e-08	3.19326108524e-13
1.18776337744e-08	3.19407369477e-13
1.18786926607e-08	3.17475754887e-13
1.1879751547e-08	3.17324427368e-13
1.18808104334e-08	3.16358484548e-13
1.18818693197e-08	3.16238165212e-13
1.1882928206e-08	3.15727614409e-13
1.18839870923e-08	3.14826262933e-13
1.18850459787e-08	3.16245077001e-13
1.1886104865e-08	3.15949062702e-13
1.18871637513e-08	3.1732759866e-13
1.18882226376e-08	3.16747550497e-13
1.18892815239e-08	3.14909014663e-13
1.18903404103e-08	3.13842999982e-13
1.18913992966e-08	3.12714345521e-13
1.18924581829e-08	3.13695684012e-13
1.18935170692e-08	3.1471036172e-13
1.18945759556e-08	3.13982319962e-13
1.18956348419e-08	3.15370180057e-13
1.18966937282e-08	3.12937664063e-13
1.18977526145e-08	3.12441506044e-13
1.18988115009e-08	3.11657926029e-13
1.18998703872e-08	3.10545128024e-13
1.19009292735e-08	3.10932621881e-13
1.19019881598e-08	3.110721587e-13
1.19030470461e-08	3.11012500476e-13
1.19041059325e-08	3.11991074252e-13
1.19051648188e-08	3.11716310316e-13
1.19062237051e-08	3.11000086361e-13
1.19072825914e-08	3.11276720545e-13
1.19083414778e-08	3.11006537364e-13
1.19094003641e-08	3.10130447798e-13
1.19104592504e-08	3.08765762524e-13
1.19115181367e-08	3.083494831e-13
1.19125770231e-08	3.0931268831e-13
1.19136359094e-08	3.10560035804e-13
1.19146947957e-08	3.10081983961e-13
1.1915753682e-08	3.08822005511e-13
1.19168125683e-08	3.07554627382e-13
1.19178714547e-08	3.06466928657e-13
1.1918930341e-08	3.06184656622e-13
1.19199892273e-08	3.06896462453e-13
1.19210481136e-08	3.06961623004e-13
1.1922107e-08	3.07431353595e-13
1.19231658863e-08	3.07076196068e-13
1.19242247726e-08	3.08161916124e-13
1.19252836589e-08	3.07686330841e-13
1.19263425453e-08	3.05613119447e-13
1.19274014316e-08	3.05941957966e-13
1.19284603179e-08	3.04223958308e-13
1.19295192042e-08	3.03778080165e-13
1.19305780905e-08	3.03174044029e-13
1.19316369769e-08	3.03779489627e-13
1.19326958632e-08	3.0415774066e-13
1.19337547495e-08	3.05065001038e-13
1.19348136358e-08	3.05315939631e-13
1.19358725222e-08	3.03686980077e-13
1.19369314085e-08	3.04097133759e-13
1.19379902948e-08	3.02840868702e-13
1.19390491811e-08	3.02907791081e-13
1.19401080675e-08	3.01924907601e-13
1.19411669538e-08	3.02194358946e-13
1.19422258401e-08	3.03428126808e-13
1.19432847264e-08	3.02763537982e-13
1.19443436127e-08	3.03348708999e-13
1.19454024991e-08	3.0178176581e-13
1.19464613854e-08	3.00900634704e-13
1.19475202717e-08	3.01566985359e-13
1.1948579158e-08	2.99791441671e-13
1.19496380444e-08	3.00645115357e-13
1.19506969307e-08	2.99935179774e-13
1.1951755817e-08	3.00360051501e-13
1.19528147033e-08	2.99527058972e-13
1.19538735897e-08	2.9895210656e-13
1.1954932476e-08	2.98286352216e-13
1.19559913623e-08	2.97564544619e-13
1.19570502486e-08	2.97530663301e-13
1.19581091349e-08	2.96662298676e-13
1.19591680213e-08	2.9781708241e-13
1.19602269076e-08	2.97792389706e-13
1.19612857939e-08	2.97438289276e-13
1.19623446802e-08	2.97764986496e-13
1.19634035666e-08	2.97820660277e-13
1.19644624529e-08	2.96252903936e-13
1.19655213392e-08	2.95496916866e-13
1.19665802255e-08	2.94569896904e-13
1.19676391119e-08	2.94056147704e-13
1.19686979982e-08	2.94436323196e-13
1.19697568845e-08	2.93974561491e-13
1.19708157708e-08	2.9515200505e-13
1.19718746571e-08	2.9552144694e-13
1.19729335435e-08	2.94537560574e-13
1.19739924298e-08	2.92727268206e-13
1.19750513161e-08	2.92300336496e-13
1.19761102024e-08	2.91734735328e-13
1.19771690888e-08	2.92169852764e-13
1.19782279751e-08	2.92854661962e-13
1.19792868614e-08	2.91823314645e-13
1.19803457477e-08	2.92484108764e-13
1.19814046341e-08	2.91968624841e-13
1.19824635204e-08	2.9093006758e-13
1.19835224067e-08	2.908727946e-13
1.1984581293e-08	2.90891713928e-13
1.19856401793e-08	2.91003630698e-13
1.19866990657e-08	2.90187470407e-13
1.1987757952e-08	2.90234741622e-13
1.19888168383e-08	2.89848359073e-13
1.19898757246e-08	2.90855284735e-13
1.1990934611e-08	2.9063806483e-13
1.19919934973e-08	2.88955870949e-13
1.19930523836e-08	2.87646642616e-13
1.19941112699e-08	2.8737149921e-13
1.19951701563e-08	2.86467681174e-13
1.19962290426e-08	2.87469185825e-13
1.19972879289e-08	2.8686992018e-13
1.19983468152e-08	2.86756051847e-13
1.19994057015e-08	2.86868646242e-13
1.20004645879e-08	2.86621014466e-13
1.20015234742e-08	2.86549728173e-13
1.20025823605e-08	2.85457313169e-13
1.20036412468e-08	2.84578404678e-13
1.20047001332e-08	2.83690117838e-13
1.20057590195e-08	2.83847787939e-13
1.20068179058e-08	2.8286747944e-13
1.20078767921e-08	2.82862248164e-13
1.20089356785e-08	2.84521240118e-13
1.20099945648e-08	2.84072055158e-13
1.20110534511e-08	2.83417766252e-13
1.20121123374e-08	2.8200429188e-13
1.20131712237e-08	2.81534317343e-13
1.20142301101e-08	2.81513392241e-13
1.20152889964e-08	2.82133203518e-13
1.20163478827e-08	2.81871558429e-13
1.2017406769e-08	2.81735138691e-13
1.20184656554e-08	2.80946354505e-13
1.20195245417e-08	2.81228111545e-13
1.2020583428e-08	2.81180244019e-13
1.20216423143e-08	2.80451145163e-13
1.20227012007e-08	2.80779441581e-13
1.2023760087e-08	2.79205396867e-13
1.20248189733e-08	2.80468627923e-13
1.20258778596e-08	2.80613043652e-13
1.20269367459e-08	2.79749530832e-13
1.20279956323e-08	2.80724879106e-13
1.20290545186e-08	2.79280152607e-13
1.20301134049e-08	2.78685521925e-13
1.20311722912e-08	2.77580557281e-13
1.20322311776e-08	2.77266057336e-13
1.20332900639e-08	2.77146442731e-13
1.20343489502e-08	2.77605249985e-13
1.20354078365e-08	2.77621702753e-13
1.20364667229e-08	2.77537189194e-13
1.20375256092e-08	2.76606374524e-13
1.20385844955e-08	2.75912674869e-13
1.20396433818e-08	2.74524272672e-13
1.20407022681e-08	2.74894907185e-13
1.20417611545e-08	2.74332070732e-13
1.20428200408e-08	2.73101989157e-13
1.20438789271e-08	2.72209690769e-13
1.20449378134e-08	2.73566786628e-13
1.20459966998e-08	2.74049148175e-13
1.20470555861e-08	2.74357061592e-13
1.20481144724e-08	2.73507887345e-13
1.20491733587e-08	2.72529069624e-13
1.20502322451e-08	2.71830518164e-13
1.20512911314e-08	2.71363064398e-13
1.20523500177e-08	2.70826357217e-13
1.2053408904e-08	2.69715537881e-13
1.20544677903e-08	2.70161578655e-13
1.20555266767e-08	2.70279973532e-13
1.2056585563e-08	2.70811530752e-13
1.20576444493e-08	2.69083014334e-13
1.20587033356e-08	2.69502980045e-13
1.2059762222e-08	2.70299218121e-13
1.20608211083e-08	2.69194497422e-13
1.20618799946e-08	2.68238014266e-13
1.20629388809e-08	2.68064921389e-13
1.20639977673e-08	2.68180659971e-13
1.20650566536e-08	2.67529325516e-13
1.20661155399e-08	2.6812794064e-13
1.20671744262e-08	2.67075830852e-13
1.20682333125e-08	2.66921928354e-13
1.20692921989e-08	2.65601641158e-13
1.20703510852e-08	2.65640862172e-13
1.20714099715e-08	2.64826030029e-13
1.20724688578e-08	2.64993457949e-13
1.20735277442e-08	2.65755706287e-13
1.20745866305e-08	2.65004056026e-13
1.20756455168e-08	2.65307198953e-13
1.20767044031e-08	2.64740296742e-13
1.20777632895e-08	2.64128969347e-13
1.20788221758e-08	2.64419074743e-13
1.20798810621e-08	2.62579210762e-13
1.20809399484e-08	2.62357274577e-13
1.20819988347e-08	2.62175426768e-13
1.20830577211e-08	2.6077924542e-13
1.20841166074e-08	2.61190130938e-13
1.20851754937e-08	2.61605678526e-13
1.208623438e-08	2.61785927137e-13
1.20872932664e-08	2.62178299903e-13
1.20883521527e-08	2.60850531713e-13
1.2089411039e-08	2.60252946581e-13
1.20904699253e-08	2.59481048844e-13
1.20915288117e-08	2.58988495797e-13
1.2092587698e-08	2.58729778053e-13
1.20936465843e-08	2.59503654459e-13
1.20947054706e-08	2.59548594639e-13
1.20957643569e-08	2.59275077536e-13
1.20968232433e-08	2.58560371464e-13
1.20978821296e-08	2.57425943626e-13
1.20989410159e-08	2.57683035066e-13
1.20999999022e-08	2.56466506018e-13
1.21010587886e-08	2.55585645963e-13
1.21021176749e-08	2.54757694974e-13
1.21031765612e-08	2.55023812398e-13
1.21042354475e-08	2.56592137945e-13
1.21052943339e-08	2.54746663217e-13
1.21063532202e-08	2.54975971977e-13
1.21074121065e-08	2.55912126343e-13
1.21084709928e-08	2.54067383451e-13
1.21095298791e-08	2.53680214855e-13
1.21105887655e-08	2.5212557736e-13
1.21116476518e-08	2.53123151779e-13
1.21127065381e-08	2.52053667651e-13
1.21137654244e-08	2.53050889704e-13
1.21148243108e-08	2.52707631297e-13
1.21158831971e-08	2.51571793996e-13
1.21169420834e-08	2.5134191603e-13
1.21180009697e-08	2.50711967463e-13
1.21190598561e-08	2.50137828202e-13
1.21201187424e-08	2.49789040363e-13
1.21211776287e-08	2.49134859878e-13
1.2122236515e-08	2.49414204567e-13
1.21232954013e-08	2.50031928755e-13
1.21243542877e-08	2.49605864406e-13
1.2125413174e-08	2.4992228881e-13
1.21264720603e-08	2.48378818598e-13
1.21275309466e-08	2.47238536068e-13
1.2128589833e-08	2.47260301426e-13
1.21296487193e-08	2.47185410161e-13
1.21307076056e-08	2.47085256986e-13
1.21317664919e-08	2.48476098638e-13
1.21328253783e-08	2.48607259995e-13
1.21338842646e-08	2.47251438074e-13
1.21349431509e-08	2.46750184304e-13
1.21360020372e-08	2.45578649647e-13
1.21370609235e-08	2.45110084573e-13
1.21381198099e-08	2.44713673153e-13
1.21391786962e-08	2.429978419e-13
1.21402375825e-08	2.43194434859e-13
1.21412964688e-08	2.44017886409e-13
1.21423553552e-08	2.44369710014e-13
1.21434142415e-08	2.43963052884e-13
1.21444731278e-08	2.41831619834e-13
1.21455320141e-08	2.42052851287e-13
1.21465909005e-08	2.40443597107e-13
1.21476497868e-08	2.40466419563e-13
1.21487086731e-08	2.40763843324e-13
1.21497675594e-08	2.39046792343e-13
1.21508264457e-08	2.40601646679e-13
1.21518853321e-08	2.40619996801e-13
1.21529442184e-08	2.41039799882e-13
1.21540031047e-08	2.3940457906e-13
1.2155061991e-08	2.39159034373e-13
1.21561208774e-08	2.37527499839e-13
1.21571797637e-08	2.38328345774e-13
1.215823865e-08	2.37691864888e-13
1.21592975363e-08	2.37204922588e-13
1.21603564226e-08	2.37068584165e-13
1.2161415309e-08	2.3797476034e-13
1.21624741953e-08	2.38270259642e-13
1.21635330816e-08	2.36804255675e-13
1.21645919679e-08	2.36331462213e-13
1.21656508543e-08	2.36513960543e-13
1.21667097406e-08	2.35148380802e-13
1.21677686269e-08	2.33844004273e-13
1.21688275132e-08	2.34229465251e-13
1.21698863996e-08	2.3509479411e-13
1.21709452859e-08	2.35001796668e-13
1.21720041722e-08	2.3572149007e-13
1.21730630585e-08	2.348056916e-13
1.21741219448e-08	2.33018357214e-13
1.21751808312e-08	2.32616172418e-13
1.21762397175e-08	2.32172489784e-13
1.21772986038e-08	2.31572871772e-13
1.21783574901e-08	2.31461605524e-13
1.21794163765e-08	2.3140940119e-13
1.21804752628e-08	2.31211940869e-13
1.21815341491e-08	2.30838433221e-13
1.21825930354e-08	2.30872477169e-13
1.21836519218e-08	2.2858472927e-13
1.21847108081e-08	2.28737493356e-13
1.21857696944e-08	2.28073527946e-13
1.21868285807e-08	2.278362503e-13
1.2187887467e-08	2.28393069431e-13
1.21889463534e-08	2.28204174307e-13
1.21900052397e-08	2.29145316003e-13
1.2191064126e-08	2.27305126761e-13
1.21921230123e-08	2.27080683359e-13
1.21931818987e-08	2.26585067441e-13
1.2194240785e-08	2.25093083278e-13
1.21952996713e-08	2.2478468197e-13
1.21963585576e-08	2.23594241538e-13
1.2197417444e-08	2.23982006445e-13
1.21984763303e-08	2.24778258073e-13
1.21995352166e-08	2.24491201995e-13
1.22005941029e-08	2.25271786902e-13
1.22016529892e-08	2.23731881003e-13
1.22027118756e-08	2.22831383337e-13
1.22037707619e-08	2.21774760557e-13
1.22048296482e-08	2.20520243776e-13
1.22058885345e-08	2.20984566908e-13
1.22069474209e-08	2.20704991826e-13
1.22080063072e-08	2.20071628022e-13
1.22090651935e-08	2.21025360015e-13
1.22101240798e-08	2.20805063686e-13
1.22111829662e-08	2.19498762699e-13
1.22122418525e-08	2.19148023296e-13
1.22133007388e-08	2.18813235218e-13
1.22143596251e-08	2.17823250214e-13
1.22154185114e-08	2.16842684217e-13
1.22164773978e-08	2.17581947468e-13
1.22175362841e-08	2.18375569906e-13
1.22185951704e-08	2.18468242086e-13
1.22196540567e-08	2.1786382648e-13
1.22207129431e-08	2.15214564919e-13
1.22217718294e-08	2.1501904261e-13
1.22228307157e-08	2.14346240952e-13
1.2223889602e-08	2.1451392637e-13
1.22249484884e-08	2.1459356102e-13
1.22260073747e-08	2.14381545285e-13
1.2227066261e-08	2.1497023996e-13
1.22281251473e-08	2.13889087106e-13
1.22291840336e-08	2.12887094563e-13
1.223024292e-08	2.12543565105e-13
1.22313018063e-08	2.11335248889e-13
1.22323606926e-08	2.10483201506e-13
1.22334195789e-08	2.09939311486e-13
1.22344784653e-08	2.09557997582e-13
1.22355373516e-08	2.09358450172e-13
1.22365962379e-08	2.1086290266e-13
1.22376551242e-08	2.09885453743e-13
1.22387140106e-08	2.09838697525e-13
1.22397728969e-08	2.09310311596e-13
1.22408317832e-08	2.07237086649e-13
1.22418906695e-08	2.0739947303e-13
1.22429495558e-08	2.06967147413e-13
1.22440084422e-08	2.07667270966e-13
1.22450673285e-08	2.07266915762e-13
1.22461262148e-08	2.07212936046e-13
1.22471851011e-08	2.07774308826e-13
1.22482439875e-08	2.06912815332e-13
1.22493028738e-08	2.05724624619e-13
1.22503617601e-08	2.05112131706e-13
1.22514206464e-08	2.05252630755e-13
1.22524795328e-08	2.04347118653e-13
1.22535384191e-08	2.03895656869e-13
1.22545973054e-08	2.03957971389e-13
1.22556561917e-08	2.05002979653e-13
1.2256715078e-08	2.05098064183e-13
1.22577739644e-08	2.04471151382e-13
1.22588328507e-08	2.02798457823e-13
1.2259891737e-08	2.01280439256e-13
1.22609506233e-08	2.01014525121e-13
1.22620095097e-08	1.99757907698e-13
1.2263068396e-08	2.00380795398e-13
1.22641272823e-08	1.9992727363e-13
1.22651861686e-08	2.01559350265e-13
1.2266245055e-08	2.01687936643e-13
1.22673039413e-08	1.99997868744e-13
1.22683628276e-08	1.99514409442e-13
1.22694217139e-08	1.9871615204e-13
1.22704806002e-08	1.97519247052e-13
1.22715394866e-08	1.95393722903e-13
1.22725983729e-08	1.96034486387e-13
1.22736572592e-08	1.96833570493e-13
1.22747161455e-08	1.97014212128e-13
1.22757750319e-08	1.97777598877e-13
1.22768339182e-08	1.96348877912e-13
1.22778928045e-08	1.95585165902e-13
1.22789516908e-08	1.93990182533e-13
1.22800105772e-08	1.93654527093e-13
1.22810694635e-08	1.94601537033e-13
1.22821283498e-08	1.92657386355e-13
1.22831872361e-08	1.93916090867e-13
1.22842461224e-08	1.93813660867e-13
1.22853050088e-08	1.94515099015e-13
1.22863638951e-08	1.94336368287e-13
1.22874227814e-08	1.93265393381e-13
1.22884816677e-08	1.92184918153e-13
1.22895405541e-08	1.89820259663e-13
1.22905994404e-08	1.89636975285e-13
1.22916583267e-08	1.90082446853e-13
1.2292717213e-08	1.89489808393e-13
1.22937760994e-08	1.90138906681e-13
1.22948349857e-08	1.90271138688e-13
1.2295893872e-08	1.90693177937e-13
1.22969527583e-08	1.89662196538e-13
1.22980116446e-08	1.88159329697e-13
1.2299070531e-08	1.87523458675e-13
1.23001294173e-08	1.86584932617e-13
1.23011883036e-08	1.86457308469e-13
1.23022471899e-08	1.86854573698e-13
1.23033060763e-08	1.86435976791e-13
1.23043649626e-08	1.86771483154e-13
1.23054238489e-08	1.87610113534e-13
1.23064827352e-08	1.86184889121e-13
1.23075416216e-08	1.85571962527e-13
1.23086005079e-08	1.84985382047e-13
1.23096593942e-08	1.831314912e-13
1.23107182805e-08	1.82876703689e-13
1.23117771668e-08	1.83738617311e-13
1.23128360532e-08	1.83056274674e-13
1.23138949395e-08	1.8379668989e-13
1.23149538258e-08	1.82279281187e-13
1.23160127121e-08	1.82604094606e-13
1.23170715985e-08	1.82262625131e-13
1.23181304848e-08	1.80385993143e-13
1.23191893711e-08	1.79493383047e-13
1.23202482574e-08	1.79586122991e-13
1.23213071438e-08	1.7975145027e-13
1.23223660301e-08	1.79537008632e-13
1.23234249164e-08	1.79742451391e-13
1.23244838027e-08	1.79793788364e-13
1.2325542689e-08	1.79530896443e-13
1.23266015754e-08	1.77702606319e-13
1.23276604617e-08	1.76954588135e-13
1.2328719348e-08	1.767010068e-13
1.23297782343e-08	1.76654182818e-13
1.23308371207e-08	1.75661338231e-13
1.2331896007e-08	1.76078417255e-13
1.23329548933e-08	1.77142670107e-13
1.23340137796e-08	1.76696276968e-13
1.2335072666e-08	1.75333976938e-13
1.23361315523e-08	1.7473378972e-13
1.23371904386e-08	1.74623065573e-13
1.23382493249e-08	1.73870710581e-13
1.23393082112e-08	1.72806810094e-13
1.23403670976e-08	1.7182282886e-13
1.23414259839e-08	1.72724586912e-13
1.23424848702e-08	1.73541953377e-13
1.23435437565e-08	1.73667097413e-13
1.23446026429e-08	1.72547916168e-13
1.23456615292e-08	1.70775313378e-13
1.23467204155e-08	1.71379159778e-13
1.23477793018e-08	1.70750674884e-13
1.23488381882e-08	1.68874083554e-13
1.23498970745e-08	1.68437326261e-13
1.23509559608e-08	1.69045441707e-13
1.23520148471e-08	1.6999890265e-13
1.23530737334e-08	1.69751121796e-13
1.23541326198e-08	1.68027904416e-13
1.23551915061e-08	1.67760838316e-13
1.23562503924e-08	1.66897176418e-13
1.23573092787e-08	1.66418758656e-13
1.23583681651e-08	1.6518797235e-13
1.23594270514e-08	1.65422065152e-13
1.23604859377e-08	1.64841840807e-13
1.2361544824e-08	1.64710625239e-13
1.23626037104e-08	1.64968868644e-13
1.23636625967e-08	1.64419029064e-13
1.2364721483e-08	1.64331520397e-13
1.23657803693e-08	1.63691420987e-13
1.23668392556e-08	1.63611921862e-13
1.2367898142e-08	1.62818882183e-13
1.23689570283e-08	1.62199355509e-13
1.23700159146e-08	1.63055306019e-13
1.23710748009e-08	1.6283361378e-13
1.23721336873e-08	1.6346094671e-13
1.23731925736e-08	1.62684373351e-13
1.23742514599e-08	1.60929646345e-13
1.23753103462e-08	1.60287066822e-13
1.23763692326e-08	1.59649677918e-13
1.23774281189e-08	1.59377719355e-13
1.23784870052e-08	1.58663772225e-13
1.23795458915e-08	1.58518733079e-13
1.23806047778e-08	1.58723010321e-13
1.23816636642e-08	1.58701949694e-13
1.23827225505e-08	1.58910170721e-13
1.23837814368e-08	1.57606160111e-13
1.23848403231e-08	1.55455753522e-13
1.23858992095e-08	1.55194230405e-13
1.23869580958e-08	1.54637777193e-13
1.23880169821e-08	1.54825859165e-13
1.23890758684e-08	1.56221864329e-13
1.23901347548e-08	1.56767461968e-13
1.23911936411e-08	1.55858561734e-13
1.23922525274e-08	1.54311567864e-13
1.23933114137e-08	1.54641449928e-13
1.23943703e-08	1.53228111081e-13
1.23954291864e-08	1.52004168801e-13
1.23964880727e-08	1.50607987453e-13
1.2397546959e-08	1.49917472642e-13
1.23986058453e-08	1.49928965185e-13
1.23996647317e-08	1.50458259133e-13
1.2400723618e-08	1.4998793223e-13
1.24017825043e-08	1.50695157308e-13
1.24028413906e-08	1.49656017288e-13
1.2403900277e-08	1.4864037735e-13
1.24049591633e-08	1.47919423563e-13
1.24060180496e-08	1.48274310039e-13
1.24070769359e-08	1.47623720973e-13
1.24081358222e-08	1.47293296809e-13
1.24091947086e-08	1.46977956607e-13
1.24102535949e-08	1.4648534935e-13
1.24113124812e-08	1.46219665607e-13
1.24123713675e-08	1.45793032052e-13
1.24134302539e-08	1.43905015942e-13
1.24144891402e-08	1.44978335435e-13
1.24155480265e-08	1.43779180727e-13
1.24166069128e-08	1.44228162399e-13
1.24176657992e-08	1.4350467429e-13
1.24187246855e-08	1.42637041501e-13
1.24197835718e-08	1.45096974258e-13
1.24208424581e-08	1.44481635315e-13
1.24219013444e-08	1.43264428641e-13
1.24229602308e-08	1.41192260791e-13
1.24240191171e-08	1.38941429976e-13
1.24250780034e-08	1.39586381191e-13
1.24261368897e-08	1.39182393909e-13
1.24271957761e-08	1.3929904051e-13
1.24282546624e-08	1.39913173278e-13
1.24293135487e-08	1.40354280932e-13
1.2430372435e-08	1.3965856195e-13
1.24314313214e-08	1.38113058859e-13
1.24324902077e-08	1.37500958969e-13
1.2433549094e-08	1.36750935012e-13
1.24346079803e-08	1.36964305999e-13
1.24356668666e-08	1.35769244155e-13
1.2436725753e-08	1.35904647453e-13
1.24377846393e-08	1.37177839617e-13
1.24388435256e-08	1.36876011285e-13
1.24399024119e-08	1.36418654151e-13
1.24409612983e-08	1.36378796168e-13
1.24420201846e-08	1.35008662778e-13
1.24430790709e-08	1.34106525255e-13
1.24441379572e-08	1.33152508659e-13
1.24451968436e-08	1.31208927187e-13
1.24462557299e-08	1.33174775461e-13
1.24473146162e-08	1.34128019563e-13
1.24483735025e-08	1.33605501879e-13
1.24494323888e-08	1.32256049645e-13
1.24504912752e-08	1.31572893856e-13
1.24515501615e-08	1.31263462556e-13
1.24526090478e-08	1.30308470177e-13
1.24536679341e-08	1.30603996585e-13
1.24547268205e-08	1.30461044528e-13
1.24557857068e-08	1.31310286537e-13
1.24568445931e-08	1.29549731945e-13
1.24579034794e-08	1.30369903783e-13
1.24589623658e-08	1.28181170647e-13
1.24600212521e-08	1.27490615179e-13
1.24610801384e-08	1.26161884759e-13
1.24621390247e-08	1.2454700628e-13
1.2463197911e-08	1.25262959185e-13
1.24642567974e-08	1.245280734e-13
1.24653156837e-08	1.27067451071e-13
1.246637457e-08	1.26665876139e-13
1.24674334563e-08	1.26234431437e-13
1.24684923427e-08	1.27356756868e-13
1.2469551229e-08	1.24067409449e-13
1.24706101153e-08	1.24338080522e-13
1.24716690016e-08	1.22950437266e-13
1.2472727888e-08	1.22551857443e-13
1.24737867743e-08	1.23923373191e-13
1.24748456606e-08	1.22822894433e-13
1.24759045469e-08	1.24538874764e-13
1.24769634332e-08	1.23078901671e-13
1.24780223196e-08	1.22372489746e-13
1.24790812059e-08	1.2283381777e-13
1.24801400922e-08	1.20349232966e-13
1.24811989785e-08	1.20715611986e-13
1.24822578649e-08	1.19178226858e-13
1.24833167512e-08	1.19434789749e-13
1.24843756375e-08	1.1906106526e-13
1.24854345238e-08	1.19659436439e-13
1.24864934102e-08	1.20029230695e-13
1.24875522965e-08	1.20454983336e-13
1.24886111828e-08	1.18509802666e-13
1.24896700691e-08	1.17708834758e-13
1.24907289554e-08	1.16339053734e-13
1.24917878418e-08	1.16210142095e-13
1.24928467281e-08	1.16779890337e-13
1.24939056144e-08	1.15981090834e-13
1.24949645007e-08	1.16772328027e-13
1.24960233871e-08	1.16164605604e-13
1.24970822734e-08	1.1508457761e-13
1.24981411597e-08	1.14423675071e-13
1.2499200046e-08	1.13380611594e-13
1.25002589324e-08	1.12621053434e-13
1.25013178187e-08	1.12008235261e-13
1.2502376705e-08	1.12562594608e-13
1.25034355913e-08	1.13676686879e-13
1.25044944776e-08	1.13547585505e-13
1.2505553364e-08	1.13399564803e-13
1.25066122503e-08	1.13326814838e-13
1.25076711366e-08	1.11621324163e-13
1.25087300229e-08	1.10578741801e-13
1.25097889093e-08	1.09894318851e-13
1.25108477956e-08	1.09769269683e-13
1.25119066819e-08	1.09890761313e-13
1.25129655682e-08	1.09878489499e-13
1.25140244546e-08	1.10301064072e-13
1.25150833409e-08	1.09640066665e-13
1.25161422272e-08	1.08740009456e-13
1.25172011135e-08	1.08348348197e-13
1.25182599998e-08	1.06995263886e-13
1.25193188862e-08	1.06355760787e-13
1.25203777725e-08	1.05824745668e-13
1.25214366588e-08	1.05705347904e-13
1.25224955451e-08	1.05686977453e-13
1.25235544315e-08	1.06119336951e-13
1.25246133178e-08	1.06358769448e-13
1.25256722041e-08	1.05238219398e-13
1.25267310904e-08	1.03549920103e-13
1.25277899768e-08	1.0295723421e-13
1.25288488631e-08	1.02020158272e-13
1.25299077494e-08	1.03902983765e-13
1.25309666357e-08	1.0287894126e-13
1.2532025522e-08	1.03225621681e-13
1.25330844084e-08	1.02546382573e-13
1.25341432947e-08	1.02208768792e-13
1.2535202181e-08	1.02665156921e-13
1.25362610673e-08	1.00581428765e-13
1.25373199537e-08	9.91613881935e-14
1.253837884e-08	9.85357425536e-14
1.25394377263e-08	9.8313704725e-14
1.25404966126e-08	9.71483974537e-14
1.2541555499e-08	9.70867470077e-14
1.25426143853e-08	9.76992534725e-14
1.25436732716e-08	9.86876189492e-14
1.25447321579e-08	9.72093634971e-14
1.25457910442e-08	9.56227217091e-14
1.25468499306e-08	9.55923166145e-14
1.25479088169e-08	9.52125138172e-14
1.25489677032e-08	9.59116548118e-14
1.25500265895e-08	9.55104796792e-14
1.25510854759e-08	9.52656871575e-14
1.25521443622e-08	9.53028414107e-14
1.25532032485e-08	9.52823703184e-14
1.25542621348e-08	9.31838021459e-14
1.25553210212e-08	9.36669294102e-14
1.25563799075e-08	9.36964806957e-14
1.25574387938e-08	9.25892527795e-14
1.25584976801e-08	9.26701816954e-14
1.25595565664e-08	9.14364477146e-14
1.25606154528e-08	9.26474134498e-14
1.25616743391e-08	9.30644518155e-14
1.25627332254e-08	9.14504881327e-14
1.25637921117e-08	9.1115252821e-14
1.25648509981e-08	8.96127925554e-14
1.25659098844e-08	8.87455527902e-14
1.25669687707e-08	8.83455838325e-14
1.2568027657e-08	8.8867742375e-14
1.25690865434e-08	8.89748208921e-14
1.25701454297e-08	8.78556531995e-14
1.2571204316e-08	8.73490529582e-14
1.25722632023e-08	8.61281328917e-14
1.25733220886e-08	8.59380519221e-14
1.2574380975e-08	8.63491136233e-14
1.25754398613e-08	8.42406521059e-14
1.25764987476e-08	8.47476928044e-14
1.25775576339e-08	8.47021834182e-14
1.25786165203e-08	8.44672435837e-14
1.25796754066e-08	8.35451635173e-14
1.25807342929e-08	8.41447612e-14
1.25817931792e-08	8.36573716659e-14
1.25828520656e-08	8.40949285577e-14
1.25839109519e-08	8.20792950751e-14
1.25849698382e-08	8.23189850703e-14
1.25860287245e-08	8.18190594486e-14
1.25870876108e-08	8.21920588773e-14
1.25881464972e-08	8.10962150839e-14
1.25892053835e-08	8.11997157338e-14
1.25902642698e-08	8.15548529317e-14
1.25913231561e-08	8.17859099672e-14
1.25923820425e-08	8.12099749969e-14
1.25934409288e-08	7.90525617514e-14
1.25944998151e-08	7.81740327311e-14
1.25955587014e-08	7.84919343606e-14
1.25966175878e-08	7.75035892127e-14
1.25976764741e-08	7.72516341803e-14
1.25987353604e-08	7.71980339354e-14
1.25997942467e-08	7.89882143525e-14
1.2600853133e-08	7.8680775274e-14
1.26019120194e-08	7.72310411153e-14
1.26029709057e-08	7.58010326599e-14
1.2604029792e-08	7.5356557203e-14
1.26050886783e-08	7.6239755069e-14
1.26061475647e-08	7.57221705044e-14
1.2607206451e-08	7.55931165645e-14
1.26082653373e-08	7.56254054605e-14
1.26093242236e-08	7.4755692359e-14
1.261038311e-08	7.46542245882e-14
1.26114419963e-08	7.30314517628e-14
1.26125008826e-08	7.23215907192e-14
1.26135597689e-08	7.34081781364e-14
1.26146186552e-08	7.34947720087e-14
1.26156775416e-08	7.44285817873e-14
1.26167364279e-08	7.24931995943e-14
1.26177953142e-08	7.14910376449e-14
1.26188542005e-08	7.16023309979e-14
1.26199130869e-08	6.99850740511e-14
1.26209719732e-08	6.95749542506e-14
1.26220308595e-08	6.9204888944e-14
1.26230897458e-08	6.9971033633e-14
1.26241486321e-08	7.00660368483e-14
1.26252075185e-08	6.89735405292e-14
1.26262664048e-08	6.93252692665e-14
1.26273252911e-08	6.85966786303e-14
1.26283841774e-08	6.80774609862e-14
1.26294430638e-08	6.77568624038e-14
1.26305019501e-08	6.83141355442e-14
1.26315608364e-08	6.8487330065e-14
1.26326197227e-08	6.67105259922e-14
1.26336786091e-08	6.59681930935e-14
1.26347374954e-08	6.64083859517e-14
1.26357963817e-08	6.61492548563e-14
1.2636855268e-08	6.62626827323e-14
1.26379141543e-08	6.43340700266e-14
1.26389730407e-08	6.34570046791e-14
1.2640031927e-08	6.34476331066e-14
1.26410908133e-08	6.43118777633e-14
1.26421496996e-08	6.41121541706e-14
1.2643208586e-08	6.48600910393e-14
1.26442674723e-08	6.43126163761e-14
1.26453263586e-08	6.32176670495e-14
1.26463852449e-08	6.17383070665e-14
1.26474441313e-08	6.27609197793e-14
1.26485030176e-08	6.29926476649e-14
1.26495619039e-08	6.14787693952e-14
1.26506207902e-08	6.18804730764e-14
1.26516796765e-08	6.05555915741e-14
1.26527385629e-08	6.07666586321e-14
1.26537974492e-08	5.94032947289e-14
1.26548563355e-08	5.9885642723e-14
1.26559152218e-08	5.99792296992e-14
1.26569741082e-08	5.92423923503e-14
1.26580329945e-08	5.93732284474e-14
1.26590918808e-08	5.77085444318e-14
1.26601507671e-08	5.67159878361e-14
1.26612096535e-08	5.90710138681e-14
1.26622685398e-08	5.93760134918e-14
1.26633274261e-08	5.77962767164e-14
1.26643863124e-08	5.55485155486e-14
1.26654451987e-08	5.47163293949e-14
1.26665040851e-08	5.36391237145e-14
1.26675629714e-08	5.43253118814e-14
1.26686218577e-08	5.57791965015e-14
1.2669680744e-08	5.57790237068e-14
1.26707396304e-08	5.54536580229e-14
1.26717985167e-08	5.322077753e-14
1.2672857403e-08	5.50316323273e-14
1.26739162893e-08	5.34994276527e-14
1.26749751757e-08	5.33581832147e-14
1.2676034062e-08	5.29292118489e-14
1.26770929483e-08	5.20485449174e-14
1.26781518346e-08	5.42154720369e-14
1.26792107209e-08	5.03407232078e-14
1.26802696073e-08	5.11431344594e-14
1.26813284936e-08	5.39240418811e-14
1.26823873799e-08	5.05513803018e-14
1.26834462662e-08	4.93501046235e-14
1.26845051526e-08	4.57562861298e-14
1.26855640389e-08	4.81729829367e-14
1.26866229252e-08	4.81721359037e-14
1.26876818115e-08	4.92370189488e-14
1.26887406979e-08	5.03128117781e-14
1.26897995842e-08	4.68642221655e-14
1.26908584705e-08	4.55438638192e-14
1.26919173568e-08	4.56323211639e-14
1.26929762431e-08	4.54481084385e-14
1.26940351295e-08	4.60111346267e-14
1.26950940158e-08	4.68019110337e-14
1.26961529021e-08	4.69443040484e-14
1.26972117884e-08	4.4986082459e-14
1.26982706748e-08	4.46059137435e-14
1.26993295611e-08	4.54188553087e-14
1.27003884474e-08	4.64395062932e-14
1.27014473337e-08	4.49507137513e-14
1.27025062201e-08	4.22385989574e-14
1.27035651064e-08	4.24033671945e-14
1.27046239927e-08	4.033719295e-14
1.2705682879e-08	4.24259660335e-14
1.27067417653e-08	4.41381482687e-14
