% time-domain current integration by openEMS v0.37.0-rc1-2-g7b051bb @Thu Jul 16 21:58:43 2026
% start-coordinates: (0.00114193,0.00517327,-0.000762) m -> [50,110,14]
% stop-coordinates: (0.00147966,0.00551101,-0.000762) m -> [55,115,14]
% t/s	current
1.05888632306e-13	0
1.16477495537e-12	0
2.22366127843e-12	0
3.28254760149e-12	0
4.34143392454e-12	0
5.4003202476e-12	0
6.45920657066e-12	0
7.51809289372e-12	0
8.57697921678e-12	0
9.63586553984e-12	0
1.06947518629e-11	0
1.1753638186e-11	0
1.2812524509e-11	0
1.38714108321e-11	0
1.49302971551e-11	0
1.59891834782e-11	0
1.70480698013e-11	0
1.81069561243e-11	0
1.91658424474e-11	0
2.02247287704e-11	0
2.12836150935e-11	0
2.23425014166e-11	0
2.34013877396e-11	0
2.44602740627e-11	0
2.55191603857e-11	0
2.65780467088e-11	0
2.76369330319e-11	0
2.86958193549e-11	0
2.9754705678e-11	0
3.0813592001e-11	0
3.18724783241e-11	0
3.29313646472e-11	0
3.39902509702e-11	0
3.50491372933e-11	0
3.61080236163e-11	0
3.71669099394e-11	0
3.82257962625e-11	0
3.92846825855e-11	0
4.03435689086e-11	0
4.14024552316e-11	0
4.24613415547e-11	0
4.35202278778e-11	0
4.45791142008e-11	0
4.56380005239e-11	0
4.66968868469e-11	0
4.775577317e-11	0
4.88146594931e-11	0
4.98735458161e-11	0
5.09324321392e-11	0
5.19913184622e-11	0
5.30502047853e-11	0
5.41090911084e-11	0
5.51679774314e-11	0
5.62268637545e-11	0
5.72857500775e-11	0
5.83446364006e-11	0
5.94035227236e-11	0
6.04624090467e-11	0
6.15212953698e-11	0
6.25801816928e-11	0
6.36390680159e-11	0
6.46979543389e-11	0
6.5756840662e-11	0
6.68157269851e-11	0
6.78746133081e-11	0
6.89334996312e-11	-1.58602278467e-37
6.99923859542e-11	-3.47676503676e-35
7.10512722773e-11	-3.18368649191e-33
7.21101586004e-11	-2.32651067748e-31
7.31690449234e-11	-1.37308513347e-29
7.42279312465e-11	-6.58083280501e-28
7.52868175695e-11	-2.57341110573e-26
7.63457038926e-11	-8.24441095844e-25
7.74045902157e-11	-2.17140590594e-23
7.84634765387e-11	-4.71519858778e-22
7.95223628618e-11	-8.46104065432e-21
8.05812491848e-11	-1.25672606962e-19
8.16401355079e-11	-1.54675226524e-18
8.2699021831e-11	-1.57825117889e-17
8.3757908154e-11	-1.33494020379e-16
8.48167944771e-11	-9.35357731346e-16
8.58756808001e-11	-5.42209082944e-15
8.69345671232e-11	-2.59535723127e-14
8.79934534463e-11	-1.02301684918e-13
8.90523397693e-11	-3.30684047853e-13
9.01112260924e-11	-8.69916551988e-13
9.11701124154e-11	-1.82980887387e-12
9.22289987385e-11	-2.92088922493e-12
9.32878850616e-11	-2.82153011892e-12
9.43467713846e-11	1.67289706393e-12
9.54056577077e-11	1.66108307664e-11
9.64645440307e-11	5.17072183681e-11
9.75234303538e-11	1.20423573891e-10
9.85823166769e-11	2.38303515809e-10
9.96412029999e-11	4.18089479703e-10
1.00700089323e-10	6.60063226299e-10
1.01758975646e-10	9.37475430618e-10
1.02817861969e-10	1.17926735044e-09
1.03876748292e-10	1.25478150093e-09
1.04935634615e-10	9.67971258703e-10
1.05994520938e-10	7.0025762966e-11
1.07053407261e-10	-1.70134450972e-09
1.08112293584e-10	-4.55300375179e-09
1.09171179907e-10	-8.54618598112e-09
1.10230066231e-10	-1.35050326477e-08
1.11288952554e-10	-1.89535995787e-08
1.12347838877e-10	-2.41116548949e-08
1.134067252e-10	-2.79719110097e-08
1.14465611523e-10	-2.9462459139e-08
1.15524497846e-10	-2.76672693644e-08
1.16583384169e-10	-2.20563620701e-08
1.17642270492e-10	-1.26612489382e-08
1.18701156815e-10	-1.39333225513e-10
1.19760043138e-10	1.43029064148e-08
1.20818929461e-10	2.91237949313e-08
1.21877815784e-10	4.27448689777e-08
1.22936702107e-10	5.38642197512e-08
1.2399558843e-10	6.17005966319e-08
1.25054474753e-10	6.61086758669e-08
1.26113361076e-10	6.75412223927e-08
1.27172247399e-10	6.68645441237e-08
1.28231133723e-10	6.50851248452e-08
1.29290020046e-10	6.30487591025e-08
1.30348906369e-10	6.11974684261e-08
1.31407792692e-10	5.9439720701e-08
1.32466679015e-10	5.71654830139e-08
1.33525565338e-10	5.34131316954e-08
1.34584451661e-10	4.71378456268e-08
1.35643337984e-10	3.75301070221e-08
1.36702224307e-10	2.42947137963e-08
1.3776111063e-10	7.82557574297e-09
1.38819996953e-10	-1.07648654435e-08
1.39878883276e-10	-2.97773876667e-08
1.40937769599e-10	-4.71806487212e-08
1.41996655922e-10	-6.09437762478e-08
1.43055542245e-10	-6.937182917e-08
1.44114428568e-10	-7.13859620305e-08
1.45173314891e-10	-6.67054180781e-08
1.46232201215e-10	-5.59067565575e-08
1.47291087538e-10	-4.03638509283e-08
1.48349973861e-10	-2.20791225303e-08
1.49408860184e-10	-3.42953621058e-09
1.50467746507e-10	1.31435617945e-08
1.5152663283e-10	2.54683456546e-08
1.52585519153e-10	3.1959523028e-08
1.53644405476e-10	3.18748298866e-08
1.54703291799e-10	2.54675054379e-08
1.55762178122e-10	1.39887621486e-08
1.56821064445e-10	-4.77767381213e-10
1.57879950768e-10	-1.53427457406e-08
1.58938837091e-10	-2.7951731596e-08
1.59997723414e-10	-3.60594185622e-08
1.61056609737e-10	-3.82418754441e-08
1.6211549606e-10	-3.41547945482e-08
1.63174382383e-10	-2.45829969714e-08
1.64233268707e-10	-1.12723377299e-08
1.6529215503e-10	3.41543460181e-09
1.66351041353e-10	1.69495333324e-08
1.67409927676e-10	2.70865960772e-08
1.68468813999e-10	3.22521422902e-08
1.69527700322e-10	3.17809991657e-08
1.70586586645e-10	2.59865373664e-08
1.71645472968e-10	1.60576814068e-08
1.72704359291e-10	3.80975428982e-09
1.73763245614e-10	-8.65758487123e-09
1.74822131937e-10	-1.93355838007e-08
1.7588101826e-10	-2.66446900099e-08
1.76939904583e-10	-2.96780804376e-08
1.77998790906e-10	-2.83101631027e-08
1.79057677229e-10	-2.31546550822e-08
1.80116563552e-10	-1.53924748503e-08
1.81175449876e-10	-6.50890052967e-09
1.82234336199e-10	2.00018490659e-09
1.83293222522e-10	8.88974049928e-09
1.84352108845e-10	1.33513875511e-08
1.85410995168e-10	1.5090650507e-08
1.86469881491e-10	1.43008103137e-08
1.87528767814e-10	1.15509957155e-08
1.88587654137e-10	7.62599672299e-09
1.8964654046e-10	3.36402194989e-09
1.90705426783e-10	-4.89379758939e-10
1.91764313106e-10	-3.37889427549e-09
1.92823199429e-10	-4.99514607455e-09
1.93882085752e-10	-5.28319477056e-09
1.94940972075e-10	-4.41077085966e-09
1.95999858398e-10	-2.7151045856e-09
1.97058744721e-10	-6.23330165261e-10
1.98117631044e-10	1.42826028782e-09
1.99176517368e-10	3.07395953136e-09
2.00235403691e-10	4.07626687959e-09
2.01294290014e-10	4.35081481953e-09
2.02353176337e-10	3.9603480495e-09
2.0341206266e-10	3.07496184071e-09
2.04470948983e-10	1.91789717441e-09
2.05529835306e-10	7.06622871327e-10
2.06588721629e-10	-3.92794519133e-10
2.07647607952e-10	-1.28776067587e-09
2.08706494275e-10	-1.95592142482e-09
2.09765380598e-10	-2.42063546985e-09
2.10824266921e-10	-2.71744782232e-09
2.11883153244e-10	-2.86646972825e-09
2.12942039567e-10	-2.85692380864e-09
2.1400092589e-10	-2.65129496135e-09
2.15059812213e-10	-2.20651119598e-09
2.16118698536e-10	-1.50126833187e-09
2.1717758486e-10	-5.60670510019e-10
2.18236471183e-10	5.35038624516e-10
2.19295357506e-10	1.65905233995e-09
2.20354243829e-10	2.66464184051e-09
2.21413130152e-10	3.42112937979e-09
2.22472016475e-10	3.84716392077e-09
2.23530902798e-10	3.93155419331e-09
2.24589789121e-10	3.73438879819e-09
2.25648675444e-10	3.36814731661e-09
2.26707561767e-10	2.96483282369e-09
2.2776644809e-10	2.63879340601e-09
2.28825334413e-10	2.45671238908e-09
2.29884220736e-10	2.42434050612e-09
2.30943107059e-10	2.49106046901e-09
2.32001993382e-10	2.57215937438e-09
2.33060879705e-10	2.57746868293e-09
2.34119766028e-10	2.43663866861e-09
2.35178652352e-10	2.11235939851e-09
2.36237538675e-10	1.60041013775e-09
2.37296424998e-10	9.20957365924e-10
2.38355311321e-10	1.07542141858e-10
2.39414197644e-10	-7.99167898524e-10
2.40473083967e-10	-1.74975978151e-09
2.4153197029e-10	-2.67967315004e-09
2.42590856613e-10	-3.50608919675e-09
2.43649742936e-10	-4.13274570121e-09
2.44708629259e-10	-4.46830838996e-09
2.45767515582e-10	-4.45174208608e-09
2.46826401905e-10	-4.07943812064e-09
2.47885288228e-10	-3.42028050326e-09
2.48944174551e-10	-2.61109955879e-09
2.50003060874e-10	-1.83191328773e-09
2.51061947197e-10	-1.2627999757e-09
2.52120833521e-10	-1.038949482e-09
2.53179719844e-10	-1.21231147343e-09
2.54238606167e-10	-1.73613456944e-09
2.5529749249e-10	-2.47573495038e-09
2.56356378813e-10	-3.24264548546e-09
2.57415265136e-10	-3.84413390009e-09
2.58474151459e-10	-4.12971390418e-09
2.59533037782e-10	-4.02558297807e-09
2.60591924105e-10	-3.54512974532e-09
2.61650810428e-10	-2.77670908488e-09
2.62709696751e-10	-1.85396353825e-09
2.63768583074e-10	-9.19206044614e-10
2.64827469397e-10	-9.17128803457e-11
2.6588635572e-10	5.52933976383e-10
2.66945242043e-10	9.88806925228e-10
2.68004128366e-10	1.23258436791e-09
2.69063014689e-10	1.32811228681e-09
2.70121901013e-10	1.32775546113e-09
2.71180787336e-10	1.27613974943e-09
2.72239673659e-10	1.20057819242e-09
2.73298559982e-10	1.10821551935e-09
2.74357446305e-10	9.91670856543e-10
2.75416332628e-10	8.39228797567e-10
2.76475218951e-10	6.46215858602e-10
2.77534105274e-10	4.23542423356e-10
2.78592991597e-10	1.99864569339e-10
2.7965187792e-10	1.71555998574e-11
2.80710764243e-10	-8.02394539701e-11
2.81769650566e-10	-5.83797593601e-11
2.82828536889e-10	9.55421297633e-11
2.83887423212e-10	3.67290226011e-10
2.84946309535e-10	7.16757542207e-10
2.86005195858e-10	1.08564712775e-09
2.87064082181e-10	1.40963785089e-09
2.88122968505e-10	1.63178559554e-09
2.89181854828e-10	1.71287817263e-09
2.90240741151e-10	1.63732161162e-09
2.91299627474e-10	1.41267308962e-09
2.92358513797e-10	1.06415187773e-09
2.9341740012e-10	6.267044661e-10
2.94476286443e-10	1.37849426318e-10
2.95535172766e-10	-3.65831670512e-10
2.96594059089e-10	-8.4813306378e-10
2.97652945412e-10	-1.26982369064e-09
2.98711831735e-10	-1.58613511214e-09
2.99770718058e-10	-1.74792658125e-09
3.00829604381e-10	-1.71017089379e-09
3.01888490704e-10	-1.44464673557e-09
3.02947377027e-10	-9.54848644596e-10
3.0400626335e-10	-2.86459050924e-10
3.05065149673e-10	4.72133387941e-10
3.06124035997e-10	1.20016185878e-09
3.0718292232e-10	1.76650016837e-09
3.08241808643e-10	2.05567318723e-09
3.09300694966e-10	1.99395722156e-09
3.10359581289e-10	1.56662527395e-09
3.11418467612e-10	8.22700185754e-10
3.12477353935e-10	-1.32762870142e-10
3.13536240258e-10	-1.15854614791e-09
3.14595126581e-10	-2.10251172028e-09
3.15654012904e-10	-2.82905743276e-09
3.16712899227e-10	-3.24155680076e-09
3.1777178555e-10	-3.29685612144e-09
3.18830671873e-10	-3.00974445366e-09
3.19889558196e-10	-2.44660069981e-09
3.20948444519e-10	-1.71145986272e-09
3.22007330842e-10	-9.25819754194e-10
3.23066217166e-10	-2.07289740928e-10
3.24125103489e-10	3.48843343101e-10
3.25183989812e-10	6.82487566461e-10
3.26242876135e-10	7.73913433338e-10
3.27301762458e-10	6.41814879021e-10
3.28360648781e-10	3.35126704165e-10
3.29419535104e-10	-7.88322115919e-11
3.30478421427e-10	-5.26461485517e-10
3.3153730775e-10	-9.39143207646e-10
3.32596194073e-10	-1.26126165068e-09
3.33655080396e-10	-1.45425405051e-09
3.34713966719e-10	-1.49778689451e-09
3.35772853042e-10	-1.38833566865e-09
3.36831739365e-10	-1.13657427914e-09
3.37890625688e-10	-7.64518670593e-10
3.38949512011e-10	-3.02790958973e-10
3.40008398334e-10	2.11378914372e-10
3.41067284658e-10	7.37350625002e-10
3.42126170981e-10	1.23429810817e-09
3.43185057304e-10	1.66503200116e-09
3.44243943627e-10	1.99996885719e-09
3.4530282995e-10	2.21955454016e-09
3.46361716273e-10	2.3160513507e-09
3.47420602596e-10	2.29286878373e-09
3.48479488919e-10	2.16352558091e-09
3.49538375242e-10	1.94991023328e-09
3.50597261565e-10	1.67995817257e-09
3.51656147888e-10	1.38591393917e-09
3.52715034211e-10	1.10127462705e-09
3.53773920534e-10	8.57745152683e-10
3.54832806857e-10	6.80660250385e-10
3.5589169318e-10	5.85300918843e-10
3.56950579503e-10	5.74616076943e-10
3.58009465826e-10	6.39091668475e-10
3.5906835215e-10	7.59437845943e-10
3.60127238473e-10	9.10966801992e-10
3.61186124796e-10	1.06868314198e-09
3.62245011119e-10	1.21032528444e-09
3.63303897442e-10	1.31772426304e-09
3.64362783765e-10	1.37595945748e-09
3.65421670088e-10	1.37204347883e-09
3.66480556411e-10	1.2942272809e-09
3.67539442734e-10	1.13399933888e-09
3.68598329057e-10	8.90219842287e-10
3.6965721538e-10	5.73513070368e-10
3.70716101703e-10	2.09727346601e-10
3.71774988026e-10	-1.60669783034e-10
3.72833874349e-10	-4.87257068027e-10
3.73892760672e-10	-7.19067805299e-10
3.74951646995e-10	-8.15351119954e-10
3.76010533318e-10	-7.5565492752e-10
3.77069419642e-10	-5.46269307566e-10
3.78128305965e-10	-2.20704107767e-10
3.79187192288e-10	1.65357852411e-10
3.80246078611e-10	5.4432430785e-10
3.81304964934e-10	8.49469994346e-10
3.82363851257e-10	1.02768127341e-09
3.8342273758e-10	1.04938657763e-09
3.84481623903e-10	9.1377738709e-10
3.85540510226e-10	6.48238351886e-10
3.86599396549e-10	3.02539632235e-10
3.87658282872e-10	-6.11614231483e-11
3.88717169195e-10	-3.80225989582e-10
3.89776055518e-10	-6.03005478883e-10
3.90834941841e-10	-6.97749580336e-10
3.91893828164e-10	-6.56838028412e-10
3.92952714487e-10	-4.9644627298e-10
3.94011600811e-10	-2.51338561075e-10
3.95070487134e-10	3.35444380606e-11
3.96129373457e-10	3.1275695922e-10
3.9718825978e-10	5.49117806781e-10
3.98247146103e-10	7.19624915213e-10
3.99306032426e-10	8.17291567756e-10
4.00364918749e-10	8.49105064038e-10
4.01423805072e-10	8.30701341048e-10
4.02482691395e-10	7.80035036563e-10
4.03541577718e-10	7.11968484168e-10
4.04600464041e-10	6.35262509263e-10
4.05659350364e-10	5.53144752224e-10
4.06718236687e-10	4.657588204e-10
4.0777712301e-10	3.74573094764e-10
4.08836009333e-10	2.85443918502e-10
4.09894895656e-10	2.09867304091e-10
4.10953781979e-10	1.63594499059e-10
4.12012668303e-10	1.62725041775e-10
4.13071554626e-10	2.19265133827e-10
4.14130440949e-10	3.36262878653e-10
4.15189327272e-10	5.05933961392e-10
4.16248213595e-10	7.09467484761e-10
4.17307099918e-10	9.19932796606e-10
4.18365986241e-10	1.107053893e-09
4.19424872564e-10	1.24260701728e-09
4.20483758887e-10	1.30600397164e-09
4.2154264521e-10	1.28747101868e-09
4.22601531533e-10	1.18991982934e-09
4.23660417856e-10	1.0277867446e-09
4.24719304179e-10	8.24142420974e-10
4.25778190502e-10	6.06292571703e-10
4.26837076825e-10	4.00973421133e-10
4.27895963148e-10	2.30430174941e-10
4.28954849471e-10	1.09336956156e-10
4.30013735795e-10	4.36522346048e-11
4.31072622118e-10	3.09071691851e-11
4.32131508441e-10	6.17769724265e-11
4.33190394764e-10	1.22144544479e-10
4.34249281087e-10	1.95691143845e-10
4.3530816741e-10	2.66153488138e-10
4.36367053733e-10	3.19405418781e-10
4.37425940056e-10	3.44767242533e-10
4.38484826379e-10	3.35810379504e-10
4.39543712702e-10	2.90494295285e-10
4.40602599025e-10	2.10598899431e-10
4.41661485348e-10	1.01355049353e-10
4.42720371671e-10	-2.92886027931e-11
4.43779257994e-10	-1.71064717946e-10
4.44838144317e-10	-3.11989684088e-10
4.4589703064e-10	-4.39133673868e-10
4.46955916963e-10	-5.39908062702e-10
4.48014803287e-10	-6.03971983537e-10
4.4907368961e-10	-6.2518701327e-10
4.50132575933e-10	-6.03215755124e-10
4.51191462256e-10	-5.44121525614e-10
4.52250348579e-10	-4.59636662065e-10
4.53309234902e-10	-3.6498290501e-10
4.54368121225e-10	-2.75836187225e-10
4.55427007548e-10	-2.05274089393e-10
4.56485893871e-10	-1.61231125673e-10
4.57544780194e-10	-1.45428308285e-10
4.58603666517e-10	-1.53739063147e-10
4.5966255284e-10	-1.77923550893e-10
4.60721439163e-10	-2.08279560265e-10
4.61780325486e-10	-2.36075214932e-10
4.62839211809e-10	-2.55705318031e-10
4.63898098132e-10	-2.65253929932e-10
4.64956984456e-10	-2.65892391438e-10
4.66015870779e-10	-2.60124199958e-10
4.67074757102e-10	-2.49480852643e-10
4.68133643425e-10	-2.33027402929e-10
4.69192529748e-10	-2.06875516717e-10
4.70251416071e-10	-1.65781083306e-10
4.71310302394e-10	-1.05648295667e-10
4.72369188717e-10	-2.67999129833e-11
4.7342807504e-10	6.39680947101e-11
4.74486961363e-10	1.5335938075e-10
4.75545847686e-10	2.23864510263e-10
4.76604734009e-10	2.58421145594e-10
4.77663620332e-10	2.45368503293e-10
4.78722506655e-10	1.82975981589e-10
4.79781392978e-10	8.11530218026e-11
4.80840279301e-10	-3.97996878509e-11
4.81899165624e-10	-1.53586074414e-10
4.82958051948e-10	-2.34350761019e-10
4.84016938271e-10	-2.63148086654e-10
4.85075824594e-10	-2.33036978603e-10
4.86134710917e-10	-1.50945395072e-10
4.8719359724e-10	-3.61300225848e-11
4.88252483563e-10	8.46469491722e-11
4.89311369886e-10	1.83712850488e-10
4.90370256209e-10	2.39395420154e-10
4.91429142532e-10	2.41085151842e-10
4.92488028855e-10	1.91511043135e-10
4.93546915178e-10	1.0541541251e-10
4.94605801501e-10	5.29660083154e-12
4.95664687824e-10	-8.47400136172e-11
4.96723574147e-10	-1.45309070332e-10
4.9778246047e-10	-1.66298114168e-10
4.98841346793e-10	-1.49097248436e-10
4.99900233116e-10	-1.05424939612e-10
5.0095911944e-10	-5.37313665783e-11
5.02018005763e-10	-1.39069936123e-11
5.03076892086e-10	-1.99738945002e-12
5.04135778409e-10	-2.60380085548e-11
5.05194664732e-10	-8.39899955141e-11
5.06253551055e-10	-1.64444013961e-10
5.07312437378e-10	-2.49460702095e-10
5.08371323701e-10	-3.19196807874e-10
5.09430210024e-10	-3.56813217861e-10
5.10489096347e-10	-3.52720713748e-10
5.1154798267e-10	-3.06975223019e-10
5.12606868993e-10	-2.29150351472e-10
5.13665755316e-10	-1.36046923727e-10
5.14724641639e-10	-4.76541861527e-11
5.15783527962e-10	1.74820956322e-11
5.16842414285e-10	4.61464373658e-11
5.17901300608e-10	3.30781305125e-11
5.18960186932e-10	-1.85743052883e-11
5.20019073255e-10	-9.83667383658e-11
5.21077959578e-10	-1.90966339964e-10
5.22136845901e-10	-2.79319567476e-10
5.23195732224e-10	-3.47529477418e-10
5.24254618547e-10	-3.83491793876e-10
5.2531350487e-10	-3.80443287984e-10
5.26372391193e-10	-3.37815220242e-10
5.27431277516e-10	-2.60928639806e-10
5.28490163839e-10	-1.59927959764e-10
5.29549050162e-10	-4.80198901476e-11
5.30607936485e-10	6.0634761101e-11
5.31666822808e-10	1.5297338396e-10
5.32725709131e-10	2.18938006613e-10
5.33784595454e-10	2.52631915387e-10
5.34843481777e-10	2.53087661939e-10
5.35902368101e-10	2.24106996849e-10
5.36961254424e-10	1.73737205178e-10
5.38020140747e-10	1.12957372622e-10
5.3907902707e-10	5.40960783113e-11
5.40137913393e-10	9.01501269468e-12
5.41196799716e-10	-1.26826396607e-11
5.42255686039e-10	-4.98679873437e-12
5.43314572362e-10	3.35731026313e-11
5.44373458685e-10	9.99079013964e-11
5.45432345008e-10	1.86706552996e-10
5.46491231331e-10	2.83504664189e-10
5.47550117654e-10	3.77884140645e-10
5.48609003977e-10	4.57087756534e-10
5.496678903e-10	5.09711939323e-10
5.50726776623e-10	5.27429933062e-10
5.51785662946e-10	5.06681308021e-10
5.52844549269e-10	4.49741549557e-10
5.53903435593e-10	3.65179053663e-10
5.54962321916e-10	2.66896088563e-10
5.56021208239e-10	1.72202224702e-10
5.57080094562e-10	9.87141757225e-11
5.58138980885e-10	6.09136768803e-11
5.59197867208e-10	6.70586572382e-11
5.60256753531e-10	1.17141449318e-10
5.61315639854e-10	2.02559372053e-10
5.62374526177e-10	3.07486064388e-10
5.634334125e-10	4.11944256484e-10
5.64492298823e-10	4.95683105672e-10
5.65551185146e-10	5.42280054194e-10
5.66610071469e-10	5.4239024383e-10
5.67668957792e-10	4.95581353732e-10
5.68727844115e-10	4.10251582705e-10
5.69786730438e-10	3.01754704557e-10
5.70845616761e-10	1.89176008192e-10
5.71904503085e-10	9.14845907363e-11
5.72963389408e-10	2.39234361488e-11
5.74022275731e-10	-4.48546755294e-12
5.75081162054e-10	7.920351007e-12
5.76140048377e-10	5.58376365978e-11
5.771989347e-10	1.28688726342e-10
5.78257821023e-10	2.12831002822e-10
5.79316707346e-10	2.94131718981e-10
5.80375593669e-10	3.60022234247e-10
5.81434479992e-10	4.01176730724e-10
5.82493366315e-10	4.12489709056e-10
5.83552252638e-10	3.93418464473e-10
5.84611138961e-10	3.47816997426e-10
5.85670025284e-10	2.83204210083e-10
5.86728911607e-10	2.09697481601e-10
5.8778779793e-10	1.38515504622e-10
5.88846684253e-10	8.0494264032e-11
5.89905570577e-10	4.44506723096e-11
5.909644569e-10	3.60509365416e-11
5.92023343223e-10	5.68188690542e-11
5.93082229546e-10	1.03908472104e-10
5.94141115869e-10	1.70280539669e-10
5.95200002192e-10	2.45644199426e-10
5.96258888515e-10	3.17976839304e-10
5.97317774838e-10	3.75399822339e-10
5.98376661161e-10	4.08370032234e-10
5.99435547484e-10	4.114129315e-10
6.00494433807e-10	3.84367787598e-10
6.0155332013e-10	3.32429722638e-10
6.02612206453e-10	2.65334448857e-10
6.03671092776e-10	1.95451529961e-10
6.04729979099e-10	1.35534430901e-10
6.05788865422e-10	9.64077775945e-11
6.06847751746e-10	8.50719494849e-11
6.07906638069e-10	1.03705842525e-10
6.08965524392e-10	1.49316392584e-10
6.10024410715e-10	2.14509493501e-10
6.11083297038e-10	2.88601392784e-10
6.12142183361e-10	3.59470342381e-10
6.13201069684e-10	4.15401185672e-10
6.14259956007e-10	4.46886222472e-10
6.1531884233e-10	4.48155623722e-10
6.16377728653e-10	4.18005130509e-10
6.17436614976e-10	3.60115715026e-10
6.18495501299e-10	2.82507739424e-10
6.19554387622e-10	1.96568150646e-10
6.20613273945e-10	1.15364065523e-10
6.21672160268e-10	5.17833970148e-11
6.22731046591e-10	1.64248267764e-11
6.23789932914e-10	1.565447251e-11
6.24848819238e-10	5.01092153882e-11
6.25907705561e-10	1.14061378398e-10
6.26966591884e-10	1.95911453726e-10
6.28025478207e-10	2.79897161004e-10
6.2908436453e-10	3.48904849456e-10
6.30143250853e-10	3.8773090294e-10
6.31202137176e-10	3.86298021349e-10
6.32261023499e-10	3.41882827604e-10
6.33319909822e-10	2.59975485584e-10
6.34378796145e-10	1.53387122448e-10
6.35437682468e-10	3.98587551853e-11
6.36496568791e-10	-6.14330600279e-11
6.37555455114e-10	-1.33637559352e-10
6.38614341437e-10	-1.65565616772e-10
6.3967322776e-10	-1.53877549591e-10
6.40732114083e-10	-1.03566648313e-10
6.41791000406e-10	-2.68921621083e-11
6.4284988673e-10	5.93226995305e-11
6.43908773053e-10	1.37058905891e-10
6.44967659376e-10	1.90738286276e-10
6.46026545699e-10	2.10104558751e-10
6.47085432022e-10	1.9188207967e-10
6.48144318345e-10	1.39988298731e-10
6.49203204668e-10	6.42110323246e-11
6.50262090991e-10	-2.19965191894e-11
6.51320977314e-10	-1.04365939502e-10
6.52379863637e-10	-1.70341726835e-10
6.5343874996e-10	-2.11138370676e-10
6.54497636283e-10	-2.22781820769e-10
6.55556522606e-10	-2.06256178803e-10
6.56615408929e-10	-1.66778965638e-10
6.57674295252e-10	-1.12473162728e-10
6.58733181575e-10	-5.27902548064e-11
6.59792067898e-10	3.05168021929e-12
6.60850954222e-10	4.73172230564e-11
6.61909840545e-10	7.46163963949e-11
6.62968726868e-10	8.21864382106e-11
6.64027613191e-10	6.98545457589e-11
6.65086499514e-10	3.96621520349e-11
6.66145385837e-10	-4.54529599722e-12
6.6720427216e-10	-5.75608935516e-11
6.68263158483e-10	-1.13186557349e-10
6.69322044806e-10	-1.64614794018e-10
6.70380931129e-10	-2.04995256881e-10
6.71439817452e-10	-2.28124158452e-10
6.72498703775e-10	-2.2940380151e-10
6.73557590098e-10	-2.0676546586e-10
6.74616476421e-10	-1.61481772398e-10
6.75675362744e-10	-9.84788015024e-11
6.76734249067e-10	-2.61554510689e-11
6.77793135391e-10	4.45829692608e-11
6.78852021714e-10	1.01837538402e-10
6.79910908037e-10	1.34686026221e-10
6.8096979436e-10	1.35292971271e-10
6.82028680683e-10	1.0075119905e-10
6.83087567006e-10	3.42705065715e-11
6.84146453329e-10	-5.47425611785e-11
6.85205339652e-10	-1.51747531207e-10
6.86264225975e-10	-2.39487984999e-10
6.87323112298e-10	-3.01117908386e-10
6.88381998621e-10	-3.23708448935e-10
6.89440884944e-10	-3.01112385026e-10
6.90499771267e-10	-2.35739816556e-10
6.9155865759e-10	-1.38557512686e-10
6.92617543913e-10	-2.73185900984e-11
6.93676430236e-10	7.67187355311e-11
6.94735316559e-10	1.53016779803e-10
6.95794202883e-10	1.85861201429e-10
6.96853089206e-10	1.67794486639e-10
6.97911975529e-10	1.01240231476e-10
6.98970861852e-10	-1.70491062674e-12
7.00029748175e-10	-1.21645027384e-10
7.01088634498e-10	-2.35692049211e-10
7.02147520821e-10	-3.22090271121e-10
7.03206407144e-10	-3.64673347075e-10
7.04265293467e-10	-3.5598018977e-10
7.0532417979e-10	-2.98715663316e-10
7.06383066113e-10	-2.04885122757e-10
7.07441952436e-10	-9.32533078535e-11
7.08500838759e-10	1.46302484016e-11
7.09559725082e-10	9.86809245429e-11
7.10618611405e-10	1.4407072757e-10
7.11677497728e-10	1.43849057666e-10
7.12736384051e-10	9.98365973226e-11
7.13795270375e-10	2.19477075403e-11
7.14854156698e-10	-7.41092534562e-11
7.15913043021e-10	-1.69964112229e-10
7.16971929344e-10	-2.48151749149e-10
7.18030815667e-10	-2.95202778888e-10
7.1908970199e-10	-3.03913894051e-10
7.20148588313e-10	-2.74227501817e-10
7.21207474636e-10	-2.12834888602e-10
7.22266360959e-10	-1.31535587977e-10
7.23325247282e-10	-4.47898454436e-11
7.24384133605e-10	3.29492648443e-11
7.25443019928e-10	8.97656185495e-11
7.26501906251e-10	1.18080420441e-10
7.27560792574e-10	1.15661459577e-10
7.28619678897e-10	8.5555000584e-11
7.2967856522e-10	3.52650443569e-11
7.30737451543e-10	-2.48520717894e-11
7.31796337867e-10	-8.34238372827e-11
7.3285522419e-10	-1.30078850469e-10
7.33914110513e-10	-1.57073992701e-10
7.34972996836e-10	-1.60420204898e-10
7.36031883159e-10	-1.40336436916e-10
7.37090769482e-10	-1.00846359041e-10
7.38149655805e-10	-4.8872995928e-11
7.39208542128e-10	7.20400692225e-12
7.40267428451e-10	5.90305651582e-11
7.41326314774e-10	9.97247423529e-11
7.42385201097e-10	1.24775981214e-10
7.4344408742e-10	1.32613975357e-10
7.44502973743e-10	1.2445525166e-10
7.45561860066e-10	1.03807830387e-10
7.46620746389e-10	7.56194343254e-11
7.47679632712e-10	4.52665127604e-11
7.48738519036e-10	1.77241017002e-11
7.49797405359e-10	-3.20925556095e-12
7.50856291682e-10	-1.51582323082e-11
7.51915178005e-10	-1.72971064555e-11
7.52974064328e-10	-1.00110145868e-11
7.54032950651e-10	5.37702087716e-12
7.55091836974e-10	2.70516335027e-11
7.56150723297e-10	5.29132189453e-11
7.5720960962e-10	8.071290164e-11
7.58268495943e-10	1.08133918486e-10
7.59327382266e-10	1.32676022946e-10
7.60386268589e-10	1.51837209472e-10
7.61445154912e-10	1.63166910538e-10
7.62504041235e-10	1.64688693238e-10
7.63562927558e-10	1.55188750739e-10
7.64621813881e-10	1.34743730063e-10
7.65680700204e-10	1.04982106341e-10
7.66739586528e-10	6.92747664788e-11
7.67798472851e-10	3.26004466478e-11
7.68857359174e-10	9.62235174352e-13
7.69916245497e-10	-1.94140051257e-11
7.7097513182e-10	-2.33598002053e-11
7.72034018143e-10	-7.8745412968e-12
7.73092904466e-10	2.67182075075e-11
7.74151790789e-10	7.64244223461e-11
7.75210677112e-10	1.33741337449e-10
7.76269563435e-10	1.88795951095e-10
7.77328449758e-10	2.31075741874e-10
7.78387336081e-10	2.5151455918e-10
7.79446222404e-10	2.44564146712e-10
7.80505108727e-10	2.0954755986e-10
7.8156399505e-10	1.51365850409e-10
7.82622881373e-10	7.97764354576e-11
7.83681767696e-10	7.88134401492e-12
7.8474065402e-10	-5.04153038761e-11
7.85799540343e-10	-8.31731766793e-11
7.86858426666e-10	-8.29599722252e-11
7.87917312989e-10	-4.86167460456e-11
7.88976199312e-10	1.42939288877e-11
7.90035085635e-10	9.43314176771e-11
7.91093971958e-10	1.76491821158e-10
7.92152858281e-10	2.4507254559e-10
7.93211744604e-10	2.86963786067e-10
7.94270630927e-10	2.94225865893e-10
7.9532951725e-10	2.65702210234e-10
7.96388403573e-10	2.07164965738e-10
7.97447289896e-10	1.30058033787e-10
7.98506176219e-10	4.91372567635e-11
7.99565062542e-10	-2.05277305571e-11
8.00623948865e-10	-6.64506158432e-11
8.01682835188e-10	-8.1058486312e-11
8.02741721512e-10	-6.29154714438e-11
8.03800607835e-10	-1.67271717311e-11
8.04859494158e-10	4.79495644579e-11
8.05918380481e-10	1.18734716503e-10
8.06977266804e-10	1.82966766737e-10
8.08036153127e-10	2.2995660931e-10
8.0909503945e-10	2.52788762145e-10
8.10153925773e-10	2.49094134208e-10
8.11212812096e-10	2.21014082036e-10
8.12271698419e-10	1.74352560167e-10
8.13330584742e-10	1.17230780639e-10
8.14389471065e-10	5.86612008968e-11
8.15448357388e-10	7.03683075351e-12
8.16507243711e-10	-3.07715797287e-11
8.17566130034e-10	-5.0334014734e-11
8.18625016357e-10	-4.98545649208e-11
8.19683902681e-10	-3.0298281245e-11
8.20742789004e-10	4.91330760799e-12
8.21801675327e-10	5.03815739128e-11
8.2286056165e-10	9.93405219196e-11
8.23919447973e-10	1.44538853109e-10
8.24978334296e-10	1.79005435474e-10
8.26037220619e-10	1.97059091267e-10
8.27096106942e-10	1.95006719106e-10
8.28154993265e-10	1.71910041757e-10
8.29213879588e-10	1.29835919793e-10
8.30272765911e-10	7.39017180784e-11
8.31331652234e-10	1.16976090273e-11
8.32390538557e-10	-4.76892726697e-11
8.3344942488e-10	-9.49833336983e-11
8.34508311203e-10	-1.22414758885e-10
8.35567197526e-10	-1.24971186177e-10
8.36626083849e-10	-1.0170279896e-10
8.37684970173e-10	-5.5965680007e-11
8.38743856496e-10	4.72634908641e-12
8.39802742819e-10	6.98804972221e-11
8.40861629142e-10	1.2770520752e-10
8.41920515465e-10	1.67106037341e-10
8.42979401788e-10	1.79809722667e-10
8.44038288111e-10	1.61880231442e-10
8.45097174434e-10	1.14765023873e-10
8.46156060757e-10	4.51964889125e-11
8.4721494708e-10	-3.57494658876e-11
8.48273833403e-10	-1.1453588078e-10
8.49332719726e-10	-1.77568043602e-10
8.50391606049e-10	-2.13689108075e-10
8.51450492372e-10	-2.16329967828e-10
8.52509378695e-10	-1.84836077e-10
8.53568265018e-10	-1.24731558415e-10
8.54627151341e-10	-4.68215223537e-11
8.55686037665e-10	3.46489954783e-11
8.56744923988e-10	1.04561512226e-10
8.57803810311e-10	1.49639800551e-10
8.58862696634e-10	1.60894908507e-10
8.59921582957e-10	1.35332842155e-10
8.6098046928e-10	7.66397015295e-11
8.62039355603e-10	-5.39653521522e-12
8.63098241926e-10	-9.65297217159e-11
8.64157128249e-10	-1.8064286178e-10
8.65216014572e-10	-2.42651787552e-10
8.66274900895e-10	-2.71361155768e-10
8.67333787218e-10	-2.61597105089e-10
8.68392673541e-10	-2.15183551533e-10
8.69451559864e-10	-1.40773045998e-10
8.70510446187e-10	-5.21654074104e-11
8.7156933251e-10	3.41194295039e-11
8.72628218833e-10	1.01977246092e-10
8.73687105157e-10	1.38649799974e-10
8.7474599148e-10	1.371785463e-10
8.75804877803e-10	9.76745212489e-11
8.76863764126e-10	2.73013209262e-11
8.77922650449e-10	-6.10004269319e-11
8.78981536772e-10	-1.51051851582e-10
8.80040423095e-10	-2.26364024747e-10
8.81099309418e-10	-2.73394834549e-10
8.82158195741e-10	-2.83943646373e-10
8.83217082064e-10	-2.56768634133e-10
8.84275968387e-10	-1.9765258874e-10
8.8533485471e-10	-1.18253337678e-10
8.86393741033e-10	-3.38264936894e-11
8.87452627356e-10	3.98147764757e-11
8.88511513679e-10	8.91696577687e-11
8.89570400002e-10	1.05697811614e-10
8.90629286326e-10	8.71788405354e-11
8.91688172649e-10	3.80606171579e-11
8.92747058972e-10	-3.1672865719e-11
8.93805945295e-10	-1.08563394385e-10
8.94864831618e-10	-1.78357190128e-10
8.95923717941e-10	-2.28784227674e-10
8.96982604264e-10	-2.5171273399e-10
8.98041490587e-10	-2.44515963033e-10
8.9910037691e-10	-2.10147246826e-10
9.00159263233e-10	-1.56291798947e-10
9.01218149556e-10	-9.35714492001e-11
9.02277035879e-10	-3.34244160127e-11
9.03335922202e-10	1.40008143967e-11
9.04394808525e-10	4.15134836229e-11
9.05453694848e-10	4.58491404565e-11
9.06512581171e-10	2.78993963349e-11
9.07571467494e-10	-7.84148180416e-12
9.08630353818e-10	-5.43290169797e-11
9.09689240141e-10	-1.03321601275e-10
9.10748126464e-10	-1.4679303606e-10
9.11807012787e-10	-1.78162554154e-10
9.1286589911e-10	-1.93130650361e-10
9.13924785433e-10	-1.9013282615e-10
9.14983671756e-10	-1.70327710269e-10
9.16042558079e-10	-1.37283462376e-10
9.17101444402e-10	-9.62961377304e-11
9.18160330725e-10	-5.36260827411e-11
9.19219217048e-10	-1.55906433597e-11
9.20278103371e-10	1.22894533092e-11
9.21336989694e-10	2.60727394535e-11
9.22395876017e-10	2.39941573554e-11
9.2345476234e-10	6.71356980425e-12
9.24513648663e-10	-2.26423185756e-11
9.25572534986e-10	-5.90174020765e-11
9.2663142131e-10	-9.61262042187e-11
9.27690307633e-10	-1.27505297987e-10
9.28749193956e-10	-1.47568748887e-10
9.29808080279e-10	-1.52586998592e-10
9.30866966602e-10	-1.41366043871e-10
9.31925852925e-10	-1.15475462525e-10
9.32984739248e-10	-7.90496279546e-11
9.34043625571e-10	-3.80330419936e-11
9.35102511894e-10	7.79056940486e-13
9.36161398217e-10	3.10200823361e-11
9.3722028454e-10	4.78778926227e-11
9.38279170863e-10	4.90058132963e-11
9.39338057186e-10	3.49233524044e-11
9.40396943509e-10	8.90716493618e-12
9.41455829832e-10	-2.36474798077e-11
9.42514716155e-10	-5.63530402897e-11
9.43573602478e-10	-8.2976729654e-11
9.44632488802e-10	-9.86830270278e-11
9.45691375125e-10	-1.00778087264e-10
9.46750261448e-10	-8.91608384346e-11
9.47809147771e-10	-6.6140426469e-11
9.48868034094e-10	-3.58984786342e-11
9.49926920417e-10	-3.63238042075e-12
9.5098580674e-10	2.54729518728e-11
9.52044693063e-10	4.70683873821e-11
9.53103579386e-10	5.84066198184e-11
9.54162465709e-10	5.86305587413e-11
9.55221352032e-10	4.88139875743e-11
9.56280238355e-10	3.15756552849e-11
9.57339124678e-10	1.05243131918e-11
9.58398011001e-10	-1.04485491439e-11
9.59456897324e-10	-2.78469712567e-11
9.60515783647e-10	-3.90506446624e-11
9.61574669971e-10	-4.26308884027e-11
9.62633556294e-10	-3.84058861103e-11
9.63692442617e-10	-2.72979798488e-11
9.6475132894e-10	-1.10739204265e-11
9.65810215263e-10	7.96966832806e-12
9.66869101586e-10	2.73708347653e-11
9.67927987909e-10	4.47535168646e-11
9.68986874232e-10	5.81117411136e-11
9.70045760555e-10	6.59536730785e-11
9.71104646878e-10	6.74686626012e-11
9.72163533201e-10	6.25775958829e-11
9.73222419524e-10	5.19519635644e-11
9.74281305847e-10	3.70219375989e-11
9.7534019217e-10	1.98240503874e-11
9.76399078493e-10	2.88969304214e-12
9.77457964816e-10	-1.10699565833e-11
9.78516851139e-10	-1.95097271671e-11
9.79575737463e-10	-2.05072400034e-11
9.80634623786e-10	-1.31590615141e-11
9.81693510109e-10	2.07036688141e-12
9.82752396432e-10	2.32749184509e-11
9.83811282755e-10	4.72730604661e-11
9.84870169078e-10	7.00803859388e-11
9.85929055401e-10	8.76450648168e-11
9.86987941724e-10	9.65571997358e-11
9.88046828047e-10	9.48675651924e-11
9.8910571437e-10	8.24844081926e-11
9.90164600693e-10	6.13698675211e-11
9.91223487016e-10	3.52269637072e-11
9.92282373339e-10	8.87607175259e-12
9.93341259662e-10	-1.26230675218e-11
9.94400145985e-10	-2.5020312211e-11
9.95459032308e-10	-2.56617730537e-11
9.96517918631e-10	-1.41326186864e-11
9.97576804955e-10	7.6562410925e-12
9.98635691278e-10	3.57463850187e-11
9.99694577601e-10	6.48882059195e-11
1.00075346392e-09	8.95555504754e-11
1.00181235025e-09	1.05009632934e-10
1.00287123657e-09	1.08245967745e-10
1.00393012289e-09	9.85887968485e-11
1.00498900922e-09	7.7857650882e-11
1.00604789554e-09	4.99897553907e-11
1.00710678186e-09	2.033198436e-11
1.00816566819e-09	-5.47787249588e-12
1.00922455451e-09	-2.25755785593e-11
1.01028344083e-09	-2.78549457805e-11
1.01134232715e-09	-2.05631067729e-11
1.01240121348e-09	-2.4335199654e-12
1.0134600998e-09	2.26692050548e-11
1.01451898612e-09	4.95578716952e-11
1.01557787245e-09	7.28060736699e-11
1.01663675877e-09	8.78247891078e-11
1.01769564509e-09	9.17762740804e-11
1.01875453142e-09	8.41314795608e-11
1.01981341774e-09	6.66596153276e-11
1.02087230406e-09	4.30386004613e-11
1.02193119038e-09	1.79787400245e-11
1.02299007671e-09	-3.75191717972e-12
1.02404896303e-09	-1.83038879192e-11
1.02510784935e-09	-2.35309653707e-11
1.02616673568e-09	-1.93089086387e-11
1.027225622e-09	-7.47282270785e-12
1.02828450832e-09	8.710406528e-12
1.02934339465e-09	2.53114508519e-11
1.03040228097e-09	3.86716804412e-11
1.03146116729e-09	4.61449108091e-11
1.03252005362e-09	4.66190003268e-11
1.03357893994e-09	4.06214679949e-11
1.03463782626e-09	3.00278482634e-11
1.03569671258e-09	1.74639729761e-11
1.03675559891e-09	5.61750472527e-12
1.03781448523e-09	-3.43710129802e-12
1.03887337155e-09	-8.69454074709e-12
1.03993225788e-09	-1.03115111935e-11
1.0409911442e-09	-9.44481732407e-12
1.04205003052e-09	-7.72000432331e-12
1.04310891685e-09	-6.74594928529e-12
1.04416780317e-09	-7.51761760481e-12
1.04522668949e-09	-1.01330671284e-11
1.04628557582e-09	-1.37810977907e-11
1.04734446214e-09	-1.70004219036e-11
1.04840334846e-09	-1.82464911236e-11
1.04946223478e-09	-1.64270680392e-11
1.05052112111e-09	-1.14158231479e-11
1.05158000743e-09	-4.23932590421e-12
1.05263889375e-09	3.07908689864e-12
1.05369778008e-09	8.01131296718e-12
1.0547566664e-09	8.19877932906e-12
1.05581555272e-09	2.1915045733e-12
1.05687443905e-09	-1.00312102375e-11
1.05793332537e-09	-2.6890821167e-11
1.05899221169e-09	-4.54128748495e-11
1.06005109802e-09	-6.18699744215e-11
1.06110998434e-09	-7.25688745207e-11
1.06216887066e-09	-7.48024420183e-11
1.06322775698e-09	-6.75384123627e-11
1.06428664331e-09	-5.17955366097e-11
1.06534552963e-09	-3.06130676364e-11
1.06640441595e-09	-8.44566951097e-12
1.06746330228e-09	9.7198143631e-12
1.0685221886e-09	1.94930668829e-11
1.06958107492e-09	1.8083645692e-11
1.07063996125e-09	4.98953049016e-12
1.07169884757e-09	-1.77528790279e-11
1.07275773389e-09	-4.59441200362e-11
1.07381662021e-09	-7.41098779566e-11
1.07487550654e-09	-9.65892504867e-11
1.07593439286e-09	-1.08812625577e-10
1.07699327918e-09	-1.08258471632e-10
1.07805216551e-09	-9.50410028455e-11
1.07911105183e-09	-7.1913655586e-11
1.08016993815e-09	-4.36610261834e-11
1.08122882448e-09	-1.61690643513e-11
1.0822877108e-09	4.88002737178e-12
1.08334659712e-09	1.51693900496e-11
1.08440548345e-09	1.26266948286e-11
1.08546436977e-09	-2.15509012545e-12
1.08652325609e-09	-2.61143294489e-11
1.08758214241e-09	-5.44057264518e-11
1.08864102874e-09	-8.1453774281e-11
1.08969991506e-09	-1.02141309299e-10
1.09075880138e-09	-1.12809615815e-10
1.09181768771e-09	-1.11948429693e-10
1.09287657403e-09	-1.00380176393e-10
1.09393546035e-09	-8.09029856996e-11
1.09499434668e-09	-5.76619203774e-11
1.096053233e-09	-3.52049188412e-11
1.09711211932e-09	-1.75898809407e-11
1.09817100565e-09	-7.64737839026e-12
1.09922989197e-09	-6.55124305499e-12
1.10028877829e-09	-1.37801809894e-11
1.10134766461e-09	-2.73698442382e-11
1.10240655094e-09	-4.44254667775e-11
1.10346543726e-09	-6.17787904167e-11
1.10452432358e-09	-7.65813384929e-11
1.10558320991e-09	-8.67523067272e-11
1.10664209623e-09	-9.12337427827e-11
1.10770098255e-09	-8.99758600958e-11
1.10875986888e-09	-8.3779996829e-11
1.1098187552e-09	-7.39721131571e-11
1.11087764152e-09	-6.21169782278e-11
1.11193652784e-09	-4.97421548395e-11
1.11299541417e-09	-3.8176146272e-11
1.11405430049e-09	-2.85416048434e-11
1.11511318681e-09	-2.16966739713e-11
1.11617207314e-09	-1.82949471544e-11
1.11723095946e-09	-1.87501819626e-11
1.11828984578e-09	-2.31876167572e-11
1.11934873211e-09	-3.13367005955e-11
1.12040761843e-09	-4.24164176005e-11
1.12146650475e-09	-5.51068149446e-11
1.12252539108e-09	-6.76131928223e-11
1.1235842774e-09	-7.78584002825e-11
1.12464316372e-09	-8.37841046541e-11
1.12570205004e-09	-8.37673819198e-11
1.12676093637e-09	-7.69885336038e-11
1.12781982269e-09	-6.37398606118e-11
1.12887870901e-09	-4.5505384183e-11
1.12993759534e-09	-2.48766077182e-11
1.13099648166e-09	-5.14654768455e-12
1.13205536798e-09	1.02615364123e-11
1.13311425431e-09	1.84119924168e-11
1.13417314063e-09	1.75006450304e-11
1.13523202695e-09	7.28093453584e-12
1.13629091328e-09	-1.07626806772e-11
1.1373497996e-09	-3.36066834083e-11
1.13840868592e-09	-5.71068435595e-11
1.13946757224e-09	-7.67508973043e-11
1.14052645857e-09	-8.84864612138e-11
1.14158534489e-09	-8.95234233966e-11
1.14264423121e-09	-7.89281903724e-11
1.14370311754e-09	-5.7902165701e-11
1.14476200386e-09	-2.96669806776e-11
1.14582089018e-09	1.07334020144e-12
1.14687977651e-09	2.8960351478e-11
1.14793866283e-09	4.8973682748e-11
1.14899754915e-09	5.74116656993e-11
1.15005643548e-09	5.2616674906e-11
1.1511153218e-09	3.53603847592e-11
1.15217420812e-09	8.76209521605e-12
1.15323309444e-09	-2.22459516086e-11
1.15429198077e-09	-5.18202737665e-11
1.15535086709e-09	-7.42830241762e-11
1.15640975341e-09	-8.51948442349e-11
1.15746863974e-09	-8.21926415817e-11
1.15852752606e-09	-6.54480983298e-11
1.15958641238e-09	-3.7659337454e-11
1.16064529871e-09	-3.56708326071e-12
1.16170418503e-09	3.094622128e-11
1.16276307135e-09	5.98763816306e-11
1.16382195767e-09	7.82201664551e-11
1.164880844e-09	8.28655338792e-11
1.16593973032e-09	7.31412361232e-11
1.16699861664e-09	5.09505632129e-11
1.16805750297e-09	2.03969011819e-11
1.16911638929e-09	-1.29075274774e-11
1.17017527561e-09	-4.28957633303e-11
1.17123416194e-09	-6.40791170126e-11
1.17229304826e-09	-7.25561971615e-11
1.17335193458e-09	-6.66890292988e-11
1.17441082091e-09	-4.73984844429e-11
1.17546970723e-09	-1.79702329406e-11
1.17652859355e-09	1.6533784758e-11
1.17758747987e-09	5.01842907508e-11
1.1786463662e-09	7.72584496378e-11
1.17970525252e-09	9.32067270587e-11
1.18076413884e-09	9.54776882556e-11
1.18182302517e-09	8.38995609098e-11
1.18288191149e-09	6.07137604081e-11
1.18394079781e-09	3.01487897147e-11
1.18499968414e-09	-2.33917919756e-12
1.18605857046e-09	-3.10080711108e-11
1.18711745678e-09	-5.0850785388e-11
1.18817634311e-09	-5.84245707369e-11
1.18923522943e-09	-5.24583224082e-11
1.19029411575e-09	-3.40252895303e-11
1.19135300207e-09	-6.33783477089e-12
1.1924118884e-09	2.58218845611e-11
1.19347077472e-09	5.69478214585e-11
1.19452966104e-09	8.17950776555e-11
1.19558854737e-09	9.62452964548e-11
1.19664743369e-09	9.80250602911e-11
1.19770632001e-09	8.7064348786e-11
1.19876520634e-09	6.5452594733e-11
1.19982409266e-09	3.70809390138e-11
1.20088297898e-09	6.88604078272e-12
1.20194186531e-09	-1.99492887487e-11
1.20300075163e-09	-3.89201414153e-11
1.20405963795e-09	-4.69651366408e-11
1.20511852427e-09	-4.29282963343e-11
1.2061774106e-09	-2.77277454469e-11
1.20723629692e-09	-4.14963246056e-12
1.20829518324e-09	2.36851076946e-11
1.20935406957e-09	5.10374693896e-11
1.21041295589e-09	7.33835214817e-11
1.21147184221e-09	8.71357846988e-11
1.21253072854e-09	9.01891061833e-11
1.21358961486e-09	8.22655069066e-11
1.21464850118e-09	6.4847890946e-11
1.2157073875e-09	4.0930189793e-11
1.21676627383e-09	1.44792936321e-11
1.21782516015e-09	-1.02267760232e-11
1.21888404647e-09	-2.92945771807e-11
1.2199429328e-09	-3.98506436183e-11
1.22100181912e-09	-4.04430863798e-11
1.22206070544e-09	-3.12579614969e-11
1.22311959177e-09	-1.4043552779e-11
1.22417847809e-09	8.23074247647e-12
1.22523736441e-09	3.1873097911e-11
1.22629625074e-09	5.30598308346e-11
1.22735513706e-09	6.84392334471e-11
1.22841402338e-09	7.56135154489e-11
1.2294729097e-09	7.34839689098e-11
1.23053179603e-09	6.23824880641e-11
1.23159068235e-09	4.39740015235e-11
1.23264956867e-09	2.10334978601e-11
1.233708455e-09	-2.99942210825e-12
1.23476734132e-09	-2.45346312711e-11
1.23582622764e-09	-4.03279215577e-11
1.23688511397e-09	-4.80015679982e-11
1.23794400029e-09	-4.63889170133e-11
1.23900288661e-09	-3.57528208428e-11
1.24006177294e-09	-1.77719002709e-11
1.24112065926e-09	4.70910897082e-12
1.24217954558e-09	2.80273113745e-11
1.2432384319e-09	4.83261243522e-11
1.24429731823e-09	6.21096438169e-11
1.24535620455e-09	6.6837022028e-11
1.24641509087e-09	6.13836342866e-11
1.2474739772e-09	4.62683190372e-11
1.24853286352e-09	2.3653932979e-11
1.24959174984e-09	-2.99148141154e-12
1.25065063617e-09	-2.94012661439e-11
1.25170952249e-09	-5.12321331192e-11
1.25276840881e-09	-6.48318967955e-11
1.25382729513e-09	-6.78557626754e-11
1.25488618146e-09	-5.97487823106e-11
1.25594506778e-09	-4.18643869571e-11
1.2570039541e-09	-1.72887121286e-11
1.25806284043e-09	9.67912989341e-12
1.25912172675e-09	3.42645634088e-11
1.26018061307e-09	5.20367950119e-11
1.2612394994e-09	5.97137062019e-11
1.26229838572e-09	5.5748804878e-11
1.26335727204e-09	4.06250415252e-11
1.26441615837e-09	1.67897154513e-11
1.26547504469e-09	-1.17488085233e-11
1.26653393101e-09	-4.01539634876e-11
1.26759281733e-09	-6.35884470079e-11
1.26865170366e-09	-7.81113090875e-11
1.26971058998e-09	-8.13643527553e-11
1.2707694763e-09	-7.29696025825e-11
1.27182836263e-09	-5.46528829137e-11
1.27288724895e-09	-2.9811396407e-11
1.27394613527e-09	-2.95930597735e-12
1.2750050216e-09	2.11200397449e-11
1.27606390792e-09	3.82157604173e-11
1.27712279424e-09	4.54180373866e-11
1.27818168057e-09	4.16287282423e-11
1.27924056689e-09	2.76417968376e-11
1.28029945321e-09	6.00420971622e-12
1.28135833953e-09	-1.94912419538e-11
1.28241722586e-09	-4.45166646601e-11
1.28347611218e-09	-6.49573450584e-11
1.2845349985e-09	-7.76165035021e-11
1.28559388483e-09	-8.07119163171e-11
1.28665277115e-09	-7.41397221393e-11
1.28771165747e-09	-5.93872381827e-11
1.2887705438e-09	-3.92573161478e-11
1.28982943012e-09	-1.72921572894e-11
1.29088831644e-09	2.80961560441e-12
1.29194720277e-09	1.7851400913e-11
1.29300608909e-09	2.56147863337e-11
1.29406497541e-09	2.5150903929e-11
1.29512386173e-09	1.68836559317e-11
1.29618274806e-09	2.40121009014e-12
1.29724163438e-09	-1.57841691106e-11
1.2983005207e-09	-3.47843073789e-11
1.29935940703e-09	-5.17262205291e-11
1.30041829335e-09	-6.41907846322e-11
1.30147717967e-09	-7.0562715393e-11
1.302536066e-09	-7.01645824774e-11
1.30359495232e-09	-6.33139929374e-11
1.30465383864e-09	-5.11969529271e-11
1.30571272496e-09	-3.56680518454e-11
1.30677161129e-09	-1.89680614965e-11
1.30783049761e-09	-3.43669558957e-12
1.30888938393e-09	8.79575492302e-12
1.30994827026e-09	1.60614004735e-11
1.31100715658e-09	1.73660252845e-11
1.3120660429e-09	1.25148259811e-11
1.31312492923e-09	2.1212497904e-12
1.31418381555e-09	-1.23967043228e-11
1.31524270187e-09	-2.9031999027e-11
1.3163015882e-09	-4.53972900938e-11
1.31736047452e-09	-5.90289483959e-11
1.31841936084e-09	-6.77611369793e-11
1.31947824716e-09	-7.00082006255e-11
1.32053713349e-09	-6.51180151467e-11
1.32159601981e-09	-5.34556912624e-11
1.32265490613e-09	-3.64610355796e-11
1.32371379246e-09	-1.65042285394e-11
1.32477267878e-09	3.46190871109e-12
1.3258315651e-09	2.02859049003e-11
1.32689045143e-09	3.11577881551e-11
1.32794933775e-09	3.40655177677e-11
1.32900822407e-09	2.81957478199e-11
1.3300671104e-09	1.41809159901e-11
1.33112599672e-09	-5.9559297598e-12
1.33218488304e-09	-2.89945116527e-11
1.33324376936e-09	-5.10424237599e-11
1.33430265569e-09	-6.81528375401e-11
1.33536154201e-09	-7.70423169705e-11
1.33642042833e-09	-7.56899126708e-11
1.33747931466e-09	-6.37874197906e-11
1.33853820098e-09	-4.29010993397e-11
1.3395970873e-09	-1.62593914027e-11
1.34065597363e-09	1.17349576237e-11
1.34171485995e-09	3.62889787664e-11
1.34277374627e-09	5.30299450185e-11
1.3438326326e-09	5.88742318786e-11
1.34489151892e-09	5.26022177205e-11
1.34595040524e-09	3.51451333314e-11
1.34700929156e-09	9.49218915275e-12
1.34806817789e-09	-1.98184576389e-11
1.34912706421e-09	-4.74675299067e-11
1.35018595053e-09	-6.83466824802e-11
1.35124483686e-09	-7.84619175187e-11
1.35230372318e-09	-7.57113746697e-11
1.3533626095e-09	-6.03193606175e-11
1.35442149583e-09	-3.4795253484e-11
1.35548038215e-09	-3.53017940401e-12
1.35653926847e-09	2.80286557852e-11
1.35759815479e-09	5.43347866699e-11
1.35865704112e-09	7.07775713038e-11
1.35971592744e-09	7.45412620518e-11
1.36077481376e-09	6.50915918388e-11
1.36183370009e-09	4.42959315061e-11
1.36289258641e-09	1.60668631177e-11
1.36395147273e-09	-1.43743185757e-11
1.36501035906e-09	-4.14548950722e-11
1.36606924538e-09	-6.02766864199e-11
1.3671281317e-09	-6.7501768064e-11
1.36818701803e-09	-6.19221063314e-11
1.36924590435e-09	-4.46456621672e-11
1.37030479067e-09	-1.884307467e-11
1.37136367699e-09	1.08832933984e-11
1.37242256332e-09	3.93243666796e-11
1.37348144964e-09	6.16742351633e-11
1.37454033596e-09	7.43087744115e-11
1.37559922229e-09	7.54348042364e-11
1.37665810861e-09	6.53206377876e-11
1.37771699493e-09	4.61490776149e-11
1.37877588126e-09	2.16018470472e-11
1.37983476758e-09	-3.88596793632e-12
1.3808936539e-09	-2.58751440413e-11
1.38195254023e-09	-4.07224289012e-11
1.38301142655e-09	-4.61561795728e-11
1.38407031287e-09	-4.15748754867e-11
1.38512919919e-09	-2.8106903957e-11
1.38618808552e-09	-8.28841075634e-12
1.38724697184e-09	1.44204630875e-11
1.38830585816e-09	3.62678741206e-11
1.38936474449e-09	5.38751369905e-11
1.39042363081e-09	6.47246423124e-11
1.39148251713e-09	6.74999917072e-11
1.39254140346e-09	6.22332532729e-11
1.39360028978e-09	5.01573053924e-11
1.3946591761e-09	3.3461056842e-11
1.39571806242e-09	1.48946341372e-11
1.39677694875e-09	-2.69282187694e-12
1.39783583507e-09	-1.67296419773e-11
1.39889472139e-09	-2.52953630264e-11
1.39995360772e-09	-2.72937401846e-11
1.40101249404e-09	-2.25821045891e-11
1.40207138036e-09	-1.19545285129e-11
1.40313026669e-09	3.04050079385e-12
1.40418915301e-09	2.02515556408e-11
1.40524803933e-09	3.72526662296e-11
1.40630692566e-09	5.1602843526e-11
1.40736581198e-09	6.12042014292e-11
1.4084246983e-09	6.45888828532e-11
1.40948358462e-09	6.10900427467e-11
1.41054247095e-09	5.10574638124e-11
1.41160135727e-09	3.57925460104e-11
1.41266024359e-09	1.74449361207e-11
1.41371912992e-09	-1.24937386825e-12
1.41477801624e-09	-1.73679837873e-11
1.41583690256e-09	-2.82417717684e-11
1.41689578889e-09	-3.19119522474e-11
1.41795467521e-09	-2.74796140703e-11
1.41901356153e-09	-1.53431867905e-11
1.42007244786e-09	2.78379663071e-12
1.42113133418e-09	2.4075167207e-11
1.4221902205e-09	4.50270203067e-11
1.42324910682e-09	6.19993223427e-11
1.42430799315e-09	7.18519480025e-11
1.42536687947e-09	7.2559368236e-11
1.42642576579e-09	6.36037333912e-11
1.42748465212e-09	4.6183178809e-11
1.42854353844e-09	2.3035327118e-11
1.42960242476e-09	-1.95189524266e-12
1.43066131109e-09	-2.44253766518e-11
1.43172019741e-09	-4.03688749095e-11
1.43277908373e-09	-4.68204121307e-11
1.43383797006e-09	-4.24799501131e-11
1.43489685638e-09	-2.79935259001e-11
1.4359557427e-09	-5.87709091462e-12
1.43701462902e-09	1.99123148525e-11
1.43807351535e-09	4.46813870625e-11
1.43913240167e-09	6.38647121298e-11
1.44019128799e-09	7.38955494017e-11
1.44125017432e-09	7.28407403838e-11
1.44230906064e-09	6.08067068919e-11
1.44336794696e-09	3.98741699381e-11
1.44442683329e-09	1.37695774921e-11
1.44548571961e-09	-1.2864927873e-11
1.44654460593e-09	-3.53263564234e-11
1.44760349225e-09	-4.96963616092e-11
1.44866237858e-09	-5.35871798324e-11
1.4497212649e-09	-4.65215643786e-11
1.45078015122e-09	-3.00421493238e-11
1.45183903755e-09	-7.32610846987e-12
1.45289792387e-09	1.73714254786e-11
1.45395681019e-09	3.95520595442e-11
1.45501569652e-09	5.52821399769e-11
1.45607458284e-09	6.18954540399e-11
1.45713346916e-09	5.84261874992e-11
1.45819235549e-09	4.57014773247e-11
1.45925124181e-09	2.61653632788e-11
1.46031012813e-09	3.33052032134e-12
1.46136901445e-09	-1.88643944216e-11
1.46242790078e-09	-3.67720437433e-11
1.4634867871e-09	-4.76379942438e-11
1.46454567342e-09	-5.00162862516e-11
1.46560455975e-09	-4.39564114274e-11
1.46666344607e-09	-3.08685473016e-11
1.46772233239e-09	-1.32544964587e-11
1.46878121872e-09	5.78800809364e-12
1.46984010504e-09	2.30760063835e-11
1.47089899136e-09	3.58715002147e-11
1.47195787769e-09	4.22548558643e-11
1.47301676401e-09	4.13894023221e-11
1.47407565033e-09	3.36043068372e-11
1.47513453665e-09	2.02397994198e-11
1.47619342298e-09	3.44513697084e-12
1.4772523093e-09	-1.41999190184e-11
1.47831119562e-09	-3.00329691671e-11
1.47937008195e-09	-4.17283464726e-11
1.48042896827e-09	-4.76194882137e-11
1.48148785459e-09	-4.68968058831e-11
1.48254674092e-09	-3.9760052889e-11
1.48360562724e-09	-2.73465937395e-11
1.48466451356e-09	-1.16145851617e-11
1.48572339989e-09	4.97581056219e-12
1.48678228621e-09	1.97862681101e-11
1.48784117253e-09	3.0384250671e-11
1.48890005885e-09	3.49682574563e-11
1.48995894518e-09	3.2622501922e-11
1.4910178315e-09	2.353815233e-11
1.49207671782e-09	8.99547016736e-12
1.49313560415e-09	-8.76720484405e-12
1.49419449047e-09	-2.69037118972e-11
1.49525337679e-09	-4.23980538178e-11
1.49631226312e-09	-5.25636686954e-11
1.49737114944e-09	-5.55403223412e-11
1.49843003576e-09	-5.06543904044e-11
1.49948892208e-09	-3.85801599001e-11
1.50054780841e-09	-2.1294474864e-11
1.50160669473e-09	-1.76064371415e-12
1.50266558105e-09	1.65762958915e-11
1.50372446738e-09	3.04046197941e-11
1.5047833537e-09	3.71668182342e-11
1.50584224002e-09	3.5526710046e-11
1.50690112635e-09	2.56575646146e-11
1.50796001267e-09	9.24473692043e-12
1.50901889899e-09	-1.0811733453e-11
1.51007778532e-09	-3.09029607459e-11
1.51113667164e-09	-4.73767518272e-11
1.51219555796e-09	-5.72190350656e-11
1.51325444428e-09	-5.86184573104e-11
1.51431333061e-09	-5.13257214507e-11
1.51537221693e-09	-3.66655629469e-11
1.51643110325e-09	-1.73370467288e-11
1.51748998958e-09	3.12513751856e-12
1.5185488759e-09	2.10000159623e-11
1.51960776222e-09	3.30613106336e-11
1.52066664855e-09	3.72056795095e-11
1.52172553487e-09	3.28021811102e-11
1.52278442119e-09	2.08204928992e-11
1.52384330752e-09	3.6086006145e-12
1.52490219384e-09	-1.55783649869e-11
1.52596108016e-09	-3.31609670279e-11
1.52701996648e-09	-4.59610960402e-11
1.52807885281e-09	-5.17317404192e-11
1.52913773913e-09	-4.95824319102e-11
1.53019662545e-09	-4.00767787012e-11
1.53125551178e-09	-2.50964127951e-11
1.5323143981e-09	-7.46857870687e-12
1.53337328442e-09	9.61482716361e-12
1.53443217075e-09	2.31670811007e-11
1.53549105707e-09	3.09623438e-11
1.53654994339e-09	3.18702703117e-11
1.53760882971e-09	2.60577323608e-11
1.53866771604e-09	1.48589803656e-11
1.53972660236e-09	5.21319153211e-13
1.54078548868e-09	-1.42681205392e-11
1.54184437501e-09	-2.68490733119e-11
1.54290326133e-09	-3.50424828044e-11
1.54396214765e-09	-3.75699818478e-11
1.54502103398e-09	-3.41550572547e-11
1.5460799203e-09	-2.55962646911e-11
1.54713880662e-09	-1.35283338351e-11
1.54819769295e-09	-1.17816035248e-13
1.54925657927e-09	1.23263387344e-11
1.55031546559e-09	2.18015328013e-11
1.55137435191e-09	2.68588727648e-11
1.55243323824e-09	2.69154889349e-11
1.55349212456e-09	2.22382043336e-11
1.55455101088e-09	1.38927411242e-11
1.55560989721e-09	3.52516063215e-12
1.55666878353e-09	-6.95540413459e-12
1.55772766985e-09	-1.57101658071e-11
1.55878655618e-09	-2.12635707653e-11
1.5598454425e-09	-2.27456230933e-11
1.56090432882e-09	-2.00101497871e-11
1.56196321515e-09	-1.36209741403e-11
1.56302210147e-09	-4.75446505083e-12
1.56408098779e-09	5.05845886012e-12
1.56513987411e-09	1.41720636962e-11
1.56619876044e-09	2.11220641672e-11
1.56725764676e-09	2.4874482682e-11
1.56831653308e-09	2.49674361047e-11
1.56937541941e-09	2.16125936592e-11
1.57043430573e-09	1.55778601824e-11
1.57149319205e-09	8.08732161101e-12
1.57255207838e-09	5.73623071785e-13
1.5736109647e-09	-5.60151057483e-12
1.57466985102e-09	-9.33009312171e-12
1.57572873735e-09	-1.00317532059e-11
1.57678762367e-09	-7.68160274972e-12
1.57784650999e-09	-2.80838438442e-12
1.57890539631e-09	3.63410690429e-12
1.57996428264e-09	1.04493575251e-11
1.58102316896e-09	1.64417680859e-11
1.58208205528e-09	2.06645152379e-11
1.58314094161e-09	2.25463172437e-11
1.58419982793e-09	2.19904962295e-11
1.58525871425e-09	1.93557635197e-11
1.58631760058e-09	1.53674885317e-11
1.5873764869e-09	1.09339056906e-11
1.58843537322e-09	6.94167293092e-12
1.58949425954e-09	4.1025073963e-12
1.59055314587e-09	2.8151595638e-12
1.59161203219e-09	3.1211435346e-12
1.59267091851e-09	4.73754065491e-12
1.59372980484e-09	7.17736460543e-12
1.59478869116e-09	9.86229934524e-12
1.59584757748e-09	1.22817875661e-11
1.59690646381e-09	1.40977065091e-11
1.59796535013e-09	1.51821784311e-11
1.59902423645e-09	1.56443191734e-11
1.60008312278e-09	1.57047846949e-11
1.6011420091e-09	1.56528505435e-11
1.60220089542e-09	1.56968639475e-11
1.60325978174e-09	1.58779430576e-11
1.60431866807e-09	1.61031916968e-11
1.60537755439e-09	1.61328884279e-11
1.60643644071e-09	1.56875797075e-11
1.60749532704e-09	1.45471993826e-11
1.60855421336e-09	1.26692892288e-11
1.60961309968e-09	1.02473819361e-11
1.61067198601e-09	7.71063855126e-12
1.61173087233e-09	5.63487581248e-12
1.61278975865e-09	4.65584905698e-12
1.61384864498e-09	5.23574282887e-12
1.6149075313e-09	7.57240364163e-12
1.61596641762e-09	1.14681250607e-11
1.61702530394e-09	1.63122605701e-11
1.61808419027e-09	2.12017244039e-11
1.61914307659e-09	2.50788140255e-11
1.62020196291e-09	2.69928437241e-11
1.62126084924e-09	2.62862405453e-11
1.62231973556e-09	2.28157007176e-11
1.62337862188e-09	1.70161072732e-11
1.62443750821e-09	9.8525345868e-12
1.62549639453e-09	2.67124495267e-12
1.62655528085e-09	-3.0650126534e-12
1.62761416718e-09	-6.10866001879e-12
1.6286730535e-09	-5.67220749537e-12
1.62973193982e-09	-1.66744461121e-12
1.63079082614e-09	5.27536608147e-12
1.63184971247e-09	1.3876572634e-11
1.63290859879e-09	2.24357338263e-11
1.63396748511e-09	2.91906915306e-11
1.63502637144e-09	3.26634830294e-11
1.63608525776e-09	3.19784962399e-11
1.63714414408e-09	2.70837154787e-11
1.63820303041e-09	1.87809975905e-11
1.63926191673e-09	8.58687600191e-12
1.64032080305e-09	-1.56781564727e-12
1.64137968937e-09	-9.71830775576e-12
1.6424385757e-09	-1.424473213e-11
1.64349746202e-09	-1.42401906239e-11
1.64455634834e-09	-9.68147610692e-12
1.64561523467e-09	-1.45846854559e-12
1.64667412099e-09	8.8008558774e-12
1.64773300731e-09	1.90546033813e-11
1.64879189364e-09	2.72464186629e-11
1.64985077996e-09	3.17325471455e-11
1.65090966628e-09	3.15862960787e-11
1.65196855261e-09	2.678926872e-11
1.65302743893e-09	1.82395418213e-11
1.65408632525e-09	7.54421178306e-12
1.65514521157e-09	-3.29523062483e-12
1.6562040979e-09	-1.22643084924e-11
1.65726298422e-09	-1.77323104117e-11
1.65832187054e-09	-1.87807720764e-11
1.65938075687e-09	-1.5341797277e-11
1.66043964319e-09	-8.20956063546e-12
1.66149852951e-09	1.16599427596e-12
1.66255741584e-09	1.09316002431e-11
1.66361630216e-09	1.9214869279e-11
1.66467518848e-09	2.44924323878e-11
1.66573407481e-09	2.58267626035e-11
1.66679296113e-09	2.30422486647e-11
1.66785184745e-09	1.67108098192e-11
1.66891073377e-09	8.03476469385e-12
1.6699696201e-09	-1.40206769805e-12
1.67102850642e-09	-9.9516003077e-12
1.67208739274e-09	-1.61787683944e-11
1.67314627907e-09	-1.91322010318e-11
1.67420516539e-09	-1.84827205624e-11
1.67526405171e-09	-1.45283169176e-11
1.67632293804e-09	-8.12090759222e-12
1.67738182436e-09	-5.00086625756e-13
1.67844071068e-09	6.96130349545e-12
1.679499597e-09	1.29929504655e-11
1.68055848333e-09	1.66118594574e-11
1.68161736965e-09	1.72862783115e-11
1.68267625597e-09	1.49811898997e-11
1.6837351423e-09	1.0144546661e-11
1.68479402862e-09	3.58586641283e-12
1.68585291494e-09	-3.63578069561e-12
1.68691180127e-09	-1.04142796817e-11
1.68797068759e-09	-1.57306841164e-11
1.68902957391e-09	-1.88162211506e-11
1.69008846024e-09	-1.92610198624e-11
1.69114734656e-09	-1.70537958755e-11
1.69220623288e-09	-1.25902578293e-11
1.6932651192e-09	-6.60450860668e-12
1.69432400553e-09	-4.26721070317e-14
1.69538289185e-09	6.03842279998e-12
1.69644177817e-09	1.06612852227e-11
1.6975006645e-09	1.30524827058e-11
1.69855955082e-09	1.27764994765e-11
1.69961843714e-09	9.80729126382e-12
1.70067732347e-09	4.54175542661e-12
1.70173620979e-09	-2.23657377341e-12
1.70279509611e-09	-9.47135772589e-12
1.70385398244e-09	-1.59991707382e-11
1.70491286876e-09	-2.07268421176e-11
1.70597175508e-09	-2.28291257426e-11
1.7070306414e-09	-2.18786481987e-11
1.70808952773e-09	-1.7959985929e-11
1.70914841405e-09	-1.16689106294e-11
1.71020730037e-09	-4.02267368721e-12
1.7112661867e-09	3.66694999018e-12
1.71232507302e-09	1.0060286805e-11
1.71338395934e-09	1.39997067758e-11
1.71444284567e-09	1.47201244249e-11
1.71550173199e-09	1.20262489203e-11
1.71656061831e-09	6.31812137331e-12
1.71761950464e-09	-1.44935604317e-12
1.71867839096e-09	-9.93335882299e-12
1.71973727728e-09	-1.76305515326e-11
1.7207961636e-09	-2.31474422963e-11
1.72185504993e-09	-2.54657024634e-11
1.72291393625e-09	-2.41358426301e-11
1.72397282257e-09	-1.93536645043e-11
1.7250317089e-09	-1.1937449293e-11
1.72609059522e-09	-3.19174027485e-12
1.72714948154e-09	5.34594851026e-12
1.72820836787e-09	1.21648966941e-11
1.72926725419e-09	1.60751603001e-11
1.73032614051e-09	1.63997149194e-11
1.73138502683e-09	1.31140497767e-11
1.73244391316e-09	6.83906837412e-12
1.73350279948e-09	-1.26596628146e-12
1.7345616858e-09	-9.73644602442e-12
1.73562057213e-09	-1.70520715603e-11
1.73667945845e-09	-2.19103919036e-11
1.73773834477e-09	-2.34810799277e-11
1.7387972311e-09	-2.1511688264e-11
1.73985611742e-09	-1.63807179626e-11
1.74091500374e-09	-9.02944125719e-12
1.74197389007e-09	-7.48004793955e-13
1.74303277639e-09	7.03374814989e-12
1.74409166271e-09	1.30194743875e-11
1.74515054903e-09	1.62641237283e-11
1.74620943536e-09	1.6326620611e-11
1.74726832168e-09	1.33395022459e-11
1.748327208e-09	7.93521411774e-12
1.74938609433e-09	1.13797231187e-12
1.75044498065e-09	-5.84962503783e-12
1.75150386697e-09	-1.18314750358e-11
1.7525627533e-09	-1.58384399346e-11
1.75362163962e-09	-1.72754276162e-11
1.75468052594e-09	-1.59768170915e-11
1.75573941227e-09	-1.22446029011e-11
1.75679829859e-09	-6.73059784989e-12
1.75785718491e-09	-3.37844471366e-13
1.75891607123e-09	5.93779105745e-12
1.75997495756e-09	1.118159558e-11
1.76103384388e-09	1.46680636387e-11
1.7620927302e-09	1.59780903786e-11
1.76315161653e-09	1.50410760236e-11
1.76421050285e-09	1.20882505394e-11
1.76526938917e-09	7.6494652626e-12
1.7663282755e-09	2.43469740896e-12
1.76738716182e-09	-2.77073264505e-12
1.76844604814e-09	-7.20649625044e-12
1.76950493447e-09	-1.02383553024e-11
1.77056382079e-09	-1.14183705893e-11
1.77162270711e-09	-1.0552636022e-11
1.77268159343e-09	-7.72465078014e-12
1.77374047976e-09	-3.26742148962e-12
1.77479936608e-09	2.24765692169e-12
1.7758582524e-09	8.09947595104e-12
1.77691713873e-09	1.34737247401e-11
1.77797602505e-09	1.75911594319e-11
1.77903491137e-09	1.98266160434e-11
1.7800937977e-09	1.97553379905e-11
1.78115268402e-09	1.73142299109e-11
1.78221157034e-09	1.27628255187e-11
1.78327045666e-09	6.72350890241e-12
1.78432934299e-09	1.12944376074e-13
1.78538822931e-09	-6.01572047385e-12
1.78644711563e-09	-1.05937368253e-11
1.78750600196e-09	-1.27458633925e-11
1.78856488828e-09	-1.19492280654e-11
1.7896237746e-09	-8.13121705384e-12
1.79068266093e-09	-1.74665555457e-12
1.79174154725e-09	6.28253005175e-12
1.79280043357e-09	1.46892983888e-11
1.7938593199e-09	2.20586170857e-11
1.79491820622e-09	2.70748735931e-11
1.79597709254e-09	2.87637344498e-11
1.79703597886e-09	2.66871247323e-11
1.79809486519e-09	2.10590399286e-11
1.79915375151e-09	1.272241687e-11
1.80021263783e-09	3.06806489936e-12
1.80127152416e-09	-6.22922763718e-12
1.80233041048e-09	-1.34715216413e-11
1.8033892968e-09	-1.72609617571e-11
1.80444818313e-09	-1.67895385095e-11
1.80550706945e-09	-1.1971428189e-11
1.80656595577e-09	-3.54305885845e-12
1.8076248421e-09	7.09953710404e-12
1.80868372842e-09	1.81049151365e-11
1.80974261474e-09	2.74972284525e-11
1.81080150106e-09	3.35570182752e-11
1.81186038739e-09	3.51142413757e-11
1.81291927371e-09	3.18141485378e-11
1.81397816003e-09	2.41601964129e-11
1.81503704636e-09	1.34680912256e-11
1.81609593268e-09	1.62781333551e-12
1.817154819e-09	-9.24030903876e-12
1.81821370533e-09	-1.71654565562e-11
1.81927259165e-09	-2.07066551405e-11
1.82033147797e-09	-1.91802129734e-11
1.82139036429e-09	-1.28551188791e-11
1.82244925062e-09	-2.83104854663e-12
1.82350813694e-09	9.08887288348e-12
1.82456702326e-09	2.07649071549e-11
1.82562590959e-09	3.01020632032e-11
1.82668479591e-09	3.54230950128e-11
1.82774368223e-09	3.57931080608e-11
1.82880256856e-09	3.11421929911e-11
1.82986145488e-09	2.23292287438e-11
1.8309203412e-09	1.09331424122e-11
1.83197922753e-09	-1.02330188594e-12
1.83303811385e-09	-1.14401838697e-11
1.83409700017e-09	-1.85252022056e-11
1.83515588649e-09	-2.1076050627e-11
1.83621477282e-09	-1.87436420551e-11
1.83727365914e-09	-1.20257232991e-11
1.83833254546e-09	-2.19005889812e-12
1.83939143179e-09	8.97915509307e-12
1.84045031811e-09	1.94969405204e-11
1.84150920443e-09	2.75317997567e-11
1.84256809076e-09	3.17418868967e-11
1.84362697708e-09	3.14561571235e-11
1.8446858634e-09	2.68153329402e-11
1.84574474973e-09	1.86890555115e-11
1.84680363605e-09	8.5204334907e-12
1.84786252237e-09	-1.93946855104e-12
1.84892140869e-09	-1.09417310282e-11
1.84998029502e-09	-1.70300561847e-11
1.85103918134e-09	-1.9306089713e-11
1.85209806766e-09	-1.75176435857e-11
1.85315695399e-09	-1.21034449824e-11
1.85421584031e-09	-4.08826271447e-12
1.85527472663e-09	5.09237964297e-12
1.85633361296e-09	1.38719348508e-11
1.85739249928e-09	2.07948328695e-11
1.8584513856e-09	2.47525108049e-11
1.85951027193e-09	2.51629966863e-11
1.86056915825e-09	2.20351480118e-11
1.86162804457e-09	1.59618256113e-11
1.86268693089e-09	7.96767686551e-12
1.86374581722e-09	-6.31578014713e-13
1.86480470354e-09	-8.47692402384e-12
1.86586358986e-09	-1.43753585424e-11
1.86692247619e-09	-1.74511429613e-11
1.86798136251e-09	-1.73407607718e-11
1.86904024883e-09	-1.41529375025e-11
1.87009913516e-09	-8.50379228839e-12
1.87115802148e-09	-1.36452188524e-12
1.8722169078e-09	6.08520742476e-12
1.87327579412e-09	1.26396818359e-11
1.87433468045e-09	1.72794868691e-11
1.87539356677e-09	1.92735983423e-11
1.87645245309e-09	1.83514228119e-11
1.87751133942e-09	1.46730787243e-11
1.87857022574e-09	8.83031495147e-12
1.87962911206e-09	1.75349318399e-12
1.88068799839e-09	-5.48010638604e-12
1.88174688471e-09	-1.17572861169e-11
1.88280577103e-09	-1.6154744209e-11
1.88386465736e-09	-1.80296281377e-11
1.88492354368e-09	-1.71496566947e-11
1.88598243e-09	-1.36818022189e-11
1.88704131632e-09	-8.22236202735e-12
1.88810020265e-09	-1.64712850564e-12
1.88915908897e-09	4.99338764781e-12
1.89021797529e-09	1.06419066268e-11
1.89127686162e-09	1.44152398351e-11
1.89233574794e-09	1.56961596498e-11
1.89339463426e-09	1.42937372008e-11
1.89445352059e-09	1.03897550285e-11
1.89551240691e-09	4.58436457199e-12
1.89657129323e-09	-2.2387376241e-12
1.89763017956e-09	-9.04464784318e-12
1.89868906588e-09	-1.4773716972e-11
1.8997479522e-09	-1.85457708218e-11
1.90080683852e-09	-1.97624104581e-11
1.90186572485e-09	-1.82343029564e-11
1.90292461117e-09	-1.42060720826e-11
1.90398349749e-09	-8.29365829486e-12
1.90504238382e-09	-1.43802179366e-12
1.90610127014e-09	5.27353247876e-12
1.90716015646e-09	1.07547104902e-11
1.90821904279e-09	1.41042594271e-11
1.90927792911e-09	1.47521717064e-11
1.91033681543e-09	1.25528858141e-11
1.91139570176e-09	7.81577320225e-12
1.91245458808e-09	1.27181316693e-12
1.9135134744e-09	-6.04700144125e-12
1.91457236072e-09	-1.29798055984e-11
1.91563124705e-09	-1.83926988223e-11
1.91669013337e-09	-2.13933072646e-11
1.91774901969e-09	-2.14502859919e-11
1.91880790602e-09	-1.85300698397e-11
1.91986679234e-09	-1.3076285714e-11
1.92092567866e-09	-5.95445914797e-12
1.92198456499e-09	1.66458470272e-12
1.92304345131e-09	8.54159971919e-12
1.92410233763e-09	1.35132400061e-11
1.92516122395e-09	1.57431984116e-11
1.92622011028e-09	1.48438206171e-11
1.9272789966e-09	1.09308404342e-11
1.92833788292e-09	4.65395603999e-12
1.92939676925e-09	-2.96501950596e-12
1.93045565557e-09	-1.06444818238e-11
1.93151454189e-09	-1.70959774115e-11
1.93257342822e-09	-2.12326562582e-11
1.93363231454e-09	-2.23574544295e-11
1.93469120086e-09	-2.0269182166e-11
1.93575008719e-09	-1.5308166193e-11
1.93680897351e-09	-8.30604768992e-12
1.93786785983e-09	-4.14169891959e-13
1.93892674615e-09	7.06218460447e-12
1.93998563248e-09	1.28934562679e-11
1.9410445188e-09	1.61370101309e-11
1.94210340512e-09	1.6288052504e-11
1.94316229145e-09	1.33688806553e-11
1.94422117777e-09	7.8813171267e-12
1.94528006409e-09	7.79351409796e-13
1.94633895042e-09	-6.76073650188e-12
1.94739783674e-09	-1.34889079073e-11
1.94845672306e-09	-1.83171654927e-11
1.94951560939e-09	-2.04721448127e-11
1.95057449571e-09	-1.96153423365e-11
1.95163338203e-09	-1.59078600986e-11
1.95269226835e-09	-9.95156734795e-12
1.95375115468e-09	-2.70471015376e-12
1.954810041e-09	4.69786622798e-12
1.95586892732e-09	1.11055921403e-11
1.95692781365e-09	1.55376111283e-11
1.95798669997e-09	1.73258057207e-11
1.95904558629e-09	1.62219109673e-11
1.96010447262e-09	1.24243679581e-11
1.96116335894e-09	6.53746718218e-12
1.96222224526e-09	-5.10751055165e-13
1.96328113158e-09	-7.61342117822e-12
1.96434001791e-09	-1.36384228563e-11
1.96539890423e-09	-1.76304856131e-11
1.96645779055e-09	-1.89230801168e-11
1.96751667688e-09	-1.72537210213e-11
1.9685755632e-09	-1.28108201131e-11
1.96963444952e-09	-6.21102908688e-12
1.97069333585e-09	1.54521762139e-12
1.97175222217e-09	9.27604000556e-12
1.97281110849e-09	1.57536813455e-11
1.97386999482e-09	1.99124987332e-11
1.97492888114e-09	2.10325108024e-11
1.97598776746e-09	1.88548482383e-11
1.97704665378e-09	1.36635173661e-11
1.97810554011e-09	6.23256481147e-12
1.97916442643e-09	-2.24629364588e-12
1.98022331275e-09	-1.03638564744e-11
1.98128219908e-09	-1.67202710011e-11
1.9823410854e-09	-2.01580488413e-11
1.98339997172e-09	-1.99806421408e-11
1.98445885805e-09	-1.60858548703e-11
1.98551774437e-09	-9.02291609484e-12
1.98657663069e-09	1.01085013569e-13
1.98763551702e-09	9.77528388096e-12
1.98869440334e-09	1.83366464374e-11
1.98975328966e-09	2.42771237141e-11
1.99081217598e-09	2.65006228767e-11
1.99187106231e-09	2.45499245932e-11
1.99292994863e-09	1.8689202963e-11
1.99398883495e-09	9.89243929828e-12
1.99504772128e-09	-3.07601735966e-13
1.9961066076e-09	-1.01131169411e-11
1.99716549392e-09	-1.7752696882e-11
1.99822438025e-09	-2.18240252259e-11
1.99928326657e-09	-2.15401654846e-11
2.00034215289e-09	-1.69009198997e-11
2.00140103922e-09	-8.67679799538e-12
2.00245992554e-09	1.68473373273e-12
2.00351881186e-09	1.23466714283e-11
2.00457769818e-09	2.14123267728e-11
2.00563658451e-09	2.72619114783e-11
2.00669547083e-09	2.88643709628e-11
2.00775435715e-09	2.59516279993e-11
2.00881324348e-09	1.90756559854e-11
2.0098721298e-09	9.50107353903e-12
2.01093101612e-09	-1.0492258104e-12
2.01198990245e-09	-1.06727959803e-11
2.01304878877e-09	-1.76688212672e-11
2.01410767509e-09	-2.08230880455e-11
2.01516656141e-09	-1.96277629566e-11
2.01622544774e-09	-1.4374379291e-11
2.01728433406e-09	-6.05267095125e-12
2.01834322038e-09	3.80825102356e-12
2.01940210671e-09	1.34409740282e-11
2.02046099303e-09	2.1172251452e-11
2.02151987935e-09	2.56970816154e-11
2.02257876568e-09	2.63057613886e-11
2.023637652e-09	2.30079930802e-11
2.02469653832e-09	1.64878839748e-11
2.02575542465e-09	7.96115430524e-12
2.02681431097e-09	-1.04174871854e-12
2.02787319729e-09	-8.978063952e-12
2.02893208361e-09	-1.45384789277e-11
2.02999096994e-09	-1.68774907244e-11
2.03104985626e-09	-1.57328611944e-11
2.03210874258e-09	-1.14185414596e-11
2.03316762891e-09	-4.78621569461e-12
2.03422651523e-09	2.96817995529e-12
2.03528540155e-09	1.05169388823e-11
2.03634428788e-09	1.66211645142e-11
2.0374031742e-09	2.03469029819e-11
2.03846206052e-09	2.11738248462e-11
2.03952094685e-09	1.90740478967e-11
2.04057983317e-09	1.44883124595e-11
2.04163871949e-09	8.21873819001e-12
2.04269760581e-09	1.31017831133e-12
2.04375649214e-09	-5.14073592722e-12
2.04481537846e-09	-1.01568475852e-11
2.04587426478e-09	-1.30050224062e-11
2.04693315111e-09	-1.33243381606e-11
2.04799203743e-09	-1.11409909076e-11
2.04905092375e-09	-6.87490819481e-12
2.05010981008e-09	-1.23515672516e-12
2.0511686964e-09	4.87670103952e-12
2.05222758272e-09	1.04929129621e-11
2.05328646905e-09	1.47444296356e-11
2.05434535537e-09	1.69730479671e-11
2.05540424169e-09	1.68320392346e-11
2.05646312801e-09	1.4348574412e-11
2.05752201434e-09	9.89594777651e-12
2.05858090066e-09	4.15921507305e-12
2.05963978698e-09	-1.97481874603e-12
2.06069867331e-09	-7.5556678969e-12
2.06175755963e-09	-1.17050466542e-11
2.06281644595e-09	-1.37751780468e-11
2.06387533228e-09	-1.34245739525e-11
2.0649342186e-09	-1.06968644012e-11
2.06599310492e-09	-6.0300913568e-12
2.06705199124e-09	-1.85578115375e-13
2.06811087757e-09	5.86417980147e-12
2.06916976389e-09	1.10983782928e-11
2.07022865021e-09	1.46253686245e-11
2.07128753654e-09	1.5819755228e-11
2.07234642286e-09	1.44384669151e-11
2.07340530918e-09	1.06791710891e-11
2.07446419551e-09	5.13395966364e-12
2.07552308183e-09	-1.27885516846e-12
2.07658196815e-09	-7.49614953444e-12
2.07764085448e-09	-1.24745760596e-11
2.0786997408e-09	-1.53616615955e-11
2.07975862712e-09	-1.56891496322e-11
2.08081751344e-09	-1.34055301582e-11
2.08187639977e-09	-8.92952899123e-12
2.08293528609e-09	-3.03634049327e-12
2.08399417241e-09	3.25073431715e-12
2.08505305874e-09	8.81191734164e-12
2.08611194506e-09	1.26801312506e-11
2.08717083138e-09	1.41805959336e-11
2.08822971771e-09	1.30517523872e-11
2.08928860403e-09	9.4874932563e-12
2.09034749035e-09	4.10568671075e-12
2.09140637668e-09	-2.14396794589e-12
2.092465263e-09	-8.20696635651e-12
2.09352414932e-09	-1.3050442671e-11
2.09458303564e-09	-1.58653663124e-11
2.09564192197e-09	-1.62102935242e-11
2.09670080829e-09	-1.4074395295e-11
2.09775969461e-09	-9.88601995405e-12
2.09881858094e-09	-4.4027516008e-12
2.09987746726e-09	1.39697530887e-12
2.10093635358e-09	6.50545155939e-12
2.10199523991e-09	1.00479728704e-11
2.10305412623e-09	1.14520849401e-11
2.10411301255e-09	1.0501285605e-11
2.10517189887e-09	7.40714174025e-12
2.1062307852e-09	2.72036538261e-12
2.10728967152e-09	-2.73732946032e-12
2.10834855784e-09	-8.02533300232e-12
2.10940744417e-09	-1.22813408748e-11
2.11046633049e-09	-1.47990838334e-11
2.11152521681e-09	-1.52168781048e-11
2.11258410314e-09	-1.35186931094e-11
2.11364298946e-09	-1.00354967392e-11
2.11470187578e-09	-5.41514446131e-12
2.11576076211e-09	-4.45120746902e-13
2.11681964843e-09	4.01558387236e-12
2.11787853475e-09	7.23398858177e-12
2.11893742107e-09	8.69815417609e-12
2.1199963074e-09	8.19401838048e-12
2.12105519372e-09	5.86348461104e-12
2.12211408004e-09	2.12653310759e-12
2.12317296637e-09	-2.36265672825e-12
2.12423185269e-09	-6.84498464854e-12
2.12529073901e-09	-1.05816397311e-11
2.12634962534e-09	-1.29710747351e-11
2.12740851166e-09	-1.36429782402e-11
2.12846739798e-09	-1.25291652053e-11
2.12952628431e-09	-9.83966467333e-12
2.13058517063e-09	-6.06141829437e-12
2.13164405695e-09	-1.84511824222e-12
2.13270294327e-09	2.11297884571e-12
2.1337618296e-09	5.14958692008e-12
2.13482071592e-09	6.8012297183e-12
2.13587960224e-09	6.80886857313e-12
2.13693848857e-09	5.20364827616e-12
2.13799737489e-09	2.30614269001e-12
2.13905626121e-09	-1.39838314539e-12
2.14011514754e-09	-5.2501098087e-12
2.14117403386e-09	-8.60778462397e-12
2.14223292018e-09	-1.09236890367e-11
2.14329180651e-09	-1.18066216526e-11
2.14435069283e-09	-1.11592514743e-11
2.14540957915e-09	-9.10292067419e-12
2.14646846547e-09	-5.99762383854e-12
2.1475273518e-09	-2.37664336995e-12
2.14858623812e-09	1.16953452131e-12
2.14964512444e-09	4.03823459047e-12
2.15070401077e-09	5.78314089325e-12
2.15176289709e-09	6.14029009929e-12
2.15282178341e-09	5.08649719566e-12
2.15388066974e-09	2.82936326278e-12
2.15493955606e-09	-2.16133534681e-13
2.15599844238e-09	-3.52729911252e-12
2.1570573287e-09	-6.52746259822e-12
2.15811621503e-09	-8.72012618364e-12
2.15917510135e-09	-9.74029364109e-12
2.16023398767e-09	-9.42754121297e-12
2.161292874e-09	-7.84651683905e-12
2.16235176032e-09	-5.2643028825e-12
2.16341064664e-09	-2.14466617209e-12
2.16446953297e-09	1.00003490731e-12
2.16552841929e-09	3.66032161178e-12
2.16658730561e-09	5.40082562006e-12
2.16764619194e-09	5.97008553704e-12
2.16870507826e-09	5.28884228079e-12
2.16976396458e-09	3.51416465372e-12
2.1708228509e-09	9.71580346558e-13
2.17188173723e-09	-1.88288881015e-12
2.17294062355e-09	-4.5570934179e-12
2.17399950987e-09	-6.58778673973e-12
2.1750583962e-09	-7.62495969142e-12
2.17611728252e-09	-7.51870787852e-12
2.17717616884e-09	-6.28038463249e-12
2.17823505517e-09	-4.13575900957e-12
2.17929394149e-09	-1.44570033028e-12
2.18035282781e-09	1.32751264408e-12
2.18141171414e-09	3.73186811314e-12
2.18247060046e-09	5.3727196303e-12
2.18352948678e-09	5.99268464713e-12
2.1845883731e-09	5.52443637711e-12
2.18564725943e-09	4.07417979562e-12
2.18670614575e-09	1.92877224608e-12
2.18776503207e-09	-5.3208370869e-13
2.1888239184e-09	-2.87280962907e-12
2.18988280472e-09	-4.68475301954e-12
2.19094169104e-09	-5.65892081458e-12
2.19200057737e-09	-5.63590970767e-12
2.19305946369e-09	-4.64653792873e-12
2.19411835001e-09	-2.8475023988e-12
2.19517723634e-09	-5.79886182475e-13
2.19623612266e-09	1.78262038377e-12
2.19729500898e-09	3.8478573626e-12
2.1983538953e-09	5.27297910197e-12
2.19941278163e-09	5.85224533764e-12
2.20047166795e-09	5.50384867889e-12
2.20153055427e-09	4.31942329127e-12
2.2025894406e-09	2.52839611227e-12
2.20364832692e-09	4.6103734979e-13
2.20470721324e-09	-1.52153658596e-12
2.20576609957e-09	-3.06904111499e-12
2.20682498589e-09	-3.9353732946e-12
2.20788387221e-09	-3.98803082571e-12
2.20894275853e-09	-3.23371407776e-12
2.21000164486e-09	-1.82086463962e-12
2.21106053118e-09	4.16066988263e-15
2.2121194175e-09	1.9211153935e-12
2.21317830383e-09	3.62242766165e-12
2.21423719015e-09	4.82659094983e-12
2.21529607647e-09	5.33889599197e-12
2.2163549628e-09	5.12129878436e-12
2.21741384912e-09	4.21713445414e-12
2.21847273544e-09	2.81660545581e-12
2.21953162177e-09	1.15820590965e-12
2.22059050809e-09	-4.7493112958e-13
2.22164939441e-09	-1.80822782962e-12
2.22270828073e-09	-2.63554087408e-12
2.22376716706e-09	-2.8322984149e-12
2.22482605338e-09	-2.38680776532e-12
2.2258849397e-09	-1.39243488701e-12
2.22694382603e-09	-3.43554225595e-14
2.22800271235e-09	1.45729251149e-12
2.22906159867e-09	2.83539424578e-12
2.230120485e-09	3.8874511249e-12
2.23117937132e-09	4.45320906886e-12
2.23223825764e-09	4.45594169202e-12
2.23329714397e-09	3.91744102435e-12
2.23435603029e-09	2.91965908915e-12
2.23541491661e-09	1.64786153473e-12
2.23647380293e-09	2.98769228758e-13
2.23753268926e-09	-9.26134277775e-13
2.23859157558e-09	-1.8336493348e-12
2.2396504619e-09	-2.31338451e-12
2.24070934823e-09	-2.28887373464e-12
2.24176823455e-09	-1.79978850833e-12
2.24282712087e-09	-9.17395933525e-13
2.2438860072e-09	2.17313756508e-13
2.24494489352e-09	1.41943423161e-12
2.24600377984e-09	2.51144309342e-12
2.24706266616e-09	3.31510947166e-12
2.24812155249e-09	3.72013834668e-12
2.24918043881e-09	3.65047532133e-12
2.25023932513e-09	3.11174740489e-12
2.25129821146e-09	2.16530569516e-12
2.25235709778e-09	9.38901517297e-13
2.2534159841e-09	-4.01080481761e-13
2.25447487043e-09	-1.65551415892e-12
2.25553375675e-09	-2.6454990542e-12
2.25659264307e-09	-3.21204000897e-12
2.2576515294e-09	-3.25102358228e-12
2.25871041572e-09	-2.74946233315e-12
2.25976930204e-09	-1.76024299303e-12
2.26082818836e-09	-4.26383104171e-13
2.26188707469e-09	1.04162577001e-12
2.26294596101e-09	2.41062269972e-12
2.26400484733e-09	3.42429990613e-12
2.26506373366e-09	3.89194926287e-12
2.26612261998e-09	3.68181873878e-12
2.2671815063e-09	2.7897417449e-12
2.26824039263e-09	1.314893615e-12
2.26929927895e-09	-5.32429514973e-13
2.27035816527e-09	-2.44606136561e-12
2.2714170516e-09	-4.13075910283e-12
2.27247593792e-09	-5.26589102184e-12
2.27353482424e-09	-5.63380592178e-12
2.27459371056e-09	-5.13771447261e-12
2.27565259689e-09	-3.83314777488e-12
2.27671148321e-09	-1.92201224554e-12
2.27777036953e-09	2.7903471634e-13
2.27882925586e-09	2.35148098909e-12
2.27988814218e-09	3.91589928886e-12
2.2809470285e-09	4.64167549882e-12
2.28200591483e-09	4.35191292725e-12
2.28306480115e-09	3.0433411867e-12
2.28412368747e-09	8.961582019e-13
2.2851825738e-09	-1.72296324343e-12
2.28624146012e-09	-4.37392917024e-12
2.28730034644e-09	-6.55563017066e-12
2.28835923276e-09	-7.8665754466e-12
2.28941811909e-09	-8.03922813736e-12
2.29047700541e-09	-7.02580832054e-12
2.29153589173e-09	-4.98952268391e-12
2.29259477806e-09	-2.2867755866e-12
2.29365366438e-09	5.72755059526e-13
2.2947125507e-09	3.06692757128e-12
2.29577143703e-09	4.70157376573e-12
2.29683032335e-09	5.15339637283e-12
2.29788920967e-09	4.29763429705e-12
2.29894809599e-09	2.27124937781e-12
2.30000698232e-09	-5.75453692944e-13
2.30106586864e-09	-3.74174042445e-12
2.30212475496e-09	-6.63751128713e-12
2.30318364129e-09	-8.74149624214e-12
2.30424252761e-09	-9.65243943801e-12
2.30530141393e-09	-9.22091222821e-12
2.30636030026e-09	-7.51160331852e-12
2.30741918658e-09	-4.85052146018e-12
2.3084780729e-09	-1.73952822632e-12
2.30953695923e-09	1.24515100921e-12
2.31059584555e-09	3.53991944264e-12
2.31165473187e-09	4.73653191321e-12
2.31271361819e-09	4.60436636734e-12
2.31377250452e-09	3.19287456717e-12
2.31483139084e-09	7.62692263945e-13
2.31589027716e-09	-2.24145593579e-12
2.31694916349e-09	-5.26810583004e-12
2.31800804981e-09	-7.7870140891e-12
2.31906693613e-09	-9.3427652767e-12
2.32012582246e-09	-9.70261197775e-12
2.32118470878e-09	-8.82762526272e-12
2.3222435951e-09	-6.9027665528e-12
2.32330248143e-09	-4.30471977508e-12
2.32436136775e-09	-1.50169492726e-12
2.32542025407e-09	1.01407673491e-12
2.32647914039e-09	2.8114893226e-12
2.32753802672e-09	3.60745439597e-12
2.32859691304e-09	3.30033092868e-12
2.32965579936e-09	1.97638346661e-12
2.33071468569e-09	-1.0377945248e-13
2.33177357201e-09	-2.56478757503e-12
2.33283245833e-09	-4.98306430841e-12
2.33389134466e-09	-6.96194274105e-12
2.33495023098e-09	-8.21660101069e-12
2.3360091173e-09	-8.56112576664e-12
2.33706800363e-09	-7.97609808062e-12
2.33812688995e-09	-6.59028474154e-12
2.33918577627e-09	-4.65127545854e-12
2.34024466259e-09	-2.4690208645e-12
2.34130354892e-09	-3.7958283977e-13
2.34236243524e-09	1.29884926599e-12
2.34342132156e-09	2.34097810581e-12
2.34448020789e-09	2.60716838743e-12
2.34553909421e-09	2.07461847181e-12
2.34659798053e-09	8.2019623298e-13
2.34765686686e-09	-9.54639470772e-13
2.34871575318e-09	-2.99241230753e-12
2.3497746395e-09	-4.9946370824e-12
2.35083352582e-09	-6.64513973361e-12
2.35189241215e-09	-7.70704333686e-12
2.35295129847e-09	-7.98373780281e-12
2.35401018479e-09	-7.42336227211e-12
2.35506907112e-09	-6.07804908834e-12
2.35612795744e-09	-4.1221726553e-12
2.35718684376e-09	-1.84597432826e-12
2.35824573009e-09	4.26284224933e-13
2.35930461641e-09	2.31642417921e-12
2.36036350273e-09	3.51773449779e-12
2.36142238906e-09	3.79577922913e-12
2.36248127538e-09	3.07956871809e-12
2.3635401617e-09	1.45453896323e-12
2.36459904802e-09	-8.44744521729e-13
2.36565793435e-09	-3.447233601e-12
2.36671682067e-09	-5.92680028319e-12
2.36777570699e-09	-7.83375708052e-12
2.36883459332e-09	-8.8148472896e-12
2.36989347964e-09	-8.65116832338e-12
2.37095236596e-09	-7.32590203778e-12
2.37201125229e-09	-5.02311863979e-12
2.37307013861e-09	-2.10999490449e-12
2.37412902493e-09	9.13486625752e-13
2.37518791126e-09	3.53754894301e-12
2.37624679758e-09	5.28128062116e-12
2.3773056839e-09	5.83289449727e-12
2.37836457022e-09	5.06875444395e-12
2.37942345655e-09	3.10698277002e-12
2.38048234287e-09	2.8998429092e-13
2.38154122919e-09	-2.9026390666e-12
2.38260011552e-09	-5.88081926906e-12
2.38365900184e-09	-8.11828902714e-12
2.38471788816e-09	-9.19693054352e-12
2.38577677449e-09	-8.91797399816e-12
2.38683566081e-09	-7.31816517108e-12
2.38789454713e-09	-4.66681077463e-12
2.38895343345e-09	-1.41918638299e-12
2.39001231978e-09	1.85405662177e-12
2.3910712061e-09	4.58500208286e-12
2.39213009242e-09	6.30958046227e-12
2.39318897875e-09	6.72648959102e-12
2.39424786507e-09	5.7956031467e-12
2.39530675139e-09	3.68347453233e-12
2.39636563772e-09	7.89929048822e-13
2.39742452404e-09	-2.37594796268e-12
2.39848341036e-09	-5.2684740251e-12
2.39954229669e-09	-7.37272482648e-12
2.40060118301e-09	-8.35888563228e-12
2.40166006933e-09	-8.05617725308e-12
2.40271895565e-09	-6.54772156633e-12
2.40377784198e-09	-4.09999291462e-12
2.4048367283e-09	-1.14165447929e-12
2.40589561462e-09	1.82525760999e-12
2.40695450095e-09	4.32168450332e-12
2.40801338727e-09	5.9467465674e-12
2.40907227359e-09	6.4716903711e-12
2.41013115992e-09	5.82684985331e-12
2.41119004624e-09	4.15186114655e-12
2.41224893256e-09	1.74279622851e-12
2.41330781889e-09	-1.00361841233e-12
2.41436670521e-09	-3.62306864198e-12
2.41542559153e-09	-5.72159463905e-12
2.41648447785e-09	-6.95527793346e-12
2.41754336418e-09	-7.15058524545e-12
2.4186022505e-09	-6.29048766201e-12
2.41966113682e-09	-4.514244447e-12
2.42072002315e-09	-2.10976049998e-12
2.42177890947e-09	5.57144337176e-13
2.42283779579e-09	3.04726317964e-12
2.42389668212e-09	4.99595243647e-12
2.42495556844e-09	6.08531150817e-12
2.42601445476e-09	6.15480236221e-12
2.42707334109e-09	5.19560479709e-12
2.42813222741e-09	3.33929281796e-12
2.42919111373e-09	8.85425250913e-13
2.43025000005e-09	-1.7987865971e-12
2.43130888638e-09	-4.28363334387e-12
2.4323677727e-09	-6.16947421969e-12
2.43342665902e-09	-7.14123031542e-12
2.43448554535e-09	-7.02859602117e-12
2.43554443167e-09	-5.82840373187e-12
2.43660331799e-09	-3.72135265311e-12
2.43766220432e-09	-1.03877019833e-12
2.43872109064e-09	1.79457783269e-12
2.43977997696e-09	4.30787220132e-12
2.44083886328e-09	6.08295878946e-12
2.44189774961e-09	6.79667476813e-12
2.44295663593e-09	6.3165618569e-12
2.44401552225e-09	4.698040134e-12
2.44507440858e-09	2.18137660712e-12
2.4461332949e-09	-8.03730779847e-13
2.44719218122e-09	-3.77558878259e-12
2.44825106755e-09	-6.22007610349e-12
2.44930995387e-09	-7.73302168827e-12
2.45036884019e-09	-8.03733555405e-12
2.45142772652e-09	-7.07580261744e-12
2.45248661284e-09	-5.00251402802e-12
2.45354549916e-09	-2.15460483656e-12
2.45460438548e-09	9.58496520001e-13
2.45566327181e-09	3.8249594464e-12
2.45672215813e-09	5.92387553941e-12
2.45778104445e-09	6.90041296672e-12
2.45883993078e-09	6.583550545e-12
2.4598988171e-09	5.01338857581e-12
2.46095770342e-09	2.46511535143e-12
2.46201658975e-09	-6.33585848717e-13
2.46307547607e-09	-3.74550260598e-12
2.46413436239e-09	-6.35841986701e-12
2.46519324872e-09	-8.01800119354e-12
2.46625213504e-09	-8.45840671809e-12
2.46731102136e-09	-7.62119967829e-12
2.46836990768e-09	-5.66879919742e-12
2.46942879401e-09	-2.95818079234e-12
2.47048768033e-09	5.09169292286e-14
2.47154656665e-09	2.82972777155e-12
2.47260545298e-09	4.91912240108e-12
2.4736643393e-09	5.96057274718e-12
2.47472322562e-09	5.79846413939e-12
2.47578211195e-09	4.47619588964e-12
2.47684099827e-09	2.21838758301e-12
2.47789988459e-09	-5.62974092257e-13
2.47895877092e-09	-3.41962027271e-12
2.48001765724e-09	-5.87281178549e-12
2.48107654356e-09	-7.53325526959e-12
2.48213542988e-09	-8.15739142901e-12
2.48319431621e-09	-7.67270968982e-12
2.48425320253e-09	-6.19045483277e-12
2.48531208885e-09	-3.96821074264e-12
2.48637097518e-09	-1.4009927116e-12
2.4874298615e-09	1.08363144846e-12
2.48848874782e-09	3.08177918948e-12
2.48954763415e-09	4.28488321214e-12
2.49060652047e-09	4.51094413559e-12
2.49166540679e-09	3.74699880498e-12
2.49272429311e-09	2.13337941063e-12
2.49378317944e-09	-7.08936354716e-14
2.49484206576e-09	-2.4909894026e-12
2.49590095208e-09	-4.76949382766e-12
2.49695983841e-09	-6.5334543331e-12
2.49801872473e-09	-7.53015531874e-12
2.49907761105e-09	-7.63220476402e-12
2.50013649738e-09	-6.83192478285e-12
2.5011953837e-09	-5.29945748742e-12
2.50225427002e-09	-3.27074391876e-12
2.50331315635e-09	-1.07766356602e-12
2.50437204267e-09	9.34551698181e-13
2.50543092899e-09	2.46016770324e-12
2.50648981531e-09	3.25853775386e-12
2.50754870164e-09	3.22186873535e-12
2.50860758796e-09	2.35818027432e-12
2.50966647428e-09	8.06717865252e-13
2.51072536061e-09	-1.18729136765e-12
2.51178424693e-09	-3.31482129072e-12
2.51284313325e-09	-5.26638368331e-12
2.51390201958e-09	-6.74083532048e-12
2.5149609059e-09	-7.52495375039e-12
2.51601979222e-09	-7.498426359e-12
2.51707867855e-09	-6.66917996522e-12
2.51813756487e-09	-5.17884910303e-12
2.51919645119e-09	-3.24303279543e-12
2.52025533751e-09	-1.17872833889e-12
2.52131422384e-09	7.21520879068e-13
2.52237311016e-09	2.16040011401e-12
2.52343199648e-09	2.90577653085e-12
2.52449088281e-09	2.85310707351e-12
2.52554976913e-09	1.98495668687e-12
2.52660865545e-09	4.3568485408e-13
2.52766754178e-09	-1.57864194807e-12
2.5287264281e-09	-3.75361894345e-12
2.52978531442e-09	-5.74565048317e-12
2.53084420074e-09	-7.26165048232e-12
2.53190308707e-09	-8.04923835918e-12
2.53296197339e-09	-7.9751986265e-12
2.53402085971e-09	-7.02854528051e-12
2.53507974604e-09	-5.33991340729e-12
2.53613863236e-09	-3.14254330024e-12
2.53719751868e-09	-7.79418413491e-13
2.53825640501e-09	1.37742746896e-12
2.53931529133e-09	2.98129056164e-12
2.54037417765e-09	3.7538852235e-12
2.54143306398e-09	3.55077686004e-12
2.5424919503e-09	2.36655421822e-12
2.54355083662e-09	3.73882050536e-13
2.54460972294e-09	-2.13637354335e-12
2.54566860927e-09	-4.76493844381e-12
2.54672749559e-09	-7.08570875585e-12
2.54778638191e-09	-8.6972087518e-12
2.54884526824e-09	-9.28959426744e-12
2.54990415456e-09	-8.74380082228e-12
2.55096304088e-09	-7.1019522728e-12
2.55202192721e-09	-4.6138544374e-12
2.55308081353e-09	-1.67079848221e-12
2.55413969985e-09	1.25230522566e-12
2.55519858618e-09	3.64559034002e-12
2.5562574725e-09	5.09683874966e-12
2.55731635882e-09	5.31673446588e-12
2.55837524514e-09	4.24487224884e-12
2.55943413147e-09	2.03420483583e-12
2.56049301779e-09	-9.61110748279e-13
2.56155190411e-09	-4.23284237522e-12
2.56261079044e-09	-7.20973367813e-12
2.56366967676e-09	-9.36077517583e-12
2.56472856308e-09	-1.02998009427e-11
2.56578744941e-09	-9.82922337273e-12
2.56684633573e-09	-7.99798421935e-12
2.56790522205e-09	-5.09678627428e-12
2.56896410838e-09	-1.63023750315e-12
2.5700229947e-09	1.80786115245e-12
2.57108188102e-09	4.62596931247e-12
2.57214076734e-09	6.31252602273e-12
2.57319965367e-09	6.57221065764e-12
2.57425853999e-09	5.34813209344e-12
2.57531742631e-09	2.85325170608e-12
2.57637631264e-09	-4.75231236741e-13
2.57743519896e-09	-4.05666646108e-12
2.57849408528e-09	-7.24292761184e-12
2.57955297161e-09	-9.49064958566e-12
2.58061185793e-09	-1.03784376926e-11
2.58167074425e-09	-9.75944932508e-12
2.58272963057e-09	-7.7435237042e-12
2.5837885169e-09	-4.68237774942e-12
2.58484740322e-09	-1.11614482847e-12
2.58590628954e-09	2.33822336493e-12
2.58696517587e-09	5.08474555863e-12
2.58802406219e-09	6.65434417638e-12
2.58908294851e-09	6.79124898678e-12
2.59014183484e-09	5.49457744928e-12
2.59120072116e-09	3.00947352976e-12
2.59225960748e-09	-2.08860489667e-13
2.59331849381e-09	-3.58679102044e-12
2.59437738013e-09	-6.54627307223e-12
2.59543626645e-09	-8.57804192261e-12
2.59649515277e-09	-9.35735343377e-12
2.5975540391e-09	-8.76614579537e-12
2.59861292542e-09	-6.9265348665e-12
2.59967181174e-09	-4.1775168394e-12
2.60073069807e-09	-9.74975525661e-13
2.60178958439e-09	2.10956924672e-12
2.60284847071e-09	4.5809705855e-12
2.60390735704e-09	6.03721239667e-12
2.60496624336e-09	6.26586412963e-12
2.60602512968e-09	5.26201911905e-12
2.60708401601e-09	3.21432875976e-12
2.60814290233e-09	5.00574733574e-13
2.60920178865e-09	-2.42683911161e-12
2.61026067497e-09	-5.0772745383e-12
2.6113195613e-09	-7.02245943687e-12
2.61237844762e-09	-7.94655573982e-12
2.61343733394e-09	-7.72851053987e-12
2.61449622027e-09	-6.41174396562e-12
2.61555510659e-09	-4.24216868231e-12
2.61661399291e-09	-1.57179217558e-12
2.61767287924e-09	1.1641287977e-12
2.61873176556e-09	3.52105584273e-12
2.61979065188e-09	5.13930478035e-12
2.62084953821e-09	5.74282114918e-12
2.62190842453e-09	5.2709698585e-12
2.62296731085e-09	3.80457731292e-12
2.62402619717e-09	1.58322053384e-12
2.6250850835e-09	-1.00725103171e-12
2.62614396982e-09	-3.56192484362e-12
2.62720285614e-09	-5.65153349466e-12
2.62826174247e-09	-6.94279442964e-12
2.62932062879e-09	-7.22661470595e-12
2.63037951511e-09	-6.4529930878e-12
2.63143840144e-09	-4.75269216343e-12
2.63249728776e-09	-2.40533266048e-12
2.63355617408e-09	2.0241302395e-13
2.6346150604e-09	2.640073056e-12
2.63567394673e-09	4.50185461826e-12
2.63673283305e-09	5.48564232233e-12
2.63779171937e-09	5.42227807793e-12
2.6388506057e-09	4.32582225249e-12
2.63990949202e-09	2.37864567453e-12
2.64096837834e-09	-8.9366671886e-14
2.64202726467e-09	-2.66588617501e-12
2.64308615099e-09	-4.91596997484e-12
2.64414503731e-09	-6.44756730644e-12
2.64520392364e-09	-7.01218250132e-12
2.64626280996e-09	-6.51921875858e-12
2.64732169628e-09	-5.05695008438e-12
2.6483805826e-09	-2.88764216531e-12
2.64943946893e-09	-3.70171964912e-13
2.65049835525e-09	2.04602979524e-12
2.65155724157e-09	3.96085724982e-12
2.6526161279e-09	5.04672562421e-12
2.65367501422e-09	5.12273556907e-12
2.65473390054e-09	4.18737614027e-12
2.65579278687e-09	2.41514143753e-12
2.65685167319e-09	1.24866046322e-13
2.65791055951e-09	-2.29359760351e-12
2.65896944584e-09	-4.42642407103e-12
2.66002833216e-09	-5.91475739914e-12
2.66108721848e-09	-6.52213873187e-12
2.6621461048e-09	-6.16715662913e-12
2.66320499113e-09	-4.92588131742e-12
2.66426387745e-09	-3.02973228103e-12
2.66532276377e-09	-8.25712978894e-13
2.6663816501e-09	1.30634945136e-12
2.66744053642e-09	3.00402194439e-12
2.66849942274e-09	4.00560053876e-12
2.66955830907e-09	4.14503154023e-12
2.67061719539e-09	3.43538825859e-12
2.67167608171e-09	2.02005447959e-12
2.67273496803e-09	1.33132952362e-13
2.67379385436e-09	-1.8784862988e-12
2.67485274068e-09	-3.70434932728e-12
2.675911627e-09	-5.03192106038e-12
2.67697051333e-09	-5.68036676724e-12
2.67802939965e-09	-5.5646377263e-12
2.67908828597e-09	-4.73129651776e-12
2.6801471723e-09	-3.34539947827e-12
2.68120605862e-09	-1.64039441752e-12
2.68226494494e-09	9.41266175788e-14
2.68332383127e-09	1.58076720116e-12
2.68438271759e-09	2.58566280366e-12
2.68544160391e-09	2.96182588004e-12
2.68650049023e-09	2.66807366131e-12
2.68755937656e-09	1.76717451436e-12
2.68861826288e-09	4.10280425085e-13
2.6896771492e-09	-1.1816467943e-12
2.69073603553e-09	-2.75621019064e-12
2.69179492185e-09	-4.07790511428e-12
2.69285380817e-09	-4.94013900967e-12
2.6939126945e-09	-5.22424117855e-12
2.69497158082e-09	-4.89842107848e-12
2.69603046714e-09	-4.01331962455e-12
2.69708935347e-09	-2.72642216963e-12
2.69814823979e-09	-1.23120361562e-12
2.69920712611e-09	2.22286138064e-13
2.70026601243e-09	1.41173639619e-12
2.70132489876e-09	2.15270683224e-12
2.70238378508e-09	2.30269189133e-12
2.7034426714e-09	1.85024196485e-12
2.70450155773e-09	8.57631565591e-13
2.70556044405e-09	-5.21253287929e-13
2.70661933037e-09	-2.06768434839e-12
2.7076782167e-09	-3.52400010215e-12
2.70873710302e-09	-4.65841818245e-12
2.70979598934e-09	-5.28147621123e-12
2.71085487567e-09	-5.29971379282e-12
2.71191376199e-09	-4.69562930205e-12
2.71297264831e-09	-3.56271761225e-12
2.71403153463e-09	-2.09937752946e-12
2.71509042096e-09	-5.37793605222e-13
2.71614930728e-09	8.42519793081e-13
2.7172081936e-09	1.80761785748e-12
2.71826707993e-09	2.1941988157e-12
2.71932596625e-09	1.92542639818e-12
2.72038485257e-09	1.05218026132e-12
2.7214437389e-09	-2.89077247383e-13
2.72250262522e-09	-1.8627540916e-12
2.72356151154e-09	-3.40245800284e-12
2.72462039786e-09	-4.64379056042e-12
2.72567928419e-09	-5.36882344138e-12
2.72673817051e-09	-5.4518095767e-12
2.72779705683e-09	-4.87523519818e-12
2.72885594316e-09	-3.75497419616e-12
2.72991482948e-09	-2.28576923014e-12
2.7309737158e-09	-7.24083119852e-13
2.73203260213e-09	6.54050652613e-13
2.73309148845e-09	1.60349793339e-12
2.73415037477e-09	1.97176042854e-12
2.7352092611e-09	1.69113551288e-12
2.73626814742e-09	8.18800973204e-13
2.73732703374e-09	-4.74304677565e-13
2.73838592006e-09	-1.96454506309e-12
2.73944480639e-09	-3.3760156129e-12
2.74050369271e-09	-4.47389391159e-12
2.74156257903e-09	-5.05760971298e-12
2.74262146536e-09	-5.04753617375e-12
2.74368035168e-09	-4.45690663195e-12
2.744739238e-09	-3.39303368388e-12
2.74579812433e-09	-2.05321241779e-12
2.74685701065e-09	-6.76239121124e-13
2.74791589697e-09	4.88700768221e-13
2.7489747833e-09	1.25351920684e-12
2.75003366962e-09	1.49396250579e-12
2.75109255594e-09	1.18183696336e-12
2.75215144226e-09	3.94979242455e-13
2.75321032859e-09	-7.17960250713e-13
2.75426921491e-09	-1.9464152512e-12
2.75532810123e-09	-3.07812542816e-12
2.75638698756e-09	-3.91812840853e-12
2.75744587388e-09	-4.32973969178e-12
2.7585047602e-09	-4.24947316918e-12
2.75956364653e-09	-3.70972219957e-12
2.76062253285e-09	-2.82604560413e-12
2.76168141917e-09	-1.75252000412e-12
2.7627403055e-09	-6.83192543337e-13
2.76379919182e-09	2.08508720272e-13
2.76485807814e-09	7.7743172143e-13
2.76591696446e-09	9.38497868828e-13
2.76697585079e-09	6.95356858031e-13
2.76803473711e-09	9.32740280954e-14
2.76909362343e-09	-7.39998286172e-13
2.77015250976e-09	-1.65451864449e-12
2.77121139608e-09	-2.48598082224e-12
2.7722702824e-09	-3.10185991476e-12
2.77332916873e-09	-3.40489897561e-12
2.77438805505e-09	-3.34892465322e-12
2.77544694137e-09	-2.96961695685e-12
2.77650582769e-09	-2.32680346345e-12
2.77756471402e-09	-1.54619329493e-12
2.77862360034e-09	-7.51157708083e-13
2.77968248666e-09	-7.48474429679e-14
2.78074137299e-09	3.7716509603e-13
2.78180025931e-09	5.47263731727e-13
2.78285914563e-09	4.24699798983e-13
2.78391803196e-09	4.20492125548e-14
2.78497691828e-09	-5.24863139062e-13
2.7860358046e-09	-1.16914410011e-12
2.78709469093e-09	-1.78781186903e-12
2.78815357725e-09	-2.27512800266e-12
2.78921246357e-09	-2.55787188305e-12
2.79027134989e-09	-2.592701661e-12
2.79133023622e-09	-2.37379126772e-12
2.79238912254e-09	-1.95432797549e-12
2.79344800886e-09	-1.40033297458e-12
2.79450689519e-09	-8.05329002269e-13
2.79556578151e-09	-2.6184734719e-13
2.79662466783e-09	1.50895721157e-13
2.79768355416e-09	3.73823178359e-13
2.79874244048e-09	3.75457965499e-13
2.7998013268e-09	1.65158739549e-13
2.80086021313e-09	-2.09581755162e-13
2.80191909945e-09	-6.79222086561e-13
2.80297798577e-09	-1.16370606727e-12
2.80403687209e-09	-1.58877620261e-12
2.80509575842e-09	-1.87734810336e-12
2.80615464474e-09	-1.9928117316e-12
2.80721353106e-09	-1.92023827394e-12
2.80827241739e-09	-1.67240169196e-12
2.80933130371e-09	-1.28601697433e-12
2.81039019003e-09	-8.19373974052e-13
2.81144907636e-09	-3.57206506128e-13
2.81250796268e-09	4.35514288749e-14
2.813566849e-09	3.13595097156e-13
2.81462573532e-09	4.27658342766e-13
2.81568462165e-09	3.63230224978e-13
2.81674350797e-09	1.39564087284e-13
2.81780239429e-09	-2.0976391468e-13
2.81886128062e-09	-6.26701327552e-13
2.81992016694e-09	-1.03686883298e-12
2.82097905326e-09	-1.38279860652e-12
2.82203793959e-09	-1.59946361711e-12
2.82309682591e-09	-1.66112533884e-12
2.82415571223e-09	-1.54760481774e-12
2.82521459856e-09	-1.27757396676e-12
2.82627348488e-09	-8.98613377719e-13
2.8273323712e-09	-4.49591020879e-13
2.82839125752e-09	-7.93630061029e-15
2.82945014385e-09	3.63029159685e-13
2.83050903017e-09	5.95474895521e-13
2.83156791649e-09	6.51783965341e-13
2.83262680282e-09	5.19876134329e-13
2.83368568914e-09	2.16663831516e-13
2.83474457546e-09	-2.07614876896e-13
2.83580346179e-09	-6.8922786315e-13
2.83686234811e-09	-1.14415128847e-12
2.83792123443e-09	-1.50023157959e-12
2.83898012076e-09	-1.69179969513e-12
2.84003900708e-09	-1.67407255593e-12
2.8410978934e-09	-1.43959876572e-12
2.84215677972e-09	-1.01920067438e-12
2.84321566605e-09	-4.86017530475e-13
2.84427455237e-09	7.56721210216e-14
2.84533343869e-09	5.64430067355e-13
2.84639232502e-09	9.03335403441e-13
2.84745121134e-09	1.0168953353e-12
2.84851009766e-09	8.80619795834e-13
2.84956898399e-09	5.14607995973e-13
2.85062787031e-09	-3.243612044e-14
2.85168675663e-09	-6.61512348805e-13
2.85274564296e-09	-1.26684231681e-12
2.85380452928e-09	-1.72981811167e-12
2.8548634156e-09	-1.96508651365e-12
2.85592230192e-09	-1.92177328738e-12
2.85698118825e-09	-1.60276837375e-12
2.85804007457e-09	-1.05944289799e-12
2.85909896089e-09	-3.80498150349e-13
2.86015784722e-09	3.07840260444e-13
2.86121673354e-09	8.87154824429e-13
2.86227561986e-09	1.24138882767e-12
2.86333450619e-09	1.29791652686e-12
2.86439339251e-09	1.0442427088e-12
2.86545227883e-09	5.19912563522e-13
2.86651116515e-09	-1.87178370676e-13
2.86757005148e-09	-9.42360339068e-13
2.8686289378e-09	-1.61493127898e-12
2.86968782412e-09	-2.08407032951e-12
2.87074671045e-09	-2.25019655686e-12
2.87180559677e-09	-2.09689188756e-12
2.87286448309e-09	-1.63933114045e-12
2.87392336942e-09	-9.52209990544e-13
2.87498225574e-09	-1.77967924143e-13
2.87604114206e-09	5.52743831608e-13
2.87710002839e-09	1.09859278792e-12
2.87815891471e-09	1.36682744116e-12
2.87921780103e-09	1.30832053091e-12
2.88027668735e-09	9.25285997995e-13
2.88133557368e-09	2.95050957408e-13
2.88239446e-09	-4.83178113405e-13
2.88345334632e-09	-1.26157114269e-12
2.88451223265e-09	-1.90415088211e-12
2.88557111897e-09	-2.29687015935e-12
2.88663000529e-09	-2.3713956146e-12
2.88768889162e-09	-2.12708561702e-12
2.88874777794e-09	-1.60361535249e-12
2.88980666426e-09	-9.0290042153e-13
2.89086555059e-09	-1.41459326891e-13
2.89192443691e-09	5.44083712545e-13
2.89298332323e-09	1.03876401838e-12
2.89404220955e-09	1.24435054275e-12
2.89510109588e-09	1.14403918196e-12
2.8961599822e-09	7.47769088403e-13
2.89721886852e-09	1.26961673596e-13
2.89827775485e-09	-6.01792975261e-13
2.89933664117e-09	-1.33755007937e-12
2.90039552749e-09	-1.93933822994e-12
2.90145441382e-09	-2.3240140281e-12
2.90251330014e-09	-2.42915540113e-12
2.90357218646e-09	-2.22603706301e-12
2.90463107279e-09	-1.77127279857e-12
2.90568995911e-09	-1.11450508111e-12
2.90674884543e-09	-3.90235153219e-13
2.90780773175e-09	3.01101266316e-13
2.90886661808e-09	8.28683801267e-13
2.9099255044e-09	1.11552108696e-12
2.91098439072e-09	1.12114115734e-12
2.91204327705e-09	8.28577441034e-13
2.91310216337e-09	2.78390564724e-13
2.91416104969e-09	-4.35086970792e-13
2.91521993602e-09	-1.20340998451e-12
2.91627882234e-09	-1.90598123222e-12
2.91733770866e-09	-2.41183375355e-12
2.91839659498e-09	-2.65010647975e-12
2.91945548131e-09	-2.55886891537e-12
2.92051436763e-09	-2.16411155489e-12
2.92157325395e-09	-1.52100923002e-12
2.92263214028e-09	-7.15184584731e-13
2.9236910266e-09	9.78555683207e-14
2.92474991292e-09	8.12895649231e-13
2.92580879925e-09	1.27188916951e-12
2.92686768557e-09	1.39683588047e-12
2.92792657189e-09	1.16362312581e-12
2.92898545822e-09	5.9018897625e-13
2.93004434454e-09	-2.15147507015e-13
2.93110323086e-09	-1.13581149694e-12
2.93216211718e-09	-2.00183532945e-12
2.93322100351e-09	-2.67178336746e-12
2.93427988983e-09	-3.01747515863e-12
2.93533877615e-09	-2.97152016535e-12
2.93639766248e-09	-2.52546464644e-12
2.9374565488e-09	-1.75282845963e-12
2.93851543512e-09	-7.81860795725e-13
2.93957432145e-09	2.12955060487e-13
2.94063320777e-09	1.05154134098e-12
2.94169209409e-09	1.60153455168e-12
2.94275098042e-09	1.73735635253e-12
2.94380986674e-09	1.44794300248e-12
2.94486875306e-09	7.74811096359e-13
2.94592763938e-09	-1.74034723265e-13
2.94698652571e-09	-1.21226184473e-12
2.94804541203e-09	-2.18644763753e-12
2.94910429835e-09	-2.88390622147e-12
2.95016318468e-09	-3.19827367715e-12
2.951222071e-09	-3.06367127847e-12
2.95228095732e-09	-2.50762214812e-12
2.95333984365e-09	-1.63925502946e-12
2.95439872997e-09	-5.87189368309e-13
2.95545761629e-09	4.36176024769e-13
2.95651650261e-09	1.26861021688e-12
2.95757538894e-09	1.76009738468e-12
2.95863427526e-09	1.81971256639e-12
2.95969316158e-09	1.46154117454e-12
2.96075204791e-09	7.43234629657e-13
2.96181093423e-09	-2.0168518548e-13
2.96286982055e-09	-1.1981758901e-12
2.96392870688e-09	-2.0709417254e-12
2.9649875932e-09	-2.6800180998e-12
2.96604647952e-09	-2.90971912363e-12
2.96710536585e-09	-2.74798152983e-12
2.96816425217e-09	-2.20600751208e-12
2.96922313849e-09	-1.40203419621e-12
2.97028202481e-09	-4.78921644096e-13
2.97134091114e-09	4.2665681101e-13
2.97239979746e-09	1.1369020959e-12
2.97345868378e-09	1.56323673624e-12
2.97451757011e-09	1.63852059091e-12
2.97557645643e-09	1.36709242017e-12
2.97663534275e-09	8.1298493328e-13
2.97769422908e-09	5.06721943051e-14
2.9787531154e-09	-7.52387355977e-13
2.97981200172e-09	-1.49428570646e-12
2.98087088805e-09	-2.04209782764e-12
2.98192977437e-09	-2.31780306753e-12
2.98298866069e-09	-2.29515646939e-12
2.98404754701e-09	-1.96138938424e-12
2.98510643334e-09	-1.40929358027e-12
2.98616531966e-09	-6.95753730236e-13
2.98722420598e-09	5.36413869866e-14
2.98828309231e-09	7.38567030884e-13
2.98934197863e-09	1.24824965902e-12
2.99040086495e-09	1.51219108849e-12
2.99145975128e-09	1.49834539307e-12
2.9925186376e-09	1.2087244183e-12
2.99357752392e-09	7.02576397667e-13
2.99463641025e-09	3.87280166974e-14
2.99569529657e-09	-6.62615361885e-13
2.99675418289e-09	-1.31414963547e-12
2.99781306921e-09	-1.79506138686e-12
2.99887195554e-09	-2.03739217337e-12
2.99993084186e-09	-2.00346033166e-12
3.00098972818e-09	-1.67340598843e-12
3.00204861451e-09	-1.11319829223e-12
3.00310750083e-09	-3.80505712659e-13
3.00416638715e-09	3.94750801058e-13
3.00522527348e-09	1.09781010237e-12
3.0062841598e-09	1.63150905546e-12
3.00734304612e-09	1.88723841242e-12
3.00840193244e-09	1.83320307719e-12
3.00946081877e-09	1.452506301e-12
3.01051970509e-09	8.18777662857e-13
3.01157859141e-09	2.50996529875e-14
3.01263747774e-09	-7.9655059675e-13
3.01369636406e-09	-1.51341179172e-12
3.01475525038e-09	-1.99071445092e-12
3.01581413671e-09	-2.148638472e-12
3.01687302303e-09	-1.95666486486e-12
3.01793190935e-09	-1.42237686473e-12
3.01899079568e-09	-6.54835831827e-13
3.020049682e-09	2.62239530221e-13
3.02110856832e-09	1.14362198097e-12
3.02216745464e-09	1.84495170877e-12
3.02322634097e-09	2.26538210933e-12
3.02428522729e-09	2.30103826618e-12
3.02534411361e-09	1.9798633219e-12
3.02640299994e-09	1.32197215414e-12
3.02746188626e-09	4.62136730793e-13
3.02852077258e-09	-4.61831419461e-13
3.02957965891e-09	-1.30150144134e-12
3.03063854523e-09	-1.8962091012e-12
3.03169743155e-09	-2.15634172844e-12
3.03275631788e-09	-2.01753804635e-12
3.0338152042e-09	-1.51992600363e-12
3.03487409052e-09	-7.40505042267e-13
3.03593297684e-09	1.8691690177e-13
3.03699186317e-09	1.10834258438e-12
3.03805074949e-09	1.87770589008e-12
3.03910963581e-09	2.35641736158e-12
3.04016852214e-09	2.47012805175e-12
3.04122740846e-09	2.20116893462e-12
3.04228629478e-09	1.60990405035e-12
3.04334518111e-09	7.8060604855e-13
3.04440406743e-09	-1.23260248037e-13
3.04546295375e-09	-9.70207421347e-13
3.04652184008e-09	-1.61002916728e-12
3.0475807264e-09	-1.94041462585e-12
3.04863961272e-09	-1.92465813252e-12
3.04969849904e-09	-1.53775679256e-12
3.05075738537e-09	-8.72728213482e-13
3.05181627169e-09	-2.72946897424e-14
3.05287515801e-09	8.56029765302e-13
3.05393404434e-09	1.62536596595e-12
3.05499293066e-09	2.17457432269e-12
3.05605181698e-09	2.3961603101e-12
3.05711070331e-09	2.27942469587e-12
3.05816958963e-09	1.83484499296e-12
3.05922847595e-09	1.14223756321e-12
3.06028736227e-09	3.13261054466e-13
3.0613462486e-09	-5.19140286315e-13
3.06240513492e-09	-1.21027038218e-12
3.06346402124e-09	-1.66409008968e-12
3.06452290757e-09	-1.79708895334e-12
3.06558179389e-09	-1.60020911452e-12
3.06664068021e-09	-1.10476406669e-12
3.06769956654e-09	-3.95983755768e-13
3.06875845286e-09	4.18961225305e-13
3.06981733918e-09	1.20188928254e-12
3.07087622551e-09	1.84075150955e-12
3.07193511183e-09	2.22700438819e-12
3.07299399815e-09	2.28865320792e-12
3.07405288447e-09	2.03960741525e-12
3.0751117708e-09	1.49673318444e-12
3.07617065712e-09	7.68714031232e-13
3.07722954344e-09	-3.22681199252e-14
3.07828842977e-09	-7.93927694854e-13
3.07934731609e-09	-1.37162438525e-12
3.08040620241e-09	-1.70160760482e-12
3.08146508874e-09	-1.70547321925e-12
3.08252397506e-09	-1.40085024743e-12
3.08358286138e-09	-8.27863114432e-13
3.08464174771e-09	-8.16473014957e-14
3.08570063403e-09	7.11375131978e-13
3.08675952035e-09	1.43684044697e-12
3.08781840667e-09	1.96740605578e-12
3.088877293e-09	2.22885490446e-12
3.08993617932e-09	2.17450992109e-12
3.09099506564e-09	1.81505656859e-12
3.09205395197e-09	1.19899511326e-12
3.09311283829e-09	4.29608768265e-13
3.09417172461e-09	-3.66661236963e-13
3.09523061094e-09	-1.07690093822e-12
3.09628949726e-09	-1.57140327226e-12
3.09734838358e-09	-1.78626850724e-12
3.0984072699e-09	-1.6725214963e-12
3.09946615623e-09	-1.26352118872e-12
3.10052504255e-09	-6.18244116925e-13
3.10158392887e-09	1.72083809875e-13
3.1026428152e-09	9.66324242846e-13
3.10370170152e-09	1.65427166323e-12
3.10476058784e-09	2.10042551928e-12
3.10581947417e-09	2.24968893341e-12
3.10687836049e-09	2.07725611885e-12
3.10793724681e-09	1.60161825209e-12
3.10899613314e-09	8.9966673434e-13
3.11005501946e-09	7.8824770875e-14
3.11111390578e-09	-7.36128226517e-13
3.1121727921e-09	-1.4058760666e-12
3.11323167843e-09	-1.82646779645e-12
3.11429056475e-09	-1.93102261611e-12
3.11534945107e-09	-1.68162868613e-12
3.1164083374e-09	-1.13305241925e-12
3.11746722372e-09	-3.68420002622e-13
3.11852611004e-09	4.97264772761e-13
3.11958499637e-09	1.31351450983e-12
3.12064388269e-09	1.96388955445e-12
3.12170276901e-09	2.31978563962e-12
3.12276165534e-09	2.33606168264e-12
3.12382054166e-09	1.9976290587e-12
3.12487942798e-09	1.34914356163e-12
3.1259383143e-09	5.06909781078e-13
3.12699720063e-09	-4.08234860846e-13
3.12805608695e-09	-1.22897113493e-12
3.12911497327e-09	-1.83467021957e-12
3.1301738596e-09	-2.11501909736e-12
3.13123274592e-09	-2.02567064685e-12
3.13229163224e-09	-1.56863389465e-12
3.13335051857e-09	-8.24132320547e-13
3.13440940489e-09	9.93259971884e-14
3.13546829121e-09	1.03948230232e-12
3.13652717754e-09	1.8384994048e-12
3.13758606386e-09	2.37472823524e-12
3.13864495018e-09	2.54044918782e-12
3.1397038365e-09	2.319155935e-12
3.14076272283e-09	1.7346345714e-12
3.14182160915e-09	8.87555111871e-13
3.14288049547e-09	-8.29121181976e-14
3.1439393818e-09	-1.02059289839e-12
3.14499826812e-09	-1.76015170321e-12
3.14605715444e-09	-2.18331559429e-12
3.14711604077e-09	-2.20418475139e-12
3.14817492709e-09	-1.83322823068e-12
3.14923381341e-09	-1.12847545978e-12
3.15029269973e-09	-1.98171692814e-13
3.15135158606e-09	7.93733026354e-13
3.15241047238e-09	1.69682941743e-12
3.1534693587e-09	2.34706720205e-12
3.15452824503e-09	2.64579786032e-12
3.15558713135e-09	2.53640229479e-12
3.15664601767e-09	2.03993809691e-12
3.157704904e-09	1.24063107877e-12
3.15876379032e-09	2.69101906557e-13
3.15982267664e-09	-7.07088033958e-13
3.16088156297e-09	-1.53113242571e-12
3.16194044929e-09	-2.06611507417e-12
3.16299933561e-09	-2.22202356341e-12
3.16405822193e-09	-1.96626699298e-12
3.16511710826e-09	-1.34540284729e-12
3.16617599458e-09	-4.54097507209e-13
3.1672348809e-09	5.52208073105e-13
3.16829376723e-09	1.50682732351e-12
3.16935265355e-09	2.26005087041e-12
3.17041153987e-09	2.67864029568e-12
3.1714704262e-09	2.70736536488e-12
3.17252931252e-09	2.33673388798e-12
3.17358819884e-09	1.6245720047e-12
3.17464708517e-09	6.96599462141e-13
3.17570597149e-09	-3.06841872874e-13
3.17676485781e-09	-1.19654481635e-12
3.17782374413e-09	-1.84524986437e-12
3.17888263046e-09	-2.13281280657e-12
3.17994151678e-09	-2.00731120094e-12
3.1810004031e-09	-1.49606835167e-12
3.18205928943e-09	-6.77099435548e-13
3.18311817575e-09	3.08920559489e-13
3.18417706207e-09	1.31743574383e-12
3.1852359484e-09	2.16503356042e-12
3.18629483472e-09	2.72609582477e-12
3.18735372104e-09	2.88596295299e-12
3.18841260737e-09	2.6309794187e-12
3.18947149369e-09	2.00507774446e-12
3.19053038001e-09	1.10776253621e-12
3.19158926633e-09	9.84990355338e-14
3.19264815266e-09	-8.64563791652e-13
3.19370703898e-09	-1.6048113359e-12
3.1947659253e-09	-2.01110417382e-12
3.19582481163e-09	-2.00922850406e-12
3.19688369795e-09	-1.58321261916e-12
3.19794258427e-09	-8.15158596006e-13
3.1990014706e-09	1.77609608878e-13
3.20006035692e-09	1.2071697808e-12
3.20111924324e-09	2.12321740051e-12
3.20217812956e-09	2.76487817016e-12
3.20323701589e-09	3.01756493057e-12
3.20429590221e-09	2.85061080643e-12
3.20535478853e-09	2.28113513322e-12
3.20641367486e-09	1.41638090145e-12
3.20747256118e-09	4.00372768793e-13
3.2085314475e-09	-5.83670102267e-13
3.20959033383e-09	-1.37011333268e-12
3.21064922015e-09	-1.82138765875e-12
3.21170810647e-09	-1.86705295321e-12
3.2127669928e-09	-1.49304299393e-12
3.21382587912e-09	-7.71902669821e-13
3.21488476544e-09	1.68767655558e-13
3.21594365176e-09	1.18401989602e-12
3.21700253809e-09	2.08212353608e-12
3.21806142441e-09	2.72951951839e-12
3.21912031073e-09	2.99692388961e-12
3.22017919706e-09	2.86467117389e-12
3.22123808338e-09	2.35731833359e-12
3.2222969697e-09	1.55382737926e-12
3.22335585603e-09	6.2129050819e-13
3.22441474235e-09	-3.0069913573e-13
3.22547362867e-09	-1.03847713848e-12
3.226532515e-09	-1.48373782878e-12
3.22759140132e-09	-1.55137805814e-12
3.22865028764e-09	-1.23864200147e-12
3.22970917396e-09	-6.12413982373e-13
3.23076806029e-09	2.25731759673e-13
3.23182694661e-09	1.1183866333e-12
3.23288583293e-09	1.92476568538e-12
3.23394471926e-09	2.50310557871e-12
3.23500360558e-09	2.76969744882e-12
3.2360624919e-09	2.68923620352e-12
3.23712137823e-09	2.27970572107e-12
3.23818026455e-09	1.62720271285e-12
3.23923915087e-09	8.37286999716e-13
3.24029803719e-09	6.14779088097e-14
3.24135692352e-09	-5.90804586243e-13
3.24241580984e-09	-9.95445696358e-13
3.24347469616e-09	-1.10637096273e-12
3.24453358249e-09	-9.15799120565e-13
3.24559246881e-09	-4.51845836138e-13
3.24665135513e-09	1.87700739283e-13
3.24771024146e-09	9.11014644799e-13
3.24876912778e-09	1.5826094775e-12
3.2498280141e-09	2.1102791823e-12
3.25088690043e-09	2.40449630692e-12
3.25194578675e-09	2.4245566492e-12
3.25300467307e-09	2.18451884186e-12
3.25406355939e-09	1.72700092074e-12
3.25512244572e-09	1.13843060413e-12
3.25618133204e-09	5.0472999261e-13
3.25724021836e-09	-6.50167447007e-14
3.25829910469e-09	-4.88812712095e-13
3.25935799101e-09	-6.96466484745e-13
3.26041687733e-09	-6.68118663692e-13
3.26147576366e-09	-4.0980600532e-13
3.26253464998e-09	3.59544276404e-14
3.2635935363e-09	5.8191472474e-13
3.26465242263e-09	1.161193754e-12
3.26571130895e-09	1.67056841451e-12
3.26677019527e-09	2.03369027348e-12
3.26782908159e-09	2.20523144016e-12
3.26888796792e-09	2.15612423748e-12
3.26994685424e-09	1.89196358233e-12
3.27100574056e-09	1.45486227232e-12
3.27206462689e-09	9.24560883582e-13
3.27312351321e-09	3.77181467483e-13
3.27418239953e-09	-1.01776002719e-13
3.27524128586e-09	-4.2944903818e-13
3.27630017218e-09	-5.6332456061e-13
3.2773590585e-09	-4.79880946178e-13
3.27841794483e-09	-1.95148449266e-13
3.27947683115e-09	2.55096643679e-13
3.28053571747e-09	7.94821348495e-13
3.28159460379e-09	1.33419924414e-12
3.28265349012e-09	1.78023622319e-12
3.28371237644e-09	2.0738773112e-12
3.28477126276e-09	2.15806560989e-12
3.28583014909e-09	2.01550950409e-12
3.28688903541e-09	1.68233580278e-12
3.28794792173e-09	1.1971751715e-12
3.28900680806e-09	6.48434322729e-13
3.29006569438e-09	1.18945719702e-13
3.2911245807e-09	-2.97202366883e-13
3.29218346702e-09	-5.3014721519e-13
3.29324235335e-09	-5.49088064513e-13
3.29430123967e-09	-3.3830810332e-13
3.29536012599e-09	5.70969053287e-14
3.29641901232e-09	5.68616551413e-13
3.29747789864e-09	1.1158585991e-12
3.29853678496e-09	1.60737048671e-12
3.29959567129e-09	1.95293065573e-12
3.30065455761e-09	2.0981421895e-12
3.30171344393e-09	2.0178112653e-12
3.30277233026e-09	1.73209840568e-12
3.30383121658e-09	1.28503902398e-12
3.3048901029e-09	7.5358171309e-13
3.30594898922e-09	2.32722342916e-13
3.30700787555e-09	-1.94498483617e-13
3.30806676187e-09	-4.55707954011e-13
3.30912564819e-09	-5.13106918065e-13
3.31018453452e-09	-3.57725974494e-13
3.31124342084e-09	-1.36913431506e-14
3.31230230716e-09	4.54442662971e-13
3.31336119349e-09	9.68141690948e-13
3.31442007981e-09	1.43225839175e-12
3.31547896613e-09	1.76758737855e-12
3.31653785246e-09	1.93206648597e-12
3.31759673878e-09	1.89675098544e-12
3.3186556251e-09	1.66408109081e-12
3.31971451142e-09	1.28424679745e-12
3.32077339775e-09	8.19264198582e-13
3.32183228407e-09	3.49976964726e-13
3.32289117039e-09	-4.66396737312e-14
3.32395005672e-09	-3.06051110019e-13
3.32500894304e-09	-3.84495359813e-13
3.32606782936e-09	-2.76527553026e-13
3.32712671569e-09	-1.28083189264e-14
3.32818560201e-09	3.67093399949e-13
3.32924448833e-09	8.03913684753e-13
3.33030337466e-09	1.22100235738e-12
3.33136226098e-09	1.54216754384e-12
3.3324211473e-09	1.72618386599e-12
3.33348003362e-09	1.74103591787e-12
3.33453891995e-09	1.58097710271e-12
3.33559780627e-09	1.28863228682e-12
3.33665669259e-09	9.02941675422e-13
3.33771557892e-09	4.9916055447e-13
3.33877446524e-09	1.3610111844e-13
3.33983335156e-09	-1.26942618743e-13
3.34089223789e-09	-2.46139100855e-13
3.34195112421e-09	-2.08742325183e-13
3.34301001053e-09	-1.14993853605e-14
3.34406889685e-09	2.98167821813e-13
3.34512778318e-09	6.74896770414e-13
3.3461866695e-09	1.04965678076e-12
3.34724555582e-09	1.36226284159e-12
3.34830444215e-09	1.56775775088e-12
3.34936332847e-09	1.62821232191e-12
3.35042221479e-09	1.53919975723e-12
3.35148110112e-09	1.31641041384e-12
3.35253998744e-09	9.92050300415e-13
3.35359887376e-09	6.19478047418e-13
3.35465776009e-09	2.78726260822e-13
3.35571664641e-09	8.3693470516e-15
3.35677553273e-09	-1.35382373714e-13
3.35783441905e-09	-1.30561373887e-13
3.35889330538e-09	1.76941896194e-14
3.3599521917e-09	2.84625106687e-13
3.36101107802e-09	6.14777055218e-13
3.36206996435e-09	9.72460610302e-13
3.36312885067e-09	1.28468644143e-12
3.36418773699e-09	1.49176764691e-12
3.36524662332e-09	1.56975083973e-12
3.36630550964e-09	1.50013692874e-12
3.36736439596e-09	1.3037256821e-12
3.36842328229e-09	1.01118592666e-12
3.36948216861e-09	6.77429466689e-13
3.37054105493e-09	3.61183413906e-13
3.37159994125e-09	1.18911553781e-13
3.37265882758e-09	-1.96833025004e-14
3.3737177139e-09	-1.68595894217e-14
3.37477660022e-09	1.22370212921e-13
3.37583548655e-09	3.63387380083e-13
3.37689437287e-09	6.83452480808e-13
3.37795325919e-09	9.9415386947e-13
3.37901214552e-09	1.26784758907e-12
3.38007103184e-09	1.43951105376e-12
3.38112991816e-09	1.49846790792e-12
3.38218880448e-09	1.43616802478e-12
3.38324769081e-09	1.24726650449e-12
3.38430657713e-09	9.93656003832e-13
3.38536546345e-09	6.99107547027e-13
3.38642434978e-09	4.32486728721e-13
3.3874832361e-09	2.3767787868e-13
3.38854212242e-09	1.41388284544e-13
3.38960100875e-09	1.70854351717e-13
3.39065989507e-09	3.03074297429e-13
3.39171878139e-09	5.15107650544e-13
3.39277766772e-09	7.73503928009e-13
3.39383655404e-09	1.03198862216e-12
3.39489544036e-09	1.24640499744e-12
3.39595432668e-09	1.38498446652e-12
3.39701321301e-09	1.41294343847e-12
3.39807209933e-09	1.33866333817e-12
3.39913098565e-09	1.18409741647e-12
3.40018987198e-09	9.72718541999e-13
3.4012487583e-09	7.47508717251e-13
3.40230764462e-09	5.35442946491e-13
3.40336653095e-09	3.95883873643e-13
3.40442541727e-09	3.33846069279e-13
3.40548430359e-09	3.55128198983e-13
3.40654318992e-09	4.7200161531e-13
3.40760207624e-09	6.50062523342e-13
3.40866096256e-09	8.61885324395e-13
3.40971984888e-09	1.06545165485e-12
3.41077873521e-09	1.22510009949e-12
3.41183762153e-09	1.32373441635e-12
3.41289650785e-09	1.3432320577e-12
3.41395539418e-09	1.28392522308e-12
3.4150142805e-09	1.16111525776e-12
3.41607316682e-09	9.95273308213e-13
3.41713205315e-09	8.14492353771e-13
3.41819093947e-09	6.48577437416e-13
3.41924982579e-09	5.32063976211e-13
3.42030871212e-09	4.83249724959e-13
3.42136759844e-09	5.01667717784e-13
3.42242648476e-09	5.96514482774e-13
3.42348537108e-09	7.36855943016e-13
3.42454425741e-09	9.05494266807e-13
3.42560314373e-09	1.07720863479e-12
3.42666203005e-09	1.21791465801e-12
3.42772091638e-09	1.30729606827e-12
3.4287798027e-09	1.32581250666e-12
3.42983868902e-09	1.27905737217e-12
3.43089757535e-09	1.17305861205e-12
3.43195646167e-09	1.02418887173e-12
3.43301534799e-09	8.73019104924e-13
3.43407423431e-09	7.28569060551e-13
3.43513312064e-09	6.22275614284e-13
3.43619200696e-09	5.72181191316e-13
3.43725089328e-09	5.80227001428e-13
3.43830977961e-09	6.61969719491e-13
3.43936866593e-09	7.81119472489e-13
3.44042755225e-09	9.40434687589e-13
3.44148643858e-09	1.10107658668e-12
3.4425453249e-09	1.22953286007e-12
3.44360421122e-09	1.31814470363e-12
3.44466309755e-09	1.3448510968e-12
3.44572198387e-09	1.30739104438e-12
3.44678087019e-09	1.20792763812e-12
3.44783975651e-09	1.07091733485e-12
3.44889864284e-09	9.11998233009e-13
3.44995752916e-09	7.6345803594e-13
3.45101641548e-09	6.5001682422e-13
3.45207530181e-09	5.95432611637e-13
3.45313418813e-09	6.07971409761e-13
3.45419307445e-09	6.76583192683e-13
3.45525196078e-09	7.98304998495e-13
3.4563108471e-09	9.44428563132e-13
3.45736973342e-09	1.0990908704e-12
3.45842861975e-09	1.23984123749e-12
3.45948750607e-09	1.33599023771e-12
3.46054639239e-09	1.37452809551e-12
3.46160527871e-09	1.3364363869e-12
3.46266416504e-09	1.24321039574e-12
3.46372305136e-09	1.11005172068e-12
3.46478193768e-09	9.4074433573e-13
3.46584082401e-09	7.82365546046e-13
3.46689971033e-09	6.51476539815e-13
3.46795859665e-09	5.70806260331e-13
3.46901748298e-09	5.55452277055e-13
3.4700763693e-09	6.16068611056e-13
3.47113525562e-09	7.41610874273e-13
3.47219414195e-09	9.06105919463e-13
3.47325302827e-09	1.08877013308e-12
3.47431191459e-09	1.25347529665e-12
3.47537080091e-09	1.36643712838e-12
3.47642968724e-09	1.42660536162e-12
3.47748857356e-09	1.40698867487e-12
3.47854745988e-09	1.31609610363e-12
3.47960634621e-09	1.16167698291e-12
3.48066523253e-09	9.56194216688e-13
3.48172411885e-09	7.63606680058e-13
3.48278300518e-09	5.87394011469e-13
3.4838418915e-09	4.73706197966e-13
3.48490077782e-09	4.42815678873e-13
3.48595966414e-09	5.04251588401e-13
3.48701855047e-09	6.43484614551e-13
3.48807743679e-09	8.35294019282e-13
3.48913632311e-09	1.06345141027e-12
3.49019520944e-09	1.28058772354e-12
3.49125409576e-09	1.44717853152e-12
3.49231298208e-09	1.52752561034e-12
3.49337186841e-09	1.50658890745e-12
3.49443075473e-09	1.38535450472e-12
3.49548964105e-09	1.18659975509e-12
3.49654852738e-09	9.38251646515e-13
3.4976074137e-09	6.79496660761e-13
3.49866630002e-09	4.61722294513e-13
3.49972518634e-09	3.17321228972e-13
3.50078407267e-09	2.82858073986e-13
3.50184295899e-09	3.59563100865e-13
3.50290184531e-09	5.41996243893e-13
3.50396073164e-09	8.04378753275e-13
3.50501961796e-09	1.08764071968e-12
3.50607850428e-09	1.34753558138e-12
3.50713739061e-09	1.53363563168e-12
3.50819627693e-09	1.62275824288e-12
3.50925516325e-09	1.58056174485e-12
3.51031404958e-09	1.41991377423e-12
3.5113729359e-09	1.16308384365e-12
3.51243182222e-09	8.56552242329e-13
3.51349070854e-09	5.50505116752e-13
3.51454959487e-09	3.03152332881e-13
3.51560848119e-09	1.68116592154e-13
3.51666736751e-09	1.54089347076e-13
3.51772625384e-09	2.77568143166e-13
3.51878514016e-09	5.07495304461e-13
3.51984402648e-09	8.07116417971e-13
3.52090291281e-09	1.1234833593e-12
3.52196179913e-09	1.39948296007e-12
3.52302068545e-09	1.59174832603e-12
3.52407957177e-09	1.65208016538e-12
3.5251384581e-09	1.57870830124e-12
3.52619734442e-09	1.37757459519e-12
3.52725623074e-09	1.09046246425e-12
3.52831511707e-09	7.69755732679e-13
3.52937400339e-09	4.62728054658e-13
3.53043288971e-09	2.31550970889e-13
3.53149177604e-09	1.03502486258e-13
3.53255066236e-09	1.12723720603e-13
3.53360954868e-09	2.57656173957e-13
3.53466843501e-09	5.01828396546e-13
3.53572732133e-09	8.05351607885e-13
3.53678620765e-09	1.11923643097e-12
3.53784509397e-09	1.38022015692e-12
3.5389039803e-09	1.54479770989e-12
3.53996286662e-09	1.59358236242e-12
3.54102175294e-09	1.51577448509e-12
3.54208063927e-09	1.32389726352e-12
3.54313952559e-09	1.05155413457e-12
3.54419841191e-09	7.48122375681e-13
3.54525729824e-09	4.64838779447e-13
3.54631618456e-09	2.50964044468e-13
3.54737507088e-09	1.36886731334e-13
3.54843395721e-09	1.43449434189e-13
3.54949284353e-09	2.64939925467e-13
3.55055172985e-09	4.76766575438e-13
3.55161061617e-09	7.4081593724e-13
3.5526695025e-09	1.02121750726e-12
3.55372838882e-09	1.26357767565e-12
3.55478727514e-09	1.4359895651e-12
3.55584616147e-09	1.50511677774e-12
3.55690504779e-09	1.46004530081e-12
3.55796393411e-09	1.30913866987e-12
3.55902282044e-09	1.08274327004e-12
3.56008170676e-09	8.30290588887e-13
3.56114059308e-09	5.69262519068e-13
3.56219947941e-09	3.49460477916e-13
3.56325836573e-09	2.15435023878e-13
3.56431725205e-09	1.72032987899e-13
3.56537613837e-09	2.32447172404e-13
3.5664350247e-09	3.92951811498e-13
3.56749391102e-09	6.16462339075e-13
3.56855279734e-09	8.71923139158e-13
3.56961168367e-09	1.12174223903e-12
3.57067056999e-09	1.31270352661e-12
3.57172945631e-09	1.43153349418e-12
3.57278834264e-09	1.45035242496e-12
3.57384722896e-09	1.37162297579e-12
3.57490611528e-09	1.20171353337e-12
3.5759650016e-09	9.6104135934e-13
3.57702388793e-09	7.06263823466e-13
3.57808277425e-09	4.65398769869e-13
3.57914166057e-09	2.807489755e-13
3.5802005469e-09	1.83938368009e-13
3.58125943322e-09	1.92489402781e-13
3.58231831954e-09	3.00019340968e-13
3.58337720587e-09	4.83475455851e-13
3.58443609219e-09	7.31021363234e-13
3.58549497851e-09	9.95435613278e-13
3.58655386484e-09	1.23482680244e-12
3.58761275116e-09	1.39977558624e-12
3.58867163748e-09	1.46964612788e-12
3.5897305238e-09	1.4387502691e-12
3.59078941013e-09	1.30752613597e-12
3.59184829645e-09	1.09588520984e-12
3.59290718277e-09	8.35527773271e-13
3.5939660691e-09	5.78210439597e-13
3.59502495542e-09	3.55486798852e-13
3.59608384174e-09	2.13562254361e-13
3.59714272807e-09	1.6848778232e-13
3.59820161439e-09	2.36456037042e-13
3.59926050071e-09	4.04257356756e-13
3.60031938704e-09	6.35820606235e-13
3.60137827336e-09	9.00417056453e-13
3.60243715968e-09	1.14824978952e-12
3.603496046e-09	1.34700117813e-12
3.60455493233e-09	1.46144565633e-12
3.60561381865e-09	1.47342240405e-12
3.60667270497e-09	1.37936613086e-12
3.6077315913e-09	1.19919840117e-12
3.60879047762e-09	9.63374887676e-13
3.60984936394e-09	7.03488265905e-13
3.61090825027e-09	4.71030387004e-13
3.61196713659e-09	3.02197909708e-13
3.61302602291e-09	2.19813953823e-13
3.61408490924e-09	2.34092422096e-13
3.61514379556e-09	3.49023734176e-13
3.61620268188e-09	5.41518219155e-13
3.6172615682e-09	7.81777420578e-13
3.61832045453e-09	1.03295616418e-12
3.61937934085e-09	1.24862641927e-12
3.62043822717e-09	1.39782651599e-12
3.6214971135e-09	1.45549403693e-12
3.62255599982e-09	1.42225586777e-12
3.62361488614e-09	1.30044748841e-12
3.62467377247e-09	1.103964576e-12
3.62573265879e-09	8.71918314459e-13
3.62679154511e-09	6.37019029106e-13
3.62785043143e-09	4.32123900464e-13
3.62890931776e-09	2.93932602867e-13
3.62996820408e-09	2.46537951729e-13
3.6310270904e-09	2.91064183389e-13
3.63208597673e-09	4.20813964187e-13
3.63314486305e-09	6.17855376236e-13
3.63420374937e-09	8.61316660355e-13
3.6352626357e-09	1.09828064612e-12
3.63632152202e-09	1.29614537419e-12
3.63738040834e-09	1.43338682937e-12
3.63843929467e-09	1.47815093499e-12
3.63949818099e-09	1.42197213206e-12
3.64055706731e-09	1.27371995329e-12
3.64161595363e-09	1.06146048982e-12
3.64267483996e-09	8.14793328294e-13
3.64373372628e-09	5.69863221282e-13
3.6447926126e-09	3.69892701538e-13
3.64585149893e-09	2.39403494858e-13
3.64691038525e-09	2.07649693339e-13
3.64796927157e-09	2.77890232527e-13
3.6490281579e-09	4.45295520292e-13
3.65008704422e-09	6.84819985008e-13
3.65114593054e-09	9.48724822661e-13
3.65220481687e-09	1.20158375437e-12
3.65326370319e-09	1.40596367014e-12
3.65432258951e-09	1.52111656604e-12
3.65538147583e-09	1.5283228242e-12
3.65644036216e-09	1.42893997416e-12
3.65749924848e-09	1.2289484751e-12
3.6585581348e-09	9.62385119513e-13
3.65961702113e-09	6.73260655126e-13
3.66067590745e-09	4.12601972987e-13
3.66173479377e-09	2.2285290475e-13
3.6627936801e-09	1.29980675203e-13
3.66385256642e-09	1.59165757831e-13
3.66491145274e-09	2.98296326876e-13
3.66597033906e-09	5.28362509994e-13
3.66702922539e-09	8.15603606787e-13
3.66808811171e-09	1.11221502928e-12
3.66914699803e-09	1.37031976478e-12
3.67020588436e-09	1.5369161022e-12
3.67126477068e-09	1.5840869198e-12
3.672323657e-09	1.51759084899e-12
3.67338254333e-09	1.33214825889e-12
3.67444142965e-09	1.06395860004e-12
3.67550031597e-09	7.55002885298e-13
3.6765592023e-09	4.60496549747e-13
3.67761808862e-09	2.269141228e-13
3.67867697494e-09	8.89909009655e-14
3.67973586126e-09	7.31826911896e-14
3.68079474759e-09	1.88107206677e-13
3.68185363391e-09	4.07738106516e-13
3.68291252023e-09	6.94307784009e-13
3.68397140656e-09	9.99903718851e-13
3.68503029288e-09	1.27403003512e-12
3.6860891792e-09	1.47898186753e-12
3.68714806553e-09	1.56662421751e-12
3.68820695185e-09	1.53399623733e-12
3.68926583817e-09	1.38408631344e-12
3.6903247245e-09	1.13140334775e-12
3.69138361082e-09	8.39074035947e-13
3.69244249714e-09	5.31596468234e-13
3.69350138346e-09	2.73701986639e-13
3.69456026979e-09	1.03109280012e-13
3.69561915611e-09	4.50533910851e-14
3.69667804243e-09	1.15263755571e-13
3.69773692876e-09	2.86647577419e-13
3.69879581508e-09	5.44841081973e-13
3.6998547014e-09	8.40036373795e-13
3.70091358773e-09	1.13131325054e-12
3.70197247405e-09	1.35596677116e-12
3.70303136037e-09	1.48963523808e-12
3.7040902467e-09	1.50703820083e-12
3.70514913302e-09	1.40606851249e-12
3.70620801934e-09	1.20735311939e-12
3.70726690566e-09	9.33890443276e-13
3.70832579199e-09	6.4308969391e-13
3.70938467831e-09	3.65518406558e-13
3.71044356463e-09	1.53713833654e-13
3.71150245096e-09	3.69284545434e-14
3.71256133728e-09	4.1019992985e-14
3.7136202236e-09	1.68558540064e-13
3.71467910993e-09	3.82090382554e-13
3.71573799625e-09	6.59649093161e-13
3.71679688257e-09	9.49297498248e-13
3.71785576889e-09	1.2051410217e-12
3.71891465522e-09	1.38908036549e-12
3.71997354154e-09	1.46874071065e-12
3.72103242786e-09	1.43401740135e-12
3.72209131419e-09	1.2796539002e-12
3.72315020051e-09	1.04339139325e-12
3.72420908683e-09	7.51822974536e-13
3.72526797316e-09	4.60464348942e-13
3.72632685948e-09	2.09515523962e-13
3.7273857458e-09	4.14429267e-14
3.72844463213e-09	-1.4652756886e-14
3.72950351845e-09	4.63893483902e-14
3.73056240477e-09	2.1559307345e-13
3.73162129109e-09	4.65138561348e-13
3.73268017742e-09	7.62028623796e-13
3.73373906374e-09	1.0427052017e-12
3.73479795006e-09	1.27497827834e-12
3.73585683639e-09	1.41774471937e-12
3.73691572271e-09	1.4377045561e-12
3.73797460903e-09	1.34139650342e-12
3.73903349536e-09	1.13776479557e-12
3.74009238168e-09	8.65179726906e-13
3.741151268e-09	5.55889210531e-13
3.74221015433e-09	2.7301116012e-13
3.74326904065e-09	5.8417416141e-14
3.74432792697e-09	-5.79647346289e-14
3.74538681329e-09	-4.50047036313e-14
3.74644569962e-09	7.83643237649e-14
3.74750458594e-09	3.07559153926e-13
3.74856347226e-09	5.92342581235e-13
3.74962235859e-09	8.94338531184e-13
3.75068124491e-09	1.16323595721e-12
3.75174013123e-09	1.34988461381e-12
3.75279901756e-09	1.42759881607e-12
3.75385790388e-09	1.37996970621e-12
3.7549167902e-09	1.2191555274e-12
3.75597567653e-09	9.61807890276e-13
3.75703456285e-09	6.57568454982e-13
3.75809344917e-09	3.48553732534e-13
3.75915233549e-09	9.37344142192e-14
3.76021122182e-09	-6.75029015974e-14
3.76127010814e-09	-1.16130900469e-13
3.76232899446e-09	-2.78233602743e-14
3.76338788079e-09	1.65718431816e-13
3.76444676711e-09	4.47288717566e-13
3.76550565343e-09	7.61150094775e-13
3.76656453976e-09	1.04806777406e-12
3.76762342608e-09	1.27925079384e-12
3.7686823124e-09	1.39923012413e-12
3.76974119872e-09	1.40243448365e-12
3.77080008505e-09	1.27341236514e-12
3.77185897137e-09	1.04181799906e-12
3.77291785769e-09	7.4397476027e-13
3.77397674402e-09	4.28056434699e-13
3.77503563034e-09	1.47581870769e-13
3.77609451666e-09	-5.2590527419e-14
3.77715340299e-09	-1.35767265486e-13
3.77821228931e-09	-9.03073121383e-14
3.77927117563e-09	7.82662712309e-14
3.78033006196e-09	3.31087018695e-13
3.78138894828e-09	6.43222562886e-13
3.7824478346e-09	9.51852420668e-13
3.78350672092e-09	1.20458428388e-12
3.78456560725e-09	1.3586805292e-12
3.78562449357e-09	1.38569949786e-12
3.78668337989e-09	1.29450671103e-12
3.78774226622e-09	1.08459346105e-12
3.78880115254e-09	8.08414695862e-13
3.78986003886e-09	4.95798551953e-13
3.79091892519e-09	2.11506593489e-13
3.79197781151e-09	-2.55953874902e-15
3.79303669783e-09	-1.17357661675e-13
3.79409558416e-09	-9.93527973108e-14
3.79515447048e-09	3.1829007881e-14
3.7962133568e-09	2.68082133098e-13
3.79727224312e-09	5.55372262935e-13
3.79833112945e-09	8.51102662739e-13
3.79939001577e-09	1.10593359557e-12
3.80044890209e-09	1.27921078678e-12
3.80150778842e-09	1.34168847907e-12
3.80256667474e-09	1.28008335269e-12
3.80362556106e-09	1.1131949312e-12
3.80468444739e-09	8.62101297468e-13
3.80574333371e-09	5.76018399645e-13
3.80680222003e-09	3.01454174123e-13
3.80786110635e-09	8.10133413804e-14
3.80891999268e-09	-3.55003773231e-14
3.809978879e-09	-5.31524897338e-14
3.81103776532e-09	4.00778314615e-14
3.81209665165e-09	2.23237877836e-13
3.81315553797e-09	4.71070665115e-13
3.81421442429e-09	7.40837404443e-13
3.81527331062e-09	9.77697848896e-13
3.81633219694e-09	1.16112501558e-12
3.81739108326e-09	1.24364017348e-12
3.81844996959e-09	1.22718859814e-12
3.81950885591e-09	1.11554634887e-12
3.82056774223e-09	9.14476502335e-13
3.82162662855e-09	6.77189641168e-13
3.82268551488e-09	4.27310368079e-13
3.8237444012e-09	2.13237603573e-13
3.82480328752e-09	6.60785919797e-14
3.82586217385e-09	4.92664728254e-15
3.82692106017e-09	4.81134094154e-14
3.82797994649e-09	1.81553204545e-13
3.82903883282e-09	3.80140797313e-13
3.83009771914e-09	6.14180039292e-13
3.83115660546e-09	8.38471219539e-13
3.83221549179e-09	1.02762665998e-12
3.83327437811e-09	1.15015310644e-12
3.83433326443e-09	1.1775346323e-12
3.83539215075e-09	1.12238397829e-12
3.83645103708e-09	9.75605663964e-13
3.8375099234e-09	7.76035160611e-13
3.83856880972e-09	5.53501472086e-13
3.83962769605e-09	3.32724977127e-13
3.84068658237e-09	1.68009296796e-13
3.84174546869e-09	6.89300233645e-14
3.84280435502e-09	5.86455119493e-14
3.84386324134e-09	1.33194331758e-13
3.84492212766e-09	2.87133218677e-13
3.84598101399e-09	4.92537054978e-13
3.84703990031e-09	7.10765485096e-13
3.84809878663e-09	9.15194461014e-13
3.84915767295e-09	1.06395090221e-12
3.85021655928e-09	1.13603126472e-12
3.8512754456e-09	1.11836646714e-12
3.85233433192e-09	1.01952441715e-12
3.85339321825e-09	8.49010532017e-13
3.85445210457e-09	6.40517695306e-13
3.85551099089e-09	4.2376724959e-13
3.85656987722e-09	2.38536404171e-13
3.85762876354e-09	1.13767204208e-13
3.85868764986e-09	6.52051654858e-14
3.85974653618e-09	1.05181373322e-13
3.86080542251e-09	2.27187314642e-13
3.86186430883e-09	4.05409646825e-13
3.86292319515e-09	6.11294109949e-13
3.86398208148e-09	8.13386250714e-13
3.8650409678e-09	9.81643802703e-13
3.86609985412e-09	1.07115748563e-12
3.86715874045e-09	1.09052079433e-12
3.86821762677e-09	1.01943692203e-12
3.86927651309e-09	8.79567035525e-13
3.87033539942e-09	6.91387485457e-13
3.87139428574e-09	4.80517806534e-13
3.87245317206e-09	3.02347773554e-13
3.87351205838e-09	1.631418118e-13
3.87457094471e-09	9.8868680712e-14
3.87562983103e-09	1.08442260434e-13
3.87668871735e-09	1.97084197378e-13
3.87774760368e-09	3.48770518759e-13
3.87880649e-09	5.28462473434e-13
3.87986537632e-09	7.15222748648e-13
3.88092426265e-09	8.666539166e-13
3.88198314897e-09	9.70367341167e-13
3.88304203529e-09	1.00916855168e-12
3.88410092162e-09	9.76671109439e-13
3.88515980794e-09	8.71620917803e-13
3.88621869426e-09	7.2113273469e-13
3.88727758058e-09	5.48266401897e-13
3.88833646691e-09	3.73637047951e-13
3.88939535323e-09	2.38469156531e-13
3.89045423955e-09	1.4798783672e-13
3.89151312588e-09	1.39109223815e-13
3.8925720122e-09	1.80788855566e-13
3.89363089852e-09	2.91425276923e-13
3.89468978485e-09	4.36675760655e-13
3.89574867117e-09	5.94945804861e-13
3.89680755749e-09	7.51162315942e-13
3.89786644382e-09	8.62232756981e-13
3.89892533014e-09	9.2365655055e-13
3.89998421646e-09	9.20720314226e-13
3.90104310278e-09	8.57804062157e-13
3.90210198911e-09	7.4187867221e-13
3.90316087543e-09	5.97805550721e-13
3.90421976175e-09	4.44502941399e-13
3.90527864808e-09	3.0592423126e-13
3.9063375344e-09	2.0356933912e-13
3.90739642072e-09	1.44578251281e-13
3.90845530705e-09	1.57852043611e-13
3.90951419337e-09	2.24482108249e-13
3.91057307969e-09	3.40512855542e-13
3.91163196601e-09	4.85686360921e-13
3.91269085234e-09	6.29862210565e-13
3.91374973866e-09	7.61478662244e-13
3.91480862498e-09	8.45390489383e-13
3.91586751131e-09	8.80343649541e-13
3.91692639763e-09	8.5161711667e-13
3.91798528395e-09	7.61607573882e-13
3.91904417028e-09	6.34433477975e-13
3.9201030566e-09	4.82456576859e-13
3.92116194292e-09	3.37290796421e-13
3.92222082925e-09	2.11647282274e-13
3.92327971557e-09	1.39196515642e-13
3.92433860189e-09	1.23171058856e-13
3.92539748821e-09	1.70072547083e-13
3.92645637454e-09	2.69786824174e-13
3.92751526086e-09	4.07022045191e-13
3.92857414718e-09	5.61906315748e-13
3.92963303351e-09	6.92166322088e-13
3.93069191983e-09	7.95640463236e-13
3.93175080615e-09	8.4411644341e-13
3.93280969248e-09	8.22687837992e-13
3.9338685788e-09	7.4371037757e-13
3.93492746512e-09	6.23297691672e-13
3.93598635145e-09	4.79328978852e-13
3.93704523777e-09	3.28696786586e-13
3.93810412409e-09	2.1100287316e-13
3.93916301041e-09	1.30654086725e-13
3.94022189674e-09	1.13863833726e-13
3.94128078306e-09	1.59395879742e-13
3.94233966938e-09	2.54742678774e-13
3.94339855571e-09	3.85590647953e-13
3.94445744203e-09	5.20796459343e-13
3.94551632835e-09	6.4890860697e-13
3.94657521468e-09	7.39344512262e-13
3.947634101e-09	7.81548166028e-13
3.94869298732e-09	7.56574815818e-13
3.94975187364e-09	6.87752480834e-13
3.95081075997e-09	5.77454262792e-13
3.95186964629e-09	4.40762118643e-13
3.95292853261e-09	3.11502370122e-13
3.95398741894e-09	2.09209928027e-13
3.95504630526e-09	1.49420894494e-13
3.95610519158e-09	1.41074218279e-13
3.95716407791e-09	1.81837441697e-13
3.95822296423e-09	2.67493330004e-13
3.95928185055e-09	3.81948297859e-13
3.96034073688e-09	4.9918559954e-13
3.9613996232e-09	6.00370502011e-13
3.96245850952e-09	6.70699769594e-13
3.96351739584e-09	6.93941865776e-13
3.96457628217e-09	6.73811267199e-13
3.96563516849e-09	6.0815545308e-13
3.96669405481e-09	5.16494453543e-13
3.96775294114e-09	4.13554498806e-13
3.96881182746e-09	3.08313867058e-13
3.96987071378e-09	2.42502632558e-13
3.97092960011e-09	1.90572614655e-13
3.97198848643e-09	1.91068081495e-13
3.97304737275e-09	2.31572356776e-13
3.97410625908e-09	2.91132271285e-13
3.9751651454e-09	3.81142166439e-13
3.97622403172e-09	4.62718134208e-13
3.97728291804e-09	5.40711247478e-13
3.97834180437e-09	5.89760987442e-13
3.97940069069e-09	6.13873860598e-13
3.98045957701e-09	6.01315167364e-13
3.98151846334e-09	5.45166396835e-13
3.98257734966e-09	4.76285135463e-13
3.98363623598e-09	3.97933910216e-13
3.98469512231e-09	3.23683517055e-13
3.98575400863e-09	2.64994515047e-13
3.98681289495e-09	2.38755602745e-13
3.98787178128e-09	2.3562174347e-13
3.9889306676e-09	2.62050906148e-13
3.98998955392e-09	3.10317391358e-13
3.99104844024e-09	3.73642983957e-13
3.99210732657e-09	4.45083477452e-13
3.99316621289e-09	4.94524939661e-13
3.99422509921e-09	5.40384414733e-13
3.99528398554e-09	5.47817325357e-13
3.99634287186e-09	5.33505531419e-13
3.99740175818e-09	5.01977474344e-13
3.99846064451e-09	4.49056780259e-13
3.99951953083e-09	3.8943712621e-13
4.00057841715e-09	3.29169742679e-13
4.00163730347e-09	2.89059493572e-13
4.0026961898e-09	2.65512140269e-13
4.00375507612e-09	2.61201000065e-13
4.00481396244e-09	2.8904081819e-13
4.00587284877e-09	3.27143748289e-13
4.00693173509e-09	3.81083131631e-13
4.00799062141e-09	4.33103856598e-13
4.00904950774e-09	4.75945563343e-13
4.01010839406e-09	5.05544824753e-13
4.01116728038e-09	5.16448266531e-13
4.01222616671e-09	5.00249960813e-13
4.01328505303e-09	4.67901379534e-13
4.01434393935e-09	4.25406427749e-13
4.01540282567e-09	3.72269923221e-13
4.016461712e-09	3.31589221142e-13
4.01752059832e-09	2.97431973799e-13
4.01857948464e-09	2.79854264762e-13
4.01963837097e-09	2.80539643165e-13
4.02069725729e-09	3.01699691705e-13
4.02175614361e-09	3.38518601171e-13
4.02281502994e-09	3.82116240776e-13
4.02387391626e-09	4.37662872523e-13
4.02493280258e-09	4.75453443977e-13
4.02599168891e-09	4.95838938484e-13
4.02705057523e-09	4.95930661988e-13
4.02810946155e-09	4.74510513347e-13
4.02916834787e-09	4.43137226133e-13
4.0302272342e-09	3.99575744671e-13
4.03128612052e-09	3.54531318582e-13
4.03234500684e-09	3.1379461746e-13
4.03340389317e-09	2.87072882826e-13
4.03446277949e-09	2.75138608728e-13
4.03552166581e-09	2.83614874207e-13
4.03658055214e-09	3.12595300122e-13
4.03763943846e-09	3.53271285922e-13
4.03869832478e-09	4.03309872478e-13
4.03975721111e-09	4.42373920698e-13
4.04081609743e-09	4.77746911042e-13
4.04187498375e-09	4.88095349728e-13
4.04293387007e-09	4.92531579757e-13
4.0439927564e-09	4.73408150788e-13
4.04505164272e-09	4.3078420605e-13
4.04611052904e-09	3.86161480397e-13
4.04716941537e-09	3.33536258508e-13
4.04822830169e-09	3.00806851216e-13
4.04928718801e-09	2.66971503498e-13
4.05034607434e-09	2.66223105843e-13
4.05140496066e-09	2.78768192341e-13
4.05246384698e-09	3.04520216552e-13
4.0535227333e-09	3.53904812357e-13
4.05458161963e-09	4.00144761076e-13
4.05564050595e-09	4.51322952535e-13
4.05669939227e-09	4.85438620725e-13
4.0577582786e-09	5.04214562897e-13
4.05881716492e-09	4.9984403552e-13
4.05987605124e-09	4.70644736291e-13
4.06093493757e-09	4.28867336609e-13
4.06199382389e-09	3.72180097071e-13
4.06305271021e-09	3.15674271662e-13
4.06411159654e-09	2.64529338104e-13
4.06517048286e-09	2.41336681542e-13
4.06622936918e-09	2.33405715545e-13
4.0672882555e-09	2.51668450619e-13
4.06834714183e-09	2.90134452921e-13
4.06940602815e-09	3.46883410668e-13
4.07046491447e-09	4.06690577482e-13
4.0715238008e-09	4.56997449865e-13
4.07258268712e-09	4.99996365925e-13
4.07364157344e-09	5.16684405764e-13
4.07470045977e-09	5.1076856503e-13
4.07575934609e-09	4.77678660515e-13
4.07681823241e-09	4.23436486612e-13
4.07787711874e-09	3.57685940328e-13
4.07893600506e-09	2.90762097559e-13
4.07999489138e-09	2.37283147774e-13
4.0810537777e-09	2.05909182933e-13
4.08211266403e-09	1.97213556249e-13
4.08317155035e-09	2.20019748948e-13
4.08423043667e-09	2.65775872447e-13
4.085289323e-09	3.30961576504e-13
4.08634820932e-09	4.00303271433e-13
4.08740709564e-09	4.67742001815e-13
4.08846598197e-09	5.13916220777e-13
4.08952486829e-09	5.38393169023e-13
4.09058375461e-09	5.23466578244e-13
4.09164264093e-09	4.83405633231e-13
4.09270152726e-09	4.23258460615e-13
4.09376041358e-09	3.40416063394e-13
4.0948192999e-09	2.71115757882e-13
4.09587818623e-09	2.01524140799e-13
4.09693707255e-09	1.63426943419e-13
4.09799595887e-09	1.5908043112e-13
4.0990548452e-09	1.81741828618e-13
4.10011373152e-09	2.39755291358e-13
4.10117261784e-09	3.0848709546e-13
4.10223150417e-09	3.88489018515e-13
4.10329039049e-09	4.64164243066e-13
4.10434927681e-09	5.1010015439e-13
4.10540816313e-09	5.34913693201e-13
4.10646704946e-09	5.25973416297e-13
4.10752593578e-09	4.8759705041e-13
4.1085848221e-09	4.2074313868e-13
4.10964370843e-09	3.37815414747e-13
4.11070259475e-09	2.53245341364e-13
4.11176148107e-09	1.85400441744e-13
4.1128203674e-09	1.40237485253e-13
4.11387925372e-09	1.27309987097e-13
4.11493814004e-09	1.44868614175e-13
4.11599702637e-09	1.98184838766e-13
4.11705591269e-09	2.76598595373e-13
4.11811479901e-09	3.55492463808e-13
4.11917368533e-09	4.36949440389e-13
4.12023257166e-09	4.98940244589e-13
4.12129145798e-09	5.34799906183e-13
4.1223503443e-09	5.30940200659e-13
4.12340923063e-09	4.89669123391e-13
4.12446811695e-09	4.29488719979e-13
4.12552700327e-09	3.45100765456e-13
4.1265858896e-09	2.58921546313e-13
4.12764477592e-09	1.7719915704e-13
4.12870366224e-09	1.19901430364e-13
4.12976254857e-09	9.52179619331e-14
4.13082143489e-09	1.03939900849e-13
4.13188032121e-09	1.56042347555e-13
4.13293920753e-09	2.27992429623e-13
4.13399809386e-09	3.22070712114e-13
4.13505698018e-09	4.06967536927e-13
4.1361158665e-09	4.81888671761e-13
4.13717475283e-09	5.22394844396e-13
4.13823363915e-09	5.32508715942e-13
4.13929252547e-09	5.07242414304e-13
4.1403514118e-09	4.41744514232e-13
4.14141029812e-09	3.57997106352e-13
4.14246918444e-09	2.58578857111e-13
4.14352807076e-09	1.73383348152e-13
4.14458695709e-09	1.0220701374e-13
4.14564584341e-09	6.85354212076e-14
4.14670472973e-09	7.20162116248e-14
4.14776361606e-09	1.08456551574e-13
4.14882250238e-09	1.85328762428e-13
4.1498813887e-09	2.74993949053e-13
4.15094027503e-09	3.73775852934e-13
4.15199916135e-09	4.58792400772e-13
4.15305804767e-09	5.16917509231e-13
4.154116934e-09	5.41671904813e-13
4.15517582032e-09	5.18255414712e-13
4.15623470664e-09	4.59531338762e-13
4.15729359296e-09	3.73558714344e-13
4.15835247929e-09	2.74044973997e-13
4.15941136561e-09	1.69856479142e-13
4.16047025193e-09	9.21000878644e-14
4.16152913826e-09	5.01741423203e-14
4.16258802458e-09	4.5136684917e-14
4.1636469109e-09	8.21163815656e-14
4.16470579723e-09	1.53677716169e-13
4.16576468355e-09	2.4998224519e-13
4.16682356987e-09	3.44315532032e-13
4.1678824562e-09	4.32537008597e-13
4.16894134252e-09	4.93911714913e-13
4.17000022884e-09	5.24703923973e-13
4.17105911516e-09	5.13422475108e-13
4.17211800149e-09	4.63476858888e-13
4.17317688781e-09	3.82753426393e-13
4.17423577413e-09	2.84845552093e-13
4.17529466046e-09	1.86137888956e-13
4.17635354678e-09	1.1105915856e-13
4.1774124331e-09	6.16551961937e-14
4.17847131943e-09	4.75475507491e-14
4.17953020575e-09	7.07491519796e-14
4.18058909207e-09	1.28516256881e-13
4.1816479784e-09	2.14784624548e-13
4.18270686472e-09	3.03185753413e-13
4.18376575104e-09	3.89276284818e-13
4.18482463736e-09	4.59603221366e-13
4.18588352369e-09	4.92197211807e-13
4.18694241001e-09	4.8742769803e-13
4.18800129633e-09	4.57548170359e-13
4.18906018266e-09	3.95602089498e-13
4.19011906898e-09	3.19755669425e-13
4.1911779553e-09	2.32036991617e-13
4.19223684163e-09	1.51674124107e-13
4.19329572795e-09	9.84551660034e-14
4.19435461427e-09	6.50081998324e-14
4.19541350059e-09	7.47771392333e-14
4.19647238692e-09	1.09184396821e-13
4.19753127324e-09	1.69390245103e-13
4.19859015956e-09	2.48027509989e-13
4.19964904589e-09	3.23180338827e-13
4.20070793221e-09	3.96487313467e-13
4.20176681853e-09	4.45869659553e-13
4.20282570486e-09	4.68890063495e-13
4.20388459118e-09	4.65754279762e-13
4.2049434775e-09	4.24072831972e-13
4.20600236383e-09	3.65876898006e-13
4.20706125015e-09	2.86623508131e-13
4.20812013647e-09	2.10489760929e-13
4.20917902279e-09	1.46658591304e-13
4.21023790912e-09	9.48386334743e-14
4.21129679544e-09	7.30891109896e-14
4.21235568176e-09	8.36180625609e-14
4.21341456809e-09	1.19126483309e-13
4.21447345441e-09	1.8544605955e-13
4.21553234073e-09	2.61300800875e-13
4.21659122706e-09	3.40445120012e-13
4.21765011338e-09	4.09866883272e-13
4.2187089997e-09	4.50159955969e-13
4.21976788603e-09	4.77536521611e-13
4.22082677235e-09	4.59217245393e-13
4.22188565867e-09	4.19184489637e-13
4.22294454499e-09	3.50775208576e-13
4.22400343132e-09	2.67478178278e-13
4.22506231764e-09	1.88861472576e-13
4.22612120396e-09	1.14607460891e-13
4.22718009029e-09	6.72676636073e-14
4.22823897661e-09	5.30956436587e-14
4.22929786293e-09	6.91708043382e-14
4.23035674926e-09	1.21262063433e-13
4.23141563558e-09	1.94369328033e-13
4.2324745219e-09	2.84644297065e-13
4.23353340822e-09	3.7292315503e-13
4.23459229455e-09	4.4623517121e-13
4.23565118087e-09	4.89217390556e-13
4.23671006719e-09	5.02507107106e-13
4.23776895352e-09	4.69182960712e-13
4.23882783984e-09	4.04894244218e-13
4.23988672616e-09	3.16951109455e-13
4.24094561249e-09	2.24883845812e-13
4.24200449881e-09	1.37944953312e-13
4.24306338513e-09	7.00751238178e-14
4.24412227146e-09	3.62128844977e-14
4.24518115778e-09	3.92153994553e-14
4.2462400441e-09	7.83071456528e-14
4.24729893042e-09	1.52216265851e-13
4.24835781675e-09	2.45900495062e-13
4.24941670307e-09	3.43286813906e-13
4.25047558939e-09	4.23720520476e-13
4.25153447572e-09	4.86860822924e-13
4.25259336204e-09	5.13310422813e-13
4.25365224836e-09	4.94426006213e-13
4.25471113469e-09	4.47394129122e-13
4.25577002101e-09	3.58428564606e-13
4.25682890733e-09	2.61042218657e-13
4.25788779366e-09	1.66124817895e-13
4.25894667998e-09	8.56914704668e-14
4.2600055663e-09	4.08454398234e-14
4.26106445262e-09	2.53579658492e-14
4.26212333895e-09	5.24141683831e-14
4.26318222527e-09	1.18369032566e-13
4.26424111159e-09	2.00617639363e-13
4.26529999792e-09	3.00234365364e-13
4.26635888424e-09	3.94271773433e-13
4.26741777056e-09	4.67421565863e-13
4.26847665689e-09	5.06259205564e-13
4.26953554321e-09	5.07218182386e-13
4.27059442953e-09	4.67592219285e-13
4.27165331586e-09	4.0114230839e-13
4.27271220218e-09	3.08556945185e-13
4.2737710885e-09	2.12823899129e-13
4.27482997482e-09	1.23102591489e-13
4.27588886115e-09	5.43831811723e-14
4.27694774747e-09	2.93270690664e-14
4.27800663379e-09	3.28004733563e-14
4.27906552012e-09	8.03814141442e-14
4.28012440644e-09	1.55602188578e-13
4.28118329276e-09	2.49368071765e-13
4.28224217909e-09	3.42122516298e-13
4.28330106541e-09	4.23072438627e-13
4.28435995173e-09	4.83735881213e-13
4.28541883805e-09	5.05608792681e-13
4.28647772438e-09	4.91686281533e-13
4.2875366107e-09	4.36552107397e-13
4.28859549702e-09	3.5420069113e-13
4.28965438335e-09	2.54920460825e-13
4.29071326967e-09	1.60046279073e-13
4.29177215599e-09	8.22584798128e-14
4.29283104232e-09	2.99548322887e-14
4.29388992864e-09	2.18974229076e-14
4.29494881496e-09	4.58159782357e-14
4.29600770129e-09	1.1229682955e-13
4.29706658761e-09	1.94210478862e-13
4.29812547393e-09	2.9549881422e-13
4.29918436025e-09	3.91083785365e-13
4.30024324658e-09	4.60566155526e-13
4.3013021329e-09	5.05030587662e-13
4.30236101922e-09	5.03779255725e-13
4.30341990555e-09	4.65393186228e-13
4.30447879187e-09	3.91321496691e-13
4.30553767819e-09	2.93314878679e-13
4.30659656452e-09	1.9709541887e-13
4.30765545084e-09	1.03578908959e-13
4.30871433716e-09	3.79304301455e-14
4.30977322349e-09	1.06017227129e-14
4.31083210981e-09	1.80480579619e-14
4.31189099613e-09	6.58909030311e-14
4.31294988245e-09	1.46654986332e-13
4.31400876878e-09	2.40311080497e-13
4.3150676551e-09	3.414671974e-13
4.31612654142e-09	4.26746122164e-13
4.31718542775e-09	4.82429254964e-13
4.31824431407e-09	5.02645288673e-13
4.31930320039e-09	4.76894240244e-13
4.32036208672e-09	4.20667271633e-13
4.32142097304e-09	3.30926421249e-13
4.32247985936e-09	2.29216114405e-13
4.32353874569e-09	1.34924298296e-13
4.32459763201e-09	5.65293458202e-14
4.32565651833e-09	1.28238823098e-14
4.32671540465e-09	1.20357198464e-14
4.32777429098e-09	4.17652600059e-14
4.3288331773e-09	1.13231262745e-13
4.32989206362e-09	1.97654541931e-13
4.33095094995e-09	2.95875140794e-13
4.33200983627e-09	3.83462711454e-13
4.33306872259e-09	4.45387433531e-13
4.33412760892e-09	4.80573697156e-13
4.33518649524e-09	4.75219364728e-13
4.33624538156e-09	4.32999637664e-13
4.33730426788e-09	3.59778965517e-13
4.33836315421e-09	2.63211571679e-13
4.33942204053e-09	1.7010234909e-13
4.34048092685e-09	8.7698199939e-14
4.34153981318e-09	3.00193389298e-14
4.3425986995e-09	1.29909773463e-14
4.34365758582e-09	2.47377412202e-14
4.34471647215e-09	7.74147795022e-14
4.34577535847e-09	1.54066971854e-13
4.34683424479e-09	2.42483252444e-13
4.34789313112e-09	3.36171249258e-13
4.34895201744e-09	4.05332912417e-13
4.35001090376e-09	4.54758518169e-13
4.35106979008e-09	4.65940708325e-13
4.35212867641e-09	4.36013286023e-13
4.35318756273e-09	3.8624317503e-13
4.35424644905e-09	3.04447791847e-13
4.35530533538e-09	2.11463184745e-13
4.3563642217e-09	1.26976554271e-13
4.35742310802e-09	5.72705809642e-14
4.35848199435e-09	1.76903898296e-14
4.35954088067e-09	1.22863289434e-14
4.36059976699e-09	4.64148847395e-14
4.36165865332e-09	1.09704325973e-13
4.36271753964e-09	1.91497303583e-13
4.36377642596e-09	2.83928317055e-13
4.36483531228e-09	3.61432346725e-13
4.36589419861e-09	4.16776259771e-13
4.36695308493e-09	4.48242571532e-13
4.36801197125e-09	4.45098574968e-13
4.36907085758e-09	4.04249252345e-13
4.3701297439e-09	3.38968409548e-13
4.37118863022e-09	2.49859513505e-13
4.37224751655e-09	1.69193638592e-13
4.37330640287e-09	9.48309491914e-14
4.37436528919e-09	3.80877783739e-14
4.37542417551e-09	1.84942156262e-14
4.37648306184e-09	2.4731644277e-14
4.37754194816e-09	7.65787444307e-14
4.37860083448e-09	1.45369447816e-13
4.37965972081e-09	2.29356084906e-13
4.38071860713e-09	3.17447999311e-13
4.38177749345e-09	3.88129144709e-13
4.38283637978e-09	4.32316780031e-13
4.3838952661e-09	4.42655135637e-13
4.38495415242e-09	4.19095557954e-13
4.38601303875e-09	3.66368393956e-13
4.38707192507e-09	2.90204600802e-13
4.38813081139e-09	2.03132107489e-13
4.38918969771e-09	1.22971985784e-13
4.39024858404e-09	5.62801521153e-14
4.39130747036e-09	2.4185590935e-14
4.39236635668e-09	1.72515302011e-14
4.39342524301e-09	5.3211548259e-14
4.39448412933e-09	1.10854854213e-13
4.39554301565e-09	1.80682874803e-13
4.39660190198e-09	2.7462567268e-13
4.3976607883e-09	3.48045323031e-13
4.39871967462e-09	4.07729080533e-13
4.39977856095e-09	4.37500946929e-13
4.40083744727e-09	4.26639057199e-13
4.40189633359e-09	3.90014219922e-13
4.40295521991e-09	3.16866379056e-13
4.40401410624e-09	2.42371281465e-13
4.40507299256e-09	1.59619428677e-13
4.40613187888e-09	8.62709629754e-14
4.40719076521e-09	4.01981067519e-14
4.40824965153e-09	2.16654493825e-14
4.40930853785e-09	3.62448684618e-14
4.41036742418e-09	8.20180986387e-14
4.4114263105e-09	1.53150848123e-13
4.41248519682e-09	2.39142364765e-13
4.41354408315e-09	3.16083151406e-13
4.41460296947e-09	3.78559678179e-13
4.41566185579e-09	4.17873255529e-13
4.41672074211e-09	4.28079853466e-13
4.41777962844e-09	4.04351411295e-13
4.41883851476e-09	3.45095181814e-13
4.41989740108e-09	2.72474859515e-13
4.42095628741e-09	1.89188400189e-13
4.42201517373e-09	1.11149567469e-13
4.42307406005e-09	5.60032977024e-14
4.42413294638e-09	2.81420750554e-14
4.4251918327e-09	3.32870666794e-14
4.42625071902e-09	7.12936112056e-14
4.42730960534e-09	1.31542278697e-13
4.42836849167e-09	2.07588015787e-13
4.42942737799e-09	2.8444466834e-13
4.43048626431e-09	3.52569861327e-13
4.43154515064e-09	3.99359256602e-13
4.43260403696e-09	4.18193989637e-13
4.43366292328e-09	3.98926172044e-13
4.43472180961e-09	3.5534124471e-13
4.43578069593e-09	2.905558552e-13
4.43683958225e-09	2.16533944095e-13
4.43789846858e-09	1.47193238501e-13
4.4389573549e-09	8.7272975847e-14
4.44001624122e-09	5.25398172505e-14
4.44107512754e-09	4.42996638992e-14
4.44213401387e-09	6.557095497e-14
4.44319290019e-09	1.18998005351e-13
4.44425178651e-09	1.87661491164e-13
4.44531067284e-09	2.60358954448e-13
4.44636955916e-09	3.21421790008e-13
4.44742844548e-09	3.6809452513e-13
4.44848733181e-09	3.92478367514e-13
4.44954621813e-09	3.8890787292e-13
4.45060510445e-09	3.61150860736e-13
4.45166399078e-09	3.08485414947e-13
4.4527228771e-09	2.45432878665e-13
4.45378176342e-09	1.74154215896e-13
4.45484064974e-09	1.21614429139e-13
4.45589953607e-09	8.30525156027e-14
4.45695842239e-09	6.78422229961e-14
4.45801730871e-09	7.4095155738e-14
4.45907619504e-09	1.1166815492e-13
4.46013508136e-09	1.6228966955e-13
4.46119396768e-09	2.19044210938e-13
4.46225285401e-09	2.85603436517e-13
4.46331174033e-09	3.37123476921e-13
4.46437062665e-09	3.6875081981e-13
4.46542951298e-09	3.71790895596e-13
4.4664883993e-09	3.57917580122e-13
4.46754728562e-09	3.258814117e-13
4.46860617194e-09	2.69668673242e-13
4.46966505827e-09	2.12595688124e-13
4.47072394459e-09	1.56219140271e-13
4.47178283091e-09	1.15456445402e-13
4.47284171724e-09	8.70761796001e-14
4.47390060356e-09	8.09356176371e-14
4.47495948988e-09	1.02433713638e-13
4.47601837621e-09	1.41256432007e-13
4.47707726253e-09	1.89304545347e-13
4.47813614885e-09	2.44410991012e-13
4.47919503517e-09	2.9539424292e-13
4.4802539215e-09	3.3061533654e-13
4.48131280782e-09	3.53227158894e-13
4.48237169414e-09	3.57202521685e-13
4.48343058047e-09	3.37658124117e-13
4.48448946679e-09	2.94332565048e-13
4.48554835311e-09	2.40915252157e-13
4.48660723944e-09	1.88963712841e-13
4.48766612576e-09	1.32247728393e-13
4.48872501208e-09	1.02863836969e-13
4.48978389841e-09	9.27868486255e-14
4.49084278473e-09	9.42411635383e-14
4.49190167105e-09	1.22487184783e-13
4.49296055737e-09	1.64015909144e-13
4.4940194437e-09	2.17782985656e-13
4.49507833002e-09	2.68105768706e-13
4.49613721634e-09	3.0794529253e-13
4.49719610267e-09	3.39265020157e-13
4.49825498899e-09	3.47711985073e-13
4.49931387531e-09	3.36085732812e-13
4.50037276164e-09	3.06051082914e-13
4.50143164796e-09	2.6085888007e-13
4.50249053428e-09	2.06201226341e-13
4.50354942061e-09	1.54047402005e-13
4.50460830693e-09	1.11107974763e-13
4.50566719325e-09	8.79989711742e-14
4.50672607957e-09	9.12595940115e-14
4.5077849659e-09	1.11238993819e-13
4.50884385222e-09	1.52955325814e-13
4.50990273854e-09	1.98204354405e-13
4.51096162487e-09	2.48490708262e-13
4.51202051119e-09	2.89671742539e-13
4.51307939751e-09	3.19887237359e-13
4.51413828384e-09	3.30785800227e-13
4.51519717016e-09	3.21640121221e-13
4.51625605648e-09	2.99889236707e-13
4.5173149428e-09	2.55250329336e-13
4.51837382913e-09	2.10832680524e-13
4.51943271545e-09	1.65047310671e-13
4.52049160177e-09	1.28091398707e-13
4.5215504881e-09	1.07565567781e-13
4.52260937442e-09	1.03111245128e-13
4.52366826074e-09	1.14614725046e-13
4.52472714707e-09	1.42529339568e-13
4.52578603339e-09	1.84943558948e-13
4.52684491971e-09	2.33416259411e-13
4.52790380604e-09	2.72828417844e-13
4.52896269236e-09	2.94587759134e-13
4.53002157868e-09	3.08311536024e-13
4.531080465e-09	3.0144273579e-13
4.53213935133e-09	2.81219437927e-13
4.53319823765e-09	2.50035587937e-13
4.53425712397e-09	2.15268991868e-13
4.5353160103e-09	1.78607373032e-13
4.53637489662e-09	1.46494009414e-13
4.53743378294e-09	1.23161504324e-13
4.53849266927e-09	1.19439695764e-13
4.53955155559e-09	1.26365660557e-13
4.54061044191e-09	1.4650921535e-13
4.54166932824e-09	1.77853554367e-13
4.54272821456e-09	2.10773483085e-13
4.54378710088e-09	2.37663594317e-13
4.5448459872e-09	2.60814129625e-13
4.54590487353e-09	2.73611618388e-13
4.54696375985e-09	2.8205679437e-13
4.54802264617e-09	2.67218267912e-13
4.5490815325e-09	2.43697613088e-13
4.55014041882e-09	2.14379295566e-13
4.55119930514e-09	1.79084232253e-13
4.55225819147e-09	1.59325894492e-13
4.55331707779e-09	1.39890147534e-13
4.55437596411e-09	1.27936073194e-13
4.55543485044e-09	1.33578329062e-13
4.55649373676e-09	1.40902385788e-13
4.55755262308e-09	1.66995012111e-13
4.5586115094e-09	1.90499485219e-13
4.55967039573e-09	2.17062343577e-13
4.56072928205e-09	2.40684154464e-13
4.56178816837e-09	2.51593505144e-13
4.5628470547e-09	2.55299877376e-13
4.56390594102e-09	2.4865436858e-13
4.56496482734e-09	2.31427886837e-13
4.56602371367e-09	2.14207761229e-13
4.56708259999e-09	1.85182422239e-13
4.56814148631e-09	1.6294317241e-13
4.56920037263e-09	1.45998271524e-13
4.57025925896e-09	1.260403728e-13
4.57131814528e-09	1.32230936812e-13
4.5723770316e-09	1.43666030678e-13
4.57343591793e-09	1.61555705337e-13
4.57449480425e-09	1.84206979097e-13
4.57555369057e-09	1.9901903747e-13
4.5766125769e-09	2.27114605334e-13
4.57767146322e-09	2.31528067118e-13
4.57873034954e-09	2.32517699756e-13
4.57978923587e-09	2.30409495736e-13
4.58084812219e-09	2.14797824709e-13
4.58190700851e-09	2.04542193729e-13
4.58296589483e-09	1.78940589017e-13
4.58402478116e-09	1.64197878926e-13
4.58508366748e-09	1.46651259387e-13
4.5861425538e-09	1.37289254943e-13
4.58720144013e-09	1.39948057483e-13
4.58826032645e-09	1.47794808076e-13
4.58931921277e-09	1.58613329719e-13
4.5903780991e-09	1.78598374154e-13
4.59143698542e-09	2.02449764852e-13
4.59249587174e-09	2.13440200301e-13
4.59355475807e-09	2.22866552145e-13
4.59461364439e-09	2.19108504127e-13
4.59567253071e-09	2.12820863363e-13
4.59673141703e-09	1.97263266919e-13
4.59779030336e-09	1.77321698991e-13
4.59884918968e-09	1.708832186e-13
4.599908076e-09	1.48277915011e-13
4.60096696233e-09	1.45215355582e-13
4.60202584865e-09	1.42086592058e-13
4.60308473497e-09	1.48102613073e-13
4.6041436213e-09	1.66001489898e-13
4.60520250762e-09	1.7158182427e-13
4.60626139394e-09	1.8808250042e-13
4.60732028027e-09	1.93949755345e-13
4.60837916659e-09	2.02695187566e-13
4.60943805291e-09	2.06293573261e-13
4.61049693923e-09	1.98691567756e-13
4.61155582556e-09	1.92148366988e-13
4.61261471188e-09	1.78389218002e-13
4.6136735982e-09	1.63446879187e-13
4.61473248453e-09	1.50057687088e-13
4.61579137085e-09	1.46969296542e-13
4.61685025717e-09	1.45131329914e-13
4.6179091435e-09	1.54182764646e-13
4.61896802982e-09	1.5875882965e-13
4.62002691614e-09	1.72289266187e-13
4.62108580246e-09	1.87424010231e-13
4.62214468879e-09	1.87776918038e-13
4.62320357511e-09	2.0213823291e-13
4.62426246143e-09	1.92012475798e-13
4.62532134776e-09	1.94791936487e-13
4.62638023408e-09	1.81678375686e-13
4.6274391204e-09	1.67335492251e-13
4.62849800673e-09	1.64303154957e-13
4.62955689305e-09	1.42305912605e-13
4.63061577937e-09	1.43812994282e-13
4.6316746657e-09	1.35530990727e-13
4.63273355202e-09	1.41018097265e-13
4.63379243834e-09	1.51130247639e-13
4.63485132466e-09	1.57867872962e-13
4.63591021099e-09	1.75677425081e-13
4.63696909731e-09	1.84653833023e-13
4.63802798363e-09	1.95606700867e-13
4.63908686996e-09	1.96918084052e-13
4.64014575628e-09	1.9579264154e-13
4.6412046426e-09	1.83185850386e-13
4.64226352893e-09	1.72941955895e-13
4.64332241525e-09	1.57780906396e-13
4.64438130157e-09	1.41970989001e-13
4.6454401879e-09	1.36094762304e-13
4.64649907422e-09	1.21996217382e-13
4.64755796054e-09	1.32778662197e-13
4.64861684686e-09	1.34443413975e-13
4.64967573319e-09	1.47521141895e-13
4.65073461951e-09	1.61808107603e-13
4.65179350583e-09	1.66398524733e-13
4.65285239216e-09	1.85312214792e-13
4.65391127848e-09	1.85559819463e-13
4.6549701648e-09	1.98478101901e-13
4.65602905113e-09	1.95145101792e-13
4.65708793745e-09	1.82433644472e-13
4.65814682377e-09	1.72039791267e-13
4.65920571009e-09	1.49627163958e-13
4.66026459642e-09	1.34605962986e-13
4.66132348274e-09	1.20534983904e-13
4.66238236906e-09	1.13636252914e-13
4.66344125539e-09	1.11093161851e-13
4.66450014171e-09	1.22847532927e-13
4.66555902803e-09	1.33967015541e-13
4.66661791436e-09	1.47993447466e-13
4.66767680068e-09	1.67629988666e-13
4.668735687e-09	1.79187678692e-13
4.66979457333e-09	1.98596469673e-13
4.67085345965e-09	1.92506804226e-13
4.67191234597e-09	1.98194393297e-13
4.67297123229e-09	1.88015781329e-13
4.67403011862e-09	1.6947351183e-13
4.67508900494e-09	1.55237503624e-13
4.67614789126e-09	1.24543170915e-13
4.67720677759e-09	1.15931651215e-13
4.67826566391e-09	9.33960143923e-14
4.67932455023e-09	9.25306448758e-14
4.68038343656e-09	1.00033161279e-13
4.68144232288e-09	1.10133581942e-13
4.6825012092e-09	1.36930858362e-13
4.68356009553e-09	1.53389982465e-13
4.68461898185e-09	1.78179953431e-13
4.68567786817e-09	1.89761211302e-13
4.68673675449e-09	2.03601526372e-13
4.68779564082e-09	2.01952224475e-13
4.68885452714e-09	1.86888671856e-13
4.68991341346e-09	1.67604035576e-13
4.69097229979e-09	1.42437778694e-13
4.69203118611e-09	1.25303115323e-13
4.69309007243e-09	9.69290430254e-14
4.69414895876e-09	8.80875640442e-14
4.69520784508e-09	7.2209341913e-14
4.6962667314e-09	7.85794430284e-14
4.69732561773e-09	8.88032662271e-14
4.69838450405e-09	1.05077235704e-13
4.69944339037e-09	1.43417124964e-13
4.70050227669e-09	1.63282771635e-13
4.70156116302e-09	1.90573969908e-13
4.70262004934e-09	2.00767570971e-13
4.70367893566e-09	2.04481058279e-13
4.70473782199e-09	1.96989817579e-13
4.70579670831e-09	1.72333759134e-13
4.70685559463e-09	1.48305887428e-13
4.70791448096e-09	1.10780952283e-13
4.70897336728e-09	8.76104269969e-14
4.7100322536e-09	6.37524836524e-14
4.71109113992e-09	5.35154399636e-14
4.71215002625e-09	5.57045017481e-14
4.71320891257e-09	6.99208079673e-14
4.71426779889e-09	9.53123756135e-14
4.71532668522e-09	1.19472574195e-13
4.71638557154e-09	1.50386593369e-13
4.71744445786e-09	1.73588316573e-13
4.71850334419e-09	1.99303911591e-13
4.71956223051e-09	2.01975372191e-13
4.72062111683e-09	1.98733607695e-13
4.72168000316e-09	1.82777499191e-13
4.72273888948e-09	1.44076441858e-13
4.7237977758e-09	1.15540850542e-13
4.72485666212e-09	7.22898642531e-14
4.72591554845e-09	5.26551729736e-14
4.72697443477e-09	3.25171611642e-14
4.72803332109e-09	2.84501426324e-14
4.72909220742e-09	4.50602825452e-14
4.73015109374e-09	6.58884771287e-14
4.73120998006e-09	1.07861473659e-13
4.73226886639e-09	1.35073159255e-13
4.73332775271e-09	1.70241560649e-13
4.73438663903e-09	1.86091363131e-13
4.73544552536e-09	1.94520425158e-13
4.73650441168e-09	1.93368758505e-13
4.737563298e-09	1.71375961382e-13
4.73862218432e-09	1.45864535186e-13
4.73968107065e-09	1.04410166765e-13
4.74073995697e-09	7.84936961891e-14
4.74179884329e-09	3.68040728373e-14
4.74285772962e-09	2.4420208897e-14
4.74391661594e-09	1.64942353124e-14
4.74497550226e-09	2.40767488954e-14
4.74603438859e-09	5.33558589563e-14
4.74709327491e-09	7.42659717902e-14
4.74815216123e-09	1.21307003613e-13
4.74921104756e-09	1.4700441114e-13
4.75026993388e-09	1.7622436442e-13
4.7513288202e-09	1.87513253622e-13
4.75238770652e-09	1.80994582928e-13
4.75344659285e-09	1.68543008868e-13
4.75450547917e-09	1.32320234414e-13
4.75556436549e-09	1.04649355316e-13
4.75662325182e-09	6.44175197125e-14
4.75768213814e-09	3.75604969761e-14
4.75874102446e-09	1.74438439496e-14
4.75979991079e-09	5.4609615949e-15
4.76085879711e-09	7.9915644279e-15
4.76191768343e-09	2.46245454312e-14
4.76297656975e-09	5.78601768819e-14
4.76403545608e-09	8.58986953832e-14
4.7650943424e-09	1.25895374312e-13
4.76615322872e-09	1.46482191611e-13
4.76721211505e-09	1.70339233712e-13
4.76827100137e-09	1.71454213674e-13
4.76932988769e-09	1.56381364021e-13
4.77038877402e-09	1.42081835121e-13
4.77144766034e-09	9.84463839658e-14
4.77250654666e-09	7.25782417022e-14
4.77356543299e-09	3.43593697331e-14
4.77462431931e-09	1.16291948537e-14
4.77568320563e-09	-1.89411855951e-15
4.77674209195e-09	-7.77305618553e-15
4.77780097828e-09	1.23939131392e-14
4.7788598646e-09	2.70852947275e-14
4.77991875092e-09	5.74686375961e-14
4.78097763725e-09	9.07548707951e-14
4.78203652357e-09	1.22742094266e-13
4.78309540989e-09	1.43843568784e-13
4.78415429622e-09	1.51169251813e-13
4.78521318254e-09	1.48688041588e-13
4.78627206886e-09	1.34199983483e-13
4.78733095519e-09	1.15287065918e-13
4.78838984151e-09	7.46558508915e-14
4.78944872783e-09	4.50263978392e-14
4.79050761415e-09	1.33375612055e-14
4.79156650048e-09	-8.83921909734e-15
4.7926253868e-09	-1.71710264958e-14
4.79368427312e-09	-1.93365272118e-14
4.79474315945e-09	8.46649495439e-15
4.79580204577e-09	2.71011393259e-14
4.79686093209e-09	6.14473004272e-14
4.79791981842e-09	9.32004717543e-14
4.79897870474e-09	1.16440440189e-13
4.80003759106e-09	1.35245235692e-13
4.80109647738e-09	1.35688552408e-13
4.80215536371e-09	1.34435255354e-13
4.80321425003e-09	1.10939855664e-13
4.80427313635e-09	8.66349770786e-14
4.80533202268e-09	4.92813594295e-14
4.806390909e-09	1.24823899657e-14
4.80744979532e-09	-9.73830391326e-15
4.80850868165e-09	-3.10685247602e-14
4.80956756797e-09	-2.88733372335e-14
4.81062645429e-09	-2.28756612584e-14
4.81168534062e-09	-1.43302463385e-15
4.81274422694e-09	2.70087093966e-14
4.81380311326e-09	6.61821739447e-14
4.81486199958e-09	9.78553718091e-14
4.81592088591e-09	1.15717914309e-13
4.81697977223e-09	1.25953907677e-13
4.81803865855e-09	1.19186412584e-13
4.81909754488e-09	1.11562797574e-13
4.8201564312e-09	7.89100501521e-14
4.82121531752e-09	5.1165465636e-14
4.82227420385e-09	1.90108837011e-14
4.82333309017e-09	-1.22869413483e-14
4.82439197649e-09	-3.06965078898e-14
4.82545086282e-09	-4.79352953273e-14
4.82650974914e-09	-3.67906388948e-14
4.82756863546e-09	-2.76725375877e-14
4.82862752178e-09	-3.22948675316e-15
4.82968640811e-09	2.92972433423e-14
4.83074529443e-09	6.14228381156e-14
4.83180418075e-09	9.38089124609e-14
4.83286306708e-09	1.04925982724e-13
4.8339219534e-09	1.12882569774e-13
4.83498083972e-09	9.82212222797e-14
4.83603972605e-09	8.11458241096e-14
4.83709861237e-09	5.61105659548e-14
4.83815749869e-09	2.24972492892e-14
4.83921638502e-09	-4.67277583814e-15
4.84027527134e-09	-3.32749371676e-14
4.84133415766e-09	-4.34869899964e-14
4.84239304398e-09	-5.61081332762e-14
4.84345193031e-09	-4.83936519601e-14
4.84451081663e-09	-3.19430049631e-14
4.84556970295e-09	-5.91199943953e-15
4.84662858928e-09	2.58299207489e-14
4.8476874756e-09	5.4165239595e-14
4.84874636192e-09	8.32671876328e-14
4.84980524825e-09	9.23376975467e-14
4.85086413457e-09	9.71672964529e-14
4.85192302089e-09	8.3260662091e-14
4.85298190721e-09	5.98008987707e-14
4.85404079354e-09	2.85939959319e-14
4.85509967986e-09	-3.48060364642e-15
4.85615856618e-09	-3.20956572409e-14
4.85721745251e-09	-5.79008615684e-14
4.85827633883e-09	-6.54074640586e-14
4.85933522515e-09	-7.00356453062e-14
4.86039411148e-09	-5.25869359993e-14
4.8614529978e-09	-3.83921918508e-14
4.86251188412e-09	-1.02327729488e-14
4.86357077045e-09	2.4457330963e-14
4.86462965677e-09	4.68525737684e-14
4.86568854309e-09	7.52790028664e-14
4.86674742941e-09	7.93946885232e-14
4.86780631574e-09	8.04986706091e-14
4.86886520206e-09	6.23762651773e-14
4.86992408838e-09	3.45433012435e-14
4.87098297471e-09	6.30518662794e-15
4.87204186103e-09	-3.27667241755e-14
4.87310074735e-09	-6.17685224258e-14
4.87415963368e-09	-8.47363357866e-14
4.87521852e-09	-9.35257730636e-14
4.87627740632e-09	-8.82459998629e-14
4.87733629265e-09	-6.71456908629e-14
4.87839517897e-09	-3.73877835701e-14
4.87945406529e-09	-5.22019120909e-15
4.88051295161e-09	2.52718751145e-14
4.88157183794e-09	5.28500041039e-14
4.88263072426e-09	7.10383764617e-14
4.88368961058e-09	6.80454566933e-14
4.88474849691e-09	6.21470987194e-14
4.88580738323e-09	3.6131267791e-14
4.88686626955e-09	5.69922476318e-15
4.88792515588e-09	-3.14585326105e-14
4.8889840422e-09	-7.0386127211e-14
4.89004292852e-09	-9.09621431454e-14
4.89110181485e-09	-1.09758915552e-13
4.89216070117e-09	-1.05950438581e-13
4.89321958749e-09	-9.05874632034e-14
4.89427847381e-09	-6.91295978794e-14
4.89533736014e-09	-3.17528291258e-14
4.89639624646e-09	-1.13508047701e-15
4.89745513278e-09	3.10294731532e-14
4.89851401911e-09	4.56903124276e-14
4.89957290543e-09	5.14028008797e-14
4.90063179175e-09	4.97772870557e-14
4.90169067808e-09	2.80471599315e-14
4.9027495644e-09	-1.36276240384e-15
4.90380845072e-09	-3.56165733028e-14
4.90486733704e-09	-6.74092062009e-14
4.90592622337e-09	-9.69289210527e-14
4.90698510969e-09	-1.15557371072e-13
4.90804399601e-09	-1.24062489882e-13
4.90910288234e-09	-1.13059118545e-13
4.91016176866e-09	-9.38874764609e-14
4.91122065498e-09	-6.67578446407e-14
4.91227954131e-09	-2.88052154557e-14
4.91333842763e-09	-4.30043455409e-15
4.91439731395e-09	2.36938527338e-14
4.91545620028e-09	3.1396716146e-14
4.9165150866e-09	2.93276450488e-14
4.91757397292e-09	1.75027178216e-14
4.91863285924e-09	-7.01211100835e-15
4.91969174557e-09	-3.32021668731e-14
4.92075063189e-09	-7.28494413231e-14
4.92180951821e-09	-9.68417376455e-14
4.92286840454e-09	-1.18016287389e-13
4.92392729086e-09	-1.29899956351e-13
4.92498617718e-09	-1.30059266308e-13
4.92604506351e-09	-1.20024378891e-13
4.92710394983e-09	-9.51969013059e-14
4.92816283615e-09	-6.73970360315e-14
4.92922172248e-09	-3.51356618767e-14
4.9302806088e-09	-1.20357274697e-14
4.93133949512e-09	5.58669685966e-15
4.93239838144e-09	1.05248028039e-14
4.93345726777e-09	5.51826167972e-15
4.93451615409e-09	-8.49802914398e-15
4.93557504041e-09	-3.93648126791e-14
4.93663392674e-09	-6.71047080208e-14
4.93769281306e-09	-9.92793832712e-14
4.93875169938e-09	-1.2571699595e-13
4.93981058571e-09	-1.42426109968e-13
4.94086947203e-09	-1.46958698466e-13
4.94192835835e-09	-1.39111270246e-13
4.94298724467e-09	-1.25826852735e-13
4.944046131e-09	-1.00260681105e-13
4.94510501732e-09	-7.69703921368e-14
4.94616390364e-09	-4.53417346529e-14
4.94722278997e-09	-2.68122417985e-14
4.94828167629e-09	-1.33217276186e-14
4.94934056261e-09	-8.03959712524e-15
4.95039944894e-09	-2.06459706915e-14
4.95145833526e-09	-3.85817205549e-14
4.95251722158e-09	-7.24026348316e-14
4.95357610791e-09	-9.86229733947e-14
4.95463499423e-09	-1.3034366609e-13
4.95569388055e-09	-1.49674543592e-13
4.95675276687e-09	-1.60651548488e-13
4.9578116532e-09	-1.67073969134e-13
4.95887053952e-09	-1.53797574719e-13
4.95992942584e-09	-1.34078579944e-13
4.96098831217e-09	-1.03644882661e-13
4.96204719849e-09	-8.33267238846e-14
4.96310608481e-09	-5.6134401462e-14
4.96416497114e-09	-3.98048801765e-14
4.96522385746e-09	-3.10050514993e-14
4.96628274378e-09	-3.34191936548e-14
4.96734163011e-09	-5.19411513041e-14
4.96840051643e-09	-6.75689566148e-14
4.96945940275e-09	-1.02118468304e-13
4.97051828907e-09	-1.30394650698e-13
4.9715771754e-09	-1.59839752111e-13
4.97263606172e-09	-1.78918688133e-13
4.97369494804e-09	-1.83118196171e-13
4.97475383437e-09	-1.79449269572e-13
4.97581272069e-09	-1.59112659029e-13
4.97687160701e-09	-1.37634844385e-13
4.97793049334e-09	-1.07660862376e-13
4.97898937966e-09	-8.10890457971e-14
4.98004826598e-09	-6.25885519627e-14
4.98110715231e-09	-5.13895566726e-14
4.98216603863e-09	-5.53026286603e-14
4.98322492495e-09	-6.61649757878e-14
4.98428381127e-09	-8.63608907694e-14
4.9853426976e-09	-1.09958686579e-13
4.98640158392e-09	-1.37928663174e-13
4.98746047024e-09	-1.59314374843e-13
4.98851935657e-09	-1.81570917698e-13
4.98957824289e-09	-1.93337696113e-13
4.99063712921e-09	-1.91418902213e-13
4.99169601554e-09	-1.82764190609e-13
4.99275490186e-09	-1.64500723698e-13
4.99381378818e-09	-1.43630563714e-13
4.9948726745e-09	-1.18079686111e-13
4.99593156083e-09	-9.47321038345e-14
4.99699044715e-09	-7.79760167568e-14
4.99804933347e-09	-6.79421457788e-14
4.9991082198e-09	-7.82539045499e-14
5.00016710612e-09	-9.17522148211e-14
5.00122599244e-09	-1.16496425679e-13
5.00228487877e-09	-1.43770019219e-13
5.00334376509e-09	-1.70281716787e-13
5.00440265141e-09	-1.94715689969e-13
5.00546153774e-09	-2.0106536065e-13
5.00652042406e-09	-2.07940760964e-13
5.00757931038e-09	-2.02893826956e-13
5.0086381967e-09	-1.90283457936e-13
5.00969708303e-09	-1.72398648634e-13
5.01075596935e-09	-1.43342626722e-13
5.01181485567e-09	-1.24976960204e-13
5.012873742e-09	-1.07713364866e-13
5.01393262832e-09	-9.76743778089e-14
5.01499151464e-09	-9.63462098188e-14
5.01605040097e-09	-1.07352176465e-13
5.01710928729e-09	-1.24394513245e-13
5.01816817361e-09	-1.45856498537e-13
5.01922705994e-09	-1.67612627879e-13
5.02028594626e-09	-1.92618219551e-13
5.02134483258e-09	-2.15576227659e-13
5.0224037189e-09	-2.2541190648e-13
5.02346260523e-09	-2.23892031217e-13
5.02452149155e-09	-2.09618821324e-13
5.02558037787e-09	-1.91943168174e-13
5.0266392642e-09	-1.71720087152e-13
5.02769815052e-09	-1.47863085708e-13
5.02875703684e-09	-1.31376504185e-13
5.02981592317e-09	-1.21894736058e-13
5.03087480949e-09	-1.18314429434e-13
5.03193369581e-09	-1.1978712835e-13
5.03299258214e-09	-1.31656878867e-13
5.03405146846e-09	-1.54317707159e-13
5.03511035478e-09	-1.77038695119e-13
5.0361692411e-09	-2.01026871473e-13
5.03722812743e-09	-2.21836045085e-13
5.03828701375e-09	-2.33272494203e-13
5.03934590007e-09	-2.36875081182e-13
5.0404047864e-09	-2.33470496625e-13
5.04146367272e-09	-2.17908021271e-13
5.04252255904e-09	-1.98147894577e-13
5.04358144537e-09	-1.75221762013e-13
5.04464033169e-09	-1.59437404685e-13
5.04569921801e-09	-1.44724821862e-13
5.04675810433e-09	-1.39472133387e-13
5.04781699066e-09	-1.43305723191e-13
5.04887587698e-09	-1.51037602564e-13
5.0499347633e-09	-1.67338229861e-13
5.05099364963e-09	-1.83409778792e-13
5.05205253595e-09	-1.99650476815e-13
5.05311142227e-09	-2.24230424267e-13
5.0541703086e-09	-2.39092247519e-13
5.05522919492e-09	-2.51903668281e-13
5.05628808124e-09	-2.47770554074e-13
5.05734696757e-09	-2.43467355651e-13
5.05840585389e-09	-2.29839476444e-13
5.05946474021e-09	-2.1033413726e-13
5.06052362653e-09	-1.89583835826e-13
5.06158251286e-09	-1.68861046023e-13
5.06264139918e-09	-1.61239430011e-13
5.0637002855e-09	-1.58806724281e-13
5.06475917183e-09	-1.67888218518e-13
5.06581805815e-09	-1.76800617874e-13
5.06687694447e-09	-1.94693585798e-13
5.0679358308e-09	-2.18903332418e-13
5.06899471712e-09	-2.3500041431e-13
5.07005360344e-09	-2.50948567482e-13
5.07111248977e-09	-2.5757000699e-13
5.07217137609e-09	-2.62954236293e-13
5.07323026241e-09	-2.5912987576e-13
5.07428914873e-09	-2.47889897628e-13
5.07534803506e-09	-2.3613823028e-13
5.07640692138e-09	-2.15529688281e-13
5.0774658077e-09	-2.0186403818e-13
5.07852469403e-09	-1.86466632608e-13
5.07958358035e-09	-1.79755123004e-13
5.08064246667e-09	-1.84782717556e-13
5.081701353e-09	-1.92870594712e-13
5.08276023932e-09	-2.08893869542e-13
5.08381912564e-09	-2.24041447829e-13
5.08487801196e-09	-2.45477385164e-13
5.08593689829e-09	-2.60979605982e-13
5.08699578461e-09	-2.70334210746e-13
5.08805467093e-09	-2.7360771526e-13
5.08911355726e-09	-2.68732491772e-13
5.09017244358e-09	-2.64538364088e-13
5.0912313299e-09	-2.55143074637e-13
5.09229021623e-09	-2.4410080077e-13
5.09334910255e-09	-2.27388718748e-13
5.09440798887e-09	-2.20349617459e-13
5.0954668752e-09	-2.14181022093e-13
5.09652576152e-09	-2.08289088017e-13
5.09758464784e-09	-2.11180872052e-13
5.09864353416e-09	-2.23349916578e-13
5.09970242049e-09	-2.40805801948e-13
5.10076130681e-09	-2.52213587472e-13
5.10182019313e-09	-2.63836288971e-13
5.10287907946e-09	-2.78033862209e-13
5.10393796578e-09	-2.85075674004e-13
5.1049968521e-09	-2.89481465058e-13
5.10605573843e-09	-2.84108131986e-13
5.10711462475e-09	-2.74814242543e-13
5.10817351107e-09	-2.64885769569e-13
5.1092323974e-09	-2.54357163587e-13
5.11029128372e-09	-2.4586723716e-13
5.11135017004e-09	-2.38248873755e-13
5.11240905636e-09	-2.36565026466e-13
5.11346794269e-09	-2.39696012604e-13
5.11452682901e-09	-2.42546678271e-13
5.11558571533e-09	-2.52344694619e-13
5.11664460166e-09	-2.60504806745e-13
5.11770348798e-09	-2.70122872638e-13
5.1187623743e-09	-2.82595182064e-13
5.11982126063e-09	-2.89843615688e-13
5.12088014695e-09	-2.97723244712e-13
5.12193903327e-09	-2.97917615057e-13
5.1229979196e-09	-2.94759686494e-13
5.12405680592e-09	-2.9226469335e-13
5.12511569224e-09	-2.75387270496e-13
5.12617457856e-09	-2.68600679892e-13
5.12723346489e-09	-2.64339494304e-13
5.12829235121e-09	-2.54585225514e-13
5.12935123753e-09	-2.59207938317e-13
5.13041012386e-09	-2.58213562294e-13
5.13146901018e-09	-2.6987941504e-13
5.1325278965e-09	-2.7603795443e-13
5.13358678283e-09	-2.84158818437e-13
5.13464566915e-09	-2.96958584025e-13
5.13570455547e-09	-3.03176537694e-13
5.13676344179e-09	-3.11763581531e-13
5.13782232812e-09	-3.12783192359e-13
5.13888121444e-09	-3.0727940266e-13
5.13994010076e-09	-3.05780005266e-13
5.14099898709e-09	-3.0024244267e-13
5.14205787341e-09	-2.94281228075e-13
5.14311675973e-09	-2.84503648938e-13
5.14417564606e-09	-2.76558452788e-13
5.14523453238e-09	-2.76180499911e-13
5.1462934187e-09	-2.77167015467e-13
5.14735230503e-09	-2.79794525222e-13
5.14841119135e-09	-2.8762628672e-13
5.14947007767e-09	-2.99950467025e-13
5.15052896399e-09	-3.08909825887e-13
5.15158785032e-09	-3.21562221295e-13
5.15264673664e-09	-3.24995726945e-13
5.15370562296e-09	-3.30293870596e-13
5.15476450929e-09	-3.27062107865e-13
5.15582339561e-09	-3.20165606266e-13
5.15688228193e-09	-3.12173491267e-13
5.15794116826e-09	-3.06852904631e-13
5.15900005458e-09	-3.06000315147e-13
5.1600589409e-09	-3.00388755753e-13
5.16111782723e-09	-2.97244433928e-13
5.16217671355e-09	-2.99415955354e-13
5.16323559987e-09	-3.02091088689e-13
5.16429448619e-09	-3.12730988024e-13
5.16535337252e-09	-3.15710592435e-13
5.16641225884e-09	-3.22631244637e-13
5.16747114516e-09	-3.32181466578e-13
5.16853003149e-09	-3.41967339862e-13
5.16958891781e-09	-3.44603170868e-13
5.17064780413e-09	-3.42504697564e-13
5.17170669046e-09	-3.40693863095e-13
5.17276557678e-09	-3.34854946505e-13
5.1738244631e-09	-3.27178659599e-13
5.17488334943e-09	-3.21894583471e-13
5.17594223575e-09	-3.19470686884e-13
5.17700112207e-09	-3.18964418679e-13
5.17806000839e-09	-3.25783345613e-13
5.17911889472e-09	-3.25102575069e-13
5.18017778104e-09	-3.30218139074e-13
5.18123666736e-09	-3.37282990166e-13
5.18229555369e-09	-3.39497202052e-13
5.18335444001e-09	-3.47895486291e-13
5.18441332633e-09	-3.45668914499e-13
5.18547221266e-09	-3.51829269928e-13
5.18653109898e-09	-3.52465913444e-13
5.1875899853e-09	-3.48796729346e-13
5.18864887162e-09	-3.51785549475e-13
5.18970775795e-09	-3.45251090087e-13
5.19076664427e-09	-3.45712092851e-13
5.19182553059e-09	-3.46317348713e-13
5.19288441692e-09	-3.43516122665e-13
5.19394330324e-09	-3.44861780192e-13
5.19500218956e-09	-3.5199477339e-13
5.19606107589e-09	-3.56747834399e-13
5.19711996221e-09	-3.60217606611e-13
5.19817884853e-09	-3.62993326803e-13
5.19923773486e-09	-3.64167978542e-13
5.20029662118e-09	-3.64323127873e-13
5.2013555075e-09	-3.59945824232e-13
5.20241439382e-09	-3.63562126368e-13
5.20347328015e-09	-3.62291902208e-13
5.20453216647e-09	-3.59994640434e-13
5.20559105279e-09	-3.63783737292e-13
5.20664993912e-09	-3.62689750195e-13
5.20770882544e-09	-3.66201345506e-13
5.20876771176e-09	-3.68984817744e-13
5.20982659809e-09	-3.70528802952e-13
5.21088548441e-09	-3.75295362278e-13
5.21194437073e-09	-3.74753559348e-13
5.21300325706e-09	-3.78362272069e-13
5.21406214338e-09	-3.82461315222e-13
5.2151210297e-09	-3.84153646393e-13
5.21617991602e-09	-3.84584020446e-13
5.21723880235e-09	-3.80928443086e-13
5.21829768867e-09	-3.76969722798e-13
5.21935657499e-09	-3.76969749903e-13
5.22041546132e-09	-3.71613221965e-13
5.22147434764e-09	-3.71856787983e-13
5.22253323396e-09	-3.76110384157e-13
5.22359212029e-09	-3.81542806247e-13
5.22465100661e-09	-3.86068997951e-13
5.22570989293e-09	-3.85401861249e-13
5.22676877925e-09	-3.92875022879e-13
5.22782766558e-09	-3.9739717593e-13
5.2288865519e-09	-4.01418942574e-13
5.22994543822e-09	-4.0047877666e-13
5.23100432455e-09	-3.95486540652e-13
5.23206321087e-09	-3.95473801276e-13
5.23312209719e-09	-3.90561308338e-13
5.23418098352e-09	-3.85895606919e-13
5.23523986984e-09	-3.86242443194e-13
5.23629875616e-09	-3.82826908195e-13
5.23735764249e-09	-3.85713244113e-13
5.23841652881e-09	-3.88431799746e-13
5.23947541513e-09	-3.93316238953e-13
5.24053430145e-09	-4.0091814959e-13
5.24159318778e-09	-4.11347415548e-13
5.2426520741e-09	-4.17842464188e-13
5.24371096042e-09	-4.22678846134e-13
5.24476984675e-09	-4.20839985039e-13
5.24582873307e-09	-4.20646997052e-13
5.24688761939e-09	-4.17263527333e-13
5.24794650572e-09	-4.09717154952e-13
5.24900539204e-09	-4.06980249197e-13
5.25006427836e-09	-4.00465495183e-13
5.25112316469e-09	-4.0090812072e-13
5.25218205101e-09	-3.97187518335e-13
5.25324093733e-09	-3.94647883166e-13
5.25429982365e-09	-4.01822076047e-13
5.25535870998e-09	-4.06745736268e-13
5.2564175963e-09	-4.16222395092e-13
5.25747648262e-09	-4.20934744309e-13
5.25853536895e-09	-4.29736460176e-13
5.25959425527e-09	-4.3934311484e-13
5.26065314159e-09	-4.40488709961e-13
5.26171202792e-09	-4.40353184689e-13
5.26277091424e-09	-4.37637719033e-13
5.26382980056e-09	-4.30110211769e-13
5.26488868689e-09	-4.23524713564e-13
5.26594757321e-09	-4.12171598935e-13
5.26700645953e-09	-4.07769223118e-13
5.26806534585e-09	-4.02196342637e-13
5.26912423218e-09	-4.05347332305e-13
5.2701831185e-09	-4.13031913359e-13
5.27124200482e-09	-4.16852858655e-13
5.27230089115e-09	-4.28303280429e-13
5.27335977747e-09	-4.40662317833e-13
5.27441866379e-09	-4.46709482555e-13
5.27547755012e-09	-4.55588420722e-13
5.27653643644e-09	-4.56381894082e-13
5.27759532276e-09	-4.56440061528e-13
5.27865420908e-09	-4.55999387555e-13
5.27971309541e-09	-4.47728171812e-13
5.28077198173e-09	-4.40881001412e-13
5.28183086805e-09	-4.29849488252e-13
5.28288975438e-09	-4.24198247058e-13
5.2839486407e-09	-4.20171059404e-13
5.28500752702e-09	-4.15625921266e-13
5.28606641335e-09	-4.20092834217e-13
5.28712529967e-09	-4.27993822024e-13
5.28818418599e-09	-4.38977033976e-13
5.28924307232e-09	-4.52553522001e-13
5.29030195864e-09	-4.60930447456e-13
5.29136084496e-09	-4.69238905544e-13
5.29241973128e-09	-4.76734049373e-13
5.29347861761e-09	-4.80605952171e-13
5.29453750393e-09	-4.7708695718e-13
5.29559639025e-09	-4.68079893422e-13
5.29665527658e-09	-4.5682500751e-13
5.2977141629e-09	-4.47968566538e-13
5.29877304922e-09	-4.35516287747e-13
5.29983193555e-09	-4.31624001948e-13
5.30089082187e-09	-4.33415646038e-13
5.30194970819e-09	-4.32150354997e-13
5.30300859452e-09	-4.37958859716e-13
5.30406748084e-09	-4.46436480448e-13
5.30512636716e-09	-4.62883312409e-13
5.30618525348e-09	-4.78302727286e-13
5.30724413981e-09	-4.87083518051e-13
5.30830302613e-09	-4.95909032155e-13
5.30936191245e-09	-4.95588270942e-13
5.31042079878e-09	-4.9407526681e-13
5.3114796851e-09	-4.84924492054e-13
5.31253857142e-09	-4.74194793675e-13
5.31359745775e-09	-4.65555220243e-13
5.31465634407e-09	-4.56003290683e-13
5.31571523039e-09	-4.48289029596e-13
5.31677411672e-09	-4.38533432658e-13
5.31783300304e-09	-4.3845745719e-13
5.31889188936e-09	-4.48264309786e-13
5.31995077568e-09	-4.58305377156e-13
5.32100966201e-09	-4.71593575822e-13
5.32206854833e-09	-4.84049649321e-13
5.32312743465e-09	-4.96546651452e-13
5.32418632098e-09	-5.10145745092e-13
5.3252452073e-09	-5.15039074757e-13
5.32630409362e-09	-5.11765109457e-13
5.32736297995e-09	-5.06607071831e-13
5.32842186627e-09	-4.96577659635e-13
5.32948075259e-09	-4.82859249546e-13
5.33053963891e-09	-4.69255331207e-13
5.33159852524e-09	-4.59004958608e-13
5.33265741156e-09	-4.55371580287e-13
5.33371629788e-09	-4.54968257079e-13
5.33477518421e-09	-4.59276713882e-13
5.33583407053e-09	-4.6762463693e-13
5.33689295685e-09	-4.85010415077e-13
5.33795184318e-09	-4.96463384726e-13
5.3390107295e-09	-5.09183786714e-13
5.34006961582e-09	-5.20172284153e-13
5.34112850215e-09	-5.24469411043e-13
5.34218738847e-09	-5.24496353467e-13
5.34324627479e-09	-5.22752089012e-13
5.34430516111e-09	-5.138927478e-13
5.34536404744e-09	-5.02062584215e-13
5.34642293376e-09	-4.89772176808e-13
5.34748182008e-09	-4.77031662869e-13
5.34854070641e-09	-4.68153510749e-13
5.34959959273e-09	-4.63863485383e-13
5.35065847905e-09	-4.67651741984e-13
5.35171736538e-09	-4.78276598014e-13
5.3527762517e-09	-4.89466214955e-13
5.35383513802e-09	-5.03984440986e-13
5.35489402435e-09	-5.19409656344e-13
5.35595291067e-09	-5.28047061372e-13
5.35701179699e-09	-5.35613057812e-13
5.35807068331e-09	-5.38629904567e-13
5.35912956964e-09	-5.39733026068e-13
5.36018845596e-09	-5.31997135147e-13
5.36124734228e-09	-5.20517873595e-13
5.36230622861e-09	-5.10674944172e-13
5.36336511493e-09	-4.96077083492e-13
5.36442400125e-09	-4.85408967795e-13
5.36548288758e-09	-4.78015738971e-13
5.3665417739e-09	-4.77151358789e-13
5.36760066022e-09	-4.84695779606e-13
5.36865954654e-09	-4.96224643407e-13
5.36971843287e-09	-5.11329802284e-13
5.37077731919e-09	-5.27532878491e-13
5.37183620551e-09	-5.39478834868e-13
5.37289509184e-09	-5.48895943888e-13
5.37395397816e-09	-5.54043464752e-13
5.37501286448e-09	-5.51964778137e-13
5.37607175081e-09	-5.48281526517e-13
5.37713063713e-09	-5.37266303495e-13
5.37818952345e-09	-5.24841292388e-13
5.37924840978e-09	-5.13108327528e-13
5.3803072961e-09	-5.02035967052e-13
5.38136618242e-09	-4.96986024383e-13
5.38242506874e-09	-4.92250554554e-13
5.38348395507e-09	-4.95446023617e-13
5.38454284139e-09	-5.07326819443e-13
5.38560172771e-09	-5.17072604352e-13
5.38666061404e-09	-5.328919272e-13
5.38771950036e-09	-5.44307871345e-13
5.38877838668e-09	-5.56448279381e-13
5.38983727301e-09	-5.64507967281e-13
5.39089615933e-09	-5.67020660026e-13
5.39195504565e-09	-5.63951229465e-13
5.39301393198e-09	-5.55087876705e-13
5.3940728183e-09	-5.4518396091e-13
5.39513170462e-09	-5.31100987841e-13
5.39619059094e-09	-5.16687821001e-13
5.39724947727e-09	-5.11858838734e-13
5.39830836359e-09	-5.06913521575e-13
5.39936724991e-09	-5.0699077098e-13
5.40042613624e-09	-5.13955794156e-13
5.40148502256e-09	-5.2625964567e-13
5.40254390888e-09	-5.38709810267e-13
5.40360279521e-09	-5.48870681977e-13
5.40466168153e-09	-5.55583953409e-13
5.40572056785e-09	-5.68600342591e-13
5.40677945418e-09	-5.77458491181e-13
5.4078383405e-09	-5.78661630331e-13
5.40889722682e-09	-5.72834585755e-13
5.40995611314e-09	-5.60662464805e-13
5.41101499947e-09	-5.50118978149e-13
5.41207388579e-09	-5.36938549178e-13
5.41313277211e-09	-5.26606319315e-13
5.41419165844e-09	-5.21672223648e-13
5.41525054476e-09	-5.21336500445e-13
5.41630943108e-09	-5.24139434112e-13
5.41736831741e-09	-5.28457594524e-13
5.41842720373e-09	-5.38020257686e-13
5.41948609005e-09	-5.53082319527e-13
5.42054497637e-09	-5.64140910635e-13
5.4216038627e-09	-5.76887604527e-13
5.42266274902e-09	-5.82806264186e-13
5.42372163534e-09	-5.83193107521e-13
5.42478052167e-09	-5.81062704463e-13
5.42583940799e-09	-5.73943290897e-13
5.42689829431e-09	-5.67889160176e-13
5.42795718064e-09	-5.58572502488e-13
5.42901606696e-09	-5.48146489136e-13
5.43007495328e-09	-5.38776759752e-13
5.43113383961e-09	-5.30607621643e-13
5.43219272593e-09	-5.26335594032e-13
5.43325161225e-09	-5.33134083755e-13
5.43431049857e-09	-5.41260124828e-13
5.4353693849e-09	-5.54583289014e-13
5.43642827122e-09	-5.66373608169e-13
5.43748715754e-09	-5.78098387303e-13
5.43854604387e-09	-5.89134589637e-13
5.43960493019e-09	-5.93792755851e-13
5.44066381651e-09	-5.95367938977e-13
5.44172270284e-09	-5.90512014287e-13
5.44278158916e-09	-5.81156813211e-13
5.44384047548e-09	-5.70464682437e-13
5.44489936181e-09	-5.59337949221e-13
5.44595824813e-09	-5.50324651301e-13
5.44701713445e-09	-5.42450145132e-13
5.44807602077e-09	-5.39260747601e-13
5.4491349071e-09	-5.42172697796e-13
5.45019379342e-09	-5.48956171319e-13
5.45125267974e-09	-5.57380313779e-13
5.45231156607e-09	-5.70102396281e-13
5.45337045239e-09	-5.83705176208e-13
5.45442933871e-09	-5.93659290563e-13
5.45548822504e-09	-6.0248583466e-13
5.45654711136e-09	-6.04826356099e-13
5.45760599768e-09	-6.03321537694e-13
5.45866488401e-09	-5.95537670827e-13
5.45972377033e-09	-5.87694985992e-13
5.46078265665e-09	-5.7603563846e-13
5.46184154297e-09	-5.63657735937e-13
5.4629004293e-09	-5.5585370291e-13
5.46395931562e-09	-5.47348028446e-13
5.46501820194e-09	-5.49371474961e-13
5.46607708827e-09	-5.52387454354e-13
5.46713597459e-09	-5.62701740672e-13
5.46819486091e-09	-5.72880555928e-13
5.46925374724e-09	-5.85949962596e-13
5.47031263356e-09	-5.99640996579e-13
5.47137151988e-09	-6.07692607173e-13
5.4724304062e-09	-6.13703478227e-13
5.47348929253e-09	-6.14128051798e-13
5.47454817885e-09	-6.07775169168e-13
5.47560706517e-09	-5.9875796812e-13
5.4766659515e-09	-5.88997438062e-13
5.47772483782e-09	-5.79316813704e-13
5.47878372414e-09	-5.68606685174e-13
5.47984261047e-09	-5.64800593447e-13
5.48090149679e-09	-5.61731054467e-13
5.48196038311e-09	-5.6132870704e-13
5.48301926944e-09	-5.67132170219e-13
5.48407815576e-09	-5.75329714425e-13
5.48513704208e-09	-5.89562903705e-13
5.4861959284e-09	-5.99828617765e-13
5.48725481473e-09	-6.08747047996e-13
5.48831370105e-09	-6.14410974355e-13
5.48937258737e-09	-6.21577442295e-13
5.4904314737e-09	-6.19587768678e-13
5.49149036002e-09	-6.11940077604e-13
5.49254924634e-09	-6.03246944585e-13
5.49360813267e-09	-5.92284359578e-13
5.49466701899e-09	-5.82700391844e-13
5.49572590531e-09	-5.73953211347e-13
5.49678479164e-09	-5.68578604337e-13
5.49784367796e-09	-5.66524041221e-13
5.49890256428e-09	-5.72385834476e-13
5.4999614506e-09	-5.79552085576e-13
5.50102033693e-09	-5.91433152453e-13
5.50207922325e-09	-6.0150810114e-13
5.50313810957e-09	-6.12774262755e-13
5.5041969959e-09	-6.21848601258e-13
5.50525588222e-09	-6.2428496617e-13
5.50631476854e-09	-6.27814152662e-13
5.50737365487e-09	-6.24004266227e-13
5.50843254119e-09	-6.15884459317e-13
5.50949142751e-09	-6.0653321558e-13
5.51055031383e-09	-5.94834403088e-13
5.51160920016e-09	-5.87741173005e-13
5.51266808648e-09	-5.81260733989e-13
5.5137269728e-09	-5.75478250123e-13
5.51478585913e-09	-5.76426710183e-13
5.51584474545e-09	-5.83886346391e-13
5.51690363177e-09	-5.91242874971e-13
5.5179625181e-09	-6.02060339517e-13
5.51902140442e-09	-6.12608759294e-13
5.52008029074e-09	-6.22654542943e-13
5.52113917707e-09	-6.29392534184e-13
5.52219806339e-09	-6.35851993887e-13
5.52325694971e-09	-6.36958476415e-13
5.52431583603e-09	-6.30470122723e-13
5.52537472236e-09	-6.20877427162e-13
5.52643360868e-09	-6.09257165118e-13
5.527492495e-09	-6.00485644282e-13
5.52855138133e-09	-5.89838887368e-13
5.52961026765e-09	-5.85627412449e-13
5.53066915397e-09	-5.83819180066e-13
5.5317280403e-09	-5.8770409329e-13
5.53278692662e-09	-5.94454064966e-13
5.53384581294e-09	-6.06128916589e-13
5.53490469927e-09	-6.18279570336e-13
5.53596358559e-09	-6.26921908484e-13
5.53702247191e-09	-6.36483487443e-13
5.53808135823e-09	-6.38950264226e-13
5.53914024456e-09	-6.40305245891e-13
5.54019913088e-09	-6.3648207798e-13
5.5412580172e-09	-6.29539497789e-13
5.54231690353e-09	-6.21554294578e-13
5.54337578985e-09	-6.10191910021e-13
5.54443467617e-09	-6.04175726376e-13
5.5454935625e-09	-5.97871144953e-13
5.54655244882e-09	-5.93264478342e-13
5.54761133514e-09	-5.93492052378e-13
5.54867022147e-09	-5.99474083655e-13
5.54972910779e-09	-6.07868735816e-13
5.55078799411e-09	-6.17029214181e-13
5.55184688043e-09	-6.25181005055e-13
5.55290576676e-09	-6.37441922163e-13
5.55396465308e-09	-6.44229461444e-13
5.5550235394e-09	-6.47821694292e-13
5.55608242573e-09	-6.46516260666e-13
5.55714131205e-09	-6.40192705705e-13
5.55820019837e-09	-6.33778782493e-13
5.5592590847e-09	-6.24635217682e-13
5.56031797102e-09	-6.15488508684e-13
5.56137685734e-09	-6.07354986616e-13
5.56243574366e-09	-6.02128861094e-13
5.56349462999e-09	-6.02479979968e-13
5.56455351631e-09	-6.02693676216e-13
5.56561240263e-09	-6.07734348956e-13
5.56667128896e-09	-6.17910020026e-13
5.56773017528e-09	-6.2969963445e-13
5.5687890616e-09	-6.39317591922e-13
5.56984794793e-09	-6.44377834511e-13
5.57090683425e-09	-6.48463162507e-13
5.57196572057e-09	-6.49865306967e-13
5.5730246069e-09	-6.47465045987e-13
5.57408349322e-09	-6.39201636499e-13
5.57514237954e-09	-6.32711005984e-13
5.57620126586e-09	-6.23998574166e-13
5.57726015219e-09	-6.19900289954e-13
5.57831903851e-09	-6.11681332755e-13
5.57937792483e-09	-6.06898103821e-13
5.58043681116e-09	-6.0930839367e-13
5.58149569748e-09	-6.1332574219e-13
5.5825545838e-09	-6.21867303745e-13
5.58361347013e-09	-6.28929200386e-13
5.58467235645e-09	-6.35687032527e-13
5.58573124277e-09	-6.43867608969e-13
5.5867901291e-09	-6.50250415579e-13
5.58784901542e-09	-6.5194816776e-13
5.58890790174e-09	-6.51521263155e-13
5.58996678806e-09	-6.49745394207e-13
5.59102567439e-09	-6.47185484457e-13
5.59208456071e-09	-6.35414572521e-13
5.59314344703e-09	-6.30504762983e-13
5.59420233336e-09	-6.23673692985e-13
5.59526121968e-09	-6.18581574852e-13
5.596320106e-09	-6.17351547487e-13
5.59737899233e-09	-6.15335853018e-13
5.59843787865e-09	-6.22456459206e-13
5.59949676497e-09	-6.29853211687e-13
5.6005556513e-09	-6.36244529284e-13
5.60161453762e-09	-6.44900203118e-13
5.60267342394e-09	-6.47743306475e-13
5.60373231026e-09	-6.54715322755e-13
5.60479119659e-09	-6.56084778519e-13
5.60585008291e-09	-6.53472556015e-13
5.60690896923e-09	-6.50134622786e-13
5.60796785556e-09	-6.45037246273e-13
5.60902674188e-09	-6.39360526328e-13
5.6100856282e-09	-6.33320381815e-13
5.61114451453e-09	-6.24296783974e-13
5.61220340085e-09	-6.20878077683e-13
5.61326228717e-09	-6.22565313104e-13
5.61432117349e-09	-6.22659205012e-13
5.61538005982e-09	-6.27419448861e-13
5.61643894614e-09	-6.35569884482e-13
5.61749783246e-09	-6.45100509469e-13
5.61855671879e-09	-6.53438349436e-13
5.61961560511e-09	-6.59475241343e-13
5.62067449143e-09	-6.6346618954e-13
5.62173337776e-09	-6.60128202101e-13
5.62279226408e-09	-6.55961992623e-13
5.6238511504e-09	-6.55438322974e-13
5.62491003673e-09	-6.45239937869e-13
5.62596892305e-09	-6.40545017201e-13
5.62702780937e-09	-6.35481359375e-13
5.62808669569e-09	-6.30950912177e-13
5.62914558202e-09	-6.27344530491e-13
5.63020446834e-09	-6.25600699716e-13
5.63126335466e-09	-6.3210049174e-13
5.63232224099e-09	-6.38419926733e-13
5.63338112731e-09	-6.45528227226e-13
5.63444001363e-09	-6.52782461332e-13
5.63549889996e-09	-6.57401271007e-13
5.63655778628e-09	-6.62432456978e-13
5.6376166726e-09	-6.66142488392e-13
5.63867555893e-09	-6.63318087523e-13
5.63973444525e-09	-6.59450738374e-13
5.64079333157e-09	-6.57100350694e-13
5.64185221789e-09	-6.48638423788e-13
5.64291110422e-09	-6.40071383482e-13
5.64396999054e-09	-6.3458559154e-13
5.64502887686e-09	-6.3432614196e-13
5.64608776319e-09	-6.35659927473e-13
5.64714664951e-09	-6.36545232757e-13
5.64820553583e-09	-6.40759363971e-13
5.64926442216e-09	-6.45083324865e-13
5.65032330848e-09	-6.54636338627e-13
5.6513821948e-09	-6.5751738906e-13
5.65244108112e-09	-6.61036546681e-13
5.65349996745e-09	-6.64601457635e-13
5.65455885377e-09	-6.6449423004e-13
5.65561774009e-09	-6.63584584417e-13
5.65667662642e-09	-6.58012869453e-13
5.65773551274e-09	-6.5330054734e-13
5.65879439906e-09	-6.50625061639e-13
5.65985328539e-09	-6.45681587624e-13
5.66091217171e-09	-6.41229474033e-13
5.66197105803e-09	-6.35442002836e-13
5.66302994436e-09	-6.38010044102e-13
5.66408883068e-09	-6.40730686823e-13
5.665147717e-09	-6.47340525368e-13
5.66620660332e-09	-6.53077526953e-13
5.66726548965e-09	-6.56177044124e-13
5.66832437597e-09	-6.61370806211e-13
5.66938326229e-09	-6.63602311123e-13
5.67044214862e-09	-6.65276644538e-13
5.67150103494e-09	-6.63090838748e-13
5.67255992126e-09	-6.62245757364e-13
5.67361880759e-09	-6.608510939e-13
5.67467769391e-09	-6.55609843758e-13
5.67573658023e-09	-6.50787583545e-13
5.67679546656e-09	-6.46932919561e-13
5.67785435288e-09	-6.44908226214e-13
5.6789132392e-09	-6.40756328205e-13
5.67997212552e-09	-6.42898711697e-13
5.68103101185e-09	-6.46699111363e-13
5.68208989817e-09	-6.51868478901e-13
5.68314878449e-09	-6.57121492637e-13
5.68420767082e-09	-6.61519125068e-13
5.68526655714e-09	-6.63208095213e-13
5.68632544346e-09	-6.65856042179e-13
5.68738432979e-09	-6.67629851143e-13
5.68844321611e-09	-6.63374466036e-13
5.68950210243e-09	-6.62939538335e-13
5.69056098876e-09	-6.56792816748e-13
5.69161987508e-09	-6.54476960908e-13
5.6926787614e-09	-6.51845656445e-13
5.69373764772e-09	-6.4678752805e-13
5.69479653405e-09	-6.46735269505e-13
5.69585542037e-09	-6.45173422065e-13
5.69691430669e-09	-6.47995058219e-13
5.69797319302e-09	-6.48887952918e-13
5.69903207934e-09	-6.53072051732e-13
5.70009096566e-09	-6.59916132156e-13
5.70114985199e-09	-6.63143585183e-13
5.70220873831e-09	-6.66854321329e-13
5.70326762463e-09	-6.66991364483e-13
5.70432651095e-09	-6.67508962601e-13
5.70538539728e-09	-6.66377163953e-13
5.7064442836e-09	-6.63586481771e-13
5.70750316992e-09	-6.61070482209e-13
5.70856205625e-09	-6.56112371464e-13
5.70962094257e-09	-6.51102544276e-13
5.71067982889e-09	-6.50223202104e-13
5.71173871522e-09	-6.50528405016e-13
5.71279760154e-09	-6.50141019579e-13
5.71385648786e-09	-6.51462878868e-13
5.71491537419e-09	-6.60345259376e-13
5.71597426051e-09	-6.61466378633e-13
5.71703314683e-09	-6.64462788177e-13
5.71809203315e-09	-6.67860352525e-13
5.71915091948e-09	-6.66824234719e-13
5.7202098058e-09	-6.67306542055e-13
5.72126869212e-09	-6.68849090696e-13
5.72232757845e-09	-6.70084105391e-13
5.72338646477e-09	-6.6455418642e-13
5.72444535109e-09	-6.61575720422e-13
5.72550423742e-09	-6.56633330608e-13
5.72656312374e-09	-6.53502317365e-13
5.72762201006e-09	-6.55013369932e-13
5.72868089639e-09	-6.5603550153e-13
5.72973978271e-09	-6.56367809496e-13
5.73079866903e-09	-6.58291455201e-13
5.73185755535e-09	-6.61695741602e-13
5.73291644168e-09	-6.64353175337e-13
5.733975328e-09	-6.67438272619e-13
5.73503421432e-09	-6.67482724908e-13
5.73609310065e-09	-6.69096668262e-13
5.73715198697e-09	-6.68676214659e-13
5.73821087329e-09	-6.67339393381e-13
5.73926975962e-09	-6.65544225634e-13
5.74032864594e-09	-6.61950854373e-13
5.74138753226e-09	-6.59459086731e-13
5.74244641859e-09	-6.57565527636e-13
5.74350530491e-09	-6.57704359724e-13
5.74456419123e-09	-6.55526902291e-13
5.74562307755e-09	-6.55584581847e-13
5.74668196388e-09	-6.57829259815e-13
5.7477408502e-09	-6.58509759308e-13
5.74879973652e-09	-6.6145998184e-13
5.74985862285e-09	-6.6569200239e-13
5.75091750917e-09	-6.66829493099e-13
5.75197639549e-09	-6.66683613697e-13
5.75303528182e-09	-6.66359979348e-13
5.75409416814e-09	-6.64707113136e-13
5.75515305446e-09	-6.65413254011e-13
5.75621194078e-09	-6.62760644976e-13
5.75727082711e-09	-6.62022303297e-13
5.75832971343e-09	-6.599930563e-13
5.75938859975e-09	-6.61209531138e-13
5.76044748608e-09	-6.60997786454e-13
5.7615063724e-09	-6.59364327461e-13
5.76256525872e-09	-6.58475335889e-13
5.76362414505e-09	-6.60851852841e-13
5.76468303137e-09	-6.63023618213e-13
5.76574191769e-09	-6.64320595062e-13
5.76680080402e-09	-6.6585658428e-13
5.76785969034e-09	-6.64197971796e-13
5.76891857666e-09	-6.65413579272e-13
5.76997746298e-09	-6.65164809083e-13
5.77103634931e-09	-6.64387110865e-13
5.77209523563e-09	-6.64059573389e-13
5.77315412195e-09	-6.64726032464e-13
5.77421300828e-09	-6.63338416314e-13
5.7752718946e-09	-6.61962075866e-13
5.77633078092e-09	-6.60294193454e-13
5.77738966725e-09	-6.60003844112e-13
5.77844855357e-09	-6.59523325709e-13
5.77950743989e-09	-6.61793590848e-13
5.78056632622e-09	-6.64081962164e-13
5.78162521254e-09	-6.64115789271e-13
5.78268409886e-09	-6.62753651872e-13
5.78374298518e-09	-6.63343295224e-13
5.78480187151e-09	-6.63891901523e-13
5.78586075783e-09	-6.65830238167e-13
5.78691964415e-09	-6.63206523119e-13
5.78797853048e-09	-6.61214897939e-13
5.7890374168e-09	-6.62492196518e-13
5.79009630312e-09	-6.62711530618e-13
5.79115518945e-09	-6.62634498053e-13
5.79221407577e-09	-6.64016964243e-13
5.79327296209e-09	-6.62848953243e-13
5.79433184841e-09	-6.61287647905e-13
5.79539073474e-09	-6.60958213074e-13
5.79644962106e-09	-6.62115056792e-13
5.79750850738e-09	-6.62888797673e-13
5.79856739371e-09	-6.62615036624e-13
5.79962628003e-09	-6.61246068751e-13
5.80068516635e-09	-6.61518745598e-13
5.80174405268e-09	-6.59967469129e-13
5.802802939e-09	-6.59102275796e-13
5.80386182532e-09	-6.6051683437e-13
5.80492071165e-09	-6.62590479445e-13
5.80597959797e-09	-6.63469984247e-13
5.80703848429e-09	-6.62804121483e-13
5.80809737061e-09	-6.644296658e-13
5.80915625694e-09	-6.64266818634e-13
5.81021514326e-09	-6.63959664159e-13
5.81127402958e-09	-6.65661644729e-13
5.81233291591e-09	-6.66119286466e-13
5.81339180223e-09	-6.64737741848e-13
5.81445068855e-09	-6.62349352882e-13
5.81550957488e-09	-6.61695578972e-13
5.8165684612e-09	-6.59991321577e-13
5.81762734752e-09	-6.60101042837e-13
5.81868623385e-09	-6.5710815695e-13
5.81974512017e-09	-6.58594652338e-13
5.82080400649e-09	-6.58211766341e-13
5.82186289281e-09	-6.58292322563e-13
5.82292177914e-09	-6.60653443844e-13
5.82398066546e-09	-6.63552654663e-13
5.82503955178e-09	-6.646141428e-13
5.82609843811e-09	-6.66553238386e-13
5.82715732443e-09	-6.65011177636e-13
5.82821621075e-09	-6.65507850651e-13
5.82927509708e-09	-6.61646410403e-13
5.8303339834e-09	-6.59934780434e-13
5.83139286972e-09	-6.57286725048e-13
5.83245175605e-09	-6.53902984277e-13
5.83351064237e-09	-6.53891925415e-13
5.83456952869e-09	-6.51491013914e-13
5.83562841501e-09	-6.53066684932e-13
5.83668730134e-09	-6.56765549063e-13
5.83774618766e-09	-6.60527947442e-13
5.83880507398e-09	-6.62288962821e-13
5.83986396031e-09	-6.6306709472e-13
5.84092284663e-09	-6.65325542056e-13
5.84198173295e-09	-6.67746565507e-13
5.84304061928e-09	-6.67774971604e-13
5.8440995056e-09	-6.64440182561e-13
5.84515839192e-09	-6.61875448112e-13
5.84621727824e-09	-6.59241053674e-13
5.84727616457e-09	-6.55018465683e-13
5.84833505089e-09	-6.5529179305e-13
5.84939393721e-09	-6.51776104876e-13
5.85045282354e-09	-6.51047575226e-13
5.85151170986e-09	-6.52032193429e-13
5.85257059618e-09	-6.51830152354e-13
5.85362948251e-09	-6.54247652148e-13
5.85468836883e-09	-6.60185610606e-13
5.85574725515e-09	-6.62933575223e-13
5.85680614148e-09	-6.65846230149e-13
5.8578650278e-09	-6.67063789189e-13
5.85892391412e-09	-6.64830278503e-13
5.85998280044e-09	-6.64722020916e-13
5.86104168677e-09	-6.62906253328e-13
5.86210057309e-09	-6.57963971935e-13
5.86315945941e-09	-6.54019427591e-13
5.86421834574e-09	-6.47433224654e-13
5.86527723206e-09	-6.47091646759e-13
5.86633611838e-09	-6.47580567729e-13
5.86739500471e-09	-6.47551890581e-13
5.86845389103e-09	-6.48776009044e-13
5.86951277735e-09	-6.53846280504e-13
5.87057166368e-09	-6.57346356167e-13
5.87163055e-09	-6.6198918092e-13
5.87268943632e-09	-6.62784714264e-13
5.87374832264e-09	-6.64859497752e-13
5.87480720897e-09	-6.65624131334e-13
5.87586609529e-09	-6.66622898375e-13
5.87692498161e-09	-6.62550147124e-13
5.87798386794e-09	-6.59589678882e-13
5.87904275426e-09	-6.54069517731e-13
5.88010164058e-09	-6.48223011726e-13
5.88116052691e-09	-6.45066953412e-13
5.88221941323e-09	-6.43859314822e-13
5.88327829955e-09	-6.42711795243e-13
5.88433718588e-09	-6.46964253004e-13
5.8853960722e-09	-6.47232918302e-13
5.88645495852e-09	-6.51908973852e-13
5.88751384484e-09	-6.56028454216e-13
5.88857273117e-09	-6.58376998752e-13
5.88963161749e-09	-6.64212825366e-13
5.89069050381e-09	-6.6298203906e-13
5.89174939014e-09	-6.64114325599e-13
5.89280827646e-09	-6.60709442886e-13
5.89386716278e-09	-6.57792993252e-13
5.89492604911e-09	-6.522422576e-13
5.89598493543e-09	-6.47544897477e-13
5.89704382175e-09	-6.44059024862e-13
5.89810270807e-09	-6.41440405565e-13
5.8991615944e-09	-6.40891907686e-13
5.90022048072e-09	-6.41367167709e-13
5.90127936704e-09	-6.44403909573e-13
5.90233825337e-09	-6.4794545597e-13
5.90339713969e-09	-6.52617771022e-13
5.90445602601e-09	-6.56172978366e-13
5.90551491234e-09	-6.604671237e-13
5.90657379866e-09	-6.63855201279e-13
5.90763268498e-09	-6.63543330524e-13
5.90869157131e-09	-6.60830765109e-13
5.90975045763e-09	-6.54790295335e-13
5.91080934395e-09	-6.49347058328e-13
5.91186823027e-09	-6.48686996046e-13
5.9129271166e-09	-6.43703081289e-13
5.91398600292e-09	-6.40220352861e-13
5.91504488924e-09	-6.37726687864e-13
5.91610377557e-09	-6.34718406306e-13
5.91716266189e-09	-6.39260779728e-13
5.91822154821e-09	-6.42191703461e-13
5.91928043454e-09	-6.44559817846e-13
5.92033932086e-09	-6.51927730549e-13
5.92139820718e-09	-6.56814771842e-13
5.92245709351e-09	-6.59794430462e-13
5.92351597983e-09	-6.60453354333e-13
5.92457486615e-09	-6.58598772307e-13
5.92563375247e-09	-6.58014224705e-13
5.9266926388e-09	-6.52288281982e-13
5.92775152512e-09	-6.47553408464e-13
5.92881041144e-09	-6.41007754688e-13
5.92986929777e-09	-6.37299837469e-13
5.93092818409e-09	-6.34920447381e-13
5.93198707041e-09	-6.32863499019e-13
5.93304595674e-09	-6.33032580348e-13
5.93410484306e-09	-6.37723272627e-13
5.93516372938e-09	-6.42869112978e-13
5.9362226157e-09	-6.46572042868e-13
5.93728150203e-09	-6.50536157061e-13
5.93834038835e-09	-6.54860985317e-13
5.93939927467e-09	-6.56695618023e-13
5.940458161e-09	-6.58154140996e-13
5.94151704732e-09	-6.54707462289e-13
5.94257593364e-09	-6.49123766891e-13
5.94363481997e-09	-6.45725497812e-13
5.94469370629e-09	-6.40197801455e-13
5.94575259261e-09	-6.32626546634e-13
5.94681147894e-09	-6.30140579473e-13
5.94787036526e-09	-6.29737906786e-13
5.94892925158e-09	-6.28390297696e-13
5.9499881379e-09	-6.32123097356e-13
5.95104702423e-09	-6.34651998923e-13
5.95210591055e-09	-6.40744835662e-13
5.95316479687e-09	-6.47048007622e-13
5.9542236832e-09	-6.50266624401e-13
5.95528256952e-09	-6.53462472935e-13
5.95634145584e-09	-6.5293609278e-13
5.95740034217e-09	-6.54141942436e-13
5.95845922849e-09	-6.5019110972e-13
5.95951811481e-09	-6.44892830543e-13
5.96057700114e-09	-6.40376206923e-13
5.96163588746e-09	-6.33786751379e-13
5.96269477378e-09	-6.3133656289e-13
5.9637536601e-09	-6.27992395499e-13
5.96481254643e-09	-6.25032686198e-13
5.96587143275e-09	-6.26157817003e-13
5.96693031907e-09	-6.30286296245e-13
5.9679892054e-09	-6.36724342955e-13
5.96904809172e-09	-6.42787309924e-13
5.97010697804e-09	-6.4673299268e-13
5.97116586437e-09	-6.51076631844e-13
5.97222475069e-09	-6.53559617449e-13
5.97328363701e-09	-6.51629358112e-13
5.97434252334e-09	-6.50573236775e-13
5.97540140966e-09	-6.43968331351e-13
5.97646029598e-09	-6.39542184402e-13
5.9775191823e-09	-6.34172347882e-13
5.97857806863e-09	-6.27676242145e-13
5.97963695495e-09	-6.25307531449e-13
5.98069584127e-09	-6.21551367232e-13
5.9817547276e-09	-6.23907175923e-13
5.98281361392e-09	-6.25796831889e-13
5.98387250024e-09	-6.32054413148e-13
5.98493138657e-09	-6.36114208183e-13
5.98599027289e-09	-6.39284144285e-13
5.98704915921e-09	-6.45275824961e-13
5.98810804553e-09	-6.455548986e-13
5.98916693186e-09	-6.44620478957e-13
5.99022581818e-09	-6.46398678941e-13
5.9912847045e-09	-6.4375848402e-13
5.99234359083e-09	-6.38929827015e-13
5.99340247715e-09	-6.34164433206e-13
5.99446136347e-09	-6.29157641784e-13
5.9955202498e-09	-6.22063815389e-13
5.99657913612e-09	-6.19949783783e-13
5.99763802244e-09	-6.1887013526e-13
5.99869690877e-09	-6.21913057077e-13
5.99975579509e-09	-6.24570273972e-13
6.00081468141e-09	-6.28210320135e-13
6.00187356773e-09	-6.33091344106e-13
6.00293245406e-09	-6.34936385153e-13
6.00399134038e-09	-6.423956961e-13
6.0050502267e-09	-6.42782051544e-13
6.00610911303e-09	-6.42762915375e-13
6.00716799935e-09	-6.40608876709e-13
6.00822688567e-09	-6.37346783423e-13
6.009285772e-09	-6.32815089392e-13
6.01034465832e-09	-6.2595680592e-13
6.01140354464e-09	-6.20744395555e-13
6.01246243097e-09	-6.17576356807e-13
6.01352131729e-09	-6.14859617214e-13
6.01458020361e-09	-6.16548370518e-13
6.01563908993e-09	-6.19559904682e-13
6.01669797626e-09	-6.23631517521e-13
6.01775686258e-09	-6.2807777642e-13
6.0188157489e-09	-6.3072800021e-13
6.01987463523e-09	-6.3792428371e-13
6.02093352155e-09	-6.40684499811e-13
6.02199240787e-09	-6.42272368102e-13
6.0230512942e-09	-6.40404992491e-13
6.02411018052e-09	-6.3631744188e-13
6.02516906684e-09	-6.29637780716e-13
6.02622795317e-09	-6.2357150693e-13
6.02728683949e-09	-6.17915169986e-13
6.02834572581e-09	-6.12460006755e-13
6.02940461213e-09	-6.1166897285e-13
6.03046349846e-09	-6.11770128913e-13
6.03152238478e-09	-6.10898484577e-13
6.0325812711e-09	-6.17129286042e-13
6.03364015743e-09	-6.18811588343e-13
6.03469904375e-09	-6.25660601886e-13
6.03575793007e-09	-6.31255735618e-13
6.0368168164e-09	-6.32757572467e-13
6.03787570272e-09	-6.34212029681e-13
6.03893458904e-09	-6.32781153864e-13
6.03999347536e-09	-6.30002235276e-13
6.04105236169e-09	-6.27721561796e-13
6.04211124801e-09	-6.22208664799e-13
6.04317013433e-09	-6.18290195518e-13
6.04422902066e-09	-6.12894771827e-13
6.04528790698e-09	-6.07325225267e-13
6.0463467933e-09	-6.04380694796e-13
6.04740567963e-09	-6.04966977121e-13
6.04846456595e-09	-6.12943723555e-13
6.04952345227e-09	-6.14466106035e-13
6.0505823386e-09	-6.20437674761e-13
6.05164122492e-09	-6.25568715752e-13
6.05270011124e-09	-6.26762910235e-13
6.05375899756e-09	-6.28729273505e-13
6.05481788389e-09	-6.30148710989e-13
6.05587677021e-09	-6.29002709293e-13
6.05693565653e-09	-6.24188797437e-13
6.05799454286e-09	-6.19343497928e-13
6.05905342918e-09	-6.13077405683e-13
6.0601123155e-09	-6.09091661656e-13
6.06117120183e-09	-6.05058321154e-13
6.06223008815e-09	-6.02696115671e-13
6.06328897447e-09	-6.02434822947e-13
6.0643478608e-09	-6.043426393e-13
6.06540674712e-09	-6.05962112085e-13
6.06646563344e-09	-6.1122477522e-13
6.06752451976e-09	-6.13961680974e-13
6.06858340609e-09	-6.19975099904e-13
6.06964229241e-09	-6.23159726945e-13
6.07070117873e-09	-6.25574353603e-13
6.07176006506e-09	-6.23681987132e-13
6.07281895138e-09	-6.22034541931e-13
6.0738778377e-09	-6.1795214128e-13
6.07493672403e-09	-6.12543219272e-13
6.07599561035e-09	-6.06436558956e-13
6.07705449667e-09	-6.01117029417e-13
6.07811338299e-09	-6.00531722874e-13
6.07917226932e-09	-6.00183260296e-13
6.08023115564e-09	-5.99358887174e-13
6.08129004196e-09	-6.01239110581e-13
6.08234892829e-09	-6.07022949701e-13
6.08340781461e-09	-6.11155440491e-13
6.08446670093e-09	-6.13722560185e-13
6.08552558726e-09	-6.15919695888e-13
6.08658447358e-09	-6.22725720816e-13
6.0876433599e-09	-6.20467598741e-13
6.08870224623e-09	-6.18107995343e-13
6.08976113255e-09	-6.14843571022e-13
6.09082001887e-09	-6.10071129899e-13
6.09187890519e-09	-6.0397319741e-13
6.09293779152e-09	-5.99990326519e-13
6.09399667784e-09	-5.99313404893e-13
6.09505556416e-09	-5.94911760913e-13
6.09611445049e-09	-5.95964195962e-13
6.09717333681e-09	-5.967366358e-13
6.09823222313e-09	-5.96289727664e-13
6.09929110946e-09	-6.02197003201e-13
6.10034999578e-09	-6.05963792599e-13
6.1014088821e-09	-6.1116969775e-13
6.10246776843e-09	-6.15226565439e-13
6.10352665475e-09	-6.15626852881e-13
6.10458554107e-09	-6.13583348626e-13
6.10564442739e-09	-6.1272200421e-13
6.10670331372e-09	-6.07944358917e-13
6.10776220004e-09	-6.03787365158e-13
6.10882108636e-09	-5.98450108913e-13
6.10987997269e-09	-5.93157684428e-13
6.11093885901e-09	-5.91940342229e-13
6.11199774533e-09	-5.89989916731e-13
6.11305663166e-09	-5.91240760777e-13
6.11411551798e-09	-5.94132219551e-13
6.1151744043e-09	-5.97413286375e-13
6.11623329063e-09	-6.01629098103e-13
6.11729217695e-09	-6.03506502585e-13
6.11835106327e-09	-6.0695285603e-13
6.11940994959e-09	-6.09751778149e-13
6.12046883592e-09	-6.10226225019e-13
6.12152772224e-09	-6.08631092573e-13
6.12258660856e-09	-6.05087106722e-13
6.12364549489e-09	-6.01370299044e-13
6.12470438121e-09	-5.94964507349e-13
6.12576326753e-09	-5.92688766989e-13
6.12682215386e-09	-5.88935367488e-13
6.12788104018e-09	-5.86807837565e-13
6.1289399265e-09	-5.87862061547e-13
6.12999881282e-09	-5.88239851794e-13
6.13105769915e-09	-5.92214591168e-13
6.13211658547e-09	-5.91112065979e-13
6.13317547179e-09	-5.96597586871e-13
6.13423435812e-09	-6.02192612182e-13
6.13529324444e-09	-6.04221696548e-13
6.13635213076e-09	-6.05576678213e-13
6.13741101709e-09	-6.03924028841e-13
6.13846990341e-09	-6.01213794461e-13
6.13952878973e-09	-5.96416579318e-13
6.14058767606e-09	-5.93439089102e-13
6.14164656238e-09	-5.91817447913e-13
6.1427054487e-09	-5.90731023126e-13
6.14376433502e-09	-5.82784471723e-13
6.14482322135e-09	-5.81541704982e-13
6.14588210767e-09	-5.84053964046e-13
6.14694099399e-09	-5.8546803473e-13
6.14799988032e-09	-5.8905148554e-13
6.14905876664e-09	-5.91066150017e-13
6.15011765296e-09	-5.95403663439e-13
6.15117653929e-09	-5.98284930712e-13
6.15223542561e-09	-5.99216368798e-13
6.15329431193e-09	-6.00878613359e-13
6.15435319826e-09	-5.97663466027e-13
6.15541208458e-09	-5.96490250856e-13
6.1564709709e-09	-5.94098500863e-13
6.15752985722e-09	-5.88404433684e-13
6.15858874355e-09	-5.85315216434e-13
6.15964762987e-09	-5.8048731837e-13
6.16070651619e-09	-5.79502917007e-13
6.16176540252e-09	-5.78840848951e-13
6.16282428884e-09	-5.80795123366e-13
6.16388317516e-09	-5.8360174332e-13
6.16494206149e-09	-5.85823544622e-13
6.16600094781e-09	-5.88735603237e-13
6.16705983413e-09	-5.90622928169e-13
6.16811872046e-09	-5.91764159376e-13
6.16917760678e-09	-5.93657122159e-13
6.1702364931e-09	-5.92581647814e-13
6.17129537942e-09	-5.88818327863e-13
6.17235426575e-09	-5.89378209865e-13
6.17341315207e-09	-5.85971646639e-13
6.17447203839e-09	-5.81865881432e-13
6.17553092472e-09	-5.82355236083e-13
6.17658981104e-09	-5.76971088094e-13
6.17764869736e-09	-5.77881655289e-13
6.17870758369e-09	-5.76212797095e-13
6.17976647001e-09	-5.77864308054e-13
6.18082535633e-09	-5.81107590433e-13
6.18188424265e-09	-5.81637873715e-13
6.18294312898e-09	-5.85859648555e-13
6.1840020153e-09	-5.86963149526e-13
6.18506090162e-09	-5.90729884713e-13
6.18611978795e-09	-5.87974276472e-13
6.18717867427e-09	-5.87999755223e-13
6.18823756059e-09	-5.86763764746e-13
6.18929644692e-09	-5.8159526457e-13
6.19035533324e-09	-5.79916973817e-13
6.19141421956e-09	-5.77558237781e-13
6.19247310589e-09	-5.75394007614e-13
6.19353199221e-09	-5.71892901959e-13
6.19459087853e-09	-5.73556447562e-13
6.19564976485e-09	-5.72883266433e-13
6.19670865118e-09	-5.75828826895e-13
6.1977675375e-09	-5.77166786586e-13
6.19882642382e-09	-5.78994317768e-13
6.19988531015e-09	-5.8083171519e-13
6.20094419647e-09	-5.81327575053e-13
6.20200308279e-09	-5.84302246344e-13
6.20306196912e-09	-5.82676322556e-13
6.20412085544e-09	-5.82460349483e-13
6.20517974176e-09	-5.8005835378e-13
6.20623862809e-09	-5.753773109e-13
6.20729751441e-09	-5.75199447534e-13
6.20835640073e-09	-5.70385644098e-13
6.20941528705e-09	-5.698826285e-13
6.21047417338e-09	-5.68517834806e-13
6.2115330597e-09	-5.70661248291e-13
6.21259194602e-09	-5.70698002744e-13
6.21365083235e-09	-5.71291766064e-13
6.21470971867e-09	-5.7191339338e-13
6.21576860499e-09	-5.73581004741e-13
6.21682749132e-09	-5.75200423316e-13
6.21788637764e-09	-5.76268850347e-13
6.21894526396e-09	-5.78445060948e-13
6.22000415028e-09	-5.77443529191e-13
6.22106303661e-09	-5.78282918513e-13
6.22212192293e-09	-5.74250336952e-13
6.22318080925e-09	-5.70801381421e-13
6.22423969558e-09	-5.70372091571e-13
6.2252985819e-09	-5.67857447262e-13
6.22635746822e-09	-5.66757903629e-13
6.22741635455e-09	-5.65283171834e-13
6.22847524087e-09	-5.61950659617e-13
6.22953412719e-09	-5.65709480128e-13
6.23059301352e-09	-5.66575215563e-13
6.23165189984e-09	-5.72966207899e-13
6.23271078616e-09	-5.71281845614e-13
6.23376967248e-09	-5.71097585455e-13
6.23482855881e-09	-5.74016257703e-13
6.23588744513e-09	-5.74979462913e-13
6.23694633145e-09	-5.75108428762e-13
6.23800521778e-09	-5.71204596209e-13
6.2390641041e-09	-5.69389370722e-13
6.24012299042e-09	-5.66350026772e-13
6.24118187675e-09	-5.64076129556e-13
6.24224076307e-09	-5.62369053235e-13
6.24329964939e-09	-5.6040046735e-13
6.24435853572e-09	-5.62128251932e-13
6.24541742204e-09	-5.6222165595e-13
6.24647630836e-09	-5.63181120662e-13
6.24753519468e-09	-5.61631904178e-13
6.24859408101e-09	-5.62937392014e-13
6.24965296733e-09	-5.67133417052e-13
6.25071185365e-09	-5.67783179414e-13
6.25177073998e-09	-5.70195637668e-13
6.2528296263e-09	-5.69286534146e-13
6.25388851262e-09	-5.66334739521e-13
6.25494739895e-09	-5.63987062347e-13
6.25600628527e-09	-5.62512601603e-13
6.25706517159e-09	-5.61062914878e-13
6.25812405792e-09	-5.613536979e-13
6.25918294424e-09	-5.602253687e-13
6.26024183056e-09	-5.57136151449e-13
6.26130071688e-09	-5.56857619911e-13
6.26235960321e-09	-5.57700858151e-13
6.26341848953e-09	-5.58526532315e-13
6.26447737585e-09	-5.60751152543e-13
6.26553626218e-09	-5.62015115436e-13
6.2665951485e-09	-5.62663197284e-13
6.26765403482e-09	-5.60800321112e-13
6.26871292115e-09	-5.60658290627e-13
6.26977180747e-09	-5.61304637752e-13
6.27083069379e-09	-5.60430879221e-13
6.27188958011e-09	-5.60650538581e-13
6.27294846644e-09	-5.58867297058e-13
6.27400735276e-09	-5.545263684e-13
6.27506623908e-09	-5.54552985563e-13
6.27612512541e-09	-5.52391628533e-13
6.27718401173e-09	-5.52508830787e-13
6.27824289805e-09	-5.54782565373e-13
6.27930178438e-09	-5.536479478e-13
6.2803606707e-09	-5.55693403619e-13
6.28141955702e-09	-5.56023055289e-13
6.28247844335e-09	-5.55331605354e-13
6.28353732967e-09	-5.57389095816e-13
6.28459621599e-09	-5.57666326312e-13
6.28565510231e-09	-5.57140596678e-13
6.28671398864e-09	-5.55846113495e-13
6.28777287496e-09	-5.54168256423e-13
6.28883176128e-09	-5.52244393878e-13
6.28989064761e-09	-5.52528238006e-13
6.29094953393e-09	-5.52044412787e-13
6.29200842025e-09	-5.50570223093e-13
6.29306730658e-09	-5.49591839052e-13
6.2941261929e-09	-5.50503056768e-13
6.29518507922e-09	-5.49003442533e-13
6.29624396555e-09	-5.50114316079e-13
6.29730285187e-09	-5.50874612853e-13
6.29836173819e-09	-5.5071366304e-13
6.29942062451e-09	-5.50246914005e-13
6.30047951084e-09	-5.51314582094e-13
6.30153839716e-09	-5.53428071599e-13
6.30259728348e-09	-5.53612114918e-13
6.30365616981e-09	-5.52708107147e-13
6.30471505613e-09	-5.51214347604e-13
6.30577394245e-09	-5.51783499534e-13
6.30683282878e-09	-5.49696518772e-13
6.3078917151e-09	-5.44795382851e-13
6.30895060142e-09	-5.43664397355e-13
6.31000948775e-09	-5.42426130054e-13
6.31106837407e-09	-5.42702167927e-13
6.31212726039e-09	-5.42641181555e-13
6.31318614671e-09	-5.46774106026e-13
6.31424503304e-09	-5.47003523206e-13
6.31530391936e-09	-5.48816092398e-13
6.31636280568e-09	-5.48528887243e-13
6.31742169201e-09	-5.4675084989e-13
6.31848057833e-09	-5.47284006308e-13
6.31953946465e-09	-5.45851178927e-13
6.32059835098e-09	-5.4628176982e-13
6.3216572373e-09	-5.44232519294e-13
6.32271612362e-09	-5.40815059836e-13
6.32377500994e-09	-5.43551531909e-13
6.32483389627e-09	-5.42756215405e-13
6.32589278259e-09	-5.40361700697e-13
6.32695166891e-09	-5.40595454686e-13
6.32801055524e-09	-5.41744546358e-13
6.32906944156e-09	-5.39926881416e-13
6.33012832788e-09	-5.4017814527e-13
6.33118721421e-09	-5.40667716761e-13
6.33224610053e-09	-5.40940122556e-13
6.33330498685e-09	-5.41967295695e-13
6.33436387318e-09	-5.45111698835e-13
6.3354227595e-09	-5.41718362876e-13
6.33648164582e-09	-5.40324295722e-13
6.33754053214e-09	-5.39432756276e-13
6.33859941847e-09	-5.38991702832e-13
6.33965830479e-09	-5.38337224191e-13
6.34071719111e-09	-5.38901009321e-13
6.34177607744e-09	-5.38854388627e-13
6.34283496376e-09	-5.36948415418e-13
6.34389385008e-09	-5.35918911245e-13
6.34495273641e-09	-5.36144154246e-13
6.34601162273e-09	-5.35308180161e-13
6.34707050905e-09	-5.35659082194e-13
6.34812939538e-09	-5.36411410082e-13
6.3491882817e-09	-5.35673502083e-13
6.35024716802e-09	-5.362806553e-13
6.35130605434e-09	-5.37009781261e-13
6.35236494067e-09	-5.36120301799e-13
6.35342382699e-09	-5.38078425132e-13
6.35448271331e-09	-5.36890247971e-13
6.35554159964e-09	-5.33941814373e-13
6.35660048596e-09	-5.32245905335e-13
6.35765937228e-09	-5.32503078091e-13
6.35871825861e-09	-5.32300494915e-13
6.35977714493e-09	-5.32255934205e-13
6.36083603125e-09	-5.29367077517e-13
6.36189491757e-09	-5.31500624762e-13
6.3629538039e-09	-5.31419472229e-13
6.36401269022e-09	-5.3019210116e-13
6.36507157654e-09	-5.32228991781e-13
6.36613046287e-09	-5.29676617237e-13
6.36718934919e-09	-5.30605290608e-13
6.36824823551e-09	-5.29108224248e-13
6.36930712184e-09	-5.29646476417e-13
6.37036600816e-09	-5.30634130386e-13
6.37142489448e-09	-5.28613448587e-13
6.37248378081e-09	-5.27540467907e-13
6.37354266713e-09	-5.265939052e-13
6.37460155345e-09	-5.27408357872e-13
6.37566043977e-09	-5.29571991727e-13
6.3767193261e-09	-5.2805638551e-13
6.37777821242e-09	-5.26008815498e-13
6.37883709874e-09	-5.24502099739e-13
6.37989598507e-09	-5.26024265379e-13
6.38095487139e-09	-5.2620473083e-13
6.38201375771e-09	-5.26720485804e-13
6.38307264404e-09	-5.24527415859e-13
6.38413153036e-09	-5.23665366712e-13
6.38519041668e-09	-5.23173572606e-13
6.38624930301e-09	-5.23360976952e-13
6.38730818933e-09	-5.24220857695e-13
6.38836707565e-09	-5.24934696405e-13
6.38942596197e-09	-5.24993243323e-13
6.3904848483e-09	-5.26373595319e-13
6.39154373462e-09	-5.25589175047e-13
6.39260262094e-09	-5.24986629689e-13
6.39366150727e-09	-5.24028303389e-13
6.39472039359e-09	-5.22778326704e-13
6.39577927991e-09	-5.2163834233e-13
6.39683816624e-09	-5.22206193218e-13
6.39789705256e-09	-5.20933773548e-13
6.39895593888e-09	-5.20080669069e-13
6.40001482521e-09	-5.20187842454e-13
6.40107371153e-09	-5.19368185611e-13
6.40213259785e-09	-5.19713829264e-13
6.40319148417e-09	-5.18448673749e-13
6.4042503705e-09	-5.19947637462e-13
6.40530925682e-09	-5.18795835285e-13
6.40636814314e-09	-5.20767294305e-13
6.40742702947e-09	-5.19020698815e-13
6.40848591579e-09	-5.20367115283e-13
6.40954480211e-09	-5.20237119443e-13
6.41060368844e-09	-5.18546522995e-13
6.41166257476e-09	-5.17606086031e-13
6.41272146108e-09	-5.14726987162e-13
6.4137803474e-09	-5.14635588918e-13
6.41483923373e-09	-5.14253082392e-13
6.41589812005e-09	-5.12433953777e-13
6.41695700637e-09	-5.13849596553e-13
6.4180158927e-09	-5.13587870149e-13
6.41907477902e-09	-5.15290663871e-13
6.42013366534e-09	-5.14039874035e-13
6.42119255167e-09	-5.15568328047e-13
6.42225143799e-09	-5.15823440819e-13
6.42331032431e-09	-5.1573952357e-13
6.42436921064e-09	-5.16331335326e-13
6.42542809696e-09	-5.13453374869e-13
6.42648698328e-09	-5.11863934485e-13
6.4275458696e-09	-5.10881159425e-13
6.42860475593e-09	-5.09549596527e-13
6.42966364225e-09	-5.08647974001e-13
6.43072252857e-09	-5.09489585937e-13
6.4317814149e-09	-5.08450107104e-13
6.43284030122e-09	-5.06397875022e-13
6.43389918754e-09	-5.07181644772e-13
6.43495807387e-09	-5.07497906546e-13
6.43601696019e-09	-5.09732989325e-13
6.43707584651e-09	-5.10071856714e-13
6.43813473284e-09	-5.11146301067e-13
6.43919361916e-09	-5.10505429163e-13
6.44025250548e-09	-5.11201215907e-13
6.4413113918e-09	-5.10641388115e-13
6.44237027813e-09	-5.08891377388e-13
6.44342916445e-09	-5.08553702622e-13
6.44448805077e-09	-5.0588304162e-13
6.4455469371e-09	-5.06383075662e-13
6.44660582342e-09	-5.04035344278e-13
6.44766470974e-09	-5.03258513421e-13
6.44872359607e-09	-5.01367664833e-13
6.44978248239e-09	-5.0229980765e-13
6.45084136871e-09	-5.01841894863e-13
6.45190025504e-09	-5.02446012313e-13
6.45295914136e-09	-5.05174786551e-13
6.45401802768e-09	-5.04950790382e-13
6.455076914e-09	-5.06688115944e-13
6.45613580033e-09	-5.07559109759e-13
6.45719468665e-09	-5.04882810906e-13
6.45825357297e-09	-5.05417593628e-13
6.4593124593e-09	-5.03022048928e-13
6.46037134562e-09	-5.01073629203e-13
6.46143023194e-09	-4.99532761076e-13
6.46248911827e-09	-4.98325230906e-13
6.46354800459e-09	-4.97689996853e-13
6.46460689091e-09	-4.95479308624e-13
6.46566577723e-09	-4.95627681691e-13
6.46672466356e-09	-4.96990957503e-13
6.46778354988e-09	-4.97432932518e-13
6.4688424362e-09	-4.99453831158e-13
6.46990132253e-09	-5.01752068713e-13
6.47096020885e-09	-5.02287285115e-13
6.47201909517e-09	-5.02104217578e-13
6.4730779815e-09	-5.02457450646e-13
6.47413686782e-09	-5.00621842158e-13
6.47519575414e-09	-5.0026844646e-13
6.47625464047e-09	-4.98054071943e-13
6.47731352679e-09	-4.95849455245e-13
6.47837241311e-09	-4.94634823552e-13
6.47943129943e-09	-4.91659339109e-13
6.48049018576e-09	-4.89899570563e-13
6.48154907208e-09	-4.91068665766e-13
6.4826079584e-09	-4.92207836988e-13
6.48366684473e-09	-4.93222270751e-13
6.48472573105e-09	-4.9351131905e-13
6.48578461737e-09	-4.94180326001e-13
6.4868435037e-09	-4.94586793395e-13
6.48790239002e-09	-4.99189231618e-13
6.48896127634e-09	-4.96834507129e-13
6.49002016267e-09	-4.95231676848e-13
6.49107904899e-09	-4.94842556688e-13
6.49213793531e-09	-4.92011054294e-13
6.49319682163e-09	-4.90880556689e-13
6.49425570796e-09	-4.89407451197e-13
6.49531459428e-09	-4.88029159185e-13
6.4963734806e-09	-4.86991740337e-13
6.49743236693e-09	-4.85525573739e-13
6.49849125325e-09	-4.84509893144e-13
6.49955013957e-09	-4.86243857678e-13
6.5006090259e-09	-4.87695062286e-13
6.50166791222e-09	-4.88439800758e-13
6.50272679854e-09	-4.89403277019e-13
6.50378568486e-09	-4.91336084232e-13
6.50484457119e-09	-4.90276927129e-13
6.50590345751e-09	-4.90779237996e-13
6.50696234383e-09	-4.92347319598e-13
6.50802123016e-09	-4.89013668968e-13
6.50908011648e-09	-4.84061196074e-13
6.5101390028e-09	-4.8362469628e-13
6.51119788913e-09	-4.80550007339e-13
6.51225677545e-09	-4.79153500731e-13
6.51331566177e-09	-4.77322554312e-13
6.5143745481e-09	-4.78306793044e-13
6.51543343442e-09	-4.79115770495e-13
6.51649232074e-09	-4.81542377587e-13
6.51755120706e-09	-4.81705007913e-13
6.51861009339e-09	-4.8413383762e-13
6.51966897971e-09	-4.84968944343e-13
6.52072786603e-09	-4.84914625815e-13
6.52178675236e-09	-4.84516398357e-13
6.52284563868e-09	-4.85104849086e-13
6.523904525e-09	-4.83014344667e-13
6.52496341133e-09	-4.81143716449e-13
6.52602229765e-09	-4.79302524319e-13
6.52708118397e-09	-4.77250183817e-13
6.5281400703e-09	-4.75611791704e-13
6.52919895662e-09	-4.74402472601e-13
6.53025784294e-09	-4.72689595798e-13
6.53131672926e-09	-4.73045593582e-13
6.53237561559e-09	-4.74543852564e-13
6.53343450191e-09	-4.73819659723e-13
6.53449338823e-09	-4.77874575848e-13
6.53555227456e-09	-4.80339292647e-13
6.53661116088e-09	-4.80341515261e-13
6.5376700472e-09	-4.81623855381e-13
6.53872893353e-09	-4.81663049289e-13
6.53978781985e-09	-4.80147280442e-13
6.54084670617e-09	-4.7780562059e-13
6.5419055925e-09	-4.73733899331e-13
6.54296447882e-09	-4.73662613038e-13
6.54402336514e-09	-4.6858301744e-13
6.54508225146e-09	-4.66963165184e-13
6.54614113779e-09	-4.66898329894e-13
6.54720002411e-09	-4.6485027199e-13
6.54825891043e-09	-4.64765541591e-13
6.54931779676e-09	-4.67428450546e-13
6.55037668308e-09	-4.69971934633e-13
6.5514355694e-09	-4.71838063412e-13
6.55249445573e-09	-4.75063510665e-13
6.55355334205e-09	-4.73004122849e-13
6.55461222837e-09	-4.72867567585e-13
6.55567111469e-09	-4.74505526017e-13
6.55673000102e-09	-4.71710073346e-13
6.55778888734e-09	-4.69001844739e-13
6.55884777366e-09	-4.66712280801e-13
6.55990665999e-09	-4.65940491485e-13
6.56096554631e-09	-4.63178540661e-13
6.56202443263e-09	-4.62771910636e-13
6.56308331896e-09	-4.6083753133e-13
6.56414220528e-09	-4.60546477257e-13
6.5652010916e-09	-4.63999823806e-13
6.56625997793e-09	-4.6251950837e-13
6.56731886425e-09	-4.64477469073e-13
6.56837775057e-09	-4.66890686269e-13
6.56943663689e-09	-4.68106564795e-13
6.57049552322e-09	-4.69434495616e-13
6.57155440954e-09	-4.67398797617e-13
6.57261329586e-09	-4.66708648724e-13
6.57367218219e-09	-4.65886660847e-13
6.57473106851e-09	-4.63464986875e-13
6.57578995483e-09	-4.59937589316e-13
6.57684884116e-09	-4.57563294979e-13
6.57790772748e-09	-4.56173347794e-13
6.5789666138e-09	-4.53999603753e-13
6.58002550013e-09	-4.57163983319e-13
6.58108438645e-09	-4.55443300261e-13
6.58214327277e-09	-4.5792834585e-13
6.58320215909e-09	-4.59344042837e-13
6.58426104542e-09	-4.58892635263e-13
6.58531993174e-09	-4.63305609155e-13
6.58637881806e-09	-4.62205523421e-13
6.58743770439e-09	-4.63139834643e-13
6.58849659071e-09	-4.60868105831e-13
6.58955547703e-09	-4.60893421952e-13
6.59061436336e-09	-4.57413024558e-13
6.59167324968e-09	-4.5511364859e-13
6.592732136e-09	-4.52397505308e-13
6.59379102233e-09	-4.50406232493e-13
6.59484990865e-09	-4.50398859918e-13
6.59590879497e-09	-4.47481055032e-13
6.59696768129e-09	-4.4755242264e-13
6.59802656762e-09	-4.46962643763e-13
6.59908545394e-09	-4.52282796718e-13
6.60014434026e-09	-4.52905508236e-13
6.60120322659e-09	-4.54033403756e-13
6.60226211291e-09	-4.5552250123e-13
6.60332099923e-09	-4.55760266766e-13
6.60437988556e-09	-4.5474415249e-13
6.60543877188e-09	-4.53477668827e-13
6.6064976582e-09	-4.54153939932e-13
6.60755654452e-09	-4.49229087089e-13
6.60861543085e-09	-4.45534803712e-13
6.60967431717e-09	-4.44541430576e-13
6.61073320349e-09	-4.43968700779e-13
6.61179208982e-09	-4.4036885141e-13
6.61285097614e-09	-4.39521222152e-13
6.61390986246e-09	-4.42729566116e-13
6.61496874879e-09	-4.44031123719e-13
6.61602763511e-09	-4.45967671429e-13
6.61708652143e-09	-4.49274433845e-13
6.61814540776e-09	-4.49638129464e-13
6.61920429408e-09	-4.50296402813e-13
6.6202631804e-09	-4.49239820691e-13
6.62132206672e-09	-4.48739732439e-13
6.62238095305e-09	-4.49189107134e-13
6.62343983937e-09	-4.43521413172e-13
6.62449872569e-09	-4.43811979355e-13
6.62555761202e-09	-4.39357887095e-13
6.62661649834e-09	-4.352409275e-13
6.62767538466e-09	-4.36497029927e-13
6.62873427099e-09	-4.35271176741e-13
6.62979315731e-09	-4.35159558127e-13
6.63085204363e-09	-4.38505406031e-13
6.63191092996e-09	-4.37480699453e-13
6.63296981628e-09	-4.3837470546e-13
6.6340287026e-09	-4.40675328259e-13
6.63508758892e-09	-4.40944942235e-13
6.63614647525e-09	-4.41910044799e-13
6.63720536157e-09	-4.40519799458e-13
6.63826424789e-09	-4.39457796325e-13
6.63932313422e-09	-4.38170767031e-13
6.64038202054e-09	-4.36556498416e-13
6.64144090686e-09	-4.34211775693e-13
6.64249979319e-09	-4.32807218884e-13
6.64355867951e-09	-4.29146681299e-13
6.64461756583e-09	-4.28191878656e-13
6.64567645215e-09	-4.28972368694e-13
6.64673533848e-09	-4.30229040328e-13
6.6477942248e-09	-4.32229393336e-13
6.64885311112e-09	-4.35252474253e-13
6.64991199745e-09	-4.33680326893e-13
6.65097088377e-09	-4.34888995475e-13
6.65202977009e-09	-4.34802936928e-13
6.65308865642e-09	-4.35156657886e-13
6.65414754274e-09	-4.36256038889e-13
6.65520642906e-09	-4.32732707089e-13
6.65626531539e-09	-4.30560182776e-13
6.65732420171e-09	-4.27035577039e-13
6.65838308803e-09	-4.24438208104e-13
6.65944197435e-09	-4.23398729271e-13
6.66050086068e-09	-4.21163917543e-13
6.661559747e-09	-4.22409638734e-13
6.66261863332e-09	-4.23821595224e-13
6.66367751965e-09	-4.25164704875e-13
6.66473640597e-09	-4.27095343683e-13
6.66579529229e-09	-4.28388119249e-13
6.66685417862e-09	-4.28612332258e-13
6.66791306494e-09	-4.29847021692e-13
6.66897195126e-09	-4.29195605922e-13
6.67003083759e-09	-4.2700882435e-13
6.67108972391e-09	-4.25959587698e-13
6.67214861023e-09	-4.22137693724e-13
6.67320749655e-09	-4.23179855958e-13
6.67426638288e-09	-4.22003198445e-13
6.6753252692e-09	-4.19651726563e-13
6.67638415552e-09	-4.17628063208e-13
6.67744304185e-09	-4.17722958003e-13
6.67850192817e-09	-4.17796439806e-13
6.67956081449e-09	-4.15693250221e-13
6.68061970082e-09	-4.18516810834e-13
6.68167858714e-09	-4.21118218422e-13
6.68273747346e-09	-4.20563865851e-13
6.68379635979e-09	-4.20677544449e-13
6.68485524611e-09	-4.21922588013e-13
6.68591413243e-09	-4.22765772043e-13
6.68697301875e-09	-4.21422174501e-13
6.68803190508e-09	-4.18847790652e-13
6.6890907914e-09	-4.15221513856e-13
6.69014967772e-09	-4.12390092778e-13
6.69120856405e-09	-4.1044273015e-13
6.69226745037e-09	-4.10691039553e-13
6.69332633669e-09	-4.11614671384e-13
6.69438522302e-09	-4.10074995879e-13
6.69544410934e-09	-4.08134192675e-13
6.69650299566e-09	-4.10663365293e-13
6.69756188198e-09	-4.14370388046e-13
6.69862076831e-09	-4.14852939327e-13
6.69967965463e-09	-4.15200670069e-13
6.70073854095e-09	-4.14165961726e-13
6.70179742728e-09	-4.14634011804e-13
6.7028563136e-09	-4.14948701484e-13
6.70391519992e-09	-4.12957157619e-13
6.70497408625e-09	-4.09808824245e-13
6.70603297257e-09	-4.09254471674e-13
6.70709185889e-09	-4.08245729973e-13
6.70815074522e-09	-4.07100866689e-13
6.70920963154e-09	-4.05845902674e-13
6.71026851786e-09	-4.03461714992e-13
6.71132740418e-09	-4.01177951536e-13
6.71238629051e-09	-4.01328926689e-13
6.71344517683e-09	-4.03248072954e-13
6.71450406315e-09	-4.05910765069e-13
6.71556294948e-09	-4.06781867305e-13
6.7166218358e-09	-4.07357849709e-13
6.71768072212e-09	-4.0692893933e-13
6.71873960845e-09	-4.07121710476e-13
6.71979849477e-09	-4.06112209833e-13
6.72085738109e-09	-4.05988719206e-13
6.72191626742e-09	-4.04966316557e-13
6.72297515374e-09	-4.03348741126e-13
6.72403404006e-09	-4.00038726103e-13
6.72509292638e-09	-3.96816639877e-13
6.72615181271e-09	-3.95603851327e-13
6.72721069903e-09	-3.96354986592e-13
6.72826958535e-09	-3.96912835715e-13
6.72932847168e-09	-3.98833987754e-13
6.730387358e-09	-3.99445152519e-13
6.73144624432e-09	-3.99466565512e-13
6.73250513065e-09	-4.00108142147e-13
6.73356401697e-09	-3.99290707919e-13
6.73462290329e-09	-3.98751778125e-13
6.73568178962e-09	-3.98655473867e-13
6.73674067594e-09	-3.98118685371e-13
6.73779956226e-09	-3.95109671977e-13
6.73885844858e-09	-3.93399288839e-13
6.73991733491e-09	-3.94207344719e-13
6.74097622123e-09	-3.93122139659e-13
6.74203510755e-09	-3.912137541e-13
6.74309399388e-09	-3.89366002548e-13
6.7441528802e-09	-3.90583209222e-13
6.74521176652e-09	-3.90190267249e-13
6.74627065285e-09	-3.91965539887e-13
6.74732953917e-09	-3.93343045852e-13
6.74838842549e-09	-3.9317990053e-13
6.74944731181e-09	-3.94664281724e-13
6.75050619814e-09	-3.93248611842e-13
6.75156508446e-09	-3.92363740239e-13
6.75262397078e-09	-3.92552337207e-13
6.75368285711e-09	-3.9140096871e-13
6.75474174343e-09	-3.89018380226e-13
6.75580062975e-09	-3.86892395291e-13
6.75685951608e-09	-3.85874410766e-13
6.7579184024e-09	-3.85490169516e-13
6.75897728872e-09	-3.84663600885e-13
6.76003617505e-09	-3.82871360484e-13
6.76109506137e-09	-3.84417866463e-13
6.76215394769e-09	-3.85639491261e-13
6.76321283401e-09	-3.84881227366e-13
6.76427172034e-09	-3.8699664133e-13
6.76533060666e-09	-3.85809846527e-13
6.76638949298e-09	-3.87948543732e-13
6.76744837931e-09	-3.84772156628e-13
6.76850726563e-09	-3.86142100283e-13
6.76956615195e-09	-3.84173162032e-13
6.77062503828e-09	-3.83232914803e-13
6.7716839246e-09	-3.83125145107e-13
6.77274281092e-09	-3.80013051192e-13
6.77380169725e-09	-3.77895441718e-13
6.77486058357e-09	-3.76997017588e-13
6.77591946989e-09	-3.76144861786e-13
6.77697835621e-09	-3.78055578379e-13
6.77803724254e-09	-3.77248986173e-13
6.77909612886e-09	-3.78059806768e-13
6.78015501518e-09	-3.7778910859e-13
6.78121390151e-09	-3.77482062535e-13
6.78227278783e-09	-3.78429709444e-13
6.78333167415e-09	-3.80558459094e-13
6.78439056048e-09	-3.79940138595e-13
6.7854494468e-09	-3.78855231692e-13
6.78650833312e-09	-3.77061446302e-13
6.78756721944e-09	-3.75125820164e-13
6.78862610577e-09	-3.73630786683e-13
6.78968499209e-09	-3.72891631852e-13
6.79074387841e-09	-3.70659395104e-13
6.79180276474e-09	-3.68943916217e-13
6.79286165106e-09	-3.71030734348e-13
6.79392053738e-09	-3.68411139269e-13
6.79497942371e-09	-3.69451485464e-13
6.79603831003e-09	-3.68758463435e-13
6.79709719635e-09	-3.69310837337e-13
6.79815608268e-09	-3.70808527113e-13
6.799214969e-09	-3.69572536636e-13
6.80027385532e-09	-3.68723931596e-13
6.80133274164e-09	-3.6817432241e-13
6.80239162797e-09	-3.68534602791e-13
6.80345051429e-09	-3.70211809342e-13
6.80450940061e-09	-3.68470336708e-13
6.80556828694e-09	-3.66243385445e-13
6.80662717326e-09	-3.6500053739e-13
6.80768605958e-09	-3.63140913824e-13
6.80874494591e-09	-3.60759978748e-13
6.80980383223e-09	-3.60945811e-13
6.81086271855e-09	-3.61590965503e-13
6.81192160488e-09	-3.62045273318e-13
6.8129804912e-09	-3.64256801805e-13
6.81403937752e-09	-3.62586290202e-13
6.81509826384e-09	-3.63765875061e-13
6.81615715017e-09	-3.62329198762e-13
6.81721603649e-09	-3.62502047694e-13
6.81827492281e-09	-3.61089793049e-13
6.81933380914e-09	-3.6083324371e-13
6.82039269546e-09	-3.59895923827e-13
6.82145158178e-09	-3.58592441765e-13
6.82251046811e-09	-3.57438254342e-13
6.82356935443e-09	-3.56432114726e-13
6.82462824075e-09	-3.55810622936e-13
6.82568712708e-09	-3.54324967804e-13
6.8267460134e-09	-3.53754433515e-13
6.82780489972e-09	-3.53726542415e-13
6.82886378604e-09	-3.5331744583e-13
6.82992267237e-09	-3.54341556097e-13
6.83098155869e-09	-3.54139840283e-13
6.83204044501e-09	-3.53896491105e-13
6.83309933134e-09	-3.52846441301e-13
6.83415821766e-09	-3.52511856511e-13
6.83521710398e-09	-3.54465480405e-13
6.83627599031e-09	-3.511716471e-13
6.83733487663e-09	-3.50898916044e-13
6.83839376295e-09	-3.49686615385e-13
6.83945264927e-09	-3.48195403716e-13
6.8405115356e-09	-3.47778744822e-13
6.84157042192e-09	-3.47070354227e-13
6.84262930824e-09	-3.46873707058e-13
6.84368819457e-09	-3.45334438129e-13
6.84474708089e-09	-3.47151642285e-13
6.84580596721e-09	-3.46283846866e-13
6.84686485354e-09	-3.47336552966e-13
6.84792373986e-09	-3.46399178872e-13
6.84898262618e-09	-3.45053738186e-13
6.85004151251e-09	-3.46555954506e-13
6.85110039883e-09	-3.45949695757e-13
6.85215928515e-09	-3.45428140302e-13
6.85321817147e-09	-3.4200116697e-13
6.8542770578e-09	-3.41151233782e-13
6.85533594412e-09	-3.41345658336e-13
6.85639483044e-09	-3.38665456356e-13
6.85745371677e-09	-3.38190115018e-13
6.85851260309e-09	-3.37026738982e-13
6.85957148941e-09	-3.37901175139e-13
6.86063037574e-09	-3.37926057579e-13
6.86168926206e-09	-3.37292531145e-13
6.86274814838e-09	-3.36981744592e-13
6.86380703471e-09	-3.37003970736e-13
6.86486592103e-09	-3.37379565474e-13
6.86592480735e-09	-3.37374740774e-13
6.86698369367e-09	-3.37808638484e-13
6.86804258e-09	-3.3611741862e-13
6.86910146632e-09	-3.35129683336e-13
6.87016035264e-09	-3.33928089173e-13
6.87121923897e-09	-3.33547642631e-13
6.87227812529e-09	-3.32064725109e-13
6.87333701161e-09	-3.31370510458e-13
6.87439589794e-09	-3.29354788884e-13
6.87545478426e-09	-3.29474620329e-13
6.87651367058e-09	-3.29938848595e-13
6.87757255691e-09	-3.30021600325e-13
6.87863144323e-09	-3.30701828768e-13
6.87969032955e-09	-3.28688492439e-13
6.88074921587e-09	-3.28793172159e-13
6.8818081022e-09	-3.28911350196e-13
6.88286698852e-09	-3.28727957398e-13
6.88392587484e-09	-3.28160350456e-13
6.88498476117e-09	-3.28095542271e-13
6.88604364749e-09	-3.27486193545e-13
6.88710253381e-09	-3.25817308246e-13
6.88816142014e-09	-3.23760522515e-13
6.88922030646e-09	-3.21710052261e-13
6.89027919278e-09	-3.2090096639e-13
6.8913380791e-09	-3.21339011173e-13
6.89239696543e-09	-3.20929047226e-13
6.89345585175e-09	-3.20397815267e-13
6.89451473807e-09	-3.20790865659e-13
6.8955736244e-09	-3.20551175664e-13
6.89663251072e-09	-3.20499648956e-13
6.89769139704e-09	-3.20332790241e-13
6.89875028337e-09	-3.21502156495e-13
6.89980916969e-09	-3.19103088137e-13
6.90086805601e-09	-3.18966803924e-13
6.90192694234e-09	-3.196734869e-13
6.90298582866e-09	-3.17241431692e-13
6.90404471498e-09	-3.1685138996e-13
6.9051036013e-09	-3.1439325969e-13
6.90616248763e-09	-3.15296481415e-13
6.90722137395e-09	-3.14284297372e-13
6.90828026027e-09	-3.12304408679e-13
6.9093391466e-09	-3.12911507686e-13
6.91039803292e-09	-3.1200549414e-13
6.91145691924e-09	-3.12965663584e-13
6.91251580557e-09	-3.12361356399e-13
6.91357469189e-09	-3.11151413879e-13
6.91463357821e-09	-3.12882884749e-13
6.91569246454e-09	-3.1106717137e-13
6.91675135086e-09	-3.10337584623e-13
6.91781023718e-09	-3.09448322001e-13
6.9188691235e-09	-3.09982643937e-13
6.91992800983e-09	-3.09049335602e-13
6.92098689615e-09	-3.07671721217e-13
6.92204578247e-09	-3.06843580492e-13
6.9231046688e-09	-3.06130067042e-13
6.92416355512e-09	-3.054450139e-13
6.92522244144e-09	-3.05411430737e-13
6.92628132777e-09	-3.04355038351e-13
6.92734021409e-09	-3.03904850504e-13
6.92839910041e-09	-3.03545274853e-13
6.92945798673e-09	-3.03397877568e-13
6.93051687306e-09	-3.02496905562e-13
6.93157575938e-09	-3.01779272145e-13
6.9326346457e-09	-3.01332038748e-13
6.93369353203e-09	-3.01228768491e-13
6.93475241835e-09	-3.00453618148e-13
6.93581130467e-09	-3.0020517322e-13
6.936870191e-09	-2.99006425088e-13
6.93792907732e-09	-2.97814263485e-13
6.93898796364e-09	-2.97805400132e-13
6.94004684997e-09	-2.95968246656e-13
6.94110573629e-09	-2.9766499595e-13
6.94216462261e-09	-2.97973776729e-13
6.94322350893e-09	-2.97194587733e-13
6.94428239526e-09	-2.96186821814e-13
6.94534128158e-09	-2.95861967738e-13
6.9464001679e-09	-2.9492993334e-13
6.94745905423e-09	-2.93662040214e-13
6.94851794055e-09	-2.93540880622e-13
6.94957682687e-09	-2.93617208455e-13
6.9506357132e-09	-2.92632671567e-13
6.95169459952e-09	-2.91243537533e-13
6.95275348584e-09	-2.89824913201e-13
6.95381237217e-09	-2.90349531527e-13
6.95487125849e-09	-2.91651766756e-13
6.95593014481e-09	-2.89214127907e-13
6.95698903113e-09	-2.88393603703e-13
6.95804791746e-09	-2.89184556293e-13
6.95910680378e-09	-2.8753114798e-13
6.9601656901e-09	-2.87634716392e-13
6.96122457643e-09	-2.85939457875e-13
6.96228346275e-09	-2.85772734686e-13
6.96334234907e-09	-2.85097032787e-13
6.9644012354e-09	-2.82047334706e-13
6.96546012172e-09	-2.84158493177e-13
6.96651900804e-09	-2.83119176974e-13
6.96757789437e-09	-2.82897186579e-13
6.96863678069e-09	-2.82657930265e-13
6.96969566701e-09	-2.81541229132e-13
6.97075455333e-09	-2.81530956317e-13
6.97181343966e-09	-2.79939943839e-13
6.97287232598e-09	-2.79842013277e-13
6.9739312123e-09	-2.78401271221e-13
6.97499009863e-09	-2.79230089571e-13
6.97604898495e-09	-2.78184322366e-13
6.97710787127e-09	-2.7813146751e-13
6.9781667576e-09	-2.77167557568e-13
6.97922564392e-09	-2.75954064287e-13
6.98028453024e-09	-2.7703108362e-13
6.98134341656e-09	-2.74977984176e-13
6.98240230289e-09	-2.7278925104e-13
6.98346118921e-09	-2.71920398524e-13
6.98452007553e-09	-2.72937163322e-13
6.98557896186e-09	-2.72932934933e-13
6.98663784818e-09	-2.73162731584e-13
6.9876967345e-09	-2.72830667563e-13
6.98875562083e-09	-2.73413995437e-13
6.98981450715e-09	-2.71527673392e-13
6.99087339347e-09	-2.69449339143e-13
6.9919322798e-09	-2.69039564932e-13
6.99299116612e-09	-2.68736584635e-13
6.99405005244e-09	-2.69071711526e-13
6.99510893876e-09	-2.69020726919e-13
6.99616782509e-09	-2.66233541289e-13
6.99722671141e-09	-2.65665365141e-13
6.99828559773e-09	-2.65234340567e-13
6.99934448406e-09	-2.63565672108e-13
7.00040337038e-09	-2.63502164966e-13
7.0014622567e-09	-2.63342895667e-13
7.00252114303e-09	-2.63420036652e-13
7.00358002935e-09	-2.62819307333e-13
7.00463891567e-09	-2.6367620652e-13
7.005697802e-09	-2.64392538895e-13
7.00675668832e-09	-2.64993430844e-13
7.00781557464e-09	-2.62970716166e-13
7.00887446096e-09	-2.62789735719e-13
7.00993334729e-09	-2.60536872024e-13
7.01099223361e-09	-2.57830649192e-13
7.01205111993e-09	-2.59137953066e-13
7.01311000626e-09	-2.5855107443e-13
7.01416889258e-09	-2.57506499847e-13
7.0152277789e-09	-2.58481821017e-13
7.01628666523e-09	-2.5658942744e-13
7.01734555155e-09	-2.56709936511e-13
7.01840443787e-09	-2.55669969787e-13
7.0194633242e-09	-2.55429683481e-13
7.02052221052e-09	-2.55327524531e-13
7.02158109684e-09	-2.53701085747e-13
7.02263998316e-09	-2.52726089838e-13
7.02369886949e-09	-2.52862753522e-13
7.02475775581e-09	-2.53515063759e-13
7.02581664213e-09	-2.52989740702e-13
7.02687552846e-09	-2.52342743055e-13
7.02793441478e-09	-2.50224184905e-13
7.0289933011e-09	-2.48686379649e-13
7.03005218743e-09	-2.48408905208e-13
7.03111107375e-09	-2.478259297e-13
7.03216996007e-09	-2.47760850464e-13
7.03322884639e-09	-2.46346373205e-13
7.03428773272e-09	-2.46763818147e-13
7.03534661904e-09	-2.48324635594e-13
7.03640550536e-09	-2.47956250801e-13
7.03746439169e-09	-2.47129275594e-13
7.03852327801e-09	-2.45365116029e-13
7.03958216433e-09	-2.4467428951e-13
7.04064105066e-09	-2.43261790919e-13
7.04169993698e-09	-2.4189987036e-13
7.0427588233e-09	-2.41988070207e-13
7.04381770963e-09	-2.3976618759e-13
7.04487659595e-09	-2.42223342078e-13
7.04593548227e-09	-2.40511251323e-13
7.04699436859e-09	-2.37544738654e-13
7.04805325492e-09	-2.37781907879e-13
7.04911214124e-09	-2.38884514383e-13
7.05017102756e-09	-2.39543058783e-13
7.05122991389e-09	-2.39100622981e-13
7.05228880021e-09	-2.38538735205e-13
7.05334768653e-09	-2.38217757152e-13
7.05440657286e-09	-2.38157529722e-13
7.05546545918e-09	-2.37455915391e-13
7.0565243455e-09	-2.36576708744e-13
7.05758323183e-09	-2.36965232592e-13
7.05864211815e-09	-2.34477042817e-13
7.05970100447e-09	-2.33678365286e-13
7.06075989079e-09	-2.32552963431e-13
7.06181877712e-09	-2.29565498555e-13
7.06287766344e-09	-2.30836427447e-13
7.06393654976e-09	-2.31562355011e-13
7.06499543609e-09	-2.30647261273e-13
7.06605432241e-09	-2.30264944482e-13
7.06711320873e-09	-2.28982441732e-13
7.06817209506e-09	-2.29832781496e-13
7.06923098138e-09	-2.30657235933e-13
7.0702898677e-09	-2.30305981534e-13
7.07134875402e-09	-2.31058499157e-13
7.07240764035e-09	-2.30873263216e-13
7.07346652667e-09	-2.2791116867e-13
7.07452541299e-09	-2.27926943812e-13
7.07558429932e-09	-2.24518550995e-13
7.07664318564e-09	-2.23016809013e-13
7.07770207196e-09	-2.23038208453e-13
7.07876095829e-09	-2.2399077493e-13
7.07981984461e-09	-2.22615261186e-13
7.08087873093e-09	-2.21157537813e-13
7.08193761726e-09	-2.21540911701e-13
7.08299650358e-09	-2.2274715438e-13
7.0840553899e-09	-2.22659754133e-13
7.08511427622e-09	-2.22913972437e-13
7.08617316255e-09	-2.20871227124e-13
7.08723204887e-09	-2.20514836317e-13
7.08829093519e-09	-2.1911136371e-13
7.08934982152e-09	-2.19487459891e-13
7.09040870784e-09	-2.18841031451e-13
7.09146759416e-09	-2.17103800757e-13
7.09252648049e-09	-2.16220934928e-13
7.09358536681e-09	-2.14127313428e-13
7.09464425313e-09	-2.1353811731e-13
7.09570313946e-09	-2.13049074368e-13
7.09676202578e-09	-2.12022565303e-13
7.0978209121e-09	-2.12795493032e-13
7.09887979842e-09	-2.1197980708e-13
7.09993868475e-09	-2.11688143143e-13
7.10099757107e-09	-2.1216203436e-13
7.10205645739e-09	-2.12349709756e-13
7.10311534372e-09	-2.12482185709e-13
7.10417423004e-09	-2.11401181933e-13
7.10523311636e-09	-2.09803040826e-13
7.10629200269e-09	-2.09421279688e-13
7.10735088901e-09	-2.08328512319e-13
7.10840977533e-09	-2.06746552929e-13
7.10946866166e-09	-2.04896483894e-13
7.11052754798e-09	-2.04244932599e-13
7.1115864343e-09	-2.04593815305e-13
7.11264532062e-09	-2.03372000772e-13
7.11370420695e-09	-2.03579910091e-13
7.11476309327e-09	-2.03453614091e-13
7.11582197959e-09	-2.03245447273e-13
7.11688086592e-09	-2.03577958527e-13
7.11793975224e-09	-2.02444641996e-13
7.11899863856e-09	-2.02743353247e-13
7.12005752489e-09	-2.02484459321e-13
7.12111641121e-09	-2.00879975631e-13
7.12217529753e-09	-1.9950940856e-13
7.12323418385e-09	-1.99092058486e-13
7.12429307018e-09	-1.97849034248e-13
7.1253519565e-09	-1.96725556852e-13
7.12641084282e-09	-1.94527296289e-13
7.12746972915e-09	-1.93193077096e-13
7.12852861547e-09	-1.93698139125e-13
7.12958750179e-09	-1.91873792787e-13
7.13064638812e-09	-1.9236192771e-13
7.13170527444e-09	-1.92485228603e-13
7.13276416076e-09	-1.92508688027e-13
7.13382304709e-09	-1.93525656112e-13
7.13488193341e-09	-1.93157095136e-13
7.13594081973e-09	-1.92705741772e-13
7.13699970605e-09	-1.91954850452e-13
7.13805859238e-09	-1.90281208216e-13
7.1391174787e-09	-1.88860469689e-13
7.14017636502e-09	-1.88079911888e-13
7.14123525135e-09	-1.87093328568e-13
7.14229413767e-09	-1.8565166494e-13
7.14335302399e-09	-1.84123414215e-13
7.14441191032e-09	-1.82993797524e-13
7.14547079664e-09	-1.83854816679e-13
7.14652968296e-09	-1.83049661041e-13
7.14758856929e-09	-1.82983768654e-13
7.14864745561e-09	-1.82982806424e-13
7.14970634193e-09	-1.82709086033e-13
7.15076522825e-09	-1.82392648077e-13
7.15182411458e-09	-1.82244193694e-13
7.1528830009e-09	-1.82503412881e-13
7.15394188722e-09	-1.81102135783e-13
7.15500077355e-09	-1.82092608678e-13
7.15605965987e-09	-1.79968683727e-13
7.15711854619e-09	-1.77861916276e-13
7.15817743252e-09	-1.76875183879e-13
7.15923631884e-09	-1.75066937943e-13
7.16029520516e-09	-1.75697550584e-13
7.16135409149e-09	-1.73902762308e-13
7.16241297781e-09	-1.71598642956e-13
7.16347186413e-09	-1.72359386963e-13
7.16453075045e-09	-1.71898072491e-13
7.16558963678e-09	-1.73699271112e-13
7.1666485231e-09	-1.73436975502e-13
7.16770740942e-09	-1.74140595607e-13
7.16876629575e-09	-1.74407078948e-13
7.16982518207e-09	-1.72156681814e-13
7.17088406839e-09	-1.70988088055e-13
7.17194295472e-09	-1.69997981078e-13
7.17300184104e-09	-1.68794814823e-13
7.17406072736e-09	-1.66657391555e-13
7.17511961368e-09	-1.66103364244e-13
7.17617850001e-09	-1.64222788471e-13
7.17723738633e-09	-1.6282739317e-13
7.17829627265e-09	-1.62168699693e-13
7.17935515898e-09	-1.62654273188e-13
7.1804140453e-09	-1.62085148363e-13
7.18147293162e-09	-1.62622289224e-13
7.18253181795e-09	-1.63124749169e-13
7.18359070427e-09	-1.62158887663e-13
7.18464959059e-09	-1.62859404239e-13
7.18570847692e-09	-1.62451527382e-13
7.18676736324e-09	-1.61504503889e-13
7.18782624956e-09	-1.59364627614e-13
7.18888513588e-09	-1.58918708813e-13
7.18994402221e-09	-1.56608585692e-13
7.19100290853e-09	-1.56465972448e-13
7.19206179485e-09	-1.54807075362e-13
7.19312068118e-09	-1.54809541922e-13
7.1941795675e-09	-1.55532176222e-13
7.19523845382e-09	-1.5409617755e-13
7.19629734015e-09	-1.52923992371e-13
7.19735622647e-09	-1.5253550918e-13
7.19841511279e-09	-1.5492842469e-13
7.19947399912e-09	-1.55809284745e-13
7.20053288544e-09	-1.53802182578e-13
7.20159177176e-09	-1.54717750655e-13
7.20265065808e-09	-1.53491843259e-13
7.20370954441e-09	-1.53858872799e-13
7.20476843073e-09	-1.52673988903e-13
7.20582731705e-09	-1.49607973579e-13
7.20688620338e-09	-1.48648264921e-13
7.2079450897e-09	-1.4596028379e-13
7.20900397602e-09	-1.46379097537e-13
7.21006286235e-09	-1.46128755255e-13
7.21112174867e-09	-1.45076116918e-13
7.21218063499e-09	-1.46217714043e-13
7.21323952131e-09	-1.4405661451e-13
7.21429840764e-09	-1.45449827855e-13
7.21535729396e-09	-1.45744459795e-13
7.21641618028e-09	-1.45738754181e-13
7.21747506661e-09	-1.45984569919e-13
7.21853395293e-09	-1.45493927778e-13
7.21959283925e-09	-1.45798927402e-13
7.22065172558e-09	-1.42939466144e-13
7.2217106119e-09	-1.42217414603e-13
7.22276949822e-09	-1.42304679325e-13
7.22382838455e-09	-1.39901585867e-13
7.22488727087e-09	-1.40088773372e-13
7.22594615719e-09	-1.37431664898e-13
7.22700504351e-09	-1.36217534648e-13
7.22806392984e-09	-1.37499170036e-13
7.22912281616e-09	-1.37090222529e-13
7.23018170248e-09	-1.37678971414e-13
7.23124058881e-09	-1.37781469177e-13
7.23229947513e-09	-1.38169423819e-13
7.23335836145e-09	-1.40069962465e-13
7.23441724778e-09	-1.37834513768e-13
7.2354761341e-09	-1.36704504054e-13
7.23653502042e-09	-1.36386805712e-13
7.23759390675e-09	-1.35673522655e-13
7.23865279307e-09	-1.34853188186e-13
7.23971167939e-09	-1.33888641276e-13
7.24077056571e-09	-1.30383212365e-13
7.24182945204e-09	-1.30312210675e-13
7.24288833836e-09	-1.29546126972e-13
7.24394722468e-09	-1.2944159633e-13
7.24500611101e-09	-1.29938174478e-13
7.24606499733e-09	-1.29859271665e-13
7.24712388365e-09	-1.28984984585e-13
7.24818276998e-09	-1.30352800494e-13
7.2492416563e-09	-1.29307073946e-13
7.25030054262e-09	-1.30310204901e-13
7.25135942895e-09	-1.26940707837e-13
7.25241831527e-09	-1.25468117341e-13
7.25347720159e-09	-1.24446161926e-13
7.25453608791e-09	-1.2512339526e-13
7.25559497424e-09	-1.25221190296e-13
7.25665386056e-09	-1.24248186609e-13
7.25771274688e-09	-1.23174812906e-13
7.25877163321e-09	-1.20387369778e-13
7.25983051953e-09	-1.19430507151e-13
7.26088940585e-09	-1.19453505789e-13
7.26194829218e-09	-1.1884129748e-13
7.2630071785e-09	-1.21297313556e-13
7.26406606482e-09	-1.1900850856e-13
7.26512495114e-09	-1.20597081583e-13
7.26618383747e-09	-1.19848629718e-13
7.26724272379e-09	-1.18349489822e-13
7.26830161011e-09	-1.20115736476e-13
7.26936049644e-09	-1.17809597798e-13
7.27041938276e-09	-1.16824573019e-13
7.27147826908e-09	-1.14888038861e-13
7.27253715541e-09	-1.1449210178e-13
7.27359604173e-09	-1.12480527279e-13
7.27465492805e-09	-1.10319542943e-13
7.27571381438e-09	-1.11946943957e-13
7.2767727007e-09	-1.10499730568e-13
7.27783158702e-09	-1.12005917778e-13
7.27889047334e-09	-1.09545998574e-13
7.27994935967e-09	-1.12001337024e-13
7.28100824599e-09	-1.11783459821e-13
7.28206713231e-09	-1.1155497099e-13
7.28312601864e-09	-1.13854550245e-13
7.28418490496e-09	-1.11581506838e-13
7.28524379128e-09	-1.08798569925e-13
7.28630267761e-09	-1.07573414694e-13
7.28736156393e-09	-1.04890841022e-13
7.28842045025e-09	-1.07484726957e-13
7.28947933658e-09	-1.02539104865e-13
7.2905382229e-09	-1.0427889021e-13
7.29159710922e-09	-1.04599963131e-13
7.29265599554e-09	-1.03416874944e-13
7.29371488187e-09	-1.00671797016e-13
7.29477376819e-09	-1.01740495098e-13
7.29583265451e-09	-1.01265831387e-13
7.29689154084e-09	-1.01921556861e-13
7.29795042716e-09	-1.0104756116e-13
7.29900931348e-09	-9.80866524613e-14
7.30006819981e-09	-1.02615473356e-13
7.30112708613e-09	-1.04260296143e-13
7.30218597245e-09	-1.02378609063e-13
7.30324485878e-09	-9.75660863407e-14
7.3043037451e-09	-9.8655452026e-14
7.30536263142e-09	-9.72713120988e-14
7.30642151774e-09	-9.2383749034e-14
7.30748040407e-09	-9.22152978977e-14
7.30853929039e-09	-9.29615881344e-14
7.30959817671e-09	-9.20775974455e-14
7.31065706304e-09	-9.17141661011e-14
7.31171594936e-09	-9.30709366997e-14
7.31277483568e-09	-9.64466882552e-14
7.31383372201e-09	-9.32577650628e-14
7.31489260833e-09	-9.29287435848e-14
7.31595149465e-09	-9.48844477923e-14
7.31701038097e-09	-8.9561699528e-14
7.3180692673e-09	-9.1712749862e-14
7.31912815362e-09	-9.18439179961e-14
7.32018703994e-09	-9.17833246471e-14
7.32124592627e-09	-8.61538352595e-14
7.32230481259e-09	-8.63550835115e-14
7.32336369891e-09	-8.91067615202e-14
7.32442258524e-09	-8.59933259041e-14
7.32548147156e-09	-8.4385908092e-14
7.32654035788e-09	-8.41020504107e-14
7.32759924421e-09	-8.4814628736e-14
7.32865813053e-09	-8.20809281546e-14
7.32971701685e-09	-8.47335575186e-14
7.33077590317e-09	-8.93823047261e-14
7.3318347895e-09	-8.72538667837e-14
7.33289367582e-09	-8.78506048831e-14
7.33395256214e-09	-8.02544676223e-14
7.33501144847e-09	-8.21824569118e-14
7.33607033479e-09	-7.78577777336e-14
7.33712922111e-09	-7.90189379316e-14
7.33818810744e-09	-7.89483970277e-14
7.33924699376e-09	-7.66224852121e-14
7.34030588008e-09	-8.00809139595e-14
7.34136476641e-09	-7.21318892203e-14
7.34242365273e-09	-7.80688786729e-14
7.34348253905e-09	-7.47942764038e-14
7.34454142537e-09	-7.43787288162e-14
7.3456003117e-09	-7.61974305267e-14
7.34665919802e-09	-7.51741063062e-14
7.34771808434e-09	-7.68133115708e-14
7.34877697067e-09	-7.28533580035e-14
7.34983585699e-09	-7.95083467922e-14
7.35089474331e-09	-7.49471421339e-14
7.35195362964e-09	-7.56278584679e-14
7.35301251596e-09	-7.12029041413e-14
7.35407140228e-09	-6.77586310086e-14
7.3551302886e-09	-6.92434933176e-14
7.35618917493e-09	-6.40894536877e-14
7.35724806125e-09	-7.21866549825e-14
7.35830694757e-09	-6.5195685493e-14
7.3593658339e-09	-6.87027068265e-14
7.36042472022e-09	-6.69098904429e-14
7.36148360654e-09	-6.36757221386e-14
7.36254249287e-09	-6.70578908157e-14
7.36360137919e-09	-6.35261564489e-14
7.36466026551e-09	-6.95091364024e-14
7.36571915184e-09	-6.3046485079e-14
7.36677803816e-09	-6.62143815255e-14
7.36783692448e-09	-6.5215275671e-14
7.3688958108e-09	-6.23915185466e-14
7.36995469713e-09	-6.38711563565e-14
7.37101358345e-09	-5.8102895867e-14
7.37207246977e-09	-6.23027020599e-14
7.3731313561e-09	-5.56182297483e-14
7.37419024242e-09	-5.62158826434e-14
7.37524912874e-09	-5.83317167355e-14
7.37630801507e-09	-5.70871746142e-14
7.37736690139e-09	-6.04301832641e-14
7.37842578771e-09	-5.64008204289e-14
7.37948467404e-09	-5.89980538382e-14
7.38054356036e-09	-5.47654268126e-14
7.38160244668e-09	-5.5815612142e-14
7.382661333e-09	-5.4335791373e-14
7.38372021933e-09	-5.65285258923e-14
7.38477910565e-09	-5.47211676471e-14
7.38583799197e-09	-5.13213603559e-14
7.3868968783e-09	-5.61842747619e-14
7.38795576462e-09	-4.82692804184e-14
7.38901465094e-09	-4.99906173857e-14
7.39007353727e-09	-4.61757978317e-14
7.39113242359e-09	-4.6795876771e-14
7.39219130991e-09	-4.67867423677e-14
7.39325019624e-09	-4.44914694279e-14
7.39430908256e-09	-5.1579298829e-14
7.39536796888e-09	-4.76226351377e-14
7.3964268552e-09	-5.14938806385e-14
7.39748574153e-09	-4.74296268222e-14
7.39854462785e-09	-4.58067015308e-14
7.39960351417e-09	-4.51270931159e-14
7.4006624005e-09	-3.98653075069e-14
7.40172128682e-09	-4.51962652145e-14
7.40278017314e-09	-4.13492075866e-14
7.40383905947e-09	-4.34567102626e-14
7.40489794579e-09	-4.12157219703e-14
7.40595683211e-09	-4.22455344632e-14
7.40701571843e-09	-4.1320245836e-14
7.40807460476e-09	-3.87724486577e-14
7.40913349108e-09	-4.09564451852e-14
7.4101923774e-09	-3.50975623347e-14
7.41125126373e-09	-3.85600060183e-14
7.41231015005e-09	-3.41147771111e-14
7.41336903637e-09	-3.75119450476e-14
7.4144279227e-09	-3.99011810463e-14
7.41548680902e-09	-3.76060402436e-14
7.41654569534e-09	-3.95057386327e-14
7.41760458167e-09	-3.18569701326e-14
7.41866346799e-09	-3.41676658483e-14
7.41972235431e-09	-3.2362801268e-14
7.42078124063e-09	-3.21806519149e-14
7.42184012696e-09	-3.48784958977e-14
7.42289901328e-09	-3.11807905071e-14
7.4239578996e-09	-3.71339447364e-14
7.42501678593e-09	-3.14537756734e-14
7.42607567225e-09	-3.27007301446e-14
7.42713455857e-09	-2.84940663729e-14
7.4281934449e-09	-3.15099915561e-14
7.42925233122e-09	-3.31616549813e-14
7.43031121754e-09	-2.95664642942e-14
7.43137010387e-09	-3.18567973379e-14
7.43242899019e-09	-2.68506937062e-14
7.43348787651e-09	-3.10493818156e-14
7.43454676283e-09	-2.87887017014e-14
7.43560564916e-09	-2.70507188426e-14
7.43666453548e-09	-2.55257546057e-14
7.4377234218e-09	-2.22554857572e-14
7.43878230813e-09	-2.44919593639e-14
7.43984119445e-09	-2.31400608988e-14
7.44090008077e-09	-2.80755355352e-14
7.4419589671e-09	-2.32497957112e-14
7.44301785342e-09	-2.79844235892e-14
7.44407673974e-09	-2.42264450281e-14
7.44513562607e-09	-2.25012235678e-14
7.44619451239e-09	-2.25573699937e-14
7.44725339871e-09	-1.89198988101e-14
7.44831228503e-09	-2.4270480577e-14
7.44937117136e-09	-1.94921949268e-14
7.45043005768e-09	-2.15649133479e-14
7.451488944e-09	-1.9880839054e-14
7.45254783033e-09	-1.92423761116e-14
7.45360671665e-09	-1.94470192716e-14
7.45466560297e-09	-1.49242055346e-14
7.4557244893e-09	-1.65962841479e-14
7.45678337562e-09	-1.27556622762e-14
7.45784226194e-09	-1.45214430622e-14
7.45890114826e-09	-1.52188408631e-14
7.45996003459e-09	-1.70201072474e-14
7.46101892091e-09	-1.83119205834e-14
7.46207780723e-09	-1.54580666843e-14
7.46313669356e-09	-1.47548531552e-14
7.46419557988e-09	-9.97496491873e-15
7.4652544662e-09	-1.04606332819e-14
7.46631335253e-09	-9.49092031772e-15
7.46737223885e-09	-1.06216593274e-14
7.46843112517e-09	-1.06244791e-14
7.4694900115e-09	-1.00253989545e-14
7.47054889782e-09	-1.13874152282e-14
7.47160778414e-09	-6.61879125929e-15
7.47266667046e-09	-8.19119145884e-15
7.47372555679e-09	-4.6883413391e-15
7.47478444311e-09	-6.489147361e-15
7.47584332943e-09	-6.67352906944e-15
7.47690221576e-09	-5.20301803961e-15
7.47796110208e-09	-8.93607816189e-15
7.4790199884e-09	-5.94358826275e-15
7.48007887473e-09	-9.24283114374e-15
7.48113776105e-09	-5.86988834953e-15
7.48219664737e-09	-4.24393999761e-15
7.4832555337e-09	-2.9700325146e-15
7.48431442002e-09	-3.1635011925e-15
7.48537330634e-09	-1.85991918075e-15
7.48643219266e-09	1.46776272556e-15
7.48749107899e-09	-2.96533762274e-15
7.48854996531e-09	-2.81324713958e-15
7.48960885163e-09	-3.37028311075e-15
7.49066773796e-09	-2.06950943673e-15
7.49172662428e-09	-6.00120196152e-17
7.4927855106e-09	5.00053523708e-16
7.49384439693e-09	4.14963304332e-15
7.49490328325e-09	2.23603929053e-15
7.49596216957e-09	7.72245189616e-15
7.49702105589e-09	3.16915746677e-15
7.49807994222e-09	1.8132438537e-15
7.49913882854e-09	2.07780570093e-15
7.50019771486e-09	5.82354548292e-15
7.50125660119e-09	6.77194667462e-15
7.50231548751e-09	5.82892753027e-15
7.50337437383e-09	1.09543027183e-14
7.50443326016e-09	6.84890851172e-15
7.50549214648e-09	9.36710104149e-15
7.5065510328e-09	8.97614790249e-15
7.50760991913e-09	8.90129390688e-15
7.50866880545e-09	9.82490964399e-15
7.50972769177e-09	9.54803490232e-15
7.51078657809e-09	1.07983504002e-14
7.51184546442e-09	1.04182206482e-14
7.51290435074e-09	1.15758885293e-14
7.51396323706e-09	1.25852612701e-14
7.51502212339e-09	1.52677739565e-14
7.51608100971e-09	1.46999705025e-14
7.51713989603e-09	1.14919721281e-14
7.51819878236e-09	1.57734458497e-14
7.51925766868e-09	1.69122714829e-14
7.520316555e-09	2.06032480437e-14
7.52137544133e-09	2.05792617647e-14
7.52243432765e-09	1.8205785661e-14
7.52349321397e-09	2.04969979249e-14
7.52455210029e-09	1.97383172903e-14
7.52561098662e-09	2.14629322751e-14
7.52666987294e-09	1.95031589213e-14
7.52772875926e-09	2.15551013182e-14
7.52878764559e-09	2.02099841989e-14
7.52984653191e-09	1.99687170282e-14
7.53090541823e-09	1.94406614423e-14
7.53196430456e-09	1.95008278866e-14
7.53302319088e-09	2.45084765064e-14
7.5340820772e-09	2.372861666e-14
7.53514096353e-09	2.5564247171e-14
7.53619984985e-09	2.36126849546e-14
7.53725873617e-09	2.28069753567e-14
7.53831762249e-09	2.66153710128e-14
7.53937650882e-09	2.74424563341e-14
7.54043539514e-09	2.931636257e-14
7.54149428146e-09	2.82002391138e-14
7.54255316779e-09	2.6875162794e-14
7.54361205411e-09	2.41944119361e-14
7.54467094043e-09	2.65532834978e-14
7.54572982676e-09	3.06031546946e-14
7.54678871308e-09	3.03013602437e-14
7.5478475994e-09	3.22818486352e-14
7.54890648572e-09	3.28088013842e-14
7.54996537205e-09	3.10700019857e-14
7.55102425837e-09	3.14977366834e-14
7.55208314469e-09	3.11558843503e-14
7.55314203102e-09	3.49323468643e-14
7.55420091734e-09	3.77091580346e-14
7.55525980366e-09	3.40474989782e-14
7.55631868999e-09	3.71700656094e-14
7.55737757631e-09	3.8438988727e-14
7.55843646263e-09	3.90679174666e-14
7.55949534896e-09	3.96053192141e-14
7.56055423528e-09	3.51112944329e-14
7.5616131216e-09	3.73390520705e-14
7.56267200792e-09	3.25151452258e-14
7.56373089425e-09	3.34341082109e-14
7.56478978057e-09	3.82340203063e-14
7.56584866689e-09	3.96606541825e-14
7.56690755322e-09	4.36007532975e-14
7.56796643954e-09	4.25764566832e-14
7.56902532586e-09	4.49620267233e-14
7.57008421219e-09	3.92233514006e-14
7.57114309851e-09	3.53672813421e-14
7.57220198483e-09	3.97038088171e-14
7.57326087116e-09	4.01347486874e-14
7.57431975748e-09	4.12036602212e-14
7.5753786438e-09	4.25717234631e-14
7.57643753012e-09	4.39519026642e-14
7.57749641645e-09	4.62122473534e-14
7.57855530277e-09	4.75951302838e-14
7.57961418909e-09	4.59327535859e-14
7.58067307542e-09	4.72711300171e-14
7.58173196174e-09	4.09289538838e-14
7.58279084806e-09	4.32361733763e-14
7.58384973439e-09	4.74546583398e-14
7.58490862071e-09	4.79327542284e-14
7.58596750703e-09	5.36807231966e-14
7.58702639336e-09	5.34034994774e-14
7.58808527968e-09	4.97299006445e-14
7.589144166e-09	4.8409742198e-14
7.59020305232e-09	4.39347180598e-14
7.59126193865e-09	4.52820493233e-14
7.59232082497e-09	4.9718191261e-14
7.59337971129e-09	4.62662982199e-14
7.59443859762e-09	4.82490532716e-14
7.59549748394e-09	5.36984329615e-14
7.59655637026e-09	4.99621706312e-14
7.59761525659e-09	5.2493965663e-14
7.59867414291e-09	5.02755694335e-14
7.59973302923e-09	5.17789377184e-14
7.60079191555e-09	5.04306645543e-14
7.60185080188e-09	4.60435183904e-14
7.6029096882e-09	5.13505084537e-14
7.60396857452e-09	5.19454339027e-14
7.60502746085e-09	5.29510720752e-14
7.60608634717e-09	5.43896118465e-14
7.60714523349e-09	5.43461048462e-14
7.60820411982e-09	5.57261417458e-14
7.60926300614e-09	5.37946559043e-14
7.61032189246e-09	5.77919873415e-14
7.61138077879e-09	5.79190558361e-14
7.61243966511e-09	5.87771883031e-14
7.61349855143e-09	6.0133193184e-14
7.61455743775e-09	5.68542270012e-14
7.61561632408e-09	6.18403643723e-14
7.6166752104e-09	5.95044711204e-14
7.61773409672e-09	6.24116914833e-14
7.61879298305e-09	6.17756036212e-14
7.61985186937e-09	6.01978793961e-14
7.62091075569e-09	6.06184007612e-14
7.62196964202e-09	6.16390890152e-14
7.62302852834e-09	6.16098223328e-14
7.62408741466e-09	6.33796400779e-14
7.62514630099e-09	6.41558746232e-14
7.62620518731e-09	6.2061067277e-14
7.62726407363e-09	6.62631706233e-14
7.62832295995e-09	6.48962898394e-14
7.62938184628e-09	6.69254758491e-14
7.6304407326e-09	6.78411794515e-14
7.63149961892e-09	6.5153625225e-14
7.63255850525e-09	6.76057110684e-14
7.63361739157e-09	6.50120826314e-14
7.63467627789e-09	6.75301828346e-14
7.63573516422e-09	6.86003310364e-14
7.63679405054e-09	6.87710861023e-14
7.63785293686e-09	7.22084338937e-14
7.63891182318e-09	6.87817180598e-14
7.63997070951e-09	6.87379433971e-14
7.64102959583e-09	7.03209802129e-14
7.64208848215e-09	7.15427337598e-14
7.64314736848e-09	7.30896463144e-14
7.6442062548e-09	7.36138919461e-14
7.64526514112e-09	7.47951505418e-14
7.64632402745e-09	7.42586873069e-14
7.64738291377e-09	7.63618836675e-14
7.64844180009e-09	7.71358278358e-14
7.64950068642e-09	7.81837566693e-14
7.65055957274e-09	7.72948396369e-14
7.65161845906e-09	7.60173445458e-14
7.65267734538e-09	7.65870318011e-14
7.65373623171e-09	7.5929476736e-14
7.65479511803e-09	7.7664098568e-14
7.65585400435e-09	8.00313184864e-14
7.65691289068e-09	8.39598708483e-14
7.657971777e-09	8.104310273e-14
7.65903066332e-09	8.23515585694e-14
7.66008954965e-09	8.18250767707e-14
7.66114843597e-09	8.04818044891e-14
7.66220732229e-09	8.30325662827e-14
7.66326620862e-09	7.98482509496e-14
7.66432509494e-09	8.24815815149e-14
7.66538398126e-09	8.27940621335e-14
7.66644286758e-09	8.5152134096e-14
7.66750175391e-09	8.56287764761e-14
7.66856064023e-09	8.59673863671e-14
7.66961952655e-09	8.50890741872e-14
7.67067841288e-09	8.30057322789e-14
7.6717372992e-09	8.25656749459e-14
7.67279618552e-09	8.24743105841e-14
7.67385507185e-09	8.43668735676e-14
7.67491395817e-09	8.77569840256e-14
7.67597284449e-09	8.65681631197e-14
7.67703173082e-09	9.00670190556e-14
7.67809061714e-09	9.12600886787e-14
7.67914950346e-09	9.04805337642e-14
7.68020838978e-09	8.8160700257e-14
7.68126727611e-09	8.81430819717e-14
7.68232616243e-09	8.72739313001e-14
7.68338504875e-09	8.50572596297e-14
7.68444393508e-09	8.76301594764e-14
7.6855028214e-09	9.00071982007e-14
7.68656170772e-09	9.37579007487e-14
7.68762059405e-09	9.17101952106e-14
7.68867948037e-09	9.26401357427e-14
7.68973836669e-09	9.15976753539e-14
7.69079725301e-09	8.97900054005e-14
7.69185613934e-09	9.19671782305e-14
7.69291502566e-09	9.29244338812e-14
7.69397391198e-09	9.47599000677e-14
7.69503279831e-09	9.74486333641e-14
7.69609168463e-09	9.75680717859e-14
7.69715057095e-09	9.72316506281e-14
7.69820945728e-09	9.65451270362e-14
7.6992683436e-09	9.53335446609e-14
7.70032722992e-09	9.41105307291e-14
7.70138611625e-09	9.54949484831e-14
7.70244500257e-09	9.49934372157e-14
7.70350388889e-09	9.65795097976e-14
7.70456277521e-09	9.8909609344e-14
7.70562166154e-09	9.89331297549e-14
7.70668054786e-09	9.97801355971e-14
7.70773943418e-09	9.9916053892e-14
7.70879832051e-09	1.0051471645e-13
7.70985720683e-09	9.95256597947e-14
7.71091609315e-09	1.01734186396e-13
7.71197497948e-09	1.00344117238e-13
7.7130338658e-09	1.0245799299e-13
7.71409275212e-09	1.0372547954e-13
7.71515163845e-09	1.02207183147e-13
7.71621052477e-09	1.03520009676e-13
7.71726941109e-09	1.01323687125e-13
7.71832829741e-09	1.0106498971e-13
7.71938718374e-09	1.02378534524e-13
7.72044607006e-09	1.02456664843e-13
7.72150495638e-09	1.05687038439e-13
7.72256384271e-09	1.09910913921e-13
7.72362272903e-09	1.09326474739e-13
7.72468161535e-09	1.09345834525e-13
7.72574050168e-09	1.09362659987e-13
7.726799388e-09	1.08150481301e-13
7.72785827432e-09	1.08761070083e-13
7.72891716065e-09	1.04990513082e-13
7.72997604697e-09	1.07742285959e-13
7.73103493329e-09	1.08754083755e-13
7.73209381961e-09	1.10123126167e-13
7.73315270594e-09	1.11379059187e-13
7.73421159226e-09	1.11012700497e-13
7.73527047858e-09	1.11196811578e-13
7.73632936491e-09	1.10551982336e-13
7.73738825123e-09	1.08773457093e-13
7.73844713755e-09	1.06061752263e-13
7.73950602388e-09	1.06476188543e-13
7.7405649102e-09	1.11406103255e-13
7.74162379652e-09	1.14009631813e-13
7.74268268284e-09	1.15645652234e-13
7.74374156917e-09	1.1516684145e-13
7.74480045549e-09	1.17114163419e-13
7.74585934181e-09	1.14858480799e-13
7.74691822814e-09	1.1288890558e-13
7.74797711446e-09	1.15271046831e-13
7.74903600078e-09	1.15812768446e-13
7.75009488711e-09	1.15391623665e-13
7.75115377343e-09	1.15153980101e-13
7.75221265975e-09	1.17867711034e-13
7.75327154608e-09	1.17702587043e-13
7.7543304324e-09	1.16994494604e-13
7.75538931872e-09	1.1736171388e-13
7.75644820504e-09	1.17508325119e-13
7.75750709137e-09	1.19388467211e-13
7.75856597769e-09	1.17838058105e-13
7.75962486401e-09	1.22136662221e-13
7.76068375034e-09	1.18306812914e-13
7.76174263666e-09	1.21263310266e-13
7.76280152298e-09	1.22212868081e-13
7.76386040931e-09	1.1980713188e-13
7.76491929563e-09	1.20846095717e-13
7.76597818195e-09	1.17713374855e-13
7.76703706828e-09	1.22645220802e-13
7.7680959546e-09	1.21213057495e-13
7.76915484092e-09	1.22673084798e-13
7.77021372724e-09	1.24075527413e-13
7.77127261357e-09	1.22104664704e-13
7.77233149989e-09	1.26577608529e-13
7.77339038621e-09	1.21615337158e-13
7.77444927254e-09	1.2600792805e-13
7.77550815886e-09	1.2566588937e-13
7.77656704518e-09	1.24896376878e-13
7.77762593151e-09	1.30627130748e-13
7.77868481783e-09	1.27071164463e-13
7.77974370415e-09	1.30059605121e-13
7.78080259047e-09	1.24256480756e-13
7.7818614768e-09	1.25838887379e-13
7.78292036312e-09	1.24858863483e-13
7.78397924944e-09	1.26068507847e-13
7.78503813577e-09	1.28286907464e-13
7.78609702209e-09	1.24739357298e-13
7.78715590841e-09	1.28226842664e-13
7.78821479474e-09	1.30272759268e-13
7.78927368106e-09	1.34800563724e-13
7.79033256738e-09	1.33160477545e-13
7.79139145371e-09	1.30941440958e-13
7.79245034003e-09	1.32442410446e-13
7.79350922635e-09	1.30886539671e-13
7.79456811267e-09	1.32552809332e-13
7.795626999e-09	1.32014191245e-13
7.79668588532e-09	1.32591921925e-13
7.79774477164e-09	1.35718232442e-13
7.79880365797e-09	1.34960632622e-13
7.79986254429e-09	1.34821746323e-13
7.80092143061e-09	1.32898087066e-13
7.80198031694e-09	1.37532482148e-13
7.80303920326e-09	1.33679376704e-13
7.80409808958e-09	1.37600204126e-13
7.80515697591e-09	1.37451546455e-13
7.80621586223e-09	1.34459649903e-13
7.80727474855e-09	1.38560522648e-13
7.80833363487e-09	1.37703745433e-13
7.8093925212e-09	1.42233908028e-13
7.81045140752e-09	1.40906627729e-13
7.81151029384e-09	1.41545453201e-13
7.81256918017e-09	1.35785534292e-13
7.81362806649e-09	1.38956134468e-13
7.81468695281e-09	1.41206016606e-13
7.81574583914e-09	1.36449404835e-13
7.81680472546e-09	1.42495173647e-13
7.81786361178e-09	1.34690490098e-13
7.81892249811e-09	1.41149082439e-13
7.81998138443e-09	1.38840883777e-13
7.82104027075e-09	1.40215367529e-13
7.82209915707e-09	1.4503933536e-13
7.8231580434e-09	1.41250821261e-13
7.82421692972e-09	1.47172462476e-13
7.82527581604e-09	1.37625276301e-13
7.82633470237e-09	1.46139502409e-13
7.82739358869e-09	1.4255777277e-13
7.82845247501e-09	1.4293332685e-13
7.82951136134e-09	1.44579633638e-13
7.83057024766e-09	1.37525814304e-13
7.83162913398e-09	1.47526874614e-13
7.8326880203e-09	1.40674987935e-13
7.83374690663e-09	1.50380372759e-13
7.83480579295e-09	1.42844083458e-13
7.83586467927e-09	1.45442130019e-13
7.8369235656e-09	1.46485295139e-13
7.83798245192e-09	1.37067616914e-13
7.83904133824e-09	1.50581560025e-13
7.84010022457e-09	1.39845220907e-13
7.84115911089e-09	1.50865553231e-13
7.84221799721e-09	1.47047182915e-13
7.84327688354e-09	1.48411407404e-13
7.84433576986e-09	1.5016216352e-13
7.84539465618e-09	1.43114740978e-13
7.8464535425e-09	1.52492832272e-13
7.84751242883e-09	1.4166230309e-13
7.84857131515e-09	1.49944401513e-13
7.84963020147e-09	1.46683419534e-13
7.8506890878e-09	1.49321053027e-13
7.85174797412e-09	1.54851595414e-13
7.85280686044e-09	1.48859996053e-13
7.85386574677e-09	1.59647834774e-13
7.85492463309e-09	1.46039796467e-13
7.85598351941e-09	1.51924452836e-13
7.85704240574e-09	1.44672007664e-13
7.85810129206e-09	1.51652304538e-13
7.85916017838e-09	1.54658512559e-13
7.8602190647e-09	1.50545591618e-13
7.86127795103e-09	1.59775906156e-13
7.86233683735e-09	1.47161471377e-13
7.86339572367e-09	1.57640339584e-13
7.86445461e-09	1.49980478341e-13
7.86551349632e-09	1.52117020694e-13
7.86657238264e-09	1.54594802129e-13
7.86763126897e-09	1.51529342459e-13
7.86869015529e-09	1.56984641215e-13
7.86974904161e-09	1.46717368615e-13
7.87080792794e-09	1.60545296675e-13
7.87186681426e-09	1.5486235612e-13
7.87292570058e-09	1.59832867427e-13
7.8739845869e-09	1.55523136687e-13
7.87504347323e-09	1.51206602577e-13
7.87610235955e-09	1.552564094e-13
7.87716124587e-09	1.46422424966e-13
7.8782201322e-09	1.62184745885e-13
7.87927901852e-09	1.52481000916e-13
7.88033790484e-09	1.63936071207e-13
7.88139679117e-09	1.56948279785e-13
7.88245567749e-09	1.52983528623e-13
7.88351456381e-09	1.59984167841e-13
7.88457345013e-09	1.47810827163e-13
7.88563233646e-09	1.62465174777e-13
7.88669122278e-09	1.53825777528e-13
7.8877501091e-09	1.64172142677e-13
7.88880899543e-09	1.59812172718e-13
7.88986788175e-09	1.57839439761e-13
7.89092676807e-09	1.66099447564e-13
7.8919856544e-09	1.54851053312e-13
7.89304454072e-09	1.66035384768e-13
7.89410342704e-09	1.54782640155e-13
7.89516231337e-09	1.62425886001e-13
7.89622119969e-09	1.59603030119e-13
7.89728008601e-09	1.60519845029e-13
7.89833897233e-09	1.65473131074e-13
7.89939785866e-09	1.60054125986e-13
7.90045674498e-09	1.67668328765e-13
7.9015156313e-09	1.55112861032e-13
7.90257451763e-09	1.63233752144e-13
7.90363340395e-09	1.5695710248e-13
7.90469229027e-09	1.63923955247e-13
7.9057511766e-09	1.68514575666e-13
7.90681006292e-09	1.63524047276e-13
7.90786894924e-09	1.74298184392e-13
7.90892783557e-09	1.5898588869e-13
7.90998672189e-09	1.6916536802e-13
7.91104560821e-09	1.59779605996e-13
7.91210449453e-09	1.63847315706e-13
7.91316338086e-09	1.66000974902e-13
7.91422226718e-09	1.6049416299e-13
7.9152811535e-09	1.70367395864e-13
7.91634003983e-09	1.60340639962e-13
7.91739892615e-09	1.72582705505e-13
7.91845781247e-09	1.66123476195e-13
7.9195166988e-09	1.70153049094e-13
7.92057558512e-09	1.68937197673e-13
7.92163447144e-09	1.64823707525e-13
7.92269335776e-09	1.70649247771e-13
7.92375224409e-09	1.65826960453e-13
7.92481113041e-09	1.76484993069e-13
7.92587001673e-09	1.66542588097e-13
7.92692890306e-09	1.75352191534e-13
7.92798778938e-09	1.70381815752e-13
7.9290466757e-09	1.66879910498e-13
7.93010556203e-09	1.67805182185e-13
7.93116444835e-09	1.62317398021e-13
7.93222333467e-09	1.75480181601e-13
7.933282221e-09	1.65588964524e-13
7.93434110732e-09	1.73138196488e-13
7.93539999364e-09	1.71971025744e-13
7.93645887996e-09	1.73056420539e-13
7.93751776629e-09	1.78817328783e-13
7.93857665261e-09	1.69078604741e-13
7.93963553893e-09	1.78089002421e-13
7.94069442526e-09	1.68640573511e-13
7.94175331158e-09	1.73533062919e-13
7.9428121979e-09	1.70863147307e-13
7.94387108423e-09	1.71672761727e-13
7.94492997055e-09	1.76952433283e-13
7.94598885687e-09	1.71588614086e-13
7.9470477432e-09	1.79574196767e-13
7.94810662952e-09	1.68904102401e-13
7.94916551584e-09	1.73881972731e-13
7.95022440216e-09	1.72845597427e-13
7.95128328849e-09	1.75137560162e-13
7.95234217481e-09	1.79076534417e-13
7.95340106113e-09	1.75854244903e-13
7.95445994746e-09	1.82633300302e-13
7.95551883378e-09	1.78268370118e-13
7.9565777201e-09	1.83507993957e-13
7.95763660643e-09	1.74738356922e-13
7.95869549275e-09	1.76359171407e-13
7.95975437907e-09	1.7487214747e-13
7.9608132654e-09	1.7127395151e-13
7.96187215172e-09	1.80699381781e-13
7.96293103804e-09	1.76984945796e-13
7.96398992436e-09	1.83709343853e-13
7.96504881069e-09	1.75357870043e-13
7.96610769701e-09	1.80068972428e-13
7.96716658333e-09	1.78260618072e-13
7.96822546966e-09	1.7492057065e-13
7.96928435598e-09	1.83881108582e-13
7.9703432423e-09	1.77136490155e-13
7.97140212863e-09	1.85223838762e-13
7.97246101495e-09	1.80954738498e-13
7.97351990127e-09	1.83539218979e-13
7.97457878759e-09	1.81905434726e-13
7.97563767392e-09	1.8098300907e-13
7.97669656024e-09	1.82376547675e-13
7.97775544656e-09	1.7567049974e-13
7.97881433289e-09	1.81999380844e-13
7.97987321921e-09	1.76525704861e-13
7.98093210553e-09	1.85135828651e-13
7.98199099186e-09	1.85283903563e-13
7.98304987818e-09	1.85854817322e-13
7.9841087645e-09	1.87667034148e-13
7.98516765083e-09	1.77269399789e-13
7.98622653715e-09	1.85733684834e-13
7.98728542347e-09	1.80067725596e-13
7.98834430979e-09	1.8639397751e-13
7.98940319612e-09	1.85417843189e-13
7.99046208244e-09	1.86533039991e-13
7.99152096876e-09	1.90771077863e-13
7.99257985509e-09	1.81372156335e-13
7.99363874141e-09	1.86968713081e-13
7.99469762773e-09	1.82538663004e-13
7.99575651406e-09	1.87389857863e-13
7.99681540038e-09	1.82448457384e-13
7.9978742867e-09	1.85222239564e-13
7.99893317303e-09	1.87253492334e-13
7.99999205935e-09	1.86711486116e-13
8.00105094567e-09	1.93864591264e-13
8.00210983199e-09	1.87920520616e-13
8.00316871832e-09	1.9122518239e-13
8.00422760464e-09	1.8484827113e-13
8.00528649096e-09	1.89063554309e-13
8.00634537729e-09	1.87085020869e-13
8.00740426361e-09	1.86544125958e-13
8.00846314993e-09	1.94149167229e-13
8.00952203626e-09	1.88689707847e-13
8.01058092258e-09	1.95998639953e-13
8.0116398089e-09	1.8623722898e-13
8.01269869523e-09	1.88963374028e-13
8.01375758155e-09	1.85580893643e-13
8.01481646787e-09	1.85849287891e-13
8.01587535419e-09	1.92638738078e-13
8.01693424052e-09	1.88153325927e-13
8.01799312684e-09	1.96362172941e-13
8.01905201316e-09	1.90914450048e-13
8.02011089949e-09	1.94454343036e-13
8.02116978581e-09	1.91591615619e-13
8.02222867213e-09	1.89149680619e-13
8.02328755846e-09	1.91099672436e-13
8.02434644478e-09	1.85144990159e-13
8.0254053311e-09	1.94963972267e-13
8.02646421742e-09	1.89659377613e-13
8.02752310375e-09	1.97786990778e-13
8.02858199007e-09	1.97568971274e-13
8.02964087639e-09	1.98277632919e-13
8.03069976272e-09	1.98745235764e-13
8.03175864904e-09	1.92526333417e-13
8.03281753536e-09	1.95665762781e-13
8.03387642169e-09	1.90181285433e-13
8.03493530801e-09	1.96854156782e-13
8.03599419433e-09	1.94421898286e-13
8.03705308066e-09	1.99265463071e-13
8.03811196698e-09	1.96868400488e-13
8.0391708533e-09	1.93119188718e-13
8.04022973962e-09	1.95722778262e-13
8.04128862595e-09	1.90158801791e-13
8.04234751227e-09	1.98075076848e-13
8.04340639859e-09	1.93233680467e-13
8.04446528492e-09	1.96561273117e-13
8.04552417124e-09	1.98553955395e-13
8.04658305756e-09	1.96996038189e-13
8.04764194389e-09	2.02435358515e-13
8.04870083021e-09	1.94814189737e-13
8.04975971653e-09	1.98730937847e-13
8.05081860286e-09	1.95359163959e-13
8.05187748918e-09	1.99034256958e-13
8.0529363755e-09	1.96873170977e-13
8.05399526182e-09	1.96481015052e-13
8.05505414815e-09	2.01902459595e-13
8.05611303447e-09	1.97908936418e-13
8.05717192079e-09	2.02425532933e-13
8.05823080712e-09	1.96010742359e-13
8.05928969344e-09	1.98741956052e-13
8.06034857976e-09	1.99557167666e-13
8.06140746609e-09	1.98655626454e-13
8.06246635241e-09	2.00678436e-13
8.06352523873e-09	2.00745426141e-13
8.06458412505e-09	2.05383439747e-13
8.06564301138e-09	2.01911905706e-13
8.0667018977e-09	2.0327341969e-13
8.06776078402e-09	1.98793143947e-13
8.06881967035e-09	1.98912351976e-13
8.06987855667e-09	2.02058760891e-13
8.07093744299e-09	1.99788197596e-13
8.07199632932e-09	2.04240243424e-13
8.07305521564e-09	2.03044124483e-13
8.07411410196e-09	2.05638931989e-13
8.07517298829e-09	2.0530880598e-13
8.07623187461e-09	2.04628957008e-13
8.07729076093e-09	2.03669343218e-13
8.07834964725e-09	2.01525889075e-13
8.07940853358e-09	2.05994170831e-13
8.0804674199e-09	2.02104216067e-13
8.08152630622e-09	2.06049343169e-13
8.08258519255e-09	2.03415355306e-13
8.08364407887e-09	2.07375349531e-13
8.08470296519e-09	2.082216913e-13
8.08576185152e-09	2.0511633299e-13
8.08682073784e-09	2.06755267204e-13
8.08787962416e-09	2.01531472717e-13
8.08893851049e-09	2.05435156191e-13
8.08999739681e-09	2.01774916762e-13
8.09105628313e-09	2.04213748234e-13
8.09211516945e-09	2.09689673936e-13
8.09317405578e-09	2.09251466523e-13
8.0942329421e-09	2.10164175017e-13
8.09529182842e-09	2.05601174649e-13
8.09635071475e-09	2.07235812712e-13
8.09740960107e-09	2.0259390953e-13
8.09846848739e-09	2.04675333756e-13
8.09952737372e-09	2.06032063697e-13
8.10058626004e-09	2.05134100353e-13
8.10164514636e-09	2.10454944487e-13
8.10270403269e-09	2.082804144e-13
8.10376291901e-09	2.12532248745e-13
8.10482180533e-09	2.06635435759e-13
8.10588069165e-09	2.07941872271e-13
8.10693957798e-09	2.09136907011e-13
8.1079984643e-09	2.06572795978e-13
8.10905735062e-09	2.09672177624e-13
8.11011623695e-09	2.08274275105e-13
8.11117512327e-09	2.12998387916e-13
8.11223400959e-09	2.12254299965e-13
8.11329289592e-09	2.1129375105e-13
8.11435178224e-09	2.07990674922e-13
8.11541066856e-09	2.07051823603e-13
8.11646955488e-09	2.07814817329e-13
8.11752844121e-09	2.09613820442e-13
8.11858732753e-09	2.12034477975e-13
8.11964621385e-09	2.11024719834e-13
8.12070510018e-09	2.15405547132e-13
8.1217639865e-09	2.11453359163e-13
8.12282287282e-09	2.12419952504e-13
8.12388175915e-09	2.11162250879e-13
8.12494064547e-09	2.09541449947e-13
8.12599953179e-09	2.10971309324e-13
8.12705841812e-09	2.08041496899e-13
8.12811730444e-09	2.15664278428e-13
8.12917619076e-09	2.13991937234e-13
8.13023507708e-09	2.14776059351e-13
8.13129396341e-09	2.16277625149e-13
8.13235284973e-09	2.10457885385e-13
8.13341173605e-09	2.13297912319e-13
8.13447062238e-09	2.08104638123e-13
8.1355295087e-09	2.12719897036e-13
8.13658839502e-09	2.11790518933e-13
8.13764728135e-09	2.13560817793e-13
8.13870616767e-09	2.16636170808e-13
8.13976505399e-09	2.14683089014e-13
8.14082394032e-09	2.17055824811e-13
8.14188282664e-09	2.12388754587e-13
8.14294171296e-09	2.14624379467e-13
8.14400059928e-09	2.12234960509e-13
8.14505948561e-09	2.10851247486e-13
8.14611837193e-09	2.13565818676e-13
8.14717725825e-09	2.13515050909e-13
8.14823614458e-09	2.16413028448e-13
8.1492950309e-09	2.15306464606e-13
8.15035391722e-09	2.15508315945e-13
8.15141280355e-09	2.13297126272e-13
8.15247168987e-09	2.14615529666e-13
8.15353057619e-09	2.14134536925e-13
8.15458946252e-09	2.14502745535e-13
8.15564834884e-09	2.1665602526e-13
8.15670723516e-09	2.17000747341e-13
8.15776612148e-09	2.19815349733e-13
8.15882500781e-09	2.16479612014e-13
8.15988389413e-09	2.1680334123e-13
8.16094278045e-09	2.17273234452e-13
8.16200166678e-09	2.16884588631e-13
8.1630605531e-09	2.17780871462e-13
8.16411943942e-09	2.14921234021e-13
8.16517832575e-09	2.16335982331e-13
8.16623721207e-09	2.18553094459e-13
8.16729609839e-09	2.19050146945e-13
8.16835498471e-09	2.18704205137e-13
8.16941387104e-09	2.18799506508e-13
8.17047275736e-09	2.17000354318e-13
8.17153164368e-09	2.14450595411e-13
8.17259053001e-09	2.19038437561e-13
8.17364941633e-09	2.17090993619e-13
8.17470830265e-09	2.20872216458e-13
8.17576718898e-09	2.21534027017e-13
8.1768260753e-09	2.19616520607e-13
8.17788496162e-09	2.18294945922e-13
8.17894384795e-09	2.16913428408e-13
8.18000273427e-09	2.19626332637e-13
8.18106162059e-09	2.17686451005e-13
8.18212050691e-09	2.18447073039e-13
8.18317939324e-09	2.1912530926e-13
8.18423827956e-09	2.22004137079e-13
8.18529716588e-09	2.21924380457e-13
8.18635605221e-09	2.21803695202e-13
8.18741493853e-09	2.23421501027e-13
8.18847382485e-09	2.18959561853e-13
8.18953271118e-09	2.20653546433e-13
8.1905915975e-09	2.19419629493e-13
8.19165048382e-09	2.21028639727e-13
8.19270937015e-09	2.22375666058e-13
8.19376825647e-09	2.23359999658e-13
8.19482714279e-09	2.24187029075e-13
8.19588602911e-09	2.21113112629e-13
8.19694491544e-09	2.21799683654e-13
8.19800380176e-09	2.19689609386e-13
8.19906268808e-09	2.22382713373e-13
8.20012157441e-09	2.22061220323e-13
8.20118046073e-09	2.20413097496e-13
8.20223934705e-09	2.23380613052e-13
8.20329823338e-09	2.2133325988e-13
8.2043571197e-09	2.23669580036e-13
8.20541600602e-09	2.2118766508e-13
8.20647489234e-09	2.20789003942e-13
8.20753377867e-09	2.21345579127e-13
8.20859266499e-09	2.19919541562e-13
8.20965155131e-09	2.21959549265e-13
8.21071043764e-09	2.20376085544e-13
8.21176932396e-09	2.23746002737e-13
8.21282821028e-09	2.23500376735e-13
8.21388709661e-09	2.25541414429e-13
8.21494598293e-09	2.23819891115e-13
8.21600486925e-09	2.23484289885e-13
8.21706375558e-09	2.24504036238e-13
8.2181226419e-09	2.23355730612e-13
8.21918152822e-09	2.25645226787e-13
8.22024041454e-09	2.2273589223e-13
8.22129930087e-09	2.2546558804e-13
8.22235818719e-09	2.24916778453e-13
8.22341707351e-09	2.24532564308e-13
8.22447595984e-09	2.24438103194e-13
8.22553484616e-09	2.24160425465e-13
8.22659373248e-09	2.23944574365e-13
8.22765261881e-09	2.22477106724e-13
8.22871150513e-09	2.25692687737e-13
8.22977039145e-09	2.25093029068e-13
8.23082927778e-09	2.24944872841e-13
8.2318881641e-09	2.25839014373e-13
8.23294705042e-09	2.22791471144e-13
8.23400593674e-09	2.26108912951e-13
8.23506482307e-09	2.24740771783e-13
8.23612370939e-09	2.25611887571e-13
8.23718259571e-09	2.24295801658e-13
8.23824148204e-09	2.25870158081e-13
8.23930036836e-09	2.26276462845e-13
8.24035925468e-09	2.2750939045e-13
8.24141814101e-09	2.26501461901e-13
8.24247702733e-09	2.24499685877e-13
8.24353591365e-09	2.27368796533e-13
8.24459479998e-09	2.23465682265e-13
8.2456536863e-09	2.26534015071e-13
8.24671257262e-09	2.27298865493e-13
8.24777145894e-09	2.25567733437e-13
8.24883034527e-09	2.29439568473e-13
8.24988923159e-09	2.2477550691e-13
8.25094811791e-09	2.27108005253e-13
8.25200700424e-09	2.2661327025e-13
8.25306589056e-09	2.2454222726e-13
8.25412477688e-09	2.24995193375e-13
8.25518366321e-09	2.2413926997e-13
8.25624254953e-09	2.26402311612e-13
8.25730143585e-09	2.23572598152e-13
8.25836032217e-09	2.27910572359e-13
8.2594192085e-09	2.28316606073e-13
8.26047809482e-09	2.25949765625e-13
8.26153698114e-09	2.2781350916e-13
8.26259586747e-09	2.25881799701e-13
8.26365475379e-09	2.28047805249e-13
8.26471364011e-09	2.25435189721e-13
8.26577252644e-09	2.29170388178e-13
8.26683141276e-09	2.26385831739e-13
8.26789029908e-09	2.28101527467e-13
8.26894918541e-09	2.27735826074e-13
8.27000807173e-09	2.28283131331e-13
8.27106695805e-09	2.26534448752e-13
8.27212584437e-09	2.25022352639e-13
8.2731847307e-09	2.28922404037e-13
8.27424361702e-09	2.25086347672e-13
8.27530250334e-09	2.26743184775e-13
8.27636138967e-09	2.26558490935e-13
8.27742027599e-09	2.28366560688e-13
8.27847916231e-09	2.30590503289e-13
8.27953804864e-09	2.26161239259e-13
8.28059693496e-09	2.26241036539e-13
8.28165582128e-09	2.25358780573e-13
8.28271470761e-09	2.25425662295e-13
8.28377359393e-09	2.25581624777e-13
8.28483248025e-09	2.27933340605e-13
8.28589136657e-09	2.29449028137e-13
8.2869502529e-09	2.28615954292e-13
8.28800913922e-09	2.2988975632e-13
8.28906802554e-09	2.26872137071e-13
8.29012691187e-09	2.27505433112e-13
8.29118579819e-09	2.26448593492e-13
8.29224468451e-09	2.26198264763e-13
8.29330357084e-09	2.27176215123e-13
8.29436245716e-09	2.27348142482e-13
8.29542134348e-09	2.29314207597e-13
8.2964802298e-09	2.29346896292e-13
8.29753911613e-09	2.29170632124e-13
8.29859800245e-09	2.26014031709e-13
8.29965688877e-09	2.27165467969e-13
8.3007157751e-09	2.27017257532e-13
8.30177466142e-09	2.25600977786e-13
8.30283354774e-09	2.27073459862e-13
8.30389243407e-09	2.27609489416e-13
8.30495132039e-09	2.30093017122e-13
8.30601020671e-09	2.29563763832e-13
8.30706909304e-09	2.29478979222e-13
8.30812797936e-09	2.29232133492e-13
8.30918686568e-09	2.2934093318e-13
8.310245752e-09	2.29195514564e-13
8.31130463833e-09	2.27984975733e-13
8.31236352465e-09	2.27354932298e-13
8.31342241097e-09	2.27675463118e-13
8.3144812973e-09	2.29516953403e-13
8.31554018362e-09	2.27912767868e-13
8.31659906994e-09	2.28573778828e-13
8.31765795627e-09	2.27353427968e-13
8.31871684259e-09	2.27408153072e-13
8.31977572891e-09	2.29052752243e-13
8.32083461524e-09	2.3000473596e-13
8.32189350156e-09	2.31716176195e-13
8.32295238788e-09	2.32345474241e-13
8.3240112742e-09	2.29988743978e-13
8.32507016053e-09	2.28493087081e-13
8.32612904685e-09	2.28488994218e-13
8.32718793317e-09	2.30014358255e-13
8.3282468195e-09	2.28784466415e-13
8.32930570582e-09	2.29391375686e-13
8.33036459214e-09	2.27902603473e-13
8.33142347847e-09	2.27792556953e-13
8.33248236479e-09	2.30003028342e-13
8.33354125111e-09	2.30710931045e-13
8.33460013744e-09	2.30753784136e-13
8.33565902376e-09	2.29476973448e-13
8.33671791008e-09	2.29494700153e-13
8.3377767964e-09	2.28069082717e-13
8.33883568273e-09	2.28733671543e-13
8.33989456905e-09	2.30217781687e-13
8.34095345537e-09	2.30379219391e-13
8.3420123417e-09	2.31372999102e-13
8.34307122802e-09	2.30041192258e-13
8.34413011434e-09	2.29819445809e-13
8.34518900067e-09	2.27676167849e-13
8.34624788699e-09	2.27063187046e-13
8.34730677331e-09	2.28604136489e-13
8.34836565963e-09	2.28940184952e-13
8.34942454596e-09	2.29749460559e-13
8.35048343228e-09	2.280856168e-13
8.3515423186e-09	2.2997202016e-13
8.35260120493e-09	2.30271449695e-13
8.35366009125e-09	2.30720119659e-13
8.35471897757e-09	2.30783789431e-13
8.3557778639e-09	2.2913360662e-13
8.35683675022e-09	2.2897894518e-13
8.35789563654e-09	2.27788111724e-13
8.35895452287e-09	2.30792327523e-13
8.36001340919e-09	2.29592522294e-13
8.36107229551e-09	2.30093640538e-13
8.36213118183e-09	2.30107301486e-13
8.36319006816e-09	2.29095307178e-13
8.36424895448e-09	2.29197032447e-13
8.3653078408e-09	2.27524162705e-13
8.36636672713e-09	2.30000968358e-13
8.36742561345e-09	2.28560795507e-13
8.36848449977e-09	2.2896924157e-13
8.3695433861e-09	2.29609977949e-13
8.37060227242e-09	2.29515245784e-13
8.37166115874e-09	2.30323166138e-13
8.37272004507e-09	2.29910518791e-13
8.37377893139e-09	2.29971640689e-13
8.37483781771e-09	2.27667792388e-13
8.37589670403e-09	2.28304652744e-13
8.37695559036e-09	2.29267614008e-13
8.37801447668e-09	2.29471200071e-13
8.379073363e-09	2.32001483996e-13
8.38013224933e-09	2.28095266199e-13
8.38119113565e-09	2.292707853e-13
8.38225002197e-09	2.28835613653e-13
8.3833089083e-09	2.28939480221e-13
8.38436779462e-09	2.28227620179e-13
8.38542668094e-09	2.27916318631e-13
8.38648556727e-09	2.27993893296e-13
8.38754445359e-09	2.29064786887e-13
8.38860333991e-09	2.29867475965e-13
8.38966222623e-09	2.29056763791e-13
8.39072111256e-09	2.31053240776e-13
8.39177999888e-09	2.28025551999e-13
8.3928388852e-09	2.26750164326e-13
8.39389777153e-09	2.27944128416e-13
8.39495665785e-09	2.27219163081e-13
8.39601554417e-09	2.3086572801e-13
8.3970744305e-09	2.29588510746e-13
8.39813331682e-09	2.29355868065e-13
8.39919220314e-09	2.29525328865e-13
8.40025108946e-09	2.27932202192e-13
8.40130997579e-09	2.26758810839e-13
8.40236886211e-09	2.28176445837e-13
8.40342774843e-09	2.28917850387e-13
8.40448663476e-09	2.29500066954e-13
8.40554552108e-09	2.29592576504e-13
8.4066044074e-09	2.28416840563e-13
8.40766329373e-09	2.28910017027e-13
8.40872218005e-09	2.29706092472e-13
8.40978106637e-09	2.29888699223e-13
8.4108399527e-09	2.30251120904e-13
8.41189883902e-09	2.28845615418e-13
8.41295772534e-09	2.26673429918e-13
8.41401661166e-09	2.2875199456e-13
8.41507549799e-09	2.29434526933e-13
8.41613438431e-09	2.31154478154e-13
8.41719327063e-09	2.31366385469e-13
8.41825215696e-09	2.29517441294e-13
8.41931104328e-09	2.28686969535e-13
8.4203699296e-09	2.28301454347e-13
8.42142881593e-09	2.28193467811e-13
8.42248770225e-09	2.28042817919e-13
8.42354658857e-09	2.29370098219e-13
8.4246054749e-09	2.28977833873e-13
8.42566436122e-09	2.27430162376e-13
8.42672324754e-09	2.2998478664e-13
8.42778213386e-09	2.27969796903e-13
8.42884102019e-09	2.28405971437e-13
8.42989990651e-09	2.2703247702e-13
8.43095879283e-09	2.27533459738e-13
8.43201767916e-09	2.29025403243e-13
8.43307656548e-09	2.29579701604e-13
8.4341354518e-09	2.30566813472e-13
8.43519433813e-09	2.31321851864e-13
8.43625322445e-09	2.28755030326e-13
8.43731211077e-09	2.30894161212e-13
8.43837099709e-09	2.29944318794e-13
8.43942988342e-09	2.29587155494e-13
8.44048876974e-09	2.29512752119e-13
8.44154765606e-09	2.31063730432e-13
8.44260654239e-09	2.31627542667e-13
8.44366542871e-09	2.3124980663e-13
8.44472431503e-09	2.29547012908e-13
8.44578320136e-09	2.28583238492e-13
8.44684208768e-09	2.27562841617e-13
8.447900974e-09	2.28332354109e-13
8.44895986033e-09	2.27625454293e-13
8.45001874665e-09	2.28739987021e-13
8.45107763297e-09	2.27953832026e-13
8.45213651929e-09	2.29297022992e-13
8.45319540562e-09	2.28987483272e-13
8.45425429194e-09	2.27495810818e-13
8.45531317826e-09	2.27968956646e-13
8.45637206459e-09	2.28408654837e-13
8.45743095091e-09	2.27505704163e-13
8.45848983723e-09	2.28358700222e-13
8.45954872356e-09	2.27557420606e-13
8.46060760988e-09	2.28098708541e-13
8.4616664962e-09	2.29915343491e-13
8.46272538253e-09	2.29158136694e-13
8.46378426885e-09	2.30784331532e-13
8.46484315517e-09	2.3063598557e-13
8.46590204149e-09	2.29405470314e-13
8.46696092782e-09	2.30084939816e-13
8.46801981414e-09	2.28090739655e-13
8.46907870046e-09	2.28161294111e-13
8.47013758679e-09	2.3103524302e-13
8.47119647311e-09	2.31049147913e-13
8.47225535943e-09	2.30050679027e-13
8.47331424576e-09	2.29105986569e-13
8.47437313208e-09	2.28039538207e-13
8.4754320184e-09	2.28114266842e-13
8.47649090473e-09	2.29099860827e-13
8.47754979105e-09	2.28050027863e-13
8.47860867737e-09	2.2769392166e-13
8.47966756369e-09	2.27754176196e-13
8.48072645002e-09	2.26629994068e-13
8.48178533634e-09	2.274844538e-13
8.48284422266e-09	2.2744187176e-13
8.48390310899e-09	2.28784818781e-13
8.48496199531e-09	2.2665327731e-13
8.48602088163e-09	2.26097976062e-13
8.48707976796e-09	2.26023938606e-13
8.48813865428e-09	2.26326552985e-13
8.4891975406e-09	2.2788842753e-13
8.49025642692e-09	2.27453472723e-13
8.49131531325e-09	2.27670909469e-13
8.49237419957e-09	2.27849450462e-13
8.49343308589e-09	2.26626307781e-13
8.49449197222e-09	2.27205515686e-13
8.49555085854e-09	2.26633056939e-13
8.49660974486e-09	2.27494455565e-13
8.49766863119e-09	2.26781335139e-13
8.49872751751e-09	2.26838784301e-13
8.49978640383e-09	2.27210516569e-13
8.50084529016e-09	2.27147646395e-13
8.50190417648e-09	2.27297727081e-13
8.5029630628e-09	2.26928840844e-13
8.50402194912e-09	2.25911303553e-13
8.50508083545e-09	2.26330930451e-13
8.50613972177e-09	2.28164980399e-13
8.50719860809e-09	2.27860075643e-13
8.50825749442e-09	2.27312485783e-13
8.50931638074e-09	2.24925113257e-13
8.51037526706e-09	2.24914528733e-13
8.51143415339e-09	2.26572368723e-13
8.51249303971e-09	2.258750912e-13
8.51355192603e-09	2.24808127842e-13
8.51461081236e-09	2.2535602941e-13
8.51566969868e-09	2.24606398476e-13
8.516728585e-09	2.21853907315e-13
8.51778747132e-09	2.25949860493e-13
8.51884635765e-09	2.24825664813e-13
8.51990524397e-09	2.26481526133e-13
8.52096413029e-09	2.2558560922e-13
8.52202301662e-09	2.23966515906e-13
8.52308190294e-09	2.25093015516e-13
8.52414078926e-09	2.23638151726e-13
8.52519967559e-09	2.23797082212e-13
8.52625856191e-09	2.25039171325e-13
8.52731744823e-09	2.2488158254e-13
8.52837633456e-09	2.22613268964e-13
8.52943522088e-09	2.23461874005e-13
8.5304941072e-09	2.22911451667e-13
8.53155299352e-09	2.22059905728e-13
8.53261187985e-09	2.23835571389e-13
8.53367076617e-09	2.22406389637e-13
8.53472965249e-09	2.24998622164e-13
8.53578853882e-09	2.2395983451e-13
8.53684742514e-09	2.23032285999e-13
8.53790631146e-09	2.23598998475e-13
8.53896519779e-09	2.24345403908e-13
8.54002408411e-09	2.24597223415e-13
8.54108297043e-09	2.24679324624e-13
8.54214185675e-09	2.22593129909e-13
8.54320074308e-09	2.21755949649e-13
8.5442596294e-09	2.21782919178e-13
8.54531851572e-09	2.23042084476e-13
8.54637740205e-09	2.22716146198e-13
8.54743628837e-09	2.22000288161e-13
8.54849517469e-09	2.21068050476e-13
8.54955406102e-09	2.22893345491e-13
8.55061294734e-09	2.22793192315e-13
8.55167183366e-09	2.22963466266e-13
8.55273071999e-09	2.24136708542e-13
8.55378960631e-09	2.23704640424e-13
8.55484849263e-09	2.23547227821e-13
8.55590737895e-09	2.23401443286e-13
8.55696626528e-09	2.22576785561e-13
8.5580251516e-09	2.22870590798e-13
8.55908403792e-09	2.2300386635e-13
8.56014292425e-09	2.21218375107e-13
8.56120181057e-09	2.20363373274e-13
8.56226069689e-09	2.215266951e-13
8.56331958322e-09	2.21251687219e-13
8.56437846954e-09	2.22698067127e-13
8.56543735586e-09	2.19955103393e-13
8.56649624219e-09	2.19745527113e-13
8.56755512851e-09	2.20290962121e-13
8.56861401483e-09	2.19995815185e-13
8.56967290115e-09	2.20405169267e-13
8.57073178748e-09	2.2100023363e-13
8.5717906738e-09	2.20856319344e-13
8.57284956012e-09	2.19585607293e-13
8.57390844645e-09	2.20869234902e-13
8.57496733277e-09	2.21184995233e-13
8.57602621909e-09	2.19854597852e-13
8.57708510542e-09	2.2065240802e-13
8.57814399174e-09	2.18496350028e-13
8.57920287806e-09	2.19518630704e-13
8.58026176438e-09	2.20139051844e-13
8.58132065071e-09	2.20711808747e-13
8.58237953703e-09	2.20511488843e-13
8.58343842335e-09	2.17854827602e-13
8.58449730968e-09	2.19246739904e-13
8.585556196e-09	2.18163730354e-13
8.58661508232e-09	2.18715928073e-13
8.58767396865e-09	2.19214999885e-13
8.58873285497e-09	2.19073728342e-13
8.58979174129e-09	2.19593549074e-13
8.59085062762e-09	2.18464271196e-13
8.59190951394e-09	2.17082414869e-13
8.59296840026e-09	2.17087239569e-13
8.59402728658e-09	2.18722717889e-13
8.59508617291e-09	2.16850544682e-13
8.59614505923e-09	2.16199833643e-13
8.59720394555e-09	2.16857741074e-13
8.59826283188e-09	2.16745499044e-13
8.5993217182e-09	2.17949776607e-13
8.60038060452e-09	2.17226288498e-13
8.60143949085e-09	2.16282612479e-13
8.60249837717e-09	2.15455271354e-13
8.60355726349e-09	2.15603007453e-13
8.60461614982e-09	2.14842886862e-13
8.60567503614e-09	2.16106145023e-13
8.60673392246e-09	2.16353519301e-13
8.60779280878e-09	2.15321968697e-13
8.60885169511e-09	2.15603088768e-13
8.60991058143e-09	2.12812704741e-13
8.61096946775e-09	2.1345842845e-13
8.61202835408e-09	2.14319691551e-13
8.6130872404e-09	2.13337932931e-13
8.61414612672e-09	2.12227601487e-13
8.61520501305e-09	2.12927914775e-13
8.61626389937e-09	2.13840799452e-13
8.61732278569e-09	2.12917587749e-13
8.61838167202e-09	2.13259003013e-13
8.61944055834e-09	2.13642729267e-13
8.62049944466e-09	2.12917519987e-13
8.62155833098e-09	2.12111469881e-13
8.62261721731e-09	2.1293807917e-13
8.62367610363e-09	2.11682003848e-13
8.62473498995e-09	2.11824251173e-13
8.62579387628e-09	2.1344469974e-13
8.6268527626e-09	2.13486604154e-13
8.62791164892e-09	2.12566970319e-13
8.62897053525e-09	2.12256536132e-13
8.63002942157e-09	2.11673045628e-13
8.63108830789e-09	2.11623172328e-13
8.63214719421e-09	2.11155311985e-13
8.63320608054e-09	2.12715343386e-13
8.63426496686e-09	2.11642118761e-13
8.63532385318e-09	2.12381287145e-13
8.63638273951e-09	2.12132774454e-13
8.63744162583e-09	2.11160448393e-13
8.63850051215e-09	2.12755499524e-13
8.63955939848e-09	2.1017057181e-13
8.6406182848e-09	2.11926599858e-13
8.64167717112e-09	2.10482727168e-13
8.64273605745e-09	2.08832544356e-13
8.64379494377e-09	2.09428584501e-13
8.64485383009e-09	2.09487903912e-13
8.64591271641e-09	2.1010970741e-13
8.64697160274e-09	2.08759292947e-13
8.64803048906e-09	2.08315786496e-13
8.64908937538e-09	2.07861980124e-13
8.65014826171e-09	2.08509682502e-13
8.65120714803e-09	2.09413961324e-13
8.65226603435e-09	2.09155175818e-13
8.65332492068e-09	2.09673993662e-13
8.654383807e-09	2.08332239264e-13
8.65544269332e-09	2.08235325142e-13
8.65650157965e-09	2.10076490166e-13
8.65756046597e-09	2.08272242226e-13
8.65861935229e-09	2.08485247295e-13
8.65967823861e-09	2.0763677778e-13
8.66073712494e-09	2.04986960566e-13
8.66179601126e-09	2.0679831003e-13
8.66285489758e-09	2.07688819484e-13
8.66391378391e-09	2.07652322529e-13
8.66497267023e-09	2.07249595632e-13
8.66603155655e-09	2.0819546716e-13
8.66709044288e-09	2.07378195562e-13
8.6681493292e-09	2.06891104183e-13
8.66920821552e-09	2.06871520782e-13
8.67026710185e-09	2.0655853872e-13
8.67132598817e-09	2.06911880208e-13
8.67238487449e-09	2.06749276987e-13
8.67344376081e-09	2.05646480747e-13
8.67450264714e-09	2.06340898686e-13
8.67556153346e-09	2.05928454627e-13
8.67662041978e-09	2.06988194488e-13
8.67767930611e-09	2.05044016705e-13
8.67873819243e-09	2.04737688934e-13
8.67979707875e-09	2.04678477942e-13
8.68085596508e-09	2.03969802745e-13
8.6819148514e-09	2.07462898857e-13
8.68297373772e-09	2.04740562069e-13
8.68403262404e-09	2.03515589797e-13
8.68509151037e-09	2.04923900657e-13
8.68615039669e-09	2.04045276769e-13
8.68720928301e-09	2.04240406055e-13
8.68826816934e-09	2.02705121568e-13
8.68932705566e-09	2.0220178071e-13
8.69038594198e-09	2.02460362928e-13
8.69144482831e-09	2.03394267574e-13
8.69250371463e-09	2.03473156835e-13
8.69356260095e-09	2.0399964541e-13
8.69462148728e-09	2.03456500779e-13
8.6956803736e-09	2.02076609569e-13
8.69673925992e-09	2.02380213282e-13
8.69779814624e-09	2.02435873511e-13
8.69885703257e-09	2.03061160009e-13
8.69991591889e-09	2.03216729468e-13
8.70097480521e-09	2.00875652375e-13
8.70203369154e-09	1.99986687909e-13
8.70309257786e-09	2.01470364372e-13
8.70415146418e-09	1.99837189982e-13
8.70521035051e-09	2.00239252805e-13
8.70626923683e-09	1.98933575233e-13
8.70732812315e-09	1.98537692363e-13
8.70838700948e-09	1.990615653e-13
8.7094458958e-09	1.98407832048e-13
8.71050478212e-09	1.98260109502e-13
8.71156366844e-09	1.99439314889e-13
8.71262255477e-09	1.99875015085e-13
8.71368144109e-09	1.98921879403e-13
8.71474032741e-09	1.99176097707e-13
8.71579921374e-09	1.9899790908e-13
8.71685810006e-09	1.97911213242e-13
8.71791698638e-09	1.98022899619e-13
8.71897587271e-09	1.97952426477e-13
8.72003475903e-09	1.98062676286e-13
8.72109364535e-09	1.98542408642e-13
8.72215253167e-09	1.96296212791e-13
8.723211418e-09	1.96379425308e-13
8.72427030432e-09	1.96716314028e-13
8.72532919064e-09	1.96218001157e-13
8.72638807697e-09	1.97417101655e-13
8.72744696329e-09	1.96328901487e-13
8.72850584961e-09	1.95602770634e-13
8.72956473594e-09	1.95947994159e-13
8.73062362226e-09	1.96472287224e-13
8.73168250858e-09	1.96368447761e-13
8.73274139491e-09	1.93880027592e-13
8.73380028123e-09	1.95425896602e-13
8.73485916755e-09	1.94184851033e-13
8.73591805387e-09	1.96234819843e-13
8.7369769402e-09	1.9605970764e-13
8.73803582652e-09	1.95311621693e-13
8.73909471284e-09	1.94971642997e-13
8.74015359917e-09	1.91544520588e-13
8.74121248549e-09	1.93516548814e-13
8.74227137181e-09	1.92704413624e-13
8.74333025814e-09	1.9479447081e-13
8.74438914446e-09	1.95227216554e-13
8.74544803078e-09	1.93715825173e-13
8.74650691711e-09	1.92580746814e-13
8.74756580343e-09	1.93416910634e-13
8.74862468975e-09	1.92962860317e-13
8.74968357607e-09	1.93443094117e-13
8.7507424624e-09	1.93180486798e-13
8.75180134872e-09	1.90658591887e-13
8.75286023504e-09	1.91782272571e-13
8.75391912137e-09	1.90442781445e-13
8.75497800769e-09	1.9023676948e-13
8.75603689401e-09	1.91702854762e-13
8.75709578034e-09	1.91697271121e-13
8.75815466666e-09	1.91549399497e-13
8.75921355298e-09	1.91461619779e-13
8.76027243931e-09	1.91094129453e-13
8.76133132563e-09	1.90293486806e-13
8.76239021195e-09	1.89526982975e-13
8.76344909827e-09	1.88283457293e-13
8.7645079846e-09	1.88416949686e-13
8.76556687092e-09	1.89890082282e-13
8.76662575724e-09	1.88485525473e-13
8.76768464357e-09	1.88405050567e-13
8.76874352989e-09	1.88840005373e-13
8.76980241621e-09	1.86921075948e-13
8.77086130254e-09	1.88419592428e-13
8.77192018886e-09	1.88102165137e-13
8.77297907518e-09	1.88010129925e-13
8.7740379615e-09	1.88206465386e-13
8.77509684783e-09	1.86158312615e-13
8.77615573415e-09	1.87924681242e-13
8.77721462047e-09	1.88126166663e-13
8.7782735068e-09	1.85442779839e-13
8.77933239312e-09	1.87334048556e-13
8.78039127944e-09	1.86555442318e-13
8.78145016577e-09	1.83951202252e-13
8.78250905209e-09	1.84779424292e-13
8.78356793841e-09	1.83263208211e-13
8.78462682474e-09	1.83344225219e-13
8.78568571106e-09	1.84629994127e-13
8.78674459738e-09	1.83798722769e-13
8.7878034837e-09	1.82762537201e-13
8.78886237003e-09	1.82528214006e-13
8.78992125635e-09	1.81590135181e-13
8.79098014267e-09	1.82464693311e-13
8.792039029e-09	1.82506014967e-13
8.79309791532e-09	1.82326891215e-13
8.79415680164e-09	1.81390614877e-13
8.79521568797e-09	1.79900948197e-13
8.79627457429e-09	1.79186580938e-13
8.79733346061e-09	1.78941551247e-13
8.79839234694e-09	1.81385492021e-13
8.79945123326e-09	1.80484574226e-13
8.80051011958e-09	1.79957963678e-13
8.8015690059e-09	1.80067508755e-13
8.80262789223e-09	1.79077008756e-13
8.80368677855e-09	1.80864126302e-13
8.80474566487e-09	1.79912074821e-13
8.8058045512e-09	1.80743766308e-13
8.80686343752e-09	1.81135989996e-13
8.80792232384e-09	1.78863393823e-13
8.80898121017e-09	1.79194956399e-13
8.81004009649e-09	1.79331254165e-13
8.81109898281e-09	1.78831816434e-13
8.81215786914e-09	1.7906668173e-13
8.81321675546e-09	1.77226384067e-13
8.81427564178e-09	1.76943664798e-13
8.8153345281e-09	1.77308241331e-13
8.81639341443e-09	1.76061964487e-13
8.81745230075e-09	1.77409438052e-13
8.81851118707e-09	1.77483868531e-13
8.8195700734e-09	1.76896420689e-13
8.82062895972e-09	1.77390328988e-13
8.82168784604e-09	1.76409776544e-13
8.82274673237e-09	1.77151072674e-13
8.82380561869e-09	1.76154528247e-13
8.82486450501e-09	1.75130743241e-13
8.82592339133e-09	1.7409610266e-13
8.82698227766e-09	1.75189330816e-13
8.82804116398e-09	1.75897680752e-13
8.8291000503e-09	1.74840556529e-13
8.83015893663e-09	1.75844066955e-13
8.83121782295e-09	1.72627957393e-13
8.83227670927e-09	1.73711237994e-13
8.8333355956e-09	1.73099653101e-13
8.83439448192e-09	1.72663424357e-13
8.83545336824e-09	1.71142248051e-13
8.83651225457e-09	1.73129400898e-13
8.83757114089e-09	1.7225726867e-13
8.83863002721e-09	1.72365336522e-13
8.83968891353e-09	1.73027797602e-13
8.84074779986e-09	1.71312210294e-13
8.84180668618e-09	1.71603589628e-13
8.8428655725e-09	1.70446949198e-13
8.84392445883e-09	1.70515850246e-13
8.84498334515e-09	1.71811986838e-13
8.84604223147e-09	1.70635437746e-13
8.8471011178e-09	1.72379173652e-13
8.84816000412e-09	1.72403500438e-13
8.84921889044e-09	1.71805888201e-13
8.85027777677e-09	1.70595972787e-13
8.85133666309e-09	1.704016431e-13
8.85239554941e-09	1.68254028331e-13
8.85345443573e-09	1.68084174509e-13
8.85451332206e-09	1.68538509429e-13
8.85557220838e-09	1.68002371455e-13
8.8566310947e-09	1.70605649291e-13
8.85768998103e-09	1.67580481284e-13
8.85874886735e-09	1.66502309986e-13
8.85980775367e-09	1.68182498093e-13
8.86086664e-09	1.67912070966e-13
8.86192552632e-09	1.67371026977e-13
8.86298441264e-09	1.66911596306e-13
8.86404329896e-09	1.64774037513e-13
8.86510218529e-09	1.65370606206e-13
8.86616107161e-09	1.64733271512e-13
8.86721995793e-09	1.64253728891e-13
8.86827884426e-09	1.66028838898e-13
8.86933773058e-09	1.66043936413e-13
8.8703966169e-09	1.65253376846e-13
8.87145550323e-09	1.63850202395e-13
8.87251438955e-09	1.63768833022e-13
8.87357327587e-09	1.64325570837e-13
8.8746321622e-09	1.64811672881e-13
8.87569104852e-09	1.6450142843e-13
8.87674993484e-09	1.6375305788e-13
8.87780882116e-09	1.61239565536e-13
8.87886770749e-09	1.62214046449e-13
8.87992659381e-09	1.60850621559e-13
8.88098548013e-09	1.61576562676e-13
8.88204436646e-09	1.63048245153e-13
8.88310325278e-09	1.62918872729e-13
8.8841621391e-09	1.61696312806e-13
8.88522102543e-09	1.60414948469e-13
8.88627991175e-09	1.60742838311e-13
8.88733879807e-09	1.62312153193e-13
8.8883976844e-09	1.61088563278e-13
8.88945657072e-09	1.60505750401e-13
8.89051545704e-09	1.60763871833e-13
8.89157434336e-09	1.59844061815e-13
8.89263322969e-09	1.57838640161e-13
8.89369211601e-09	1.58969923813e-13
8.89475100233e-09	1.58765443284e-13
8.89580988866e-09	1.59221350297e-13
8.89686877498e-09	1.59306094249e-13
8.8979276613e-09	1.58825752029e-13
8.89898654763e-09	1.58675197005e-13
8.90004543395e-09	1.57869553476e-13
8.90110432027e-09	1.56857897981e-13
8.9021632066e-09	1.58385159372e-13
8.90322209292e-09	1.57814584426e-13
8.90428097924e-09	1.57863454839e-13
8.90533986556e-09	1.58854578255e-13
8.90639875189e-09	1.5726009633e-13
8.90745763821e-09	1.54801966059e-13
8.90851652453e-09	1.52952018997e-13
8.90957541086e-09	1.52005551158e-13
8.91063429718e-09	1.54361590242e-13
8.9116931835e-09	1.54869118831e-13
8.91275206983e-09	1.56903786838e-13
8.91381095615e-09	1.55260041477e-13
8.91486984247e-09	1.5616957868e-13
8.91592872879e-09	1.55976211222e-13
8.91698761512e-09	1.53789348335e-13
8.91804650144e-09	1.55654054099e-13
8.91910538776e-09	1.51683651533e-13
8.92016427409e-09	1.51444124168e-13
8.92122316041e-09	1.53607717366e-13
8.92228204673e-09	1.54083234886e-13
8.92334093306e-09	1.53235524313e-13
8.92439981938e-09	1.54210669299e-13
8.9254587057e-09	1.56311609164e-13
8.92651759203e-09	1.53508811023e-13
8.92757647835e-09	1.53033293503e-13
8.92863536467e-09	1.49016338006e-13
8.92969425099e-09	1.50765982814e-13
8.93075313732e-09	1.49927122041e-13
8.93181202364e-09	1.48918027974e-13
8.93287090996e-09	1.52737943278e-13
8.93392979629e-09	1.52084684364e-13
8.93498868261e-09	1.53007679226e-13
8.93604756893e-09	1.52791773916e-13
8.93710645526e-09	1.51419797382e-13
8.93816534158e-09	1.51745640792e-13
8.9392242279e-09	1.4892572581e-13
8.94028311423e-09	1.49371969871e-13
8.94134200055e-09	1.473538495e-13
8.94240088687e-09	1.48574159703e-13
8.94345977319e-09	1.48387853112e-13
8.94451865952e-09	1.4861286572e-13
8.94557754584e-09	1.50629454656e-13
8.94663643216e-09	1.50739718017e-13
8.94769531849e-09	1.50113008504e-13
8.94875420481e-09	1.47175620215e-13
8.94981309113e-09	1.47503930186e-13
8.95087197746e-09	1.4770065867e-13
8.95193086378e-09	1.46813943923e-13
8.9529897501e-09	1.44239167051e-13
8.95404863643e-09	1.47139529835e-13
8.95510752275e-09	1.46428889521e-13
8.95616640907e-09	1.46880771434e-13
8.95722529539e-09	1.45952585955e-13
8.95828418172e-09	1.43966259812e-13
8.95934306804e-09	1.46249128801e-13
8.96040195436e-09	1.45774370222e-13
8.96146084069e-09	1.4535622055e-13
8.96251972701e-09	1.44470075009e-13
8.96357861333e-09	1.45088016037e-13
8.96463749966e-09	1.45208186295e-13
8.96569638598e-09	1.4686750351e-13
8.9667552723e-09	1.45676100848e-13
8.96781415862e-09	1.4242215263e-13
8.96887304495e-09	1.42818658917e-13
8.96993193127e-09	1.4259172185e-13
8.97099081759e-09	1.41824662366e-13
8.97204970392e-09	1.42930521477e-13
8.97310859024e-09	1.41086415554e-13
8.97416747656e-09	1.43544857533e-13
8.97522636289e-09	1.42243774268e-13
8.97628524921e-09	1.41617783039e-13
8.97734413553e-09	1.43027476256e-13
8.97840302186e-09	1.40685640221e-13
8.97946190818e-09	1.38790739426e-13
8.9805207945e-09	1.38370841478e-13
8.98157968082e-09	1.36254058709e-13
8.98263856715e-09	1.38964916505e-13
8.98369745347e-09	1.36559546223e-13
8.98475633979e-09	1.38206368008e-13
8.98581522612e-09	1.4021998894e-13
8.98687411244e-09	1.37888845849e-13
8.98793299876e-09	1.37613837968e-13
8.98899188509e-09	1.3780803213e-13
8.99005077141e-09	1.36237483968e-13
8.99110965773e-09	1.36894131014e-13
8.99216854406e-09	1.35901232217e-13
8.99322743038e-09	1.36543947264e-13
8.9942863167e-09	1.36090899834e-13
8.99534520302e-09	1.35684771253e-13
8.99640408935e-09	1.33952527889e-13
8.99746297567e-09	1.35792188583e-13
8.99852186199e-09	1.34800536618e-13
8.99958074832e-09	1.34918253869e-13
9.00063963464e-09	1.34365242999e-13
9.00169852096e-09	1.3534041509e-13
9.00275740729e-09	1.3592152035e-13
9.00381629361e-09	1.33634233236e-13
9.00487517993e-09	1.34056109854e-13
9.00593406625e-09	1.32226342505e-13
9.00699295258e-09	1.33740485049e-13
9.0080518389e-09	1.30762357864e-13
9.00911072522e-09	1.32071938564e-13
9.01016961155e-09	1.32583519359e-13
9.01122849787e-09	1.29506201227e-13
9.01228738419e-09	1.31687561788e-13
9.01334627052e-09	1.30839403981e-13
9.01440515684e-09	1.30238322297e-13
9.01546404316e-09	1.30429047012e-13
9.01652292949e-09	1.28634407813e-13
9.01758181581e-09	1.3135266529e-13
9.01864070213e-09	1.29756692587e-13
9.01969958845e-09	1.30773660672e-13
9.02075847478e-09	1.29840352337e-13
9.0218173611e-09	1.29781629237e-13
9.02287624742e-09	1.28096250512e-13
9.02393513375e-09	1.29731796594e-13
9.02499402007e-09	1.28109477779e-13
9.02605290639e-09	1.26839226513e-13
9.02711179272e-09	1.24832951051e-13
9.02817067904e-09	1.25345480523e-13
9.02922956536e-09	1.29734385127e-13
9.03028845169e-09	1.28508423521e-13
9.03134733801e-09	1.27802513039e-13
9.03240622433e-09	1.26638947267e-13
9.03346511065e-09	1.27333378759e-13
9.03452399698e-09	1.27028731501e-13
9.0355828833e-09	1.19596403635e-13
9.03664176962e-09	1.2620270497e-13
9.03770065595e-09	1.22504708201e-13
9.03875954227e-09	1.24270033283e-13
9.03981842859e-09	1.27370621103e-13
9.04087731492e-09	1.22871520901e-13
9.04193620124e-09	1.26246181478e-13
9.04299508756e-09	1.24449170587e-13
9.04405397389e-09	1.22712481994e-13
9.04511286021e-09	1.21244282517e-13
9.04617174653e-09	1.19777221453e-13
9.04723063285e-09	1.23069591085e-13
9.04828951918e-09	1.26016357722e-13
9.0493484055e-09	1.22985700942e-13
9.05040729182e-09	1.22403308192e-13
9.05146617815e-09	1.22062218189e-13
9.05252506447e-09	1.21166924692e-13
9.05358395079e-09	1.16922612e-13
9.05464283712e-09	1.19234564713e-13
9.05570172344e-09	1.21902623629e-13
9.05676060976e-09	1.20651738925e-13
9.05781949608e-09	1.19168279303e-13
9.05887838241e-09	1.19664477979e-13
9.05993726873e-09	1.21113798786e-13
9.06099615505e-09	1.22438178845e-13
9.06205504138e-09	1.21141567914e-13
9.0631139277e-09	1.18310851567e-13
9.06417281402e-09	1.18474105309e-13
9.06523170035e-09	1.15238859579e-13
9.06629058667e-09	1.14700566753e-13
9.06734947299e-09	1.17054220592e-13
9.06840835932e-09	1.168974043e-13
9.06946724564e-09	1.1731178637e-13
9.07052613196e-09	1.15691907009e-13
9.07158501828e-09	1.15719459297e-13
9.07264390461e-09	1.13733133154e-13
9.07370279093e-09	1.13861367166e-13
9.07476167725e-09	1.13863169652e-13
9.07582056358e-09	1.10267745184e-13
9.0768794499e-09	1.1409166526e-13
9.07793833622e-09	1.14297108019e-13
9.07899722255e-09	1.15845484247e-13
9.08005610887e-09	1.15400256625e-13
9.08111499519e-09	1.11959825634e-13
9.08217388152e-09	1.11057728769e-13
9.08323276784e-09	1.11015919222e-13
9.08429165416e-09	1.08589542523e-13
9.08535054048e-09	1.10633595655e-13
9.08640942681e-09	1.13018698133e-13
9.08746831313e-09	1.10768734679e-13
9.08852719945e-09	1.12744523732e-13
9.08958608578e-09	1.11909667731e-13
9.0906449721e-09	1.0985433212e-13
9.09170385842e-09	1.08721266311e-13
9.09276274475e-09	1.08072093483e-13
9.09382163107e-09	1.113484237e-13
9.09488051739e-09	1.08069159361e-13
9.09593940372e-09	1.11361054655e-13
9.09699829004e-09	1.06636813095e-13
9.09805717636e-09	1.03874333722e-13
9.09911606268e-09	1.09411327112e-13
9.10017494901e-09	1.03374184484e-13
9.10123383533e-09	1.10000225075e-13
9.10229272165e-09	1.06552279207e-13
9.10335160798e-09	1.1106806257e-13
9.1044104943e-09	1.12311303649e-13
9.10546938062e-09	1.06453264443e-13
9.10652826695e-09	1.06699398665e-13
9.10758715327e-09	1.02833282796e-13
9.10864603959e-09	1.05017685899e-13
9.10970492591e-09	1.06388083564e-13
9.11076381224e-09	1.0501291541e-13
9.11182269856e-09	1.07841436248e-13
9.11288158488e-09	1.06625835548e-13
9.11394047121e-09	1.01521391391e-13
9.11499935753e-09	1.03770656889e-13
9.11605824385e-09	1.08746724733e-13
9.11711713018e-09	1.05342370569e-13
9.1181760165e-09	1.02718065987e-13
9.11923490282e-09	9.94888308022e-14
9.12029378915e-09	9.97501709596e-14
9.12135267547e-09	1.03836068162e-13
9.12241156179e-09	9.76368373087e-14
9.12347044811e-09	1.07233734154e-13
9.12452933444e-09	9.93414402931e-14
9.12558822076e-09	1.03358124739e-13
9.12664710708e-09	9.83521329157e-14
9.12770599341e-09	9.2437173096e-14
9.12876487973e-09	9.76034913156e-14
9.12982376605e-09	9.5597344602e-14
9.13088265238e-09	1.03938179678e-13
9.1319415387e-09	1.0051157904e-13
9.13300042502e-09	9.6229908807e-14
9.13405931135e-09	1.02003637741e-13
9.13511819767e-09	9.72044032722e-14
9.13617708399e-09	9.58764860039e-14
9.13723597031e-09	9.83279687598e-14
9.13829485664e-09	9.93181299464e-14
9.13935374296e-09	9.71148752778e-14
9.14041262928e-09	9.86206017024e-14
9.14147151561e-09	9.43369324715e-14
9.14253040193e-09	1.02674630137e-13
9.14358928825e-09	9.44753986414e-14
9.14464817458e-09	9.36312591587e-14
9.1457070609e-09	9.91890353489e-14
9.14676594722e-09	8.58818428157e-14
9.14782483354e-09	9.97724648667e-14
9.14888371987e-09	8.88969548473e-14
9.14994260619e-09	9.57764480247e-14
9.15100149251e-09	9.64343554555e-14
9.15206037884e-09	8.65889052625e-14
9.15311926516e-09	1.00299217716e-13
9.15417815148e-09	8.66435287232e-14
9.15523703781e-09	9.31812000607e-14
9.15629592413e-09	9.32194859499e-14
9.15735481045e-09	9.25074158443e-14
9.15841369678e-09	9.63381054076e-14
9.1594725831e-09	9.01151034219e-14
9.16053146942e-09	9.63140971057e-14
9.16159035574e-09	9.24334732561e-14
9.16264924207e-09	8.9417446429e-14
9.16370812839e-09	9.09987688501e-14
9.16476701471e-09	9.240920068e-14
9.16582590104e-09	8.82374482183e-14
9.16688478736e-09	9.11561407954e-14
9.16794367368e-09	9.25927764366e-14
9.16900256001e-09	8.75302502462e-14
9.17006144633e-09	9.29727486405e-14
9.17112033265e-09	8.18472351526e-14
9.17217921898e-09	9.75050999685e-14
9.1732381053e-09	8.39544227324e-14
9.17429699162e-09	8.25385834441e-14
9.17535587794e-09	9.58660370054e-14
9.17641476427e-09	7.692707826e-14
9.17747365059e-09	9.51652358262e-14
9.17853253691e-09	8.41592488515e-14
9.17959142324e-09	9.00977561872e-14
9.18065030956e-09	9.09196966304e-14
9.18170919588e-09	8.07921980185e-14
9.18276808221e-09	9.31283452047e-14
9.18382696853e-09	8.22658456114e-14
9.18488585485e-09	8.76690077955e-14
9.18594474118e-09	8.98850357209e-14
9.1870036275e-09	8.70906604754e-14
9.18806251382e-09	8.61394221468e-14
9.18912140014e-09	8.29583865253e-14
9.19018028647e-09	8.42011193842e-14
9.19123917279e-09	8.45398105903e-14
9.19229805911e-09	8.46699758374e-14
9.19335694544e-09	7.7828788878e-14
9.19441583176e-09	8.59628123892e-14
9.19547471808e-09	7.72353169376e-14
9.19653360441e-09	8.54220123456e-14
9.19759249073e-09	8.13605977837e-14
9.19865137705e-09	7.82349174593e-14
9.19971026337e-09	8.98156603344e-14
9.2007691497e-09	7.27139634854e-14
9.20182803602e-09	8.86476899916e-14
9.20288692234e-09	7.43080185057e-14
9.20394580867e-09	7.99116903292e-14
9.20500469499e-09	8.5349242051e-14
9.20606358131e-09	7.2688423748e-14
9.20712246764e-09	8.50226193703e-14
9.20818135396e-09	7.53803689932e-14
9.20924024028e-09	8.06662408311e-14
9.21029912661e-09	8.01370010932e-14
9.21135801293e-09	7.43609411243e-14
9.21241689925e-09	8.26516521782e-14
9.21347578557e-09	7.6770770188e-14
9.2145346719e-09	7.65609973964e-14
9.21559355822e-09	7.75392255828e-14
9.21665244454e-09	7.93018537122e-14
9.21771133087e-09	7.4910638402e-14
9.21877021719e-09	8.14068864402e-14
9.21982910351e-09	7.48418389979e-14
9.22088798984e-09	7.69858352415e-14
9.22194687616e-09	7.77721325383e-14
9.22300576248e-09	6.719790875e-14
9.22406464881e-09	8.15460979992e-14
9.22512353513e-09	6.69800044421e-14
9.22618242145e-09	8.19274525608e-14
9.22724130777e-09	7.38414592059e-14
9.2283001941e-09	6.93111610857e-14
9.22935908042e-09	7.67469922791e-14
9.23041796674e-09	6.42473677341e-14
9.23147685307e-09	8.11291545012e-14
9.23253573939e-09	6.70537301899e-14
9.23359462571e-09	6.95253316724e-14
9.23465351204e-09	7.30304692046e-14
9.23571239836e-09	6.29694796197e-14
9.23677128468e-09	7.28675203943e-14
9.23783017101e-09	6.42264426321e-14
9.23888905733e-09	7.13764171465e-14
9.23994794365e-09	7.22095180958e-14
9.24100682997e-09	7.13399811773e-14
9.2420657163e-09	7.28302306159e-14
9.24312460262e-09	7.31657098731e-14
9.24418348894e-09	6.67034041391e-14
9.24524237527e-09	6.70008550052e-14
9.24630126159e-09	7.18580265278e-14
9.24736014791e-09	6.40444660738e-14
9.24841903424e-09	7.69312117808e-14
9.24947792056e-09	6.38164583569e-14
9.25053680688e-09	7.25153986338e-14
9.2515956932e-09	6.79002887987e-14
9.25265457953e-09	6.1166505617e-14
9.25371346585e-09	7.33290923642e-14
9.25477235217e-09	5.76633806351e-14
9.2558312385e-09	6.84910299049e-14
9.25689012482e-09	6.13137063907e-14
9.25794901114e-09	6.28364886708e-14
9.25900789747e-09	6.8511162184e-14
9.26006678379e-09	6.08342179799e-14
9.26112567011e-09	7.07999265226e-14
9.26218455644e-09	6.1702121819e-14
9.26324344276e-09	6.17844940791e-14
9.26430232908e-09	6.12524150866e-14
9.2653612154e-09	5.84755361537e-14
9.26642010173e-09	6.26901755876e-14
9.26747898805e-09	5.89366473376e-14
9.26853787437e-09	6.62871450438e-14
9.2695967607e-09	6.16699684483e-14
9.27065564702e-09	6.48947109699e-14
9.27171453334e-09	5.50801266576e-14
9.27277341967e-09	6.03313921174e-14
9.27383230599e-09	5.61631802534e-14
9.27489119231e-09	5.93241073128e-14
9.27595007864e-09	6.21360059759e-14
9.27700896496e-09	5.44967649024e-14
9.27806785128e-09	6.58200707479e-14
9.2791267376e-09	5.43263147684e-14
9.28018562393e-09	6.24998371199e-14
9.28124451025e-09	5.74510802972e-14
9.28230339657e-09	5.29297132924e-14
9.2833622829e-09	6.15520275807e-14
9.28442116922e-09	5.11641950866e-14
9.28548005554e-09	6.08642029463e-14
9.28653894187e-09	5.54880475606e-14
9.28759782819e-09	5.95781968682e-14
9.28865671451e-09	6.09557570435e-14
9.28971560083e-09	5.3851000536e-14
9.29077448716e-09	5.99141843451e-14
9.29183337348e-09	5.0289362518e-14
9.2928922598e-09	5.27207570406e-14
9.29395114613e-09	4.94937241419e-14
9.29501003245e-09	5.67281342886e-14
9.29606891877e-09	5.61878695697e-14
9.2971278051e-09	5.73661940433e-14
9.29818669142e-09	5.76316677215e-14
9.29924557774e-09	5.3851644281e-14
9.30030446407e-09	5.5289868956e-14
9.30136335039e-09	4.72653464761e-14
9.30242223671e-09	5.48578787648e-14
9.30348112303e-09	4.82243199095e-14
9.30454000936e-09	5.46938728574e-14
9.30559889568e-09	5.34961648818e-14
9.306657782e-09	4.96463764196e-14
9.30771666833e-09	5.7455213818e-14
9.30877555465e-09	4.69586934441e-14
9.30983444097e-09	5.60588833925e-14
9.3108933273e-09	4.70707050811e-14
9.31195221362e-09	4.4689376982e-14
9.31301109994e-09	5.15493274152e-14
9.31406998627e-09	4.33291132195e-14
9.31512887259e-09	5.10159236633e-14
9.31618775891e-09	4.9012612816e-14
9.31724664523e-09	5.35761281802e-14
9.31830553156e-09	4.92066477354e-14
9.31936441788e-09	4.5743821193e-14
9.3204233042e-09	4.54606072567e-14
9.32148219053e-09	4.5866556267e-14
9.32254107685e-09	4.91880638325e-14
9.32359996317e-09	4.54222874862e-14
9.3246588495e-09	4.98897933599e-14
9.32571773582e-09	4.3498109845e-14
9.32677662214e-09	4.7862687663e-14
9.32783550847e-09	4.27005199049e-14
9.32889439479e-09	4.39075249141e-14
9.32995328111e-09	4.58017345296e-14
9.33101216743e-09	4.06008133201e-14
9.33207105376e-09	4.95029296959e-14
9.33312994008e-09	3.85332160602e-14
9.3341888264e-09	4.8341512e-14
9.33524771273e-09	4.59993574806e-14
9.33630659905e-09	4.2108450651e-14
9.33736548537e-09	4.5902521286e-14
9.3384243717e-09	3.64451172149e-14
9.33948325802e-09	4.63874069907e-14
9.34054214434e-09	4.12554545918e-14
9.34160103066e-09	3.99341746737e-14
9.34265991699e-09	4.36536725279e-14
9.34371880331e-09	4.12551699888e-14
9.34477768963e-09	4.33975738104e-14
9.34583657596e-09	3.9352137678e-14
9.34689546228e-09	4.0608189283e-14
9.3479543486e-09	3.79222545835e-14
9.34901323493e-09	3.91809658719e-14
9.35007212125e-09	3.68866449971e-14
9.35113100757e-09	4.15499848882e-14
9.3521898939e-09	4.03191172669e-14
9.35324878022e-09	3.95063451083e-14
9.35430766654e-09	4.28672329296e-14
9.35536655286e-09	3.54417287619e-14
9.35642543919e-09	4.04668838586e-14
9.35748432551e-09	3.44508052457e-14
9.35854321183e-09	3.70682420848e-14
9.35960209816e-09	3.74701930996e-14
9.36066098448e-09	3.52645193049e-14
9.3617198708e-09	4.28079033538e-14
9.36277875713e-09	3.56639935954e-14
9.36383764345e-09	4.03185277319e-14
9.36489652977e-09	3.70175454688e-14
9.3659554161e-09	3.54080134624e-14
9.36701430242e-09	3.74631390092e-14
9.36807318874e-09	2.94187078669e-14
9.36913207506e-09	3.69957699458e-14
9.37019096139e-09	3.44186484869e-14
9.37124984771e-09	3.6608831743e-14
9.37230873403e-09	3.84618010184e-14
9.37336762036e-09	3.87271866052e-14
9.37442650668e-09	3.44854793864e-14
9.375485393e-09	3.25410949272e-14
9.37654427933e-09	3.13759265693e-14
9.37760316565e-09	2.96855943961e-14
9.37866205197e-09	3.62062471475e-14
9.3797209383e-09	3.08033661783e-14
9.38077982462e-09	3.8164854984e-14
9.38183871094e-09	3.19677722065e-14
9.38289759726e-09	3.19111565243e-14
9.38395648359e-09	3.49000647446e-14
9.38501536991e-09	2.92891321548e-14
9.38607425623e-09	3.32684658359e-14
9.38713314256e-09	2.74069385486e-14
9.38819202888e-09	3.27351874448e-14
9.3892509152e-09	2.94851288025e-14
9.39030980153e-09	3.03263951494e-14
9.39136868785e-09	3.52924036295e-14
9.39242757417e-09	2.93495933665e-14
9.39348646049e-09	3.29950266599e-14
9.39454534682e-09	2.72234830707e-14
9.39560423314e-09	2.76808351224e-14
9.39666311946e-09	2.94794130242e-14
9.39772200579e-09	2.56637887889e-14
9.39878089211e-09	2.96216874543e-14
9.39983977843e-09	3.0285148033e-14
9.40089866476e-09	2.96705104333e-14
9.40195755108e-09	2.80952036402e-14
9.4030164374e-09	2.79628005321e-14
9.40407532373e-09	2.44580424707e-14
9.40513421005e-09	2.8899290323e-14
9.40619309637e-09	2.4232020199e-14
9.40725198269e-09	2.46484046552e-14
9.40831086902e-09	2.80395772925e-14
9.40936975534e-09	2.23057029526e-14
9.41042864166e-09	2.93813842071e-14
9.41148752799e-09	2.31115836511e-14
9.41254641431e-09	2.52725578231e-14
9.41360530063e-09	2.76935168997e-14
9.41466418696e-09	2.46575746339e-14
9.41572307328e-09	2.65856350742e-14
9.4167819596e-09	2.1898539297e-14
9.41784084593e-09	2.67170742588e-14
9.41889973225e-09	2.43586279077e-14
9.41995861857e-09	2.47683800959e-14
9.42101750489e-09	2.35533299678e-14
9.42207639122e-09	2.00567593268e-14
9.42313527754e-09	2.24381128369e-14
9.42419416386e-09	1.96038101524e-14
9.42525305019e-09	2.47890849693e-14
9.42631193651e-09	2.27683794534e-14
9.42737082283e-09	2.33823902487e-14
9.42842970916e-09	1.98415858532e-14
9.42948859548e-09	2.14970524563e-14
9.4305474818e-09	2.01317861172e-14
9.43160636812e-09	2.03676983455e-14
9.43266525445e-09	2.26192762437e-14
9.43372414077e-09	1.86024376377e-14
9.43478302709e-09	2.24009043736e-14
9.43584191342e-09	1.76299252297e-14
9.43690079974e-09	2.18144272313e-14
9.43795968606e-09	2.20405121834e-14
9.43901857239e-09	1.90295675539e-14
9.44007745871e-09	2.43472539493e-14
9.44113634503e-09	1.85469315687e-14
9.44219523136e-09	1.98470915673e-14
9.44325411768e-09	1.85397199302e-14
9.444313004e-09	1.85033771345e-14
9.44537189032e-09	2.22908121133e-14
9.44643077665e-09	1.73595709476e-14
9.44748966297e-09	1.88792869684e-14
9.44854854929e-09	1.62687297309e-14
9.44960743562e-09	1.60321720634e-14
9.45066632194e-09	1.52646229939e-14
9.45172520826e-09	1.85866624961e-14
9.45278409459e-09	1.75395959421e-14
9.45384298091e-09	1.65826045658e-14
9.45490186723e-09	1.5628943723e-14
9.45596075356e-09	1.19370278026e-14
9.45701963988e-09	1.50528833918e-14
9.4580785262e-09	1.21011294247e-14
9.45913741252e-09	1.37908762982e-14
9.46019629885e-09	1.45172011212e-14
9.46125518517e-09	1.63378306787e-14
9.46231407149e-09	1.51899909209e-14
9.46337295782e-09	1.26392943488e-14
9.46443184414e-09	1.505525339e-14
9.46549073046e-09	1.10335621323e-14
9.46654961679e-09	1.51848934766e-14
9.46760850311e-09	9.14268728541e-15
9.46866738943e-09	9.61820649981e-15
9.46972627576e-09	1.52072737812e-14
9.47078516208e-09	9.26906798928e-15
9.4718440484e-09	1.26502227679e-14
9.47290293472e-09	1.09415320025e-14
9.47396182105e-09	1.09696814485e-14
9.47502070737e-09	1.35031078658e-14
9.47607959369e-09	9.80593864707e-15
9.47713848002e-09	1.34462058865e-14
9.47819736634e-09	1.07465001253e-14
9.47925625266e-09	1.08524944402e-14
9.48031513899e-09	1.11707026956e-14
9.48137402531e-09	1.48893162475e-14
9.48243291163e-09	7.65029993565e-15
9.48349179795e-09	1.09223865168e-14
9.48455068428e-09	8.89228909961e-15
9.4856095706e-09	6.42336678232e-15
9.48666845692e-09	7.72030466764e-15
9.48772734325e-09	5.63999005512e-15
9.48878622957e-09	1.25539371447e-14
9.48984511589e-09	9.78830765627e-15
9.49090400222e-09	9.58702975812e-15
9.49196288854e-09	9.30658646664e-15
9.49302177486e-09	5.64034835005e-15
9.49408066119e-09	7.97585450783e-15
9.49513954751e-09	4.48694485633e-15
9.49619843383e-09	7.9852658909e-15
9.49725732015e-09	6.80020581132e-15
9.49831620648e-09	5.80869530129e-15
9.4993750928e-09	6.60410116689e-15
9.50043397912e-09	5.52894996496e-15
9.50149286545e-09	7.83561380385e-15
9.50255175177e-09	6.12020776127e-15
9.50361063809e-09	6.19070673698e-15
9.50466952442e-09	3.47330052835e-15
9.50572841074e-09	6.40336664037e-15
9.50678729706e-09	3.92829909904e-15
9.50784618339e-09	6.25075586723e-15
9.50890506971e-09	3.07520796039e-15
9.50996395603e-09	7.27394519773e-16
9.51102284235e-09	6.3417229706e-15
9.51208172868e-09	-7.49705367604e-16
9.513140615e-09	6.57049725229e-15
9.51419950132e-09	4.09288903564e-15
9.51525838765e-09	3.79825201307e-15
9.51631727397e-09	3.33623619792e-15
9.51737616029e-09	-2.34882278625e-15
9.51843504662e-09	1.51156968141e-15
9.51949393294e-09	-4.35125801323e-16
9.52055281926e-09	1.33503975663e-15
9.52161170559e-09	3.22560374237e-15
9.52267059191e-09	2.13621963407e-15
9.52372947823e-09	4.28671516144e-15
9.52478836455e-09	1.50624417351e-15
9.52584725088e-09	5.77344941332e-15
9.5269061372e-09	2.18395459933e-15
9.52796502352e-09	5.48216071199e-15
9.52902390985e-09	1.22699286915e-16
9.53008279617e-09	6.14104551292e-16
9.53114168249e-09	2.59683848013e-15
9.53220056882e-09	-7.2821280654e-16
9.53325945514e-09	1.28336270003e-15
9.53431834146e-09	-1.42399949779e-16
9.53537722778e-09	2.60586806311e-15
9.53643611411e-09	-7.81195723242e-16
9.53749500043e-09	1.28560373745e-15
9.53855388675e-09	-1.8187828139e-15
9.53961277308e-09	-5.76488612198e-16
9.5406716594e-09	-1.37309874689e-15
9.54173054572e-09	-4.61375331183e-15
9.54278943205e-09	7.40137177553e-16
9.54384831837e-09	3.1017588434e-15
9.54490720469e-09	1.51402067712e-15
9.54596609102e-09	-5.25975484751e-16
9.54702497734e-09	-3.26873720115e-15
9.54808386366e-09	-4.01818962354e-15
9.54914274998e-09	-5.99668706415e-15
9.55020163631e-09	-3.47280268473e-15
9.55126052263e-09	-2.38140306154e-15
9.55231940895e-09	-1.89947434883e-15
9.55337829528e-09	-5.65364295568e-15
9.5544371816e-09	-8.08944077902e-15
9.55549606792e-09	-3.62708232454e-15
9.55655495425e-09	-5.77849010639e-15
9.55761384057e-09	-3.61841463639e-15
9.55867272689e-09	-6.27051460479e-15
9.55973161322e-09	-8.20344971965e-15
9.56079049954e-09	-1.15201325855e-14
9.56184938586e-09	-7.84435433683e-15
9.56290827218e-09	-6.50169107192e-15
9.56396715851e-09	-3.31823103032e-15
9.56502604483e-09	-8.30550194321e-15
9.56608493115e-09	-1.02992726584e-14
9.56714381748e-09	-7.60749936082e-15
9.5682027038e-09	-1.54147155381e-14
9.56926159012e-09	-1.09341484163e-14
9.57032047645e-09	-8.16816402114e-15
9.57137936277e-09	-7.81197142022e-15
9.57243824909e-09	-6.73799124135e-15
9.57349713541e-09	-6.91753088594e-15
9.57455602174e-09	-5.97385232644e-15
9.57561490806e-09	-1.40864586095e-14
9.57667379438e-09	-1.23885387151e-14
9.57773268071e-09	-1.18579623592e-14
9.57879156703e-09	-1.48649792969e-14
9.57985045335e-09	-9.70966149415e-15
9.58090933968e-09	-1.29664379548e-14
9.581968226e-09	-6.24378563311e-15
9.58302711232e-09	-7.1427205242e-15
9.58408599865e-09	-7.76780627532e-15
9.58514488497e-09	-1.01816663688e-14
9.58620377129e-09	-1.67452043984e-14
9.58726265761e-09	-1.40869236306e-14
9.58832154394e-09	-1.41926138607e-14
9.58938043026e-09	-1.38297568045e-14
9.59043931658e-09	-9.00125565311e-15
9.59149820291e-09	-1.03712763882e-14
9.59255708923e-09	-9.74671495043e-15
9.59361597555e-09	-8.37094879091e-15
9.59467486188e-09	-1.98210469983e-14
9.5957337482e-09	-1.94579680195e-14
9.59679263452e-09	-1.9123740677e-14
9.59785152085e-09	-2.04334382666e-14
9.59891040717e-09	-1.29662905711e-14
9.59996929349e-09	-1.32647265364e-14
9.60102817981e-09	-7.02509051772e-15
9.60208706614e-09	-1.06446181554e-14
9.60314595246e-09	-1.74503644092e-14
9.60420483878e-09	-1.23050399012e-14
9.60526372511e-09	-1.92467281668e-14
9.60632261143e-09	-1.88463543274e-14
9.60738149775e-09	-1.90301570888e-14
9.60844038408e-09	-1.79867531053e-14
9.6094992704e-09	-1.25092798736e-14
9.61055815672e-09	-1.29159149806e-14
9.61161704305e-09	-1.08011761021e-14
9.61267592937e-09	-1.38621846139e-14
9.61373481569e-09	-1.60532547135e-14
9.61479370201e-09	-1.68488473499e-14
9.61585258834e-09	-2.20235850769e-14
9.61691147466e-09	-1.90302587328e-14
9.61797036098e-09	-1.56118505981e-14
9.61902924731e-09	-1.56313696253e-14
9.62008813363e-09	-9.77992457119e-15
9.62114701995e-09	-1.45346754109e-14
9.62220590628e-09	-1.75225383926e-14
9.6232647926e-09	-1.71971574622e-14
9.62432367892e-09	-2.59728202893e-14
9.62538256524e-09	-2.07851517573e-14
9.62644145157e-09	-2.11370312664e-14
9.62750033789e-09	-2.05065846438e-14
9.62855922421e-09	-1.35808959835e-14
9.62961811054e-09	-2.04146476877e-14
9.63067699686e-09	-1.8145188924e-14
9.63173588318e-09	-1.65766380657e-14
9.63279476951e-09	-2.02960393582e-14
9.63385365583e-09	-2.12309875491e-14
9.63491254215e-09	-2.35346207041e-14
9.63597142848e-09	-1.97774146371e-14
9.6370303148e-09	-1.77686302629e-14
9.63808920112e-09	-1.95449091753e-14
9.63914808744e-09	-1.18375514062e-14
9.64020697377e-09	-1.49167516447e-14
9.64126586009e-09	-2.30268515573e-14
9.64232474641e-09	-2.20994927815e-14
9.64338363274e-09	-2.87234496713e-14
9.64444251906e-09	-2.33263234439e-14
9.64550140538e-09	-2.23355930512e-14
9.64656029171e-09	-2.34816760627e-14
9.64761917803e-09	-1.30910940996e-14
9.64867806435e-09	-2.39076336853e-14
9.64973695068e-09	-1.92945821402e-14
9.650795837e-09	-2.46525618929e-14
9.65185472332e-09	-2.73643717549e-14
9.65291360964e-09	-2.04183356692e-14
9.65397249597e-09	-2.59743974647e-14
9.65503138229e-09	-1.88241603701e-14
9.65609026861e-09	-2.0910577008e-14
9.65714915494e-09	-2.47151965912e-14
9.65820804126e-09	-1.44526978682e-14
9.65926692758e-09	-2.33957547346e-14
9.66032581391e-09	-2.35683393916e-14
9.66138470023e-09	-2.23922341444e-14
9.66244358655e-09	-2.818147564e-14
9.66350247288e-09	-2.41840696639e-14
9.6645613592e-09	-2.17911168846e-14
9.66562024552e-09	-2.2551977782e-14
9.66667913184e-09	-1.31140724094e-14
9.66773801817e-09	-2.40802539177e-14
9.66879690449e-09	-2.32109067345e-14
9.66985579081e-09	-2.49914191175e-14
9.67091467714e-09	-3.43898019328e-14
9.67197356346e-09	-2.3554851239e-14
9.67303244978e-09	-2.55533323044e-14
9.67409133611e-09	-1.90679923565e-14
9.67515022243e-09	-2.1719862779e-14
9.67620910875e-09	-2.51732449041e-14
9.67726799507e-09	-2.13447000282e-14
9.6783268814e-09	-3.10099981717e-14
9.67938576772e-09	-2.9506789129e-14
9.68044465404e-09	-2.96198002648e-14
9.68150354037e-09	-2.90078291248e-14
9.68256242669e-09	-2.46806325648e-14
9.68362131301e-09	-2.6051223353e-14
9.68468019934e-09	-1.96235511022e-14
9.68573908566e-09	-2.00897614245e-14
9.68679797198e-09	-2.51399294042e-14
9.68785685831e-09	-2.56514915645e-14
9.68891574463e-09	-2.93077058932e-14
9.68997463095e-09	-3.3683020701e-14
9.69103351727e-09	-2.53844305466e-14
9.6920924036e-09	-2.80171529423e-14
9.69315128992e-09	-2.4345293915e-14
9.69421017624e-09	-1.91751674353e-14
9.69526906257e-09	-2.86067454718e-14
9.69632794889e-09	-2.14815907169e-14
9.69738683521e-09	-3.61505089915e-14
9.69844572154e-09	-3.25215928406e-14
9.69950460786e-09	-2.63006135696e-14
9.70056349418e-09	-3.24250276965e-14
9.70162238051e-09	-2.11409818281e-14
9.70268126683e-09	-2.57577044139e-14
9.70374015315e-09	-2.41716843481e-14
9.70479903947e-09	-2.64799135039e-14
9.7058579258e-09	-3.31951331115e-14
9.70691681212e-09	-3.02943366465e-14
9.70797569844e-09	-3.81045970601e-14
9.70903458477e-09	-3.46933040022e-14
9.71009347109e-09	-2.82035239076e-14
9.71115235741e-09	-2.62049005406e-14
9.71221124374e-09	-2.51822979922e-14
9.71327013006e-09	-2.6210746762e-14
9.71432901638e-09	-2.33415785073e-14
9.7153879027e-09	-3.06960267751e-14
9.71644678903e-09	-3.60438099452e-14
9.71750567535e-09	-3.34183533981e-14
9.71856456167e-09	-2.82837345396e-14
9.719623448e-09	-3.15594345633e-14
9.72068233432e-09	-2.45821836194e-14
9.72174122064e-09	-2.5123085307e-14
9.72280010697e-09	-2.4252150784e-14
9.72385899329e-09	-2.74848926848e-14
9.72491787961e-09	-3.86314210601e-14
9.72597676594e-09	-2.8286624616e-14
9.72703565226e-09	-4.22892718565e-14
9.72809453858e-09	-3.40723644774e-14
9.7291534249e-09	-2.56938923398e-14
9.73021231123e-09	-2.93750755057e-14
9.73127119755e-09	-1.99137547543e-14
9.73233008387e-09	-3.14482326898e-14
9.7333889702e-09	-3.40891729992e-14
9.73444785652e-09	-3.89294106391e-14
9.73550674284e-09	-4.61446609005e-14
9.73656562917e-09	-3.53519297169e-14
9.73762451549e-09	-3.27901768238e-14
9.73868340181e-09	-3.13085671212e-14
9.73974228814e-09	-2.73539532496e-14
9.74080117446e-09	-2.67305370004e-14
9.74186006078e-09	-3.16133770095e-14
9.7429189471e-09	-3.09661557464e-14
9.74397783343e-09	-4.08288718589e-14
9.74503671975e-09	-3.72232287853e-14
9.74609560607e-09	-4.31230504322e-14
9.7471544924e-09	-3.59852901329e-14
9.74821337872e-09	-2.43903001637e-14
9.74927226504e-09	-3.21714429727e-14
9.75033115137e-09	-2.23432011011e-14
9.75139003769e-09	-3.36384803205e-14
9.75244892401e-09	-3.57531285665e-14
9.75350781034e-09	-3.98345263296e-14
9.75456669666e-09	-4.84102538059e-14
9.75562558298e-09	-3.27677202863e-14
9.7566844693e-09	-3.76861695604e-14
9.75774335563e-09	-3.16617561433e-14
9.75880224195e-09	-2.54802333611e-14
9.75986112827e-09	-3.25528551326e-14
9.7609200146e-09	-3.2157748144e-14
9.76197890092e-09	-3.95069753008e-14
9.76303778724e-09	-4.27719688281e-14
9.76409667357e-09	-3.99734092398e-14
9.76515555989e-09	-3.8340600768e-14
9.76621444621e-09	-3.23263314175e-14
9.76727333253e-09	-2.2967328858e-14
9.76833221886e-09	-3.00392611447e-14
9.76939110518e-09	-2.55874389331e-14
9.7704499915e-09	-2.9379324223e-14
9.77150887783e-09	-4.39058376244e-14
9.77256776415e-09	-4.17776470157e-14
9.77362665047e-09	-4.62359439472e-14
9.7746855368e-09	-3.29259053833e-14
9.77574442312e-09	-3.38626052383e-14
9.77680330944e-09	-3.24309467627e-14
9.77786219577e-09	-2.43676623611e-14
9.77892108209e-09	-3.68178930269e-14
9.77997996841e-09	-3.97857440081e-14
9.78103885473e-09	-4.73882441805e-14
9.78209774106e-09	-4.37358990983e-14
9.78315662738e-09	-4.33919224066e-14
9.7842155137e-09	-4.22186496375e-14
9.78527440003e-09	-3.0212442113e-14
9.78633328635e-09	-2.99010050389e-14
9.78739217267e-09	-3.13402258247e-14
9.788451059e-09	-3.19929832951e-14
9.78950994532e-09	-3.81428795612e-14
9.79056883164e-09	-4.46636407329e-14
9.79162771797e-09	-4.34677216909e-14
9.79268660429e-09	-4.07545769051e-14
9.79374549061e-09	-3.2163890827e-14
9.79480437693e-09	-3.51665819674e-14
9.79586326326e-09	-3.15703240189e-14
9.79692214958e-09	-2.73063127285e-14
9.7979810359e-09	-4.2303064941e-14
9.79903992223e-09	-4.18504545797e-14
9.80009880855e-09	-4.40397806385e-14
9.80115769487e-09	-4.48260305014e-14
9.8022165812e-09	-4.16505886855e-14
9.80327546752e-09	-4.1862340146e-14
9.80433435384e-09	-2.91983742685e-14
9.80539324017e-09	-3.07155254735e-14
9.80645212649e-09	-3.56956624632e-14
9.80751101281e-09	-3.59433857189e-14
9.80856989913e-09	-4.48680297831e-14
9.80962878546e-09	-4.74292575158e-14
9.81068767178e-09	-4.94485535689e-14
9.8117465581e-09	-4.11695620628e-14
9.81280544443e-09	-3.66915224874e-14
9.81386433075e-09	-3.27486315518e-14
9.81492321707e-09	-3.03586840454e-14
9.8159821034e-09	-3.85970382987e-14
9.81704098972e-09	-4.27804865914e-14
9.81809987604e-09	-4.25871936728e-14
9.81915876236e-09	-4.63664852769e-14
9.82021764869e-09	-4.52982784746e-14
9.82127653501e-09	-4.25058005829e-14
9.82233542133e-09	-3.91665053254e-14
9.82339430766e-09	-3.02564946025e-14
9.82445319398e-09	-3.57084967064e-14
9.8255120803e-09	-3.89886487353e-14
9.82657096663e-09	-3.26741909082e-14
9.82762985295e-09	-4.86167909316e-14
9.82868873927e-09	-4.44042351987e-14
9.8297476256e-09	-4.74757630127e-14
9.83080651192e-09	-4.27135811529e-14
9.83186539824e-09	-3.85612935084e-14
9.83292428456e-09	-3.93587242062e-14
9.83398317089e-09	-3.08922673683e-14
9.83504205721e-09	-3.56081673479e-14
9.83610094353e-09	-4.22479366487e-14
9.83715982986e-09	-4.76449019398e-14
9.83821871618e-09	-4.99765024286e-14
9.8392776025e-09	-4.87298732182e-14
9.84033648883e-09	-4.27237692652e-14
9.84139537515e-09	-3.72629444662e-14
9.84245426147e-09	-3.71638145063e-14
9.8435131478e-09	-3.76695812672e-14
9.84457203412e-09	-3.84680622859e-14
9.84563092044e-09	-3.83731912077e-14
9.84668980676e-09	-4.69785309558e-14
9.84774869309e-09	-4.65649450964e-14
9.84880757941e-09	-4.36447990108e-14
9.84986646573e-09	-4.39523465095e-14
9.85092535206e-09	-3.65022072356e-14
9.85198423838e-09	-4.03278450944e-14
9.8530431247e-09	-3.24542435569e-14
9.85410201103e-09	-3.78272750851e-14
9.85516089735e-09	-4.28444341908e-14
9.85621978367e-09	-3.99693163766e-14
9.85727866999e-09	-4.80972378624e-14
9.85833755632e-09	-4.34430594796e-14
9.85939644264e-09	-4.23080590472e-14
9.86045532896e-09	-3.91931597582e-14
9.86151421529e-09	-3.3764183398e-14
9.86257310161e-09	-3.8362786255e-14
9.86363198793e-09	-4.00106719132e-14
9.86469087426e-09	-4.41687092174e-14
9.86574976058e-09	-4.98344583915e-14
9.8668086469e-09	-4.39995669023e-14
9.86786753323e-09	-4.30075693483e-14
9.86892641955e-09	-4.22037621864e-14
9.86998530587e-09	-3.8265607859e-14
9.87104419219e-09	-3.93413668071e-14
9.87210307852e-09	-4.09457081955e-14
9.87316196484e-09	-4.31762474894e-14
9.87422085116e-09	-4.58332170502e-14
9.87527973749e-09	-4.10236996012e-14
9.87633862381e-09	-4.62436621114e-14
9.87739751013e-09	-4.27120869868e-14
9.87845639646e-09	-3.67358426393e-14
9.87951528278e-09	-3.91301337307e-14
9.8805741691e-09	-3.82115332757e-14
9.88163305543e-09	-4.24163539036e-14
9.88269194175e-09	-3.94990402961e-14
9.88375082807e-09	-4.63543896464e-14
9.88480971439e-09	-4.80468461783e-14
9.88586860072e-09	-4.26658627048e-14
9.88692748704e-09	-4.29286970284e-14
9.88798637336e-09	-3.81188949763e-14
9.88904525969e-09	-3.86119528549e-14
9.89010414601e-09	-3.87638394148e-14
9.89116303233e-09	-4.05958124376e-14
9.89222191866e-09	-4.68982457849e-14
9.89328080498e-09	-4.83398755323e-14
9.8943396913e-09	-4.5447606995e-14
9.89539857763e-09	-4.62470095856e-14
9.89645746395e-09	-3.99815746374e-14
9.89751635027e-09	-3.78801977036e-14
9.89857523659e-09	-4.4512296274e-14
9.89963412292e-09	-4.22458936052e-14
9.90069300924e-09	-4.48703472652e-14
9.90175189556e-09	-4.38629404879e-14
9.90281078189e-09	-4.57181831997e-14
9.90386966821e-09	-4.75526193942e-14
9.90492855453e-09	-4.24360321731e-14
9.90598744086e-09	-4.75407270517e-14
9.90704632718e-09	-4.32515792116e-14
9.9081052135e-09	-4.0341153676e-14
9.90916409982e-09	-3.97059094588e-14
9.91022298615e-09	-4.285089197e-14
9.91128187247e-09	-4.63928008965e-14
9.91234075879e-09	-4.27310232554e-14
9.91339964512e-09	-4.47677783516e-14
9.91445853144e-09	-4.22318904565e-14
9.91551741776e-09	-3.9057590441e-14
9.91657630409e-09	-4.25551859918e-14
9.91763519041e-09	-4.30584048776e-14
9.91869407673e-09	-4.46904035859e-14
9.91975296306e-09	-4.59953256038e-14
9.92081184938e-09	-4.50037752832e-14
9.9218707357e-09	-4.55328591671e-14
9.92292962202e-09	-4.24995664204e-14
9.92398850835e-09	-3.99146996921e-14
9.92504739467e-09	-4.56141675538e-14
9.92610628099e-09	-4.29946775068e-14
9.92716516732e-09	-4.1191290152e-14
9.92822405364e-09	-4.68235611959e-14
9.92928293996e-09	-4.20029814966e-14
9.93034182629e-09	-4.62118441658e-14
9.93140071261e-09	-4.13342015509e-14
9.93245959893e-09	-3.96444758532e-14
9.93351848526e-09	-4.44994586427e-14
9.93457737158e-09	-3.99480253564e-14
9.9356362579e-09	-4.27651315781e-14
9.93669514422e-09	-4.41034944568e-14
9.93775403055e-09	-4.3087491989e-14
9.93881291687e-09	-4.36922362439e-14
9.93987180319e-09	-4.28124739436e-14
9.94093068952e-09	-4.34761174815e-14
9.94198957584e-09	-3.85592369124e-14
9.94304846216e-09	-3.89926670596e-14
9.94410734849e-09	-3.85221843031e-14
9.94516623481e-09	-4.2273835528e-14
9.94622512113e-09	-4.40548171673e-14
9.94728400746e-09	-4.4848361678e-14
9.94834289378e-09	-4.64328791074e-14
9.9494017801e-09	-4.4365498688e-14
9.95046066642e-09	-4.33874975064e-14
9.95151955275e-09	-4.40370159229e-14
9.95257843907e-09	-4.30428194714e-14
9.95363732539e-09	-4.06959114031e-14
9.95469621172e-09	-4.71046914311e-14
9.95575509804e-09	-4.59578765831e-14
9.95681398436e-09	-4.53420531373e-14
9.95787287069e-09	-4.68501072084e-14
9.95893175701e-09	-4.28019741232e-14
9.95999064333e-09	-4.55529270717e-14
9.96104952965e-09	-3.92206781646e-14
9.96210841598e-09	-4.1413388967e-14
9.9631673023e-09	-4.61097631431e-14
9.96422618862e-09	-4.20096154586e-14
9.96528507495e-09	-4.35472208152e-14
9.96634396127e-09	-4.42801042144e-14
9.96740284759e-09	-4.20618977203e-14
9.96846173392e-09	-4.32224751595e-14
9.96952062024e-09	-4.45460725598e-14
9.97057950656e-09	-4.1611628558e-14
9.97163839289e-09	-3.98641487659e-14
9.97269727921e-09	-4.21412748718e-14
9.97375616553e-09	-4.36901389904e-14
9.97481505185e-09	-4.61005813059e-14
9.97587393818e-09	-4.1345053737e-14
9.9769328245e-09	-4.16696977487e-14
9.97799171082e-09	-4.19655019827e-14
9.97905059715e-09	-4.03752924919e-14
9.98010948347e-09	-3.93458018716e-14
9.98116836979e-09	-4.14650173192e-14
9.98222725612e-09	-4.44526549901e-14
9.98328614244e-09	-4.05786481619e-14
9.98434502876e-09	-4.62219001409e-14
9.98540391509e-09	-4.19398131675e-14
9.98646280141e-09	-4.06005693746e-14
9.98752168773e-09	-4.07246359844e-14
9.98858057405e-09	-3.82339017217e-14
9.98963946038e-09	-4.37066493566e-14
9.9906983467e-09	-3.89883471916e-14
9.99175723302e-09	-4.0600064543e-14
9.99281611935e-09	-4.19489441827e-14
9.99387500567e-09	-4.25202746819e-14
9.99493389199e-09	-4.60629764312e-14
9.99599277832e-09	-4.28824185363e-14
9.99705166464e-09	-4.01086702371e-14
9.99811055096e-09	-3.70311793111e-14
9.99916943728e-09	-4.0411081328e-14
1.00002283236e-08	-4.1038658203e-14
1.00012872099e-08	-4.26077562446e-14
1.00023460963e-08	-4.29477451053e-14
1.00034049826e-08	-4.67373806757e-14
1.00044638689e-08	-4.61739004779e-14
1.00055227552e-08	-4.09608700853e-14
1.00065816415e-08	-4.11013928512e-14
1.00076405279e-08	-4.07659271466e-14
1.00086994142e-08	-4.10565848083e-14
1.00097583005e-08	-3.9660488164e-14
1.00108171868e-08	-4.25442084448e-14
1.00118760732e-08	-4.49566565344e-14
1.00129349595e-08	-4.18777493694e-14
1.00139938458e-08	-4.66281337543e-14
1.00150527321e-08	-4.26648191602e-14
1.00161116185e-08	-4.22499695277e-14
1.00171705048e-08	-4.00604503454e-14
1.00182293911e-08	-3.8292601105e-14
1.00192882774e-08	-4.26705484911e-14
1.00203471637e-08	-4.14716648338e-14
1.00214060501e-08	-4.34081888273e-14
1.00224649364e-08	-4.44843746799e-14
1.00235238227e-08	-4.25197325808e-14
1.0024582709e-08	-4.15941220811e-14
1.00256415954e-08	-4.35044490395e-14
1.00267004817e-08	-3.91610097757e-14
1.0027759368e-08	-3.80221909188e-14
1.00288182543e-08	-4.15386549755e-14
1.00298771407e-08	-4.09507226306e-14
1.0030936027e-08	-4.28373428309e-14
1.00319949133e-08	-3.96189395039e-14
1.00330537996e-08	-3.94415132065e-14
1.00341126859e-08	-3.9301695172e-14
1.00351715723e-08	-3.48375096674e-14
1.00362304586e-08	-3.80196972538e-14
1.00372893449e-08	-3.88508364748e-14
1.00383482312e-08	-4.31108294408e-14
1.00394071176e-08	-4.27387481959e-14
1.00404660039e-08	-4.35217488404e-14
1.00415248902e-08	-4.28389928511e-14
1.00425837765e-08	-3.94667344595e-14
1.00436426629e-08	-4.0021103971e-14
1.00447015492e-08	-3.77346571145e-14
1.00457604355e-08	-3.96049804009e-14
1.00468193218e-08	-3.98482448752e-14
1.00478782081e-08	-4.28212390405e-14
1.00489370945e-08	-4.59118860822e-14
1.00499959808e-08	-4.33433738662e-14
1.00510548671e-08	-4.3188166937e-14
1.00521137534e-08	-3.93952008331e-14
1.00531726398e-08	-3.68334682687e-14
1.00542315261e-08	-3.64117508931e-14
1.00552904124e-08	-3.92697213723e-14
1.00563492987e-08	-3.88394150825e-14
1.00574081851e-08	-4.17417700882e-14
1.00584670714e-08	-4.1746266139e-14
1.00595259577e-08	-4.10449669044e-14
1.0060584844e-08	-4.36705826937e-14
1.00616437303e-08	-3.77066914747e-14
1.00627026167e-08	-3.87160091584e-14
1.0063761503e-08	-3.80394941078e-14
1.00648203893e-08	-3.58094562575e-14
1.00658792756e-08	-3.87987710536e-14
1.0066938162e-08	-3.89009130626e-14
1.00679970483e-08	-4.35622878373e-14
1.00690559346e-08	-4.27066253184e-14
1.00701148209e-08	-4.03855212618e-14
1.00711737073e-08	-3.89679032044e-14
1.00722325936e-08	-3.62768117683e-14
1.00732914799e-08	-3.61625436356e-14
1.00743503662e-08	-3.8507012249e-14
1.00754092525e-08	-4.2620414305e-14
1.00764681389e-08	-4.02155353018e-14
1.00775270252e-08	-3.95480157411e-14
1.00785859115e-08	-3.92382286873e-14
1.00796447978e-08	-3.61875582126e-14
1.00807036842e-08	-3.43739420879e-14
1.00817625705e-08	-3.52801352043e-14
1.00828214568e-08	-3.82275150933e-14
1.00838803431e-08	-3.68370258071e-14
1.00849392295e-08	-3.73674344505e-14
1.00859981158e-08	-3.65652705326e-14
1.00870570021e-08	-3.93550650239e-14
1.00881158884e-08	-3.75473374723e-14
1.00891747747e-08	-3.51019330247e-14
1.00902336611e-08	-3.93948010335e-14
1.00912925474e-08	-3.27884149953e-14
1.00923514337e-08	-3.53414908829e-14
1.009341032e-08	-3.75893536946e-14
1.00944692064e-08	-3.73593164868e-14
1.00955280927e-08	-3.99975056331e-14
1.0096586979e-08	-3.77311978319e-14
1.00976458653e-08	-3.82391363853e-14
1.00987047517e-08	-3.71155099114e-14
1.0099763638e-08	-3.51052466176e-14
1.01008225243e-08	-3.4356977712e-14
1.01018814106e-08	-3.48820703767e-14
1.01029402969e-08	-3.49016097327e-14
1.01039991833e-08	-3.75666498235e-14
1.01050580696e-08	-4.10546501851e-14
1.01061169559e-08	-3.6568008143e-14
1.01071758422e-08	-3.59509751342e-14
1.01082347286e-08	-3.4921592934e-14
1.01092936149e-08	-3.26408245864e-14
1.01103525012e-08	-3.34866716875e-14
1.01114113875e-08	-3.54546849778e-14
1.01124702739e-08	-3.86381227848e-14
1.01135291602e-08	-3.67061016185e-14
1.01145880465e-08	-3.60252463711e-14
1.01156469328e-08	-3.33581259674e-14
1.01167058191e-08	-3.49548305069e-14
1.01177647055e-08	-3.32601920181e-14
1.01188235918e-08	-3.22901495581e-14
1.01198824781e-08	-3.49746205846e-14
1.01209413644e-08	-3.20666141752e-14
1.01220002508e-08	-3.69031553633e-14
1.01230591371e-08	-3.55307824178e-14
1.01241180234e-08	-3.54488878843e-14
1.01251769097e-08	-3.88595643023e-14
1.01262357961e-08	-3.47998844639e-14
1.01272946824e-08	-3.43651464978e-14
1.01283535687e-08	-3.41243180902e-14
1.0129412455e-08	-3.3601525967e-14
1.01304713413e-08	-3.39957588176e-14
1.01315302277e-08	-3.57763271048e-14
1.0132589114e-08	-3.30325265025e-14
1.01336480003e-08	-3.5111555319e-14
1.01347068866e-08	-3.55344653171e-14
1.0135765773e-08	-3.11460248868e-14
1.01368246593e-08	-3.28492997235e-14
1.01378835456e-08	-3.20053364236e-14
1.01389424319e-08	-3.50285833596e-14
1.01400013183e-08	-3.6240040374e-14
1.01410602046e-08	-3.41572236261e-14
1.01421190909e-08	-3.62817990983e-14
1.01431779772e-08	-3.67838151973e-14
1.01442368635e-08	-3.3646181544e-14
1.01452957499e-08	-2.98248737176e-14
1.01463546362e-08	-3.19315327489e-14
1.01474135225e-08	-3.13853320232e-14
1.01484724088e-08	-3.30582119296e-14
1.01495312952e-08	-3.57127691406e-14
1.01505901815e-08	-3.23652644399e-14
1.01516490678e-08	-3.64946144322e-14
1.01527079541e-08	-3.34762870636e-14
1.01537668405e-08	-3.12383447018e-14
1.01548257268e-08	-2.76306467262e-14
1.01558846131e-08	-2.90841840628e-14
1.01569434994e-08	-3.1042964694e-14
1.01580023857e-08	-3.04896285628e-14
1.01590612721e-08	-3.12507655929e-14
1.01601201584e-08	-3.33206227367e-14
1.01611790447e-08	-3.50996019901e-14
1.0162237931e-08	-3.23038443868e-14
1.01632968174e-08	-3.05676301328e-14
1.01643557037e-08	-2.91017820194e-14
1.016541459e-08	-2.88953702545e-14
1.01664734763e-08	-3.0500199534e-14
1.01675323627e-08	-3.00774826594e-14
1.0168591249e-08	-3.13817948136e-14
1.01696501353e-08	-3.03793414849e-14
1.01707090216e-08	-2.99481000708e-14
1.01717679079e-08	-2.99908616821e-14
1.01728267943e-08	-3.04297873791e-14
1.01738856806e-08	-2.87169918921e-14
1.01749445669e-08	-2.61295163024e-14
1.01760034532e-08	-2.76512973895e-14
1.01770623396e-08	-2.83696304567e-14
1.01781212259e-08	-3.16766198775e-14
1.01791801122e-08	-3.29462172333e-14
1.01802389985e-08	-3.11894370194e-14
1.01812978849e-08	-2.91237947116e-14
1.01823567712e-08	-2.70201036838e-14
1.01834156575e-08	-2.60889688352e-14
1.01844745438e-08	-2.61168734886e-14
1.01855334301e-08	-2.77325176847e-14
1.01865923165e-08	-3.15404576371e-14
1.01876512028e-08	-3.10327765817e-14
1.01887100891e-08	-2.73320100141e-14
1.01897689754e-08	-2.58893418043e-14
1.01908278618e-08	-2.72959806206e-14
1.01918867481e-08	-2.59183069429e-14
1.01929456344e-08	-2.64356882196e-14
1.01940045207e-08	-2.35943585497e-14
1.01950634071e-08	-2.48097441029e-14
1.01961222934e-08	-2.75132496538e-14
1.01971811797e-08	-2.63497753619e-14
1.0198240066e-08	-2.75596619771e-14
1.01992989523e-08	-2.78786867723e-14
1.02003578387e-08	-2.30466738223e-14
1.0201416725e-08	-2.20273730083e-14
1.02024756113e-08	-2.20557926577e-14
1.02035344976e-08	-2.36462596465e-14
1.0204593384e-08	-2.51084739886e-14
1.02056522703e-08	-2.53341760818e-14
1.02067111566e-08	-2.43670728262e-14
1.02077700429e-08	-2.56946190941e-14
1.02088289293e-08	-2.39673681428e-14
1.02098878156e-08	-2.33832745511e-14
1.02109467019e-08	-2.07277940742e-14
1.02120055882e-08	-2.13247981421e-14
1.02130644745e-08	-2.18554117675e-14
1.02141233609e-08	-2.35075935768e-14
1.02151822472e-08	-2.4292642347e-14
1.02162411335e-08	-2.7176779368e-14
1.02173000198e-08	-2.79646165707e-14
1.02183589062e-08	-2.43759853069e-14
1.02194177925e-08	-2.5795216115e-14
1.02204766788e-08	-2.14906421109e-14
1.02215355651e-08	-1.89812832878e-14
1.02225944515e-08	-2.19133691498e-14
1.02236533378e-08	-2.16419628529e-14
1.02247122241e-08	-2.08879341232e-14
1.02257711104e-08	-2.26838726703e-14
1.02268299967e-08	-1.93999784499e-14
1.02278888831e-08	-2.374671606e-14
1.02289477694e-08	-2.0724883669e-14
1.02300066557e-08	-2.19096286524e-14
1.0231065542e-08	-2.19516601213e-14
1.02321244284e-08	-1.95505419444e-14
1.02331833147e-08	-1.80016117572e-14
1.0234242201e-08	-2.05257208121e-14
1.02353010873e-08	-2.16533012359e-14
1.02363599737e-08	-2.15469189799e-14
1.023741886e-08	-2.31581043946e-14
1.02384777463e-08	-2.005848558e-14
1.02395366326e-08	-1.88202115025e-14
1.02405955189e-08	-1.86510657992e-14
1.02416544053e-08	-1.52157813801e-14
1.02427132916e-08	-2.12644436564e-14
1.02437721779e-08	-2.0961300729e-14
1.02448310642e-08	-1.66350325171e-14
1.02458899506e-08	-1.79885403448e-14
1.02469488369e-08	-1.55976780428e-14
1.02480077232e-08	-1.43558836964e-14
1.02490666095e-08	-1.6872039112e-14
1.02501254959e-08	-1.8436854555e-14
1.02511843822e-08	-1.64043041304e-14
1.02522432685e-08	-1.98248721991e-14
1.02533021548e-08	-1.65390975655e-14
1.02543610411e-08	-1.74740796377e-14
1.02554199275e-08	-1.66648717937e-14
1.02564788138e-08	-1.3954301988e-14
1.02575377001e-08	-1.66378412783e-14
1.02585965864e-08	-1.66352730744e-14
1.02596554728e-08	-1.6139648686e-14
1.02607143591e-08	-1.71793782406e-14
1.02617732454e-08	-1.56374936735e-14
1.02628321317e-08	-1.25698943984e-14
1.0263891018e-08	-1.49568976182e-14
1.02649499044e-08	-1.51030074135e-14
1.02660087907e-08	-1.23657907983e-14
1.0267067677e-08	-1.34722690903e-14
1.02681265633e-08	-1.31613986812e-14
1.02691854497e-08	-1.46518099031e-14
1.0270244336e-08	-1.57053088254e-14
1.02713032223e-08	-1.26800400217e-14
1.02723621086e-08	-1.9667173299e-14
1.0273420995e-08	-1.4473129997e-14
1.02744798813e-08	-1.31098330095e-14
1.02755387676e-08	-1.2888648143e-14
1.02765976539e-08	-1.21635972575e-14
1.02776565402e-08	-1.2697296624e-14
1.02787154266e-08	-1.36418984494e-14
1.02797743129e-08	-1.18729133377e-14
1.02808331992e-08	-1.05954961737e-14
1.02818920855e-08	-1.31836883533e-14
1.02829509719e-08	-1.14029091548e-14
1.02840098582e-08	-1.35599336122e-14
1.02850687445e-08	-1.08837109925e-14
1.02861276308e-08	-9.51355642621e-15
1.02871865172e-08	-1.14919619637e-14
1.02882454035e-08	-9.78844911078e-15
1.02893042898e-08	-8.20868607733e-15
1.02903631761e-08	-9.22103868007e-15
1.02914220624e-08	-1.12153379438e-14
1.02924809488e-08	-1.00682706801e-14
1.02935398351e-08	-9.06808909375e-15
1.02945987214e-08	-9.07293581627e-15
1.02956576077e-08	-9.11752701875e-15
1.02967164941e-08	-1.22089008147e-14
1.02977753804e-08	-8.29395519007e-15
1.02988342667e-08	-9.773698032e-15
1.0299893153e-08	-8.24902856255e-15
1.03009520394e-08	-4.2250723387e-15
1.03020109257e-08	-6.6239717128e-15
1.0303069812e-08	-7.22833946154e-15
1.03041286983e-08	-8.13609874189e-15
1.03051875846e-08	-9.34964030432e-15
1.0306246471e-08	-7.38433921351e-15
1.03073053573e-08	-6.46068324233e-15
1.03083642436e-08	-5.98033551662e-15
1.03094231299e-08	-4.37907859863e-15
1.03104820163e-08	-6.45328949173e-15
1.03115409026e-08	-7.03579447307e-15
1.03125997889e-08	-1.18534563556e-15
1.03136586752e-08	-6.44745385824e-15
1.03147175616e-08	-4.07597378768e-15
1.03157764479e-08	-4.58352270594e-15
1.03168353342e-08	-7.07047200193e-15
1.03178942205e-08	-4.78591148781e-15
1.03189531068e-08	-6.15113505175e-15
1.03200119932e-08	-3.98903771411e-15
1.03210708795e-08	-3.46931650888e-15
1.03221297658e-08	-1.08145926804e-15
1.03231886521e-08	8.86156022659e-16
1.03242475385e-08	3.7088600204e-16
1.03253064248e-08	-1.15746131094e-15
1.03263653111e-08	-1.33172319912e-15
1.03274241974e-08	-1.38660796949e-15
1.03284830838e-08	-4.54629137274e-15
1.03295419701e-08	-2.52383546326e-15
1.03306008564e-08	-1.03643586701e-15
1.03316597427e-08	-2.35850236114e-16
1.0332718629e-08	1.87512892786e-15
1.03337775154e-08	1.10877121015e-15
1.03348364017e-08	1.76743631192e-15
1.0335895288e-08	6.34414040263e-15
1.03369541743e-08	4.31387230828e-15
1.03380130607e-08	2.83686707683e-15
1.0339071947e-08	3.70273126057e-15
1.03401308333e-08	1.37637996724e-16
1.03411897196e-08	7.00336052273e-16
1.0342248606e-08	1.87253743056e-15
1.03433074923e-08	3.89570611826e-15
1.03443663786e-08	2.50143715928e-15
1.03454252649e-08	-9.6335492311e-16
1.03464841512e-08	2.39614143482e-15
1.03475430376e-08	4.56861196145e-15
1.03486019239e-08	4.92064224246e-15
1.03496608102e-08	7.502817947e-15
1.03507196965e-08	6.94072518914e-15
1.03517785829e-08	5.37668139313e-15
1.03528374692e-08	4.0654438976e-15
1.03538963555e-08	3.80836558646e-15
1.03549552418e-08	3.61940566494e-15
1.03560141282e-08	6.54602223528e-15
1.03570730145e-08	8.27444124503e-15
1.03581319008e-08	4.02932937734e-15
1.03591907871e-08	4.16407834321e-15
1.03602496734e-08	6.28797957713e-15
1.03613085598e-08	3.68511932802e-15
1.03623674461e-08	9.54598847072e-15
1.03634263324e-08	1.08815578347e-14
1.03644852187e-08	8.79152606021e-15
1.03655441051e-08	8.11606895378e-15
1.03666029914e-08	3.19524968143e-15
1.03676618777e-08	4.3929631627e-15
1.0368720764e-08	5.68958722231e-15
1.03697796504e-08	8.67386132537e-15
1.03708385367e-08	1.14924896653e-14
1.0371897423e-08	9.56733708913e-15
1.03729563093e-08	9.17892166083e-15
1.03740151956e-08	9.68107497922e-15
1.0375074082e-08	9.64862684107e-15
1.03761329683e-08	1.09182555371e-14
1.03771918546e-08	8.85362458667e-15
1.03782507409e-08	9.65566483783e-15
1.03793096273e-08	8.88071270032e-15
1.03803685136e-08	1.09760807824e-14
1.03814273999e-08	1.20909675704e-14
1.03824862862e-08	1.44931877372e-14
1.03835451726e-08	1.61011391801e-14
1.03846040589e-08	9.01708585186e-15
1.03856629452e-08	8.40465477298e-15
1.03867218315e-08	1.11576194247e-14
1.03877807178e-08	1.01343460262e-14
1.03888396042e-08	1.19981276772e-14
1.03898984905e-08	1.74021953396e-14
1.03909573768e-08	1.66475702987e-14
1.03920162631e-08	1.65268799622e-14
1.03930751495e-08	1.43447486013e-14
1.03941340358e-08	1.43392174762e-14
1.03951929221e-08	1.68014473861e-14
1.03962518084e-08	4.80122923163e-15
1.03973106948e-08	8.31743155523e-15
1.03983695811e-08	1.73042461436e-14
1.03994284674e-08	1.28860333523e-14
1.04004873537e-08	2.55167032116e-14
1.040154624e-08	2.10744355316e-14
1.04026051264e-08	2.04595285754e-14
1.04036640127e-08	1.29363267806e-14
1.0404722899e-08	5.62980533096e-15
1.04057817853e-08	1.12974467766e-14
1.04068406717e-08	1.06177985512e-14
1.0407899558e-08	1.47499928802e-14
1.04089584443e-08	2.12350668598e-14
1.04100173306e-08	2.49744530476e-14
1.0411076217e-08	2.66254405405e-14
1.04121351033e-08	2.03859197183e-14
1.04131939896e-08	2.29591634604e-14
1.04142528759e-08	2.02079547079e-14
1.04153117622e-08	1.23605993334e-14
1.04163706486e-08	1.41779237683e-14
1.04174295349e-08	2.13990134748e-14
1.04184884212e-08	2.05002302026e-14
1.04195473075e-08	2.72023783978e-14
1.04206061939e-08	2.35946092715e-14
1.04216650802e-08	2.67942440425e-14
1.04227239665e-08	1.93336422176e-14
1.04237828528e-08	8.6077673445e-15
1.04248417392e-08	2.18155724198e-14
1.04259006255e-08	1.05941807315e-14
1.04269595118e-08	2.51272696497e-14
1.04280183981e-08	2.92682307698e-14
1.04290772844e-08	2.48557888139e-14
1.04301361708e-08	3.04798571907e-14
1.04311950571e-08	2.14249496237e-14
1.04322539434e-08	2.61833418581e-14
1.04333128297e-08	1.77758147964e-14
1.04343717161e-08	1.73626609238e-14
1.04354306024e-08	2.33409076572e-14
1.04364894887e-08	2.53267221919e-14
1.0437548375e-08	2.55932902367e-14
1.04386072614e-08	2.85544022238e-14
1.04396661477e-08	2.99764146882e-14
1.0440725034e-08	1.96613829818e-14
1.04417839203e-08	2.19410959263e-14
1.04428428066e-08	1.983764715e-14
1.0443901693e-08	2.59711329997e-14
1.04449605793e-08	2.545583373e-14
1.04460194656e-08	3.05146126466e-14
1.04470783519e-08	3.77439643125e-14
1.04481372383e-08	2.42748190798e-14
1.04491961246e-08	3.2512604127e-14
1.04502550109e-08	2.41977356934e-14
1.04513138972e-08	2.44946071889e-14
1.04523727836e-08	2.46050179336e-14
1.04534316699e-08	1.99425725093e-14
1.04544905562e-08	3.51709594337e-14
1.04555494425e-08	2.43249210786e-14
1.04566083288e-08	2.9955767413e-14
1.04576672152e-08	3.42889745189e-14
1.04587261015e-08	2.76125642669e-14
1.04597849878e-08	3.00910758442e-14
1.04608438741e-08	1.96828484907e-14
1.04619027605e-08	2.56767178998e-14
1.04629616468e-08	2.87815391908e-14
1.04640205331e-08	2.86186039331e-14
1.04650794194e-08	3.69522188998e-14
1.04661383058e-08	3.95438923848e-14
1.04671971921e-08	3.22257310084e-14
1.04682560784e-08	3.28629098489e-14
1.04693149647e-08	2.89806224266e-14
1.0470373851e-08	2.44912444681e-14
1.04714327374e-08	3.26955327504e-14
1.04724916237e-08	2.64191117849e-14
1.047355051e-08	3.94093191782e-14
1.04746093963e-08	3.39112621989e-14
1.04756682827e-08	3.48279788527e-14
1.0476727169e-08	4.38292590698e-14
1.04777860553e-08	3.07100333119e-14
1.04788449416e-08	3.7138484833e-14
1.0479903828e-08	2.87426264972e-14
1.04809627143e-08	3.16293384984e-14
1.04820216006e-08	3.26564099926e-14
1.04830804869e-08	3.09224793395e-14
1.04841393732e-08	4.5279701348e-14
1.04851982596e-08	3.65448400979e-14
1.04862571459e-08	4.12697186267e-14
1.04873160322e-08	3.52734876898e-14
1.04883749185e-08	3.27672595004e-14
1.04894338049e-08	3.27333002554e-14
1.04904926912e-08	3.28912786764e-14
1.04915515775e-08	4.31482615208e-14
1.04926104638e-08	4.65501186317e-14
1.04936693502e-08	4.1956896128e-14
1.04947282365e-08	3.83282510277e-14
1.04957871228e-08	4.51981422395e-14
1.04968460091e-08	3.36428001885e-14
1.04979048954e-08	3.8916681428e-14
1.04989637818e-08	3.5482196608e-14
1.05000226681e-08	3.64306363397e-14
1.05010815544e-08	4.88726423155e-14
1.05021404407e-08	3.81098588288e-14
1.05031993271e-08	5.7783130765e-14
1.05042582134e-08	4.77863022319e-14
1.05053170997e-08	3.5701879685e-14
1.0506375986e-08	4.14559405142e-14
1.05074348724e-08	2.78188167895e-14
1.05084937587e-08	3.64461234901e-14
1.0509552645e-08	3.95049864674e-14
1.05106115313e-08	5.22573249864e-14
1.05116704176e-08	5.13903190022e-14
1.0512729304e-08	4.8570088923e-14
1.05137881903e-08	5.05442042387e-14
1.05148470766e-08	3.80627265275e-14
1.05159059629e-08	3.88381513094e-14
1.05169648493e-08	3.6433292635e-14
1.05180237356e-08	4.44799836611e-14
1.05190826219e-08	4.68637342745e-14
1.05201415082e-08	5.11276845784e-14
1.05212003946e-08	5.31309615444e-14
1.05222592809e-08	5.54373983785e-14
1.05233181672e-08	5.19280934442e-14
1.05243770535e-08	3.92355147937e-14
1.05254359398e-08	4.26727914343e-14
1.05264948262e-08	2.87450185182e-14
1.05275537125e-08	4.47631128941e-14
1.05286125988e-08	5.2707810989e-14
1.05296714851e-08	5.62860542409e-14
1.05307303715e-08	6.69716425329e-14
1.05317892578e-08	5.01420939817e-14
1.05328481441e-08	5.64862792771e-14
1.05339070304e-08	4.28683476249e-14
1.05349659168e-08	3.86859293244e-14
1.05360248031e-08	4.82995499878e-14
1.05370836894e-08	5.19584341643e-14
1.05381425757e-08	5.53552497351e-14
1.0539201462e-08	5.46424681219e-14
1.05402603484e-08	6.26438937073e-14
1.05413192347e-08	5.73435816518e-14
1.0542378121e-08	5.17650362137e-14
1.05434370073e-08	4.59038663743e-14
1.05444958937e-08	4.55587207771e-14
1.054555478e-08	4.58652044024e-14
1.05466136663e-08	4.91399896306e-14
1.05476725526e-08	6.47852133268e-14
1.0548731439e-08	6.38373766826e-14
1.05497903253e-08	6.43977262466e-14
1.05508492116e-08	5.5155617622e-14
1.05519080979e-08	5.35227718808e-14
1.05529669842e-08	4.62718140984e-14
1.05540258706e-08	4.62123964312e-14
1.05550847569e-08	6.02140136797e-14
1.05561436432e-08	5.92384350124e-14
1.05572025295e-08	6.78711508653e-14
1.05582614159e-08	6.40527602204e-14
1.05593203022e-08	6.46177921826e-14
1.05603791885e-08	6.56421192901e-14
1.05614380748e-08	5.10700660092e-14
1.05624969612e-08	5.63639440026e-14
1.05635558475e-08	4.98045953979e-14
1.05646147338e-08	5.08980844396e-14
1.05656736201e-08	6.40209592154e-14
1.05667325064e-08	7.1696785336e-14
1.05677913928e-08	7.52322940815e-14
1.05688502791e-08	6.80856941464e-14
1.05699091654e-08	6.37500170925e-14
1.05709680517e-08	5.40032835073e-14
1.05720269381e-08	5.0484491804e-14
1.05730858244e-08	5.27227594265e-14
1.05741447107e-08	6.6562105491e-14
1.0575203597e-08	7.06842557033e-14
1.05762624834e-08	7.22406143694e-14
1.05773213697e-08	7.74821491147e-14
1.0578380256e-08	6.88872651413e-14
1.05794391423e-08	6.69824100157e-14
1.05804980286e-08	5.59331972557e-14
1.0581556915e-08	6.03572300104e-14
1.05826158013e-08	5.75902986324e-14
1.05836746876e-08	5.99800564034e-14
1.05847335739e-08	7.3664612279e-14
1.05857924603e-08	7.40937123938e-14
1.05868513466e-08	8.37808622933e-14
1.05879102329e-08	7.1512016957e-14
1.05889691192e-08	7.0079372535e-14
1.05900280056e-08	6.34783228043e-14
1.05910868919e-08	5.05726577694e-14
1.05921457782e-08	6.25111399276e-14
1.05932046645e-08	6.85575524844e-14
1.05942635508e-08	7.38021568771e-14
1.05953224372e-08	7.86355437146e-14
1.05963813235e-08	8.10618390988e-14
1.05974402098e-08	7.28445353083e-14
1.05984990961e-08	7.14510712423e-14
1.05995579825e-08	6.51505352488e-14
1.06006168688e-08	6.35699378879e-14
1.06016757551e-08	6.50277900104e-14
1.06027346414e-08	6.43646513041e-14
1.06037935278e-08	7.96378208604e-14
1.06048524141e-08	7.68619380382e-14
1.06059113004e-08	8.00478796746e-14
1.06069701867e-08	8.10359537719e-14
1.0608029073e-08	7.00525249787e-14
1.06090879594e-08	6.84465911683e-14
1.06101468457e-08	6.27278516131e-14
1.0611205732e-08	7.31708056233e-14
1.06122646183e-08	7.48304480988e-14
1.06133235047e-08	7.90423228172e-14
1.0614382391e-08	8.26426871815e-14
1.06154412773e-08	7.83776662279e-14
1.06165001636e-08	7.93147557181e-14
1.061755905e-08	6.94350311839e-14
1.06186179363e-08	7.31344170879e-14
1.06196768226e-08	7.20930544537e-14
1.06207357089e-08	6.98788764483e-14
1.06217945952e-08	7.90216823183e-14
1.06228534816e-08	8.47018649338e-14
1.06239123679e-08	8.49677316353e-14
1.06249712542e-08	8.51556306481e-14
1.06260301405e-08	8.3021107621e-14
1.06270890269e-08	7.42761836195e-14
1.06281479132e-08	7.35020022819e-14
1.06292067995e-08	7.05870840836e-14
1.06302656858e-08	8.05841870555e-14
1.06313245722e-08	8.69014536438e-14
1.06323834585e-08	8.44739859659e-14
1.06334423448e-08	9.41514729136e-14
1.06345012311e-08	8.45373508067e-14
1.06355601174e-08	8.08133467371e-14
1.06366190038e-08	7.57628890722e-14
1.06376778901e-08	7.58552902024e-14
1.06387367764e-08	8.03753493882e-14
1.06397956627e-08	7.8929199873e-14
1.06408545491e-08	8.97250616904e-14
1.06419134354e-08	8.93623486298e-14
1.06429723217e-08	9.37883803823e-14
1.0644031208e-08	9.05668023758e-14
1.06450900944e-08	8.49223035643e-14
1.06461489807e-08	8.16104386218e-14
1.0647207867e-08	7.54072233258e-14
1.06482667533e-08	8.14566987538e-14
1.06493256396e-08	8.57171728345e-14
1.0650384526e-08	9.07768055603e-14
1.06514434123e-08	9.34203344023e-14
1.06525022986e-08	9.57615334685e-14
1.06535611849e-08	9.08230061254e-14
1.06546200713e-08	8.36349286809e-14
1.06556789576e-08	7.99295999938e-14
1.06567378439e-08	8.07948881952e-14
1.06577967302e-08	8.8832573567e-14
1.06588556166e-08	8.50065054155e-14
1.06599145029e-08	9.79471562993e-14
1.06609733892e-08	1.00336663349e-13
1.06620322755e-08	9.28060457802e-14
1.06630911618e-08	9.7838736082e-14
1.06641500482e-08	8.76600902327e-14
1.06652089345e-08	8.99190932217e-14
1.06662678208e-08	9.02175876323e-14
1.06673267071e-08	9.10365939534e-14
1.06683855935e-08	9.6724853875e-14
1.06694444798e-08	9.8187551026e-14
1.06705033661e-08	1.01099555431e-13
1.06715622524e-08	9.94167855678e-14
1.06726211388e-08	9.22289385163e-14
1.06736800251e-08	8.84825321194e-14
1.06747389114e-08	9.10785322487e-14
1.06757977977e-08	9.29654167233e-14
1.0676856684e-08	9.52872831095e-14
1.06779155704e-08	1.01310879987e-13
1.06789744567e-08	1.00362148876e-13
1.0680033343e-08	1.02154761972e-13
1.06810922293e-08	9.49650785526e-14
1.06821511157e-08	9.67689741272e-14
1.0683210002e-08	9.30533997296e-14
1.06842688883e-08	9.37481022716e-14
1.06853277746e-08	9.88338236122e-14
1.0686386661e-08	9.85326051436e-14
1.06874455473e-08	1.04947477032e-13
1.06885044336e-08	1.0243603112e-13
1.06895633199e-08	1.06673215183e-13
1.06906222062e-08	1.01221473965e-13
1.06916810926e-08	9.15791558255e-14
1.06927399789e-08	9.8099344403e-14
1.06937988652e-08	9.38302102574e-14
1.06948577515e-08	1.00173843287e-13
1.06959166379e-08	1.03419903934e-13
1.06969755242e-08	1.06427548523e-13
1.06980344105e-08	1.09473546764e-13
1.06990932968e-08	1.04825253566e-13
1.07001521832e-08	9.87569943357e-14
1.07012110695e-08	9.93877018445e-14
1.07022699558e-08	9.8398828148e-14
1.07033288421e-08	9.5208190561e-14
1.07043877284e-08	1.06130829494e-13
1.07054466148e-08	1.0271162176e-13
1.07065055011e-08	1.07759233394e-13
1.07075643874e-08	1.09838238494e-13
1.07086232737e-08	1.06384437934e-13
1.07096821601e-08	1.05229688082e-13
1.07107410464e-08	9.92465658267e-14
1.07117999327e-08	9.9993052575e-14
1.0712858819e-08	9.95904476508e-14
1.07139177054e-08	1.04827801441e-13
1.07149765917e-08	1.08131866905e-13
1.0716035478e-08	1.13170926894e-13
1.07170943643e-08	1.13213095582e-13
1.07181532506e-08	1.05737819759e-13
1.0719212137e-08	1.0976657273e-13
1.07202710233e-08	1.03825571729e-13
1.07213299096e-08	1.04807940213e-13
1.07223887959e-08	1.09263380949e-13
1.07234476823e-08	1.07876984526e-13
1.07245065686e-08	1.115461754e-13
1.07255654549e-08	1.12820451766e-13
1.07266243412e-08	1.12457670942e-13
1.07276832276e-08	1.14618208045e-13
1.07287421139e-08	1.12027039392e-13
1.07298010002e-08	1.05829163792e-13
1.07308598865e-08	1.11412601692e-13
1.07319187728e-08	1.08878082602e-13
1.07329776592e-08	1.11528740074e-13
1.07340365455e-08	1.22612721842e-13
1.07350954318e-08	1.14314021573e-13
1.07361543181e-08	1.17856096518e-13
1.07372132045e-08	1.10366543107e-13
1.07382720908e-08	1.10568136949e-13
1.07393309771e-08	1.14959460679e-13
1.07403898634e-08	1.11866557142e-13
1.07414487497e-08	1.17546109565e-13
1.07425076361e-08	1.17710081591e-13
1.07435665224e-08	1.18021301824e-13
1.07446254087e-08	1.16894626032e-13
1.0745684295e-08	1.1540398357e-13
1.07467431814e-08	1.15112400948e-13
1.07478020677e-08	1.09165538479e-13
1.0748860954e-08	1.17302733282e-13
1.07499198403e-08	1.15460307873e-13
1.07509787267e-08	1.14706069079e-13
1.0752037613e-08	1.21610390486e-13
1.07530964993e-08	1.22376921422e-13
1.07541553856e-08	1.21283368006e-13
1.07552142719e-08	1.18368924146e-13
1.07562731583e-08	1.15135724847e-13
1.07573320446e-08	1.16496208838e-13
1.07583909309e-08	1.19065767987e-13
1.07594498172e-08	1.17687055847e-13
1.07605087036e-08	1.26746635648e-13
1.07615675899e-08	1.22106440085e-13
1.07626264762e-08	1.21223885964e-13
1.07636853625e-08	1.24529347337e-13
1.07647442489e-08	1.19778237892e-13
1.07658031352e-08	1.21643485757e-13
1.07668620215e-08	1.19814043669e-13
1.07679209078e-08	1.20995512329e-13
1.07689797941e-08	1.24720722573e-13
1.07700386805e-08	1.22504613333e-13
1.07710975668e-08	1.27995799181e-13
1.07721564531e-08	1.30948650903e-13
1.07732153394e-08	1.29535854157e-13
1.07742742258e-08	1.22996312571e-13
1.07753331121e-08	1.2353376514e-13
1.07763919984e-08	1.23275670813e-13
1.07774508847e-08	1.18951113607e-13
1.07785097711e-08	1.2933305414e-13
1.07795686574e-08	1.28840392673e-13
1.07806275437e-08	1.32191322775e-13
1.078168643e-08	1.28545909811e-13
1.07827453163e-08	1.24130347385e-13
1.07838042027e-08	1.27566306043e-13
1.0784863089e-08	1.3064885545e-13
1.07859219753e-08	1.25820415284e-13
1.07869808616e-08	1.27619540369e-13
1.0788039748e-08	1.29493854875e-13
1.07890986343e-08	1.24972975761e-13
1.07901575206e-08	1.32804520419e-13
1.07912164069e-08	1.30801877034e-13
1.07922752933e-08	1.30179192621e-13
1.07933341796e-08	1.30056176332e-13
1.07943930659e-08	1.27631683434e-13
1.07954519522e-08	1.27677883999e-13
1.07965108385e-08	1.26726726985e-13
1.07975697249e-08	1.32986707042e-13
1.07986286112e-08	1.33591068438e-13
1.07996874975e-08	1.33691316481e-13
1.08007463838e-08	1.32282856544e-13
1.08018052702e-08	1.28523412616e-13
1.08028641565e-08	1.28457859042e-13
1.08039230428e-08	1.25976120269e-13
1.08049819291e-08	1.32127856291e-13
1.08060408155e-08	1.34465463937e-13
1.08070997018e-08	1.36193641542e-13
1.08081585881e-08	1.37172134003e-13
1.08092174744e-08	1.35490821037e-13
1.08102763607e-08	1.37407243244e-13
1.08113352471e-08	1.37553990008e-13
1.08123941334e-08	1.35640481594e-13
1.08134530197e-08	1.35766506544e-13
1.0814511906e-08	1.32253284929e-13
1.08155707924e-08	1.34279008268e-13
1.08166296787e-08	1.42168801688e-13
1.0817688565e-08	1.39863110243e-13
1.08187474513e-08	1.39095305369e-13
1.08198063377e-08	1.39362466337e-13
1.0820865224e-08	1.29542400027e-13
1.08219241103e-08	1.34590567315e-13
1.08229829966e-08	1.34099220443e-13
1.08240418829e-08	1.36536927055e-13
1.08251007693e-08	1.46265757752e-13
1.08261596556e-08	1.40843229007e-13
1.08272185419e-08	1.42561716555e-13
1.08282774282e-08	1.38236535933e-13
1.08293363146e-08	1.35824714648e-13
1.08303952009e-08	1.39450964339e-13
1.08314540872e-08	1.39662668366e-13
1.08325129735e-08	1.42863219627e-13
1.08335718599e-08	1.39325847409e-13
1.08346307462e-08	1.41955146097e-13
1.08356896325e-08	1.46778504065e-13
1.08367485188e-08	1.44172298882e-13
1.08378074051e-08	1.461611729e-13
1.08388662915e-08	1.4038810804e-13
1.08399251778e-08	1.40632283921e-13
1.08409840641e-08	1.39074529345e-13
1.08420429504e-08	1.34890023955e-13
1.08431018368e-08	1.44071034399e-13
1.08441607231e-08	1.46424783106e-13
1.08452196094e-08	1.43637746554e-13
1.08462784957e-08	1.45146603612e-13
1.08473373821e-08	1.42436640282e-13
1.08483962684e-08	1.42794291474e-13
1.08494551547e-08	1.47900856601e-13
1.0850514041e-08	1.42997010175e-13
1.08515729273e-08	1.50374003072e-13
1.08526318137e-08	1.46722884493e-13
1.08536907e-08	1.42847945929e-13
1.08547495863e-08	1.47854059725e-13
1.08558084726e-08	1.44636920171e-13
1.0856867359e-08	1.49169820376e-13
1.08579262453e-08	1.4748883267e-13
1.08589851316e-08	1.41479574367e-13
1.08600440179e-08	1.45225330242e-13
1.08611029043e-08	1.44199051571e-13
1.08621617906e-08	1.50099550844e-13
1.08632206769e-08	1.51361047177e-13
1.08642795632e-08	1.53559307739e-13
1.08653384495e-08	1.49999709377e-13
1.08663973359e-08	1.47930902554e-13
1.08674562222e-08	1.45235548848e-13
1.08685151085e-08	1.47021636402e-13
1.08695739948e-08	1.52318411248e-13
1.08706328812e-08	1.5009894098e-13
1.08716917675e-08	1.4903689719e-13
1.08727506538e-08	1.50694222183e-13
1.08738095401e-08	1.50879146416e-13
1.08748684265e-08	1.50267019422e-13
1.08759273128e-08	1.56042876103e-13
1.08769861991e-08	1.52129895595e-13
1.08780450854e-08	1.50687283289e-13
1.08791039717e-08	1.52257194483e-13
1.08801628581e-08	1.47985465028e-13
1.08812217444e-08	1.60026912511e-13
1.08822806307e-08	1.57848940082e-13
1.0883339517e-08	1.57383370117e-13
1.08843984034e-08	1.58512132998e-13
1.08854572897e-08	1.46954673365e-13
1.0886516176e-08	1.51479875735e-13
1.08875750623e-08	1.54407235153e-13
1.08886339487e-08	1.55798551144e-13
1.0889692835e-08	1.58009293583e-13
1.08907517213e-08	1.53571694749e-13
1.08918106076e-08	1.55807116341e-13
1.08928694939e-08	1.58292826004e-13
1.08939283803e-08	1.61157626957e-13
1.08949872666e-08	1.60970764712e-13
1.08960461529e-08	1.6640032722e-13
1.08971050392e-08	1.56960517717e-13
1.08981639256e-08	1.56047145149e-13
1.08992228119e-08	1.59148180203e-13
1.09002816982e-08	1.58400297544e-13
1.09013405845e-08	1.64425967958e-13
1.09023994709e-08	1.59309617906e-13
1.09034583572e-08	1.61553767326e-13
1.09045172435e-08	1.54477992897e-13
1.09055761298e-08	1.54758760603e-13
1.09066350161e-08	1.57989100318e-13
1.09076939025e-08	1.59479675017e-13
1.09087527888e-08	1.64250178129e-13
1.09098116751e-08	1.62224983338e-13
1.09108705614e-08	1.65372273167e-13
1.09119294478e-08	1.60130616449e-13
1.09129883341e-08	1.61990578828e-13
1.09140472204e-08	1.65351890166e-13
1.09151061067e-08	1.62737539915e-13
1.09161649931e-08	1.63021885487e-13
1.09172238794e-08	1.60118907066e-13
1.09182827657e-08	1.59509788733e-13
1.0919341652e-08	1.68000487653e-13
1.09204005383e-08	1.68653339992e-13
1.09214594247e-08	1.64262660006e-13
1.0922518311e-08	1.69513491785e-13
1.09235771973e-08	1.62000621251e-13
1.09246360836e-08	1.59194299453e-13
1.092569497e-08	1.65518288095e-13
1.09267538563e-08	1.64261806197e-13
1.09278127426e-08	1.71134441796e-13
1.09288716289e-08	1.67553769253e-13
1.09299305153e-08	1.66973300963e-13
1.09309894016e-08	1.68961836167e-13
1.09320482879e-08	1.67570723465e-13
1.09331071742e-08	1.68931193903e-13
1.09341660605e-08	1.67455188171e-13
1.09352249469e-08	1.64280047898e-13
1.09362838332e-08	1.59347483667e-13
1.09373427195e-08	1.67535961233e-13
1.09384016058e-08	1.73885631913e-13
1.09394604922e-08	1.72192175883e-13
1.09405193785e-08	1.75526273746e-13
1.09415782648e-08	1.68965698637e-13
1.09426371511e-08	1.66826052755e-13
1.09436960375e-08	1.67321587358e-13
1.09447549238e-08	1.69062504339e-13
1.09458138101e-08	1.74635981132e-13
1.09468726964e-08	1.76004623744e-13
1.09479315827e-08	1.70919173454e-13
1.09489904691e-08	1.73286867711e-13
1.09500493554e-08	1.72511026189e-13
1.09511082417e-08	1.67348340047e-13
1.0952167128e-08	1.76447018888e-13
1.09532260144e-08	1.72702279452e-13
1.09542849007e-08	1.70867511221e-13
1.0955343787e-08	1.74259356402e-13
1.09564026733e-08	1.68523317046e-13
1.09574615597e-08	1.76581758113e-13
1.0958520446e-08	1.75823060538e-13
1.09595793323e-08	1.79975216045e-13
1.09606382186e-08	1.75834837684e-13
1.09616971049e-08	1.68499952489e-13
1.09627559913e-08	1.73411808459e-13
1.09638148776e-08	1.72588546644e-13
1.09648737639e-08	1.73737448581e-13
1.09659326502e-08	1.77109236023e-13
1.09669915366e-08	1.77155192642e-13
1.09680504229e-08	1.74941116281e-13
1.09691093092e-08	1.73173704109e-13
1.09701681955e-08	1.76739523082e-13
1.09712270819e-08	1.79199333866e-13
1.09722859682e-08	1.81401172295e-13
1.09733448545e-08	1.78149067221e-13
1.09744037408e-08	1.75656134061e-13
1.09754626271e-08	1.77991708828e-13
1.09765215135e-08	1.77672451946e-13
1.09775803998e-08	1.80596585863e-13
1.09786392861e-08	1.83791214669e-13
1.09796981724e-08	1.82857906334e-13
1.09807570588e-08	1.7431549097e-13
1.09818159451e-08	1.77394394747e-13
1.09828748314e-08	1.77875550118e-13
1.09839337177e-08	1.82787351878e-13
1.09849926041e-08	1.90148637396e-13
1.09860514904e-08	1.84255700432e-13
1.09871103767e-08	1.8257740968e-13
1.0988169263e-08	1.79961216285e-13
1.09892281493e-08	1.82125554872e-13
1.09902870357e-08	1.84159965381e-13
1.0991345922e-08	1.83445435491e-13
1.09924048083e-08	1.85724320038e-13
1.09934636946e-08	1.85117126164e-13
1.0994522581e-08	1.82767836239e-13
1.09955814673e-08	1.80784708492e-13
1.09966403536e-08	1.86132806759e-13
1.09976992399e-08	1.86455722823e-13
1.09987581263e-08	1.85976153097e-13
1.09998170126e-08	1.82170522157e-13
1.10008758989e-08	1.77680773198e-13
1.10019347852e-08	1.84105945007e-13
1.10029936715e-08	1.86501869178e-13
1.10040525579e-08	1.90430177595e-13
1.10051114442e-08	1.9150184368e-13
1.10061703305e-08	1.8808362528e-13
1.10072292168e-08	1.79254885675e-13
1.10082881032e-08	1.80509334693e-13
1.10093469895e-08	1.80677995894e-13
1.10104058758e-08	1.84479818574e-13
1.10114647621e-08	1.94230319762e-13
1.10125236485e-08	1.88511641193e-13
1.10135825348e-08	1.88262572849e-13
1.10146414211e-08	1.88162067307e-13
1.10157003074e-08	1.87097719587e-13
1.10167591937e-08	1.91273388729e-13
1.10178180801e-08	1.85778706329e-13
1.10188769664e-08	1.86011498088e-13
1.10199358527e-08	1.878678826e-13
1.1020994739e-08	1.88551594043e-13
1.10220536254e-08	1.90134569872e-13
1.10231125117e-08	1.97671021804e-13
1.1024171398e-08	1.9687216809e-13
1.10252302843e-08	1.93171406605e-13
1.10262891707e-08	1.89812751562e-13
1.1027348057e-08	1.85328288089e-13
1.10284069433e-08	1.92347019931e-13
1.10294658296e-08	1.94499405188e-13
1.10305247159e-08	1.95115923201e-13
1.10315836023e-08	1.95998450217e-13
1.10326424886e-08	1.95439842153e-13
1.10337013749e-08	1.95715175295e-13
1.10347602612e-08	1.94785268644e-13
1.10358191476e-08	1.95616404477e-13
1.10368780339e-08	1.92729350274e-13
1.10379369202e-08	1.93305725702e-13
1.10389958065e-08	1.92999777401e-13
1.10400546929e-08	1.96585301748e-13
1.10411135792e-08	2.02271901485e-13
1.10421724655e-08	2.0151829966e-13
1.10432313518e-08	2.01264542142e-13
1.10442902381e-08	1.9518407886e-13
1.10453491245e-08	1.91796719565e-13
1.10464080108e-08	1.93259958817e-13
1.10474668971e-08	1.93399644715e-13
1.10485257834e-08	2.00965071949e-13
1.10495846698e-08	2.05857303859e-13
1.10506435561e-08	2.00459386503e-13
1.10517024424e-08	1.98095907082e-13
1.10527613287e-08	1.9767657834e-13
1.10538202151e-08	1.97078749262e-13
1.10548791014e-08	1.98071580296e-13
1.10559379877e-08	1.99648498146e-13
1.1056996874e-08	1.95729540973e-13
1.10580557603e-08	1.9694788606e-13
1.10591146467e-08	1.98505139192e-13
1.1060173533e-08	2.01724338731e-13
1.10612324193e-08	2.0683719223e-13
1.10622913056e-08	2.03559879456e-13
1.1063350192e-08	2.00000972272e-13
1.10644090783e-08	1.98511224277e-13
1.10654679646e-08	1.97485704547e-13
1.10665268509e-08	1.99182020161e-13
1.10675857373e-08	2.07899479967e-13
1.10686446236e-08	2.06760837292e-13
1.10697035099e-08	2.06344598526e-13
1.10707623962e-08	2.06383751777e-13
1.10718212825e-08	2.01969571709e-13
1.10728801689e-08	2.03811509228e-13
1.10739390552e-08	2.02910266172e-13
1.10749979415e-08	2.03902988786e-13
1.10760568278e-08	2.04273609746e-13
1.10771157142e-08	2.0184902198e-13
1.10781746005e-08	2.05988844688e-13
1.10792334868e-08	2.08977041401e-13
1.10802923731e-08	2.10315624508e-13
1.10813512595e-08	2.08932331614e-13
1.10824101458e-08	2.05628496544e-13
1.10834690321e-08	2.01728648434e-13
1.10845279184e-08	2.02415991954e-13
1.10855868047e-08	2.07380607912e-13
1.10866456911e-08	2.09640776418e-13
1.10877045774e-08	2.12126079506e-13
1.10887634637e-08	2.08496509445e-13
1.108982235e-08	2.08482076004e-13
1.10908812364e-08	2.0884044548e-13
1.10919401227e-08	2.04412821305e-13
1.1092999009e-08	2.0714404855e-13
1.10940578953e-08	2.11076951273e-13
1.10951167817e-08	2.08194762428e-13
1.1096175668e-08	2.07962485665e-13
1.10972345543e-08	2.11115196505e-13
1.10982934406e-08	2.11285389141e-13
1.10993523269e-08	2.15715994871e-13
1.11004112133e-08	2.13358329485e-13
1.11014700996e-08	2.09836745961e-13
1.11025289859e-08	2.1037274841e-13
1.11035878722e-08	2.03858319657e-13
1.11046467586e-08	2.10444183781e-13
1.11057056449e-08	2.15987058967e-13
1.11067645312e-08	2.16341782813e-13
1.11078234175e-08	2.17431012973e-13
1.11088823039e-08	2.12795425269e-13
1.11099411902e-08	2.11006925366e-13
1.11110000765e-08	2.111376937e-13
1.11120589628e-08	2.11785490946e-13
1.11131178491e-08	2.11807649328e-13
1.11141767355e-08	2.16639491177e-13
1.11152356218e-08	2.13079811499e-13
1.11162945081e-08	2.17066558413e-13
1.11173533944e-08	2.20024329702e-13
1.11184122808e-08	2.1425179339e-13
1.11194711671e-08	2.1532606156e-13
1.11205300534e-08	2.13939068826e-13
1.11215889397e-08	2.12099624973e-13
1.11226478261e-08	2.16072439888e-13
1.11237067124e-08	2.15641117159e-13
1.11247655987e-08	2.18762101533e-13
1.1125824485e-08	2.21269888263e-13
1.11268833713e-08	2.2078309504e-13
1.11279422577e-08	2.16868271388e-13
1.1129001144e-08	2.14790045559e-13
1.11300600303e-08	2.14247795395e-13
1.11311189166e-08	2.164178667e-13
1.1132177803e-08	2.18230815363e-13
1.11332366893e-08	2.17555086359e-13
1.11342955756e-08	2.18499209611e-13
1.11353544619e-08	2.20776345881e-13
1.11364133483e-08	2.16160992101e-13
1.11374722346e-08	2.19045254483e-13
1.11385311209e-08	2.19796037382e-13
1.11395900072e-08	2.16354440873e-13
1.11406488935e-08	2.1934973911e-13
1.11417077799e-08	2.17575659095e-13
1.11427666662e-08	2.20016686077e-13
1.11438255525e-08	2.25669540021e-13
1.11448844388e-08	2.22775492715e-13
1.11459433252e-08	2.23681492707e-13
1.11470022115e-08	2.20477336475e-13
1.11480610978e-08	2.1578640025e-13
1.11491199841e-08	2.18262324989e-13
1.11501788705e-08	2.20654088534e-13
1.11512377568e-08	2.230416779e-13
1.11522966431e-08	2.26373078811e-13
1.11533555294e-08	2.26685396799e-13
1.11544144157e-08	2.22934965302e-13
1.11554733021e-08	2.23191582403e-13
1.11565321884e-08	2.21429076247e-13
1.11575910747e-08	2.22927728252e-13
1.1158649961e-08	2.25813440754e-13
1.11597088474e-08	2.23709397361e-13
1.11607677337e-08	2.25974065306e-13
1.116182662e-08	2.2683062568e-13
1.11628855063e-08	2.23128305654e-13
1.11639443927e-08	2.24193249685e-13
1.1165003279e-08	2.24690817167e-13
1.11660621653e-08	2.22976436035e-13
1.11671210516e-08	2.26102312871e-13
1.11681799379e-08	2.24058781511e-13
1.11692388243e-08	2.22718544995e-13
1.11702977106e-08	2.26869724721e-13
1.11713565969e-08	2.25512777939e-13
1.11724154832e-08	2.26461224447e-13
1.11734743696e-08	2.29309653947e-13
1.11745332559e-08	2.24935358967e-13
1.11755921422e-08	2.25698027433e-13
1.11766510285e-08	2.25554506171e-13
1.11777099149e-08	2.2445755107e-13
1.11787688012e-08	2.28545860622e-13
1.11798276875e-08	2.2897390364e-13
1.11808865738e-08	2.28685532967e-13
1.11819454601e-08	2.29741979564e-13
1.11830043465e-08	2.28357290759e-13
1.11840632328e-08	2.28404236713e-13
1.11851221191e-08	2.28077403968e-13
1.11861810054e-08	2.25247866691e-13
1.11872398918e-08	2.2847500801e-13
1.11882987781e-08	2.30091255294e-13
1.11893576644e-08	2.31018464992e-13
1.11904165507e-08	2.32488399192e-13
1.11914754371e-08	2.33579214998e-13
1.11925343234e-08	2.28422126049e-13
1.11935932097e-08	2.27176025387e-13
1.1194652096e-08	2.2724087423e-13
1.11957109823e-08	2.27383162212e-13
1.11967698687e-08	2.32562152045e-13
1.1197828755e-08	2.31075737971e-13
1.11988876413e-08	2.30166553135e-13
1.11999465276e-08	2.35265013851e-13
1.1201005414e-08	2.32073122655e-13
1.12020643003e-08	2.33785023675e-13
1.12031231866e-08	2.32691470259e-13
1.12041820729e-08	2.26661883164e-13
1.12052409592e-08	2.30945118715e-13
1.12062998456e-08	2.31767648693e-13
1.12073587319e-08	2.30647966004e-13
1.12084176182e-08	2.37621744113e-13
1.12094765045e-08	2.38942383674e-13
1.12105353909e-08	2.34617474103e-13
1.12115942772e-08	2.36081282561e-13
1.12126531635e-08	2.30263778964e-13
1.12137120498e-08	2.30031488649e-13
1.12147709362e-08	2.34240361482e-13
1.12158298225e-08	2.33032533157e-13
1.12168887088e-08	2.37513893102e-13
1.12179475951e-08	2.3516730013e-13
1.12190064814e-08	2.33232107672e-13
1.12200653678e-08	2.34883510211e-13
1.12211242541e-08	2.35020336525e-13
1.12221831404e-08	2.34607906019e-13
1.12232420267e-08	2.3213058537e-13
1.12243009131e-08	2.32399521719e-13
1.12253597994e-08	2.31869617907e-13
1.12264186857e-08	2.37111545676e-13
1.1227477572e-08	2.39284368144e-13
1.12285364584e-08	2.41179933013e-13
1.12295953447e-08	2.39449275295e-13
1.1230654231e-08	2.33483723891e-13
1.12317131173e-08	2.33241838387e-13
1.12327720036e-08	2.33912905321e-13
1.123383089e-08	2.33825816782e-13
1.12348897763e-08	2.39361482024e-13
1.12359486626e-08	2.391672201e-13
1.12370075489e-08	2.37277889394e-13
1.12380664353e-08	2.37985602362e-13
1.12391253216e-08	2.35112981601e-13
1.12401842079e-08	2.36903243333e-13
1.12412430942e-08	2.40237327644e-13
1.12423019806e-08	2.35441603279e-13
1.12433608669e-08	2.38769263692e-13
1.12444197532e-08	2.373658724e-13
1.12454786395e-08	2.37693220141e-13
1.12465375258e-08	2.43365061176e-13
1.12475964122e-08	2.43146296283e-13
1.12486552985e-08	2.39646898246e-13
1.12497141848e-08	2.37938981669e-13
1.12507730711e-08	2.36503281152e-13
1.12518319575e-08	2.36985588488e-13
1.12528908438e-08	2.38230333897e-13
1.12539497301e-08	2.40797480696e-13
1.12550086164e-08	2.42181003984e-13
1.12560675028e-08	2.4340197826e-13
1.12571263891e-08	2.38647047002e-13
1.12581852754e-08	2.39638278839e-13
1.12592441617e-08	2.40137120258e-13
1.1260303048e-08	2.3890514133e-13
1.12613619344e-08	2.43036060027e-13
1.12624208207e-08	2.39904585997e-13
1.1263479707e-08	2.41029472856e-13
1.12645385933e-08	2.43885315589e-13
1.12655974797e-08	2.41644757589e-13
1.1266656366e-08	2.44252751705e-13
1.12677152523e-08	2.4199205465e-13
1.12687741386e-08	2.39182859716e-13
1.1269833025e-08	2.41302393648e-13
1.12708919113e-08	2.43655546043e-13
1.12719507976e-08	2.41281089075e-13
1.12730096839e-08	2.45810045495e-13
1.12740685702e-08	2.43588108668e-13
1.12751274566e-08	2.41445210179e-13
1.12761863429e-08	2.46371255645e-13
1.12772452292e-08	2.4315261176e-13
1.12783041155e-08	2.42959677984e-13
1.12793630019e-08	2.44126794518e-13
1.12804218882e-08	2.40957752883e-13
1.12814807745e-08	2.42581643791e-13
1.12825396608e-08	2.4411302515e-13
1.12835985472e-08	2.44293219551e-13
1.12846574335e-08	2.44865976454e-13
1.12857163198e-08	2.44415625976e-13
1.12867752061e-08	2.38586927992e-13
1.12878340924e-08	2.41148057469e-13
1.12888929788e-08	2.447616491e-13
1.12899518651e-08	2.45113120339e-13
1.12910107514e-08	2.50755633705e-13
1.12920696377e-08	2.47392899352e-13
1.12931285241e-08	2.44144412803e-13
1.12941874104e-08	2.45187361083e-13
1.12952462967e-08	2.43029094028e-13
1.1296305183e-08	2.46803364421e-13
1.12973640694e-08	2.46245054512e-13
1.12984229557e-08	2.46655126879e-13
1.1299481842e-08	2.46499950443e-13
1.13005407283e-08	2.46398306489e-13
1.13015996146e-08	2.45742906276e-13
1.1302658501e-08	2.48273678092e-13
1.13037173873e-08	2.47803893291e-13
1.13047762736e-08	2.45856232508e-13
1.13058351599e-08	2.47988614236e-13
1.13068940463e-08	2.43856475811e-13
1.13079529326e-08	2.46731644447e-13
1.13090118189e-08	2.48043989862e-13
1.13100707052e-08	2.48925500438e-13
1.13111295916e-08	2.51517068891e-13
1.13121884779e-08	2.47790882865e-13
1.13132473642e-08	2.43849265866e-13
1.13143062505e-08	2.44995592823e-13
1.13153651368e-08	2.48119206387e-13
1.13164240232e-08	2.45058612075e-13
1.13174829095e-08	2.51200237911e-13
1.13185417958e-08	2.50236680335e-13
1.13196006821e-08	2.49083333169e-13
1.13206595685e-08	2.52813042853e-13
1.13217184548e-08	2.4970482496e-13
1.13227773411e-08	2.50973097556e-13
1.13238362274e-08	2.47229781135e-13
1.13248951138e-08	2.45496385807e-13
1.13259540001e-08	2.48076895398e-13
1.13270128864e-08	2.50028703254e-13
1.13280717727e-08	2.49367041773e-13
1.1329130659e-08	2.52151245847e-13
1.13301895454e-08	2.53691002667e-13
1.13312484317e-08	2.47339448185e-13
1.1332307318e-08	2.52160136304e-13
1.13333662043e-08	2.47705583259e-13
1.13344250907e-08	2.46773874122e-13
1.1335483977e-08	2.49918738048e-13
1.13365428633e-08	2.49574856224e-13
1.13376017496e-08	2.54970550966e-13
1.1338660636e-08	2.54537005622e-13
1.13397195223e-08	2.51553145718e-13
1.13407784086e-08	2.53542358549e-13
1.13418372949e-08	2.50079335495e-13
1.13428961812e-08	2.48384510659e-13
1.13439550676e-08	2.50909753044e-13
1.13450139539e-08	2.51544336576e-13
1.13460728402e-08	2.5247737386e-13
1.13471317265e-08	2.54532262238e-13
1.13481906129e-08	2.51110709917e-13
1.13492494992e-08	2.51283911214e-13
1.13503083855e-08	2.53376936403e-13
1.13513672718e-08	2.49713010686e-13
1.13524261582e-08	2.5081786691e-13
1.13534850445e-08	2.50360577539e-13
1.13545439308e-08	2.52379605929e-13
1.13556028171e-08	2.55597734818e-13
1.13566617034e-08	2.53891715594e-13
1.13577205898e-08	2.5055118028e-13
1.13587794761e-08	2.54222126206e-13
1.13598383624e-08	2.53950425142e-13
1.13608972487e-08	2.52809031305e-13
1.13619561351e-08	2.54419993103e-13
1.13630150214e-08	2.49891117998e-13
1.13640739077e-08	2.51735996415e-13
1.1365132794e-08	2.55248757243e-13
1.13661916804e-08	2.52994321456e-13
1.13672505667e-08	2.56418177707e-13
1.1368309453e-08	2.53471126466e-13
1.13693683393e-08	2.51158523232e-13
1.13704272256e-08	2.53291094696e-13
1.1371486112e-08	2.53306327736e-13
1.13725449983e-08	2.52458617163e-13
1.13736038846e-08	2.56240178815e-13
1.13746627709e-08	2.55656878046e-13
1.13757216573e-08	2.56074295883e-13
1.13767805436e-08	2.55961403331e-13
1.13778394299e-08	2.51560762238e-13
1.13788983162e-08	2.56553350612e-13
1.13799572026e-08	2.55839078221e-13
1.13810160889e-08	2.54419261266e-13
1.13820749752e-08	2.57701547818e-13
1.13831338615e-08	2.5596815249e-13
1.13841927478e-08	2.56291841048e-13
1.13852516342e-08	2.55845122648e-13
1.13863105205e-08	2.54407307937e-13
1.13873694068e-08	2.5346781965e-13
1.13884282931e-08	2.55602911883e-13
1.13894871795e-08	2.54695244929e-13
1.13905460658e-08	2.53429059422e-13
1.13916049521e-08	2.55972977189e-13
1.13926638384e-08	2.53398539131e-13
1.13937227248e-08	2.56227087074e-13
1.13947816111e-08	2.58377737608e-13
1.13958404974e-08	2.54723949182e-13
1.13968993837e-08	2.5718571153e-13
1.139795827e-08	2.57018175189e-13
1.13990171564e-08	2.53907870207e-13
1.14000760427e-08	2.5560369793e-13
1.1401134929e-08	2.57230001188e-13
1.14021938153e-08	2.58324530386e-13
1.14032527017e-08	2.62296450835e-13
1.1404311588e-08	2.550350881e-13
1.14053704743e-08	2.54999282323e-13
1.14064293606e-08	2.56710587032e-13
1.1407488247e-08	2.53589521344e-13
1.14085471333e-08	2.58249937277e-13
1.14096060196e-08	2.54856763948e-13
1.14106649059e-08	2.56748778054e-13
1.14117237922e-08	2.6030244041e-13
1.14127826786e-08	2.56623173232e-13
1.14138415649e-08	2.56808354963e-13
1.14149004512e-08	2.57490128395e-13
1.14159593375e-08	2.56584467215e-13
1.14170182239e-08	2.5533684867e-13
1.14180771102e-08	2.55656769626e-13
1.14191359965e-08	2.56109993239e-13
1.14201948828e-08	2.61384772333e-13
1.14212537692e-08	2.6162505864e-13
1.14223126555e-08	2.55792538843e-13
1.14233715418e-08	2.58162360846e-13
1.14244304281e-08	2.57089705427e-13
1.14254893144e-08	2.56709069149e-13
1.14265482008e-08	2.5834106447e-13
1.14276070871e-08	2.55250519072e-13
1.14286659734e-08	2.58753982867e-13
1.14297248597e-08	2.6155019448e-13
1.14307837461e-08	2.59046148247e-13
1.14318426324e-08	2.60057356509e-13
1.14329015187e-08	2.62953558667e-13
1.1433960405e-08	2.58481929437e-13
1.14350192914e-08	2.57357584679e-13
1.14360781777e-08	2.60073321386e-13
1.1437137064e-08	2.55717078372e-13
1.14381959503e-08	2.62623202265e-13
1.14392548366e-08	2.62094735021e-13
1.1440313723e-08	2.61027473508e-13
1.14413726093e-08	2.62551699132e-13
1.14424314956e-08	2.57729574444e-13
1.14434903819e-08	2.60918971975e-13
1.14445492683e-08	2.62949113438e-13
1.14456081546e-08	2.60708284388e-13
1.14466670409e-08	2.60133955392e-13
1.14477259272e-08	2.61255237279e-13
1.14487848136e-08	2.61025061158e-13
1.14498436999e-08	2.62462144032e-13
1.14509025862e-08	2.62540152379e-13
1.14519614725e-08	2.60939327871e-13
1.14530203588e-08	2.60308376417e-13
1.14540792452e-08	2.57151830212e-13
1.14551381315e-08	2.58104166295e-13
1.14561970178e-08	2.63717541728e-13
1.14572559041e-08	2.61190103833e-13
1.14583147905e-08	2.62980582406e-13
1.14593736768e-08	2.60584712445e-13
1.14604325631e-08	2.58019056424e-13
1.14614914494e-08	2.57957880317e-13
1.14625503358e-08	2.59875237649e-13
1.14636092221e-08	2.60947622018e-13
1.14646681084e-08	2.65127953229e-13
1.14657269947e-08	2.63529080285e-13
1.1466785881e-08	2.60766451834e-13
1.14678447674e-08	2.64104574798e-13
1.14689036537e-08	2.60041635577e-13
1.146996254e-08	2.60231452272e-13
1.14710214263e-08	2.63000640146e-13
1.14720803127e-08	2.57097186422e-13
1.1473139199e-08	2.57526096802e-13
1.14741980853e-08	2.59279766711e-13
1.14752569716e-08	2.59479720696e-13
1.1476315858e-08	2.6582205946e-13
1.14773747443e-08	2.64610571952e-13
1.14784336306e-08	2.59676991281e-13
1.14794925169e-08	2.62445311794e-13
1.14805514032e-08	2.59225746337e-13
1.14816102896e-08	2.58745146619e-13
1.14826691759e-08	2.63599282376e-13
1.14837280622e-08	2.64817383517e-13
1.14847869485e-08	2.62869018003e-13
1.14858458349e-08	2.62239421801e-13
1.14869047212e-08	2.60787376936e-13
1.14879636075e-08	2.61936441504e-13
1.14890224938e-08	2.62904661149e-13
1.14900813802e-08	2.58975864842e-13
1.14911402665e-08	2.58912276384e-13
1.14921991528e-08	2.59285756928e-13
1.14932580391e-08	2.62072671507e-13
1.14943169254e-08	2.66004855946e-13
1.14953758118e-08	2.6280765216e-13
1.14964346981e-08	2.62111865415e-13
1.14974935844e-08	2.63729820317e-13
1.14985524707e-08	2.60332987806e-13
1.14996113571e-08	2.60381099277e-13
1.15006702434e-08	2.62620952545e-13
1.15017291297e-08	2.61457169934e-13
1.1502788016e-08	2.6301749949e-13
1.15038469024e-08	2.62717853115e-13
1.15049057887e-08	2.58354345946e-13
1.1505964675e-08	2.62885226825e-13
1.15070235613e-08	2.61404152447e-13
1.15080824476e-08	2.61655768666e-13
1.1509141334e-08	2.62574223432e-13
1.15102002203e-08	2.59408380193e-13
1.15112591066e-08	2.60188328131e-13
1.15123179929e-08	2.64208875047e-13
1.15133768793e-08	2.61021239345e-13
1.15144357656e-08	2.61802596746e-13
1.15154946519e-08	2.65519594159e-13
1.15165535382e-08	2.59242551471e-13
1.15176124246e-08	2.60478026952e-13
1.15186713109e-08	2.6049223e-13
1.15197301972e-08	2.59774623687e-13
1.15207890835e-08	2.66194320276e-13
1.15218479698e-08	2.63718815665e-13
1.15229068562e-08	2.61931128913e-13
1.15239657425e-08	2.63875889455e-13
1.15250246288e-08	2.61069648972e-13
1.15260835151e-08	2.6224622517e-13
1.15271424015e-08	2.63036120662e-13
1.15282012878e-08	2.62457075387e-13
1.15292601741e-08	2.61843173012e-13
1.15303190604e-08	2.62839988489e-13
1.15313779468e-08	2.59528699529e-13
1.15324368331e-08	2.6437250826e-13
1.15334957194e-08	2.6568729313e-13
1.15345546057e-08	2.64967003416e-13
1.1535613492e-08	2.65631212772e-13
1.15366723784e-08	2.59308470963e-13
1.15377312647e-08	2.6063954597e-13
1.1538790151e-08	2.64249505524e-13
1.15398490373e-08	2.60395600481e-13
1.15409079237e-08	2.63417109306e-13
1.154196681e-08	2.65606140597e-13
1.15430256963e-08	2.63238703838e-13
1.15440845826e-08	2.64859640296e-13
1.1545143469e-08	2.61615924237e-13
1.15462023553e-08	2.59564938987e-13
1.15472612416e-08	2.64464394394e-13
1.15483201279e-08	2.6282787253e-13
1.15493790142e-08	2.61113261004e-13
1.15504379006e-08	2.66017432691e-13
1.15514967869e-08	2.62337271047e-13
1.15525556732e-08	2.61403664556e-13
1.15536145595e-08	2.6296274728e-13
1.15546734459e-08	2.59471263919e-13
1.15557323322e-08	2.61826096828e-13
1.15567912185e-08	2.60815566193e-13
1.15578501048e-08	2.58876470607e-13
1.15589089912e-08	2.62297372407e-13
1.15599678775e-08	2.64369580914e-13
1.15610267638e-08	2.61816013748e-13
1.15620856501e-08	2.63044469019e-13
1.15631445364e-08	2.62162145291e-13
1.15642034228e-08	2.58302412662e-13
1.15652623091e-08	2.62630086949e-13
1.15663211954e-08	2.59599877402e-13
1.15673800817e-08	2.61474869534e-13
1.15684389681e-08	2.65432614039e-13
1.15694978544e-08	2.60612630651e-13
1.15705567407e-08	2.6338404114e-13
1.1571615627e-08	2.61643273236e-13
1.15726745134e-08	2.59612318622e-13
1.15737333997e-08	2.64856902686e-13
1.1574792286e-08	2.63142860366e-13
1.15758511723e-08	2.60952690663e-13
1.15769100586e-08	2.65408897117e-13
1.1577968945e-08	2.61312564469e-13
1.15790278313e-08	2.61128195889e-13
1.15800867176e-08	2.63268736238e-13
1.15811456039e-08	2.60436718849e-13
1.15822044903e-08	2.64305233515e-13
1.15832633766e-08	2.63447466967e-13
1.15843222629e-08	2.60359388129e-13
1.15853811492e-08	2.65441748443e-13
1.15864400356e-08	2.63671544451e-13
1.15874989219e-08	2.61745621922e-13
1.15885578082e-08	2.63052004224e-13
1.15896166945e-08	2.63648667785e-13
1.15906755808e-08	2.59591149574e-13
1.15917344672e-08	2.63009015608e-13
1.15927933535e-08	2.60471386213e-13
1.15938522398e-08	2.59918117845e-13
1.15949111261e-08	2.6452711549e-13
1.15959700125e-08	2.60057031248e-13
1.15970288988e-08	2.62414655977e-13
1.15980877851e-08	2.63842496028e-13
1.15991466714e-08	2.60105224035e-13
1.16002055578e-08	2.62172391002e-13
1.16012644441e-08	2.60724818471e-13
1.16023233304e-08	2.59742910774e-13
1.16033822167e-08	2.64156941763e-13
1.1604441103e-08	2.62028083692e-13
1.16054999894e-08	2.58415847314e-13
1.16065588757e-08	2.62300462383e-13
1.1607617762e-08	2.59651702266e-13
1.16086766483e-08	2.59543715729e-13
1.16097355347e-08	2.62127532137e-13
1.1610794421e-08	2.58769812219e-13
1.16118533073e-08	2.64353046831e-13
1.16129121936e-08	2.63602372352e-13
1.161397108e-08	2.59526043234e-13
1.16150299663e-08	2.6302972387e-13
1.16160888526e-08	2.60436718849e-13
1.16171477389e-08	2.62256172725e-13
1.16182066252e-08	2.61591041797e-13
1.16192655116e-08	2.61249247062e-13
1.16203243979e-08	2.59482051731e-13
1.16213832842e-08	2.61338341375e-13
1.16224421705e-08	2.60230015705e-13
1.16235010569e-08	2.59209130939e-13
1.16245599432e-08	2.67025659396e-13
1.16256188295e-08	2.59402525501e-13
1.16266777158e-08	2.59162130775e-13
1.16277366022e-08	2.5940653705e-13
1.16287954885e-08	2.55178853308e-13
1.16298543748e-08	2.65150504634e-13
1.16309132611e-08	2.61537834575e-13
1.16319721474e-08	2.61063767175e-13
1.16330310338e-08	2.63466711555e-13
1.16340899201e-08	2.57675526966e-13
1.16351488064e-08	2.58236032384e-13
1.16362076927e-08	2.60616479569e-13
1.16372665791e-08	2.56893546149e-13
1.16383254654e-08	2.59672762893e-13
1.16393843517e-08	2.60042258993e-13
1.1640443238e-08	2.5602542547e-13
1.16415021244e-08	2.60853919845e-13
1.16425610107e-08	2.59462156621e-13
1.1643619897e-08	2.58376002885e-13
1.16446787833e-08	2.61871714634e-13
1.16457376696e-08	2.57576186942e-13
1.1646796556e-08	2.59880360504e-13
1.16478554423e-08	2.58775694015e-13
1.16489143286e-08	2.58680094489e-13
1.16499732149e-08	2.62092024516e-13
1.16510321013e-08	2.63502246281e-13
1.16520909876e-08	2.59933703251e-13
1.16531498739e-08	2.59171834384e-13
1.16542087602e-08	2.59235043371e-13
1.16552676466e-08	2.56862863228e-13
1.16563265329e-08	2.60030088824e-13
1.16573854192e-08	2.59281826695e-13
1.16584443055e-08	2.59011589303e-13
1.16595031918e-08	2.61042327077e-13
1.16605620782e-08	2.58838631952e-13
1.16616209645e-08	2.56962907983e-13
1.16626798508e-08	2.59449715401e-13
1.16637387371e-08	2.57703445172e-13
1.16647976235e-08	2.57663736267e-13
1.16658565098e-08	2.61942865402e-13
1.16669153961e-08	2.55308903359e-13
1.16679742824e-08	2.60149622114e-13
1.16690331688e-08	2.61361597512e-13
1.16700920551e-08	2.53997967407e-13
1.16711509414e-08	2.615701438e-13
1.16722098277e-08	2.5684163997e-13
1.1673268714e-08	2.5766026682e-13
1.16743276004e-08	2.60196080177e-13
1.16753864867e-08	2.54563785416e-13
1.1676445373e-08	2.61021456185e-13
1.16775042593e-08	2.60390314996e-13
1.16785631457e-08	2.56302764385e-13
1.1679622032e-08	2.57765813902e-13
1.16806809183e-08	2.58595716455e-13
1.16817398046e-08	2.57127706713e-13
1.16827986909e-08	2.60324612344e-13
1.16838575773e-08	2.5789187951e-13
1.16849164636e-08	2.55543253658e-13
1.16859753499e-08	2.59111525638e-13
1.16870342362e-08	2.57038070299e-13
1.16880931226e-08	2.53755648221e-13
1.16891520089e-08	2.58103407353e-13
1.16902108952e-08	2.54677030333e-13
1.16912697815e-08	2.55913264755e-13
1.16923286679e-08	2.57982003815e-13
1.16933875542e-08	2.53636982294e-13
1.16944464405e-08	2.55616030729e-13
1.16955053268e-08	2.59583234899e-13
1.16965642131e-08	2.54711887433e-13
1.16976230995e-08	2.56990365403e-13
1.16986819858e-08	2.55507610512e-13
1.16997408721e-08	2.54615393439e-13
1.17007997584e-08	2.56779488081e-13
1.17018586448e-08	2.53919715115e-13
1.17029175311e-08	2.54010733888e-13
1.17039764174e-08	2.58078037023e-13
1.17050353037e-08	2.54146313369e-13
1.17060941901e-08	2.56961905096e-13
1.17071530764e-08	2.5726079253e-13
1.17082119627e-08	2.54158456434e-13
1.1709270849e-08	2.55959370452e-13
1.17103297353e-08	2.53031916166e-13
1.17113886217e-08	2.53210430054e-13
1.1712447508e-08	2.56782767792e-13
1.17135063943e-08	2.54692398899e-13
1.17145652806e-08	2.54052069095e-13
1.1715624167e-08	2.57376043221e-13
1.17166830533e-08	2.50841339887e-13
1.17177419396e-08	2.51455323577e-13
1.17188008259e-08	2.53773537557e-13
1.17198597123e-08	2.52289427414e-13
1.17209185986e-08	2.53347066633e-13
1.17219774849e-08	2.55483893589e-13
1.17230363712e-08	2.54462493828e-13
1.17240952575e-08	2.54951956899e-13
1.17251541439e-08	2.54224701186e-13
1.17262130302e-08	2.50957403729e-13
1.17272719165e-08	2.54604415892e-13
1.17283308028e-08	2.52544811235e-13
1.17293896892e-08	2.49521350847e-13
1.17304485755e-08	2.54465041703e-13
1.17315074618e-08	2.5002707695e-13
1.17325663481e-08	2.53584398488e-13
1.17336252345e-08	2.54443710025e-13
1.17346841208e-08	2.51321126453e-13
1.17357430071e-08	2.53167631173e-13
1.17368018934e-08	2.51106264688e-13
1.17378607797e-08	2.49260166544e-13
1.17389196661e-08	2.50990824261e-13
1.17399785524e-08	2.52300892851e-13
1.17410374387e-08	2.5034369109e-13
1.1742096325e-08	2.54584602098e-13
1.17431552114e-08	2.52475774662e-13
1.17442140977e-08	2.52579966491e-13
1.1745272984e-08	2.53331806487e-13
1.17463318703e-08	2.49316409531e-13
1.17473907567e-08	2.50071990025e-13
1.1748449643e-08	2.50521744192e-13
1.17495085293e-08	2.4568495567e-13
1.17505674156e-08	2.51068778398e-13
1.17516263019e-08	2.52615636742e-13
1.17526851883e-08	2.52489381399e-13
1.17537440746e-08	2.51938010384e-13
1.17548029609e-08	2.50332659333e-13
1.17558618472e-08	2.48731238514e-13
1.17569207336e-08	2.50502472498e-13
1.17579796199e-08	2.45910252881e-13
1.17590385062e-08	2.49323700791e-13
1.17600973925e-08	2.52549744355e-13
1.17611562789e-08	2.48563593753e-13
1.17622151652e-08	2.48170678886e-13
1.17632740515e-08	2.47056986414e-13
1.17643329378e-08	2.47899248872e-13
1.17653918241e-08	2.48987001806e-13
1.17664507105e-08	2.47025680076e-13
1.17675095968e-08	2.45064087296e-13
1.17685684831e-08	2.5038857706e-13
1.17696273694e-08	2.46558931041e-13
1.17706862558e-08	2.46876222807e-13
1.17717451421e-08	2.50543319815e-13
1.17728040284e-08	2.46562752854e-13
1.17738629147e-08	2.48499110829e-13
1.17749218011e-08	2.49830511096e-13
1.17759806874e-08	2.43029880075e-13
1.17770395737e-08	2.48194395808e-13
1.177809846e-08	2.47003426827e-13
1.17791573463e-08	2.43810234588e-13
1.17802162327e-08	2.46273108243e-13
1.1781275119e-08	2.45930554567e-13
1.17823340053e-08	2.46255950744e-13
1.17833928916e-08	2.46004226104e-13
1.1784451778e-08	2.44207540474e-13
1.17855106643e-08	2.45040424583e-13
1.17865695506e-08	2.47666470665e-13
1.17876284369e-08	2.44286795653e-13
1.17886873233e-08	2.45548291986e-13
1.17897462096e-08	2.47092087459e-13
1.17908050959e-08	2.44241557317e-13
1.17918639822e-08	2.47922125537e-13
1.17929228685e-08	2.44349652274e-13
1.17939817549e-08	2.4528821899e-13
1.17950406412e-08	2.47336249789e-13
1.17960995275e-08	2.46025151206e-13
1.17971584138e-08	2.45675523111e-13
1.17982173002e-08	2.43400487482e-13
1.17992761865e-08	2.42374534071e-13
1.18003350728e-08	2.43553874985e-13
1.18013939591e-08	2.46390391813e-13
1.18024528455e-08	2.42654420862e-13
1.18035117318e-08	2.42610564884e-13
1.18045706181e-08	2.45610660716e-13
1.18056295044e-08	2.40684208674e-13
1.18066883907e-08	2.44851285514e-13
1.18077472771e-08	2.43610036657e-13
1.18088061634e-08	2.41018495309e-13
1.18098650497e-08	2.45897621926e-13
1.1810923936e-08	2.41648525192e-13
1.18119828224e-08	2.41930905647e-13
1.18130417087e-08	2.45899654805e-13
1.1814100595e-08	2.40995537328e-13
1.18151594813e-08	2.44940949034e-13
1.18162183677e-08	2.4561041677e-13
1.1817277254e-08	2.39659014205e-13
1.18183361403e-08	2.4345431812e-13
1.18193950266e-08	2.42757338753e-13
1.18204539129e-08	2.40998545989e-13
1.18215127993e-08	2.44009646473e-13
1.18225716856e-08	2.40447229185e-13
1.18236305719e-08	2.39069208223e-13
1.18246894582e-08	2.42603273625e-13
1.18257483446e-08	2.40315850986e-13
1.18268072309e-08	2.42068870374e-13
1.18278661172e-08	2.40800245412e-13
1.18289250035e-08	2.38540361509e-13
1.18299838899e-08	2.41066742306e-13
1.18310427762e-08	2.3883542713e-13
1.18321016625e-08	2.3882035672e-13
1.18331605488e-08	2.41767950061e-13
1.18342194351e-08	2.41718293601e-13
1.18352783215e-08	2.38550796955e-13
1.18363372078e-08	2.40997082316e-13
1.18373960941e-08	2.37178278319e-13
1.18384549804e-08	2.37438703681e-13
1.18395138668e-08	2.41968988249e-13
1.18405727531e-08	2.37326488756e-13
1.18416316394e-08	2.38295575763e-13
1.18426905257e-08	2.42767096573e-13
1.18437494121e-08	2.36763055992e-13
1.18448082984e-08	2.39431114908e-13
1.18458671847e-08	2.37879025288e-13
1.1846926071e-08	2.35024890174e-13
1.18479849573e-08	2.40505721892e-13
1.18490438437e-08	2.3514762186e-13
1.185010273e-08	2.34708655506e-13
1.18511616163e-08	2.37971480629e-13
1.18522205026e-08	2.36329185388e-13
1.1853279389e-08	2.36285031254e-13
1.18543382753e-08	2.36229167738e-13
1.18553971616e-08	2.34230820503e-13
1.18564560479e-08	2.3910254744e-13
1.18575149343e-08	2.39472802482e-13
1.18585738206e-08	2.36751183979e-13
1.18596327069e-08	2.37108076229e-13
1.18606915932e-08	2.36395430141e-13
1.18617504795e-08	2.32399331983e-13
1.18628093659e-08	2.36477937926e-13
1.18638682522e-08	2.35448867434e-13
1.18649271385e-08	2.36583674743e-13
1.18659860248e-08	2.37113009349e-13
1.18670449112e-08	2.33168221059e-13
1.18681037975e-08	2.32921158489e-13
1.18691626838e-08	2.38126114964e-13
1.18702215701e-08	2.34469209456e-13
1.18712804565e-08	2.35549942182e-13
1.18723393428e-08	2.35645866969e-13
1.18733982291e-08	2.31696118454e-13
1.18744571154e-08	2.3436154818e-13
1.18755160017e-08	2.32491597588e-13
1.18765748881e-08	2.30964959614e-13
1.18776337744e-08	2.35234249614e-13
1.18786926607e-08	2.31245280086e-13
1.1879751547e-08	2.31415120356e-13
1.18808104334e-08	2.32438851153e-13
1.18818693197e-08	2.27650661993e-13
1.1882928206e-08	2.312147869e-13
1.18839870923e-08	2.3342552934e-13
1.18850459787e-08	2.28649862715e-13
1.1886104865e-08	2.32668241227e-13
1.18871637513e-08	2.32710904583e-13
1.18882226376e-08	2.28521737124e-13
1.18892815239e-08	2.33115718569e-13
1.18903404103e-08	2.27168273342e-13
1.18913992966e-08	2.29702080924e-13
1.18924581829e-08	2.34394155561e-13
1.18935170692e-08	2.28307254829e-13
1.18945759556e-08	2.3166906761e-13
1.18956348419e-08	2.31513999594e-13
1.18966937282e-08	2.28826614775e-13
1.18977526145e-08	2.28963847665e-13
1.18988115009e-08	2.29110377588e-13
1.18998703872e-08	2.2627804849e-13
1.19009292735e-08	2.28801542599e-13
1.19019881598e-08	2.27884741242e-13
1.19030470461e-08	2.26064406452e-13
1.19041059325e-08	2.30371304715e-13
1.19051648188e-08	2.27594825581e-13
1.19062237051e-08	2.26246633732e-13
1.19072825914e-08	2.30629914038e-13
1.19083414778e-08	2.26383771755e-13
1.19094003641e-08	2.26690641627e-13
1.19104592504e-08	2.2758929615e-13
1.19115181367e-08	2.21756518855e-13
1.19125770231e-08	2.2726484865e-13
1.19136359094e-08	2.25673266966e-13
1.19146947957e-08	2.23830678926e-13
1.1915753682e-08	2.29648819492e-13
1.19168125683e-08	2.25910612374e-13
1.19178714547e-08	2.2504514799e-13
1.1918930341e-08	2.25684312276e-13
1.19199892273e-08	2.20226736695e-13
1.19210481136e-08	2.23898943006e-13
1.1922107e-08	2.2440124032e-13
1.19231658863e-08	2.21273750733e-13
1.19242247726e-08	2.24749079482e-13
1.19252836589e-08	2.25047519682e-13
1.19263425453e-08	2.22559099513e-13
1.19274014316e-08	2.26422274484e-13
1.19284603179e-08	2.22790617335e-13
1.19295192042e-08	2.20463987235e-13
1.19305780905e-08	2.24609461347e-13
1.19316369769e-08	2.19852239712e-13
1.19326958632e-08	2.1794233627e-13
1.19337547495e-08	2.24934071477e-13
1.19348136358e-08	2.20309664609e-13
1.19358725222e-08	2.20692631921e-13
1.19369314085e-08	2.21971014703e-13
1.19379902948e-08	2.1769162807e-13
1.19390491811e-08	2.20299771264e-13
1.19401080675e-08	2.19629219325e-13
1.19411669538e-08	2.17968709488e-13
1.19422258401e-08	2.20942188156e-13
1.19432847264e-08	2.20838497771e-13
1.19443436127e-08	2.17869233939e-13
1.19454024991e-08	2.22245643113e-13
1.19464613854e-08	2.17382928607e-13
1.19475202717e-08	2.18141856575e-13
1.1948579158e-08	2.21641878028e-13
1.19496380444e-08	2.14452560527e-13
1.19506969307e-08	2.18848905469e-13
1.1951755817e-08	2.20007145097e-13
1.19528147033e-08	2.16948122878e-13
1.19538735897e-08	2.18923837392e-13
1.1954932476e-08	2.17508560533e-13
1.19559913623e-08	2.16339722829e-13
1.19570502486e-08	2.20968995055e-13
1.19581091349e-08	2.15531816027e-13
1.19591680213e-08	2.15513479458e-13
1.19602269076e-08	2.17612657494e-13
1.19612857939e-08	2.15379377202e-13
1.19623446802e-08	2.1618168681e-13
1.19634035666e-08	2.18577163747e-13
1.19644624529e-08	2.12659276582e-13
1.19655213392e-08	2.16280904861e-13
1.19665802255e-08	2.17293983371e-13
1.19676391119e-08	2.14119791776e-13
1.19686979982e-08	2.15897558078e-13
1.19697568845e-08	2.14174638853e-13
1.19708157708e-08	2.12387982093e-13
1.19718746571e-08	2.14374213368e-13
1.19729335435e-08	2.10053803236e-13
1.19739924298e-08	2.10757287815e-13
1.19750513161e-08	2.16297411839e-13
1.19761102024e-08	2.09362773429e-13
1.19771690888e-08	2.09390650977e-13
1.19782279751e-08	2.12370146967e-13
1.19792868614e-08	2.10126729384e-13
1.19803457477e-08	2.12517056362e-13
1.19814046341e-08	2.12827002658e-13
1.19824635204e-08	2.08721400081e-13
1.19835224067e-08	2.12726280276e-13
1.1984581293e-08	2.09513897659e-13
1.19856401793e-08	2.0707642144e-13
1.19866990657e-08	2.11446840397e-13
1.1987757952e-08	2.09095422725e-13
1.19888168383e-08	2.08688399677e-13
1.19898757246e-08	2.12624270404e-13
1.1990934611e-08	2.07108161458e-13
1.19919934973e-08	2.10808340185e-13
1.19930523836e-08	2.10897827522e-13
1.19941112699e-08	2.06763859506e-13
1.19951701563e-08	2.09497499101e-13
1.19962290426e-08	2.08125617435e-13
1.19972879289e-08	2.07276375425e-13
1.19983468152e-08	2.10073034272e-13
1.19994057015e-08	2.07920906512e-13
1.20004645879e-08	2.06097657929e-13
1.20015234742e-08	2.09479799501e-13
1.20025823605e-08	2.04509654112e-13
1.20036412468e-08	2.05707182516e-13
1.20047001332e-08	2.09986406518e-13
1.20057590195e-08	2.0434672563e-13
1.20068179058e-08	2.06036143008e-13
1.20078767921e-08	2.07003237793e-13
1.20089356785e-08	2.03521010808e-13
1.20099945648e-08	2.07846150772e-13
1.20110534511e-08	2.06288721456e-13
1.20121123374e-08	2.02769306337e-13
1.20131712237e-08	2.05691204087e-13
1.20142301101e-08	2.02839779478e-13
1.20152889964e-08	1.98995239232e-13
1.20163478827e-08	2.05229198436e-13
1.2017406769e-08	2.00102697541e-13
1.20184656554e-08	2.02244769326e-13
1.20195245417e-08	2.05085758489e-13
1.2020583428e-08	1.99665289727e-13
1.20216423143e-08	2.03604169115e-13
1.20227012007e-08	2.01092397942e-13
1.2023760087e-08	1.98361794113e-13
1.20248189733e-08	2.03105124407e-13
1.20258778596e-08	2.02296431559e-13
1.20269367459e-08	2.00171801877e-13
1.20279956323e-08	2.04491561488e-13
1.20290545186e-08	1.97413076554e-13
1.20301134049e-08	1.98090635149e-13
1.20311722912e-08	2.01530103911e-13
1.20322311776e-08	1.94942139146e-13
1.20332900639e-08	2.00829207864e-13
1.20343489502e-08	1.99773276264e-13
1.20354078365e-08	1.9534334816e-13
1.20364667229e-08	2.00775214596e-13
1.20375256092e-08	1.96042563693e-13
1.20385844955e-08	1.95197157049e-13
1.20396433818e-08	1.97836064479e-13
1.20407022681e-08	1.98000402424e-13
1.20417611545e-08	1.9521373179e-13
1.20428200408e-08	1.98609710492e-13
1.20438789271e-08	1.96333184085e-13
1.20449378134e-08	1.94596441283e-13
1.20459966998e-08	1.98934117335e-13
1.20470555861e-08	1.91506519301e-13
1.20481144724e-08	1.96638847783e-13
1.20491733587e-08	1.96408644557e-13
1.20502322451e-08	1.89282156572e-13
1.20512911314e-08	1.94699210096e-13
1.20523500177e-08	1.93804729751e-13
1.2053408904e-08	1.91632205438e-13
1.20544677903e-08	1.94261368601e-13
1.20555266767e-08	1.92343658904e-13
1.2056585563e-08	1.90456903178e-13
1.20576444493e-08	1.94515803746e-13
1.20587033356e-08	1.88375438295e-13
1.2059762222e-08	1.90015483816e-13
1.20608211083e-08	1.92953861439e-13
1.20618799946e-08	1.85446954017e-13
1.20629388809e-08	1.95059571793e-13
1.20639977673e-08	1.91130138517e-13
1.20650566536e-08	1.87038481491e-13
1.20661155399e-08	1.92506682253e-13
1.20671744262e-08	1.87668484268e-13
1.20682333125e-08	1.88646271998e-13
1.20692921989e-08	1.89023628564e-13
1.20703510852e-08	1.87270460098e-13
1.20714099715e-08	1.86941093031e-13
1.20724688578e-08	1.90449774549e-13
1.20735277442e-08	1.87076143964e-13
1.20745866305e-08	1.86572342319e-13
1.20756455168e-08	1.8847403293e-13
1.20767044031e-08	1.83873166801e-13
1.20777632895e-08	1.88507670302e-13
1.20788221758e-08	1.87621538314e-13
1.20798810621e-08	1.83375301163e-13
1.20809399484e-08	1.87723927657e-13
1.20819988347e-08	1.82804062144e-13
1.20830577211e-08	1.8268509806e-13
1.20841166074e-08	1.85119281015e-13
1.20851754937e-08	1.81412502208e-13
1.208623438e-08	1.81858678507e-13
1.20872932664e-08	1.84003040669e-13
1.20883521527e-08	1.80113140114e-13
1.2089411039e-08	1.82544910719e-13
1.20904699253e-08	1.85296575176e-13
1.20915288117e-08	1.78543513524e-13
1.2092587698e-08	1.86579308318e-13
1.20936465843e-08	1.83394247596e-13
1.20947054706e-08	1.7893679431e-13
1.20957643569e-08	1.83373986568e-13
1.20968232433e-08	1.77644411768e-13
1.20978821296e-08	1.80267394978e-13
1.20989410159e-08	1.80841087005e-13
1.20999999022e-08	1.78711307363e-13
1.21010587886e-08	1.81667750504e-13
1.21021176749e-08	1.82537483935e-13
1.21031765612e-08	1.7901702527e-13
1.21042354475e-08	1.77242267629e-13
1.21052943339e-08	1.81057249814e-13
1.21063532202e-08	1.74841356128e-13
1.21074121065e-08	1.79546156588e-13
1.21084709928e-08	1.79037435376e-13
1.21095298791e-08	1.75843267356e-13
1.21105887655e-08	1.79523361237e-13
1.21116476518e-08	1.76639939112e-13
1.21127065381e-08	1.76172471793e-13
1.21137654244e-08	1.76994161515e-13
1.21148243108e-08	1.72978385088e-13
1.21158831971e-08	1.74228700586e-13
1.21169420834e-08	1.79587044563e-13
1.21180009697e-08	1.72026306503e-13
1.21190598561e-08	1.76789802958e-13
1.21201187424e-08	1.75515580802e-13
1.21211776287e-08	1.70091967854e-13
1.2122236515e-08	1.78459880879e-13
1.21232954013e-08	1.70366650475e-13
1.21243542877e-08	1.73588682491e-13
1.2125413174e-08	1.74881878185e-13
1.21264720603e-08	1.7064489741e-13
1.21275309466e-08	1.74458266843e-13
1.2128589833e-08	1.73820281627e-13
1.21296487193e-08	1.71866806811e-13
1.21307076056e-08	1.73563339265e-13
1.21317664919e-08	1.72791265345e-13
1.21328253783e-08	1.68825023406e-13
1.21338842646e-08	1.75545531887e-13
1.21349431509e-08	1.71150840353e-13
1.21360020372e-08	1.68879707853e-13
1.21370609235e-08	1.73687561729e-13
1.21381198099e-08	1.69769864941e-13
1.21391786962e-08	1.71537521058e-13
1.21402375825e-08	1.71215553671e-13
1.21412964688e-08	1.67453060424e-13
1.21423553552e-08	1.6723134108e-13
1.21434142415e-08	1.71122583334e-13
1.21444731278e-08	1.66410383195e-13
1.21455320141e-08	1.68448385123e-13
1.21465909005e-08	1.68342526334e-13
1.21476497868e-08	1.62700866777e-13
1.21487086731e-08	1.68786981462e-13
1.21497675594e-08	1.64683303344e-13
1.21508264457e-08	1.62782967986e-13
1.21518853321e-08	1.69812609612e-13
1.21529442184e-08	1.62640680004e-13
1.21540031047e-08	1.65099000009e-13
1.2155061991e-08	1.65923156291e-13
1.21561208774e-08	1.61201930168e-13
1.21571797637e-08	1.66384972206e-13
1.215823865e-08	1.66599671341e-13
1.21592975363e-08	1.6020950571e-13
1.21603564226e-08	1.65560870135e-13
1.2161415309e-08	1.62561235089e-13
1.21624741953e-08	1.59859525248e-13
1.21635330816e-08	1.63827556122e-13
1.21645919679e-08	1.59228465374e-13
1.21656508543e-08	1.6087078772e-13
1.21667097406e-08	1.64726915376e-13
1.21677686269e-08	1.58794377929e-13
1.21688275132e-08	1.60510073657e-13
1.21698863996e-08	1.61960099195e-13
1.21709452859e-08	1.55266736425e-13
1.21720041722e-08	1.6097590112e-13
1.21730630585e-08	1.61218138991e-13
1.21741219448e-08	1.57163914044e-13
1.21751808312e-08	1.62506293144e-13
1.21762397175e-08	1.58384142932e-13
1.21772986038e-08	1.57287160726e-13
1.21783574901e-08	1.59314889839e-13
1.21794163765e-08	1.54899855963e-13
1.21804752628e-08	1.57954975055e-13
1.21815341491e-08	1.59608315605e-13
1.21825930354e-08	1.54091339298e-13
1.21836519218e-08	1.56082191984e-13
1.21847108081e-08	1.58102927993e-13
1.21857696944e-08	1.54322626726e-13
1.21868285807e-08	1.56715000135e-13
1.2187887467e-08	1.55228111723e-13
1.21889463534e-08	1.51460888644e-13
1.21900052397e-08	1.56740641516e-13
1.2191064126e-08	1.54087978271e-13
1.21921230123e-08	1.52301036908e-13
1.21931818987e-08	1.57508825861e-13
1.2194240785e-08	1.50178223264e-13
1.21952996713e-08	1.56143801773e-13
1.21963585576e-08	1.549209708e-13
1.2197417444e-08	1.4862042803e-13
1.21984763303e-08	1.51488346064e-13
1.21995352166e-08	1.51764112887e-13
1.22005941029e-08	1.51866895253e-13
1.22016529892e-08	1.52682594757e-13
1.22027118756e-08	1.50722181047e-13
1.22037707619e-08	1.49944835194e-13
1.22048296482e-08	1.52363920634e-13
1.22058885345e-08	1.481298401e-13
1.22069474209e-08	1.45552325618e-13
1.22080063072e-08	1.50192656706e-13
1.22090651935e-08	1.47437414382e-13
1.22101240798e-08	1.49171636415e-13
1.22111829662e-08	1.50185528076e-13
1.22122418525e-08	1.45748593316e-13
1.22133007388e-08	1.47734296042e-13
1.22143596251e-08	1.47238490389e-13
1.22154185114e-08	1.42275026396e-13
1.22164773978e-08	1.48625957461e-13
1.22175362841e-08	1.4825495703e-13
1.22185951704e-08	1.45006294298e-13
1.22196540567e-08	1.49553004529e-13
1.22207129431e-08	1.44568127543e-13
1.22217718294e-08	1.46126993427e-13
1.22228307157e-08	1.47699113682e-13
1.2223889602e-08	1.40909040078e-13
1.22249484884e-08	1.4334518815e-13
1.22260073747e-08	1.45974432628e-13
1.2227066261e-08	1.419465809e-13
1.22281251473e-08	1.46466294496e-13
1.22291840336e-08	1.44786011522e-13
1.223024292e-08	1.41198183245e-13
1.22313018063e-08	1.46829176964e-13
1.22323606926e-08	1.42297537143e-13
1.22334195789e-08	1.40509674208e-13
1.22344784653e-08	1.46248207229e-13
1.22355373516e-08	1.37927971995e-13
1.22365962379e-08	1.41326837386e-13
1.22376551242e-08	1.42461211014e-13
1.22387140106e-08	1.37780940628e-13
1.22397728969e-08	1.42832997491e-13
1.22408317832e-08	1.41935779536e-13
1.22418906695e-08	1.38327337865e-13
1.22429495558e-08	1.40531466672e-13
1.22440084422e-08	1.37516801874e-13
1.22450673285e-08	1.34034967912e-13
1.22461262148e-08	1.40018639044e-13
1.22471851011e-08	1.35399951342e-13
1.22482439875e-08	1.37815309837e-13
1.22493028738e-08	1.42395413494e-13
1.22503617601e-08	1.34747370054e-13
1.22514206464e-08	1.3856788167e-13
1.22524795328e-08	1.37212235931e-13
1.22535384191e-08	1.32464785668e-13
1.22545973054e-08	1.37705669892e-13
1.22556561917e-08	1.35527860093e-13
1.2256715078e-08	1.3303571298e-13
1.22577739644e-08	1.37706279756e-13
1.22588328507e-08	1.32305692552e-13
1.2259891737e-08	1.30154079788e-13
1.22609506233e-08	1.34856657633e-13
1.22620095097e-08	1.29054929178e-13
1.2263068396e-08	1.32702564757e-13
1.22641272823e-08	1.33968045533e-13
1.22651861686e-08	1.29339993034e-13
1.2266245055e-08	1.3360094823e-13
1.22673039413e-08	1.32407377163e-13
1.22683628276e-08	1.28968179452e-13
1.22694217139e-08	1.31510335391e-13
1.22704806002e-08	1.30617793057e-13
1.22715394866e-08	1.26448385183e-13
1.22725983729e-08	1.3010137401e-13
1.22736572592e-08	1.26440687347e-13
1.22747161455e-08	1.27852291471e-13
1.22757750319e-08	1.32232332722e-13
1.22768339182e-08	1.2366858568e-13
1.22778928045e-08	1.29878136783e-13
1.22789516908e-08	1.31764729878e-13
1.22800105772e-08	1.2222240906e-13
1.22810694635e-08	1.26492823919e-13
1.22821283498e-08	1.26420683817e-13
1.22831872361e-08	1.24556560812e-13
1.22842461224e-08	1.32181592061e-13
1.22853050088e-08	1.28902287065e-13
1.22863638951e-08	1.27640858495e-13
1.22874227814e-08	1.31171061426e-13
1.22884816677e-08	1.23925378965e-13
1.22895405541e-08	1.22338256062e-13
1.22905994404e-08	1.24783416564e-13
1.22916583267e-08	1.20630054882e-13
1.2292717213e-08	1.24687139411e-13
1.22937760994e-08	1.25465989594e-13
1.22948349857e-08	1.21023308562e-13
1.2295893872e-08	1.25319595196e-13
1.22969527583e-08	1.23205224777e-13
1.22980116446e-08	1.20877971261e-13
1.2299070531e-08	1.25540447178e-13
1.23001294173e-08	1.18447759196e-13
1.23011883036e-08	1.16649406605e-13
1.23022471899e-08	1.21596472041e-13
1.23033060763e-08	1.15832975264e-13
1.23043649626e-08	1.17896672785e-13
1.23054238489e-08	1.22674683996e-13
1.23064827352e-08	1.19121523084e-13
1.23075416216e-08	1.24422566976e-13
1.23086005079e-08	1.18465052221e-13
1.23096593942e-08	1.12784300399e-13
1.23107182805e-08	1.19873078477e-13
1.23117771668e-08	1.15456743558e-13
1.23128360532e-08	1.15406314605e-13
1.23138949395e-08	1.2038598742e-13
1.23149538258e-08	1.14892673825e-13
1.23160127121e-08	1.13818527628e-13
1.23170715985e-08	1.19743218162e-13
1.23181304848e-08	1.13461371104e-13
1.23191893711e-08	1.17835645755e-13
1.23202482574e-08	1.16211063667e-13
1.23213071438e-08	1.12446293596e-13
1.23223660301e-08	1.17626991047e-13
1.23234249164e-08	1.13008215253e-13
1.23244838027e-08	1.10554448896e-13
1.2325542689e-08	1.15870244714e-13
1.23266015754e-08	1.12166643974e-13
1.23276604617e-08	1.08818668323e-13
1.2328719348e-08	1.1737517154e-13
1.23297782343e-08	1.12496736102e-13
1.23308371207e-08	1.09737170522e-13
1.2331896007e-08	1.14685753841e-13
1.23329548933e-08	1.07818539253e-13
1.23340137796e-08	1.0990868453e-13
1.2335072666e-08	1.10488454865e-13
1.23361315523e-08	1.03628917784e-13
1.23371904386e-08	1.11719092094e-13
1.23382493249e-08	1.09065866419e-13
1.23393082112e-08	1.08060722913e-13
1.23403670976e-08	1.14844887615e-13
1.23414259839e-08	1.08474739065e-13
1.23424848702e-08	1.09389941224e-13
1.23435437565e-08	1.10096854593e-13
1.23446026429e-08	1.02776863626e-13
1.23456615292e-08	1.06134258283e-13
1.23467204155e-08	1.12184784032e-13
1.23477793018e-08	1.05636406198e-13
1.23488381882e-08	1.0907273755e-13
1.23498970745e-08	1.07312284601e-13
1.23509559608e-08	1.03439616085e-13
1.23520148471e-08	1.10276086765e-13
1.23530737334e-08	1.02310290773e-13
1.23541326198e-08	9.94684071437e-14
1.23551915061e-08	1.01206640724e-13
1.23562503924e-08	9.99618275524e-14
1.23573092787e-08	1.01416901407e-13
1.23583681651e-08	1.05613780254e-13
1.23594270514e-08	1.04884972777e-13
1.23604859377e-08	1.03012636941e-13
1.2361544824e-08	1.06337112509e-13
1.23626037104e-08	9.71756244808e-14
1.23636625967e-08	1.00645010446e-13
1.2364721483e-08	9.92931729676e-14
1.23657803693e-08	9.58903773442e-14
1.23668392556e-08	1.05185154477e-13
1.2367898142e-08	9.99529438709e-14
1.23689570283e-08	1.01009248166e-13
1.23700159146e-08	1.0553012728e-13
1.23710748009e-08	9.57179824225e-14
1.23721336873e-08	9.54757784334e-14
1.23731925736e-08	9.97330947754e-14
1.23742514599e-08	9.75407566674e-14
1.23753103462e-08	9.99664489642e-14
1.23763692326e-08	1.02630557319e-13
1.23774281189e-08	9.77683984661e-14
1.23784870052e-08	1.04278842776e-13
1.23795458915e-08	9.73521800283e-14
1.23806047778e-08	9.75843890286e-14
1.23816636642e-08	1.00476349246e-13
1.23827225505e-08	9.06093031009e-14
1.23837814368e-08	9.55377067063e-14
1.23848403231e-08	9.75890443217e-14
1.23858992095e-08	9.3911749037e-14
1.23869580958e-08	9.42449108121e-14
1.23880169821e-08	9.67351470194e-14
1.23890758684e-08	9.09595139552e-14
1.23901347548e-08	8.93590960233e-14
1.23911936411e-08	9.09397204893e-14
1.23922525274e-08	8.78638321497e-14
1.23933114137e-08	9.53473885674e-14
1.23943703e-08	9.23966442636e-14
1.23954291864e-08	9.14182669994e-14
1.23964880727e-08	9.77171021508e-14
1.2397546959e-08	9.07302661821e-14
1.23986058453e-08	8.63582276978e-14
1.23996647317e-08	8.95520433524e-14
1.2400723618e-08	8.56097622805e-14
1.24017825043e-08	8.67194906379e-14
1.24028413906e-08	9.40095372967e-14
1.2403900277e-08	8.95383078662e-14
1.24049591633e-08	9.12904598921e-14
1.24060180496e-08	8.85194898609e-14
1.24070769359e-08	8.65999302433e-14
1.24081358222e-08	9.0813946261e-14
1.24091947086e-08	7.82400267621e-14
1.24102535949e-08	8.33299697149e-14
1.24113124812e-08	9.13513175153e-14
1.24123713675e-08	8.28418280155e-14
1.24134302539e-08	8.46803435207e-14
1.24144891402e-08	8.52299188257e-14
1.24155480265e-08	8.25104755028e-14
1.24166069128e-08	8.39033771388e-14
1.24176657992e-08	8.42140688239e-14
1.24187246855e-08	8.26976223503e-14
1.24197835718e-08	8.54508860047e-14
1.24208424581e-08	8.07868922041e-14
1.24219013444e-08	7.90710067409e-14
1.24229602308e-08	8.53524539999e-14
1.24240191171e-08	7.91729217451e-14
1.24250780034e-08	8.10939721407e-14
1.24261368897e-08	8.79192077756e-14
1.24271957761e-08	7.87596306532e-14
1.24282546624e-08	7.63869355139e-14
1.24293135487e-08	7.96600266762e-14
1.2430372435e-08	7.44445331118e-14
1.24314313214e-08	7.93258755666e-14
1.24324902077e-08	7.98098972977e-14
1.2433549094e-08	7.73915979045e-14
1.24346079803e-08	8.46448968859e-14
1.24356668666e-08	7.50295211702e-14
1.2436725753e-08	7.40258887717e-14
1.24377846393e-08	7.92724650571e-14
1.24388435256e-08	7.05294790669e-14
1.24399024119e-08	7.33315385954e-14
1.24409612983e-08	8.04977964711e-14
1.24420201846e-08	7.52988844237e-14
1.24430790709e-08	7.53931693551e-14
1.24441379572e-08	7.43838313427e-14
1.24451968436e-08	7.11290631971e-14
1.24462557299e-08	7.16222870942e-14
1.24473146162e-08	7.11357242642e-14
1.24483735025e-08	7.43585152219e-14
1.24494323888e-08	7.664510438e-14
1.24504912752e-08	7.05105800678e-14
1.24515501615e-08	7.43714714379e-14
1.24526090478e-08	7.71954860603e-14
1.24536679341e-08	6.95425704869e-14
1.24547268205e-08	7.06011245018e-14
1.24557857068e-08	7.36721271553e-14
1.24568445931e-08	7.00125043661e-14
1.24579034794e-08	6.91021878932e-14
1.24589623658e-08	7.17950682629e-14
1.24600212521e-08	6.96376753462e-14
1.24610801384e-08	7.46400079872e-14
1.24621390247e-08	7.258337811e-14
1.2463197911e-08	6.64415964195e-14
1.24642567974e-08	7.22036837329e-14
1.24653156837e-08	6.14899570064e-14
1.246637457e-08	6.36292369705e-14
1.24674334563e-08	7.63722242457e-14
1.24684923427e-08	6.54419416877e-14
1.2469551229e-08	7.2131008306e-14
1.24706101153e-08	7.3237897409e-14
1.24716690016e-08	6.61882319244e-14
1.2472727888e-08	6.50072240504e-14
1.24737867743e-08	6.07490403468e-14
1.24748456606e-08	5.86480123905e-14
1.24759045469e-08	6.57727588756e-14
1.24769634332e-08	6.03815567967e-14
1.24780223196e-08	6.31225350852e-14
1.24790812059e-08	7.20735184858e-14
1.24801400922e-08	5.84410585246e-14
1.24811989785e-08	6.43243460883e-14
1.24822578649e-08	6.48815988999e-14
1.24833167512e-08	5.69752510687e-14
1.24843756375e-08	5.93721849029e-14
1.24854345238e-08	5.88463739543e-14
1.24864934102e-08	6.28856911206e-14
1.24875522965e-08	6.47425906289e-14
1.24886111828e-08	6.52339510535e-14
1.24896700691e-08	6.2053071286e-14
1.24907289554e-08	6.03182935999e-14
1.24917878418e-08	5.25779167925e-14
1.24928467281e-08	5.1035276672e-14
1.24939056144e-08	5.98406415565e-14
1.24949645007e-08	5.01239844173e-14
1.24960233871e-08	5.78841445262e-14
1.24970822734e-08	6.24905468626e-14
1.24981411597e-08	5.72478804813e-14
1.2499200046e-08	5.97412947562e-14
1.25002589324e-08	5.60082579273e-14
1.25013178187e-08	5.38169599759e-14
1.2502376705e-08	5.44153785887e-14
1.25034355913e-08	5.13314298836e-14
1.25044944776e-08	5.032339969e-14
1.2505553364e-08	5.94340115317e-14
1.25066122503e-08	5.57373259688e-14
1.25076711366e-08	5.77237368148e-14
1.25087300229e-08	6.22123676902e-14
1.25097889093e-08	4.71565671169e-14
1.25108477956e-08	5.00875145667e-14
1.25119066819e-08	5.09666365101e-14
1.25129655682e-08	4.82257598656e-14
1.25140244546e-08	5.41321510999e-14
1.25150833409e-08	5.52060194705e-14
1.25161422272e-08	5.60742553465e-14
1.25172011135e-08	5.60684108191e-14
1.25182599998e-08	5.15518515734e-14
1.25193188862e-08	4.56799244155e-14
1.25203777725e-08	5.18939071944e-14
1.25214366588e-08	4.53497001507e-14
1.25224955451e-08	4.7311824868e-14
1.25235544315e-08	5.14705093054e-14
1.25246133178e-08	4.46241080112e-14
1.25256722041e-08	4.77136979558e-14
1.25267310904e-08	4.97239917427e-14
1.25277899768e-08	4.53969747536e-14
1.25288488631e-08	4.62683446515e-14
1.25299077494e-08	4.39815454293e-14
1.25309666357e-08	4.49534107042e-14
1.2532025522e-08	4.69284475917e-14
1.25330844084e-08	4.25185365702e-14
1.25341432947e-08	4.6793820175e-14
1.2535202181e-08	5.32993042605e-14
1.25362610673e-08	4.36678349188e-14
1.25373199537e-08	4.52326977957e-14
1.253837884e-08	4.56296953618e-14
1.25394377263e-08	3.66112610335e-14
1.25404966126e-08	4.23738294615e-14
1.2541555499e-08	3.94567699639e-14
1.25426143853e-08	4.00144056344e-14
1.25436732716e-08	4.63347520345e-14
1.25447321579e-08	4.34127153713e-14
1.25457910442e-08	4.61711696436e-14
1.25468499306e-08	4.48684600758e-14
1.25479088169e-08	3.8290185367e-14
1.25489677032e-08	3.90624727389e-14
1.25500265895e-08	4.38758018361e-14
1.25510854759e-08	4.02028670771e-14
1.25521443622e-08	4.18661856756e-14
1.25532032485e-08	4.62023878899e-14
1.25542621348e-08	3.75164919205e-14
1.25553210212e-08	4.07104295479e-14
1.25563799075e-08	3.82023006165e-14
1.25574387938e-08	3.72010195814e-14
1.25584976801e-08	3.80717525106e-14
1.25595565664e-08	3.5923256828e-14
1.25606154528e-08	3.71105666271e-14
1.25616743391e-08	3.94449419959e-14
1.25627332254e-08	3.59697623249e-14
1.25637921117e-08	3.58601359328e-14
1.25648509981e-08	4.31870962874e-14
1.25659098844e-08	3.23924135399e-14
1.25669687707e-08	3.62558832782e-14
1.2568027657e-08	3.60373352253e-14
1.25690865434e-08	2.81721735241e-14
1.25701454297e-08	3.74111989488e-14
1.2571204316e-08	3.52096417343e-14
1.25722632023e-08	3.45808146387e-14
1.25733220886e-08	3.83265163042e-14
1.2574380975e-08	3.02347970065e-14
1.25754398613e-08	3.07973725732e-14
1.25764987476e-08	3.31855074291e-14
1.25775576339e-08	2.54267398423e-14
1.25786165203e-08	2.83586596859e-14
1.25796754066e-08	3.42604600018e-14
1.25807342929e-08	2.99045524129e-14
1.25817931792e-08	3.50642468349e-14
1.25828520656e-08	3.35248660972e-14
1.25839109519e-08	2.64724596139e-14
1.25849698382e-08	2.81694681009e-14
1.25860287245e-08	2.38867204418e-14
1.25870876108e-08	2.68018842797e-14
1.25881464972e-08	2.83742569506e-14
1.25892053835e-08	2.47592168935e-14
1.25902642698e-08	2.87621658532e-14
1.25913231561e-08	3.31475230836e-14
1.25923820425e-08	2.6107344368e-14
1.25934409288e-08	2.66818546288e-14
1.25944998151e-08	2.85793388738e-14
1.25955587014e-08	2.11985597397e-14
1.25966175878e-08	2.70019229686e-14
1.25976764741e-08	2.69727443776e-14
1.25987353604e-08	2.49050539442e-14
1.25997942467e-08	3.04014727618e-14
1.2600853133e-08	2.49425215996e-14
1.26019120194e-08	2.55515958869e-14
1.26029709057e-08	2.59348749074e-14
1.2604029792e-08	1.99324707943e-14
1.26050886783e-08	2.26826986827e-14
1.26061475647e-08	2.28065027123e-14
1.2607206451e-08	1.7012331485e-14
1.26082653373e-08	2.59020760976e-14
1.26093242236e-08	2.60940323982e-14
1.261038311e-08	2.16654273596e-14
1.26114419963e-08	2.56023009732e-14
1.26125008826e-08	1.96015960082e-14
1.26135597689e-08	1.66385460097e-14
1.26146186552e-08	1.84725620759e-14
1.26156775416e-08	1.33042651874e-14
1.26167364279e-08	1.79830803704e-14
1.26177953142e-08	2.15970209788e-14
1.26188542005e-08	1.41867803448e-14
1.26199130869e-08	1.72872665212e-14
1.26209719732e-08	1.95624376751e-14
1.26220308595e-08	1.21686023752e-14
1.26230897458e-08	1.85222185354e-14
1.26241486321e-08	1.71577128319e-14
1.26252075185e-08	1.5122429879e-14
1.26262664048e-08	2.1968131524e-14
1.26273252911e-08	1.85661202531e-14
1.26283841774e-08	1.508194001e-14
1.26294430638e-08	1.93016904407e-14
1.26305019501e-08	1.24448003375e-14
1.26315608364e-08	1.6406968896e-14
1.26326197227e-08	1.63332804177e-14
1.26336786091e-08	1.06412613638e-14
1.26347374954e-08	1.72038490225e-14
1.26357963817e-08	1.5311877268e-14
1.2636855268e-08	8.62734312294e-15
1.26379141543e-08	1.53553622454e-14
1.26389730407e-08	1.20856541327e-14
1.2640031927e-08	1.01411409245e-14
1.26410908133e-08	1.46837210224e-14
1.26421496996e-08	8.26274880223e-15
1.2643208586e-08	1.00147483622e-14
1.26442674723e-08	1.29551410764e-14
1.26453263586e-08	8.35075298435e-15
1.26463852449e-08	1.54646311897e-14
1.26474441313e-08	1.31026298413e-14
1.26485030176e-08	4.24060268779e-15
1.26495619039e-08	9.15458809832e-15
1.26506207902e-08	7.70722732597e-15
1.26516796765e-08	4.63539839176e-15
1.26527385629e-08	1.01336412948e-14
1.26537974492e-08	7.6158773637e-15
1.26548563355e-08	9.67548117363e-15
1.26559152218e-08	1.26227509483e-14
1.26569741082e-08	7.95394769471e-15
1.26580329945e-08	7.44484785913e-15
1.26590918808e-08	7.05047355405e-15
1.26601507671e-08	-3.93004229285e-16
1.26612096535e-08	4.16062414285e-15
1.26622685398e-08	7.70728492421e-15
1.26633274261e-08	1.09439388467e-15
1.26643863124e-08	6.00228849303e-15
1.26654451987e-08	2.94362181555e-15
1.26665040851e-08	5.24379039404e-17
1.26675629714e-08	4.82684774311e-15
1.26686218577e-08	-2.32939545033e-15
1.2669680744e-08	-6.69007797565e-18
1.26707396304e-08	3.49280452075e-15
1.26717985167e-08	-1.74489877689e-15
1.2672857403e-08	1.61229481609e-15
1.26739162893e-08	1.21573558952e-15
1.26749751757e-08	-4.43515683841e-15
1.2676034062e-08	-1.76673539215e-15
1.26770929483e-08	-7.33000607335e-16
1.26781518346e-08	-4.31614278009e-15
1.26792107209e-08	-4.46559210864e-16
1.26802696073e-08	-5.26951139651e-15
1.26813284936e-08	-3.46155345192e-15
1.26823873799e-08	3.73635232759e-16
1.26834462662e-08	-7.97311943844e-15
1.26845051526e-08	-1.43659159547e-15
1.26855640389e-08	5.92078677109e-17
1.26866229252e-08	-4.50595651083e-15
1.26876818115e-08	-4.18813492594e-15
1.26887406979e-08	-2.84278317845e-15
1.26897995842e-08	-7.60909855903e-15
1.26908584705e-08	-3.01301901316e-15
1.26919173568e-08	-1.72434329897e-15
1.26929762431e-08	-1.03644738666e-14
1.26940351295e-08	-2.7670258222e-15
1.26950940158e-08	-9.07308743517e-15
1.26961529021e-08	-1.24450671529e-14
1.26972117884e-08	-3.17682269142e-15
1.26982706748e-08	-1.33581466472e-14
1.26993295611e-08	-6.80887477002e-15
1.27003884474e-08	-2.39462884573e-15
1.27014473337e-08	-1.01913327088e-14
1.27025062201e-08	-7.29559641865e-15
1.27035651064e-08	-9.20971130846e-15
1.27046239927e-08	-1.28645525967e-14
1.2705682879e-08	-9.44448512452e-15
1.27067417653e-08	-1.03300953403e-14
