% time-domain voltage integration by openEMS v0.37.0-rc1-2-g7b051bb @Sat Aug  8 19:23:50 2026
% start-coordinates: (0.0018961,0.00307603,-0.000762) m -> [65,82,14]
% stop-coordinates: (0.00221492,0.00307603,-0.000762) m -> [69,82,14]
% t/s	voltage
0	0
1.20639263102e-12	0
2.41278526203e-12	0
3.61917789305e-12	0
4.82557052407e-12	0
6.03196315509e-12	0
7.2383557861e-12	0
8.44474841712e-12	0
9.65114104814e-12	0
1.08575336792e-11	0
1.20639263102e-11	0
1.32703189412e-11	0
1.44767115722e-11	0
1.56831042032e-11	0
1.68894968342e-11	0
1.80958894653e-11	0
1.93022820963e-11	0
2.05086747273e-11	0
2.17150673583e-11	0
2.29214599893e-11	0
2.41278526203e-11	0
2.53342452514e-11	0
2.65406378824e-11	0
2.77470305134e-11	0
2.89534231444e-11	0
3.01598157754e-11	0
3.13662084065e-11	0
3.25726010375e-11	0
3.37789936685e-11	0
3.49853862995e-11	0
3.61917789305e-11	0
3.73981715615e-11	0
3.86045641926e-11	0
3.98109568236e-11	0
4.10173494546e-11	0
4.22237420856e-11	0
4.34301347166e-11	0
4.46365273476e-11	0
4.58429199787e-11	0
4.70493126097e-11	1.34143127746e-34
4.82557052407e-11	2.89180452224e-32
4.94620978717e-11	4.02784521691e-30
5.06684905027e-11	3.95512506257e-28
5.18748831337e-11	2.76624742216e-26
5.30812757648e-11	1.38814643083e-24
5.42876683958e-11	5.01604582434e-23
5.54940610268e-11	1.30295198985e-21
5.67004536578e-11	2.40580335516e-20
5.79068462888e-11	3.05385446793e-19
5.91132389198e-11	2.39167812498e-18
6.03196315509e-11	5.58065682405e-18
6.15260241819e-11	-1.22984872676e-16
6.27324168129e-11	-1.94772004849e-15
6.39388094439e-11	-1.64149248647e-14
6.51452020749e-11	-9.74178301639e-14
6.6351594706e-11	-4.419375361e-13
6.7557987337e-11	-1.58815471082e-12
6.8764379968e-11	-4.57523699916e-12
6.9970772599e-11	-1.04187721818e-11
7.117716523e-11	-1.73905031001e-11
7.2383557861e-11	-1.39300600135e-11
7.35899504921e-11	3.40813466858e-11
7.47963431231e-11	1.98930556056e-10
7.60027357541e-11	5.99407676272e-10
7.72091283851e-11	1.38341210709e-09
7.84155210161e-11	2.66198935117e-09
7.96219136471e-11	4.37698122191e-09
8.08283062782e-11	6.10406880597e-09
8.20346989092e-11	6.83330036999e-09
8.32410915402e-11	4.83379480887e-09
8.44474841712e-11	-2.21678669865e-09
8.56538768022e-11	-1.66256182155e-08
8.68602694332e-11	-3.9495287929e-08
8.80666620643e-11	-6.91476031989e-08
8.92730546953e-11	-9.98121318929e-08
9.04794473263e-11	-1.21582788282e-07
9.16858399573e-11	-1.22570817496e-07
9.28922325883e-11	-9.3427621195e-08
9.40986252194e-11	-3.3032770741e-08
9.53050178504e-11	4.72753587388e-08
9.65114104814e-11	1.24151155134e-07
9.77178031124e-11	1.69349192447e-07
9.89241957434e-11	1.62398418269e-07
1.00130588374e-10	1.03859491674e-07
1.01336981005e-10	2.1931935823e-08
1.02543373636e-10	-3.36293624059e-08
1.03749766267e-10	-1.08686221134e-08
1.04956158899e-10	1.18669822413e-07
1.0616255153e-10	3.40357757977e-07
1.07368944161e-10	5.94879125515e-07
1.08575336792e-10	7.98449534045e-07
1.09781729423e-10	8.77130759136e-07
1.10988122054e-10	7.98544988356e-07
1.12194514685e-10	5.84366631529e-07
1.13400907316e-10	2.96324458304e-07
1.14607299947e-10	3.25873861229e-09
1.15813692578e-10	-2.52417489577e-07
1.17020085209e-10	-4.69803133285e-07
1.1822647784e-10	-6.77988523989e-07
1.19432870471e-10	-9.05355321379e-07
1.20639263102e-10	-1.14839733101e-06
1.21845655733e-10	-1.35913384725e-06
1.23052048364e-10	-1.45965137222e-06
1.24258440995e-10	-1.37758331675e-06
1.25464833626e-10	-1.08529374643e-06
1.26671226257e-10	-6.23479451178e-07
1.27877618888e-10	-9.74072822402e-08
1.29084011519e-10	3.54167923433e-07
1.3029040415e-10	6.05708294188e-07
1.31496796781e-10	5.89857933164e-07
1.32703189412e-10	3.24093043957e-07
1.33909582043e-10	-9.1166809213e-08
1.35115974674e-10	-5.03333431823e-07
1.36322367305e-10	-7.57712086852e-07
1.37528759936e-10	-7.49690215684e-07
1.38735152567e-10	-4.6075570026e-07
1.39941545198e-10	3.53785249985e-08
1.41147937829e-10	5.99080834718e-07
1.4235433046e-10	1.0741945573e-06
1.43560723091e-10	1.34152483611e-06
1.44767115722e-10	1.35643151111e-06
1.45973508353e-10	1.1565966247e-06
1.47179900984e-10	8.38392736568e-07
1.48386293615e-10	5.13177788264e-07
1.49592686246e-10	2.62860002209e-07
1.50799078877e-10	1.13494428078e-07
1.52005471508e-10	3.64683048204e-08
1.53211864139e-10	-2.53666785355e-08
1.5441825677e-10	-1.20901722411e-07
1.55624649401e-10	-2.61468080964e-07
1.56831042032e-10	-4.13097048124e-07
1.58037434663e-10	-5.13340360442e-07
1.59243827294e-10	-5.03710325006e-07
1.60450219925e-10	-3.61375576574e-07
1.61656612556e-10	-1.14718387678e-07
1.62863005187e-10	1.64227294874e-07
1.64069397818e-10	3.86466112445e-07
1.65275790449e-10	4.7920920565e-07
1.6648218308e-10	4.10981051857e-07
1.67688575711e-10	1.98995770972e-07
1.68894968342e-10	-1.01379370676e-07
1.70101360973e-10	-4.17748850623e-07
1.71307753604e-10	-6.81903188138e-07
1.72514146235e-10	-8.43544214035e-07
1.73720538866e-10	-8.74557869679e-07
1.74926931498e-10	-7.67487350117e-07
1.76133324129e-10	-5.33045700024e-07
1.7733971676e-10	-1.99426210656e-07
1.78546109391e-10	1.87592160472e-07
1.79752502022e-10	5.67177906419e-07
1.80958894653e-10	8.7164393392e-07
1.82165287284e-10	1.0402405195e-06
1.83371679915e-10	1.03444124022e-06
1.84578072546e-10	8.49728579055e-07
1.85784465177e-10	5.19172743907e-07
1.86990857808e-10	1.07645194092e-07
1.88197250439e-10	-3.02231640603e-07
1.8940364307e-10	-6.28582526474e-07
1.90610035701e-10	-8.09341997865e-07
1.91816428332e-10	-8.17432137978e-07
1.93022820963e-10	-6.67657829467e-07
1.94229213594e-10	-4.12371527148e-07
1.95435606225e-10	-1.25528906381e-07
1.96641998856e-10	1.20579199958e-07
1.97848391487e-10	2.78415104304e-07
1.99054784118e-10	3.38757992324e-07
2.00261176749e-10	3.28862249432e-07
2.0146756938e-10	2.95542456286e-07
2.02673962011e-10	2.80757511462e-07
2.03880354642e-10	3.0098120618e-07
2.05086747273e-10	3.39952933359e-07
2.06293139904e-10	3.5805297216e-07
2.07499532535e-10	3.13437475086e-07
2.08705925166e-10	1.84747360521e-07
2.09912317797e-10	-1.57131982981e-08
2.11118710428e-10	-2.4455112424e-07
2.12325103059e-10	-4.43862624877e-07
2.1353149569e-10	-5.6347123234e-07
2.14737888321e-10	-5.78010840968e-07
2.15944280952e-10	-4.91934166291e-07
2.17150673583e-10	-3.32007367376e-07
2.18357066214e-10	-1.33246565781e-07
2.19563458845e-10	7.37119130179e-08
2.20769851476e-10	2.67867211079e-07
2.21976244107e-10	4.35460748349e-07
2.23182636738e-10	5.64335039144e-07
2.24389029369e-10	6.40570462451e-07
2.25595422e-10	6.49941000574e-07
2.26801814631e-10	5.83154402989e-07
2.28008207262e-10	4.41431076581e-07
2.29214599893e-10	2.3909004554e-07
2.30420992524e-10	1.91673521499e-09
2.31627385155e-10	-2.37514548473e-07
2.32833777786e-10	-4.4567013191e-07
2.34040170417e-10	-5.93425085071e-07
2.35246563048e-10	-6.60393425278e-07
2.36452955679e-10	-6.37971481865e-07
2.3765934831e-10	-5.31036299378e-07
2.38865740941e-10	-3.57568801235e-07
2.40072133572e-10	-1.46116363453e-07
2.41278526203e-10	6.86533905281e-08
2.42484918834e-10	2.51476844682e-07
2.43691311466e-10	3.72180700481e-07
2.44897704097e-10	4.11040176118e-07
2.46104096728e-10	3.62878964211e-07
2.47310489359e-10	2.39155500736e-07
2.4851688199e-10	6.70602471331e-08
2.49723274621e-10	-1.15149054736e-07
2.50929667252e-10	-2.66669836435e-07
2.52136059883e-10	-3.54710067541e-07
2.53342452514e-10	-3.63976766948e-07
2.54548845145e-10	-3.01555004967e-07
2.55755237776e-10	-1.95058809993e-07
2.56961630407e-10	-8.36369249413e-08
2.58168023038e-10	-4.48906622985e-09
2.59374415669e-10	2.02866936583e-08
2.605808083e-10	-8.44338843287e-09
2.61787200931e-10	-6.74994353744e-08
2.62993593562e-10	-1.20635068157e-07
2.64199986193e-10	-1.33108791545e-07
2.65406378824e-10	-8.56515534053e-08
2.66612771455e-10	1.73670926529e-08
2.67819164086e-10	1.48895509255e-07
2.69025556717e-10	2.68622308397e-07
2.70231949348e-10	3.37179621113e-07
2.71438341979e-10	3.29764432649e-07
2.7264473461e-10	2.44664221327e-07
2.73851127241e-10	1.03940569929e-07
2.75057519872e-10	-5.36843751675e-08
2.76263912503e-10	-1.8537146218e-07
2.77470305134e-10	-2.5824352079e-07
2.78676697765e-10	-2.59835122307e-07
2.79883090396e-10	-2.01237071451e-07
2.81089483027e-10	-1.11410152215e-07
2.82295875658e-10	-2.49407450248e-08
2.83502268289e-10	3.20456914338e-08
2.8470866092e-10	5.12738385083e-08
2.85915053551e-10	4.29950191005e-08
2.87121446182e-10	2.80011986931e-08
2.88327838813e-10	2.51883158775e-08
2.89534231444e-10	4.12191969446e-08
2.90740624075e-10	6.74894282682e-08
2.91947016706e-10	8.57889101979e-08
2.93153409337e-10	7.93868952798e-08
2.94359801968e-10	4.377395868e-08
2.95566194599e-10	-8.96169172204e-09
2.9677258723e-10	-5.42903588752e-08
2.97978979861e-10	-6.64586483623e-08
2.99185372492e-10	-3.14362105236e-08
3.00391765123e-10	4.46229249107e-08
3.01598157754e-10	1.35888331698e-07
3.02804550385e-10	2.06641978195e-07
3.04010943016e-10	2.26386369206e-07
3.05217335647e-10	1.83676167609e-07
3.06423728278e-10	9.20475713428e-08
3.07630120909e-10	-1.47180212462e-08
3.0883651354e-10	-9.63127764209e-08
3.10042906171e-10	-1.22520040335e-07
3.11249298802e-10	-8.55381792064e-08
3.12455691433e-10	-2.73378919502e-09
3.13662084065e-10	9.10345985261e-08
3.14868476696e-10	1.57676204537e-07
3.16074869327e-10	1.70641179409e-07
3.17281261958e-10	1.24166426474e-07
3.18487654589e-10	3.42500277029e-08
3.1969404722e-10	-6.86614054501e-08
3.20900439851e-10	-1.51378202418e-07
3.22106832482e-10	-1.89776965698e-07
3.23313225113e-10	-1.76113573502e-07
3.24519617744e-10	-1.19889895345e-07
3.25726010375e-10	-4.24873576321e-08
3.26932403006e-10	3.18083230866e-08
3.28138795637e-10	8.47897698719e-08
3.29345188268e-10	1.0968753017e-07
3.30551580899e-10	1.11347352671e-07
3.3175797353e-10	1.0167180875e-07
3.32964366161e-10	9.2627582049e-08
3.34170758792e-10	9.02787000712e-08
3.35377151423e-10	9.24572702843e-08
3.36583544054e-10	9.06365276165e-08
3.37789936685e-10	7.49809814238e-08
3.38996329316e-10	4.0148430358e-08
3.40202721947e-10	-1.10973532585e-08
3.41409114578e-10	-6.82436738231e-08
3.42615507209e-10	-1.16843562381e-07
3.4382189984e-10	-1.44210989816e-07
3.45028292471e-10	-1.44170858363e-07
3.46234685102e-10	-1.1873111383e-07
3.47441077733e-10	-7.63168497286e-08
3.48647470364e-10	-2.77314806674e-08
3.49853862995e-10	1.79579209281e-08
3.51060255626e-10	5.57244952404e-08
3.52266648257e-10	8.42608294249e-08
3.53473040888e-10	1.03951482089e-07
3.54679433519e-10	1.14350072522e-07
3.5588582615e-10	1.13072168517e-07
3.57092218781e-10	9.65692272814e-08
3.58298611412e-10	6.24857880993e-08
3.59505004043e-10	1.23190107004e-08
3.60711396674e-10	-4.69436907125e-08
3.61917789305e-10	-1.03569002263e-07
3.63124181936e-10	-1.44154391535e-07
3.64330574567e-10	-1.5836889844e-07
3.65536967198e-10	-1.43194256452e-07
3.66743359829e-10	-1.0470608558e-07
3.6794975246e-10	-5.614962717e-08
3.69156145091e-10	-1.26606793938e-08
3.70362537722e-10	1.52446930635e-08
3.71568930353e-10	2.62423203168e-08
3.72775322984e-10	2.83423950975e-08
3.73981715615e-10	3.42165318301e-08
3.75188108246e-10	5.34496766846e-08
3.76394500877e-10	8.58749142907e-08
3.77600893508e-10	1.19603953408e-07
3.78807286139e-10	1.35574602211e-07
3.8001367877e-10	1.1681018286e-07
3.81220071401e-10	5.83758756889e-08
3.82426464032e-10	-2.7356917176e-08
3.83632856664e-10	-1.13260483658e-07
3.84839249295e-10	-1.67449407229e-07
3.86045641926e-10	-1.66699546611e-07
3.87252034557e-10	-1.07346396661e-07
3.88458427188e-10	-8.47272696447e-09
3.89664819819e-10	9.45364408977e-08
3.9087121245e-10	1.6361715538e-07
3.92077605081e-10	1.73175873641e-07
3.93283997712e-10	1.20372781964e-07
3.94490390343e-10	2.61254489153e-08
3.95696782974e-10	-7.36094882825e-08
3.96903175605e-10	-1.42727284214e-07
3.98109568236e-10	-1.59436996938e-07
3.99315960867e-10	-1.2438680308e-07
4.00522353498e-10	-5.89894524339e-08
4.01728746129e-10	4.99973118462e-09
4.0293513876e-10	3.99300201792e-08
4.04141531391e-10	3.43172499306e-08
4.05347924022e-10	-2.93619417668e-09
4.06554316653e-10	-4.78546349214e-08
4.07760709284e-10	-7.33769596195e-08
4.08967101915e-10	-6.24526093063e-08
4.10173494546e-10	-1.59854924853e-08
4.11379887177e-10	4.79941935083e-08
4.12586279808e-10	1.03315155542e-07
4.13792672439e-10	1.28036239389e-07
4.1499906507e-10	1.14450124045e-07
4.16205457701e-10	7.17101773517e-08
4.17411850332e-10	2.03306322888e-08
4.18618242963e-10	-1.85005224473e-08
4.19824635594e-10	-3.32008474047e-08
4.21031028225e-10	-2.66110871117e-08
4.22237420856e-10	-1.306283548e-08
4.23443813487e-10	-9.49231993008e-09
4.24650206118e-10	-2.54027132662e-08
4.25856598749e-10	-5.67825324538e-08
4.2706299138e-10	-8.73693775105e-08
4.28269384011e-10	-9.6611010747e-08
4.29475776642e-10	-7.05838338888e-08
4.30682169273e-10	-1.02609944985e-08
4.31888561904e-10	6.71118547402e-08
4.33094954535e-10	1.34636861659e-07
4.34301347166e-10	1.67357853798e-07
4.35507739797e-10	1.53419243532e-07
4.36714132428e-10	9.94863338377e-08
4.37920525059e-10	2.75925584603e-08
4.3912691769e-10	-3.50667530569e-08
4.40333310321e-10	-6.8539597109e-08
4.41539702952e-10	-6.87949182065e-08
4.42746095583e-10	-4.85589177757e-08
4.43952488214e-10	-2.97956388451e-08
4.45158880845e-10	-3.18033990254e-08
4.46365273476e-10	-6.06978982631e-08
4.47571666107e-10	-1.05475420398e-07
4.48778058738e-10	-1.42600558917e-07
4.49984451369e-10	-1.47187467547e-07
4.51190844e-10	-1.05268439299e-07
4.52397236631e-10	-2.16083053672e-08
4.53603629263e-10	8.0790277579e-08
4.54810021894e-10	1.69304808395e-07
4.56016414525e-10	2.14707107205e-07
4.57222807156e-10	2.02880301003e-07
4.58429199787e-10	1.40216851463e-07
4.59635592418e-10	5.06773130127e-08
4.60841985049e-10	-3.42692372257e-08
4.6204837768e-10	-8.80080026633e-08
4.63254770311e-10	-9.84439392226e-08
4.64461162942e-10	-7.10593894837e-08
4.65667555573e-10	-2.46300388973e-08
4.66873948204e-10	1.79942576395e-08
4.68080340835e-10	3.96399375546e-08
4.69286733466e-10	3.50696964802e-08
4.70493126097e-10	1.14402816109e-08
4.71699518728e-10	-1.66247891009e-08
4.72905911359e-10	-3.43936665814e-08
4.7411230399e-10	-3.34906866684e-08
4.75318696621e-10	-1.46277763236e-08
4.76525089252e-10	1.39469862326e-08
4.77731481883e-10	4.11417424573e-08
4.78937874514e-10	5.8119438151e-08
4.80144267145e-10	6.15725506137e-08
4.81350659776e-10	5.38380948711e-08
4.82557052407e-10	4.02957125445e-08
4.83763445038e-10	2.57476320265e-08
4.84969837669e-10	1.17460250415e-08
4.861762303e-10	-3.69697616964e-09
4.87382622931e-10	-2.40159314657e-08
4.88589015562e-10	-5.07604474009e-08
4.89795408193e-10	-8.09808522462e-08
4.91001800824e-10	-1.06738529126e-07
4.92208193455e-10	-1.17515581266e-07
4.93414586086e-10	-1.04431084225e-07
4.94620978717e-10	-6.47381313001e-08
4.95827371348e-10	-4.28532698216e-09
4.97033763979e-10	6.32699013181e-08
4.9824015661e-10	1.206737128e-07
4.99446549241e-10	1.53074068976e-07
5.00652941872e-10	1.53474157827e-07
5.01859334503e-10	1.25188128308e-07
5.03065727134e-10	8.01644493009e-08
5.04272119765e-10	3.37694916475e-08
5.05478512396e-10	-1.75331066332e-09
5.06684905027e-10	-2.19903943943e-08
5.07891297658e-10	-3.12073655806e-08
5.09097690289e-10	-3.87493113152e-08
5.1030408292e-10	-5.29732826493e-08
5.11510475551e-10	-7.57264366769e-08
5.12716868182e-10	-1.00390067814e-07
5.13923260813e-10	-1.1455006188e-07
5.15129653444e-10	-1.06276861089e-07
5.16336046075e-10	-7.08141989492e-08
5.17542438706e-10	-1.43217300241e-08
5.18748831337e-10	4.74060382061e-08
5.19955223968e-10	9.49564871178e-08
5.21161616599e-10	1.13331584117e-07
5.22368009231e-10	9.83970664947e-08
5.23574401862e-10	5.86169930372e-08
5.24780794493e-10	1.14321172529e-08
5.25987187124e-10	-2.43254274501e-08
5.27193579755e-10	-3.63978056583e-08
5.28399972386e-10	-2.39652284684e-08
5.29606365017e-10	2.67040192736e-09
5.30812757648e-10	2.72474030005e-08
5.32019150279e-10	3.50927598092e-08
5.3322554291e-10	1.96978522382e-08
5.34431935541e-10	-1.45403658003e-08
5.35638328172e-10	-5.43810303455e-08
5.36844720803e-10	-8.35957987277e-08
5.38051113434e-10	-8.98174175035e-08
5.39257506065e-10	-6.95535646855e-08
5.40463898696e-10	-2.93126216633e-08
5.41670291327e-10	1.74262502206e-08
5.42876683958e-10	5.59440040959e-08
5.44083076589e-10	7.60355636231e-08
5.4528946922e-10	7.54227684752e-08
5.46495861851e-10	5.9497784477e-08
5.47702254482e-10	3.78111364441e-08
5.48908647113e-10	1.92633105023e-08
5.50115039744e-10	8.25672874516e-09
5.51321432375e-10	3.54037849037e-09
5.52527825006e-10	6.50620182729e-11
5.53734217637e-10	-7.37400340789e-09
5.54940610268e-10	-2.08352290976e-08
5.56147002899e-10	-3.77629323367e-08
5.5735339553e-10	-5.22472882736e-08
5.58559788161e-10	-5.80195242961e-08
5.59766180792e-10	-5.17651566057e-08
5.60972573423e-10	-3.48761961533e-08
5.62178966054e-10	-1.29409047922e-08
5.63385358685e-10	6.78344302951e-09
5.64591751316e-10	1.86044148975e-08
5.65798143947e-10	2.07605297398e-08
5.67004536578e-10	1.594726462e-08
5.68210929209e-10	9.72519642595e-09
5.6941732184e-10	7.78612285757e-09
5.70623714471e-10	1.31487520871e-08
5.71830107102e-10	2.47988110047e-08
5.73036499733e-10	3.80719225035e-08
5.74242892364e-10	4.67586760422e-08
5.75449284995e-10	4.58010758209e-08
5.76655677626e-10	3.34463030605e-08
5.77862070257e-10	1.19749552496e-08
5.79068462888e-10	-1.33084392395e-08
5.80274855519e-10	-3.61395731119e-08
5.8148124815e-10	-5.16613996027e-08
5.82687640781e-10	-5.78554013586e-08
5.83894033412e-10	-5.57099033571e-08
5.85100426043e-10	-4.80285837767e-08
5.86306818674e-10	-3.77499516091e-08
5.87513211305e-10	-2.64672417316e-08
5.88719603936e-10	-1.40072484722e-08
5.89925996567e-10	9.07027036812e-10
5.91132389198e-10	1.9180484756e-08
5.9233878183e-10	3.99372757087e-08
5.93545174461e-10	5.99492864239e-08
5.94751567092e-10	7.42950359012e-08
5.95957959723e-10	7.81342492928e-08
5.97164352354e-10	6.8775332096e-08
5.98370744985e-10	4.71948533587e-08
5.99577137616e-10	1.81263799526e-08
6.00783530247e-10	-1.13689759829e-08
6.01989922878e-10	-3.44455575174e-08
6.03196315509e-10	-4.69934118286e-08
6.0440270814e-10	-4.91320220064e-08
6.05609100771e-10	-4.48785826279e-08
6.06815493402e-10	-4.01222450819e-08
6.08021886033e-10	-3.97062906998e-08
6.09228278664e-10	-4.4957559453e-08
6.10434671295e-10	-5.28466319594e-08
6.11641063926e-10	-5.71652165604e-08
6.12847456557e-10	-5.13735596286e-08
6.14053849188e-10	-3.17316253273e-08
6.15260241819e-10	5.40751277089e-10
6.1646663445e-10	3.9214969938e-08
6.17673027081e-10	7.50145687789e-08
6.18879419712e-10	9.8895169387e-08
6.20085812343e-10	1.05160026465e-07
6.21292204974e-10	9.32521153629e-08
6.22498597605e-10	6.75634677094e-08
6.23704990236e-10	3.5468898929e-08
6.24911382867e-10	4.58918902879e-09
6.26117775498e-10	-1.96537057739e-08
6.27324168129e-10	-3.5196142889e-08
6.2853056076e-10	-4.30453539479e-08
6.29736953391e-10	-4.57489672812e-08
6.30943346022e-10	-4.56496538348e-08
6.32149738653e-10	-4.36374749668e-08
6.33356131284e-10	-3.90273910966e-08
6.34562523915e-10	-3.04721230471e-08
6.35768916546e-10	-1.73965775119e-08
6.36975309177e-10	-1.12586687195e-09
6.38181701808e-10	1.50082957173e-08
6.39388094439e-10	2.67036370794e-08
6.4059448707e-10	3.04911100812e-08
6.41800879701e-10	2.54205092531e-08
6.43007272332e-10	1.38035998187e-08
6.44213664963e-10	5.2730880773e-10
6.45420057594e-10	-8.80407124981e-09
6.46626450225e-10	-1.0193758726e-08
6.47832842856e-10	-2.95553670426e-09
6.49039235487e-10	9.91981119469e-09
6.50245628118e-10	2.29379262251e-08
6.51452020749e-10	3.03035356808e-08
6.5265841338e-10	2.82334546853e-08
6.53864806011e-10	1.64347395692e-08
6.55071198642e-10	-1.78537168383e-09
6.56277591273e-10	-2.08217088016e-08
6.57483983904e-10	-3.48444304521e-08
6.58690376535e-10	-3.98002359958e-08
6.59896769166e-10	-3.45948576452e-08
6.61103161797e-10	-2.10770618736e-08
6.62309554429e-10	-3.01669716984e-09
6.6351594706e-10	1.54044752509e-08
6.64722339691e-10	3.08193097709e-08
6.65928732322e-10	4.12384135728e-08
6.67135124953e-10	4.58642750445e-08
6.68341517584e-10	4.45521113335e-08
6.69547910215e-10	3.73399995368e-08
6.70754302846e-10	2.44599442922e-08
6.71960695477e-10	6.79390932401e-09
6.73167088108e-10	-1.35859297146e-08
6.74373480739e-10	-3.32553420357e-08
6.7557987337e-10	-4.80253321555e-08
6.76786266001e-10	-5.41721272285e-08
6.77992658632e-10	-4.99167231993e-08
6.79199051263e-10	-3.63850576335e-08
6.80405443894e-10	-1.75708660954e-08
6.81611836525e-10	8.94544133212e-10
6.82818229156e-10	1.37276756629e-08
6.84024621787e-10	1.79845995874e-08
6.85231014418e-10	1.41797047437e-08
6.86437407049e-10	5.98045024613e-09
6.8764379968e-10	-1.39785921727e-09
6.88850192311e-10	-3.40768729901e-09
6.90056584942e-10	1.935745092e-09
6.91262977573e-10	1.32883786197e-08
6.92469370204e-10	2.66221693579e-08
6.93675762835e-10	3.6963208494e-08
6.94882155466e-10	4.03705691099e-08
6.96088548097e-10	3.53520475116e-08
6.97294940728e-10	2.31665584494e-08
6.98501333359e-10	7.0506680494e-09
6.9970772599e-10	-9.14652131812e-09
7.00914118621e-10	-2.22934279925e-08
7.02120511252e-10	-3.0709977672e-08
7.03326903883e-10	-3.4193169629e-08
7.04533296514e-10	-3.34720238193e-08
7.05739689145e-10	-2.95736652944e-08
7.06946081776e-10	-2.33577184261e-08
7.08152474407e-10	-1.54497545868e-08
7.09358867038e-10	-6.37256358793e-09
7.10565259669e-10	3.23013621406e-09
7.117716523e-10	1.24961434533e-08
7.12978044931e-10	2.03905492491e-08
7.14184437562e-10	2.58068078018e-08
7.15390830193e-10	2.77554894623e-08
7.16597222824e-10	2.5528541503e-08
7.17803615455e-10	1.89456623723e-08
7.19010008086e-10	8.57723869707e-09
7.20216400717e-10	-4.11945888512e-09
7.21422793348e-10	-1.69331604294e-08
7.22629185979e-10	-2.73111973037e-08
7.2383557861e-10	-3.30365734769e-08
7.25041971241e-10	-3.29158353907e-08
7.26248363872e-10	-2.71686402264e-08
7.27454756503e-10	-1.73525369629e-08
7.28661149134e-10	-5.80820502805e-09
7.29867541765e-10	5.14049147693e-09
7.31073934397e-10	1.39492550844e-08
7.32280327028e-10	2.01782941467e-08
7.33486719659e-10	2.43293540869e-08
7.3469311229e-10	2.72236793109e-08
7.35899504921e-10	2.92556157078e-08
7.37105897552e-10	2.99072087095e-08
7.38312290183e-10	2.78056249137e-08
7.39518682814e-10	2.13942592531e-08
7.40725075445e-10	9.95809057436e-09
7.41931468076e-10	-5.53600842945e-09
7.43137860707e-10	-2.21992428884e-08
7.44344253338e-10	-3.59082266144e-08
7.45550645969e-10	-4.27492841126e-08
7.467570386e-10	-4.06551396992e-08
7.47963431231e-10	-3.04826985875e-08
7.49169823862e-10	-1.59337625316e-08
7.50376216493e-10	-2.21274137902e-09
7.51582609124e-10	6.10938988288e-09
7.52789001755e-10	7.07768998964e-09
7.53995394386e-10	2.30345509333e-09
7.55201787017e-10	-3.70003755412e-09
7.56408179648e-10	-5.56440959976e-09
7.57614572279e-10	3.59058879851e-10
7.5882096491e-10	1.40778722013e-08
7.60027357541e-10	3.16157491298e-08
7.61233750172e-10	4.64631781938e-08
7.62440142803e-10	5.2266336148e-08
7.63646535434e-10	4.55081829998e-08
7.64852928065e-10	2.70847642092e-08
7.66059320696e-10	1.97721955475e-09
7.67265713327e-10	-2.27418590626e-08
7.68472105958e-10	-4.07072793251e-08
7.69678498589e-10	-4.86093547636e-08
7.7088489122e-10	-4.70622678606e-08
7.72091283851e-10	-3.97578912015e-08
7.73297676482e-10	-3.13070542823e-08
7.74504069113e-10	-2.49271687736e-08
7.75710461744e-10	-2.09927994987e-08
7.76916854375e-10	-1.71798602011e-08
7.78123247006e-10	-1.00312584905e-08
7.79329639637e-10	2.80906053973e-09
7.80536032268e-10	2.08896357989e-08
7.81742424899e-10	4.06113018769e-08
7.8294881753e-10	5.64854616414e-08
7.84155210161e-10	6.34407832933e-08
7.85361602792e-10	5.90441997517e-08
7.86567995423e-10	4.46249996955e-08
7.87774388054e-10	2.47068729919e-08
7.88980780685e-10	5.08153663592e-09
7.90187173316e-10	-9.63273882881e-09
7.91393565947e-10	-1.77490289133e-08
7.92599958578e-10	-2.08058454909e-08
7.93806351209e-10	-2.23483085371e-08
7.9501274384e-10	-2.57884584798e-08
7.96219136471e-10	-3.24448623523e-08
7.97425529102e-10	-4.07480182929e-08
7.98631921733e-10	-4.69204488596e-08
7.99838314364e-10	-4.68430858547e-08
8.01044706996e-10	-3.81767293334e-08
8.02251099627e-10	-2.16710369649e-08
8.03457492258e-10	-1.05503344949e-09
8.04663884889e-10	1.84578992091e-08
8.0587027752e-10	3.23369104827e-08
8.07076670151e-10	3.85134466541e-08
8.08283062782e-10	3.7949664744e-08
8.09489455413e-10	3.38140937473e-08
8.10695848044e-10	2.96555757728e-08
8.11902240675e-10	2.75587148657e-08
8.13108633306e-10	2.71588342926e-08
8.14315025937e-10	2.59816097525e-08
8.15521418568e-10	2.08975547977e-08
8.16727811199e-10	9.97057458818e-09
8.1793420383e-10	-6.20602391699e-09
8.19140596461e-10	-2.43892226415e-08
8.20346989092e-10	-3.97570962818e-08
8.21553381723e-10	-4.78024801964e-08
8.22759774354e-10	-4.60989602047e-08
8.23966166985e-10	-3.5259881237e-08
8.25172559616e-10	-1.86274173863e-08
8.26378952247e-10	-9.41173111668e-10
8.27585344878e-10	1.3452943648e-08
8.28791737509e-10	2.2064570171e-08
8.2999813014e-10	2.4790718367e-08
8.31204522771e-10	2.34509935915e-08
8.32410915402e-10	2.05492205474e-08
8.33617308033e-10	1.79472712247e-08
8.34823700664e-10	1.59945305889e-08
8.36030093295e-10	1.35895985576e-08
8.37236485926e-10	8.98034535624e-09
8.38442878557e-10	9.9450045421e-10
8.39649271188e-10	-9.98608817859e-09
8.40855663819e-10	-2.17797735402e-08
8.4206205645e-10	-3.10639389767e-08
8.43268449081e-10	-3.46830120179e-08
8.44474841712e-10	-3.10236543122e-08
8.45681234343e-10	-2.08258317258e-08
8.46887626974e-10	-6.99928703884e-09
8.48094019605e-10	6.46796505244e-09
8.49300412236e-10	1.60736999266e-08
8.50506804867e-10	2.01236995956e-08
8.51713197498e-10	1.92529761023e-08
8.52919590129e-10	1.59001538602e-08
8.5412598276e-10	1.3035536206e-08
8.55332375391e-10	1.26996506644e-08
8.56538768022e-10	1.5051403901e-08
8.57745160653e-10	1.83366815065e-08
8.58951553284e-10	1.97662943791e-08
8.60157945915e-10	1.69110419002e-08
8.61364338546e-10	8.94424823095e-09
8.62570731177e-10	-2.81355372334e-09
8.63777123808e-10	-1.5310226642e-08
8.64983516439e-10	-2.49172735778e-08
8.6618990907e-10	-2.89034538525e-08
8.67396301701e-10	-2.64909760794e-08
8.68602694332e-10	-1.91347058198e-08
8.69809086963e-10	-9.8543735394e-09
8.71015479595e-10	-1.97782853983e-09
8.72221872226e-10	2.21123269695e-09
8.73428264857e-10	2.29576324617e-09
8.74634657488e-10	-2.81608191627e-10
8.75841050119e-10	-3.00393915298e-09
8.7704744275e-10	-3.54657531121e-09
8.78253835381e-10	-8.59502372053e-10
8.79460228012e-10	4.31143742929e-09
8.80666620643e-10	9.79790582001e-09
8.81873013274e-10	1.29875914467e-08
8.83079405905e-10	1.20781282753e-08
8.84285798536e-10	6.94414381552e-09
8.85492191167e-10	-6.81982539885e-10
8.86698583798e-10	-7.87578402495e-09
8.87904976429e-10	-1.17055074522e-08
8.8911136906e-10	-1.04193420558e-08
8.90317761691e-10	-4.15786405306e-09
8.91524154322e-10	5.15125664347e-09
8.92730546953e-10	1.45614242886e-08
8.93936939584e-10	2.12445603331e-08
8.95143332215e-10	2.34478925165e-08
8.96349724846e-10	2.09574579912e-08
8.97556117477e-10	1.48875940464e-08
8.98762510108e-10	7.02320435142e-09
8.99968902739e-10	-9.43148267818e-10
9.0117529537e-10	-7.94413779204e-09
9.02381688001e-10	-1.36397548811e-08
9.03588080632e-10	-1.81594166371e-08
9.04794473263e-10	-2.16639297612e-08
9.06000865894e-10	-2.40123978479e-08
9.07207258525e-10	-2.46856446395e-08
9.08413651156e-10	-2.30358443432e-08
9.09620043787e-10	-1.86882402886e-08
9.10826436418e-10	-1.18980905128e-08
9.12032829049e-10	-3.64937707831e-09
9.1323922168e-10	4.55810122979e-09
9.14445614311e-10	1.11921836243e-08
9.15652006942e-10	1.5227342276e-08
9.16858399573e-10	1.65056870394e-08
9.18064792204e-10	1.57369088871e-08
9.19271184835e-10	1.41381968355e-08
9.20477577466e-10	1.28715851311e-08
9.21683970097e-10	1.2501448321e-08
9.22890362728e-10	1.27787322945e-08
9.24096755359e-10	1.279334505e-08
9.2530314799e-10	1.1480558948e-08
9.26509540621e-10	8.16251888303e-09
9.27715933252e-10	2.94578572646e-09
9.28922325883e-10	-3.30917832025e-09
9.30128718514e-10	-9.32592136849e-09
9.31335111145e-10	-1.39405673671e-08
9.32541503776e-10	-1.65178533074e-08
9.33747896407e-10	-1.70586134107e-08
9.34954289038e-10	-1.60198549981e-08
9.36160681669e-10	-1.39515303754e-08
9.373670743e-10	-1.1211830131e-08
9.38573466931e-10	-7.86521237028e-09
9.39779859563e-10	-3.85360543476e-09
9.40986252194e-10	7.65583957341e-10
9.42192644825e-10	5.5833069279e-09
9.43399037456e-10	9.82675252281e-09
9.44605430087e-10	1.25746872914e-08
9.45811822718e-10	1.31003279336e-08
9.47018215349e-10	1.12111404604e-08
9.4822460798e-10	7.41837224982e-09
9.49431000611e-10	2.8471547342e-09
9.50637393242e-10	-1.12738834934e-09
9.51843785873e-10	-3.3499839569e-09
9.53050178504e-10	-3.35685823583e-09
9.54256571135e-10	-1.57703497483e-09
9.55462963766e-10	8.20733286888e-10
9.56669356397e-10	2.39226213838e-09
9.57875749028e-10	2.05293163025e-09
9.59082141659e-10	-4.23451301801e-10
9.6028853429e-10	-4.25451529562e-09
9.61494926921e-10	-7.94912013991e-09
9.62701319552e-10	-9.9340409232e-09
9.63907712183e-10	-9.25427512399e-09
9.65114104814e-10	-5.98099414439e-09
9.66320497445e-10	-1.17668647048e-09
9.67526890076e-10	3.57425916642e-09
9.68733282707e-10	6.8459650171e-09
9.69939675338e-10	7.97151000764e-09
9.71146067969e-10	7.25210913544e-09
9.723524606e-10	5.73411074178e-09
9.73558853231e-10	4.64693494795e-09
9.74765245862e-10	4.78329953424e-09
9.75971638493e-10	6.09101735716e-09
9.77178031124e-10	7.6766287771e-09
9.78384423755e-10	8.20449419514e-09
9.79590816386e-10	6.53171794429e-09
9.80797209017e-10	2.28150315307e-09
9.82003601648e-10	-3.89829230008e-09
9.83209994279e-10	-1.05051900512e-08
9.8441638691e-10	-1.57393298394e-08
9.85622779541e-10	-1.81615233963e-08
9.86829172172e-10	-1.72399698961e-08
9.88035564803e-10	-1.34941000596e-08
9.89241957434e-10	-8.21782819571e-09
9.90448350065e-10	-2.90225199429e-09
9.91654742696e-10	1.3685372835e-09
9.92861135327e-10	4.28286739407e-09
9.94067527958e-10	6.26400331605e-09
9.95273920589e-10	8.07344679998e-09
9.9648031322e-10	1.02788890732e-08
9.97686705851e-10	1.28285342349e-08
9.98893098482e-10	1.49920531545e-08
1.00009949111e-09	1.56714001776e-08
1.00130588374e-09	1.3934996268e-08
1.00251227638e-09	9.52166745449e-09
1.00371866901e-09	3.07244030218e-09
1.00492506164e-09	-4.03377975466e-09
1.00613145427e-09	-1.01534498587e-08
1.0073378469e-09	-1.39331022275e-08
1.00854423953e-09	-1.47629481972e-08
1.00975063216e-09	-1.2897176882e-08
1.01095702479e-09	-9.27144427898e-09
1.01216341742e-09	-5.11216280419e-09
1.01336981005e-09	-1.48784895515e-09
1.01457620269e-09	9.90745069318e-10
1.01578259532e-09	2.26466473352e-09
1.01698898795e-09	2.72077627095e-09
1.01819538058e-09	2.93968466236e-09
1.01940177321e-09	3.42930911446e-09
1.02060816584e-09	4.43726899668e-09
1.02181455847e-09	5.86471804453e-09
1.0230209511e-09	7.30763005663e-09
1.02422734373e-09	8.19217760295e-09
1.02543373636e-09	7.95502907991e-09
1.026640129e-09	6.22723650423e-09
1.02784652163e-09	2.97845109687e-09
1.02905291426e-09	-1.42372441614e-09
1.03025930689e-09	-6.26198171094e-09
1.03146569952e-09	-1.06304021141e-08
1.03267209215e-09	-1.36507680715e-08
1.03387848478e-09	-1.47167102948e-08
1.03508487741e-09	-1.36381677063e-08
1.03629127004e-09	-1.06867188432e-08
1.03749766267e-09	-6.47429820866e-09
1.03870405531e-09	-1.75557263171e-09
1.03991044794e-09	2.80651679674e-09
1.04111684057e-09	6.79864631259e-09
1.0423232332e-09	1.0070920764e-08
1.04352962583e-09	1.26369987807e-08
1.04473601846e-09	1.44913472333e-08
1.04594241109e-09	1.5450437596e-08
1.04714880372e-09	1.51303631846e-08
1.04835519635e-09	1.30876753879e-08
1.04956158899e-09	9.07974317954e-09
1.05076798162e-09	3.33842209432e-09
1.05197437425e-09	-3.32148863968e-09
1.05318076688e-09	-9.64286694938e-09
1.05438715951e-09	-1.42800291592e-08
1.05559355214e-09	-1.62615618748e-08
1.05679994477e-09	-1.53348442833e-08
1.0580063374e-09	-1.20436844941e-08
1.05921273003e-09	-7.49792505861e-09
1.06041912266e-09	-2.94337582085e-09
1.0616255153e-09	6.71607588987e-10
1.06283190793e-09	2.94224922204e-09
1.06403830056e-09	3.96517563228e-09
1.06524469319e-09	4.10666478601e-09
1.06645108582e-09	3.69970065695e-09
1.06765747845e-09	2.87458790105e-09
1.06886387108e-09	1.60010982242e-09
1.07007026371e-09	-1.26481169288e-10
1.07127665634e-09	-2.05586467295e-09
1.07248304897e-09	-3.62142915655e-09
1.07368944161e-09	-4.12104711467e-09
1.07489583424e-09	-3.04722197475e-09
1.07610222687e-09	-4.34873310973e-10
1.0773086195e-09	2.99881852683e-09
1.07851501213e-09	6.05161820655e-09
1.07972140476e-09	7.51676776378e-09
1.08092779739e-09	6.74366340547e-09
1.08213419002e-09	4.02603289595e-09
1.08334058265e-09	5.56009405184e-10
1.08454697528e-09	-2.03754205175e-09
1.08575336792e-09	-2.42139658324e-09
1.08695976055e-09	-2.06975665773e-10
1.08816615318e-09	3.79142828244e-09
1.08937254581e-09	7.84127462961e-09
1.09057893844e-09	1.00293460203e-08
1.09178533107e-09	9.0945531106e-09
1.0929917237e-09	4.99987218294e-09
1.09419811633e-09	-1.06924857857e-09
1.09540450896e-09	-7.23979354245e-09
1.09661090159e-09	-1.17950718082e-08
1.09781729423e-09	-1.38975126962e-08
1.09902368686e-09	-1.3839527746e-08
1.10023007949e-09	-1.27183985565e-08
1.10143647212e-09	-1.17171943259e-08
1.10264286475e-09	-1.13566818172e-08
1.10384925738e-09	-1.1144368095e-08
1.10505565001e-09	-9.81459291616e-09
1.10626204264e-09	-6.04315020247e-09
1.10746843527e-09	6.95672693063e-10
1.1086748279e-09	9.5935333011e-09
1.10988122054e-09	1.85910122852e-08
1.11108761317e-09	2.50755656239e-08
1.1122940058e-09	2.69331099645e-08
1.11350039843e-09	2.34419883505e-08
1.11470679106e-09	1.56277510932e-08
1.11591318369e-09	5.88274151614e-09
1.11711957632e-09	-2.9761947351e-09
1.11832596895e-09	-8.80075634591e-09
1.11953236158e-09	-1.08658078091e-08
1.12073875422e-09	-9.96131332975e-09
1.12194514685e-09	-7.82284192979e-09
1.12315153948e-09	-6.19350959408e-09
1.12435793211e-09	-5.9780870254e-09
1.12556432474e-09	-6.90179680074e-09
1.12677071737e-09	-7.78872566443e-09
1.12797711e-09	-7.31572236123e-09
1.12918350263e-09	-4.81053186174e-09
1.13038989526e-09	-6.86864926047e-10
1.13159628789e-09	3.69940006406e-09
1.13280268053e-09	6.69601718517e-09
1.13400907316e-09	7.1777636057e-09
1.13521546579e-09	5.1083397512e-09
1.13642185842e-09	1.57620366759e-09
1.13762825105e-09	-1.72848951818e-09
1.13883464368e-09	-3.34595595675e-09
1.14004103631e-09	-2.72670092061e-09
1.14124742894e-09	-4.92116403183e-10
1.14245382157e-09	1.91147589423e-09
1.1436602142e-09	2.94246144117e-09
1.14486660684e-09	1.75115663636e-09
1.14607299947e-09	-1.3804156429e-09
1.1472793921e-09	-5.13457054652e-09
1.14848578473e-09	-7.75243480522e-09
1.14969217736e-09	-7.82012532508e-09
1.15089856999e-09	-4.88658391529e-09
1.15210496262e-09	3.55651050277e-10
1.15331135525e-09	6.38857733382e-09
1.15451774788e-09	1.15044960225e-08
1.15572414051e-09	1.44543430558e-08
1.15693053315e-09	1.4822170602e-08
1.15813692578e-09	1.30024049305e-08
1.15934331841e-09	9.83226389195e-09
1.16054971104e-09	6.11728134814e-09
1.16175610367e-09	2.29544666608e-09
1.1629624963e-09	-1.61418192701e-09
1.16416888893e-09	-5.77821002157e-09
1.16537528156e-09	-1.02004220626e-08
1.16658167419e-09	-1.44610965425e-08
1.16778806682e-09	-1.77136931789e-08
1.16899445946e-09	-1.89807347617e-08
1.17020085209e-09	-1.75841496919e-08
1.17140724472e-09	-1.35109670119e-08
1.17261363735e-09	-7.51477247096e-09
1.17382002998e-09	-8.76500941271e-10
1.17502642261e-09	5.05955544128e-09
1.17623281524e-09	9.3706953308e-09
1.17743920787e-09	1.18193503873e-08
1.1786456005e-09	1.27865795729e-08
1.17985199313e-09	1.29200192767e-08
1.18105838577e-09	1.27071022593e-08
1.1822647784e-09	1.22012180359e-08
1.18347117103e-09	1.10378899354e-08
1.18467756366e-09	8.73789507416e-09
1.18588395629e-09	5.08935316113e-09
1.18709034892e-09	4.16488024624e-10
1.18829674155e-09	-4.44346748285e-09
1.18950313418e-09	-8.43706171594e-09
1.19070952681e-09	-1.07381794567e-08
1.19191591945e-09	-1.10749081017e-08
1.19312231208e-09	-9.82264225513e-09
1.19432870471e-09	-7.78138475876e-09
1.19553509734e-09	-5.76840630817e-09
1.19674148997e-09	-4.25987400909e-09
1.1979478826e-09	-3.21021054184e-09
1.19915427523e-09	-2.16854259549e-09
1.20036066786e-09	-5.96431661004e-10
1.20156706049e-09	1.76560507881e-09
1.20277345312e-09	4.68417216126e-09
1.20397984576e-09	7.46219708248e-09
1.20518623839e-09	9.23349108284e-09
1.20639263102e-09	9.34735155944e-09
1.20759902365e-09	7.6756266898e-09
1.20880541628e-09	4.69855898633e-09
1.21001180891e-09	1.30188035352e-09
1.21121820154e-09	-1.60028024165e-09
1.21242459417e-09	-3.44496825511e-09
1.2136309868e-09	-4.2248819998e-09
1.21483737943e-09	-4.40662972778e-09
1.21604377207e-09	-4.60513338574e-09
1.2172501647e-09	-5.19857368264e-09
1.21845655733e-09	-6.07392380836e-09
1.21966294996e-09	-6.63909527354e-09
1.22086934259e-09	-6.12902362196e-09
1.22207573522e-09	-4.02977767822e-09
1.22328212785e-09	-4.22929649635e-10
1.22448852048e-09	3.93392918241e-09
1.22569491311e-09	7.86038578671e-09
1.22690130574e-09	1.02143868919e-08
1.22810769838e-09	1.03497763693e-08
1.22931409101e-09	8.3677912377e-09
1.23052048364e-09	5.03244346195e-09
1.23172687627e-09	1.41790973407e-09
1.2329332689e-09	-1.54790685825e-09
1.23413966153e-09	-3.42089173655e-09
1.23534605416e-09	-4.32209956713e-09
1.23655244679e-09	-4.71892480647e-09
1.23775883942e-09	-5.08075381767e-09
1.23896523205e-09	-5.5684987732e-09
1.24017162469e-09	-5.9288757237e-09
1.24137801732e-09	-5.65246627282e-09
1.24258440995e-09	-4.292738498e-09
1.24379080258e-09	-1.78705991671e-09
1.24499719521e-09	1.40571865259e-09
1.24620358784e-09	4.42657810407e-09
1.24740998047e-09	6.37972163986e-09
1.2486163731e-09	6.71442812461e-09
1.24982276573e-09	5.49192091803e-09
1.25102915836e-09	3.36414951452e-09
1.252235551e-09	1.27717519893e-09
1.25344194363e-09	3.80328442351e-11
1.25464833626e-09	-5.51192789328e-11
1.25585472889e-09	6.54643665665e-10
1.25706112152e-09	1.3598287496e-09
1.25826751415e-09	1.20172760631e-09
1.25947390678e-09	-2.95941965378e-10
1.26068029941e-09	-2.95204921619e-09
1.26188669204e-09	-5.97042537631e-09
1.26309308468e-09	-8.27126955816e-09
1.26429947731e-09	-8.95627061404e-09
1.26550586994e-09	-7.70010877282e-09
1.26671226257e-09	-4.88106743912e-09
1.2679186552e-09	-1.38958025642e-09
1.26912504783e-09	1.78157893993e-09
1.27033144046e-09	3.96503530009e-09
1.27153783309e-09	5.06867703365e-09
1.27274422572e-09	5.51570011886e-09
1.27395061835e-09	5.92579552094e-09
1.27515701099e-09	6.7159926509e-09
1.27636340362e-09	7.80942621681e-09
1.27756979625e-09	8.62740612284e-09
1.27877618888e-09	8.36553548655e-09
1.27998258151e-09	6.41665420797e-09
1.28118897414e-09	2.74027750491e-09
1.28239536677e-09	-2.01960273505e-09
1.2836017594e-09	-6.72705080529e-09
1.28480815203e-09	-1.0177380938e-08
1.28601454466e-09	-1.1561302804e-08
1.2872209373e-09	-1.07607815991e-08
1.28842732993e-09	-8.34085722712e-09
1.28963372256e-09	-5.26706311899e-09
1.29084011519e-09	-2.48317633122e-09
1.29204650782e-09	-5.41133027276e-10
1.29325290045e-09	5.40319539111e-10
1.29445929308e-09	1.1605343353e-09
1.29566568571e-09	1.83134679643e-09
1.29687207834e-09	2.85997581173e-09
1.29807847097e-09	4.16395562475e-09
1.29928486361e-09	5.31901800382e-09
1.30049125624e-09	5.7891130778e-09
1.30169764887e-09	5.22074583564e-09
1.3029040415e-09	3.65017821524e-09
1.30411043413e-09	1.50677384458e-09
1.30531682676e-09	-5.67148480957e-10
1.30652321939e-09	-1.99724137229e-09
1.30772961202e-09	-2.51630555281e-09
1.30893600465e-09	-2.24373708502e-09
1.31014239728e-09	-1.57224094854e-09
1.31134878992e-09	-9.36723865141e-10
1.31255518255e-09	-5.79104916798e-10
1.31376157518e-09	-4.31484820096e-10
1.31496796781e-09	-1.87634911081e-10
1.31617436044e-09	4.94787197325e-10
1.31738075307e-09	1.76363987303e-09
1.3185871457e-09	3.42657524577e-09
1.31979353833e-09	4.98293217799e-09
1.32099993096e-09	5.80895309632e-09
1.32220632359e-09	5.42059575004e-09
1.32341271623e-09	3.67919150701e-09
1.32461910886e-09	8.65946744866e-10
1.32582550149e-09	-2.43275000145e-09
1.32703189412e-09	-5.54499035577e-09
1.32823828675e-09	-7.94969434725e-09
1.32944467938e-09	-9.41815248012e-09
1.33065107201e-09	-9.99032190308e-09
1.33185746464e-09	-9.84539449966e-09
1.33306385727e-09	-9.11809405757e-09
1.33427024991e-09	-7.79325926015e-09
1.33547664254e-09	-5.71574210184e-09
1.33668303517e-09	-2.73322825484e-09
1.3378894278e-09	1.13351862618e-09
1.33909582043e-09	5.5688567091e-09
1.34030221306e-09	9.97705762451e-09
1.34150860569e-09	1.36306659293e-08
1.34271499832e-09	1.58872839329e-08
1.34392139095e-09	1.63900875094e-08
1.34512778358e-09	1.51435903817e-08
1.34633417622e-09	1.24677115299e-08
1.34754056885e-09	8.83756801073e-09
1.34874696148e-09	4.71151972992e-09
1.34995335411e-09	4.113209634e-10
1.35115974674e-09	-3.87952608927e-09
1.35236613937e-09	-8.0258758528e-09
1.353572532e-09	-1.18263456805e-08
1.35477892463e-09	-1.4938014381e-08
1.35598531726e-09	-1.69001446171e-08
1.35719170989e-09	-1.72619398775e-08
1.35839810253e-09	-1.57590867023e-08
1.35960449516e-09	-1.24578916072e-08
1.36081088779e-09	-7.7991096914e-09
1.36201728042e-09	-2.50808385172e-09
1.36322367305e-09	2.59311655482e-09
1.36443006568e-09	6.80751144344e-09
1.36563645831e-09	9.72561342572e-09
1.36684285094e-09	1.12760549786e-08
1.36804924357e-09	1.16568952269e-08
1.3692556362e-09	1.1191733984e-08
1.37046202884e-09	1.01682171572e-08
1.37166842147e-09	8.74678096618e-09
1.3728748141e-09	6.95408541862e-09
1.37408120673e-09	4.75548889156e-09
1.37528759936e-09	2.16135803699e-09
1.37649399199e-09	-6.94566432147e-10
1.37770038462e-09	-3.53446089063e-09
1.37890677725e-09	-5.99383676025e-09
1.38011316988e-09	-7.71178942927e-09
1.38131956251e-09	-8.44422554103e-09
1.38252595515e-09	-8.11943001722e-09
1.38373234778e-09	-6.85174861292e-09
1.38493874041e-09	-4.89729745645e-09
1.38614513304e-09	-2.58163851408e-09
1.38735152567e-09	-2.25818738708e-10
1.3885579183e-09	1.90771817787e-09
1.38976431093e-09	3.62847102364e-09
1.39097070356e-09	4.81528172891e-09
1.39217709619e-09	5.38527367144e-09
1.39338348883e-09	5.28440757819e-09
1.39458988146e-09	4.48110248907e-09
1.39579627409e-09	2.99826397043e-09
1.39700266672e-09	9.43781205964e-10
1.39820905935e-09	-1.45601156132e-09
1.39941545198e-09	-3.86088211402e-09
1.40062184461e-09	-5.86595183538e-09
1.40182823724e-09	-7.0771486449e-09
1.40303462987e-09	-7.21826942662e-09
1.4042410225e-09	-6.20756424041e-09
1.40544741514e-09	-4.19065016022e-09
1.40665380777e-09	-1.50783760478e-09
1.4078602004e-09	1.38937744643e-09
1.40906659303e-09	4.05054512154e-09
1.41027298566e-09	6.12161599189e-09
1.41147937829e-09	7.39856254039e-09
1.41268577092e-09	7.82521902831e-09
1.41389216355e-09	7.44691919241e-09
1.41509855618e-09	6.36359243078e-09
1.41630494881e-09	4.69700922601e-09
1.41751134145e-09	2.59108462464e-09
1.41871773408e-09	2.32758350788e-10
1.41992412671e-09	-2.1270853412e-09
1.42113051934e-09	-4.19014795083e-09
1.42233691197e-09	-5.66045621486e-09
1.4235433046e-09	-6.32501784281e-09
1.42474969723e-09	-6.12941297717e-09
1.42595608986e-09	-5.2123805272e-09
1.42716248249e-09	-3.86938531216e-09
1.42836887512e-09	-2.46602704923e-09
1.42957526776e-09	-1.31057495412e-09
1.43078166039e-09	-5.54679899234e-10
1.43198805302e-09	-1.54125377391e-10
1.43319444565e-09	9.13989483056e-11
1.43440083828e-09	4.25880948562e-10
1.43560723091e-09	1.01558700338e-09
1.43681362354e-09	1.8547189895e-09
1.43802001617e-09	2.77042955243e-09
1.4392264088e-09	3.48648088178e-09
1.44043280143e-09	3.76180114836e-09
1.44163919407e-09	3.49095541363e-09
1.4428455867e-09	2.75382122661e-09
1.44405197933e-09	1.76994227608e-09
1.44525837196e-09	7.93082752248e-10
1.44646476459e-09	2.26291554939e-12
1.44767115722e-09	-5.56947765684e-10
1.44887754985e-09	-9.47712006094e-10
1.45008394248e-09	-1.26611493512e-09
1.45129033511e-09	-1.53973189754e-09
1.45249672774e-09	-1.70151986945e-09
1.45370312038e-09	-1.61214924743e-09
1.45490951301e-09	-1.16896292646e-09
1.45611590564e-09	-3.98928508283e-10
1.45732229827e-09	5.0184609246e-10
1.4585286909e-09	1.21048510104e-09
1.45973508353e-09	1.40806891147e-09
1.46094147616e-09	9.22081910826e-10
1.46214786879e-09	-1.77208060725e-10
1.46335426142e-09	-1.58292698393e-09
1.46456065406e-09	-2.85064166716e-09
1.46576704669e-09	-3.57138707496e-09
1.46697343932e-09	-3.51111417718e-09
1.46817983195e-09	-2.68730171449e-09
1.46938622458e-09	-1.33651120726e-09
1.47059261721e-09	1.95129513242e-10
1.47179900984e-09	1.59703056335e-09
1.47300540247e-09	2.68461197717e-09
1.4742117951e-09	3.42545508625e-09
1.47541818773e-09	3.88473614388e-09
1.47662458037e-09	4.12808826011e-09
1.477830973e-09	4.15437062529e-09
1.47903736563e-09	3.87726906137e-09
1.48024375826e-09	3.17818305007e-09
1.48145015089e-09	1.99700009307e-09
1.48265654352e-09	4.09514679112e-10
1.48386293615e-09	-1.3667778298e-09
1.48506932878e-09	-3.01404262659e-09
1.48627572141e-09	-4.23837526187e-09
1.48748211404e-09	-4.85986850762e-09
1.48868850668e-09	-4.87405660277e-09
1.48989489931e-09	-4.42147918278e-09
1.49110129194e-09	-3.70499786406e-09
1.49230768457e-09	-2.88416968086e-09
1.4935140772e-09	-2.0121631028e-09
1.49472046983e-09	-1.05249034488e-09
1.49592686246e-09	5.79326777522e-11
1.49713325509e-09	1.30275079613e-09
1.49833964772e-09	2.54676213451e-09
1.49954604035e-09	3.5568031298e-09
1.50075243299e-09	4.10307493537e-09
1.50195882562e-09	4.07156897086e-09
1.50316521825e-09	3.55026158472e-09
1.50437161088e-09	2.79598100228e-09
1.50557800351e-09	2.12989872961e-09
1.50678439614e-09	1.78205938894e-09
1.50799078877e-09	1.76489040049e-09
1.5091971814e-09	1.87145893227e-09
1.51040357403e-09	1.7592336754e-09
1.51160996666e-09	1.13536902102e-09
1.5128163593e-09	-8.92153434462e-11
1.51402275193e-09	-1.73331535236e-09
1.51522914456e-09	-3.40733996573e-09
1.51643553719e-09	-4.67642247148e-09
1.51764192982e-09	-5.25478172086e-09
1.51884832245e-09	-5.11672293424e-09
1.52005471508e-09	-4.48760695271e-09
1.52126110771e-09	-3.71214509132e-09
1.52246750034e-09	-3.06262015748e-09
1.52367389297e-09	-2.5995445796e-09
1.52488028561e-09	-2.1432766395e-09
1.52608667824e-09	-1.38695141483e-09
1.52729307087e-09	-7.79070315204e-11
1.5284994635e-09	1.79768527842e-09
1.52970585613e-09	3.95179255985e-09
1.53091224876e-09	5.86846349293e-09
1.53211864139e-09	7.0050150125e-09
1.53332503402e-09	7.02252633822e-09
1.53453142665e-09	5.93923255021e-09
1.53573781929e-09	4.13153877776e-09
1.53694421192e-09	2.18799298124e-09
1.53815060455e-09	6.54586315707e-10
1.53935699718e-09	-1.83836074835e-10
1.54056338981e-09	-4.01774995218e-10
1.54176978244e-09	-3.76802762603e-10
1.54297617507e-09	-5.72677689992e-10
1.5441825677e-09	-1.31307581475e-09
1.54538896033e-09	-2.60766297444e-09
1.54659535296e-09	-4.14839684826e-09
1.5478017456e-09	-5.44549305648e-09
1.54900813823e-09	-6.05374939067e-09
1.55021453086e-09	-5.76603698121e-09
1.55142092349e-09	-4.69338201636e-09
1.55262731612e-09	-3.19086740364e-09
1.55383370875e-09	-1.67151634201e-09
1.55504010138e-09	-4.16433540429e-10
1.55624649401e-09	5.36560559872e-10
1.55745288664e-09	1.36145364427e-09
1.55865927927e-09	2.30268026868e-09
1.55986567191e-09	3.47458539718e-09
1.56107206454e-09	4.74823602659e-09
1.56227845717e-09	5.75157310667e-09
1.5634848498e-09	6.01953376034e-09
1.56469124243e-09	5.22509424616e-09
1.56589763506e-09	3.35271405083e-09
1.56710402769e-09	7.7163658796e-10
1.56831042032e-09	-1.87592852363e-09
1.56951681295e-09	-3.89845650206e-09
1.57072320558e-09	-4.8049806356e-09
1.57192959822e-09	-4.46958414724e-09
1.57313599085e-09	-3.14759840414e-09
1.57434238348e-09	-1.33476618647e-09
1.57554877611e-09	4.37941079234e-10
1.57675516874e-09	1.79474263229e-09
1.57796156137e-09	2.60246674211e-09
1.579167954e-09	2.928449927e-09
1.58037434663e-09	2.92195273532e-09
1.58158073926e-09	2.67989858083e-09
1.58278713189e-09	2.18530499252e-09
1.58399352453e-09	1.333259253e-09
1.58519991716e-09	4.17936206476e-11
1.58640630979e-09	-1.63666372122e-09
1.58761270242e-09	-3.45693523807e-09
1.58881909505e-09	-5.02605046471e-09
1.59002548768e-09	-5.93571525265e-09
1.59123188031e-09	-5.92380589026e-09
1.59243827294e-09	-4.98490648759e-09
1.59364466557e-09	-3.38944056155e-09
1.5948510582e-09	-1.56797114181e-09
1.59605745084e-09	5.22490505722e-11
1.59726384347e-09	1.21435325684e-09
1.5984702361e-09	1.91844928832e-09
1.59967662873e-09	2.37400443748e-09
1.60088302136e-09	2.87087104089e-09
1.60208941399e-09	3.60863861015e-09
1.60329580662e-09	4.58145676951e-09
1.60450219925e-09	5.56505486138e-09
1.60570859188e-09	6.2161831238e-09
1.60691498452e-09	6.22380613713e-09
1.60812137715e-09	5.45238798555e-09
1.60932776978e-09	3.99030469778e-09
1.61053416241e-09	2.10046746663e-09
1.61174055504e-09	1.00346213977e-10
1.61294694767e-09	-1.76585635003e-09
1.6141533403e-09	-3.38907057973e-09
1.61535973293e-09	-4.78131401138e-09
1.61656612556e-09	-5.98017668718e-09
1.61777251819e-09	-6.95892532487e-09
1.61897891083e-09	-7.57086016101e-09
1.62018530346e-09	-7.58661833355e-09
1.62139169609e-09	-6.80177081325e-09
1.62259808872e-09	-5.15133324885e-09
1.62380448135e-09	-2.79173811846e-09
1.62501087398e-09	-8.58312657059e-11
1.62621726661e-09	2.4937440446e-09
1.62742365924e-09	4.51011128444e-09
1.62863005187e-09	5.68979086069e-09
1.6298364445e-09	5.98936256146e-09
1.63104283714e-09	5.56541079888e-09
1.63224922977e-09	4.68657079811e-09
1.6334556224e-09	3.61858554232e-09
1.63466201503e-09	2.54736770566e-09
1.63586840766e-09	1.55974591576e-09
1.63707480029e-09	6.79684031279e-10
1.63828119292e-09	-7.02425600324e-11
1.63948758555e-09	-6.28409047021e-10
1.64069397818e-09	-9.02121308211e-10
1.64190037081e-09	-8.20400719581e-10
1.64310676345e-09	-4.05047675955e-10
1.64431315608e-09	1.9556940789e-10
1.64551954871e-09	7.27144414125e-10
1.64672594134e-09	9.15277187374e-10
1.64793233397e-09	5.76553790821e-10
1.6491387266e-09	-2.98680406796e-10
1.65034511923e-09	-1.52531015596e-09
1.65155151186e-09	-2.79410883319e-09
1.65275790449e-09	-3.78289616298e-09
1.65396429712e-09	-4.27601692943e-09
1.65517068976e-09	-4.22547175027e-09
1.65637708239e-09	-3.7352007598e-09
1.65758347502e-09	-2.98271995991e-09
1.65878986765e-09	-2.1233140246e-09
1.65999626028e-09	-1.22352958321e-09
1.66120265291e-09	-2.62048133193e-10
1.66240904554e-09	8.08589958878e-10
1.66361543817e-09	1.98541846852e-09
1.6648218308e-09	3.15729764555e-09
1.66602822343e-09	4.12484868484e-09
1.66723461607e-09	4.6728174663e-09
1.6684410087e-09	4.67210914401e-09
1.66964740133e-09	4.15553236266e-09
1.67085379396e-09	3.31647520557e-09
1.67206018659e-09	2.43341535811e-09
1.67326657922e-09	1.74220615712e-09
1.67447297185e-09	1.32587618662e-09
1.67567936448e-09	1.06882606932e-09
1.67688575711e-09	7.13467812608e-10
1.67809214975e-09	-1.09964138489e-11
1.67929854238e-09	-1.24049837069e-09
1.68050493501e-09	-2.8773444738e-09
1.68171132764e-09	-4.5963429729e-09
1.68291772027e-09	-5.95035620776e-09
1.6841241129e-09	-6.53991882871e-09
1.68533050553e-09	-6.16897222194e-09
1.68653689816e-09	-4.91918861201e-09
1.68774329079e-09	-3.10837455775e-09
1.68894968342e-09	-1.15818327151e-09
1.69015607606e-09	5.70093694474e-10
1.69136246869e-09	1.8960739645e-09
1.69256886132e-09	2.83726170336e-09
1.69377525395e-09	3.53569856726e-09
1.69498164658e-09	4.11989098392e-09
1.69618803921e-09	4.59620941307e-09
1.69739443184e-09	4.81762174598e-09
1.69860082447e-09	4.55026671897e-09
1.6998072171e-09	3.61678559324e-09
1.70101360973e-09	2.02709229957e-09
1.70222000237e-09	3.9259234752e-11
1.703426395e-09	-1.89570237286e-09
1.70463278763e-09	-3.2820547391e-09
1.70583918026e-09	-3.76963715798e-09
1.70704557289e-09	-3.2879059475e-09
1.70825196552e-09	-2.07969014232e-09
1.70945835815e-09	-6.05000508025e-10
1.71066475078e-09	6.37264199743e-10
1.71187114341e-09	1.28973695612e-09
1.71307753604e-09	1.25230620318e-09
1.71428392868e-09	6.83705814186e-10
1.71549032131e-09	-9.88463182833e-11
1.71669671394e-09	-7.72855474063e-10
1.71790310657e-09	-1.14210710334e-09
1.7191094992e-09	-1.19466142534e-09
1.72031589183e-09	-1.06841664682e-09
1.72152228446e-09	-9.48522704824e-10
1.72272867709e-09	-9.58949780694e-10
1.72393506972e-09	-1.09449552199e-09
1.72514146235e-09	-1.22310650497e-09
1.72634785499e-09	-1.16546863826e-09
1.72755424762e-09	-7.93878740524e-10
1.72876064025e-09	-1.12576276426e-10
1.72996703288e-09	7.30662252924e-10
1.73117342551e-09	1.50304121926e-09
1.73237981814e-09	1.99322419681e-09
1.73358621077e-09	2.10573644632e-09
1.7347926034e-09	1.90949836498e-09
1.73599899603e-09	1.60290414275e-09
1.73720538866e-09	1.41333711401e-09
1.7384117813e-09	1.48614234807e-09
1.73961817393e-09	1.80180834142e-09
1.74082456656e-09	2.17718548745e-09
1.74203095919e-09	2.33843316932e-09
1.74323735182e-09	2.04325745212e-09
1.74444374445e-09	1.1850690429e-09
1.74565013708e-09	-1.53502491967e-10
1.74685652971e-09	-1.72653272235e-09
1.74806292234e-09	-3.21913551371e-09
1.74926931498e-09	-4.34903146829e-09
1.75047570761e-09	-4.95448260196e-09
1.75168210024e-09	-5.01164953981e-09
1.75288849287e-09	-4.60516580425e-09
1.7540948855e-09	-3.8584487827e-09
1.75530127813e-09	-2.87563367563e-09
1.75650767076e-09	-1.7114918649e-09
1.75771406339e-09	-3.93021913625e-10
1.75892045602e-09	1.03955584418e-09
1.76012684865e-09	2.48888065713e-09
1.76133324129e-09	3.78881104268e-09
1.76253963392e-09	4.7394658198e-09
1.76374602655e-09	5.16516684979e-09
1.76495241918e-09	4.99020424982e-09
1.76615881181e-09	4.27528912272e-09
1.76736520444e-09	3.20896564876e-09
1.76857159707e-09	2.04856925867e-09
1.7697779897e-09	1.03149752628e-09
1.77098438233e-09	2.97408285499e-10
1.77219077496e-09	-1.49297449403e-10
1.7733971676e-09	-4.24734941662e-10
1.77460356023e-09	-6.95219673497e-10
1.77580995286e-09	-1.09540401749e-09
1.77701634549e-09	-1.66545527369e-09
1.77822273812e-09	-2.33544938943e-09
1.77942913075e-09	-2.96125951538e-09
1.78063552338e-09	-3.39365480162e-09
1.78184191601e-09	-3.5449400082e-09
1.78304830864e-09	-3.41730843623e-09
1.78425470127e-09	-3.08688186124e-09
1.78546109391e-09	-2.65001487421e-09
1.78666748654e-09	-2.16473478032e-09
1.78787387917e-09	-1.61934013421e-09
1.7890802718e-09	-9.48497058673e-10
1.79028666443e-09	-8.18404857772e-11
1.79149305706e-09	9.88033738158e-10
1.79269944969e-09	2.1683026763e-09
1.79390584232e-09	3.27271859613e-09
1.79511223495e-09	4.07655093015e-09
1.79631862758e-09	4.40541503277e-09
1.79752502022e-09	4.2010666057e-09
1.79873141285e-09	3.55665580321e-09
1.79993780548e-09	2.68000777126e-09
1.80114419811e-09	1.81904091789e-09
1.80235059074e-09	1.16732803979e-09
1.80355698337e-09	7.93924134768e-10
1.804763376e-09	6.2986690863e-10
1.80596976863e-09	5.10612781224e-10
1.80717616126e-09	2.57501381329e-10
1.80838255389e-09	-2.45026953588e-10
1.80958894653e-09	-9.98169255584e-10
1.81079533916e-09	-1.8998535245e-09
1.81200173179e-09	-2.7870371011e-09
1.81320812442e-09	-3.50941736782e-09
1.81441451705e-09	-3.97464750002e-09
1.81562090968e-09	-4.16842199646e-09
1.81682730231e-09	-4.12582934484e-09
1.81803369494e-09	-3.88650839289e-09
1.81924008757e-09	-3.45856088213e-09
1.82044648021e-09	-2.80245632256e-09
1.82165287284e-09	-1.86550971892e-09
1.82285926547e-09	-6.29813867725e-10
1.8240656581e-09	8.40367303523e-10
1.82527205073e-09	2.37904568268e-09
1.82647844336e-09	3.75161862687e-09
1.82768483599e-09	4.72408345775e-09
1.82889122862e-09	5.13880460407e-09
1.83009762125e-09	4.97627139495e-09
1.83130401388e-09	4.35551344991e-09
1.83251040652e-09	3.48567402719e-09
1.83371679915e-09	2.58642685047e-09
1.83492319178e-09	1.80684295303e-09
1.83612958441e-09	1.18464130172e-09
1.83733597704e-09	6.5806472771e-10
1.83854236967e-09	1.21043432222e-10
1.8397487623e-09	-5.08757980189e-10
1.84095515493e-09	-1.24152307879e-09
1.84216154756e-09	-2.00870592382e-09
1.84336794019e-09	-2.69952643572e-09
1.84457433283e-09	-3.2160933916e-09
1.84578072546e-09	-3.51369966456e-09
1.84698711809e-09	-3.61537050297e-09
1.84819351072e-09	-3.5775321594e-09
1.84939990335e-09	-3.44572426147e-09
1.85060629598e-09	-3.213845301e-09
1.85181268861e-09	-2.8160888621e-09
1.85301908124e-09	-2.16817835907e-09
1.85422547387e-09	-1.21890753046e-09
1.8554318665e-09	-8.33636285003e-12
1.85663825914e-09	1.31906158218e-09
1.85784465177e-09	2.5439076401e-09
1.8590510444e-09	3.44244777128e-09
1.86025743703e-09	3.86334531033e-09
1.86146382966e-09	3.7844976597e-09
1.86267022229e-09	3.31140642684e-09
1.86387661492e-09	2.6347004578e-09
1.86508300755e-09	1.95381766321e-09
1.86628940018e-09	1.40352715561e-09
1.86749579281e-09	1.02170681637e-09
1.86870218545e-09	7.5687967005e-10
1.86990857808e-09	5.23015415699e-10
1.87111497071e-09	2.54093357466e-10
1.87232136334e-09	-5.25182041952e-11
1.87352775597e-09	-3.44178088807e-10
1.8747341486e-09	-5.54713580625e-10
1.87594054123e-09	-6.5613850464e-10
1.87714693386e-09	-6.96604871009e-10
1.87835332649e-09	-7.89929358036e-10
1.87955971913e-09	-1.06172035053e-09
1.88076611176e-09	-1.5789608232e-09
1.88197250439e-09	-2.29080965308e-09
1.88317889702e-09	-3.02645758454e-09
1.88438528965e-09	-3.5507264351e-09
1.88559168228e-09	-3.6505767298e-09
1.88679807491e-09	-3.22616777737e-09
1.88800446754e-09	-2.33496255664e-09
1.88921086017e-09	-1.16934972816e-09
1.8904172528e-09	1.73987733942e-11
1.89162364544e-09	1.00943294001e-09
1.89283003807e-09	1.7030085675e-09
1.8940364307e-09	2.126009091e-09
1.89524282333e-09	2.39704911476e-09
1.89644921596e-09	2.64472432843e-09
1.89765560859e-09	2.93675189722e-09
1.89886200122e-09	3.24107568561e-09
1.90006839385e-09	3.44639716765e-09
1.90127478648e-09	3.42361755612e-09
1.90248117911e-09	3.09340514315e-09
1.90368757175e-09	2.47335940617e-09
1.90489396438e-09	1.66617417086e-09
1.90610035701e-09	8.11906306075e-10
1.90730674964e-09	1.82580738722e-11
1.90851314227e-09	-6.87667950361e-10
1.9097195349e-09	-1.36020070207e-09
1.91092592753e-09	-2.08971265292e-09
1.91213232016e-09	-2.93072260904e-09
1.91333871279e-09	-3.8398309532e-09
1.91454510542e-09	-4.66169736146e-09
1.91575149806e-09	-5.17169185255e-09
1.91695789069e-09	-5.15608611362e-09
1.91816428332e-09	-4.50623360848e-09
1.91937067595e-09	-3.26647764393e-09
1.92057706858e-09	-1.63041186108e-09
1.92178346121e-09	1.24905984861e-10
1.92298985384e-09	1.73172523543e-09
1.92419624647e-09	3.00762487138e-09
1.9254026391e-09	3.88884929814e-09
1.92660903173e-09	4.40453362671e-09
1.92781542437e-09	4.61821003661e-09
1.929021817e-09	4.56729243314e-09
1.93022820963e-09	4.23852514198e-09
1.93143460226e-09	3.59136925754e-09
1.93264099489e-09	2.61187288464e-09
1.93384738752e-09	1.36764208292e-09
1.93505378015e-09	2.54761350904e-11
1.93626017278e-09	-1.18418105877e-09
1.93746656541e-09	-2.04419067784e-09
1.93867295804e-09	-2.43575759562e-09
1.93987935068e-09	-2.38767688954e-09
1.94108574331e-09	-2.0647173693e-09
1.94229213594e-09	-1.69718081255e-09
1.94349852857e-09	-1.48382522935e-09
1.9447049212e-09	-1.50816334421e-09
1.94591131383e-09	-1.71172254149e-09
1.94711770646e-09	-1.92906621233e-09
1.94832409909e-09	-1.97418151271e-09
1.94953049172e-09	-1.72697009471e-09
1.95073688436e-09	-1.18692111695e-09
1.95194327699e-09	-4.70124696117e-10
1.95314966962e-09	2.541107047e-10
1.95435606225e-09	8.39215807957e-10
1.95556245488e-09	1.22299892436e-09
1.95676884751e-09	1.4403187254e-09
1.95797524014e-09	1.58402957418e-09
1.95918163277e-09	1.73726169561e-09
1.9603880254e-09	1.91548157891e-09
1.96159441803e-09	2.04921171698e-09
1.96280081067e-09	2.02013969441e-09
1.9640072033e-09	1.73295294781e-09
1.96521359593e-09	1.18061119214e-09
1.96641998856e-09	4.74850297971e-10
1.96762638119e-09	-1.86999325746e-10
1.96883277382e-09	-6.02405528238e-10
1.97003916645e-09	-6.60056925783e-10
1.97124555908e-09	-3.97931687601e-10
1.97245195171e-09	9.72823384349e-13
1.97365834434e-09	2.79117118307e-10
1.97486473698e-09	2.18160395998e-10
1.97607112961e-09	-2.66643478131e-10
1.97727752224e-09	-1.0865648381e-09
1.97848391487e-09	-2.01307104319e-09
1.9796903075e-09	-2.77305434171e-09
1.98089670013e-09	-3.15381415428e-09
1.98210309276e-09	-3.07515263254e-09
1.98330948539e-09	-2.60026883359e-09
1.98451587802e-09	-1.88051180183e-09
1.98572227065e-09	-1.07185163523e-09
1.98692866329e-09	-2.67885925248e-10
1.98813505592e-09	5.21776150064e-10
1.98934144855e-09	1.33751357212e-09
1.99054784118e-09	2.20235574222e-09
1.99175423381e-09	3.06448677545e-09
1.99296062644e-09	3.77956310693e-09
1.99416701907e-09	4.1534930495e-09
1.9953734117e-09	4.0217415509e-09
1.99657980433e-09	3.33369765126e-09
1.99778619696e-09	2.19555001957e-09
1.9989925896e-09	8.4730925054e-10
2.00019898223e-09	-4.15936125819e-10
2.00140537486e-09	-1.35160502235e-09
2.00261176749e-09	-1.85093257388e-09
2.00381816012e-09	-1.96992072654e-09
2.00502455275e-09	-1.88219778652e-09
2.00623094538e-09	-1.79185777327e-09
2.00743733801e-09	-1.83856746494e-09
2.00864373064e-09	-2.03768626972e-09
2.00985012327e-09	-2.28629182253e-09
2.01105651591e-09	-2.42335046474e-09
2.01226290854e-09	-2.31261193528e-09
2.01346930117e-09	-1.91087140555e-09
2.0146756938e-09	-1.2877389155e-09
2.01588208643e-09	-5.84356743549e-10
2.01708847906e-09	5.24603095339e-11
2.01829487169e-09	5.41933442566e-10
2.01950126432e-09	8.97008536893e-10
2.02070765695e-09	1.19991533376e-09
2.02191404959e-09	1.5446564583e-09
2.02312044222e-09	1.96891944415e-09
2.02432683485e-09	2.41872000206e-09
2.02553322748e-09	2.76150047274e-09
2.02673962011e-09	2.84891132907e-09
2.02794601274e-09	2.58784876861e-09
2.02915240537e-09	1.99354768804e-09
2.030358798e-09	1.19700876988e-09
2.03156519063e-09	3.94724489206e-10
2.03277158326e-09	-2.28596024054e-10
2.0339779759e-09	-5.70598193694e-10
2.03518436853e-09	-6.5010727357e-10
2.03639076116e-09	-5.88268073143e-10
2.03759715379e-09	-5.48750121732e-10
2.03880354642e-09	-6.67263674869e-10
2.04000993905e-09	-9.93160650942e-10
2.04121633168e-09	-1.47756867852e-09
2.04242272431e-09	-2.00352301416e-09
2.04362911694e-09	-2.43812942058e-09
2.04483550957e-09	-2.6851293411e-09
2.04604190221e-09	-2.71296463072e-09
2.04724829484e-09	-2.54489918028e-09
2.04845468747e-09	-2.22872703626e-09
2.0496610801e-09	-1.79874143358e-09
2.05086747273e-09	-1.25871743584e-09
2.05207386536e-09	-5.8599683439e-10
2.05328025799e-09	2.36622936522e-10
2.05448665062e-09	1.18822043871e-09
2.05569304325e-09	2.19110965483e-09
2.05689943588e-09	3.11747494486e-09
2.05810582852e-09	3.82472920002e-09
2.05931222115e-09	4.19768209081e-09
2.06051861378e-09	4.18785128797e-09
2.06172500641e-09	3.82153703127e-09
2.06293139904e-09	3.18458936999e-09
2.06413779167e-09	2.38573844014e-09
2.0653441843e-09	1.52014528743e-09
2.06655057693e-09	6.47277384469e-10
2.06775696956e-09	-2.0741563328e-10
2.06896336219e-09	-1.0349477525e-09
2.07016975483e-09	-1.81918582975e-09
2.07137614746e-09	-2.52176679538e-09
2.07258254009e-09	-3.08987974096e-09
2.07378893272e-09	-3.47075251872e-09
2.07499532535e-09	-3.63583874119e-09
2.07620171798e-09	-3.5897417261e-09
2.07740811061e-09	-3.36567990145e-09
2.07861450324e-09	-3.00616348481e-09
2.07982089587e-09	-2.54113374787e-09
2.0810272885e-09	-1.97814739589e-09
2.08223368114e-09	-1.30530428133e-09
2.08344007377e-09	-5.1466480383e-10
2.0846464664e-09	3.76696097926e-10
2.08585285903e-09	1.31305297191e-09
2.08705925166e-09	2.20546808594e-09
2.08826564429e-09	2.95420865548e-09
2.08947203692e-09	3.48049300491e-09
2.09067842955e-09	3.74602676656e-09
2.09188482218e-09	3.76156678028e-09
2.09309121482e-09	3.57023938191e-09
2.09429760745e-09	3.22144244613e-09
2.09550400008e-09	2.74908229514e-09
2.09671039271e-09	2.16322720847e-09
2.09791678534e-09	1.45993750422e-09
2.09912317797e-09	6.44966371977e-10
2.1003295706e-09	-2.45396498261e-10
2.10153596323e-09	-1.1372508768e-09
2.10274235586e-09	-1.93218219202e-09
2.10394874849e-09	-2.53908954972e-09
2.10515514113e-09	-2.90587737206e-09
2.10636153376e-09	-3.03897351728e-09
2.10756792639e-09	-2.99654229208e-09
2.10877431902e-09	-2.86255269488e-09
2.10998071165e-09	-2.70433625493e-09
2.11118710428e-09	-2.54309767689e-09
2.11239349691e-09	-2.34372254937e-09
2.11359988954e-09	-2.03418226707e-09
2.11480628217e-09	-1.54538004615e-09
2.1160126748e-09	-8.51024223314e-10
2.11721906744e-09	6.99994576192e-12
2.11842546007e-09	9.26274709712e-10
2.1196318527e-09	1.77463882478e-09
2.12083824533e-09	2.43786590914e-09
2.12204463796e-09	2.85497253616e-09
2.12325103059e-09	3.03159458648e-09
2.12445742322e-09	3.022753714e-09
2.12566381585e-09	2.89560697642e-09
2.12687020848e-09	2.69356620342e-09
2.12807660111e-09	2.41761999309e-09
2.12928299375e-09	2.03602529281e-09
2.13048938638e-09	1.51291937311e-09
2.13169577901e-09	8.46943806754e-10
2.13290217164e-09	8.76108526005e-11
2.13410856427e-09	-6.67503607943e-10
2.1353149569e-09	-1.30681673816e-09
2.13652134953e-09	-1.74713316037e-09
2.13772774216e-09	-1.9644927074e-09
2.13893413479e-09	-2.00422767271e-09
2.14014052742e-09	-1.95784288781e-09
2.14134692006e-09	-1.92175822478e-09
2.14255331269e-09	-1.95322899521e-09
2.14375970532e-09	-2.04643943458e-09
2.14496609795e-09	-2.1342121681e-09
2.14617249058e-09	-2.12117112763e-09
2.14737888321e-09	-1.9248130867e-09
2.14858527584e-09	-1.51254186953e-09
2.14979166847e-09	-9.16577647114e-10
2.1509980611e-09	-2.20892922009e-10
2.15220445373e-09	4.73004545254e-10
2.15341084637e-09	1.08250031161e-09
2.154617239e-09	1.56972845833e-09
2.15582363163e-09	1.94424978894e-09
2.15703002426e-09	2.24235952029e-09
2.15823641689e-09	2.4948581534e-09
2.15944280952e-09	2.6996129221e-09
2.16064920215e-09	2.81410683645e-09
2.16185559478e-09	2.77109701852e-09
2.16306198741e-09	2.51028131615e-09
2.16426838005e-09	2.01219552132e-09
2.16547477268e-09	1.31712571405e-09
2.16668116531e-09	5.16270290407e-10
2.16788755794e-09	-2.77855530251e-10
2.16909395057e-09	-9.715953736e-10
2.1703003432e-09	-1.52090937067e-09
2.17150673583e-09	-1.9377960625e-09
2.17271312846e-09	-2.27127489039e-09
2.17391952109e-09	-2.56910165364e-09
2.17512591372e-09	-2.84330264888e-09
2.17633230636e-09	-3.0517980365e-09
2.17753869899e-09	-3.11152770216e-09
2.17874509162e-09	-2.9308080407e-09
2.17995148425e-09	-2.4525896869e-09
2.18115787688e-09	-1.68780819876e-09
2.18236426951e-09	-7.19446849318e-10
2.18357066214e-09	3.17242107584e-10
2.18477705477e-09	1.27640770176e-09
2.1859834474e-09	2.04378358681e-09
2.18718984003e-09	2.56628907014e-09
2.18839623267e-09	2.84990936406e-09
2.1896026253e-09	2.942809052e-09
2.19080901793e-09	2.89763768535e-09
2.19201541056e-09	2.74442224502e-09
2.19322180319e-09	2.48044146334e-09
2.19442819582e-09	2.08048761552e-09
2.19563458845e-09	1.52473811355e-09
2.19684098108e-09	8.28143928433e-10
2.19804737371e-09	5.46180531358e-11
2.19925376634e-09	-6.94557147907e-10
2.20046015898e-09	-1.30958002775e-09
2.20166655161e-09	-1.71441905117e-09
2.20287294424e-09	-1.89313184573e-09
2.20407933687e-09	-1.89557092245e-09
2.2052857295e-09	-1.81482504025e-09
2.20649212213e-09	-1.7422725207e-09
2.20769851476e-09	-1.72644662455e-09
2.20890490739e-09	-1.75132167102e-09
2.21011130002e-09	-1.74550729426e-09
2.21131769265e-09	-1.61735275173e-09
2.21252408529e-09	-1.30280758404e-09
2.21373047792e-09	-7.98626359488e-10
2.21493687055e-09	-1.71000873184e-10
2.21614326318e-09	4.70826454213e-10
2.21734965581e-09	1.01745764591e-09
2.21855604844e-09	1.4022251138e-09
2.21976244107e-09	1.62268137816e-09
2.2209688337e-09	1.73065958786e-09
2.22217522633e-09	1.79803361089e-09
2.22338161896e-09	1.87400414631e-09
2.2245880116e-09	1.95791477475e-09
2.22579440423e-09	1.99676983281e-09
2.22700079686e-09	1.91292620633e-09
2.22820718949e-09	1.64325239527e-09
2.22941358212e-09	1.17684598178e-09
2.23061997475e-09	5.64191568464e-10
2.23182636738e-09	-9.84115046399e-11
2.23303276001e-09	-7.08327549392e-10
2.23423915264e-09	-1.19315346492e-09
2.23544554528e-09	-1.53912468881e-09
2.23665193791e-09	-1.78303555254e-09
2.23785833054e-09	-1.98270280749e-09
2.23906472317e-09	-2.17858306395e-09
2.2402711158e-09	-2.36151065369e-09
2.24147750843e-09	-2.46936948667e-09
2.24268390106e-09	-2.41136960399e-09
2.24389029369e-09	-2.11163292407e-09
2.24509668632e-09	-1.54643506334e-09
2.24630307895e-09	-7.67329005891e-10
2.24750947159e-09	1.15710158469e-10
2.24871586422e-09	9.69002128537e-10
2.24992225685e-09	1.68118227672e-09
2.25112864948e-09	2.19548740299e-09
2.25233504211e-09	2.51495951842e-09
2.25354143474e-09	2.67997468661e-09
2.25474782737e-09	2.7312911377e-09
2.25595422e-09	2.68142547055e-09
2.25716061263e-09	2.50335552288e-09
2.25836700526e-09	2.15283749161e-09
2.2595733979e-09	1.59957996848e-09
2.26077979053e-09	8.62403981561e-10
2.26198618316e-09	2.07116095108e-11
2.26319257579e-09	-8.04014910205e-10
2.26439896842e-09	-1.4865018938e-09
2.26560536105e-09	-1.94237265161e-09
2.26681175368e-09	-2.15538981108e-09
2.26801814631e-09	-2.17571652361e-09
2.26922453894e-09	-2.08795145062e-09
2.27043093157e-09	-1.97178495753e-09
2.27163732421e-09	-1.86339998987e-09
2.27284371684e-09	-1.74797912256e-09
2.27405010947e-09	-1.57493343367e-09
2.2752565021e-09	-1.29459798437e-09
2.27646289473e-09	-8.90680681986e-10
2.27766928736e-09	-3.96208343911e-10
2.27887567999e-09	1.18230363e-10
2.28008207262e-09	5.74348749116e-10
2.28128846525e-09	9.21937789999e-10
2.28249485788e-09	1.15970430481e-09
2.28370125052e-09	1.32912914008e-09
2.28490764315e-09	1.48891271534e-09
2.28611403578e-09	1.67729094502e-09
2.28732042841e-09	1.88657645062e-09
2.28852682104e-09	2.0605525064e-09
2.28973321367e-09	2.12045689341e-09
2.2909396063e-09	1.99929789391e-09
2.29214599893e-09	1.6795130009e-09
2.29335239156e-09	1.20204796117e-09
2.29455878419e-09	6.50946366254e-10
2.29576517683e-09	1.17914889658e-10
2.29697156946e-09	-3.37410044349e-10
2.29817796209e-09	-7.08068201294e-10
2.29938435472e-09	-1.0331182021e-09
2.30059074735e-09	-1.36780509141e-09
2.30179713998e-09	-1.74573822065e-09
2.30300353261e-09	-2.14843318136e-09
2.30420992524e-09	-2.50866810658e-09
2.30541631787e-09	-2.73236022696e-09
2.30662271051e-09	-2.74033257197e-09
2.30782910314e-09	-2.50415421732e-09
2.30903549577e-09	-2.05618261306e-09
2.3102418884e-09	-1.47442932863e-09
2.31144828103e-09	-8.4660996269e-10
2.31265467366e-09	-2.33876463335e-10
2.31386106629e-09	3.50261264437e-10
2.31506745892e-09	9.27465826361e-10
2.31627385155e-09	1.52856544089e-09
2.31748024418e-09	2.15414772131e-09
2.31868663682e-09	2.75457606724e-09
2.31989302945e-09	3.23511700762e-09
2.32109942208e-09	3.48683004692e-09
2.32230581471e-09	3.43031075767e-09
2.32351220734e-09	3.05134445489e-09
2.32471859997e-09	2.4095213047e-09
2.3259249926e-09	1.61579030711e-09
2.32713138523e-09	7.9512790796e-10
2.32833777786e-09	3.84610295001e-11
2.32954417049e-09	-6.17566359162e-10
2.33075056313e-09	-1.18847412467e-09
2.33195695576e-09	-1.71221359313e-09
2.33316334839e-09	-2.21188084515e-09
2.33436974102e-09	-2.66737831822e-09
2.33557613365e-09	-3.01747193898e-09
2.33678252628e-09	-3.18188714266e-09
2.33798891891e-09	-3.10185549468e-09
2.33919531154e-09	-2.77221140488e-09
2.34040170417e-09	-2.24863577758e-09
2.3416080968e-09	-1.62866628517e-09
2.34281448944e-09	-1.01251280971e-09
2.34402088207e-09	-4.62930596634e-10
2.3452272747e-09	1.55238278829e-11
2.34643366733e-09	4.65207573852e-10
2.34764005996e-09	9.44110747914e-10
2.34884645259e-09	1.48301643188e-09
2.35005284522e-09	2.05898736949e-09
2.35125923785e-09	2.59527499491e-09
2.35246563048e-09	2.98898716888e-09
2.35367202311e-09	3.15460946254e-09
2.35487841575e-09	3.05995329075e-09
2.35608480838e-09	2.73689404473e-09
2.35729120101e-09	2.26456270402e-09
2.35849759364e-09	1.73360234501e-09
2.35970398627e-09	1.20279974869e-09
2.3609103789e-09	6.84257997485e-10
2.36211677153e-09	1.461070466e-10
2.36332316416e-09	-4.54150134166e-10
2.36452955679e-09	-1.13153444947e-09
2.36573594942e-09	-1.84976489681e-09
2.36694234206e-09	-2.52246173948e-09
2.36814873469e-09	-3.04001018803e-09
2.36935512732e-09	-3.31179661472e-09
2.37056151995e-09	-3.30182065023e-09
2.37176791258e-09	-3.03658137524e-09
2.37297430521e-09	-2.59413091008e-09
2.37418069784e-09	-2.06415862181e-09
2.37538709047e-09	-1.51268880755e-09
2.3765934831e-09	-9.60256027471e-10
2.37779987574e-09	-3.88005336194e-10
2.37900626837e-09	2.37721141383e-10
2.380212661e-09	9.27751320212e-10
2.38141905363e-09	1.64865129881e-09
2.38262544626e-09	2.32298030811e-09
2.38383183889e-09	2.85042395243e-09
2.38503823152e-09	3.14962184111e-09
2.38624462415e-09	3.18726905979e-09
2.38745101678e-09	2.98955393774e-09
2.38865740941e-09	2.62749444424e-09
2.38986380205e-09	2.18288612186e-09
2.39107019468e-09	1.71041023012e-09
2.39227658731e-09	1.2214571854e-09
2.39348297994e-09	6.88703594154e-10
2.39468937257e-09	7.62442799868e-11
2.3958957652e-09	-6.242285161e-10
2.39710215783e-09	-1.37076738849e-09
2.39830855046e-09	-2.07325351331e-09
2.39951494309e-09	-2.62103966309e-09
2.40072133572e-09	-2.92488955278e-09
2.40192772836e-09	-2.95290064622e-09
2.40313412099e-09	-2.73927941441e-09
2.40434051362e-09	-2.368819918e-09
2.40554690625e-09	-1.93688046157e-09
2.40675329888e-09	-1.51058490716e-09
2.40795969151e-09	-1.10684522658e-09
2.40916608414e-09	-6.97978189135e-10
2.41037247677e-09	-2.40786383887e-10
2.4115788694e-09	2.85753989915e-10
2.41278526203e-09	8.57681439759e-10
2.41399165467e-09	1.4070694887e-09
2.4151980473e-09	1.84646306578e-09
2.41640443993e-09	2.11029285713e-09
2.41761083256e-09	2.1809107853e-09
2.41881722519e-09	2.0990496008e-09
2.42002361782e-09	1.94053506597e-09
2.42123001045e-09	1.7796575047e-09
2.42243640308e-09	1.65186983536e-09
2.42364279571e-09	1.53758361598e-09
2.42484918834e-09	1.3709508806e-09
2.42605558098e-09	1.07594747001e-09
2.42726197361e-09	6.08460684615e-10
2.42846836624e-09	-1.7453130087e-11
2.42967475887e-09	-7.23131568514e-10
2.4308811515e-09	-1.39366027052e-09
2.43208754413e-09	-1.91946528116e-09
2.43329393676e-09	-2.23621432482e-09
2.43450032939e-09	-2.3416906747e-09
2.43570672202e-09	-2.28840063565e-09
2.43691311466e-09	-2.14724735215e-09
2.43811950729e-09	-1.97086771903e-09
2.43932589992e-09	-1.7690961196e-09
2.44053229255e-09	-1.50806642174e-09
2.44173868518e-09	-1.13896925225e-09
2.44294507781e-09	-6.33548810636e-10
2.44415147044e-09	-1.22571605643e-11
2.44535786307e-09	6.50856771256e-10
2.4465642557e-09	1.25117230465e-09
2.44777064833e-09	1.69512956449e-09
2.44897704097e-09	1.93580718122e-09
2.4501834336e-09	1.99075284035e-09
2.45138982623e-09	1.92936017163e-09
2.45259621886e-09	1.83491716266e-09
2.45380261149e-09	1.76442760402e-09
2.45500900412e-09	1.72050151903e-09
2.45621539675e-09	1.65086685988e-09
2.45742178938e-09	1.47640391579e-09
2.45862818201e-09	1.1334543859e-09
2.45983457464e-09	6.07193323399e-10
2.46104096728e-09	-5.37155138078e-11
2.46224735991e-09	-7.5455446058e-10
2.46345375254e-09	-1.38840702824e-09
2.46466014517e-09	-1.87418799924e-09
2.4658665378e-09	-2.17963008753e-09
2.46707293043e-09	-2.3210338651e-09
2.46827932306e-09	-2.33976843456e-09
2.46948571569e-09	-2.27356011795e-09
2.47069210832e-09	-2.13323780862e-09
2.47189850095e-09	-1.898515678e-09
2.47310489359e-09	-1.53655466129e-09
2.47431128622e-09	-1.02717069572e-09
2.47551767885e-09	-3.88393067707e-10
2.47672407148e-09	3.17831906627e-10
2.47793046411e-09	9.98468224767e-10
2.47913685674e-09	1.56094162596e-09
2.48034324937e-09	1.94253230168e-09
2.481549642e-09	2.13174344843e-09
2.48275603463e-09	2.16387038843e-09
2.48396242726e-09	2.09992401246e-09
2.4851688199e-09	1.99645810994e-09
2.48637521253e-09	1.87809720553e-09
2.48758160516e-09	1.73069000797e-09
2.48878799779e-09	1.51253198855e-09
2.48999439042e-09	1.17993750881e-09
2.49120078305e-09	7.12922373913e-10
2.49240717568e-09	1.31558201832e-10
2.49361356831e-09	-5.08657428677e-10
2.49481996094e-09	-1.13486153808e-09
2.49602635357e-09	-1.67979805066e-09
2.49723274621e-09	-2.10101924747e-09
2.49843913884e-09	-2.38441877354e-09
2.49964553147e-09	-2.53509824244e-09
2.5008519241e-09	-2.56068743987e-09
2.50205831673e-09	-2.45846271119e-09
2.50326470936e-09	-2.21280427315e-09
2.50447110199e-09	-1.80758691348e-09
2.50567749462e-09	-1.24156723791e-09
2.50688388725e-09	-5.44264355806e-10
2.50809027989e-09	2.20204812718e-10
2.50929667252e-09	9.66609861597e-10
2.51050306515e-09	1.60832433482e-09
2.51170945778e-09	2.08125752743e-09
2.51291585041e-09	2.35880420751e-09
2.51412224304e-09	2.45186210224e-09
2.51532863567e-09	2.39743053188e-09
2.5165350283e-09	2.23970370028e-09
2.51774142093e-09	2.01239871989e-09
2.51894781356e-09	1.73235698009e-09
2.5201542062e-09	1.40062952902e-09
2.52136059883e-09	1.01309288736e-09
2.52256699146e-09	5.71389463522e-10
2.52377338409e-09	9.01298393557e-11
2.52497977672e-09	-4.0539011037e-10
2.52618616935e-09	-8.84478323915e-10
2.52739256198e-09	-1.3207502314e-09
2.52859895461e-09	-1.69750843937e-09
2.52980534724e-09	-2.00634686642e-09
2.53101173987e-09	-2.24131213589e-09
2.53221813251e-09	-2.39179076544e-09
2.53342452514e-09	-2.43707654057e-09
2.53463091777e-09	-2.3500771329e-09
2.5358373104e-09	-2.10694403591e-09
2.53704370303e-09	-1.69839164954e-09
2.53825009566e-09	-1.14131140649e-09
2.53945648829e-09	-4.78571730855e-10
2.54066288092e-09	2.26888563493e-10
2.54186927355e-09	9.05041652732e-10
2.54307566618e-09	1.49587989218e-09
2.54428205882e-09	1.95883539944e-09
2.54548845145e-09	2.27695934329e-09
2.54669484408e-09	2.45254383469e-09
2.54790123671e-09	2.49833986832e-09
2.54910762934e-09	2.42895448199e-09
2.55031402197e-09	2.25554863675e-09
2.5515204146e-09	1.98651070593e-09
2.55272680723e-09	1.6304099737e-09
2.55393319986e-09	1.20035528739e-09
2.55513959249e-09	7.1566107207e-10
2.55634598513e-09	2.00377194004e-10
2.55755237776e-09	-3.21662002589e-10
2.55875877039e-09	-8.30476604152e-10
2.55996516302e-09	-1.31233154899e-09
2.56117155565e-09	-1.75513395484e-09
2.56237794828e-09	-2.14556092337e-09
2.56358434091e-09	-2.4636523932e-09
2.56479073354e-09	-2.67995159398e-09
2.56599712617e-09	-2.76101297381e-09
2.5672035188e-09	-2.6749000237e-09
2.56840991144e-09	-2.4028517509e-09
2.56961630407e-09	-1.94760871319e-09
2.5708226967e-09	-1.33642136246e-09
2.57202908933e-09	-6.1997620926e-10
2.57323548196e-09	1.36559701047e-10
2.57444187459e-09	8.66533012012e-10
2.57564826722e-09	1.51209433863e-09
2.57685465985e-09	2.03243397112e-09
2.57806105248e-09	2.40642755722e-09
2.57926744512e-09	2.62827881681e-09
2.58047383775e-09	2.70166361505e-09
2.58168023038e-09	2.63474830842e-09
2.58288662301e-09	2.43748349282e-09
2.58409301564e-09	2.1228911129e-09
2.58529940827e-09	1.71089623024e-09
2.5865058009e-09	1.22873938802e-09
2.58771219353e-09	7.09707528856e-10
2.58891858616e-09	1.88773822962e-10
2.59012497879e-09	-3.0688142999e-10
2.59133137143e-09	-7.62007831834e-10
2.59253776406e-09	-1.17415710488e-09
2.59374415669e-09	-1.55058338391e-09
2.59495054932e-09	-1.89638116321e-09
2.59615694195e-09	-2.20582258015e-09
2.59736333458e-09	-2.45668058119e-09
2.59856972721e-09	-2.61099597498e-09
2.59977611984e-09	-2.62674410001e-09
2.60098251247e-09	-2.47065506942e-09
2.6021889051e-09	-2.13279627292e-09
2.60339529774e-09	-1.63228455752e-09
2.60460169037e-09	-1.01495531424e-09
2.605808083e-09	-3.4175293151e-10
2.60701447563e-09	3.27046681403e-10
2.60822086826e-09	9.4468113887e-10
2.60942726089e-09	1.48350143281e-09
2.61063365352e-09	1.93308435925e-09
2.61184004615e-09	2.29011393182e-09
2.61304643878e-09	2.54770710084e-09
2.61425283141e-09	2.69118932694e-09
2.61545922405e-09	2.69922328933e-09
2.61666561668e-09	2.55514442937e-09
2.61787200931e-09	2.25661611619e-09
2.61907840194e-09	1.8248082212e-09
2.62028479457e-09	1.30227081896e-09
2.6214911872e-09	7.40792246989e-10
2.62269757983e-09	1.85868022362e-10
2.62390397246e-09	-3.38502052777e-10
2.62511036509e-09	-8.32270447004e-10
2.62631675772e-09	-1.3103177432e-09
2.62752315036e-09	-1.78557457708e-09
2.62872954299e-09	-2.24987078967e-09
2.62993593562e-09	-2.66420163708e-09
2.63114232825e-09	-2.96536367683e-09
2.63234872088e-09	-3.08396735926e-09
2.63355511351e-09	-2.96945312783e-09
2.63476150614e-09	-2.61069244001e-09
2.63596789877e-09	-2.04225863998e-09
2.6371742914e-09	-1.33337393904e-09
2.63838068403e-09	-5.66452260098e-10
2.63958707667e-09	1.86912464673e-10
2.6407934693e-09	8.8147732169e-10
2.64199986193e-09	1.49837731112e-09
2.64320625456e-09	2.03349348471e-09
2.64441264719e-09	2.48018511284e-09
2.64561903982e-09	2.81517670286e-09
2.64682543245e-09	3.00106489659e-09
2.64803182508e-09	2.99857383368e-09
2.64923821771e-09	2.78537887199e-09
2.65044461035e-09	2.37430469729e-09
2.65165100298e-09	1.81514925313e-09
2.65285739561e-09	1.1825832813e-09
2.65406378824e-09	5.52653117714e-10
2.65527018087e-09	-2.17212706155e-11
2.6564765735e-09	-5.23717638701e-10
2.65768296613e-09	-9.70289723567e-10
2.65888935876e-09	-1.39269690225e-09
2.66009575139e-09	-1.81174897307e-09
2.66130214402e-09	-2.21757023855e-09
2.66250853666e-09	-2.56503884799e-09
2.66371492929e-09	-2.78717909863e-09
2.66492132192e-09	-2.82099227311e-09
2.66612771455e-09	-2.63238159048e-09
2.66733410718e-09	-2.23258794785e-09
2.66854049981e-09	-1.67363756187e-09
2.66974689244e-09	-1.02940998781e-09
2.67095328507e-09	-3.70880604006e-10
2.6721596777e-09	2.55031450819e-10
2.67336607033e-09	8.29312091222e-10
2.67457246297e-09	1.35207689489e-09
2.6757788556e-09	1.82254111802e-09
2.67698524823e-09	2.22295809538e-09
2.67819164086e-09	2.5149773375e-09
2.67939803349e-09	2.65076671724e-09
2.68060442612e-09	2.59479687736e-09
2.68181081875e-09	2.34366870355e-09
2.68301721138e-09	1.93378704716e-09
2.68422360401e-09	1.43236633665e-09
2.68542999664e-09	9.14666800633e-10
2.68663638928e-09	4.37541045062e-10
2.68784278191e-09	2.19128543436e-11
2.68904917454e-09	-3.47353472374e-10
2.69025556717e-09	-7.05430810988e-10
2.6914619598e-09	-1.08235462259e-09
2.69266835243e-09	-1.48118570187e-09
2.69387474506e-09	-1.87033441512e-09
2.69508113769e-09	-2.19293488923e-09
2.69628753032e-09	-2.38738417924e-09
2.69749392295e-09	-2.41195419193e-09
2.69870031559e-09	-2.25808871601e-09
2.69990670822e-09	-1.9501711912e-09
2.70111310085e-09	-1.53311557893e-09
2.70231949348e-09	-1.05161275521e-09
2.70352588611e-09	-5.37404253043e-10
2.70473227874e-09	-5.64844178375e-12
2.70593867137e-09	5.37264996381e-10
2.707145064e-09	1.07824493778e-09
2.70835145663e-09	1.58723184596e-09
2.70955784926e-09	2.01594510529e-09
2.7107642419e-09	2.30992791561e-09
2.71197063453e-09	2.42715159082e-09
2.71317702716e-09	2.35530317472e-09
2.71438341979e-09	2.1185485588e-09
2.71558981242e-09	1.76946785002e-09
2.71679620505e-09	1.36984815158e-09
2.71800259768e-09	9.68250396527e-10
2.71920899031e-09	5.85250653495e-10
2.72041538294e-09	2.12558519397e-10
2.72162177558e-09	-1.73043666202e-10
2.72282816821e-09	-5.90546389567e-10
2.72403456084e-09	-1.03641077664e-09
2.72524095347e-09	-1.48077097806e-09
2.7264473461e-09	-1.8743147312e-09
2.72765373873e-09	-2.1660598315e-09
2.72886013136e-09	-2.32077329576e-09
2.73006652399e-09	-2.3275883998e-09
2.73127291662e-09	-2.19772400278e-09
2.73247930925e-09	-1.95248014978e-09
2.73368570189e-09	-1.61039770408e-09
2.73489209452e-09	-1.18052520537e-09
2.73609848715e-09	-6.6531480325e-10
2.73730487978e-09	-7.28880844569e-11
2.73851127241e-09	5.7018305355e-10
2.73971766504e-09	1.2132275462e-09
2.74092405767e-09	1.78756542901e-09
2.7421304503e-09	2.22327312116e-09
2.74333684293e-09	2.4699396417e-09
2.74454323556e-09	2.51250592553e-09
2.7457496282e-09	2.37319974783e-09
2.74695602083e-09	2.1010632123e-09
2.74816241346e-09	1.75137979119e-09
2.74936880609e-09	1.36612801627e-09
2.75057519872e-09	9.64440069473e-10
2.75178159135e-09	5.44528422353e-10
2.75298798398e-09	9.65173305861e-11
2.75419437661e-09	-3.80325528015e-10
2.75540076924e-09	-8.68349989136e-10
2.75660716187e-09	-1.33245892098e-09
2.75781355451e-09	-1.7288572518e-09
2.75901994714e-09	-2.02243399805e-09
2.76022633977e-09	-2.19654217037e-09
2.7614327324e-09	-2.2555976531e-09
2.76263912503e-09	-2.21626289543e-09
2.76384551766e-09	-2.09302808418e-09
2.76505191029e-09	-1.88727122818e-09
2.76625830292e-09	-1.58527282967e-09
2.76746469555e-09	-1.16803908212e-09
2.76867108818e-09	-6.28195301333e-10
2.76987748082e-09	1.30570693146e-11
2.77108387345e-09	7.02641583805e-10
2.77229026608e-09	1.36283417884e-09
2.77349665871e-09	1.91292354179e-09
2.77470305134e-09	2.2924699361e-09
2.77590944397e-09	2.47795395314e-09
2.7771158366e-09	2.48427400873e-09
2.77832222923e-09	2.35254610237e-09
2.77952862186e-09	2.128628801e-09
2.78073501449e-09	1.84400342218e-09
2.78194140713e-09	1.50913134767e-09
2.78314779976e-09	1.11665887648e-09
2.78435419239e-09	6.58374632589e-10
2.78556058502e-09	1.40044569691e-10
2.78676697765e-09	-4.10065634227e-10
2.78797337028e-09	-9.46097394872e-10
2.78917976291e-09	-1.4187113706e-09
2.79038615554e-09	-1.79323517147e-09
2.79159254817e-09	-2.05876929393e-09
2.79279894081e-09	-2.2275962186e-09
2.79400533344e-09	-2.3211617628e-09
2.79521172607e-09	-2.35174435481e-09
2.7964181187e-09	-2.30998153938e-09
2.79762451133e-09	-2.16494092098e-09
2.79883090396e-09	-1.87657006601e-09
2.80003729659e-09	-1.41814662791e-09
2.80124368922e-09	-7.9601721048e-10
2.80245008185e-09	-5.61913762048e-11
2.80365647448e-09	7.21617723909e-10
2.80486286712e-09	1.44652442802e-09
2.80606925975e-09	2.04125988335e-09
2.80727565238e-09	2.46045750441e-09
2.80848204501e-09	2.69568600775e-09
2.80968843764e-09	2.76645978348e-09
2.81089483027e-09	2.70046113249e-09
2.8121012229e-09	2.51787063421e-09
2.81330761553e-09	2.2244959208e-09
2.81451400816e-09	1.81550280365e-09
2.81572040079e-09	1.29208324595e-09
2.81692679343e-09	6.7423602812e-10
2.81813318606e-09	7.46859692147e-12
2.81933957869e-09	-6.45198755533e-10
2.82054597132e-09	-1.22034965466e-09
2.82175236395e-09	-1.67531280515e-09
2.82295875658e-09	-1.9984291999e-09
2.82416514921e-09	-2.20801482653e-09
2.82537154184e-09	-2.33684838147e-09
2.82657793447e-09	-2.40895620118e-09
2.8277843271e-09	-2.42570857845e-09
2.82899071974e-09	-2.36011366006e-09
2.83019711237e-09	-2.17027720795e-09
2.831403505e-09	-1.82094803125e-09
2.83260989763e-09	-1.3053536585e-09
2.83381629026e-09	-6.54823154034e-10
2.83502268289e-09	6.45951434702e-11
2.83622907552e-09	7.73409947197e-10
2.83743546815e-09	1.40057498932e-09
2.83864186078e-09	1.90112842136e-09
2.83984825341e-09	2.2619610629e-09
2.84105464605e-09	2.49175174938e-09
2.84226103868e-09	2.60474847247e-09
2.84346743131e-09	2.60606619618e-09
2.84467382394e-09	2.48681403248e-09
2.84588021657e-09	2.23105878217e-09
2.8470866092e-09	1.83293280553e-09
2.84829300183e-09	1.30879201921e-09
2.84949939446e-09	7.03398714275e-10
2.85070578709e-09	8.16236227913e-11
2.85191217972e-09	-4.91213722476e-10
2.85311857236e-09	-9.69610502999e-10
2.85432496499e-09	-1.33972574701e-09
2.85553135762e-09	-1.62025545758e-09
2.85673775025e-09	-1.84542761628e-09
2.85794414288e-09	-2.04323288844e-09
2.85915053551e-09	-2.21870161132e-09
2.86035692814e-09	-2.34531233323e-09
2.86156332077e-09	-2.37607061804e-09
2.8627697134e-09	-2.26307711459e-09
2.86397610604e-09	-1.97934807433e-09
2.86518249867e-09	-1.53244575363e-09
2.8663888913e-09	-9.64117050084e-10
2.86759528393e-09	-3.34711543204e-10
2.86880167656e-09	2.95726318433e-10
2.87000806919e-09	8.84027615e-10
2.87121446182e-09	1.41005229715e-09
2.87242085445e-09	1.86781348721e-09
2.87362724708e-09	2.25224483508e-09
2.87483363971e-09	2.54559401336e-09
2.87604003235e-09	2.71550537612e-09
2.87724642498e-09	2.72245997968e-09
2.87845281761e-09	2.53952570084e-09
2.87965921024e-09	2.16627635274e-09
2.88086560287e-09	1.63794958152e-09
2.8820719955e-09	1.01827866972e-09
2.88327838813e-09	3.80653841781e-10
2.88448478076e-09	-2.12366898372e-10
2.88569117339e-09	-7.26735296941e-10
2.88689756602e-09	-1.15932916045e-09
2.88810395866e-09	-1.52761267525e-09
2.88931035129e-09	-1.85083640081e-09
2.89051674392e-09	-2.13400314086e-09
2.89172313655e-09	-2.357791129e-09
2.89292952918e-09	-2.48602000097e-09
2.89413592181e-09	-2.479018546e-09
2.89534231444e-09	-2.31177227361e-09
2.89654870707e-09	-1.98567884357e-09
2.8977550997e-09	-1.52906562412e-09
2.89896149233e-09	-9.87671083807e-10
2.90016788497e-09	-4.09090476772e-10
2.9013742776e-09	1.69772348957e-10
2.90258067023e-09	7.27880422602e-10
2.90378706286e-09	1.25394483685e-09
2.90499345549e-09	1.73700753781e-09
2.90619984812e-09	2.15555695515e-09
2.90740624075e-09	2.47428655342e-09
2.90861263338e-09	2.65095856378e-09
2.90981902601e-09	2.65034094671e-09
2.91102541864e-09	2.45773273955e-09
2.91223181128e-09	2.0897650832e-09
2.91343820391e-09	1.590822446e-09
2.91464459654e-09	1.02104838473e-09
2.91585098917e-09	4.40416203507e-10
2.9170573818e-09	-1.08023270884e-10
2.91826377443e-09	-6.03190053461e-10
2.91947016706e-09	-1.04302733117e-09
2.92067655969e-09	-1.43313411138e-09
2.92188295232e-09	-1.7741291769e-09
2.92308934495e-09	-2.05369032891e-09
2.92429573759e-09	-2.24888740963e-09
2.92550213022e-09	-2.3323707965e-09
2.92670852285e-09	-2.28512192502e-09
2.92791491548e-09	-2.10423170555e-09
2.92912130811e-09	-1.8038076588e-09
2.93032770074e-09	-1.41102088347e-09
2.93153409337e-09	-9.55361095789e-10
2.932740486e-09	-4.61876724367e-10
2.93394687863e-09	5.3338401404e-11
2.93515327127e-09	5.7763493988e-10
2.9363596639e-09	1.0971872022e-09
2.93756605653e-09	1.58798676986e-09
2.93877244916e-09	2.01536934363e-09
2.93997884179e-09	2.33755748091e-09
2.94118523442e-09	2.51544024499e-09
2.94239162705e-09	2.52338416828e-09
2.94359801968e-09	2.35697478201e-09
2.94480441231e-09	2.03404992849e-09
2.94601080494e-09	1.58936749872e-09
2.94721719758e-09	1.06621692031e-09
2.94842359021e-09	5.06094798014e-10
2.94962998284e-09	-5.59018968269e-11
2.95083637547e-09	-5.94130064591e-10
2.9520427681e-09	-1.08839097457e-09
2.95324916073e-09	-1.52059748126e-09
2.95445555336e-09	-1.87224791226e-09
2.95566194599e-09	-2.12389944521e-09
2.95686833862e-09	-2.25892909933e-09
2.95807473125e-09	-2.2678764422e-09
2.95928112389e-09	-2.15145007365e-09
2.96048751652e-09	-1.9209327462e-09
2.96169390915e-09	-1.59578938952e-09
2.96290030178e-09	-1.19823190259e-09
2.96410669441e-09	-7.49900322394e-10
2.96531308704e-09	-2.69040623113e-10
2.96651947967e-09	2.28091316667e-10
2.9677258723e-09	7.246184347e-10
2.96893226493e-09	1.19902762719e-09
2.97013865756e-09	1.62499452783e-09
2.9713450502e-09	1.97262228774e-09
2.97255144283e-09	2.21247586918e-09
2.97375783546e-09	2.32219249385e-09
2.97496422809e-09	2.28992208529e-09
2.97617062072e-09	2.11683931495e-09
2.97737701335e-09	1.81652207165e-09
2.97858340598e-09	1.41196782044e-09
2.97978979861e-09	9.31393365211e-10
2.98099619124e-09	4.06470024306e-10
2.98220258387e-09	-1.32281675197e-10
2.98340897651e-09	-6.54342385831e-10
2.98461536914e-09	-1.13133236113e-09
2.98582176177e-09	-1.53825585603e-09
2.9870281544e-09	-1.85378343232e-09
2.98823454703e-09	-2.0624834618e-09
2.98944093966e-09	-2.15629020195e-09
2.99064733229e-09	-2.13480494393e-09
2.99185372492e-09	-2.00406433115e-09
2.99306011755e-09	-1.77633877052e-09
2.99426651019e-09	-1.46622611275e-09
2.99547290282e-09	-1.09055359188e-09
2.99667929545e-09	-6.65867583294e-10
2.99788568808e-09	-2.08581096839e-10
2.99909208071e-09	2.64235609088e-10
3.00029847334e-09	7.33637137151e-10
3.00150486597e-09	1.17821025158e-09
3.0027112586e-09	1.57425675273e-09
3.00391765123e-09	1.89686566454e-09
3.00512404386e-09	2.12313064352e-09
3.0063304365e-09	2.23442564451e-09
3.00753682913e-09	2.2203830996e-09
3.00874322176e-09	2.0794165001e-09
3.00994961439e-09	1.81904707963e-09
3.01115600702e-09	1.45478482039e-09
3.01236239965e-09	1.00720327911e-09
3.01356879228e-09	5.00864030806e-10
3.01477518491e-09	-3.7058136941e-11
3.01598157754e-09	-5.77488168396e-10
3.01718797017e-09	-1.09008048421e-09
3.01839436281e-09	-1.54375801031e-09
3.01960075544e-09	-1.91002230698e-09
3.02080714807e-09	-2.1650448101e-09
3.0220135407e-09	-2.29340102464e-09
3.02321993333e-09	-2.29016233755e-09
3.02442632596e-09	-2.16092133076e-09
3.02563271859e-09	-1.91988230869e-09
3.02683911122e-09	-1.58683760576e-09
3.02804550385e-09	-1.18270992999e-09
3.02925189648e-09	-7.27016835622e-10
3.03045828912e-09	-2.37511454948e-10
3.03166468175e-09	2.68709107049e-10
3.03287107438e-09	7.72267222393e-10
3.03407746701e-09	1.24960722325e-09
3.03528385964e-09	1.67272970475e-09
3.03649025227e-09	2.01248834264e-09
3.0376966449e-09	2.24253726699e-09
3.03890303753e-09	2.34598945825e-09
3.04010943016e-09	2.31719821109e-09
3.04131582279e-09	2.16235659933e-09
3.04252221543e-09	1.89632765046e-09
3.04372860806e-09	1.53756857246e-09
3.04493500069e-09	1.10349110405e-09
3.04614139332e-09	6.10182654404e-10
3.04734778595e-09	7.37020045688e-11
3.04855417858e-09	-4.85767592817e-10
3.04976057121e-09	-1.03946529162e-09
3.05096696384e-09	-1.55118559664e-09
3.05217335647e-09	-1.98007543695e-09
3.0533797491e-09	-2.28919172507e-09
3.05458614174e-09	-2.45414494282e-09
3.05579253437e-09	-2.46779341406e-09
3.056998927e-09	-2.34051372727e-09
3.05820531963e-09	-2.09441541887e-09
3.05941171226e-09	-1.75512515632e-09
3.06061810489e-09	-1.34403840835e-09
3.06182449752e-09	-8.7612198052e-10
3.06303089015e-09	-3.61868160437e-10
3.06423728278e-09	1.85369927741e-10
3.06544367542e-09	7.43858377672e-10
3.06665006805e-09	1.28042754177e-09
3.06785646068e-09	1.75427941618e-09
3.06906285331e-09	2.12557338397e-09
3.07026924594e-09	2.3649310843e-09
3.07147563857e-09	2.46042664021e-09
3.0726820312e-09	2.41807257551e-09
3.07388842383e-09	2.25679541721e-09
3.07509481646e-09	1.99807220769e-09
3.07630120909e-09	1.65864547097e-09
3.07750760173e-09	1.24650173516e-09
3.07871399436e-09	7.64851779134e-10
3.07992038699e-09	2.20156379238e-10
3.08112677962e-09	-3.69080363494e-10
3.08233317225e-09	-9.67897956228e-10
3.08353956488e-09	-1.52755588734e-09
3.08474595751e-09	-1.99608271578e-09
3.08595235014e-09	-2.33063235378e-09
3.08715874277e-09	-2.50820697545e-09
3.0883651354e-09	-2.5291044814e-09
3.08957152804e-09	-2.41181286054e-09
3.09077792067e-09	-2.18264539775e-09
3.0919843133e-09	-1.86454895967e-09
3.09319070593e-09	-1.47106288262e-09
3.09439709856e-09	-1.00774615042e-09
3.09560349119e-09	-4.80441866846e-10
3.09680988382e-09	9.49028598762e-11
3.09801627645e-09	6.86336473765e-10
3.09922266908e-09	1.24782861821e-09
3.10042906171e-09	1.72882691496e-09
3.10163545435e-09	2.08808786928e-09
3.10284184698e-09	2.30449936911e-09
3.10404823961e-09	2.38048442069e-09
3.10525463224e-09	2.33636771041e-09
3.10646102487e-09	2.19765511345e-09
3.1076674175e-09	1.9833178988e-09
3.10887381013e-09	1.69851871457e-09
3.11008020276e-09	1.33749791797e-09
3.11128659539e-09	8.93457571816e-10
3.11249298802e-09	3.70660190041e-10
3.11369938066e-09	-2.06533845581e-10
3.11490577329e-09	-7.94677060267e-10
3.11611216592e-09	-1.33977109962e-09
3.11731855855e-09	-1.79203485384e-09
3.11852495118e-09	-2.11775921799e-09
3.11973134381e-09	-2.30644314758e-09
3.12093773644e-09	-2.36613667548e-09
3.12214412907e-09	-2.31449248655e-09
3.1233505217e-09	-2.16657908281e-09
3.12455691433e-09	-1.92839272328e-09
3.12576330697e-09	-1.59756105567e-09
3.1269696996e-09	-1.17146237155e-09
3.12817609223e-09	-6.58259308173e-10
3.12938248486e-09	-8.40746673669e-11
3.13058887749e-09	5.0680753344e-10
3.13179527012e-09	1.06121465782e-09
3.13300166275e-09	1.53002313596e-09
3.13420805538e-09	1.88124746336e-09
3.13541444801e-09	2.10520029187e-09
3.13662084065e-09	2.21153401148e-09
3.13782723328e-09	2.21894685959e-09
3.13903362591e-09	2.14275505672e-09
3.14024001854e-09	1.98747812652e-09
3.14144641117e-09	1.74659148255e-09
3.1426528038e-09	1.41064712689e-09
3.14385919643e-09	9.78645553484e-10
3.14506558906e-09	4.66877744798e-10
3.14627198169e-09	-8.96441167825e-11
3.14747837432e-09	-6.43313943782e-10
3.14868476696e-09	-1.14646661609e-09
3.14989115959e-09	-1.56313706423e-09
3.15109755222e-09	-1.87503232385e-09
3.15230394485e-09	-2.0802490841e-09
3.15351033748e-09	-2.18527956841e-09
3.15471673011e-09	-2.19499068921e-09
3.15592312274e-09	-2.10706785353e-09
3.15712951537e-09	-1.91351148815e-09
3.158335908e-09	-1.60724744624e-09
3.15954230063e-09	-1.19272891563e-09
3.16074869327e-09	-6.91918980444e-10
3.1619550859e-09	-1.44224306109e-10
3.16316147853e-09	4.01872160549e-10
3.16436787116e-09	9.00002905535e-10
3.16557426379e-09	1.31735330977e-09
3.16678065642e-09	1.63857730162e-09
3.16798704905e-09	1.86405485492e-09
3.16919344168e-09	2.00120744975e-09
3.17039983431e-09	2.05523331687e-09
3.17160622694e-09	2.02417246853e-09
3.17281261958e-09	1.89953613949e-09
3.17401901221e-09	1.67326819067e-09
3.17522540484e-09	1.34538344354e-09
3.17643179747e-09	9.31287158501e-10
3.1776381901e-09	4.59862758984e-10
3.17884458273e-09	-3.14494923159e-11
3.18005097536e-09	-5.06668679234e-10
3.18125736799e-09	-9.38729108335e-10
3.18246376062e-09	-1.31275265658e-09
3.18367015325e-09	-1.62253191438e-09
3.18487654589e-09	-1.86360474275e-09
3.18608293852e-09	-2.02684299899e-09
3.18728933115e-09	-2.09596770495e-09
3.18849572378e-09	-2.05195097025e-09
3.18970211641e-09	-1.88069060325e-09
3.19090850904e-09	-1.5824519195e-09
3.19211490167e-09	-1.17565090996e-09
3.1933212943e-09	-6.95581328647e-10
3.19452768693e-09	-1.85503265526e-10
3.19573407956e-09	3.13953800457e-10
3.1969404722e-09	7.72569730412e-10
3.19814686483e-09	1.17394621801e-09
3.19935325746e-09	1.51117807157e-09
3.20055965009e-09	1.77953252134e-09
3.20176604272e-09	1.96941443709e-09
3.20297243535e-09	2.06537481562e-09
3.20417882798e-09	2.04909178514e-09
3.20538522061e-09	1.90861387805e-09
3.20659161324e-09	1.64571822836e-09
3.20779800588e-09	1.27928045934e-09
3.20900439851e-09	8.41751210401e-10
3.21021079114e-09	3.71276280553e-10
3.21141718377e-09	-9.91136964168e-11
3.2126235764e-09	-5.47015946428e-10
3.21382996903e-09	-9.60834967145e-10
3.21503636166e-09	-1.33464986285e-09
3.21624275429e-09	-1.65931829388e-09
3.21744914692e-09	-1.91724944254e-09
3.21865553955e-09	-2.08232289745e-09
3.21986193219e-09	-2.12676320999e-09
3.22106832482e-09	-2.03090999573e-09
3.22227471745e-09	-1.79333237149e-09
3.22348111008e-09	-1.43302100741e-09
3.22468750271e-09	-9.8658063663e-10
3.22589389534e-09	-4.97586027937e-10
3.22710028797e-09	-5.70892898927e-12
3.2283066806e-09	4.6129479403e-10
3.22951307323e-09	8.88275994426e-10
3.23071946586e-09	1.26766067088e-09
3.2319258585e-09	1.59166732572e-09
3.23313225113e-09	1.84536788628e-09
3.23433864376e-09	2.00737068634e-09
3.23554503639e-09	2.05482630911e-09
3.23675142902e-09	1.97341482044e-09
3.23795782165e-09	1.76436390498e-09
3.23916421428e-09	1.44782177913e-09
3.24037060691e-09	1.05739811351e-09
3.24157699954e-09	6.30392835155e-10
3.24278339217e-09	1.97687838321e-10
3.24398978481e-09	-2.22820137341e-10
3.24519617744e-09	-6.24866866583e-10
3.24640257007e-09	-1.00686001203e-09
3.2476089627e-09	-1.36216804503e-09
3.24881535533e-09	-1.67328209622e-09
3.25002174796e-09	-1.91116328319e-09
3.25122814059e-09	-2.04355887767e-09
3.25243453322e-09	-2.04553921024e-09
3.25364092585e-09	-1.90922946897e-09
3.25484731848e-09	-1.64762270494e-09
3.25605371112e-09	-1.29052518671e-09
3.25726010375e-09	-8.7488143119e-10
3.25846649638e-09	-4.33655202026e-10
3.25967288901e-09	1.02503257618e-11
3.26087928164e-09	4.44823226864e-10
3.26208567427e-09	8.62424132109e-10
3.2632920669e-09	1.25229449033e-09
3.26449845953e-09	1.59479007777e-09
3.26570485216e-09	1.86228965582e-09
3.26691124479e-09	2.02522437709e-09
3.26811763743e-09	2.06250125312e-09
3.26932403006e-09	1.96870489355e-09
3.27053042269e-09	1.75706155181e-09
3.27173681532e-09	1.45454029377e-09
3.27294320795e-09	1.09277276117e-09
3.27414960058e-09	6.9800124014e-10
3.27535599321e-09	2.85796220023e-10
3.27656238584e-09	-1.37599570627e-10
3.27776877847e-09	-5.69074426471e-10
3.27897517111e-09	-9.99026666948e-10
3.28018156374e-09	-1.40613290456e-09
3.28138795637e-09	-1.75731745822e-09
3.282594349e-09	-2.01525734989e-09
3.28380074163e-09	-2.14826595402e-09
3.28500713426e-09	-2.14071635418e-09
3.28621352689e-09	-1.99646155163e-09
3.28741991952e-09	-1.73612249577e-09
3.28862631215e-09	-1.38882222389e-09
3.28983270478e-09	-9.82855880016e-10
3.29103909742e-09	-5.39572775349e-10
3.29224549005e-09	-7.2978087115e-11
3.29345188268e-09	4.04608312132e-10
3.29465827531e-09	8.77104291974e-10
3.29586466794e-09	1.31885888321e-09
3.29707106057e-09	1.69659314375e-09
3.2982774532e-09	1.97605984353e-09
3.29948384583e-09	2.13095102675e-09
3.30069023846e-09	2.15083573174e-09
3.30189663109e-09	2.04351754962e-09
3.30310302373e-09	1.83049772562e-09
3.30430941636e-09	1.53862861341e-09
3.30551580899e-09	1.19152057665e-09
3.30672220162e-09	8.03585073483e-10
3.30792859425e-09	3.82105964924e-10
3.30913498688e-09	-6.78205764118e-11
3.31034137951e-09	-5.35306424188e-10
3.31154777214e-09	-9.98941956931e-10
3.31275416477e-09	-1.42702058503e-09
3.3139605574e-09	-1.78349537916e-09
3.31516695004e-09	-2.03622907424e-09
3.31637334267e-09	-2.16511689133e-09
3.3175797353e-09	-2.16560033794e-09
3.31878612793e-09	-2.04643835211e-09
3.31999252056e-09	-1.82453657738e-09
3.32119891319e-09	-1.51791873515e-09
3.32240530582e-09	-1.14176659793e-09
3.32361169845e-09	-7.08272204775e-10
3.32481809108e-09	-2.3059956028e-10
3.32602448371e-09	2.72676062285e-10
3.32723087635e-09	7.73975258883e-10
3.32843726898e-09	1.23917429096e-09
3.32964366161e-09	1.63208030424e-09
3.33085005424e-09	1.92286001011e-09
3.33205644687e-09	2.09415940144e-09
3.3332628395e-09	2.14343154337e-09
3.33446923213e-09	2.08047293282e-09
3.33567562476e-09	1.92166033086e-09
3.33688201739e-09	1.68290875679e-09
3.33808841002e-09	1.37565547842e-09
3.33929480266e-09	1.00736030628e-09
3.34050119529e-09	5.84333512132e-10
3.34170758792e-09	1.1793557797e-10
3.34291398055e-09	-3.72066537302e-10
3.34412037318e-09	-8.57335036297e-10
3.34532676581e-09	-1.30472385673e-09
3.34653315844e-09	-1.6819270976e-09
3.34773955107e-09	-1.96406299557e-09
3.3489459437e-09	-2.13652040504e-09
3.35015233634e-09	-2.19413837099e-09
3.35135872897e-09	-2.13922074499e-09
3.3525651216e-09	-1.97657984424e-09
3.35377151423e-09	-1.71232489299e-09
3.35497790686e-09	-1.35446023841e-09
3.35618429949e-09	-9.15582387684e-10
3.35739069212e-09	-4.15686408906e-10
