% time-domain current integration by openEMS v0.37.0-rc1-2-g7b051bb @Sat Aug  8 19:38:33 2026
% start-coordinates: (0.00110023,0.00417626,-0.000762) m -> [54,97,14]
% stop-coordinates: (0.0018961,0.00497213,-0.000762) m -> [65,108,14]
% t/s	current
6.70218128343e-14	0
1.27341444385e-12	0
2.47980707487e-12	0
3.68619970589e-12	0
4.8925923369e-12	0
6.09898496792e-12	0
7.30537759894e-12	0
8.51177022996e-12	0
9.71816286097e-12	0
1.0924555492e-11	0
1.2130948123e-11	0
1.3337340754e-11	0
1.4543733385e-11	0
1.57501260161e-11	0
1.69565186471e-11	0
1.81629112781e-11	0
1.93693039091e-11	0
2.05756965401e-11	0
2.17820891711e-11	0
2.29884818022e-11	0
2.41948744332e-11	0
2.54012670642e-11	0
2.66076596952e-11	0
2.78140523262e-11	0
2.90204449573e-11	0
3.02268375883e-11	0
3.14332302193e-11	0
3.26396228503e-11	0
3.38460154813e-11	0
3.50524081123e-11	0
3.62588007434e-11	0
3.74651933744e-11	0
3.86715860054e-11	0
3.98779786364e-11	0
4.10843712674e-11	0
4.22907638984e-11	1.45183821042e-36
4.34971565295e-11	5.10765244237e-34
4.47035491605e-11	7.94074763394e-32
4.59099417915e-11	9.03208331307e-30
4.71163344225e-11	7.62653139427e-28
4.83227270535e-11	4.83252061345e-26
4.95291196845e-11	2.32032509547e-24
5.07355123156e-11	8.51693486995e-23
5.19419049466e-11	2.40933094928e-21
5.31482975776e-11	5.29264761788e-20
5.43546902086e-11	9.09374551493e-19
5.55610828396e-11	1.23072299049e-17
5.67674754706e-11	1.32121390253e-16
5.79738681017e-11	1.133087832e-15
5.91802607327e-11	7.81857319501e-15
6.03866533637e-11	4.3705656634e-14
6.15930459947e-11	1.99071892326e-13
6.27994386257e-11	7.41181801264e-13
6.40058312568e-11	2.24974617928e-12
6.52122238878e-11	5.47777448401e-12
6.64186165188e-11	1.01296774788e-11
6.76250091498e-11	1.1302416468e-11
6.88314017808e-11	-7.32331816716e-12
7.00377944118e-11	-8.27590218577e-11
7.12441870429e-11	-2.80891893079e-10
7.24505796739e-11	-6.96743218676e-10
7.36569723049e-11	-1.43591372126e-09
7.48633649359e-11	-2.56191512449e-09
7.60697575669e-11	-3.99495458936e-09
7.72761501979e-11	-5.36409450191e-09
7.8482542829e-11	-5.85047210677e-09
7.968893546e-11	-4.10275191598e-09
8.0895328091e-11	1.66333502527e-09
8.2101720722e-11	1.32742812298e-08
8.3308113353e-11	3.18798747401e-08
8.4514505984e-11	5.70276554868e-08
8.57208986151e-11	8.58578275142e-08
8.69272912461e-11	1.12866672453e-07
8.81336838771e-11	1.30603496018e-07
8.93400765081e-11	1.31379522372e-07
9.05464691391e-11	1.09662835257e-07
9.17528617702e-11	6.4406847855e-08
9.29592544012e-11	3.03023134363e-10
9.41656470322e-11	-7.28353768409e-08
9.53720396632e-11	-1.42593250985e-07
9.65784322942e-11	-1.97530980017e-07
9.77848249252e-11	-2.3051319431e-07
9.89912175563e-11	-2.40579169031e-07
1.00197610187e-10	-2.32667247246e-07
1.01404002818e-10	-2.15354177158e-07
1.02610395449e-10	-1.97649683287e-07
1.0381678808e-10	-1.86204530905e-07
1.05023180711e-10	-1.83840967338e-07
1.06229573342e-10	-1.89573484022e-07
1.07435965973e-10	-1.99749791818e-07
1.08642358604e-10	-2.09625980574e-07
1.09848751235e-10	-2.14681534771e-07
1.11055143866e-10	-2.11363811786e-07
1.12261536497e-10	-1.97405626068e-07
1.13467929128e-10	-1.71976992647e-07
1.14674321759e-10	-1.35871630391e-07
1.1588071439e-10	-9.17999543049e-08
1.17087107022e-10	-4.45438921304e-08
1.18293499653e-10	-4.98263597049e-10
1.19499892284e-10	3.35697443177e-08
1.20706284915e-10	5.22399155045e-08
1.21912677546e-10	5.31378319124e-08
1.23119070177e-10	3.79990190424e-08
1.24325462808e-10	1.24521619682e-08
1.25531855439e-10	-1.55434598526e-08
1.2673824807e-10	-3.79522013816e-08
1.27944640701e-10	-4.88706817237e-08
1.29151033332e-10	-4.61500597737e-08
1.30357425963e-10	-3.18389119514e-08
1.31563818594e-10	-1.12078302195e-08
1.32770211225e-10	9.14567532817e-09
1.33976603856e-10	2.34092709661e-08
1.35182996487e-10	2.83620327224e-08
1.36389389118e-10	2.42643949377e-08
1.37595781749e-10	1.44059049134e-08
1.3880217438e-10	3.63841712314e-09
1.40008567011e-10	-3.42528805319e-09
1.41214959642e-10	-4.00097777131e-09
1.42421352273e-10	2.0092554287e-09
1.43627744904e-10	1.2212603373e-08
1.44834137535e-10	2.27271979014e-08
1.46040530166e-10	2.95350357504e-08
1.47246922797e-10	2.98238198582e-08
1.48453315428e-10	2.28695391513e-08
1.49659708059e-10	1.01664276997e-08
1.5086610069e-10	-5.07998576538e-09
1.52072493321e-10	-1.89227851166e-08
1.53278885952e-10	-2.7932113511e-08
1.54485278583e-10	-3.02502449756e-08
1.55691671214e-10	-2.60250345718e-08
1.56898063845e-10	-1.71950738093e-08
1.58104456476e-10	-6.75067735045e-09
1.59310849107e-10	2.28505236954e-09
1.60517241738e-10	7.7276416377e-09
1.61723634369e-10	8.74998029587e-09
1.62930027e-10	5.98258331763e-09
1.64136419631e-10	1.0716466603e-09
1.65342812262e-10	-4.06865963143e-09
1.66549204893e-10	-7.86332154945e-09
1.67755597524e-10	-9.49860901045e-09
1.68961990155e-10	-9.14209064007e-09
1.70168382786e-10	-7.69603580864e-09
1.71374775417e-10	-6.27361451677e-09
1.72581168048e-10	-5.77180836459e-09
1.73787560679e-10	-6.49801012997e-09
1.7499395331e-10	-7.95494692341e-09
1.76200345941e-10	-9.10128949982e-09
1.77406738572e-10	-8.82015527282e-09
1.78613131203e-10	-6.31682484098e-09
1.79819523834e-10	-1.56968704701e-09
1.81025916465e-10	4.46544978772e-09
1.82232309096e-10	1.02528394663e-08
1.83438701727e-10	1.4246914759e-08
1.84645094358e-10	1.53468313613e-08
1.8585148699e-10	1.33956570281e-08
1.87057879621e-10	9.3298595516e-09
1.88264272252e-10	4.68494221195e-09
1.89470664883e-10	9.79977987647e-10
1.90677057514e-10	-7.13155923204e-10
1.91883450145e-10	-1.51890902633e-10
1.93089842776e-10	2.01696992441e-09
1.94296235407e-10	4.64920546506e-09
1.95502628038e-10	6.55662635296e-09
1.96709020669e-10	6.84427625686e-09
1.979154133e-10	5.15955900227e-09
1.99121805931e-10	1.73410541482e-09
2.00328198562e-10	-2.77177170105e-09
2.01534591193e-10	-7.47295558767e-09
2.02740983824e-10	-1.14745688506e-08
2.03947376455e-10	-1.40458507047e-08
2.05153769086e-10	-1.47617278401e-08
2.06360161717e-10	-1.35978206472e-08
2.07566554348e-10	-1.08825677358e-08
2.08772946979e-10	-7.16422166036e-09
2.0997933961e-10	-3.09311132263e-09
2.11185732241e-10	7.64175112078e-10
2.12392124872e-10	4.06043376699e-09
2.13598517503e-10	6.59100241052e-09
2.14804910134e-10	8.1947355568e-09
2.16011302765e-10	8.69956640059e-09
2.17217695396e-10	7.85272380455e-09
2.18424088027e-10	5.41487477079e-09
2.19630480658e-10	1.37150002466e-09
2.20836873289e-10	-3.97384791739e-09
2.2204326592e-10	-9.91749260493e-09
2.23249658551e-10	-1.5392378927e-08
2.24456051182e-10	-1.9328476597e-08
2.25662443813e-10	-2.09772093029e-08
2.26868836444e-10	-2.00636982584e-08
2.28075229075e-10	-1.69801754879e-08
2.29281621706e-10	-1.26908581422e-08
2.30488014337e-10	-8.28136759168e-09
2.31694406968e-10	-4.69787941881e-09
2.32900799599e-10	-2.5678434934e-09
2.3410719223e-10	-1.95377047874e-09
2.35313584861e-10	-2.47991782665e-09
2.36519977492e-10	-3.64020191768e-09
2.37726370123e-10	-4.88075357907e-09
2.38932762754e-10	-5.79527226208e-09
2.40139155385e-10	-6.32529184585e-09
2.41345548016e-10	-6.61169829996e-09
2.42551940647e-10	-6.88685153349e-09
2.43758333278e-10	-7.45738937269e-09
2.44964725909e-10	-8.45139780381e-09
2.4617111854e-10	-9.71820757201e-09
2.47377511171e-10	-1.09828297568e-08
2.48583903802e-10	-1.1856101878e-08
2.49790296433e-10	-1.19179297542e-08
2.50996689064e-10	-1.09472910736e-08
2.52203081695e-10	-8.92304097277e-09
2.53409474326e-10	-5.9653935125e-09
2.54615866957e-10	-2.36852293334e-09
2.55822259589e-10	1.52478030202e-09
2.5702865222e-10	5.40933120519e-09
2.58235044851e-10	8.96080898372e-09
2.59441437482e-10	1.18814167394e-08
2.60647830113e-10	1.39187292802e-08
2.61854222744e-10	1.48022332169e-08
2.63060615375e-10	1.43375835648e-08
2.64267008006e-10	1.2477663347e-08
2.65473400637e-10	9.29790822113e-09
2.66679793268e-10	5.08139974542e-09
2.67886185899e-10	3.1378377674e-10
2.6909257853e-10	-4.47287717975e-09
2.70298971161e-10	-8.73029470938e-09
2.71505363792e-10	-1.19360201722e-08
2.72711756423e-10	-1.3752332606e-08
2.73918149054e-10	-1.40321914088e-08
2.75124541685e-10	-1.2779715064e-08
2.76330934316e-10	-1.0221087976e-08
2.77537326947e-10	-6.77269618166e-09
2.78743719578e-10	-2.91738189162e-09
2.79950112209e-10	8.31448465632e-10
2.8115650484e-10	4.00072552864e-09
2.82362897471e-10	6.28050011997e-09
2.83569290102e-10	7.54008588899e-09
2.84775682733e-10	7.7700086365e-09
2.85982075364e-10	7.0494992066e-09
2.87188467995e-10	5.494340094e-09
2.88394860626e-10	3.20090531858e-09
2.89601253257e-10	2.91323964952e-10
2.90807645888e-10	-2.98807711907e-09
2.92014038519e-10	-6.23568663372e-09
2.9322043115e-10	-8.90032580969e-09
2.94426823781e-10	-1.03412638452e-08
2.95633216412e-10	-1.00426769123e-08
2.96839609043e-10	-7.84179920998e-09
2.98046001674e-10	-4.02286337575e-09
2.99252394305e-10	6.73722855282e-10
3.00458786936e-10	5.20700149664e-09
3.01665179567e-10	8.57430570989e-09
3.02871572198e-10	1.00959756111e-08
3.04077964829e-10	9.58848822563e-09
3.0528435746e-10	7.42108507978e-09
3.06490750091e-10	4.32453228782e-09
3.07697142722e-10	1.08984365976e-09
3.08903535353e-10	-1.650848791e-09
3.10109927984e-10	-3.59127927396e-09
3.11316320615e-10	-4.76935690941e-09
3.12522713246e-10	-5.4041571218e-09
3.13729105877e-10	-5.74398484332e-09
3.14935498508e-10	-5.94584559366e-09
3.16141891139e-10	-6.00370464454e-09
3.1734828377e-10	-5.82871351185e-09
3.18554676401e-10	-5.35055466599e-09
3.19761069032e-10	-4.55200943605e-09
3.20967461663e-10	-3.50184925502e-09
3.22173854294e-10	-2.32069030659e-09
3.23380246925e-10	-1.09658937486e-09
3.24586639556e-10	1.22409304915e-10
3.25793032188e-10	1.3046985714e-09
3.26999424819e-10	2.39987518746e-09
3.2820581745e-10	3.28314997411e-09
3.29412210081e-10	3.75854414258e-09
3.30618602712e-10	3.62020302624e-09
3.31824995343e-10	2.73787459371e-09
3.33031387974e-10	1.14780496219e-09
3.34237780605e-10	-9.21638654283e-10
3.35444173236e-10	-3.07666381261e-09
3.36650565867e-10	-4.83792605976e-09
3.37856958498e-10	-5.79222225738e-09
3.39063351129e-10	-5.68975444537e-09
3.4026974376e-10	-4.50933779206e-09
3.41476136391e-10	-2.50982412631e-09
3.42682529022e-10	-1.23707405431e-10
3.43888921653e-10	2.18135842722e-09
3.45095314284e-10	3.96682819925e-09
3.46301706915e-10	4.98956920225e-09
3.47508099546e-10	5.26169063875e-09
3.48714492177e-10	4.91629048582e-09
3.49920884808e-10	4.1818339902e-09
3.51127277439e-10	3.28730132004e-09
3.5233367007e-10	2.26525309621e-09
3.53540062701e-10	1.04211461682e-09
3.54746455332e-10	-4.45430053952e-10
3.55952847963e-10	-2.25872986981e-09
3.57159240594e-10	-4.25485247035e-09
3.58365633225e-10	-6.0314131467e-09
3.59572025856e-10	-7.15910219995e-09
3.60778418487e-10	-7.26187421307e-09
3.61984811118e-10	-6.16263751141e-09
3.63191203749e-10	-4.10958422847e-09
3.6439759638e-10	-1.62728674979e-09
3.65603989011e-10	6.79677925053e-10
3.66810381642e-10	2.2359210039e-09
3.68016774273e-10	2.79460898867e-09
3.69223166904e-10	2.50829401693e-09
3.70429559535e-10	1.73392133984e-09
3.71635952166e-10	9.53804590864e-10
3.72842344797e-10	5.57858870209e-10
3.74048737428e-10	6.13198491983e-10
3.75255130059e-10	9.72636748919e-10
3.7646152269e-10	1.35645183974e-09
3.77667915321e-10	1.43293965582e-09
3.78874307952e-10	1.07165443186e-09
3.80080700583e-10	3.6234992784e-10
3.81287093214e-10	-4.97912600039e-10
3.82493485845e-10	-1.21845711298e-09
3.83699878476e-10	-1.57709356685e-09
3.84906271107e-10	-1.54741586211e-09
3.86112663738e-10	-1.22123589019e-09
3.87319056369e-10	-7.7869488635e-10
3.88525449e-10	-4.18117401813e-10
3.89731841631e-10	-2.31496891101e-10
3.90938234262e-10	-2.0693133318e-10
3.92144626893e-10	-2.60340055069e-10
3.93351019524e-10	-2.92835977689e-10
3.94557412156e-10	-2.77281031469e-10
3.95763804787e-10	-2.51388854178e-10
3.96970197418e-10	-3.11796977126e-10
3.98176590049e-10	-5.52482282146e-10
3.9938298268e-10	-9.36880351077e-10
4.00589375311e-10	-1.33236832678e-09
4.01795767942e-10	-1.55238844002e-09
4.03002160573e-10	-1.3715281133e-09
4.04208553204e-10	-7.19864834409e-10
4.05414945835e-10	2.7052560192e-10
4.06621338466e-10	1.37338262984e-09
4.07827731097e-10	2.24415130923e-09
4.09034123728e-10	2.57907784018e-09
4.10240516359e-10	2.31444485799e-09
4.1144690899e-10	1.53562296212e-09
4.12653301621e-10	4.90371798723e-10
4.13859694252e-10	-4.29136587377e-10
4.15066086883e-10	-9.62520285697e-10
4.16272479514e-10	-1.00941965897e-09
4.17478872145e-10	-5.94757354477e-10
4.18685264776e-10	1.73913314305e-11
4.19891657407e-10	5.17765941233e-10
4.21098050038e-10	7.23600623864e-10
4.22304442669e-10	5.27002275152e-10
4.235108353e-10	3.779518018e-11
4.24717227931e-10	-4.42690467617e-10
4.25923620562e-10	-6.65322685833e-10
4.27130013193e-10	-4.28990482026e-10
4.28336405824e-10	3.22398802099e-10
4.29542798455e-10	1.36011590879e-09
4.30749191086e-10	2.36127095654e-09
4.31955583717e-10	2.98250424358e-09
4.33161976348e-10	2.89183321733e-09
4.34368368979e-10	1.99688199309e-09
4.3557476161e-10	4.17773204919e-10
4.36781154241e-10	-1.59988333692e-09
4.37987546872e-10	-3.63309005103e-09
4.39193939503e-10	-5.26376009446e-09
4.40400332134e-10	-6.19845597072e-09
4.41606724765e-10	-6.21922158217e-09
4.42813117396e-10	-5.31165467166e-09
4.44019510027e-10	-3.64923558038e-09
4.45225902658e-10	-1.46803169621e-09
4.46432295289e-10	8.70520433516e-10
4.4763868792e-10	2.97602165134e-09
4.48845080551e-10	4.55638726748e-09
4.50051473182e-10	5.36217825697e-09
4.51257865813e-10	5.29529442517e-09
4.52464258444e-10	4.47101289325e-09
4.53670651075e-10	3.10227665778e-09
4.54877043706e-10	1.52586843161e-09
4.56083436337e-10	1.15263229516e-10
4.57289828968e-10	-9.09504749291e-10
4.58496221599e-10	-1.45220779846e-09
4.5970261423e-10	-1.57763613284e-09
4.60909006861e-10	-1.52687118504e-09
4.62115399492e-10	-1.50976475766e-09
4.63321792123e-10	-1.65046465384e-09
4.64528184755e-10	-1.98330751822e-09
4.65734577386e-10	-2.35637598323e-09
4.66940970017e-10	-2.56233168017e-09
4.68147362648e-10	-2.46503284451e-09
4.69353755279e-10	-1.98345451174e-09
4.7056014791e-10	-1.18451914943e-09
4.71766540541e-10	-2.63713412219e-10
4.72972933172e-10	5.92135784849e-10
4.74179325803e-10	1.20957321936e-09
4.75385718434e-10	1.48716661208e-09
4.76592111065e-10	1.45186596079e-09
4.77798503696e-10	1.1727578908e-09
4.79004896327e-10	7.42513384111e-10
4.80211288958e-10	2.58197185854e-10
4.81417681589e-10	-2.42572184561e-10
4.8262407422e-10	-7.37651106864e-10
4.83830466851e-10	-1.20207177545e-09
4.85036859482e-10	-1.61332547322e-09
4.86243252113e-10	-1.8974384286e-09
4.87449644744e-10	-1.96153249199e-09
4.88656037375e-10	-1.73524594693e-09
4.89862430006e-10	-1.17422227497e-09
4.91068822637e-10	-3.29699906265e-10
4.92275215268e-10	6.5785632497e-10
4.93481607899e-10	1.61003788079e-09
4.9468800053e-10	2.31092633918e-09
4.95894393161e-10	2.59446775175e-09
4.97100785792e-10	2.40562769704e-09
4.98307178423e-10	1.77201298079e-09
4.99513571054e-10	8.38920877211e-10
5.00719963685e-10	-1.76367948024e-10
5.01926356316e-10	-1.0837507558e-09
5.03132748947e-10	-1.70690672707e-09
5.04339141578e-10	-1.94560145772e-09
5.05545534209e-10	-1.83217829797e-09
5.0675192684e-10	-1.44481127062e-09
5.07958319471e-10	-9.08029762492e-10
5.09164712102e-10	-3.87396836832e-10
5.10371104733e-10	2.3581268882e-11
5.11577497364e-10	2.81767553734e-10
5.12783889995e-10	3.66836394594e-10
5.13990282626e-10	3.31534022457e-10
5.15196675257e-10	2.32043675941e-10
5.16403067888e-10	9.22020099159e-11
5.17609460519e-10	-4.17138233677e-11
5.1881585315e-10	-1.40204459154e-10
5.20022245781e-10	-1.99369215581e-10
5.21228638412e-10	-1.87341919755e-10
5.22435031043e-10	-8.74019884245e-11
5.23641423674e-10	7.2309401522e-11
5.24847816305e-10	2.51582199517e-10
5.26054208936e-10	3.89752397023e-10
5.27260601567e-10	4.03471256405e-10
5.28466994198e-10	2.45673398291e-10
5.29673386829e-10	-6.11100614556e-11
5.3087977946e-10	-4.45835174334e-10
5.32086172091e-10	-7.89075027541e-10
5.33292564722e-10	-9.3736074458e-10
5.34498957354e-10	-7.97486632287e-10
5.35705349985e-10	-3.71294162083e-10
5.36911742616e-10	2.71865807644e-10
5.38118135247e-10	9.60776791459e-10
5.39324527878e-10	1.47888223889e-09
5.40530920509e-10	1.68608393913e-09
5.4173731314e-10	1.51194112785e-09
5.42943705771e-10	9.90308168802e-10
5.44150098402e-10	2.97367658275e-10
5.45356491033e-10	-3.7762540317e-10
5.46562883664e-10	-8.77539541033e-10
5.47769276295e-10	-1.07574738006e-09
5.48975668926e-10	-9.82892434109e-10
5.50182061557e-10	-6.982840417e-10
5.51388454188e-10	-3.20403342746e-10
5.52594846819e-10	1.67825441044e-11
5.5380123945e-10	2.23597529381e-10
5.55007632081e-10	2.96602076233e-10
5.56214024712e-10	2.34012864642e-10
5.57420417343e-10	7.84848505631e-11
5.58626809974e-10	-9.50468662109e-11
5.59833202605e-10	-2.58612992132e-10
5.61039595236e-10	-3.65103197675e-10
5.62245987867e-10	-3.71472769212e-10
5.63452380498e-10	-2.89593266034e-10
5.64658773129e-10	-1.11431613936e-10
5.6586516576e-10	1.46594431039e-10
5.67071558391e-10	4.20574658433e-10
5.68277951022e-10	6.79826417382e-10
5.69484343653e-10	8.64566529479e-10
5.70690736284e-10	8.98266572236e-10
5.71897128915e-10	7.70076169498e-10
5.73103521546e-10	4.63434651765e-10
5.74309914177e-10	-3.48538298917e-12
5.75516306808e-10	-5.19263798626e-10
5.76722699439e-10	-9.86182691065e-10
5.7792909207e-10	-1.29259070114e-09
5.79135484701e-10	-1.31590316421e-09
5.80341877332e-10	-1.05226827252e-09
5.81548269963e-10	-5.5470877891e-10
5.82754662594e-10	8.46065092985e-11
5.83961055225e-10	6.77873590593e-10
5.85167447856e-10	1.08283515488e-09
5.86373840487e-10	1.23101462357e-09
5.87580233118e-10	1.08075015604e-09
5.88786625749e-10	7.19428572271e-10
5.8999301838e-10	2.9064953222e-10
5.91199411011e-10	-1.00970232175e-10
5.92405803642e-10	-3.28928301263e-10
5.93612196273e-10	-3.42847583656e-10
5.94818588904e-10	-2.05926775632e-10
5.96024981535e-10	1.85804982511e-11
5.97231374166e-10	2.1851426224e-10
5.98437766797e-10	2.68170236017e-10
5.99644159428e-10	1.41227904371e-10
6.00850552059e-10	-1.61723856529e-10
6.0205694469e-10	-5.93978199959e-10
6.03263337321e-10	-1.02621400266e-09
6.04469729953e-10	-1.36589350941e-09
6.05676122584e-10	-1.54006052355e-09
6.06882515215e-10	-1.48086620744e-09
6.08088907846e-10	-1.20784737767e-09
6.09295300477e-10	-7.5797423893e-10
6.10501693108e-10	-1.66020627801e-10
6.11708085739e-10	4.85075979384e-10
6.1291447837e-10	1.1380028031e-09
6.14120871001e-10	1.73568004413e-09
6.15327263632e-10	2.18126583462e-09
6.16533656263e-10	2.41350384123e-09
6.17740048894e-10	2.37219266452e-09
6.18946441525e-10	2.00512184634e-09
6.20152834156e-10	1.35219668795e-09
6.21359226787e-10	4.89149054594e-10
6.22565619418e-10	-4.69462746455e-10
6.23772012049e-10	-1.34433508769e-09
6.2497840468e-10	-2.00542538131e-09
6.26184797311e-10	-2.36910846496e-09
6.27391189942e-10	-2.38096475869e-09
6.28597582573e-10	-2.09966133369e-09
6.29803975204e-10	-1.627267876e-09
6.31010367835e-10	-1.06000330735e-09
6.32216760466e-10	-5.33051491836e-10
6.33423153097e-10	-1.30150626387e-10
6.34629545728e-10	1.34834171606e-10
6.35835938359e-10	2.55361454204e-10
6.3704233099e-10	2.92425972326e-10
6.38248723621e-10	3.37890215807e-10
6.39455116252e-10	4.32356428437e-10
6.40661508883e-10	6.10324790706e-10
6.41867901514e-10	8.63537741314e-10
6.43074294145e-10	1.10931708264e-09
6.44280686776e-10	1.27327182131e-09
6.45487079407e-10	1.28857602366e-09
6.46693472038e-10	1.09990039299e-09
6.47899864669e-10	7.26811832941e-10
6.491062573e-10	2.28979765704e-10
6.50312649931e-10	-3.19291870721e-10
6.51519042562e-10	-8.14821210504e-10
6.52725435193e-10	-1.17194254301e-09
6.53931827824e-10	-1.33916711054e-09
6.55138220455e-10	-1.28879940053e-09
6.56344613086e-10	-1.03732444856e-09
6.57551005717e-10	-6.42324193834e-10
6.58757398348e-10	-1.89299215192e-10
6.59963790979e-10	2.22447185672e-10
6.6117018361e-10	5.06241049081e-10
6.62376576241e-10	6.05880012827e-10
6.63582968872e-10	5.21595766578e-10
6.64789361503e-10	3.06918046533e-10
6.65995754134e-10	3.52032743234e-11
6.67202146765e-10	-2.07428019205e-10
6.68408539396e-10	-3.60746071904e-10
6.69614932027e-10	-4.22637591591e-10
6.70821324658e-10	-4.08874795133e-10
6.72027717289e-10	-3.50792395132e-10
6.73234109921e-10	-2.90329343899e-10
6.74440502552e-10	-2.23737139926e-10
6.75646895183e-10	-1.27293370289e-10
6.76853287814e-10	1.28095554996e-11
6.78059680445e-10	2.18677576047e-10
6.79266073076e-10	4.72751560121e-10
6.80472465707e-10	7.07539860034e-10
6.81678858338e-10	8.59037563306e-10
6.82885250969e-10	8.60244986356e-10
6.840916436e-10	6.69868160941e-10
6.85298036231e-10	3.20918014385e-10
6.86504428862e-10	-1.10639011841e-10
6.87710821493e-10	-5.20415099903e-10
6.88917214124e-10	-7.96585242213e-10
6.90123606755e-10	-8.77401373778e-10
6.91329999386e-10	-7.58164031556e-10
6.92536392017e-10	-4.90126328412e-10
6.93742784648e-10	-1.72345790417e-10
6.94949177279e-10	1.02098086929e-10
6.9615556991e-10	2.65564431556e-10
6.97361962541e-10	2.95301783027e-10
6.98568355172e-10	2.29821536801e-10
6.99774747803e-10	1.21484600157e-10
7.00981140434e-10	2.58206199477e-11
7.02187533065e-10	-8.92851244327e-12
7.03393925696e-10	1.04417169355e-11
7.04600318327e-10	5.72827271728e-11
7.05806710958e-10	1.08188791259e-10
7.07013103589e-10	1.20880097598e-10
7.0821949622e-10	8.90612236737e-11
7.09425888851e-10	3.8264079405e-11
7.10632281482e-10	-2.26295180511e-11
7.11838674113e-10	-6.06450514806e-11
7.13045066744e-10	-5.10524747477e-11
7.14251459375e-10	-1.61260969855e-11
7.15457852006e-10	3.85898361877e-11
7.16664244637e-10	9.86287648774e-11
7.17870637268e-10	1.24106544486e-10
7.19077029899e-10	1.21301940714e-10
7.2028342253e-10	9.80416234309e-11
7.21489815161e-10	4.51189641204e-11
7.22696207792e-10	-5.09722732772e-12
7.23902600423e-10	-3.99880302482e-11
7.25108993054e-10	-7.27425411573e-11
7.26315385685e-10	-8.50675710429e-11
7.27521778316e-10	-8.67853081066e-11
7.28728170947e-10	-1.05657843585e-10
7.29934563578e-10	-1.33448335715e-10
7.31140956209e-10	-1.80306131137e-10
7.3234734884e-10	-2.51074494528e-10
7.33553741471e-10	-3.08751024747e-10
7.34760134102e-10	-3.32772892575e-10
7.35966526733e-10	-2.99364033562e-10
7.37172919364e-10	-1.73274769533e-10
7.38379311995e-10	3.33276878317e-11
7.39585704626e-10	2.92034146865e-10
7.40792097257e-10	5.67674685037e-10
7.41998489888e-10	7.92240328895e-10
7.4320488252e-10	9.16472175927e-10
7.44411275151e-10	9.1451896056e-10
7.45617667782e-10	7.68774433002e-10
7.46824060413e-10	5.07099695568e-10
7.48030453044e-10	1.7562376553e-10
7.49236845675e-10	-1.8308154992e-10
7.50443238306e-10	-5.07107689174e-10
7.51649630937e-10	-7.54877549358e-10
7.52856023568e-10	-9.10352515593e-10
7.54062416199e-10	-9.56993151391e-10
7.5526880883e-10	-9.08276232003e-10
7.56475201461e-10	-7.89881882124e-10
7.57681594092e-10	-6.14867101678e-10
7.58887986723e-10	-4.11925854538e-10
7.60094379354e-10	-2.00926802973e-10
7.61300771985e-10	1.7521938761e-11
7.62507164616e-10	2.27003013609e-10
7.63713557247e-10	4.18447665407e-10
7.64919949878e-10	5.89493509562e-10
7.66126342509e-10	7.19574566599e-10
7.6733273514e-10	8.00529031952e-10
7.68539127771e-10	8.30347179903e-10
7.69745520402e-10	7.97834021071e-10
7.70951913033e-10	7.1034744753e-10
7.72158305664e-10	5.75408831693e-10
7.73364698295e-10	3.91026572233e-10
7.74571090926e-10	1.72896863493e-10
7.75777483557e-10	-6.82142259345e-11
7.76983876188e-10	-3.2168107067e-10
7.78190268819e-10	-5.52387469099e-10
7.7939666145e-10	-7.35943250785e-10
7.80603054081e-10	-8.52267867391e-10
7.81809446712e-10	-8.68922545028e-10
7.83015839343e-10	-7.87255316492e-10
7.84222231974e-10	-6.27880913928e-10
7.85428624605e-10	-4.04504041374e-10
7.86635017236e-10	-1.61580915314e-10
7.87841409867e-10	5.51813664207e-11
7.89047802498e-10	2.31525951189e-10
7.90254195129e-10	3.44543726882e-10
7.9146058776e-10	3.87417375958e-10
7.92666980391e-10	3.88432813692e-10
7.93873373022e-10	3.58610890983e-10
7.95079765653e-10	3.09329117876e-10
7.96286158284e-10	2.67498384554e-10
7.97492550915e-10	2.26403062964e-10
7.98698943546e-10	1.72311734326e-10
7.99905336177e-10	1.09128574233e-10
8.01111728808e-10	2.1723494531e-11
8.02318121439e-10	-9.22957751892e-11
8.0352451407e-10	-2.03768682483e-10
8.04730906701e-10	-2.96717456161e-10
8.05937299332e-10	-3.49954953904e-10
8.07143691963e-10	-3.34516137013e-10
8.08350084594e-10	-2.59748222931e-10
8.09556477225e-10	-1.4603057652e-10
8.10762869856e-10	-8.46109120267e-12
8.11969262487e-10	1.15743976903e-10
8.13175655119e-10	2.05608710613e-10
8.1438204775e-10	2.67656091735e-10
8.15588440381e-10	2.97803892657e-10
8.16794833012e-10	3.04503117166e-10
8.18001225643e-10	3.0332270029e-10
8.19207618274e-10	2.79623213473e-10
8.20414010905e-10	2.22565785246e-10
8.21620403536e-10	1.33242389344e-10
8.22826796167e-10	-1.65911989009e-13
8.24033188798e-10	-1.66075625474e-10
8.25239581429e-10	-3.30703464613e-10
8.2644597406e-10	-4.75801398281e-10
8.27652366691e-10	-5.77903058741e-10
8.28858759322e-10	-6.14986339631e-10
8.30065151953e-10	-5.95372473544e-10
8.31271544584e-10	-5.27347165935e-10
8.32477937215e-10	-4.13685502521e-10
8.33684329846e-10	-2.72868588835e-10
8.34890722477e-10	-1.14278780883e-10
8.36097115108e-10	6.50743278707e-11
8.37303507739e-10	2.52940834944e-10
8.3850990037e-10	4.34586006071e-10
8.39716293001e-10	5.98846527922e-10
8.40922685632e-10	7.19672765825e-10
8.42129078263e-10	7.69228625241e-10
8.43335470894e-10	7.37136351958e-10
8.44541863525e-10	6.195714497e-10
8.45748256156e-10	4.25214308208e-10
8.46954648787e-10	1.89922591542e-10
8.48161041418e-10	-4.74242381476e-11
8.49367434049e-10	-2.58966237343e-10
8.5057382668e-10	-4.16052581276e-10
8.51780219311e-10	-5.10632369721e-10
8.52986611942e-10	-5.59407353773e-10
8.54193004573e-10	-5.69461089395e-10
8.55399397204e-10	-5.48610157303e-10
8.56605789835e-10	-5.09409237015e-10
8.57812182466e-10	-4.39638575545e-10
8.59018575097e-10	-3.3018110468e-10
8.60224967728e-10	-1.93401267223e-10
8.61431360359e-10	-3.43944039916e-11
8.6263775299e-10	1.26948535017e-10
8.63844145621e-10	2.55069604327e-10
8.65050538252e-10	3.41695644002e-10
8.66256930883e-10	3.86742332603e-10
8.67463323514e-10	3.90069643252e-10
8.68669716145e-10	3.77679498786e-10
8.69876108776e-10	3.65220187426e-10
8.71082501407e-10	3.45590500661e-10
8.72288894038e-10	3.1676611334e-10
8.73495286669e-10	2.61329069495e-10
8.747016793e-10	1.55812057701e-10
8.75908071931e-10	6.47231226947e-12
8.77114464562e-10	-1.69975700182e-10
8.78320857193e-10	-3.47453954497e-10
8.79527249824e-10	-4.79144168786e-10
8.80733642455e-10	-5.30823607292e-10
8.81940035087e-10	-4.91190532692e-10
8.83146427718e-10	-3.63297975037e-10
8.84352820349e-10	-1.76614306513e-10
8.8555921298e-10	2.40725564482e-11
8.86765605611e-10	1.97874314156e-10
8.87971998242e-10	3.12887354914e-10
8.89178390873e-10	3.53365170458e-10
8.90384783504e-10	3.22028598232e-10
8.91591176135e-10	2.36457659009e-10
8.92797568766e-10	1.19471418869e-10
8.94003961397e-10	-7.98009922032e-12
8.95210354028e-10	-1.21620435944e-10
8.96416746659e-10	-2.02651145864e-10
8.9762313929e-10	-2.41308889537e-10
8.98829531921e-10	-2.22736093458e-10
9.00035924552e-10	-1.44621120635e-10
9.01242317183e-10	-2.22220401802e-11
9.02448709814e-10	1.27909169367e-10
9.03655102445e-10	2.69557515198e-10
9.04861495076e-10	3.58603119421e-10
9.06067887707e-10	3.74931169445e-10
9.07274280338e-10	3.05326069983e-10
9.08480672969e-10	1.59802421296e-10
9.096870656e-10	-1.38868699526e-11
9.10893458231e-10	-1.75809811154e-10
9.12099850862e-10	-2.89829743538e-10
9.13306243493e-10	-3.22985110879e-10
9.14512636124e-10	-2.89031798495e-10
9.15719028755e-10	-2.15176806928e-10
9.16925421386e-10	-1.24451379757e-10
9.18131814017e-10	-6.02421931784e-11
9.19338206648e-10	-3.82175714686e-11
9.20544599279e-10	-4.48550398213e-11
9.2175099191e-10	-7.54290727101e-11
9.22957384541e-10	-1.0010931667e-10
9.24163777172e-10	-8.69482263965e-11
9.25370169803e-10	-3.74742389897e-11
9.26576562434e-10	5.473151099e-11
9.27782955065e-10	1.80295764429e-10
9.28989347696e-10	3.02143698949e-10
9.30195740327e-10	4.06906397465e-10
9.31402132958e-10	4.7423570626e-10
9.32608525589e-10	4.76377493008e-10
9.3381491822e-10	4.22563539715e-10
9.35021310851e-10	3.15003273466e-10
9.36227703482e-10	1.55069304619e-10
9.37434096113e-10	-2.34020615386e-11
9.38640488744e-10	-2.04945310722e-10
9.39846881375e-10	-3.75081493642e-10
9.41053274006e-10	-4.9751336384e-10
9.42259666637e-10	-5.68304514559e-10
9.43466059268e-10	-5.83944670396e-10
9.44672451899e-10	-5.29478627609e-10
9.4587884453e-10	-4.25953022853e-10
9.47085237161e-10	-2.86654477932e-10
9.48291629792e-10	-1.1392316257e-10
9.49498022423e-10	6.08512684686e-11
9.50704415054e-10	2.25170909696e-10
9.51910807686e-10	3.72505831736e-10
9.53117200317e-10	4.71733874186e-10
9.54323592948e-10	5.17393128341e-10
9.55529985579e-10	5.07451913823e-10
9.5673637821e-10	4.29055152518e-10
9.57942770841e-10	3.03941205537e-10
9.59149163472e-10	1.541503869e-10
9.60355556103e-10	-4.97817065348e-12
9.61561948734e-10	-1.36818528729e-10
9.62768341365e-10	-2.28616722775e-10
9.63974733996e-10	-2.8244823147e-10
9.65181126627e-10	-2.92358581788e-10
9.66387519258e-10	-2.80532597152e-10
9.67593911889e-10	-2.64064464739e-10
9.6880030452e-10	-2.3961777007e-10
9.70006697151e-10	-2.16468593051e-10
9.71213089782e-10	-1.81865619786e-10
9.72419482413e-10	-1.14961824782e-10
9.73625875044e-10	-2.17944533948e-11
9.74832267675e-10	1.01394288798e-10
9.76038660306e-10	2.42779268911e-10
9.77245052937e-10	3.61900287515e-10
9.78451445568e-10	4.43464737154e-10
9.79657838199e-10	4.67351601863e-10
9.8086423083e-10	4.12822803719e-10
9.82070623461e-10	3.02882857683e-10
9.83277016092e-10	1.51775841895e-10
9.84483408723e-10	-2.6704440742e-11
9.85689801354e-10	-1.89304918963e-10
9.86896193985e-10	-3.26381643934e-10
9.88102586616e-10	-4.33502372887e-10
9.89308979247e-10	-4.84283335656e-10
9.90515371878e-10	-4.91292395655e-10
9.91721764509e-10	-4.62336086082e-10
9.9292815714e-10	-3.83927917236e-10
9.94134549771e-10	-2.83250034538e-10
9.95340942402e-10	-1.74832356925e-10
9.96547335033e-10	-5.47652756477e-11
9.97753727664e-10	4.60646590317e-11
9.98960120295e-10	1.24255855605e-10
1.00016651293e-09	1.96687527376e-10
1.00137290556e-09	2.51119236516e-10
1.00257929819e-09	3.02663810681e-10
1.00378569082e-09	3.70259600757e-10
1.00499208345e-09	4.33415831003e-10
1.00619847608e-09	4.88890983252e-10
1.00740486871e-09	5.26671817269e-10
1.00861126134e-09	5.10087860839e-10
1.00981765397e-09	4.34668773197e-10
1.01102404661e-09	3.03110592181e-10
1.01223043924e-09	1.13372006227e-10
1.01343683187e-09	-1.01899114147e-10
1.0146432245e-09	-3.11550563126e-10
1.01584961713e-09	-4.96186813859e-10
1.01705600976e-09	-6.25643759022e-10
1.01826240239e-09	-6.88407553184e-10
1.01946879502e-09	-6.87003287592e-10
1.02067518765e-09	-6.21404261381e-10
1.02188158028e-09	-5.07545727668e-10
1.02308797292e-09	-3.63361479794e-10
1.02429436555e-09	-2.04058561715e-10
1.02550075818e-09	-5.03855325518e-11
1.02670715081e-09	8.50079936998e-11
1.02791354344e-09	1.92133128851e-10
1.02911993607e-09	2.65764771301e-10
1.0303263287e-09	3.14620551833e-10
1.03153272133e-09	3.43450712315e-10
1.03273911396e-09	3.61659757697e-10
1.03394550659e-09	3.84394738262e-10
1.03515189923e-09	4.06702199696e-10
1.03635829186e-09	4.2448941584e-10
1.03756468449e-09	4.33475116912e-10
1.03877107712e-09	4.08825834297e-10
1.03997746975e-09	3.41409345239e-10
1.04118386238e-09	2.32840774439e-10
1.04239025501e-09	7.5034575775e-11
1.04359664764e-09	-1.1153836188e-10
1.04480304027e-09	-2.96942193057e-10
1.0460094329e-09	-4.66314709069e-10
1.04721582554e-09	-5.8517685142e-10
1.04842221817e-09	-6.2813271251e-10
1.0496286108e-09	-5.99218119568e-10
1.05083500343e-09	-4.94416563246e-10
1.05204139606e-09	-3.29125754428e-10
1.05324778869e-09	-1.43375478157e-10
1.05445418132e-09	3.99973630605e-11
1.05566057395e-09	1.93704580154e-10
1.05686696658e-09	2.88520707326e-10
1.05807335922e-09	3.26514815185e-10
1.05927975185e-09	3.13248288419e-10
1.06048614448e-09	2.56318827274e-10
1.06169253711e-09	1.82595993881e-10
1.06289892974e-09	1.09290888839e-10
1.06410532237e-09	4.55273180267e-11
1.065311715e-09	5.1354046883e-12
1.06651810763e-09	-1.23305549798e-11
1.06772450026e-09	-1.35722422884e-11
1.06893089289e-09	-1.7878953526e-12
1.07013728553e-09	1.34401084012e-11
1.07134367816e-09	2.33766027369e-11
1.07255007079e-09	2.47023079075e-11
1.07375646342e-09	1.64778156397e-11
1.07496285605e-09	1.60329735599e-12
1.07616924868e-09	-1.59314592768e-11
1.07737564131e-09	-2.96252015974e-11
1.07858203394e-09	-3.48167883413e-11
1.07978842657e-09	-3.31336139081e-11
1.0809948192e-09	-2.23729298976e-11
1.08220121184e-09	-5.35715916072e-12
1.08340760447e-09	1.03857356742e-11
1.0846139971e-09	2.68143510868e-11
1.08582038973e-09	3.95707980272e-11
1.08702678236e-09	4.07887508491e-11
1.08823317499e-09	3.54284900028e-11
1.08943956762e-09	1.90589644761e-11
1.09064596025e-09	-1.31171792178e-11
1.09185235288e-09	-5.01738164904e-11
1.09305874551e-09	-9.15635831045e-11
1.09426513815e-09	-1.32561753241e-10
1.09547153078e-09	-1.53861492991e-10
1.09667792341e-09	-1.52976950551e-10
1.09788431604e-09	-1.25474380885e-10
1.09909070867e-09	-6.21485155006e-11
1.1002971013e-09	2.04879290616e-11
1.10150349393e-09	1.07313276321e-10
1.10270988656e-09	1.87048834754e-10
1.10391627919e-09	2.30483590546e-10
1.10512267182e-09	2.27397684016e-10
1.10632906446e-09	1.8260151724e-10
1.10753545709e-09	9.60279009088e-11
1.10874184972e-09	-6.6253114106e-12
1.10994824235e-09	-9.61132909372e-11
1.11115463498e-09	-1.60719978992e-10
1.11236102761e-09	-1.81016590606e-10
1.11356742024e-09	-1.55424659254e-10
1.11477381287e-09	-1.03753679259e-10
1.1159802055e-09	-3.48783918414e-11
1.11718659813e-09	3.15085492419e-11
1.11839299077e-09	7.60842153169e-11
1.1195993834e-09	1.03378895722e-10
1.12080577603e-09	1.1037014358e-10
1.12201216866e-09	9.92553678136e-11
1.12321856129e-09	8.70702884792e-11
1.12442495392e-09	7.15692782816e-11
1.12563134655e-09	5.33243900425e-11
1.12683773918e-09	3.993833389e-11
1.12804413181e-09	2.03177613622e-11
1.12925052445e-09	-5.78205799212e-12
1.13045691708e-09	-3.16217642349e-11
1.13166330971e-09	-6.53876328083e-11
1.13286970234e-09	-9.90289031333e-11
1.13407609497e-09	-1.23543147934e-10
1.1352824876e-09	-1.44794620738e-10
1.13648888023e-09	-1.53142457049e-10
1.13769527286e-09	-1.45187598055e-10
1.13890166549e-09	-1.30067595583e-10
1.14010805812e-09	-1.01038753753e-10
1.14131445076e-09	-6.08633005106e-11
1.14252084339e-09	-1.80195719457e-11
1.14372723602e-09	3.49474685302e-11
1.14493362865e-09	9.17411424606e-11
1.14614002128e-09	1.44219955422e-10
1.14734641391e-09	1.9480393687e-10
1.14855280654e-09	2.28268903779e-10
1.14975919917e-09	2.35133246207e-10
1.1509655918e-09	2.17093454324e-10
1.15217198443e-09	1.64241675815e-10
1.15337837707e-09	8.48426884303e-11
1.1545847697e-09	-4.12957428669e-12
1.15579116233e-09	-9.83238004904e-11
1.15699755496e-09	-1.77050457628e-10
1.15820394759e-09	-2.25815949273e-10
1.15941034022e-09	-2.49807702302e-10
1.16061673285e-09	-2.40175018762e-10
1.16182312548e-09	-2.02297525953e-10
1.16302951811e-09	-1.53926330015e-10
1.16423591074e-09	-9.05153799136e-11
1.16544230338e-09	-2.09284308633e-11
1.16664869601e-09	4.21939740092e-11
1.16785508864e-09	1.09753525712e-10
1.16906148127e-09	1.71788722136e-10
1.1702678739e-09	2.16005546783e-10
1.17147426653e-09	2.49181564271e-10
1.17268065916e-09	2.54617882334e-10
1.17388705179e-09	2.23818727441e-10
1.17509344442e-09	1.71463634957e-10
1.17629983705e-09	9.26656668065e-11
1.17750622969e-09	-1.21599410229e-12
1.17871262232e-09	-8.39044458911e-11
1.17991901495e-09	-1.57748425433e-10
1.18112540758e-09	-2.15218370903e-10
1.18233180021e-09	-2.4667387577e-10
1.18353819284e-09	-2.7061455854e-10
1.18474458547e-09	-2.87114693132e-10
1.1859509781e-09	-2.89400114983e-10
1.18715737073e-09	-2.85694023994e-10
1.18836376336e-09	-2.59399307589e-10
1.189570156e-09	-1.96688332288e-10
1.19077654863e-09	-1.04391120748e-10
1.19198294126e-09	2.25110902141e-11
1.19318933389e-09	1.71854488973e-10
1.19439572652e-09	3.13979592326e-10
1.19560211915e-09	4.36398278625e-10
1.19680851178e-09	5.18586285025e-10
1.19801490441e-09	5.4326060317e-10
1.19922129704e-09	5.18372345049e-10
1.20042768968e-09	4.44511233377e-10
1.20163408231e-09	3.27804450251e-10
1.20284047494e-09	1.88117174615e-10
1.20404686757e-09	2.93537104346e-11
1.2052532602e-09	-1.37111225151e-10
1.20645965283e-09	-2.91911605999e-10
1.20766604546e-09	-4.29021901338e-10
1.20887243809e-09	-5.29640331592e-10
1.21007883072e-09	-5.76332204183e-10
1.21128522335e-09	-5.71380998071e-10
1.21249161599e-09	-5.09569497709e-10
1.21369800862e-09	-3.9917061323e-10
1.21490440125e-09	-2.65944877231e-10
1.21611079388e-09	-1.20643148249e-10
1.21731718651e-09	1.82796278114e-11
1.21852357914e-09	1.3181912506e-10
1.21972997177e-09	2.24565102624e-10
1.2209363644e-09	2.92611240793e-10
1.22214275703e-09	3.34322985962e-10
1.22334914966e-09	3.64193342151e-10
1.2245555423e-09	3.78037545712e-10
1.22576193493e-09	3.73399228204e-10
1.22696832756e-09	3.58551133228e-10
1.22817472019e-09	3.22134485753e-10
1.22938111282e-09	2.61549781833e-10
1.23058750545e-09	1.84098319922e-10
1.23179389808e-09	8.12028153052e-11
1.23300029071e-09	-3.87951303027e-11
1.23420668334e-09	-1.59050203563e-10
1.23541307597e-09	-2.7549362791e-10
1.23661946861e-09	-3.66436464505e-10
1.23782586124e-09	-4.11751799323e-10
1.23903225387e-09	-4.10712408527e-10
1.2402386465e-09	-3.54498930211e-10
1.24144503913e-09	-2.49153447873e-10
1.24265143176e-09	-1.20244675328e-10
1.24385782439e-09	1.68649070403e-11
1.24506421702e-09	1.38237365999e-10
1.24627060965e-09	2.19157608727e-10
1.24747700228e-09	2.57140059245e-10
1.24868339492e-09	2.49184672896e-10
1.24988978755e-09	1.99878599783e-10
1.25109618018e-09	1.29181026987e-10
1.25230257281e-09	4.73403642676e-11
1.25350896544e-09	-3.36738657791e-11
1.25471535807e-09	-9.89273454821e-11
1.2559217507e-09	-1.47282130936e-10
1.25712814333e-09	-1.72940620158e-10
1.25833453596e-09	-1.70319078285e-10
1.25954092859e-09	-1.44786557743e-10
1.26074732123e-09	-9.4966805253e-11
1.26195371386e-09	-2.6347759044e-11
1.26316010649e-09	4.61351304382e-11
1.26436649912e-09	1.15665844957e-10
1.26557289175e-09	1.68442315651e-10
1.26677928438e-09	1.92311763736e-10
1.26798567701e-09	1.92453233905e-10
1.26919206964e-09	1.69750172252e-10
1.27039846227e-09	1.31719787855e-10
1.27160485491e-09	9.67109517469e-11
1.27281124754e-09	6.70409144865e-11
1.27401764017e-09	4.48152660815e-11
1.2752240328e-09	3.28957971973e-11
1.27643042543e-09	1.73461939257e-11
1.27763681806e-09	-7.55756568438e-12
1.27884321069e-09	-4.14455657294e-11
1.28004960332e-09	-9.09401581817e-11
1.28125599595e-09	-1.46647860522e-10
1.28246238858e-09	-1.96619276416e-10
1.28366878122e-09	-2.38211811388e-10
1.28487517385e-09	-2.58211479975e-10
1.28608156648e-09	-2.50930803913e-10
1.28728795911e-09	-2.21155121993e-10
1.28849435174e-09	-1.6561411964e-10
1.28970074437e-09	-9.09565894824e-11
1.290907137e-09	-9.36343797636e-12
1.29211352963e-09	7.59079327173e-11
1.29331992226e-09	1.53006704529e-10
1.29452631489e-09	2.10877981743e-10
1.29573270753e-09	2.48113446455e-10
1.29693910016e-09	2.57308813145e-10
1.29814549279e-09	2.3821725148e-10
1.29935188542e-09	1.98453156686e-10
1.30055827805e-09	1.40998657194e-10
1.30176467068e-09	7.70072755563e-11
1.30297106331e-09	1.89575039694e-11
1.30417745594e-09	-2.7796312127e-11
1.30538384857e-09	-5.47164952236e-11
1.3065902412e-09	-6.14789469333e-11
1.30779663384e-09	-5.53706074047e-11
1.30900302647e-09	-4.0939217294e-11
1.3102094191e-09	-3.02411394537e-11
1.31141581173e-09	-3.17567951102e-11
1.31262220436e-09	-4.40934129486e-11
1.31382859699e-09	-6.93284110675e-11
1.31503498962e-09	-9.97337004649e-11
1.31624138225e-09	-1.23062421364e-10
1.31744777488e-09	-1.38009603745e-10
1.31865416751e-09	-1.37512903842e-10
1.31986056015e-09	-1.19498966278e-10
1.32106695278e-09	-9.44646999512e-11
1.32227334541e-09	-6.20861279055e-11
1.32347973804e-09	-2.58050924379e-11
1.32468613067e-09	4.8213663964e-12
1.3258925233e-09	3.64164809419e-11
1.32709891593e-09	6.83631276588e-11
1.32830530856e-09	9.44450212481e-11
1.32951170119e-09	1.21654436525e-10
1.33071809382e-09	1.43719161572e-10
1.33192448646e-09	1.5234040418e-10
1.33313087909e-09	1.53242488143e-10
1.33433727172e-09	1.39302444579e-10
1.33554366435e-09	1.08495601392e-10
1.33675005698e-09	7.25982399197e-11
1.33795644961e-09	2.84765943465e-11
1.33916284224e-09	-1.98505465537e-11
1.34036923487e-09	-6.00129876349e-11
1.3415756275e-09	-9.73920596947e-11
1.34278202014e-09	-1.27827262664e-10
1.34398841277e-09	-1.42761441557e-10
1.3451948054e-09	-1.49822487749e-10
1.34640119803e-09	-1.44740747166e-10
1.34760759066e-09	-1.22645268941e-10
1.34881398329e-09	-9.38027849839e-11
1.35002037592e-09	-5.67388254435e-11
1.35122676855e-09	-1.27429022195e-11
1.35243316118e-09	2.57527645042e-11
1.35363955381e-09	6.02158531371e-11
1.35484594645e-09	8.8933797826e-11
1.35605233908e-09	1.05173737774e-10
1.35725873171e-09	1.15373058329e-10
1.35846512434e-09	1.20021007022e-10
1.35967151697e-09	1.15437756576e-10
1.3608779096e-09	1.06399160316e-10
1.36208430223e-09	9.0083565607e-11
1.36329069486e-09	6.34411828626e-11
1.36449708749e-09	3.07237256469e-11
1.36570348012e-09	-8.44490363056e-12
1.36690987276e-09	-5.00493570199e-11
1.36811626539e-09	-8.71940228353e-11
1.36932265802e-09	-1.18985973852e-10
1.37052905065e-09	-1.41101574869e-10
1.37173544328e-09	-1.51772844292e-10
1.37294183591e-09	-1.53050488949e-10
1.37414822854e-09	-1.41548689436e-10
1.37535462117e-09	-1.17407722433e-10
1.3765610138e-09	-8.11987213578e-11
1.37776740643e-09	-3.00405568476e-11
1.37897379907e-09	2.98171140556e-11
1.3801801917e-09	9.15695366754e-11
1.38138658433e-09	1.4965542694e-10
1.38259297696e-09	1.90446283743e-10
1.38379936959e-09	2.08039571681e-10
1.38500576222e-09	2.02273323091e-10
1.38621215485e-09	1.7039715472e-10
1.38741854748e-09	1.21775436956e-10
1.38862494011e-09	6.6877899052e-11
1.38983133274e-09	8.96817169138e-12
1.39103772538e-09	-4.10180743537e-11
1.39224411801e-09	-7.83971845775e-11
1.39345051064e-09	-1.06548068979e-10
1.39465690327e-09	-1.19961415801e-10
1.3958632959e-09	-1.20029722273e-10
1.39706968853e-09	-1.1249146753e-10
1.39827608116e-09	-9.34081909043e-11
1.39948247379e-09	-6.86175422038e-11
1.40068886642e-09	-4.62240141996e-11
1.40189525905e-09	-2.46407616533e-11
1.40310165169e-09	-1.07909410574e-11
1.40430804432e-09	-8.46453723086e-12
1.40551443695e-09	-9.32955188798e-12
1.40672082958e-09	-1.25973745324e-11
1.40792722221e-09	-1.39374813773e-11
1.40913361484e-09	-3.08514086673e-12
1.41034000747e-09	1.65962469462e-11
1.4115464001e-09	4.17273195163e-11
1.41275279273e-09	7.12362807631e-11
1.41395918537e-09	9.29475038602e-11
1.415165578e-09	1.00394567659e-10
1.41637197063e-09	9.5036527259e-11
1.41757836326e-09	7.35946442676e-11
1.41878475589e-09	4.0902493198e-11
1.41999114852e-09	7.61536233379e-12
1.42119754115e-09	-2.34926678805e-11
1.42240393378e-09	-4.69313025941e-11
1.42361032641e-09	-5.64015015247e-11
1.42481671904e-09	-5.49174664077e-11
1.42602311168e-09	-4.35176096547e-11
1.42722950431e-09	-2.14313150559e-11
1.42843589694e-09	5.06310705167e-12
1.42964228957e-09	3.14771854415e-11
1.4308486822e-09	5.58801095674e-11
1.43205507483e-09	6.98298571744e-11
1.43326146746e-09	6.77128353388e-11
1.43446786009e-09	5.02478544884e-11
1.43567425272e-09	1.61654578612e-11
1.43688064535e-09	-2.99399775805e-11
1.43808703799e-09	-7.51690584777e-11
1.43929343062e-09	-1.11890087473e-10
1.44049982325e-09	-1.33416819259e-10
1.44170621588e-09	-1.31867072817e-10
1.44291260851e-09	-1.11550380044e-10
1.44411900114e-09	-8.0066467345e-11
1.44532539377e-09	-4.10185010957e-11
1.4465317864e-09	-4.44498257646e-12
1.44773817903e-09	2.40023070863e-11
1.44894457166e-09	4.75504843833e-11
1.4501509643e-09	6.42312453225e-11
1.45135735693e-09	7.45539255331e-11
1.45256374956e-09	8.35064239979e-11
1.45377014219e-09	8.71773347955e-11
1.45497653482e-09	8.33295307756e-11
1.45618292745e-09	7.52737733256e-11
1.45738932008e-09	6.09603548196e-11
1.45859571271e-09	4.27947989545e-11
1.45980210534e-09	2.81920198991e-11
1.46100849797e-09	1.79552987062e-11
1.46221489061e-09	1.27970316635e-11
1.46342128324e-09	1.36421100111e-11
1.46462767587e-09	1.35999588327e-11
1.4658340685e-09	7.00473359871e-12
1.46704046113e-09	-7.78674260488e-12
1.46824685376e-09	-3.30843581697e-11
1.46945324639e-09	-6.58079424287e-11
1.47065963902e-09	-9.70394181676e-11
1.47186603165e-09	-1.19335541449e-10
1.47307242428e-09	-1.27219346169e-10
1.47427881692e-09	-1.16447018694e-10
1.47548520955e-09	-8.9001035708e-11
1.47669160218e-09	-5.29367313873e-11
1.47789799481e-09	-1.44665382104e-11
1.47910438744e-09	2.001107266e-11
1.48031078007e-09	4.31207118623e-11
1.4815171727e-09	5.60403945471e-11
1.48272356533e-09	6.20958146014e-11
1.48392995796e-09	6.0304344851e-11
1.4851363506e-09	5.61860453996e-11
1.48634274323e-09	5.27940052786e-11
1.48754913586e-09	4.5115685493e-11
1.48875552849e-09	3.6493121025e-11
1.48996192112e-09	2.84981205301e-11
1.49116831375e-09	1.68244064513e-11
1.49237470638e-09	8.60095241556e-12
1.49358109901e-09	7.00052169011e-12
1.49478749164e-09	6.75496377583e-12
1.49599388427e-09	1.24392128542e-11
1.49720027691e-09	2.07573454952e-11
1.49840666954e-09	2.10702722631e-11
1.49961306217e-09	1.6368269587e-11
1.5008194548e-09	4.34024647819e-12
1.50202584743e-09	-1.89983150739e-11
1.50323224006e-09	-4.18592140117e-11
1.50443863269e-09	-6.06803982062e-11
1.50564502532e-09	-7.47434128479e-11
1.50685141795e-09	-7.38564348568e-11
1.50805781058e-09	-6.13951806061e-11
1.50926420322e-09	-4.34787136849e-11
1.51047059585e-09	-1.77318576489e-11
1.51167698848e-09	7.15975282534e-12
1.51288338111e-09	2.61475754243e-11
1.51408977374e-09	4.2838621539e-11
1.51529616637e-09	5.19641170371e-11
1.516502559e-09	5.3656006721e-11
1.51770895163e-09	5.19639851981e-11
1.51891534426e-09	4.26269332332e-11
1.52012173689e-09	2.75733168936e-11
1.52132812953e-09	1.02099856347e-11
1.52253452216e-09	-1.10557535349e-11
1.52374091479e-09	-3.06235245495e-11
1.52494730742e-09	-4.48240472517e-11
1.52615370005e-09	-5.36988405131e-11
1.52736009268e-09	-5.33154180526e-11
1.52856648531e-09	-4.60343915765e-11
1.52977287794e-09	-3.49128295718e-11
1.53097927057e-09	-1.97107451888e-11
1.5321856632e-09	-5.63161756811e-12
1.53339205584e-09	7.47965925307e-12
1.53459844847e-09	2.1915759138e-11
1.5358048411e-09	3.42053260716e-11
1.53701123373e-09	4.74098017789e-11
1.53821762636e-09	6.16883974458e-11
1.53942401899e-09	7.05171407378e-11
1.54063041162e-09	7.65054408713e-11
1.54183680425e-09	7.70329564026e-11
1.54304319688e-09	6.70971889161e-11
1.54424958952e-09	5.34392911866e-11
1.54545598215e-09	3.52311374519e-11
1.54666237478e-09	1.13702849219e-11
1.54786876741e-09	-9.65029271771e-12
1.54907516004e-09	-3.14905115872e-11
1.55028155267e-09	-5.54451276558e-11
1.5514879453e-09	-7.43544045778e-11
1.55269433793e-09	-9.34871069447e-11
1.55390073056e-09	-1.10505625484e-10
1.55510712319e-09	-1.16102648329e-10
1.55631351583e-09	-1.1474515782e-10
1.55751990846e-09	-1.02420356918e-10
1.55872630109e-09	-7.45638689681e-11
1.55993269372e-09	-4.20452977989e-11
1.56113908635e-09	-5.59024354585e-12
1.56234547898e-09	3.25875749996e-11
1.56355187161e-09	6.03646924113e-11
1.56475826424e-09	8.08248398765e-11
1.56596465687e-09	9.5172952852e-11
1.5671710495e-09	9.82257053472e-11
1.56837744214e-09	9.85846126955e-11
1.56958383477e-09	9.67007168784e-11
1.5707902274e-09	8.80488668087e-11
1.57199662003e-09	7.86875425929e-11
1.57320301266e-09	6.50292389381e-11
1.57440940529e-09	4.44291166357e-11
1.57561579792e-09	2.42399399164e-11
1.57682219055e-09	2.26630151277e-12
1.57802858318e-09	-1.94400242431e-11
1.57923497581e-09	-3.44860529022e-11
1.58044136845e-09	-4.7178334156e-11
1.58164776108e-09	-5.59175310222e-11
1.58285415371e-09	-5.90741414119e-11
1.58406054634e-09	-6.27596169478e-11
1.58526693897e-09	-6.34038724301e-11
1.5864733316e-09	-6.07959377286e-11
1.58767972423e-09	-5.88700407866e-11
1.58888611686e-09	-5.22663683167e-11
1.59009250949e-09	-4.34344157862e-11
1.59129890212e-09	-3.62745215809e-11
1.59250529476e-09	-2.65015301371e-11
1.59371168739e-09	-1.95429297745e-11
1.59491808002e-09	-1.68482363477e-11
1.59612447265e-09	-1.20723760849e-11
1.59733086528e-09	-9.35894157311e-12
1.59853725791e-09	-5.13114377376e-12
1.59974365054e-09	7.11318937779e-12
1.60095004317e-09	2.12128231647e-11
1.6021564358e-09	3.94326411801e-11
1.60336282843e-09	6.1803229201e-11
1.60456922107e-09	7.75349784377e-11
1.6057756137e-09	8.85500631154e-11
1.60698200633e-09	9.34928176544e-11
1.60818839896e-09	8.56453796771e-11
1.60939479159e-09	7.31570706791e-11
1.61060118422e-09	5.72406462507e-11
1.61180757685e-09	3.5511045493e-11
1.61301396948e-09	1.71995213211e-11
1.61422036211e-09	-2.06520564539e-13
1.61542675475e-09	-1.88643874827e-11
1.61663314738e-09	-3.17781460868e-11
1.61783954001e-09	-4.37018685129e-11
1.61904593264e-09	-5.45695572063e-11
1.62025232527e-09	-5.84616591248e-11
1.6214587179e-09	-6.19112330846e-11
1.62266511053e-09	-6.40234532057e-11
1.62387150316e-09	-6.2609507856e-11
1.62507789579e-09	-6.54538229172e-11
1.62628428842e-09	-6.88523266179e-11
1.62749068106e-09	-7.03947247715e-11
1.62869707369e-09	-7.35993835321e-11
1.62990346632e-09	-6.9940150893e-11
1.63110985895e-09	-5.78744586976e-11
1.63231625158e-09	-4.06713829282e-11
1.63352264421e-09	-1.28158100451e-11
1.63472903684e-09	1.94872104564e-11
1.63593542947e-09	4.99853977654e-11
1.6371418221e-09	8.06504585338e-11
1.63834821473e-09	1.02327361862e-10
1.63955460737e-09	1.13130865786e-10
1.640761e-09	1.17965998081e-10
1.64196739263e-09	1.10870181091e-10
1.64317378526e-09	9.68129604262e-11
1.64438017789e-09	8.17158771205e-11
1.64558657052e-09	6.07278116682e-11
1.64679296315e-09	4.07789323142e-11
1.64799935578e-09	2.43752708989e-11
1.64920574841e-09	5.58809552451e-12
1.65041214104e-09	-8.45614724077e-12
1.65161853368e-09	-1.95656719992e-11
1.65282492631e-09	-3.3746078848e-11
1.65403131894e-09	-4.4523471715e-11
1.65523771157e-09	-5.72420791323e-11
1.6564441042e-09	-7.57953075303e-11
1.65765049683e-09	-9.20834589135e-11
1.65885688946e-09	-1.10421970179e-10
1.66006328209e-09	-1.2777584546e-10
1.66126967472e-09	-1.32949568021e-10
1.66247606735e-09	-1.29637939272e-10
1.66368245999e-09	-1.13344507391e-10
1.66488885262e-09	-7.90932666583e-11
1.66609524525e-09	-3.84172901824e-11
1.66730163788e-09	8.13296999191e-12
1.66850803051e-09	5.71655396631e-11
1.66971442314e-09	9.49537393158e-11
1.67092081577e-09	1.24520352363e-10
1.6721272084e-09	1.43990486201e-10
1.67333360103e-09	1.46764947417e-10
1.67453999366e-09	1.42342068687e-10
1.6757463863e-09	1.29975086249e-10
1.67695277893e-09	1.06801761879e-10
1.67815917156e-09	8.33331598171e-11
1.67936556419e-09	5.64779993606e-11
1.68057195682e-09	2.62341520035e-11
1.68177834945e-09	2.5375537175e-12
1.68298474208e-09	-1.97249890033e-11
1.68419113471e-09	-3.906960519e-11
1.68539752734e-09	-4.9571523969e-11
1.68660391998e-09	-6.04224448253e-11
1.68781031261e-09	-7.03276464842e-11
1.68901670524e-09	-7.71686603507e-11
1.69022309787e-09	-8.91197671216e-11
1.6914294905e-09	-9.9715444235e-11
1.69263588313e-09	-1.05296327213e-10
1.69384227576e-09	-1.09316000696e-10
1.69504866839e-09	-1.01693618804e-10
1.69625506102e-09	-8.28676086084e-11
1.69746145365e-09	-5.81345215023e-11
1.69866784629e-09	-2.24256724302e-11
1.69987423892e-09	1.55885061803e-11
1.70108063155e-09	4.91817975234e-11
1.70228702418e-09	8.16066519915e-11
1.70349341681e-09	1.03492707459e-10
1.70469980944e-09	1.14251504091e-10
1.70590620207e-09	1.19762783024e-10
1.7071125947e-09	1.12889059212e-10
1.70831898733e-09	9.87525755614e-11
1.70952537996e-09	8.25673557303e-11
1.7107317726e-09	5.77527609069e-11
1.71193816523e-09	3.2672732575e-11
1.71314455786e-09	1.05010236617e-11
1.71435095049e-09	-1.42682185511e-11
1.71555734312e-09	-3.14048960448e-11
1.71676373575e-09	-4.1967727904e-11
1.71797012838e-09	-5.22902242339e-11
1.71917652101e-09	-5.40951103356e-11
1.72038291364e-09	-5.38102028214e-11
1.72158930627e-09	-5.71333431953e-11
1.72279569891e-09	-5.53538812009e-11
1.72400209154e-09	-5.54793329333e-11
1.72520848417e-09	-5.76512899919e-11
1.7264148768e-09	-5.17037558601e-11
1.72762126943e-09	-4.49761131116e-11
1.72882766206e-09	-3.54677572034e-11
1.73003405469e-09	-1.67352902369e-11
1.73124044732e-09	4.73509523691e-13
1.73244683995e-09	1.80033141173e-11
1.73365323258e-09	3.83240245094e-11
1.73485962522e-09	5.06623389074e-11
1.73606601785e-09	5.94183729996e-11
1.73727241048e-09	6.55700146956e-11
1.73847880311e-09	6.11359574076e-11
1.73968519574e-09	5.33248167844e-11
1.74089158837e-09	4.19413323516e-11
1.742097981e-09	2.29206167934e-11
1.74330437363e-09	5.78494500567e-12
1.74451076626e-09	-1.03479759483e-11
1.74571715889e-09	-2.59478775272e-11
1.74692355153e-09	-3.24153377751e-11
1.74812994416e-09	-3.41447217722e-11
1.74933633679e-09	-3.1619172558e-11
1.75054272942e-09	-2.09733671402e-11
1.75174912205e-09	-1.07912628486e-11
1.75295551468e-09	-5.11184627613e-13
1.75416190731e-09	1.07501273508e-11
1.75536829994e-09	1.49504315178e-11
1.75657469257e-09	1.61844600222e-11
1.75778108521e-09	1.44394886673e-11
1.75898747784e-09	4.0481311879e-12
1.76019387047e-09	-7.13448484319e-12
1.7614002631e-09	-1.9571150256e-11
1.76260665573e-09	-3.52593197694e-11
1.76381304836e-09	-4.35945932131e-11
1.76501944099e-09	-4.67201451138e-11
1.76622583362e-09	-4.58081454713e-11
1.76743222625e-09	-3.29941282629e-11
1.76863861888e-09	-1.64830076671e-11
1.76984501152e-09	4.56578947827e-13
1.77105140415e-09	2.15691475097e-11
1.77225779678e-09	3.61804648741e-11
1.77346418941e-09	4.43054204435e-11
1.77467058204e-09	5.13670564417e-11
1.77587697467e-09	5.0011158409e-11
1.7770833673e-09	4.54844148456e-11
1.77828975993e-09	4.30801713747e-11
1.77949615256e-09	3.57586460442e-11
1.78070254519e-09	2.86919637354e-11
1.78190893783e-09	2.26320837071e-11
1.78311533046e-09	1.02896762291e-11
1.78432172309e-09	-2.5724958188e-12
1.78552811572e-09	-1.60093206053e-11
1.78673450835e-09	-3.35900474102e-11
1.78794090098e-09	-4.74345250578e-11
1.78914729361e-09	-5.83596643233e-11
1.79035368624e-09	-6.828940885e-11
1.79156007887e-09	-7.14881695507e-11
1.7927664715e-09	-7.17280540519e-11
1.79397286414e-09	-6.96775970255e-11
1.79517925677e-09	-6.04948521832e-11
1.7963856494e-09	-4.78389931835e-11
1.79759204203e-09	-2.94432637993e-11
1.79879843466e-09	-2.5013615311e-12
1.80000482729e-09	2.70171073014e-11
1.80121121992e-09	5.90909821074e-11
1.80241761255e-09	9.06185890215e-11
1.80362400518e-09	1.12874862235e-10
1.80483039781e-09	1.26428298386e-10
1.80603679045e-09	1.28362057095e-10
1.80724318308e-09	1.15179185634e-10
1.80844957571e-09	9.33383925705e-11
1.80965596834e-09	6.32219554486e-11
1.81086236097e-09	2.62492406283e-11
1.8120687536e-09	-9.48839357778e-12
1.81327514623e-09	-4.45328704468e-11
1.81448153886e-09	-7.67257299361e-11
1.81568793149e-09	-9.9541867804e-11
1.81689432412e-09	-1.15773932108e-10
1.81810071676e-09	-1.23676888175e-10
1.81930710939e-09	-1.19737136872e-10
1.82051350202e-09	-1.09521496039e-10
1.82171989465e-09	-9.30041807456e-11
1.82292628728e-09	-6.98531094079e-11
1.82413267991e-09	-4.6477880572e-11
1.82533907254e-09	-2.19921390127e-11
1.82654546517e-09	3.72801572598e-12
1.8277518578e-09	2.63083617391e-11
1.82895825044e-09	4.80405194792e-11
1.83016464307e-09	6.85920625854e-11
1.8313710357e-09	8.42024297509e-11
1.83257742833e-09	9.69040334087e-11
1.83378382096e-09	1.05430636443e-10
1.83499021359e-09	1.07385753068e-10
1.83619660622e-09	1.05019784535e-10
1.83740299885e-09	9.7542467159e-11
1.83860939148e-09	8.41873099011e-11
1.83981578411e-09	6.67492311424e-11
1.84102217675e-09	4.44011910572e-11
1.84222856938e-09	1.74809004078e-11
1.84343496201e-09	-1.21134196424e-11
1.84464135464e-09	-4.32064557743e-11
1.84584774727e-09	-7.25102894394e-11
1.8470541399e-09	-9.66942845237e-11
1.84826053253e-09	-1.13226976406e-10
1.84946692516e-09	-1.19367127294e-10
1.85067331779e-09	-1.15557348412e-10
1.85187971042e-09	-1.0323819577e-10
1.85308610306e-09	-8.43353928359e-11
1.85429249569e-09	-6.33926799942e-11
1.85549888832e-09	-4.25306526108e-11
1.85670528095e-09	-2.27703324945e-11
1.85791167358e-09	-5.91408606115e-12
1.85911806621e-09	9.60923007831e-12
1.86032445884e-09	2.49018271281e-11
1.86153085147e-09	3.85880667697e-11
1.8627372441e-09	5.17737519523e-11
1.86394363673e-09	6.33954069795e-11
1.86515002937e-09	7.12760614419e-11
1.866356422e-09	7.67708743799e-11
1.86756281463e-09	7.98139471181e-11
1.86876920726e-09	8.0423563642e-11
1.86997559989e-09	8.08054317902e-11
1.87118199252e-09	7.98358740228e-11
1.87238838515e-09	7.56884346864e-11
1.87359477778e-09	6.76392483689e-11
1.87480117041e-09	5.27206403533e-11
1.87600756304e-09	3.00202293579e-11
1.87721395568e-09	1.75618558324e-12
1.87842034831e-09	-3.01071424735e-11
1.87962674094e-09	-6.10351769126e-11
1.88083313357e-09	-8.61065316271e-11
1.8820395262e-09	-1.03157857256e-10
1.88324591883e-09	-1.10443675039e-10
1.88445231146e-09	-1.08433269308e-10
1.88565870409e-09	-9.99869423368e-11
1.88686509672e-09	-8.70572433587e-11
1.88807148935e-09	-7.18539672206e-11
1.88927788199e-09	-5.62902120749e-11
1.89048427462e-09	-4.02915964481e-11
1.89169066725e-09	-2.4269740731e-11
1.89289705988e-09	-8.37499167239e-12
1.89410345251e-09	7.56702339677e-12
1.89530984514e-09	2.28337210251e-11
1.89651623777e-09	3.70704508756e-11
1.8977226304e-09	5.02207303521e-11
1.89892902303e-09	6.20937745666e-11
1.90013541567e-09	7.29869498173e-11
1.9013418083e-09	8.27532417591e-11
1.90254820093e-09	9.08027611435e-11
1.90375459356e-09	9.59673937539e-11
1.90496098619e-09	9.66203159147e-11
1.90616737882e-09	9.13018133319e-11
1.90737377145e-09	7.89321108474e-11
1.90858016408e-09	5.95070590026e-11
1.90978655671e-09	3.48989032117e-11
1.91099294934e-09	7.07314241899e-12
1.91219934198e-09	-2.13079710126e-11
1.91340573461e-09	-4.67354280276e-11
1.91461212724e-09	-6.78367362283e-11
1.91581851987e-09	-8.38708061335e-11
1.9170249125e-09	-9.3762754505e-11
1.91823130513e-09	-9.88145815173e-11
1.91943769776e-09	-9.99473559471e-11
1.92064409039e-09	-9.64910373824e-11
1.92185048302e-09	-8.99599006399e-11
1.92305687565e-09	-8.07194380781e-11
1.92426326829e-09	-6.78861550307e-11
1.92546966092e-09	-5.34186098133e-11
1.92667605355e-09	-3.77819164843e-11
1.92788244618e-09	-2.00860630212e-11
1.92908883881e-09	-1.88310868635e-12
1.93029523144e-09	1.71204231347e-11
1.93150162407e-09	3.83367608492e-11
1.9327080167e-09	6.01943911382e-11
1.93391440933e-09	8.15732759119e-11
1.93512080196e-09	1.01921707185e-10
1.9363271946e-09	1.17536036459e-10
1.93753358723e-09	1.25858934386e-10
1.93873997986e-09	1.26564106417e-10
1.93994637249e-09	1.17974213731e-10
1.94115276512e-09	1.0026941083e-10
1.94235915775e-09	7.68137081719e-11
1.94356555038e-09	4.8653053808e-11
1.94477194301e-09	1.72149378086e-11
1.94597833564e-09	-1.3698485922e-11
1.94718472827e-09	-4.38261198166e-11
1.94839112091e-09	-7.2886835456e-11
1.94959751354e-09	-9.73090566458e-11
1.95080390617e-09	-1.16922554971e-10
1.9520102988e-09	-1.31453042895e-10
1.95321669143e-09	-1.36734512601e-10
1.95442308406e-09	-1.33499836186e-10
1.95562947669e-09	-1.23184989986e-10
1.95683586932e-09	-1.0329340161e-10
1.95804226195e-09	-7.75829747668e-11
1.95924865458e-09	-4.96425678342e-11
1.96045504722e-09	-1.78418460561e-11
1.96166143985e-09	1.3171234936e-11
1.96286783248e-09	4.08687840514e-11
1.96407422511e-09	6.82811723829e-11
1.96528061774e-09	9.11704392537e-11
1.96648701037e-09	1.07907086044e-10
1.967693403e-09	1.21665955088e-10
1.96889979563e-09	1.27317753562e-10
1.97010618826e-09	1.23848348244e-10
1.9713125809e-09	1.14963788489e-10
1.97251897353e-09	9.70503261088e-11
1.97372536616e-09	7.22103071782e-11
1.97493175879e-09	4.62082108688e-11
1.97613815142e-09	1.70308333408e-11
1.97734454405e-09	-1.19063378948e-11
1.97855093668e-09	-3.60663200694e-11
1.97975732931e-09	-5.90686527469e-11
1.98096372194e-09	-7.84929135578e-11
1.98217011457e-09	-9.16323961153e-11
1.98337650721e-09	-1.02218504494e-10
1.98458289984e-09	-1.06905179154e-10
1.98578929247e-09	-1.03436072207e-10
1.9869956851e-09	-9.50242731723e-11
1.98820207773e-09	-7.92263338267e-11
1.98940847036e-09	-5.67974313415e-11
1.99061486299e-09	-3.25516037736e-11
1.99182125562e-09	-6.32883676022e-12
1.99302764825e-09	1.90313841075e-11
1.99423404088e-09	3.96441664219e-11
1.99544043352e-09	5.6500994855e-11
1.99664682615e-09	6.7851411989e-11
1.99785321878e-09	7.29573484959e-11
1.99905961141e-09	7.39014266449e-11
2.00026600404e-09	6.99936844595e-11
2.00147239667e-09	6.23530116428e-11
2.0026787893e-09	5.28786181508e-11
2.00388518193e-09	4.12925665882e-11
2.00509157456e-09	2.97909683034e-11
2.00629796719e-09	1.9016946004e-11
2.00750435983e-09	8.40050772e-12
2.00871075246e-09	-8.88792281418e-14
2.00991714509e-09	-8.06128427899e-12
2.01112353772e-09	-1.65136793129e-11
2.01232993035e-09	-2.3532493662e-11
2.01353632298e-09	-3.16313850113e-11
2.01474271561e-09	-4.00125800548e-11
2.01594910824e-09	-4.56927239101e-11
2.01715550087e-09	-5.08867219196e-11
2.0183618935e-09	-5.31016688954e-11
2.01956828614e-09	-4.98264346449e-11
2.02077467877e-09	-4.4667488458e-11
2.0219810714e-09	-3.54021395532e-11
2.02318746403e-09	-2.17362673e-11
2.02439385666e-09	-8.98128967031e-12
2.02560024929e-09	5.16309607915e-12
2.02680664192e-09	1.9646799812e-11
2.02801303455e-09	2.94425109293e-11
2.02921942718e-09	3.80388325005e-11
2.03042581982e-09	4.42021488856e-11
2.03163221245e-09	4.42072385642e-11
2.03283860508e-09	4.30756298686e-11
2.03404499771e-09	3.95748225857e-11
2.03525139034e-09	3.17052530063e-11
2.03645778297e-09	2.55444207453e-11
2.0376641756e-09	1.93024311812e-11
2.03887056823e-09	1.16956609328e-11
2.04007696086e-09	7.88746151725e-12
2.04128335349e-09	3.83962046185e-12
2.04248974613e-09	-2.12796208605e-12
2.04369613876e-09	-6.36299563386e-12
2.04490253139e-09	-1.35233950774e-11
2.04610892402e-09	-2.35689853051e-11
2.04731531665e-09	-3.18173751235e-11
2.04852170928e-09	-4.13101983177e-11
2.04972810191e-09	-4.96176884301e-11
2.05093449454e-09	-5.22694144911e-11
2.05214088717e-09	-5.27001428607e-11
2.0533472798e-09	-4.89347173893e-11
2.05455367244e-09	-3.89082759067e-11
2.05576006507e-09	-2.72616512698e-11
2.0569664577e-09	-1.28130075994e-11
2.05817285033e-09	4.96952262327e-12
2.05937924296e-09	2.12905301028e-11
2.06058563559e-09	3.69784272647e-11
2.06179202822e-09	5.15534420709e-11
2.06299842085e-09	6.08634392885e-11
2.06420481348e-09	6.59043167262e-11
2.06541120611e-09	6.65074315065e-11
2.06661759875e-09	6.07612918313e-11
2.06782399138e-09	5.11838176009e-11
2.06903038401e-09	3.90277532514e-11
2.07023677664e-09	2.44484814338e-11
2.07144316927e-09	1.01545265252e-11
2.0726495619e-09	-2.66482083795e-12
2.07385595453e-09	-1.44725620377e-11
2.07506234716e-09	-2.45187568165e-11
2.07626873979e-09	-3.30657966285e-11
2.07747513242e-09	-4.14176921926e-11
2.07868152506e-09	-4.98387650594e-11
2.07988791769e-09	-5.7683038901e-11
2.08109431032e-09	-6.47434536538e-11
2.08230070295e-09	-7.00505695117e-11
2.08350709558e-09	-7.12170253325e-11
2.08471348821e-09	-6.75407993422e-11
2.08591988084e-09	-5.90060639238e-11
2.08712627347e-09	-4.44850024872e-11
2.0883326661e-09	-2.55431353152e-11
2.08953905873e-09	-4.35331458382e-12
2.09074545137e-09	1.9117601599e-11
2.091951844e-09	4.2298237829e-11
2.09315823663e-09	6.28527854762e-11
2.09436462926e-09	8.1295699339e-11
2.09557102189e-09	9.49180456455e-11
2.09677741452e-09	1.01702875288e-10
2.09798380715e-09	1.0275414547e-10
2.09919019978e-09	9.58987680932e-11
2.10039659241e-09	8.09807498836e-11
2.10160298505e-09	6.13170764163e-11
2.10280937768e-09	3.72216459044e-11
2.10401577031e-09	1.08630023379e-11
2.10522216294e-09	-1.3225210857e-11
2.10642855557e-09	-3.4967424789e-11
2.1076349482e-09	-5.33350343057e-11
2.10884134083e-09	-6.62492144476e-11
2.11004773346e-09	-7.60898496988e-11
2.11125412609e-09	-8.35121971576e-11
2.11246051872e-09	-8.73937588963e-11
2.11366691136e-09	-8.98194574273e-11
2.11487330399e-09	-9.01814178889e-11
2.11607969662e-09	-8.60894411314e-11
2.11728608925e-09	-7.84137269005e-11
2.11849248188e-09	-6.62318325184e-11
2.11969887451e-09	-4.79507961115e-11
2.12090526714e-09	-2.57110964463e-11
2.12211165977e-09	-4.35212819559e-13
2.1233180524e-09	2.74999068656e-11
2.12452444503e-09	5.48831466385e-11
2.12573083767e-09	7.98932794921e-11
2.1269372303e-09	1.01850181067e-10
2.12814362293e-09	1.17765977525e-10
2.12935001556e-09	1.25975882503e-10
2.13055640819e-09	1.2674965244e-10
2.13176280082e-09	1.18368162494e-10
2.13296919345e-09	1.01012684328e-10
2.13417558608e-09	7.75671471498e-11
2.13538197871e-09	4.91384259671e-11
2.13658837134e-09	1.80394553462e-11
2.13779476398e-09	-1.13564192772e-11
2.13900115661e-09	-3.80529843746e-11
2.14020754924e-09	-6.10464456763e-11
2.14141394187e-09	-7.80916858956e-11
2.1426203345e-09	-9.05393121586e-11
2.14382672713e-09	-9.91648013704e-11
2.14503311976e-09	-1.02678164582e-10
2.14623951239e-09	-1.02817448999e-10
2.14744590502e-09	-9.9922313479e-11
2.14865229765e-09	-9.2269955565e-11
2.14985869029e-09	-8.13984019077e-11
2.15106508292e-09	-6.75291281227e-11
2.15227147555e-09	-4.89690510364e-11
2.15347786818e-09	-2.76973374791e-11
2.15468426081e-09	-4.21021594324e-12
2.15589065344e-09	2.22658627647e-11
2.15709704607e-09	4.87008419703e-11
2.1583034387e-09	7.35028010679e-11
2.15950983133e-09	9.59173782067e-11
2.16071622396e-09	1.12206390013e-10
2.1619226166e-09	1.20907964196e-10
2.16312900923e-09	1.22195240038e-10
2.16433540186e-09	1.14405110385e-10
2.16554179449e-09	9.87986151224e-11
2.16674818712e-09	7.8090936495e-11
2.16795457975e-09	5.29198213028e-11
2.16916097238e-09	2.57553874061e-11
2.17036736501e-09	-2.85867331326e-13
2.17157375764e-09	-2.48027223759e-11
2.17278015028e-09	-4.62703209081e-11
2.17398654291e-09	-6.27220497762e-11
2.17519293554e-09	-7.48182626964e-11
2.17639932817e-09	-8.24781909436e-11
2.1776057208e-09	-8.4890650065e-11
2.17881211343e-09	-8.39806627018e-11
2.18001850606e-09	-8.06482797211e-11
2.18122489869e-09	-7.45679143432e-11
2.18243129132e-09	-6.74748520946e-11
2.18363768395e-09	-5.96925495144e-11
2.18484407659e-09	-4.95438932935e-11
2.18605046922e-09	-3.78627094955e-11
2.18725686185e-09	-2.43419399221e-11
2.18846325448e-09	-7.20267638935e-12
2.18966964711e-09	1.14711721025e-11
2.19087603974e-09	3.0516693339e-11
2.19208243237e-09	5.02929399515e-11
2.193288825e-09	6.72009323188e-11
2.19449521763e-09	7.97813273778e-11
2.19570161026e-09	8.89343806931e-11
2.1969080029e-09	9.19420997669e-11
2.19811439553e-09	8.91284338e-11
2.19932078816e-09	8.2758674913e-11
2.20052718079e-09	7.09435080126e-11
2.20173357342e-09	5.51867683496e-11
2.20293996605e-09	3.80771351949e-11
2.20414635868e-09	1.79834411251e-11
2.20535275131e-09	-2.56585508049e-12
2.20655914394e-09	-2.08159947612e-11
2.20776553657e-09	-3.81807849226e-11
2.20897192921e-09	-5.22441361006e-11
2.21017832184e-09	-6.16440717915e-11
2.21138471447e-09	-6.91976823064e-11
2.2125911071e-09	-7.34710278727e-11
2.21379749973e-09	-7.469873331e-11
2.21500389236e-09	-7.53538967335e-11
2.21621028499e-09	-7.31089910833e-11
2.21741667762e-09	-6.76939129751e-11
2.21862307025e-09	-6.02992378251e-11
2.21982946288e-09	-4.83446858934e-11
2.22103585552e-09	-3.2581888576e-11
2.22224224815e-09	-1.47933436334e-11
2.22344864078e-09	5.93465381005e-12
2.22465503341e-09	2.73242505011e-11
2.22586142604e-09	4.73922220912e-11
2.22706781867e-09	6.61826218828e-11
2.2282742113e-09	8.11280348456e-11
2.22948060393e-09	9.09785372039e-11
2.23068699656e-09	9.54256257346e-11
2.23189338919e-09	9.26433652015e-11
2.23309978183e-09	8.30765456428e-11
2.23430617446e-09	6.7538849513e-11
2.23551256709e-09	4.67934857529e-11
2.23671895972e-09	2.37272857612e-11
2.23792535235e-09	1.53997257654e-13
2.23913174498e-09	-2.19378872707e-11
2.24033813761e-09	-4.00195571126e-11
2.24154453024e-09	-5.43962930255e-11
2.24275092287e-09	-6.40479752567e-11
2.24395731551e-09	-6.86432369279e-11
2.24516370814e-09	-7.04035094112e-11
2.24637010077e-09	-6.82898529392e-11
2.2475764934e-09	-6.28077936882e-11
2.24878288603e-09	-5.64214924781e-11
2.24998927866e-09	-4.70990642321e-11
2.25119567129e-09	-3.60420235324e-11
2.25240206392e-09	-2.54228756102e-11
2.25360845655e-09	-1.24550959824e-11
2.25481484918e-09	9.47587277741e-13
2.25602124182e-09	1.32120521121e-11
2.25722763445e-09	2.77098274881e-11
2.25843402708e-09	4.11365247421e-11
2.25964041971e-09	5.21027249123e-11
2.26084681234e-09	6.320695356e-11
2.26205320497e-09	6.93968910115e-11
2.2632595976e-09	6.98242436092e-11
2.26446599023e-09	6.73193514822e-11
2.26567238286e-09	5.73791396341e-11
2.26687877549e-09	4.21142877516e-11
2.26808516813e-09	2.60640519584e-11
2.26929156076e-09	6.15793440545e-12
2.27049795339e-09	-1.31791366015e-11
2.27170434602e-09	-2.8208626407e-11
2.27291073865e-09	-4.26505115947e-11
2.27411713128e-09	-5.24004103997e-11
2.27532352391e-09	-5.6219046779e-11
2.27652991654e-09	-5.87354470616e-11
2.27773630917e-09	-5.61068622118e-11
2.2789427018e-09	-4.9028260618e-11
2.28014909444e-09	-4.2019426133e-11
2.28135548707e-09	-3.15857721922e-11
2.2825618797e-09	-1.99150505115e-11
2.28376827233e-09	-1.06378543127e-11
2.28497466496e-09	5.22684854925e-14
2.28618105759e-09	9.83618481804e-12
2.28738745022e-09	1.74777362721e-11
2.28859384285e-09	2.69753282212e-11
2.28980023548e-09	3.56860374584e-11
2.29100662811e-09	4.296458328e-11
2.29221302075e-09	5.07889459656e-11
2.29341941338e-09	5.49869212663e-11
2.29462580601e-09	5.5275364147e-11
2.29583219864e-09	5.25155960385e-11
2.29703859127e-09	4.39073534475e-11
2.2982449839e-09	3.17764807523e-11
2.29945137653e-09	1.7460560775e-11
2.30065776916e-09	3.89108992423e-13
2.30186416179e-09	-1.57715732835e-11
2.30307055442e-09	-3.09002615162e-11
2.30427694706e-09	-4.47761897004e-11
2.30548333969e-09	-5.40897673873e-11
2.30668973232e-09	-6.0290876458e-11
2.30789612495e-09	-6.23700466273e-11
2.30910251758e-09	-5.82137324456e-11
2.31030891021e-09	-5.11242229106e-11
2.31151530284e-09	-4.01931196659e-11
2.31272169547e-09	-2.57075645493e-11
2.3139280881e-09	-1.26228775696e-11
2.31513448074e-09	8.87360985472e-13
2.31634087337e-09	1.36573885881e-11
2.317547266e-09	2.21255670035e-11
2.31875365863e-09	3.05563213621e-11
2.31996005126e-09	3.78082530561e-11
2.32116644389e-09	4.15067841208e-11
2.32237283652e-09	4.64413126011e-11
2.32357922915e-09	4.93787094547e-11
2.32478562178e-09	4.82599446516e-11
2.32599201441e-09	4.74796521543e-11
2.32719840705e-09	4.27388263669e-11
2.32840479968e-09	3.40475217464e-11
2.32961119231e-09	2.63341813633e-11
2.33081758494e-09	1.52831705624e-11
2.33202397757e-09	2.84130726759e-12
2.3332303702e-09	-7.02398946298e-12
2.33443676283e-09	-1.9352098049e-11
2.33564315546e-09	-3.11736608749e-11
2.33684954809e-09	-3.97084691517e-11
2.33805594072e-09	-4.95353480456e-11
2.33926233336e-09	-5.6002497778e-11
2.34046872599e-09	-5.74370377648e-11
2.34167511862e-09	-5.79135836509e-11
2.34288151125e-09	-5.29442115149e-11
2.34408790388e-09	-4.39322675461e-11
2.34529429651e-09	-3.53038119572e-11
2.34650068914e-09	-2.35312290486e-11
2.34770708177e-09	-1.16977122433e-11
2.3489134744e-09	-2.30654015852e-12
2.35011986703e-09	9.12515202289e-12
2.35132625967e-09	1.9468072987e-11
2.3525326523e-09	2.84401044381e-11
2.35373904493e-09	3.95323739022e-11
2.35494543756e-09	4.82581717642e-11
2.35615183019e-09	5.47512382654e-11
2.35735822282e-09	6.06260666669e-11
2.35856461545e-09	6.13315162545e-11
2.35977100808e-09	5.91110146941e-11
2.36097740071e-09	5.5218853795e-11
2.36218379334e-09	4.66735088078e-11
2.36339018598e-09	3.71019673318e-11
2.36459657861e-09	2.63419008828e-11
2.36580297124e-09	1.18692824666e-11
2.36700936387e-09	-2.60237881591e-12
2.3682157565e-09	-1.84769959749e-11
2.36942214913e-09	-3.61886666467e-11
2.37062854176e-09	-5.10940977028e-11
2.37183493439e-09	-6.4609692596e-11
2.37304132702e-09	-7.51107509522e-11
2.37424771965e-09	-7.90364718117e-11
2.37545411229e-09	-7.95113905272e-11
2.37666050492e-09	-7.51104178853e-11
2.37786689755e-09	-6.50465653562e-11
2.37907329018e-09	-5.37280359092e-11
2.38027968281e-09	-3.89984849969e-11
2.38148607544e-09	-2.16079706211e-11
2.38269246807e-09	-5.14837868518e-12
2.3838988607e-09	1.35775626853e-11
2.38510525333e-09	3.2148898127e-11
2.38631164597e-09	4.75816955281e-11
2.3875180386e-09	6.29282528863e-11
2.38872443123e-09	7.40451935877e-11
2.38993082386e-09	7.95737226111e-11
2.39113721649e-09	8.30122290352e-11
2.39234360912e-09	8.03000790861e-11
2.39355000175e-09	7.27103793841e-11
2.39475639438e-09	6.41140820989e-11
2.39596278701e-09	5.03104398419e-11
2.39716917964e-09	3.43284740911e-11
2.39837557228e-09	1.87089042175e-11
2.39958196491e-09	-7.89187291905e-13
2.40078835754e-09	-1.96779814665e-11
2.40199475017e-09	-3.63486081512e-11
2.4032011428e-09	-5.40994748999e-11
2.40440753543e-09	-6.7177700902e-11
2.40561392806e-09	-7.55430856758e-11
2.40682032069e-09	-8.22096835051e-11
2.40802671332e-09	-8.20792739331e-11
2.40923310595e-09	-7.76362168997e-11
2.41043949859e-09	-7.15049686129e-11
2.41164589122e-09	-5.94328475323e-11
2.41285228385e-09	-4.52294347808e-11
2.41405867648e-09	-3.01522314061e-11
2.41526506911e-09	-1.0953218367e-11
2.41647146174e-09	7.46791344042e-12
2.41767785437e-09	2.48029964622e-11
2.418884247e-09	4.25743676424e-11
2.42009063963e-09	5.57284426939e-11
2.42129703226e-09	6.55746429379e-11
2.4225034249e-09	7.3104952647e-11
2.42370981753e-09	7.47177111848e-11
2.42491621016e-09	7.36452912542e-11
2.42612260279e-09	6.99051164177e-11
2.42732899542e-09	6.11988584809e-11
2.42853538805e-09	5.11161842021e-11
2.42974178068e-09	3.83739984233e-11
2.43094817331e-09	2.23592221127e-11
2.43215456594e-09	7.12495600713e-12
2.43336095857e-09	-9.11931120895e-12
2.43456735121e-09	-2.49731468144e-11
2.43577374384e-09	-3.70321308341e-11
2.43698013647e-09	-4.82097382848e-11
2.4381865291e-09	-5.65141856923e-11
2.43939292173e-09	-6.05508837515e-11
2.44059931436e-09	-6.40108799299e-11
2.44180570699e-09	-6.38324809676e-11
2.44301209962e-09	-5.99907207244e-11
2.44421849225e-09	-5.53744723686e-11
2.44542488488e-09	-4.60188623319e-11
2.44663127752e-09	-3.36926146705e-11
2.44783767015e-09	-2.10912867032e-11
2.44904406278e-09	-4.9861247943e-12
2.45025045541e-09	1.05772352682e-11
2.45145684804e-09	2.35658575987e-11
2.45266324067e-09	3.70021617513e-11
2.4538696333e-09	4.63206556445e-11
2.45507602593e-09	5.19897180862e-11
2.45628241856e-09	5.70240486775e-11
2.4574888112e-09	5.71200482746e-11
2.45869520383e-09	5.45041199673e-11
2.45990159646e-09	5.11218636867e-11
2.46110798909e-09	4.27681501325e-11
2.46231438172e-09	3.31782656904e-11
2.46352077435e-09	2.32975722048e-11
2.46472716698e-09	1.0242708591e-11
2.46593355961e-09	-9.30499492562e-13
2.46713995224e-09	-1.06597768806e-11
2.46834634487e-09	-2.11130540134e-11
2.46955273751e-09	-2.76725482806e-11
2.47075913014e-09	-3.31838029277e-11
2.47196552277e-09	-3.90403195882e-11
2.4731719154e-09	-4.11834455427e-11
2.47437830803e-09	-4.32490224189e-11
2.47558470066e-09	-4.4522129039e-11
2.47679109329e-09	-4.11770235964e-11
2.47799748592e-09	-3.734776724e-11
2.47920387855e-09	-3.11302442157e-11
2.48041027118e-09	-2.07437157729e-11
2.48161666382e-09	-1.14182248726e-11
2.48282305645e-09	-7.14453724047e-13
2.48402944908e-09	1.11912701328e-11
2.48523584171e-09	1.96003057534e-11
2.48644223434e-09	2.81630239962e-11
2.48764862697e-09	3.55543962327e-11
2.4888550196e-09	3.83878762111e-11
2.49006141223e-09	4.0985815436e-11
2.49126780486e-09	4.08527760232e-11
2.49247419749e-09	3.63041020857e-11
2.49368059013e-09	3.19872461851e-11
2.49488698276e-09	2.50995370321e-11
2.49609337539e-09	1.59881864692e-11
2.49729976802e-09	8.90244301888e-12
2.49850616065e-09	4.14594058954e-13
2.49971255328e-09	-7.91272863204e-12
2.50091894591e-09	-1.36387255656e-11
2.50212533854e-09	-2.05579425011e-11
2.50333173117e-09	-2.6158304689e-11
2.5045381238e-09	-2.93478574775e-11
2.50574451644e-09	-3.32577923534e-11
2.50695090907e-09	-3.42940606468e-11
2.5081573017e-09	-3.29187718751e-11
2.50936369433e-09	-3.14542072943e-11
2.51057008696e-09	-2.63886707624e-11
2.51177647959e-09	-2.00224576502e-11
2.51298287222e-09	-1.36193851336e-11
2.51418926485e-09	-4.21793546271e-12
2.51539565748e-09	4.66123754178e-12
2.51660205011e-09	1.31168062523e-11
2.51780844275e-09	2.30626507475e-11
2.51901483538e-09	3.0017380942e-11
2.52022122801e-09	3.52948399673e-11
2.52142762064e-09	3.95825386357e-11
2.52263401327e-09	3.86382245643e-11
2.5238404059e-09	3.57158608244e-11
2.52504679853e-09	3.10905225176e-11
2.52625319116e-09	2.20283357527e-11
2.52745958379e-09	1.3496155582e-11
2.52866597643e-09	4.70486930665e-12
2.52987236906e-09	-6.11726771668e-12
2.53107876169e-09	-1.40866493817e-11
2.53228515432e-09	-2.16799217467e-11
2.53349154695e-09	-2.98988056535e-11
2.53469793958e-09	-3.41012912353e-11
2.53590433221e-09	-3.77202505342e-11
2.53711072484e-09	-4.02429548019e-11
2.53831711747e-09	-3.78059319961e-11
2.5395235101e-09	-3.47136833168e-11
2.54072990274e-09	-2.9786610678e-11
2.54193629537e-09	-2.09390612488e-11
2.543142688e-09	-1.30965611619e-11
2.54434908063e-09	-4.23095109295e-12
2.54555547326e-09	6.4843850775e-12
2.54676186589e-09	1.49249657772e-11
2.54796825852e-09	2.40598218432e-11
2.54917465115e-09	3.3401604399e-11
2.55038104378e-09	3.94376961643e-11
2.55158743641e-09	4.50038756261e-11
2.55279382905e-09	4.80666860481e-11
2.55400022168e-09	4.64333051176e-11
2.55520661431e-09	4.32423229169e-11
2.55641300694e-09	3.64468073777e-11
2.55761939957e-09	2.63188255911e-11
2.5588257922e-09	1.61221487549e-11
2.56003218483e-09	3.8693679337e-12
2.56123857746e-09	-8.86886571128e-12
2.56244497009e-09	-1.99584602317e-11
2.56365136272e-09	-3.16066790795e-11
2.56485775536e-09	-4.12135083006e-11
2.56606414799e-09	-4.78840717077e-11
2.56727054062e-09	-5.3231679481e-11
2.56847693325e-09	-5.4188643156e-11
2.56968332588e-09	-5.16413752039e-11
2.57088971851e-09	-4.71750000175e-11
2.57209611114e-09	-3.84889689564e-11
2.57330250377e-09	-2.84573909576e-11
2.5745088964e-09	-1.80335590211e-11
2.57571528903e-09	-5.32675206028e-12
2.57692168167e-09	6.26502105402e-12
2.5781280743e-09	1.72923099451e-11
2.57933446693e-09	2.92675605973e-11
2.58054085956e-09	3.84511381069e-11
2.58174725219e-09	4.63920256377e-11
2.58295364482e-09	5.33640284739e-11
2.58416003745e-09	5.57691288983e-11
2.58536643008e-09	5.62221449951e-11
2.58657282271e-09	5.42881052612e-11
2.58777921535e-09	4.76234364444e-11
2.58898560798e-09	3.99424625319e-11
2.59019200061e-09	3.0191578404e-11
2.59139839324e-09	1.72019568728e-11
2.59260478587e-09	4.91047740664e-12
2.5938111785e-09	-8.55287108498e-12
2.59501757113e-09	-2.29402746799e-11
2.59622396376e-09	-3.45139195002e-11
2.59743035639e-09	-4.54279981688e-11
2.59863674902e-09	-5.41080860672e-11
2.59984314166e-09	-5.78824245479e-11
2.60104953429e-09	-5.9747054526e-11
2.60225592692e-09	-5.78850890831e-11
2.60346231955e-09	-5.17949745593e-11
2.60466871218e-09	-4.50550187436e-11
2.60587510481e-09	-3.55991139345e-11
2.60708149744e-09	-2.42477912749e-11
2.60828789007e-09	-1.38313640055e-11
2.6094942827e-09	-1.50490112993e-12
2.61070067533e-09	1.08240326424e-11
2.61190706797e-09	2.1370896372e-11
2.6131134606e-09	3.27703524039e-11
2.61431985323e-09	4.19759470238e-11
2.61552624586e-09	4.83782597316e-11
2.61673263849e-09	5.43420343446e-11
2.61793903112e-09	5.65482105586e-11
2.61914542375e-09	5.61064042448e-11
2.62035181638e-09	5.49060068245e-11
2.62155820901e-09	4.95168593628e-11
2.62276460164e-09	4.2226132313e-11
2.62397099428e-09	3.38213693163e-11
2.62517738691e-09	2.13030357243e-11
2.62638377954e-09	8.2615624411e-12
2.62759017217e-09	-5.0469932053e-12
2.6287965648e-09	-2.02058959842e-11
2.63000295743e-09	-3.26920990279e-11
2.63120935006e-09	-4.33019314849e-11
2.63241574269e-09	-5.29278600114e-11
2.63362213532e-09	-5.77979643313e-11
2.63482852795e-09	-6.04130287463e-11
2.63603492059e-09	-6.11899489411e-11
2.63724131322e-09	-5.72051260528e-11
2.63844770585e-09	-5.18470752442e-11
2.63965409848e-09	-4.43534757533e-11
2.64086049111e-09	-3.29310398395e-11
2.64206688374e-09	-2.14208425303e-11
2.64327327637e-09	-8.4792303387e-12
2.644479669e-09	6.16708897491e-12
2.64568606163e-09	1.86215400738e-11
2.64689245426e-09	3.0997492767e-11
2.6480988469e-09	4.25290185013e-11
2.64930523953e-09	5.03237382321e-11
2.65051163216e-09	5.72158639911e-11
2.65171802479e-09	6.14798004173e-11
2.65292441742e-09	6.13781109271e-11
2.65413081005e-09	5.98615323977e-11
2.65533720268e-09	5.44393280455e-11
2.65654359531e-09	4.5024584755e-11
2.65774998794e-09	3.47401482581e-11
2.65895638058e-09	2.12111404829e-11
2.66016277321e-09	6.27494020286e-12
2.66136916584e-09	-7.2541157109e-12
2.66257555847e-09	-2.17456157248e-11
2.6637819511e-09	-3.44302572564e-11
2.66498834373e-09	-4.38921884949e-11
2.66619473636e-09	-5.27903103176e-11
2.66740112899e-09	-5.79406175816e-11
2.66860752162e-09	-5.95567831163e-11
2.66981391425e-09	-5.9924100404e-11
2.67102030689e-09	-5.5747073624e-11
2.67222669952e-09	-4.8707073097e-11
2.67343309215e-09	-4.06552534693e-11
2.67463948478e-09	-2.87856873754e-11
2.67584587741e-09	-1.62958396777e-11
2.67705227004e-09	-4.31600024817e-12
2.67825866267e-09	9.40695091267e-12
2.6794650553e-09	2.11310430959e-11
2.68067144793e-09	3.1116359489e-11
2.68187784056e-09	4.12278197692e-11
2.6830842332e-09	4.77068072546e-11
2.68429062583e-09	5.20624966749e-11
2.68549701846e-09	5.52162725265e-11
2.68670341109e-09	5.37093390596e-11
2.68790980372e-09	5.00730464037e-11
2.68911619635e-09	4.46548527322e-11
2.69032258898e-09	3.50839600427e-11
2.69152898161e-09	2.49684023457e-11
2.69273537424e-09	1.41135497386e-11
2.69394176687e-09	1.18830748193e-12
2.69514815951e-09	-1.01127942825e-11
2.69635455214e-09	-2.09913510185e-11
2.69756094477e-09	-3.19376018687e-11
2.6987673374e-09	-3.9777580535e-11
2.69997373003e-09	-4.62635242615e-11
2.70118012266e-09	-5.09738327936e-11
2.70238651529e-09	-5.14823843278e-11
2.70359290792e-09	-5.00716794416e-11
2.70479930055e-09	-4.58779091106e-11
2.70600569318e-09	-3.79525300076e-11
2.70721208582e-09	-2.90494347327e-11
2.70841847845e-09	-1.82339438687e-11
2.70962487108e-09	-5.89525043365e-12
2.71083126371e-09	5.42906908665e-12
2.71203765634e-09	1.69521983256e-11
2.71324404897e-09	2.74124247607e-11
2.7144504416e-09	3.52487102007e-11
2.71565683423e-09	4.18362185173e-11
2.71686322686e-09	4.55610965622e-11
2.71806961949e-09	4.61087626413e-11
2.71927601213e-09	4.49339697395e-11
2.72048240476e-09	4.04027054868e-11
2.72168879739e-09	3.36240757459e-11
2.72289519002e-09	2.5845391799e-11
2.72410158265e-09	1.57253272903e-11
2.72530797528e-09	5.56181619857e-12
2.72651436791e-09	-4.09944907881e-12
2.72772076054e-09	-1.43193712096e-11
2.72892715317e-09	-2.23882891393e-11
2.73013354581e-09	-2.8945226424e-11
2.73133993844e-09	-3.48538697903e-11
2.73254633107e-09	-3.74044857587e-11
2.7337527237e-09	-3.83804377169e-11
2.73495911633e-09	-3.80598851046e-11
2.73616550896e-09	-3.39690844897e-11
2.73737190159e-09	-2.88549895783e-11
2.73857829422e-09	-2.2462798982e-11
2.73978468685e-09	-1.31013941015e-11
2.74099107948e-09	-4.4355899162e-12
2.74219747212e-09	4.35354877149e-12
2.74340386475e-09	1.40565692766e-11
2.74461025738e-09	2.09461319817e-11
2.74581665001e-09	2.67467333004e-11
2.74702304264e-09	3.18605454519e-11
2.74822943527e-09	3.31582955537e-11
2.7494358279e-09	3.33966881927e-11
2.75064222053e-09	3.24500183668e-11
2.75184861316e-09	2.80573446421e-11
2.75305500579e-09	2.34611045868e-11
2.75426139843e-09	1.79474386741e-11
2.75546779106e-09	1.01564971711e-11
2.75667418369e-09	3.42126435689e-12
2.75788057632e-09	-3.47363804387e-12
2.75908696895e-09	-1.10148799803e-11
2.76029336158e-09	-1.63146909177e-11
2.76149975421e-09	-2.11250999332e-11
2.76270614684e-09	-2.5391109354e-11
2.76391253947e-09	-2.71948505381e-11
2.7651189321e-09	-2.86273209998e-11
2.76632532474e-09	-2.90870244557e-11
2.76753171737e-09	-2.74724340499e-11
2.76873811e-09	-2.55176383496e-11
2.76994450263e-09	-2.19478133584e-11
2.77115089526e-09	-1.6531921665e-11
2.77235728789e-09	-1.05376219903e-11
2.77356368052e-09	-2.87692786261e-12
2.77477007315e-09	5.42351927257e-12
2.77597646578e-09	1.32846355444e-11
2.77718285841e-09	2.14186064718e-11
2.77838925105e-09	2.79391145636e-11
2.77959564368e-09	3.27663972344e-11
2.78080203631e-09	3.65113182743e-11
2.78200842894e-09	3.72652984859e-11
2.78321482157e-09	3.61618512912e-11
2.7844212142e-09	3.3538199995e-11
2.78562760683e-09	2.76751347533e-11
2.78683399946e-09	2.08093490356e-11
2.78804039209e-09	1.28845883615e-11
2.78924678472e-09	2.79617258167e-12
2.79045317736e-09	-6.31880745644e-12
2.79165956999e-09	-1.50881598882e-11
2.79286596262e-09	-2.41656677308e-11
2.79407235525e-09	-3.03077701824e-11
2.79527874788e-09	-3.53471800441e-11
2.79648514051e-09	-3.96539745484e-11
2.79769153314e-09	-4.03934038995e-11
2.79889792577e-09	-4.02804629929e-11
2.8001043184e-09	-3.89940163492e-11
2.80131071104e-09	-3.40330402748e-11
2.80251710367e-09	-2.85305459813e-11
2.8037234963e-09	-2.15396121078e-11
2.80492988893e-09	-1.13047999781e-11
2.80613628156e-09	-1.51921530911e-12
2.80734267419e-09	9.07665696076e-12
2.80854906682e-09	2.10542399487e-11
2.80975545945e-09	3.05617510465e-11
2.81096185208e-09	3.91668399102e-11
2.81216824471e-09	4.67303869212e-11
2.81337463735e-09	4.99574791257e-11
2.81458102998e-09	5.10895110939e-11
2.81578742261e-09	4.97546309708e-11
2.81699381524e-09	4.38781511125e-11
2.81820020787e-09	3.63509812529e-11
2.8194066005e-09	2.68870047754e-11
2.82061299313e-09	1.46795527123e-11
2.82181938576e-09	2.91835999811e-12
2.82302577839e-09	-8.85841833914e-12
2.82423217102e-09	-2.06749149051e-11
2.82543856366e-09	-3.00423436128e-11
2.82664495629e-09	-3.79832797159e-11
2.82785134892e-09	-4.44317846404e-11
2.82905774155e-09	-4.79760571548e-11
2.83026413418e-09	-4.99183992753e-11
2.83147052681e-09	-4.99410512944e-11
2.83267691944e-09	-4.73166332504e-11
2.83388331207e-09	-4.30849141086e-11
2.8350897047e-09	-3.66712944733e-11
2.83629609733e-09	-2.81419713921e-11
2.83750248997e-09	-1.83107261992e-11
2.8387088826e-09	-6.90894433678e-12
2.83991527523e-09	5.16891911218e-12
2.84112166786e-09	1.73693680966e-11
2.84232806049e-09	2.9549623165e-11
2.84353445312e-09	4.02803207455e-11
2.84474084575e-09	4.94442889409e-11
2.84594723838e-09	5.64148831816e-11
2.84715363101e-09	5.96972679623e-11
2.84836002364e-09	5.99141014579e-11
2.84956641628e-09	5.65455529622e-11
2.85077280891e-09	4.8954781201e-11
2.85197920154e-09	3.91843155145e-11
2.85318559417e-09	2.70796215313e-11
2.8543919868e-09	1.30967701961e-11
2.85559837943e-09	-2.21400168706e-13
2.85680477206e-09	-1.34980897987e-11
2.85801116469e-09	-2.61718077765e-11
2.85921755732e-09	-3.6163006617e-11
2.86042394995e-09	-4.49710997608e-11
2.86163034259e-09	-5.18858706e-11
2.86283673522e-09	-5.5261493298e-11
2.86404312785e-09	-5.70172173364e-11
2.86524952048e-09	-5.61304162872e-11
2.86645591311e-09	-5.1573120774e-11
2.86766230574e-09	-4.56425765238e-11
2.86886869837e-09	-3.72927869141e-11
2.870075091e-09	-2.6272335002e-11
2.87128148363e-09	-1.50035556895e-11
2.87248787627e-09	-2.36334779871e-12
2.8736942689e-09	1.12841593708e-11
2.87490066153e-09	2.36748676219e-11
2.87610705416e-09	3.58014728974e-11
2.87731344679e-09	4.66661882748e-11
2.87851983942e-09	5.41901003237e-11
2.87972623205e-09	5.93262938775e-11
2.88093262468e-09	6.09959582842e-11
2.88213901731e-09	5.82272008387e-11
2.88334540994e-09	5.25743511226e-11
2.88455180258e-09	4.39055597434e-11
2.88575819521e-09	3.25410635937e-11
2.88696458784e-09	2.04297898043e-11
2.88817098047e-09	7.77461688778e-12
2.8893773731e-09	-4.84701081355e-12
2.89058376573e-09	-1.62552107191e-11
2.89179015836e-09	-2.64480225914e-11
2.89299655099e-09	-3.50884668543e-11
2.89420294362e-09	-4.17027280764e-11
2.89540933625e-09	-4.62000819546e-11
2.89661572889e-09	-4.84381354471e-11
2.89782212152e-09	-4.85848930531e-11
2.89902851415e-09	-4.64807359268e-11
2.90023490678e-09	-4.25422926054e-11
2.90144129941e-09	-3.73519652708e-11
2.90264769204e-09	-3.04192296352e-11
2.90385408467e-09	-2.23757245371e-11
2.9050604773e-09	-1.3681927119e-11
2.90626686993e-09	-3.39883546654e-12
2.90747326256e-09	7.29918903097e-12
2.9086796552e-09	1.76618043107e-11
2.90988604783e-09	2.8391945045e-11
2.91109244046e-09	3.73508862728e-11
2.91229883309e-09	4.38876365805e-11
2.91350522572e-09	4.88473983484e-11
2.91471161835e-09	5.02383516732e-11
2.91591801098e-09	4.84861907568e-11
2.91712440361e-09	4.51327863971e-11
2.91833079624e-09	3.85204264319e-11
2.91953718887e-09	3.00033296818e-11
2.92074358151e-09	2.11076035123e-11
2.92194997414e-09	1.0248216338e-11
2.92315636677e-09	-6.61752336956e-13
2.9243627594e-09	-1.03620870565e-11
2.92556915203e-09	-2.03442870189e-11
2.92677554466e-09	-2.83745041352e-11
2.92798193729e-09	-3.39957714757e-11
2.92918832992e-09	-3.88777864069e-11
2.93039472255e-09	-4.1140358481e-11
2.93160111518e-09	-4.12761595736e-11
2.93280750782e-09	-4.09029546344e-11
2.93401390045e-09	-3.81226404611e-11
2.93522029308e-09	-3.37433865572e-11
2.93642668571e-09	-2.86936273353e-11
2.93763307834e-09	-2.11355204172e-11
2.93883947097e-09	-1.23159980478e-11
2.9400458636e-09	-3.00321096117e-12
2.94125225623e-09	7.70211845691e-12
2.94245864886e-09	1.78791235289e-11
2.9436650415e-09	2.68112546054e-11
2.94487143413e-09	3.48205804468e-11
2.94607782676e-09	4.01994965094e-11
2.94728421939e-09	4.3061311461e-11
2.94849061202e-09	4.37072218695e-11
2.94969700465e-09	4.12310637021e-11
2.95090339728e-09	3.64614692605e-11
2.95210978991e-09	2.96416363676e-11
2.95331618254e-09	2.06744933673e-11
2.95452257517e-09	1.09675202947e-11
2.95572896781e-09	7.31020550083e-13
2.95693536044e-09	-9.22017930755e-12
2.95814175307e-09	-1.75712291939e-11
2.9593481457e-09	-2.45803603166e-11
2.96055453833e-09	-2.95063244671e-11
2.96176093096e-09	-3.20641464768e-11
2.96296732359e-09	-3.34650814005e-11
2.96417371622e-09	-3.29969974955e-11
2.96538010885e-09	-3.10732446718e-11
2.96658650148e-09	-2.87420677536e-11
2.96779289412e-09	-2.4672174026e-11
2.96899928675e-09	-1.95299037359e-11
2.97020567938e-09	-1.3992955232e-11
2.97141207201e-09	-6.73011819885e-12
2.97261846464e-09	7.69713665635e-13
2.97382485727e-09	7.88365813603e-12
2.9750312499e-09	1.56840773008e-11
2.97623764253e-09	2.21236553383e-11
2.97744403516e-09	2.71228803306e-11
2.97865042779e-09	3.1687125146e-11
2.97985682043e-09	3.35932601181e-11
2.98106321306e-09	3.3382609177e-11
2.98226960569e-09	3.18647747077e-11
2.98347599832e-09	2.70151106346e-11
2.98468239095e-09	2.03609819976e-11
2.98588878358e-09	1.28514985112e-11
2.98709517621e-09	3.36025846905e-12
2.98830156884e-09	-5.65472581954e-12
2.98950796147e-09	-1.34456239545e-11
2.9907143541e-09	-2.09496083675e-11
2.99192074674e-09	-2.5853119992e-11
2.99312713937e-09	-2.86718808418e-11
2.994333532e-09	-3.05493998154e-11
2.99553992463e-09	-2.97620643408e-11
2.99674631726e-09	-2.7602867908e-11
2.99795270989e-09	-2.48809237102e-11
2.99915910252e-09	-2.00527736777e-11
3.00036549515e-09	-1.47316898264e-11
3.00157188778e-09	-9.18678935008e-12
3.00277828041e-09	-2.30269666182e-12
3.00398467305e-09	4.09833278425e-12
3.00519106568e-09	1.01774508959e-11
3.00639745831e-09	1.66456761569e-11
3.00760385094e-09	2.17587996232e-11
3.00881024357e-09	2.61200418933e-11
3.0100166362e-09	2.99394467551e-11
3.01122302883e-09	3.16309929638e-11
3.01242942146e-09	3.19078027888e-11
3.01363581409e-09	3.04566163956e-11
3.01484220673e-09	2.62206471813e-11
3.01604859936e-09	2.02745667477e-11
3.01725499199e-09	1.26079199164e-11
3.01846138462e-09	3.28362163848e-12
3.01966777725e-09	-6.04387503586e-12
3.02087416988e-09	-1.516176594e-11
3.02208056251e-09	-2.33765368174e-11
3.02328695514e-09	-2.95752450308e-11
3.02449334777e-09	-3.4002356486e-11
3.0256997404e-09	-3.6182397356e-11
3.02690613304e-09	-3.59364933644e-11
3.02811252567e-09	-3.38555503077e-11
3.0293189183e-09	-2.95903718195e-11
3.03052531093e-09	-2.37425044902e-11
3.03173170356e-09	-1.69075257267e-11
3.03293809619e-09	-8.9505122064e-12
3.03414448882e-09	-1.05524475876e-12
3.03535088145e-09	6.47492085989e-12
3.03655727408e-09	1.3899809255e-11
3.03776366671e-09	1.99930141886e-11
3.03897005935e-09	2.52956735419e-11
3.04017645198e-09	3.01101574229e-11
3.04138284461e-09	3.32177063633e-11
3.04258923724e-09	3.54885947018e-11
3.04379562987e-09	3.66464844581e-11
3.0450020225e-09	3.52735861353e-11
3.04620841513e-09	3.25325703876e-11
3.04741480776e-09	2.7926414653e-11
3.04862120039e-09	2.05763826117e-11
3.04982759302e-09	1.2475799907e-11
3.05103398566e-09	3.25289946888e-12
3.05224037829e-09	-7.216478283e-12
3.05344677092e-09	-1.6632752467e-11
3.05465316355e-09	-2.55813460692e-11
3.05585955618e-09	-3.38720822224e-11
3.05706594881e-09	-3.93876771476e-11
3.05827234144e-09	-4.31724066219e-11
3.05947873407e-09	-4.48759709948e-11
3.0606851267e-09	-4.30256906492e-11
3.06189151933e-09	-3.92927079762e-11
3.06309791197e-09	-3.36086262986e-11
3.0643043046e-09	-2.53532958516e-11
3.06551069723e-09	-1.66903470211e-11
3.06671708986e-09	-7.49408000933e-12
3.06792348249e-09	2.43947462057e-12
3.06912987512e-09	1.13939769078e-11
3.07033626775e-09	1.98831888454e-11
3.07154266038e-09	2.80446690176e-11
3.07274905301e-09	3.46026332587e-11
3.07395544564e-09	4.00975017079e-11
3.07516183828e-09	4.42877297335e-11
3.07636823091e-09	4.61764376736e-11
3.07757462354e-09	4.61465622659e-11
3.07878101617e-09	4.39127206819e-11
3.0799874088e-09	3.91260843169e-11
3.08119380143e-09	3.22586783674e-11
3.08240019406e-09	2.34142375627e-11
3.08360658669e-09	1.29478563288e-11
3.08481297932e-09	1.35216794359e-12
3.08601937196e-09	-1.08115990119e-11
3.08722576459e-09	-2.26616433951e-11
3.08843215722e-09	-3.37943249773e-11
3.08963854985e-09	-4.32235428005e-11
3.09084494248e-09	-4.99937313769e-11
3.09205133511e-09	-5.42107227164e-11
3.09325772774e-09	-5.51223997003e-11
3.09446412037e-09	-5.25097673676e-11
3.095670513e-09	-4.75690840884e-11
3.09687690563e-09	-3.99172916943e-11
3.09808329827e-09	-3.01645791678e-11
3.0992896909e-09	-1.98547931568e-11
3.10049608353e-09	-8.37549994637e-12
3.10170247616e-09	3.5057933119e-12
3.10290886879e-09	1.43850964127e-11
3.10411526142e-09	2.52508083887e-11
3.10532165405e-09	3.50155668349e-11
3.10652804668e-09	4.24549735645e-11
3.10773443931e-09	4.87430963647e-11
3.10894083194e-09	5.26471991003e-11
3.11014722458e-09	5.34693435361e-11
3.11135361721e-09	5.27163972197e-11
3.11256000984e-09	4.91997831364e-11
3.11376640247e-09	4.28171734179e-11
3.1149727951e-09	3.50906630142e-11
3.11617918773e-09	2.48713827311e-11
3.11738558036e-09	1.26605774475e-11
3.11859197299e-09	1.22129791089e-13
3.11979836562e-09	-1.34437131566e-11
3.12100475825e-09	-2.67421276096e-11
3.12221115089e-09	-3.80153374058e-11
3.12341754352e-09	-4.77837769353e-11
3.12462393615e-09	-5.47497186476e-11
3.12583032878e-09	-5.80682169016e-11
3.12703672141e-09	-5.86901915955e-11
3.12824311404e-09	-5.60317105214e-11
3.12944950667e-09	-5.02105440559e-11
3.1306558993e-09	-4.2414457363e-11
3.13186229193e-09	-3.24025979659e-11
3.13306868456e-09	-2.07906174915e-11
3.1342750772e-09	-8.60826340765e-12
3.13548146983e-09	4.05364587383e-12
3.13668786246e-09	1.63833356603e-11
3.13789425509e-09	2.75700937774e-11
3.13910064772e-09	3.73432985923e-11
3.14030704035e-09	4.51281512159e-11
3.14151343298e-09	5.07124481297e-11
3.14271982561e-09	5.38351481449e-11
3.14392621824e-09	5.450861984e-11
3.14513261088e-09	5.28928290056e-11
3.14633900351e-09	4.86249374099e-11
3.14754539614e-09	4.20842354021e-11
3.14875178877e-09	3.35875494084e-11
3.1499581814e-09	2.27619416371e-11
3.15116457403e-09	1.06949345213e-11
3.15237096666e-09	-1.95616591502e-12
3.15357735929e-09	-1.52245611951e-11
3.15478375192e-09	-2.7296297167e-11
3.15599014455e-09	-3.76728925833e-11
3.15719653719e-09	-4.64842157821e-11
3.15840292982e-09	-5.2045645571e-11
3.15960932245e-09	-5.46963377368e-11
3.16081571508e-09	-5.50349869843e-11
3.16202210771e-09	-5.17243782527e-11
3.16322850034e-09	-4.5935859283e-11
3.16443489297e-09	-3.83925773118e-11
3.1656412856e-09	-2.81215571662e-11
3.16684767823e-09	-1.69624921748e-11
3.16805407086e-09	-5.64920115895e-12
3.1692604635e-09	6.48382693022e-12
3.17046685613e-09	1.72861360642e-11
3.17167324876e-09	2.65712660208e-11
3.17287964139e-09	3.50610200595e-11
3.17408603402e-09	4.09902181642e-11
3.17529242665e-09	4.48985119916e-11
3.17649881928e-09	4.75171881009e-11
3.17770521191e-09	4.73040669136e-11
3.17891160454e-09	4.51826735748e-11
3.18011799717e-09	4.15282599975e-11
3.18132438981e-09	3.51543898158e-11
3.18253078244e-09	2.73305354043e-11
3.18373717507e-09	1.83463574194e-11
3.1849435677e-09	7.73000500415e-12
3.18614996033e-09	-2.94570162533e-12
3.18735635296e-09	-1.34704903482e-11
3.18856274559e-09	-2.37643741491e-11
3.18976913822e-09	-3.24140748964e-11
3.19097553085e-09	-3.94859873964e-11
3.19218192348e-09	-4.46165777934e-11
3.19338831612e-09	-4.69551585114e-11
3.19459470875e-09	-4.68909251705e-11
3.19580110138e-09	-4.40892808373e-11
3.19700749401e-09	-3.86369061744e-11
3.19821388664e-09	-3.13642653516e-11
3.19942027927e-09	-2.21596057476e-11
3.2006266719e-09	-1.21069300418e-11
3.20183306453e-09	-1.99784611597e-12
3.20303945716e-09	8.26881185051e-12
3.20424584979e-09	1.73549716265e-11
3.20545224243e-09	2.50940310198e-11
3.20665863506e-09	3.18976373093e-11
3.20786502769e-09	3.64037480716e-11
3.20907142032e-09	3.92436465269e-11
3.21027781295e-09	4.07322370277e-11
3.21148420558e-09	3.94875798726e-11
3.21269059821e-09	3.6783739249e-11
3.21389699084e-09	3.27055812988e-11
3.21510338347e-09	2.60872989877e-11
3.21630977611e-09	1.88588918787e-11
3.21751616874e-09	1.08598763662e-11
3.21872256137e-09	1.31718746153e-12
3.219928954e-09	-7.48684534507e-12
3.22113534663e-09	-1.61019843292e-11
3.22234173926e-09	-2.48430477578e-11
3.22354813189e-09	-3.13064747737e-11
3.22475452452e-09	-3.64633115368e-11
3.22596091715e-09	-4.01288481611e-11
3.22716730978e-09	-4.02357418217e-11
3.22837370242e-09	-3.84681383969e-11
3.22958009505e-09	-3.4602255089e-11
3.23078648768e-09	-2.75863706878e-11
3.23199288031e-09	-1.98702235221e-11
3.23319927294e-09	-1.12401884675e-11
3.23440566557e-09	-1.40238656191e-12
3.2356120582e-09	7.15153760864e-12
3.23681845083e-09	1.52380070367e-11
3.23802484346e-09	2.27604705916e-11
3.23923123609e-09	2.78378865098e-11
3.24043762873e-09	3.18256185294e-11
3.24164402136e-09	3.42855986657e-11
3.24285041399e-09	3.4052587139e-11
3.24405680662e-09	3.28563946883e-11
3.24526319925e-09	2.99324280639e-11
3.24646959188e-09	2.50014297459e-11
3.24767598451e-09	1.98124173317e-11
3.24888237714e-09	1.33180775436e-11
3.25008876977e-09	5.90137660961e-12
3.2512951624e-09	-1.03906683604e-12
3.25250155504e-09	-8.78929741488e-12
3.25370794767e-09	-1.62651090513e-11
3.2549143403e-09	-2.2516185097e-11
3.25612073293e-09	-2.8635205318e-11
3.25732712556e-09	-3.28944024797e-11
3.25853351819e-09	-3.49624322549e-11
3.25973991082e-09	-3.57824221642e-11
3.26094630345e-09	-3.36287872549e-11
3.26215269608e-09	-2.92446934724e-11
3.26335908871e-09	-2.3698159754e-11
3.26456548135e-09	-1.56955819869e-11
3.26577187398e-09	-7.04059120032e-12
3.26697826661e-09	1.48349258225e-12
3.26818465924e-09	1.08061623885e-11
3.26939105187e-09	1.87198503226e-11
3.2705974445e-09	2.51844586852e-11
3.27180383713e-09	3.09398374976e-11
3.27301022976e-09	3.38670827493e-11
3.27421662239e-09	3.48984140197e-11
3.27542301502e-09	3.45753252418e-11
3.27662940766e-09	3.13041745303e-11
3.27783580029e-09	2.68727991248e-11
3.27904219292e-09	2.15170797846e-11
3.28024858555e-09	1.41846820748e-11
3.28145497818e-09	7.09501251153e-12
3.28266137081e-09	-2.54272568712e-13
3.28386776344e-09	-8.41842220933e-12
3.28507415607e-09	-1.52342218701e-11
3.2862805487e-09	-2.1824701768e-11
3.28748694134e-09	-2.81004004787e-11
3.28869333397e-09	-3.20321408287e-11
3.2898997266e-09	-3.51066224702e-11
3.29110611923e-09	-3.65595470564e-11
3.29231251186e-09	-3.49548688605e-11
3.29351890449e-09	-3.22339273329e-11
3.29472529712e-09	-2.73141405327e-11
3.29593168975e-09	-1.9850921254e-11
3.29713808238e-09	-1.21579855558e-11
3.29834447501e-09	-2.97680630146e-12
3.29955086765e-09	6.98815224437e-12
3.30075726028e-09	1.54898142923e-11
3.30196365291e-09	2.40415222452e-11
3.30317004554e-09	3.12216467957e-11
3.30437643817e-09	3.54764759236e-11
3.3055828308e-09	3.86793444496e-11
3.30678922343e-09	3.92343761646e-11
3.30799561606e-09	3.67234957721e-11
3.30920200869e-09	3.33920911755e-11
3.31040840132e-09	2.76176911201e-11
3.31161479396e-09	2.01375218584e-11
3.31282118659e-09	1.29672210469e-11
3.31402757922e-09	4.40796184276e-12
3.31523397185e-09	-4.16707814088e-12
3.31644036448e-09	-1.14264700132e-11
3.31764675711e-09	-1.91879481054e-11
3.31885314974e-09	-2.56898426143e-11
3.32005954237e-09	-3.04286526531e-11
3.321265935e-09	-3.50001520821e-11
3.32247232763e-09	-3.73781526564e-11
3.32367872027e-09	-3.78005994561e-11
3.3248851129e-09	-3.73766330386e-11
3.32609150553e-09	-3.41333003528e-11
3.32729789816e-09	-2.91219860726e-11
3.32850429079e-09	-2.30544472402e-11
3.32971068342e-09	-1.45228195789e-11
3.33091707605e-09	-5.38864829494e-12
3.33212346868e-09	3.98218394024e-12
3.33332986131e-09	1.42625624852e-11
3.33453625394e-09	2.32185156518e-11
3.33574264658e-09	3.10379395796e-11
3.33694903921e-09	3.78450742966e-11
3.33815543184e-09	4.165935652e-11
3.33936182447e-09	4.35076662197e-11
3.3405682171e-09	4.3178974285e-11
3.34177460973e-09	3.95800128783e-11
3.34298100236e-09	3.45373243893e-11
3.34418739499e-09	2.76573434294e-11
3.34539378762e-09	1.87682439035e-11
3.34660018025e-09	1.0042200578e-11
3.34780657289e-09	5.78512715163e-13
3.34901296552e-09	-9.13000577918e-12
3.35021935815e-09	-1.72869114856e-11
3.35142575078e-09	-2.53543522982e-11
3.35263214341e-09	-3.23089090204e-11
3.35383853604e-09	-3.69442150483e-11
3.35504492867e-09	-4.10083737801e-11
3.3562513213e-09	-4.28580018697e-11
3.35745771393e-09	-4.20392817779e-11
3.35866410657e-09	-4.03139466254e-11
3.3598704992e-09	-3.57424506658e-11
3.36107689183e-09	-2.88604227322e-11
3.36228328446e-09	-2.14134179138e-11
3.36348967709e-09	-1.15507664197e-11
3.36469606972e-09	-8.90969915034e-13
3.36590246235e-09	9.07658757182e-12
3.36710885498e-09	2.00012974932e-11
3.36831524761e-09	2.94706620219e-11
3.36952164024e-09	3.67144890878e-11
3.37072803288e-09	4.32191123168e-11
3.37193442551e-09	4.64122316968e-11
3.37314081814e-09	4.66127553223e-11
3.37434721077e-09	4.53472918938e-11
3.3755536034e-09	4.04289136891e-11
3.37675999603e-09	3.34620178788e-11
3.37796638866e-09	2.58209894438e-11
3.37917278129e-09	1.58298738701e-11
3.38037917392e-09	5.82200390328e-12
3.38158556655e-09	-3.53835754099e-12
3.38279195919e-09	-1.36980964766e-11
3.38399835182e-09	-2.21827018559e-11
3.38520474445e-09	-2.92915795785e-11
3.38641113708e-09	-3.60493510043e-11
3.38761752971e-09	-4.01253266724e-11
3.38882392234e-09	-4.25087708089e-11
3.39003031497e-09	-4.37091265959e-11
3.3912367076e-09	-4.17805789965e-11
3.39244310023e-09	-3.83522207048e-11
3.39364949286e-09	-3.3424301521e-11
3.3948558855e-09	-2.57909232165e-11
3.39606227813e-09	-1.74848139439e-11
3.39726867076e-09	-8.08842836458e-12
3.39847506339e-09	2.6877109479e-12
3.39968145602e-09	1.266804283e-11
3.40088784865e-09	2.25266923171e-11
3.40209424128e-09	3.16791905208e-11
3.40330063391e-09	3.82412261579e-11
3.40450702654e-09	4.33031874247e-11
3.40571341917e-09	4.58628204858e-11
3.40691981181e-09	4.50736843682e-11
3.40812620444e-09	4.25803732551e-11
3.40933259707e-09	3.73635983264e-11
3.4105389897e-09	2.97957873652e-11
3.41174538233e-09	2.17031219385e-11
3.41295177496e-09	1.19098611182e-11
3.41415816759e-09	1.73011008731e-12
3.41536456022e-09	-7.47049557631e-12
3.41657095285e-09	-1.70668826294e-11
3.41777734548e-09	-2.52146862417e-11
3.41898373812e-09	-3.13349172998e-11
3.42019013075e-09	-3.69648721354e-11
3.42139652338e-09	-3.99587689326e-11
3.42260291601e-09	-4.07396269497e-11
3.42380930864e-09	-4.07096092947e-11
3.42501570127e-09	-3.76561837268e-11
3.4262220939e-09	-3.29182132941e-11
3.42742848653e-09	-2.75224409235e-11
3.42863487916e-09	-1.93817756983e-11
3.4298412718e-09	-1.06693967897e-11
3.43104766443e-09	-1.96009636473e-12
3.43225405706e-09	8.36381311431e-12
3.43346044969e-09	1.7473333544e-11
3.43466684232e-09	2.53294017705e-11
3.43587323495e-09	3.30464475229e-11
3.43707962758e-09	3.77000722307e-11
3.43828602021e-09	4.01686045537e-11
3.43949241284e-09	4.13312509218e-11
3.44069880547e-09	3.88037380006e-11
3.44190519811e-09	3.44969192101e-11
3.44311159074e-09	2.90557317789e-11
3.44431798337e-09	2.08593021328e-11
3.445524376e-09	1.24004851526e-11
3.44673076863e-09	3.92039786051e-12
3.44793716126e-09	-5.59804069419e-12
3.44914355389e-09	-1.35828362446e-11
3.45034994652e-09	-2.05174471163e-11
3.45155633915e-09	-2.69478293846e-11
3.45276273178e-09	-3.08343732491e-11
3.45396912442e-09	-3.33799481111e-11
3.45517551705e-09	-3.47795958699e-11
3.45638190968e-09	-3.3641107261e-11
3.45758830231e-09	-3.1535982159e-11
3.45879469494e-09	-2.81452014472e-11
3.46000108757e-09	-2.27321009239e-11
3.4612074802e-09	-1.68844833948e-11
3.46241387283e-09	-9.95584864549e-12
3.46362026546e-09	-2.02110984199e-12
3.46482665809e-09	5.42952705365e-12
3.46603305073e-09	1.31606496534e-11
3.46723944336e-09	2.03254253706e-11
3.46844583599e-09	2.58859080005e-11
3.46965222862e-09	3.06936212557e-11
3.47085862125e-09	3.34930833068e-11
3.47206501388e-09	3.40546549293e-11
3.47327140651e-09	3.33175639855e-11
3.47447779914e-09	3.00326118141e-11
3.47568419177e-09	2.49622249954e-11
3.4768905844e-09	1.90889370283e-11
3.47809697704e-09	1.13892020814e-11
3.47930336967e-09	3.51292584432e-12
3.4805097623e-09	-3.94339031914e-12
3.48171615493e-09	-1.18333155774e-11
3.48292254756e-09	-1.81918750897e-11
3.48412894019e-09	-2.32183057502e-11
3.48533533282e-09	-2.77241545693e-11
3.48654172545e-09	-2.9769766513e-11
3.48774811808e-09	-3.04175781785e-11
3.48895451071e-09	-3.02113473127e-11
3.49016090335e-09	-2.74492494706e-11
3.49136729598e-09	-2.38120460849e-11
3.49257368861e-09	-1.94470758941e-11
3.49378008124e-09	-1.30273951349e-11
3.49498647387e-09	-6.69819321536e-12
3.4961928665e-09	-8.02829889157e-14
3.49739925913e-09	7.568373879e-12
3.49860565176e-09	1.39614552558e-11
3.49981204439e-09	1.99364864895e-11
3.50101843703e-09	2.56522615649e-11
3.50222482966e-09	2.89749405025e-11
3.50343122229e-09	3.11961394217e-11
3.50463761492e-09	3.20366094764e-11
3.50584400755e-09	2.99402343196e-11
3.50705040018e-09	2.67303904705e-11
3.50825679281e-09	2.19404980295e-11
3.50946318544e-09	1.49611642519e-11
3.51066957807e-09	7.94077737593e-12
3.5118759707e-09	2.73138038879e-13
3.51308236334e-09	-7.90505855219e-12
3.51428875597e-09	-1.46378464905e-11
3.5154951486e-09	-2.09080079638e-11
3.51670154123e-09	-2.61557876052e-11
3.51790793386e-09	-2.90905338013e-11
3.51911432649e-09	-3.0990297134e-11
3.52032071912e-09	-3.10895996447e-11
3.52152711175e-09	-2.89041412332e-11
3.52273350438e-09	-2.58634381273e-11
3.52393989701e-09	-2.11045746851e-11
3.52514628965e-09	-1.5011764401e-11
3.52635268228e-09	-8.82750990361e-12
3.52755907491e-09	-1.68352538941e-12
3.52876546754e-09	5.48885589757e-12
3.52997186017e-09	1.19414938007e-11
3.5311782528e-09	1.85114510526e-11
3.53238464543e-09	2.38908597766e-11
3.53359103806e-09	2.79345591797e-11
3.53479743069e-09	3.11914070961e-11
3.53600382332e-09	3.22013006537e-11
3.53721021596e-09	3.15270830276e-11
3.53841660859e-09	2.94936852718e-11
3.53962300122e-09	2.49654429074e-11
3.54082939385e-09	1.93618576033e-11
3.54203578648e-09	1.27966743105e-11
3.54324217911e-09	4.66722450618e-12
3.54444857174e-09	-3.08460071721e-12
3.54565496437e-09	-1.08207661581e-11
3.546861357e-09	-1.86708114247e-11
3.54806774963e-09	-2.46345929766e-11
3.54927414227e-09	-2.96648053344e-11
3.5504805349e-09	-3.34818422987e-11
3.55168692753e-09	-3.44024669863e-11
3.55289332016e-09	-3.41084487043e-11
3.55409971279e-09	-3.20050271008e-11
3.55530610542e-09	-2.71827074738e-11
3.55651249805e-09	-2.18678044422e-11
3.55771889068e-09	-1.52224205463e-11
3.55892528331e-09	-7.03144356975e-12
3.56013167594e-09	3.67316962437e-13
3.56133806858e-09	8.27847512763e-12
3.56254446121e-09	1.63126526176e-11
3.56375085384e-09	2.2446350334e-11
3.56495724647e-09	2.83262944351e-11
3.5661636391e-09	3.29925496645e-11
3.56737003173e-09	3.49555037693e-11
3.56857642436e-09	3.61054658393e-11
3.56978281699e-09	3.51325912806e-11
3.57098920962e-09	3.14132227175e-11
3.57219560226e-09	2.70371797867e-11
3.57340199489e-09	2.06451522544e-11
3.57460838752e-09	1.25246219645e-11
3.57581478015e-09	4.6937965667e-12
3.57702117278e-09	-4.21430165071e-12
3.57822756541e-09	-1.32145102152e-11
3.57943395804e-09	-2.07166506172e-11
3.58064035067e-09	-2.80396435237e-11
3.5818467433e-09	-3.37384772897e-11
3.58305313593e-09	-3.69581552861e-11
3.58425952857e-09	-3.89635754217e-11
3.5854659212e-09	-3.83509092539e-11
3.58667231383e-09	-3.5255263986e-11
3.58787870646e-09	-3.09889336414e-11
3.58908509909e-09	-2.44682763634e-11
3.59029149172e-09	-1.67164997122e-11
3.59149788435e-09	-8.69592158698e-12
3.59270427698e-09	3.80696315401e-13
3.59391066961e-09	9.09239437213e-12
3.59511706224e-09	1.70766092239e-11
3.59632345488e-09	2.48149747278e-11
3.59752984751e-09	3.07442370173e-11
3.59873624014e-09	3.51879567151e-11
3.59994263277e-09	3.82423051559e-11
3.6011490254e-09	3.86628576377e-11
3.60235541803e-09	3.74844461026e-11
3.60356181066e-09	3.45550948966e-11
3.60476820329e-09	2.92111508593e-11
3.60597459592e-09	2.30352629332e-11
3.60718098855e-09	1.54932264934e-11
3.60838738119e-09	6.56808244945e-12
3.60959377382e-09	-1.96548940318e-12
3.61080016645e-09	-1.1018972193e-11
3.61200655908e-09	-1.98913299027e-11
3.61321295171e-09	-2.69238607103e-11
3.61441934434e-09	-3.33546072706e-11
3.61562573697e-09	-3.79864507905e-11
3.6168321296e-09	-3.97488326975e-11
