% time-domain current integration by openEMS v0.37.0-rc1-2-g7b051bb @Sun Jul 12 17:36:02 2026
% start-coordinates: (0.00493346,0.000833305,-0.000762) m -> [116,47,14]
% stop-coordinates: (0.00525992,0.00115976,-0.000762) m -> [121,52,14]
% t/s	current
5.63722899751e-14	0
1.29656266943e-12	0
2.53675304888e-12	0
3.77694342833e-12	0
5.01713380778e-12	0
6.25732418724e-12	0
7.49751456669e-12	0
8.73770494614e-12	0
9.97789532559e-12	0
1.1218085705e-11	0
1.24582760845e-11	0
1.3698466464e-11	0
1.49386568434e-11	0
1.61788472229e-11	0
1.74190376023e-11	0
1.86592279818e-11	0
1.98994183612e-11	0
2.11396087407e-11	0
2.23797991201e-11	0
2.36199894996e-11	0
2.4860179879e-11	0
2.61003702585e-11	0
2.73405606379e-11	0
2.85807510174e-11	0
2.98209413968e-11	0
3.10611317763e-11	0
3.23013221557e-11	0
3.35415125352e-11	0
3.47817029146e-11	0
3.60218932941e-11	0
3.72620836735e-11	0
3.8502274053e-11	0
3.97424644324e-11	0
4.09826548119e-11	0
4.22228451914e-11	0
4.34630355708e-11	0
4.47032259503e-11	0
4.59434163297e-11	0
4.71836067092e-11	0
4.84237970886e-11	0
4.96639874681e-11	0
5.09041778475e-11	0
5.2144368227e-11	0
5.33845586064e-11	-8.12718384011e-36
5.46247489859e-11	-1.37722497713e-33
5.58649393653e-11	-1.59110730567e-31
5.71051297448e-11	-1.29462184475e-29
5.83453201242e-11	-7.49175963159e-28
5.95855105037e-11	-3.10368017066e-26
6.08257008831e-11	-9.23013407472e-25
6.20658912626e-11	-1.96422026665e-23
6.3306081642e-11	-2.94747110862e-22
6.45462720215e-11	-2.98395954794e-21
6.57864624009e-11	-1.73480857864e-20
6.70266527804e-11	9.16008824349e-22
6.82668431599e-11	1.13291628632e-18
6.95070335393e-11	1.2896850863e-17
7.07472239188e-11	8.99163788516e-17
7.19874142982e-11	4.62152716846e-16
7.32276046777e-11	1.87108731016e-15
7.44677950571e-11	6.15099275022e-15
7.57079854366e-11	1.65587775289e-14
7.6948175816e-11	3.58225141174e-14
7.81883661955e-11	5.6979269393e-14
7.94285565749e-11	3.84845726521e-14
8.06687469544e-11	-1.46202345478e-13
8.19089373338e-11	-7.86918327809e-13
8.31491277133e-11	-2.41986248747e-12
8.43893180927e-11	-5.84138726972e-12
8.56295084722e-11	-1.19074619956e-11
8.68696988516e-11	-2.0916043203e-11
8.81098892311e-11	-3.13966283527e-11
8.93500796105e-11	-3.8338505981e-11
9.059026999e-11	-3.13507379779e-11
9.18304603694e-11	6.06545629694e-12
9.30706507489e-11	9.42677741422e-11
9.43108411283e-11	2.5019722405e-10
9.55510315078e-11	4.74030925623e-10
9.67912218873e-11	7.31519622654e-10
9.80314122667e-11	9.38293664987e-10
9.92716026462e-11	9.57238954769e-10
1.00511793026e-10	6.22053852872e-10
1.01751983405e-10	-2.04553485261e-10
1.02992173785e-10	-1.54336443625e-09
1.04232364164e-10	-3.20819038002e-09
1.05472554543e-10	-4.75872852235e-09
1.06712744923e-10	-5.54862644719e-09
1.07952935302e-10	-4.89917884039e-09
1.09193125682e-10	-2.37755082289e-09
1.10433316061e-10	1.90885574014e-09
1.11673506441e-10	7.14057390994e-09
1.1291369682e-10	1.18711147579e-08
1.141538872e-10	1.44219791665e-08
1.15394077579e-10	1.34998714429e-08
1.16634267958e-10	8.80620643073e-09
1.17874458338e-10	1.34727551337e-09
1.19114648717e-10	-6.7701795281e-09
1.20354839097e-10	-1.30621460315e-08
1.21595029476e-10	-1.56537804941e-08
1.22835219856e-10	-1.4096662504e-08
1.24075410235e-10	-9.60593915522e-09
1.25315600615e-10	-4.54594850652e-09
1.26555790994e-10	-1.35256450484e-09
1.27795981374e-10	-1.3780164787e-09
1.29036171753e-10	-4.21489865232e-09
1.30276362132e-10	-7.84755460614e-09
1.31516552512e-10	-9.58704227116e-09
1.32756742891e-10	-7.3679427004e-09
1.33996933271e-10	-8.10949751795e-10
1.3523712365e-10	8.43450198573e-09
1.3647731403e-10	1.72250516073e-08
1.37717504409e-10	2.21141025492e-08
1.38957694789e-10	2.07167314414e-08
1.40197885168e-10	1.27186812193e-08
1.41438075548e-10	1.51040777108e-10
1.42678265927e-10	-1.31746640264e-08
1.43918456306e-10	-2.28839134309e-08
1.45158646686e-10	-2.54982612802e-08
1.46398837065e-10	-1.96349194681e-08
1.47639027445e-10	-6.52201759266e-09
1.48879217824e-10	1.03625881209e-08
1.50119408204e-10	2.64012776086e-08
1.51359598583e-10	3.72865649467e-08
1.52599788963e-10	4.0284305669e-08
1.53839979342e-10	3.48876731948e-08
1.55080169722e-10	2.27109691053e-08
1.56320360101e-10	6.77685330075e-09
1.5756055048e-10	-9.45453493273e-09
1.5880074086e-10	-2.29538077434e-08
1.60040931239e-10	-3.16660901944e-08
1.61281121619e-10	-3.46984663224e-08
1.62521311998e-10	-3.22452962109e-08
1.63761502378e-10	-2.53685872309e-08
1.65001692757e-10	-1.57023638536e-08
1.66241883137e-10	-5.10838527035e-09
1.67482073516e-10	4.68686067734e-09
1.68722263895e-10	1.24022099257e-08
1.69962454275e-10	1.73621703681e-08
1.71202644654e-10	1.9442712329e-08
1.72442835034e-10	1.88347932806e-08
1.73683025413e-10	1.57647495058e-08
1.74923215793e-10	1.03545580998e-08
1.76163406172e-10	2.73684630514e-09
1.77403596552e-10	-6.61585231043e-09
1.78643786931e-10	-1.65494089543e-08
1.79883977311e-10	-2.5136193571e-08
1.8112416769e-10	-3.00059035396e-08
1.82364358069e-10	-2.90607005127e-08
1.83604548449e-10	-2.13196305054e-08
1.84844738828e-10	-7.52732720599e-09
1.86084929208e-10	9.77635394861e-09
1.87325119587e-10	2.68284257032e-08
1.88565309967e-10	3.96978485639e-08
1.89805500346e-10	4.54583322096e-08
1.91045690726e-10	4.30516031713e-08
1.92285881105e-10	3.35271899132e-08
1.93526071485e-10	1.9590251199e-08
1.94766261864e-10	4.65431737595e-09
1.96006452243e-10	-8.22372481224e-09
1.97246642623e-10	-1.71339529231e-08
1.98486833002e-10	-2.1579152687e-08
1.99727023382e-10	-2.22042348952e-08
2.00967213761e-10	-2.01972998326e-08
2.02207404141e-10	-1.66750453445e-08
2.0344759452e-10	-1.23185976975e-08
2.046877849e-10	-7.36851202277e-09
2.05927975279e-10	-1.90658711041e-09
2.07168165659e-10	3.77864672885e-09
2.08408356038e-10	8.97020502322e-09
2.09648546417e-10	1.25914914051e-08
2.10888736797e-10	1.35569075965e-08
2.12128927176e-10	1.12458478085e-08
2.13369117556e-10	5.8660529767e-09
2.14609307935e-10	-1.48823209312e-09
2.15849498315e-10	-9.13505004974e-09
2.17089688694e-10	-1.53376689127e-08
2.18329879074e-10	-1.8832988502e-08
2.19570069453e-10	-1.91339957212e-08
2.20810259832e-10	-1.65134963481e-08
2.22050450212e-10	-1.17419025614e-08
2.23290640591e-10	-5.75259884172e-09
2.24530830971e-10	5.9878085823e-10
2.2577102135e-10	6.61330901153e-09
2.2701121173e-10	1.17103891029e-08
2.28251402109e-10	1.53749404319e-08
2.29491592489e-10	1.71690111017e-08
2.30731782868e-10	1.68152105573e-08
2.31971973248e-10	1.42927651936e-08
2.33212163627e-10	9.87650317086e-09
2.34452354006e-10	4.08972544719e-09
2.35692544386e-10	-2.39368458388e-09
2.36932734765e-10	-8.83359074777e-09
2.38172925145e-10	-1.44510101663e-08
2.39413115524e-10	-1.84212591847e-08
2.40653305904e-10	-1.99058369788e-08
2.41893496283e-10	-1.81993922155e-08
2.43133686663e-10	-1.29985604502e-08
2.44373877042e-10	-4.70112215822e-09
2.45614067422e-10	5.4289048812e-09
2.46854257801e-10	1.53807313552e-08
2.4809444818e-10	2.28406289438e-08
2.4933463856e-10	2.5843153395e-08
2.50574828939e-10	2.33918289183e-08
2.51815019319e-10	1.58076201018e-08
2.53055209698e-10	4.67097471812e-09
2.54295400078e-10	-7.61348317724e-09
2.55535590457e-10	-1.84638331291e-08
2.56775780837e-10	-2.5757630695e-08
2.58015971216e-10	-2.82730390211e-08
2.59256161596e-10	-2.58526942076e-08
2.60496351975e-10	-1.93086560074e-08
2.61736542354e-10	-1.01423074383e-08
2.62976732734e-10	-1.65879018854e-10
2.64216923113e-10	8.88077700267e-09
2.65457113493e-10	1.56313024746e-08
2.66697303872e-10	1.9252247796e-08
2.67937494252e-10	1.94529832243e-08
2.69177684631e-10	1.63943312259e-08
2.70417875011e-10	1.05821049701e-08
2.7165806539e-10	2.82272649699e-09
2.72898255769e-10	-5.75274006209e-09
2.74138446149e-10	-1.36810038853e-08
2.75378636528e-10	-1.92984792591e-08
2.76618826908e-10	-2.10795274569e-08
2.77859017287e-10	-1.81237922448e-08
2.79099207667e-10	-1.06068487327e-08
2.80339398046e-10	4.13289298618e-11
2.81579588426e-10	1.13890932241e-08
2.82819778805e-10	2.0661179434e-08
2.84059969185e-10	2.55812011574e-08
2.85300159564e-10	2.50755842757e-08
2.86540349943e-10	1.95624672017e-08
2.87780540323e-10	1.07226298951e-08
2.89020730702e-10	8.69935901093e-10
2.90260921082e-10	-7.80293785141e-09
2.91501111461e-10	-1.38073508182e-08
2.92741301841e-10	-1.65852629408e-08
2.9398149222e-10	-1.63744076076e-08
2.952216826e-10	-1.38608307054e-08
2.96461872979e-10	-9.82785586245e-09
2.97702063359e-10	-4.96139662687e-09
2.98942253738e-10	1.52510448714e-10
3.00182444117e-10	4.92080154402e-09
3.01422634497e-10	8.66781046938e-09
3.02662824876e-10	1.07027355867e-08
3.03903015256e-10	1.05404023287e-08
3.05143205635e-10	8.16667178327e-09
3.06383396015e-10	4.17784917772e-09
3.07623586394e-10	-3.30246607838e-10
3.08863776774e-10	-4.11952871815e-09
3.10103967153e-10	-6.26410345816e-09
3.11344157532e-10	-6.48157660876e-09
3.12584347912e-10	-5.17200593464e-09
3.13824538291e-10	-3.14739034835e-09
3.15064728671e-10	-1.19986565128e-09
3.1630491905e-10	2.65600763605e-10
3.1754510943e-10	1.35556910141e-09
3.18785299809e-10	2.52736898076e-09
3.20025490189e-10	4.24791002374e-09
3.21265680568e-10	6.66009203343e-09
3.22505870948e-10	9.42151334726e-09
3.23746061327e-10	1.17797114285e-08
3.24986251706e-10	1.2835613461e-08
3.26226442086e-10	1.18785150605e-08
3.27466632465e-10	8.66381277831e-09
3.28706822845e-10	3.5364176032e-09
3.29947013224e-10	-2.6354620708e-09
3.31187203604e-10	-8.68338645432e-09
3.32427393983e-10	-1.34377629024e-08
3.33667584363e-10	-1.60102793245e-08
3.34907774742e-10	-1.5981976631e-08
3.36147965122e-10	-1.34596209733e-08
3.37388155501e-10	-9.00846863772e-09
3.3862834588e-10	-3.50534246074e-09
3.3986853626e-10	2.03899119811e-09
3.41108726639e-10	6.65458799176e-09
3.42348917019e-10	9.56895274129e-09
3.43589107398e-10	1.03390807027e-08
3.44829297778e-10	8.94457574674e-09
3.46069488157e-10	5.81270231947e-09
3.47309678537e-10	1.73922365398e-09
3.48549868916e-10	-2.30310237548e-09
3.49790059296e-10	-5.42720668406e-09
3.51030249675e-10	-7.07550507073e-09
3.52270440054e-10	-7.15021775122e-09
3.53510630434e-10	-5.97444405059e-09
3.54750820813e-10	-4.10385947447e-09
3.55991011193e-10	-2.07818384723e-09
3.57231201572e-10	-2.30009580826e-10
3.58471391952e-10	1.36719857657e-09
3.59711582331e-10	2.80740275471e-09
3.60951772711e-10	4.18799084301e-09
3.6219196309e-10	5.47396217243e-09
3.63432153469e-10	6.46280007288e-09
3.64672343849e-10	6.85631018627e-09
3.65912534228e-10	6.38853503432e-09
3.67152724608e-10	4.94250107508e-09
3.68392914987e-10	2.6119613139e-09
3.69633105367e-10	-3.00112573681e-10
3.70873295746e-10	-3.33113980844e-09
3.72113486126e-10	-5.94003468635e-09
3.73353676505e-10	-7.61130447557e-09
3.74593866885e-10	-7.97651811268e-09
3.75834057264e-10	-6.9323009555e-09
3.77074247643e-10	-4.70978722689e-09
3.78314438023e-10	-1.84791526525e-09
3.79554628402e-10	9.44959333005e-10
3.80794818782e-10	3.00463542935e-09
3.82035009161e-10	3.92112431413e-09
3.83275199541e-10	3.65665386859e-09
3.8451538992e-10	2.51810172713e-09
3.857555803e-10	9.96731697178e-10
3.86995770679e-10	-4.45544712235e-10
3.88235961059e-10	-1.54256263318e-09
3.89476151438e-10	-2.27028995603e-09
3.90716341817e-10	-2.76010814204e-09
3.91956532197e-10	-3.13351078418e-09
3.93196722576e-10	-3.35609562363e-09
3.94436912956e-10	-3.20133919374e-09
3.95677103335e-10	-2.35649610936e-09
3.96917293715e-10	-6.23064155825e-10
3.98157484094e-10	1.89092030922e-09
3.99397674474e-10	4.69687533311e-09
4.00637864853e-10	7.02990243795e-09
4.01878055233e-10	8.10713807198e-09
4.03118245612e-10	7.43948680437e-09
4.04358435991e-10	5.06273245549e-09
4.05598626371e-10	1.58022606112e-09
4.0683881675e-10	-2.01352134965e-09
4.0807900713e-10	-4.66822713818e-09
4.09319197509e-10	-5.64557334215e-09
4.10559387889e-10	-4.77901984652e-09
4.11799578268e-10	-2.52518517208e-09
4.13039768648e-10	2.10884837371e-10
4.14279959027e-10	2.40831488085e-09
4.15520149406e-10	3.29335603233e-09
4.16760339786e-10	2.59737009678e-09
4.18000530165e-10	6.17787432322e-10
4.19240720545e-10	-1.92829219259e-09
4.20480910924e-10	-4.18570156313e-09
4.21721101304e-10	-5.45979483846e-09
4.22961291683e-10	-5.42275468973e-09
4.24201482063e-10	-4.16927070646e-09
4.25441672442e-10	-2.12909267994e-09
4.26681862822e-10	1.05387198968e-10
4.27922053201e-10	1.96325666835e-09
4.2916224358e-10	3.03781932942e-09
4.3040243396e-10	3.16704440451e-09
4.31642624339e-10	2.45354003781e-09
4.32882814719e-10	1.23349408465e-09
4.34123005098e-10	-4.07984757089e-12
4.35363195478e-10	-7.47737982643e-10
4.36603385857e-10	-6.27211615978e-10
4.37843576237e-10	4.33565211511e-10
4.39083766616e-10	2.13827755502e-09
4.40323956996e-10	3.87087428777e-09
4.41564147375e-10	4.8918895601e-09
4.42804337754e-10	4.62182869754e-09
4.44044528134e-10	2.89834622968e-09
4.45284718513e-10	8.91586388052e-11
4.46524908893e-10	-3.00358871108e-09
4.47765099272e-10	-5.42298739248e-09
4.49005289652e-10	-6.40938679908e-09
4.50245480031e-10	-5.67538238627e-09
4.51485670411e-10	-3.49326811921e-09
4.5272586079e-10	-5.71502400959e-10
4.5396605117e-10	2.21046936311e-09
4.55206241549e-10	4.09355216391e-09
4.56446431928e-10	4.64736427119e-09
4.57686622308e-10	3.84138143517e-09
4.58926812687e-10	1.98963245879e-09
4.60167003067e-10	-3.79988068788e-10
4.61407193446e-10	-2.67318589486e-09
4.62647383826e-10	-4.35690461487e-09
4.63887574205e-10	-5.05690511687e-09
4.65127764585e-10	-4.62846783122e-09
4.66367954964e-10	-3.19352366773e-09
4.67608145343e-10	-1.12668918639e-09
4.68848335723e-10	1.02653763268e-09
4.70088526102e-10	2.69963962296e-09
4.71328716482e-10	3.48958018037e-09
4.72568906861e-10	3.30964944339e-09
4.73809097241e-10	2.43517828125e-09
4.7504928762e-10	1.40353351163e-09
4.76289478e-10	7.92261645177e-10
4.77529668379e-10	9.59058277239e-10
4.78769858759e-10	1.85769100103e-09
4.80010049138e-10	3.02386249373e-09
4.81250239517e-10	3.75350017734e-09
4.82490429897e-10	3.40650085917e-09
4.83730620276e-10	1.70703107205e-09
4.84970810656e-10	-1.09149234095e-09
4.86211001035e-10	-4.2544967549e-09
4.87451191415e-10	-6.81493972365e-09
4.88691381794e-10	-7.92578269682e-09
4.89931572174e-10	-7.17761849955e-09
4.91171762553e-10	-4.75716799286e-09
4.92411952933e-10	-1.38653966086e-09
4.93652143312e-10	1.93020088801e-09
4.94892333691e-10	4.2545913459e-09
4.96132524071e-10	5.02600228103e-09
4.9737271445e-10	4.22537471678e-09
4.9861290483e-10	2.33599539712e-09
4.99853095209e-10	1.27740790168e-10
5.01093285589e-10	-1.64037561312e-09
5.02333475968e-10	-2.48007347992e-09
5.03573666348e-10	-2.30229524334e-09
5.04813856727e-10	-1.38166866837e-09
5.06054047107e-10	-1.94573510082e-10
5.07294237486e-10	7.85248144286e-10
5.08534427865e-10	1.24874910412e-09
5.09774618245e-10	1.12263098817e-09
5.11014808624e-10	5.47539236173e-10
5.12254999004e-10	-2.02543384842e-10
5.13495189383e-10	-8.15170764223e-10
5.14735379763e-10	-1.01899688687e-09
5.15975570142e-10	-6.42110364879e-10
5.17215760522e-10	3.43772982303e-10
5.18455950901e-10	1.79300607694e-09
5.1969614128e-10	3.38346373141e-09
5.2093633166e-10	4.66313787584e-09
5.22176522039e-10	5.15885867358e-09
5.23416712419e-10	4.53027615421e-09
5.24656902798e-10	2.71880318259e-09
5.25897093178e-10	2.41409114921e-11
5.27137283557e-10	-2.93990720657e-09
5.28377473937e-10	-5.41268674326e-09
5.29617664316e-10	-6.72432642901e-09
5.30857854696e-10	-6.51546949726e-09
5.32098045075e-10	-4.85475704082e-09
5.33338235454e-10	-2.2110109299e-09
5.34578425834e-10	7.03513303169e-10
5.35818616213e-10	3.1558458069e-09
5.37058806593e-10	4.60059812468e-09
5.38298996972e-10	4.81027662147e-09
5.39539187352e-10	3.8986702755e-09
5.40779377731e-10	2.24694307605e-09
5.42019568111e-10	3.67684466207e-10
5.4325975849e-10	-1.24850718652e-09
5.4449994887e-10	-2.25971463763e-09
5.45740139249e-10	-2.54099430386e-09
5.46980329628e-10	-2.18106066541e-09
5.48220520008e-10	-1.41712641621e-09
5.49460710387e-10	-5.35106348121e-10
5.50700900767e-10	2.26976368256e-10
5.51941091146e-10	7.37352623403e-10
5.53181281526e-10	9.74590519398e-10
5.54421471905e-10	9.87095627458e-10
5.55661662285e-10	8.37952818245e-10
5.56901852664e-10	5.6855725683e-10
5.58142043043e-10	2.00484212565e-10
5.59382233423e-10	-2.30155394743e-10
5.60622423802e-10	-6.34766406105e-10
5.61862614182e-10	-8.65321425625e-10
5.63102804561e-10	-7.58662410671e-10
5.64342994941e-10	-2.19088275299e-10
5.6558318532e-10	7.00820179667e-10
5.668233757e-10	1.76938430574e-09
5.68063566079e-10	2.62410493335e-09
5.69303756459e-10	2.89057666691e-09
5.70543946838e-10	2.32667884958e-09
5.71784137217e-10	9.29705978869e-10
5.73024327597e-10	-1.03995545508e-09
5.74264517976e-10	-3.12693715365e-09
5.75504708356e-10	-4.81314144096e-09
5.76744898735e-10	-5.66568747473e-09
5.77985089115e-10	-5.45174794198e-09
5.79225279494e-10	-4.19090628867e-09
5.80465469874e-10	-2.14039896917e-09
5.81705660253e-10	2.72362132847e-10
5.82945850633e-10	2.54963028468e-09
5.84186041012e-10	4.2322882976e-09
5.85426231391e-10	4.996572045e-09
5.86666421771e-10	4.72214578551e-09
5.8790661215e-10	3.51770346185e-09
5.8914680253e-10	1.69532532457e-09
5.90386992909e-10	-3.05707681392e-10
5.91627183289e-10	-2.02932759485e-09
5.92867373668e-10	-3.12139558645e-09
5.94107564048e-10	-3.42202333137e-09
5.95347754427e-10	-2.99940050574e-09
5.96587944807e-10	-2.10916661914e-09
5.97828135186e-10	-1.09189735031e-09
5.99068325565e-10	-2.46398457193e-10
6.00308515945e-10	2.73847722276e-10
6.01548706324e-10	4.99089214401e-10
6.02788896704e-10	6.0314275796e-10
6.04029087083e-10	8.04701583146e-10
6.05269277463e-10	1.25506027793e-09
6.06509467842e-10	1.95813520953e-09
6.07749658222e-10	2.7528146429e-09
6.08989848601e-10	3.36022765168e-09
6.1023003898e-10	3.47422490776e-09
6.1147022936e-10	2.86441337316e-09
6.12710419739e-10	1.4617822508e-09
6.13950610119e-10	-5.94697457945e-10
6.15190800498e-10	-2.96331714722e-09
6.16430990878e-10	-5.1580224536e-09
6.17671181257e-10	-6.65244392906e-09
6.18911371637e-10	-7.01135061121e-09
6.20151562016e-10	-6.01690919311e-09
6.21391752396e-10	-3.75269681996e-09
6.22631942775e-10	-6.13948725192e-10
6.23872133154e-10	2.76857425874e-09
6.25112323534e-10	5.67889069103e-09
6.26352513913e-10	7.49858131144e-09
6.27592704293e-10	7.86591414226e-09
6.28832894672e-10	6.76148514955e-09
6.30073085052e-10	4.49425519022e-09
6.31313275431e-10	1.59570689995e-09
6.32553465811e-10	-1.3367033036e-09
6.3379365619e-10	-3.78865250283e-09
6.3503384657e-10	-5.42378941759e-09
6.36274036949e-10	-6.1062777057e-09
6.37514227328e-10	-5.86360959787e-09
6.38754417708e-10	-4.82462114704e-09
6.39994608087e-10	-3.16940207412e-09
6.41234798467e-10	-1.10913833673e-09
6.42474988846e-10	1.11130005198e-09
6.43715179226e-10	3.20930393372e-09
6.44955369605e-10	4.88127005482e-09
6.46195559985e-10	5.84937343007e-09
6.47435750364e-10	5.92769655583e-09
6.48675940744e-10	5.08217290474e-09
6.49916131123e-10	3.45943962365e-09
6.51156321502e-10	1.36752897895e-09
6.52396511882e-10	-7.92570120645e-10
6.53636702261e-10	-2.62598032208e-09
6.54876892641e-10	-3.84092269101e-09
6.5611708302e-10	-4.31164215442e-09
6.573572734e-10	-4.08745215452e-09
6.58597463779e-10	-3.34672689561e-09
6.59837654159e-10	-2.31789010208e-09
6.61077844538e-10	-1.20168663909e-09
6.62318034917e-10	-1.25652613314e-10
6.63558225297e-10	8.57588888792e-10
6.64798415676e-10	1.73580960716e-09
6.66038606056e-10	2.49064435742e-09
6.67278796435e-10	3.06661673832e-09
6.68518986815e-10	3.37083450042e-09
6.69759177194e-10	3.30181038066e-09
6.70999367574e-10	2.79289258387e-09
6.72239557953e-10	1.85089354954e-09
6.73479748333e-10	5.71357572365e-10
6.74719938712e-10	-8.74523120586e-10
6.75960129091e-10	-2.2732358218e-09
6.77200319471e-10	-3.40868200333e-09
6.7844050985e-10	-4.09625311448e-09
6.7968070023e-10	-4.20526502509e-09
6.80920890609e-10	-3.67238861543e-09
6.82161080989e-10	-2.51557219499e-09
6.83401271368e-10	-8.4975515513e-10
6.84641461748e-10	1.10454401181e-09
6.85881652127e-10	3.03418001835e-09
6.87121842507e-10	4.57806326182e-09
6.88362032886e-10	5.40283107142e-09
6.89602223265e-10	5.29128385551e-09
6.90842413645e-10	4.2124259636e-09
6.92082604024e-10	2.34573160895e-09
6.93322794404e-10	4.82314257977e-11
6.94562984783e-10	-2.22886908929e-09
6.95803175163e-10	-4.05031697071e-09
6.97043365542e-10	-5.10037612145e-09
6.98283555922e-10	-5.2494812941e-09
6.99523746301e-10	-4.56789628345e-09
7.00763936681e-10	-3.28558247276e-09
7.0200412706e-10	-1.71411895789e-09
7.03244317439e-10	-1.58377963522e-10
7.04484507819e-10	1.15332210449e-09
7.05724698198e-10	2.10211004159e-09
7.06964888578e-10	2.67009170329e-09
7.08205078957e-10	2.90153612248e-09
7.09445269337e-10	2.85587886673e-09
7.10685459716e-10	2.57410381899e-09
7.11925650096e-10	2.06926631385e-09
7.13165840475e-10	1.33993871554e-09
7.14406030854e-10	3.97491151105e-10
7.15646221234e-10	-7.06230740555e-10
7.16886411613e-10	-1.86216697617e-09
7.18126601993e-10	-2.90425905547e-09
7.19366792372e-10	-3.62906860119e-09
7.20606982752e-10	-3.83573839358e-09
7.21847173131e-10	-3.38196004535e-09
7.23087363511e-10	-2.24333551735e-09
7.2432755389e-10	-5.56081736214e-10
7.2556774427e-10	1.37929556665e-09
7.26807934649e-10	3.14860759687e-09
7.28048125028e-10	4.32438485021e-09
7.29288315408e-10	4.5892831757e-09
7.30528505787e-10	3.84100840023e-09
7.31768696167e-10	2.23763030327e-09
7.33008886546e-10	1.60080171341e-10
7.34249076926e-10	-1.8998871365e-09
7.35489267305e-10	-3.48667450467e-09
7.36729457685e-10	-4.30945057417e-09
7.37969648064e-10	-4.3059387167e-09
7.39209838444e-10	-3.6215652699e-09
7.40450028823e-10	-2.52057774652e-09
7.41690219202e-10	-1.27498156477e-09
7.42930409582e-10	-8.16721967833e-11
7.44170599961e-10	9.6211538736e-10
7.45410790341e-10	1.82693793427e-09
7.4665098072e-10	2.49409071174e-09
7.478911711e-10	2.91445378942e-09
7.49131361479e-10	3.00986502388e-09
7.50371551859e-10	2.71393729712e-09
7.51611742238e-10	2.02578487318e-09
7.52851932618e-10	1.04256669964e-09
7.54092122997e-10	-5.19606267735e-11
7.55332313376e-10	-1.04115827071e-09
7.56572503756e-10	-1.74608205672e-09
7.57812694135e-10	-2.07924655271e-09
7.59052884515e-10	-2.05789185692e-09
7.60293074894e-10	-1.77319992023e-09
7.61533265274e-10	-1.33412492165e-09
7.62773455653e-10	-8.16580636442e-10
7.64013646033e-10	-2.44217895906e-10
7.65253836412e-10	3.91644466857e-10
7.66494026791e-10	1.0863099309e-09
7.67734217171e-10	1.77708636695e-09
7.6897440755e-10	2.3284665307e-09
7.7021459793e-10	2.56102694607e-09
7.71454788309e-10	2.3165516172e-09
7.72694978689e-10	1.5332523029e-09
7.73935169068e-10	2.98835761692e-10
7.75175359448e-10	-1.14554821184e-09
7.76415549827e-10	-2.45977593849e-09
7.77655740207e-10	-3.30235727652e-09
7.78895930586e-10	-3.43787909252e-09
7.80136120965e-10	-2.81539369595e-09
7.81376311345e-10	-1.58796575889e-09
7.82616501724e-10	-6.39464037278e-11
7.83856692104e-10	1.3921416242e-09
7.85096882483e-10	2.47151388244e-09
7.86337072863e-10	3.00409341847e-09
7.87577263242e-10	2.98422309086e-09
7.88817453622e-10	2.53578358311e-09
7.90057644001e-10	1.83907467033e-09
7.91297834381e-10	1.05671082995e-09
7.9253802476e-10	2.90379303935e-10
7.93778215139e-10	-4.17797380026e-10
7.95018405519e-10	-1.05025177444e-09
7.96258595898e-10	-1.57303980952e-09
7.97498786278e-10	-1.91729410126e-09
7.98738976657e-10	-1.99558281011e-09
7.99979167037e-10	-1.74437619904e-09
8.01219357416e-10	-1.16897946878e-09
8.02459547796e-10	-3.6404335102e-10
8.03699738175e-10	5.04571495696e-10
8.04939928555e-10	1.25066845769e-09
8.06180118934e-10	1.72853953373e-09
8.07420309313e-10	1.87743887103e-09
8.08660499693e-10	1.7307775213e-09
8.09900690072e-10	1.3870311566e-09
8.11140880452e-10	9.57837364979e-10
8.12381070831e-10	5.19098986018e-10
8.13621261211e-10	8.80752137888e-11
8.1486145159e-10	-3.63797242331e-10
8.1610164197e-10	-8.69260163849e-10
8.17341832349e-10	-1.41675371435e-09
8.18582022728e-10	-1.92224058893e-09
8.19822213108e-10	-2.23910689989e-09
8.21062403487e-10	-2.2057675686e-09
8.22302593867e-10	-1.714243969e-09
8.23542784246e-10	-7.71390729071e-10
8.24782974626e-10	4.75455952387e-10
8.26023165005e-10	1.76278813768e-09
8.27263355385e-10	2.77960610084e-09
8.28503545764e-10	3.25811155832e-09
8.29743736144e-10	3.05596703498e-09
8.30983926523e-10	2.20065810019e-09
8.32224116902e-10	8.81572037592e-10
8.33464307282e-10	-6.05686556465e-10
8.34704497661e-10	-1.94215510341e-09
8.35944688041e-10	-2.8679678632e-09
8.3718487842e-10	-3.23873239338e-09
8.384250688e-10	-3.04195291179e-09
8.39665259179e-10	-2.37626629485e-09
8.40905449559e-10	-1.40725175957e-09
8.42145639938e-10	-3.19114595859e-10
8.43385830318e-10	7.22527759844e-10
8.44626020697e-10	1.58945068218e-09
8.45866211076e-10	2.19373874621e-09
8.47106401456e-10	2.48309373063e-09
8.48346591835e-10	2.43610132067e-09
8.49586782215e-10	2.06246242307e-09
8.50826972594e-10	1.40638090063e-09
8.52067162974e-10	5.48972811654e-10
8.53307353353e-10	-3.95487753657e-10
8.54547543733e-10	-1.29188038045e-09
8.55787734112e-10	-2.0045760607e-09
8.57027924491e-10	-2.42213871182e-09
8.58268114871e-10	-2.48000442404e-09
8.5950830525e-10	-2.17560858218e-09
8.6074849563e-10	-1.57058921424e-09
8.61988686009e-10	-7.77561182108e-10
8.63228876389e-10	6.60647717088e-11
8.64469066768e-10	8.28929813679e-10
8.65709257148e-10	1.41084066652e-09
8.66949447527e-10	1.75442904649e-09
8.68189637907e-10	1.841024444e-09
8.69429828286e-10	1.67655933581e-09
8.70670018665e-10	1.27870136701e-09
8.71910209045e-10	6.74023337144e-10
8.73150399424e-10	-9.32228808037e-11
8.74390589804e-10	-9.47264378048e-10
8.75630780183e-10	-1.77269743329e-09
8.76870970563e-10	-2.42276843032e-09
8.78111160942e-10	-2.7470117292e-09
8.79351351322e-10	-2.63097743591e-09
8.80591541701e-10	-2.03527616982e-09
8.81831732081e-10	-1.01947850162e-09
8.8307192246e-10	2.59320592777e-10
8.84312112839e-10	1.57566670822e-09
8.85552303219e-10	2.68476751941e-09
8.86792493598e-10	3.37749317403e-09
8.88032683978e-10	3.52664741854e-09
8.89272874357e-10	3.11187076107e-09
8.90513064737e-10	2.21852780591e-09
8.91753255116e-10	1.01379060702e-09
8.92993445496e-10	-2.90417689897e-10
8.94233635875e-10	-1.47761824998e-09
8.95473826255e-10	-2.36225217165e-09
8.96714016634e-10	-2.81645062827e-09
8.97954207013e-10	-2.78740808213e-09
8.99194397393e-10	-2.30426389081e-09
9.00434587772e-10	-1.47269141326e-09
9.01674778152e-10	-4.5590645148e-10
9.02914968531e-10	5.56219792447e-10
9.04155158911e-10	1.38428168928e-09
9.0539534929e-10	1.89390458871e-09
9.0663553967e-10	2.01847982773e-09
9.07875730049e-10	1.76535208674e-09
9.09115920428e-10	1.20599674691e-09
9.10356110808e-10	4.54863369193e-10
9.11596301187e-10	-3.56130958057e-10
9.12836491567e-10	-1.10092746031e-09
9.14076681946e-10	-1.67634728321e-09
9.15316872326e-10	-2.01141570066e-09
9.16557062705e-10	-2.06952344151e-09
9.17797253085e-10	-1.84541870674e-09
9.19037443464e-10	-1.36124167494e-09
9.20277633844e-10	-6.63760491015e-10
9.21517824223e-10	1.76662656726e-10
9.22758014602e-10	1.06756703477e-09
9.23998204982e-10	1.89950677409e-09
9.25238395361e-10	2.55757393042e-09
9.26478585741e-10	2.93924506956e-09
9.2771877612e-10	2.97428148777e-09
9.289589665e-10	2.64187449694e-09
9.30199156879e-10	1.97920346778e-09
9.31439347259e-10	1.07807884842e-09
9.32679537638e-10	6.9351531462e-11
9.33919728018e-10	-9.00651275781e-10
9.35159918397e-10	-1.69529368321e-09
9.36400108776e-10	-2.20858020761e-09
9.37640299156e-10	-2.37775044098e-09
9.38880489535e-10	-2.18819939946e-09
9.40120679915e-10	-1.67389391237e-09
9.41360870294e-10	-9.16323017464e-10
9.42601060674e-10	-4.06875713677e-11
9.43841251053e-10	7.95566279521e-10
9.45081441433e-10	1.42668621361e-09
9.46321631812e-10	1.71498415469e-09
9.47561822192e-10	1.59021162904e-09
9.48802012571e-10	1.07604503086e-09
9.5004220295e-10	2.89130552833e-10
9.5128239333e-10	-5.9294780197e-10
9.52522583709e-10	-1.38388822624e-09
9.53762774089e-10	-1.93989091457e-09
9.55002964468e-10	-2.18907159066e-09
9.56243154848e-10	-2.12976192238e-09
9.57483345227e-10	-1.80464565513e-09
9.58723535607e-10	-1.26839960757e-09
9.59963725986e-10	-5.67718483335e-10
9.61203916365e-10	2.56752480388e-10
9.62444106745e-10	1.15124920708e-09
9.63684297124e-10	2.02814320893e-09
9.64924487504e-10	2.76070566407e-09
9.66164677883e-10	3.20252024899e-09
9.67404868263e-10	3.22852833357e-09
9.68645058642e-10	2.78210965377e-09
9.69885249022e-10	1.90762095009e-09
9.71125439401e-10	7.52289619488e-10
9.72365629781e-10	-4.66750749162e-10
9.7360582016e-10	-1.52022661126e-09
9.74846010539e-10	-2.22882046153e-09
9.76086200919e-10	-2.50680076697e-09
9.77326391298e-10	-2.37338348974e-09
9.78566581678e-10	-1.93091476142e-09
9.79806772057e-10	-1.32187016888e-09
9.81046962437e-10	-6.82979006683e-10
9.82287152816e-10	-1.13311408867e-10
9.83527343196e-10	3.35237670956e-10
9.84767533575e-10	6.47375486551e-10
9.86007723955e-10	8.23400903016e-10
9.87247914334e-10	8.60643112333e-10
9.88488104713e-10	7.47467310269e-10
9.89728295093e-10	4.72833994181e-10
9.90968485472e-10	4.58816838689e-11
9.92208675852e-10	-4.86134910105e-10
9.93448866231e-10	-1.0332411593e-09
9.94689056611e-10	-1.47824474883e-09
9.9592924699e-10	-1.70935265942e-09
9.9716943737e-10	-1.65687685794e-09
9.98409627749e-10	-1.31725796937e-09
9.99649818129e-10	-7.5303230318e-10
1.00089000851e-09	-6.89830484402e-11
1.00213019889e-09	6.24133744687e-10
1.00337038927e-09	1.24077836894e-09
1.00461057965e-09	1.73266623271e-09
1.00585077003e-09	2.07920192175e-09
1.00709096041e-09	2.26608554144e-09
1.00833115078e-09	2.26805529913e-09
1.00957134116e-09	2.04823269456e-09
1.01081153154e-09	1.57704027615e-09
1.01205172192e-09	8.6127033283e-10
1.0132919123e-09	-3.3265567384e-11
1.01453210268e-09	-9.8003261062e-10
1.01577229306e-09	-1.81599035809e-09
1.01701248344e-09	-2.38442332545e-09
1.01825267382e-09	-2.580585301e-09
1.0194928642e-09	-2.38181563361e-09
1.02073305458e-09	-1.85082660309e-09
1.02197324496e-09	-1.11249343071e-09
1.02321343534e-09	-3.15119846883e-10
1.02445362572e-09	4.08207634361e-10
1.0256938161e-09	9.64727964181e-10
1.02693400648e-09	1.30788113673e-09
1.02817419686e-09	1.42829192917e-09
1.02941438724e-09	1.33946242986e-09
1.03065457761e-09	1.06741571138e-09
1.03189476799e-09	6.48592513031e-10
1.03313495837e-09	1.34169717003e-10
1.03437514875e-09	-4.0579900551e-10
1.03561533913e-09	-8.85693740571e-10
1.03685552951e-09	-1.21786369878e-09
1.03809571989e-09	-1.33379318701e-09
1.03933591027e-09	-1.20530385672e-09
1.04057610065e-09	-8.56170634389e-10
1.04181629103e-09	-3.57544105434e-10
1.04305648141e-09	1.92371507612e-10
1.04429667179e-09	6.96856683469e-10
1.04553686217e-09	1.08656983411e-09
1.04677705255e-09	1.33257493928e-09
1.04801724293e-09	1.44213962994e-09
1.04925743331e-09	1.4414838212e-09
1.05049762369e-09	1.35518096744e-09
1.05173781407e-09	1.19240750607e-09
1.05297800444e-09	9.45824196741e-10
1.05421819482e-09	6.02555727536e-10
1.0554583852e-09	1.60348678779e-10
1.05669857558e-09	-3.59325652566e-10
1.05793876596e-09	-9.06706765225e-10
1.05917895634e-09	-1.40925149328e-09
1.06041914672e-09	-1.7851037315e-09
1.0616593371e-09	-1.95986160634e-09
1.06289952748e-09	-1.88198590045e-09
1.06413971786e-09	-1.53466250818e-09
1.06537990824e-09	-9.42942723903e-10
1.06662009862e-09	-1.74979170042e-10
1.067860289e-09	6.63471777518e-10
1.06910047938e-09	1.44168388339e-09
1.07034066976e-09	2.02400451954e-09
1.07158086014e-09	2.29562036047e-09
1.07282105052e-09	2.18889284476e-09
1.0740612409e-09	1.70357816742e-09
1.07530143128e-09	9.14540887464e-10
1.07654162165e-09	-3.77055400791e-11
1.07778181203e-09	-9.73893299339e-10
1.07902200241e-09	-1.71457936737e-09
1.08026219279e-09	-2.12083284268e-09
1.08150238317e-09	-2.12652428999e-09
1.08274257355e-09	-1.75304804007e-09
1.08398276393e-09	-1.1016622059e-09
1.08522295431e-09	-3.25219462471e-10
1.08646314469e-09	4.1294193065e-10
1.08770333507e-09	9.81398962097e-10
1.08894352545e-09	1.31122068758e-09
1.09018371583e-09	1.40476197341e-09
1.09142390621e-09	1.32048405543e-09
1.09266409659e-09	1.14048004374e-09
1.09390428697e-09	9.33711663542e-10
1.09514447735e-09	7.30146165751e-10
1.09638466773e-09	5.16275133755e-10
1.09762485811e-09	2.52731530148e-10
1.09886504848e-09	-9.50627285223e-11
1.10010523886e-09	-5.27563381869e-10
1.10134542924e-09	-9.96770110895e-10
1.10258561962e-09	-1.41402833886e-09
1.10382581e-09	-1.67635039183e-09
1.10506600038e-09	-1.69996783317e-09
1.10630619076e-09	-1.4476879695e-09
1.10754638114e-09	-9.40439504049e-10
1.10878657152e-09	-2.50796078349e-10
1.1100267619e-09	5.15746834129e-10
1.11126695228e-09	1.24228083376e-09
1.11250714266e-09	1.81779424846e-09
1.11374733304e-09	2.14857509562e-09
1.11498752342e-09	2.16666595776e-09
1.1162277138e-09	1.83945547683e-09
1.11746790418e-09	1.18158760554e-09
1.11870809456e-09	2.64882699108e-10
1.11994828494e-09	-7.80848385951e-10
1.12118847531e-09	-1.78191617017e-09
1.12242866569e-09	-2.55093857149e-09
1.12366885607e-09	-2.92782864619e-09
1.12490904645e-09	-2.82089818171e-09
1.12614923683e-09	-2.23551088752e-09
1.12738942721e-09	-1.28038257774e-09
1.12862961759e-09	-1.46959805436e-10
1.12986980797e-09	9.34960886489e-10
1.13110999835e-09	1.75432091076e-09
1.13235018873e-09	2.17189488616e-09
1.13359037911e-09	2.15300377526e-09
1.13483056949e-09	1.76891679082e-09
1.13607075987e-09	1.16640330727e-09
1.13731095025e-09	5.16924558713e-10
1.13855114063e-09	-3.6113660673e-11
1.13979133101e-09	-4.13326151083e-10
1.14103152139e-09	-6.07783767759e-10
1.14227171177e-09	-6.66308008768e-10
1.14351190214e-09	-6.55044740672e-10
1.14475209252e-09	-6.2546717805e-10
1.1459922829e-09	-5.94338411819e-10
1.14723247328e-09	-5.43834588473e-10
1.14847266366e-09	-4.38723779528e-10
1.14971285404e-09	-2.5080310051e-10
1.15095304442e-09	2.15548013466e-11
1.1521932348e-09	3.46819212238e-10
1.15343342518e-09	6.68409105842e-10
1.15467361556e-09	9.22418919025e-10
1.15591380594e-09	1.05596531519e-09
1.15715399632e-09	1.03824371323e-09
1.1583941867e-09	8.61375859529e-10
1.15963437708e-09	5.34633837201e-10
1.16087456746e-09	7.88888121495e-11
1.16211475784e-09	-4.72911709792e-10
1.16335494822e-09	-1.06864461724e-09
1.1645951386e-09	-1.62943591953e-09
1.16583532898e-09	-2.05097538952e-09
1.16707551935e-09	-2.22060569932e-09
1.16831570973e-09	-2.0492538777e-09
1.16955590011e-09	-1.50827450529e-09
1.17079609049e-09	-6.55857590459e-10
1.17203628087e-09	3.61360663614e-10
1.17327647125e-09	1.33748823128e-09
1.17451666163e-09	2.06131045566e-09
1.17575685201e-09	2.37780217738e-09
1.17699704239e-09	2.23560658874e-09
1.17823723277e-09	1.70287772772e-09
1.17947742315e-09	9.44954114956e-10
1.18071761353e-09	1.7152804177e-10
1.18195780391e-09	-4.27972629558e-10
1.18319799429e-09	-7.38034078296e-10
1.18443818467e-09	-7.42432726408e-10
1.18567837505e-09	-5.14986442379e-10
1.18691856543e-09	-1.82315385011e-10
1.18815875581e-09	1.25122134875e-10
1.18939894618e-09	3.15213383173e-10
1.19063913656e-09	3.55782903139e-10
1.19187932694e-09	2.71534711382e-10
1.19311951732e-09	1.21641141604e-10
1.1943597077e-09	-2.98563812562e-11
1.19559989808e-09	-1.37959615953e-10
1.19684008846e-09	-1.87166157573e-10
1.19808027884e-09	-1.87905940807e-10
1.19932046922e-09	-1.64447733209e-10
1.2005606596e-09	-1.42091421962e-10
1.20180084998e-09	-1.39624964368e-10
1.20304104036e-09	-1.68049935079e-10
1.20428123074e-09	-2.32313446258e-10
1.20552142112e-09	-3.32154720395e-10
1.2067616115e-09	-4.59907611994e-10
1.20800180188e-09	-5.96322935476e-10
1.20924199226e-09	-7.08274161543e-10
1.21048218264e-09	-7.52348017219e-10
1.21172237301e-09	-6.85476064799e-10
1.21296256339e-09	-4.80098794053e-10
1.21420275377e-09	-1.38753591949e-10
1.21544294415e-09	2.98266855658e-10
1.21668313453e-09	7.56919915634e-10
1.21792332491e-09	1.14541343077e-09
1.21916351529e-09	1.37840328041e-09
1.22040370567e-09	1.40220612899e-09
1.22164389605e-09	1.21256238383e-09
1.22288408643e-09	8.57925452902e-10
1.22412427681e-09	4.26640500706e-10
1.22536446719e-09	2.18944098962e-11
1.22660465757e-09	-2.67869781911e-10
1.22784484795e-09	-3.9335806834e-10
1.22908503833e-09	-3.56134816082e-10
1.23032522871e-09	-2.0469483053e-10
1.23156541909e-09	-1.72912534985e-11
1.23280560947e-09	1.23071011715e-10
1.23404579984e-09	1.53827034444e-10
1.23528599022e-09	5.05769592873e-11
1.2365261806e-09	-1.67071759205e-10
1.23776637098e-09	-4.42626491015e-10
1.23900656136e-09	-7.00484781291e-10
1.24024675174e-09	-8.69031069328e-10
1.24148694212e-09	-9.01430874389e-10
1.2427271325e-09	-7.87940601654e-10
1.24396732288e-09	-5.56992507672e-10
1.24520751326e-09	-2.65387961607e-10
1.24644770364e-09	1.86328955737e-11
1.24768789402e-09	2.3374469027e-10
1.2489280844e-09	3.40408506938e-10
1.25016827478e-09	3.29489963091e-10
1.25140846516e-09	2.22876231359e-10
1.25264865554e-09	6.56381268782e-11
1.25388884592e-09	-8.76815842155e-11
1.2551290363e-09	-1.88808316204e-10
1.25636922668e-09	-2.08825165493e-10
1.25760941705e-09	-1.44043804662e-10
1.25884960743e-09	-1.25459937578e-11
1.26008979781e-09	1.55897059151e-10
1.26132998819e-09	3.30714539087e-10
1.26257017857e-09	4.87599460808e-10
1.26381036895e-09	6.09302275301e-10
1.26505055933e-09	6.81725231821e-10
1.26629074971e-09	6.90436208206e-10
1.26753094009e-09	6.22340290413e-10
1.26877113047e-09	4.72975603127e-10
1.27001132085e-09	2.55384019487e-10
1.27125151123e-09	4.53440930637e-12
1.27249170161e-09	-2.28383478795e-10
1.27373189199e-09	-3.92397919713e-10
1.27497208237e-09	-4.57477056237e-10
1.27621227275e-09	-4.29569685378e-10
1.27745246313e-09	-3.51368101281e-10
1.27869265351e-09	-2.86012408202e-10
1.27993284388e-09	-2.89010287924e-10
1.28117303426e-09	-3.81352061041e-10
1.28241322464e-09	-5.37228705966e-10
1.28365341502e-09	-6.92796042756e-10
1.2848936054e-09	-7.72877040145e-10
1.28613379578e-09	-7.23835325012e-10
1.28737398616e-09	-5.37269118084e-10
1.28861417654e-09	-2.53572635112e-10
1.28985436692e-09	5.51718497277e-11
1.2910945573e-09	3.14273523871e-10
1.29233474768e-09	4.74559891384e-10
1.29357493806e-09	5.27081156498e-10
1.29481512844e-09	4.99108698815e-10
1.29605531882e-09	4.35405211885e-10
1.2972955092e-09	3.75009523434e-10
1.29853569958e-09	3.34138217095e-10
1.29977588996e-09	3.02656760764e-10
1.30101608034e-09	2.5524454772e-10
1.30225627071e-09	1.70332845051e-10
1.30349646109e-09	4.67715900732e-11
1.30473665147e-09	-9.00823096672e-11
1.30597684185e-09	-1.96200555802e-10
1.30721703223e-09	-2.27634328054e-10
1.30845722261e-09	-1.613456313e-10
1.30969741299e-09	-7.78003529656e-12
1.31093760337e-09	1.90242641085e-10
1.31217779375e-09	3.72058189813e-10
1.31341798413e-09	4.81289730292e-10
1.31465817451e-09	4.86308215919e-10
1.31589836489e-09	3.90308313447e-10
1.31713855527e-09	2.27290991583e-10
1.31837874565e-09	4.62857321915e-11
1.31961893603e-09	-1.0997511235e-10
1.32085912641e-09	-2.22648482984e-10
1.32209931679e-09	-3.02389752127e-10
1.32333950717e-09	-3.80186715443e-10
1.32457969755e-09	-4.87545004368e-10
1.32581988792e-09	-6.35127284099e-10
1.3270600783e-09	-8.00057686767e-10
1.32830026868e-09	-9.29336385624e-10
1.32954045906e-09	-9.58581658494e-10
1.33078064944e-09	-8.37777902607e-10
1.33202083982e-09	-5.52875745186e-10
1.3332610302e-09	-1.34193794965e-10
1.33450122058e-09	3.51250528663e-10
1.33574141096e-09	8.19294521115e-10
1.33698160134e-09	1.19084964112e-09
1.33822179172e-09	1.4088010758e-09
1.3394619821e-09	1.44562861681e-09
1.34070217248e-09	1.30205646265e-09
1.34194236286e-09	1.00077379717e-09
1.34318255324e-09	5.79905734543e-10
1.34442274362e-09	8.90081133798e-11
1.345662934e-09	-4.13140438527e-10
1.34690312438e-09	-8.61004434416e-10
1.34814331475e-09	-1.18756382506e-09
1.34938350513e-09	-1.33394428836e-09
1.35062369551e-09	-1.26218324681e-09
1.35186388589e-09	-9.67576907485e-10
1.35310407627e-09	-4.85861517685e-10
1.35434426665e-09	1.08261691278e-10
1.35558445703e-09	7.12842673778e-10
1.35682464741e-09	1.21852816726e-09
1.35806483779e-09	1.53136769931e-09
1.35930502817e-09	1.59255431065e-09
1.36054521855e-09	1.38999523003e-09
1.36178540893e-09	9.59119006438e-10
1.36302559931e-09	3.73096609163e-10
1.36426578969e-09	-2.739720395e-10
1.36550598007e-09	-8.86015205648e-10
1.36674617045e-09	-1.38146150075e-09
1.36798636083e-09	-1.70365066499e-09
1.36922655121e-09	-1.82393444792e-09
1.37046674158e-09	-1.73877268139e-09
1.37170693196e-09	-1.46396239575e-09
1.37294712234e-09	-1.02891073439e-09
1.37418731272e-09	-4.73132089063e-10
1.3754275031e-09	1.54339097058e-10
1.37666769348e-09	7.94133592219e-10
1.37790788386e-09	1.37697697689e-09
1.37914807424e-09	1.82780057756e-09
1.38038826462e-09	2.07478989545e-09
1.381628455e-09	2.06292116722e-09
1.38286864538e-09	1.7690749976e-09
1.38410883576e-09	1.2137997274e-09
1.38534902614e-09	4.65034621921e-10
1.38658921652e-09	-3.69342223472e-10
1.3878294069e-09	-1.15973664006e-09
1.38906959728e-09	-1.77963721537e-09
1.39030978766e-09	-2.13005213467e-09
1.39154997804e-09	-2.15710227458e-09
1.39279016841e-09	-1.85905346672e-09
1.39403035879e-09	-1.28268717869e-09
1.39527054917e-09	-5.12403730557e-10
1.39651073955e-09	3.43675116143e-10
1.39775092993e-09	1.16736686984e-09
1.39899112031e-09	1.84299397965e-09
1.40023131069e-09	2.26940377601e-09
1.40147150107e-09	2.37242581136e-09
1.40271169145e-09	2.11777506642e-09
1.40395188183e-09	1.52193890823e-09
1.40519207221e-09	6.57080168054e-10
1.40643226259e-09	-3.540386595e-10
1.40767245297e-09	-1.35481970087e-09
1.40891264335e-09	-2.1817998519e-09
1.41015283373e-09	-2.69633204653e-09
1.41139302411e-09	-2.81293632831e-09
1.41263321449e-09	-2.51670950746e-09
1.41387340487e-09	-1.86486248666e-09
1.41511359525e-09	-9.7216568129e-10
1.41635378562e-09	1.51890305888e-11
1.417593976e-09	9.49291756314e-10
1.41883416638e-09	1.70601932581e-09
1.42007435676e-09	2.20112261751e-09
1.42131454714e-09	2.39513209266e-09
1.42255473752e-09	2.28921992473e-09
1.4237949279e-09	1.91628490853e-09
1.42503511828e-09	1.33160371618e-09
1.42627530866e-09	6.05673067255e-10
1.42751549904e-09	-1.80205600442e-10
1.42875568942e-09	-9.37161348524e-10
1.4299958798e-09	-1.57370061427e-09
1.43123607018e-09	-2.00427563435e-09
1.43247626056e-09	-2.16164708355e-09
1.43371645094e-09	-2.01084415785e-09
1.43495664132e-09	-1.56061619183e-09
1.4361968317e-09	-8.67749649913e-10
1.43743702208e-09	-3.12263027935e-11
1.43867721245e-09	8.23354662227e-10
1.43991740283e-09	1.56569590626e-09
1.44115759321e-09	2.08335193541e-09
1.44239778359e-09	2.29953500686e-09
1.44363797397e-09	2.18296825061e-09
1.44487816435e-09	1.74963210586e-09
1.44611835473e-09	1.05826614138e-09
1.44735854511e-09	2.01719141391e-10
1.44859873549e-09	-7.04171221333e-10
1.44983892587e-09	-1.53394896785e-09
1.45107911625e-09	-2.16829576516e-09
1.45231930663e-09	-2.51135956475e-09
1.45355949701e-09	-2.50714426997e-09
1.45479968739e-09	-2.15129092318e-09
1.45603987777e-09	-1.49479051359e-09
1.45728006815e-09	-6.3722488397e-10
1.45852025853e-09	2.89843316015e-10
1.45976044891e-09	1.14588438738e-09
1.46100063928e-09	1.80594750265e-09
1.46224082966e-09	2.18161488874e-09
1.46348102004e-09	2.23414797773e-09
1.46472121042e-09	1.977566777e-09
1.4659614008e-09	1.47205403422e-09
1.46720159118e-09	8.09860067896e-10
1.46844178156e-09	9.71512384429e-11
1.46968197194e-09	-5.63960211863e-10
1.47092216232e-09	-1.08981412783e-09
1.4721623527e-09	-1.42403566716e-09
1.47340254308e-09	-1.54061030599e-09
1.47464273346e-09	-1.44217482401e-09
1.47588292384e-09	-1.15547305057e-09
1.47712311422e-09	-7.25708326765e-10
1.4783633046e-09	-2.10517075994e-10
1.47960349498e-09	3.25901750031e-10
1.48084368536e-09	8.18478451681e-10
1.48208387574e-09	1.20675291981e-09
1.48332406611e-09	1.44048128981e-09
1.48456425649e-09	1.48541956513e-09
1.48580444687e-09	1.32882516102e-09
1.48704463725e-09	9.8388963643e-10
1.48828482763e-09	4.91087448484e-10
1.48952501801e-09	-8.52111298189e-11
1.49076520839e-09	-6.65527244426e-10
1.49200539877e-09	-1.16796761152e-09
1.49324558915e-09	-1.52193335712e-09
1.49448577953e-09	-1.679562045e-09
1.49572596991e-09	-1.62224433886e-09
1.49696616029e-09	-1.3618602912e-09
1.49820635067e-09	-9.37552258051e-10
1.49944654105e-09	-4.09303702043e-10
1.50068673143e-09	1.507077102e-10
1.50192692181e-09	6.68005373239e-10
1.50316711219e-09	1.07611952682e-09
1.50440730257e-09	1.32618172e-09
1.50564749295e-09	1.39380595954e-09
1.50688768332e-09	1.28182320314e-09
1.5081278737e-09	1.01853725454e-09
1.50936806408e-09	6.52061626916e-10
1.51060825446e-09	2.41783953969e-10
1.51184844484e-09	-1.51393689252e-10
1.51308863522e-09	-4.7425402494e-10
1.5143288256e-09	-6.88789747461e-10
1.51556901598e-09	-7.76812669745e-10
1.51680920636e-09	-7.40637551289e-10
1.51804939674e-09	-6.00105409809e-10
1.51928958712e-09	-3.87015502978e-10
1.5205297775e-09	-1.38489816837e-10
1.52176996788e-09	1.09297210171e-10
1.52301015826e-09	3.25636684284e-10
1.52425034864e-09	4.87715090536e-10
1.52549053902e-09	5.81428738489e-10
1.5267307294e-09	6.00782479321e-10
1.52797091978e-09	5.46430289905e-10
1.52921111015e-09	4.23929419346e-10
1.53045130053e-09	2.42623338087e-10
1.53169149091e-09	1.53783791257e-11
1.53293168129e-09	-2.40603925672e-10
1.53417187167e-09	-5.02468899821e-10
1.53541206205e-09	-7.41277650373e-10
1.53665225243e-09	-9.23691290122e-10
1.53789244281e-09	-1.01645303285e-09
1.53913263319e-09	-9.93296556118e-10
1.54037282357e-09	-8.43019487551e-10
1.54161301395e-09	-5.75902658895e-10
1.54285320433e-09	-2.2552952561e-10
1.54409339471e-09	1.55715801364e-10
1.54533358509e-09	5.07414610329e-10
1.54657377547e-09	7.75455977209e-10
1.54781396585e-09	9.25232168658e-10
1.54905415623e-09	9.48844003368e-10
1.55029434661e-09	8.63888238722e-10
1.55153453698e-09	7.04609259827e-10
1.55277472736e-09	5.09206510291e-10
1.55401491774e-09	3.08624320544e-10
1.55525510812e-09	1.21021984101e-10
1.5564952985e-09	-4.71097778842e-11
1.55773548888e-09	-1.95013671878e-10
1.55897567926e-09	-3.20666743159e-10
1.56021586964e-09	-4.1644795945e-10
1.56145606002e-09	-4.69612626564e-10
1.5626962504e-09	-4.67054228626e-10
1.56393644078e-09	-4.02000849276e-10
1.56517663116e-09	-2.79492984312e-10
1.56641682154e-09	-1.17775650343e-10
1.56765701192e-09	5.52017286048e-11
1.5688972023e-09	2.08739012186e-10
1.57013739268e-09	3.16641740605e-10
1.57137758306e-09	3.62008589772e-10
1.57261777344e-09	3.38192612803e-10
1.57385796381e-09	2.46818676608e-10
1.57509815419e-09	9.53543285998e-11
1.57633834457e-09	-1.0357983915e-10
1.57757853495e-09	-3.30609040144e-10
1.57881872533e-09	-5.57508983423e-10
1.58005891571e-09	-7.47234663034e-10
1.58129910609e-09	-8.58374704649e-10
1.58253929647e-09	-8.54072479406e-10
1.58377948685e-09	-7.13106185213e-10
1.58501967723e-09	-4.39359604254e-10
1.58625986761e-09	-6.59201720987e-11
1.58750005799e-09	3.4847830177e-10
1.58874024837e-09	7.30912275149e-10
1.58998043875e-09	1.01108610373e-09
1.59122062913e-09	1.13901510446e-09
1.59246081951e-09	1.09806808091e-09
1.59370100989e-09	9.08764008489e-10
1.59494120027e-09	6.21541706991e-10
1.59618139065e-09	3.00812041942e-10
1.59742158102e-09	6.07907257519e-12
1.5986617714e-09	-2.22953863704e-10
1.59990196178e-09	-3.72139596916e-10
1.60114215216e-09	-4.48628356686e-10
1.60238234254e-09	-4.70098127092e-10
1.60362253292e-09	-4.53349247032e-10
1.6048627233e-09	-4.07546524306e-10
1.60610291368e-09	-3.34395289237e-10
1.60734310406e-09	-2.33604080524e-10
1.60858329444e-09	-1.09573093654e-10
1.60982348482e-09	2.47677173909e-11
1.6110636752e-09	1.48971668334e-10
1.61230386558e-09	2.40234554472e-10
1.61354405596e-09	2.79903322742e-10
1.61478424634e-09	2.5819651972e-10
1.61602443672e-09	1.75694750415e-10
1.6172646271e-09	4.19102114124e-11
1.61850481748e-09	-1.27194504929e-10
1.61974500785e-09	-3.10916875579e-10
1.62098519823e-09	-4.84066842166e-10
1.62222538861e-09	-6.17103146361e-10
1.62346557899e-09	-6.78325062786e-10
1.62470576937e-09	-6.39535757685e-10
1.62594595975e-09	-4.84638496001e-10
1.62718615013e-09	-2.1835511177e-10
1.62842634051e-09	1.28876798122e-10
1.62966653089e-09	5.03139474528e-10
1.63090672127e-09	8.37004410226e-10
1.63214691165e-09	1.06485609219e-09
1.63338710203e-09	1.138908301e-09
1.63462729241e-09	1.04105790655e-09
1.63586748279e-09	7.87222453891e-10
1.63710767317e-09	4.23451662623e-10
1.63834786355e-09	1.55908255056e-11
1.63958805393e-09	-3.644462232e-10
1.64082824431e-09	-6.52486342734e-10
1.64206843468e-09	-8.0356721277e-10
1.64330862506e-09	-7.99403043761e-10
1.64454881544e-09	-6.51128262419e-10
1.64578900582e-09	-3.96870925012e-10
1.6470291962e-09	-9.43318131941e-11
1.64826938658e-09	1.90872415096e-10
1.64950957696e-09	3.99171307119e-10
1.65074976734e-09	4.90282536791e-10
1.65198995772e-09	4.52255954908e-10
1.6532301481e-09	3.0344760038e-10
1.65447033848e-09	8.64827445768e-11
1.65571052886e-09	-1.44356596121e-10
1.65695071924e-09	-3.38454902993e-10
1.65819090962e-09	-4.62079680075e-10
1.6594311e-09	-5.05330832734e-10
1.66067129038e-09	-4.80800343983e-10
1.66191148076e-09	-4.1471157064e-10
1.66315167114e-09	-3.34069327756e-10
1.66439186151e-09	-2.54986642911e-10
1.66563205189e-09	-1.76841305488e-10
1.66687224227e-09	-8.4775804432e-11
1.66811243265e-09	4.02340244454e-11
1.66935262303e-09	2.07926051377e-10
1.67059281341e-09	4.08135469865e-10
1.67183300379e-09	6.08323669216e-10
1.67307319417e-09	7.61191554233e-10
1.67431338455e-09	8.1991197165e-10
1.67555357493e-09	7.54988238594e-10
1.67679376531e-09	5.65649194151e-10
1.67803395569e-09	2.81300011062e-10
1.67927414607e-09	-4.69331171149e-11
1.68051433645e-09	-3.6046624019e-10
1.68175452683e-09	-6.0743954311e-10
1.68299471721e-09	-7.51967432766e-10
1.68423490759e-09	-7.76790409773e-10
1.68547509797e-09	-6.81380674106e-10
1.68671528835e-09	-4.78934392145e-10
1.68795547872e-09	-1.95013311055e-10
1.6891956691e-09	1.31906291445e-10
1.69043585948e-09	4.50306403277e-10
1.69167604986e-09	6.99480751098e-10
1.69291624024e-09	8.19720180623e-10
1.69415643062e-09	7.67879815289e-10
1.695396621e-09	5.33959321203e-10
1.69663681138e-09	1.51744838917e-10
1.69787700176e-09	-3.02743996539e-10
1.69911719214e-09	-7.27400362166e-10
1.70035738252e-09	-1.02122355017e-09
1.7015975729e-09	-1.11395637159e-09
1.70283776328e-09	-9.87498194327e-10
1.70407795366e-09	-6.80637046724e-10
1.70531814404e-09	-2.75086481372e-10
1.70655833442e-09	1.31919850044e-10
1.7077985248e-09	4.57977794577e-10
1.70903871518e-09	6.57558119066e-10
1.71027890555e-09	7.28197335764e-10
1.71151909593e-09	7.00333846471e-10
1.71275928631e-09	6.17128459446e-10
1.71399947669e-09	5.1393483913e-10
1.71523966707e-09	4.06162159461e-10
1.71647985745e-09	2.89690021971e-10
1.71772004783e-09	1.51737400422e-10
1.71896023821e-09	-1.47022775898e-11
1.72020042859e-09	-2.00536004469e-10
1.72144061897e-09	-3.79271808404e-10
1.72268080935e-09	-5.1509302379e-10
1.72392099973e-09	-5.76110770201e-10
1.72516119011e-09	-5.46267975299e-10
1.72640138049e-09	-4.30677771224e-10
1.72764157087e-09	-2.52723786343e-10
1.72888176125e-09	-4.50336400115e-11
1.73012195163e-09	1.60942550953e-10
1.73136214201e-09	3.41682404592e-10
1.73260233238e-09	4.8211273862e-10
1.73384252276e-09	5.71105052138e-10
1.73508271314e-09	5.95921589852e-10
1.73632290352e-09	5.40440525665e-10
1.7375630939e-09	3.90084603508e-10
1.73880328428e-09	1.42460820918e-10
1.74004347466e-09	-1.81482495698e-10
1.74128366504e-09	-5.32398403141e-10
1.74252385542e-09	-8.38394964564e-10
1.7437640458e-09	-1.02213926212e-09
1.74500423618e-09	-1.02424912996e-09
1.74624442656e-09	-8.24562640389e-10
1.74748461694e-09	-4.52827275677e-10
1.74872480732e-09	1.59241734382e-11
1.7499649977e-09	4.80666895175e-10
1.75120518808e-09	8.421799369e-10
1.75244537846e-09	1.03013619857e-09
1.75368556884e-09	1.02057284845e-09
1.75492575921e-09	8.38370706191e-10
1.75616594959e-09	5.44775058398e-10
1.75740613997e-09	2.15327117248e-10
1.75864633035e-09	-8.31131968804e-11
1.75988652073e-09	-3.08132713789e-10
1.76112671111e-09	-4.45857573084e-10
1.76236690149e-09	-5.04269404011e-10
1.76360709187e-09	-5.00993857511e-10
1.76484728225e-09	-4.52343551505e-10
1.76608747263e-09	-3.68333197276e-10
1.76732766301e-09	-2.54394227905e-10
1.76856785339e-09	-1.16866738509e-10
1.76980804377e-09	3.22687015997e-11
1.77104823415e-09	1.74851785828e-10
1.77228842453e-09	2.90649143642e-10
1.77352861491e-09	3.63739260933e-10
1.77476880529e-09	3.87649051747e-10
1.77600899567e-09	3.66460750634e-10
1.77724918605e-09	3.11267400743e-10
1.77848937642e-09	2.33912195169e-10
1.7797295668e-09	1.4142577387e-10
1.78096975718e-09	3.41716273333e-11
1.78220994756e-09	-9.11102235324e-11
1.78345013794e-09	-2.34640307184e-10
1.78469032832e-09	-3.86590703894e-10
1.7859305187e-09	-5.2369819592e-10
1.78717070908e-09	-6.121920193e-10
1.78841089946e-09	-6.17070172737e-10
1.78965108984e-09	-5.14885745151e-10
1.79089128022e-09	-3.05128172728e-10
1.7921314706e-09	-1.54745105618e-11
1.79337166098e-09	3.01885794141e-10
1.79461185136e-09	5.82289383377e-10
1.79585204174e-09	7.65438101791e-10
1.79709223212e-09	8.11622213881e-10
1.7983324225e-09	7.12179704099e-10
1.79957261288e-09	4.91135632164e-10
1.80081280325e-09	1.97819760572e-10
1.80205299363e-09	-1.06718134329e-10
1.80329318401e-09	-3.65117464041e-10
1.80453337439e-09	-5.36376110194e-10
1.80577356477e-09	-6.02624228296e-10
1.80701375515e-09	-5.68984359628e-10
1.80825394553e-09	-4.57792831421e-10
1.80949413591e-09	-3.00072799941e-10
1.81073432629e-09	-1.27169288988e-10
1.81197451667e-09	3.5261505521e-11
1.81321470705e-09	1.70058758742e-10
1.81445489743e-09	2.68428779204e-10
1.81569508781e-09	3.28114702075e-10
1.81693527819e-09	3.5110331309e-10
1.81817546857e-09	3.41696948514e-10
1.81941565895e-09	3.0525676431e-10
1.82065584933e-09	2.4745985816e-10
1.82189603971e-09	1.73633718514e-10
1.82313623008e-09	8.79996839287e-11
1.82437642046e-09	-6.69743253912e-12
1.82561661084e-09	-1.08605381632e-10
1.82685680122e-09	-2.15051948471e-10
1.8280969916e-09	-3.20097753859e-10
1.82933718198e-09	-4.12463757593e-10
1.83057737236e-09	-4.75465611327e-10
1.83181756274e-09	-4.89840001894e-10
1.83305775312e-09	-4.39010439113e-10
1.8342979435e-09	-3.15284132135e-10
1.83553813388e-09	-1.24990268136e-10
1.83677832426e-09	1.09486801569e-10
1.83801851464e-09	3.51961931822e-10
1.83925870502e-09	5.5864968207e-10
1.8404988954e-09	6.87142509559e-10
1.84173908578e-09	7.06188330035e-10
1.84297927616e-09	6.03859351411e-10
1.84421946654e-09	3.91847443382e-10
1.84545965691e-09	1.04638089859e-10
1.84669984729e-09	-2.06637498779e-10
1.84794003767e-09	-4.84641660137e-10
1.84918022805e-09	-6.77971734309e-10
1.85042041843e-09	-7.52008288973e-10
1.85166060881e-09	-6.95910495896e-10
1.85290079919e-09	-5.24213006337e-10
1.85414098957e-09	-2.72605271689e-10
1.85538117995e-09	1.08225321066e-11
1.85662137033e-09	2.76405509592e-10
1.85786156071e-09	4.83177109434e-10
1.85910175109e-09	6.06105110545e-10
1.86034194147e-09	6.38536168385e-10
1.86158213185e-09	5.89673532225e-10
1.86282232223e-09	4.78663109149e-10
1.86406251261e-09	3.27640081732e-10
1.86530270299e-09	1.56249360672e-10
1.86654289337e-09	-2.04906629858e-11
1.86778308375e-09	-1.91032384356e-10
1.86902327412e-09	-3.44612643977e-10
1.8702634645e-09	-4.69120742252e-10
1.87150365488e-09	-5.50944234678e-10
1.87274384526e-09	-5.77308645333e-10
1.87398403564e-09	-5.4009263728e-10
1.87522422602e-09	-4.39052350032e-10
1.8764644164e-09	-2.83095685782e-10
1.87770460678e-09	-8.93616361464e-11
1.87894479716e-09	1.19568716039e-10
1.88018498754e-09	3.19199916499e-10
1.88142517792e-09	4.86005236056e-10
1.8826653683e-09	5.9914301298e-10
1.88390555868e-09	6.4165717184e-10
1.88514574906e-09	6.0181964967e-10
1.88638593944e-09	4.75289752e-10
1.88762612982e-09	2.68370770051e-10
1.8888663202e-09	1.29790113119e-12
1.89010651058e-09	-2.90633517253e-10
1.89134670095e-09	-5.59909896225e-10
1.89258689133e-09	-7.54319551266e-10
1.89382708171e-09	-8.2842455118e-10
1.89506727209e-09	-7.56052942474e-10
1.89630746247e-09	-5.39602307281e-10
1.89754765285e-09	-2.12679429623e-10
1.89878784323e-09	1.65512284434e-10
1.90002803361e-09	5.23155574417e-10
1.90126822399e-09	7.92679311079e-10
1.90250841437e-09	9.2629642845e-10
1.90374860475e-09	9.0574503453e-10
1.90498879513e-09	7.43900163691e-10
1.90622898551e-09	4.78482919952e-10
1.90746917589e-09	1.60715218911e-10
1.90870936627e-09	-1.56855237132e-10
1.90994955665e-09	-4.29928981305e-10
1.91118974703e-09	-6.27760732286e-10
1.91242993741e-09	-7.34223404297e-10
1.91367012778e-09	-7.45994710449e-10
1.91491031816e-09	-6.69856725644e-10
1.91615050854e-09	-5.20366028045e-10
1.91739069892e-09	-3.18121445853e-10
1.9186308893e-09	-8.83851325462e-11
1.91987107968e-09	1.40591621678e-10
1.92111127006e-09	3.40346945071e-10
1.92235146044e-09	4.8615639292e-10
1.92359165082e-09	5.61215851569e-10
1.9248318412e-09	5.59817636692e-10
1.92607203158e-09	4.88148410582e-10
1.92731222196e-09	3.61871060894e-10
1.92855241234e-09	2.0126696143e-10
1.92979260272e-09	2.61439984245e-11
1.9310327931e-09	-1.4722000008e-10
1.93227298348e-09	-3.06011577189e-10
1.93351317386e-09	-4.38134584169e-10
1.93475336424e-09	-5.29114196901e-10
1.93599355461e-09	-5.61569513113e-10
1.93723374499e-09	-5.18684151185e-10
1.93847393537e-09	-3.90851295773e-10
1.93971412575e-09	-1.82869733245e-10
1.94095431613e-09	8.17285197852e-11
1.94219450651e-09	3.61984331398e-10
1.94343469689e-09	6.06880379284e-10
1.94467488727e-09	7.66852970013e-10
1.94591507765e-09	8.06053557234e-10
1.94715526803e-09	7.11698311395e-10
1.94839545841e-09	4.97607510752e-10
1.94963564879e-09	2.01072006267e-10
1.95087583917e-09	-1.25687696362e-10
1.95211602955e-09	-4.26877144744e-10
1.95335621993e-09	-6.54147347401e-10
1.95459641031e-09	-7.74741715226e-10
1.95583660069e-09	-7.75572828182e-10
1.95707679107e-09	-6.63440191673e-10
1.95831698145e-09	-4.62213739505e-10
1.95955717182e-09	-2.07900821558e-10
1.9607973622e-09	5.75219975818e-11
1.96203755258e-09	2.92900287358e-10
1.96327774296e-09	4.64517174725e-10
1.96451793334e-09	5.51426349027e-10
1.96575812372e-09	5.48283696222e-10
1.9669983141e-09	4.65013083595e-10
1.96823850448e-09	3.23454707463e-10
1.96947869486e-09	1.51901435874e-10
1.97071888524e-09	-2.09048594407e-11
1.97195907562e-09	-1.70871511385e-10
1.973199266e-09	-2.81754952702e-10
1.97443945638e-09	-3.4612807065e-10
1.97567964676e-09	-3.6431241357e-10
1.97691983714e-09	-3.41933453774e-10
1.97816002752e-09	-2.87065371474e-10
1.9794002179e-09	-2.07741268632e-10
1.98064040828e-09	-1.10633356643e-10
1.98188059865e-09	-1.1704166282e-12
1.98312078903e-09	1.15063451822e-10
1.98436097941e-09	2.30440319604e-10
1.98560116979e-09	3.33900213034e-10
1.98684136017e-09	4.10976808141e-10
1.98808155055e-09	4.45889075662e-10
1.98932174093e-09	4.25378482438e-10
1.99056193131e-09	3.43223338639e-10
1.99180212169e-09	2.03816644118e-10
1.99304231207e-09	2.33738566696e-11
1.99428250245e-09	-1.7192389179e-10
1.99552269283e-09	-3.50536044635e-10
1.99676288321e-09	-4.81660711316e-10
1.99800307359e-09	-5.41401035115e-10
1.99924326397e-09	-5.17661136179e-10
2.00048345435e-09	-4.12921002946e-10
2.00172364473e-09	-2.44331804788e-10
2.00296383511e-09	-4.10197639744e-11
2.00420402548e-09	1.61125029985e-10
2.00544421586e-09	3.26422888719e-10
2.00668440624e-09	4.26705420997e-10
2.00792459662e-09	4.47169828943e-10
2.009164787e-09	3.89155596636e-10
2.01040497738e-09	2.69089028837e-10
2.01164516776e-09	1.14009517105e-10
2.01288535814e-09	-4.50502690708e-11
2.01412554852e-09	-1.79905285114e-10
2.0153657389e-09	-2.70630823307e-10
2.01660592928e-09	-3.08474634725e-10
2.01784611966e-09	-2.95897806257e-10
2.01908631004e-09	-2.44099435109e-10
2.02032650042e-09	-1.68839248138e-10
2.0215666908e-09	-8.5904443281e-11
2.02280688118e-09	-7.39362824437e-12
2.02404707156e-09	6.01435359848e-11
2.02528726194e-09	1.15394999112e-10
2.02652745231e-09	1.60264287952e-10
2.02776764269e-09	1.9709960053e-10
2.02900783307e-09	2.26335908349e-10
2.03024802345e-09	2.45279796474e-10
2.03148821383e-09	2.48460696461e-10
2.03272840421e-09	2.29251478912e-10
2.03396859459e-09	1.82339199295e-10
2.03520878497e-09	1.06380640408e-10
2.03644897535e-09	6.07394559995e-12
2.03768916573e-09	-1.07106296054e-10
2.03892935611e-09	-2.16154580346e-10
2.04016954649e-09	-3.01747904441e-10
2.04140973687e-09	-3.46823986197e-10
2.04264992725e-09	-3.41066203058e-10
2.04389011763e-09	-2.83808698764e-10
2.04513030801e-09	-1.84412429771e-10
2.04637049839e-09	-6.00856933652e-11
2.04761068877e-09	6.79312092688e-11
2.04885087915e-09	1.78559972364e-10
2.05009106952e-09	2.54331000704e-10
2.0513312599e-09	2.8374122496e-10
2.05257145028e-09	2.62658478301e-10
2.05381164066e-09	1.94978616586e-10
2.05505183104e-09	9.25071200197e-11
2.05629202142e-09	-2.62913857352e-11
2.0575322118e-09	-1.39060096771e-10
2.05877240218e-09	-2.23839669022e-10
2.06001259256e-09	-2.64062910427e-10
2.06125278294e-09	-2.52827120351e-10
2.06249297332e-09	-1.94953664323e-10
2.0637331637e-09	-1.05783042048e-10
2.06497335408e-09	-6.7147815086e-12
2.06621354446e-09	8.12528377914e-11
2.06745373484e-09	1.43744322001e-10
2.06869392522e-09	1.76722025902e-10
2.0699341156e-09	1.86211143727e-10
2.07117430598e-09	1.83986340052e-10
2.07241449635e-09	1.81053422255e-10
2.07365468673e-09	1.81745979377e-10
2.07489487711e-09	1.81246559428e-10
2.07613506749e-09	1.67769811932e-10
2.07737525787e-09	1.28607832717e-10
2.07861544825e-09	5.7345597021e-11
2.07985563863e-09	-4.11916542542e-11
2.08109582901e-09	-1.50633241991e-10
2.08233601939e-09	-2.47758674687e-10
2.08357620977e-09	-3.10191400343e-10
2.08481640015e-09	-3.23903320831e-10
2.08605659053e-09	-2.8747385028e-10
2.08729678091e-09	-2.11614753498e-10
2.08853697129e-09	-1.146023762e-10
2.08977716167e-09	-1.59360510898e-11
2.09101735205e-09	6.90054124952e-11
2.09225754243e-09	1.31501795564e-10
2.09349773281e-09	1.6879318776e-10
2.09473792318e-09	1.81393081111e-10
2.09597811356e-09	1.70365666019e-10
2.09721830394e-09	1.36311878451e-10
2.09845849432e-09	8.06086794536e-11
2.0996986847e-09	8.11086094121e-12
2.10093887508e-09	-7.04935970708e-11
2.10217906546e-09	-1.38761710455e-10
2.10341925584e-09	-1.78005596374e-10
2.10465944622e-09	-1.73487182953e-10
2.1058996366e-09	-1.20913931645e-10
2.10713982698e-09	-3.01147752568e-11
2.10838001736e-09	7.64574237255e-11
2.10962020774e-09	1.70528244303e-10
2.11086039812e-09	2.27741950298e-10
2.1121005885e-09	2.3636637092e-10
2.11334077888e-09	2.01161046154e-10
2.11458096926e-09	1.40547934402e-10
2.11582115964e-09	7.82574074987e-11
2.11706135002e-09	3.31283438182e-11
2.11830154039e-09	1.14930079342e-11
2.11954173077e-09	5.50397834947e-12
2.12078192115e-09	-1.92442372801e-12
2.12202211153e-09	-2.7881384701e-11
2.12326230191e-09	-8.02057378846e-11
2.12450249229e-09	-1.52348522686e-10
2.12574268267e-09	-2.24824700523e-10
2.12698287305e-09	-2.72762146203e-10
2.12822306343e-09	-2.76304285007e-10
2.12946325381e-09	-2.29230134874e-10
2.13070344419e-09	-1.42013248383e-10
2.13194363457e-09	-3.79938719375e-11
2.13318382495e-09	5.56828368137e-11
2.13442401533e-09	1.18246842873e-10
2.13566420571e-09	1.42117290158e-10
2.13690439609e-09	1.33645011724e-10
2.13814458647e-09	1.0802893996e-10
2.13938477685e-09	8.12188927224e-11
2.14062496722e-09	6.28912408263e-11
2.1418651576e-09	5.37758379493e-11
2.14310534798e-09	4.80519929402e-11
2.14434553836e-09	3.89364929188e-11
2.14558572874e-09	2.41749051333e-11
2.14682591912e-09	8.3739100723e-12
2.1480661095e-09	7.78895069102e-13
2.14930629988e-09	9.7447978506e-12
2.15054649026e-09	3.69271245526e-11
2.15178668064e-09	7.44397529728e-11
2.15302687102e-09	1.06821690382e-10
2.1542670614e-09	1.1733704286e-10
2.15550725178e-09	9.57309925775e-11
2.15674744216e-09	4.36868700937e-11
2.15798763254e-09	-2.46926853964e-11
2.15922782292e-09	-8.79286018995e-11
2.1604680133e-09	-1.25746593693e-10
2.16170820368e-09	-1.27529084515e-10
2.16294839405e-09	-9.69430993814e-11
2.16418858443e-09	-5.08128782106e-11
2.16542877481e-09	-1.24821767505e-11
2.16666896519e-09	-2.22902078739e-12
2.16790915557e-09	-2.86787885106e-11
2.16914934595e-09	-8.4821261126e-11
2.17038953633e-09	-1.50307669089e-10
2.17162972671e-09	-1.99199004514e-10
2.17286991709e-09	-2.10102130138e-10
2.17411010747e-09	-1.74366229788e-10
2.17535029785e-09	-9.89829190834e-11
2.17659048823e-09	-3.26449978161e-12
2.17783067861e-09	8.89617199351e-11
2.17907086899e-09	1.58145566087e-10
2.18031105937e-09	1.95037791473e-10
2.18155124975e-09	2.0179166671e-10
2.18279144013e-09	1.88482257579e-10
2.18403163051e-09	1.67178576538e-10
2.18527182088e-09	1.46418044356e-10
2.18651201126e-09	1.28414126555e-10
2.18775220164e-09	1.09894954248e-10
2.18899239202e-09	8.55666926203e-11
2.1902325824e-09	5.22128867919e-11
2.19147277278e-09	1.13558251344e-11
2.19271296316e-09	-3.08380092295e-11
2.19395315354e-09	-6.63244945076e-11
2.19519334392e-09	-8.90409759813e-11
2.1964335343e-09	-9.77174105521e-11
2.19767372468e-09	-9.6138354222e-11
2.19891391506e-09	-9.06886996055e-11
2.20015410544e-09	-8.65307894782e-11
2.20139429582e-09	-8.46322734116e-11
2.2026344862e-09	-8.14301542862e-11
2.20387467658e-09	-7.13156686483e-11
2.20511486696e-09	-5.06712415083e-11
2.20635505734e-09	-2.13096675722e-11
2.20759524772e-09	8.65122643662e-12
2.20883543809e-09	2.71251285322e-11
2.21007562847e-09	2.27770788341e-11
2.21131581885e-09	-9.7749204564e-12
2.21255600923e-09	-6.63090138353e-11
2.21379619961e-09	-1.32570648903e-10
2.21503638999e-09	-1.87489010428e-10
2.21627658037e-09	-2.09224651493e-10
2.21751677075e-09	-1.82207610111e-10
2.21875696113e-09	-1.02866680451e-10
2.21999715151e-09	1.81160121626e-11
2.22123734189e-09	1.57985749483e-10
2.22247753227e-09	2.87872087279e-10
2.22371772265e-09	3.80596887339e-10
2.22495791303e-09	4.1772671433e-10
2.22619810341e-09	3.93673593724e-10
2.22743829379e-09	3.15871967471e-10
2.22867848417e-09	2.01604857808e-10
2.22991867455e-09	7.29239169051e-11
2.23115886492e-09	-4.86180679049e-11
2.2323990553e-09	-1.46045953109e-10
2.23363924568e-09	-2.09232201009e-10
2.23487943606e-09	-2.35379188362e-10
2.23611962644e-09	-2.280819561e-10
2.23735981682e-09	-1.95422344973e-10
2.2386000072e-09	-1.47682588381e-10
2.23984019758e-09	-9.51418596684e-11
2.24108038796e-09	-4.64010045664e-11
2.24232057834e-09	-7.47268046053e-12
2.24356076872e-09	1.82816262129e-11
2.2448009591e-09	2.96776769826e-11
2.24604114948e-09	2.71014408831e-11
2.24728133986e-09	1.20832224434e-11
2.24852153024e-09	-1.28270640637e-11
2.24976172062e-09	-4.40336031526e-11
2.251001911e-09	-7.69674046719e-11
2.25224210138e-09	-1.06517489273e-10
2.25348229175e-09	-1.27731436539e-10
2.25472248213e-09	-1.36516936644e-10
2.25596267251e-09	-1.30024629952e-10
2.25720286289e-09	-1.06615286044e-10
2.25844305327e-09	-6.55961882035e-11
2.25968324365e-09	-7.17318999338e-12
2.26092343403e-09	6.70522318225e-11
2.26216362441e-09	1.53052071017e-10
2.26340381479e-09	2.43235737107e-10
2.26464400517e-09	3.2596197963e-10
2.26588419555e-09	3.86402521091e-10
2.26712438593e-09	4.09085487707e-10
2.26836457631e-09	3.81715714592e-10
2.26960476669e-09	2.99374830481e-10
2.27084495707e-09	1.67751229574e-10
2.27208514745e-09	4.10748648635e-12
2.27332533783e-09	-1.64861971297e-10
2.27456552821e-09	-3.08226166812e-10
2.27580571858e-09	-3.98008737079e-10
2.27704590896e-09	-4.1652631344e-10
2.27828609934e-09	-3.61582930264e-10
2.27952628972e-09	-2.47769998962e-10
2.2807664801e-09	-1.03072182733e-10
2.28200667048e-09	3.83373680024e-11
2.28324686086e-09	1.45017650666e-10
2.28448705124e-09	1.96096014426e-10
2.28572724162e-09	1.85616508275e-10
2.286967432e-09	1.22361745736e-10
2.28820762238e-09	2.5648609972e-11
2.28944781276e-09	-8.1007277275e-11
2.29068800314e-09	-1.76090281245e-10
2.29192819352e-09	-2.44159858998e-10
2.2931683839e-09	-2.77037948138e-10
2.29440857428e-09	-2.7263011293e-10
2.29564876466e-09	-2.3273111216e-10
2.29688895504e-09	-1.61325341974e-10
2.29812914542e-09	-6.42702210896e-11
2.29936933579e-09	4.9770312871e-11
2.30060952617e-09	1.68415253965e-10
2.30184971655e-09	2.76029643587e-10
2.30308990693e-09	3.56295576376e-10
2.30433009731e-09	3.96358362797e-10
2.30557028769e-09	3.90834586916e-10
2.30681047807e-09	3.43647443835e-10
2.30805066845e-09	2.66575927999e-10
2.30929085883e-09	1.75001846348e-10
2.31053104921e-09	8.27118304403e-11
2.31177123959e-09	-1.90652745327e-12
2.31301142997e-09	-7.65384561285e-11
2.31425162035e-09	-1.4246864799e-10
2.31549181073e-09	-2.0046034277e-10
2.31673200111e-09	-2.47248027607e-10
2.31797219149e-09	-2.74641476228e-10
2.31921238187e-09	-2.7200666719e-10
2.32045257225e-09	-2.31297786479e-10
2.32169276262e-09	-1.52444473711e-10
2.322932953e-09	-4.66824773282e-11
2.32417314338e-09	6.40593897372e-11
2.32541333376e-09	1.52126700126e-10
2.32665352414e-09	1.92091190176e-10
2.32789371452e-09	1.69019243046e-10
2.3291339049e-09	8.4032968084e-11
2.33037409528e-09	-4.49089446186e-11
2.33161428566e-09	-1.8759206688e-10
2.33285447604e-09	-3.09847508762e-10
2.33409466642e-09	-3.82695791723e-10
2.3353348568e-09	-3.89268395296e-10
2.33657504718e-09	-3.27593452365e-10
2.33781523756e-09	-2.09022688047e-10
2.33905542794e-09	-5.36710086096e-11
2.34029561832e-09	1.14813866747e-10
2.3415358087e-09	2.7347443754e-10
2.34277599908e-09	4.02501310059e-10
2.34401618945e-09	4.86347684348e-10
2.34525637983e-09	5.14455977818e-10
2.34649657021e-09	4.82418771597e-10
2.34773676059e-09	3.93546500943e-10
2.34897695097e-09	2.59927496193e-10
2.35021714135e-09	1.01966428356e-10
2.35145733173e-09	-5.44174566519e-11
2.35269752211e-09	-1.82862308629e-10
2.35393771249e-09	-2.62719179744e-10
2.35517790287e-09	-2.84318513177e-10
2.35641809325e-09	-2.51493409431e-10
2.35765828363e-09	-1.80264150829e-10
2.35889847401e-09	-9.38397901051e-11
2.36013866439e-09	-1.55658420181e-11
2.36137885477e-09	3.76530924495e-11
2.36261904515e-09	5.91333162991e-11
2.36385923553e-09	5.21697546274e-11
2.36509942591e-09	2.62482518359e-11
2.36633961628e-09	-8.31478288998e-12
2.36757980666e-09	-4.4726777837e-11
2.36881999704e-09	-8.12513875625e-11
2.37006018742e-09	-1.19586993086e-10
2.3713003778e-09	-1.6123076485e-10
2.37254056818e-09	-2.03998082315e-10
2.37378075856e-09	-2.40531761175e-10
2.37502094894e-09	-2.59612359388e-10
2.37626113932e-09	-2.49655213169e-10
2.3775013297e-09	-2.02932268212e-10
2.37874152008e-09	-1.18830598139e-10
2.37998171046e-09	-4.92381612913e-12
2.38122190084e-09	1.24346616337e-10
2.38246209122e-09	2.50808707136e-10
2.3837022816e-09	3.56350171593e-10
2.38494247198e-09	4.26209734172e-10
2.38618266236e-09	4.50994935841e-10
2.38742285274e-09	4.27421709137e-10
2.38866304312e-09	3.58208657181e-10
2.38990323349e-09	2.51667797713e-10
2.39114342387e-09	1.21252119456e-10
2.39238361425e-09	-1.52618698929e-11
2.39362380463e-09	-1.37563668789e-10
2.39486399501e-09	-2.25964622014e-10
2.39610418539e-09	-2.65530347709e-10
2.39734437577e-09	-2.50159004622e-10
2.39858456615e-09	-1.85142720599e-10
2.39982475653e-09	-8.69736921372e-11
2.40106494691e-09	1.99481854646e-11
2.40230513729e-09	1.08944929467e-10
2.40354532767e-09	1.57528323719e-10
2.40478551805e-09	1.5286635846e-10
2.40602570843e-09	9.47052158917e-11
2.40726589881e-09	-4.95293302899e-12
2.40850608919e-09	-1.25158480802e-10
2.40974627957e-09	-2.41262593237e-10
2.41098646995e-09	-3.3061051119e-10
2.41222666032e-09	-3.77122499895e-10
2.4134668507e-09	-3.73828357159e-10
2.41470704108e-09	-3.23067878005e-10
2.41594723146e-09	-2.34699065738e-10
2.41718742184e-09	-1.23167628874e-10
2.41842761222e-09	-4.38752810125e-12
2.4196678026e-09	1.06887394768e-10
2.42090799298e-09	1.98917188277e-10
2.42214818336e-09	2.63939342604e-10
2.42338837374e-09	2.98478158856e-10
2.42462856412e-09	3.03230496268e-10
2.4258687545e-09	2.82583650923e-10
2.42710894488e-09	2.43684683543e-10
2.42834913526e-09	1.95075899878e-10
2.42958932564e-09	1.44998818508e-10
2.43082951602e-09	9.96682805732e-11
2.4320697064e-09	6.21654533406e-11
2.43330989678e-09	3.2486860424e-11
2.43455008715e-09	8.75816520002e-12
2.43579027753e-09	-1.09214373656e-11
2.43703046791e-09	-2.68660267644e-11
2.43827065829e-09	-3.73409810017e-11
2.43951084867e-09	-3.96348717735e-11
2.44075103905e-09	-3.21640492018e-11
2.44199122943e-09	-1.65435859456e-11
2.44323141981e-09	1.40684599387e-12
2.44447161019e-09	1.24332644874e-11
2.44571180057e-09	6.39321234841e-12
2.44695199095e-09	-2.42727001692e-11
2.44819218133e-09	-8.13264108834e-11
2.44943237171e-09	-1.58904944758e-10
2.45067256209e-09	-2.43824682666e-10
2.45191275247e-09	-3.18247483921e-10
2.45315294285e-09	-3.63973434725e-10
2.45439313323e-09	-3.67108787813e-10
2.45563332361e-09	-3.21761228772e-10
2.45687351398e-09	-2.31661953509e-10
2.45811370436e-09	-1.092913815e-10
2.45935389474e-09	2.7018031909e-11
2.46059408512e-09	1.56933466222e-10
2.4618342755e-09	2.61968335913e-10
2.46307446588e-09	3.28521460036e-10
2.46431465626e-09	3.49753531692e-10
2.46555484664e-09	3.26316251797e-10
2.46679503702e-09	2.66033167717e-10
2.4680352274e-09	1.82538331672e-10
2.46927541778e-09	9.2919137662e-11
2.47051560816e-09	1.47177010162e-11
2.47175579854e-09	-3.73471704951e-11
2.47299598892e-09	-5.43113817808e-11
2.4742361793e-09	-3.48593411081e-11
2.47547636968e-09	1.42416026888e-11
2.47671656006e-09	7.93017665424e-11
2.47795675044e-09	1.42397649228e-10
2.47919694082e-09	1.85267690078e-10
2.48043713119e-09	1.93638952095e-10
2.48167732157e-09	1.60915142322e-10
2.48291751195e-09	9.01800439879e-11
2.48415770233e-09	-6.38774450001e-12
2.48539789271e-09	-1.10804997122e-10
2.48663808309e-09	-2.04344305366e-10
2.48787827347e-09	-2.72647321387e-10
2.48911846385e-09	-3.0910846105e-10
2.49035865423e-09	-3.15376086357e-10
2.49159884461e-09	-2.98912561369e-10
2.49283903499e-09	-2.68900540723e-10
2.49407922537e-09	-2.32317581839e-10
2.49531941575e-09	-1.91774721103e-10
2.49655960613e-09	-1.45812070751e-10
2.49779979651e-09	-9.12977055068e-11
2.49903998689e-09	-2.66457828024e-11
2.50028017727e-09	4.57667931331e-11
2.50152036765e-09	1.19007192989e-10
2.50276055802e-09	1.8310106209e-10
2.5040007484e-09	2.2801169286e-10
2.50524093878e-09	2.46904829915e-10
2.50648112916e-09	2.38363717653e-10
2.50772131954e-09	2.0676885204e-10
2.50896150992e-09	1.60886859391e-10
2.5102017003e-09	1.11288568638e-10
2.51144189068e-09	6.76790012921e-11
2.51268208106e-09	3.70626793145e-11
2.51392227144e-09	2.31223373781e-11
2.51516246182e-09	2.65108247854e-11
2.5164026522e-09	4.54466568545e-11
2.51764284258e-09	7.60645713083e-11
2.51888303296e-09	1.1227999086e-10
2.52012322334e-09	1.45530712481e-10
2.52136341372e-09	1.65139069086e-10
2.5226036041e-09	1.59892585283e-10
2.52384379448e-09	1.20913237756e-10
2.52508398485e-09	4.5122554998e-11
2.52632417523e-09	-6.19602077978e-11
2.52756436561e-09	-1.85541845776e-10
2.52880455599e-09	-3.03820496539e-10
2.53004474637e-09	-3.929636061e-10
2.53128493675e-09	-4.33513225317e-10
2.53252512713e-09	-4.1613693047e-10
2.53376531751e-09	-3.44688860787e-10
2.53500550789e-09	-2.35332808796e-10
2.53624569827e-09	-1.11934149449e-10
2.53748588865e-09	8.48760623416e-13
2.53872607903e-09	8.44438824421e-11
2.53996626941e-09	1.30794097775e-10
2.54120645979e-09	1.42990605467e-10
2.54244665017e-09	1.32194755142e-10
2.54368684055e-09	1.12413758857e-10
2.54492703093e-09	9.52921630493e-11
2.54616722131e-09	8.69985819496e-11
2.54740741168e-09	8.80331224584e-11
2.54864760206e-09	9.53295775652e-11
2.54988779244e-09	1.05192153599e-10
2.55112798282e-09	1.15445750182e-10
2.5523681732e-09	1.25894142333e-10
2.55360836358e-09	1.37176450754e-10
2.55484855396e-09	1.49044929176e-10
2.55608874434e-09	1.59169372127e-10
2.55732893472e-09	1.63172239609e-10
2.5585691251e-09	1.55995091844e-10
2.55980931548e-09	1.33946506664e-10
2.56104950586e-09	9.64532897996e-11
2.56228969624e-09	4.66424572576e-11
2.56352988662e-09	-9.52592865699e-12
2.564770077e-09	-6.53325935018e-11
2.56601026738e-09	-1.15696723035e-10
2.56725045776e-09	-1.58672019968e-10
2.56849064814e-09	-1.95227931044e-10
2.56973083852e-09	-2.27341562242e-10
2.57097102889e-09	-2.55296062068e-10
2.57221121927e-09	-2.7564933669e-10
2.57345140965e-09	-2.81240780664e-10
2.57469160003e-09	-2.63678134882e-10
2.57593179041e-09	-2.17367998601e-10
2.57717198079e-09	-1.43352732462e-10
2.57841217117e-09	-5.10550837718e-11
2.57965236155e-09	4.32334966438e-11
2.58089255193e-09	1.20826099126e-10
2.58213274231e-09	1.66458249962e-10
2.58337293269e-09	1.73296571537e-10
2.58461312307e-09	1.45296732978e-10
2.58585331345e-09	9.59628695951e-11
2.58709350383e-09	4.40172551186e-11
2.58833369421e-09	7.61273596245e-12
2.58957388459e-09	-9.56199095598e-13
2.59081407497e-09	2.1628152394e-11
2.59205426535e-09	6.95859689315e-11
2.59329445572e-09	1.30620458894e-10
2.5945346461e-09	1.8992643569e-10
2.59577483648e-09	2.34202657268e-10
2.59701502686e-09	2.54457926951e-10
2.59825521724e-09	2.46974191098e-10
2.59949540762e-09	2.12667508603e-10
2.600735598e-09	1.55636420418e-10
2.60197578838e-09	8.1751092007e-11
2.60321597876e-09	-2.19409581649e-12
2.60445616914e-09	-8.86615642015e-11
2.60569635952e-09	-1.69317726506e-10
2.6069365499e-09	-2.35451297348e-10
2.60817674028e-09	-2.79156170402e-10
2.60941693066e-09	-2.9509147903e-10
2.61065712104e-09	-2.82186773948e-10
2.61189731142e-09	-2.44455539145e-10
2.6131375018e-09	-1.9033533083e-10
2.61437769218e-09	-1.30573787893e-10
2.61561788255e-09	-7.539664032e-11
2.61685807293e-09	-3.18579260195e-11
2.61809826331e-09	-2.35501136821e-12
2.61933845369e-09	1.51731648079e-11
2.62057864407e-09	2.5540847215e-11
2.62181883445e-09	3.38399100408e-11
2.62305902483e-09	4.32006722062e-11
2.62429921521e-09	5.36423960806e-11
2.62553940559e-09	6.25827098477e-11
2.62677959597e-09	6.67032401536e-11
2.62801978635e-09	6.43269049139e-11
2.62925997673e-09	5.71746469613e-11
2.63050016711e-09	5.05555250441e-11
2.63174035749e-09	5.17176440562e-11
2.63298054787e-09	6.69056615665e-11
2.63422073825e-09	9.84020642747e-11
2.63546092863e-09	1.42702114014e-10
2.63670111901e-09	1.9067734891e-10
2.63794130938e-09	2.29731886292e-10
2.63918149976e-09	2.47188103319e-10
2.64042169014e-09	2.33810276695e-10
2.64166188052e-09	1.86408610769e-10
2.6429020709e-09	1.08860476189e-10
2.64414226128e-09	1.12650843515e-11
2.64538245166e-09	-9.24005455483e-11
2.64662264204e-09	-1.87412432795e-10
2.64786283242e-09	-2.61366650545e-10
2.6491030228e-09	-3.0632649195e-10
2.65034321318e-09	-3.1958452551e-10
2.65158340356e-09	-3.03074870756e-10
2.65282359394e-09	-2.61999200113e-10
2.65406378432e-09	-2.03313504921e-10
2.6553039747e-09	-1.34618038938e-10
2.65654416508e-09	-6.35911046043e-11
2.65778435546e-09	2.33090001293e-12
2.65902454584e-09	5.63700822132e-11
2.66026473622e-09	9.314241739e-11
2.66150492659e-09	1.09612666166e-10
2.66274511697e-09	1.05986656951e-10
2.66398530735e-09	8.60947702019e-11
2.66522549773e-09	5.6886766131e-11
2.66646568811e-09	2.70811359449e-11
2.66770587849e-09	5.16938488543e-12
2.66894606887e-09	-2.65669691107e-12
2.67018625925e-09	5.93684216371e-12
2.67142644963e-09	2.89471294157e-11
2.67266664001e-09	6.08557648718e-11
2.67390683039e-09	9.45304182154e-11
2.67514702077e-09	1.2359863133e-10
2.67638721115e-09	1.44295270177e-10
2.67762740153e-09	1.56043053479e-10
2.67886759191e-09	1.60484778244e-10
2.68010778229e-09	1.5943590892e-10
2.68134797267e-09	1.52783632967e-10
2.68258816305e-09	1.37531111499e-10
2.68382835342e-09	1.08694553358e-10
2.6850685438e-09	6.17717405005e-11
2.68630873418e-09	-4.23334804711e-12
2.68754892456e-09	-8.47128339698e-11
2.68878911494e-09	-1.69404809625e-10
2.69002930532e-09	-2.44631204183e-10
2.6912694957e-09	-2.97035729346e-10
2.69250968608e-09	-3.17426557261e-10
2.69374987646e-09	-3.03309072303e-10
2.69499006684e-09	-2.59203131181e-10
2.69623025722e-09	-1.94793348118e-10
2.6974704476e-09	-1.21771870365e-10
2.69871063798e-09	-5.05785552329e-11
2.69995082836e-09	1.17892804893e-11
2.70119101874e-09	6.2262417444e-11
2.70243120912e-09	1.00625840993e-10
2.7036713995e-09	1.27676952344e-10
2.70491158988e-09	1.43639364292e-10
2.70615178025e-09	1.47643550164e-10
2.70739197063e-09	1.3854951908e-10
2.70863216101e-09	1.16587767218e-10
2.70987235139e-09	8.48724909797e-11
2.71111254177e-09	4.98116339842e-11
2.71235273215e-09	1.98993183043e-11
2.71359292253e-09	3.17387435778e-12
2.71483311291e-09	4.3481078113e-12
2.71607330329e-09	2.29231529592e-11
2.71731349367e-09	5.31457516884e-11
2.71855368405e-09	8.59783702567e-11
2.71979387443e-09	1.12270311103e-10
2.72103406481e-09	1.25790530769e-10
2.72227425519e-09	1.24807900126e-10
2.72351444557e-09	1.11617201592e-10
2.72475463595e-09	9.03595254176e-11
2.72599482633e-09	6.42451647437e-11
2.72723501671e-09	3.36732690343e-11
2.72847520708e-09	-3.76782806344e-12
2.72971539746e-09	-5.13246944944e-11
2.73095558784e-09	-1.1005321654e-10
2.73219577822e-09	-1.76238079685e-10
2.7334359686e-09	-2.40708564192e-10
2.73467615898e-09	-2.90717505624e-10
2.73591634936e-09	-3.13802206442e-10
2.73715653974e-09	-3.02100150451e-10
2.73839673012e-09	-2.55313797881e-10
2.7396369205e-09	-1.81022627443e-10
2.74087711088e-09	-9.21889925509e-11
2.74211730126e-09	-2.99422184095e-12
2.74335749164e-09	7.52034545748e-11
2.74459768202e-09	1.36196401379e-10
2.7458378724e-09	1.7884273229e-10
2.74707806278e-09	2.05021097321e-10
2.74831825316e-09	2.16973702893e-10
2.74955844354e-09	2.15493956013e-10
2.75079863392e-09	1.99806227119e-10
2.75203882429e-09	1.69057892685e-10
2.75327901467e-09	1.24485602382e-10
2.75451920505e-09	7.09538330868e-11
2.75575939543e-09	1.68850263632e-11
2.75699958581e-09	-2.75695924423e-11
2.75823977619e-09	-5.35239005894e-11
2.75947996657e-09	-5.62915686286e-11
2.76072015695e-09	-3.70641781156e-11
2.76196034733e-09	-2.60596969351e-12
2.76320053771e-09	3.69043406945e-11
2.76444072809e-09	7.10104336443e-11
2.76568091847e-09	9.18509296399e-11
2.76692110885e-09	9.56690560105e-11
2.76816129923e-09	8.25971097074e-11
2.76940148961e-09	5.50928608289e-11
2.77064167999e-09	1.60351003309e-11
2.77188187037e-09	-3.24488283465e-11
2.77312206075e-09	-8.87784568082e-11
2.77436225112e-09	-1.50548365441e-10
2.7756024415e-09	-2.12896214546e-10
2.77684263188e-09	-2.67731892212e-10
2.77808282226e-09	-3.04632680193e-10
2.77932301264e-09	-3.13358089477e-10
2.78056320302e-09	-2.87153190115e-10
2.7818033934e-09	-2.2546478573e-10
2.78304358378e-09	-1.34922892303e-10
2.78428377416e-09	-2.80843976547e-11
2.78552396454e-09	7.96280749671e-11
2.78676415492e-09	1.73686121041e-10
2.7880043453e-09	2.43585651649e-10
2.78924453568e-09	2.84373524728e-10
2.79048472606e-09	2.96327157256e-10
2.79172491644e-09	2.8326338497e-10
2.79296510682e-09	2.50415854719e-10
2.7942052972e-09	2.02842159736e-10
2.79544548758e-09	1.44971479266e-10
2.79668567795e-09	8.12062708744e-11
2.79792586833e-09	1.69137863437e-11
2.79916605871e-09	-4.11108404264e-11
2.80040624909e-09	-8.53491305408e-11
2.80164643947e-09	-1.09391364023e-10
2.80288662985e-09	-1.10152401089e-10
2.80412682023e-09	-8.93401602697e-11
2.80536701061e-09	-5.33786140289e-11
2.80660720099e-09	-1.16983974591e-11
2.80784739137e-09	2.58599548025e-11
2.80908758175e-09	5.14541777241e-11
2.81032777213e-09	6.05512445739e-11
2.81156796251e-09	5.1918341154e-11
2.81280815289e-09	2.67378168217e-11
2.81404834327e-09	-1.23908756519e-11
2.81528853365e-09	-6.20055326528e-11
2.81652872403e-09	-1.17742190997e-10
2.81776891441e-09	-1.7396140084e-10
2.81900910478e-09	-2.235626545e-10
2.82024929516e-09	-2.58400356667e-10
2.82148948554e-09	-2.70467315211e-10
2.82272967592e-09	-2.53666143646e-10
2.8239698663e-09	-2.05706549017e-10
2.82521005668e-09	-1.29437516261e-10
2.82645024706e-09	-3.30187821529e-11
2.82769043744e-09	7.13216430359e-11
2.82893062782e-09	1.69710204223e-10
2.8301708182e-09	2.49526010965e-10
2.83141100858e-09	3.01847491446e-10
2.83265119896e-09	3.2272889916e-10
2.83389138934e-09	3.13107956229e-10
2.83513157972e-09	2.77601219789e-10
2.8363717701e-09	2.22880477962e-10
2.83761196048e-09	1.56268456508e-10
2.83885215086e-09	8.49031955852e-11
2.84009234124e-09	1.54130996161e-11
2.84133253162e-09	-4.61672401697e-11
2.84257272199e-09	-9.45894751414e-11
2.84381291237e-09	-1.25912363869e-10
2.84505310275e-09	-1.38213232526e-10
2.84629329313e-09	-1.32201943837e-10
2.84753348351e-09	-1.11385914381e-10
2.84877367389e-09	-8.15718534386e-11
2.85001386427e-09	-4.96599705802e-11
2.85125405465e-09	-2.21107038928e-11
2.85249424503e-09	-3.60255922316e-12
2.85373443541e-09	3.65890174062e-12
2.85497462579e-09	-2.16227467246e-13
2.85621481617e-09	-1.3617616583e-11
2.85745500655e-09	-3.44199703461e-11
2.85869519693e-09	-6.05513972296e-11
2.85993538731e-09	-8.99133198451e-11
2.86117557769e-09	-1.19775134255e-10
2.86241576807e-09	-1.46113593447e-10
2.86365595845e-09	-1.63478106052e-10
2.86489614882e-09	-1.65763763826e-10
2.8661363392e-09	-1.47782633353e-10
2.86737652958e-09	-1.07093937884e-10
2.86861671996e-09	-4.54026573282e-11
2.86985691034e-09	3.11055105284e-11
2.87109710072e-09	1.12728604229e-10
2.8723372911e-09	1.88255189215e-10
2.87357748148e-09	2.47336984227e-10
2.87481767186e-09	2.82545375985e-10
2.87605786224e-09	2.90524521107e-10
2.87729805262e-09	2.72058375828e-10
2.878538243e-09	2.31267435757e-10
2.87977843338e-09	1.74373460116e-10
2.88101862376e-09	1.08423492406e-10
2.88225881414e-09	4.02794360366e-11
2.88349900452e-09	-2.39890954323e-11
2.8847391949e-09	-7.94063217957e-11
2.88597938528e-09	-1.2221235135e-10
2.88721957565e-09	-1.49945833527e-10
2.88845976603e-09	-1.61600885451e-10
2.88969995641e-09	-1.5788087504e-10
2.89094014679e-09	-1.41335443349e-10
2.89218033717e-09	-1.16144455165e-10
2.89342052755e-09	-8.74592551159e-11
2.89466071793e-09	-6.03457075976e-11
2.89590090831e-09	-3.86508290651e-11
2.89714109869e-09	-2.42512277621e-11
2.89838128907e-09	-1.7028906063e-11
2.89962147945e-09	-1.5513855825e-11
2.90086166983e-09	-1.78802979367e-11
2.90210186021e-09	-2.27895983335e-11
2.90334205059e-09	-2.96636742947e-11
2.90458224097e-09	-3.82650230946e-11
2.90582243135e-09	-4.79108974716e-11
2.90706262173e-09	-5.67719725397e-11
2.90830281211e-09	-6.16542789045e-11
2.90954300249e-09	-5.84865419984e-11
2.91078319286e-09	-4.34314390008e-11
2.91202338324e-09	-1.42593246238e-11
2.91326357362e-09	2.84945296525e-11
2.914503764e-09	8.09532926804e-11
2.91574395438e-09	1.3621333228e-10
2.91698414476e-09	1.85582604839e-10
2.91822433514e-09	2.20468282519e-10
2.91946452552e-09	2.34366803742e-10
2.9207047159e-09	2.24376475733e-10
2.92194490628e-09	1.91751017842e-10
2.92318509666e-09	1.41319414504e-10
2.92442528704e-09	8.01158236974e-11
2.92566547742e-09	1.5729613792e-11
2.9269056678e-09	-4.506921919e-11
2.92814585818e-09	-9.7145479161e-11
2.92938604856e-09	-1.37189995475e-10
2.93062623894e-09	-1.63532201669e-10
2.93186642932e-09	-1.75840730865e-10
2.93310661969e-09	-1.74837255784e-10
2.93434681007e-09	-1.62117055891e-10
2.93558700045e-09	-1.40029543516e-10
2.93682719083e-09	-1.11574756378e-10
2.93806738121e-09	-8.02071326023e-11
2.93930757159e-09	-4.95186253113e-11
2.94054776197e-09	-2.27514448253e-11
2.94178795235e-09	-2.20690739988e-12
2.94302814273e-09	1.12293204249e-11
2.94426833311e-09	1.81974522256e-11
2.94550852349e-09	2.04725039005e-11
2.94674871387e-09	2.01640232289e-11
2.94798890425e-09	1.88355338271e-11
2.94922909463e-09	1.70183814957e-11
2.95046928501e-09	1.44091726398e-11
2.95170947539e-09	1.06592182997e-11
2.95294966577e-09	6.33116562648e-12
2.95418985615e-09	3.47464006352e-12
2.95543004652e-09	5.38777399431e-12
2.9566702369e-09	1.55357064019e-11
2.95791042728e-09	3.60060384286e-11
2.95915061766e-09	6.61590573992e-11
2.96039080804e-09	1.0204413009e-10
2.96163099842e-09	1.3691625611e-10
2.9628711888e-09	1.62788726943e-10
2.96411137918e-09	1.7252324569e-10
2.96535156956e-09	1.6181832263e-10
2.96659175994e-09	1.30413721489e-10
2.96783195032e-09	8.21732334955e-11
2.9690721407e-09	2.40080351432e-11
2.97031233108e-09	-3.59354594692e-11
2.97155252146e-09	-9.02024149818e-11
2.97279271184e-09	-1.33469790775e-10
2.97403290222e-09	-1.6310598705e-10
2.9752730926e-09	-1.78853182264e-10
2.97651328298e-09	-1.81918632935e-10
2.97775347335e-09	-1.7400249297e-10
2.97899366373e-09	-1.56661392192e-10
2.98023385411e-09	-1.31220465049e-10
2.98147404449e-09	-9.91249443638e-11
2.98271423487e-09	-6.24206589195e-11
2.98395442525e-09	-2.40150694469e-11
2.98519461563e-09	1.25444455171e-11
2.98643480601e-09	4.3720336379e-11
2.98767499639e-09	6.68255867309e-11
2.98891518677e-09	8.067745777e-11
2.99015537715e-09	8.57801676912e-11
2.99139556753e-09	8.39211547476e-11
2.99263575791e-09	7.73338268423e-11
2.99387594829e-09	6.78144068678e-11
2.99511613867e-09	5.62409840921e-11
2.99635632905e-09	4.27600697905e-11
2.99759651943e-09	2.76145443318e-11
2.99883670981e-09	1.21550686183e-11
3.00007690019e-09	-5.93871739979e-13
3.00131709056e-09	-6.3398271008e-12
3.00255728094e-09	-9.44622418481e-13
3.00379747132e-09	1.76273301511e-11
3.0050376617e-09	4.76805782357e-11
3.00627785208e-09	8.33436861192e-11
3.00751804246e-09	1.15664818001e-10
3.00875823284e-09	1.3500327245e-10
3.00999842322e-09	1.33849778483e-10
3.0112386136e-09	1.0907363901e-10
3.01247880398e-09	6.28228927213e-11
3.01371899436e-09	1.8467350045e-12
3.01495918474e-09	-6.4381833198e-11
3.01619937512e-09	-1.26057525529e-10
3.0174395655e-09	-1.75120778989e-10
3.01867975588e-09	-2.06517622447e-10
3.01991994626e-09	-2.18419768383e-10
3.02116013664e-09	-2.11624953672e-10
3.02240032702e-09	-1.88553672675e-10
3.02364051739e-09	-1.52294288291e-10
3.02488070777e-09	-1.0606407419e-10
3.02612089815e-09	-5.31598133569e-11
3.02736108853e-09	2.73206869454e-12
3.02860127891e-09	5.72303697488e-11
3.02984146929e-09	1.05292358166e-10
3.03108165967e-09	1.4178912211e-10
3.03232185005e-09	1.62555788275e-10
3.03356204043e-09	1.65529798202e-10
3.03480223081e-09	1.51489709665e-10
3.03604242119e-09	1.24001031665e-10
3.03728261157e-09	8.84989928562e-11
3.03852280195e-09	5.08408246058e-11
3.03976299233e-09	1.59336675798e-11
3.04100318271e-09	-1.29988042899e-11
3.04224337309e-09	-3.43013777104e-11
3.04348356347e-09	-4.7150117144e-11
3.04472375385e-09	-5.07461364596e-11
3.04596394422e-09	-4.40336551943e-11
3.0472041346e-09	-2.62069827645e-11
3.04844432498e-09	2.1717315446e-12
3.04968451536e-09	3.80410807022e-11
3.05092470574e-09	7.53277648591e-11
3.05216489612e-09	1.05544913087e-10
3.0534050865e-09	1.19562165724e-10
3.05464527688e-09	1.10113883289e-10
3.05588546726e-09	7.4270874173e-11
3.05712565764e-09	1.49463046106e-11
3.05836584802e-09	-5.91441964848e-11
3.0596060384e-09	-1.3527365339e-10
3.06084622878e-09	-1.99732563821e-10
3.06208641916e-09	-2.4112437047e-10
3.06332660954e-09	-2.52860982153e-10
3.06456679992e-09	-2.3414079009e-10
3.0658069903e-09	-1.89323806632e-10
3.06704718068e-09	-1.2614748135e-10
3.06828737105e-09	-5.36313285449e-11
3.06952756143e-09	1.96440745615e-11
3.07076775181e-09	8.65129010097e-11
3.07200794219e-09	1.41496495076e-10
3.07324813257e-09	1.80661638427e-10
3.07448832295e-09	2.01427555191e-10
3.07572851333e-09	2.02579522601e-10
3.07696870371e-09	1.84503370915e-10
3.07820889409e-09	1.49549622686e-10
3.07944908447e-09	1.02255301448e-10
3.08068927485e-09	4.91168113126e-11
3.08192946523e-09	-2.26869976798e-12
3.08316965561e-09	-4.46184096614e-11
3.08440984599e-09	-7.2549626029e-11
3.08565003637e-09	-8.37832234146e-11
3.08689022675e-09	-7.94572255214e-11
3.08813041713e-09	-6.33823132867e-11
3.08937060751e-09	-4.05788250224e-11
3.09061079789e-09	-1.57082541419e-11
3.09185098826e-09	7.91407737954e-12
3.09309117864e-09	2.83844770604e-11
3.09433136902e-09	4.44695426316e-11
3.0955715594e-09	5.46104793331e-11
3.09681174978e-09	5.63536994846e-11
3.09805194016e-09	4.66316533998e-11
3.09929213054e-09	2.2963578955e-11
3.10053232092e-09	-1.48871158456e-11
3.1017725113e-09	-6.35472299781e-11
3.10301270168e-09	-1.15709983262e-10
3.10425289206e-09	-1.61228419504e-10
3.10549308244e-09	-1.89478752133e-10
3.10673327282e-09	-1.92343585503e-10
3.1079734632e-09	-1.6673121217e-10
3.10921365358e-09	-1.15718330751e-10
3.11045384396e-09	-4.784572738e-11
3.11169403434e-09	2.51868127049e-11
3.11293422472e-09	9.16378500859e-11
3.11417441509e-09	1.42511419332e-10
3.11541460547e-09	1.73104044987e-10
3.11665479585e-09	1.83037113244e-10
3.11789498623e-09	1.75056691365e-10
3.11913517661e-09	1.53348625465e-10
3.12037536699e-09	1.22167442829e-10
3.12161555737e-09	8.52439993593e-11
3.12285574775e-09	4.59045440548e-11
3.12409593813e-09	7.48151627455e-12
3.12533612851e-09	-2.64431653657e-11
3.12657631889e-09	-5.2317067345e-11
3.12781650927e-09	-6.74017924807e-11
3.12905669965e-09	-7.06941657991e-11
3.13029689003e-09	-6.35253794012e-11
3.13153708041e-09	-4.94567303777e-11
3.13277727079e-09	-3.33711391853e-11
3.13401746117e-09	-2.00059240008e-11
3.13525765155e-09	-1.24666032705e-11
3.13649784192e-09	-1.1315047857e-11
3.1377380323e-09	-1.460409918e-11
3.13897822268e-09	-1.8934690621e-11
3.14021841306e-09	-2.11273307876e-11
3.14145860344e-09	-1.97958247017e-11
3.14269879382e-09	-1.60673158806e-11
3.1439389842e-09	-1.30837372186e-11
3.14517917458e-09	-1.44187856099e-11
3.14641936496e-09	-2.20715355714e-11
3.14765955534e-09	-3.50261070148e-11
3.14889974572e-09	-4.91115967338e-11
3.1501399361e-09	-5.83513029562e-11
3.15138012648e-09	-5.72469814608e-11
3.15262031686e-09	-4.30467675394e-11
3.15386050724e-09	-1.69691604518e-11
3.15510069762e-09	1.61596656195e-11
3.156340888e-09	4.96042408538e-11
3.15758107838e-09	7.7026190981e-11
3.15882126875e-09	9.44285066806e-11
3.16006145913e-09	1.00992304797e-10
3.16130164951e-09	9.85872494752e-11
3.16254183989e-09	9.03816327336e-11
3.16378203027e-09	7.92626589363e-11
3.16502222065e-09	6.67300451007e-11
3.16626241103e-09	5.27086534141e-11
3.16750260141e-09	3.62341233406e-11
3.16874279179e-09	1.65461793572e-11
3.16998298217e-09	-6.00346378513e-12
3.17122317255e-09	-2.96666094468e-11
3.17246336293e-09	-5.1775993215e-11
3.17370355331e-09	-6.97264121441e-11
3.17494374369e-09	-8.18882114895e-11
3.17618393407e-09	-8.79879780147e-11
3.17742412445e-09	-8.87843409902e-11
3.17866431483e-09	-8.52227663439e-11
3.17990450521e-09	-7.75879360759e-11
3.18114469559e-09	-6.51896245318e-11
3.18238488596e-09	-4.68698170553e-11
3.18362507634e-09	-2.20929455286e-11
3.18486526672e-09	7.89526256872e-12
3.1861054571e-09	3.94683105642e-11
3.18734564748e-09	6.70140054559e-11
3.18858583786e-09	8.43007608164e-11
3.18982602824e-09	8.64042101756e-11
3.19106621862e-09	7.14875242336e-11
3.192306409e-09	4.17966702915e-11
3.19354659938e-09	3.41611808286e-12
3.19478678976e-09	-3.52036559625e-11
3.19602698014e-09	-6.54697199232e-11
3.19726717052e-09	-8.08946937214e-11
3.1985073609e-09	-7.86052264945e-11
3.19974755128e-09	-5.96635657546e-11
3.20098774166e-09	-2.82089265141e-11
3.20222793204e-09	1.00326127614e-11
3.20346812242e-09	4.92160479038e-11
3.20470831279e-09	8.42997061046e-11
3.20594850317e-09	1.11278486425e-10
3.20718869355e-09	1.26988225491e-10
3.20842888393e-09	1.28958899115e-10
3.20966907431e-09	1.15647401377e-10
3.21090926469e-09	8.70199051706e-11
3.21214945507e-09	4.51949068447e-11
3.21338964545e-09	-5.2929475039e-12
3.21462983583e-09	-5.79432335446e-11
3.21587002621e-09	-1.05423177132e-10
3.21711021659e-09	-1.41048561719e-10
3.21835040697e-09	-1.60135585348e-10
3.21959059735e-09	-1.60783358849e-10
3.22083078773e-09	-1.4388228109e-10
3.22207097811e-09	-1.12477312186e-10
3.22331116849e-09	-7.08702679875e-11
3.22455135887e-09	-2.38082713266e-11
3.22579154925e-09	2.40067601215e-11
3.22703173962e-09	6.80484071869e-11
3.22827193e-09	1.03942174312e-10
3.22951212038e-09	1.27542143513e-10
3.23075231076e-09	1.35321739925e-10
3.23199250114e-09	1.25089966163e-10
3.23323269152e-09	9.68751259767e-11
3.2344728819e-09	5.3606862005e-11
3.23571307228e-09	1.22509142587e-12
3.23695326266e-09	-5.20181259178e-11
3.23819345304e-09	-9.70144034551e-11
3.23943364342e-09	-1.2566023222e-10
3.2406738338e-09	-1.32602803737e-10
3.24191402418e-09	-1.16338605416e-10
3.24315421456e-09	-7.94080357025e-11
3.24439440494e-09	-2.77226262779e-11
3.24563459532e-09	3.06594125088e-11
3.2468747857e-09	8.69225108557e-11
3.24811497608e-09	1.32761912575e-10
3.24935516645e-09	1.61389498987e-10
3.25059535683e-09	1.68298014414e-10
3.25183554721e-09	1.51805054638e-10
3.25307573759e-09	1.13370764165e-10
3.25431592797e-09	5.7615381216e-11
3.25555611835e-09	-8.07654984558e-12
3.25679630873e-09	-7.44502931527e-11
3.25803649911e-09	-1.31728655761e-10
3.25927668949e-09	-1.71253539127e-10
3.26051687987e-09	-1.87111229288e-10
3.26175707025e-09	-1.77341516472e-10
3.26299726063e-09	-1.44337375385e-10
3.26423745101e-09	-9.42664210579e-11
3.26547764139e-09	-3.56398452417e-11
3.26671783177e-09	2.2548756265e-11
3.26795802215e-09	7.25325355333e-11
3.26919821253e-09	1.0884961682e-10
3.27043840291e-09	1.28617907991e-10
3.27167859329e-09	1.31207655851e-10
3.27291878366e-09	1.17685222678e-10
3.27415897404e-09	9.04135447066e-11
3.27539916442e-09	5.29171984009e-11
3.2766393548e-09	9.87184205908e-12
3.27787954518e-09	-3.30731865505e-11
3.27911973556e-09	-6.98564539547e-11
3.28035992594e-09	-9.49335055012e-11
3.28160011632e-09	-1.04355614428e-10
3.2828403067e-09	-9.66302107774e-11
3.28408049708e-09	-7.30770444157e-11
3.28532068746e-09	-3.75558993626e-11
3.28656087784e-09	4.31242888621e-12
3.28780106822e-09	4.61853159883e-11
3.2890412586e-09	8.20353021624e-11
3.29028144898e-09	1.0696699082e-10
3.29152163936e-09	1.17729090365e-10
3.29276182974e-09	1.12948324305e-10
3.29400202012e-09	9.316544064e-11
3.29524221049e-09	6.07158073818e-11
3.29648240087e-09	1.95068336484e-11
3.29772259125e-09	-2.53163809361e-11
3.29896278163e-09	-6.78615358352e-11
3.30020297201e-09	-1.02178453198e-10
3.30144316239e-09	-1.23116780659e-10
3.30268335277e-09	-1.27258578675e-10
3.30392354315e-09	-1.13724828166e-10
3.30516373353e-09	-8.45959413631e-11
3.30640392391e-09	-4.47433062822e-11
3.30764411429e-09	-1.00623459218e-12
3.30888430467e-09	3.91557619661e-11
3.31012449505e-09	6.92134544122e-11
3.31136468543e-09	8.48889430971e-11
3.31260487581e-09	8.4921389365e-11
3.31384506619e-09	7.10940681325e-11
3.31508525657e-09	4.75713808623e-11
3.31632544695e-09	1.97768763172e-11
3.31756563732e-09	-6.84958556887e-12
3.3188058277e-09	-2.78839711737e-11
3.32004601808e-09	-4.05490155342e-11
3.32128620846e-09	-4.38608802056e-11
3.32252639884e-09	-3.84166379264e-11
3.32376658922e-09	-2.59976987854e-11
3.3250067796e-09	-9.1629343002e-12
3.32624696998e-09	9.1061437904e-12
3.32748716036e-09	2.57270940662e-11
3.32872735074e-09	3.78842512916e-11
3.32996754112e-09	4.34860619736e-11
3.3312077315e-09	4.16235136635e-11
3.33244792188e-09	3.28444597908e-11
3.33368811226e-09	1.90730972682e-11
3.33492830264e-09	3.15254116215e-12
3.33616849302e-09	-1.18795008552e-11
3.3374086834e-09	-2.35178838209e-11
3.33864887378e-09	-3.02590973111e-11
3.33988906415e-09	-3.17180795517e-11
3.34112925453e-09	-2.84550161211e-11
3.34236944491e-09	-2.16600782449e-11
3.34360963529e-09	-1.28473160929e-11
3.34484982567e-09	-3.63756225662e-12
3.34609001605e-09	4.40355044096e-12
3.34733020643e-09	9.94664680481e-12
3.34857039681e-09	1.20991099084e-11
3.34981058719e-09	1.05599556877e-11
3.35105077757e-09	5.68299400594e-12
3.35229096795e-09	-1.62463109372e-12
3.35353115833e-09	-1.01092814675e-11
3.35477134871e-09	-1.83819764965e-11
3.35601153909e-09	-2.50442479255e-11
3.35725172947e-09	-2.87494628798e-11
3.35849191985e-09	-2.82687640657e-11
3.35973211023e-09	-2.26544026594e-11
3.36097230061e-09	-1.15466074202e-11
3.36221249099e-09	4.48105138065e-12
3.36345268136e-09	2.36757280447e-11
3.36469287174e-09	4.31261658329e-11
3.36593306212e-09	5.91294513352e-11
3.3671732525e-09	6.79052439279e-11
3.36841344288e-09	6.64874544309e-11
3.36965363326e-09	5.35621789977e-11
3.37089382364e-09	3.00452648871e-11
3.37213401402e-09	-8.28127280292e-13
3.3733742044e-09	-3.39835902474e-11
3.37461439478e-09	-6.34991642601e-11
3.37585458516e-09	-8.38527997038e-11
3.37709477554e-09	-9.11145672799e-11
3.37833496592e-09	-8.37489244621e-11
3.3795751563e-09	-6.2827097691e-11
3.38081534668e-09	-3.16751104512e-11
3.38205553706e-09	4.86043453748e-12
3.38329572744e-09	4.12859468835e-11
3.38453591782e-09	7.22676987697e-11
3.38577610819e-09	9.32697599709e-11
3.38701629857e-09	1.01050473544e-10
3.38825648895e-09	9.40590660914e-11
3.38949667933e-09	7.27193652517e-11
3.39073686971e-09	3.95304587675e-11
3.39197706009e-09	-1.08125758781e-12
3.39321725047e-09	-4.32393461314e-11
3.39445744085e-09	-8.04215860573e-11
3.39569763123e-09	-1.0649699872e-10
3.39693782161e-09	-1.16831114227e-10
3.39817801199e-09	-1.0925411964e-10
3.39941820237e-09	-8.46448744429e-11
3.40065839275e-09	-4.69114989909e-11
3.40189858313e-09	-2.29914568287e-12
3.40313877351e-09	4.18795415014e-11
3.40437896389e-09	7.87601789343e-11
3.40561915427e-09	1.03245571814e-10
3.40685934465e-09	1.12715815848e-10
3.40809953502e-09	1.07011656481e-10
3.4093397254e-09	8.78438155549e-11
3.41057991578e-09	5.79985920401e-11
3.41182010616e-09	2.07727220841e-11
3.41306029654e-09	-2.01769451841e-11
3.41430048692e-09	-6.06673461467e-11
3.4155406773e-09	-9.58560175679e-11
3.41678086768e-09	-1.204822353e-10
3.41802105806e-09	-1.29678476291e-10
3.41926124844e-09	-1.2019704676e-10
3.42050143882e-09	-9.16114614724e-11
3.4217416292e-09	-4.70019578813e-11
3.42298181958e-09	7.21545045934e-12
3.42422200996e-09	6.23916751596e-11
3.42546220034e-09	1.09417405691e-10
3.42670239072e-09	1.4063319953e-10
3.4279425811e-09	1.51347642752e-10
3.42918277148e-09	1.40561992601e-10
3.43042296185e-09	1.10777727269e-10
3.43166315223e-09	6.70755048726e-11
3.43290334261e-09	1.58935191397e-11
3.43414353299e-09	-3.6070462589e-11
3.43538372337e-09	-8.25885401734e-11
3.43662391375e-09	-1.18260193305e-10
3.43786410413e-09	-1.38728625809e-10
3.43910429451e-09	-1.41015421562e-10
3.44034448489e-09	-1.24072974117e-10
3.44158467527e-09	-8.93794274703e-11
3.44282486565e-09	-4.12930106775e-11
3.44406505603e-09	1.31796613553e-11
3.44530524641e-09	6.53422524421e-11
3.44654543679e-09	1.06375873388e-10
3.44778562717e-09	1.29141503047e-10
3.44902581755e-09	1.29754623712e-10
3.45026600793e-09	1.08491576833e-10
3.45150619831e-09	6.97184046605e-11
3.45274638869e-09	2.08428326681e-11
3.45398657906e-09	-2.94250596111e-11
3.45522676944e-09	-7.29903637531e-11
3.45646695982e-09	-1.03904766735e-10
3.4577071502e-09	-1.1907054509e-10
3.45894734058e-09	-1.18062698506e-10
3.46018753096e-09	-1.02356810527e-10
3.46142772134e-09	-7.44422440357e-11
3.46266791172e-09	-3.72824444927e-11
3.4639081021e-09	5.70067604233e-12
3.46514829248e-09	5.03190544787e-11
3.46638848286e-09	9.1441701433e-11
3.46762867324e-09	1.23306476141e-10
3.46886886362e-09	1.40468414678e-10
3.470109054e-09	1.3916261199e-10
3.47134924438e-09	1.18576967689e-10
3.47258943476e-09	8.1459464174e-11
3.47382962514e-09	3.3766611035e-11
3.47506981552e-09	-1.66116825157e-11
3.47631000589e-09	-6.16580883572e-11
3.47755019627e-09	-9.49569520237e-11
3.47879038665e-09	-1.1282000334e-10
3.48003057703e-09	-1.14550938179e-10
3.48127076741e-09	-1.01957157994e-10
3.48251095779e-09	-7.84196874104e-11
3.48375114817e-09	-4.7968389677e-11
3.48499133855e-09	-1.4654655961e-11
3.48623152893e-09	1.7709968908e-11
3.48747171931e-09	4.55680562728e-11
3.48871190969e-09	6.56143264721e-11
3.48995210007e-09	7.49821801871e-11
3.49119229045e-09	7.17401971162e-11
3.49243248083e-09	5.55685254755e-11
3.49367267121e-09	2.83568724058e-11
3.49491286159e-09	-5.61907031321e-12
3.49615305197e-09	-4.02030388147e-11
3.49739324235e-09	-6.85786635812e-11
3.49863343272e-09	-8.48974432421e-11
3.4998736231e-09	-8.57840742885e-11
3.50111381348e-09	-7.11980127632e-11
3.50235400386e-09	-4.43301818864e-11
3.50359419424e-09	-1.05872914602e-11
3.50483438462e-09	2.39370311766e-11
3.506074575e-09	5.39350196449e-11
3.50731476538e-09	7.58530321887e-11
3.50855495576e-09	8.81433814826e-11
3.50979514614e-09	9.08826833235e-11
3.51103533652e-09	8.50791659346e-11
3.5122755269e-09	7.20547024824e-11
3.51351571728e-09	5.31512021895e-11
3.51475590766e-09	2.98354708994e-11
3.51599609804e-09	4.0354252058e-12
3.51723628842e-09	-2.16000394654e-11
3.5184764788e-09	-4.38060317187e-11
3.51971666918e-09	-5.92909193964e-11
3.52095685955e-09	-6.5638466884e-11
3.52219704993e-09	-6.2188316996e-11
3.52343724031e-09	-5.04509455046e-11
3.52467743069e-09	-3.38161824931e-11
3.52591762107e-09	-1.66019229614e-11
3.52715781145e-09	-2.79049092861e-12
3.52839800183e-09	5.06065328532e-12
3.52963819221e-09	6.35260420656e-12
3.53087838259e-09	2.27482551025e-12
3.53211857297e-09	-4.89230834663e-12
3.53335876335e-09	-1.26744066631e-11
3.53459895373e-09	-1.91182798759e-11
3.53583914411e-09	-2.31286812619e-11
3.53707933449e-09	-2.43861215943e-11
3.53831952487e-09	-2.29906059468e-11
3.53955971525e-09	-1.90596358141e-11
3.54079990563e-09	-1.25005075735e-11
3.54204009601e-09	-3.08933260917e-12
3.54328028639e-09	9.17575043724e-12
3.54452047676e-09	2.36101034556e-11
3.54576066714e-09	3.85469885178e-11
3.54700085752e-09	5.14487480396e-11
3.5482410479e-09	5.94951726773e-11
3.54948123828e-09	6.0487601039e-11
3.55072142866e-09	5.37209582374e-11
3.55196161904e-09	4.04147271205e-11
3.55320180942e-09	2.34657415027e-11
3.5544419998e-09	6.58619513094e-12
3.55568219018e-09	-6.84243243662e-12
3.55692238056e-09	-1.47550166529e-11
3.55816257094e-09	-1.68701025371e-11
3.55940276132e-09	-1.44916145056e-11
3.5606429517e-09	-9.82935000754e-12
3.56188314208e-09	-5.15333825959e-12
3.56312333246e-09	-2.13956760295e-12
3.56436352284e-09	-1.59978085466e-12
3.56560371322e-09	-3.62376730186e-12
3.56684390359e-09	-7.95178072693e-12
3.56808409397e-09	-1.43186087986e-11
3.56932428435e-09	-2.25765430656e-11
3.57056447473e-09	-3.25112992083e-11
3.57180466511e-09	-4.34687529027e-11
3.57304485549e-09	-5.40215892852e-11
3.57428504587e-09	-6.19548509717e-11
3.57552523625e-09	-6.46699777063e-11
3.57676542663e-09	-5.99352234509e-11
3.57800561701e-09	-4.67212761535e-11
3.57924580739e-09	-2.57577674467e-11
3.58048599777e-09	4.36451113965e-13
3.58172618815e-09	2.80924589147e-11
3.58296637853e-09	5.30920273023e-11
3.58420656891e-09	7.19293027918e-11
3.58544675929e-09	8.23984283582e-11
3.58668694967e-09	8.3835584308e-11
3.58792714005e-09	7.69476843354e-11
3.58916733042e-09	6.33914171155e-11
3.5904075208e-09	4.52975539023e-11
3.59164771118e-09	2.49196913105e-11
3.59288790156e-09	4.46035222645e-12
3.59412809194e-09	-1.39804062424e-11
3.59536828232e-09	-2.84377417448e-11
3.5966084727e-09	-3.71920584608e-11
3.59784866308e-09	-3.90141773055e-11
3.59908885346e-09	-3.35232813731e-11
3.60032904384e-09	-2.1513174922e-11
3.60156923422e-09	-5.10044350505e-12
3.6028094246e-09	1.24505050367e-11
3.60404961498e-09	2.72722070621e-11
3.60528980536e-09	3.57383567184e-11
3.60652999574e-09	3.5359513928e-11
3.60777018612e-09	2.54434320834e-11
3.6090103765e-09	7.29315045855e-12
3.61025056688e-09	-1.61512869051e-11
3.61149075726e-09	-4.10674411144e-11
3.61273094763e-09	-6.36280611532e-11
3.61397113801e-09	-8.06694155919e-11
3.61521132839e-09	-9.00102076207e-11
3.61645151877e-09	-9.043817778e-11
3.61769170915e-09	-8.15520220798e-11
3.61893189953e-09	-6.36850225333e-11
3.62017208991e-09	-3.79813749896e-11
3.62141228029e-09	-6.55186278495e-12
3.62265247067e-09	2.74873353245e-11
3.62389266105e-09	6.02396396654e-11
3.62513285143e-09	8.75752109719e-11
3.62637304181e-09	1.05870631706e-10
3.62761323219e-09	1.12717224443e-10
3.62885342257e-09	1.07391220916e-10
3.63009361295e-09	9.09617797751e-11
3.63133380333e-09	6.60258514529e-11
3.63257399371e-09	3.61756596901e-11
3.63381418409e-09	5.37591065414e-12
3.63505437446e-09	-2.26155847521e-11
3.63629456484e-09	-4.46903070106e-11
3.63753475522e-09	-5.86466777919e-11
3.6387749456e-09	-6.33188085297e-11
3.64001513598e-09	-5.86472675979e-11
3.64125532636e-09	-4.57099601225e-11
3.64249551674e-09	-2.6690382543e-11
3.64373570712e-09	-4.7154931869e-12
3.6449758975e-09	1.64919675139e-11
3.64621608788e-09	3.31727041669e-11
3.64745627826e-09	4.21880412549e-11
3.64869646864e-09	4.16195862496e-11
3.64993665902e-09	3.11711177703e-11
3.6511768494e-09	1.22396745517e-11
3.65241703978e-09	-1.23303138533e-11
3.65365723016e-09	-3.87490040055e-11
3.65489742054e-09	-6.28955290627e-11
3.65613761092e-09	-8.09636455101e-11
3.65737780129e-09	-9.00178473429e-11
3.65861799167e-09	-8.83958115039e-11
3.65985818205e-09	-7.59192916866e-11
3.66109837243e-09	-5.38695234253e-11
3.66233856281e-09	-2.47508194495e-11
3.66357875319e-09	8.10983138283e-12
3.66481894357e-09	4.10059070033e-11
3.66605913395e-09	7.02889690896e-11
3.66729932433e-09	9.27438334464e-11
3.66853951471e-09	1.05911002191e-10
3.66977970509e-09	1.08389797138e-10
3.67101989547e-09	1.00078105525e-10
3.67226008585e-09	8.2267442858e-11
3.67350027623e-09	5.74784733698e-11
3.67474046661e-09	2.90450545559e-11
3.67598065699e-09	5.10787538568e-13
3.67722084737e-09	-2.49778930178e-11
3.67846103775e-09	-4.50772509597e-11
3.67970122812e-09	-5.8370870637e-11
3.6809414185e-09	-6.42735448197e-11
3.68218160888e-09	-6.28647967016e-11
3.68342179926e-09	-5.47872268386e-11
3.68466198964e-09	-4.12614942213e-11
3.68590218002e-09	-2.41503761433e-11
3.6871423704e-09	-5.91132264666e-12
3.68838256078e-09	1.06418589219e-11
3.68962275116e-09	2.27665577363e-11
3.69086294154e-09	2.83224207975e-11
3.69210313192e-09	2.62516171995e-11
3.6933433223e-09	1.68587314248e-11
3.69458351268e-09	1.79964582733e-12
3.69582370306e-09	-1.62115945668e-11
3.69706389344e-09	-3.39400452187e-11
3.69830408382e-09	-4.82614538611e-11
3.6995442742e-09	-5.67144282926e-11
3.70078446458e-09	-5.78429040776e-11
3.70202465496e-09	-5.12822041776e-11
3.70326484533e-09	-3.76545496172e-11
3.70450503571e-09	-1.83655139707e-11
3.70574522609e-09	4.56286701131e-12
3.70698541647e-09	2.86524588777e-11
3.70822560685e-09	5.11673516057e-11
3.70946579723e-09	6.94164170589e-11
3.71070598761e-09	8.11603076412e-11
3.71194617799e-09	8.50188738855e-11
3.71318636837e-09	8.07374375689e-11
3.71442655875e-09	6.91822293897e-11
3.71566674913e-09	5.21013579502e-11
3.71690693951e-09	3.17288278984e-11
3.71814712989e-09	1.03649363398e-11
3.71938732027e-09	-9.95693458239e-12
3.72062751065e-09	-2.76638625202e-11
3.72186770103e-09	-4.1708570625e-11
3.72310789141e-09	-5.15427110714e-11
3.72434808179e-09	-5.70152328128e-11
3.72558827216e-09	-5.82483228317e-11
3.72682846254e-09	-5.55273708958e-11
3.72806865292e-09	-4.92396019791e-11
3.7293088433e-09	-3.98840960258e-11
3.73054903368e-09	-2.81506519484e-11
3.73178922406e-09	-1.50225006046e-11
3.73302941444e-09	-1.8154009112e-12
3.73426960482e-09	9.9133644002e-12
3.7355097952e-09	1.86020834153e-11
3.73674998558e-09	2.30346037383e-11
3.73799017596e-09	2.26755732247e-11
3.73923036634e-09	1.78595853384e-11
3.74047055672e-09	9.7543821978e-12
3.7417107471e-09	1.11850009506e-13
3.74295093748e-09	-9.09802962135e-12
3.74419112786e-09	-1.60598964682e-11
3.74543131824e-09	-1.93776470564e-11
3.74667150862e-09	-1.82329776277e-11
3.74791169899e-09	-1.24528807405e-11
3.74915188937e-09	-2.52496244399e-12
3.75039207975e-09	1.04421731678e-11
3.75163227013e-09	2.4830908163e-11
3.75287246051e-09	3.8721761908e-11
3.75411265089e-09	5.01931066155e-11
3.75535284127e-09	5.76278365305e-11
3.75659303165e-09	5.99625488151e-11
3.75783322203e-09	5.67976429777e-11
3.75907341241e-09	4.83631294734e-11
3.76031360279e-09	3.5378151797e-11
3.76155379317e-09	1.88827963682e-11
3.76279398355e-09	1.08832796833e-13
3.76403417393e-09	-1.95942619768e-11
3.76527436431e-09	-3.87779114375e-11
3.76651455469e-09	-5.5919407993e-11
3.76775474507e-09	-6.9486000287e-11
3.76899493545e-09	-7.80689263236e-11
3.77023512582e-09	-8.05713898377e-11
3.7714753162e-09	-7.64052224267e-11
3.77271550658e-09	-6.56324716797e-11
3.77395569696e-09	-4.90111319584e-11
3.77519588734e-09	-2.79330569092e-11
3.77643607772e-09	-4.29352213505e-12
3.7776762681e-09	1.96625823262e-11
3.77891645848e-09	4.14915810043e-11
3.78015664886e-09	5.87287440901e-11
3.78139683924e-09	6.91424834054e-11
3.78263702962e-09	7.10918893199e-11
3.78387722e-09	6.39596847707e-11
3.78511741038e-09	4.85179153797e-11
3.78635760076e-09	2.7053444554e-11
3.78759779114e-09	3.12378833738e-12
3.78883798152e-09	-1.90578906822e-11
3.7900781719e-09	-3.54768471544e-11
3.79131836228e-09	-4.31690863612e-11
3.79255855266e-09	-4.08290831699e-11
3.79379874303e-09	-2.90353331656e-11
3.79503893341e-09	-1.00588365762e-11
3.79627912379e-09	1.26483693311e-11
3.79751931417e-09	3.51498448403e-11
3.79875950455e-09	5.37221309105e-11
3.79999969493e-09	6.5427677165e-11
3.80123988531e-09	6.84604872792e-11
3.80248007569e-09	6.22294507591e-11
3.80372026607e-09	4.72382272187e-11
3.80496045645e-09	2.48716915119e-11
3.80620064683e-09	-2.79630051753e-12
3.80744083721e-09	-3.31238161899e-11
3.80868102759e-09	-6.2981182769e-11
3.80992121797e-09	-8.89057230613e-11
3.81116140835e-09	-1.07447939435e-10
3.81240159873e-09	-1.15717442573e-10
3.81364178911e-09	-1.11987724649e-10
3.81488197949e-09	-9.61578108805e-11
3.81612216986e-09	-6.98763338858e-11
3.81736236024e-09	-3.6254083069e-11
3.81860255062e-09	7.35334102636e-13
