% time-domain voltage integration by openEMS v0.37.0-rc1-2-g7b051bb @Sun Jul 12 16:32:32 2026
% start-coordinates: (0.00525992,0.00307512,-0.000889) m -> [121,90,13]
% stop-coordinates: (0.00548797,0.00307512,-0.000889) m -> [125,90,13]
% t/s	voltage
0	0
1.24019037945e-12	0
2.4803807589e-12	0
3.72057113836e-12	0
4.96076151781e-12	0
6.20095189726e-12	0
7.44114227671e-12	0
8.68133265617e-12	0
9.92152303562e-12	0
1.11617134151e-11	0
1.24019037945e-11	0
1.3642094174e-11	0
1.48822845534e-11	0
1.61224749329e-11	0
1.73626653123e-11	0
1.86028556918e-11	0
1.98430460712e-11	0
2.10832364507e-11	0
2.23234268301e-11	0
2.35636172096e-11	0
2.4803807589e-11	0
2.60439979685e-11	0
2.7284188348e-11	0
2.85243787274e-11	0
2.97645691069e-11	0
3.10047594863e-11	0
3.22449498658e-11	0
3.34851402452e-11	0
3.47253306247e-11	0
3.59655210041e-11	0
3.72057113836e-11	0
3.8445901763e-11	0
3.96860921425e-11	0
4.09262825219e-11	0
4.21664729014e-11	0
4.34066632808e-11	0
4.46468536603e-11	0
4.58870440397e-11	0
4.71272344192e-11	0
4.83674247986e-11	0
4.96076151781e-11	0
5.08478055575e-11	0
5.2087995937e-11	1.3458234123e-36
5.33281863164e-11	1.69492670776e-33
5.45683766959e-11	2.23199093997e-31
5.58085670754e-11	2.12346355099e-29
5.70487574548e-11	1.48071483767e-27
5.82889478343e-11	7.64245610009e-26
5.95291382137e-11	2.94539564911e-24
6.07693285932e-11	8.54421099793e-23
6.20095189726e-11	1.87935202931e-21
6.32497093521e-11	3.15572247122e-20
6.44898997315e-11	4.07001922557e-19
6.5730090111e-11	4.0514276046e-18
6.69702804904e-11	3.11882171662e-17
6.82104708699e-11	1.84738314276e-16
6.94506612493e-11	8.22472909311e-16
7.06908516288e-11	2.53100411486e-15
7.19310420082e-11	3.36526311705e-15
7.31712323877e-11	-1.63330195316e-14
7.44114227671e-11	-1.43652220653e-13
7.56516131466e-11	-6.38551081315e-13
7.6891803526e-11	-2.03859447227e-12
7.81319939055e-11	-4.94873174557e-12
7.93721842849e-11	-8.73129205655e-12
8.06123746644e-11	-7.89917664699e-12
8.18525650439e-11	1.45893624872e-11
8.30927554233e-11	9.56921555884e-11
8.43329458028e-11	2.96151440177e-10
8.55731361822e-11	6.87496330698e-10
8.68133265617e-11	1.30558981681e-09
8.80535169411e-11	2.05786696017e-09
8.92937073206e-11	2.5893672484e-09
9.05338977e-11	2.14823311917e-09
9.17740880795e-11	-4.58154215954e-10
9.30142784589e-11	-6.67478239347e-09
9.42544688384e-11	-1.76250334327e-08
9.54946592178e-11	-3.30899134759e-08
9.67348495973e-11	-5.02311574557e-08
9.79750399767e-11	-6.26268059634e-08
9.92152303562e-11	-6.05011054589e-08
1.00455420736e-10	-3.29710294622e-08
1.01695611115e-10	2.75473150957e-08
1.02935801495e-10	1.19874741245e-07
1.04175991874e-10	2.29966609311e-07
1.05416182253e-10	3.31127431252e-07
1.06656372633e-10	3.90455845434e-07
1.07896563012e-10	3.80680347689e-07
1.09136753392e-10	2.93107945026e-07
1.10376943771e-10	1.4522289149e-07
1.11617134151e-10	-2.25709984036e-08
1.1285732453e-10	-1.62046964292e-07
1.1409751491e-10	-2.3866283172e-07
1.15337705289e-10	-2.49273952591e-07
1.16577895669e-10	-2.26060720365e-07
1.17818086048e-10	-2.22904329661e-07
1.19058276427e-10	-2.89665560871e-07
1.20298466807e-10	-4.46711531765e-07
1.21538657186e-10	-6.72197302265e-07
1.22778847566e-10	-9.08086178697e-07
1.24019037945e-10	-1.08147695244e-06
1.25259228325e-10	-1.13097642895e-06
1.26499418704e-10	-1.02678137637e-06
1.27739609084e-10	-7.77869843205e-07
1.28979799463e-10	-4.26411091325e-07
1.30219989842e-10	-3.43700650163e-08
1.31460180222e-10	3.31805573239e-07
1.32700370601e-10	6.14139231914e-07
1.33940560981e-10	7.71941721212e-07
1.3518075136e-10	7.8657394198e-07
1.3642094174e-10	6.63298564518e-07
1.37661132119e-10	4.31054687056e-07
1.38901322499e-10	1.39826489942e-07
1.40141512878e-10	-1.45888755299e-07
1.41381703258e-10	-3.59188238264e-07
1.42621893637e-10	-4.48021452826e-07
1.43862084016e-10	-3.9336960711e-07
1.45102274396e-10	-2.2017803758e-07
1.46342464775e-10	6.84592338374e-09
1.47582655155e-10	2.04941953186e-07
1.48822845534e-10	3.0562935649e-07
1.50063035914e-10	2.83637810128e-07
1.51303226293e-10	1.67633297465e-07
1.52543416673e-10	2.58615706628e-08
1.53783607052e-10	-6.74482247831e-08
1.55023797432e-10	-6.80328149372e-08
1.56263987811e-10	1.88973761084e-08
1.5750417819e-10	1.45739015522e-07
1.5874436857e-10	2.51084916414e-07
1.59984558949e-10	2.92297020366e-07
1.61224749329e-10	2.62919574112e-07
1.62464939708e-10	1.86396736268e-07
1.63705130088e-10	9.35629573817e-08
1.64945320467e-10	1.45553991082e-09
1.66185510847e-10	-9.11177924223e-08
1.67425701226e-10	-1.89253597682e-07
1.68665891606e-10	-2.81784988232e-07
1.69906081985e-10	-3.33606671177e-07
1.71146272364e-10	-3.00240920126e-07
1.72386462744e-10	-1.57503425413e-07
1.73626653123e-10	7.29125648746e-08
1.74866843503e-10	3.2073397449e-07
1.76107033882e-10	4.92550142894e-07
1.77347224262e-10	5.13915878741e-07
1.78587414641e-10	3.65970127092e-07
1.79827605021e-10	9.69462217171e-08
1.810677954e-10	-1.97939009183e-07
1.82307985779e-10	-4.18327850582e-07
1.83548176159e-10	-5.01866630032e-07
1.84788366538e-10	-4.48019051191e-07
1.86028556918e-10	-3.11681464638e-07
1.87268747297e-10	-1.70594946169e-07
1.88508937677e-10	-8.36300459994e-08
1.89749128056e-10	-6.15953688055e-08
1.90989318436e-10	-6.57430092588e-08
1.92229508815e-10	-3.45983641736e-08
1.93469699195e-10	7.53761231209e-08
1.94709889574e-10	2.5790035707e-07
1.95950079953e-10	4.52345858548e-07
1.97190270333e-10	5.70733341476e-07
1.98430460712e-10	5.43068402692e-07
1.99670651092e-10	3.57514156946e-07
2.00910841471e-10	7.37384473481e-08
2.02151031851e-10	-1.99003725498e-07
2.0339122223e-10	-3.49565176805e-07
2.0463141261e-10	-3.15850655852e-07
2.05871602989e-10	-1.14350822145e-07
2.07111793369e-10	1.65947586339e-07
2.08351983748e-10	4.02984227321e-07
2.09592174127e-10	4.96042858344e-07
2.10832364507e-10	4.10106952842e-07
2.12072554886e-10	1.89946518958e-07
2.13312745266e-10	-6.19475688524e-08
2.14552935645e-10	-2.32835120073e-07
2.15793126025e-10	-2.50399821766e-07
2.17033316404e-10	-1.13514188271e-07
2.18273506784e-10	1.09627533718e-07
2.19513697163e-10	3.13464674662e-07
2.20753887543e-10	4.01537004535e-07
2.21994077922e-10	3.26947976248e-07
2.23234268301e-10	1.10050656588e-07
2.24474458681e-10	-1.72358053163e-07
2.2571464906e-10	-4.19715306066e-07
2.2695483944e-10	-5.47385980099e-07
2.28195029819e-10	-5.17305075221e-07
2.29435220199e-10	-3.48892655211e-07
2.30675410578e-10	-1.07828967089e-07
2.31915600958e-10	1.21253764362e-07
2.33155791337e-10	2.67176837099e-07
2.34395981716e-10	2.97174810981e-07
2.35636172096e-10	2.25461636916e-07
2.36876362475e-10	1.03052064659e-07
2.38116552855e-10	-6.31161034548e-09
2.39356743234e-10	-5.4161322538e-08
2.40596933614e-10	-2.75266556216e-08
2.41837123993e-10	4.74883283808e-08
2.43077314373e-10	1.20314751939e-07
2.44317504752e-10	1.41847502633e-07
2.45557695132e-10	8.95125387146e-08
2.46797885511e-10	-2.06927364133e-08
2.4803807589e-10	-1.41591376845e-07
2.4927826627e-10	-2.18385928008e-07
2.50518456649e-10	-2.16484487225e-07
2.51758647029e-10	-1.39140592381e-07
2.52998837408e-10	-2.53072904854e-08
2.54239027788e-10	7.14679035951e-08
2.55479218167e-10	1.11879746356e-07
2.56719408547e-10	9.13403823688e-08
2.57959598926e-10	4.04416802269e-08
2.59199789306e-10	4.67198874032e-09
2.60439979685e-10	1.47040198906e-08
2.61680170064e-10	6.45657518561e-08
2.62920360444e-10	1.11176998274e-07
2.64160550823e-10	9.68016502512e-08
2.65400741203e-10	-1.71082874534e-08
2.66640931582e-10	-2.22744752421e-07
2.67881121962e-10	-4.60835082094e-07
2.69121312341e-10	-6.41753068464e-07
2.70361502721e-10	-6.83464875806e-07
2.716016931e-10	-5.4838841379e-07
2.7284188348e-10	-2.62015383612e-07
2.74082073859e-10	9.48763396735e-08
2.75322264238e-10	4.16794598834e-07
2.76562454618e-10	6.13106109881e-07
2.77802644997e-10	6.39954961912e-07
2.79042835377e-10	5.12110212014e-07
2.80283025756e-10	2.91854576062e-07
2.81523216136e-10	6.14179374026e-08
2.82763406515e-10	-1.08470365134e-07
2.84003596895e-10	-1.81127408183e-07
2.85243787274e-10	-1.60164827179e-07
2.86483977653e-10	-7.94404417803e-08
2.87724168033e-10	1.65092060023e-08
2.88964358412e-10	9.19239830921e-08
2.90204548792e-10	1.31059428199e-07
2.91444739171e-10	1.38247516546e-07
2.92684929551e-10	1.290870415e-07
2.9392511993e-10	1.18576965136e-07
2.9516531031e-10	1.12636236338e-07
2.96405500689e-10	1.06631690144e-07
2.97645691069e-10	9.04581902716e-08
2.98885881448e-10	5.6306624252e-08
3.00126071827e-10	4.52773468718e-09
3.01366262207e-10	-5.5880330585e-08
3.02606452586e-10	-1.1240587483e-07
3.03846642966e-10	-1.56641588589e-07
3.05086833345e-10	-1.89721735211e-07
3.06327023725e-10	-2.21665303002e-07
3.07567214104e-10	-2.64033182873e-07
3.08807404484e-10	-3.1916709986e-07
3.10047594863e-10	-3.72426317341e-07
3.11287785243e-10	-3.93068148696e-07
3.12527975622e-10	-3.45564632909e-07
3.13768166001e-10	-2.07678564124e-07
3.15008356381e-10	1.32700798128e-08
3.1624854676e-10	2.74921038823e-07
3.1748873714e-10	5.09973105522e-07
3.18728927519e-10	6.48918742741e-07
3.19969117899e-10	6.46427317008e-07
3.21209308278e-10	5.0010702779e-07
3.22449498658e-10	2.53372881787e-07
3.23689689037e-10	-1.90186753013e-08
3.24929879416e-10	-2.3695535134e-07
3.26170069796e-10	-3.42165527911e-07
3.27410260175e-10	-3.16394739741e-07
3.28650450555e-10	-1.84410641424e-07
3.29890640934e-10	-1.60760205148e-09
3.31130831314e-10	1.68069879791e-07
3.32371021693e-10	2.74907606013e-07
3.33611212073e-10	2.98306712665e-07
3.34851402452e-10	2.4885545713e-07
3.36091592832e-10	1.58303992137e-07
3.37331783211e-10	6.29266603269e-08
3.3857197359e-10	-1.18833920482e-08
3.3981216397e-10	-5.94473226201e-08
3.41052354349e-10	-8.97711887049e-08
3.42292544729e-10	-1.20027790373e-07
3.43532735108e-10	-1.63097507055e-07
3.44772925488e-10	-2.19913161459e-07
3.46013115867e-10	-2.78639355145e-07
3.47253306247e-10	-3.20065819182e-07
3.48493496626e-10	-3.25830473713e-07
3.49733687006e-10	-2.85347550033e-07
3.50973877385e-10	-1.9899226622e-07
3.52214067764e-10	-7.74288677619e-08
3.53454258144e-10	6.14735213844e-08
3.54694448523e-10	1.9642253335e-07
3.55934638903e-10	3.06259131833e-07
3.57174829282e-10	3.73241615392e-07
3.58415019662e-10	3.86553459464e-07
3.59655210041e-10	3.45313068806e-07
3.60895400421e-10	2.59796379964e-07
3.621355908e-10	1.49750114531e-07
3.6337578118e-10	3.96823041093e-08
3.64615971559e-10	-4.75233496999e-08
3.65856161938e-10	-9.64395932002e-08
3.67096352318e-10	-1.02278272962e-07
3.68336542697e-10	-7.09947967081e-08
3.69576733077e-10	-1.67705302978e-08
3.70816923456e-10	4.22040296044e-08
3.72057113836e-10	8.83671438245e-08
3.73297304215e-10	1.09050294128e-07
3.74537494595e-10	9.95760212064e-08
3.75777684974e-10	6.44133129057e-08
3.77017875353e-10	1.53007604364e-08
3.78258065733e-10	-3.35983476596e-08
3.79498256112e-10	-7.19477792899e-08
3.80738446492e-10	-9.80211929402e-08
3.81978636871e-10	-1.18843933805e-07
3.83218827251e-10	-1.44819715331e-07
3.8445901763e-10	-1.81300091384e-07
3.8569920801e-10	-2.22031395936e-07
3.86939398389e-10	-2.49209850978e-07
3.88179588769e-10	-2.41450788252e-07
3.89419779148e-10	-1.86035007843e-07
3.90659969527e-10	-8.83894424319e-08
3.91900159907e-10	2.71865463475e-08
3.93140350286e-10	1.27023717766e-07
3.94380540666e-10	1.83377387941e-07
3.95620731045e-10	1.87525538209e-07
3.96860921425e-10	1.53411217951e-07
3.98101111804e-10	1.09850745389e-07
3.99341302184e-10	8.54176160914e-08
4.00581492563e-10	9.37815860524e-08
4.01821682943e-10	1.27260534555e-07
4.03061873322e-10	1.61760469908e-07
4.04302063701e-10	1.70280248568e-07
4.05542254081e-10	1.37739554873e-07
4.0678244446e-10	6.94643649268e-08
4.0802263484e-10	-1.0917140747e-08
4.09262825219e-10	-7.28631928126e-08
4.10503015599e-10	-9.3550483804e-08
4.11743205978e-10	-6.82818406261e-08
4.12983396358e-10	-1.17461448346e-08
4.14223586737e-10	4.98855614595e-08
4.15463777117e-10	9.13359041732e-08
4.16703967496e-10	9.87133379482e-08
4.17944157875e-10	7.33313969548e-08
4.19184348255e-10	2.78882339444e-08
4.20424538634e-10	-2.20074887203e-08
4.21664729014e-10	-6.5924320225e-08
4.22904919393e-10	-1.02005513369e-07
4.24145109773e-10	-1.3436442714e-07
4.25385300152e-10	-1.66522022838e-07
4.26625490532e-10	-1.95142197512e-07
4.27865680911e-10	-2.08417056058e-07
4.2910587129e-10	-1.90662822419e-07
4.3034606167e-10	-1.31214118682e-07
4.31586252049e-10	-3.30063496534e-08
4.32826442429e-10	8.42413534485e-08
4.34066632808e-10	1.88989067951e-07
4.35306823188e-10	2.49570724975e-07
4.36547013567e-10	2.47613350268e-07
4.37787203947e-10	1.86892840759e-07
4.39027394326e-10	9.29359664781e-08
4.40267584706e-10	2.94265412037e-09
4.41507775085e-10	-4.97934320443e-08
4.42747965464e-10	-4.98819190398e-08
4.43988155844e-10	-5.87590154311e-09
4.45228346223e-10	5.45001652696e-08
4.46468536603e-10	9.76138183617e-08
4.47708726982e-10	9.94155415768e-08
4.48948917362e-10	5.61350477213e-08
4.50189107741e-10	-1.45384022598e-08
4.51429298121e-10	-8.18389880308e-08
4.526694885e-10	-1.15754902552e-07
4.5390967888e-10	-9.9949923893e-08
4.55149869259e-10	-3.85575638084e-08
4.56390059638e-10	4.54958106744e-08
4.57630250018e-10	1.1956978696e-07
4.58870440397e-10	1.53717843787e-07
4.60110630777e-10	1.31635065515e-07
4.61350821156e-10	5.63211166593e-08
4.62591011536e-10	-5.11988611507e-08
4.63831201915e-10	-1.59255383991e-07
4.65071392295e-10	-2.36112697394e-07
4.66311582674e-10	-2.59867039887e-07
4.67551773054e-10	-2.24477940236e-07
4.68791963433e-10	-1.40347129474e-07
4.70032153812e-10	-2.98886240202e-08
4.71272344192e-10	7.98613859487e-08
4.72512534571e-10	1.64984445661e-07
4.73752724951e-10	2.10400528999e-07
4.7499291533e-10	2.12334988703e-07
4.7623310571e-10	1.77458149508e-07
4.77473296089e-10	1.19500645823e-07
4.78713486469e-10	5.47200569301e-08
4.79953676848e-10	-2.4790043629e-09
4.81193867227e-10	-4.26515565088e-08
4.82434057607e-10	-6.263647645e-08
4.83674247986e-10	-6.50252989232e-08
4.84914438366e-10	-5.60465887034e-08
4.86154628745e-10	-4.27897033362e-08
4.87394819125e-10	-3.05797929201e-08
4.88635009504e-10	-2.14600903714e-08
4.89875199884e-10	-1.41398250886e-08
4.91115390263e-10	-5.2958053498e-09
4.92355580643e-10	8.47234393753e-09
4.93595771022e-10	2.8801963925e-08
4.94835961401e-10	5.42808304971e-08
4.96076151781e-10	8.01985997612e-08
4.9731634216e-10	9.93762929724e-08
4.9855653254e-10	1.04030165815e-07
4.99796722919e-10	8.82948363312e-08
5.01036913299e-10	5.06724431304e-08
5.02277103678e-10	-4.44320202853e-09
5.03517294058e-10	-6.70016273574e-08
5.04757484437e-10	-1.23495516036e-07
5.05997674817e-10	-1.60577695141e-07
5.07237865196e-10	-1.68732190886e-07
5.08478055575e-10	-1.44708735661e-07
5.09718245955e-10	-9.21237868212e-08
5.10958436334e-10	-2.03182590752e-08
5.12198626714e-10	5.77932741663e-08
5.13438817093e-10	1.28085101636e-07
5.14679007473e-10	1.77284823266e-07
5.15919197852e-10	1.94932690434e-07
5.17159388232e-10	1.75331829055e-07
5.18399578611e-10	1.19248973363e-07
5.19639768991e-10	3.49433015856e-08
5.2087995937e-10	-6.22358520275e-08
5.22120149749e-10	-1.52132489717e-07
5.23360340129e-10	-2.1410220441e-07
5.24600530508e-10	-2.32403138511e-07
5.25840720888e-10	-2.01142873024e-07
5.27080911267e-10	-1.26953029422e-07
5.28321101647e-10	-2.79499832168e-08
5.29561292026e-10	7.11717058621e-08
5.30801482406e-10	1.46708890369e-07
5.32041672785e-10	1.83402276477e-07
5.33281863164e-10	1.79008941004e-07
5.34522053544e-10	1.44068307506e-07
5.35762243923e-10	9.67298143806e-08
5.37002434303e-10	5.48249650123e-08
5.38242624682e-10	2.85751187157e-08
5.39482815062e-10	1.72540306487e-08
5.40723005441e-10	1.11303237738e-08
5.41963195821e-10	-2.15931006409e-09
5.432033862e-10	-2.98397320186e-08
5.4444357658e-10	-6.88765977586e-08
5.45683766959e-10	-1.06068380745e-07
5.46923957338e-10	-1.23667057039e-07
5.48164147718e-10	-1.08029830415e-07
5.49404338097e-10	-5.727816621e-08
5.50644528477e-10	1.59759658835e-08
5.51884718856e-10	8.85528734784e-08
5.53124909236e-10	1.35700055637e-07
5.54365099615e-10	1.41284232313e-07
5.55605289995e-10	1.04357487984e-07
5.56845480374e-10	3.90185510568e-08
5.58085670754e-10	-3.22872799607e-08
5.59325861133e-10	-8.8742021731e-08
5.60566051512e-10	-1.19520716879e-07
5.61806241892e-10	-1.26609167594e-07
5.63046432271e-10	-1.21006078047e-07
5.64286622651e-10	-1.14752344516e-07
5.6552681303e-10	-1.13073758357e-07
5.6676700341e-10	-1.10803258124e-07
5.68007193789e-10	-9.51080822986e-08
5.69247384169e-10	-5.3088651697e-08
5.70487574548e-10	1.95157956462e-08
5.71727764927e-10	1.13028391979e-07
5.72967955307e-10	2.04857204977e-07
5.74208145686e-10	2.67063736459e-07
5.75448336066e-10	2.7736628283e-07
5.76688526445e-10	2.28714455375e-07
5.77928716825e-10	1.33165915628e-07
5.79168907204e-10	1.79706010073e-08
5.80409097584e-10	-8.45022611884e-08
5.81649287963e-10	-1.48641428055e-07
5.82889478343e-10	-1.64029467342e-07
5.84129668722e-10	-1.3714171665e-07
5.85369859101e-10	-8.61274642716e-08
5.86610049481e-10	-3.1653259569e-08
5.8785023986e-10	1.14484517422e-08
5.8909043024e-10	3.81817892858e-08
5.90330620619e-10	5.18943621408e-08
5.91570810999e-10	5.90890056884e-08
5.92811001378e-10	6.39150989912e-08
5.94051191758e-10	6.53400613615e-08
5.95291382137e-10	5.81512793474e-08
5.96531572517e-10	3.66404941943e-08
5.97771762896e-10	-1.31086413946e-09
5.99011953275e-10	-5.20730236708e-08
6.00252143655e-10	-1.06836999691e-07
6.01492334034e-10	-1.5417678334e-07
6.02732524414e-10	-1.83239478702e-07
6.03972714793e-10	-1.86338843022e-07
6.05212905173e-10	-1.60460480458e-07
6.06453095552e-10	-1.07799985827e-07
6.07693285932e-10	-3.56160758663e-08
6.08933476311e-10	4.4711435887e-08
6.10173666691e-10	1.19654583131e-07
6.1141385707e-10	1.76454252099e-07
6.12654047449e-10	2.06367429811e-07
6.13894237829e-10	2.07033648891e-07
6.15134428208e-10	1.82781773717e-07
6.16374618588e-10	1.42577180284e-07
6.17614808967e-10	9.63699982037e-08
6.18854999347e-10	5.14685938313e-08
6.20095189726e-10	1.06817557022e-08
6.21335380106e-10	-2.68460564889e-08
6.22575570485e-10	-6.26880707344e-08
6.23815760864e-10	-9.57081072173e-08
6.25055951244e-10	-1.20211572252e-07
6.26296141623e-10	-1.27190530108e-07
6.27536332003e-10	-1.08482277383e-07
6.28776522382e-10	-6.19931395107e-08
6.30016712762e-10	4.7274543169e-09
6.31256903141e-10	7.48210107204e-08
6.32497093521e-10	1.27085193924e-07
6.337372839e-10	1.43841267786e-07
6.3497747428e-10	1.18214991573e-07
6.36217664659e-10	5.7438358958e-08
6.37457855038e-10	-1.96479492676e-08
6.38698045418e-10	-9.00294887529e-08
6.39938235797e-10	-1.35555824343e-07
6.41178426177e-10	-1.49356036871e-07
6.42418616556e-10	-1.36792822403e-07
6.43658806936e-10	-1.10794251995e-07
6.44898997315e-10	-8.41480121139e-08
6.46139187695e-10	-6.29066736479e-08
6.47379378074e-10	-4.42614855878e-08
6.48619568454e-10	-1.97413307923e-08
6.49859758833e-10	1.8335494012e-08
6.51099949212e-10	7.08430922813e-08
6.52340139592e-10	1.29611521515e-07
6.53580329971e-10	1.80101617175e-07
6.54820520351e-10	2.07479653014e-07
6.5606071073e-10	2.02893954082e-07
6.5730090111e-10	1.6683864601e-07
6.58541091489e-10	1.08288059408e-07
6.59781281869e-10	4.06078011217e-08
6.61021472248e-10	-2.33613555167e-08
6.62261662628e-10	-7.47005319823e-08
6.63501853007e-10	-1.09169612017e-07
6.64742043386e-10	-1.25958960595e-07
6.65982233766e-10	-1.25905692983e-07
6.67222424145e-10	-1.10542675458e-07
6.68462614525e-10	-8.22933747813e-08
6.69702804904e-10	-4.51624724285e-08
6.70942995284e-10	-4.94999186085e-09
6.72183185663e-10	3.16005466239e-08
6.73423376043e-10	5.83338097826e-08
6.74663566422e-10	7.11682881516e-08
6.75903756801e-10	6.88140007199e-08
6.77143947181e-10	5.254045643e-08
6.7838413756e-10	2.54140508638e-08
6.7962432794e-10	-8.42927372346e-09
6.80864518319e-10	-4.41514234062e-08
6.82104708699e-10	-7.64018190935e-08
6.83344899078e-10	-9.96540281406e-08
6.84585089458e-10	-1.09086284894e-07
6.85825279837e-10	-1.0188634203e-07
6.87065470217e-10	-7.83586706632e-08
6.88305660596e-10	-4.22355528329e-08
6.89545850975e-10	1.99756544639e-10
6.90786041355e-10	4.19410191022e-08
6.92026231734e-10	7.73370576468e-08
6.93266422114e-10	1.03419059094e-07
6.94506612493e-10	1.19850813718e-07
6.95746802873e-10	1.27666368144e-07
6.96986993252e-10	1.27483179568e-07
6.98227183632e-10	1.18330683918e-07
6.99467374011e-10	9.78878933466e-08
7.00707564391e-10	6.41243955712e-08
7.0194775477e-10	1.7545660036e-08
7.03187945149e-10	-3.71796611276e-08
7.04428135529e-10	-9.11756794508e-08
7.05668325908e-10	-1.33298868832e-07
7.06908516288e-10	-1.53500657518e-07
7.08148706667e-10	-1.46389323774e-07
7.09388897047e-10	-1.13563258353e-07
7.10629087426e-10	-6.36009813704e-08
7.11869277806e-10	-9.49838296904e-09
7.13109468185e-10	3.56504381571e-08
7.14349658565e-10	6.29677696651e-08
7.15589848944e-10	7.03430549365e-08
7.16830039323e-10	6.20930462603e-08
7.18070229703e-10	4.60016553738e-08
7.19310420082e-10	2.92368436128e-08
7.20550610462e-10	1.51625485501e-08
7.21790800841e-10	2.68291527883e-09
7.23030991221e-10	-1.17654239684e-08
7.242711816e-10	-3.07132288491e-08
7.2551137198e-10	-5.27726626842e-08
7.26751562359e-10	-7.20865207526e-08
7.27991752738e-10	-8.05463100662e-08
7.29231943118e-10	-7.16699215531e-08
7.30472133497e-10	-4.40736083185e-08
7.31712323877e-10	-2.7810549974e-09
7.32952514256e-10	4.23621058232e-08
7.34192704636e-10	8.03338098265e-08
7.35432895015e-10	1.02871457131e-07
7.36673085395e-10	1.069616129e-07
7.37913275774e-10	9.49934682026e-08
7.39153466154e-10	7.28479179202e-08
7.40393656533e-10	4.70330023816e-08
7.41633846912e-10	2.22790355053e-08
7.42874037292e-10	4.56214399591e-10
7.44114227671e-10	-1.89907285453e-08
7.45354418051e-10	-3.75405848629e-08
7.4659460843e-10	-5.58741293233e-08
7.4783479881e-10	-7.27116580279e-08
7.49074989189e-10	-8.47145846805e-08
7.50315179569e-10	-8.74678089957e-08
7.51555369948e-10	-7.72502382063e-08
7.52795560328e-10	-5.2887624058e-08
7.54035750707e-10	-1.69126628258e-08
7.55275941086e-10	2.44565001584e-08
7.56516131466e-10	6.26623064548e-08
7.57756321845e-10	8.90841036494e-08
7.58996512225e-10	9.75174065942e-08
7.60236702604e-10	8.60264659508e-08
7.61476892984e-10	5.75184282425e-08
7.62717083363e-10	1.88906752463e-08
7.63957273743e-10	-2.09667281315e-08
7.65197464122e-10	-5.35461710527e-08
7.66437654502e-10	-7.27532389888e-08
7.67677844881e-10	-7.60561498225e-08
7.6891803526e-10	-6.45929096876e-08
7.7015822564e-10	-4.24376946917e-08
7.71398416019e-10	-1.53005854653e-08
7.72638606399e-10	1.09586097974e-08
7.73878796778e-10	3.17406745332e-08
7.75118987158e-10	4.46321095637e-08
7.76359177537e-10	4.96690901741e-08
7.77599367917e-10	4.88013616184e-08
7.78839558296e-10	4.46923440478e-08
7.80079748675e-10	3.93477184168e-08
7.81319939055e-10	3.3185999726e-08
7.82560129434e-10	2.50971661231e-08
7.83800319814e-10	1.3472159166e-08
7.85040510193e-10	-2.25717283753e-09
7.86280700573e-10	-2.04780679081e-08
7.87520890952e-10	-3.73790989272e-08
7.88761081332e-10	-4.82421631531e-08
7.90001271711e-10	-4.9503231736e-08
7.91241462091e-10	-4.04855096114e-08
7.9248165247e-10	-2.38360111648e-08
7.93721842849e-10	-4.34388602866e-09
7.94962033229e-10	1.32326603008e-08
7.96202223608e-10	2.61634962584e-08
7.97442413988e-10	3.44047075274e-08
7.98682604367e-10	3.95258923369e-08
7.99922794747e-10	4.26718780311e-08
8.01162985126e-10	4.29213007358e-08
8.02403175506e-10	3.73008126608e-08
8.03643365885e-10	2.26873375642e-08
8.04883556265e-10	-1.42659420388e-09
8.06123746644e-10	-3.10635859258e-08
8.07363937023e-10	-5.82047610109e-08
8.08604127403e-10	-7.36240339805e-08
8.09844317782e-10	-7.09092109474e-08
8.11084508162e-10	-4.9608980035e-08
8.12324698541e-10	-1.58273898432e-08
8.13564888921e-10	2.00445284815e-08
8.148050793e-10	4.73965058312e-08
8.1604526968e-10	5.93218389966e-08
8.17285460059e-10	5.47081784319e-08
8.18525650439e-10	3.77979105792e-08
8.19765840818e-10	1.5791612018e-08
8.21006031197e-10	-4.19643586547e-09
8.22246221577e-10	-1.75362191435e-08
8.23486411956e-10	-2.29517107542e-08
8.24726602336e-10	-2.19715730054e-08
8.25966792715e-10	-1.74896626071e-08
8.27206983095e-10	-1.22337423525e-08
8.28447173474e-10	-7.73460762105e-09
8.29687363854e-10	-4.11106571008e-09
8.30927554233e-10	-5.53570321526e-10
8.32167744612e-10	3.95000943065e-09
8.33407934992e-10	9.87592385648e-09
8.34648125371e-10	1.67938412066e-08
8.35888315751e-10	2.34018722178e-08
8.3712850613e-10	2.7880770137e-08
8.3836869651e-10	2.83942469537e-08
8.39608886889e-10	2.36649275731e-08
8.40849077269e-10	1.35112958599e-08
8.42089267648e-10	-8.88446385905e-10
8.43329458028e-10	-1.70284109036e-08
8.44569648407e-10	-3.15503663195e-08
8.45809838786e-10	-4.10883580493e-08
8.47050029166e-10	-4.32517843763e-08
8.48290219545e-10	-3.74017226079e-08
8.49530409925e-10	-2.49351761461e-08
8.50770600304e-10	-8.9161759087e-09
8.52010790684e-10	6.91106460948e-09
8.53250981063e-10	1.92822635636e-08
8.54491171443e-10	2.63517263566e-08
8.55731361822e-10	2.80228191762e-08
8.56971552202e-10	2.55028256291e-08
8.58211742581e-10	2.03209875593e-08
8.5945193296e-10	1.33523736512e-08
8.6069212334e-10	4.47823472749e-09
8.61932313719e-10	-6.87739504235e-09
8.63172504099e-10	-2.05234109707e-08
8.64412694478e-10	-3.43801960234e-08
8.65652884858e-10	-4.43636145597e-08
8.66893075237e-10	-4.56280710992e-08
8.68133265617e-10	-3.48334827649e-08
8.69373455996e-10	-1.2319247511e-08
8.70613646375e-10	1.70804030919e-08
8.71853836755e-10	4.52848976096e-08
8.73094027134e-10	6.39176809258e-08
8.74334217514e-10	6.76283775647e-08
8.75574407893e-10	5.62295703332e-08
8.76814598273e-10	3.45353483588e-08
8.78054788652e-10	1.0048315513e-08
8.79294979032e-10	-1.0368019554e-08
8.80535169411e-10	-2.31841061904e-08
8.81775359791e-10	-2.89544304088e-08
8.8301555017e-10	-3.09489944783e-08
8.84255740549e-10	-3.25616524854e-08
8.85495930929e-10	-3.5016659794e-08
8.86736121308e-10	-3.6565374284e-08
8.87976311688e-10	-3.36169456716e-08
8.89216502067e-10	-2.31128067796e-08
8.90456692447e-10	-4.7878392917e-09
8.91696882826e-10	1.78783208238e-08
8.92937073206e-10	3.86187379853e-08
8.94177263585e-10	5.08256965404e-08
8.95417453965e-10	5.03454207212e-08
8.96657644344e-10	3.72377937374e-08
8.97897834723e-10	1.57241215604e-08
8.99138025103e-10	-7.60139651224e-09
9.00378215482e-10	-2.64597197486e-08
9.01618405862e-10	-3.71318136239e-08
9.02858596241e-10	-3.93307715285e-08
9.04098786621e-10	-3.54212605913e-08
9.05338977e-10	-2.85619345952e-08
9.0657916738e-10	-2.08194947948e-08
9.07819357759e-10	-1.22912469092e-08
9.09059548139e-10	-1.65366681459e-09
9.10299738518e-10	1.22973381478e-08
9.11539928897e-10	2.89843069545e-08
9.12780119277e-10	4.53481794338e-08
9.14020309656e-10	5.66411912928e-08
9.15260500036e-10	5.83960977352e-08
9.16500690415e-10	4.85921671789e-08
9.17740880795e-10	2.88764838707e-08
9.18981071174e-10	4.16755285837e-09
9.20221261554e-10	-1.92520084319e-08
9.21461451933e-10	-3.61598502252e-08
9.22701642312e-10	-4.41517595817e-08
9.23941832692e-10	-4.39520451145e-08
9.25182023071e-10	-3.82389746534e-08
9.26422213451e-10	-2.9786304534e-08
9.2766240383e-10	-2.00139287365e-08
9.2890259421e-10	-8.77231465246e-09
9.30142784589e-10	4.66637295471e-09
9.31382974969e-10	2.00876466572e-08
9.32623165348e-10	3.5303593382e-08
9.33863355728e-10	4.63586387056e-08
9.35103546107e-10	4.8973225919e-08
9.36343736486e-10	4.0561173531e-08
9.37583926866e-10	2.17379179102e-08
9.38824117245e-10	-3.44948303255e-09
9.40064307625e-10	-2.87466295212e-08
9.41304498004e-10	-4.78448898278e-08
9.42544688384e-10	-5.65053861479e-08
9.43784878763e-10	-5.37683977342e-08
9.45025069143e-10	-4.1799189443e-08
9.46265259522e-10	-2.46406872684e-08
9.47505449902e-10	-6.50452636197e-09
9.48745640281e-10	9.59827273217e-09
9.4998583066e-10	2.23450065118e-08
9.5122602104e-10	3.1703915937e-08
9.52466211419e-10	3.80318683213e-08
9.53706401799e-10	4.12844594067e-08
9.54946592178e-10	4.07729410234e-08
9.56186782558e-10	3.56089238096e-08
9.57426972937e-10	2.54754737306e-08
9.58667163317e-10	1.12481532977e-08
9.59907353696e-10	-4.89443263696e-09
9.61147544076e-10	-1.99872500772e-08
9.62387734455e-10	-3.11588110868e-08
9.63627924834e-10	-3.6478189358e-08
9.64868115214e-10	-3.53956104426e-08
9.66108305593e-10	-2.87021144629e-08
9.67348495973e-10	-1.80751036361e-08
9.68588686352e-10	-5.49055906296e-09
9.69828876732e-10	7.20006154697e-09
9.71069067111e-10	1.84857678054e-08
9.72309257491e-10	2.72082747443e-08
9.7354944787e-10	3.2488353785e-08
9.74789638249e-10	3.36559469183e-08
9.76029828629e-10	3.02717082512e-08
9.77270019008e-10	2.22070746236e-08
9.78510209388e-10	9.7555915568e-09
9.79750399767e-10	-6.17795942182e-09
9.80990590147e-10	-2.39150439452e-08
9.82230780526e-10	-4.09330880302e-08
9.83470970906e-10	-5.40492397505e-08
9.84711161285e-10	-5.99862657324e-08
9.85951351665e-10	-5.63036959278e-08
9.87191542044e-10	-4.24133901333e-08
9.88431732423e-10	-2.02149503803e-08
9.89671922803e-10	6.02243144243e-09
9.90912113182e-10	3.07190060056e-08
9.92152303562e-10	4.86620264084e-08
9.93392493941e-10	5.66511140221e-08
9.94632684321e-10	5.44307399153e-08
9.958728747e-10	4.44619603357e-08
9.9711306508e-10	3.06486414026e-08
9.98353255459e-10	1.6626412469e-08
9.99593445839e-10	4.47341441667e-09
1.00083363622e-09	-5.6054516584e-09
1.0020738266e-09	-1.45368792559e-08
1.00331401698e-09	-2.30556425063e-08
1.00455420736e-09	-3.06440535169e-08
1.00579439774e-09	-3.53499975958e-08
1.00703458812e-09	-3.46402946327e-08
1.00827477849e-09	-2.68224935596e-08
1.00951496887e-09	-1.22718933904e-08
1.01075515925e-09	6.26438129148e-09
1.01199534963e-09	2.4462083692e-08
1.01323554001e-09	3.79205005174e-08
1.01447573039e-09	4.36937868109e-08
1.01571592077e-09	4.1121893446e-08
1.01695611115e-09	3.16893151719e-08
1.01819630153e-09	1.80854531351e-08
1.01943649191e-09	3.01937885805e-09
1.02067668229e-09	-1.1650006293e-08
1.02191687267e-09	-2.50975005223e-08
1.02315706305e-09	-3.70178785403e-08
1.02439725343e-09	-4.68496557104e-08
1.02563744381e-09	-5.32108614948e-08
1.02687763419e-09	-5.39768940655e-08
1.02811782457e-09	-4.7083411836e-08
1.02935801495e-09	-3.17000963257e-08
1.03059820532e-09	-9.15019615633e-09
1.0318383957e-09	1.6955480131e-08
1.03307858608e-09	4.1521664329e-08
1.03431877646e-09	5.9481849668e-08
1.03555896684e-09	6.73531115325e-08
1.03679915722e-09	6.41878150631e-08
1.0380393476e-09	5.16021394503e-08
1.03927953798e-09	3.29701528301e-08
1.04051972836e-09	1.22292138638e-08
1.04175991874e-09	-7.20577997271e-09
1.04300010912e-09	-2.30313941252e-08
1.0442402995e-09	-3.41035653051e-08
1.04548048988e-09	-4.01014457196e-08
1.04672068026e-09	-4.10812441842e-08
1.04796087064e-09	-3.72065516174e-08
1.04920106102e-09	-2.87405050869e-08
1.0504412514e-09	-1.62582152186e-08
1.05168144178e-09	-9.01128630049e-10
1.05292163215e-09	1.55033759164e-08
1.05416182253e-09	3.05971896708e-08
1.05540201291e-09	4.18945464986e-08
1.05664220329e-09	4.72742214264e-08
1.05788239367e-09	4.54278223927e-08
1.05912258405e-09	3.6120094471e-08
1.06036277443e-09	2.02703120955e-08
1.06160296481e-09	-1.030185659e-10
1.06284315519e-09	-2.20512601512e-08
1.06408334557e-09	-4.20286276892e-08
1.06532353595e-09	-5.64760300747e-08
1.06656372633e-09	-6.25782652364e-08
1.06780391671e-09	-5.90382622789e-08
1.06904410709e-09	-4.65070217892e-08
1.07028429747e-09	-2.74380780318e-08
1.07152448785e-09	-5.37961347691e-09
1.07276467823e-09	1.60276114602e-08
1.07400486861e-09	3.38850947301e-08
1.07524505899e-09	4.64190348382e-08
1.07648524936e-09	5.28467669625e-08
1.07772543974e-09	5.30235331198e-08
1.07896563012e-09	4.71741135044e-08
1.0802058205e-09	3.58882803475e-08
1.08144601088e-09	2.03256325104e-08
1.08268620126e-09	2.37612557408e-09
1.08392639164e-09	-1.54370973782e-08
1.08516658202e-09	-3.03920799638e-08
1.0864067724e-09	-4.01726896193e-08
1.08764696278e-09	-4.34159139751e-08
1.08888715316e-09	-3.99663120376e-08
1.09012734354e-09	-3.07637186836e-08
1.09136753392e-09	-1.74953704857e-08
1.0926077243e-09	-2.18766177396e-09
1.09384791468e-09	1.31018222937e-08
1.09508810506e-09	2.64480504164e-08
1.09632829544e-09	3.61332310739e-08
1.09756848582e-09	4.07609728192e-08
1.09880867619e-09	3.94646662016e-08
1.10004886657e-09	3.2156045382e-08
1.10128905695e-09	1.96868201741e-08
1.10252924733e-09	3.79729214739e-09
1.10376943771e-09	-1.31810518056e-08
1.10500962809e-09	-2.87723223025e-08
1.10624981847e-09	-4.07768858679e-08
1.10749000885e-09	-4.75770591812e-08
1.10873019923e-09	-4.82879314312e-08
1.10997038961e-09	-4.28054920398e-08
1.11121057999e-09	-3.18203645655e-08
1.11245077037e-09	-1.68055280803e-08
1.11369096075e-09	1.04548855684e-10
1.11493115113e-09	1.64006708214e-08
1.11617134151e-09	2.96199149652e-08
1.11741153189e-09	3.78191522543e-08
1.11865172227e-09	3.99543078622e-08
1.11989191265e-09	3.60455088e-08
1.12113210302e-09	2.71156559428e-08
1.1223722934e-09	1.49658108128e-08
1.12361248378e-09	1.8557563819e-09
1.12485267416e-09	-9.88946435854e-09
1.12609286454e-09	-1.8300354121e-08
1.12733305492e-09	-2.21784801635e-08
1.1285732453e-09	-2.13790538606e-08
1.12981343568e-09	-1.68110014798e-08
1.13105362606e-09	-1.00954260507e-08
1.13229381644e-09	-2.96369356834e-09
1.13353400682e-09	3.33963540156e-09
1.1347741972e-09	8.38013192173e-09
1.13601438758e-09	1.23909142946e-08
1.13725457796e-09	1.57629509445e-08
1.13849476834e-09	1.8478463204e-08
1.13973495872e-09	1.98356204795e-08
1.1409751491e-09	1.86932196389e-08
1.14221533948e-09	1.41117653119e-08
1.14345552985e-09	6.06038219608e-09
1.14469572023e-09	-4.24753454631e-09
1.14593591061e-09	-1.46278398283e-08
1.14717610099e-09	-2.27169349998e-08
1.14841629137e-09	-2.6910482287e-08
1.14965648175e-09	-2.6934586117e-08
1.15089667213e-09	-2.37977741957e-08
1.15213686251e-09	-1.91355467027e-08
1.15337705289e-09	-1.43376153172e-08
1.15461724327e-09	-9.95396065573e-09
1.15585743365e-09	-5.67477675961e-09
1.15709762403e-09	-8.66394081478e-10
1.15833781441e-09	4.72589462008e-09
1.15957800479e-09	1.0527206773e-08
1.16081819517e-09	1.52599604064e-08
1.16205838555e-09	1.75610215258e-08
1.16329857593e-09	1.67252776073e-08
1.16453876631e-09	1.31746253906e-08
1.16577895669e-09	8.36492852763e-09
1.16701914706e-09	4.21724671851e-09
1.16825933744e-09	2.31776320359e-09
1.16949952782e-09	3.28453886311e-09
1.1707397182e-09	6.53192677724e-09
1.17197990858e-09	1.0507792414e-08
1.17322009896e-09	1.3334377158e-08
1.17446028934e-09	1.35385069822e-08
1.17570047972e-09	1.06427452407e-08
1.1769406701e-09	5.34924615714e-09
1.17818086048e-09	-7.37557376285e-10
1.17942105086e-09	-5.76139175257e-09
1.18066124124e-09	-8.3663401762e-09
1.18190143162e-09	-8.18056233864e-09
1.183141622e-09	-5.88060505846e-09
1.18438181238e-09	-2.78320669289e-09
1.18562200276e-09	-2.45445825123e-10
1.18686219314e-09	8.3305332077e-10
1.18810238352e-09	2.00550782578e-10
1.18934257389e-09	-1.88591947614e-09
1.19058276427e-09	-4.93663548928e-09
1.19182295465e-09	-8.48831771538e-09
1.19306314503e-09	-1.21545408183e-08
1.19430333541e-09	-1.55441177707e-08
1.19554352579e-09	-1.81643320385e-08
1.19678371617e-09	-1.94181610791e-08
1.19802390655e-09	-1.87638229399e-08
1.19926409693e-09	-1.59112030218e-08
1.20050428731e-09	-1.09756481681e-08
1.20174447769e-09	-4.43436387609e-09
1.20298466807e-09	3.04215277969e-09
1.20422485845e-09	1.07770208313e-08
1.20546504883e-09	1.8191962381e-08
1.20670523921e-09	2.47336404691e-08
1.20794542959e-09	2.97606463917e-08
1.20918561997e-09	3.25023217229e-08
1.21042581035e-09	3.22359654525e-08
1.21166600072e-09	2.86144796746e-08
1.2129061911e-09	2.19674165525e-08
1.21414638148e-09	1.33890969423e-08
1.21538657186e-09	4.43702935504e-09
1.21662676224e-09	-3.38884720286e-09
1.21786695262e-09	-9.17898779207e-09
1.219107143e-09	-1.28432705582e-08
1.22034733338e-09	-1.49216123901e-08
1.22158752376e-09	-1.60925399673e-08
1.22282771414e-09	-1.66508287158e-08
1.22406790452e-09	-1.63291722366e-08
1.2253080949e-09	-1.45080674141e-08
1.22654828528e-09	-1.07541443528e-08
1.22778847566e-09	-5.33012417536e-09
1.22902866604e-09	6.23934945376e-10
1.23026885642e-09	5.36150746022e-09
1.2315090468e-09	7.17522763427e-09
1.23274923718e-09	5.06745428952e-09
1.23398942756e-09	-7.99822423569e-10
1.23522961793e-09	-9.11544562054e-09
1.23646980831e-09	-1.78163332976e-08
1.23770999869e-09	-2.46836568962e-08
1.23895018907e-09	-2.79343814746e-08
1.24019037945e-09	-2.65883013384e-08
1.24143056983e-09	-2.06093591082e-08
1.24267076021e-09	-1.08130377985e-08
1.24391095059e-09	1.35095309939e-09
1.24515114097e-09	1.40985803032e-08
1.24639133135e-09	2.5649527613e-08
1.24763152173e-09	3.45147634917e-08
1.24887171211e-09	3.9726582024e-08
1.25011190249e-09	4.08970266541e-08
1.25135209287e-09	3.81505609326e-08
1.25259228325e-09	3.19683972627e-08
1.25383247363e-09	2.30412204871e-08
1.25507266401e-09	1.22267992397e-08
1.25631285439e-09	5.80898038005e-10
1.25755304476e-09	-1.05857178578e-08
1.25879323514e-09	-1.98124534556e-08
1.26003342552e-09	-2.57660179859e-08
1.2612736159e-09	-2.76412142064e-08
1.26251380628e-09	-2.55149177342e-08
1.26375399666e-09	-2.04080981003e-08
1.26499418704e-09	-1.40109754909e-08
1.26623437742e-09	-8.10495148773e-09
1.2674745678e-09	-3.96321564455e-09
1.26871475818e-09	-1.96766891669e-09
1.26995494856e-09	-1.64411945169e-09
1.27119513894e-09	-2.09356804115e-09
1.27243532932e-09	-2.551372974e-09
1.2736755197e-09	-2.8260486451e-09
1.27491571008e-09	-3.3430819224e-09
1.27615590046e-09	-4.79645645424e-09
1.27739609084e-09	-7.58410889645e-09
1.27863628122e-09	-1.13535691959e-08
1.27987647159e-09	-1.49123677851e-08
1.28111666197e-09	-1.65650935191e-08
1.28235685235e-09	-1.47783083548e-08
1.28359704273e-09	-8.82622297471e-09
1.28483723311e-09	8.37419196487e-10
1.28607742349e-09	1.26380110821e-08
1.28731761387e-09	2.43299660418e-08
1.28855780425e-09	3.36395320488e-08
1.28979799463e-09	3.88763012893e-08
1.29103818501e-09	3.92849828224e-08
1.29227837539e-09	3.50990387865e-08
1.29351856577e-09	2.73054698852e-08
1.29475875615e-09	1.72599259329e-08
1.29599894653e-09	6.33494634528e-09
1.29723913691e-09	-4.30123126005e-09
1.29847932729e-09	-1.37128823852e-08
1.29971951767e-09	-2.11236788061e-08
1.30095970805e-09	-2.58504377904e-08
1.30219989842e-09	-2.73610152313e-08
1.3034400888e-09	-2.54694307866e-08
1.30468027918e-09	-2.05464127934e-08
1.30592046956e-09	-1.36144766572e-08
1.30716065994e-09	-6.19080142705e-09
1.30840085032e-09	8.71328079133e-11
1.3096410407e-09	3.93402882493e-09
1.31088123108e-09	4.79224232519e-09
1.31212142146e-09	2.95017726915e-09
1.31336161184e-09	-6.23700743829e-10
1.31460180222e-09	-4.66015420697e-09
1.3158419926e-09	-8.00998822825e-09
1.31708218298e-09	-9.95980753427e-09
1.31832237336e-09	-1.03224979675e-08
1.31956256374e-09	-9.31624011269e-09
1.32080275412e-09	-7.32853888685e-09
1.3220429445e-09	-4.66964378276e-09
1.32328313488e-09	-1.44451572925e-09
1.32452332526e-09	2.41851844107e-09
1.32576351563e-09	7.01364566424e-09
1.32700370601e-09	1.22676064862e-08
1.32824389639e-09	1.77975600923e-08
1.32948408677e-09	2.28969538885e-08
1.33072427715e-09	2.66665902693e-08
1.33196446753e-09	2.82328129764e-08
1.33320465791e-09	2.69821733845e-08
1.33444484829e-09	2.27472940484e-08
1.33568503867e-09	1.58783997062e-08
1.33692522905e-09	7.19053527831e-09
1.33816541943e-09	-2.18425916243e-09
1.33940560981e-09	-1.10127664765e-08
1.34064580019e-09	-1.81808099686e-08
1.34188599057e-09	-2.2863757998e-08
1.34312618095e-09	-2.46174387541e-08
1.34436637133e-09	-2.34019446044e-08
1.34560656171e-09	-1.95457499075e-08
1.34684675209e-09	-1.36929936279e-08
1.34808694246e-09	-6.76772204944e-09
1.34932713284e-09	9.41685826539e-11
1.35056732322e-09	5.6780188884e-09
1.3518075136e-09	8.91590290486e-09
1.35304770398e-09	9.17218567764e-09
1.35428789436e-09	6.48907050316e-09
1.35552808474e-09	1.64922853152e-09
1.35676827512e-09	-4.01113198212e-09
1.3580084655e-09	-8.98036245367e-09
1.35924865588e-09	-1.2040313635e-08
1.36048884626e-09	-1.26130305089e-08
1.36172903664e-09	-1.08427896661e-08
1.36296922702e-09	-7.41350070221e-09
1.3642094174e-09	-3.18786702591e-09
1.36544960778e-09	1.14681085461e-09
1.36668979816e-09	5.27364485414e-09
1.36792998854e-09	9.19597109572e-09
1.36917017892e-09	1.30215647154e-08
1.37041036929e-09	1.67035891785e-08
1.37165055967e-09	1.98767347026e-08
1.37289075005e-09	2.19170250837e-08
1.37413094043e-09	2.21624214536e-08
1.37537113081e-09	2.01841037217e-08
1.37661132119e-09	1.59741986305e-08
1.37785151157e-09	9.96698279465e-09
1.37909170195e-09	2.90063811859e-09
1.38033189233e-09	-4.39039588018e-09
1.38157208271e-09	-1.11198397157e-08
1.38281227309e-09	-1.6632062616e-08
1.38405246347e-09	-2.03921142194e-08
1.38529265385e-09	-2.19646141275e-08
1.38653284423e-09	-2.10658817057e-08
1.38777303461e-09	-1.76734074042e-08
1.38901322499e-09	-1.21410610454e-08
1.39025341537e-09	-5.24053811457e-09
1.39149360575e-09	1.88700843839e-09
1.39273379612e-09	7.93399568266e-09
1.3939739865e-09	1.17019295365e-08
1.39521417688e-09	1.23769565707e-08
1.39645436726e-09	9.7747594463e-09
1.39769455764e-09	4.43228792557e-09
1.39893474802e-09	-2.47251868979e-09
1.4001749384e-09	-9.3831558079e-09
1.40141512878e-09	-1.47318830468e-08
1.40265531916e-09	-1.73467098463e-08
1.40389550954e-09	-1.67535605389e-08
1.40513569992e-09	-1.32483080062e-08
1.4063758903e-09	-7.76618680476e-09
1.40761608068e-09	-1.53334511754e-09
1.40885627106e-09	4.3492122126e-09
1.41009646144e-09	9.23906240402e-09
1.41133665182e-09	1.30604964621e-08
1.4125768422e-09	1.61417104128e-08
1.41381703258e-09	1.8850222272e-08
1.41505722296e-09	2.11787241078e-08
1.41629741333e-09	2.25809819732e-08
1.41753760371e-09	2.21326839078e-08
1.41877779409e-09	1.89870208445e-08
1.42001798447e-09	1.29107731173e-08
1.42125817485e-09	4.5742136745e-09
1.42249836523e-09	-4.56703419527e-09
1.42373855561e-09	-1.27769353986e-08
1.42497874599e-09	-1.86387232315e-08
1.42621893637e-09	-2.14960467204e-08
1.42745912675e-09	-2.14975752755e-08
1.42869931713e-09	-1.92881126626e-08
1.42993950751e-09	-1.56047208488e-08
1.43117969789e-09	-1.09823884431e-08
1.43241988827e-09	-5.74932107478e-09
1.43366007865e-09	-2.39746549002e-10
1.43490026903e-09	4.94738738865e-09
1.43614045941e-09	8.88904749807e-09
1.43738064979e-09	1.0553023122e-08
1.43862084016e-09	9.19824139078e-09
1.43986103054e-09	4.80101958189e-09
1.44110122092e-09	-1.77457759598e-09
1.4423414113e-09	-8.94673035656e-09
1.44358160168e-09	-1.48903611663e-08
1.44482179206e-09	-1.81181418757e-08
1.44606198244e-09	-1.79232964026e-08
1.44730217282e-09	-1.45110905514e-08
1.4485423632e-09	-8.77504546803e-09
1.44978255358e-09	-1.90187626758e-09
1.45102274396e-09	5.04247210653e-09
1.45226293434e-09	1.13497082843e-08
1.45350312472e-09	1.66637412757e-08
1.4547433151e-09	2.08284265391e-08
1.45598350548e-09	2.36942048204e-08
1.45722369586e-09	2.50238445521e-08
1.45846388624e-09	2.45185010073e-08
1.45970407662e-09	2.19649713973e-08
1.46094426699e-09	1.73863912156e-08
1.46218445737e-09	1.1122997301e-08
1.46342464775e-09	3.82649495423e-09
1.46466483813e-09	-3.67250041489e-09
1.46590502851e-09	-1.0531761907e-08
1.46714521889e-09	-1.60552058315e-08
1.46838540927e-09	-1.97761782506e-08
1.46962559965e-09	-2.14663378184e-08
1.47086579003e-09	-2.10935873213e-08
1.47210598041e-09	-1.87744546576e-08
1.47334617079e-09	-1.47983665322e-08
1.47458636117e-09	-9.66345159448e-09
1.47582655155e-09	-4.11141309886e-09
1.47706674193e-09	9.32664195874e-10
1.47830693231e-09	4.53922932575e-09
1.47954712269e-09	6.03089694851e-09
1.48078731307e-09	5.21209253534e-09
1.48202750345e-09	2.44387349246e-09
1.48326769382e-09	-1.44774103816e-09
1.4845078842e-09	-5.41973876889e-09
1.48574807458e-09	-8.48959402777e-09
1.48698826496e-09	-9.94228888107e-09
1.48822845534e-09	-9.42941558169e-09
1.48946864572e-09	-6.95737556455e-09
1.4907088361e-09	-2.82552686803e-09
1.49194902648e-09	2.45204120897e-09
1.49318921686e-09	8.21352630354e-09
1.49442940724e-09	1.37348874496e-08
1.49566959762e-09	1.83369068818e-08
1.496909788e-09	2.14912911911e-08
1.49814997838e-09	2.29083283454e-08
1.49939016876e-09	2.25478780091e-08
1.50063035914e-09	2.05628605254e-08
1.50187054952e-09	1.72015115485e-08
1.5031107399e-09	1.27246849724e-08
1.50435093028e-09	7.3839147019e-09
1.50559112066e-09	1.46424106173e-09
1.50683131103e-09	-4.64024829672e-09
1.50807150141e-09	-1.04039127313e-08
1.50931169179e-09	-1.52354520111e-08
1.51055188217e-09	-1.86287096859e-08
1.51179207255e-09	-2.03264138854e-08
1.51303226293e-09	-2.03895338391e-08
1.51427245331e-09	-1.91284517115e-08
1.51551264369e-09	-1.69206590961e-08
1.51675283407e-09	-1.40373375146e-08
1.51799302445e-09	-1.05950170859e-08
1.51923321483e-09	-6.67169053337e-09
1.52047340521e-09	-2.50516440925e-09
1.52171359559e-09	1.38407683925e-09
1.52295378597e-09	4.27162322181e-09
1.52419397635e-09	5.52077067395e-09
1.52543416673e-09	4.93949681157e-09
1.52667435711e-09	2.98707303337e-09
1.52791454749e-09	6.78256117936e-10
1.52915473786e-09	-7.96310267726e-10
1.53039492824e-09	-5.66519817169e-10
1.53163511862e-09	1.55883315978e-09
1.532875309e-09	5.0457479861e-09
1.53411549938e-09	8.90900542228e-09
1.53535568976e-09	1.21485291826e-08
1.53659588014e-09	1.4132668591e-08
1.53783607052e-09	1.47535363926e-08
1.5390762609e-09	1.43150109544e-08
1.54031645128e-09	1.32706854394e-08
1.54155664166e-09	1.19535819021e-08
1.54279683204e-09	1.04357568143e-08
1.54403702242e-09	8.55442505721e-09
1.5452772128e-09	6.05931832487e-09
1.54651740318e-09	2.7892881338e-09
1.54775759356e-09	-1.20513939106e-09
1.54899778394e-09	-5.62748109223e-09
1.55023797432e-09	-1.00046843032e-08
1.55147816469e-09	-1.38031841512e-08
1.55271835507e-09	-1.65619811199e-08
1.55395854545e-09	-1.80080585999e-08
1.55519873583e-09	-1.81164234725e-08
1.55643892621e-09	-1.7103257699e-08
1.55767911659e-09	-1.53304988704e-08
1.55891930697e-09	-1.3161141954e-08
1.56015949735e-09	-1.08058685333e-08
1.56139968773e-09	-8.25773505131e-09
1.56263987811e-09	-5.35960420489e-09
1.56388006849e-09	-1.97520974576e-09
1.56512025887e-09	1.80564443952e-09
1.56636044925e-09	5.57466972584e-09
1.56760063963e-09	8.70074445825e-09
1.56884083001e-09	1.05982920218e-08
1.57008102039e-09	1.10254517738e-08
1.57132121077e-09	1.02437446303e-08
1.57256140115e-09	8.94238894045e-09
1.57380159152e-09	7.92258880722e-09
1.5750417819e-09	7.73093433715e-09
1.57628197228e-09	8.40309610783e-09
1.57752216266e-09	9.457035266e-09
1.57876235304e-09	1.01418431431e-08
1.58000254342e-09	9.80445269416e-09
1.5812427338e-09	8.19926171403e-09
1.58248292418e-09	5.5755282613e-09
1.58372311456e-09	2.55347135103e-09
1.58496330494e-09	-1.68527990174e-10
1.58620349532e-09	-2.11066944478e-09
1.5874436857e-09	-3.17630682867e-09
1.58868387608e-09	-3.64746710613e-09
1.58992406646e-09	-4.01046501564e-09
1.59116425684e-09	-4.73129557754e-09
1.59240444722e-09	-6.05360228612e-09
1.5936446376e-09	-7.9232667094e-09
1.59488482798e-09	-1.00252108837e-08
1.59612501836e-09	-1.18954394113e-08
1.59736520873e-09	-1.3084843653e-08
1.59860539911e-09	-1.32823214649e-08
1.59984558949e-09	-1.24039403193e-08
1.60108577987e-09	-1.05968199771e-08
1.60232597025e-09	-8.17920231544e-09
1.60356616063e-09	-5.51798018389e-09
1.60480635101e-09	-2.89388837893e-09
1.60604654139e-09	-4.21770819659e-10
1.60728673177e-09	1.97311597616e-09
1.60852692215e-09	4.45223680146e-09
1.60976711253e-09	7.11534930975e-09
1.61100730291e-09	9.8639308943e-09
1.61224749329e-09	1.2358902568e-08
1.61348768367e-09	1.41169904655e-08
1.61472787405e-09	1.46949461488e-08
1.61596806443e-09	1.39025613244e-08
1.61720825481e-09	1.1895498031e-08
1.61844844519e-09	9.14196152113e-09
1.61968863556e-09	6.25014845435e-09
1.62092882594e-09	3.73199948722e-09
1.62216901632e-09	1.83167303547e-09
1.6234092067e-09	4.64614770268e-10
1.62464939708e-09	-6.79292393169e-10
1.62588958746e-09	-1.95212385146e-09
1.62712977784e-09	-3.53045731538e-09
1.62836996822e-09	-5.29468702215e-09
1.6296101586e-09	-6.86117573867e-09
1.63085034898e-09	-7.74009878413e-09
1.63209053936e-09	-7.59566032293e-09
1.63333072974e-09	-6.45163483748e-09
1.63457092012e-09	-4.76111738923e-09
1.6358111105e-09	-3.26442153864e-09
1.63705130088e-09	-2.68712005425e-09
1.63829149126e-09	-3.39578853925e-09
1.63953168164e-09	-5.16516562854e-09
1.64077187202e-09	-7.2354833236e-09
1.64201206239e-09	-8.61080595715e-09
1.64325225277e-09	-8.50937520447e-09
1.64449244315e-09	-6.73135625018e-09
1.64573263353e-09	-3.74448333451e-09
1.64697282391e-09	-4.46111508845e-10
1.64821301429e-09	2.29060581614e-09
1.64945320467e-09	4.01581973231e-09
1.65069339505e-09	4.88328344428e-09
1.65193358543e-09	5.48139744705e-09
1.65317377581e-09	6.44845726816e-09
1.65441396619e-09	8.0906136235e-09
1.65565415657e-09	1.01814444653e-08
1.65689434695e-09	1.20647897228e-08
1.65813453733e-09	1.29618559219e-08
1.65937472771e-09	1.23446640687e-08
1.66061491809e-09	1.01597232849e-08
1.66185510847e-09	6.83753387243e-09
1.66309529885e-09	3.10426223615e-09
1.66433548922e-09	-3.26049600513e-10
1.6655756796e-09	-2.98636212981e-09
1.66681586998e-09	-4.76475336963e-09
1.66805606036e-09	-5.83352222083e-09
1.66929625074e-09	-6.48087417066e-09
1.67053644112e-09	-6.92956658721e-09
1.6717766315e-09	-7.23787396684e-09
1.67301682188e-09	-7.32749494414e-09
1.67425701226e-09	-7.06022762476e-09
1.67549720264e-09	-6.35691832507e-09
1.67673739302e-09	-5.25937221552e-09
1.6779775834e-09	-3.93288718259e-09
1.67921777378e-09	-2.62466853806e-09
1.68045796416e-09	-1.59201545002e-09
1.68169815454e-09	-1.03286980357e-09
1.68293834492e-09	-1.00666118497e-09
1.6841785353e-09	-1.40112786651e-09
1.68541872568e-09	-1.92613125449e-09
1.68665891606e-09	-2.18660270446e-09
1.68789910643e-09	-1.83360185368e-09
1.68913929681e-09	-7.19144875594e-10
1.69037948719e-09	9.9901931172e-10
1.69161967757e-09	2.90271082171e-09
1.69285986795e-09	4.48603865166e-09
1.69410005833e-09	5.40191508192e-09
1.69534024871e-09	5.63065249981e-09
1.69658043909e-09	5.4804558669e-09
1.69782062947e-09	5.42199363185e-09
1.69906081985e-09	5.80786918558e-09
1.70030101023e-09	6.66191746213e-09
1.70154120061e-09	7.62398133514e-09
1.70278139099e-09	8.09785527522e-09
1.70402158137e-09	7.52137674365e-09
1.70526177175e-09	5.63113278229e-09
1.70650196213e-09	2.60475890856e-09
1.70774215251e-09	-1.00703501094e-09
1.70898234289e-09	-4.48265580211e-09
1.71022253326e-09	-7.20219861527e-09
1.71146272364e-09	-8.84293005488e-09
1.71270291402e-09	-9.42062061693e-09
1.7139431044e-09	-9.19316633929e-09
1.71518329478e-09	-8.47810521787e-09
1.71642348516e-09	-7.50641826475e-09
1.71766367554e-09	-6.35576064001e-09
1.71890386592e-09	-5.01018548871e-09
1.7201440563e-09	-3.460957132e-09
1.72138424668e-09	-1.78866896294e-09
1.72262443706e-09	-1.83428949113e-10
1.72386462744e-09	1.12791613549e-09
1.72510481782e-09	1.97652944012e-09
1.7263450082e-09	2.32818489487e-09
1.72758519858e-09	2.28561347626e-09
1.72882538896e-09	2.04304412277e-09
1.73006557934e-09	1.80865197819e-09
1.73130576972e-09	1.73356418109e-09
1.73254596009e-09	1.88574436621e-09
1.73378615047e-09	2.24223628553e-09
1.73502634085e-09	2.71932829032e-09
1.73626653123e-09	3.21095397493e-09
1.73750672161e-09	3.63206187348e-09
1.73874691199e-09	3.94384302993e-09
1.73998710237e-09	4.1532322026e-09
1.74122729275e-09	4.29371227462e-09
1.74246748313e-09	4.37923097785e-09
1.74370767351e-09	4.37626573868e-09
1.74494786389e-09	4.18730178309e-09
1.74618805427e-09	3.66788055484e-09
1.74742824465e-09	2.67402583409e-09
1.74866843503e-09	1.11707343375e-09
1.74990862541e-09	-9.79403530499e-10
1.75114881579e-09	-3.4477001809e-09
1.75238900617e-09	-5.97107108202e-09
1.75362919655e-09	-8.13659828403e-09
1.75486938692e-09	-9.5292534974e-09
1.7561095773e-09	-9.85227055494e-09
1.75734976768e-09	-9.03766483873e-09
1.75858995806e-09	-7.27193938399e-09
1.75983014844e-09	-4.94096580317e-09
1.76107033882e-09	-2.50176399041e-09
1.7623105292e-09	-3.48711753917e-10
1.76355071958e-09	1.27929189464e-09
1.76479090996e-09	2.31641594794e-09
1.76603110034e-09	2.82626289039e-09
1.76727129072e-09	2.94718738303e-09
1.7685114811e-09	2.8315344236e-09
1.76975167148e-09	2.62438690224e-09
1.77099186186e-09	2.45471304394e-09
1.77223205224e-09	2.42841785569e-09
1.77347224262e-09	2.61544133573e-09
1.774712433e-09	3.03378092092e-09
1.77595262338e-09	3.6354291244e-09
1.77719281376e-09	4.29223084852e-09
1.77843300413e-09	4.82244683075e-09
1.77967319451e-09	5.03304081745e-09
1.78091338489e-09	4.78114753344e-09
1.78215357527e-09	4.03310207453e-09
1.78339376565e-09	2.88204390908e-09
1.78463395603e-09	1.5093030159e-09
1.78587414641e-09	1.03606678792e-10
1.78711433679e-09	-1.2100390967e-09
1.78835452717e-09	-2.41108527588e-09
1.78959471755e-09	-3.54144125136e-09
1.79083490793e-09	-4.61318755418e-09
1.79207509831e-09	-5.54298396072e-09
1.79331528869e-09	-6.15083095568e-09
1.79455547907e-09	-6.24357598955e-09
1.79579566945e-09	-5.72912645103e-09
1.79703585983e-09	-4.69208288889e-09
1.79827605021e-09	-3.36588057426e-09
1.79951624059e-09	-2.03245650865e-09
1.80075643096e-09	-9.06015040769e-10
1.80199662134e-09	-5.38053655449e-11
1.80323681172e-09	5.81117369503e-10
1.8044770021e-09	1.09167744289e-09
1.80571719248e-09	1.51027712558e-09
1.80695738286e-09	1.77217140962e-09
1.80819757324e-09	1.76256992335e-09
1.80943776362e-09	1.42509483381e-09
1.810677954e-09	8.67286048534e-10
1.81191814438e-09	3.69260223093e-10
1.81315833476e-09	3.02032805016e-10
1.81439852514e-09	9.64919505408e-10
1.81563871552e-09	2.42340900125e-09
1.8168789059e-09	4.43462150335e-09
1.81811909628e-09	6.50273468406e-09
1.81935928666e-09	8.04464816984e-09
1.82059947704e-09	8.58016424576e-09
1.82183966742e-09	7.88303111676e-09
1.82307985779e-09	6.01062899452e-09
1.82432004817e-09	3.24253379702e-09
1.82556023855e-09	-2.05867822789e-11
1.82680042893e-09	-3.35448863131e-09
1.82804061931e-09	-6.36405866894e-09
1.82928080969e-09	-8.70933170027e-09
1.83052100007e-09	-1.01262476182e-08
1.83176119045e-09	-1.0470258105e-08
1.83300138083e-09	-9.7408247024e-09
1.83424157121e-09	-8.08048261636e-09
1.83548176159e-09	-5.74203073977e-09
1.83672195197e-09	-3.02346464531e-09
1.83796214235e-09	-2.22189194127e-10
1.83920233273e-09	2.37764641309e-09
1.84044252311e-09	4.49237091971e-09
1.84168271349e-09	5.84481008037e-09
1.84292290387e-09	6.20553952668e-09
1.84416309425e-09	5.4766317592e-09
1.84540328462e-09	3.78483788754e-09
1.846643475e-09	1.50364214135e-09
1.84788366538e-09	-8.18805453995e-10
1.84912385576e-09	-2.61988017392e-09
1.85036404614e-09	-3.50665940729e-09
1.85160423652e-09	-3.37741473677e-09
1.8528444269e-09	-2.41400441303e-09
1.85408461728e-09	-9.48584016891e-10
1.85532480766e-09	7.08883847456e-10
1.85656499804e-09	2.40195305312e-09
1.85780518842e-09	4.12834189056e-09
1.8590453788e-09	5.9107905237e-09
1.86028556918e-09	7.62771135143e-09
1.86152575956e-09	8.91594809094e-09
1.86276594994e-09	9.23453458146e-09
1.86400614032e-09	8.07915001566e-09
1.8652463307e-09	5.25629872961e-09
1.86648652108e-09	1.05317052301e-09
1.86772671146e-09	-3.78906389598e-09
1.86896690183e-09	-8.2990526673e-09
1.87020709221e-09	-1.16024786445e-08
1.87144728259e-09	-1.31922239799e-08
1.87268747297e-09	-1.30270263465e-08
1.87392766335e-09	-1.14283835728e-08
1.87516785373e-09	-8.87046902598e-09
1.87640804411e-09	-5.77767239607e-09
1.87764823449e-09	-2.43609660222e-09
1.87888842487e-09	9.58552556773e-10
1.88012861525e-09	4.19020568243e-09
1.88136880563e-09	6.93834323329e-09
1.88260899601e-09	8.79573458512e-09
1.88384918639e-09	9.38221211833e-09
1.88508937677e-09	8.50711856515e-09
1.88632956715e-09	6.2906360121e-09
1.88756975753e-09	3.18201584526e-09
1.88880994791e-09	-1.36111871774e-10
1.89005013829e-09	-2.93390048367e-09
1.89129032866e-09	-4.6378617613e-09
1.89253051904e-09	-4.98395136272e-09
1.89377070942e-09	-4.06402789199e-09
1.8950108998e-09	-2.25840821044e-09
1.89625109018e-09	-8.01611919204e-11
1.89749128056e-09	2.00376293336e-09
1.89873147094e-09	3.69440517067e-09
1.89997166132e-09	4.88946022559e-09
1.9012118517e-09	5.61598278992e-09
1.90245204208e-09	5.91620452628e-09
1.90369223246e-09	5.75208708442e-09
1.90493242284e-09	4.98929791926e-09
1.90617261322e-09	3.47283923841e-09
1.9074128036e-09	1.1517337084e-09
1.90865299398e-09	-1.80769188507e-09
1.90989318436e-09	-4.99611579885e-09
1.91113337474e-09	-7.84175979707e-09
1.91237356512e-09	-9.77208902686e-09
1.91361375549e-09	-1.03905234417e-08
1.91485394587e-09	-9.60058199606e-09
1.91609413625e-09	-7.6290472828e-09
1.91733432663e-09	-4.93632351661e-09
1.91857451701e-09	-2.06639125255e-09
1.91981470739e-09	5.15803441625e-10
1.92105489777e-09	2.53310536436e-09
1.92229508815e-09	3.91736459937e-09
1.92353527853e-09	4.7489105981e-09
1.92477546891e-09	5.15150738734e-09
1.92601565929e-09	5.20190879261e-09
1.92725584967e-09	4.89071400045e-09
1.92849604005e-09	4.16655804303e-09
1.92973623043e-09	3.02331618074e-09
1.93097642081e-09	1.58733100275e-09
1.93221661119e-09	1.46048780708e-10
1.93345680157e-09	-9.16817843866e-10
1.93469699195e-09	-1.26325064298e-09
1.93593718233e-09	-7.62314260327e-10
1.9371773727e-09	4.19359227899e-10
1.93841756308e-09	1.83862250425e-09
1.93965775346e-09	2.93101226623e-09
1.94089794384e-09	3.23639376409e-09
1.94213813422e-09	2.59402760383e-09
1.9433783246e-09	1.21736415393e-09
1.94461851498e-09	-4.00558343439e-10
1.94585870536e-09	-1.7069815561e-09
1.94709889574e-09	-2.34151822931e-09
1.94833908612e-09	-2.28336730079e-09
1.9495792765e-09	-1.83300821743e-09
1.95081946688e-09	-1.43752112991e-09
1.95205965726e-09	-1.44657594237e-09
1.95329984764e-09	-1.93676430449e-09
1.95454003802e-09	-2.68537295178e-09
1.9557802284e-09	-3.30871480214e-09
1.95702041878e-09	-3.47760736874e-09
1.95826060916e-09	-3.09788683595e-09
1.95950079953e-09	-2.34954888878e-09
1.96074098991e-09	-1.57035387471e-09
1.96198118029e-09	-1.06662742527e-09
1.96322137067e-09	-9.44924111179e-10
1.96446156105e-09	-1.06501080177e-09
1.96570175143e-09	-1.1213039941e-09
1.96694194181e-09	-8.01477724466e-10
1.96818213219e-09	6.56081968267e-11
1.96942232257e-09	1.44368304811e-09
1.97066251295e-09	3.11128478536e-09
1.97190270333e-09	4.75508948883e-09
1.97314289371e-09	6.06566952221e-09
1.97438308409e-09	6.81221423715e-09
1.97562327447e-09	6.87781087638e-09
1.97686346485e-09	6.2598722872e-09
1.97810365523e-09	5.05629266234e-09
1.97934384561e-09	3.43210609932e-09
1.98058403599e-09	1.58640543757e-09
1.98182422636e-09	-2.9666633039e-10
1.98306441674e-09	-2.08097544752e-09
1.98430460712e-09	-3.68593405797e-09
1.9855447975e-09	-5.05415859164e-09
1.98678498788e-09	-6.0872477059e-09
1.98802517826e-09	-6.61097232513e-09
1.98926536864e-09	-6.39531705371e-09
1.99050555902e-09	-5.25859367162e-09
1.9917457494e-09	-3.20348020333e-09
1.99298593978e-09	-5.22732024333e-10
1.99422613016e-09	2.20714110877e-09
1.99546632054e-09	4.27719321072e-09
1.99670651092e-09	5.08112318887e-09
1.9979467013e-09	4.35456914971e-09
1.99918689168e-09	2.28580848693e-09
2.00042708206e-09	-5.44453739038e-10
2.00166727244e-09	-3.3737684868e-09
2.00290746282e-09	-5.52231244066e-09
2.00414765319e-09	-6.59132759484e-09
2.00538784357e-09	-6.53070381107e-09
2.00662803395e-09	-5.55108276012e-09
2.00786822433e-09	-3.96397314972e-09
2.00910841471e-09	-2.01929872823e-09
2.01034860509e-09	1.70994175416e-10
2.01158879547e-09	2.59205679143e-09
2.01282898585e-09	5.21451931634e-09
2.01406917623e-09	7.86836140687e-09
2.01530936661e-09	1.01944112041e-08
2.01654955699e-09	1.16972465047e-08
2.01778974737e-09	1.19019514244e-08
2.01902993775e-09	1.05391181338e-08
2.02027012813e-09	7.67187113837e-09
2.02151031851e-09	3.72008729377e-09
2.02275050889e-09	-6.53445006438e-10
2.02399069927e-09	-4.72220534897e-09
2.02523088965e-09	-7.8874393683e-09
2.02647108003e-09	-9.80039127629e-09
2.0277112704e-09	-1.03932495943e-08
2.02895146078e-09	-9.82502468272e-09
2.03019165116e-09	-8.368673865e-09
2.03143184154e-09	-6.31624075265e-09
2.03267203192e-09	-3.90857790578e-09
2.0339122223e-09	-1.33725951146e-09
2.03515241268e-09	1.20841149587e-09
2.03639260306e-09	3.48350853718e-09
2.03763279344e-09	5.15902270903e-09
2.03887298382e-09	5.87022097598e-09
2.0401131742e-09	5.32488009242e-09
2.04135336458e-09	3.45845801997e-09
2.04259355496e-09	5.31704916207e-10
2.04383374534e-09	-2.86682483308e-09
2.04507393572e-09	-5.94095800333e-09
2.0463141261e-09	-7.90659049343e-09
2.04755431648e-09	-8.21580659061e-09
2.04879450686e-09	-6.72284017345e-09
2.05003469723e-09	-3.71275310496e-09
2.05127488761e-09	1.8879955585e-10
2.05251507799e-09	4.21037965603e-09
2.05375526837e-09	7.65323648899e-09
2.05499545875e-09	1.00500312517e-08
2.05623564913e-09	1.12345254211e-08
2.05747583951e-09	1.12853336676e-08
2.05871602989e-09	1.04072722662e-08
2.05995622027e-09	8.79557993105e-09
2.06119641065e-09	6.56258491993e-09
2.06243660103e-09	3.75527003937e-09
2.06367679141e-09	4.43986181153e-10
2.06491698179e-09	-3.15718137744e-09
2.06615717217e-09	-6.64726929056e-09
2.06739736255e-09	-9.48704659276e-09
2.06863755293e-09	-1.11530058522e-08
2.06987774331e-09	-1.13255759215e-08
2.07111793369e-09	-1.00212789178e-08
2.07235812406e-09	-7.61209484335e-09
2.07359831444e-09	-4.69894895216e-09
2.07483850482e-09	-1.91855967224e-09
2.0760786952e-09	2.61828805165e-10
2.07731888558e-09	1.64867304531e-09
2.07855907596e-09	2.30315691518e-09
2.07979926634e-09	2.42798048333e-09
2.08103945672e-09	2.21454612981e-09
2.0822796471e-09	1.75787498446e-09
2.08351983748e-09	1.05600170275e-09
2.08476002786e-09	1.06234790062e-10
2.08600021824e-09	-9.89476098279e-10
2.08724040862e-09	-1.9746663471e-09
2.088480599e-09	-2.48230277999e-09
2.08972078938e-09	-2.17368240074e-09
2.09096097976e-09	-8.79190026337e-10
2.09220117014e-09	1.29983879216e-09
2.09344136052e-09	3.99928529182e-09
2.09468155089e-09	6.68459099185e-09
2.09592174127e-09	8.79257677777e-09
2.09716193165e-09	9.87515913486e-09
2.09840212203e-09	9.68769586773e-09
2.09964231241e-09	8.23869639177e-09
2.10088250279e-09	5.77029568571e-09
2.10212269317e-09	2.70440175809e-09
2.10336288355e-09	-4.5237946722e-10
2.10460307393e-09	-3.22898943694e-09
2.10584326431e-09	-5.29575072683e-09
2.10708345469e-09	-6.53674664397e-09
2.10832364507e-09	-7.03290869986e-09
2.10956383545e-09	-6.99049595987e-09
2.11080402583e-09	-6.62817656316e-09
2.11204421621e-09	-6.08680206238e-09
2.11328440659e-09	-5.40495714851e-09
2.11452459697e-09	-4.55292237245e-09
2.11576478735e-09	-3.52436457796e-09
2.11700497773e-09	-2.39773617627e-09
2.1182451681e-09	-1.35254279998e-09
2.11948535848e-09	-6.04766153822e-10
2.12072554886e-09	-2.98137400184e-10
2.12196573924e-09	-4.12375529557e-10
2.12320592962e-09	-7.29866091176e-10
2.12444612e-09	-9.11239070311e-10
2.12568631038e-09	-6.26597010389e-10
2.12692650076e-09	2.91690484266e-10
2.12816669114e-09	1.77266115675e-09
2.12940688152e-09	3.53887347204e-09
2.1306470719e-09	5.22276993875e-09
2.13188726228e-09	6.52348441932e-09
2.13312745266e-09	7.29674287658e-09
2.13436764304e-09	7.55941975683e-09
2.13560783342e-09	7.40239280983e-09
2.1368480238e-09	6.8912416884e-09
2.13808821418e-09	6.01403143952e-09
2.13932840456e-09	4.7002653436e-09
2.14056859493e-09	2.91124879759e-09
2.14180878531e-09	7.14912129496e-10
2.14304897569e-09	-1.67754332647e-09
2.14428916607e-09	-3.95129046149e-09
2.14552935645e-09	-5.77415115721e-09
2.14676954683e-09	-6.88850421149e-09
2.14800973721e-09	-7.1777163102e-09
2.14924992759e-09	-6.67497368489e-09
2.15049011797e-09	-5.55320722739e-09
2.15173030835e-09	-4.0803777579e-09
2.15297049873e-09	-2.57175972185e-09
2.15421068911e-09	-1.33954351778e-09
2.15545087949e-09	-6.30176681671e-10
2.15669106987e-09	-5.68857995431e-10
2.15793126025e-09	-1.11489205368e-09
2.15917145063e-09	-2.06646935674e-09
2.16041164101e-09	-3.10039829921e-09
2.16165183139e-09	-3.86098153449e-09
2.16289202176e-09	-4.06277211873e-09
2.16413221214e-09	-3.55863399859e-09
2.16537240252e-09	-2.3690648332e-09
2.1666125929e-09	-6.42005712481e-10
2.16785278328e-09	1.41706765766e-09
2.16909297366e-09	3.61561697249e-09
2.17033316404e-09	5.79795295108e-09
2.17157335442e-09	7.82429931956e-09
2.1728135448e-09	9.52913870034e-09
2.17405373518e-09	1.06844059156e-08
2.17529392556e-09	1.1028524316e-08
2.17653411594e-09	1.03428359211e-08
2.17777430632e-09	8.54911508252e-09
2.1790144967e-09	5.77911579702e-09
2.18025468708e-09	2.37623346e-09
2.18149487746e-09	-1.17516048281e-09
2.18273506784e-09	-4.37432412514e-09
2.18397525822e-09	-6.81894862797e-09
2.18521544859e-09	-8.29054713769e-09
2.18645563897e-09	-8.77147399159e-09
2.18769582935e-09	-8.39694147547e-09
2.18893601973e-09	-7.3850865423e-09
2.19017621011e-09	-5.96639204709e-09
2.19141640049e-09	-4.34480429412e-09
2.19265659087e-09	-2.69232577899e-09
2.19389678125e-09	-1.17332739358e-09
2.19513697163e-09	4.13666071883e-11
2.19637716201e-09	7.86875439807e-10
2.19761735239e-09	9.37298391679e-10
2.19885754277e-09	4.64206575956e-10
2.20009773315e-09	-5.27610337364e-10
2.20133792353e-09	-1.8028386839e-09
2.20257811391e-09	-3.03551370151e-09
2.20381830429e-09	-3.87617427045e-09
2.20505849467e-09	-4.02871919158e-09
2.20629868505e-09	-3.31778426954e-09
2.20753887543e-09	-1.72218800332e-09
2.2087790658e-09	6.09175279664e-10
2.21001925618e-09	3.37849587195e-09
2.21125944656e-09	6.19407192204e-09
2.21249963694e-09	8.64186855409e-09
2.21373982732e-09	1.03667987528e-08
2.2149800177e-09	1.11395123126e-08
2.21622020808e-09	1.08884421479e-08
2.21746039846e-09	9.68186164574e-09
2.21870058884e-09	7.68514163418e-09
2.21994077922e-09	5.10802422582e-09
2.2211809696e-09	2.16216272664e-09
2.22242115998e-09	-9.44027439553e-10
2.22366135036e-09	-3.99025440467e-09
2.22490154074e-09	-6.72582833872e-09
2.22614173112e-09	-8.86558737534e-09
2.2273819215e-09	-1.01223758264e-08
2.22862211188e-09	-1.02830264304e-08
2.22986230226e-09	-9.29779031544e-09
2.23110249263e-09	-7.34023042348e-09
2.23234268301e-09	-4.81050538292e-09
2.23358287339e-09	-2.25213583893e-09
2.23482306377e-09	-1.96445720801e-10
2.23606325415e-09	9.99244770261e-10
2.23730344453e-09	1.25751047075e-09
2.23854363491e-09	7.80746516049e-10
2.23978382529e-09	-5.8413927341e-11
2.24102401567e-09	-8.80461759056e-10
2.24226420605e-09	-1.43298832522e-09
2.24350439643e-09	-1.63636142136e-09
2.24474458681e-09	-1.53708738793e-09
2.24598477719e-09	-1.20022622396e-09
2.24722496757e-09	-6.21997814365e-10
2.24846515795e-09	2.81724324425e-10
2.24970534833e-09	1.60930117843e-09
2.25094553871e-09	3.36569999648e-09
2.25218572909e-09	5.38653616156e-09
2.25342591946e-09	7.3392468769e-09
2.25466610984e-09	8.81514783391e-09
2.25590630022e-09	9.46017564285e-09
2.2571464906e-09	9.08944008948e-09
2.25838668098e-09	7.74140285209e-09
2.25962687136e-09	5.64692520522e-09
2.26086706174e-09	3.14759202036e-09
2.26210725212e-09	5.9349671705e-10
2.2633474425e-09	-1.73987263485e-09
2.26458763288e-09	-3.69309821613e-09
2.26582782326e-09	-5.21750032068e-09
2.26706801364e-09	-6.33165958552e-09
2.26830820402e-09	-7.07132297162e-09
2.2695483944e-09	-7.43905770317e-09
2.27078858478e-09	-7.39164618402e-09
2.27202877516e-09	-6.86581103082e-09
2.27326896554e-09	-5.8338600617e-09
2.27450915592e-09	-4.36966252071e-09
2.27574934629e-09	-2.67842484303e-09
2.27698953667e-09	-1.07784427217e-09
2.27822972705e-09	8.74531133274e-11
2.27946991743e-09	5.64277784221e-10
2.28071010781e-09	3.06289237029e-10
2.28195029819e-09	-4.72402478247e-10
2.28319048857e-09	-1.34982415523e-09
2.28443067895e-09	-1.83296702816e-09
2.28567086933e-09	-1.54824393583e-09
2.28691105971e-09	-3.87123104406e-10
2.28815125009e-09	1.44946109282e-09
2.28939144047e-09	3.53805729159e-09
2.29063163085e-09	5.41155636968e-09
2.29187182123e-09	6.7348240318e-09
2.29311201161e-09	7.40683081535e-09
2.29435220199e-09	7.52696649453e-09
2.29559239237e-09	7.27353377528e-09
2.29683258275e-09	6.76019895618e-09
2.29807277313e-09	5.96155319554e-09
2.2993129635e-09	4.75291783708e-09
2.30055315388e-09	3.02785754802e-09
2.30179334426e-09	8.345402841e-10
2.30303353464e-09	-1.56925636374e-09
2.30427372502e-09	-3.76707265382e-09
2.3055139154e-09	-5.33511923528e-09
2.30675410578e-09	-6.01601934935e-09
2.30799429616e-09	-5.82150944117e-09
2.30923448654e-09	-5.02853514384e-09
2.31047467692e-09	-4.0542590396e-09
2.3117148673e-09	-3.28602789423e-09
2.31295505768e-09	-2.93472512958e-09
2.31419524806e-09	-2.97777036362e-09
2.31543543844e-09	-3.2104771619e-09
2.31667562882e-09	-3.36694272463e-09
2.3179158192e-09	-3.26281535123e-09
2.31915600958e-09	-2.8708606048e-09
2.32039619996e-09	-2.31866439937e-09
2.32163639033e-09	-1.80367770719e-09
2.32287658071e-09	-1.47092521496e-09
2.32411677109e-09	-1.3216894662e-09
2.32535696147e-09	-1.18414700268e-09
2.32659715185e-09	-7.78421938019e-10
2.32783734223e-09	1.6711906338e-10
2.32907753261e-09	1.77926845479e-09
2.33031772299e-09	3.95597887781e-09
2.33155791337e-09	6.36660840714e-09
2.33279810375e-09	8.53043302662e-09
2.33403829413e-09	9.96572147027e-09
2.33527848451e-09	1.03322264078e-08
2.33651867489e-09	9.53085610433e-09
2.33775886527e-09	7.71181185577e-09
2.33899905565e-09	5.20590254238e-09
2.34023924603e-09	2.40981007371e-09
2.34147943641e-09	-3.30722588204e-10
2.34271962679e-09	-2.77314723962e-09
2.34395981716e-09	-4.78142697657e-09
2.34520000754e-09	-6.27726559621e-09
2.34644019792e-09	-7.19199733101e-09
2.3476803883e-09	-7.45110761979e-09
2.34892057868e-09	-7.00065505566e-09
2.35016076906e-09	-5.86724335783e-09
2.35140095944e-09	-4.20240137133e-09
2.35264114982e-09	-2.30148508584e-09
2.3538813402e-09	-5.53742975085e-10
2.35512153058e-09	6.5241309577e-10
2.35636172096e-09	1.04121623823e-09
2.35760191134e-09	5.50076172112e-10
2.35884210172e-09	-6.3876053058e-10
2.3600822921e-09	-2.13890286038e-09
2.36132248248e-09	-3.4833841922e-09
2.36256267286e-09	-4.27158231009e-09
2.36380286324e-09	-4.29414048764e-09
2.36504305362e-09	-3.57816204444e-09
2.36628324399e-09	-2.32475846906e-09
2.36752343437e-09	-7.9141729975e-10
2.36876362475e-09	8.37362484907e-10
2.37000381513e-09	2.50753828812e-09
2.37124400551e-09	4.26431401301e-09
2.37248419589e-09	6.14548534283e-09
2.37372438627e-09	8.06609157245e-09
2.37496457665e-09	9.76855041301e-09
2.37620476703e-09	1.08571074353e-08
2.37744495741e-09	1.09301889761e-08
2.37868514779e-09	9.732584072e-09
2.37992533817e-09	7.27197169148e-09
2.38116552855e-09	3.84462672809e-09
2.38240571893e-09	-3.90781920712e-11
2.38364590931e-09	-3.79207443224e-09
2.38488609969e-09	-6.90429990957e-09
2.38612629007e-09	-9.04017916081e-09
2.38736648045e-09	-1.00722663543e-08
2.38860667083e-09	-1.00433042993e-08
2.3898468612e-09	-9.09942343696e-09
2.39108705158e-09	-7.43997341512e-09
2.39232724196e-09	-5.29249810644e-09
2.39356743234e-09	-2.91786528273e-09
2.39480762272e-09	-6.09330752521e-10
2.3960478131e-09	1.32583466428e-09
2.39728800348e-09	2.61795757295e-09
2.39852819386e-09	3.096083806e-09
2.39976838424e-09	2.72839284499e-09
2.40100857462e-09	1.63595587077e-09
2.402248765e-09	6.81505997469e-11
2.40348895538e-09	-1.63676920628e-09
2.40472914576e-09	-3.10388881264e-09
2.40596933614e-09	-3.97890825843e-09
2.40720952652e-09	-3.99361727021e-09
2.4084497169e-09	-3.03510025446e-09
2.40968990728e-09	-1.1865803895e-09
2.41093009766e-09	1.27194915711e-09
2.41217028803e-09	3.92960375351e-09
2.41341047841e-09	6.35550934103e-09
2.41465066879e-09	8.21443912891e-09
2.41589085917e-09	9.33665389447e-09
2.41713104955e-09	9.71016034246e-09
2.41837123993e-09	9.41031752522e-09
2.41961143031e-09	8.50333159441e-09
2.42085162069e-09	6.99291824446e-09
2.42209181107e-09	4.83578754817e-09
2.42333200145e-09	2.02405539551e-09
2.42457219183e-09	-1.31154820338e-09
2.42581238221e-09	-4.84464096617e-09
2.42705257259e-09	-8.08233957539e-09
2.42829276297e-09	-1.04881768825e-08
2.42953295335e-09	-1.16443523712e-08
2.43077314373e-09	-1.13898260823e-08
2.43201333411e-09	-9.8675075888e-09
2.43325352449e-09	-7.46460271372e-09
2.43449371486e-09	-4.68068689363e-09
2.43573390524e-09	-1.98302083088e-09
2.43697409562e-09	2.91926531559e-10
2.438214286e-09	1.9691048514e-09
2.43945447638e-09	3.00181635104e-09
2.44069466676e-09	3.41843064966e-09
2.44193485714e-09	3.28302834918e-09
2.44317504752e-09	2.68495972677e-09
2.4444152379e-09	1.75040640316e-09
2.44565542828e-09	6.54928972166e-10
2.44689561866e-09	-3.79936675871e-10
2.44813580904e-09	-1.11470989383e-09
2.44937599942e-09	-1.33445719752e-09
2.4506161898e-09	-9.00340968446e-10
2.45185638018e-09	2.05917512208e-10
2.45309657056e-09	1.86039650352e-09
2.45433676094e-09	3.80597120486e-09
2.45557695132e-09	5.69890484803e-09
2.45681714169e-09	7.18300074976e-09
2.45805733207e-09	7.9733680769e-09
2.45929752245e-09	7.9192763458e-09
2.46053771283e-09	7.03079117148e-09
2.46177790321e-09	5.45959583098e-09
2.46301809359e-09	3.43957984317e-09
2.46425828397e-09	1.21569758427e-09
2.46549847435e-09	-1.01724258184e-09
2.46673866473e-09	-3.13977827071e-09
2.46797885511e-09	-5.09434694429e-09
2.46921904549e-09	-6.83612300101e-09
2.47045923587e-09	-8.27854151897e-09
2.47169942625e-09	-9.26880694418e-09
2.47293961663e-09	-9.60929513738e-09
2.47417980701e-09	-9.13424513804e-09
2.47541999739e-09	-7.79982567423e-09
2.47666018777e-09	-5.74729858149e-09
2.47790037815e-09	-3.29598393023e-09
2.47914056853e-09	-8.63942806184e-10
2.4803807589e-09	1.1580902487e-09
2.48162094928e-09	2.52993176408e-09
2.48286113966e-09	3.2182488896e-09
2.48410133004e-09	3.37736633105e-09
2.48534152042e-09	3.25739860085e-09
2.4865817108e-09	3.09315464908e-09
2.48782190118e-09	3.02265526497e-09
2.48906209156e-09	3.06293787555e-09
2.49030228194e-09	3.14770756682e-09
2.49154247232e-09	3.19173648622e-09
2.4927826627e-09	3.15851270138e-09
2.49402285308e-09	3.0818655683e-09
2.49526304346e-09	3.0439483989e-09
2.49650323384e-09	3.12137310443e-09
2.49774342422e-09	3.32396554725e-09
2.4989836146e-09	3.56744245256e-09
2.50022380498e-09	3.68813385387e-09
2.50146399536e-09	3.50719470132e-09
2.50270418573e-09	2.90430915428e-09
2.50394437611e-09	1.87532012141e-09
2.50518456649e-09	5.40074610034e-10
2.50642475687e-09	-9.09038108676e-10
2.50766494725e-09	-2.28044830242e-09
2.50890513763e-09	-3.45539313829e-09
2.51014532801e-09	-4.41112329996e-09
2.51138551839e-09	-5.19811615973e-09
2.51262570877e-09	-5.88383586297e-09
2.51386589915e-09	-6.49505704775e-09
2.51510608953e-09	-6.98946911459e-09
2.51634627991e-09	-7.25465310047e-09
2.51758647029e-09	-7.14854186956e-09
2.51882666067e-09	-6.54524690002e-09
2.52006685105e-09	-5.38224959046e-09
2.52130704143e-09	-3.69444447257e-09
2.52254723181e-09	-1.62014693328e-09
2.52378742219e-09	6.15020541439e-10
2.52502761256e-09	2.74936132194e-09
2.52626780294e-09	4.54315335352e-09
2.52750799332e-09	5.84269865822e-09
2.5287481837e-09	6.61089294418e-09
2.52998837408e-09	6.91693124999e-09
2.53122856446e-09	6.89206680615e-09
2.53246875484e-09	6.6553293987e-09
2.53370894522e-09	6.26207663501e-09
2.5349491356e-09	5.68567254389e-09
2.53618932598e-09	4.85752221779e-09
2.53742951636e-09	3.7356218674e-09
2.53866970674e-09	2.36924938002e-09
2.53990989712e-09	9.24237450461e-10
2.5411500875e-09	-3.63996104091e-10
2.54239027788e-09	-1.27247874737e-09
2.54363046826e-09	-1.69025904384e-09
2.54487065864e-09	-1.67067215617e-09
2.54611084902e-09	-1.41385014807e-09
2.54735103939e-09	-1.186516288e-09
2.54859122977e-09	-1.21290598398e-09
2.54983142015e-09	-1.59787320875e-09
2.55107161053e-09	-2.30152871761e-09
2.55231180091e-09	-3.18957138479e-09
2.55355199129e-09	-4.10852313282e-09
2.55479218167e-09	-4.94888530156e-09
2.55603237205e-09	-5.66909347244e-09
2.55727256243e-09	-6.26186313912e-09
2.55851275281e-09	-6.70185240637e-09
2.55975294319e-09	-6.89842372115e-09
2.56099313357e-09	-6.69620814353e-09
2.56223332395e-09	-5.9175283007e-09
2.56347351433e-09	-4.4377126418e-09
2.56471370471e-09	-2.25914120744e-09
2.56595389509e-09	4.62410956747e-10
2.56719408547e-09	3.42961392619e-09
2.56843427585e-09	6.2681348445e-09
2.56967446623e-09	8.60807458647e-09
2.5709146566e-09	1.01602983804e-08
2.57215484698e-09	1.07674346106e-08
2.57339503736e-09	1.04213068175e-08
2.57463522774e-09	9.25585386113e-09
2.57587541812e-09	7.50288453588e-09
2.5771156085e-09	5.44297323879e-09
2.57835579888e-09	3.34441974115e-09
2.57959598926e-09	1.41145851951e-09
2.58083617964e-09	-2.37051198115e-10
2.58207637002e-09	-1.55999982376e-09
2.5833165604e-09	-2.55580145936e-09
2.58455675078e-09	-3.22592566548e-09
2.58579694116e-09	-3.55144935682e-09
2.58703713154e-09	-3.51537265963e-09
2.58827732192e-09	-3.14963585768e-09
2.5895175123e-09	-2.5738718934e-09
2.59075770268e-09	-2.00728372812e-09
2.59199789306e-09	-1.71849143249e-09
2.59323808343e-09	-1.9339935764e-09
2.59447827381e-09	-2.74007308509e-09
2.59571846419e-09	-4.0306517568e-09
2.59695865457e-09	-5.52267048759e-09
2.59819884495e-09	-6.84078893531e-09
2.59943903533e-09	-7.64109853169e-09
2.60067922571e-09	-7.70419150697e-09
2.60191941609e-09	-6.97893043355e-09
2.60315960647e-09	-5.55972518024e-09
2.60439979685e-09	-3.61661917081e-09
2.60563998723e-09	-1.32593634683e-09
2.60688017761e-09	1.16630330393e-09
2.60812036799e-09	3.73637676354e-09
2.60936055837e-09	6.25147050792e-09
2.61060074875e-09	8.52843007326e-09
2.61184093913e-09	1.03268896767e-08
2.61308112951e-09	1.13870178842e-08
2.61432131989e-09	1.14948501828e-08
2.61556151026e-09	1.05630206804e-08
2.61680170064e-09	8.68435290347e-09
2.61804189102e-09	6.13541278893e-09
2.6192820814e-09	3.31850980029e-09
2.62052227178e-09	6.68872270071e-10
2.62176246216e-09	-1.45213165104e-09
2.62300265254e-09	-2.84152099073e-09
2.62424284292e-09	-3.48059320254e-09
2.6254830333e-09	-3.51349160876e-09
2.62672322368e-09	-3.18317211478e-09
2.62796341406e-09	-2.75093650637e-09
2.62920360444e-09	-2.42902598035e-09
2.63044379482e-09	-2.3477775557e-09
2.6316839852e-09	-2.55290397155e-09
2.63292417558e-09	-3.02445740674e-09
2.63416436596e-09	-3.7124775476e-09
2.63540455634e-09	-4.55716431258e-09
2.63664474672e-09	-5.4918351533e-09
2.63788493709e-09	-6.43018749358e-09
2.63912512747e-09	-7.24276982833e-09
2.64036531785e-09	-7.74367248102e-09
2.64160550823e-09	-7.71065455929e-09
2.64284569861e-09	-6.9384279433e-09
2.64408588899e-09	-5.30791777198e-09
2.64532607937e-09	-2.85544188294e-09
2.64656626975e-09	1.9688291622e-10
2.64780646013e-09	3.47287015812e-09
2.64904665051e-09	6.5248751957e-09
2.65028684089e-09	8.94452267808e-09
2.65152703127e-09	1.04645769827e-08
2.65276722165e-09	1.10093857364e-08
2.65400741203e-09	1.06783640819e-08
2.65524760241e-09	9.68013746938e-09
2.65648779279e-09	8.24373980191e-09
2.65772798317e-09	6.54589571436e-09
2.65896817355e-09	4.6912356777e-09
2.66020836393e-09	2.74458122895e-09
2.6614485543e-09	7.87631723731e-10
2.66268874468e-09	-1.03307545851e-09
2.66392893506e-09	-2.50415116421e-09
2.66516912544e-09	-3.40877975846e-09
2.66640931582e-09	-3.62251284525e-09
2.6676495062e-09	-3.19644469227e-09
2.66888969658e-09	-2.38417355303e-09
2.67012988696e-09	-1.58333621214e-09
2.67137007734e-09	-1.20643196821e-09
2.67261026772e-09	-1.53602924824e-09
2.6738504581e-09	-2.6256989083e-09
2.67509064848e-09	-4.28167173938e-09
2.67633083886e-09	-6.13886358414e-09
2.67757102924e-09	-7.78743725061e-09
2.67881121962e-09	-8.89334872411e-09
2.68005141e-09	-9.27089627289e-09
2.68129160038e-09	-8.88374718233e-09
2.68253179076e-09	-7.79173803256e-09
2.68377198113e-09	-6.08287459292e-09
2.68501217151e-09	-3.83932202697e-09
2.68625236189e-09	-1.14329634648e-09
2.68749255227e-09	1.88179913319e-09
2.68873274265e-09	5.02564667659e-09
2.68997293303e-09	7.98304167215e-09
2.69121312341e-09	1.03913273541e-08
2.69245331379e-09	1.19101414287e-08
2.69369350417e-09	1.23107535277e-08
2.69493369455e-09	1.15470976114e-08
2.69617388493e-09	9.77591141371e-09
2.69741407531e-09	7.32432081652e-09
2.69865426569e-09	4.6190527514e-09
2.69989445607e-09	2.08565092974e-09
2.70113464645e-09	5.485951797e-11
2.70237483683e-09	-1.30485082461e-09
2.70361502721e-09	-2.00568189834e-09
2.70485521759e-09	-2.20410023566e-09
2.70609540796e-09	-2.12178580261e-09
2.70733559834e-09	-1.95700664007e-09
2.70857578872e-09	-1.83012940913e-09
2.7098159791e-09	-1.77601394702e-09
2.71105616948e-09	-1.79281195445e-09
2.71229635986e-09	-1.90795335087e-09
2.71353655024e-09	-2.21461035621e-09
2.71477674062e-09	-2.85388115917e-09
2.716016931e-09	-3.93671301113e-09
2.71725712138e-09	-5.44940909064e-09
2.71849731176e-09	-7.18957304802e-09
2.71973750214e-09	-8.78375905344e-09
2.72097769252e-09	-9.78251935013e-09
2.7222178829e-09	-9.80191794397e-09
2.72345807328e-09	-8.65778493342e-09
2.72469826366e-09	-6.42552799857e-09
2.72593845404e-09	-3.41173461704e-09
2.72717864442e-09	-4.57858577441e-11
2.7284188348e-09	3.25111471078e-09
2.72965902517e-09	6.16638190509e-09
2.73089921555e-09	8.52795301043e-09
2.73213940593e-09	1.0265044037e-08
2.73337959631e-09	1.13421148029e-08
2.73461978669e-09	1.17012191048e-08
2.73585997707e-09	1.12634627181e-08
2.73710016745e-09	9.98410321085e-09
2.73834035783e-09	7.92798771077e-09
2.73958054821e-09	5.31834271067e-09
2.74082073859e-09	2.51979581645e-09
2.74206092897e-09	-4.07982467254e-11
2.74330111935e-09	-1.99489200159e-09
2.74454130973e-09	-3.13207337843e-09
2.74578150011e-09	-3.45028444704e-09
2.74702169049e-09	-3.13851014622e-09
2.74826188087e-09	-2.50087070497e-09
2.74950207125e-09	-1.86303122929e-09
2.75074226163e-09	-1.48472527328e-09
2.751982452e-09	-1.50974199808e-09
2.75322264238e-09	-1.95413904502e-09
2.75446283276e-09	-2.73410863394e-09
2.75570302314e-09	-3.71309855085e-09
2.75694321352e-09	-4.74757311242e-09
2.7581834039e-09	-5.72222746964e-09
2.75942359428e-09	-6.55145804274e-09
2.76066378466e-09	-7.16234282994e-09
2.76190397504e-09	-7.46729433843e-09
2.76314416542e-09	-7.35038307997e-09
2.7643843558e-09	-6.68278410387e-09
2.76562454618e-09	-5.36455857514e-09
2.76686473656e-09	-3.3822754042e-09
2.76810492694e-09	-8.4597479022e-10
2.76934511732e-09	2.00404465245e-09
2.7705853077e-09	4.83836459786e-09
2.77182549808e-09	7.31258686937e-09
2.77306568846e-09	9.14694997523e-09
2.77430587883e-09	1.01875026193e-08
2.77554606921e-09	1.0422180452e-08
2.77678625959e-09	9.95728965947e-09
2.77802644997e-09	8.95814578072e-09
2.77926664035e-09	7.59005025497e-09
2.78050683073e-09	5.98009919361e-09
2.78174702111e-09	4.21177986931e-09
2.78298721149e-09	2.35451078079e-09
2.78422740187e-09	4.97601543303e-10
2.78546759225e-09	-1.22794169277e-09
2.78670778263e-09	-2.66433761165e-09
2.78794797301e-09	-3.67005753565e-09
2.78918816339e-09	-4.1763785763e-09
2.79042835377e-09	-4.22706802894e-09
2.79166854415e-09	-3.97605703917e-09
2.79290873453e-09	-3.64707575251e-09
2.79414892491e-09	-3.45909556554e-09
2.79538911529e-09	-3.55355300741e-09
2.79662930566e-09	-3.94769267276e-09
2.79786949604e-09	-4.53536469491e-09
2.79910968642e-09	-5.13301617877e-09
2.8003498768e-09	-5.54798346153e-09
2.80159006718e-09	-5.64434810002e-09
2.80283025756e-09	-5.37231203968e-09
2.80407044794e-09	-4.75996886351e-09
2.80531063832e-09	-3.87436760452e-09
2.8065508287e-09	-2.78088621575e-09
2.80779101908e-09	-1.52273040011e-09
2.80903120946e-09	-1.24131416951e-10
2.81027139984e-09	1.38602028465e-09
2.81151159022e-09	2.95506394354e-09
2.8127517806e-09	4.49694648186e-09
2.81399197098e-09	5.90122045674e-09
2.81523216136e-09	7.05187863659e-09
2.81647235174e-09	7.84766218676e-09
2.81771254212e-09	8.21942114371e-09
2.8189527325e-09	8.1376425598e-09
2.82019292287e-09	7.61819041184e-09
2.82143311325e-09	6.71741529068e-09
2.82267330363e-09	5.5216958228e-09
2.82391349401e-09	4.12901385305e-09
2.82515368439e-09	2.62775826099e-09
2.82639387477e-09	1.08308831348e-09
2.82763406515e-09	-4.66041920333e-10
2.82887425553e-09	-1.99052652139e-09
2.83011444591e-09	-3.45028394744e-09
2.83135463629e-09	-4.77326966841e-09
2.83259482667e-09	-5.85329162917e-09
2.83383501705e-09	-6.5722262077e-09
2.83507520743e-09	-6.83938339296e-09
2.83631539781e-09	-6.63583366034e-09
2.83755558819e-09	-6.037572442e-09
2.83879577857e-09	-5.20651965985e-09
2.84003596895e-09	-4.33847280323e-09
2.84127615933e-09	-3.59460655686e-09
2.8425163497e-09	-3.04313971244e-09
2.84375654008e-09	-2.63780930432e-09
2.84499673046e-09	-2.25138580001e-09
2.84623692084e-09	-1.74370826111e-09
2.84747711122e-09	-1.03520332584e-09
2.8487173016e-09	-1.43218006898e-10
2.84995749198e-09	8.31194002515e-10
2.85119768236e-09	1.76113337802e-09
2.85243787274e-09	2.56061177817e-09
2.85367806312e-09	3.21969884087e-09
2.8549182535e-09	3.79860576327e-09
2.85615844388e-09	4.3797230842e-09
2.85739863426e-09	5.01116803608e-09
2.85863882464e-09	5.66896429799e-09
2.85987901502e-09	6.25685481204e-09
2.8611192054e-09	6.63855281857e-09
2.86235939578e-09	6.68137178916e-09
2.86359958616e-09	6.29916913075e-09
2.86483977653e-09	5.46973161208e-09
2.86607996691e-09	4.2347683693e-09
2.86732015729e-09	2.68443117735e-09
2.86856034767e-09	9.34650218332e-10
2.86980053805e-09	-8.9352698851e-10
2.87104072843e-09	-2.68943631254e-09
2.87228091881e-09	-4.35531710696e-09
2.87352110919e-09	-5.80619174961e-09
2.87476129957e-09	-6.95864932343e-09
2.87600148995e-09	-7.7251834929e-09
2.87724168033e-09	-8.0202043895e-09
2.87848187071e-09	-7.77653375028e-09
2.87972206109e-09	-6.97836133323e-09
2.88096225147e-09	-5.69057273525e-09
2.88220244185e-09	-4.07441869132e-09
2.88344263223e-09	-2.36550196098e-09
2.88468282261e-09	-8.23269612205e-10
2.88592301299e-09	3.40185636605e-10
2.88716320336e-09	1.02745734143e-09
2.88840339374e-09	1.28309282643e-09
2.88964358412e-09	1.2775186603e-09
2.8908837745e-09	1.23865570578e-09
2.89212396488e-09	1.36594675848e-09
2.89336415526e-09	1.75774214628e-09
2.89460434564e-09	2.38697583921e-09
2.89584453602e-09	3.13217235481e-09
2.8970847264e-09	3.84063203462e-09
2.89832491678e-09	4.4017802181e-09
2.89956510716e-09	4.78288586514e-09
2.90080529754e-09	5.02028246752e-09
2.90204548792e-09	5.17037584968e-09
2.9032856783e-09	5.25097543225e-09
2.90452586868e-09	5.20732723608e-09
2.90576605906e-09	4.91825258297e-09
2.90700624944e-09	4.2494739394e-09
2.90824643982e-09	3.11707007428e-09
2.9094866302e-09	1.54151776066e-09
2.91072682057e-09	-3.39311197195e-10
2.91196701095e-09	-2.30555835534e-09
2.91320720133e-09	-4.11732936634e-09
2.91444739171e-09	-5.58360513381e-09
2.91568758209e-09	-6.6006841104e-09
2.91692777247e-09	-7.15627679337e-09
2.91816796285e-09	-7.29478055739e-09
2.91940815323e-09	-7.07296321512e-09
2.92064834361e-09	-6.52891346542e-09
2.92188853399e-09	-5.67420299635e-09
2.92312872437e-09	-4.52200543677e-09
2.92436891475e-09	-3.12029757588e-09
2.92560910513e-09	-1.57986534965e-09
2.92684929551e-09	-7.01854772217e-11
2.92808948589e-09	1.21633841887e-09
2.92932967627e-09	2.11931996952e-09
2.93056986665e-09	2.5681932414e-09
2.93181005703e-09	2.60945570707e-09
2.9330502474e-09	2.40251571415e-09
2.93429043778e-09	2.16947296239e-09
2.93553062816e-09	2.12351672357e-09
2.93677081854e-09	2.39749256559e-09
2.93801100892e-09	2.99734123632e-09
2.9392511993e-09	3.80358700092e-09
2.94049138968e-09	4.61018945241e-09
2.94173158006e-09	5.1975181381e-09
2.94297177044e-09	5.40022909723e-09
2.94421196082e-09	5.15367648557e-09
2.9454521512e-09	4.49887316289e-09
2.94669234158e-09	3.54682327952e-09
2.94793253196e-09	2.42889564017e-09
2.94917272234e-09	1.24620948283e-09
2.95041291272e-09	4.84130756317e-11
2.9516531031e-09	-1.1598427635e-09
2.95289329348e-09	-2.38520347917e-09
2.95413348386e-09	-3.6048824481e-09
2.95537367423e-09	-4.74259276295e-09
2.95661386461e-09	-5.66826391379e-09
2.95785405499e-09	-6.23746082562e-09
2.95909424537e-09	-6.34379654363e-09
2.96033443575e-09	-5.96915650242e-09
2.96157462613e-09	-5.20193738085e-09
2.96281481651e-09	-4.20915713395e-09
2.96405500689e-09	-3.17711701392e-09
2.96529519727e-09	-2.2405184652e-09
2.96653538765e-09	-1.44337723718e-09
2.96777557803e-09	-7.41071114196e-10
2.96901576841e-09	-5.13972224156e-11
2.97025595879e-09	6.804656838e-10
2.97149614917e-09	1.44142257852e-09
2.97273633955e-09	2.14987114222e-09
2.97397652993e-09	2.70467381824e-09
2.97521672031e-09	3.04495459402e-09
2.97645691069e-09	3.1951206958e-09
2.97769710106e-09	3.26069696244e-09
2.97893729144e-09	3.38037836611e-09
2.98017748182e-09	3.65688351822e-09
2.9814176722e-09	4.09467221241e-09
2.98265786258e-09	4.58521498548e-09
2.98389805296e-09	4.93562590798e-09
2.98513824334e-09	4.93754714892e-09
2.98637843372e-09	4.44298531299e-09
2.9876186241e-09	3.41975658902e-09
2.98885881448e-09	1.96610941416e-09
2.99009900486e-09	2.78422809113e-10
2.99133919524e-09	-1.40468198184e-09
2.99257938562e-09	-2.87127793763e-09
2.993819576e-09	-3.98276533975e-09
2.99505976638e-09	-4.6916134866e-09
2.99629995676e-09	-5.02969954574e-09
2.99754014714e-09	-5.07331443522e-09
2.99878033752e-09	-4.90612250825e-09
3.0000205279e-09	-4.58905358158e-09
3.00126071827e-09	-4.15276901755e-09
3.00250090865e-09	-3.60323543225e-09
3.00374109903e-09	-2.9426948378e-09
3.00498128941e-09	-2.19367488064e-09
3.00622147979e-09	-1.40921037339e-09
3.00746167017e-09	-6.70694701166e-10
3.00870186055e-09	-6.26384907484e-11
3.00994205093e-09	3.61783880631e-10
3.01118224131e-09	6.12647460541e-10
3.01242243169e-09	7.70011374107e-10
3.01366262207e-09	9.58366358494e-10
3.01490281245e-09	1.29775247493e-09
3.01614300283e-09	1.84541121273e-09
3.01738319321e-09	2.56687593403e-09
3.01862338359e-09	3.34494165699e-09
3.01986357397e-09	4.02692013068e-09
3.02110376435e-09	4.48677717202e-09
3.02234395473e-09	4.66998484328e-09
3.0235841451e-09	4.59923560348e-09
3.02482433548e-09	4.33692215474e-09
3.02606452586e-09	3.93518800879e-09
3.02730471624e-09	3.39393413373e-09
3.02854490662e-09	2.65734917404e-09
3.029785097e-09	1.65250918505e-09
3.03102528738e-09	3.47271683632e-10
3.03226547776e-09	-1.19916815366e-09
3.03350566814e-09	-2.82340223423e-09
3.03474585852e-09	-4.28980967415e-09
3.0359860489e-09	-5.36135480456e-09
3.03722623928e-09	-5.87332743551e-09
3.03846642966e-09	-5.78349645952e-09
3.03970662004e-09	-5.18098791646e-09
3.04094681042e-09	-4.24748608507e-09
3.0421870008e-09	-3.19547482919e-09
3.04342719118e-09	-2.20614845836e-09
3.04466738156e-09	-1.38894222512e-09
3.04590757193e-09	-7.71472677408e-10
3.04714776231e-09	-3.18923765869e-10
3.04838795269e-09	3.02342959696e-11
3.04962814307e-09	3.31402939813e-10
3.05086833345e-09	6.10793249312e-10
3.05210852383e-09	8.64114141352e-10
3.05334871421e-09	1.0729648281e-09
3.05458890459e-09	1.22891823107e-09
3.05582909497e-09	1.35386410416e-09
3.05706928535e-09	1.50376958108e-09
3.05830947573e-09	1.75120790091e-09
3.05954966611e-09	2.14946851984e-09
3.06078985649e-09	2.69908465023e-09
3.06203004687e-09	3.32984328999e-09
3.06327023725e-09	3.90929766336e-09
3.06451042763e-09	4.28002316921e-09
3.06575061801e-09	4.30839103283e-09
3.06699080839e-09	3.92756682732e-09
3.06823099876e-09	3.15743398094e-09
3.06947118914e-09	2.09575953813e-09
3.07071137952e-09	8.8187354641e-10
3.0719515699e-09	-3.48974314723e-10
3.07319176028e-09	-1.50163632917e-09
3.07443195066e-09	-2.53471790779e-09
3.07567214104e-09	-3.44330725044e-09
3.07691233142e-09	-4.22237955711e-09
3.0781525218e-09	-4.83211626268e-09
3.07939271218e-09	-5.18691012363e-09
3.08063290256e-09	-5.1794653011e-09
3.08187309294e-09	-4.73349942576e-09
3.08311328332e-09	-3.85819381998e-09
3.0843534737e-09	-2.67258315478e-09
3.08559366408e-09	-1.38459120558e-09
3.08683385446e-09	-2.28505322303e-10
3.08807404484e-09	6.13506391522e-10
3.08931423522e-09	1.07064163091e-09
3.0905544256e-09	1.19804706433e-09
3.09179461597e-09	1.14257393824e-09
3.09303480635e-09	1.0747076562e-09
3.09427499673e-09	1.11965520189e-09
3.09551518711e-09	1.31592083064e-09
3.09675537749e-09	1.61675069166e-09
3.09799556787e-09	1.92816307365e-09
3.09923575825e-09	2.16364420824e-09
3.10047594863e-09	2.28863639151e-09
3.10171613901e-09	2.33151961626e-09
3.10295632939e-09	2.35916686186e-09
3.10419651977e-09	2.42953068774e-09
3.10543671015e-09	2.54771331809e-09
3.10667690053e-09	2.64903718405e-09
3.10791709091e-09	2.61872865059e-09
3.10915728129e-09	2.34013022848e-09
3.11039747167e-09	1.74762851413e-09
3.11163766205e-09	8.61290525012e-10
3.11287785243e-09	-2.15091000566e-10
3.1141180428e-09	-1.32752446536e-09
3.11535823318e-09	-2.3209828226e-09
3.11659842356e-09	-3.08407155369e-09
3.11783861394e-09	-3.57006552099e-09
3.11907880432e-09	-3.79363696013e-09
3.1203189947e-09	-3.80710085679e-09
3.12155918508e-09	-3.67000535517e-09
3.12279937546e-09	-3.42261424757e-09
3.12403956584e-09	-3.07338415828e-09
3.12527975622e-09	-2.6058241398e-09
3.1265199466e-09	-1.99882582708e-09
3.12776013698e-09	-1.25648746963e-09
3.12900032736e-09	-4.28072063907e-10
3.13024051774e-09	3.91517873677e-10
3.13148070812e-09	1.0860193439e-09
3.1327208985e-09	1.56179331967e-09
3.13396108888e-09	1.78886128133e-09
3.13520127926e-09	1.82060733156e-09
3.13644146963e-09	1.77403755575e-09
3.13768166001e-09	1.78171383203e-09
3.13892185039e-09	1.93112065228e-09
3.14016204077e-09	2.22114260318e-09
3.14140223115e-09	2.56029852874e-09
3.14264242153e-09	2.80446077472e-09
3.14388261191e-09	2.82369105875e-09
3.14512280229e-09	2.56031559842e-09
3.14636299267e-09	2.05496847316e-09
3.14760318305e-09	1.42344815102e-09
3.14884337343e-09	7.99694685472e-10
3.15008356381e-09	2.76329341353e-10
3.15132375419e-09	-1.32856951135e-10
3.15256394457e-09	-4.82684080205e-10
3.15380413495e-09	-8.53632248221e-10
3.15504432533e-09	-1.29607755084e-09
3.15628451571e-09	-1.79470355244e-09
3.15752470609e-09	-2.27034152589e-09
3.15876489646e-09	-2.61526972301e-09
3.16000508684e-09	-2.74614639362e-09
3.16124527722e-09	-2.64024527241e-09
3.1624854676e-09	-2.34677058342e-09
3.16372565798e-09	-1.96369620564e-09
3.16496584836e-09	-1.59508503628e-09
3.16620603874e-09	-1.31205581122e-09
3.16744622912e-09	-1.12824985465e-09
3.1686864195e-09	-1.00418184878e-09
3.16992660988e-09	-8.680997865e-10
3.17116680026e-09	-6.50141843139e-10
3.17240699064e-09	-3.08685292605e-10
3.17364718102e-09	1.57453865918e-10
3.1748873714e-09	7.09890778106e-10
3.17612756178e-09	1.28921680276e-09
3.17736775216e-09	1.83280210453e-09
3.17860794254e-09	2.29384711226e-09
3.17984813292e-09	2.64739538625e-09
3.1810883233e-09	2.88758816858e-09
3.18232851367e-09	3.01711972073e-09
3.18356870405e-09	3.03126926338e-09
3.18480889443e-09	2.91250698559e-09
3.18604908481e-09	2.62724714206e-09
3.18728927519e-09	2.14089848627e-09
3.18852946557e-09	1.43858977508e-09
3.18976965595e-09	5.47891496061e-10
3.19100984633e-09	-4.48186369961e-10
3.19225003671e-09	-1.42152575822e-09
3.19349022709e-09	-2.22585389009e-09
3.19473041747e-09	-2.74314815307e-09
3.19597060785e-09	-2.9184812067e-09
3.19721079823e-09	-2.77718872899e-09
3.19845098861e-09	-2.41140066248e-09
3.19969117899e-09	-1.94073551674e-09
3.20093136937e-09	-1.47194728628e-09
3.20217155975e-09	-1.06683099854e-09
3.20341175013e-09	-7.41183808772e-10
3.2046519405e-09	-4.80832471061e-10
3.20589213088e-09	-2.70252067253e-10
3.20713232126e-09	-1.12714783687e-10
3.20837251164e-09	-2.99599104206e-11
3.20961270202e-09	-4.94511458692e-11
3.2108528924e-09	-1.76971742816e-10
3.21209308278e-09	-3.80339443967e-10
3.21333327316e-09	-5.83793235975e-10
3.21457346354e-09	-6.83973357118e-10
3.21581365392e-09	-5.81457500204e-10
3.2170538443e-09	-2.12982916026e-10
3.21829403468e-09	4.18325762919e-10
3.21953422506e-09	1.23847478106e-09
3.22077441544e-09	2.11483172641e-09
3.22201460582e-09	2.8909103722e-09
3.2232547962e-09	3.42662553887e-09
3.22449498658e-09	3.62920354879e-09
3.22573517696e-09	3.47062378836e-09
3.22697536733e-09	2.97868188448e-09
3.22821555771e-09	2.22174592612e-09
3.22945574809e-09	1.28374967601e-09
3.23069593847e-09	2.49469826741e-10
3.23193612885e-09	-8.00727116557e-10
3.23317631923e-09	-1.791016363e-09
3.23441650961e-09	-2.64298249952e-09
3.23565669999e-09	-3.28005234085e-09
3.23689689037e-09	-3.6310544016e-09
3.23813708075e-09	-3.64577268375e-09
3.23937727113e-09	-3.30972177442e-09
3.24061746151e-09	-2.65608199324e-09
3.24185765189e-09	-1.77178477445e-09
3.24309784227e-09	-7.85871590026e-10
3.24433803265e-09	1.48676904121e-10
3.24557822303e-09	8.89833373652e-10
3.24681841341e-09	1.3375232033e-09
3.24805860379e-09	1.45814359198e-09
3.24929879416e-09	1.29178098773e-09
3.25053898454e-09	9.33137941916e-10
3.25177917492e-09	5.01965906341e-10
3.2530193653e-09	1.03473945558e-10
3.25425955568e-09	-1.94964848085e-10
3.25549974606e-09	-3.70111361697e-10
3.25673993644e-09	-4.26637995765e-10
3.25798012682e-09	-3.69546671042e-10
3.2592203172e-09	-1.89005620183e-10
3.26046050758e-09	1.4183585903e-10
3.26170069796e-09	6.40879224689e-10
3.26294088834e-09	1.28673686983e-09
3.26418107872e-09	1.9950212593e-09
3.2654212691e-09	2.62070393164e-09
3.26666145948e-09	2.9939724866e-09
3.26790164986e-09	2.97144578387e-09
3.26914184024e-09	2.49267487207e-09
3.27038203062e-09	1.60455303211e-09
3.271622221e-09	4.52781680205e-10
3.27286241137e-09	-7.62630632256e-10
3.27410260175e-09	-1.84871684628e-09
3.27534279213e-09	-2.66811606142e-09
3.27658298251e-09	-3.16469839223e-09
3.27782317289e-09	-3.35013899955e-09
3.27906336327e-09	-3.27477508999e-09
3.28030355365e-09	-2.98999527915e-09
3.28154374403e-09	-2.52838858184e-09
3.28278393441e-09	-1.90846946579e-09
3.28402412479e-09	-1.15151475855e-09
3.28526431517e-09	-3.06178138398e-10
3.28650450555e-09	5.44755324183e-10
3.28774469593e-09	1.29230948165e-09
3.28898488631e-09	1.82932530235e-09
3.29022507669e-09	2.08212125319e-09
3.29146526707e-09	2.03365718709e-09
3.29270545745e-09	1.73271261228e-09
3.29394564783e-09	1.27710508835e-09
3.2951858382e-09	7.88062885781e-10
3.29642602858e-09	3.75710004774e-10
3.29766621896e-09	1.11669968411e-10
3.29890640934e-09	1.50561871998e-11
3.30014659972e-09	5.48622683741e-11
3.3013867901e-09	1.71776638053e-10
3.30262698048e-09	3.03673679952e-10
3.30386717086e-09	4.1333451245e-10
3.30510736124e-09	4.97936539223e-10
3.30634755162e-09	5.79449675742e-10
3.307587742e-09	6.79773723422e-10
3.30882793238e-09	7.89569423731e-10
3.31006812276e-09	8.54967666108e-10
3.31130831314e-09	7.88135806618e-10
3.31254850352e-09	5.07714502385e-10
3.3137886939e-09	-1.55589473597e-11
3.31502888428e-09	-7.27740770423e-10
3.31626907466e-09	-1.49451695464e-09
3.31750926503e-09	-2.14418965916e-09
3.31874945541e-09	-2.52694898339e-09
3.31998964579e-09	-2.56981186331e-09
3.32122983617e-09	-2.29746341396e-09
3.32247002655e-09	-1.81435788615e-09
3.32371021693e-09	-1.25604381063e-09
3.32495040731e-09	-7.33187635604e-10
3.32619059769e-09	-2.96315839921e-10
3.32743078807e-09	7.03405129282e-11
3.32867097845e-09	4.20110113364e-10
3.32991116883e-09	8.01945405915e-10
3.33115135921e-09	1.22374205214e-09
3.33239154959e-09	1.63952135201e-09
3.33363173997e-09	1.96731350655e-09
3.33487193035e-09	2.12593170845e-09
3.33611212073e-09	2.07495154392e-09
3.33735231111e-09	1.83363646489e-09
3.33859250149e-09	1.47310623422e-09
3.33983269186e-09	1.08430957269e-09
3.34107288224e-09	7.38133866529e-10
3.34231307262e-09	4.58878539333e-10
3.343553263e-09	2.2173354125e-10
3.34479345338e-09	-2.34306990043e-11
3.34603364376e-09	-3.17433364316e-10
3.34727383414e-09	-6.62524909933e-10
3.34851402452e-09	-1.01394033447e-09
3.3497542149e-09	-1.29598477783e-09
3.35099440528e-09	-1.43311787437e-09
3.35223459566e-09	-1.38450077791e-09
3.35347478604e-09	-1.16490904423e-09
3.35471497642e-09	-8.44471631511e-10
3.3559551668e-09	-5.26345834972e-10
3.35719535718e-09	-3.10062427122e-10
3.35843554756e-09	-2.5552333166e-10
3.35967573794e-09	-3.60442981018e-10
3.36091592832e-09	-5.62323007602e-10
3.3621561187e-09	-7.63643634438e-10
3.36339630907e-09	-8.70937585939e-10
3.36463649945e-09	-8.307578514e-10
3.36587668983e-09	-6.46863729248e-10
3.36711688021e-09	-3.71860611748e-10
3.36835707059e-09	-7.67796451417e-11
3.36959726097e-09	1.84771227832e-10
3.37083745135e-09	4.01267803707e-10
3.37207764173e-09	6.05396684172e-10
3.37331783211e-09	8.52267229012e-10
3.37455802249e-09	1.1840069758e-09
3.37579821287e-09	1.59807930777e-09
3.37703840325e-09	2.03391467557e-09
3.37827859363e-09	2.38577124723e-09
3.37951878401e-09	2.53818213669e-09
3.38075897439e-09	2.40897296555e-09
3.38199916477e-09	1.98115332473e-09
3.38323935515e-09	1.31032606987e-09
3.38447954553e-09	5.05222232106e-10
3.3857197359e-09	-3.11495697292e-10
3.38695992628e-09	-1.0418718388e-09
3.38820011666e-09	-1.63480279314e-09
3.38944030704e-09	-2.08281691894e-09
3.39068049742e-09	-2.39777447897e-09
3.3919206878e-09	-2.58196933278e-09
3.39316087818e-09	-2.6116651064e-09
3.39440106856e-09	-2.44555967144e-09
3.39564125894e-09	-2.05169251033e-09
3.39688144932e-09	-1.44155228032e-09
3.3981216397e-09	-6.90396365077e-10
3.39936183008e-09	7.08885025333e-11
3.40060202046e-09	6.90865857578e-10
3.40184221084e-09	1.04757184871e-09
3.40308240122e-09	1.09073841625e-09
3.4043225916e-09	8.60102863931e-10
3.40556278198e-09	4.68569912038e-10
3.40680297236e-09	6.11235541348e-11
3.40804316273e-09	-2.32794582222e-10
3.40928335311e-09	-3.36623281333e-10
3.41052354349e-09	-2.36751746679e-10
3.41176373387e-09	2.97911183569e-11
3.41300392425e-09	4.01289876328e-10
3.41424411463e-09	8.15839840129e-10
3.41548430501e-09	1.22591212182e-09
3.41672449539e-09	1.59966033475e-09
3.41796468577e-09	1.91226787183e-09
3.41920487615e-09	2.1384496951e-09
3.42044506653e-09	2.24516388814e-09
3.42168525691e-09	2.19218893038e-09
3.42292544729e-09	1.94022831135e-09
3.42416563767e-09	1.46409734336e-09
3.42540582805e-09	7.69588483218e-10
3.42664601843e-09	-9.48564499517e-11
3.42788620881e-09	-1.03481564984e-09
3.42912639919e-09	-1.92560975498e-09
3.43036658956e-09	-2.63920280075e-09
3.43160677994e-09	-3.07699923874e-09
3.43284697032e-09	-3.19656645598e-09
3.4340871607e-09	-3.01788169454e-09
3.43532735108e-09	-2.6109432949e-09
3.43656754146e-09	-2.06687558735e-09
3.43780773184e-09	-1.46914494459e-09
3.43904792222e-09	-8.73374927934e-10
3.4402881126e-09	-3.07112873327e-10
3.44152830298e-09	2.14724359821e-10
3.44276849336e-09	6.72576203065e-10
3.44400868374e-09	1.0293247088e-09
3.44524887412e-09	1.23706445088e-09
3.4464890645e-09	1.25835025733e-09
3.44772925488e-09	1.09387596203e-09
3.44896944526e-09	7.99486137015e-10
3.45020963564e-09	4.81337837643e-10
3.45144982602e-09	2.67069057841e-10
3.4526900164e-09	2.59245611089e-10
3.45393020677e-09	4.97145220824e-10
3.45517039715e-09	9.3803920187e-10
3.45641058753e-09	1.47015077889e-09
3.45765077791e-09	1.95178229134e-09
3.45889096829e-09	2.25711502266e-09
3.46013115867e-09	2.31154903552e-09
3.46137134905e-09	2.10189288197e-09
3.46261153943e-09	1.66693187031e-09
3.46385172981e-09	1.07281568351e-09
3.46509192019e-09	3.90665357702e-10
3.46633211057e-09	-3.16437522019e-10
3.46757230095e-09	-9.98729252077e-10
3.46881249133e-09	-1.61567444146e-09
3.47005268171e-09	-2.13173817487e-09
3.47129287209e-09	-2.51270404483e-09
3.47253306247e-09	-2.72718161942e-09
3.47377325285e-09	-2.75059808263e-09
3.47501344323e-09	-2.57312987584e-09
3.4762536336e-09	-2.21072607443e-09
3.47749382398e-09	-1.70893482698e-09
3.47873401436e-09	-1.14165925325e-09
3.47997420474e-09	-5.97068089414e-10
3.48121439512e-09	-1.55125584253e-10
3.4824545855e-09	1.36038947468e-10
3.48369477588e-09	2.7539733341e-10
3.48493496626e-09	3.08246150826e-10
3.48617515664e-09	3.10403831111e-10
3.48741534702e-09	3.58219433283e-10
3.4886555374e-09	5.0178172728e-10
3.48989572778e-09	7.48368353398e-10
3.49113591816e-09	1.06447373138e-09
3.49237610854e-09	1.39594660831e-09
3.49361629892e-09	1.69347472156e-09
3.4948564893e-09	1.9320178235e-09
3.49609667968e-09	2.11232384362e-09
3.49733687006e-09	2.24725255071e-09
3.49857706043e-09	2.337221916e-09
3.49981725081e-09	2.35166283669e-09
3.50105744119e-09	2.22975612973e-09
3.50229763157e-09	1.90040788661e-09
3.50353782195e-09	1.31724672836e-09
3.50477801233e-09	4.90487331306e-10
3.50601820271e-09	-4.98754364198e-10
3.50725839309e-09	-1.51128243253e-09
3.50849858347e-09	-2.38521291607e-09
3.50973877385e-09	-2.98186331182e-09
3.51097896423e-09	-3.22639873152e-09
3.51221915461e-09	-3.12371600808e-09
3.51345934499e-09	-2.74886335916e-09
3.51469953537e-09	-2.21586363147e-09
3.51593972575e-09	-1.63894549321e-09
3.51717991613e-09	-1.10313551349e-09
3.51842010651e-09	-6.53606446743e-10
3.51966029689e-09	-3.03966816995e-10
3.52090048727e-09	-5.2723073303e-11
3.52214067764e-09	1.00164977007e-10
3.52338086802e-09	1.50882702166e-10
3.5246210584e-09	1.01771183494e-10
3.52586124878e-09	-2.39718470768e-11
3.52710143916e-09	-1.71952792283e-10
3.52834162954e-09	-2.6070258452e-10
3.52958181992e-09	-2.00875489853e-10
3.5308220103e-09	7.53395713871e-11
3.53206220068e-09	5.88302372095e-10
3.53330239106e-09	1.29536131821e-09
3.53454258144e-09	2.09465284007e-09
3.53578277182e-09	2.8481752512e-09
3.5370229622e-09	3.41503170187e-09
3.53826315258e-09	3.68613506385e-09
3.53950334296e-09	3.60792418164e-09
3.54074353334e-09	3.18961759782e-09
3.54198372372e-09	2.49049225687e-09
3.5432239141e-09	1.59713471615e-09
3.54446410447e-09	5.98670488183e-10
3.54570429485e-09	-4.29889672471e-10
3.54694448523e-09	-1.42868393505e-09
3.54818467561e-09	-2.34385169606e-09
3.54942486599e-09	-3.11548056797e-09
3.55066505637e-09	-3.67286850933e-09
3.55190524675e-09	-3.94178312213e-09
3.55314543713e-09	-3.86581655576e-09
3.55438562751e-09	-3.43182954277e-09
3.55562581789e-09	-2.68766212064e-09
3.55686600827e-09	-1.74545017328e-09
3.55810619865e-09	-7.62449992031e-10
3.55934638903e-09	9.44848591727e-11
3.56058657941e-09	6.91317669776e-10
3.56182676979e-09	9.61405649536e-10
3.56306696017e-09	9.20671594518e-10
3.56430715055e-09	6.56588859671e-10
3.56554734093e-09	2.94419436747e-10
3.5667875313e-09	-4.17622481735e-11
3.56802772168e-09	-2.61428937526e-10
3.56926791206e-09	-3.18637498331e-10
3.57050810244e-09	-2.02594595614e-10
3.57174829282e-09	8.08386951129e-11
3.5729884832e-09	5.23137644315e-10
3.57422867358e-09	1.11139589198e-09
3.57546886396e-09	1.81470630189e-09
3.57670905434e-09	2.56529120168e-09
3.57794924472e-09	3.25403137769e-09
3.5791894351e-09	3.74559810945e-09
3.58042962548e-09	3.91065602123e-09
3.58166981586e-09	3.66436969657e-09
3.58291000624e-09	2.99292848838e-09
3.58415019662e-09	1.96108368433e-09
3.585390387e-09	6.95570732956e-10
3.58663057738e-09	-6.44063372079e-10
3.58787076776e-09	-1.90035265302e-09
3.58911095813e-09	-2.94618066055e-09
3.59035114851e-09	-3.69857894311e-09
3.59159133889e-09	-4.12167694419e-09
3.59283152927e-09	-4.21737084144e-09
3.59407171965e-09	-4.01411182072e-09
3.59531191003e-09	-3.55537127517e-09
3.59655210041e-09	-2.89431217881e-09
3.59779229079e-09	-2.09277287166e-09
3.59903248117e-09	-1.22211289699e-09
3.60027267155e-09	-3.64807302422e-10
3.60151286193e-09	3.92390425707e-10
3.60275305231e-09	9.6870318711e-10
3.60399324269e-09	1.30591958081e-09
3.60523343307e-09	1.38455499843e-09
3.60647362345e-09	1.23411968145e-09
3.60771381383e-09	9.33366758882e-10
3.60895400421e-09	5.94567811651e-10
3.61019419459e-09	3.38855856569e-10
3.61143438497e-09	2.63756079477e-10
3.61267457534e-09	4.1751316987e-10
3.61391476572e-09	7.87124462831e-10
3.6151549561e-09	1.30404072263e-09
3.61639514648e-09	1.86796073054e-09
3.61763533686e-09	2.3746606348e-09
3.61887552724e-09	2.74193334704e-09
3.62011571762e-09	2.9195153517e-09
3.621355908e-09	2.88614226962e-09
3.62259609838e-09	2.63764271535e-09
3.62383628876e-09	2.17523665746e-09
3.62507647914e-09	1.50559251177e-09
3.62631666952e-09	6.48032398576e-10
3.6275568599e-09	-3.50647393066e-10
3.62879705028e-09	-1.40941941451e-09
3.63003724066e-09	-2.4177723712e-09
3.63127743104e-09	-3.25499860399e-09
3.63251762142e-09	-3.81891857026e-09
3.6337578118e-09	-4.04943528709e-09
3.63499800217e-09	-3.94364663148e-09
3.63623819255e-09	-3.55106638539e-09
3.63747838293e-09	-2.95727803357e-09
3.63871857331e-09	-2.25867430315e-09
3.63995876369e-09	-1.53917309453e-09
3.64119895407e-09	-8.57705073631e-10
3.64243914445e-09	-2.44633632795e-10
3.64367933483e-09	2.89125147435e-10
3.64491952521e-09	7.42322772695e-10
3.64615971559e-09	1.11325303143e-09
3.64739990597e-09	1.39679297295e-09
3.64864009635e-09	1.58795780691e-09
3.64988028673e-09	1.68796118749e-09
3.65112047711e-09	1.71282593664e-09
3.65236066749e-09	1.69362246449e-09
3.65360085787e-09	1.67251179573e-09
3.65484104825e-09	1.68977051795e-09
3.65608123863e-09	1.76785466821e-09
3.657321429e-09	1.89911431026e-09
3.65856161938e-09	2.04133596138e-09
3.65980180976e-09	2.12883294326e-09
3.66104200014e-09	2.09130476825e-09
3.66228219052e-09	1.87859156009e-09
3.6635223809e-09	1.47791352767e-09
3.66476257128e-09	9.18493753277e-10
3.66600276166e-09	2.63141251844e-10
3.66724295204e-09	-4.12946100925e-10
3.66848314242e-09	-1.04270145296e-09
3.6697233328e-09	-1.58425958463e-09
3.67096352318e-09	-2.02418956596e-09
3.67220371356e-09	-2.37038463857e-09
3.67344390394e-09	-2.63694843738e-09
3.67468409432e-09	-2.82732065537e-09
3.6759242847e-09	-2.92756707765e-09
3.67716447508e-09	-2.90811000281e-09
3.67840466546e-09	-2.73927747152e-09
3.67964485583e-09	-2.40942862884e-09
3.68088504621e-09	-1.93856836139e-09
3.68212523659e-09	-1.37846853376e-09
3.68336542697e-09	-7.96377422341e-10
3.68460561735e-09	-2.5230267181e-10
3.68584580773e-09	2.24590564896e-10
3.68708599811e-09	6.42192687916e-10
3.68832618849e-09	1.03506951621e-09
3.68956637887e-09	1.43977268996e-09
3.69080656925e-09	1.86855156348e-09
3.69204675963e-09	2.29703620014e-09
3.69328695001e-09	2.66901659107e-09
3.69452714039e-09	2.91937024555e-09
3.69576733077e-09	2.99908881063e-09
3.69700752115e-09	2.89438106815e-09
3.69824771153e-09	2.62898733339e-09
3.69948790191e-09	2.25029361811e-09
3.70072809229e-09	1.80908971137e-09
3.70196828267e-09	1.33952915427e-09
3.70320847304e-09	8.52490175673e-10
3.70444866342e-09	3.40952870104e-10
3.7056888538e-09	-2.03463712892e-10
3.70692904418e-09	-7.73026261058e-10
3.70816923456e-09	-1.33462051133e-09
3.70940942494e-09	-1.83241363749e-09
3.71064961532e-09	-2.20580959054e-09
3.7118898057e-09	-2.41093367492e-09
3.71312999608e-09	-2.43912046116e-09
3.71437018646e-09	-2.32179228621e-09
3.71561037684e-09	-2.12034809155e-09
3.71685056722e-09	-1.90574492298e-09
3.7180907576e-09	-1.7336167224e-09
3.71933094798e-09	-1.62752465671e-09
3.72057113836e-09	-1.57183718819e-09
3.72181132874e-09	-1.51976038698e-09
3.72305151912e-09	-1.4109555746e-09
3.7242917095e-09	-1.19286579225e-09
3.72553189987e-09	-8.39952288278e-10
3.72677209025e-09	-3.61497484724e-10
3.72801228063e-09	2.0194636588e-10
3.72925247101e-09	7.95154823929e-10
3.73049266139e-09	1.36763476932e-09
3.73173285177e-09	1.88898507947e-09
3.73297304215e-09	2.35100575119e-09
3.73421323253e-09	2.75504866143e-09
3.73545342291e-09	3.09378014873e-09
3.73669361329e-09	3.3358130147e-09
3.73793380367e-09	3.4265669191e-09
3.73917399405e-09	3.30502514245e-09
3.74041418443e-09	2.93120794304e-09
3.74165437481e-09	2.31027058595e-09
3.74289456519e-09	1.50057700987e-09
3.74413475557e-09	6.00915761595e-10
3.74537494595e-09	-2.79309100154e-10
3.74661513633e-09	-1.0513704074e-09
3.7478553267e-09	-1.66849525862e-09
3.74909551708e-09	-2.12681627865e-09
3.75033570746e-09	-2.44822603856e-09
3.75157589784e-09	-2.65620275774e-09
3.75281608822e-09	-2.75768552438e-09
3.7540562786e-09	-2.74101935593e-09
3.75529646898e-09	-2.58933421926e-09
3.75653665936e-09	-2.30192465089e-09
3.75777684974e-09	-1.90922541665e-09
3.75901704012e-09	-1.47246749516e-09
3.7602572305e-09	-1.06748458684e-09
3.76149742088e-09	-7.58438457871e-10
3.76273761126e-09	-5.74371772366e-10
3.76397780164e-09	-4.97716728942e-10
3.76521799202e-09	-4.70143111941e-10
3.7664581824e-09	-4.12208114864e-10
3.76769837278e-09	-2.50326349926e-10
3.76893856316e-09	5.90222740474e-11
3.77017875353e-09	5.16572985776e-10
3.77141894391e-09	1.08071872285e-09
3.77265913429e-09	1.68180189219e-09
3.77389932467e-09	2.24347387889e-09
3.77513951505e-09	2.70270267277e-09
3.77637970543e-09	3.02088309923e-09
3.77761989581e-09	3.18403220456e-09
3.77886008619e-09	3.19348350541e-09
3.78010027657e-09	3.05282893409e-09
3.78134046695e-09	2.76073458538e-09
3.78258065733e-09	2.31089100633e-09
3.78382084771e-09	1.70078912065e-09
3.78506103809e-09	9.44469016884e-10
3.78630122847e-09	8.28037482331e-11
3.78754141885e-09	-8.15686254652e-10
3.78878160923e-09	-1.66473579366e-09
3.79002179961e-09	-2.37785963142e-09
3.79126198999e-09	-2.88968937667e-09
3.79250218037e-09	-3.17056753074e-09
3.79374237074e-09	-3.23064655583e-09
3.79498256112e-09	-3.11131043151e-09
3.7962227515e-09	-2.86697179885e-09
3.79746294188e-09	-2.54518689458e-09
3.79870313226e-09	-2.17444937056e-09
3.79994332264e-09	-1.76528552887e-09
3.80118351302e-09	-1.32058575186e-09
3.8024237034e-09	-8.51028206239e-10
3.80366389378e-09	-3.83825294464e-10
3.80490408416e-09	4.15431109652e-11
3.80614427454e-09	3.8783804987e-10
3.80738446492e-09	6.38382582907e-10
3.8086246553e-09	8.08487610193e-10
3.80986484568e-09	9.42983274799e-10
3.81110503606e-09	1.09837164364e-09
3.81234522644e-09	1.31978414308e-09
3.81358541682e-09	1.62149171867e-09
3.8148256072e-09	1.97808175395e-09
3.81606579757e-09	2.33234398461e-09
3.81730598795e-09	2.6135039688e-09
3.81854617833e-09	2.75960682083e-09
3.81978636871e-09	2.73514969007e-09
3.82102655909e-09	2.53852661114e-09
3.82226674947e-09	2.19628149001e-09
3.82350693985e-09	1.74810574349e-09
3.82474713023e-09	1.23175948608e-09
3.82598732061e-09	6.71042957312e-10
3.82722751099e-09	7.57137460367e-11
3.82846770137e-09	-5.49547039819e-10
3.82970789175e-09	-1.1928219662e-09
3.83094808213e-09	-1.82598691723e-09
3.83218827251e-09	-2.40450154232e-09
3.83342846289e-09	-2.87529211551e-09
3.83466865327e-09	-3.19143256267e-09
3.83590884365e-09	-3.32280597481e-09
3.83714903403e-09	-3.26290164332e-09
3.8383892244e-09	-3.02848862654e-09
3.83962941478e-09	-2.65254856968e-09
3.84086960516e-09	-2.1760696578e-09
3.84210979554e-09	-1.63949165355e-09
3.84334998592e-09	-1.07719044795e-09
3.8445901763e-09	-5.13188547213e-10
3.84583036668e-09	3.71302905956e-11
3.84707055706e-09	5.63500600348e-10
3.84831074744e-09	1.0558801472e-09
3.84955093782e-09	1.4988970759e-09
3.8507911282e-09	1.87251245065e-09
3.85203131858e-09	2.15624604283e-09
3.85327150896e-09	2.33709865349e-09
3.85451169934e-09	2.41586484151e-09
3.85575188972e-09	2.40921987915e-09
3.8569920801e-09	2.34366609453e-09
3.85823227048e-09	2.24308607799e-09
3.85947246086e-09	2.11851575171e-09
3.86071265123e-09	1.96151694887e-09
3.86195284161e-09	1.74903136418e-09
3.86319303199e-09	1.45649561856e-09
3.86443322237e-09	1.07293356144e-09
3.86567341275e-09	6.10965195103e-10
3.86691360313e-09	1.0562814165e-10
3.86815379351e-09	-3.96628532101e-10
3.86939398389e-09	-8.56493292956e-10
3.87063417427e-09	-1.25472801593e-09
3.87187436465e-09	-1.59612947859e-09
3.87311455503e-09	-1.90209717421e-09
3.87435474541e-09	-2.19355081321e-09
3.87559493579e-09	-2.47548245791e-09
3.87683512617e-09	-2.72790076639e-09
3.87807531655e-09	-2.9095214571e-09
3.87931550693e-09	-2.96955318668e-09
3.88055569731e-09	-2.86558871077e-09
3.88179588769e-09	-2.57811422211e-09
3.88303607807e-09	-2.1160401209e-09
3.88427626844e-09	-1.51516200975e-09
3.88551645882e-09	-8.27175453133e-10
3.8867566492e-09	-1.07265161163e-10
3.88799683958e-09	5.96665397645e-10
3.88923702996e-09	1.24895896403e-09
3.89047722034e-09	1.82601453402e-09
3.89171741072e-09	2.31193605926e-09
3.8929576011e-09	2.69225580718e-09
3.89419779148e-09	2.95235311198e-09
3.89543798186e-09	3.07682415657e-09
3.89667817224e-09	3.05324002192e-09
3.89791836262e-09	2.87819668099e-09
3.899158553e-09	2.56218241068e-09
3.90039874338e-09	2.1322049959e-09
3.90163893376e-09	1.62952708271e-09
3.90287912414e-09	1.10312012302e-09
3.90411931452e-09	5.97865937313e-10
3.9053595049e-09	1.44360974563e-10
3.90659969527e-09	-2.47452787427e-10
3.90783988565e-09	-5.8757169269e-10
3.90908007603e-09	-8.95311658144e-10
3.91032026641e-09	-1.18653145642e-09
3.91156045679e-09	-1.46341044838e-09
3.91280064717e-09	-1.71328726206e-09
3.91404083755e-09	-1.91648932835e-09
3.91528102793e-09	-2.05982808588e-09
3.91652121831e-09	-2.14667308929e-09
3.91776140869e-09	-2.19546894553e-09
3.91900159907e-09	-2.22931029192e-09
3.92024178945e-09	-2.25823831856e-09
3.92148197983e-09	-2.26580540441e-09
3.92272217021e-09	-2.20853790811e-09
3.92396236059e-09	-2.0291660574e-09
3.92520255097e-09	-1.67888680735e-09
3.92644274135e-09	-1.1387642912e-09
3.92768293173e-09	-4.32763894165e-10
3.9289231221e-09	3.76075094677e-10
3.93016331248e-09	1.20085941191e-09
3.93140350286e-09	1.95293300975e-09
3.93264369324e-09	2.56332935433e-09
3.93388388362e-09	2.99400015891e-09
3.935124074e-09	3.23777124556e-09
3.93636426438e-09	3.30835087103e-09
3.93760445476e-09	3.22709103884e-09
3.93884464514e-09	3.0110078042e-09
3.94008483552e-09	2.67002345233e-09
3.9413250259e-09	2.21231663544e-09
3.94256521628e-09	1.65295854782e-09
3.94380540666e-09	1.02282382564e-09
3.94504559704e-09	3.69344575757e-10
3.94628578742e-09	-2.51561386305e-10
3.9475259778e-09	-7.89079836194e-10
3.94876616818e-09	-1.21033476297e-09
3.95000635856e-09	-1.50856492576e-09
3.95124654893e-09	-1.70209993322e-09
3.95248673931e-09	-1.82397699722e-09
3.95372692969e-09	-1.90910429132e-09
3.95496712007e-09	-1.98194835543e-09
3.95620731045e-09	-2.04971400963e-09
3.95744750083e-09	-2.10343131801e-09
3.95868769121e-09	-2.12505363306e-09
3.95992788159e-09	-2.09608597146e-09
3.96116807197e-09	-2.00484684409e-09
3.96240826235e-09	-1.84955542548e-09
3.96364845273e-09	-1.63431951306e-09
3.96488864311e-09	-1.36241573578e-09
3.96612883349e-09	-1.03041104815e-09
3.96736902387e-09	-6.26315235785e-10
3.96860921425e-09	-1.35635412624e-10
3.96984940463e-09	4.46274101007e-10
3.97108959501e-09	1.10193937308e-09
3.97232978539e-09	1.78561451736e-09
3.97356997577e-09	2.42641184922e-09
3.97481016614e-09	2.9435082427e-09
3.97605035652e-09	3.26716093069e-09
3.9772905469e-09	3.35721783706e-09
3.97853073728e-09	3.21336474096e-09
3.97977092766e-09	2.87307114211e-09
3.98101111804e-09	2.39777905864e-09
3.98225130842e-09	1.85325135793e-09
3.9834914988e-09	1.29266811144e-09
3.98473168918e-09	7.4655729515e-10
3.98597187956e-09	2.24531872262e-10
3.98721206994e-09	-2.73891846703e-10
3.98845226032e-09	-7.47030139137e-10
3.9896924507e-09	-1.18307276475e-09
3.99093264108e-09	-1.56074243807e-09
3.99217283146e-09	-1.85744158943e-09
3.99341302184e-09	-2.06119199486e-09
3.99465321222e-09	-2.17704815286e-09
3.9958934026e-09	-2.22622587032e-09
3.99713359297e-09	-2.23689702872e-09
3.99837378335e-09	-2.23008347899e-09
3.99961397373e-09	-2.20903370596e-09
4.00085416411e-09	-2.15626269617e-09
4.00209435449e-09	-2.04032338247e-09
4.00333454487e-09	-1.82817924688e-09
4.00457473525e-09	-1.50004217381e-09
4.00581492563e-09	-1.0579162546e-09
4.00705511601e-09	-5.2522179661e-10
4.00829530639e-09	6.01369848016e-11
4.00953549677e-09	6.57450462127e-10
4.01077568715e-09	1.23156831955e-09
4.01201587753e-09	1.75596726049e-09
4.01325606791e-09	2.21006696277e-09
4.01449625829e-09	2.57497387302e-09
4.01573644867e-09	2.8303648314e-09
4.01697663905e-09	2.95482549539e-09
4.01821682943e-09	2.9311577332e-09
4.0194570198e-09	2.75142544859e-09
4.02069721018e-09	2.42234335368e-09
4.02193740056e-09	1.96778221495e-09
4.02317759094e-09	1.42732586861e-09
4.02441778132e-09	8.52016512898e-10
4.0256579717e-09	2.95836140307e-10
4.02689816208e-09	-1.94320308108e-10
4.02813835246e-09	-5.90385247634e-10
4.02937854284e-09	-8.89460741171e-10
4.03061873322e-09	-1.11342086939e-09
4.0318589236e-09	-1.30008150079e-09
4.03309911398e-09	-1.48714809911e-09
4.03433930436e-09	-1.69776340209e-09
4.03557949474e-09	-1.93101901136e-09
4.03681968512e-09	-2.16366080608e-09
4.0380598755e-09	-2.35923153236e-09
4.03930006588e-09	-2.48150325288e-09
4.04054025626e-09	-2.50475448715e-09
4.04178044663e-09	-2.41610717544e-09
4.04302063701e-09	-2.21366783237e-09
4.04426082739e-09	-1.89922785832e-09
4.04550101777e-09	-1.4745371868e-09
4.04674120815e-09	-9.41705227686e-10
4.04798139853e-09	-3.08761346351e-10
4.04922158891e-09	4.02189850868e-10
4.05046177929e-09	1.14988643607e-09
4.05170196967e-09	1.87366647197e-09
4.05294216005e-09	2.50338000329e-09
4.05418235043e-09	2.97243141212e-09
4.05542254081e-09	3.23341209363e-09
4.05666273119e-09	3.26912241722e-09
4.05790292157e-09	3.09378100916e-09
4.05914311195e-09	2.74715075688e-09
4.06038330233e-09	2.28172253314e-09
4.06162349271e-09	1.75118849977e-09
4.06286368309e-09	1.20131102288e-09
4.06410387347e-09	6.67574120983e-10
4.06534406384e-09	1.76427466386e-10
4.06658425422e-09	-2.53408339451e-10
4.0678244446e-09	-6.08561250004e-10
4.06906463498e-09	-8.83245504513e-10
4.07030482536e-09	-1.08023813505e-09
4.07154501574e-09	-1.21223049654e-09
4.07278520612e-09	-1.30111546537e-09
4.0740253965e-09	-1.37497674357e-09
4.07526558688e-09	-1.46400318257e-09
4.07650577726e-09	-1.59236358821e-09
4.07774596764e-09	-1.77187697847e-09
4.07898615802e-09	-1.99337893414e-09
4.0802263484e-09	-2.22353274681e-09
4.08146653878e-09	-2.40854747258e-09
4.08270672916e-09	-2.48446110906e-09
4.08394691954e-09	-2.39414854608e-09
4.08518710992e-09	-2.10236350551e-09
4.0864273003e-09	-1.60714942743e-09
4.08766749067e-09	-9.38989844212e-10
4.08890768105e-09	-1.53515415657e-10
4.09014787143e-09	6.81392969826e-10
4.09138806181e-09	1.49913012559e-09
4.09262825219e-09	2.24066537546e-09
4.09386844257e-09	2.85778667397e-09
4.09510863295e-09	3.31045485469e-09
4.09634882333e-09	3.56558882419e-09
4.09758901371e-09	3.59754898094e-09
4.09882920409e-09	3.3938543087e-09
4.10006939447e-09	2.96402202782e-09
4.10130958485e-09	2.3446092845e-09
4.10254977523e-09	1.60125042392e-09
4.10378996561e-09	8.18946049863e-10
4.10503015599e-09	8.65120327806e-11
4.10627034637e-09	-5.22481252707e-10
4.10751053675e-09	-9.65572080625e-10
4.10875072713e-09	-1.23770560467e-09
4.1099909175e-09	-1.36786168503e-09
4.11123110788e-09	-1.40434273932e-09
4.11247129826e-09	-1.39961470191e-09
4.11371148864e-09	-1.39557287948e-09
4.11495167902e-09	-1.41624188765e-09
4.1161918694e-09	-1.46961397218e-09
4.11743205978e-09	-1.55269232194e-09
4.11867225016e-09	-1.65889393888e-09
4.11991244054e-09	-1.77948955571e-09
4.12115263092e-09	-1.90198329308e-09
4.1223928213e-09	-2.00386540694e-09
4.12363301168e-09	-2.04942143811e-09
4.12487320206e-09	-1.99337973905e-09
4.12611339244e-09	-1.78927100913e-09
4.12735358282e-09	-1.40498641887e-09
4.1285937732e-09	-8.34726773813e-10
4.12983396358e-09	-1.06307284156e-10
4.13107415396e-09	7.21169207685e-10
4.13231434433e-09	1.5673733561e-09
4.13355453471e-09	2.3451618425e-09
4.13479472509e-09	2.97693325546e-09
4.13603491547e-09	3.40491784767e-09
4.13727510585e-09	3.59907686986e-09
4.13851529623e-09	3.5568653578e-09
4.13975548661e-09	3.29836902235e-09
4.14099567699e-09	2.85874962591e-09
4.14223586737e-09	2.27965790689e-09
4.14347605775e-09	1.60514468384e-09
4.14471624813e-09	8.79696981926e-10
4.14595643851e-09	1.50897509765e-10
4.14719662889e-09	-5.30568824986e-10
4.14843681927e-09	-1.11390037472e-09
4.14967700965e-09	-1.55560457571e-09
4.15091720003e-09	-1.83153722744e-09
4.15215739041e-09	-1.94469915171e-09
4.15339758079e-09	-1.92796437148e-09
4.15463777117e-09	-1.83586590374e-09
4.15587796154e-09	-1.7296305499e-09
4.15711815192e-09	-1.65909566641e-09
4.1583583423e-09	-1.64817051673e-09
4.15959853268e-09	-1.69069247491e-09
4.16083872306e-09	-1.7540751629e-09
4.16207891344e-09	-1.79347764417e-09
4.16331910382e-09	-1.76691195009e-09
4.1645592942e-09	-1.64695604377e-09
4.16579948458e-09	-1.42479668341e-09
4.16703967496e-09	-1.10524961405e-09
4.16827986534e-09	-6.98961444279e-10
4.16952005572e-09	-2.14693835626e-10
4.1707602461e-09	3.39535274896e-10
4.17200043648e-09	9.50305750758e-10
4.17324062686e-09	1.58929765182e-09
4.17448081724e-09	2.20779830529e-09
4.17572100762e-09	2.74202627271e-09
4.176961198e-09	3.12573927852e-09
4.17820138837e-09	3.30840138618e-09
4.17944157875e-09	3.26808335949e-09
4.18068176913e-09	3.01621858045e-09
4.18192195951e-09	2.59141408332e-09
4.18316214989e-09	2.04688010985e-09
4.18440234027e-09	1.43778206008e-09
4.18564253065e-09	8.10451192268e-10
4.18688272103e-09	1.99581046134e-10
4.18812291141e-09	-3.71280558381e-10
4.18936310179e-09	-8.86164086555e-10
4.19060329217e-09	-1.33311847672e-09
4.19184348255e-09	-1.70220221252e-09
4.19308367293e-09	-1.9846957966e-09
4.19432386331e-09	-2.17529066981e-09
4.19556405369e-09	-2.27383073481e-09
4.19680424407e-09	-2.28831942284e-09
4.19804443445e-09	-2.23488974549e-09
4.19928462483e-09	-2.13439974028e-09
4.2005248152e-09	-2.00706840037e-09
4.20176500558e-09	-1.86499357624e-09
4.20300519596e-09	-1.70721908832e-09
4.20424538634e-09	-1.51891944855e-09
4.20548557672e-09	-1.27721680454e-09
4.2067257671e-09	-9.60486593038e-10
4.20796595748e-09	-5.58314838806e-10
4.20920614786e-09	-7.88430423379e-11
4.21044633824e-09	4.51871005891e-10
4.21168652862e-09	9.95245677538e-10
4.212926719e-09	1.50969092783e-09
4.21416690938e-09	1.96001331831e-09
4.21540709976e-09	2.32271943346e-09
4.21664729014e-09	2.58554541666e-09
4.21788748052e-09	2.74254616239e-09
4.2191276709e-09	2.78903036777e-09
4.22036786128e-09	2.71804134755e-09
4.22160805166e-09	2.52299162118e-09
4.22284824204e-09	2.20387430527e-09
4.22408843241e-09	1.77326253681e-09
4.22532862279e-09	1.25964547126e-09
4.22656881317e-09	7.04069483271e-10
4.22780900355e-09	1.51257518663e-10
4.22904919393e-09	-3.61555990008e-10
4.23028938431e-09	-8.12415849871e-10
4.23152957469e-09	-1.19705451107e-09
4.23276976507e-09	-1.52450971291e-09
4.23400995545e-09	-1.80759457402e-09
4.23525014583e-09	-2.05424244282e-09
4.23649033621e-09	-2.26198823561e-09
4.23773052659e-09	-2.41748338015e-09
4.23897071697e-09	-2.50143680769e-09
4.24021090735e-09	-2.49582229883e-09
4.24145109773e-09	-2.38975292333e-09
4.24269128811e-09	-2.18217630077e-09
4.24393147849e-09	-1.8817080949e-09
4.24517166887e-09	-1.5031615952e-09
4.24641185924e-09	-1.06371149389e-09
4.24765204962e-09	-5.80889232549e-10
4.24889224e-09	-7.1393892534e-11
4.25013243038e-09	4.48112318086e-10
4.25137262076e-09	9.59381546428e-10
4.25261281114e-09	1.44202634556e-09
4.25385300152e-09	1.8738744445e-09
4.2550931919e-09	2.2319711912e-09
4.25633338228e-09	2.4947844901e-09
4.25757357266e-09	2.6460184599e-09
4.25881376304e-09	2.67712454982e-09
4.26005395342e-09	2.589589293e-09
4.2612941438e-09	2.39543340719e-09
4.26253433418e-09	2.11395773109e-09
4.26377452456e-09	1.76716624667e-09
4.26501471494e-09	1.37516774357e-09
4.26625490532e-09	9.53325016151e-10
4.2674950957e-09	5.12204764713e-10
4.26873528607e-09	6.07087626697e-11
4.26997547645e-09	-3.90573431236e-10
4.27121566683e-09	-8.27924062641e-10
4.27245585721e-09	-1.23416837861e-09
4.27369604759e-09	-1.59158633495e-09
4.27493623797e-09	-1.88593526906e-09
4.27617642835e-09	-2.10925901745e-09
4.27741661873e-09	-2.2612756112e-09
4.27865680911e-09	-2.34773031571e-09
4.27989699949e-09	-2.37592787111e-09
4.28113718987e-09	-2.34844316216e-09
4.28237738025e-09	-2.25965790523e-09
4.28361757063e-09	-2.09573911003e-09
4.28485776101e-09	-1.83954362853e-09
4.28609795139e-09	-1.48044557169e-09
4.28733814177e-09	-1.021958837e-09
4.28857833215e-09	-4.85714510279e-10
4.28981852253e-09	9.15584708744e-11
4.2910587129e-09	6.66297780838e-10
4.29229890328e-09	1.19867643589e-09
4.29353909366e-09	1.65999552992e-09
4.29477928404e-09	2.03416627986e-09
4.29601947442e-09	2.3160727225e-09
4.2972596648e-09	2.50521894896e-09
4.29849985518e-09	2.60143495634e-09
4.29974004556e-09	2.60326107893e-09
4.30098023594e-09	2.50897591592e-09
4.30222042632e-09	2.31942939855e-09
4.3034606167e-09	2.04022174155e-09
4.30470080708e-09	1.68327279892e-09
4.30594099746e-09	1.26506340126e-09
4.30718118784e-09	8.05732557063e-10
4.30842137822e-09	3.26566294839e-10
4.3096615686e-09	-1.52795685826e-10
4.31090175898e-09	-6.15304140972e-10
4.31214194936e-09	-1.04771234744e-09
4.31338213974e-09	-1.43954495546e-09
4.31462233011e-09	-1.78156686625e-09
4.31586252049e-09	-2.06288613969e-09
4.31710271087e-09	-2.27080487747e-09
4.31834290125e-09	-2.39247299749e-09
4.31958309163e-09	-2.41757569519e-09
4.32082328201e-09	-2.34361460794e-09
4.32206347239e-09	-2.17772463951e-09
4.32330366277e-09	-1.93622340383e-09
4.32454385315e-09	-1.64075952824e-09
4.32578404353e-09	-1.31228478084e-09
4.32702423391e-09	-9.6506992675e-10
4.32826442429e-09	-6.03312302894e-10
4.32950461467e-09	-2.23801800009e-10
4.33074480505e-09	1.79521295399e-10
4.33198499543e-09	6.06769447187e-10
4.33322518581e-09	1.04574826576e-09
4.33446537619e-09	1.47143373874e-09
4.33570556657e-09	1.85042434153e-09
4.33694575694e-09	2.15079862254e-09
4.33818594732e-09	2.35121072611e-09
4.3394261377e-09	2.44688727613e-09
4.34066632808e-09	2.44677669792e-09
4.34190651846e-09	2.36637406892e-09
4.34314670884e-09	2.21851789717e-09
4.34438689922e-09	2.0061697581e-09
4.3456270896e-09	1.72370251406e-09
4.34686727998e-09	1.36248032301e-09
4.34810747036e-09	9.20086354328e-10
4.34934766074e-09	4.0701100823e-10
4.35058785112e-09	-1.5095541657e-10
4.3518280415e-09	-7.17078861567e-10
4.35306823188e-09	-1.25227442305e-09
4.35430842226e-09	-1.72169065116e-09
4.35554861264e-09	-2.1004456785e-09
4.35678880302e-09	-2.37364825018e-09
4.3580289934e-09	-2.53386353566e-09
4.35926918377e-09	-2.57844576246e-09
4.36050937415e-09	-2.5079277266e-09
4.36174956453e-09	-2.32699809422e-09
4.36298975491e-09	-2.04595401732e-09
4.36422994529e-09	-1.68373204268e-09
4.36547013567e-09	-1.26679272627e-09
4.36671032605e-09	-8.26682666766e-10
4.36795051643e-09	-3.95909298401e-10
4.36919070681e-09	-1.36590088198e-12
4.37043089719e-09	3.39977258151e-10
4.37167108757e-09	6.2437223447e-10
4.37291127795e-09	8.60630178234e-10
4.37415146833e-09	1.06681373457e-09
4.37539165871e-09	1.26252013011e-09
4.37663184909e-09	1.46067806461e-09
4.37787203947e-09	1.66262520418e-09
4.37911222985e-09	1.85525197982e-09
4.38035242023e-09	2.01574676395e-09
4.3815926106e-09	2.11848869003e-09
4.38283280098e-09	2.14274961663e-09
4.38407299136e-09	2.07726166823e-09
4.38531318174e-09	1.9204834667e-09
4.38655337212e-09	1.67769401149e-09
4.3877935625e-09	1.35559288794e-09
4.38903375288e-09	9.60907742265e-10
4.39027394326e-09	4.99701162393e-10
4.39151413364e-09	-1.93227738497e-11
4.39275432402e-09	-5.79936265677e-10
4.3939945144e-09	-1.15503026588e-09
4.39523470478e-09	-1.70566319402e-09
4.39647489516e-09	-2.18539031316e-09
4.39771508554e-09	-2.54727433591e-09
4.39895527592e-09	-2.75470898869e-09
4.4001954663e-09	-2.7890198484e-09
4.40143565668e-09	-2.65313873649e-09
4.40267584706e-09	-2.3701923757e-09
4.40391603744e-09	-1.97565680482e-09
4.40515622781e-09	-1.50919182706e-09
4.40639641819e-09	-1.00783800749e-09
4.40763660857e-09	-5.03924742212e-10
4.40887679895e-09	-2.49921598174e-11
4.41011698933e-09	4.04782370816e-10
4.41135717971e-09	7.64631288841e-10
4.41259737009e-09	1.04084027508e-09
4.41383756047e-09	1.22956825277e-09
4.41507775085e-09	1.33979062567e-09
4.41631794123e-09	1.39207513572e-09
4.41755813161e-09	1.41370197493e-09
4.41879832199e-09	1.43134920583e-09
4.42003851237e-09	1.4636421658e-09
4.42127870275e-09	1.51645362934e-09
4.42251889313e-09	1.58040336373e-09
4.42375908351e-09	1.63402733011e-09
4.42499927389e-09	1.64880092912e-09
4.42623946427e-09	1.59637242314e-09
4.42747965464e-09	1.45585384026e-09
4.42871984502e-09	1.21781058848e-09
4.4299600354e-09	8.85395187722e-10
4.43120022578e-09	4.71809528946e-10
4.43244041616e-09	-2.30566130424e-12
4.43368060654e-09	-5.12271544628e-10
4.43492079692e-09	-1.03043946986e-09
4.4361609873e-09	-1.52623612359e-09
4.43740117768e-09	-1.96720753576e-09
4.43864136806e-09	-2.32008537382e-09
4.43988155844e-09	-2.55432591745e-09
4.44112174882e-09	-2.64573876696e-09
4.4423619392e-09	-2.58065979697e-09
4.44360212958e-09	-2.35854782926e-09
4.44484231996e-09	-1.99388916489e-09
4.44608251034e-09	-1.51660381476e-09
4.44732270072e-09	-9.6910894587e-10
4.4485628911e-09	-4.01595409705e-10
4.44980308147e-09	1.3618014702e-10
4.45104327185e-09	6.03333077942e-10
4.45228346223e-09	9.74498481909e-10
4.45352365261e-09	1.24232102383e-09
4.45476384299e-09	1.41489508998e-09
4.45600403337e-09	1.50977624847e-09
4.45724422375e-09	1.54638636618e-09
4.45848441413e-09	1.54153100007e-09
4.45972460451e-09	1.50756196415e-09
4.46096479489e-09	1.45352348213e-09
4.46220498527e-09	1.38724173815e-09
4.46344517565e-09	1.31538799297e-09
4.46468536603e-09	1.24174406868e-09
4.46592555641e-09	1.16377919801e-09
4.46716574679e-09	1.07106001845e-09
4.46840593717e-09	9.46258738033e-10
4.46964612755e-09	7.70057413668e-10
4.47088631793e-09	5.28121109344e-10
4.4721265083e-09	2.16658996299e-10
4.47336669868e-09	-1.5435228963e-10
4.47460688906e-09	-5.62813601279e-10
4.47584707944e-09	-9.78737993429e-10
4.47708726982e-09	-1.37010817969e-09
4.4783274602e-09	-1.70750955042e-09
4.47956765058e-09	-1.96705363109e-09
4.48080784096e-09	-2.13153580897e-09
4.48204803134e-09	-2.18971707433e-09
4.48328822172e-09	-2.13649936631e-09
4.4845284121e-09	-1.97265354052e-09
4.48576860248e-09	-1.70545647049e-09
4.48700879286e-09	-1.34906108507e-09
4.48824898324e-09	-9.24311141515e-10
4.48948917362e-09	-4.57993379332e-10
4.490729364e-09	1.9036153296e-11
4.49196955438e-09	4.73928035705e-10
4.49320974476e-09	8.75976458037e-10
4.49444993514e-09	1.20037697837e-09
4.49569012551e-09	1.4323977976e-09
4.49693031589e-09	1.57019269809e-09
4.49817050627e-09	1.62441018969e-09
4.49941069665e-09	1.61486110595e-09
4.50065088703e-09	1.56397481077e-09
4.50189107741e-09	1.49031385843e-09
4.50313126779e-09	1.40310260632e-09
4.50437145817e-09	1.30102063844e-09
4.50561164855e-09	1.17484756645e-09
4.50685183893e-09	1.01300579036e-09
4.50809202931e-09	8.08429524712e-10
4.50933221969e-09	5.62410465421e-10
4.51057241007e-09	2.85156009916e-10
4.51181260045e-09	-8.20465830692e-12
4.51305279083e-09	-3.0288952596e-10
4.51429298121e-09	-5.88567618254e-10
4.51553317159e-09	-8.59880874837e-10
4.51677336197e-09	-1.11260894942e-09
4.51801355234e-09	-1.33945592118e-09
4.51925374272e-09	-1.52703856504e-09
4.5204939331e-09	-1.6576124362e-09
4.52173412348e-09	-1.71410327598e-09
4.52297431386e-09	-1.686203982e-09
4.52421450424e-09	-1.57447148375e-09
4.52545469462e-09	-1.38979122655e-09
4.526694885e-09	-1.15003083445e-09
4.52793507538e-09	-8.7401251514e-10
4.52917526576e-09	-5.77601452778e-10
4.53041545614e-09	-2.71756471493e-10
4.53165564652e-09	3.67333433636e-11
4.5328958369e-09	3.42123749469e-10
4.53413602728e-09	6.37222746791e-10
4.53537621766e-09	9.11300479522e-10
4.53661640804e-09	1.1509736636e-09
4.53785659842e-09	1.3421348477e-09
4.5390967888e-09	1.47381833127e-09
4.54033697917e-09	1.54134933983e-09
4.54157716955e-09	1.5472576137e-09
4.54281735993e-09	1.50029311197e-09
4.54405755031e-09	1.41091548167e-09
4.54529774069e-09	1.28716706738e-09
4.54653793107e-09	1.13114502487e-09
4.54777812145e-09	9.39017558155e-10
4.54901831183e-09	7.04125452389e-10
4.55025850221e-09	4.22001218692e-10
4.55149869259e-09	9.59440643253e-11
4.55273888297e-09	-2.60616153658e-10
4.55397907335e-09	-6.24053968223e-10
4.55521926373e-09	-9.64732974063e-10
4.55645945411e-09	-1.25270277485e-09
4.55769964449e-09	-1.46372386434e-09
4.55893983487e-09	-1.58422724938e-09
4.56018002525e-09	-1.61271079824e-09
4.56142021563e-09	-1.55851610784e-09
4.562660406e-09	-1.43721358425e-09
4.56390059638e-09	-1.26601590322e-09
4.56514078676e-09	-1.05994465982e-09
4.56638097714e-09	-8.30154264775e-10
4.56762116752e-09	-5.85488393878e-10
4.5688613579e-09	-3.34511685712e-10
4.57010154828e-09	-8.78162681461e-11
4.57134173866e-09	1.42544399895e-10
4.57258192904e-09	3.4550412184e-10
4.57382211942e-09	5.14966215504e-10
4.5750623098e-09	6.5268673799e-10
4.57630250018e-09	7.67483215869e-10
4.57754269056e-09	8.7191465159e-10
4.57878288094e-09	9.75587083341e-10
4.58002307132e-09	1.08015241196e-09
4.5812632617e-09	1.17726274562e-09
4.58250345208e-09	1.2508122732e-09
4.58374364246e-09	1.28281792133e-09
4.58498383284e-09	1.25938523499e-09
4.58622402321e-09	1.17490760176e-09
4.58746421359e-09	1.03135866514e-09
4.58870440397e-09	8.35624333617e-10
4.58994459435e-09	5.95171467666e-10
4.59118478473e-09	3.1547418497e-10
4.59242497511e-09	1.10421871299e-12
4.59366516549e-09	-3.41040709562e-10
4.59490535587e-09	-6.97141538941e-10
4.59614554625e-09	-1.0444055204e-09
4.59738573663e-09	-1.3522251513e-09
4.59862592701e-09	-1.5877181514e-09
4.59986611739e-09	-1.72293376788e-09
4.60110630777e-09	-1.74106545847e-09
4.60234649815e-09	-1.64075303344e-09
4.60358668853e-09	-1.4357253858e-09
4.60482687891e-09	-1.15153227231e-09
4.60606706929e-09	-8.20153389647e-10
4.60730725967e-09	-4.743210269e-10
4.60854745004e-09	-1.42769124648e-10
4.60978764042e-09	1.52810337301e-10
4.6110278308e-09	3.98621236714e-10
4.61226802118e-09	5.88983334326e-10
4.61350821156e-09	7.24733120738e-10
4.61474840194e-09	8.11532202549e-10
4.61598859232e-09	8.58515855628e-10
4.6172287827e-09	8.76203498645e-10
4.61846897308e-09	8.74976258114e-10
4.61970916346e-09	8.63740773349e-10
4.62094935384e-09	8.49576797801e-10
4.62218954422e-09	8.37042241075e-10
4.6234297346e-09	8.27837187689e-10
4.62466992498e-09	8.19761231119e-10
4.62591011536e-09	8.05103976542e-10
4.62715030574e-09	7.71117510123e-10
4.62839049612e-09	7.01952510007e-10
4.6296306865e-09	5.83071972649e-10
4.63087087687e-09	4.06336717745e-10
4.63211106725e-09	1.73773462633e-10
4.63335125763e-09	-1.02305990068e-10
4.63459144801e-09	-4.02529617277e-10
4.63583163839e-09	-7.04755337422e-10
4.63707182877e-09	-9.88338313967e-10
4.63831201915e-09	-1.23510250638e-09
4.63955220953e-09	-1.42813785797e-09
4.64079239991e-09	-1.5506694262e-09
4.64203259029e-09	-1.58672153194e-09
4.64327278067e-09	-1.52405216225e-09
4.64451297105e-09	-1.35865706186e-09
4.64575316143e-09	-1.09879864929e-09
4.64699335181e-09	-7.65475266506e-10
4.64823354219e-09	-3.89731191763e-10
4.64947373257e-09	-7.35521149195e-12
4.65071392295e-09	3.47743337598e-10
4.65195411333e-09	6.48585254948e-10
4.6531943037e-09	8.77959469014e-10
4.65443449408e-09	1.02956154713e-09
4.65567468446e-09	1.10695451416e-09
4.65691487484e-09	1.1207631212e-09
4.65815506522e-09	1.08554527867e-09
4.6593952556e-09	1.01675302899e-09
4.66063544598e-09	9.27838139653e-10
4.66187563636e-09	8.29001436942e-10
4.66311582674e-09	7.26882720681e-10
4.66435601712e-09	6.24520234138e-10
4.6655962075e-09	5.22126057667e-10
4.66683639788e-09	4.18060211449e-10
4.66807658826e-09	3.09594738734e-10
4.66931677864e-09	1.93901318613e-10
4.67055696902e-09	6.90194880415e-11
4.6717971594e-09	-6.62605552024e-11
4.67303734978e-09	-2.12797283267e-10
4.67427754016e-09	-3.70892216245e-10
4.67551773054e-09	-5.39599698257e-10
4.67675792091e-09	-7.15061856948e-10
4.67799811129e-09	-8.88252971176e-10
4.67923830167e-09	-1.04453001804e-09
4.68047849205e-09	-1.16551733542e-09
4.68171868243e-09	-1.23271481911e-09
4.68295887281e-09	-1.23218814319e-09
4.68419906319e-09	-1.15802066547e-09
4.68543925357e-09	-1.01307109923e-09
4.68667944395e-09	-8.07051286911e-10
4.68791963433e-09	-5.54033680045e-10
4.68915982471e-09	-2.69494163097e-10
4.69040001509e-09	3.0868080661e-11
4.69164020547e-09	3.30520246589e-10
4.69288039585e-09	6.12032417802e-10
4.69412058623e-09	8.57517681863e-10
4.69536077661e-09	1.05047293086e-09
4.69660096699e-09	1.17843963754e-09
4.69784115737e-09	1.23615330472e-09
4.69908134774e-09	1.2264708138e-09
4.70032153812e-09	1.15942355716e-09
4.7015617285e-09	1.04977394833e-09
4.70280191888e-09	9.12401432185e-10
4.70404210926e-09	7.59072089906e-10
4.70528229964e-09	5.96321429736e-10
4.70652249002e-09	4.25553488281e-10
4.7077626804e-09	2.45081212269e-10
4.70900287078e-09	5.3770291171e-11
4.71024306116e-09	-1.45870206539e-10
4.71148325154e-09	-3.46750295144e-10
4.71272344192e-09	-5.3729461158e-10
4.7139636323e-09	-7.04492963965e-10
4.71520382268e-09	-8.37355823569e-10
4.71644401306e-09	-9.29423024654e-10
4.71768420344e-09	-9.79993294847e-10
4.71892439382e-09	-9.93059121046e-10
4.7201645842e-09	-9.74961791855e-10
4.72140477457e-09	-9.31160787365e-10
4.72264496495e-09	-8.64904550757e-10
4.72388515533e-09	-7.76406529346e-10
4.72512534571e-09	-6.63734046891e-10
4.72636553609e-09	-5.25312869593e-10
4.72760572647e-09	-3.61354737799e-10
4.72884591685e-09	-1.75470573835e-10
4.73008610723e-09	2.50207181363e-11
4.73132629761e-09	2.29721158762e-10
4.73256648799e-09	4.27407859105e-10
4.73380667837e-09	6.08051810291e-10
4.73504686875e-09	7.642370764e-10
4.73628705913e-09	8.92518892126e-10
4.73752724951e-09	9.91627571723e-10
4.73876743989e-09	1.06069526773e-09
4.74000763027e-09	1.09712847141e-09
4.74124782065e-09	1.09573666807e-09
4.74248801103e-09	1.05018468921e-09
4.7437282014e-09	9.56033946453e-10
4.74496839178e-09	8.14055323151e-10
4.74620858216e-09	6.30573100679e-10
4.74744877254e-09	4.16744701248e-10
4.74868896292e-09	1.84775824849e-10
4.7499291533e-09	-5.57374207552e-11
4.75116934368e-09	-2.98453435577e-10
4.75240953406e-09	-5.38911699988e-10
4.75364972444e-09	-7.70703362241e-10
4.75488991482e-09	-9.8254457348e-10
4.7561301052e-09	-1.15720702465e-09
4.75737029558e-09	-1.27488933299e-09
4.75861048596e-09	-1.31845191709e-09
4.75985067634e-09	-1.27862938293e-09
4.76109086672e-09	-1.1584121995e-09
4.7623310571e-09	-9.72443514602e-10
4.76357124748e-09	-7.4370588854e-10
4.76481143786e-09	-4.97879182326e-10
4.76605162824e-09	-2.57596693976e-10
4.76729181861e-09	-3.81082552667e-11
4.76853200899e-09	1.53993668511e-10
4.76977219937e-09	3.18358582552e-10
4.77101238975e-09	4.58250340452e-10
4.77225258013e-09	5.76478878522e-10
4.77349277051e-09	6.73849920307e-10
4.77473296089e-09	7.50067147282e-10
4.77597315127e-09	8.04979576052e-10
4.77721334165e-09	8.40186378803e-10
4.77845353203e-09	8.58714516161e-10
4.77969372241e-09	8.6403216526e-10
4.78093391279e-09	8.57348095296e-10
4.78217410317e-09	8.37004243692e-10
4.78341429355e-09	7.98717515738e-10
4.78465448393e-09	7.36074604046e-10
4.78589467431e-09	6.42828255903e-10
4.78713486469e-09	5.13756093223e-10
4.78837505507e-09	3.46247946981e-10
4.78961524544e-09	1.41389667335e-10
4.79085543582e-09	-9.44762315255e-11
4.7920956262e-09	-3.49633468011e-10
4.79333581658e-09	-6.08463716911e-10
4.79457600696e-09	-8.53066797757e-10
4.79581619734e-09	-1.06686098844e-09
4.79705638772e-09	-1.23579084466e-09
4.7982965781e-09	-1.34876738944e-09
4.79953676848e-09	-1.39702110991e-09
4.80077695886e-09	-1.37336683692e-09
4.80201714924e-09	-1.27275978645e-09
4.80325733962e-09	-1.09412676141e-09
4.80449753e-09	-8.44112182929e-10
4.80573772038e-09	-5.38360599156e-10
4.80697791076e-09	-2.01592742499e-10
4.80821810114e-09	1.35552992442e-10
4.80945829152e-09	4.42706968307e-10
4.8106984819e-09	6.95567145548e-10
4.81193867227e-09	8.807217039e-10
4.81317886265e-09	9.96542057208e-10
4.81441905303e-09	1.05131872652e-09
4.81565924341e-09	1.05816987117e-09
4.81689943379e-09	1.03051145395e-09
4.81813962417e-09	9.79046677063e-10
4.81937981455e-09	9.10016201283e-10
4.82062000493e-09	8.26874999027e-10
4.82186019531e-09	7.31798052711e-10
4.82310038569e-09	6.2720143662e-10
4.82434057607e-09	5.15848801175e-10
4.82558076645e-09	3.99949750401e-10
4.82682095683e-09	2.79962605182e-10
4.82806114721e-09	1.53578828474e-10
4.82930133759e-09	1.71628143555e-11
4.83054152797e-09	-1.33117114554e-10
4.83178171835e-09	-2.98716561903e-10
4.83302190873e-09	-4.76965369978e-10
4.8342620991e-09	-6.60759905124e-10
4.83550228948e-09	-8.39202166092e-10
4.83674247986e-09	-9.99529167767e-10
4.83798267024e-09	-1.12864033397e-09
4.83922286062e-09	-1.21531026909e-09
4.840463051e-09	-1.25062055156e-09
4.84170324138e-09	-1.22849903861e-09
4.84294343176e-09	-1.14606527046e-09
4.84418362214e-09	-1.00322916641e-09
4.84542381252e-09	-8.03249460002e-10
4.8466640029e-09	-5.5291015516e-10
4.84790419328e-09	-2.63051355004e-10
4.84914438366e-09	5.1755297964e-11
4.85038457404e-09	3.7351650245e-10
4.85162476442e-09	6.82006354169e-10
4.8528649548e-09	9.56544732311e-10
4.85410514518e-09	1.17739176742e-09
4.85534533556e-09	1.32868747948e-09
4.85658552594e-09	1.4009491206e-09
4.85782571631e-09	1.39297627599e-09
4.85906590669e-09	1.31226104982e-09
4.86030609707e-09	1.17325152371e-09
4.86154628745e-09	9.93841078878e-10
4.86278647783e-09	7.90902947301e-10
4.86402666821e-09	5.77538232516e-10
4.86526685859e-09	3.61774360469e-10
4.86650704897e-09	1.48023432053e-10
4.86774723935e-09	-6.02148574058e-11
4.86898742973e-09	-2.58489441657e-10
4.87022762011e-09	-4.40536385149e-10
4.87146781049e-09	-5.99412512681e-10
4.87270800087e-09	-7.29394933341e-10
4.87394819125e-09	-8.28153351451e-10
4.87518838163e-09	-8.97209265216e-10
4.87642857201e-09	-9.41089206563e-10
4.87766876239e-09	-9.65486662841e-10
4.87890895277e-09	-9.74406180743e-10
4.88014914314e-09	-9.68567559489e-10
4.88138933352e-09	-9.44928080227e-10
4.8826295239e-09	-8.9794227609e-10
4.88386971428e-09	-8.21731835354e-10
4.88510990466e-09	-7.1251519268e-10
4.88635009504e-09	-5.69795093053e-10
4.88759028542e-09	-3.95802900871e-10
4.8888304758e-09	-1.94410945675e-10
4.89007066618e-09	3.05190395525e-11
4.89131085656e-09	2.74999609889e-10
4.89255104694e-09	5.33183663887e-10
4.89379123732e-09	7.95225711669e-10
4.8950314277e-09	1.04618323726e-09
4.89627161808e-09	1.26662803857e-09
4.89751180846e-09	1.43532975783e-09
4.89875199884e-09	1.53322750329e-09
4.89999218922e-09	1.54651440265e-09
4.9012323796e-09	1.46889440888e-09
4.90247256997e-09	1.3025215212e-09
4.90371276035e-09	1.0577629328e-09
4.90495295073e-09	7.52382753322e-10
4.90619314111e-09	4.09909616667e-10
4.90743333149e-09	5.66621376555e-11
4.90867352187e-09	-2.82096054849e-10
4.90991371225e-09	-5.85348609861e-10
4.91115390263e-09	-8.38594554908e-10
4.91239409301e-09	-1.03409915353e-09
4.91363428339e-09	-1.16906140324e-09
4.91487447377e-09	-1.24336956009e-09
4.91611466415e-09	-1.25833629627e-09
4.91735485453e-09	-1.21700162448e-09
4.91859504491e-09	-1.12567512256e-09
4.91983523529e-09	-9.95645468849e-10
4.92107542567e-09	-8.42723460459e-10
4.92231561605e-09	-6.8450620172e-10
4.92355580643e-09	-5.3638724018e-10
4.9247959968e-09	-4.07083863146e-10
4.92603618718e-09	-2.96504282932e-10
4.92727637756e-09	-1.96595323354e-10
4.92851656794e-09	-9.49258492991e-11
4.92975675832e-09	2.08485585566e-11
4.9309969487e-09	1.58757177543e-10
4.93223713908e-09	3.20594346209e-10
4.93347732946e-09	5.02728587926e-10
4.93471751984e-09	6.97583740772e-10
4.93595771022e-09	8.9572829709e-10
4.9371979006e-09	1.08648152974e-09
4.93843809098e-09	1.25726094813e-09
4.93967828136e-09	1.39233656549e-09
4.94091847174e-09	1.47285088292e-09
4.94215866212e-09	1.47895228009e-09
4.9433988525e-09	1.39370702479e-09
4.94463904288e-09	1.20872374609e-09
4.94587923326e-09	9.27735888112e-10
4.94711942364e-09	5.67841232368e-10
4.94835961401e-09	1.57448561133e-10
4.94959980439e-09	-2.68387822383e-10
4.95083999477e-09	-6.73720947086e-10
4.95208018515e-09	-1.0269396028e-09
4.95332037553e-09	-1.30383472075e-09
4.95456056591e-09	-1.48959322654e-09
4.95580075629e-09	-1.57858398575e-09
4.95704094667e-09	-1.57358355513e-09
4.95828113705e-09	-1.48463662197e-09
4.95952132743e-09	-1.32713978696e-09
4.96076151781e-09	-1.11999436114e-09
4.96200170819e-09	-8.83313769351e-10
4.96324189857e-09	-6.36614289062e-10
4.96448208895e-09	-3.9690224371e-10
4.96572227933e-09	-1.77962236961e-10
4.96696246971e-09	1.02971121213e-11
4.96820266009e-09	1.63204630366e-10
4.96944285047e-09	2.81892318515e-10
4.97068304084e-09	3.73949062688e-10
4.97192323122e-09	4.52228553216e-10
4.9731634216e-09	5.31822474947e-10
4.97440361198e-09	6.25564662571e-10
4.97564380236e-09	7.39728153731e-10
4.97688399274e-09	8.71739916364e-10
4.97812418312e-09	1.01004496433e-09
4.9793643735e-09	1.137539965e-09
4.98060456388e-09	1.23525048523e-09
4.98184475426e-09	1.28591899629e-09
4.98308494464e-09	1.27623561719e-09
4.98432513502e-09	1.19724244407e-09
4.9855653254e-09	1.04450109673e-09
4.98680551578e-09	8.17979066425e-10
4.98804570616e-09	5.23350196513e-10
4.98928589654e-09	1.72837579318e-10
4.99052608692e-09	-2.13683144096e-10
4.9917662773e-09	-6.09078253111e-10
4.99300646767e-09	-9.81706049785e-10
4.99424665805e-09	-1.29920585401e-09
4.99548684843e-09	-1.53393547864e-09
4.99672703881e-09	-1.66744282271e-09
4.99796722919e-09	-1.69364655633e-09
4.99920741957e-09	-1.61888624728e-09
5.00044760995e-09	-1.45953392428e-09
5.00168780033e-09	-1.23793289508e-09
5.00292799071e-09	-9.7725735837e-10
5.00416818109e-09	-6.98567460822e-10
5.00540837147e-09	-4.19032232524e-10
5.00664856185e-09	-1.52170533119e-10
5.00788875223e-09	9.15243939664e-11
5.00912894261e-09	3.04527687789e-10
5.01036913299e-09	4.82758659437e-10
5.01160932337e-09	6.26663068659e-10
5.01284951375e-09	7.40726653625e-10
5.01408970413e-09	8.32518484706e-10
5.01532989451e-09	9.09975358954e-10
5.01657008488e-09	9.78709294164e-10
5.01781027526e-09	1.04079930785e-09
5.01905046564e-09	1.09400055681e-09
5.02029065602e-09	1.13242915045e-09
5.0215308464e-09	1.1471480571e-09
5.02277103678e-09	1.12759709903e-09
5.02401122716e-09	1.0629250119e-09
5.02525141754e-09	9.44166342332e-10
5.02649160792e-09	7.67039029514e-10
5.0277317983e-09	5.3352585544e-10
5.02897198868e-09	2.53186849958e-10
5.03021217906e-09	-5.81302419395e-11
5.03145236944e-09	-3.80489542651e-10
5.03269255982e-09	-6.92817858639e-10
5.0339327502e-09	-9.7552316225e-10
5.03517294058e-09	-1.21200710579e-09
5.03641313096e-09	-1.38977396258e-09
5.03765332134e-09	-1.499967206e-09
5.03889351171e-09	-1.53769313949e-09
5.04013370209e-09	-1.50180395897e-09
5.04137389247e-09	-1.39521316722e-09
5.04261408285e-09	-1.22561874538e-09
5.04385427323e-09	-1.00548488979e-09
5.04509446361e-09	-7.51379979069e-10
5.04633465399e-09	-4.81495961158e-10
5.04757484437e-09	-2.12891058948e-10
5.04881503475e-09	4.18000976714e-11
5.05005522513e-09	2.759014614e-10
5.05129541551e-09	4.87958097539e-10
5.05253560589e-09	6.79649753144e-10
5.05377579627e-09	8.52282189268e-10
5.05501598665e-09	1.00458946717e-09
5.05625617703e-09	1.13209733255e-09
5.05749636741e-09	1.22854068585e-09
5.05873655779e-09	1.28777291608e-09
5.05997674817e-09	1.30527035014e-09
5.06121693854e-09	1.27887023194e-09
5.06245712892e-09	1.20787330138e-09
5.0636973193e-09	1.09253808778e-09
5.06493750968e-09	9.33619445642e-10
5.06617770006e-09	7.32796955061e-10
5.06741789044e-09	4.94022406317e-10
5.06865808082e-09	2.24536125804e-10
5.0698982712e-09	-6.45711756633e-11
5.07113846158e-09	-3.59058487803e-10
5.07237865196e-09	-6.42404601736e-10
5.07361884234e-09	-8.97664914623e-10
5.07485903272e-09	-1.10929507247e-09
5.0760992231e-09	-1.264756605e-09
5.07733941348e-09	-1.35638184018e-09
5.07857960386e-09	-1.38240392744e-09
5.07981979424e-09	-1.34742828006e-09
5.08105998462e-09	-1.26128953115e-09
5.082300175e-09	-1.13676733304e-09
5.08354036537e-09	-9.86257797653e-10
5.08478055575e-09	-8.18791159873e-10
5.08602074613e-09	-6.3893586949e-10
5.08726093651e-09	-4.47296033546e-10
5.08850112689e-09	-2.43190231841e-10
5.08974131727e-09	-2.73833915612e-11
5.09098150765e-09	1.96239469119e-10
5.09222169803e-09	4.20787384103e-10
5.09346188841e-09	6.37905464562e-10
5.09470207879e-09	8.3981037402e-10
5.09594226917e-09	1.02061063767e-09
5.09718245955e-09	1.17565372715e-09
5.09842264993e-09	1.30000779586e-09
5.09966284031e-09	1.38669463412e-09
5.10090303069e-09	1.42603945319e-09
5.10214322107e-09	1.40717666686e-09
5.10338341145e-09	1.32103776529e-09
5.10462360183e-09	1.16380137472e-09
5.10586379221e-09	9.3945985713e-10
5.10710398258e-09	6.60338027314e-10
5.10834417296e-09	3.45062638185e-10
5.10958436334e-09	1.50275937527e-11
5.11082455372e-09	-3.09157841688e-10
5.1120647441e-09	-6.10356758191e-10
5.11330493448e-09	-8.75676905987e-10
5.11454512486e-09	-1.09552725225e-09
5.11578531524e-09	-1.26210226992e-09
5.11702550562e-09	-1.36847339016e-09
5.118265696e-09	-1.40915665248e-09
5.11950588638e-09	-1.38218719803e-09
5.12074607676e-09	-1.29148593209e-09
5.12198626714e-09	-1.14782726379e-09
5.12322645752e-09	-9.67724164691e-10
5.1244666479e-09	-7.70280346452e-10
5.12570683828e-09	-5.72824510048e-10
5.12694702866e-09	-3.87191997214e-10
5.12818721904e-09	-2.17920615581e-10
5.12942740941e-09	-6.23977865905e-11
5.13066759979e-09	8.69929597108e-11
5.13190779017e-09	2.39400718e-10
5.13314798055e-09	4.02057751675e-10
5.13438817093e-09	5.77390697754e-10
5.13562836131e-09	7.61394031157e-10
5.13686855169e-09	9.43930947295e-10
5.13810874207e-09	1.11097019084e-09
5.13934893245e-09	1.247377035e-09
5.14058912283e-09	1.33982168415e-09
5.14182931321e-09	1.37849641424e-09
5.14306950359e-09	1.35711099303e-09
5.14430969397e-09	1.27241479853e-09
5.14554988435e-09	1.12362882887e-09
5.14679007473e-09	9.1266688651e-10
5.14803026511e-09	6.45103317987e-10
5.14927045549e-09	3.31823544336e-10
5.15051064587e-09	-1.02916301783e-11
5.15175083624e-09	-3.59274634348e-10
5.15299102662e-09	-6.90303300632e-10
5.154231217e-09	-9.79649805721e-10
5.15547140738e-09	-1.20826397498e-09
5.15671159776e-09	-1.36452957267e-09
5.15795178814e-09	-1.44493610132e-09
5.15919197852e-09	-1.45303158394e-09
5.1604321689e-09	-1.39679200151e-09
5.16167235928e-09	-1.28564897617e-09
5.16291254966e-09	-1.12906144156e-09
5.16415274004e-09	-9.36003094476e-10
5.16539293042e-09	-7.16095328868e-10
5.1666331208e-09	-4.81054911183e-10
5.16787331118e-09	-2.44956718104e-10
5.16911350156e-09	-2.26412345903e-11
5.17035369194e-09	1.73589533373e-10
5.17159388232e-09	3.37355785668e-10
5.1728340727e-09	4.70524001706e-10
5.17407426307e-09	5.82062731347e-10
5.17531445345e-09	6.84329537481e-10
5.17655464383e-09	7.88005077856e-10
5.17779483421e-09	8.97085516982e-10
5.17903502459e-09	1.00689434568e-09
5.18027521497e-09	1.10512544949e-09
5.18151540535e-09	1.17565156221e-09
5.18275559573e-09	1.2029967994e-09
5.18399578611e-09	1.17628366769e-09
5.18523597649e-09	1.09108976021e-09
5.18647616687e-09	9.48697731484e-10
5.18771635725e-09	7.54941359427e-10
5.18895654763e-09	5.18222693924e-10
5.19019673801e-09	2.48710059492e-10
5.19143692839e-09	-4.17582322887e-11
5.19267711877e-09	-3.39430678009e-10
5.19391730915e-09	-6.28719923346e-10
5.19515749953e-09	-8.93263130131e-10
5.19639768991e-09	-1.11697549821e-09
5.19763788028e-09	-1.28618858619e-09
5.19887807066e-09	-1.39087293072e-09
5.20011826104e-09	-1.42576832285e-09
5.20135845142e-09	-1.39111284991e-09
5.2025986418e-09	-1.29221361389e-09
5.20383883218e-09	-1.13863130036e-09
5.20507902256e-09	-9.42359718037e-10
5.20631921294e-09	-7.164474361e-10
5.20755940332e-09	-4.73173694671e-10
5.2087995937e-09	-2.23537167943e-10
5.21003978408e-09	2.25212849671e-11
5.21127997446e-09	2.56041660096e-10
5.21252016484e-09	4.68365422834e-10
5.21376035522e-09	6.51707930677e-10
5.2150005456e-09	7.99996770218e-10
5.21624073598e-09	9.10245989694e-10
5.21748092636e-09	9.83224848761e-10
5.21872111674e-09	1.02332685381e-09
5.21996130711e-09	1.03745199931e-09
5.22120149749e-09	1.03208552815e-09
5.22244168787e-09	1.01098195093e-09
5.22368187825e-09	9.73053485009e-10
5.22492206863e-09	9.12371372896e-10
5.22616225901e-09	8.20415554936e-10
5.22740244939e-09	6.89695849043e-10
5.22864263977e-09	5.17907841613e-10
5.22988283015e-09	3.09871333454e-10
5.23112302053e-09	7.74628451661e-11
5.23236321091e-09	-1.6382381389e-10
5.23360340129e-09	-3.98836769167e-10
5.23484359167e-09	-6.15713410812e-10
5.23608378205e-09	-8.07099706512e-10
5.23732397243e-09	-9.68506136401e-10
5.23856416281e-09	-1.0963321917e-09
5.23980435319e-09	-1.18591679532e-09
5.24104454357e-09	-1.23186516543e-09
5.24228473394e-09	-1.22918666912e-09
5.24352492432e-09	-1.17498137608e-09
5.2447651147e-09	-1.06989682391e-09
5.24600530508e-09	-9.17774051201e-10
5.24724549546e-09	-7.25433782489e-10
5.24848568584e-09	-5.01620960047e-10
5.24972587622e-09	-2.56603013143e-10
5.2509660666e-09	-1.73150513025e-12
5.25220625698e-09	2.51007055418e-10
5.25344644736e-09	4.8952936843e-10
5.25468663774e-09	7.02873211023e-10
5.25592682812e-09	8.81560435761e-10
5.2571670185e-09	1.01849025047e-09
5.25840720888e-09	1.10906445139e-09
5.25964739926e-09	1.15114859311e-09
5.26088758964e-09	1.14528925232e-09
5.26212778002e-09	1.0945281903e-09
5.2633679704e-09	1.00450708862e-09
5.26460816077e-09	8.82519834988e-10
5.26584835115e-09	7.36733958562e-10
5.26708854153e-09	5.74774047801e-10
5.26832873191e-09	4.02702898805e-10
5.26956892229e-09	2.24827718942e-10
5.27080911267e-09	4.36347407859e-11
5.27204930305e-09	-1.38943712438e-10
5.27328949343e-09	-3.20392629094e-10
5.27452968381e-09	-4.96118396365e-10
5.27576987419e-09	-6.58997675873e-10
5.27701006457e-09	-8.00101943033e-10
5.27825025495e-09	-9.10309772006e-10
5.27949044533e-09	-9.83213177541e-10
5.28073063571e-09	-1.01669028751e-09
5.28197082609e-09	-1.0135380174e-09
5.28321101647e-09	-9.79560987879e-10
5.28445120685e-09	-9.20477277733e-10
5.28569139723e-09	-8.39177255463e-10
5.28693158761e-09	-7.34458160956e-10
5.28817177798e-09	-6.0261504814e-10
5.28941196836e-09	-4.40045090644e-10
5.29065215874e-09	-2.46773476653e-10
5.29189234912e-09	-2.81508518753e-11
5.2931325395e-09	2.05197959319e-10
5.29437272988e-09	4.38932772073e-10
5.29561292026e-09	6.57853223285e-10
5.29685311064e-09	8.48031755929e-10
5.29809330102e-09	9.98586449641e-10
5.2993334914e-09	1.10193879022e-09
5.30057368178e-09	1.15376666554e-09
5.30181387216e-09	1.15257701994e-09
5.30305406254e-09	1.09934247816e-09
5.30429425292e-09	9.97693580529e-10
5.3055344433e-09	8.53670162337e-10
5.30677463368e-09	6.75899308744e-10
5.30801482406e-09	4.74915370918e-10
5.30925501444e-09	2.62223229242e-10
5.31049520481e-09	4.91266220412e-11
5.31173539519e-09	-1.5450219229e-10
5.31297558557e-09	-3.40751850347e-10
5.31421577595e-09	-5.04318288519e-10
5.31545596633e-09	-6.42129897865e-10
5.31669615671e-09	-7.52900936041e-10
5.31793634709e-09	-8.36188479569e-10
5.31917653747e-09	-8.91557050409e-10
5.32041672785e-09	-9.18329925992e-10
5.32165691823e-09	-9.1546516201e-10
5.32289710861e-09	-8.82396378188e-10
5.32413729899e-09	-8.19657480777e-10
5.32537748937e-09	-7.29774594921e-10
5.32661767975e-09	-6.17410629566e-10
5.32785787013e-09	-4.88617708794e-10
5.32909806051e-09	-3.49718719261e-10
5.33033825089e-09	-2.05513099594e-10
5.33157844127e-09	-5.83052000777e-11
5.33281863164e-09	9.240564737e-11
5.33405882202e-09	2.48486464044e-10
5.3352990124e-09	4.10644053483e-10
5.33653920278e-09	5.75700973005e-10
5.33777939316e-09	7.34879490594e-10
5.33901958354e-09	8.74654002003e-10
5.34025977392e-09	9.79504047316e-10
5.3414999643e-09	1.03632000203e-09
5.34274015468e-09	1.03797327677e-09
5.34398034506e-09	9.84812800753e-10
5.34522053544e-09	8.83661407935e-10
5.34646072582e-09	7.44696686261e-10
5.3477009162e-09	5.78255228423e-10
5.34894110658e-09	3.92746710154e-10
5.35018129696e-09	1.94860254668e-10
5.35142148734e-09	-8.96346376029e-12
5.35266167772e-09	-2.10949088059e-10
5.3539018681e-09	-4.01558456625e-10
5.35514205847e-09	-5.70715703863e-10
5.35638224885e-09	-7.09666818366e-10
5.35762243923e-09	-8.12881137402e-10
5.35886262961e-09	-8.78622563594e-10
5.36010281999e-09	-9.08223038443e-10
5.36134301037e-09	-9.04548422276e-10
5.36258320075e-09	-8.70489763605e-10
5.36382339113e-09	-8.08310009204e-10
5.36506358151e-09	-7.19706710894e-10
5.36630377189e-09	-6.06616354371e-10
5.36754396227e-09	-4.72025647735e-10
5.36878415265e-09	-3.20575004042e-10
5.37002434303e-09	-1.58738982028e-10
5.37126453341e-09	5.76893339956e-12
5.37250472379e-09	1.64949906165e-10
5.37374491417e-09	3.1181288801e-10
5.37498510455e-09	4.41315116395e-10
5.37622529493e-09	5.50937406807e-10
5.37746548531e-09	6.40395514395e-10
5.37870567568e-09	7.10622054256e-10
5.37994586606e-09	7.62504337448e-10
5.38118605644e-09	7.95537601073e-10
5.38242624682e-09	8.07184555307e-10
5.3836664372e-09	7.93088435203e-10
5.38490662758e-09	7.48346155877e-10
5.38614681796e-09	6.69433168621e-10
5.38738700834e-09	5.5631124013e-10
5.38862719872e-09	4.13680034672e-10
5.3898673891e-09	2.50615049546e-10
5.39110757948e-09	7.87875624117e-11
5.39234776986e-09	-9.05287103961e-11
5.39358796024e-09	-2.4915309052e-10
5.39482815062e-09	-3.93121216136e-10
5.396068341e-09	-5.21675681819e-10
5.39730853138e-09	-6.34900187979e-10
5.39854872176e-09	-7.3111339205e-10
5.39978891214e-09	-8.05622457634e-10
5.40102910251e-09	-8.51587994566e-10
5.40226929289e-09	-8.62359184062e-10
5.40350948327e-09	-8.34060528976e-10
5.40474967365e-09	-7.67016686276e-10
5.40598986403e-09	-6.65478859518e-10
5.40723005441e-09	-5.35958513681e-10
5.40847024479e-09	-3.85413416459e-10
5.40971043517e-09	-2.2013692258e-10
5.41095062555e-09	-4.56690965427e-11
5.41219081593e-09	1.32166760175e-10
5.41343100631e-09	3.06155767404e-10
5.41467119669e-09	4.67326469189e-10
5.41591138707e-09	6.05661888697e-10
5.41715157745e-09	7.11670257447e-10
5.41839176783e-09	7.78487316277e-10
5.41963195821e-09	8.03473308719e-10
5.42087214859e-09	7.88596916934e-10
5.42211233897e-09	7.3982031612e-10
5.42335252934e-09	6.65403114553e-10
5.42459271972e-09	5.73797648284e-10
5.4258329101e-09	4.7208691123e-10
5.42707310048e-09	3.65048255513e-10
5.42831329086e-09	2.55131443749e-10
5.42955348124e-09	1.43176876605e-10
5.43079367162e-09	2.96834458055e-11
5.432033862e-09	-8.42644261659e-11
5.43327405238e-09	-1.96345117248e-10
5.43451424276e-09	-3.03012812758e-10
5.43575443314e-09	-4.00406104106e-10
5.43699462352e-09	-4.85234588621e-10
5.4382348139e-09	-5.55615498055e-10
5.43947500428e-09	-6.11153502805e-10
5.44071519466e-09	-6.52333652373e-10
5.44195538504e-09	-6.79163079942e-10
5.44319557542e-09	-6.89996615399e-10
5.4444357658e-09	-6.81078152209e-10
5.44567595617e-09	-6.46756717626e-10
5.44691614655e-09	-5.81186043735e-10
5.44815633693e-09	-4.80436766759e-10
5.44939652731e-09	-3.44552476828e-10
5.45063671769e-09	-1.7865183638e-10
5.45187690807e-09	7.16871126263e-12
5.45311709845e-09	1.9939914303e-10
5.45435728883e-09	3.8376026662e-10
5.45559747921e-09	5.47431155962e-10
5.45683766959e-09	6.80852492441e-10
5.45807785997e-09	7.77917723294e-10
5.45931805035e-09	8.35010824374e-10
5.46055824073e-09	8.49868911357e-10
5.46179843111e-09	8.21061316159e-10
5.46303862149e-09	7.48719808374e-10
5.46427881187e-09	6.36112870711e-10
5.46551900225e-09	4.91328214225e-10
5.46675919263e-09	3.27045283216e-10
5.46799938301e-09	1.5869775806e-10
5.46923957338e-09	1.39106152812e-12
5.47047976376e-09	-1.3361301128e-10
5.47171995414e-09	-2.40897704562e-10
5.47296014452e-09	-3.21000774572e-10
5.4742003349e-09	-3.78682071811e-10
5.47544052528e-09	-4.2049237009e-10
5.47668071566e-09	-4.52285313368e-10
5.47792090604e-09	-4.77709975744e-10
5.47916109642e-09	-4.9800293056e-10
5.4804012868e-09	-5.12325848412e-10
5.48164147718e-09	-5.19012055555e-10
5.48288166756e-09	-5.16534259809e-10
5.48412185794e-09	-5.03791418305e-10
5.48536204832e-09	-4.79676985632e-10
5.4866022387e-09	-4.42336479944e-10
5.48784242908e-09	-3.88712118049e-10
5.48908261946e-09	-3.14630183018e-10
5.49032280984e-09	-2.16375858203e-10
5.49156300021e-09	-9.2390054808e-11
5.49280319059e-09	5.49715117176e-11
5.49404338097e-09	2.18447353956e-10
5.49528357135e-09	3.86373551209e-10
5.49652376173e-09	5.4434023955e-10
5.49776395211e-09	6.77539920002e-10
5.49900414249e-09	7.73075818639e-10
5.50024433287e-09	8.22188150895e-10
5.50148452325e-09	8.21235066062e-10
5.50272471363e-09	7.71797889487e-10
5.50396490401e-09	6.79995101893e-10
5.50520509439e-09	5.54651061191e-10
5.50644528477e-09	4.05487251415e-10
5.50768547515e-09	2.41844037852e-10
5.50892566553e-09	7.23628535565e-11
5.51016585591e-09	-9.46101495758e-11
5.51140604629e-09	-2.50065586294e-10
5.51264623667e-09	-3.84174789203e-10
5.51388642704e-09	-4.8768752231e-10
5.51512661742e-09	-5.54104560846e-10
5.5163668078e-09	-5.82178485975e-10
5.51760699818e-09	-5.77022825354e-10
5.51884718856e-09	-5.48720416327e-10
5.52008737894e-09	-5.09122945191e-10
5.52132756932e-09	-4.68073607651e-10
5.5225677597e-09	-4.30568525278e-10
5.52380795008e-09	-3.95841401324e-10
5.52504814046e-09	-3.59110977066e-10
5.52628833084e-09	-3.14352210928e-10
5.52752852122e-09	-2.56890998057e-10
5.5287687116e-09	-1.85074667397e-10
5.53000890198e-09	-1.00095300104e-10
5.53124909236e-09	-4.72805930692e-12
5.53248928274e-09	9.80671030493e-11
5.53372947312e-09	2.05822376503e-10
5.5349696635e-09	3.16445709914e-10
5.53620985387e-09	4.26850582658e-10
5.53745004425e-09	5.31455941755e-10
5.53869023463e-09	6.21869826467e-10
5.53993042501e-09	6.87560147705e-10
5.54117061539e-09	7.18046601345e-10
5.54241080577e-09	7.05784555799e-10
5.54365099615e-09	6.48533213243e-10
5.54489118653e-09	5.50100021091e-10
5.54613137691e-09	4.19684148545e-10
5.54737156729e-09	2.69662771279e-10
5.54861175767e-09	1.12588691842e-10
5.54985194805e-09	-4.08806530294e-11
5.55109213843e-09	-1.83106904639e-10
5.55233232881e-09	-3.09426005651e-10
5.55357251919e-09	-4.17134424224e-10
5.55481270957e-09	-5.04224065279e-10
5.55605289995e-09	-5.68773389498e-10
5.55729309033e-09	-6.08803167601e-10
5.55853328071e-09	-6.22620670299e-10
5.55977347108e-09	-6.09931986861e-10
5.56101366146e-09	-5.72527032727e-10
5.56225385184e-09	-5.14341777502e-10
5.56349404222e-09	-4.41064303136e-10
5.5647342326e-09	-3.59035617209e-10
5.56597442298e-09	-2.73571991449e-10
5.56721461336e-09	-1.87640271376e-10
5.56845480374e-09	-1.01358221295e-10
5.56969499412e-09	-1.23571107773e-11
5.5709351845e-09	8.23097744476e-11
5.57217537488e-09	1.83787639621e-10
5.57341556526e-09	2.89820372562e-10
5.57465575564e-09	3.94273742127e-10
5.57589594602e-09	4.88315644864e-10
5.5771361364e-09	5.62998273002e-10
5.57837632678e-09	6.11856752764e-10
5.57961651716e-09	6.31938779083e-10
5.58085670754e-09	6.23641083219e-10
5.58209689791e-09	5.89196753886e-10
5.58333708829e-09	5.30752261585e-10
5.58457727867e-09	4.49795756197e-10
5.58581746905e-09	3.47676221146e-10
5.58705765943e-09	2.26936618802e-10
5.58829784981e-09	9.26122754874e-11
5.58953804019e-09	-4.70956975675e-11
5.59077823057e-09	-1.81930841919e-10
5.59201842095e-09	-3.01668915542e-10
5.59325861133e-09	-3.9834353871e-10
5.59449880171e-09	-4.68408513365e-10
5.59573899209e-09	-5.13115751277e-10
5.59697918247e-09	-5.3731487315e-10
5.59821937285e-09	-5.47031656084e-10
5.59945956323e-09	-5.46898214215e-10
5.60069975361e-09	-5.38190637889e-10
5.60193994399e-09	-5.18619799883e-10
5.60318013437e-09	-4.84039155979e-10
5.60442032474e-09	-4.30375630966e-10
5.60566051512e-09	-3.55792371259e-10
5.6069007055e-09	-2.61557244613e-10
5.60814089588e-09	-1.51496131612e-10
5.60938108626e-09	-3.07716560566e-11
5.61062127664e-09	9.52144214167e-11
5.61186146702e-09	2.21386679822e-10
5.6131016574e-09	3.43109388123e-10
5.61434184778e-09	4.55343915351e-10
5.61558203816e-09	5.52536065512e-10
5.61682222854e-09	6.28875139463e-10
5.61806241892e-09	6.78634676232e-10
5.6193026093e-09	6.9704575445e-10
5.62054279968e-09	6.80905810901e-10
5.62178299006e-09	6.29241936334e-10
5.62302318044e-09	5.43706919764e-10
5.62426337082e-09	4.29198072915e-10
5.6255035612e-09	2.93647259286e-10
5.62674375157e-09	1.471008957e-10
5.62798394195e-09	4.9005244307e-13
5.62922413233e-09	-1.3660645011e-10
5.63046432271e-09	-2.57314464874e-10
5.63170451309e-09	-3.57922951694e-10
5.63294470347e-09	-4.37264821573e-10
5.63418489385e-09	-4.9552409398e-10
5.63542508423e-09	-5.33120478319e-10
5.63666527461e-09	-5.50161867452e-10
5.63790546499e-09	-5.47312001276e-10
5.63914565537e-09	-5.26269847145e-10
5.64038584575e-09	-4.90485041471e-10
5.64162603613e-09	-4.44894558693e-10
5.64286622651e-09	-3.94543647753e-10
5.64410641689e-09	-3.42895940808e-10
5.64534660727e-09	-2.90180511564e-10
5.64658679765e-09	-2.33138244821e-10
5.64782698803e-09	-1.65759709778e-10
5.64906717841e-09	-8.19964200705e-11
5.65030736878e-09	2.15067443021e-11
5.65154755916e-09	1.43467578095e-10
5.65278774954e-09	2.77148158589e-10
5.65402793992e-09	4.11894969521e-10
5.6552681303e-09	5.35455235706e-10
5.65650832068e-09	6.36693184286e-10
5.65774851106e-09	7.07132796762e-10
5.65898870144e-09	7.41627523282e-10
5.66022889182e-09	7.37907165926e-10
5.6614690822e-09	6.95641148851e-10
5.66270927258e-09	6.16482052906e-10
5.66394946296e-09	5.03880881464e-10
5.66518965334e-09	3.63596222575e-10
5.66642984372e-09	2.03860471906e-10
5.6676700341e-09	3.4832241258e-11
5.66891022448e-09	-1.32411595577e-10
5.67015041486e-09	-2.8728884896e-10
5.67139060524e-09	-4.20593476713e-10
5.67263079561e-09	-5.25633377102e-10
5.67387098599e-09	-5.98389761353e-10
5.67511117637e-09	-6.37710551032e-10
5.67635136675e-09	-6.4542963335e-10
5.67759155713e-09	-6.25720669722e-10
5.67883174751e-09	-5.8453722418e-10
5.68007193789e-09	-5.28170993053e-10
5.68131212827e-09	-4.62075870622e-10
5.68255231865e-09	-3.89748379404e-10
5.68379250903e-09	-3.1277088558e-10
5.68503269941e-09	-2.3163992946e-10
5.68627288979e-09	-1.46560550154e-10
5.68751308017e-09	-5.87452473819e-11
5.68875327055e-09	2.98275562235e-11
5.68999346093e-09	1.17079550915e-10
5.69123365131e-09	2.02021573081e-10
5.69247384169e-09	2.85286516633e-10
5.69371403207e-09	3.6847840057e-10
5.69495422244e-09	4.52593330869e-10
5.69619441282e-09	5.35548112801e-10
5.6974346032e-09	6.11344676271e-10
5.69867479358e-09	6.70257536972e-10
5.69991498396e-09	7.01119683144e-10
5.70115517434e-09	6.94604262996e-10
5.70239536472e-09	6.45842046509e-10
5.7036355551e-09	5.55969013882e-10
5.70487574548e-09	4.31481288199e-10
5.70611593586e-09	2.82557210268e-10
5.70735612624e-09	1.203313265e-10
5.70859631662e-09	-4.49585342913e-11
5.709836507e-09	-2.0488817587e-10
5.71107669738e-09	-3.53062950403e-10
5.71231688776e-09	-4.84017236013e-10
5.71355707814e-09	-5.92654252063e-10
5.71479726852e-09	-6.73859829048e-10
5.7160374589e-09	-7.23180133833e-10
5.71727764927e-09	-7.37872540846e-10
5.71851783965e-09	-7.1791828038e-10
5.71975803003e-09	-6.66543951977e-10
5.72099822041e-09	-5.89286050512e-10
5.72223841079e-09	-4.93035848259e-10
5.72347860117e-09	-3.84397347286e-10
5.72471879155e-09	-2.68617583038e-10
5.72595898193e-09	-1.49432077823e-10
5.72719917231e-09	-2.93780616153e-11
5.72843936269e-09	8.9300552196e-11
5.72967955307e-09	2.04210457572e-10
5.73091974345e-09	3.12166882621e-10
5.73215993383e-09	4.09488998265e-10
5.73340012421e-09	4.92253710016e-10
5.73464031459e-09	5.56828687326e-10
5.73588050497e-09	6.0090142584e-10
5.73712069535e-09	6.23783823206e-10
5.73836088573e-09	6.26647511659e-10
5.73960107611e-09	6.11759344571e-10
5.74084126648e-09	5.81372304465e-10
5.74208145686e-09	5.36261320072e-10
5.74332164724e-09	4.75085970564e-10
5.74456183762e-09	3.95125095837e-10
5.745802028e-09	2.93751516167e-10
5.74704221838e-09	1.70921464482e-10
5.74828240876e-09	3.0610570502e-11
5.74952259914e-09	-1.19063875079e-10
5.75076278952e-09	-2.67340111854e-10
5.7520029799e-09	-4.03385214121e-10
5.75324317028e-09	-5.18745421618e-10
5.75448336066e-09	-6.08943145908e-10
5.75572355104e-09	-6.73129794959e-10
5.75696374142e-09	-7.12714408324e-10
5.7582039318e-09	-7.29221343032e-10
5.75944412218e-09	-7.2255589012e-10
5.76068431256e-09	-6.90851466312e-10
5.76192450294e-09	-6.31364426018e-10
5.76316469331e-09	-5.42442049611e-10
5.76440488369e-09	-4.25272088378e-10
5.76564507407e-09	-2.84857585436e-10
5.76688526445e-09	-1.29394869819e-10
5.76812545483e-09	3.15100254916e-11
5.76936564521e-09	1.88715803401e-10
5.77060583559e-09	3.35209273533e-10
5.77184602597e-09	4.66138350141e-10
5.77308621635e-09	5.77950375058e-10
5.77432640673e-09	6.67168459367e-10
5.77556659711e-09	7.29579986702e-10
5.77680678749e-09	7.60609249195e-10
5.77804697787e-09	7.56694762405e-10
5.77928716825e-09	7.17242293335e-10
5.78052735863e-09	6.45472383876e-10
5.78176754901e-09	5.48323622618e-10
5.78300773939e-09	4.34865275734e-10
5.78424792977e-09	3.13999132251e-10
5.78548812014e-09	1.92684141212e-10
5.78672831052e-09	7.48921757943e-11
5.7879685009e-09	-3.81719968134e-11
5.78920869128e-09	-1.47054262864e-10
5.79044888166e-09	-2.52499562925e-10
5.79168907204e-09	-3.54252158857e-10
5.79292926242e-09	-4.50307187372e-10
5.7941694528e-09	-5.3677542966e-10
5.79540964318e-09	-6.08703275284e-10
5.79664983356e-09	-6.61135798885e-10
5.79789002394e-09	-6.9030130917e-10
5.79913021432e-09	-6.9453930801e-10
5.8003704047e-09	-6.74442432458e-10
5.80161059508e-09	-6.32103154541e-10
5.80285078546e-09	-5.69803260131e-10
5.80409097584e-09	-4.88824286604e-10
5.80533116622e-09	-3.88806497414e-10
5.8065713566e-09	-2.68424033001e-10
5.80781154698e-09	-1.27173467937e-10
5.80905173735e-09	3.26985695465e-11
5.81029192773e-09	2.04721229552e-10
5.81153211811e-09	3.7831000485e-10
5.81277230849e-09	5.40523216463e-10
5.81401249887e-09	6.78660731779e-10
5.81525268925e-09	7.82643005959e-10
5.81649287963e-09	8.46382658404e-10
5.81773307001e-09	8.67887817169e-10
5.81897326039e-09	8.48126888164e-10
5.82021345077e-09	7.89874908536e-10
5.82145364115e-09	6.96895520458e-10
5.82269383153e-09	5.73743233478e-10
5.82393402191e-09	4.26383969798e-10
5.82517421229e-09	2.62813590335e-10
5.82641440267e-09	9.30451948128e-11
5.82765459305e-09	-7.18089242582e-11
5.82889478343e-09	-2.21282100282e-10
5.83013497381e-09	-3.47794331529e-10
5.83137516418e-09	-4.48237405526e-10
5.83261535456e-09	-5.23939183705e-10
5.83385554494e-09	-5.79297089465e-10
5.83509573532e-09	-6.19273583802e-10
5.8363359257e-09	-6.4700643454e-10
5.83757611608e-09	-6.6275578775e-10
5.83881630646e-09	-6.64237699566e-10
5.84005649684e-09	-6.481351289e-10
5.84129668722e-09	-6.11799486072e-10
5.8425368776e-09	-5.5449153602e-10
5.84377706798e-09	-4.77404997479e-10
5.84501725836e-09	-3.83050511449e-10
5.84625744874e-09	-2.74486756241e-10
5.84749763912e-09	-1.54400619026e-10
5.8487378295e-09	-2.49867323013e-11
5.84997801988e-09	1.11837044833e-10
5.85121821026e-09	2.53828055796e-10
5.85245840064e-09	3.97641686939e-10
5.85369859101e-09	5.37949636226e-10
5.85493878139e-09	6.67017482914e-10
5.85617897177e-09	7.75230213357e-10
5.85741916215e-09	8.52189083189e-10
5.85865935253e-09	8.88805293253e-10
5.85989954291e-09	8.79336756188e-10
5.86113973329e-09	8.22666115785e-10
5.86237992367e-09	7.22570732414e-10
5.86362011405e-09	5.86701805194e-10
5.86486030443e-09	4.24919467668e-10
5.86610049481e-09	2.47513547852e-10
5.86734068519e-09	6.42675765036e-11
5.86858087557e-09	-1.16115148746e-10
5.86982106595e-09	-2.85948095063e-10
5.87106125633e-09	-4.38180033924e-10
5.87230144671e-09	-5.66556850046e-10
5.87354163709e-09	-6.65928472088e-10
5.87478182747e-09	-7.32909136159e-10
5.87602201784e-09	-7.66557824161e-10
5.87726220822e-09	-7.68762511982e-10
5.8785023986e-09	-7.43847330953e-10
5.87974258898e-09	-6.97378065018e-10
5.88098277936e-09	-6.34775641772e-10
5.88222296974e-09	-5.59625443208e-10
5.88346316012e-09	-4.7313944429e-10
5.8847033505e-09	-3.74748194282e-10
5.88594354088e-09	-2.63543211559e-10
5.88718373126e-09	-1.40125334946e-10
5.88842392164e-09	-7.65674427073e-12
5.88966411202e-09	1.28151296866e-10
5.8909043024e-09	2.60588387674e-10
5.89214449278e-09	3.83604044363e-10
5.89338468316e-09	4.93242224842e-10
5.89462487354e-09	5.8790003421e-10
5.89586506392e-09	6.67092610318e-10
5.8971052543e-09	7.30021272599e-10
5.89834544468e-09	7.74177576213e-10
5.89958563505e-09	7.95089064032e-10
5.90082582543e-09	7.87076778752e-10
5.90206601581e-09	7.4507441189e-10
5.90330620619e-09	6.6640359897e-10
5.90454639657e-09	5.51918011293e-10
5.90578658695e-09	4.06578073292e-10
5.90702677733e-09	2.38532773394e-10
5.90826696771e-09	5.7882683889e-11
5.90950715809e-09	-1.24847614885e-10
5.91074734847e-09	-3.00010356835e-10
5.91198753885e-09	-4.59590615565e-10
5.91322772923e-09	-5.97419398674e-10
5.91446791961e-09	-7.08808456373e-10
5.91570810999e-09	-7.90367729597e-10
5.91694830037e-09	-8.39500358119e-10
5.91818849075e-09	-8.54459933364e-10
5.91942868113e-09	-8.34647850834e-10
5.92066887151e-09	-7.80847275728e-10
5.92190906188e-09	-6.95719461208e-10
5.92314925226e-09	-5.83871929971e-10
5.92438944264e-09	-4.51634424303e-10
5.92562963302e-09	-3.06147426854e-10
5.9268698234e-09	-1.54509502415e-10
5.92811001378e-09	-2.92435151615e-12
5.92935020416e-09	1.43878712763e-10
5.93059039454e-09	2.822473609e-10
5.93183058492e-09	4.09157291381e-10
5.9330707753e-09	5.21412767129e-10
5.93431096568e-09	6.15260162262e-10
5.93555115606e-09	6.86636345004e-10
5.93679134644e-09	7.32106285317e-10
5.93803153682e-09	7.50035054897e-10
5.9392717272e-09	7.4113765125e-10
5.94051191758e-09	7.08598846266e-10
5.94175210796e-09	6.56714703451e-10
5.94299229834e-09	5.89193915879e-10
5.94423248871e-09	5.07774891578e-10
5.94547267909e-09	4.11749141727e-10
5.94671286947e-09	2.99062458825e-10
5.94795305985e-09	1.68367816217e-10
5.94919325023e-09	2.12295289855e-11
5.95043344061e-09	-1.3704718263e-10
5.95167363099e-09	-2.97743520811e-10
5.95291382137e-09	-4.50587150924e-10
5.95415401175e-09	-5.86171215733e-10
5.95539420213e-09	-6.97402927075e-10
5.95663439251e-09	-7.80088459107e-10
5.95787458289e-09	-8.32187124766e-10
5.95911477327e-09	-8.52676915186e-10
5.96035496365e-09	-8.40582381478e-10
5.96159515403e-09	-7.94981254437e-10
5.96283534441e-09	-7.15656464645e-10
5.96407553479e-09	-6.03849407976e-10
5.96531572517e-09	-4.63218623181e-10
5.96655591554e-09	-2.99952666871e-10
5.96779610592e-09	-1.22415617573e-10
5.9690362963e-09	5.96262006783e-11
5.97027648668e-09	2.3609806471e-10
5.97151667706e-09	3.97711582417e-10
5.97275686744e-09	5.36912542204e-10
5.97399705782e-09	6.48268785874e-10
5.9752372482e-09	7.28809373962e-10
5.97647743858e-09	7.77588077261e-10
5.97771762896e-09	7.95078891613e-10
5.97895781934e-09	7.8282712257e-10
5.98019800972e-09	7.43061917552e-10
5.9814382001e-09	6.78668829468e-10
5.98267839048e-09	5.93224538936e-10
5.98391858086e-09	4.91074098052e-10
5.98515877124e-09	3.76983336908e-10
5.98639896162e-09	2.55837431101e-10
5.987639152e-09	1.3208718147e-10
5.98887934238e-09	8.87944275399e-12
5.99011953275e-09	-1.12104166228e-10
5.99135972313e-09	-2.30513219623e-10
5.99259991351e-09	-3.46435730797e-10
5.99384010389e-09	-4.59095324257e-10
5.99508029427e-09	-5.65555928478e-10
5.99632048465e-09	-6.6034131635e-10
5.99756067503e-09	-7.36149287361e-10
5.99880086541e-09	-7.85343061416e-10
6.00004105579e-09	-8.02151178814e-10
6.00128124617e-09	-7.8398843667e-10
6.00252143655e-09	-7.31684039745e-10
6.00376162693e-09	-6.48620213095e-10
6.00500181731e-09	-5.39234427943e-10
6.00624200769e-09	-4.0772911436e-10
6.00748219807e-09	-2.57718624219e-10
6.00872238845e-09	-9.30568512872e-11
6.00996257883e-09	8.11200334336e-11
6.01120276921e-09	2.57367210876e-10
6.01244295958e-09	4.25901244827e-10
6.01368314996e-09	5.759247107e-10
6.01492334034e-09	6.97485048884e-10
6.01616353072e-09	7.83236572821e-10
6.0174037211e-09	8.29566651483e-10
6.01864391148e-09	8.36707522711e-10
6.01988410186e-09	8.07802089109e-10
6.02112429224e-09	7.47734943407e-10
6.02236448262e-09	6.62082548508e-10
6.023604673e-09	5.56207128966e-10
6.02484486338e-09	4.35105645957e-10
6.02608505376e-09	3.0346962096e-10
6.02732524414e-09	1.65779868999e-10
6.02856543452e-09	2.64609133216e-11
6.0298056249e-09	-1.10074969972e-10
6.03104581528e-09	-2.39646177902e-10
6.03228600566e-09	-3.58601009998e-10
6.03352619604e-09	-4.63887414592e-10
6.03476638641e-09	-5.53288533045e-10
6.03600657679e-09	-6.25315021985e-10
6.03724676717e-09	-6.78873686433e-10
6.03848695755e-09	-7.1295570836e-10
6.03972714793e-09	-7.26288418296e-10
6.04096733831e-09	-7.17119301441e-10
6.04220752869e-09	-6.8339914977e-10
6.04344771907e-09	-6.23521172194e-10
6.04468790945e-09	-5.37039981929e-10
6.04592809983e-09	-4.25505963797e-10
6.04716829021e-09	-2.92941820107e-10
6.04840848059e-09	-1.45546527955e-10
6.04964867097e-09	9.1346864968e-12
6.05088886135e-09	1.63348707824e-10
6.05212905173e-09	3.10272398052e-10
6.05336924211e-09	4.44666220512e-10
6.05460943249e-09	5.62580176888e-10
6.05584962287e-09	6.60677720865e-10
6.05708981324e-09	7.35409254327e-10
6.05833000362e-09	7.82547367184e-10
6.059570194e-09	7.97756277704e-10
6.06081038438e-09	7.77936402796e-10
6.06205057476e-09	7.22682365339e-10
6.06329076514e-09	6.3520136373e-10
6.06453095552e-09	5.22125308267e-10
6.0657711459e-09	3.91901257973e-10
6.06701133628e-09	2.52689588004e-10
6.06825152666e-09	1.10787679378e-10
6.06949171704e-09	-3.00135654177e-11
6.07073190742e-09	-1.67691216815e-10
6.0719720978e-09	-3.00465985426e-10
6.07321228818e-09	-4.2546309531e-10
6.07445247856e-09	-5.38210614964e-10
6.07569266894e-09	-6.33040599107e-10
6.07693285932e-09	-7.04198414858e-10
6.0781730497e-09	-7.47120670885e-10
6.07941324008e-09	-7.59141499662e-10
6.08065343045e-09	-7.39834700447e-10
6.08189362083e-09	-6.9083849058e-10
6.08313381121e-09	-6.15290936257e-10
6.08437400159e-09	-5.17243796405e-10
6.08561419197e-09	-4.01139704787e-10
6.08685438235e-09	-2.7151640658e-10
6.08809457273e-09	-1.32875221243e-10
6.08933476311e-09	9.92676839166e-12
6.09057495349e-09	1.51545203469e-10
6.09181514387e-09	2.86199501598e-10
6.09305533425e-09	4.07985072809e-10
6.09429552463e-09	5.11627087918e-10
6.09553571501e-09	5.931664257e-10
6.09677590539e-09	6.50419086645e-10
6.09801609577e-09	6.82939933772e-10
6.09925628615e-09	6.91806389952e-10
6.10049647653e-09	6.78884851113e-10
6.10173666691e-09	6.46050588027e-10
6.10297685728e-09	5.94671555054e-10
6.10421704766e-09	5.25220401892e-10
6.10545723804e-09	4.37674542442e-10
6.10669742842e-09	3.32358612853e-10
6.1079376188e-09	2.11036032399e-10
6.10917780918e-09	7.75846374992e-11
6.11041799956e-09	-6.20286166181e-11
6.11165818994e-09	-2.0075531515e-10
6.11289838032e-09	-3.32124314162e-10
6.1141385707e-09	-4.51338327823e-10
6.11537876108e-09	-5.55634739607e-10
6.11661895146e-09	-6.43393137378e-10
6.11785914184e-09	-7.12528661073e-10
6.11909933222e-09	-7.59236458425e-10
6.1203395226e-09	-7.77855446721e-10
6.12157971298e-09	-7.62213576977e-10
6.12281990336e-09	-7.07786766696e-10
6.12406009374e-09	-6.1405074081e-10
6.12530028411e-09	-4.85477949508e-10
6.12654047449e-09	-3.31018878974e-10
6.12778066487e-09	-1.62370863283e-10
6.12902085525e-09	8.42539287036e-12
6.13026104563e-09	1.70850300921e-10
6.13150123601e-09	3.16997404021e-10
6.13274142639e-09	4.41556458064e-10
6.13398161677e-09	5.41324408909e-10
6.13522180715e-09	6.14433684487e-10
6.13646199753e-09	6.59863677588e-10
6.13770218791e-09	6.77570367869e-10
6.13894237829e-09	6.68609126397e-10
6.14018256867e-09	6.35541112792e-10
6.14142275905e-09	5.82427502061e-10
6.14266294943e-09	5.14408821095e-10
6.14390313981e-09	4.36754792055e-10
6.14514333019e-09	3.53791586305e-10
6.14638352057e-09	2.68085463551e-10
6.14762371094e-09	1.80028002922e-10
6.14886390132e-09	8.84848435842e-11
6.1501040917e-09	-8.25739812898e-12
6.15134428208e-09	-1.112150632e-10
6.15258447246e-09	-2.19597919709e-10
6.15382466284e-09	-3.30368971763e-10
6.15506485322e-09	-4.38449603013e-10
6.1563050436e-09	-5.37580036042e-10
6.15754523398e-09	-6.21323444083e-10
6.15878542436e-09	-6.84109803528e-10
6.16002561474e-09	-7.21657497649e-10
6.16126580512e-09	-7.30930808934e-10
6.1625059955e-09	-7.09892367112e-10
6.16374618588e-09	-6.57027897366e-10
6.16498637626e-09	-5.714051593e-10
6.16622656664e-09	-4.53251082499e-10
6.16746675702e-09	-3.0505714621e-10
6.1687069474e-09	-1.32675911924e-10
6.16994713778e-09	5.41106239677e-11
6.17118732815e-09	2.4203400395e-10
6.17242751853e-09	4.16187279084e-10
6.17366770891e-09	5.62493947254e-10
6.17490789929e-09	6.7042774804e-10
6.17614808967e-09	7.34812155567e-10
6.17738828005e-09	7.56051082851e-10
6.17862847043e-09	7.3895541769e-10
6.17986866081e-09	6.9063705449e-10
6.18110885119e-09	6.18591629309e-10
6.18234904157e-09	5.29370186575e-10
6.18358923195e-09	4.2847454057e-10
6.18482942233e-09	3.20767804679e-10
6.18606961271e-09	2.10955908991e-10
6.18730980309e-09	1.03781828617e-10
6.18854999347e-09	3.34728544795e-12
6.18979018385e-09	-8.77236868216e-11
6.19103037423e-09	-1.69003769313e-10
6.19227056461e-09	-2.42218210766e-10
6.19351075498e-09	-3.1047516641e-10
6.19475094536e-09	-3.76825116249e-10
6.19599113574e-09	-4.42653164123e-10
6.19723132612e-09	-5.06749212037e-10
6.1984715165e-09	-5.64940226544e-10
6.19971170688e-09	-6.10955307179e-10
6.20095189726e-09	-6.37900662848e-10
6.20219208764e-09	-6.39869754404e-10
6.20343227802e-09	-6.13117813464e-10
6.2046724684e-09	-5.56454347878e-10
6.20591265878e-09	-4.7095777278e-10
6.20715284916e-09	-3.59178971288e-10
6.20839303954e-09	-2.24698825518e-10
6.20963322992e-09	-7.20731365214e-11
6.2108734203e-09	9.27672548154e-11
6.21211361068e-09	2.61903033982e-10
6.21335380106e-09	4.25409096838e-10
6.21459399144e-09	5.72000412313e-10
6.21583418181e-09	6.9039703815e-10
6.21707437219e-09	7.70903535452e-10
6.21831456257e-09	8.07023045613e-10
6.21955475295e-09	7.96519787627e-10
6.22079494333e-09	7.41768008128e-10
6.22203513371e-09	6.49504956762e-10
6.22327532409e-09	5.29610730271e-10
6.22451551447e-09	3.93429431395e-10
6.22575570485e-09	2.51895556497e-10
6.22699589523e-09	1.13912160954e-10
6.22823608561e-09	-1.45580388022e-11
6.22947627599e-09	-1.30365747711e-10
6.23071646637e-09	-2.32254753624e-10
6.23195665675e-09	-3.19894204875e-10
6.23319684713e-09	-3.93021892808e-10
6.23443703751e-09	-4.51360435139e-10
6.23567722789e-09	-4.9501996946e-10
6.23691741827e-09	-5.24865755025e-10
6.23815760864e-09	-5.42533053205e-10
6.23939779902e-09	-5.49882701872e-10
6.2406379894e-09	-5.48013634472e-10
6.24187817978e-09	-5.36302641185e-10
6.24311837016e-09	-5.12239625716e-10
6.24435856054e-09	-4.71996913776e-10
6.24559875092e-09	-4.11718166504e-10
6.2468389413e-09	-3.29126063209e-10
6.24807913168e-09	-2.24671038718e-10
6.24931932206e-09	-1.01815601089e-10
6.25055951244e-09	3.34939610769e-11
6.25179970282e-09	1.73952394156e-10
6.2530398932e-09	3.12198628061e-10
6.25428008358e-09	4.41518252514e-10
6.25552027396e-09	5.55921010614e-10
6.25676046434e-09	6.49839897171e-10
6.25800065472e-09	7.17803386174e-10
6.2592408451e-09	7.54444326456e-10
6.26048103548e-09	7.55264947805e-10
6.26172122585e-09	7.17742199008e-10
6.26296141623e-09	6.42329654743e-10
6.26420160661e-09	5.33110146306e-10
6.26544179699e-09	3.97537194136e-10
6.26668198737e-09	2.45365675694e-10
6.26792217775e-09	8.72140311359e-11
6.26916236813e-09	-6.68846358506e-11
6.27040255851e-09	-2.0872594278e-10
6.27164274889e-09	-3.32492620242e-10
6.27288293927e-09	-4.3473939032e-10
6.27412312965e-09	-5.14132479645e-10
6.27536332003e-09	-5.70813007972e-10
6.27660351041e-09	-6.05742400683e-10
6.27784370079e-09	-6.20251128236e-10
6.27908389117e-09	-6.15635022128e-10
6.28032408155e-09	-5.92960250345e-10
6.28156427193e-09	-5.53205731224e-10
6.28280446231e-09	-4.97588803494e-10
6.28404465268e-09	-4.27736311648e-10
6.28528484306e-09	-3.45791787565e-10
6.28652503344e-09	-2.54220075546e-10
6.28776522382e-09	-1.55294265294e-10
6.2890054142e-09	-5.08540050348e-11
6.29024560458e-09	5.7620534212e-11
6.29148579496e-09	1.68525911975e-10
6.29272598534e-09	2.79416514232e-10
6.29396617572e-09	3.86412971065e-10
6.2952063661e-09	4.84263289191e-10
6.29644655648e-09	5.67063382362e-10
6.29768674686e-09	6.29198589064e-10
6.29892693724e-09	6.66525695747e-10
6.30016712762e-09	6.76903165464e-10
6.301407318e-09	6.60032035971e-10
6.30264750838e-09	6.16882170346e-10
6.30388769876e-09	5.48993593641e-10
6.30512788914e-09	4.58066806708e-10
6.30636807951e-09	3.46093553122e-10
6.30760826989e-09	2.16116180507e-10
6.30884846027e-09	7.27680528681e-11
6.31008865065e-09	-7.73713957486e-11
6.31132884103e-09	-2.2603873634e-10
6.31256903141e-09	-3.64372601536e-10
6.31380922179e-09	-4.8416248094e-10
6.31504941217e-09	-5.79085675245e-10
6.31628960255e-09	-6.454524068e-10
6.31752979293e-09	-6.82327611079e-10
6.31876998331e-09	-6.90822815619e-10
6.32001017369e-09	-6.73171809962e-10
6.32125036407e-09	-6.31916685645e-10
6.32249055445e-09	-5.69293820418e-10
6.32373074483e-09	-4.87481957578e-10
6.32497093521e-09	-3.89078793489e-10
6.32621112559e-09	-2.77491862821e-10
6.32745131597e-09	-1.5703978222e-10
6.32869150634e-09	-3.26470833874e-11
6.32993169672e-09	9.06794786829e-11
6.3311718871e-09	2.08437888477e-10
6.33241207748e-09	3.16702629399e-10
6.33365226786e-09	4.12302830766e-10
6.33489245824e-09	4.9278252312e-10
6.33613264862e-09	5.56248783146e-10
6.337372839e-09	6.0140761815e-10
6.33861302938e-09	6.27347333804e-10
6.33985321976e-09	6.33312867426e-10
6.34109341014e-09	6.1847085786e-10
6.34233360052e-09	5.82165496366e-10
6.3435737909e-09	5.24242163569e-10
6.34481398128e-09	4.45602027499e-10
6.34605417166e-09	3.48720947951e-10
6.34729436204e-09	2.37359153166e-10
6.34853455242e-09	1.16129737771e-10
6.3497747428e-09	-1.02807576905e-11
6.35101493318e-09	-1.37646415099e-10
6.35225512355e-09	-2.62319693745e-10
6.35349531393e-09	-3.80702389752e-10
6.35473550431e-09	-4.88576352986e-10
6.35597569469e-09	-5.80900619274e-10
6.35721588507e-09	-6.5183858311e-10
6.35845607545e-09	-6.95801576078e-10
6.35969626583e-09	-7.08706426877e-10
6.36093645621e-09	-6.88997393861e-10
6.36217664659e-09	-6.38159781963e-10
6.36341683697e-09	-5.60361992918e-10
6.36465702735e-09	-4.61414795261e-10
6.36589721773e-09	-3.47315759486e-10
6.36713740811e-09	-2.23389463178e-10
6.36837759849e-09	-9.38531865072e-11
6.36961778887e-09	3.78479131716e-11
6.37085797925e-09	1.68095886169e-10
6.37209816963e-09	2.92566984528e-10
6.37333836001e-09	4.06068460107e-10
6.37457855038e-09	5.03105536398e-10
6.37581874076e-09	5.78854630895e-10
6.37705893114e-09	6.30211723085e-10
6.37829912152e-09	6.56166163071e-10
6.3795393119e-09	6.57439290508e-10
6.38077950228e-09	6.35935019921e-10
6.38201969266e-09	5.93724222564e-10
6.38325988304e-09	5.32614244375e-10
6.38450007342e-09	4.54188492371e-10
6.3857402638e-09	3.60134845556e-10
6.38698045418e-09	2.52707785253e-10
6.38822064456e-09	1.35042550059e-10
6.38946083494e-09	1.12118236787e-11
6.39070102532e-09	-1.1423676588e-10
6.3919412157e-09	-2.36398924741e-10
6.39318140608e-09	-3.50393752208e-10
6.39442159646e-09	-4.51732255768e-10
6.39566178684e-09	-5.3646898035e-10
6.39690197721e-09	-6.01527092026e-10
6.39814216759e-09	-6.4477752304e-10
6.39938235797e-09	-6.6494160178e-10
6.40062254835e-09	-6.61190713291e-10
6.40186273873e-09	-6.33062817446e-10
6.40310292911e-09	-5.80451679777e-10
6.40434311949e-09	-5.03921113171e-10
6.40558330987e-09	-4.05539112708e-10
6.40682350025e-09	-2.89268178855e-10
6.40806369063e-09	-1.60948235642e-10
6.40930388101e-09	-2.7581968827e-11
6.41054407139e-09	1.03858446149e-10
6.41178426177e-09	2.2769401295e-10
6.41302445215e-09	3.40133490817e-10
6.41426464253e-09	4.39012659559e-10
6.41550483291e-09	5.23130906649e-10
6.41674502329e-09	5.9107201078e-10
6.41798521367e-09	6.40483735492e-10
6.41922540404e-09	6.68221991629e-10
6.42046559442e-09	6.71073037417e-10
6.4217057848e-09	6.46875678023e-10
6.42294597518e-09	5.95486285282e-10
6.42418616556e-09	5.19186416081e-10
6.42542635594e-09	4.22123412613e-10
6.42666654632e-09	3.09519656433e-10
6.4279067367e-09	1.8665129338e-10
6.42914692708e-09	5.80135566322e-11
6.43038711746e-09	-7.25893564008e-11
6.43162730784e-09	-2.0156033266e-10
6.43286749822e-09	-3.24829104587e-10
6.4341076886e-09	-4.37419558907e-10
6.43534787898e-09	-5.33571603567e-10
6.43658806936e-09	-6.07686970189e-10
6.43782825974e-09	-6.55437551456e-10
6.43906845012e-09	-6.74523277511e-10
6.4403086405e-09	-6.65117232124e-10
6.44154883088e-09	-6.29380735029e-10
6.44278902125e-09	-5.70636794761e-10
6.44402921163e-09	-4.92664520291e-10
6.44526940201e-09	-3.99266869566e-10
6.44650959239e-09	-2.94089721325e-10
6.44774978277e-09	-1.80728638652e-10
6.44898997315e-09	-6.29208785768e-11
6.45023016353e-09	5.55385876178e-11
6.45147035391e-09	1.70766340304e-10
6.45271054429e-09	2.78849457414e-10
6.45395073467e-09	3.76123070189e-10
6.45519092505e-09	4.59425802957e-10
6.45643111543e-09	5.26388745092e-10
6.45767130581e-09	5.75706579631e-10
6.45891149619e-09	6.07111680373e-10
6.46015168657e-09	6.2079757307e-10
6.46139187695e-09	6.16797862785e-10
6.46263206733e-09	5.94430650536e-10
6.46387225771e-09	5.52108761487e-10
6.46511244808e-09	4.87989489095e-10
6.46635263846e-09	4.01094761571e-10
6.46759282884e-09	2.92339697588e-10
6.46883301922e-09	1.65235099908e-10
6.4700732096e-09	2.58699728306e-11
6.47131339998e-09	-1.17999022012e-10
6.47255359036e-09	-2.5818535504e-10
6.47379378074e-09	-3.87146890934e-10
6.47503397112e-09	-4.98825224182e-10
6.4762741615e-09	-5.88795297241e-10
6.47751435188e-09	-6.53884918433e-10
6.47875454226e-09	-6.91728230251e-10
6.47999473264e-09	-7.00479799165e-10
6.48123492302e-09	-6.78875053395e-10
6.4824751134e-09	-6.26878625398e-10
6.48371530378e-09	-5.46563037884e-10
6.48495549416e-09	-4.42518133248e-10
6.48619568454e-09	-3.21722877505e-10
6.48743587491e-09	-1.92579192176e-10
6.48867606529e-09	-6.33516971521e-11
6.48991625567e-09	5.92695588789e-11
6.49115644605e-09	1.70904769503e-10
6.49239663643e-09	2.69466903652e-10
6.49363682681e-09	3.54443013134e-10
6.49487701719e-09	4.25785927349e-10
6.49611720757e-09	4.83263165596e-10
6.49735739795e-09	5.26256191402e-10
6.49859758833e-09	5.53952647642e-10
6.49983777871e-09	5.65792940277e-10
6.50107796909e-09	5.61821165979e-10
6.50231815947e-09	5.42593921182e-10
6.50355834985e-09	5.08805629573e-10
6.50479854023e-09	4.60939404701e-10
6.50603873061e-09	3.98864340861e-10
6.50727892099e-09	3.21961634436e-10
6.50851911137e-09	2.29688761066e-10
6.50975930174e-09	1.22303818115e-10
6.51099949212e-09	1.63348219499e-12
6.5122396825e-09	-1.28370232846e-10
6.51347987288e-09	-2.6158034766e-10
6.51472006326e-09	-3.90231728875e-10
6.51596025364e-09	-5.05720534894e-10
6.51720044402e-09	-5.99834973358e-10
6.5184406344e-09	-6.65959856705e-10
6.51968082478e-09	-6.99854889319e-10
6.52092101516e-09	-7.00034759327e-10
6.52216120554e-09	-6.67531849241e-10
6.52340139592e-09	-6.05214094118e-10
6.5246415863e-09	-5.17018171331e-10
6.52588177668e-09	-4.07528111951e-10
6.52712196706e-09	-2.8184637263e-10
6.52836215744e-09	-1.45711213928e-10
6.52960234782e-09	-5.81469486276e-12
6.5308425382e-09	1.30391112838e-10
6.53208272858e-09	2.55294375917e-10
6.53332291895e-09	3.62117325708e-10
6.53456310933e-09	4.46072616345e-10
6.53580329971e-09	5.05165798081e-10
6.53704349009e-09	5.40291429652e-10
6.53828368047e-09	5.54482709747e-10
6.53952387085e-09	5.51792972425e-10
6.54076406123e-09	5.35810992797e-10
6.54200425161e-09	5.08727636406e-10
6.54324444199e-09	4.71200682639e-10
6.54448463237e-09	4.22808073275e-10
6.54572482275e-09	3.63005705356e-10
6.54696501313e-09	2.9194346593e-10
6.54820520351e-09	2.10810466306e-10
6.54944539389e-09	1.21475685413e-10
6.55068558427e-09	2.60264565975e-11
6.55192577465e-09	-7.36783134503e-11
6.55316596503e-09	-1.76043261566e-10
6.55440615541e-09	-2.79042417645e-10
6.55564634578e-09	-3.79538862144e-10
6.55688653616e-09	-4.72762440307e-10
6.55812672654e-09	-5.52506713991e-10
6.55936691692e-09	-6.11975754794e-10
6.5606071073e-09	-6.45133543808e-10
6.56184729768e-09	-6.47900288975e-10
6.56308748806e-09	-6.18815394759e-10
6.56432767844e-09	-5.59271275125e-10
6.56556786882e-09	-4.72973583909e-10
6.5668080592e-09	-3.65224812199e-10
6.56804824958e-09	-2.42182190968e-10
6.56928843996e-09	-1.10229859962e-10
6.57052863034e-09	2.44093196176e-11
6.57176882072e-09	1.55875961444e-10
6.5730090111e-09	2.78615394644e-10
6.57424920148e-09	3.8744810138e-10
6.57548939186e-09	4.77542345945e-10
6.57672958224e-09	5.44675790581e-10
6.57796977261e-09	5.85841999912e-10
6.57920996299e-09	5.99759013287e-10
6.58045015337e-09	5.87325625634e-10
6.58169034375e-09	5.51582418629e-10
6.58293053413e-09	4.97163463176e-10
6.58417072451e-09	4.29237909105e-10
6.58541091489e-09	3.52506471929e-10
6.58665110527e-09	2.70469181773e-10
6.58789129565e-09	1.85113589388e-10
6.58913148603e-09	9.73867601145e-11
6.59037167641e-09	7.79175866623e-12
6.59161186679e-09	-8.28613505935e-11
6.59285205717e-09	-1.72923170574e-10
6.59409224755e-09	-2.59776949951e-10
6.59533243793e-09	-3.40146910638e-10
6.59657262831e-09	-4.10701535281e-10
6.59781281869e-09	-4.68537236786e-10
6.59905300907e-09	-5.11585024343e-10
6.60029319945e-09	-5.38404355821e-10
6.60153338982e-09	-5.4779802916e-10
6.6027735802e-09	-5.38502534231e-10
6.60401377058e-09	-5.09113695646e-10
6.60525396096e-09	-4.5856175801e-10
6.60649415134e-09	-3.86832045562e-10
6.60773434172e-09	-2.95728542349e-10
6.6089745321e-09	-1.89039159326e-10
6.61021472248e-09	-7.22307864562e-11
6.61145491286e-09	4.83834192329e-11
6.61269510324e-09	1.66689556255e-10
6.61393529362e-09	2.77402947835e-10
6.615175484e-09	3.76340229813e-10
6.61641567438e-09	4.60187381257e-10
6.61765586476e-09	5.26048704597e-10
6.61889605514e-09	5.71101999025e-10
6.62013624552e-09	5.92668303323e-10
6.6213764359e-09	5.88738960361e-10
6.62261662628e-09	5.58568732933e-10
6.62385681665e-09	5.03321759271e-10
6.62509700703e-09	4.26192539593e-10
6.62633719741e-09	3.32073726156e-10
6.62757738779e-09	2.26944064236e-10
6.62881757817e-09	1.16978062653e-10
6.63005776855e-09	7.78265158482e-12
6.63129795893e-09	-9.61495397189e-11
6.63253814931e-09	-1.91548756023e-10
6.63377833969e-09	-2.76313076586e-10
6.63501853007e-09	-3.4908518437e-10
6.63625872045e-09	-4.08791025336e-10
6.63749891083e-09	-4.54411647199e-10
6.63873910121e-09	-4.84812599788e-10
6.63997929159e-09	-4.98940763705e-10
6.64121948197e-09	-4.96115898363e-10
6.64245967235e-09	-4.76347856992e-10
6.64369986273e-09	-4.40453798434e-10
6.64494005311e-09	-3.90045939991e-10
6.64618024348e-09	-3.2736080513e-10
6.64742043386e-09	-2.54833192742e-10
6.64866062424e-09	-1.74857704704e-10
6.64990081462e-09	-8.95055670205e-11
6.651141005e-09	-5.08723163421e-13
6.65238119538e-09	9.04623181919e-11
6.65362138576e-09	1.81405657856e-10
6.65486157614e-09	2.69626227595e-10
6.65610176652e-09	3.5163096393e-10
6.6573419569e-09	4.23292928486e-10
6.65858214728e-09	4.80486588017e-10
6.65982233766e-09	5.19734498494e-10
6.66106252804e-09	5.38615659018e-10
6.66230271842e-09	5.35905243793e-10
6.6635429088e-09	5.11258223257e-10
6.66478309918e-09	4.64877331074e-10
6.66602328956e-09	3.9745642888e-10
6.66726347994e-09	3.10531732273e-10
6.66850367031e-09	2.07030524668e-10
6.66974386069e-09	9.17258057703e-11
6.67098405107e-09	-2.87827929893e-11
6.67222424145e-09	-1.46902021797e-10
6.67346443183e-09	-2.55187905529e-10
6.67470462221e-09	-3.47512168347e-10
6.67594481259e-09	-4.19842799415e-10
6.67718500297e-09	-4.70329719615e-10
6.67842519335e-09	-4.98901385482e-10
6.67966538373e-09	-5.06648799303e-10
6.68090557411e-09	-4.95283765389e-10
6.68214576449e-09	-4.66701330359e-10
6.68338595487e-09	-4.22923432386e-10
6.68462614525e-09	-3.66115939648e-10
6.68586633563e-09	-2.98626331996e-10
6.68710652601e-09	-2.23095014684e-10
6.68834671639e-09	-1.42454607138e-10
6.68958690677e-09	-5.97958835225e-11
6.69082709715e-09	2.18710772149e-11
6.69206728752e-09	9.98917146916e-11
6.6933074779e-09	1.72278339164e-10
6.69454766828e-09	2.37830522637e-10
6.69578785866e-09	2.95980889103e-10
6.69702804904e-09	3.46517297495e-10
6.69826823942e-09	3.89127802897e-10
6.6995084298e-09	4.22951673684e-10
6.70074862018e-09	4.46382653063e-10
6.70198881056e-09	4.57108267904e-10
6.70322900094e-09	4.52420031993e-10
6.70446919132e-09	4.29841599814e-10
6.7057093817e-09	3.87834871857e-10
6.70694957208e-09	3.26354516328e-10
6.70818976246e-09	2.47115321261e-10
6.70942995284e-09	1.53519395113e-10
6.71067014322e-09	5.00945014636e-11
6.7119103336e-09	-5.80592770041e-11
6.71315052398e-09	-1.65649455958e-10
6.71439071435e-09	-2.67372620572e-10
6.71563090473e-09	-3.57849024718e-10
6.71687109511e-09	-4.31726238093e-10
6.71811128549e-09	-4.8413469067e-10
6.71935147587e-09	-5.1152476005e-10
6.72059166625e-09	-5.12465132829e-10
6.72183185663e-09	-4.88146439936e-10
6.72307204701e-09	-4.42179202975e-10
6.72431223739e-09	-3.79636266867e-10
6.72555242777e-09	-3.05923928551e-10
6.72679261815e-09	-2.25749630794e-10
6.72803280853e-09	-1.42623680227e-10
6.72927299891e-09	-5.89793465802e-11
6.73051318929e-09	2.32980600957e-11
6.73175337967e-09	1.02315352371e-10
6.73299357005e-09	1.75903298871e-10
6.73423376043e-09	2.41618149099e-10
6.73547395081e-09	2.97175326014e-10
6.73671414118e-09	3.4089951001e-10
6.73795433156e-09	3.72004430732e-10
6.73919452194e-09	3.90687929924e-10
6.74043471232e-09	3.97832607135e-10
6.7416749027e-09	3.94512509466e-10
6.74291509308e-09	3.81420641599e-10
6.74415528346e-09	3.5859177433e-10
6.74539547384e-09	3.25337590201e-10
6.74663566422e-09	2.80587046653e-10
6.7478758546e-09	2.23537775096e-10
6.74911604498e-09	1.54192868543e-10
6.75035623536e-09	7.39083143644e-11
6.75159642574e-09	-1.44525502677e-11
6.75283661612e-09	-1.06682626275e-10
6.7540768065e-09	-1.97691616549e-10
6.75531699688e-09	-2.8209548586e-10
6.75655718726e-09	-3.5483486982e-10
6.75779737764e-09	-4.11743271422e-10
6.75903756801e-09	-4.49728899954e-10
6.76027775839e-09	-4.6695075584e-10
6.76151794877e-09	-4.62748776797e-10
6.76275813915e-09	-4.37497926775e-10
6.76399832953e-09	-3.92617625911e-10
