% time-domain voltage integration by openEMS v0.37.0-rc1-2-g7b051bb @Mon Aug  3 23:55:00 2026
% start-coordinates: (0.00409526,0.00264633,0.00192004) m -> [97,78,47]
% stop-coordinates: (0.00447573,0.00264633,0.00192004) m -> [103,78,47]
% t/s	voltage
0	0
1.19341269065e-12	0
2.3868253813e-12	0
3.58023807195e-12	0
4.7736507626e-12	0
5.96706345326e-12	0
7.16047614391e-12	0
8.35388883456e-12	0
9.54730152521e-12	0
1.07407142159e-11	0
1.19341269065e-11	0
1.31275395972e-11	0
1.43209522878e-11	0
1.55143649785e-11	0
1.67077776691e-11	0
1.79011903598e-11	0
1.90946030504e-11	0
2.02880157411e-11	0
2.14814284317e-11	1.29703127956e-33
2.26748411224e-11	2.66838824464e-30
2.3868253813e-11	1.98964578604e-27
2.50616665037e-11	6.28109249116e-25
2.62550791943e-11	9.45756244689e-23
2.7448491885e-11	7.39318084519e-21
2.86419045756e-11	3.19319134575e-19
2.98353172663e-11	7.97620739507e-18
3.10287299569e-11	1.18262315752e-16
3.22221426476e-11	1.01805515941e-15
3.34155553382e-11	3.95112467821e-15
3.46089680289e-11	-1.42607783077e-14
3.58023807195e-11	-2.96530456728e-13
3.69957934102e-11	-2.03487740032e-12
3.81892061008e-11	-8.64927281272e-12
3.93826187915e-11	-2.56368739172e-11
4.05760314821e-11	-5.43960492969e-11
4.17694441728e-11	-7.50056119644e-11
4.29628568634e-11	-1.54327551172e-11
4.41562695541e-11	2.8719373147e-10
4.53496822447e-11	1.11291077048e-09
4.65430949354e-11	2.84211468249e-09
4.7736507626e-11	5.84613890631e-09
4.89299203167e-11	1.02354231757e-08
5.01233330073e-11	1.5437594536e-08
5.1316745698e-11	1.96324532187e-08
5.25101583886e-11	1.92166125235e-08
5.37035710793e-11	8.67537364169e-09
5.48969837699e-11	-1.8621519271e-08
5.60903964606e-11	-6.83507734855e-08
5.72838091513e-11	-1.42064745745e-07
5.84772218419e-11	-2.33831336516e-07
5.96706345326e-11	-3.28171516628e-07
6.08640472232e-11	-4.00792824706e-07
6.20574599139e-11	-4.22914464338e-07
6.32508726045e-11	-3.68485043367e-07
6.44442852952e-11	-2.22012717543e-07
6.56376979858e-11	1.61521382935e-08
6.68311106765e-11	3.29051651704e-07
6.80245233671e-11	6.86354411528e-07
6.92179360578e-11	1.04865920036e-06
7.04113487484e-11	1.3696303256e-06
7.16047614391e-11	1.59513545839e-06
7.27981741297e-11	1.66316924322e-06
7.39915868204e-11	1.51136340776e-06
7.5184999511e-11	1.0967010482e-06
7.63784122017e-11	4.24423191703e-07
7.75718248923e-11	-4.27009663184e-07
7.8765237583e-11	-1.30266535336e-06
7.99586502736e-11	-2.00239161074e-06
8.11520629643e-11	-2.34380485153e-06
8.23454756549e-11	-2.23426059165e-06
8.35388883456e-11	-1.71878028254e-06
8.47323010362e-11	-9.75214838661e-07
8.59257137269e-11	-2.51858418565e-07
8.71191264175e-11	2.30419981762e-07
8.83125391082e-11	3.68418863417e-07
8.95059517988e-11	2.17551569648e-07
9.06993644895e-11	-3.6425023886e-08
9.18927771801e-11	-1.62948941451e-07
9.30861898708e-11	9.86880799303e-09
9.42796025614e-11	5.18770715274e-07
9.54730152521e-11	1.24773440291e-06
9.66664279427e-11	1.97215449305e-06
9.78598406334e-11	2.44328759891e-06
9.9053253324e-11	2.4761468751e-06
1.00246666015e-10	2.01015234325e-06
1.01440078705e-10	1.12514463524e-06
1.02633491396e-10	1.43692826526e-08
1.03826904087e-10	-1.07215491596e-06
1.05020316777e-10	-1.8950417342e-06
1.06213729468e-10	-2.28695748206e-06
1.07407142159e-10	-2.19347722918e-06
1.08600554849e-10	-1.68415152757e-06
1.0979396754e-10	-9.29349091905e-07
1.10987380231e-10	-1.47949950957e-07
1.12180792921e-10	4.60323200002e-07
1.13374205612e-10	7.75935440345e-07
1.14567618303e-10	7.92119379867e-07
1.15761030993e-10	6.06156056904e-07
1.16954443684e-10	3.71897703744e-07
1.18147856374e-10	2.32486035756e-07
1.19341269065e-10	2.60305332844e-07
1.20534681756e-10	4.29245968547e-07
1.21728094446e-10	6.30092571896e-07
1.22921507137e-10	7.21942512882e-07
1.24114919828e-10	5.9758215798e-07
1.25308332518e-10	2.34527885112e-07
1.26501745209e-10	-2.89813897325e-07
1.276951579e-10	-8.25228418933e-07
1.2888857059e-10	-1.20599509046e-06
1.30081983281e-10	-1.31338025255e-06
1.31275395972e-10	-1.11748363452e-06
1.32468808662e-10	-6.81520177181e-07
1.33662221353e-10	-1.30468211346e-07
1.34855634044e-10	3.9941285479e-07
1.36049046734e-10	8.05286802574e-07
1.37242459425e-10	1.03956956821e-06
1.38435872116e-10	1.10431020772e-06
1.39629284806e-10	1.02829660875e-06
1.40822697497e-10	8.44246514475e-07
1.42016110187e-10	5.78593287059e-07
1.43209522878e-10	2.56680491972e-07
1.44402935569e-10	-8.60826432358e-08
1.45596348259e-10	-3.99222916059e-07
1.4678976095e-10	-6.26238325196e-07
1.47983173641e-10	-7.24760020887e-07
1.49176586331e-10	-6.86428322183e-07
1.50369999022e-10	-5.43983645684e-07
1.51563411713e-10	-3.59121290927e-07
1.52756824403e-10	-1.95901467492e-07
1.53950237094e-10	-9.23934715402e-08
1.55143649785e-10	-4.56928899162e-08
1.56337062475e-10	-1.74060094116e-08
1.57530475166e-10	4.15523691011e-08
1.58723887857e-10	1.60668052196e-07
1.59917300547e-10	3.28311504205e-07
1.61110713238e-10	4.91300458094e-07
1.62304125929e-10	5.75933114533e-07
1.63497538619e-10	5.22495028576e-07
1.6469095131e-10	3.16549577661e-07
1.65884364e-10	3.27978355585e-09
1.67077776691e-10	-3.23649040013e-07
1.68271189382e-10	-5.54370906514e-07
1.69464602072e-10	-6.05201769588e-07
1.70658014763e-10	-4.52736010459e-07
1.71851427454e-10	-1.46089702113e-07
1.73044840144e-10	2.09445532917e-07
1.74238252835e-10	4.91265677027e-07
1.75431665526e-10	6.05973482948e-07
1.76625078216e-10	5.24430557647e-07
1.77818490907e-10	2.90707848905e-07
1.79011903598e-10	1.45366318982e-09
1.80205316288e-10	-2.35055409803e-07
1.81398728979e-10	-3.42627032524e-07
1.8259214167e-10	-3.04535650031e-07
1.8378555436e-10	-1.64490167265e-07
1.84978967051e-10	-2.56864929327e-09
1.86172379742e-10	1.01466280711e-07
1.87365792432e-10	1.00611835308e-07
1.88559205123e-10	-3.293643136e-09
1.89752617814e-10	-1.65109563355e-07
1.90946030504e-10	-3.17331025457e-07
1.92139443195e-10	-3.96784411549e-07
1.93332855885e-10	-3.66008134023e-07
1.94526268576e-10	-2.23844784486e-07
1.95719681267e-10	-3.49460727023e-09
1.96913093957e-10	2.38835928812e-07
1.98106506648e-10	4.40396522805e-07
1.99299919339e-10	5.48915082277e-07
2.00493332029e-10	5.36698081532e-07
2.0168674472e-10	4.08078815184e-07
2.02880157411e-10	1.98532465134e-07
2.04073570101e-10	-3.51271638444e-08
2.05266982792e-10	-2.31104843706e-07
2.06460395483e-10	-3.40720241354e-07
2.07653808173e-10	-3.4248377645e-07
2.08847220864e-10	-2.47309706936e-07
2.10040633555e-10	-9.36065944757e-08
2.11234046245e-10	6.57624630307e-08
2.12427458936e-10	1.79823432589e-07
2.13620871627e-10	2.14321808301e-07
2.14814284317e-10	1.6079298959e-07
2.16007697008e-10	3.83650937685e-08
2.17201109698e-10	-1.11937671576e-07
2.18394522389e-10	-2.38935594865e-07
2.1958793508e-10	-2.9640744259e-07
2.2078134777e-10	-2.58190869573e-07
2.21974760461e-10	-1.28300397861e-07
2.23168173152e-10	5.77019614312e-08
2.24361585842e-10	2.42258181515e-07
2.25554998533e-10	3.64014262288e-07
2.26748411224e-10	3.7945261866e-07
2.27941823914e-10	2.79029698902e-07
2.29135236605e-10	9.20323905973e-08
2.30328649296e-10	-1.22982461548e-07
2.31522061986e-10	-2.98153633338e-07
2.32715474677e-10	-3.79689783614e-07
2.33908887368e-10	-3.45505647203e-07
2.35102300058e-10	-2.11255491323e-07
2.36295712749e-10	-2.32947372503e-08
2.3748912544e-10	1.57782508836e-07
2.3868253813e-10	2.7728024321e-07
2.39875950821e-10	3.02958426346e-07
2.41069363512e-10	2.33640088609e-07
2.42262776202e-10	9.79128733647e-08
2.43456188893e-10	-5.62709780993e-08
2.44649601583e-10	-1.771876601e-07
2.45843014274e-10	-2.25945115062e-07
2.47036426965e-10	-1.88358397324e-07
2.48229839655e-10	-7.91162699798e-08
2.49423252346e-10	6.35344052924e-08
2.50616665037e-10	1.90706296976e-07
2.51810077727e-10	2.59039829587e-07
2.53003490418e-10	2.4482699601e-07
2.54196903109e-10	1.51330155518e-07
2.55390315799e-10	7.18765647001e-09
2.5658372849e-10	-1.43405637587e-07
2.57777141181e-10	-2.55124753323e-07
2.58970553871e-10	-2.95734075451e-07
2.60163966562e-10	-2.55486853007e-07
2.61357379253e-10	-1.49074370626e-07
2.62550791943e-10	-9.82817205397e-09
2.63744204634e-10	1.21212664794e-07
2.64937617325e-10	2.07829536691e-07
2.66131030015e-10	2.28455176554e-07
2.67324442706e-10	1.81058142701e-07
2.68517855396e-10	8.21696124476e-08
2.69711268087e-10	-3.85141341042e-08
2.70904680778e-10	-1.46255779043e-07
2.72098093468e-10	-2.09689664743e-07
2.73291506159e-10	-2.08616311781e-07
2.7448491885e-10	-1.39333074856e-07
2.7567833154e-10	-1.70647456166e-08
2.76871744231e-10	1.26419815061e-07
2.78065156922e-10	2.50107813571e-07
2.79258569612e-10	3.15291192265e-07
2.80451982303e-10	2.9822253822e-07
2.81645394994e-10	1.99603430673e-07
2.82838807684e-10	4.62555380665e-08
2.84032220375e-10	-1.16359746727e-07
2.85225633066e-10	-2.39180408812e-07
2.86419045756e-10	-2.86712332098e-07
2.87612458447e-10	-2.49617015058e-07
2.88805871138e-10	-1.47793670635e-07
2.89999283828e-10	-2.23579099679e-08
2.91192696519e-10	8.01737742862e-08
2.9238610921e-10	1.25185344757e-07
2.935795219e-10	1.02215481412e-07
2.94772934591e-10	2.74569884606e-08
2.95966347281e-10	-6.41353081754e-08
2.97159759972e-10	-1.33116465406e-07
2.98353172663e-10	-1.50804194021e-07
2.99546585353e-10	-1.09075418919e-07
3.00739998044e-10	-2.16637821016e-08
3.01933410735e-10	8.28431252486e-08
3.03126823425e-10	1.72570000956e-07
3.04320236116e-10	2.23416837031e-07
3.05513648807e-10	2.25267193343e-07
3.06707061497e-10	1.82267847038e-07
3.07900474188e-10	1.08159874834e-07
3.09093886879e-10	2.02974899111e-08
3.10287299569e-10	-6.5021883433e-08
3.1148071226e-10	-1.34605279811e-07
3.12674124951e-10	-1.78416675212e-07
3.13867537641e-10	-1.89531743189e-07
3.15060950332e-10	-1.65290430232e-07
3.16254363023e-10	-1.09370272838e-07
3.17447775713e-10	-3.34566259141e-08
3.18641188404e-10	4.37769487327e-08
3.19834601094e-10	1.0113154314e-07
3.21028013785e-10	1.21984851553e-07
3.22221426476e-10	1.01096770067e-07
3.23414839166e-10	4.79179127488e-08
3.24608251857e-10	-1.60287916273e-08
3.25801664548e-10	-6.50461382534e-08
3.26995077238e-10	-7.9584125956e-08
3.28188489929e-10	-5.42460902864e-08
3.2938190262e-10	-6.38933350672e-12
3.3057531531e-10	6.05850170032e-08
3.31768728001e-10	1.02814934344e-07
3.32962140692e-10	1.0980294185e-07
3.34155553382e-10	7.84480187477e-08
3.35348966073e-10	1.95795393232e-08
3.36542378764e-10	-4.72525045758e-08
3.37735791454e-10	-1.01523690788e-07
3.38929204145e-10	-1.28490257545e-07
3.40122616836e-10	-1.22812656933e-07
3.41316029526e-10	-8.85121034244e-08
3.42509442217e-10	-3.60500944652e-08
3.43702854908e-10	2.14403944598e-08
3.44896267598e-10	7.17761388103e-08
3.46089680289e-10	1.0594894384e-07
3.47283092979e-10	1.19007570021e-07
3.4847650567e-10	1.10117777119e-07
3.49669918361e-10	8.20197696427e-08
3.50863331051e-10	4.04621895989e-08
3.52056743742e-10	-6.47187270442e-09
3.53250156433e-10	-4.95060685779e-08
3.54443569123e-10	-7.98371617705e-08
3.55636981814e-10	-9.12283555365e-08
3.56830394505e-10	-8.19440373334e-08
3.58023807195e-10	-5.55375208044e-08
3.59217219886e-10	-2.01081519213e-08
3.60410632577e-10	1.39977018865e-08
3.61604045267e-10	3.73306598966e-08
3.62797457958e-10	4.41411249774e-08
3.63990870649e-10	3.38676997558e-08
3.65184283339e-10	1.10977196321e-08
3.6637769603e-10	-1.61223678852e-08
3.67571108721e-10	-3.86864131841e-08
3.68764521411e-10	-4.90953344645e-08
3.69957934102e-10	-4.35830771472e-08
3.71151346792e-10	-2.29899934645e-08
3.72344759483e-10	7.44310529877e-09
3.73538172174e-10	3.9762896531e-08
3.74731584864e-10	6.55133263194e-08
3.75924997555e-10	7.79544322427e-08
3.77118410246e-10	7.37183514232e-08
3.78311822936e-10	5.3334915151e-08
3.79505235627e-10	2.09938801898e-08
3.80698648318e-10	-1.63526820973e-08
3.81892061008e-10	-5.03459958168e-08
3.83085473699e-10	-7.27676328083e-08
3.8427888639e-10	-7.75115021057e-08
3.8547229908e-10	-6.24687763739e-08
3.86665711771e-10	-3.07356240459e-08
3.87859124462e-10	9.44287681381e-09
3.89052537152e-10	4.66916092456e-08
3.90245949843e-10	6.96832387348e-08
3.91439362534e-10	7.09387668607e-08
3.92632775224e-10	4.93751066699e-08
3.93826187915e-10	1.08866673454e-08
3.95019600606e-10	-3.34555529946e-08
3.96213013296e-10	-7.07798681887e-08
3.97406425987e-10	-9.02661385638e-08
3.98599838677e-10	-8.60708517791e-08
3.99793251368e-10	-5.87435837751e-08
4.00986664059e-10	-1.47571463938e-08
4.02180076749e-10	3.51578650637e-08
4.0337348944e-10	7.86710323553e-08
4.04566902131e-10	1.04606114881e-07
4.05760314821e-10	1.05561142938e-07
4.06953727512e-10	7.99667656537e-08
4.08147140203e-10	3.30286022976e-08
4.09340552893e-10	-2.37485451304e-08
4.10533965584e-10	-7.49068211903e-08
4.11727378275e-10	-1.05070659728e-07
4.12920790965e-10	-1.03767315629e-07
4.14114203656e-10	-6.95253046246e-08
4.15307616347e-10	-1.14825086106e-08
4.16501029037e-10	5.25584180622e-08
4.17694441728e-10	1.01546997477e-07
4.18887854419e-10	1.18159995566e-07
4.20081267109e-10	9.51874561395e-08
4.212746798e-10	3.84834679679e-08
4.2246809249e-10	-3.4580768915e-08
4.23661505181e-10	-1.0065352285e-07
4.24854917872e-10	-1.38248790194e-07
4.26048330562e-10	-1.34802359497e-07
4.27241743253e-10	-9.08461110782e-08
4.28435155944e-10	-1.97915384081e-08
4.29628568634e-10	5.65809936681e-08
4.30821981325e-10	1.1515767806e-07
4.32015394016e-10	1.38925262405e-07
4.33208806706e-10	1.22093864796e-07
4.34402219397e-10	7.1343178476e-08
4.35595632088e-10	3.08453307341e-09
4.36789044778e-10	-6.22578881782e-08
4.37982457469e-10	-1.06528027288e-07
4.3917587016e-10	-1.18685782979e-07
4.4036928285e-10	-9.70404867573e-08
4.41562695541e-10	-4.86699307523e-08
4.42756108232e-10	1.30502397777e-08
4.43949520922e-10	7.17933001937e-08
4.45142933613e-10	1.11925039903e-07
4.46336346304e-10	1.219220227e-07
4.47529758994e-10	9.7433211721e-08
4.48723171685e-10	4.32026965314e-08
4.49916584375e-10	-2.70362476851e-08
4.51109997066e-10	-9.33717529961e-08
4.52303409757e-10	-1.35112449229e-07
4.53496822447e-10	-1.37466448891e-07
4.54690235138e-10	-9.70850200233e-08
4.55883647829e-10	-2.44031890251e-08
4.57077060519e-10	5.87719215517e-08
4.5827047321e-10	1.25967575038e-07
4.59463885901e-10	1.54794166818e-07
4.60657298591e-10	1.34879657665e-07
4.61850711282e-10	7.17427814934e-08
4.63044123973e-10	-1.48064196459e-08
4.64237536663e-10	-9.72001110711e-08
4.65430949354e-10	-1.49467085819e-07
4.66624362045e-10	-1.55756255893e-07
4.67817774735e-10	-1.15284295887e-07
4.69011187426e-10	-4.19966421639e-08
4.70204600117e-10	4.0603551188e-08
4.71398012807e-10	1.07401266547e-07
4.72591425498e-10	1.39549962697e-07
4.73784838188e-10	1.29810453942e-07
4.74978250879e-10	8.38172402595e-08
4.7617166357e-10	1.74332668301e-08
4.7736507626e-10	-4.87905715829e-08
4.78558488951e-10	-9.58842827359e-08
4.79751901642e-10	-1.11703609917e-07
4.80945314332e-10	-9.37343358487e-08
4.82138727023e-10	-4.89624598643e-08
4.83332139714e-10	8.72828376242e-09
4.84525552404e-10	6.26316536412e-08
4.85718965095e-10	9.76682343889e-08
4.86912377786e-10	1.04119090238e-07
4.88105790476e-10	7.99885482294e-08
4.89299203167e-10	3.15495638503e-08
4.90492615858e-10	-2.80571472722e-08
4.91686028548e-10	-8.2094192777e-08
4.92879441239e-10	-1.14686029562e-07
4.9407285393e-10	-1.15507146958e-07
4.9526626662e-10	-8.32138304929e-08
4.96459679311e-10	-2.63373551856e-08
4.97653092001e-10	3.8812984382e-08
4.98846504692e-10	9.29814891748e-08
5.00039917383e-10	1.1984230941e-07
5.01233330073e-10	1.11236157174e-07
5.02426742764e-10	6.98261235499e-08
5.03620155455e-10	8.35577884661e-09
5.04813568145e-10	-5.42885580934e-08
5.06006980836e-10	-9.90040778248e-08
5.07200393527e-10	-1.12408716113e-07
5.08393806217e-10	-9.10019855027e-08
5.09587218908e-10	-4.20851611338e-08
5.10780631599e-10	1.87074740143e-08
5.11974044289e-10	7.26169240295e-08
5.1316745698e-10	1.03679449026e-07
5.14360869671e-10	1.03657701089e-07
5.15554282361e-10	7.40758414608e-08
5.16747695052e-10	2.51617138236e-08
5.17941107743e-10	-2.79777687684e-08
5.19134520433e-10	-7.01846794016e-08
5.20327933124e-10	-9.06959547464e-08
5.21521345815e-10	-8.56997779408e-08
5.22714758505e-10	-5.86899933097e-08
5.23908171196e-10	-1.87676312269e-08
5.25101583886e-10	2.2336669403e-08
5.26294996577e-10	5.35386850409e-08
5.27488409268e-10	6.7234064538e-08
5.28681821958e-10	6.09529999807e-08
5.29875234649e-10	3.76526272383e-08
5.3106864734e-10	4.67970789897e-09
5.3226206003e-10	-2.83813170743e-08
5.33455472721e-10	-5.22033962724e-08
5.34648885412e-10	-6.01540799394e-08
5.35842298102e-10	-5.00058363606e-08
5.37035710793e-10	-2.44415208073e-08
5.38229123484e-10	9.5192297378e-09
5.39422536174e-10	4.24630264284e-08
5.40615948865e-10	6.49846496614e-08
5.41809361556e-10	7.03903930699e-08
5.43002774246e-10	5.65697835242e-08
5.44196186937e-10	2.67892563688e-08
5.45389599628e-10	-1.1107311515e-08
5.46583012318e-10	-4.67608956001e-08
5.47776425009e-10	-7.02346421022e-08
5.48969837699e-10	-7.48229478376e-08
5.5016325039e-10	-5.91365143521e-08
5.51356663081e-10	-2.75529181692e-08
5.52550075771e-10	1.09221417466e-08
5.53743488462e-10	4.53003887735e-08
5.54936901153e-10	6.58953087651e-08
5.56130313843e-10	6.72012658853e-08
5.57323726534e-10	4.94888316993e-08
5.58517139225e-10	1.8503731436e-08
5.59710551915e-10	-1.64369651223e-08
5.60903964606e-10	-4.54216704249e-08
5.62097377297e-10	-6.07491541516e-08
5.63290789987e-10	-5.89907678261e-08
5.64484202678e-10	-4.15043022173e-08
5.65677615369e-10	-1.37458164851e-08
5.66871028059e-10	1.65133036134e-08
5.6806444075e-10	4.13093368401e-08
5.69257853441e-10	5.4505334468e-08
5.70451266131e-10	5.32302633083e-08
5.71644678822e-10	3.83949338989e-08
5.72838091513e-10	1.42872298436e-08
5.74031504203e-10	-1.2632455304e-08
5.75224916894e-10	-3.54149025661e-08
5.76418329584e-10	-4.82850626149e-08
5.77611742275e-10	-4.79462332059e-08
5.78805154966e-10	-3.43699460004e-08
5.79998567656e-10	-1.08427303802e-08
5.81191980347e-10	1.66361620035e-08
5.82385393038e-10	4.06094398109e-08
5.83578805728e-10	5.39944822187e-08
5.84772218419e-10	5.20925471648e-08
5.8596563111e-10	3.42512334051e-08
5.871590438e-10	4.62951532665e-09
5.88352456491e-10	-2.86558354823e-08
5.89545869182e-10	-5.55968275862e-08
5.90739281872e-10	-6.74989557581e-08
5.91932694563e-10	-5.98388671946e-08
5.93126107254e-10	-3.40724786163e-08
5.94319519944e-10	2.53283682916e-09
5.95512932635e-10	3.90415269003e-08
5.96706345326e-10	6.42733457568e-08
5.97899758016e-10	7.04034954779e-08
5.99093170707e-10	5.55158798932e-08
6.00286583397e-10	2.42084607915e-08
6.01479996088e-10	-1.39327780424e-08
6.02673408779e-10	-4.73543173563e-08
6.03866821469e-10	-6.62056605094e-08
6.0506023416e-10	-6.51759499704e-08
6.06253646851e-10	-4.49659647295e-08
6.07447059541e-10	-1.17417112699e-08
6.08640472232e-10	2.48254790058e-08
6.09833884923e-10	5.44596283625e-08
6.11027297613e-10	6.90598627173e-08
6.12220710304e-10	6.48067759457e-08
6.13414122995e-10	4.29732192053e-08
6.14607535685e-10	9.51498768664e-09
6.15800948376e-10	-2.66165658402e-08
6.16994361067e-10	-5.57583583749e-08
6.18187773757e-10	-7.00813993504e-08
6.19381186448e-10	-6.56426779599e-08
6.20574599139e-10	-4.34933689064e-08
6.21768011829e-10	-9.52264561649e-09
6.2296142452e-10	2.69635040961e-08
6.24154837211e-10	5.56830603848e-08
6.25348249901e-10	6.82110634642e-08
6.26541662592e-10	6.0505685795e-08
6.27735075282e-10	3.43728898677e-08
6.28928487973e-10	-2.7505906719e-09
6.30121900664e-10	-3.9724242562e-08
6.31315313354e-10	-6.50051452666e-08
6.32508726045e-10	-7.02975810896e-08
6.33702138736e-10	-5.33667718905e-08
6.34895551426e-10	-1.89819930885e-08
6.36088964117e-10	2.23966023505e-08
6.37282376808e-10	5.79231214104e-08
6.38475789498e-10	7.63866561115e-08
6.39669202189e-10	7.19031358898e-08
6.4086261488e-10	4.5707469809e-08
6.4205602757e-10	5.79247705357e-09
6.43249440261e-10	-3.56659963785e-08
6.44442852952e-10	-6.61474111041e-08
6.45636265642e-10	-7.66182424172e-08
6.46829678333e-10	-6.42554196517e-08
6.48023091024e-10	-3.31420837441e-08
6.49216503714e-10	7.12110997947e-09
6.50409916405e-10	4.44752528139e-08
6.51603329095e-10	6.80005394216e-08
6.52796741786e-10	7.11274648069e-08
6.53990154477e-10	5.33045749762e-08
6.55183567167e-10	2.00152037166e-08
6.56376979858e-10	-1.90479758633e-08
6.57570392549e-10	-5.27481960333e-08
6.58763805239e-10	-7.16416330704e-08
6.5995721793e-10	-7.05217182428e-08
6.61150630621e-10	-4.97451444481e-08
6.62344043311e-10	-1.51111743119e-08
6.63537456002e-10	2.37719703922e-08
6.64730868693e-10	5.61145427902e-08
6.65924281383e-10	7.29167126678e-08
6.67117694074e-10	6.95007935647e-08
6.68311106765e-10	4.68649941077e-08
6.69504519455e-10	1.14680174246e-08
6.70697932146e-10	-2.65243551567e-08
6.71891344837e-10	-5.61490804962e-08
6.73084757527e-10	-6.87944892164e-08
6.74278170218e-10	-6.084115034e-08
6.75471582909e-10	-3.47623743124e-08
6.76664995599e-10	1.4754295008e-09
6.7785840829e-10	3.68305177467e-08
6.7905182098e-10	6.04895307177e-08
6.80245233671e-10	6.52604681406e-08
6.81438646362e-10	4.97320127302e-08
6.82632059052e-10	1.87674285002e-08
6.83825471743e-10	-1.80975132658e-08
6.85018884434e-10	-4.95600662731e-08
6.86212297124e-10	-6.608599179e-08
6.87405709815e-10	-6.27520870822e-08
6.88599122506e-10	-4.07165701155e-08
6.89792535196e-10	-6.74281536162e-09
6.90985947887e-10	2.89074346682e-08
6.92179360578e-10	5.5627884521e-08
6.93372773268e-10	6.56804433063e-08
6.94566185959e-10	5.63954678512e-08
6.9575959865e-10	3.08984438036e-08
6.9695301134e-10	-3.05209649221e-09
6.98146424031e-10	-3.54247018386e-08
6.99339836722e-10	-5.69578970655e-08
7.00533249412e-10	-6.17502942113e-08
7.01726662103e-10	-4.88308287139e-08
7.02920074793e-10	-2.22181435472e-08
7.04113487484e-10	1.03456317957e-08
7.05306900175e-10	3.96937900327e-08
7.06500312865e-10	5.7737349568e-08
7.07693725556e-10	5.96823910293e-08
7.08887138247e-10	4.52351698321e-08
7.10080550937e-10	1.86012931724e-08
7.11273963628e-10	-1.27264632166e-08
7.12467376319e-10	-4.00755681973e-08
7.13660789009e-10	-5.59863142513e-08
7.148542017e-10	-5.62484276934e-08
7.16047614391e-10	-4.1042180321e-08
7.17241027081e-10	-1.48548586765e-08
7.18434439772e-10	1.47889200885e-08
7.19627852463e-10	3.94453008035e-08
7.20821265153e-10	5.21483194404e-08
7.22014677844e-10	4.93900094156e-08
7.23208090535e-10	3.21750652788e-08
7.24401503225e-10	5.69865687972e-09
7.25594915916e-10	-2.2109975184e-08
7.26788328607e-10	-4.29848525663e-08
7.27981741297e-10	-5.07399793293e-08
7.29175153988e-10	-4.31542526158e-08
7.30368566678e-10	-2.26060865582e-08
7.31561979369e-10	4.6651602581e-09
7.3275539206e-10	3.04673446472e-08
7.3394880475e-10	4.71503027732e-08
7.35142217441e-10	4.9888545739e-08
7.36335630132e-10	3.80807021472e-08
7.37529042822e-10	1.54389798723e-08
7.38722455513e-10	-1.12202511726e-08
7.39915868204e-10	-3.41006005655e-08
7.41109280894e-10	-4.67156224815e-08
7.42302693585e-10	-4.57654913966e-08
7.43496106276e-10	-3.1906661313e-08
7.44689518966e-10	-9.42044164898e-09
7.45882931657e-10	1.51802331816e-08
7.47076344348e-10	3.50205495714e-08
7.48269757038e-10	4.47811867588e-08
7.49463169729e-10	4.2005359191e-08
7.5065658242e-10	2.7681564374e-08
7.5184999511e-10	5.83573306345e-09
7.53043407801e-10	-1.75715413331e-08
7.54236820491e-10	-3.62409169341e-08
7.55430233182e-10	-4.51759460951e-08
7.56623645873e-10	-4.19769867754e-08
7.57817058563e-10	-2.74756997154e-08
7.59010471254e-10	-5.54051854396e-09
7.60203883945e-10	1.79316093085e-08
7.61397296635e-10	3.65611736441e-08
7.62590709326e-10	4.52129955697e-08
7.63784122017e-10	4.14491996281e-08
7.64977534707e-10	2.62556867359e-08
7.66170947398e-10	3.87115117739e-09
7.67364360089e-10	-1.93627627265e-08
7.68557772779e-10	-3.67869787965e-08
7.6975118547e-10	-4.3370528946e-08
7.70944598161e-10	-3.72144235428e-08
7.72138010851e-10	-2.018717149e-08
7.73331423542e-10	2.64270699768e-09
7.74524836233e-10	2.44702618168e-08
7.75718248923e-10	3.88428142983e-08
7.76911661614e-10	4.15550500676e-08
7.78105074305e-10	3.19191282294e-08
7.79298486995e-10	1.29033173035e-08
7.80491899686e-10	-9.79571712634e-09
7.81685312376e-10	-2.94931463696e-08
7.82878725067e-10	-4.05172895235e-08
7.84072137758e-10	-3.98071451357e-08
7.85265550448e-10	-2.77632061785e-08
7.86458963139e-10	-7.98840704697e-09
7.8765237583e-10	1.38076706735e-08
7.8884578852e-10	3.14803991763e-08
7.90039201211e-10	4.01579423048e-08
7.91232613902e-10	3.75254951557e-08
7.92426026592e-10	2.43930973198e-08
7.93619439283e-10	4.4297303603e-09
7.94812851974e-10	-1.6859249774e-08
7.96006264664e-10	-3.35674501528e-08
7.97199677355e-10	-4.10052152233e-08
7.98393090046e-10	-3.69578549986e-08
7.99586502736e-10	-2.23561147372e-08
8.00779915427e-10	-1.09957454253e-09
8.01973328118e-10	2.09487027725e-08
8.03166740808e-10	3.7566152411e-08
8.04360153499e-10	4.39099969718e-08
8.05553566189e-10	3.79610889389e-08
8.0674697888e-10	2.11758235391e-08
8.07940391571e-10	-1.85015808229e-09
8.09133804261e-10	-2.46096307777e-08
8.10327216952e-10	-4.05688940219e-08
8.11520629643e-10	-4.50442771971e-08
8.12714042333e-10	-3.66538608354e-08
8.13907455024e-10	-1.77582235583e-08
8.15100867715e-10	6.15492223854e-09
8.16294280405e-10	2.80931802266e-08
8.17487693096e-10	4.16163215e-08
8.18681105787e-10	4.28017616905e-08
8.19874518477e-10	3.13886432401e-08
8.21067931168e-10	1.08736981641e-08
8.22261343859e-10	-1.25932008155e-08
8.23454756549e-10	-3.20593160907e-08
8.2464816924e-10	-4.18508072642e-08
8.25841581931e-10	-3.92264367655e-08
8.27034994621e-10	-2.51236136339e-08
8.28228407312e-10	-3.80788353627e-09
8.29421820002e-10	1.84315971374e-08
8.30615232693e-10	3.51339135563e-08
8.31808645384e-10	4.15326311121e-08
8.33002058074e-10	3.58681542245e-08
8.34195470765e-10	1.98705174537e-08
8.35388883456e-10	-1.80348053158e-09
8.36582296146e-10	-2.28863017426e-08
8.37775708837e-10	-3.73194444236e-08
8.38969121528e-10	-4.09372207244e-08
8.40162534218e-10	-3.26797815475e-08
8.41355946909e-10	-1.48808421141e-08
8.425493596e-10	7.37402927609e-09
8.4374277229e-10	2.76902205609e-08
8.44936184981e-10	4.01773183611e-08
8.46129597672e-10	4.11569471837e-08
8.47323010362e-10	3.02158920107e-08
8.48516423053e-10	1.03787681782e-08
8.49709835744e-10	-1.27394195193e-08
8.50903248434e-10	-3.25072431195e-08
8.52096661125e-10	-4.31743409912e-08
8.53290073816e-10	-4.15643333085e-08
8.54483486506e-10	-2.80140943776e-08
8.55676899197e-10	-6.35653574221e-09
8.56870311887e-10	1.71795579984e-08
8.58063724578e-10	3.57548470831e-08
8.59257137269e-10	4.39608154323e-08
8.60450549959e-10	3.94187971153e-08
8.6164396265e-10	2.35301411688e-08
8.62837375341e-10	1.01759517479e-09
8.64030788031e-10	-2.14581994396e-08
8.65224200722e-10	-3.73278274957e-08
8.66417613413e-10	-4.20421621961e-08
8.67611026103e-10	-3.43954353887e-08
8.68804438794e-10	-1.68211027329e-08
8.69997851485e-10	5.37900873843e-09
8.71191264175e-10	2.56480434668e-08
8.72384676866e-10	3.80994595872e-08
8.73578089557e-10	3.92274284167e-08
8.74771502247e-10	2.88886132793e-08
8.75964914938e-10	1.027110208e-08
8.77158327629e-10	-1.10620487215e-08
8.78351740319e-10	-2.88712875829e-08
8.7954515301e-10	-3.80249396414e-08
8.807385657e-10	-3.6006102544e-08
8.81931978391e-10	-2.35585313479e-08
8.83125391082e-10	-4.43326392263e-09
8.84318803772e-10	1.57641473209e-08
8.85512216463e-10	3.1191402794e-08
8.86705629154e-10	3.74539141923e-08
8.87899041844e-10	3.28100870917e-08
8.89092454535e-10	1.86469062413e-08
8.90285867226e-10	-9.42816491545e-10
8.91479279916e-10	-2.03316963265e-08
8.92672692607e-10	-3.39392380866e-08
8.93866105298e-10	-3.78262647871e-08
8.95059517988e-10	-3.08156611339e-08
8.96252930679e-10	-1.48563764624e-08
8.9744634337e-10	5.50973122682e-09
8.9863975606e-10	2.44348401512e-08
8.99833168751e-10	3.64550438725e-08
9.01026581442e-10	3.8075041342e-08
9.02219994132e-10	2.88189707653e-08
9.03413406823e-10	1.13575253646e-08
9.04606819514e-10	-9.2381055028e-09
9.05800232204e-10	-2.70155406934e-08
9.06993644895e-10	-3.68646149163e-08
9.08187057585e-10	-3.60246841247e-08
9.09380470276e-10	-2.48639437928e-08
9.10573882967e-10	-6.75221645263e-09
9.11767295657e-10	1.29714912145e-08
9.12960708348e-10	2.85657932864e-08
9.14154121039e-10	3.55869507196e-08
9.15347533729e-10	3.2163607333e-08
9.1654094642e-10	1.9489376557e-08
9.17734359111e-10	1.44173442629e-09
9.18927771801e-10	-1.66462401641e-08
9.20121184492e-10	-2.95330897515e-08
9.21314597183e-10	-3.36332819373e-08
9.22508009873e-10	-2.79768530564e-08
9.23701422564e-10	-1.4426108752e-08
9.24894835255e-10	2.95319294019e-09
9.26088247945e-10	1.91200906219e-08
9.27281660636e-10	2.95138007367e-08
9.28475073327e-10	3.13022296972e-08
9.29668486017e-10	2.41414708224e-08
9.30861898708e-10	1.01944502839e-08
9.32055311398e-10	-6.50288123349e-09
9.33248724089e-10	-2.11879143119e-08
9.3444213678e-10	-2.96974249636e-08
9.3563554947e-10	-2.96278728218e-08
9.36828962161e-10	-2.10036421588e-08
9.38022374852e-10	-6.28127266866e-09
9.39215787542e-10	1.0329947342e-08
9.40409200233e-10	2.40739286284e-08
9.41602612924e-10	3.09725969316e-08
9.42796025614e-10	2.90144934745e-08
9.43989438305e-10	1.87019111308e-08
9.45182850996e-10	2.95762339619e-09
9.46376263686e-10	-1.37219284824e-08
9.47569676377e-10	-2.65611419525e-08
9.48763089068e-10	-3.18637036756e-08
9.49956501758e-10	-2.81102079391e-08
9.51149914449e-10	-1.6391807689e-08
9.5234332714e-10	-8.65074123446e-11
9.5353673983e-10	1.60945463623e-08
9.54730152521e-10	2.7524044155e-08
9.55923565212e-10	3.0965450426e-08
9.57116977902e-10	2.5533375414e-08
9.58310390593e-10	1.29141309868e-08
9.59503803283e-10	-3.1628879793e-09
9.60697215974e-10	-1.80321062526e-08
9.61890628665e-10	-2.74700642233e-08
9.63084041355e-10	-2.88958705852e-08
9.64277454046e-10	-2.20726732447e-08
9.65470866737e-10	-9.11310260587e-09
9.66664279427e-10	6.18382312023e-09
9.67857692118e-10	1.94599745207e-08
9.69051104809e-10	2.70135263047e-08
9.70244517499e-10	2.6842671863e-08
9.7143793019e-10	1.91221851686e-08
9.72631342881e-10	6.1415789121e-09
9.73824755571e-10	-8.39042946232e-09
9.75018168262e-10	-2.03709367153e-08
9.76211580953e-10	-2.64516346604e-08
9.77404993643e-10	-2.49578815392e-08
9.78598406334e-10	-1.63519349172e-08
9.79791819025e-10	-3.10757983235e-09
9.80985231715e-10	1.09872794196e-08
9.82178644406e-10	2.1891464641e-08
9.83372057096e-10	2.64572683761e-08
9.84565469787e-10	2.33443042674e-08
9.85758882478e-10	1.34021284071e-08
9.86952295168e-10	-5.38911817949e-10
9.88145707859e-10	-1.44763844245e-08
9.8933912055e-10	-2.43689672885e-08
9.9053253324e-10	-2.73031670606e-08
9.91725945931e-10	-2.23619571749e-08
9.92919358622e-10	-1.08928146503e-08
9.94112771312e-10	3.83191858799e-09
9.95306184003e-10	1.75783188006e-08
9.96499596694e-10	2.63623649577e-08
9.97693009384e-10	2.76288156797e-08
9.98886422075e-10	2.10077713003e-08
1.00007983477e-09	8.41980452027e-09
1.00127324746e-09	-6.49063991442e-09
1.00246666015e-09	-1.94224905048e-08
1.00366007284e-09	-2.66950628269e-08
1.00485348553e-09	-2.62806698625e-08
1.00604689822e-09	-1.83977313384e-08
1.00724031091e-09	-5.38504163483e-09
1.0084337236e-09	8.98472474198e-09
1.00962713629e-09	2.06080794651e-08
1.01082054898e-09	2.62317025879e-08
1.01201396167e-09	2.43309807857e-08
1.01320737436e-09	1.55425120552e-08
1.01440078705e-09	2.42352921065e-09
1.01559419974e-09	-1.1268818656e-08
1.01678761243e-09	-2.16573907696e-08
1.01798102513e-09	-2.58276475762e-08
1.01917443782e-09	-2.26463581221e-08
1.02036785051e-09	-1.30605105619e-08
1.0215612632e-09	1.64719377027e-10
1.02275467589e-09	1.32479507364e-08
1.02394808858e-09	2.24512013425e-08
1.02514150127e-09	2.51550429375e-08
1.02633491396e-09	2.06010675186e-08
1.02752832665e-09	1.01095071203e-08
1.02872173934e-09	-3.28309637809e-09
1.02991515203e-09	-1.56992210343e-08
1.03110856472e-09	-2.35254438152e-08
1.03230197741e-09	-2.44597337939e-08
1.0334953901e-09	-1.81914379116e-08
1.03468880279e-09	-6.51031584198e-09
1.03588221549e-09	7.19774950753e-09
1.03707562818e-09	1.89134818918e-08
1.03826904087e-09	2.51807488194e-08
1.03946245356e-09	2.41108206733e-08
1.04065586625e-09	1.59754907081e-08
1.04184927894e-09	3.12021858351e-09
1.04304269163e-09	-1.07063327093e-08
1.04423610432e-09	-2.14754671823e-08
1.04542951701e-09	-2.60578907341e-08
1.0466229297e-09	-2.31467729428e-08
1.04781634239e-09	-1.36200218881e-08
1.04900975508e-09	-2.67442817892e-10
1.05020316777e-09	1.30455067859e-08
1.05139658046e-09	2.25014580302e-08
1.05258999315e-09	2.54346734785e-08
1.05378340584e-09	2.10756370134e-08
1.05497681854e-09	1.07502230451e-08
1.05617023123e-09	-2.52704401849e-09
1.05736364392e-09	-1.49349470568e-08
1.05855705661e-09	-2.29395626938e-08
1.0597504693e-09	-2.43095705788e-08
1.06094388199e-09	-1.87167876753e-08
1.06213729468e-09	-7.83287845696e-09
1.06333070737e-09	5.198640185e-09
1.06452412006e-09	1.66405011992e-08
1.06571753275e-09	2.32575323444e-08
1.06691094544e-09	2.32001053924e-08
1.06810435813e-09	1.65370850347e-08
1.06929777082e-09	5.2120255889e-09
1.07049118351e-09	-7.51582507341e-09
1.0716845962e-09	-1.79899806163e-08
1.0728780089e-09	-2.32149113266e-08
1.07407142159e-09	-2.16991238311e-08
1.07526483428e-09	-1.38992594101e-08
1.07645824697e-09	-2.09132341999e-09
1.07765165966e-09	1.0273168205e-08
1.07884507235e-09	1.95767391187e-08
1.08003848504e-09	2.30840448978e-08
1.08123189773e-09	1.9766368542e-08
1.08242531042e-09	1.05983735121e-08
1.08361872311e-09	-1.71526420845e-09
1.0848121358e-09	-1.35423323666e-08
1.08600554849e-09	-2.14060378312e-08
1.08719896118e-09	-2.29997090262e-08
1.08839237387e-09	-1.78711352383e-08
1.08958578656e-09	-7.54260909286e-09
1.09077919926e-09	4.96889446255e-09
1.09197261195e-09	1.60144955075e-08
1.09316602464e-09	2.24198779541e-08
1.09435943733e-09	2.23663154664e-08
1.09555285002e-09	1.59209949668e-08
1.09674626271e-09	4.99328656201e-09
1.0979396754e-09	-7.24700444099e-09
1.09913308809e-09	-1.72799969889e-08
1.10032650078e-09	-2.22692251306e-08
1.10151991347e-09	-2.08516894862e-08
1.10271332616e-09	-1.35159716752e-08
1.10390673885e-09	-2.42828215868e-09
1.10510015154e-09	9.20769960278e-09
1.10629356423e-09	1.80832655516e-08
1.10748697692e-09	2.17118099055e-08
1.10868038961e-09	1.9129863249e-08
1.10987380231e-09	1.11303618544e-08
1.111067215e-09	3.24821419762e-11
1.11226062769e-09	-1.09950442084e-08
1.11345404038e-09	-1.88209294816e-08
1.11464745307e-09	-2.1240407877e-08
1.11584086576e-09	-1.75898704491e-08
1.11703427845e-09	-8.94345442148e-09
1.11822769114e-09	2.19610576946e-09
1.11942110383e-09	1.2616679812e-08
1.12061451652e-09	1.93123883552e-08
1.12180792921e-09	2.03728240944e-08
1.1230013419e-09	1.55216188791e-08
1.12419475459e-09	6.20816148489e-09
1.12538816728e-09	-4.82510736921e-09
1.12658157997e-09	-1.43529624852e-08
1.12777499267e-09	-1.96022402754e-08
1.12896840536e-09	-1.90711106907e-08
1.13016181805e-09	-1.29499911905e-08
1.13135523074e-09	-3.05758141028e-09
1.13254864343e-09	7.69677033219e-09
1.13374205612e-09	1.61768287654e-08
1.13493546881e-09	1.99259786449e-08
1.1361288815e-09	1.78793857497e-08
1.13732229419e-09	1.06633500918e-08
1.13851570688e-09	3.93894902806e-10
1.13970911957e-09	-9.94855609004e-09
1.14090253226e-09	-1.73886440802e-08
1.14209594495e-09	-1.98225145187e-08
1.14328935764e-09	-1.65987206202e-08
1.14448277033e-09	-8.69799021697e-09
1.14567618303e-09	1.58370719316e-09
1.14686959572e-09	1.13042974981e-08
1.14806300841e-09	1.77159431569e-08
1.1492564211e-09	1.90510403009e-08
1.15044983379e-09	1.49828054408e-08
1.15164324648e-09	6.72127953294e-09
1.15283665917e-09	-3.36747529861e-09
1.15403007186e-09	-1.24155538073e-08
1.15522348455e-09	-1.78739938406e-08
1.15641689724e-09	-1.82168256035e-08
1.15761030993e-09	-1.3373385177e-08
1.15880372262e-09	-4.74536304695e-09
1.15999713531e-09	5.196736097e-09
1.161190548e-09	1.36062552336e-08
1.16238396069e-09	1.80908030778e-08
1.16357737338e-09	1.73829506345e-08
1.16477078608e-09	1.17145593226e-08
1.16596419877e-09	2.74169961734e-09
1.16715761146e-09	-6.94090296349e-09
1.16835102415e-09	-1.45436221954e-08
1.16954443684e-09	-1.78967687336e-08
1.17073784953e-09	-1.60651167924e-08
1.17193126222e-09	-9.61405666189e-09
1.17312467491e-09	-4.43050277021e-10
1.1743180876e-09	8.7773919244e-09
1.17551150029e-09	1.53701743555e-08
1.17670491298e-09	1.74374110706e-08
1.17789832567e-09	1.4407107396e-08
1.17909173836e-09	7.1868111462e-09
1.18028515105e-09	-2.09689826614e-09
1.18147856374e-09	-1.0736448397e-08
1.18267197644e-09	-1.623253576e-08
1.18386538913e-09	-1.70097027574e-08
1.18505880182e-09	-1.28796494581e-08
1.18625221451e-09	-5.05644631721e-09
1.1874456272e-09	4.188777325e-09
1.18863903989e-09	1.22054462093e-08
1.18983245258e-09	1.67169929011e-08
1.19102586527e-09	1.64604436748e-08
1.19221927796e-09	1.15408258505e-08
1.19341269065e-09	3.37869138223e-09
1.19460610334e-09	-5.69371433334e-09
1.19579951603e-09	-1.31007121817e-08
1.19699292872e-09	-1.67503688697e-08
1.19818634141e-09	-1.56274495566e-08
1.1993797541e-09	-1.00678120285e-08
1.20057316679e-09	-1.6752714771e-09
1.20176657949e-09	7.15417847186e-09
1.20295999218e-09	1.390154869e-08
1.20415340487e-09	1.66497886589e-08
1.20534681756e-09	1.46328699158e-08
1.20654023025e-09	8.43911907022e-09
1.20773364294e-09	-1.40142966676e-10
1.20892705563e-09	-8.64791316335e-09
1.21012046832e-09	-1.46466256901e-08
1.21131388101e-09	-1.64275222314e-08
1.2125072937e-09	-1.34996979151e-08
1.21370070639e-09	-6.71781924533e-09
1.21489411908e-09	1.94737670434e-09
1.21608753177e-09	9.99493632303e-09
1.21728094446e-09	1.51049945885e-08
1.21847435715e-09	1.58155484264e-08
1.21966776985e-09	1.19472515214e-08
1.22086118254e-09	4.64884669649e-09
1.22205459523e-09	-3.93545007693e-09
1.22324800792e-09	-1.13044126282e-08
1.22444142061e-09	-1.53238568501e-08
1.2256348333e-09	-1.48531094091e-08
1.22682824599e-09	-1.00618845478e-08
1.22802165868e-09	-2.37218777954e-09
1.22921507137e-09	5.969958361e-09
1.23040848406e-09	1.25492013447e-08
1.23160189675e-09	1.54780233075e-08
1.23279530944e-09	1.3932492493e-08
1.23398872213e-09	8.37689784206e-09
1.23518213482e-09	4.2278426593e-10
1.23637554751e-09	-7.63989815855e-09
1.23756896021e-09	-1.35016235969e-08
1.2387623729e-09	-1.54910521077e-08
1.23995578559e-09	-1.30518472696e-08
1.24114919828e-09	-6.89778567597e-09
1.24234261097e-09	1.20154691752e-09
1.24353602366e-09	8.92397500341e-09
1.24472943635e-09	1.40687831385e-08
1.24592284904e-09	1.51782555413e-08
1.24711626173e-09	1.19522683972e-08
1.24830967442e-09	5.32962951549e-09
1.24950308711e-09	-2.7879057396e-09
1.2506964998e-09	-1.00750516818e-08
1.25188991249e-09	-1.44522062095e-08
1.25308332518e-09	-1.46744537632e-08
1.25427673787e-09	-1.06889852525e-08
1.25547015056e-09	-3.64978441914e-09
1.25666356326e-09	4.40937081292e-09
1.25785697595e-09	1.11705337202e-08
1.25905038864e-09	1.46855313465e-08
1.26024380133e-09	1.39573690383e-08
1.26143721402e-09	9.21650111785e-09
1.26263062671e-09	1.85323396906e-09
1.2638240394e-09	-5.97990806872e-09
1.26501745209e-09	-1.20201317788e-08
1.26621086478e-09	-1.45272039953e-08
1.26740427747e-09	-1.28109064468e-08
1.26859769016e-09	-7.40603439686e-09
1.26979110285e-09	8.99240820695e-11
1.27098451554e-09	7.48301909326e-09
1.27217792823e-09	1.26395186539e-08
1.27337134092e-09	1.40837954632e-08
1.27456475362e-09	1.14304978815e-08
1.27575816631e-09	5.48007489387e-09
1.276951579e-09	-2.02653588355e-09
1.27814499169e-09	-8.90754769944e-09
1.27933840438e-09	-1.31822990301e-08
1.28053181707e-09	-1.36305081666e-08
1.28172522976e-09	-1.01444088685e-08
1.28291864245e-09	-3.74682102011e-09
1.28411205514e-09	3.70743621914e-09
1.28530546783e-09	1.00735599862e-08
1.28649888052e-09	1.35316396976e-08
1.28769229321e-09	1.3105915575e-08
1.2888857059e-09	8.93629270582e-09
1.29007911859e-09	2.23056190185e-09
1.29127253128e-09	-5.08612935102e-09
1.29246594398e-09	-1.09239282065e-08
1.29365935667e-09	-1.36194521216e-08
1.29485276936e-09	-1.24134551527e-08
1.29604618205e-09	-7.65976104766e-09
1.29723959474e-09	-7.30891486223e-10
1.29843300743e-09	6.38299541e-09
1.29962642012e-09	1.16363497726e-08
1.30081983281e-09	1.35272263391e-08
1.3020132455e-09	1.15241435283e-08
1.30320665819e-09	6.2204637552e-09
1.30440007088e-09	-8.36254496206e-10
1.30559348357e-09	-7.60583251935e-09
1.30678689626e-09	-1.21377016216e-08
1.30798030895e-09	-1.31459920727e-08
1.30917372164e-09	-1.03685480202e-08
1.31036713433e-09	-4.63883381707e-09
1.31156054703e-09	2.36573799439e-09
1.31275395972e-09	8.61606230806e-09
1.31394737241e-09	1.23194900947e-08
1.3151407851e-09	1.24318834116e-08
1.31633419779e-09	8.95981144833e-09
1.31752761048e-09	2.9368334431e-09
1.31872102317e-09	-3.8713329209e-09
1.31991443586e-09	-9.49246548032e-09
1.32110784855e-09	-1.23168062416e-08
1.32230126124e-09	-1.15519969146e-08
1.32349467393e-09	-7.45478773156e-09
1.32468808662e-09	-1.23318497081e-09
1.32588149931e-09	5.30209687266e-09
1.327074912e-09	1.02668797908e-08
1.32826832469e-09	1.22480645626e-08
1.32946173739e-09	1.06950042156e-08
1.33065515008e-09	6.07727462798e-09
1.33184856277e-09	-2.65772022445e-10
1.33304197546e-09	-6.51124792972e-09
1.33423538815e-09	-1.08707766122e-08
1.33542880084e-09	-1.21073034931e-08
1.33662221353e-09	-9.87429582544e-09
1.33781562622e-09	-4.8217237425e-09
1.33900903891e-09	1.59912005859e-09
1.3402024516e-09	7.54448942208e-09
1.34139586429e-09	1.13127383017e-08
1.34258927698e-09	1.18269216642e-08
1.34378268967e-09	8.95027407743e-09
1.34497610236e-09	3.51936124687e-09
1.34616951505e-09	-2.89639517925e-09
1.34736292775e-09	-8.45120839976e-09
1.34855634044e-09	-1.15551573865e-08
1.34974975313e-09	-1.13319182926e-08
1.35094316582e-09	-7.86677267772e-09
1.35213657851e-09	-2.1728515931e-09
1.3533299912e-09	4.09917250144e-09
1.35452340389e-09	9.14964060073e-09
1.35571681658e-09	1.15360171415e-08
1.35691022927e-09	1.05972266518e-08
1.35810364196e-09	6.62836224796e-09
1.35929705465e-09	7.98161883808e-10
1.36049046734e-09	-5.20031262496e-09
1.36168388003e-09	-9.63980417712e-09
1.36287729272e-09	-1.12580175182e-08
1.36407070541e-09	-9.61999946369e-09
1.3652641181e-09	-5.23104576322e-09
1.3664575308e-09	6.16175353796e-10
1.36765094349e-09	6.22590201615e-09
1.36884435618e-09	9.98902349725e-09
1.37003776887e-09	1.08434983215e-08
1.37123118156e-09	8.57130788567e-09
1.37242459425e-09	3.84958248612e-09
1.37361800694e-09	-1.95011193305e-09
1.37481141963e-09	-7.15731002243e-09
1.37600483232e-09	-1.02848550787e-08
1.37719824501e-09	-1.04435137205e-08
1.3783916577e-09	-7.6015825301e-09
1.37958507039e-09	-2.5837353923e-09
1.38077848308e-09	3.163878326e-09
1.38197189577e-09	7.9884848736e-09
1.38316530846e-09	1.0508011461e-08
1.38435872116e-09	1.00042892859e-08
1.38555213385e-09	6.62847898791e-09
1.38674554654e-09	1.35849624605e-09
1.38793895923e-09	-4.28949153974e-09
1.38913237192e-09	-8.69153116145e-09
1.39032578461e-09	-1.05894859548e-08
1.3915191973e-09	-9.44525757607e-09
1.39271260999e-09	-5.59645813025e-09
1.39390602268e-09	-1.56069747403e-10
1.39509943537e-09	5.3108504261e-09
1.39629284806e-09	9.23474752224e-09
1.39748626075e-09	1.04972003312e-08
1.39867967344e-09	8.74629035863e-09
1.39987308613e-09	4.50148895936e-09
1.40106649882e-09	-1.00563486705e-09
1.40225991152e-09	-6.18293372057e-09
1.40345332421e-09	-9.54765688732e-09
1.4046467369e-09	-1.01461979929e-08
1.40584014959e-09	-7.83397902104e-09
1.40703356228e-09	-3.3011678946e-09
1.40822697497e-09	2.1281832685e-09
1.40942038766e-09	6.8872617609e-09
1.41061380035e-09	9.62200219501e-09
1.41180721304e-09	9.56648393835e-09
1.41300062573e-09	6.76832501156e-09
1.41419403842e-09	2.0525426081e-09
1.41538745111e-09	-3.21214022048e-09
1.4165808638e-09	-7.51133799604e-09
1.41777427649e-09	-9.62086399436e-09
1.41896768918e-09	-8.94697449461e-09
1.42016110187e-09	-5.7016381616e-09
1.42135451457e-09	-8.30094923354e-10
1.42254792726e-09	4.25862778375e-09
1.42374133995e-09	8.09884415087e-09
1.42493475264e-09	9.59322976612e-09
1.42612816533e-09	8.31949209523e-09
1.42732157802e-09	4.6566174805e-09
1.42851499071e-09	-3.35564860621e-10
1.4297084034e-09	-5.21571230649e-09
1.43090181609e-09	-8.58356064004e-09
1.43209522878e-09	-9.47290557107e-09
1.43328864147e-09	-7.63475921373e-09
1.43448205416e-09	-3.60227431218e-09
1.43567546685e-09	1.460543117e-09
1.43686887954e-09	6.09438133292e-09
1.43806229223e-09	8.96519192217e-09
1.43925570493e-09	9.24879739461e-09
1.44044911762e-09	6.86923462556e-09
1.44164253031e-09	2.51915091565e-09
1.442835943e-09	-2.54055357307e-09
1.44402935569e-09	-6.85078815899e-09
1.44522276838e-09	-9.17376530296e-09
1.44641618107e-09	-8.85389994654e-09
1.44760959376e-09	-5.99976773819e-09
1.44880300645e-09	-1.44984621531e-09
1.44999641914e-09	3.47898654329e-09
1.45118983183e-09	7.37040023457e-09
1.45238324452e-09	9.12145425858e-09
1.45357665721e-09	8.2482478625e-09
1.4547700699e-09	5.02720570728e-09
1.45596348259e-09	3.98739305463e-10
1.45715689528e-09	-4.29757529563e-09
1.45835030798e-09	-7.71740249483e-09
1.45954372067e-09	-8.89178675134e-09
1.46073713336e-09	-7.50128198446e-09
1.46193054605e-09	-3.96799487712e-09
1.46312395874e-09	6.78840719748e-10
1.46431737143e-09	5.09362541035e-09
1.46551078412e-09	8.0106943301e-09
1.46670419681e-09	8.60180537909e-09
1.4678976095e-09	6.7116567859e-09
1.46909102219e-09	2.90111557e-09
1.47028443488e-09	-1.72583219937e-09
1.47147784757e-09	-5.83391196463e-09
1.47267126026e-09	-8.24466006577e-09
1.47386467295e-09	-8.27396462455e-09
1.47505808564e-09	-5.91827820084e-09
1.47625149834e-09	-1.8669865931e-09
1.47744491103e-09	2.71208280833e-09
1.47863832372e-09	6.49447068346e-09
1.47983173641e-09	8.39200753333e-09
1.4810251491e-09	7.86077231085e-09
1.48221856179e-09	5.06030684022e-09
1.48341197448e-09	8.07249309065e-10
1.48460538717e-09	-3.66509003702e-09
1.48579879986e-09	-7.06421371399e-09
1.48699221255e-09	-8.41370506599e-09
1.48818562524e-09	-7.33382643503e-09
1.48937903793e-09	-4.14917550318e-09
1.49057245062e-09	2.15008913451e-10
1.49176586331e-09	4.49520726198e-09
1.492959276e-09	7.46643291638e-09
1.4941526887e-09	8.2821517422e-09
1.49534610139e-09	6.72446331951e-09
1.49653951408e-09	3.25418331171e-09
1.49773292677e-09	-1.12088127668e-09
1.49892633946e-09	-5.14184317346e-09
1.50011975215e-09	-7.6603376975e-09
1.50131316484e-09	-7.967604021e-09
1.50250657753e-09	-5.99462290918e-09
1.50369999022e-09	-2.32669228328e-09
1.50489340291e-09	1.97079752517e-09
1.5060868156e-09	5.66154489956e-09
1.50728022829e-09	7.69419805646e-09
1.50847364098e-09	7.50191037069e-09
1.50966705367e-09	5.15913078925e-09
1.51086046636e-09	1.35541718127e-09
1.51205387905e-09	-2.80853335033e-09
1.51324729175e-09	-6.13493128521e-09
1.51444070444e-09	-7.67693580928e-09
1.51563411713e-09	-6.99994584519e-09
1.51682752982e-09	-4.31275382073e-09
1.51802094251e-09	-3.95689127297e-10
1.5192143552e-09	3.61712129693e-09
1.52040776789e-09	6.57008886185e-09
1.52160118058e-09	7.61591639753e-09
1.52279459327e-09	6.46105707824e-09
1.52398800596e-09	3.44716893919e-09
1.52518141865e-09	-5.46497201659e-10
1.52637483134e-09	-4.36426905726e-09
1.52756824403e-09	-6.90351986687e-09
1.52876165672e-09	-7.43882072607e-09
1.52995506941e-09	-5.82631032309e-09
1.53114848211e-09	-2.53981599641e-09
1.5323418948e-09	1.46194015227e-09
1.53353530749e-09	5.02673652703e-09
1.53472872018e-09	7.12716313744e-09
1.53592213287e-09	7.16829295921e-09
1.53711554556e-09	5.14736459012e-09
1.53830895825e-09	1.6552065274e-09
1.53950237094e-09	-2.29671553997e-09
1.54069578363e-09	-5.57118484679e-09
1.54188919632e-09	-7.23306281536e-09
1.54308260901e-09	-6.81374789924e-09
1.5442760217e-09	-4.45042191988e-09
1.54546943439e-09	-8.30749295744e-10
1.54666284708e-09	2.99722197061e-09
1.54785625977e-09	5.9389238527e-09
1.54904967247e-09	7.16212622542e-09
1.55024308516e-09	6.3305837239e-09
1.55143649785e-09	3.7020000121e-09
1.55262991054e-09	3.95911567419e-11
1.55382332323e-09	-3.60089005835e-09
1.55501673592e-09	-6.1800988771e-09
1.55621014861e-09	-6.96870317007e-09
1.5574035613e-09	-5.75334879738e-09
1.55859697399e-09	-2.89563925615e-09
1.55979038668e-09	7.7372854651e-10
1.56098379937e-09	4.19746637448e-09
1.56217721206e-09	6.39111397138e-09
1.56337062475e-09	6.73279682006e-09
1.56456403744e-09	5.1324522965e-09
1.56575745013e-09	2.06322711693e-09
1.56695086282e-09	-1.58413794582e-09
1.56814427552e-09	-4.7555000493e-09
1.56933768821e-09	-6.54048443183e-09
1.5705311009e-09	-6.43210545936e-09
1.57172451359e-09	-4.47204234755e-09
1.57291792628e-09	-1.23435048294e-09
1.57411133897e-09	2.34205010941e-09
1.57530475166e-09	5.2252198679e-09
1.57649816435e-09	6.58770998863e-09
1.57769157704e-09	6.04452149444e-09
1.57888498973e-09	3.76086792264e-09
1.58007840242e-09	4.03325352283e-10
1.58127181511e-09	-3.05450570393e-09
1.5824652278e-09	-5.6174183638e-09
1.58365864049e-09	-6.54928083987e-09
1.58485205318e-09	-5.59335311401e-09
1.58604546588e-09	-3.03240696442e-09
1.58723887857e-09	3.86359021165e-10
1.58843229126e-09	3.67757949093e-09
1.58962570395e-09	5.89894821879e-09
1.59081911664e-09	6.42047814914e-09
1.59201252933e-09	5.10519665431e-09
1.59320594202e-09	2.34065369864e-09
1.59439935471e-09	-1.07485127743e-09
1.5955927674e-09	-4.16054624086e-09
1.59678618009e-09	-6.03954714018e-09
1.59797959278e-09	-6.1818636321e-09
1.59917300547e-09	-4.5581266539e-09
1.60036641816e-09	-1.64493046961e-09
1.60155983085e-09	1.71789665826e-09
1.60275324354e-09	4.56215581979e-09
1.60394665624e-09	6.07852562728e-09
1.60514006893e-09	5.8393513358e-09
1.60633348162e-09	3.92571322672e-09
1.60752689431e-09	8.98122402837e-10
1.608720307e-09	-2.36721631186e-09
1.60991371969e-09	-4.93030627435e-09
1.61110713238e-09	-6.05884292737e-09
1.61230054507e-09	-5.43809997033e-09
1.61349395776e-09	-3.25431309678e-09
1.61468737045e-09	-1.46649380139e-10
1.61588078314e-09	2.98836752566e-09
1.61707419583e-09	5.24578791516e-09
1.61826760852e-09	5.98087079862e-09
1.61946102121e-09	4.98874719312e-09
1.6206544339e-09	2.56331306181e-09
1.62184784659e-09	-5.87088273829e-10
1.62304125929e-09	-3.55190965529e-09
1.62423467198e-09	-5.47471107337e-09
1.62542808467e-09	-5.80858783295e-09
1.62662149736e-09	-4.46524445197e-09
1.62781491005e-09	-1.8428711196e-09
1.62900832274e-09	1.29650978842e-09
1.63020173543e-09	4.04528843756e-09
1.63139514812e-09	5.61652824249e-09
1.63258856081e-09	5.56417623088e-09
1.6337819735e-09	3.91413568224e-09
1.63497538619e-09	1.14671311335e-09
1.63616879888e-09	-1.93680706195e-09
1.63736221157e-09	-4.45277420491e-09
1.63855562426e-09	-5.68215696717e-09
1.63974903695e-09	-5.27944782336e-09
1.64094244965e-09	-3.36892472252e-09
1.64213586234e-09	-5.04121855371e-10
1.64332927503e-09	2.48835146932e-09
1.64452268772e-09	4.75247580178e-09
1.64571610041e-09	5.64350688403e-09
1.6469095131e-09	4.91562646143e-09
1.64810292579e-09	2.78705447609e-09
1.64929633848e-09	-1.22853775764e-10
1.65048975117e-09	-2.97706542751e-09
1.65168316386e-09	-4.95649449261e-09
1.65287657655e-09	-5.5023178791e-09
1.65406998924e-09	-4.46450149072e-09
1.65526340193e-09	-2.15281628635e-09
1.65645681462e-09	7.63079474608e-10
1.65765022731e-09	3.44153333609e-09
1.65884364e-09	5.11313846818e-09
1.6600370527e-09	5.3028915703e-09
1.66123046539e-09	3.96369820299e-09
1.66242387808e-09	1.48932879918e-09
1.66361729077e-09	-1.39925167286e-09
1.66481070346e-09	-3.86830695254e-09
1.66600411615e-09	-5.20670895288e-09
1.66719752884e-09	-5.03669539409e-09
1.66839094153e-09	-3.41694941786e-09
1.66958435422e-09	-8.22397004663e-10
1.67077776691e-09	1.99062688555e-09
1.6719711796e-09	4.21443629994e-09
1.67316459229e-09	5.20892251554e-09
1.67435800498e-09	4.69946975779e-09
1.67555141767e-09	2.83872325646e-09
1.67674483036e-09	1.71941010041e-10
1.67793824306e-09	-2.5309366547e-09
1.67913165575e-09	-4.49159565097e-09
1.68032506844e-09	-5.15054771055e-09
1.68151848113e-09	-4.32510127713e-09
1.68271189382e-09	-2.25972501822e-09
1.68390530651e-09	4.45511270236e-10
1.6850987192e-09	3.01093733279e-09
1.68629213189e-09	4.70077726744e-09
1.68748554458e-09	5.03576585986e-09
1.68867895727e-09	3.92670757021e-09
1.68987236996e-09	1.70014553824e-09
1.69106578265e-09	-1.00105894407e-09
1.69225919534e-09	-3.40074751692e-09
1.69345260803e-09	-4.81454665024e-09
1.69464602072e-09	-4.84293527503e-09
1.69583943342e-09	-3.48664586092e-09
1.69703284611e-09	-1.14037812526e-09
1.6982262588e-09	1.51674930948e-09
1.69941967149e-09	3.72261071968e-09
1.70061308418e-09	4.84551099245e-09
1.70180649687e-09	4.5704268703e-09
1.70299990956e-09	2.98351665595e-09
1.70419332225e-09	5.49955088414e-10
1.70538673494e-09	-2.02547739692e-09
1.70658014763e-09	-4.00046568094e-09
1.70777356032e-09	-4.81039508227e-09
1.70896697301e-09	-4.2304827419e-09
1.7101603857e-09	-2.43632480856e-09
1.71135379839e-09	4.615230767e-11
1.71254721108e-09	2.49930537377e-09
1.71374062377e-09	4.21638557402e-09
1.71493403647e-09	4.70932692842e-09
1.71612744916e-09	3.84384957197e-09
1.71732086185e-09	1.87800043572e-09
1.71851427454e-09	-6.16184846203e-10
1.71970768723e-09	-2.91656468421e-09
1.72090109992e-09	-4.36413799543e-09
1.72209451261e-09	-4.5450737618e-09
1.7232879253e-09	-3.4174925112e-09
1.72448133799e-09	-1.31181142338e-09
1.72567475068e-09	1.15886808483e-09
1.72686816337e-09	3.28194621479e-09
1.72806157606e-09	4.45024495033e-09
1.72925498875e-09	4.33220437301e-09
1.73044840144e-09	2.97142072059e-09
1.73164181413e-09	7.63318880326e-10
1.73283522683e-09	-1.65303161437e-09
1.73402863952e-09	-3.584562841e-09
1.73522205221e-09	-4.48047726698e-09
1.7364154649e-09	-4.08862299572e-09
1.73760887759e-09	-2.52727547223e-09
1.73880229028e-09	-2.49559747867e-10
1.73999570297e-09	2.08946598912e-09
1.74118911566e-09	3.81781747882e-09
1.74238252835e-09	4.44398318145e-09
1.74357594104e-09	3.79313225274e-09
1.74476935373e-09	2.05938530118e-09
1.74596276642e-09	-2.53778692505e-10
1.74715617911e-09	-2.47897541383e-09
1.7483495918e-09	-3.97825195009e-09
1.74954300449e-09	-4.32540586681e-09
1.75073641719e-09	-3.42951508858e-09
1.75192982988e-09	-1.55463253382e-09
1.75312324257e-09	7.52952103444e-10
1.75431665526e-09	2.82834161647e-09
1.75551006795e-09	4.07691869153e-09
1.75670348064e-09	4.14454842668e-09
1.75789689333e-09	3.02085975679e-09
1.75909030602e-09	1.03507379057e-09
1.76028371871e-09	-1.2342236122e-09
1.7614771314e-09	-3.13401438135e-09
1.76267054409e-09	-4.11861278415e-09
1.76386395678e-09	-3.91193927252e-09
1.76505736947e-09	-2.5808426507e-09
1.76625078216e-09	-5.16529014005e-10
1.76744419485e-09	1.68242386689e-09
1.76863760754e-09	3.38269617872e-09
1.76983102024e-09	4.0990841832e-09
1.77102443293e-09	3.63235141965e-09
1.77221784562e-09	2.1244968007e-09
1.77341125831e-09	1.45371388538e-11
1.774604671e-09	-2.0876834983e-09
1.77579808369e-09	-3.57955123875e-09
1.77699149638e-09	-4.03567318452e-09
1.77818490907e-09	-3.33011823672e-09
1.77937832176e-09	-1.67141628316e-09
1.78057173445e-09	4.61095162052e-10
1.78176514714e-09	2.45180620251e-09
1.78295855983e-09	3.73096037398e-09
1.78415197252e-09	3.93347332484e-09
1.78534538521e-09	3.0066592549e-09
1.7865387979e-09	1.22170458472e-09
1.7877322106e-09	-9.04934703561e-10
1.78892562329e-09	-2.76137551714e-09
1.79011903598e-09	-3.81630371749e-09
1.79131244867e-09	-3.77223341452e-09
1.79250586136e-09	-2.64674493433e-09
1.79369927405e-09	-7.70107255743e-10
1.79489268674e-09	1.31664357195e-09
1.79608609943e-09	3.01263011759e-09
1.79727951212e-09	3.83404380466e-09
1.79847292481e-09	3.5500599127e-09
1.7996663375e-09	2.24858448528e-09
1.80085975019e-09	3.10191212993e-10
1.80205316288e-09	-1.70430847213e-09
1.80324657557e-09	-3.2151567797e-09
1.80443998826e-09	-3.79136488871e-09
1.80563340096e-09	-3.27380259013e-09
1.80682681365e-09	-1.81921207265e-09
1.80802022634e-09	1.48069955602e-10
1.80921363903e-09	2.057816334e-09
1.81040705172e-09	3.36357658393e-09
1.81160046441e-09	3.69242506015e-09
1.8127938771e-09	2.95915153492e-09
1.81398728979e-09	1.37980270265e-09
1.81518070248e-09	-5.85361509264e-10
1.81637411517e-09	-2.36986291702e-09
1.81756752786e-09	-3.4627335721e-09
1.81876094055e-09	-3.55306589706e-09
1.81995435324e-09	-2.62186347633e-09
1.82114776593e-09	-9.41008465594e-10
1.82234117862e-09	1.00164282424e-09
1.82353459131e-09	2.6465675762e-09
1.82472800401e-09	3.52274018289e-09
1.8259214167e-09	3.38155295432e-09
1.82711482939e-09	2.26908331014e-09
1.82830824208e-09	5.09678188543e-10
1.82950165477e-09	-1.38865355326e-09
1.83069506746e-09	-2.87902676699e-09
1.83188848015e-09	-3.53679729947e-09
1.83308189284e-09	-3.17579179621e-09
1.83427530553e-09	-1.90555830837e-09
1.83546871822e-09	-9.4079594809e-11
1.83666213091e-09	1.73573679041e-09
1.8378555436e-09	3.05873756878e-09
1.83904895629e-09	3.49742770855e-09
1.84024236898e-09	2.93041826915e-09
1.84143578167e-09	1.52513524032e-09
1.84262919437e-09	-3.09428219158e-10
1.84382260706e-09	-2.04463954101e-09
1.84501601975e-09	-3.18185830461e-09
1.84620943244e-09	-3.3983378056e-09
1.84740284513e-09	-2.63806765322e-09
1.84859625782e-09	-1.12546365283e-09
1.84978967051e-09	6.99039229279e-10
1.8509830832e-09	2.31047758703e-09
1.85217649589e-09	3.24673210539e-09
1.85336990858e-09	3.2450067633e-09
1.85456332127e-09	2.3114289649e-09
1.85575673396e-09	7.21468593201e-10
1.85695014665e-09	-1.0651901583e-09
1.85814355934e-09	-2.53290610708e-09
1.85933697203e-09	-3.26379803739e-09
1.86053038473e-09	-3.05122935251e-09
1.86172379742e-09	-1.96350895265e-09
1.86291721011e-09	-3.17937527e-10
1.8641106228e-09	1.40876571519e-09
1.86530403549e-09	2.71942271479e-09
1.86649744818e-09	3.24067520041e-09
1.86769086087e-09	2.82604278867e-09
1.86888427356e-09	1.60184797371e-09
1.87007768625e-09	-7.71648873271e-11
1.87127109894e-09	-1.72471802118e-09
1.87246451163e-09	-2.8683444786e-09
1.87365792432e-09	-3.18198417615e-09
1.87485133701e-09	-2.57909754664e-09
1.8760447497e-09	-1.23796355112e-09
1.87723816239e-09	4.53326636646e-10
1.87843157508e-09	2.00694588726e-09
1.87962498778e-09	2.97664198845e-09
1.88081840047e-09	3.08722825082e-09
1.88201181316e-09	2.30953972613e-09
1.88320522585e-09	8.72592095802e-10
1.88439863854e-09	-8.08328758095e-10
1.88559205123e-09	-2.24826318673e-09
1.88678546392e-09	-3.03470240604e-09
1.88797887661e-09	-2.94554763913e-09
1.8891722893e-09	-2.01124453203e-09
1.89036570199e-09	-5.05247604171e-10
1.89155911468e-09	1.13645581834e-09
1.89275252737e-09	2.44190120902e-09
1.89394594006e-09	3.03849814753e-09
1.89513935275e-09	2.75960423957e-09
1.89633276544e-09	1.69127593874e-09
1.89752617814e-09	1.44412603403e-10
1.89871959083e-09	-1.43283440668e-09
1.89991300352e-09	-2.58916629803e-09
1.90110641621e-09	-2.99385732871e-09
1.9022998289e-09	-2.5371323098e-09
1.90349324159e-09	-1.3549710659e-09
1.90468665428e-09	2.07884195969e-10
1.90588006697e-09	1.70001478172e-09
1.90707347966e-09	2.69362868122e-09
1.90826689235e-09	2.90646787193e-09
1.90946030504e-09	2.28303886907e-09
1.91065371773e-09	1.00768110523e-09
1.91184713042e-09	-5.48871524619e-10
1.91304054311e-09	-1.93800003823e-09
1.9142339558e-09	-2.76159256574e-09
1.91542736849e-09	-2.78666778541e-09
1.91662078119e-09	-2.00996372324e-09
1.91781419388e-09	-6.59574742046e-10
1.91900760657e-09	8.74247584048e-10
1.92020101926e-09	2.14873777105e-09
1.92139443195e-09	2.79933559666e-09
1.92258784464e-09	2.64143126816e-09
1.92378125733e-09	1.72433475831e-09
1.92497467002e-09	3.15957256886e-10
1.92616808271e-09	-1.17692769419e-09
1.9273614954e-09	-2.32368377318e-09
1.92855490809e-09	-2.79699910455e-09
1.92974832078e-09	-2.46421846817e-09
1.93094173347e-09	-1.42478764897e-09
1.93213514616e-09	1.76180441763e-11
1.93332855885e-09	1.44794741475e-09
1.93452197155e-09	2.45407727473e-09
1.93571538424e-09	2.75046035947e-09
1.93690879693e-09	2.25571619716e-09
1.93810220962e-09	1.11594787577e-09
1.93929562231e-09	-3.36891226721e-10
1.940489035e-09	-1.68512724608e-09
1.94168244769e-09	-2.54108453723e-09
1.94287586038e-09	-2.66305325014e-09
1.94406927307e-09	-2.01994149185e-09
1.94526268576e-09	-8.01608078527e-10
1.94645609845e-09	6.38757560734e-10
1.94764951114e-09	1.8860803197e-09
1.94884292383e-09	2.58425925104e-09
1.95003633652e-09	2.53610649148e-09
1.95122974921e-09	1.76131710605e-09
1.95242316191e-09	4.86528484167e-10
1.9536165746e-09	-9.18991265031e-10
1.95480998729e-09	-2.05100794681e-09
1.95600339998e-09	-2.5870816045e-09
1.95719681267e-09	-2.37637753919e-09
1.95839022536e-09	-1.4847787444e-09
1.95958363805e-09	-1.71748872069e-10
1.96077705074e-09	1.18274548488e-09
1.96197046343e-09	2.18905912841e-09
1.96316387612e-09	2.56025364798e-09
1.96435728881e-09	2.19249851607e-09
1.9655507015e-09	1.19585454039e-09
1.96674411419e-09	-1.39427913659e-10
1.96793752688e-09	-1.42807007886e-09
1.96913093957e-09	-2.29856916834e-09
1.97032435226e-09	-2.50404771918e-09
1.97151776496e-09	-1.98778735139e-09
1.97271117765e-09	-9.02918205481e-10
1.97390459034e-09	4.36129729553e-10
1.97509800303e-09	1.64323955831e-09
1.97629141572e-09	2.37173511386e-09
1.97748482841e-09	2.4153246625e-09
1.9786782411e-09	1.76459746815e-09
1.97987165379e-09	6.10234855702e-10
1.98106506648e-09	-7.13080684778e-10
1.98225847917e-09	-1.8247096889e-09
1.98345189186e-09	-2.4057606185e-09
1.98464530455e-09	-2.29270788465e-09
1.98583871724e-09	-1.52191519109e-09
1.98703212993e-09	-3.18539545435e-10
1.98822554262e-09	9.6878612077e-10
1.98941895532e-09	1.97076130415e-09
1.99061236801e-09	2.40073619318e-09
1.9918057807e-09	2.14009179822e-09
1.99299919339e-09	1.26689160551e-09
1.99419260608e-09	3.63835489514e-11
1.99538601877e-09	-1.19713626512e-09
1.99657943146e-09	-2.07941688868e-09
1.99777284415e-09	-2.35996522324e-09
1.99896625684e-09	-1.96201288549e-09
2.00015966953e-09	-1.00367067435e-09
2.00135308222e-09	2.36310672419e-10
2.00254649491e-09	1.400655536e-09
2.0037399076e-09	2.15515971735e-09
2.00493332029e-09	2.28598021068e-09
2.00612673298e-09	1.75900768951e-09
2.00732014568e-09	7.30040243535e-10
2.00851355837e-09	-5.02642420741e-10
2.00970697106e-09	-1.58291399432e-09
2.01090038375e-09	-2.20179202648e-09
2.01209379644e-09	-2.18354764825e-09
2.01328720913e-09	-1.53731469221e-09
2.01448062182e-09	-4.52360367914e-10
2.01567403451e-09	7.57101756288e-10
2.0168674472e-09	1.74241679418e-09
2.01806085989e-09	2.22150656204e-09
2.01925427258e-09	2.05931674491e-09
2.02044768527e-09	1.30526967013e-09
2.02164109796e-09	1.8007167632e-10
2.02283451065e-09	-9.9167676848e-10
2.02402792334e-09	-1.87192010503e-09
2.02522133603e-09	-2.20931437034e-09
2.02641474873e-09	-1.91020819995e-09
2.02760816142e-09	-1.06322760318e-09
2.02880157411e-09	8.39000778574e-11
2.0299949868e-09	1.20090028199e-09
2.03118839949e-09	1.96632407579e-09
2.03238181218e-09	2.16282267096e-09
2.03357522487e-09	1.73741922238e-09
2.03476863756e-09	8.15614534244e-10
2.03596205025e-09	-3.34873739849e-10
2.03715546294e-09	-1.38259266536e-09
2.03834887563e-09	-2.02796693327e-09
2.03954228832e-09	-2.08735057017e-09
2.04073570101e-09	-1.54797406837e-09
2.0419291137e-09	-5.67319365097e-10
2.04312252639e-09	5.70245434206e-10
2.04431593909e-09	1.53731627428e-09
2.04550935178e-09	2.05771544248e-09
2.04670276447e-09	1.98432476006e-09
2.04789617716e-09	1.34234738602e-09
2.04908958985e-09	3.19139124849e-10
2.05028300254e-09	-7.88841124366e-10
2.05147641523e-09	-1.66340130558e-09
2.05266982792e-09	-2.05449551816e-09
2.05386324061e-09	-1.85340344461e-09
2.0550566533e-09	-1.12071078806e-09
2.05625006599e-09	-7.08550006862e-11
2.05744347868e-09	9.93422732964e-10
2.05863689137e-09	1.76547371167e-09
2.05983030406e-09	2.02528777082e-09
2.06102371675e-09	1.7009659653e-09
2.06221712945e-09	8.88674626942e-10
2.06341054214e-09	-1.74594269597e-10
2.06460395483e-09	-1.18223943135e-09
2.06579736752e-09	-1.84381118706e-09
2.06699078021e-09	-1.97161523219e-09
2.0681841929e-09	-1.53127886759e-09
2.06937760559e-09	-6.52951012703e-10
2.07057101828e-09	4.0823964001e-10
2.07176443097e-09	1.34648107941e-09
2.07295784366e-09	1.89236254444e-09
2.07415125635e-09	1.89167373432e-09
2.07534466904e-09	1.34751027003e-09
2.07653808173e-09	4.19148465935e-10
2.07773149442e-09	-6.24133966731e-10
2.07892490711e-09	-1.48273479605e-09
2.0801183198e-09	-1.91029013441e-09
2.0813117325e-09	-1.78723119637e-09
2.08250514519e-09	-1.15136850054e-09
2.08369855788e-09	-1.88467406612e-10
2.08489197057e-09	8.23030865682e-10
2.08608538326e-09	1.59274392286e-09
2.08727879595e-09	1.90078884577e-09
2.08847220864e-09	1.66158113657e-09
2.08966562133e-09	9.47043464483e-10
2.09085903402e-09	-3.50457388804e-11
2.09205244671e-09	-1.00137068082e-09
2.0932458594e-09	-1.674429706e-09
2.09443927209e-09	-1.86359436216e-09
2.09563268478e-09	-1.51639617529e-09
2.09682609747e-09	-7.36843551452e-10
2.09801951016e-09	2.49884557491e-10
2.09921292286e-09	1.1585996329e-09
2.10040633555e-09	1.72894028261e-09
2.10159974824e-09	1.79949999346e-09
2.10279316093e-09	1.35200788065e-09
2.10398657362e-09	5.19174390978e-10
2.10517998631e-09	-4.58096574563e-10
2.106373399e-09	-1.29748717326e-09
2.10756681169e-09	-1.75843387074e-09
2.10876022438e-09	-1.71084689471e-09
2.10995363707e-09	-1.17120058096e-09
2.11114704976e-09	-2.977868091e-10
2.11234046245e-09	6.56164442225e-10
2.11353387514e-09	1.41613989979e-09
2.11472728783e-09	1.76429386378e-09
2.11592070052e-09	1.60336501021e-09
2.11711411322e-09	9.82126151239e-10
2.11830752591e-09	8.19748956216e-11
2.1195009386e-09	-8.36816053951e-10
2.12069435129e-09	-1.51013405947e-09
2.12188776398e-09	-1.74564925015e-09
2.12308117667e-09	-1.47826975661e-09
2.12427458936e-09	-7.87478929287e-10
2.12546800205e-09	1.25576188337e-10
2.12666141474e-09	9.97549834403e-10
2.12785482743e-09	1.57801074985e-09
2.12904824012e-09	1.70192374083e-09
2.13024165281e-09	1.33663269342e-09
2.1314350655e-09	5.89311384414e-10
2.13262847819e-09	-3.2270418629e-10
2.13382189088e-09	-1.13712522731e-09
2.13501530357e-09	-1.62071081555e-09
2.13620871627e-09	-1.63610551496e-09
2.13740212896e-09	-1.18240682523e-09
2.13859554165e-09	-3.91227803626e-10
2.13978895434e-09	5.07301714525e-10
2.14098236703e-09	1.25551902208e-09
2.14217577972e-09	1.63915193918e-09
2.14336919241e-09	1.54978817279e-09
2.1445626051e-09	1.01651252693e-09
2.14575601779e-09	1.94254667907e-10
2.14694943048e-09	-6.78539661958e-10
2.14814284317e-09	-1.35101610454e-09
2.14933625586e-09	-1.63136906761e-09
2.15052966855e-09	-1.4411041388e-09
2.15172308124e-09	-8.38030263239e-10
2.15291649393e-09	1.91576095265e-12
2.15410990663e-09	8.36386133962e-10
2.15530331932e-09	1.42480592602e-09
2.15649673201e-09	1.60031185525e-09
2.1576901447e-09	1.3143936356e-09
2.15888355739e-09	6.52056249273e-10
2.16007697008e-09	-1.93638155857e-10
2.16127038277e-09	-9.7918514963e-10
2.16246379546e-09	-1.47825665597e-09
2.16365720815e-09	-1.54941134922e-09
2.16485062084e-09	-1.1746939671e-09
2.16604403353e-09	-4.63946325802e-10
2.16723744622e-09	3.75858975887e-10
2.16843085891e-09	1.10312821378e-09
2.1696242716e-09	1.50924446551e-09
2.17081768429e-09	1.47925782734e-09
2.17201109698e-09	1.02470233687e-09
2.17320450968e-09	2.78110888485e-10
2.17439792237e-09	-5.44029800376e-10
2.17559133506e-09	-1.20539057902e-09
2.17678474775e-09	-1.51700349504e-09
2.17797816044e-09	-1.3911125446e-09
2.17917157313e-09	-8.66452104509e-10
2.18036498582e-09	-9.57672049301e-11
2.18155839851e-09	6.98416047218e-10
2.1827518112e-09	1.28761107332e-09
2.18394522389e-09	1.50404930177e-09
2.18513863658e-09	1.28727592474e-09
2.18633204927e-09	7.02144904718e-10
2.18752546196e-09	-8.14262390153e-11
2.18871887465e-09	-8.37096753026e-10
2.18991228734e-09	-1.34825589582e-09
2.19110570004e-09	-1.46923530286e-09
2.19229911273e-09	-1.16781534443e-09
2.19349252542e-09	-5.32929679553e-10
2.19468593811e-09	2.51289968001e-10
2.1958793508e-09	9.58345847124e-10
2.19707276349e-09	1.38618241885e-09
2.19826617618e-09	1.41294247136e-09
2.19945958887e-09	1.03383408778e-09
2.20065300156e-09	3.59956866397e-10
2.20184641425e-09	-4.13279993561e-10
2.20303982694e-09	-1.06274355982e-09
2.20423323963e-09	-1.40278977323e-09
2.20542665232e-09	-1.33730901353e-09
2.20662006501e-09	-8.87564272078e-10
2.2078134777e-09	-1.85413620221e-10
2.2090068904e-09	5.65979881018e-10
2.21020030309e-09	1.15010866109e-09
2.21139371578e-09	1.40003177107e-09
2.21258712847e-09	1.2461529586e-09
2.21378054116e-09	7.34793711987e-10
2.21497395385e-09	1.51716104957e-11
2.21616736654e-09	-7.04677489971e-10
2.21736077923e-09	-1.2181742004e-09
2.21855419192e-09	-1.37856207005e-09
2.21974760461e-09	-1.14206595569e-09
2.2209410173e-09	-5.78629588688e-10
2.22213442999e-09	1.48172188061e-10
2.22332784268e-09	8.28237617378e-10
2.22452125537e-09	1.26701991954e-09
2.22571466806e-09	1.33904007327e-09
2.22690808075e-09	1.02621562637e-09
2.22810149345e-09	4.20115480598e-10
2.22929490614e-09	-3.03325416867e-10
2.23048831883e-09	-9.35708024952e-10
2.23168173152e-09	-1.2958641521e-09
2.23287514421e-09	-1.28188998305e-09
2.2340685569e-09	-8.99805466248e-10
2.23526196959e-09	-2.61430536941e-10
2.23645538228e-09	4.48493492344e-10
2.23764879497e-09	1.02575462013e-09
2.23884220766e-09	1.30510809104e-09
2.24003562035e-09	1.20829250772e-09
2.24122903304e-09	7.64808903708e-10
2.24242244573e-09	1.04492367883e-10
2.24361585842e-09	-5.82091375101e-10
2.24480927111e-09	-1.09709794027e-09
2.24600268381e-09	-1.29397731419e-09
2.2471960965e-09	-1.11763799604e-09
2.24838950919e-09	-6.21449676441e-10
2.24958292188e-09	5.03361267598e-11
2.25077633457e-09	7.03388527978e-10
2.25196974726e-09	1.15017263769e-09
2.25316315995e-09	1.26367022402e-09
2.25435657264e-09	1.01319429235e-09
2.25554998533e-09	4.73029948544e-10
2.25674339802e-09	-1.9979292179e-10
2.25793681071e-09	-8.11258234201e-10
2.2591302234e-09	-1.18579801534e-09
2.26032363609e-09	-1.21729766545e-09
2.26151704878e-09	-8.98674780425e-10
2.26271046147e-09	-3.23268273261e-10
2.26390387417e-09	3.41553719335e-10
2.26509728686e-09	9.04820197933e-10
2.26629069955e-09	1.20460334763e-09
2.26748411224e-09	1.15656612065e-09
2.26867752493e-09	7.7645349178e-10
2.26987093762e-09	1.75074203398e-10
2.27106435031e-09	-4.73138750401e-10
2.272257763e-09	-9.81909734077e-10
2.27345117569e-09	-1.20586500507e-09
2.27464458838e-09	-1.08179015745e-09
2.27583800107e-09	-6.48002734804e-10
2.27703141376e-09	-2.98731586343e-11
2.27822482645e-09	5.93248339342e-10
2.27941823914e-09	1.04267591783e-09
2.28061165183e-09	1.19034972157e-09
2.28180506452e-09	9.94832452528e-10
2.28299847722e-09	5.15066829465e-10
2.28419188991e-09	-1.1047217828e-10
2.2853853026e-09	-7.00477842397e-10
2.28657871529e-09	-1.08604442106e-09
2.28777212798e-09	-1.15735569739e-09
2.28896554067e-09	-8.95840832071e-10
2.29015895336e-09	-3.78416048497e-10
2.29135236605e-09	2.44365007396e-10
2.29254577874e-09	7.93473141358e-10
2.29373919143e-09	1.1110796172e-09
2.29493260412e-09	1.10774192597e-09
2.29612601681e-09	7.86246623363e-10
2.2973194295e-09	2.40709075935e-10
2.29851284219e-09	-3.70337659844e-10
2.29970625488e-09	-8.715049446e-10
2.30089966758e-09	-1.11887864251e-09
2.30209308027e-09	-1.0433221509e-09
2.30328649296e-09	-6.68254201974e-10
2.30447990565e-09	-1.03343749357e-10
2.30567331834e-09	4.87880423561e-10
2.30686673103e-09	9.35319953432e-10
2.30806014372e-09	1.11127512747e-09
2.30925355641e-09	9.66656865664e-10
2.3104469691e-09	5.45059219981e-10
2.31164038179e-09	-3.08399989574e-11
2.31283379448e-09	-5.94535233545e-10
2.31402720717e-09	-9.84212170096e-10
2.31522061986e-09	-1.08868425386e-09
2.31641403255e-09	-8.7977568286e-10
2.31760744524e-09	-4.1888972499e-10
2.31880085794e-09	1.59716960144e-10
2.31999427063e-09	6.89496466866e-10
2.32118768332e-09	1.01819050413e-09
2.32238109601e-09	1.0524392885e-09
2.3235745087e-09	7.84114814745e-10
2.32476792139e-09	2.9169974422e-10
2.32596133408e-09	-2.81779329037e-10
2.32715474677e-09	-7.7123471498e-10
2.32834815946e-09	-1.03630916348e-09
2.32954157215e-09	-1.00221356214e-09
2.33073498484e-09	-6.80144066068e-10
2.33192839753e-09	-1.64759395363e-10
2.33312181022e-09	3.95460945241e-10
2.33431522291e-09	8.38462785313e-10
2.3355086356e-09	1.03843136867e-09
2.33670204829e-09	9.3879407026e-10
2.33789546099e-09	5.70049361881e-10
2.33908887368e-09	3.99827844444e-11
2.34028228637e-09	-4.9877605518e-10
2.34147569906e-09	-8.90661058794e-10
2.34266911175e-09	-1.02456661211e-09
2.34386252444e-09	-8.63228356851e-10
2.34505593713e-09	-4.54748613765e-10
2.34624934982e-09	8.17240216472e-11
2.34744276251e-09	5.91597194843e-10
2.3486361752e-09	9.28312052229e-10
2.34982958789e-09	9.96111831908e-10
2.35102300058e-09	7.77469977287e-10
2.35221641327e-09	3.365086855e-10
2.35340982596e-09	-1.98299172222e-10
2.35460323865e-09	-6.72972740035e-10
2.35579665135e-09	-9.51455379761e-10
2.35699006404e-09	-9.54658997687e-10
2.35818347673e-09	-6.83537434987e-10
2.35937688942e-09	-2.17406620484e-10
2.36057030211e-09	3.08702754331e-10
2.3617637148e-09	7.42882609595e-10
2.36295712749e-09	9.6139163297e-10
2.36415054018e-09	9.01916458185e-10
2.36534395287e-09	5.83691553424e-10
2.36653736556e-09	9.92499598132e-11
2.36773077825e-09	-4.11082126672e-10
2.36892419094e-09	-8.00328622819e-10
2.37011760363e-09	-9.57516399502e-10
2.37131101632e-09	-8.3836757675e-10
2.37250442901e-09	-4.79042947671e-10
2.3736978417e-09	1.61987532762e-11
2.3748912544e-09	5.03971454846e-10
2.37608466709e-09	8.44347564088e-10
2.37727807978e-09	9.40156591467e-10
2.37847149247e-09	7.65365215649e-10
2.37966490516e-09	3.71528405263e-10
2.38085831785e-09	-1.26742413439e-10
2.38205173054e-09	-5.85878491555e-10
2.38324514323e-09	-8.73944937252e-10
2.38443855592e-09	-9.09360801937e-10
2.38563196861e-09	-6.83175523097e-10
2.3868253813e-09	-2.62112352656e-10
2.38801879399e-09	2.31791377758e-10
2.38921220668e-09	6.56229244556e-10
2.39040561937e-09	8.89486539979e-10
2.39159903206e-09	8.6596848442e-10
2.39279244476e-09	5.93691144857e-10
2.39398585745e-09	1.52602487938e-10
2.39517927014e-09	-3.29669281457e-10
2.39637268283e-09	-7.14335653129e-10
2.39756609552e-09	-8.91396727265e-10
2.39875950821e-09	-8.11267962531e-10
2.3999529209e-09	-4.9851225925e-10
2.40114633359e-09	-4.42090903816e-11
2.40233974628e-09	4.19955133169e-10
2.40353315897e-09	7.60892071572e-10
2.40472657166e-09	8.80924506952e-10
2.40591998435e-09	7.47139128343e-10
2.40711339704e-09	3.99246424115e-10
2.40830680973e-09	-6.13831086654e-11
2.40950022242e-09	-5.01763984528e-10
2.41069363512e-09	-7.95251461905e-10
2.41188704781e-09	-8.58522926361e-10
2.4130804605e-09	-6.74378379528e-10
2.41427387319e-09	-2.97483402495e-10
2.41546728588e-09	1.6299431943e-10
2.41666069857e-09	5.74097470951e-10
2.41785411126e-09	8.17768665284e-10
2.41904752395e-09	8.25270997373e-10
2.42024093664e-09	5.95064914011e-10
2.42143434933e-09	1.95472405623e-10
2.42262776202e-09	-2.58549254922e-10
2.42382117471e-09	-6.35441373131e-10
2.4250145874e-09	-8.27771101664e-10
2.42620800009e-09	-7.81041745168e-10
2.42740141278e-09	-5.10039663282e-10
2.42859482547e-09	-9.40583305686e-11
2.42978823817e-09	3.46639328352e-10
2.43098165086e-09	6.8522820057e-10
2.43217506355e-09	8.24923004905e-10
2.43336847624e-09	7.2690348879e-10
2.43456188893e-09	4.20533635692e-10
2.43575530162e-09	-4.76632448787e-12
2.43694871431e-09	-4.26203374676e-10
2.438142127e-09	-7.22764445515e-10
2.43933553969e-09	-8.09776190547e-10
2.44052895238e-09	-6.63781474231e-10
2.44172236507e-09	-3.27706119185e-10
2.44291577776e-09	1.00338060777e-10
2.44410919045e-09	4.97259032561e-10
2.44530260314e-09	7.48737509493e-10
2.44649601583e-09	7.8374120388e-10
2.44768942853e-09	5.93156523898e-10
2.44888284122e-09	2.33361174135e-10
2.45007625391e-09	-1.9147976954e-10
2.4512696666e-09	-5.5863136339e-10
2.45246307929e-09	-7.6315888331e-10
2.45365649198e-09	-7.46957856679e-10
2.45484990467e-09	-5.16191471511e-10
2.45604331736e-09	-1.38270988409e-10
2.45723673005e-09	2.7722927079e-10
2.45843014274e-09	6.10593048345e-10
2.45962355543e-09	7.66585857293e-10
2.46081696812e-09	7.01111960155e-10
2.46201038081e-09	4.34521470888e-10
2.4632037935e-09	4.42791480565e-11
2.46439720619e-09	-3.5636957621e-10
2.46559061889e-09	-6.52444105687e-10
2.46678403158e-09	-7.59082539881e-10
2.46797744427e-09	-6.46977998953e-10
2.46917085696e-09	-3.49234519775e-10
2.47036426965e-09	4.70285694068e-11
2.47155768234e-09	4.2788999427e-10
2.47275109503e-09	6.8332958042e-10
2.47394450772e-09	7.41201634791e-10
2.47513792041e-09	5.8555594401e-10
2.4763313331e-09	2.62580873711e-10
2.47752474579e-09	-1.33952637177e-10
2.47871815848e-09	-4.89893632605e-10
2.47991157117e-09	-7.02788334472e-10
2.48110498386e-09	-7.12733552732e-10
2.48229839655e-09	-5.17613465978e-10
2.48349180924e-09	-1.74993641106e-10
2.48468522194e-09	2.15984088253e-10
2.48587863463e-09	5.42609714105e-10
2.48707204732e-09	7.11446485058e-10
2.48826546001e-09	6.7475489085e-10
2.4894588727e-09	4.44568548641e-10
2.49065228539e-09	8.77805120258e-11
2.49184569808e-09	-2.91895656951e-10
2.49303911077e-09	-5.85632195516e-10
2.49423252346e-09	-7.09205333349e-10
2.49542593615e-09	-6.28259277935e-10
2.49661934884e-09	-3.67239069016e-10
2.49781276153e-09	-2.12612653178e-12
2.49900617422e-09	3.6143628715e-10
2.50019958691e-09	6.18968487576e-10
2.5013929996e-09	6.9713464862e-10
2.5025864123e-09	5.74296395162e-10
2.50377982499e-09	2.87156489559e-10
2.50497323768e-09	-8.09118336567e-11
2.50616665037e-09	-4.23638100294e-10
2.50736006306e-09	-6.42360879766e-10
2.50855347575e-09	-6.75290934282e-10
2.50974688844e-09	-5.13516687506e-10
2.51094030113e-09	-2.05229951089e-10
2.51213371382e-09	1.60603195673e-10
2.51332712651e-09	4.77992728731e-10
2.5145205392e-09	6.5627658169e-10
2.51571395189e-09	6.44753847534e-10
2.51690736458e-09	4.47965099043e-10
2.51810077727e-09	1.23400720198e-10
2.51929418996e-09	-2.34762169773e-10
2.52048760266e-09	-5.23485678416e-10
2.52168101535e-09	-6.60068381897e-10
2.52287442804e-09	-6.0611254904e-10
2.52406784073e-09	-3.78269283952e-10
2.52526125342e-09	-4.28989352722e-11
2.52645466611e-09	3.02801544255e-10
2.5276480788e-09	5.59663204669e-10
2.52884149149e-09	6.54032501768e-10
2.53003490418e-09	5.60112296821e-10
2.53122831687e-09	3.05590865113e-10
2.53242172956e-09	-3.50865217956e-11
2.53361514225e-09	-3.63825483629e-10
2.53480855494e-09	-5.85984420709e-10
2.53600196763e-09	-6.38494590532e-10
2.53719538032e-09	-5.0718449579e-10
2.53838879301e-09	-2.30853237568e-10
2.53958220571e-09	1.1024671627e-10
2.5407756184e-09	4.17643170048e-10
2.54196903109e-09	6.03325861492e-10
2.54316244378e-09	6.14379762343e-10
2.54435585647e-09	4.48919623697e-10
2.54554926916e-09	1.55280482916e-10
2.54674268185e-09	-1.81230648544e-10
2.54793609454e-09	-4.63613210322e-10
2.54912950723e-09	-6.11125199057e-10
2.55032291992e-09	-5.81913378594e-10
2.55151633261e-09	-3.85666172609e-10
2.5527097453e-09	-7.95645389851e-11
2.55390315799e-09	2.47563036043e-10
2.55509657068e-09	5.01659665197e-10
2.55628998337e-09	6.09926498196e-10
2.55748339607e-09	5.42291947458e-10
2.55867680876e-09	3.18888783435e-10
2.55987022145e-09	5.30837743554e-12
2.56106363414e-09	-3.08287350509e-10
2.56225704683e-09	-5.31163897588e-10
2.56345045952e-09	-6.00184797694e-10
2.56464387221e-09	-4.96096441704e-10
2.5658372849e-09	-2.49887971426e-10
2.56703069759e-09	6.67187078154e-11
2.56822411028e-09	3.62503849854e-10
2.56941752297e-09	5.52301364365e-10
2.57061093566e-09	5.82335416e-10
2.57180434835e-09	4.44758285756e-10
2.57299776104e-09	1.80155116519e-10
2.57419117373e-09	-1.34761308015e-10
2.57538458643e-09	-4.09072959534e-10
2.57657799912e-09	-5.64346874787e-10
2.57777141181e-09	-5.56368187632e-10
2.5789648245e-09	-3.88694701425e-10
2.58015823719e-09	-1.10077702162e-10
2.58135164988e-09	1.98441679755e-10
2.58254506257e-09	4.48281863019e-10
2.58373847526e-09	5.67749243452e-10
2.58493188795e-09	5.234161507e-10
2.58612530064e-09	3.28840309149e-10
2.58731871333e-09	4.09036936266e-11
2.58851212602e-09	-2.57121764852e-10
2.58970553871e-09	-4.79469807607e-10
2.5908989514e-09	-5.62710794627e-10
2.59209236409e-09	-4.83638767923e-10
2.59328577678e-09	-2.66030985435e-10
2.59447918948e-09	2.68448713779e-11
2.59567260217e-09	3.10270222709e-10
2.59686601486e-09	5.02817919246e-10
2.59805942755e-09	5.49761881852e-10
2.59925284024e-09	4.38198650976e-10
2.60044625293e-09	2.01527652205e-10
2.60163966562e-09	-9.19553357071e-11
2.60283307831e-09	-3.57014195984e-10
2.604026491e-09	-5.18029272256e-10
2.60521990369e-09	-5.28948475298e-10
2.60641331638e-09	-3.87738563479e-10
2.60760672907e-09	-1.357463187e-10
2.60880014176e-09	1.53786008233e-10
2.60999355445e-09	3.97517171957e-10
2.61118696714e-09	5.25417605257e-10
2.61238037984e-09	5.01590588509e-10
2.61357379253e-09	3.33589881413e-10
2.61476720522e-09	7.05931771372e-11
2.61596061791e-09	-2.11091994579e-10
2.6171540306e-09	-4.30685768299e-10
2.61834744329e-09	-5.24947245395e-10
2.61954085598e-09	-4.67979259511e-10
2.62073426867e-09	-2.76578933367e-10
2.62192768136e-09	-6.83438028393e-12
2.62312109405e-09	2.63403767548e-10
2.62431450674e-09	4.56401000326e-10
2.62550791943e-09	5.17124933153e-10
2.62670133212e-09	4.28786874063e-10
2.62789474481e-09	2.178319157e-10
2.6290881575e-09	-5.46957297162e-11
2.63028157019e-09	-3.09740885718e-10
2.63147498289e-09	-4.74407731849e-10
2.63266839558e-09	-5.0164509352e-10
2.63386180827e-09	-3.84514586838e-10
2.63505522096e-09	-1.57551131863e-10
2.63624863365e-09	1.1349061621e-10
2.63744204634e-09	3.50256122716e-10
2.63863545903e-09	4.8503999428e-10
2.63982887172e-09	4.79538846132e-10
2.64102228441e-09	3.36256762018e-10
2.6422156971e-09	9.70749401003e-11
2.64340910979e-09	-1.68502817602e-10
2.64460252248e-09	-3.84202145792e-10
2.64579593517e-09	-4.8797597213e-10
2.64698934786e-09	-4.50974164262e-10
2.64818276055e-09	-2.84316736821e-10
2.64937617325e-09	-3.70362317204e-11
2.65056958594e-09	2.1960497136e-10
2.65176299863e-09	4.11432277136e-10
2.65295641132e-09	4.83935079509e-10
2.65414982401e-09	4.16747168025e-10
2.6553432367e-09	2.30141738999e-10
2.65653664939e-09	-2.15558395786e-11
2.65773006208e-09	-2.65630819424e-10
2.65892347477e-09	-4.3180799561e-10
2.66011688746e-09	-4.72907286247e-10
2.66131030015e-09	-3.77655628991e-10
2.66250371284e-09	-1.74367385114e-10
2.66369712553e-09	7.79771715947e-11
2.66489053822e-09	3.06435127273e-10
2.66608395091e-09	4.45580291414e-10
2.66727736361e-09	4.55656012921e-10
2.6684707763e-09	3.34884332071e-10
2.66966418899e-09	1.18236212487e-10
2.67085760168e-09	-1.30905054158e-10
2.67205101437e-09	-3.41188025749e-10
2.67324442706e-09	-4.52065076345e-10
2.67443783975e-09	-4.32305732878e-10
2.67563125244e-09	-2.88482310956e-10
2.67682466513e-09	-6.23428743525e-11
2.67801807782e-09	1.80269807762e-10
2.67921149051e-09	3.69780556869e-10
2.6804049032e-09	4.51879516444e-10
2.68159831589e-09	4.03522645853e-10
2.68279172858e-09	2.39543582886e-10
2.68398514127e-09	7.54898617575e-12
2.68517855396e-09	-2.25223437123e-10
2.68637196666e-09	-3.91826023016e-10
2.68756537935e-09	-4.44882203993e-10
2.68875879204e-09	-3.69547281664e-10
2.68995220473e-09	-1.88518261765e-10
2.69114561742e-09	4.57828701166e-11
2.69233903011e-09	2.65459994264e-10
2.6935324428e-09	4.07597018637e-10
2.69472585549e-09	4.31601653722e-10
2.69591926818e-09	3.31480776855e-10
2.69711268087e-09	1.36489751792e-10
2.69830609356e-09	-9.64333257344e-11
2.69949950625e-09	-3.00363463268e-10
2.70069291894e-09	-4.16612851856e-10
2.70188633163e-09	-4.12339370981e-10
2.70307974432e-09	-2.89550640409e-10
2.70427315702e-09	-8.4039075178e-11
2.70546656971e-09	1.44279158065e-10
2.7066599824e-09	3.29977049157e-10
2.70785339509e-09	4.1950513549e-10
2.70904680778e-09	3.88023377318e-10
2.71024022047e-09	2.44998564838e-10
2.71143363316e-09	3.24018424938e-11
2.71262704585e-09	-1.88309095747e-10
2.71382045854e-09	-3.53611490783e-10
2.71501387123e-09	-4.16231309835e-10
2.71620728392e-09	-3.58788075638e-10
2.71740069661e-09	-1.98491204376e-10
2.7185941093e-09	1.80512523332e-11
2.71978752199e-09	2.2810277972e-10
2.72098093468e-09	3.71494713464e-10
2.72217434738e-09	4.0714864466e-10
2.72336776007e-09	3.25595949507e-10
2.72456117276e-09	1.50884596484e-10
2.72575458545e-09	-6.6272627143e-11
2.72694799814e-09	-2.62984772847e-10
2.72814141083e-09	-3.83078364169e-10
2.72933482352e-09	-3.92176405933e-10
2.73052823621e-09	-2.88509553054e-10
2.7317216489e-09	-1.02460477602e-10
2.73291506159e-09	1.12036523288e-10
2.73410847428e-09	2.92991051559e-10
2.73530188697e-09	3.88725020922e-10
2.73649529966e-09	3.72096582713e-10
2.73768871235e-09	2.4852845823e-10
2.73888212504e-09	5.43569429919e-11
2.74007553773e-09	-1.54474317018e-10
2.74126895043e-09	-3.17441743031e-10
2.74246236312e-09	-3.88309145255e-10
2.74365577581e-09	-3.46953587388e-10
2.7448491885e-09	-2.06099753583e-10
2.74604260119e-09	-6.7858986659e-12
2.74723601388e-09	1.93332823709e-10
2.74842942657e-09	3.36636257064e-10
2.74962283926e-09	3.82315377273e-10
2.75081625195e-09	3.17723344162e-10
2.75200966464e-09	1.62203873597e-10
2.75320307733e-09	-3.91488156996e-11
2.75439649002e-09	-2.27924214224e-10
2.75558990271e-09	-3.5016940389e-10
2.7567833154e-09	-3.70820815027e-10
2.75797672809e-09	-2.84796620315e-10
2.75917014079e-09	-1.17226643323e-10
2.76036355348e-09	8.30510790348e-11
2.76155696617e-09	2.58341788933e-10
2.76275037886e-09	3.58329945577e-10
2.76394379155e-09	3.54672125003e-10
2.76513720424e-09	2.49047883011e-10
2.76633061693e-09	7.23776576866e-11
2.76752402962e-09	-1.240723288e-10
2.76871744231e-09	-2.83722767502e-10
2.769910855e-09	-3.60851962894e-10
2.77110426769e-09	-3.33702163124e-10
2.77229768038e-09	-2.10790503108e-10
2.77349109307e-09	-2.78723316129e-11
2.77468450576e-09	1.61968769993e-10
2.77587791845e-09	3.041628234e-10
2.77707133115e-09	3.58115929272e-10
2.77826474384e-09	3.08679651284e-10
2.77945815653e-09	1.70897022228e-10
2.78065156922e-09	-1.53529389722e-11
2.78184498191e-09	-1.95977544956e-10
2.7830383946e-09	-3.19241393737e-10
2.78423180729e-09	-3.49929796944e-10
2.78542521998e-09	-2.79789330593e-10
2.78661863267e-09	-1.29573953997e-10
2.78781204536e-09	5.69886334303e-11
2.78900545805e-09	2.2617307506e-10
2.79019887074e-09	3.29159581536e-10
2.79139228343e-09	3.37055803407e-10
2.79258569612e-09	2.47828126076e-10
2.79377910881e-09	8.7941258442e-11
2.7949725215e-09	-9.626825552e-11
2.7961659342e-09	-2.51788697531e-10
2.79735934689e-09	-3.33780739159e-10
2.79855275958e-09	-3.19463816512e-10
2.79974617227e-09	-2.13141228625e-10
2.80093958496e-09	-4.62469572186e-11
2.80213299765e-09	1.33056113003e-10
2.80332641034e-09	2.73021352054e-10
2.80451982303e-09	3.33663579405e-10
2.80571323572e-09	2.97924646758e-10
2.80690664841e-09	1.76775422425e-10
2.8081000611e-09	5.3829104802e-12
2.80929347379e-09	-1.66466864598e-10
2.81048688648e-09	-2.89492329414e-10
2.81168029917e-09	-3.28489006829e-10
2.81287371186e-09	-2.72731712214e-10
2.81406712456e-09	-1.38875919445e-10
2.81526053725e-09	3.42436222607e-11
2.81645394994e-09	1.96486634255e-10
2.81764736263e-09	3.01316960966e-10
2.81884077532e-09	3.18883804779e-10
2.82003418801e-09	2.44623096085e-10
2.8212276007e-09	1.00441082534e-10
2.82242101339e-09	-7.17778432177e-11
2.82361442608e-09	-2.22389004781e-10
2.82480783877e-09	-3.08074205035e-10
2.82600125146e-09	-3.04741197554e-10
2.82719466415e-09	-2.13646149383e-10
2.82838807684e-09	-6.17410471707e-11
2.82958148953e-09	1.07161593835e-10
2.83077490222e-09	2.44162075974e-10
2.83196831492e-09	3.10228231992e-10
2.83316172761e-09	2.86627842988e-10
2.8343551403e-09	1.8077999514e-10
2.83554855299e-09	2.35581448012e-11
2.83674196568e-09	-1.39505691721e-10
2.83793537837e-09	-2.61438391769e-10
2.83912879106e-09	-3.07476634431e-10
2.84032220375e-09	-2.64746904954e-10
2.84151561644e-09	-1.46146313801e-10
2.84270902913e-09	1.38515160713e-11
2.84390244182e-09	1.68874074447e-10
2.84509585451e-09	2.74485937451e-10
2.8462892672e-09	3.00422037941e-10
2.84748267989e-09	2.39923659065e-10
2.84867609258e-09	1.10626178357e-10
2.84986950527e-09	-4.95850344291e-11
2.85106291797e-09	-1.94692820893e-10
2.85225633066e-09	-2.82853230421e-10
2.85344974335e-09	-2.89129040154e-10
2.85464315604e-09	-2.12188065729e-10
2.85583656873e-09	-7.45955380799e-11
2.85702998142e-09	8.36404469989e-11
2.85822339411e-09	2.16927779559e-10
2.8594168068e-09	2.87038885716e-10
2.86061021949e-09	2.7417014492e-10
2.86180363218e-09	1.82498460788e-10
2.86299704487e-09	3.88870697796e-11
2.86419045756e-09	-1.1514548863e-10
2.86538387025e-09	-2.35036216184e-10
2.86657728294e-09	-2.86738775085e-10
2.86777069563e-09	-2.55509818164e-10
2.86896410833e-09	-1.51042204785e-10
2.87015752102e-09	-3.65236248363e-12
2.87135093371e-09	1.43930220173e-10
2.8725443464e-09	2.49252656709e-10
2.87373775909e-09	2.82296654802e-10
2.87493117178e-09	2.33945467165e-10
2.87612458447e-09	1.18576321505e-10
2.87731799716e-09	-3.01562182344e-11
2.87851140985e-09	-1.69423463106e-10
2.87970482254e-09	-2.59013595294e-10
2.88089823523e-09	-2.73663484235e-10
2.88209164792e-09	-2.09425334713e-10
2.88328506061e-09	-8.53289210123e-11
2.8844784733e-09	6.25450810934e-11
2.88567188599e-09	1.91664125543e-10
2.88686529868e-09	2.6475816331e-10
2.88805871138e-09	2.6142081902e-10
2.88925212407e-09	1.82770248588e-10
2.89044553676e-09	5.21309575369e-11
2.89163894945e-09	-9.27866299419e-11
2.89283236214e-09	-2.10110049151e-10
2.89402577483e-09	-2.66282999123e-10
2.89521918752e-09	-2.45503117835e-10
2.89641260021e-09	-1.54212169076e-10
2.8976060129e-09	-1.90450303098e-11
2.89879942559e-09	1.20773912572e-10
2.89999283828e-09	2.25070509105e-10
2.90118625097e-09	2.63999672817e-10
2.90237966366e-09	2.26724481203e-10
2.90357307635e-09	1.24498154841e-10
2.90476648904e-09	-1.30151909215e-11
2.90595990174e-09	-1.45899898066e-10
2.90715331443e-09	-2.36064889858e-10
2.90834672712e-09	-2.57740447041e-10
2.90954013981e-09	-2.05110744361e-10
2.9107335525e-09	-9.37767875506e-11
2.91192696519e-09	4.39318971826e-11
2.91312037788e-09	1.68210299856e-10
2.91431379057e-09	2.43342977713e-10
2.91550720326e-09	2.48113300738e-10
2.91670061595e-09	1.81384976483e-10
2.91789402864e-09	6.29563606108e-11
2.91908744133e-09	-7.29522466741e-11
2.92028085402e-09	-1.87036094945e-10
2.92147426671e-09	-2.46627312323e-10
2.9226676794e-09	-2.34940343222e-10
2.9238610921e-09	-1.55677694694e-10
2.92505450479e-09	-3.21105858916e-11
2.92624791748e-09	9.99901758614e-11
2.92744133017e-09	2.02576280403e-10
2.92863474286e-09	2.46262132214e-10
2.92982815555e-09	2.18885786232e-10
2.93102156824e-09	1.2871210868e-10
2.93221498093e-09	2.03427856157e-12
2.93340839362e-09	-1.2440992854e-10
2.93460180631e-09	-2.14381538563e-10
2.935795219e-09	-2.42032806991e-10
2.93698863169e-09	-1.99980206006e-10
2.93818204438e-09	-1.0052958032e-10
2.93937545707e-09	2.71816805175e-11
2.94056886976e-09	1.46382303848e-10
2.94176228245e-09	2.22750491663e-10
2.94295569515e-09	2.34578483374e-10
2.94414910784e-09	1.78878228202e-10
2.94534252053e-09	7.2016440554e-11
2.94653593322e-09	-5.48955689933e-11
2.94772934591e-09	-1.65263887644e-10
2.9489227586e-09	-2.27413012033e-10
2.95011617129e-09	-2.23731913204e-10
2.95130958398e-09	-1.55691660952e-10
2.95250299667e-09	-4.32351147071e-11
2.95369640936e-09	8.10344638613e-11
2.95488982205e-09	1.81224195372e-10
2.95608323474e-09	2.28746967548e-10
2.95727664743e-09	2.10114814436e-10
2.95847006012e-09	1.31191838643e-10
2.95966347281e-09	1.49529054503e-11
2.96085688551e-09	-1.04883442209e-10
2.9620502982e-09	-1.93824411382e-10
2.96324371089e-09	-2.26457692876e-10
2.96443712358e-09	-1.93741939158e-10
2.96563053627e-09	-1.05401677837e-10
2.96682394896e-09	1.26798278908e-11
2.96801736165e-09	1.265377126e-10
2.96921077434e-09	2.03234576737e-10
2.97040418703e-09	2.21090989266e-10
2.97159759972e-09	1.75220152623e-10
2.97279101241e-09	7.91804642686e-11
2.9739844251e-09	-3.89784732269e-11
2.97517783779e-09	-1.45319202852e-10
2.97637125048e-09	-2.09109736471e-10
2.97756466317e-09	-2.12432351224e-10
2.97875807587e-09	-1.54549760142e-10
2.97995148856e-09	-5.25635897655e-11
2.98114490125e-09	6.39734758223e-11
2.98233831394e-09	1.61404112298e-10
2.98353172663e-09	2.11856710994e-10
2.98472513932e-09	2.0101847617e-10
2.98591855201e-09	1.32484530291e-10
2.9871119647e-09	2.61721738032e-11
2.98830537739e-09	-8.69498839248e-11
2.98949879008e-09	-1.74428773508e-10
2.99069220277e-09	-2.11144695478e-10
2.99188561546e-09	-1.86876004254e-10
2.99307902815e-09	-1.08994452352e-10
2.99427244084e-09	-1.35442438515e-13
2.99546585353e-09	1.0805039502e-10
2.99665926622e-09	1.84592901728e-10
2.99785267892e-09	2.07506477279e-10
2.99904609161e-09	1.70625867602e-10
3.0002395043e-09	8.48471822315e-11
3.00143291699e-09	-2.48249016829e-11
3.00262632968e-09	-1.26695921115e-10
3.00381974237e-09	-1.9146666197e-10
3.00501315506e-09	-2.00786959975e-10
3.00620656775e-09	-1.52183069965e-10
3.00739998044e-09	-6.01349170112e-11
3.00859339313e-09	4.87608720762e-11
3.00978680582e-09	1.42945821846e-10
3.01098021851e-09	1.95473543602e-10
3.0121736312e-09	1.91456616186e-10
3.01336704389e-09	1.32349756155e-10
3.01456045658e-09	3.55457894022e-11
3.01575386928e-09	-7.09223998974e-11
3.01694728197e-09	-1.56353282751e-10
3.01814069466e-09	-1.9625254026e-10
3.01933410735e-09	-1.79458401264e-10
3.02052752004e-09	-1.11103556043e-10
3.02172093273e-09	-1.11319610214e-11
3.02291434542e-09	9.13726750512e-11
3.02410775811e-09	1.67134257822e-10
3.0253011708e-09	1.94204848383e-10
3.02649458349e-09	1.65402984711e-10
3.02768799618e-09	8.90710370044e-11
3.02888140887e-09	-1.2357541314e-11
3.03007482156e-09	-1.09622788277e-10
3.03126823425e-09	-1.74785446533e-10
3.03246164694e-09	-1.89196998346e-10
3.03365505964e-09	-1.49126641591e-10
3.03484847233e-09	-6.6322215081e-11
3.03604188502e-09	3.5059133114e-11
3.03723529771e-09	1.25774543558e-10
3.0384287104e-09	1.79743312248e-10
3.03962212309e-09	1.81714504555e-10
3.04081553578e-09	1.31332699924e-10
3.04200894847e-09	4.35337837827e-11
3.04320236116e-09	-5.63280316487e-11
3.04439577385e-09	-1.3930761579e-10
3.04558918654e-09	-1.8173884099e-10
3.04678259923e-09	-1.71557996975e-10
3.04797601192e-09	-1.12078958094e-10
3.04916942461e-09	-2.06583561022e-11
3.0503628373e-09	7.61505069072e-11
3.05155624999e-09	1.50504216728e-10
3.05274966269e-09	1.81090420437e-10
3.05394307538e-09	1.59398149194e-10
3.05513648807e-09	9.19695665111e-11
3.05632990076e-09	-1.52982780523e-12
3.05752331345e-09	-9.40059939614e-11
3.05871672614e-09	-1.58886220153e-10
3.05991013883e-09	-1.77614225411e-10
3.06110355152e-09	-1.45132286397e-10
3.06229696421e-09	-7.1013446859e-11
3.0634903769e-09	2.30613349597e-11
3.06468378959e-09	1.10024510336e-10
3.06587720228e-09	1.64756210411e-10
3.06707061497e-09	1.7181586015e-10
3.06826402766e-09	1.29361129447e-10
3.06945744035e-09	4.99625904885e-11
3.07065085305e-09	-4.33405052298e-11
3.07184426574e-09	-1.23601417296e-10
3.07303767843e-09	-1.67822191907e-10
3.07423109112e-09	-1.63434118669e-10
3.07542450381e-09	-1.12087742733e-10
3.0766179165e-09	-2.87080463568e-11
3.07781132919e-09	6.23900089577e-11
3.07900474188e-09	1.35025208028e-10
3.08019815457e-09	1.68410620519e-10
3.08139156726e-09	1.53057984689e-10
3.08258497995e-09	9.38813115789e-11
3.08377839264e-09	7.91999148556e-12
3.08497180533e-09	-7.96751371476e-11
3.08616521802e-09	-1.43885960438e-10
3.08735863071e-09	-1.66243428745e-10
3.0885520434e-09	-1.40612613567e-10
3.0897454561e-09	-7.4668379986e-11
3.09093886879e-09	1.24049673528e-11
3.09213228148e-09	9.53914031099e-11
3.09332569417e-09	1.50424898232e-10
3.09451910686e-09	1.61871981097e-10
3.09571251955e-09	1.26643816961e-10
3.09690593224e-09	5.51980431848e-11
3.09809934493e-09	-3.1686902234e-11
3.09929275762e-09	-1.08949236785e-10
3.10048617031e-09	-1.54332761848e-10
3.101679583e-09	-1.55057909221e-10
3.10287299569e-09	-1.11089580243e-10
3.10406640838e-09	-3.54227198789e-11
3.10525982107e-09	5.00120522252e-11
3.10645323376e-09	1.20558015827e-10
3.10764664646e-09	1.55984515235e-10
3.10884005915e-09	1.46326190748e-10
3.11003347184e-09	9.4611845268e-11
3.11122688453e-09	1.59749252672e-11
3.11242029722e-09	-6.6753790863e-11
3.11361370991e-09	-1.29812905217e-10
3.1148071226e-09	-1.55058538925e-10
3.11600053529e-09	-1.35582161817e-10
3.11719394798e-09	-7.71216077111e-11
3.11838736067e-09	3.15456135606e-12
3.11958077336e-09	8.20868633483e-11
3.12077418605e-09	1.36937650455e-10
3.12196759874e-09	1.52030303277e-10
3.12316101143e-09	1.23339016084e-10
3.12435442412e-09	5.92838165711e-11
3.12554783682e-09	-2.1402725512e-11
3.12674124951e-09	-9.54508364709e-11
3.1279346622e-09	-1.4156829875e-10
3.12912807489e-09	-1.4665075751e-10
3.13032148758e-09	-1.09464061079e-10
3.13151490027e-09	-4.10264855942e-11
3.13270831296e-09	3.88935277214e-11
3.13390172565e-09	1.07059854905e-10
3.13509513834e-09	1.44099680105e-10
3.13628855103e-09	1.39390584145e-10
3.13748196372e-09	9.46163468754e-11
3.13867537641e-09	2.29178813514e-11
3.1398687891e-09	-5.49994481382e-11
3.14106220179e-09	-1.16523807964e-10
3.14225561448e-09	-1.44190942172e-10
3.14344902717e-09	-1.30137296772e-10
3.14464243987e-09	-7.86873561101e-11
3.14583585256e-09	-4.92218277855e-12
3.14702926525e-09	6.98787460188e-11
3.14822267794e-09	1.2408760304e-10
3.14941609063e-09	1.42278071269e-10
3.15060950332e-09	1.19425824265e-10
3.15180291601e-09	6.23101943306e-11
3.1529963287e-09	-1.23450257178e-11
3.15418974139e-09	-8.30236105559e-11
3.15538315408e-09	-1.29346710426e-10
3.15657656677e-09	-1.38150489312e-10
3.15776997946e-09	-1.07117046136e-10
3.15896339215e-09	-4.54367138532e-11
3.16015680484e-09	2.9014074563e-11
3.16135021753e-09	9.46065569635e-11
3.16254363023e-09	1.32678252066e-10
3.16373704292e-09	1.32256495686e-10
3.16493045561e-09	9.38424520383e-11
3.1661238683e-09	2.86223917831e-11
3.16731728099e-09	-4.44367867156e-11
3.16851069368e-09	-1.04225612516e-10
3.16970410637e-09	-1.33692975093e-10
3.17089751906e-09	-1.24428380793e-10
3.17209093175e-09	-7.94579662483e-11
3.17328434444e-09	-1.18032760215e-11
3.17447775713e-09	5.87883344436e-11
3.17567116982e-09	1.12107991293e-10
3.17686458251e-09	1.32794416088e-10
3.1780579952e-09	1.15187128932e-10
3.17925140789e-09	6.45133356458e-11
3.18044482059e-09	-4.40413444646e-12
3.18163823328e-09	-7.16184524879e-11
3.18283164597e-09	-1.17809107955e-10
3.18402505866e-09	-1.29792688749e-10
3.18521847135e-09	-1.04311600156e-10
3.18641188404e-09	-4.89708087449e-11
3.18760529673e-09	2.01755821251e-11
3.18879870942e-09	8.30843943991e-11
3.18999212211e-09	1.21711482039e-10
3.1911855348e-09	1.25098733456e-10
3.19237894749e-09	9.24235956865e-11
3.19357236018e-09	3.34027848783e-11
3.19476577287e-09	-3.4913689561e-11
3.19595918556e-09	-9.27271939788e-11
3.19715259825e-09	-1.23481273817e-10
3.19834601094e-09	-1.18512417761e-10
3.19953942364e-09	-7.94141280513e-11
3.20073283633e-09	-1.76836442625e-11
3.20192624902e-09	4.8750760373e-11
3.20311966171e-09	1.00833608824e-10
3.2043130744e-09	1.23484458769e-10
3.20550648709e-09	1.10567246331e-10
3.20669989978e-09	6.58198755915e-11
3.20789331247e-09	2.45315454148e-12
3.20908672516e-09	-6.12341696446e-11
3.21028013785e-09	-1.06925192658e-10
3.21147355054e-09	-1.21504819227e-10
3.21266696323e-09	-1.0104306454e-10
3.21386037592e-09	-5.15769449719e-11
3.21505378861e-09	1.24441853306e-11
3.2162472013e-09	7.25220378542e-11
3.217440614e-09	1.11344850007e-10
3.21863402669e-09	1.17956497001e-10
3.21982743938e-09	9.04856163955e-11
3.22102085207e-09	3.72592989448e-11
3.22221426476e-09	-2.64759774434e-11
3.22340767745e-09	-8.20968380083e-11
3.22460109014e-09	-1.13794117358e-10
3.22579450283e-09	-1.12513776074e-10
3.22698791552e-09	-7.88094034476e-11
3.22818132821e-09	-2.26629661218e-11
3.2293747409e-09	3.97388905636e-11
3.23056815359e-09	9.02888467116e-11
3.23176156628e-09	1.14570875356e-10
3.23295497897e-09	1.05736216657e-10
3.23414839166e-09	6.65115263213e-11
3.23534180436e-09	8.40392772733e-12
3.23653521705e-09	-5.17643666646e-11
3.23772862974e-09	-9.66605979286e-11
3.23892204243e-09	-1.13417645067e-10
3.24011545512e-09	-9.74430865858e-11
3.24130886781e-09	-5.34526546289e-11
3.2425022805e-09	5.62623656431e-12
3.24369569319e-09	6.278740982e-11
3.24488910588e-09	1.01488022847e-10
3.24608251857e-09	1.1079191297e-10
3.24727593126e-09	8.81148938536e-11
3.24846934395e-09	4.0243783566e-11
3.24966275664e-09	-1.89314349787e-11
3.25085616933e-09	-7.22727242636e-11
3.25204958202e-09	-1.04478205601e-10
3.25324299471e-09	-1.06387265317e-10
3.25443640741e-09	-7.76477285247e-11
3.2556298201e-09	-2.67060052458e-11
3.25682323279e-09	3.16336644379e-11
3.25801664548e-09	8.05098713391e-11
3.25921005817e-09	1.05961293559e-10
3.26040347086e-09	1.00702072549e-10
3.26159688355e-09	6.6567733964e-11
3.26279029624e-09	1.34031826436e-11
3.26398370893e-09	-4.32148453307e-11
3.26517712162e-09	-8.7090424282e-11
3.26637053431e-09	-1.05582294643e-10
3.267563947e-09	-9.3565126133e-11
3.26875735969e-09	-5.46631000013e-11
3.26995077238e-09	-2.52591242193e-13
3.27114418507e-09	5.39294268964e-11
3.27233759777e-09	9.22414887528e-11
3.27353101046e-09	1.0380828315e-10
3.27472442315e-09	8.54049886367e-11
3.27591783584e-09	4.25416993299e-11
3.27711124853e-09	-1.22775242663e-11
3.27830466122e-09	-6.32604506973e-11
3.27949807391e-09	-9.56451133571e-11
3.2806914866e-09	-1.0034564759e-10
3.28188489929e-09	-7.60592552482e-11
3.28307831198e-09	-3.00407901679e-11
3.28427172467e-09	2.4369924698e-11
3.28546513736e-09	7.1445816277e-11
3.28665855005e-09	9.76725636134e-11
3.28785196274e-09	9.56217795917e-11
3.28904537543e-09	6.60824233875e-11
3.29023878813e-09	1.76752798595e-11
3.29143220082e-09	-3.54719248766e-11
3.29262561351e-09	-7.81140872472e-11
3.2938190262e-09	-9.79531620746e-11
3.29501243889e-09	-8.94775399607e-11
3.29620585158e-09	-5.52635216235e-11
3.29739926427e-09	-5.33268980189e-12
3.29859267696e-09	4.58388561483e-11
3.29978608965e-09	8.35195202928e-11
3.30097950234e-09	9.69261129691e-11
3.30217291503e-09	8.23629610694e-11
3.30336632772e-09	4.41666876683e-11
3.30455974041e-09	-6.48242299683e-12
3.3057531531e-09	-5.49722181838e-11
3.30694656579e-09	-8.72945743469e-11
3.30813997848e-09	-9.4305854792e-11
3.30933339118e-09	-7.40702924343e-11
3.31052680387e-09	-3.26516552511e-11
3.31172021656e-09	1.79688887467e-11
3.31291362925e-09	6.3081095035e-11
3.31410704194e-09	8.98090022489e-11
3.31530045463e-09	9.0490945466e-11
3.31649386732e-09	6.51473588617e-11
3.31768728001e-09	2.12037323463e-11
3.3188806927e-09	-2.85769958044e-11
3.32007410539e-09	-6.9787104047e-11
3.32126751808e-09	-9.06730680122e-11
3.32246093077e-09	-8.5282190164e-11
3.32365434346e-09	-5.53665889177e-11
3.32484775615e-09	-9.68093910158e-12
3.32604116884e-09	3.85356382221e-11
3.32723458154e-09	7.53694103656e-11
3.32842799423e-09	9.02721213752e-11
3.32962140692e-09	7.91421103999e-11
3.33081481961e-09	4.52425163305e-11
3.3320082323e-09	-1.39425959927e-12
3.33320164499e-09	-4.73972605955e-11
3.33439505768e-09	-7.94128591011e-11
3.33558847037e-09	-8.83662596221e-11
3.33678188306e-09	-7.18183360005e-11
3.33797529575e-09	-3.46490280044e-11
3.33916870844e-09	1.22576561531e-11
3.34036212113e-09	5.53669644854e-11
3.34155553382e-09	8.23014208867e-11
3.34274894651e-09	8.53389650612e-11
3.3439423592e-09	6.38448139842e-11
3.34513577189e-09	2.40642514596e-11
3.34632918459e-09	-2.23677027421e-11
3.34752259728e-09	-6.20566159223e-11
3.34871600997e-09	-8.36528546086e-11
3.34990942266e-09	-8.09639751076e-11
3.35110283535e-09	-5.5012787728e-11
3.35229624804e-09	-1.33221810319e-11
3.35348966073e-09	3.1934149769e-11
3.35468307342e-09	6.77533897042e-11
3.35587648611e-09	8.38284823501e-11
3.3570698988e-09	7.57187255604e-11
3.35826331149e-09	4.57983581614e-11
3.35945672418e-09	2.96479756978e-12
3.36065013687e-09	-4.05293012692e-11
3.36184354956e-09	-7.2017080667e-11
3.36303696225e-09	-8.25827895651e-11
3.36423037495e-09	-6.93026989962e-11
3.36542378764e-09	-3.60881485285e-11
3.36661720033e-09	7.26599390464e-12
3.36781061302e-09	4.8339726319e-11
3.36900402571e-09	7.52047799035e-11
3.3701974384e-09	8.02870825378e-11
3.37139085109e-09	6.22235119332e-11
3.37258426378e-09	2.63594020743e-11
3.37377767647e-09	-1.68603898204e-11
3.37497108916e-09	-5.49389474885e-11
3.37616450185e-09	-7.69732480879e-11
3.37735791454e-09	-7.66587592016e-11
3.37855132723e-09	-5.42956200833e-11
3.37974473992e-09	-1.63806635357e-11
3.38093815261e-09	2.59928565217e-11
3.38213156531e-09	6.06688206617e-11
3.383324978e-09	7.76341456399e-11
3.38451839069e-09	7.21887705862e-11
3.38571180338e-09	4.59617348521e-11
3.38690521607e-09	6.69807292313e-12
3.38809862876e-09	-3.42506357477e-11
3.38929204145e-09	-6.50817091191e-11
3.39048545414e-09	-7.6938358462e-11
3.39167886683e-09	-6.65864637733e-11
3.39287227952e-09	-3.70724323635e-11
3.39406569221e-09	2.92382285917e-12
3.3952591049e-09	4.18615446127e-11
3.39645251759e-09	6.8507111442e-11
3.39764593028e-09	7.52841851359e-11
3.39883934297e-09	6.03175196422e-11
3.40003275566e-09	2.81385177745e-11
3.40122616836e-09	-1.20170555364e-11
3.40241958105e-09	-4.83597094661e-11
3.40361299374e-09	-7.06257647851e-11
3.40480640643e-09	-7.23394425958e-11
3.40599981912e-09	-5.32192744734e-11
3.40719323181e-09	-1.88868593074e-11
3.4083866445e-09	2.07250354031e-11
3.40958005719e-09	5.40928014187e-11
3.41077346988e-09	7.17255786015e-11
3.41196688257e-09	6.8584395975e-11
3.41316029526e-09	4.5725159336e-11
3.41435370795e-09	9.85118952558e-12
3.41554712064e-09	-2.86185658505e-11
3.41674053333e-09	-5.86315045993e-11
3.41793394602e-09	-7.15007402244e-11
3.41912735872e-09	-6.37623764552e-11
3.42032077141e-09	-3.76170574724e-11
3.4215141841e-09	-8.4526428825e-13
3.42270759679e-09	3.5988442261e-11
3.42390100948e-09	6.22388338783e-11
3.42509442217e-09	7.03995993445e-11
3.42628783486e-09	5.82653435048e-11
3.42748124755e-09	2.94256602591e-11
3.42867466024e-09	-7.70510077183e-12
3.42986807293e-09	-4.2347127107e-11
3.43106148562e-09	-6.46080775685e-11
3.43225489831e-09	-6.8069613314e-11
3.433448311e-09	-5.1915978027e-11
3.43464172369e-09	-2.08944803733e-11
3.43583513638e-09	1.5988602586e-11
3.43702854908e-09	4.8011678834e-11
3.43822196177e-09	6.60697919985e-11
3.43941537446e-09	6.49451048496e-11
3.44060878715e-09	4.51870190571e-11
3.44180219984e-09	1.24913296937e-11
3.44299561253e-09	-2.35348704501e-11
3.44418902522e-09	-5.25995952523e-11
3.44538243791e-09	-6.62718265682e-11
3.4465758506e-09	-6.08002116535e-11
3.44776926329e-09	-3.7803098759e-11
3.44896267598e-09	-4.06786469743e-12
3.45015608867e-09	3.06561013554e-11
3.45134950136e-09	5.63457861098e-11
3.45254291405e-09	6.56568540855e-11
3.45373632674e-09	5.60129898193e-11
3.45492973943e-09	3.03034973417e-11
3.45612315213e-09	-3.95633504256e-12
3.45731656482e-09	-3.68753322148e-11
3.45850997751e-09	-5.89169962817e-11
3.4597033902e-09	-6.38963448124e-11
3.46089680289e-09	-5.03634382462e-11
3.46209021558e-09	-2.24500888799e-11
3.46328362827e-09	1.18096980762e-11
3.46447704096e-09	4.24509151789e-11
3.46567045365e-09	6.06917662828e-11
3.46686386634e-09	6.13502165736e-11
3.46805727903e-09	4.43526348461e-11
3.46925069172e-09	1.46749496235e-11
3.47044410441e-09	-1.89959584521e-11
3.4716375171e-09	-4.70226431577e-11
3.47283092979e-09	-6.12761274013e-11
3.47402434249e-09	-5.78026840801e-11
3.47521775518e-09	-3.76887574968e-11
3.47641116787e-09	-6.80703979511e-12
3.47760458056e-09	2.5820215974e-11
3.47879799325e-09	5.08580803339e-11
3.47999140594e-09	6.10762985326e-11
3.48118481863e-09	5.3661635465e-11
3.48237823132e-09	3.08469968319e-11
3.48357164401e-09	-7.02009305721e-13
3.4847650567e-09	-3.18477562031e-11
3.48595846939e-09	-5.35895564036e-11
3.48715188208e-09	-5.97892607819e-11
3.48834529477e-09	-4.8656149422e-11
3.48953870746e-09	-2.36251053443e-11
3.49073212015e-09	8.12470403455e-12
3.49192553285e-09	3.73116333836e-11
3.49311894554e-09	5.56010424334e-11
3.49431235823e-09	5.77675294752e-11
3.49550577092e-09	4.328938423e-11
3.49669918361e-09	1.64438772928e-11
3.4978925963e-09	-1.49608192588e-11
3.49908600899e-09	-4.18479877487e-11
3.50027942168e-09	-5.65086384803e-11
3.50147283437e-09	-5.47669448854e-11
3.50266624706e-09	-3.72773951464e-11
3.50385965975e-09	-9.10519034301e-12
3.50505307244e-09	2.14894324124e-11
3.50624648513e-09	4.57505465803e-11
3.50743989782e-09	5.66698753895e-11
3.50863331051e-09	5.12235982797e-11
3.5098267232e-09	3.10543283796e-11
3.5110201359e-09	2.09269423622e-12
3.51221354859e-09	-2.73047730259e-11
3.51340696128e-09	-4.8611690194e-11
3.51460037397e-09	-5.58006774468e-11
3.51579378666e-09	-4.68351932757e-11
3.51698719935e-09	-2.44310400903e-11
3.51818061204e-09	4.88645126966e-12
3.51937402473e-09	3.26324171677e-11
3.52056743742e-09	5.0812930686e-11
3.52176085011e-09	5.42550409981e-11
3.5229542628e-09	4.20628657773e-11
3.52414767549e-09	1.78356288072e-11
3.52534108818e-09	-1.13677520088e-11
3.52653450087e-09	-3.70866102585e-11
3.52772791356e-09	-5.19841704405e-11
3.52892132626e-09	-5.17496518727e-11
3.53011473895e-09	-3.66487955435e-11
3.53130815164e-09	-1.10274539066e-11
3.53250156433e-09	1.75983945298e-11
3.53369497702e-09	4.09943086421e-11
3.53488838971e-09	5.24565885521e-11
3.5360818024e-09	4.87336317134e-11
3.53727521509e-09	3.10057387751e-11
3.53846862778e-09	4.49196501393e-12
3.53966204047e-09	-2.31903862433e-11
3.54085545316e-09	-4.39402598508e-11
3.54204886585e-09	-5.19508338258e-11
3.54324227854e-09	-4.48927574802e-11
3.54443569123e-09	-2.49349137258e-11
3.54562910392e-09	2.06363997613e-12
3.54682251661e-09	2.83710867299e-11
3.54801592931e-09	4.62843634946e-11
3.549209342e-09	5.08268379641e-11
3.55040275469e-09	4.06648122293e-11
3.55159616738e-09	1.88845870365e-11
3.55278958007e-09	-8.19719596021e-12
3.55398299276e-09	-3.27309590022e-11
3.55517640545e-09	-4.76840541878e-11
3.55636981814e-09	-4.8766851668e-11
3.55756323083e-09	-3.58146251371e-11
3.55875664352e-09	-1.2576705519e-11
3.55995005621e-09	1.41297314561e-11
3.5611434689e-09	3.66194440223e-11
3.56233688159e-09	4.8437979322e-11
3.56353029428e-09	4.62268964427e-11
3.56472370697e-09	3.07328164653e-11
3.56591711967e-09	6.4924324597e-12
3.56711053236e-09	-1.94651768662e-11
3.56830394505e-09	-3.96250363251e-11
3.56949735774e-09	-4.82442493073e-11
3.57069077043e-09	-4.28932349708e-11
3.57188418312e-09	-2.51930631304e-11
3.57307759581e-09	-3.60441060679e-13
3.5742710085e-09	2.44753694308e-11
3.57546442119e-09	4.20712618389e-11
3.57665783388e-09	4.74910701043e-11
3.57785124657e-09	3.91678876832e-11
3.57904465926e-09	1.96596807844e-11
3.58023807195e-09	-5.41489867268e-12
3.58143148464e-09	-2.87248579957e-11
3.58262489733e-09	-4.36325988361e-11
3.58381831003e-09	-4.58382489951e-11
3.58501172272e-09	-3.48203050594e-11
3.58620513541e-09	-1.38285008444e-11
3.5873985481e-09	1.10435144102e-11
3.58859196079e-09	3.25710083904e-11
3.58978537348e-09	4.46102065878e-11
3.59097878617e-09	4.3722290545e-11
3.59217219886e-09	3.02539000796e-11
3.59336561155e-09	8.16840009261e-12
3.59455902424e-09	-1.61205426178e-11
3.59575243693e-09	-3.56140481689e-11
3.59694584962e-09	-4.46780750417e-11
3.59813926231e-09	-4.0853809051e-11
3.599332675e-09	-2.52003175272e-11
3.60052608769e-09	-2.43759905923e-12
3.60171950038e-09	2.0951038647e-11
3.60291291308e-09	3.81404990056e-11
3.60410632577e-09	4.42504127958e-11
3.60529973846e-09	3.7594814848e-11
3.60649315115e-09	2.01435805969e-11
3.60768656384e-09	-2.97906935665e-12
3.60887997653e-09	-2.50884118168e-11
3.61007338922e-09	-3.98260903423e-11
3.61126680191e-09	-4.29734650642e-11
3.6124602146e-09	-3.37083386377e-11
3.61365362729e-09	-1.47885705418e-11
3.61484703998e-09	8.31819411528e-12
3.61604045267e-09	2.88546647513e-11
3.61723386536e-09	4.10027454698e-11
3.61842727805e-09	4.12417812574e-11
3.61962069074e-09	2.96226396277e-11
3.62081410344e-09	9.55033112055e-12
3.62200751613e-09	-1.31379693366e-11
3.62320092882e-09	-3.18905791531e-11
3.62439434151e-09	-4.13050956286e-11
3.6255877542e-09	-3.87803613007e-11
3.62678116689e-09	-2.5037982538e-11
3.62797457958e-09	-4.20236057324e-12
3.62916799227e-09	1.7767929272e-11
3.63036140496e-09	3.44662115688e-11
3.63155481765e-09	4.11480901436e-11
3.63274823034e-09	3.59532373491e-11
3.63394164303e-09	2.0418664589e-11
3.63513505572e-09	-8.58486079534e-13
3.63632846841e-09	-2.17792381352e-11
3.6375218811e-09	-3.62411801957e-11
3.6387152938e-09	-4.01966775837e-11
3.63990870649e-09	-3.24901802511e-11
3.64110211918e-09	-1.54936339366e-11
3.64229553187e-09	5.90287584437e-12
3.64348894456e-09	2.54596810214e-11
3.64468235725e-09	3.7576564256e-11
3.64587576994e-09	3.88022630519e-11
3.64706918263e-09	2.88466577014e-11
3.64826259532e-09	1.06514645194e-11
3.64945600801e-09	-1.04771430247e-11
3.6506494207e-09	-2.8461230768e-11
3.65184283339e-09	-3.80939316549e-11
3.65303624608e-09	-3.66980599555e-11
3.65422965877e-09	-2.47106610347e-11
3.65542307146e-09	-5.66062312041e-12
3.65661648415e-09	1.48955965834e-11
3.65780989685e-09	3.10725633591e-11
3.65900330954e-09	3.81753999072e-11
3.66019672223e-09	3.42692588716e-11
3.66139013492e-09	2.05087568022e-11
3.66258354761e-09	9.45247569453e-13
3.6637769603e-09	-1.87646380639e-11
3.66497037299e-09	-3.29155361821e-11
3.66616378568e-09	-3.75061800194e-11
3.66735719837e-09	-3.12090184425e-11
3.66855061106e-09	-1.5985299022e-11
3.66974402375e-09	3.79739338932e-12
3.67093743644e-09	2.23530328362e-11
3.67213084913e-09	3.43655746221e-11
3.67332426182e-09	3.64258753369e-11
3.67451767451e-09	2.79647641849e-11
3.67571108721e-09	1.15307120406e-11
3.6769044999e-09	-8.12002548534e-12
3.67809791259e-09	-2.53011220915e-11
3.67929132528e-09	-3.5051824724e-11
3.68048473797e-09	-3.46466661784e-11
3.68167815066e-09	-2.42368761779e-11
3.68287156335e-09	-6.88442922461e-12
3.68406497604e-09	1.23250477749e-11
3.68525838873e-09	2.79205270015e-11
3.68645180142e-09	3.53317947815e-11
3.68764521411e-09	3.25717742708e-11
3.6888386268e-09	2.04219698877e-11
3.69003203949e-09	2.49029890134e-12
3.69122545218e-09	-1.60360906411e-11
3.69241886487e-09	-2.98168564491e-11
3.69361227757e-09	-3.49014710362e-11
3.69480569026e-09	-2.98787708984e-11
3.69599910295e-09	-1.6274145009e-11
3.69719251564e-09	1.96051302363e-12
3.69838592833e-09	1.95207732357e-11
3.69957934102e-09	3.13590685537e-11
3.70077275371e-09	3.41018832097e-11
3.7019661664e-09	2.70016266291e-11
3.70315957909e-09	1.21859047375e-11
3.70435299178e-09	-6.04465419775e-12
3.70554640447e-09	-2.24007685231e-11
3.70673981716e-09	-3.21903697274e-11
3.70793322985e-09	-3.26204896428e-11
3.70912664254e-09	-2.36457838986e-11
3.71032005523e-09	-7.88120458652e-12
3.71151346792e-09	1.00451747614e-11
3.71270688062e-09	2.50018671131e-11
3.71390029331e-09	3.26496993504e-11
3.715093706e-09	3.08650071647e-11
3.71628711869e-09	2.02011953172e-11
3.71748053138e-09	3.79941282429e-12
3.71867394407e-09	-1.35902648727e-11
3.71986735676e-09	-2.69282035906e-11
3.72106076945e-09	-3.24242785399e-11
3.72225418214e-09	-2.85139540018e-11
3.72344759483e-09	-1.64023454107e-11
3.72464100752e-09	3.65923708435e-13
3.72583442021e-09	1.69557774939e-11
3.7270278329e-09	2.85366788793e-11
3.72822124559e-09	3.18649338686e-11
3.72941465828e-09	2.59718167112e-11
3.73060807098e-09	1.26589630705e-11
3.73180148367e-09	-4.21166552154e-12
3.73299489636e-09	-1.97513845557e-11
3.73418830905e-09	-2.94872763359e-11
3.73538172174e-09	-3.06401631497e-11
3.73657513443e-09	-2.29650046809e-11
3.73776854712e-09	-8.66997044904e-12
3.73896195981e-09	8.00630742259e-12
3.7401553725e-09	2.231687426e-11
3.74134878519e-09	3.00996118221e-11
3.74254219788e-09	2.91659793105e-11
3.74373561057e-09	1.98641337754e-11
3.74492902326e-09	4.87762624344e-12
3.74612243595e-09	-1.13802107928e-11
3.74731584864e-09	-2.42612783162e-11
3.74850926134e-09	-3.0051576028e-11
3.74970267403e-09	-2.71213147426e-11
3.75089608672e-09	-1.63926975293e-11
3.75208949941e-09	-9.86635469505e-13
3.7532829121e-09	1.46277614587e-11
3.75447632479e-09	2.59149823996e-11
3.75566973748e-09	2.97113160897e-11
3.75686315017e-09	2.48895344439e-11
3.75805656286e-09	1.2975000848e-11
3.75924997555e-09	-2.62246217038e-12
3.76044338824e-09	-1.73349507492e-11
3.76163680093e-09	-2.69539334428e-11
3.76283021362e-09	-2.8726929906e-11
3.76402362631e-09	-2.21986975243e-11
3.765217039e-09	-9.2931683399e-12
3.76641045169e-09	6.21385424669e-12
3.76760386439e-09	1.98511096883e-11
3.76879727708e-09	2.76928254633e-11
3.76999068977e-09	2.7504897665e-11
3.77118410246e-09	1.9420579294e-11
3.77237751515e-09	5.7778009265e-12
3.77357092784e-09	-9.40621202889e-12
3.77476434053e-09	-2.17968976202e-11
3.77595775322e-09	-2.77894408873e-11
3.77715116591e-09	-2.57414057517e-11
3.7783445786e-09	-1.62541135065e-11
3.77953799129e-09	-2.14731851007e-12
3.78073140398e-09	1.25208272569e-11
3.78192481667e-09	2.34821797424e-11
3.78311822936e-09	2.76326225356e-11
3.78431164205e-09	2.37912326558e-11
3.78550505475e-09	1.31360888963e-11
3.78669846744e-09	-1.23042876343e-12
3.78789188013e-09	-1.51380180093e-11
3.78908529282e-09	-2.45808963462e-11
3.79027870551e-09	-2.68662063083e-11
3.7914721182e-09	-2.13767660257e-11
3.79266553089e-09	-9.75460608555e-12
3.79385894358e-09	4.6354127676e-12
3.79505235627e-09	1.75863061093e-11
3.79624576896e-09	2.5429541502e-11
3.79743918165e-09	2.58718112038e-11
3.79863259434e-09	1.88933985644e-11
3.79982600703e-09	6.50538385097e-12
3.80101941972e-09	-7.65922611792e-12
3.80221283241e-09	-1.95142545786e-11
3.8034062451e-09	-2.56580204132e-11
3.8045996578e-09	-2.43567199829e-11
3.80579307049e-09	-1.60167521607e-11
3.80698648318e-09	-3.121131771e-12
3.80817989587e-09	1.06339175746e-11
3.80937330856e-09	2.12210455371e-11
3.81056672125e-09	2.56560252643e-11
3.81176013394e-09	2.26741141054e-11
3.81295354663e-09	1.31740542954e-11
3.81414695932e-09	-2.51625434898e-14
3.81534037201e-09	-1.31549086945e-11
3.8165337847e-09	-2.23645023941e-11
3.81772719739e-09	-2.50811511317e-11
3.81892061008e-09	-2.05192286773e-11
3.82011402277e-09	-1.00721668419e-11
3.82130743546e-09	3.23990584795e-12
3.82250084816e-09	1.55294956582e-11
3.82369426085e-09	2.32968436209e-11
3.82488767354e-09	2.4287894829e-11
3.82608108623e-09	1.83057928625e-11
3.82727449892e-09	7.07791290855e-12
3.82846791161e-09	-6.09761774493e-12
3.8296613243e-09	-1.74189310979e-11
3.83085473699e-09	-2.36432685496e-11
3.83204814968e-09	-2.29845539303e-11
3.83324156237e-09	-1.57056212653e-11
3.83443497506e-09	-3.91904195728e-12
3.83562838775e-09	8.92465203302e-12
3.83682180044e-09	1.91371645093e-11
3.83801521313e-09	2.37690067281e-11
3.83920862582e-09	2.15429776882e-11
3.84040203852e-09	1.31199739658e-11
3.84159545121e-09	9.91047196565e-13
3.8427888639e-09	-1.13463613505e-11
3.84398227659e-09	-2.03095272804e-11
3.84517568928e-09	-2.33607755536e-11
3.84636910197e-09	-1.96306790268e-11
3.84756251466e-09	-1.02675868025e-11
3.84875592735e-09	2.02709840558e-12
3.84994934004e-09	1.36552254964e-11
3.85114275273e-09	2.13001177026e-11
3.85233616542e-09	2.27576844088e-11
3.85352957811e-09	1.76594945264e-11
3.8547229908e-09	7.52014433798e-12
3.85591640349e-09	-4.72265092701e-12
3.85710981618e-09	-1.55020549349e-11
3.85830322887e-09	-2.17396409034e-11
3.85949664157e-09	-2.16532202325e-11
3.86069005426e-09	-1.5312975497e-11
3.86188346695e-09	-4.58017933476e-12
3.86307687964e-09	7.40550969072e-12
3.86427029233e-09	1.72146856232e-11
3.86546370502e-09	2.19810688748e-11
3.86665711771e-09	2.04247970533e-11
3.8678505304e-09	1.29730245643e-11
3.86904394309e-09	1.85817179243e-12
3.87023735578e-09	-9.71404608228e-12
3.87143076847e-09	-1.84071371426e-11
3.87262418116e-09	-2.17118668964e-11
3.87381759385e-09	-1.87334342917e-11
3.87501100654e-09	-1.03583249833e-11
3.87620441923e-09	9.72971174657e-13
3.87739783193e-09	1.19479142292e-11
3.87859124462e-09	1.94366217999e-11
3.87978465731e-09	2.12786218767e-11
3.88097807e-09	1.69792203301e-11
3.88217148269e-09	7.84464409664e-12
3.88336489538e-09	-3.51320218034e-12
3.88455830807e-09	-1.37398378265e-11
3.88575172076e-09	-1.99559414132e-11
3.88694513345e-09	-2.03474691523e-11
3.88813854614e-09	-1.4863257001e-11
3.88933195883e-09	-5.11755346216e-12
3.89052537152e-09	6.06110707414e-12
3.89171878421e-09	1.54303206497e-11
3.8929121969e-09	2.03002458593e-11
3.89410560959e-09	1.93077112458e-11
3.89529902229e-09	1.27533273655e-11
3.89649243498e-09	2.58749665032e-12
3.89768584767e-09	-8.25725945952e-12
3.89887926036e-09	-1.66340656527e-11
3.90007267305e-09	-2.01510965032e-11
3.90126608574e-09	-1.78220548128e-11
3.90245949843e-09	-1.03565815862e-11
3.90365291112e-09	6.17169753888e-14
3.90484632381e-09	1.04103731928e-11
3.9060397365e-09	1.76978817885e-11
3.90723314919e-09	1.98623786689e-11
3.90842656188e-09	1.62744284195e-11
3.90961997457e-09	8.05949426121e-12
3.91081338726e-09	-2.44774190608e-12
3.91200679995e-09	-1.21417165601e-11
3.91320021264e-09	-1.82812122645e-11
3.91439362534e-09	-1.90860866608e-11
3.91558703803e-09	-1.43737197708e-11
3.91678045072e-09	-5.5324879877e-12
3.91797386341e-09	4.85909153625e-12
3.9191672761e-09	1.37995591516e-11
3.92036068879e-09	1.87126911189e-11
3.92155410148e-09	1.82126065531e-11
3.92274751417e-09	1.24794219012e-11
3.92394092686e-09	3.18633495782e-12
3.92513433955e-09	-6.94025766761e-12
3.92632775224e-09	-1.50041935256e-11
3.92752116493e-09	-1.86645701065e-11
3.92871457762e-09	-1.69136751046e-11
3.92990799031e-09	-1.02831546446e-11
3.931101403e-09	-7.14069022011e-13
3.9322948157e-09	9.01359401614e-12
3.93348822839e-09	1.60831088031e-11
3.93468164108e-09	1.85036163908e-11
3.93587505377e-09	1.55541506324e-11
3.93706846646e-09	8.18349218685e-12
3.93826187915e-09	-1.51565802823e-12
3.93945529184e-09	-1.06894265575e-11
3.94064870453e-09	-1.67089330653e-11
3.94184211722e-09	-1.78726540945e-11
3.94303552991e-09	-1.38424121341e-11
3.9442289426e-09	-5.85021218752e-12
3.94542235529e-09	3.80075962023e-12
3.94661576798e-09	1.23070583672e-11
3.94780918067e-09	1.72157162658e-11
3.94900259336e-09	1.71497057007e-11
3.95019600606e-09	1.21469080454e-11
3.95138941875e-09	3.67804024e-12
3.95258283144e-09	-5.76646553858e-12
3.95377624413e-09	-1.35035447451e-11
3.95496965682e-09	-1.72543448713e-11
3.95616306951e-09	-1.60195337898e-11
3.9573564822e-09	-1.01401352592e-11
3.95854989489e-09	-1.37358147859e-12
3.95974330758e-09	7.75494566566e-12
3.96093672027e-09	1.45944874025e-11
3.96213013296e-09	1.72011326623e-11
3.96332354565e-09	1.48354009199e-11
3.96451695834e-09	8.22575146019e-12
3.96571037103e-09	-7.06195295113e-13
3.96690378372e-09	-9.36805375027e-12
3.96809719641e-09	-1.52491988221e-11
3.96929060911e-09	-1.67020876296e-11
3.9704840218e-09	-1.32918236964e-11
3.97167743449e-09	-6.08105563517e-12
3.97287084718e-09	2.87093618193e-12
3.97406425987e-09	1.09351136002e-11
3.97525767256e-09	1.58181384657e-11
3.97645108525e-09	1.61114669783e-11
3.97764449794e-09	1.17780096657e-11
3.97883791063e-09	4.07648372523e-12
3.98003132332e-09	-4.72811021021e-12
3.98122473601e-09	-1.21113799328e-11
3.9824181487e-09	-1.59333123952e-11
3.98361156139e-09	-1.51296980586e-11
3.98480497408e-09	-9.94949760601e-12
3.98599838677e-09	-1.92363755946e-12
3.98719179947e-09	6.62110535669e-12
3.98838521216e-09	1.32143648237e-11
3.98957862485e-09	1.59653095865e-11
3.99077203754e-09	1.41108342459e-11
3.99196545023e-09	8.20124881635e-12
3.99315886292e-09	-9.20419881804e-15
3.99435227561e-09	-8.17089061342e-12
3.9955456883e-09	-1.38930745163e-11
3.99673910099e-09	-1.55754877312e-11
3.99793251368e-09	-1.27302710474e-11
3.99912592637e-09	-6.22645853062e-12
4.00031933906e-09	2.05122811098e-12
4.00151275175e-09	9.69001289798e-12
4.00270616444e-09	1.45079597207e-11
4.00389957713e-09	1.51104809004e-11
4.00509298983e-09	1.1378543073e-11
4.00628640252e-09	4.38481884265e-12
4.00747981521e-09	-3.80501381271e-12
4.0086732279e-09	-1.08373633418e-11
4.00986664059e-09	-1.4691082335e-11
4.01106005328e-09	-1.42586981718e-11
4.01225346597e-09	-9.71964327599e-12
4.01344687866e-09	-2.37679233933e-12
4.01464029135e-09	5.60399383148e-12
4.01583370404e-09	1.19405648563e-11
4.01702711673e-09	1.47972244267e-11
4.01822052942e-09	1.33885962213e-11
4.01941394211e-09	8.12794200434e-12
4.0206073548e-09	5.84118433418e-13
4.02180076749e-09	-7.08681556364e-12
4.02299418018e-09	-1.26334063653e-11
4.02418759288e-09	-1.45041152482e-11
4.02538100557e-09	-1.21566339894e-11
4.02657441826e-09	-6.30729653619e-12
4.02776783095e-09	1.33254155323e-12
4.02896124364e-09	8.56081102275e-12
4.03015465633e-09	1.3276892823e-11
4.03134806902e-09	1.41533818086e-11
4.03254148171e-09	1.09495977823e-11
4.0337348944e-09	4.62243340393e-12
4.03492830709e-09	-2.98798350428e-12
4.03612171978e-09	-9.67265211069e-12
4.03731513247e-09	-1.35169350756e-11
4.03850854516e-09	-1.34179575003e-11
4.03970195785e-09	-9.44638085202e-12
4.04089537054e-09	-2.74994981756e-12
4.04208878324e-09	4.69614001549e-12
4.04328219593e-09	1.07674586478e-11
4.04447560862e-09	1.36933901718e-11
4.04566902131e-09	1.26743213364e-11
4.046862434e-09	8.00911615674e-12
4.04805584669e-09	1.08208216422e-12
4.04924925938e-09	-6.10449164091e-12
4.05044267207e-09	-1.14712316252e-11
4.05163608476e-09	-1.34818205861e-11
4.05282949745e-09	-1.15789890696e-11
4.05402291014e-09	-6.33462097881e-12
4.05521632283e-09	7.16805751582e-13
4.05640973552e-09	7.52864274828e-12
4.05760314821e-09	1.21378785928e-11
4.0587965609e-09	1.3232045017e-11
4.05998997359e-09	1.05065671874e-11
4.06118338629e-09	4.79421342035e-12
4.06237679898e-09	-2.27236090188e-12
4.06357021167e-09	-8.60386750994e-12
4.06476362436e-09	-1.24222551733e-11
4.06595703705e-09	-1.26030746169e-11
4.06715044974e-09	-9.14481879978e-12
4.06834386243e-09	-3.05473192314e-12
4.06953727512e-09	3.89344719659e-12
4.07073068781e-09	9.68210570312e-12
4.0719241005e-09	1.26565435649e-11
4.07311751319e-09	1.1975103526e-11
4.07431092588e-09	7.84920566044e-12
4.07550433857e-09	1.50583779929e-12
4.07669775126e-09	-5.2247911401e-12
4.07789116395e-09	-1.03943868486e-11
4.07908457665e-09	-1.25102021841e-11
4.08027798934e-09	-1.10075613988e-11
4.08147140203e-09	-6.30669751448e-12
4.08266481472e-09	1.7942660297e-13
4.08385822741e-09	6.59632748813e-12
4.0850516401e-09	1.10786139377e-11
4.08624505279e-09	1.23455725894e-11
4.08743846548e-09	1.00622109386e-11
4.08863187817e-09	4.8972800099e-12
4.08982529086e-09	-1.63616035054e-12
4.09101870355e-09	-7.63496655221e-12
4.09221211624e-09	-1.13968985074e-11
4.09340552893e-09	-1.18139094427e-11
4.09459894162e-09	-8.82725598346e-12
4.09579235431e-09	-3.28578960915e-12
4.09698576701e-09	3.1741109849e-12
4.0981791797e-09	8.69109406838e-12
4.09937259239e-09	1.16819714709e-11
4.10056600508e-09	1.12889900336e-11
4.10175941777e-09	7.662617936e-12
4.10295283046e-09	1.85226970751e-12
4.10414624315e-09	-4.43457391034e-12
4.10533965584e-09	-9.3997965878e-12
4.10653306853e-09	-1.1596851951e-11
4.10772648122e-09	-1.04369850436e-11
4.10891989391e-09	-6.24326252589e-12
4.1101133066e-09	-2.78844465964e-13
4.11130671929e-09	5.75412926942e-12
4.11250013198e-09	1.00927690684e-11
4.11369354467e-09	1.1508694605e-11
4.11488695736e-09	9.60659514177e-12
4.11608037006e-09	4.95708042756e-12
4.11727378275e-09	-1.08038701412e-12
4.11846719544e-09	-6.75591998794e-12
4.11966060813e-09	-1.04333442927e-11
4.12085402082e-09	-1.10656215094e-11
4.12204743351e-09	-8.48648419333e-12
4.1232408462e-09	-3.46624931449e-12
4.12443425889e-09	2.53968834895e-12
4.12562767158e-09	7.7824739925e-12
4.12682108427e-09	1.07640599992e-11
4.12801449696e-09	1.06286352332e-11
4.12920790965e-09	7.44572204456e-12
4.13040132234e-09	2.13880324042e-12
4.13159473503e-09	-3.72757467254e-12
4.13278814772e-09	-8.48372717563e-12
4.13398156042e-09	-1.07332153148e-11
4.13517497311e-09	-9.87385000151e-12
4.1363683858e-09	-6.14784140479e-12
4.13756179849e-09	-6.63638645448e-13
4.13875521118e-09	4.98961397373e-12
4.13994862387e-09	9.1837761354e-12
4.14114203656e-09	1.07093398819e-11
4.14233544925e-09	9.15058025013e-12
4.14352886194e-09	4.97566836908e-12
4.14472227463e-09	-6.03114095937e-13
4.14591568732e-09	-5.95092855202e-12
4.14710910001e-09	-9.54216436769e-12
4.1483025127e-09	-1.03452982942e-11
4.14949592539e-09	-8.13553510583e-12
4.15068933808e-09	-3.59899187275e-12
4.15188275078e-09	1.98554332156e-12
4.15307616347e-09	6.94746549786e-12
4.15426957616e-09	9.90993311717e-12
4.15546298885e-09	9.98918818756e-12
4.15665640154e-09	7.20771885102e-12
4.15784981423e-09	2.37354566882e-12
4.15904322692e-09	-3.10278216423e-12
4.16023663961e-09	-7.63632429859e-12
4.1614300523e-09	-9.92441133614e-12
4.16262346499e-09	-9.32396412683e-12
4.16381687768e-09	-6.02220389442e-12
4.16501029037e-09	-9.90465779597e-13
4.16620370306e-09	4.30326163158e-12
4.16739711575e-09	8.34321489934e-12
4.16859052844e-09	9.95125151986e-12
4.16978394113e-09	8.70169995087e-12
4.17097735383e-09	4.95268675247e-12
4.17217076652e-09	-1.84084532014e-13
4.17336417921e-09	-5.22539525755e-12
4.1745575919e-09	-8.71299668699e-12
4.17575100459e-09	-9.65402736051e-12
4.17694441728e-09	-7.78580596262e-12
4.17813782997e-09	-3.67895172876e-12
4.17933124266e-09	1.48848969717e-12
4.18052465535e-09	6.19263706069e-12
4.18171806804e-09	9.10604838061e-12
4.18291148073e-09	9.37486037151e-12
4.18410489342e-09	6.95654910629e-12
4.18529830611e-09	2.55477583533e-12
4.1864917188e-09	-2.54384274062e-12
4.18768513149e-09	-6.86082598069e-12
4.18887854419e-09	-9.16369139858e-12
4.19007195688e-09	-8.78753146638e-12
4.19126536957e-09	-5.87520180076e-12
4.19245878226e-09	-1.26140216978e-12
4.19365219495e-09	3.6877634735e-12
4.19484560764e-09	7.56502065852e-12
4.19603902033e-09	9.23833589923e-12
4.19723243302e-09	8.25516922615e-12
4.19842584571e-09	4.9011867698e-12
4.1996192584e-09	1.75102242276e-13
4.20081267109e-09	-4.5705201776e-12
4.20200608378e-09	-7.94106837579e-12
4.20319949647e-09	-9.00109479139e-12
4.20439290916e-09	-7.43032501846e-12
4.20558632185e-09	-3.72319660996e-12
4.20677973455e-09	1.0517824811e-12
4.20797314724e-09	5.51000445357e-12
4.20916655993e-09	8.35043503528e-12
4.21035997262e-09	8.79244919059e-12
4.21155338531e-09	6.68971020072e-12
4.212746798e-09	2.69600788634e-12
4.21394021069e-09	-2.04689547647e-12
4.21513362338e-09	-6.15304080473e-12
4.21632703607e-09	-8.44574735669e-12
4.21752044876e-09	-8.27365433109e-12
4.21871386145e-09	-5.70549721834e-12
4.21990727414e-09	-1.48762355516e-12
4.22110068683e-09	3.13637391882e-12
4.22229409952e-09	6.84800068214e-12
4.22348751221e-09	8.5652205814e-12
4.2246809249e-09	7.81608100724e-12
4.2258743376e-09	4.82787269364e-12
4.22706775029e-09	4.76845430817e-13
4.22826116298e-09	-3.97298334639e-12
4.22945457567e-09	-7.23048032038e-12
4.23064798836e-09	-8.37771486299e-12
4.23184140105e-09	-7.07594649107e-12
4.23303481374e-09	-3.7367565639e-12
4.23422822643e-09	6.7541489708e-13
4.23542163912e-09	4.88242015177e-12
4.23661505181e-09	7.65423998055e-12
4.2378084645e-09	8.22933106208e-12
4.23900187719e-09	6.41914353703e-12
4.24019528988e-09	2.79826075505e-12
4.24138870257e-09	-1.61012675903e-12
4.24258211526e-09	-5.50200591467e-12
4.24377552796e-09	-7.7772817483e-12
4.24496894065e-09	-7.77484326919e-12
4.24616235334e-09	-5.52213532063e-12
4.24735576603e-09	-1.67085162167e-12
4.24854917872e-09	2.64620625217e-12
4.24974259141e-09	6.18677223167e-12
4.2509360041e-09	7.93359822282e-12
4.25212941679e-09	7.38782380541e-12
4.25332282948e-09	4.73173616174e-12
4.25451624217e-09	7.33607747846e-13
4.25570965486e-09	-3.4348268587e-12
4.25690306755e-09	-6.57573941045e-12
4.25809648024e-09	-7.78381298219e-12
4.25928989293e-09	-6.73009505113e-12
4.26048330562e-09	-3.71948253989e-12
4.26167671831e-09	3.45742457288e-13
4.26287013101e-09	4.31397739796e-12
4.2640635437e-09	7.00870210393e-12
4.26525695639e-09	7.68863867972e-12
4.26645036908e-09	6.15177066189e-12
4.26764378177e-09	2.86043722888e-12
4.26883719446e-09	-1.21780657661e-12
4.27003060715e-09	-4.91205394502e-12
4.27122401984e-09	-7.15102358839e-12
4.27241743253e-09	-7.29536830252e-12
4.27361084522e-09	-5.32963560437e-12
4.27480425791e-09	-1.81477509615e-12
4.2759976706e-09	2.20647144219e-12
4.27719108329e-09	5.58062791941e-12
4.27838449598e-09	7.33919153749e-12
4.27957790867e-09	6.97262267455e-12
4.28077132137e-09	4.61825629822e-12
4.28196473406e-09	9.49687838135e-13
4.28315814675e-09	-2.95292601677e-12
4.28435155944e-09	-5.96686182451e-12
4.28554497213e-09	-7.22738362213e-12
4.28673838482e-09	-6.3847777434e-12
4.28793179751e-09	-3.68148201269e-12
4.2891252102e-09	6.18455617664e-14
4.29031862289e-09	3.79949213368e-12
4.29151203558e-09	6.40653128421e-12
4.29270544827e-09	7.17861127529e-12
4.29389886096e-09	5.87730639981e-12
4.29509227365e-09	2.89852056202e-12
4.29628568634e-09	-8.75273486502e-13
4.29747909903e-09	-4.37530702857e-12
4.29867251173e-09	-6.56340986335e-12
4.29986592442e-09	-6.8412863265e-12
4.30105933711e-09	-5.12533093223e-12
4.3022527498e-09	-1.92874625234e-12
4.30344616249e-09	1.81691235679e-12
4.30463957518e-09	5.02501420465e-12
4.30583298787e-09	6.78121648461e-12
4.30702640056e-09	6.57181839329e-12
4.30821981325e-09	4.4907769994e-12
4.30941322594e-09	1.12874393534e-12
4.31060663863e-09	-2.51843045116e-12
4.31180005132e-09	-5.40760903937e-12
4.31299346401e-09	-6.70192189505e-12
4.3141868767e-09	-6.04534163614e-12
4.31538028939e-09	-3.62895699818e-12
4.31657370208e-09	-1.75436264637e-13
4.31776711478e-09	3.32723909188e-12
4.31896052747e-09	5.85470311554e-12
4.32015394016e-09	6.69048795315e-12
4.32134735285e-09	5.60541760578e-12
4.32254076554e-09	2.91457854487e-12
4.32373417823e-09	-5.80014186094e-13
4.32492759092e-09	-3.87966986011e-12
4.32612100361e-09	-6.02189977571e-12
4.3273144163e-09	-6.40258462567e-12
4.32850782899e-09	-4.91727519163e-12
4.32970124168e-09	-2.01461609439e-12
4.33089465437e-09	1.47354345522e-12
4.33208806706e-09	4.51366922354e-12
4.33328147975e-09	6.25986567269e-12
4.33447489244e-09	6.18593262551e-12
4.33566830514e-09	4.35060819835e-12
4.33686171783e-09	1.27671752836e-12
4.33805513052e-09	-2.13146213461e-12
4.33924854321e-09	-4.89087145349e-12
4.3404419559e-09	-6.20874727499e-12
4.34163536859e-09	-5.71430793309e-12
4.34282878128e-09	-3.55905894491e-12
4.34402219397e-09	-3.78835214609e-13
4.34521560666e-09	2.9023875317e-12
4.34640901935e-09	5.34391975116e-12
4.34760243204e-09	6.22830324641e-12
4.34879584473e-09	5.33805063953e-12
4.34998925742e-09	2.9070649154e-12
4.35118267011e-09	-3.19912038483e-13
4.3523760828e-09	-3.43216844919e-12
4.3535694955e-09	-5.51698433032e-12
4.35476290819e-09	-5.98446596098e-12
4.35595632088e-09	-4.70948795369e-12
4.35714973357e-09	-2.07104410119e-12
4.35834314626e-09	1.16556219429e-12
4.35953655895e-09	4.05025622416e-12
4.36072997164e-09	5.76994360494e-12
4.36192338433e-09	5.81699960553e-12
4.36311679702e-09	4.20245338095e-12
4.36431020971e-09	1.39687220124e-12
4.3655036224e-09	-1.78653969331e-12
4.36669703509e-09	-4.41395151766e-12
4.36789044778e-09	-5.74683757613e-12
4.36908386047e-09	-5.39254822437e-12
4.37027727316e-09	-3.47646997995e-12
4.37147068585e-09	-5.51742150774e-13
4.37266409855e-09	2.52117828025e-12
4.37385751124e-09	4.86736605881e-12
4.37505092393e-09	5.79635037884e-12
4.37624433662e-09	5.07030431095e-12
4.37743774931e-09	2.8852181061e-12
4.378631162e-09	-9.49710924866e-14
4.37982457469e-09	-3.02696181922e-12
4.38101798738e-09	-5.0458552267e-12
4.38221140007e-09	-5.58920699436e-12
4.38340481276e-09	-4.49877336989e-12
4.38459822545e-09	-2.10667347824e-12
4.38579163814e-09	8.92382962501e-13
4.38698505083e-09	3.62974036136e-12
4.38817846352e-09	5.30854559529e-12
4.38937187621e-09	5.46713656334e-12
4.39056528891e-09	4.04586227801e-12
4.3917587016e-09	1.49127800766e-12
4.39295211429e-09	-1.47699222102e-12
4.39414552698e-09	-3.97939098123e-12
4.39533893967e-09	-5.31035903185e-12
4.39653235236e-09	-5.08384024982e-12
4.39772576505e-09	-3.38168823998e-12
4.39891917774e-09	-6.96614112423e-13
4.40011259043e-09	2.17829066959e-12
4.40130600312e-09	4.42796049393e-12
4.40249941581e-09	5.3889038956e-12
4.4036928285e-09	4.80737590578e-12
4.40488624119e-09	2.85137029005e-12
4.40607965388e-09	9.4663575481e-14
4.40727306657e-09	-2.65412680982e-12
4.40846647927e-09	-4.61336286013e-12
4.40965989196e-09	-5.21164779084e-12
4.41085330465e-09	-4.29013758112e-12
4.41204671734e-09	-2.12443924215e-12
4.41324013003e-09	6.55197874037e-13
4.41443354272e-09	3.24181336614e-12
4.41562695541e-09	4.88373068114e-12
4.4168203681e-09	5.12802777672e-12
4.41801378079e-09	3.88921653129e-12
4.41920719348e-09	1.5621738793e-12
4.42040060617e-09	-1.20126108225e-12
4.42159401886e-09	-3.58012626706e-12
4.42278743155e-09	-4.90165194674e-12
4.42398084424e-09	-4.78660058638e-12
4.42517425693e-09	-3.2780240924e-12
4.42636766962e-09	-8.17499374943e-13
4.42756108232e-09	1.87096922699e-12
4.42875449501e-09	4.02250986426e-12
4.4299479077e-09	5.00504059855e-12
4.43114132039e-09	4.55236071279e-12
4.43233473308e-09	2.80264795204e-12
4.43352814577e-09	2.59043214125e-13
4.43472155846e-09	-2.31840908234e-12
4.43591497115e-09	-4.21227104846e-12
4.43710838384e-09	-4.85255162875e-12
4.43830179653e-09	-4.08567120023e-12
4.43949520922e-09	-2.12395186616e-12
4.44068862191e-09	4.46261276765e-13
4.4418820346e-09	2.88877718946e-12
4.44307544729e-09	4.48979726011e-12
4.44426885998e-09	4.80255613923e-12
4.44546227268e-09	3.73394785686e-12
4.44665568537e-09	1.61032497829e-12
4.44784909806e-09	-9.53873237992e-13
4.44904251075e-09	-3.21583260238e-12
4.45023592344e-09	-4.51929108285e-12
4.45142933613e-09	-4.50071132706e-12
4.45262274882e-09	-3.16877890572e-12
4.45381616151e-09	-9.16179824606e-13
4.4550095742e-09	1.59635099464e-12
4.45620298689e-09	3.64782355255e-12
4.45739639958e-09	4.64560491855e-12
4.45858981227e-09	4.30483291158e-12
4.45978322496e-09	2.74318081813e-12
4.46097663765e-09	4.01613495877e-13
4.46217005034e-09	-2.01835550768e-12
4.46336346304e-09	-3.83703095339e-12
4.46455687573e-09	-4.51781396581e-12
4.46575028842e-09	-3.88097334218e-12
4.46694370111e-09	-2.11235063187e-12
4.4681371138e-09	2.64046976558e-13
4.46933052649e-09	2.56832922985e-12
4.47052393918e-09	4.12074286369e-12
4.47171735187e-09	4.49563254462e-12
4.47291076456e-09	3.57507130995e-12
4.47410417725e-09	1.64359866862e-12
4.47529758994e-09	-7.35530404216e-13
4.47649100263e-09	-2.88242013266e-12
4.47768441532e-09	-4.1614076551e-12
4.47887782801e-09	-4.2277567623e-12
4.4800712407e-09	-3.05361042442e-12
4.48126465339e-09	-9.95989925191e-13
4.48245806609e-09	1.35016778031e-12
4.48365147878e-09	3.30371987363e-12
4.48484489147e-09	4.30702473469e-12
4.48603830416e-09	4.06590061099e-12
4.48723171685e-09	2.67555343657e-12
4.48842512954e-09	5.21225674655e-13
4.48961854223e-09	-1.7467978561e-12
4.49081195492e-09	-3.49057032735e-12
4.49200536761e-09	-4.20167221328e-12
4.4931987803e-09	-3.6799150695e-12
4.49439219299e-09	-2.09090711867e-12
4.49558560568e-09	1.08744183634e-13
4.49677901837e-09	2.27426115592e-12
4.49797243106e-09	3.78096585616e-12
4.49916584375e-09	4.20267900342e-12
4.50035925645e-09	3.41690570152e-12
4.50155266914e-09	1.66382267122e-12
4.50274608183e-09	-5.44755009873e-13
4.50393949452e-09	-2.57547897397e-12
4.50513290721e-09	-3.82921016943e-12
4.5063263199e-09	-3.96609795787e-12
4.50751973259e-09	-2.93597251003e-12
4.50871314528e-09	-1.0583966429e-12
4.50990655797e-09	1.13056656051e-12
4.51109997066e-09	2.98793276362e-12
4.51229338335e-09	3.98828843215e-12
4.51348679604e-09	3.83777314398e-12
4.51468020873e-09	2.59895669439e-12
4.51587362142e-09	6.23226689982e-13
4.51706703411e-09	-1.50220339098e-12
4.5182604468e-09	-3.17200573533e-12
4.5194538595e-09	-3.90153192956e-12
4.52064727219e-09	-3.48644271547e-12
4.52184068488e-09	-2.05761435993e-12
4.52303409757e-09	-2.68122587392e-14
4.52422751026e-09	2.00773363321e-12
4.52542092295e-09	3.4668805912e-12
4.52661433564e-09	3.92260068828e-12
4.52780774833e-09	3.26356170278e-12
4.52900116102e-09	1.66847953639e-12
4.53019457371e-09	-3.7537345194e-13
4.5313879864e-09	-2.29516847693e-12
4.53258139909e-09	-3.52086315289e-12
4.53377481178e-09	-3.71409936768e-12
4.53496822447e-09	-2.81894532673e-12
4.53616163716e-09	-1.10357426322e-12
4.53735504986e-09	9.33261572135e-13
4.53854846255e-09	2.69912794914e-12
4.53974187524e-09	3.68992320423e-12
4.54093528793e-09	3.61839985058e-12
4.54212870062e-09	2.51744244483e-12
4.54332211331e-09	7.08669939137e-13
4.544515526e-09	-1.28423897764e-12
4.54570893869e-09	-2.87528976865e-12
4.54690235138e-09	-3.62170937771e-12
4.54809576407e-09	-3.29717337959e-12
4.54928917676e-09	-2.01634580343e-12
4.55048258945e-09	-1.44408282261e-13
4.55167600214e-09	1.76792082493e-12
4.55286941483e-09	3.17278001831e-12
4.55406282752e-09	3.66163140932e-12
4.55525624022e-09	3.10869448131e-12
4.55644965291e-09	1.66549405018e-12
4.5576430656e-09	-2.2757721746e-13
4.55883647829e-09	-2.03985602281e-12
4.56002989098e-09	-3.23287509501e-12
4.56122330367e-09	-3.47536948764e-12
4.56241671636e-09	-2.70091528353e-12
4.56361012905e-09	-1.13528731229e-12
4.56480354174e-09	7.56893889741e-13
4.56599695443e-09	2.43487776599e-12
4.56719036712e-09	3.40962536525e-12
4.56838377981e-09	3.40840821279e-12
4.5695771925e-09	2.43259671304e-12
4.57077060519e-09	7.77287326029e-13
4.57196401788e-09	-1.08679802354e-12
4.57315743057e-09	-2.60389664474e-12
4.57435084327e-09	-3.35722660609e-12
4.57554425596e-09	-3.1143945387e-12
4.57673766865e-09	-1.96912373017e-12
4.57793108134e-09	-2.43625357789e-13
4.57912449403e-09	1.54997439579e-12
4.58031790672e-09	2.90047779089e-12
4.58151131941e-09	3.41561241096e-12
4.5827047321e-09	2.95481453433e-12
4.58389814479e-09	1.65612175937e-12
4.58509155748e-09	-1.01952017859e-13
4.58628497017e-09	-1.80413138855e-12
4.58747838286e-09	-2.96680361484e-12
4.58867179555e-09	-3.24813483402e-12
4.58986520824e-09	-2.58156064342e-12
4.59105862093e-09	-1.15780929494e-12
4.59225203363e-09	6.02349394592e-13
4.59344544632e-09	2.19163749648e-12
4.59463885901e-09	3.14873629015e-12
4.5958322717e-09	3.20708493399e-12
4.59702568439e-09	2.34530840929e-12
4.59821909708e-09	8.32031038305e-13
4.59941250977e-09	-9.08678392405e-13
4.60060592246e-09	-2.35574193074e-12
4.60179933515e-09	-3.1066523323e-12
4.60299274784e-09	-2.94097038389e-12
4.60418616053e-09	-1.91385839468e-12
4.60537957322e-09	-3.29582484893e-13
4.60657298591e-09	1.3539221556e-12
4.6077663986e-09	2.64940990696e-12
4.60895981129e-09	3.18173647693e-12
4.61015322399e-09	2.80769751524e-12
4.61134663668e-09	1.63584026696e-12
4.61254004937e-09	9.67627399647e-15
4.61373346206e-09	-1.59097724144e-12
4.61492687475e-09	-2.71942209962e-12
4.61612028744e-09	-3.03175206836e-12
4.61731370013e-09	-2.4646078906e-12
4.61850711282e-09	-1.16876885774e-12
4.61970052551e-09	4.65158375143e-13
4.6208939382e-09	1.96801342583e-12
4.62208735089e-09	2.90692529726e-12
4.62328076358e-09	3.01264788398e-12
4.62447417627e-09	2.2584060815e-12
4.62566758896e-09	8.73451423764e-13
4.62686100165e-09	-7.48806493699e-13
4.62805441434e-09	-2.12682234563e-12
4.62924782704e-09	-2.87259574309e-12
4.63044123973e-09	-2.77256933775e-12
4.63163465242e-09	-1.85561608397e-12
4.63282806511e-09	-4.01755238371e-13
4.6340214778e-09	1.17786580186e-12
4.63521489049e-09	2.41545021831e-12
4.63640830318e-09	2.96345681826e-12
4.63760171587e-09	2.66325253951e-12
4.63879512856e-09	1.60917571043e-12
4.63998854125e-09	1.07689248144e-13
4.64118195394e-09	-1.39989854832e-12
4.64237536663e-09	-2.48634196998e-12
4.64356877932e-09	-2.83002638793e-12
4.64476219201e-09	-2.34671648975e-12
4.6459556047e-09	-1.17240981192e-12
4.6471490174e-09	3.43854434401e-13
4.64834243009e-09	1.76550786523e-12
4.64953584278e-09	2.67923744714e-12
4.65072925547e-09	2.82926755483e-12
4.65192266816e-09	2.16997519129e-12
4.65311608085e-09	9.04060585617e-13
4.65430949354e-09	-6.04842612356e-13
4.65550290623e-09	-1.9175979706e-12
4.65669631892e-09	-2.65301376787e-12
4.65788973161e-09	-2.6103816103e-12
4.6590831443e-09	-1.79505428534e-12
4.66027655699e-09	-4.60525884192e-13
4.66146996968e-09	1.01755687481e-12
4.66266338237e-09	2.2004582401e-12
4.66385679506e-09	2.75711498445e-12
4.66505020776e-09	2.52261454997e-12
4.66624362045e-09	1.57854900483e-12
4.66743703314e-09	1.90410258768e-13
4.66863044583e-09	-1.22481663483e-12
4.66982385852e-09	-2.27112035775e-12
4.67101727121e-09	-2.63924575554e-12
4.6722106839e-09	-2.2302510587e-12
4.67340409659e-09	-1.17004787749e-12
4.67459750928e-09	2.38874072161e-13
4.67579092197e-09	1.57816226992e-12
4.67698433466e-09	2.46877887057e-12
4.67817774735e-09	2.65369074371e-12
4.67937116004e-09	2.08097750728e-12
4.68056457273e-09	9.26371704498e-13
4.68175798542e-09	-4.77684189946e-13
4.68295139811e-09	-1.72464687388e-12
4.68414481081e-09	-2.44765866646e-12
4.6853382235e-09	-2.45531381142e-12
4.68653163619e-09	-1.73199627383e-12
4.68772504888e-09	-5.08003876595e-13
4.68891846157e-09	8.7272801697e-13
4.69011187426e-09	2.00361477626e-12
4.69130528695e-09	2.56155939017e-12
4.69249869964e-09	2.38895150407e-12
4.69369211233e-09	1.54114802788e-12
4.69488552502e-09	2.62623673215e-13
4.69607893771e-09	-1.06654707852e-12
4.6972723504e-09	-2.07215085477e-12
4.69846576309e-09	-2.45710531999e-12
4.69965917578e-09	-2.1185614027e-12
4.70085258847e-09	-1.15930327133e-12
4.70204600117e-09	1.45607682609e-13
4.70323941386e-09	1.40767462248e-12
4.70443282655e-09	2.27354165225e-12
4.70562623924e-09	2.48500186899e-12
4.70681965193e-09	1.99484005703e-12
4.70801306462e-09	9.38788760271e-13
4.70920647731e-09	-3.6356656482e-13
4.71039989e-09	-1.54723322099e-12
4.71159330269e-09	-2.25716448028e-12
4.71278671538e-09	-2.30513430067e-12
4.71398012807e-09	-1.66874873024e-12
4.71517354076e-09	-5.45679976628e-13
4.71636695345e-09	7.42786535675e-13
4.71756036614e-09	1.82109100748e-12
4.71875377883e-09	2.37869844807e-12
4.71994719153e-09	2.25992046799e-12
4.72114060422e-09	1.4993996035e-12
4.72233401691e-09	3.26066532444e-13
4.7235274296e-09	-9.25986277402e-13
4.72472084229e-09	-1.88497327014e-12
4.72591425498e-09	-2.28770791915e-12
4.72710766767e-09	-2.00793377693e-12
4.72830108036e-09	-1.14314443057e-12
4.72949449305e-09	6.29759865268e-14
4.73068790574e-09	1.2547610249e-12
4.73188131843e-09	2.08919261556e-12
4.73307473112e-09	2.32804205601e-12
4.73426814381e-09	1.9068193205e-12
4.7354615565e-09	9.461731664e-13
4.73665496919e-09	-2.63278605866e-13
4.73784838188e-09	-1.38424067673e-12
4.73904179458e-09	-2.07910617433e-12
4.74023520727e-09	-2.16146469213e-12
4.74142861996e-09	-1.60510710626e-12
4.74262203265e-09	-5.73778648021e-13
4.74381544534e-09	6.25010676894e-13
4.74500885803e-09	1.65374169166e-12
4.74620227072e-09	2.20715757953e-12
4.74739568341e-09	2.13450722483e-12
4.7485890961e-09	1.45706348733e-12
4.74978250879e-09	3.76945741602e-13
4.75097592148e-09	-7.96167907264e-13
4.75216933417e-09	-1.71394002506e-12
4.75336274686e-09	-2.12681724988e-12
4.75455615955e-09	-1.90095351569e-12
4.75574957224e-09	-1.12344999297e-12
4.75694298494e-09	-7.15063689413e-15
4.75813639763e-09	1.1133507175e-12
4.75932981032e-09	1.91899824481e-12
4.76052322301e-09	2.17904771375e-12
4.7617166357e-09	1.81894801413e-12
4.76291004839e-09	9.49538760337e-13
4.76410346108e-09	-1.7696762736e-13
4.76529687377e-09	-1.23288140493e-12
4.76649028646e-09	-1.9145776273e-12
4.76768369915e-09	-2.02396544077e-12
4.76887711184e-09	-1.540398668e-12
4.77007052453e-09	-5.9577420986e-13
4.77126393722e-09	5.20769340736e-13
4.77245734991e-09	1.49913589843e-12
4.7736507626e-09	2.04584125248e-12
4.77484417529e-09	2.01500263957e-12
4.77603758799e-09	1.4116310795e-12
4.77723100068e-09	4.19308539306e-13
4.77842441337e-09	-6.77993658394e-13
4.77961782606e-09	-1.55785592217e-12
4.78081123875e-09	-1.97236449178e-12
4.78200465144e-09	-1.8003144006e-12
4.78319806413e-09	-1.09712621475e-12
4.78439147682e-09	-6.99495376308e-14
4.78558488951e-09	9.86141046209e-13
4.7867783022e-09	1.76114004836e-12
4.78797171489e-09	2.03665594589e-12
4.78916512758e-09	1.73484741384e-12
4.79035854027e-09	9.45302646924e-13
4.79155195296e-09	-9.92657689107e-14
4.79274536565e-09	-1.09545457829e-12
4.79393877835e-09	-1.76015800513e-12
4.79513219104e-09	-1.89398960382e-12
4.79632560373e-09	-1.47478512421e-12
4.79751901642e-09	-6.12038353754e-13
4.79871242911e-09	4.28412723862e-13
4.7999058418e-09	1.35588111919e-12
4.80109925449e-09	1.89632104507e-12
4.80229266718e-09	1.89916192581e-12
4.80348607987e-09	1.36522313365e-12
4.80467949256e-09	4.54359972226e-13
4.80587290525e-09	-5.72508511952e-13
4.80706631794e-09	-1.41206532957e-12
4.80825973063e-09	-1.82844657384e-12
4.80945314332e-09	-1.70181388784e-12
4.81064655601e-09	-1.06841949567e-12
4.81183996871e-09	-1.23841556584e-13
4.8130333814e-09	8.71021001636e-13
4.81422679409e-09	1.61345424326e-12
4.81542020678e-09	1.90349263587e-12
4.81661361947e-09	1.65163516815e-12
4.81780703216e-09	9.37048033026e-13
4.81900044485e-09	-3.0333196824e-14
4.82019385754e-09	-9.71265548457e-13
4.82138727023e-09	-1.61455554872e-12
4.82258068292e-09	-1.77159899435e-12
4.82377409561e-09	-1.40861645536e-12
4.8249675083e-09	-6.2276167567e-13
4.82616092099e-09	3.4616332763e-13
4.82735433368e-09	1.22439486664e-12
4.82854774637e-09	1.75620770097e-12
4.82974115906e-09	1.78820219537e-12
4.83093457176e-09	1.31853446076e-12
4.83212798445e-09	4.81111474986e-13
4.83332139714e-09	-4.76127546677e-13
4.83451480983e-09	-1.27839988487e-12
4.83570822252e-09	-1.69338431081e-12
4.83690163521e-09	-1.60545917381e-12
4.8380950479e-09	-1.03934131538e-12
4.83928846059e-09	-1.67422502863e-13
4.84048187328e-09	7.64570556118e-13
4.84167528597e-09	1.47797990209e-12
4.84286869866e-09	1.77700153312e-12
4.84406211135e-09	1.57003021153e-12
4.84525552404e-09	9.26001476561e-13
4.84644893673e-09	2.86988789395e-14
4.84764234942e-09	-8.56925052022e-13
4.84883576212e-09	-1.47926584718e-12
4.85002917481e-09	-1.65599893282e-12
4.8512225875e-09	-1.34221925024e-12
4.85241600019e-09	-6.29622127547e-13
4.85360941288e-09	2.73893446579e-13
4.85480282557e-09	1.10348988519e-12
4.85599623826e-09	1.62466559845e-12
4.85718965095e-09	1.68291629818e-12
4.85838306364e-09	1.27011098308e-12
4.85957647633e-09	5.0281551519e-13
4.86076988902e-09	-3.8999597822e-13
4.86196330171e-09	-1.15516197139e-12
4.8631567144e-09	-1.56601436734e-12
4.86435012709e-09	-1.5136307328e-12
4.86554353978e-09	-1.00736529307e-12
4.86673695248e-09	-2.04638045672e-13
4.86793036517e-09	6.67847389532e-13
4.86912377786e-09	1.35325785137e-12
4.87031719055e-09	1.65637265731e-12
4.87151060324e-09	1.49209616017e-12
4.87270401593e-09	9.10371428307e-13
4.87389742862e-09	8.07284469308e-14
4.87509084131e-09	-7.52899905778e-13
4.876284254e-09	-1.35363171139e-12
4.87747766669e-09	-1.5456866608e-12
4.87867107938e-09	-1.27755122562e-12
4.87986449207e-09	-6.31537330027e-13
4.88105790476e-09	2.09850039296e-13
4.88225131745e-09	9.92191517748e-13
4.88344473014e-09	1.50225426716e-12
4.88463814283e-09	1.58215533231e-12
4.88583155553e-09	1.22123321113e-12
4.88702496822e-09	5.19557189155e-13
4.88821838091e-09	-3.13572850682e-13
4.8894117936e-09	-1.04033810375e-12
4.89060520629e-09	-1.44759390293e-12
4.89179861898e-09	-1.42442585776e-12
4.89299203167e-09	-9.74317523363e-13
4.89418544436e-09	-2.35752318681e-13
4.89537885705e-09	5.81161881856e-13
4.89657226974e-09	1.23679109218e-12
4.89776568243e-09	1.54356550057e-12
4.89895909512e-09	1.41642211469e-12
4.90015250781e-09	8.91348586195e-13
4.9013459205e-09	1.27221197715e-13
4.90253933319e-09	-6.59731871997e-13
4.90373274589e-09	-1.23539089928e-12
4.90492615858e-09	-1.44191470287e-12
4.90611957127e-09	-1.21406076652e-12
4.90731298396e-09	-6.28670326788e-13
4.90850639665e-09	1.51607100084e-13
4.90969980934e-09	8.92353207928e-13
4.91089322203e-09	1.38614315338e-12
4.91208663472e-09	1.48721422818e-12
4.91328004741e-09	1.17213985913e-12
4.9144734601e-09	5.31344486097e-13
4.91566687279e-09	-2.45031740801e-13
4.91686028548e-09	-9.34586338441e-13
4.91805369817e-09	-1.33691537387e-12
4.91924711086e-09	-1.33794586738e-12
4.92044052355e-09	-9.41018367829e-13
4.92163393625e-09	-2.60087412626e-13
4.92282734894e-09	5.01750415305e-13
4.92402076163e-09	1.12962238305e-12
4.92521417432e-09	1.43730868678e-12
4.92640758701e-09	1.34247996021e-12
4.9276009997e-09	8.71595398394e-13
4.92879441239e-09	1.65569682666e-13
4.92998782508e-09	-5.73478080074e-13
4.93118123777e-09	-1.12658473316e-12
4.93237465046e-09	-1.34321885754e-12
4.93356806315e-09	-1.15207423137e-12
4.93476147584e-09	-6.22699449242e-13
4.93595488853e-09	1.00680520609e-13
4.93714830122e-09	8.00649307866e-13
4.93834171391e-09	1.27777186076e-12
4.9395351266e-09	1.39744676063e-12
4.9407285393e-09	1.12213341917e-12
4.94192195199e-09	5.40034102235e-13
4.94311536468e-09	-1.84348430211e-13
4.94430877737e-09	-8.37484710758e-13
4.94550219006e-09	-1.23265743587e-12
4.94669560275e-09	-1.25619142638e-12
4.94788901544e-09	-9.06032830684e-13
4.94908242813e-09	-2.80177448489e-13
4.95027584082e-09	4.30535063167e-13
4.95146925351e-09	1.03065014747e-12
4.9526626662e-09	1.33673387843e-12
4.95385607889e-09	1.27172083357e-12
4.95504949158e-09	8.49293867926e-13
4.95624290427e-09	1.98308342946e-13
4.95743631696e-09	-4.94423492219e-13
4.95862972966e-09	-1.02700793291e-12
4.95982314235e-09	-1.24800078041e-12
4.96101655504e-09	-1.09357978944e-12
4.96220996773e-09	-6.12482266781e-13
4.96340338042e-09	5.53413431482e-14
4.96459679311e-09	7.1662742743e-13
4.9657902058e-09	1.17746756084e-12
4.96698361849e-09	1.310972381e-12
4.96817703118e-09	1.07395581143e-12
4.96937044387e-09	5.4408593516e-13
4.97056385656e-09	-1.30132446567e-13
4.97175726925e-09	-7.47973433407e-13
4.97295068194e-09	-1.13521644613e-12
4.97414409463e-09	-1.17813271888e-12
4.97533750732e-09	-8.69679504735e-13
4.97653092001e-09	-2.97121891977e-13
4.97772433271e-09	3.67861120119e-13
4.9789177454e-09	9.37803898123e-13
4.98011115809e-09	1.24359516554e-12
4.98130457078e-09	1.20252650882e-12
4.98249798347e-09	8.25977144753e-13
4.98369139616e-09	2.26052175297e-13
4.98488480885e-09	-4.23380934803e-13
4.98607822154e-09	-9.33698403966e-13
4.98727163423e-09	-1.15901229857e-12
4.98846504692e-09	-1.03586963226e-12
4.98965845961e-09	-6.0031890754e-13
4.9908518723e-09	1.57889262238e-14
4.99204528499e-09	6.40291347774e-13
4.99323869768e-09	1.08372204711e-12
4.99443211037e-09	1.22902789291e-12
4.99562552307e-09	1.02658659839e-12
4.99681893576e-09	5.44435339639e-13
4.99801234845e-09	-8.12691131432e-14
4.99920576114e-09	-6.66513576915e-13
5.00039917383e-09	-1.04349284747e-12
5.00159258652e-09	-1.10373720526e-12
5.00278599921e-09	-8.33368313594e-13
5.0039794119e-09	-3.09559679729e-13
5.00517282459e-09	3.11272810641e-13
5.00636623728e-09	8.52124455524e-13
5.00755964997e-09	1.15640982033e-12
5.00875306266e-09	1.13547311744e-12
5.00994647535e-09	8.02261753666e-13
5.01113988804e-09	2.48463498175e-13
5.01233330073e-09	-3.58426240348e-13
5.01352671343e-09	-8.47456999053e-13
5.01472012612e-09	-1.07529950384e-12
5.01591353881e-09	-9.78858677057e-13
5.0171069515e-09	-5.87484400049e-13
5.01830036419e-09	-1.70045752043e-14
5.01949377688e-09	5.69442984519e-13
5.02068718957e-09	9.97330771571e-13
5.02188060226e-09	1.15108046521e-12
5.02307401495e-09	9.79956391099e-13
5.02426742764e-09	5.4228262912e-13
5.02546084033e-09	-3.83882933816e-14
5.02665425302e-09	-5.91743152959e-13
5.02784766571e-09	-9.57731113925e-13
5.0290410784e-09	-1.0330085718e-12
5.03023449109e-09	-7.96590942623e-13
5.03142790378e-09	-3.18709783635e-13
5.03262131648e-09	2.60472616105e-13
5.03381472917e-09	7.73782269812e-13
5.03500814186e-09	1.07346000578e-12
5.03620155455e-09	1.07230764795e-12
5.03739496724e-09	7.765646714e-13
5.03858837993e-09	2.67201147682e-13
5.03978179262e-09	-2.99604630249e-13
5.04097520531e-09	-7.68080633546e-13
5.042168618e-09	-9.95795324454e-13
5.04336203069e-09	-9.24672786799e-13
5.04455544338e-09	-5.7222001253e-13
5.04574885607e-09	-4.56076606467e-14
5.04694226876e-09	5.04669866823e-13
5.04813568145e-09	9.17770057814e-13
5.04932909414e-09	1.07597731994e-12
5.05052250684e-09	9.35366821703e-13
5.05171591953e-09	5.37068341731e-13
5.05290933222e-09	-4.95541379198e-16
5.05410274491e-09	-5.23019487149e-13
5.0552961576e-09	-8.77971530384e-13
5.05648957029e-09	-9.65482996828e-13
5.05768298298e-09	-7.6006874541e-13
5.05887639567e-09	-3.24891070942e-13
5.06006980836e-09	2.15626256813e-13
5.06126322105e-09	7.01051765467e-13
5.06245663374e-09	9.96205681424e-13
5.06365004643e-09	1.01161380705e-12
5.06484345912e-09	7.49678646255e-13
5.06603687181e-09	2.83415458935e-13
5.0672302845e-09	-2.48041940042e-13
5.0684236972e-09	-6.93228426865e-13
5.06961710989e-09	-9.21843181759e-13
5.07081052258e-09	-8.71634490659e-13
5.07200393527e-09	-5.55598651125e-13
5.07319734796e-09	-7.04716487395e-14
5.07439076065e-09	4.46567885752e-13
5.07558417334e-09	8.42813388253e-13
5.07677758603e-09	1.00589877411e-12
5.07797099872e-09	8.9117400254e-13
5.07916441141e-09	5.29678318079e-13
5.0803578241e-09	3.33117966534e-14
5.08155123679e-09	-4.60917721633e-13
5.08274464948e-09	-8.030135259e-13
5.08393806217e-09	-9.01420214514e-13
5.08513147486e-09	-7.24045613233e-13
5.08632488755e-09	-3.27987054291e-13
5.08751830025e-09	1.7512798869e-13
5.08871171294e-09	6.3474730707e-13
5.08990512563e-09	9.23441221222e-13
5.09109853832e-09	9.53576586725e-13
5.09229195101e-09	7.22826082301e-13
5.0934853637e-09	2.95702054693e-13
5.09467877639e-09	-2.01206168019e-13
5.09587218908e-09	-6.24054241171e-13
5.09706560177e-09	-8.52727515877e-13
5.09825901446e-09	-8.19602998209e-13
5.09945242715e-09	-5.38869763969e-13
5.10064583984e-09	-9.01640322801e-14
5.10183925253e-09	3.9286209038e-13
5.10303266522e-09	7.73943239954e-13
5.10422607791e-09	9.39551001832e-13
5.10541949061e-09	8.47719558938e-13
5.1066129033e-09	5.21472906631e-13
5.10780631599e-09	6.16691527556e-14
5.10899972868e-09	-4.03039164136e-13
5.11019314137e-09	-7.33888705286e-13
5.11138655406e-09	-8.40124167066e-13
5.11257996675e-09	-6.88615851353e-13
5.11377337944e-09	-3.2838370288e-13
5.11496679213e-09	1.38804064949e-13
5.11616020482e-09	5.74318546821e-13
5.11735361751e-09	8.54646411421e-13
5.1185470302e-09	8.98861483834e-13
5.11974044289e-09	6.95036469513e-13
5.12093385558e-09	3.05415469391e-13
5.12212726827e-09	-1.59109836715e-13
5.12332068097e-09	-5.60813256999e-13
5.12451409366e-09	-7.86830182172e-13
5.12570750635e-09	-7.70587247983e-13
5.12690091904e-09	-5.20492421949e-13
5.12809433173e-09	-1.07099241415e-13
5.12928774442e-09	3.44386513393e-13
5.13048115711e-09	7.10172846636e-13
5.1316745698e-09	8.76611642704e-13
5.13286798249e-09	8.0583157741e-13
5.13406139518e-09	5.11600629211e-13
5.13525480787e-09	8.60001504486e-14
5.13644822056e-09	-3.49746629363e-13
5.13764163325e-09	-6.70334454448e-13
5.13883504594e-09	-7.81029673444e-13
5.14002845863e-09	-6.54566366929e-13
5.14122187132e-09	-3.26297975727e-13
5.14241528402e-09	1.06846671437e-13
5.14360869671e-09	5.18444851936e-13
5.1448021094e-09	7.90876892242e-13
5.14599552209e-09	8.46176048067e-13
5.14718893478e-09	6.67282235598e-13
5.14838234747e-09	3.12688070559e-13
5.14957576016e-09	-1.21803220925e-13
5.15076917285e-09	-5.01947868849e-13
5.15196258554e-09	-7.2544476936e-13
5.15315599823e-09	-7.23410826413e-13
5.15434941092e-09	-5.00894498676e-13
5.15554282361e-09	-1.22070737646e-13
5.1567362363e-09	3.01954940002e-13
5.15792964899e-09	6.49500147675e-13
5.15912306168e-09	8.18520835692e-13
5.16031647438e-09	7.64389541789e-13
5.16150988707e-09	5.00641351021e-13
5.16270329976e-09	1.07206402094e-13
5.16389671245e-09	-3.01881864775e-13
5.16509012514e-09	-6.10375411238e-13
5.16628353783e-09	-7.25811338115e-13
5.16747695052e-09	-6.20830657391e-13
5.16867036321e-09	-3.22312319792e-13
5.1698637759e-09	7.81330160076e-14
5.17105718859e-09	4.67861704511e-13
5.17225060128e-09	7.30967973054e-13
5.17344401397e-09	7.95782344643e-13
5.17463742666e-09	6.40447479663e-13
5.17583083935e-09	3.16387392088e-13
5.17702425204e-09	-8.74564287838e-14
5.17821766474e-09	-4.48603394015e-13
5.17941107743e-09	-6.67199538077e-13
5.18060449012e-09	-6.7831902069e-13
5.18179790281e-09	-4.81027896551e-13
5.1829913155e-09	-1.33578567925e-13
5.18418472819e-09	2.63038597387e-13
5.18537814088e-09	5.9384399118e-13
5.18657155357e-09	7.63838401167e-13
5.18776496626e-09	7.23911260255e-13
5.18895837895e-09	4.89285552992e-13
5.19015179164e-09	1.24731990653e-13
5.19134520433e-09	-2.58066432671e-13
5.19253861702e-09	-5.54540056453e-13
5.19373202971e-09	-6.73962255904e-13
5.1949254424e-09	-5.87020835858e-13
5.19611885509e-09	-3.17777098716e-13
5.19731226779e-09	5.40462395127e-14
5.19850568048e-09	4.2080314927e-13
5.19969909317e-09	6.75456787941e-13
5.20089250586e-09	7.47843383357e-13
5.20208591855e-09	6.13681889051e-13
5.20327933124e-09	3.18276831214e-13
5.20447274393e-09	-5.67194191666e-14
5.20566615662e-09	-3.99903543033e-13
5.20685956931e-09	-6.12224755213e-13
5.208052982e-09	-6.35543036926e-13
5.20924639469e-09	-4.60552413263e-13
5.21043980738e-09	-1.42693791014e-13
5.21163322007e-09	2.27915220876e-13
5.21282663276e-09	5.42911588353e-13
5.21402004545e-09	7.11445733868e-13
5.21521345815e-09	6.8599682548e-13
5.21640687084e-09	4.75929906786e-13
5.21760028353e-09	1.40105959671e-13
5.21879369622e-09	-2.18492141968e-13
5.21998710891e-09	-5.02961855378e-13
5.2211805216e-09	-6.24369262889e-13
5.22237393429e-09	-5.5475611084e-13
5.22356734698e-09	-3.11259834096e-13
5.22476075967e-09	3.2703017557e-14
5.22595417236e-09	3.77747200788e-13
5.22714758505e-09	6.24260158269e-13
5.22834099774e-09	7.01455684987e-13
5.22953441043e-09	5.87986914203e-13
5.23072782312e-09	3.17855747419e-13
5.23192123581e-09	-2.94448536564e-14
5.2331146485e-09	-3.54787566378e-13
5.2343080612e-09	-5.61279247093e-13
5.23550147389e-09	-5.9423421587e-13
5.23669488658e-09	-4.4017026623e-13
5.23788829927e-09	-1.49658782003e-13
5.23908171196e-09	1.96699039638e-13
5.24027512465e-09	4.95341946985e-13
5.24146853734e-09	6.62761552995e-13
5.24266195003e-09	6.4914676553e-13
5.24385536272e-09	4.6178515791e-13
5.24504877541e-09	1.53499271738e-13
5.2462421881e-09	-1.83662140401e-13
5.24743560079e-09	-4.54024421819e-13
5.24862901348e-09	-5.78579454583e-13
5.24982242617e-09	-5.22797347676e-13
5.25101583886e-09	-3.0382707255e-13
5.25220925156e-09	1.41023641942e-14
5.25340266425e-09	3.38898227786e-13
5.25459607694e-09	5.75886662305e-13
5.25578948963e-09	6.58032154699e-13
5.25698290232e-09	5.62155255343e-13
5.25817631501e-09	3.16177700612e-13
5.2593697277e-09	-5.3835241488e-15
5.26056314039e-09	-3.13495313286e-13
5.26175655308e-09	-5.13628019511e-13
5.26294996577e-09	-5.54555377584e-13
5.26414337846e-09	-4.20064404403e-13
5.26533679115e-09	-1.54273585213e-13
5.26653020384e-09	1.68481834454e-13
5.26772361653e-09	4.51656141415e-13
5.26891702922e-09	6.17047754038e-13
5.27011044192e-09	6.13525059207e-13
5.27130385461e-09	4.47510125202e-13
5.2724972673e-09	1.64086219655e-13
5.27369067999e-09	-1.51932343795e-13
5.27488409268e-09	-4.08767861411e-13
5.27607750537e-09	-5.35587504522e-13
5.27727091806e-09	-4.91310808769e-13
5.27846433075e-09	-2.96132879367e-13
5.27965774344e-09	-1.13604651809e-15
5.28085115613e-09	3.02932914078e-13
5.28204456882e-09	5.31336686617e-13
5.28323798151e-09	6.16831387942e-13
5.2844313942e-09	5.36627769402e-13
5.28562480689e-09	3.1353886772e-13
5.28681821958e-09	1.52567925978e-14
5.28801163227e-09	-2.75060834163e-13
5.28920504497e-09	-4.6965028573e-13
5.29039845766e-09	-5.16370800285e-13
5.29159187035e-09	-4.0017012463e-13
5.29278528304e-09	-1.56868479117e-13
5.29397869573e-09	1.42906091352e-13
5.29517210842e-09	4.12090913964e-13
5.29636552111e-09	5.73392888888e-13
5.2975589338e-09	5.80108755629e-13
5.29875234649e-09	4.32370756358e-13
5.29994575918e-09	1.7279560893e-13
5.30113917187e-09	-1.2305666875e-13
5.30233258456e-09	-3.67463539794e-13
5.30352599725e-09	-4.94245012213e-13
5.30471940994e-09	-4.61815339388e-13
5.30591282263e-09	-2.86652995042e-13
5.30710623533e-09	-1.46380299476e-14
5.30829964802e-09	2.70520649474e-13
5.30949306071e-09	4.89977043585e-13
5.3106864734e-09	5.7761288157e-13
5.31187988609e-09	5.11949308629e-13
5.31307329878e-09	3.09559632295e-13
5.31426671147e-09	3.33153012522e-14
5.31546012416e-09	-2.39879273265e-13
5.31665353685e-09	-4.28738469016e-13
5.31784694954e-09	-4.79914752957e-13
5.31904036223e-09	-3.80707692747e-13
5.32023377492e-09	-1.5768357384e-13
5.32142718761e-09	1.19959335231e-13
5.3226206003e-09	3.7575441009e-13
5.32381401299e-09	5.32457690677e-13
5.32500742569e-09	5.48202562717e-13
5.32620083838e-09	4.16652996149e-13
5.32739425107e-09	1.79898132659e-13
5.32858766376e-09	-9.72789972287e-14
5.32978107645e-09	-3.29422053465e-13
5.33097448914e-09	-4.549205759e-13
5.33216790183e-09	-4.33943605062e-13
5.33336131452e-09	-2.7590463822e-13
5.33455472721e-09	-2.68661944091e-14
5.3357481399e-09	2.42078917879e-13
5.33694155259e-09	4.50732401164e-13
5.33813496528e-09	5.41141438571e-13
5.33932837797e-09	4.87558446036e-13
5.34052179066e-09	3.04616459823e-13
5.34171520335e-09	4.91371935748e-14
5.34290861604e-09	-2.07906173221e-13
5.34410202874e-09	-3.90477587601e-13
5.34529544143e-09	-4.45426305567e-13
5.34648885412e-09	-3.61221418581e-13
5.34768226681e-09	-1.57525788542e-13
5.3488756795e-09	9.99499851848e-14
5.35006909219e-09	3.41984683709e-13
5.35126250488e-09	4.94689975561e-13
5.35245591757e-09	5.1702006798e-13
5.35364933026e-09	4.01632472804e-13
5.35484274295e-09	1.8455725602e-13
5.35603615564e-09	-7.37252564499e-14
5.35722956833e-09	-2.94383234559e-13
5.35842298102e-09	-4.18399822031e-13
5.35961639371e-09	-4.06460431854e-13
5.3608098064e-09	-2.65323797411e-13
5.3620032191e-09	-3.64745994672e-14
5.36319663179e-09	2.1584881472e-13
5.36439004448e-09	4.14483267044e-13
5.36558345717e-09	5.07043869781e-13
5.36677686986e-09	4.63164615439e-13
5.36797028255e-09	2.99626307516e-13
5.36916369524e-09	6.21530969832e-14
5.37035710793e-09	-1.78546928761e-13
5.37155052062e-09	-3.54572582639e-13
5.37274393331e-09	-4.13287615665e-13
5.373937346e-09	-3.41319278342e-13
5.37513075869e-09	-1.56835243238e-13
5.37632417138e-09	8.28174758183e-14
5.37751758407e-09	3.10711630985e-13
5.37871099676e-09	4.59539009493e-13
5.37990440946e-09	4.87258840318e-13
5.38109782215e-09	3.86677577571e-13
5.38229123484e-09	1.87547211173e-13
5.38348464753e-09	-5.22350979948e-14
5.38467806022e-09	-2.62632231636e-13
5.38587147291e-09	-3.83464317428e-13
5.3870648856e-09	-3.80513237699e-13
5.38825829829e-09	-2.54259558286e-13
5.38945171098e-09	-4.39827020528e-14
5.39064512367e-09	1.91572235506e-13
5.39183853636e-09	3.81829825055e-13
5.39303194905e-09	4.73913090845e-13
5.39422536174e-09	4.40505677725e-13
5.39541877443e-09	2.93211838815e-13
5.39661218712e-09	7.35994415641e-14
5.39780559981e-09	-1.51781160272e-13
5.39899901251e-09	-3.21570600145e-13
5.4001924252e-09	-3.82416256458e-13
5.40138583789e-09	-3.22092945035e-13
5.40257925058e-09	-1.55031742381e-13
5.40377266327e-09	6.79567570971e-14
5.40496607596e-09	2.81893669377e-13
5.40615948865e-09	4.26815870245e-13
5.40735290134e-09	4.58917056917e-13
5.40854631403e-09	3.7153780554e-13
5.40973972672e-09	1.89613666633e-13
5.41093313941e-09	-3.34804921587e-14
5.4121265521e-09	-2.33100593949e-13
5.41331996479e-09	-3.51017819141e-13
5.41451337748e-09	-3.55560846472e-13
5.41570679017e-09	-2.42752195569e-13
5.41690020287e-09	-5.04616655366e-14
5.41809361556e-09	1.70305120307e-13
5.41928702825e-09	3.51088085606e-13
5.42048044094e-09	4.43059309266e-13
5.42167385363e-09	4.18583418117e-13
5.42286726632e-09	2.85825152473e-13
5.42406067901e-09	8.39093300864e-14
5.4252540917e-09	-1.28275477602e-13
5.42644750439e-09	-2.90125620061e-13
5.42764091708e-09	-3.53877778453e-13
5.42883432977e-09	-3.03071143079e-13
5.43002774246e-09	-1.52202271172e-13
5.43122115515e-09	5.45992698651e-14
5.43241456784e-09	2.56036311537e-13
5.43360798053e-09	3.96072795871e-13
5.43480139322e-09	4.32041131793e-13
5.43599480592e-09	3.56581704133e-13
5.43718821861e-09	1.9039402284e-13
5.4383816313e-09	-1.67891249626e-14
5.43957504399e-09	-2.05819365254e-13
5.44076845668e-09	-3.20903263543e-13
5.44196186937e-09	-3.31252518769e-13
5.44315528206e-09	-2.31715498568e-13
5.44434869475e-09	-5.48677670274e-14
5.44554210744e-09	1.5066859266e-13
5.44673552013e-09	3.22880888963e-13
5.44792893282e-09	4.14200385145e-13
5.44912234551e-09	3.97021001822e-13
5.4503157582e-09	2.78505246209e-13
5.45150917089e-09	9.21144687897e-14
5.45270258358e-09	-1.06757124808e-13
5.45389599628e-09	-2.61034585196e-13
5.45508940897e-09	-3.27104374809e-13
5.45628282166e-09	-2.84207732896e-13
5.45747623435e-09	-1.49081957649e-13
5.45866964704e-09	4.33374658113e-14
5.45986305973e-09	2.32310874639e-13
5.46105647242e-09	3.672663573e-13
5.46224988511e-09	4.06850764965e-13
5.4634432978e-09	3.4159333077e-13
5.46463671049e-09	1.90283169944e-13
5.46583012318e-09	-1.93140600864e-15
5.46702353587e-09	-1.81049228412e-13
5.46821694856e-09	-2.92559735254e-13
5.46941036125e-09	-3.08077165395e-13
5.47060377394e-09	-2.20555534556e-13
5.47179718664e-09	-5.78265140985e-14
5.47299059933e-09	1.32681517682e-13
5.47418401202e-09	2.97619195185e-13
5.47537742471e-09	3.86304567978e-13
5.4765708374e-09	3.76993195775e-13
5.47776425009e-09	2.7041051825e-13
5.47895766278e-09	9.89609183648e-14
5.48015107547e-09	-8.69766981216e-14
5.48134448816e-09	-2.345973486e-13
5.48253790085e-09	-3.01156794408e-13
5.48373131354e-09	-2.66575336024e-13
5.48492472623e-09	-1.44717037629e-13
5.48611813892e-09	3.33767596335e-14
5.48731155161e-09	2.10751763467e-13
5.4885049643e-09	3.40653273276e-13
5.48969837699e-09	3.82785989727e-13
5.49089178969e-09	3.26848597964e-13
5.49208520238e-09	1.89573632467e-13
5.49327861507e-09	1.07313827048e-14
5.49447202776e-09	-1.57894115737e-13
5.49566544045e-09	-2.6649975358e-13
5.49685885314e-09	-2.85876604642e-13
5.49805226583e-09	-2.09282266335e-13
5.49924567852e-09	-6.00631545707e-14
5.50043909121e-09	1.17068111932e-13
5.5016325039e-09	2.73828272475e-13
5.50282591659e-09	3.60632815386e-13
5.50401932928e-09	3.57565214416e-13
5.50521274197e-09	2.61907517023e-13
5.50640615466e-09	1.04954769986e-13
5.50759956735e-09	-6.97082569077e-14
5.50879298005e-09	-2.0975995226e-13
5.50998639274e-09	-2.76892532747e-13
5.51117980543e-09	-2.49636130588e-13
5.51237321812e-09	-1.3939133322e-13
5.51356663081e-09	2.42865195694e-14
5.5147600435e-09	1.91872886462e-13
5.51595345619e-09	3.15317880855e-13
5.51714686888e-09	3.60417950232e-13
5.51834028157e-09	3.12299878747e-13
5.51953369426e-09	1.87977790208e-13
5.52072710695e-09	2.19314664323e-14
5.52192051964e-09	-1.3673330148e-13
5.52311393233e-09	-2.42263972555e-13
5.52430734502e-09	-2.64560807072e-13
5.52550075771e-09	-1.98306198258e-13
5.52669417041e-09	-6.12486110617e-14
5.5278875831e-09	1.0325868053e-13
5.52908099579e-09	2.51591601014e-13
5.53027440848e-09	3.37179286228e-13
5.53146782117e-09	3.38211775345e-13
5.53266123386e-09	2.53984608003e-13
5.53385464655e-09	1.09064252821e-13
5.53504805924e-09	-5.36751819071e-14
5.53624147193e-09	-1.8711234954e-13
5.53743488462e-09	-2.54096551878e-13
5.53862829731e-09	-2.33108118989e-13
5.53982171e-09	-1.34074907209e-13
5.54101512269e-09	1.68821264273e-14
5.54220853538e-09	1.74469249472e-13
5.54340194807e-09	2.92058803357e-13
5.54459536076e-09	3.39182959605e-13
5.54578877346e-09	2.98103684478e-13
5.54698218615e-09	1.85795530098e-13
5.54817559884e-09	3.1691324793e-14
5.54936901153e-09	-1.17600982053e-13
5.55056242422e-09	-2.19439771936e-13
5.55175583691e-09	-2.44642525774e-13
5.5529492496e-09	-1.8705341807e-13
5.55414266229e-09	-6.18077281928e-14
5.55533607498e-09	9.10311729425e-14
5.55652948767e-09	2.31365230116e-13
5.55772290036e-09	3.14911335534e-13
5.55891631305e-09	3.2007016937e-13
5.56010972574e-09	2.45742001645e-13
5.56130313843e-09	1.12154220542e-13
5.56249655112e-09	-3.90556253245e-14
5.56368996382e-09	-1.66603330524e-13
5.56488337651e-09	-2.32152733587e-13
5.5660767892e-09	-2.17724542076e-13
5.56727020189e-09	-1.27944782386e-13
5.56846361458e-09	1.05139605704e-14
5.56965702727e-09	1.58521902676e-13
5.57085043996e-09	2.70948360455e-13
5.57204385265e-09	3.18642187018e-13
5.57323726534e-09	2.84831094935e-13
5.57443067803e-09	1.82724339403e-13
5.57562409072e-09	4.0344211465e-14
5.57681750341e-09	-1.00208458136e-13
5.5780109161e-09	-1.98244136154e-13
5.57920432879e-09	-2.25784612835e-13
5.58039774148e-09	-1.75853690943e-13
5.58159115418e-09	-6.1931134117e-14
5.58278456687e-09	8.07009336066e-14
5.58397797956e-09	2.12469310808e-13
5.58517139225e-09	2.94326412201e-13
5.58636480494e-09	3.02862884782e-13
5.58755821763e-09	2.37072731238e-13
5.58875163032e-09	1.14887493372e-13
5.58994504301e-09	-2.64984160916e-14
5.5911384557e-09	-1.47283242527e-13
5.59233186839e-09	-2.11901773323e-13
5.59352528108e-09	-2.0275210818e-13
5.59471869377e-09	-1.21635196693e-13
5.59591210646e-09	5.15716793441e-15
5.59710551915e-09	1.44345276563e-13
5.59829893184e-09	2.51243290902e-13
5.59949234453e-09	2.9932998151e-13
5.60068575723e-09	2.72050451963e-13
5.60187916992e-09	1.79049388705e-13
5.60307258261e-09	4.79285982613e-14
5.6042659953e-09	-8.44512524487e-14
5.60545940799e-09	-1.7855256153e-13
5.60665282068e-09	-2.07932476982e-13
5.60784623337e-09	-1.64889454223e-13
5.60903964606e-09	-6.14005391263e-14
5.61023305875e-09	7.15777052091e-14
5.61142647144e-09	1.95143905782e-13
5.61261988413e-09	2.75332992625e-13
5.61381329682e-09	2.86178172089e-13
5.61500670951e-09	2.28802697952e-13
5.6162001222e-09	1.16513801713e-13
5.61739353489e-09	-1.52309288703e-14
5.61858694759e-09	-1.29458747054e-13
5.61978036028e-09	-1.93237922408e-13
5.62097377297e-09	-1.88021292126e-13
5.62216718566e-09	-1.1571538168e-13
5.62336059835e-09	1.3215098876e-15
5.62455401104e-09	1.31070367843e-13
5.62574742373e-09	2.33399220496e-13
5.62694083642e-09	2.81138963021e-13
5.62813424911e-09	2.59507899788e-13
5.6293276618e-09	1.75286146681e-13
5.63052107449e-09	5.42074862103e-14
5.63171448718e-09	-7.00922736939e-14
5.63290789987e-09	-1.60250407237e-13
5.63410131256e-09	-1.91166728646e-13
5.63529472525e-09	-1.5414780082e-13
5.63648813795e-09	-6.02967112004e-14
5.63768155064e-09	6.34938336717e-14
5.63887496333e-09	1.79515058621e-13
5.64006837602e-09	2.57314938264e-13
5.64126178871e-09	2.70696222463e-13
5.6424552014e-09	2.20265622283e-13
5.64364861409e-09	1.17590024835e-13
5.64484202678e-09	-5.14426518741e-15
5.64603543947e-09	-1.13329184836e-13
5.64722885216e-09	-1.75492548282e-13
5.64842226485e-09	-1.74175156245e-13
5.64961567754e-09	-1.09584240418e-13
5.65080909023e-09	-1.62314975507e-15
5.65200250292e-09	1.18926181193e-13
5.65319591561e-09	2.17228445044e-13
5.6543893283e-09	2.6370674714e-13
5.655582741e-09	2.47747531718e-13
5.65677615369e-09	1.71107506148e-13
5.65796956638e-09	5.9479368452e-14
5.65916297907e-09	-5.69538812745e-14
5.66035639176e-09	-1.4348241257e-13
5.66154980445e-09	-1.75223984628e-13
5.66274321714e-09	-1.43730273045e-13
5.66393662983e-09	-5.86946483305e-14
5.66513004252e-09	5.64382686026e-14
5.66632345521e-09	1.65404719611e-13
5.6675168679e-09	2.40361565354e-13
5.66871028059e-09	2.56355544702e-13
5.66990369328e-09	2.11484308052e-13
5.67109710597e-09	1.18468217583e-13
5.67229051866e-09	3.44253036247e-15
5.67348393136e-09	-9.82355642415e-14
5.67467734405e-09	-1.59095465954e-13
5.67587075674e-09	-1.60929780176e-13
5.67706416943e-09	-1.03183129426e-13
5.67825758212e-09	-4.15948318947e-15
5.67945099481e-09	1.08465896041e-13
5.6806444075e-09	2.01991394666e-13
5.68183782019e-09	2.47651630648e-13
5.68303123288e-09	2.36270536827e-13
5.68422464557e-09	1.66703810654e-13
5.68541805826e-09	6.40437859063e-14
5.68661147095e-09	-4.52879726247e-14
5.68780488364e-09	-1.27841806897e-13
5.68899829633e-09	-1.60218638419e-13
5.69019170902e-09	-1.33885576711e-13
5.69138512171e-09	-5.6349173442e-14
5.69257853441e-09	4.99916270489e-14
5.6937719471e-09	1.52847413816e-13
5.69496535979e-09	2.24501549349e-13
5.69615877248e-09	2.427173012e-13
5.69735218517e-09	2.03040251848e-13
5.69854559786e-09	1.18578459768e-13
5.69973901055e-09	1.11169247856e-14
5.70093242324e-09	-8.44407814274e-14
5.70212583593e-09	-1.43971463982e-13
5.70331924862e-09	-1.48059368653e-13
5.70451266131e-09	-9.71428739519e-14
5.705706074e-09	-5.76237043413e-15
5.70689948669e-09	9.90462831923e-14
5.70809289938e-09	1.87739568967e-13
5.70928631207e-09	2.33182869647e-13
5.71047972477e-09	2.24653388476e-13
5.71167313746e-09	1.62749686368e-13
5.71286655015e-09	6.73525617196e-14
5.71405996284e-09	-3.44563168891e-14
5.71525337553e-09	-1.13496829597e-13
5.71644678822e-09	-1.46214407227e-13
5.71764020091e-09	-1.24100623305e-13
5.7188336136e-09	-5.39888204198e-14
5.72002702629e-09	4.45328965388e-14
5.72122043898e-09	1.41491404029e-13
5.72241385167e-09	2.09639492316e-13
5.72360726436e-09	2.29975147405e-13
5.72480067705e-09	1.94826387011e-13
5.72599408974e-09	1.18008439629e-13
5.72718750243e-09	1.81571102775e-14
5.72838091513e-09	-7.22243208436e-14
5.72957432782e-09	-1.29530694032e-13
5.73076774051e-09	-1.36206130196e-13
5.7319611532e-09	-9.08674804373e-14
5.73315456589e-09	-6.92517662884e-15
5.73434797858e-09	9.05637318813e-14
5.73554139127e-09	1.74863677141e-13
5.73673480396e-09	2.19329965973e-13
5.73792821665e-09	2.13778691608e-13
5.73912162934e-09	1.58586704085e-13
5.74031504203e-09	6.99101378933e-14
5.74150845472e-09	-2.45114957553e-14
5.74270186741e-09	-1.0052384323e-13
5.7438952801e-09	-1.3278537578e-13
5.74508869279e-09	-1.14967170373e-13
5.74628210548e-09	-5.11684776852e-14
5.74747551818e-09	3.98741073322e-14
5.74866893087e-09	1.3097577798e-13
5.74986234356e-09	1.96246641035e-13
5.75105575625e-09	2.17594805428e-13
5.75224916894e-09	1.87089635505e-13
5.75344258163e-09	1.17002330506e-13
5.75463599432e-09	2.435824399e-14
5.75582940701e-09	-6.10828899126e-14
5.7570228197e-09	-1.16058186079e-13
5.75821623239e-09	-1.25046801459e-13
5.75940964508e-09	-8.4464912549e-14
5.76060305777e-09	-7.88318444471e-15
5.76179647046e-09	8.34254675975e-14
5.76298988315e-09	1.62705142599e-13
5.76418329584e-09	2.0665237303e-13
5.76537670854e-09	2.03434759137e-13
5.76657012123e-09	1.54045501263e-13
5.76776353392e-09	7.23706669611e-14
5.76895694661e-09	-1.61279403613e-14
5.7701503593e-09	-8.80966798128e-14
5.77134377199e-09	-1.20517338513e-13
5.77253718468e-09	-1.06076178081e-13
5.77373059737e-09	-4.80757202609e-14
5.77492401006e-09	3.57375058908e-14
5.77611742275e-09	1.21670246916e-13
5.77731083544e-09	1.83766344088e-13
5.77850424813e-09	2.05887441292e-13
5.77969766082e-09	1.79774531917e-13
5.78089107351e-09	1.15388795422e-13
5.7820844862e-09	3.00140811845e-14
5.7832778989e-09	-5.09864663985e-14
5.78447131159e-09	-1.0368530985e-13
5.78566472428e-09	-1.14265703426e-13
5.78685813697e-09	-7.84760008238e-14
5.78805154966e-09	-8.16259477951e-15
5.78924496235e-09	7.69815340082e-14
5.79043837504e-09	1.51550575881e-13
5.79163178773e-09	1.95012527583e-13
5.79282520042e-09	1.93349075154e-13
5.79401861311e-09	1.49771308636e-13
5.7952120258e-09	7.40894374185e-14
5.79640543849e-09	-8.54832246638e-15
5.79759885118e-09	-7.65592406501e-14
5.79879226387e-09	-1.09321524679e-13
5.79998567656e-09	-9.71969375238e-14
5.80117908925e-09	-4.52738093868e-14
5.80237250195e-09	3.26084816921e-14
5.80356591464e-09	1.13034249658e-13
5.80475932733e-09	1.72343704995e-13
5.80595274002e-09	1.94914261597e-13
5.80714615271e-09	1.72665892611e-13
5.8083395654e-09	1.13584477178e-13
5.80953297809e-09	3.48771173515e-14
5.81072639078e-09	-4.18621029768e-14
5.81191980347e-09	-9.21172191057e-14
5.81311321616e-09	-1.0416139827e-13
5.81430662885e-09	-7.26154594829e-14
5.81550004154e-09	-7.966533122e-15
5.81669345423e-09	7.09860637068e-14
5.81788686692e-09	1.41741149999e-13
5.81908027961e-09	1.83732589825e-13
5.82027369231e-09	1.8415645697e-13
5.821467105e-09	1.45221244155e-13
5.82266051769e-09	7.54616934735e-14
5.82385393038e-09	-1.71981601374e-15
5.82504734307e-09	-6.62362231171e-14
5.82624075576e-09	-9.84892319745e-14
5.82743416845e-09	-8.90912853812e-14
5.82862758114e-09	-4.21551416482e-14
5.82982099383e-09	2.99755596084e-14
5.83101440652e-09	1.0505578883e-13
5.83220781921e-09	1.62065512445e-13
5.8334012319e-09	1.84383471964e-13
5.83459464459e-09	1.65915292437e-13
5.83578805728e-09	1.11667029214e-13
5.83698146997e-09	3.89318716933e-14
5.83817488267e-09	-3.33301391518e-14
5.83936829536e-09	-8.16506980978e-14
5.84056170805e-09	-9.45295215057e-14
5.84175512074e-09	-6.68466721389e-14
5.84294853343e-09	-7.63606597049e-15
5.84414194612e-09	6.59876828981e-14
5.84533535881e-09	1.3257635346e-13
5.8465287715e-09	1.73286862629e-13
5.84772218419e-09	1.75655427635e-13
5.84891559688e-09	1.40347931573e-13
5.85010900957e-09	7.68614882637e-14
5.85130242226e-09	3.98686613339e-15
5.85249583495e-09	-5.64223426891e-14
5.85368924764e-09	-8.86041186168e-14
5.85488266033e-09	-8.13055262426e-14
5.85607607302e-09	-3.88010165379e-14
5.85726948572e-09	2.75283190052e-14
5.85846289841e-09	9.8264858876e-14
5.8596563111e-09	1.52272358066e-13
5.86084972379e-09	1.74705300614e-13
5.86204313648e-09	1.59378661256e-13
5.86323654917e-09	1.09583590744e-13
5.86442996186e-09	4.24175778662e-14
5.86562337455e-09	-2.55748571057e-14
5.86681678724e-09	-7.20242558967e-14
5.86801019993e-09	-8.53805272129e-14
5.86920361262e-09	-6.14451176232e-14
5.87039702531e-09	-6.85535591476e-15
5.871590438e-09	6.14310496765e-14
5.87278385069e-09	1.24308525848e-13
5.87397726338e-09	1.63683357233e-13
5.87517067608e-09	1.67416765062e-13
5.87636408877e-09	1.35847484588e-13
5.87755750146e-09	7.76321035925e-14
5.87875091415e-09	9.20452280815e-15
5.87994432684e-09	-4.74723841983e-14
5.88113773953e-09	-7.94486614626e-14
5.88233115222e-09	-7.37640056661e-14
5.88352456491e-09	-3.56504042223e-14
5.8847179776e-09	2.57731009318e-14
5.88591139029e-09	9.2027527634e-14
5.88710480298e-09	1.43266607209e-13
5.88829821567e-09	1.65882586801e-13
5.88949162836e-09	1.52769086986e-13
5.89068504105e-09	1.07743612412e-13
5.89187845374e-09	4.51660460436e-14
5.89307186644e-09	-1.84370415375e-14
5.89426527913e-09	-6.31553330479e-14
5.89545869182e-09	-7.68186792186e-14
5.89665210451e-09	-5.61524525811e-14
5.8978455172e-09	-5.92598924745e-15
5.89903892989e-09	5.73990114878e-14
5.90023234258e-09	1.16897585565e-13
5.90142575527e-09	1.54579647016e-13
5.90261916796e-09	1.5982521872e-13
5.90381258065e-09	1.31410959791e-13
5.90500599334e-09	7.79409851682e-14
5.90619940603e-09	1.41643675354e-14
5.90739281872e-09	-3.97520909656e-14
5.90858623141e-09	-7.046256177e-14
5.9097796441e-09	-6.70055416385e-14
5.91097305679e-09	-3.22996879961e-14
5.91216646949e-09	2.43587051995e-14
5.91335988218e-09	8.62354096145e-14
5.91455329487e-09	1.35254293862e-13
5.91574670756e-09	1.57383331153e-13
5.91694012025e-09	1.46633947728e-13
5.91813353294e-09	1.05773899974e-13
5.91932694563e-09	4.73170252268e-14
5.92052035832e-09	-1.17561889153e-14
5.92171377101e-09	-5.51840076253e-14
5.9229071837e-09	-6.86940950426e-14
5.92410059639e-09	-5.10307840093e-14
5.92529400908e-09	-4.93993066498e-15
5.92648742177e-09	5.40449168708e-14
5.92768083446e-09	1.09975256237e-13
5.92887424715e-09	1.46282205438e-13
5.93006765985e-09	1.52594147577e-13
5.93126107254e-09	1.27080244656e-13
5.93245448523e-09	7.80945827347e-14
5.93364789792e-09	1.84506281577e-14
5.93484131061e-09	-3.26068606828e-14
5.9360347233e-09	-6.21159236718e-14
5.93722813599e-09	-6.07202903545e-14
5.93842154868e-09	-2.87543468921e-14
5.93961496137e-09	2.29826080618e-14
5.94080837406e-09	8.13635691753e-14
5.94200178675e-09	1.27633262303e-13
5.94319519944e-09	1.49586684253e-13
5.94438861213e-09	1.40825868219e-13
5.94558202482e-09	1.03581735508e-13
5.94677543751e-09	4.94071793975e-14
5.9479688502e-09	-6.06489174525e-15
5.9491622629e-09	-4.75068601333e-14
5.95035567559e-09	-6.13570016328e-14
5.95154908828e-09	-4.59814537452e-14
5.95274250097e-09	-3.84649879798e-15
5.95393591366e-09	5.11526318163e-14
5.95512932635e-09	1.03678320134e-13
5.95632273904e-09	1.38686205396e-13
5.95751615173e-09	1.4568638891e-13
5.95870956442e-09	1.23025802023e-13
5.95990297711e-09	7.78716046995e-14
5.9610963898e-09	2.23693519728e-14
5.96228980249e-09	-2.61160946418e-14
5.96348321518e-09	-5.44644040087e-14
5.96467662787e-09	-5.45338107354e-14
5.96587004056e-09	-2.55920510275e-14
5.96706345326e-09	2.21734326169e-14
5.96825686595e-09	7.68781909064e-14
5.96945027864e-09	1.20640398001e-13
5.97064369133e-09	1.42464995557e-13
5.97183710402e-09	1.35098560079e-13
5.97303051671e-09	1.01560573441e-13
5.9742239294e-09	5.10082580151e-14
5.97541734209e-09	-8.8073945872e-16
5.97661075478e-09	-4.03367995032e-14
5.97780416747e-09	-5.46888601164e-14
5.97899758016e-09	-4.0920217586e-14
5.98019099285e-09	-2.86392967362e-15
5.98138440554e-09	4.87259506086e-14
5.98257781823e-09	9.79897535862e-14
5.98377123092e-09	1.31583717243e-13
5.98496464362e-09	1.39280302447e-13
5.98615805631e-09	1.19135239935e-13
5.987351469e-09	7.73900224232e-14
5.98854488169e-09	2.59553214357e-14
5.98973829438e-09	-2.0304171298e-14
5.99093170707e-09	-4.73034511003e-14
5.99212511976e-09	-4.87544130332e-14
5.99331853245e-09	-2.25303763242e-14
5.99451194514e-09	2.1773973573e-14
5.99570535783e-09	7.256342879e-14
5.99689877052e-09	1.14582610639e-13
5.99809218321e-09	1.35528239564e-13
5.9992855959e-09	1.29905450207e-13
6.00047900859e-09	9.9412676611e-14
6.00167242128e-09	5.23216749264e-14
6.00286583397e-09	3.84944017283e-15
6.00405924667e-09	-3.38768993428e-14
6.00525265936e-09	-4.82793042063e-14
6.00644607205e-09	-3.62854603982e-14
6.00763948474e-09	-1.66324930064e-15
6.00883289743e-09	4.66270317644e-14
6.01002631012e-09	9.27341233656e-14
6.01121972281e-09	1.25101119988e-13
6.0124131355e-09	1.33239002581e-13
6.01360654819e-09	1.15350024183e-13
6.01479996088e-09	7.68892980494e-14
6.01599337357e-09	2.89822980695e-14
6.01718678626e-09	-1.48808042016e-14
6.01838019895e-09	-4.07503404698e-14
6.01957361164e-09	-4.32834547555e-14
6.02076702433e-09	-1.95360290936e-14
6.02196043703e-09	2.14365031531e-14
6.02315384972e-09	6.88725581083e-14
6.02434726241e-09	1.08874789338e-13
6.0255406751e-09	1.29129800114e-13
6.02673408779e-09	1.2507927162e-13
6.02792750048e-09	9.70520652437e-14
6.02912091317e-09	5.36791036696e-14
6.03031432586e-09	7.82578610408e-15
6.03150773855e-09	-2.7736469517e-14
6.03270115124e-09	-4.2419345624e-14
6.03389456393e-09	-3.18818597722e-14
6.03508797662e-09	-2.83355073109e-16
6.03628138931e-09	4.46539832868e-14
6.037474802e-09	8.81623341836e-14
6.03866821469e-09	1.19014587715e-13
6.03986162739e-09	1.27606717985e-13
6.04105504008e-09	1.11754396427e-13
6.04224845277e-09	7.62748256211e-14
6.04344186546e-09	3.16228082979e-14
6.04463527815e-09	-9.81346188783e-15
6.04582869084e-09	-3.48606751715e-14
6.04702210353e-09	-3.79395984301e-14
6.04821551622e-09	-1.67900757571e-14
6.04940892891e-09	2.13956792355e-14
6.0506023416e-09	6.55497363711e-14
6.05179575429e-09	1.03570580931e-13
6.05298916698e-09	1.23362617051e-13
6.05418257967e-09	1.203281122e-13
6.05537599236e-09	9.49180258724e-14
6.05656940505e-09	5.46775789081e-14
6.05776281774e-09	1.14588577986e-14
6.05895623044e-09	-2.20476594474e-14
6.06014964313e-09	-3.70586197905e-14
6.06134305582e-09	-2.76196903551e-14
6.06253646851e-09	1.04593126516e-15
6.0637298812e-09	4.29777944461e-14
6.06492329389e-09	8.4042980027e-14
6.06611670658e-09	1.13335546053e-13
6.06731011927e-09	1.22463516988e-13
6.06850353196e-09	1.08197528052e-13
6.06969694465e-09	7.56581576835e-14
6.07089035734e-09	3.38659120549e-14
6.07208377003e-09	-5.15835415112e-15
6.07327718272e-09	-2.94304926363e-14
6.07447059541e-09	-3.29114935412e-14
6.0756640081e-09	-1.41861286588e-14
6.0768574208e-09	2.15414086071e-14
6.07805083349e-09	6.25246602675e-14
6.07924424618e-09	9.8806928622e-14
6.08043765887e-09	1.1792384306e-13
6.08163107156e-09	1.15934609054e-13
6.08282448425e-09	9.28262237991e-14
6.08401789694e-09	5.54030439927e-14
6.08521130963e-09	1.4903797758e-14
6.08640472232e-09	-1.70704106283e-14
6.08759813501e-09	-3.17619825874e-14
6.0887915477e-09	-2.38428936866e-14
6.08998496039e-09	2.55898336011e-15
6.09117837308e-09	4.14837718992e-14
6.09237178577e-09	8.02832930005e-14
6.09356519846e-09	1.08156574856e-13
6.09475861116e-09	1.17595791435e-13
6.09595202385e-09	1.0485115414e-13
6.09714543654e-09	7.49838872702e-14
6.09833884923e-09	3.58201034616e-14
6.09953226192e-09	-8.9836769666e-16
6.10072567461e-09	-2.44483401318e-14
6.1019190873e-09	-2.82496478162e-14
6.10311249999e-09	-1.15498416309e-14
6.10430591268e-09	2.1575778663e-14
6.10549932537e-09	5.99841454549e-14
6.10669273806e-09	9.43279039473e-14
6.10788615075e-09	1.12903579579e-13
6.10907956344e-09	1.11829144543e-13
6.11027297613e-09	9.07125470998e-14
6.11146638882e-09	5.60315475217e-14
6.11265980151e-09	1.79472835934e-14
6.11385321421e-09	-1.24953625929e-14
6.1150466269e-09	-2.68009389909e-14
6.11624003959e-09	-2.04058711558e-14
6.11743345228e-09	4.25810948238e-15
6.11862686497e-09	4.00131232266e-14
6.11982027766e-09	7.6997880897e-14
6.12101369035e-09	1.03364006536e-13
6.12220710304e-09	1.13006153575e-13
6.12340051573e-09	1.01773759776e-13
6.12459392842e-09	7.41664318664e-14
6.12578734111e-09	3.75849470057e-14
6.1269807538e-09	2.98960101386e-15
6.12817416649e-09	-1.98142842872e-14
6.12936757918e-09	-2.39285481993e-14
6.13056099187e-09	-8.9808400415e-15
6.13175440457e-09	2.16573518534e-14
6.13294781726e-09	5.78471859376e-14
6.13414122995e-09	9.00378921336e-14
6.13533464264e-09	1.0848341353e-13
6.13652805533e-09	1.0777161871e-13
6.13772146802e-09	8.88056709536e-14
6.13891488071e-09	5.64784518456e-14
6.1401082934e-09	2.06654531905e-14
6.14130170609e-09	-8.23466156027e-15
6.14249511878e-09	-2.22857676086e-14
6.14368853147e-09	-1.70131440013e-14
6.14488194416e-09	5.72690331174e-15
6.14607535685e-09	3.89197510754e-14
6.14726876954e-09	7.39056253398e-14
6.14846218223e-09	9.89925118467e-14
6.14965559492e-09	1.08725565003e-13
6.15084900762e-09	9.88447579605e-14
6.15204242031e-09	7.33128013795e-14
6.153235833e-09	3.91858468993e-14
6.15442924569e-09	6.44452418303e-15
6.15562265838e-09	-1.54462340576e-14
6.15681607107e-09	-1.99508986314e-14
6.15800948376e-09	-6.49353859156e-15
6.15920289645e-09	2.18210400175e-14
6.16039630914e-09	5.58741603298e-14
6.16158972183e-09	8.6242672075e-14
6.16278313452e-09	1.04260690013e-13
6.16397654721e-09	1.04066127392e-13
6.1651699599e-09	8.69606239773e-14
6.16636337259e-09	5.67339995682e-14
6.16755678528e-09	2.32574287486e-14
6.16875019798e-09	-4.44778964661e-15
6.16994361067e-09	-1.80015967224e-14
6.17113702336e-09	-1.38557156115e-14
6.17233043605e-09	7.139490417e-15
6.17352384874e-09	3.80730925167e-14
6.17471726143e-09	7.09528024171e-14
6.17591067412e-09	9.51491777756e-14
6.17710408681e-09	1.04588654394e-13
6.1782974995e-09	9.61721462422e-14
6.17949091219e-09	7.24000844154e-14
6.18068432488e-09	4.05964828641e-14
6.18187773757e-09	9.59926345497e-15
6.18307115026e-09	-1.13888649251e-14
6.18426456295e-09	-1.63000036696e-14
6.18545797564e-09	-4.05098181587e-15
6.18665138834e-09	2.19841307058e-14
6.18784480103e-09	5.41413477602e-14
6.18903821372e-09	8.27673746665e-14
6.19023162641e-09	1.00262123602e-13
6.1914250391e-09	1.00736822889e-13
6.19261845179e-09	8.50025158903e-14
6.19381186448e-09	5.70853386703e-14
6.19500527717e-09	2.54317227254e-14
6.19619868986e-09	-8.67220124668e-16
6.19739210255e-09	-1.40614004103e-14
6.19858551524e-09	-1.09262398815e-14
6.19977892793e-09	8.58282508294e-15
6.20097234062e-09	3.72724975155e-14
6.20216575331e-09	6.83316623499e-14
6.203359166e-09	9.1537366608e-14
6.20455257869e-09	1.00777283958e-13
6.20574599139e-09	9.3644326336e-14
6.20693940408e-09	7.14818049858e-14
6.20813281677e-09	4.18746958156e-14
6.20932622946e-09	1.24416000353e-14
6.21051964215e-09	-7.63689195996e-15
6.21171305484e-09	-1.28663749881e-14
6.21290646753e-09	-1.77673493373e-15
6.21409988022e-09	2.22049035966e-14
6.21529329291e-09	5.26379193359e-14
6.2164867056e-09	7.95013181128e-14
6.21768011829e-09	9.66678798979e-14
6.21887353098e-09	9.75143453331e-14
6.22006694367e-09	8.31982543975e-14
6.22126035636e-09	5.73405060751e-14
6.22245376905e-09	2.733691857e-14
6.22364718175e-09	2.57665752312e-15
6.22484059444e-09	-1.06177054305e-14
6.22603400713e-09	-7.91053550916e-15
6.22722741982e-09	9.73599434559e-15
6.22842083251e-09	3.67502968331e-14
6.2296142452e-09	6.58966044099e-14
6.23080765789e-09	8.81652166367e-14
6.23200107058e-09	9.73263683933e-14
6.23319448327e-09	9.11313930338e-14
6.23438789596e-09	7.06797071364e-14
6.23558130865e-09	4.29246151766e-14
6.23677472134e-09	1.51025973437e-14
6.23796813403e-09	-4.18932516605e-15
6.23916154672e-09	-9.66926035191e-15
6.24035495941e-09	3.65796472228e-16
6.24154837211e-09	2.25384470659e-14
6.2427417848e-09	5.11349470389e-14
6.24393519749e-09	7.67016107949e-14
6.24512861018e-09	9.317650411e-14
6.24632202287e-09	9.45873298102e-14
6.24751543556e-09	8.15121014848e-14
6.24870884825e-09	5.74284856933e-14
6.24990226094e-09	2.9197203669e-14
6.25109567363e-09	5.59700990931e-15
6.25228908632e-09	-7.27698525192e-15
6.25348249901e-09	-5.17405568027e-15
6.2546759117e-09	1.08725708151e-14
6.25586932439e-09	3.63899355595e-14
6.25706273708e-09	6.3541995118e-14
6.25825614977e-09	8.52071438038e-14
6.25944956246e-09	9.40091908602e-14
6.26064297516e-09	8.88206261673e-14
6.26183638785e-09	6.99035428947e-14
6.26302980054e-09	4.37960820598e-14
6.26422321323e-09	1.76249423466e-14
6.26541662592e-09	-1.09085768093e-15
6.26661003861e-09	-6.57702389261e-15
6.2678034513e-09	2.28745689035e-15
6.26899686399e-09	2.29652983083e-14
6.27019027668e-09	4.97374858245e-14
6.27138368937e-09	7.41606822068e-14
6.27257710206e-09	8.98667127042e-14
6.27377051475e-09	9.19770199064e-14
6.27496392744e-09	7.97540574977e-14
6.27615734013e-09	5.75978041913e-14
6.27735075282e-09	3.08263815458e-14
6.27854416552e-09	8.37157048662e-15
6.27973757821e-09	-4.12041437711e-15
6.2809309909e-09	-2.73005534868e-15
6.28212440359e-09	1.21286998177e-14
6.28331781628e-09	3.58714620338e-14
6.28451122897e-09	6.16235459606e-14
6.28570464166e-09	8.228637769e-14
6.28689805435e-09	9.10197871256e-14
6.28809146704e-09	8.66438505957e-14
6.28928487973e-09	6.90910663506e-14
6.29047829242e-09	4.46546062795e-14
6.29167170511e-09	1.98340898233e-14
6.2928651178e-09	1.85327807186e-15
6.29405853049e-09	-3.73173582928e-15
6.29525194318e-09	4.09363220117e-15
6.29644535588e-09	2.34534321726e-14
6.29763876857e-09	4.84145584273e-14
6.29883218126e-09	7.18483305416e-14
6.30002559395e-09	8.68227210843e-14
6.30121900664e-09	8.94276548701e-14
6.30241241933e-09	7.82182825793e-14
6.30360583202e-09	5.76149172215e-14
6.30479924471e-09	3.23428028202e-14
6.3059926574e-09	1.09645420231e-14
6.30718607009e-09	-1.27027934972e-15
6.30837948278e-09	-3.38025411791e-16
6.30957289547e-09	1.32472744284e-14
6.31076630816e-09	3.54545608875e-14
6.31195972085e-09	5.98926523441e-14
6.31315313354e-09	7.94699143663e-14
6.31434654623e-09	8.84287023285e-14
6.31553995893e-09	8.4366782088e-14
6.31673337162e-09	6.85113553075e-14
6.31792678431e-09	4.52933330727e-14
6.319120197e-09	2.19158822966e-14
6.32031360969e-09	4.60839701958e-15
6.32150702238e-09	-1.17051734444e-15
6.32270043507e-09	5.90661847745e-15
6.32389384776e-09	2.3809418521e-14
6.32508726045e-09	4.73254468518e-14
6.32628067314e-09	6.96506603613e-14
6.32747408583e-09	8.40547105863e-14
6.32866749852e-09	8.70059275345e-14
6.32986091121e-09	7.68185132001e-14
6.3310543239e-09	5.75137446416e-14
6.33224773659e-09	3.38410643434e-14
6.33344114929e-09	1.3245198933e-14
6.33463456198e-09	1.48967743991e-15
6.33582797467e-09	1.84092139641e-15
6.33702138736e-09	1.43034735328e-14
6.33821480005e-09	3.51865471693e-14
6.33940821274e-09	5.81695361841e-14
6.34060162543e-09	7.70126650101e-14
6.34179503812e-09	8.58602316171e-14
6.34298845081e-09	8.2352963797e-14
6.3441818635e-09	6.78734099022e-14
6.34537527619e-09	4.58585416413e-14
6.34656868888e-09	2.39023909748e-14
6.34776210157e-09	7.06568944216e-15
6.34895551426e-09	1.33151913036e-15
6.35014892695e-09	7.54877910616e-15
6.35134233965e-09	2.41832188193e-14
6.35253575234e-09	4.63630619932e-14
6.35372916503e-09	6.75531357334e-14
6.35492257772e-09	8.15558312547e-14
6.35611599041e-09	8.46829303593e-14
6.3573094031e-09	7.55430442119e-14
6.35850281579e-09	5.73896297509e-14
6.35969622848e-09	3.51874251189e-14
6.36088964117e-09	1.53876571765e-14
6.36208305386e-09	4.04479520634e-15
6.36327646655e-09	3.85690660944e-15
6.36446987924e-09	1.53923233221e-14
6.36566329193e-09	3.48339432352e-14
6.36685670462e-09	5.67171254013e-14
6.36805011731e-09	7.46548564748e-14
6.36924353e-09	8.34783495584e-14
6.3704369427e-09	8.05263753627e-14
6.37163035539e-09	6.71247793135e-14
6.37282376808e-09	4.65444884037e-14
6.37401718077e-09	2.55326869351e-14
6.37521059346e-09	9.52603986543e-15
6.37640400615e-09	3.55414736147e-15
6.37759741884e-09	9.12898251732e-15
6.37879083153e-09	2.46000365328e-14
6.37998424422e-09	4.53961865894e-14
6.38117765691e-09	6.56922852399e-14
6.3823710696e-09	7.91730843754e-14
6.38356448229e-09	8.25239094453e-14
6.38475789498e-09	7.43292620921e-14
6.38595130767e-09	5.72512245673e-14
6.38714472036e-09	3.64439428037e-14
6.38833813306e-09	1.73653014431e-14
6.38953154575e-09	6.41074383412e-15
6.39072495844e-09	5.78181454527e-15
6.39191837113e-09	1.63623286715e-14
6.39311178382e-09	3.45756464671e-14
6.39430519651e-09	5.53443937373e-14
6.3954986092e-09	7.243748092e-14
6.39669202189e-09	8.13100443163e-14
6.39788543458e-09	7.87502887269e-14
6.39907884727e-09	6.64724868641e-14
6.40027225996e-09	4.71080257763e-14
6.40146567265e-09	2.70813325192e-14
6.40265908534e-09	1.18074382732e-14
6.40385249803e-09	5.58050461868e-15
6.40504591072e-09	1.0707895937e-14
6.40623932341e-09	2.48813908082e-14
6.40743273611e-09	4.46393850974e-14
6.4086261488e-09	6.38727716483e-14
6.40981956149e-09	7.69981316188e-14
6.41101297418e-09	8.04902146792e-14
6.41220638687e-09	7.31742217072e-14
6.41339979956e-09	5.71315870928e-14
6.41459321225e-09	3.75533636882e-14
6.41578662494e-09	1.92762084074e-14
6.41698003763e-09	8.55829450586e-15
6.41817345032e-09	7.65401679894e-15
6.41936686301e-09	1.72223780799e-14
6.4205602757e-09	3.44221427095e-14
6.42175368839e-09	5.39801362145e-14
6.42294710108e-09	7.04937325825e-14
6.42414051377e-09	7.91553729165e-14
6.42533392647e-09	7.71598098796e-14
6.42652733916e-09	6.58184613853e-14
6.42772075185e-09	4.76181941439e-14
6.42891416454e-09	2.85701744008e-14
6.43010757723e-09	1.38626251769e-14
6.43130098992e-09	7.58856661935e-15
6.43249440261e-09	1.20820307375e-14
6.4336878153e-09	2.52247265078e-14
6.43488122799e-09	4.39251927508e-14
6.43607464068e-09	6.21449769018e-14
6.43726805337e-09	7.50319123442e-14
6.43846146606e-09	7.85284635035e-14
6.43965487875e-09	7.21064748437e-14
6.44084829144e-09	5.70155037684e-14
6.44204170413e-09	3.85522217855e-14
6.44323511683e-09	2.1080109276e-14
6.44442852952e-09	1.05519001555e-14
6.44562194221e-09	9.41270542772e-15
6.4468153549e-09	1.80610324949e-14
6.44800876759e-09	3.42717168579e-14
6.44920218028e-09	5.2722040719e-14
6.45039559297e-09	6.86970317058e-14
6.45158900566e-09	7.70951753365e-14
6.45278241835e-09	7.5756506679e-14
6.45397583104e-09	6.50760488655e-14
6.45516924373e-09	4.82011887103e-14
6.45636265642e-09	2.98657650802e-14
6.45755606911e-09	1.5832284464e-14
6.4587494818e-09	9.48595180774e-15
6.45994289449e-09	1.33351598671e-14
6.46113630718e-09	2.56539706182e-14
6.46232971988e-09	4.31405221808e-14
6.46352313257e-09	6.06657744669e-14
6.46471654526e-09	7.30587524817e-14
6.46590995795e-09	7.67955094793e-14
6.46710337064e-09	7.10178333716e-14
6.46829678333e-09	5.69573164166e-14
6.46949019602e-09	3.94262022389e-14
6.47068360871e-09	2.2809540596e-14
6.4718770214e-09	1.2385326078e-14
6.47307043409e-09	1.10687471397e-14
6.47426384678e-09	1.88658361911e-14
6.47545725947e-09	3.40816310178e-14
6.47665067216e-09	5.164034407e-14
6.47784408485e-09	6.68988485214e-14
6.47903749754e-09	7.52656476979e-14
6.48023091024e-09	7.43420497485e-14
6.48142432293e-09	6.44504671766e-14
6.48261773562e-09	4.86752904151e-14
6.48381114831e-09	3.11095861647e-14
6.485004561e-09	1.76719440989e-14
6.48619797369e-09	1.12184038855e-14
6.48739138638e-09	1.45866444292e-14
6.48858479907e-09	2.59884838344e-14
6.48977821176e-09	4.24721106944e-14
6.49097162445e-09	5.92673234945e-14
6.49216503714e-09	7.11888476296e-14
6.49335844983e-09	7.52114291189e-14
6.49455186252e-09	6.99198415027e-14
6.49574527521e-09	5.69748063764e-14
6.4969386879e-09	4.01916866657e-14
6.4981321006e-09	2.44482757573e-14
6.49932551329e-09	1.41284407388e-14
6.50051892598e-09	1.26026984492e-14
6.50171233867e-09	1.96522319555e-14
6.50290575136e-09	3.39186860192e-14
6.50409916405e-09	5.05869302746e-14
6.50529257674e-09	6.52607130594e-14
6.50648598943e-09	7.35144096205e-14
6.50767940212e-09	7.29948946678e-14
6.50887281481e-09	6.39018977232e-14
6.5100662275e-09	4.90335349533e-14
6.51125964019e-09	3.23878696316e-14
6.51245305288e-09	1.92644705425e-14
6.51364646557e-09	1.29919121001e-14
6.51483987826e-09	1.56409380271e-14
6.51603329095e-09	2.63688751078e-14
6.51722670365e-09	4.18561673934e-14
6.51842011634e-09	5.78732758229e-14
6.51961352903e-09	6.95348302998e-14
6.52080694172e-09	7.3620392924e-14
6.52200035441e-09	6.89481591869e-14
6.5231937671e-09	5.69263772677e-14
6.52438717979e-09	4.09409559172e-14
6.52558059248e-09	2.59702580147e-14
6.52677400517e-09	1.5776499827e-14
6.52796741786e-09	1.40347835117e-14
6.52916083055e-09	2.043579143e-14
6.53035424324e-09	3.37154480868e-14
6.53154765593e-09	4.96640264687e-14
6.53274106862e-09	6.36954609709e-14
6.53393448131e-09	7.18558081485e-14
6.53512789401e-09	7.17598655736e-14
6.5363213067e-09	6.33478594017e-14
6.53751471939e-09	4.93859057415e-14
6.53870813208e-09	3.35790651944e-14
6.53990154477e-09	2.07821839656e-14
6.54109495746e-09	1.46558634852e-14
6.54228837015e-09	1.6648961868e-14
6.54348178284e-09	2.67601812478e-14
6.54467519553e-09	4.12354468266e-14
6.54586860822e-09	5.66214034785e-14
6.54706202091e-09	6.79425210144e-14
6.5482554336e-09	7.21193717674e-14
6.54944884629e-09	6.80709117274e-14
6.55064225898e-09	5.68178414304e-14
6.55183567167e-09	4.16943303139e-14
6.55302908437e-09	2.7353525498e-14
6.55422249706e-09	1.73711588877e-14
6.55541590975e-09	1.53735565131e-14
6.55660932244e-09	2.11739522679e-14
6.55780273513e-09	3.35598627457e-14
6.55899614782e-09	4.87626432288e-14
6.56018956051e-09	6.22123342324e-14
6.5613829732e-09	7.0339725052e-14
6.56257638589e-09	7.05165423327e-14
6.56376979858e-09	6.28762225628e-14
6.56496321127e-09	4.96899342419e-14
6.56615662396e-09	3.46798056852e-14
6.56735003665e-09	2.22502822221e-14
6.56854344934e-09	1.6170663115e-14
6.56973686203e-09	1.76778130844e-14
6.57093027472e-09	2.70543695546e-14
6.57212368742e-09	4.07235030779e-14
6.57331710011e-09	5.54085522479e-14
6.5745105128e-09	6.64257577505e-14
6.57570392549e-09	7.07405893236e-14
6.57689733818e-09	6.71807588739e-14
6.57809075087e-09	5.6746503045e-14
6.57928416356e-09	4.24135328604e-14
6.58047757625e-09	2.86085225469e-14
6.58167098894e-09	1.89515526431e-14
6.58286440163e-09	1.65548751423e-14
6.58405781432e-09	2.19501600259e-14
6.58525122701e-09	3.3372048648e-14
6.5864446397e-09	4.7935365631e-14
6.58763805239e-09	6.08300044145e-14
6.58883146508e-09	6.8858616793e-14
6.59002487778e-09	6.93853594778e-14
6.59121829047e-09	6.23922541948e-14
6.59241170316e-09	4.99772872047e-14
6.59360511585e-09	3.57397111411e-14
6.59479852854e-09	2.36229617936e-14
6.59599194123e-09	1.76014539112e-14
6.59718535392e-09	1.8683651792e-14
6.59837876661e-09	2.72892526379e-14
6.5995721793e-09	4.03007544396e-14
6.60076559199e-09	5.41984902969e-14
6.60195900468e-09	6.50420311753e-14
6.60315241737e-09	6.93837484212e-14
6.60434583006e-09	6.6362835908e-14
6.60553924275e-09	5.66591345612e-14
6.60673265544e-09	4.30735244157e-14
6.60792606814e-09	2.98354222424e-14
6.60911948083e-09	2.04034685469e-14
6.61031289352e-09	1.77276886078e-14
6.61150630621e-09	2.26483720372e-14
6.6126997189e-09	3.32166591833e-14
6.61389313159e-09	4.71527283636e-14
6.61508654428e-09	5.95084208351e-14
6.61627995697e-09	6.74660150066e-14
6.61747336966e-09	6.83049435426e-14
6.61866678235e-09	6.19127162325e-14
6.61986019504e-09	5.02723252973e-14
6.62105360773e-09	3.66914051733e-14
6.62224702042e-09	2.49758639927e-14
6.62344043311e-09	1.89323865109e-14
6.6246338458e-09	1.9645550136e-14
6.62582725849e-09	2.75494103374e-14
6.62702067119e-09	3.98687083442e-14
6.62821408388e-09	5.30843552506e-14
6.62940749657e-09	6.3729564635e-14
6.63060090926e-09	6.80691126295e-14
6.63179432195e-09	6.56221343947e-14
6.63298773464e-09	5.65145807654e-14
6.63418114733e-09	4.37563468972e-14
6.63537456002e-09	3.09437053499e-14
6.63656797271e-09	2.18105501497e-14
6.6377613854e-09	1.88756744787e-14
6.63895479809e-09	2.32538576577e-14
6.64014821078e-09	3.31737459531e-14
6.64134162347e-09	4.63203397689e-14
6.64253503616e-09	5.8326458355e-14
6.64372844885e-09	6.60992638187e-14
6.64492186155e-09	6.72857782539e-14
6.64611527424e-09	6.14546848604e-14
6.64730868693e-09	5.05515874014e-14
6.64850209962e-09	3.75713449271e-14
6.64969551231e-09	2.63035339274e-14
6.650888925e-09	2.01331240057e-14
6.65208233769e-09	2.06416491294e-14
6.65327575038e-09	2.77470146536e-14
6.65446916307e-09	3.94686157197e-14
6.65566257576e-09	5.20794095274e-14
6.65685598845e-09	6.23878572467e-14
6.65804940114e-09	6.69303589941e-14
6.65924281383e-09	6.48177338863e-14
6.66043622652e-09	5.64387149889e-14
6.66162963921e-09	4.43567374027e-14
6.6628230519e-09	3.20174350187e-14
6.6640164646e-09	2.31408266166e-14
6.66520987729e-09	1.9950161501e-14
6.66640328998e-09	2.38724424309e-14
6.66759670267e-09	3.31149580549e-14
6.66879011536e-09	4.55322416801e-14
6.66998352805e-09	5.72294138925e-14
6.67117694074e-09	6.47592200032e-14
6.67237035343e-09	6.63331736612e-14
6.67356376612e-09	6.09984932438e-14
6.67475717881e-09	5.08059340312e-14
6.6759505915e-09	3.84197657378e-14
6.67714400419e-09	2.75465626126e-14
6.67833741688e-09	2.13127444397e-14
6.67953082957e-09	2.15568557352e-14
6.68072424226e-09	2.79644969273e-14
6.68191765496e-09	3.91065464042e-14
6.68311106765e-09	5.10861969047e-14
6.68430448034e-09	6.11448300439e-14
6.68549789303e-09	6.5807103097e-14
6.68669130572e-09	6.40412210905e-14
6.68788471841e-09	5.6394793366e-14
6.6890781311e-09	4.48651189544e-14
6.69027154379e-09	3.31165288775e-14
6.69146495648e-09	2.43303145609e-14
6.69265836917e-09	2.10612095357e-14
6.69385178186e-09	2.43960373296e-14
6.69504519455e-09	3.3096644779e-14
6.69623860724e-09	4.48054471773e-14
6.69743201993e-09	5.61264761982e-14
6.69862543262e-09	6.35561359096e-14
6.69981884532e-09	6.53545609218e-14
6.70101225801e-09	6.05916285909e-14
6.7022056707e-09	5.10261596329e-14
6.70339908339e-09	3.92259416274e-14
6.70459249608e-09	2.87179509451e-14
6.70578590877e-09	2.24689124372e-14
6.70697932146e-09	2.24015934349e-14
6.70817273415e-09	2.82372438657e-14
6.70936614684e-09	3.86879173107e-14
6.71055955953e-09	5.02153305679e-14
6.71175297222e-09	5.99207916257e-14
6.71294638491e-09	6.47214884971e-14
6.7141397976e-09	6.33354016646e-14
6.71533321029e-09	5.62633279234e-14
6.71652662298e-09	4.54258170725e-14
6.71772003567e-09	3.40932995319e-14
6.71891344837e-09	2.55084016535e-14
6.72010686106e-09	2.21317763835e-14
6.72130027375e-09	2.4880530011e-14
6.72249368644e-09	3.31323040191e-14
6.72368709913e-09	4.40685361365e-14
6.72488051182e-09	5.51072478055e-14
6.72607392451e-09	6.23916862592e-14
6.7272673372e-09	6.44065396244e-14
6.72846074989e-09	6.02224670685e-14
6.72965416258e-09	5.11900579671e-14
6.73084757527e-09	4.0034703932e-14
6.73204098796e-09	2.98108411346e-14
6.73323440065e-09	2.3587089313e-14
6.73442781334e-09	2.32112506299e-14
6.73562122603e-09	2.85271173867e-14
6.73681463873e-09	3.8280596954e-14
6.73800805142e-09	4.94209398713e-14
6.73920146411e-09	5.87092016271e-14
6.7403948768e-09	6.3733757448e-14
6.74158828949e-09	6.2607404375e-14
6.74278170218e-09	5.61651165707e-14
6.74397511487e-09	4.59352972258e-14
6.74516852756e-09	3.50079074972e-14
6.74636194025e-09	2.66840526793e-14
6.74755535294e-09	2.30798235155e-14
6.74874876563e-09	2.54514975566e-14
6.74994217832e-09	3.30910350916e-14
6.75113559101e-09	4.34405861434e-14
6.7523290037e-09	5.4098861011e-14
6.75352241639e-09	6.12704145368e-14
6.75471582909e-09	6.35111593071e-14
6.75590924178e-09	5.98243797945e-14
6.75710265447e-09	5.13722979527e-14
6.75829606716e-09	4.07672480944e-14
6.75948947985e-09	3.0869513734e-14
6.76068289254e-09	2.46746321834e-14
6.76187630523e-09	2.39757863797e-14
6.76306971792e-09	2.88113608915e-14
6.76426313061e-09	3.79239359439e-14
6.7654565433e-09	4.86190423452e-14
6.76664995599e-09	5.76013015904e-14
6.76784336868e-09	6.27339460151e-14
6.76903678137e-09	6.19242739971e-14
6.77023019406e-09	5.60666816014e-14
6.77142360675e-09	4.63813896686e-14
6.77261701944e-09	3.59461525521e-14
6.77381043214e-09	2.77277385131e-14
6.77500384483e-09	2.40643233456e-14
6.77619725752e-09	2.59811483173e-14
6.77739067021e-09	3.30304622832e-14
6.7785840829e-09	4.29240955219e-14
6.77977749559e-09	5.30476088437e-14
6.78097090828e-09	6.02814921359e-14
6.78216432097e-09	6.25832050672e-14
6.78335773366e-09	5.94590155208e-14
6.78455114635e-09	5.15288033834e-14
6.78574455904e-09	4.14579513704e-14
6.78693797173e-09	3.18963690231e-14
6.78813138442e-09	2.57026417666e-14
6.78932479711e-09	2.47296349031e-14
6.7905182098e-09	2.91052506193e-14
6.7917116225e-09	3.75782385047e-14
6.79290503519e-09	4.78568300067e-14
6.79409844788e-09	5.65604526817e-14
6.79529186057e-09	6.17191480283e-14
6.79648527326e-09	6.13207295644e-14
6.79767868595e-09	5.58860645309e-14
6.79887209864e-09	4.68570477964e-14
6.80006551133e-09	3.67898651302e-14
6.80125892402e-09	2.87751699265e-14
6.80245233671e-09	2.49979438123e-14
6.8036457494e-09	2.64811603364e-14
6.80483916209e-09	3.30423855425e-14
6.80603257478e-09	4.23579442056e-14
6.80722598747e-09	5.21050534499e-14
6.80841940016e-09	5.92922567564e-14
6.80961281286e-09	6.16899499556e-14
6.81080622555e-09	5.91091053633e-14
6.81199963824e-09	5.16391010491e-14
6.81319305093e-09	4.2132191714e-14
6.81438646362e-09	3.28532488029e-14
6.81557987631e-09	2.67182141534e-14
6.816773289e-09	2.54633486063e-14
6.81796670169e-09	2.93779886638e-14
6.81916011438e-09	3.73028608938e-14
6.82035352707e-09	4.71006197437e-14
6.82154693976e-09	5.55805685459e-14
6.82274035245e-09	6.07424542421e-14
6.82393376514e-09	6.07163300519e-14
6.82512717783e-09	5.57186764209e-14
6.82632059052e-09	4.72942391935e-14
6.82751400321e-09	3.75836925499e-14
6.82870741591e-09	2.98159434493e-14
6.8299008286e-09	2.5851600769e-14
6.83109424129e-09	2.70555348602e-14
6.83228765398e-09	3.29940997941e-14
6.83348106667e-09	4.18842694055e-14
6.83467447936e-09	5.11974932223e-14
6.83586789205e-09	5.8289528142e-14
6.83706130474e-09	6.09089948955e-14
6.83825471743e-09	5.8659541356e-14
6.83944813012e-09	5.18219144761e-14
6.84064154281e-09	4.27166330127e-14
6.8418349555e-09	3.37903262228e-14
6.84302836819e-09	2.76934864065e-14
6.84422178088e-09	2.61678036739e-14
6.84541519357e-09	2.96697027874e-14
6.84660860627e-09	3.7046575829e-14
6.84780201896e-09	4.63652524204e-14
6.84899543165e-09	5.46742293163e-14
6.85018884434e-09	5.97574764736e-14
6.85138225703e-09	6.01379674852e-14
6.85257566972e-09	5.55501570985e-14
6.85376908241e-09	4.76654255481e-14
6.8549624951e-09	3.83893254913e-14
6.85615590779e-09	3.07579993054e-14
6.85734932048e-09	2.67283516554e-14
6.85854273317e-09	2.75861359919e-14
6.85973614586e-09	3.29737261106e-14
6.86092955855e-09	4.1454715281e-14
6.86212297124e-09	5.03013738687e-14
6.86331638393e-09	5.736062099e-14
6.86450979662e-09	6.01164270138e-14
6.86570320932e-09	5.82254788986e-14
6.86689662201e-09	5.19854456215e-14
6.8680900347e-09	4.32429559927e-14
6.86928344739e-09	3.47399873761e-14
6.87047686008e-09	2.85900112771e-14
6.87167027277e-09	2.6901463167e-14
6.87286368546e-09	2.99367707934e-14
6.87405709815e-09	3.68260389427e-14
6.87525051084e-09	4.56735119526e-14
6.87644392353e-09	5.37813837451e-14
6.87763733622e-09	5.8830426865e-14
6.87883074891e-09	5.95430488125e-14
6.8800241616e-09	5.53847645982e-14
6.88121757429e-09	4.80038334217e-14
6.88241098698e-09	3.91581036056e-14
6.88360439968e-09	3.16569149265e-14
6.88479781237e-09	2.76065272513e-14
6.88599122506e-09	2.80648646141e-14
6.88718463775e-09	3.30280973672e-14
6.88837805044e-09	4.09820357446e-14
6.88957146313e-09	4.95122110595e-14
6.89076487582e-09	5.64077656756e-14
6.89195828851e-09	5.93649863934e-14
6.8931517012e-09	5.7799339164e-14
6.89434511389e-09	5.20800968947e-14
6.89553852658e-09	4.37994015819e-14
6.89673193927e-09	3.55724041345e-14
6.89792535196e-09	2.95173304541e-14
6.89911876465e-09	2.75955007882e-14
6.90031217734e-09	3.02082656053e-14
6.90150559004e-09	3.66535296716e-14
6.90269900273e-09	4.49962553247e-14
6.90389241542e-09	5.29351372679e-14
6.90508582811e-09	5.793662457e-14
6.9062792408e-09	5.89418578608e-14
6.90747265349e-09	5.52262868513e-14
6.90866606618e-09	4.82975844478e-14
6.90985947887e-09	3.98962758785e-14
6.91105289156e-09	3.25378757785e-14
6.91224630425e-09	2.84297689489e-14
6.91343971694e-09	2.85878600252e-14
6.91463312963e-09	3.30712327318e-14
6.91582654232e-09	4.05466565745e-14
6.91701995501e-09	4.87777924131e-14
6.9182133677e-09	5.54581676263e-14
6.91940678039e-09	5.86663642064e-14
6.92060019309e-09	5.73396357488e-14
6.92179360578e-09	5.21875688585e-14
6.92298701847e-09	4.42979969384e-14
6.92418043116e-09	3.6378110556e-14
6.92537384385e-09	3.0427471591e-14
6.92656725654e-09	2.82393324372e-14
6.92776066923e-09	3.05395615785e-14
6.92895408192e-09	3.64586875298e-14
6.93014749461e-09	4.43919688911e-14
6.9313409073e-09	5.20975805017e-14
6.93253431999e-09	5.70879538845e-14
6.93372773268e-09	5.8325726095e-14
6.93492114537e-09	5.50765924126e-14
6.93611455806e-09	4.85503678784e-14
6.93730797075e-09	4.06031032737e-14
6.93850138345e-09	3.33797348367e-14
6.93969479614e-09	2.92377394895e-14
6.94088820883e-09	2.91005815619e-14
6.94208162152e-09	3.31304526168e-14
6.94327503421e-09	4.0168262393e-14
6.9444684469e-09	4.8036491624e-14
6.94566185959e-09	5.45885002647e-14
6.94685527228e-09	5.79365233496e-14
6.94804868497e-09	5.6916630036e-14
6.94924209766e-09	5.22440507095e-14
6.95043551035e-09	4.47800073897e-14
6.95162892304e-09	3.71601485477e-14
6.95282233573e-09	3.12746089351e-14
6.95401574842e-09	2.89214275291e-14
6.95520916111e-09	3.08324952178e-14
6.95640257381e-09	3.63084147793e-14
6.9575959865e-09	4.3832068678e-14
6.95878939919e-09	5.12690463305e-14
6.95998281188e-09	5.62896202496e-14
6.96117622457e-09	5.76998653087e-14
6.96236963726e-09	5.49161948656e-14
6.96356304995e-09	4.87745525121e-14
6.96475646264e-09	4.12727958974e-14
6.96594987533e-09	3.41906291233e-14
6.96714328802e-09	3.0033482686e-14
6.96833670071e-09	2.95927358681e-14
6.9695301134e-09	3.32283941895e-14
6.97072352609e-09	3.9794031802e-14
6.97191693878e-09	4.73513215908e-14
6.97311035147e-09	5.3749529377e-14
6.97430376416e-09	5.71979301013e-14
6.97549717686e-09	5.65280223312e-14
6.97669058955e-09	5.22301267584e-14
6.97788400224e-09	4.52725083442e-14
6.97907741493e-09	3.78710277249e-14
6.98027082762e-09	3.21199869917e-14
6.98146424031e-09	2.95823213863e-14
6.982657653e-09	3.11362886666e-14
6.98385106569e-09	3.61858207363e-14
6.98504447838e-09	4.32975404899e-14
6.98623789107e-09	5.04745866007e-14
6.98743130376e-09	5.55204859579e-14
6.98862471645e-09	5.70708865942e-14
6.98981812914e-09	5.47420364213e-14
6.99101154183e-09	4.89891673675e-14
6.99220495452e-09	4.18720691664e-14
6.99339836722e-09	3.50097605935e-14
6.99459177991e-09	3.07696068332e-14
6.9957851926e-09	3.01213543074e-14
6.99697860529e-09	3.33232167751e-14
6.99817201798e-09	3.94572536198e-14
6.99936543067e-09	4.67036844345e-14
7.00055884336e-09	5.29285511632e-14
7.00175225605e-09	5.64877594671e-14
7.00294566874e-09	5.61257613024e-14
7.00413908143e-09	5.22010375294e-14
7.00533249412e-09	4.57271791131e-14
7.00652590681e-09	3.85445070094e-14
7.0077193195e-09	3.29514828136e-14
7.00891273219e-09	3.02124529127e-14
7.01010614488e-09	3.14740743945e-14
7.01129955758e-09	3.60730427462e-14
7.01249297027e-09	4.28086576367e-14
7.01368638296e-09	4.97127304396e-14
7.01487979565e-09	5.47614584633e-14
7.01607320834e-09	5.64725319323e-14
7.01726662103e-09	5.45245763822e-14
7.01846003372e-09	4.91995360468e-14
7.01965344641e-09	4.24241944641e-14
7.0208468591e-09	3.58002615031e-14
7.02204027179e-09	3.14913081269e-14
7.02323368448e-09	3.06519075817e-14
7.02442709717e-09	3.3420335667e-14
7.02562050986e-09	3.91847796378e-14
7.02681392255e-09	4.60551028365e-14
7.02800733524e-09	5.21702622814e-14
7.02920074793e-09	5.57653174431e-14
7.03039416063e-09	5.57318058551e-14
7.03158757332e-09	5.21605565543e-14
7.03278098601e-09	4.61218782553e-14
7.0339743987e-09	3.92250361491e-14
7.03516781139e-09	3.37083709148e-14
7.03636122408e-09	3.0876331714e-14
7.03755463677e-09	3.1790007943e-14
7.03874804946e-09	3.59964396276e-14
7.03994146215e-09	4.23557300615e-14
7.04113487484e-09	4.89850516344e-14
7.04232828753e-09	5.40139438405e-14
7.04352170022e-09	5.58923872083e-14
7.04471511291e-09	5.42747906012e-14
7.0459085256e-09	4.94039572842e-14
7.04710193829e-09	4.29185686319e-14
7.04829535099e-09	3.65777685037e-14
7.04948876368e-09	3.21886390121e-14
7.05068217637e-09	3.11675640876e-14
7.05187558906e-09	3.35682134318e-14
7.05306900175e-09	3.89012239237e-14
7.05426241444e-09	4.54655928926e-14
7.05545582713e-09	5.14381374002e-14
7.05664923982e-09	5.50463507953e-14
7.05784265251e-09	5.53428817835e-14
7.0590360652e-09	5.20889297542e-14
7.06022947789e-09	4.64923065155e-14
7.06142289058e-09	3.98717013351e-14
7.06261630327e-09	3.44357411882e-14
7.06380971596e-09	3.15460095146e-14
7.06500312865e-09	3.2089702811e-14
7.06619654135e-09	3.59739284565e-14
7.06738995404e-09	4.19088198084e-14
7.06858336673e-09	4.83052907536e-14
7.06977677942e-09	5.32871853366e-14
7.07097019211e-09	5.53179574155e-14
7.0721636048e-09	5.40100576533e-14
7.07335701749e-09	4.95788424827e-14
7.07455043018e-09	4.33838379006e-14
7.07574384287e-09	3.73194665512e-14
7.07693725556e-09	3.28729016613e-14
7.07813066825e-09	3.16822714931e-14
7.07932408094e-09	3.37277391701e-14
7.08051749363e-09	3.86496864786e-14
7.08171090632e-09	4.49250071483e-14
7.08290431901e-09	5.06931621822e-14
7.0840977317e-09	5.43900938082e-14
7.0852911444e-09	5.49050716289e-14
7.08648455709e-09	5.20255204443e-14
7.08767796978e-09	4.68122215423e-14
7.08887138247e-09	4.04847651476e-14
7.09006479516e-09	3.51520007187e-14
7.09125820785e-09	3.21809367298e-14
7.09245162054e-09	3.24317726198e-14
7.09364503323e-09	3.59455376061e-14
7.09483844592e-09	4.1506723951e-14
7.09603185861e-09	4.76635320059e-14
7.0972252713e-09	5.25564068143e-14
7.09841868399e-09	5.47722204404e-14
7.09961209668e-09	5.37237592466e-14
7.10080550937e-09	4.97236224363e-14
7.10199892206e-09	4.38336661822e-14
7.10319233476e-09	3.8001438188e-14
7.10438574745e-09	3.35724712546e-14
7.10557916014e-09	3.21719086291e-14
7.10677257283e-09	3.39187042304e-14
7.10796598552e-09	3.84325322184e-14
7.10915939821e-09	4.4400191887e-14
7.1103528109e-09	5.0005910142e-14
7.11154622359e-09	5.37271350964e-14
7.11273963628e-09	5.44667147145e-14
7.11393304897e-09	5.19596653267e-14
7.11512646166e-09	4.70716715457e-14
7.11631987435e-09	4.10982029252e-14
7.11751328704e-09	3.58159724819e-14
7.11870669973e-09	3.28181644864e-14
7.11990011242e-09	3.27838759574e-14
7.12109352511e-09	3.5931786238e-14
7.12228693781e-09	4.11553255566e-14
7.1234803505e-09	4.70341933024e-14
7.12467376319e-09	5.18684115027e-14
7.12586717588e-09	5.42144623736e-14
7.12706058857e-09	5.34315163627e-14
7.12825400126e-09	4.98370651354e-14
7.12944741395e-09	4.42561501226e-14
7.13064082664e-09	3.8646816731e-14
7.13183423933e-09	3.42625047393e-14
7.13302765202e-09	3.26471817804e-14
7.13422106471e-09	3.41404100221e-14
7.1354144774e-09	3.82286073423e-14
7.13660789009e-09	4.39205577865e-14
7.13780130278e-09	4.93398076674e-14
7.13899471547e-09	5.30771647879e-14
7.14018812817e-09	5.40395538817e-14
7.14138154086e-09	5.18527341934e-14
7.14257495355e-09	4.73261155844e-14
7.14376836624e-09	4.1657723244e-14
7.14496177893e-09	3.64673403948e-14
7.14615519162e-09	3.34464028942e-14
7.14734860431e-09	3.31277723928e-14
7.148542017e-09	3.59636605113e-14
7.14973542969e-09	4.0818282253e-14
7.15092884238e-09	4.64479745051e-14
7.15212225507e-09	5.12038747685e-14
7.15331566776e-09	5.3652168869e-14
7.15450908045e-09	5.31534426459e-14
7.15570249314e-09	4.98872814837e-14
7.15689590583e-09	4.46799948215e-14
7.15808931853e-09	3.92382303813e-14
7.15928273122e-09	3.49391608209e-14
7.16047614391e-09	3.31359496489e-14
7.1616695566e-09	3.43521987521e-14
7.16286296929e-09	3.80741364848e-14
7.16405638198e-09	4.34642331857e-14
7.16524979467e-09	4.86954252352e-14
7.16644320736e-09	5.24569194065e-14
7.16763662005e-09	5.35833165253e-14
7.16883003274e-09	5.17508166481e-14
7.17002344543e-09	4.75349329228e-14
7.17121685812e-09	4.21806699507e-14
7.17241027081e-09	3.71200792306e-14
7.1736036835e-09	3.40229248583e-14
7.17479709619e-09	3.35210775306e-14
7.17599050888e-09	3.59824131855e-14
7.17718392158e-09	4.05258415869e-14
7.17837733427e-09	4.58924144888e-14
7.17957074696e-09	5.05528774325e-14
7.18076415965e-09	5.31025499418e-14
7.18195757234e-09	5.2862139545e-14
7.18315098503e-09	4.99127178831e-14
7.18434439772e-09	4.50734060501e-14
7.18553781041e-09	3.97913373902e-14
7.1867312231e-09	3.56068372944e-14
7.18792463579e-09	3.36129933108e-14
7.18911804848e-09	3.45799385948e-14
7.19031146117e-09	3.79649060805e-14
7.19150487386e-09	4.30125168677e-14
7.19269828655e-09	4.81083263707e-14
7.19389169924e-09	5.18323134996e-14
7.19508511194e-09	5.31383633418e-14
7.19627852463e-09	5.16211075282e-14
7.19747193732e-09	4.77193523242e-14
7.19866535001e-09	4.26684783426e-14
7.1998587627e-09	3.77424828519e-14
7.20105217539e-09	3.45963149181e-14
7.20224558808e-09	3.3921560849e-14
7.20343900077e-09	3.60147719617e-14
7.20463241346e-09	4.02851160938e-14
7.20582582615e-09	4.53476871769e-14
7.20701923884e-09	4.99385290946e-14
7.20821265153e-09	5.25551252535e-14
7.20940606422e-09	5.25558659838e-14
7.21059947691e-09	4.99253717083e-14
7.2117928896e-09	4.54188070278e-14
7.2129863023e-09	4.03376821115e-14
7.21417971499e-09	3.62314406602e-14
7.21537312768e-09	3.41026761867e-14
7.21656654037e-09	3.48156017955e-14
7.21775995306e-09	3.78738741791e-14
7.21895336575e-09	4.26100775384e-14
7.22014677844e-09	4.7536674846e-14
7.22134019113e-09	5.12244962092e-14
7.22253360382e-09	5.27039286135e-14
7.22372701651e-09	5.14529117724e-14
7.2249204292e-09	4.78993264967e-14
7.22611384189e-09	4.30991026932e-14
7.22730725458e-09	3.83618769651e-14
7.22850066727e-09	3.51410718761e-14
7.22969407996e-09	3.43258390868e-14
7.23088749265e-09	3.60882505875e-14
7.23208090535e-09	4.00460448561e-14
7.23327431804e-09	4.48664860655e-14
7.23446773073e-09	4.93283379943e-14
7.23566114342e-09	5.20241791676e-14
7.23685455611e-09	5.22416349716e-14
7.2380479688e-09	4.99116963613e-14
7.23924138149e-09	4.57319144508e-14
7.24043479418e-09	4.08615906241e-14
7.24162820687e-09	3.68244854843e-14
7.24282161956e-09	3.46126260198e-14
7.24401503225e-09	3.50384915275e-14
7.24520844494e-09	3.78312984916e-14
7.24640185763e-09	4.22295149526e-14
7.24759527032e-09	4.69879978195e-14
7.24878868301e-09	5.06494616349e-14
7.24998209571e-09	5.22502747076e-14
7.2511755084e-09	5.12862021358e-14
7.25236892109e-09	4.80409033951e-14
7.25356233378e-09	4.35008859954e-14
7.25475574647e-09	3.89552862251e-14
7.25594915916e-09	3.56712058691e-14
7.25714257185e-09	3.4735942582e-14
7.25833598454e-09	3.61756046719e-14
7.25952939723e-09	3.98368298357e-14
7.26072280992e-09	4.44152135928e-14
7.26191622261e-09	4.87356241484e-14
7.2631096353e-09	5.15117454104e-14
7.26430304799e-09	5.19038111271e-14
7.26549646068e-09	4.9886531436e-14
7.26668987337e-09	4.60062963745e-14
7.26788328607e-09	4.13550457612e-14
7.26907669876e-09	3.7397744254e-14
7.27027011145e-09	3.51149631443e-14
7.27146352414e-09	3.52767621074e-14
7.27265693683e-09	3.7814495899e-14
7.27385034952e-09	4.18747055565e-14
7.27504376221e-09	4.64773928064e-14
7.2762371749e-09	5.00797608271e-14
7.27743058759e-09	5.18035652013e-14
7.27862400028e-09	5.11014549327e-14
7.27981741297e-09	4.81478637511e-14
7.28101082566e-09	4.38889020477e-14
7.28220423835e-09	3.95003955489e-14
7.28339765104e-09	3.62134420571e-14
7.28459106373e-09	3.51290660311e-14
7.28578447642e-09	3.62977328468e-14
7.28697788912e-09	3.96503254627e-14
7.28817130181e-09	4.39940764347e-14
7.2893647145e-09	4.81680836981e-14
7.29055812719e-09	5.10043243941e-14
7.29175153988e-09	5.15662994144e-14
7.29294495257e-09	4.98368466009e-14
7.29413836526e-09	4.62448877681e-14
7.29533177795e-09	4.18323068988e-14
7.29652519064e-09	3.79375621629e-14
7.29771860333e-09	3.56117295449e-14
7.29891201602e-09	3.55379525517e-14
7.30010542871e-09	3.78003136028e-14
7.3012988414e-09	4.15732033319e-14
7.30249225409e-09	4.59789630448e-14
7.30368566678e-09	4.95327164566e-14
7.30487907948e-09	5.13631292446e-14
7.30607249217e-09	5.08903895688e-14
7.30726590486e-09	4.82420796493e-14
7.30845931755e-09	4.42322972513e-14
7.30965273024e-09	4.00233473377e-14
7.31084614293e-09	3.67521666583e-14
7.31203955562e-09	3.55032604115e-14
7.31323296831e-09	3.64635615691e-14
7.314426381e-09	3.94741608209e-14
7.31561979369e-09	4.36146899541e-14
7.31681320638e-09	4.76284847472e-14
7.31800661907e-09	5.0497126571e-14
7.31920003176e-09	5.12316904835e-14
7.32039344445e-09	4.97617698356e-14
7.32158685714e-09	4.64606541648e-14
7.32278026983e-09	4.22759302405e-14
7.32397368253e-09	3.84603991789e-14
7.32516709522e-09	3.61046885324e-14
7.32636050791e-09	3.58029813258e-14
7.3275539206e-09	3.78137894735e-14
7.32874733329e-09	4.13040759771e-14
7.32994074598e-09	4.54991819842e-14
7.33113415867e-09	4.90207028276e-14
7.33232757136e-09	5.09098840321e-14
7.33352098405e-09	5.06801530267e-14
7.33471439674e-09	4.83000281379e-14
7.33590780943e-09	4.45570822941e-14
7.33710122212e-09	4.05124423727e-14
7.33829463481e-09	3.72725807365e-14
7.3394880475e-09	3.58889128183e-14
7.34068146019e-09	3.66338458964e-14
7.34187487289e-09	3.93313112554e-14
7.34306828558e-09	4.32632424318e-14
7.34426169827e-09	4.71119174691e-14
7.34545511096e-09	5.00044430809e-14
7.34664852365e-09	5.08919349804e-14
7.34784193634e-09	4.96630112997e-14
7.34903534903e-09	4.66504234263e-14
7.35022876172e-09	4.26827372952e-14
7.35142217441e-09	3.89754371389e-14
7.3526155871e-09	3.65679266161e-14
7.35380899979e-09	3.61010323147e-14
7.35500241248e-09	3.78307263208e-14
7.35619582517e-09	4.10703715401e-14
7.35738923786e-09	4.50517978161e-14
7.35858265055e-09	4.85119528167e-14
7.35977606325e-09	5.04773377637e-14
7.36096947594e-09	5.04478779578e-14
7.36216288863e-09	4.83341428134e-14
7.36335630132e-09	4.48587124207e-14
7.36454971401e-09	4.09633675619e-14
7.3657431267e-09	3.77943615023e-14
7.36693653939e-09	3.62591174618e-14
7.36812995208e-09	3.68225385791e-14
7.36932336477e-09	3.92234496564e-14
7.37051677746e-09	4.29211512354e-14
7.37171019015e-09	4.66392654613e-14
7.37290360284e-09	4.95074486167e-14
7.37409701553e-09	5.05541712754e-14
7.37529042822e-09	4.95504740788e-14
7.37648384091e-09	4.68059323227e-14
7.3776772536e-09	4.30661552291e-14
7.3788706663e-09	3.946344416e-14
7.38006407899e-09	3.70250201111e-14
7.38125749168e-09	3.64086221651e-14
7.38245090437e-09	3.78582193162e-14
7.38364431706e-09	4.08828320928e-14
7.38483772975e-09	4.46132113558e-14
7.38603114244e-09	4.80374737587e-14
7.38722455513e-09	5.00411996522e-14
7.38841796782e-09	5.02011448836e-14
7.38961138051e-09	4.83586860165e-14
7.3908047932e-09	4.51119943301e-14
7.39199820589e-09	4.14080602828e-14
7.39319161858e-09	3.82803644435e-14
7.39438503127e-09	3.66460357594e-14
7.39557844396e-09	3.70137477966e-14
7.39677185666e-09	3.91501088852e-14
7.39796526935e-09	4.26020684184e-14
7.39915868204e-09	4.61967792613e-14
7.40035209473e-09	4.90208150595e-14
7.40154550742e-09	5.02172664617e-14
7.40273892011e-09	4.94165835808e-14
7.4039323328e-09	4.69378949736e-14
7.40512574549e-09	4.34223834054e-14
7.40631915818e-09	3.99244985928e-14
7.40751257087e-09	3.74787231449e-14
7.40870598356e-09	3.67158636732e-14
7.40989939625e-09	3.79131333092e-14
7.41109280894e-09	4.07140620486e-14
7.41228622163e-09	4.42131792942e-14
7.41347963432e-09	4.7575969975e-14
7.41467304702e-09	4.96128432323e-14
7.41586645971e-09	4.99511414152e-14
7.4170598724e-09	4.83496320813e-14
7.41825328509e-09	4.53486921815e-14
7.41944669778e-09	4.18216012494e-14
7.42064011047e-09	3.87459496555e-14
7.42183352316e-09	3.70400159823e-14
7.42302693585e-09	3.72037347456e-14
7.42422034854e-09	3.91138838271e-14
7.42541376123e-09	4.23044057941e-14
7.42660717392e-09	4.57807598763e-14
7.42780058661e-09	4.85484222437e-14
7.4289939993e-09	4.98780589889e-14
7.43018741199e-09	4.92697766774e-14
7.43138082468e-09	4.7044325087e-14
7.43257423737e-09	4.37453494449e-14
7.43376765007e-09	4.03756965267e-14
7.43496106276e-09	3.79088375816e-14
7.43615447545e-09	3.70342383706e-14
7.43734788814e-09	3.79905665202e-14
7.43854130083e-09	4.05574058461e-14
7.43973471352e-09	4.38615132373e-14
7.44092812621e-09	4.7112376561e-14
7.4421215389e-09	4.92150346321e-14
7.44331495159e-09	4.96720482942e-14
7.44450836428e-09	4.83362519254e-14
7.44570177697e-09	4.55497947439e-14
7.44689518966e-09	4.22038062321e-14
7.44808860235e-09	3.92070574513e-14
7.44928201504e-09	3.74170993804e-14
7.45047542773e-09	3.74128908972e-14
7.45166884043e-09	3.90944871961e-14
7.45286225312e-09	4.20355219613e-14
7.45405566581e-09	4.53876501914e-14
7.4552490785e-09	4.80926867544e-14
7.45644249119e-09	4.95339404192e-14
7.45763590388e-09	4.91120680365e-14
7.45882931657e-09	4.71204699608e-14
7.46002272926e-09	4.40466636282e-14
7.46121614195e-09	4.07937081332e-14
7.46240955464e-09	3.83372122127e-14
7.46360296733e-09	3.73499576197e-14
7.46479638002e-09	3.80855676179e-14
7.46598979271e-09	4.04279944584e-14
7.4671832054e-09	4.35332676415e-14
7.46837661809e-09	4.66701016957e-14
7.46957003079e-09	4.88241585731e-14
7.47076344348e-09	4.93885882949e-14
7.47195685617e-09	4.83018255418e-14
7.47315026886e-09	4.57230358515e-14
7.47434368155e-09	4.25704012446e-14
7.47553709424e-09	3.96339141994e-14
7.47673050693e-09	3.78034332252e-14
7.47792391962e-09	3.76287648671e-14
7.47911733231e-09	3.90938586977e-14
7.480310745e-09	4.18028377755e-14
7.48150415769e-09	4.50106989305e-14
7.48269757038e-09	4.76611785249e-14
7.48389098307e-09	4.91830989489e-14
7.48508439576e-09	4.89493597836e-14
7.48627780845e-09	4.71693234331e-14
7.48747122114e-09	4.43226354327e-14
7.48866463384e-09	4.118621346e-14
7.48985804653e-09	3.87610310771e-14
7.49105145922e-09	3.76530687834e-14
7.49224487191e-09	3.82160233973e-14
7.4934382846e-09	4.03064155843e-14
7.49463169729e-09	4.32401133501e-14
7.49582510998e-09	4.62501643598e-14
7.49701852267e-09	4.84287563936e-14
7.49821193536e-09	4.91177253696e-14
7.49940534805e-09	4.82290912461e-14
7.50059876074e-09	4.58874292764e-14
7.50179217343e-09	4.28980153774e-14
7.50298558612e-09	4.00519181826e-14
7.50417899881e-09	3.81816402124e-14
7.5053724115e-09	3.7848021463e-14
7.5065658242e-09	3.91199629826e-14
7.50775923689e-09	4.15947171217e-14
7.50895264958e-09	4.46529219545e-14
7.51014606227e-09	4.72569595794e-14
7.51133947496e-09	4.88243203564e-14
7.51253288765e-09	4.8782327851e-14
7.51372630034e-09	4.71951566674e-14
7.51491971303e-09	4.4570177847e-14
7.51611312572e-09	4.15630601123e-14
7.51730653841e-09	3.91632264609e-14
7.5184999511e-09	3.79666844262e-14
7.51969336379e-09	3.83533710603e-14
7.52088677648e-09	4.02121399703e-14
7.52208018917e-09	4.29787448171e-14
7.52327360186e-09	4.58439421814e-14
7.52446701456e-09	4.80532073957e-14
7.52566042725e-09	4.88353682071e-14
7.52685383994e-09	4.81439356358e-14
7.52804725263e-09	4.60279321371e-14
7.52924066532e-09	4.31947289013e-14
7.53043407801e-09	4.04592287983e-14
7.5316274907e-09	3.85429255989e-14
7.53282090339e-09	3.80867305942e-14
7.53401431608e-09	3.91515386768e-14
7.53520772877e-09	4.14218567554e-14
7.53640114146e-09	4.43113648123e-14
7.53759455415e-09	4.68710725444e-14
7.53878796684e-09	4.84687079731e-14
7.53998137953e-09	4.8601183926e-14
7.54117479222e-09	4.72027350712e-14
7.54236820491e-09	4.47896995642e-14
7.54356161761e-09	4.19190121559e-14
7.5447550303e-09	3.95475799427e-14
7.54594844299e-09	3.82864694335e-14
7.54714185568e-09	3.84933343609e-14
7.54833526837e-09	4.01493384064e-14
7.54952868106e-09	4.27284694511e-14
7.55072209375e-09	4.54735914248e-14
7.55191550644e-09	4.76752324955e-14
7.55310891913e-09	4.85607508083e-14
7.55430233182e-09	4.80405163011e-14
7.55549574451e-09	4.61393974378e-14
7.5566891572e-09	4.34786649331e-14
7.55788256989e-09	4.08344478768e-14
7.55907598258e-09	3.89045303168e-14
7.56026939527e-09	3.83295143773e-14
7.56146280797e-09	3.91972640564e-14
7.56265622066e-09	4.12810849618e-14
7.56384963335e-09	4.39855425777e-14
7.56504304604e-09	4.6508234123e-14
7.56623645873e-09	4.81175213369e-14
7.56742987142e-09	4.84077804697e-14
7.56862328411e-09	4.7198642208e-14
7.5698166968e-09	4.49737310246e-14
7.57101010949e-09	4.22596379853e-14
7.57220352218e-09	3.99174868541e-14
7.57339693487e-09	3.85973131609e-14
7.57459034756e-09	3.86558545725e-14
7.57578376025e-09	4.01022128814e-14
7.57697717294e-09	4.25016357219e-14
7.57817058563e-09	4.51300086033e-14
7.57936399832e-09	4.72970975061e-14
7.58055741102e-09	4.82973045034e-14
7.58175082371e-09	4.79097106971e-14
7.5829442364e-09	4.62420404668e-14
7.58413764909e-09	4.37286730602e-14
7.58533106178e-09	4.11912854933e-14
7.58652447447e-09	3.92657022009e-14
7.58771788716e-09	3.85621083541e-14
7.58891129985e-09	3.92723899496e-14
7.59010471254e-09	4.11537238173e-14
7.59129812523e-09	4.36896845572e-14
7.59249153792e-09	4.61586780252e-14
7.59368495061e-09	4.77717870518e-14
7.5948783633e-09	4.82094108591e-14
7.59607177599e-09	4.71737305455e-14
7.59726518868e-09	4.51360763239e-14
7.59845860138e-09	4.25787686596e-14
7.59965201407e-09	4.02666808452e-14
7.60084542676e-09	3.89149636452e-14
7.60203883945e-09	3.88192057234e-14
7.60323225214e-09	4.00809015324e-14
7.60442566483e-09	4.22992867505e-14
7.60561907752e-09	4.48075545953e-14
7.60681249021e-09	4.69343810575e-14
7.6080059029e-09	4.80294743796e-14
7.60919931559e-09	4.77703242259e-14
7.61039272828e-09	4.63183132426e-14
7.61158614097e-09	4.39592828623e-14
7.61277955366e-09	4.15306746546e-14
7.61397296635e-09	3.96103967531e-14
7.61516637904e-09	3.88071990314e-14
7.61635979174e-09	3.93598139141e-14
7.61755320443e-09	4.10424266526e-14
7.61874661712e-09	4.34312272764e-14
7.61994002981e-09	4.58108299694e-14
7.6211334425e-09	4.74505142311e-14
7.62232685519e-09	4.79894486847e-14
7.62352026788e-09	4.71440632165e-14
7.62471368057e-09	4.52708655238e-14
7.62590709326e-09	4.28729271086e-14
7.62710050595e-09	4.06083226907e-14
7.62829391864e-09	3.92180248339e-14
7.62948733133e-09	3.89962233274e-14
7.63068074402e-09	4.00777704752e-14
7.63187415671e-09	4.21157232759e-14
7.6330675694e-09	4.450738433e-14
7.63426098209e-09	4.6587852679e-14
7.63545439479e-09	4.77560640027e-14
7.63664780748e-09	4.76312121933e-14
7.63784122017e-09	4.63601143186e-14
7.63903463286e-09	4.41774590678e-14
7.64022804555e-09	4.18423912496e-14
7.64142145824e-09	3.99476530854e-14
7.64261487093e-09	3.90561051687e-14
7.64380828362e-09	3.94518698783e-14
7.64500169631e-09	4.0965516908e-14
7.646195109e-09	4.31832528754e-14
7.64738852169e-09	4.54849666537e-14
7.64858193438e-09	4.71404235159e-14
7.64977534707e-09	4.77546511517e-14
7.65096875976e-09	4.71107523753e-14
7.65216217245e-09	4.53722956016e-14
7.65335558515e-09	4.31528956381e-14
7.65454899784e-09	4.09324741528e-14
7.65574241053e-09	3.95163316267e-14
7.65693582322e-09	3.91859726837e-14
7.65812923591e-09	4.00831504049e-14
7.6593226486e-09	4.19647659111e-14
7.66051606129e-09	4.4220321476e-14
7.66170947398e-09	4.62578859122e-14
7.66290288667e-09	4.74829356877e-14
7.66409629936e-09	4.74835332695e-14
7.66528971205e-09	4.63831303213e-14
7.66648312474e-09	4.43757024704e-14
7.66767653743e-09	4.21273627792e-14
7.66886995012e-09	4.02827935295e-14
7.67006336281e-09	3.92950053057e-14
7.67125677551e-09	3.95662849713e-14
7.6724501882e-09	4.0899186605e-14
7.67364360089e-09	4.29633449111e-14
7.67483701358e-09	4.51778812114e-14
7.67603042627e-09	4.68299706942e-14
7.67722383896e-09	4.75329678063e-14
7.67841725165e-09	4.70416670976e-14
7.67961066434e-09	4.54739060975e-14
7.68080407703e-09	4.33953084208e-14
7.68199748972e-09	4.12467475166e-14
7.68319090241e-09	3.98082153687e-14
7.6843843151e-09	3.93789856578e-14
7.68557772779e-09	4.01115433728e-14
7.68677114048e-09	4.18283372789e-14
7.68796455317e-09	4.39585849072e-14
7.68915796586e-09	4.59427845736e-14
7.69035137856e-09	4.72066593748e-14
7.69154479125e-09	4.7334281829e-14
7.69273820394e-09	4.63843076971e-14
7.69393161663e-09	4.45504589199e-14
7.69512502932e-09	4.24033650769e-14
7.69631844201e-09	4.05927855653e-14
7.6975118547e-09	3.95453043887e-14
7.69870526739e-09	3.96854108379e-14
7.69989868008e-09	4.08518319575e-14
7.70109209277e-09	4.27713801402e-14
7.70228550546e-09	4.48791254912e-14
7.70347891815e-09	4.65398682625e-14
7.70467233084e-09	4.7301451679e-14
7.70586574353e-09	4.69618185722e-14
7.70705915622e-09	4.55613309091e-14
7.70825256892e-09	4.36051392341e-14
7.70944598161e-09	4.15610378212e-14
7.7106393943e-09	4.00800735577e-14
7.71183280699e-09	3.95820296197e-14
7.71302621968e-09	4.01552418026e-14
7.71421963237e-09	4.17103557537e-14
7.71541304506e-09	4.372009304e-14
7.71660645775e-09	4.56415271415e-14
7.71779987044e-09	4.69345648636e-14
7.71899328313e-09	4.71798749225e-14
7.72018669582e-09	4.63635562369e-14
7.72138010851e-09	4.47108340206e-14
7.7225735212e-09	4.26548550882e-14
7.72376693389e-09	4.08911626619e-14
7.72496034658e-09	3.98022048229e-14
7.72615375928e-09	3.98010227884e-14
7.72734717197e-09	4.08357048737e-14
7.72854058466e-09	4.25888364932e-14
7.72973399735e-09	4.46067468004e-14
7.73092741004e-09	4.62530552833e-14
7.73212082273e-09	4.70720560986e-14
7.73331423542e-09	4.68725476523e-14
7.73450764811e-09	4.56219259521e-14
7.7357010608e-09	4.38045426483e-14
7.73689447349e-09	4.18467492341e-14
7.73808788618e-09	4.03525191641e-14
7.73928129887e-09	3.9785869369e-14
7.74047471156e-09	4.02096873864e-14
7.74166812425e-09	4.16142899355e-14
7.74286153694e-09	4.34977816197e-14
7.74405494963e-09	4.53582784769e-14
7.74524836233e-09	4.66651884811e-14
7.74644177502e-09	4.70193371915e-14
7.74763518771e-09	4.63323053799e-14
7.7488286004e-09	4.48429118681e-14
7.75002201309e-09	4.28943553481e-14
7.75121542578e-09	4.11723919999e-14
7.75240883847e-09	4.00536046252e-14
7.75360225116e-09	3.9932101984e-14
7.75479566385e-09	4.08293690673e-14
7.75598907654e-09	4.24288010528e-14
7.75718248923e-09	4.43552631419e-14
7.75837590192e-09	4.59698375354e-14
7.75956931461e-09	4.68518936009e-14
7.7607627273e-09	4.6761041694e-14
7.76195613999e-09	4.56770728791e-14
7.76314955269e-09	4.3976229874e-14
7.76434296538e-09	4.21170505765e-14
7.76553637807e-09	4.06240186347e-14
7.76672979076e-09	3.99792292032e-14
7.76792320345e-09	4.0289838726e-14
7.76911661614e-09	4.15286870918e-14
7.77031002883e-09	4.3297003471e-14
7.77150344152e-09	4.50902209247e-14
7.77269685421e-09	4.64000989324e-14
7.7738902669e-09	4.68545986006e-14
7.77508367959e-09	4.62893294692e-14
7.77627709228e-09	4.49516518402e-14
7.77747050497e-09	4.31224494623e-14
7.77866391766e-09	4.14328834303e-14
7.77985733035e-09	4.03070118955e-14
7.78105074305e-09	4.00678127558e-14
7.78224415574e-09	4.08361478719e-14
7.78343756843e-09	4.22951104546e-14
7.78463098112e-09	4.41124941818e-14
7.78582439381e-09	4.57058732699e-14
7.7870178065e-09	4.66283984521e-14
7.78821121919e-09	4.66407727564e-14
7.78940463188e-09	4.571900101e-14
7.79059804457e-09	4.41221634864e-14
7.79179145726e-09	4.2379048455e-14
7.79298486995e-09	4.08791072655e-14
7.79417828264e-09	4.01792628099e-14
7.79537169533e-09	4.03797817666e-14
7.79656510802e-09	4.14572330865e-14
7.79775852071e-09	4.31242646539e-14
7.7989519334e-09	4.48273002038e-14
7.8001453461e-09	4.61518378107e-14
7.80133875879e-09	4.66773281573e-14
7.80253217148e-09	4.6240540795e-14
7.80372558417e-09	4.50379259576e-14
7.80491899686e-09	4.3334153489e-14
7.80611240955e-09	4.16813774861e-14
7.80730582224e-09	4.05551404565e-14
7.80849923493e-09	4.02102972501e-14
7.80969264762e-09	4.0855996395e-14
7.81088606031e-09	4.21808931438e-14
7.812079473e-09	4.38878246218e-14
7.81327288569e-09	4.54548008459e-14
7.81446629838e-09	4.64039156628e-14
7.81565971107e-09	4.65208422084e-14
7.81685312376e-09	4.57325463374e-14
7.81804653646e-09	4.42650969081e-14
7.81923994915e-09	4.26096442811e-14
7.82043336184e-09	4.11332857593e-14
7.82162677453e-09	4.03777467699e-14
7.82282018722e-09	4.04744105934e-14
7.82401359991e-09	4.14106200163e-14
7.8252070126e-09	4.29594646531e-14
7.82640042529e-09	4.45878588127e-14
7.82759383798e-09	4.59072909285e-14
7.82878725067e-09	4.64967356508e-14
7.82998066336e-09	4.61836972609e-14
7.83117407605e-09	4.51028074108e-14
7.83236748874e-09	4.35272194027e-14
7.83356090143e-09	4.19192806653e-14
7.83475431412e-09	4.07916405257e-14
7.83594772681e-09	4.0363636048e-14
7.83714113951e-09	4.08847925506e-14
7.8383345522e-09	4.2084720176e-14
7.83952796489e-09	4.36810829376e-14
7.84072137758e-09	4.52119772522e-14
7.84191479027e-09	4.6187722785e-14
7.84310820296e-09	4.63899912882e-14
7.84430161565e-09	4.57337444655e-14
7.84549502834e-09	4.43930823159e-14
7.84668844103e-09	4.28162686512e-14
7.84788185372e-09	4.13890062766e-14
7.84907526641e-09	4.05641939682e-14
7.8502686791e-09	4.05850042972e-14
7.85146209179e-09	4.13788249406e-14
7.85265550448e-09	4.28088418663e-14
7.85384891717e-09	4.43696203503e-14
7.85504232987e-09	4.56638498478e-14
7.85623574256e-09	4.63218127592e-14
7.85742915525e-09	4.6111276791e-14
7.85862256794e-09	4.51554195918e-14
7.85981598063e-09	4.37016078165e-14
7.86100939332e-09	4.21433945718e-14
7.86220280601e-09	4.10195152584e-14
7.8633962187e-09	4.05256925091e-14
7.86458963139e-09	4.09179352558e-14
7.86578304408e-09	4.2012428455e-14
7.86697645677e-09	4.34880602226e-14
7.86816986946e-09	4.49811950789e-14
7.86936328215e-09	4.5974069312e-14
7.87055669484e-09	4.62549721188e-14
7.87175010753e-09	4.57208941287e-14
7.87294352023e-09	4.45010696993e-14
7.87413693292e-09	4.30132224462e-14
7.87533034561e-09	4.16256232364e-14
7.8765237583e-09	4.07557394578e-14
7.87771717099e-09	4.06990750712e-14
7.87891058368e-09	4.13601529463e-14
7.88010399637e-09	4.26796337665e-14
7.88129740906e-09	4.41613332545e-14
7.88249082175e-09	4.54340858081e-14
7.88368423444e-09	4.61431027834e-14
7.88487764713e-09	4.60303499926e-14
7.88607105982e-09	4.51969894277e-14
7.88726447251e-09	4.38515741527e-14
7.8884578852e-09	4.23641453339e-14
7.88965129789e-09	4.12341483251e-14
7.89084471058e-09	4.0692257303e-14
7.89203812328e-09	4.09657206195e-14
7.89323153597e-09	4.19494176741e-14
7.89442494866e-09	4.33186087404e-14
7.89561836135e-09	4.47608322579e-14
7.89681177404e-09	4.5765404863e-14
7.89800518673e-09	4.61175177297e-14
7.89919859942e-09	4.56920361397e-14
7.90039201211e-09	4.45976445843e-14
7.9015854248e-09	4.31902137921e-14
7.90277883749e-09	4.18515574166e-14
7.90397225018e-09	4.09508975429e-14
7.90516566287e-09	4.08078908528e-14
7.90635907556e-09	4.13676961982e-14
7.90755248825e-09	4.25567220861e-14
7.90874590094e-09	4.39722678774e-14
7.90993931364e-09	4.52150282649e-14
7.91113272633e-09	4.59597599609e-14
7.91232613902e-09	4.59472086267e-14
7.91351955171e-09	4.52187941733e-14
7.9147129644e-09	4.39867203771e-14
7.91590637709e-09	4.25726954334e-14
7.91709978978e-09	4.14360132171e-14
7.91829320247e-09	4.0865354415e-14
7.91948661516e-09	4.10197308283e-14
7.92068002785e-09	4.19011706774e-14
7.92187344054e-09	4.3168460292e-14
7.92306685323e-09	4.45460335963e-14
7.92426026592e-09	4.55705406983e-14
7.92545367861e-09	4.59714036993e-14
7.9266470913e-09	4.56546167651e-14
7.927840504e-09	4.46792113161e-14
7.92903391669e-09	4.33489672482e-14
7.93022732938e-09	4.20693435634e-14
7.93142074207e-09	4.1140283522e-14
7.93261415476e-09	4.0923482898e-14
7.93380756745e-09	4.13877086221e-14
7.93500098014e-09	4.24477339332e-14
7.93619439283e-09	4.38024991814e-14
7.93738780552e-09	4.49983606251e-14
7.93858121821e-09	4.57858446151e-14
7.9397746309e-09	4.58517857065e-14
7.94096804359e-09	4.52303371148e-14
7.94216145628e-09	4.41061854804e-14
7.94335486897e-09	4.27633528089e-14
7.94454828166e-09	4.16369362084e-14
7.94574169435e-09	4.1032256328e-14
7.94693510705e-09	4.10867027588e-14
7.94812851974e-09	4.1864436129e-14
7.94932193243e-09	4.30332992446e-14
7.95051534512e-09	4.43463493906e-14
7.95170875781e-09	4.53762381165e-14
7.9529021705e-09	4.58252883983e-14
7.95409558319e-09	4.56096443978e-14
7.95528899588e-09	4.47393794544e-14
7.95648240857e-09	4.35026063194e-14
7.95767582126e-09	4.22645711052e-14
7.95886923395e-09	4.13327975938e-14
7.96006264664e-09	4.10399558575e-14
7.96125605933e-09	4.14170358674e-14
7.96244947202e-09	4.23592071318e-14
7.96364288471e-09	4.36387524661e-14
7.96483629741e-09	4.48015893657e-14
7.9660297101e-09	4.56051991689e-14
7.96722312279e-09	4.57536522809e-14
7.96841653548e-09	4.52324513091e-14
7.96960994817e-09	4.42053870146e-14
7.97080336086e-09	4.29448529113e-14
7.97199677355e-09	4.18285604721e-14
7.97319018624e-09	4.11946689664e-14
7.97438359893e-09	4.11689056123e-14
7.97557701162e-09	4.18332987744e-14
7.97677042431e-09	4.29194156648e-14
7.977963837e-09	4.41562231048e-14
7.97915724969e-09	4.51895181736e-14
7.98035066238e-09	4.56808324349e-14
7.98154407507e-09	4.55488071034e-14
7.98273748777e-09	4.47927882699e-14
7.98393090046e-09	4.3638352243e-14
7.98512431315e-09	4.24485178622e-14
7.98631772584e-09	4.15250008044e-14
7.98751113853e-09	4.11541325107e-14
7.98870455122e-09	4.14606809341e-14
7.98989796391e-09	4.22836208762e-14
7.9910913766e-09	4.34884384228e-14
7.99228478929e-09	4.46171852109e-14
7.99347820198e-09	4.5425291912e-14
7.99467161467e-09	4.56553621541e-14
7.99586502736e-09	4.52161404191e-14
7.99705844005e-09	4.42966264391e-14
7.99825185274e-09	4.31092086433e-14
7.99944526543e-09	4.2011656808e-14
8.00063867812e-09	4.1357560602e-14
8.00183209082e-09	4.12552576567e-14
8.00302550351e-09	4.18143739408e-14
8.0042189162e-09	4.28223401834e-14
8.00541232889e-09	4.39762989072e-14
8.00660574158e-09	4.50125848494e-14
8.00779915427e-09	4.55330802427e-14
8.00899256696e-09	4.54848590805e-14
8.01018597965e-09	4.48286618093e-14
8.01137939234e-09	4.37593945217e-14
8.01257280503e-09	4.26263096543e-14
8.01376621772e-09	4.17019248113e-14
8.01495963041e-09	4.12820742963e-14
8.0161530431e-09	4.15030427458e-14
8.01734645579e-09	4.22292256908e-14
8.01853986848e-09	4.33477343918e-14
8.01973328118e-09	4.44436040196e-14
8.02092669387e-09	4.52521329666e-14
8.02212010656e-09	4.55482090982e-14
8.02331351925e-09	4.51964113277e-14
8.02450693194e-09	4.43712178545e-14
8.02570034463e-09	4.32581538813e-14
8.02689375732e-09	4.21924432851e-14
8.02808717001e-09	4.15113648445e-14
8.0292805827e-09	4.13511752441e-14
8.03047399539e-09	4.1807296557e-14
8.03166740808e-09	4.27321252453e-14
8.03286082077e-09	4.38179532975e-14
8.03405423346e-09	4.48347316474e-14
8.03524764615e-09	4.53913898418e-14
8.03644105884e-09	4.54122632748e-14
8.03763447153e-09	4.48518277369e-14
8.03882788423e-09	4.38710203351e-14
8.04002129692e-09	4.27861062315e-14
8.04121470961e-09	4.18771920217e-14
8.0424081223e-09	4.14102782385e-14
8.04360153499e-09	4.15501182959e-14
8.04479494768e-09	4.2193197568e-14
8.04598836037e-09	4.32142635986e-14
8.04718177306e-09	4.42843330264e-14
8.04837518575e-09	4.50818501216e-14
8.04956859844e-09	4.54366557061e-14
8.05076201113e-09	4.5169320673e-14
8.05195542382e-09	4.44292167415e-14
8.05314883651e-09	4.33975001185e-14
8.0543422492e-09	4.23616847031e-14
8.05553566189e-09	4.16621142628e-14
8.05672907459e-09	4.14534383789e-14
8.05792248728e-09	4.18092070398e-14
8.05911589997e-09	4.26558486578e-14
8.06030931266e-09	4.36723237699e-14
8.06150272535e-09	4.4661356285e-14
8.06269613804e-09	4.52555465094e-14
8.06388955073e-09	4.53279610501e-14
8.06508296342e-09	4.48688175237e-14
8.06627637611e-09	4.39664313969e-14
8.0674697888e-09	4.29368581908e-14
8.06866320149e-09	4.20450608228e-14
8.06985661418e-09	4.1538408489e-14
8.07105002687e-09	4.16053787254e-14
8.07224343956e-09	4.21666608727e-14
8.07343685225e-09	4.30976034449e-14
8.07463026495e-09	4.41321068062e-14
8.07582367764e-09	4.49190910467e-14
8.07701709033e-09	4.53231405856e-14
8.07821050302e-09	4.51324556815e-14
8.07940391571e-09	4.44767827236e-14
8.0805973284e-09	4.35228457481e-14
8.08179074109e-09	4.25214677278e-14
8.08298415378e-09	4.18126434524e-14
8.08417756647e-09	4.15533137277e-14
8.08537097916e-09	4.18276151833e-14
8.08656439185e-09	4.25860654249e-14
8.08775780454e-09	4.35439542327e-14
8.08895121723e-09	4.44952264426e-14
8.09014462992e-09	4.51187989693e-14
8.09133804261e-09	4.52438214558e-14
8.0925314553e-09	4.48705179424e-14
8.093724868e-09	4.40511143628e-14
8.09491828069e-09	4.30775118233e-14
8.09611169338e-09	4.22033416345e-14
8.09730510607e-09	4.16703927393e-14
8.09849851876e-09	4.16649255651e-14
8.09969193145e-09	4.21507493588e-14
8.10088534414e-09	4.2996327527e-14
8.10207875683e-09	4.3985113132e-14
8.10327216952e-09	4.47689468335e-14
8.10446558221e-09	4.52009327896e-14
8.1056589949e-09	4.50933947572e-14
8.10685240759e-09	4.45130196402e-14
8.10804582028e-09	4.36311448397e-14
8.10923923297e-09	4.267778427e-14
8.11043264566e-09	4.19532373692e-14
8.11162605836e-09	4.16587193547e-14
8.11281947105e-09	4.18537109979e-14
8.11401288374e-09	4.25260205299e-14
8.11520629643e-09	4.34302811406e-14
8.11639970912e-09	4.43342291962e-14
8.11759312181e-09	4.4989065709e-14
8.1187865345e-09	4.51532566931e-14
8.11997994719e-09	4.48635057801e-14
8.12117335988e-09	4.41247244905e-14
8.12236677257e-09	4.3205211781e-14
8.12356018526e-09	4.23542231899e-14
8.12475359795e-09	4.18020580817e-14
8.12594701064e-09	4.17292462825e-14
8.12714042333e-09	4.21447578713e-14
8.12833383602e-09	4.29089632783e-14
8.12952724872e-09	4.38453836125e-14
8.13072066141e-09	4.46276956192e-14
8.1319140741e-09	4.50755753015e-14
8.13310748679e-09	4.50506992144e-14
8.13430089948e-09	4.45342716968e-14
8.13549431217e-09	4.3733049256e-14
8.13668772486e-09	4.28199879729e-14
8.13788113755e-09	4.20925692068e-14
8.13907455024e-09	4.17650152133e-14
8.14026796293e-09	4.18863044022e-14
8.14146137562e-09	4.2479453623e-14
8.14265478831e-09	4.33239573299e-14
8.143848201e-09	4.41866616572e-14
8.14504161369e-09	4.48545238427e-14
8.14623502638e-09	4.50664896026e-14
8.14742843907e-09	4.48428974685e-14
8.14862185177e-09	4.41893501398e-14
8.14981526446e-09	4.33212764706e-14
8.15100867715e-09	4.24985787799e-14
8.15220208984e-09	4.19300943115e-14
8.15339550253e-09	4.17989206717e-14
8.15458891522e-09	4.21478846934e-14
8.15578232791e-09	4.28319226671e-14
8.1569757406e-09	4.37186640954e-14
8.15816915329e-09	4.44886276324e-14
8.15936256598e-09	4.49555206632e-14
8.16055597867e-09	4.4996596679e-14
8.16174939136e-09	4.4550190834e-14
8.16294280405e-09	4.38211042601e-14
8.16413621674e-09	4.29508541397e-14
8.16532962943e-09	4.22327540066e-14
8.16652304213e-09	4.1865231493e-14
8.16771645482e-09	4.19332135103e-14
8.16890986751e-09	4.24388409343e-14
8.1701032802e-09	4.32305791472e-14
8.17129669289e-09	4.40495350699e-14
8.17249010558e-09	4.47200831969e-14
8.17368351827e-09	4.49811421393e-14
8.17487693096e-09	4.48112908576e-14
8.17607034365e-09	4.42459260114e-14
8.17726375634e-09	4.34248889289e-14
8.17845716903e-09	4.26372418851e-14
8.17965058172e-09	4.20542028494e-14
8.18084399441e-09	4.18761158663e-14
8.1820374071e-09	4.21536911043e-14
8.18323081979e-09	4.27725265993e-14
8.18442423249e-09	4.35967769013e-14
8.18561764518e-09	4.4358980346e-14
8.18681105787e-09	4.48371185862e-14
8.18800447056e-09	4.4933855678e-14
8.18919788325e-09	4.45629327506e-14
8.19039129594e-09	4.38913893599e-14
8.19158470863e-09	4.30793947776e-14
8.19277812132e-09	4.23611197322e-14
8.19397153401e-09	4.19704401848e-14
8.1951649467e-09	4.19826527058e-14
8.19635835939e-09	4.24101599752e-14
8.19755177208e-09	4.31462820048e-14
8.19874518477e-09	4.3922008754e-14
8.19993859746e-09	4.45911601236e-14
8.20113201015e-09	4.48917776223e-14
8.20232542284e-09	4.47755126094e-14
8.20351883554e-09	4.42888625351e-14
8.20471224823e-09	4.35214184976e-14
8.20590566092e-09	4.27645323023e-14
8.20709907361e-09	4.21780674419e-14
8.2082924863e-09	4.19545854221e-14
8.20948589899e-09	4.21680868527e-14
8.21067931168e-09	4.27224195182e-14
8.21187272437e-09	4.34855974743e-14
8.21306613706e-09	4.42356616662e-14
8.21425954975e-09	4.47195495661e-14
8.21545296244e-09	4.4870533189e-14
8.21664637513e-09	4.45631483205e-14
8.21783978782e-09	4.39555732815e-14
8.21903320051e-09	4.31955894867e-14
8.2202266132e-09	4.24848178827e-14
8.2214200259e-09	4.20767385845e-14
8.22261343859e-09	4.20329524869e-14
8.22380685128e-09	4.23969517669e-14
8.22500026397e-09	4.30644797979e-14
8.22619367666e-09	4.38099793293e-14
8.22738708935e-09	4.44616970669e-14
8.22858050204e-09	4.4802984429e-14
8.22977391473e-09	4.47364440618e-14
8.23096732742e-09	4.43181004183e-14
8.23216074011e-09	4.36115288271e-14
8.2333541528e-09	4.28820293246e-14
8.23454756549e-09	4.22985638079e-14
8.23574097818e-09	4.20353622956e-14
8.23693439087e-09	4.21901245324e-14
8.23812780356e-09	4.26800352601e-14
8.23932121626e-09	4.33878240376e-14
8.24051462895e-09	4.411359236e-14
8.24170804164e-09	4.46107011737e-14
8.24290145433e-09	4.4795709263e-14
8.24409486702e-09	4.45614131735e-14
8.24528827971e-09	4.40083252229e-14
8.2464816924e-09	4.32989609641e-14
8.24767510509e-09	4.26089497141e-14
8.24886851778e-09	4.21756792325e-14
8.25006193047e-09	4.20922837567e-14
8.25125534316e-09	4.23890137977e-14
8.25244875585e-09	4.29944344084e-14
8.25364216854e-09	4.37057548898e-14
8.25483558123e-09	4.43369464779e-14
8.25602899392e-09	4.47150251396e-14
8.25722240661e-09	4.46904785483e-14
8.25841581931e-09	4.43393266405e-14
8.259609232e-09	4.36934805353e-14
8.26080264469e-09	4.29898396781e-14
8.26199605738e-09	4.24164284425e-14
8.26318947007e-09	4.21182097411e-14
8.26438288276e-09	4.22168280931e-14
8.26557629545e-09	4.26479928507e-14
8.26676970814e-09	4.32995653221e-14
8.26796312083e-09	4.39977106296e-14
8.26915653352e-09	4.45060142542e-14
8.27034994621e-09	4.47177140457e-14
8.2715433589e-09	4.45530682049e-14
8.27273677159e-09	4.40499467279e-14
8.27393018428e-09	4.33964315865e-14
8.27512359697e-09	4.2723480427e-14
8.27631700967e-09	4.22754465847e-14
8.27751042236e-09	4.215454449e-14
8.27870383505e-09	4.23877390131e-14
8.27989724774e-09	4.29360708737e-14
8.28109066043e-09	4.36062323301e-14
8.28228407312e-09	4.42226283702e-14
8.28347748581e-09	4.46212691803e-14
8.2846708985e-09	4.46453566797e-14
8.28586431119e-09	4.43492170207e-14
8.28705772388e-09	4.37653131644e-14
8.28825113657e-09	4.3092593245e-14
8.28944454926e-09	4.25276040579e-14
8.29063796195e-09	4.22028050392e-14
8.29183137464e-09	4.22494354735e-14
8.29302478733e-09	4.26239985249e-14
8.29421820002e-09	4.32209898873e-14
8.29541161272e-09	4.38891108413e-14
8.29660502541e-09	4.4403084081e-14
8.2977984381e-09	4.46408059952e-14
8.29899185079e-09	4.45346655671e-14
8.30018526348e-09	4.40877862307e-14
8.30137867617e-09	4.34807880212e-14
8.30257208886e-09	4.28337827515e-14
8.30376550155e-09	4.23752753468e-14
8.30495891424e-09	4.2215654529e-14
8.30615232693e-09	4.23992078392e-14
8.30734573962e-09	4.28820208543e-14
8.30853915231e-09	4.35182463592e-14
8.309732565e-09	4.4113527562e-14
8.31092597769e-09	4.45256666891e-14
8.31211939038e-09	4.46010339867e-14
8.31331280308e-09	4.43460660581e-14
8.31450621577e-09	4.38329030055e-14
8.31569962846e-09	4.31843993345e-14
8.31689304115e-09	4.26351255732e-14
8.31808645384e-09	4.22889961473e-14
8.31927986653e-09	4.22850515148e-14
8.32047327922e-09	4.26084224361e-14
8.32166669191e-09	4.31516026423e-14
8.3228601046e-09	4.37865317633e-14
8.32405351729e-09	4.43042306773e-14
8.32524692998e-09	4.45629141159e-14
8.32644034267e-09	4.45085727172e-14
8.32763375536e-09	4.41203419421e-14
8.32882716805e-09	4.35529065239e-14
8.33002058074e-09	4.29413254426e-14
8.33121399344e-09	4.24676044791e-14
8.33240740613e-09	4.22834675632e-14
8.33360081882e-09	4.24130030413e-14
8.33479423151e-09	4.28388395382e-14
8.3359876442e-09	4.34374012996e-14
8.33718105689e-09	4.40089499097e-14
8.33837446958e-09	4.44344573343e-14
8.33956788227e-09	4.45483845363e-14
8.34076129496e-09	4.43414603165e-14
8.34195470765e-09	4.38876484389e-14
8.34314812034e-09	4.32712795039e-14
8.34434153303e-09	4.27365183816e-14
8.34553494572e-09	4.23740789127e-14
8.34672835841e-09	4.23265904341e-14
8.3479217711e-09	4.25980835519e-14
8.34911518379e-09	4.30922400322e-14
8.35030859649e-09	4.36907416543e-14
8.35150200918e-09	4.42081415657e-14
8.35269542187e-09	4.44849388039e-14
8.35388883456e-09	4.44782616432e-14
8.35508224725e-09	4.41429623804e-14
8.35627565994e-09	4.36194307975e-14
8.35746907263e-09	4.30406646196e-14
8.35866248532e-09	4.25584589271e-14
8.35985589801e-09	4.23528569258e-14
8.3610493107e-09	4.24306005743e-14
8.36224272339e-09	4.28073523589e-14
8.36343613608e-09	4.33588360291e-14
8.36462954877e-09	4.39159791499e-14
8.36582296146e-09	4.4341087622e-14
8.36701637415e-09	4.44947076349e-14
8.36820978685e-09	4.43328959663e-14
8.36940319954e-09	4.39289984698e-14
8.37059661223e-09	4.3357046672e-14
8.37179002492e-09	4.2828126689e-14
8.37298343761e-09	4.24619894977e-14
8.3741768503e-09	4.23699555564e-14
8.37537026299e-09	4.25952243922e-14
8.37656367568e-09	4.30409678574e-14
8.37775708837e-09	4.36028323399e-14
8.37895050106e-09	4.41148866264e-14
8.38014391375e-09	4.44093533953e-14
8.38133732644e-09	4.44399918476e-14
8.38253073913e-09	4.41618114046e-14
8.38372415182e-09	4.36769079122e-14
8.38491756451e-09	4.31316173234e-14
8.38611097721e-09	4.26511065439e-14
8.3873043899e-09	4.24184257462e-14
8.38849780259e-09	4.2457728075e-14
8.38969121528e-09	4.27802604336e-14
8.39088462797e-09	4.32908031898e-14
8.39207804066e-09	4.38269521755e-14
8.39327145335e-09	4.42505033775e-14
8.39446486604e-09	4.44395840012e-14
8.39565827873e-09	4.4317038239e-14
8.39685169142e-09	4.39649804294e-14
8.39804510411e-09	4.34337556698e-14
8.3992385168e-09	4.29149691654e-14
8.40043192949e-09	4.25484613972e-14
8.40162534218e-09	4.2415991797e-14
8.40281875487e-09	4.25990517106e-14
8.40401216756e-09	4.29955728206e-14
8.40520558026e-09	4.35239413852e-14
8.40639899295e-09	4.40241283166e-14
8.40759240564e-09	4.43351990489e-14
8.40878581833e-09	4.4398327991e-14
8.40997923102e-09	4.41735538224e-14
8.41117264371e-09	4.37266389106e-14
8.4123660564e-09	4.32162693726e-14
8.41355946909e-09	4.27393309545e-14
8.41475288178e-09	4.24847331794e-14
8.41594629447e-09	4.2490032641e-14
8.41713970716e-09	4.27583714082e-14
8.41833311985e-09	4.32324540547e-14
8.41952653254e-09	4.37403642325e-14
8.42071994523e-09	4.41665954467e-14
8.42191335792e-09	4.43780398578e-14
8.42310677062e-09	4.43004732392e-14
8.42430018331e-09	4.39913261187e-14
8.425493596e-09	4.35025139928e-14
8.42668700869e-09	4.30007600504e-14
8.42788042138e-09	4.26280028732e-14
8.42907383407e-09	4.24693125211e-14
8.43026724676e-09	4.26050601388e-14
8.43146065945e-09	4.29591885204e-14
8.43265407214e-09	4.34514044482e-14
8.43384748483e-09	4.39363956086e-14
8.43504089752e-09	4.42634947453e-14
8.43623431021e-09	4.4352772865e-14
8.4374277229e-09	4.41780244623e-14
8.43862113559e-09	4.37728081355e-14
8.43981454828e-09	4.32904648001e-14
8.44100796098e-09	4.28269514307e-14
8.44220137367e-09	4.25501207348e-14
8.44339478636e-09	4.25239740983e-14
8.44458819905e-09	4.27464689012e-14
8.44578161174e-09	4.31771919311e-14
8.44697502443e-09	4.36633083747e-14
8.44816843712e-09	4.40836035821e-14
8.44936184981e-09	4.43155978595e-14
8.4505552625e-09	4.42812972603e-14
8.45174867519e-09	4.40079017065e-14
8.45294208788e-09	4.3567602122e-14
8.45413550057e-09	4.30774965768e-14
8.45532891326e-09	4.27078611395e-14
8.45652232595e-09	4.25233553407e-14
8.45771573864e-09	4.26148590394e-14
8.45890915133e-09	4.29324646309e-14
8.46010256403e-09	4.33824771422e-14
8.46129597672e-09	4.38564238399e-14
8.46248938941e-09	4.41900764706e-14
8.4636828021e-09	4.4306664203e-14
8.46487621479e-09	4.41755803487e-14
8.46606962748e-09	4.38130612587e-14
8.46726304017e-09	4.33577056636e-14
8.46845645286e-09	4.29112578905e-14
8.46964986555e-09	4.26149903295e-14
8.47084327824e-09	4.25617276273e-14
8.47203669093e-09	4.27398014813e-14
8.47323010362e-09	4.3129307041e-14
8.47442351631e-09	4.3592192759e-14
8.475616929e-09	4.40029719747e-14
8.47681034169e-09	4.42549532651e-14
8.47800375439e-09	4.42549447948e-14
8.47919716708e-09	4.40220560505e-14
8.48039057977e-09	4.36228248585e-14
8.48158399246e-09	4.31519825366e-14
8.48277740515e-09	4.27831454278e-14
8.48397081784e-09	4.25794361216e-14
8.48516423053e-09	4.26308497509e-14
8.48635764322e-09	4.29084080482e-14
8.48755105591e-09	4.33244570793e-14
8.4887444686e-09	4.37784447162e-14
8.48993788129e-09	4.41193310083e-14
8.49113129398e-09	4.42599854878e-14
8.49232470667e-09	4.41659271377e-14
8.49351811936e-09	4.3847982733e-14
8.49471153205e-09	4.341874794e-14
8.49590494475e-09	4.29908184247e-14
8.49709835744e-09	4.26801834909e-14
8.49829177013e-09	4.26012832189e-14
8.49948518282e-09	4.27395905701e-14
8.50067859551e-09	4.30878291082e-14
8.5018720082e-09	4.35252225226e-14
8.50306542089e-09	4.39286410219e-14
8.50425883358e-09	4.41908701404e-14
8.50545224627e-09	4.42275475141e-14
8.50664565896e-09	4.40300012196e-14
8.50783907165e-09	4.36694917152e-14
8.50903248434e-09	4.32245021094e-14
8.51022589703e-09	4.28523708895e-14
8.51141930972e-09	4.26392857756e-14
8.51261272241e-09	4.26477400114e-14
8.5138061351e-09	4.28929369914e-14
8.5149995478e-09	4.32710249705e-14
8.51619296049e-09	4.37052784337e-14
8.51738637318e-09	4.40516026773e-14
8.51857978587e-09	4.42099309228e-14
8.51977319856e-09	4.41533118525e-14
8.52096661125e-09	4.38761160854e-14
8.52216002394e-09	4.34735543598e-14
8.52335343663e-09	4.30654416038e-14
8.52454684932e-09	4.27451081428e-14
8.52574026201e-09	4.26414503683e-14
8.5269336747e-09	4.27453906282e-14
8.52812708739e-09	4.30517654099e-14
8.52932050008e-09	4.34654575719e-14
8.53051391277e-09	4.38553807188e-14
8.53170732546e-09	4.41299642364e-14
8.53290073816e-09	4.41951353748e-14
8.53409415085e-09	4.40338014329e-14
8.53528756354e-09	4.3710182331e-14
8.53648097623e-09	4.32907316155e-14
8.53767438892e-09	4.2920333425e-14
8.53886780161e-09	4.269777213e-14
8.5400612143e-09	4.26711935067e-14
8.54125462699e-09	4.28805089005e-14
8.54244803968e-09	4.32249518839e-14
8.54364145237e-09	4.36375653494e-14
8.54483486506e-09	4.39840149538e-14
8.54602827775e-09	4.41607318611e-14
8.54722169044e-09	4.41360408507e-14
8.54841510313e-09	4.38978246928e-14
8.54960851582e-09	4.35245707307e-14
8.55080192851e-09	4.31336616374e-14
8.55199534121e-09	4.28106583285e-14
8.5531887539e-09	4.26818424049e-14
8.55438216659e-09	4.27565574871e-14
8.55557557928e-09	4.30213789499e-14
8.55676899197e-09	4.34104618402e-14
8.55796240466e-09	4.37871911784e-14
8.55915581735e-09	4.40688838435e-14
8.56034923004e-09	4.41600309414e-14
8.56154264273e-09	4.40338755483e-14
8.56273605542e-09	4.37434914781e-14
8.56392946811e-09	4.33523142989e-14
8.5651228808e-09	4.29857624851e-14
8.56631629349e-09	4.2754253981e-14
8.56750970618e-09	4.26990973131e-14
8.56870311887e-09	4.28721702846e-14
8.56989653157e-09	4.31855843336e-14
8.57108994426e-09	4.35740984412e-14
8.57228335695e-09	4.39191390063e-14
8.57347676964e-09	4.41110516847e-14
8.57467018233e-09	4.41145927059e-14
8.57586359502e-09	4.39145451231e-14
8.57705700771e-09	4.35704468822e-14
8.5782504204e-09	4.31966321843e-14
8.57944383309e-09	4.28762885588e-14
8.58063724578e-09	4.27225567376e-14
8.58183065847e-09	4.27720708955e-14
8.58302407116e-09	4.29968929215e-14
8.58421748385e-09	4.33603894875e-14
8.58541089654e-09	4.3723280425e-14
8.58660430923e-09	4.40084709126e-14
8.58779772193e-09	4.41237016983e-14
8.58899113462e-09	4.40294324369e-14
8.59018454731e-09	4.37716764994e-14
8.59137796e-09	4.340838788e-14
8.59257137269e-09	4.3048902862e-14
8.59376478538e-09	4.28094436832e-14
8.59495819807e-09	4.2730769569e-14
8.59615161076e-09	4.28669521382e-14
8.59734502345e-09	4.31531980288e-14
8.59853843614e-09	4.35141433316e-14
8.59973184883e-09	4.38578862423e-14
8.60092526152e-09	4.40607663032e-14
8.60211867421e-09	4.40905141004e-14
8.6033120869e-09	4.39255226701e-14
8.60450549959e-09	4.36110790526e-14
8.60569891228e-09	4.32548601937e-14
8.60689232498e-09	4.29382968763e-14
8.60808573767e-09	4.27661979926e-14
8.60927915036e-09	4.27883538334e-14
8.61047256305e-09	4.29799670856e-14
8.61166597574e-09	4.33137721822e-14
8.61285938843e-09	4.36642837332e-14
8.61405280112e-09	4.39492353575e-14
8.61524621381e-09	4.40851032539e-14
8.6164396265e-09	4.40213686833e-14
8.61763303919e-09	4.37941542128e-14
8.61882645188e-09	4.34592996423e-14
8.62001986457e-09	4.31088749123e-14
8.62121327726e-09	4.28634547391e-14
8.62240668995e-09	4.27648088586e-14
8.62360010264e-09	4.28661563507e-14
8.62479351534e-09	4.31248884937e-14
8.62598692803e-09	4.34606595537e-14
8.62718034072e-09	4.37977320799e-14
8.62837375341e-09	4.40110175172e-14
8.6295671661e-09	4.40646711251e-14
8.63076057879e-09	4.39306251966e-14
8.63195399148e-09	4.36481126037e-14
8.63314740417e-09	4.33078598923e-14
8.63434081686e-09	4.29988118746e-14
8.63553422955e-09	4.28099252215e-14
8.63672764224e-09	4.28076073158e-14
8.63792105493e-09	4.29688044619e-14
8.63911446762e-09	4.32709601725e-14
8.64030788031e-09	4.36098644074e-14
8.641501293e-09	4.38916650692e-14
8.6426947057e-09	4.40449098465e-14
8.64388811839e-09	4.40101471908e-14
8.64508153108e-09	4.38121765328e-14
8.64627494377e-09	4.35039573369e-14
8.64746835646e-09	4.31667962958e-14
8.64866176915e-09	4.29145850359e-14
8.64985518184e-09	4.28015362072e-14
8.65104859453e-09	4.28686394278e-14
8.65224200722e-09	4.31014349984e-14
8.65343541991e-09	4.34124866724e-14
8.6546288326e-09	4.37388865835e-14
8.65582224529e-09	4.39636539758e-14
8.65701565798e-09	4.40345010821e-14
8.65820907067e-09	4.39327728487e-14
8.65940248336e-09	4.36793397438e-14
8.66059589605e-09	4.33568222083e-14
8.66178930875e-09	4.30568806419e-14
8.66298272144e-09	4.28544109683e-14
8.66417613413e-09	4.28289809217e-14
8.66536954682e-09	4.29619858467e-14
8.66656295951e-09	4.32334230604e-14
8.6677563722e-09	4.35594172426e-14
8.66894978489e-09	4.38360395685e-14
8.67014319758e-09	4.40046452883e-14
8.67133661027e-09	4.39955329078e-14
8.67253002296e-09	4.38260085808e-14
8.67372343565e-09	4.35442113072e-14
8.67491684834e-09	4.32216200798e-14
8.67611026103e-09	4.29647802084e-14
8.67730367372e-09	4.28392808423e-14
8.67849708641e-09	4.28759272993e-14
8.67969049911e-09	4.30813099191e-14
8.6808839118e-09	4.33700071231e-14
8.68207732449e-09	4.36835710969e-14
8.68327073718e-09	4.39162247895e-14
8.68446414987e-09	4.40036517186e-14
8.68565756256e-09	4.39311893206e-14
8.68685097525e-09	4.37053961713e-14
8.68804438794e-09	4.34028897892e-14
8.68923780063e-09	4.31105177327e-14
8.69043121332e-09	4.29002443446e-14
8.69162462601e-09	4.28513057456e-14
8.6928180387e-09	4.29600635054e-14
8.69401145139e-09	4.32002396976e-14
8.69520486408e-09	4.35124335956e-14
8.69639827677e-09	4.37832363816e-14
8.69759168947e-09	4.39633676787e-14
8.69878510216e-09	4.39786600115e-14
8.69997851485e-09	4.38352984147e-14
8.70117192754e-09	4.35796774237e-14
8.70236534023e-09	4.32720846087e-14
8.70355875292e-09	4.30144231154e-14
8.70475216561e-09	4.28765706208e-14
8.7059455783e-09	4.2887669717e-14
8.70713899099e-09	4.30647843063e-14
8.70833240368e-09	4.33324158009e-14
8.70952581637e-09	4.36313659153e-14
8.71071922906e-09	4.38694855114e-14
8.71191264175e-09	4.39720603543e-14
8.71310605444e-09	4.39246464146e-14
8.71429946713e-09	4.37279014132e-14
8.71549287982e-09	4.34442821717e-14
8.71668629252e-09	4.31609750618e-14
8.71787970521e-09	4.29468713908e-14
8.7190731179e-09	4.28745309655e-14
8.72026653059e-09	4.29627583408e-14
8.72145994328e-09	4.31718221658e-14
8.72265335597e-09	4.34681557953e-14
8.72384676866e-09	4.37338755366e-14
8.72504018135e-09	4.39204281905e-14
8.72623359404e-09	4.39599748882e-14
8.72742700673e-09	4.3840435246e-14
8.72862041942e-09	4.36105132346e-14
8.72981383211e-09	4.33189937168e-14
8.7310072448e-09	4.30625676211e-14
8.73220065749e-09	4.29132611234e-14
8.73339407018e-09	4.29031568674e-14
8.73458748288e-09	4.30510776191e-14
8.73578089557e-09	4.33000739654e-14
8.73697430826e-09	4.35811067918e-14
8.73816772095e-09	4.38247753008e-14
8.73936113364e-09	4.39389358604e-14
8.74055454633e-09	4.39154201082e-14
8.74174795902e-09	4.37460876341e-14
8.74294137171e-09	4.34810696596e-14
8.7441347844e-09	4.32096366811e-14
8.74532819709e-09	4.29906625707e-14
8.74652160978e-09	4.29018960589e-14
8.74771502247e-09	4.29658872805e-14
8.74890843516e-09	4.31501326166e-14
8.75010184785e-09	4.34268519277e-14
8.75129526054e-09	4.36871108476e-14
8.75248867323e-09	4.38782086803e-14
8.75368208593e-09	4.39387842415e-14
8.75487549862e-09	4.38424723602e-14
8.75606891131e-09	4.36370982107e-14
8.757262324e-09	4.33628674824e-14
8.75845573669e-09	4.31084700305e-14
8.75964914938e-09	4.29510688626e-14
8.76084256207e-09	4.29204304103e-14
8.76203597476e-09	4.30421498919e-14
8.76322938745e-09	4.32703608966e-14
8.76442280014e-09	4.35360785203e-14
8.76561621283e-09	4.37797241595e-14
8.76680962552e-09	4.39057262396e-14
8.76800303821e-09	4.39041113713e-14
8.7691964509e-09	4.37587376477e-14
8.77038986359e-09	4.35164506494e-14
8.77158327629e-09	4.32534621658e-14
8.77277668898e-09	4.30350602261e-14
8.77397010167e-09	4.29300861624e-14
8.77516351436e-09	4.29714887093e-14
8.77635692705e-09	4.31339140532e-14
8.77755033974e-09	4.33869122067e-14
8.77874375243e-09	4.36451145305e-14
8.77993716512e-09	4.38356863558e-14
8.78113057781e-09	4.39152358785e-14
8.7823239905e-09	4.384217124e-14
8.78351740319e-09	4.36585832014e-14
8.78471081588e-09	4.34028690368e-14
8.78590422857e-09	4.31531840528e-14
8.78709764126e-09	4.29873892118e-14
8.78829105395e-09	4.29410200872e-14
8.78948446665e-09	4.30359110707e-14
8.79067787934e-09	4.32448724047e-14
8.79187129203e-09	4.34948538503e-14
8.79306470472e-09	4.37345298695e-14
8.79425811741e-09	4.38747112812e-14
8.7954515301e-09	4.388741974e-14
8.79664494279e-09	4.37701188059e-14
8.79783835548e-09	4.35462704443e-14
8.79903176817e-09	4.32949456044e-14
8.80022518086e-09	4.30784554181e-14
8.80141859355e-09	4.29583825685e-14
8.80261200624e-09	4.29809814076e-14
8.80380541893e-09	4.31196152901e-14
8.80499883162e-09	4.33527183336e-14
8.80619224431e-09	4.36033765585e-14
8.807385657e-09	4.37949394123e-14
8.8085790697e-09	4.38908942692e-14
8.80977248239e-09	4.38382342309e-14
8.81096589508e-09	4.36769091828e-14
8.81215930777e-09	4.34392347024e-14
8.81335272046e-09	4.31956551318e-14
8.81454613315e-09	4.30237438659e-14
8.81573954584e-09	4.29629311355e-14
8.81693295853e-09	4.30336422929e-14
8.81812637122e-09	4.32222350257e-14
8.81931978391e-09	4.34575780479e-14
8.8205131966e-09	4.36915293949e-14
8.82170660929e-09	4.38421339705e-14
8.82290002198e-09	4.38704985629e-14
8.82409343467e-09	4.37771131804e-14
8.82528684736e-09	4.35722591092e-14
8.82648026006e-09	4.33345647235e-14
8.82767367275e-09	4.3118303236e-14
8.82886708544e-09	4.29896986472e-14
8.83006049813e-09	4.29906621471e-14
8.83125391082e-09	4.31102771753e-14
8.83244732351e-09	4.33215780144e-14
8.8336407362e-09	4.35634546252e-14
8.83483414889e-09	4.37569576079e-14
8.83602756158e-09	4.38625550879e-14
8.83722097427e-09	4.38338821756e-14
8.83841438696e-09	4.36910296455e-14
8.83960779965e-09	4.34721156744e-14
8.84080121234e-09	4.32367125128e-14
8.84199462503e-09	4.30587691018e-14
8.84318803772e-09	4.29861275563e-14
8.84438145042e-09	4.30350005103e-14
8.84557486311e-09	4.32015648807e-14
8.8467682758e-09	4.3424943139e-14
8.84796168849e-09	4.36491222669e-14
8.84915510118e-09	4.38101703353e-14
8.85034851387e-09	4.38516249747e-14
8.85154192656e-09	4.37798503674e-14
8.85273533925e-09	4.35966871158e-14
8.85392875194e-09	4.33693278027e-14
8.85512216463e-09	4.31585051138e-14
8.85631557732e-09	4.30203735218e-14
8.85750899001e-09	4.30026790036e-14
8.8587024027e-09	4.31049595025e-14
8.85989581539e-09	4.32931647177e-14
8.86108922808e-09	4.35274379372e-14
8.86228264077e-09	4.37194586123e-14
8.86347605347e-09	4.38338338947e-14
8.86466946616e-09	4.38275594981e-14
8.86586287885e-09	4.37003076209e-14
8.86705629154e-09	4.35032157596e-14
8.86824970423e-09	4.32739967856e-14
8.86944311692e-09	4.30945846194e-14
8.87063652961e-09	4.30099164766e-14
8.8718299423e-09	4.30388409577e-14
8.87302335499e-09	4.31857554342e-14
8.87421676768e-09	4.33941801729e-14
8.87541018037e-09	4.36102171966e-14
8.87660359306e-09	4.37777569255e-14
8.87779700575e-09	4.3831848026e-14
8.87899041844e-09	4.37796923957e-14
8.88018383113e-09	4.36172861101e-14
8.88137724383e-09	4.34017399419e-14
8.88257065652e-09	4.31963916269e-14
8.88376406921e-09	4.30510822778e-14
8.8849574819e-09	4.30176291351e-14
8.88615089459e-09	4.31002724457e-14
8.88734430728e-09	4.32704282358e-14
8.88853771997e-09	4.34918134255e-14
8.88973113266e-09	4.36841932426e-14
8.89092454535e-09	4.38053397064e-14
8.89211795804e-09	4.38175501098e-14
8.89331137073e-09	4.37087728682e-14
8.89450478342e-09	4.35288740816e-14
8.89569819611e-09	4.33102087146e-14
8.8968916088e-09	4.31292147144e-14
8.89808502149e-09	4.30340221872e-14
8.89927843419e-09	4.30465824153e-14
8.90047184688e-09	4.31714858937e-14
8.90166525957e-09	4.33667117414e-14
8.90285867226e-09	4.35737541223e-14
8.90405208495e-09	4.37445104588e-14
8.90524549764e-09	4.3812375162e-14
8.90643891033e-09	4.37759523218e-14
8.90763232302e-09	4.36351652815e-14
8.90882573571e-09	4.34312454876e-14
8.9100191484e-09	4.32324739599e-14
8.91121256109e-09	4.30820519199e-14
8.91240597378e-09	4.30337930648e-14
8.91359938647e-09	4.30986939998e-14
8.91479279916e-09	4.32511988938e-14
8.91598621185e-09	4.34581243841e-14
8.91717962454e-09	4.36515418165e-14
8.91837303724e-09	4.37752429317e-14
8.91956644993e-09	4.38058652903e-14
8.92075986262e-09	4.37150006779e-14
8.92195327531e-09	4.35503823657e-14
8.923146688e-09	4.33449459593e-14
8.92434010069e-09	4.3161235101e-14
8.92553351338e-09	4.30597427662e-14
8.92672692607e-09	4.30551073784e-14
8.92792033876e-09	4.31609039111e-14
8.92911375145e-09	4.33425141277e-14
8.93030716414e-09	4.35390943811e-14
8.93150057683e-09	4.37122457033e-14
8.93269398952e-09	4.3791937104e-14
8.93388740221e-09	4.37694691316e-14
8.9350808149e-09	4.36503233596e-14
8.9362742276e-09	4.3457954554e-14
8.93746764029e-09	4.32664819093e-14
8.93866105298e-09	4.31126247271e-14
8.93985446567e-09	4.30513088591e-14
8.94104787836e-09	4.30996727463e-14
8.94224129105e-09	4.32342866105e-14
8.94343470374e-09	4.34284384204e-14
8.94462811643e-09	4.36184888969e-14
8.94582152912e-09	4.3746920691e-14
8.94701494181e-09	4.37916961232e-14
8.9482083545e-09	4.37185162882e-14
8.94940176719e-09	4.35701161158e-14
8.95059517988e-09	4.3376188346e-14
8.95178859257e-09	4.31939178672e-14
8.95298200526e-09	4.30848526344e-14
8.95417541796e-09	4.30659015427e-14
8.95536883065e-09	4.31537312361e-14
8.95656224334e-09	4.3319371917e-14
8.95775565603e-09	4.35086837808e-14
8.95894906872e-09	4.36794011537e-14
8.96014248141e-09	4.37709294164e-14
8.9613358941e-09	4.37619114801e-14
8.96252930679e-09	4.36611975686e-14
8.96372271948e-09	4.34831406552e-14
8.96491613217e-09	4.32979491833e-14
8.96610954486e-09	4.314303321e-14
8.96730295755e-09	4.30702074347e-14
8.96849637024e-09	4.31022113041e-14
8.96968978293e-09	4.32212037631e-14
8.97088319562e-09	4.34009136613e-14
8.97207660831e-09	4.35866425756e-14
8.97327002101e-09	4.3719847824e-14
8.9744634337e-09	4.37742582559e-14
8.97565684639e-09	4.37211704659e-14
8.97685025908e-09	4.35854173425e-14
8.97804367177e-09	4.3405225059e-14
8.97923708446e-09	4.32255215135e-14
8.98043049715e-09	4.31092082198e-14
8.98162390984e-09	4.30795171739e-14
8.98281732253e-09	4.31482284865e-14
8.98401073522e-09	4.32995305938e-14
8.98520414791e-09	4.34801845102e-14
8.9863975606e-09	4.36471897613e-14
8.98759097329e-09	4.37498340608e-14
8.98878438598e-09	4.37524086175e-14
8.98997779867e-09	4.36693727071e-14
8.99117121137e-09	4.35064035681e-14
8.99236462406e-09	4.33263692562e-14
8.99355803675e-09	4.31735018321e-14
8.99475144944e-09	4.30894562585e-14
8.99594486213e-09	4.31067924818e-14
8.99713827482e-09	4.32107522235e-14
8.99833168751e-09	4.33752866795e-14
8.9995251002e-09	4.35571565117e-14
9.00071851289e-09	4.36925945389e-14
9.00191192558e-09	4.37563498618e-14
9.00310533827e-09	4.37215368077e-14
9.00429875096e-09	4.3598067356e-14
9.00549216365e-09	4.34323817823e-14
9.00668557634e-09	4.32547322917e-14
9.00787898903e-09	4.31346636774e-14
9.00907240172e-09	4.30933276225e-14
9.01026581442e-09	4.31459546266e-14
9.01145922711e-09	4.32823917291e-14
9.0126526398e-09	4.34534161515e-14
9.01384605249e-09	4.36173826718e-14
9.01503946518e-09	4.37271628005e-14
9.01623287787e-09	4.37421438487e-14
9.01742629056e-09	4.36740407057e-14
9.01861970325e-09	4.35270491491e-14
9.01981311594e-09	4.3353331162e-14
9.02100652863e-09	4.32024114901e-14
9.02219994132e-09	4.31098282479e-14
9.02339335401e-09	4.31136500605e-14
9.0245867667e-09	4.3201971033e-14
9.02578017939e-09	4.33539401787e-14
9.02697359208e-09	4.35279347221e-14
9.02816700478e-09	4.36665652164e-14
9.02936041747e-09	4.3737934095e-14
9.03055383016e-09	4.37187060235e-14
9.03174724285e-09	4.36098495843e-14
9.03294065554e-09	4.34553672919e-14
9.03413406823e-09	4.3284560557e-14
9.03532748092e-09	4.31585855819e-14
9.03652089361e-09	4.31085191584e-14
9.0377143063e-09	4.31462532057e-14
9.03890771899e-09	4.32665759299e-14
9.04010113168e-09	4.34297504745e-14
9.04129454437e-09	4.35885039305e-14
9.04248795706e-09	4.37038998876e-14
9.04368136975e-09	4.37316931562e-14
9.04487478244e-09	4.36757898287e-14
9.04606819514e-09	4.35459113023e-14
9.04726160783e-09	4.33781009464e-14
9.04845502052e-09	4.32304021174e-14
9.04964843321e-09	4.31310083067e-14
9.0508418459e-09	4.31210709162e-14
9.05203525859e-09	4.31965263052e-14
9.05322867128e-09	4.33342589446e-14
9.05442208397e-09	4.35006589906e-14
9.05561549666e-09	4.36415773209e-14
9.05680890935e-09	4.37179496231e-14
9.05800232204e-09	4.37145559856e-14
9.05919573473e-09	4.36195210065e-14
9.06038914742e-09	4.34756033325e-14
9.06158256011e-09	4.33131801062e-14
9.0627759728e-09	4.3181920069e-14
9.06396938549e-09	4.31253060809e-14
9.06516279819e-09	4.31476550452e-14
9.06635621088e-09	4.3254198661e-14
9.06754962357e-09	4.34075641405e-14
9.06874303626e-09	4.35609147969e-14
9.06993644895e-09	4.36810003519e-14
9.07112986164e-09	4.37194031317e-14
9.07232327433e-09	4.36757995696e-14
9.07351668702e-09	4.35620328804e-14
9.07471009971e-09	4.34012931321e-14
9.0759035124e-09	4.32570069987e-14
9.07709692509e-09	4.3152405206e-14
9.07829033778e-09	4.3130348468e-14
9.07948375047e-09	4.31927815725e-14
9.08067716316e-09	4.33168392885e-14
9.08187057585e-09	4.34760065202e-14
9.08306398855e-09	4.36162641648e-14
9.08425740124e-09	4.36991493033e-14
9.08545081393e-09	4.37075319649e-14
9.08664422662e-09	4.36271612437e-14
9.08783763931e-09	4.34937302611e-14
9.089031052e-09	4.33392085816e-14
9.09022446469e-09	4.32056912017e-14
9.09141787738e-09	4.31418986093e-14
9.09261129007e-09	4.31518063537e-14
9.09380470276e-09	4.32439809025e-14
9.09499811545e-09	4.33870265561e-14
9.09619152814e-09	4.35357041318e-14
9.09738494083e-09	4.36572300663e-14
9.09857835352e-09	4.37065477126e-14
9.09977176621e-09	4.36744616811e-14
9.10096517891e-09	4.35745672739e-14
9.1021585916e-09	4.34236874126e-14
9.10335200429e-09	4.32815718012e-14
9.10454541698e-09	4.31743281127e-14
9.10573882967e-09	4.3140604343e-14
9.10693224236e-09	4.31906542493e-14
9.10812565505e-09	4.33024799625e-14
9.10931906774e-09	4.34522099766e-14
9.11051248043e-09	4.35920860329e-14
9.11170589312e-09	4.36798403403e-14
9.11289930581e-09	4.36986000025e-14
9.1140927185e-09	4.36334585101e-14
9.11528613119e-09	4.3509293221e-14
9.11647954388e-09	4.33639292382e-14
9.11767295657e-09	4.32292061068e-14
9.11886636926e-09	4.3158472503e-14
9.12005978196e-09	4.31578651804e-14
9.12125319465e-09	4.32353034735e-14
9.12244660734e-09	4.33686764344e-14
9.12364002003e-09	4.35120799594e-14
9.12483343272e-09	4.36337473484e-14
9.12602684541e-09	4.36929003178e-14
9.1272202581e-09	4.36715317941e-14
9.12841367079e-09	4.35847151522e-14
9.12960708348e-09	4.34446349609e-14
9.13080049617e-09	4.33041066893e-14
9.13199390886e-09	4.31968651184e-14
9.13318732155e-09	4.31517313913e-14
9.13438073424e-09	4.31904823016e-14
9.13557414693e-09	4.32902382188e-14
9.13676755962e-09	4.34302171896e-14
9.13796097232e-09	4.35691327105e-14
9.13915438501e-09	4.36605491649e-14
9.1403477977e-09	4.36888371007e-14
9.14154121039e-09	4.36374027191e-14
9.14273462308e-09	4.35233238982e-14
9.14392803577e-09	4.33864018693e-14
9.14512144846e-09	4.32521251243e-14
9.14631486115e-09	4.3175505065e-14
9.14750827384e-09	4.31649772925e-14
9.14870168653e-09	4.32291057334e-14
9.14989509922e-09	4.33520915292e-14
9.15108851191e-09	4.34897394654e-14
9.1522819246e-09	4.36115330623e-14
9.15347533729e-09	4.36780276898e-14
9.15466874998e-09	4.36676451834e-14
9.15586216268e-09	4.35925654535e-14
9.15705557537e-09	4.34638892904e-14
9.15824898806e-09	4.33257898857e-14
9.15944240075e-09	4.32184085543e-14
9.16063581344e-09	4.3164333124e-14
9.16182922613e-09	4.31917460747e-14
9.16302263882e-09	4.32796977408e-14
9.16421605151e-09	4.34107578782e-14
9.1654094642e-09	4.35462090344e-14
9.16660287689e-09	4.36418136431e-14
9.16779628958e-09	4.36779192695e-14
9.16898970227e-09	4.36391725944e-14
9.17018311496e-09	4.35360514153e-14
9.17137652765e-09	4.34062516629e-14
9.17256994034e-09	4.32753350976e-14
9.17376335303e-09	4.31916113965e-14
9.17495676573e-09	4.31737631418e-14
9.17615017842e-09	4.32251030792e-14
9.17734359111e-09	4.33368584887e-14
9.1785370038e-09	4.34696482674e-14
9.17973041649e-09	4.3589274307e-14
9.18092382918e-09	4.3662454989e-14
9.18211724187e-09	4.3662852671e-14
9.18331065456e-09	4.3597809011e-14
9.18450406725e-09	4.34811971381e-14
9.18569747994e-09	4.3346390574e-14
9.18689089263e-09	4.32390905578e-14
9.18808430532e-09	4.31783862476e-14
9.18927771801e-09	4.31935045151e-14
9.1904711307e-09	4.32721129843e-14
9.19166454339e-09	4.33924894951e-14
9.19285795609e-09	4.35244296997e-14
9.19405136878e-09	4.36234863913e-14
9.19524478147e-09	4.36653293953e-14
9.19643819416e-09	4.36396596384e-14
9.19763160685e-09	4.354681551e-14
9.19882501954e-09	4.34242854179e-14
9.20001843223e-09	4.32979648534e-14
9.20121184492e-09	4.32080988928e-14
9.20240525761e-09	4.31838407162e-14
9.2035986703e-09	4.32221880154e-14
9.20479208299e-09	4.33241572297e-14
9.20598549568e-09	4.3450266036e-14
9.20717890837e-09	4.35680247915e-14
9.20837232106e-09	4.36467022938e-14
9.20956573375e-09	4.36564702777e-14
9.21075914644e-09	4.36017117153e-14
9.21195255914e-09	4.34963789331e-14
9.21314597183e-09	4.33660057395e-14
9.21433938452e-09	4.32587328283e-14
9.21553279721e-09	4.3193013236e-14
9.2167262099e-09	4.31966525131e-14
9.21791962259e-09	4.32659211735e-14
9.21911303528e-09	4.33760697614e-14
9.22030644797e-09	4.35041305551e-14
9.22149986066e-09	4.36047745864e-14
9.22269327335e-09	4.36529106218e-14
9.22388668604e-09	4.36381082975e-14
9.22508009873e-09	4.35560896737e-14
9.22627351142e-09	4.34407919724e-14
9.22746692411e-09	4.33189306129e-14
9.2286603368e-09	4.32251136672e-14
9.2298537495e-09	4.31937865771e-14
9.23104716219e-09	4.32219563518e-14
9.23224057488e-09	4.33126663807e-14
9.23343398757e-09	4.34328010636e-14
9.23462740026e-09	4.35481368814e-14
9.23582081295e-09	4.36302419025e-14
9.23701422564e-09	4.36496152401e-14
9.23820763833e-09	4.36041278768e-14
9.23940105102e-09	4.35094660157e-14
9.24059446371e-09	4.33851783302e-14
9.2417878764e-09	4.32772396512e-14
9.24298128909e-09	4.32085160566e-14
9.24417470178e-09	4.3201072331e-14
9.24536811447e-09	4.32610270171e-14
9.24656152716e-09	4.33619459106e-14
9.24775493986e-09	4.34844018873e-14
9.24894835255e-09	4.35868670394e-14
9.25014176524e-09	4.36402970306e-14
9.25133517793e-09	4.36345147602e-14
9.25252859062e-09	4.35644376069e-14
9.25372200331e-09	4.34550170438e-14
9.254915416e-09	4.33391077847e-14
9.25610882869e-09	4.32420437382e-14
9.25730224138e-09	4.32041737421e-14
9.25849565407e-09	4.32234962577e-14
9.25968906676e-09	4.33022046768e-14
9.26088247945e-09	4.34169429128e-14
9.26207589214e-09	4.35284132957e-14
9.26326930483e-09	4.36137247601e-14
9.26446271752e-09	4.36416205196e-14
9.26565613021e-09	4.36050774007e-14
9.26684954291e-09	4.35207273187e-14
9.2680429556e-09	4.34028639547e-14
9.26923636829e-09	4.3295448742e-14
9.27042978098e-09	4.32242823043e-14
9.27162319367e-09	4.32068020854e-14
9.27281660636e-09	4.32580302145e-14
9.27401001905e-09	4.33493623891e-14
9.27520343174e-09	4.34660449892e-14
9.27639684443e-09	4.35693529391e-14
9.27759025712e-09	4.36269084044e-14
9.27878366981e-09	4.36302698546e-14
9.2799770825e-09	4.35705087156e-14
9.28117049519e-09	4.34688461272e-14
9.28236390788e-09	4.33575044933e-14
9.28355732057e-09	4.3259521416e-14
9.28475073327e-09	4.32148421221e-14
9.28594414596e-09	4.32263156069e-14
9.28713755865e-09	4.32939575405e-14
9.28833097134e-09	4.34021914105e-14
9.28952438403e-09	4.35102787438e-14
9.29071779672e-09	4.35975688771e-14
9.29191120941e-09	4.36324479998e-14
9.2931046221e-09	4.36050494486e-14
9.29429803479e-09	4.35297236556e-14
9.29549144748e-09	4.34193476393e-14
9.29668486017e-09	4.33126375816e-14
9.29787827286e-09	4.32391413798e-14
9.29907168555e-09	4.32142707984e-14
9.30026509824e-09	4.32552053596e-14
9.30145851093e-09	4.33389553188e-14
9.30265192363e-09	4.34490988246e-14
9.30384533632e-09	4.3551702043e-14
9.30503874901e-09	4.36141296418e-14
9.3062321617e-09	4.36245515352e-14
9.30742557439e-09	4.35751699379e-14
9.30861898708e-09	4.34811446221e-14
9.30981239977e-09	4.33741673254e-14
9.31100581246e-09	4.32772540508e-14
9.31219922515e-09	4.32252301342e-14
9.31339263784e-09	4.32305096905e-14
9.31458605053e-09	4.32873849883e-14
9.31577946322e-09	4.33883826559e-14
9.31697287591e-09	4.34936116765e-14
9.3181662886e-09	4.35810305588e-14
9.31935970129e-09	4.36228240115e-14
9.32055311398e-09	4.36041050069e-14
9.32174652668e-09	4.35369005658e-14
9.32293993937e-09	4.34349029759e-14
9.32413335206e-09	4.33291356658e-14
9.32532676475e-09	4.32543828906e-14
9.32652017744e-09	4.32225611334e-14
9.32771359013e-09	4.32536472425e-14
9.32890700282e-09	4.33304680487e-14
9.33010041551e-09	4.34326388568e-14
9.3312938282e-09	4.35353212729e-14
9.33248724089e-09	4.36005805028e-14
9.33368065358e-09	4.36179412901e-14
9.33487406627e-09	4.35783420763e-14
9.33606747896e-09	4.34918655181e-14
9.33726089165e-09	4.33899107033e-14
9.33845430434e-09	4.32941078888e-14
9.33964771704e-09	4.32367468177e-14
9.34084112973e-09	4.32351569368e-14
9.34203454242e-09	4.3282569606e-14
9.34322795511e-09	4.33760121632e-14
9.3444213678e-09	4.34778115474e-14
9.34561478049e-09	4.35649720847e-14
9.34680819318e-09	4.36127426254e-14
9.34800160587e-09	4.36018734986e-14
9.34919501856e-09	4.35431715742e-14
9.35038843125e-09	4.34486554028e-14
9.35158184394e-09	4.33453910751e-14
9.35277525663e-09	4.32687074883e-14
9.35396866932e-09	4.32319077184e-14
9.35516208201e-09	4.32533935562e-14
9.3563554947e-09	4.3322738026e-14
9.3575489074e-09	4.34184112444e-14
9.35874232009e-09	4.35189091625e-14
9.35993573278e-09	4.35873828824e-14
9.36112914547e-09	4.36105678683e-14
9.36232255816e-09	4.35798176077e-14
9.36351597085e-09	4.35020506657e-14
9.36470938354e-09	4.34040531889e-14
9.36590279623e-09	4.33107914733e-14
9.36709620892e-09	4.32486103611e-14
9.36828962161e-09	4.32402941916e-14
9.3694830343e-09	4.32798972171e-14
9.37067644699e-09	4.33640418936e-14
9.37186985968e-09	4.34632967908e-14
9.37306327237e-09	4.35493413622e-14
9.37425668506e-09	4.36015977894e-14
9.37545009775e-09	4.35990507613e-14
9.37664351045e-09	4.35475490405e-14
9.37783692314e-09	4.34608420893e-14
9.37903033583e-09	4.33611247121e-14
9.38022374852e-09	4.32821630302e-14
9.38141716121e-09	4.3242436338e-14
9.3826105739e-09	4.32535511043e-14
9.38380398659e-09	4.33167177393e-14
9.38499739928e-09	4.3405302986e-14
9.38619081197e-09	4.35028210422e-14
9.38738422466e-09	4.35747464214e-14
9.38857763735e-09	4.36019412612e-14
9.38977105004e-09	4.35808378588e-14
9.39096446273e-09	4.35101868407e-14
9.39215787542e-09	4.34173892991e-14
9.39335128811e-09	4.33265865202e-14
9.39454470081e-09	4.32605857129e-14
9.3957381135e-09	4.32460963673e-14
9.39693152619e-09	4.32782230565e-14
9.39812493888e-09	4.33537995712e-14
9.39931835157e-09	4.34497544281e-14
9.40051176426e-09	4.35342908573e-14
9.40170517695e-09	4.3590391967e-14
9.40289858964e-09	4.35953589682e-14
9.40409200233e-09	4.35509066791e-14
9.40528541502e-09	4.34719140805e-14
9.40647882771e-09	4.33755403658e-14
9.4076722404e-09	4.32962796813e-14
9.40886565309e-09	4.32525325472e-14
9.41005906578e-09	4.32556187117e-14
9.41125247847e-09	4.33116880577e-14
9.41244589117e-09	4.3393437325e-14
9.41363930386e-09	4.34880614931e-14
9.41483271655e-09	4.35616851734e-14
9.41602612924e-09	4.35937779812e-14
9.41721954193e-09	4.3579685047e-14
9.41841295462e-09	4.35175636507e-14
9.41960636731e-09	4.34295484571e-14
9.42079978e-09	4.33410106442e-14
9.42199319269e-09	4.32734250383e-14
9.42318660538e-09	4.32521009839e-14
9.42438001807e-09	4.3278212045e-14
9.42557343076e-09	4.33448273747e-14
9.42676684345e-09	4.34369532191e-14
9.42796025614e-09	4.35199446603e-14
9.42915366883e-09	4.35787295938e-14
9.43034708152e-09	4.35908506353e-14
9.43154049422e-09	4.35531720687e-14
9.43273390691e-09	4.34817663442e-14
9.4339273196e-09	4.3389684969e-14
9.43512073229e-09	4.33095988509e-14
9.43631414498e-09	4.32630141564e-14
9.43750755767e-09	4.32592867879e-14
9.43870097036e-09	4.33067379971e-14
9.43989438305e-09	4.33840085777e-14
9.44108779574e-09	4.34732545102e-14
9.44228120843e-09	4.35491507798e-14
9.44347462112e-09	4.35849256399e-14
9.44466803381e-09	4.35776132044e-14
9.4458614465e-09	4.3523832118e-14
9.44705485919e-09	4.34405200749e-14
9.44824827188e-09	4.33553898755e-14
9.44944168458e-09	4.3285796378e-14
9.45063509727e-09	4.32589699976e-14
9.45182850996e-09	4.32787643105e-14
9.45302192265e-09	4.33371240335e-14
9.45421533534e-09	4.34247614504e-14
9.45540874803e-09	4.35063315703e-14
9.45660216072e-09	4.35670481625e-14
9.45779557341e-09	4.35853631324e-14
9.4589889861e-09	4.35548513115e-14
9.46018239879e-09	4.34896797495e-14
9.46137581148e-09	4.34030087973e-14
9.46256922417e-09	4.33225508317e-14
9.46376263686e-09	4.3273646961e-14
9.46495604955e-09	4.32633339113e-14
9.46614946224e-09	4.33034396508e-14
9.46734287493e-09	4.33752388221e-14
9.46853628763e-09	4.34592437382e-14
9.46972970032e-09	4.35368730372e-14
9.47092311301e-09	4.35755845605e-14
9.4721165257e-09	4.35752012781e-14
9.47330993839e-09	4.35284213425e-14
9.47450335108e-09	4.34509648381e-14
9.47569676377e-09	4.33685087218e-14
9.47689017646e-09	4.32983189131e-14
9.47808358915e-09	4.32665657655e-14
9.47927700184e-09	4.32797794795e-14
9.48047041453e-09	4.33315026994e-14
9.48166382722e-09	4.3413232485e-14
9.48285723991e-09	4.34939873356e-14
9.4840506526e-09	4.35549889544e-14
9.48524406529e-09	4.35793360694e-14
9.48643747799e-09	4.35552532287e-14
9.48763089068e-09	4.34965834916e-14
9.48882430337e-09	4.3415096381e-14
9.49001771606e-09	4.33352427734e-14
9.49121112875e-09	4.3283880813e-14
9.49240454144e-09	4.32686062679e-14
9.49359795413e-09	4.3300872294e-14
9.49479136682e-09	4.33672055616e-14
9.49598477951e-09	4.34472806683e-14
9.4971781922e-09	4.35240324413e-14
9.49837160489e-09	4.3566844451e-14
9.49956501758e-09	4.3571356172e-14
9.50075843027e-09	4.35321910626e-14
9.50195184296e-09	4.34603033764e-14
9.50314525565e-09	4.33803701477e-14
9.50433866835e-09	4.33109367394e-14
9.50553208104e-09	4.32740336315e-14
9.50672549373e-09	4.32819038381e-14
9.50791890642e-09	4.33269566736e-14
9.50911231911e-09	4.34025543641e-14
9.5103057318e-09	4.34820407829e-14
9.51149914449e-09	4.35434040848e-14
9.51269255718e-09	4.35727393768e-14
9.51388596987e-09	4.35551054214e-14
9.51507938256e-09	4.35024669824e-14
9.51627279525e-09	4.34262136884e-14
9.51746620794e-09	4.33478233302e-14
9.51865962063e-09	4.32938635198e-14
9.51985303332e-09	4.32748861702e-14
9.52104644601e-09	4.32990405852e-14
9.5222398587e-09	4.33602052578e-14
9.5234332714e-09	4.34359554143e-14
9.52462668409e-09	4.3511300689e-14
9.52582009678e-09	4.35580988359e-14
9.52701350947e-09	4.35663633363e-14
9.52820692216e-09	4.35352810388e-14
9.52940033485e-09	4.3468313767e-14
9.53059374754e-09	4.33920384501e-14
9.53178716023e-09	4.33229574075e-14
9.53298057292e-09	4.32820821386e-14
9.53417398561e-09	4.32847439396e-14
9.5353673983e-09	4.33234952734e-14
9.53656081099e-09	4.33929905151e-14
9.53775422368e-09	4.3470552475e-14
9.53894763637e-09	4.35321029712e-14
9.54014104906e-09	4.35653837427e-14
9.54133446176e-09	4.35543316568e-14
9.54252787445e-09	4.35070058085e-14
9.54372128714e-09	4.34363221796e-14
9.54491469983e-09	4.33597381192e-14
9.54610811252e-09	4.33040728079e-14
9.54730152521e-09	4.32812859276e-14
9.5484949379e-09	4.32985192364e-14
9.54968835059e-09	4.33544564452e-14
9.55088176328e-09	4.34255038748e-14
9.55207517597e-09	4.34992829856e-14
9.55326858866e-09	4.35490720057e-14
9.55446200135e-09	4.3561406076e-14
9.55565541404e-09	4.35368383089e-14
9.55684882673e-09	4.34760332017e-14
9.55804223942e-09	4.34026742193e-14
9.55923565212e-09	4.33346091927e-14
9.56042906481e-09	4.32909954663e-14
9.5616224775e-09	4.32876166518e-14
9.56281589019e-09	4.33212692708e-14
9.56400930288e-09	4.33841618907e-14
9.56520271557e-09	4.3459740523e-14
9.56639612826e-09	4.35211563409e-14
9.56758954095e-09	4.35573966455e-14
9.56878295364e-09	4.35528175854e-14
9.56997636633e-09	4.35106294154e-14
9.57116977902e-09	4.3445486229e-14
9.57236319171e-09	4.33710807374e-14
9.5735566044e-09	4.33139801288e-14
9.57475001709e-09	4.32879541945e-14
9.57594342978e-09	4.32992015215e-14
9.57713684247e-09	4.33487533724e-14
9.57833025517e-09	4.34166286636e-14
9.57952366786e-09	4.34873283861e-14
9.58071708055e-09	4.35399964712e-14
9.58191049324e-09	4.35560354636e-14
9.58310390593e-09	4.35371529816e-14
9.58429731862e-09	4.34826620816e-14
9.58549073131e-09	4.34119699824e-14
9.586684144e-09	4.3345965787e-14
9.58787755669e-09	4.32994535138e-14
9.58907096938e-09	4.32911953661e-14
9.59026438207e-09	4.33197632463e-14
9.59145779476e-09	4.33765254652e-14
9.59265120745e-09	4.34495257292e-14
9.59384462014e-09	4.35107695994e-14
9.59503803283e-09	4.35492702115e-14
9.59623144553e-09	4.35504954446e-14
9.59742485822e-09	4.35135402442e-14
9.59861827091e-09	4.34536003812e-14
9.5998116836e-09	4.33819299589e-14
9.60100509629e-09	4.33237989347e-14
9.60219850898e-09	4.32951213638e-14
9.60339192167e-09	4.33004750355e-14
9.60458533436e-09	4.33441234903e-14
9.60577874705e-09	4.34083400227e-14
9.60697215974e-09	4.34758328784e-14
9.60816557243e-09	4.35309315246e-14
9.60935898512e-09	4.35500443996e-14
9.61055239781e-09	4.35369806104e-14
9.6117458105e-09	4.34883600722e-14
9.61293922319e-09	4.3421178501e-14
9.61413263589e-09	4.33567425872e-14
9.61532604858e-09	4.33083638769e-14
9.61651946127e-09	4.32956448301e-14
9.61771287396e-09	4.33187590887e-14
9.61890628665e-09	4.33703234899e-14
9.62009969934e-09	4.34393346523e-14
9.62129311203e-09	4.35008728664e-14
9.62248652472e-09	4.35408295281e-14
9.62367993741e-09	4.35475604754e-14
9.6248733501e-09	4.35157497296e-14
9.62606676279e-09	4.3460551557e-14
9.62726017548e-09	4.33924158032e-14
9.62845358817e-09	4.33333708306e-14
9.62964700086e-09	4.33021881596e-14
9.63084041355e-09	4.33027260256e-14
9.63203382624e-09	4.3340335559e-14
9.63322723894e-09	4.34007667011e-14
9.63442065163e-09	4.3465614273e-14
9.63561406432e-09	4.35212952543e-14
9.63680747701e-09	4.35445840017e-14
9.6380008897e-09	4.35356211225e-14
9.63919430239e-09	4.3493213571e-14
9.64038771508e-09	4.34295154228e-14
9.64158112777e-09	4.3366699883e-14
9.64277454046e-09	4.33176342289e-14
9.64396795315e-09	4.33001366458e-14
9.64516136584e-09	4.33187082667e-14
9.64635477853e-09	4.33649367839e-14
9.64754819122e-09	4.34300892876e-14
9.64874160391e-09	4.34914500484e-14
9.6499350166e-09	4.35322046151e-14
9.6511284293e-09	4.35441956371e-14
9.65232184199e-09	4.35172481309e-14
9.65351525468e-09	4.34667463325e-14
9.65470866737e-09	4.34019830404e-14
9.65590208006e-09	4.33429384912e-14
9.65709549275e-09	4.33091571232e-14
9.65828890544e-09	4.33057003818e-14
9.65948231813e-09	4.33372197483e-14
9.66067573082e-09	4.33937863026e-14
9.66186914351e-09	4.34560195073e-14
9.6630625562e-09	4.35118224613e-14
9.66425596889e-09	4.35387576855e-14
9.66544938158e-09	4.35334628826e-14
9.66664279427e-09	4.34975270863e-14
9.66783620696e-09	4.34369671952e-14
9.66902961966e-09	4.33764242447e-14
9.67022303235e-09	4.3326531463e-14
9.67141644504e-09	4.33052019029e-14
9.67260985773e-09	4.33192961076e-14
9.67380327042e-09	4.33602293983e-14
9.67499668311e-09	4.34215757595e-14
9.6761900958e-09	4.34821017693e-14
9.67738350849e-09	4.35241319676e-14
9.67857692118e-09	4.35396424115e-14
9.67977033387e-09	4.35182438181e-14
9.68096374656e-09	4.34717395917e-14
9.68215715925e-09	4.34109082266e-14
9.68335057194e-09	4.33522219723e-14
9.68454398463e-09	4.33164560061e-14
9.68573739732e-09	4.33091410296e-14
9.68693081001e-09	4.33353109595e-14
9.68812422271e-09	4.33877384873e-14
9.6893176354e-09	4.34472268817e-14
9.69051104809e-09	4.35024648649e-14
9.69170446078e-09	4.35328602186e-14
9.69289787347e-09	4.35311119426e-14
9.69409128616e-09	4.35004900075e-14
9.69528469885e-09	4.34443749218e-14
9.69647811154e-09	4.33850991326e-14
9.69767152423e-09	4.33354164151e-14
9.69886493692e-09	4.33108096845e-14
9.70005834961e-09	4.33198979245e-14
9.7012517623e-09	4.33567942562e-14
9.70244517499e-09	4.34132917773e-14
9.70363858768e-09	4.3473224017e-14
9.70483200037e-09	4.3516042803e-14
9.70602541307e-09	4.3534708021e-14
9.70721882576e-09	4.35190044537e-14
9.70841223845e-09	4.34760357428e-14
9.70960565114e-09	4.34193179932e-14
9.71079906383e-09	4.33611331824e-14
9.71199247652e-09	4.33236481629e-14
9.71318588921e-09	4.33131136141e-14
9.7143793019e-09	4.33340251635e-14
9.71557271459e-09	4.33819608756e-14
9.71676612728e-09	4.34392372435e-14
9.71795953997e-09	4.34931445378e-14
9.71915295266e-09	4.35265557524e-14
9.72034636535e-09	4.35283048755e-14
9.72153977804e-09	4.35024784174e-14
9.72273319073e-09	4.34510698702e-14
9.72392660342e-09	4.33932501307e-14
9.72512001612e-09	4.33442018409e-14
9.72631342881e-09	4.33163196338e-14
9.7275068415e-09	4.33214009845e-14
9.72870025419e-09	4.33540121765e-14
9.72989366688e-09	4.34061038557e-14
9.73108707957e-09	4.34646982068e-14
9.73228049226e-09	4.35080832344e-14
9.73347390495e-09	4.35293818779e-14
9.73466731764e-09	4.35188342001e-14
9.73586073033e-09	4.34797889458e-14
9.73705414302e-09	4.34269883e-14
9.73824755571e-09	4.33699698537e-14
9.7394409684e-09	4.33308123675e-14
9.74063438109e-09	4.33174749868e-14
9.74182779378e-09	4.33333839596e-14
9.74302120648e-09	4.33770358025e-14
9.74421461917e-09	4.34317528604e-14
9.74540803186e-09	4.34843366657e-14
9.74660144455e-09	4.35201792884e-14
9.74779485724e-09	4.35252292988e-14
9.74898826993e-09	4.35037320261e-14
9.75018168262e-09	4.34570308646e-14
9.75137509531e-09	4.34009649068e-14
9.752568508e-09	4.33527081692e-14
9.75376192069e-09	4.33223437321e-14
9.75495533338e-09	4.33232957972e-14
9.75614874607e-09	4.33515396873e-14
9.75734215876e-09	4.33999222092e-14
9.75853557145e-09	4.34562092426e-14
9.75972898414e-09	4.35005980042e-14
9.76092239684e-09	4.35236847342e-14
9.76211580953e-09	4.35180299423e-14
9.76330922222e-09	4.34830220706e-14
9.76450263491e-09	4.34334232093e-14
9.7656960476e-09	4.33786299185e-14
9.76688946029e-09	4.33377190742e-14
9.76808287298e-09	4.33219629908e-14
9.76927628567e-09	4.33333259378e-14
9.77046969836e-09	4.33725939617e-14
9.77166311105e-09	4.34248262484e-14
9.77285652374e-09	4.34758523602e-14
9.77404993643e-09	4.35132971457e-14
9.77524334912e-09	4.35218839422e-14
9.77643676181e-09	4.35040403461e-14
9.7776301745e-09	4.34622600225e-14
9.77882358719e-09	4.34080706662e-14
9.78001699989e-09	4.33606042104e-14
9.78121041258e-09	4.33287193491e-14
9.78240382527e-09	4.3325385851e-14
9.78359723796e-09	4.33502145042e-14
9.78479065065e-09	4.33942470885e-14
9.78598406334e-09	4.34484893844e-14
9.78717747603e-09	4.3493534173e-14
9.78837088872e-09	4.35180227425e-14
9.78956430141e-09	4.35168186852e-14
9.7907577141e-09	4.34854788896e-14
9.79195112679e-09	4.343935244e-14
9.79314453948e-09	4.33867991278e-14
9.79433795217e-09	4.33444593389e-14
9.79553136486e-09	4.33269325331e-14
9.79672477755e-09	4.33341378189e-14
9.79791819025e-09	4.33690237179e-14
9.79911160294e-09	4.34184582547e-14
9.80030501563e-09	4.34680333991e-14
9.80149842832e-09	4.35063612164e-14
9.80269184101e-09	4.35184259302e-14
9.8038852537e-09	4.35040708393e-14
9.80507866639e-09	4.34668568703e-14
9.80627207908e-09	4.34148765759e-14
9.80746549177e-09	4.33685027926e-14
9.80865890446e-09	4.33351080951e-14
9.80985231715e-09	4.33281060973e-14
9.81104572984e-09	4.33492975911e-14
9.81223914253e-09	4.33891017868e-14
9.81343255522e-09	4.34411074922e-14
9.81462596791e-09	4.34859523811e-14
9.81581938061e-09	4.35123442336e-14
9.8170127933e-09	4.35146011529e-14
9.81820620599e-09	4.34877400441e-14
9.81939961868e-09	4.34445790568e-14
9.82059303137e-09	4.33944232713e-14
9.82178644406e-09	4.33516455664e-14
9.82297985675e-09	4.33316234016e-14
9.82417326944e-09	4.33354236149e-14
9.82536668213e-09	4.33659485647e-14
9.82656009482e-09	4.34126217742e-14
9.82775350751e-09	4.3460551557e-14
9.8289469202e-09	4.34996192577e-14
9.83014033289e-09	4.35146418105e-14
9.83133374558e-09	4.35035122211e-14
9.83252715827e-09	4.34705605219e-14
9.83372057096e-09	4.34214376931e-14
9.83491398366e-09	4.33754387219e-14
9.83610739635e-09	4.3341519711e-14
9.83730080904e-09	4.33311770152e-14
9.83849422173e-09	4.33485695662e-14
9.83968763442e-09	4.33850749922e-14
9.84088104711e-09	4.34339919919e-14
9.8420744598e-09	4.3479022381e-14
9.84326787249e-09	4.35065861037e-14
9.84446128518e-09	4.35119778919e-14
9.84565469787e-09	4.34896543386e-14
9.84684811056e-09	4.34490840015e-14
9.84804152325e-09	4.34018610676e-14
9.84923493594e-09	4.33585721783e-14
9.85042834863e-09	4.33365815089e-14
9.85162176132e-09	4.33374535294e-14
9.85281517402e-09	4.33634189008e-14
9.85400858671e-09	4.34073672053e-14
9.8552019994e-09	4.34536452739e-14
9.85639541209e-09	4.34926761286e-14
9.85758882478e-09	4.35107391062e-14
9.85878223747e-09	4.35025266983e-14
9.85997565016e-09	4.34736407572e-14
9.86116906285e-09	4.34275130369e-14
9.86236247554e-09	4.33821328233e-14
9.86355588823e-09	4.33482849632e-14
9.86474930092e-09	4.33345422771e-14
9.86594271361e-09	4.33486864568e-14
9.8671361263e-09	4.33813895519e-14
9.86832953899e-09	4.34275219308e-14
9.86952295168e-09	4.34722041893e-14
9.87071636438e-09	4.35008584669e-14
9.87190977707e-09	4.35089658427e-14
9.87310318976e-09	4.34908075739e-14
9.87429660245e-09	4.34531755941e-14
9.87549001514e-09	4.34084048207e-14
9.87668342783e-09	4.3365312443e-14
9.87787684052e-09	4.33414553365e-14
9.87907025321e-09	4.33395495124e-14
9.8802636659e-09	4.33614148209e-14
9.88145707859e-09	4.34023883457e-14
9.88265049128e-09	4.3446962184e-14
9.88384390397e-09	4.34859295112e-14
9.88503731666e-09	4.35064048386e-14
9.88623072935e-09	4.35013116295e-14
9.88742414204e-09	4.34758362666e-14
9.88861755473e-09	4.34331678289e-14
9.88981096743e-09	4.33885728148e-14
9.89100438012e-09	4.33545127729e-14
9.89219779281e-09	4.33382624458e-14
9.8933912055e-09	4.33488423109e-14
9.89458461819e-09	4.33786129779e-14
9.89577803088e-09	4.3421807423e-14
9.89697144357e-09	4.34655549807e-14
9.89816485626e-09	4.34954607494e-14
9.89935826895e-09	4.35056463206e-14
9.90055168164e-09	4.34915957381e-14
9.90174509433e-09	4.34568864455e-14
9.90293850702e-09	4.34143116049e-14
9.90413191971e-09	4.33722936886e-14
9.9053253324e-09	4.33462724129e-14
9.90651874509e-09	4.33422604413e-14
9.90771215779e-09	4.33602247396e-14
9.90890557048e-09	4.33980667836e-14
9.91009898317e-09	4.34410841988e-14
9.91129239586e-09	4.347918967e-14
9.91248580855e-09	4.35017715684e-14
9.91367922124e-09	4.34999724704e-14
9.91487263393e-09	4.34774435116e-14
9.91606604662e-09	4.34385130303e-14
9.91725945931e-09	4.33946422293e-14
9.918452872e-09	4.33608079218e-14
9.91964628469e-09	4.33423578501e-14
9.92083969738e-09	4.33493280843e-14
9.92203311007e-09	4.33763937515e-14
9.92322652276e-09	4.34161217143e-14
9.92441993545e-09	4.34592932896e-14
9.92561334814e-09	4.34898906608e-14
9.92680676084e-09	4.35020078906e-14
9.92800017353e-09	4.34917037348e-14
9.92919358622e-09	4.34599124707e-14
9.93038699891e-09	4.34198304481e-14
9.9315804116e-09	4.33789301917e-14
9.93277382429e-09	4.33510619607e-14
9.93396723698e-09	4.33451784698e-14
9.93516064967e-09	4.33593226495e-14
9.93635406236e-09	4.33940090722e-14
9.93754747505e-09	4.34354387242e-14
9.93874088774e-09	4.34728890154e-14
9.93993430043e-09	4.3497198014e-14
9.94112771312e-09	4.34979658494e-14
9.94232112581e-09	4.34786327458e-14
9.9435145385e-09	4.34431429124e-14
9.9447079512e-09	4.34004274644e-14
9.94590136389e-09	4.33667286821e-14
9.94709477658e-09	4.33468132434e-14
9.94828818927e-09	4.33501251423e-14
9.94948160196e-09	4.33746141353e-14
9.95067501465e-09	4.34111123615e-14
9.95186842734e-09	4.34531209605e-14
9.95306184003e-09	4.34843815585e-14
9.95425525272e-09	4.34984719515e-14
9.95544866541e-09	4.34912713245e-14
9.9566420781e-09	4.34628626864e-14
9.95783549079e-09	4.34245204695e-14
9.95902890348e-09	4.33852532926e-14
9.96022231617e-09	4.33561555933e-14
9.96141572886e-09	4.33481655315e-14
9.96260914156e-09	4.33594031176e-14
9.96380255425e-09	4.3390482027e-14
9.96499596694e-09	4.34303141749e-14
9.96618937963e-09	4.34668742345e-14
9.96738279232e-09	4.3492237789e-14
9.96857620501e-09	4.34961104237e-14
9.9697696177e-09	4.34792709852e-14
9.97096303039e-09	4.34470905094e-14
9.97215644308e-09	4.34060847974e-14
9.97334985577e-09	4.33721598573e-14
9.97454326846e-09	4.33515163939e-14
9.97573668115e-09	4.33515485811e-14
9.97693009384e-09	4.33730577123e-14
9.97812350653e-09	4.34070165337e-14
9.97931691922e-09	4.344713032e-14
9.98051033191e-09	4.34792637854e-14
9.98170374461e-09	4.34944629446e-14
9.9828971573e-09	4.34905699812e-14
9.98409056999e-09	4.34653787978e-14
9.98528398268e-09	4.34289872978e-14
9.98647739537e-09	4.33914544209e-14
9.98767080806e-09	4.33611196299e-14
9.98886422075e-09	4.33512555077e-14
9.99005763344e-09	4.33597004262e-14
9.99125104613e-09	4.33874288968e-14
9.99244445882e-09	4.34254729581e-14
9.99363787151e-09	4.34611605737e-14
9.9948312842e-09	4.34875672494e-14
9.99602469689e-09	4.34938217407e-14
9.99721810958e-09	4.34796961957e-14
9.99841152227e-09	4.34505574153e-14
9.99960493497e-09	4.34113884942e-14
1.00007983477e-08	4.33776185612e-14
1.00019917603e-08	4.33561187474e-14
1.0003185173e-08	4.33531282976e-14
1.00043785857e-08	4.33721136941e-14
1.00055719984e-08	4.34032819654e-14
1.00067654111e-08	4.34415441377e-14
1.00079588238e-08	4.34740668147e-14
1.00091522365e-08	4.34903484821e-14
1.00103456492e-08	4.34894574034e-14
1.00115390619e-08	4.34672388822e-14
1.00127324746e-08	4.34331280183e-14
1.00139258873e-08	4.33968423974e-14
1.00151192999e-08	4.3366239097e-14
1.00163127126e-08	4.33544005411e-14
1.00175061253e-08	4.33602670913e-14
1.0018699538e-08	4.33848661986e-14
1.00198929507e-08	4.34209739426e-14
1.00210863634e-08	4.34557133048e-14
1.00222797761e-08	4.34825426499e-14
1.00234731888e-08	4.34912539603e-14
1.00246666015e-08	4.34798211331e-14
1.00258600142e-08	4.34533708352e-14
1.00270534269e-08	4.34166066407e-14
1.00282468395e-08	4.33827587806e-14
1.00294402522e-08	4.33607028897e-14
1.00306336649e-08	4.33551772703e-14
1.00318270776e-08	4.33712492969e-14
1.00330204903e-08	4.34001140622e-14
1.0034213903e-08	4.34362785574e-14
1.00354073157e-08	4.34689193955e-14
1.00366007284e-08	4.34867380041e-14
1.00377941411e-08	4.34876862575e-14
1.00389875538e-08	4.34688431626e-14
1.00401809664e-08	4.34368100706e-14
1.00413743791e-08	4.34019394182e-14
1.00425677918e-08	4.33715588875e-14
1.00437612045e-08	4.33574803529e-14
1.00449546172e-08	4.33615236646e-14
1.00461480299e-08	4.33827104997e-14
1.00473414426e-08	4.34167324251e-14
1.00485348553e-08	4.34507653619e-14
1.0049728268e-08	4.34774363118e-14
1.00509216807e-08	4.34885959709e-14
1.00521150934e-08	4.34793971931e-14
1.0053308506e-08	4.34556950936e-14
1.00545019187e-08	4.34211962887e-14
1.00556953314e-08	4.33875474814e-14
1.00568887441e-08	4.33651697179e-14
1.00580821568e-08	4.33574223311e-14
1.00592755695e-08	4.33706004697e-14
1.00604689822e-08	4.33973307119e-14
1.00616623949e-08	4.34312980037e-14
1.00628558076e-08	4.346391936e-14
1.00640492203e-08	4.34827353499e-14
1.0065242633e-08	4.34856355907e-14
1.00664360456e-08	4.34700302792e-14
1.00676294583e-08	4.34401393336e-14
1.0068822871e-08	4.34069004902e-14
1.00700162837e-08	4.33766288032e-14
1.00712096964e-08	4.33607016192e-14
1.00724031091e-08	4.33629648912e-14
1.00735965218e-08	4.33809736587e-14
1.00747899345e-08	4.34129368705e-14
1.00759833472e-08	4.34458614646e-14
1.00771767599e-08	4.34726277058e-14
1.00783701725e-08	4.34856233088e-14
1.00795635852e-08	4.34789495362e-14
1.00807569979e-08	4.34577406782e-14
1.00819504106e-08	4.34255657082e-14
1.00831438233e-08	4.33925441287e-14
1.0084337236e-08	4.33695052561e-14
1.00855306487e-08	4.33602421038e-14
1.00867240614e-08	4.33703586418e-14
1.00879174741e-08	4.3395147061e-14
1.00891108868e-08	4.34269683947e-14
1.00903042995e-08	4.34590739081e-14
1.00914977121e-08	4.34789368307e-14
1.00926911248e-08	4.34835404547e-14
1.00938845375e-08	4.34706854592e-14
1.00950779502e-08	4.34432293098e-14
1.00962713629e-08	4.34112686391e-14
1.00974647756e-08	4.33816855899e-14
1.00986581883e-08	4.33641795364e-14
1.0099851601e-08	4.33645683246e-14
1.01010450137e-08	4.33799830536e-14
1.01022384264e-08	4.34093246985e-14
1.01034318391e-08	4.34414742575e-14
1.01046252517e-08	4.34679215907e-14
1.01058186644e-08	4.34823715493e-14
1.01070120771e-08	4.347826471e-14
1.01082054898e-08	4.34589637938e-14
1.01093989025e-08	4.34296539127e-14
1.01105923152e-08	4.33971862928e-14
1.01117857279e-08	4.33736879048e-14
1.01129791406e-08	4.33632871872e-14
1.01141725533e-08	4.33702785972e-14
1.0115365966e-08	4.33932755417e-14
1.01165593786e-08	4.34227781228e-14
1.01177527913e-08	4.3454315277e-14
1.0118946204e-08	4.34750891835e-14
1.01201396167e-08	4.34811725741e-14
1.01213330294e-08	4.34712423834e-14
1.01225264421e-08	4.34457585501e-14
1.01237198548e-08	4.34153081392e-14
1.01249132675e-08	4.33866013456e-14
1.01261066802e-08	4.33675634331e-14
1.01273000929e-08	4.33660942544e-14
1.01284935056e-08	4.33794426466e-14
1.01296869182e-08	4.3405919626e-14
1.01308803309e-08	4.34374220519e-14
1.01320737436e-08	4.34632997554e-14
1.01332671563e-08	4.34792112694e-14
1.0134460569e-08	4.34771771197e-14
1.01356539817e-08	4.34601276171e-14
1.01368473944e-08	4.34331212421e-14
1.01380408071e-08	4.3401369365e-14
1.01392342198e-08	4.33779556803e-14
1.01404276325e-08	4.3366239097e-14
1.01416210452e-08	4.33707093134e-14
1.01428144578e-08	4.33913485417e-14
1.01440078705e-08	4.34191913617e-14
1.01452012832e-08	4.34495291173e-14
1.01463946959e-08	4.34713008287e-14
1.01475881086e-08	4.34785527012e-14
1.01487815213e-08	4.34711055876e-14
1.0149974934e-08	4.34482162162e-14
1.01511683467e-08	4.34190380488e-14
1.01523617594e-08	4.3391071562e-14
1.01535551721e-08	4.33713771989e-14
1.01547485847e-08	4.33679683148e-14
1.01559419974e-08	4.33790648699e-14
1.01571354101e-08	4.3403065972e-14
1.01583288228e-08	4.3433415586e-14
1.01595222355e-08	4.34590052984e-14
1.01607156482e-08	4.34756854947e-14
1.01619090609e-08	4.34760116024e-14
1.01631024736e-08	4.34610661296e-14
1.01642958863e-08	4.34360197888e-14
1.0165489299e-08	4.34058916739e-14
1.01666827117e-08	4.338177834e-14
1.01678761243e-08	4.3369283757e-14
1.0169069537e-08	4.33715394057e-14
1.01702629497e-08	4.33898433642e-14
1.01714563624e-08	4.34161284906e-14
1.01726497751e-08	4.34450224785e-14
1.01738431878e-08	4.34676255527e-14
1.01750366005e-08	4.34760979998e-14
1.01762300132e-08	4.34707333166e-14
1.01774234259e-08	4.34502952586e-14
1.01786168386e-08	4.34223774762e-14
1.01798102513e-08	4.33954117588e-14
1.01810036639e-08	4.3374965654e-14
1.01821970766e-08	4.33698639745e-14
1.01833904893e-08	4.33791123038e-14
1.0184583902e-08	4.34004685455e-14
1.01857773147e-08	4.34297381925e-14
1.01869707274e-08	4.34548395904e-14
1.01881641401e-08	4.34722198594e-14
1.01893575528e-08	4.34748685314e-14
1.01905509655e-08	4.34616488882e-14
1.01917443782e-08	4.34388747134e-14
1.01929377909e-08	4.34100192655e-14
1.01941312035e-08	4.33856848559e-14
1.01953246162e-08	4.33725333989e-14
1.01965180289e-08	4.33724965529e-14
1.01977114416e-08	4.33886748822e-14
1.01989048543e-08	4.34133421757e-14
1.0200098267e-08	4.34407619028e-14
1.02012916797e-08	4.34640138042e-14
1.02024850924e-08	4.34732934737e-14
1.02036785051e-08	4.34701010065e-14
1.02048719178e-08	4.34520486168e-14
1.02060653304e-08	4.34255813783e-14
1.02072587431e-08	4.33994114484e-14
1.02084521558e-08	4.33786938695e-14
1.02096455685e-08	4.33717609048e-14
1.02108389812e-08	4.33794049537e-14
1.02120323939e-08	4.33985423926e-14
1.02132258066e-08	4.34261798071e-14
1.02144192193e-08	4.34512371592e-14
1.0215612632e-08	4.34687258485e-14
1.02168060447e-08	4.34731875945e-14
1.02179994574e-08	4.34619737254e-14
1.021919287e-08	4.34410833518e-14
1.02203862827e-08	4.34137724685e-14
1.02215796954e-08	4.33895083627e-14
1.02227731081e-08	4.33756009287e-14
1.02239665208e-08	4.33738763696e-14
1.02251599335e-08	4.33877389108e-14
1.02263533462e-08	4.34107731248e-14
1.02275467589e-08	4.34370002295e-14
1.02287401716e-08	4.34601830977e-14
1.02299335843e-08	4.34709006056e-14
1.0231126997e-08	4.34690828729e-14
1.02323204096e-08	4.34534669735e-14
1.02335138223e-08	4.34285252413e-14
1.0234707235e-08	4.34031523694e-14
1.02359006477e-08	4.3382472907e-14
1.02370940604e-08	4.33739212624e-14
1.02382874731e-08	4.33799195262e-14
1.02394808858e-08	4.33968932194e-14
1.02406742985e-08	4.34228471559e-14
1.02418677112e-08	4.34476512453e-14
1.02430611239e-08	4.34651708512e-14
1.02442545365e-08	4.34714147546e-14
1.02454479492e-08	4.34620309001e-14
1.02466413619e-08	4.34429315777e-14
1.02478347746e-08	4.34173160308e-14
1.02490281873e-08	4.33932632597e-14
1.02502216e-08	4.33785452152e-14
1.02514150127e-08	4.33756441274e-14
1.02526084254e-08	4.33868139509e-14
1.02538018381e-08	4.34086652833e-14
1.02549952508e-08	4.34333927161e-14
1.02561886635e-08	4.34564298947e-14
1.02573820761e-08	4.34682845443e-14
1.02585754888e-08	4.34677382081e-14
1.02597689015e-08	4.34546108915e-14
1.02609623142e-08	4.34310663401e-14
1.02621557269e-08	4.34067221897e-14
1.02633491396e-08	4.33861977344e-14
1.02645425523e-08	4.33761248186e-14
1.0265735965e-08	4.33805751297e-14
1.02669293777e-08	4.33957162671e-14
1.02681227904e-08	4.341971144e-14
1.02693162031e-08	4.34440174739e-14
1.02705096157e-08	4.34617433324e-14
1.02717030284e-08	4.34693331711e-14
1.02728964411e-08	4.34621664254e-14
1.02740898538e-08	4.34445129882e-14
1.02752832665e-08	4.3420688916e-14
1.02764766792e-08	4.33967339772e-14
1.02776700919e-08	4.33815199949e-14
1.02788635046e-08	4.33773106647e-14
1.02800569173e-08	4.33862832847e-14
1.028125033e-08	4.34066146165e-14
1.02824437426e-08	4.34300139017e-14
1.02836371553e-08	4.34526267168e-14
1.0284830568e-08	4.34656735653e-14
1.02860239807e-08	4.34663168868e-14
1.02872173934e-08	4.34553592451e-14
1.02884108061e-08	4.34335464526e-14
1.02896042188e-08	4.34099315976e-14
1.02907976315e-08	4.33897476495e-14
1.02919910442e-08	4.33785460623e-14
1.02931844569e-08	4.33812425916e-14
1.02943778696e-08	4.33946574759e-14
1.02955712822e-08	4.34167785884e-14
1.02967646949e-08	4.34407741848e-14
1.02979581076e-08	4.34583564712e-14
1.02991515203e-08	4.34670233123e-14
1.0300344933e-08	4.34619101979e-14
1.03015383457e-08	4.34458165719e-14
1.03027317584e-08	4.34237043533e-14
1.03039251711e-08	4.34002169767e-14
1.03051185838e-08	4.33844651285e-14
1.03063119965e-08	4.33791893838e-14
1.03075054092e-08	4.33862760849e-14
1.03086988218e-08	4.34048159421e-14
1.03098922345e-08	4.34271005319e-14
1.03110856472e-08	4.34490416498e-14
1.03122790599e-08	4.3463212511e-14
1.03134724726e-08	4.34648955655e-14
1.03146658853e-08	4.34558085961e-14
1.0315859298e-08	4.34358834165e-14
1.03170527107e-08	4.34130338557e-14
1.03182461234e-08	4.3393142981e-14
1.03194395361e-08	4.33809512123e-14
1.03206329488e-08	4.33821755984e-14
1.03218263614e-08	4.33940268599e-14
1.03230197741e-08	4.34142527361e-14
1.03242131868e-08	4.34376117872e-14
1.03254065995e-08	4.34553626332e-14
1.03266000122e-08	4.34647769809e-14
1.03277934249e-08	4.34615387739e-14
1.03289868376e-08	4.3446732638e-14
1.03301802503e-08	4.34262124178e-14
1.0331373663e-08	4.34035716507e-14
1.03325670757e-08	4.33872332322e-14
1.03337604883e-08	4.3381315013e-14
1.0334953901e-08	4.33864277038e-14
1.03361473137e-08	4.34032154733e-14
1.03373407264e-08	4.34243976498e-14
1.03385341391e-08	4.3445523075e-14
1.03397275518e-08	4.34605723093e-14
1.03409209645e-08	4.34632650271e-14
1.03421143772e-08	4.34559136281e-14
1.03433077899e-08	4.34379654235e-14
1.03445012026e-08	4.34157545256e-14
1.03456946153e-08	4.33965514416e-14
1.03468880279e-08	4.33834584298e-14
1.03480814406e-08	4.33831780619e-14
1.03492748533e-08	4.33935080522e-14
1.0350468266e-08	4.34120788261e-14
1.03516616787e-08	4.34345671273e-14
1.03528550914e-08	4.34522819744e-14
1.03540485041e-08	4.34623764895e-14
1.03552419168e-08	4.34608433599e-14
1.03564353295e-08	4.34476910558e-14
1.03576287422e-08	4.34287124356e-14
1.03588221549e-08	4.34067260014e-14
1.03600155675e-08	4.3390108909e-14
1.03612089802e-08	4.33832259193e-14
1.03624023929e-08	4.33867097658e-14
1.03635958056e-08	4.34017513769e-14
1.03647892183e-08	4.34220068993e-14
1.0365982631e-08	4.34424254755e-14
1.03671760437e-08	4.34577830299e-14
1.03683694564e-08	4.34619152801e-14
1.03695628691e-08	4.34556574007e-14
1.03707562818e-08	4.34395650452e-14
1.03719496944e-08	4.34184015035e-14
1.03731431071e-08	4.3399427542e-14
1.03743365198e-08	4.33861600414e-14
1.03755299325e-08	4.33841758667e-14
1.03767233452e-08	4.33932874002e-14
1.03779167579e-08	4.34100929573e-14
1.03791101706e-08	4.34316169116e-14
1.03803035833e-08	4.34494588136e-14
1.0381496996e-08	4.34598222617e-14
1.03826904087e-08	4.34601373579e-14
1.03838838214e-08	4.34483411536e-14
1.0385077234e-08	4.34306665406e-14
1.03862706467e-08	4.34098346123e-14
1.03874640594e-08	4.33928511782e-14
1.03886574721e-08	4.33853430781e-14
1.03898508848e-08	4.33872857482e-14
1.03910442975e-08	4.34006989384e-14
1.03922377102e-08	4.34197813202e-14
1.03934311229e-08	4.34393397345e-14
1.03946245356e-08	4.34551275816e-14
1.03958179483e-08	4.34602504368e-14
1.0397011361e-08	4.3455292753e-14
1.03982047736e-08	4.34411257034e-14
1.03993981863e-08	4.3420893898e-14
1.0400591599e-08	4.3402578081e-14
1.04017850117e-08	4.33889569442e-14
1.04029784244e-08	4.33855378957e-14
1.04041718371e-08	4.33932683419e-14
1.04053652498e-08	4.34085001119e-14
1.04065586625e-08	4.34288331378e-14
1.04077520752e-08	4.34467999771e-14
1.04089454879e-08	4.34574603103e-14
1.04101389005e-08	4.34590518852e-14
1.04113323132e-08	4.34489878632e-14
1.04125257259e-08	4.34324131225e-14
1.04137191386e-08	4.34127378177e-14
1.04149125513e-08	4.33956446928e-14
1.0416105964e-08	4.33873729926e-14
1.04172993767e-08	4.33880929706e-14
1.04184927894e-08	4.33996638642e-14
1.04196862021e-08	4.34177607231e-14
1.04208796148e-08	4.3436589842e-14
1.04220730275e-08	4.34522781627e-14
1.04232664401e-08	4.34586698733e-14
1.04244598528e-08	4.34548332376e-14
1.04256532655e-08	4.34424462278e-14
1.04268466782e-08	4.34232363676e-14
1.04280400909e-08	4.34051509436e-14
1.04292335036e-08	4.33916043457e-14
1.04304269163e-08	4.33869257592e-14
1.0431620329e-08	4.33933640566e-14
1.04328137417e-08	4.34071427416e-14
1.04340071544e-08	4.34263411669e-14
1.04352005671e-08	4.34440483906e-14
1.04363939797e-08	4.34552859767e-14
1.04375873924e-08	4.34579024615e-14
1.04387808051e-08	4.34494185795e-14
1.04399742178e-08	4.34340034269e-14
1.04411676305e-08	4.34154462056e-14
1.04423610432e-08	4.33983293638e-14
1.04435544559e-08	4.33893359915e-14
1.04447478686e-08	4.33892868635e-14
1.04459412813e-08	4.33989748029e-14
1.0447134694e-08	4.34159692484e-14
1.04483281067e-08	4.34340110502e-14
1.04495215193e-08	4.34494727896e-14
1.0450714932e-08	4.34570160415e-14
1.04519083447e-08	4.34542204093e-14
1.04531017574e-08	4.34433470473e-14
1.04542951701e-08	4.34255055688e-14
1.04554885828e-08	4.34076327501e-14
1.04566819955e-08	4.33942068544e-14
1.04578754082e-08	4.33884563477e-14
1.04590688209e-08	4.3393617743e-14
1.04602622336e-08	4.34061440897e-14
1.04614556462e-08	4.34238792656e-14
1.04626490589e-08	4.34414145417e-14
1.04638424716e-08	4.34529202137e-14
1.04650358843e-08	4.34565417031e-14
1.0466229297e-08	4.34497844977e-14
1.04674227097e-08	4.34351960493e-14
1.04686161224e-08	4.3417988575e-14
1.04698095351e-08	4.34008649569e-14
1.04710029478e-08	4.33912845907e-14
1.04721963605e-08	4.33902961033e-14
1.04733897732e-08	4.33983903501e-14
1.04745831858e-08	4.34142866175e-14
1.04757765985e-08	4.34315559252e-14
1.04769700112e-08	4.34469202558e-14
1.04781634239e-08	4.34552152495e-14
1.04793568366e-08	4.34536096985e-14
1.04805502493e-08	4.34440111212e-14
1.0481743662e-08	4.34275261659e-14
1.04829370747e-08	4.34100717815e-14
1.04841304874e-08	4.33967255069e-14
1.04853239001e-08	4.33901148382e-14
1.04865173128e-08	4.33937570799e-14
1.04877107254e-08	4.34054139473e-14
1.04889041381e-08	4.34216850267e-14
1.04900975508e-08	4.34389314646e-14
1.04912909635e-08	4.34506421186e-14
1.04924843762e-08	4.34549255642e-14
1.04936777889e-08	4.34498124498e-14
1.04948712016e-08	4.3436359449e-14
1.04960646143e-08	4.34200862521e-14
1.0497258027e-08	4.3403541581e-14
1.04984514397e-08	4.33933259401e-14
1.04996448523e-08	4.33914650088e-14
1.0500838265e-08	4.33981908739e-14
1.05020316777e-08	4.34126493028e-14
1.05032250904e-08	4.34294590951e-14
1.05044185031e-08	4.3444252102e-14
1.05056119158e-08	4.34533221308e-14
1.05068053285e-08	4.34527575834e-14
1.05079987412e-08	4.34442453258e-14
1.05091921539e-08	4.3429314676e-14
1.05103855666e-08	4.34121762349e-14
1.05115789793e-08	4.33991281158e-14
1.05127723919e-08	4.33916699907e-14
1.05139658046e-08	4.33941124102e-14
1.05151592173e-08	4.34044584942e-14
1.051635263e-08	4.34197563327e-14
1.05175460427e-08	4.34365364789e-14
1.05187394554e-08	4.34484444916e-14
1.05199328681e-08	4.34533674471e-14
1.05211262808e-08	4.3449675654e-14
1.05223196935e-08	4.3437490238e-14
1.05235131062e-08	4.34220433217e-14
1.05247065189e-08	4.34061267256e-14
1.05258999315e-08	4.33951440964e-14
1.05270933442e-08	4.33927884977e-14
1.05282867569e-08	4.33980727128e-14
1.05294801696e-08	4.34113207316e-14
1.05306735823e-08	4.34273050903e-14
1.0531866995e-08	4.34417774953e-14
1.05330604077e-08	4.34515569142e-14
1.05342538204e-08	4.34517923893e-14
1.05354472331e-08	4.3444558728e-14
1.05366406458e-08	4.34309452144e-14
1.05378340584e-08	4.34143692032e-14
1.05390274711e-08	4.34014845615e-14
1.05402208838e-08	4.33934885705e-14
1.05414142965e-08	4.33947265091e-14
1.05426077092e-08	4.3403927828e-14
1.05438011219e-08	4.34179724813e-14
1.05449945346e-08	4.34340843185e-14
1.05461879473e-08	4.34464666697e-14
1.054738136e-08	4.34517860366e-14
1.05485747727e-08	4.34493423465e-14
1.05497681854e-08	4.34382724729e-14
1.0550961598e-08	4.34237818568e-14
1.05521550107e-08	4.34085873563e-14
1.05533484234e-08	4.33971176831e-14
1.05545418361e-08	4.33940573531e-14
1.05557352488e-08	4.33981087117e-14
1.05569286615e-08	4.34102064598e-14
1.05581220742e-08	4.34254992161e-14
1.05593154869e-08	4.3439571398e-14
1.05605088996e-08	4.34495325054e-14
1.05617023123e-08	4.34509042753e-14
1.0562895725e-08	4.3444662913e-14
1.05640891376e-08	4.3432270821e-14
1.05652825503e-08	4.34164922913e-14
1.0566475963e-08	4.34034141026e-14
1.05676693757e-08	4.33953613603e-14
1.05688627884e-08	4.33953236674e-14
1.05700562011e-08	4.3403618661e-14
1.05712496138e-08	4.34165350664e-14
1.05724430265e-08	4.3431963348e-14
1.05736364392e-08	4.34443113943e-14
1.05748298519e-08	4.34502025085e-14
1.05760232645e-08	4.3448917136e-14
1.05772166772e-08	4.34390708015e-14
1.05784100899e-08	4.34254001132e-14
1.05796035026e-08	4.34107595723e-14
1.05807969153e-08	4.33991979961e-14
1.0581990328e-08	4.33952677632e-14
1.05831837407e-08	4.33983776446e-14
1.05843771534e-08	4.34089968967e-14
1.05855705661e-08	4.34237039298e-14
1.05867639788e-08	4.34373259136e-14
1.05879573915e-08	4.34475080967e-14
1.05891508041e-08	4.34499704215e-14
1.05903442168e-08	4.34445786332e-14
1.05915376295e-08	4.34334448087e-14
1.05927310422e-08	4.34184726543e-14
1.05939244549e-08	4.34055177089e-14
1.05951178676e-08	4.33970842253e-14
1.05963112803e-08	4.3395931837e-14
1.0597504693e-08	4.34032302964e-14
1.05986981057e-08	4.34151281447e-14
1.05998915184e-08	4.34298699061e-14
1.06010849311e-08	4.34423941353e-14
1.06022783437e-08	4.34486316859e-14
1.06034717564e-08	4.34481924993e-14
1.06046651691e-08	4.34397810386e-14
1.06058585818e-08	4.34267312255e-14
1.06070519945e-08	4.34127996511e-14
1.06082454072e-08	4.34011508305e-14
1.06094388199e-08	4.33966175102e-14
1.06106322326e-08	4.33989392275e-14
1.06118256453e-08	4.34081718866e-14
1.0613019058e-08	4.34220179107e-14
1.06142124707e-08	4.34353146339e-14
1.06154058833e-08	4.3445638695e-14
1.0616599296e-08	4.34489416999e-14
1.06177927087e-08	4.34445176469e-14
1.06189861214e-08	4.34344625187e-14
1.06201795341e-08	4.34203949956e-14
1.06213729468e-08	4.34075366119e-14
1.06225663595e-08	4.33990921169e-14
1.06237597722e-08	4.33970321328e-14
1.06249531849e-08	4.34031633808e-14
1.06261465976e-08	4.34141900557e-14
1.06273400102e-08	4.3427758253e-14
1.06285334229e-08	4.34403311865e-14
1.06297268356e-08	4.34470290996e-14
1.06309202483e-08	4.34475284255e-14
1.0632113661e-08	4.34402621533e-14
1.06333070737e-08	4.34280610673e-14
1.06345004864e-08	4.34148549766e-14
1.06356938991e-08	4.34032205555e-14
1.06368873118e-08	4.3397872813e-14
1.06380807245e-08	4.33993987429e-14
1.06392741372e-08	4.34075709167e-14
1.06404675498e-08	4.34204919808e-14
1.06416609625e-08	4.34334494673e-14
1.06428543752e-08	4.34435655818e-14
1.06440477879e-08	4.34478354749e-14
1.06452412006e-08	4.34443257939e-14
1.06464346133e-08	4.34351935082e-14
1.0647628026e-08	4.34221123549e-14
1.06488214387e-08	4.34093196163e-14
1.06500148514e-08	4.34006883505e-14
1.06512082641e-08	4.33978664603e-14
1.06524016768e-08	4.34029194353e-14
1.06535950894e-08	4.34131897098e-14
1.06547885021e-08	4.34261120444e-14
1.06559819148e-08	4.343846602e-14
1.06571753275e-08	4.34456238719e-14
1.06583687402e-08	4.34465412086e-14
1.06595621529e-08	4.34406035076e-14
1.06607555656e-08	4.34291914327e-14
1.06619489783e-08	4.34165676772e-14
1.0663142391e-08	4.34051937188e-14
1.06643358037e-08	4.33990556945e-14
1.06655292163e-08	4.34001310028e-14
1.0666722629e-08	4.34069517357e-14
1.06679160417e-08	4.34190918354e-14
1.06691094544e-08	4.34316169116e-14
1.06703028671e-08	4.34417673309e-14
1.06714962798e-08	4.3446707227e-14
1.06726896925e-08	4.34441148827e-14
1.06738831052e-08	4.34359748961e-14
1.06750765179e-08	4.34237043533e-14
1.06762699306e-08	4.34110475635e-14
1.06774633433e-08	4.3402525565e-14
1.06786567559e-08	4.33991437859e-14
1.06798501686e-08	4.34029181648e-14
1.06810435813e-08	4.34124998015e-14
1.0682236994e-08	4.34244192491e-14
1.06834304067e-08	4.34366182176e-14
1.06846238194e-08	4.34440771897e-14
1.06858172321e-08	4.34456120134e-14
1.06870106448e-08	4.34408588881e-14
1.06882040575e-08	4.34302845287e-14
1.06893974702e-08	4.34182812248e-14
1.06905908829e-08	4.34070728614e-14
1.06917842955e-08	4.34004664279e-14
1.06929777082e-08	4.34008069351e-14
1.06941711209e-08	4.34066484979e-14
1.06953645336e-08	4.34179144596e-14
1.06965579463e-08	4.34300558298e-14
1.0697751359e-08	4.34399563744e-14
1.06989447717e-08	4.3445447689e-14
1.07001381844e-08	4.34436155568e-14
1.07013315971e-08	4.34363471671e-14
1.07025250098e-08	4.34251049223e-14
1.07037184224e-08	4.3412872496e-14
1.07049118351e-08	4.34040760588e-14
1.07061052478e-08	4.34003728308e-14
1.07072986605e-08	4.3402936376e-14
1.07084920732e-08	4.34117459421e-14
1.07096854859e-08	4.34230529849e-14
1.07108788986e-08	4.34347509335e-14
1.07120723113e-08	4.34426088581e-14
1.0713265724e-08	4.34446133616e-14
1.07144591367e-08	4.34408372887e-14
1.07156525494e-08	4.34311120799e-14
1.0716845962e-08	4.34195733736e-14
1.07180393747e-08	4.34088783121e-14
1.07192327874e-08	4.34017750938e-14
1.07204262001e-08	4.34015400422e-14
1.07216196128e-08	4.34065557478e-14
1.07228130255e-08	4.34166672036e-14
1.07240064382e-08	4.34286023213e-14
1.07251998509e-08	4.34381746406e-14
1.07263932636e-08	4.34440373792e-14
1.07275866763e-08	4.34432466739e-14
1.0728780089e-08	4.34365932301e-14
1.07299735016e-08	4.34263852126e-14
1.07311669143e-08	4.34144763528e-14
1.0732360327e-08	4.34056794922e-14
1.07335537397e-08	4.34014638092e-14
1.07347471524e-08	4.34032277553e-14
1.07359405651e-08	4.34112347578e-14
1.07371339778e-08	4.34216943441e-14
1.07383273905e-08	4.34330513619e-14
1.07395208032e-08	4.34411473028e-14
1.07407142159e-08	4.34436638377e-14
1.07419076286e-08	4.34408233127e-14
1.07431010412e-08	4.34319358195e-14
1.07442944539e-08	4.34210306938e-14
1.07454878666e-08	4.34106337879e-14
1.07466812793e-08	4.34033327874e-14
1.0747874692e-08	4.34022536674e-14
1.07490681047e-08	4.34065794647e-14
1.07502615174e-08	4.34157197972e-14
1.07514549301e-08	4.34270988378e-14
1.07526483428e-08	4.34365682427e-14
1.07538417555e-08	4.34426846676e-14
1.07550351681e-08	4.34427172783e-14
1.07562285808e-08	4.3436859622e-14
1.07574219935e-08	4.34274080048e-14
1.07586154062e-08	4.34160289642e-14
1.07598088189e-08	4.34072854666e-14
1.07610022316e-08	4.34026746428e-14
1.07621956443e-08	4.34037186109e-14
1.0763389057e-08	4.34107540666e-14
1.07645824697e-08	4.34206279296e-14
1.07657758824e-08	4.34314707984e-14
1.07669692951e-08	4.34398072966e-14
1.07681627077e-08	4.34428024051e-14
1.07693561204e-08	4.34406149426e-14
1.07705495331e-08	4.34327493946e-14
1.07717429458e-08	4.34224350744e-14
1.07729363585e-08	4.34122355272e-14
1.07741297712e-08	4.34047727434e-14
1.07753231839e-08	4.34030215028e-14
1.07765165966e-08	4.34066163106e-14
1.07777100093e-08	4.34148016135e-14
1.0778903422e-08	4.34256974218e-14
1.07800968347e-08	4.34351613209e-14
1.07812902473e-08	4.34413412733e-14
1.078248366e-08	4.34420392285e-14
1.07836770727e-08	4.34369604189e-14
1.07848704854e-08	4.34283558347e-14
1.07860638981e-08	4.34175603998e-14
1.07872573108e-08	4.34085653334e-14
1.07884507235e-08	4.34038393131e-14
1.07896441362e-08	4.34041518682e-14
1.07908375489e-08	4.34104118652e-14
1.07920309616e-08	4.34196953463e-14
1.07932243742e-08	4.34299054815e-14
1.07944177869e-08	4.34384041866e-14
1.07956111996e-08	4.34417021093e-14
1.07968046123e-08	4.3440111805e-14
1.0797998025e-08	4.34332898016e-14
1.07991914377e-08	4.34233456348e-14
1.08003848504e-08	4.34138275256e-14
1.08015782631e-08	4.34062177816e-14
1.08027716758e-08	4.34038151727e-14
1.08039650885e-08	4.34069301363e-14
1.08051585012e-08	4.34142383366e-14
1.08063519138e-08	4.34245895027e-14
1.08075453265e-08	4.34337798102e-14
1.08087387392e-08	4.34400935938e-14
1.08099321519e-08	4.34415373614e-14
1.08111255646e-08	4.34371044145e-14
1.08123189773e-08	4.34291406107e-14
1.081351239e-08	4.34189355578e-14
1.08147058027e-08	4.3410096769e-14
1.08158992154e-08	4.34050946159e-14
1.08170926281e-08	4.34047409797e-14
1.08182860408e-08	4.34100760167e-14
1.08194794534e-08	4.34187521752e-14
1.08206728661e-08	4.34285294765e-14
1.08218662788e-08	4.34369896415e-14
1.08230596915e-08	4.34409126746e-14
1.08242531042e-08	4.34398627773e-14
1.08254465169e-08	4.34339017829e-14
1.08266399296e-08	4.34245924673e-14
1.08278333423e-08	4.34151264506e-14
1.0829026755e-08	4.34075903985e-14
1.08302201677e-08	4.34045546324e-14
1.08314135803e-08	4.34070089104e-14
1.0832606993e-08	4.34135653689e-14
1.08338004057e-08	4.34231245592e-14
1.08349938184e-08	4.34323817823e-14
1.08361872311e-08	4.34386443204e-14
1.08373806438e-08	4.34407597852e-14
1.08385740565e-08	4.34370548631e-14
1.08397674692e-08	4.34297542861e-14
1.08409608819e-08	4.3420302669e-14
1.08421542946e-08	4.3411460492e-14
1.08433477073e-08	4.34061102084e-14
1.08445411199e-08	4.34053313616e-14
1.08457345326e-08	4.34095631382e-14
1.08469279453e-08	4.3417937753e-14
1.0848121358e-08	4.34270454747e-14
1.08493147707e-08	4.34355077574e-14
1.08505081834e-08	4.34397670626e-14
1.08517015961e-08	4.34392571487e-14
1.08528950088e-08	4.34342528781e-14
1.08540884215e-08	4.34254818519e-14
1.08552818342e-08	4.34164897502e-14
1.08564752469e-08	4.34090375543e-14
1.08576686595e-08	4.34055736131e-14
1.08588620722e-08	4.3407396428e-14
1.08600554849e-08	4.34132024153e-14
1.08612488976e-08	4.34220882144e-14
1.08624423103e-08	4.34311650195e-14
1.0863635723e-08	4.34374309457e-14
1.08648291357e-08	4.34400681828e-14
1.08660225484e-08	4.34371827651e-14
1.08672159611e-08	4.3430328998e-14
1.08684093738e-08	4.3421433458e-14
1.08696027864e-08	4.34127064775e-14
1.08707961991e-08	4.34073705934e-14
1.08719896118e-08	4.34061229139e-14
1.08731830245e-08	4.34096800288e-14
1.08743764372e-08	4.34172935844e-14
1.08755698499e-08	4.34260070124e-14
1.08767632626e-08	4.34342096794e-14
1.08779566753e-08	4.34387870455e-14
1.0879150088e-08	4.34387214004e-14
1.08803435007e-08	4.34345425634e-14
1.08815369134e-08	4.34264123176e-14
1.0882730326e-08	4.34176480677e-14
1.08839237387e-08	4.34103648549e-14
1.08851171514e-08	4.34065015376e-14
1.08863105641e-08	4.34078013097e-14
1.08875039768e-08	4.34129483054e-14
1.08886973895e-08	4.34212115353e-14
1.08898908022e-08	4.34298838822e-14
1.08910842149e-08	4.34362548405e-14
1.08922776276e-08	4.3439199974e-14
1.08934710403e-08	4.34369409372e-14
1.0894664453e-08	4.343085797e-14
1.08958578656e-08	4.34227116307e-14
1.08970512783e-08	4.34141125522e-14
1.0898244691e-08	4.34085208642e-14
1.08994381037e-08	4.34069068429e-14
1.09006315164e-08	4.3409671982e-14
1.09018249291e-08	4.34166655095e-14
1.09030183418e-08	4.342489147e-14
1.09042117545e-08	4.34328535797e-14
1.09054051672e-08	4.34379290011e-14
1.09065985799e-08	4.34382021692e-14
1.09077919926e-08	4.34346717359e-14
1.09089854052e-08	4.3427217846e-14
1.09101788179e-08	4.34187394697e-14
1.09113722306e-08	4.34115951703e-14
1.09125656433e-08	4.34073549233e-14
1.0913759056e-08	4.34080346673e-14
1.09149524687e-08	4.34127348531e-14
1.09161458814e-08	4.34202116129e-14
1.09173392941e-08	4.3428863631e-14
1.09185327068e-08	4.34350524772e-14
1.09197261195e-08	4.34383216009e-14
1.09209195321e-08	4.34368896917e-14
1.09221129448e-08	4.34312497228e-14
1.09233063575e-08	4.342358111e-14
1.09244997702e-08	4.34152208948e-14
1.09256931829e-08	4.34095190925e-14
1.09268865956e-08	4.34075772695e-14
1.09280800083e-08	4.34097401681e-14
1.0929273421e-08	4.34162462282e-14
1.09304668337e-08	4.34239127234e-14
1.09316602464e-08	4.34316249584e-14
1.09328536591e-08	4.3436794824e-14
1.09340470717e-08	4.34375715532e-14
1.09352404844e-08	4.34346463249e-14
1.09364338971e-08	4.34278162747e-14
1.09376273098e-08	4.34197728499e-14
1.09388207225e-08	4.34128017687e-14
1.09400141352e-08	4.34083277407e-14
1.09412075479e-08	4.34084653835e-14
1.09424009606e-08	4.3412526483e-14
1.09435943733e-08	4.34193815206e-14
1.0944787786e-08	4.34277616411e-14
1.09459811987e-08	4.343405679e-14
1.09471746113e-08	4.34375372483e-14
1.0948368024e-08	4.3436679204e-14
1.09495614367e-08	4.34315783716e-14
1.09507548494e-08	4.34245530803e-14
1.09519482621e-08	4.34165321018e-14
1.09531416748e-08	4.34105787307e-14
1.09543350875e-08	4.34083667042e-14
1.09555285002e-08	4.34099328681e-14
1.09567219129e-08	4.34156931157e-14
1.09579153256e-08	4.34231050775e-14
1.09591087382e-08	4.34304103131e-14
1.09603021509e-08	4.34359240741e-14
1.09614955636e-08	4.34370667215e-14
1.09626889763e-08	4.34346154082e-14
1.0963882389e-08	4.34284570552e-14
1.09650758017e-08	4.34207067037e-14
1.09662692144e-08	4.34138974058e-14
1.09674626271e-08	4.34093462978e-14
1.09686560398e-08	4.34089354868e-14
1.09698494525e-08	4.34125451177e-14
1.09710428652e-08	4.34188013031e-14
1.09722362778e-08	4.34264991385e-14
1.09734296905e-08	4.3432925154e-14
1.09746231032e-08	4.34364293293e-14
1.09758165159e-08	4.34362904158e-14
1.09770099286e-08	4.34317274494e-14
1.09782033413e-08	4.34250837464e-14
1.0979396754e-08	4.34176654319e-14
1.09805901667e-08	4.34115570538e-14
1.09817835794e-08	4.34091087051e-14
1.09829769921e-08	4.34101374266e-14
1.09841704048e-08	4.34151569438e-14
1.09853638174e-08	4.34223101371e-14
1.09865572301e-08	4.34293604158e-14
1.09877506428e-08	4.3434879259e-14
1.09889440555e-08	4.34363890952e-14
1.09901374682e-08	4.34345387517e-14
1.09913308809e-08	4.34291439989e-14
1.09925242936e-08	4.3421667239e-14
1.09937177063e-08	4.34150493706e-14
1.0994911119e-08	4.34103110683e-14
1.09961045317e-08	4.34093551916e-14
1.09972979443e-08	4.3412473967e-14
1.0998491357e-08	4.341824692e-14
1.09996847697e-08	4.34257241033e-14
1.10008781824e-08	4.343197563e-14
1.10020715951e-08	4.34356013545e-14
1.10032650078e-08	4.34359012042e-14
1.10044584205e-08	4.34319874885e-14
1.10056518332e-08	4.34257808546e-14
1.10068452459e-08	4.34186441785e-14
1.10080386586e-08	4.3412551047e-14
1.10092320713e-08	4.34097414387e-14
1.10104254839e-08	4.34104275354e-14
1.10116188966e-08	4.34148592117e-14
1.10128123093e-08	4.34215821122e-14
1.1014005722e-08	4.34283604934e-14
1.10151991347e-08	4.34338175032e-14
1.10163925474e-08	4.3435869864e-14
1.10175859601e-08	4.34341287878e-14
1.10187793728e-08	4.34294794239e-14
1.10199727855e-08	4.34224333803e-14
1.10211661982e-08	4.34159425669e-14
1.10223596109e-08	4.34113029439e-14
1.10235530235e-08	4.34098629879e-14
1.10247464362e-08	4.34124434738e-14
1.10259398489e-08	4.34176531499e-14
1.10271332616e-08	4.34246081374e-14
1.10283266743e-08	4.34310443173e-14
1.1029520087e-08	4.34348089552e-14
1.10307134997e-08	4.34354183954e-14
1.10319069124e-08	4.3432142919e-14
1.10331003251e-08	4.34263475196e-14
1.10342937378e-08	4.34197173692e-14
1.10354871505e-08	4.34136267788e-14
1.10366805631e-08	4.34106278586e-14
1.10378739758e-08	4.34109014503e-14
1.10390673885e-08	4.34145373392e-14
1.10402608012e-08	4.34208790749e-14
1.10414542139e-08	4.34274228279e-14
1.10426476266e-08	4.34328747555e-14
1.10438410393e-08	4.34352561886e-14
1.1045034452e-08	4.34339902979e-14
1.10462278647e-08	4.34298093433e-14
1.10474212774e-08	4.34232749076e-14
1.104861469e-08	4.34168179754e-14
1.10498081027e-08	4.3412191905e-14
1.10510015154e-08	4.34104728516e-14
1.10521949281e-08	4.34125252124e-14
1.10533883408e-08	4.34172584326e-14
1.10545817535e-08	4.34237424698e-14
1.10557751662e-08	4.34301218984e-14
1.10569685789e-08	4.34338331733e-14
1.10581619916e-08	4.34348398719e-14
1.10593554043e-08	4.34321319076e-14
1.1060548817e-08	4.34266935326e-14
1.10617422296e-08	4.34205974364e-14
1.10629356423e-08	4.34145682559e-14
1.1064129055e-08	4.34114935263e-14
1.10653224677e-08	4.34113397898e-14
1.10665158804e-08	4.34144500948e-14
1.10677092931e-08	4.34203090217e-14
1.10689027058e-08	4.34264491636e-14
1.10700961185e-08	4.34318744096e-14
1.10712895312e-08	4.3434547222e-14
1.10724829439e-08	4.34336671548e-14
1.10736763566e-08	4.34301070753e-14
1.10748697692e-08	4.34239305111e-14
1.10760631819e-08	4.34176535734e-14
1.10772565946e-08	4.34131172885e-14
1.10784500073e-08	4.3411047987e-14
1.107964342e-08	4.3412628127e-14
1.10808368327e-08	4.34170860614e-14
1.10820302454e-08	4.342288739e-14
1.10832236581e-08	4.34291994795e-14
1.10844170708e-08	4.34330225627e-14
1.10856104835e-08	4.34345366341e-14
1.10868038961e-08	4.34322843735e-14
1.10879973088e-08	4.34272745972e-14
1.10891907215e-08	4.342134579e-14
1.10903841342e-08	4.34154148653e-14
1.10915775469e-08	4.34120724733e-14
1.10927709596e-08	4.34116815676e-14
1.10939643723e-08	4.34144030845e-14
1.1095157785e-08	4.34198054606e-14
1.10963511977e-08	4.3425791866e-14
1.10975446104e-08	4.34309934953e-14
1.10987380231e-08	4.34340267203e-14
1.10999314357e-08	4.34334249034e-14
1.11011248484e-08	4.34302705527e-14
1.11023182611e-08	4.34246483715e-14
1.11035116738e-08	4.34186340141e-14
1.11047050865e-08	4.34140354722e-14
1.11058984992e-08	4.34117535654e-14
1.11070919119e-08	4.34128242151e-14
1.11082853246e-08	4.34167608007e-14
1.11094787373e-08	4.34222139988e-14
1.111067215e-08	4.34282990835e-14
1.11118655627e-08	4.34323555243e-14
1.11130589753e-08	4.34338179267e-14
1.1114252388e-08	4.34322072935e-14
1.11154458007e-08	4.34276472917e-14
1.11166392134e-08	4.34221360718e-14
1.11178326261e-08	4.34163762477e-14
1.11190260388e-08	4.3412949576e-14
1.11202194515e-08	4.34121948696e-14
1.11214128642e-08	4.34144124019e-14
1.11226062769e-08	4.34192938527e-14
1.11237996896e-08	4.34250875581e-14
1.11249931022e-08	4.34300990285e-14
1.11261865149e-08	4.34332618495e-14
1.11273799276e-08	4.3433118701e-14
1.11285733403e-08	4.34302514945e-14
1.1129766753e-08	4.34252235069e-14
1.11309601657e-08	4.34193251929e-14
1.11321535784e-08	4.34147990724e-14
1.11333469911e-08	4.34122753377e-14
1.11345404038e-08	4.34130851012e-14
1.11357338165e-08	4.34165808062e-14
1.11369272292e-08	4.34217345782e-14
1.11381206418e-08	4.34274605209e-14
1.11393140545e-08	4.34316219938e-14
1.11405074672e-08	4.34332893781e-14
1.11417008799e-08	4.34320577922e-14
1.11428942926e-08	4.34279611174e-14
1.11440877053e-08	4.34226713966e-14
1.1145281118e-08	4.34172855376e-14
1.11464745307e-08	4.34135535104e-14
1.11476679434e-08	4.34126391384e-14
1.11488613561e-08	4.3414532257e-14
1.11500547688e-08	4.34188533956e-14
1.11512481814e-08	4.34244527069e-14
1.11524415941e-08	4.34291931268e-14
1.11536350068e-08	4.34326041285e-14
1.11548284195e-08	4.34327976755e-14
1.11560218322e-08	4.34302608118e-14
1.11572152449e-08	4.34258143124e-14
1.11584086576e-08	4.34200443239e-14
1.11596020703e-08	4.34156295882e-14
1.1160795483e-08	4.34129838808e-14
1.11619888957e-08	4.34132036858e-14
1.11631823084e-08	4.34164800093e-14
1.1164375721e-08	4.34211814657e-14
1.11655691337e-08	4.34266829446e-14
1.11667625464e-08	4.34308854986e-14
1.11679559591e-08	4.34327256777e-14
1.11691493718e-08	4.34320268755e-14
1.11703427845e-08	4.34283139066e-14
1.11715361972e-08	4.34233422467e-14
1.11727296099e-08	4.3418078784e-14
1.11739230226e-08	4.34143200753e-14
1.11751164353e-08	4.34130990773e-14
1.11763098479e-08	4.34145657148e-14
1.11775032606e-08	4.34183943037e-14
1.11786966733e-08	4.34236116032e-14
1.1179890086e-08	4.34284295266e-14
1.11810834987e-08	4.34317837771e-14
1.11822769114e-08	4.34323411247e-14
1.11834703241e-08	4.34301786496e-14
1.11846637368e-08	4.34261323732e-14
1.11858571495e-08	4.34207863248e-14
1.11870505622e-08	4.3416267404e-14
1.11882439749e-08	4.34136428724e-14
1.11894373875e-08	4.34135848507e-14
1.11906308002e-08	4.34163292374e-14
1.11918242129e-08	4.34207854778e-14
1.11930176256e-08	4.3425817277e-14
1.11942110383e-08	4.34302226953e-14
1.1195404451e-08	4.34320539806e-14
1.11965978637e-08	4.34317460841e-14
1.11977912764e-08	4.342849136e-14
1.11989846891e-08	4.34236717425e-14
1.12001781018e-08	4.34188809242e-14
1.12013715145e-08	4.34149032574e-14
1.12025649271e-08	4.34135615573e-14
1.12037583398e-08	4.3414687264e-14
1.12049517525e-08	4.34180914895e-14
1.12061451652e-08	4.34230597612e-14
1.12073385779e-08	4.34277519002e-14
1.12085319906e-08	4.34311722193e-14
1.12097254033e-08	4.34320328047e-14
1.1210918816e-08	4.34300820879e-14
1.12121122287e-08	4.34266117939e-14
1.12133056414e-08	4.34214935973e-14
1.1214499054e-08	4.34170081343e-14
1.12156924667e-08	4.34143488744e-14
1.12168858794e-08	4.34138635245e-14
1.12180792921e-08	4.34163343196e-14
1.12192727048e-08	4.34203098688e-14
1.12204661175e-08	4.34252417181e-14
1.12216595302e-08	4.34295679389e-14
1.12228529429e-08	4.3431601665e-14
1.12240463556e-08	4.34314864685e-14
1.12252397683e-08	4.34286938009e-14
1.1226433181e-08	4.34241621746e-14
1.12276265936e-08	4.34195394923e-14
1.12288200063e-08	4.34156278941e-14
1.1230013419e-08	4.34139880383e-14
1.12312068317e-08	4.34149409504e-14
1.12324002444e-08	4.34179898455e-14
1.12335936571e-08	4.34226836786e-14
1.12347870698e-08	4.34270890969e-14
1.12359804825e-08	4.3430575061e-14
1.12371738952e-08	4.34317613307e-14
1.12383673079e-08	4.34300291483e-14
1.12395607206e-08	4.34269035967e-14
1.12407541332e-08	4.34221174371e-14
1.12419475459e-08	4.34177230301e-14
1.12431409586e-08	4.34149142689e-14
1.12443343713e-08	4.34141676093e-14
1.1245527784e-08	4.3416267404e-14
1.12467211967e-08	4.34199752907e-14
1.12479146094e-08	4.34246411717e-14
1.12491080221e-08	4.34287789277e-14
1.12503014348e-08	4.34311633254e-14
1.12514948475e-08	4.34311218208e-14
1.12526882601e-08	4.34288145031e-14
1.12538816728e-08	4.34245619741e-14
1.12550750855e-08	4.34202666701e-14
1.12562684982e-08	4.34162729097e-14
1.12574619109e-08	4.34144687295e-14
1.12586553236e-08	4.34151713434e-14
1.12598487363e-08	4.34177272653e-14
1.1261042149e-08	4.34221381894e-14
1.12622355617e-08	4.34264881271e-14
1.12634289744e-08	4.3429905905e-14
1.12646223871e-08	4.34313306144e-14
1.12658157997e-08	4.3430110887e-14
1.12670092124e-08	4.34269527246e-14
1.12682026251e-08	4.34226595381e-14
1.12693960378e-08	4.34182884246e-14
1.12705894505e-08	4.3415534297e-14
1.12717828632e-08	4.34145580915e-14
1.12729762759e-08	4.34162093823e-14
1.12741696886e-08	4.34196441009e-14
1.12753631013e-08	4.34238945122e-14
1.1276556514e-08	4.34281309475e-14
1.12777499267e-08	4.3430575061e-14
1.12789433393e-08	4.34307618318e-14
1.1280136752e-08	4.34287899391e-14
1.12813301647e-08	4.34248918935e-14
1.12825235774e-08	4.34207524435e-14
1.12837169901e-08	4.34169806058e-14
1.12849104028e-08	4.3414969326e-14
1.12861038155e-08	4.34153233858e-14
1.12872972282e-08	4.34176590791e-14
1.12884906409e-08	4.34216231933e-14
1.12896840536e-08	4.34259303559e-14
1.12908774662e-08	4.34291249406e-14
1.12920708789e-08	4.34308943925e-14
1.12932642916e-08	4.34298995523e-14
1.12944577043e-08	4.34271026495e-14
1.1295651117e-08	4.34232287443e-14
1.12968445297e-08	4.34189512279e-14
1.12980379424e-08	4.34161107029e-14
1.12992313551e-08	4.34149587381e-14
1.13004247678e-08	4.34162398754e-14
1.13016181805e-08	4.34194768118e-14
1.13028115932e-08	4.34233858689e-14
1.13040050058e-08	4.34274668736e-14
1.13051984185e-08	4.34300647237e-14
1.13063918312e-08	4.34304903577e-14
1.13075852439e-08	4.34289453696e-14
1.13087786566e-08	4.34253391269e-14
1.13099720693e-08	4.34213127558e-14
1.1311165482e-08	4.34178157802e-14
1.13123588947e-08	4.34154500172e-14
1.13135523074e-08	4.34156414467e-14
1.13147457201e-08	4.341763028e-14
1.13159391328e-08	4.34212877683e-14
1.13171325454e-08	4.34254496647e-14
1.13183259581e-08	4.34285726752e-14
1.13195193708e-08	4.34304378417e-14
1.13207127835e-08	4.34298186606e-14
1.13219061962e-08	4.34273292308e-14
1.13230996089e-08	4.34236408258e-14
1.13242930216e-08	4.34194348837e-14
1.13254864343e-08	4.34165342194e-14
1.1326679847e-08	4.34153581141e-14
1.13278732597e-08	4.34162716392e-14
1.13290666724e-08	4.34193044406e-14
1.1330260085e-08	4.34229640465e-14
1.13314534977e-08	4.34269899941e-14
1.13326469104e-08	4.34295535393e-14
1.13338403231e-08	4.34300816643e-14
1.13350337358e-08	4.34288979358e-14
1.13362271485e-08	4.34256749754e-14
1.13374205612e-08	4.34218044584e-14
1.13386139739e-08	4.34182579314e-14
1.13398073866e-08	4.34160175293e-14
1.13410007993e-08	4.3415881157e-14
1.13421942119e-08	4.34176641613e-14
1.13433876246e-08	4.34210006241e-14
1.13445810373e-08	4.34249884552e-14
1.134577445e-08	4.34281588996e-14
1.13469678627e-08	4.34299491037e-14
1.13481612754e-08	4.34297127815e-14
1.13493546881e-08	4.3427399958e-14
1.13505481008e-08	4.3424006744e-14
1.13517415135e-08	4.34201214039e-14
1.13529349262e-08	4.34171758468e-14
1.13541283389e-08	4.34159239321e-14
1.13553217515e-08	4.34164406222e-14
1.13565151642e-08	4.34191295283e-14
1.13577085769e-08	4.34225981283e-14
1.13589019896e-08	4.34262467227e-14
1.13600954023e-08	4.34290936004e-14
1.1361288815e-08	4.34298000259e-14
1.13624822277e-08	4.34287535167e-14
1.13636756404e-08	4.34258799574e-14
1.13648690531e-08	4.34222114577e-14
1.13660624658e-08	4.34188034207e-14
1.13672558785e-08	4.34164283403e-14
1.13684492911e-08	4.34160217645e-14
1.13696427038e-08	4.34175426121e-14
1.13708361165e-08	4.34204661463e-14
1.13720295292e-08	4.34243243814e-14
1.13732229419e-08	4.34274571328e-14
1.13744163546e-08	4.34294967881e-14
1.13756097673e-08	4.34294281784e-14
1.137680318e-08	4.34275282835e-14
1.13779965927e-08	4.34243663095e-14
1.13791900054e-08	4.34207198327e-14
1.1380383418e-08	4.3417564635e-14
1.13815768307e-08	4.34162377579e-14
1.13827702434e-08	4.34165016086e-14
1.13839636561e-08	4.34189296286e-14
1.13851570688e-08	4.3422218234e-14
1.13863504815e-08	4.34257808546e-14
1.13875438942e-08	4.34285853806e-14
1.13887373069e-08	4.34295692094e-14
1.13899307196e-08	4.3428580722e-14
1.13911241323e-08	4.34260794337e-14
1.1392317545e-08	4.34224990254e-14
1.13935109576e-08	4.34194149784e-14
1.13947043703e-08	4.34169124196e-14
1.1395897783e-08	4.34163898003e-14
1.13970911957e-08	4.34176366328e-14
1.13982846084e-08	4.34202497294e-14
1.13994780211e-08	4.34239711687e-14
1.14006714338e-08	4.34270298046e-14
1.14018648465e-08	4.34290974121e-14
1.14030582592e-08	4.34293447457e-14
1.14042516719e-08	4.34276354332e-14
1.14054450846e-08	4.3424661077e-14
1.14066384972e-08	4.34212255114e-14
1.14078319099e-08	4.34181622167e-14
1.14090253226e-08	4.34166837207e-14
1.14102187353e-08	4.34167400484e-14
1.1411412148e-08	4.34188788066e-14
1.14126055607e-08	4.34219382896e-14
1.14137989734e-08	4.34252616234e-14
1.14149923861e-08	4.34281055365e-14
1.14161857988e-08	4.34290978356e-14
1.14173792115e-08	4.34285379468e-14
1.14185726241e-08	4.34263966475e-14
1.14197660368e-08	4.34230258799e-14
1.14209594495e-08	4.34198351068e-14
1.14221528622e-08	4.34175332947e-14
1.14233462749e-08	4.34166477218e-14
1.14245396876e-08	4.3417720489e-14
1.14257331003e-08	4.3420083711e-14
1.1426926513e-08	4.34235586636e-14
1.14281199257e-08	4.34265457253e-14
1.14293133384e-08	4.34286946479e-14
1.14305067511e-08	4.34290643778e-14
1.14317001637e-08	4.34275680941e-14
1.14328935764e-08	4.34247483214e-14
1.14340869891e-08	4.34215346784e-14
1.14352804018e-08	4.34186670483e-14
1.14364738145e-08	4.34171817761e-14
1.14376672272e-08	4.34171267189e-14
1.14388606399e-08	4.34187826683e-14
1.14400540526e-08	4.34217477072e-14
1.14412474653e-08	4.34249156104e-14
1.1442440878e-08	4.342760494e-14
1.14436342907e-08	4.34288729483e-14
1.14448277033e-08	4.34283156007e-14
1.1446021116e-08	4.34264944798e-14
1.14472145287e-08	4.34233524111e-14
1.14484079414e-08	4.34202721758e-14
1.14496013541e-08	4.34178932838e-14
1.14507947668e-08	4.34168692209e-14
1.14519881795e-08	4.34178140862e-14
1.14531815922e-08	4.34199337861e-14
1.14543750049e-08	4.34230991482e-14
1.14555684176e-08	4.34261704897e-14
1.14567618303e-08	4.34280339622e-14
1.14579552429e-08	4.34288496549e-14
1.14591486556e-08	4.34275431066e-14
1.14603420683e-08	4.34251282157e-14
1.1461535481e-08	4.34220958377e-14
1.14627288937e-08	4.34190808239e-14
1.14639223064e-08	4.34174816257e-14
1.14651157191e-08	4.341720634e-14
1.14663091318e-08	4.34186263908e-14
1.14675025445e-08	4.34215029147e-14
1.14686959572e-08	4.34244247548e-14
1.14698893698e-08	4.34271771884e-14
1.14710827825e-08	4.34285498053e-14
1.14722761952e-08	4.34283431292e-14
1.14734696079e-08	4.34265868064e-14
1.14746630206e-08	4.34236353201e-14
1.14758564333e-08	4.34207609138e-14
1.1477049846e-08	4.34184031976e-14
1.14782432587e-08	4.34173583824e-14
1.14794366714e-08	4.34178047688e-14
1.14806300841e-08	4.34199524208e-14
1.14818234968e-08	4.34227361946e-14
1.14830169094e-08	4.34257575612e-14
1.14842103221e-08	4.34277027723e-14
1.14854037348e-08	4.34284807721e-14
1.14865971475e-08	4.34275604708e-14
1.14877905602e-08	4.34251739554e-14
1.14889839729e-08	4.34223876406e-14
1.14901773856e-08	4.341951874e-14
1.14913707983e-08	4.34177662288e-14
1.1492564211e-08	4.34175320242e-14
1.14937576237e-08	4.34187077059e-14
1.14949510364e-08	4.34212759098e-14
1.1496144449e-08	4.34240520603e-14
1.14973378617e-08	4.34266761684e-14
1.14985312744e-08	4.34282253916e-14
1.14997246871e-08	4.34280509029e-14
1.15009180998e-08	4.34265508075e-14
1.15021115125e-08	4.34238830772e-14
1.15033049252e-08	4.3420997236e-14
1.15044983379e-08	4.34187813978e-14
1.15056917506e-08	4.341747612e-14
1.15068851633e-08	4.34179716343e-14
1.15080785759e-08	4.34197542151e-14
1.15092719886e-08	4.34223664647e-14
1.15104654013e-08	4.3425278564e-14
1.1511658814e-08	4.342725808e-14
1.15128522267e-08	4.34282622376e-14
1.15140456394e-08	4.34274800026e-14
1.15152390521e-08	4.34254331475e-14
1.15164324648e-08	4.34227692289e-14
1.15176258775e-08	4.34200028193e-14
1.15188192902e-08	4.3418143582e-14
1.15200127029e-08	4.34177996866e-14
1.15212061155e-08	4.34187496341e-14
1.15223995282e-08	4.34210450933e-14
1.15235929409e-08	4.34238284436e-14
1.15247863536e-08	4.34262848392e-14
1.15259797663e-08	4.34279848343e-14
1.1527173179e-08	4.34279708582e-14
1.15283665917e-08	4.34267151319e-14
1.15295600044e-08	4.34242197728e-14
1.15307534171e-08	4.34213868711e-14
1.15319468298e-08	4.34192231255e-14
1.15331402425e-08	4.34177488646e-14
1.15343336551e-08	4.34180635374e-14
1.15355270678e-08	4.34197398156e-14
1.15367204805e-08	4.34221322601e-14
1.15379138932e-08	4.34248935875e-14
1.15391073059e-08	4.34269921117e-14
1.15403007186e-08	4.34278692143e-14
1.15414941313e-08	4.34273864055e-14
1.1542687544e-08	4.34254225596e-14
1.15438809567e-08	4.34229682817e-14
1.15450743694e-08	4.34204127833e-14
1.1546267782e-08	4.34186230026e-14
1.15474611947e-08	4.34180694666e-14
1.15486546074e-08	4.34187373521e-14
1.15498480201e-08	4.34207787015e-14
1.15510414328e-08	4.34233896805e-14
1.15522348455e-08	4.3425780431e-14
1.15534282582e-08	4.34274825437e-14
1.15546216709e-08	4.34277264892e-14
1.15558150836e-08	4.34266499104e-14
1.15570084963e-08	4.34244514363e-14
1.1558201909e-08	4.34217396604e-14
1.15593953216e-08	4.34196390187e-14
1.15605887343e-08	4.34182503081e-14
1.1561782147e-08	4.34181918629e-14
1.15629755597e-08	4.34196525712e-14
1.15641689724e-08	4.34218679859e-14
1.15653623851e-08	4.34245556214e-14
1.15665557978e-08	4.34266444046e-14
1.15677492105e-08	4.34276087517e-14
1.15689426232e-08	4.34273266897e-14
1.15701360359e-08	4.34257097038e-14
1.15713294486e-08	4.34234049271e-14
1.15725228612e-08	4.34209023683e-14
1.15737162739e-08	4.34188995589e-14
1.15749096866e-08	4.3418349411e-14
1.15761030993e-08	4.34188855828e-14
1.1577296512e-08	4.34206872219e-14
1.15784899247e-08	4.3423235097e-14
1.15796833374e-08	4.34254538998e-14
1.15808767501e-08	4.34272288574e-14
1.15820701628e-08	4.34275562356e-14
1.15832635755e-08	4.3426601206e-14
1.15844569881e-08	4.3424686488e-14
1.15856504008e-08	4.34221657179e-14
1.15868438135e-08	4.34199384448e-14
1.15880372262e-08	4.34184963712e-14
1.15892306389e-08	4.34184366554e-14
1.15904240516e-08	4.34196191134e-14
1.15916174643e-08	4.34217206021e-14
1.1592810877e-08	4.3424133799e-14
1.15940042897e-08	4.34262678985e-14
1.15951977024e-08	4.34273186429e-14
1.15963911151e-08	4.34272767147e-14
1.15975845277e-08	4.34257262209e-14
1.15987779404e-08	4.34235247823e-14
1.15999713531e-08	4.34210442463e-14
1.16011647658e-08	4.34192133846e-14
1.16023581785e-08	4.34185344877e-14
1.16035515912e-08	4.34189220053e-14
1.16047450039e-08	4.34206097184e-14
1.16059384166e-08	4.34228331799e-14
1.16071318293e-08	4.34250684998e-14
1.1608325242e-08	4.34267905178e-14
1.16095186547e-08	4.3427284338e-14
1.16107120673e-08	4.34264118941e-14
1.161190548e-08	4.34248897759e-14
1.16130988927e-08	4.34224088164e-14
1.16142923054e-08	4.34203310446e-14
1.16154857181e-08	4.34188309492e-14
1.16166791308e-08	4.34186221556e-14
1.16178725435e-08	4.34197093224e-14
1.16190659562e-08	4.34215482309e-14
1.16202593689e-08	4.34239322051e-14
1.16214527816e-08	4.34260430113e-14
1.16226461943e-08	4.34270696152e-14
1.16238396069e-08	4.34271479657e-14
1.16250330196e-08	4.34258871572e-14
1.16262264323e-08	4.34237699983e-14
1.1627419845e-08	4.34215215494e-14
1.16286132577e-08	4.34196479125e-14
1.16298066704e-08	4.34187653042e-14
1.16310000831e-08	4.34190206846e-14
1.16321934958e-08	4.34205245916e-14
1.16333869085e-08	4.34227035839e-14
1.16345803212e-08	4.34249160339e-14
1.16357737338e-08	4.34265715598e-14
1.16369671465e-08	4.34272470686e-14
1.16381605592e-08	4.34265796066e-14
1.16393539719e-08	4.34249461036e-14
1.16405473846e-08	4.34227535588e-14
1.16417407973e-08	4.34206325883e-14
1.164293421e-08	4.34191807738e-14
1.16441276227e-08	4.34187576809e-14
1.16453210354e-08	4.34196898406e-14
1.16465144481e-08	4.34214533632e-14
1.16477078608e-08	4.34234498199e-14
1.16489012734e-08	4.34256817517e-14
1.16500946861e-08	4.34268214345e-14
1.16512880988e-08	4.34269633126e-14
1.16524815115e-08	4.34259506847e-14
1.16536749242e-08	4.34239072177e-14
1.16548683369e-08	4.34218311399e-14
1.16560617496e-08	4.34198838112e-14
1.16572551623e-08	4.34190257668e-14
1.1658448575e-08	4.34191638332e-14
1.16596419877e-08	4.34203865252e-14
1.16608354004e-08	4.34224664146e-14
1.1662028813e-08	4.34245911968e-14
1.16632222257e-08	4.34262225822e-14
1.16644156384e-08	4.34269421367e-14
1.16656090511e-08	4.34263822479e-14
1.16668024638e-08	4.34250253012e-14
1.16679958765e-08	4.34229132245e-14
1.16691892892e-08	4.34209205795e-14
1.16703827019e-08	4.34195081521e-14
1.16715761146e-08	4.34190338136e-14
1.16727695273e-08	4.34197732734e-14
1.16739629399e-08	4.34212763333e-14
1.16751563526e-08	4.34232312854e-14
1.16763497653e-08	4.34254081601e-14
1.1677543178e-08	4.34265817242e-14
1.16787365907e-08	4.34266558396e-14
1.16799300034e-08	4.3425882075e-14
1.16811234161e-08	4.34240393548e-14
1.16823168288e-08	4.34221119313e-14
1.16835102415e-08	4.34201891666e-14
1.16847036542e-08	4.34192299017e-14
1.16858970669e-08	4.341936458e-14
1.16870904795e-08	4.34203886428e-14
1.16882838922e-08	4.34222614327e-14
1.16894773049e-08	4.34241969029e-14
1.16906707176e-08	4.34258710636e-14
1.16918641303e-08	4.3426782471e-14
1.1693057543e-08	4.34262268174e-14
1.16942509557e-08	4.34250845935e-14
1.16954443684e-08	4.34231893573e-14
1.16966377811e-08	4.34211501254e-14
1.16978311938e-08	4.34198262129e-14
1.16990246065e-08	4.34192548892e-14
1.17002180191e-08	4.34197914846e-14
1.17014114318e-08	4.342126871e-14
1.17026048445e-08	4.34231546289e-14
1.17037982572e-08	4.34251976724e-14
1.17049916699e-08	4.34263271908e-14
1.17061850826e-08	4.34266249229e-14
1.17073784953e-08	4.34258765693e-14
1.1708571908e-08	4.34242566188e-14
1.17097653207e-08	4.34223164898e-14
1.17109587334e-08	4.34205597435e-14
1.1712152146e-08	4.34194890938e-14
1.17133455587e-08	4.34195623622e-14
1.17145389714e-08	4.34204737696e-14
1.17157323841e-08	4.34220941437e-14
1.17169257968e-08	4.3424032155e-14
1.17181192095e-08	4.34256681992e-14
1.17193126222e-08	4.34264550928e-14
1.17205060349e-08	4.34263733541e-14
1.17216994476e-08	4.34251646381e-14
1.17228928603e-08	4.34234201737e-14
1.1724086273e-08	4.34215033382e-14
1.17252796856e-08	4.3420071429e-14
1.17264730983e-08	4.34195115402e-14
1.1727666511e-08	4.34197889435e-14
1.17288599237e-08	4.34212390639e-14
1.17300533364e-08	4.34229411766e-14
1.17312467491e-08	4.34247618739e-14
1.17324401618e-08	4.34261023036e-14
1.17336335745e-08	4.34263898712e-14
1.17348269872e-08	4.34258278649e-14
1.17360203999e-08	4.34242312078e-14
1.17372138126e-08	4.3422462603e-14
1.17384072252e-08	4.34207727723e-14
1.17396006379e-08	4.34195992081e-14
1.17407940506e-08	4.34195996316e-14
1.17419874633e-08	4.34203018219e-14
1.1743180876e-08	4.34218768797e-14
1.17443742887e-08	4.34237763511e-14
1.17455677014e-08	4.34253060926e-14
1.17467611141e-08	4.34263030504e-14
1.17479545268e-08	4.34260967978e-14
1.17491479395e-08	4.34252429886e-14
1.17503413522e-08	4.3423594239e-14
1.17515347648e-08	4.34217921764e-14
1.17527281775e-08	4.34203213037e-14
1.17539215902e-08	4.34196911112e-14
1.17551150029e-08	4.34198867758e-14
1.17563084156e-08	4.34210971859e-14
1.17575018283e-08	4.34227044309e-14
1.1758695241e-08	4.34244942115e-14
1.17598886537e-08	4.34258676754e-14
1.17610820664e-08	4.34262678985e-14
1.17622754791e-08	4.34257901719e-14
1.17634688917e-08	4.34244120493e-14
1.17646623044e-08	4.34227217951e-14
1.17658557171e-08	4.34210823628e-14
1.17670491298e-08	4.34199778318e-14
1.17682425425e-08	4.34196949228e-14
1.17694359552e-08	4.34204229476e-14
1.17706293679e-08	4.34217210256e-14
1.17718227806e-08	4.34235853452e-14
1.17730161933e-08	4.3425021066e-14
1.1774209606e-08	4.34260188708e-14
1.17754030187e-08	4.3425998542e-14
1.17765964313e-08	4.342516125e-14
1.1777789844e-08	4.34237780452e-14
1.17789832567e-08	4.34220585683e-14
1.17801766694e-08	4.34205605905e-14
1.17813700821e-08	4.34198749173e-14
1.17825634948e-08	4.3419969785e-14
1.17837569075e-08	4.34210544107e-14
1.17849503202e-08	4.34225697527e-14
1.17861437329e-08	4.34242761005e-14
1.17873371456e-08	4.3425586884e-14
1.17885305583e-08	4.34260891745e-14
1.17897239709e-08	4.34256868339e-14
1.17909173836e-08	4.34244006144e-14
1.17921107963e-08	4.34228412267e-14
1.1793304209e-08	4.34212373698e-14
1.17944976217e-08	4.34200752406e-14
1.17956910344e-08	4.34198651765e-14
1.17968844471e-08	4.34203733962e-14
1.17980778598e-08	4.34217121318e-14
1.17992712725e-08	4.34234993713e-14
1.18004646852e-08	4.34248686001e-14
1.18016580978e-08	4.34259409438e-14
1.18028515105e-08	4.34259566139e-14
1.18040449232e-08	4.34252324007e-14
1.18052383359e-08	4.34238555487e-14
1.18064317486e-08	4.34221974817e-14
1.18076251613e-08	4.34207774309e-14
1.1808818574e-08	4.34200527943e-14
1.18100119867e-08	4.34201273332e-14
1.18112053994e-08	4.34210476344e-14
1.18123988121e-08	4.34225257069e-14
1.18135922248e-08	4.34241049999e-14
1.18147856374e-08	4.34253043985e-14
1.18159790501e-08	4.34259201915e-14
1.18171724628e-08	4.34256720108e-14
1.18183658755e-08	4.34247114755e-14
1.18195592882e-08	4.34231228652e-14
1.18207527009e-08	4.34216104878e-14
1.18219461136e-08	4.34203162215e-14
1.18231395263e-08	4.34199913844e-14
1.1824332939e-08	4.34205072274e-14
1.18255263517e-08	4.34215689832e-14
1.18267197644e-08	4.3423171146e-14
1.1827913177e-08	4.34246068669e-14
1.18291065897e-08	4.34256398236e-14
1.18303000024e-08	4.34258503113e-14
1.18314934151e-08	4.34251807317e-14
1.18326868278e-08	4.3423825479e-14
1.18338802405e-08	4.34224664146e-14
1.18350736532e-08	4.34210048593e-14
1.18362670659e-08	4.34202670936e-14
1.18374604786e-08	4.34202476118e-14
1.18386538913e-08	4.34210230705e-14
1.18398473039e-08	4.34224524386e-14
1.18410407166e-08	4.34238343728e-14
1.18422341293e-08	4.34252362124e-14
1.1843427542e-08	4.34257901719e-14
1.18446209547e-08	4.3425573755e-14
1.18458143674e-08	4.34246966524e-14
1.18470077801e-08	4.34233147181e-14
1.18482011928e-08	4.3421729496e-14
1.18493946055e-08	4.3420649529e-14
1.18505880182e-08	4.34201095455e-14
1.18517814309e-08	4.34205826134e-14
1.18529748435e-08	4.34215600894e-14
1.18541682562e-08	4.34229915751e-14
1.18553616689e-08	4.34244810825e-14
1.18565550816e-08	4.34255390267e-14
1.18577484943e-08	4.34258079596e-14
1.1858941907e-08	4.34251709908e-14
1.18601353197e-08	4.34240613777e-14
1.18613287324e-08	4.34225888109e-14
1.18625221451e-08	4.34212903094e-14
1.18637155578e-08	4.34205118861e-14
1.18649089705e-08	4.34204305709e-14
1.18661023831e-08	4.34209836835e-14
1.18672957958e-08	4.3422307596e-14
1.18684892085e-08	4.34236598841e-14
1.18696826212e-08	4.34250189484e-14
1.18708760339e-08	4.34256470234e-14
1.18720694466e-08	4.34255114981e-14
1.18732628593e-08	4.34247610269e-14
1.1874456272e-08	4.34234536315e-14
1.18756496847e-08	4.3421909067e-14
1.18768430974e-08	4.34209523432e-14
1.18780365101e-08	4.34203611142e-14
1.18792299227e-08	4.34207507494e-14
1.18804233354e-08	4.34215431487e-14
1.18816167481e-08	4.34229221184e-14
1.18828101608e-08	4.3424275677e-14
1.18840035735e-08	4.3425176073e-14
1.18851969862e-08	4.3425638553e-14
1.18863903989e-08	4.34251430387e-14
1.18875838116e-08	4.34241028823e-14
1.18887772243e-08	4.34227704995e-14
1.1889970637e-08	4.34214330344e-14
1.18911640496e-08	4.34206529171e-14
1.18923574623e-08	4.34205838839e-14
1.1893550875e-08	4.34209523432e-14
1.18947442877e-08	4.34223414773e-14
1.18959377004e-08	4.3423490901e-14
1.18971311131e-08	4.34248241308e-14
1.18983245258e-08	4.34255004867e-14
1.18995179385e-08	4.34254640642e-14
1.19007113512e-08	4.34247576388e-14
1.19019047639e-08	4.34235756043e-14
1.19030981766e-08	4.34221940935e-14
1.19042915892e-08	4.34211696072e-14
1.19054850019e-08	4.3420573296e-14
1.19066784146e-08	4.34208087712e-14
1.19078718273e-08	4.34215524661e-14
1.190906524e-08	4.34228568968e-14
1.19102586527e-08	4.34241647157e-14
1.19114520654e-08	4.34251125456e-14
1.19126454781e-08	4.34255203919e-14
1.19138388908e-08	4.34251714144e-14
1.19150323035e-08	4.34242214669e-14
1.19162257162e-08	4.34228763786e-14
1.19174191288e-08	4.34217032379e-14
1.19186125415e-08	4.34208388408e-14
1.19198059542e-08	4.34206554582e-14
1.19209993669e-08	4.34210192588e-14
1.19221927796e-08	4.34220848263e-14
1.19233861923e-08	4.34232655902e-14
1.1924579605e-08	4.34245386807e-14
1.19257730177e-08	4.34252628939e-14
1.19269664304e-08	4.34253082102e-14
1.19281598431e-08	4.34247199458e-14
1.19293532557e-08	4.34236044034e-14
1.19305466684e-08	4.34222915023e-14
1.19317400811e-08	4.34212754863e-14
1.19329334938e-08	4.34206211534e-14
1.19341269065e-08	4.34207757369e-14
