% time-domain current integration by openEMS v0.37.0-rc1-2-g7b051bb @Sun Jul 12 15:47:25 2026
% start-coordinates: (0.00493346,0.000833305,-0.000762) m -> [116,47,14]
% stop-coordinates: (0.00525992,0.00115976,-0.000762) m -> [121,52,14]
% t/s	current
5.63722899751e-14	0
1.29656266943e-12	0
2.53675304888e-12	0
3.77694342833e-12	0
5.01713380778e-12	0
6.25732418724e-12	0
7.49751456669e-12	0
8.73770494614e-12	0
9.97789532559e-12	2.91031637832e-36
1.1218085705e-11	1.40969173437e-31
1.24582760845e-11	8.81773447232e-28
1.3698466464e-11	1.14479958021e-24
1.49386568434e-11	4.17941183402e-22
1.61788472229e-11	5.36309917226e-20
1.74190376023e-11	2.87333862313e-18
1.86592279818e-11	7.37587423093e-17
1.98994183612e-11	1.01923972175e-15
2.11396087407e-11	8.43231124574e-15
2.23797991201e-11	4.61405646492e-14
2.36199894996e-11	1.81570023231e-13
2.4860179879e-11	5.40472235109e-13
2.61003702585e-11	1.21766106313e-12
2.73405606379e-11	1.88432559486e-12
2.85807510174e-11	8.70510315307e-13
2.98209413968e-11	-6.30520028549e-12
3.10611317763e-11	-2.84787454036e-11
3.23013221557e-11	-7.91071999573e-11
3.35415125352e-11	-1.7302523303e-10
3.47817029146e-11	-3.1699082248e-10
3.60218932941e-11	-4.9176229755e-10
3.72620836735e-11	-6.2647542709e-10
3.8502274053e-11	-5.73141700766e-10
3.97424644324e-11	-9.91821694218e-11
4.09826548119e-11	1.0759466651e-09
4.22228451914e-11	3.17539305961e-09
4.34630355708e-11	6.18845596989e-09
4.47032259503e-11	9.66465574237e-09
4.59434163297e-11	1.25746932866e-08
4.71836067092e-11	1.33677229286e-08
4.84237970886e-11	1.03328678946e-08
4.96639874681e-11	2.26441132511e-09
5.09041778475e-11	-1.07359543478e-08
5.2144368227e-11	-2.66552167005e-08
5.33845586064e-11	-4.15520062802e-08
5.46247489859e-11	-5.038246087e-08
5.58649393653e-11	-4.85912821091e-08
5.71051297448e-11	-3.39875505517e-08
5.83453201242e-11	-8.14566814e-09
5.95855105037e-11	2.33838282071e-08
6.08257008831e-11	5.23693053367e-08
6.20658912626e-11	7.03815601355e-08
6.3306081642e-11	7.16055765793e-08
6.45462720215e-11	5.49026779595e-08
6.57864624009e-11	2.43284290491e-08
6.70266527804e-11	-1.20810694781e-08
6.82668431599e-11	-4.47668035974e-08
6.95070335393e-11	-6.54399059385e-08
7.07472239188e-11	-6.92973074479e-08
7.19874142982e-11	-5.60690978091e-08
7.32276046777e-11	-2.9779469557e-08
7.44677950571e-11	2.51774490145e-09
7.57079854366e-11	3.25875646467e-08
7.6948175816e-11	5.29963521956e-08
7.81883661955e-11	5.8844836559e-08
7.94285565749e-11	4.89367408818e-08
8.06687469544e-11	2.61176325012e-08
8.19089373338e-11	-3.38466255023e-09
8.31491277133e-11	-3.15780290805e-08
8.43893180927e-11	-5.09495308165e-08
8.56295084722e-11	-5.66961873005e-08
8.68696988516e-11	-4.81645869854e-08
8.81098892311e-11	-2.88852604058e-08
8.93500796105e-11	-5.07117592363e-09
9.059026999e-11	1.68776725928e-08
9.18304603694e-11	3.28082201406e-08
9.30706507489e-11	4.20197530104e-08
9.43108411283e-11	4.66311362857e-08
9.55510315078e-11	4.93861271877e-08
9.67912218873e-11	5.1130683687e-08
9.80314122667e-11	4.94957852482e-08
9.92716026462e-11	3.98107822264e-08
1.00511793026e-10	1.80505175251e-08
1.01751983405e-10	-1.56806976293e-08
1.02992173785e-10	-5.51544587779e-08
1.04232364164e-10	-8.904853388e-08
1.05472554543e-10	-1.04966112247e-07
1.06712744923e-10	-9.48538954049e-08
1.07952935302e-10	-5.92175943837e-08
1.09193125682e-10	-8.00488031416e-09
1.10433316061e-10	4.25598933873e-08
1.11673506441e-10	7.59391980409e-08
1.1291369682e-10	8.15438809809e-08
1.141538872e-10	5.86469077746e-08
1.15394077579e-10	1.64020335092e-08
1.16634267958e-10	-2.98309714708e-08
1.17874458338e-10	-6.42187671929e-08
1.19114648717e-10	-7.58672769052e-08
1.20354839097e-10	-6.20215985236e-08
1.21595029476e-10	-2.8162526533e-08
1.22835219856e-10	1.45525964612e-08
1.24075410235e-10	5.32962793898e-08
1.25315600615e-10	7.75357023031e-08
1.26555790994e-10	8.17954841636e-08
1.27795981374e-10	6.66486599243e-08
1.29036171753e-10	3.79004845286e-08
1.30276362132e-10	4.44114878206e-09
1.31516552512e-10	-2.45559501622e-08
1.32756742891e-10	-4.2253812893e-08
1.33996933271e-10	-4.58499087586e-08
1.3523712365e-10	-3.68790331606e-08
1.3647731403e-10	-2.0101175835e-08
1.37717504409e-10	-1.47620404789e-09
1.38957694789e-10	1.39773730368e-08
1.40197885168e-10	2.35981225671e-08
1.41438075548e-10	2.73224234348e-08
1.42678265927e-10	2.68060666997e-08
1.43918456306e-10	2.39860540319e-08
1.45158646686e-10	1.98489509273e-08
1.46398837065e-10	1.3991521719e-08
1.47639027445e-10	5.16351095214e-09
1.48879217824e-10	-7.56706697302e-09
1.50119408204e-10	-2.36222987837e-08
1.51359598583e-10	-4.03768076751e-08
1.52599788963e-10	-5.35634328003e-08
1.53839979342e-10	-5.85632200512e-08
1.55080169722e-10	-5.20907086354e-08
1.56320360101e-10	-3.36510908028e-08
1.5756055048e-10	-6.19468121243e-09
1.5880074086e-10	2.4375127694e-08
1.60040931239e-10	5.07537087913e-08
1.61281121619e-10	6.64302248765e-08
1.62521311998e-10	6.7745034471e-08
1.63761502378e-10	5.50596510607e-08
1.65001692757e-10	3.2517604609e-08
1.66241883137e-10	6.4655858445e-09
1.67482073516e-10	-1.68519544985e-08
1.68722263895e-10	-3.33341176884e-08
1.69962454275e-10	-4.19735641799e-08
1.71202644654e-10	-4.43749854639e-08
1.72442835034e-10	-4.32373639114e-08
1.73683025413e-10	-4.06255615815e-08
1.74923215793e-10	-3.6905866807e-08
1.76163406172e-10	-3.08244345604e-08
1.77403596552e-10	-2.0579440374e-08
1.78643786931e-10	-5.30762456208e-09
1.79883977311e-10	1.38412055151e-08
1.8112416769e-10	3.35413865571e-08
1.82364358069e-10	4.9205102215e-08
1.83604548449e-10	5.6553140837e-08
1.84844738828e-10	5.32120516539e-08
1.86084929208e-10	3.9649890482e-08
1.87325119587e-10	1.90660518484e-08
1.88565309967e-10	-3.69092378882e-09
1.89805500346e-10	-2.37429667038e-08
1.91045690726e-10	-3.76421098736e-08
1.92285881105e-10	-4.41281073904e-08
1.93526071485e-10	-4.39218403869e-08
1.94766261864e-10	-3.87917467037e-08
1.96006452243e-10	-3.04102911741e-08
1.97246642623e-10	-1.96084481985e-08
1.98486833002e-10	-6.40004405028e-09
1.99727023382e-10	9.29370003178e-09
2.00967213761e-10	2.66333159971e-08
2.02207404141e-10	4.32215152557e-08
2.0344759452e-10	5.5267619814e-08
2.046877849e-10	5.8666941527e-08
2.05927975279e-10	5.0617941838e-08
2.07168165659e-10	3.10991126184e-08
2.08408356038e-10	3.52522544489e-09
2.09648546417e-10	-2.58634607064e-08
2.10888736797e-10	-4.97514527353e-08
2.12128927176e-10	-6.20752373948e-08
2.13369117556e-10	-6.0011004166e-08
2.14609307935e-10	-4.48466579428e-08
2.15849498315e-10	-2.13874624677e-08
2.17089688694e-10	3.85356635491e-09
2.18329879074e-10	2.48738238895e-08
2.19570069453e-10	3.79256022143e-08
2.20810259832e-10	4.21554808838e-08
2.22050450212e-10	3.91073093908e-08
2.23290640591e-10	3.15254773398e-08
2.24530830971e-10	2.20998401801e-08
2.2577102135e-10	1.26584218663e-08
2.2701121173e-10	3.95935284558e-09
2.28251402109e-10	-4.02151734136e-09
2.29491592489e-10	-1.15702203374e-08
2.30731782868e-10	-1.87047959344e-08
2.31971973248e-10	-2.48088447563e-08
2.33212163627e-10	-2.85779719889e-08
2.34452354006e-10	-2.83522592071e-08
2.35692544386e-10	-2.28103509414e-08
2.36932734765e-10	-1.1793726884e-08
2.38172925145e-10	3.11565040434e-09
2.39413115524e-10	1.86307413941e-08
2.40653305904e-10	3.05731262529e-08
2.41893496283e-10	3.52212303767e-08
2.43133686663e-10	3.07185779036e-08
2.44373877042e-10	1.79077304097e-08
2.45614067422e-10	2.44384484871e-10
2.46854257801e-10	-1.72409180266e-08
2.4809444818e-10	-2.95560997898e-08
2.4933463856e-10	-3.33440866029e-08
2.50574828939e-10	-2.79166574302e-08
2.51815019319e-10	-1.53501300559e-08
2.53055209698e-10	3.11263487207e-10
2.54295400078e-10	1.44731604479e-08
2.55535590457e-10	2.34774120145e-08
2.56775780837e-10	2.56603271964e-08
2.58015971216e-10	2.16432791689e-08
2.59256161596e-10	1.37964519809e-08
2.60496351975e-10	5.17003906353e-09
2.61736542354e-10	-1.71000991145e-09
2.62976732734e-10	-5.67784530503e-09
2.64216923113e-10	-7.13246128825e-09
2.65457113493e-10	-7.54343787435e-09
2.66697303872e-10	-8.51977333127e-09
2.67937494252e-10	-1.08609237159e-08
2.69177684631e-10	-1.40156046768e-08
2.70417875011e-10	-1.62391184944e-08
2.7165806539e-10	-1.53827972582e-08
2.72898255769e-10	-1.00056665175e-08
2.74138446149e-10	-2.82553175301e-10
2.75378636528e-10	1.17324416848e-08
2.76618826908e-10	2.26717578045e-08
2.77859017287e-10	2.90647470536e-08
2.79099207667e-10	2.86739911814e-08
2.80339398046e-10	2.14055919656e-08
2.81579588426e-10	9.37551813962e-09
2.82819778805e-10	-3.89014154223e-09
2.84059969185e-10	-1.47856189514e-08
2.85300159564e-10	-2.09198791623e-08
2.86540349943e-10	-2.18214868397e-08
2.87780540323e-10	-1.87994579903e-08
2.89020730702e-10	-1.40694123019e-08
2.90260921082e-10	-9.59772172848e-09
2.91501111461e-10	-6.21904572284e-09
2.92741301841e-10	-3.42991035573e-09
2.9398149222e-10	7.62581664482e-11
2.952216826e-10	5.44235145838e-09
2.96461872979e-10	1.27372157266e-08
2.97702063359e-10	2.05778611928e-08
2.98942253738e-10	2.64939625794e-08
3.00182444117e-10	2.78791478792e-08
3.01422634497e-10	2.31210979251e-08
3.02662824876e-10	1.23872245794e-08
3.03903015256e-10	-2.26387930624e-09
3.05143205635e-10	-1.75097660815e-08
3.06383396015e-10	-2.9850983907e-08
3.07623586394e-10	-3.67019801217e-08
3.08863776774e-10	-3.70600083954e-08
3.10103967153e-10	-3.15313108956e-08
3.11344157532e-10	-2.18184084133e-08
3.12584347912e-10	-9.95171411944e-09
3.13824538291e-10	2.33559971363e-09
3.15064728671e-10	1.38551943252e-08
3.1630491905e-10	2.38023893928e-08
3.1754510943e-10	3.13948298469e-08
3.18785299809e-10	3.56237848109e-08
3.20025490189e-10	3.53178819523e-08
3.21265680568e-10	2.95723783239e-08
3.22505870948e-10	1.83397013132e-08
3.23746061327e-10	2.89512147589e-09
3.24986251706e-10	-1.4131807724e-08
3.26226442086e-10	-2.9269804358e-08
3.27466632465e-10	-3.91308283554e-08
3.28706822845e-10	-4.1427504982e-08
3.29947013224e-10	-3.56862450701e-08
3.31187203604e-10	-2.34013484146e-08
3.32427393983e-10	-7.55599405267e-09
3.33667584363e-10	8.28667090502e-09
3.34907774742e-10	2.09956851904e-08
3.36147965122e-10	2.86430044127e-08
3.37388155501e-10	3.08033847318e-08
3.3862834588e-10	2.83572099136e-08
3.3986853626e-10	2.29192060885e-08
3.41108726639e-10	1.61568181056e-08
3.42348917019e-10	9.25211729452e-09
3.43589107398e-10	2.69810551679e-09
3.44829297778e-10	-3.54360052413e-09
3.46069488157e-10	-9.64332791398e-09
3.47309678537e-10	-1.54774060235e-08
3.48549868916e-10	-2.04025702999e-08
3.49790059296e-10	-2.33462209565e-08
3.51030249675e-10	-2.31938379613e-08
3.52270440054e-10	-1.9290718356e-08
3.53510630434e-10	-1.18343788102e-08
3.54750820813e-10	-1.98273131247e-09
3.55991011193e-10	8.38446201357e-09
3.57231201572e-10	1.71638916413e-08
3.58471391952e-10	2.26236025469e-08
3.59711582331e-10	2.38872281955e-08
3.60951772711e-10	2.11431210317e-08
3.6219196309e-10	1.55096984145e-08
3.63432153469e-10	8.59341575676e-09
3.64672343849e-10	1.90613747009e-09
3.65912534228e-10	-3.62964946987e-09
3.67152724608e-10	-7.87161802407e-09
3.68392914987e-10	-1.12608899983e-08
3.69633105367e-10	-1.4337937948e-08
3.70873295746e-10	-1.72170810941e-08
3.72113486126e-10	-1.93202946974e-08
3.73353676505e-10	-1.95240925649e-08
3.74593866885e-10	-1.66775357968e-08
3.75834057264e-10	-1.02383799216e-08
3.77074247643e-10	-7.14688808134e-10
3.78314438023e-10	1.02997104179e-08
3.79554628402e-10	2.05211918569e-08
3.80794818782e-10	2.76324598758e-08
3.82035009161e-10	2.99507867396e-08
3.83275199541e-10	2.68905715473e-08
3.8451538992e-10	1.90996818361e-08
3.857555803e-10	8.25665935622e-09
3.86995770679e-10	-3.38800143496e-09
3.88235961059e-10	-1.35851072613e-08
3.89476151438e-10	-2.0624103314e-08
3.90716341817e-10	-2.36864785563e-08
3.91956532197e-10	-2.29185808109e-08
3.93196722576e-10	-1.92087536988e-08
3.94436912956e-10	-1.37706006598e-08
3.95677103335e-10	-7.70841346309e-09
3.96917293715e-10	-1.74174674683e-09
3.98157484094e-10	3.80747300355e-09
3.99397674474e-10	8.80206396658e-09
4.00637864853e-10	1.2998036425e-08
4.01878055233e-10	1.58638968628e-08
4.03118245612e-10	1.66444138472e-08
4.04358435991e-10	1.46687186842e-08
4.05598626371e-10	9.768435838e-09
4.0683881675e-10	2.5882096466e-09
4.0807900713e-10	-5.4074620337e-09
4.09319197509e-10	-1.22966756777e-08
4.10559387889e-10	-1.63239750606e-08
4.11799578268e-10	-1.65387508133e-08
4.13039768648e-10	-1.3164277668e-08
4.14279959027e-10	-7.50727480181e-09
4.15520149406e-10	-1.42109701784e-09
4.16760339786e-10	3.45872286367e-09
4.18000530165e-10	6.35988151032e-09
4.19240720545e-10	7.59137019912e-09
4.20480910924e-10	8.22612555851e-09
4.21721101304e-10	9.39933286759e-09
4.22961291683e-10	1.15673755019e-08
4.24201482063e-10	1.41107587837e-08
4.25441672442e-10	1.55090464915e-08
4.26681862822e-10	1.40365026269e-08
4.27922053201e-10	8.66682459133e-09
4.2916224358e-10	-2.42759479185e-10
4.3040243396e-10	-1.08256905662e-08
4.31642624339e-10	-2.02374721425e-08
4.32882814719e-10	-2.56415066957e-08
4.34123005098e-10	-2.52559644309e-08
4.35363195478e-10	-1.90401312494e-08
4.36603385857e-10	-8.74918715255e-09
4.37843576237e-10	2.6570383671e-09
4.39083766616e-10	1.20216929744e-08
4.40323956996e-10	1.70186549298e-08
4.41564147375e-10	1.68404135081e-08
4.42804337754e-10	1.23112346984e-08
4.44044528134e-10	5.42913225487e-09
4.45284718513e-10	-1.45618006542e-09
4.46524908893e-10	-6.48601661268e-09
4.47765099272e-10	-8.82535644564e-09
4.49005289652e-10	-8.73012062641e-09
4.50245480031e-10	-7.16786452415e-09
4.51485670411e-10	-5.21721243985e-09
4.5272586079e-10	-3.52784002011e-09
4.5396605117e-10	-2.08601691476e-09
4.55206241549e-10	-3.66857155765e-10
4.56446431928e-10	2.23702145696e-09
4.57686622308e-10	5.92186077952e-09
4.58926812687e-10	1.01840935685e-08
4.60167003067e-10	1.38742475286e-08
4.61407193446e-10	1.56010884211e-08
4.62647383826e-10	1.43115528317e-08
4.63887574205e-10	9.79609460217e-09
4.65127764585e-10	2.89713031343e-09
4.66367954964e-10	-4.70883732007e-09
4.67608145343e-10	-1.10675983933e-08
4.68848335723e-10	-1.46397596268e-08
4.70088526102e-10	-1.48322154558e-08
4.71328716482e-10	-1.21552252708e-08
4.72568906861e-10	-7.93573207147e-09
4.73809097241e-10	-3.70955599571e-09
4.7504928762e-10	-5.8454135976e-10
4.76289478e-10	1.15163034664e-09
4.77529668379e-10	1.98249838768e-09
4.78769858759e-10	2.73050515531e-09
4.80010049138e-10	3.9707321875e-09
4.81250239517e-10	5.61220003803e-09
4.82490429897e-10	6.88881973687e-09
4.83730620276e-10	6.75869049616e-09
4.84970810656e-10	4.52970594367e-09
4.86211001035e-10	3.54316076479e-10
4.87451191415e-10	-4.66792915432e-09
4.88691381794e-10	-8.87055939813e-09
4.89931572174e-10	-1.07093622859e-08
4.91171762553e-10	-9.42752276245e-09
4.92411952933e-10	-5.40187672371e-09
4.93652143312e-10	1.40465625242e-11
4.94892333691e-10	5.04749086971e-09
4.96132524071e-10	8.22956103264e-09
4.9737271445e-10	8.95053542393e-09
4.9861290483e-10	7.62413421285e-09
4.99853095209e-10	5.41921529873e-09
5.01093285589e-10	3.67449626282e-09
5.02333475968e-10	3.27974669645e-09
5.03573666348e-10	4.25816137906e-09
5.04813856727e-10	5.74582648127e-09
5.06054047107e-10	6.36266639376e-09
5.07294237486e-10	4.83309126054e-09
5.08534427865e-10	6.10304973225e-10
5.09774618245e-10	-5.76926240115e-09
5.11014808624e-10	-1.27359438551e-08
5.12254999004e-10	-1.81767223495e-08
5.13495189383e-10	-2.01755590012e-08
5.14735379763e-10	-1.77405041768e-08
5.15975570142e-10	-1.12239959549e-08
5.17215760522e-10	-2.25612772908e-09
5.18455950901e-10	6.7839014406e-09
5.1969614128e-10	1.35856907946e-08
5.2093633166e-10	1.66748215236e-08
5.22176522039e-10	1.58463357991e-08
5.23416712419e-10	1.20923733249e-08
5.24656902798e-10	7.08206737698e-09
5.25897093178e-10	2.44112419168e-09
5.27137283557e-10	-8.56946125172e-10
5.28377473937e-10	-2.71089883874e-09
5.29617664316e-10	-3.68532893091e-09
5.30857854696e-10	-4.50959980469e-09
5.32098045075e-10	-5.57295498638e-09
5.33338235454e-10	-6.67964528134e-09
5.34578425834e-10	-7.17327530708e-09
5.35818616213e-10	-6.3595244626e-09
5.37058806593e-10	-3.96272792358e-09
5.38298996972e-10	-3.83040765772e-10
5.39539187352e-10	3.40020389622e-09
5.40779377731e-10	6.23032248015e-09
5.42019568111e-10	7.27722326843e-09
5.4325975849e-10	6.40617914272e-09
5.4449994887e-10	4.22179535775e-09
5.45740139249e-10	1.79080639207e-09
5.46980329628e-10	1.499383534e-10
5.48220520008e-10	-1.63038388346e-10
5.49460710387e-10	6.46483255817e-10
5.50700900767e-10	1.71705427654e-09
5.51941091146e-10	1.92862414927e-09
5.53181281526e-10	4.31722713135e-10
5.54421471905e-10	-2.89187096492e-09
5.55661662285e-10	-7.26873183865e-09
5.56901852664e-10	-1.12417968268e-08
5.58142043043e-10	-1.3188854453e-08
5.59382233423e-10	-1.1954691459e-08
5.60622423802e-10	-7.32871940912e-09
5.61862614182e-10	-1.88375939847e-10
5.63102804561e-10	7.77317232803e-09
5.64342994941e-10	1.45947414154e-08
5.6558318532e-10	1.86686026638e-08
5.668233757e-10	1.91914022452e-08
5.68063566079e-10	1.6299923189e-08
5.69303756459e-10	1.09015232397e-08
5.70543946838e-10	4.29431779025e-09
5.71784137217e-10	-2.23233898033e-09
5.73024327597e-10	-7.70351604729e-09
5.74264517976e-10	-1.15813421075e-08
5.75504708356e-10	-1.37272575529e-08
5.76744898735e-10	-1.42731284569e-08
5.77985089115e-10	-1.34670026242e-08
5.79225279494e-10	-1.15676588308e-08
5.80465469874e-10	-8.798606288e-09
5.81705660253e-10	-5.373289369e-09
5.82945850633e-10	-1.54167090205e-09
5.84186041012e-10	2.37279551563e-09
5.85426231391e-10	5.97114802048e-09
5.86666421771e-10	8.8381373331e-09
5.8790661215e-10	1.06285655832e-08
5.8914680253e-10	1.11571907269e-08
5.90386992909e-10	1.04319619609e-08
5.91627183289e-10	8.62718785299e-09
5.92867373668e-10	6.01058847138e-09
5.94107564048e-10	2.85788126497e-09
5.95347754427e-10	-5.79407688495e-10
5.96587944807e-10	-4.05693834082e-09
5.97828135186e-10	-7.27832061287e-09
5.99068325565e-10	-9.86293979821e-09
6.00308515945e-10	-1.13714033745e-08
6.01548706324e-10	-1.13918803279e-08
6.02788896704e-10	-9.66837898631e-09
6.04029087083e-10	-6.19831830306e-09
6.05269277463e-10	-1.28938637545e-09
6.06509467842e-10	4.45458381293e-09
6.07749658222e-10	1.01872705827e-08
6.08989848601e-10	1.4919008251e-08
6.1023003898e-10	1.76681016484e-08
6.1147022936e-10	1.76501657734e-08
6.12710419739e-10	1.45047742706e-08
6.13950610119e-10	8.46583159131e-09
6.15190800498e-10	4.20461276907e-10
6.16430990878e-10	-8.22270607159e-09
6.17671181257e-10	-1.58393742566e-08
6.18911371637e-10	-2.09866684031e-08
6.20151562016e-10	-2.27748113701e-08
6.21391752396e-10	-2.10663664291e-08
6.22631942775e-10	-1.64633267019e-08
6.23872133154e-10	-1.00664312441e-08
6.25112323534e-10	-3.11942649489e-09
6.26352513913e-10	3.33836003286e-09
6.27592704293e-10	8.68623661887e-09
6.28832894672e-10	1.27242039127e-08
6.30073085052e-10	1.55075632335e-08
6.31313275431e-10	1.7092256499e-08
6.32553465811e-10	1.73562781924e-08
6.3379365619e-10	1.59892632468e-08
6.3503384657e-10	1.26766863673e-08
6.36274036949e-10	7.38884242679e-09
6.37514227328e-10	6.08534667101e-10
6.38754417708e-10	-6.62830101916e-09
6.39994608087e-10	-1.29551729344e-08
6.41234798467e-10	-1.70672525002e-08
6.42474988846e-10	-1.81329937732e-08
6.43715179226e-10	-1.60464388443e-08
6.44955369605e-10	-1.1417552237e-08
6.46195559985e-10	-5.33157562543e-09
6.47435750364e-10	1.01915287321e-09
6.48675940744e-10	6.65085542195e-09
6.49916131123e-10	1.09561604233e-08
6.51156321502e-10	1.36864857225e-08
6.52396511882e-10	1.48045815607e-08
6.53636702261e-10	1.43171430267e-08
6.54876892641e-10	1.21744720971e-08
6.5611708302e-10	8.30966229159e-09
6.573572734e-10	2.78314882252e-09
6.58597463779e-10	-4.02167810165e-09
6.59837654159e-10	-1.1262795141e-08
6.61077844538e-10	-1.76669825436e-08
6.62318034917e-10	-2.176321523e-08
6.63558225297e-10	-2.2301380298e-08
6.64798415676e-10	-1.87043696087e-08
6.66038606056e-10	-1.13939178092e-08
6.67278796435e-10	-1.80714077036e-09
6.68518986815e-10	7.95023158418e-09
6.69759177194e-10	1.57178465798e-08
6.70999367574e-10	1.99500753695e-08
6.72239557953e-10	2.01654710708e-08
6.73479748333e-10	1.70154095258e-08
6.74719938712e-10	1.19298491086e-08
6.75960129091e-10	6.51728404577e-09
6.77200319471e-10	1.9717101285e-09
6.7844050985e-10	-1.26877841566e-09
6.7968070023e-10	-3.48541595585e-09
6.80920890609e-10	-5.32801713859e-09
6.82161080989e-10	-7.32335703191e-09
6.83401271368e-10	-9.50607415007e-09
6.84641461748e-10	-1.13298721516e-08
6.85881652127e-10	-1.19057004255e-08
6.87121842507e-10	-1.04493373954e-08
6.88362032886e-10	-6.72038913407e-09
6.89602223265e-10	-1.24958365877e-09
6.90842413645e-10	4.76995909438e-09
6.92082604024e-10	9.87060211344e-09
6.93322794404e-10	1.28222517048e-08
6.94562984783e-10	1.30418627009e-08
6.95803175163e-10	1.07361390889e-08
6.97043365542e-10	6.74117694999e-09
6.98283555922e-10	2.15127871073e-09
6.99523746301e-10	-2.07544514907e-09
7.00763936681e-10	-5.3767466035e-09
7.0200412706e-10	-7.61723750742e-09
7.03244317439e-10	-8.92533336128e-09
7.04484507819e-10	-9.45410771891e-09
7.05724698198e-10	-9.19813025746e-09
7.06964888578e-10	-7.96872257069e-09
7.08205078957e-10	-5.52988810298e-09
7.09445269337e-10	-1.82839521301e-09
7.10685459716e-10	2.80700263033e-09
7.11925650096e-10	7.60876783801e-09
7.13165840475e-10	1.15072129603e-08
7.14406030854e-10	1.3443465896e-08
7.15646221234e-10	1.27419204077e-08
7.16886411613e-10	9.40111810621e-09
7.18126601993e-10	4.166729628e-09
7.19366792372e-10	-1.66256874934e-09
7.20606982752e-10	-6.64097932201e-09
7.21847173131e-10	-9.64764890199e-09
7.23087363511e-10	-1.02303578942e-08
7.2432755389e-10	-8.69712390994e-09
7.2556774427e-10	-5.91759219404e-09
7.26807934649e-10	-2.93569391019e-09
7.28048125028e-10	-5.61914403896e-10
7.29288315408e-10	8.84923967437e-10
7.30528505787e-10	1.58815860463e-09
7.31768696167e-10	2.02739269817e-09
7.33008886546e-10	2.65607824623e-09
7.34249076926e-10	3.62739416282e-09
7.35489267305e-10	4.68791805375e-09
7.36729457685e-10	5.28747223782e-09
7.37969648064e-10	4.85341988821e-09
7.39209838444e-10	3.10214010035e-09
7.40450028823e-10	2.51577203514e-10
7.41690219202e-10	-2.98552738087e-09
7.42930409582e-10	-5.63479973792e-09
7.44170599961e-10	-6.83695411396e-09
7.45410790341e-10	-6.20380591343e-09
7.4665098072e-10	-3.99128774475e-09
7.478911711e-10	-1.00254193836e-09
7.49131361479e-10	1.74827219368e-09
7.50371551859e-10	3.45175865668e-09
7.51611742238e-10	3.81184506182e-09
7.52851932618e-10	3.10580761109e-09
7.54092122997e-10	1.97996508078e-09
7.55332313376e-10	1.09454356689e-09
7.56572503756e-10	7.94718013619e-10
7.57812694135e-10	9.69078595148e-10
7.59052884515e-10	1.1466745331e-09
7.60293074894e-10	7.72526487225e-10
7.61533265274e-10	-4.80644746226e-10
7.62773455653e-10	-2.51615128732e-09
7.64013646033e-10	-4.81016737552e-09
7.65253836412e-10	-6.59876997489e-09
7.66494026791e-10	-7.16231607356e-09
7.67734217171e-10	-6.09520744987e-09
7.6897440755e-10	-3.46052608791e-09
7.7021459793e-10	2.19935569756e-10
7.71454788309e-10	4.11649159204e-09
7.72694978689e-10	7.33569827105e-09
7.73935169068e-10	9.16677844742e-09
7.75175359448e-10	9.26412280222e-09
7.76415549827e-10	7.70997399258e-09
7.77655740207e-10	4.94881247093e-09
7.78895930586e-10	1.62924951308e-09
7.80136120965e-10	-1.59543611655e-09
7.81376311345e-10	-4.22515933352e-09
7.82616501724e-10	-5.99302785176e-09
7.83856692104e-10	-6.84514933624e-09
7.85096882483e-10	-6.85552725699e-09
7.86337072863e-10	-6.12838757519e-09
7.87577263242e-10	-4.73675587642e-09
7.88817453622e-10	-2.73326317135e-09
7.90057644001e-10	-2.10686273983e-10
7.91297834381e-10	2.61274357705e-09
7.9253802476e-10	5.3464139782e-09
7.93778215139e-10	7.45707406935e-09
7.95018405519e-10	8.39100078309e-09
7.96258595898e-10	7.76151409809e-09
7.97498786278e-10	5.52043344371e-09
7.98738976657e-10	2.04498751266e-09
7.99979167037e-10	-1.92898275131e-09
8.01219357416e-10	-5.51263079629e-09
8.02459547796e-10	-7.93784593611e-09
8.03699738175e-10	-8.789815098e-09
8.04939928555e-10	-8.09766742549e-09
8.06180118934e-10	-6.26447116403e-09
8.07420309313e-10	-3.86862497592e-09
8.08660499693e-10	-1.44279466152e-09
8.09900690072e-10	6.82744694114e-10
8.11140880452e-10	2.42347097945e-09
8.12381070831e-10	3.87249610156e-09
8.13621261211e-10	5.17824938484e-09
8.1486145159e-10	6.41090114328e-09
8.1610164197e-10	7.47915773758e-09
8.17341832349e-10	8.11481548624e-09
8.18582022728e-10	7.94056376208e-09
8.19822213108e-10	6.60999477375e-09
8.21062403487e-10	3.97281807452e-09
8.22302593867e-10	2.1817939122e-10
8.23542784246e-10	-4.08860412193e-09
8.24782974626e-10	-8.10277800412e-09
8.26023165005e-10	-1.09281383942e-08
8.27263355385e-10	-1.18949534667e-08
8.28503545764e-10	-1.07752899936e-08
8.29743736144e-10	-7.85456499841e-09
8.30983926523e-10	-3.81383946646e-09
8.32224116902e-10	5.08399156107e-10
8.33464307282e-10	4.381601304e-09
8.34704497661e-10	7.35058591772e-09
8.35944688041e-10	9.25191834256e-09
8.3718487842e-10	1.01055119828e-08
8.384250688e-10	9.9525347963e-09
8.39665259179e-10	8.76073880107e-09
8.40905449559e-10	6.44127373661e-09
8.42145639938e-10	2.98372193619e-09
8.43385830318e-10	-1.3783449937e-09
8.44626020697e-10	-6.07142514042e-09
8.45866211076e-10	-1.02281898506e-08
8.47106401456e-10	-1.29013626449e-08
8.48346591835e-10	-1.33611024467e-08
8.49586782215e-10	-1.13746123631e-08
8.50826972594e-10	-7.33326865898e-09
8.52067162974e-10	-2.16857931612e-09
8.53307353353e-10	2.92940738333e-09
8.54547543733e-10	6.89592472014e-09
8.55787734112e-10	9.11375419577e-09
8.57027924491e-10	9.56081436243e-09
8.58268114871e-10	8.71276562009e-09
8.5950830525e-10	7.26472970669e-09
8.6074849563e-10	5.7938471798e-09
8.61988686009e-10	4.51651738231e-09
8.63228876389e-10	3.25368088028e-09
8.64469066768e-10	1.59460422644e-09
8.65709257148e-10	-8.10163769405e-10
8.66949447527e-10	-3.98272481661e-09
8.68189637907e-10	-7.49335882233e-09
8.69429828286e-10	-1.05414779128e-08
8.70670018665e-10	-1.22151275761e-08
8.71910209045e-10	-1.18163807628e-08
8.73150399424e-10	-9.14068198909e-09
8.74390589804e-10	-4.5844474883e-09
8.75630780183e-10	9.47036449261e-10
8.76870970563e-10	6.3076623924e-09
8.78111160942e-10	1.04504396248e-08
8.79351351322e-10	1.27082326884e-08
8.80591541701e-10	1.29271020555e-08
8.81831732081e-10	1.13993916528e-08
8.8307192246e-10	8.66216343098e-09
8.84312112839e-10	5.25146148789e-09
8.85552303219e-10	1.53724588614e-09
8.86792493598e-10	-2.29387908668e-09
8.88032683978e-10	-6.12517148113e-09
8.89272874357e-10	-9.73437064289e-09
8.90513064737e-10	-1.26879493578e-08
8.91753255116e-10	-1.43680471965e-08
8.92993445496e-10	-1.41595242198e-08
8.94233635875e-10	-1.17170291247e-08
8.95473826255e-10	-7.18803283561e-09
8.96714016634e-10	-1.28599297877e-09
8.97954207013e-10	4.85458873101e-09
8.99194397393e-10	9.98402160945e-09
9.00434587772e-10	1.31142741111e-08
9.01674778152e-10	1.38057805188e-08
9.02914968531e-10	1.2259630644e-08
9.04155158911e-10	9.18541243067e-09
9.0539534929e-10	5.49578960118e-09
9.0663553967e-10	1.97479921304e-09
9.07875730049e-10	-9.5914898246e-10
9.09115920428e-10	-3.28472782307e-09
9.10356110808e-10	-5.22405807502e-09
9.11596301187e-10	-6.98873980909e-09
9.12836491567e-10	-8.55863024896e-09
9.14076681946e-10	-9.61670565403e-09
9.15316872326e-10	-9.65829549671e-09
9.16557062705e-10	-8.23602164246e-09
9.17797253085e-10	-5.19994847181e-09
9.19037443464e-10	-8.37404312559e-10
9.20277633844e-10	4.15381329333e-09
9.21517824223e-10	8.84418582814e-09
9.22758014602e-10	1.23170265098e-08
9.23998204982e-10	1.39030804647e-08
9.25238395361e-10	1.33183215567e-08
9.26478585741e-10	1.0699785058e-08
9.2771877612e-10	6.53312559606e-09
9.289589665e-10	1.51216983379e-09
9.30199156879e-10	-3.61930885262e-09
9.31439347259e-10	-8.21155499153e-09
9.32679537638e-10	-1.17845564418e-08
9.33919728018e-10	-1.40406237747e-08
9.35159918397e-10	-1.48131285016e-08
9.36400108776e-10	-1.40106113378e-08
9.37640299156e-10	-1.16028520125e-08
9.38880489535e-10	-7.66735563928e-09
9.40120679915e-10	-2.48988207829e-09
9.41360870294e-10	3.36294903036e-09
9.42601060674e-10	9.05111541272e-09
9.43841251053e-10	1.36033975195e-08
9.45081441433e-10	1.61560507195e-08
9.46321631812e-10	1.62065667553e-08
9.47561822192e-10	1.3785919073e-08
9.48802012571e-10	9.4566843245e-09
9.5004220295e-10	4.15109369101e-09
9.5128239333e-10	-1.10971543066e-09
9.52522583709e-10	-5.48964251834e-09
9.53762774089e-10	-8.5148661455e-09
9.55002964468e-10	-1.00995256602e-08
9.56243154848e-10	-1.04255191147e-08
9.57483345227e-10	-9.76955494281e-09
9.58723535607e-10	-8.34266522531e-09
9.59963725986e-10	-6.23484064377e-09
9.61203916365e-10	-3.46244988236e-09
9.62444106745e-10	-9.04217464792e-11
9.63684297124e-10	3.64598040647e-09
9.64924487504e-10	7.2991488409e-09
9.66164677883e-10	1.02603019414e-08
9.67404868263e-10	1.19130492138e-08
9.68645058642e-10	1.18076179945e-08
9.69885249022e-10	9.80601821965e-09
9.71125439401e-10	6.13669559613e-09
9.72365629781e-10	1.34823796571e-09
9.7360582016e-10	-3.80455089655e-09
9.74846010539e-10	-8.51767101295e-09
9.76086200919e-10	-1.20736842746e-08
9.77326391298e-10	-1.39571501023e-08
9.78566581678e-10	-1.39225315721e-08
9.79806772057e-10	-1.20219780797e-08
9.81046962437e-10	-8.58689830352e-09
9.82287152816e-10	-4.15249656882e-09
9.83527343196e-10	6.4438104852e-10
9.84767533575e-10	5.18873477517e-09
9.86007723955e-10	8.97380747489e-09
9.87247914334e-10	1.1641230202e-08
9.88488104713e-10	1.29708572771e-08
9.89728295093e-10	1.28491031148e-08
9.90968485472e-10	1.12659037654e-08
9.92208675852e-10	8.33726954141e-09
9.93448866231e-10	4.35800018295e-09
9.94689056611e-10	-1.78053682909e-10
9.9592924699e-10	-4.61798776996e-09
9.9716943737e-10	-8.26320611935e-09
9.98409627749e-10	-1.05329540645e-08
9.99649818129e-10	-1.11056426277e-08
1.00089000851e-09	-1.00030579375e-08
1.00213019889e-09	-7.5670225641e-09
1.00337038927e-09	-4.35577307556e-09
1.00461057965e-09	-9.87314674461e-10
1.00585077003e-09	2.01617678108e-09
1.00709096041e-09	4.32627800251e-09
1.00833115078e-09	5.83920334307e-09
1.00957134116e-09	6.61602772567e-09
1.01081153154e-09	6.78509692875e-09
1.01205172192e-09	6.43496589348e-09
1.0132919123e-09	5.55904788868e-09
1.01453210268e-09	4.07981737283e-09
1.01577229306e-09	1.93495020007e-09
1.01701248344e-09	-7.99442512189e-10
1.01825267382e-09	-3.8353915599e-09
1.0194928642e-09	-6.6770704521e-09
1.02073305458e-09	-8.73481553754e-09
1.02197324496e-09	-9.50256140442e-09
1.02321343534e-09	-8.72849081901e-09
1.02445362572e-09	-6.51834142218e-09
1.0256938161e-09	-3.31169824896e-09
1.02693400648e-09	2.40301167853e-10
1.02817419686e-09	3.46760309355e-09
1.02941438724e-09	5.85753223703e-09
1.03065457761e-09	7.16466797002e-09
1.03189476799e-09	7.42616501626e-09
1.03313495837e-09	6.87897694363e-09
1.03437514875e-09	5.83334003323e-09
1.03561533913e-09	4.5371542079e-09
1.03685552951e-09	3.10155190419e-09
1.03809571989e-09	1.50491452633e-09
1.03933591027e-09	-3.21645460266e-10
1.04057610065e-09	-2.36535036002e-09
1.04181629103e-09	-4.43851977394e-09
1.04305648141e-09	-6.16625284167e-09
1.04429667179e-09	-7.09505343366e-09
1.04553686217e-09	-6.87062584603e-09
1.04677705255e-09	-5.41397815468e-09
1.04801724293e-09	-3.00393554475e-09
1.04925743331e-09	-2.08398978629e-10
1.05049762369e-09	2.30137375823e-09
1.05173781407e-09	3.99115096528e-09
1.05297800444e-09	4.63876981271e-09
1.05421819482e-09	4.38241842815e-09
1.0554583852e-09	3.6185237029e-09
1.05669857558e-09	2.79881717802e-09
1.05793876596e-09	2.22851248566e-09
1.05917895634e-09	1.93917104596e-09
1.06041914672e-09	1.706985997e-09
1.0616593371e-09	1.18948462191e-09
1.06289952748e-09	1.27291926999e-10
1.06413971786e-09	-1.48980994208e-09
1.06537990824e-09	-3.37592176436e-09
1.06662009862e-09	-5.03695041232e-09
1.067860289e-09	-5.97084381937e-09
1.06910047938e-09	-5.87022874754e-09
1.07034066976e-09	-4.7486388155e-09
1.07158086014e-09	-2.92150170722e-09
1.07282105052e-09	-8.61796356499e-10
1.0740612409e-09	9.92626203455e-10
1.07530143128e-09	2.39754660569e-09
1.07654162165e-09	3.34249006251e-09
1.07778181203e-09	3.98260624479e-09
1.07902200241e-09	4.49170878269e-09
1.08026219279e-09	4.92671148322e-09
1.08150238317e-09	5.16726794686e-09
1.08274257355e-09	4.95462337824e-09
1.08398276393e-09	4.02162703139e-09
1.08522295431e-09	2.24204121935e-09
1.08646314469e-09	-2.50814841118e-10
1.08770333507e-09	-3.04489433667e-09
1.08894352545e-09	-5.53829115901e-09
1.09018371583e-09	-7.11379488649e-09
1.09142390621e-09	-7.34558103233e-09
1.09266409659e-09	-6.15190520747e-09
1.09390428697e-09	-3.84298814993e-09
1.09514447735e-09	-1.0225578162e-09
1.09638466773e-09	1.61545810062e-09
1.09762485811e-09	3.52438633833e-09
1.09886504848e-09	4.48052439594e-09
1.10010523886e-09	4.61422366982e-09
1.10134542924e-09	4.29377466915e-09
1.10258561962e-09	3.90504251158e-09
1.10382581e-09	3.64595420521e-09
1.10506600038e-09	3.42586470303e-09
1.10630619076e-09	2.92276070013e-09
1.10754638114e-09	1.77308390192e-09
1.10878657152e-09	-2.08535883006e-10
1.1100267619e-09	-2.87413870481e-09
1.11126695228e-09	-5.73924197056e-09
1.11250714266e-09	-8.12172817888e-09
1.11374733304e-09	-9.37087119013e-09
1.11498752342e-09	-9.08924047138e-09
1.1162277138e-09	-7.25546289715e-09
1.11746790418e-09	-4.21945323126e-09
1.11870809456e-09	-5.70289093726e-10
1.11994828494e-09	3.04716518684e-09
1.12118847531e-09	6.10418871005e-09
1.12242866569e-09	8.27999357966e-09
1.12366885607e-09	9.45499234462e-09
1.12490904645e-09	9.63856816583e-09
1.12614923683e-09	8.87466278243e-09
1.12738942721e-09	7.19726012122e-09
1.12862961759e-09	4.6485943983e-09
1.12986980797e-09	1.35748412511e-09
1.13110999835e-09	-2.37961406135e-09
1.13235018873e-09	-6.07281824827e-09
1.13359037911e-09	-9.09631392432e-09
1.13483056949e-09	-1.08352002925e-08
1.13607075987e-09	-1.08592441705e-08
1.13731095025e-09	-9.07265018668e-09
1.13855114063e-09	-5.77125991441e-09
1.13979133101e-09	-1.58674440254e-09
1.14103152139e-09	2.66622124379e-09
1.14227171177e-09	6.19979179106e-09
1.14351190214e-09	8.44204617323e-09
1.14475209252e-09	9.16205067369e-09
1.1459922829e-09	8.48083292482e-09
1.14723247328e-09	6.77841160979e-09
1.14847266366e-09	4.53206894235e-09
1.14971285404e-09	2.14591233672e-09
1.15095304442e-09	-1.52545975851e-10
1.1521932348e-09	-2.32089525376e-09
1.15343342518e-09	-4.40514247302e-09
1.15467361556e-09	-6.40144515174e-09
1.15591380594e-09	-8.1454913925e-09
1.15715399632e-09	-9.29357213408e-09
1.1583941867e-09	-9.4197503131e-09
1.15963437708e-09	-8.18271139735e-09
1.16087456746e-09	-5.49977974273e-09
1.16211475784e-09	-1.63637470241e-09
1.16335494822e-09	2.81922396539e-09
1.1645951386e-09	7.09196346094e-09
1.16583532898e-09	1.04166728576e-08
1.16707551935e-09	1.22182131079e-08
1.16831570973e-09	1.22311361039e-08
1.16955590011e-09	1.05197388578e-08
1.17079609049e-09	7.42292760592e-09
1.17203628087e-09	3.44639827787e-09
1.17327647125e-09	-8.52029224951e-10
1.17451666163e-09	-4.94419749586e-09
1.17575685201e-09	-8.37608027382e-09
1.17699704239e-09	-1.07704867247e-08
1.17823723277e-09	-1.18306067165e-08
1.17947742315e-09	-1.13587939055e-08
1.18071761353e-09	-9.31065269327e-09
1.18195780391e-09	-5.86261972302e-09
1.18319799429e-09	-1.44690370796e-09
1.18443818467e-09	3.27385629717e-09
1.18567837505e-09	7.51995177239e-09
1.18691856543e-09	1.05567048436e-08
1.18815875581e-09	1.18665912652e-08
1.18939894618e-09	1.12663949281e-08
1.19063913656e-09	8.93656704193e-09
1.19187932694e-09	5.36659428008e-09
1.19311951732e-09	1.22829957316e-09
1.1943597077e-09	-2.77082290445e-09
1.19559989808e-09	-6.03261574028e-09
1.19684008846e-09	-8.1702964394e-09
1.19808027884e-09	-9.05431640774e-09
1.19932046922e-09	-8.79205241944e-09
1.2005606596e-09	-7.6420354489e-09
1.20180084998e-09	-5.90395110578e-09
1.20304104036e-09	-3.81291043183e-09
1.20428123074e-09	-1.495972346e-09
1.20552142112e-09	9.97518512236e-10
1.2067616115e-09	3.603779275e-09
1.20800180188e-09	6.14077455552e-09
1.20924199226e-09	8.26526047604e-09
1.21048218264e-09	9.5182510762e-09
1.21172237301e-09	9.46985512229e-09
1.21296256339e-09	7.89467513584e-09
1.21420275377e-09	4.90492046978e-09
1.21544294415e-09	9.7362862217e-10
1.21668313453e-09	-3.17381210202e-09
1.21792332491e-09	-6.75088340785e-09
1.21916351529e-09	-9.12259512376e-09
1.22040370567e-09	-9.94723503567e-09
1.22164389605e-09	-9.21724474523e-09
1.22288408643e-09	-7.19862436327e-09
1.22412427681e-09	-4.31164970394e-09
1.22536446719e-09	-1.01488595305e-09
1.22660465757e-09	2.2775945574e-09
1.22784484795e-09	5.21666088105e-09
1.22908503833e-09	7.50915685188e-09
1.23032522871e-09	8.89839402163e-09
1.23156541909e-09	9.16996878431e-09
1.23280560947e-09	8.19710788136e-09
1.23404579984e-09	6.0042824046e-09
1.23528599022e-09	2.82991918787e-09
1.2365261806e-09	-8.67525384862e-10
1.23776637098e-09	-4.46701564627e-09
1.23900656136e-09	-7.3131340983e-09
1.24024675174e-09	-8.87583961884e-09
1.24148694212e-09	-8.88712303748e-09
1.2427271325e-09	-7.41794581316e-09
1.24396732288e-09	-4.85563367292e-09
1.24520751326e-09	-1.80298997954e-09
1.24644770364e-09	1.08576647673e-09
1.24768789402e-09	3.27413895995e-09
1.2489280844e-09	4.47208448051e-09
1.25016827478e-09	4.6881503124e-09
1.25140846516e-09	4.1770227277e-09
1.25264865554e-09	3.31368688045e-09
1.25388884592e-09	2.4274342536e-09
1.2551290363e-09	1.67791991412e-09
1.25636922668e-09	1.02046837647e-09
1.25760941705e-09	2.80507089778e-10
1.25884960743e-09	-6.95510538051e-10
1.26008979781e-09	-1.90220594831e-09
1.26132998819e-09	-3.11276182607e-09
1.26257017857e-09	-3.9459266965e-09
1.26381036895e-09	-4.02444122471e-09
1.26505055933e-09	-3.15584847144e-09
1.26629074971e-09	-1.44543121916e-09
1.26753094009e-09	7.20767778795e-10
1.26877113047e-09	2.80301426514e-09
1.27001132085e-09	4.30080548952e-09
1.27125151123e-09	4.91218266063e-09
1.27249170161e-09	4.60611193631e-09
1.27373189199e-09	3.5846681179e-09
1.27497208237e-09	2.16685736021e-09
1.27621227275e-09	6.63044452676e-10
1.27745246313e-09	-7.18407167088e-10
1.27869265351e-09	-1.8859516171e-09
1.27993284388e-09	-2.8241562422e-09
1.28117303426e-09	-3.52160434147e-09
1.28241322464e-09	-3.91617183126e-09
1.28365341502e-09	-3.8918961387e-09
1.2848936054e-09	-3.32536798098e-09
1.28613379578e-09	-2.17593654206e-09
1.28737398616e-09	-5.59582769011e-10
1.28861417654e-09	1.22289200988e-09
1.28985436692e-09	2.74147904378e-09
1.2910945573e-09	3.56414808778e-09
1.29233474768e-09	3.40891048722e-09
1.29357493806e-09	2.26796781355e-09
1.29481512844e-09	4.33048319426e-10
1.29605531882e-09	-1.57942736667e-09
1.2972955092e-09	-3.19221182821e-09
1.29853569958e-09	-3.94981913843e-09
1.29977588996e-09	-3.6551450755e-09
1.30101608034e-09	-2.41849185123e-09
1.30225627071e-09	-5.97270344294e-10
1.30349646109e-09	1.3299545909e-09
1.30473665147e-09	2.92169977101e-09
1.30597684185e-09	3.89556387148e-09
1.30721703223e-09	4.18291623561e-09
1.30845722261e-09	3.90187482324e-09
1.30969741299e-09	3.26196913925e-09
1.31093760337e-09	2.45741560434e-09
1.31217779375e-09	1.58483870472e-09
1.31341798413e-09	6.36898644935e-10
1.31465817451e-09	-4.40792430334e-10
1.31589836489e-09	-1.65678526454e-09
1.31713855527e-09	-2.89994739333e-09
1.31837874565e-09	-3.93710175572e-09
1.31961893603e-09	-4.4788017739e-09
1.32085912641e-09	-4.30016333652e-09
1.32209931679e-09	-3.34454641759e-09
1.32333950717e-09	-1.77142767122e-09
1.32457969755e-09	8.13187017723e-11
1.32581988792e-09	1.80599923905e-09
1.3270600783e-09	3.04939273832e-09
1.32830026868e-09	3.61528740278e-09
1.32954045906e-09	3.49296058744e-09
1.33078064944e-09	2.8231292859e-09
1.33202083982e-09	1.81446324632e-09
1.3332610302e-09	6.57384591207e-10
1.33450122058e-09	-5.23581955569e-10
1.33574141096e-09	-1.67212976798e-09
1.33698160134e-09	-2.75123768212e-09
1.33822179172e-09	-3.68966301956e-09
1.3394619821e-09	-4.3441650277e-09
1.34070217248e-09	-4.51381554356e-09
1.34194236286e-09	-4.00397315303e-09
1.34318255324e-09	-2.71196265444e-09
1.34442274362e-09	-7.07040703762e-10
1.345662934e-09	1.74729264391e-09
1.34690312438e-09	4.22929957722e-09
1.34814331475e-09	6.2589737837e-09
1.34938350513e-09	7.41839434326e-09
1.35062369551e-09	7.45421768755e-09
1.35186388589e-09	6.33714059006e-09
1.35310407627e-09	4.25480095601e-09
1.35434426665e-09	1.56450508104e-09
1.35558445703e-09	-1.289931717e-09
1.35682464741e-09	-3.86155019072e-09
1.35806483779e-09	-5.77766501308e-09
1.35930502817e-09	-6.7997181219e-09
1.36054521855e-09	-6.84837830889e-09
1.36178540893e-09	-6.00256555572e-09
1.36302559931e-09	-4.45668035809e-09
1.36426578969e-09	-2.46656473024e-09
1.36550598007e-09	-2.93563090503e-10
1.36674617045e-09	1.82579307229e-09
1.36798636083e-09	3.67886010544e-09
1.36922655121e-09	5.06850383886e-09
1.37046674158e-09	5.8068816422e-09
1.37170693196e-09	5.74677505583e-09
1.37294712234e-09	4.82957052128e-09
1.37418731272e-09	3.13762926751e-09
1.3754275031e-09	9.12219244587e-10
1.37666769348e-09	-1.48283363366e-09
1.37790788386e-09	-3.63664987013e-09
1.37914807424e-09	-5.19379117492e-09
1.38038826462e-09	-5.92921445275e-09
1.381628455e-09	-5.7874722792e-09
1.38286864538e-09	-4.86818763079e-09
1.38410883576e-09	-3.37675643003e-09
1.38534902614e-09	-1.56461743561e-09
1.38658921652e-09	3.29454852288e-10
1.3878294069e-09	2.10741735174e-09
1.38906959728e-09	3.62552587951e-09
1.39030978766e-09	4.78218442623e-09
1.39154997804e-09	5.49984457976e-09
1.39279016841e-09	5.71049030285e-09
1.39403035879e-09	5.35128474866e-09
1.39527054917e-09	4.38554792481e-09
1.39651073955e-09	2.8302598043e-09
1.39775092993e-09	7.95461863046e-10
1.39899112031e-09	-1.49747081402e-09
1.40023131069e-09	-3.72740638355e-09
1.40147150107e-09	-5.52205481341e-09
1.40271169145e-09	-6.54060361427e-09
1.40395188183e-09	-6.55783161108e-09
1.40519207221e-09	-5.53704238015e-09
1.40643226259e-09	-3.64989682922e-09
1.40767245297e-09	-1.24571675197e-09
1.40891264335e-09	1.22981691497e-09
1.41015283373e-09	3.34496430554e-09
1.41139302411e-09	4.77974637647e-09
1.41263321449e-09	5.39177369419e-09
1.41387340487e-09	5.21369658557e-09
1.41511359525e-09	4.40456737749e-09
1.41635378562e-09	3.16765014219e-09
1.417593976e-09	1.67966995868e-09
1.41883416638e-09	6.70450292506e-11
1.42007435676e-09	-1.57443380555e-09
1.42131454714e-09	-3.12514036871e-09
1.42255473752e-09	-4.41004566198e-09
1.4237949279e-09	-5.20612220001e-09
1.42503511828e-09	-5.30792521047e-09
1.42627530866e-09	-4.6175623325e-09
1.42751549904e-09	-3.20793924757e-09
1.42875568942e-09	-1.33169852923e-09
1.4299958798e-09	6.47672637744e-10
1.43123607018e-09	2.36099784168e-09
1.43247626056e-09	3.54502049937e-09
1.43371645094e-09	4.10480582858e-09
1.43495664132e-09	4.11076683804e-09
1.4361968317e-09	3.74071351672e-09
1.43743702208e-09	3.18541504285e-09
1.43867721245e-09	2.57106069768e-09
1.43991740283e-09	1.91578042319e-09
1.44115759321e-09	1.14957465769e-09
1.44239778359e-09	1.78128845008e-10
1.44363797397e-09	-1.03405684015e-09
1.44487816435e-09	-2.39540964841e-09
1.44611835473e-09	-3.67951624725e-09
1.44735854511e-09	-4.57500348716e-09
1.44859873549e-09	-4.79119188768e-09
1.44983892587e-09	-4.16807299786e-09
1.45107911625e-09	-2.75245337633e-09
1.45231930663e-09	-8.05684186034e-10
1.45355949701e-09	1.26895216557e-09
1.45479968739e-09	3.03974645455e-09
1.45603987777e-09	4.17263734676e-09
1.45728006815e-09	4.51243220567e-09
1.45852025853e-09	4.1018539676e-09
1.45976044891e-09	3.13443804245e-09
1.46100063928e-09	1.86613968722e-09
1.46224082966e-09	5.31636790146e-10
1.46348102004e-09	-7.16067261042e-10
1.46472121042e-09	-1.8098051946e-09
1.4659614008e-09	-2.73515987637e-09
1.46720159118e-09	-3.47452466798e-09
1.46844178156e-09	-3.96368138311e-09
1.46968197194e-09	-4.08805345131e-09
1.47092216232e-09	-3.71762420848e-09
1.4721623527e-09	-2.78202527682e-09
1.47340254308e-09	-1.3351845185e-09
1.47464273346e-09	4.1407846596e-10
1.47588292384e-09	2.13954631789e-09
1.47712311422e-09	3.49424889023e-09
1.4783633046e-09	4.22582147053e-09
1.47960349498e-09	4.26724744429e-09
1.48084368536e-09	3.74381148305e-09
1.48208387574e-09	2.90566015693e-09
1.48332406611e-09	2.00644589832e-09
1.48456425649e-09	1.19556020639e-09
1.48580444687e-09	4.75261108246e-10
1.48704463725e-09	-2.62252136674e-10
1.48828482763e-09	-1.13282050407e-09
1.48952501801e-09	-2.1608055345e-09
1.49076520839e-09	-3.22047477574e-09
1.49200539877e-09	-4.05818800786e-09
1.49324558915e-09	-4.38023173288e-09
1.49448577953e-09	-3.96890253995e-09
1.49572596991e-09	-2.78271605758e-09
1.49696616029e-09	-9.91953519325e-10
1.49820635067e-09	1.05332842448e-09
1.49944654105e-09	2.92301649552e-09
1.50068673143e-09	4.22911972109e-09
1.50192692181e-09	4.73100358889e-09
1.50316711219e-09	4.38983915885e-09
1.50440730257e-09	3.35172312127e-09
1.50564749295e-09	1.88342763607e-09
1.50688768332e-09	2.79383544077e-10
1.5081278737e-09	-1.21178411749e-09
1.50936806408e-09	-2.42654851768e-09
1.51060825446e-09	-3.28589289111e-09
1.51184844484e-09	-3.76412190306e-09
1.51308863522e-09	-3.85834297845e-09
1.5143288256e-09	-3.56409457503e-09
1.51556901598e-09	-2.87943469068e-09
1.51680920636e-09	-1.82259918269e-09
1.51804939674e-09	-4.60505883426e-10
1.51928958712e-09	1.06719255655e-09
1.5205297775e-09	2.55029686258e-09
1.52176996788e-09	3.73509934093e-09
1.52301015826e-09	4.38743086306e-09
1.52425034864e-09	4.36185665365e-09
1.52549053902e-09	3.66067731683e-09
1.5267307294e-09	2.44636311209e-09
1.52797091978e-09	9.94588966741e-10
1.52921111015e-09	-3.93142601807e-10
1.53045130053e-09	-1.49155821028e-09
1.53169149091e-09	-2.21078022555e-09
1.53293168129e-09	-2.59650523304e-09
1.53417187167e-09	-2.76310796465e-09
1.53541206205e-09	-2.80355250126e-09
1.53665225243e-09	-2.72593836392e-09
1.53789244281e-09	-2.44554532181e-09
1.53913263319e-09	-1.84563231365e-09
1.54037282357e-09	-8.61802462726e-10
1.54161301395e-09	4.4592227133e-10
1.54285320433e-09	1.87985560451e-09
1.54409339471e-09	3.1524134414e-09
1.54533358509e-09	3.97096755478e-09
1.54657377547e-09	4.13147294154e-09
1.54781396585e-09	3.5753850991e-09
1.54905415623e-09	2.40511544014e-09
1.55029434661e-09	8.5066165223e-10
1.55153453698e-09	-7.9086970306e-10
1.55277472736e-09	-2.22620877288e-09
1.55401491774e-09	-3.23183724227e-09
1.55525510812e-09	-3.69006225576e-09
1.5564952985e-09	-3.5999372372e-09
1.55773548888e-09	-3.05241365517e-09
1.55897567926e-09	-2.19001572432e-09
1.56021586964e-09	-1.16256582139e-09
1.56145606002e-09	-9.61267523913e-11
1.5626962504e-09	9.12456998847e-10
1.56393644078e-09	1.78932224593e-09
1.56517663116e-09	2.4633561857e-09
1.56641682154e-09	2.85889156793e-09
1.56765701192e-09	2.90111290546e-09
1.5688972023e-09	2.53947018969e-09
1.57013739268e-09	1.78140346918e-09
1.57137758306e-09	7.14943493296e-10
1.57261777344e-09	-4.83687534469e-10
1.57385796381e-09	-1.58233115499e-09
1.57509815419e-09	-2.3484174605e-09
1.57633834457e-09	-2.61969357318e-09
1.57757853495e-09	-2.3601058885e-09
1.57881872533e-09	-1.67345182156e-09
1.58005891571e-09	-7.70938257677e-10
1.58129910609e-09	1.08021550038e-10
1.58253929647e-09	7.77083675185e-10
1.58377948685e-09	1.16322373955e-09
1.58501967723e-09	1.31246025159e-09
1.58625986761e-09	1.34190214496e-09
1.58750005799e-09	1.36601130407e-09
1.58874024837e-09	1.42785472335e-09
1.58998043875e-09	1.47841827669e-09
1.59122062913e-09	1.40174261087e-09
1.59246081951e-09	1.08235997942e-09
1.59370100989e-09	4.73865557904e-10
1.59494120027e-09	-3.63822666438e-10
1.59618139065e-09	-1.2707255248e-09
1.59742158102e-09	-2.03987449154e-09
1.5986617714e-09	-2.48315790152e-09
1.59990196178e-09	-2.49520382134e-09
1.60114215216e-09	-2.08311812244e-09
1.60238234254e-09	-1.36076105939e-09
1.60362253292e-09	-5.13040054884e-10
1.6048627233e-09	2.63820520985e-10
1.60610291368e-09	8.16831158268e-10
1.60734310406e-09	1.07890385515e-09
1.60858329444e-09	1.07381192826e-09
1.60982348482e-09	8.91239693157e-10
1.6110636752e-09	6.39327479846e-10
1.61230386558e-09	3.94960092409e-10
1.61354405596e-09	1.83398463083e-10
1.61478424634e-09	-1.44938514315e-11
1.61602443672e-09	-2.2342018513e-10
1.6172646271e-09	-4.37306801881e-10
1.61850481748e-09	-6.00210714463e-10
1.61974500785e-09	-6.20619333702e-10
1.62098519823e-09	-4.15943141041e-10
1.62222538861e-09	4.16267645353e-11
1.62346557899e-09	6.88734347332e-10
1.62470576937e-09	1.37421563018e-09
1.62594595975e-09	1.8947632352e-09
1.62718615013e-09	2.06119321611e-09
1.62842634051e-09	1.77034464865e-09
1.62966653089e-09	1.05243080917e-09
1.63090672127e-09	8.01870930767e-11
1.63214691165e-09	-8.82866002527e-10
1.63338710203e-09	-1.56878732227e-09
1.63462729241e-09	-1.80393489035e-09
1.63586748279e-09	-1.57258228661e-09
1.63710767317e-09	-1.01701558286e-09
1.63834786355e-09	-3.76307346395e-10
1.63958805393e-09	1.1829083546e-10
1.64082824431e-09	3.31518312802e-10
1.64206843468e-09	2.67532274112e-10
1.64330862506e-09	4.37016776933e-11
1.64454881544e-09	-1.83439041734e-10
1.64578900582e-09	-2.99202829179e-10
1.6470291962e-09	-2.83756379504e-10
1.64826938658e-09	-2.05263167574e-10
1.64950957696e-09	-1.7406315278e-10
1.65074976734e-09	-2.74156308766e-10
1.65198995772e-09	-5.15237408294e-10
1.6532301481e-09	-8.23537849026e-10
1.65447033848e-09	-1.07047104514e-09
1.65571052886e-09	-1.12904541272e-09
1.65695071924e-09	-9.21929033115e-10
1.65819090962e-09	-4.54619203394e-10
1.6594311e-09	1.88798837675e-10
1.66067129038e-09	8.75297723191e-10
1.66191148076e-09	1.467776789e-09
1.66315167114e-09	1.87090987147e-09
1.66439186151e-09	2.05273331666e-09
1.66563205189e-09	2.0448582827e-09
1.66687224227e-09	1.90901472408e-09
1.66811243265e-09	1.69733616051e-09
1.66935262303e-09	1.41950196042e-09
1.67059281341e-09	1.03627306736e-09
1.67183300379e-09	4.89437490536e-10
1.67307319417e-09	-2.52854959193e-10
1.67431338455e-09	-1.14651066419e-09
1.67555357493e-09	-2.05558703392e-09
1.67679376531e-09	-2.77282863337e-09
1.67803395569e-09	-3.08005243532e-09
1.67927414607e-09	-2.82766321469e-09
1.68051433645e-09	-1.99914640397e-09
1.68175452683e-09	-7.42483852179e-10
1.68299471721e-09	6.59624355137e-10
1.68423490759e-09	1.8645789357e-09
1.68547509797e-09	2.5758073452e-09
1.68671528835e-09	2.63639510223e-09
1.68795547872e-09	2.07359174276e-09
1.6891956691e-09	1.08132625076e-09
1.69043585948e-09	-6.11353051516e-11
1.69167604986e-09	-1.08674069743e-09
1.69291624024e-09	-1.82344472854e-09
1.69415643062e-09	-2.22120299931e-09
1.695396621e-09	-2.32314967263e-09
1.69663681138e-09	-2.20670659523e-09
1.69787700176e-09	-1.92349247641e-09
1.69911719214e-09	-1.48007839318e-09
1.70035738252e-09	-8.53695392156e-10
1.7015975729e-09	-3.8527646351e-11
1.70283776328e-09	9.14442410682e-10
1.70407795366e-09	1.88636017917e-09
1.70531814404e-09	2.71267053265e-09
1.70655833442e-09	3.23604121277e-09
1.7077985248e-09	3.35401173501e-09
1.70903871518e-09	3.05282243929e-09
1.71027890555e-09	2.40474351543e-09
1.71151909593e-09	1.53977108841e-09
1.71275928631e-09	6.03924410481e-10
1.71399947669e-09	-2.82552814479e-10
1.71523966707e-09	-1.04424002778e-09
1.71647985745e-09	-1.65458768908e-09
1.71772004783e-09	-2.11445927434e-09
1.71896023821e-09	-2.42655917582e-09
1.72020042859e-09	-2.57160337469e-09
1.72144061897e-09	-2.50032972104e-09
1.72268080935e-09	-2.1527326588e-09
1.72392099973e-09	-1.49044876441e-09
1.72516119011e-09	-5.41146516486e-10
1.72640138049e-09	5.78794290274e-10
1.72764157087e-09	1.6698354921e-09
1.72888176125e-09	2.49285325715e-09
1.73012195163e-09	2.83792123135e-09
1.73136214201e-09	2.58812526965e-09
1.73260233238e-09	1.76472692015e-09
1.73384252276e-09	5.25511412164e-10
1.73508271314e-09	-8.71494099108e-10
1.73632290352e-09	-2.13436268659e-09
1.7375630939e-09	-3.00984126511e-09
1.73880328428e-09	-3.34060379359e-09
1.74004347466e-09	-3.09853853686e-09
1.74128366504e-09	-2.37522534974e-09
1.74252385542e-09	-1.3461610715e-09
1.7437640458e-09	-2.11502176883e-10
1.74500423618e-09	8.5738871558e-10
1.74624442656e-09	1.74892678118e-09
1.74748461694e-09	2.41384490174e-09
1.74872480732e-09	2.83845080773e-09
1.7499649977e-09	3.01976599282e-09
1.75120518808e-09	2.94768276454e-09
1.75244537846e-09	2.61389487832e-09
1.75368556884e-09	2.03264560739e-09
1.75492575921e-09	1.25794707984e-09
1.75616594959e-09	3.86848580947e-10
1.75740613997e-09	-4.63974358933e-10
1.75864633035e-09	-1.18555620876e-09
1.75988652073e-09	-1.70667358024e-09
1.76112671111e-09	-2.00294314467e-09
1.76236690149e-09	-2.08918660149e-09
1.76360709187e-09	-2.00202610046e-09
1.76484728225e-09	-1.77811765312e-09
1.76608747263e-09	-1.44633649501e-09
1.76732766301e-09	-1.02405961488e-09
1.76856785339e-09	-5.28097621189e-10
1.76980804377e-09	1.58941644568e-11
1.77104823415e-09	5.64789492952e-10
1.77228842453e-09	1.05351893875e-09
1.77352861491e-09	1.40328437759e-09
1.77476880529e-09	1.53279611226e-09
1.77600899567e-09	1.3827261558e-09
1.77724918605e-09	9.35948984981e-10
1.77848937642e-09	2.36616559679e-10
1.7797295668e-09	-6.05268890563e-10
1.78096975718e-09	-1.43020295607e-09
1.78220994756e-09	-2.05831063305e-09
1.78345013794e-09	-2.3358623924e-09
1.78469032832e-09	-2.17496376465e-09
1.7859305187e-09	-1.58507440506e-09
1.78717070908e-09	-6.76446565429e-10
1.78841089946e-09	3.65202423858e-10
1.78965108984e-09	1.32556388088e-09
1.79089128022e-09	2.02540073602e-09
1.7921314706e-09	2.36831909639e-09
1.79337166098e-09	2.36500885542e-09
1.79461185136e-09	2.11327622068e-09
1.79585204174e-09	1.74819347887e-09
1.79709223212e-09	1.38254652171e-09
1.7983324225e-09	1.06192588056e-09
1.79957261288e-09	7.63833885031e-10
1.80081280325e-09	4.27461038788e-10
1.80205299363e-09	5.78174313981e-12
1.80329318401e-09	-4.98292962448e-10
1.80453337439e-09	-1.025294738e-09
1.80577356477e-09	-1.48377432563e-09
1.80701375515e-09	-1.79313186521e-09
1.80825394553e-09	-1.91121496407e-09
1.80949413591e-09	-1.84542858772e-09
1.81073432629e-09	-1.63523383723e-09
1.81197451667e-09	-1.3285119671e-09
1.81321470705e-09	-9.61801638333e-10
1.81445489743e-09	-5.53131151992e-10
1.81569508781e-09	-1.12415451947e-10
1.81693527819e-09	3.48334000533e-10
1.81817546857e-09	7.99068533563e-10
1.81941565895e-09	1.1886527318e-09
1.82065584933e-09	1.44821032944e-09
1.82189603971e-09	1.50482615258e-09
1.82313623008e-09	1.30569188794e-09
1.82437642046e-09	8.4069479156e-10
1.82561661084e-09	1.6576298667e-10
1.82685680122e-09	-5.9703486599e-10
1.8280969916e-09	-1.27789145932e-09
1.82933718198e-09	-1.7031449584e-09
1.83057737236e-09	-1.75021264148e-09
1.83181756274e-09	-1.3903440621e-09
1.83305775312e-09	-7.06720015842e-10
1.8342979435e-09	1.3260291476e-10
1.83553813388e-09	9.27300403131e-10
1.83677832426e-09	1.51342849364e-09
1.83801851464e-09	1.81321291315e-09
1.83925870502e-09	1.84714799012e-09
1.8404988954e-09	1.70859715265e-09
1.84173908578e-09	1.50659207332e-09
1.84297927616e-09	1.31361499456e-09
1.84421946654e-09	1.13082776476e-09
1.84545965691e-09	8.96037910536e-10
1.84669984729e-09	5.23915466566e-10
1.84794003767e-09	-4.04389438602e-11
1.84918022805e-09	-7.75251640661e-10
1.85042041843e-09	-1.57473289963e-09
1.85166060881e-09	-2.27553931254e-09
1.85290079919e-09	-2.71685496323e-09
1.85414098957e-09	-2.7979125683e-09
1.85538117995e-09	-2.51089993242e-09
1.85662137033e-09	-1.93564675399e-09
1.85786156071e-09	-1.19615073402e-09
1.85910175109e-09	-4.1255956984e-10
1.86034194147e-09	3.36174477145e-10
1.86158213185e-09	1.01307640055e-09
1.86282232223e-09	1.60048818643e-09
1.86406251261e-09	2.06952632809e-09
1.86530270299e-09	2.36188624214e-09
1.86654289337e-09	2.4017978717e-09
1.86778308375e-09	2.12281947576e-09
1.86902327412e-09	1.50637169405e-09
1.8702634645e-09	6.04775229895e-10
1.87150365488e-09	-4.53899667852e-10
1.87274384526e-09	-1.48436363201e-09
1.87398403564e-09	-2.28440732997e-09
1.87522422602e-09	-2.68021693728e-09
1.8764644164e-09	-2.57643728574e-09
1.87770460678e-09	-1.98432470455e-09
1.87894479716e-09	-1.02600483665e-09
1.88018498754e-09	9.64259089242e-11
1.88142517792e-09	1.15789011712e-09
1.8826653683e-09	1.97034522031e-09
1.88390555868e-09	2.43155984236e-09
1.88514574906e-09	2.53407694828e-09
1.88638593944e-09	2.34497110618e-09
1.88762612982e-09	1.95995397689e-09
1.8888663202e-09	1.45910317162e-09
1.89010651058e-09	8.83482897951e-10
1.89134670095e-09	2.36706182433e-10
1.89258689133e-09	-4.85251727689e-10
1.89382708171e-09	-1.26319898985e-09
1.89506727209e-09	-2.02946504047e-09
1.89630746247e-09	-2.67016209143e-09
1.89754765285e-09	-3.05202130235e-09
1.89878784323e-09	-3.06388536764e-09
1.90002803361e-09	-2.66074806632e-09
1.90126822399e-09	-1.88377913268e-09
1.90250841437e-09	-8.5699958241e-10
1.90374860475e-09	2.49009673992e-10
1.90498879513e-09	1.26436250358e-09
1.90622898551e-09	2.0621195862e-09
1.90746917589e-09	2.57985721674e-09
1.90870936627e-09	2.80842771261e-09
1.90994955665e-09	2.76666622945e-09
1.91118974703e-09	2.46985010222e-09
1.91242993741e-09	1.92060212179e-09
1.91367012778e-09	1.12294862298e-09
1.91491031816e-09	1.12506032268e-10
1.91615050854e-09	-1.01396402385e-09
1.91739069892e-09	-2.09733252987e-09
1.9186308893e-09	-2.94102697751e-09
1.91987107968e-09	-3.3642748587e-09
1.92111127006e-09	-3.2545461881e-09
1.92235146044e-09	-2.6035633649e-09
1.92359165082e-09	-1.51404500048e-09
1.9248318412e-09	-1.73519365543e-10
1.92607203158e-09	1.18620746559e-09
1.92731222196e-09	2.34126829035e-09
1.92855241234e-09	3.11702774702e-09
1.92979260272e-09	3.41889516697e-09
1.9310327931e-09	3.24244564531e-09
1.93227298348e-09	2.66160693485e-09
1.93351317386e-09	1.80321568788e-09
1.93475336424e-09	8.07718003593e-10
1.93599355461e-09	-1.99966113112e-10
1.93723374499e-09	-1.13005227398e-09
1.93847393537e-09	-1.92532878529e-09
1.93971412575e-09	-2.54568610636e-09
1.94095431613e-09	-2.952030842e-09
1.94219450651e-09	-3.09535397314e-09
1.94343469689e-09	-2.92687496461e-09
1.94467488727e-09	-2.41592879036e-09
1.94591507765e-09	-1.57686952384e-09
1.94715526803e-09	-4.85256168581e-10
1.94839545841e-09	7.23201110109e-10
1.94963564879e-09	1.87228876847e-09
1.95087583917e-09	2.78463696546e-09
1.95211602955e-09	3.31964744582e-09
1.95335621993e-09	3.40613892647e-09
1.95459641031e-09	3.05048297733e-09
1.95583660069e-09	2.32468511108e-09
1.95707679107e-09	1.33977551275e-09
1.95831698145e-09	2.1541148032e-10
1.95955717182e-09	-9.35006183589e-10
1.9607973622e-09	-2.00844341158e-09
1.96203755258e-09	-2.90098589595e-09
1.96327774296e-09	-3.50219031553e-09
1.96451793334e-09	-3.7018683674e-09
1.96575812372e-09	-3.41420891559e-09
1.9669983141e-09	-2.61561594606e-09
1.96823850448e-09	-1.37143629786e-09
1.96947869486e-09	1.54626381144e-10
1.97071888524e-09	1.72620040484e-09
1.97195907562e-09	3.08203995658e-09
1.973199266e-09	3.99387189987e-09
1.97443945638e-09	4.31632418696e-09
1.97567964676e-09	4.01027699937e-09
1.97691983714e-09	3.14617487618e-09
1.97816002752e-09	1.88046644922e-09
1.9794002179e-09	4.22826995639e-10
1.98064040828e-09	-1.00512165258e-09
1.98188059865e-09	-2.20994378353e-09
1.98312078903e-09	-3.05620995178e-09
1.98436097941e-09	-3.48417339424e-09
1.98560116979e-09	-3.50088380507e-09
1.98684136017e-09	-3.15919024274e-09
1.98808155055e-09	-2.52643372889e-09
1.98932174093e-09	-1.66482816422e-09
1.99056193131e-09	-6.31091068293e-10
1.99180212169e-09	5.08398489973e-10
1.99304231207e-09	1.65431424115e-09
1.99428250245e-09	2.66993471776e-09
1.99552269283e-09	3.39487815637e-09
1.99676288321e-09	3.68439678766e-09
1.99800307359e-09	3.45337580754e-09
1.99924326397e-09	2.70789879409e-09
2.00048345435e-09	1.55368429233e-09
2.00172364473e-09	1.71714920061e-10
2.00296383511e-09	-1.2211378575e-09
2.00420402548e-09	-2.42220110636e-09
2.00544421586e-09	-3.2797982108e-09
2.00668440624e-09	-3.71082897743e-09
2.00792459662e-09	-3.6979028728e-09
2.009164787e-09	-3.26844218357e-09
2.01040497738e-09	-2.47613218818e-09
2.01164516776e-09	-1.38751965473e-09
2.01288535814e-09	-8.82664635826e-11
2.01412554852e-09	1.30392763253e-09
2.0153657389e-09	2.62994603872e-09
2.01660592928e-09	3.69584673976e-09
2.01784611966e-09	4.30773372528e-09
2.01908631004e-09	4.31963709246e-09
2.02032650042e-09	3.68575325815e-09
2.0215666908e-09	2.48646614409e-09
2.02280688118e-09	9.21239140528e-10
2.02404707156e-09	-7.3470718398e-10
2.02528726194e-09	-2.19815188274e-09
2.02652745231e-09	-3.24056470546e-09
2.02776764269e-09	-3.73532094144e-09
2.02900783307e-09	-3.66808716734e-09
2.03024802345e-09	-3.12139181169e-09
2.03148821383e-09	-2.23736629223e-09
2.03272840421e-09	-1.17553522472e-09
2.03396859459e-09	-8.19745243907e-11
2.03520878497e-09	9.31360211176e-10
2.03644897535e-09	1.78540526807e-09
2.03768916573e-09	2.42586639665e-09
2.03892935611e-09	2.8077860037e-09
2.04016954649e-09	2.88805712678e-09
2.04140973687e-09	2.63133448364e-09
2.04264992725e-09	2.0256873956e-09
2.04389011763e-09	1.10850573165e-09
2.04513030801e-09	-2.06953568865e-11
2.04637049839e-09	-1.20306686835e-09
2.04761068877e-09	-2.24995067022e-09
2.04885087915e-09	-2.98673796806e-09
2.05009106952e-09	-3.29567617641e-09
2.0513312599e-09	-3.14495496312e-09
2.05257145028e-09	-2.58655652452e-09
2.05381164066e-09	-1.73531566894e-09
2.05505183104e-09	-7.31167626444e-10
2.05629202142e-09	2.94052338035e-10
2.0575322118e-09	1.23735710567e-09
2.05877240218e-09	2.02925942716e-09
2.06001259256e-09	2.62061639056e-09
2.06125278294e-09	2.970145907e-09
2.06249297332e-09	3.0329267986e-09
2.0637331637e-09	2.76757661233e-09
2.06497335408e-09	2.15708628737e-09
2.06621354446e-09	1.23625643056e-09
2.06745373484e-09	1.12841055944e-10
2.06869392522e-09	-1.03966113496e-09
2.0699341156e-09	-2.0133712475e-09
2.07117430598e-09	-2.62380916993e-09
2.07241449635e-09	-2.76425726753e-09
2.07365468673e-09	-2.43816078438e-09
2.07489487711e-09	-1.7551126108e-09
2.07613506749e-09	-8.89222806499e-10
2.07737525787e-09	-2.48897031457e-11
2.07861544825e-09	6.96140589618e-10
2.07985563863e-09	1.19764631545e-09
2.08109582901e-09	1.46656276012e-09
2.08233601939e-09	1.52967882805e-09
2.08357620977e-09	1.4253336289e-09
2.08481640015e-09	1.1874117245e-09
2.08605659053e-09	8.39005365183e-10
2.08729678091e-09	4.02049449288e-10
2.08853697129e-09	-9.57005100166e-11
2.08977716167e-09	-6.13444517406e-10
2.09101735205e-09	-1.09701059348e-09
2.09225754243e-09	-1.48544565537e-09
2.09349773281e-09	-1.71837322149e-09
2.09473792318e-09	-1.7510176642e-09
2.09597811356e-09	-1.56503532356e-09
2.09721830394e-09	-1.18067700061e-09
2.09845849432e-09	-6.56640630758e-10
2.0996986847e-09	-7.69688549007e-11
2.10093887508e-09	4.70760430638e-10
2.10217906546e-09	9.22854126451e-10
2.10341925584e-09	1.25225130265e-09
2.10465944622e-09	1.46815837265e-09
2.1058996366e-09	1.59551705181e-09
2.10713982698e-09	1.65112934436e-09
2.10838001736e-09	1.62818836191e-09
2.10962020774e-09	1.49539025607e-09
2.11086039812e-09	1.21726240199e-09
2.1121005885e-09	7.77888475856e-10
2.11334077888e-09	2.04424754902e-10
2.11458096926e-09	-4.28774210581e-10
2.11582115964e-09	-1.0141205653e-09
2.11706135002e-09	-1.4402941062e-09
2.11830154039e-09	-1.63011004695e-09
2.11954173077e-09	-1.5644306961e-09
2.12078192115e-09	-1.29043287167e-09
2.12202211153e-09	-9.00411911697e-10
2.12326230191e-09	-4.97302810043e-10
2.12450249229e-09	-1.57820895241e-10
2.12574268267e-09	8.95064855566e-11
2.12698287305e-09	2.58232463191e-10
2.12822306343e-09	3.83248210944e-10
2.12946325381e-09	4.8944637232e-10
2.13070344419e-09	5.76007630482e-10
2.13194363457e-09	6.1652977168e-10
2.13318382495e-09	5.75549718995e-10
2.13442401533e-09	4.30323859879e-10
2.13566420571e-09	1.81946138711e-10
2.13690439609e-09	-1.40583183983e-10
2.13814458647e-09	-4.90573304202e-10
2.13938477685e-09	-8.12701406172e-10
2.14062496722e-09	-1.05305786313e-09
2.1418651576e-09	-1.16613640966e-09
2.14310534798e-09	-1.11979592265e-09
2.14434553836e-09	-9.03928876195e-10
2.14558572874e-09	-5.32593413816e-10
2.14682591912e-09	-4.58015986249e-11
2.1480661095e-09	4.99612018423e-10
2.14930629988e-09	1.04156383518e-09
2.15054649026e-09	1.52333601289e-09
2.15178668064e-09	1.89979831866e-09
2.15302687102e-09	2.132034993e-09
2.1542670614e-09	2.18419948794e-09
2.15550725178e-09	2.0202608475e-09
2.15674744216e-09	1.61420343758e-09
2.15798763254e-09	9.67471880386e-10
2.15922782292e-09	1.25784715976e-10
2.1604680133e-09	-8.11961331504e-10
2.16170820368e-09	-1.70754743678e-09
2.16294839405e-09	-2.40963493603e-09
2.16418858443e-09	-2.79317502461e-09
2.16542877481e-09	-2.79134471093e-09
2.16666896519e-09	-2.41243558463e-09
2.16790915557e-09	-1.73710845708e-09
2.16914934595e-09	-8.93726037621e-10
2.17038953633e-09	-2.7648374909e-11
2.17162972671e-09	7.3450512339e-10
2.17286991709e-09	1.30587862746e-09
2.17411010747e-09	1.64754931919e-09
2.17535029785e-09	1.76054737455e-09
2.17659048823e-09	1.66760494302e-09
2.17783067861e-09	1.39907818664e-09
2.17907086899e-09	9.83018555445e-10
2.18031105937e-09	4.51650633559e-10
2.18155124975e-09	-1.50699605572e-10
2.18279144013e-09	-7.59484031221e-10
2.18403163051e-09	-1.29204369426e-09
2.18527182088e-09	-1.66240066157e-09
2.18651201126e-09	-1.79828973934e-09
2.18775220164e-09	-1.66102043231e-09
2.18899239202e-09	-1.25263799333e-09
2.1902325824e-09	-6.18125273188e-10
2.19147277278e-09	1.61762769846e-10
2.19271296316e-09	9.8260988235e-10
2.19395315354e-09	1.72937453247e-09
2.19519334392e-09	2.2957036272e-09
2.1964335343e-09	2.59920884815e-09
2.19767372468e-09	2.59721044671e-09
2.19891391506e-09	2.29055130418e-09
2.20015410544e-09	1.7184623724e-09
2.20139429582e-09	9.46510647637e-10
2.2026344862e-09	5.11598159669e-11
2.20387467658e-09	-8.85521600491e-10
2.20511486696e-09	-1.77730297146e-09
2.20635505734e-09	-2.52780796295e-09
2.20759524772e-09	-3.03306291194e-09
2.20883543809e-09	-3.19559778639e-09
2.21007562847e-09	-2.94996338468e-09
2.21131581885e-09	-2.29491536885e-09
2.21255600923e-09	-1.30964639133e-09
2.21379619961e-09	-1.5127958608e-10
2.21503638999e-09	9.78424896658e-10
2.21627658037e-09	1.88139503976e-09
2.21751677075e-09	2.41310837978e-09
2.21875696113e-09	2.51734855183e-09
2.21999715151e-09	2.22944840367e-09
2.22123734189e-09	1.65739666436e-09
2.22247753227e-09	9.40940325656e-10
2.22371772265e-09	2.12659792553e-10
2.22495791303e-09	-4.31109342669e-10
2.22619810341e-09	-9.39069599859e-10
2.22743829379e-09	-1.29337085486e-09
2.22867848417e-09	-1.49203016608e-09
2.22991867455e-09	-1.52890078375e-09
2.23115886492e-09	-1.39076805628e-09
2.2323990553e-09	-1.06594666427e-09
2.23363924568e-09	-5.63560587086e-10
2.23487943606e-09	7.0580243039e-11
2.23611962644e-09	7.53578643931e-10
2.23735981682e-09	1.37846190018e-09
2.2386000072e-09	1.84279203008e-09
2.23984019758e-09	2.07210471004e-09
2.24108038796e-09	2.0358819075e-09
2.24232057834e-09	1.74773728823e-09
2.24356076872e-09	1.25450050348e-09
2.2448009591e-09	6.23690710189e-10
2.24604114948e-09	-7.13088615933e-11
2.24728133986e-09	-7.57933160678e-10
2.24852153024e-09	-1.37227396113e-09
2.24976172062e-09	-1.86145154846e-09
2.251001911e-09	-2.18364260007e-09
2.25224210138e-09	-2.30699215287e-09
2.25348229175e-09	-2.20610729684e-09
2.25472248213e-09	-1.86747861619e-09
2.25596267251e-09	-1.29775545865e-09
2.25720286289e-09	-5.40190225884e-10
2.25844305327e-09	3.15894643776e-10
2.25968324365e-09	1.14062026491e-09
2.26092343403e-09	1.78699077757e-09
2.26216362441e-09	2.13205075816e-09
2.26340381479e-09	2.11393635929e-09
2.26464400517e-09	1.7562495902e-09
2.26588419555e-09	1.16054887922e-09
2.26712438593e-09	4.74405958961e-10
2.26836457631e-09	-1.54533844055e-10
2.26960476669e-09	-6.22022100494e-10
2.27084495707e-09	-8.86903883668e-10
2.27208514745e-09	-9.6908303604e-10
2.27332533783e-09	-9.22588172525e-10
2.27456552821e-09	-8.05466304765e-10
2.27580571858e-09	-6.5491689849e-10
2.27704590896e-09	-4.78779016433e-10
2.27828609934e-09	-2.66279526207e-10
2.27952628972e-09	-4.63242508589e-12
2.2807664801e-09	3.00747843296e-10
2.28200667048e-09	6.19813922409e-10
2.28324686086e-09	9.01358820915e-10
2.28448705124e-09	1.08862108217e-09
2.28572724162e-09	1.13890474829e-09
2.286967432e-09	1.03568931209e-09
2.28820762238e-09	7.94089072276e-10
2.28944781276e-09	4.51177456506e-10
2.29068800314e-09	5.35077815389e-11
2.29192819352e-09	-3.5693417666e-10
2.2931683839e-09	-7.4838929498e-10
2.29440857428e-09	-1.09553888183e-09
2.29564876466e-09	-1.3736198845e-09
2.29688895504e-09	-1.5505454698e-09
2.29812914542e-09	-1.59010193901e-09
2.29936933579e-09	-1.45966849718e-09
2.30060952617e-09	-1.14430354081e-09
2.30184971655e-09	-6.58434862189e-10
2.30308990693e-09	-4.98246444103e-11
2.30433009731e-09	6.01889760254e-10
2.30557028769e-09	1.19924115083e-09
2.30681047807e-09	1.64313751494e-09
2.30805066845e-09	1.85583959311e-09
2.30929085883e-09	1.8007227931e-09
2.31053104921e-09	1.49407430872e-09
2.31177123959e-09	1.00475505693e-09
2.31301142997e-09	4.3429065899e-10
2.31425162035e-09	-1.09912225155e-10
2.31549181073e-09	-5.46252265643e-10
2.31673200111e-09	-8.36335722898e-10
2.31797219149e-09	-9.85475145932e-10
2.31921238187e-09	-1.02688046955e-09
2.32045257225e-09	-9.96365878692e-10
2.32169276262e-09	-9.14986530987e-10
2.322932953e-09	-7.80378095477e-10
2.32417314338e-09	-5.76525549523e-10
2.32541333376e-09	-2.89602924974e-10
2.32665352414e-09	7.49154210888e-11
2.32789371452e-09	4.82494599829e-10
2.3291339049e-09	8.73488836817e-10
2.33037409528e-09	1.1742702366e-09
2.33161428566e-09	1.31841149109e-09
2.33285447604e-09	1.26329890993e-09
2.33409466642e-09	1.00315777907e-09
2.3353348568e-09	5.71335367905e-10
2.33657504718e-09	3.15623187308e-11
2.33781523756e-09	-5.35374300448e-10
2.33905542794e-09	-1.05024522412e-09
2.34029561832e-09	-1.44601575158e-09
2.3415358087e-09	-1.67525127104e-09
2.34277599908e-09	-1.70915936959e-09
2.34401618945e-09	-1.53485435472e-09
2.34525637983e-09	-1.1569362135e-09
2.34649657021e-09	-6.00628935477e-10
2.34773676059e-09	7.99319777034e-11
2.34897695097e-09	8.01939237238e-10
2.35021714135e-09	1.46088297015e-09
2.35145733173e-09	1.94957694433e-09
2.35269752211e-09	2.18237605765e-09
2.35393771249e-09	2.11411932405e-09
2.35517790287e-09	1.75199621477e-09
2.35641809325e-09	1.15155429636e-09
2.35765828363e-09	4.06950334542e-10
2.35889847401e-09	-3.67427754888e-10
2.36013866439e-09	-1.05597708355e-09
2.36137885477e-09	-1.56086310543e-09
2.36261904515e-09	-1.82100534651e-09
2.36385923553e-09	-1.82137260829e-09
2.36509942591e-09	-1.59500301855e-09
2.36633961628e-09	-1.20802967629e-09
2.36757980666e-09	-7.38711869452e-10
2.36881999704e-09	-2.54999354965e-10
2.37006018742e-09	1.99071648055e-10
2.3713003778e-09	6.00416605323e-10
2.37254056818e-09	9.3668717227e-10
2.37378075856e-09	1.19006693389e-09
2.37502094894e-09	1.33184652196e-09
2.37626113932e-09	1.32638944272e-09
2.3775013297e-09	1.14576548249e-09
2.37874152008e-09	7.88119514095e-10
2.37998171046e-09	2.87612350602e-10
2.38122190084e-09	-2.83564560721e-10
2.38246209122e-09	-8.29679325243e-10
2.3837022816e-09	-1.25220944724e-09
2.38494247198e-09	-1.4748495758e-09
2.38618266236e-09	-1.46186474037e-09
2.38742285274e-09	-1.22298482452e-09
2.38866304312e-09	-8.07573008466e-10
2.38990323349e-09	-2.85880097373e-10
2.39114342387e-09	2.6756064031e-10
2.39238361425e-09	7.87598763985e-10
2.39362380463e-09	1.22131305069e-09
2.39486399501e-09	1.52471613113e-09
2.39610418539e-09	1.6608755482e-09
2.39734437577e-09	1.60003399419e-09
2.39858456615e-09	1.33035027439e-09
2.39982475653e-09	8.67483473943e-10
2.40106494691e-09	2.62668914397e-10
2.40230513729e-09	-4.00522059962e-10
2.40354532767e-09	-1.02075436992e-09
2.40478551805e-09	-1.49856604903e-09
2.40602570843e-09	-1.75985204187e-09
2.40726589881e-09	-1.76920234018e-09
2.40850608919e-09	-1.53749035725e-09
2.40974627957e-09	-1.11751852216e-09
2.41098646995e-09	-5.92548676792e-10
2.41222666032e-09	-5.95209576071e-11
2.4134668507e-09	3.93150040301e-10
2.41470704108e-09	7.03502367472e-10
2.41594723146e-09	8.51294812421e-10
2.41718742184e-09	8.57597770576e-10
2.41842761222e-09	7.72220953849e-10
2.4196678026e-09	6.50543729996e-10
2.42090799298e-09	5.29832067109e-10
2.42214818336e-09	4.19128232121e-10
2.42338837374e-09	3.02612962466e-10
2.42462856412e-09	1.60266341864e-10
2.4258687545e-09	-1.27147251061e-11
2.42710894488e-09	-1.94700311429e-10
2.42834913526e-09	-3.43078343512e-10
2.42958932564e-09	-4.13996781301e-10
2.43082951602e-09	-3.82038872759e-10
2.4320697064e-09	-2.54804954913e-10
2.43330989678e-09	-6.88340912047e-11
2.43455008715e-09	1.24120547174e-10
2.43579027753e-09	2.77150968842e-10
2.43703046791e-09	3.64342250814e-10
2.43827065829e-09	3.84573123346e-10
2.43951084867e-09	3.56823043335e-10
2.44075103905e-09	3.04655106698e-10
2.44199122943e-09	2.43969816571e-10
2.44323141981e-09	1.74338765646e-10
2.44447161019e-09	8.15031861445e-11
2.44571180057e-09	-5.06471808936e-11
2.44695199095e-09	-2.2730506366e-10
2.44819218133e-09	-4.31581659299e-10
2.44943237171e-09	-6.27243479379e-10
2.45067256209e-09	-7.68757613123e-10
2.45191275247e-09	-8.19742163038e-10
2.45315294285e-09	-7.67609142915e-10
2.45439313323e-09	-6.27780882834e-10
2.45563332361e-09	-4.38550001869e-10
2.45687351398e-09	-2.44280595751e-10
2.45811370436e-09	-8.09678782354e-11
2.45935389474e-09	3.64491145599e-11
2.46059408512e-09	1.15539827705e-10
2.4618342755e-09	1.80577192088e-10
2.46307446588e-09	2.62777272164e-10
2.46431465626e-09	3.8626024601e-10
2.46555484664e-09	5.5923554676e-10
2.46679503702e-09	7.65701224648e-10
2.4680352274e-09	9.66447810669e-10
2.46927541778e-09	1.10609632564e-09
2.47051560816e-09	1.12838305366e-09
2.47175579854e-09	9.96797089314e-10
2.47299598892e-09	7.08969161156e-10
2.4742361793e-09	3.03773728394e-10
2.47547636968e-09	-1.49390513848e-10
2.47671656006e-09	-5.70380687126e-10
2.47795675044e-09	-8.92178608769e-10
2.47919694082e-09	-1.07683562067e-09
2.48043713119e-09	-1.11647757706e-09
2.48167732157e-09	-1.02583719297e-09
2.48291751195e-09	-8.27442558915e-10
2.48415770233e-09	-5.45141820574e-10
2.48539789271e-09	-2.0391260902e-10
2.48663808309e-09	1.63301427936e-10
2.48787827347e-09	5.09576658647e-10
2.48911846385e-09	7.77293229781e-10
2.49035865423e-09	9.07200814471e-10
2.49159884461e-09	8.57188042769e-10
2.49283903499e-09	6.16609652226e-10
2.49407922537e-09	2.1557640395e-10
2.49531941575e-09	-2.77705830554e-10
2.49655960613e-09	-7.71657404641e-10
2.49779979651e-09	-1.17125975585e-09
2.49903998689e-09	-1.40244427183e-09
2.50028017727e-09	-1.42623357569e-09
2.50152036765e-09	-1.24487675723e-09
2.50276055802e-09	-8.94052665235e-10
2.5040007484e-09	-4.27908181111e-10
2.50524093878e-09	9.52089657114e-11
2.50648112916e-09	6.23592177895e-10
2.50772131954e-09	1.1122633925e-09
2.50896150992e-09	1.52195256398e-09
2.5102017003e-09	1.81491355278e-09
2.51144189068e-09	1.95626603805e-09
2.51268208106e-09	1.91901317059e-09
2.51392227144e-09	1.68931812983e-09
2.51516246182e-09	1.27321797549e-09
2.5164026522e-09	6.97964019913e-10
2.51764284258e-09	1.48960808966e-11
2.51888303296e-09	-7.02986502343e-10
2.52012322334e-09	-1.36544375806e-09
2.52136341372e-09	-1.87517423811e-09
2.5226036041e-09	-2.14645257124e-09
2.52384379448e-09	-2.12432382796e-09
2.52508398485e-09	-1.80403136874e-09
2.52632417523e-09	-1.23612109437e-09
2.52756436561e-09	-5.18680653983e-10
2.52880455599e-09	2.25312865587e-10
2.53004474637e-09	8.77033223823e-10
2.53128493675e-09	1.34401512142e-09
2.53252512713e-09	1.57359481001e-09
2.53376531751e-09	1.55013812897e-09
2.53500550789e-09	1.28807098321e-09
2.53624569827e-09	8.23143664341e-10
2.53748588865e-09	2.09861544809e-10
2.53872607903e-09	-4.7618325949e-10
2.53996626941e-09	-1.14026799114e-09
2.54120645979e-09	-1.67518399152e-09
2.54244665017e-09	-1.98106553384e-09
2.54368684055e-09	-1.98722793776e-09
2.54492703093e-09	-1.67276081875e-09
2.54616722131e-09	-1.07501740843e-09
2.54740741168e-09	-2.82565831844e-10
2.54864760206e-09	5.81697190416e-10
2.54988779244e-09	1.38735833932e-09
2.55112798282e-09	2.01906735775e-09
2.5523681732e-09	2.39627162557e-09
2.55360836358e-09	2.48220755061e-09
2.55484855396e-09	2.28382224243e-09
2.55608874434e-09	1.84507109591e-09
2.55732893472e-09	1.23277554831e-09
2.5585691251e-09	5.25290533293e-10
2.55980931548e-09	-1.99871133533e-10
2.56104950586e-09	-8.71735905683e-10
2.56228969624e-09	-1.42951306348e-09
2.56352988662e-09	-1.82471726617e-09
2.564770077e-09	-2.02168881636e-09
2.56601026738e-09	-2.00152161511e-09
2.56725045776e-09	-1.76334791213e-09
2.56849064814e-09	-1.32905897399e-09
2.56973083852e-09	-7.45002337599e-10
2.57097102889e-09	-8.24269680288e-11
2.57221121927e-09	5.66497571075e-10
2.57345140965e-09	1.10156417321e-09
2.57469160003e-09	1.43147138587e-09
2.57593179041e-09	1.49712642283e-09
2.57717198079e-09	1.2874188382e-09
2.57841217117e-09	8.45532421856e-10
2.57965236155e-09	2.59180593654e-10
2.58089255193e-09	-3.62402108323e-10
2.58213274231e-09	-9.13209008413e-10
2.58337293269e-09	-1.31284971783e-09
2.58461312307e-09	-1.51350532107e-09
2.58585331345e-09	-1.49876355771e-09
2.58709350383e-09	-1.27491928126e-09
2.58833369421e-09	-8.64416538349e-10
2.58957388459e-09	-3.06253356008e-10
2.59081407497e-09	3.42265105147e-10
2.59205426535e-09	1.00215558074e-09
2.59329445572e-09	1.5805375897e-09
2.5945346461e-09	1.98467953183e-09
2.59577483648e-09	2.14303841339e-09
2.59701502686e-09	2.02397076876e-09
2.59825521724e-09	1.64407809589e-09
2.59949540762e-09	1.06681752321e-09
2.600735598e-09	3.86995269164e-10
2.60197578838e-09	-2.87813883837e-10
2.60321597876e-09	-8.59848914292e-10
2.60445616914e-09	-1.25883869995e-09
2.60569635952e-09	-1.45274547947e-09
2.6069365499e-09	-1.45042922117e-09
2.60817674028e-09	-1.29188748588e-09
2.60941693066e-09	-1.03450437106e-09
2.61065712104e-09	-7.34082405973e-10
2.61189731142e-09	-4.33053454207e-10
2.6131375018e-09	-1.56546192676e-10
2.61437769218e-09	8.33212387974e-11
2.61561788255e-09	2.77153577866e-10
2.61685807293e-09	4.13065082139e-10
2.61809826331e-09	4.74446815169e-10
2.61933845369e-09	4.47247627822e-10
2.62057864407e-09	3.28074040157e-10
2.62181883445e-09	1.3112742836e-10
2.62305902483e-09	-1.09007858295e-10
2.62429921521e-09	-3.43488792964e-10
2.62553940559e-09	-5.17950848877e-10
2.62677959597e-09	-5.87688953058e-10
2.62801978635e-09	-5.29311261488e-10
2.62925997673e-09	-3.49125534038e-10
2.63050016711e-09	-8.24286749967e-11
2.63174035749e-09	2.17947035419e-10
2.63298054787e-09	4.96543306472e-10
2.63422073825e-09	7.12754189003e-10
2.63546092863e-09	8.47576397955e-10
2.63670111901e-09	9.02790731061e-10
2.63794130938e-09	8.90125861908e-10
2.63918149976e-09	8.19335488345e-10
2.64042169014e-09	6.93277879549e-10
2.64166188052e-09	5.09218112121e-10
2.6429020709e-09	2.70319766571e-10
2.64414226128e-09	-5.96972731665e-12
2.64538245166e-09	-2.83429418824e-10
2.64662264204e-09	-5.14348730274e-10
2.64786283242e-09	-6.54922949206e-10
2.6491030228e-09	-6.80750400495e-10
2.65034321318e-09	-5.99400362677e-10
2.65158340356e-09	-4.48442560863e-10
2.65282359394e-09	-2.85021450885e-10
2.65406378432e-09	-1.66162694715e-10
2.6553039747e-09	-1.30151986411e-10
2.65654416508e-09	-1.84869106135e-10
2.65778435546e-09	-3.05077740848e-10
2.65902454584e-09	-4.4335674021e-10
2.66026473622e-09	-5.45063938429e-10
2.66150492659e-09	-5.67401015061e-10
2.66274511697e-09	-4.91823359816e-10
2.66398530735e-09	-3.27886801044e-10
2.66522549773e-09	-1.07657785464e-10
2.66646568811e-09	1.28498545138e-10
2.66770587849e-09	3.43897854638e-10
2.66894606887e-09	5.15728626471e-10
2.67018625925e-09	6.34654662157e-10
2.67142644963e-09	6.99970637008e-10
2.67266664001e-09	7.13070769098e-10
2.67390683039e-09	6.72969402427e-10
2.67514702077e-09	5.79084502572e-10
2.67638721115e-09	4.3394343674e-10
2.67762740153e-09	2.49307408051e-10
2.67886759191e-09	4.66255957454e-11
2.68010778229e-09	-1.44835796134e-10
2.68134797267e-09	-2.92550011993e-10
2.68258816305e-09	-3.68609975876e-10
2.68382835342e-09	-3.55692170162e-10
2.6850685438e-09	-2.55531873439e-10
2.68630873418e-09	-9.06598962569e-11
2.68754892456e-09	9.7439847857e-11
2.68878911494e-09	2.58748550364e-10
2.69002930532e-09	3.50436540897e-10
2.6912694957e-09	3.49805712174e-10
2.69250968608e-09	2.61872912244e-10
2.69374987646e-09	1.12748213543e-10
2.69499006684e-09	-6.24682042205e-11
2.69623025722e-09	-2.35734820553e-10
2.6974704476e-09	-3.94331761688e-10
2.69871063798e-09	-5.38243227766e-10
2.69995082836e-09	-6.70965005778e-10
2.70119101874e-09	-7.86136655773e-10
2.70243120912e-09	-8.62990345851e-10
2.7036713995e-09	-8.68590477321e-10
2.70491158988e-09	-7.70626673585e-10
2.70615178025e-09	-5.52180967617e-10
2.70739197063e-09	-2.21959867153e-10
2.70863216101e-09	1.81693049495e-10
2.70987235139e-09	5.99058080919e-10
2.71111254177e-09	9.61371759978e-10
2.71235273215e-09	1.20802512438e-09
2.71359292253e-09	1.29968302787e-09
2.71483311291e-09	1.22554566495e-09
2.71607330329e-09	1.00433539263e-09
2.71731349367e-09	6.76060707416e-10
2.71855368405e-09	2.92956714443e-10
2.71979387443e-09	-9.23792847773e-11
2.72103406481e-09	-4.33657082466e-10
2.72227425519e-09	-6.94664104017e-10
2.72351444557e-09	-8.50127301888e-10
2.72475463595e-09	-8.84628648112e-10
2.72599482633e-09	-7.95599142123e-10
2.72723501671e-09	-5.94343019245e-10
2.72847520708e-09	-3.09241493524e-10
2.72971539746e-09	1.66112991418e-11
2.73095558784e-09	3.30975385987e-10
2.73219577822e-09	5.81051318171e-10
2.7334359686e-09	7.24115545303e-10
2.73467615898e-09	7.33456795299e-10
2.73591634936e-09	6.04882088862e-10
2.73715653974e-09	3.57058743683e-10
2.73839673012e-09	3.07827756341e-11
2.7396369205e-09	-3.1689414981e-10
2.74087711088e-09	-6.23930518362e-10
2.74211730126e-09	-8.36252622705e-10
2.74335749164e-09	-9.22755982735e-10
2.74459768202e-09	-8.80681971793e-10
2.7458378724e-09	-7.3375583387e-10
2.74707806278e-09	-5.19540577226e-10
2.74831825316e-09	-2.74272826672e-10
2.74955844354e-09	-2.28939679714e-11
2.75079863392e-09	2.2356723417e-10
2.75203882429e-09	4.59629528882e-10
2.75327901467e-09	6.76798561638e-10
2.75451920505e-09	8.56090476287e-10
2.75575939543e-09	9.69549995844e-10
2.75699958581e-09	9.88639614619e-10
2.75823977619e-09	8.94625429293e-10
2.75947996657e-09	6.88791024217e-10
2.76072015695e-09	3.94154625605e-10
2.76196034733e-09	5.30295807266e-11
2.76320053771e-09	-2.83231549325e-10
2.76444072809e-09	-5.65503588401e-10
2.76568091847e-09	-7.56549656256e-10
2.76692110885e-09	-8.37991898095e-10
2.76816129923e-09	-8.09530775747e-10
2.76940148961e-09	-6.86820156304e-10
2.77064167999e-09	-4.94524032835e-10
2.77188187037e-09	-2.61941468516e-10
2.77312206075e-09	-1.94897813166e-11
2.77436225112e-09	2.03832797863e-10
2.7756024415e-09	3.80698472746e-10
2.77684263188e-09	4.89289497807e-10
2.77808282226e-09	5.15145814894e-10
2.77932301264e-09	4.55804366473e-10
2.78056320302e-09	3.22032456257e-10
2.7818033934e-09	1.36985311983e-10
2.78304358378e-09	-6.68914160173e-11
2.78428377416e-09	-2.54774701336e-10
2.78552396454e-09	-3.94193955255e-10
2.78676415492e-09	-4.61958415965e-10
2.7880043453e-09	-4.47059611552e-10
2.78924453568e-09	-3.53818141452e-10
2.79048472606e-09	-2.02212052658e-10
2.79172491644e-09	-2.42321857025e-11
2.79296510682e-09	1.42045347706e-10
2.7942052972e-09	2.64562732832e-10
2.79544548758e-09	3.2662086924e-10
2.79668567795e-09	3.33809951902e-10
2.79792586833e-09	3.10310749319e-10
2.79916605871e-09	2.86517976011e-10
2.80040624909e-09	2.83915585486e-10
2.80164643947e-09	3.02200681146e-10
2.80288662985e-09	3.20062892856e-10
2.80412682023e-09	3.04955755093e-10
2.80536701061e-09	2.30857652439e-10
2.80660720099e-09	9.19236631258e-11
2.80784739137e-09	-9.41248468056e-11
2.80908758175e-09	-2.92186524975e-10
2.81032777213e-09	-4.64528415733e-10
2.81156796251e-09	-5.81915182707e-10
2.81280815289e-09	-6.3091010194e-10
2.81404834327e-09	-6.1219779246e-10
2.81528853365e-09	-5.35251787337e-10
2.81652872403e-09	-4.13213824269e-10
2.81776891441e-09	-2.58569665679e-10
2.81900910478e-09	-8.43140141038e-11
2.82024929516e-09	9.60919538384e-11
2.82148948554e-09	2.66487665268e-10
2.82272967592e-09	4.09159067738e-10
2.8239698663e-09	5.07211717071e-10
2.82521005668e-09	5.47503320458e-10
2.82645024706e-09	5.25387511274e-10
2.82769043744e-09	4.45092795953e-10
2.82893062782e-09	3.2080324508e-10
2.8301708182e-09	1.72777681051e-10
2.83141100858e-09	2.36246473773e-11
2.83265119896e-09	-1.0601734074e-10
2.83389138934e-09	-2.01773570074e-10
2.83513157972e-09	-2.56199506055e-10
2.8363717701e-09	-2.70509309397e-10
2.83761196048e-09	-2.51682202856e-10
2.83885215086e-09	-2.10402417711e-10
2.84009234124e-09	-1.56759091818e-10
2.84133253162e-09	-9.62873669685e-11
2.84257272199e-09	-2.89148583549e-11
2.84381291237e-09	5.05519966165e-11
2.84505310275e-09	1.45652961914e-10
2.84629329313e-09	2.52251053379e-10
2.84753348351e-09	3.52388868086e-10
2.84877367389e-09	4.15096512718e-10
2.85001386427e-09	4.05247502222e-10
2.85125405465e-09	2.9701638371e-10
2.85249424503e-09	8.91066942454e-11
2.85373443541e-09	-1.90011617551e-10
2.85497462579e-09	-4.86111706444e-10
2.85621481617e-09	-7.35616401126e-10
2.85745500655e-09	-8.85106266058e-10
2.85869519693e-09	-9.0540464015e-10
2.85993538731e-09	-7.96842369866e-10
2.86117557769e-09	-5.81865777782e-10
2.86241576807e-09	-2.95391627825e-10
2.86365595845e-09	2.57516022395e-11
2.86489614882e-09	3.46508710614e-10
2.8661363392e-09	6.33364360958e-10
2.86737652958e-09	8.5479545664e-10
2.86861671996e-09	9.82544712258e-10
2.86985691034e-09	9.98485627512e-10
2.87109710072e-09	8.99108509866e-10
2.8723372911e-09	6.99158342332e-10
2.87357748148e-09	4.28938634611e-10
2.87481767186e-09	1.27923630022e-10
2.87605786224e-09	-1.61978833124e-10
2.87729805262e-09	-4.04373007301e-10
2.878538243e-09	-5.71800995441e-10
2.87977843338e-09	-6.49726217272e-10
2.88101862376e-09	-6.36592778491e-10
2.88225881414e-09	-5.4364734936e-10
2.88349900452e-09	-3.92686300144e-10
2.8847391949e-09	-2.11030637409e-10
2.88597938528e-09	-2.7721998308e-11
2.88721957565e-09	1.32716296286e-10
2.88845976603e-09	2.5254695557e-10
2.88969995641e-09	3.22817994558e-10
2.89094014679e-09	3.41768141565e-10
2.89218033717e-09	3.11592890379e-10
2.89342052755e-09	2.36438646439e-10
2.89466071793e-09	1.19577889257e-10
2.89590090831e-09	-3.41975579798e-11
2.89714109869e-09	-2.16064943714e-10
2.89838128907e-09	-4.08592853995e-10
2.89962147945e-09	-5.84005677151e-10
2.90086166983e-09	-7.07370495512e-10
2.90210186021e-09	-7.43174854989e-10
2.90334205059e-09	-6.67302213486e-10
2.90458224097e-09	-4.75624595264e-10
2.90582243135e-09	-1.89487814328e-10
2.90706262173e-09	1.47719322885e-10
2.90830281211e-09	4.80883721732e-10
2.90954300249e-09	7.56413320868e-10
2.91078319286e-09	9.35588273521e-10
2.91202338324e-09	9.9970254297e-10
2.91326357362e-09	9.50935552524e-10
2.914503764e-09	8.06205935344e-10
2.91574395438e-09	5.91082127688e-10
2.91698414476e-09	3.3531424859e-10
2.91822433514e-09	6.96291913016e-11
2.91946452552e-09	-1.74934913777e-10
2.9207047159e-09	-3.71557284939e-10
2.92194490628e-09	-5.00635810585e-10
2.92318509666e-09	-5.54429224753e-10
2.92442528704e-09	-5.37916211574e-10
2.92566547742e-09	-4.65965765972e-10
2.9269056678e-09	-3.59514973347e-10
2.92814585818e-09	-2.39855441064e-10
2.92938604856e-09	-1.27220248225e-10
2.93062623894e-09	-3.81610160138e-11
2.93186642932e-09	1.51414557975e-11
2.93310661969e-09	2.72210465974e-11
2.93434681007e-09	2.00599194373e-12
2.93558700045e-09	-4.7788439872e-11
2.93682719083e-09	-1.02885783226e-10
2.93806738121e-09	-1.44861053708e-10
2.93930757159e-09	-1.61529206677e-10
2.94054776197e-09	-1.51281376315e-10
2.94178795235e-09	-1.22294313565e-10
2.94302814273e-09	-8.73315725292e-11
2.94426833311e-09	-5.83220208239e-11
2.94550852349e-09	-3.99870622725e-11
2.94674871387e-09	-2.86542733985e-11
2.94798890425e-09	-1.26293090569e-11
2.94922909463e-09	2.25860302683e-11
2.95046928501e-09	8.75832739666e-11
2.95170947539e-09	1.83664652931e-10
2.95294966577e-09	2.98755520323e-10
2.95418985615e-09	4.10677991614e-10
2.95543004652e-09	4.93108553989e-10
2.9566702369e-09	5.25928856021e-10
2.95791042728e-09	5.02573149763e-10
2.95915061766e-09	4.31760543984e-10
2.96039080804e-09	3.33688243703e-10
2.96163099842e-09	2.29655544581e-10
2.9628711888e-09	1.34259853235e-10
2.96411137918e-09	4.99369955109e-11
2.96535156956e-09	-3.03393352108e-11
2.96659175994e-09	-1.16696388663e-10
2.96783195032e-09	-2.15403014869e-10
2.9690721407e-09	-3.23829102422e-10
2.97031233108e-09	-4.32150176755e-10
2.97155252146e-09	-5.26059529271e-10
2.97279271184e-09	-5.92382642939e-10
2.97403290222e-09	-6.21385054522e-10
2.9752730926e-09	-6.07866534885e-10
2.97651328298e-09	-5.51038603636e-10
2.97775347335e-09	-4.53051707261e-10
2.97899366373e-09	-3.20008880506e-10
2.98023385411e-09	-1.60464613819e-10
2.98147404449e-09	1.42211424928e-11
2.98271423487e-09	1.91207216726e-10
2.98395442525e-09	3.56235679844e-10
2.98519461563e-09	4.92638319027e-10
2.98643480601e-09	5.82236925339e-10
2.98767499639e-09	6.06231786993e-10
2.98891518677e-09	5.5148435818e-10
2.99015537715e-09	4.16638501477e-10
2.99139556753e-09	2.17959039706e-10
2.99263575791e-09	-1.00647545853e-11
2.99387594829e-09	-2.21489104835e-10
2.99511613867e-09	-3.69198310812e-10
2.99635632905e-09	-4.18544615632e-10
2.99759651943e-09	-3.55722368228e-10
2.99883670981e-09	-1.91968121954e-10
3.00007690019e-09	3.97065644253e-11
3.00131709056e-09	2.92955742998e-10
3.00255728094e-09	5.18418752371e-10
3.00379747132e-09	6.75582700893e-10
3.0050376617e-09	7.39303507302e-10
3.00627785208e-09	7.03438807204e-10
3.00751804246e-09	5.77144665392e-10
3.00875823284e-09	3.78448217209e-10
3.00999842322e-09	1.27937646588e-10
3.0112386136e-09	-1.55340837416e-10
3.01247880398e-09	-4.51453152639e-10
3.01371899436e-09	-7.36899541387e-10
3.01495918474e-09	-9.80797443262e-10
3.01619937512e-09	-1.14739373558e-09
3.0174395655e-09	-1.20327425801e-09
3.01867975588e-09	-1.12701792343e-09
3.01991994626e-09	-9.18598697108e-10
3.02116013664e-09	-6.01064420458e-10
3.02240032702e-09	-2.17472234665e-10
3.02364051739e-09	1.79728940064e-10
3.02488070777e-09	5.39489064533e-10
3.02612089815e-09	8.21115120342e-10
3.02736108853e-09	9.99207272478e-10
3.02860127891e-09	1.06277464607e-09
3.02984146929e-09	1.01359920457e-09
3.03108165967e-09	8.61997417889e-10
3.03232185005e-09	6.25707374802e-10
3.03356204043e-09	3.28926136328e-10
3.03480223081e-09	2.38751379777e-12
3.03604242119e-09	-3.16396880917e-10
3.03728261157e-09	-5.85969828215e-10
3.03852280195e-09	-7.6425671347e-10
3.03976299233e-09	-8.16650524982e-10
3.04100318271e-09	-7.23788806667e-10
3.04224337309e-09	-4.89756291078e-10
3.04348356347e-09	-1.46340356499e-10
3.04472375385e-09	2.5039201268e-10
3.04596394422e-09	6.2906574394e-10
3.0472041346e-09	9.19195497495e-10
3.04844432498e-09	1.06576680814e-09
3.04968451536e-09	1.04118935695e-09
3.05092470574e-09	8.49192105523e-10
3.05216489612e-09	5.210413212e-10
3.0534050865e-09	1.07945152816e-10
3.05464527688e-09	-3.30618282751e-10
3.05588546726e-09	-7.36039340588e-10
3.05712565764e-09	-1.05965136665e-09
3.05836584802e-09	-1.26720400839e-09
3.0596060384e-09	-1.34045430311e-09
3.06084622878e-09	-1.27606314404e-09
3.06208641916e-09	-1.08171294144e-09
3.06332660954e-09	-7.75055131186e-10
3.06456679992e-09	-3.82834985935e-10
3.0658069903e-09	5.65406992059e-11
3.06704718068e-09	4.93370622134e-10
3.06828737105e-09	8.71023198012e-10
3.06952756143e-09	1.13553355607e-09
3.07076775181e-09	1.24951315961e-09
3.07200794219e-09	1.20146348426e-09
3.07324813257e-09	1.00982244788e-09
3.07448832295e-09	7.16019576963e-10
3.07572851333e-09	3.72452929609e-10
3.07696870371e-09	2.92402456414e-11
3.07820889409e-09	-2.7525298707e-10
3.07944908447e-09	-5.15569698045e-10
3.08068927485e-09	-6.77139899707e-10
3.08192946523e-09	-7.50607076494e-10
3.08316965561e-09	-7.29901361574e-10
3.08440984599e-09	-6.13351924805e-10
3.08565003637e-09	-4.07683137249e-10
3.08689022675e-09	-1.33009103731e-10
3.08813041713e-09	1.7663766283e-10
3.08937060751e-09	4.75229577912e-10
3.09061079789e-09	7.12966630179e-10
3.09185098826e-09	8.45559400275e-10
3.09309117864e-09	8.43968950281e-10
3.09433136902e-09	7.01632141276e-10
3.0955715594e-09	4.36238267731e-10
3.09681174978e-09	8.80192030372e-11
3.09805194016e-09	-2.88835372286e-10
3.09929213054e-09	-6.3571514719e-10
3.10053232092e-09	-9.01150876143e-10
3.1017725113e-09	-1.04971453752e-09
3.10301270168e-09	-1.06639275188e-09
3.10425289206e-09	-9.57381396383e-10
3.10549308244e-09	-7.44960482191e-10
3.10673327282e-09	-4.62289179159e-10
3.1079734632e-09	-1.45727901968e-10
3.10921365358e-09	1.70149866419e-10
3.11045384396e-09	4.55611659511e-10
3.11169403434e-09	6.87129131371e-10
3.11293422472e-09	8.45817027528e-10
3.11417441509e-09	9.17809606094e-10
3.11541460547e-09	8.94290586029e-10
3.11665479585e-09	7.75616293414e-10
3.11789498623e-09	5.75047842677e-10
3.11913517661e-09	3.20383886088e-10
3.12037536699e-09	5.12425692156e-11
3.12161555737e-09	-1.90645138565e-10
3.12285574775e-09	-3.71961600409e-10
3.12409593813e-09	-4.77475448069e-10
3.12533612851e-09	-5.10927467001e-10
3.12657631889e-09	-4.89035478779e-10
3.12781650927e-09	-4.31085556141e-10
3.12905669965e-09	-3.49325041116e-10
3.13029689003e-09	-2.47310061319e-10
3.13153708041e-09	-1.23419496845e-10
3.13277727079e-09	2.02925835857e-11
3.13401746117e-09	1.72502137574e-10
3.13525765155e-09	3.11735498526e-10
3.13649784192e-09	4.11251976917e-10
3.1377380323e-09	4.48263010044e-10
3.13897822268e-09	4.10424055852e-10
3.14021841306e-09	3.00534680475e-10
3.14145860344e-09	1.34952243824e-10
3.14269879382e-09	-6.00871574719e-11
3.1439389842e-09	-2.54062243465e-10
3.14517917458e-09	-4.18010320802e-10
3.14641936496e-09	-5.28099008967e-10
3.14765955534e-09	-5.70029246028e-10
3.14889974572e-09	-5.40072042643e-10
3.1501399361e-09	-4.45846110031e-10
3.15138012648e-09	-3.03682079483e-10
3.15262031686e-09	-1.3428347323e-10
3.15386050724e-09	4.18838713712e-11
3.15510069762e-09	2.09183656508e-10
3.156340888e-09	3.56687374081e-10
3.15758107838e-09	4.772416351e-10
3.15882126875e-09	5.63671886944e-10
3.16006145913e-09	6.07207173431e-10
3.16130164951e-09	5.98435745403e-10
3.16254183989e-09	5.30421928602e-10
3.16378203027e-09	4.04058841941e-10
3.16502222065e-09	2.29884125624e-10
3.16626241103e-09	2.8582528705e-11
3.16750260141e-09	-1.73703815221e-10
3.16874279179e-09	-3.51358331319e-10
3.16998298217e-09	-4.85017193075e-10
3.17122317255e-09	-5.65533120334e-10
3.17246336293e-09	-5.92507931607e-10
3.17370355331e-09	-5.71185931886e-10
3.17494374369e-09	-5.06310549042e-10
3.17618393407e-09	-3.99287158892e-10
3.17742412445e-09	-2.49316178813e-10
3.17866431483e-09	-5.85406653708e-11
3.17990450521e-09	1.60459576182e-10
3.18114469559e-09	3.81903647595e-10
3.18238488596e-09	5.688692295e-10
3.18362507634e-09	6.83442025196e-10
3.18486526672e-09	6.98254343234e-10
3.1861054571e-09	6.05494432371e-10
3.18734564748e-09	4.19657114614e-10
3.18858583786e-09	1.72109840268e-10
3.18982602824e-09	-9.66746196984e-11
3.19106621862e-09	-3.46713213695e-10
3.192306409e-09	-5.43779743456e-10
3.19354659938e-09	-6.63014143587e-10
3.19478678976e-09	-6.90611345888e-10
3.19602698014e-09	-6.2424915237e-10
3.19726717052e-09	-4.74231154346e-10
3.1985073609e-09	-2.61181798411e-10
3.19974755128e-09	-1.36730219161e-11
3.20098774166e-09	2.37164066164e-10
3.20222793204e-09	4.61790772288e-10
3.20346812242e-09	6.34925612086e-10
3.20470831279e-09	7.37236660608e-10
3.20594850317e-09	7.54807660819e-10
3.20718869355e-09	6.81064149521e-10
3.20842888393e-09	5.18073695055e-10
3.20966907431e-09	2.79615663956e-10
3.21090926469e-09	-7.982736e-12
3.21214945507e-09	-3.08179676223e-10
3.21338964545e-09	-5.7928112307e-10
3.21462983583e-09	-7.83113573988e-10
3.21587002621e-09	-8.91738571873e-10
3.21711021659e-09	-8.92962093157e-10
3.21835040697e-09	-7.90432275188e-10
3.21959059735e-09	-6.00644090021e-10
3.22083078773e-09	-3.48082562773e-10
3.22207097811e-09	-5.96644469941e-11
3.22331116849e-09	2.37389718993e-10
3.22455135887e-09	5.17051845783e-10
3.22579154925e-09	7.52955198191e-10
3.22703173962e-09	9.18376263925e-10
3.22827193e-09	9.88060966378e-10
3.22951212038e-09	9.42593447739e-10
3.23075231076e-09	7.76075981257e-10
3.23199250114e-09	5.01354624483e-10
3.23323269152e-09	1.52943241405e-10
3.2344728819e-09	-2.17974360783e-10
3.23571307228e-09	-5.53579126983e-10
3.23695326266e-09	-8.02166499891e-10
3.23819345304e-09	-9.29588961363e-10
3.23943364342e-09	-9.23619014603e-10
3.2406738338e-09	-7.93726806503e-10
3.24191402418e-09	-5.64910840328e-10
3.24315421456e-09	-2.72038780391e-10
3.24439440494e-09	4.52964436792e-11
3.24563459532e-09	3.4643019009e-10
3.2468747857e-09	5.92508431208e-10
3.24811497608e-09	7.51725015569e-10
3.24935516645e-09	8.0324896734e-10
3.25059535683e-09	7.41625705292e-10
3.25183554721e-09	5.76861780566e-10
3.25307573759e-09	3.32165212003e-10
3.25431592797e-09	3.97766854177e-11
3.25555611835e-09	-2.64053973131e-10
3.25679630873e-09	-5.41819866751e-10
3.25803649911e-09	-7.588557005e-10
3.25927668949e-09	-8.86064832617e-10
3.26051687987e-09	-9.04607333485e-10
3.26175707025e-09	-8.09725841933e-10
3.26299726063e-09	-6.12308426184e-10
3.26423745101e-09	-3.38089639618e-10
3.26547764139e-09	-2.20423783392e-11
3.26671783177e-09	2.97318808462e-10
3.26795802215e-09	5.84761516986e-10
3.26919821253e-09	8.12053146948e-10
3.27043840291e-09	9.59200718853e-10
3.27167859329e-09	1.01423214272e-09
3.27291878366e-09	9.71486557866e-10
3.27415897404e-09	8.32309943188e-10
3.27539916442e-09	6.05414995913e-10
3.2766393548e-09	3.09224812423e-10
3.27787954518e-09	-2.74157814506e-11
3.27911973556e-09	-3.66706637278e-10
3.28035992594e-09	-6.6568223156e-10
3.28160011632e-09	-8.83695672194e-10
3.2828403067e-09	-9.89284099084e-10
3.28408049708e-09	-9.67701363486e-10
3.28532068746e-09	-8.23887846835e-10
3.28656087784e-09	-5.8193944108e-10
3.28780106822e-09	-2.80428485988e-10
3.2890412586e-09	3.5831844436e-11
3.29028144898e-09	3.22936150043e-10
3.29152163936e-09	5.45063438828e-10
3.29276182974e-09	6.77098488389e-10
3.29400202012e-09	7.06396274808e-10
3.29524221049e-09	6.32819130431e-10
3.29648240087e-09	4.68326988301e-10
3.29772259125e-09	2.36972524936e-10
3.29896278163e-09	-2.8258360929e-11
3.30020297201e-09	-2.89258228481e-10
3.30144316239e-09	-5.09887632116e-10
3.30268335277e-09	-6.61487309372e-10
3.30392354315e-09	-7.26480098301e-10
3.30516373353e-09	-6.9904831923e-10
3.30640392391e-09	-5.82811021665e-10
3.30764411429e-09	-3.89733023631e-10
3.30888430467e-09	-1.38516781378e-10
3.31012449505e-09	1.45028974941e-10
3.31136468543e-09	4.29736829455e-10
3.31260487581e-09	6.82456924306e-10
3.31384506619e-09	8.72700967047e-10
3.31508525657e-09	9.78159997445e-10
3.31632544695e-09	9.86718928786e-10
3.31756563732e-09	8.97394936139e-10
3.3188058277e-09	7.18216874862e-10
3.32004601808e-09	4.64793592503e-10
3.32128620846e-09	1.59349547446e-10
3.32252639884e-09	-1.70514311004e-10
3.32376658922e-09	-4.9225512555e-10
3.3250067796e-09	-7.71808172928e-10
3.32624696998e-09	-9.76641767458e-10
3.32748716036e-09	-1.08057462977e-09
3.32872735074e-09	-1.06773978548e-09
3.32996754112e-09	-9.3562246839e-10
3.3312077315e-09	-6.97620405887e-10
3.33244792188e-09	-3.82179510261e-10
3.33368811226e-09	-3.10374191625e-11
3.33492830264e-09	3.07105368913e-10
3.33616849302e-09	5.84198356357e-10
3.3374086834e-09	7.61709750829e-10
3.33864887378e-09	8.17961864907e-10
3.33988906415e-09	7.51017192879e-10
3.34112925453e-09	5.78538883467e-10
3.34236944491e-09	3.32161353978e-10
3.34360963529e-09	5.15698178605e-11
3.34484982567e-09	-2.22553864226e-10
3.34609001605e-09	-4.53640569553e-10
3.34733020643e-09	-6.12508377351e-10
3.34857039681e-09	-6.80149048193e-10
3.34981058719e-09	-6.48191611496e-10
3.35105077757e-09	-5.20365694978e-10
3.35229096795e-09	-3.11276504572e-10
3.35353115833e-09	-4.49726367258e-11
3.35477134871e-09	2.47788678465e-10
3.35601153909e-09	5.33139643544e-10
3.35725172947e-09	7.76709307981e-10
3.35849191985e-09	9.47562694975e-10
3.35973211023e-09	1.02076669339e-09
3.36097230061e-09	9.81593695215e-10
3.36221249099e-09	8.28576540712e-10
3.36345268136e-09	5.7489130123e-10
3.36469287174e-09	2.47643600071e-10
3.36593306212e-09	-1.16736023625e-10
3.3671732525e-09	-4.77411221667e-10
3.36841344288e-09	-7.9536321973e-10
3.36965363326e-09	-1.03699726584e-09
3.37089382364e-09	-1.17679299638e-09
3.37213401402e-09	-1.19910970042e-09
3.3733742044e-09	-1.0989820165e-09
3.37461439478e-09	-8.84165407555e-10
3.37585458516e-09	-5.75150094217e-10
3.37709477554e-09	-2.05323993918e-10
3.37833496592e-09	1.81996223647e-10
3.3795751563e-09	5.37968836145e-10
3.38081534668e-09	8.14288025897e-10
3.38205553706e-09	9.71609126488e-10
3.38329572744e-09	9.86563719607e-10
3.38453591782e-09	8.58615678556e-10
3.38577610819e-09	6.11316164356e-10
3.38701629857e-09	2.89057500158e-10
3.38825648895e-09	-5.19809126298e-11
3.38949667933e-09	-3.56078166952e-10
3.39073686971e-09	-5.78225856085e-10
3.39197706009e-09	-6.91796397945e-10
3.39321725047e-09	-6.89116597119e-10
3.39445744085e-09	-5.78941061757e-10
3.39569763123e-09	-3.8114780776e-10
3.39693782161e-09	-1.22473017838e-10
3.39817801199e-09	1.65725294599e-10
3.39941820237e-09	4.49562276295e-10
3.40065839275e-09	6.93641921679e-10
3.40189858313e-09	8.65114868631e-10
3.40313877351e-09	9.37947275403e-10
3.40437896389e-09	8.98006613514e-10
3.40561915427e-09	7.46118000716e-10
3.40685934465e-09	4.97840491054e-10
3.40809953502e-09	1.8149089176e-10
3.4093397254e-09	-1.66896163556e-10
3.41057991578e-09	-5.07480946155e-10
3.41182010616e-09	-8.01451294219e-10
3.41306029654e-09	-1.01512553918e-09
3.41430048692e-09	-1.12387077422e-09
3.4155406773e-09	-1.11613618348e-09
3.41678086768e-09	-9.94533455589e-10
3.41802105806e-09	-7.75770614414e-10
3.41926124844e-09	-4.86564122326e-10
3.42050143882e-09	-1.59345647788e-10
3.4217416292e-09	1.71747352451e-10
3.42298181958e-09	4.73698302805e-10
3.42422200996e-09	7.15354053771e-10
3.42546220034e-09	8.69831151551e-10
3.42670239072e-09	9.16940245954e-10
3.4279425811e-09	8.48369263728e-10
3.42918277148e-09	6.71656952278e-10
3.43042296185e-09	4.1195946654e-10
3.43166315223e-09	1.10129842745e-10
3.43290334261e-09	-1.84481721566e-10
3.43414353299e-09	-4.22788332122e-10
3.43538372337e-09	-5.66829583271e-10
3.43662391375e-09	-5.96999505387e-10
3.43786410413e-09	-5.15871345641e-10
3.43910429451e-09	-3.46146916685e-10
3.44034448489e-09	-1.23315871403e-10
3.44158467527e-09	1.130038077e-10
3.44282486565e-09	3.28229360358e-10
3.44406505603e-09	4.96779339887e-10
3.44530524641e-09	6.03028627033e-10
3.44654543679e-09	6.38648578466e-10
3.44778562717e-09	6.00117955329e-10
3.44902581755e-09	4.88850571134e-10
3.45026600793e-09	3.12318504392e-10
3.45150619831e-09	8.68866922854e-11
3.45274638869e-09	-1.62722738062e-10
3.45398657906e-09	-4.06096684058e-10
3.45522676944e-09	-6.12702277802e-10
3.45646695982e-09	-7.57792717465e-10
3.4577071502e-09	-8.25820967165e-10
3.45894734058e-09	-8.12232281433e-10
3.46018753096e-09	-7.21712578589e-10
3.46142772134e-09	-5.66706181981e-10
3.46266791172e-09	-3.65015406789e-10
3.4639081021e-09	-1.37975325609e-10
3.46514829248e-09	9.12872138992e-11
3.46638848286e-09	3.00869884562e-10
3.46762867324e-09	4.71971850491e-10
3.46886886362e-09	5.91490079138e-10
3.470109054e-09	6.51846909783e-10
3.47134924438e-09	6.50469067498e-10
3.47258943476e-09	5.88759430098e-10
3.47382962514e-09	4.71646388611e-10
3.47506981552e-09	3.09678338528e-10
3.47631000589e-09	1.20100221435e-10
3.47755019627e-09	-7.20550633049e-11
3.47879038665e-09	-2.37498104516e-10
3.48003057703e-09	-3.48689632723e-10
3.48127076741e-09	-3.87278376035e-10
3.48251095779e-09	-3.50277029604e-10
3.48375114817e-09	-2.50585441286e-10
3.48499133855e-09	-1.13798255541e-10
3.48623152893e-09	2.99956830208e-11
3.48747171931e-09	1.53807161452e-10
3.48871190969e-09	2.39844255567e-10
3.48995210007e-09	2.81566131521e-10
3.49119229045e-09	2.8132787766e-10
3.49243248083e-09	2.46759168654e-10
3.49367267121e-09	1.85569656863e-10
3.49491286159e-09	1.03446889943e-10
3.49615305197e-09	3.7078239784e-12
3.49739324235e-09	-1.09917561164e-10
3.49863343272e-09	-2.29946159336e-10
3.4998736231e-09	-3.44011846787e-10
3.50111381348e-09	-4.3564871155e-10
3.50235400386e-09	-4.89245477464e-10
3.50359419424e-09	-4.94407514928e-10
3.50483438462e-09	-4.49398657176e-10
3.506074575e-09	-3.60814211842e-10
3.50731476538e-09	-2.40182679301e-10
3.50855495576e-09	-1.00551955651e-10
3.50979514614e-09	4.68701154277e-11
3.51103533652e-09	1.92289489886e-10
3.5122755269e-09	3.26551785612e-10
3.51351571728e-09	4.39705521993e-10
3.51475590766e-09	5.20959164696e-10
3.51599609804e-09	5.60496815627e-10
3.51723628842e-09	5.50951728684e-10
3.5184764788e-09	4.89863594133e-10
3.51971666918e-09	3.79912629134e-10
3.52095685955e-09	2.29785038219e-10
3.52219704993e-09	5.41381973973e-11
3.52343724031e-09	-1.26892996111e-10
3.52467743069e-09	-2.88975954277e-10
3.52591762107e-09	-4.07870626162e-10
3.52715781145e-09	-4.64140170742e-10
3.52839800183e-09	-4.49572379324e-10
3.52963819221e-09	-3.69967501079e-10
3.53087838259e-09	-2.44324310783e-10
3.53211857297e-09	-9.95236185131e-11
3.53335876335e-09	3.8025756155e-11
3.53459895373e-09	1.48686118973e-10
3.53583914411e-09	2.23409318822e-10
3.53707933449e-09	2.61386495781e-10
3.53831952487e-09	2.65999722249e-10
3.53955971525e-09	2.40269221186e-10
3.54079990563e-09	1.84857434915e-10
3.54204009601e-09	1.00209021636e-10
3.54328028639e-09	-1.0474924747e-11
3.54452047676e-09	-1.37431482861e-10
3.54576066714e-09	-2.64244071069e-10
3.54700085752e-09	-3.69915875709e-10
3.5482410479e-09	-4.33719143933e-10
3.54948123828e-09	-4.40921771316e-10
3.55072142866e-09	-3.86360804461e-10
3.55196161904e-09	-2.76388828491e-10
3.55320180942e-09	-1.26430574343e-10
3.5544419998e-09	4.28110567829e-11
3.55568219018e-09	2.10577277837e-10
3.55692238056e-09	3.59565349717e-10
3.55816257094e-09	4.76517103554e-10
3.55940276132e-09	5.51668766224e-10
3.5606429517e-09	5.76558301102e-10
3.56188314208e-09	5.44655764934e-10
3.56312333246e-09	4.53021897773e-10
3.56436352284e-09	3.05706709947e-10
3.56560371322e-09	1.15970302805e-10
3.56684390359e-09	-9.46735537188e-11
3.56808409397e-09	-2.98922858688e-10
3.56932428435e-09	-4.69109640022e-10
3.57056447473e-09	-5.81119041776e-10
3.57180466511e-09	-6.18413376063e-10
3.57304485549e-09	-5.74540803822e-10
3.57428504587e-09	-4.54762810742e-10
3.57552523625e-09	-2.76987599523e-10
3.57676542663e-09	-6.91208548731e-11
3.57800561701e-09	1.35117500522e-10
3.57924580739e-09	3.03966740667e-10
3.58048599777e-09	4.14394824011e-10
3.58172618815e-09	4.56572557539e-10
3.58296637853e-09	4.33978686321e-10
3.58420656891e-09	3.58932328304e-10
3.58544675929e-09	2.47595721703e-10
3.58668694967e-09	1.14914057436e-10
3.58792714005e-09	-2.61250829997e-11
3.58916733042e-09	-1.63441163381e-10
3.5904075208e-09	-2.83624956854e-10
3.59164771118e-09	-3.71110003838e-10
3.59288790156e-09	-4.10824319008e-10
3.59412809194e-09	-3.91906479491e-10
3.59536828232e-09	-3.12847275863e-10
3.5966084727e-09	-1.83163095802e-10
3.59784866308e-09	-2.23862629822e-11
3.59908885346e-09	1.44182804585e-10
3.60032904384e-09	2.91492385784e-10
3.60156923422e-09	3.99162786158e-10
3.6028094246e-09	4.55056298199e-10
3.60404961498e-09	4.55147419753e-10
3.60528980536e-09	4.02612082562e-10
3.60652999574e-09	3.05508396359e-10
3.60777018612e-09	1.74544018128e-10
3.6090103765e-09	2.22570867986e-11
3.61025056688e-09	-1.37845679316e-10
3.61149075726e-09	-2.90346635623e-10
3.61273094763e-09	-4.18486550968e-10
3.61397113801e-09	-5.04980057769e-10
3.61521132839e-09	-5.34945698849e-10
3.61645151877e-09	-4.99887076177e-10
3.61769170915e-09	-4.00530192346e-10
3.61893189953e-09	-2.48718656781e-10
3.62017208991e-09	-6.52309317672e-11
3.62141228029e-09	1.2345108269e-10
3.62265247067e-09	2.90487356391e-10
3.62389266105e-09	4.1324668687e-10
3.62513285143e-09	4.76643780001e-10
3.62637304181e-09	4.75738226591e-10
3.62761323219e-09	4.15506878904e-10
3.62885342257e-09	3.10149905758e-10
3.63009361295e-09	1.79276538059e-10
3.63133380333e-09	4.37907661521e-11
3.63257399371e-09	-7.84386999797e-11
3.63381418409e-09	-1.75522235635e-10
3.63505437446e-09	-2.41224346054e-10
3.63629456484e-09	-2.73845890408e-10
3.63753475522e-09	-2.73435274423e-10
3.6387749456e-09	-2.41224790143e-10
3.64001513598e-09	-1.80117601389e-10
3.64125532636e-09	-9.6320035281e-11
3.64249551674e-09	-7.74862270701e-13
3.64373570712e-09	9.21110548946e-11
3.6449758975e-09	1.66718860939e-10
3.64621608788e-09	2.10597955741e-10
3.64745627826e-09	2.17255227697e-10
3.64869646864e-09	1.8756082798e-10
3.64993665902e-09	1.28777058461e-10
3.6511768494e-09	5.149535659e-11
3.65241703978e-09	-3.27955093637e-11
3.65365723016e-09	-1.14490264491e-10
3.65489742054e-09	-1.86081636211e-10
3.65613761092e-09	-2.42166037223e-10
3.65737780129e-09	-2.78474993065e-10
3.65861799167e-09	-2.90985124884e-10
3.65985818205e-09	-2.76369982455e-10
3.66109837243e-09	-2.32039970571e-10
3.66233856281e-09	-1.5810364129e-10
3.66357875319e-09	-5.83218334738e-11
3.66481894357e-09	5.85167678202e-11
3.66605913395e-09	1.78773051918e-10
3.66729932433e-09	2.86157986196e-10
3.66853951471e-09	3.64665103669e-10
3.66977970509e-09	4.03145350436e-10
3.67101989547e-09	3.97471083824e-10
3.67226008585e-09	3.51490420103e-10
3.67350027623e-09	2.74815448176e-10
3.67474046661e-09	1.79633530273e-10
3.67598065699e-09	7.80611617013e-11
3.67722084737e-09	-1.9936665166e-11
3.67846103775e-09	-1.06247684262e-10
3.67970122812e-09	-1.75032141558e-10
3.6809414185e-09	-2.22269549988e-10
3.68218160888e-09	-2.46302644946e-10
3.68342179926e-09	-2.47985215696e-10
3.68466198964e-09	-2.29968377674e-10
3.68590218002e-09	-1.96370475436e-10
3.6871423704e-09	-1.51471460375e-10
3.68838256078e-09	-1.00215537258e-10
3.68962275116e-09	-4.80947365267e-11
3.69086294154e-09	-1.2914712702e-12
3.69210313192e-09	3.39880033839e-11
3.6933433223e-09	5.33902436151e-11
3.69458351268e-09	5.52039906843e-11
3.69582370306e-09	4.13821546474e-11
3.69706389344e-09	1.62118617142e-11
3.69830408382e-09	-1.48842257963e-11
3.6995442742e-09	-4.66946065147e-11
3.70078446458e-09	-7.50144460437e-11
3.70202465496e-09	-9.60113585857e-11
3.70326484533e-09	-1.06344641426e-10
3.70450503571e-09	-1.02392379298e-10
3.70574522609e-09	-8.11310324478e-11
3.70698541647e-09	-4.06867733949e-11
3.70822560685e-09	1.86708044858e-11
3.70946579723e-09	9.33989760532e-11
3.71070598761e-09	1.76716655198e-10
3.71194617799e-09	2.5830862449e-10
3.71318636837e-09	3.2619196233e-10
3.71442655875e-09	3.68285096863e-10
3.71566674913e-09	3.75276337783e-10
3.71690693951e-09	3.42947642507e-10
3.71814712989e-09	2.73099626247e-10
3.71938732027e-09	1.73751416033e-10
3.72062751065e-09	5.67207461555e-11
3.72186770103e-09	-6.43385691945e-11
3.72310789141e-09	-1.76835407428e-10
3.72434808179e-09	-2.70531597124e-10
3.72558827216e-09	-3.37920802451e-10
3.72682846254e-09	-3.74477615583e-10
3.72806865292e-09	-3.78086312258e-10
3.7293088433e-09	-3.50014156547e-10
3.73054903368e-09	-2.94919533239e-10
3.73178922406e-09	-2.21134888179e-10
3.73302941444e-09	-1.39261824295e-10
3.73426960482e-09	-5.98062988022e-11
3.7355097952e-09	8.672318072e-12
3.73674998558e-09	6.12614681206e-11
3.73799017596e-09	9.58849805111e-11
3.73923036634e-09	1.12591970469e-10
3.74047055672e-09	1.1226236607e-10
3.7417107471e-09	9.67186122858e-11
3.74295093748e-09	6.97029586827e-11
3.74419112786e-09	3.70752144263e-11
3.74543131824e-09	6.93571892627e-12
3.74667150862e-09	-1.27025863786e-11
3.74791169899e-09	-1.56944492125e-11
3.74915188937e-09	3.59761699598e-13
3.75039207975e-09	3.38667670297e-11
3.75163227013e-09	8.04290523071e-11
3.75287246051e-09	1.33725933105e-10
3.75411265089e-09	1.87309820432e-10
3.75535284127e-09	2.34559177636e-10
3.75659303165e-09	2.69288646937e-10
3.75783322203e-09	2.8573168831e-10
3.75907341241e-09	2.78874784376e-10
3.76031360279e-09	2.45447301372e-10
3.76155379317e-09	1.84299797645e-10
3.76279398355e-09	9.79814701596e-11
3.76403417393e-09	-7.17823673765e-12
3.76527436431e-09	-1.2072381983e-10
3.76651455469e-09	-2.29373214866e-10
3.76775474507e-09	-3.19368781421e-10
3.76899493545e-09	-3.79083181512e-10
3.77023512582e-09	-4.02032129809e-10
3.7714753162e-09	-3.87561316373e-10
3.77271550658e-09	-3.41034617213e-10
3.77395569696e-09	-2.71695943521e-10
3.77519588734e-09	-1.90501281416e-10
3.77643607772e-09	-1.08228440099e-10
3.7776762681e-09	-3.38336719752e-11
3.77891645848e-09	2.58091846506e-11
3.78015664886e-09	6.70303743067e-11
3.78139683924e-09	8.92846421796e-11
3.78263702962e-09	9.56580231692e-11
3.78387722e-09	9.22396464764e-11
3.78511741038e-09	8.62467527951e-11
3.78635760076e-09	8.41894609582e-11
3.78759779114e-09	8.94365276283e-11
3.78883798152e-09	1.02168412619e-10
3.7900781719e-09	1.19961623968e-10
3.79131836228e-09	1.3995103687e-10
3.79255855266e-09	1.60320104414e-10
3.79379874303e-09	1.79938883238e-10
3.79503893341e-09	1.97477367792e-10
3.79627912379e-09	2.0946236412e-10
3.79751931417e-09	2.10758452357e-10
3.79875950455e-09	1.96005073283e-10
3.79999969493e-09	1.62612770471e-10
3.80123988531e-09	1.12715808909e-10
3.80248007569e-09	5.25411034125e-11
3.80372026607e-09	-9.51838174251e-12
3.80496045645e-09	-6.66458693788e-11
3.80620064683e-09	-1.1517130305e-10
3.80744083721e-09	-1.55062115925e-10
3.80868102759e-09	-1.88029800063e-10
3.80992121797e-09	-2.15296808159e-10
3.81116140835e-09	-2.36509006823e-10
3.81240159873e-09	-2.49060105872e-10
3.81364178911e-09	-2.49775838901e-10
3.81488197949e-09	-2.36071495685e-10
3.81612216986e-09	-2.07857064893e-10
3.81736236024e-09	-1.68191738315e-10
3.81860255062e-09	-1.22811441572e-10
3.819842741e-09	-7.89466755857e-11
3.82108293138e-09	-4.24955799716e-11
3.82232312176e-09	-1.64819616288e-11
3.82356331214e-09	3.11924802394e-13
3.82480350252e-09	1.24445983032e-11
3.8260436929e-09	2.60087940768e-11
3.82728388328e-09	4.6649920038e-11
3.82852407366e-09	7.76439884609e-11
3.82976426404e-09	1.19718193692e-10
3.83100445442e-09	1.70479130812e-10
3.8322446448e-09	2.24988971897e-10
3.83348483518e-09	2.75874739719e-10
3.83472502556e-09	3.14141435087e-10
3.83596521594e-09	3.31046495772e-10
3.83720540632e-09	3.19999166054e-10
3.83844559669e-09	2.79255840674e-10
3.83968578707e-09	2.12291420554e-10
3.84092597745e-09	1.27297616892e-10
3.84216616783e-09	3.46089892855e-11
3.84340635821e-09	-5.60714807918e-11
3.84464654859e-09	-1.370249747e-10
3.84588673897e-09	-2.03063538207e-10
3.84712692935e-09	-2.49893189475e-10
3.84836711973e-09	-2.73791350702e-10
3.84960731011e-09	-2.71737438107e-10
3.85084750049e-09	-2.43489062246e-10
3.85208769087e-09	-1.93917701341e-10
3.85332788125e-09	-1.33298566629e-10
3.85456807163e-09	-7.57642767968e-11
3.85580826201e-09	-3.4455986675e-11
3.85704845239e-09	-1.73661623276e-11
3.85828864277e-09	-2.43657472671e-11
3.85952883315e-09	-4.80127083924e-11
3.86076902352e-09	-7.71833499891e-11
3.8620092139e-09	-1.0113826443e-10
3.86324940428e-09	-1.1311729331e-10
3.86448959466e-09	-1.10583098234e-10
3.86572978504e-09	-9.44280417747e-11
3.86696997542e-09	-6.66534327731e-11
3.8682101658e-09	-2.89279988852e-11
3.86945035618e-09	1.77292520942e-11
3.87069054656e-09	7.28378260484e-11
3.87193073694e-09	1.3500578433e-10
3.87317092732e-09	2.0147548907e-10
3.8744111177e-09	2.67052907565e-10
3.87565130808e-09	3.24289345377e-10
3.87689149846e-09	3.643085833e-10
3.87813168884e-09	3.78186426619e-10
3.87937187922e-09	3.59444335407e-10
3.8806120696e-09	3.05430430947e-10
3.88185225998e-09	2.18875112479e-10
3.88309245036e-09	1.07550933437e-10
3.88433264073e-09	-1.66170271987e-11
3.88557283111e-09	-1.39202815941e-10
3.88681302149e-09	-2.45821696332e-10
3.88805321187e-09	-3.24112209293e-10
3.88929340225e-09	-3.66374319771e-10
3.89053359263e-09	-3.70405039973e-10
3.89177378301e-09	-3.39748146283e-10
3.89301397339e-09	-2.82122797346e-10
3.89425416377e-09	-2.07123249107e-10
3.89549435415e-09	-1.24679377933e-10
3.89673454453e-09	-4.37521616159e-11
3.89797473491e-09	2.69969203243e-11
3.89921492529e-09	7.94144958127e-11
3.90045511567e-09	1.06148867474e-10
3.90169530605e-09	1.02735972507e-10
3.90293549643e-09	7.0327459134e-11
3.90417568681e-09	1.69517160725e-11
3.90541587719e-09	-4.27367481681e-11
3.90665606756e-09	-9.15654219114e-11
3.90789625794e-09	-1.14667740581e-10
3.90913644832e-09	-1.04516388599e-10
3.9103766387e-09	-6.29174490285e-11
3.91161682908e-09	6.85339426269e-13
3.91285701946e-09	7.29843685487e-11
3.91409720984e-09	1.41976597146e-10
3.91533740022e-09	1.99586958072e-10
3.9165775906e-09	2.42468628509e-10
3.91781778098e-09	2.7015409354e-10
3.91905797136e-09	2.82791484674e-10
3.92029816174e-09	2.79843898054e-10
3.92153835212e-09	2.59550880788e-10
3.9227785425e-09	2.2025216373e-10
3.92401873288e-09	1.61204757876e-10
3.92525892326e-09	8.39774291772e-11
3.92649911364e-09	-6.98452580494e-12
3.92773930402e-09	-1.04217107166e-10
3.92897949439e-09	-1.97564686832e-10
3.93021968477e-09	-2.76120237785e-10
3.93145987515e-09	-3.2998462296e-10
3.93270006553e-09	-3.53039042444e-10
3.93394025591e-09	-3.44065470559e-10
3.93518044629e-09	-3.06735498112e-10
3.93642063667e-09	-2.48271486702e-10
3.93766082705e-09	-1.77052802974e-10
3.93890101743e-09	-1.01388210327e-10
3.94014120781e-09	-2.80846960271e-11
3.94138139819e-09	3.72613849497e-11
3.94262158857e-09	9.03666377838e-11
3.94386177895e-09	1.28118946008e-10
3.94510196933e-09	1.48461826166e-10
3.94634215971e-09	1.51007095717e-10
3.94758235009e-09	1.36987685084e-10
3.94882254047e-09	1.10238145001e-10
3.95006273085e-09	7.69781322019e-11
3.95130292122e-09	4.55108208064e-11
3.9525431116e-09	2.4510811783e-11
3.95378330198e-09	2.02612857048e-11
3.95502349236e-09	3.44071854341e-11
3.95626368274e-09	6.23446017034e-11
3.95750387312e-09	9.48476575058e-11
3.9587440635e-09	1.20968499107e-10
3.95998425388e-09	1.32401131725e-10
3.96122444426e-09	1.26506416454e-10
3.96246463464e-09	1.06621919627e-10
3.96370482502e-09	8.022094794e-11
3.9649450154e-09	5.46829595494e-11
3.96618520578e-09	3.42298273059e-11
3.96742539616e-09	1.79766444786e-11
3.96866558654e-09	1.01001520515e-12
3.96990577692e-09	-2.27227819893e-11
3.9711459673e-09	-5.74676070619e-11
3.97238615768e-09	-1.0308092574e-10
3.97362634806e-09	-1.55156928972e-10
3.97486653843e-09	-2.06041683715e-10
3.97610672881e-09	-2.47340786741e-10
3.97734691919e-09	-2.71948630282e-10
3.97858710957e-09	-2.75241773817e-10
3.97982729995e-09	-2.55856086318e-10
3.98106749033e-09	-2.15011328186e-10
3.98230768071e-09	-1.56276991348e-10
3.98354787109e-09	-8.43552241947e-11
3.98478806147e-09	-4.56897323795e-12
3.98602825185e-09	7.76338229813e-11
3.98726844223e-09	1.5678687515e-10
3.98850863261e-09	2.26707042028e-10
3.98974882299e-09	2.80839379529e-10
3.99098901337e-09	3.12411402303e-10
3.99222920375e-09	3.16358383934e-10
3.99346939413e-09	2.90944851544e-10
3.99470958451e-09	2.39120057088e-10
3.99594977489e-09	1.68602340422e-10
3.99718996526e-09	8.98683696904e-11
3.99843015564e-09	1.4135008268e-11
3.99967034602e-09	-4.95760169028e-11
4.0009105364e-09	-9.56446241651e-11
4.00215072678e-09	-1.2245920944e-10
4.00339091716e-09	-1.31782848523e-10
4.00463110754e-09	-1.27238927727e-10
4.00587129792e-09	-1.1312457221e-10
4.0071114883e-09	-9.26331095163e-11
4.00835167868e-09	-6.76868422422e-11
4.00959186906e-09	-3.91383661591e-11
4.01083205944e-09	-8.36059346754e-12
4.01207224982e-09	2.10856367089e-11
4.0133124402e-09	4.29701031701e-11
4.01455263058e-09	4.91253981938e-11
4.01579282096e-09	3.26151744501e-11
4.01703301134e-09	-9.32063454195e-12
4.01827320172e-09	-7.26862181555e-11
4.01951339209e-09	-1.4675520521e-10
4.02075358247e-09	-2.16529932873e-10
4.02199377285e-09	-2.66374561297e-10
4.02323396323e-09	-2.84286455488e-10
4.02447415361e-09	-2.63972205206e-10
4.02571434399e-09	-2.0586655991e-10
4.02695453437e-09	-1.15922382804e-10
4.02819472475e-09	-3.8799180882e-12
4.02943491513e-09	1.18266396676e-10
4.03067510551e-09	2.37903946543e-10
4.03191529589e-09	3.42279288246e-10
4.03315548627e-09	4.19832058007e-10
4.03439567665e-09	4.60853077922e-10
4.03563586703e-09	4.58883292476e-10
4.03687605741e-09	4.11904121922e-10
4.03811624779e-09	3.22958410015e-10
4.03935643817e-09	2.00805691519e-10
4.04059662855e-09	5.89997148359e-11
4.04183681892e-09	-8.51444470484e-11
4.0430770093e-09	-2.13442499786e-10
4.04431719968e-09	-3.09899605977e-10
4.04555739006e-09	-3.6389843916e-10
4.04679758044e-09	-3.72417818806e-10
4.04803777082e-09	-3.39751921041e-10
4.0492779612e-09	-2.76017875223e-10
4.05051815158e-09	-1.93724258857e-10
4.05175834196e-09	-1.05329162059e-10
4.05299853234e-09	-2.13940670735e-11
4.05423872272e-09	4.98322633158e-11
4.0554789131e-09	1.01920305529e-10
4.05671910348e-09	1.30447486146e-10
4.05795929386e-09	1.32834437894e-10
4.05919948424e-09	1.09220479882e-10
4.06043967462e-09	6.25379470431e-11
4.061679865e-09	-1.33445088746e-12
4.06292005538e-09	-7.36755587094e-11
4.06416024576e-09	-1.43628456351e-10
4.06540043613e-09	-1.98642685634e-10
4.06664062651e-09	-2.26459129227e-10
4.06788081689e-09	-2.17246845513e-10
4.06912100727e-09	-1.66563568493e-10
4.07036119765e-09	-7.73244454577e-11
4.07160138803e-09	4.01485615587e-11
4.07284157841e-09	1.69700614672e-10
4.07408176879e-09	2.93097518478e-10
4.07532195917e-09	3.93216847971e-10
4.07656214955e-09	4.57034243784e-10
4.07780233993e-09	4.76691852658e-10
4.07904253031e-09	4.49559028892e-10
4.08028272069e-09	3.77863212941e-10
4.08152291107e-09	2.67760313921e-10
4.08276310145e-09	1.29370042457e-10
4.08400329183e-09	-2.40954686759e-11
4.08524348221e-09	-1.76803002794e-10
4.08648367259e-09	-3.11994097224e-10
4.08772386296e-09	-4.14200507226e-10
4.08896405334e-09	-4.71596317553e-10
4.09020424372e-09	-4.78669992532e-10
4.0914444341e-09	-4.37038322199e-10
4.09268462448e-09	-3.55639767635e-10
4.09392481486e-09	-2.48595033447e-10
4.09516500524e-09	-1.32406724473e-10
4.09640519562e-09	-2.27818076903e-11
4.097645386e-09	6.82189305046e-11
4.09888557638e-09	1.33206806696e-10
4.10012576676e-09	1.69829011964e-10
4.10136595714e-09	1.79297285352e-10
4.10260614752e-09	1.65211899716e-10
4.1038463379e-09	1.32427666055e-10
4.10508652828e-09	8.66448787717e-11
4.10632671866e-09	3.47629876274e-11
4.10756690904e-09	-1.54215338416e-11
4.10880709942e-09	-5.5474867755e-11
4.11004728979e-09	-7.79807676765e-11
4.11128748017e-09	-7.78006131741e-11
4.11252767055e-09	-5.3102054004e-11
4.11376786093e-09	-5.63095924055e-12
4.11500805131e-09	5.99892843733e-11
4.11624824169e-09	1.36407815599e-10
4.11748843207e-09	2.14304171631e-10
4.11872862245e-09	2.8255939255e-10
4.11996881283e-09	3.29613392136e-10
4.12120900321e-09	3.45556250281e-10
4.12244919359e-09	3.24334892277e-10
4.12368938397e-09	2.65792859944e-10
4.12492957435e-09	1.75330097663e-10
4.12616976473e-09	6.2720752203e-11
4.12740995511e-09	-6.05244673824e-11
4.12865014549e-09	-1.82965878559e-10
4.12989033587e-09	-2.94019281144e-10
4.13113052625e-09	-3.84223625138e-10
4.13237071662e-09	-4.44940917443e-10
4.133610907e-09	-4.69523808722e-10
4.13485109738e-09	-4.54397908189e-10
4.13609128776e-09	-4.0080788688e-10
4.13733147814e-09	-3.15213882773e-10
4.13857166852e-09	-2.08364395182e-10
4.1398118589e-09	-9.34219021587e-11
4.14105204928e-09	1.69418298834e-11
4.14229223966e-09	1.1232265118e-10
4.14353243004e-09	1.86173534922e-10
4.14477262042e-09	2.35603397902e-10
4.1460128108e-09	2.60754973169e-10
4.14725300118e-09	2.63783939136e-10
4.14849319156e-09	2.47697085065e-10
4.14973338194e-09	2.16248408069e-10
4.15097357232e-09	1.73567119011e-10
4.1522137627e-09	1.2472983757e-10
4.15345395308e-09	7.55814924536e-11
4.15469414346e-09	3.23556736959e-11
4.15593433383e-09	8.99461820129e-13
4.15717452421e-09	-1.47235539733e-11
4.15841471459e-09	-1.27927477639e-11
4.15965490497e-09	5.40838120816e-12
4.16089509535e-09	3.61951926764e-11
4.16213528573e-09	7.407152669e-11
4.16337547611e-09	1.12465592395e-10
4.16461566649e-09	1.44433229265e-10
4.16585585687e-09	1.62720503738e-10
4.16709604725e-09	1.60690336037e-10
4.16833623763e-09	1.33110703016e-10
4.16957642801e-09	7.79927858408e-11
4.17081661839e-09	-2.13158353815e-12
4.17205680877e-09	-9.98418639431e-11
4.17329699915e-09	-2.03730296522e-10
4.17453718953e-09	-3.0108726623e-10
4.17577737991e-09	-3.80042358694e-10
4.17701757029e-09	-4.31645691412e-10
4.17825776066e-09	-4.5003192839e-10
4.17949795104e-09	-4.32193170141e-10
4.18073814142e-09	-3.77787578998e-10
4.1819783318e-09	-2.89290785771e-10
4.18321852218e-09	-1.73166453399e-10
4.18445871256e-09	-3.97257678142e-11
4.18569890294e-09	9.74770403284e-11
4.18693909332e-09	2.24116433745e-10
4.1881792837e-09	3.27660149013e-10
4.18941947408e-09	3.99245192462e-10
4.19065966446e-09	4.34567937191e-10
4.19189985484e-09	4.33065805439e-10
4.19314004522e-09	3.97428479015e-10
4.1943802356e-09	3.32658844915e-10
4.19562042598e-09	2.4602603288e-10
4.19686061636e-09	1.4685658245e-10
4.19810080674e-09	4.59184218427e-11
4.19934099712e-09	-4.54777673853e-11
4.20058118749e-09	-1.17331672156e-10
4.20182137787e-09	-1.62150140537e-10
4.20306156825e-09	-1.76421946496e-10
4.20430175863e-09	-1.60987098652e-10
4.20554194901e-09	-1.20818591243e-10
4.20678213939e-09	-6.42721917354e-11
4.20802232977e-09	-1.51882196056e-12
4.20926252015e-09	5.65082147741e-11
4.21050271053e-09	9.97179838702e-11
4.21174290091e-09	1.19570311985e-10
4.21298309129e-09	1.10061973424e-10
4.21422328167e-09	6.87316592529e-11
4.21546347205e-09	-2.6313183403e-12
4.21670366243e-09	-9.70105037967e-11
4.21794385281e-09	-2.02680663919e-10
4.21918404319e-09	-3.04205882706e-10
4.22042423357e-09	-3.85187159946e-10
4.22166442395e-09	-4.31302132897e-10
4.22290461432e-09	-4.33006713818e-10
4.2241448047e-09	-3.87458065632e-10
4.22538499508e-09	-2.98272184729e-10
4.22662518546e-09	-1.74610298442e-10
4.22786537584e-09	-2.89161906225e-11
4.22910556622e-09	1.24636717613e-10
4.2303457566e-09	2.71471317648e-10
4.23158594698e-09	3.97503335803e-10
4.23282613736e-09	4.89782048252e-10
4.23406632774e-09	5.38222577617e-10
4.23530651812e-09	5.37029309911e-10
4.2365467085e-09	4.86536200217e-10
4.23778689888e-09	3.93382576513e-10
4.23902708926e-09	2.69542416165e-10
4.24026727964e-09	1.30236460505e-10
4.24150747002e-09	-8.82480807179e-12
4.2427476604e-09	-1.33052416307e-10
4.24398785078e-09	-2.30563707015e-10
4.24522804116e-09	-2.92699919857e-10
4.24646823153e-09	-3.14963666259e-10
4.24770842191e-09	-2.97779578773e-10
4.24894861229e-09	-2.46703379947e-10
4.25018880267e-09	-1.72099029472e-10
4.25142899305e-09	-8.70692476451e-11
4.25266918343e-09	-5.39105912689e-12
4.25390937381e-09	6.09288383635e-11
4.25514956419e-09	1.03019738573e-10
4.25638975457e-09	1.15647172394e-10
4.25762994495e-09	9.73639086022e-11
4.25887013533e-09	5.00988417418e-11
4.26011032571e-09	-2.05356877336e-11
4.26135051609e-09	-1.05642175563e-10
4.26259070647e-09	-1.93308369312e-10
4.26383089685e-09	-2.69812894249e-10
4.26507108723e-09	-3.215236688e-10
4.26631127761e-09	-3.36962763248e-10
4.26755146799e-09	-3.09409442512e-10
4.26879165836e-09	-2.38221414817e-10
4.27003184874e-09	-1.29769792134e-10
4.27127203912e-09	3.63778126546e-12
4.2725122295e-09	1.45905856841e-10
4.27375241988e-09	2.79982731444e-10
4.27499261026e-09	3.90937671124e-10
4.27623280064e-09	4.67516136915e-10
4.27747299102e-09	5.03199149016e-10
4.2787131814e-09	4.95553154067e-10
4.27995337178e-09	4.45770920177e-10
4.28119356216e-09	3.58254731436e-10
4.28243375254e-09	2.40518410743e-10
4.28367394292e-09	1.03585778843e-10
4.2849141333e-09	-3.87190973727e-11
4.28615432368e-09	-1.70847003211e-10
4.28739451406e-09	-2.78166545353e-10
4.28863470444e-09	-3.49470480332e-10
4.28987489482e-09	-3.79038161968e-10
4.29111508519e-09	-3.6747052623e-10
4.29235527557e-09	-3.20697052247e-10
4.29359546595e-09	-2.48566917049e-10
4.29483565633e-09	-1.6262827196e-10
4.29607584671e-09	-7.47615233609e-11
4.29731603709e-09	4.18180854528e-12
4.29855622747e-09	6.54133899824e-11
4.29979641785e-09	1.02966350723e-10
4.30103660823e-09	1.14636092285e-10
4.30227679861e-09	1.01693070631e-10
4.30351698899e-09	6.84948556207e-11
4.30475717937e-09	2.11593416399e-11
4.30599736975e-09	-3.33370726857e-11
4.30723756013e-09	-8.74934638628e-11
4.30847775051e-09	-1.33534433511e-10
4.30971794089e-09	-1.63252925067e-10
4.31095813127e-09	-1.69256969551e-10
4.31219832165e-09	-1.46358522524e-10
4.31343851202e-09	-9.35695201876e-11
4.3146787024e-09	-1.51597675385e-11
4.31591889278e-09	7.97513027839e-11
4.31715908316e-09	1.78601800016e-10
4.31839927354e-09	2.68146477245e-10
4.31963946392e-09	3.36530414646e-10
4.3208796543e-09	3.75329795022e-10
4.32211984468e-09	3.80194181693e-10
4.32336003506e-09	3.50801443449e-10
4.32460022544e-09	2.90247909041e-10
4.32584041582e-09	2.03846536873e-10
4.3270806062e-09	9.86516354717e-11
4.32832079658e-09	-1.72646098806e-11
4.32956098696e-09	-1.34535715901e-10
4.33080117734e-09	-2.42719400134e-10
4.33204136772e-09	-3.30860477904e-10
4.3332815581e-09	-3.88751114633e-10
4.33452174848e-09	-4.0921124822e-10
4.33576193886e-09	-3.8970957017e-10
4.33700212923e-09	-3.33698513266e-10
4.33824231961e-09	-2.4991755887e-10
4.33948250999e-09	-1.506463565e-10
4.34072270037e-09	-4.91079676923e-11
4.34196289075e-09	4.32221099189e-11
4.34320308113e-09	1.17951398648e-10
4.34444327151e-09	1.70461478266e-10
4.34568346189e-09	1.99076435892e-10
4.34692365227e-09	2.0429026526e-10
4.34816384265e-09	1.87976065269e-10
4.34940403303e-09	1.53108151157e-10
4.35064422341e-09	1.04150736646e-10
4.35188441379e-09	4.69906717704e-11
4.35312460417e-09	-1.09029642953e-11
4.35436479455e-09	-6.13525341642e-11
4.35560498493e-09	-9.63284590982e-11
4.35684517531e-09	-1.0922131255e-10
4.35808536569e-09	-9.6191193899e-11
4.35932555606e-09	-5.70499376906e-11
4.36056574644e-09	3.73583238997e-12
4.36180593682e-09	7.75266448261e-11
4.3630461272e-09	1.52494059047e-10
4.36428631758e-09	2.16016399213e-10
4.36552650796e-09	2.57237342538e-10
4.36676669834e-09	2.68932709435e-10
4.36800688872e-09	2.48551706994e-10
4.3692470791e-09	1.97432611926e-10
4.37048726948e-09	1.20103607615e-10
4.37172745986e-09	2.31389820499e-11
4.37296765024e-09	-8.51066786489e-11
4.37420784062e-09	-1.94565474843e-10
4.375448031e-09	-2.93938678952e-10
4.37668822138e-09	-3.71431996271e-10
4.37792841176e-09	-4.1663766881e-10
4.37916860214e-09	-4.2201409034e-10
4.38040879252e-09	-3.8462730223e-10
4.38164898289e-09	-3.06985326048e-10
4.38288917327e-09	-1.9714865851e-10
4.38412936365e-09	-6.80764819516e-11
4.38536955403e-09	6.43977510206e-11
4.38660974441e-09	1.83952797439e-10
4.38784993479e-09	2.77006778626e-10
4.38909012517e-09	3.34843985872e-10
4.39033031555e-09	3.54638429734e-10
4.39157050593e-09	3.3883884587e-10
4.39281069631e-09	2.93183977096e-10
4.39405088669e-09	2.25042484647e-10
4.39529107707e-09	1.41977402057e-10
4.39653126745e-09	5.18863146892e-11
4.39777145783e-09	-3.67029948101e-11
4.39901164821e-09	-1.14387395389e-10
4.40025183859e-09	-1.71422709361e-10
4.40149202897e-09	-1.99632310682e-10
4.40273221935e-09	-1.94199920034e-10
4.40397240973e-09	-1.5560673583e-10
4.4052126001e-09	-8.9930986269e-11
4.40645279048e-09	-8.1206473837e-12
4.40769298086e-09	7.59617577173e-11
4.40893317124e-09	1.48165549274e-10
4.41017336162e-09	1.96153371324e-10
4.411413552e-09	2.115407155e-10
4.41265374238e-09	1.90746446416e-10
4.41389393276e-09	1.35552860603e-10
4.41513412314e-09	5.25372974292e-11
4.41637431352e-09	-4.80180201157e-11
4.4176145039e-09	-1.53518753265e-10
4.41885469428e-09	-2.50937021162e-10
4.42009488466e-09	-3.27893046048e-10
4.42133507504e-09	-3.74021286165e-10
4.42257526542e-09	-3.81675663297e-10
4.4238154558e-09	-3.47019246671e-10
4.42505564618e-09	-2.71032113419e-10
4.42629583656e-09	-1.60040689035e-10
4.42753602693e-09	-2.58403905912e-11
4.42877621731e-09	1.15918302734e-10
4.43001640769e-09	2.4778701313e-10
4.43125659807e-09	3.53485962723e-10
4.43249678845e-09	4.20452228589e-10
4.43373697883e-09	4.41630343406e-10
4.43497716921e-09	4.16495338218e-10
4.43621735959e-09	3.50582701758e-10
4.43745754997e-09	2.54527593446e-10
4.43869774035e-09	1.41760103656e-10
4.43993793073e-09	2.61405393859e-11
4.44117812111e-09	-8.02240981979e-11
4.44241831149e-09	-1.68301539372e-10
4.44365850187e-09	-2.31987609678e-10
4.44489869225e-09	-2.67639077567e-10
4.44613888263e-09	-2.73165129405e-10
4.44737907301e-09	-2.48396803126e-10
4.44861926339e-09	-1.95939264813e-10
4.44985945376e-09	-1.22236359923e-10
4.45109964414e-09	-3.79149073249e-11
4.45233983452e-09	4.37114129614e-11
4.4535800249e-09	1.08916396735e-10
4.45482021528e-09	1.46837222936e-10
4.45606040566e-09	1.51541612592e-10
4.45730059604e-09	1.23070026392e-10
4.45854078642e-09	6.69747868276e-11
4.4597809768e-09	-7.34934942764e-12
4.46102116718e-09	-8.82474024411e-11
4.46226135756e-09	-1.63797836406e-10
4.46350154794e-09	-2.22891358148e-10
4.46474173832e-09	-2.5651175628e-10
4.4659819287e-09	-2.58539245568e-10
4.46722211908e-09	-2.2640973818e-10
4.46846230946e-09	-1.6175452644e-10
4.46970249984e-09	-7.02067154412e-11
4.47094269022e-09	3.87992069029e-11
4.47218288059e-09	1.53227541766e-10
4.47342307097e-09	2.59635396516e-10
4.47466326135e-09	3.44884371062e-10
4.47590345173e-09	3.97956417819e-10
4.47714364211e-09	4.11487732777e-10
4.47838383249e-09	3.83332199316e-10
4.47962402287e-09	3.16890041985e-10
4.48086421325e-09	2.20858512034e-10
4.48210440363e-09	1.07528923265e-10
4.48334459401e-09	-9.41775216839e-12
4.48458478439e-09	-1.17138132527e-10
4.48582497477e-09	-2.05610098392e-10
4.48706516515e-09	-2.68290833993e-10
4.48830535553e-09	-3.02463498691e-10
4.48954554591e-09	-3.08540443195e-10
4.49078573629e-09	-2.89372831253e-10
4.49202592667e-09	-2.49421233667e-10
4.49326611705e-09	-1.93905086432e-10
4.49450630743e-09	-1.28679775169e-10
4.4957464978e-09	-5.99601687745e-11
4.49698668818e-09	5.2844941964e-12
4.49822687856e-09	5.96669103015e-11
4.49946706894e-09	9.62136759153e-11
4.50070725932e-09	1.09931196091e-10
4.5019474497e-09	9.9706617962e-11
4.50318764008e-09	6.90024010153e-11
4.50442783046e-09	2.55969308249e-11
4.50566802084e-09	-2.0604861567e-11
4.50690821122e-09	-5.99096119935e-11
4.5081484016e-09	-8.49329495622e-11
4.50938859198e-09	-9.14862560708e-11
4.51062878236e-09	-7.81621919965e-11
4.51186897274e-09	-4.58639931589e-11
4.51310916312e-09	2.96571231115e-12
4.5143493535e-09	6.40876310354e-11
4.51558954388e-09	1.31453098406e-10
4.51682973426e-09	1.97242888689e-10
4.51806992463e-09	2.5255611491e-10
4.51931011501e-09	2.88927604064e-10
4.52055030539e-09	2.99628127864e-10
4.52179049577e-09	2.81225265297e-10
4.52303068615e-09	2.34040620217e-10
4.52427087653e-09	1.62247756896e-10
4.52551106691e-09	7.31839380763e-11
4.52675125729e-09	-2.38803005148e-11
4.52799144767e-09	-1.18925078119e-10
4.52923163805e-09	-2.02792560522e-10
4.53047182843e-09	-2.68126160163e-10
4.53171201881e-09	-3.10309777873e-10
4.53295220919e-09	-3.27620042206e-10
4.53419239957e-09	-3.2091151958e-10
4.53543258995e-09	-2.93066432233e-10
4.53667278033e-09	-2.48006670756e-10
4.53791297071e-09	-1.90280513568e-10
4.53915316109e-09	-1.24500271204e-10
4.54039335146e-09	-5.54639424666e-11
4.54163354184e-09	1.18585063644e-11
4.54287373222e-09	7.24185850176e-11
4.5441139226e-09	1.21256879537e-10
4.54535411298e-09	1.54346160852e-10
4.54659430336e-09	1.6909186551e-10
4.54783449374e-09	1.65321201173e-10
4.54907468412e-09	1.45544090668e-10
4.5503148745e-09	1.14892415026e-10
4.55155506488e-09	8.03562702489e-11
4.55279525526e-09	4.91541529701e-11
4.55403544564e-09	2.73496919556e-11
4.55527563602e-09	1.83356593797e-11
4.5565158264e-09	2.27160287108e-11
4.55775601678e-09	3.87114576506e-11
4.55899620716e-09	6.31843466437e-11
4.56023639754e-09	9.24776227818e-11
4.56147658792e-09	1.22389265389e-10
4.56271677829e-09	1.48125164912e-10
4.56395696867e-09	1.63983826518e-10
4.56519715905e-09	1.64233668332e-10
4.56643734943e-09	1.44416312242e-10
4.56767753981e-09	1.02970715288e-10
4.56891773019e-09	4.22318638393e-11
4.57015792057e-09	-3.19798180992e-11
4.57139811095e-09	-1.11452347351e-10
4.57263830133e-09	-1.87536805529e-10
4.57387849171e-09	-2.52416393343e-10
4.57511868209e-09	-3.00046626434e-10
4.57635887247e-09	-3.26420612762e-10
4.57759906285e-09	-3.29430316359e-10
4.57883925323e-09	-3.08998104881e-10
4.58007944361e-09	-2.66806993166e-10
4.58131963399e-09	-2.06408001802e-10
4.58255982437e-09	-1.32764937932e-10
4.58380001475e-09	-5.1832767245e-11
4.58504020513e-09	2.99612556987e-11
4.5862803955e-09	1.06457440086e-10
4.58752058588e-09	1.72001357601e-10
4.58876077626e-09	2.2202449601e-10
4.59000096664e-09	2.53137621975e-10
4.59124115702e-09	2.63568861181e-10
4.5924813474e-09	2.53456172716e-10
4.59372153778e-09	2.25016824618e-10
4.59496172816e-09	1.82718645769e-10
4.59620191854e-09	1.32623967364e-10
4.59744210892e-09	8.17670167685e-11
4.5986822993e-09	3.68317980282e-11
4.59992248968e-09	3.17635934916e-12
4.60116268006e-09	-1.60588278786e-11
4.60240287044e-09	-2.04278607918e-11
4.60364306082e-09	-1.19498941992e-11
4.6048832512e-09	5.12083648055e-12
4.60612344158e-09	2.53277589873e-11
4.60736363196e-09	4.27307217388e-11
4.60860382233e-09	5.19252280062e-11
4.60984401271e-09	4.87054181708e-11
4.61108420309e-09	3.04612342295e-11
4.61232439347e-09	-3.29488454749e-12
4.61356458385e-09	-5.08674283251e-11
4.61480477423e-09	-1.07946165895e-10
4.61604496461e-09	-1.67966376918e-10
4.61728515499e-09	-2.22877341582e-10
4.61852534537e-09	-2.64614968826e-10
4.61976553575e-09	-2.8689400855e-10
4.62100572613e-09	-2.86265400273e-10
4.62224591651e-09	-2.62598082168e-10
4.62348610689e-09	-2.18228143889e-10
4.62472629727e-09	-1.57058921424e-10
4.62596648765e-09	-8.37691860323e-11
4.62720667803e-09	-3.5528407473e-12
4.62844686841e-09	7.76694750182e-11
4.62968705879e-09	1.53516477308e-10
4.63092724916e-09	2.17554474435e-10
4.63216743954e-09	2.64500754632e-10
4.63340762992e-09	2.91023899424e-10
4.6346478203e-09	2.9617638897e-10
4.63588801068e-09	2.81262346746e-10
4.63712820106e-09	2.4909713181e-10
4.63836839144e-09	2.03636538187e-10
4.63960858182e-09	1.49373971525e-10
4.6408487722e-09	9.13428499505e-11
4.64208896258e-09	3.47267874179e-11
4.64332915296e-09	-1.55632104426e-11
4.64456934334e-09	-5.53553695937e-11
4.64580953372e-09	-8.20101556109e-11
4.6470497241e-09	-9.46319897444e-11
4.64828991448e-09	-9.44749070642e-11
